date,data
2000-01-01,NA
2000-01-02,0.00596528591727957
2000-01-03,0.00592877677710104
2000-01-04,0.00587119021698718
2000-01-05,0.00581313471567528
2000-01-06,0.00576675933052055
2000-01-07,0.00573501773390745
2000-01-08,0.00571429762922742
2000-01-09,0.00569644407085865
2000-01-10,0.00567361291564842
2000-01-11,0.00564291756358481
2000-01-12,0.00560629163993062
2000-01-13,0.00556716570630043
2000-01-14,0.00552825502882078
2000-01-15,0.00549078061987172
2000-01-16,0.00545524636824502
2000-01-17,0.00542157505358351
2000-01-18,0.00538938552357836
2000-01-19,0.00535908548325572
2000-01-20,0.0053298983902117
2000-01-21,0.00530117139376209
2000-01-22,0.00527280122070365
2000-01-23,0.00524464931280788
2000-01-24,0.00521698212211433
2000-01-25,0.00518951092753511
2000-01-26,0.00516220203723162
2000-01-27,0.00513536799988581
2000-01-28,0.00510868712634283
2000-01-29,0.00508168858464882
2000-01-30,0.00505454523477027
2000-01-31,0.00502764362514328
2000-02-01,0.00500108281447185
2000-02-02,0.00497476609359545
2000-02-03,0.00494850067636402
2000-02-04,0.00492198164277755
2000-02-05,0.0048953860097839
2000-02-06,0.00486901395627369
2000-02-07,0.00484339200790924
2000-02-08,0.00481847582356383
2000-02-09,0.004794137702057
2000-02-10,0.00477026781537473
2000-02-11,0.00474665462476109
2000-02-12,0.00472357881938516
2000-02-13,0.00470130858563315
2000-02-14,0.0046796419995731
2000-02-15,0.00465835809235858
2000-02-16,0.00463737316826788
2000-02-17,0.00461660983251807
2000-02-18,0.00459580349493396
2000-02-19,0.00457496485399839
2000-02-20,0.00455431020722112
2000-02-21,0.00453385924232467
2000-02-22,0.00451355063033013
2000-02-23,0.00449342777563766
2000-02-24,0.00447348914522089
2000-02-25,0.00445367745000485
2000-02-26,0.00443375624240951
2000-02-27,0.00441355647238769
2000-02-28,0.00439314369139881
2000-02-29,0.00437259707707407
2000-03-01,0.00435204951239205
2000-03-02,0.00433137958076322
2000-03-03,0.00431085412471145
2000-03-04,0.00429045602932794
2000-03-05,0.0042697578366562
2000-03-06,0.00424884396643114
2000-03-07,0.00422959096711857
2000-03-08,0.00421096413376886
2000-03-09,0.00419217437891931
2000-03-10,0.00417339396224346
2000-03-11,0.00415435295106833
2000-03-12,0.00413534911877588
2000-03-13,0.00411620853513373
2000-03-14,0.0040969887368306
2000-03-15,0.00407769037842745
2000-03-16,0.00405819017746458
2000-03-17,0.00403850198396401
2000-03-18,0.00401854190862475
2000-03-19,0.00399827797961124
2000-03-20,0.00397780565728981
2000-03-21,0.00395701608967845
2000-03-22,0.0039360108879686
2000-03-23,0.00391503231338277
2000-03-24,0.00389422238817949
2000-03-25,0.00387399781014203
2000-03-26,0.00385435307813308
2000-03-27,0.00383489006310543
2000-03-28,0.00381628249088298
2000-03-29,0.00379867955811086
2000-03-30,0.00378090973504546
2000-03-31,0.00376803034760462
2000-04-01,0.00377507805904302
2000-04-02,0.0038051358545598
2000-04-03,0.00383932645455187
2000-04-04,0.0038635878535641
2000-04-05,0.00388880779432216
2000-04-06,0.00392678463381702
2000-04-07,0.00396666550255939
2000-04-08,0.00399828818612834
2000-04-09,0.00402406041544227
2000-04-10,0.0040369450694278
2000-04-11,0.00402864659789273
2000-04-12,0.00400323515001311
2000-04-13,0.0039693633395364
2000-04-14,0.00393492458460087
2000-04-15,0.00390642890950822
2000-04-16,0.00388915207541496
2000-04-17,0.00388627273335203
2000-04-18,0.00390230874812991
2000-04-19,0.00395607789927575
2000-04-20,0.00406658274335488
2000-04-21,0.00421751430179886
2000-04-22,0.00439817514982644
2000-04-23,0.00465517097585883
2000-04-24,0.00504679360799509
2000-04-25,0.0056542602073171
2000-04-26,0.00666048447395281
2000-04-27,0.00831907327841159
2000-04-28,0.0107221327052835
2000-04-29,0.0137945746540344
2000-04-30,0.0175244371293002
2000-05-01,0.0215324293470279
2000-05-02,0.0254230073016271
2000-05-03,0.0299976838684384
2000-05-04,0.0350032606385814
2000-05-05,0.0388021329332959
2000-05-06,0.0416450666138038
2000-05-07,0.043739128464999
2000-05-08,0.0452739059901915
2000-05-09,0.0466735249066254
2000-05-10,0.0480430652979922
2000-05-11,0.0495435619734437
2000-05-12,0.0517445369440907
2000-05-13,0.0556750015465381
2000-05-14,0.0602648883496349
2000-05-15,0.0642449296230515
2000-05-16,0.0681796258408149
2000-05-17,0.0726479635165215
2000-05-18,0.0768056683778312
2000-05-19,0.0803196660078342
2000-05-20,0.0836241047159389
2000-05-21,0.0872590838956894
2000-05-22,0.0913113435852585
2000-05-23,0.0950783839666898
2000-05-24,0.098037895599277
2000-05-25,0.100505296781166
2000-05-26,0.102571634185048
2000-05-27,0.103566813965076
2000-05-28,0.103209201050977
2000-05-29,0.102337827399375
2000-05-30,0.101849703008822
2000-05-31,0.102018004728071
2000-06-01,0.102517491088814
2000-06-02,0.1030867917411
2000-06-03,0.1037876027123
2000-06-04,0.105062200665154
2000-06-05,0.107674542713827
2000-06-06,0.111724835985748
2000-06-07,0.115854826675181
2000-06-08,0.119621456113843
2000-06-09,0.122896478051171
2000-06-10,0.124982887773907
2000-06-11,0.125344307309551
2000-06-12,0.124673685225382
2000-06-13,0.123344348648848
2000-06-14,0.121135547443081
2000-06-15,0.118216393148266
2000-06-16,0.115404186164488
2000-06-17,0.112726025616543
2000-06-18,0.109708385660282
2000-06-19,0.106503523561653
2000-06-20,0.102907467978107
2000-06-21,0.0989583988836802
2000-06-22,0.0952733799481217
2000-06-23,0.092373686460094
2000-06-24,0.0905944608615527
2000-06-25,0.0890438950459357
2000-06-26,0.0876458694206191
2000-06-27,0.086022764015992
2000-06-28,0.0838342022037201
2000-06-29,0.0818451446404604
2000-06-30,0.0805274360465786
2000-07-01,0.0795158478881075
2000-07-02,0.0783401162127006
2000-07-03,0.0765011476279649
2000-07-04,0.0749120582432113
2000-07-05,0.0744791809733739
2000-07-06,0.0742915393396102
2000-07-07,0.0744484877071839
2000-07-08,0.0750215922274935
2000-07-09,0.0758713861733
2000-07-10,0.0764113584326143
2000-07-11,0.076933948647878
2000-07-12,0.0770338666380246
2000-07-13,0.0766290703170394
2000-07-14,0.0761119003748066
2000-07-15,0.0755964280685304
2000-07-16,0.0750718503677826
2000-07-17,0.0746991479740218
2000-07-18,0.0745205332345241
2000-07-19,0.0742050736214591
2000-07-20,0.0736449624211492
2000-07-21,0.0732838375217231
2000-07-22,0.0734478187526526
2000-07-23,0.0732104680798209
2000-07-24,0.0725684350556777
2000-07-25,0.0715329374225828
2000-07-26,0.0704809255986691
2000-07-27,0.069724015184098
2000-07-28,0.069270965639596
2000-07-29,0.068994852462142
2000-07-30,0.0690740176144631
2000-07-31,0.0696862398634612
2000-08-01,0.0695921610604596
2000-08-02,0.0689513254587072
2000-08-03,0.0684778158860924
2000-08-04,0.0682327464508669
2000-08-05,0.06772108579797
2000-08-06,0.0673343997007185
2000-08-07,0.0676083268783838
2000-08-08,0.0675266728087524
2000-08-09,0.066899787094524
2000-08-10,0.0660590567230395
2000-08-11,0.0651189676480539
2000-08-12,0.0642238225237637
2000-08-13,0.0635432463323586
2000-08-14,0.0630378933775817
2000-08-15,0.0625980287136929
2000-08-16,0.0626751345131761
2000-08-17,0.0634333978256012
2000-08-18,0.0645209531795377
2000-08-19,0.0656908121793427
2000-08-20,0.0664537841819068
2000-08-21,0.0668198721590741
2000-08-22,0.0671897265381902
2000-08-23,0.0675917173377851
2000-08-24,0.0675203062737298
2000-08-25,0.0669291277466186
2000-08-26,0.0659842970352706
2000-08-27,0.0649186823173748
2000-08-28,0.0641156961306227
2000-08-29,0.0634090425722967
2000-08-30,0.0626378426662006
2000-08-31,0.0618929093566392
2000-09-01,0.0615972442977514
2000-09-02,0.0618357931433447
2000-09-03,0.062070552882851
2000-09-04,0.0618737035358695
2000-09-05,0.0615485997775821
2000-09-06,0.0611785276557938
2000-09-07,0.0607100020670834
2000-09-08,0.0600248584299381
2000-09-09,0.0591945330758052
2000-09-10,0.058445396361568
2000-09-11,0.0579065677417734
2000-09-12,0.0576707092589836
2000-09-13,0.0575741121660698
2000-09-14,0.0574727528061783
2000-09-15,0.0574581290789184
2000-09-16,0.0576908679730846
2000-09-17,0.0580010516855525
2000-09-18,0.0580173779863169
2000-09-19,0.057794060597718
2000-09-20,0.057372894397697
2000-09-21,0.0567802618279633
2000-09-22,0.0560988607292389
2000-09-23,0.0555724461780103
2000-09-24,0.0552742002336638
2000-09-25,0.0549553575737362
2000-09-26,0.0546597071643137
2000-09-27,0.0543684343541932
2000-09-28,0.0539117521870288
2000-09-29,0.0533299977167254
2000-09-30,0.0526713765493128
2000-10-01,0.0519660173871408
2000-10-02,0.0512205381734255
2000-10-03,0.0503868850760109
2000-10-04,0.0493725494944816
2000-10-05,0.0481456360927812
2000-10-06,0.0467215006973601
2000-10-07,0.0451325275682969
2000-10-08,0.0434497148746568
2000-10-09,0.0417708758817554
2000-10-10,0.0401648386802952
2000-10-11,0.0386413425614383
2000-10-12,0.0371816346527715
2000-10-13,0.0357758243614977
2000-10-14,0.0344208545550834
2000-10-15,0.03310650374569
2000-10-16,0.0318299279007057
2000-10-17,0.0305781980102847
2000-10-18,0.0293432994564728
2000-10-19,0.0281323695882961
2000-10-20,0.0269586883485205
2000-10-21,0.025827669795682
2000-10-22,0.0247355635284846
2000-10-23,0.0236735396412913
2000-10-24,0.0226387808891578
2000-10-25,0.0216365242143758
2000-10-26,0.0206773590852235
2000-10-27,0.0197722507880799
2000-10-28,0.0189289025193933
2000-10-29,0.0181489729091894
2000-10-30,0.017425328777742
2000-10-31,0.0167491670858194
2000-11-01,0.0161169908776932
2000-11-02,0.0155289251666644
2000-11-03,0.0149844649018115
2000-11-04,0.0144811891446267
2000-11-05,0.0140165712333687
2000-11-06,0.0135887907596007
2000-11-07,0.0131946495850293
2000-11-08,0.0128294782802691
2000-11-09,0.0124893147580033
2000-11-10,0.0121778804628563
2000-11-11,0.0119008883891058
2000-11-12,0.0116414323665419
2000-11-13,0.0113870202617522
2000-11-14,0.0111431098244026
2000-11-15,0.0109135227238529
2000-11-16,0.0106891369722522
2000-11-17,0.0104657155713804
2000-11-18,0.0102440623806104
2000-11-19,0.010025420686376
2000-11-20,0.00981079359434048
2000-11-21,0.00960186388424751
2000-11-22,0.0094006351005841
2000-11-23,0.00920864735942806
2000-11-24,0.00902713380838854
2000-11-25,0.00885656384084247
2000-11-26,0.00869701527463347
2000-11-27,0.00854833336062125
2000-11-28,0.00840972197316701
2000-11-29,0.00828019751738495
2000-11-30,0.00815898671017874
2000-12-01,0.00804537583727492
2000-12-02,0.00793868286866311
2000-12-03,0.0078381025379703
2000-12-04,0.00774271587899746
2000-12-05,0.00765179686531827
2000-12-06,0.00756457429438025
2000-12-07,0.00748052704139526
2000-12-08,0.00739924525599152
2000-12-09,0.00732064596432026
2000-12-10,0.00724480788677677
2000-12-11,0.00717188876115082
2000-12-12,0.00710180075748214
2000-12-13,0.00703855646635538
2000-12-14,0.0069823101537188
2000-12-15,0.00692744342271358
2000-12-16,0.00687161095164889
2000-12-17,0.00681531911875024
2000-12-18,0.00675945196553044
2000-12-19,0.00670450234741063
2000-12-20,0.00665370905283932
2000-12-21,0.00660657100317097
2000-12-22,0.00655963076862196
2000-12-23,0.0065117970634619
2000-12-24,0.00646331113502933
2000-12-25,0.00641509366362567
2000-12-26,0.00636764604645135
2000-12-27,0.00632099669057813
2000-12-28,0.00627508931616763
2000-12-29,0.00622972097728725
2000-12-30,0.00618491488169813
2000-12-31,0.00614094957215003
2001-01-01,0.00609779581420838
2001-01-02,0.00605536294605814
2001-01-03,0.00601372280540046
2001-01-04,0.00597275563933999
2001-01-05,0.00593235557331799
2001-01-06,0.00589256515064208
2001-01-07,0.00585332372233628
2001-01-08,0.00581452304223922
2001-01-09,0.00577632755831275
2001-01-10,0.00573891316381094
2001-01-11,0.00570225240150066
2001-01-12,0.00566628666556067
2001-01-13,0.00563086227208677
2001-01-14,0.00559590300622789
2001-01-15,0.00556132202737955
2001-01-16,0.00552706906354979
2001-01-17,0.00549316054869761
2001-01-18,0.0054596684970771
2001-01-19,0.0054266582181569
2001-01-20,0.00539421699039003
2001-01-21,0.00536227963708615
2001-01-22,0.0053310904749732
2001-01-23,0.00530084844673249
2001-01-24,0.00527154423415799
2001-01-25,0.00524308239387012
2001-01-26,0.00521523095369898
2001-01-27,0.00518823815845039
2001-01-28,0.00516216296222993
2001-01-29,0.00513671485084542
2001-01-30,0.00511139972447173
2001-01-31,0.00508614916615964
2001-02-01,0.00506094264429079
2001-02-02,0.00503568082503943
2001-02-03,0.00501036848085383
2001-02-04,0.00498504787741536
2001-02-05,0.00495971620101178
2001-02-06,0.00493421883711904
2001-02-07,0.00490882449564395
2001-02-08,0.00488375185591039
2001-02-09,0.00485888091467501
2001-02-10,0.00483411725532079
2001-02-11,0.00480946933463519
2001-02-12,0.00478472548415371
2001-02-13,0.00476006119872725
2001-02-14,0.00473582514695402
2001-02-15,0.0047119422266989
2001-02-16,0.00468826751454566
2001-02-17,0.00466512640793345
2001-02-18,0.00464436272915497
2001-02-19,0.00462494168291137
2001-02-20,0.00460565144630068
2001-02-21,0.00458667486063215
2001-02-22,0.00456769866835121
2001-02-23,0.00454824768229077
2001-02-24,0.00452883920610892
2001-02-25,0.00450970369454513
2001-02-26,0.00449051065247429
2001-02-27,0.00447129977205467
2001-02-28,0.00445192185662767
2001-03-01,0.00443206541541298
2001-03-02,0.00441161066359342
2001-03-03,0.00439094358113935
2001-03-04,0.00437240110604982
2001-03-05,0.00436110912342257
2001-03-06,0.00435595564939159
2001-03-07,0.00434722793954616
2001-03-08,0.00432881539443617
2001-03-09,0.00430307649989463
2001-03-10,0.00427570579101813
2001-03-11,0.0042491833019322
2001-03-12,0.00422356818089255
2001-03-13,0.00419894195696031
2001-03-14,0.00417552626709477
2001-03-15,0.00415308258125574
2001-03-16,0.00413136347506251
2001-03-17,0.00411047656581671
2001-03-18,0.00409046667762698
2001-03-19,0.00407132358325504
2001-03-20,0.0040528347251603
2001-03-21,0.00403432185509213
2001-03-22,0.00401561282077894
2001-03-23,0.00399647534993911
2001-03-24,0.00397676592629983
2001-03-25,0.00395663280767075
2001-03-26,0.00393634595876424
2001-03-27,0.0039167679639825
2001-03-28,0.00389791257432921
2001-03-29,0.0038789453159212
2001-03-30,0.00385985131179379
2001-03-31,0.00384106521425198
2001-04-01,0.00382241478051243
2001-04-02,0.00380432264135387
2001-04-03,0.00378592171294107
2001-04-04,0.00376807455550609
2001-04-05,0.00375164810947602
2001-04-06,0.00373686914728309
2001-04-07,0.0037250767457117
2001-04-08,0.00372519193825673
2001-04-09,0.00375692461149446
2001-04-10,0.00381948332516601
2001-04-11,0.00388812877976581
2001-04-12,0.00394522928732347
2001-04-13,0.00398177182622479
2001-04-14,0.00400313219756961
2001-04-15,0.00402881484917511
2001-04-16,0.00406545906222283
2001-04-17,0.00411286115436051
2001-04-18,0.00417414430184533
2001-04-19,0.0042563872271988
2001-04-20,0.00437581655735309
2001-04-21,0.0045492695651615
2001-04-22,0.00477080434351026
2001-04-23,0.00501121845647188
2001-04-24,0.00523106533193276
2001-04-25,0.00540847652370472
2001-04-26,0.00556120152607412
2001-04-27,0.00574660491924468
2001-04-28,0.00605895514227739
2001-04-29,0.00668186410756002
2001-04-30,0.007659149450702
2001-05-01,0.00878893189061322
2001-05-02,0.0100222593380138
2001-05-03,0.0114184175603942
2001-05-04,0.0130267577013629
2001-05-05,0.0146914132991237
2001-05-06,0.0165570088641303
2001-05-07,0.0188713426511653
2001-05-08,0.0217261919146169
2001-05-09,0.0249364921166586
2001-05-10,0.0284671326314544
2001-05-11,0.032414068518265
2001-05-12,0.0367091716307039
2001-05-13,0.0413439400271806
2001-05-14,0.0460602257234687
2001-05-15,0.0506288667934653
2001-05-16,0.0550609993671168
2001-05-17,0.0594446408160135
2001-05-18,0.0642779030920241
2001-05-19,0.0699164998089494
2001-05-20,0.0763583176976401
2001-05-21,0.0830897596454947
2001-05-22,0.0898256118808629
2001-05-23,0.0965809983211387
2001-05-24,0.102995866947352
2001-05-25,0.108731538929657
2001-05-26,0.113439052705551
2001-05-27,0.117768189988202
2001-05-28,0.121822450491483
2001-05-29,0.126047310831979
2001-05-30,0.13092698109979
2001-05-31,0.135336437650791
2001-06-01,0.138241786188182
2001-06-02,0.13909656761077
2001-06-03,0.137688679301468
2001-06-04,0.135288215776611
2001-06-05,0.133468687581442
2001-06-06,0.132612732769684
2001-06-07,0.132013936138073
2001-06-08,0.131320562021864
2001-06-09,0.129705547809723
2001-06-10,0.127040589741442
2001-06-11,0.124553797541103
2001-06-12,0.122636339012941
2001-06-13,0.12041430306863
2001-06-14,0.117406979309042
2001-06-15,0.114000997699356
2001-06-16,0.11107068909882
2001-06-17,0.108663468447275
2001-06-18,0.106303718182459
2001-06-19,0.10362893246107
2001-06-20,0.101023377964575
2001-06-21,0.0987644187791236
2001-06-22,0.0966852750691976
2001-06-23,0.0946392334530803
2001-06-24,0.0925700501918171
2001-06-25,0.0902679716878005
2001-06-26,0.0879193115930645
2001-06-27,0.0857992194751957
2001-06-28,0.0838830419971215
2001-06-29,0.0819515936459514
2001-06-30,0.079864467766725
2001-07-01,0.0777358484494054
2001-07-02,0.0756699971612933
2001-07-03,0.0738803508841908
2001-07-04,0.0724058517879113
2001-07-05,0.0709521497373715
2001-07-06,0.0695548959128438
2001-07-07,0.0683479912114613
2001-07-08,0.0671999124904963
2001-07-09,0.0661435730646295
2001-07-10,0.0652472827288267
2001-07-11,0.0645012209223581
2001-07-12,0.0639221077989681
2001-07-13,0.0633332269407005
2001-07-14,0.0625388448954539
2001-07-15,0.061560107377859
2001-07-16,0.0605145649211128
2001-07-17,0.059450067312827
2001-07-18,0.058503551208668
2001-07-19,0.0580603212697476
2001-07-20,0.0583152911308737
2001-07-21,0.0583501212571685
2001-07-22,0.0583482261261368
2001-07-23,0.0584722717276754
2001-07-24,0.0586288225823676
2001-07-25,0.0587060838217551
2001-07-26,0.0588832213838813
2001-07-27,0.0595271286640844
2001-07-28,0.0606146286912954
2001-07-29,0.0616212778369185
2001-07-30,0.0620741993563965
2001-07-31,0.0619414739311974
2001-08-01,0.0615858175786526
2001-08-02,0.0613328071712193
2001-08-03,0.0610448789297789
2001-08-04,0.0608986335412179
2001-08-05,0.0615020668071676
2001-08-06,0.0621487549042459
2001-08-07,0.0623267246802746
2001-08-08,0.0620204938584908
2001-08-09,0.0615077611044807
2001-08-10,0.0609070516262322
2001-08-11,0.060429948637384
2001-08-12,0.06019167329165
2001-08-13,0.0602862791281197
2001-08-14,0.0606057905278261
2001-08-15,0.0609323250676621
2001-08-16,0.0612249662728656
2001-08-17,0.0612326219321968
2001-08-18,0.0609289579146505
2001-08-19,0.0608399344483695
2001-08-20,0.0609984485204653
2001-08-21,0.0612730480908313
2001-08-22,0.0614294432409715
2001-08-23,0.0613978047200827
2001-08-24,0.0610846738200184
2001-08-25,0.0605241083084096
2001-08-26,0.0597325843751815
2001-08-27,0.0587353801844371
2001-08-28,0.0577100412827073
2001-08-29,0.0568132531493136
2001-08-30,0.05608064254206
2001-08-31,0.0552553079041305
2001-09-01,0.0542091578927593
2001-09-02,0.0531087065936234
2001-09-03,0.0520418327946942
2001-09-04,0.0514735991509601
2001-09-05,0.0511509718466058
2001-09-06,0.0508266859830313
2001-09-07,0.0505525478578245
2001-09-08,0.0503427128245471
2001-09-09,0.0501897596730727
2001-09-10,0.0501754785135062
2001-09-11,0.0500817700965837
2001-09-12,0.0498532433201244
2001-09-13,0.0495202261980173
2001-09-14,0.0490473447843375
2001-09-15,0.048395379400103
2001-09-16,0.0475650996698163
2001-09-17,0.0465802459981785
2001-09-18,0.0455191419352747
2001-09-19,0.0444465254106425
2001-09-20,0.0433873060808747
2001-09-21,0.0423187466692112
2001-09-22,0.0412303280330733
2001-09-23,0.0401531112460292
2001-09-24,0.0391212680935928
2001-09-25,0.038166698829531
2001-09-26,0.0372936025567038
2001-09-27,0.0364726552312432
2001-09-28,0.0356660546344231
2001-09-29,0.0348919018239207
2001-09-30,0.0342623444706623
2001-10-01,0.033833710603915
2001-10-02,0.0335801743763867
2001-10-03,0.0334798548846244
2001-10-04,0.0334650233758995
2001-10-05,0.0333553496613312
2001-10-06,0.0330674892353145
2001-10-07,0.0326209683621532
2001-10-08,0.0320481114703284
2001-10-09,0.0313573853727132
2001-10-10,0.0305516192658507
2001-10-11,0.0296414197839993
2001-10-12,0.0286653157745118
2001-10-13,0.0276994193917555
2001-10-14,0.0267881364230769
2001-10-15,0.0259170032037348
2001-10-16,0.0250786251046644
2001-10-17,0.0242767131638831
2001-10-18,0.0235118919402659
2001-10-19,0.0227869213239112
2001-10-20,0.0220972330941863
2001-10-21,0.0214304902581342
2001-10-22,0.0207812003180258
2001-10-23,0.0201535577830991
2001-10-24,0.0195534398139439
2001-10-25,0.0189815629648939
2001-10-26,0.0184327997523037
2001-10-27,0.017898092337908
2001-10-28,0.0173669384489278
2001-10-29,0.0168332781540007
2001-10-30,0.0162975497985067
2001-10-31,0.0157639050542265
2001-11-01,0.0152376473756842
2001-11-02,0.0147229491263136
2001-11-03,0.0142224042324026
2001-11-04,0.0137367392254304
2001-11-05,0.0132666608514731
2001-11-06,0.0128136869595564
2001-11-07,0.0123791577819182
2001-11-08,0.0119639629296044
2001-11-09,0.0115698182562573
2001-11-10,0.0111991439726988
2001-11-11,0.0108541628302551
2001-11-12,0.0105361135782289
2001-11-13,0.0102448463620219
2001-11-14,0.00997919403676369
2001-11-15,0.00973735028071263
2001-11-16,0.00951724033926859
2001-11-17,0.00931722184825993
2001-11-18,0.00913610304404915
2001-11-19,0.00897158014270771
2001-11-20,0.00882162338573973
2001-11-21,0.00868510250322661
2001-11-22,0.00856178729364358
2001-11-23,0.00844799667204173
2001-11-24,0.00834325493018844
2001-11-25,0.00825248221160604
2001-11-26,0.00818148546555514
2001-11-27,0.00813818996593355
2001-11-28,0.00812928505716288
2001-11-29,0.00814691551980516
2001-11-30,0.00817506939148266
2001-12-01,0.00820361942261658
2001-12-02,0.00822528155785235
2001-12-03,0.00823210878874795
2001-12-04,0.00821936415891172
2001-12-05,0.00818574473307658
2001-12-06,0.00813431607990151
2001-12-07,0.00806925894147326
2001-12-08,0.00799325383491419
2001-12-09,0.00790965616698945
2001-12-10,0.00782415940161107
2001-12-11,0.00774201680141601
2001-12-12,0.00766660836110695
2001-12-13,0.00759972445801432
2001-12-14,0.00753682158360894
2001-12-15,0.00746518647067328
2001-12-16,0.00737683235397507
2001-12-17,0.00727436958270638
2001-12-18,0.00716458141009344
2001-12-19,0.007053809179687
2001-12-20,0.00694592757849905
2001-12-21,0.00684262439461616
2001-12-22,0.00674456599860253
2001-12-23,0.0066518296987253
2001-12-24,0.00656446754399387
2001-12-25,0.00648243302358218
2001-12-26,0.00640563034636634
2001-12-27,0.00633358573714424
2001-12-28,0.00626630258759264
2001-12-29,0.00620331248584443
2001-12-30,0.00614366329209872
2001-12-31,0.00608684313751297
2002-01-01,0.00603273913759262
2002-01-02,0.00598145107871198
2002-01-03,0.00593306143802943
2002-01-04,0.00588783882970863
2002-01-05,0.00584586151884872
2002-01-06,0.00580657665843669
2002-01-07,0.00576930946326979
2002-01-08,0.00573352493886131
2002-01-09,0.00569878072634173
2002-01-10,0.00566469743524143
2002-01-11,0.00563143813477069
2002-01-12,0.0055989695903284
2002-01-13,0.00556710412021197
2002-01-14,0.00553576754242629
2002-01-15,0.00550495690656612
2002-01-16,0.00547580269576024
2002-01-17,0.00544764696707461
2002-01-18,0.0054225827438088
2002-01-19,0.00539917952360297
2002-01-20,0.00537545918514113
2002-01-21,0.00535164439669574
2002-01-22,0.0053276820154118
2002-01-23,0.005303502781857
2002-01-24,0.00527949946980178
2002-01-25,0.005255865207968
2002-01-26,0.00523244452195215
2002-01-27,0.00520917806644637
2002-01-28,0.00518605744961882
2002-01-29,0.00516286659035157
2002-01-30,0.00513958807834319
2002-01-31,0.00511663367518403
2002-02-01,0.00509416987180702
2002-02-02,0.00507232185935537
2002-02-03,0.00505097355817163
2002-02-04,0.00502998697440072
2002-02-05,0.00500946918797619
2002-02-06,0.00498925251124758
2002-02-07,0.00496921639525494
2002-02-08,0.00494943637331792
2002-02-09,0.00492997124902825
2002-02-10,0.00491075265488387
2002-02-11,0.00489160950370462
2002-02-12,0.00487245726469952
2002-02-13,0.00485323908077749
2002-02-14,0.00483404577393807
2002-02-15,0.0048148571055639
2002-02-16,0.00479555735707303
2002-02-17,0.00477624515146685
2002-02-18,0.00475694239333331
2002-02-19,0.00473764042066062
2002-02-20,0.00471862770197085
2002-02-21,0.00469964106997654
2002-02-22,0.00468071411029444
2002-02-23,0.00466189217279967
2002-02-24,0.00464313386373275
2002-02-25,0.00462484881042168
2002-02-26,0.00460722552776865
2002-02-27,0.0045898129601858
2002-02-28,0.00457189575971565
2002-03-01,0.00455319328798018
2002-03-02,0.00453357377052254
2002-03-03,0.00451319919438074
2002-03-04,0.00449220426749129
2002-03-05,0.004470426883731
2002-03-06,0.00444821221381923
2002-03-07,0.00442657516925727
2002-03-08,0.00440560930783424
2002-03-09,0.0043848548917439
2002-03-10,0.0043639504776736
2002-03-11,0.00434331502528653
2002-03-12,0.00432328478894128
2002-03-13,0.00430488697664688
2002-03-14,0.00429018501552865
2002-03-15,0.00428005085075144
2002-03-16,0.00427515797645355
2002-03-17,0.0042792246054606
2002-03-18,0.00429139124199847
2002-03-19,0.0043089274435894
2002-03-20,0.00433185040948341
2002-03-21,0.00436139222945198
2002-03-22,0.00439479807763991
2002-03-23,0.00442731293124315
2002-03-24,0.0044554711588347
2002-03-25,0.00447752933877511
2002-03-26,0.00449416486857406
2002-03-27,0.00450571216559777
2002-03-28,0.00451006000205742
2002-03-29,0.00450502570715585
2002-03-30,0.00448889034191651
2002-03-31,0.00446114587486504
2002-04-01,0.00442392376862638
2002-04-02,0.0043798270199228
2002-04-03,0.0043271578864257
2002-04-04,0.00426906807139306
2002-04-05,0.00421028861681972
2002-04-06,0.00415732503125852
2002-04-07,0.00411856669925356
2002-04-08,0.00410197124509414
2002-04-09,0.00411040578566088
2002-04-10,0.00414053591758664
2002-04-11,0.00417446762512491
2002-04-12,0.00418608245254329
2002-04-13,0.00415558600330429
2002-04-14,0.00411256189707074
2002-04-15,0.00407684614924453
2002-04-16,0.00405213494983045
2002-04-17,0.00403630775807801
2002-04-18,0.00402587723929613
2002-04-19,0.00401651025721398
2002-04-20,0.0040138899487205
2002-04-21,0.00402116701544995
2002-04-22,0.00403250211404056
2002-04-23,0.00404900908629194
2002-04-24,0.0040715776912643
2002-04-25,0.00412505901525097
2002-04-26,0.00422281446745729
2002-04-27,0.00437514004666949
2002-04-28,0.00467742214373008
2002-04-29,0.00541073937217353
2002-04-30,0.00666566200854581
2002-05-01,0.00809769828717575
2002-05-02,0.00948206768728663
2002-05-03,0.0107877091854598
2002-05-04,0.0120688143048635
2002-05-05,0.0134274015706527
2002-05-06,0.0149683335681149
2002-05-07,0.017076030158664
2002-05-08,0.020301320624102
2002-05-09,0.0250218314547149
2002-05-10,0.0308113931596348
2002-05-11,0.0373084742918118
2002-05-12,0.0451521296755636
2002-05-13,0.0543188616207323
2002-05-14,0.0635174672144049
2002-05-15,0.0722420494732818
2002-05-16,0.0813637601521026
2002-05-17,0.0915627115043239
2002-05-18,0.103268281756293
2002-05-19,0.115349822729464
2002-05-20,0.126467188708093
2002-05-21,0.136613874962907
2002-05-22,0.145495510845956
2002-05-23,0.152768445234867
2002-05-24,0.159461235131173
2002-05-25,0.165312869847959
2002-05-26,0.169200678152151
2002-05-27,0.17066568879837
2002-05-28,0.169078910646339
2002-05-29,0.165508105739744
2002-05-30,0.162439650007443
2002-05-31,0.161149115602028
2002-06-01,0.161473713271758
2002-06-02,0.16250807180849
2002-06-03,0.163056083803604
2002-06-04,0.162049670544067
2002-06-05,0.158840109352484
2002-06-06,0.152888845780339
2002-06-07,0.146045396836746
2002-06-08,0.139951470508173
2002-06-09,0.134873813171063
2002-06-10,0.130557647870642
2002-06-11,0.127563769961843
2002-06-12,0.125826636131198
2002-06-13,0.124482305077877
2002-06-14,0.122746232551419
2002-06-15,0.120841546052378
2002-06-16,0.118461976519802
2002-06-17,0.115381521883628
2002-06-18,0.112901108861669
2002-06-19,0.111367183960517
2002-06-20,0.110651759714202
2002-06-21,0.109144631644551
2002-06-22,0.106558796315466
2002-06-23,0.103276013927861
2002-06-24,0.0990566813764837
2002-06-25,0.0940825650448473
2002-06-26,0.0887909871300901
2002-06-27,0.0838361929136117
2002-06-28,0.0795920474872687
2002-06-29,0.0761249669361401
2002-06-30,0.0734588593235883
2002-07-01,0.071292874174115
2002-07-02,0.0694891645115255
2002-07-03,0.0681621830906953
2002-07-04,0.0669984426176889
2002-07-05,0.0658259905881916
2002-07-06,0.0648423164203136
2002-07-07,0.0638144913306518
2002-07-08,0.0628847249144889
2002-07-09,0.0624644049485653
2002-07-10,0.0626205471209113
2002-07-11,0.0630975639001656
2002-07-12,0.0635230076864111
2002-07-13,0.0640022960327661
2002-07-14,0.0642089914183079
2002-07-15,0.0639174018824111
2002-07-16,0.063497532240978
2002-07-17,0.0632024562409424
2002-07-18,0.063109399908773
2002-07-19,0.0632554615232971
2002-07-20,0.0634254856846949
2002-07-21,0.0633780651654402
2002-07-22,0.0630432949275628
2002-07-23,0.0622089384433438
2002-07-24,0.0612052478069598
2002-07-25,0.0604229057614037
2002-07-26,0.059935583530823
2002-07-27,0.05912358416739
2002-07-28,0.0582653357508529
2002-07-29,0.0574151995190107
2002-07-30,0.056769817716449
2002-07-31,0.0559065246618472
2002-08-01,0.0550445814230254
2002-08-02,0.0547024019409556
2002-08-03,0.0546616686025179
2002-08-04,0.0545483455251581
2002-08-05,0.0542058478212508
2002-08-06,0.0537431853970573
2002-08-07,0.0532292474091
2002-08-08,0.0527203784758205
2002-08-09,0.0521990332505504
2002-08-10,0.0516236687426399
2002-08-11,0.0511331994784129
2002-08-12,0.0510441312688855
2002-08-13,0.0514453970803992
2002-08-14,0.0521752666997427
2002-08-15,0.0530634213025612
2002-08-16,0.0536079786742484
2002-08-17,0.0535661753221646
2002-08-18,0.0532481344403084
2002-08-19,0.0526287068586717
2002-08-20,0.0516389417045884
2002-08-21,0.0505450071279501
2002-08-22,0.049650092734978
2002-08-23,0.048952810308412
2002-08-24,0.0484716984272532
2002-08-25,0.0480374864394113
2002-08-26,0.0476288334060069
2002-08-27,0.0473559087772865
2002-08-28,0.0472197251637523
2002-08-29,0.0472773520483931
2002-08-30,0.0478226139289299
2002-08-31,0.0487482088911991
2002-09-01,0.0497490410349769
2002-09-02,0.0506845427266251
2002-09-03,0.0515903107349458
2002-09-04,0.052563922555262
2002-09-05,0.0538254763898959
2002-09-06,0.0549601936676452
2002-09-07,0.0554681066910209
2002-09-08,0.0554038805313191
2002-09-09,0.0552253371951024
2002-09-10,0.0552774169846459
2002-09-11,0.0555129451956954
2002-09-12,0.0557748967103936
2002-09-13,0.0558789501251459
2002-09-14,0.0557827451689974
2002-09-15,0.0555955651087803
2002-09-16,0.0554864179511633
2002-09-17,0.0554360155694358
2002-09-18,0.055278493702751
2002-09-19,0.0549221442847806
2002-09-20,0.0543903467891479
2002-09-21,0.0537309853995664
2002-09-22,0.0529419650159617
2002-09-23,0.0520252256135623
2002-09-24,0.05107024112513
2002-09-25,0.0500306484036346
2002-09-26,0.0489431599940727
2002-09-27,0.0478872053153628
2002-09-28,0.0468334508217721
2002-09-29,0.0457319406469331
2002-09-30,0.0445737770834088
2002-10-01,0.0434366720218844
2002-10-02,0.0423488059910548
2002-10-03,0.0412649610492062
2002-10-04,0.0401094760178592
2002-10-05,0.0388577202265705
2002-10-06,0.0375706350719103
2002-10-07,0.0362977235549087
2002-10-08,0.0350770029305541
2002-10-09,0.0339497257475451
2002-10-10,0.0329447610326355
2002-10-11,0.0320103728023908
2002-10-12,0.0310919464465372
2002-10-13,0.0301631981300119
2002-10-14,0.0292140132044427
2002-10-15,0.0282484144642782
2002-10-16,0.0272640997666658
2002-10-17,0.0262598621096832
2002-10-18,0.0252506288646789
2002-10-19,0.0242570026135973
2002-10-20,0.0232949190159001
2002-10-21,0.0223707749043139
2002-10-22,0.021483961842849
2002-10-23,0.0206319144976207
2002-10-24,0.0198157901250465
2002-10-25,0.019041686812888
2002-10-26,0.0183111314359822
2002-10-27,0.0176193385462617
2002-10-28,0.0169551776660822
2002-10-29,0.0163152160565092
2002-10-30,0.0157034218699249
2002-10-31,0.0151206897670852
2002-11-01,0.0145642880964311
2002-11-02,0.0140333971334884
2002-11-03,0.0135321499127033
2002-11-04,0.0130618515615846
2002-11-05,0.0126187911189651
2002-11-06,0.012203216296614
2002-11-07,0.0118130794905608
2002-11-08,0.011446921333888
2002-11-09,0.0111044770737748
2002-11-10,0.0107846666070995
2002-11-11,0.010487219318473
2002-11-12,0.0102123879920981
2002-11-13,0.00995881929067428
2002-11-14,0.0097243260117114
2002-11-15,0.0095066820587493
2002-11-16,0.00930414902498777
2002-11-17,0.00911502073714414
2002-11-18,0.00893794109383624
2002-11-19,0.00877188876551753
2002-11-20,0.00861542920376611
2002-11-21,0.0084675995747064
2002-11-22,0.00832789995799347
2002-11-23,0.00819571787965233
2002-11-24,0.00807287960068684
2002-11-25,0.00795921763536928
2002-11-26,0.00785151492064368
2002-11-27,0.00774810379465834
2002-11-28,0.00764892785092403
2002-11-29,0.00755563215077417
2002-11-30,0.00746946668444446
2002-12-01,0.00739246279063287
2002-12-02,0.00734284905523515
2002-12-03,0.00732428390374307
2002-12-04,0.00730768633673119
2002-12-05,0.00727867825251797
2002-12-06,0.00724085635496263
2002-12-07,0.00720199761492996
2002-12-08,0.00716329313271619
2002-12-09,0.00712891226447821
2002-12-10,0.00710275671100504
2002-12-11,0.00707708732784828
2002-12-12,0.00704221187233227
2002-12-13,0.00699406520823393
2002-12-14,0.00693433566550806
2002-12-15,0.0068681547058436
2002-12-16,0.00680047175274154
2002-12-17,0.00673434834805464
2002-12-18,0.00667094861465175
2002-12-19,0.00661025011468945
2002-12-20,0.00655181082298024
2002-12-21,0.00649537137471347
2002-12-22,0.00644089056044404
2002-12-23,0.00638836886256102
2002-12-24,0.00633766352010762
2002-12-25,0.00628838449451107
2002-12-26,0.00624031858877928
2002-12-27,0.00619341340168821
2002-12-28,0.00614752176580134
2002-12-29,0.00610235107125175
2002-12-30,0.00605782631871316
2002-12-31,0.00601399417921949
2003-01-01,0.00597079941388217
2003-01-02,0.00592821806869139
2003-01-03,0.00588613637602482
2003-01-04,0.00584456360318031
2003-01-05,0.00580368068807192
2003-01-06,0.0057636381536243
2003-01-07,0.00572437050612582
2003-01-08,0.00568585693676657
2003-01-09,0.00564800817407058
2003-01-10,0.00561059634451098
2003-01-11,0.00557367938867876
2003-01-12,0.00553730146924916
2003-01-13,0.0055012539898269
2003-01-14,0.00546550467237037
2003-01-15,0.0054301170133756
2003-01-16,0.005395145045557
2003-01-17,0.00536112296389411
2003-01-18,0.0053292422512386
2003-01-19,0.00530133437372501
2003-01-20,0.00527839971665708
2003-01-21,0.00525781852515895
2003-01-22,0.00523437204737266
2003-01-23,0.00520525596187732
2003-01-24,0.00517178962810366
2003-01-25,0.00513671059620024
2003-01-26,0.00510200120099935
2003-01-27,0.00506858868868714
2003-01-28,0.00503689721296247
2003-01-29,0.00500679237093924
2003-01-30,0.00497827708496613
2003-01-31,0.00495119415329406
2003-02-01,0.00492531919047387
2003-02-02,0.00490041222302711
2003-02-03,0.00487625438654261
2003-02-04,0.00485264377448381
2003-02-05,0.00483059739801498
2003-02-06,0.00481469192413722
2003-02-07,0.00480145691104336
2003-02-08,0.00478856333851426
2003-02-09,0.00478065327738078
2003-02-10,0.00477670768518255
2003-02-11,0.00477614269928974
2003-02-12,0.00477960460019901
2003-02-13,0.00478738793360059
2003-02-14,0.00479947273758356
2003-02-15,0.00481301217857534
2003-02-16,0.00482399922426959
2003-02-17,0.00482950221537362
2003-02-18,0.00482793328922397
2003-02-19,0.00481891845273025
2003-02-20,0.00480326008454879
2003-02-21,0.00478242394287392
2003-02-22,0.00475820614634871
2003-02-23,0.00473233185151499
2003-02-24,0.00470574188948321
2003-02-25,0.00467966491753362
2003-02-26,0.00465497805574011
2003-02-27,0.00463226495071473
2003-02-28,0.00461176953717774
2003-03-01,0.00459159102475439
2003-03-02,0.00457162571729909
2003-03-03,0.00455753016953063
2003-03-04,0.00454852417970828
2003-03-05,0.00454092948513705
2003-03-06,0.00453436473546053
2003-03-07,0.00452919514737811
2003-03-08,0.00452487146986849
2003-03-09,0.00451887917876791
2003-03-10,0.00450940143632739
2003-03-11,0.00449601293139705
2003-03-12,0.00447885033863374
2003-03-13,0.004458801716583
2003-03-14,0.0044370253465573
2003-03-15,0.00441438981907709
2003-03-16,0.0043913687681702
2003-03-17,0.00436809477072442
2003-03-18,0.00434407193057047
2003-03-19,0.00431904255032293
2003-03-20,0.00429292057059591
2003-03-21,0.00426615952782255
2003-03-22,0.00423965016121755
2003-03-23,0.00421367501238599
2003-03-24,0.00418796992064882
2003-03-25,0.00416280607809863
2003-03-26,0.00413744154939517
2003-03-27,0.00411240527348372
2003-03-28,0.00408845394750858
2003-03-29,0.00406520468766995
2003-03-30,0.00404361942277377
2003-03-31,0.00402326842788729
2003-04-01,0.00400369265107005
2003-04-02,0.00398525307138015
2003-04-03,0.0039677916859136
2003-04-04,0.00395087763964171
2003-04-05,0.00393390763565699
2003-04-06,0.00391748301769441
2003-04-07,0.00390218902685166
2003-04-08,0.00388861183147612
2003-04-09,0.00387709995670221
2003-04-10,0.00386660927763823
2003-04-11,0.00385702564302844
2003-04-12,0.00384781534466511
2003-04-13,0.00384445714572158
2003-04-14,0.00384537836792744
2003-04-15,0.00384700335446305
2003-04-16,0.0038587698051241
2003-04-17,0.00388571613366112
2003-04-18,0.0039319099066723
2003-04-19,0.00400134409375784
2003-04-20,0.00408929918580361
2003-04-21,0.00421848508483525
2003-04-22,0.00443800849706015
2003-04-23,0.00474356477806463
2003-04-24,0.00517574621071853
2003-04-25,0.00582115254751739
2003-04-26,0.00678356207840331
2003-04-27,0.00804484671085143
2003-04-28,0.00929351125407815
2003-04-29,0.0102061952981906
2003-04-30,0.0108641957259656
2003-05-01,0.0113649614022171
2003-05-02,0.0116834735105604
2003-05-03,0.0119934689337454
2003-05-04,0.0124392279878729
2003-05-05,0.0130703337579143
2003-05-06,0.0138182378749384
2003-05-07,0.0145930114652351
2003-05-08,0.0154122193932183
2003-05-09,0.0163266829472633
2003-05-10,0.0174800485631653
2003-05-11,0.0193144789654809
2003-05-12,0.0218181381176735
2003-05-13,0.0248257604172395
2003-05-14,0.0282741797792002
2003-05-15,0.0320528233190706
2003-05-16,0.0363211952413493
2003-05-17,0.0412759453890977
2003-05-18,0.0468378391315772
2003-05-19,0.052522892143861
2003-05-20,0.0580981698467306
2003-05-21,0.0632672224624609
2003-05-22,0.0675905737108595
2003-05-23,0.071022203764133
2003-05-24,0.0738527576506438
2003-05-25,0.0766191039831902
2003-05-26,0.0796615367268611
2003-05-27,0.0827467951137742
2003-05-28,0.0851810321596372
2003-05-29,0.0868525909211493
2003-05-30,0.0884405821050272
2003-05-31,0.090779501267365
2003-06-01,0.0940112255596487
2003-06-02,0.0985462156478686
2003-06-03,0.104492125672107
2003-06-04,0.110491145765305
2003-06-05,0.114975502260845
2003-06-06,0.117695449728963
2003-06-07,0.119566749326621
2003-06-08,0.121667232016264
2003-06-09,0.12499414527368
2003-06-10,0.12907699579261
2003-06-11,0.132342787240808
2003-06-12,0.134194088058235
2003-06-13,0.134294933342173
2003-06-14,0.132624321384218
2003-06-15,0.129756384241829
2003-06-16,0.126554648515694
2003-06-17,0.12392696088562
2003-06-18,0.121809453023441
2003-06-19,0.119698050321136
2003-06-20,0.117057161615738
2003-06-21,0.113952757666045
2003-06-22,0.110637984232301
2003-06-23,0.107109143928128
2003-06-24,0.103504588493624
2003-06-25,0.0999818778183665
2003-06-26,0.0968711394299874
2003-06-27,0.094122502866249
2003-06-28,0.0916415864100167
2003-06-29,0.0895063099680708
2003-06-30,0.0870784336086004
2003-07-01,0.0844306854024898
2003-07-02,0.0817439806998676
2003-07-03,0.0791941172635837
2003-07-04,0.0770219493690485
2003-07-05,0.0752440600187936
2003-07-06,0.0739371231633028
2003-07-07,0.0733671059634924
2003-07-08,0.0732966016033946
2003-07-09,0.0729324626807428
2003-07-10,0.0722084177589788
2003-07-11,0.0714212430715665
2003-07-12,0.0709667761875342
2003-07-13,0.0707587990681998
2003-07-14,0.0703404354064489
2003-07-15,0.0696320990017298
2003-07-16,0.0688154488680756
2003-07-17,0.0678571674699869
2003-07-18,0.0666970377205997
2003-07-19,0.0655750970431192
2003-07-20,0.064453769090911
2003-07-21,0.0631333496859982
2003-07-22,0.0617344961514956
2003-07-23,0.0604139949617725
2003-07-24,0.0590904646711224
2003-07-25,0.0579073998481093
2003-07-26,0.0567204048416569
2003-07-27,0.0555073495799253
2003-07-28,0.0546113364058703
2003-07-29,0.0543526117920035
2003-07-30,0.0543819412673089
2003-07-31,0.0542454874254708
2003-08-01,0.0537753705290673
2003-08-02,0.0531902197357082
2003-08-03,0.0528293588792841
2003-08-04,0.052532000127547
2003-08-05,0.0523406343116043
2003-08-06,0.0522929172018413
2003-08-07,0.0524266469212599
2003-08-08,0.0526389694992653
2003-08-09,0.0527067404381742
2003-08-10,0.052578309058547
2003-08-11,0.0524234817408032
2003-08-12,0.0522561360424219
2003-08-13,0.0520062271732554
2003-08-14,0.0518997708581752
2003-08-15,0.0520629889729323
2003-08-16,0.0519124885377365
2003-08-17,0.0514451986501953
2003-08-18,0.0508992500984212
2003-08-19,0.0504690128644005
2003-08-20,0.0501603339493125
2003-08-21,0.0499007272867291
2003-08-22,0.0495262827502666
2003-08-23,0.0490436387029547
2003-08-24,0.0485032344155686
2003-08-25,0.0480953983196768
2003-08-26,0.0479044144114574
2003-08-27,0.0478154450189185
2003-08-28,0.0477625142194081
2003-08-29,0.0480088729254573
2003-08-30,0.0484316788561338
2003-08-31,0.0485775823468073
2003-09-01,0.048575470485343
2003-09-02,0.0485888908288167
2003-09-03,0.0485711540454885
2003-09-04,0.0484341621826671
2003-09-05,0.0482520991171482
2003-09-06,0.0480987605955737
2003-09-07,0.0479692647103942
2003-09-08,0.0481859913605565
2003-09-09,0.0482754792879659
2003-09-10,0.0481355333580219
2003-09-11,0.0482106598663639
2003-09-12,0.048450026054409
2003-09-13,0.048251203093868
2003-09-14,0.047724567364104
2003-09-15,0.0472204188139
2003-09-16,0.0469073628998673
2003-09-17,0.0467409650989437
2003-09-18,0.0466061127030555
2003-09-19,0.0464499740972534
2003-09-20,0.0462373470905531
2003-09-21,0.045912490575595
2003-09-22,0.0455010330815165
2003-09-23,0.0449897713973819
2003-09-24,0.0443781226431327
2003-09-25,0.043769810920671
2003-09-26,0.0432137127391908
2003-09-27,0.0426721578029756
2003-09-28,0.0421392014563126
2003-09-29,0.0415917652864535
2003-09-30,0.0410118439842605
2003-10-01,0.0403898902514429
2003-10-02,0.0397684749417706
2003-10-03,0.0391320025131627
2003-10-04,0.03846100704893
2003-10-05,0.0377522545940758
2003-10-06,0.0369950304056342
2003-10-07,0.0362169670995419
2003-10-08,0.0354590692929288
2003-10-09,0.0346954907706708
2003-10-10,0.0338870781886193
2003-10-11,0.0330768275860504
2003-10-12,0.0322798628785545
2003-10-13,0.0314774996160715
2003-10-14,0.0306415787831109
2003-10-15,0.0297821248142862
2003-10-16,0.0289602389668588
2003-10-17,0.0281895313989855
2003-10-18,0.0274503259153917
2003-10-19,0.0267209858788146
2003-10-20,0.0259878513961856
2003-10-21,0.0252534227032378
2003-10-22,0.0245141071877145
2003-10-23,0.0237595547819096
2003-10-24,0.0229909948737178
2003-10-25,0.0222232885036696
2003-10-26,0.0214864868469359
2003-10-27,0.0208066425394426
2003-10-28,0.0201853430667739
2003-10-29,0.0195994538977047
2003-10-30,0.0190205642136999
2003-10-31,0.0184300306686904
2003-11-01,0.017831298674156
2003-11-02,0.0172480854028691
2003-11-03,0.0167025163009903
2003-11-04,0.0162048826669931
2003-11-05,0.0157442795782249
2003-11-06,0.0152974934800053
2003-11-07,0.0148482723695633
2003-11-08,0.0143937707962948
2003-11-09,0.0139485365928075
2003-11-10,0.0135172348454732
2003-11-11,0.0130992704324895
2003-11-12,0.012694295852182
2003-11-13,0.0123003335653419
2003-11-14,0.011914993742873
2003-11-15,0.0115378558532819
2003-11-16,0.0111718562723573
2003-11-17,0.0108216344748029
2003-11-18,0.0104913039034176
2003-11-19,0.010183196627865
2003-11-20,0.00989806838482579
2003-11-21,0.00963849776491512
2003-11-22,0.00940366677673633
2003-11-23,0.00918823840738271
2003-11-24,0.00898933743608063
2003-11-25,0.0088068150638374
2003-11-26,0.00863990168179978
2003-11-27,0.00848554904314754
2003-11-28,0.00833978502766508
2003-11-29,0.00819999886093513
2003-11-30,0.00806603878382782
2003-12-01,0.00793901698078793
2003-12-02,0.00781927003705102
2003-12-03,0.00770644344113674
2003-12-04,0.00759997985943699
2003-12-05,0.00749882413741224
2003-12-06,0.00740253643531126
2003-12-07,0.0073109887128342
2003-12-08,0.00722368770672393
2003-12-09,0.00714010815850896
2003-12-10,0.00706027162293149
2003-12-11,0.00698432453854119
2003-12-12,0.00691185303878799
2003-12-13,0.00684269655571002
2003-12-14,0.00677661948503601
2003-12-15,0.00671316530858496
2003-12-16,0.0066524909470766
2003-12-17,0.00659467311751103
2003-12-18,0.00654013275863453
2003-12-19,0.00648864520711868
2003-12-20,0.00643932884136737
2003-12-21,0.00639176481143384
2003-12-22,0.00634525913741695
2003-12-23,0.00629900795717656
2003-12-24,0.00625263396203899
2003-12-25,0.00620591575234912
2003-12-26,0.00615890268716887
2003-12-27,0.0061119186550056
2003-12-28,0.00606512615839417
2003-12-29,0.00601910323293747
2003-12-30,0.00597581234201201
2003-12-31,0.00593443789825152
2004-01-01,0.0058939550743087
2004-01-02,0.00585405141663423
2004-01-03,0.00581447993501743
2004-01-04,0.00577533944044193
2004-01-05,0.00573679079318037
2004-01-06,0.00569887463099128
2004-01-07,0.00566144651959003
2004-01-08,0.00562463059708487
2004-01-09,0.00558857535123392
2004-01-10,0.00555341704738478
2004-01-11,0.00551899029738136
2004-01-12,0.005485313595686
2004-01-13,0.00545251639279246
2004-01-14,0.00542046685616077
2004-01-15,0.00538911925256643
2004-01-16,0.00535841881152301
2004-01-17,0.00532847623235834
2004-01-18,0.0052992209531476
2004-01-19,0.00527039503838239
2004-01-20,0.00524200514720222
2004-01-21,0.00521400625326313
2004-01-22,0.00518621681197756
2004-01-23,0.00515874104942637
2004-01-24,0.00513168757427849
2004-01-25,0.00510483846301108
2004-01-26,0.0050781711202846
2004-01-27,0.00505174795526817
2004-01-28,0.00502559844288527
2004-01-29,0.0049996588208387
2004-01-30,0.00497405130577868
2004-01-31,0.00494891998440628
2004-02-01,0.00492424768897164
2004-02-02,0.00489992552014265
2004-02-03,0.00487598169330913
2004-02-04,0.00485222667633305
2004-02-05,0.00482858436011695
2004-02-06,0.00480512879073134
2004-02-07,0.00478195015048167
2004-02-08,0.00475915441017359
2004-02-09,0.00473652160895982
2004-02-10,0.00471401164300876
2004-02-11,0.00469175134620508
2004-02-12,0.00466969812800418
2004-02-13,0.00464805435928913
2004-02-14,0.00462667347918117
2004-02-15,0.00460542333382607
2004-02-16,0.00458437676159866
2004-02-17,0.00456351120661749
2004-02-18,0.00454287951808261
2004-02-19,0.00452262458414829
2004-02-20,0.0045027604335245
2004-02-21,0.00448321730493629
2004-02-22,0.00446392287006197
2004-02-23,0.0044449295140072
2004-02-24,0.0044264130706546
2004-02-25,0.00440829362358447
2004-02-26,0.00439040860945068
2004-02-27,0.00437271901484846
2004-02-28,0.00435498771596888
2004-02-29,0.00433707464976049
2004-03-01,0.00431906011203137
2004-03-02,0.00430125404942562
2004-03-03,0.00428518958524765
2004-03-04,0.00426913141191188
2004-03-05,0.00425200754704179
2004-03-06,0.00423475437222858
2004-03-07,0.00421773941544973
2004-03-08,0.00420076993915338
2004-03-09,0.00418414298525918
2004-03-10,0.00416808048772191
2004-03-11,0.00415159345848638
2004-03-12,0.00413491777432329
2004-03-13,0.00411841730243022
2004-03-14,0.00410224765213303
2004-03-15,0.00408707893300261
2004-03-16,0.00407359636791237
2004-03-17,0.00406130779866744
2004-03-18,0.00404920200798717
2004-03-19,0.00403641997047139
2004-03-20,0.00402277186190096
2004-03-21,0.00400845460606129
2004-03-22,0.00399319299335564
2004-03-23,0.00397774251847146
2004-03-24,0.00396317764864582
2004-03-25,0.00394974084414818
2004-03-26,0.00393637672878939
2004-03-27,0.00392179705113444
2004-03-28,0.00390526175940534
2004-03-29,0.00388661809617106
2004-03-30,0.00386625297442971
2004-03-31,0.00384539898558381
2004-04-01,0.00382491056262554
2004-04-02,0.00380680904113295
2004-04-03,0.00380208488500489
2004-04-04,0.00383270077500982
2004-04-05,0.00389465380764071
2004-04-06,0.00395907863833512
2004-04-07,0.00401634369661025
2004-04-08,0.00406645416466744
2004-04-09,0.00411257541844502
2004-04-10,0.004176402545939
2004-04-11,0.00427643639362249
2004-04-12,0.00440947205529036
2004-04-13,0.00457873850780351
2004-04-14,0.00478296036878779
2004-04-15,0.00502259134874922
2004-04-16,0.00530915705674752
2004-04-17,0.00563199301407526
2004-04-18,0.00596541604417324
2004-04-19,0.00627459023942831
2004-04-20,0.00653200483936661
2004-04-21,0.00672521850141681
2004-04-22,0.0068447526728769
2004-04-23,0.00689668148782786
2004-04-24,0.00689803194489051
2004-04-25,0.00686899650611139
2004-04-26,0.0068258383444895
2004-04-27,0.00679804177691081
2004-04-28,0.00682954271494941
2004-04-29,0.00699727651864842
2004-04-30,0.00734152516987423
2004-05-01,0.00780039247818325
2004-05-02,0.00830205141401963
2004-05-03,0.00884147007879226
2004-05-04,0.00942878996682488
2004-05-05,0.0100988173289784
2004-05-06,0.01082382898383
2004-05-07,0.0115445815504956
2004-05-08,0.0122857252534945
2004-05-09,0.013311333866692
2004-05-10,0.0148026487928827
2004-05-11,0.0163903166118659
2004-05-12,0.0179163465724344
2004-05-13,0.0194911116824181
2004-05-14,0.0212745311057337
2004-05-15,0.0233684379587575
2004-05-16,0.0259268427173956
2004-05-17,0.0292207784373108
2004-05-18,0.0337055009850184
2004-05-19,0.0394584379915617
2004-05-20,0.0457449992994864
2004-05-21,0.0521987152343964
2004-05-22,0.0591644818805008
2004-05-23,0.067239735748052
2004-05-24,0.0766594149066326
2004-05-25,0.0871844197209228
2004-05-26,0.0970521635451412
2004-05-27,0.104225482242417
2004-05-28,0.109544965011647
2004-05-29,0.113990332642173
2004-05-30,0.118199590493391
2004-05-31,0.122387111965612
2004-06-01,0.125923026007885
2004-06-02,0.128193418995515
2004-06-03,0.130228129371911
2004-06-04,0.132751661393391
2004-06-05,0.135112263758408
2004-06-06,0.136957406052869
2004-06-07,0.138758734930137
2004-06-08,0.141204996948015
2004-06-09,0.143742417098471
2004-06-10,0.146561093793957
2004-06-11,0.149167613080521
2004-06-12,0.150405935672009
2004-06-13,0.150556536074113
2004-06-14,0.151017442456373
2004-06-15,0.151408120259356
2004-06-16,0.150823196957966
2004-06-17,0.148428627530031
2004-06-18,0.14461549398921
2004-06-19,0.140816118343726
2004-06-20,0.137980014239248
2004-06-21,0.136616428311523
2004-06-22,0.136409683710515
2004-06-23,0.135555751601226
2004-06-24,0.134060109333334
2004-06-25,0.132075993816487
2004-06-26,0.129274326680051
2004-06-27,0.125480641319308
2004-06-28,0.120977666157391
2004-06-29,0.116013023998415
2004-06-30,0.110779129734739
2004-07-01,0.10566402719406
2004-07-02,0.100911288790708
2004-07-03,0.0966913232210531
2004-07-04,0.092840706864551
2004-07-05,0.0891316545202765
2004-07-06,0.0854926243729756
2004-07-07,0.0821279941890264
2004-07-08,0.0790909714093237
2004-07-09,0.0762611255330871
2004-07-10,0.0735341169058212
2004-07-11,0.0708925096633282
2004-07-12,0.0683734664077036
2004-07-13,0.0662635571728852
2004-07-14,0.0646818569903142
2004-07-15,0.0634114715229604
2004-07-16,0.0623548740880376
2004-07-17,0.0614678843487058
2004-07-18,0.060662251236071
2004-07-19,0.0598566802755191
2004-07-20,0.0590112537460232
2004-07-21,0.0581790959475063
2004-07-22,0.0573204807279229
2004-07-23,0.0565996923600189
2004-07-24,0.0561874275001367
2004-07-25,0.0559657183808236
2004-07-26,0.0557764644304059
2004-07-27,0.0556579348659531
2004-07-28,0.0558814603444039
2004-07-29,0.0564692653557049
2004-07-30,0.0572228212582125
2004-07-31,0.0580178824510797
2004-08-01,0.0586332337249582
2004-08-02,0.0591948509318708
2004-08-03,0.0598682364458257
2004-08-04,0.0606597323576073
2004-08-05,0.0614572015464881
2004-08-06,0.0622370538667564
2004-08-07,0.0630105133459751
2004-08-08,0.0634975876965377
2004-08-09,0.0635626209717363
2004-08-10,0.06354337690941
2004-08-11,0.0641578766171735
2004-08-12,0.0653719390317263
2004-08-13,0.0660175785453883
2004-08-14,0.0665301920358537
2004-08-15,0.0671041120263299
2004-08-16,0.0674205390585934
2004-08-17,0.0673755980702602
2004-08-18,0.0670973661176107
2004-08-19,0.0666479047273085
2004-08-20,0.0658239605649807
2004-08-21,0.0645439235524486
2004-08-22,0.0630721846641568
2004-08-23,0.0619177931509835
2004-08-24,0.0610295575368917
2004-08-25,0.0602467151091969
2004-08-26,0.0595634446848796
2004-08-27,0.0587890502872756
2004-08-28,0.0578458583725682
2004-08-29,0.056740900342731
2004-08-30,0.0554628415839691
2004-08-31,0.0539742883840287
2004-09-01,0.0524224940893484
2004-09-02,0.0509466437276703
2004-09-03,0.0496144698444035
2004-09-04,0.0484401786415362
2004-09-05,0.0474826366914352
2004-09-06,0.0468994008102832
2004-09-07,0.046692918841042
2004-09-08,0.0466531854045294
2004-09-09,0.0466510499148058
2004-09-10,0.0467249758029382
2004-09-11,0.046938364804133
2004-09-12,0.0472501881159564
2004-09-13,0.047635963634976
2004-09-14,0.0481436521898599
2004-09-15,0.0487866550440333
2004-09-16,0.0494753575503791
2004-09-17,0.0501261745164018
2004-09-18,0.0509364465671819
2004-09-19,0.0521727454972785
2004-09-20,0.0534529962875469
2004-09-21,0.0543715736759411
2004-09-22,0.0550212519487182
2004-09-23,0.0555474286655807
2004-09-24,0.0558770426922867
2004-09-25,0.0560838113088803
2004-09-26,0.0562039272315859
2004-09-27,0.0560724963191127
2004-09-28,0.0556686005741374
2004-09-29,0.0551082299208052
2004-09-30,0.0544205732852869
2004-10-01,0.0535768914536162
2004-10-02,0.0525648909219949
2004-10-03,0.0514009420896421
2004-10-04,0.050137386976246
2004-10-05,0.0488363549274187
2004-10-06,0.0475599085636648
2004-10-07,0.0463282704034157
2004-10-08,0.0451006834296073
2004-10-09,0.0438097721935044
2004-10-10,0.0424422068997312
2004-10-11,0.0410628285251824
2004-10-12,0.0397443957680396
2004-10-13,0.0385275862254538
2004-10-14,0.0374315987497612
2004-10-15,0.0364609036864044
2004-10-16,0.0355547250527304
2004-10-17,0.0346772315230302
2004-10-18,0.0338334187944549
2004-10-19,0.0330322102126402
2004-10-20,0.0322692574672453
2004-10-21,0.0315099759289109
2004-10-22,0.0307113698590503
2004-10-23,0.0298571194254569
2004-10-24,0.028967762768319
2004-10-25,0.0280654866529377
2004-10-26,0.027143084176741
2004-10-27,0.0261876896631535
2004-10-28,0.0251933172654897
2004-10-29,0.0241657220733486
2004-10-30,0.0231306003584883
2004-10-31,0.022111654626147
2004-11-01,0.0211303513541695
2004-11-02,0.020200359214259
2004-11-03,0.0193233022003669
2004-11-04,0.0184956002340385
2004-11-05,0.017714474564781
2004-11-06,0.0169773348359499
2004-11-07,0.016280895898679
2004-11-08,0.0156228201373048
2004-11-09,0.0150012900130028
2004-11-10,0.0144143052690821
2004-11-11,0.013860649765511
2004-11-12,0.0133408015110335
2004-11-13,0.0128540363089285
2004-11-14,0.0123990080927139
2004-11-15,0.0119744086140414
2004-11-16,0.0115771774369648
2004-11-17,0.0112023650711377
2004-11-18,0.0108472811399963
2004-11-19,0.0105110217556113
2004-11-20,0.0101925051110436
2004-11-21,0.0098958122321861
2004-11-22,0.009623755069807
2004-11-23,0.00937552803449603
2004-11-24,0.00915151218229965
2004-11-25,0.00895262224113968
2004-11-26,0.00877594264203925
2004-11-27,0.00861437086645442
2004-11-28,0.00846222889776731
2004-11-29,0.00831740790570051
2004-11-30,0.00817948624496559
2004-12-01,0.00804726012865673
2004-12-02,0.00791955155783942
2004-12-03,0.0077962640079618
2004-12-04,0.0076781568960712
2004-12-05,0.0075658349469172
2004-12-06,0.00745942580586415
2004-12-07,0.00735897972098466
2004-12-08,0.00726443043579638
2004-12-09,0.00717561671564516
2004-12-10,0.0070924063002723
2004-12-11,0.00701461257352447
2004-12-12,0.00694192043694455
2004-12-13,0.00687415125487013
2004-12-14,0.00681106389309844
2004-12-15,0.00675197572453989
2004-12-16,0.00669585824024052
2004-12-17,0.00664135271112575
2004-12-18,0.00658777344441793
2004-12-19,0.00653537544906423
2004-12-20,0.00648442223090834
2004-12-21,0.00643503315571463
2004-12-22,0.00638724078751851
2004-12-23,0.00634105747685794
2004-12-24,0.00629657642974097
2004-12-25,0.00625375886710232
2004-12-26,0.00621225967343526
2004-12-27,0.0061719113576329
2004-12-28,0.00613293389653216
2004-12-29,0.00609523796144296
2004-12-30,0.00605899817123092
2004-12-31,0.00602414252761166
2005-01-01,0.0059903895922279
2005-01-02,0.00595805438428497
2005-01-03,0.00592723841178255
2005-01-04,0.00589701527076123
2005-01-05,0.00586736528392664
2005-01-06,0.0058385416679986
2005-01-07,0.00581041534029891
2005-01-08,0.00578302418485469
2005-01-09,0.0057564711107273
2005-01-10,0.00573042952513062
2005-01-11,0.00570435591279135
2005-01-12,0.00567801431577922
2005-01-13,0.00565156331969781
2005-01-14,0.00562524513874531
2005-01-15,0.00559894289513142
2005-01-16,0.00557256665395731
2005-01-17,0.00554625807871452
2005-01-18,0.00552013900971501
2005-01-19,0.00549408572574833
2005-01-20,0.00546811902133485
2005-01-21,0.005442370340323
2005-01-22,0.00541668670683024
2005-01-23,0.00539101592286923
2005-01-24,0.00536534787726128
2005-01-25,0.0053397493532376
2005-01-26,0.00531423017731585
2005-01-27,0.00528861675268313
2005-01-28,0.00526294244888626
2005-01-29,0.00523746756163007
2005-01-30,0.00521236784744679
2005-01-31,0.00518762849371562
2005-02-01,0.0051633723638464
2005-02-02,0.00513972299753386
2005-02-03,0.00511681940823327
2005-02-04,0.00509465360792027
2005-02-05,0.00507303883317753
2005-02-06,0.00505177030438495
2005-02-07,0.00503059566155457
2005-02-08,0.00500946107873343
2005-02-09,0.00498836268605761
2005-02-10,0.00496733216025371
2005-02-11,0.00494634510487143
2005-02-12,0.00492538560034697
2005-02-13,0.00490458130518927
2005-02-14,0.00488410292146026
2005-02-15,0.00486403215241439
2005-02-16,0.00484447107946029
2005-02-17,0.0048254943875655
2005-02-18,0.00480736088620507
2005-02-19,0.00478988026705848
2005-02-20,0.0047726718048116
2005-02-21,0.00475595902102684
2005-02-22,0.0047399154352908
2005-02-23,0.00472434863409261
2005-02-24,0.0047090426096531
2005-02-25,0.00469418294661089
2005-02-26,0.00467945036534529
2005-02-27,0.00466458169994526
2005-02-28,0.00464929940274521
2005-03-01,0.00463359876793213
2005-03-02,0.00461767868467196
2005-03-03,0.00460110689856485
2005-03-04,0.00458388907126892
2005-03-05,0.00456663271991776
2005-03-06,0.00454978249398873
2005-03-07,0.00453304407222825
2005-03-08,0.004516119364261
2005-03-09,0.00449914183721269
2005-03-10,0.00448203792275131
2005-03-11,0.00446506047058914
2005-03-12,0.00444810047499342
2005-03-13,0.00443128302929049
2005-03-14,0.00441582594069344
2005-03-15,0.00440135441403857
2005-03-16,0.00439032762619974
2005-03-17,0.00438095346956602
2005-03-18,0.00437156093038401
2005-03-19,0.00436243573893478
2005-03-20,0.00435406797692957
2005-03-21,0.00434770768182434
2005-03-22,0.00434558537042854
2005-03-23,0.00435028153591642
2005-03-24,0.00436065094631352
2005-03-25,0.00437012636335717
2005-03-26,0.00437214450983723
2005-03-27,0.00436478246939052
2005-03-28,0.00435071904238354
2005-03-29,0.00433374456376203
2005-03-30,0.00431616232716903
2005-03-31,0.0042988597328607
2005-04-01,0.00428281054855898
2005-04-02,0.00426868478393225
2005-04-03,0.00425825029719273
2005-04-04,0.0042531919331648
2005-04-05,0.00425023323570478
2005-04-06,0.00424868774713837
2005-04-07,0.00425119143726165
2005-04-08,0.00425987778483829
2005-04-09,0.00427359315003358
2005-04-10,0.00428695463544719
2005-04-11,0.0043067370661198
2005-04-12,0.0043321004627836
2005-04-13,0.00435013221794302
2005-04-14,0.00435960993778831
2005-04-15,0.00436804109923392
2005-04-16,0.00438726874944378
2005-04-17,0.00443398371390619
2005-04-18,0.00452227320873385
2005-04-19,0.0046464490095805
2005-04-20,0.00479868001950928
2005-04-21,0.00498828237552234
2005-04-22,0.00521627122442043
2005-04-23,0.0054755549121602
2005-04-24,0.00595395161842322
2005-04-25,0.00687729685249966
2005-04-26,0.00816676426824563
2005-04-27,0.00976790955602848
2005-04-28,0.0117531948129517
2005-04-29,0.0138411110319969
2005-04-30,0.0157063239233924
2005-05-01,0.0173819632207865
2005-05-02,0.0191660261790817
2005-05-03,0.0212964260341141
2005-05-04,0.0238971388520278
2005-05-05,0.0269952134196577
2005-05-06,0.0304644467467365
2005-05-07,0.0342830026082221
2005-05-08,0.0383546441706426
2005-05-09,0.0426878649791106
2005-05-10,0.0475414397230562
2005-05-11,0.0528930788389996
2005-05-12,0.0580420316531672
2005-05-13,0.0622944082718299
2005-05-14,0.066066790344185
2005-05-15,0.0698913540761349
2005-05-16,0.0737552853970012
2005-05-17,0.0777762010035389
2005-05-18,0.0822633740624036
2005-05-19,0.0874316716050088
2005-05-20,0.0932195656256776
2005-05-21,0.099238944723335
2005-05-22,0.104983588419239
2005-05-23,0.109443162236644
2005-05-24,0.111995279269988
2005-05-25,0.113356471572194
2005-05-26,0.114104911971423
2005-05-27,0.11423196788784
2005-05-28,0.114260888837062
2005-05-29,0.114742738473084
2005-05-30,0.115687231205495
2005-05-31,0.117826148456712
2005-06-01,0.122372796805118
2005-06-02,0.128131600352478
2005-06-03,0.131934951664172
2005-06-04,0.133258531251933
2005-06-05,0.132568086937036
2005-06-06,0.130091150884111
2005-06-07,0.126955061827893
2005-06-08,0.124259769561531
2005-06-09,0.121855105194955
2005-06-10,0.118618242419276
2005-06-11,0.114735357642919
2005-06-12,0.110381377317829
2005-06-13,0.105769821071773
2005-06-14,0.101237971789062
2005-06-15,0.0969534721100177
2005-06-16,0.0931619071463681
2005-06-17,0.090101269296995
2005-06-18,0.0874381970905671
2005-06-19,0.0852024809592932
2005-06-20,0.0832319138427346
2005-06-21,0.0814546115078318
2005-06-22,0.0797509458850233
2005-06-23,0.0782722265887636
2005-06-24,0.0771803220182262
2005-06-25,0.0761705204701087
2005-06-26,0.0750706556682122
2005-06-27,0.0741249844913951
2005-06-28,0.0734947070597804
2005-06-29,0.0730715227188784
2005-06-30,0.072772714352997
2005-07-01,0.0723750318143636
2005-07-02,0.0718968580971278
2005-07-03,0.0715266330702457
2005-07-04,0.0712063006995121
2005-07-05,0.0708639747507199
2005-07-06,0.0706869587146821
2005-07-07,0.0703837346686303
2005-07-08,0.0699592908951255
2005-07-09,0.0697022277333817
2005-07-10,0.0694542677088265
2005-07-11,0.0690251010704281
2005-07-12,0.0683512932109516
2005-07-13,0.0677592514607752
2005-07-14,0.0674942184493127
2005-07-15,0.0673688526982778
2005-07-16,0.0672808599706032
2005-07-17,0.0671487843660951
2005-07-18,0.0668232854710246
2005-07-19,0.0664968020484388
2005-07-20,0.0664730350395782
2005-07-21,0.066810758948454
2005-07-22,0.0674793276959132
2005-07-23,0.0682393836246081
2005-07-24,0.0688450260195802
2005-07-25,0.0692059095274153
2005-07-26,0.0692223327542064
2005-07-27,0.0689052144114734
2005-07-28,0.0683691318534779
2005-07-29,0.0676698844226291
2005-07-30,0.0669620714758138
2005-07-31,0.0661762102181836
2005-08-01,0.0652967861504945
2005-08-02,0.064489757565006
2005-08-03,0.0640736670794599
2005-08-04,0.0637932484902316
2005-08-05,0.0634072710239611
2005-08-06,0.0627352116197696
2005-08-07,0.0615153441939998
2005-08-08,0.0602160885870667
2005-08-09,0.0594776361933656
2005-08-10,0.0593588287698195
2005-08-11,0.0599131134721308
2005-08-12,0.0613129500866828
2005-08-13,0.0632242419549435
2005-08-14,0.0646156892131885
2005-08-15,0.0651563532503424
2005-08-16,0.0662313106103763
2005-08-17,0.0688164286276005
2005-08-18,0.0715977045048687
2005-08-19,0.0733396162596406
2005-08-20,0.0748851391533603
2005-08-21,0.0760726301830616
2005-08-22,0.0768661608320419
2005-08-23,0.0773466592610963
2005-08-24,0.0776217140594263
2005-08-25,0.077917948575134
2005-08-26,0.0781799521188663
2005-08-27,0.0781903222316078
2005-08-28,0.0777272935465473
2005-08-29,0.0767753176219381
2005-08-30,0.0756141539586199
2005-08-31,0.073853228960974
2005-09-01,0.0718490018108605
2005-09-02,0.0699942049446601
2005-09-03,0.0686369971256741
2005-09-04,0.0676544436240388
2005-09-05,0.0666509612776519
2005-09-06,0.0655192202581131
2005-09-07,0.0642830564373531
2005-09-08,0.0629800704524065
2005-09-09,0.0616174057106086
2005-09-10,0.0601941169597968
2005-09-11,0.0589507824374062
2005-09-12,0.0580375648634952
2005-09-13,0.0573049907450743
2005-09-14,0.0568020167666914
2005-09-15,0.0567339360045611
2005-09-16,0.0568781487098028
2005-09-17,0.0567858193040427
2005-09-18,0.05641303684081
2005-09-19,0.0558561077727661
2005-09-20,0.0552486943710907
2005-09-21,0.0546470481490724
2005-09-22,0.0539190836949339
2005-09-23,0.0530898871072188
2005-09-24,0.0522054593084215
2005-09-25,0.0512843118829923
2005-09-26,0.0503635300518363
2005-09-27,0.0494309882368795
2005-09-28,0.0482932876010359
2005-09-29,0.0470438860590774
2005-09-30,0.0458957442770922
2005-10-01,0.0448687113359188
2005-10-02,0.0439325357368797
2005-10-03,0.0430196739813341
2005-10-04,0.0420694048873196
2005-10-05,0.0410970284258156
2005-10-06,0.0400954209704909
2005-10-07,0.0390378148376577
2005-10-08,0.0379850952880445
2005-10-09,0.0369715677431191
2005-10-10,0.0360244281492868
2005-10-11,0.0352061019405608
2005-10-12,0.0345259618931031
2005-10-13,0.0340361691282912
2005-10-14,0.0337206089683694
2005-10-15,0.0334763130802364
2005-10-16,0.0332599579753762
2005-10-17,0.033002101974211
2005-10-18,0.0326637951438893
2005-10-19,0.0322266734562726
2005-10-20,0.0316783217773983
2005-10-21,0.0310046330028237
2005-10-22,0.0301988482316587
2005-10-23,0.0293078275964141
2005-10-24,0.0283878957193482
2005-10-25,0.0274511035632972
2005-10-26,0.0265145794027464
2005-10-27,0.0256000026252235
2005-10-28,0.0247253083725212
2005-10-29,0.0239171620649296
2005-10-30,0.0231836350247261
2005-10-31,0.0225327384964993
2005-11-01,0.0219389320979534
2005-11-02,0.0213551954003674
2005-11-03,0.020774537811722
2005-11-04,0.0201923133988602
2005-11-05,0.0196013573805147
2005-11-06,0.0190094222451519
2005-11-07,0.0184255501519621
2005-11-08,0.0178515245333618
2005-11-09,0.0172901901023651
2005-11-10,0.0167412630326008
2005-11-11,0.0162062717847354
2005-11-12,0.0156917027085359
2005-11-13,0.015199177713634
2005-11-14,0.0147212904509565
2005-11-15,0.0142505673512343
2005-11-16,0.0137844690289406
2005-11-17,0.0133249585499208
2005-11-18,0.0128746961795725
2005-11-19,0.0124357570078641
2005-11-20,0.0120116846931675
2005-11-21,0.0116050227463552
2005-11-22,0.011217757871735
2005-11-23,0.0108532716326083
2005-11-24,0.0105154337283165
2005-11-25,0.0102047193008467
2005-11-26,0.00991992585472122
2005-11-27,0.00966144199587808
2005-11-28,0.00943107894947355
2005-11-29,0.00923063876478455
2005-11-30,0.00906152690596833
2005-12-01,0.00892113090135939
2005-12-02,0.00880259840104079
2005-12-03,0.00870045620622303
2005-12-04,0.00861028923568193
2005-12-05,0.00852794346994453
2005-12-06,0.00845059832728546
2005-12-07,0.00837610443515089
2005-12-08,0.00830140422861859
2005-12-09,0.0082256746136336
2005-12-10,0.00814680378130742
2005-12-11,0.00806125690267842
2005-12-12,0.00797052214760526
2005-12-13,0.00787815196504687
2005-12-14,0.00778676400194244
2005-12-15,0.00769743975265204
2005-12-16,0.00761025543838362
2005-12-17,0.00752510978281036
2005-12-18,0.00744178425332048
2005-12-19,0.00736020220194906
2005-12-20,0.00728055442526345
2005-12-21,0.00720354091628756
2005-12-22,0.0071292237971075
2005-12-23,0.00705747144276683
2005-12-24,0.00698840001693079
2005-12-25,0.00692175929901804
2005-12-26,0.00685728954643179
2005-12-27,0.0067949454175356
2005-12-28,0.00673458287419429
2005-12-29,0.00667586413913512
2005-12-30,0.00661858168098717
2005-12-31,0.00656288574846757
2006-01-01,0.00650889051390602
2006-01-02,0.00645639751045178
2006-01-03,0.00640530317764245
2006-01-04,0.00635568204608495
2006-01-05,0.00630758555218136
2006-01-06,0.00626079149063213
2006-01-07,0.00621505989613069
2006-01-08,0.00617027507782736
2006-01-09,0.00612628317132861
2006-01-10,0.00608304882455673
2006-01-11,0.0060405732382567
2006-01-12,0.00599891228060695
2006-01-13,0.00595804741957822
2006-01-14,0.00591777252737534
2006-01-15,0.00587793258287491
2006-01-16,0.00583848288158125
2006-01-17,0.00579941048462184
2006-01-18,0.0057608528167734
2006-01-19,0.00572297616155114
2006-01-20,0.00568579617581659
2006-01-21,0.00564926282950227
2006-01-22,0.00561320651258864
2006-01-23,0.00557772117525931
2006-01-24,0.00554275289046038
2006-01-25,0.00550832359840899
2006-01-26,0.00547441629395252
2006-01-27,0.00544102294136738
2006-01-28,0.00540816273436942
2006-01-29,0.00537577211976932
2006-01-30,0.00534374871117074
2006-01-31,0.00531206397686227
2006-02-01,0.00528073959307452
2006-02-02,0.00524988156291502
2006-02-03,0.00521952587674388
2006-02-04,0.00518962063536795
2006-02-05,0.00516008727289617
2006-02-06,0.0051308177981049
2006-02-07,0.00510153852382853
2006-02-08,0.0050724037872753
2006-02-09,0.00504382833942273
2006-02-10,0.00501583417882165
2006-02-11,0.00498829441625328
2006-02-12,0.00496125202991335
2006-02-13,0.00493487197364509
2006-02-14,0.00490877934030636
2006-02-15,0.00488455125781911
2006-02-16,0.00486617595599114
2006-02-17,0.00485076598182161
2006-02-18,0.00483521220768962
2006-02-19,0.00482226252535958
2006-02-20,0.00481105957478212
2006-02-21,0.00480060493682518
2006-02-22,0.00479188959321269
2006-02-23,0.00478368237517838
2006-02-24,0.00477375358009101
2006-02-25,0.00476099404453805
2006-02-26,0.00474477235456652
2006-02-27,0.00472573418239317
2006-02-28,0.00470503938686739
2006-03-01,0.00468314553390412
2006-03-02,0.00466037595363967
2006-03-03,0.00463666020817161
2006-03-04,0.0046122278527911
2006-03-05,0.00458772215587712
2006-03-06,0.00456305393624343
2006-03-07,0.00453841067168064
2006-03-08,0.00451433240196521
2006-03-09,0.00449111052425379
2006-03-10,0.00446848952189123
2006-03-11,0.00444579923498691
2006-03-12,0.00442294536089724
2006-03-13,0.00440050782053447
2006-03-14,0.00437865419336127
2006-03-15,0.00435751074456629
2006-03-16,0.00433687929271671
2006-03-17,0.00431633557861832
2006-03-18,0.00429566404199934
2006-03-19,0.0042750171062
2006-03-20,0.00425457721299609
2006-03-21,0.00423391392630942
2006-03-22,0.00421278460987242
2006-03-23,0.00419123429501222
2006-03-24,0.00416934923438634
2006-03-25,0.00414758070969031
2006-03-26,0.00412617803589826
2006-03-27,0.00410487695293116
2006-03-28,0.00408412057224173
2006-03-29,0.00406428899863714
2006-03-30,0.00404517350392281
2006-03-31,0.00402661331863841
2006-04-01,0.00400765159863869
2006-04-02,0.00398833329780635
2006-04-03,0.00396904190662945
2006-04-04,0.0039499312053596
2006-04-05,0.00393062108691949
2006-04-06,0.00391130785997727
2006-04-07,0.00389218688520714
2006-04-08,0.00387524885396961
2006-04-09,0.00386259815374313
2006-04-10,0.00385194139366231
2006-04-11,0.00383837372490458
2006-04-12,0.00382175292918941
2006-04-13,0.00380460635254505
2006-04-14,0.00378923834724185
2006-04-15,0.00377977665641987
2006-04-16,0.00378677413135432
2006-04-17,0.00382834900541835
2006-04-18,0.00390932197401668
2006-04-19,0.00400514486187212
2006-04-20,0.00408416801719435
2006-04-21,0.0041380352662349
2006-04-22,0.00418776057010228
2006-04-23,0.00429103241965877
2006-04-24,0.00451051689484502
2006-04-25,0.00485629879696591
2006-04-26,0.00529549577316842
2006-04-27,0.00583558681784029
2006-04-28,0.00648755887719219
2006-04-29,0.00735020535950058
2006-04-30,0.00843337036310134
2006-05-01,0.00953047313460296
2006-05-02,0.0105300794104413
2006-05-03,0.0114530235597418
2006-05-04,0.0124685612606629
2006-05-05,0.0139836069678834
2006-05-06,0.0160205707309455
2006-05-07,0.018349571392099
2006-05-08,0.0208166897136097
2006-05-09,0.023288709593316
2006-05-10,0.0256198724336329
2006-05-11,0.0279495315966287
2006-05-12,0.0303554814499391
2006-05-13,0.0328956164920415
2006-05-14,0.0355946230922515
2006-05-15,0.038690693334533
2006-05-16,0.0421499440222823
2006-05-17,0.0453580235145337
2006-05-18,0.0485057613632856
2006-05-19,0.0523590692024505
2006-05-20,0.0574745671269247
2006-05-21,0.0646894094024253
2006-05-22,0.0738757364322313
2006-05-23,0.0839730709858891
2006-05-24,0.0933698833829594
2006-05-25,0.101277536006586
2006-05-26,0.10806134527501
2006-05-27,0.113707052624388
2006-05-28,0.118037644273273
2006-05-29,0.121367635223718
2006-05-30,0.124189625555127
2006-05-31,0.126492570735995
2006-06-01,0.128327588052823
2006-06-02,0.130469145678948
2006-06-03,0.133679724701811
2006-06-04,0.137840466592283
2006-06-05,0.14264210085755
2006-06-06,0.147124352480681
2006-06-07,0.150304659819173
2006-06-08,0.152355528944639
2006-06-09,0.152029843156539
2006-06-10,0.149657254023389
2006-06-11,0.146557969268253
2006-06-12,0.143298730489789
2006-06-13,0.140424585052515
2006-06-14,0.137854460481027
2006-06-15,0.134693123070977
2006-06-16,0.130761616002727
2006-06-17,0.126779522892571
2006-06-18,0.123172568567442
2006-06-19,0.11972671602596
2006-06-20,0.11624869263942
2006-06-21,0.112955965301094
2006-06-22,0.109937973564625
2006-06-23,0.10689915189939
2006-06-24,0.103593525852073
2006-06-25,0.0999576657948642
2006-06-26,0.0962228256064349
2006-06-27,0.0926285261682136
2006-06-28,0.0893845435491308
2006-06-29,0.0863745033710891
2006-06-30,0.0834834179020614
2006-07-01,0.0808862097419446
2006-07-02,0.0785132649603273
2006-07-03,0.0761983533703947
2006-07-04,0.0740618267563109
2006-07-05,0.0720801740325681
2006-07-06,0.0701254964652611
2006-07-07,0.0681818753075207
2006-07-08,0.0664343457603304
2006-07-09,0.0652813221064364
2006-07-10,0.064281910753597
2006-07-11,0.0630414115361015
2006-07-12,0.0619559596324933
2006-07-13,0.0612111678332004
2006-07-14,0.0605573456830515
2006-07-15,0.0599945382487818
2006-07-16,0.0594192675701451
2006-07-17,0.0586871754944264
2006-07-18,0.0579374856700884
2006-07-19,0.0574784236139478
2006-07-20,0.0573045993640302
2006-07-21,0.0570959766670284
2006-07-22,0.0566311390028662
2006-07-23,0.0559609251122061
2006-07-24,0.0551232920400638
2006-07-25,0.0541616197546784
2006-07-26,0.0530241085949195
2006-07-27,0.051645188014023
2006-07-28,0.050116221996719
2006-07-29,0.0486597341029537
2006-07-30,0.0472869928555821
2006-07-31,0.0459331166636957
2006-08-01,0.0446293897712239
2006-08-02,0.0434327847655014
2006-08-03,0.0423645566253257
2006-08-04,0.0415633828941609
2006-08-05,0.041161349549702
2006-08-06,0.0411346550267694
2006-08-07,0.0412978258906609
2006-08-08,0.0413515734501706
2006-08-09,0.0416751148409105
2006-08-10,0.0424002177573848
2006-08-11,0.0430813886451831
2006-08-12,0.0434962023705083
2006-08-13,0.0438753753548637
2006-08-14,0.0446420537366087
2006-08-15,0.0457971316450071
2006-08-16,0.0469812475026659
2006-08-17,0.04817611010183
2006-08-18,0.0494749301654498
2006-08-19,0.0510372437477311
2006-08-20,0.0530992788758265
2006-08-21,0.055910548808252
2006-08-22,0.0595065140201086
2006-08-23,0.0626445694827676
2006-08-24,0.0652027430293486
2006-08-25,0.0674488424835884
2006-08-26,0.0693666122457895
2006-08-27,0.070760199086706
2006-08-28,0.071673282823654
2006-08-29,0.0725771148373184
2006-08-30,0.0739829056726712
2006-08-31,0.0752775025809969
2006-09-01,0.0763436203340741
2006-09-02,0.077099640751677
2006-09-03,0.0779635992671206
2006-09-04,0.0791470862025026
2006-09-05,0.0805599114357162
2006-09-06,0.0816947326022487
2006-09-07,0.0820172947169121
2006-09-08,0.0817093169298391
2006-09-09,0.0810809209774588
2006-09-10,0.0804871211471902
2006-09-11,0.0800632160814658
2006-09-12,0.0793544583302689
2006-09-13,0.0783142286711339
2006-09-14,0.077113825823945
2006-09-15,0.0758665037663765
2006-09-16,0.074701467706464
2006-09-17,0.0737192115265626
2006-09-18,0.0730597195474457
2006-09-19,0.0724572822437582
2006-09-20,0.0718916577944434
2006-09-21,0.0711998935459152
2006-09-22,0.0703157268673928
2006-09-23,0.0693654953403585
2006-09-24,0.0683403753593885
2006-09-25,0.0671757387804615
2006-09-26,0.0658640057278717
2006-09-27,0.0645468300002819
2006-09-28,0.0632623647367345
2006-09-29,0.0618880645273972
2006-09-30,0.0602334021780948
2006-10-01,0.0583613279237731
2006-10-02,0.0565143191036022
2006-10-03,0.0548457656885093
2006-10-04,0.0533412744353543
2006-10-05,0.0518852910894068
2006-10-06,0.0503945547380563
2006-10-07,0.0488455496167179
2006-10-08,0.0472633065216152
2006-10-09,0.0457332137357668
2006-10-10,0.0442616446051343
2006-10-11,0.0428446697408277
2006-10-12,0.041497067660359
2006-10-13,0.0402331918414352
2006-10-14,0.0390219012249495
2006-10-15,0.0378330419358891
2006-10-16,0.036638967597552
2006-10-17,0.0354198884981006
2006-10-18,0.0341738926952192
2006-10-19,0.0329125930952066
2006-10-20,0.0316505734658398
2006-10-21,0.0303998756954853
2006-10-22,0.0291650528610468
2006-10-23,0.0279522383869446
2006-10-24,0.0267716130382895
2006-10-25,0.0256265230982784
2006-10-26,0.0245200235694669
2006-10-27,0.0234533297560601
2006-10-28,0.0224299096612632
2006-10-29,0.0214527098137342
2006-10-30,0.0205326875546496
2006-10-31,0.0196739074567831
2006-11-01,0.0188774755720184
2006-11-02,0.0181362762740771
2006-11-03,0.0174346620841309
2006-11-04,0.0167580116448584
2006-11-05,0.016104390202724
2006-11-06,0.0154839478122127
2006-11-07,0.0149093193759953
2006-11-08,0.0143911424420963
2006-11-09,0.0139427300535766
2006-11-10,0.0135761812101963
2006-11-11,0.0132804288023248
2006-11-12,0.0130178383345348
2006-11-13,0.012749817570259
2006-11-14,0.0124512847675255
2006-11-15,0.0121191240596749
2006-11-16,0.0117717146700991
2006-11-17,0.0114299227659799
2006-11-18,0.011106123659472
2006-11-19,0.0108046083871555
2006-11-20,0.0105247863596336
2006-11-21,0.0102639033337387
2006-11-22,0.0100186733175007
2006-11-23,0.00978644292085709
2006-11-24,0.00956613856338314
2006-11-25,0.00935752078244515
2006-11-26,0.00916056218004742
2006-11-27,0.00897515844293275
2006-11-28,0.00880072737312424
2006-11-29,0.00863648523285981
2006-11-30,0.0084812753853945
2006-12-01,0.00833378392612799
2006-12-02,0.00819276959664094
2006-12-03,0.0080578719363061
2006-12-04,0.00792884739819384
2006-12-05,0.00780538859766786
2006-12-06,0.00768741662540939
2006-12-07,0.00757475702052624
2006-12-08,0.00746752270345553
2006-12-09,0.00736547555907514
2006-12-10,0.00726841761289212
2006-12-11,0.00717613546092409
2006-12-12,0.00708856128557251
2006-12-13,0.00700579211593282
2006-12-14,0.00692769825817443
2006-12-15,0.00685394263381746
2006-12-16,0.00678436034111355
2006-12-17,0.00671870488859614
2006-12-18,0.00665649356580469
2006-12-19,0.0065973684092951
2006-12-20,0.00654091899497832
2006-12-21,0.00648648933525956
2006-12-22,0.00643379348372854
2006-12-23,0.00638253673878759
2006-12-24,0.0063324852677668
2006-12-25,0.00628364691868206
2006-12-26,0.0062359778835774
2006-12-27,0.00618938446713607
2006-12-28,0.00614384378221983
2006-12-29,0.00609939605730744
2006-12-30,0.00605592228290088
2006-12-31,0.00601350570927731
2007-01-01,0.00597230624111044
2007-01-02,0.00593206767369797
2007-01-03,0.00589248413058773
2007-01-04,0.00585368212668423
2007-01-05,0.0058159809887294
2007-01-06,0.00577956512734141
2007-01-07,0.00574420991006241
2007-01-08,0.00570960405514569
2007-01-09,0.00567560603520279
2007-01-10,0.00564220599763938
2007-01-11,0.00560916395220958
2007-01-12,0.00557638533301633
2007-01-13,0.0055441477976012
2007-01-14,0.00551248797474316
2007-01-15,0.00548165302880593
2007-01-16,0.00545150512541206
2007-01-17,0.00542198658639713
2007-01-18,0.00539313518087772
2007-01-19,0.00536481128147708
2007-01-20,0.00533704711356063
2007-01-21,0.00530985415819503
2007-01-22,0.0052831415176875
2007-01-23,0.00525672316691686
2007-01-24,0.00523081662881858
2007-01-25,0.00520564928141578
2007-01-26,0.00518107128188986
2007-01-27,0.00515694105733533
2007-01-28,0.00513330206749863
2007-01-29,0.00511013737117674
2007-01-30,0.00508748000036796
2007-01-31,0.00506844717521726
2007-02-01,0.00505574482140152
2007-02-02,0.00504596616766282
2007-02-03,0.00503863590696339
2007-02-04,0.00503406255635113
2007-02-05,0.00502916377532021
2007-02-06,0.00502326844832647
2007-02-07,0.00501667206110605
2007-02-08,0.00500786407116552
2007-02-09,0.00499600673802268
2007-02-10,0.00498077937367687
2007-02-11,0.00496209836396325
2007-02-12,0.00494091067466087
2007-02-13,0.00491833945659994
2007-02-14,0.00489516438769565
2007-02-15,0.00487181194372202
2007-02-16,0.004848591316121
2007-02-17,0.00482586507116389
2007-02-18,0.00480366526306027
2007-02-19,0.00478187068907152
2007-02-20,0.00476041463702981
2007-02-21,0.00473937709179708
2007-02-22,0.00471864257122059
2007-02-23,0.00469817608824212
2007-02-24,0.00467802633499998
2007-02-25,0.00465809547445963
2007-02-26,0.00463843083315207
2007-02-27,0.00461900603764404
2007-02-28,0.00459965665507614
2007-03-01,0.00458035765354599
2007-03-02,0.00456119739821234
2007-03-03,0.00454215134484846
2007-03-04,0.00452320532000189
2007-03-05,0.00450438089352159
2007-03-06,0.00448585450545154
2007-03-07,0.00446754159686437
2007-03-08,0.00444902825100329
2007-03-09,0.00443023756543841
2007-03-10,0.0044111547725661
2007-03-11,0.00439183539518567
2007-03-12,0.00437240850164544
2007-03-13,0.00435307080298402
2007-03-14,0.00433387641052556
2007-03-15,0.00431472519454655
2007-03-16,0.00429539158149245
2007-03-17,0.00427593940751005
2007-03-18,0.00425628571963586
2007-03-19,0.00423621407362702
2007-03-20,0.0042160243062681
2007-03-21,0.00419590971316573
2007-03-22,0.00417564538112874
2007-03-23,0.00415528662011246
2007-03-24,0.00413519701950583
2007-03-25,0.00411554770540579
2007-03-26,0.00409641989678922
2007-03-27,0.00407742241832653
2007-03-28,0.00405872447255499
2007-03-29,0.00404094795099062
2007-03-30,0.00402387708624202
2007-03-31,0.00400643692961249
2007-04-01,0.00398874267529436
2007-04-02,0.00397079919185248
2007-04-03,0.0039524397734416
2007-04-04,0.00393339092074427
2007-04-05,0.0039139979317223
2007-04-06,0.00389574308007489
2007-04-07,0.00388243607688347
2007-04-08,0.00388742406714773
2007-04-09,0.00395899063111916
2007-04-10,0.00413207561335864
2007-04-11,0.00444787888664541
2007-04-12,0.00502068954665867
2007-04-13,0.00585412382205398
2007-04-14,0.00686896931818952
2007-04-15,0.00794672001008985
2007-04-16,0.00897311864204927
2007-04-17,0.00981608929599963
2007-04-18,0.0103611867219557
2007-04-19,0.0106566244851725
2007-04-20,0.010823284124685
2007-04-21,0.0109871095719104
2007-04-22,0.01126328958356
2007-04-23,0.0117201771430627
2007-04-24,0.0124436620635943
2007-04-25,0.0135226808989353
2007-04-26,0.0150737825488782
2007-04-27,0.0170773288488243
2007-04-28,0.0194712862567918
2007-04-29,0.0220601322939444
2007-04-30,0.0245469173604606
2007-05-01,0.0269863341558528
2007-05-02,0.0296628691067393
2007-05-03,0.0325370330402287
2007-05-04,0.0353891398300037
2007-05-05,0.0380800028622311
2007-05-06,0.0405645996095846
2007-05-07,0.04327050338422
2007-05-08,0.0464877450662049
2007-05-09,0.0498311162934924
2007-05-10,0.0531154302943068
2007-05-11,0.0567061054150102
2007-05-12,0.0614898585443214
2007-05-13,0.0678380199547613
2007-05-14,0.0746393041626344
2007-05-15,0.0815214513313804
2007-05-16,0.0887250441607453
2007-05-17,0.0956239626514767
2007-05-18,0.101919000885566
2007-05-19,0.108131553540935
2007-05-20,0.114691558172905
2007-05-21,0.119794062622679
2007-05-22,0.122383209285705
2007-05-23,0.123461401424564
2007-05-24,0.124495968827311
2007-05-25,0.126632883393244
2007-05-26,0.129646899121714
2007-05-27,0.132779872281533
2007-05-28,0.135875036585683
2007-05-29,0.139433353676987
2007-05-30,0.143542465020032
2007-05-31,0.147466975740033
2007-06-01,0.150230920243238
2007-06-02,0.151114459518793
2007-06-03,0.150848892696873
2007-06-04,0.149734416752301
2007-06-05,0.148404083792722
2007-06-06,0.146918213463271
2007-06-07,0.145127556801031
2007-06-08,0.143428564303156
2007-06-09,0.141997301595105
2007-06-10,0.140515239022721
2007-06-11,0.139331446662924
2007-06-12,0.139078098202578
2007-06-13,0.139775483853116
2007-06-14,0.140253621946472
2007-06-15,0.138691524860405
2007-06-16,0.134758519671131
2007-06-17,0.130216119070891
2007-06-18,0.126353581425671
2007-06-19,0.124216374917729
2007-06-20,0.123715026036412
2007-06-21,0.122221311234846
2007-06-22,0.119264696216251
2007-06-23,0.115169734228697
2007-06-24,0.110704474479435
2007-06-25,0.10643098400805
2007-06-26,0.102772700124638
2007-06-27,0.099697332825033
2007-06-28,0.096844426394031
2007-06-29,0.0939852481691578
2007-06-30,0.0913563719136061
2007-07-01,0.0895145400249392
2007-07-02,0.0882024712496258
2007-07-03,0.0869427751036017
2007-07-04,0.0858493287150613
2007-07-05,0.0849252913530454
2007-07-06,0.0841637557814892
2007-07-07,0.0834424808208777
2007-07-08,0.0825938994181012
2007-07-09,0.0816448280765709
2007-07-10,0.0806152244833071
2007-07-11,0.0795182950885654
2007-07-12,0.0785295501936358
2007-07-13,0.0777251294230146
2007-07-14,0.0767369229789717
2007-07-15,0.0756623306738807
2007-07-16,0.0748315304012506
2007-07-17,0.0746449453407289
2007-07-18,0.0758038550977391
2007-07-19,0.0781347186104817
2007-07-20,0.0792222571372834
2007-07-21,0.0796291182429612
2007-07-22,0.0802392673038593
2007-07-23,0.0807508232058162
2007-07-24,0.0806945531233108
2007-07-25,0.08058143313939
2007-07-26,0.0803705774729783
2007-07-27,0.0799466341987733
2007-07-28,0.0792755512752373
2007-07-29,0.0783222351437711
2007-07-30,0.0772701797858325
2007-07-31,0.0763735048843353
2007-08-01,0.0757246187195579
2007-08-02,0.0750873396585339
2007-08-03,0.0741591991019006
2007-08-04,0.0729707798482153
2007-08-05,0.0716992002211066
2007-08-06,0.0705735127214808
2007-08-07,0.0695522202198064
2007-08-08,0.068415316746336
2007-08-09,0.0672017010077835
2007-08-10,0.0660626400971455
2007-08-11,0.0650548543289146
2007-08-12,0.064336587180874
2007-08-13,0.0639341820319056
2007-08-14,0.0637881037912656
2007-08-15,0.063686544289348
2007-08-16,0.0636037350066099
2007-08-17,0.0635057628402288
2007-08-18,0.0633364712649507
2007-08-19,0.0632024030981145
2007-08-20,0.0634769594507456
2007-08-21,0.0639475982437145
2007-08-22,0.0642075814225727
2007-08-23,0.0642099879003807
2007-08-24,0.0640904562773983
2007-08-25,0.0639435611601592
2007-08-26,0.0638728413090109
2007-08-27,0.0640373594690866
2007-08-28,0.0644353545682742
2007-08-29,0.0647250679279373
2007-08-30,0.064747738247643
2007-08-31,0.0645090332573627
2007-09-01,0.0645067358012991
2007-09-02,0.0651055372015249
2007-09-03,0.0658004610797429
2007-09-04,0.0665477860470798
2007-09-05,0.0674387928726807
2007-09-06,0.0678914053370541
2007-09-07,0.0677796077995482
2007-09-08,0.0670390734665519
2007-09-09,0.0654809006210354
2007-09-10,0.0634723317331116
2007-09-11,0.061534678543721
2007-09-12,0.0599412258531411
2007-09-13,0.0587761167763188
2007-09-14,0.0578159029729854
2007-09-15,0.0568303380430097
2007-09-16,0.0560581440488893
2007-09-17,0.0555810719101281
2007-09-18,0.0553101692831654
2007-09-19,0.0553503129336244
2007-09-20,0.055735456682958
2007-09-21,0.0559515378937586
2007-09-22,0.055800598903192
2007-09-23,0.0553617195720795
2007-09-24,0.054839925298729
2007-09-25,0.0543050554218694
2007-09-26,0.053629778311607
2007-09-27,0.0526562926418301
2007-09-28,0.051532098112923
2007-09-29,0.0503782477356093
2007-09-30,0.0491472320508733
2007-10-01,0.0478216621219207
2007-10-02,0.0464312475389642
2007-10-03,0.0450139751230854
2007-10-04,0.0436054144394752
2007-10-05,0.0422548792984161
2007-10-06,0.0410622685185837
2007-10-07,0.0400717315741515
2007-10-08,0.0392366041854837
2007-10-09,0.0385331494980215
2007-10-10,0.0379377347183844
2007-10-11,0.0373990351902468
2007-10-12,0.0368663836813928
2007-10-13,0.0363359099935586
2007-10-14,0.0357746636919224
2007-10-15,0.0351121112037392
2007-10-16,0.0342931866386846
2007-10-17,0.0333155785831366
2007-10-18,0.0322183948599079
2007-10-19,0.0310455458737076
2007-10-20,0.0298320854034316
2007-10-21,0.0286213479576567
2007-10-22,0.0274455149533468
2007-10-23,0.0263120982121318
2007-10-24,0.0252222204517205
2007-10-25,0.0241798638049704
2007-10-26,0.0231872486844044
2007-10-27,0.0222438541415886
2007-10-28,0.021345491457597
2007-10-29,0.0204892665609032
2007-10-30,0.0196768687157367
2007-10-31,0.0189096682678915
2007-11-01,0.0181854770112468
2007-11-02,0.0175001404235898
2007-11-03,0.0168511776611025
2007-11-04,0.0162360908517263
2007-11-05,0.0156527868879871
2007-11-06,0.0151004637908201
2007-11-07,0.0145784929034916
2007-11-08,0.0140885372560077
2007-11-09,0.0136315261386498
2007-11-10,0.0132036257638693
2007-11-11,0.0127973033462009
2007-11-12,0.0124053518148644
2007-11-13,0.0120251349899715
2007-11-14,0.0116576281787152
2007-11-15,0.0113050597451197
2007-11-16,0.0109696559442844
2007-11-17,0.0106532525544642
2007-11-18,0.0103574151575949
2007-11-19,0.0100826034094298
2007-11-20,0.00982792582660392
2007-11-21,0.0095918236213474
2007-11-22,0.00937306529676477
2007-11-23,0.00917006874479259
2007-11-24,0.00898219231922428
2007-11-25,0.00880729546831532
2007-11-26,0.00864338946949006
2007-11-27,0.00849007558045808
2007-11-28,0.00834690537929471
2007-11-29,0.00821370794818178
2007-11-30,0.00809248150600671
2007-12-01,0.00798698539966873
2007-12-02,0.00789423832858716
2007-12-03,0.00780347940885417
2007-12-04,0.00771106936028466
2007-12-05,0.00761888602048872
2007-12-06,0.00752873514547167
2007-12-07,0.0074428086663973
2007-12-08,0.00736127271023318
2007-12-09,0.00728338626854655
2007-12-10,0.00720898221429527
2007-12-11,0.0071401508391245
2007-12-12,0.00707524072333762
2007-12-13,0.00701159710061163
2007-12-14,0.00694906669964345
2007-12-15,0.00688808280416445
2007-12-16,0.00682895860085856
2007-12-17,0.00677172028901228
2007-12-18,0.00671630134607978
2007-12-19,0.00666255290884557
2007-12-20,0.00661052910856885
2007-12-21,0.00656018582242787
2007-12-22,0.00651129836501197
2007-12-23,0.00646358270791335
2007-12-24,0.00641704826792359
2007-12-25,0.00637166490947583
2007-12-26,0.00632738002699077
2007-12-27,0.00628396946898482
2007-12-28,0.00624103245015437
2007-12-29,0.00619875861823183
2007-12-30,0.00615738235288646
2007-12-31,0.00611684067739412
2008-01-01,0.00607721408185858
2008-01-02,0.00603852634290927
2008-01-03,0.00600067118122261
2008-01-04,0.00596355371916958
2008-01-05,0.00592706765557819
2008-01-06,0.00589117585072314
2008-01-07,0.00585604150953621
2008-01-08,0.00582165297282885
2008-01-09,0.00578794836873099
2008-01-10,0.00575505324370173
2008-01-11,0.00572289800703591
2008-01-12,0.00569131281431262
2008-01-13,0.00566027004163468
2008-01-14,0.00562971550189582
2008-01-15,0.00559947397282138
2008-01-16,0.0055695526616796
2008-01-17,0.00553990990977133
2008-01-18,0.00551066552237145
2008-01-19,0.0054818463307965
2008-01-20,0.00545321201383049
2008-01-21,0.00542673596490487
2008-01-22,0.00540224337730359
2008-01-23,0.0053785631846732
2008-01-24,0.00535562042030803
2008-01-25,0.00533332523467721
2008-01-26,0.00531159606388857
2008-01-27,0.00529080574716065
2008-01-28,0.00527081465201243
2008-01-29,0.00525107906433943
2008-01-30,0.0052311474567387
2008-01-31,0.00521057608761779
2008-02-01,0.00518894201810559
2008-02-02,0.00516624085779842
2008-02-03,0.00514276305106754
2008-02-04,0.00511880191176846
2008-02-05,0.00509453739045628
2008-02-06,0.00507021915146212
2008-02-07,0.00504611640364441
2008-02-08,0.00502235860990919
2008-02-09,0.00499901113360855
2008-02-10,0.00497588855140887
2008-02-11,0.0049530762476964
2008-02-12,0.00493059969860518
2008-02-13,0.00490844621135618
2008-02-14,0.00488630259020056
2008-02-15,0.00486396320656947
2008-02-16,0.00484166431031279
2008-02-17,0.00481977045520946
2008-02-18,0.00479817715302807
2008-02-19,0.00477676007695615
2008-02-20,0.00475555620102491
2008-02-21,0.00473456532475906
2008-02-22,0.00471379346053792
2008-02-23,0.00469320257108085
2008-02-24,0.00467273348413733
2008-02-25,0.00465256723462834
2008-02-26,0.00463276473373209
2008-02-27,0.00461333780758752
2008-02-28,0.00459464418427596
2008-02-29,0.00457658977881664
2008-03-01,0.00455898583515581
2008-03-02,0.00454178624939155
2008-03-03,0.00452478123056877
2008-03-04,0.00450795399435222
2008-03-05,0.00449084723297122
2008-03-06,0.00447368002884179
2008-03-07,0.00445690572181653
2008-03-08,0.00444052421829581
2008-03-09,0.00442465977919346
2008-03-10,0.00440952755630882
2008-03-11,0.00439467654114831
2008-03-12,0.00437971041324376
2008-03-13,0.00436543208887278
2008-03-14,0.00435241540749824
2008-03-15,0.00433991742170057
2008-03-16,0.00432680103500145
2008-03-17,0.00431255569832563
2008-03-18,0.00429684964393968
2008-03-19,0.00428006788827942
2008-03-20,0.00426299176566296
2008-03-21,0.00424610462178004
2008-03-22,0.00422936809184089
2008-03-23,0.00421278049251534
2008-03-24,0.00419632111471787
2008-03-25,0.00418044415692653
2008-03-26,0.00416617651970187
2008-03-27,0.00415488400512425
2008-03-28,0.00414685998197828
2008-03-29,0.00414066110337466
2008-03-30,0.00413602037506242
2008-03-31,0.00413477521452208
2008-04-01,0.00414217469664518
2008-04-02,0.00416599217802102
2008-04-03,0.0042086498535908
2008-04-04,0.00427253185815071
2008-04-05,0.00435913458606157
2008-04-06,0.00446461237195468
2008-04-07,0.00458327251202267
2008-04-08,0.00471120142484179
2008-04-09,0.00483750514453662
2008-04-10,0.00495145416122874
2008-04-11,0.00504988769512073
2008-04-12,0.0051279137843078
2008-04-13,0.00517883679894608
2008-04-14,0.00520627652589282
2008-04-15,0.00521970540251454
2008-04-16,0.00522086843248409
2008-04-17,0.00522186753547891
2008-04-18,0.00526362404364269
2008-04-19,0.00535503318549977
2008-04-20,0.00549509972886293
2008-04-21,0.00571461807412884
2008-04-22,0.00599748595919885
2008-04-23,0.00623128985851752
2008-04-24,0.00634987097889099
2008-04-25,0.00642846860780042
2008-04-26,0.00653833005417152
2008-04-27,0.00670917674958644
2008-04-28,0.00699022239763987
2008-04-29,0.00744600703984052
2008-04-30,0.00806943752728118
2008-05-01,0.00879420162593739
2008-05-02,0.00960999057859514
2008-05-03,0.0105800372534141
2008-05-04,0.0118547333545921
2008-05-05,0.0136512945678995
2008-05-06,0.0160707613709743
2008-05-07,0.0187640909384168
2008-05-08,0.0212420552041682
2008-05-09,0.0234251830866844
2008-05-10,0.0258690518492968
2008-05-11,0.02942367819645
2008-05-12,0.0346831458811294
2008-05-13,0.0422012742583281
2008-05-14,0.0523662698828249
2008-05-15,0.0646439212223879
2008-05-16,0.0772878938689536
2008-05-17,0.0885063498418572
2008-05-18,0.0987209557986318
2008-05-19,0.108855483839538
2008-05-20,0.118294764321788
2008-05-21,0.126463301604297
2008-05-22,0.132825393917425
2008-05-23,0.137110352132818
2008-05-24,0.140791797875478
2008-05-25,0.146046114181459
2008-05-26,0.153201884005612
2008-05-27,0.15901548596527
2008-05-28,0.160723003559884
2008-05-29,0.159303894279528
2008-05-30,0.15677492572115
2008-05-31,0.155216423163599
2008-06-01,0.155733828796991
2008-06-02,0.159387029201171
2008-06-03,0.164445190756339
2008-06-04,0.166619654857809
2008-06-05,0.16552900204251
2008-06-06,0.16120433785108
2008-06-07,0.154561354319361
2008-06-08,0.147025996353855
2008-06-09,0.140962593293924
2008-06-10,0.136974720125745
2008-06-11,0.133230626771391
2008-06-12,0.129542471742306
2008-06-13,0.126528482783155
2008-06-14,0.123484462949884
2008-06-15,0.120113256650458
2008-06-16,0.117419401321882
2008-06-17,0.115184011505166
2008-06-18,0.11250699196418
2008-06-19,0.109269011402582
2008-06-20,0.105567566512701
2008-06-21,0.101975896325932
2008-06-22,0.0985616823261023
2008-06-23,0.0951854990873887
2008-06-24,0.0918214473633042
2008-06-25,0.0885986489115756
2008-06-26,0.08544111756015
2008-06-27,0.0824560553459872
2008-06-28,0.0798194900456598
2008-06-29,0.0774449003156961
2008-06-30,0.0752772646875097
2008-07-01,0.073261499428523
2008-07-02,0.0712123458360119
2008-07-03,0.0695168824247795
2008-07-04,0.0681698381385834
2008-07-05,0.0670549725359096
2008-07-06,0.0663646845657805
2008-07-07,0.0660443892678194
2008-07-08,0.0657915806768807
2008-07-09,0.0655528760543595
2008-07-10,0.0652845098719223
2008-07-11,0.065132044211407
2008-07-12,0.0651208935948114
2008-07-13,0.0651746164905648
2008-07-14,0.0650491374008595
2008-07-15,0.0648004990324592
2008-07-16,0.0645240241343903
2008-07-17,0.0642137915609958
2008-07-18,0.063833092925443
2008-07-19,0.0634546455742382
2008-07-20,0.0630067484965851
2008-07-21,0.0625413495147095
2008-07-22,0.0621542570279894
2008-07-23,0.0617448150973056
2008-07-24,0.0613845438656968
2008-07-25,0.0614535553104915
2008-07-26,0.061824607701545
2008-07-27,0.0620278148599288
2008-07-28,0.0620980144349651
2008-07-29,0.0630214075895799
2008-07-30,0.0653190408940354
2008-07-31,0.0672868806844653
2008-08-01,0.0682489470267848
2008-08-02,0.0690975382251341
2008-08-03,0.0703827016361171
2008-08-04,0.0718190052873786
2008-08-05,0.0729796858964382
2008-08-06,0.0744294731841567
2008-08-07,0.0765020476455958
2008-08-08,0.0781962646159847
2008-08-09,0.079404456182628
2008-08-10,0.080457734293016
2008-08-11,0.0811685929649017
2008-08-12,0.0812995326665016
2008-08-13,0.0809900177784571
2008-08-14,0.0804537185067775
2008-08-15,0.0799629492801105
2008-08-16,0.0796170687043016
2008-08-17,0.0793339279531083
2008-08-18,0.0787832445774665
2008-08-19,0.0779381206441998
2008-08-20,0.0770107052944488
2008-08-21,0.075725046604524
2008-08-22,0.074129369910357
2008-08-23,0.0726307588168009
2008-08-24,0.0714464097336427
2008-08-25,0.0706085370764401
2008-08-26,0.070151380242618
2008-08-27,0.0699174787372392
2008-08-28,0.0695251200662152
2008-08-29,0.0691190164646538
2008-08-30,0.0688003179798811
2008-08-31,0.0686636859907119
2008-09-01,0.068950634668331
2008-09-02,0.0696119574720837
2008-09-03,0.070092518524338
2008-09-04,0.0703258485913363
2008-09-05,0.0706354002050292
2008-09-06,0.07118554225005
2008-09-07,0.0719357074886281
2008-09-08,0.0727479313807613
2008-09-09,0.0736178317374291
2008-09-10,0.0742225193238504
2008-09-11,0.0743915967219014
2008-09-12,0.0741906586139632
2008-09-13,0.0736015568311621
2008-09-14,0.0726794269456086
2008-09-15,0.0715894943041149
2008-09-16,0.0703737725898249
2008-09-17,0.0691408088888354
2008-09-18,0.0678015794565557
2008-09-19,0.0664411399351079
2008-09-20,0.0651777134965635
2008-09-21,0.0639891374052748
2008-09-22,0.062835710904832
2008-09-23,0.0617356976407101
2008-09-24,0.0607061814859434
2008-09-25,0.0597465300146962
2008-09-26,0.0588108650262373
2008-09-27,0.0578685923933048
2008-09-28,0.0568923486164669
2008-09-29,0.0558560890090619
2008-09-30,0.0547425749892947
2008-10-01,0.0534914878675764
2008-10-02,0.0521197103203229
2008-10-03,0.0506819126771742
2008-10-04,0.0491831549701472
2008-10-05,0.0476298523183564
2008-10-06,0.0460499326622247
2008-10-07,0.0445117073329609
2008-10-08,0.0430033469174486
2008-10-09,0.0415557516937673
2008-10-10,0.0401828739736098
2008-10-11,0.0388693169451353
2008-10-12,0.0376072758128805
2008-10-13,0.0363970195742533
2008-10-14,0.0352293958054514
2008-10-15,0.0340746290394933
2008-10-16,0.032923202553438
2008-10-17,0.0318086202457886
2008-10-18,0.0307636831087196
2008-10-19,0.029789358391505
2008-10-20,0.028866649160321
2008-10-21,0.0279681718533047
2008-10-22,0.0270674380040366
2008-10-23,0.0261563471696611
2008-10-24,0.0252428609180139
2008-10-25,0.0243454693887027
2008-10-26,0.0234842248929591
2008-10-27,0.0226711260291606
2008-10-28,0.0219007682799324
2008-10-29,0.0211513893421754
2008-10-30,0.0204126660036619
2008-10-31,0.0196883034591233
2008-11-01,0.018982568334175
2008-11-02,0.0182950717003546
2008-11-03,0.0176226623173981
2008-11-04,0.0169661503298104
2008-11-05,0.0163311745171722
2008-11-06,0.0157242887417433
2008-11-07,0.0151517916358681
2008-11-08,0.0146169020027813
2008-11-09,0.014116729735332
2008-11-10,0.0136451491346533
2008-11-11,0.0131958027365376
2008-11-12,0.0127637861318687
2008-11-13,0.0123521081778405
2008-11-14,0.0119684183642481
2008-11-15,0.0116152761367294
2008-11-16,0.0112872958904677
2008-11-17,0.0109766756133882
2008-11-18,0.0106769108441258
2008-11-19,0.0103851738239597
2008-11-20,0.0101022476285008
2008-11-21,0.00982750046856324
2008-11-22,0.00955868697740005
2008-11-23,0.0092969701543718
2008-11-24,0.00904773050794094
2008-11-25,0.00881716614890357
2008-11-26,0.0086096164080677
2008-11-27,0.00842609012863853
2008-11-28,0.00826375697255312
2008-11-29,0.00811722035741032
2008-11-30,0.00798192651120552
2008-12-01,0.00785516325285561
2008-12-02,0.00773577027445139
2008-12-03,0.00762354544947458
2008-12-04,0.00751819492306658
2008-12-05,0.00742003108184795
2008-12-06,0.00732993941272883
2008-12-07,0.00724679658364625
2008-12-08,0.00716938297279278
2008-12-09,0.0070973288836522
2008-12-10,0.00702980400711383
2008-12-11,0.0069658519241788
2008-12-12,0.00690457732583946
2008-12-13,0.00684516992183519
2008-12-14,0.00678765159339188
2008-12-15,0.00673214181692786
2008-12-16,0.00667849268194459
2008-12-17,0.00662697722772885
2008-12-18,0.00657768102615632
2008-12-19,0.00653115206905932
2008-12-20,0.00648639365285565
2008-12-21,0.006442572362487
2008-12-22,0.00640006819391659
2008-12-23,0.00635879834848586
2008-12-24,0.00631849873821762
2008-12-25,0.00627905884763073
2008-12-26,0.00624056426825025
2008-12-27,0.00620292569434636
2008-12-28,0.00616566921687779
2008-12-29,0.0061288953576207
2008-12-30,0.0060927943682119
2008-12-31,0.00605709081795479
2009-01-01,0.00602189266803784
2009-01-02,0.00598761310617528
2009-01-03,0.00595414757781401
2009-01-04,0.00592118514133436
2009-01-05,0.00588859917172558
2009-01-06,0.00585685859239006
2009-01-07,0.00582588150887619
2009-01-08,0.00579532894890703
2009-01-09,0.00576517902545536
2009-01-10,0.00573554158591669
2009-01-11,0.00570647696956412
2009-01-12,0.00567794438476619
2009-01-13,0.00564976986913199
2009-01-14,0.00562191388075465
2009-01-15,0.00559422019026506
2009-01-16,0.00557042757786822
2009-01-17,0.00555227196427037
2009-01-18,0.00553618201274038
2009-01-19,0.00552238736456994
2009-01-20,0.00551236472716399
2009-01-21,0.00550703287226267
2009-01-22,0.00551359982355116
2009-01-23,0.00553796701750743
2009-01-24,0.00557552013954773
2009-01-25,0.00561088012938694
2009-01-26,0.00563285218309144
2009-01-27,0.00564239709391193
2009-01-28,0.0056438473455841
2009-01-29,0.00563841408694736
2009-01-30,0.00562595191017856
2009-01-31,0.00560800856040732
2009-02-01,0.00558783987462958
2009-02-02,0.00556811728646401
2009-02-03,0.0055489965084249
2009-02-04,0.0055281629439584
2009-02-05,0.00550308413812055
2009-02-06,0.00547274675529305
2009-02-07,0.00543775701262754
2009-02-08,0.00539975096832742
2009-02-09,0.00536042879266079
2009-02-10,0.00532100245179234
2009-02-11,0.00528224641925698
2009-02-12,0.00524448745031611
2009-02-13,0.00520792936130373
2009-02-14,0.00517247028271043
2009-02-15,0.00513810899529475
2009-02-16,0.0051047374754877
2009-02-17,0.0050720394326636
2009-02-18,0.00503995085666944
2009-02-19,0.00500836946457932
2009-02-20,0.0049772576223268
2009-02-21,0.004946740897261
2009-02-22,0.00491694909419253
2009-02-23,0.00488757276063701
2009-02-24,0.00485888288324055
2009-02-25,0.00483120256993983
2009-02-26,0.00480441543659298
2009-02-27,0.00477807898522352
2009-02-28,0.00475205968521395
2009-03-01,0.0047265160208232
2009-03-02,0.00470145986988711
2009-03-03,0.00467673068993559
2009-03-04,0.00465226284595278
2009-03-05,0.00462824405140232
2009-03-06,0.00460441202996496
2009-03-07,0.00458057602423622
2009-03-08,0.00455685419738551
2009-03-09,0.00453334130380294
2009-03-10,0.00451023190708973
2009-03-11,0.00448739027002153
2009-03-12,0.00446461440024999
2009-03-13,0.00444185165194663
2009-03-14,0.00441922706700607
2009-03-15,0.00439676417210905
2009-03-16,0.0043743137911444
2009-03-17,0.00435175896990341
2009-03-18,0.00432933610258583
2009-03-19,0.00430709175901409
2009-03-20,0.0042849532686439
2009-03-21,0.00426299770239206
2009-03-22,0.0042407913443368
2009-03-23,0.00421826572215248
2009-03-24,0.00419573321522921
2009-03-25,0.00417326870712961
2009-03-26,0.0041511399488272
2009-03-27,0.00412922244487017
2009-03-28,0.00410681586006513
2009-03-29,0.00408381955388014
2009-03-30,0.00406059848825861
2009-03-31,0.00403777956016104
2009-04-01,0.00401646428884274
2009-04-02,0.00399668436089611
2009-04-03,0.0039781302542036
2009-04-04,0.00396237741599436
2009-04-05,0.00396146525630854
2009-04-06,0.0039879585423041
2009-04-07,0.00406801183336296
2009-04-08,0.00423278449394317
2009-04-09,0.00449946921477794
2009-04-10,0.00487255605992185
2009-04-11,0.00533241496575612
2009-04-12,0.00582738271807163
2009-04-13,0.00630453543073638
2009-04-14,0.0067297972615543
2009-04-15,0.0071053730543738
2009-04-16,0.00744923820503873
2009-04-17,0.00781677702373968
2009-04-18,0.00825127698818263
2009-04-19,0.00874503586905712
2009-04-20,0.00924266645095847
2009-04-21,0.00973695452261502
2009-04-22,0.0102330138017729
2009-04-23,0.0107522451203013
2009-04-24,0.0113735580986985
2009-04-25,0.0122698566282919
2009-04-26,0.0136663632575412
2009-04-27,0.0157784279270586
2009-04-28,0.0189337984021989
2009-04-29,0.0233099054243102
2009-04-30,0.0283596310068282
2009-05-01,0.0335836457927181
2009-05-02,0.0389993609552866
2009-05-03,0.0442674281561719
2009-05-04,0.048938087595214
2009-05-05,0.0533624503483703
2009-05-06,0.0583135880821453
2009-05-07,0.0639882480368354
2009-05-08,0.0694956222211751
2009-05-09,0.0736077582048224
2009-05-10,0.0755980386967932
2009-05-11,0.0760032235235012
2009-05-12,0.0757433364791224
2009-05-13,0.0753690278922973
2009-05-14,0.0749888881935094
2009-05-15,0.0747874371110015
2009-05-16,0.0749751566875828
2009-05-17,0.0757138289587019
2009-05-18,0.0768067619283943
2009-05-19,0.077688500274663
2009-05-20,0.0783717139597704
2009-05-21,0.0794365425597975
2009-05-22,0.0811132412522301
2009-05-23,0.0827776975282488
2009-05-24,0.0840247171184733
2009-05-25,0.0851307674848725
2009-05-26,0.0864229793455497
2009-05-27,0.0879029379651362
2009-05-28,0.0897778993999444
2009-05-29,0.0928906669920425
2009-05-30,0.0981401656497955
2009-05-31,0.105377250366107
2009-06-01,0.113695341670988
2009-06-02,0.121406607503635
2009-06-03,0.127317237625657
2009-06-04,0.131019464491252
2009-06-05,0.133546278002064
2009-06-06,0.135596731756513
2009-06-07,0.138015907866362
2009-06-08,0.140773685397788
2009-06-09,0.142511090278011
2009-06-10,0.143790114280238
2009-06-11,0.145311419421265
2009-06-12,0.144931877586954
2009-06-13,0.141457249875871
2009-06-14,0.136228690029747
2009-06-15,0.130879206281927
2009-06-16,0.125544067715363
2009-06-17,0.120186763899769
2009-06-18,0.114921205658458
2009-06-19,0.11005419718008
2009-06-20,0.105682085157392
2009-06-21,0.10198823697258
2009-06-22,0.099071892727057
2009-06-23,0.0964270999553869
2009-06-24,0.0935078691570842
2009-06-25,0.0903973698090293
2009-06-26,0.0875753583085387
2009-06-27,0.0846075391010398
2009-06-28,0.0815753539673451
2009-06-29,0.0785420668660858
2009-06-30,0.0759067018955676
2009-07-01,0.0732623468332061
2009-07-02,0.0707200175420754
2009-07-03,0.0687733808109595
2009-07-04,0.0676010941944128
2009-07-05,0.0669666727772231
2009-07-06,0.0665689217757377
2009-07-07,0.066216678555714
2009-07-08,0.0661095083431905
2009-07-09,0.0661270832039883
2009-07-10,0.0659012924500438
2009-07-11,0.0652639360436548
2009-07-12,0.0643128692570246
2009-07-13,0.0631965644378981
2009-07-14,0.0620307503589431
2009-07-15,0.0609236997727954
2009-07-16,0.0600826625776327
2009-07-17,0.0595134110530282
2009-07-18,0.0588051084644885
2009-07-19,0.0574940120146716
2009-07-20,0.0558698142139397
2009-07-21,0.0542912281182434
2009-07-22,0.0529150974605578
2009-07-23,0.0517697540771433
2009-07-24,0.0507701049721289
2009-07-25,0.049830832140749
2009-07-26,0.0489227596478499
2009-07-27,0.0482381638651397
2009-07-28,0.0475177665174252
2009-07-29,0.0465326906580506
2009-07-30,0.045455874327819
2009-07-31,0.0445317361585767
2009-08-01,0.0440002786395324
2009-08-02,0.0443235156162756
2009-08-03,0.0458732940585891
2009-08-04,0.0475412284754739
2009-08-05,0.0490137914394925
2009-08-06,0.0500467037541749
2009-08-07,0.050791340229823
2009-08-08,0.0512302748520207
2009-08-09,0.0515619942576762
2009-08-10,0.0524766533749286
2009-08-11,0.0540288494309743
2009-08-12,0.0558000449981655
2009-08-13,0.0572281618408862
2009-08-14,0.0578466877508954
2009-08-15,0.0579086076129218
2009-08-16,0.0579990890355796
2009-08-17,0.0583259141407231
2009-08-18,0.0589690057864073
2009-08-19,0.0596525565518028
2009-08-20,0.0599690745625551
2009-08-21,0.059764137667395
2009-08-22,0.0589890407277193
2009-08-23,0.0578628431772185
2009-08-24,0.0566813198513638
2009-08-25,0.0556579748005889
2009-08-26,0.0550338502523477
2009-08-27,0.0549415013785127
2009-08-28,0.05532027420872
2009-08-29,0.0557883277747147
2009-08-30,0.0561334695626159
2009-08-31,0.0563584761144534
2009-09-01,0.0563755664619382
2009-09-02,0.0563572693505064
2009-09-03,0.0566122327402447
2009-09-04,0.0566182404435134
2009-09-05,0.0561459998152247
2009-09-06,0.0554395276176236
2009-09-07,0.0546131118272653
2009-09-08,0.0536797724916202
2009-09-09,0.0526217961520818
2009-09-10,0.051598540560728
2009-09-11,0.0508624998525412
2009-09-12,0.0507596586373382
2009-09-13,0.0509678164616489
2009-09-14,0.0510223906438334
2009-09-15,0.0508986375837668
2009-09-16,0.0509064701184838
2009-09-17,0.0512116478945599
2009-09-18,0.0514851567910856
2009-09-19,0.0517261179064615
2009-09-20,0.0518815560648075
2009-09-21,0.0515472753814969
2009-09-22,0.0509672749935128
2009-09-23,0.0504506678920663
2009-09-24,0.0500526865815363
2009-09-25,0.049724015041385
2009-09-26,0.0493822671597187
2009-09-27,0.0489878240264683
2009-09-28,0.0484535331222244
2009-09-29,0.0477012415442097
2009-09-30,0.0468281464597147
2009-10-01,0.0460137137820229
2009-10-02,0.0454775852926969
2009-10-03,0.045253748543377
2009-10-04,0.0451096943785012
2009-10-05,0.0449936054538005
2009-10-06,0.0448550869938804
2009-10-07,0.0446113615212878
2009-10-08,0.0442875811412835
2009-10-09,0.043956856649712
2009-10-10,0.0435868093593657
2009-10-11,0.0431353868400952
2009-10-12,0.042586146510658
2009-10-13,0.0419257083624195
2009-10-14,0.0411134166053343
2009-10-15,0.0400905249891504
2009-10-16,0.0388519594549589
2009-10-17,0.0374573769181387
2009-10-18,0.0359860540530982
2009-10-19,0.0345092851250172
2009-10-20,0.03308702868942
2009-10-21,0.0317724558251749
2009-10-22,0.0305665270551131
2009-10-23,0.0294111615030354
2009-10-24,0.0282626147220865
2009-10-25,0.0271095966806761
2009-10-26,0.0259543295020673
2009-10-27,0.0248185572751793
2009-10-28,0.0237255298941192
2009-10-29,0.0226863072945085
2009-10-30,0.0217021760022987
2009-10-31,0.0207728665755185
2009-11-01,0.019902087041642
2009-11-02,0.0190940824689481
2009-11-03,0.0183445481374552
2009-11-04,0.0176420428127647
2009-11-05,0.0169723373757244
2009-11-06,0.0163220418026087
2009-11-07,0.0156828148276317
2009-11-08,0.0150469065522329
2009-11-09,0.0144205652086798
2009-11-10,0.0138171859343681
2009-11-11,0.0132492134058577
2009-11-12,0.0127251454175834
2009-11-13,0.0122473421804812
2009-11-14,0.0118129520241627
2009-11-15,0.0114165073632093
2009-11-16,0.0110553691774736
2009-11-17,0.0107338413534493
2009-11-18,0.0104546628637199
2009-11-19,0.0102072642628583
2009-11-20,0.00997282905342093
2009-11-21,0.00973609730714937
2009-11-22,0.00949062577538725
2009-11-23,0.00924124771490587
2009-11-24,0.0090011364251439
2009-11-25,0.00878185696980709
2009-11-26,0.00858743079861099
2009-11-27,0.00841529154143298
2009-11-28,0.00826030464375544
2009-11-29,0.00811817914500441
2009-11-30,0.00798639860785547
2009-12-01,0.00786328274092268
2009-12-02,0.00774776910837486
2009-12-03,0.00763899969256673
2009-12-04,0.00753574006833003
2009-12-05,0.0074373011112484
2009-12-06,0.00734399097968393
2009-12-07,0.00726018987116552
2009-12-08,0.0071825684125998
2009-12-09,0.0071066124902947
2009-12-10,0.0070325776396638
2009-12-11,0.00696024559706698
2009-12-12,0.00689005397931903
2009-12-13,0.0068225885893035
2009-12-14,0.00675769527646386
2009-12-15,0.00669485333162586
2009-12-16,0.00663391079534638
2009-12-17,0.00657501071015836
2009-12-18,0.00651758439540209
2009-12-19,0.0064618291767054
2009-12-20,0.00640835191760223
2009-12-21,0.00635672603282944
2009-12-22,0.00631003823009245
2009-12-23,0.00626839989079181
2009-12-24,0.00622876601693117
2009-12-25,0.006189697236041
2009-12-26,0.006150308147098
2009-12-27,0.00611049329092035
2009-12-28,0.00607096592274593
2009-12-29,0.00603214004805302
2009-12-30,0.00599396826547653
2009-12-31,0.00595645491305976
2010-01-01,0.00591961973969722
2010-01-02,0.00588338504275215
2010-01-03,0.00584773191381109
2010-01-04,0.00581281558051177
2010-01-05,0.00577858002370122
2010-01-06,0.00574508712903946
2010-01-07,0.00571256062231438
2010-01-08,0.00568100019630449
2010-01-09,0.00565003100705681
2010-01-10,0.00561956369795553
2010-01-11,0.00558957133868269
2010-01-12,0.00556000710255657
2010-01-13,0.005530884119969
2010-01-14,0.0055022933367182
2010-01-15,0.00547434588491893
2010-01-16,0.00544683545670321
2010-01-17,0.00541965496408091
2010-01-18,0.00539276667295337
2010-01-19,0.00536606786208321
2010-01-20,0.00533971629882618
2010-01-21,0.00531370008547796
2010-01-22,0.00528789761079295
2010-01-23,0.00526218220628988
2010-01-24,0.00523666152520403
2010-01-25,0.00521150796067544
2010-01-26,0.00518671405705704
2010-01-27,0.00516200995072318
2010-01-28,0.00513728074715843
2010-01-29,0.00511261473394885
2010-01-30,0.00508834150488032
2010-01-31,0.00506450067088931
2010-02-01,0.00504092812060494
2010-02-02,0.00501762782483584
2010-02-03,0.00499459447531283
2010-02-04,0.00497181159412784
2010-02-05,0.00494936058747681
2010-02-06,0.00492725425061676
2010-02-07,0.00490538835652025
2010-02-08,0.00488379666959603
2010-02-09,0.00486257562548501
2010-02-10,0.00484151883724977
2010-02-11,0.00482061070724627
2010-02-12,0.00479995599851986
2010-02-13,0.00477950597831356
2010-02-14,0.0047593819149182
2010-02-15,0.00473957203924824
2010-02-16,0.0047198663975845
2010-02-17,0.00470035058741585
2010-02-18,0.00468103823616257
2010-02-19,0.00466180660515321
2010-02-20,0.00464255861108657
2010-02-21,0.00462350137690786
2010-02-22,0.00460492348187165
2010-02-23,0.00458686798291743
2010-02-24,0.00456907996528447
2010-02-25,0.00455147514776404
2010-02-26,0.00453408961351764
2010-02-27,0.00451721241328809
2010-02-28,0.00450138873663461
2010-03-01,0.00448663074109902
2010-03-02,0.00447229008532111
2010-03-03,0.00445780119700585
2010-03-04,0.0044428864399244
2010-03-05,0.00442708513752382
2010-03-06,0.0044100909876187
2010-03-07,0.00439208253878929
2010-03-08,0.00437411721918925
2010-03-09,0.00435742327660447
2010-03-10,0.00434205148341488
2010-03-11,0.00432656220926786
2010-03-12,0.00431033632171008
2010-03-13,0.00429329574305592
2010-03-14,0.00427476056902007
2010-03-15,0.00425465157487689
2010-03-16,0.0042347432192181
2010-03-17,0.00421737330163795
2010-03-18,0.00420474970543417
2010-03-19,0.00419688522642111
2010-03-20,0.00419129053214123
2010-03-21,0.0041854172155437
2010-03-22,0.00417562821547021
2010-03-23,0.00415818636498247
2010-03-24,0.00413358968854554
2010-03-25,0.00410556070281023
2010-03-26,0.00407835108483686
2010-03-27,0.00405398307542708
2010-03-28,0.00403341711810907
2010-03-29,0.00401750840077527
2010-03-30,0.00400552536894253
2010-03-31,0.00399383395093907
2010-04-01,0.00397912510381495
2010-04-02,0.00396087864215387
2010-04-03,0.00394226505216053
2010-04-04,0.00392721164931556
2010-04-05,0.00391447051449923
2010-04-06,0.00390062832321302
2010-04-07,0.00388442170031351
2010-04-08,0.00386828368876077
2010-04-09,0.0038584964470335
2010-04-10,0.00386370676170518
2010-04-11,0.0038928607617545
2010-04-12,0.00395042731368235
2010-04-13,0.00401591958005852
2010-04-14,0.00405886932857094
2010-04-15,0.0040814891817106
2010-04-16,0.0041012250340634
2010-04-17,0.00412146070904234
2010-04-18,0.0041643235877884
2010-04-19,0.00427925482417124
2010-04-20,0.00457108155365268
2010-04-21,0.00519394373225402
2010-04-22,0.00628732909030916
2010-04-23,0.00771372511345986
2010-04-24,0.00891665367493997
2010-04-25,0.00988308265303922
2010-04-26,0.0109520050832714
2010-04-27,0.0118914743684741
2010-04-28,0.0125616935429287
2010-04-29,0.0133202945927016
2010-04-30,0.0144588092169243
2010-05-01,0.0160477835053583
2010-05-02,0.017919591607873
2010-05-03,0.020025422337676
2010-05-04,0.0224266777310572
2010-05-05,0.0250483587892082
2010-05-06,0.0277434602745643
2010-05-07,0.0304932496191519
2010-05-08,0.0334243479462001
2010-05-09,0.0367012324479303
2010-05-10,0.0406014207446777
2010-05-11,0.0452580784032391
2010-05-12,0.0503534555345658
2010-05-13,0.0555222038364187
2010-05-14,0.0607023547965653
2010-05-15,0.0659749929213666
2010-05-16,0.0707778679910122
2010-05-17,0.0744697329078902
2010-05-18,0.0772879993956305
2010-05-19,0.0800319305846712
2010-05-20,0.083422465197435
2010-05-21,0.0871221852651748
2010-05-22,0.0901773257911954
2010-05-23,0.0922427971982625
2010-05-24,0.0933705796148095
2010-05-25,0.0939025648019643
2010-05-26,0.0941868079600408
2010-05-27,0.0942927999850488
2010-05-28,0.094266483441724
2010-05-29,0.094239977990917
2010-05-30,0.0942886213489445
2010-05-31,0.0941929048108552
2010-06-01,0.0937682819956522
2010-06-02,0.0934088463649295
2010-06-03,0.093385923949544
2010-06-04,0.0941864355341314
2010-06-05,0.0958339852754358
2010-06-06,0.0975018999333681
2010-06-07,0.0980724726700399
2010-06-08,0.0974218929317401
2010-06-09,0.0963312946900328
2010-06-10,0.0949519457715091
2010-06-11,0.0931798753865159
2010-06-12,0.0909791982451137
2010-06-13,0.0886058305125666
2010-06-14,0.0864761021008008
2010-06-15,0.0844062940953352
2010-06-16,0.0823370740555773
2010-06-17,0.0800449097751838
2010-06-18,0.0778287146084119
2010-06-19,0.0760282673685817
2010-06-20,0.0747577088764175
2010-06-21,0.0738338945630605
2010-06-22,0.072770278334149
2010-06-23,0.0713363487983573
2010-06-24,0.0697656041259093
2010-06-25,0.0684489582886662
2010-06-26,0.0675443246836503
2010-06-27,0.0667992167809049
2010-06-28,0.0662032766556328
2010-06-29,0.0658758484320689
2010-06-30,0.065975492752413
2010-07-01,0.0664835698891848
2010-07-02,0.0671165393174042
2010-07-03,0.0676427394107231
2010-07-04,0.0680298604933478
2010-07-05,0.0682262782648779
2010-07-06,0.0682537220450549
2010-07-07,0.0680655308334456
2010-07-08,0.067771913414137
2010-07-09,0.0673899430557833
2010-07-10,0.0671419580658508
2010-07-11,0.0669792665507285
2010-07-12,0.066750896968096
2010-07-13,0.0661856934493154
2010-07-14,0.06529546607784
2010-07-15,0.0643508566409949
2010-07-16,0.0634910769440222
2010-07-17,0.0628445371057373
2010-07-18,0.0627190374407838
2010-07-19,0.0628052442325094
2010-07-20,0.0623451914286636
2010-07-21,0.061390900000794
2010-07-22,0.0606614796548059
2010-07-23,0.0607038980776101
2010-07-24,0.060546351281002
2010-07-25,0.0596818324461617
2010-07-26,0.0587570110194968
2010-07-27,0.0587891612804151
2010-07-28,0.0594017944175857
2010-07-29,0.0591865200001935
2010-07-30,0.0588292464888193
2010-07-31,0.059002394771357
2010-08-01,0.059548576799265
2010-08-02,0.0601887824950791
2010-08-03,0.0605203992000509
2010-08-04,0.0603629019217296
2010-08-05,0.0598832076074774
2010-08-06,0.0594339996215066
2010-08-07,0.0590469694029712
2010-08-08,0.0586513855091261
2010-08-09,0.0581963851076067
2010-08-10,0.0576805097002746
2010-08-11,0.0571503381656705
2010-08-12,0.0567478784023217
2010-08-13,0.056661764402397
2010-08-14,0.0568601840206831
2010-08-15,0.0570214381301155
2010-08-16,0.0568441456035575
2010-08-17,0.0563757577211816
2010-08-18,0.0557880419439004
2010-08-19,0.0550820606961316
2010-08-20,0.0544502166725023
2010-08-21,0.0543826207622305
2010-08-22,0.0549760729828338
2010-08-23,0.055901310217305
2010-08-24,0.0564555893969898
2010-08-25,0.0568180737573256
2010-08-26,0.0571053216689974
2010-08-27,0.0573564372708811
2010-08-28,0.0576516931883954
2010-08-29,0.0578755784957177
2010-08-30,0.0582385194035272
2010-08-31,0.0587364343988783
2010-09-01,0.0590503859434208
2010-09-02,0.0587498367522925
2010-09-03,0.0579496301359377
2010-09-04,0.0572923283048776
2010-09-05,0.0568527930120406
2010-09-06,0.0565089430183863
2010-09-07,0.0562366158078188
2010-09-08,0.056219451372036
2010-09-09,0.0565731364404553
2010-09-10,0.0570368172785022
2010-09-11,0.0574557146858576
2010-09-12,0.0578275411413481
2010-09-13,0.0581135911916285
2010-09-14,0.0583640420542917
2010-09-15,0.0587773403240221
2010-09-16,0.0594114771633584
2010-09-17,0.0597192152497629
2010-09-18,0.0594926474057366
2010-09-19,0.0588385830030821
2010-09-20,0.0578692856978439
2010-09-21,0.0566620865224175
2010-09-22,0.0552036237934728
2010-09-23,0.0535776622092783
2010-09-24,0.0518987395696685
2010-09-25,0.0502331264184736
2010-09-26,0.0486170315108507
2010-09-27,0.0470588101456378
2010-09-28,0.0455396454442315
2010-09-29,0.0440819922718016
2010-09-30,0.0427154282768909
2010-10-01,0.0413991534904694
2010-10-02,0.0401643286790746
2010-10-03,0.039081505768924
2010-10-04,0.0381924928629355
2010-10-05,0.0374753953042596
2010-10-06,0.03685369362386
2010-10-07,0.0362530435031314
2010-10-08,0.0356338244139119
2010-10-09,0.0349505556715988
2010-10-10,0.0341618826808518
2010-10-11,0.0332417936983838
2010-10-12,0.0322462966089726
2010-10-13,0.0312608500332927
2010-10-14,0.0303254172764815
2010-10-15,0.0294370846651727
2010-10-16,0.028613322327123
2010-10-17,0.0278739088028643
2010-10-18,0.0271640353606707
2010-10-19,0.0264205794127132
2010-10-20,0.025628067684793
2010-10-21,0.0247779235747981
2010-10-22,0.0238852371987438
2010-10-23,0.0229830147206669
2010-10-24,0.0220711506962071
2010-10-25,0.0211418954883451
2010-10-26,0.0202111402358461
2010-10-27,0.0193026677056267
2010-10-28,0.0184309793277815
2010-10-29,0.0176020820567144
2010-10-30,0.0168190101610151
2010-10-31,0.0160841617238783
2010-11-01,0.0153985170248983
2010-11-02,0.0147610350478865
2010-11-03,0.0141704791452543
2010-11-04,0.0136248765862346
2010-11-05,0.0131189610264555
2010-11-06,0.0126463744650557
2010-11-07,0.0122292355454966
2010-11-08,0.0118916669924185
2010-11-09,0.0116101233839366
2010-11-10,0.0113603442292896
2010-11-11,0.0111254437020687
2010-11-12,0.0108953119017638
2010-11-13,0.0106694627030401
2010-11-14,0.0104443908075749
2010-11-15,0.0102191596624451
2010-11-16,0.00999946534440575
2010-11-17,0.00978704152863379
2010-11-18,0.00957576578380601
2010-11-19,0.00936182117650278
2010-11-20,0.00914957831287115
2010-11-21,0.00894677177778333
2010-11-22,0.00876097641974141
2010-11-23,0.0086024121997843
2010-11-24,0.00847316548797684
2010-11-25,0.00836619962054109
2010-11-26,0.00827754033575572
2010-11-27,0.00820593133809207
2010-11-28,0.00815137450894416
2010-11-29,0.00811163805362451
2010-11-30,0.00807473135454187
2010-12-01,0.0080294393477936
2010-12-02,0.00796903767936483
2010-12-03,0.00789244151870048
2010-12-04,0.00780248744852675
2010-12-05,0.00770165920716479
2010-12-06,0.00759188706930029
2010-12-07,0.00747576935220507
2010-12-08,0.0073561530712424
2010-12-09,0.00723591623390848
2010-12-10,0.00711777020911258
2010-12-11,0.00700417529559785
2010-12-12,0.00689695181774712
2010-12-13,0.00679690218070834
2010-12-14,0.00670418379118716
2010-12-15,0.00661892345663194
2010-12-16,0.00654078338923184
2010-12-17,0.00646904584234482
2010-12-18,0.00640306946369975
2010-12-19,0.00634241214950828
2010-12-20,0.00628624924879343
2010-12-21,0.0062336348025897
2010-12-22,0.00618366546974799
2010-12-23,0.00613565985817316
2010-12-24,0.00608942197728542
2010-12-25,0.00604473271912118
2010-12-26,0.00600140410770192
2010-12-27,0.00595933613940475
2010-12-28,0.00591837052762359
2010-12-29,0.0058785216168223
2010-12-30,0.00583968062048648
2010-12-31,0.00580180940584681
2011-01-01,0.00576479868508134
2011-01-02,0.00572848205577628
2011-01-03,0.00569281990751143
2011-01-04,0.00565810700888114
2011-01-05,0.00562461381397594
2011-01-06,0.00559227150047609
2011-01-07,0.00556090971739765
2011-01-08,0.00553022862531457
2011-01-09,0.00550019598043993
2011-01-10,0.00547073513701836
2011-01-11,0.0054415207971379
2011-01-12,0.0054122325336497
2011-01-13,0.00538258499871367
2011-01-14,0.00535271177214088
2011-01-15,0.005323214494025
2011-01-16,0.00529432618222727
2011-01-17,0.00526593535481823
2011-01-18,0.00523813174951149
2011-01-19,0.00521095548712905
2011-01-20,0.00518419775698743
2011-01-21,0.00515789180107179
2011-01-22,0.00513218169730695
2011-01-23,0.00510704141687645
2011-01-24,0.00508235410780363
2011-01-25,0.00505799108498344
2011-01-26,0.00503388558948624
2011-01-27,0.00500997917518103
2011-01-28,0.00498635684595479
2011-01-29,0.00496284206370123
2011-01-30,0.00493954896868893
2011-01-31,0.0049172654850229
2011-02-01,0.00489569266239053
2011-02-02,0.00487433338334476
2011-02-03,0.00485320936714252
2011-02-04,0.00483220010937505
2011-02-05,0.00481133602184383
2011-02-06,0.00479086709766999
2011-02-07,0.00477240561429623
2011-02-08,0.00475853760241429
2011-02-09,0.00474794209300775
2011-02-10,0.00473430635124369
2011-02-11,0.0047143954269093
2011-02-12,0.00469044153226138
2011-02-13,0.00466583888227012
2011-02-14,0.00464238210862427
2011-02-15,0.00462047129689174
2011-02-16,0.00459977521367531
2011-02-17,0.00457989267934736
2011-02-18,0.00456063548244574
2011-02-19,0.00454214878435762
2011-02-20,0.0045245534315602
2011-02-21,0.00450752399443212
2011-02-22,0.00449106131436084
2011-02-23,0.00447502963419955
2011-02-24,0.0044589639419883
2011-02-25,0.00444319421332074
2011-02-26,0.0044283967965368
2011-02-27,0.00441422527307684
2011-02-28,0.0044002001806111
2011-03-01,0.00438640031759401
2011-03-02,0.00437268576102773
2011-03-03,0.004359147499286
2011-03-04,0.00434549249964416
2011-03-05,0.0043312839970734
2011-03-06,0.00431637269436901
2011-03-07,0.00430094675377285
2011-03-08,0.00428526475989257
2011-03-09,0.00426954301401344
2011-03-10,0.00425408794544006
2011-03-11,0.00423888244790779
2011-03-12,0.00422351593279423
2011-03-13,0.00420805402657102
2011-03-14,0.00419244801856956
2011-03-15,0.00417664521967418
2011-03-16,0.00416071270670072
2011-03-17,0.00414450953140448
2011-03-18,0.00412824619075087
2011-03-19,0.00411200928934237
2011-03-20,0.00409561873003919
2011-03-21,0.00407928515739549
2011-03-22,0.00406302194991478
2011-03-23,0.00404708003468932
2011-03-24,0.00403086030032478
2011-03-25,0.0040142582943496
2011-03-26,0.00399749979624179
2011-03-27,0.0039886493910065
2011-03-28,0.00398985122380375
2011-03-29,0.00400652927323022
2011-03-30,0.00404425335057366
2011-03-31,0.004100962003531
2011-04-01,0.00417145247407475
2011-04-02,0.00425016103884842
2011-04-03,0.00433388639236082
2011-04-04,0.00441791607179011
2011-04-05,0.00450173362280454
2011-04-06,0.00459219794554769
2011-04-07,0.00469268706099141
2011-04-08,0.00479011805308302
2011-04-09,0.0048627563846085
2011-04-10,0.00491602584238026
2011-04-11,0.00497447128763392
2011-04-12,0.00503658739164224
2011-04-13,0.00512570806750213
2011-04-14,0.00527759898490665
2011-04-15,0.00548208367124144
2011-04-16,0.00572830173601268
2011-04-17,0.00606300852477839
2011-04-18,0.00652287025046478
2011-04-19,0.00716791237084579
2011-04-20,0.0081738399793498
2011-04-21,0.00980303387789014
2011-04-22,0.0123480685585881
2011-04-23,0.0158024205894986
2011-04-24,0.0200440731882939
2011-04-25,0.0247778921508616
2011-04-26,0.0292758532313245
2011-04-27,0.0330062724993
2011-04-28,0.0362019162874508
2011-04-29,0.0392044464531399
2011-04-30,0.0419858776370697
2011-05-01,0.0444120996471713
2011-05-02,0.0464732815734523
2011-05-03,0.048372707917668
2011-05-04,0.0503279136382175
2011-05-05,0.0525252412738176
2011-05-06,0.0545773819686582
2011-05-07,0.0560055700081208
2011-05-08,0.0569770671609228
2011-05-09,0.0577583157952296
2011-05-10,0.0585824733046693
2011-05-11,0.0594972456908455
2011-05-12,0.0604553894292357
2011-05-13,0.061541020353688
2011-05-14,0.0629027963355783
2011-05-15,0.0645277219731593
2011-05-16,0.0661430949181644
2011-05-17,0.0679166915195143
2011-05-18,0.0698630763290108
2011-05-19,0.0717822820754772
2011-05-20,0.0736204840976173
2011-05-21,0.0759584265950617
2011-05-22,0.0795047803879301
2011-05-23,0.0836476233471654
2011-05-24,0.0873623602801156
2011-05-25,0.0904429462386839
2011-05-26,0.0932682236860213
2011-05-27,0.095523910223522
2011-05-28,0.0966945083320442
2011-05-29,0.0971202295090323
2011-05-30,0.0974920180787987
2011-05-31,0.0981532391170573
2011-06-01,0.0985772285495771
2011-06-02,0.0981880936375521
2011-06-03,0.0969648804506227
2011-06-04,0.0952159284304755
2011-06-05,0.0932300185651856
2011-06-06,0.0913158561980146
2011-06-07,0.0895791285324489
2011-06-08,0.0880933119704544
2011-06-09,0.0869039360813462
2011-06-10,0.0858799254566349
2011-06-11,0.0847625036899097
2011-06-12,0.0834772156954198
2011-06-13,0.0823019982748577
2011-06-14,0.081308695323208
2011-06-15,0.0805152947493599
2011-06-16,0.0796714398537296
2011-06-17,0.0784803803178416
2011-06-18,0.0771275988673221
2011-06-19,0.0757772701774336
2011-06-20,0.074206902318559
2011-06-21,0.0724263156824204
2011-06-22,0.070553230058792
2011-06-23,0.0686516422968502
2011-06-24,0.0667512175218459
2011-06-25,0.0649311119960492
2011-06-26,0.0633687910914871
2011-06-27,0.0620442254553674
2011-06-28,0.0608190357408672
2011-06-29,0.0596533918664774
2011-06-30,0.0585505590891737
2011-07-01,0.0576013457382236
2011-07-02,0.0569553250548135
2011-07-03,0.057102883572333
2011-07-04,0.057939350998012
2011-07-05,0.0591255042262533
2011-07-06,0.0601264219666286
2011-07-07,0.0605079968313613
2011-07-08,0.0608826768947439
2011-07-09,0.0615050032875217
2011-07-10,0.0619798222659842
2011-07-11,0.062159293460341
2011-07-12,0.0618535432703272
2011-07-13,0.0610671867290897
2011-07-14,0.0600738645039507
2011-07-15,0.0593247556226115
2011-07-16,0.0588641297635331
2011-07-17,0.0579835971079906
2011-07-18,0.0566808668216782
2011-07-19,0.0554772598870135
2011-07-20,0.0546991423927367
2011-07-21,0.0537788571925547
2011-07-22,0.0527479302322827
2011-07-23,0.0518370259712123
2011-07-24,0.0511657901834762
2011-07-25,0.050997915497557
2011-07-26,0.0515228378209582
2011-07-27,0.0524163105309666
2011-07-28,0.0530793748130841
2011-07-29,0.0535486675001949
2011-07-30,0.0543245644554842
2011-07-31,0.0552383646001081
2011-08-01,0.055927655135103
2011-08-02,0.0565487813465083
2011-08-03,0.0572342695591707
2011-08-04,0.0578073490158577
2011-08-05,0.0581599215032329
2011-08-06,0.0583472622723383
2011-08-07,0.058450159095207
2011-08-08,0.0586145007168509
2011-08-09,0.0593655791046766
2011-08-10,0.0605319701946609
2011-08-11,0.0614623445211442
2011-08-12,0.0619094188914794
2011-08-13,0.0622856119826264
2011-08-14,0.0628365569171912
2011-08-15,0.0632624442234668
2011-08-16,0.0634509576689061
2011-08-17,0.0634007474609277
2011-08-18,0.0631745495287188
2011-08-19,0.0628573933575139
2011-08-20,0.0623800960247321
2011-08-21,0.0616899540291181
2011-08-22,0.060892061469731
2011-08-23,0.0602252847922948
2011-08-24,0.0597685143868623
2011-08-25,0.0593498406239755
2011-08-26,0.0587957188509692
2011-08-27,0.0581933834067201
2011-08-28,0.057532674977684
2011-08-29,0.056983215894681
2011-08-30,0.0566889375423715
2011-08-31,0.056578062002583
2011-09-01,0.0564630660554084
2011-09-02,0.0564749079497648
2011-09-03,0.056791082298153
2011-09-04,0.0572705669312986
2011-09-05,0.0577747302423329
2011-09-06,0.0580569450672473
2011-09-07,0.0580471436765044
2011-09-08,0.057920284530025
2011-09-09,0.057981221245489
2011-09-10,0.0585320360109466
2011-09-11,0.0594793400404736
2011-09-12,0.0604052175528741
2011-09-13,0.0610497082202845
2011-09-14,0.0613468733824309
2011-09-15,0.0612577946830503
2011-09-16,0.0606931871235427
2011-09-17,0.0597756145553646
2011-09-18,0.058635762574147
2011-09-19,0.0572185754924937
2011-09-20,0.0556450127759726
2011-09-21,0.0540370339694273
2011-09-22,0.0524429064239881
2011-09-23,0.0508750067720984
2011-09-24,0.0494150161624046
2011-09-25,0.0480383814501415
2011-09-26,0.0466546646942617
2011-09-27,0.0452129588207386
2011-09-28,0.0437725734135944
2011-09-29,0.0423570140030544
2011-09-30,0.0409798934101011
2011-10-01,0.0396639971567277
2011-10-02,0.038503457659409
2011-10-03,0.0374460569892352
2011-10-04,0.0364204677024228
2011-10-05,0.0354026436823903
2011-10-06,0.0343952510006478
2011-10-07,0.0333994978370972
2011-10-08,0.0324457826423473
2011-10-09,0.0316488596446864
2011-10-10,0.0310727747703455
2011-10-11,0.0306114597182388
2011-10-12,0.0302230676007081
2011-10-13,0.0298813857163093
2011-10-14,0.0296544146872115
2011-10-15,0.0296036835367936
2011-10-16,0.0297446491424226
2011-10-17,0.029962500118746
2011-10-18,0.0301022158324196
2011-10-19,0.0300587330606146
2011-10-20,0.029792463466472
2011-10-21,0.0293284357583004
2011-10-22,0.0287589850015376
2011-10-23,0.0282078153201525
2011-10-24,0.0277153965973803
2011-10-25,0.0272225647785985
2011-10-26,0.0266613636142368
2011-10-27,0.025999108529274
2011-10-28,0.0252583918960441
2011-10-29,0.0244769729691559
2011-10-30,0.0236777246315795
2011-10-31,0.0228677159929628
2011-11-01,0.0220462470450461
2011-11-02,0.0212107358787774
2011-11-03,0.0203679042170119
2011-11-04,0.019533606118161
2011-11-05,0.0187231435562211
2011-11-06,0.0179456213109445
2011-11-07,0.0172055071750464
2011-11-08,0.0165026766803496
2011-11-09,0.015834750278212
2011-11-10,0.0151995699816031
2011-11-11,0.0145975059602236
2011-11-12,0.0140299686809748
2011-11-13,0.0134970054190651
2011-11-14,0.0129965329421402
2011-11-15,0.0125258848138589
2011-11-16,0.012082271828533
2011-11-17,0.0116633021922002
2011-11-18,0.0112682770290587
2011-11-19,0.0108981591729651
2011-11-20,0.0105540559480945
2011-11-21,0.0102358738967884
2011-11-22,0.00994219146489052
2011-11-23,0.00967002564462572
2011-11-24,0.00941551017032516
2011-11-25,0.00917492831210564
2011-11-26,0.0089451709951235
2011-11-27,0.00872433731327293
2011-11-28,0.00851220987279762
2011-11-29,0.00831003001526619
2011-11-30,0.00811953406098465
2011-12-01,0.0079420303337047
2011-12-02,0.00777872133030383
2011-12-03,0.0076293781105248
2011-12-04,0.00749259474246845
2011-12-05,0.0073669850849825
2011-12-06,0.007250765310213
2011-12-07,0.00714269327427141
2011-12-08,0.0070423161934494
2011-12-09,0.00695226732932229
2011-12-10,0.00687178880879827
2011-12-11,0.0067984688914728
2011-12-12,0.00673089301897661
2011-12-13,0.00666748678459133
2011-12-14,0.00660684468482864
2011-12-15,0.00654797017368876
2011-12-16,0.00649047239646195
2011-12-17,0.00643454955851228
2011-12-18,0.00638027278113544
2011-12-19,0.00632741989154326
2011-12-20,0.00627546037062461
2011-12-21,0.00622421691178275
2011-12-22,0.00617413185636821
2011-12-23,0.00612579561376843
2011-12-24,0.00607960650291789
2011-12-25,0.00603563463618333
2011-12-26,0.00599366258343496
2011-12-27,0.00595329253648767
2011-12-28,0.00591421757264399
2011-12-29,0.00587608127539462
2011-12-30,0.005838538211634
2011-12-31,0.00580142528211573
2012-01-01,0.00576510384985269
2012-01-02,0.00572965261333494
2012-01-03,0.00569505297544771
2012-01-04,0.00566137174699506
2012-01-05,0.00562855014752096
2012-01-06,0.00559642709999113
2012-01-07,0.00556490935477092
2012-01-08,0.00553413193459881
2012-01-09,0.00550403479934649
2012-01-10,0.00547438018437137
2012-01-11,0.00544532798542139
2012-01-12,0.00541707120462437
2012-01-13,0.00538944402088174
2012-01-14,0.00536229760950517
2012-01-15,0.00533569859916092
2012-01-16,0.00530960035513387
2012-01-17,0.00528412786858636
2012-01-18,0.00525916141475052
2012-01-19,0.00523447510180755
2012-01-20,0.00521022822833736
2012-01-21,0.00518632637912256
2012-01-22,0.00516270290540687
2012-01-23,0.00513953232927627
2012-01-24,0.00511681237416117
2012-01-25,0.00509454881994345
2012-01-26,0.00507279287994939
2012-01-27,0.00505154074449837
2012-01-28,0.00503089995675429
2012-01-29,0.00501090730009804
2012-01-30,0.004991406015029
2012-01-31,0.00497227300899449
2012-02-01,0.00495342931300133
2012-02-02,0.00493477132353574
2012-02-03,0.00491616042960773
2012-02-04,0.00489743625172772
2012-02-05,0.00487883828436323
2012-02-06,0.00486029911962345
2012-02-07,0.00484205880297889
2012-02-08,0.00482451901895765
2012-02-09,0.00480746551784441
2012-02-10,0.00479082884731439
2012-02-11,0.00477398158857253
2012-02-12,0.00475633708247082
2012-02-13,0.00473850521373051
2012-02-14,0.00472119126166723
2012-02-15,0.00470386385669969
2012-02-16,0.00468554512944292
2012-02-17,0.00466610549950647
2012-02-18,0.00464599096958938
2012-02-19,0.00462591043212228
2012-02-20,0.00460615105792104
2012-02-21,0.00458678639151245
2012-02-22,0.00456770637743859
2012-02-23,0.00454857309880835
2012-02-24,0.00452949659807742
2012-02-25,0.0045105760392327
2012-02-26,0.00449185403573881
2012-02-27,0.0044733137336729
2012-02-28,0.00445484398699581
2012-02-29,0.00443634591895138
2012-03-01,0.00441789517890246
2012-03-02,0.00439959024605517
2012-03-03,0.00438148222401923
2012-03-04,0.00436365087597138
2012-03-05,0.00434604964200304
2012-03-06,0.00432857852552352
2012-03-07,0.00431114189131148
2012-03-08,0.00429360601429814
2012-03-09,0.00427577115880812
2012-03-10,0.00425767016718478
2012-03-11,0.0042397455332534
2012-03-12,0.00422214430587517
2012-03-13,0.0042046439850394
2012-03-14,0.00418708262996361
2012-03-15,0.00416946610598969
2012-03-16,0.00415191360383344
2012-03-17,0.0041343728071458
2012-03-18,0.00411651901565879
2012-03-19,0.00409838551420083
2012-03-20,0.00408003319151587
2012-03-21,0.0040613886447066
2012-03-22,0.00404259518197149
2012-03-23,0.00402398179213734
2012-03-24,0.00400557018587441
2012-03-25,0.00398753219715575
2012-03-26,0.00397009744841304
2012-03-27,0.00395306295955578
2012-03-28,0.0039362852719524
2012-03-29,0.00391886661030205
2012-03-30,0.00389972771804788
2012-03-31,0.00388111560426523
2012-04-01,0.00386453868341495
2012-04-02,0.00385063371023856
2012-04-03,0.00383889909933672
2012-04-04,0.00383141194934239
2012-04-05,0.00383285745306629
2012-04-06,0.00384346440293649
2012-04-07,0.00387250484962579
2012-04-08,0.00393193492008783
2012-04-09,0.00402290049771923
2012-04-10,0.0041445494105587
2012-04-11,0.00429716180851605
2012-04-12,0.00447224323812912
2012-04-13,0.00465071545362318
2012-04-14,0.00483031797636761
2012-04-15,0.00502129914090799
2012-04-16,0.00520973963882835
2012-04-17,0.00538862865521928
2012-04-18,0.00557900252761654
2012-04-19,0.00581876180508807
2012-04-20,0.00619857674810345
2012-04-21,0.00693156476339425
2012-04-22,0.00815601691603339
2012-04-23,0.00959566094912114
2012-04-24,0.0109726057934606
2012-04-25,0.0124987323778234
2012-04-26,0.0143530863075889
2012-04-27,0.0163854051401623
2012-04-28,0.0182898235073061
2012-04-29,0.0199092623324775
2012-04-30,0.0211719262095836
2012-05-01,0.0220735300014472
2012-05-02,0.0227685328145545
2012-05-03,0.0233555681887496
2012-05-04,0.0239607183099325
2012-05-05,0.0247856900462439
2012-05-06,0.0261247673624105
2012-05-07,0.0286591320954081
2012-05-08,0.0333906479613679
2012-05-09,0.0408114246091542
2012-05-10,0.0504748181560031
2012-05-11,0.061235836501977
2012-05-12,0.0718418529679297
2012-05-13,0.08154038367604
2012-05-14,0.090815923095889
2012-05-15,0.100431216351206
2012-05-16,0.110500728871648
2012-05-17,0.119441729248972
2012-05-18,0.125374401021155
2012-05-19,0.12787162771354
2012-05-20,0.127992833759209
2012-05-21,0.127353379834068
2012-05-22,0.126551602370553
2012-05-23,0.12590918737145
2012-05-24,0.125647249534818
2012-05-25,0.125871525342401
2012-05-26,0.125967747378954
2012-05-27,0.125157268768533
2012-05-28,0.123705483853707
2012-05-29,0.122399149500589
2012-05-30,0.121819152948373
2012-05-31,0.122579059544856
2012-06-01,0.125267730674256
2012-06-02,0.12907103492646
2012-06-03,0.132696626240336
2012-06-04,0.13498884785282
2012-06-05,0.13419759258174
2012-06-06,0.130148305724886
2012-06-07,0.124501490878491
2012-06-08,0.118724798976211
2012-06-09,0.11339134957679
2012-06-10,0.108719880088379
2012-06-11,0.104963192129656
2012-06-12,0.102104833702007
2012-06-13,0.0999335545174843
2012-06-14,0.0980668691789024
2012-06-15,0.0959606751783758
2012-06-16,0.0934779075153453
2012-06-17,0.0907071182853231
2012-06-18,0.0877396051134744
2012-06-19,0.0848052308035772
2012-06-20,0.0820213225197395
2012-06-21,0.079842220499145
2012-06-22,0.0781809373061575
2012-06-23,0.07696195432081
2012-06-24,0.0761474388016139
2012-06-25,0.0750729424295158
2012-06-26,0.073844049703625
2012-06-27,0.0728354449174117
2012-06-28,0.0718346845464455
2012-06-29,0.0706757432583539
2012-06-30,0.0695789684749614
2012-07-01,0.0688627168378359
2012-07-02,0.0684830185226394
2012-07-03,0.0681784737452055
2012-07-04,0.0676573177797582
2012-07-05,0.0670029697135801
2012-07-06,0.06624085401262
2012-07-07,0.0655157503298373
2012-07-08,0.0650297224464695
2012-07-09,0.0647636096128638
2012-07-10,0.0647246790826516
2012-07-11,0.0647126849206629
2012-07-12,0.0645485109933995
2012-07-13,0.0642310954887762
2012-07-14,0.0634359319375468
2012-07-15,0.0623343901132251
2012-07-16,0.0611690329652691
2012-07-17,0.0601552069830062
2012-07-18,0.0594216795866691
2012-07-19,0.0590039877852896
2012-07-20,0.0586722975105967
2012-07-21,0.0583057411524116
2012-07-22,0.0579768347259707
2012-07-23,0.0578988408579194
2012-07-24,0.0581004875539058
2012-07-25,0.0588709514405512
2012-07-26,0.0598610678857751
2012-07-27,0.06061274237421
2012-07-28,0.0610535492229356
2012-07-29,0.0612525605928574
2012-07-30,0.0612623868573664
2012-07-31,0.0610512696105823
2012-08-01,0.0606462283343481
2012-08-02,0.0600714224324521
2012-08-03,0.059401838647264
2012-08-04,0.0588409247653833
2012-08-05,0.0586532633348428
2012-08-06,0.0588632418446833
2012-08-07,0.0588161984497066
2012-08-08,0.0583663691457921
2012-08-09,0.0580451614587622
2012-08-10,0.0583776072964076
2012-08-11,0.0586106014474542
2012-08-12,0.0584177425437813
2012-08-13,0.0582067149764507
2012-08-14,0.0582572043207774
2012-08-15,0.0585304396071061
2012-08-16,0.0589446572319894
2012-08-17,0.0592227466317513
2012-08-18,0.0597483551142448
2012-08-19,0.0612438357377975
2012-08-20,0.0625069283390021
2012-08-21,0.0634141230622624
2012-08-22,0.0649906349044784
2012-08-23,0.0663323989068372
2012-08-24,0.0672950020097882
2012-08-25,0.0682922975880458
2012-08-26,0.0691513148581441
2012-08-27,0.069434305148647
2012-08-28,0.0693361291985326
2012-08-29,0.0698295376838408
2012-08-30,0.0712710862277624
2012-08-31,0.0723092392829694
2012-09-01,0.0725742487651743
2012-09-02,0.072398182039857
2012-09-03,0.0719601902348724
2012-09-04,0.0712231195510628
2012-09-05,0.0704818179942863
2012-09-06,0.0699299426987063
2012-09-07,0.0693704711599601
2012-09-08,0.0687031027540318
2012-09-09,0.0679388842478227
2012-09-10,0.0674500665176685
2012-09-11,0.0675235515976831
2012-09-12,0.0679947630298081
2012-09-13,0.0678259723376939
2012-09-14,0.0666487255872164
2012-09-15,0.0651086129835704
2012-09-16,0.0637268382037738
2012-09-17,0.0624760989619221
2012-09-18,0.0613102856048821
2012-09-19,0.060187147762718
2012-09-20,0.0589857139995479
2012-09-21,0.0576265124406456
2012-09-22,0.0561786662034927
2012-09-23,0.0547362388148455
2012-09-24,0.0532968735007188
2012-09-25,0.0518994416574547
2012-09-26,0.0505844664048568
2012-09-27,0.049438265756754
2012-09-28,0.0484622888871697
2012-09-29,0.0474982072885895
2012-09-30,0.0465428646276331
2012-10-01,0.045738306970515
2012-10-02,0.045141010625499
2012-10-03,0.0447342309832239
2012-10-04,0.0444432191794389
2012-10-05,0.0441508302113446
2012-10-06,0.0437004686316184
2012-10-07,0.0430022601414523
2012-10-08,0.0421415601834115
2012-10-09,0.0412099145348285
2012-10-10,0.0402391756285473
2012-10-11,0.0392552127395894
2012-10-12,0.0382998519302966
2012-10-13,0.0373771925440405
2012-10-14,0.0364486788289188
2012-10-15,0.0354972429777047
2012-10-16,0.0345360499599755
2012-10-17,0.0335656641119937
2012-10-18,0.0325710465653963
2012-10-19,0.0315458065609614
2012-10-20,0.0305016876068333
2012-10-21,0.0294468526900225
2012-10-22,0.0283873224009717
2012-10-23,0.0273435676764639
2012-10-24,0.026333553105963
2012-10-25,0.0253643471912331
2012-10-26,0.0244357550904214
2012-10-27,0.0235397379298955
2012-10-28,0.0226647565736131
2012-10-29,0.0218041956061755
2012-10-30,0.0209615197898894
2012-10-31,0.0201428149950674
2012-11-01,0.0193625019177475
2012-11-02,0.0186275957747468
2012-11-03,0.0179394757967577
2012-11-04,0.0172925685920313
2012-11-05,0.0166788380684258
2012-11-06,0.0160952859976644
2012-11-07,0.015542309838183
2012-11-08,0.015019573846371
2012-11-09,0.0145257098691926
2012-11-10,0.0140584507357069
2012-11-11,0.0136155169924387
2012-11-12,0.0131950080360403
2012-11-13,0.0127962077221613
2012-11-14,0.012418965957062
2012-11-15,0.0120628179090528
2012-11-16,0.011726529419381
2012-11-17,0.0114085419658341
2012-11-18,0.0111068101049577
2012-11-19,0.0108191084014707
2012-11-20,0.0105441589560451
2012-11-21,0.0102812096981014
2012-11-22,0.0100304871641879
2012-11-23,0.00979299121129356
2012-11-24,0.00956948196504579
2012-11-25,0.00936047147287406
2012-11-26,0.00916576070932842
2012-11-27,0.00898424441678923
2012-11-28,0.0088140345166665
2012-11-29,0.00865285179021378
2012-11-30,0.00849886298009326
2012-12-01,0.00835136773260649
2012-12-02,0.00820995015467753
2012-12-03,0.00807427264413575
2012-12-04,0.00794406298258375
2012-12-05,0.00781941865295919
2012-12-06,0.00770043393582331
2012-12-07,0.00758706062039563
2012-12-08,0.00747946090656517
2012-12-09,0.00737762547361687
2012-12-10,0.00728109583408777
2012-12-11,0.00718946736165651
2012-12-12,0.00710230940201075
2012-12-13,0.00701911855736667
2012-12-14,0.00693950546860937
2012-12-15,0.00686325220070073
2012-12-16,0.00679024974735996
2012-12-17,0.00672019907283622
2012-12-18,0.00665260326257512
2012-12-19,0.00658732496521312
2012-12-20,0.00652438445290744
2012-12-21,0.0064633531829998
2012-12-22,0.00640395091221717
2012-12-23,0.0063460766655615
2012-12-24,0.00628954569734157
2012-12-25,0.00623440349010425
2012-12-26,0.00618063750448866
2012-12-27,0.00612821954465483
2012-12-28,0.0060769880205985
2012-12-29,0.00602709930019739
2012-12-30,0.00597870898830391
2012-12-31,0.00593163704329192
2013-01-01,0.00588570646322286
2013-01-02,0.00584068053301897
2013-01-03,0.00579674043648936
2013-01-04,0.00575404995052389
2013-01-05,0.00571232998391359
2013-01-06,0.00567156573218292
2013-01-07,0.00563185289704284
2013-01-08,0.00559309515657161
2013-01-09,0.00555527595195985
2013-01-10,0.00551823559635309
2013-01-11,0.00548173141497725
2013-01-12,0.00544564207805245
2013-01-13,0.00541002810738506
2013-01-14,0.00537997033477286
2013-01-15,0.00535264190955853
2013-01-16,0.00532552336947675
2013-01-17,0.00529899199821818
2013-01-18,0.00527251548717852
2013-01-19,0.00524627788269847
2013-01-20,0.00522105345105659
2013-01-21,0.00519639771943787
2013-01-22,0.00517111084185803
2013-01-23,0.00514499546816022
2013-01-24,0.00511863551988289
2013-01-25,0.00509284542523578
2013-01-26,0.00506838193675606
2013-01-27,0.00504532304580417
2013-01-28,0.00502308241768703
2013-01-29,0.00500123340768738
2013-01-30,0.00497953705680015
2013-01-31,0.00495763375314048
2013-02-01,0.00493469337172593
2013-02-02,0.00491015792583236
2013-02-03,0.00488405880986884
2013-02-04,0.00485744844510114
2013-02-05,0.00483134336980934
2013-02-06,0.00480605962753923
2013-02-07,0.00478167066628325
2013-02-08,0.00475812539912194
2013-02-09,0.00473549953154581
2013-02-10,0.00471382881801197
2013-02-11,0.00469296834974775
2013-02-12,0.00467287252819843
2013-02-13,0.00465328884504659
2013-02-14,0.0046341223022898
2013-02-15,0.00461519033477787
2013-02-16,0.00459635705270508
2013-02-17,0.00457746658451589
2013-02-18,0.00455830464878578
2013-02-19,0.00453892300199849
2013-02-20,0.00451948439024693
2013-02-21,0.0045000723959754
2013-02-22,0.00448059598451956
2013-02-23,0.00446105002211719
2013-02-24,0.00444169907126836
2013-02-25,0.00442242863803337
2013-02-26,0.00440325027319797
2013-02-27,0.00438423190479789
2013-02-28,0.00436518184384446
2013-03-01,0.0043461075662296
2013-03-02,0.00432731464906197
2013-03-03,0.00430888992962952
2013-03-04,0.00429081293803174
2013-03-05,0.00427285667447821
2013-03-06,0.00425577675528469
2013-03-07,0.00423932007772773
2013-03-08,0.0042232249905099
2013-03-09,0.00420949129708784
2013-03-10,0.00419621788721159
2013-03-11,0.00418245108520276
2013-03-12,0.00416894046771721
2013-03-13,0.00415529256715341
2013-03-14,0.00414146566278478
2013-03-15,0.00412741906649208
2013-03-16,0.00411280828864646
2013-03-17,0.00409801709981746
2013-03-18,0.00408299182570907
2013-03-19,0.00406737674980458
2013-03-20,0.00405098835309431
2013-03-21,0.00403358625369118
2013-03-22,0.00401530456961553
2013-03-23,0.00399662013948401
2013-03-24,0.00397786595039333
2013-03-25,0.0039591556317238
2013-03-26,0.0039402491466636
2013-03-27,0.00392111025980038
2013-03-28,0.00390186239722105
2013-03-29,0.0038820406253004
2013-03-30,0.0038616311626697
2013-03-31,0.0038413130249396
2013-04-01,0.00382234001137158
2013-04-02,0.00380627008076659
2013-04-03,0.0037906036330069
2013-04-04,0.00377175932906243
2013-04-05,0.00375236450914127
2013-04-06,0.00373205185027726
2013-04-07,0.00371156566037899
2013-04-08,0.00369080312806595
2013-04-09,0.00367061863365326
2013-04-10,0.00365098012482217
2013-04-11,0.00363423554953025
2013-04-12,0.00362494609406965
2013-04-13,0.00363374499745584
2013-04-14,0.0036654233845591
2013-04-15,0.00370859208764248
2013-04-16,0.00375163952482383
2013-04-17,0.00379151688044504
2013-04-18,0.00383620789066063
2013-04-19,0.00389325621523518
2013-04-20,0.00396531151803975
2013-04-21,0.00407544362261939
2013-04-22,0.00425456539451018
2013-04-23,0.00450423629288973
2013-04-24,0.0048359299063077
2013-04-25,0.00528489990324197
2013-04-26,0.00588745443739978
2013-04-27,0.00669340113339986
2013-04-28,0.00777727260065451
2013-04-29,0.00921945844849494
2013-04-30,0.0111400017379329
2013-05-01,0.0136415267864427
2013-05-02,0.0167987212420981
2013-05-03,0.0210803897972663
2013-05-04,0.0268768066211439
2013-05-05,0.0339989941151927
2013-05-06,0.0419788822181943
2013-05-07,0.0502130418003555
2013-05-08,0.058344871033236
2013-05-09,0.0661418216889003
2013-05-10,0.0741049269233048
2013-05-11,0.0823875141682375
2013-05-12,0.0900882069690759
2013-05-13,0.0967790247468309
2013-05-14,0.10243642341545
2013-05-15,0.106567989889174
2013-05-16,0.109163125537006
2013-05-17,0.111263982096103
2013-05-18,0.11361585038799
2013-05-19,0.116793911384732
2013-05-20,0.119871162603351
2013-05-21,0.121181118639656
2013-05-22,0.121029417616879
2013-05-23,0.119993926810674
2013-05-24,0.118574578564812
2013-05-25,0.117612161992116
2013-05-26,0.116748280924622
2013-05-27,0.114878761664772
2013-05-28,0.112316699651596
2013-05-29,0.109780826866706
2013-05-30,0.107825355572781
2013-05-31,0.106830473329532
2013-06-01,0.106789944212551
2013-06-02,0.107011153073707
2013-06-03,0.107425008938319
2013-06-04,0.107642883841382
2013-06-05,0.107305082208751
2013-06-06,0.106354046936761
2013-06-07,0.105256738229337
2013-06-08,0.104392152490316
2013-06-09,0.10372487239266
2013-06-10,0.102880987761937
2013-06-11,0.101613431615948
2013-06-12,0.10028841834393
2013-06-13,0.0990090737820765
2013-06-14,0.0975460716147482
2013-06-15,0.0956942514973252
2013-06-16,0.0935518456660538
2013-06-17,0.0912110691910487
2013-06-18,0.0887649199003045
2013-06-19,0.0863880747242301
2013-06-20,0.0839291681718239
2013-06-21,0.0814618260283361
2013-06-22,0.0791484011505852
2013-06-23,0.0767076793666354
2013-06-24,0.0741368076114199
2013-06-25,0.0716642176692789
2013-06-26,0.0694509492583259
2013-06-27,0.0672859018326251
2013-06-28,0.0651842218273674
2013-06-29,0.0633778508597855
2013-06-30,0.0618777608577012
2013-07-01,0.0605355229212295
2013-07-02,0.0593993494409005
2013-07-03,0.0584875260070984
2013-07-04,0.0585546273911986
2013-07-05,0.059087256680783
2013-07-06,0.059410604445628
2013-07-07,0.0603787559297006
2013-07-08,0.0612656710741442
2013-07-09,0.0622738012479266
2013-07-10,0.0637703503463972
2013-07-11,0.0656509173615466
2013-07-12,0.067181035177915
2013-07-13,0.0679781499883889
2013-07-14,0.0682139838963723
2013-07-15,0.0682195497777395
2013-07-16,0.0680319186499628
2013-07-17,0.0679038215010598
2013-07-18,0.0683050203348312
2013-07-19,0.0692817188488552
2013-07-20,0.0702463158760101
2013-07-21,0.0705430552224684
2013-07-22,0.0709134682023077
2013-07-23,0.0713895596749649
2013-07-24,0.0720885017105305
2013-07-25,0.0727961205241434
2013-07-26,0.0732933718854254
2013-07-27,0.07364868315372
2013-07-28,0.0738211608433401
2013-07-29,0.0739977191883821
2013-07-30,0.0746003307227698
2013-07-31,0.0751343377614316
2013-08-01,0.0755547442803498
2013-08-02,0.0757653675356929
2013-08-03,0.0757108375425603
2013-08-04,0.075385424319188
2013-08-05,0.0753248340941218
2013-08-06,0.0758165042924797
2013-08-07,0.0761604548147295
2013-08-08,0.0761918262932058
2013-08-09,0.0759425199014676
2013-08-10,0.0753439860549756
2013-08-11,0.0745069597920415
2013-08-12,0.0735390491566753
2013-08-13,0.0724409404770293
2013-08-14,0.0714114831046275
2013-08-15,0.0708571285750175
2013-08-16,0.0703299180591746
2013-08-17,0.0694328011406017
2013-08-18,0.0683820609112901
2013-08-19,0.0677260150579796
2013-08-20,0.0678431702902231
2013-08-21,0.0684491269737794
2013-08-22,0.0692361236729936
2013-08-23,0.070047729253018
2013-08-24,0.0704307278300615
2013-08-25,0.070256947601471
2013-08-26,0.0697938414241168
2013-08-27,0.0692526652667098
2013-08-28,0.0688697159445649
2013-08-29,0.068694080609931
2013-08-30,0.0683880325105953
2013-08-31,0.067883575219633
2013-09-01,0.0671665403700526
2013-09-02,0.0662037238252139
2013-09-03,0.065044958126822
2013-09-04,0.0635704779636632
2013-09-05,0.0618874385544629
2013-09-06,0.060091006972904
2013-09-07,0.0583963883768922
2013-09-08,0.0571186241501235
2013-09-09,0.0564299071473576
2013-09-10,0.0564122496660039
2013-09-11,0.0568149519364909
2013-09-12,0.0569650989296428
2013-09-13,0.0568401987527459
2013-09-14,0.0564016547423373
2013-09-15,0.055803903619546
2013-09-16,0.0553663376472545
2013-09-17,0.0551810978284989
2013-09-18,0.0548113734853037
2013-09-19,0.0541331126946967
2013-09-20,0.0533919435102998
2013-09-21,0.0526473902450067
2013-09-22,0.0518633425925994
2013-09-23,0.0510226165756996
2013-09-24,0.0503244670119042
2013-09-25,0.0496864397660552
2013-09-26,0.0489235833883063
2013-09-27,0.0481725058842205
2013-09-28,0.0475931177426181
2013-09-29,0.0471524746047778
2013-09-30,0.0466908217386319
2013-10-01,0.0461085011557676
2013-10-02,0.0453726494945883
2013-10-03,0.044475485498765
2013-10-04,0.0434615591126358
2013-10-05,0.0423744787994164
2013-10-06,0.0412121723349178
2013-10-07,0.0399778197119945
2013-10-08,0.0386965153965416
2013-10-09,0.0374252035086285
2013-10-10,0.0361904854278617
2013-10-11,0.0350354179615304
2013-10-12,0.0339865161065559
2013-10-13,0.0330179971119938
2013-10-14,0.0320895473913986
2013-10-15,0.0311544784828857
2013-10-16,0.0302059513429411
2013-10-17,0.0292590184873337
2013-10-18,0.0283373523615801
2013-10-19,0.0274643641115675
2013-10-20,0.0266309757102578
2013-10-21,0.0258174046094912
2013-10-22,0.0250272912758327
2013-10-23,0.0242588943531852
2013-10-24,0.0235059630128977
2013-10-25,0.022758633376405
2013-10-26,0.022013373473604
2013-10-27,0.0212722176194841
2013-10-28,0.0205419581040467
2013-10-29,0.019837047431384
2013-10-30,0.0191738048644092
2013-10-31,0.0185513511961529
2013-11-01,0.0179629209825521
2013-11-02,0.0174117575237349
2013-11-03,0.0169030905496139
2013-11-04,0.0164295651150061
2013-11-05,0.0159893477027755
2013-11-06,0.0155779101371813
2013-11-07,0.0151907849094889
2013-11-08,0.0148372763881884
2013-11-09,0.0145287748134521
2013-11-10,0.0142857432645072
2013-11-11,0.0141035635920446
2013-11-12,0.0139681475785934
2013-11-13,0.0138654838996407
2013-11-14,0.0137865612253262
2013-11-15,0.0137131284474074
2013-11-16,0.0136277170995501
2013-11-17,0.0135206447942659
2013-11-18,0.0133818194488967
2013-11-19,0.0131982814558222
2013-11-20,0.0129683022216354
2013-11-21,0.0127029427215175
2013-11-22,0.0124130759238541
2013-11-23,0.0121044495469823
2013-11-24,0.0117829966132399
2013-11-25,0.0114568287442992
2013-11-26,0.011132625561257
2013-11-27,0.0108145592244916
2013-11-28,0.0105054963230554
2013-11-29,0.0102066436113831
2013-11-30,0.00991831024574877
2013-12-01,0.00964103422165372
2013-12-02,0.00937590764441005
2013-12-03,0.00912433887987041
2013-12-04,0.00888771604018288
2013-12-05,0.00866723581719212
2013-12-06,0.00846548761221209
2013-12-07,0.0082857139169183
2013-12-08,0.00812518975229641
2013-12-09,0.0079820009726906
2013-12-10,0.00785409082466049
2013-12-11,0.00773796486037075
2013-12-12,0.00763005233064045
2013-12-13,0.00752704377326574
2013-12-14,0.00742671338346462
2013-12-15,0.00732817879024305
2013-12-16,0.00723174976896311
2013-12-17,0.00713807004612232
2013-12-18,0.00704763693639498
2013-12-19,0.00696125208982795
2013-12-20,0.00687920225544967
2013-12-21,0.00680128353174688
2013-12-22,0.00672711652472209
2013-12-23,0.00665620193865934
2013-12-24,0.00658802375968446
2013-12-25,0.00652220921238067
2013-12-26,0.00645879643139071
2013-12-27,0.00639800228255102
2013-12-28,0.00633995975688285
2013-12-29,0.00628451147473149
2013-12-30,0.00623124567734933
2013-12-31,0.00617968746290244
2014-01-01,0.00612944929419795
2014-01-02,0.00608018710386616
2014-01-03,0.00603178965841639
2014-01-04,0.00598420822664575
2014-01-05,0.0059374763226824
2014-01-06,0.00589144609865757
2014-01-07,0.00584623545937166
2014-01-08,0.005801956938998
2014-01-09,0.00575854812949975
2014-01-10,0.00571605726549496
2014-01-11,0.00567446262054272
2014-01-12,0.00563383408237992
2014-01-13,0.00559418929247435
2014-01-14,0.00555548720174036
2014-01-15,0.00551757570256457
2014-01-16,0.00548041537455964
2014-01-17,0.00544397670308713
2014-01-18,0.00540813288812652
2014-01-19,0.00537289931889405
2014-01-20,0.00533838174025841
2014-01-21,0.00530459114666756
2014-01-22,0.00527445797643129
2014-01-23,0.00524680058696321
2014-01-24,0.0052206480622473
2014-01-25,0.00520011942705357
2014-01-26,0.00518196915593342
2014-01-27,0.00516744294448598
2014-01-28,0.00515920531756504
2014-01-29,0.00515512760569714
2014-01-30,0.0051513212338596
2014-01-31,0.00514547460317479
2014-02-01,0.00513913979754505
2014-02-02,0.00513293165864306
2014-02-03,0.00512671107920483
2014-02-04,0.00512108408501155
2014-02-05,0.00511966899002923
2014-02-06,0.00512559754514705
2014-02-07,0.00513388648412259
2014-02-08,0.00513449965239722
2014-02-09,0.00512294796639222
2014-02-10,0.00510205862888608
2014-02-11,0.00507600703564106
2014-02-12,0.00504715436955681
2014-02-13,0.00501670896587628
2014-02-14,0.00498558076029426
2014-02-15,0.00495472719380923
2014-02-16,0.00492482818466482
2014-02-17,0.00489621171712565
2014-02-18,0.00486886615137656
2014-02-19,0.00484250205025188
2014-02-20,0.00481690348510165
2014-02-21,0.00479195901044519
2014-02-22,0.00476747683842504
2014-02-23,0.00474305191266922
2014-02-24,0.00471852552783714
2014-02-25,0.00469392864598
2014-02-26,0.00466934810980875
2014-02-27,0.00464484375765722
2014-02-28,0.00462183144227092
2014-03-01,0.00460083021870369
2014-03-02,0.00457992255172235
2014-03-03,0.0045579464374301
2014-03-04,0.00453528169939398
2014-03-05,0.00451246777954978
2014-03-06,0.00448994317419089
2014-03-07,0.00446767260305667
2014-03-08,0.00444560577176547
2014-03-09,0.00442376078881719
2014-03-10,0.00440207535479537
2014-03-11,0.00438035976082211
2014-03-12,0.00435852985042813
2014-03-13,0.00433666615605895
2014-03-14,0.004314663071248
2014-03-15,0.00429237235507607
2014-03-16,0.00427035601955755
2014-03-17,0.00424877102391886
2014-03-18,0.00422638080316504
2014-03-19,0.00420309084546455
2014-03-20,0.00417946987533023
2014-03-21,0.00416172444811615
2014-03-22,0.00414928065906859
2014-03-23,0.0041400903798899
2014-03-24,0.00413703678022959
2014-03-25,0.00414135000057366
2014-03-26,0.00415172879676359
2014-03-27,0.0041683927240381
2014-03-28,0.0041926792048634
2014-03-29,0.00422524704896994
2014-03-30,0.00426847064556716
2014-03-31,0.00432846191430836
2014-04-01,0.00440559463806125
2014-04-02,0.00449144142409353
2014-04-03,0.00458014096659183
2014-04-04,0.00467113478827984
2014-04-05,0.0047670659155535
2014-04-06,0.00487279967572207
2014-04-07,0.00499726080664364
2014-04-08,0.00518397957931162
2014-04-09,0.00548483341279862
2014-04-10,0.00586123822766375
2014-04-11,0.00630180967501084
2014-04-12,0.00690176729081972
2014-04-13,0.00785107576965612
2014-04-14,0.00934729996545505
2014-04-15,0.0112787211049758
2014-04-16,0.0133630301766028
2014-04-17,0.0154968568036804
2014-04-18,0.0176917297774582
2014-04-19,0.0199846314778556
2014-04-20,0.0223713390365272
2014-04-21,0.0248542101533518
2014-04-22,0.0273195223885438
2014-04-23,0.0297616704743931
2014-04-24,0.0322403639211449
2014-04-25,0.0348123384771771
2014-04-26,0.0376119659717103
2014-04-27,0.0406001739458798
2014-04-28,0.043598247556484
2014-04-29,0.0464712185519199
2014-04-30,0.0493669205546167
2014-05-01,0.0524680201961567
2014-05-02,0.0554981900150223
2014-05-03,0.0581477241434747
2014-05-04,0.0604466823822289
2014-05-05,0.0625677716553856
2014-05-06,0.0648758315599228
2014-05-07,0.0681360867892487
2014-05-08,0.0727512623596773
2014-05-09,0.0782953408110518
2014-05-10,0.0837469197446446
2014-05-11,0.0882061956205598
2014-05-12,0.0916672443931368
2014-05-13,0.0940171237826563
2014-05-14,0.0951045716903944
2014-05-15,0.0950989550490116
2014-05-16,0.0941791063960795
2014-05-17,0.0928759389277003
2014-05-18,0.0919827966518908
2014-05-19,0.091940849677441
2014-05-20,0.0921172096470075
2014-05-21,0.0920360874094377
2014-05-22,0.0918500639270522
2014-05-23,0.0926153361609344
2014-05-24,0.0949069137947139
2014-05-25,0.0973419226715939
2014-05-26,0.0979330169955126
2014-05-27,0.0975052305925881
2014-05-28,0.0969611174488442
2014-05-29,0.0965072623707688
2014-05-30,0.0960077010286656
2014-05-31,0.0954272946975018
2014-06-01,0.0948848882652745
2014-06-02,0.0950161190196563
2014-06-03,0.095568726919357
2014-06-04,0.0960799042878167
2014-06-05,0.0965387855021633
2014-06-06,0.0971286835067805
2014-06-07,0.0979793091697492
2014-06-08,0.0989829032694648
2014-06-09,0.100233909440579
2014-06-10,0.101723334097482
2014-06-11,0.103406705442285
2014-06-12,0.105198455082556
2014-06-13,0.106639304294727
2014-06-14,0.107332685055632
2014-06-15,0.107391491449012
2014-06-16,0.107877997143545
2014-06-17,0.109941253650855
2014-06-18,0.113152000162567
2014-06-19,0.114637810295813
2014-06-20,0.112889611177332
2014-06-21,0.110281760725384
2014-06-22,0.106426900690342
2014-06-23,0.101175282994977
2014-06-24,0.094710543761616
2014-06-25,0.0885305011900095
2014-06-26,0.0834927129336836
2014-06-27,0.0792771311353356
2014-06-28,0.0757188351726407
2014-06-29,0.0727072639234906
2014-06-30,0.0701106287681218
2014-07-01,0.0678045466038314
2014-07-02,0.0658313838467056
2014-07-03,0.0643160597377107
2014-07-04,0.0633645853613784
2014-07-05,0.063214713161033
2014-07-06,0.0636708915941277
2014-07-07,0.0639819545133124
2014-07-08,0.0640571560879626
2014-07-09,0.0641087803167435
2014-07-10,0.0642733743729769
2014-07-11,0.0642529192399016
2014-07-12,0.0638789601571724
2014-07-13,0.0632215674083917
2014-07-14,0.0624272751022709
2014-07-15,0.0616329805109078
2014-07-16,0.0608786612472076
2014-07-17,0.0602043730406702
2014-07-18,0.0595551775003613
2014-07-19,0.05889443926381
2014-07-20,0.0582083677252508
2014-07-21,0.0575722878387849
2014-07-22,0.0569790844097753
2014-07-23,0.0566264946621592
2014-07-24,0.0565207382458711
2014-07-25,0.0566803238538957
2014-07-26,0.0569697747104279
2014-07-27,0.0576764155369268
2014-07-28,0.0600055370543603
2014-07-29,0.0619913639144871
2014-07-30,0.0627896170903486
2014-07-31,0.0633643027939527
2014-08-01,0.0638323344743119
2014-08-02,0.0642258890997294
2014-08-03,0.0646873602900487
2014-08-04,0.0646444731103552
2014-08-05,0.064020933452404
2014-08-06,0.0633010950635716
2014-08-07,0.062637698720613
2014-08-08,0.0618762078156589
2014-08-09,0.0610421203089152
2014-08-10,0.0604020218769502
2014-08-11,0.060139701056745
2014-08-12,0.0601464754046975
2014-08-13,0.0600452226656584
2014-08-14,0.0597835150679819
2014-08-15,0.0593460622925743
2014-08-16,0.058628629752537
2014-08-17,0.0578494424794061
2014-08-18,0.0570144066476837
2014-08-19,0.0562791785507239
2014-08-20,0.0557184161043766
2014-08-21,0.0554433248928405
2014-08-22,0.0551596590309702
2014-08-23,0.0546802671063436
2014-08-24,0.0542100616789183
2014-08-25,0.0539694742517338
2014-08-26,0.0538199669103036
2014-08-27,0.0539014508912834
2014-08-28,0.0539818590758032
2014-08-29,0.0539744866590726
2014-08-30,0.054071026934824
2014-08-31,0.0542994176410466
2014-09-01,0.0545532373722992
2014-09-02,0.0550397781373566
2014-09-03,0.0557676187358807
2014-09-04,0.0564079074704708
2014-09-05,0.0567151813625332
2014-09-06,0.0566782336182288
2014-09-07,0.056482898458511
2014-09-08,0.05623396601429
2014-09-09,0.0559817479527883
2014-09-10,0.0556473020888047
2014-09-11,0.0549723417523161
2014-09-12,0.0539380527379083
2014-09-13,0.0528094793090427
2014-09-14,0.0518301536899021
2014-09-15,0.0511776147896538
2014-09-16,0.0509143126128044
2014-09-17,0.0508011121593796
2014-09-18,0.0506523261405237
2014-09-19,0.0503768727853202
2014-09-20,0.0500695725511749
2014-09-21,0.0497719699646817
2014-09-22,0.0495213150649289
2014-09-23,0.0493263788854126
2014-09-24,0.0490788782758436
2014-09-25,0.048627200531074
2014-09-26,0.048025356492963
2014-09-27,0.0473646064753226
2014-09-28,0.0466493842077607
2014-09-29,0.0458444964698627
2014-09-30,0.0449594074149068
2014-10-01,0.0440270002222502
2014-10-02,0.0429892130663153
2014-10-03,0.0418332553498192
2014-10-04,0.0406229126385125
2014-10-05,0.0394173277635161
2014-10-06,0.0382275779453183
2014-10-07,0.0370671315737461
2014-10-08,0.035914923780986
2014-10-09,0.0346848392475616
2014-10-10,0.0333649945586736
2014-10-11,0.0319896189521925
2014-10-12,0.0306146063393718
2014-10-13,0.0292867708140348
2014-10-14,0.028022573412764
2014-10-15,0.0268210530957567
2014-10-16,0.0256736462043276
2014-10-17,0.0245745610627482
2014-10-18,0.0235283782449144
2014-10-19,0.0225418983688415
2014-10-20,0.0216179129270527
2014-10-21,0.0207526007560085
2014-10-22,0.0199361665728428
2014-10-23,0.0191558051835095
2014-10-24,0.0183959128495693
2014-10-25,0.0176522276335705
2014-10-26,0.0169276614038921
2014-10-27,0.0162299881921186
2014-10-28,0.0155728011310563
2014-10-29,0.0149550361028658
2014-10-30,0.0143750357945096
2014-10-31,0.01383267993616
2014-11-01,0.013322852831429
2014-11-02,0.0128424573677483
2014-11-03,0.0123908073977533
2014-11-04,0.0119677072328006
2014-11-05,0.0115722231848634
2014-11-06,0.0112029657206418
2014-11-07,0.0108582595801841
2014-11-08,0.0105378277144216
2014-11-09,0.0102421098475411
2014-11-10,0.00997141127207616
2014-11-11,0.00972724468005309
2014-11-12,0.00950983551458373
2014-11-13,0.00932251991203685
2014-11-14,0.00916300442512232
2014-11-15,0.00901784684387339
2014-11-16,0.00888116312097888
2014-11-17,0.00875224962843134
2014-11-18,0.0086294919832924
2014-11-19,0.00851026439794078
2014-11-20,0.00839267426609642
2014-11-21,0.00827520304974186
2014-11-22,0.00815636846065472
2014-11-23,0.00803659267729585
2014-11-24,0.00791764353108866
2014-11-25,0.00780132698093513
2014-11-26,0.00768887419348994
2014-11-27,0.00758107673380441
2014-11-28,0.00747824671573912
2014-11-29,0.00738025450743679
2014-11-30,0.00728655754178721
2014-12-01,0.00719668739620982
2014-12-02,0.00711038391917575
2014-12-03,0.00702908517415539
2014-12-04,0.00695142464506808
2014-12-05,0.00687520558589103
2014-12-06,0.0068006988448882
2014-12-07,0.00672839959176109
2014-12-08,0.00665832529529487
2014-12-09,0.00659034351712573
2014-12-10,0.00652434801164134
2014-12-11,0.0064601316601036
2014-12-12,0.00639785796442395
2014-12-13,0.00633788415918048
2014-12-14,0.00628011378590824
2014-12-15,0.00622413836665057
2014-12-16,0.00616987760141276
2014-12-17,0.00611752486120975
2014-12-18,0.00606692551483776
2014-12-19,0.00601770114668319
2014-12-20,0.00596957757820004
2014-12-21,0.00592262386435432
2014-12-22,0.00587688187468747
2014-12-23,0.00583222357700198
2014-12-24,0.00578853913818444
2014-12-25,0.00574565475484798
2014-12-26,0.00570374348170188
2014-12-27,0.00566293140902822
2014-12-28,0.00562312736489894
2014-12-29,0.00558452653024347
2014-12-30,0.00555192289138149
2014-12-31,0.00552846959116233
2015-01-01,0.00550780697642377
2015-01-02,0.00548540134565169
2015-01-03,0.00546064927765438
2015-01-04,0.00543383172840017
2015-01-05,0.0054063688812534
2015-01-06,0.00537962960050625
2015-01-07,0.0053535193371113
2015-01-08,0.00532719139415653
2015-01-09,0.00530007228993228
2015-01-10,0.00527201278890835
2015-01-11,0.00524314762840878
2015-01-12,0.00521359559760191
2015-01-13,0.00518390063060379
2015-01-14,0.00515444323978965
2015-01-15,0.00512524579190493
2015-01-16,0.00509633385724971
2015-01-17,0.00506782620981987
2015-01-18,0.00503972186695533
2015-01-19,0.00501195523531469
2015-01-20,0.00498484675170664
2015-01-21,0.0049583846537747
2015-01-22,0.00493234525710655
2015-01-23,0.00490671870966985
2015-01-24,0.00488151411924817
2015-01-25,0.00485669165600854
2015-01-26,0.00483227369623251
2015-01-27,0.00480816678590773
2015-01-28,0.00478410249566854
2015-01-29,0.00476022782622303
2015-01-30,0.0047368095739132
2015-01-31,0.00471389203287216
2015-02-01,0.0046914281245444
2015-02-02,0.00466950439403022
2015-02-03,0.00464842455637097
2015-02-04,0.00462838972067026
2015-02-05,0.00460995892296936
2015-02-06,0.00459367381369306
2015-02-07,0.00457868544485629
2015-02-08,0.00456309482953084
2015-02-09,0.00454512032819811
2015-02-10,0.0045242099614214
2015-02-11,0.00450145532128393
2015-02-12,0.00447806869534125
2015-02-13,0.0044549045636746
2015-02-14,0.00443177494259294
2015-02-15,0.00440748210971711
2015-02-16,0.0043812434693852
2015-02-17,0.00435272014636889
2015-02-18,0.00432291421922491
2015-02-19,0.00429457267483718
2015-02-20,0.00426859319846519
2015-02-21,0.00424569328164409
2015-02-22,0.00422819249012367
2015-02-23,0.00421722870653375
2015-02-24,0.00420928297303886
2015-02-25,0.00420145497826412
2015-02-26,0.00419314468637974
2015-02-27,0.00418351642611682
2015-02-28,0.004172811605292
2015-03-01,0.00416122259332126
2015-03-02,0.00414852424805974
2015-03-03,0.00413477277655849
2015-03-04,0.00412052006951884
2015-03-05,0.00410617307270381
2015-03-06,0.00409158825821399
2015-03-07,0.00407684249725029
2015-03-08,0.00406167276474978
2015-03-09,0.004045905180847
2015-03-10,0.00402923565112031
2015-03-11,0.00401159371418349
2015-03-12,0.00399329181915848
2015-03-13,0.00397418902999002
2015-03-14,0.00395450117797901
2015-03-15,0.00393446532282428
2015-03-16,0.00391435545400108
2015-03-17,0.00389395261438224
2015-03-18,0.00387338286910373
2015-03-19,0.00385299936777913
2015-03-20,0.00383294154919404
2015-03-21,0.003812824519747
2015-03-22,0.0037930948822866
2015-03-23,0.00377338385370494
2015-03-24,0.00375372985916013
2015-03-25,0.00373492003079293
2015-03-26,0.00372042052907933
2015-03-27,0.00371311622427719
2015-03-28,0.00371015481834277
2015-03-29,0.00371085567854977
2015-03-30,0.0037124960150948
2015-03-31,0.00371489682204683
2015-04-01,0.00372248564663247
2015-04-02,0.00374098161189647
2015-04-03,0.00376942097935892
2015-04-04,0.00380235493351839
2015-04-05,0.00383503816880206
2015-04-06,0.00387060709005723
2015-04-07,0.00390720155270003
2015-04-08,0.00393888893635113
2015-04-09,0.00395997376996122
2015-04-10,0.00397357151953805
2015-04-11,0.00398530416506277
2015-04-12,0.00400256037871203
2015-04-13,0.00403224679880459
2015-04-14,0.00409138810474204
2015-04-15,0.00419140134419771
2015-04-16,0.00431694707209679
2015-04-17,0.00445996324100801
2015-04-18,0.0046238239519134
2015-04-19,0.00480076311524526
2015-04-20,0.00497935681202862
2015-04-21,0.00517013118645869
2015-04-22,0.00538266773401752
2015-04-23,0.00568926942111068
2015-04-24,0.00614807303747991
2015-04-25,0.00671040174882959
2015-04-26,0.00742362627789698
2015-04-27,0.00834886169691476
2015-04-28,0.00947822352475541
2015-04-29,0.0108109464201199
2015-04-30,0.012456495963774
2015-05-01,0.0145356062057593
2015-05-02,0.0169470773247255
2015-05-03,0.0196251408780963
2015-05-04,0.0223469328760838
2015-05-05,0.0248904714689494
2015-05-06,0.0271172608904491
2015-05-07,0.0289767981199998
2015-05-08,0.0305786432269241
2015-05-09,0.0321518245696403
2015-05-10,0.0341890716737468
2015-05-11,0.037083817139314
2015-05-12,0.0412386027907867
2015-05-13,0.0471464038592357
2015-05-14,0.0537462837822032
2015-05-15,0.0598789677615447
2015-05-16,0.065642461256282
2015-05-17,0.0712183674564107
2015-05-18,0.0772385559850006
2015-05-19,0.0840789804316719
2015-05-20,0.0915654722122386
2015-05-21,0.0993528561626321
2015-05-22,0.106671163171813
2015-05-23,0.11260373972765
2015-05-24,0.116783684308803
2015-05-25,0.119127947812134
2015-05-26,0.120083744182533
2015-05-27,0.120497141648039
2015-05-28,0.121141415676644
2015-05-29,0.122787106602216
2015-05-30,0.126321782731522
2015-05-31,0.131440837555078
2015-06-01,0.136746543947245
2015-06-02,0.140539815444895
2015-06-03,0.142269875197254
2015-06-04,0.142968516722448
2015-06-05,0.144359635133209
2015-06-06,0.147297848850993
2015-06-07,0.15143296065491
2015-06-08,0.155288592988743
2015-06-09,0.157408455957451
2015-06-10,0.158210118645829
2015-06-11,0.15740351090886
2015-06-12,0.154399878191585
2015-06-13,0.149264055661878
2015-06-14,0.143463409373226
2015-06-15,0.13773080121562
2015-06-16,0.132190008498546
2015-06-17,0.126807041458663
2015-06-18,0.121635410338944
2015-06-19,0.116652392676902
2015-06-20,0.112048063310173
2015-06-21,0.107915157875602
2015-06-22,0.104001235421512
2015-06-23,0.100154628180547
2015-06-24,0.0961221035274089
2015-06-25,0.0920246415014424
2015-06-26,0.0882448541856509
2015-06-27,0.0853641603967128
2015-06-28,0.0833446671737046
2015-06-29,0.0815304319586693
2015-06-30,0.0799611362187099
2015-07-01,0.0786934207845444
2015-07-02,0.0772202120970063
2015-07-03,0.0756753612167427
2015-07-04,0.0742900817133272
2015-07-05,0.0732113691462828
2015-07-06,0.0721052022207026
2015-07-07,0.0711371928990702
2015-07-08,0.0698018555502858
2015-07-09,0.0682410005567287
2015-07-10,0.0667139976828829
2015-07-11,0.0652311965536003
2015-07-12,0.0639366498953485
2015-07-13,0.0626964904617075
2015-07-14,0.0614032794019368
2015-07-15,0.0600587561113327
2015-07-16,0.0587452009345702
2015-07-17,0.0576433238309717
2015-07-18,0.0567616473668147
2015-07-19,0.0558927553035315
2015-07-20,0.0550827576782693
2015-07-21,0.0543232484194179
2015-07-22,0.0536406727857803
2015-07-23,0.052932709158909
2015-07-24,0.0522085457619451
2015-07-25,0.0515736378253619
2015-07-26,0.0511551544091208
2015-07-27,0.0509778332852167
2015-07-28,0.0512922751112591
2015-07-29,0.051771844683437
2015-07-30,0.0519346196427079
2015-07-31,0.0519379155456334
2015-08-01,0.0520554797902702
2015-08-02,0.0523611526088377
2015-08-03,0.0526161208567018
2015-08-04,0.0526950275652748
2015-08-05,0.0527122083174359
2015-08-06,0.0530123685595373
2015-08-07,0.0532664179923499
2015-08-08,0.0530807042600581
2015-08-09,0.0525712283620537
2015-08-10,0.0520947688842728
2015-08-11,0.0518735988588941
2015-08-12,0.0518705260891111
2015-08-13,0.0519841603354226
2015-08-14,0.0521579048612788
2015-08-15,0.05257069348021
2015-08-16,0.0532925172722221
2015-08-17,0.053829658476126
2015-08-18,0.0540435992207711
2015-08-19,0.0542936982206929
2015-08-20,0.0548924442993042
2015-08-21,0.0560153051937433
2015-08-22,0.0568353485076929
2015-08-23,0.0571079693880886
2015-08-24,0.0573369423291524
2015-08-25,0.0573780005033396
2015-08-26,0.0566468954494595
2015-08-27,0.0554212478267583
2015-08-28,0.0541706039178464
2015-08-29,0.0531417397002321
2015-08-30,0.0522795588791177
2015-08-31,0.0516813287330386
2015-09-01,0.0514070042517745
2015-09-02,0.0513101043778555
2015-09-03,0.0512626633169225
2015-09-04,0.0509776671688893
2015-09-05,0.0501374506553452
2015-09-06,0.0488967162668711
2015-09-07,0.0474853114516427
2015-09-08,0.0460700955319953
2015-09-09,0.0446805176888697
2015-09-10,0.043310967779743
2015-09-11,0.0421848427240005
2015-09-12,0.0415134392869948
2015-09-13,0.041301700273
2015-09-14,0.0413730231794355
2015-09-15,0.0415317428138158
2015-09-16,0.0415947791597959
2015-09-17,0.0415795834445655
2015-09-18,0.0416072888689419
2015-09-19,0.0416087670200927
2015-09-20,0.0415043275324614
2015-09-21,0.0413445465025377
2015-09-22,0.0412123512992801
2015-09-23,0.0410921739369553
2015-09-24,0.0409590428872715
2015-09-25,0.0407764565548949
2015-09-26,0.040464182970134
2015-09-27,0.0399257028822259
2015-09-28,0.0391540886155329
2015-09-29,0.0382116470229546
2015-09-30,0.0371839464926173
2015-10-01,0.0361558783175326
2015-10-02,0.0352137956697328
2015-10-03,0.0343135127696893
2015-10-04,0.0334045450683667
2015-10-05,0.0325177646897452
2015-10-06,0.0316887517491666
2015-10-07,0.0309011561561713
2015-10-08,0.0301513210645507
2015-10-09,0.0294208955517501
2015-10-10,0.0286629280968184
2015-10-11,0.0278667868196058
2015-10-12,0.0270574812307681
2015-10-13,0.0262826421676958
2015-10-14,0.0255706979893541
2015-10-15,0.024917741776396
2015-10-16,0.0243176065227317
2015-10-17,0.0237777269220736
2015-10-18,0.0233018557126498
2015-10-19,0.022860700686735
2015-10-20,0.0223934063161919
2015-10-21,0.0218647773316268
2015-10-22,0.021275864639746
2015-10-23,0.0206489352794139
2015-10-24,0.0200008171348682
2015-10-25,0.0193466015142214
2015-10-26,0.0187033844104028
2015-10-27,0.0180806523662614
2015-10-28,0.0174800221146709
2015-10-29,0.0169024122413136
2015-10-30,0.0163474222358811
2015-10-31,0.0158109820060595
2015-11-01,0.015289649198409
2015-11-02,0.014783646684051
2015-11-03,0.0142955901377731
2015-11-04,0.0138250643420417
2015-11-05,0.0133750558898411
2015-11-06,0.0129444108811821
2015-11-07,0.0125262229155493
2015-11-08,0.0121176885541943
2015-11-09,0.0117236206031487
2015-11-10,0.0113415656112882
2015-11-11,0.0109713261857417
2015-11-12,0.0106177305447141
2015-11-13,0.0102844741373847
2015-11-14,0.00997423971107003
2015-11-15,0.00968854518678679
2015-11-16,0.00942708057503337
2015-11-17,0.00918746400544346
2015-11-18,0.00896664997968683
2015-11-19,0.00876137841107371
2015-11-20,0.00856839864755134
2015-11-21,0.00838575347797334
2015-11-22,0.00821284050849862
2015-11-23,0.00804921854363599
2015-11-24,0.00789450517537508
2015-11-25,0.0077492562000979
2015-11-26,0.00761311251530299
2015-11-27,0.00748537320861555
2015-11-28,0.00736531245487897
2015-11-29,0.00725306708140467
2015-11-30,0.00714859643282566
2015-12-01,0.00705090024335427
2015-12-02,0.00695900006122863
2015-12-03,0.00687224315663761
2015-12-04,0.00678992742502903
2015-12-05,0.00671138436053312
2015-12-06,0.00663587057963303
2015-12-07,0.00656288623920155
2015-12-08,0.00649230535562799
2015-12-09,0.00642396032132527
2015-12-10,0.00635812542284151
2015-12-11,0.00629489928692072
2015-12-12,0.00623377107454748
2015-12-13,0.00617368514364197
2015-12-14,0.00611291775407754
2015-12-15,0.00604974666870184
2015-12-16,0.00598399298615831
2015-12-17,0.0059169282558619
2015-12-18,0.00585056023465294
2015-12-19,0.00578709598583417
2015-12-20,0.00572812975535624
2015-12-21,0.0056742083450523
2015-12-22,0.00562486020426081
2015-12-23,0.00557894701515529
2015-12-24,0.00553527800347946
2015-12-25,0.00549302735070671
2015-12-26,0.00545170327434663
2015-12-27,0.00541100093512639
2015-12-28,0.00537101209212263
2015-12-29,0.00533180649682426
2015-12-30,0.00529353899792416
2015-12-31,0.00526013747209713
2016-01-01,0.00522919363197979
2016-01-02,0.00519821175178355
2016-01-03,0.00516737389146952
2016-01-04,0.00513641619230949
2016-01-05,0.00510696485750381
2016-01-06,0.0050802958382449
2016-01-07,0.00505445462931685
2016-01-08,0.00502815822772176
2016-01-09,0.00500121391787573
2016-01-10,0.00497347304469793
2016-01-11,0.00494520841634883
2016-01-12,0.00491677797873746
2016-01-13,0.00488844081518049
2016-01-14,0.00486032578098401
2016-01-15,0.00483285720363923
2016-01-16,0.00480598837029816
2016-01-17,0.00477960919088492
2016-01-18,0.00475382764884778
2016-01-19,0.00472858941659413
2016-01-20,0.00470375195626442
2016-01-21,0.00467931083962397
2016-01-22,0.00465521941594316
2016-01-23,0.00463140236551429
2016-01-24,0.00460804311612664
2016-01-25,0.00458502289044847
2016-01-26,0.00456226291009046
2016-01-27,0.00453977301675242
2016-01-28,0.00451777428730628
2016-01-29,0.0044961268355238
2016-01-30,0.00447485785723147
2016-01-31,0.00445396872975247
2016-02-01,0.00443407067459599
2016-02-02,0.00441441197973848
2016-02-03,0.00439438279568048
2016-02-04,0.00437426931054755
2016-02-05,0.00435398804417578
2016-02-06,0.00433338964696901
2016-02-07,0.00431286993005707
2016-02-08,0.00429254989383065
2016-02-09,0.00427230422015526
2016-02-10,0.00425219641875848
2016-02-11,0.00423239158643949
2016-02-12,0.00421283500336775
2016-02-13,0.00419346475767024
2016-02-14,0.00417458646080888
2016-02-15,0.00415639638006303
2016-02-16,0.00413880849047864
2016-02-17,0.00412146050160889
2016-02-18,0.00410405356717225
2016-02-19,0.00408641877401337
2016-02-20,0.00406884551332942
2016-02-21,0.00405148905463296
2016-02-22,0.00403414224565347
2016-02-23,0.00401729104221307
2016-02-24,0.00400098680328066
2016-02-25,0.00398476825322153
2016-02-26,0.0039686274381445
2016-02-27,0.0039526752461186
2016-02-28,0.00393684180006628
2016-02-29,0.00392134485289809
2016-03-01,0.00390603099955463
2016-03-02,0.00389065876841344
2016-03-03,0.00387555972837137
2016-03-04,0.00386072677219306
2016-03-05,0.00384613026683556
2016-03-06,0.00383179008781331
2016-03-07,0.00381764645785019
2016-03-08,0.00380359268346796
2016-03-09,0.00378941413581006
2016-03-10,0.00377497476600737
2016-03-11,0.00376031302061756
2016-03-12,0.00374529308912917
2016-03-13,0.00373032623597085
2016-03-14,0.00371547860358757
2016-03-15,0.00370061201439834
2016-03-16,0.00368548945837735
2016-03-17,0.00366989702754166
2016-03-18,0.00365371764036431
2016-03-19,0.00363711232377934
2016-03-20,0.00362017719523382
2016-03-21,0.00360259637135961
2016-03-22,0.00358480849648362
2016-03-23,0.00356663611590049
2016-03-24,0.00354845090187188
2016-03-25,0.00353170179288559
2016-03-26,0.0035181584050065
2016-03-27,0.0035072205748768
2016-03-28,0.00349772946639016
2016-03-29,0.0034883077247982
2016-03-30,0.0034808631618314
2016-03-31,0.00347556746385921
2016-04-01,0.00347237210218833
2016-04-02,0.00347184139552003
2016-04-03,0.00347528084022309
2016-04-04,0.00348169069770032
2016-04-05,0.00348843900461807
2016-04-06,0.00349332289604205
2016-04-07,0.00349684697104849
2016-04-08,0.00350293715740809
2016-04-09,0.00352155520177239
2016-04-10,0.00357203666238172
2016-04-11,0.00367723134830816
2016-04-12,0.0038354483560528
2016-04-13,0.00401522953295698
2016-04-14,0.00418111304455701
2016-04-15,0.00433058577923461
2016-04-16,0.00447802179217309
2016-04-17,0.00462589197753308
2016-04-18,0.00476704712155323
2016-04-19,0.00489599925949521
2016-04-20,0.00501399721193523
2016-04-21,0.00512891688164597
2016-04-22,0.005265072940826
2016-04-23,0.00545468591890955
2016-04-24,0.00570216503112428
2016-04-25,0.00599240516968837
2016-04-26,0.00632916523991347
2016-04-27,0.00670344613235944
2016-04-28,0.00709038718253715
2016-04-29,0.00755939189142074
2016-04-30,0.00833402209272817
2016-05-01,0.00969285439229477
2016-05-02,0.0118660098438763
2016-05-03,0.0147780373735214
2016-05-04,0.0180749255113115
2016-05-05,0.0213344402826564
2016-05-06,0.0241741705637226
2016-05-07,0.0264964594174444
2016-05-08,0.0282972032526226
2016-05-09,0.0296520346659623
2016-05-10,0.0307982229593165
2016-05-11,0.0323468374161554
2016-05-12,0.0347637633287671
2016-05-13,0.0376677828264274
2016-05-14,0.0409978084999234
2016-05-15,0.044795198846697
2016-05-16,0.0485603033332471
2016-05-17,0.05238508775374
2016-05-18,0.0563525116168676
2016-05-19,0.0600785978455231
2016-05-20,0.0634102518418821
2016-05-21,0.0664870595973904
2016-05-22,0.0696093863758687
2016-05-23,0.0732545546995327
2016-05-24,0.07820410784264
2016-05-25,0.0845338339088145
2016-05-26,0.0909013348992125
2016-05-27,0.0969055879706095
2016-05-28,0.102188741023065
2016-05-29,0.106781802575152
2016-05-30,0.111826824266898
2016-05-31,0.117855889211439
2016-06-01,0.124821468480649
2016-06-02,0.131921387493184
2016-06-03,0.138738191251551
2016-06-04,0.144477424310524
2016-06-05,0.148026618620695
2016-06-06,0.150436203236262
2016-06-07,0.153985495596117
2016-06-08,0.15955810505424
2016-06-09,0.164232927402151
2016-06-10,0.165451551599932
2016-06-11,0.164558608764423
2016-06-12,0.161885246322377
2016-06-13,0.15573475609113
2016-06-14,0.146916588441974
2016-06-15,0.138273460130528
2016-06-16,0.130795711739485
2016-06-17,0.123795809844525
2016-06-18,0.117098719926396
2016-06-19,0.110709644527181
2016-06-20,0.104869660640912
2016-06-21,0.0997807501131872
2016-06-22,0.0957927505913003
2016-06-23,0.0926148693474543
2016-06-24,0.0894917277114934
2016-06-25,0.0863476437752205
2016-06-26,0.0833855224077787
2016-06-27,0.0805553785085389
2016-06-28,0.0777959709033263
2016-06-29,0.0752977629671427
2016-06-30,0.073116664470647
2016-07-01,0.0710725651949199
2016-07-02,0.0689789404171809
2016-07-03,0.0669948594893153
2016-07-04,0.0654145949498934
2016-07-05,0.0646071737773163
2016-07-06,0.0642370758604433
2016-07-07,0.0639918896012548
2016-07-08,0.0637849610713757
2016-07-09,0.0632258045023548
2016-07-10,0.0622507822344585
2016-07-11,0.0612862454888049
2016-07-12,0.0623884416992089
2016-07-13,0.0653584744474435
2016-07-14,0.0660295976170195
2016-07-15,0.0660973085512803
2016-07-16,0.0662006755817348
2016-07-17,0.0659803335577553
2016-07-18,0.0654719143238991
2016-07-19,0.0649864785337417
2016-07-20,0.0649297561539286
2016-07-21,0.065401641985345
2016-07-22,0.0661650855167339
2016-07-23,0.0669150451698702
2016-07-24,0.0679137928051632
2016-07-25,0.0698714744401534
2016-07-26,0.0718355248276916
2016-07-27,0.0733127554563104
2016-07-28,0.0742169884582461
2016-07-29,0.0746983060404731
2016-07-30,0.0750982903975783
2016-07-31,0.0753903962120675
2016-08-01,0.0752562797951422
2016-08-02,0.0751544120137864
2016-08-03,0.0762932589237665
2016-08-04,0.0779090335469609
2016-08-05,0.0791898675955958
2016-08-06,0.0803919094122558
2016-08-07,0.0809572209334755
2016-08-08,0.0802630149043838
2016-08-09,0.0783264472881114
2016-08-10,0.0758328101593295
2016-08-11,0.0734262571116864
2016-08-12,0.0711696828401816
2016-08-13,0.0689828160406538
2016-08-14,0.0670658306919441
2016-08-15,0.0655468471555011
2016-08-16,0.0643753502654399
2016-08-17,0.0636218996386067
2016-08-18,0.0630744955317431
2016-08-19,0.0628130660056968
2016-08-20,0.062770320346079
2016-08-21,0.0625084433488789
2016-08-22,0.0622591208545418
2016-08-23,0.0621317404362161
2016-08-24,0.0622000148970168
2016-08-25,0.0629126178968762
2016-08-26,0.0639834132357209
2016-08-27,0.0647384885670172
2016-08-28,0.0656603641752179
2016-08-29,0.0668760237794615
2016-08-30,0.0679987513533974
2016-08-31,0.0687746198850396
2016-09-01,0.0691241186113502
2016-09-02,0.0691127341228101
2016-09-03,0.0688159734828925
2016-09-04,0.0682292974624679
2016-09-05,0.0673024689956883
2016-09-06,0.066118750344519
2016-09-07,0.0650253779460351
2016-09-08,0.0641829014342765
2016-09-09,0.0633126131908073
2016-09-10,0.0621999886972348
2016-09-11,0.0607146423789335
2016-09-12,0.0589608301563281
2016-09-13,0.0572104844759927
2016-09-14,0.0556228188735256
2016-09-15,0.0540885951364453
2016-09-16,0.0524288014470962
2016-09-17,0.0506424991173968
2016-09-18,0.0489391279448971
2016-09-19,0.0474489997860885
2016-09-20,0.0461081655499082
2016-09-21,0.0448582054013956
2016-09-22,0.0436837113592553
2016-09-23,0.0426150617443065
2016-09-24,0.0416966019509186
2016-09-25,0.0409310831735337
2016-09-26,0.0402686079850744
2016-09-27,0.0397682086899606
2016-09-28,0.0392915626407046
2016-09-29,0.0387832808323904
2016-09-30,0.0383089924219543
2016-10-01,0.0377932999931679
2016-10-02,0.0371454184330335
2016-10-03,0.0363280026551218
2016-10-04,0.0353567201383702
2016-10-05,0.0342552044669892
2016-10-06,0.0330582173017805
2016-10-07,0.0318125529163794
2016-10-08,0.0305518430718431
2016-10-09,0.0292969620516849
2016-10-10,0.0280675466860017
2016-10-11,0.0268822654126963
2016-10-12,0.0257477736836634
2016-10-13,0.0246629149443305
2016-10-14,0.023630402314495
2016-10-15,0.022659163096438
2016-10-16,0.0217487040488517
2016-10-17,0.0208929308226396
2016-10-18,0.0200889248684067
2016-10-19,0.0193320714077878
2016-10-20,0.0186178433762262
2016-10-21,0.0179413781256344
2016-10-22,0.017300603119071
2016-10-23,0.0166947281142924
2016-10-24,0.0161233161147759
2016-10-25,0.0155854566948478
2016-10-26,0.0150804753661894
2016-10-27,0.0146032201149282
2016-10-28,0.0141488433784468
2016-10-29,0.0137164200668592
2016-10-30,0.0133076040796067
2016-10-31,0.0129176486480583
2016-11-01,0.0125442996476014
2016-11-02,0.012186945688353
2016-11-03,0.0118455833157874
2016-11-04,0.0115209344899761
2016-11-05,0.0112127306166345
2016-11-06,0.0109184349704989
2016-11-07,0.0106378439492333
2016-11-08,0.010373038092
2016-11-09,0.0101238494550447
2016-11-10,0.00988924773854893
2016-11-11,0.00966841626241835
2016-11-12,0.00946113188823048
2016-11-13,0.00926696048484559
2016-11-14,0.00908575125816122
2016-11-15,0.00891988922610673
2016-11-16,0.00877273801992459
2016-11-17,0.00864036660545198
2016-11-18,0.00851250720959891
2016-11-19,0.00838419237441885
2016-11-20,0.00825710208345526
2016-11-21,0.00813337604262533
2016-11-22,0.00801363812383506
2016-11-23,0.00789846801528173
2016-11-24,0.00778858242603565
2016-11-25,0.00768471769471584
2016-11-26,0.00758714955827804
2016-11-27,0.00749579850767741
2016-11-28,0.0074104405809049
2016-11-29,0.00733048864372102
2016-11-30,0.00725496918863629
2016-12-01,0.0071830695011838
2016-12-02,0.00711402171502887
2016-12-03,0.00704707579330772
2016-12-04,0.00698157782244122
2016-12-05,0.00691713187169204
2016-12-06,0.00685374447339145
2016-12-07,0.0067913092438505
2016-12-08,0.00672953040864126
2016-12-09,0.00666819984269089
2016-12-10,0.0066078277885593
2016-12-11,0.00654853046742862
2016-12-12,0.00649016947067648
2016-12-13,0.0064328531897331
2016-12-14,0.00637706207951045
2016-12-15,0.00632278959323763
2016-12-16,0.00627000538121755
2016-12-17,0.00621852026659867
2016-12-18,0.00616831449366183
2016-12-19,0.00611941808152733
2016-12-20,0.00607181422982586
2016-12-21,0.0060254521399574
2016-12-22,0.00598011562944641
2016-12-23,0.00593560096462098
2016-12-24,0.00589174930183235
2016-12-25,0.00584829017728342
2016-12-26,0.00580523048731911
2016-12-27,0.00576284137258961
2016-12-28,0.00572109514104309
2016-12-29,0.00568018759305102
2016-12-30,0.00563995900267572
2016-12-31,0.00560017469831834
2017-01-01,0.00556099501757673
2017-01-02,0.00552322614651827
2017-01-03,0.00549018640036677
2017-01-04,0.00546049344356832
2017-01-05,0.00543095153741616
2017-01-06,0.00540137785024863
2017-01-07,0.00537207316109328
2017-01-08,0.00534304697828852
2017-01-09,0.00531431353672686
2017-01-10,0.00528561597830379
2017-01-11,0.00525660084180898
2017-01-12,0.00522731607275198
2017-01-13,0.00519807221183125
2017-01-14,0.00516874893731437
2017-01-15,0.00513942998824446
2017-01-16,0.00511020405965
2017-01-17,0.00508118450250662
2017-01-18,0.00505237868686816
2017-01-19,0.00502385996220983
2017-01-20,0.00499557992049004
2017-01-21,0.00496763564945672
2017-01-22,0.00494029995195834
2017-01-23,0.00491363010121905
2017-01-24,0.00488736381378503
2017-01-25,0.00486123358927932
2017-01-26,0.0048354552973014
2017-01-27,0.00481021601696542
2017-01-28,0.00478529695901816
2017-01-29,0.00476069452479469
2017-01-30,0.00473651897508885
2017-01-31,0.00471256372417863
2017-02-01,0.00468884587899643
2017-02-02,0.00466587039651996
2017-02-03,0.00464348686449966
2017-02-04,0.00462152136139822
2017-02-05,0.0046000720382398
2017-02-06,0.004579103540368
2017-02-07,0.00455864966358439
2017-02-08,0.00453885270625974
2017-02-09,0.00451962607493702
2017-02-10,0.00450091940339688
2017-02-11,0.00448276574909725
2017-02-12,0.00446535553992986
2017-02-13,0.00444873582749252
2017-02-14,0.00443260673680557
2017-02-15,0.00441618244563704
2017-02-16,0.00439907420128043
2017-02-17,0.00438118945605855
2017-02-18,0.00436300335440152
2017-02-19,0.00434568366798935
2017-02-20,0.00432969788064128
2017-02-21,0.00431424328757533
2017-02-22,0.00429833584934739
2017-02-23,0.00428169071628439
2017-02-24,0.00426446397342382
2017-02-25,0.00424732111501673
2017-02-26,0.00423095800594295
2017-02-27,0.0042172688617042
2017-02-28,0.00420844333806125
2017-03-01,0.00420370160189526
2017-03-02,0.00419753544828467
2017-03-03,0.00418544357165234
2017-03-04,0.00416726477896542
2017-03-05,0.00414583451486936
2017-03-06,0.00412344335691536
2017-03-07,0.00410137658963881
2017-03-08,0.0040801894042823
2017-03-09,0.0040601297716549
2017-03-10,0.00404093402691891
2017-03-11,0.00402270554355797
2017-03-12,0.00400531960378434
2017-03-13,0.00398842570997432
2017-03-14,0.00397190502446241
2017-03-15,0.00395536824619319
2017-03-16,0.00393907178536005
2017-03-17,0.00392334437111175
2017-03-18,0.00390801199103899
2017-03-19,0.00389228260167434
2017-03-20,0.00387616264940139
2017-03-21,0.00385987091347815
2017-03-22,0.00384300602077288
2017-03-23,0.00382560750489103
2017-03-24,0.00380782287533528
2017-03-25,0.00378961054278255
2017-03-26,0.00377110404177553
2017-03-27,0.00375259191562478
2017-03-28,0.00373362890983637
2017-03-29,0.00371457120546058
2017-03-30,0.00369604346274005
2017-03-31,0.00367979513437353
2017-04-01,0.00366801928713171
2017-04-02,0.00366380035964275
2017-04-03,0.00366876712197944
2017-04-04,0.00368670614794495
2017-04-05,0.00372406041006491
2017-04-06,0.00378553262523545
2017-04-07,0.0038670256183767
2017-04-08,0.00396491735306104
2017-04-09,0.00406164923103237
2017-04-10,0.00416127363592066
2017-04-11,0.00425603652468071
2017-04-12,0.00433857092817817
2017-04-13,0.00440628001372341
2017-04-14,0.00448080946482676
2017-04-15,0.00456916405853839
2017-04-16,0.00465782481319174
2017-04-17,0.00473440098471937
2017-04-18,0.0047920523710357
2017-04-19,0.00482953851102046
2017-04-20,0.0048497998621413
2017-04-21,0.00486763546510597
2017-04-22,0.00490887457969581
2017-04-23,0.00499237848054232
2017-04-24,0.005115730397501
2017-04-25,0.00526675079250274
2017-04-26,0.00544673301058416
2017-04-27,0.00571071725213441
2017-04-28,0.00614621194100215
2017-04-29,0.00684690156055543
2017-04-30,0.00783658905439084
2017-05-01,0.00904126838616067
2017-05-02,0.0103835547002487
2017-05-03,0.0118443969364383
2017-05-04,0.0134836517636394
2017-05-05,0.0153427322723344
2017-05-06,0.0174422456703271
2017-05-07,0.0197585504663661
2017-05-08,0.0221416174230589
2017-05-09,0.0245389039702777
2017-05-10,0.0270089902043995
2017-05-11,0.029752287025411
2017-05-12,0.0330421921475877
2017-05-13,0.0367876050523003
2017-05-14,0.0408750108090055
2017-05-15,0.0459418209713367
2017-05-16,0.0524209663990042
2017-05-17,0.0596817584728957
2017-05-18,0.0667496400581019
2017-05-19,0.0732453983304547
2017-05-20,0.0792891884585564
2017-05-21,0.0847990826739025
2017-05-22,0.0892066448239723
2017-05-23,0.0922540935761307
2017-05-24,0.0942577509565099
2017-05-25,0.0957814082246474
2017-05-26,0.0978258508645053
2017-05-27,0.10137021777201
2017-05-28,0.10637064467491
2017-05-29,0.111951562328134
2017-05-30,0.116917346243493
2017-05-31,0.120833406479119
2017-06-01,0.125623994319315
2017-06-02,0.131979556892248
2017-06-03,0.138151212747042
2017-06-04,0.142002703895646
2017-06-05,0.143012553063401
2017-06-06,0.14232141078472
2017-06-07,0.141468242084382
2017-06-08,0.141861464586481
2017-06-09,0.142944418373874
2017-06-10,0.143845970923188
2017-06-11,0.144966116439088
2017-06-12,0.146731394177459
2017-06-13,0.146691604969591
2017-06-14,0.145209154436285
2017-06-15,0.142749479447427
2017-06-16,0.13977951291785
2017-06-17,0.136268433684747
2017-06-18,0.131225364869609
2017-06-19,0.126189250614451
2017-06-20,0.122155939575876
2017-06-21,0.11849545728261
2017-06-22,0.114778458742033
2017-06-23,0.110678671729114
2017-06-24,0.106158403574672
2017-06-25,0.100919725589967
2017-06-26,0.095345043642924
2017-06-27,0.0899093610197312
2017-06-28,0.0849223550064559
2017-06-29,0.0802515974188513
2017-06-30,0.0760647847346664
2017-07-01,0.0725556709416808
2017-07-02,0.0695204527063925
2017-07-03,0.0668697254873271
2017-07-04,0.0646990016239058
2017-07-05,0.0631997441808694
2017-07-06,0.0623894584870676
2017-07-07,0.0618572690507088
2017-07-08,0.0613353986856784
2017-07-09,0.0607835109574833
2017-07-10,0.0602018241545257
2017-07-11,0.0596466036420367
2017-07-12,0.0593500241071192
2017-07-13,0.0593492708588205
2017-07-14,0.0593829449815166
2017-07-15,0.0589338904161345
2017-07-16,0.058075225396265
2017-07-17,0.0572516953021714
2017-07-18,0.0568525719829735
2017-07-19,0.0573267907176246
2017-07-20,0.0600198878090562
2017-07-21,0.0632192898561651
2017-07-22,0.0647068953931001
2017-07-23,0.0659360951206445
2017-07-24,0.0668594117661367
2017-07-25,0.0671086329297165
2017-07-26,0.0667518402443917
2017-07-27,0.0661068431364253
2017-07-28,0.0654536142448516
2017-07-29,0.0650200718630661
2017-07-30,0.0647362663125016
2017-07-31,0.0643512479560126
2017-08-01,0.0637498708428838
2017-08-02,0.0631879845222876
2017-08-03,0.062772156928147
2017-08-04,0.062447428390386
2017-08-05,0.0612590504837364
2017-08-06,0.0593431030132284
2017-08-07,0.0574154950757469
2017-08-08,0.0556605756229149
2017-08-09,0.0540540823968535
2017-08-10,0.052498799007576
2017-08-11,0.0512151682699425
2017-08-12,0.0501180985127902
2017-08-13,0.0490016467206223
2017-08-14,0.0479351203301735
2017-08-15,0.046951271206205
2017-08-16,0.0461080002021015
2017-08-17,0.0455806554726233
2017-08-18,0.0453135823011406
2017-08-19,0.0451714989725025
2017-08-20,0.0450476421155715
2017-08-21,0.0449281802508332
2017-08-22,0.0452076195819703
2017-08-23,0.0460400606916951
2017-08-24,0.0468402002363805
2017-08-25,0.0473692506293043
2017-08-26,0.0477511503175792
2017-08-27,0.0479617484541376
2017-08-28,0.0480912972887731
2017-08-29,0.0484109351720498
2017-08-30,0.0487997288141055
2017-08-31,0.0492260663442579
2017-09-01,0.0496866481903325
2017-09-02,0.0502460781759677
2017-09-03,0.0508917782368529
2017-09-04,0.0516316896104781
2017-09-05,0.0526595640351339
2017-09-06,0.0539172211445165
2017-09-07,0.0553961584005449
2017-09-08,0.0571006125389765
2017-09-09,0.0585740308218317
2017-09-10,0.0594631466706133
2017-09-11,0.0598847201295449
2017-09-12,0.0600998109833347
2017-09-13,0.0601158414842977
2017-09-14,0.0599029269670597
2017-09-15,0.0596429584270583
2017-09-16,0.0593916035717169
2017-09-17,0.0590756194011178
2017-09-18,0.058495514601026
2017-09-19,0.0576695183954288
2017-09-20,0.0567567075787204
2017-09-21,0.0557494838317491
2017-09-22,0.0546869229733428
2017-09-23,0.0536592872952662
2017-09-24,0.0527592169794759
2017-09-25,0.0520132967447769
2017-09-26,0.0513058883129668
2017-09-27,0.0505721793544998
2017-09-28,0.0499120734742014
2017-09-29,0.0495022464217509
2017-09-30,0.049168773142588
2017-10-01,0.0486862044843439
2017-10-02,0.0481837786815677
2017-10-03,0.0476485831302134
2017-10-04,0.0469945926983045
2017-10-05,0.0461602776431723
2017-10-06,0.045132601127842
2017-10-07,0.0439400877752061
2017-10-08,0.0425604809252632
2017-10-09,0.0409905567086731
2017-10-10,0.0393058427427526
2017-10-11,0.0376262072785307
2017-10-12,0.0360430075400995
2017-10-13,0.0346250284467434
2017-10-14,0.0333782958110965
2017-10-15,0.0322593815174901
2017-10-16,0.0311826876768561
2017-10-17,0.0300517486733057
2017-10-18,0.028818247160037
2017-10-19,0.0275043967475974
2017-10-20,0.0261654701757251
2017-10-21,0.0248500897780429
2017-10-22,0.023590783513791
2017-10-23,0.0224064351116054
2017-10-24,0.0213051693124644
2017-10-25,0.0202858050866974
2017-10-26,0.019341866495018
2017-10-27,0.018469670706525
2017-10-28,0.0176601543436036
2017-10-29,0.0169163857560878
2017-10-30,0.0162489623951125
2017-10-31,0.0156456406129662
2017-11-01,0.0150908111258813
2017-11-02,0.0145786270046883
2017-11-03,0.014096984652823
2017-11-04,0.0136333113450098
2017-11-05,0.0131884463281117
2017-11-06,0.0127683188722081
2017-11-07,0.0123731341829986
2017-11-08,0.0119993106386489
2017-11-09,0.0116418340782301
2017-11-10,0.0112988319280779
2017-11-11,0.0109727642570125
2017-11-12,0.0106660029378019
2017-11-13,0.0103791761672937
2017-11-14,0.0101116976033561
2017-11-15,0.00986270423251182
2017-11-16,0.00963116537484035
2017-11-17,0.00941724759509107
2017-11-18,0.00921961011778122
2017-11-19,0.00903681140994784
2017-11-20,0.00886752970052735
2017-11-21,0.00870929311029296
2017-11-22,0.00856003408843748
2017-11-23,0.00841846599963475
2017-11-24,0.00828292895124558
2017-11-25,0.00815195127397658
2017-11-26,0.00802485994322006
2017-11-27,0.00790129911209621
2017-11-28,0.00778141044670535
2017-11-29,0.00766594063352192
2017-11-30,0.00755565176267878
2017-12-01,0.00745101986851869
2017-12-02,0.00735185610749925
2017-12-03,0.0072574594929827
2017-12-04,0.00716723612511906
2017-12-05,0.00708050361345488
2017-12-06,0.00699668090821917
2017-12-07,0.00691584788618978
2017-12-08,0.00683763254238984
2017-12-09,0.0067618193892777
2017-12-10,0.00668836386092767
2017-12-11,0.00661706069677741
2017-12-12,0.00654851211868714
2017-12-13,0.00648293926128973
2017-12-14,0.00642100663232675
2017-12-15,0.00636184894383792
2017-12-16,0.00630452764418423
2017-12-17,0.00624929053824002
2017-12-18,0.00619628858795384
2017-12-19,0.00614493072554326
2017-12-20,0.00609436442929292
2017-12-21,0.00604423205247779
2017-12-22,0.00599508130107969
2017-12-23,0.00594808687745889
2017-12-24,0.0059048333466942
2017-12-25,0.00586349611726262
2017-12-26,0.0058216822845768
2017-12-27,0.00577860638483596
2017-12-28,0.00573460659719671
2017-12-29,0.0056907583014752
2017-12-30,0.00564772993693971
2017-12-31,0.00560574372993894
2018-01-01,0.00556470557730999
2018-01-02,0.00552448444950769
2018-01-03,0.00548496713318677
2018-01-04,0.00544664310418251
2018-01-05,0.00540973868195345
2018-01-06,0.00537390418943633
2018-01-07,0.00533886530018825
2018-01-08,0.00530473543975857
2018-01-09,0.00527120285745149
2018-01-10,0.00523811312789407
2018-01-11,0.00520549921662959
2018-01-12,0.00517326604883931
2018-01-13,0.00514138505718434
2018-01-14,0.00510990375350171
2018-01-15,0.00507868363738527
2018-01-16,0.00504870996200456
2018-01-17,0.00501985862987548
2018-01-18,0.00499133202922655
2018-01-19,0.00496321196471057
2018-01-20,0.00493564545768167
2018-01-21,0.00490855680597184
2018-01-22,0.00488190158895678
2018-01-23,0.00485550368515187
2018-01-24,0.00482939502632552
2018-01-25,0.0048036329523409
2018-01-26,0.00477825959832491
2018-01-27,0.00475335905987445
2018-01-28,0.00472906757396577
2018-01-29,0.00470553292186012
2018-01-30,0.00468249084915415
2018-01-31,0.00465972559552694
2018-02-01,0.0046372108606993
2018-02-02,0.00461489918482449
2018-02-03,0.00459272846024997
2018-02-04,0.00457068684261698
2018-02-05,0.0045487827226524
2018-02-06,0.00452703528584225
2018-02-07,0.00450537147427589
2018-02-08,0.0044842857639575
2018-02-09,0.00446372447816701
2018-02-10,0.00444331878840495
2018-02-11,0.00442310144533286
2018-02-12,0.00440383478545956
2018-02-13,0.00438527818926738
2018-02-14,0.00436675267798638
2018-02-15,0.00434836034284386
2018-02-16,0.00433030680081787
2018-02-17,0.0043124314578764
2018-02-18,0.004294565709745
2018-02-19,0.00427650662859164
2018-02-20,0.00425859856061027
2018-02-21,0.00424129880837326
2018-02-22,0.00422428634791967
2018-02-23,0.00420747127286295
2018-02-24,0.00419087048619188
2018-02-25,0.00417421844987929
2018-02-26,0.00415769669007786
2018-02-27,0.00414130572537767
2018-02-28,0.00412489766460897
2018-03-01,0.0041085026383319
2018-03-02,0.00409219049588556
2018-03-03,0.00407607985582621
2018-03-04,0.00406004046830567
2018-03-05,0.0040439661362443
2018-03-06,0.00402786712368568
2018-03-07,0.0040117732514801
2018-03-08,0.00399579883013004
2018-03-09,0.00397986246275967
2018-03-10,0.00396395907781779
2018-03-11,0.00394811187591141
2018-03-12,0.00393284817596245
2018-03-13,0.0039180160241116
2018-03-14,0.00390212271229388
2018-03-15,0.00388473913068546
2018-03-16,0.00386748839836618
2018-03-17,0.00385041225673529
2018-03-18,0.00383293154473366
2018-03-19,0.00381526919867953
2018-03-20,0.00379701293293838
2018-03-21,0.00377870589909302
2018-03-22,0.00376046478339961
2018-03-23,0.00374245849981514
2018-03-24,0.0037252741955487
2018-03-25,0.00370931416844266
2018-03-26,0.00369443558373513
2018-03-27,0.00368048618649732
2018-03-28,0.00367023846740266
2018-03-29,0.00366447837326539
2018-03-30,0.0036605232103939
2018-03-31,0.00365568994410529
2018-04-01,0.00365372265237794
2018-04-02,0.00365782571184326
2018-04-03,0.00367243195685874
2018-04-04,0.00369324449981227
2018-04-05,0.00371148542518012
2018-04-06,0.00372944884761007
2018-04-07,0.00373724689222931
2018-04-08,0.00372696198821915
2018-04-09,0.00370099677745794
2018-04-10,0.00366746565730008
2018-04-11,0.00363220687832041
2018-04-12,0.00359884772183812
2018-04-13,0.00356954641722979
2018-04-14,0.00354539615233009
2018-04-15,0.00352893075852057
2018-04-16,0.00353367979472037
2018-04-17,0.00356817565914294
2018-04-18,0.00362597858536252
2018-04-19,0.00370927341286398
2018-04-20,0.00382892907119117
2018-04-21,0.0039930515745057
2018-04-22,0.00417478133958289
2018-04-23,0.00436948114353828
2018-04-24,0.00463067805350902
2018-04-25,0.00505016423490906
2018-04-26,0.00564944797004254
2018-04-27,0.00637050378642424
2018-04-28,0.00716530638513274
2018-04-29,0.00803943069907536
2018-04-30,0.008969840272454
2018-05-01,0.00998741680545646
2018-05-02,0.0113705773581855
2018-05-03,0.0135085887480374
2018-05-04,0.0166213491843277
2018-05-05,0.0208255294544486
2018-05-06,0.0258974970919181
2018-05-07,0.0313977619124491
2018-05-08,0.0371945542633351
2018-05-09,0.0432295582547444
2018-05-10,0.0494643497434318
2018-05-11,0.0556468186250653
2018-05-12,0.0611882470059058
2018-05-13,0.0657760298262657
2018-05-14,0.0691996760348788
2018-05-15,0.0713599164051852
2018-05-16,0.0728192796075934
2018-05-17,0.0742089626105138
2018-05-18,0.0758673443522276
2018-05-19,0.0778435389373966
2018-05-20,0.080168111873566
2018-05-21,0.0828713342076901
2018-05-22,0.085820122231677
2018-05-23,0.0890744014920752
2018-05-24,0.0926536105335106
2018-05-25,0.0968250858244148
2018-05-26,0.102536969980167
2018-05-27,0.109108520798045
2018-05-28,0.114082064897059
2018-05-29,0.11687853576787
2018-05-30,0.118128989147694
2018-05-31,0.118562554428871
2018-06-01,0.118697789420318
2018-06-02,0.119097606570245
2018-06-03,0.120340694881132
2018-06-04,0.123413432617707
2018-06-05,0.128902853293993
2018-06-06,0.135759742187819
2018-06-07,0.143096280361974
2018-06-08,0.150720863627208
2018-06-09,0.158765308217034
2018-06-10,0.167123125547903
2018-06-11,0.17180643311872
2018-06-12,0.170403759212249
2018-06-13,0.167106739824909
2018-06-14,0.163389809767264
2018-06-15,0.158954771079619
2018-06-16,0.153456624880651
2018-06-17,0.146975134899674
2018-06-18,0.138789979377343
2018-06-19,0.129572087862906
2018-06-20,0.120501686055196
2018-06-21,0.112355823308727
2018-06-22,0.105242104382437
2018-06-23,0.0990097674519556
2018-06-24,0.0938252165705152
2018-06-25,0.0895787817733492
2018-06-26,0.0861180710237377
2018-06-27,0.0832773978556656
2018-06-28,0.0809034644908431
2018-06-29,0.0790501296108307
2018-06-30,0.0774940956633863
2018-07-01,0.0758402051302709
2018-07-02,0.0740231986651992
2018-07-03,0.0721626773715528
2018-07-04,0.0703806898042764
2018-07-05,0.0687718626943125
2018-07-06,0.0674016798499423
2018-07-07,0.0661655836576847
2018-07-08,0.0649956946432195
2018-07-09,0.0638803799045654
2018-07-10,0.0629825164963491
2018-07-11,0.0621184461721884
2018-07-12,0.0611411947743252
2018-07-13,0.0602578942023321
2018-07-14,0.0597962428250729
2018-07-15,0.0596702865223096
2018-07-16,0.0596378217334541
2018-07-17,0.0596409789579961
2018-07-18,0.0597209115724899
2018-07-19,0.0600011476388238
2018-07-20,0.0604626241728331
2018-07-21,0.060846569413863
2018-07-22,0.0610235705619561
2018-07-23,0.0610016987908931
2018-07-24,0.0607998933572849
2018-07-25,0.0602465692044168
2018-07-26,0.0593706986426615
2018-07-27,0.0584616387934268
2018-07-28,0.057780254259493
2018-07-29,0.0574582085444815
2018-07-30,0.0576093273370945
2018-07-31,0.0578810351997838
2018-08-01,0.05821839433721
2018-08-02,0.0588302007981333
2018-08-03,0.0596031672967463
2018-08-04,0.0603708292195839
2018-08-05,0.0610555126897931
2018-08-06,0.0616590078715183
2018-08-07,0.0621568017155384
2018-08-08,0.0626168762676995
2018-08-09,0.0629934029219553
2018-08-10,0.063325831180636
2018-08-11,0.063373027166891
2018-08-12,0.0631822478763427
2018-08-13,0.0629105586590413
2018-08-14,0.0625444293313995
2018-08-15,0.0623194566491942
2018-08-16,0.0622481842337573
2018-08-17,0.0620296266017318
2018-08-18,0.0615218196357144
2018-08-19,0.0606504386017486
2018-08-20,0.0595810038053121
2018-08-21,0.058225997687299
2018-08-22,0.056654623873856
2018-08-23,0.0552502051498762
2018-08-24,0.0542643099676776
2018-08-25,0.0533884865505794
2018-08-26,0.0526974556109488
2018-08-27,0.0522811619774604
2018-08-28,0.0520017486952118
2018-08-29,0.0517297240464598
2018-08-30,0.0514909030947733
2018-08-31,0.0513240382315262
2018-09-01,0.0513796209384926
2018-09-02,0.0514972025297808
2018-09-03,0.051544679049685
2018-09-04,0.0516458599228447
2018-09-05,0.0517668990665838
2018-09-06,0.0518388377800136
2018-09-07,0.05193261926411
2018-09-08,0.0521941657629278
2018-09-09,0.052547920059825
2018-09-10,0.0530373433288912
2018-09-11,0.053578231985917
2018-09-12,0.0540034578238161
2018-09-13,0.0542777021445827
2018-09-14,0.0547720531759804
2018-09-15,0.0553413187591541
2018-09-16,0.0555928953948427
2018-09-17,0.0557057471951557
2018-09-18,0.05575297552362
2018-09-19,0.0555424976206401
2018-09-20,0.0552180437112379
2018-09-21,0.0550255295165568
2018-09-22,0.055008782830377
2018-09-23,0.0549677459460743
2018-09-24,0.0546912057011058
2018-09-25,0.0540851645489783
2018-09-26,0.0532027977304224
2018-09-27,0.0521966298411285
2018-09-28,0.0511185096000941
2018-09-29,0.0500512244152148
2018-09-30,0.0490496834903154
2018-10-01,0.0480675448614685
2018-10-02,0.0470672970188383
2018-10-03,0.0460499440030235
2018-10-04,0.0450028627331284
2018-10-05,0.0439080170731749
2018-10-06,0.042781938135584
2018-10-07,0.0416874288279954
2018-10-08,0.0406725380646826
2018-10-09,0.0396809266952597
2018-10-10,0.0386223272196298
2018-10-11,0.0374962500152864
2018-10-12,0.036360173588514
2018-10-13,0.0352998236821911
2018-10-14,0.0343889597812063
2018-10-15,0.0336429981717484
2018-10-16,0.0330009721413475
2018-10-17,0.0323341306826523
2018-10-18,0.0315423603142939
2018-10-19,0.0305961679342948
2018-10-20,0.0295121085702553
2018-10-21,0.0283406922735779
2018-10-22,0.0271478898497816
2018-10-23,0.0259780655208824
2018-10-24,0.0248495991277506
2018-10-25,0.02376861054329
2018-10-26,0.0227347252710506
2018-10-27,0.0217448973835109
2018-10-28,0.0208698936504022
2018-10-29,0.0201259310142522
2018-10-30,0.0194649701008814
2018-10-31,0.0188813930579402
2018-11-01,0.0183669987766936
2018-11-02,0.0178953615444507
2018-11-03,0.0174403856609293
2018-11-04,0.0169877103943164
2018-11-05,0.0165024985412735
2018-11-06,0.0159409679183092
2018-11-07,0.0153003586121971
2018-11-08,0.0146114157554457
2018-11-09,0.0139241743779108
2018-11-10,0.0132844545841182
2018-11-11,0.0127146023027777
2018-11-12,0.0122140258881576
2018-11-13,0.0117712858612566
2018-11-14,0.0113718356170915
2018-11-15,0.0110025796357581
2018-11-16,0.0106539965544161
2018-11-17,0.010320985122194
2018-11-18,0.0100033318070188
2018-11-19,0.00970305170223948
2018-11-20,0.00942184357612951
2018-11-21,0.00916074206903049
2018-11-22,0.0089197575041513
2018-11-23,0.00869839624008085
2018-11-24,0.0084953016135429
2018-11-25,0.0083087378078252
2018-11-26,0.00813734428442226
2018-11-27,0.00797954813071397
2018-11-28,0.00783395590043636
2018-11-29,0.00769930734553454
2018-11-30,0.00757406075661516
2018-12-01,0.00745678661999506
2018-12-02,0.00734954715254702
2018-12-03,0.00725018715021759
2018-12-04,0.0071557611180098
2018-12-05,0.00706613696870134
2018-12-06,0.00698187262361391
2018-12-07,0.00690338030642453
2018-12-08,0.00682925776907885
2018-12-09,0.00675798193688928
2018-12-10,0.00668891204598004
2018-12-11,0.00662182006499066
2018-12-12,0.0065567646111447
2018-12-13,0.00649384710967225
2018-12-14,0.00643288631932793
2018-12-15,0.00637378969083023
2018-12-16,0.0063164951540044
2018-12-17,0.00626092466501272
2018-12-18,0.00620690253119551
2018-12-19,0.00615459821735291
2018-12-20,0.00610399291644418
2018-12-21,0.00605475413083515
2018-12-22,0.00600677106315254
2018-12-23,0.00595996844874659
2018-12-24,0.00591428030274901
2018-12-25,0.00586970093791003
2018-12-26,0.00582622550726132
2018-12-27,0.00578369635718788
2018-12-28,0.00574189836716615
2018-12-29,0.00570087140653397
2018-12-30,0.00566069628350594
2018-12-31,0.00562112094993417
2019-01-01,0.0055819930998711
2019-01-02,0.00554352518699812
2019-01-03,0.00550585382793187
2019-01-04,0.00546895045496836
2019-01-05,0.00543261022731305
2019-01-06,0.00539684992665672
2019-01-07,0.00536150839754832
2019-01-08,0.00532660133507905
2019-01-09,0.00529232257974355
2019-01-10,0.00525857656854026
2019-01-11,0.00522530468957454
2019-01-12,0.00519253985964319
2019-01-13,0.00516028533370916
2019-01-14,0.00512839792504985
2019-01-15,0.00509700249786402
2019-01-16,0.00506798726569209
2019-01-17,0.00504029053619141
2019-01-18,0.00501258644098621
2019-01-19,0.00498476856656033
2019-01-20,0.0049571632291969
2019-01-21,0.00493015004599729
2019-01-22,0.00490379770011871
2019-01-23,0.00487782526069428
2019-01-24,0.00485230977422135
2019-01-25,0.0048273746267134
2019-01-26,0.00480368185728588
2019-01-27,0.00478078498802086
2019-01-28,0.00476141776226218
2019-01-29,0.00474434554281513
2019-01-30,0.0047276036021759
2019-01-31,0.00471096388416981
2019-02-01,0.00469423304249237
2019-02-02,0.00467766563946146
2019-02-03,0.00466175312287356
2019-02-04,0.0046465846698349
2019-02-05,0.00463170222624139
2019-02-06,0.00461627249976181
2019-02-07,0.0045997813633462
2019-02-08,0.00458504959713056
2019-02-09,0.00457268862005771
2019-02-10,0.00456007726009641
2019-02-11,0.00454744042718211
2019-02-12,0.00453538451586271
2019-02-13,0.00452353431098297
2019-02-14,0.00451296252711211
2019-02-15,0.00450322171607387
2019-02-16,0.00449274889908488
2019-02-17,0.0044808083088848
2019-02-18,0.00446706192085757
2019-02-19,0.00445166417024311
2019-02-20,0.00443507690119229
2019-02-21,0.0044176520973072
2019-02-22,0.00439978330587775
2019-02-23,0.00438165249942522
2019-02-24,0.00436351655960238
2019-02-25,0.00434525353255232
2019-02-26,0.00432676946748872
2019-02-27,0.00430876872646857
2019-02-28,0.00429086248172532
2019-03-01,0.00427234461070893
2019-03-02,0.00425346361254848
2019-03-03,0.00423444963901157
2019-03-04,0.00421557039407984
2019-03-05,0.00419643015217199
2019-03-06,0.00417907158623572
2019-03-07,0.00416302240092704
2019-03-08,0.00414648588805142
2019-03-09,0.00412945511580641
2019-03-10,0.00411217367121744
2019-03-11,0.00409476361340178
2019-03-12,0.00407743458726526
2019-03-13,0.00406019567169745
2019-03-14,0.00404250344294231
2019-03-15,0.00402502767126863
2019-03-16,0.00400829141924657
2019-03-17,0.00399206349757617
2019-03-18,0.00397712264399527
2019-03-19,0.00398482212239404
2019-03-20,0.00406459914341657
2019-03-21,0.00426194499239499
2019-03-22,0.00446821926670994
2019-03-23,0.00462151236938531
2019-03-24,0.00478254504424909
2019-03-25,0.00497942332810297
2019-03-26,0.00519119012959278
2019-03-27,0.00540558277579281
2019-03-28,0.0055914193374688
2019-03-29,0.00576708914314506
2019-03-30,0.00600199219016322
2019-03-31,0.00630212331945117
2019-04-01,0.00663143922644864
2019-04-02,0.00697984415814389
2019-04-03,0.00725008249398688
2019-04-04,0.00738633271942355
2019-04-05,0.00737179798477603
2019-04-06,0.00728739868575294
2019-04-07,0.0071948548362639
2019-04-08,0.00710715588478637
2019-04-09,0.00701909086912955
2019-04-10,0.00693108257607177
2019-04-11,0.00684772881899912
2019-04-12,0.00677816754431057
2019-04-13,0.00672668415866113
2019-04-14,0.00669467737932038
2019-04-15,0.00668600921538331
2019-04-16,0.00671098187758583
2019-04-17,0.00677900204344528
2019-04-18,0.0068813007669126
2019-04-19,0.00699104938226478
2019-04-20,0.00709001241899416
2019-04-21,0.00716769079015157
2019-04-22,0.00721415894253739
2019-04-23,0.00724980864617612
2019-04-24,0.00734530834875408
2019-04-25,0.00750624923191106
2019-04-26,0.00766120133924786
2019-04-27,0.00783751764053286
2019-04-28,0.00814747246143271
2019-04-29,0.00876691690690737
2019-04-30,0.00974794028297231
2019-05-01,0.0109476338766248
2019-05-02,0.0122207768175674
2019-05-03,0.0137503529850141
2019-05-04,0.0157434877429206
2019-05-05,0.0180442738619655
2019-05-06,0.0207260394286886
2019-05-07,0.0241352720721539
2019-05-08,0.0284601545999337
2019-05-09,0.0337595285483524
2019-05-10,0.0401101423704817
2019-05-11,0.0475351141722632
2019-05-12,0.0556803256706147
2019-05-13,0.0639303174255392
2019-05-14,0.0714414369600945
2019-05-15,0.0785410979867469
2019-05-16,0.0857479168979807
2019-05-17,0.0919982117900211
2019-05-18,0.0969360270897274
2019-05-19,0.101057997284111
2019-05-20,0.105031987069877
2019-05-21,0.108376769131697
2019-05-22,0.110756055118644
2019-05-23,0.112808454944057
2019-05-24,0.115392460584112
2019-05-25,0.118554543312027
2019-05-26,0.121914998513288
2019-05-27,0.125729889112498
2019-05-28,0.129767142339495
2019-05-29,0.132587254900995
2019-05-30,0.134635332077633
2019-05-31,0.136800213841962
2019-06-01,0.138240135666619
2019-06-02,0.137763138552151
2019-06-03,0.135658862172412
2019-06-04,0.133690064410723
2019-06-05,0.132814735736999
2019-06-06,0.132551569199322
2019-06-07,0.132820577780463
2019-06-08,0.133654909989343
2019-06-09,0.13446572663866
2019-06-10,0.133901680055212
2019-06-11,0.131015062229444
2019-06-12,0.126313927564463
2019-06-13,0.12096165482386
2019-06-14,0.116215008479066
2019-06-15,0.112135664018289
2019-06-16,0.108092181812117
2019-06-17,0.104199308289694
2019-06-18,0.101198599638189
2019-06-19,0.0990471575416481
2019-06-20,0.0976182451733013
2019-06-21,0.0958213161308158
2019-06-22,0.0937814861646008
2019-06-23,0.0917676286593134
2019-06-24,0.0895038672061736
2019-06-25,0.0871529831099802
2019-06-26,0.0847354668612319
2019-06-27,0.0819157125128543
2019-06-28,0.0787936916354893
2019-06-29,0.0755707107547029
2019-06-30,0.072392798059059
2019-07-01,0.0694297141560987
2019-07-02,0.0666837349237268
2019-07-03,0.0640095613776337
2019-07-04,0.0616073407449277
2019-07-05,0.0597988046435839
2019-07-06,0.0583328289417282
2019-07-07,0.0570846446609154
2019-07-08,0.0561605864989824
2019-07-09,0.0555065194855891
2019-07-10,0.0549699503222231
2019-07-11,0.0543810623836902
2019-07-12,0.0538003733823027
2019-07-13,0.0533893476574106
2019-07-14,0.0528237787884933
2019-07-15,0.0520133096918934
2019-07-16,0.0512635410307425
2019-07-17,0.0507548442712316
2019-07-18,0.0504487949903003
2019-07-19,0.0501470680441495
2019-07-20,0.0498721220701266
2019-07-21,0.0496303918929019
2019-07-22,0.0494378724873144
2019-07-23,0.0497237870275687
2019-07-24,0.0506797426068223
2019-07-25,0.0507723035796876
2019-07-26,0.0500399488511459
2019-07-27,0.0491428269317988
2019-07-28,0.0483203885022166
2019-07-29,0.0474155898145638
2019-07-30,0.0465062970384824
2019-07-31,0.0457390239866885
2019-08-01,0.0451113914923026
2019-08-02,0.0446067466675569
2019-08-03,0.0441389607842884
2019-08-04,0.0438264776348932
2019-08-05,0.0440516065614542
2019-08-06,0.0449985163291874
2019-08-07,0.0463434317022217
2019-08-08,0.0476189903110931
2019-08-09,0.0486107637263433
2019-08-10,0.0492249909354715
2019-08-11,0.0493068625188586
2019-08-12,0.0488673356958474
2019-08-13,0.0480987229748782
2019-08-14,0.047258800747886
2019-08-15,0.0464708433276389
2019-08-16,0.0457175470616056
2019-08-17,0.0447851566131708
2019-08-18,0.0436887608797257
2019-08-19,0.0428969064941308
2019-08-20,0.0422933504318077
2019-08-21,0.0414495331971564
2019-08-22,0.0405789068322787
2019-08-23,0.0399572540547983
2019-08-24,0.0395960874683274
2019-08-25,0.0393575021384652
2019-08-26,0.0391745422564724
2019-08-27,0.0390950340761159
2019-08-28,0.0391066842687682
2019-08-29,0.0392119340072833
2019-08-30,0.039405427801261
2019-08-31,0.0396080493464145
2019-09-01,0.0397469591413259
2019-09-02,0.0397465686759501
2019-09-03,0.039610242444718
2019-09-04,0.0395072120326525
2019-09-05,0.0394852357301515
2019-09-06,0.0394960750341521
2019-09-07,0.0395302662315766
2019-09-08,0.0395205902884238
2019-09-09,0.0396218078464808
2019-09-10,0.0399226527169001
2019-09-11,0.0400290486381867
2019-09-12,0.0397824169181383
2019-09-13,0.0393870005449414
2019-09-14,0.0393480714327648
2019-09-15,0.0399917148042882
2019-09-16,0.0405954463229135
2019-09-17,0.0410167469838043
2019-09-18,0.0414449520369324
2019-09-19,0.0419286574538536
2019-09-20,0.0423953772091663
2019-09-21,0.0430426630506234
2019-09-22,0.0439218963763536
2019-09-23,0.0449526799323133
2019-09-24,0.0460713924302007
2019-09-25,0.0471574196324314
2019-09-26,0.0480951656372363
2019-09-27,0.0487272907569462
2019-09-28,0.0491238611134221
2019-09-29,0.0494076457073586
2019-09-30,0.0495224259142013
2019-10-01,0.0493567498044825
2019-10-02,0.048913135386167
2019-10-03,0.048200007675275
2019-10-04,0.0472421838434433
2019-10-05,0.0461800059486856
2019-10-06,0.0451184592720716
2019-10-07,0.0441731859744597
2019-10-08,0.0433462872661823
2019-10-09,0.0425341840719503
2019-10-10,0.0416616692090988
2019-10-11,0.0406998626975883
2019-10-12,0.0396413325781947
2019-10-13,0.0385186754873608
2019-10-14,0.0373619377613715
2019-10-15,0.0361996572929214
2019-10-16,0.035121216212721
2019-10-17,0.0341633114758815
2019-10-18,0.0332965909155953
2019-10-19,0.0325378843637668
2019-10-20,0.0318461967632884
2019-10-21,0.0311035798487602
2019-10-22,0.0302743416598385
2019-10-23,0.0293717094735466
2019-10-24,0.0283901954518382
2019-10-25,0.0273455263958816
2019-10-26,0.0262804918269681
2019-10-27,0.0252388223639325
2019-10-28,0.0242492123542396
2019-10-29,0.0233102634960044
2019-10-30,0.0224209797735077
2019-10-31,0.021585739611729
2019-11-01,0.0208017324749976
2019-11-02,0.0200621578297405
2019-11-03,0.0193629688587698
2019-11-04,0.0187028336649058
2019-11-05,0.0180751354165819
2019-11-06,0.0174712473929802
2019-11-07,0.016885238232514
2019-11-08,0.0163149094525789
2019-11-09,0.0157621553835973
2019-11-10,0.0152330233028444
2019-11-11,0.0147346428753493
2019-11-12,0.014273889230919
2019-11-13,0.0138474833161732
2019-11-14,0.0134493698698456
2019-11-15,0.0130741457562176
2019-11-16,0.0127151092970899
2019-11-17,0.0123665289024588
2019-11-18,0.0120251383204146
2019-11-19,0.0116903452171717
2019-11-20,0.0113632300597052
2019-11-21,0.0110466752706231
2019-11-22,0.0107437406726924
2019-11-23,0.0104564723266157
2019-11-24,0.0101858145277635
2019-11-25,0.00993157954307339
2019-11-26,0.00969249958242493
2019-11-27,0.00946717385558061
2019-11-28,0.0092644541790357
2019-11-29,0.00908068662148424
2019-11-30,0.00890856486055308
2019-12-01,0.00874825132737095
2019-12-02,0.00859905511331722
2019-12-03,0.00845830917626456
2019-12-04,0.0083232645192477
2019-12-05,0.00819338986343451
2019-12-06,0.00806900914062453
2019-12-07,0.0079505909066184
2019-12-08,0.00783852949586253
2019-12-09,0.00773275102091593
2019-12-10,0.00763251194851876
2019-12-11,0.00753904130834413
2019-12-12,0.00745168022730011
2019-12-13,0.00736892619508414
2019-12-14,0.00728960357640395
2019-12-15,0.007213192904698
2019-12-16,0.00713957583533737
2019-12-17,0.00706826181329278
2019-12-18,0.00699894619649176
2019-12-19,0.00693168276050074
2019-12-20,0.00686641642583673
2019-12-21,0.00680293113975274
2019-12-22,0.00674120711164774
2019-12-23,0.00668115208729062
2019-12-24,0.00662238904407818
2019-12-25,0.00656491794541997
2019-12-26,0.00650900959231994
2019-12-27,0.00645459277672947
2019-12-28,0.00640134207648603
2019-12-29,0.00634888799985478
2019-12-30,0.00629732085225388
2019-12-31,0.00624663715021964
2020-01-01,0.00619657811257324
2020-01-02,0.00614726677388305
2020-01-03,0.00609906123707736
2020-01-04,0.00605193738444862
2020-01-05,0.0060055985688619
2020-01-06,0.00595994743539131
2020-01-07,0.00591516706245341
2020-01-08,0.0058713748960003
2020-01-09,0.00582863815498656
2020-01-10,0.00578661907685204
2020-01-11,0.0057450593564437
2020-01-12,0.00570399003261036
2020-01-13,0.00566382728868849
2020-01-14,0.005624516131563
2020-01-15,0.00558592868378897
2020-01-16,0.00554818282865717
2020-01-17,0.00551118886916105
2020-01-18,0.00547502244368301
2020-01-19,0.00543969652191295
2020-01-20,0.00540509059810423
2020-01-21,0.00537134148478036
2020-01-22,0.00533845302481563
2020-01-23,0.00530619747934728
2020-01-24,0.00527442857450599
2020-01-25,0.0052430949595463
2020-01-26,0.00521222474610914
2020-01-27,0.00518196962812746
2020-01-28,0.0051521855970786
2020-01-29,0.00512278864418542
2020-01-30,0.00509392952930771
2020-01-31,0.00506565237680247
2020-02-01,0.00503787119897667
2020-02-02,0.00501059844352191
2020-02-03,0.00498361294552752
2020-02-04,0.00495669564973961
2020-02-05,0.00493004199291724
2020-02-06,0.00490384352805518
2020-02-07,0.00487811656930579
2020-02-08,0.0048530019472207
2020-02-09,0.00482842460131058
2020-02-10,0.00480432698257693
2020-02-11,0.00478064185136407
2020-02-12,0.00475729092830872
2020-02-13,0.00473413587445065
2020-02-14,0.00471136811692668
2020-02-15,0.00468880744945576
2020-02-16,0.00466644055249812
2020-02-17,0.00464464376375303
2020-02-18,0.00462377616709656
2020-02-19,0.00460384708065328
2020-02-20,0.00458466783022889
2020-02-21,0.00456601540903271
2020-02-22,0.00454744393929304
2020-02-23,0.0045287623468847
2020-02-24,0.00450956541852378
2020-02-25,0.00448964671840622
2020-02-26,0.00446938380904823
2020-02-27,0.00444929678683741
2020-02-28,0.00442939715559028
2020-02-29,0.00440984428533638
2020-03-01,0.00439092394042148
2020-03-02,0.00437172785487821
2020-03-03,0.00435257845928326
2020-03-04,0.00433362038998527
2020-03-05,0.00431457599905175
2020-03-06,0.00429600696022635
2020-03-07,0.00427772278059312
2020-03-08,0.00425967093722136
2020-03-09,0.0042419411261446
2020-03-10,0.00422434414133277
2020-03-11,0.00420650982322081
2020-03-12,0.00418810152738786
2020-03-13,0.00416860666678119
2020-03-14,0.00414682442220388
2020-03-15,0.00412279880357318
2020-03-16,0.00409625901621908
2020-03-17,0.00406661998124821
2020-03-18,0.00403536631037992
2020-03-19,0.00400531690305473
2020-03-20,0.00397798398129269
2020-03-21,0.00395738186195267
2020-03-22,0.00394447956094058
2020-03-23,0.00394177820635516
2020-03-24,0.00394826044853937
2020-03-25,0.00396173179185694
2020-03-26,0.00398201443555275
2020-03-27,0.00400431530147876
2020-03-28,0.00402421297816704
2020-03-29,0.00404057082101981
2020-03-30,0.00405229292542153
2020-03-31,0.00405954890278285
2020-04-01,0.00406479768045056
2020-04-02,0.0040708126193509
2020-04-03,0.00407952708442387
2020-04-04,0.00409546696610894
2020-04-05,0.00412351136306594
2020-04-06,0.00418150572584358
2020-04-07,0.00428283893558734
2020-04-08,0.00441851173976554
2020-04-09,0.00464140146977661
2020-04-10,0.00499774663850518
2020-04-11,0.0055860723336797
2020-04-12,0.00647027387053526
2020-04-13,0.00759741854578287
2020-04-14,0.00888651854781983
2020-04-15,0.0102613001237787
2020-04-16,0.0116966680102937
2020-04-17,0.0132205164192529
2020-04-18,0.014836147553835
2020-04-19,0.0164995687845138
2020-04-20,0.0182022136627391
2020-04-21,0.0198809182961275
2020-04-22,0.0215983846189394
2020-04-23,0.0235534965834641
2020-04-24,0.0260005529519663
2020-04-25,0.0292604545546523
2020-04-26,0.0331743431685444
2020-04-27,0.037453714753098
2020-04-28,0.0417056552386759
2020-04-29,0.0455388807768399
2020-04-30,0.0489842036250581
2020-05-01,0.0522310786761699
2020-05-02,0.0550565793407476
2020-05-03,0.0572387584803165
2020-05-04,0.0587814887268647
2020-05-05,0.0599505741782429
2020-05-06,0.0610326745843797
2020-05-07,0.0622798965790565
2020-05-08,0.0642448364254433
2020-05-09,0.0669673262858773
2020-05-10,0.0696178391940449
2020-05-11,0.0721912767215861
2020-05-12,0.0750668827351077
2020-05-13,0.0780075662074729
2020-05-14,0.0806304964585373
2020-05-15,0.0832374008535666
2020-05-16,0.0864591905176634
2020-05-17,0.0910089165755473
2020-05-18,0.0971725238086952
2020-05-19,0.104452207499157
2020-05-20,0.11210830761545
2020-05-21,0.119105510033683
2020-05-22,0.124362975610711
2020-05-23,0.127907113534952
2020-05-24,0.1299974414383
2020-05-25,0.130276260968683
2020-05-26,0.128284725556924
2020-05-27,0.126252186494315
2020-05-28,0.125407025882079
2020-05-29,0.124576658617045
2020-05-30,0.122926838713509
2020-05-31,0.12068308648784
2020-06-01,0.11829924053685
2020-06-02,0.115743336902844
2020-06-03,0.112934224315586
2020-06-04,0.11019511593855
2020-06-05,0.107924900886541
2020-06-06,0.106323222628756
2020-06-07,0.105188097179168
2020-06-08,0.104122033814979
2020-06-09,0.102842885688498
2020-06-10,0.101063478656714
2020-06-11,0.0988625087022569
2020-06-12,0.096373141125975
2020-06-13,0.0939335826186369
2020-06-14,0.0916750363138765
2020-06-15,0.0897572425622818
2020-06-16,0.0883669005431631
2020-06-17,0.0873551142596478
2020-06-18,0.0866277783414357
2020-06-19,0.0861765285493883
2020-06-20,0.0860105711924856
2020-06-21,0.0858093563393009
2020-06-22,0.085268862172651
2020-06-23,0.0845188334600655
2020-06-24,0.0833144966293025
2020-06-25,0.0814243816723378
2020-06-26,0.0790279851727726
2020-06-27,0.0765132192808552
2020-06-28,0.0741277842759157
2020-06-29,0.0717884488727547
2020-06-30,0.0694034603167114
2020-07-01,0.0670633854907018
2020-07-02,0.0648942162522815
2020-07-03,0.0630972842223489
2020-07-04,0.0617535333473545
2020-07-05,0.0604999775555084
2020-07-06,0.059272825614181
2020-07-07,0.0581017508372029
2020-07-08,0.0570990250362488
2020-07-09,0.0563049629434226
2020-07-10,0.0555227551341866
2020-07-11,0.0548327809869967
2020-07-12,0.0541923008548213
2020-07-13,0.0535679359965772
2020-07-14,0.0531384333853453
2020-07-15,0.0530342927503518
2020-07-16,0.0530322994250663
2020-07-17,0.0531386901295787
2020-07-18,0.0534264484903415
2020-07-19,0.0537109058551311
2020-07-20,0.0539274742021365
2020-07-21,0.0543695602945375
2020-07-22,0.0552576618253765
2020-07-23,0.0559918714621241
2020-07-24,0.0563154477206624
2020-07-25,0.0565343137329912
2020-07-26,0.0570259827938003
2020-07-27,0.0578600649323307
2020-07-28,0.058622385866269
2020-07-29,0.0591751102189715
2020-07-30,0.0597459896233815
2020-07-31,0.0602956147965146
2020-08-01,0.0606509736518545
2020-08-02,0.0609744836633947
2020-08-03,0.0611541246515176
2020-08-04,0.0610793551211405
2020-08-05,0.0610117571189431
2020-08-06,0.0614816148734199
2020-08-07,0.0621608660826888
2020-08-08,0.0623756702741625
2020-08-09,0.0620774975868375
2020-08-10,0.0613182204714573
2020-08-11,0.0601987371406902
2020-08-12,0.0589084254252837
2020-08-13,0.0576917723060453
2020-08-14,0.0567007477556382
2020-08-15,0.0560510873313357
2020-08-16,0.0557165054366863
2020-08-17,0.0554369877159921
2020-08-18,0.0549691665912783
2020-08-19,0.0541729954610212
2020-08-20,0.0532128079135241
2020-08-21,0.052443572344718
2020-08-22,0.0520426426434112
2020-08-23,0.0518260858615218
2020-08-24,0.0515920882093139
2020-08-25,0.0512595293727175
2020-08-26,0.0508921391674839
2020-08-27,0.0504998878431006
2020-08-28,0.0498937082046721
2020-08-29,0.0490058632408754
2020-08-30,0.0480201871452742
2020-08-31,0.0472033422771193
2020-09-01,0.0466996347023449
2020-09-02,0.0463826624585974
2020-09-03,0.0462884558902181
2020-09-04,0.0464085127964688
2020-09-05,0.0464524599715427
2020-09-06,0.0463805686763848
2020-09-07,0.0463715316646354
2020-09-08,0.0466255401852194
2020-09-09,0.0470850884678705
2020-09-10,0.0475506547014521
2020-09-11,0.047936689716221
2020-09-12,0.0481399257602713
2020-09-13,0.0480521570284153
2020-09-14,0.0477146007367847
2020-09-15,0.0472372736656956
2020-09-16,0.0466041645713755
2020-09-17,0.0458118164073398
2020-09-18,0.0449424090696074
2020-09-19,0.0440258122352644
2020-09-20,0.0430074597981358
2020-09-21,0.041940612316011
2020-09-22,0.040905465158553
2020-09-23,0.0399446420684197
2020-09-24,0.0391181842735401
2020-09-25,0.0384108592855097
2020-09-26,0.0376933209470674
2020-09-27,0.0369829843108789
2020-09-28,0.0364772570746058
2020-09-29,0.0363025236801818
2020-09-30,0.0360597648924755
2020-10-01,0.0356590561491389
2020-10-02,0.0351774754807385
2020-10-03,0.0347588422911717
2020-10-04,0.0344897063240111
2020-10-05,0.0343181449579319
2020-10-06,0.0341867711757261
2020-10-07,0.0340200841429644
2020-10-08,0.0337273249401172
2020-10-09,0.0332849355140417
2020-10-10,0.0327313107075156
2020-10-11,0.0320982076624475
2020-10-12,0.0313607426767789
2020-10-13,0.0305200414577529
2020-10-14,0.0296142242373953
2020-10-15,0.0286648581712094
2020-10-16,0.0276700238067564
2020-10-17,0.0266568601262331
2020-10-18,0.0256963974164546
2020-10-19,0.0248051574784623
2020-10-20,0.0239796270933469
2020-10-21,0.0232053638104498
2020-10-22,0.0224685676302062
2020-10-23,0.0217626155966205
2020-10-24,0.0210720373703479
2020-10-25,0.0203849604827743
2020-10-26,0.0197015419992819
2020-10-27,0.0190328248036746
2020-10-28,0.018389722067398
2020-10-29,0.017781885313959
2020-10-30,0.0172173847663738
2020-10-31,0.0166979964562114
2020-11-01,0.0162195799160266
2020-11-02,0.0157744236440541
2020-11-03,0.0153538211955357
2020-11-04,0.0149502602955715
2020-11-05,0.0145571923724396
2020-11-06,0.0141727058769316
2020-11-07,0.0138067192895186
2020-11-08,0.0134715027995959
2020-11-09,0.0131696768014344
2020-11-10,0.0128931177096473
2020-11-11,0.0126370177063322
2020-11-12,0.0123907779726931
2020-11-13,0.0121358876358331
2020-11-14,0.0118683867697115
2020-11-15,0.0116013328135841
2020-11-16,0.0113450464503505
2020-11-17,0.0111034368630132
2020-11-18,0.0108776478538904
2020-11-19,0.0106676208768149
2020-11-20,0.0104732238812677
2020-11-21,0.0102934480834764
2020-11-22,0.0101255310680903
2020-11-23,0.00996703327484385
2020-11-24,0.00981558534704378
2020-11-25,0.00966874512400971
2020-11-26,0.00953105513915842
2020-11-27,0.00939790464820528
2020-11-28,0.00926291123264163
2020-11-29,0.00912502934984656
2020-11-30,0.00898360821760974
2020-12-01,0.00883988039571556
2020-12-02,0.00869584023278992
2020-12-03,0.00855422847523173
2020-12-04,0.00841870586869304
2020-12-05,0.00829585527149555
2020-12-06,0.00819666142315512
2020-12-07,0.00813043797218258
2020-12-08,0.0080730295745275
2020-12-09,0.00799584544019054
2020-12-10,0.00790457698960057
2020-12-11,0.00781388389850039
2020-12-12,0.00772871229829106
2020-12-13,0.007651120031153
2020-12-14,0.0075856472959099
2020-12-15,0.00753625038258515
2020-12-16,0.00750253153921031
2020-12-17,0.00747896765377007
2020-12-18,0.00745569757945525
2020-12-19,0.0074244251417527
2020-12-20,0.00738285081198421
2020-12-21,0.00733278989503444
2020-12-22,0.00727688818875724
2020-12-23,0.00721831297759973
2020-12-24,0.00715848779041072
2020-12-25,0.00709818950920725
2020-12-26,0.00703844296923711
2020-12-27,0.00698001495551021
2020-12-28,0.00692311203100206
2020-12-29,0.0068682281291366
2020-12-30,0.00681505366420334
2020-12-31,0.00676295185714785
2021-01-01,0.00671168173092047
2021-01-02,0.00666096544385024
2021-01-03,0.00661060236611043
2021-01-04,0.00656067991039564
2021-01-05,0.0065113630788628
2021-01-06,0.00646260959730515
2021-01-07,0.00641435521634292
2021-01-08,0.00636668845170989
2021-01-09,0.00631977671791275
2021-01-10,0.00627384870007336
2021-01-11,0.00622882912348024
2021-01-12,0.00618466801132751
2021-01-13,0.00614157749003397
2021-01-14,0.00609960622063144
2021-01-15,0.00605875951127153
2021-01-16,0.00601879403500094
2021-01-17,0.00597972370495024
2021-01-18,0.00594142030364483
2021-01-19,0.00590378436433734
2021-01-20,0.00586698008683977
2021-01-21,0.00583086286943199
2021-01-22,0.00579544573309109
2021-01-23,0.00576529552277083
2021-01-24,0.00573793638265013
2021-01-25,0.00571066954606757
2021-01-26,0.00568371128476596
2021-01-27,0.00565654680946885
2021-01-28,0.00562928878493021
2021-01-29,0.00560234036653663
2021-01-30,0.00557540461497979
2021-01-31,0.00554794630422855
2021-02-01,0.00551966762292491
2021-02-02,0.00549032453330865
2021-02-03,0.00546003048941726
2021-02-04,0.00542961996631394
2021-02-05,0.00539944082992615
2021-02-06,0.00536957994673649
2021-02-07,0.00534024159423412
2021-02-08,0.00531130085287919
2021-02-09,0.00528258879382034
2021-02-10,0.00525427720219984
2021-02-11,0.00522659682245469
2021-02-12,0.00519929594834742
2021-02-13,0.00517188806260724
2021-02-14,0.00514464105293676
2021-02-15,0.00511785311327868
2021-02-16,0.00509131264414221
2021-02-17,0.00506501897622365
2021-02-18,0.0050392408057403
2021-02-19,0.00501401674301263
2021-02-20,0.00498935570647946
2021-02-21,0.00496530013841966
2021-02-22,0.0049415745858365
2021-02-23,0.00491808670861306
2021-02-24,0.00489482029034867
2021-02-25,0.00487162516991675
2021-02-26,0.00484850090215977
2021-02-27,0.00482554920999488
2021-02-28,0.00480266275066774
2021-03-01,0.00477996009888054
2021-03-02,0.00475746489214798
2021-03-03,0.00473505520914529
2021-03-04,0.00471270628433909
2021-03-05,0.00469038569449789
2021-03-06,0.00466798614470282
2021-03-07,0.00464562884659216
2021-03-08,0.00462318488102178
2021-03-09,0.00460076382852229
2021-03-10,0.00457835523010189
2021-03-11,0.00455605882607691
2021-03-12,0.00453400558727578
2021-03-13,0.00451184351540223
2021-03-14,0.00448919317069363
2021-03-15,0.00446634010472932
2021-03-16,0.00444360466236191
2021-03-17,0.00442091085353669
2021-03-18,0.00439816730513607
2021-03-19,0.00437546735790554
2021-03-20,0.00435302528782786
2021-03-21,0.00433040698224589
2021-03-22,0.00430727142598276
2021-03-23,0.00428429762588621
2021-03-24,0.00426207330169743
2021-03-25,0.00423981935523371
2021-03-26,0.00421712616286361
2021-03-27,0.00419378848827056
2021-03-28,0.00417025267675351
2021-03-29,0.00414735129121426
2021-03-30,0.00412567050314481
2021-03-31,0.00410507197246639
2021-04-01,0.00408526061018434
2021-04-02,0.00406658530689634
2021-04-03,0.00404908986256746
2021-04-04,0.0040327121418772
2021-04-05,0.00401579155678275
2021-04-06,0.00399778357460215
2021-04-07,0.00398717339222343
2021-04-08,0.00399086350429193
2021-04-09,0.00401679700701342
2021-04-10,0.00407419136756691
2021-04-11,0.00416779252165917
2021-04-12,0.00429717978725942
2021-04-13,0.00445967967752672
2021-04-14,0.00463640218228624
2021-04-15,0.00482102049508069
2021-04-16,0.00502100137860908
2021-04-17,0.00526567077367382
2021-04-18,0.00557386914455639
2021-04-19,0.00597212270894773
2021-04-20,0.00651775328377173
2021-04-21,0.00723519694231572
2021-04-22,0.00810129915750948
2021-04-23,0.00919168100254525
2021-04-24,0.0104422560878414
2021-04-25,0.0116403953204733
2021-04-26,0.0127024750085385
2021-04-27,0.0137236906139859
2021-04-28,0.0148432559009365
2021-04-29,0.0160650190970233
2021-04-30,0.0172204142701495
2021-05-01,0.0182418723927928
2021-05-02,0.019267193551639
2021-05-03,0.0206224666171578
2021-05-04,0.0226848400355004
2021-05-05,0.0256283680777403
2021-05-06,0.0294036556138275
2021-05-07,0.0337403701047856
2021-05-08,0.0382145369698649
2021-05-09,0.0427792113613012
2021-05-10,0.0479045295582094
2021-05-11,0.0539163349694049
2021-05-12,0.0607212034245943
2021-05-13,0.0680078080770822
2021-05-14,0.0752794667536348
2021-05-15,0.0823881570815436
2021-05-16,0.0895144435951877
2021-05-17,0.0964403268716084
2021-05-18,0.102068642329845
2021-05-19,0.105472573624814
2021-05-20,0.106596034216113
2021-05-21,0.106175285908579
2021-05-22,0.10509462409652
2021-05-23,0.103922351336274
2021-05-24,0.103417230781426
2021-05-25,0.104296977856867
2021-05-26,0.106048834356897
2021-05-27,0.107509904577688
2021-05-28,0.108245203958051
2021-05-29,0.108731161948347
2021-05-30,0.109489904162579
2021-05-31,0.110328692279382
2021-06-01,0.111306927127878
2021-06-02,0.113185130476343
2021-06-03,0.115879342375565
2021-06-04,0.117657355479708
2021-06-05,0.118501079283228
2021-06-06,0.118930497277889
2021-06-07,0.11835712689755
2021-06-08,0.116443561828864
2021-06-09,0.113593689602267
2021-06-10,0.110790883016837
2021-06-11,0.108629197017559
2021-06-12,0.10715473430181
2021-06-13,0.106335020967796
2021-06-14,0.106167313392194
2021-06-15,0.106162207735331
2021-06-16,0.106718199153823
2021-06-17,0.10747515279008
2021-06-18,0.107043247149311
2021-06-19,0.106300613143204
2021-06-20,0.105116346962416
2021-06-21,0.103014880512759
2021-06-22,0.100098754165782
2021-06-23,0.0965533457026378
2021-06-24,0.0928652818664688
2021-06-25,0.0888529559438068
2021-06-26,0.0852186981842649
2021-06-27,0.0823854898592987
2021-06-28,0.0803468226463003
2021-06-29,0.0787669952069985
2021-06-30,0.0770130726019249
2021-07-01,0.0748756550351404
2021-07-02,0.0725620390902668
2021-07-03,0.0702273957914738
2021-07-04,0.0678362137647799
2021-07-05,0.0654469190504583
2021-07-06,0.0632282874584056
2021-07-07,0.0612177477129083
2021-07-08,0.0594639882917704
2021-07-09,0.058304440637138
2021-07-10,0.0582240378769243
2021-07-11,0.0585153180118107
2021-07-12,0.058275819361549
2021-07-13,0.0574064287054283
2021-07-14,0.0564090336065213
2021-07-15,0.0556258318148724
2021-07-16,0.054827306125958
2021-07-17,0.0542364422881334
2021-07-18,0.0537386742117482
2021-07-19,0.0532596844115878
2021-07-20,0.0529958791630344
2021-07-21,0.0527905238196845
2021-07-22,0.0522259752119872
2021-07-23,0.0514419519526603
2021-07-24,0.0510585059018079
2021-07-25,0.0514091991871661
2021-07-26,0.052434848169901
2021-07-27,0.0537293802070513
2021-07-28,0.0547652637878326
2021-07-29,0.0553325150304008
2021-07-30,0.0557160612566393
2021-07-31,0.0563673188808365
2021-08-01,0.057102129573825
2021-08-02,0.0573143781060591
2021-08-03,0.0569875942631064
2021-08-04,0.0564519606089659
2021-08-05,0.0557946994881124
2021-08-06,0.0549303698727977
2021-08-07,0.0538757307095159
2021-08-08,0.0527516811717731
2021-08-09,0.0516938857847149
2021-08-10,0.0508685612969903
2021-08-11,0.0504501081549433
2021-08-12,0.0501702654312947
2021-08-13,0.0497810777712672
2021-08-14,0.0491749160805971
2021-08-15,0.0485368425682152
2021-08-16,0.0482704519915542
2021-08-17,0.0481715777640194
2021-08-18,0.0482188636728582
2021-08-19,0.0484063782115682
2021-08-20,0.0490501145052408
2021-08-21,0.050135280619412
2021-08-22,0.0517221685243737
2021-08-23,0.0536513881223687
2021-08-24,0.0549560455291007
2021-08-25,0.0554931980832707
2021-08-26,0.056009478210545
2021-08-27,0.0568632123835099
2021-08-28,0.0580393465774325
2021-08-29,0.0592235560732041
2021-08-30,0.0602305169860885
2021-08-31,0.0608796463103456
2021-09-01,0.0611864431806807
2021-09-02,0.0611313371714242
2021-09-03,0.0608435985819017
2021-09-04,0.0604161883803047
2021-09-05,0.0599682086779509
2021-09-06,0.0597086239290037
2021-09-07,0.0596642596875072
2021-09-08,0.0593796744085294
2021-09-09,0.0584279688061001
2021-09-10,0.0569524757616071
2021-09-11,0.0553465575542304
2021-09-12,0.0538928944269828
2021-09-13,0.052668410312437
2021-09-14,0.0516329598012822
2021-09-15,0.050652343312781
2021-09-16,0.0496984054291223
2021-09-17,0.0488745764663132
2021-09-18,0.0482409663881822
2021-09-19,0.0476885621637551
2021-09-20,0.0472310959233783
2021-09-21,0.0469331416486032
2021-09-22,0.0468795943320533
2021-09-23,0.047068207170914
2021-09-24,0.0474168424677848
2021-09-25,0.0476404769905989
2021-09-26,0.0475398972429282
2021-09-27,0.0472232956024284
2021-09-28,0.0468657533561083
2021-09-29,0.0464846128105495
2021-09-30,0.0459525704389523
2021-10-01,0.0452252830956188
2021-10-02,0.0443783439021583
2021-10-03,0.0435017983489365
2021-10-04,0.0426663378838898
2021-10-05,0.0419271137046021
2021-10-06,0.0412311305171575
2021-10-07,0.0405227581889457
2021-10-08,0.0397896224705119
2021-10-09,0.0390432125819113
2021-10-10,0.0383243978813435
2021-10-11,0.0376864063823404
2021-10-12,0.0371160592939841
2021-10-13,0.0365016547426464
2021-10-14,0.0357815145405873
2021-10-15,0.0349644561478652
2021-10-16,0.0340819290350633
2021-10-17,0.0331299656154702
2021-10-18,0.0321565325914173
2021-10-19,0.0312367273154617
2021-10-20,0.030339163282247
2021-10-21,0.029485443864945
2021-10-22,0.028660071271413
2021-10-23,0.0278356791112554
2021-10-24,0.0270047104494626
2021-10-25,0.0261341921025239
2021-10-26,0.0252197872142901
2021-10-27,0.0243050207649866
2021-10-28,0.0234302382074999
2021-10-29,0.0226155223037242
2021-10-30,0.0218622981276095
2021-10-31,0.0211591558959742
2021-11-01,0.0204910599814204
2021-11-02,0.0198497934732412
2021-11-03,0.0192365333777433
2021-11-04,0.0186571803771879
2021-11-05,0.0181144522295633
2021-11-06,0.017608576612975
2021-11-07,0.0171401069751479
2021-11-08,0.0167042727409322
2021-11-09,0.016290099096754
2021-11-10,0.0158858099247986
2021-11-11,0.0154814012798273
2021-11-12,0.01506930917505
2021-11-13,0.0146458952019792
2021-11-14,0.0142118874742196
2021-11-15,0.013772825520313
2021-11-16,0.0133356005060226
2021-11-17,0.0129062149919222
2021-11-18,0.0124895511251895
2021-11-19,0.0120897149391109
2021-11-20,0.0117102924996407
2021-11-21,0.0113532311847174
2021-11-22,0.0110196184549182
2021-11-23,0.0107092432189962
2021-11-24,0.0104203826041978
2021-11-25,0.010151739150095
2021-11-26,0.00990198738612204
2021-11-27,0.00966934698621997
2021-11-28,0.00945197748672564
2021-11-29,0.00924790944865738
2021-11-30,0.00905587169994802
2021-12-01,0.00887455484357368
2021-12-02,0.00870321660908543
2021-12-03,0.0085412566183799
2021-12-04,0.0083884368137179
2021-12-05,0.00824492799987839
2021-12-06,0.00811057395487233
2021-12-07,0.00798479099371361
2021-12-08,0.0078671221313757
2021-12-09,0.00775697869497494
2021-12-10,0.00765377031784961
2021-12-11,0.00755711812523458
2021-12-12,0.00746653596652974
2021-12-13,0.00738134835096479
2021-12-14,0.00730083263830663
2021-12-15,0.00722417156052081
2021-12-16,0.0071507759698327
2021-12-17,0.00708036232290325
2021-12-18,0.00701253369022148
2021-12-19,0.00694707302624984
2021-12-20,0.00688422452232336
2021-12-21,0.00682644795245637
2021-12-22,0.00677277560294319
2021-12-23,0.00672187603953132
2021-12-24,0.00667335912490343
2021-12-25,0.006627787987149
2021-12-26,0.0065865042640588
2021-12-27,0.00655478006781849
2021-12-28,0.00652821689333117
2021-12-29,0.00650479248352266
2021-12-30,0.00648148158655404
2021-12-31,0.00645593422761807
2022-01-01,0.0064298260812598
2022-01-02,0.0064030008197966
2022-01-03,0.00637522255633513
2022-01-04,0.00634619780449632
2022-01-05,0.00631524555181
2022-01-06,0.00628287261223748
2022-01-07,0.00624991081365199
2022-01-08,0.00621614073905244
2022-01-09,0.00618063035180232
2022-01-10,0.00614356676707217
2022-01-11,0.00610543647805133
2022-01-12,0.00606677223953116
2022-01-13,0.00602814409661293
2022-01-14,0.0059898385263314
2022-01-15,0.00595193842213533
2022-01-16,0.00591456385108451
2022-01-17,0.00587788434582329
2022-01-18,0.00584191000406139
2022-01-19,0.00580663323961212
2022-01-20,0.0057720796311604
2022-01-21,0.00573824913112144
2022-01-22,0.00570478475432424
2022-01-23,0.00567182943944971
2022-01-24,0.00563985395145281
2022-01-25,0.00560967721460155
2022-01-26,0.00558058816624194
2022-01-27,0.00555189223934457
2022-01-28,0.00552386086044371
2022-01-29,0.00549624889827179
2022-01-30,0.00546942559994704
2022-01-31,0.00544359548170274
2022-02-01,0.00541794136166984
2022-02-02,0.00539192721203949
2022-02-03,0.00536597119191691
2022-02-04,0.00534015959543256
2022-02-05,0.00531442429290235
2022-02-06,0.0052891785625476
2022-02-07,0.00526460407006809
2022-02-08,0.00524061351077493
2022-02-09,0.00521696200896267
2022-02-10,0.00519343979814289
2022-02-11,0.0051700400241242
2022-02-12,0.00514667284999458
2022-02-13,0.00512339266170069
2022-02-14,0.00510052747033823
2022-02-15,0.00507837546834653
2022-02-16,0.00505719960669774
2022-02-17,0.0050371722742957
2022-02-18,0.00501815965997685
2022-02-19,0.00499989159401449
2022-02-20,0.00498231983133181
2022-02-21,0.00496512520144192
2022-02-22,0.0049479861206967
2022-02-23,0.00493118835746012
2022-02-24,0.00491492170419086
2022-02-25,0.00490296272941189
2022-02-26,0.00489556737284577
2022-02-27,0.00489019251584968
2022-02-28,0.00488433028438255
2022-03-01,0.00487678100255254
2022-03-02,0.0048679783885163
2022-03-03,0.00485927427834386
2022-03-04,0.00485103284746175
2022-03-05,0.00484235604274068
2022-03-06,0.00483245102796986
2022-03-07,0.00482104697743857
2022-03-08,0.00480782007811284
2022-03-09,0.00479261038947713
2022-03-10,0.00477674621411118
2022-03-11,0.00476021721353392
2022-03-12,0.0047427352848884
2022-03-13,0.0047244805741339
2022-03-14,0.00470577606735377
2022-03-15,0.00468720581395548
2022-03-16,0.00466952467262753
2022-03-17,0.004652646054463
2022-03-18,0.00463535042705468
2022-03-19,0.00461670764271752
2022-03-20,0.00459591868229615
2022-03-21,0.00457313422639182
2022-03-22,0.00454926489839278
2022-03-23,0.00452497902012932
2022-03-24,0.00450040369931574
2022-03-25,0.00447606286723087
2022-03-26,0.00445195052102948
2022-03-27,0.00442790516125759
2022-03-28,0.00440441363416917
2022-03-29,0.00438132788688386
2022-03-30,0.00435769698108258
2022-03-31,0.00433374031419671
2022-04-01,0.00431085107527181
2022-04-02,0.0042884721484634
2022-04-03,0.00426682341024268
2022-04-04,0.00424735524680198
2022-04-05,0.00422959968374903
2022-04-06,0.00421362080221289
2022-04-07,0.00420458936483183
2022-04-08,0.00420539506091716
2022-04-09,0.00421529485773622
2022-04-10,0.00423689424874108
2022-04-11,0.00427168466458134
2022-04-12,0.00431691786524652
2022-04-13,0.00437460195094493
2022-04-14,0.00446735306700096
2022-04-15,0.00458954897815498
2022-04-16,0.00473068317754122
2022-04-17,0.00495057343579659
2022-04-18,0.00529564375096527
2022-04-19,0.00585985862821833
2022-04-20,0.00677164325524837
2022-04-21,0.00796713602584501
2022-04-22,0.00917908141139606
2022-04-23,0.0102672782895216
2022-04-24,0.0110143654180741
2022-04-25,0.0113049931630393
2022-04-26,0.0114519447651522
2022-04-27,0.0117586994144028
2022-04-28,0.0122966401018757
2022-04-29,0.0130145196314728
2022-04-30,0.013872034338474
2022-05-01,0.0149101974720025
2022-05-02,0.0163564245193487
2022-05-03,0.0185339991177215
2022-05-04,0.0214759898198069
2022-05-05,0.024539542382062
2022-05-06,0.0272214759563594
2022-05-07,0.0297814544962696
2022-05-08,0.032953627751304
2022-05-09,0.0374557772004089
2022-05-10,0.0431283245799714
2022-05-11,0.0489355569919504
2022-05-12,0.0542098511012684
2022-05-13,0.0593598473282606
2022-05-14,0.065665477389937
2022-05-15,0.0735102236432538
2022-05-16,0.0819444209306086
2022-05-17,0.0902373373930912
2022-05-18,0.0975346362281973
2022-05-19,0.103403508264207
2022-05-20,0.107587444451467
2022-05-21,0.111122684695336
2022-05-22,0.115304190036743
2022-05-23,0.120064155333661
2022-05-24,0.124696256599345
2022-05-25,0.128273612931281
2022-05-26,0.129608106197668
2022-05-27,0.129261218428312
2022-05-28,0.128333868353685
2022-05-29,0.127212118696206
2022-05-30,0.126270783405408
2022-05-31,0.125673437429181
2022-06-01,0.125571961208486
2022-06-02,0.125833036162923
2022-06-03,0.126401283399538
2022-06-04,0.128012958853169
2022-06-05,0.130315039965769
2022-06-06,0.132079361315671
2022-06-07,0.132687631375895
2022-06-08,0.132186560002827
2022-06-09,0.130654276649842
2022-06-10,0.128140674691657
2022-06-11,0.124811420466262
2022-06-12,0.121199925857913
2022-06-13,0.117713413049388
2022-06-14,0.114751047641759
2022-06-15,0.111733370941315
2022-06-16,0.108204520416577
2022-06-17,0.104406433902516
2022-06-18,0.10059330551658
2022-06-19,0.0969117644872552
2022-06-20,0.0933308718645938
2022-06-21,0.0898079462401329
2022-06-22,0.0864704133420044
2022-06-23,0.0835453765550826
2022-06-24,0.0809959862799625
2022-06-25,0.0785889616965202
2022-06-26,0.0763342532323814
2022-06-27,0.0743544576012111
2022-06-28,0.0724026175011372
2022-06-29,0.0706664419084671
2022-06-30,0.0692025480549573
2022-07-01,0.0679467892481664
2022-07-02,0.0669559823535618
2022-07-03,0.0662512022568595
2022-07-04,0.0657185753589202
2022-07-05,0.0652767764342154
2022-07-06,0.0648368810287364
2022-07-07,0.0644990721574958
2022-07-08,0.0645772838813912
2022-07-09,0.0652275246077033
2022-07-10,0.065582562547539
2022-07-11,0.0657008859578491
2022-07-12,0.066089097798115
2022-07-13,0.0669877995704174
2022-07-14,0.067748439270034
2022-07-15,0.0677958901080428
2022-07-16,0.0672184551132944
2022-07-17,0.0663483624539694
2022-07-18,0.0655648427768175
2022-07-19,0.0650208749148262
2022-07-20,0.0646389498368064
2022-07-21,0.0643658540700303
2022-07-22,0.0641166312682554
2022-07-23,0.0638965642830659
2022-07-24,0.0635708227336946
2022-07-25,0.0631443879960158
2022-07-26,0.0627388780927352
2022-07-27,0.0623984880959425
2022-07-28,0.0621413956755494
2022-07-29,0.0620218598919203
2022-07-30,0.0619044173861537
2022-07-31,0.06153487112285
2022-08-01,0.0610598385040434
2022-08-02,0.0608076423214259
2022-08-03,0.0604920100227125
2022-08-04,0.0602341791484192
2022-08-05,0.0603543125770314
2022-08-06,0.0613572559919062
2022-08-07,0.063739210457307
2022-08-08,0.0671766726558785
2022-08-09,0.0699848018415591
2022-08-10,0.0723990981984197
2022-08-11,0.074433629481499
2022-08-12,0.0760568363247921
2022-08-13,0.0771924777624598
2022-08-14,0.077987593940101
2022-08-15,0.078346456805748
2022-08-16,0.0782648067300021
2022-08-17,0.0779453166063917
2022-08-18,0.0775993314366438
2022-08-19,0.0775769387254096
2022-08-20,0.0777443777016361
2022-08-21,0.0781615573054741
2022-08-22,0.0790291957082571
2022-08-23,0.0801208057285699
2022-08-24,0.0807515670541468
2022-08-25,0.0806368864775996
2022-08-26,0.0799061615458655
2022-08-27,0.078813560561613
2022-08-28,0.0776909183939225
2022-08-29,0.0766152956695454
2022-08-30,0.0756034787192094
2022-08-31,0.0748349794708988
2022-09-01,0.0743647066560495
2022-09-02,0.0741705629608778
2022-09-03,0.0744595577486341
2022-09-04,0.0750773099809827
2022-09-05,0.0756927809788782
2022-09-06,0.076263540441873
2022-09-07,0.0767247734607034
2022-09-08,0.0773857771619367
2022-09-09,0.0782935494937284
2022-09-10,0.0791925507399494
2022-09-11,0.0801033161539283
2022-09-12,0.0808985404779447
2022-09-13,0.0812232510231362
2022-09-14,0.0809881747564153
2022-09-15,0.0803925406351923
2022-09-16,0.0794726168605076
2022-09-17,0.0781632947996111
2022-09-18,0.0765889340813869
2022-09-19,0.0749255897799494
2022-09-20,0.0732568248155209
2022-09-21,0.0716196739912791
2022-09-22,0.0701212381490466
2022-09-23,0.0688396089371045
2022-09-24,0.0675776939728015
2022-09-25,0.0661760866814649
2022-09-26,0.0647224485455125
2022-09-27,0.0633432203966673
2022-09-28,0.061837788563049
2022-09-29,0.0602104842704466
2022-09-30,0.0585991589038222
2022-10-01,0.057098113584815
2022-10-02,0.0556886506290683
2022-10-03,0.0543136939751661
2022-10-04,0.0528989940033075
2022-10-05,0.051389089219638
2022-10-06,0.049784885050025
2022-10-07,0.0481327370060256
2022-10-08,0.0465441042188827
2022-10-09,0.0450998632299883
2022-10-10,0.043762490877812
2022-10-11,0.0428302119628976
2022-10-12,0.0423986502394646
2022-10-13,0.0416396381327353
2022-10-14,0.0405091134937613
2022-10-15,0.0392365539711581
2022-10-16,0.0379496804766788
2022-10-17,0.0366490778641945
2022-10-18,0.0353110153450977
2022-10-19,0.0339458310561352
2022-10-20,0.0326068126658834
2022-10-21,0.0313655723970117
2022-10-22,0.0302497304127406
2022-10-23,0.0292203083075479
2022-10-24,0.0282532163303765
2022-10-25,0.0273545311805928
2022-10-26,0.0265114443715043
2022-10-27,0.025697390426924
2022-10-28,0.0248938747637612
2022-10-29,0.0240811663198791
2022-10-30,0.0232390985527141
2022-10-31,0.022366633318037
2022-11-01,0.0214918809134793
2022-11-02,0.0206489445669717
2022-11-03,0.0198562726060617
2022-11-04,0.019119454428993
2022-11-05,0.0184339122267937
2022-11-06,0.0177877522378026
2022-11-07,0.0171667154813381
2022-11-08,0.0165587530648563
2022-11-09,0.0159614223651134
2022-11-10,0.0153755058171609
2022-11-11,0.014803011652552
2022-11-12,0.0142497124929588
2022-11-13,0.0137213252008237
2022-11-14,0.0132212602835762
2022-11-15,0.0127495960398887
2022-11-16,0.0123035566753561
2022-11-17,0.0118806297957699
2022-11-18,0.0114811310810143
2022-11-19,0.0111075374835125
2022-11-20,0.0107567358446007
2022-11-21,0.0104267581710317
2022-11-22,0.0101195694189593
2022-11-23,0.00983628447328301
2022-11-24,0.00957687424875338
2022-11-25,0.0093399902480992
2022-11-26,0.00912305985902025
2022-11-27,0.00892290867048028
2022-11-28,0.00873700258092165
2022-11-29,0.00856368278323026
2022-11-30,0.00840215212057519
2022-12-01,0.00825159256986533
2022-12-02,0.00811102340018138
2022-12-03,0.00797969231341354
2022-12-04,0.00785671622467135
2022-12-05,0.00774171828785394
2022-12-06,0.00763290856744169
2022-12-07,0.00752985828569419
2022-12-08,0.00743275846640998
2022-12-09,0.00734133843998023
2022-12-10,0.00725472056433024
2022-12-11,0.0071715508423734
2022-12-12,0.00709093368724229
2022-12-13,0.00701240593474878
2022-12-14,0.00693615917733335
2022-12-15,0.0068625511558984
2022-12-16,0.00679157839711095
2022-12-17,0.00672304894179264
2022-12-18,0.00665690888804788
2022-12-19,0.00659319345560069
2022-12-20,0.00653188267638202
2022-12-21,0.00647300429698312
2022-12-22,0.0064161047325663
2022-12-23,0.0063606502261788
2022-12-24,0.00630642791316354
2022-12-25,0.00625362527374068
2022-12-26,0.00620264981765189
2022-12-27,0.00615340153022095
2022-12-28,0.00610581708713473
2022-12-29,0.00605991610525796
2022-12-30,0.00601539435608408
2022-12-31,0.00597194722626169
2023-01-01,0.00592948668070534
2023-01-02,0.00588794638155122
2023-01-03,0.00584711647991193
2023-01-04,0.00580687643677203
2023-01-05,0.00576729094996558
2023-01-06,0.00572848813910944
2023-01-07,0.00569033652339087
2023-01-08,0.00565278484601379
2023-01-09,0.00561588798602373
2023-01-10,0.00557956766929103
2023-01-11,0.00554382357222851
2023-01-12,0.00550860926770458
2023-01-13,0.00547405934439476
2023-01-14,0.00544019976027119
2023-01-15,0.00540691517833597
2023-01-16,0.00537423062451468
2023-01-17,0.00534220294823837
2023-01-18,0.00531077092576816
2023-01-19,0.00528004119240858
2023-01-20,0.00525000192739926
2023-01-21,0.0052205223294736
2023-01-22,0.00519151440254737
2023-01-23,0.00516296477981074
2023-01-24,0.00513475781896042
2023-01-25,0.00510703999504923
2023-01-26,0.00507988255485184
2023-01-27,0.00505314345690963
2023-01-28,0.00502677239090937
2023-01-29,0.00500071308131044
2023-01-30,0.00497512433010715
2023-01-31,0.00494999449479055
2023-02-01,0.00492583823336377
2023-02-02,0.00490223943082179
2023-02-03,0.0048787663258204
2023-02-04,0.00485567115541422
2023-02-05,0.00483288657463431
2023-02-06,0.00481045586530197
2023-02-07,0.00478851820677645
2023-02-08,0.00476721110914817
2023-02-09,0.00474667702473395
2023-02-10,0.00472692691201942
2023-02-11,0.00470788952392182
2023-02-12,0.00468925258242921
2023-02-13,0.00467050430435442
2023-02-14,0.00465097736464947
2023-02-15,0.00463044395464786
2023-02-16,0.00460925748832034
2023-02-17,0.00458788049688763
2023-02-18,0.00456676500551933
2023-02-19,0.00454628699365888
2023-02-20,0.0045266159436734
2023-02-21,0.00450760180177194
2023-02-22,0.00448903509515083
2023-02-23,0.00447068740273389
2023-02-24,0.00445245425135563
2023-02-25,0.00443458593897381
2023-02-26,0.00441669538048556
2023-02-27,0.004398570454571
2023-02-28,0.00438025356169058
2023-03-01,0.00436183154600483
2023-03-02,0.00434295534465475
2023-03-03,0.00432400044617159
2023-03-04,0.00430553963448975
2023-03-05,0.00428711715318493
2023-03-06,0.00426860908397333
2023-03-07,0.00424999062670375
2023-03-08,0.00423166095280114
2023-03-09,0.00421429570451941
2023-03-10,0.00419806095092168
2023-03-11,0.00418406876566337
2023-03-12,0.00417374176045126
2023-03-13,0.00416887794442505
2023-03-14,0.00417039051452393
2023-03-15,0.00417715356013354
2023-03-16,0.00418630559042441
2023-03-17,0.00419444877699916
2023-03-18,0.00419929522750318
2023-03-19,0.0041993999967638
2023-03-20,0.00419456376908433
2023-03-21,0.0041851874502678
2023-03-22,0.00417135264131514
2023-03-23,0.00415240505312708
2023-03-24,0.00412951297421596
2023-03-25,0.00410355844545945
2023-03-26,0.00407602962554966
2023-03-27,0.00404923310015935
2023-03-28,0.00402581991787231
2023-03-29,0.0040067193547836
2023-03-30,0.00399577151992899
2023-03-31,0.00399758969506231
2023-04-01,0.00401021869847066
2023-04-02,0.0040376999428659
2023-04-03,0.00409251205539104
2023-04-04,0.00419348909398158
2023-04-05,0.00434216444400364
2023-04-06,0.0045204880064204
2023-04-07,0.00471652374995302
2023-04-08,0.00489020678265044
2023-04-09,0.00504610687023289
2023-04-10,0.00522098720016975
2023-04-11,0.005422926202781
2023-04-12,0.0056323028838186
2023-04-13,0.00584011305029885
2023-04-14,0.00604837571219716
2023-04-15,0.00625279933830316
2023-04-16,0.00644959306099892
2023-04-17,0.00661759725808675
2023-04-18,0.00673305932053872
2023-04-19,0.0068182543981539
2023-04-20,0.00690474098516597
2023-04-21,0.00698040920042238
2023-04-22,0.00703914638656159
2023-04-23,0.00709293305549981
2023-04-24,0.0071540461970252
2023-04-25,0.00725408984517464
2023-04-26,0.00742286836161877
2023-04-27,0.00763120192400533
2023-04-28,0.00783742639377251
2023-04-29,0.00804573257753797
2023-04-30,0.00826793153148684
2023-05-01,0.00852154637382869
2023-05-02,0.00891149242868853
2023-05-03,0.00968574821311124
2023-05-04,0.0111533374079704
2023-05-05,0.0133344025841134
2023-05-06,0.0158167391121189
2023-05-07,0.0186952241658469
2023-05-08,0.0225674440011944
2023-05-09,0.0274225308008575
2023-05-10,0.0325553799243006
2023-05-11,0.0376835649037476
2023-05-12,0.0436334065680227
2023-05-13,0.0515269581016955
2023-05-14,0.0609950158008982
2023-05-15,0.0702773240484057
2023-05-16,0.0790722029930973
2023-05-17,0.088471894305844
2023-05-18,0.0979555207275895
2023-05-19,0.106052472546106
2023-05-20,0.113175965676853
2023-05-21,0.119678930752514
2023-05-22,0.125713053574394
2023-05-23,0.131281448908143
2023-05-24,0.135615710589231
2023-05-25,0.138412130249467
2023-05-26,0.139909304560678
2023-05-27,0.140698364944085
2023-05-28,0.141764928592991
2023-05-29,0.143138581900416
2023-05-30,0.144778539595836
2023-05-31,0.147509566698568
2023-06-01,0.151272415417215
2023-06-02,0.154104316996214
2023-06-03,0.155909233602855
2023-06-04,0.157421535739217
2023-06-05,0.157991858339906
2023-06-06,0.156634088368984
2023-06-07,0.153600713348405
2023-06-08,0.15031577516651
2023-06-09,0.147364138894349
2023-06-10,0.144643073620083
2023-06-11,0.141452761676427
2023-06-12,0.138382031889376
2023-06-13,0.135662777774657
2023-06-14,0.132605133500544
2023-06-15,0.128843367673383
2023-06-16,0.124598716733888
2023-06-17,0.12017680420724
2023-06-18,0.115912804963723
2023-06-19,0.111768237409432
2023-06-20,0.107698159200553
2023-06-21,0.104231008852305
2023-06-22,0.101706931537189
2023-06-23,0.0994359236234704
2023-06-24,0.0966313163558324
2023-06-25,0.0933384659704535
2023-06-26,0.0899276459863981
2023-06-27,0.0865823700811114
2023-06-28,0.0835555752670058
2023-06-29,0.0807483599401538
2023-06-30,0.0780253151349949
2023-07-01,0.0753788105664921
2023-07-02,0.0730016827531793
2023-07-03,0.0710015911019764
2023-07-04,0.0695464689137572
2023-07-05,0.0684400568505135
2023-07-06,0.0674506283151572
2023-07-07,0.0664588778456202
2023-07-08,0.0654215786228074
2023-07-09,0.0645119005217485
2023-07-10,0.0636182967935653
2023-07-11,0.0625053000523492
2023-07-12,0.0611883631966664
2023-07-13,0.0598909579125879
2023-07-14,0.0585377933484323
2023-07-15,0.0571206829417675
2023-07-16,0.0558600881532521
2023-07-17,0.0549101533763277
2023-07-18,0.0540807467936861
2023-07-19,0.0532077043527938
2023-07-20,0.0524230353523716
2023-07-21,0.0518361416480477
2023-07-22,0.0512308313474488
2023-07-23,0.0505980639266474
2023-07-24,0.0499656516187239
2023-07-25,0.0493612004750385
2023-07-26,0.0488899613754845
2023-07-27,0.0485044846004731
2023-07-28,0.0481526906306307
2023-07-29,0.0477636577292446
2023-07-30,0.0473749535732697
2023-07-31,0.0470152215437788
2023-08-01,0.0467145494665572
2023-08-02,0.0463795994194585
2023-08-03,0.045969827282326
2023-08-04,0.0455302896767591
2023-08-05,0.0450565113757265
2023-08-06,0.0445452213534606
2023-08-07,0.0441590149653513
2023-08-08,0.0439724273708546
2023-08-09,0.0439179625432472
2023-08-10,0.0438584337846823
2023-08-11,0.0437919329642642
2023-08-12,0.0437326050827827
2023-08-13,0.0436493643997119
2023-08-14,0.0436897752081859
2023-08-15,0.043916089299743
2023-08-16,0.0439317855217818
2023-08-17,0.0438800975247171
2023-08-18,0.0438312784709865
2023-08-19,0.0439999352459461
2023-08-20,0.0444842738801909
2023-08-21,0.0452666011804604
2023-08-22,0.0463707896057672
2023-08-23,0.0476550069509372
2023-08-24,0.0490032970633252
2023-08-25,0.0503648033811924
2023-08-26,0.0519503587676837
2023-08-27,0.0535801126011249
2023-08-28,0.0547741108778359
2023-08-29,0.0555378217354171
2023-08-30,0.0558953896107356
2023-08-31,0.0559857460426342
2023-09-01,0.0558422283131543
2023-09-02,0.0555158990397659
2023-09-03,0.0550073310089708
2023-09-04,0.054278358496266
2023-09-05,0.0533681927004047
2023-09-06,0.0523149411079907
2023-09-07,0.0511143111831068
2023-09-08,0.0505029018224867
2023-09-09,0.0505075444193542
2023-09-10,0.0500480217715536
2023-09-11,0.0496971485980518
2023-09-12,0.0493608184472396
2023-09-13,0.0488313275273839
2023-09-14,0.0481146878937455
2023-09-15,0.0472377135820128
2023-09-16,0.0464172239021904
2023-09-17,0.0458945198166618
2023-09-18,0.0455357793725752
2023-09-19,0.0452755148010269
2023-09-20,0.0450091542167587
2023-09-21,0.0447214622518409
2023-09-22,0.0445516207836461
2023-09-23,0.0444966068591259
2023-09-24,0.0446537463796006
2023-09-25,0.0447647485484122
2023-09-26,0.044696340202925
2023-09-27,0.0444808014066098
2023-09-28,0.0439841081619172
2023-09-29,0.0432747846155706
2023-09-30,0.0424991070255715
2023-10-01,0.041612239625021
2023-10-02,0.040604540546343
2023-10-03,0.0394723497097798
2023-10-04,0.0382153474808704
2023-10-05,0.0369209673712109
2023-10-06,0.0356722176824655
2023-10-07,0.0344896632584479
2023-10-08,0.0333815934008794
2023-10-09,0.0324034073840148
2023-10-10,0.0316530289918366
2023-10-11,0.0313487961140563
2023-10-12,0.0313580691833716
2023-10-13,0.0314308988386583
2023-10-14,0.0314966555545245
2023-10-15,0.0315599366220491
2023-10-16,0.031590555750926
2023-10-17,0.0314978105046591
2023-10-18,0.0313204079594035
2023-10-19,0.0310686112949467
2023-10-20,0.0307734751920915
2023-10-21,0.0305041572541111
2023-10-22,0.0302200983727749
2023-10-23,0.0299009675963295
2023-10-24,0.0294667254876603
2023-10-25,0.0288576303380479
2023-10-26,0.0281087094562812
2023-10-27,0.0272963849909401
2023-10-28,0.0265211793562908
2023-10-29,0.0257977574166828
2023-10-30,0.025066210960587
2023-10-31,0.0242678523714164
2023-11-01,0.0233798613527617
2023-11-02,0.0224349440801824
2023-11-03,0.0214903374630911
2023-11-04,0.0205914751645179
2023-11-05,0.0197603138440722
2023-11-06,0.0189969570497361
2023-11-07,0.0182897771518218
2023-11-08,0.0176250534216233
2023-11-09,0.0169904517292014
2023-11-10,0.0163765173858887
2023-11-11,0.0157785748655091
2023-11-12,0.0151947982206891
2023-11-13,0.0146247358677753
2023-11-14,0.0140681219131683
2023-11-15,0.0135260886470179
2023-11-16,0.0129998101515397
2023-11-17,0.0124907540891472
2023-11-18,0.0120022339810287
2023-11-19,0.0115389344590668
2023-11-20,0.0111048971108015
2023-11-21,0.0107018400958491
2023-11-22,0.0103297234031711
2023-11-23,0.00998724352238833
2023-11-24,0.00967431587913413
2023-11-25,0.00939148841189281
2023-11-26,0.00914009858756092
2023-11-27,0.0089187277578142
2023-11-28,0.0087210117893747
2023-11-29,0.0085410301291388
2023-11-30,0.00837535763417732
2023-12-01,0.00822147769101943
2023-12-02,0.00807747461161573
2023-12-03,0.00794245621261539
2023-12-04,0.00781600627492895
2023-12-05,0.00769796445438056
2023-12-06,0.00758866831414453
2023-12-07,0.00748798784269134
2023-12-08,0.00739495101348313
2023-12-09,0.00730830436111678
2023-12-10,0.00722655307308731
2023-12-11,0.00714806592575382
2023-12-12,0.00707158323383163
2023-12-13,0.00699633509275037
2023-12-14,0.00692224366917551
2023-12-15,0.00684999292166593
2023-12-16,0.00678031060130538
2023-12-17,0.00671376723438159
2023-12-18,0.00665062198920719
2023-12-19,0.00659008435518042
2023-12-20,0.00653125637867727
2023-12-21,0.00647355288261333
2023-12-22,0.00641721389998826
2023-12-23,0.00636249582045484
2023-12-24,0.00630963247922373
2023-12-25,0.00625880463763378
2023-12-26,0.00620975745925607
2023-12-27,0.00616259372454553
2023-12-28,0.0061173749752759
2023-12-29,0.00607365295577483
2023-12-30,0.00603130408176882
2023-12-31,0.00599009944782207
2024-01-01,NA
2024-01-02,0.00590919890830351
2024-01-03,0.00586958640371695
2024-01-04,0.00583054819960984
2024-01-05,0.00579207971875833
2024-01-06,0.005754211876021
2024-01-07,0.00571695132225844
2024-01-08,0.00568031981341121
2024-01-09,0.00564418615516047
2024-01-10,0.00560851632515512
2024-01-11,0.00557335737888928
2024-01-12,0.00553866790778801
2024-01-13,0.00550413585972568
2024-01-14,0.00547253827989206
2024-01-15,0.00544427390285877
2024-01-16,0.00541645519208939
2024-01-17,0.0053881433107195
2024-01-18,0.00535941178164867
2024-01-19,0.0053301645208556
2024-01-20,0.00530036058659818
2024-01-21,0.00527014129811514
2024-01-22,0.00523950946169598
2024-01-23,0.00520879708827168
2024-01-24,0.00517835968203825
2024-01-25,0.00514840017646991
2024-01-26,0.00511929321551727
2024-01-27,0.00509100104049177
2024-01-28,0.00506306494386566
2024-01-29,0.00503550249897818
2024-01-30,0.00500851109048412
2024-01-31,0.00498207742420388
2024-02-01,0.00495618099687195
2024-02-02,0.00493062961929741
2024-02-03,0.00490518708193314
2024-02-04,0.00487994854536582
2024-02-05,0.00485507784925704
2024-02-06,0.00483078302409947
2024-02-07,0.00480725421706013
2024-02-08,0.00478446894648756
2024-02-09,0.00476242790968635
2024-02-10,0.00474167525119084
2024-02-11,0.00472392024864844
2024-02-12,0.00471389084478085
2024-02-13,0.00471532395211267
2024-02-14,0.00472205502762438
2024-02-15,0.00472303216292279
2024-02-16,0.00471294102210196
2024-02-17,0.0046941371415733
2024-02-18,0.00467185782084746
2024-02-19,0.00464884873995184
2024-02-20,0.00462604961955722
2024-02-21,0.00460379154972567
2024-02-22,0.00458255394748189
2024-02-23,0.00456249197184012
2024-02-24,0.00454344514857264
2024-02-25,0.00452512674589203
2024-02-26,0.0045071985410599
2024-02-27,0.00448928591496457
2024-02-28,0.00447113740166524
2024-02-29,0.00445272123442186
2024-03-01,0.00443405421786214
2024-03-02,0.00441543687549067
2024-03-03,0.00439658595370532
2024-03-04,0.00437683464946796
2024-03-05,0.00435616585297501
2024-03-06,0.00433500922570763
2024-03-07,0.00431357464573539
2024-03-08,0.00429171814383066
2024-03-09,0.0042696050405115
2024-03-10,0.00424746313233503
2024-03-11,0.00422527564263232
2024-03-12,0.00420338121063291
2024-03-13,0.00418186209201095
2024-03-14,0.00416043125899328
2024-03-15,0.00413898947180997
2024-03-16,0.00411747961822731
2024-03-17,0.00409588972280576
2024-03-18,0.00407381992068256
2024-03-19,0.0040516318113676
2024-03-20,0.00402917041481097
2024-03-21,0.00400641936240131
2024-03-22,0.00398530734199024
2024-03-23,0.00396774795270198
2024-03-24,0.00395223832996931
2024-03-25,0.00393675121509722
2024-03-26,0.00392215383499563
2024-03-27,0.00390993998576477
2024-03-28,0.0039018910137132
2024-03-29,0.00390187943145378
2024-03-30,0.00391762902005374
2024-03-31,0.00395296196726775
2024-04-01,0.00400031715373662
2024-04-02,0.00404278466397781
2024-04-03,0.00407133271716727
2024-04-04,0.00409005202553139
2024-04-05,0.00410494674417356
2024-04-06,0.00412238077327832
2024-04-07,0.00414969714503309
2024-04-08,0.00418995040809427
2024-04-09,0.00423278483546777
2024-04-10,0.00426610948179673
2024-04-11,0.00428812834443023
2024-04-12,0.00430209531194797
2024-04-13,0.00431482478834852
2024-04-14,0.004366789043412
2024-04-15,0.00445331373636029
2024-04-16,0.00454144102914135
2024-04-17,0.00464816801287114
2024-04-18,0.00480986336234343
2024-04-19,0.00507996157689178
2024-04-20,0.00546642177670166
2024-04-21,0.00589464179813731
2024-04-22,0.00642993688080041
2024-04-23,0.00712782772825488
2024-04-24,0.00800345525298355
2024-04-25,0.00929961512562564
2024-04-26,0.0112242882106977
2024-04-27,0.0137011388982713
2024-04-28,0.0164312929645197
2024-04-29,0.019163757386429
2024-04-30,0.0217886180743394
2024-05-01,0.0243002917402885
2024-05-02,0.0265718100475803
2024-05-03,0.0285466881309881
2024-05-04,0.0302434639221915
2024-05-05,0.0317150472761574
2024-05-06,0.033270746019803
2024-05-07,0.0353308395980256
2024-05-08,0.0384947796521948
2024-05-09,0.0445462772326287
2024-05-10,0.0530775912834514
2024-05-11,0.0595811277869039
2024-05-12,0.0648715288941056
2024-05-13,0.0696863309891429
2024-05-14,0.0743203698643189
2024-05-15,0.0789269791392303
2024-05-16,0.0832220761914615
2024-05-17,0.0874764000598789
2024-05-18,0.0926693734709747
2024-05-19,0.0987668765497567
2024-05-20,0.103480754645712
2024-05-21,0.106029240385263
2024-05-22,0.107571729746083
2024-05-23,0.109220078486405
2024-05-24,0.111609827552204
2024-05-25,0.115820689546063
2024-05-26,0.122295011069383
2024-05-27,0.127871635529925
2024-05-28,0.129425327694932
2024-05-29,0.127765457419294
2024-05-30,0.126251188364446
2024-05-31,0.125568703900557
2024-06-01,0.124639594441477
2024-06-02,0.123149958053101
2024-06-03,0.121102553488832
2024-06-04,0.118323321188871
2024-06-05,0.115122783204259
2024-06-06,0.111802288502183
2024-06-07,0.108804934618156
2024-06-08,0.10626939450362
2024-06-09,0.104280658357389
2024-06-10,0.10332856552827
2024-06-11,0.103733573248576
2024-06-12,0.104963216039307
2024-06-13,0.105974325488214
2024-06-14,0.10585668074429
2024-06-15,0.103987388280099
2024-06-16,0.100211569129901
2024-06-17,0.0953134371710157
2024-06-18,0.0903315514494497
2024-06-19,0.0863419993030116
2024-06-20,0.0836315423801826
2024-06-21,0.0814762238807547
2024-06-22,0.0787399597185836
2024-06-23,0.0755970993370038
2024-06-24,0.072912352936501
2024-06-25,0.0708309236946097
2024-06-26,0.0689945784286686
2024-06-27,0.0670276594836382
2024-06-28,0.0648171126766018
2024-06-29,0.0628484112238812
2024-06-30,0.0610130466897441
2024-07-01,0.0590585659858237
2024-07-02,0.0571026725117835
2024-07-03,0.0552655022292874
2024-07-04,0.0535166890301613
2024-07-05,0.0519100447740961
2024-07-06,0.0504696706890745
2024-07-07,0.0492861323118797
2024-07-08,0.0483111544305993
2024-07-09,0.0473759188399965
2024-07-10,0.0464176909935758
2024-07-11,0.0453707369821966
2024-07-12,0.0443405620690203
2024-07-13,0.0434306778123451
2024-07-14,0.0425537194046219
2024-07-15,0.0418163848694019
2024-07-16,0.0412529280557913
2024-07-17,0.040717692745695
2024-07-18,0.0400701884561301
2024-07-19,0.0393625230324922
2024-07-20,0.0388364947010511
2024-07-21,0.0385726259151769
2024-07-22,0.0383738618222862
2024-07-23,0.0381267281837947
2024-07-24,0.0378774547716106
2024-07-25,0.0377383473608953
2024-07-26,0.0377854503641512
2024-07-27,0.037978027436891
2024-07-28,0.0384752113551355
2024-07-29,0.0393548712401234
2024-07-30,0.0404275570961984
2024-07-31,0.0412767930664681
2024-08-01,0.0417985286592915
2024-08-02,0.0420511717954747
2024-08-03,0.0421661769495409
2024-08-04,0.0422360584135514
2024-08-05,0.0423206248896938
2024-08-06,0.0426213800152277
2024-08-07,0.0432229308605113
2024-08-08,0.0438049886362489
2024-08-09,0.0440884433650901
2024-08-10,0.0440901763791194
2024-08-11,0.0439434184718508
2024-08-12,0.0437488244779738
2024-08-13,0.0437043259666014
2024-08-14,0.044246157124902
2024-08-15,0.0449301746821427
2024-08-16,0.0452581323282584
2024-08-17,0.0452592799589533
2024-08-18,0.0451586102496329
2024-08-19,0.0451425708227652
2024-08-20,0.0453999748773866
2024-08-21,0.0457320442227488
2024-08-22,0.0461532889894783
2024-08-23,0.0459815032884168
2024-08-24,0.0453724120680247
2024-08-25,0.0447435440245405
2024-08-26,0.0444206561424622
2024-08-27,0.0444091764874031
2024-08-28,0.0443862863519447
2024-08-29,0.0443318684110933
2024-08-30,0.0442561882480516
2024-08-31,0.0442940210630564
2024-09-01,0.044461223443893
2024-09-02,0.0448524517585154
2024-09-03,0.0457184855410659
2024-09-04,0.0470657186696794
2024-09-05,0.0488256901990979
2024-09-06,0.0514354756901938
2024-09-07,0.0537715985083083
2024-09-08,0.0557325843901683
2024-09-09,0.0574902295032034
2024-09-10,0.0591443237290606
2024-09-11,0.0607273388772313
2024-09-12,0.0621291814997659
2024-09-13,0.0631935780473736
2024-09-14,0.0638422556083946
2024-09-15,0.0641356904899904
2024-09-16,0.0643517000211786
2024-09-17,0.0646204418075621
2024-09-18,0.0649460186260808
2024-09-19,0.0651696326935072
2024-09-20,0.0651988710110362
2024-09-21,0.0649854001913299
2024-09-22,0.0645522397083767
2024-09-23,0.0640230952950544
2024-09-24,0.0634941237471151
2024-09-25,0.0629827282146623
2024-09-26,0.0624697992551023
2024-09-27,0.0620839344743181
2024-09-28,0.0619959544548465
2024-09-29,0.0619669092042185
2024-09-30,0.0615407256807165
2024-10-01,0.0607838798332115
2024-10-02,0.0599915830899848
2024-10-03,0.0591852227050673
2024-10-04,0.0583825597484771
2024-10-05,0.0574574766824184
2024-10-06,0.0562627556059433
2024-10-07,0.0548260245815775
2024-10-08,0.053257357729828
2024-10-09,0.0516584311641438
2024-10-10,0.0500794224875719
2024-10-11,0.0485284372026614
2024-10-12,0.0471150479926352
2024-10-13,0.0458592857843418
2024-10-14,0.0446272077637695
2024-10-15,0.0433892753072943
2024-10-16,0.0421458195690677
2024-10-17,0.0409144773169269
2024-10-18,0.0397185085803441
2024-10-19,0.0385082006523446
2024-10-20,0.0372753766126083
2024-10-21,0.0360003275238323
2024-10-22,0.0347112954873336
2024-10-23,0.0334281813088383
2024-10-24,0.0321644730081469
2024-10-25,0.0309271356545353
2024-10-26,0.0297086518893278
2024-10-27,0.028497339068486
2024-10-28,0.027292231729924
2024-10-29,0.0261007304868254
2024-10-30,0.0249346572330751
2024-10-31,0.0238089673720676
2024-11-01,0.0227350355694822
2024-11-02,0.0217203138267684
2024-11-03,0.020768072658934
2024-11-04,0.0198775340494758
2024-11-05,0.019047237538345
2024-11-06,0.0182758292607482
2024-11-07,0.0175603817475997
2024-11-08,0.0168953769438084
2024-11-09,0.0162723587972878
2024-11-10,0.0156811337994361
2024-11-11,0.0151155021021188
2024-11-12,0.014576809791885
2024-11-13,0.0140666060345684
2024-11-14,0.0135848776465464
2024-11-15,0.0131300481914
2024-11-16,0.0126994814762814
2024-11-17,0.0122902671652317
2024-11-18,0.0118994590511855
2024-11-19,0.011525249497659
2024-11-20,0.0111679184176769
2024-11-21,0.0108292466901031
2024-11-22,0.0105114705274915
2024-11-23,0.0102158436150488
2024-11-24,0.00994101122906178
2024-11-25,0.00968370099770387
2024-11-26,0.00944086601252225
2024-11-27,0.00921049486897818
2024-11-28,0.00899184868181325
2024-11-29,0.00878566434398329
2024-11-30,0.00859285860194172
2024-12-01,0.00841405218478822
2024-12-02,0.00824888670040263
2024-12-03,0.00809594382418598
2024-12-04,0.00795399630840652
2024-12-05,0.0078215451535586
2024-12-06,0.00769731507102315
2024-12-07,0.00758070776171501
2024-12-08,0.00747098389696563
2024-12-09,0.00736758948780597
2024-12-10,0.00727030415220336
2024-12-11,0.00718068506567186
2024-12-12,0.00710019447597254
2024-12-13,0.00703199745487065
2024-12-14,0.00697004768295745
2024-12-15,0.00690943412211675
2024-12-16,0.00684967976969914
2024-12-17,0.00679111862155407
2024-12-18,0.00673478777604061
2024-12-19,0.00667986319772773
2024-12-20,0.00662467922498286
2024-12-21,0.00656854819347845
2024-12-22,0.00651173708494428
2024-12-23,0.00645491231889918
2024-12-24,0.00639832830776324
2024-12-25,0.00634248687391493
2024-12-26,0.00628815119841523
2024-12-27,0.00623572031242172
2024-12-28,0.00618523883282173
2024-12-29,0.006136420707793
2024-12-30,0.00608931778749708
2024-12-31,0.00604387833877459
2025-01-01,0.00600001865258066
2025-01-02,0.00595738967423725
2025-01-03,0.00591591087088344
2025-01-04,0.00587548702856904
2025-01-05,0.00583582551019798
2025-01-06,0.00579670872842138
2025-01-07,0.00575820490694067
2025-01-08,0.00572013734547106
2025-01-09,0.00568256018888091
2025-01-10,0.0056458403289746
2025-01-11,0.00560985094257137
2025-01-12,0.0055743942953976
2025-01-13,0.00554090593713723
2025-01-14,0.00551071878948311
2025-01-15,0.00548172295722846
2025-01-16,0.00545269840117957
2025-01-17,0.00542398296959441
2025-01-18,0.00539562640340025
2025-01-19,0.00536781783169685
2025-01-20,0.00534574695062816
2025-01-21,0.00533042339039048
2025-01-22,0.00531751153119709
2025-01-23,0.00530647625321194
2025-01-24,0.00529644521512912
2025-01-25,0.00528555916028592
2025-01-26,0.00527488411237733
2025-01-27,0.0052941847328421
2025-01-28,0.00535509003802964
2025-01-29,0.00539374109259905
2025-01-30,0.00540046310751569
2025-01-31,0.00539546602913219
2025-02-01,0.00538618682313532
2025-02-02,0.00537933768209815
2025-02-03,0.00537634302438019
2025-02-04,0.00537412932321544
2025-02-05,0.00537001993960252
2025-02-06,0.00536212111658862
2025-02-07,0.00534890465563244
2025-02-08,0.0053301316567726
2025-02-09,0.00530697438174335
2025-02-10,0.00528198234055636
2025-02-11,0.00525714811055777
2025-02-12,0.00523164026819458
2025-02-13,0.0052036858294503
2025-02-14,0.0051709719373619
2025-02-15,0.00513368807861621
2025-02-16,0.00509384915583341
2025-02-17,0.0050534448736699
2025-02-18,0.00501321786107085
2025-02-19,0.00497299072352854
2025-02-20,0.0049332854778886
2025-02-21,0.0048949749059916
2025-02-22,0.00485788013048661
2025-02-23,0.00482228956510609
2025-02-24,0.00478846939241084
2025-02-25,0.00475632336069774
2025-02-26,0.00472556897228433
2025-02-27,0.00469584037752268
2025-02-28,0.00466693060294418
2025-03-01,0.00463854531830556
2025-03-02,0.00461075603624721
2025-03-03,0.00458344955995556
2025-03-04,0.00455634147152078
2025-03-05,0.00452986319110564
2025-03-06,0.00450426860936334
2025-03-07,0.00448110521080111
2025-03-08,0.00446159418927205
2025-03-09,0.00444474552202013
2025-03-10,0.00442980385539279
2025-03-11,0.00441530596770664
2025-03-12,0.00439974071387482
2025-03-13,0.00438231495709907
2025-03-14,0.00436248940142624
2025-03-15,0.00434016489343575
2025-03-16,0.00431622410548234
2025-03-17,0.00429144937196705
2025-03-18,0.00426593666348488
2025-03-19,0.00424071098160829
2025-03-20,0.00421665689872825
2025-03-21,0.00419420002234988
2025-03-22,0.00417425191743998
2025-03-23,0.00415886802445009
2025-03-24,0.00415220245544732
2025-03-25,0.0041536333726795
2025-03-26,0.0041639296996483
2025-03-27,0.00419529287421403
2025-03-28,0.00425661259458416
2025-03-29,0.00434256928658236
2025-03-30,0.00444525168518268
2025-03-31,0.00456843136677936
2025-04-01,0.00473309378544541
2025-04-02,0.00494377889124288
2025-04-03,0.00520370698512237
2025-04-04,0.0054940054550114
2025-04-05,0.00580103631597164
2025-04-06,0.00611312426893158
2025-04-07,0.00640596380198405
2025-04-08,0.006676173701901
2025-04-09,0.0069582200838138
2025-04-10,0.00728128701566969
2025-04-11,0.00761435901326662
2025-04-12,0.00793847691515311
2025-04-13,0.00826505529070368
2025-04-14,0.00861961494332948
2025-04-15,0.00903150737986797
2025-04-16,0.00956150272626096
2025-04-17,0.0102396935577732
2025-04-18,0.0110005888392602
2025-04-19,0.0117536951297183
2025-04-20,0.0125028248663458
2025-04-21,0.0132993427431131
2025-04-22,0.0142380798936875
2025-04-23,0.0155354335664391
2025-04-24,0.0170651284696573
2025-04-25,0.0185692615065596
2025-04-26,0.0200489200212603
2025-04-27,0.0214984611851132
2025-04-28,0.022867503706675
2025-04-29,0.0241271218550703
2025-04-30,0.0252787012129793
2025-05-01,0.0264380306362885
2025-05-02,0.027758786097072
2025-05-03,0.0293141565840122
2025-05-04,0.0311097052100887
2025-05-05,0.0330700421430517
2025-05-06,0.0349751460543169
2025-05-07,0.0369524752283313
2025-05-08,0.0393762023050375
2025-05-09,0.0424069053609003
2025-05-10,0.0460499908658553
2025-05-11,0.0503810176948711
2025-05-12,0.0553443653141631
2025-05-13,0.0607923872076189
2025-05-14,0.066700541344941
2025-05-15,0.072975921693279
2025-05-16,0.0791344255122485
2025-05-17,0.0846896337854387
2025-05-18,0.0892128044740961
2025-05-19,0.0928702034808718
2025-05-20,0.0961360888695544
2025-05-21,0.0990539611548033
2025-05-22,0.101862181119398
2025-05-23,0.105082729693004
2025-05-24,0.108625045069854
2025-05-25,0.112328176549378
2025-05-26,0.116211331016499
2025-05-27,0.119843471330603
2025-05-28,0.123367475165365
2025-05-29,0.126913641692799
2025-05-30,0.130139210992801
2025-05-31,0.133162295425382
2025-06-01,0.135525502657204
2025-06-02,0.136122812650346
2025-06-03,0.135661579323896
2025-06-04,0.134295252496236
2025-06-05,0.132764989665603
2025-06-06,0.132067999956301
2025-06-07,0.133628242657853
2025-06-08,0.138533467138565
2025-06-09,0.145174816359119
2025-06-10,0.149720797851583
2025-06-11,0.148872291282919
2025-06-12,0.144291623680665
2025-06-13,0.138978462999912
2025-06-14,0.133736412905687
2025-06-15,0.128503610305288
2025-06-16,0.12354043799864
2025-06-17,0.11935367811556
2025-06-18,0.116329042012017
2025-06-19,0.113324997879765
2025-06-20,0.11029014181087
2025-06-21,0.107468223495911
2025-06-22,0.104477062947125
2025-06-23,0.101612744039353
2025-06-24,0.0991803022059713
2025-06-25,0.0970148741095001
2025-06-26,0.095028194054968
2025-06-27,0.0931878791856285
2025-06-28,0.0915368543520475
2025-06-29,0.0899902178909715
2025-06-30,0.0885281157117174
2025-07-01,0.0868258112390277
2025-07-02,0.0847715882943078
2025-07-03,0.0825019041874356
2025-07-04,0.0799790701471293
2025-07-05,0.077381586332839
2025-07-06,0.0748183440636533
2025-07-07,0.0724036597987154
2025-07-08,0.0702039524504414
2025-07-09,0.0683112724006968
2025-07-10,0.0666887188384291
2025-07-11,0.0659911681228297
2025-07-12,0.0671124542947361
2025-07-13,0.0686261924752833
2025-07-14,0.0695327494612381
2025-07-15,0.0699845308052929
2025-07-16,0.0701159174480319
2025-07-17,0.0700459634816883
2025-07-18,0.0699655973143622
2025-07-19,0.0699635617021146
2025-07-20,0.0701223465368662
2025-07-21,0.0706396230070606
2025-07-22,0.0715839798353309
2025-07-23,0.0727332782329001
2025-07-24,0.0739896073828757
2025-07-25,0.0750085812871753
2025-07-26,0.0754741018451184
2025-07-27,0.0750019192083053
2025-07-28,0.0737180509900132
2025-07-29,0.0720517722299358
2025-07-30,0.0702810551346523
2025-07-31,0.0686114158514182
2025-08-01,0.0673258076215622
2025-08-02,0.0662487890810248
2025-08-03,0.0651397556866196
2025-08-04,0.0641168048427569
2025-08-05,0.0632976999653701
2025-08-06,0.0625985850400399
2025-08-07,0.0619025785154175
2025-08-08,0.0614060477667118
2025-08-09,0.0613285943291618
2025-08-10,0.0616127710323
2025-08-11,0.0618702251456747
2025-08-12,0.0615746180752774
2025-08-13,0.0607946042462596
2025-08-14,0.0601356950021432
2025-08-15,0.0597373832346078
2025-08-16,0.0597074683605389
2025-08-17,0.0599236826531747
2025-08-18,0.0599751427844316
2025-08-19,0.0599779361124777
2025-08-20,0.060042505816539
2025-08-21,0.0599363515635521
2025-08-22,0.0596949514519378
2025-08-23,0.0592652555233722
2025-08-24,0.0585920972303377
2025-08-25,0.0577088163957043
2025-08-26,0.0566643335090974
2025-08-27,0.0554538583614116
2025-08-28,0.0541169236568452
2025-08-29,0.0528247357956433
2025-08-30,0.0516366303617083
2025-08-31,0.0504631986117749
2025-09-01,0.0493209016871704
2025-09-02,0.0482474327960036
2025-09-03,0.0472454410696497
2025-09-04,0.0463841080259369
2025-09-05,0.0457713816417491
2025-09-06,0.0454308701062882
2025-09-07,0.0454300548562311
2025-09-08,0.045866096108784
2025-09-09,0.0463658646646775
2025-09-10,0.0465877118113118
2025-09-11,0.0466773305376529
2025-09-12,0.0467318370606766
2025-09-13,0.0468503940445121
2025-09-14,0.0471101328574317
2025-09-15,0.0474674756075142
2025-09-16,0.0479967819033212
2025-09-17,0.0487435843808617
2025-09-18,0.0492657583083289
2025-09-19,0.0494148075382386
2025-09-20,0.0492694330128124
2025-09-21,0.0489146151026732
2025-09-22,0.0489146151026732
2025-09-23,0.0480776437311576
2025-09-24,0.0479357392953649
2025-09-25,0.048080056555916
2025-09-26,0.0484577316036953
2025-09-27,0.0488951858236932
2025-09-28,0.049291993307111
2025-09-29,0.0496217875086335
2025-09-30,0.0499787118960085
2025-10-01,0.0503132253383414
2025-10-02,0.0503913776131195
2025-10-03,0.0500749203258731
2025-10-04,0.049415947393153
2025-10-05,0.048440236830419
2025-10-06,0.0471667968730798
2025-10-07,0.0456855512975885
2025-10-08,0.0441177769286953
2025-10-09,0.0425415194795252
2025-10-10,0.0409750510805656
2025-10-11,0.0394165358760659
2025-10-12,0.0379390840308838
2025-10-13,0.0365655986619456
2025-10-14,0.0352251112975179
2025-10-15,0.0339094815149544
2025-10-16,0.0326873899164868
2025-10-17,0.0316127791809872
2025-10-18,0.0305654310261913
2025-10-19,0.0294603283990199
2025-10-20,0.0282835697282954
2025-10-21,0.02704651470718
2025-10-22,0.0257845468767182
2025-10-23,0.0245342002506897
2025-10-24,0.023318553256881
2025-10-25,0.022152760779322
2025-10-26,0.0210469380720901
2025-10-27,0.0200095090550275
2025-10-28,0.0190381669031335
2025-10-29,0.0181277601950915
2025-10-30,0.0172820117674696
2025-10-31,0.0165011169222198
2025-11-01,0.0157807096918202
2025-11-02,NA
2025-11-03,NA
2025-11-04,NA
2025-11-05,NA
2025-11-06,NA
2025-11-07,NA
2025-11-08,NA
2025-11-09,NA
2025-11-10,NA
2025-11-11,NA
2025-11-12,NA
2025-11-13,NA
2025-11-14,NA
2025-11-15,NA
2025-11-16,NA
2025-11-17,NA
2025-11-18,NA
2025-11-19,NA
2025-11-20,NA
2025-11-21,NA
2025-11-22,NA
2025-11-23,NA
2025-11-24,NA
2025-11-25,NA
2025-11-26,NA
2025-11-27,NA
2025-11-28,NA
2025-11-29,NA
2025-11-30,NA
2025-12-01,NA
2025-12-02,NA
2025-12-03,NA
2025-12-04,NA
2025-12-05,NA
2025-12-06,NA
2025-12-07,NA
2025-12-08,NA
2025-12-09,NA
2025-12-10,NA
2025-12-11,NA
2025-12-12,NA
2025-12-13,NA
2025-12-14,NA
2025-12-15,NA
2025-12-16,NA
2025-12-17,NA
2025-12-18,NA
2025-12-19,NA
2025-12-20,NA
2025-12-21,NA
2025-12-22,NA
2025-12-23,NA
2025-12-24,NA
2025-12-25,NA
2025-12-26,NA
2025-12-27,NA
2025-12-28,NA
2025-12-29,NA
2025-12-30,NA
2025-12-31,NA
