date,data
2000-01-01,7.04025975556372
2000-01-02,7.08468457369547
2000-01-03,7.09397217023909
2000-01-04,7.07941016470181
2000-01-05,7.00373847751664
2000-01-06,7.05791945256376
2000-01-07,7.15514135600579
2000-01-08,7.12707071191387
2000-01-09,7.09430182092231
2000-01-10,7.09330828199647
2000-01-11,6.99742606921728
2000-01-12,6.76864159222348
2000-01-13,6.87534334951961
2000-01-14,6.8414086253359
2000-01-15,6.7934694084158
2000-01-16,6.75189293152735
2000-01-17,6.73336416826331
2000-01-18,6.70893013605611
2000-01-19,6.72185329617323
2000-01-20,6.69145449327118
2000-01-21,6.68510005695197
2000-01-22,6.66945002188384
2000-01-23,6.57399015366436
2000-01-24,6.56682038840086
2000-01-25,6.56365719751525
2000-01-26,6.55146874590498
2000-01-27,6.47638039686199
2000-01-28,6.47441183286356
2000-01-29,6.22428607649805
2000-01-30,5.96065795186336
2000-01-31,NA
2000-02-01,NA
2000-02-02,NA
2000-02-03,NA
2000-02-04,NA
2000-02-05,NA
2000-02-06,NA
2000-02-07,NA
2000-02-08,NA
2000-02-09,NA
2000-02-10,NA
2000-02-11,NA
2000-02-12,NA
2000-02-13,NA
2000-02-14,NA
2000-02-15,NA
2000-02-16,NA
2000-02-17,NA
2000-02-18,NA
2000-02-19,NA
2000-02-20,NA
2000-02-21,NA
2000-02-22,NA
2000-02-23,NA
2000-02-24,NA
2000-02-25,NA
2000-02-26,NA
2000-02-27,NA
2000-02-28,NA
2000-02-29,NA
2000-03-01,5.35878514411031
2000-03-02,5.44935028963047
2000-03-03,5.38764641809519
2000-03-04,5.35326282314467
2000-03-05,5.32218488388523
2000-03-06,5.3448653951324
2000-03-07,5.56204113635816
2000-03-08,5.54278735599462
2000-03-09,5.63672779629272
2000-03-10,5.75732009943346
2000-03-11,5.79032061717545
2000-03-12,5.79944016255085
2000-03-13,5.8006386565394
2000-03-14,5.83297778075932
2000-03-15,5.84283120063864
2000-03-16,5.82114803892412
2000-03-17,5.84219025024524
2000-03-18,5.85953372153978
2000-03-19,5.87875181685859
2000-03-20,5.93201133860834
2000-03-21,6.0012919454657
2000-03-22,6.01938239943855
2000-03-23,6.01579954718527
2000-03-24,6.02763190262595
2000-03-25,6.09285331960011
2000-03-26,6.1565887538592
2000-03-27,6.10908124801012
2000-03-28,6.03478188959965
2000-03-29,5.8919765723168
2000-03-30,5.71683807573451
2000-03-31,5.71381562695459
2000-04-01,5.8291923756596
2000-04-02,5.82769275982935
2000-04-03,5.7960091556479
2000-04-04,5.75533959646253
2000-04-05,5.74649512076735
2000-04-06,5.74142513568439
2000-04-07,5.70427801261122
2000-04-08,5.69577504491873
2000-04-09,5.70973775941144
2000-04-10,5.69402162572263
2000-04-11,5.70973103098803
2000-04-12,5.71833662995918
2000-04-13,5.72015293614005
2000-04-14,5.73140181904979
2000-04-15,5.77861986828378
2000-04-16,5.79808021566183
2000-04-17,5.83682519381264
2000-04-18,5.88274981497226
2000-04-19,5.93560073658074
2000-04-20,6.03674287201593
2000-04-21,6.07413008253654
2000-04-22,6.24977492588239
2000-04-23,6.47648066756207
2000-04-24,6.60715200804338
2000-04-25,6.61319154580993
2000-04-26,6.52109204332816
2000-04-27,6.53351134916981
2000-04-28,6.55444295334746
2000-04-29,6.49482098344966
2000-04-30,6.39799310808875
2000-05-01,6.26449654621975
2000-05-02,6.23294417774089
2000-05-03,6.62082608682658
2000-05-04,6.80208874632814
2000-05-05,6.8805792057013
2000-05-06,6.95580445633423
2000-05-07,6.99950186840432
2000-05-08,7.01248022910399
2000-05-09,7.05355153413691
2000-05-10,7.18953957142578
2000-05-11,7.31899837837588
2000-05-12,7.39302912987035
2000-05-13,7.43453125501325
2000-05-14,7.50924527599455
2000-05-15,7.59546869205015
2000-05-16,7.70095831564693
2000-05-17,7.78603758839931
2000-05-18,7.84158541868005
2000-05-19,7.86715058476196
2000-05-20,7.83465028343339
2000-05-21,7.80297244805922
2000-05-22,7.78379522294709
2000-05-23,7.74451881336266
2000-05-24,7.71039387036186
2000-05-25,7.7342791625998
2000-05-26,7.72639896931682
2000-05-27,7.74534027790028
2000-05-28,7.75755597130193
2000-05-29,7.74650673635384
2000-05-30,7.7662496301091
2000-05-31,7.78563900552107
2000-06-01,7.80424225091614
2000-06-02,7.82402451388134
2000-06-03,7.87459185946147
2000-06-04,7.91776103437561
2000-06-05,NA
2000-06-06,NA
2000-06-07,7.95401140519218
2000-06-08,7.97942467868626
2000-06-09,8.03691215837884
2000-06-10,8.04168154600504
2000-06-11,8.05058118148071
2000-06-12,8.09255852983435
2000-06-13,8.07608770206777
2000-06-14,8.08083659847793
2000-06-15,8.0741245772727
2000-06-16,8.03515415100965
2000-06-17,8.01044993174192
2000-06-18,8.01353161813697
2000-06-19,7.99990588362257
2000-06-20,8.00096915609911
2000-06-21,7.99697633956439
2000-06-22,7.99257576311788
2000-06-23,7.97195538630496
2000-06-24,7.9587937059467
2000-06-25,7.95269647525986
2000-06-26,7.94843987886565
2000-06-27,7.9604107090993
2000-06-28,7.96206799084745
2000-06-29,7.95608480331728
2000-06-30,7.956292200289
2000-07-01,7.94806798158617
2000-07-02,7.94837658014182
2000-07-03,7.95094138859457
2000-07-04,7.94001258531489
2000-07-05,7.90072855095327
2000-07-06,7.90373191030927
2000-07-07,7.91465617230049
2000-07-08,7.90948069670243
2000-07-09,7.91927416519621
2000-07-10,7.93057575060897
2000-07-11,7.91635361099531
2000-07-12,7.92305011561853
2000-07-13,7.92508633308718
2000-07-14,7.86471755262776
2000-07-15,7.84292460562454
2000-07-16,7.83191762042442
2000-07-17,7.82665868599744
2000-07-18,7.78097648121655
2000-07-19,7.7662517056959
2000-07-20,7.7151065522733
2000-07-21,7.68651354529437
2000-07-22,7.64284723402015
2000-07-23,7.64141579350188
2000-07-24,7.64597783107029
2000-07-25,7.63355362564175
2000-07-26,7.62263606102254
2000-07-27,7.6166417931473
2000-07-28,7.59842305379352
2000-07-29,7.59198059164577
2000-07-30,7.56529588922595
2000-07-31,7.57185016148375
2000-08-01,7.56593667290795
2000-08-02,7.57105745741471
2000-08-03,7.61095509866028
2000-08-04,7.61282172024669
2000-08-05,7.65421457789768
2000-08-06,7.59662239037464
2000-08-07,7.70822248288563
2000-08-08,7.77864846527189
2000-08-09,7.9886102918786
2000-08-10,7.99102070883879
2000-08-11,7.79824396485126
2000-08-12,7.46477331848638
2000-08-13,7.32063059986433
2000-08-14,6.69252658395553
2000-08-15,6.90967682146494
2000-08-16,7.19396659943477
2000-08-17,7.35552862582048
2000-08-18,7.41458341844504
2000-08-19,7.38904509329525
2000-08-20,7.49947827503687
2000-08-21,7.50812275176708
2000-08-22,7.51786216092831
2000-08-23,7.50056938035238
2000-08-24,7.54065105719202
2000-08-25,7.65834194324542
2000-08-26,7.66857709029137
2000-08-27,7.68709092467296
2000-08-28,7.70266427034854
2000-08-29,7.70017671183384
2000-08-30,7.70189998275718
2000-08-31,7.68555706783687
2000-09-01,7.68781655308575
2000-09-02,7.65679309573263
2000-09-03,7.65671528924285
2000-09-04,7.65991170639585
2000-09-05,7.66643994680096
2000-09-06,7.65376870466508
2000-09-07,7.61037872780029
2000-09-08,7.59779187285947
2000-09-09,7.57719883895022
2000-09-10,7.58060891623178
2000-09-11,7.59684461103398
2000-09-12,7.50745072308872
2000-09-13,7.48997244328491
2000-09-14,7.48017156201218
2000-09-15,7.37766416372388
2000-09-16,7.48260295936393
2000-09-17,7.5606838196198
2000-09-18,7.55184123698751
2000-09-19,7.32631857126141
2000-09-20,7.31281498627156
2000-09-21,7.37097306958005
2000-09-22,7.20121647839473
2000-09-23,7.21307591737668
2000-09-24,7.30063417451416
2000-09-25,7.30909415816899
2000-09-26,7.35866042624531
2000-09-27,7.38711311131874
2000-09-28,7.40598812150078
2000-09-29,7.4029872859802
2000-09-30,7.407988148668
2000-10-01,7.38890844194663
2000-10-02,7.44799809673779
2000-10-03,7.42344535782283
2000-10-04,7.42657241340915
2000-10-05,7.46371023173141
2000-10-06,7.44600719886777
2000-10-07,7.55415942740215
2000-10-08,7.52507320329237
2000-10-09,7.53054307115839
2000-10-10,7.52286308112966
2000-10-11,7.46605731370651
2000-10-12,7.25194276672093
2000-10-13,7.35582058072341
2000-10-14,7.30052869529286
2000-10-15,7.2355487668105
2000-10-16,7.21075169622288
2000-10-17,7.17248474918812
2000-10-18,7.09965881493161
2000-10-19,7.04755715946176
2000-10-20,6.98855732462549
2000-10-21,6.99880873784358
2000-10-22,6.99767648853675
2000-10-23,6.92421691581333
2000-10-24,6.94016812331435
2000-10-25,6.94152871876483
2000-10-26,6.90103803960667
2000-10-27,6.81264372720306
2000-10-28,6.83270339463635
2000-10-29,6.53037286421098
2000-10-30,6.22588580388514
2000-10-31,5.96990171759857
2000-11-01,5.97556281001045
2000-11-02,6.02961170275225
2000-11-03,6.05357898169419
2000-11-04,5.92148364386495
2000-11-05,5.86246223015338
2000-11-06,5.80462716884083
2000-11-07,5.77369609399446
2000-11-08,5.72182997398171
2000-11-09,5.61222426591695
2000-11-10,5.56895137967823
2000-11-11,5.48613052824742
2000-11-12,5.42350046636884
2000-11-13,5.28933854646883
2000-11-14,5.20220351925631
2000-11-15,5.11471104777952
2000-11-16,5.02270057643326
2000-11-17,4.97993702507993
2000-11-18,4.96334816430498
2000-11-19,4.94274962447723
2000-11-20,4.93517280802997
2000-11-21,4.93153636678413
2000-11-22,4.94377866986085
2000-11-23,4.92688952078697
2000-11-24,4.82375816450921
2000-11-25,4.80084313657865
2000-11-26,4.80763779205707
2000-11-27,4.8024855287831
2000-11-28,4.80837628477192
2000-11-29,4.87364498176972
2000-11-30,4.88834707577903
2000-12-01,4.89536779549079
2000-12-02,4.91498994526427
2000-12-03,4.82865047329515
2000-12-04,4.82583561118713
2000-12-05,4.79126203772814
2000-12-06,4.79618925280219
2000-12-07,4.78543105610508
2000-12-08,4.77704384224643
2000-12-09,4.74995254697194
2000-12-10,4.78502872231702
2000-12-11,4.79208297969343
2000-12-12,4.76933937822123
2000-12-13,4.77859714563353
2000-12-14,4.76456259631742
2000-12-15,4.77128353482653
2000-12-16,4.68554206051789
2000-12-17,4.68239694644963
2000-12-18,4.63554123375911
2000-12-19,4.64463026920954
2000-12-20,4.65972030638495
2000-12-21,4.68334713048741
2000-12-22,4.66343166228054
2000-12-23,4.69029402860688
2000-12-24,4.62245447114399
2000-12-25,4.61813129503516
2000-12-26,4.59992225923526
2000-12-27,4.60113987873063
2000-12-28,4.59094050823082
2000-12-29,4.49619739800103
2000-12-30,4.52756651392523
2000-12-31,4.62057573160377
2001-01-01,7.32654627352298
2001-01-02,7.30847401276331
2001-01-03,7.28343706774462
2001-01-04,7.26701521326466
2001-01-05,7.26847343165093
2001-01-06,7.30783179785852
2001-01-07,7.45406851114351
2001-01-08,7.47002793067814
2001-01-09,7.48223443119265
2001-01-10,7.48774573848858
2001-01-11,7.4913566358524
2001-01-12,7.46670403306355
2001-01-13,7.38038477591661
2001-01-14,7.377537310151
2001-01-15,7.44292263145717
2001-01-16,7.36042431687566
2001-01-17,7.20877046195121
2001-01-18,7.15065026830767
2001-01-19,7.12319807491241
2001-01-20,7.11510578907894
2001-01-21,7.09166658756244
2001-01-22,7.04767332302892
2001-01-23,6.90072788758098
2001-01-24,6.60118341996684
2001-01-25,6.44472802355665
2001-01-26,6.38308180697887
2001-01-27,6.3636579431877
2001-01-28,6.23888975929907
2001-01-29,6.15652756927892
2001-01-30,6.13648962340517
2001-01-31,NA
2001-02-01,5.36680506953184
2001-02-02,5.36105813353315
2001-02-03,5.43226264323639
2001-02-04,5.35687339508395
2001-02-05,5.34002923172323
2001-02-06,5.32845791169877
2001-02-07,5.30974585545705
2001-02-08,5.36222147104753
2001-02-09,5.33366403917309
2001-02-10,5.27291959762137
2001-02-11,5.28252815451033
2001-02-12,5.26282525324365
2001-02-13,5.24693850190267
2001-02-14,5.20495994042549
2001-02-15,5.21268921994394
2001-02-16,5.20642355455579
2001-02-17,5.2157876876714
2001-02-18,5.2692873479704
2001-02-19,5.30336716098494
2001-02-20,5.34694332079961
2001-02-21,5.40941364956945
2001-02-22,5.41462424090805
2001-02-23,5.44343182116273
2001-02-24,5.43786473167704
2001-02-25,5.43955955232532
2001-02-26,5.36174722783774
2001-02-27,5.33462880466424
2001-02-28,5.3447687371395
2001-03-01,5.33677113391735
2001-03-02,5.37264793433498
2001-03-03,5.42155500108824
2001-03-04,5.44744729781254
2001-03-05,5.44400354801855
2001-03-06,5.39485231325007
2001-03-07,5.44284582466819
2001-03-08,5.45251760378583
2001-03-09,5.42009259895778
2001-03-10,5.45743032599368
2001-03-11,5.52597949300245
2001-03-12,5.40100999607898
2001-03-13,5.52843817608239
2001-03-14,5.63565492820066
2001-03-15,5.75244695327773
2001-03-16,5.66074561646063
2001-03-17,5.58860815206773
2001-03-18,5.53632102091051
2001-03-19,5.43970172618874
2001-03-20,5.48373520964228
2001-03-21,5.48715911827462
2001-03-22,5.45519799603235
2001-03-23,5.39387218199949
2001-03-24,5.3631631423106
2001-03-25,5.31389109172632
2001-03-26,5.32459289730308
2001-03-27,5.3047064546157
2001-03-28,5.32324086588171
2001-03-29,5.28732355940111
2001-03-30,5.30448818051924
2001-03-31,5.23223203321907
2001-04-01,5.23844015072999
2001-04-02,5.29424099754096
2001-04-03,5.71332508263923
2001-04-04,5.76160320541153
2001-04-05,5.76188718636184
2001-04-06,5.75751497628757
2001-04-07,5.79286764022959
2001-04-08,5.78167429453978
2001-04-09,5.79891071374252
2001-04-10,5.85113841246837
2001-04-11,5.84966133534633
2001-04-12,5.86698996714716
2001-04-13,5.81501749271941
2001-04-14,5.84186620821048
2001-04-15,5.84563224353533
2001-04-16,5.85005868459101
2001-04-17,5.87171757980232
2001-04-18,5.8878154677839
2001-04-19,5.89615648913469
2001-04-20,5.92051845987556
2001-04-21,5.95995865488419
2001-04-22,6.01019113791532
2001-04-23,6.04246845822973
2001-04-24,6.1129552433363
2001-04-25,6.18622308408717
2001-04-26,6.1945524779423
2001-04-27,6.21459126481208
2001-04-28,6.28552206054122
2001-04-29,6.35759397438296
2001-04-30,6.4260622320733
2001-05-01,6.48018215239845
2001-05-02,6.50474728526958
2001-05-03,6.53547361501623
2001-05-04,6.56689672017974
2001-05-05,6.64177411247683
2001-05-06,6.77607238840109
2001-05-07,6.82517110108993
2001-05-08,6.841241491779
2001-05-09,6.89270151275735
2001-05-10,6.95011886405629
2001-05-11,7.03135298263403
2001-05-12,7.07399374680987
2001-05-13,7.06212056779684
2001-05-14,7.15009078388224
2001-05-15,7.24634842698192
2001-05-16,7.26112869346107
2001-05-17,7.27850946838468
2001-05-18,7.3082789135289
2001-05-19,7.32918493511042
2001-05-20,7.38968558074182
2001-05-21,7.51449186175632
2001-05-22,7.57008090920423
2001-05-23,7.59039451734848
2001-05-24,7.59427113283796
2001-05-25,7.60078776958413
2001-05-26,7.61951892669206
2001-05-27,7.65935895304391
2001-05-28,7.6752518697865
2001-05-29,7.70960561030407
2001-05-30,7.74687479290716
2001-05-31,7.74917671582121
2001-06-01,NA
2001-06-02,NA
2001-06-03,NA
2001-06-04,NA
2001-06-05,NA
2001-06-06,NA
2001-06-07,NA
2001-06-08,NA
2001-06-09,NA
2001-06-10,NA
2001-06-11,NA
2001-06-12,NA
2001-06-13,NA
2001-06-14,NA
2001-06-15,NA
2001-06-16,NA
2001-06-17,NA
2001-06-18,NA
2001-06-19,NA
2001-06-20,NA
2001-06-21,NA
2001-06-22,NA
2001-06-23,NA
2001-06-24,NA
2001-06-25,NA
2001-06-26,NA
2001-06-27,NA
2001-06-28,NA
2001-06-29,NA
2001-06-30,NA
2001-07-01,7.61774798943519
2001-07-02,7.61363095175548
2001-07-03,7.7620084098596
2001-07-04,7.68017453237597
2001-07-05,7.64015376268133
2001-07-06,7.66040981999234
2001-07-07,7.6451291059591
2001-07-08,7.74420859622736
2001-07-09,7.73040204395263
2001-07-10,7.74689163377232
2001-07-11,7.71945694879681
2001-07-12,7.71773839526024
2001-07-13,7.73637477048772
2001-07-14,7.71897914008653
2001-07-15,7.72597359295665
2001-07-16,7.71289877671907
2001-07-17,7.69965283726579
2001-07-18,7.65437962502281
2001-07-19,7.64813400876013
2001-07-20,7.65862929517145
2001-07-21,7.65187432275442
2001-07-22,7.60949341903279
2001-07-23,7.65253734867256
2001-07-24,7.67224150048728
2001-07-25,7.66411256604966
2001-07-26,7.62475595952705
2001-07-27,7.62350754109076
2001-07-28,7.65630683385802
2001-07-29,7.66228756344797
2001-07-30,7.64158765947855
2001-07-31,7.62935035917999
2001-08-01,7.63850951095053
2001-08-02,7.65088194248346
2001-08-03,7.65687082268225
2001-08-04,7.6772851681345
2001-08-05,7.67304069806502
2001-08-06,7.66719704226029
2001-08-07,7.68506782998541
2001-08-08,7.73130859173146
2001-08-09,7.74585279407871
2001-08-10,7.76253399952378
2001-08-11,7.74452121559149
2001-08-12,7.72614674021958
2001-08-13,7.71602981462693
2001-08-14,7.69374962387103
2001-08-15,7.68868706612691
2001-08-16,7.68090557281006
2001-08-17,7.6860632176397
2001-08-18,7.68148373818406
2001-08-19,7.67317219784968
2001-08-20,7.63452003081019
2001-08-21,7.47054728639896
2001-08-22,7.29097542254317
2001-08-23,7.06928661719018
2001-08-24,7.03746677926316
2001-08-25,7.16090179881246
2001-08-26,7.28517139752092
2001-08-27,7.41726085674056
2001-08-28,7.41888859530968
2001-08-29,7.44212436372993
2001-08-30,7.48593292901277
2001-08-31,7.48959619504987
2001-09-01,7.50839025988063
2001-09-02,7.50842750649692
2001-09-03,7.5274951395003
2001-09-04,7.56413867173935
2001-09-05,7.57173874728267
2001-09-06,7.57899063759337
2001-09-07,7.59505048062754
2001-09-08,7.6326365230224
2001-09-09,7.59730417110014
2001-09-10,7.5922731772474
2001-09-11,7.6100253352289
2001-09-12,7.61475060264653
2001-09-13,7.60830660299947
2001-09-14,7.61542523380016
2001-09-15,7.60218709421999
2001-09-16,7.60166905122697
2001-09-17,7.60008651302008
2001-09-18,7.61353144294512
2001-09-19,7.58515851292378
2001-09-20,7.58293280215286
2001-09-21,7.57117564499879
2001-09-22,7.56125791509651
2001-09-23,7.51202657286926
2001-09-24,7.55381318632116
2001-09-25,7.59088738288944
2001-09-26,7.61898652068584
2001-09-27,7.3905524736472
2001-09-28,7.42663669473329
2001-09-29,7.41517815104535
2001-09-30,7.40584384060905
2001-10-01,7.43617217665397
2001-10-02,7.42543129985502
2001-10-03,7.39992773476765
2001-10-04,7.41971167945279
2001-10-05,7.42530296440119
2001-10-06,7.46417076718627
2001-10-07,7.63154235599715
2001-10-08,7.65361890504514
2001-10-09,7.67815263505932
2001-10-10,7.67445000079301
2001-10-11,7.66776048468582
2001-10-12,7.65029521676089
2001-10-13,7.54524971251977
2001-10-14,7.55428100734608
2001-10-15,7.69687789853248
2001-10-16,7.60964820187836
2001-10-17,7.51252053847843
2001-10-18,7.44875224166125
2001-10-19,7.4030083787662
2001-10-20,7.40834297424781
2001-10-21,7.41513961216983
2001-10-22,7.39659009703901
2001-10-23,7.28388244116319
2001-10-24,7.02376285835928
2001-10-25,6.82006132127196
2001-10-26,6.81146130882397
2001-10-27,6.80979609057853
2001-10-28,6.67511236960539
2001-10-29,6.58205321352087
2001-10-30,6.54290624550369
2001-10-31,6.4357917020919
2001-11-01,6.64409716766966
2001-11-02,6.62226561506836
2001-11-03,6.60213480018088
2001-11-04,6.58342855563362
2001-11-05,6.59082870143332
2001-11-06,6.60880200351055
2001-11-07,6.60058862311269
2001-11-08,6.60535112443485
2001-11-09,6.59229547997751
2001-11-10,6.5361327129352
2001-11-11,6.55012449219948
2001-11-12,6.51366124705881
2001-11-13,6.51869390003712
2001-11-14,6.48273416981806
2001-11-15,6.5606517461487
2001-11-16,6.54333322458379
2001-11-17,6.20570741734594
2001-11-18,6.09833260190316
2001-11-19,6.0314162115876
2001-11-20,5.76798463238696
2001-11-21,5.47418335114301
2001-11-22,5.4360217725294
2001-11-23,5.40248512413542
2001-11-24,5.35171487320862
2001-11-25,5.41613694407355
2001-11-26,5.37082288487285
2001-11-27,5.36185270004029
2001-11-28,5.32039334868567
2001-11-29,5.24236979047416
2001-11-30,5.22166075307113
2001-12-01,4.95692773261374
2001-12-02,4.91876512275535
2001-12-03,4.82647667137476
2001-12-04,4.75432658708464
2001-12-05,4.63577756063908
2001-12-06,4.54085903794601
2001-12-07,4.39460763085273
2001-12-08,4.31598706351173
2001-12-09,4.28428599434698
2001-12-10,4.32706157404865
2001-12-11,4.32735399389548
2001-12-12,4.34678853183117
2001-12-13,4.36352248945443
2001-12-14,4.38131310609072
2001-12-15,4.39549916510959
2001-12-16,4.39179210031211
2001-12-17,4.39545594480354
2001-12-18,4.44058715801428
2001-12-19,4.49290092659377
2001-12-20,4.50617173660633
2001-12-21,4.56401311331674
2001-12-22,4.57116998765702
2001-12-23,4.68210902687622
2001-12-24,4.72596195885629
2001-12-25,4.75582115289295
2001-12-26,4.72619244414316
2001-12-27,4.7634098912353
2001-12-28,4.76956776559353
2001-12-29,4.78358117669559
2001-12-30,4.82495425290812
2001-12-31,4.81010375745175
2002-01-01,4.80000290926113
2002-01-02,4.80913403666356
2002-01-03,4.83457307440089
2002-01-04,4.69998611475146
2002-01-05,4.69292341665173
2002-01-06,4.67822900753987
2002-01-07,4.72856609460079
2002-01-08,4.64831348645567
2002-01-09,4.75967413493565
2002-01-10,4.69559886674431
2002-01-11,4.69307521809726
2002-01-12,4.69914058022694
2002-01-13,4.64441062369733
2002-01-14,4.61179460476591
2002-01-15,4.67179719685479
2002-01-16,4.64087538203678
2002-01-17,4.70188370366174
2002-01-18,4.63195420577972
2002-01-19,4.62209047562952
2002-01-20,4.60784584913001
2002-01-21,4.65564609387176
2002-01-22,4.69428724133278
2002-01-23,4.72694659914052
2002-01-24,4.76871571717788
2002-01-25,4.95674716819714
2002-01-26,5.03876945697715
2002-01-27,5.14278911205227
2002-01-28,5.22327159102611
2002-01-29,5.31576095864493
2002-01-30,5.27306494798837
2002-01-31,5.31265696459343
2002-02-01,5.34500822010731
2002-02-02,5.29544752809199
2002-02-03,5.34660920619422
2002-02-04,5.33720853441713
2002-02-05,5.34573648521389
2002-02-06,5.26111253924134
2002-02-07,5.1545417944208
2002-02-08,5.03473235821886
2002-02-09,5.06854519334768
2002-02-10,4.97750060366166
2002-02-11,4.93102317212736
2002-02-12,4.92046682873836
2002-02-13,4.86755750085828
2002-02-14,4.78225600673917
2002-02-15,4.76178590710314
2002-02-16,4.66942655068963
2002-02-17,4.63619581885699
2002-02-18,4.59515709375029
2002-02-19,4.52571133001995
2002-02-20,4.5027989192697
2002-02-21,4.52086770808258
2002-02-22,4.50174313254797
2002-02-23,4.50846612595092
2002-02-24,4.50983760264887
2002-02-25,4.54918618260291
2002-02-26,4.59512212128747
2002-02-27,4.64568317526331
2002-02-28,4.62890196937774
2002-03-01,4.59647354480094
2002-03-02,4.60412502577214
2002-03-03,4.58425548490031
2002-03-04,4.59439535563563
2002-03-05,4.63498519958421
2002-03-06,4.54858606224415
2002-03-07,4.67977725144405
2002-03-08,4.87172309288129
2002-03-09,4.95430144922661
2002-03-10,4.98284538662976
2002-03-11,5.01926347584748
2002-03-12,5.14756476477383
2002-03-13,5.17624297768852
2002-03-14,5.20204304777364
2002-03-15,5.19661531804626
2002-03-16,5.18685031390596
2002-03-17,5.21691334815409
2002-03-18,5.22228781247314
2002-03-19,5.21369307088445
2002-03-20,5.29402360766731
2002-03-21,5.30107451420854
2002-03-22,5.71348946333868
2002-03-23,5.17745392734649
2002-03-24,5.00093919301712
2002-03-25,5.14186540884312
2002-03-26,5.23549699612973
2002-03-27,5.22394437158674
2002-03-28,5.24709777193339
2002-03-29,5.32757101959032
2002-03-30,5.35683155505674
2002-03-31,5.46647109815935
2002-04-01,5.57777621505024
2002-04-02,5.65026284911294
2002-04-03,5.70443436896282
2002-04-04,5.71474869103548
2002-04-05,5.69458418766251
2002-04-06,5.69478709967071
2002-04-07,5.7000982169526
2002-04-08,5.70527037297246
2002-04-09,5.70762937784748
2002-04-10,5.70882570849743
2002-04-11,5.68967921229968
2002-04-12,5.67642041075073
2002-04-13,5.68088143986211
2002-04-14,5.67850489727503
2002-04-15,5.69155614658771
2002-04-16,5.70671138169308
2002-04-17,5.73343245263778
2002-04-18,5.78069582469871
2002-04-19,5.81693040413122
2002-04-20,5.84912419136758
2002-04-21,5.88807644448323
2002-04-22,5.89475570466404
2002-04-23,5.89782037861718
2002-04-24,5.90686208617406
2002-04-25,5.9282644484115
2002-04-26,5.95197527162295
2002-04-27,6.01271581723962
2002-04-28,6.07174028052883
2002-04-29,6.11349398046257
2002-04-30,6.14345293668823
2002-05-01,6.18446933475
2002-05-02,6.23803370830159
2002-05-03,6.31267573506247
2002-05-04,6.3861606911455
2002-05-05,6.46997138341837
2002-05-06,6.50918466222959
2002-05-07,6.57743247580392
2002-05-08,6.63615361848992
2002-05-09,6.72429073269236
2002-05-10,6.82432573986972
2002-05-11,6.9042391801451
2002-05-12,6.95420595506857
2002-05-13,7.08228017399263
2002-05-14,7.18854876296682
2002-05-15,7.24731655905203
2002-05-16,7.32660882649625
2002-05-17,7.46673673285879
2002-05-18,7.53507855040765
2002-05-19,7.5399564467138
2002-05-20,7.57737228163083
2002-05-21,7.57589398373676
2002-05-22,7.59903086869314
2002-05-23,7.63543427104605
2002-05-24,7.63961454044453
2002-05-25,7.68351852060627
2002-05-26,7.73076986311185
2002-05-27,7.75398048413626
2002-05-28,7.78259997571749
2002-05-29,7.85948299135885
2002-05-30,7.87921029595565
2002-05-31,7.90491868955115
2002-06-01,8.01732598067329
2002-06-02,8.07670214240078
2002-06-03,8.21583932086995
2002-06-04,8.22748492387872
2002-06-05,8.20599229694106
2002-06-06,8.18943592555904
2002-06-07,8.19539970966724
2002-06-08,8.1673316566777
2002-06-09,8.18635054245151
2002-06-10,8.13058769473517
2002-06-11,8.11495380182813
2002-06-12,8.09299663694615
2002-06-13,8.07745009466204
2002-06-14,8.07500221826291
2002-06-15,8.06743644839852
2002-06-16,8.05592295115173
2002-06-17,8.03772032273292
2002-06-18,8.03391742436277
2002-06-19,8.03103697505882
2002-06-20,8.0282820908201
2002-06-21,8.03353711958209
2002-06-22,8.03113770077419
2002-06-23,8.0432385918622
2002-06-24,8.05622694612231
2002-06-25,8.02395952336059
2002-06-26,8.02738861160346
2002-06-27,8.02672583706647
2002-06-28,8.00415937736967
2002-06-29,7.9763942289045
2002-06-30,7.95856812241187
2002-07-01,7.94322212291568
2002-07-02,7.93072460449807
2002-07-03,7.92554056823159
2002-07-04,7.89847235159344
2002-07-05,7.87850960081357
2002-07-06,7.85360719938111
2002-07-07,7.82857159122758
2002-07-08,7.82103058976947
2002-07-09,7.79837977452162
2002-07-10,7.77823828815502
2002-07-11,7.77036990233031
2002-07-12,7.76195457914255
2002-07-13,7.75865706342733
2002-07-14,7.75386523345907
2002-07-15,7.74982809554062
2002-07-16,7.73310495270127
2002-07-17,7.72456834730333
2002-07-18,7.71008982293953
2002-07-19,7.69818298850709
2002-07-20,7.70011241264765
2002-07-21,7.70219241759214
2002-07-22,7.70480027398
2002-07-23,7.703418914681
2002-07-24,7.6822545500834
2002-07-25,7.68177057296424
2002-07-26,7.67682436575902
2002-07-27,7.6782684129572
2002-07-28,7.69377216105086
2002-07-29,7.70145381943084
2002-07-30,7.69382062295948
2002-07-31,7.68245142257599
2002-08-01,7.65815357712961
2002-08-02,7.64724776880108
2002-08-03,7.64670353473867
2002-08-04,7.64835248959396
2002-08-05,7.65483907799983
2002-08-06,7.55483578236988
2002-08-07,7.52299878386995
2002-08-08,7.5080107480581
2002-08-09,7.51674621949702
2002-08-10,7.56688322932395
2002-08-11,7.57111277398296
2002-08-12,7.55884848525174
2002-08-13,7.56493778685702
2002-08-14,7.52418420513134
2002-08-15,7.52327178111866
2002-08-16,7.52248397524949
2002-08-17,7.5104127672208
2002-08-18,7.50342752536491
2002-08-19,7.50509026434823
2002-08-20,7.48998441076817
2002-08-21,7.36128586072755
2002-08-22,7.36264958728272
2002-08-23,7.31736252017872
2002-08-24,7.27226007415791
2002-08-25,7.26088354995
2002-08-26,7.24022222539166
2002-08-27,7.24207050706778
2002-08-28,7.22826496622658
2002-08-29,7.10227162212208
2002-08-30,7.44482037285957
2002-08-31,7.52877791681281
2002-09-01,7.52700204810885
2002-09-02,7.52266551462611
2002-09-03,7.51898992333708
2002-09-04,7.51939010168082
2002-09-05,7.51238747761614
2002-09-06,7.50637900557556
2002-09-07,7.5006736711811
2002-09-08,7.47957817783176
2002-09-09,7.46752552671315
2002-09-10,7.42406169079701
2002-09-11,7.37904118732506
2002-09-12,7.38267897671857
2002-09-13,7.3956106994568
2002-09-14,7.39760591015842
2002-09-15,7.29885177701917
2002-09-16,7.08350188390131
2002-09-17,7.0849973000488
2002-09-18,7.04875717449068
2002-09-19,6.93459938329439
2002-09-20,7.00031734438489
2002-09-21,7.16248686402812
2002-09-22,7.22190971598248
2002-09-23,7.1935065793266
2002-09-24,7.20951251154457
2002-09-25,7.33817511305349
2002-09-26,7.3482444026911
2002-09-27,7.38463958478232
2002-09-28,7.39234373646953
2002-09-29,7.2938397768658
2002-09-30,7.40087893857584
2002-10-01,7.4074551156759
2002-10-02,7.4227989729293
2002-10-03,7.42405138959869
2002-10-04,7.42665961820861
2002-10-05,7.39266277099681
2002-10-06,7.29577479228403
2002-10-07,7.21261522502665
2002-10-08,7.21171617428803
2002-10-09,7.23031524155687
2002-10-10,7.25962774390419
2002-10-11,7.27225607080945
2002-10-12,7.2533062908222
2002-10-13,7.29107401362496
2002-10-14,7.4806677126511
2002-10-15,7.44989854947106
2002-10-16,7.38696713802511
2002-10-17,7.50588328887021
2002-10-18,7.38904883883031
2002-10-19,7.27128200663757
2002-10-20,7.24364901031103
2002-10-21,7.23228626876806
2002-10-22,7.30228523607441
2002-10-23,7.30471800050613
2002-10-24,7.29215466012234
2002-10-25,7.35337752557082
2002-10-26,7.33809227741276
2002-10-27,7.34336763818113
2002-10-28,7.34007879446527
2002-10-29,7.33781190081054
2002-10-30,7.31326912464249
2002-10-31,7.34622844635258
2002-11-01,7.29481859187088
2002-11-02,7.17457642537468
2002-11-03,7.17196478313591
2002-11-04,6.97173473254959
2002-11-05,6.86877842043861
2002-11-06,6.79287051838244
2002-11-07,6.75520847671177
2002-11-08,6.55782927312428
2002-11-09,6.44577561159057
2002-11-10,5.97042426802329
2002-11-11,5.68486876343918
2002-11-12,5.68544996210765
2002-11-13,5.6566284941484
2002-11-14,5.65810092752505
2002-11-15,5.62080274526257
2002-11-16,5.59666476424034
2002-11-17,5.45585687633764
2002-11-18,5.31395690274087
2002-11-19,5.24563479126622
2002-11-20,5.19747030928448
2002-11-21,5.18461603607883
2002-11-22,5.18957595970247
2002-11-23,5.17612970968726
2002-11-24,5.20245494919453
2002-11-25,5.21643226188803
2002-11-26,5.16534258974488
2002-11-27,5.23751185026906
2002-11-28,5.17069860066491
2002-11-29,5.0161537842814
2002-11-30,4.91921586165838
2002-12-01,4.87577272824451
2002-12-02,4.83935771188936
2002-12-03,4.69925880380209
2002-12-04,4.71396393904098
2002-12-05,4.71832525483736
2002-12-06,4.63827374517263
2002-12-07,4.61668286160027
2002-12-08,4.61761782656685
2002-12-09,4.59039646497253
2002-12-10,4.57249804562743
2002-12-11,4.58069599796744
2002-12-12,4.57468465323481
2002-12-13,4.53843427318121
2002-12-14,4.5234847665308
2002-12-15,4.49367978049488
2002-12-16,4.54193510431844
2002-12-17,4.62161136667746
2002-12-18,4.65743441636681
2002-12-19,4.72032498874278
2002-12-20,4.74374908475734
2002-12-21,4.85465618733054
2002-12-22,4.80632106488264
2002-12-23,4.84303326963741
2002-12-24,4.84617562197727
2002-12-25,4.81237832639635
2002-12-26,4.81715313658224
2002-12-27,4.80216518938851
2002-12-28,4.78584039649922
2002-12-29,4.81351653045274
2002-12-30,4.82470875523968
2002-12-31,4.87566017273465
2003-01-01,4.95523015658061
2003-01-02,4.93372324965686
2003-01-03,4.92010478804141
2003-01-04,4.91294108274868
2003-01-05,4.81373498777463
2003-01-06,4.82870855496952
2003-01-07,4.82010093505485
2003-01-08,4.82629691020863
2003-01-09,4.82711291134006
2003-01-10,4.90183979561201
2003-01-11,4.91795531320324
2003-01-12,4.91893299210332
2003-01-13,4.91193701906475
2003-01-14,4.93034605639666
2003-01-15,4.92004454902113
2003-01-16,4.93525731765417
2003-01-17,4.8925088400603
2003-01-18,4.88809531927109
2003-01-19,4.90975810353488
2003-01-20,4.87442134569676
2003-01-21,4.9705367037176
2003-01-22,5.06797152452522
2003-01-23,5.07821532499187
2003-01-24,5.11927716505776
2003-01-25,5.14903341519027
2003-01-26,5.19368773873316
2003-01-27,5.11782418556396
2003-01-28,5.28527905662459
2003-01-29,5.32701783590312
2003-01-30,5.19924925037024
2003-01-31,5.20268037603268
2003-02-01,5.19538798310915
2003-02-02,5.2177680643866
2003-02-03,5.39015860895395
2003-02-04,5.35225139639907
2003-02-05,5.37038684245444
2003-02-06,5.39757040100351
2003-02-07,5.32403242733998
2003-02-08,5.36984081702173
2003-02-09,5.41152945065625
2003-02-10,5.41407811259367
2003-02-11,5.45092650096306
2003-02-12,5.42495924855967
2003-02-13,5.35133171827453
2003-02-14,5.38096931755048
2003-02-15,5.4178706942974
2003-02-16,5.43074100378241
2003-02-17,5.40676952528002
2003-02-18,5.42622091609634
2003-02-19,5.28424584595237
2003-02-20,5.31475502828366
2003-02-21,5.26294128787093
2003-02-22,5.25869548354531
2003-02-23,5.26261392324261
2003-02-24,5.26550899800152
2003-02-25,5.20407624130516
2003-02-26,5.19867490118596
2003-02-27,5.16220686726847
2003-02-28,5.23791180488148
2003-03-01,5.23456336239554
2003-03-02,5.1701480225886
2003-03-03,5.30928989737833
2003-03-04,5.34163779341214
2003-03-05,5.42389165911511
2003-03-06,5.34303994061086
2003-03-07,5.33932380029284
2003-03-08,5.2932085758412
2003-03-09,5.25018617228558
2003-03-10,5.20940171457378
2003-03-11,5.17755394609671
2003-03-12,5.18212672738125
2003-03-13,5.15633970443094
2003-03-14,5.07549933573047
2003-03-15,5.09810710541971
2003-03-16,5.1269246107235
2003-03-17,5.13416068837151
2003-03-18,5.14906935390745
2003-03-19,5.11018678853679
2003-03-20,5.08390805092718
2003-03-21,5.03845468128769
2003-03-22,5.0564365579883
2003-03-23,5.07364346143975
2003-03-24,5.1269966271174
2003-03-25,5.14982321828477
2003-03-26,5.27336739511888
2003-03-27,5.60893847924337
2003-03-28,5.65536087462367
2003-03-29,5.65143741188662
2003-03-30,5.65263362850797
2003-03-31,5.6598019758372
2003-04-01,5.66036434208079
2003-04-02,5.66357569795467
2003-04-03,5.67183590888752
2003-04-04,5.70093554348892
2003-04-05,5.72572003649047
2003-04-06,5.73103441345713
2003-04-07,5.74563058283477
2003-04-08,5.75031016181852
2003-04-09,5.75671431915295
2003-04-10,5.75602262499798
2003-04-11,5.75879366488396
2003-04-12,5.77380750628084
2003-04-13,5.78719516897098
2003-04-14,5.81180428484849
2003-04-15,5.84572276954095
2003-04-16,5.99004621421045
2003-04-17,6.08058407855772
2003-04-18,6.10355005236738
2003-04-19,6.07086073322667
2003-04-20,6.06787780378006
2003-04-21,6.08538806520803
2003-04-22,6.09132311948622
2003-04-23,6.12247167917434
2003-04-24,6.16690130097179
2003-04-25,6.14880646440509
2003-04-26,6.16082062925309
2003-04-27,6.1175899352817
2003-04-28,6.20368119742954
2003-04-29,6.22406280263882
2003-04-30,6.21232536161153
2003-05-01,6.23054111901735
2003-05-02,6.26467217536612
2003-05-03,6.29268662251399
2003-05-04,6.39107492022559
2003-05-05,6.48085706031913
2003-05-06,6.57404243274105
2003-05-07,6.70734284511357
2003-05-08,6.76631557228908
2003-05-09,6.86040272035656
2003-05-10,6.92800540785362
2003-05-11,6.94710773690439
2003-05-12,6.95591294227099
2003-05-13,7.0218970431592
2003-05-14,7.04825925595079
2003-05-15,7.19496943129915
2003-05-16,7.2243991112267
2003-05-17,7.21578262055989
2003-05-18,7.2333179350419
2003-05-19,7.23792963714089
2003-05-20,7.27419684909907
2003-05-21,7.29354249112564
2003-05-22,7.28544578498177
2003-05-23,7.27563158876352
2003-05-24,7.28841935382957
2003-05-25,7.29443763622526
2003-05-26,7.40902149974229
2003-05-27,7.41617829561688
2003-05-28,7.450100232369
2003-05-29,7.45331432704526
2003-05-30,7.46987715460858
2003-05-31,7.48229275296361
2003-06-01,7.48297165666143
2003-06-02,7.49077955690998
2003-06-03,7.48331207854203
2003-06-04,7.49380092987626
2003-06-05,7.60470178407902
2003-06-06,7.62299861351319
2003-06-07,7.65390807717228
2003-06-08,7.70875889490837
2003-06-09,7.72747848739628
2003-06-10,7.73791151848626
2003-06-11,7.71627943703298
2003-06-12,7.75111342258479
2003-06-13,7.78592034294269
2003-06-14,7.81660569576501
2003-06-15,7.83364147743531
2003-06-16,7.86803951293301
2003-06-17,7.90176626526961
2003-06-18,7.92083671756486
2003-06-19,7.92785755820998
2003-06-20,7.95109610136639
2003-06-21,7.94538893127276
2003-06-22,7.94167932430714
2003-06-23,7.95976295817459
2003-06-24,7.92533266100452
2003-06-25,7.91572677110506
2003-06-26,7.90971151192517
2003-06-27,7.90729495461231
2003-06-28,7.8793055329441
2003-06-29,7.87019336258792
2003-06-30,7.87577197699723
2003-07-01,7.8580070016403
2003-07-02,7.85243894087506
2003-07-03,7.85875112573508
2003-07-04,7.83221781375111
2003-07-05,7.82532512498442
2003-07-06,7.75637381968692
2003-07-07,7.7607098287408
2003-07-08,7.75572908424069
2003-07-09,7.87589942318483
2003-07-10,7.87232145049868
2003-07-11,7.86870643991851
2003-07-12,7.8243592500157
2003-07-13,7.79589725872152
2003-07-14,7.77531844188909
2003-07-15,7.75236310573215
2003-07-16,7.67973962077331
2003-07-17,7.66078627760555
2003-07-18,7.60547037745049
2003-07-19,7.67143459440046
2003-07-20,7.68003964719136
2003-07-21,7.6351509545652
2003-07-22,7.59299451683095
2003-07-23,7.5664491243263
2003-07-24,7.54976242656651
2003-07-25,7.49695047900106
2003-07-26,7.47106472156941
2003-07-27,7.4490184544786
2003-07-28,7.42246199911331
2003-07-29,7.40105603905419
2003-07-30,7.38637796400875
2003-07-31,7.40635887836921
2003-08-01,7.40763327617866
2003-08-02,7.40501344423623
2003-08-03,7.42548098323915
2003-08-04,7.41891030825017
2003-08-05,7.43854114395003
2003-08-06,7.43974862432854
2003-08-07,7.43246762481278
2003-08-08,7.44480904894196
2003-08-09,7.45927137513835
2003-08-10,7.44841245892335
2003-08-11,7.45598207033896
2003-08-12,7.45450594917878
2003-08-13,7.46695492830385
2003-08-14,7.47531333492231
2003-08-15,7.49219431843965
2003-08-16,7.4902685875959
2003-08-17,7.47682850784272
2003-08-18,7.46780116890832
2003-08-19,7.46365550206406
2003-08-20,7.46519575147555
2003-08-21,7.45091719684454
2003-08-22,7.45866674570275
2003-08-23,7.50274948275405
2003-08-24,7.51915751407726
2003-08-25,7.52164020640929
2003-08-26,7.52710775058353
2003-08-27,7.51646627481123
2003-08-28,7.5232908615733
2003-08-29,7.5479224866916
2003-08-30,7.55681629837101
2003-08-31,7.55923915191921
2003-09-01,7.56274506497364
2003-09-02,7.5809327264524
2003-09-03,7.60150962779212
2003-09-04,7.60676914857455
2003-09-05,7.60829606221662
2003-09-06,7.61757830302104
2003-09-07,7.61741672057257
2003-09-08,7.60242390606516
2003-09-09,7.60236313810536
2003-09-10,7.6160451631786
2003-09-11,7.61490680446699
2003-09-12,7.61814761032565
2003-09-13,7.61675848293709
2003-09-14,7.57902322335848
2003-09-15,7.56116832185313
2003-09-16,7.43905338959131
2003-09-17,7.43333392069522
2003-09-18,7.43870808902303
2003-09-19,7.4199345513147
2003-09-20,7.39013660401454
2003-09-21,7.38953083281099
2003-09-22,7.37976153779057
2003-09-23,7.34367567192834
2003-09-24,7.32374336538746
2003-09-25,7.43259594597096
2003-09-26,7.45009034594034
2003-09-27,7.46336964088906
2003-09-28,7.45493879864633
2003-09-29,7.46216395572889
2003-09-30,7.49870995715559
2003-10-01,7.49900940075605
2003-10-02,7.55507006417353
2003-10-03,7.54890115732114
2003-10-04,7.55179895054469
2003-10-05,7.5458082881559
2003-10-06,7.5549872188703
2003-10-07,7.57118608506971
2003-10-08,7.57488636970808
2003-10-09,7.60637443245379
2003-10-10,7.63695609312008
2003-10-11,7.69556837513907
2003-10-12,7.69887306055071
2003-10-13,7.7050002055813
2003-10-14,7.75123839982753
2003-10-15,7.73188434571008
2003-10-16,7.66321807005444
2003-10-17,7.62002611464319
2003-10-18,7.55640055766566
2003-10-19,7.33842252541717
2003-10-20,7.33957036666179
2003-10-21,7.32268385546409
2003-10-22,7.33094765620161
2003-10-23,7.19513961959922
2003-10-24,7.17556990063373
2003-10-25,7.25760358915922
2003-10-26,7.11693891148076
2003-10-27,7.00493053777979
2003-10-28,6.91521406332047
2003-10-29,6.87793217755617
2003-10-30,6.81610550238672
2003-10-31,6.65542680609851
2003-11-01,6.58603869952703
2003-11-02,6.43388462779328
2003-11-03,6.15619424153333
2003-11-04,6.11087247425907
2003-11-05,6.17502319092876
2003-11-06,6.1326116902589
2003-11-07,6.18447496045646
2003-11-08,6.24880346630665
2003-11-09,6.23212362588021
2003-11-10,6.15241626919927
2003-11-11,6.03415268839133
2003-11-12,6.02942110828387
2003-11-13,6.12108900436498
2003-11-14,6.09952773969166
2003-11-15,6.00706531358442
2003-11-16,5.95172035229958
2003-11-17,5.87932682917485
2003-11-18,5.78155013792628
2003-11-19,5.7394981919996
2003-11-20,5.65259553151393
2003-11-21,5.4766883281286
2003-11-22,5.41985551989268
2003-11-23,5.31028168507763
2003-11-24,5.12007755113924
2003-11-25,5.04397622117555
2003-11-26,4.94748603968804
2003-11-27,4.89757001607415
2003-11-28,4.89089531409648
2003-11-29,4.86763637977277
2003-11-30,4.88807324483794
2003-12-01,4.87161229349991
2003-12-02,4.8345894861939
2003-12-03,4.71251825319699
2003-12-04,4.69161518518896
2003-12-05,4.70614692398203
2003-12-06,4.71128431021241
2003-12-07,4.52386546582263
2003-12-08,4.49216374026405
2003-12-09,4.51884714954069
2003-12-10,4.53281385536541
2003-12-11,4.56336158563431
2003-12-12,4.54089721071452
2003-12-13,4.56845850569166
2003-12-14,4.57672938643169
2003-12-15,4.61891722503276
2003-12-16,4.61446119475234
2003-12-17,4.61246708368179
2003-12-18,4.68534343141727
2003-12-19,4.82246089419668
2003-12-20,4.92925471087771
2003-12-21,4.89955644607544
2003-12-22,4.87740032803135
2003-12-23,4.80067398571616
2003-12-24,4.87847483369726
2003-12-25,4.89421603117096
2003-12-26,4.89993129429205
2003-12-27,4.8256449077719
2003-12-28,4.73257887815412
2003-12-29,4.72874857441651
2003-12-30,4.70422863006592
2003-12-31,4.68424025822696
2004-01-01,4.56496592010352
2004-01-02,4.56759635909744
2004-01-03,4.57906476088933
2004-01-04,4.4940769962719
2004-01-05,4.4844142473661
2004-01-06,4.51367817355926
2004-01-07,4.45690515798188
2004-01-08,4.46437169779666
2004-01-09,4.45511049996252
2004-01-10,4.42326114670856
2004-01-11,4.492602832206
2004-01-12,4.51566593784817
2004-01-13,4.46484127516485
2004-01-14,4.5480663525637
2004-01-15,4.59773948399328
2004-01-16,4.60966103683681
2004-01-17,4.60615029579756
2004-01-18,4.63838463897741
2004-01-19,4.62227558406856
2004-01-20,4.6304239438516
2004-01-21,4.70723729927679
2004-01-22,4.82250446557639
2004-01-23,4.94291622478653
2004-01-24,5.04731414772757
2004-01-25,5.07940062964433
2004-01-26,5.1561032826244
2004-01-27,5.28369581782981
2004-01-28,5.29030608355123
2004-01-29,5.32606360920853
2004-01-30,5.45484638947522
2004-01-31,5.53076004162363
2004-02-01,5.50832885695929
2004-02-02,5.50621712873787
2004-02-03,5.48159992668996
2004-02-04,5.55480298642992
2004-02-05,5.55715933174234
2004-02-06,5.51438049764214
2004-02-07,5.51316647893614
2004-02-08,5.51112728975355
2004-02-09,5.55855422940031
2004-02-10,5.56594817694606
2004-02-11,5.5448395447758
2004-02-12,5.47976515833454
2004-02-13,5.49585067067314
2004-02-14,5.43317124645633
2004-02-15,5.36682071060093
2004-02-16,5.25860157234237
2004-02-17,5.21916958999812
2004-02-18,5.19555232989727
2004-02-19,5.1684212050686
2004-02-20,5.16222139017329
2004-02-21,5.18435408295103
2004-02-22,5.20333717692816
2004-02-23,5.22905954342115
2004-02-24,5.20823797236357
2004-02-25,5.36227537973129
2004-02-26,5.35087580551827
2004-02-27,5.37990825317519
2004-02-28,5.35900180536641
2004-02-29,5.35951360199555
2004-03-01,5.37815524851976
2004-03-02,5.44751053851385
2004-03-03,5.45921036923729
2004-03-04,5.48059885314782
2004-03-05,5.48532438635091
2004-03-06,5.47687333775261
2004-03-07,5.4729153904623
2004-03-08,5.56084891507279
2004-03-09,5.67411259061628
2004-03-10,5.56508158071216
2004-03-11,5.55819045631093
2004-03-12,5.4904300274577
2004-03-13,5.44724514320333
2004-03-14,5.37532908144912
2004-03-15,5.34704245322698
2004-03-16,5.32402934696632
2004-03-17,5.33790844491548
2004-03-18,5.35296050344418
2004-03-19,5.31036443073106
2004-03-20,5.34272644124775
2004-03-21,5.3159259656371
2004-03-22,5.30053942991947
2004-03-23,5.30143077482418
2004-03-24,5.31636474489402
2004-03-25,5.31134584461211
2004-03-26,5.33847837075575
2004-03-27,5.43323345273331
2004-03-28,5.40417789308138
2004-03-29,5.37114682512257
2004-03-30,5.37726977434476
2004-03-31,5.3781905131455
2004-04-01,5.40091927645003
2004-04-02,5.44265315440534
2004-04-03,5.45575546469436
2004-04-04,5.51480606448594
2004-04-05,5.50197705829341
2004-04-06,5.60929014996313
2004-04-07,5.61635476001259
2004-04-08,5.64339436734597
2004-04-09,5.67248286236951
2004-04-10,5.68068461884445
2004-04-11,5.67540961654472
2004-04-12,5.68894002670873
2004-04-13,5.70291971404301
2004-04-14,5.73297929801047
2004-04-15,5.75832865825565
2004-04-16,5.76752136694231
2004-04-17,5.80006649993451
2004-04-18,5.8373331142209
2004-04-19,5.84446692164167
2004-04-20,5.86179272771394
2004-04-21,5.88440157048033
2004-04-22,5.89103474710717
2004-04-23,5.89443077504307
2004-04-24,5.94380308875787
2004-04-25,5.95150313726115
2004-04-26,5.94445012241761
2004-04-27,5.92634339497666
2004-04-28,5.95103162554177
2004-04-29,6.08874786498299
2004-04-30,6.14593536877035
2004-05-01,6.17094850329313
2004-05-02,6.25195481547655
2004-05-03,6.38183385449764
2004-05-04,6.44913146770106
2004-05-05,6.4539166707053
2004-05-06,6.45270974471536
2004-05-07,6.47152436749305
2004-05-08,6.50408634432978
2004-05-09,6.55139125759738
2004-05-10,6.58429936984553
2004-05-11,6.66481848774534
2004-05-12,6.73614915868922
2004-05-13,6.80008755505002
2004-05-14,6.87826120842619
2004-05-15,6.96153699779188
2004-05-16,7.0107881684307
2004-05-17,7.05355547484423
2004-05-18,7.1068043919455
2004-05-19,7.15941530477292
2004-05-20,7.25659978511375
2004-05-21,7.28304898992617
2004-05-22,7.30984489113681
2004-05-23,7.32982160615946
2004-05-24,7.34532178261334
2004-05-25,7.38204229100591
2004-05-26,7.39210055084155
2004-05-27,7.3614969739113
2004-05-28,7.36903662565844
2004-05-29,7.3523638836865
2004-05-30,7.34753418657623
2004-05-31,7.52158360520916
2004-06-01,7.51710565872948
2004-06-02,7.49948783680853
2004-06-03,7.52358200348259
2004-06-04,7.54085330420165
2004-06-05,7.52317437051421
2004-06-06,7.5116840537019
2004-06-07,7.52232716940224
2004-06-08,7.5196230963156
2004-06-09,7.47019088252325
2004-06-10,7.45358149939746
2004-06-11,7.46281174516207
2004-06-12,7.46863945014742
2004-06-13,7.47310425309252
2004-06-14,7.44380503553194
2004-06-15,7.44276722636036
2004-06-16,7.44007720735826
2004-06-17,7.46779614441188
2004-06-18,7.48592956021603
2004-06-19,7.54882083453546
2004-06-20,7.5650886683424
2004-06-21,7.56941430480433
2004-06-22,7.57676915630699
2004-06-23,7.59373262248654
2004-06-24,7.61859585107344
2004-06-25,7.65517988184107
2004-06-26,7.74917318456055
2004-06-27,7.75867480433943
2004-06-28,7.78436086323494
2004-06-29,7.80293665570338
2004-06-30,7.82410578219667
2004-07-01,7.8327368858552
2004-07-02,7.83798202112286
2004-07-03,7.8361425478324
2004-07-04,7.83436870097098
2004-07-05,7.81231179596668
2004-07-06,7.81561914376283
2004-07-07,7.83065161922887
2004-07-08,7.83258045120428
2004-07-09,7.78015488831755
2004-07-10,7.73836155701112
2004-07-11,7.72156656921428
2004-07-12,7.69687595703499
2004-07-13,7.67520278092116
2004-07-14,7.65180770740506
2004-07-15,7.65296015190384
2004-07-16,7.64921944576847
2004-07-17,7.63435237600708
2004-07-18,7.62515772045029
2004-07-19,7.61172813060802
2004-07-20,7.6133019940225
2004-07-21,7.62390595623547
2004-07-22,7.62784750163069
2004-07-23,7.61909763706314
2004-07-24,7.59929438058819
2004-07-25,7.58415634512852
2004-07-26,7.53183174999635
2004-07-27,7.52883957021271
2004-07-28,7.43475875667553
2004-07-29,7.42966290488121
2004-07-30,7.40794122114444
2004-07-31,7.35963105069168
2004-08-01,7.35902880551326
2004-08-02,7.35157441826429
2004-08-03,7.36085790538535
2004-08-04,7.38907773275457
2004-08-05,7.39497060036779
2004-08-06,7.38959962115875
2004-08-07,7.393733201422
2004-08-08,7.41406554595818
2004-08-09,7.41499327234068
2004-08-10,7.47549604369527
2004-08-11,7.48800300732667
2004-08-12,7.47900355810344
2004-08-13,7.47073325054896
2004-08-14,7.49967109562066
2004-08-15,7.52537238386321
2004-08-16,7.52274102863794
2004-08-17,7.51577159728222
2004-08-18,7.44351540839403
2004-08-19,7.41597074272058
2004-08-20,7.36779349216638
2004-08-21,7.39939045114739
2004-08-22,7.38089589426078
2004-08-23,7.43926684874672
2004-08-24,7.44921560664507
2004-08-25,7.43618288183862
2004-08-26,7.4116288007412
2004-08-27,7.41026493026885
2004-08-28,7.43540597659697
2004-08-29,7.42941504589921
2004-08-30,7.44144351074856
2004-08-31,7.46420974726916
2004-09-01,7.42725413255332
2004-09-02,7.40578407248856
2004-09-03,7.4544611261703
2004-09-04,7.46331047597681
2004-09-05,7.44790537098738
2004-09-06,7.45588348631163
2004-09-07,7.47966114231772
2004-09-08,7.54256505105488
2004-09-09,7.59604055768278
2004-09-10,7.64714990400599
2004-09-11,7.6411207382512
2004-09-12,7.65306743549931
2004-09-13,7.65672126430084
2004-09-14,7.66808893205309
2004-09-15,7.67678990801692
2004-09-16,7.69764672162501
2004-09-17,7.6975894703986
2004-09-18,7.70413386752627
2004-09-19,7.70077476966551
2004-09-20,7.59842194905216
2004-09-21,7.62270389338205
2004-09-22,7.58353551594654
2004-09-23,7.57459650856218
2004-09-24,7.57867506932195
2004-09-25,7.63888563352581
2004-09-26,7.64860034283174
2004-09-27,7.74736000357158
2004-09-28,7.75115759349886
2004-09-29,7.79290998624855
2004-09-30,7.79861447845614
2004-10-01,7.79535612308613
2004-10-02,7.83270149839612
2004-10-03,7.84457317469307
2004-10-04,7.82009646351834
2004-10-05,7.84448744512747
2004-10-06,7.82316897649264
2004-10-07,7.752815216649
2004-10-08,7.79952389552263
2004-10-09,7.79022661762913
2004-10-10,7.77513119389406
2004-10-11,7.76784106793746
2004-10-12,7.77475670979389
2004-10-13,7.77993707121711
2004-10-14,7.79243666410034
2004-10-15,7.74327046897588
2004-10-16,7.74556534019682
2004-10-17,7.72554833061579
2004-10-18,7.63126756734675
2004-10-19,7.54582208109165
2004-10-20,7.53940395539883
2004-10-21,7.51590873093161
2004-10-22,7.33398678311898
2004-10-23,7.27632806575036
2004-10-24,7.13135195737119
2004-10-25,7.04597017755001
2004-10-26,6.95759986034242
2004-10-27,6.76387249853042
2004-10-28,6.730228199877
2004-10-29,6.71518641044732
2004-10-30,6.59117594924028
2004-10-31,6.51551489090311
2004-11-01,6.39561765593552
2004-11-02,6.37855121585007
2004-11-03,6.40072032656983
2004-11-04,6.40570904810303
2004-11-05,6.35814521737333
2004-11-06,6.32759080632749
2004-11-07,6.33203281788681
2004-11-08,6.31515933679683
2004-11-09,6.242810153798
2004-11-10,6.20336892857752
2004-11-11,6.19849470132352
2004-11-12,6.28447928148361
2004-11-13,6.35139932521686
2004-11-14,6.38132748019782
2004-11-15,6.39602892359783
2004-11-16,6.33826397435685
2004-11-17,6.36398801057325
2004-11-18,6.40365811543424
2004-11-19,6.35189175061743
2004-11-20,6.33839406182516
2004-11-21,6.31577318788925
2004-11-22,6.26347052647096
2004-11-23,6.21046016126901
2004-11-24,6.20997640735374
2004-11-25,6.20640238394438
2004-11-26,6.23450589837032
2004-11-27,6.21173191664555
2004-11-28,6.18818102930302
2004-11-29,5.90873630703381
2004-11-30,5.83472745823119
2004-12-01,5.85827440813784
2004-12-02,5.89013489768071
2004-12-03,5.22276571410629
2004-12-04,5.0639066165861
2004-12-05,4.95775539818264
2004-12-06,4.90198298142173
2004-12-07,4.88883862603718
2004-12-08,4.89632106318916
2004-12-09,4.8923138788402
2004-12-10,4.88433791523549
2004-12-11,4.79937013052114
2004-12-12,4.75523305591119
2004-12-13,4.72457173736712
2004-12-14,4.70651309689821
2004-12-15,4.71876211114654
2004-12-16,4.73503249097281
2004-12-17,4.70720531824809
2004-12-18,4.67754421421476
2004-12-19,4.68642525594404
2004-12-20,4.66973944215009
2004-12-21,4.64172662636421
2004-12-22,4.60517307955613
2004-12-23,4.59699678151621
2004-12-24,4.58643290852055
2004-12-25,4.64335715693954
2004-12-26,4.64633524023003
2004-12-27,4.68703059259668
2004-12-28,4.68554429226768
2004-12-29,4.75459288584906
2004-12-30,4.72330757486562
2004-12-31,4.6900696671917
2005-01-01,4.69173393219999
2005-01-02,4.65684562005201
2005-01-03,4.61930800673089
2005-01-04,4.60237675901288
2005-01-05,4.62352980951727
2005-01-06,4.65226930558682
2005-01-07,4.64885007513746
2005-01-08,4.62120226259828
2005-01-09,4.60800633034217
2005-01-10,4.6172989905377
2005-01-11,4.74799141876529
2005-01-12,4.70071814252313
2005-01-13,4.73666714027837
2005-01-14,4.61759243037186
2005-01-15,4.66768277353711
2005-01-16,4.80110365475727
2005-01-17,4.83551502751104
2005-01-18,4.83623611187699
2005-01-19,4.83179555997492
2005-01-20,4.96448916898054
2005-01-21,4.98174419953227
2005-01-22,4.96925383187874
2005-01-23,5.01587168663462
2005-01-24,5.06949230577694
2005-01-25,5.05464321235101
2005-01-26,5.02854721601619
2005-01-27,5.09030487397725
2005-01-28,5.13135533238393
2005-01-29,5.16062804006576
2005-01-30,5.26667255369364
2005-01-31,5.22734904537598
2005-02-01,5.22546283636769
2005-02-02,5.27319141275742
2005-02-03,5.32702457973216
2005-02-04,5.35027297290476
2005-02-05,5.33148238351106
2005-02-06,5.3293270338797
2005-02-07,5.30774304137565
2005-02-08,5.30194580517031
2005-02-09,5.30140908196561
2005-02-10,5.30599693161934
2005-02-11,5.32473133845815
2005-02-12,5.31487406936178
2005-02-13,5.30682989510933
2005-02-14,5.30080241792575
2005-02-15,5.22162735566882
2005-02-16,5.21246306117706
2005-02-17,5.18551490566575
2005-02-18,5.20619674445757
2005-02-19,5.23847641638528
2005-02-20,5.22480056718095
2005-02-21,5.22678171974549
2005-02-22,5.19963596602186
2005-02-23,5.19945433904378
2005-02-24,5.21023213229131
2005-02-25,5.27883485533436
2005-02-26,5.35930487544458
2005-02-27,5.3172229395138
2005-02-28,5.23177522671245
2005-03-01,5.29892660630802
2005-03-02,5.2410045914853
2005-03-03,5.3577209551944
2005-03-04,5.30707363056088
2005-03-05,5.34689860439309
2005-03-06,5.34370600443834
2005-03-07,5.33443400482168
2005-03-08,5.31938348028236
2005-03-09,5.28591622424291
2005-03-10,5.27190791881669
2005-03-11,5.29045491096391
2005-03-12,5.24327167066097
2005-03-13,5.23523090039543
2005-03-14,5.20028844990833
2005-03-15,5.51276037899612
2005-03-16,5.51761429847168
2005-03-17,5.49756025760836
2005-03-18,5.49049469264205
2005-03-19,5.5000029722914
2005-03-20,5.49921664257495
2005-03-21,5.50007826980685
2005-03-22,5.48964208389076
2005-03-23,5.43556860981166
2005-03-24,5.45158707542573
2005-03-25,5.47616345907144
2005-03-26,5.49752220638123
2005-03-27,5.50161542376729
2005-03-28,5.54316910567286
2005-03-29,5.55139305116798
2005-03-30,5.57222663809467
2005-03-31,5.42261677670981
2005-04-01,5.53372139613835
2005-04-02,5.57174524280067
2005-04-03,5.57152159530414
2005-04-04,5.53709691805805
2005-04-05,5.54343256576886
2005-04-06,5.57612848742928
2005-04-07,5.60210860288528
2005-04-08,5.72331597286222
2005-04-09,5.74498459592973
2005-04-10,5.74959617838053
2005-04-11,5.74599160683309
2005-04-12,5.75691513975554
2005-04-13,5.76588219220197
2005-04-14,5.82415375052485
2005-04-15,5.86855133226237
2005-04-16,5.88532262452772
2005-04-17,5.90666672186917
2005-04-18,5.92731597944046
2005-04-19,5.94496424383522
2005-04-20,5.94381293263499
2005-04-21,5.99876785756385
2005-04-22,6.1117802310514
2005-04-23,6.2810651718011
2005-04-24,6.38188479321568
2005-04-25,6.51560584644675
2005-04-26,6.62940566659618
2005-04-27,6.58042009134903
2005-04-28,6.59096876193316
2005-04-29,6.50079492266854
2005-04-30,6.49826953468724
2005-05-01,6.70673716430844
2005-05-02,6.72782533121853
2005-05-03,6.790551150536
2005-05-04,6.80506190798767
2005-05-05,6.82294646311054
2005-05-06,6.85227082448335
2005-05-07,6.87158950101707
2005-05-08,6.88689382907996
2005-05-09,6.89476220713363
2005-05-10,6.96050666348051
2005-05-11,6.99907765260601
2005-05-12,7.04056949318806
2005-05-13,7.1120733387732
2005-05-14,7.1595015977941
2005-05-15,7.21585921590804
2005-05-16,7.25055929071828
2005-05-17,7.28332887035572
2005-05-18,7.31429615264476
2005-05-19,7.34890086253852
2005-05-20,7.36422125913528
2005-05-21,7.40122413126834
2005-05-22,7.3968425385606
2005-05-23,7.4031868432963
2005-05-24,7.39674887258088
2005-05-25,7.53501296828681
2005-05-26,7.55670681524571
2005-05-27,7.61920316443585
2005-05-28,7.62572261050855
2005-05-29,7.62707293096056
2005-05-30,7.63583377634966
2005-05-31,7.64921769732411
2005-06-01,7.66470563932283
2005-06-02,7.68358805208765
2005-06-03,7.68807423426929
2005-06-04,7.67287922685597
2005-06-05,7.66529658067807
2005-06-06,7.68612721287886
2005-06-07,7.70466906927604
2005-06-08,7.71651750763009
2005-06-09,7.71167474548284
2005-06-10,7.67995962694004
2005-06-11,7.66348797869507
2005-06-12,7.64970600143965
2005-06-13,7.64101732185027
2005-06-14,7.69855775946518
2005-06-15,7.70886372091698
2005-06-16,7.7175728312133
2005-06-17,7.72557034865749
2005-06-18,7.73927756594169
2005-06-19,7.75144423751382
2005-06-20,7.82181584530729
2005-06-21,7.83968017457726
2005-06-22,7.85361006584722
2005-06-23,7.88505768804813
2005-06-24,7.88021007780521
2005-06-25,7.87671164086641
2005-06-26,7.86353754715678
2005-06-27,7.85617747508623
2005-06-28,7.8436846987388
2005-06-29,7.8537230661552
2005-06-30,7.81949693032318
2005-07-01,7.81342265924547
2005-07-02,7.83668261361299
2005-07-03,7.82666230223967
2005-07-04,7.83229184401955
2005-07-05,7.80931311877535
2005-07-06,7.77765104971566
2005-07-07,7.74760670906487
2005-07-08,7.73603273186965
2005-07-09,7.70655819294875
2005-07-10,7.66841297776607
2005-07-11,7.67580349686244
2005-07-12,7.6659456699539
2005-07-13,7.69283708949183
2005-07-14,7.70638377143774
2005-07-15,7.72354904314887
2005-07-16,7.73215852133532
2005-07-17,7.67948162940152
2005-07-18,7.656181480996
2005-07-19,7.6801459595592
2005-07-20,7.67485068561862
2005-07-21,7.66044398973261
2005-07-22,7.67268059178037
2005-07-23,7.69767641927476
2005-07-24,7.70351286278373
2005-07-25,7.71073626561982
2005-07-26,7.72401627001454
2005-07-27,7.71245891299778
2005-07-28,7.70781239880633
2005-07-29,7.70415799157062
2005-07-30,7.69783266798403
2005-07-31,7.66335801198466
2005-08-01,7.63259723787345
2005-08-02,7.63488459966368
2005-08-03,7.62780460316706
2005-08-04,7.61659595505641
2005-08-05,7.61485618903546
2005-08-06,7.61166404312657
2005-08-07,7.60169125971472
2005-08-08,7.59085441411864
2005-08-09,7.55943827870505
2005-08-10,7.51604875275643
2005-08-11,7.50698389073951
2005-08-12,7.50912950703771
2005-08-13,7.53717263171251
2005-08-14,7.52982911736983
2005-08-15,7.52015855558588
2005-08-16,7.49005252910786
2005-08-17,7.39944980447031
2005-08-18,7.42975578987907
2005-08-19,7.4391924881044
2005-08-20,7.46479773193691
2005-08-21,7.51760146154222
2005-08-22,7.50841883916164
2005-08-23,7.51804311403059
2005-08-24,7.51867186748803
2005-08-25,7.53529501175317
2005-08-26,7.52042042458789
2005-08-27,7.51910962886742
2005-08-28,7.51518630065189
2005-08-29,7.50899769225366
2005-08-30,7.49908889671859
2005-08-31,7.49250822501822
2005-09-01,7.47148646299313
2005-09-02,7.4616905387314
2005-09-03,7.46621879735347
2005-09-04,7.47226358198645
2005-09-05,7.46908506980731
2005-09-06,7.454496983535
2005-09-07,7.45801976397749
2005-09-08,7.43391184122805
2005-09-09,7.43463057051051
2005-09-10,7.44041989327027
2005-09-11,7.45161059293134
2005-09-12,7.40927435712049
2005-09-13,7.39407130940667
2005-09-14,7.36741839882912
2005-09-15,7.36781936471654
2005-09-16,7.36851227583936
2005-09-17,7.3765795687616
2005-09-18,7.38678797417999
2005-09-19,7.38840951520817
2005-09-20,7.40462922329861
2005-09-21,7.41016822656088
2005-09-22,7.40351020061091
2005-09-23,7.39944503566257
2005-09-24,7.40459062307419
2005-09-25,7.40964095626215
2005-09-26,7.44229686309082
2005-09-27,7.46655131236914
2005-09-28,7.46727294386549
2005-09-29,7.48712718535682
2005-09-30,7.5680907544847
2005-10-01,7.57448346516172
2005-10-02,7.64664632120024
2005-10-03,7.67246096926868
2005-10-04,7.71169414088286
2005-10-05,7.77850932074874
2005-10-06,7.89312358655108
2005-10-07,7.91245542890877
2005-10-08,7.81675696089032
2005-10-09,7.84503921539329
2005-10-10,7.86595567386796
2005-10-11,7.87952947956655
2005-10-12,7.8187364436187
2005-10-13,7.75315899744745
2005-10-14,7.6997281862979
2005-10-15,7.69326020725019
2005-10-16,7.71469424150929
2005-10-17,7.70062147089523
2005-10-18,7.64876820499812
2005-10-19,7.64756983887699
2005-10-20,7.62561582983623
2005-10-21,7.57353243626495
2005-10-22,7.5855754426102
2005-10-23,7.53154660843187
2005-10-24,7.45620258050362
2005-10-25,7.43534653260346
2005-10-26,7.43644744176258
2005-10-27,7.40794678169191
2005-10-28,7.39383989884578
2005-10-29,7.35985689614467
2005-10-30,7.23232332226814
2005-10-31,6.95683314539046
2005-11-01,6.88194678599067
2005-11-02,6.86365208170555
2005-11-03,6.88823299509347
2005-11-04,6.8504062303939
2005-11-05,6.827170499334
2005-11-06,6.69861707829515
2005-11-07,6.59760893550772
2005-11-08,6.60306508260271
2005-11-09,6.57785084605608
2005-11-10,6.59190331971832
2005-11-11,6.3262581581593
2005-11-12,6.13391117662737
2005-11-13,6.09814973025544
2005-11-14,6.00666263901236
2005-11-15,6.03377052130181
2005-11-16,5.98859752897813
2005-11-17,5.85497326815266
2005-11-18,5.75082207997035
2005-11-19,5.60571817968715
2005-11-20,5.61246073755609
2005-11-21,5.53617607875416
2005-11-22,5.47754840048916
2005-11-23,5.33541387791661
2005-11-24,5.28018874344494
2005-11-25,5.19984751506363
2005-11-26,5.11210831642481
2005-11-27,5.1100449932616
2005-11-28,5.31326756804884
2005-11-29,5.28621319247386
2005-11-30,5.2936392487193
2005-12-01,5.22837054567242
2005-12-02,5.18405986133375
2005-12-03,5.1586190306861
2005-12-04,5.15879195843209
2005-12-05,5.09458235170129
2005-12-06,5.04631104435041
2005-12-07,4.99747524453871
2005-12-08,4.89304925161835
2005-12-09,4.88200738326556
2005-12-10,4.88488895755483
2005-12-11,4.84898392591857
2005-12-12,4.87086680717323
2005-12-13,4.88576474398575
2005-12-14,4.58331354857185
2005-12-15,4.63370906834555
2005-12-16,4.65193173386481
2005-12-17,4.62737565065818
2005-12-18,4.66565103672636
2005-12-19,4.68719559819245
2005-12-20,4.68818477114427
2005-12-21,4.76909135431567
2005-12-22,4.77715323429841
2005-12-23,4.80010116670285
2005-12-24,4.89900117573156
2005-12-25,4.93112612784042
2005-12-26,4.96869238896852
2005-12-27,4.95162432188434
2005-12-28,5.0096558464898
2005-12-29,5.01235030743401
2005-12-30,4.88562854261499
2005-12-31,4.90759402852488
2006-01-01,4.92240591076442
2006-01-02,4.9391114539164
2006-01-03,4.93950462168958
2006-01-04,4.92457811198729
2006-01-05,4.94518850697608
2006-01-06,4.94025674497107
2006-01-07,4.92749214812023
2006-01-08,4.9404878568397
2006-01-09,4.87164920316471
2006-01-10,4.8726293161154
2006-01-11,4.89163288741006
2006-01-12,4.7551961190327
2006-01-13,4.81456626652975
2006-01-14,4.79447627175692
2006-01-15,4.87278236881379
2006-01-16,4.75387050451919
2006-01-17,4.81893048338561
2006-01-18,4.89034945441009
2006-01-19,4.92351878998418
2006-01-20,4.9275015651348
2006-01-21,4.91228440387227
2006-01-22,4.95540923072105
2006-01-23,4.95318049453231
2006-01-24,4.9831953606638
2006-01-25,5.17091399441859
2006-01-26,5.18859466004264
2006-01-27,5.24056565838245
2006-01-28,5.28056187825399
2006-01-29,5.30858132041444
2006-01-30,5.27553819099034
2006-01-31,5.32685358804519
2006-02-01,5.34342173236551
2006-02-02,5.2475419352785
2006-02-03,5.28169531341091
2006-02-04,5.30599095685717
2006-02-05,5.41336510733325
2006-02-06,5.45331581538427
2006-02-07,5.47188931140971
2006-02-08,5.50403438786892
2006-02-09,5.59613245865576
2006-02-10,5.53797733929008
2006-02-11,5.58378338655029
2006-02-12,5.53807982856774
2006-02-13,5.58920555247045
2006-02-14,5.59117577595154
2006-02-15,5.64926018821194
2006-02-16,5.72088150041945
2006-02-17,5.70644999281297
2006-02-18,5.75540265776633
2006-02-19,5.74510889790886
2006-02-20,5.75779545968172
2006-02-21,5.71804822695921
2006-02-22,5.64191777839302
2006-02-23,5.57934515143348
2006-02-24,5.60114910158634
2006-02-25,5.52964579499424
2006-02-26,5.52548961444525
2006-02-27,5.47200976335719
2006-02-28,5.58296458559173
2006-03-01,5.5307397163939
2006-03-02,5.48068473818538
2006-03-03,5.38798696546642
2006-03-04,5.29586744370749
2006-03-05,5.44772289648354
2006-03-06,5.666126716754
2006-03-07,5.70500819549787
2006-03-08,5.69536611248203
2006-03-09,5.7770329152602
2006-03-10,5.83981288574576
2006-03-11,5.86794885288312
2006-03-12,5.83800892745742
2006-03-13,5.87668045292955
2006-03-14,5.89861766691028
2006-03-15,6.01098503895291
2006-03-16,5.97630999994617
2006-03-17,5.98762902624367
2006-03-18,5.99204670155155
2006-03-19,6.02138292235303
2006-03-20,6.03348093914989
2006-03-21,5.91098314589531
2006-03-22,5.90641440031771
2006-03-23,5.91246296046581
2006-03-24,5.94240466847118
2006-03-25,5.9191064740229
2006-03-26,5.92069548084665
2006-03-27,5.88851928963036
2006-03-28,5.92474864895527
2006-03-29,5.92773848337762
2006-03-30,5.91356677368598
2006-03-31,5.89375117568937
2006-04-01,5.85962710996228
2006-04-02,5.83163193502601
2006-04-03,5.78795148963485
2006-04-04,5.7968930178379
2006-04-05,5.7779474099753
2006-04-06,5.82870047036657
2006-04-07,5.82491851108053
2006-04-08,5.8611914631966
2006-04-09,5.87446056308615
2006-04-10,5.87721889831379
2006-04-11,5.8712660716317
2006-04-12,5.91665460294946
2006-04-13,5.93140391789917
2006-04-14,5.87978674782205
2006-04-15,5.81645863029123
2006-04-16,5.79646978208361
2006-04-17,5.80822397429338
2006-04-18,5.82441810004507
2006-04-19,5.84763089873657
2006-04-20,5.86255165166879
2006-04-21,5.88083447897882
2006-04-22,5.89236740667506
2006-04-23,5.91728168512428
2006-04-24,5.92162946861172
2006-04-25,5.92355548195193
2006-04-26,5.94097173694984
2006-04-27,5.95183663895202
2006-04-28,5.95827904528465
2006-04-29,5.96876777940897
2006-04-30,6.00787369598382
2006-05-01,6.11561775526103
2006-05-02,6.12702730320556
2006-05-03,6.16142716312675
2006-05-04,6.20678522791503
2006-05-05,6.20157159724961
2006-05-06,6.20472324468865
2006-05-07,6.23722612053152
2006-05-08,6.31135734935575
2006-05-09,6.44180540408219
2006-05-10,6.52026236005524
2006-05-11,6.59036273447107
2006-05-12,6.6850853767911
2006-05-13,6.76759642206314
2006-05-14,6.83204893661931
2006-05-15,6.93368930216126
2006-05-16,6.94760998164068
2006-05-17,6.98537493636753
2006-05-18,6.96890024859296
2006-05-19,6.99791252676188
2006-05-20,7.09175694247406
2006-05-21,7.19348091705201
2006-05-22,7.29347808376745
2006-05-23,7.30285374060178
2006-05-24,7.33384590642676
2006-05-25,7.34711211199557
2006-05-26,7.35122754561953
2006-05-27,7.34375286854355
2006-05-28,7.32214308504509
2006-05-29,7.31192006409836
2006-05-30,7.35459712360919
2006-05-31,7.32842176495485
2006-06-01,7.3238107867876
2006-06-02,7.33308966097942
2006-06-03,7.3341674287293
2006-06-04,7.33853664417946
2006-06-05,7.35510821140756
2006-06-06,7.33695071954343
2006-06-07,7.34780809252885
2006-06-08,7.49821505823493
2006-06-09,7.64892269416909
2006-06-10,7.71261948936038
2006-06-11,7.71871229136962
2006-06-12,7.69348416003844
2006-06-13,7.69617205202816
2006-06-14,7.69791019721727
2006-06-15,7.70606899505781
2006-06-16,7.69808427294587
2006-06-17,7.7113867028258
2006-06-18,7.7041720263703
2006-06-19,7.7025115584161
2006-06-20,7.71127506988489
2006-06-21,7.73031372928075
2006-06-22,7.72998003896643
2006-06-23,7.75798648324332
2006-06-24,7.72405350064142
2006-06-25,7.69459829809729
2006-06-26,7.67595933934176
2006-06-27,7.70032009525635
2006-06-28,7.72969035218317
2006-06-29,7.73039944903019
2006-06-30,7.72700257283762
2006-07-01,7.72769847165244
2006-07-02,7.75343812209911
2006-07-03,7.77373544828092
2006-07-04,7.8275552485122
2006-07-05,7.82559702462946
2006-07-06,7.8294581376077
2006-07-07,7.83401508909016
2006-07-08,7.84805724786773
2006-07-09,7.83137068125722
2006-07-10,7.78899414102213
2006-07-11,7.81310086680252
2006-07-12,7.80399475983895
2006-07-13,7.8059548963366
2006-07-14,7.79130003224176
2006-07-15,7.78363186125858
2006-07-16,7.76522103741697
2006-07-17,7.73896743328752
2006-07-18,7.72702612748167
2006-07-19,7.68830408965651
2006-07-20,7.63436331211251
2006-07-21,7.63076925521872
2006-07-22,7.60535525918609
2006-07-23,7.5847254900786
2006-07-24,7.56226936888772
2006-07-25,7.48944143328775
2006-07-26,7.4737754315855
2006-07-27,7.45725726770011
2006-07-28,7.34111740013489
2006-07-29,7.11447594394203
2006-07-30,6.98046900787888
2006-07-31,6.92502528538615
2006-08-01,6.75892296877937
2006-08-02,6.83668514229786
2006-08-03,7.33758787322675
2006-08-04,7.46338416247185
2006-08-05,7.47413788576329
2006-08-06,7.46338124440435
2006-08-07,7.46688156777036
2006-08-08,7.47431260958749
2006-08-09,7.45516537313479
2006-08-10,7.43921308535883
2006-08-11,7.45426850258971
2006-08-12,7.43188090373801
2006-08-13,7.43339815636505
2006-08-14,7.43690747976536
2006-08-15,7.44031662645168
2006-08-16,7.45723390444764
2006-08-17,7.47922140053501
2006-08-18,7.49247106919872
2006-08-19,7.49945804514667
2006-08-20,7.51221171903635
2006-08-21,7.55552717520393
2006-08-22,7.55397590890129
2006-08-23,7.54377880719381
2006-08-24,7.52814458623582
2006-08-25,7.55213242170107
2006-08-26,7.59808414752295
2006-08-27,7.68611572054798
2006-08-28,7.70724214866067
2006-08-29,7.71234433335392
2006-08-30,7.71032613698977
2006-08-31,7.70329258443992
2006-09-01,7.69992405973149
2006-09-02,7.67253930857156
2006-09-03,7.71415027020373
2006-09-04,7.69549912036813
2006-09-05,7.67955174830941
2006-09-06,7.66283938714091
2006-09-07,7.59621646378399
2006-09-08,7.5750666989022
2006-09-09,7.58108901062459
2006-09-10,7.59105619677023
2006-09-11,7.58198079150594
2006-09-12,7.61308127291789
2006-09-13,7.48895587022686
2006-09-14,7.52819774946808
2006-09-15,7.54629515229155
2006-09-16,7.53696287876504
2006-09-17,7.5445158302678
2006-09-18,7.50928741873593
2006-09-19,7.48103725369737
2006-09-20,7.52618964642802
2006-09-21,7.54213249812818
2006-09-22,7.63262650589768
2006-09-23,7.62972980706179
2006-09-24,7.66848576120778
2006-09-25,7.65546759332301
2006-09-26,7.67036221848835
2006-09-27,7.69483730941839
2006-09-28,7.711133376981
2006-09-29,7.72371343144296
2006-09-30,7.73610375044812
2006-10-01,7.74891578411253
2006-10-02,7.79881351504132
2006-10-03,7.83509132745119
2006-10-04,7.87657618078128
2006-10-05,7.84893883572804
2006-10-06,7.7716610136048
2006-10-07,7.74429558112941
2006-10-08,7.62351760589111
2006-10-09,7.62879332291764
2006-10-10,7.51484551541909
2006-10-11,7.48563672535882
2006-10-12,7.46826619309623
2006-10-13,7.40107249469263
2006-10-14,7.31762526986953
2006-10-15,7.33424933779241
2006-10-16,7.29983031878314
2006-10-17,7.22680154347555
2006-10-18,7.20854413008902
2006-10-19,7.18447946166939
2006-10-20,7.14824277755843
2006-10-21,6.94136066747926
2006-10-22,6.87103453263021
2006-10-23,6.68461152477793
2006-10-24,6.59229831718516
2006-10-25,6.62824126997665
2006-10-26,6.66819653800819
2006-10-27,6.59844055205017
2006-10-28,6.58121726530805
2006-10-29,6.54610285328677
2006-10-30,6.59680002711349
2006-10-31,6.62259245357597
2006-11-01,6.61514182858006
2006-11-02,6.56134926031975
2006-11-03,6.56017768039346
2006-11-04,6.68512501669865
2006-11-05,6.60358945878403
2006-11-06,6.55213295812555
2006-11-07,6.56986530205353
2006-11-08,6.51684653079216
2006-11-09,6.42679498738425
2006-11-10,6.48131735960196
2006-11-11,6.43774385638773
2006-11-12,6.48219644718728
2006-11-13,6.38539530726799
2006-11-14,6.315215914874
2006-11-15,6.19606142045997
2006-11-16,6.02210716567349
2006-11-17,5.90127183019238
2006-11-18,5.77974642459736
2006-11-19,5.70355509665133
2006-11-20,5.61550068714954
2006-11-21,5.57977313757826
2006-11-22,5.53624869317998
2006-11-23,5.43785795034168
2006-11-24,5.3516575534997
2006-11-25,5.33036384703571
2006-11-26,5.1850330343166
2006-11-27,5.02667893697341
2006-11-28,4.88994871915513
2006-11-29,4.83279875401117
2006-11-30,4.82163158245019
2006-12-01,4.82535468785182
2006-12-02,4.82252841471456
2006-12-03,4.77266687389808
2006-12-04,4.79766941058881
2006-12-05,4.77670572133177
2006-12-06,4.78022506606365
2006-12-07,4.79964746580316
2006-12-08,4.79366320499613
2006-12-09,4.77527284428041
2006-12-10,4.77399162929132
2006-12-11,4.75794513052402
2006-12-12,4.67316867672291
2006-12-13,4.68104155868145
2006-12-14,4.67744872031219
2006-12-15,4.68404805605481
2006-12-16,4.68785007442045
2006-12-17,4.81027576331916
2006-12-18,4.81660193367734
2006-12-19,4.84235888882568
2006-12-20,4.85917564167231
2006-12-21,4.82839228682322
2006-12-22,4.80090747533955
2006-12-23,4.77046011961423
2006-12-24,4.79761079701315
2006-12-25,4.83297358274727
2006-12-26,4.82299788258436
2006-12-27,4.81325304587156
2006-12-28,4.79503742550825
2006-12-29,4.78092272569745
2006-12-30,4.80337619826479
2006-12-31,4.80651979124285
2007-01-01,4.77542405848601
2007-01-02,4.73544646609238
2007-01-03,4.72644334354401
2007-01-04,4.69804806939001
2007-01-05,4.648895218791
2007-01-06,4.6089187560119
2007-01-07,4.59335983774673
2007-01-08,4.60009175743221
2007-01-09,4.59416304145246
2007-01-10,4.57415709511645
2007-01-11,4.53767529869891
2007-01-12,4.53318052641566
2007-01-13,4.49207659866525
2007-01-14,4.54167982583707
2007-01-15,4.59151874470036
2007-01-16,4.56519787840155
2007-01-17,4.73434896367493
2007-01-18,4.77808124449586
2007-01-19,4.76564430777174
2007-01-20,4.79389323106109
2007-01-21,4.71738498928382
2007-01-22,4.73972819381769
2007-01-23,4.82629310182783
2007-01-24,4.83612386054964
2007-01-25,4.87503536428724
2007-01-26,4.85434306961504
2007-01-27,4.91252399999619
2007-01-28,4.93986269027664
2007-01-29,4.95028376587469
2007-01-30,5.02723793083415
2007-01-31,5.09815850160752
2007-02-01,5.18838267950414
2007-02-02,5.17350766775029
2007-02-03,5.18693946376158
2007-02-04,5.20647385113653
2007-02-05,5.15384578661843
2007-02-06,5.32693355728232
2007-02-07,5.31198863721649
2007-02-08,5.26406331464398
2007-02-09,5.3013243077252
2007-02-10,5.30329411541218
2007-02-11,5.34605657905989
2007-02-12,5.29421007305145
2007-02-13,5.35211029248805
2007-02-14,5.34751596427004
2007-02-15,5.29708909028017
2007-02-16,5.22712173604254
2007-02-17,5.25458660100157
2007-02-18,5.23179934513772
2007-02-19,5.21715666881886
2007-02-20,5.22259121315368
2007-02-21,5.20137287014395
2007-02-22,5.20653658206514
2007-02-23,5.17665846496092
2007-02-24,5.16377507293929
2007-02-25,5.18062987893495
2007-02-26,5.1636329174903
2007-02-27,5.32716974220165
2007-02-28,5.32735886743349
2007-03-01,5.32525749379792
2007-03-02,5.35419309649965
2007-03-03,5.46836835309673
2007-03-04,5.50694145029664
2007-03-05,5.49127867646222
2007-03-06,5.45325438340638
2007-03-07,5.45235167853306
2007-03-08,5.4553972649326
2007-03-09,5.49574097857325
2007-03-10,5.45535808099445
2007-03-11,5.45151006633255
2007-03-12,5.48672851773672
2007-03-13,5.51028322476365
2007-03-14,5.55481730152144
2007-03-15,5.73858096893697
2007-03-16,5.77555900449827
2007-03-17,5.74560868068919
2007-03-18,5.71425256049974
2007-03-19,5.54634696232133
2007-03-20,5.45883007696487
2007-03-21,5.4260370969607
2007-03-22,5.44081447466016
2007-03-23,5.45358743246276
2007-03-24,5.71771308982015
2007-03-25,5.84858235724393
2007-03-26,5.80840849777763
2007-03-27,5.76680006237848
2007-03-28,5.75634586612938
2007-03-29,5.75391053690855
2007-03-30,5.64210441697882
2007-03-31,5.64254120941205
2007-04-01,5.65262193413962
2007-04-02,5.65169714561292
2007-04-03,5.6669620184564
2007-04-04,5.69489297645185
2007-04-05,5.71980085509519
2007-04-06,5.74053660607139
2007-04-07,5.75736783581053
2007-04-08,5.76254905623254
2007-04-09,5.77301614208043
2007-04-10,5.79376822293966
2007-04-11,5.82180700334477
2007-04-12,5.84504270726496
2007-04-13,5.86108788571966
2007-04-14,5.89163819645029
2007-04-15,5.92939280781954
2007-04-16,5.97496946148359
2007-04-17,6.01970845096796
2007-04-18,6.07431537785535
2007-04-19,6.12313912013885
2007-04-20,6.17676193046392
2007-04-21,6.27717883622202
2007-04-22,6.33550511918894
2007-04-23,6.38736601803748
2007-04-24,6.46513360699945
2007-04-25,6.52114313082661
2007-04-26,6.56016651234258
2007-04-27,6.61557135132374
2007-04-28,6.70529901471737
2007-04-29,6.78986188401216
2007-04-30,6.96842427119532
2007-05-01,7.03049864013178
2007-05-02,7.1013464019526
2007-05-03,7.07104358821114
2007-05-04,7.12861747880837
2007-05-05,7.24546003175499
2007-05-06,7.26452462808374
2007-05-07,7.2803364578011
2007-05-08,7.27482896023031
2007-05-09,7.29437475347278
2007-05-10,7.31952187291711
2007-05-11,7.31412285052306
2007-05-12,7.41461359636149
2007-05-13,7.43297067373879
2007-05-14,7.48059143955088
2007-05-15,7.49800467442222
2007-05-16,7.497170061447
2007-05-17,7.48725274296635
2007-05-18,7.511943215958
2007-05-19,7.52193284566995
2007-05-20,7.49726095658216
2007-05-21,7.49615817566574
2007-05-22,7.52442296006023
2007-05-23,7.55842758736932
2007-05-24,7.61870993196167
2007-05-25,7.62514700102945
2007-05-26,7.83115924064577
2007-05-27,7.84726747537286
2007-05-28,7.83924893236034
2007-05-29,7.84249731338451
2007-05-30,7.80748388436991
2007-05-31,7.8825268692028
2007-06-01,7.86559651107189
2007-06-02,7.88634843109519
2007-06-03,7.8884370928085
2007-06-04,7.87714706327543
2007-06-05,7.87457414579952
2007-06-06,7.8970371720983
2007-06-07,8.07044871166072
2007-06-08,8.15544376528495
2007-06-09,8.14292027755872
2007-06-10,8.14241899610411
2007-06-11,8.1233628845792
2007-06-12,8.12731992403574
2007-06-13,8.17864576005468
2007-06-14,8.17438257514512
2007-06-15,8.16745267140407
2007-06-16,8.16455118176506
2007-06-17,8.17116278417897
2007-06-18,8.15181992413511
2007-06-19,8.15080835044246
2007-06-20,8.15489855793932
2007-06-21,8.14631791630486
2007-06-22,8.14603235878472
2007-06-23,8.12304838389339
2007-06-24,8.09804962186247
2007-06-25,8.08698310931551
2007-06-26,8.06903891721526
2007-06-27,8.0212258878189
2007-06-28,7.96946918632829
2007-06-29,7.88326550068208
2007-06-30,7.82409042717329
2007-07-01,7.81719273379538
2007-07-02,7.80107216412265
2007-07-03,7.79096335549429
2007-07-04,7.78662940844364
2007-07-05,7.7715391271779
2007-07-06,7.76484954040298
2007-07-07,7.75196861614499
2007-07-08,7.74887644557406
2007-07-09,7.74534878888787
2007-07-10,7.74094927630536
2007-07-11,7.73938485706734
2007-07-12,7.73747366784069
2007-07-13,7.75447775915431
2007-07-14,7.78423366481067
2007-07-15,7.82818332213333
2007-07-16,7.8783093954913
2007-07-17,7.88822648701082
2007-07-18,7.88226749684749
2007-07-19,7.89712709008944
2007-07-20,7.89681014002069
2007-07-21,7.89964855158618
2007-07-22,7.88751172159922
2007-07-23,7.90211842697568
2007-07-24,7.91078183313163
2007-07-25,7.89325888790216
2007-07-26,7.8682519703165
2007-07-27,7.86493964828673
2007-07-28,7.85752683387987
2007-07-29,7.86085110770637
2007-07-30,7.86857733043652
2007-07-31,7.85285920200013
2007-08-01,7.84493445091422
2007-08-02,7.84172495847596
2007-08-03,7.82549223597253
2007-08-04,7.81324364792447
2007-08-05,7.79276369318241
2007-08-06,7.77981572425437
2007-08-07,7.78149583164575
2007-08-08,7.75437619532236
2007-08-09,7.71038971041722
2007-08-10,7.62316254836985
2007-08-11,7.63615793903669
2007-08-12,7.73104412031188
2007-08-13,7.71673839425374
2007-08-14,7.72404497304964
2007-08-15,7.70012892730607
2007-08-16,7.70314329760686
2007-08-17,7.70440286968686
2007-08-18,7.69430640878733
2007-08-19,7.70660967475848
2007-08-20,7.71204224537514
2007-08-21,7.72446297742057
2007-08-22,7.73936112740971
2007-08-23,7.76508027389268
2007-08-24,7.77793105862295
2007-08-25,7.77987082148948
2007-08-26,7.79123050955417
2007-08-27,7.76563702197054
2007-08-28,7.77364264093363
2007-08-29,7.76796833488024
2007-08-30,7.7360900159733
2007-08-31,7.72854094640827
2007-09-01,7.72179337862393
2007-09-02,7.70794806455161
2007-09-03,7.69348932832339
2007-09-04,7.67844009248534
2007-09-05,7.67839219408032
2007-09-06,7.68786688188924
2007-09-07,7.65610380265474
2007-09-08,7.63826527868814
2007-09-09,7.64986655278153
2007-09-10,7.65266252524395
2007-09-11,7.65037793309464
2007-09-12,7.64387225873942
2007-09-13,7.59570423497063
2007-09-14,7.53784366619198
2007-09-15,7.54158848753449
2007-09-16,7.47145266897863
2007-09-17,7.47698050369794
2007-09-18,7.51873042148771
2007-09-19,7.51173729173579
2007-09-20,7.52649511848477
2007-09-21,7.50661624043364
2007-09-22,7.55059720308642
2007-09-23,7.61000009888024
2007-09-24,7.62528772471864
2007-09-25,7.64183681273646
2007-09-26,7.65867132296882
2007-09-27,7.6595602485358
2007-09-28,7.65280153591311
2007-09-29,7.66852955832088
2007-09-30,7.65715727876867
2007-10-01,7.67651904505148
2007-10-02,7.67993992278779
2007-10-03,7.67790668059483
2007-10-04,7.65370338098279
2007-10-05,7.57736471386934
2007-10-06,7.51384807407833
2007-10-07,7.49709770196071
2007-10-08,7.59345776967858
2007-10-09,7.59208042654294
2007-10-10,7.59733042132639
2007-10-11,7.59235588565913
2007-10-12,7.66757805978762
2007-10-13,7.69956862862188
2007-10-14,7.72377916122546
2007-10-15,7.72619456842908
2007-10-16,7.72583796986334
2007-10-17,7.7245787318094
2007-10-18,7.66513382532687
2007-10-19,7.58534761796768
2007-10-20,7.59131511975193
2007-10-21,7.75193867755001
2007-10-22,7.91767815499476
2007-10-23,8.0111734906163
2007-10-24,7.52949471699567
2007-10-25,7.56953740634832
2007-10-26,7.65511599578043
2007-10-27,7.65219534626519
2007-10-28,7.44558764476052
2007-10-29,7.34506302828313
2007-10-30,7.25637860202453
2007-10-31,7.25310004631243
2007-11-01,7.25201276781907
2007-11-02,7.251849530649
2007-11-03,7.25290067988396
2007-11-04,7.25985920556002
2007-11-05,7.18461507737658
2007-11-06,7.19200210292276
2007-11-07,7.22755483292044
2007-11-08,7.22341144975853
2007-11-09,7.13063402288621
2007-11-10,6.75465581045106
2007-11-11,6.66195531862608
2007-11-12,6.57215780470492
2007-11-13,6.52807060358817
2007-11-14,6.43129754737958
2007-11-15,6.39508689013801
2007-11-16,6.3326522306251
2007-11-17,6.209547069693
2007-11-18,6.09910433455422
2007-11-19,5.88271820116028
2007-11-20,5.70682166788917
2007-11-21,5.7320793804841
2007-11-22,5.66813894014595
2007-11-23,5.42459478492158
2007-11-24,5.17250285702405
2007-11-25,5.01036410562984
2007-11-26,4.98151631580025
2007-11-27,4.93694922251159
2007-11-28,4.91348094960865
2007-11-29,4.81976322920608
2007-11-30,4.81976457929094
2007-12-01,4.76311569586749
2007-12-02,4.74876526346903
2007-12-03,4.74011773941208
2007-12-04,4.72645513634109
2007-12-05,4.75701243774785
2007-12-06,4.78327325242378
2007-12-07,4.81816332833944
2007-12-08,4.87305396321039
2007-12-09,4.85781359747286
2007-12-10,4.88679292983534
2007-12-11,4.91725214180129
2007-12-12,4.92337126566051
2007-12-13,4.93229160838194
2007-12-14,4.94951963936693
2007-12-15,4.79330566497314
2007-12-16,4.78267695797676
2007-12-17,4.76589132974733
2007-12-18,4.6361756661359
2007-12-19,4.84756693549936
2007-12-20,4.89270257502286
2007-12-21,4.85551588419572
2007-12-22,4.87419244682088
2007-12-23,4.94204082788137
2007-12-24,4.90927013619852
2007-12-25,4.84703090345817
2007-12-26,4.82867370648818
2007-12-27,4.80787252503843
2007-12-28,4.77419110078078
2007-12-29,4.74689094483013
2007-12-30,4.7680049449915
2007-12-31,4.69055986811972
2008-01-01,4.70517549835333
2008-01-02,4.66811081492587
2008-01-03,4.64787526343896
2008-01-04,4.53922945684638
2008-01-05,4.58360418897089
2008-01-06,4.5330842640383
2008-01-07,4.53636839326053
2008-01-08,4.47927605619944
2008-01-09,4.48013215995243
2008-01-10,4.43750509578786
2008-01-11,4.42370571202284
2008-01-12,4.45917393636571
2008-01-13,4.44099596089882
2008-01-14,4.43714972633959
2008-01-15,4.43182326390359
2008-01-16,4.44903008888572
2008-01-17,4.43739830686398
2008-01-18,4.47959443349625
2008-01-19,4.49289525914638
2008-01-20,4.59893721254542
2008-01-21,4.5937909910998
2008-01-22,4.67547213186603
2008-01-23,4.75752834010746
2008-01-24,4.77701095068285
2008-01-25,4.86741920584572
2008-01-26,4.96348840894169
2008-01-27,5.07618425011679
2008-01-28,5.14038581592967
2008-01-29,5.20836133142312
2008-01-30,5.27619456067028
2008-01-31,5.33609013973982
2008-02-01,5.37335154952485
2008-02-02,5.43804748132913
2008-02-03,5.43624909970088
2008-02-04,5.45399158628765
2008-02-05,5.42160269706659
2008-02-06,5.397737516897
2008-02-07,5.39816237241258
2008-02-08,5.37844161278177
2008-02-09,5.33700607721825
2008-02-10,5.34010075062382
2008-02-11,5.25532196043865
2008-02-12,5.24942440747111
2008-02-13,5.24169334892667
2008-02-14,5.15929298369467
2008-02-15,5.11789193206392
2008-02-16,5.08024298199959
2008-02-17,5.0526336665882
2008-02-18,5.15759358396169
2008-02-19,5.27442968755271
2008-02-20,5.24713350483174
2008-02-21,5.34191051348964
2008-02-22,5.35932820607947
2008-02-23,5.34974458824624
2008-02-24,5.3490994713812
2008-02-25,5.35886793869321
2008-02-26,5.31832288694342
2008-02-27,5.30578952625662
2008-02-28,5.26806225671737
2008-02-29,5.36470108339143
2008-03-01,5.45001163223446
2008-03-02,5.24325556601248
2008-03-03,5.34230405668189
2008-03-04,5.55187751841364
2008-03-05,5.49920194975806
2008-03-06,5.4213465316026
2008-03-07,5.45127082832659
2008-03-08,5.47492113153136
2008-03-09,5.48361002904676
2008-03-10,5.45370432577872
2008-03-11,5.44079032355404
2008-03-12,5.46118398957401
2008-03-13,5.49028838436873
2008-03-14,5.41270370309278
2008-03-15,5.55515280392084
2008-03-16,5.50670247370811
2008-03-17,5.33291476919339
2008-03-18,5.35153614570366
2008-03-19,5.38806062922844
2008-03-20,5.48831830645775
2008-03-21,5.58937214579665
2008-03-22,5.62123155771436
2008-03-23,5.6170996972017
2008-03-24,5.61232377551572
2008-03-25,5.62339529131729
2008-03-26,5.63215097929748
2008-03-27,5.64577728125413
2008-03-28,5.65911928768806
2008-03-29,5.65617008923654
2008-03-30,5.65011197942491
2008-03-31,5.6550559185231
2008-04-01,5.66773751721566
2008-04-02,5.6835849578718
2008-04-03,5.69633473022499
2008-04-04,5.70459778552176
2008-04-05,5.70966077704235
2008-04-06,5.70942330708141
2008-04-07,5.73211322003699
2008-04-08,5.73808780037497
2008-04-09,5.72026315934099
2008-04-10,5.73923883899377
2008-04-11,5.62630526371041
2008-04-12,5.55920358106779
2008-04-13,5.64082852597765
2008-04-14,5.68113946391269
2008-04-15,5.75461788641082
2008-04-16,5.77113462819331
2008-04-17,5.82278675158814
2008-04-18,5.83132096699731
2008-04-19,5.85596556395246
2008-04-20,5.88908391410318
2008-04-21,5.92353471134927
2008-04-22,5.95027855708356
2008-04-23,5.96450271344066
2008-04-24,5.98814280346813
2008-04-25,6.01075820993356
2008-04-26,6.04803563289838
2008-04-27,6.08652317590714
2008-04-28,6.14453254098846
2008-04-29,6.20375959218578
2008-04-30,6.28032063453966
2008-05-01,6.36493121972454
2008-05-02,6.44429589774101
2008-05-03,6.49783124343176
2008-05-04,6.55369440333833
2008-05-05,6.60529567230282
2008-05-06,6.65618477123327
2008-05-07,6.74802880080882
2008-05-08,6.81744864036434
2008-05-09,6.86062346885204
2008-05-10,6.91123991801389
2008-05-11,6.98964504671946
2008-05-12,7.07734460551731
2008-05-13,7.15685653535608
2008-05-14,7.21555721779995
2008-05-15,7.27279498858421
2008-05-16,7.29659298728101
2008-05-17,7.32230825436429
2008-05-18,7.34844457783318
2008-05-19,7.34121812081609
2008-05-20,7.36423835954289
2008-05-21,7.36579805029281
2008-05-22,7.37953821665184
2008-05-23,7.37470065630611
2008-05-24,7.37414483776958
2008-05-25,7.34932567258627
2008-05-26,7.34944067450157
2008-05-27,7.34457550234994
2008-05-28,7.35369125548962
2008-05-29,7.44272461871979
2008-05-30,7.54024048452326
2008-05-31,7.57395082186837
2008-06-01,7.57351824690231
2008-06-02,7.60168764649469
2008-06-03,7.625479266725
2008-06-04,7.65517661012046
2008-06-05,7.69286729372592
2008-06-06,7.69698177401085
2008-06-07,7.72460984814587
2008-06-08,7.71347782403509
2008-06-09,7.80815877334655
2008-06-10,7.83767545928511
2008-06-11,7.89663896604165
2008-06-12,7.87716244201291
2008-06-13,7.87657861404191
2008-06-14,7.85784418299441
2008-06-15,7.85255531215071
2008-06-16,7.89595799238377
2008-06-17,7.91446045294982
2008-06-18,7.9309563998344
2008-06-19,7.94221642841564
2008-06-20,7.9323011062273
2008-06-21,7.94114131302765
2008-06-22,7.95978941381268
2008-06-23,7.95449561243568
2008-06-24,7.97278004832033
2008-06-25,7.98153201497077
2008-06-26,7.9746620213636
2008-06-27,7.94823275206265
2008-06-28,7.95719086316609
2008-06-29,7.95280040096738
2008-06-30,7.93722988923887
2008-07-01,7.93291922519105
2008-07-02,7.92358202658054
2008-07-03,7.92260445181345
2008-07-04,7.92706083026339
2008-07-05,7.92718668660881
2008-07-06,7.92274361681023
2008-07-07,7.91434314889916
2008-07-08,7.91943012820621
2008-07-09,7.93141715332915
2008-07-10,7.91413714706995
2008-07-11,7.84382075583454
2008-07-12,7.83718078268179
2008-07-13,7.84377240322683
2008-07-14,7.8319297798714
2008-07-15,7.806004521059
2008-07-16,7.76809250737181
2008-07-17,7.74339091480551
2008-07-18,7.73692178097406
2008-07-19,7.73007125129241
2008-07-20,7.72316999975251
2008-07-21,7.70731746453307
2008-07-22,7.70012170238985
2008-07-23,7.70000694107734
2008-07-24,7.68130316196994
2008-07-25,7.69448882291309
2008-07-26,7.69217981765618
2008-07-27,7.70207399533228
2008-07-28,7.70643454072327
2008-07-29,7.69924529281968
2008-07-30,7.69111559579066
2008-07-31,7.67898870659195
2008-08-01,7.65077336603089
2008-08-02,7.609382852707
2008-08-03,7.56115863263346
2008-08-04,7.53824697894713
2008-08-05,7.52517455556283
2008-08-06,7.51606072911636
2008-08-07,7.495193640446
2008-08-08,7.51808071210684
2008-08-09,7.54212872237628
2008-08-10,7.57345275979415
2008-08-11,7.6148443991386
2008-08-12,7.61657499218613
2008-08-13,7.63296247397224
2008-08-14,7.63600190720199
2008-08-15,7.63118788639439
2008-08-16,7.63684002359559
2008-08-17,7.63034851653519
2008-08-18,7.65376230485955
2008-08-19,7.67329725690401
2008-08-20,7.74037457307085
2008-08-21,7.70030972397552
2008-08-22,7.67645162399691
2008-08-23,7.68349399029769
2008-08-24,7.81066411287662
2008-08-25,7.7600717067749
2008-08-26,7.76050929664474
2008-08-27,7.62016389262841
2008-08-28,7.53924778983267
2008-08-29,7.4711808121422
2008-08-30,7.46577835878621
2008-08-31,7.39951545239917
2008-09-01,7.36559810913563
2008-09-02,7.45255778927259
2008-09-03,7.42013375951059
2008-09-04,7.4195376931464
2008-09-05,7.41718807358163
2008-09-06,7.41611521894547
2008-09-07,7.42939763355388
2008-09-08,7.41767557516865
2008-09-09,7.40255356246277
2008-09-10,7.37119573804705
2008-09-11,7.38068552025359
2008-09-12,7.32608110436117
2008-09-13,7.29731869514612
2008-09-14,7.29935037021861
2008-09-15,7.33491061583505
2008-09-16,7.16663659358706
2008-09-17,7.39536079922447
2008-09-18,7.41690595511977
2008-09-19,7.37281815218579
2008-09-20,7.34043941880323
2008-09-21,7.3540732210925
2008-09-22,7.43410835133427
2008-09-23,7.44286733375766
2008-09-24,7.51390323554608
2008-09-25,7.53653618798992
2008-09-26,7.54543465522493
2008-09-27,7.58042839610617
2008-09-28,7.59637814929459
2008-09-29,7.60804695721589
2008-09-30,7.62619012598136
2008-10-01,7.62964264040786
2008-10-02,7.62572501092878
2008-10-03,7.50772563549338
2008-10-04,7.48658241481702
2008-10-05,7.48640515735353
2008-10-06,7.50664521410826
2008-10-07,7.52637114272103
2008-10-08,7.48922225146061
2008-10-09,7.50040263921542
2008-10-10,7.46797090868648
2008-10-11,7.5029466803283
2008-10-12,7.53402265330446
2008-10-13,7.47128957262028
2008-10-14,7.43702626445166
2008-10-15,7.38908050721894
2008-10-16,7.33296993838394
2008-10-17,7.31477566091444
2008-10-18,7.32604160056222
2008-10-19,7.41639501894798
2008-10-20,7.41159677944894
2008-10-21,7.42419380520706
2008-10-22,7.37436133466771
2008-10-23,7.35021704907298
2008-10-24,7.36423135300883
2008-10-25,7.38746726302118
2008-10-26,7.34622727036583
2008-10-27,7.29275892081036
2008-10-28,7.21410241090677
2008-10-29,7.16810475156749
2008-10-30,7.08198295835006
2008-10-31,7.08452427103164
2008-11-01,7.12741615739881
2008-11-02,7.15367303610287
2008-11-03,7.0628432966414
2008-11-04,7.05199070204237
2008-11-05,7.07757252992985
2008-11-06,7.02183634350557
2008-11-07,6.90607463844356
2008-11-08,6.50982923755088
2008-11-09,6.4286056074809
2008-11-10,6.34639857240561
2008-11-11,6.31425227721008
2008-11-12,6.16551120354957
2008-11-13,6.16717518031801
2008-11-14,6.17826858163321
2008-11-15,6.08085035313744
2008-11-16,5.94924412477225
2008-11-17,5.82453425149768
2008-11-18,5.79731927323793
2008-11-19,5.70735111362869
2008-11-20,5.56088872929395
2008-11-21,5.46711490663138
2008-11-22,5.41735652298651
2008-11-23,5.39396920507968
2008-11-24,5.31726999544199
2008-11-25,5.04218577837982
2008-11-26,4.93207371290813
2008-11-27,4.92919054712869
2008-11-28,4.94374575178166
2008-11-29,4.93736862343451
2008-11-30,4.92072423843327
2008-12-01,4.80727849719036
2008-12-02,4.80081811488222
2008-12-03,4.83852087916736
2008-12-04,4.82433974130396
2008-12-05,4.84970941902262
2008-12-06,4.86887484241017
2008-12-07,4.93358143473701
2008-12-08,4.87659971901124
2008-12-09,4.86415445706224
2008-12-10,4.80557889296286
2008-12-11,4.73636917303737
2008-12-12,4.70139061881785
2008-12-13,4.73257023228539
2008-12-14,4.74910399844449
2008-12-15,4.68808279533476
2008-12-16,4.7347990949597
2008-12-17,4.79572659356254
2008-12-18,4.78601179471029
2008-12-19,4.69419482560225
2008-12-20,4.80426619248465
2008-12-21,4.86089976215561
2008-12-22,4.82832742230337
2008-12-23,4.84074267049461
2008-12-24,4.82905846834183
2008-12-25,4.77978981810914
2008-12-26,4.80341824238596
2008-12-27,4.78318808809684
2008-12-28,4.80183110747449
2008-12-29,4.80028405018497
2008-12-30,4.76607684765047
2008-12-31,4.76513441848574
2009-01-01,4.68921042529184
2009-01-02,4.67887084357405
2009-01-03,4.69419761502529
2009-01-04,4.69340354324924
2009-01-05,4.75352123334187
2009-01-06,4.73120786800777
2009-01-07,4.69730228594159
2009-01-08,4.64065176744005
2009-01-09,4.59942632575841
2009-01-10,4.615987354327
2009-01-11,4.63023427888215
2009-01-12,4.58505485157767
2009-01-13,4.62646369655942
2009-01-14,4.6353030229898
2009-01-15,4.63477871631384
2009-01-16,4.62719441953115
2009-01-17,4.61039109737669
2009-01-18,4.65949600627383
2009-01-19,4.6503507342099
2009-01-20,4.78290015248055
2009-01-21,4.93250751735133
2009-01-22,4.99649706654427
2009-01-23,5.04465871959205
2009-01-24,5.05923206437083
2009-01-25,5.05818518434062
2009-01-26,5.05638431273383
2009-01-27,5.06381606329969
2009-01-28,5.12554333700786
2009-01-29,5.22285351505986
2009-01-30,5.19800556755411
2009-01-31,5.31437899470842
2009-02-01,5.33525937158019
2009-02-02,5.44719626331232
2009-02-03,5.45381932418618
2009-02-04,5.45946519231464
2009-02-05,5.42174107127458
2009-02-06,5.51980604290879
2009-02-07,5.60133856124786
2009-02-08,5.62698402257281
2009-02-09,5.5771982027168
2009-02-10,5.54944537202363
2009-02-11,5.49870016223075
2009-02-12,5.50482079880815
2009-02-13,5.45518070344256
2009-02-14,5.46482846664151
2009-02-15,5.47149875583306
2009-02-16,5.52254725467756
2009-02-17,5.62373992895816
2009-02-18,5.61001049309181
2009-02-19,5.67375554320031
2009-02-20,5.67623684873509
2009-02-21,5.6760280063321
2009-02-22,5.69682371189424
2009-02-23,5.6782003260638
2009-02-24,5.66976749988443
2009-02-25,5.69395929969593
2009-02-26,5.68969202610402
2009-02-27,5.73546276584441
2009-02-28,5.72372716433825
2009-03-01,5.82322086925427
2009-03-02,5.85658506561807
2009-03-03,5.83733090308901
2009-03-04,5.74001778348396
2009-03-05,5.68253000333352
2009-03-06,5.68524053120095
2009-03-07,5.59813694777293
2009-03-08,5.57477394181775
2009-03-09,5.54268204232022
2009-03-10,5.45925579383086
2009-03-11,5.43880373869195
2009-03-12,5.4202857733691
2009-03-13,5.40215156353795
2009-03-14,5.3900857194177
2009-03-15,5.40782147843996
2009-03-16,5.35670469870369
2009-03-17,5.29942400103382
2009-03-18,5.19402462404036
2009-03-19,5.15182323960594
2009-03-20,5.18899548446611
2009-03-21,5.22293472235704
2009-03-22,5.46768340046126
2009-03-23,5.46872864236231
2009-03-24,5.4240668371641
2009-03-25,5.43814576492879
2009-03-26,5.44489152334603
2009-03-27,5.41322915549107
2009-03-28,5.41156473254061
2009-03-29,5.42314895347108
2009-03-30,5.43413043931302
2009-03-31,5.48293586295721
2009-04-01,5.50783943929492
2009-04-02,5.54098861289204
2009-04-03,5.57995945177307
2009-04-04,5.60925666423956
2009-04-05,5.67856813015807
2009-04-06,5.73773473251809
2009-04-07,5.80833805826226
2009-04-08,5.91535112671922
2009-04-09,5.94922967838205
2009-04-10,5.97241896510569
2009-04-11,5.98362953468531
2009-04-12,6.02056446438924
2009-04-13,6.02931060600823
2009-04-14,6.05760876945182
2009-04-15,6.05803367652537
2009-04-16,6.06447293243994
2009-04-17,6.07043978389048
2009-04-18,6.10165983819713
2009-04-19,6.12464995739178
2009-04-20,6.14541916150099
2009-04-21,6.18872346682597
2009-04-22,6.23298325303918
2009-04-23,6.29544091318019
2009-04-24,6.36577006676937
2009-04-25,6.38325264512715
2009-04-26,6.44202964344123
2009-04-27,6.44041277780758
2009-04-28,6.46953723737823
2009-04-29,6.57832511582553
2009-04-30,6.6160539657544
2009-05-01,6.67199381389629
2009-05-02,6.70832395108848
2009-05-03,6.79568159959768
2009-05-04,6.99304988033636
2009-05-05,7.0567091482657
2009-05-06,7.15143360049168
2009-05-07,7.16965073949538
2009-05-08,7.21858897869112
2009-05-09,7.25031266544215
2009-05-10,7.30600550153462
2009-05-11,7.40715001388166
2009-05-12,7.44086736027734
2009-05-13,7.46613191700907
2009-05-14,7.49244642442666
2009-05-15,7.51873085187389
2009-05-16,7.69603234173675
2009-05-17,7.74203980680414
2009-05-18,7.73996194974304
2009-05-19,7.75815584076651
2009-05-20,7.78180541260345
2009-05-21,7.79180493856682
2009-05-22,7.73135017529811
2009-05-23,7.71316340273686
2009-05-24,7.68656581523175
2009-05-25,7.65713952078762
2009-05-26,7.5581093921255
2009-05-27,7.52364073758938
2009-05-28,7.46148145605217
2009-05-29,7.45568137925738
2009-05-30,7.43600002897929
2009-05-31,7.41977554023676
2009-06-01,7.3868650243692
2009-06-02,7.36979725215589
2009-06-03,7.37235391380021
2009-06-04,7.37156829511923
2009-06-05,7.36837129367398
2009-06-06,7.36971604696504
2009-06-07,7.37443540008772
2009-06-08,7.39079458843433
2009-06-09,7.39183088166757
2009-06-10,7.38160620723573
2009-06-11,7.39639989595366
2009-06-12,7.40789172405506
2009-06-13,7.41462847725896
2009-06-14,7.43432845929154
2009-06-15,7.43534558460746
2009-06-16,7.4566993378405
2009-06-17,7.4727127958473
2009-06-18,7.49242779546958
2009-06-19,7.49545027391714
2009-06-20,7.52833609699983
2009-06-21,7.59476487263666
2009-06-22,7.6787441291418
2009-06-23,7.7207357842949
2009-06-24,7.67971868417761
2009-06-25,7.66817845666186
2009-06-26,7.67622143968258
2009-06-27,7.64373618768306
2009-06-28,7.6325942469024
2009-06-29,7.65782792949898
2009-06-30,7.64122112548682
2009-07-01,7.63678993141273
2009-07-02,7.62560385168045
2009-07-03,7.62307459635239
2009-07-04,7.61872375732864
2009-07-05,7.61589555784002
2009-07-06,7.56971840912718
2009-07-07,7.5557790669941
2009-07-08,7.59895381522898
2009-07-09,7.64454650922824
2009-07-10,7.66701225582595
2009-07-11,7.67251799320349
2009-07-12,7.66113937135025
2009-07-13,7.66607393720339
2009-07-14,7.67217943544615
2009-07-15,7.67877357707692
2009-07-16,7.7020341804771
2009-07-17,7.73353372818045
2009-07-18,7.76180896137706
2009-07-19,7.75335776782487
2009-07-20,7.74779712796446
2009-07-21,7.74190571781329
2009-07-22,7.75798788804996
2009-07-23,7.76174696258486
2009-07-24,7.74161019668928
2009-07-25,7.72356153480043
2009-07-26,7.68172779879594
2009-07-27,7.64293883241777
2009-07-28,7.63029380167454
2009-07-29,7.62122848231348
2009-07-30,7.59702585540156
2009-07-31,7.58638004327295
2009-08-01,7.58121690048193
2009-08-02,7.54983323545063
2009-08-03,7.47861187716531
2009-08-04,7.46991495911551
2009-08-05,7.48347472624945
2009-08-06,7.49953783903765
2009-08-07,7.48927153939193
2009-08-08,7.52865375346814
2009-08-09,7.53621716485847
2009-08-10,7.54382736603506
2009-08-11,7.54596088846871
2009-08-12,7.54732030355289
2009-08-13,7.55722489502242
2009-08-14,7.57681300164432
2009-08-15,7.58837029053359
2009-08-16,7.60278892034652
2009-08-17,7.60393923793924
2009-08-18,7.60100463859734
2009-08-19,7.61070251909447
2009-08-20,7.59939461743727
2009-08-21,7.57475604021013
2009-08-22,7.52427977371896
2009-08-23,7.5140306262363
2009-08-24,7.49398942652366
2009-08-25,7.49163526826564
2009-08-26,7.50255066411243
2009-08-27,7.51671625817749
2009-08-28,7.51284981583427
2009-08-29,7.50428166103808
2009-08-30,7.504602765027
2009-08-31,7.50681807398419
2009-09-01,7.51153712152728
2009-09-02,7.51727088124147
2009-09-03,7.53830909696079
2009-09-04,7.54426049140967
2009-09-05,7.5649114492388
2009-09-06,7.5991555045892
2009-09-07,7.62652647808096
2009-09-08,7.63581390876137
2009-09-09,7.62438929413331
2009-09-10,7.60533008253648
2009-09-11,7.50146667857125
2009-09-12,7.46742542036124
2009-09-13,7.44970712899042
2009-09-14,7.44727378022313
2009-09-15,7.45241984668676
2009-09-16,7.42911345252279
2009-09-17,7.43951136613515
2009-09-18,7.45665127687486
2009-09-19,7.43930330822572
2009-09-20,7.47981381973131
2009-09-21,7.4789002898396
2009-09-22,7.47763259825524
2009-09-23,7.48783711445405
2009-09-24,7.48267960037843
2009-09-25,7.48328863396903
2009-09-26,7.42479919048107
2009-09-27,7.4534440171965
2009-09-28,7.71043426457672
2009-09-29,7.74385813267791
2009-09-30,7.76893389426985
2009-10-01,7.75763679325085
2009-10-02,7.75750010613798
2009-10-03,7.74151642762545
2009-10-04,7.82381920172402
2009-10-05,7.88103416760476
2009-10-06,7.87138331504028
2009-10-07,7.87032758054683
2009-10-08,7.86922146884299
2009-10-09,7.8086043987574
2009-10-10,7.82867471172747
2009-10-11,7.85205805891977
2009-10-12,7.85895466285043
2009-10-13,7.8421695220548
2009-10-14,7.60158831303031
2009-10-15,7.60393681965195
2009-10-16,7.60303545913339
2009-10-17,7.60202755171982
2009-10-18,7.62497605919796
2009-10-19,7.38465177723736
2009-10-20,7.41281332569344
2009-10-21,7.40816153274639
2009-10-22,7.12196116266535
2009-10-23,6.97949270486704
2009-10-24,6.84040325740591
2009-10-25,6.7821678156783
2009-10-26,6.81237654249849
2009-10-27,6.62911471574697
2009-10-28,6.18390067004057
2009-10-29,6.19618267183304
2009-10-30,6.21726362748557
2009-10-31,6.24769620782422
2009-11-01,6.18302774139965
2009-11-02,6.26083987395265
2009-11-03,6.23704005631421
2009-11-04,6.17901675192045
2009-11-05,6.12755517791639
2009-11-06,6.09978248944019
2009-11-07,6.07972196127207
2009-11-08,6.08103821473275
2009-11-09,6.07558506026289
2009-11-10,6.0629501633717
2009-11-11,6.03104906627899
2009-11-12,6.00186405545164
2009-11-13,5.9961283945659
2009-11-14,5.96707087122259
2009-11-15,5.88825558153256
2009-11-16,5.77660510164748
2009-11-17,5.70297633227854
2009-11-18,5.55150454049975
2009-11-19,5.44335594954884
2009-11-20,5.37731102599271
2009-11-21,5.16163191007777
2009-11-22,5.14840750228372
2009-11-23,5.15106108705031
2009-11-24,5.0435415225736
2009-11-25,4.97088965652324
2009-11-26,4.89606420550853
2009-11-27,4.90757760755197
2009-11-28,4.90834501054552
2009-11-29,4.88150032695971
2009-11-30,4.83433713744896
2009-12-01,4.72307942791347
2009-12-02,4.74344868408493
2009-12-03,4.73626285064997
2009-12-04,4.73645813976746
2009-12-05,4.75985811945039
2009-12-06,4.73422361476276
2009-12-07,4.70378521563182
2009-12-08,4.64561030292107
2009-12-09,4.66502327344767
2009-12-10,4.57767046332043
2009-12-11,4.54662665995178
2009-12-12,4.60188971382045
2009-12-13,4.54750412557183
2009-12-14,4.56040656885931
2009-12-15,4.59755178973011
2009-12-16,4.58513298458646
2009-12-17,4.56795181328396
2009-12-18,4.52545640822295
2009-12-19,4.6842277146255
2009-12-20,4.67567638141922
2009-12-21,4.71063189559776
2009-12-22,4.64980771043979
2009-12-23,4.63749559295693
2009-12-24,4.66370948145849
2009-12-25,4.65934217074454
2009-12-26,4.67323345406489
2009-12-27,4.6968346020374
2009-12-28,4.65786531840711
2009-12-29,4.59195078624285
2009-12-30,4.54752325850155
2009-12-31,4.47859033565521
2010-01-01,4.4672699041603
2010-01-02,4.49402113910613
2010-01-03,4.4880339767927
2010-01-04,4.4047129320628
2010-01-05,4.39281549550829
2010-01-06,4.38828785265703
2010-01-07,4.38943681501937
2010-01-08,4.3560794230361
2010-01-09,4.36312051261007
2010-01-10,4.37023787119028
2010-01-11,4.41890983271693
2010-01-12,4.37244717186381
2010-01-13,4.38709242654093
2010-01-14,4.41725971152575
2010-01-15,4.41421417818695
2010-01-16,4.43211260366237
2010-01-17,4.43194387149363
2010-01-18,4.44178978731106
2010-01-19,4.43038909215079
2010-01-20,4.40972823621749
2010-01-21,4.47262985880133
2010-01-22,4.51798255921626
2010-01-23,4.61164006579609
2010-01-24,4.66874400648989
2010-01-25,4.69141572303592
2010-01-26,4.75321933067699
2010-01-27,4.88779805950757
2010-01-28,4.90827459527656
2010-01-29,5.01751689540818
2010-01-30,5.10813994365988
2010-01-31,5.26815632812515
2010-02-01,5.29289264299232
2010-02-02,5.26682901848424
2010-02-03,5.25560070176632
2010-02-04,5.34711301641037
2010-02-05,5.38522144087241
2010-02-06,5.34049114380993
2010-02-07,5.35983034142134
2010-02-08,5.33565081848217
2010-02-09,5.30552394151899
2010-02-10,5.31769607445872
2010-02-11,5.30741568389429
2010-02-12,5.32143612427287
2010-02-13,5.32227140301568
2010-02-14,5.2914394667844
2010-02-15,5.25283456151274
2010-02-16,5.19722433801506
2010-02-17,5.21963803661016
2010-02-18,5.21702258269044
2010-02-19,5.19570338945516
2010-02-20,5.15271270610689
2010-02-21,5.22350770674803
2010-02-22,5.27052869016813
2010-02-23,5.26530772886355
2010-02-24,5.28233963143503
2010-02-25,5.34318066406537
2010-02-26,5.3170540766673
2010-02-27,5.32451295718467
2010-02-28,5.31180840477197
2010-03-01,5.40844951879027
2010-03-02,5.34766637820657
2010-03-03,5.26396499101998
2010-03-04,5.22260963177968
2010-03-05,5.15157549420586
2010-03-06,5.13990885089612
2010-03-07,5.12793381479756
2010-03-08,5.11388751750206
2010-03-09,5.0738465199035
2010-03-10,5.09764034793345
2010-03-11,5.09848617955325
2010-03-12,5.16154015002167
2010-03-13,5.16315615540518
2010-03-14,5.21306622297406
2010-03-15,5.22605664832882
2010-03-16,5.23340254953293
2010-03-17,5.15941046829939
2010-03-18,5.29296441900804
2010-03-19,5.31529556867908
2010-03-20,5.28532670504244
2010-03-21,5.38794276701891
2010-03-22,5.5187047159294
2010-03-23,5.48565893432948
2010-03-24,5.57304320917992
2010-03-25,5.69448759764628
2010-03-26,5.72566913944929
2010-03-27,5.66786785653575
2010-03-28,5.66410854390851
2010-03-29,5.6655094449181
2010-03-30,5.68009075504255
2010-03-31,5.68451012317405
2010-04-01,5.68218289770365
2010-04-02,5.68841074664561
2010-04-03,5.68326068828436
2010-04-04,5.68623463809221
2010-04-05,5.70806399935335
2010-04-06,5.69740931520891
2010-04-07,5.68552764663361
2010-04-08,5.68171412661468
2010-04-09,5.65435963571159
2010-04-10,5.65592861136317
2010-04-11,5.65941873520031
2010-04-12,5.67436827057035
2010-04-13,5.7026891677777
2010-04-14,5.73345377907594
2010-04-15,5.75282179388874
2010-04-16,5.7762388478433
2010-04-17,5.79528882520622
2010-04-18,5.80386205242143
2010-04-19,5.82040583852511
2010-04-20,5.83404872799754
2010-04-21,5.85248142743873
2010-04-22,5.88669522359443
2010-04-23,5.91739111371601
2010-04-24,5.95029062778987
2010-04-25,6.00621674724857
2010-04-26,6.04643832286303
2010-04-27,6.1188969708872
2010-04-28,6.20482828557317
2010-04-29,6.27668236017987
2010-04-30,6.30949392802886
2010-05-01,6.34329632688316
2010-05-02,6.40196705404739
2010-05-03,6.51453618981822
2010-05-04,6.64633279188205
2010-05-05,6.7198785370448
2010-05-06,6.77432011381426
2010-05-07,6.84916255930263
2010-05-08,6.90401588712497
2010-05-09,6.94686728690213
2010-05-10,7.00493896998158
2010-05-11,7.06297563696975
2010-05-12,7.09850070509066
2010-05-13,7.14250035158425
2010-05-14,7.17845283572218
2010-05-15,7.20765836783352
2010-05-16,7.25101998722362
2010-05-17,7.30052579001836
2010-05-18,7.31154128645553
2010-05-19,7.40834801705346
2010-05-20,7.46873674812396
2010-05-21,7.58170046383999
2010-05-22,7.59413352207499
2010-05-23,7.59410446088986
2010-05-24,7.59334685090637
2010-05-25,7.69136097744027
2010-05-26,7.69122353064461
2010-05-27,7.71189471717557
2010-05-28,7.72403497649806
2010-05-29,7.74656011702103
2010-05-30,7.75228122407248
2010-05-31,7.75001934282996
2010-06-01,7.74497518978144
2010-06-02,7.73929328899679
2010-06-03,7.72427611229526
2010-06-04,7.70732112088475
2010-06-05,7.686465573223
2010-06-06,7.70278343561744
2010-06-07,7.706337012648
2010-06-08,7.69316515643868
2010-06-09,7.69959379868105
2010-06-10,7.70884505143982
2010-06-11,7.70630141309156
2010-06-12,7.69726301100424
2010-06-13,7.70578196802107
2010-06-14,7.68899046469486
2010-06-15,7.70676596805777
2010-06-16,7.71270095089397
2010-06-17,7.7248743942511
2010-06-18,7.72811255384044
2010-06-19,7.74871698430051
2010-06-20,7.75352517595805
2010-06-21,7.75002291238937
2010-06-22,7.71713150646533
2010-06-23,7.69700086381822
2010-06-24,7.60181192743458
2010-06-25,7.59646549731217
2010-06-26,7.5820346932815
2010-06-27,7.58364868758657
2010-06-28,7.57444621937242
2010-06-29,7.4849895436502
2010-06-30,7.47618814372777
2010-07-01,7.47510922902394
2010-07-02,7.46645511435546
2010-07-03,7.47663476741844
2010-07-04,7.49841566703836
2010-07-05,7.52378801709697
2010-07-06,7.54392271327078
2010-07-07,7.60356543851689
2010-07-08,7.66533572819403
2010-07-09,7.68111710161249
2010-07-10,7.7028448274759
2010-07-11,7.71159677228269
2010-07-12,7.72751434301401
2010-07-13,7.73186503152804
2010-07-14,7.74494163524657
2010-07-15,7.76585655246164
2010-07-16,7.77089158266853
2010-07-17,7.76579172445128
2010-07-18,7.76052535919128
2010-07-19,7.74782653557748
2010-07-20,7.74746253182926
2010-07-21,7.74452049610681
2010-07-22,7.72358197176118
2010-07-23,7.72939504170881
2010-07-24,7.71133833197647
2010-07-25,7.71197062691007
2010-07-26,7.71743621196315
2010-07-27,7.71978755354429
2010-07-28,7.72084969576829
2010-07-29,7.70442869213845
2010-07-30,7.68402488469213
2010-07-31,7.66706824505816
2010-08-01,7.6588137509425
2010-08-02,7.67033757352008
2010-08-03,7.78008232213293
2010-08-04,7.84134352807989
2010-08-05,7.84906231302252
2010-08-06,7.7838762111848
2010-08-07,7.78020932474039
2010-08-08,7.76181018616334
2010-08-09,7.72900261426983
2010-08-10,7.73532943346871
2010-08-11,7.74940908100888
2010-08-12,7.64922486724359
2010-08-13,7.58940551712563
2010-08-14,7.52775306423597
2010-08-15,7.46918472586327
2010-08-16,7.44143229579736
2010-08-17,7.44558272945328
2010-08-18,7.45001918488646
2010-08-19,7.47980328064196
2010-08-20,7.47030449703494
2010-08-21,7.49713310053962
2010-08-22,7.50618811900201
2010-08-23,7.50868048777516
2010-08-24,7.50752548905817
2010-08-25,7.51494502136775
2010-08-26,7.49192026461976
2010-08-27,7.49254849075457
2010-08-28,7.49079586398923
2010-08-29,7.49462917544612
2010-08-30,7.49039819024329
2010-08-31,7.5026980731767
2010-09-01,7.55819484691902
2010-09-02,7.55686633770706
2010-09-03,7.55067228246308
2010-09-04,7.56509425948765
2010-09-05,7.56648168716986
2010-09-06,7.54537675735976
2010-09-07,7.57346059253432
2010-09-08,7.56527604489542
2010-09-09,7.51732235711875
2010-09-10,7.4698303722978
2010-09-11,7.54780351477773
2010-09-12,7.54668714216343
2010-09-13,7.54669627353845
2010-09-14,7.42742449879521
2010-09-15,7.42607693824403
2010-09-16,7.40586844469678
2010-09-17,7.40118400195173
2010-09-18,7.39885222369365
2010-09-19,7.37926024826143
2010-09-20,7.3902080639988
2010-09-21,7.35041009479029
2010-09-22,7.39118845237103
2010-09-23,7.38384445514427
2010-09-24,7.40909157986463
2010-09-25,7.40584033057084
2010-09-26,7.36548133459439
2010-09-27,7.29748641599242
2010-09-28,7.30934938793082
2010-09-29,7.30789489516261
2010-09-30,7.26591730084099
2010-10-01,7.27768246887057
2010-10-02,7.40655456818243
2010-10-03,7.41713789661811
2010-10-04,7.4480388140637
2010-10-05,7.47546871504792
2010-10-06,7.47398790993678
2010-10-07,7.58888420333106
2010-10-08,7.5427818628997
2010-10-09,7.5401566531307
2010-10-10,7.57819977087115
2010-10-11,7.63255501403152
2010-10-12,7.65621343991736
2010-10-13,7.64493517578735
2010-10-14,7.66361151287693
2010-10-15,7.71054334392732
2010-10-16,7.71834571890888
2010-10-17,7.75051539248951
2010-10-18,7.74236854644595
2010-10-19,7.71751244735592
2010-10-20,7.72157968343111
2010-10-21,7.71764845461029
2010-10-22,7.72377619724716
2010-10-23,7.71908114126263
2010-10-24,7.60879178912255
2010-10-25,7.48450697258569
2010-10-26,7.58540381564911
2010-10-27,7.53248237896596
2010-10-28,7.53266204244436
2010-10-29,7.48238843462463
2010-10-30,7.02365060055305
2010-10-31,6.72566808654271
2010-11-01,6.7205177915625
2010-11-02,6.76385430018286
2010-11-03,6.76536762140347
2010-11-04,6.7286537210168
2010-11-05,6.71502384592685
2010-11-06,6.70373675502856
2010-11-07,6.69497417667033
2010-11-08,6.58901955881868
2010-11-09,6.57392661894049
2010-11-10,6.53822579260304
2010-11-11,6.13100882985826
2010-11-12,6.08168085891402
2010-11-13,6.07755123001164
2010-11-14,6.07946180061058
2010-11-15,6.08863430455197
2010-11-16,6.00156128225905
2010-11-17,5.87825340368704
2010-11-18,5.77827906403467
2010-11-19,5.72645064203782
2010-11-20,5.70128601940016
2010-11-21,5.66781922507197
2010-11-22,5.49966613880264
2010-11-23,5.36909339575275
2010-11-24,5.18468275355658
2010-11-25,5.15421254930891
2010-11-26,5.11048667835328
2010-11-27,5.0910823084836
2010-11-28,5.08969134248195
2010-11-29,5.02672206405938
2010-11-30,4.99416479094998
2010-12-01,4.92835675223785
2010-12-02,4.87008760256856
2010-12-03,4.82331952630964
2010-12-04,4.71722129130468
2010-12-05,4.71882239378024
2010-12-06,4.63112131116877
2010-12-07,4.58722007943012
2010-12-08,4.60212136612458
2010-12-09,4.580935013562
2010-12-10,4.58797223933449
2010-12-11,4.60249853363037
2010-12-12,4.57462840296654
2010-12-13,4.6245436557408
2010-12-14,4.49529800466589
2010-12-15,4.50323904469527
2010-12-16,4.4902672265027
2010-12-17,4.48282743109033
2010-12-18,4.40965727489635
2010-12-19,4.4254702465263
2010-12-20,4.36962480274185
2010-12-21,4.39350581867426
2010-12-22,4.44671251853654
2010-12-23,4.45504668057342
2010-12-24,4.42569338602751
2010-12-25,4.54028873828876
2010-12-26,4.57624384090661
2010-12-27,4.58932278389626
2010-12-28,4.55972994660733
2010-12-29,4.53672376045814
2010-12-30,4.52168049976628
2010-12-31,4.48580318938033
2011-01-01,4.472550294753
2011-01-02,4.46396306034156
2011-01-03,4.50291809649081
2011-01-04,4.56379588643979
2011-01-05,4.59928951094833
2011-01-06,4.61463428528133
2011-01-07,4.60101863049749
2011-01-08,4.61908309353054
2011-01-09,4.66672097779709
2011-01-10,4.63714498654166
2011-01-11,4.60993448479279
2011-01-12,4.61833021313926
2011-01-13,4.60800664004317
2011-01-14,4.62077109851411
2011-01-15,4.60626908416523
2011-01-16,4.56693279928407
2011-01-17,4.58039375231637
2011-01-18,4.5536112412212
2011-01-19,4.57898247054123
2011-01-20,4.60030481678646
2011-01-21,4.62067148878846
2011-01-22,4.65800339207453
2011-01-23,4.6640755269987
2011-01-24,4.65182768281904
2011-01-25,4.74899168795114
2011-01-26,4.81449597582865
2011-01-27,4.89994107710862
2011-01-28,5.05130693538459
2011-01-29,5.09807142251579
2011-01-30,5.13220650912796
2011-01-31,5.20506469636194
2011-02-01,5.26250139662773
2011-02-02,5.22409505394072
2011-02-03,5.27143012163626
2011-02-04,5.28198349410579
2011-02-05,5.3128785614447
2011-02-06,5.35672332616553
2011-02-07,5.36049335140584
2011-02-08,5.4050272069576
2011-02-09,5.45200426711693
2011-02-10,5.4560410949247
2011-02-11,5.47721732590214
2011-02-12,5.48442465618887
2011-02-13,5.4404171552696
2011-02-14,5.4587477187164
2011-02-15,5.44304052866422
2011-02-16,5.45236024980787
2011-02-17,5.4581436522955
2011-02-18,5.51767400015649
2011-02-19,5.50485670205814
2011-02-20,5.51888242834954
2011-02-21,5.62896867259275
2011-02-22,5.81018586946096
2011-02-23,5.86294874810052
2011-02-24,5.89216074224209
2011-02-25,5.87486980194611
2011-02-26,5.93711801358338
2011-02-27,5.89506776944682
2011-02-28,5.83811707433095
2011-03-01,5.85001401093408
2011-03-02,5.82783319535471
2011-03-03,5.84471372965514
2011-03-04,5.84111153535552
2011-03-05,5.85071217915763
2011-03-06,5.86651041203758
2011-03-07,5.8605518524874
2011-03-08,5.83446936957878
2011-03-09,5.82563598314014
2011-03-10,5.80208374593372
2011-03-11,5.76571237747955
2011-03-12,5.74213754438165
2011-03-13,5.7202901589191
2011-03-14,5.70300208674226
2011-03-15,5.71220672924074
2011-03-16,5.75031036088012
2011-03-17,5.69891362755707
2011-03-18,5.60705213533303
2011-03-19,5.59500990868142
2011-03-20,5.57702746385527
2011-03-21,5.58355000966816
2011-03-22,5.60411636011785
2011-03-23,5.61123431800331
2011-03-24,5.63623188168254
2011-03-25,5.62996618125539
2011-03-26,5.63734456655553
2011-03-27,5.64373242051842
2011-03-28,5.64185925190278
2011-03-29,5.59216230698509
2011-03-30,5.60029366396912
2011-03-31,5.67562299620926
2011-04-01,5.66565085266856
2011-04-02,5.65823257754578
2011-04-03,5.69525305951319
2011-04-04,5.71468847369838
2011-04-05,5.73453839119634
2011-04-06,5.75471414286148
2011-04-07,5.76229907467045
2011-04-08,5.77705991016776
2011-04-09,5.86900444126757
2011-04-10,5.88519014161571
2011-04-11,5.94241728852755
2011-04-12,5.98405607636754
2011-04-13,6.02329655949512
2011-04-14,6.07544148323108
2011-04-15,6.10859298315714
2011-04-16,6.21098268945019
2011-04-17,6.26564839766545
2011-04-18,6.33467972957145
2011-04-19,6.34885508647307
2011-04-20,6.42083464747105
2011-04-21,6.44078957225084
2011-04-22,6.46681180236484
2011-04-23,6.50700044356059
2011-04-24,6.61568091477241
2011-04-25,6.77032727057665
2011-04-26,6.92329473754189
2011-04-27,6.93719542910862
2011-04-28,7.00020401958516
2011-04-29,7.07389562906322
2011-04-30,7.1237413696683
2011-05-01,7.16088527170935
2011-05-02,7.18495224545203
2011-05-03,7.20273917495534
2011-05-04,7.23363938933504
2011-05-05,7.25211043740892
2011-05-06,7.25507453222398
2011-05-07,7.27076074785601
2011-05-08,7.29703554970989
2011-05-09,7.30801692158839
2011-05-10,7.33690431441352
2011-05-11,7.40373586251926
2011-05-12,7.40516349276197
2011-05-13,7.4644361599547
2011-05-14,7.48240742477056
2011-05-15,7.45747804602974
2011-05-16,7.44596650960734
2011-05-17,7.43162012416355
2011-05-18,7.41359626491666
2011-05-19,7.41414283485269
2011-05-20,7.42455031634139
2011-05-21,7.42189990950726
2011-05-22,7.42271772153048
2011-05-23,7.41851224222437
2011-05-24,7.45275739429025
2011-05-25,7.42556148746466
2011-05-26,7.42022751404405
2011-05-27,7.41910025092591
2011-05-28,7.41664949870116
2011-05-29,7.42961599788947
2011-05-30,7.43880898667164
2011-05-31,7.4589233989873
2011-06-01,7.45999645563099
2011-06-02,7.47872558877907
2011-06-03,7.48438620782955
2011-06-04,7.49049570308736
2011-06-05,7.49230193831869
2011-06-06,7.51778405421712
2011-06-07,7.52479595037776
2011-06-08,7.59474589073759
2011-06-09,7.6247780158726
2011-06-10,7.6511654321849
2011-06-11,7.6836972654965
2011-06-12,7.69843778368193
2011-06-13,7.67734374513674
2011-06-14,7.68377058273996
2011-06-15,7.68890656558501
2011-06-16,7.72092380384907
2011-06-17,7.78549964528578
2011-06-18,7.83126987674735
2011-06-19,7.81825030656038
2011-06-20,7.81574926157332
2011-06-21,7.81284111969534
2011-06-22,7.79169077609512
2011-06-23,7.78892195240083
2011-06-24,7.74747406236147
2011-06-25,7.71452289051869
2011-06-26,7.70603470294986
2011-06-27,7.71695134770558
2011-06-28,7.70432686021719
2011-06-29,7.70638476217172
2011-06-30,7.7248425164897
2011-07-01,7.70004374502576
2011-07-02,7.6939871748842
2011-07-03,7.66607560085913
2011-07-04,7.60053645780609
2011-07-05,7.57215479067511
2011-07-06,7.52301390365438
2011-07-07,7.51587078763119
2011-07-08,7.53111948821437
2011-07-09,7.51716442348007
2011-07-10,7.49855910463626
2011-07-11,7.50192230174585
2011-07-12,7.49197493362202
2011-07-13,7.46622295199226
2011-07-14,7.48838591007139
2011-07-15,7.49734197592966
2011-07-16,7.48329791647078
2011-07-17,7.46464956516235
2011-07-18,7.43988591128654
2011-07-19,7.42886206521554
2011-07-20,7.42801741061036
2011-07-21,7.4254385572119
2011-07-22,7.45780155623705
2011-07-23,7.47169110270411
2011-07-24,7.45430625392952
2011-07-25,7.43997169442144
2011-07-26,7.39688708702444
2011-07-27,7.35723478649959
2011-07-28,7.36284520617516
2011-07-29,7.36583158887315
2011-07-30,7.37045388386568
2011-07-31,7.37478068005135
2011-08-01,7.35826437915517
2011-08-02,7.38169865691106
2011-08-03,7.37046949039466
2011-08-04,7.43685652187973
2011-08-05,7.44551886012588
2011-08-06,7.43179296694216
2011-08-07,7.44573198124733
2011-08-08,7.44128729922466
2011-08-09,7.4537609944183
2011-08-10,7.46281118553412
2011-08-11,7.48032978118872
2011-08-12,7.50652182603686
2011-08-13,7.52379974096072
2011-08-14,7.52702046040243
2011-08-15,7.54334525820086
2011-08-16,7.55431111412428
2011-08-17,7.58374688367803
2011-08-18,7.60588442034127
2011-08-19,7.65469742108897
2011-08-20,7.64580430281032
2011-08-21,7.62303845979082
2011-08-22,7.64236608189116
2011-08-23,7.49733625325628
2011-08-24,7.63253224220796
2011-08-25,7.62849551975236
2011-08-26,7.66329430418663
2011-08-27,7.70595249629503
2011-08-28,7.75559309167329
2011-08-29,7.70115786827935
2011-08-30,7.65295685238141
2011-08-31,7.67397310042361
2011-09-01,7.6807218678853
2011-09-02,7.68350663246547
2011-09-03,7.69492344917188
2011-09-04,7.66577999515815
2011-09-05,7.69630962299804
2011-09-06,7.69882773158495
2011-09-07,7.69129888015609
2011-09-08,7.68493619194546
2011-09-09,7.61641170244691
2011-09-10,7.58063984818776
2011-09-11,7.5656024254295
2011-09-12,7.56996268215859
2011-09-13,7.57203735856834
2011-09-14,7.54622940757547
2011-09-15,7.5475119971746
2011-09-16,7.54982292953292
2011-09-17,7.55163458587523
2011-09-18,7.54857532905144
2011-09-19,7.53590726504483
2011-09-20,7.55696084900815
2011-09-21,7.55120746774578
2011-09-22,7.54619418859552
2011-09-23,7.55822652013649
2011-09-24,7.55952392011468
2011-09-25,7.5508248072619
2011-09-26,7.54429176571706
2011-09-27,7.54368152039916
2011-09-28,7.54249304026278
2011-09-29,7.56149052982442
2011-09-30,7.57091563137377
2011-10-01,7.56833533792334
2011-10-02,7.57476792132299
2011-10-03,7.60575928095844
2011-10-04,7.61265615475772
2011-10-05,7.62001196382251
2011-10-06,7.53851211837149
2011-10-07,7.56559613817295
2011-10-08,7.60519677921494
2011-10-09,7.60561874646443
2011-10-10,7.67669303295326
2011-10-11,7.61789435206065
2011-10-12,7.64840830653966
2011-10-13,7.73307553066772
2011-10-14,7.75585572536175
2011-10-15,7.73544554114291
2011-10-16,7.79623008481383
2011-10-17,7.79122793552021
2011-10-18,7.76327651899668
2011-10-19,7.80915447913816
2011-10-20,7.82387235390794
2011-10-21,7.82555506517923
2011-10-22,7.66654588347268
2011-10-23,7.63859752376371
2011-10-24,7.55186875041797
2011-10-25,7.57853759565736
2011-10-26,7.53668257832762
2011-10-27,7.4635978485518
2011-10-28,7.38850821135626
2011-10-29,7.34272190896981
2011-10-30,7.18843599612603
2011-10-31,6.97253850097674
2011-11-01,6.73543616385299
2011-11-02,6.76767304157017
2011-11-03,6.62545723095584
2011-11-04,6.53398872885218
2011-11-05,6.47699749244083
2011-11-06,6.4228424616648
2011-11-07,6.41723630445223
2011-11-08,6.3859202705137
2011-11-09,6.35056996207675
2011-11-10,6.28944942622644
2011-11-11,6.31064688453276
2011-11-12,6.32788644844309
2011-11-13,6.29879267945503
2011-11-14,6.24057044719309
2011-11-15,6.18298569240749
2011-11-16,6.1195125200481
2011-11-17,6.10764127597956
2011-11-18,6.08826860431368
2011-11-19,6.11978799334329
2011-11-20,6.04004380897725
2011-11-21,5.99616939045433
2011-11-22,5.91602562801004
2011-11-23,5.80778874671906
2011-11-24,5.75768852991204
2011-11-25,5.64052010741897
2011-11-26,5.62573656276713
2011-11-27,5.52418161686802
2011-11-28,5.40465768705839
2011-11-29,5.44339180594453
2011-11-30,5.40130766232808
2011-12-01,5.01204140235796
2011-12-02,5.0552601649809
2011-12-03,4.9365582642324
2011-12-04,4.88545381712648
2011-12-05,4.87469939250485
2011-12-06,4.80396445397363
2011-12-07,4.81821345675934
2011-12-08,4.79520357259903
2011-12-09,4.78495685663447
2011-12-10,4.73245435905017
2011-12-11,4.71145566398743
2011-12-12,4.72951169326609
2011-12-13,4.7356612110324
2011-12-14,4.77321169867284
2011-12-15,4.77698614219718
2011-12-16,4.7651487917412
2011-12-17,4.8216785292011
2011-12-18,4.78501360309917
2011-12-19,4.79268373580456
2011-12-20,4.69908129118505
2011-12-21,4.6947540024779
2011-12-22,4.6496148426335
2011-12-23,4.59407964219218
2011-12-24,4.60556316243522
2011-12-25,4.56273270158037
2011-12-26,4.55142780863039
2011-12-27,4.53713865154967
2011-12-28,4.53430642319988
2011-12-29,4.50486537400824
2011-12-30,4.53992481986482
2011-12-31,4.50888912338729
2012-01-01,4.48078422315393
2012-01-02,4.47977643504739
2012-01-03,4.52734960266599
2012-01-04,4.53271022899584
2012-01-05,4.51538607274446
2012-01-06,4.48546373367792
2012-01-07,4.50784188384479
2012-01-08,4.55328082186367
2012-01-09,4.61083201763242
2012-01-10,4.6125111270274
2012-01-11,4.6573660268803
2012-01-12,4.60845805551904
2012-01-13,4.62279717753388
2012-01-14,4.67612321480817
2012-01-15,4.62870900555367
2012-01-16,4.64590228996427
2012-01-17,4.65866881125401
2012-01-18,4.7047158243602
2012-01-19,4.68248375234451
2012-01-20,4.74147687572126
2012-01-21,4.86459546506674
2012-01-22,5.06733560696986
2012-01-23,5.34047102312354
2012-01-24,5.42397621025215
2012-01-25,5.3837143617068
2012-01-26,5.38393621917169
2012-01-27,5.41599118962337
2012-01-28,5.44720276797716
2012-01-29,5.42439967517948
2012-01-30,5.40913619495456
2012-01-31,5.45684103009427
2012-02-01,5.4961452765561
2012-02-02,5.54657353520767
2012-02-03,5.54066373160729
2012-02-04,5.57833022603947
2012-02-05,5.63176553693346
2012-02-06,5.66550680773191
2012-02-07,5.66430900682374
2012-02-08,5.66908196002033
2012-02-09,5.71291672868489
2012-02-10,5.72881162586518
2012-02-11,5.70476050419142
2012-02-12,5.70493723244428
2012-02-13,5.71829008264593
2012-02-14,5.71181721331475
2012-02-15,5.73747591910465
2012-02-16,5.71549715785679
2012-02-17,5.71588311474556
2012-02-18,5.88609310287884
2012-02-19,5.92533284585819
2012-02-20,5.97917357745556
2012-02-21,5.99736626516497
2012-02-22,5.98242824583331
2012-02-23,5.99641243012035
2012-02-24,5.99244504500949
2012-02-25,5.9935350901012
2012-02-26,5.99686408399639
2012-02-27,5.9928445480269
2012-02-28,5.96256395787332
2012-02-29,5.92956125444409
2012-03-01,5.88776314067666
2012-03-02,5.88018706924263
2012-03-03,5.83896197475289
2012-03-04,5.83737313554627
2012-03-05,5.7654611022497
2012-03-06,5.74096335733286
2012-03-07,5.71207312040759
2012-03-08,5.63997100033528
2012-03-09,5.49595595507513
2012-03-10,5.30821953589759
2012-03-11,5.29985166097533
2012-03-12,5.30758775270394
2012-03-13,5.30064429487617
2012-03-14,5.29935453551725
2012-03-15,5.29436661304137
2012-03-16,5.31345190819017
2012-03-17,5.33646750702509
2012-03-18,5.33863903190967
2012-03-19,5.25027016082566
2012-03-20,5.19892955049916
2012-03-21,5.17367820851648
2012-03-22,5.15813689960038
2012-03-23,5.19615820716113
2012-03-24,5.15127426221488
2012-03-25,5.41025062971438
2012-03-26,5.45188554497968
2012-03-27,5.46347650650343
2012-03-28,5.45271817839921
2012-03-29,5.45771060015825
2012-03-30,5.5076938589291
2012-03-31,5.57105950465899
2012-04-01,5.56459983002465
2012-04-02,5.5602315490426
2012-04-03,5.56297557744566
2012-04-04,5.64458781888287
2012-04-05,5.67325778851441
2012-04-06,5.68281895066125
2012-04-07,5.70012558457611
2012-04-08,5.70135792232237
2012-04-09,5.72712130768955
2012-04-10,5.80473940632022
2012-04-11,5.8697330636385
2012-04-12,6.07425540367485
2012-04-13,6.10702671561386
2012-04-14,6.19782929004823
2012-04-15,6.21889624904129
2012-04-16,6.26784378342277
2012-04-17,6.29797372003728
2012-04-18,6.47057611013008
2012-04-19,6.47021216481083
2012-04-20,6.50557414818404
2012-04-21,6.52697008890715
2012-04-22,6.49872439487569
2012-04-23,6.51599184923197
2012-04-24,6.53733598567144
2012-04-25,6.55537480445564
2012-04-26,6.5890269729913
2012-04-27,6.60700196538653
2012-04-28,6.65537159785687
2012-04-29,6.74548944631597
2012-04-30,6.76196711126923
2012-05-01,6.90554324402289
2012-05-02,6.95489154508691
2012-05-03,7.01074340462108
2012-05-04,7.05018179094747
2012-05-05,7.07702247972783
2012-05-06,7.13373196799828
2012-05-07,7.19674886669085
2012-05-08,7.2318229284065
2012-05-09,7.25311813891165
2012-05-10,7.26509332746291
2012-05-11,7.27581376124873
2012-05-12,7.3203626392258
2012-05-13,7.36689555375539
2012-05-14,7.44169856400542
2012-05-15,7.43848919443335
2012-05-16,7.45109058340054
2012-05-17,7.51920373845614
2012-05-18,7.61525854597824
2012-05-19,7.67222770123888
2012-05-20,7.69932121041011
2012-05-21,7.71454639944339
2012-05-22,7.70557650304734
2012-05-23,7.63738937100614
2012-05-24,7.60120279811311
2012-05-25,7.58544288416197
2012-05-26,7.56509483914982
2012-05-27,7.49991605854548
2012-05-28,7.45488721643115
2012-05-29,7.44945402287517
2012-05-30,7.42736255814146
2012-05-31,7.42843588982955
2012-06-01,7.42838076441897
2012-06-02,7.41897529562946
2012-06-03,7.38064865773633
2012-06-04,7.37148470809195
2012-06-05,7.36397622721359
2012-06-06,7.36328108335056
2012-06-07,7.38222913065343
2012-06-08,7.39905501047142
2012-06-09,7.42790233351256
2012-06-10,7.44385390829386
2012-06-11,7.46269823198272
2012-06-12,7.50319923618319
2012-06-13,7.51537015092282
2012-06-14,7.50408997636866
2012-06-15,7.5070998426963
2012-06-16,7.50299635765628
2012-06-17,7.49985863633302
2012-06-18,7.49392345700455
2012-06-19,7.54994765150674
2012-06-20,7.56169547293788
2012-06-21,7.59367161425583
2012-06-22,7.65122919014691
2012-06-23,7.64433215653092
2012-06-24,7.64866866837475
2012-06-25,7.66863461422156
2012-06-26,7.70280267910204
2012-06-27,7.67470272194238
2012-06-28,7.60754949836604
2012-06-29,7.52929133698124
2012-06-30,7.51863027829726
2012-07-01,7.50287662466018
2012-07-02,7.48548289153109
2012-07-03,7.49035516152443
2012-07-04,7.49559778352995
2012-07-05,7.48008425658308
2012-07-06,7.47560142069605
2012-07-07,7.46941814545329
2012-07-08,7.47465647573929
2012-07-09,7.56505971395144
2012-07-10,7.59713467716659
2012-07-11,7.57611560555063
2012-07-12,7.5566282726223
2012-07-13,7.54790779763976
2012-07-14,7.59224497500866
2012-07-15,7.61433229225266
2012-07-16,7.57524918337033
2012-07-17,7.55203273166228
2012-07-18,7.51013796509542
2012-07-19,7.38671247315359
2012-07-20,7.35552809851478
2012-07-21,7.33346047467671
2012-07-22,7.30769474153375
2012-07-23,7.28986484703324
2012-07-24,7.26906223277191
2012-07-25,7.25006907686993
2012-07-26,7.23500520203056
2012-07-27,7.25876763870278
2012-07-28,7.24173258430044
2012-07-29,7.24652858234109
2012-07-30,7.24785556873029
2012-07-31,7.25738224644468
2012-08-01,7.27677936830954
2012-08-02,7.28528016805996
2012-08-03,7.29558864641607
2012-08-04,7.30907760216958
2012-08-05,7.37618114381251
2012-08-06,7.43161556233997
2012-08-07,7.46837794759425
2012-08-08,7.50744642245141
2012-08-09,7.556539817658
2012-08-10,7.56907513700477
2012-08-11,7.60379280933963
2012-08-12,7.63020611102799
2012-08-13,7.64016497479714
2012-08-14,7.64030799159604
2012-08-15,7.65642872753576
2012-08-16,7.61882722751407
2012-08-17,7.60151860826307
2012-08-18,7.6078981118292
2012-08-19,7.59264007891562
2012-08-20,7.59373314975513
2012-08-21,7.59460680246818
2012-08-22,7.56895116199724
2012-08-23,7.57484288167956
2012-08-24,7.5309523772041
2012-08-25,7.5143636876702
2012-08-26,7.50035012647563
2012-08-27,7.49650201795016
2012-08-28,7.48610064064643
2012-08-29,7.47922886507146
2012-08-30,7.48314793449238
2012-08-31,7.47797250975373
2012-09-01,7.47083412515954
2012-09-02,7.47598824809931
2012-09-03,7.47398013257141
2012-09-04,7.4808275353962
2012-09-05,7.4753502769457
2012-09-06,7.46008327091229
2012-09-07,7.44367012301452
2012-09-08,7.45903837950066
2012-09-09,7.4698930885835
2012-09-10,7.45111089541458
2012-09-11,7.45585730812696
2012-09-12,7.45985375036957
2012-09-13,7.44781357777433
2012-09-14,7.44544099329886
2012-09-15,7.454159305677
2012-09-16,7.45735158144957
2012-09-17,7.48390842995912
2012-09-18,7.48581497528941
2012-09-19,7.49064385543938
2012-09-20,7.49767835095527
2012-09-21,7.50258789632525
2012-09-22,7.52327314019028
2012-09-23,7.5175748186503
2012-09-24,7.51031709078272
2012-09-25,7.50475077431157
2012-09-26,7.4989248042678
2012-09-27,7.50278673125782
2012-09-28,7.50848503891931
2012-09-29,7.52754542326718
2012-09-30,7.57545857672189
2012-10-01,7.60478086610797
2012-10-02,7.64156751261258
2012-10-03,7.73723750144338
2012-10-04,7.77456979957373
2012-10-05,7.79594300945693
2012-10-06,7.78324764701175
2012-10-07,7.74960426976683
2012-10-08,7.8104737194214
2012-10-09,7.8098172186551
2012-10-10,7.83667820001054
2012-10-11,7.82400810743304
2012-10-12,7.84094408240591
2012-10-13,7.93673560192653
2012-10-14,7.97442132355405
2012-10-15,8.03149820555253
2012-10-16,7.96025405620933
2012-10-17,7.79492327952851
2012-10-18,7.89822364058988
2012-10-19,7.71804617711875
2012-10-20,7.64650829548439
2012-10-21,7.38573515453106
2012-10-22,7.41440604234568
2012-10-23,7.34153478810301
2012-10-24,6.75971756474381
2012-10-25,6.72234216086933
2012-10-26,6.72153128230518
2012-10-27,6.76083464770872
2012-10-28,6.82542907424224
2012-10-29,6.81031463304829
2012-10-30,6.62659183047852
2012-10-31,6.58399866937779
2012-11-01,6.46523952657669
2012-11-02,6.40052490838037
2012-11-03,6.32573689407136
2012-11-04,6.3387633613851
2012-11-05,6.30206420205778
2012-11-06,6.26450716682586
2012-11-07,6.2513616734981
2012-11-08,6.20381206603122
2012-11-09,6.12904914936806
2012-11-10,6.13005832628052
2012-11-11,6.12474687476771
2012-11-12,6.02058622841286
2012-11-13,5.91375390683708
2012-11-14,5.89121792457111
2012-11-15,5.84109050122344
2012-11-16,5.72863308815907
2012-11-17,5.66179307867392
2012-11-18,5.75510092764901
2012-11-19,5.86823426497689
2012-11-20,5.74772678783631
2012-11-21,5.71200670483965
2012-11-22,5.60803265890494
2012-11-23,5.52792344678789
2012-11-24,5.5778847206816
2012-11-25,5.43794139560046
2012-11-26,5.35618922195046
2012-11-27,5.1909840682318
2012-11-28,5.10813686434726
2012-11-29,5.01650581780149
2012-11-30,4.91760831735819
2012-12-01,4.890302350314
2012-12-02,4.85127386158896
2012-12-03,4.76559281435293
2012-12-04,4.58140323435328
2012-12-05,4.49463000280153
2012-12-06,4.44745515691444
2012-12-07,4.48005649376483
2012-12-08,4.42828267619533
2012-12-09,4.39977577202757
2012-12-10,4.37205035132648
2012-12-11,4.36300743975597
2012-12-12,4.37892406871857
2012-12-13,4.37158733412014
2012-12-14,4.38614187780141
2012-12-15,4.40218119088072
2012-12-16,4.39096984502959
2012-12-17,4.3840626370933
2012-12-18,4.40089549772853
2012-12-19,4.40362705684417
2012-12-20,4.41535428372396
2012-12-21,4.40134681843358
2012-12-22,4.38148739591644
2012-12-23,4.29351878141492
2012-12-24,4.2721734642315
2012-12-25,4.25643351210488
2012-12-26,4.38876263425929
2012-12-27,4.40291748510744
2012-12-28,4.38984171403657
2012-12-29,4.39145804416238
2012-12-30,4.36948895041723
2012-12-31,4.36118526480075
2013-01-01,4.34008402629167
2013-01-02,4.37226272965154
2013-01-03,4.35000852183021
2013-01-04,4.34289464365876
2013-01-05,4.35941107431252
2013-01-06,4.3749181323198
2013-01-07,4.34493110709245
2013-01-08,4.31098354016884
2013-01-09,4.29847853046574
2013-01-10,4.3537057089406
2013-01-11,4.33255404302375
2013-01-12,4.33994206195285
2013-01-13,4.32115415782238
2013-01-14,4.38377023752754
2013-01-15,4.4810760176136
2013-01-16,4.50831349433659
2013-01-17,4.55106924444287
2013-01-18,4.62248705173829
2013-01-19,4.74330253289246
2013-01-20,4.81920742944318
2013-01-21,4.89635053285193
2013-01-22,5.00780530666912
2013-01-23,5.1106902179771
2013-01-24,5.17584869821706
2013-01-25,5.31229264344742
2013-01-26,5.41342502450176
2013-01-27,5.58754951827506
2013-01-28,5.50245764494692
2013-01-29,5.5696975689272
2013-01-30,5.63782262508238
2013-01-31,5.64561623760835
2013-02-01,5.65510057574631
2013-02-02,6.453571061444
2013-02-03,6.40760614476055
2013-02-04,6.37521690197766
2013-02-05,6.36360329113067
2013-02-06,6.28220001218617
2013-02-07,6.2840961781708
2013-02-08,6.31686687987272
2013-02-09,6.30857873292175
2013-02-10,6.29773438468286
2013-02-11,6.30408300345979
2013-02-12,6.28783055915157
2013-02-13,6.2833136950356
2013-02-14,6.27020219724107
2013-02-15,6.24513284656328
2013-02-16,6.25190851010467
2013-02-17,6.23275500651542
2013-02-18,6.23804489395011
2013-02-19,6.25229811512486
2013-02-20,6.22145065325303
2013-02-21,6.2132913668603
2013-02-22,6.26796637953685
2013-02-23,6.25936293959865
2013-02-24,6.20817271217374
2013-02-25,6.21025445310883
2013-02-26,6.23877665857872
2013-02-27,6.22532201701192
2013-02-28,6.20303943253895
2013-03-01,6.18855535377693
2013-03-02,6.15494122177284
2013-03-03,6.13132872485584
2013-03-04,6.10048068673772
2013-03-05,6.10768008990989
2013-03-06,6.16768450318536
2013-03-07,6.17375608142901
2013-03-08,6.20459404090625
2013-03-09,6.19261011191203
2013-03-10,6.15569833463673
2013-03-11,6.14111312978871
2013-03-12,6.168463453388
2013-03-13,6.20705768347073
2013-03-14,6.21434109708723
2013-03-15,6.18743507781303
2013-03-16,6.1873370218995
2013-03-17,6.17490813535559
2013-03-18,6.19491459164638
2013-03-19,6.17364165379928
2013-03-20,6.13784579880481
2013-03-21,6.13045607879449
2013-03-22,6.11151640809562
2013-03-23,6.07999878872548
2013-03-24,6.08785961314935
2013-03-25,6.15285950578264
2013-03-26,6.20409368206124
2013-03-27,6.21428497240147
2013-03-28,6.21518031992208
2013-03-29,6.36240980938095
2013-03-30,6.40511223652167
2013-03-31,6.40554993770741
2013-04-01,6.4255796450456
2013-04-02,6.42416745834913
2013-04-03,6.48289945573804
2013-04-04,6.50430586469599
2013-04-05,6.50894479006225
2013-04-06,6.51148115005432
2013-04-07,6.51540843848482
2013-04-08,6.52539765269183
2013-04-09,6.53369610917415
2013-04-10,6.54335016501261
2013-04-11,6.55088834679328
2013-04-12,6.63392231758222
2013-04-13,6.62873731274704
2013-04-14,6.60960784946037
2013-04-15,6.60519169763009
2013-04-16,6.57821060380496
2013-04-17,6.59573800738106
2013-04-18,6.61233400525141
2013-04-19,6.6127859111544
2013-04-20,6.62921165002359
2013-04-21,6.62372498305054
2013-04-22,6.63679572492812
2013-04-23,6.65589046215416
2013-04-24,6.66461009954658
2013-04-25,6.68325257570719
2013-04-26,6.68257395291975
2013-04-27,6.69437327494022
2013-04-28,6.7562328350891
2013-04-29,6.84906250599486
2013-04-30,6.91702389660857
2013-05-01,7.06033804981745
2013-05-02,7.18806012211703
2013-05-03,7.30012921237482
2013-05-04,7.35048312000909
2013-05-05,7.42876739004908
2013-05-06,7.46075057062912
2013-05-07,7.48559287736748
2013-05-08,7.51215318131464
2013-05-09,7.57786477471065
2013-05-10,7.61944908689033
2013-05-11,7.67594067730846
2013-05-12,7.72622724932839
2013-05-13,7.8269015154125
2013-05-14,7.87422585426648
2013-05-15,7.90891009288801
2013-05-16,7.90883276864975
2013-05-17,7.88105108566063
2013-05-18,7.9219064552444
2013-05-19,7.96081515426145
2013-05-20,7.99970828202247
2013-05-21,8.06991455591499
2013-05-22,8.18133903149577
2013-05-23,8.19790199874953
2013-05-24,8.20702586422065
2013-05-25,8.20951252881657
2013-05-26,8.2238611267008
2013-05-27,8.22751651423167
2013-05-28,8.22086400171794
2013-05-29,8.23586628795383
2013-05-30,8.23216133550795
2013-05-31,8.24948157441593
2013-06-01,8.27066113426169
2013-06-02,8.25414652643273
2013-06-03,8.28110715801381
2013-06-04,8.3692246236127
2013-06-05,8.43619518246443
2013-06-06,8.4425181955432
2013-06-07,8.46128919816852
2013-06-08,8.52026392014994
2013-06-09,8.53113052400561
2013-06-10,8.54332561043608
2013-06-11,8.57566533352266
2013-06-12,8.58497137243643
2013-06-13,8.59573399274781
2013-06-14,8.58567388089261
2013-06-15,8.58323508125749
2013-06-16,8.62214764877769
2013-06-17,8.63826029485671
2013-06-18,8.62329298445936
2013-06-19,8.61799431825285
2013-06-20,8.60763705151534
2013-06-21,8.62788944017608
2013-06-22,8.65142767847195
2013-06-23,8.65393810167418
2013-06-24,8.64675709956262
2013-06-25,8.65719262356794
2013-06-26,8.6368175797838
2013-06-27,8.64145049214051
2013-06-28,8.64362509302764
2013-06-29,8.64746600260201
2013-06-30,8.63559909138119
2013-07-01,8.63403704406058
2013-07-02,8.6187578810908
2013-07-03,8.59029364279954
2013-07-04,8.57664839536701
2013-07-05,8.55689278382336
2013-07-06,8.51180790029384
2013-07-07,8.45158140970891
2013-07-08,8.38151141661352
2013-07-09,8.35112498156117
2013-07-10,8.37387821669109
2013-07-11,8.36588490312596
2013-07-12,8.3574363863451
2013-07-13,8.34818205263843
2013-07-14,8.33156635409899
2013-07-15,8.32829581770315
2013-07-16,8.32755771956145
2013-07-17,8.33579360927452
2013-07-18,8.33680279721815
2013-07-19,8.32883156281786
2013-07-20,8.33980647417293
2013-07-21,8.33541585120279
2013-07-22,8.34786155007472
2013-07-23,8.35477670436201
2013-07-24,8.35501004610129
2013-07-25,8.35066291997124
2013-07-26,8.35095104000914
2013-07-27,8.35475347324843
2013-07-28,8.34855423346628
2013-07-29,8.34031172207833
2013-07-30,8.33149844815641
2013-07-31,8.31534754452744
2013-08-01,8.29834717925385
2013-08-02,8.26059752172377
2013-08-03,8.26569254545247
2013-08-04,8.24274080482601
2013-08-05,8.20660022286045
2013-08-06,8.1411221958107
2013-08-07,8.127093158979
2013-08-08,8.14907910649804
2013-08-09,8.12664290527219
2013-08-10,8.12672004297667
2013-08-11,8.1180691777595
2013-08-12,8.11817318182447
2013-08-13,8.1166061896521
2013-08-14,8.11654718632415
2013-08-15,8.1058611616642
2013-08-16,8.10702746310247
2013-08-17,8.11945562084902
2013-08-18,8.1333296463894
2013-08-19,8.12069552727898
2013-08-20,8.13767733006059
2013-08-21,8.15304190013054
2013-08-22,8.15351034373526
2013-08-23,8.19606585727962
2013-08-24,8.13360262110951
2013-08-25,8.19925271836487
2013-08-26,8.16562688121119
2013-08-27,8.15598413398011
2013-08-28,8.16215321929695
2013-08-29,8.17829292137841
2013-08-30,8.18604920957991
2013-08-31,8.23248679428996
2013-09-01,8.24333513941233
2013-09-02,8.22740572885671
2013-09-03,8.22870440932682
2013-09-04,8.22560351218279
2013-09-05,8.18864744527902
2013-09-06,8.16726388519993
2013-09-07,8.12517640065298
2013-09-08,8.0665925524122
2013-09-09,8.03816445848518
2013-09-10,8.01362876975201
2013-09-11,7.98607863596625
2013-09-12,7.97935763623948
2013-09-13,NA
2013-09-14,NA
2013-09-15,NA
2013-09-16,NA
2013-09-17,NA
2013-09-18,NA
2013-09-19,NA
2013-09-20,NA
2013-09-21,NA
2013-09-22,NA
2013-09-23,NA
2013-09-24,NA
2013-09-25,NA
2013-09-26,NA
2013-09-27,NA
2013-09-28,NA
2013-09-29,NA
2013-09-30,NA
2013-10-01,NA
2013-10-02,NA
2013-10-03,NA
2013-10-04,NA
2013-10-05,NA
2013-10-06,NA
2013-10-07,NA
2013-10-08,NA
2013-10-09,NA
2013-10-10,NA
2013-10-11,NA
2013-10-12,NA
2013-10-13,NA
2013-10-14,NA
2013-10-15,NA
2013-10-16,NA
2013-10-17,NA
2013-10-18,NA
2013-10-19,NA
2013-10-20,NA
2013-10-21,NA
2013-10-22,NA
2013-10-23,NA
2013-10-24,NA
2013-10-25,NA
2013-10-26,NA
2013-10-27,NA
2013-10-28,NA
2013-10-29,NA
2013-10-30,NA
2013-10-31,NA
2013-11-01,NA
2013-11-02,NA
2013-11-03,NA
2013-11-04,NA
2013-11-05,NA
2013-11-06,NA
2013-11-07,NA
2013-11-08,NA
2013-11-09,NA
2013-11-10,NA
2013-11-11,NA
2013-11-12,NA
2013-11-13,NA
2013-11-14,NA
2013-11-15,NA
2013-11-16,NA
2013-11-17,NA
2013-11-18,NA
2013-11-19,NA
2013-11-20,NA
2013-11-21,NA
2013-11-22,NA
2013-11-23,NA
2013-11-24,NA
2013-11-25,NA
2013-11-26,NA
2013-11-27,NA
2013-11-28,NA
2013-11-29,NA
2013-11-30,NA
2013-12-01,NA
2013-12-02,NA
2013-12-03,NA
2013-12-04,NA
2013-12-05,NA
2013-12-06,NA
2013-12-07,NA
2013-12-08,NA
2013-12-09,NA
2013-12-10,NA
2013-12-11,NA
2013-12-12,NA
2013-12-13,NA
2013-12-14,NA
2013-12-15,NA
2013-12-16,NA
2013-12-17,NA
2013-12-18,NA
2013-12-19,NA
2013-12-20,NA
2013-12-21,NA
2013-12-22,NA
2013-12-23,NA
2013-12-24,NA
2013-12-25,NA
2013-12-26,NA
2013-12-27,NA
2013-12-28,NA
2013-12-29,NA
2013-12-30,NA
2013-12-31,NA
2014-01-01,4.56672404147294
2014-01-02,4.52005551893687
2014-01-03,4.70393901543329
2014-01-04,4.74896168749979
2014-01-05,4.76872319024375
2014-01-06,4.76233980705505
2014-01-07,4.83618589331167
2014-01-08,4.69886162890775
2014-01-09,4.65994639539515
2014-01-10,4.59927387118008
2014-01-11,4.5843782064798
2014-01-12,4.52740076029428
2014-01-13,4.52948922264961
2014-01-14,4.52093396319514
2014-01-15,4.5259412683418
2014-01-16,4.56297931601686
2014-01-17,4.55974518457075
2014-01-18,4.5921096107539
2014-01-19,4.6200761874771
2014-01-20,4.64879640108511
2014-01-21,4.76122785142931
2014-01-22,4.91111364477025
2014-01-23,4.9447617011536
2014-01-24,5.04785318155956
2014-01-25,5.4605103771779
2014-01-26,5.14611215796832
2014-01-27,5.21300911105815
2014-01-28,5.39080505702309
2014-01-29,5.48560214574436
2014-01-30,5.5979877665554
2014-01-31,5.63891754231472
2014-02-01,5.60510762817156
2014-02-02,5.58368037267251
2014-02-03,5.56760037407293
2014-02-04,5.54279357910401
2014-02-05,5.56801230736752
2014-02-06,5.64008939923009
2014-02-07,5.64993740237847
2014-02-08,5.66524198364201
2014-02-09,5.68635901395214
2014-02-10,5.68152539091303
2014-02-11,5.71925788809226
2014-02-12,5.67380857916783
2014-02-13,5.68793507332835
2014-02-14,5.67314180612564
2014-02-15,5.63787919589024
2014-02-16,5.67048751889112
2014-02-17,5.67543827372781
2014-02-18,5.6949291428492
2014-02-19,5.65112482840988
2014-02-20,5.65176168240866
2014-02-21,5.63089248442695
2014-02-22,5.55300716046912
2014-02-23,5.47829824566446
2014-02-24,5.43356209275358
2014-02-25,5.37573227024254
2014-02-26,5.3778215379298
2014-02-27,5.33556355483516
2014-02-28,5.33391480940356
2014-03-01,5.33501174307277
2014-03-02,5.30237906365844
2014-03-03,5.29772689267943
2014-03-04,5.24116499018501
2014-03-05,5.35351548358506
2014-03-06,5.42134275059962
2014-03-07,5.43397318333066
2014-03-08,5.47760547733757
2014-03-09,5.49091132023687
2014-03-10,5.63566796296242
2014-03-11,5.56046018494034
2014-03-12,5.55147019094748
2014-03-13,5.46124470054365
2014-03-14,5.47919411624786
2014-03-15,5.43221196996704
2014-03-16,5.5440982105584
2014-03-17,5.566793274396
2014-03-18,5.61129589912295
2014-03-19,5.60600393443465
2014-03-20,5.59712073704659
2014-03-21,5.58431770070541
2014-03-22,5.58651842030222
2014-03-23,5.57917731692634
2014-03-24,5.57630387334282
2014-03-25,5.59360066647268
2014-03-26,5.51755605358286
2014-03-27,5.44142683753949
2014-03-28,5.56320655384716
2014-03-29,5.64554043551529
2014-03-30,5.67312805340774
2014-03-31,5.75061616758671
2014-04-01,5.76820079853195
2014-04-02,5.7945626475031
2014-04-03,5.8431127780128
2014-04-04,5.86567776856319
2014-04-05,5.87307280427884
2014-04-06,5.8995708967419
2014-04-07,5.96677364074426
2014-04-08,6.01740148878517
2014-04-09,6.07125065330215
2014-04-10,6.13083090452775
2014-04-11,6.15529215043736
2014-04-12,6.22405634413871
2014-04-13,6.27911546790547
2014-04-14,6.30516509617781
2014-04-15,6.34269466186781
2014-04-16,6.50126715705038
2014-04-17,6.51562863797606
2014-04-18,6.54857397642843
2014-04-19,6.48937333550293
2014-04-20,6.53459432435389
2014-04-21,6.58158432553711
2014-04-22,6.62569759110222
2014-04-23,6.71825932577318
2014-04-24,6.70893322678676
2014-04-25,6.75023627628384
2014-04-26,6.8152687088065
2014-04-27,6.91627169267881
2014-04-28,6.97145227888051
2014-04-29,6.9958030654337
2014-04-30,7.03747878575376
2014-05-01,7.11878347918788
2014-05-02,7.19740117740787
2014-05-03,7.25525673171284
2014-05-04,7.3454380818837
2014-05-05,7.42637232816334
2014-05-06,7.46912421460669
2014-05-07,7.49878602752299
2014-05-08,7.527540718368
2014-05-09,7.51389061229427
2014-05-10,7.49187741947042
2014-05-11,7.51199160886019
2014-05-12,7.49474700035188
2014-05-13,7.49004236924994
2014-05-14,7.47230582666427
2014-05-15,7.46538830163936
2014-05-16,7.43506899646095
2014-05-17,7.4426225941521
2014-05-18,7.43214131350596
2014-05-19,7.43512592111051
2014-05-20,7.4517219118351
2014-05-21,7.45771038228996
2014-05-22,7.45217027623843
2014-05-23,7.47075458647206
2014-05-24,7.50306908806932
2014-05-25,7.55752191506908
2014-05-26,7.60138362804144
2014-05-27,7.64345407493613
2014-05-28,7.69495365793171
2014-05-29,7.75462714960014
2014-05-30,7.76852347904753
2014-05-31,7.712369368098
2014-06-01,7.68932249011217
2014-06-02,7.74173906814093
2014-06-03,7.80247188298507
2014-06-04,7.82679654865635
2014-06-05,7.90942035852584
2014-06-06,7.90974606938751
2014-06-07,7.88998958873507
2014-06-08,7.88884882281721
2014-06-09,7.89869283924798
2014-06-10,7.92097018033918
2014-06-11,7.91879700089115
2014-06-12,7.91206749883816
2014-06-13,7.90097566633583
2014-06-14,7.89551662070995
2014-06-15,7.88803821005124
2014-06-16,7.89806316954492
2014-06-17,7.9123454518862
2014-06-18,7.90693635132418
2014-06-19,7.90783609427139
2014-06-20,7.9067390256153
2014-06-21,7.9216407087425
2014-06-22,7.93910641539098
2014-06-23,7.95172755702595
2014-06-24,7.95164538294839
2014-06-25,7.94200910935234
2014-06-26,7.93408943310699
2014-06-27,7.93322654774097
2014-06-28,7.93902201738585
2014-06-29,7.94650363002803
2014-06-30,7.95750603756318
2014-07-01,7.95527186491791
2014-07-02,7.93066245240585
2014-07-03,7.9101009379599
2014-07-04,7.90540118035252
2014-07-05,7.88803781629377
2014-07-06,7.87645458038476
2014-07-07,7.85445955810468
2014-07-08,7.8074902225814
2014-07-09,7.78663566364619
2014-07-10,7.77365515452074
2014-07-11,7.75779021714681
2014-07-12,7.74522715148651
2014-07-13,7.7493019125279
2014-07-14,7.7446088954851
2014-07-15,7.72289974631759
2014-07-16,7.72359294103158
2014-07-17,7.72105883047215
2014-07-18,7.70064755768199
2014-07-19,7.69453018029885
2014-07-20,7.69211882896149
2014-07-21,7.67578089824629
2014-07-22,7.66546163530039
2014-07-23,7.65830871317665
2014-07-24,7.60269879956578
2014-07-25,7.59750861545897
2014-07-26,7.59231650183395
2014-07-27,7.59600579181224
2014-07-28,7.55995794315484
2014-07-29,7.53629222742558
2014-07-30,7.49712623496223
2014-07-31,7.50819301426204
2014-08-01,7.5169802748723
2014-08-02,7.52328388718385
2014-08-03,7.52995659454459
2014-08-04,7.52158091691054
2014-08-05,7.51889372623961
2014-08-06,7.53876778642199
2014-08-07,7.56135565864167
2014-08-08,7.56637106486792
2014-08-09,7.57634097541813
2014-08-10,7.5984836616402
2014-08-11,7.60286319937044
2014-08-12,7.60514781609115
2014-08-13,7.62308497420388
2014-08-14,7.62300533885312
2014-08-15,7.62662233357381
2014-08-16,7.61669826043714
2014-08-17,7.62509351767018
2014-08-18,7.6194063464988
2014-08-19,7.62401664117126
2014-08-20,7.64279272514332
2014-08-21,7.64410998893623
2014-08-22,7.66537165810876
2014-08-23,7.65727197142208
2014-08-24,7.65036268544167
2014-08-25,7.65869952955309
2014-08-26,7.64585537834378
2014-08-27,7.63699805724108
2014-08-28,7.62983702185326
2014-08-29,7.6189865700228
2014-08-30,7.6001205445991
2014-08-31,7.6084880437652
2014-09-01,7.45347847381294
2014-09-02,7.447518040799
2014-09-03,7.38440550320542
2014-09-04,7.37031765487612
2014-09-05,7.35975649122123
2014-09-06,7.36487963244487
2014-09-07,7.29868581774569
2014-09-08,7.29924616770835
2014-09-09,7.34428332953513
2014-09-10,7.32038436174218
2014-09-11,7.27678263240329
2014-09-12,7.19921984794554
2014-09-13,6.97043586584755
2014-09-14,7.18512805645244
2014-09-15,7.21639843244142
2014-09-16,7.29320715491856
2014-09-17,7.38798398818374
2014-09-18,7.38126938093153
2014-09-19,7.38526765995367
2014-09-20,7.48603251734247
2014-09-21,7.4823909750898
2014-09-22,7.43331957615066
2014-09-23,7.42307430272358
2014-09-24,7.4372616171816
2014-09-25,7.4462638462503
2014-09-26,7.47851819318559
2014-09-27,7.51841608638978
2014-09-28,7.57636385157773
2014-09-29,7.62418950682999
2014-09-30,7.67301099277839
2014-10-01,7.7457822982984
2014-10-02,7.77816001953209
2014-10-03,7.80308912125369
2014-10-04,7.80881188790835
2014-10-05,7.81009191202332
2014-10-06,7.80676908914983
2014-10-07,7.67810346424057
2014-10-08,7.25579694846377
2014-10-09,7.35235709751598
2014-10-10,7.39605097796778
2014-10-11,7.38813593680558
2014-10-12,7.3568154667941
2014-10-13,7.5226477150017
2014-10-14,7.48246163456942
2014-10-15,7.53554999964908
2014-10-16,7.54827973305932
2014-10-17,7.34271218649805
2014-10-18,7.25023707891513
2014-10-19,7.10513442487187
2014-10-20,7.08961694493605
2014-10-21,7.02605660890818
2014-10-22,6.9301777582154
2014-10-23,6.90951624297279
2014-10-24,6.84474806214511
2014-10-25,6.64720287835885
2014-10-26,6.5094561318099
2014-10-27,6.52868525418658
2014-10-28,6.49219990065802
2014-10-29,6.51268621682617
2014-10-30,6.49361299118683
2014-10-31,6.55873581491683
2014-11-01,6.52155269241846
2014-11-02,6.57511630741997
2014-11-03,6.64714684953961
2014-11-04,6.62380942675961
2014-11-05,6.61361066210917
2014-11-06,6.61738777015786
2014-11-07,6.63812911562646
2014-11-08,6.62590773669733
2014-11-09,6.61220679204731
2014-11-10,6.61064392878812
2014-11-11,6.57598893993652
2014-11-12,6.57113876069221
2014-11-13,6.59825381388854
2014-11-14,6.61709488080804
2014-11-15,6.66220695519784
2014-11-16,6.6008381519269
2014-11-17,6.63828962224219
2014-11-18,6.60581181006448
2014-11-19,6.20895819537677
2014-11-20,6.28180518055232
2014-11-21,6.19561248960625
2014-11-22,6.10829031580067
2014-11-23,5.42793496562097
2014-11-24,5.37335687697619
2014-11-25,5.26033884188811
2014-11-26,5.08630941944961
2014-11-27,5.01804752071261
2014-11-28,4.94240696380363
2014-11-29,4.93594669019967
2014-11-30,4.91646389093338
2014-12-01,4.90972662912231
2014-12-02,4.86143589564493
2014-12-03,4.85563154871388
2014-12-04,4.76095389780097
2014-12-05,4.75129765967069
2014-12-06,4.80003387878339
2014-12-07,4.81000348044017
2014-12-08,4.83104822236476
2014-12-09,4.87233173177003
2014-12-10,4.84678830722928
2014-12-11,4.90681534805896
2014-12-12,4.92663146682373
2014-12-13,4.9813401269213
2014-12-14,4.97459045046332
2014-12-15,4.98403130530298
2014-12-16,5.02591245150685
2014-12-17,5.00749133123275
2014-12-18,5.03175158853884
2014-12-19,4.88019108461543
2014-12-20,4.84303973981704
2014-12-21,4.82829605905633
2014-12-22,4.78115612407783
2014-12-23,4.75709495334428
2014-12-24,4.65829206861852
2014-12-25,4.61499334511414
2014-12-26,4.61165366009437
2014-12-27,4.61640737621815
2014-12-28,4.62338210220868
2014-12-29,4.59463145326525
2014-12-30,4.60130161733671
2014-12-31,4.63279315229162
2015-01-01,4.4688622980662
2015-01-02,4.40917119069909
2015-01-03,4.21175819788224
2015-01-04,4.33670072981289
2015-01-05,4.39914970063504
2015-01-06,4.50552979578317
2015-01-07,4.60615970284776
2015-01-08,4.63356313494378
2015-01-09,4.59887656795735
2015-01-10,4.60553237683453
2015-01-11,4.51151052638793
2015-01-12,4.5660011524681
2015-01-13,4.52917826272383
2015-01-14,4.52920061910854
2015-01-15,4.54239365233795
2015-01-16,4.54045066949124
2015-01-17,4.54534078248194
2015-01-18,4.56014829337266
2015-01-19,4.62293506501149
2015-01-20,4.69468024096064
2015-01-21,4.72126543395511
2015-01-22,4.83682162300145
2015-01-23,4.78736536124426
2015-01-24,4.76566578011818
2015-01-25,5.06040696601967
2015-01-26,5.17753574377084
2015-01-27,5.17600955132017
2015-01-28,5.18884838087979
2015-01-29,5.10618116739455
2015-01-30,5.01034823601794
2015-01-31,5.020734922748
2015-02-01,5.0427512136496
2015-02-02,5.07618052054172
2015-02-03,5.16224573901699
2015-02-04,5.16573698753181
2015-02-05,5.22071092682225
2015-02-06,5.22976977089358
2015-02-07,5.15253512256638
2015-02-08,5.10693602583444
2015-02-09,5.16309661477701
2015-02-10,5.21342519362839
2015-02-11,5.27677208900452
2015-02-12,5.30873907735147
2015-02-13,5.27930246227701
2015-02-14,5.33418652980107
2015-02-15,5.37397394588302
2015-02-16,5.28225860694944
2015-02-17,5.26360138839576
2015-02-18,5.2852812909279
2015-02-19,5.22394728404754
2015-02-20,5.18712909406016
2015-02-21,5.15361176792231
2015-02-22,5.13171135543365
2015-02-23,5.20763485777955
2015-02-24,5.21853131715048
2015-02-25,5.25365198519653
2015-02-26,5.5255990790281
2015-02-27,5.59473661453238
2015-02-28,5.63549804860626
2015-03-01,5.69996836986641
2015-03-02,5.73004246889796
2015-03-03,5.70019973432251
2015-03-04,5.71703607472605
2015-03-05,5.73442591113365
2015-03-06,5.74540668867246
2015-03-07,5.7592075957281
2015-03-08,5.76040263363164
2015-03-09,5.76375169634679
2015-03-10,5.77491952838987
2015-03-11,5.7796755715911
2015-03-12,5.79835480932312
2015-03-13,5.75786883255208
2015-03-14,5.78878050616945
2015-03-15,5.79907766896105
2015-03-16,5.75571299349471
2015-03-17,5.6574073035501
2015-03-18,5.60750843924231
2015-03-19,5.71457043769104
2015-03-20,5.78820063699539
2015-03-21,5.84091693461213
2015-03-22,5.82866941362445
2015-03-23,5.6886513484217
2015-03-24,5.66056844307681
2015-03-25,5.67538060286543
2015-03-26,5.70405450155471
2015-03-27,5.74096173835389
2015-03-28,5.74064401582752
2015-03-29,5.729910766906
2015-03-30,5.72577396217658
2015-03-31,5.73723261827935
2015-04-01,5.74786766059455
2015-04-02,5.75591108358117
2015-04-03,5.76707487195762
2015-04-04,5.77172195242586
2015-04-05,5.77200925672829
2015-04-06,5.77361087283588
2015-04-07,5.77401868363527
2015-04-08,5.79065530848379
2015-04-09,5.79541596066249
2015-04-10,5.80593950605972
2015-04-11,5.82632802403761
2015-04-12,5.86100661393199
2015-04-13,5.90831892494982
2015-04-14,5.95779130443749
2015-04-15,5.99680003397027
2015-04-16,6.01421894121485
2015-04-17,6.06032000781961
2015-04-18,6.13095184631942
2015-04-19,6.43602457232891
2015-04-20,6.49393523316644
2015-04-21,6.50532650210595
2015-04-22,6.53438167004027
2015-04-23,6.64369126500336
2015-04-24,6.71588107770319
2015-04-25,6.77857793139785
2015-04-26,6.81870313352882
2015-04-27,6.8373999923277
2015-04-28,6.94228928402998
2015-04-29,7.00014005512052
2015-04-30,7.04371169402445
2015-05-01,7.09307738498432
2015-05-02,7.1389737096015
2015-05-03,7.15687874531331
2015-05-04,7.16894603383286
2015-05-05,7.18901138804793
2015-05-06,7.21549048996306
2015-05-07,7.23961679561784
2015-05-08,7.25971258650382
2015-05-09,7.30993722073708
2015-05-10,7.30982305909592
2015-05-11,7.28452148934859
2015-05-12,7.38368939483815
2015-05-13,7.43367269910941
2015-05-14,7.42432440840299
2015-05-15,7.43807126695222
2015-05-16,7.44659882748784
2015-05-17,7.52305493943055
2015-05-18,7.53036132946629
2015-05-19,7.55775585347174
2015-05-20,7.58231912523863
2015-05-21,7.58376555615671
2015-05-22,7.6081908994121
2015-05-23,7.6622553334293
2015-05-24,7.79271298185463
2015-05-25,7.79947479252779
2015-05-26,7.87349586419676
2015-05-27,7.96417089746278
2015-05-28,7.96629774467104
2015-05-29,7.96639491892606
2015-05-30,7.96995910893517
2015-05-31,7.94708478400476
2015-06-01,7.9563746818579
2015-06-02,7.8263717706269
2015-06-03,7.80772794673956
2015-06-04,7.80246680723632
2015-06-05,7.79060316345354
2015-06-06,7.7737599035278
2015-06-07,7.77371360930817
2015-06-08,7.76645327215366
2015-06-09,7.78131657718075
2015-06-10,7.79402891058642
2015-06-11,7.79419585591616
2015-06-12,7.78352793422616
2015-06-13,7.8051375063307
2015-06-14,7.806959001835
2015-06-15,7.8119882988879
2015-06-16,7.81800758573927
2015-06-17,7.81979368427326
2015-06-18,7.81756952593234
2015-06-19,7.84111637353705
2015-06-20,7.871331730916
2015-06-21,7.89904860670555
2015-06-22,7.94381612483048
2015-06-23,7.95124289966289
2015-06-24,7.97289000038201
2015-06-25,7.97426866819533
2015-06-26,7.98149371270632
2015-06-27,7.97577092893861
2015-06-28,7.9716774590349
2015-06-29,7.95245118857899
2015-06-30,7.93735722538514
2015-07-01,7.93301963295373
2015-07-02,7.94321987552311
2015-07-03,7.94485536946526
2015-07-04,7.97803531282478
2015-07-05,7.96216050967847
2015-07-06,7.95411213548669
2015-07-07,7.93366214202128
2015-07-08,7.85681739265151
2015-07-09,7.82407937841493
2015-07-10,7.84024063502729
2015-07-11,7.82871601897764
2015-07-12,7.82605488927594
2015-07-13,7.82470243073559
2015-07-14,7.83873078424679
2015-07-15,7.86203936598119
2015-07-16,7.86390526559465
2015-07-17,7.84877974759847
2015-07-18,7.8372867283514
2015-07-19,7.82263474277842
2015-07-20,7.79210414697797
2015-07-21,7.78295603899723
2015-07-22,7.75875192565438
2015-07-23,7.73827854719879
2015-07-24,7.72106729903954
2015-07-25,7.71596170004735
2015-07-26,7.70026890886387
2015-07-27,7.70621537555268
2015-07-28,7.74225602969952
2015-07-29,7.73375389769481
2015-07-30,7.71620487193108
2015-07-31,7.67316692864239
2015-08-01,7.65750221642282
2015-08-02,7.64734827913506
2015-08-03,7.6457036096218
2015-08-04,7.64329165566638
2015-08-05,7.63700041586929
2015-08-06,7.63534147697777
2015-08-07,7.61810315223818
2015-08-08,7.60432610197303
2015-08-09,7.60967584236471
2015-08-10,7.59772285674047
2015-08-11,7.53613020857365
2015-08-12,7.54441097086579
2015-08-13,7.53809067174062
2015-08-14,7.51947630827436
2015-08-15,7.519716245573
2015-08-16,7.52283281585235
2015-08-17,7.51674997050435
2015-08-18,7.52804978577626
2015-08-19,7.53017524162558
2015-08-20,7.49711030087603
2015-08-21,7.52799071396411
2015-08-22,7.46078858360015
2015-08-23,7.38225899588136
2015-08-24,7.39101112849549
2015-08-25,7.26957274205949
2015-08-26,7.37676465654984
2015-08-27,7.40470237354863
2015-08-28,7.40488804924727
2015-08-29,7.41875426700362
2015-08-30,7.46518281469502
2015-08-31,7.43605058915128
2015-09-01,7.43397743284568
2015-09-02,7.46128816786602
2015-09-03,7.52739440525467
2015-09-04,7.56616160045354
2015-09-05,7.57438686792229
2015-09-06,7.5628035575271
2015-09-07,7.56699216801295
2015-09-08,7.57848395483963
2015-09-09,7.58418276755309
2015-09-10,7.59281298531727
2015-09-11,7.56525102798707
2015-09-12,7.63970679762166
2015-09-13,7.64266208510512
2015-09-14,7.6123002816342
2015-09-15,7.56788605794887
2015-09-16,7.54612637316795
2015-09-17,7.56843049708098
2015-09-18,7.54569781468379
2015-09-19,7.59402261279423
2015-09-20,7.58052328562786
2015-09-21,7.58440861929327
2015-09-22,7.5925763227523
2015-09-23,7.57850028361949
2015-09-24,7.58961998020515
2015-09-25,7.58686885769827
2015-09-26,7.57122243445418
2015-09-27,7.58773531648473
2015-09-28,7.54811159223523
2015-09-29,7.56290904187552
2015-09-30,7.57312097167919
2015-10-01,7.51408363695979
2015-10-02,7.44797461100056
2015-10-03,7.43326386053863
2015-10-04,7.48230557695619
2015-10-05,7.47556764975689
2015-10-06,7.55110913585663
2015-10-07,7.5670284016266
2015-10-08,7.58040432720886
2015-10-09,7.61355582550708
2015-10-10,7.63220710416025
2015-10-11,7.61928991710143
2015-10-12,7.67225472034328
2015-10-13,7.70195145498037
2015-10-14,7.59893537488391
2015-10-15,7.57064518176409
2015-10-16,7.56937580531402
2015-10-17,7.43465248581364
2015-10-18,7.30052871600878
2015-10-19,7.10035047251377
2015-10-20,6.95409465797953
2015-10-21,6.76806343880437
2015-10-22,6.71357731234247
2015-10-23,6.67841380163451
2015-10-24,6.67575416116183
2015-10-25,6.62787228491793
2015-10-26,6.6256602248748
2015-10-27,6.62077008773207
2015-10-28,6.57942424375681
2015-10-29,6.5528945857872
2015-10-30,6.40362185319069
2015-10-31,6.28521610534943
2015-11-01,6.18459643325302
2015-11-02,6.20308188982713
2015-11-03,6.21399509012799
2015-11-04,6.21039776750928
2015-11-05,6.21300091371483
2015-11-06,6.20024431144771
2015-11-07,6.17984340881879
2015-11-08,6.18642710604602
2015-11-09,6.1775872311796
2015-11-10,6.15987686542178
2015-11-11,6.13832052081337
2015-11-12,6.10964651562631
2015-11-13,6.09972085110422
2015-11-14,6.0722413137807
2015-11-15,6.03875505933084
2015-11-16,5.99415253681607
2015-11-17,5.84885618682772
2015-11-18,5.73154485997561
2015-11-19,5.57399325327476
2015-11-20,5.44561374221964
2015-11-21,5.4097324965167
2015-11-22,5.45335326816355
2015-11-23,5.41968530599753
2015-11-24,5.32380706054278
2015-11-25,5.23126018409314
2015-11-26,5.19796215568893
2015-11-27,5.14845940438799
2015-11-28,5.15195930500113
2015-11-29,5.12524141952522
2015-11-30,5.0882137647764
2015-12-01,5.05475913602016
2015-12-02,4.93979251673727
2015-12-03,4.94631414067858
2015-12-04,4.96288791618585
2015-12-05,5.10481342600482
2015-12-06,5.23554726424311
2015-12-07,5.25694058801554
2015-12-08,5.08507875861963
2015-12-09,5.14907721997241
2015-12-10,5.14153903395547
2015-12-11,4.99295315429022
2015-12-12,5.01265292305378
2015-12-13,4.98357522151049
2015-12-14,4.97129875637436
2015-12-15,4.92674793089227
2015-12-16,4.89970169845202
2015-12-17,4.84633158412279
2015-12-18,4.76237027956872
2015-12-19,NA
2015-12-20,4.68535527494316
2015-12-21,4.54483466970828
2015-12-22,4.58683555967668
2015-12-23,4.58353218356919
2015-12-24,4.56048096198756
2015-12-25,4.54442963806173
2015-12-26,4.55085834539379
2015-12-27,4.53263104001094
2015-12-28,4.54593156739927
2015-12-29,4.5505443580278
2015-12-30,4.54760157234815
2015-12-31,4.53575032871114
2016-01-01,4.55636530812404
2016-01-02,4.53883654761378
2016-01-03,4.58615274338123
2016-01-04,4.5768944336049
2016-01-05,4.55869659026464
2016-01-06,NA
2016-01-07,4.59180966318263
2016-01-08,4.62890169101943
2016-01-09,4.58044156551527
2016-01-10,4.53825885975489
2016-01-11,4.49097126773216
2016-01-12,4.45891410789074
2016-01-13,4.43057814799418
2016-01-14,4.42761669388912
2016-01-15,4.39353118729642
2016-01-16,4.40783946534874
2016-01-17,4.38211100585479
2016-01-18,4.44704561959374
2016-01-19,4.49501912275455
2016-01-20,4.50854188161731
2016-01-21,4.55943123485455
2016-01-22,4.72380541889972
2016-01-23,5.26352409473167
2016-01-24,5.63793847228278
2016-01-25,5.78635925637831
2016-01-26,5.77177686094623
2016-01-27,5.80203358272387
2016-01-28,5.83562562764937
2016-01-29,5.84435595619369
2016-01-30,5.86053050896235
2016-01-31,5.88523598997501
2016-02-01,5.86113122016617
2016-02-02,5.92782384274887
2016-02-03,5.87805257888888
2016-02-04,5.81363364395674
2016-02-05,5.81875563787586
2016-02-06,5.82400297173982
2016-02-07,5.79676416167671
2016-02-08,5.56900657427356
2016-02-09,5.40515588636669
2016-02-10,5.27448222537346
2016-02-11,5.41875817611131
2016-02-12,5.45679462551686
2016-02-13,5.45091741386536
2016-02-14,5.47831681742686
2016-02-15,5.4766991734825
2016-02-16,5.50024616896265
2016-02-17,5.53306055029627
2016-02-18,5.45219004522135
2016-02-19,5.43295262575747
2016-02-20,5.47201928626781
2016-02-21,5.96068883241867
2016-02-22,6.09116213118497
2016-02-23,6.15776429480995
2016-02-24,6.39055981284042
2016-02-25,6.35335284922558
2016-02-26,6.27818859606939
2016-02-27,6.18692341848379
2016-02-28,6.1273915210297
2016-02-29,6.09784774870956
2016-03-01,6.04590914305808
2016-03-02,6.03199874769984
2016-03-03,6.01944923450615
2016-03-04,5.96735401126637
2016-03-05,5.9649866348037
2016-03-06,5.97070903194059
2016-03-07,6.0540270082522
2016-03-08,6.06159958355076
2016-03-09,5.95048462893031
2016-03-10,5.86240740697726
2016-03-11,5.79791943119754
2016-03-12,5.76265605108198
2016-03-13,5.67301432387148
2016-03-14,5.57149371722661
2016-03-15,5.49045696992063
2016-03-16,5.4808685541705
2016-03-17,5.4780708155177
2016-03-18,5.38533769374574
2016-03-19,5.42219732513724
2016-03-20,5.46500329523361
2016-03-21,5.47749239856299
2016-03-22,5.56627656724153
2016-03-23,5.58757914105752
2016-03-24,5.6292714025592
2016-03-25,5.64588422412935
2016-03-26,5.65615573946244
2016-03-27,5.66655864498642
2016-03-28,5.6947620155796
2016-03-29,5.71186480635389
2016-03-30,5.76003396279202
2016-03-31,5.76361737624221
2016-04-01,5.76667963806327
2016-04-02,5.77607323265593
2016-04-03,5.78034126065449
2016-04-04,5.79523776171359
2016-04-05,5.81395034441298
2016-04-06,5.82477698666209
2016-04-07,5.8376934971494
2016-04-08,5.86348509933873
2016-04-09,5.88311191827701
2016-04-10,5.90005119481694
2016-04-11,5.91432192091347
2016-04-12,5.93579260720837
2016-04-13,5.9911141010913
2016-04-14,6.01285770609411
2016-04-15,6.06543882068356
2016-04-16,6.11176549196385
2016-04-17,6.1753401719696
2016-04-18,6.35994998852662
2016-04-19,6.42509372331578
2016-04-20,6.5536411644781
2016-04-21,6.69201387998635
2016-04-22,6.73312612070217
2016-04-23,6.78959649306337
2016-04-24,6.82004931809186
2016-04-25,6.86456702206132
2016-04-26,6.88196658779534
2016-04-27,6.89875441007307
2016-04-28,6.91227192976088
2016-04-29,6.94178150172229
2016-04-30,6.96649260369758
2016-05-01,7.06289766289636
2016-05-02,7.09074657966311
2016-05-03,7.12799536146261
2016-05-04,7.1494918923597
2016-05-05,7.20173755403252
2016-05-06,7.21960295033145
2016-05-07,7.26727627245981
2016-05-08,7.28167723768496
2016-05-09,7.28141637721478
2016-05-10,7.28460890107485
2016-05-11,7.28339423921684
2016-05-12,7.2937223472089
2016-05-13,7.30118348338625
2016-05-14,7.30491681307067
2016-05-15,7.33131136925392
2016-05-16,7.35409582953776
2016-05-17,7.38368105534147
2016-05-18,7.39091177006459
2016-05-19,7.41150952052391
2016-05-20,7.41594695082187
2016-05-21,7.39810843887081
2016-05-22,7.40899884890391
2016-05-23,7.5429698100595
2016-05-24,7.49613217965617
2016-05-25,7.58299186064296
2016-05-26,7.62223645907555
2016-05-27,7.63594760446124
2016-05-28,7.64340710650931
2016-05-29,7.6564413507848
2016-05-30,7.66955980158025
2016-05-31,7.73221859364361
2016-06-01,7.81220626212374
2016-06-02,7.86664605481108
2016-06-03,7.88570165417349
2016-06-04,7.90457390196546
2016-06-05,7.92110016129857
2016-06-06,7.93609794379721
2016-06-07,7.94775579469199
2016-06-08,7.96759623175572
2016-06-09,7.98200548835518
2016-06-10,7.99050421855852
2016-06-11,7.99898690781696
2016-06-12,8.01267818965627
2016-06-13,8.00713078715889
2016-06-14,8.01047078614788
2016-06-15,8.02751487034701
2016-06-16,8.02332096560176
2016-06-17,8.02035549347838
2016-06-18,8.02903932609378
2016-06-19,8.0372024717354
2016-06-20,8.04931765304393
2016-06-21,8.05237942962155
2016-06-22,8.03792321891837
2016-06-23,8.0181922190566
2016-06-24,8.01649727015923
2016-06-25,8.0116863015552
2016-06-26,8.00791297913805
2016-06-27,8.00342993112396
2016-06-28,7.99198224055166
2016-06-29,7.97999336458119
2016-06-30,7.97424640842026
2016-07-01,7.94503826262652
2016-07-02,7.91892673298039
2016-07-03,7.85254284444386
2016-07-04,7.82265172812851
2016-07-05,7.81988413635996
2016-07-06,7.8118443106812
2016-07-07,7.80976557858945
2016-07-08,7.72386613119779
2016-07-09,7.73039790269745
2016-07-10,7.72410809659907
2016-07-11,7.7544938223101
2016-07-12,7.76043093727249
2016-07-13,7.72838387330299
2016-07-14,7.74305078137073
2016-07-15,7.75907979126323
2016-07-16,7.76703208959838
2016-07-17,7.657399846461
2016-07-18,7.65551169285153
2016-07-19,7.69888251548405
2016-07-20,7.70928574478283
2016-07-21,7.59826426745806
2016-07-22,7.60311431690923
2016-07-23,7.60452114186445
2016-07-24,7.61018602978161
2016-07-25,7.62117433528074
2016-07-26,7.62494883624719
2016-07-27,7.57568722403877
2016-07-28,7.58416167779848
2016-07-29,7.55439330486864
2016-07-30,7.53402088266746
2016-07-31,7.52896714555925
2016-08-01,7.53503003070044
2016-08-02,7.54042398378045
2016-08-03,7.54186772090064
2016-08-04,7.53409134423908
2016-08-05,7.57354248683944
2016-08-06,7.63323568894157
2016-08-07,7.65863843762562
2016-08-08,7.65633228664447
2016-08-09,7.66867334425834
2016-08-10,7.67365824280986
2016-08-11,7.65881436077067
2016-08-12,7.63093296517104
2016-08-13,7.60915104474491
2016-08-14,7.62235590904773
2016-08-15,7.63821098811486
2016-08-16,7.62667052456234
2016-08-17,7.6238888867292
2016-08-18,7.6007778267692
2016-08-19,7.57723843216731
2016-08-20,7.58044630295942
2016-08-21,7.54177961383522
2016-08-22,7.52320190809401
2016-08-23,7.54036692478092
2016-08-24,7.56199121666287
2016-08-25,7.56714241347256
2016-08-26,7.56144274955502
2016-08-27,7.55980414387354
2016-08-28,7.55181776802547
2016-08-29,7.551476438564
2016-08-30,7.5245029287264
2016-08-31,7.51479883330358
2016-09-01,7.5128925099987
2016-09-02,7.48732299001321
2016-09-03,7.52696173682895
2016-09-04,7.51932419749888
2016-09-05,7.49347656533288
2016-09-06,7.49335009710737
2016-09-07,7.47739970468006
2016-09-08,7.46560184209793
2016-09-09,7.417749536034
2016-09-10,7.78397910597348
2016-09-11,7.79019156631435
2016-09-12,7.79052378098965
2016-09-13,7.78201478986168
2016-09-14,7.78064895766214
2016-09-15,7.80399173577196
2016-09-16,7.81929025790669
2016-09-17,7.80070318037751
2016-09-18,7.7970169078231
2016-09-19,7.79004049021935
2016-09-20,7.79035957083643
2016-09-21,7.77550141130129
2016-09-22,7.77975600170209
2016-09-23,7.79071700161061
2016-09-24,7.79362967136541
2016-09-25,7.89224772356452
2016-09-26,7.98638932651764
2016-09-27,8.02772683822053
2016-09-28,8.02817054872475
2016-09-29,8.04138371853809
2016-09-30,8.01623122703746
2016-10-01,8.0075681815939
2016-10-02,8.01457953867474
2016-10-03,8.01015262471045
2016-10-04,8.04857968906655
2016-10-05,8.05572894984754
2016-10-06,8.04230317727002
2016-10-07,8.06862495873011
2016-10-08,8.06926087087755
2016-10-09,8.03026777009937
2016-10-10,7.90580186540864
2016-10-11,7.68758468156695
2016-10-12,7.6503469951594
2016-10-13,7.64101712364137
2016-10-14,7.47024591793818
2016-10-15,7.23439191780788
2016-10-16,7.0679330962768
2016-10-17,7.00841978517464
2016-10-18,6.96249531512828
2016-10-19,6.98611775868782
2016-10-20,6.94581406983323
2016-10-21,7.02325589532692
2016-10-22,6.98521451418812
2016-10-23,6.8973983345455
2016-10-24,6.73243884069142
2016-10-25,6.54360309447168
2016-10-26,6.5441521911957
2016-10-27,6.6275513037935
2016-10-28,6.67529172760569
2016-10-29,6.69987052434438
2016-10-30,6.67096898912999
2016-10-31,6.65471865353824
2016-11-01,6.66258607653315
2016-11-02,6.69815619640968
2016-11-03,6.61822535526832
2016-11-04,6.6028502890778
2016-11-05,6.58523567245595
2016-11-06,6.45095120147664
2016-11-07,6.4460748488087
2016-11-08,6.41835210284923
2016-11-09,6.41410835330678
2016-11-10,6.36100937369867
2016-11-11,6.33586272024191
2016-11-12,6.31125507650006
2016-11-13,6.30001394831752
2016-11-14,6.30227859574374
2016-11-15,6.29597284163276
2016-11-16,6.2898324409744
2016-11-17,6.23524199031273
2016-11-18,6.14797108527851
2016-11-19,6.1629774000472
2016-11-20,6.14602341796249
2016-11-21,6.03399558016342
2016-11-22,5.96606547517723
2016-11-23,5.93639861541659
2016-11-24,5.5227573586187
2016-11-25,5.39598410740556
2016-11-26,5.57008474493201
2016-11-27,5.41941258582672
2016-11-28,5.21822617303857
2016-11-29,5.12044852036782
2016-11-30,5.14390048306798
2016-12-01,5.20549682736901
2016-12-02,4.97668040304019
2016-12-03,4.97197804558608
2016-12-04,4.89024746702352
2016-12-05,4.80050423589803
2016-12-06,4.69344624073318
2016-12-07,4.69817776713106
2016-12-08,4.6259165136195
2016-12-09,4.5797484155781
2016-12-10,4.5290758692222
2016-12-11,4.55468583662264
2016-12-12,4.52075995819669
2016-12-13,4.45346693620614
2016-12-14,4.43792824533838
2016-12-15,4.4409645201436
2016-12-16,4.39973635286011
2016-12-17,4.39416959715989
2016-12-18,4.3631460679492
2016-12-19,4.35066857570555
2016-12-20,4.29155580372055
2016-12-21,4.17173947232605
2016-12-22,4.20689232822166
2016-12-23,4.21973752240252
2016-12-24,4.2066971589615
2016-12-25,4.20200899991695
2016-12-26,4.20646550245959
2016-12-27,4.15832703526203
2016-12-28,4.19220609088623
2016-12-29,4.1587073094136
2016-12-30,3.99273739745285
2016-12-31,4.14241334896409
2017-01-01,4.45703621634068
2017-01-02,4.46287866979458
2017-01-03,4.44913631729458
2017-01-04,4.51768857589967
2017-01-05,4.52872721856028
2017-01-06,4.50524349229103
2017-01-07,4.55460329226085
2017-01-08,4.5186012312218
2017-01-09,4.48968760391066
2017-01-10,4.50501740271292
2017-01-11,4.58337956320785
2017-01-12,4.60148560060118
2017-01-13,4.65422728024568
2017-01-14,4.72118353542006
2017-01-15,4.70131651748668
2017-01-16,4.69519630381795
2017-01-17,4.66772954514996
2017-01-18,4.69775740633159
2017-01-19,4.69389216552846
2017-01-20,4.79505659288797
2017-01-21,4.82959897628413
2017-01-22,4.78840250492431
2017-01-23,4.79525753357425
2017-01-24,4.83012786961297
2017-01-25,4.85918664571245
2017-01-26,4.89836914986147
2017-01-27,4.94960169909876
2017-01-28,5.10432674426029
2017-01-29,5.2430056354964
2017-01-30,5.33936505294266
2017-01-31,5.44407322599698
2017-02-01,5.53699385709806
2017-02-02,5.5551583041738
2017-02-03,5.62542019021047
2017-02-04,5.59278463799216
2017-02-05,5.61753778425631
2017-02-06,5.60916759076953
2017-02-07,5.60961437110583
2017-02-08,5.69335114794715
2017-02-09,5.666559460055
2017-02-10,5.68421579010398
2017-02-11,5.66407279768488
2017-02-12,5.63303226863573
2017-02-13,5.65637180675022
2017-02-14,5.65537256626909
2017-02-15,5.64832688101471
2017-02-16,5.63644870717432
2017-02-17,5.5747672061553
2017-02-18,5.56206886292199
2017-02-19,5.46107549379617
2017-02-20,5.42173009495504
2017-02-21,5.44422483052107
2017-02-22,5.53789617063339
2017-02-23,5.5997162428211
2017-02-24,5.51371897763657
2017-02-25,5.50776478216591
2017-02-26,5.61518912127494
2017-02-27,5.61995169096545
2017-02-28,5.65361856985454
2017-03-01,5.58619974039198
2017-03-02,5.53888272222941
2017-03-03,5.53906528063496
2017-03-04,5.49538661465697
2017-03-05,5.50689382487106
2017-03-06,5.49725182682273
2017-03-07,5.52519060752901
2017-03-08,5.57016973686664
2017-03-09,5.5108678596391
2017-03-10,5.45959169982852
2017-03-11,5.42746012286343
2017-03-12,5.45926142661374
2017-03-13,5.44238121878885
2017-03-14,5.40577310656384
2017-03-15,5.3460891556596
2017-03-16,5.35400372292063
2017-03-17,5.36791157091163
2017-03-18,5.35021334257636
2017-03-19,5.34333437334909
2017-03-20,5.36894775005743
2017-03-21,5.43958166059931
2017-03-22,5.45519247136205
2017-03-23,5.45972608119083
2017-03-24,5.43889799525054
2017-03-25,5.46066073797563
2017-03-26,5.43967495763895
2017-03-27,5.38728089753579
2017-03-28,5.41139710780746
2017-03-29,5.33087909100578
2017-03-30,5.3219020434861
2017-03-31,5.36685991605927
2017-04-01,5.43524150277273
2017-04-02,5.3925477608277
2017-04-03,5.44111005443491
2017-04-04,5.5380488308131
2017-04-05,5.58780077284431
2017-04-06,5.62136308749906
2017-04-07,5.67662080959751
2017-04-08,5.71932301582704
2017-04-09,5.71580595822459
2017-04-10,5.70065353422021
2017-04-11,5.72988459854626
2017-04-12,5.80140690781861
2017-04-13,5.93836948091296
2017-04-14,5.94189172336793
2017-04-15,5.97228135431831
2017-04-16,5.98421745042975
2017-04-17,5.98521181555145
2017-04-18,6.03973020307199
2017-04-19,6.14368333391038
2017-04-20,6.19819626883244
2017-04-21,6.24237213508545
2017-04-22,6.2654999286178
2017-04-23,6.34255526511189
2017-04-24,6.40708859038747
2017-04-25,6.49744323065397
2017-04-26,6.53653645010787
2017-04-27,6.59694351769295
2017-04-28,6.63364815983785
2017-04-29,6.71419350602862
2017-04-30,6.72645063988363
2017-05-01,6.76143624211493
2017-05-02,6.85409740130259
2017-05-03,6.87478456925457
2017-05-04,6.94512167986438
2017-05-05,6.93587899257392
2017-05-06,7.01885468666368
2017-05-07,7.12111937152409
2017-05-08,7.13360218539857
2017-05-09,7.24611757248383
2017-05-10,7.24631337476527
2017-05-11,7.26271432336681
2017-05-12,7.29817983719553
2017-05-13,7.29097189083751
2017-05-14,7.3106247227946
2017-05-15,7.32545773379012
2017-05-16,7.3511629733228
2017-05-17,7.33461823123981
2017-05-18,7.32131076293691
2017-05-19,7.33276957619389
2017-05-20,7.4062316209779
2017-05-21,7.43001419022897
2017-05-22,7.491074870251
2017-05-23,7.49763323757598
2017-05-24,7.54209385788339
2017-05-25,7.5774714530337
2017-05-26,7.65338684204869
2017-05-27,7.66540247968514
2017-05-28,7.69206399239731
2017-05-29,7.71064268911359
2017-05-30,7.70916095238953
2017-05-31,7.70143106661553
2017-06-01,7.705012298977
2017-06-02,7.72364742009327
2017-06-03,7.72650023431579
2017-06-04,7.74703487515112
2017-06-05,7.75985716541379
2017-06-06,7.7617544811132
2017-06-07,7.75422903897784
2017-06-08,7.74335979105533
2017-06-09,7.73562788534725
2017-06-10,7.74554440667242
2017-06-11,7.76759744792997
2017-06-12,7.75742033845702
2017-06-13,7.77882506554539
2017-06-14,7.7780268911737
2017-06-15,7.84237742351252
2017-06-16,7.8702761866075
2017-06-17,7.88003274466493
2017-06-18,7.90638152869595
2017-06-19,7.90454475060217
2017-06-20,7.91067275386731
2017-06-21,7.91249233023342
2017-06-22,7.90113434612885
2017-06-23,7.90509124516631
2017-06-24,7.90734927632585
2017-06-25,7.90885257079838
2017-06-26,7.89506846994785
2017-06-27,7.87508108785586
2017-06-28,7.87962247505102
2017-06-29,7.87874658891055
2017-06-30,7.86845206668348
2017-07-01,7.8561088936644
2017-07-02,7.84624554001367
2017-07-03,7.84924032568856
2017-07-04,7.84353177642492
2017-07-05,7.84146658524415
2017-07-06,7.83110315431984
2017-07-07,7.82383934143873
2017-07-08,7.82079766309951
2017-07-09,7.80074569515301
2017-07-10,7.76288072686738
2017-07-11,7.75644990115238
2017-07-12,7.68492052140917
2017-07-13,7.65294217673427
2017-07-14,7.62717921274905
2017-07-15,7.60759292443319
2017-07-16,7.52399044144045
2017-07-17,7.52866709167144
2017-07-18,7.53067963114679
2017-07-19,7.54021557820048
2017-07-20,7.5550222061015
2017-07-21,7.5517151987969
2017-07-22,7.58906177396193
2017-07-23,7.59031000608185
2017-07-24,7.60447638189998
2017-07-25,7.62335356956948
2017-07-26,7.64172430661726
2017-07-27,7.65824931772871
2017-07-28,7.67999096076407
2017-07-29,7.66336582752465
2017-07-30,7.6591298580444
2017-07-31,7.64167384017174
2017-08-01,7.64059533461638
2017-08-02,7.65155751334394
2017-08-03,7.64323017882774
2017-08-04,7.63584486786124
2017-08-05,7.62337958438256
2017-08-06,7.59347858151609
2017-08-07,7.57783146040882
2017-08-08,7.52390973212159
2017-08-09,7.48999346590552
2017-08-10,7.47159079025248
2017-08-11,7.45478776995777
2017-08-12,7.43425879733756
2017-08-13,7.39707093453409
2017-08-14,7.40242642100357
2017-08-15,7.36856938669228
2017-08-16,7.37667503773992
2017-08-17,7.35231764287255
2017-08-18,7.3318996594259
2017-08-19,7.33468293681156
2017-08-20,7.35555120517458
2017-08-21,7.3947394944502
2017-08-22,7.39666069027957
2017-08-23,7.38442201948099
2017-08-24,7.55038206965257
2017-08-25,7.55408402205927
2017-08-26,7.55869687856522
2017-08-27,7.56425536348563
2017-08-28,7.56388178042152
2017-08-29,7.63776470066721
2017-08-30,7.68300000565405
2017-08-31,7.71503299430173
2017-09-01,7.7050438905002
2017-09-02,7.68218136335498
2017-09-03,7.67578892293964
2017-09-04,7.71542641778431
2017-09-05,7.71863214412434
2017-09-06,7.72402109409504
2017-09-07,7.81349860231171
2017-09-08,7.88783764423384
2017-09-09,7.79774178384213
2017-09-10,7.78689732891835
2017-09-11,7.72893340161447
2017-09-12,7.72579726133245
2017-09-13,7.73085773006026
2017-09-14,7.72318774172394
2017-09-15,7.5125261719728
2017-09-16,7.44326235095672
2017-09-17,7.40147246249267
2017-09-18,7.40509186295231
2017-09-19,7.40199940930213
2017-09-20,7.37480102434271
2017-09-21,7.32908747936298
2017-09-22,7.32261510803369
2017-09-23,7.34920348968031
2017-09-24,7.41445220803622
2017-09-25,7.36446631341029
2017-09-26,7.22508182228079
2017-09-27,7.22183294572264
2017-09-28,7.20222005833759
2017-09-29,7.30790650065765
2017-09-30,7.4003272570081
2017-10-01,7.35069302497589
2017-10-02,7.46229729466239
2017-10-03,7.6627373617304
2017-10-04,7.76653878724367
2017-10-05,7.8066882081474
2017-10-06,7.81095052262732
2017-10-07,7.83010411380512
2017-10-08,7.8483189202886
2017-10-09,7.86503415187864
2017-10-10,7.89550265830543
2017-10-11,7.89393017848504
2017-10-12,7.58422924479711
2017-10-13,7.56988181430817
2017-10-14,7.48707618940316
2017-10-15,7.48678563650293
2017-10-16,7.52108240568075
2017-10-17,7.51958406943518
2017-10-18,7.51034160170566
2017-10-19,7.47066675799653
2017-10-20,7.13945811648852
2017-10-21,6.91161813906881
2017-10-22,6.89840879701776
2017-10-23,6.81207809722945
2017-10-24,6.69183206077088
2017-10-25,6.63430985068992
2017-10-26,6.52028672225691
2017-10-27,6.56371290445594
2017-10-28,6.58409420105077
2017-10-29,6.5920818966209
2017-10-30,6.66610637142314
2017-10-31,6.71893112667525
2017-11-01,6.60097385167454
2017-11-02,6.54549697502257
2017-11-03,6.57116207443488
2017-11-04,6.45258925147939
2017-11-05,6.44632015578169
2017-11-06,6.46637865926528
2017-11-07,6.54158061391297
2017-11-08,6.52786930304579
2017-11-09,6.49886291190532
2017-11-10,6.46493893001787
2017-11-11,6.48170410247237
2017-11-12,6.48359574605382
2017-11-13,6.45964661479184
2017-11-14,6.46842355543677
2017-11-15,6.24835564560538
2017-11-16,6.15915788988216
2017-11-17,6.12876084201571
2017-11-18,6.12077457899417
2017-11-19,5.93218674414576
2017-11-20,5.79641772255978
2017-11-21,5.73881226589261
2017-11-22,5.65430007090095
2017-11-23,5.37422258099633
2017-11-24,5.06163879076208
2017-11-25,4.93586766002513
2017-11-26,4.95060218979263
2017-11-27,4.8927203860859
2017-11-28,4.84605002669878
2017-11-29,4.81357012204262
2017-11-30,4.82059486148956
2017-12-01,4.85059709325021
2017-12-02,4.82745067943642
2017-12-03,4.75270467366971
2017-12-04,4.7667831120107
2017-12-05,4.77220371236421
2017-12-06,4.74707341877843
2017-12-07,4.75678696164344
2017-12-08,4.78446927483877
2017-12-09,4.89414965333583
2017-12-10,4.87576336225361
2017-12-11,4.92026001646755
2017-12-12,4.91667592213099
2017-12-13,4.92176694394729
2017-12-14,4.92503198021464
2017-12-15,4.97348160260948
2017-12-16,4.96297658085823
2017-12-17,4.94026313422541
2017-12-18,5.01228788217833
2017-12-19,4.94017470821081
2017-12-20,4.97812907364227
2017-12-21,4.99350495287441
2017-12-22,5.00373485907912
2017-12-23,4.93567096041026
2017-12-24,4.86123708953348
2017-12-25,4.70908465859232
2017-12-26,4.55497836708665
2017-12-27,4.50386554961111
2017-12-28,4.44929656846558
2017-12-29,4.42031601348331
2017-12-30,4.41050696329558
2017-12-31,4.38457583124135
2018-01-01,4.32182248632469
2018-01-02,4.34084746002204
2018-01-03,NA
2018-01-04,NA
2018-01-05,NA
2018-01-06,4.4031210581053
2018-01-07,4.34258500863354
2018-01-08,4.31280613329513
2018-01-09,4.30172478927756
2018-01-10,4.35303788901644
2018-01-11,4.39748763274638
2018-01-12,4.4705874990323
2018-01-13,4.53006225220765
2018-01-14,4.51945641232934
2018-01-15,4.53167639187404
2018-01-16,4.54151197685463
2018-01-17,4.53870628276503
2018-01-18,4.6149452610644
2018-01-19,4.75506339903775
2018-01-20,4.73059429735439
2018-01-21,4.80722543420086
2018-01-22,4.86791929034589
2018-01-23,4.9845521444731
2018-01-24,5.07361240112429
2018-01-25,5.08677744262713
2018-01-26,5.18848967634881
2018-01-27,5.24649214042014
2018-01-28,5.47673758431346
2018-01-29,5.45949023783508
2018-01-30,5.54650665828478
2018-01-31,5.5500044291392
2018-02-01,5.69198220170389
2018-02-02,5.71562394308354
2018-02-03,5.72418303757522
2018-02-04,5.6650385217912
2018-02-05,5.6809510061636
2018-02-06,5.74226314127557
2018-02-07,5.70815732352889
2018-02-08,5.67965728540701
2018-02-09,5.67152648788411
2018-02-10,5.67541840138054
2018-02-11,5.67212781422822
2018-02-12,5.67201313394839
2018-02-13,5.62674514491748
2018-02-14,5.63872853062091
2018-02-15,5.58305165188881
2018-02-16,5.59749430455946
2018-02-17,5.53738483989097
2018-02-18,5.5240498617814
2018-02-19,5.53377322312719
2018-02-20,5.58322693599924
2018-02-21,5.57459805423636
2018-02-22,5.5460967861474
2018-02-23,5.55139463618015
2018-02-24,5.52704948363406
2018-02-25,5.5264536956281
2018-02-26,5.46689948837404
2018-02-27,5.39198814702504
2018-02-28,5.30835867131112
2018-03-01,5.37322612937987
2018-03-02,5.37101329815503
2018-03-03,5.38274688050588
2018-03-04,5.3669139769938
2018-03-05,5.39699137821507
2018-03-06,5.34840235290132
2018-03-07,5.30093588268569
2018-03-08,5.27000417767271
2018-03-09,5.26427616502806
2018-03-10,5.22626995981858
2018-03-11,5.19227336382953
2018-03-12,5.04796174010071
2018-03-13,5.08603346491586
2018-03-14,5.07519453501624
2018-03-15,5.09210561747538
2018-03-16,5.1442166192743
2018-03-17,5.12294675146748
2018-03-18,5.13829183382024
2018-03-19,5.08789964820852
2018-03-20,5.11227953995501
2018-03-21,5.19825787470029
2018-03-22,5.18300020961998
2018-03-23,5.2342450069352
2018-03-24,5.22240151851024
2018-03-25,5.18090568516525
2018-03-26,5.21151547699871
2018-03-27,5.23350499395133
2018-03-28,5.35173995309184
2018-03-29,5.4395086666342
2018-03-30,5.51329594249919
2018-03-31,5.74619263000611
2018-04-01,5.66786447945028
2018-04-02,5.66925328204813
2018-04-03,5.66936604755725
2018-04-04,5.67704871144687
2018-04-05,5.67323824218086
2018-04-06,5.68673396660522
2018-04-07,5.71303349625727
2018-04-08,5.7271896971436
2018-04-09,5.7394506418937
2018-04-10,5.75459582901542
2018-04-11,5.77404961721768
2018-04-12,5.7694094481539
2018-04-13,5.80216496201615
2018-04-14,5.81628293356914
2018-04-15,5.82707722210381
2018-04-16,5.90257503096674
2018-04-17,5.98211419401315
2018-04-18,6.03840197762119
2018-04-19,6.12251465719061
2018-04-20,6.20725181773888
2018-04-21,6.20774770225958
2018-04-22,6.15601487767278
2018-04-23,6.17253893341357
2018-04-24,6.22058158160763
2018-04-25,6.2271995492926
2018-04-26,6.27795772287737
2018-04-27,6.30033509323379
2018-04-28,6.3212827614858
2018-04-29,6.35677317309649
2018-04-30,6.4157026217607
2018-05-01,6.45257585180008
2018-05-02,6.50601692787306
2018-05-03,6.51967034978261
2018-05-04,6.54192227880155
2018-05-05,6.56364049833001
2018-05-06,6.61277549191841
2018-05-07,6.6829588737203
2018-05-08,6.73457337658309
2018-05-09,6.82793757881663
2018-05-10,6.91113877060266
2018-05-11,6.94437192467987
2018-05-12,7.00024570207767
2018-05-13,7.12038491771235
2018-05-14,7.20658710261728
2018-05-15,7.31154565023227
2018-05-16,7.37315988857634
2018-05-17,7.3898871432669
2018-05-18,7.48563077782038
2018-05-19,7.49955625696717
2018-05-20,7.57455467168113
2018-05-21,7.57567449135771
2018-05-22,7.57463440415603
2018-05-23,7.56623908955759
2018-05-24,7.57464221454056
2018-05-25,7.5681693871816
2018-05-26,7.57227224131677
2018-05-27,7.54366799121576
2018-05-28,7.51219687447056
2018-05-29,7.46989226571456
2018-05-30,7.45755935098768
2018-05-31,7.43731098114332
2018-06-01,7.41841172554164
2018-06-02,7.45386541858441
2018-06-03,7.46178451060166
2018-06-04,7.48123372159431
2018-06-05,7.47052533282814
2018-06-06,7.49075229513618
2018-06-07,7.51319846762282
2018-06-08,7.55324885426637
2018-06-09,7.56461268002507
2018-06-10,7.57966282751296
2018-06-11,7.58225983225483
2018-06-12,7.6457717113407
2018-06-13,7.71141037222758
2018-06-14,7.76700988778102
2018-06-15,7.83028510036609
2018-06-16,7.88223521295538
2018-06-17,7.90748629141514
2018-06-18,7.87467113836524
2018-06-19,8.05215491446215
2018-06-20,8.06809992779798
2018-06-21,8.06344570094183
2018-06-22,8.06468744860078
2018-06-23,8.05279426497886
2018-06-24,8.03612459469906
2018-06-25,8.02392510634793
2018-06-26,8.01812918233399
2018-06-27,8.01177857682283
2018-06-28,7.99178473481662
2018-06-29,7.98316867998766
2018-06-30,7.98675960246699
2018-07-01,7.97038710959456
2018-07-02,7.96067261156
2018-07-03,7.95585838713689
2018-07-04,7.95749604374933
2018-07-05,7.94870344302901
2018-07-06,7.93936576999331
2018-07-07,7.93157397496747
2018-07-08,7.89208763148396
2018-07-09,7.84829361008419
2018-07-10,7.85424854709061
2018-07-11,7.83597972437123
2018-07-12,7.826209418656
2018-07-13,7.78835468863006
2018-07-14,7.77518166298498
2018-07-15,7.73358132040956
2018-07-16,7.7061773762185
2018-07-17,7.70040284332586
2018-07-18,7.71763685932681
2018-07-19,7.71491848475161
2018-07-20,7.71749397682571
2018-07-21,7.71716172566217
2018-07-22,7.72412105213
2018-07-23,7.72960396807879
2018-07-24,7.73153097077105
2018-07-25,7.72241042609485
2018-07-26,7.73727106127377
2018-07-27,7.75044984576201
2018-07-28,7.76295913704202
2018-07-29,7.81930436397789
2018-07-30,7.80959962202105
2018-07-31,7.83695877566256
2018-08-01,7.8139820728828
2018-08-02,7.80966111760522
2018-08-03,7.80760864190975
2018-08-04,7.80329619917883
2018-08-05,7.75899490167061
2018-08-06,7.62565014786977
2018-08-07,7.62684994785868
2018-08-08,7.63679305984713
2018-08-09,7.64005097445505
2018-08-10,7.67676424016787
2018-08-11,7.67029232867095
2018-08-12,7.66269046324404
2018-08-13,7.65956449450952
2018-08-14,7.66075646899964
2018-08-15,7.65913938944179
2018-08-16,7.66484451032838
2018-08-17,7.68428991797417
2018-08-18,7.68042310407407
2018-08-19,7.67198579721775
2018-08-20,7.68963867309774
2018-08-21,7.70875796880675
2018-08-22,7.71646339513381
2018-08-23,7.72210516118681
2018-08-24,7.73317529765521
2018-08-25,7.75076595188285
2018-08-26,7.74093982300584
2018-08-27,7.70691556354829
2018-08-28,7.69686092054029
2018-08-29,7.68827797662335
2018-08-30,7.6805990598183
2018-08-31,7.64166388218253
2018-09-01,7.63617720691623
2018-09-02,7.63547453680306
2018-09-03,7.63632960986214
2018-09-04,7.65845559334794
2018-09-05,7.62806369292515
2018-09-06,7.59300731917652
2018-09-07,7.56359627867436
2018-09-08,7.56711412818112
2018-09-09,7.5859781336011
2018-09-10,7.6051031130603
2018-09-11,7.61386307910675
2018-09-12,7.61060568364028
2018-09-13,7.59994116783085
2018-09-14,7.55720646293959
2018-09-15,7.51506196977037
2018-09-16,7.46643333998978
2018-09-17,7.45862216105303
2018-09-18,7.47897327622354
2018-09-19,7.48767356462376
2018-09-20,7.4883671242102
2018-09-21,7.48953720194068
2018-09-22,7.49404845015008
2018-09-23,7.50061696587582
2018-09-24,7.5130340594929
2018-09-25,7.51824432442912
2018-09-26,7.51791588607223
2018-09-27,7.53121968512855
2018-09-28,7.55641837989213
2018-09-29,7.57689506290476
2018-09-30,7.58672787499615
2018-10-01,7.6044071862786
2018-10-02,7.62126077756971
2018-10-03,7.66496508239651
2018-10-04,7.6886164416944
2018-10-05,7.63682284060519
2018-10-06,7.62279286153812
2018-10-07,7.71959709698163
2018-10-08,7.76057972430365
2018-10-09,7.75593986479712
2018-10-10,7.67840244217045
2018-10-11,7.68197251698468
2018-10-12,7.68833009863003
2018-10-13,7.70318975856368
2018-10-14,7.63153361980625
2018-10-15,7.55186528610407
2018-10-16,7.50290520114424
2018-10-17,7.55311985721331
2018-10-18,7.55760605743789
2018-10-19,7.54005608738726
2018-10-20,7.46822513508655
2018-10-21,7.38055933470868
2018-10-22,7.28061143587774
2018-10-23,7.24782734189233
2018-10-24,7.07542096308576
2018-10-25,6.73006884960527
2018-10-26,6.73415440841994
2018-10-27,6.77732751148213
2018-10-28,6.7814821153755
2018-10-29,6.81596844280829
2018-10-30,6.80703029501876
2018-10-31,6.82038769924384
2018-11-01,6.81466158000274
2018-11-02,6.83728857497149
2018-11-03,6.80964907181935
2018-11-04,6.78985484719603
2018-11-05,6.7729729733503
2018-11-06,6.76261143697495
2018-11-07,6.83672815112207
2018-11-08,6.7986525685348
2018-11-09,6.7065821031236
2018-11-10,6.7114484903876
2018-11-11,6.62116942224359
2018-11-12,6.51365123632983
2018-11-13,6.46785258393714
2018-11-14,6.27451645140479
2018-11-15,6.24648425428162
2018-11-16,6.2264982797991
2018-11-17,6.10540970559082
2018-11-18,5.9583847807298
2018-11-19,5.68425020378381
2018-11-20,5.53315736295743
2018-11-21,5.44880136802894
2018-11-22,5.41764584549252
2018-11-23,5.2851784305624
2018-11-24,5.15508538676212
2018-11-25,5.11452797335156
2018-11-26,5.08924209100875
2018-11-27,5.1245073571215
2018-11-28,5.09064194528038
2018-11-29,5.03943960503959
2018-11-30,5.07989317923784
2018-12-01,5.20837459013169
2018-12-02,5.08964285256433
2018-12-03,5.1289703065469
2018-12-04,5.01348219630246
2018-12-05,4.9755991276926
2018-12-06,4.8716178964068
2018-12-07,4.79839862366613
2018-12-08,4.81085073736092
2018-12-09,4.81913172475175
2018-12-10,4.83848566632895
2018-12-11,4.78525235207744
2018-12-12,4.75281281310872
2018-12-13,4.73741526857636
2018-12-14,4.78599107590404
2018-12-15,4.82002244296689
2018-12-16,4.84140077681722
2018-12-17,4.76838351564983
2018-12-18,4.82589620812203
2018-12-19,4.8197696376405
2018-12-20,4.84317547194619
2018-12-21,4.84806922586953
2018-12-22,4.87180185170457
2018-12-23,4.9617700518028
2018-12-24,4.94539941921093
2018-12-25,4.89370360933202
2018-12-26,4.86525304150258
2018-12-27,4.78274279472812
2018-12-28,4.76579620461715
2018-12-29,4.69096227486928
2018-12-30,4.64193127965967
2018-12-31,4.54991066455841
2019-01-01,4.61221853845377
2019-01-02,4.60363263199634
2019-01-03,4.59616014393966
2019-01-04,4.58876383284661
2019-01-05,4.50915165476903
2019-01-06,4.6124814148632
2019-01-07,4.59202184984761
2019-01-08,4.59922551444691
2019-01-09,4.57480348891566
2019-01-10,4.52829406833255
2019-01-11,4.53583296345404
2019-01-12,4.56004190767549
2019-01-13,4.5762967894438
2019-01-14,4.50026712084698
2019-01-15,4.53646816295265
2019-01-16,4.48902982593507
2019-01-17,4.49944008541585
2019-01-18,4.69852488880553
2019-01-19,4.70297501802275
2019-01-20,4.72320887598914
2019-01-21,4.69399857040135
2019-01-22,4.72796740205979
2019-01-23,4.98316342805711
2019-01-24,5.21302190524244
2019-01-25,5.28751943810919
2019-01-26,5.42106093761949
2019-01-27,5.50463215696292
2019-01-28,5.49060466148733
2019-01-29,5.56415239441805
2019-01-30,5.64631570607215
2019-01-31,5.63319064341961
2019-02-01,5.65139457464218
2019-02-02,5.68812777708598
2019-02-03,5.76402738539625
2019-02-04,5.806032679561
2019-02-05,5.77324780938308
2019-02-06,5.78814638496615
2019-02-07,5.74984762357395
2019-02-08,5.66040400254911
2019-02-09,5.66951477199427
2019-02-10,5.66489599537587
2019-02-11,5.65072702999321
2019-02-12,5.5937769105449
2019-02-13,5.60092298611534
2019-02-14,5.57334348655826
2019-02-15,5.54636135936784
2019-02-16,5.51862777297909
2019-02-17,5.53575455250793
2019-02-18,5.53834457637564
2019-02-19,5.45942885047063
2019-02-20,5.30888695667621
2019-02-21,5.32798252383025
2019-02-22,5.31637286070479
2019-02-23,5.31152896504367
2019-02-24,5.26677282643941
2019-02-25,5.12125051630648
2019-02-26,5.05570782446115
2019-02-27,5.14481077548848
2019-02-28,5.12489773614158
2019-03-01,5.29355955173615
2019-03-02,5.26340880604998
2019-03-03,5.21475550463
2019-03-04,5.29594819676535
2019-03-05,5.26431239497134
2019-03-06,5.21314703947151
2019-03-07,5.23942399604583
2019-03-08,5.2382219494706
2019-03-09,5.03432245397934
2019-03-10,5.07473862349133
2019-03-11,5.06649236009359
2019-03-12,5.07613199237755
2019-03-13,5.10941177763348
2019-03-14,5.1812976918076
2019-03-15,5.24187305894295
2019-03-16,5.26655495787178
2019-03-17,5.18370448567748
2019-03-18,5.33221687301779
2019-03-19,5.41536467891584
2019-03-20,5.65841023783698
2019-03-21,5.72975194234139
2019-03-22,5.72726082517377
2019-03-23,5.73000894251369
2019-03-24,5.73578076613577
2019-03-25,5.82064178775243
2019-03-26,5.78566543127091
2019-03-27,5.7985039324827
2019-03-28,5.79234199018409
2019-03-29,5.81201299381377
2019-03-30,5.84073761092056
2019-03-31,5.87047853914912
2019-04-01,5.87998111341443
2019-04-02,5.91093811705632
2019-04-03,5.92676034122345
2019-04-04,5.93970318308446
2019-04-05,5.95591615216943
2019-04-06,5.98824607829134
2019-04-07,6.01772899818443
2019-04-08,6.06035196440107
2019-04-09,6.05567070689777
2019-04-10,6.06389675723325
2019-04-11,6.10085321424013
2019-04-12,6.10603073774739
2019-04-13,6.10838701853638
2019-04-14,6.10692852668069
2019-04-15,6.15848341828106
2019-04-16,6.17977959784542
2019-04-17,6.22253625891395
2019-04-18,6.25335915676565
2019-04-19,6.25330288509911
2019-04-20,6.27685841981778
2019-04-21,6.32121964459039
2019-04-22,6.31206968074255
2019-04-23,6.32273847300832
2019-04-24,6.3494166734087
2019-04-25,6.3853871840936
2019-04-26,6.37247803381511
2019-04-27,6.41183891275928
2019-04-28,6.62778416166348
2019-04-29,6.6096369396159
2019-04-30,6.64396913605215
2019-05-01,6.6843633225737
2019-05-02,6.74851979252166
2019-05-03,6.78172378710424
2019-05-04,6.830332804704
2019-05-05,6.93325501159586
2019-05-06,6.96047195341809
2019-05-07,6.99304655887658
2019-05-08,7.05471826803937
2019-05-09,7.09431178868273
2019-05-10,7.09924547698099
2019-05-11,7.10825103204816
2019-05-12,7.1610119192026
2019-05-13,7.19327516294133
2019-05-14,7.23427497226436
2019-05-15,7.26605271277711
2019-05-16,7.31215707262019
2019-05-17,7.38061906046932
2019-05-18,7.52808724720327
2019-05-19,7.54320561009824
2019-05-20,7.55771332889249
2019-05-21,7.56236306069829
2019-05-22,7.56249412416111
2019-05-23,7.56877379701086
2019-05-24,7.56590613728179
2019-05-25,7.54469390264276
2019-05-26,7.52609609399636
2019-05-27,7.54101820453994
2019-05-28,7.56820583238403
2019-05-29,7.56315003333749
2019-05-30,7.56166203715574
2019-05-31,7.54848014641292
2019-06-01,7.5472259187456
2019-06-02,7.54558780503208
2019-06-03,7.53610206530708
2019-06-04,7.54612259824603
2019-06-05,7.54610624159394
2019-06-06,7.55163137636083
2019-06-07,7.56551393282654
2019-06-08,7.57259106660975
2019-06-09,7.56478940338648
2019-06-10,7.57721402565064
2019-06-11,7.57364895295532
2019-06-12,7.53946904190348
2019-06-13,7.58722330190537
2019-06-14,7.59945471930259
2019-06-15,7.62273368568965
2019-06-16,7.69326875830001
2019-06-17,7.75459366306825
2019-06-18,7.78192765364995
2019-06-19,7.78340354004706
2019-06-20,7.78807577414532
2019-06-21,7.79314131324636
2019-06-22,7.82626190503033
2019-06-23,7.83322164342936
2019-06-24,7.82865187688432
2019-06-25,7.82552417330801
2019-06-26,7.82705822488424
2019-06-27,7.82665080807514
2019-06-28,7.82779003427065
2019-06-29,7.81972246084944
2019-06-30,7.81884741079684
2019-07-01,7.80664957166543
2019-07-02,7.79718271002031
2019-07-03,7.79231692745221
2019-07-04,7.77719528513475
2019-07-05,7.76253946797983
2019-07-06,7.75728408992377
2019-07-07,7.73408022056819
2019-07-08,7.71789249465553
2019-07-09,7.71699327121631
2019-07-10,7.7122087260625
2019-07-11,7.72853055992857
2019-07-12,7.73126774986973
2019-07-13,7.7103792477377
2019-07-14,7.67541838792762
2019-07-15,7.66915349647592
2019-07-16,7.64405375937034
2019-07-17,7.64995185103781
2019-07-18,7.64364784996302
2019-07-19,7.64511318379377
2019-07-20,7.64757322392483
2019-07-21,7.68705727327503
2019-07-22,7.70311868545044
2019-07-23,7.68093455816239
2019-07-24,7.64510215788729
2019-07-25,7.56205686845863
2019-07-26,7.50692176436689
2019-07-27,7.45132172669277
2019-07-28,7.44015625363138
2019-07-29,7.45526146034782
2019-07-30,7.45206405649335
2019-07-31,7.45794917038207
2019-08-01,7.44991282124121
2019-08-02,7.43845876575425
2019-08-03,7.44589227104886
2019-08-04,7.37553360600164
2019-08-05,7.35988632683053
2019-08-06,7.36509875136083
2019-08-07,7.40889383756527
2019-08-08,7.39396227957495
2019-08-09,7.41269247046637
2019-08-10,7.40855807033968
2019-08-11,7.43267204170456
2019-08-12,7.43172356280565
2019-08-13,7.41967715158992
2019-08-14,7.39820295854226
2019-08-15,7.3927667001206
2019-08-16,7.3774928336834
2019-08-17,7.36829377972315
2019-08-18,7.35673188424813
2019-08-19,7.35769389113337
2019-08-20,7.34326738106764
2019-08-21,7.34711774736253
2019-08-22,7.32704344039244
2019-08-23,7.28386826229178
2019-08-24,7.28486746480222
2019-08-25,7.28152442396879
2019-08-26,7.2742839276152
2019-08-27,7.28358712306919
2019-08-28,7.28287564725171
2019-08-29,7.26978878476478
2019-08-30,7.28929857191229
2019-08-31,7.28413366398702
2019-09-01,7.3304351563454
2019-09-02,7.32335946450573
2019-09-03,7.32496963132116
2019-09-04,7.31385311520098
2019-09-05,7.3380804961206
2019-09-06,7.3373225528507
2019-09-07,7.34347995134333
2019-09-08,7.36810876782474
2019-09-09,7.39910345999297
2019-09-10,7.41009786900267
2019-09-11,7.36685605829791
2019-09-12,7.37771928411191
2019-09-13,7.38304129838731
2019-09-14,7.37701455111833
2019-09-15,7.37478013738736
2019-09-16,7.34420522906135
2019-09-17,7.24635879158087
2019-09-18,7.16369728790381
2019-09-19,7.127024445478
2019-09-20,7.09223172902242
2019-09-21,7.08823758533555
2019-09-22,7.07585647081568
2019-09-23,7.10548593260881
2019-09-24,7.11693430678637
2019-09-25,6.99687619213368
2019-09-26,7.00912432399562
2019-09-27,7.16520988338672
2019-09-28,7.24148790603126
2019-09-29,7.30318839783643
2019-09-30,7.25605893458033
2019-10-01,7.36386393085757
2019-10-02,7.38788095507653
2019-10-03,7.32888800066913
2019-10-04,7.33438116527466
2019-10-05,7.28592334973198
2019-10-06,7.29559397313054
2019-10-07,7.29118896416743
2019-10-08,7.25153626760315
2019-10-09,7.28221941683221
2019-10-10,7.30844360876161
2019-10-11,7.34076226911126
2019-10-12,7.38384426778363
2019-10-13,7.38204694124583
2019-10-14,7.34253713451764
2019-10-15,7.25464273372224
2019-10-16,7.25478931310143
2019-10-17,7.10437237415002
2019-10-18,7.08932626342774
2019-10-19,7.121264059487
2019-10-20,7.01552898016434
2019-10-21,7.13571482888721
2019-10-22,7.32333919196998
2019-10-23,7.15610153334899
2019-10-24,7.09979562906187
2019-10-25,7.14446405930415
2019-10-26,7.05656645940534
2019-10-27,6.98670515820991
2019-10-28,6.91963178361011
2019-10-29,6.76394881177075
2019-10-30,6.74735724608407
2019-10-31,6.76027182937405
2019-11-01,6.94912722341185
2019-11-02,6.99509989961116
2019-11-03,6.96074648377092
2019-11-04,6.88633331348573
2019-11-05,6.87682981652445
2019-11-06,6.84623641150745
2019-11-07,6.83738965056378
2019-11-08,6.8557915802532
2019-11-09,6.86437757885662
2019-11-10,6.8804481509748
2019-11-11,6.80576533547388
2019-11-12,6.75125245504111
2019-11-13,6.69278884108514
2019-11-14,6.68085113814618
2019-11-15,6.65522679546178
2019-11-16,6.54116374572245
2019-11-17,6.18289782535442
2019-11-18,5.9819458016443
2019-11-19,5.79173393358513
2019-11-20,5.73583084176379
2019-11-21,5.6692342423609
2019-11-22,5.6028217560138
2019-11-23,5.46104114702059
2019-11-24,5.34437916918635
2019-11-25,5.25510198815174
2019-11-26,5.19121200994155
2019-11-27,5.04448229072973
2019-11-28,4.96095472342667
2019-11-29,4.94372561381215
2019-11-30,4.92031295241283
2019-12-01,4.94340423526781
2019-12-02,4.9190031077267
2019-12-03,4.93178283509675
2019-12-04,4.84849644371421
2019-12-05,4.84260412812233
2019-12-06,4.8108449864669
2019-12-07,4.80873179635708
2019-12-08,4.81903458452549
2019-12-09,4.85687764015497
2019-12-10,4.92179172604243
2019-12-11,4.91760723387356
2019-12-12,4.89888204992095
2019-12-13,4.86622367186923
2019-12-14,4.84156682789018
2019-12-15,4.82385314460823
2019-12-16,4.86794185946245
2019-12-17,4.85344734658654
2019-12-18,4.81373296223258
2019-12-19,4.87412888519072
2019-12-20,4.86147615087908
2019-12-21,4.80480385094546
2019-12-22,4.79264506363287
2019-12-23,4.78063573408872
2019-12-24,4.79077894112955
2019-12-25,4.80194081392724
2019-12-26,4.79790627461125
2019-12-27,4.8026554793766
2019-12-28,4.81610468104556
2019-12-29,4.7686584718036
2019-12-30,4.83349245573207
2019-12-31,4.7534656860431
2020-01-01,4.75335521073095
2020-01-02,4.78727065183742
2020-01-03,4.75933509134943
2020-01-04,4.77477831588615
2020-01-05,4.76491467175054
2020-01-06,4.73467674843428
2020-01-07,4.69248562423132
2020-01-08,4.71764496036642
2020-01-09,4.64404449979742
2020-01-10,4.64773940166592
2020-01-11,4.58819655959151
2020-01-12,4.54839450499161
2020-01-13,4.52949879470762
2020-01-14,4.44922863282779
2020-01-15,4.43415537484136
2020-01-16,4.45921180468716
2020-01-17,4.48631862910376
2020-01-18,4.4934407626105
2020-01-19,4.51218385934199
2020-01-20,4.52728354421367
2020-01-21,4.65976365426709
2020-01-22,4.72148555186825
2020-01-23,4.88358781007039
2020-01-24,4.98264647854068
2020-01-25,4.97915363994627
2020-01-26,4.98103284750343
2020-01-27,5.01953799985933
2020-01-28,5.06857158873439
2020-01-29,5.05375918916978
2020-01-30,5.18101246728157
2020-01-31,5.29693512964045
2020-02-01,5.35411952398706
2020-02-02,5.37921835525424
2020-02-03,5.37675455097762
2020-02-04,5.31629095342805
2020-02-05,5.42437882086166
2020-02-06,5.50536575646916
2020-02-07,5.48919155814984
2020-02-08,5.45150763736596
2020-02-09,5.4424741938745
2020-02-10,5.45218078251528
2020-02-11,5.45108379596065
2020-02-12,5.42348365617764
2020-02-13,5.39817810831975
2020-02-14,5.43696063474441
2020-02-15,5.48514477505129
2020-02-16,5.54070709164112
2020-02-17,5.65822811766601
2020-02-18,5.63712249911193
2020-02-19,5.65932927106156
2020-02-20,5.68790511582181
2020-02-21,5.6707447764374
2020-02-22,5.67873640918635
2020-02-23,5.69560265669988
2020-02-24,5.76772709035227
2020-02-25,5.76518372746144
2020-02-26,5.79158030109668
2020-02-27,5.81752203728532
2020-02-28,5.88206551866604
2020-02-29,5.84110769150349
2020-03-01,5.84477680069768
2020-03-02,5.83027015886691
2020-03-03,5.80864618784339
2020-03-04,5.63095024590116
2020-03-05,5.62129709533753
2020-03-06,5.69715230889171
2020-03-07,5.65701686105292
2020-03-08,5.91336963199937
2020-03-09,5.8651140472112
2020-03-10,5.68297148800107
2020-03-11,5.67916509089726
2020-03-12,5.66108881748005
2020-03-13,5.63642330482958
2020-03-14,5.6310789808206
2020-03-15,5.57919004720245
2020-03-16,5.61473548271002
2020-03-17,5.55563989724809
2020-03-18,5.63474762075264
2020-03-19,5.64755810222763
2020-03-20,5.65133693855897
2020-03-21,5.66972281561979
2020-03-22,5.67245710192526
2020-03-23,5.69814282810628
2020-03-24,5.70714480699368
2020-03-25,5.69112649323323
2020-03-26,5.80164291096473
2020-03-27,5.83988577412025
2020-03-28,5.87436775800825
2020-03-29,5.80762056093133
2020-03-30,5.820566907685
2020-03-31,5.84915197382483
2020-04-01,5.86382542286783
2020-04-02,5.9330573888919
2020-04-03,5.96399090950073
2020-04-04,5.97806377133946
2020-04-05,6.00065429369053
2020-04-06,6.01338722168817
2020-04-07,6.06082861254534
2020-04-08,6.09005993177887
2020-04-09,6.12529138930078
2020-04-10,6.15548374693344
2020-04-11,6.20095046569142
2020-04-12,6.26197325048926
2020-04-13,6.32638417051332
2020-04-14,6.38262819997518
2020-04-15,6.40845105632743
2020-04-16,6.45276046799643
2020-04-17,6.50174717394615
2020-04-18,6.5021401627253
2020-04-19,6.5591675713727
2020-04-20,6.61348318767862
2020-04-21,6.63081676242026
2020-04-22,6.64532734552608
2020-04-23,6.66525711440522
2020-04-24,6.74422066658686
2020-04-25,6.79993603672291
2020-04-26,6.80031410829541
2020-04-27,7.08198308691849
2020-04-28,7.16152046152983
2020-04-29,7.1982971860467
2020-04-30,7.2450607560995
2020-05-01,7.22910851365384
2020-05-02,7.22931021566637
2020-05-03,7.23537661149964
2020-05-04,7.19034007561246
2020-05-05,7.17769243711819
2020-05-06,7.17752435425089
2020-05-07,7.25010201129105
2020-05-08,7.30889052465726
2020-05-09,7.33225598339661
2020-05-10,7.35966497512698
2020-05-11,7.38250531196044
2020-05-12,7.39531692744291
2020-05-13,7.56725789712425
2020-05-14,7.63000657475943
2020-05-15,7.64629175135617
2020-05-16,7.670727978834
2020-05-17,7.67913654547746
2020-05-18,7.75265762853603
2020-05-19,7.80266857479766
2020-05-20,7.84487571748704
2020-05-21,7.8745476577181
2020-05-22,7.89417541420461
2020-05-23,7.91315728708629
2020-05-24,7.90853022902398
2020-05-25,7.92210574104688
2020-05-26,7.92214031746561
2020-05-27,7.93013341893998
2020-05-28,7.97371439184573
2020-05-29,7.99152442087265
2020-05-30,7.99159066104193
2020-05-31,8.01528262533488
2020-06-01,8.05990804315911
2020-06-02,8.06116201918151
2020-06-03,8.0314545539387
2020-06-04,8.00910993664139
2020-06-05,7.99576848383853
2020-06-06,7.97959405251209
2020-06-07,7.9631780253136
2020-06-08,7.98128482066919
2020-06-09,7.9922147278214
2020-06-10,7.97589392051863
2020-06-11,7.88875227657416
2020-06-12,7.90809329243846
2020-06-13,7.9546729998596
2020-06-14,7.95150050582013
2020-06-15,7.95686754464649
2020-06-16,7.97653978050867
2020-06-17,7.96435460861876
2020-06-18,7.9710245118386
2020-06-19,7.96659585655902
2020-06-20,7.93563940110829
2020-06-21,7.93755953051192
2020-06-22,7.95074912667015
2020-06-23,7.94414652345682
2020-06-24,7.97689725649063
2020-06-25,7.96612242489381
2020-06-26,7.97463085530626
2020-06-27,8.01172854482673
2020-06-28,8.01444526250058
2020-06-29,8.00733020632107
2020-06-30,8.02250975681479
2020-07-01,8.01546813705126
2020-07-02,8.00497193095361
2020-07-03,8.02367426279646
2020-07-04,8.01400931131296
2020-07-05,8.0019750037984
2020-07-06,7.96091211177322
2020-07-07,7.94728676486606
2020-07-08,7.93847630093564
2020-07-09,7.92535158104218
2020-07-10,7.90085223352074
2020-07-11,7.88940734481937
2020-07-12,7.89324703342343
2020-07-13,7.91884220507336
2020-07-14,7.94938106529092
2020-07-15,7.90169945784246
2020-07-16,7.8697346670705
2020-07-17,7.86412349512158
2020-07-18,7.81470361477331
2020-07-19,7.78625686838753
2020-07-20,7.7393279620876
2020-07-21,7.74916275885642
2020-07-22,7.75098159578112
2020-07-23,7.7360418239011
2020-07-24,7.68031944572641
2020-07-25,7.65453972302272
2020-07-26,7.64175141445368
2020-07-27,7.59166887362339
2020-07-28,7.58120586400252
2020-07-29,7.59338742337244
2020-07-30,7.56175186064174
2020-07-31,7.55713807328365
2020-08-01,7.56513943669399
2020-08-02,7.56223552795663
2020-08-03,7.5809819413466
2020-08-04,7.60241629861629
2020-08-05,7.60930258264667
2020-08-06,7.62311164063691
2020-08-07,7.65089845888728
2020-08-08,7.66358576194869
2020-08-09,7.72501930352974
2020-08-10,7.72261709255815
2020-08-11,7.75153769507215
2020-08-12,7.7731019655359
2020-08-13,7.77934458664765
2020-08-14,7.77982986037372
2020-08-15,7.77413793103505
2020-08-16,7.75077756609487
2020-08-17,7.71599426983518
2020-08-18,7.70861393096632
2020-08-19,7.64825791192923
2020-08-20,7.60647868329204
2020-08-21,7.61539894099511
2020-08-22,7.57167331235749
2020-08-23,7.54153926796415
2020-08-24,7.53661875694913
2020-08-25,7.54193582236537
2020-08-26,7.55625920696804
2020-08-27,7.51832806423516
2020-08-28,7.51993629149341
2020-08-29,7.45245056294279
2020-08-30,7.45990072969497
2020-08-31,7.39788451009786
2020-09-01,7.39546345328546
2020-09-02,7.36816678893397
2020-09-03,7.35178556860396
2020-09-04,7.34569780684819
2020-09-05,7.30442205949206
2020-09-06,7.27608125233218
2020-09-07,7.30840146716736
2020-09-08,7.32286719053805
2020-09-09,7.35135062968976
2020-09-10,7.35233922995627
2020-09-11,7.34918747296611
2020-09-12,7.34633751529012
2020-09-13,7.36490286616807
2020-09-14,7.35403280836795
2020-09-15,7.35352436900859
2020-09-16,7.35503836962875
2020-09-17,7.36204525701957
2020-09-18,7.37600145298449
2020-09-19,7.37488756229852
2020-09-20,7.37480531890812
2020-09-21,7.40462193314592
2020-09-22,7.40889896132215
2020-09-23,7.40001802401574
2020-09-24,7.40309453992437
2020-09-25,7.40015090167778
2020-09-26,7.40854732214933
2020-09-27,7.42218623953019
2020-09-28,7.45331676509979
2020-09-29,7.47462560045795
2020-09-30,7.65652819828141
2020-10-01,7.76600974970911
2020-10-02,7.784160989152
2020-10-03,7.8095199253438
2020-10-04,7.82994591709731
2020-10-05,7.91393027505402
2020-10-06,7.93868622729144
2020-10-07,7.97374767177242
2020-10-08,8.07630226926952
2020-10-09,8.0841985725789
2020-10-10,8.10801637797269
2020-10-11,8.1527611051955
2020-10-12,8.15362978062248
2020-10-13,8.18249405410726
2020-10-14,8.2610031341785
2020-10-15,8.28311703813569
2020-10-16,8.22950514369445
2020-10-17,8.05616886975968
2020-10-18,7.97939605761578
2020-10-19,7.93776183055582
2020-10-20,7.95871288853826
2020-10-21,7.90704890145017
2020-10-22,7.89924927581812
2020-10-23,7.88168763016222
2020-10-24,7.34792735914359
2020-10-25,7.27290597749762
2020-10-26,7.20953095406135
2020-10-27,6.88440838565996
2020-10-28,6.58654723966123
2020-10-29,6.57576085971879
2020-10-30,6.52109368004663
2020-10-31,6.46535554274479
2020-11-01,6.37045613227203
2020-11-02,6.32412623914092
2020-11-03,6.34374881254533
2020-11-04,6.3473468577573
2020-11-05,6.34001646994923
2020-11-06,6.24388385850774
2020-11-07,6.25868354292365
2020-11-08,6.36675317456075
2020-11-09,6.36695798129252
2020-11-10,6.22242756866982
2020-11-11,6.14901767362101
2020-11-12,6.24208816379588
2020-11-13,6.24114686136116
2020-11-14,6.13586859610217
2020-11-15,6.06485244861967
2020-11-16,6.11572037665566
2020-11-17,6.22499613978524
2020-11-18,6.15409237645033
2020-11-19,6.08190573849037
2020-11-20,6.08831216057975
2020-11-21,5.95690412253583
2020-11-22,5.98911916286883
2020-11-23,5.80318559751769
2020-11-24,5.50496210726351
2020-11-25,5.31285849277691
2020-11-26,5.23730122195837
2020-11-27,5.34479345152113
2020-11-28,5.06150458956522
2020-11-29,5.11010160974481
2020-11-30,5.18013929282115
2020-12-01,5.21485497342779
2020-12-02,5.24725224615008
2020-12-03,5.19883346689614
2020-12-04,5.21509182353676
2020-12-05,5.20591432370208
2020-12-06,4.9199976133812
2020-12-07,5.02018895782376
2020-12-08,5.0322278928399
2020-12-09,4.99780453284157
2020-12-10,5.00589259050049
2020-12-11,4.98750108183913
2020-12-12,4.91009353920398
2020-12-13,4.83409168689167
2020-12-14,4.8253217727639
2020-12-15,4.81376940923579
2020-12-16,4.84228064284033
2020-12-17,4.73132088208439
2020-12-18,4.61033316589597
2020-12-19,4.6151922308119
2020-12-20,4.61646244123385
2020-12-21,4.68432818840996
2020-12-22,4.6607405973137
2020-12-23,4.5959411824021
2020-12-24,4.66224308708046
2020-12-25,4.68974959507537
2020-12-26,4.7205106054142
2020-12-27,4.74497132085288
2020-12-28,4.80364418426488
2020-12-29,4.61569381949998
2020-12-30,4.62908516532009
2020-12-31,4.58233787538579
2021-01-01,4.60334575087936
2021-01-02,4.59929465355083
2021-01-03,4.76839755811189
2021-01-04,4.8062894262283
2021-01-05,4.8098655029805
2021-01-06,4.82812381893444
2021-01-07,4.63378655302281
2021-01-08,4.68285908986576
2021-01-09,4.60667986178028
2021-01-10,4.57552925179667
2021-01-11,4.57919595062299
2021-01-12,4.54650649597974
2021-01-13,4.57770354882003
2021-01-14,4.63540703901286
2021-01-15,4.60616345230042
2021-01-16,4.60022964147187
2021-01-17,4.60040411908748
2021-01-18,4.596781220726
2021-01-19,4.59503380870106
2021-01-20,4.58586292449242
2021-01-21,4.57686639336541
2021-01-22,4.61422547852358
2021-01-23,4.68659883940085
2021-01-24,4.66090944985851
2021-01-25,4.68314397094807
2021-01-26,4.73111985556086
2021-01-27,4.92052833818279
2021-01-28,5.00927414990152
2021-01-29,5.01875634145974
2021-01-30,5.02589044628643
2021-01-31,5.06190116436325
2021-02-01,5.06851539383805
2021-02-02,5.1177815333477
2021-02-03,5.17436008400555
2021-02-04,5.25779019228311
2021-02-05,5.29974304460162
2021-02-06,5.28927627041198
2021-02-07,5.24761888770275
2021-02-08,5.34818476646396
2021-02-09,5.38342315077128
2021-02-10,5.42571185126198
2021-02-11,5.44125047950213
2021-02-12,5.42664883531933
2021-02-13,5.44891704623144
2021-02-14,5.36801658799166
2021-02-15,5.36341494184254
2021-02-16,5.35812854716709
2021-02-17,5.45190939446735
2021-02-18,5.49673217468288
2021-02-19,5.52244895144142
2021-02-20,5.51252721490964
2021-02-21,5.55115522869254
2021-02-22,5.58895027860048
2021-02-23,5.59647555841784
2021-02-24,5.52306936851143
2021-02-25,5.53086201617291
2021-02-26,5.5558663053908
2021-02-27,5.58183650049074
2021-02-28,5.56720132154068
2021-03-01,5.50788474254039
2021-03-02,5.51731168695556
2021-03-03,5.51965268383215
2021-03-04,5.51464962625981
2021-03-05,5.49252349388198
2021-03-06,5.37700316156794
2021-03-07,5.44501501473687
2021-03-08,5.45124916627748
2021-03-09,5.35008953215492
2021-03-10,5.25935135663997
2021-03-11,5.21253606688798
2021-03-12,5.23965619982706
2021-03-13,5.25036790959869
2021-03-14,5.23629277769836
2021-03-15,5.33042566394088
2021-03-16,5.34159651854224
2021-03-17,5.37813091613268
2021-03-18,5.39215573842067
2021-03-19,5.5684977141143
2021-03-20,5.7062852705765
2021-03-21,5.75565990368581
2021-03-22,5.77892878510691
2021-03-23,5.72431989490567
2021-03-24,5.76537802738189
2021-03-25,5.80540085852186
2021-03-26,5.89504904477342
2021-03-27,5.96612465318876
2021-03-28,5.95879929394756
2021-03-29,5.82541124072225
2021-03-30,5.76832768972507
2021-03-31,5.71851959150446
2021-04-01,5.71496244778103
2021-04-02,5.73065463152134
2021-04-03,5.71988542265962
2021-04-04,5.72778671630159
2021-04-05,5.74200625907495
2021-04-06,5.75039577010027
2021-04-07,5.77157180574205
2021-04-08,5.7764940417307
2021-04-09,5.78642638350179
2021-04-10,5.78678343624494
2021-04-11,5.79203650058134
2021-04-12,5.79874298855938
2021-04-13,5.8132920496895
2021-04-14,5.8324789070396
2021-04-15,5.83820880689829
2021-04-16,5.85619484722653
2021-04-17,5.87744192795042
2021-04-18,5.90473718568324
2021-04-19,5.93600869563885
2021-04-20,6.13462631710027
2021-04-21,6.13531724056782
2021-04-22,6.1011259468676
2021-04-23,6.07003970894589
2021-04-24,6.13424412167688
2021-04-25,6.16269659279373
2021-04-26,6.36177382544375
2021-04-27,6.41618607514985
2021-04-28,6.4871764495415
2021-04-29,6.51908890495004
2021-04-30,6.54712345943095
2021-05-01,6.65549165772432
2021-05-02,6.75294418989314
2021-05-03,6.79624285802548
2021-05-04,6.84072197391894
2021-05-05,6.93375029956254
2021-05-06,6.97034839745018
2021-05-07,7.02781169601551
2021-05-08,7.11774585637359
2021-05-09,7.15407472150265
2021-05-10,7.18803978956395
2021-05-11,7.26598812552482
2021-05-12,7.29614720954065
2021-05-13,7.29172835500958
2021-05-14,7.29851305886981
2021-05-15,7.36140484709471
2021-05-16,7.36343899732827
2021-05-17,7.3611205837809
2021-05-18,7.37627589424269
2021-05-19,7.42800515437446
2021-05-20,7.45428531468681
2021-05-21,7.47999514255385
2021-05-22,7.52627776123481
2021-05-23,7.60114551764525
2021-05-24,7.5958288974236
2021-05-25,7.57421332365426
2021-05-26,7.57243818239134
2021-05-27,7.57982573535333
2021-05-28,7.63222732460314
2021-05-29,7.62891428564142
2021-05-30,7.61714193185032
2021-05-31,7.61796822523157
2021-06-01,7.60591644859907
2021-06-02,7.64006848403078
2021-06-03,7.63974898666737
2021-06-04,7.66869826370941
2021-06-05,7.65635324178076
2021-06-06,7.68892239246504
2021-06-07,7.69692325445313
2021-06-08,7.72982900116379
2021-06-09,7.75293780603287
2021-06-10,7.7681642192421
2021-06-11,7.77758344315194
2021-06-12,7.76085028413017
2021-06-13,7.7685248064115
2021-06-14,7.79255402959019
2021-06-15,7.79983593335551
2021-06-16,7.82110670814748
2021-06-17,7.83714504135575
2021-06-18,7.84495293879288
2021-06-19,7.88741649200587
2021-06-20,7.8990215827113
2021-06-21,7.90694003371736
2021-06-22,7.91916636239062
2021-06-23,7.95164186978024
2021-06-24,7.9509330698605
2021-06-25,7.98024529016251
2021-06-26,7.99071971427003
2021-06-27,7.96600925998492
2021-06-28,7.95475168644714
2021-06-29,7.95588080520854
2021-06-30,7.95875333080331
2021-07-01,7.97309601292375
2021-07-02,7.95375814745769
2021-07-03,7.944105907738
2021-07-04,7.94288795584983
2021-07-05,7.93397069962194
2021-07-06,7.91755718957732
2021-07-07,7.90353787074277
2021-07-08,7.89072232259567
2021-07-09,7.90088594645629
2021-07-10,7.90939257063992
2021-07-11,7.89399188546299
2021-07-12,7.87102476009977
2021-07-13,7.86346525060941
2021-07-14,7.87429544597074
2021-07-15,7.85263590911265
2021-07-16,7.80375289263242
2021-07-17,7.70311641727862
2021-07-18,7.57710956162653
2021-07-19,7.58427804461076
2021-07-20,7.60703945984431
2021-07-21,7.57460185676115
2021-07-22,7.55098921366478
2021-07-23,7.51791292223581
2021-07-24,7.53749782424689
2021-07-25,7.50982747469423
2021-07-26,7.49758785552723
2021-07-27,7.49620825228726
2021-07-28,7.52958301023451
2021-07-29,7.51607938299487
2021-07-30,7.53146563791
2021-07-31,7.52200073480522
2021-08-01,7.493793994149
2021-08-02,7.51311705140911
2021-08-03,7.50926822075664
2021-08-04,7.5628817277122
2021-08-05,7.67736855354659
2021-08-06,7.65428367082831
2021-08-07,7.64704226353005
2021-08-08,7.63886729291834
2021-08-09,7.62176708545163
2021-08-10,7.61726484579788
2021-08-11,7.60137321688351
2021-08-12,7.60923382201253
2021-08-13,7.62526757014231
2021-08-14,7.60154123637372
2021-08-15,7.59028232556556
2021-08-16,7.57035340324695
2021-08-17,7.58457909287847
2021-08-18,7.53206354684366
2021-08-19,7.55998159842487
2021-08-20,7.53794865159411
2021-08-21,7.47126243112132
2021-08-22,7.45010103580656
2021-08-23,7.4342005411142
2021-08-24,7.43569257119494
2021-08-25,7.41782834067602
2021-08-26,7.40713590943238
2021-08-27,7.3931712404561
2021-08-28,7.39101381055288
2021-08-29,7.4070483002515
2021-08-30,7.41364746424433
2021-08-31,7.414963966134
2021-09-01,7.4161601856075
2021-09-02,7.4103192704037
2021-09-03,7.41527788212028
2021-09-04,7.39326764700221
2021-09-05,7.42023326853946
2021-09-06,7.43880942477775
2021-09-07,7.47968983669685
2021-09-08,7.53273908987573
2021-09-09,7.57271669391778
2021-09-10,7.59525258956431
2021-09-11,7.64355088967556
2021-09-12,7.64940963591981
2021-09-13,7.66393940671993
2021-09-14,7.68490633590018
2021-09-15,7.69543463696716
2021-09-16,7.72264428010337
2021-09-17,7.75677822590948
2021-09-18,7.78917288424501
2021-09-19,7.77526178787093
2021-09-20,7.77054640077424
2021-09-21,7.75971940375654
2021-09-22,7.77346833804958
2021-09-23,7.76744205893976
2021-09-24,7.75793850022193
2021-09-25,7.82600734640437
2021-09-26,7.8330986465656
2021-09-27,7.80250459601478
2021-09-28,7.78864595300365
2021-09-29,7.79410002361275
2021-09-30,7.80321402029702
2021-10-01,7.83414805791264
2021-10-02,7.82661105118585
2021-10-03,7.84535538856454
2021-10-04,7.83118411831772
2021-10-05,7.9167989720371
2021-10-06,7.93592146767542
2021-10-07,7.91686979781437
2021-10-08,7.97091735855508
2021-10-09,7.95628315269289
2021-10-10,7.92869330709735
2021-10-11,7.89301612770158
2021-10-12,7.85545602975016
2021-10-13,7.86378951572977
2021-10-14,7.85781149721398
2021-10-15,7.7666691678006
2021-10-16,7.76058800046635
2021-10-17,7.75288989965196
2021-10-18,7.77351037028093
2021-10-19,7.77627555954389
2021-10-20,7.78641846824789
2021-10-21,7.78464596631193
2021-10-22,7.77815755900359
2021-10-23,7.80559403396582
2021-10-24,7.78952080593878
2021-10-25,7.71929140590406
2021-10-26,7.56089208967484
2021-10-27,7.5175407849718
2021-10-28,7.493299439335
2021-10-29,7.45636705092778
2021-10-30,7.47861738776498
2021-10-31,7.43793762278062
2021-11-01,7.39823712772505
2021-11-02,7.24238650202751
2021-11-03,7.13541424666328
2021-11-04,7.04454659253746
2021-11-05,6.92676882764122
2021-11-06,6.86426925014653
2021-11-07,6.78088039092842
2021-11-08,6.55753579611849
2021-11-09,6.42800707333619
2021-11-10,6.29368895216024
2021-11-11,6.23482712678335
2021-11-12,6.20462839180346
2021-11-13,6.13717821863117
2021-11-14,6.12282341591973
2021-11-15,6.27550982269682
2021-11-16,6.30262495333571
2021-11-17,6.25041923436078
2021-11-18,6.240474420429
2021-11-19,6.21949069571857
2021-11-20,6.16158688197251
2021-11-21,6.14454871099691
2021-11-22,6.06513483026876
2021-11-23,6.02937537422036
2021-11-24,5.97193556137508
2021-11-25,5.99424753709802
2021-11-26,5.95340226992172
2021-11-27,5.8818253879237
2021-11-28,5.86327317581149
2021-11-29,5.86607847732046
2021-11-30,5.84293682166423
2021-12-01,5.44111567938804
2021-12-02,5.41039203712285
2021-12-03,5.49953377055964
2021-12-04,5.4820923234301
2021-12-05,5.50112204318687
2021-12-06,5.47066298267954
2021-12-07,5.49487498944028
2021-12-08,5.49158082675701
2021-12-09,5.48361720836801
2021-12-10,5.44954585586242
2021-12-11,5.48853956671955
2021-12-12,4.88146422652396
2021-12-13,4.68505042472056
2021-12-14,4.63597586832693
2021-12-15,4.64719495886102
2021-12-16,4.69817022934839
2021-12-17,4.5902592395914
2021-12-18,4.57836178710982
2021-12-19,4.60281093731988
2021-12-20,4.60862653134786
2021-12-21,4.51223557020547
2021-12-22,4.46585268698676
2021-12-23,4.48479213508276
2021-12-24,4.54427866845191
2021-12-25,4.50368469367919
2021-12-26,4.4859439442595
2021-12-27,4.48447362271281
2021-12-28,4.44796923658256
2021-12-29,4.45138146190032
2021-12-30,4.46183359569737
2021-12-31,4.4793582738954
2022-01-01,4.4811059581606
2022-01-02,4.48792895999226
2022-01-03,4.48668770272418
2022-01-04,4.44447962207907
2022-01-05,4.45093449338457
2022-01-06,4.55885048117934
2022-01-07,4.57295634991588
2022-01-08,4.62644016522371
2022-01-09,4.61577320467262
2022-01-10,4.69548961371265
2022-01-11,4.65439758350171
2022-01-12,4.62900559206889
2022-01-13,4.64901760673676
2022-01-14,4.65210478361577
2022-01-15,4.74597335297468
2022-01-16,4.75864108070432
2022-01-17,4.80330318887566
2022-01-18,4.79812172519261
2022-01-19,4.85558279026541
2022-01-20,4.84156828149091
2022-01-21,5.07253190090214
2022-01-22,5.11874561598316
2022-01-23,5.11557465535764
2022-01-24,5.13106005093643
2022-01-25,5.13204046545843
2022-01-26,5.12696201895808
2022-01-27,5.14577245364256
2022-01-28,5.17394380116991
2022-01-29,5.16786175250445
2022-01-30,5.29232341195592
2022-01-31,5.4553098046619
2022-02-01,5.51029761767556
2022-02-02,5.58165742380583
2022-02-03,5.6339867643907
2022-02-04,5.67669468054086
2022-02-05,5.73191965873169
2022-02-06,5.648920550009
2022-02-07,5.56638858853905
2022-02-08,5.52545840065785
2022-02-09,5.52565807229732
2022-02-10,5.52563886674252
2022-02-11,5.53590711089099
2022-02-12,5.59209809518992
2022-02-13,5.62356259430165
2022-02-14,5.60334778113366
2022-02-15,5.57954652610945
2022-02-16,5.55812073234043
2022-02-17,5.52962764106693
2022-02-18,5.66151625815814
2022-02-19,5.70138384404206
2022-02-20,5.6624088220278
2022-02-21,5.62828465506347
2022-02-22,5.6622030100799
2022-02-23,5.87802127107365
2022-02-24,5.93014899350198
2022-02-25,6.09041758516732
2022-02-26,6.08601982242203
2022-02-27,6.09113710691334
2022-02-28,6.09958097628103
2022-03-01,6.1140083511413
2022-03-02,6.1174727647357
2022-03-03,6.06662121715419
2022-03-04,6.00661116574764
2022-03-05,5.95406992947333
2022-03-06,5.86723787444334
2022-03-07,5.78428600427444
2022-03-08,5.77444479486277
2022-03-09,5.76410870113523
2022-03-10,5.73049550295488
2022-03-11,5.59793902811343
2022-03-12,5.63817858629649
2022-03-13,5.50535629363863
2022-03-14,5.35847124949374
2022-03-15,5.38075883466457
2022-03-16,5.38884027765931
2022-03-17,5.36795439929538
2022-03-18,5.27265747514405
2022-03-19,5.39889508044143
2022-03-20,5.35040059181851
2022-03-21,5.21888895802109
2022-03-22,5.1025882810737
2022-03-23,5.03505207082322
2022-03-24,5.06661331004481
2022-03-25,5.16092073814917
2022-03-26,5.22982388099906
2022-03-27,5.22016513789299
2022-03-28,5.18078222662904
2022-03-29,5.18729145636541
2022-03-30,5.20355252907133
2022-03-31,5.4031060845102
2022-04-01,5.40604435372386
2022-04-02,5.47050353556236
2022-04-03,5.49458611247539
2022-04-04,5.57057937764443
2022-04-05,5.60238239311479
2022-04-06,5.64836532610181
2022-04-07,5.71752376047606
2022-04-08,6.09268544044913
2022-04-09,5.90396263426417
2022-04-10,5.90424726290007
2022-04-11,5.91073392513512
2022-04-12,5.98657430379338
2022-04-13,6.00875701226574
2022-04-14,6.01144352519633
2022-04-15,6.08788769345034
2022-04-16,6.12834687852412
2022-04-17,6.19218550454389
2022-04-18,6.20188785524696
2022-04-19,6.24370429840963
2022-04-20,6.22805922364496
2022-04-21,6.25675124353483
2022-04-22,6.3305620066726
2022-04-23,6.36063270036495
2022-04-24,6.39274816170504
2022-04-25,6.42989196996599
2022-04-26,6.44621577330727
2022-04-27,6.49275543442571
2022-04-28,6.604554038895
2022-04-29,6.63620214389032
2022-04-30,6.70309749371261
2022-05-01,6.73856510173012
2022-05-02,6.79409016494428
2022-05-03,6.87198137857305
2022-05-04,6.88198638757021
2022-05-05,6.92529041330145
2022-05-06,6.99396130066658
2022-05-07,7.00470668242595
2022-05-08,7.04632279086804
2022-05-09,7.13853416884701
2022-05-10,7.21209580592076
2022-05-11,7.24547694342861
2022-05-12,7.28707316263084
2022-05-13,7.31158060099184
2022-05-14,7.27836551290855
2022-05-15,7.27210709775186
2022-05-16,7.27060590615726
2022-05-17,7.27349505791168
2022-05-18,7.26762815306231
2022-05-19,7.25731550948107
2022-05-20,7.27643964418075
2022-05-21,7.2737991329129
2022-05-22,7.29252617478118
2022-05-23,7.29401426944956
2022-05-24,7.35112363591472
2022-05-25,7.37666325429692
2022-05-26,7.41168512156219
2022-05-27,7.56672741697269
2022-05-28,7.63238145466013
2022-05-29,7.72899783153899
2022-05-30,7.75530346084248
2022-05-31,7.83895240354395
2022-06-01,7.87417330823598
2022-06-02,7.86897956421735
2022-06-03,7.87459419431182
2022-06-04,7.89233285864462
2022-06-05,7.92329698054994
2022-06-06,7.93471820661796
2022-06-07,7.93120212813204
2022-06-08,7.92920894581967
2022-06-09,7.92632585017452
2022-06-10,7.95382932878673
2022-06-11,7.95479658847806
2022-06-12,7.95552739433869
2022-06-13,7.97040162620161
2022-06-14,7.95625962270899
2022-06-15,7.93955909991594
2022-06-16,7.93185570183143
2022-06-17,7.92738629552748
2022-06-18,7.91045035425537
2022-06-19,7.90428036745501
2022-06-20,7.90564256983838
2022-06-21,7.89694875463968
2022-06-22,7.89081552772038
2022-06-23,7.87733676585541
2022-06-24,7.86653456635754
2022-06-25,7.86144708919943
2022-06-26,7.85106153163642
2022-06-27,7.85001252484762
2022-06-28,7.78687515886476
2022-06-29,7.80888482777274
2022-06-30,7.8230962669195
2022-07-01,7.81385170955083
2022-07-02,7.7946622231839
2022-07-03,7.78537482353919
2022-07-04,7.71754146662615
2022-07-05,7.69979292141618
2022-07-06,7.67475094876801
2022-07-07,7.68001862698646
2022-07-08,7.67039293930832
2022-07-09,7.65318049336818
2022-07-10,7.649496838641
2022-07-11,7.65262219180472
2022-07-12,7.67636427746229
2022-07-13,7.664726827805
2022-07-14,7.67294184700782
2022-07-15,7.65189153646081
2022-07-16,7.64747636536503
2022-07-17,7.60832875310478
2022-07-18,7.63763215672461
2022-07-19,7.61867341823466
2022-07-20,7.60715678915392
2022-07-21,7.58266859772831
2022-07-22,7.60177642912571
2022-07-23,7.60463836298383
2022-07-24,7.61575872658061
2022-07-25,7.66230490805266
2022-07-26,7.67815303905959
2022-07-27,7.71262146350242
2022-07-28,7.71311651648952
2022-07-29,7.71578836113113
2022-07-30,7.79386725737694
2022-07-31,7.82860144867416
2022-08-01,7.74261886741188
2022-08-02,7.74395195570708
2022-08-03,7.73605260277038
2022-08-04,7.78251497983891
2022-08-05,7.80769561040246
2022-08-06,7.8032667466041
2022-08-07,7.78628182380931
2022-08-08,7.73942183868316
2022-08-09,7.72939492077347
2022-08-10,7.68789489066057
2022-08-11,7.6352925511917
2022-08-12,7.53758244178585
2022-08-13,7.51129342845145
2022-08-14,7.53520020206528
2022-08-15,7.53068807107106
2022-08-16,7.53381162529082
2022-08-17,7.47420914624855
2022-08-18,7.55955822013279
2022-08-19,7.68510271607635
2022-08-20,7.75412513804507
2022-08-21,7.7632479339473
2022-08-22,7.94612692854654
2022-08-23,7.89638090218224
2022-08-24,7.89709201723238
2022-08-25,7.89526766991145
2022-08-26,7.91185210917702
2022-08-27,7.8889011889816
2022-08-28,7.8604518022385
2022-08-29,7.86579310202529
2022-08-30,7.86656241704933
2022-08-31,7.88734547128864
2022-09-01,7.88866190225166
2022-09-02,7.90546109159327
2022-09-03,7.83632702499146
2022-09-04,7.78149302141947
2022-09-05,7.76291238599849
2022-09-06,7.73488636334964
2022-09-07,7.67658242466477
2022-09-08,7.79714614555341
2022-09-09,7.78299974585177
2022-09-10,7.78011637112997
2022-09-11,7.76882731398627
2022-09-12,7.78509913902522
2022-09-13,7.75548837450589
2022-09-14,7.74217830154525
2022-09-15,7.74742864137268
2022-09-16,7.73986798576434
2022-09-17,7.74203026284538
2022-09-18,7.7314535933338
2022-09-19,7.73022016515794
2022-09-20,7.71700008059238
2022-09-21,7.70113555859786
2022-09-22,7.69894053481057
2022-09-23,7.70708539424799
2022-09-24,7.65546081910407
2022-09-25,7.67003016833088
2022-09-26,7.6236147725452
2022-09-27,7.66212904841207
2022-09-28,7.62137241057356
2022-09-29,7.64280317899073
2022-09-30,7.67803827751451
2022-10-01,7.64863757114876
2022-10-02,7.63532071212478
2022-10-03,7.61745551177906
2022-10-04,7.60643578748269
2022-10-05,7.62628813133873
2022-10-06,7.67142732176994
2022-10-07,7.68256824430813
2022-10-08,7.68896558996811
2022-10-09,7.61786456121099
2022-10-10,7.4650945259193
2022-10-11,7.42487699727808
2022-10-12,7.40078463972901
2022-10-13,7.41419240280254
2022-10-14,7.30570930773379
2022-10-15,7.3519110979064
2022-10-16,7.39636852826166
2022-10-17,7.46527204164082
2022-10-18,7.24711268995922
2022-10-19,7.0836041068301
2022-10-20,7.44666430961841
2022-10-21,7.45707168104975
2022-10-22,7.37245762223499
2022-10-23,7.29044830751449
2022-10-24,7.23712920102225
2022-10-25,7.22328643046144
2022-10-26,7.22517179969982
2022-10-27,7.21396681537132
2022-10-28,7.21732927171888
2022-10-29,7.19637979790593
2022-10-30,7.17963015432431
2022-10-31,7.06367116888373
2022-11-01,6.95385165702368
2022-11-02,6.91011749991354
2022-11-03,6.87260124535796
2022-11-04,6.93943671072883
2022-11-05,6.41215189392371
2022-11-06,6.14845256640482
2022-11-07,5.97903571739313
2022-11-08,5.95693058553712
2022-11-09,5.90062014990788
2022-11-10,5.79043090923019
2022-11-11,5.69160426945572
2022-11-12,5.66900635493666
2022-11-13,5.85347796555961
2022-11-14,5.8380657308229
2022-11-15,5.87636096446116
2022-11-16,5.76804712035973
2022-11-17,5.77851686929527
2022-11-18,5.74870271052611
2022-11-19,5.7333490193635
2022-11-20,5.71794233114316
2022-11-21,5.6958563961582
2022-11-22,5.65034319155003
2022-11-23,5.63539891188612
2022-11-24,5.563689145544
2022-11-25,5.57802103107437
2022-11-26,5.52922929157145
2022-11-27,5.47022551072211
2022-11-28,5.38570832356314
2022-11-29,4.93619135201148
2022-11-30,4.83247387608695
2022-12-01,4.859771232903
2022-12-02,5.05236057767185
2022-12-03,5.01609615409493
2022-12-04,5.07933437037153
2022-12-05,4.81721563556357
2022-12-06,4.80686880496084
2022-12-07,4.79778521039845
2022-12-08,4.75353569498769
2022-12-09,4.78798154886089
2022-12-10,4.77611766684892
2022-12-11,4.77144233920787
2022-12-12,4.71132928304947
2022-12-13,4.78383755865436
2022-12-14,4.79415129920811
2022-12-15,4.62912043644034
2022-12-16,4.63817104211463
2022-12-17,4.5543042195927
2022-12-18,4.56168766283133
2022-12-19,4.61504289366489
2022-12-20,4.59063134485859
2022-12-21,4.54228886745832
2022-12-22,4.57191323777904
2022-12-23,4.52154218266713
2022-12-24,4.42113391366964
2022-12-25,4.41519475451358
2022-12-26,4.42222068189717
2022-12-27,4.36789497314615
2022-12-28,4.36151571229769
2022-12-29,4.35680479853956
2022-12-30,4.34373200754966
2022-12-31,4.39384501721927
2023-01-01,4.28807407671267
2023-01-02,4.32073137243801
2023-01-03,4.32959546667078
2023-01-04,4.31751864730013
2023-01-05,4.3371623273318
2023-01-06,4.32275696541373
2023-01-07,4.31285755915413
2023-01-08,4.39417877649631
2023-01-09,4.40689803503237
2023-01-10,4.38880596160889
2023-01-11,4.37843829707095
2023-01-12,4.4026213895588
2023-01-13,4.34694793954353
2023-01-14,4.34298869688594
2023-01-15,4.31106665362855
2023-01-16,4.33396110737338
2023-01-17,4.34448605810527
2023-01-18,4.36855617277364
2023-01-19,4.35982746662185
2023-01-20,4.43610414359658
2023-01-21,4.583987157089
2023-01-22,4.63906886630469
2023-01-23,4.81688306809437
2023-01-24,4.95464125795688
2023-01-25,4.92313463351778
2023-01-26,5.07460612441218
2023-01-27,5.19889776243327
2023-01-28,5.36776400932374
2023-01-29,5.43393715268977
2023-01-30,5.47564567848875
2023-01-31,5.47980369506151
2023-02-01,5.52012669133776
2023-02-02,5.51915995447147
2023-02-03,5.51672724815745
2023-02-04,5.51160308046701
2023-02-05,5.63915688877153
2023-02-06,5.7328605073342
2023-02-07,5.72481373459214
2023-02-08,5.72645763166041
2023-02-09,5.68253561273722
2023-02-10,5.79752748605807
2023-02-11,5.76530339783165
2023-02-12,5.70210677068951
2023-02-13,5.68604179043059
2023-02-14,5.63926685293232
2023-02-15,5.5797604945966
2023-02-16,5.55888547566163
2023-02-17,5.54376194848788
2023-02-18,5.58030415180286
2023-02-19,5.61665519618236
2023-02-20,5.6249224735564
2023-02-21,5.58186017069229
2023-02-22,5.52028434256939
2023-02-23,5.51144290365666
2023-02-24,5.5093706689215
2023-02-25,5.5237875969664
2023-02-26,5.40335549910599
2023-02-27,5.31126727959591
2023-02-28,5.42431575917855
2023-03-01,5.45729419950163
2023-03-02,5.44033719302163
2023-03-03,5.45018618656494
2023-03-04,5.53589552209047
2023-03-05,6.17632652932664
2023-03-06,6.13761352655633
2023-03-07,6.16896161350203
2023-03-08,6.07735837556326
2023-03-09,5.90650481861675
2023-03-10,5.84781862129124
2023-03-11,5.8220254108628
2023-03-12,5.72326587209986
2023-03-13,5.67002602707346
2023-03-14,5.5987026057099
2023-03-15,5.56553613704351
2023-03-16,5.54215146945782
2023-03-17,5.52475900050643
2023-03-18,5.53465205627171
2023-03-19,5.55001131861596
2023-03-20,5.56379611442392
2023-03-21,5.40762569531232
2023-03-22,5.47164613339592
2023-03-23,5.49293998434938
2023-03-24,5.52432575996665
2023-03-25,5.51065370158789
2023-03-26,5.5359693206649
2023-03-27,5.55499014036283
2023-03-28,5.56508014641409
2023-03-29,5.5783495191471
2023-03-30,5.60441447066671
2023-03-31,5.63681802194474
2023-04-01,5.70554574635678
2023-04-02,5.78877232185726
2023-04-03,5.78204214332909
2023-04-04,5.78954762999396
2023-04-05,5.80801271757693
2023-04-06,5.81914838522922
2023-04-07,5.83742033787009
2023-04-08,5.85044686692301
2023-04-09,5.85015290369496
2023-04-10,5.8509837861512
2023-04-11,5.89825058843449
2023-04-12,5.9254599154629
2023-04-13,5.91462626502239
2023-04-14,5.94235343704861
2023-04-15,5.950003097059
2023-04-16,5.95265829480063
2023-04-17,6.02339483725606
2023-04-18,6.0276792049108
2023-04-19,6.04492928492064
2023-04-20,6.05012571570857
2023-04-21,6.0910211058768
2023-04-22,6.12718432186479
2023-04-23,6.16416700863289
2023-04-24,6.20811393026458
2023-04-25,6.2040002020157
2023-04-26,6.25158862530508
2023-04-27,6.26979817332588
2023-04-28,6.30906109376662
2023-04-29,6.33818378687175
2023-04-30,6.41178695001938
2023-05-01,6.47071829484863
2023-05-02,6.60693594973101
2023-05-03,6.65986388106539
2023-05-04,6.69857697855246
2023-05-05,6.76195949534661
2023-05-06,6.80408875468647
2023-05-07,6.82042014436795
2023-05-08,6.83324384668193
2023-05-09,6.88452936078976
2023-05-10,6.90573365494681
2023-05-11,6.9441127965
2023-05-12,6.99388551805006
2023-05-13,7.05186640890903
2023-05-14,7.10529913527211
2023-05-15,7.14865019821106
2023-05-16,7.18660383558572
2023-05-17,7.21415259512994
2023-05-18,7.25919348176311
2023-05-19,7.32792496764055
2023-05-20,7.44353557640827
2023-05-21,7.47254932329737
2023-05-22,7.47974247349029
2023-05-23,7.48527576684141
2023-05-24,7.48595425937678
2023-05-25,7.48745463642608
2023-05-26,7.51895743819511
2023-05-27,7.54256120593558
2023-05-28,7.53177881718151
2023-05-29,7.53710574341483
2023-05-30,7.52223195181353
2023-05-31,7.54473850495432
2023-06-01,7.55879837904408
2023-06-02,7.57041931227862
2023-06-03,7.56775652050389
2023-06-04,7.56509793045649
2023-06-05,7.57036130078151
2023-06-06,7.57641680990426
2023-06-07,7.57310839196953
2023-06-08,7.57226834584561
2023-06-09,7.5868910789682
2023-06-10,7.57330897585811
2023-06-11,7.54998138403198
2023-06-12,7.53026966893849
2023-06-13,7.53424213753666
2023-06-14,7.52728605945642
2023-06-15,7.50205203138346
2023-06-16,7.49028381265778
2023-06-17,7.52087197719031
2023-06-18,7.51368108692418
2023-06-19,7.51618561286603
2023-06-20,7.59663165700526
2023-06-21,7.58868084175416
2023-06-22,7.55627669880337
2023-06-23,7.54007289008914
2023-06-24,7.53670829624271
2023-06-25,7.53260787923318
2023-06-26,7.62814654624161
2023-06-27,7.63397063411562
2023-06-28,7.62193814323216
2023-06-29,7.61930345831582
2023-06-30,7.60452094299105
2023-07-01,7.59071609345655
2023-07-02,7.57316528280853
2023-07-03,7.55124230615878
2023-07-04,7.54247796383691
2023-07-05,7.54531632633869
2023-07-06,7.54813886569114
2023-07-07,7.53491497468159
2023-07-08,7.57562501991206
2023-07-09,7.62372267321646
2023-07-10,7.65229747320913
2023-07-11,7.64853237441044
2023-07-12,7.60016756465102
2023-07-13,7.59085711179362
2023-07-14,7.5989138549718
2023-07-15,7.63991863462722
2023-07-16,7.59085907333948
2023-07-17,7.59385902150057
2023-07-18,7.61442957138202
2023-07-19,7.6004052153938
2023-07-20,7.56700324929212
2023-07-21,7.54548655759181
2023-07-22,7.53570422939415
2023-07-23,7.55049601777503
2023-07-24,7.54900269922883
2023-07-25,7.51934593988641
2023-07-26,7.46729462193033
2023-07-27,7.45898696415805
2023-07-28,8.51721222052984
2023-07-29,7.86086812342277
2023-07-30,7.59658319442047
2023-07-31,7.15715573346466
2023-08-01,8.16338833635374
2023-08-02,7.82102881542811
2023-08-03,6.07789355701343
2023-08-04,6.59620522454532
2023-08-05,6.2992174675473
2023-08-06,7.82715263845948
2023-08-07,7.87005930980627
2023-08-08,7.13778119312369
2023-08-09,7.47105255126953
2023-08-10,7.45105402099109
2023-08-11,7.43379457219178
2023-08-12,7.42443407052126
2023-08-13,7.47310734978814
2023-08-14,7.48740774196798
2023-08-15,7.47878849448581
2023-08-16,7.4449486491337
2023-08-17,7.38413889108246
2023-08-18,7.39004314030335
2023-08-19,7.36600229614153
2023-08-20,7.3667814182352
2023-08-21,7.35450927059842
2023-08-22,7.32701446169621
2023-08-23,7.33879231535141
2023-08-24,7.32955477839563
2023-08-25,7.32381741505957
2023-08-26,7.31041205010127
2023-08-27,7.27532359590183
2023-08-28,7.26484906657327
2023-08-29,7.27962283303413
2023-08-30,7.29623901571857
2023-08-31,7.3110320716111
2023-09-01,7.29680974070284
2023-09-02,7.35583558876942
2023-09-03,7.35999635498075
2023-09-04,7.3835831986816
2023-09-05,7.38472770158083
2023-09-06,7.40205857487166
2023-09-07,7.41990820139161
2023-09-08,7.43572016738146
2023-09-09,7.45615737084251
2023-09-10,7.45122779601172
2023-09-11,7.46788942762935
2023-09-12,7.46619505154493
2023-09-13,7.49751056004352
2023-09-14,7.47996812910925
2023-09-15,7.47598658851884
2023-09-16,7.48042841432884
2023-09-17,7.46335181332212
2023-09-18,7.44868949957663
2023-09-19,7.45049395713811
2023-09-20,7.44006620538752
2023-09-21,7.45528624749775
2023-09-22,7.44940975926152
2023-09-23,7.46897225344417
2023-09-24,7.46304779053561
2023-09-25,7.44621309615284
2023-09-26,7.46181163240629
2023-09-27,7.45999204096649
2023-09-28,7.47399994211637
2023-09-29,7.50813882010485
2023-09-30,7.49269705736499
2023-10-01,7.52558528968782
2023-10-02,7.54270788253701
2023-10-03,7.54082975454117
2023-10-04,7.50185936101817
2023-10-05,7.54820984545463
2023-10-06,7.58121642831175
2023-10-07,7.59091518631394
2023-10-08,7.62690052362148
2023-10-09,7.54891706352514
2023-10-10,7.60754279624618
2023-10-11,7.69984201041673
2023-10-12,7.7680499370304
2023-10-13,7.74524221272894
2023-10-14,7.75195333845136
2023-10-15,7.76057006600996
2023-10-16,7.7699307577567
2023-10-17,7.78872867447363
2023-10-18,7.72770936163166
2023-10-19,7.75431904958346
2023-10-20,7.84781541406176
2023-10-21,7.82316622312595
2023-10-22,7.82625254592834
2023-10-23,7.80756341157991
2023-10-24,7.71780020215259
2023-10-25,7.58655482412581
2023-10-26,7.52309876678392
2023-10-27,7.45589120127877
2023-10-28,7.34839491154671
2023-10-29,7.05944868579872
2023-10-30,6.78265992784518
2023-10-31,6.71350076892844
2023-11-01,6.61356181122916
2023-11-02,6.5787659714216
2023-11-03,6.49438736797553
2023-11-04,6.5051976922773
2023-11-05,6.4844188770896
2023-11-06,6.48598419376963
2023-11-07,6.41796524743397
2023-11-08,6.30676753569053
2023-11-09,6.33440226365774
2023-11-10,6.34286638094751
2023-11-11,6.30810434104688
2023-11-12,6.26576504483924
2023-11-13,6.30793843248232
2023-11-14,6.22462881880802
2023-11-15,6.2004293899768
2023-11-16,6.11411076383536
2023-11-17,6.03838012760062
2023-11-18,5.96200371744122
2023-11-19,5.97050007144094
2023-11-20,5.71018276436153
2023-11-21,5.57082516244314
2023-11-22,5.56821584944822
2023-11-23,5.52066673309528
2023-11-24,5.51783446990746
2023-11-25,5.48016825822127
2023-11-26,5.52391851955181
2023-11-27,5.53466681978477
2023-11-28,5.49395085433804
2023-11-29,5.16277357252167
2023-11-30,5.16185591419821
2023-12-01,5.14223364679347
2023-12-02,5.11773118447131
2023-12-03,5.12731078281541
2023-12-04,5.08024355360049
2023-12-05,4.82724527340396
2023-12-06,4.78835643970803
2023-12-07,4.77054003375065
2023-12-08,4.6116908399304
2023-12-09,4.60590378908559
2023-12-10,4.63276582832653
2023-12-11,4.67605139913609
2023-12-12,4.60737134620054
2023-12-13,4.61617398739543
2023-12-14,4.57623549213571
2023-12-15,4.548612936916
2023-12-16,4.40201047538344
2023-12-17,4.42450503407262
2023-12-18,4.44799136143444
2023-12-19,4.48098049580472
2023-12-20,4.53818561541324
2023-12-21,4.75031340658203
2023-12-22,4.81700198077159
2023-12-23,4.76769705081549
2023-12-24,4.90081786371998
2023-12-25,4.85021629378541
2023-12-26,4.86747488797268
2023-12-27,4.83942876877237
2023-12-28,4.85612056763446
2023-12-29,4.78715190605775
2023-12-30,4.70280905118331
2023-12-31,4.69959409002747
2024-01-01,4.6587443754977
2024-01-02,4.60772583757648
2024-01-03,4.62525215487978
2024-01-04,4.65236325300941
2024-01-05,4.67082181751815
2024-01-06,4.62350050731055
2024-01-07,4.57209783155392
2024-01-08,4.56558545402518
2024-01-09,4.38385671750726
2024-01-10,4.45045756106176
2024-01-11,4.40868179365939
2024-01-12,4.45423260992439
2024-01-13,4.44153856528576
2024-01-14,4.46678154104555
2024-01-15,4.46371860896234
2024-01-16,4.59199123252491
2024-01-17,4.59567553372195
2024-01-18,4.62319945444077
2024-01-19,4.61730075217879
2024-01-20,4.69252150061174
2024-01-21,4.6387324517436
2024-01-22,4.58733022171074
2024-01-23,4.60111359101725
2024-01-24,4.63348622358822
2024-01-25,4.6583628428197
2024-01-26,4.69083317440761
2024-01-27,4.81868356893451
2024-01-28,4.96523678744688
2024-01-29,5.04939067335764
2024-01-30,5.04198310014641
2024-01-31,5.06374757019242
2024-02-01,5.09135031982575
2024-02-02,5.12717732563971
2024-02-03,5.18993350263487
2024-02-04,5.13156636711103
2024-02-05,5.27782189216364
2024-02-06,5.29713036035092
2024-02-07,5.43453949691471
2024-02-08,5.48698817883041
2024-02-09,5.54908565816994
2024-02-10,6.04076144810786
2024-02-11,5.63344712804019
2024-02-12,5.66516239596915
2024-02-13,5.66510961701409
2024-02-14,5.64132174695761
2024-02-15,5.68925205494163
2024-02-16,5.7192431345374
2024-02-17,5.76016235039923
2024-02-18,5.7724043670685
2024-02-19,5.79102777724883
2024-02-20,5.78918478853361
2024-02-21,5.78189364580617
2024-02-22,5.77810671492948
2024-02-23,5.73975927640101
2024-02-24,5.62313173193804
2024-02-25,5.62122443506616
2024-02-26,5.53749034385527
2024-02-27,5.56364336223605
2024-02-28,5.56692469633078
2024-02-29,5.5569585444396
2024-03-01,5.5863970527329
2024-03-02,5.55665184030499
2024-03-03,5.46795554350688
2024-03-04,5.42069673985838
2024-03-05,5.32674690165155
2024-03-06,5.27678795638969
2024-03-07,5.27207931714091
2024-03-08,5.31323996832778
2024-03-09,5.34349318043339
2024-03-10,5.49917270327566
2024-03-11,5.55524844282629
2024-03-12,5.65123749736511
2024-03-13,5.78696677798914
2024-03-14,5.78883169502349
2024-03-15,5.65205231797784
2024-03-16,5.66288822462057
2024-03-17,5.64027512980125
2024-03-18,5.64158067105983
2024-03-19,5.63183455170134
2024-03-20,5.60814488563971
2024-03-21,5.63015766280858
2024-03-22,5.57280043375291
2024-03-23,5.59842426373268
2024-03-24,5.71710632293499
2024-03-25,5.62796075777864
2024-03-26,5.445544188365
2024-03-27,5.4651449199175
2024-03-28,5.49457757844084
2024-03-29,5.52505246628195
2024-03-30,5.6360744250144
2024-03-31,5.73184975409361
2024-04-01,5.7135665286153
2024-04-02,5.70722074247309
2024-04-03,5.74065471219096
2024-04-04,5.78049369979332
2024-04-05,5.811914745638
2024-04-06,5.8340552935498
2024-04-07,5.89614323748562
2024-04-08,5.93695251441651
2024-04-09,5.95729109663498
2024-04-10,5.99012017898167
2024-04-11,6.02744788254028
2024-04-12,6.04016818602996
2024-04-13,6.06028996445625
2024-04-14,6.1117453969973
2024-04-15,6.14404657216508
2024-04-16,6.18171056374939
2024-04-17,6.20387187614367
2024-04-18,6.23803725912656
2024-04-19,6.25757648657693
2024-04-20,6.26955081169082
2024-04-21,6.27539784038513
2024-04-22,6.29123249586788
2024-04-23,6.32540337094399
2024-04-24,6.3262465339008
2024-04-25,6.34659685973744
2024-04-26,6.48685072130517
2024-04-27,6.43828479088453
2024-04-28,6.45726465470521
2024-04-29,6.48516713142164
2024-04-30,6.53467778082931
2024-05-01,6.5637994664708
2024-05-02,6.56940349289762
2024-05-03,6.63648803689997
2024-05-04,6.68679255310458
2024-05-05,6.73780506753462
2024-05-06,6.77652352624516
2024-05-07,6.79908451643677
2024-05-08,6.79542944324914
2024-05-09,6.75695547761782
2024-05-10,6.78025852311826
2024-05-11,6.81860034731096
2024-05-12,6.86057214317322
2024-05-13,7.20396005859789
2024-05-14,7.22262063172806
2024-05-15,7.32250677030403
2024-05-16,7.60071366219665
2024-05-17,7.62683489488216
2024-05-18,7.64689157657045
2024-05-19,7.67873870787414
2024-05-20,7.66232495310988
2024-05-21,7.6809600881726
2024-05-22,7.68637012250242
2024-05-23,7.68539432309184
2024-05-24,7.66899714919256
2024-05-25,7.67025455530179
2024-05-26,7.66553913153683
2024-05-27,7.66491326671937
2024-05-28,7.67134051947432
2024-05-29,7.68129976341101
2024-05-30,7.74614335416498
2024-05-31,7.74159798752723
2024-06-01,7.74780589299385
2024-06-02,7.83397068538062
2024-06-03,7.905566947135
2024-06-04,7.89476119387208
2024-06-05,7.9260494168626
2024-06-06,7.9304630518216
2024-06-07,7.91086303476549
2024-06-08,7.8827553659085
2024-06-09,7.86144300827113
2024-06-10,7.86060028383845
2024-06-11,7.85591146222765
2024-06-12,7.88266433701231
2024-06-13,7.84648506668903
2024-06-14,7.8842514288946
2024-06-15,7.91566600929051
2024-06-16,7.92849941524165
2024-06-17,7.95227138076047
2024-06-18,7.97240976825855
2024-06-19,7.9780876310004
2024-06-20,7.97871124700498
2024-06-21,7.96387259655115
2024-06-22,7.94593242913584
2024-06-23,7.93724333752579
2024-06-24,7.90923330669344
2024-06-25,7.89513951761717
2024-06-26,7.8925625712294
2024-06-27,7.88074375463661
2024-06-28,7.87060321017331
2024-06-29,7.84951619698369
2024-06-30,7.82032088991962
2024-07-01,7.80358552742081
2024-07-02,7.77621897501963
2024-07-03,7.75406914231665
2024-07-04,7.7429699388037
2024-07-05,7.73658363478289
2024-07-06,7.72948706449935
2024-07-07,7.73277807431788
2024-07-08,7.70420859717914
2024-07-09,7.69728647218025
2024-07-10,7.68742379413078
2024-07-11,7.67880079466343
2024-07-12,7.67910757304939
2024-07-13,7.66947862726664
2024-07-14,7.66983647868622
2024-07-15,7.66132650519871
2024-07-16,7.65220933805992
2024-07-17,7.64857840709982
2024-07-18,7.64788929891865
2024-07-19,7.65079823695483
2024-07-20,7.61965412402216
2024-07-21,7.63539888151891
2024-07-22,7.63493040662145
2024-07-23,7.63755037078377
2024-07-24,7.64419760846048
2024-07-25,7.64539735725904
2024-07-26,7.6506155706239
2024-07-27,7.65225327648638
2024-07-28,7.65455509799285
2024-07-29,7.65624080942321
2024-07-30,7.65149862553723
2024-07-31,7.66034150493604
2024-08-01,7.64904085063153
2024-08-02,7.66653728341299
2024-08-03,7.67790377245675
2024-08-04,7.6838735114888
2024-08-05,7.68690210364987
2024-08-06,7.66741146308768
2024-08-07,7.64664824915915
2024-08-08,7.61284187188613
2024-08-09,7.60076178015314
2024-08-10,7.57913333735756
2024-08-11,7.52923115043636
2024-08-12,7.53149727632654
2024-08-13,7.56536890410429
2024-08-14,7.54792879744864
2024-08-15,7.54488176762032
2024-08-16,7.55313236853882
2024-08-17,7.55296737604013
2024-08-18,7.55770708420147
2024-08-19,7.56285619794851
2024-08-20,7.5747733185715
2024-08-21,7.5500954577306
2024-08-22,7.55710344184446
2024-08-23,7.56049821786426
2024-08-24,7.5791873049312
2024-08-25,7.59172100622645
2024-08-26,7.5930878303039
2024-08-27,7.61426174736921
2024-08-28,7.62501684596571
2024-08-29,7.59809129973482
2024-08-30,7.58860461542207
2024-08-31,7.57934158351786
2024-09-01,7.58386120414889
2024-09-02,7.62157488232959
2024-09-03,7.62513345946914
2024-09-04,7.61227211002391
2024-09-05,7.62219521574791
2024-09-06,7.67098274593297
2024-09-07,7.669345232159
2024-09-08,7.74015173562119
2024-09-09,7.78537491989743
2024-09-10,7.75918205646942
2024-09-11,7.78934180496566
2024-09-12,7.79109094579103
2024-09-13,7.78291783798261
2024-09-14,7.75917178145202
2024-09-15,7.76834956576063
2024-09-16,7.76538980449428
2024-09-17,7.74853336991048
2024-09-18,7.72877413615587
2024-09-19,7.72396499791034
2024-09-20,7.70875267403126
2024-09-21,7.69615952198819
2024-09-22,7.68059209175799
2024-09-23,7.69140275772163
2024-09-24,7.64027178694287
2024-09-25,7.59484822225801
2024-09-26,7.58905230830542
2024-09-27,7.59533166197299
2024-09-28,7.64042540837524
2024-09-29,7.68973847579322
2024-09-30,7.78531221266648
2024-10-01,7.83405169270778
2024-10-02,7.83503459418385
2024-10-03,7.83339002530047
2024-10-04,7.81466649549569
2024-10-05,7.8433627681914
2024-10-06,7.87383215227432
2024-10-07,7.89630312608331
2024-10-08,7.93282655066042
2024-10-09,7.90384994041401
2024-10-10,7.84643258648141
2024-10-11,7.82550319003567
2024-10-12,7.75758090794251
2024-10-13,7.75412738755849
2024-10-14,7.74044327329597
2024-10-15,7.69624658572232
2024-10-16,7.68728845327729
2024-10-17,7.58350725176285
2024-10-18,7.56875096342434
2024-10-19,7.52482283354398
2024-10-20,7.51012859583997
2024-10-21,7.49888917021995
2024-10-22,7.52917813672827
2024-10-23,7.37445402226294
2024-10-24,7.41167865867829
2024-10-25,7.24988685903846
2024-10-26,7.10245380679573
2024-10-27,6.50295319603268
2024-10-28,6.61277389565459
2024-10-29,6.58047301697311
2024-10-30,6.44372758171553
2024-10-31,6.44134126894706
2024-11-01,6.46100741570663
2024-11-02,6.44845791678487
2024-11-03,6.49291739583091
2024-11-04,6.50736040749888
2024-11-05,6.45107124965871
2024-11-06,6.44644224318954
2024-11-07,6.46820968499822
2024-11-08,6.42204834426731
2024-11-09,6.46085519246863
2024-11-10,6.45428845711106
2024-11-11,6.47197358055965
2024-11-12,6.49607598753445
2024-11-13,6.44656548981995
2024-11-14,6.53713843796436
2024-11-15,6.50969067454915
2024-11-16,6.60857302220921
2024-11-17,6.48789165088077
2024-11-18,6.70640603814701
2024-11-19,6.63743165647062
2024-11-20,6.60056508159439
2024-11-21,6.50152075570597
2024-11-22,6.44590373365209
2024-11-23,6.36282312942149
2024-11-24,6.24468174758563
2024-11-25,6.20947147467897
2024-11-26,6.1845165908776
2024-11-27,6.05719112882682
2024-11-28,6.07179393543239
2024-11-29,6.07966149150829
2024-11-30,5.55473720429905
2024-12-01,5.55592932022869
2024-12-02,5.21040759142762
2024-12-03,4.96096131010526
2024-12-04,5.07934941158931
2024-12-05,4.96967462605206
2024-12-06,4.95970580268789
2024-12-07,5.02287891307481
2024-12-08,4.94383060991174
2024-12-09,5.00709762563451
2024-12-10,4.91603929248405
2024-12-11,4.68369879009038
2024-12-12,4.70914545008069
2024-12-13,4.62888800926756
2024-12-14,4.48848872457232
2024-12-15,4.51805003259034
2024-12-16,4.50201306171245
2024-12-17,4.44036711558052
2024-12-18,4.42794665727723
2024-12-19,4.46818284032891
2024-12-20,4.39256416470551
2024-12-21,4.40485216431429
2024-12-22,4.37407435513725
2024-12-23,4.31753159840224
2024-12-24,4.33304694835647
2024-12-25,4.40069449278025
2024-12-26,4.3534219010671
2024-12-27,4.34769509230663
2024-12-28,4.39284155118176
2024-12-29,4.58498174354837
2024-12-30,4.62403464831155
2024-12-31,4.59640490535364
2025-01-01,4.37308250525619
2025-01-02,4.36291493803768
2025-01-03,4.35045340730639
2025-01-04,4.35169142344602
2025-01-05,4.48114043117119
2025-01-06,4.42578881274997
2025-01-07,4.39963577734306
2025-01-08,4.42866703413639
2025-01-09,4.40028217854559
2025-01-10,4.38385376148537
2025-01-11,4.35282784516249
2025-01-12,4.30705924317388
2025-01-13,4.34031081147131
2025-01-14,4.41858436177184
2025-01-15,4.40070136584545
2025-01-16,4.46976883146498
2025-01-17,4.44232278462224
2025-01-18,4.44084330304698
2025-01-19,4.45215017071792
2025-01-20,4.45894799736616
2025-01-21,4.51697615023834
2025-01-22,4.52777536768272
2025-01-23,4.647248318736
2025-01-24,4.67615260262982
2025-01-25,4.67672500046761
2025-01-26,4.66192488510195
2025-01-27,4.65589111817775
2025-01-28,4.62499520448206
2025-01-29,4.74814941437703
2025-01-30,4.78748172945952
2025-01-31,4.82389205859241
2025-02-01,4.87500375166882
2025-02-02,4.95207785435261
2025-02-03,5.01359960576084
2025-02-04,5.05773092663827
2025-02-05,5.09152600681928
2025-02-06,5.21782140636563
2025-02-07,5.4200722050983
2025-02-08,5.36345241702349
2025-02-09,5.34364309161061
2025-02-10,5.3346925078439
2025-02-11,5.3492696608348
2025-02-12,5.39239359511955
2025-02-13,5.47938891555668
2025-02-14,5.49443616113017
2025-02-15,5.65807441446425
2025-02-16,5.80717625154467
2025-02-17,5.84363934889538
2025-02-18,5.88824739162198
2025-02-19,5.86050470088283
2025-02-20,5.80893514661041
2025-02-21,5.75640663042069
2025-02-22,5.70239104541335
2025-02-23,5.67140712552263
2025-02-24,5.6930663044609
2025-02-25,5.73784435887602
2025-02-26,5.74468866242198
2025-02-27,5.79092374669265
2025-02-28,5.79997497162249
2025-03-01,5.78753521826402
2025-03-02,5.78195273191199
2025-03-03,5.74370984411949
2025-03-04,5.61603574302941
2025-03-05,5.54116694566503
2025-03-06,5.49089271392232
2025-03-07,5.49564580349771
2025-03-08,5.4484707234068
2025-03-09,5.80868409015238
2025-03-10,5.73851812591795
2025-03-11,5.66590669148407
2025-03-12,5.66772226418862
2025-03-13,5.66525491533951
2025-03-14,5.72837909784344
2025-03-15,5.75062121421253
2025-03-16,5.74675359310149
2025-03-17,5.7306084858428
2025-03-18,5.70140084306335
2025-03-19,5.67779287884227
2025-03-20,5.75726212539136
2025-03-21,5.84545197509407
2025-03-22,5.86808760753206
2025-03-23,5.88378320780459
2025-03-24,5.88827148133019
2025-03-25,5.91022120420639
2025-03-26,5.99523779180265
2025-03-27,6.13004687826227
2025-03-28,6.16036301780835
2025-03-29,6.16569742229739
2025-03-30,6.17442506047183
2025-03-31,6.20373040293684
2025-04-01,6.18519981251451
2025-04-02,6.1807951179021
2025-04-03,6.20362872874594
2025-04-04,6.29168072003313
2025-04-05,6.35873747988369
2025-04-06,6.28412624904732
2025-04-07,6.25358233709914
2025-04-08,6.25262587642683
2025-04-09,6.25666912911891
2025-04-10,6.25098992866443
2025-04-11,6.25649617661407
2025-04-12,6.27382994001574
2025-04-13,6.28137455784499
2025-04-14,6.29404427232185
2025-04-15,6.30359620881071
2025-04-16,6.30806536875618
2025-04-17,6.34080010104669
2025-04-18,6.38215051052435
2025-04-19,6.4017689935527
2025-04-20,6.43258644898861
2025-04-21,6.44515162708339
2025-04-22,6.47570669381227
2025-04-23,6.51545221727509
2025-04-24,6.54369286474554
2025-04-25,6.56263820429823
2025-04-26,6.59709903881021
2025-04-27,6.63918031111554
2025-04-28,6.66368347719493
2025-04-29,6.74296695391433
2025-04-30,6.81478219765664
2025-05-01,6.87209043390109
2025-05-02,6.9525888755767
2025-05-03,7.00006718611832
2025-05-04,7.06261970540672
2025-05-05,7.0756568446398
2025-05-06,7.13153372693362
2025-05-07,7.22916055521707
2025-05-08,7.28927844037756
2025-05-09,7.3062488412684
2025-05-10,7.35175726394789
2025-05-11,7.3482264056176
2025-05-12,7.3572589994218
2025-05-13,7.37205376800118
2025-05-14,7.39464439978288
2025-05-15,7.47855207970526
2025-05-16,7.62043458241251
2025-05-17,7.73330891852373
2025-05-18,7.79208285105522
2025-05-19,7.76698550908447
2025-05-20,7.78122531602989
2025-05-21,7.74940660507848
2025-05-22,7.79722153181988
2025-05-23,7.79993198504324
2025-05-24,7.89468227167646
2025-05-25,7.94584889106869
2025-05-26,7.94990694665876
2025-05-27,7.94764312144959
2025-05-28,7.93302218057725
2025-05-29,7.93155460105868
2025-05-30,7.93561199863832
2025-05-31,7.93750163194713
2025-06-01,7.97409454906659
2025-06-02,7.97356917593214
2025-06-03,7.95943399100862
2025-06-04,7.98824559799727
2025-06-05,7.97533107527467
2025-06-06,7.96768819756363
2025-06-07,7.96923477994597
2025-06-08,7.99977754552233
2025-06-09,8.00037855985817
2025-06-10,7.94636216074395
2025-06-11,7.94890431184419
2025-06-12,7.9569997072012
2025-06-13,7.95482156837118
2025-06-14,7.9373285265419
2025-06-15,7.91759861690429
2025-06-16,7.92198255146094
2025-06-17,7.9031686101003
2025-06-18,7.91708127837527
2025-06-19,7.90958288901854
2025-06-20,7.90652140732011
2025-06-21,7.86677716546874
2025-06-22,7.83569178418133
2025-06-23,7.83902722838281
2025-06-24,7.86853077885909
2025-06-25,7.862750585516
2025-06-26,7.90791049429475
2025-06-27,7.89357771083592
2025-06-28,7.87881386091444
2025-06-29,7.88115746053798
2025-06-30,7.88750783637132
2025-07-01,7.90242037323446
2025-07-02,7.88518800270135
2025-07-03,7.82190477668869
2025-07-04,7.84305262179235
2025-07-05,7.86491999238471
2025-07-06,7.92141491132504
2025-07-07,7.86820472932968
2025-07-08,7.87598010662414
2025-07-09,7.85873339358897
2025-07-10,7.78639829161543
2025-07-11,7.77213300303828
2025-07-12,7.78028781471279
2025-07-13,7.76774465537896
2025-07-14,7.77746691886875
2025-07-15,7.71850144127012
2025-07-16,7.74364766527826
2025-07-17,7.75320869868735
2025-07-18,7.78003647668891
2025-07-19,7.80960284553219
2025-07-20,7.78403825820028
2025-07-21,7.75033156635433
2025-07-22,7.71416699718538
2025-07-23,7.73404498891111
2025-07-24,7.73783110164222
2025-07-25,7.75118258165055
2025-07-26,7.77606845215368
2025-07-27,7.77101533844423
2025-07-28,7.73865421829606
2025-07-29,7.73848601986004
2025-07-30,7.71191353160665
2025-07-31,7.72448513674884
2025-08-01,7.72944531222068
2025-08-02,7.72694499024926
2025-08-03,7.72748918326399
2025-08-04,7.71084474844007
2025-08-05,7.70445602996603
2025-08-06,7.70109081140733
2025-08-07,7.68736865322813
2025-08-08,7.67967416119965
2025-08-09,7.66637994503153
2025-08-10,7.66801725852861
2025-08-11,7.66151043684366
2025-08-12,7.6654466588122
2025-08-13,7.68470994784812
2025-08-14,7.68194294753745
2025-08-15,7.6947341023452
2025-08-16,7.70370281648979
2025-08-17,7.70415720606193
2025-08-18,7.71296324027154
2025-08-19,7.68488530928744
2025-08-20,7.69317628264866
2025-08-21,7.69358303396908
2025-08-22,7.69275272112962
2025-08-23,7.70108619898072
2025-08-24,7.70125158989631
2025-08-25,7.71087074951426
2025-08-26,7.69275944465
2025-08-27,7.65222154918789
2025-08-28,7.67004829342595
2025-08-29,7.67828111370935
2025-08-30,7.65149656491293
2025-08-31,7.62842714783773
2025-09-01,7.62519343414353
2025-09-02,7.61181646898955
2025-09-03,7.59134604223558
2025-09-04,7.61505016700228
2025-09-05,7.6237336793524
2025-09-06,7.62996558438052
2025-09-07,7.61507297437939
2025-09-08,7.61345880732191
2025-09-09,7.63884752891579
2025-09-10,7.63630382251867
2025-09-11,7.60025893358196
2025-09-12,7.56056843154428
2025-09-13,7.53297265929061
2025-09-14,7.52325055208282
2025-09-15,7.54541023824869
2025-09-16,7.56404508620353
2025-09-17,7.59009032602706
2025-09-18,7.60660963992424
2025-09-19,7.61937437576926
2025-09-20,7.59986783701851
2025-09-21,7.61315435867572
2025-09-22,7.62193362410196
2025-09-23,7.60685189389481
2025-09-24,7.62578442160775
2025-09-25,7.62506754838944
2025-09-26,7.64220426862513
2025-09-27,7.63763041860922
2025-09-28,7.69228026487727
2025-09-29,7.73586579462409
2025-09-30,7.71595628775582
2025-10-01,7.70918735916913
2025-10-02,7.65486490024534
2025-10-03,7.61072560375165
2025-10-04,7.51760636041195
2025-10-05,7.49754012834499
2025-10-06,7.5118788223272
2025-10-07,7.55176373698631
2025-10-08,7.5644024107314
2025-10-09,7.56029907805187
2025-10-10,7.53889208774913
2025-10-11,7.57938432849288
2025-10-12,7.50647308993069
2025-10-13,7.47001237664041
2025-10-14,7.41679533668328
2025-10-15,7.39509632956679
2025-10-16,7.37432604805017
2025-10-17,7.37879146092308
2025-10-18,7.38111879101586
2025-10-19,7.38793782438723
2025-10-20,7.35681572798925
2025-10-21,7.32956312133729
2025-10-22,7.28641904145763
2025-10-23,7.26949531562579
2025-10-24,7.32168109667768
2025-10-25,7.29858044321573
2025-10-26,7.25688605832842
2025-10-27,7.10255377217015
2025-10-28,7.07134638512412
2025-10-29,7.1334376146992
2025-10-30,7.24461975237701
2025-10-31,7.24900141718469
2025-11-01,7.18128069476162
2025-11-02,7.155248794459
2025-11-03,7.15158358168786
2025-11-04,7.16701366337326
2025-11-05,6.73649874772093
2025-11-06,6.68759288683834
2025-11-07,6.69962144110922
2025-11-08,6.70359494761978
2025-11-09,6.62565192217916
2025-11-10,6.77463964262774
2025-11-11,6.64568370880721
2025-11-12,6.5758574335452
2025-11-13,6.43706995152216
2025-11-14,6.18340141120555
2025-11-15,6.13124427673639
2025-11-16,5.97695700537564
2025-11-17,5.96497844940984
2025-11-18,5.92945985000566
2025-11-19,5.83659803555106
2025-11-20,5.72580642955218
2025-11-21,5.80990347264914
2025-11-22,5.77970338603794
2025-11-23,5.6227011300971
2025-11-24,5.71356833845909
2025-11-25,5.73834081286582
2025-11-26,4.87251599823012
2025-11-27,4.90094430646713
2025-11-28,4.94228989269147
2025-11-29,4.94600001846612
2025-11-30,4.94600205537123
2025-12-01,5.0503018572036
2025-12-02,5.15726587237144
2025-12-03,5.06069185704361
2025-12-04,5.10950651535621
2025-12-05,5.18832746744156
2025-12-06,5.06640799780537
2025-12-07,4.99937646701688
2025-12-08,5.00818551778793
2025-12-09,4.52337951099171
2025-12-10,4.41350437433292
2025-12-11,4.52769963842043
2025-12-12,4.3470226756988
2025-12-13,4.34535567462444
2025-12-14,4.345668181777
2025-12-15,4.13270110072512
2025-12-16,3.83894111559941
2025-12-17,3.84105647527255
2025-12-18,3.96873336368137
2025-12-19,3.85958258310954
2025-12-20,4.30041106541951
2025-12-21,4.29289232767545
2025-12-22,4.5405333340168
2025-12-23,4.49325180053711
2025-12-24,4.5735696662556
2025-12-25,4.59362223413256
2025-12-26,4.67281426702227
2025-12-27,5.59295186290035
2025-12-28,5.90665597575052
2025-12-29,7.84800839424133
2025-12-30,5.18752224672408
2025-12-31,5.22781947113219
