date,data
2000-01-01,NA
2000-01-02,0.0137905142279774
2000-01-03,0.0137302102177269
2000-01-04,0.0136457569049023
2000-01-05,0.0135446005273373
2000-01-06,0.0134368707504627
2000-01-07,0.0133337547968403
2000-01-08,0.0132438154667837
2000-01-09,0.0131638392166242
2000-01-10,0.0130910673136697
2000-01-11,0.0130254769756761
2000-01-12,0.0129647920465852
2000-01-13,0.0129064040138743
2000-01-14,0.0128490991105137
2000-01-15,0.012792134967029
2000-01-16,0.0127350752159671
2000-01-17,0.0126774921373006
2000-01-18,0.0126188091780259
2000-01-19,0.0125576834273261
2000-01-20,0.0124932311252919
2000-01-21,0.0124254327595327
2000-01-22,0.0123535250759022
2000-01-23,0.0122772563485946
2000-01-24,0.0121980813123035
2000-01-25,0.012117560662805
2000-01-26,0.0120368615854595
2000-01-27,0.0119563592346935
2000-01-28,0.0118762750199273
2000-01-29,0.0117972046908833
2000-01-30,0.0117199004073572
2000-01-31,0.0116441763898946
2000-02-01,0.0115700295717899
2000-02-02,0.0114978291180668
2000-02-03,0.0114274289396939
2000-02-04,0.0113588193609953
2000-02-05,0.0112918137718873
2000-02-06,0.0112260957393826
2000-02-07,0.011161286392043
2000-02-08,0.0110973946489143
2000-02-09,0.0110349978104365
2000-02-10,0.0109739201119131
2000-02-11,0.0109142442364797
2000-02-12,0.0108555644203027
2000-02-13,0.0107973522570297
2000-02-14,0.0107399924529227
2000-02-15,0.0106837145757609
2000-02-16,0.0106280253076803
2000-02-17,0.0105720914545182
2000-02-18,0.0105168533936269
2000-02-19,0.0104624674693363
2000-02-20,0.0104085130072934
2000-02-21,0.0103549389795391
2000-02-22,0.0103011618330184
2000-02-23,0.0102469548534601
2000-02-24,0.0101923271738441
2000-02-25,0.0101377936322762
2000-02-26,0.010083957328131
2000-02-27,0.0100299406377819
2000-02-28,0.00997527087415194
2000-02-29,0.00992003281264485
2000-03-01,0.00986472908612234
2000-03-02,0.0098104893486369
2000-03-03,0.00975770748448083
2000-03-04,0.0097068466728141
2000-03-05,0.00965756308982428
2000-03-06,0.00961019384014135
2000-03-07,0.00956504837824554
2000-03-08,0.00952073332505226
2000-03-09,0.0094741950746514
2000-03-10,0.00942421101605436
2000-03-11,0.00937338091786346
2000-03-12,0.00932467415797923
2000-03-13,0.00927491071550207
2000-03-14,0.00922340963052909
2000-03-15,0.00917086871785103
2000-03-16,0.00911885137446601
2000-03-17,0.0090689323869149
2000-03-18,0.00901891478631446
2000-03-19,0.00896958319738083
2000-03-20,0.00892377021344864
2000-03-21,0.00887911947669145
2000-03-22,0.00883627002116128
2000-03-23,0.00879443922907212
2000-03-24,0.00875446482832008
2000-03-25,0.00872519671379981
2000-03-26,0.00872259003090014
2000-03-27,0.00872719949480215
2000-03-28,0.00874493603752119
2000-03-29,0.00878450093834759
2000-03-30,0.00884642179869172
2000-03-31,0.00890928590156877
2000-04-01,0.0089405873291206
2000-04-02,0.00894246831303933
2000-04-03,0.00893239581544087
2000-04-04,0.00892209133751682
2000-04-05,0.00890868690830883
2000-04-06,0.00888874016702643
2000-04-07,0.00887164612302903
2000-04-08,0.0088552202533874
2000-04-09,0.00883982684400389
2000-04-10,0.00882980700223607
2000-04-11,0.00883565290543584
2000-04-12,0.00886445194396485
2000-04-13,0.00894072946984301
2000-04-14,0.00908011484118625
2000-04-15,0.00932376834165132
2000-04-16,0.00971855027014517
2000-04-17,0.0103414906197753
2000-04-18,0.0112786527369008
2000-04-19,0.0125914714560605
2000-04-20,0.0143913190112517
2000-04-21,0.0167714579631636
2000-04-22,0.0194892687327634
2000-04-23,0.0221454957927181
2000-04-24,0.0249113105339106
2000-04-25,0.0281027993829132
2000-04-26,0.0316492955042103
2000-04-27,0.0354483792682182
2000-04-28,0.0393640298130801
2000-04-29,0.0432654022228419
2000-04-30,0.0472636699524254
2000-05-01,0.051998624135893
2000-05-02,0.0570709176454651
2000-05-03,0.0610014929580326
2000-05-04,0.0636314185187197
2000-05-05,0.0657369929200128
2000-05-06,0.0674908230433754
2000-05-07,0.068864171019485
2000-05-08,0.069954107622786
2000-05-09,0.0708265459268062
2000-05-10,0.0715933251817411
2000-05-11,0.0722713594977796
2000-05-12,0.0731701961318913
2000-05-13,0.0745933770061381
2000-05-14,0.0760146176296405
2000-05-15,0.0771384001089961
2000-05-16,0.0783997291787825
2000-05-17,0.0800978236178636
2000-05-18,0.0820903287919032
2000-05-19,0.0841271779236776
2000-05-20,0.0858700211407632
2000-05-21,0.0867171368216479
2000-05-22,0.0866526629730915
2000-05-23,0.0860943121721643
2000-05-24,0.0855321747223049
2000-05-25,0.084996899865274
2000-05-26,0.0845335517839973
2000-05-27,0.0842244517414225
2000-05-28,0.0838879619443853
2000-05-29,0.0835288812319145
2000-05-30,0.0830986036773014
2000-05-31,0.0825987494498686
2000-06-01,0.0821990741435401
2000-06-02,0.0819339706934239
2000-06-03,0.0817088927380227
2000-06-04,0.08158318632199
2000-06-05,0.0816704155443907
2000-06-06,0.0819092459836053
2000-06-07,0.0822965424383957
2000-06-08,0.0824115239453255
2000-06-09,0.0823394639127471
2000-06-10,0.0821217496961435
2000-06-11,0.0818474109738957
2000-06-12,0.081736821005342
2000-06-13,0.0817217319410513
2000-06-14,0.0815463281656668
2000-06-15,0.0808053575759054
2000-06-16,0.0793355900452385
2000-06-17,0.077280268403682
2000-06-18,0.0749348256376178
2000-06-19,0.0725417392084178
2000-06-20,0.0702368851339421
2000-06-21,0.0680631821622927
2000-06-22,0.0659510279658435
2000-06-23,0.0638755645052946
2000-06-24,0.0618525851804022
2000-06-25,0.0599029632686512
2000-06-26,0.0580865356846005
2000-06-27,0.0565929966147145
2000-06-28,0.0556040632451238
2000-06-29,0.054888708150311
2000-06-30,0.0541046365989207
2000-07-01,0.0532590435762798
2000-07-02,0.0523230294512632
2000-07-03,0.0514177937303278
2000-07-04,0.0507511538488624
2000-07-05,0.050702233226402
2000-07-06,0.0512223395933085
2000-07-07,0.0515509787611047
2000-07-08,0.0513268144821807
2000-07-09,0.0506777551964189
2000-07-10,0.0499571923757683
2000-07-11,0.0497219189043076
2000-07-12,0.0504821532879344
2000-07-13,0.051844851881989
2000-07-14,0.0532921530214916
2000-07-15,0.0548230572264012
2000-07-16,0.0562391903791006
2000-07-17,0.0569075226823577
2000-07-18,0.0566068450723895
2000-07-19,0.0557056637337231
2000-07-20,0.054657951407773
2000-07-21,0.0537632448342157
2000-07-22,0.0532015709241823
2000-07-23,0.0534376929413184
2000-07-24,0.055017265228552
2000-07-25,0.0574801242909698
2000-07-26,0.0594791682078062
2000-07-27,0.0600611958921548
2000-07-28,0.0592906124102248
2000-07-29,0.0577782137811666
2000-07-30,0.0560132181031367
2000-07-31,0.0542813882852375
2000-08-01,0.0528297322158024
2000-08-02,0.0517027889642082
2000-08-03,0.0509184848952088
2000-08-04,0.0504893523715525
2000-08-05,0.0503700913497052
2000-08-06,0.0503764959937416
2000-08-07,0.0503162199431072
2000-08-08,0.0501811222078471
2000-08-09,0.050182709851241
2000-08-10,0.0504239976666517
2000-08-11,0.0507581453580546
2000-08-12,0.0509756467742629
2000-08-13,0.0508376374456054
2000-08-14,0.0501940565467055
2000-08-15,0.0491613606775467
2000-08-16,0.0478996080309035
2000-08-17,0.0466930544950138
2000-08-18,0.0460414381868287
2000-08-19,0.0463169254881181
2000-08-20,0.0470431656850411
2000-08-21,0.0476030618487112
2000-08-22,0.0478294380149291
2000-08-23,0.0476462719741179
2000-08-24,0.0469707005933277
2000-08-25,0.0459090685355673
2000-08-26,0.044780289137139
2000-08-27,0.0438350250990943
2000-08-28,0.043011849301479
2000-08-29,0.0422876641490953
2000-08-30,0.041565353533361
2000-08-31,0.0407792693580301
2000-09-01,0.0400565281704082
2000-09-02,0.0395885221121291
2000-09-03,0.0395609861243731
2000-09-04,0.0400610041768756
2000-09-05,0.0408180830537013
2000-09-06,0.0414417057250162
2000-09-07,0.0420256619257022
2000-09-08,0.0429502622326213
2000-09-09,0.0442731650134254
2000-09-10,0.045444500483634
2000-09-11,0.0459137091346012
2000-09-12,0.0457067034822904
2000-09-13,0.0450908920294234
2000-09-14,0.0444730732863941
2000-09-15,0.0439266072171535
2000-09-16,0.0433088722347453
2000-09-17,0.042612173673262
2000-09-18,0.0419888815577746
2000-09-19,0.0415041424835877
2000-09-20,0.0410838614478131
2000-09-21,0.0407058135590156
2000-09-22,0.0404361122893518
2000-09-23,0.0403066815395819
2000-09-24,0.0402718726924252
2000-09-25,0.0402710997709149
2000-09-26,0.0400944636247957
2000-09-27,0.0396136927010853
2000-09-28,0.0389267392201792
2000-09-29,0.0381779113393046
2000-09-30,0.0374606687007208
2000-10-01,0.0367991243386367
2000-10-02,0.0361761276872089
2000-10-03,0.0355584066994775
2000-10-04,0.0349231858994614
2000-10-05,0.0343145572327857
2000-10-06,0.0337424022131252
2000-10-07,0.0331677297724444
2000-10-08,0.0325269350690665
2000-10-09,0.0318010851629873
2000-10-10,0.0310249502955809
2000-10-11,0.0302409779914516
2000-10-12,0.0294966722523601
2000-10-13,0.0288273922141341
2000-10-14,0.0282434533679631
2000-10-15,0.0277209641637263
2000-10-16,0.02721873751348
2000-10-17,0.0266902921756125
2000-10-18,0.0261139876531648
2000-10-19,0.0255276755044386
2000-10-20,0.0249625441403457
2000-10-21,0.0244313094817367
2000-10-22,0.0239333222120024
2000-10-23,0.0234621281545401
2000-10-24,0.0229985823217533
2000-10-25,0.0225413925480528
2000-10-26,0.0221009483720523
2000-10-27,0.0217021049039325
2000-10-28,0.0213317979396644
2000-10-29,0.0209450896514835
2000-10-30,0.0205562335361687
2000-10-31,0.0202166195665265
2000-11-01,0.0199506403760928
2000-11-02,0.0197441398659313
2000-11-03,0.019568653029637
2000-11-04,0.0194074674156139
2000-11-05,0.0192554651059336
2000-11-06,0.0191131209446922
2000-11-07,0.0189853061601781
2000-11-08,0.0188632838052314
2000-11-09,0.0187245790658356
2000-11-10,0.0185612062328811
2000-11-11,0.0183781076213338
2000-11-12,0.0181843002330064
2000-11-13,0.0179862688929139
2000-11-14,0.017786696724501
2000-11-15,0.0175873247317892
2000-11-16,0.0173900247153859
2000-11-17,0.0171963984029287
2000-11-18,0.0170083478523833
2000-11-19,0.0168275204352023
2000-11-20,0.0166547908980388
2000-11-21,0.0164906649915488
2000-11-22,0.0163362365409924
2000-11-23,0.0161908320220723
2000-11-24,0.0160531468369009
2000-11-25,0.0159221145167067
2000-11-26,0.0157992635881768
2000-11-27,0.0156796758991302
2000-11-28,0.0155634778922456
2000-11-29,0.0154517273049237
2000-11-30,0.015334677350239
2000-12-01,0.0152066782706299
2000-12-02,0.015072564666993
2000-12-03,0.0149389642811656
2000-12-04,0.0148110340185573
2000-12-05,0.0146893459258733
2000-12-06,0.0145740294678045
2000-12-07,0.0144665563060686
2000-12-08,0.0143668984493345
2000-12-09,0.0142813417381893
2000-12-10,0.0142090263017819
2000-12-11,0.0141308909331378
2000-12-12,0.0140460400871012
2000-12-13,0.0139658427384093
2000-12-14,0.0138956916166922
2000-12-15,0.0138319664044395
2000-12-16,0.0137699253664815
2000-12-17,0.0137066516582864
2000-12-18,0.0136415908916927
2000-12-19,0.0135752709191357
2000-12-20,0.013508509095444
2000-12-21,0.0134413330983532
2000-12-22,0.0133737192299438
2000-12-23,0.0133055773105665
2000-12-24,0.0132366363445778
2000-12-25,0.0131664714246859
2000-12-26,0.0130950673904717
2000-12-27,0.0130226169588389
2000-12-28,0.0129492550042005
2000-12-29,0.0128756794497891
2000-12-30,0.0128025334130536
2000-12-31,0.0127302236671571
2001-01-01,0.0126592038494425
2001-01-02,0.0125891646007477
2001-01-03,0.0125197561266702
2001-01-04,0.012451735617729
2001-01-05,0.0123846952526832
2001-01-06,0.0123190312190012
2001-01-07,0.0122601172821402
2001-01-08,0.0122067798210656
2001-01-09,0.012153886231158
2001-01-10,0.0121029616633765
2001-01-11,0.0120559228183363
2001-01-12,0.0120053890638739
2001-01-13,0.0119455949124894
2001-01-14,0.011878964556846
2001-01-15,0.011809655441605
2001-01-16,0.0117397191558069
2001-01-17,0.01166993199676
2001-01-18,0.0116003165669182
2001-01-19,0.0115315706896813
2001-01-20,0.0114635664247626
2001-01-21,0.0113961122792406
2001-01-22,0.0113297201149358
2001-01-23,0.0112647406637584
2001-01-24,0.011201595468549
2001-01-25,0.0111411072500608
2001-01-26,0.0110822952625101
2001-01-27,0.0110239741392544
2001-01-28,0.0109665187697411
2001-01-29,0.0109104929221263
2001-01-30,0.0108562622337731
2001-01-31,0.0108033483189628
2001-02-01,0.0107515731170236
2001-02-02,0.0107006279238071
2001-02-03,0.0106507493174889
2001-02-04,0.0106022471141207
2001-02-05,0.0105541503476639
2001-02-06,0.0105060997560021
2001-02-07,0.0104583008630135
2001-02-08,0.0104108152992342
2001-02-09,0.0103638268833163
2001-02-10,0.0103169441860784
2001-02-11,0.0102693004396717
2001-02-12,0.0102210749784011
2001-02-13,0.0101730044331537
2001-02-14,0.0101247913956047
2001-02-15,0.0100760549555401
2001-02-16,0.010026779692437
2001-02-17,0.00997808555200957
2001-02-18,0.00992920069157249
2001-02-19,0.00987990572249207
2001-02-20,0.00983148932643948
2001-02-21,0.00978430529267097
2001-02-22,0.00973764953504839
2001-02-23,0.00969135873112664
2001-02-24,0.00964446425251697
2001-02-25,0.00959581810455947
2001-02-26,0.00954665773460642
2001-02-27,0.00949880293024169
2001-02-28,0.00945158005381606
2001-03-01,0.00940656554795419
2001-03-02,0.00936801121163296
2001-03-03,0.0093454960190746
2001-03-04,0.00933645890864459
2001-03-05,0.00931538855455006
2001-03-06,0.00926629772769106
2001-03-07,0.00920466152016684
2001-03-08,0.0091531051264547
2001-03-09,0.00910961843172281
2001-03-10,0.00906298908113769
2001-03-11,0.00901125376174016
2001-03-12,0.0089618127802701
2001-03-13,0.00891845887012766
2001-03-14,0.00887976259921153
2001-03-15,0.00884978221029957
2001-03-16,0.00883080047968426
2001-03-17,0.00881301493512546
2001-03-18,0.0087870848329889
2001-03-19,0.00875507399794507
2001-03-20,0.00872520423499717
2001-03-21,0.00869885101434331
2001-03-22,0.00867300044631753
2001-03-23,0.00864134420569712
2001-03-24,0.00860440020450518
2001-03-25,0.00856435078677683
2001-03-26,0.00852200924774483
2001-03-27,0.00847863539919253
2001-03-28,0.00843736662536968
2001-03-29,0.00839832407924341
2001-03-30,0.00836368726530269
2001-03-31,0.00833975852546598
2001-04-01,0.00833427436047127
2001-04-02,0.0083412013444596
2001-04-03,0.00835911886226761
2001-04-04,0.00838429744938986
2001-04-05,0.00841335635947818
2001-04-06,0.00845357819879371
2001-04-07,0.00851323195747971
2001-04-08,0.00861148235843434
2001-04-09,0.00876710353267281
2001-04-10,0.00897891557846451
2001-04-11,0.00923383103127561
2001-04-12,0.00953375428694721
2001-04-13,0.00988520242547602
2001-04-14,0.0102971457000229
2001-04-15,0.0107803255297412
2001-04-16,0.0113307818952056
2001-04-17,0.0119882958335176
2001-04-18,0.012837649269263
2001-04-19,0.0138730400192887
2001-04-20,0.0149124220582769
2001-04-21,0.0158439619205803
2001-04-22,0.0167274590954605
2001-04-23,0.0177916137159877
2001-04-24,0.0192535574578523
2001-04-25,0.0212605938124348
2001-04-26,0.023617385921836
2001-04-27,0.0261425262296064
2001-04-28,0.0290134232555391
2001-04-29,0.032419221254332
2001-04-30,0.0362709070470447
2001-05-01,0.0401815754724334
2001-05-02,0.0436054566303006
2001-05-03,0.0462669908119423
2001-05-04,0.0483470816470418
2001-05-05,0.0502067364703242
2001-05-06,0.0519058311233742
2001-05-07,0.0535109386648368
2001-05-08,0.0552681329416717
2001-05-09,0.0574017700717029
2001-05-10,0.0604708310397631
2001-05-11,0.0652384499546763
2001-05-12,0.0726220518024761
2001-05-13,0.0828186541957128
2001-05-14,0.0942937023695822
2001-05-15,0.105412641781881
2001-05-16,0.114248769884645
2001-05-17,0.120447568475871
2001-05-18,0.124434735621237
2001-05-19,0.126544276424255
2001-05-20,0.126696060562637
2001-05-21,0.125218080950401
2001-05-22,0.122862833057247
2001-05-23,0.12031034869933
2001-05-24,0.117987518258819
2001-05-25,0.116474118958971
2001-05-26,0.11625028284241
2001-05-27,0.116505211364327
2001-05-28,0.116363167214248
2001-05-29,0.116043120825417
2001-05-30,0.115315299915437
2001-05-31,0.113373981201876
2001-06-01,0.110669307893007
2001-06-02,0.108082801221309
2001-06-03,0.105479948975959
2001-06-04,0.10304098101714
2001-06-05,0.100963214778435
2001-06-06,0.0989788260438024
2001-06-07,0.0966437241406175
2001-06-08,0.0937816468329497
2001-06-09,0.0905107885171206
2001-06-10,0.0873046948735719
2001-06-11,0.084444085206653
2001-06-12,0.0819481964220707
2001-06-13,0.0798013134642445
2001-06-14,0.0781456282127468
2001-06-15,0.0765660825911413
2001-06-16,0.0747051765318389
2001-06-17,0.0726561218725635
2001-06-18,0.0706561639360245
2001-06-19,0.0688581649949111
2001-06-20,0.067241438584599
2001-06-21,0.0658679903294435
2001-06-22,0.0647542563725722
2001-06-23,0.063844045468375
2001-06-24,0.0629767312958572
2001-06-25,0.0620812905047988
2001-06-26,0.0611131377592467
2001-06-27,0.0602289368489248
2001-06-28,0.0596942048992477
2001-06-29,0.0596869530542335
2001-06-30,0.0599057728341806
2001-07-01,0.0599493094385765
2001-07-02,0.0596902287013613
2001-07-03,0.0591640765425804
2001-07-04,0.0584588963926764
2001-07-05,0.0577640544252797
2001-07-06,0.0572134275637597
2001-07-07,0.05692259255642
2001-07-08,0.0571042634833226
2001-07-09,0.057390122443424
2001-07-10,0.0574331022606173
2001-07-11,0.0572923439182405
2001-07-12,0.057156312968917
2001-07-13,0.0570007459132361
2001-07-14,0.0569774999258368
2001-07-15,0.0573368302837605
2001-07-16,0.0580491658079097
2001-07-17,0.0587907386009943
2001-07-18,0.059037391802956
2001-07-19,0.058870552950278
2001-07-20,0.0589053068051825
2001-07-21,0.0594616580295651
2001-07-22,0.0597882712538892
2001-07-23,0.059798465030426
2001-07-24,0.0594946099650703
2001-07-25,0.0589133724662386
2001-07-26,0.058327594497507
2001-07-27,0.0580832839879016
2001-07-28,0.0583961841024958
2001-07-29,0.0592597767821219
2001-07-30,0.0603458917125084
2001-07-31,0.0614774761554932
2001-08-01,0.0627235070987219
2001-08-02,0.0638256044246545
2001-08-03,0.0643529442435299
2001-08-04,0.0642181269272358
2001-08-05,0.0637441211449377
2001-08-06,0.0632865828393903
2001-08-07,0.0626535840417331
2001-08-08,0.0615951614763419
2001-08-09,0.0601427044372935
2001-08-10,0.0583920549161066
2001-08-11,0.0564418879590976
2001-08-12,0.0544508764786394
2001-08-13,0.0525893625711036
2001-08-14,0.0510691504445616
2001-08-15,0.0500054858608198
2001-08-16,0.049356597008905
2001-08-17,0.0490073024209883
2001-08-18,0.0488141971532836
2001-08-19,0.0486712965515637
2001-08-20,0.0485701720976406
2001-08-21,0.048574568202782
2001-08-22,0.0488965745088427
2001-08-23,0.0497252537628204
2001-08-24,0.0507541742260711
2001-08-25,0.051403390944747
2001-08-26,0.0512880974143159
2001-08-27,0.0504400174135977
2001-08-28,0.0491710480221617
2001-08-29,0.0478734768795202
2001-08-30,0.0467560891543671
2001-08-31,0.0459538610968774
2001-09-01,0.0453500142440735
2001-09-02,0.0447132216245276
2001-09-03,0.0440353131623874
2001-09-04,0.0435302489926875
2001-09-05,0.0433058910504959
2001-09-06,0.0433607556283595
2001-09-07,0.0438078762141975
2001-09-08,0.0446429953225156
2001-09-09,0.0454682246461691
2001-09-10,0.0458683744249768
2001-09-11,0.0458166631923213
2001-09-12,0.0454371603151378
2001-09-13,0.0449084615537516
2001-09-14,0.0443754418200013
2001-09-15,0.0438812834699176
2001-09-16,0.0432793004769119
2001-09-17,0.0424938870467839
2001-09-18,0.0415609229332548
2001-09-19,0.0405565360594027
2001-09-20,0.0396324413810955
2001-09-21,0.0388619074955355
2001-09-22,0.0382306901420059
2001-09-23,0.0378166530298519
2001-09-24,0.0376852327391534
2001-09-25,0.0378762664741941
2001-09-26,0.0382736310198848
2001-09-27,0.0386475942406281
2001-09-28,0.0388497077904341
2001-09-29,0.0388333499585411
2001-09-30,0.038701229435093
2001-10-01,0.0386418305977801
2001-10-02,0.0386705773652372
2001-10-03,0.0387177871774135
2001-10-04,0.0387063304509739
2001-10-05,0.0385448580812479
2001-10-06,0.0381835867707137
2001-10-07,0.0376364132940003
2001-10-08,0.0369553761935546
2001-10-09,0.0362002767792137
2001-10-10,0.0354099684401645
2001-10-11,0.0346217371229695
2001-10-12,0.0339089226134171
2001-10-13,0.0333850175902443
2001-10-14,0.033076885900164
2001-10-15,0.0328559498249518
2001-10-16,0.0325466385915792
2001-10-17,0.0320954581062461
2001-10-18,0.0315203542925591
2001-10-19,0.0308641450530401
2001-10-20,0.0301897558085067
2001-10-21,0.0295546413985863
2001-10-22,0.0289744018963907
2001-10-23,0.0284444859224419
2001-10-24,0.0279583050603699
2001-10-25,0.0275053265853475
2001-10-26,0.0270730842851099
2001-10-27,0.0266535706616166
2001-10-28,0.0262533395672665
2001-10-29,0.0258713855482742
2001-10-30,0.0255068631902228
2001-10-31,0.0251436760538247
2001-11-01,0.0247689430771206
2001-11-02,0.0243822775528808
2001-11-03,0.0239873861194351
2001-11-04,0.0235907135672641
2001-11-05,0.023200806375116
2001-11-06,0.0228249924840612
2001-11-07,0.0224669281201422
2001-11-08,0.022131049243001
2001-11-09,0.0218362642361037
2001-11-10,0.0215736889131943
2001-11-11,0.0213376913707095
2001-11-12,0.0211126063045599
2001-11-13,0.0208979510715265
2001-11-14,0.0206986005212998
2001-11-15,0.0205139971662908
2001-11-16,0.0203433816367961
2001-11-17,0.0202002355817524
2001-11-18,0.0201156410410113
2001-11-19,0.0201139326556102
2001-11-20,0.0202138482764808
2001-11-21,0.0204099973876873
2001-11-22,0.0206669061512589
2001-11-23,0.0209678031439715
2001-11-24,0.0213336083768081
2001-11-25,0.0218033055587379
2001-11-26,0.0222998655859315
2001-11-27,0.0226931751300606
2001-11-28,0.022880676132776
2001-11-29,0.0228693107974918
2001-11-30,0.0227422545278808
2001-12-01,0.022563490095699
2001-12-02,0.0223626283916504
2001-12-03,0.022146315248663
2001-12-04,0.0219106216511384
2001-12-05,0.021652256164969
2001-12-06,0.0213695397582367
2001-12-07,0.021061902749241
2001-12-08,0.0207331925636054
2001-12-09,0.0203905446362125
2001-12-10,0.0200388899168921
2001-12-11,0.0196850263556906
2001-12-12,0.0193377973570219
2001-12-13,0.0190022737692315
2001-12-14,0.0186790262691588
2001-12-15,0.018368419317244
2001-12-16,0.018071700097636
2001-12-17,0.0177890226043408
2001-12-18,0.0175199441564466
2001-12-19,0.0172641885403205
2001-12-20,0.0170216018184881
2001-12-21,0.016790760558734
2001-12-22,0.0165707934248795
2001-12-23,0.0163610615347062
2001-12-24,0.0161597059608789
2001-12-25,0.0159658485475236
2001-12-26,0.0157802887623739
2001-12-27,0.0156027548652248
2001-12-28,0.015431717828473
2001-12-29,0.0152668794740051
2001-12-30,0.0151086823215504
2001-12-31,0.0149572883344641
2002-01-01,0.0148130973852269
2002-01-02,0.0146763843217098
2002-01-03,0.0145479210593994
2002-01-04,0.0144293761608536
2002-01-05,0.0143201290050856
2002-01-06,0.01421947325404
2002-01-07,0.0141265667294396
2002-01-08,0.0140397882457437
2002-01-09,0.0139575711165553
2002-01-10,0.0138794903142959
2002-01-11,0.0138101853610895
2002-01-12,0.0137503800033659
2002-01-13,0.0136935013763833
2002-01-14,0.0136335215073856
2002-01-15,0.0135687830193166
2002-01-16,0.0134981706736422
2002-01-17,0.0134229760735598
2002-01-18,0.0133491504341802
2002-01-19,0.0132831291295778
2002-01-20,0.0132260096906979
2002-01-21,0.0131758121383612
2002-01-22,0.0131309149416075
2002-01-23,0.0130914863741486
2002-01-24,0.0130581208667896
2002-01-25,0.0130305210482363
2002-01-26,0.0130077444824405
2002-01-27,0.0129873391532941
2002-01-28,0.0129656752100721
2002-01-29,0.01293951097866
2002-01-30,0.0129057562064376
2002-01-31,0.0128625989068859
2002-02-01,0.0128097923462843
2002-02-02,0.0127478626221678
2002-02-03,0.0126789574381364
2002-02-04,0.0126062079867253
2002-02-05,0.0125327466151466
2002-02-06,0.0124598028782257
2002-02-07,0.0123865279627211
2002-02-08,0.0123118954894281
2002-02-09,0.0122331496920678
2002-02-10,0.0121488866632673
2002-02-11,0.0120589172402764
2002-02-12,0.0119657677288925
2002-02-13,0.0118718822225526
2002-02-14,0.0117787482747221
2002-02-15,0.0116890334102838
2002-02-16,0.0116048270279409
2002-02-17,0.011525916826738
2002-02-18,0.0114545057031615
2002-02-19,0.0113891386130285
2002-02-20,0.0113246721754908
2002-02-21,0.0112590219538919
2002-02-22,0.0111950143070574
2002-02-23,0.0111309796464795
2002-02-24,0.011065010728642
2002-02-25,0.0109964643992746
2002-02-26,0.0109268154242318
2002-02-27,0.0108579370548924
2002-02-28,0.0107903416863615
2002-03-01,0.0107233284747205
2002-03-02,0.0106562245405945
2002-03-03,0.010589790179645
2002-03-04,0.0105265159813841
2002-03-05,0.0104666948470457
2002-03-06,0.0104083257389376
2002-03-07,0.0103531153272272
2002-03-08,0.0103006681652113
2002-03-09,0.0102515449866991
2002-03-10,0.0102278385054311
2002-03-11,0.0102382222882986
2002-03-12,0.0102710265122276
2002-03-13,0.0103263320890912
2002-03-14,0.0103953549998499
2002-03-15,0.0104693257454728
2002-03-16,0.0105523401142533
2002-03-17,0.0106454566796914
2002-03-18,0.010732643956817
2002-03-19,0.0107942307427012
2002-03-20,0.0108290800515814
2002-03-21,0.0108609690853945
2002-03-22,0.0109031428784883
2002-03-23,0.0109406740860807
2002-03-24,0.0109779759218656
2002-03-25,0.0110240005726311
2002-03-26,0.0110815907418412
2002-03-27,0.0111519332807328
2002-03-28,0.0112337008466374
2002-03-29,0.0113314189262805
2002-03-30,0.0114552053386002
2002-03-31,0.0115933725950928
2002-04-01,0.0117262283004463
2002-04-02,0.0118637567021475
2002-04-03,0.0119883541954456
2002-04-04,0.0120945289217374
2002-04-05,0.012178279534891
2002-04-06,0.0122237120925057
2002-04-07,0.0122319534158745
2002-04-08,0.0122168654065586
2002-04-09,0.0121938612349292
2002-04-10,0.0121771573822168
2002-04-11,0.0121846825420134
2002-04-12,0.0122462872495289
2002-04-13,0.0123948639068841
2002-04-14,0.0126234123198482
2002-04-15,0.0129442465298679
2002-04-16,0.0134361387578975
2002-04-17,0.0140923022111669
2002-04-18,0.0148838779932201
2002-04-19,0.015619603506796
2002-04-20,0.0160410112809906
2002-04-21,0.0162237306680812
2002-04-22,0.0163393845694411
2002-04-23,0.0165169386149629
2002-04-24,0.0168252363229964
2002-04-25,0.0172850311634054
2002-04-26,0.0179545573560864
2002-04-27,0.0188604674525
2002-04-28,0.0201087815909237
2002-04-29,0.02183245007905
2002-04-30,0.0240624162855099
2002-05-01,0.0267242462147017
2002-05-02,0.0298768344030985
2002-05-03,0.033325576781651
2002-05-04,0.0366940945518099
2002-05-05,0.0399364781210696
2002-05-06,0.0434901988052881
2002-05-07,0.0477723216238989
2002-05-08,0.0531245107098517
2002-05-09,0.0599708465850402
2002-05-10,0.0677206835679087
2002-05-11,0.0755514500257671
2002-05-12,0.0830054394244741
2002-05-13,0.0899145152113178
2002-05-14,0.0963750361262084
2002-05-15,0.102041163672724
2002-05-16,0.106843020077422
2002-05-17,0.11169892138604
2002-05-18,0.116079379066592
2002-05-19,0.119075105067966
2002-05-20,0.120518961506729
2002-05-21,0.120898810706033
2002-05-22,0.121135837524326
2002-05-23,0.122101656760121
2002-05-24,0.123901731428727
2002-05-25,0.125441112097357
2002-05-26,0.125782566780563
2002-05-27,0.125159691282303
2002-05-28,0.123867918263046
2002-05-29,0.122376148730276
2002-05-30,0.12095775622162
2002-05-31,0.119305588787664
2002-06-01,0.116995293825538
2002-06-02,0.114079611791088
2002-06-03,0.111171177259649
2002-06-04,0.108472220476739
2002-06-05,0.105931826264336
2002-06-06,0.103510980264969
2002-06-07,0.101329580809194
2002-06-08,0.0993774701657575
2002-06-09,0.0976551283996901
2002-06-10,0.0961495904476981
2002-06-11,0.0947663476637184
2002-06-12,0.0934612170284789
2002-06-13,0.0920734734851217
2002-06-14,0.0905575927702065
2002-06-15,0.0890025895695664
2002-06-16,0.087624535248379
2002-06-17,0.0865162491109476
2002-06-18,0.0856440324747341
2002-06-19,0.0849196099064828
2002-06-20,0.0842462748788506
2002-06-21,0.0832575666227882
2002-06-22,0.0817854588679924
2002-06-23,0.0800994121141517
2002-06-24,0.0784240774957561
2002-06-25,0.0769576551710078
2002-06-26,0.07575066831153
2002-06-27,0.0748966046577532
2002-06-28,0.074515138148378
2002-06-29,0.0744360505118794
2002-06-30,0.0742525677165563
2002-07-01,0.0738391288418801
2002-07-02,0.0732973054225633
2002-07-03,0.0728218903131939
2002-07-04,0.0727066412378739
2002-07-05,0.073016056248337
2002-07-06,0.0736852032893739
2002-07-07,0.0745970700946112
2002-07-08,0.0756790741779968
2002-07-09,0.076295271604484
2002-07-10,0.0760099705321866
2002-07-11,0.0753115273780047
2002-07-12,0.074797280605188
2002-07-13,0.0745596563380445
2002-07-14,0.0742543876400023
2002-07-15,0.0735509219669758
2002-07-16,0.0723844794216996
2002-07-17,0.0708966029989496
2002-07-18,0.0693649603179507
2002-07-19,0.0679853966555239
2002-07-20,0.0668255230712212
2002-07-21,0.0657795972411824
2002-07-22,0.0647097246125888
2002-07-23,0.0635252115880037
2002-07-24,0.0620917223138268
2002-07-25,0.0603719318859282
2002-07-26,0.0584833635080887
2002-07-27,0.0565661642462532
2002-07-28,0.0547118960745965
2002-07-29,0.0530534297765506
2002-07-30,0.0517246148479729
2002-07-31,0.0506738875649688
2002-08-01,0.0497017317834336
2002-08-02,0.0489213617781461
2002-08-03,0.0487335709237197
2002-08-04,0.0493029678771812
2002-08-05,0.0501881846718749
2002-08-06,0.0513198985034326
2002-08-07,0.0526573559288442
2002-08-08,0.0537256714507393
2002-08-09,0.0540916436255614
2002-08-10,0.0537541713128895
2002-08-11,0.0529157038075917
2002-08-12,0.0518586296781161
2002-08-13,0.0507607960761068
2002-08-14,0.0497519264259401
2002-08-15,0.0488925149870403
2002-08-16,0.0480853046359159
2002-08-17,0.0472587629461747
2002-08-18,0.0464620411071428
2002-08-19,0.0457721440716923
2002-08-20,0.04523803154011
2002-08-21,0.0447987392801143
2002-08-22,0.0445156349423602
2002-08-23,0.0446061724489538
2002-08-24,0.0450359868081761
2002-08-25,0.0455797373088695
2002-08-26,0.0459724001105542
2002-08-27,0.0462064494484293
2002-08-28,0.0464187742164694
2002-08-29,0.0465846174931262
2002-08-30,0.0465740679960836
2002-08-31,0.0464308866865569
2002-09-01,0.0463622634937374
2002-09-02,0.0468528319151773
2002-09-03,0.0483019444803274
2002-09-04,0.0503420307773338
2002-09-05,0.0518037786606367
2002-09-06,0.0520627790715305
2002-09-07,0.0516472086853415
2002-09-08,0.0509905436012957
2002-09-09,0.0502014380622231
2002-09-10,0.0493393631688761
2002-09-11,0.0487201890412431
2002-09-12,0.0486946727581789
2002-09-13,0.0492120249435757
2002-09-14,0.04985952416091
2002-09-15,0.0504181393501795
2002-09-16,0.0509341302683285
2002-09-17,0.0512837252860398
2002-09-18,0.0514084352611203
2002-09-19,0.0512713651678911
2002-09-20,0.0508251682332619
2002-09-21,0.050091347511836
2002-09-22,0.0493470896353441
2002-09-23,0.0488764764408229
2002-09-24,0.0486582645405603
2002-09-25,0.0485274929181429
2002-09-26,0.0482934208155531
2002-09-27,0.0478162957207226
2002-09-28,0.0471247962533955
2002-09-29,0.0463583193182697
2002-09-30,0.0455884826969019
2002-10-01,0.0448262311398942
2002-10-02,0.0440606322113841
2002-10-03,0.0432140414692613
2002-10-04,0.0422989688332811
2002-10-05,0.0414597219576582
2002-10-06,0.0408142977485627
2002-10-07,0.0403165024918574
2002-10-08,0.0398169912067299
2002-10-09,0.039237253901152
2002-10-10,0.0385873983660361
2002-10-11,0.0378910927625475
2002-10-12,0.0371272577645489
2002-10-13,0.0363187558590621
2002-10-14,0.0354785632658009
2002-10-15,0.0345954751206391
2002-10-16,0.0337104512579744
2002-10-17,0.0328831302258362
2002-10-18,0.0321041556553845
2002-10-19,0.0313560943339872
2002-10-20,0.0306461917584989
2002-10-21,0.0299828599797998
2002-10-22,0.0293569945783227
2002-10-23,0.0287885290806086
2002-10-24,0.0283044073426677
2002-10-25,0.0278823742243394
2002-10-26,0.027493559905656
2002-10-27,0.0271340280116402
2002-10-28,0.0268061361221902
2002-10-29,0.0265039308946147
2002-10-30,0.0262077368568103
2002-10-31,0.0258945388997398
2002-11-01,0.0255564494761448
2002-11-02,0.0251887098265418
2002-11-03,0.0247938736187969
2002-11-04,0.0243842717301411
2002-11-05,0.023975908354572
2002-11-06,0.0235805252887218
2002-11-07,0.0232087119943078
2002-11-08,0.0228592234668273
2002-11-09,0.0225209188089446
2002-11-10,0.0221812051391386
2002-11-11,0.0218338092875443
2002-11-12,0.0214796275483021
2002-11-13,0.0211224210206727
2002-11-14,0.0207636671426685
2002-11-15,0.0204019153618824
2002-11-16,0.0200381414025813
2002-11-17,0.0196820271082331
2002-11-18,0.0193347828652801
2002-11-19,0.0189987059655756
2002-11-20,0.0186816607112532
2002-11-21,0.0183862467620485
2002-11-22,0.0181266926106733
2002-11-23,0.0179214673503118
2002-11-24,0.0177689915543692
2002-11-25,0.017643918358969
2002-11-26,0.0174886071736727
2002-11-27,0.0172735510358967
2002-11-28,0.0170285480432917
2002-11-29,0.0167937495164041
2002-11-30,0.0165887940882837
2002-12-01,0.0164120406691507
2002-12-02,0.016244276508475
2002-12-03,0.0160694163048344
2002-12-04,0.0158927639379019
2002-12-05,0.0157227331699359
2002-12-06,0.0155615491226629
2002-12-07,0.015410740527894
2002-12-08,0.0152720125186474
2002-12-09,0.015144121682796
2002-12-10,0.0150241781539183
2002-12-11,0.0149118630213891
2002-12-12,0.0148084766374973
2002-12-13,0.0147149000999965
2002-12-14,0.0146303943711261
2002-12-15,0.0145528606937749
2002-12-16,0.0144809202183145
2002-12-17,0.0144124925324678
2002-12-18,0.0143458317812401
2002-12-19,0.0142792028327325
2002-12-20,0.014211287246192
2002-12-21,0.014141611703239
2002-12-22,0.0140703867301457
2002-12-23,0.0139973050619319
2002-12-24,0.0139219461170707
2002-12-25,0.0138448074368742
2002-12-26,0.013766423034689
2002-12-27,0.0136877485089035
2002-12-28,0.0136100154916174
2002-12-29,0.0135344748774493
2002-12-30,0.0134618955031282
2002-12-31,0.0133921446859767
2003-01-01,0.0133252610638074
2003-01-02,0.0132599585393192
2003-01-03,0.0131952365102547
2003-01-04,0.0131307664005296
2003-01-05,0.0130675210508052
2003-01-06,0.0130040592600532
2003-01-07,0.0129420576764555
2003-01-08,0.0128849540594382
2003-01-09,0.0128335014666515
2003-01-10,0.0127849207000074
2003-01-11,0.0127364053709037
2003-01-12,0.0126818456222695
2003-01-13,0.012619887832455
2003-01-14,0.0125520915742567
2003-01-15,0.0124814574629458
2003-01-16,0.012411571429884
2003-01-17,0.0123411270168707
2003-01-18,0.0122681056232929
2003-01-19,0.0121931518265241
2003-01-20,0.0121174286930472
2003-01-21,0.0120424055461542
2003-01-22,0.0119685418810146
2003-01-23,0.0118962684096553
2003-01-24,0.0118260553889345
2003-01-25,0.011758982590508
2003-01-26,0.0116957494347618
2003-01-27,0.0116364968507201
2003-01-28,0.0115826139695134
2003-01-29,0.0115344333294848
2003-01-30,0.0114912435240091
2003-01-31,0.0114507011128502
2003-02-01,0.0114112435818199
2003-02-02,0.0113726422630372
2003-02-03,0.0113346960877019
2003-02-04,0.0112970272266297
2003-02-05,0.0112600619889351
2003-02-06,0.0112239192074781
2003-02-07,0.0111873798381913
2003-02-08,0.0111481577717818
2003-02-09,0.0111042022005039
2003-02-10,0.0110550694749963
2003-02-11,0.011001228202144
2003-02-12,0.0109442587691582
2003-02-13,0.0108853539671131
2003-02-14,0.0108261947321653
2003-02-15,0.0107685445605541
2003-02-16,0.0107128519593995
2003-02-17,0.0106591495179029
2003-02-18,0.0106069156147823
2003-02-19,0.0105554794000359
2003-02-20,0.0105058597042976
2003-02-21,0.010458353434863
2003-02-22,0.0104115673972512
2003-02-23,0.0103647887382906
2003-02-24,0.0103190088930028
2003-02-25,0.0102737937152461
2003-02-26,0.0102288326826359
2003-02-27,0.0101836721723556
2003-02-28,0.0101386186271295
2003-03-01,0.01009408125606
2003-03-02,0.0100501373814935
2003-03-03,0.0100064625758247
2003-03-04,0.00996295560065164
2003-03-05,0.00992035408396261
2003-03-06,0.00987844754820864
2003-03-07,0.00983704242338026
2003-03-08,0.00979550911980917
2003-03-09,0.0097542430906468
2003-03-10,0.00971279433355058
2003-03-11,0.00967013122982348
2003-03-12,0.00962566632720571
2003-03-13,0.00958022564877417
2003-03-14,0.00953511556872509
2003-03-15,0.00948951120688698
2003-03-16,0.00944162265507835
2003-03-17,0.00939304015967847
2003-03-18,0.00934450806311471
2003-03-19,0.0092960119627458
2003-03-20,0.00924881492985105
2003-03-21,0.00920607932739604
2003-03-22,0.00916849606956429
2003-03-23,0.00913490662614765
2003-03-24,0.00911653140488409
2003-03-25,0.00910461391219383
2003-03-26,0.00909097604753016
2003-03-27,0.00908356168196503
2003-03-28,0.00908483045013715
2003-03-29,0.00908021427870316
2003-03-30,0.00906606991342478
2003-03-31,0.00905083044282319
2003-04-01,0.00904740721334023
2003-04-02,0.00907813788698657
2003-04-03,0.00917926030232011
2003-04-04,0.00931765465632906
2003-04-05,0.00939653943766301
2003-04-06,0.00938609973648836
2003-04-07,0.00932667268740065
2003-04-08,0.00925842179281878
2003-04-09,0.00922076432931702
2003-04-10,0.00922617164194494
2003-04-11,0.0093086341878512
2003-04-12,0.00953111528059742
2003-04-13,0.00980680909065891
2003-04-14,0.0100148158427358
2003-04-15,0.0101774435168063
2003-04-16,0.0103238585943176
2003-04-17,0.0104587784732396
2003-04-18,0.0105941353323022
2003-04-19,0.0107354145199973
2003-04-20,0.0109176528129261
2003-04-21,0.0112078950113333
2003-04-22,0.0116507401076012
2003-04-23,0.0123195436890843
2003-04-24,0.0132497679901259
2003-04-25,0.0143569625842274
2003-04-26,0.0154913977361093
2003-04-27,0.0165565616550691
2003-04-28,0.0175509332801883
2003-04-29,0.0186142621588357
2003-04-30,0.0196102187435131
2003-05-01,0.0205962687315699
2003-05-02,0.0217249362324446
2003-05-03,0.0232511532081425
2003-05-04,0.0255096333618085
2003-05-05,0.0284017595444407
2003-05-06,0.0314446521944377
2003-05-07,0.034442668602223
2003-05-08,0.0376567234304629
2003-05-09,0.0413482892057186
2003-05-10,0.0458814296683625
2003-05-11,0.0516500130880898
2003-05-12,0.0575608989628274
2003-05-13,0.0626864390826678
2003-05-14,0.0673229187641828
2003-05-15,0.0720746407162817
2003-05-16,0.0773641325360343
2003-05-17,0.0832776869841191
2003-05-18,0.0892272113174463
2003-05-19,0.0940918748217039
2003-05-20,0.0972965113020492
2003-05-21,0.0989381800334818
2003-05-22,0.0990563941868453
2003-05-23,0.0979813400816258
2003-05-24,0.0960686372040559
2003-05-25,0.0938187228098463
2003-05-26,0.0913564403163803
2003-05-27,0.088727747636184
2003-05-28,0.0862988702884292
2003-05-29,0.0842635774772182
2003-05-30,0.0826743317658823
2003-05-31,0.0818079707885103
2003-06-01,0.0815599184212887
2003-06-02,0.0811785778045813
2003-06-03,0.0810871503332698
2003-06-04,0.0813036194501077
2003-06-05,0.0815245352606203
2003-06-06,0.08199746799843
2003-06-07,0.0824007900092069
2003-06-08,0.0822234835662811
2003-06-09,0.0814115430105086
2003-06-10,0.0799868027778879
2003-06-11,0.0782581871157848
2003-06-12,0.0765485386174053
2003-06-13,0.0751132566589027
2003-06-14,0.0739635918074997
2003-06-15,0.0727855563684944
2003-06-16,0.0712819763319487
2003-06-17,0.0695131814039782
2003-06-18,0.0677220800555214
2003-06-19,0.0660215097132031
2003-06-20,0.0645053750623221
2003-06-21,0.0633487195700547
2003-06-22,0.0624412503760135
2003-06-23,0.0615371850825847
2003-06-24,0.0606737429781822
2003-06-25,0.0599149153441488
2003-06-26,0.059249051767189
2003-06-27,0.058549480565472
2003-06-28,0.0577470602682776
2003-06-29,0.0568798217987468
2003-06-30,0.0559638807943485
2003-07-01,0.0550612540427542
2003-07-02,0.0543679307583988
2003-07-03,0.0539765661914713
2003-07-04,0.0539203463011096
2003-07-05,0.0539771095156976
2003-07-06,0.0537594126333178
2003-07-07,0.0535044450504986
2003-07-08,0.0533531231381956
2003-07-09,0.0532134028588269
2003-07-10,0.0528212462124833
2003-07-11,0.0520475763157802
2003-07-12,0.0508930722653572
2003-07-13,0.0494835022347722
2003-07-14,0.0479034500828399
2003-07-15,0.0463477558065553
2003-07-16,0.045001684560291
2003-07-17,0.0439131667292213
2003-07-18,0.0430440163617076
2003-07-19,0.0423140829834189
2003-07-20,0.0416524962218281
2003-07-21,0.0410404154257535
2003-07-22,0.0404308740733817
2003-07-23,0.0397854218120627
2003-07-24,0.0390897461605968
2003-07-25,0.0383396362251239
2003-07-26,0.0376098331788981
2003-07-27,0.0369678675942269
2003-07-28,0.036483676720776
2003-07-29,0.0361718330187258
2003-07-30,0.0360223869278539
2003-07-31,0.0366952862875202
2003-08-01,0.0390637950225074
2003-08-02,0.0425065963692521
2003-08-03,0.0456134701899443
2003-08-04,0.0475952790787646
2003-08-05,0.0482776548541626
2003-08-06,0.0482359730188802
2003-08-07,0.0480022036809751
2003-08-08,0.0476952512329501
2003-08-09,0.0473383227024044
2003-08-10,0.046861525194824
2003-08-11,0.0466176808850813
2003-08-12,0.0470485713254735
2003-08-13,0.0478393672416359
2003-08-14,0.0485077205988815
2003-08-15,0.0489760096224461
2003-08-16,0.0492233267157573
2003-08-17,0.0491723600675007
2003-08-18,0.048889067080054
2003-08-19,0.0484191306969102
2003-08-20,0.0478848510657376
2003-08-21,0.0474642784403492
2003-08-22,0.0474582125484769
2003-08-23,0.0477374723520488
2003-08-24,0.0477615109276822
2003-08-25,0.0471949488023595
2003-08-26,0.0461516340607746
2003-08-27,0.0449767962484849
2003-08-28,0.0438653347492405
2003-08-29,0.0427443982369871
2003-08-30,0.0415284307705615
2003-08-31,0.0404330841274599
2003-09-01,0.0396887729401405
2003-09-02,0.0393097628559217
2003-09-03,0.0392743281479486
2003-09-04,0.0393141579314756
2003-09-05,0.039071719789262
2003-09-06,0.0385767453734924
2003-09-07,0.0379541633656071
2003-09-08,0.0373532961622658
2003-09-09,0.0368724031000331
2003-09-10,0.0366020676107875
2003-09-11,0.0365504820456049
2003-09-12,0.0367715209351351
2003-09-13,0.0371426069391319
2003-09-14,0.0372839928238926
2003-09-15,0.0369487372868704
2003-09-16,0.0362977991123748
2003-09-17,0.0355734734717705
2003-09-18,0.034903433589547
2003-09-19,0.0343245360617084
2003-09-20,0.0338496414015117
2003-09-21,0.0334941293152721
2003-09-22,0.0333105636009213
2003-09-23,0.0332102197328873
2003-09-24,0.0330109285175803
2003-09-25,0.0326285538815057
2003-09-26,0.0321094805538891
2003-09-27,0.0315361409137693
2003-09-28,0.0309848216816324
2003-09-29,0.0306163670584762
2003-09-30,0.0305522850089706
2003-10-01,0.0306430372804324
2003-10-02,0.0306212437011084
2003-10-03,0.0303775530401759
2003-10-04,0.0299586585690744
2003-10-05,0.02947905499701
2003-10-06,0.0290349405898203
2003-10-07,0.0286976002910384
2003-10-08,0.0284649350798059
2003-10-09,0.028245825874832
2003-10-10,0.0279475613826033
2003-10-11,0.0275362301065545
2003-10-12,0.0270379756639158
2003-10-13,0.0265086977310823
2003-10-14,0.0260145778446303
2003-10-15,0.0255868031458296
2003-10-16,0.0253320016860249
2003-10-17,0.0253475296883376
2003-10-18,0.0254959206126776
2003-10-19,0.0255656447527627
2003-10-20,0.0254872605177308
2003-10-21,0.0252596528845625
2003-10-22,0.024927767049796
2003-10-23,0.024548550191981
2003-10-24,0.0241606599657633
2003-10-25,0.0237534589580899
2003-10-26,0.0232989342377463
2003-10-27,0.0227956175105694
2003-10-28,0.022261461563137
2003-10-29,0.0217082259990278
2003-10-30,0.0211437787180772
2003-10-31,0.0206013378451799
2003-11-01,0.0201158856990519
2003-11-02,0.0196718848254558
2003-11-03,0.0192332531776167
2003-11-04,0.0187892951511495
2003-11-05,0.0183556819152155
2003-11-06,0.0179548605642557
2003-11-07,0.0175957049714709
2003-11-08,0.0172807372296065
2003-11-09,0.017027080209746
2003-11-10,0.0168422314863434
2003-11-11,0.016707077207499
2003-11-12,0.0166027340877642
2003-11-13,0.0165195198637055
2003-11-14,0.0164532912855722
2003-11-15,0.0164009853971627
2003-11-16,0.0163666751583679
2003-11-17,0.0163479326124263
2003-11-18,0.0163335420268153
2003-11-19,0.0163188609969024
2003-11-20,0.0162988870082946
2003-11-21,0.016252199838895
2003-11-22,0.0161488386861938
2003-11-23,0.0159795998354081
2003-11-24,0.0157651912326195
2003-11-25,0.0155345702693615
2003-11-26,0.0153059591252782
2003-11-27,0.0150876493047755
2003-11-28,0.0148812955147437
2003-11-29,0.0146866038395309
2003-11-30,0.01450378514084
2003-12-01,0.0143326583316394
2003-12-02,0.0141729382416357
2003-12-03,0.0140234285118268
2003-12-04,0.013883445448392
2003-12-05,0.0137533281802039
2003-12-06,0.0136320750001372
2003-12-07,0.013518836257987
2003-12-08,0.0134129469059279
2003-12-09,0.0133129347026962
2003-12-10,0.0132177501746514
2003-12-11,0.0131270281181061
2003-12-12,0.0130411735372646
2003-12-13,0.0129591888199004
2003-12-14,0.0128814875219615
2003-12-15,0.0128036982874918
2003-12-16,0.012725552921009
2003-12-17,0.0126470388148556
2003-12-18,0.012564996452154
2003-12-19,0.0124823276250188
2003-12-20,0.0124026812982911
2003-12-21,0.0123260942102497
2003-12-22,0.0122525629724969
2003-12-23,0.0121833942903958
2003-12-24,0.0121178562190985
2003-12-25,0.0120568910646192
2003-12-26,0.0120012026284751
2003-12-27,0.0119461550868987
2003-12-28,0.011890839930099
2003-12-29,0.0118374902860322
2003-12-30,0.0117866107656075
2003-12-31,0.0117371831407951
2004-01-01,0.0116870768582555
2004-01-02,0.0116356435934139
2004-01-03,0.011583453836022
2004-01-04,0.0115305476289448
2004-01-05,0.0114766962617027
2004-01-06,0.0114213413903693
2004-01-07,0.0113638530686388
2004-01-08,0.0113050333019859
2004-01-09,0.0112459763928557
2004-01-10,0.0111866790748721
2004-01-11,0.0111271462976432
2004-01-12,0.0110681465641518
2004-01-13,0.0110095755437143
2004-01-14,0.0109517366652327
2004-01-15,0.0108949598232238
2004-01-16,0.0108397505284563
2004-01-17,0.0107856116604127
2004-01-18,0.0107320243046004
2004-01-19,0.0106791220872887
2004-01-20,0.0106274011915819
2004-01-21,0.0105766848464208
2004-01-22,0.0105268968062544
2004-01-23,0.0104776098568699
2004-01-24,0.0104276561763054
2004-01-25,0.0103773199820431
2004-01-26,0.0103267710568685
2004-01-27,0.0102762936218743
2004-01-28,0.0102264717229448
2004-01-29,0.0101771802177014
2004-01-30,0.0101282635333744
2004-01-31,0.0100796194038261
2004-02-01,0.010030999175958
2004-02-02,0.00998260545176739
2004-02-03,0.00993496729077225
2004-02-04,0.00988842934293734
2004-02-05,0.00984205570216819
2004-02-06,0.00979545595182232
2004-02-07,0.00974906001972548
2004-02-08,0.00970291226140049
2004-02-09,0.00965697545518347
2004-02-10,0.00961138491490787
2004-02-11,0.00956545311636265
2004-02-12,0.00951968801123313
2004-02-13,0.00947555525310305
2004-02-14,0.00943234834255039
2004-02-15,0.00938979165308937
2004-02-16,0.00934752373413812
2004-02-17,0.0093052985851196
2004-02-18,0.0092637196240919
2004-02-19,0.00922237417556011
2004-02-20,0.00918139066983375
2004-02-21,0.00914112594007459
2004-02-22,0.0091021009678759
2004-02-23,0.00906488775494083
2004-02-24,0.00902992562661961
2004-02-25,0.00899863133387049
2004-02-26,0.00897023711896834
2004-02-27,0.00894296483934355
2004-02-28,0.00891582517270741
2004-02-29,0.00888689232547497
2004-03-01,0.0088540592220571
2004-03-02,0.00881880002247991
2004-03-03,0.00878374923601394
2004-03-04,0.00874881412938368
2004-03-05,0.0087145858064208
2004-03-06,0.00868044409183229
2004-03-07,0.00864511268825917
2004-03-08,0.00860888748023951
2004-03-09,0.00857732153027954
2004-03-10,0.00856311538344706
2004-03-11,0.00858050871589232
2004-03-12,0.00864389494350928
2004-03-13,0.00873265358878796
2004-03-14,0.00881860523424259
2004-03-15,0.00889726899618164
2004-03-16,0.00894974767259119
2004-03-17,0.00894926520663736
2004-03-18,0.00889715553319873
2004-03-19,0.00881894845010666
2004-03-20,0.00873782483122484
2004-03-21,0.00866696155808601
2004-03-22,0.00861165660713847
2004-03-23,0.00857759155113892
2004-03-24,0.00856478652883668
2004-03-25,0.00856997893344221
2004-03-26,0.00858623038751766
2004-03-27,0.00860528022863339
2004-03-28,0.0086293490428064
2004-03-29,0.00866135621367466
2004-03-30,0.00869642245482626
2004-03-31,0.00874795831787113
2004-04-01,0.00884507657197436
2004-04-02,0.00904253463291829
2004-04-03,0.00935442013347184
2004-04-04,0.00965456400758102
2004-04-05,0.00982145850410553
2004-04-06,0.00989111500934191
2004-04-07,0.00998242885604227
2004-04-08,0.0101143640840767
2004-04-09,0.0102458231316427
2004-04-10,0.0103407102524975
2004-04-11,0.0104082336441669
2004-04-12,0.0104615036790238
2004-04-13,0.0105289658897004
2004-04-14,0.0106278266699846
2004-04-15,0.0107582198212747
2004-04-16,0.010906553935897
2004-04-17,0.011045110352643
2004-04-18,0.011199056294553
2004-04-19,0.0113729943308217
2004-04-20,0.0115371134067573
2004-04-21,0.0116891102674819
2004-04-22,0.011914217136246
2004-04-23,0.0124288588327454
2004-04-24,0.0133284986630736
2004-04-25,0.0144672833733233
2004-04-26,0.0158142397684887
2004-04-27,0.0173351569428894
2004-04-28,0.018923360653609
2004-04-29,0.020379851082453
2004-04-30,0.0216629511297515
2004-05-01,0.0230490431456632
2004-05-02,0.0247109933185757
2004-05-03,0.0263632284386468
2004-05-04,0.0277145408709784
2004-05-05,0.0289066363535266
2004-05-06,0.0300683337663289
2004-05-07,0.0311416308273492
2004-05-08,0.0322407298850032
2004-05-09,0.0336593817371427
2004-05-10,0.0358265319817557
2004-05-11,0.0389298476058734
2004-05-12,0.0428658279106024
2004-05-13,0.0473659431824408
2004-05-14,0.0523921958772034
2004-05-15,0.0580885897486518
2004-05-16,0.064803427948491
2004-05-17,0.0726637133392591
2004-05-18,0.080991118182557
2004-05-19,0.088988019656225
2004-05-20,0.0953009484445912
2004-05-21,0.0999608060803847
2004-05-22,0.104018463527781
2004-05-23,0.107384636708968
2004-05-24,0.109644085419648
2004-05-25,0.111346448114839
2004-05-26,0.112641176481891
2004-05-27,0.11301479266023
2004-05-28,0.11222716212302
2004-05-29,0.110642953371619
2004-05-30,0.108771347865794
2004-05-31,0.107027902409757
2004-06-01,0.105455649118286
2004-06-02,0.103952592219698
2004-06-03,0.102767792772015
2004-06-04,0.102219521338226
2004-06-05,0.102236707023109
2004-06-06,0.102185442143195
2004-06-07,0.10180939785274
2004-06-08,0.101303325716414
2004-06-09,0.100353410308962
2004-06-10,0.0995641966302934
2004-06-11,0.0992274732740822
2004-06-12,0.099592600654254
2004-06-13,0.0996780853224514
2004-06-14,0.0986187001513504
2004-06-15,0.0971029122988865
2004-06-16,0.0961187844109586
2004-06-17,0.096007682573938
2004-06-18,0.0960798503663659
2004-06-19,0.0951497455160558
2004-06-20,0.0931274495209511
2004-06-21,0.0905804940174841
2004-06-22,0.0879269300036355
2004-06-23,0.0854631485279224
2004-06-24,0.0832136620992465
2004-06-25,0.0807661291690909
2004-06-26,0.0780569602423229
2004-06-27,0.0753542698484893
2004-06-28,0.0728431586423054
2004-06-29,0.0704214269560877
2004-06-30,0.0680878416652062
2004-07-01,0.0660529719911093
2004-07-02,0.0643240060504447
2004-07-03,0.0627053829759772
2004-07-04,0.0609976145522403
2004-07-05,0.0591793558687581
2004-07-06,0.0575496777130924
2004-07-07,0.0562290806730074
2004-07-08,0.0549062114851506
2004-07-09,0.0535524050736164
2004-07-10,0.0523985243878556
2004-07-11,0.0516659839473103
2004-07-12,0.0512413166080647
2004-07-13,0.0508329308847025
2004-07-14,0.0501515935462935
2004-07-15,0.0492094725566993
2004-07-16,0.0482254128429313
2004-07-17,0.0472686156297601
2004-07-18,0.0463617865310988
2004-07-19,0.0455594370407504
2004-07-20,0.0450088955780344
2004-07-21,0.0448589786962136
2004-07-22,0.0451197814492917
2004-07-23,0.0456829190353607
2004-07-24,0.0463493010547474
2004-07-25,0.0469888526781687
2004-07-26,0.0476684476409048
2004-07-27,0.0485113950596496
2004-07-28,0.0494465725548221
2004-07-29,0.0503635483471155
2004-07-30,0.0515224266350789
2004-07-31,0.0532599687325946
2004-08-01,0.055281856144895
2004-08-02,0.056694495566168
2004-08-03,0.0568761821238549
2004-08-04,0.0558541073566048
2004-08-05,0.0540286501177677
2004-08-06,0.0518628621477408
2004-08-07,0.0497000320451025
2004-08-08,0.0478864732008178
2004-08-09,0.0467123183311026
2004-08-10,0.0461877813856684
2004-08-11,0.0458619267416842
2004-08-12,0.0455020999319719
2004-08-13,0.0452836160165397
2004-08-14,0.0451050947248041
2004-08-15,0.0449476940909781
2004-08-16,0.0448318928087386
2004-08-17,0.0446159213689119
2004-08-18,0.0442573308281944
2004-08-19,0.0436665127090296
2004-08-20,0.0427238956039514
2004-08-21,0.0415269405102332
2004-08-22,0.0403283079941992
2004-08-23,0.0391933159761159
2004-08-24,0.0382436728128696
2004-08-25,0.0375683238384152
2004-08-26,0.037322024694894
2004-08-27,0.037540213632698
2004-08-28,0.0379470035071003
2004-08-29,0.0383526485856391
2004-08-30,0.0389279618604534
2004-08-31,0.039814129933587
2004-09-01,0.0409007316054631
2004-09-02,0.0420823324341513
2004-09-03,0.0432826373628785
2004-09-04,0.0443836396704914
2004-09-05,0.0453700817586975
2004-09-06,0.0458387888212407
2004-09-07,0.0456222199078293
2004-09-08,0.0451023912953572
2004-09-09,0.0447539729953663
2004-09-10,0.0447864829885409
2004-09-11,0.0449546163448354
2004-09-12,0.0449865354932428
2004-09-13,0.0448415145618514
2004-09-14,0.044567108555324
2004-09-15,0.0441502799259697
2004-09-16,0.043520663364755
2004-09-17,0.0427450954766603
2004-09-18,0.0420372078554866
2004-09-19,0.0416725937616803
2004-09-20,0.0417605723496345
2004-09-21,0.0422703118024012
2004-09-22,0.0430229785593229
2004-09-23,0.0439031116618458
2004-09-24,0.0448883103783177
2004-09-25,0.0458604983877793
2004-09-26,0.0463728415064999
2004-09-27,0.0462168018275801
2004-09-28,0.0456888047186294
2004-09-29,0.0450203864545779
2004-09-30,0.0441433682287193
2004-10-01,0.042932327806499
2004-10-02,0.0414653684507805
2004-10-03,0.0399703737307117
2004-10-04,0.0387089601665526
2004-10-05,0.0377566740936052
2004-10-06,0.037092907186444
2004-10-07,0.0366599156026298
2004-10-08,0.0364555651357613
2004-10-09,0.0363916821387068
2004-10-10,0.0364186113951149
2004-10-11,0.0365711193194785
2004-10-12,0.0367025135129765
2004-10-13,0.0366062919609097
2004-10-14,0.0363614214610934
2004-10-15,0.0363125513645352
2004-10-16,0.0366790039671253
2004-10-17,0.0371131733970181
2004-10-18,0.0371813802106789
2004-10-19,0.0368260683469368
2004-10-20,0.0361731839555749
2004-10-21,0.0353217262385115
2004-10-22,0.0343872508074199
2004-10-23,0.0334173189547005
2004-10-24,0.0324219899243147
2004-10-25,0.0314184341670897
2004-10-26,0.0304323191338048
2004-10-27,0.0295120547331077
2004-10-28,0.0286592224697389
2004-10-29,0.0278598459578454
2004-10-30,0.0270793792955223
2004-10-31,0.0263227130786408
2004-11-01,0.0256174787077012
2004-11-02,0.0249708797344428
2004-11-03,0.0243713541832627
2004-11-04,0.0238109252484512
2004-11-05,0.0232926759867057
2004-11-06,0.0228173294947744
2004-11-07,0.0224112718622312
2004-11-08,0.0221548503681684
2004-11-09,0.0220732669625319
2004-11-10,0.0219597632080492
2004-11-11,0.0216834461208868
2004-11-12,0.021327895602853
2004-11-13,0.020973429261384
2004-11-14,0.0206405380312882
2004-11-15,0.0203426579370856
2004-11-16,0.0200792398973476
2004-11-17,0.0198253837181433
2004-11-18,0.0195791182852193
2004-11-19,0.0193994944223982
2004-11-20,0.0192562913448261
2004-11-21,0.0190666914959136
2004-11-22,0.0188294914239956
2004-11-23,0.0185857723854198
2004-11-24,0.0183669122168817
2004-11-25,0.0181722359735226
2004-11-26,0.017984117150488
2004-11-27,0.0177897299587043
2004-11-28,0.0175819254335557
2004-11-29,0.0173696791823609
2004-11-30,0.017163156525057
2004-12-01,0.0169648416536368
2004-12-02,0.0167726371742682
2004-12-03,0.01658486651802
2004-12-04,0.0164014796881019
2004-12-05,0.0162224757373763
2004-12-06,0.0160532855171056
2004-12-07,0.0158971159732571
2004-12-08,0.0157503230252338
2004-12-09,0.015610683278856
2004-12-10,0.015475539503286
2004-12-11,0.0153418569642776
2004-12-12,0.0152093563147809
2004-12-13,0.0150826724502921
2004-12-14,0.0149659788106911
2004-12-15,0.0148583405218097
2004-12-16,0.0147548797508706
2004-12-17,0.0146520103390255
2004-12-18,0.0145476377175567
2004-12-19,0.0144432080624202
2004-12-20,0.0143599712577578
2004-12-21,0.0143022029590099
2004-12-22,0.0142456615442197
2004-12-23,0.0141785344691892
2004-12-24,0.0141013848880764
2004-12-25,0.0140113245756756
2004-12-26,0.0139109708397506
2004-12-27,0.0138168247461828
2004-12-28,0.0137330701351385
2004-12-29,0.0136428079277519
2004-12-30,0.0135454657906399
2004-12-31,0.0134487813345805
2005-01-01,0.0133543827784854
2005-01-02,0.0132599805028264
2005-01-03,0.0131652063003633
2005-01-04,0.0130711854484024
2005-01-05,0.0129787712032962
2005-01-06,0.0128885925304677
2005-01-07,0.0128009380037976
2005-01-08,0.0127164032367448
2005-01-09,0.0126350472288361
2005-01-10,0.0125566358841679
2005-01-11,0.0124807908893893
2005-01-12,0.012406965514334
2005-01-13,0.0123350718977032
2005-01-14,0.0122644632100705
2005-01-15,0.0121949918303012
2005-01-16,0.0121268183121012
2005-01-17,0.0120600564884221
2005-01-18,0.0119945063193046
2005-01-19,0.0119297086525954
2005-01-20,0.0118659998169593
2005-01-21,0.0118043150176685
2005-01-22,0.0117434407699217
2005-01-23,0.0116821556258186
2005-01-24,0.0116215267730097
2005-01-25,0.0115677584898056
2005-01-26,0.0115199862306833
2005-01-27,0.011501058587494
2005-01-28,0.0115619364838603
2005-01-29,0.0116304349333245
2005-01-30,0.0116227180924224
2005-01-31,0.0115524647214955
2005-02-01,0.0114702104799025
2005-02-02,0.0113955043366812
2005-02-03,0.0113460662072218
2005-02-04,0.0113690600328742
2005-02-05,0.0114576128745684
2005-02-06,0.0115875341408829
2005-02-07,0.0116643867249535
2005-02-08,0.011617479027286
2005-02-09,0.0115006372877506
2005-02-10,0.0113721810191151
2005-02-11,0.0112492038530313
2005-02-12,0.0111351247029752
2005-02-13,0.0110288940802943
2005-02-14,0.0109425559828241
2005-02-15,0.0108910127057854
2005-02-16,0.0108442820284446
2005-02-17,0.0107728460831208
2005-02-18,0.0106831432212827
2005-02-19,0.0105904834415074
2005-02-20,0.010504485723588
2005-02-21,0.0104259539113731
2005-02-22,0.0103523798925069
2005-02-23,0.0102822136485891
2005-02-24,0.010213742132717
2005-02-25,0.010146672377932
2005-02-26,0.0100822135870318
2005-02-27,0.0100193901195295
2005-02-28,0.00995796681069811
2005-03-01,0.00989890433494475
2005-03-02,0.00984180845688087
2005-03-03,0.00978415077298245
2005-03-04,0.00972459278807949
2005-03-05,0.00966498742222624
2005-03-06,0.00962405006217659
2005-03-07,0.00960451629047215
2005-03-08,0.00961651023100159
2005-03-09,0.00969677115439577
2005-03-10,0.00982631053041398
2005-03-11,0.00992238246964345
2005-03-12,0.00996034535396088
2005-03-13,0.00997139381234997
2005-03-14,0.00997977378619671
2005-03-15,0.00998425007473061
2005-03-16,0.0099655723026439
2005-03-17,0.00989788768418518
2005-03-18,0.00978707524856647
2005-03-19,0.00965851751174396
2005-03-20,0.00952646210902757
2005-03-21,0.00939821872490831
2005-03-22,0.00927897547294771
2005-03-23,0.00916847106897959
2005-03-24,0.00906730921707375
2005-03-25,0.00897490653800677
2005-03-26,0.00888949961163232
2005-03-27,0.00881184354264052
2005-03-28,0.00874463552571615
2005-03-29,0.00868952495540538
2005-03-30,0.00864552688067005
2005-03-31,0.00862675193338073
2005-04-01,0.00864122404286032
2005-04-02,0.00869961940264826
2005-04-03,0.00879399434505539
2005-04-04,0.00891724702356992
2005-04-05,0.00906684521391093
2005-04-06,0.00919735084491875
2005-04-07,0.00928097094382814
2005-04-08,0.00934422197768651
2005-04-09,0.00940975658937133
2005-04-10,0.00948679270333923
2005-04-11,0.00960689136356354
2005-04-12,0.00977032464042394
2005-04-13,0.00990607674071443
2005-04-14,0.00998482405515424
2005-04-15,0.0100967180200514
2005-04-16,0.0102699425735359
2005-04-17,0.010561964870304
2005-04-18,0.0109844497067208
2005-04-19,0.0115758896087124
2005-04-20,0.0123543754943447
2005-04-21,0.0132451528617583
2005-04-22,0.0142374509498863
2005-04-23,0.0154414697636728
2005-04-24,0.0171407597888878
2005-04-25,0.019589683381008
2005-04-26,0.0228740683727457
2005-04-27,0.0268770923513977
2005-04-28,0.0316077786228891
2005-04-29,0.0370029577004977
2005-04-30,0.0426709839758525
2005-05-01,0.0481921652079321
2005-05-02,0.0532194309096394
2005-05-03,0.0575156039433285
2005-05-04,0.060846001338893
2005-05-05,0.0632240312913623
2005-05-06,0.0646999064008171
2005-05-07,0.0655948854775821
2005-05-08,0.066399087374613
2005-05-09,0.0676408516182582
2005-05-10,0.0695250676257172
2005-05-11,0.0716842668883595
2005-05-12,0.0738531149227021
2005-05-13,0.076070980579781
2005-05-14,0.0784261053937804
2005-05-15,0.0808673180329987
2005-05-16,0.0832834476699943
2005-05-17,0.0853808627966878
2005-05-18,0.0869104282451213
2005-05-19,0.0879679064077964
2005-05-20,0.0886527465255688
2005-05-21,0.0891669164282834
2005-05-22,0.0896462516513543
2005-05-23,0.0895366100885822
2005-05-24,0.0886040497905599
2005-05-25,0.0875962329442126
2005-05-26,0.0868891609331834
2005-05-27,0.0861033662098165
2005-05-28,0.0847358077318116
2005-05-29,0.0830131945017064
2005-05-30,0.0813201565457544
2005-05-31,0.0799114315995072
2005-06-01,0.0787028985741578
2005-06-02,0.0776492690641163
2005-06-03,0.0766588981120775
2005-06-04,0.0755597174912912
2005-06-05,0.0743455016216813
2005-06-06,0.0733462988734005
2005-06-07,0.072531722130195
2005-06-08,0.0719020741960878
2005-06-09,0.0715340553307853
2005-06-10,0.0713238201181048
2005-06-11,0.0711962681336174
2005-06-12,0.0709201536731462
2005-06-13,0.0703950706502767
2005-06-14,0.0697033024011309
2005-06-15,0.0689953182206687
2005-06-16,0.0682973031682267
2005-06-17,0.067455465263172
2005-06-18,0.0663836803602839
2005-06-19,0.0652491160788353
2005-06-20,0.0642643352712065
2005-06-21,0.0635312653400418
2005-06-22,0.0629926748749123
2005-06-23,0.0625186432735643
2005-06-24,0.0621755810980051
2005-06-25,0.062449097403189
2005-06-26,0.063422273964294
2005-06-27,0.0645285765808231
2005-06-28,0.0650074106650638
2005-06-29,0.0647538371991487
2005-06-30,0.0640094235512015
2005-07-01,0.0630655857941318
2005-07-02,0.0622031911064708
2005-07-03,0.0616559943706081
2005-07-04,0.0613965589435242
2005-07-05,0.0611581622380205
2005-07-06,0.0609263978434111
2005-07-07,0.0608879386724579
2005-07-08,0.0609362346484112
2005-07-09,0.060952580542053
2005-07-10,0.0609995813272513
2005-07-11,0.0612291192695661
2005-07-12,0.061554215106746
2005-07-13,0.061703286162945
2005-07-14,0.0615737589766944
2005-07-15,0.0613328377602676
2005-07-16,0.0614719551992836
2005-07-17,0.0621936415636777
2005-07-18,0.0634182645447156
2005-07-19,0.0645054239465882
2005-07-20,0.0645669236274634
2005-07-21,0.063547676814254
2005-07-22,0.0620659785837009
2005-07-23,0.0605505451274064
2005-07-24,0.0591519698336239
2005-07-25,0.0578586279618083
2005-07-26,0.0566806045470477
2005-07-27,0.0554262710936228
2005-07-28,0.0537373461514898
2005-07-29,0.0516781583609691
2005-07-30,0.0495763046068312
2005-07-31,0.0476164997573838
2005-08-01,0.0458673885171077
2005-08-02,0.0443053053076455
2005-08-03,0.0429120291384465
2005-08-04,0.0416858746236615
2005-08-05,0.0406819378418311
2005-08-06,0.0398859710361957
2005-08-07,0.0391287613090194
2005-08-08,0.0383978100135947
2005-08-09,0.037759488978939
2005-08-10,0.0372358284304652
2005-08-11,0.0367937583396191
2005-08-12,0.0365088939237295
2005-08-13,0.0367905108593884
2005-08-14,0.0383554434205091
2005-08-15,0.0410005655411519
2005-08-16,0.0437483151976395
2005-08-17,0.0458284383727899
2005-08-18,0.0470339326014884
2005-08-19,0.0474580161563883
2005-08-20,0.0472609322496798
2005-08-21,0.0466398101096637
2005-08-22,0.0457176862393311
2005-08-23,0.0446132168700267
2005-08-24,0.0434477897241341
2005-08-25,0.0422185898965583
2005-08-26,0.0409230215707765
2005-08-27,0.0396796368728059
2005-08-28,0.0387248203918089
2005-08-29,0.0381968328336493
2005-08-30,0.0380375713465442
2005-08-31,0.0380409094681058
2005-09-01,0.0380591644650862
2005-09-02,0.0379480830619492
2005-09-03,0.03754431931489
2005-09-04,0.0367991669395646
2005-09-05,0.0358676201912759
2005-09-06,0.0349042974796206
2005-09-07,0.0340134795732573
2005-09-08,0.0332916407912317
2005-09-09,0.0328865591143338
2005-09-10,0.0328933202585908
2005-09-11,0.033248191164634
2005-09-12,0.033780907292684
2005-09-13,0.0343600309047786
2005-09-14,0.0349980773103463
2005-09-15,0.0356527127115514
2005-09-16,0.0362123746345684
2005-09-17,0.0366150955686289
2005-09-18,0.0367821448770306
2005-09-19,0.036647588695822
2005-09-20,0.0362815184495099
2005-09-21,0.0357886972604264
2005-09-22,0.035248950606472
2005-09-23,0.0347292431512567
2005-09-24,0.0342599077875058
2005-09-25,0.0338477052067281
2005-09-26,0.0334752470672763
2005-09-27,0.0330884337208709
2005-09-28,0.0326013487598057
2005-09-29,0.0320343221369464
2005-09-30,0.0314950236688163
2005-10-01,0.0311067070959084
2005-10-02,0.0308844444414677
2005-10-03,0.0307684831840887
2005-10-04,0.0307382494615429
2005-10-05,0.0307889096643067
2005-10-06,0.0308909341336817
2005-10-07,0.0311042841973357
2005-10-08,0.0313606981338906
2005-10-09,0.0315492008431929
2005-10-10,0.0316510634999406
2005-10-11,0.0317649097712433
2005-10-12,0.031866659743505
2005-10-13,0.0319040707571541
2005-10-14,0.0317956337206215
2005-10-15,0.031634732754167
2005-10-16,0.0314153437779135
2005-10-17,0.0311176821099108
2005-10-18,0.0307401305012733
2005-10-19,0.0302839158618941
2005-10-20,0.0297633546272547
2005-10-21,0.0291913501717056
2005-10-22,0.0285974408536655
2005-10-23,0.0280556912044201
2005-10-24,0.0275658998124663
2005-10-25,0.0271175042341681
2005-10-26,0.0267360808299715
2005-10-27,0.0264130655539674
2005-10-28,0.0260980608945378
2005-10-29,0.0258332116120306
2005-10-30,0.0256812009819395
2005-10-31,0.0256466188899802
2005-11-01,0.0256794323727208
2005-11-02,0.0256676294897728
2005-11-03,0.02550237767651
2005-11-04,0.0251712333746726
2005-11-05,0.0247129185372663
2005-11-06,0.0241820370745643
2005-11-07,0.0236331922210356
2005-11-08,0.0230893484010119
2005-11-09,0.0225628272274528
2005-11-10,0.0220637455917195
2005-11-11,0.0215825620316899
2005-11-12,0.0211136765941914
2005-11-13,0.0206694023566386
2005-11-14,0.0202701472616393
2005-11-15,0.0199063087853977
2005-11-16,0.0195514098113797
2005-11-17,0.0191975333313749
2005-11-18,0.0188439039856017
2005-11-19,0.0184941252809094
2005-11-20,0.0181526721789862
2005-11-21,0.0178290580325788
2005-11-22,0.0175298696427572
2005-11-23,0.0172624127274191
2005-11-24,0.0170331271594628
2005-11-25,0.0168308030591994
2005-11-26,0.0166394365742213
2005-11-27,0.0164538791523927
2005-11-28,0.0162747782420236
2005-11-29,0.0161017020000719
2005-11-30,0.0159320618765454
2005-12-01,0.0157645763742264
2005-12-02,0.0155980543496013
2005-12-03,0.0154322002275629
2005-12-04,0.0152670905228132
2005-12-05,0.0151038756034699
2005-12-06,0.0149450973714207
2005-12-07,0.0147930898474612
2005-12-08,0.0146491592474028
2005-12-09,0.0145138967614515
2005-12-10,0.0143902928371355
2005-12-11,0.0142773652511464
2005-12-12,0.0141791798357053
2005-12-13,0.0140962520690314
2005-12-14,0.0140102722700235
2005-12-15,0.0139188424306636
2005-12-16,0.0138349462869167
2005-12-17,0.0137645282380487
2005-12-18,0.0137021921625475
2005-12-19,0.0136372081565331
2005-12-20,0.0135665391916874
2005-12-21,0.0134935173625455
2005-12-22,0.013421508563057
2005-12-23,0.0133521882777465
2005-12-24,0.0132850244582853
2005-12-25,0.0132198492243235
2005-12-26,0.0131573386281739
2005-12-27,0.0130944008945138
2005-12-28,0.0130310370110436
2005-12-29,0.0129704831212322
2005-12-30,0.0129138905759971
2005-12-31,0.012857106581476
2006-01-01,0.0127942556178607
2006-01-02,0.0127240355823886
2006-01-03,0.0126498594832923
2006-01-04,0.0125747370102043
2006-01-05,0.0125003357292548
2006-01-06,0.0124271008446226
2006-01-07,0.0123551769377663
2006-01-08,0.0122846164235114
2006-01-09,0.0122145235834119
2006-01-10,0.0121446823617439
2006-01-11,0.0120755553275734
2006-01-12,0.0120076678604577
2006-01-13,0.0119410933159513
2006-01-14,0.0118757545849548
2006-01-15,0.0118115387644482
2006-01-16,0.011748272484413
2006-01-17,0.0116855862584112
2006-01-18,0.0116235808202947
2006-01-19,0.0115626057555487
2006-01-20,0.0115026428232613
2006-01-21,0.0114420853750484
2006-01-22,0.0113808887552764
2006-01-23,0.0113202147272612
2006-01-24,0.0112609169720983
2006-01-25,0.0112028284648947
2006-01-26,0.0111468014530455
2006-01-27,0.0110944457827717
2006-01-28,0.0110453508792962
2006-01-29,0.0109976725754713
2006-01-30,0.0109527975824974
2006-01-31,0.0109144455150545
2006-02-01,0.0108771359462668
2006-02-02,0.010832294271257
2006-02-03,0.0107784809271477
2006-02-04,0.0107195139991511
2006-02-05,0.0106589359246077
2006-02-06,0.0105981530956124
2006-02-07,0.010537223658505
2006-02-08,0.010476275491155
2006-02-09,0.0104167390711264
2006-02-10,0.0103586135398302
2006-02-11,0.0103010400416312
2006-02-12,0.0102458340967755
2006-02-13,0.010193194574636
2006-02-14,0.0101415753421541
2006-02-15,0.010091849107938
2006-02-16,0.010048402277324
2006-02-17,0.0100078422734484
2006-02-18,0.0099602822931512
2006-02-19,0.00990523700124623
2006-02-20,0.00985025246836227
2006-02-21,0.00979797915366981
2006-02-22,0.00974739892907396
2006-02-23,0.0096972766182011
2006-02-24,0.00964652906682181
2006-02-25,0.00959534088599899
2006-02-26,0.00954417670464685
2006-02-27,0.00949420059148193
2006-02-28,0.0094455387853816
2006-03-01,0.00939715389271605
2006-03-02,0.00934822938767186
2006-03-03,0.00930059092472654
2006-03-04,0.00925629008398995
2006-03-05,0.0092134170415546
2006-03-06,0.00917099519842182
2006-03-07,0.00912935247529003
2006-03-08,0.00908865321843358
2006-03-09,0.00904963325887462
2006-03-10,0.00901237939216341
2006-03-11,0.0089815157219593
2006-03-12,0.00895665170562167
2006-03-13,0.00893128565393291
2006-03-14,0.00890153583754231
2006-03-15,0.00886778634516485
2006-03-16,0.00883158735787009
2006-03-17,0.00879295289550168
2006-03-18,0.00875267595409061
2006-03-19,0.00871300449666914
2006-03-20,0.00867411080477198
2006-03-21,0.00863363704666272
2006-03-22,0.0085917733108604
2006-03-23,0.00855027456380266
2006-03-24,0.00851156487130778
2006-03-25,0.00847606207890254
2006-03-26,0.00844424299554147
2006-03-27,0.00841297654505853
2006-03-28,0.00837878562327644
2006-03-29,0.00834584538332987
2006-03-30,0.00831583509431645
2006-03-31,0.00828831845208864
2006-04-01,0.0082662229420739
2006-04-02,0.00824878913251215
2006-04-03,0.0082378464016683
2006-04-04,0.00823585560461982
2006-04-05,0.00825002069735826
2006-04-06,0.00829655181779953
2006-04-07,0.00838039253761961
2006-04-08,0.00848816582541868
2006-04-09,0.00861573149987365
2006-04-10,0.00878480613546904
2006-04-11,0.008996467919113
2006-04-12,0.00918293910347906
2006-04-13,0.00928432219789089
2006-04-14,0.00931364482428501
2006-04-15,0.00930263944979703
2006-04-16,0.00928593925468004
2006-04-17,0.00928007974118047
2006-04-18,0.00928336187197172
2006-04-19,0.00929461224644109
2006-04-20,0.00935630762866621
2006-04-21,0.00950321168332315
2006-04-22,0.00976556919084267
2006-04-23,0.0101276520217201
2006-04-24,0.010581580200714
2006-04-25,0.0111822282365163
2006-04-26,0.0120325816287625
2006-04-27,0.0131045548114857
2006-04-28,0.0142913486458085
2006-04-29,0.0155231360955619
2006-04-30,0.016814475980781
2006-05-01,0.0182690228695705
2006-05-02,0.0199649079315077
2006-05-03,0.0217707705918543
2006-05-04,0.0235448287727089
2006-05-05,0.0253218291256824
2006-05-06,0.0272616491213277
2006-05-07,0.0294179918151615
2006-05-08,0.0316786754552295
2006-05-09,0.0340114195069428
2006-05-10,0.0364957283886905
2006-05-11,0.0392275116990562
2006-05-12,0.0420050677366974
2006-05-13,0.0447890425794551
2006-05-14,0.0477528552775934
2006-05-15,0.051081066591571
2006-05-16,0.0547665392879142
2006-05-17,0.0586664473470507
2006-05-18,0.0629448885674992
2006-05-19,0.0679258596343771
2006-05-20,0.0738167633162047
2006-05-21,0.0804397357379742
2006-05-22,0.0868667197890535
2006-05-23,0.0927122235571922
2006-05-24,0.0979034226807343
2006-05-25,0.102119675466822
2006-05-26,0.104720868715893
2006-05-27,0.105815964534961
2006-05-28,0.106113687520796
2006-05-29,0.106094755430812
2006-05-30,0.106027197784796
2006-05-31,0.106225973730249
2006-06-01,0.106475279381667
2006-06-02,0.106598385121877
2006-06-03,0.107145624986389
2006-06-04,0.108720217820943
2006-06-05,0.110639209579639
2006-06-06,0.111340153673866
2006-06-07,0.1106557777497
2006-06-08,0.108933096323207
2006-06-09,0.106480943569775
2006-06-10,0.103820056936852
2006-06-11,0.101607730667281
2006-06-12,0.0996567640039561
2006-06-13,0.0975133444424435
2006-06-14,0.0955202747517122
2006-06-15,0.0943952505980473
2006-06-16,0.0944410111709198
2006-06-17,0.0945946819352681
2006-06-18,0.0940374840715491
2006-06-19,0.0929526580963254
2006-06-20,0.091692002490987
2006-06-21,0.0902152621391331
2006-06-22,0.0883619610676394
2006-06-23,0.0861832528086268
2006-06-24,0.0838226054130458
2006-06-25,0.0814046498904491
2006-06-26,0.079072875221474
2006-06-27,0.0768639382260548
2006-06-28,0.0746346123430822
2006-06-29,0.0723073669609134
2006-06-30,0.0699506155997644
2006-07-01,0.06770393363267
2006-07-02,0.0656989296348691
2006-07-03,0.0639186829155393
2006-07-04,0.0623898853636024
2006-07-05,0.0611083891136242
2006-07-06,0.0598440407998391
2006-07-07,0.058588787511699
2006-07-08,0.0573216648928941
2006-07-09,0.0562203984162732
2006-07-10,0.0553802195136978
2006-07-11,0.0544669898092973
2006-07-12,0.0532532001458462
2006-07-13,0.0519686289081108
2006-07-14,0.0508774729167409
2006-07-15,0.0500841251536777
2006-07-16,0.0495659976083247
2006-07-17,0.0492428508246882
2006-07-18,0.0490266265601267
2006-07-19,0.0487487506838338
2006-07-20,0.0482493313642067
2006-07-21,0.0475254494031537
2006-07-22,0.0466881112225516
2006-07-23,0.0459553711982249
2006-07-24,0.0454302538728284
2006-07-25,0.0449363442056762
2006-07-26,0.0442904890750758
2006-07-27,0.043576284910591
2006-07-28,0.0428053974122886
2006-07-29,0.042045390200845
2006-07-30,0.0412708394586964
2006-07-31,0.0405259786461376
2006-08-01,0.0398969606128181
2006-08-02,0.0394973076556092
2006-08-03,0.039325458136705
2006-08-04,0.0392051180093099
2006-08-05,0.0390687814453811
2006-08-06,0.038942503072994
2006-08-07,0.0388326492391918
2006-08-08,0.0388067014252997
2006-08-09,0.0390371242829846
2006-08-10,0.0395762557845379
2006-08-11,0.0405670367983651
2006-08-12,0.0426277730156026
2006-08-13,0.0459071045123309
2006-08-14,0.0494983794590816
2006-08-15,0.0527144302175272
2006-08-16,0.0553987674534668
2006-08-17,0.0573673325262131
2006-08-18,0.0582311213576141
2006-08-19,0.0578713623293616
2006-08-20,0.0567338378879156
2006-08-21,0.0555580404138385
2006-08-22,0.0547315176973641
2006-08-23,0.0535478579179279
2006-08-24,0.0522340276997262
2006-08-25,0.0511111262034598
2006-08-26,0.0501157477262516
2006-08-27,0.0492606907281919
2006-08-28,0.0487184432771215
2006-08-29,0.0486105516426785
2006-08-30,0.0487395710798448
2006-08-31,0.0489719252648836
2006-09-01,0.0493195916518483
2006-09-02,0.0497343820573848
2006-09-03,0.0500552887321246
2006-09-04,0.0501369133489555
2006-09-05,0.0500014681664148
2006-09-06,0.0498978422431695
2006-09-07,0.0499782248291993
2006-09-08,0.0501703051954397
2006-09-09,0.0504310743941512
2006-09-10,0.0506971357066304
2006-09-11,0.0509764309068594
2006-09-12,0.0513284869660958
2006-09-13,0.051437053621438
2006-09-14,0.0509254369343354
2006-09-15,0.0498457455855765
2006-09-16,0.0484559975521339
2006-09-17,0.0470881166037086
2006-09-18,0.0460199337349021
2006-09-19,0.0452869627638315
2006-09-20,0.0446991606112837
2006-09-21,0.0442600630190735
2006-09-22,0.0437763520413992
2006-09-23,0.043131958345492
2006-09-24,0.0423582154137696
2006-09-25,0.0414614169729241
2006-09-26,0.0404413987609922
2006-09-27,0.039477068510157
2006-09-28,0.0387378743069537
2006-09-29,0.0382919312934029
2006-09-30,0.0381349219715349
2006-10-01,0.0383364206783258
2006-10-02,0.0387595337348046
2006-10-03,0.0390724257441854
2006-10-04,0.0390962891801848
2006-10-05,0.0387958669564755
2006-10-06,0.03816266738677
2006-10-07,0.037250982363595
2006-10-08,0.0361534261848012
2006-10-09,0.0349991088547837
2006-10-10,0.0338853280359866
2006-10-11,0.032873068321002
2006-10-12,0.0319775234931292
2006-10-13,0.0311873928403141
2006-10-14,0.0304644329379729
2006-10-15,0.0297357745368014
2006-10-16,0.0289611157178724
2006-10-17,0.0281604759845434
2006-10-18,0.0273886959543824
2006-10-19,0.026674368346084
2006-10-20,0.0260124195720222
2006-10-21,0.0254245477284809
2006-10-22,0.024944714469857
2006-10-23,0.0245579140196672
2006-10-24,0.0242235994350448
2006-10-25,0.0239164835567216
2006-10-26,0.0236206246376982
2006-10-27,0.0233605278178687
2006-10-28,0.0231210468740541
2006-10-29,0.0229130107973629
2006-10-30,0.0227588184409774
2006-10-31,0.0226645018408877
2006-11-01,0.0225893492592408
2006-11-02,0.0225137027084409
2006-11-03,0.0224322406242933
2006-11-04,0.0223734219293776
2006-11-05,0.0224524479810474
2006-11-06,0.0227431684859219
2006-11-07,0.0231708177662687
2006-11-08,0.0235289590344137
2006-11-09,0.0237749623187987
2006-11-10,0.0240255379170345
2006-11-11,0.0243217131685167
2006-11-12,0.0246330361255023
2006-11-13,0.0249195382860311
2006-11-14,0.0251255193436649
2006-11-15,0.0251735820689773
2006-11-16,0.0250342208574895
2006-11-17,0.0247411248632133
2006-11-18,0.0243477361123066
2006-11-19,0.0239031277479634
2006-11-20,0.0234421613683391
2006-11-21,0.0229850163715923
2006-11-22,0.0225434233444639
2006-11-23,0.0221277842799511
2006-11-24,0.0217471897835567
2006-11-25,0.0214074937088429
2006-11-26,0.0211077973886529
2006-11-27,0.020838345735496
2006-11-28,0.0205823830151321
2006-11-29,0.0203231852746831
2006-11-30,0.0200505059014834
2006-12-01,0.0197603390575661
2006-12-02,0.0194515590509386
2006-12-03,0.0191275649113795
2006-12-04,0.0187954746898371
2006-12-05,0.0184627320671231
2006-12-06,0.0181365288032516
2006-12-07,0.0178212942789373
2006-12-08,0.0175184752296591
2006-12-09,0.0172278473648861
2006-12-10,0.0169489330266571
2006-12-11,0.0166822069028407
2006-12-12,0.0164363680258369
2006-12-13,0.0162100289716574
2006-12-14,0.0159962303022291
2006-12-15,0.0157960801560783
2006-12-16,0.0156108336265405
2006-12-17,0.0154395244299669
2006-12-18,0.0152795539435464
2006-12-19,0.0151273290695558
2006-12-20,0.0149786667464288
2006-12-21,0.0148308791566495
2006-12-22,0.0146830857671809
2006-12-23,0.0145358420287261
2006-12-24,0.0143909688959656
2006-12-25,0.0142510829947351
2006-12-26,0.0141194276659575
2006-12-27,0.0139974299996921
2006-12-28,0.0138850580501789
2006-12-29,0.0137820749682725
2006-12-30,0.0136871158590366
2006-12-31,0.0135985524576988
2007-01-01,0.0135147086741463
2007-01-02,0.0134344344620028
2007-01-03,0.0133588191008452
2007-01-04,0.0132871138954993
2007-01-05,0.0132202093094496
2007-01-06,0.0131616857707506
2007-01-07,0.0131101319150032
2007-01-08,0.0130575145638838
2007-01-09,0.013002516913657
2007-01-10,0.0129496346115496
2007-01-11,0.012898489443613
2007-01-12,0.0128437751524238
2007-01-13,0.0127835397612843
2007-01-14,0.0127189269376865
2007-01-15,0.0126520418275745
2007-01-16,0.0125839116054241
2007-01-17,0.0125142911669135
2007-01-18,0.0124432952577013
2007-01-19,0.0123716143082236
2007-01-20,0.0122989107230129
2007-01-21,0.0122255220389375
2007-01-22,0.0121506099873619
2007-01-23,0.0120754052631633
2007-01-24,0.0120021510551929
2007-01-25,0.01193277666488
2007-01-26,0.011866990447667
2007-01-27,0.0118047353882966
2007-01-28,0.0117497957014639
2007-01-29,0.0117037683193348
2007-01-30,0.0116598760703589
2007-01-31,0.0116116510111054
2007-02-01,0.0115576230767858
2007-02-02,0.0114971189928362
2007-02-03,0.0114315831656698
2007-02-04,0.0113644703842226
2007-02-05,0.0112989896523822
2007-02-06,0.0112359038743445
2007-02-07,0.0111740754535175
2007-02-08,0.0111124985272754
2007-02-09,0.0110523499578304
2007-02-10,0.0109935507013182
2007-02-11,0.0109355668746972
2007-02-12,0.0108787483173666
2007-02-13,0.0108233523781309
2007-02-14,0.0107685907100441
2007-02-15,0.0107145652952533
2007-02-16,0.0106618449421171
2007-02-17,0.0106102721915091
2007-02-18,0.0105598672490751
2007-02-19,0.0105097657630141
2007-02-20,0.0104603112863731
2007-02-21,0.0104117325180386
2007-02-22,0.0103636376849729
2007-02-23,0.0103161087089283
2007-02-24,0.0102686701336415
2007-02-25,0.0102212797411135
2007-02-26,0.0101740195562133
2007-02-27,0.010125098301202
2007-02-28,0.0100752740481651
2007-03-01,0.0100265712694109
2007-03-02,0.00997816505664869
2007-03-03,0.0099293122159287
2007-03-04,0.00988020653601929
2007-03-05,0.00983017012461346
2007-03-06,0.00978035077032567
2007-03-07,0.00973207710633045
2007-03-08,0.00968501436560645
2007-03-09,0.00963838421405707
2007-03-10,0.00959138552754198
2007-03-11,0.00954438186858027
2007-03-12,0.00949807225672079
2007-03-13,0.0094528347976409
2007-03-14,0.00940851386037768
2007-03-15,0.00936261264659471
2007-03-16,0.00931364105466012
2007-03-17,0.00926492647787366
2007-03-18,0.00921547707231828
2007-03-19,0.00916451144721105
2007-03-20,0.00911162751320377
2007-03-21,0.00905948046702327
2007-03-22,0.00900966494455811
2007-03-23,0.00896909967772308
2007-03-24,0.0089421625148464
2007-03-25,0.00892219849016164
2007-03-26,0.00890660379941683
2007-03-27,0.00889796660770749
2007-03-28,0.00890303173366918
2007-03-29,0.0089147086806424
2007-03-30,0.00892412116737853
2007-03-31,0.008925056484581
2007-04-01,0.00892683520534154
2007-04-02,0.0089414158963427
2007-04-03,0.00897663708181148
2007-04-04,0.00903240356368583
2007-04-05,0.00909720075305678
2007-04-06,0.00917458393592113
2007-04-07,0.0092845568465024
2007-04-08,0.0094868990517006
2007-04-09,0.00983659369348359
2007-04-10,0.0103124992382686
2007-04-11,0.0110038253021768
2007-04-12,0.0119712125977652
2007-04-13,0.01315168352297
2007-04-14,0.0145196126323905
2007-04-15,0.015917834259206
2007-04-16,0.0172603924003075
2007-04-17,0.0187043946695041
2007-04-18,0.0205024685985715
2007-04-19,0.0226474328464853
2007-04-20,0.0250458494592363
2007-04-21,0.0276006069900676
2007-04-22,0.0304355786959405
2007-04-23,0.0339235866899796
2007-04-24,0.0386477827153333
2007-04-25,0.044966933803777
2007-04-26,0.0522207319930161
2007-04-27,0.0594283522934491
2007-04-28,0.0664664685217443
2007-04-29,0.0735408356795346
2007-04-30,0.080074937070572
2007-05-01,0.085820641805108
2007-05-02,0.0912864050575893
2007-05-03,0.0969786990650835
2007-05-04,0.102482130898527
2007-05-05,0.107417765379518
2007-05-06,0.111433361173668
2007-05-07,0.114421016701206
2007-05-08,0.116063851599526
2007-05-09,0.116362717818337
2007-05-10,0.115228555194653
2007-05-11,0.113587825892099
2007-05-12,0.112409935714008
2007-05-13,0.111794010954347
2007-05-14,0.111081988019544
2007-05-15,0.109939706396289
2007-05-16,0.108628792096782
2007-05-17,0.10753579313196
2007-05-18,0.106909014823397
2007-05-19,0.106896846898061
2007-05-20,0.107230206774607
2007-05-21,0.107706842423996
2007-05-22,0.108228668462668
2007-05-23,0.108707789605711
2007-05-24,0.108945908959746
2007-05-25,0.108838812080754
2007-05-26,0.108683782187964
2007-05-27,0.108908426910579
2007-05-28,0.109521912154866
2007-05-29,0.110513216870419
2007-05-30,0.112148466947865
2007-05-31,0.113831137612203
2007-06-01,0.115110347268107
2007-06-02,0.115775069852987
2007-06-03,0.115428779190365
2007-06-04,0.114210247579134
2007-06-05,0.112788115229797
2007-06-06,0.111898099197699
2007-06-07,0.111732703433295
2007-06-08,0.111691521807132
2007-06-09,0.112165315666314
2007-06-10,0.112878964921656
2007-06-11,0.112416947705778
2007-06-12,0.110382503629578
2007-06-13,0.107587172334251
2007-06-14,0.10461534741113
2007-06-15,0.101756182609112
2007-06-16,0.0991870978523427
2007-06-17,0.0971612345455491
2007-06-18,0.0959005051587764
2007-06-19,0.0949041731996801
2007-06-20,0.0947578027606201
2007-06-21,0.0951939668440002
2007-06-22,0.0952486955553726
2007-06-23,0.0945883620410767
2007-06-24,0.09346166675176
2007-06-25,0.0920431771542411
2007-06-26,0.0903734613263111
2007-06-27,0.0889195661271875
2007-06-28,0.0882846029345314
2007-06-29,0.0884544785072426
2007-06-30,0.0887790341976426
2007-07-01,0.0886193596980423
2007-07-02,0.0878287581183314
2007-07-03,0.0865572386831206
2007-07-04,0.0848648349043303
2007-07-05,0.0830334517312399
2007-07-06,0.0812374788239681
2007-07-07,0.0793621699374792
2007-07-08,0.0773614762406275
2007-07-09,0.0753826642540646
2007-07-10,0.0736384765557467
2007-07-11,0.0721795947247941
2007-07-12,0.0707389849838285
2007-07-13,0.069065390299693
2007-07-14,0.0671744070157919
2007-07-15,0.0651968540241644
2007-07-16,0.0632803021545322
2007-07-17,0.0614704191755843
2007-07-18,0.0597220647313151
2007-07-19,0.0582182771625279
2007-07-20,0.0573619653476608
2007-07-21,0.0573526903152826
2007-07-22,0.0579771239856903
2007-07-23,0.0587900743810322
2007-07-24,0.0593524084740147
2007-07-25,0.0593923697849562
2007-07-26,0.0589274274879555
2007-07-27,0.0580692269631946
2007-07-28,0.0568961966690178
2007-07-29,0.0555446406905064
2007-07-30,0.0540366132736889
2007-07-31,0.052366344290694
2007-08-01,0.0507503521763982
2007-08-02,0.0492885642500228
2007-08-03,0.0479188672127894
2007-08-04,0.0466208853211698
2007-08-05,0.0453960968328201
2007-08-06,0.0443489196525034
2007-08-07,0.0436205066808176
2007-08-08,0.0432125627184205
2007-08-09,0.0430350514769841
2007-08-10,0.0430276742767707
2007-08-11,0.0432584754311332
2007-08-12,0.044133022380177
2007-08-13,0.0458445785739053
2007-08-14,0.0480043286179972
2007-08-15,0.0499883746251819
2007-08-16,0.0513770772259166
2007-08-17,0.0521533216133425
2007-08-18,0.0524051407764295
2007-08-19,0.052267947549094
2007-08-20,0.0519428673588017
2007-08-21,0.0516748752751028
2007-08-22,0.0517058459599408
2007-08-23,0.0519618075131292
2007-08-24,0.0521057396340652
2007-08-25,0.052191280058372
2007-08-26,0.052253357598681
2007-08-27,0.0521654959927131
2007-08-28,0.0519113294266388
2007-08-29,0.0515783322089479
2007-08-30,0.0509488223002803
2007-08-31,0.0499818545706457
2007-09-01,0.0488223126759288
2007-09-02,0.0476670323885875
2007-09-03,0.0466666557244249
2007-09-04,0.045729578328337
2007-09-05,0.0447756205822778
2007-09-06,0.0437663078750478
2007-09-07,0.0428055675317351
2007-09-08,0.0419034333659895
2007-09-09,0.041041345100588
2007-09-10,0.0403388493607262
2007-09-11,0.0398966066250879
2007-09-12,0.0397083771347081
2007-09-13,0.039728819145885
2007-09-14,0.0398509071700587
2007-09-15,0.0399822615536635
2007-09-16,0.0400494306574208
2007-09-17,0.0400008749593901
2007-09-18,0.0398757033047116
2007-09-19,0.0398801294055828
2007-09-20,0.0401335430169909
2007-09-21,0.0406440351729822
2007-09-22,0.0412812932580307
2007-09-23,0.0417171772904886
2007-09-24,0.0417289941203901
2007-09-25,0.0412259097618114
2007-09-26,0.0402247571331891
2007-09-27,0.0389527383214244
2007-09-28,0.0377336854285238
2007-09-29,0.0368093378178367
2007-09-30,0.0363070583579092
2007-10-01,0.0362640793272743
2007-10-02,0.0365471709659891
2007-10-03,0.0369855057148011
2007-10-04,0.0374537407907162
2007-10-05,0.0379076312845339
2007-10-06,0.0381960239422964
2007-10-07,0.0381752303153127
2007-10-08,0.0378725690597219
2007-10-09,0.0375183505449635
2007-10-10,0.0371906752718145
2007-10-11,0.0368638858614036
2007-10-12,0.0363724032360659
2007-10-13,0.0356356525333675
2007-10-14,0.0347247179769911
2007-10-15,0.0337205627526477
2007-10-16,0.0327013406574599
2007-10-17,0.0317470829915524
2007-10-18,0.0309045160653603
2007-10-19,0.0301404405683945
2007-10-20,0.0294333876357476
2007-10-21,0.0287787068715571
2007-10-22,0.0281701973493008
2007-10-23,0.0275971921362004
2007-10-24,0.0270643005562993
2007-10-25,0.0265702341953418
2007-10-26,0.0261176279892472
2007-10-27,0.0257027152210545
2007-10-28,0.0252963883242238
2007-10-29,0.024858495486084
2007-10-30,0.0243763354501692
2007-10-31,0.0238694662402791
2007-11-01,0.0233797856967957
2007-11-02,0.0229303635755432
2007-11-03,0.0225216029785875
2007-11-04,0.022146784951728
2007-11-05,0.0217980283027097
2007-11-06,0.0214717841991341
2007-11-07,0.0211681004890569
2007-11-08,0.0208879172484428
2007-11-09,0.0206269493174079
2007-11-10,0.0203775964328896
2007-11-11,0.0201345925078463
2007-11-12,0.0198783839613958
2007-11-13,0.0196027584891045
2007-11-14,0.0193131684611716
2007-11-15,0.019011196051783
2007-11-16,0.018700956453318
2007-11-17,0.0183925595567645
2007-11-18,0.018093583859559
2007-11-19,0.0178180971468972
2007-11-20,0.0175741168096907
2007-11-21,0.01736201962871
2007-11-22,0.0171782359709737
2007-11-23,0.0170171410508075
2007-11-24,0.0168715633461776
2007-11-25,0.0167361457232895
2007-11-26,0.0166072266403541
2007-11-27,0.0164799015041462
2007-11-28,0.0163516454830909
2007-11-29,0.0162232050550685
2007-11-30,0.016095825915639
2007-12-01,0.0159711109033297
2007-12-02,0.0158489895116265
2007-12-03,0.0157276637786559
2007-12-04,0.0156056297328694
2007-12-05,0.015481918542123
2007-12-06,0.0153572578932868
2007-12-07,0.0152325906434746
2007-12-08,0.015109185773594
2007-12-09,0.014987516000263
2007-12-10,0.0148671624591668
2007-12-11,0.0147481792250534
2007-12-12,0.0146314797500256
2007-12-13,0.014517895723991
2007-12-14,0.014407730793632
2007-12-15,0.0143013364806112
2007-12-16,0.014199440814383
2007-12-17,0.0141020616773449
2007-12-18,0.0140104075561301
2007-12-19,0.0139251443871255
2007-12-20,0.0138448653932749
2007-12-21,0.0137673452391559
2007-12-22,0.0136901839883711
2007-12-23,0.0136109459289321
2007-12-24,0.0135285454090543
2007-12-25,0.0134442190532761
2007-12-26,0.0133587784511963
2007-12-27,0.0132734910671285
2007-12-28,0.0131891793286187
2007-12-29,0.0131068575919324
2007-12-30,0.0130269511025956
2007-12-31,0.0129486797927913
2008-01-01,0.0128717845917995
2008-01-02,0.012796578654845
2008-01-03,0.0127233236282671
2008-01-04,0.0126517091675464
2008-01-05,0.0125816844341264
2008-01-06,0.0125125415497065
2008-01-07,0.0124450002592607
2008-01-08,0.0123794580120895
2008-01-09,0.0123153982208652
2008-01-10,0.0122527603373519
2008-01-11,0.0121907571065402
2008-01-12,0.0121286599720629
2008-01-13,0.0120672557375185
2008-01-14,0.0120068041402959
2008-01-15,0.011947094372473
2008-01-16,0.0118881113779826
2008-01-17,0.0118299545314682
2008-01-18,0.0117725215519133
2008-01-19,0.0117155806088266
2008-01-20,0.0116588681825365
2008-01-21,0.0116025455685252
2008-01-22,0.0115464476265328
2008-01-23,0.0114904056108778
2008-01-24,0.0114341880956164
2008-01-25,0.0113780804038364
2008-01-26,0.0113220093006573
2008-01-27,0.0112656488595462
2008-01-28,0.0112091125114724
2008-01-29,0.0111531729661378
2008-01-30,0.0110980331115028
2008-01-31,0.0110437366590087
2008-02-01,0.0109896508527436
2008-02-02,0.0109354237412987
2008-02-03,0.010881782003092
2008-02-04,0.0108282738671367
2008-02-05,0.0107747529070051
2008-02-06,0.0107221223126852
2008-02-07,0.0106702133375934
2008-02-08,0.010618895240123
2008-02-09,0.01056869585535
2008-02-10,0.0105197284675803
2008-02-11,0.0104710428438286
2008-02-12,0.0104224237361421
2008-02-13,0.0103748804376601
2008-02-14,0.0103275095648907
2008-02-15,0.0102787379512547
2008-02-16,0.0102303046859234
2008-02-17,0.0101834901015039
2008-02-18,0.0101389353334645
2008-02-19,0.0100978361196772
2008-02-20,0.0100588033507656
2008-02-21,0.0100185040254811
2008-02-22,0.00997645078600922
2008-02-23,0.00993532902538949
2008-02-24,0.0098982931151121
2008-02-25,0.00986299020568073
2008-02-26,0.00982535021937063
2008-02-27,0.00978452104491308
2008-02-28,0.0097422695612591
2008-02-29,0.00970033487383536
2008-03-01,0.00965906913883818
2008-03-02,0.00961764927691671
2008-03-03,0.00957886638813823
2008-03-04,0.00954204460011736
2008-03-05,0.00950580615232998
2008-03-06,0.00946840896371025
2008-03-07,0.00942889408778898
2008-03-08,0.0093892572146354
2008-03-09,0.00935341670771294
2008-03-10,0.0093243958094937
2008-03-11,0.00930436143819655
2008-03-12,0.00929064488094381
2008-03-13,0.00928069174896344
2008-03-14,0.00928033696806861
2008-03-15,0.00929701234316087
2008-03-16,0.0093196667959586
2008-03-17,0.00932794611284836
2008-03-18,0.00930891437366979
2008-03-19,0.00926702931152606
2008-03-20,0.00921685879507261
2008-03-21,0.00916703454817069
2008-03-22,0.0091187037631401
2008-03-23,0.00906903608542617
2008-03-24,0.00902494589537149
2008-03-25,0.00900812474995861
2008-03-26,0.00902761683416482
2008-03-27,0.00911289364143386
2008-03-28,0.0092426302745229
2008-03-29,0.0094009738118891
2008-03-30,0.009584858072132
2008-03-31,0.00978940621516546
2008-04-01,0.00997371642323193
2008-04-02,0.0101344346458767
2008-04-03,0.0102872944152674
2008-04-04,0.010475393054285
2008-04-05,0.0107174675100334
2008-04-06,0.0110202745703631
2008-04-07,0.0113643421054377
2008-04-08,0.0117341060570206
2008-04-09,0.0121020205688908
2008-04-10,0.012443564773436
2008-04-11,0.0127744608693029
2008-04-12,0.0131808713393792
2008-04-13,0.0137695353996906
2008-04-14,0.0144883474220978
2008-04-15,0.0152138471165063
2008-04-16,0.0158920649915742
2008-04-17,0.0165508556128103
2008-04-18,0.0170873086159518
2008-04-19,0.0174651593227204
2008-04-20,0.0177722416063054
2008-04-21,0.0182071920852682
2008-04-22,0.0190343772096306
2008-04-23,0.0202043549496172
2008-04-24,0.0216884532095443
2008-04-25,0.0234913735038204
2008-04-26,0.0256079262587572
2008-04-27,0.0279340236877709
2008-04-28,0.0304691258919069
2008-04-29,0.0334647040020309
2008-04-30,0.0368518193627656
2008-05-01,0.0401394198205923
2008-05-02,0.0431436594386495
2008-05-03,0.0461851327165366
2008-05-04,0.0492932873558751
2008-05-05,0.0521601457292762
2008-05-06,0.0545759740750997
2008-05-07,0.0564497054570758
2008-05-08,0.0576772682557842
2008-05-09,0.05829527381109
2008-05-10,0.0587810082986403
2008-05-11,0.060095919428575
2008-05-12,0.0626642050755996
2008-05-13,0.0662250713260907
2008-05-14,0.0701539896368316
2008-05-15,0.07421987031502
2008-05-16,0.0789416298255168
2008-05-17,0.0843597536324509
2008-05-18,0.0901404964062938
2008-05-19,0.095102985632847
2008-05-20,0.0983071530116998
2008-05-21,0.100049252111005
2008-05-22,0.100669877592123
2008-05-23,0.100600174125755
2008-05-24,0.100499946097155
2008-05-25,0.100459238399747
2008-05-26,0.099993853191962
2008-05-27,0.099028453386298
2008-05-28,0.0981462604566661
2008-05-29,0.0978524335404698
2008-05-30,0.0976141501580882
2008-05-31,0.0969129697214261
2008-06-01,0.0959008054172239
2008-06-02,0.0948797344418597
2008-06-03,0.0940360690141148
2008-06-04,0.0933572389995493
2008-06-05,0.0930417960419925
2008-06-06,0.0923487992070783
2008-06-07,0.0911506159561427
2008-06-08,0.0899869069152337
2008-06-09,0.0888338899826296
2008-06-10,0.0874530249987719
2008-06-11,0.086152497939018
2008-06-12,0.0846887920360524
2008-06-13,0.0830266177986365
2008-06-14,0.0814672937080228
2008-06-15,0.0804249137417892
2008-06-16,0.0801245089796424
2008-06-17,0.0796109873476166
2008-06-18,0.0784040676334497
2008-06-19,0.0768717341477254
2008-06-20,0.075157182300812
2008-06-21,0.0733535912203782
2008-06-22,0.0714760233861005
2008-06-23,0.069642424356339
2008-06-24,0.0679525759852229
2008-06-25,0.0664802305901941
2008-06-26,0.0652692047363014
2008-06-27,0.0641619559589806
2008-06-28,0.0630050267783893
2008-06-29,0.0617976404476891
2008-06-30,0.0606060558192786
2008-07-01,0.0594656674295877
2008-07-02,0.0583841054696296
2008-07-03,0.0573224528441916
2008-07-04,0.0563030962459794
2008-07-05,0.0555411113714554
2008-07-06,0.0551641123193534
2008-07-07,0.0551108453075765
2008-07-08,0.0552635041635667
2008-07-09,0.0553360491754449
2008-07-10,0.0551228577732671
2008-07-11,0.0546514235993728
2008-07-12,0.0542767839935814
2008-07-13,0.0544461926443897
2008-07-14,0.0551796638435694
2008-07-15,0.0559786437762946
2008-07-16,0.0563927326136202
2008-07-17,0.056415379469819
2008-07-18,0.0562652556561975
2008-07-19,0.056008976143204
2008-07-20,0.0556058574797356
2008-07-21,0.0551374116082857
2008-07-22,0.0547106236392908
2008-07-23,0.0542442299096557
2008-07-24,0.053543842869888
2008-07-25,0.0526892992675229
2008-07-26,0.0518573169278885
2008-07-27,0.0511234463250874
2008-07-28,0.0506532779393373
2008-07-29,0.0506001471305697
2008-07-30,0.0509245414319218
2008-07-31,0.0515567975105918
2008-08-01,0.052594652911967
2008-08-02,0.054064615645006
2008-08-03,0.0556131545674788
2008-08-04,0.0567208108444753
2008-08-05,0.0572237209011624
2008-08-06,0.0570507701295777
2008-08-07,0.0563713696193696
2008-08-08,0.0554305297987879
2008-08-09,0.054528282298655
2008-08-10,0.053828752920878
2008-08-11,0.0535914469404273
2008-08-12,0.0539484979635811
2008-08-13,0.0546981915589224
2008-08-14,0.0555795571831914
2008-08-15,0.0560177333453574
2008-08-16,0.0554611349966358
2008-08-17,0.0540250268775352
2008-08-18,0.0522008882073644
2008-08-19,0.0504417611159467
2008-08-20,0.0489878899467555
2008-08-21,0.0477917945767557
2008-08-22,0.0469057877444096
2008-08-23,0.0465638232012741
2008-08-24,0.0469123620483922
2008-08-25,0.0476885735082662
2008-08-26,0.0487831541500617
2008-08-27,0.0503993740768193
2008-08-28,0.0526240340403081
2008-08-29,0.0549725483839634
2008-08-30,0.0568523905330621
2008-08-31,0.0579672978479327
2008-09-01,0.0585907790122495
2008-09-02,0.0593353297885879
2008-09-03,0.0604136350657329
2008-09-04,0.0614349382368209
2008-09-05,0.0620647240706029
2008-09-06,0.0619167713923126
2008-09-07,0.0608061127201949
2008-09-08,0.0589643985272866
2008-09-09,0.0569332263385475
2008-09-10,0.0551324794581863
2008-09-11,0.0535599474563304
2008-09-12,0.0519524390241115
2008-09-13,0.0502088490035317
2008-09-14,0.0485977969768718
2008-09-15,0.047338239884838
2008-09-16,0.0465072685992571
2008-09-17,0.0462002140783954
2008-09-18,0.0460841076369512
2008-09-19,0.0460252387792358
2008-09-20,0.0459609166466615
2008-09-21,0.0459352866122411
2008-09-22,0.0459525038439724
2008-09-23,0.0458953873338688
2008-09-24,0.0456694072337421
2008-09-25,0.0452911956845793
2008-09-26,0.0448725142277071
2008-09-27,0.0444546897525538
2008-09-28,0.044039069087673
2008-09-29,0.0435409651565204
2008-09-30,0.0428717642453631
2008-10-01,0.0420481943658127
2008-10-02,0.0411342239453442
2008-10-03,0.0401913142255149
2008-10-04,0.0393370108027421
2008-10-05,0.0386608775389129
2008-10-06,0.0381453679007676
2008-10-07,0.0377645867438482
2008-10-08,0.0375542158976306
2008-10-09,0.037414598047365
2008-10-10,0.0371514861189663
2008-10-11,0.0366766316759562
2008-10-12,0.0360503799343583
2008-10-13,0.0353838439135719
2008-10-14,0.0347173373694761
2008-10-15,0.0340845227236588
2008-10-16,0.0335020321961038
2008-10-17,0.0329181568215427
2008-10-18,0.032280377706511
2008-10-19,0.0316143253589709
2008-10-20,0.0310157803356276
2008-10-21,0.0305266674203529
2008-10-22,0.0301006168620678
2008-10-23,0.0296996228724625
2008-10-24,0.029305265285036
2008-10-25,0.0288878826793951
2008-10-26,0.0284446532737203
2008-10-27,0.0280001309303711
2008-10-28,0.0275721683795448
2008-10-29,0.0271663564603687
2008-10-30,0.0267851934321829
2008-10-31,0.026435024742464
2008-11-01,0.0261138598782231
2008-11-02,0.0258276177013059
2008-11-03,0.0255602238168511
2008-11-04,0.0253039329536044
2008-11-05,0.0250153039244997
2008-11-06,0.0246964824042342
2008-11-07,0.0243512687714751
2008-11-08,0.023982062041108
2008-11-09,0.0236283541372308
2008-11-10,0.0233392662881602
2008-11-11,0.0230940100521227
2008-11-12,0.0228642805420738
2008-11-13,0.0227368898722114
2008-11-14,0.0227779624448029
2008-11-15,0.0229560249484294
2008-11-16,0.0231945939881443
2008-11-17,0.0234269132650922
2008-11-18,0.0236232592125062
2008-11-19,0.0238009896017942
2008-11-20,0.0239741685544003
2008-11-21,0.0241200710329704
2008-11-22,0.0241909499021899
2008-11-23,0.0241125193732823
2008-11-24,0.0238425748590694
2008-11-25,0.0234261361663069
2008-11-26,0.0229472559989605
2008-11-27,0.0224618245088807
2008-11-28,0.0219940441610875
2008-11-29,0.0215517173793965
2008-11-30,0.0211365397052289
2008-12-01,0.0207495967866841
2008-12-02,0.0203892881135869
2008-12-03,0.0200516663246387
2008-12-04,0.0197362983039504
2008-12-05,0.0194428342990783
2008-12-06,0.0191694166522956
2008-12-07,0.0189115340123612
2008-12-08,0.0186662934411972
2008-12-09,0.0184319806302883
2008-12-10,0.0182059549059868
2008-12-11,0.017987463527751
2008-12-12,0.0177773068018907
2008-12-13,0.0175775364485029
2008-12-14,0.0173908737254128
2008-12-15,0.0172188695573125
2008-12-16,0.0170604832293445
2008-12-17,0.0169112862134528
2008-12-18,0.0167664159329462
2008-12-19,0.016621821364057
2008-12-20,0.0164754759434796
2008-12-21,0.016327273116566
2008-12-22,0.0161780398150593
2008-12-23,0.016029581068638
2008-12-24,0.0158832022050091
2008-12-25,0.0157394607097579
2008-12-26,0.0155988439793388
2008-12-27,0.015461708397221
2008-12-28,0.0153282031557076
2008-12-29,0.0151984925584941
2008-12-30,0.015073230861015
2008-12-31,0.0149518443262414
2009-01-01,0.0148340693098839
2009-01-02,0.0147199703492017
2009-01-03,0.0146089497397484
2009-01-04,0.014501813564146
2009-01-05,0.0143980867164283
2009-01-06,0.0142969464798693
2009-01-07,0.0141982759329339
2009-01-08,0.0141019673235338
2009-01-09,0.0140076167840406
2009-01-10,0.0139154216053515
2009-01-11,0.0138258683011046
2009-01-12,0.0137388959953185
2009-01-13,0.0136540008530849
2009-01-14,0.0135712736768918
2009-01-15,0.0134909331631402
2009-01-16,0.0134119745911907
2009-01-17,0.0133340326476139
2009-01-18,0.0132577848515329
2009-01-19,0.0131848687756194
2009-01-20,0.0131188073293753
2009-01-21,0.0130652654240296
2009-01-22,0.0130174972442217
2009-01-23,0.0129659463408125
2009-01-24,0.0129122507195636
2009-01-25,0.0128556273962483
2009-01-26,0.0127911624731268
2009-01-27,0.012720916104718
2009-01-28,0.0126492202151639
2009-01-29,0.0125780056193478
2009-01-30,0.0125075260448533
2009-01-31,0.0124390691491733
2009-02-01,0.0123717847078869
2009-02-02,0.0123126500424017
2009-02-03,0.0122659560461523
2009-02-04,0.0122208689377358
2009-02-05,0.0121686635307898
2009-02-06,0.0121141865363006
2009-02-07,0.0120623275728503
2009-02-08,0.0120168952206665
2009-02-09,0.0119736250765543
2009-02-10,0.0119208104895345
2009-02-11,0.0118593644007195
2009-02-12,0.0117995040613391
2009-02-13,0.0117441319877664
2009-02-14,0.0116866945174875
2009-02-15,0.0116252581707632
2009-02-16,0.0115617844814824
2009-02-17,0.0114968992963073
2009-02-18,0.011431532628336
2009-02-19,0.0113669135985049
2009-02-20,0.0113029346187144
2009-02-21,0.0112395180682157
2009-02-22,0.0111765653103403
2009-02-23,0.0111145232688483
2009-02-24,0.0110531314489834
2009-02-25,0.0109921217170799
2009-02-26,0.0109320212331406
2009-02-27,0.01087255534746
2009-02-28,0.0108136663210506
2009-03-01,0.0107545509864104
2009-03-02,0.0106946060810991
2009-03-03,0.0106344177636581
2009-03-04,0.0105748945318849
2009-03-05,0.0105164123653539
2009-03-06,0.0104588122303066
2009-03-07,0.0104024052341458
2009-03-08,0.0103461344416076
2009-03-09,0.0102893514829268
2009-03-10,0.0102325028548592
2009-03-11,0.0101770795834021
2009-03-12,0.0101227887999364
2009-03-13,0.0100676706898883
2009-03-14,0.0100127752485804
2009-03-15,0.00996022435414063
2009-03-16,0.00991067279716225
2009-03-17,0.00986531935116545
2009-03-18,0.00982126596170137
2009-03-19,0.00977480456447936
2009-03-20,0.00972668076473327
2009-03-21,0.00968118519294697
2009-03-22,0.00963724731467134
2009-03-23,0.00959058807560183
2009-03-24,0.00953867871052539
2009-03-25,0.00948287966702165
2009-03-26,0.00942506866502644
2009-03-27,0.00936700474033562
2009-03-28,0.00931264422849422
2009-03-29,0.00926156525919579
2009-03-30,0.00921547065873234
2009-03-31,0.00918660144885469
2009-04-01,0.00918038916858199
2009-04-02,0.0091953250695623
2009-04-03,0.00926286005430971
2009-04-04,0.00944165804055129
2009-04-05,0.0097500617151604
2009-04-06,0.0101971666010148
2009-04-07,0.0108595781292748
2009-04-08,0.011826451567476
2009-04-09,0.0131731188450832
2009-04-10,0.0149617394173148
2009-04-11,0.0170915670623887
2009-04-12,0.0195323505725498
2009-04-13,0.0223340130697199
2009-04-14,0.0252993746950172
2009-04-15,0.0280454263987994
2009-04-16,0.0305587029282738
2009-04-17,0.0329462605079822
2009-04-18,0.0351640098414557
2009-04-19,0.0370768418872229
2009-04-20,0.0384686443688214
2009-04-21,0.0393875142080284
2009-04-22,0.0400778244432425
2009-04-23,0.0408290050497836
2009-04-24,0.0418696386421657
2009-04-25,0.0433514913354102
2009-04-26,0.0453478164893349
2009-04-27,0.0480175761482497
2009-04-28,0.0515336729256701
2009-04-29,0.0561751500621034
2009-04-30,0.0615021991482563
2009-05-01,0.0668325806033847
2009-05-02,0.0716701623320862
2009-05-03,0.0754820977998047
2009-05-04,0.0783540903413054
2009-05-05,0.0805515821519681
2009-05-06,0.0823218495357413
2009-05-07,0.08367323751201
2009-05-08,0.0847041806110893
2009-05-09,0.0852324624273657
2009-05-10,0.0850384679740332
2009-05-11,0.0842422029012022
2009-05-12,0.0830828518158038
2009-05-13,0.0817929403492505
2009-05-14,0.0805417493987846
2009-05-15,0.0792436969901518
2009-05-16,0.0778909687785597
2009-05-17,0.0766742803409899
2009-05-18,0.0758036230332858
2009-05-19,0.075414669952637
2009-05-20,0.0755325925614253
2009-05-21,0.0759538591927612
2009-05-22,0.076486089479644
2009-05-23,0.0770226600194535
2009-05-24,0.0775583398973096
2009-05-25,0.0781981379558727
2009-05-26,0.0793817549417663
2009-05-27,0.0810510658401383
2009-05-28,0.0823405278832439
2009-05-29,0.0835559697557817
2009-05-30,0.0852863572886172
2009-05-31,0.0878637282599398
2009-06-01,0.0905398333210873
2009-06-02,0.0924042029684539
2009-06-03,0.0933313210352403
2009-06-04,0.0939893391714399
2009-06-05,0.0948889558300003
2009-06-06,0.0957101107768562
2009-06-07,0.0962398440401079
2009-06-08,0.0961286263235956
2009-06-09,0.0952148864413729
2009-06-10,0.093781523953426
2009-06-11,0.0919250993587054
2009-06-12,0.0897080891771181
2009-06-13,0.0872090133795886
2009-06-14,0.0847298255905457
2009-06-15,0.0827149386354984
2009-06-16,0.0812950266440322
2009-06-17,0.0800183568491967
2009-06-18,0.0785664461990116
2009-06-19,0.0773753981016041
2009-06-20,0.0766433926002336
2009-06-21,0.0759238605158468
2009-06-22,0.0749301869884913
2009-06-23,0.0739340727230145
2009-06-24,0.0732847041686485
2009-06-25,0.072814307723051
2009-06-26,0.0721282103142628
2009-06-27,0.0712250988144984
2009-06-28,0.0703402720471371
2009-06-29,0.0695201378893166
2009-06-30,0.0687683999820887
2009-07-01,0.0680760542527842
2009-07-02,0.0674995817041948
2009-07-03,0.0670188409806098
2009-07-04,0.066591068985446
2009-07-05,0.0660631361317472
2009-07-06,0.0653216833505059
2009-07-07,0.0644734558539726
2009-07-08,0.0636187474408021
2009-07-09,0.0629525153823377
2009-07-10,0.0631488655825735
2009-07-11,0.0638940688143488
2009-07-12,0.0643267770281811
2009-07-13,0.0642995400090466
2009-07-14,0.0638241134923922
2009-07-15,0.0628216294695982
2009-07-16,0.0614991618726157
2009-07-17,0.0601973529197212
2009-07-18,0.0591228385219849
2009-07-19,0.058284276532883
2009-07-20,0.0575263004890242
2009-07-21,0.0565256753567536
2009-07-22,0.0551613700798345
2009-07-23,0.0535358394028041
2009-07-24,0.051829299941307
2009-07-25,0.0502291478200639
2009-07-26,0.0488704151311817
2009-07-27,0.0478471086092354
2009-07-28,0.0471388111205309
2009-07-29,0.0467584716404762
2009-07-30,0.0465980278608539
2009-07-31,0.0467264423793858
2009-08-01,0.0472695131368303
2009-08-02,0.0481595689488631
2009-08-03,0.049187534614473
2009-08-04,0.0502534712272422
2009-08-05,0.0513304247973548
2009-08-06,0.0522498311193981
2009-08-07,0.0526803400788123
2009-08-08,0.0524198980976316
2009-08-09,0.0516416721703227
2009-08-10,0.0506420765546076
2009-08-11,0.0497557882985157
2009-08-12,0.0493937409190357
2009-08-13,0.049921541208674
2009-08-14,0.0513604034691697
2009-08-15,0.0534277737901892
2009-08-16,0.0556916673739693
2009-08-17,0.0574551423222384
2009-08-18,0.0584528926586772
2009-08-19,0.0588138354087367
2009-08-20,0.0587479706616171
2009-08-21,0.0585325441790481
2009-08-22,0.0586231817169961
2009-08-23,0.0593694741473714
2009-08-24,0.060349935255472
2009-08-25,0.0606943070283011
2009-08-26,0.0601445472596694
2009-08-27,0.059076456571821
2009-08-28,0.0578948484309279
2009-08-29,0.056716575666323
2009-08-30,0.0555341691678998
2009-08-31,0.0542942613327399
2009-09-01,0.0529079851000567
2009-09-02,0.0513521160258576
2009-09-03,0.0497196475711181
2009-09-04,0.0481763672472388
2009-09-05,0.0469516638966499
2009-09-06,0.0461509634822727
2009-09-07,0.0458589331865939
2009-09-08,0.0461557332874106
2009-09-09,0.0468650672058189
2009-09-10,0.0478759261580073
2009-09-11,0.0491903750886691
2009-09-12,0.0505746680460391
2009-09-13,0.0517137478369224
2009-09-14,0.0525670090884848
2009-09-15,0.0531265099321416
2009-09-16,0.0531086846954335
2009-09-17,0.0523995670082661
2009-09-18,0.0512321536548926
2009-09-19,0.04983214531427
2009-09-20,0.0483358561975485
2009-09-21,0.0467568283698579
2009-09-22,0.0451626212386897
2009-09-23,0.043676834731325
2009-09-24,0.0424957226486602
2009-09-25,0.0417225267808796
2009-09-26,0.041432295189577
2009-09-27,0.0416114144143573
2009-09-28,0.0420510756190637
2009-09-29,0.0424610851302033
2009-09-30,0.0426314153968283
2009-10-01,0.0425620952933911
2009-10-02,0.0424081954010789
2009-10-03,0.0422750048271422
2009-10-04,0.0421508172955016
2009-10-05,0.0419434699288827
2009-10-06,0.0415909124421584
2009-10-07,0.041090103297437
2009-10-08,0.0404172293176917
2009-10-09,0.0395844115207772
2009-10-10,0.0386629002136479
2009-10-11,0.0377425620333842
2009-10-12,0.036854378814284
2009-10-13,0.0360205007252647
2009-10-14,0.0352093952843648
2009-10-15,0.0343681066254176
2009-10-16,0.0334766233878933
2009-10-17,0.0325563727310959
2009-10-18,0.0316459354065122
2009-10-19,0.0307817141000201
2009-10-20,0.0299506961088266
2009-10-21,0.0291584865204793
2009-10-22,0.028434411413406
2009-10-23,0.0277783162455674
2009-10-24,0.027217577907388
2009-10-25,0.0266887531588139
2009-10-26,0.0261211678357593
2009-10-27,0.0255451555267178
2009-10-28,0.0250717394405022
2009-10-29,0.0247980259594943
2009-10-30,0.0247037947233386
2009-10-31,0.024736207519193
2009-11-01,0.0248510524135671
2009-11-02,0.0249894947470595
2009-11-03,0.025103267601011
2009-11-04,0.0251603942939442
2009-11-05,0.0251895233930783
2009-11-06,0.0251738910619707
2009-11-07,0.0250785305736554
2009-11-08,0.0248167573467652
2009-11-09,0.0243893847496391
2009-11-10,0.0238738419481878
2009-11-11,0.0233441022990968
2009-11-12,0.0228512608733776
2009-11-13,0.0224581906807264
2009-11-14,0.0221803749008127
2009-11-15,0.0219348705441594
2009-11-16,0.0216775938070635
2009-11-17,0.0214379442492221
2009-11-18,0.0212529374479507
2009-11-19,0.0211090096589965
2009-11-20,0.0209779048047319
2009-11-21,0.0208510874544024
2009-11-22,0.0207336258447923
2009-11-23,0.0206305055804507
2009-11-24,0.0205287931099596
2009-11-25,0.0203976344265798
2009-11-26,0.0202202438751618
2009-11-27,0.0200236981524013
2009-11-28,0.0198713884767784
2009-11-29,0.0197742739389278
2009-11-30,0.0196369874561039
2009-12-01,0.0193973250023115
2009-12-02,0.0190831037934337
2009-12-03,0.0187330506417495
2009-12-04,0.0183675219870283
2009-12-05,0.0179963480644782
2009-12-06,0.0176264334895313
2009-12-07,0.0172644518290711
2009-12-08,0.0169160252912065
2009-12-09,0.016586409197449
2009-12-10,0.0162806413390056
2009-12-11,0.01600257417308
2009-12-12,0.015753876755162
2009-12-13,0.01553378689862
2009-12-14,0.0153390028588955
2009-12-15,0.0151658144663656
2009-12-16,0.0150111447556278
2009-12-17,0.014872345761388
2009-12-18,0.0147478457870689
2009-12-19,0.0146363987649742
2009-12-20,0.0145362425858905
2009-12-21,0.0144450940389443
2009-12-22,0.0143601356351024
2009-12-23,0.0142792778560741
2009-12-24,0.0142009048747892
2009-12-25,0.0141239452098091
2009-12-26,0.0140478617132338
2009-12-27,0.0139729005760784
2009-12-28,0.0138999359033786
2009-12-29,0.0138295199792212
2009-12-30,0.0137620328804902
2009-12-31,0.0136976917730226
2010-01-01,0.0136364691639463
2010-01-02,0.01357831084957
2010-01-03,0.0135229579190465
2010-01-04,0.0134698818522203
2010-01-05,0.0134186296446277
2010-01-06,0.0133687656606949
2010-01-07,0.0133202389348456
2010-01-08,0.0132727053945567
2010-01-09,0.0132258443632908
2010-01-10,0.0131794545339522
2010-01-11,0.0131334758871702
2010-01-12,0.013089404869738
2010-01-13,0.0130468630633357
2010-01-14,0.0130043894809242
2010-01-15,0.0129615404312558
2010-01-16,0.0129184953468364
2010-01-17,0.0128757287450038
2010-01-18,0.0128331183051742
2010-01-19,0.0127910191146501
2010-01-20,0.0127497275505882
2010-01-21,0.0127082781153044
2010-01-22,0.0126654296642406
2010-01-23,0.0126217624079005
2010-01-24,0.0125778590182448
2010-01-25,0.0125324772608574
2010-01-26,0.0124848395339956
2010-01-27,0.0124351664873847
2010-01-28,0.012382773774319
2010-01-29,0.0123277182370801
2010-01-30,0.0122706959514814
2010-01-31,0.0122118918972989
2010-02-01,0.0121511791911916
2010-02-02,0.0120888387682701
2010-02-03,0.0120256918223518
2010-02-04,0.0119624540263042
2010-02-05,0.0118994758290787
2010-02-06,0.0118370266972031
2010-02-07,0.0117754110256429
2010-02-08,0.0117149307590399
2010-02-09,0.0116556324108018
2010-02-10,0.0115971437479587
2010-02-11,0.0115395293631438
2010-02-12,0.0114828676141058
2010-02-13,0.0114262660254924
2010-02-14,0.0113701837265314
2010-02-15,0.0113141776851951
2010-02-16,0.0112581074074413
2010-02-17,0.0112022640084866
2010-02-18,0.011146926299056
2010-02-19,0.0110913606763904
2010-02-20,0.0110365168403739
2010-02-21,0.0109826620443729
2010-02-22,0.0109287722505081
2010-02-23,0.0108757067352074
2010-02-24,0.0108243152417076
2010-02-25,0.0107740123713458
2010-02-26,0.0107240590197721
2010-02-27,0.0106746420559907
2010-02-28,0.0106254983422771
2010-03-01,0.0105768755709479
2010-03-02,0.0105280470297905
2010-03-03,0.0104800822219162
2010-03-04,0.0104357525416691
2010-03-05,0.0103969550051656
2010-03-06,0.0103672623112903
2010-03-07,0.0103510948600559
2010-03-08,0.0103306263663203
2010-03-09,0.0102988164499023
2010-03-10,0.0102731681647228
2010-03-11,0.0102516106800419
2010-03-12,0.0102155761555529
2010-03-13,0.0101571795997686
2010-03-14,0.0100843698822349
2010-03-15,0.0100076631625914
2010-03-16,0.00993461858984589
2010-03-17,0.00986903536625208
2010-03-18,0.0098161630274771
2010-03-19,0.0097837079219512
2010-03-20,0.0097638173152389
2010-03-21,0.00973884408966935
2010-03-22,0.00970278985229852
2010-03-23,0.00965671438440468
2010-03-24,0.00960590177336725
2010-03-25,0.00955093983075295
2010-03-26,0.00949478779058912
2010-03-27,0.00943817705139287
2010-03-28,0.00938070500685683
2010-03-29,0.0093286116339489
2010-03-30,0.00928548949762624
2010-03-31,0.00926492852496732
2010-04-01,0.00929153610094327
2010-04-02,0.00934254552413246
2010-04-03,0.00938264823210636
2010-04-04,0.00939881020713608
2010-04-05,0.00938705252947211
2010-04-06,0.00935546523864858
2010-04-07,0.00932050409761525
2010-04-08,0.00928202294878619
2010-04-09,0.00924124032605994
2010-04-10,0.00921315820889018
2010-04-11,0.00920171975914883
2010-04-12,0.00919668554481526
2010-04-13,0.00919143601668555
2010-04-14,0.00918219920254507
2010-04-15,0.00916870815279283
2010-04-16,0.00915180931047205
2010-04-17,0.00913677376873339
2010-04-18,0.00914170510022056
2010-04-19,0.00920105507146201
2010-04-20,0.00936806043504923
2010-04-21,0.00967357093887206
2010-04-22,0.0101671978035498
2010-04-23,0.0108445204201343
2010-04-24,0.0117930554763196
2010-04-25,0.0129552384537192
2010-04-26,0.0142081388941363
2010-04-27,0.0156002620731209
2010-04-28,0.0172228707773324
2010-04-29,0.0191577431788733
2010-04-30,0.0216289826567404
2010-05-01,0.0251892668203062
2010-05-02,0.0299842724622891
2010-05-03,0.0358582876245709
2010-05-04,0.0426088937347941
2010-05-05,0.0499216864542032
2010-05-06,0.0571331787377977
2010-05-07,0.0640712680295631
2010-05-08,0.0711820959148314
2010-05-09,0.07841961175807
2010-05-10,0.084606925522774
2010-05-11,0.0885398419538421
2010-05-12,0.0902070234136302
2010-05-13,0.0908245778681078
2010-05-14,0.0915849870615362
2010-05-15,0.0933536943298978
2010-05-16,0.0962109996973473
2010-05-17,0.0990562977552915
2010-05-18,0.100694408040954
2010-05-19,0.10081285920566
2010-05-20,0.099775066906191
2010-05-21,0.0980781024119997
2010-05-22,0.0960994144718388
2010-05-23,0.0942189239868702
2010-05-24,0.09298610491179
2010-05-25,0.0921549408438689
2010-05-26,0.0912163187202456
2010-05-27,0.0901434560406057
2010-05-28,0.0889491206125433
2010-05-29,0.0875987002606275
2010-05-30,0.0862404182008173
2010-05-31,0.0849228406545622
2010-06-01,0.0837066718491631
2010-06-02,0.0825863421496624
2010-06-03,0.0814585000835238
2010-06-04,0.0803203074023323
2010-06-05,0.0796950313447268
2010-06-06,0.0794999574649985
2010-06-07,0.0793105228627864
2010-06-08,0.0786944342046725
2010-06-09,0.0777314054908547
2010-06-10,0.0766695850901439
2010-06-11,0.0755435046332439
2010-06-12,0.0743042593683343
2010-06-13,0.0729959751175247
2010-06-14,0.0718892844101559
2010-06-15,0.0710681853905888
2010-06-16,0.070356571368258
2010-06-17,0.0698173841822902
2010-06-18,0.0695901183120484
2010-06-19,0.0693634111128917
2010-06-20,0.0687819238304691
2010-06-21,0.0679479050909695
2010-06-22,0.067118225915115
2010-06-23,0.0663648446662256
2010-06-24,0.0656839433508623
2010-06-25,0.0650426749563709
2010-06-26,0.0643335041864658
2010-06-27,0.0635551696181708
2010-06-28,0.0628711449332945
2010-06-29,0.0622512111276638
2010-06-30,0.0616206591746751
2010-07-01,0.0611845052031573
2010-07-02,0.0613199146792402
2010-07-03,0.0625002303254901
2010-07-04,0.0646095389883657
2010-07-05,0.0667289669446809
2010-07-06,0.067923259862422
2010-07-07,0.0679400828976248
2010-07-08,0.0672112914325589
2010-07-09,0.0662232077348844
2010-07-10,0.0652233686496748
2010-07-11,0.0642310258465628
2010-07-12,0.0631028324461027
2010-07-13,0.0617563127233376
2010-07-14,0.060253375546807
2010-07-15,0.0586768172365565
2010-07-16,0.0571936706921232
2010-07-17,0.0559253061137275
2010-07-18,0.0548211810289541
2010-07-19,0.0539380495647455
2010-07-20,0.0534208502238958
2010-07-21,0.0529646775446756
2010-07-22,0.0522409392609573
2010-07-23,0.0512563722930583
2010-07-24,0.0502297286948413
2010-07-25,0.0492971225294695
2010-07-26,0.0486187958232303
2010-07-27,0.048304891356034
2010-07-28,0.0485251223826126
2010-07-29,0.0492429746020124
2010-07-30,0.0500354851322939
2010-07-31,0.0506155924301282
2010-08-01,0.0510522276566979
2010-08-02,0.0514354950944795
2010-08-03,0.0518830573517172
2010-08-04,0.0526538378716739
2010-08-05,0.0538344576485117
2010-08-06,0.0549397837285491
2010-08-07,0.0552502508956067
2010-08-08,0.0546521885695736
2010-08-09,0.0536028646066673
2010-08-10,0.052549859823968
2010-08-11,0.051710346947271
2010-08-12,0.0510347260927131
2010-08-13,0.0504908357868164
2010-08-14,0.0499337848071817
2010-08-15,0.049268353996092
2010-08-16,0.048585012290587
2010-08-17,0.04802001181469
2010-08-18,0.0476241233167511
2010-08-19,0.0473993245085072
2010-08-20,0.0472452652046701
2010-08-21,0.0471343925525526
2010-08-22,0.0470872720250541
2010-08-23,0.0472145194593265
2010-08-24,0.0478684471285072
2010-08-25,0.0490616801060796
2010-08-26,0.050163878697096
2010-08-27,0.0502939217825483
2010-08-28,0.0493252712906013
2010-08-29,0.0479115396603151
2010-08-30,0.0466841783384761
2010-08-31,0.0460783035457069
2010-09-01,0.0461457762474344
2010-09-02,0.0464367613317259
2010-09-03,0.0465062376272079
2010-09-04,0.0462707293610764
2010-09-05,0.0458919188226135
2010-09-06,0.045510056103932
2010-09-07,0.0451447650952384
2010-09-08,0.0448590447758362
2010-09-09,0.0447054706718244
2010-09-10,0.044628754072381
2010-09-11,0.044517534697741
2010-09-12,0.0442457764408758
2010-09-13,0.043708139041611
2010-09-14,0.0429038619017068
2010-09-15,0.04191936137074
2010-09-16,0.0409041928221471
2010-09-17,0.0399726117251984
2010-09-18,0.0391718997102715
2010-09-19,0.0385552677601151
2010-09-20,0.0381876345676098
2010-09-21,0.0380798849234229
2010-09-22,0.0381192159963807
2010-09-23,0.0380644745594833
2010-09-24,0.0377777551916798
2010-09-25,0.0373922238391475
2010-09-26,0.0370671776516727
2010-09-27,0.0368030742371781
2010-09-28,0.0365802829621254
2010-09-29,0.0363812780605709
2010-09-30,0.0361130396034346
2010-10-01,0.0357586925845214
2010-10-02,0.0354701097846029
2010-10-03,0.0352233557191762
2010-10-04,0.0349944413150447
2010-10-05,0.0347986004073215
2010-10-06,0.0347170007627085
2010-10-07,0.0347139771693552
2010-10-08,0.0346683963169449
2010-10-09,0.0343914293105375
2010-10-10,0.0338557853812552
2010-10-11,0.0331633401399821
2010-10-12,0.0324651431456311
2010-10-13,0.0318468627402388
2010-10-14,0.031317365988047
2010-10-15,0.0308062428510528
2010-10-16,0.0302164252964941
2010-10-17,0.0295289389236619
2010-10-18,0.0288002824969141
2010-10-19,0.0280790169198794
2010-10-20,0.0273922738638796
2010-10-21,0.026748541156277
2010-10-22,0.0261458690464613
2010-10-23,0.0255885208468961
2010-10-24,0.0250769482097922
2010-10-25,0.0246001413589874
2010-10-26,0.0241470580320409
2010-10-27,0.0237181246108084
2010-10-28,0.0233278437348223
2010-10-29,0.0229888002486355
2010-10-30,0.0226980677587839
2010-10-31,0.0224334532539174
2010-11-01,0.0221723984550277
2010-11-02,0.0219028786966784
2010-11-03,0.0216317938714882
2010-11-04,0.0213735759575949
2010-11-05,0.0211230491182327
2010-11-06,0.0208899127085154
2010-11-07,0.0206905604858159
2010-11-08,0.0205149815944089
2010-11-09,0.0203403966298899
2010-11-10,0.0201655016678522
2010-11-11,0.0199980548096223
2010-11-12,0.0198421469626364
2010-11-13,0.019694469649427
2010-11-14,0.0195518903776686
2010-11-15,0.0194378621440652
2010-11-16,0.0193695158611302
2010-11-17,0.019336279061442
2010-11-18,0.019352591871551
2010-11-19,0.0194054606118479
2010-11-20,0.0194752480861556
2010-11-21,0.0195533694601282
2010-11-22,0.0196245198402007
2010-11-23,0.0196620876575006
2010-11-24,0.0196376770129722
2010-11-25,0.0195657503497593
2010-11-26,0.0194774601393498
2010-11-27,0.0194024665200116
2010-11-28,0.0193505705554185
2010-11-29,0.0193141346508137
2010-11-30,0.0192804761253167
2010-12-01,0.0192358980827875
2010-12-02,0.0191722734156949
2010-12-03,0.0190870923683758
2010-12-04,0.0189776635127952
2010-12-05,0.0188403281774078
2010-12-06,0.0186712115017391
2010-12-07,0.0184649244867162
2010-12-08,0.0182159987517692
2010-12-09,0.0179263263049704
2010-12-10,0.0176079386549849
2010-12-11,0.0172782055317615
2010-12-12,0.0169529368500193
2010-12-13,0.0166424506629895
2010-12-14,0.0163510805527394
2010-12-15,0.0160801446966651
2010-12-16,0.0158278282063548
2010-12-17,0.0155912460714598
2010-12-18,0.015367938034882
2010-12-19,0.0151556992851132
2010-12-20,0.0149527922607772
2010-12-21,0.0147585739151517
2010-12-22,0.0145729082868378
2010-12-23,0.0143953054888261
2010-12-24,0.0142255041635897
2010-12-25,0.0140634616639345
2010-12-26,0.0139090445036389
2010-12-27,0.0137625152739788
2010-12-28,0.0136237434116068
2010-12-29,0.013492352094187
2010-12-30,0.0133675459654533
2010-12-31,0.0132484849134884
2011-01-01,0.0131347225522915
2011-01-02,0.0130259078277767
2011-01-03,0.0129219614871105
2011-01-04,0.0128225125775591
2011-01-05,0.0127275665813061
2011-01-06,0.0126371012325715
2011-01-07,0.0125503171399206
2011-01-08,0.0124668961774
2011-01-09,0.0123864500722828
2011-01-10,0.0123086436497378
2011-01-11,0.0122335877667344
2011-01-12,0.0121609759775303
2011-01-13,0.0120900593523498
2011-01-14,0.0120206522342345
2011-01-15,0.0119524973200534
2011-01-16,0.0118858528046362
2011-01-17,0.0118211040408197
2011-01-18,0.0117578008486644
2011-01-19,0.0116956744394942
2011-01-20,0.0116347359263593
2011-01-21,0.0115749399535388
2011-01-22,0.0115162017931349
2011-01-23,0.0114581780163117
2011-01-24,0.0114010438110718
2011-01-25,0.011345239879472
2011-01-26,0.0112907296428063
2011-01-27,0.0112388467900582
2011-01-28,0.0111897031750091
2011-01-29,0.011142752785154
2011-01-30,0.0111133804606532
2011-01-31,0.0111072025211992
2011-02-01,0.0111082969377715
2011-02-02,0.0110957413908034
2011-02-03,0.0110612982372307
2011-02-04,0.0110094144043007
2011-02-05,0.0109506292551794
2011-02-06,0.0108956006261317
2011-02-07,0.010861571961254
2011-02-08,0.0108493988842228
2011-02-09,0.0108341356118953
2011-02-10,0.0107956194947247
2011-02-11,0.0107377267568553
2011-02-12,0.0106707202457125
2011-02-13,0.0106008855992778
2011-02-14,0.0105341318494648
2011-02-15,0.0104771994430379
2011-02-16,0.0104313260761795
2011-02-17,0.0103899948479116
2011-02-18,0.0103460260846626
2011-02-19,0.0102968152711045
2011-02-20,0.0102441035683415
2011-02-21,0.0101903827375287
2011-02-22,0.0101380122107261
2011-02-23,0.0100876430592239
2011-02-24,0.0100381786953564
2011-02-25,0.00998991866875066
2011-02-26,0.00994259617850464
2011-02-27,0.00989546543977363
2011-02-28,0.00984897109018052
2011-03-01,0.00980366826313677
2011-03-02,0.00975883047502561
2011-03-03,0.00971391559786413
2011-03-04,0.00966957511483773
2011-03-05,0.00962601463393692
2011-03-06,0.00958292991381432
2011-03-07,0.00953991024308382
2011-03-08,0.00949672938150109
2011-03-09,0.00945472597629475
2011-03-10,0.00941356880434654
2011-03-11,0.00937253302828249
2011-03-12,0.00933208243468168
2011-03-13,0.00929051335322295
2011-03-14,0.00924862460442722
2011-03-15,0.00920869189032628
2011-03-16,0.00916703740111948
2011-03-17,0.00912491482041221
2011-03-18,0.00908456468070733
2011-03-19,0.00904660507046973
2011-03-20,0.00901087700232902
2011-03-21,0.00897282201335534
2011-03-22,0.00893191312825378
2011-03-23,0.00889061749648227
2011-03-24,0.00885008213419878
2011-03-25,0.00880930742208817
2011-03-26,0.0087825542704649
2011-03-27,0.00878472661455973
2011-03-28,0.00882477950386562
2011-03-29,0.00891785132707936
2011-03-30,0.00905134568977889
2011-03-31,0.00920390168977096
2011-04-01,0.00935771099470841
2011-04-02,0.00951342550793361
2011-04-03,0.00968757254795898
2011-04-04,0.00986368091740673
2011-04-05,0.0100207223322716
2011-04-06,0.0101437837090187
2011-04-07,0.0102467301710907
2011-04-08,0.010364572289309
2011-04-09,0.0105099756005869
2011-04-10,0.0107044650653652
2011-04-11,0.0109785143509505
2011-04-12,0.0114124839858081
2011-04-13,0.0121046780772132
2011-04-14,0.0130223976666793
2011-04-15,0.0141618033686796
2011-04-16,0.0156342443469837
2011-04-17,0.0175705365675425
2011-04-18,0.0198537431565247
2011-04-19,0.0225711693882573
2011-04-20,0.0261459553421283
2011-04-21,0.0308719148665582
2011-04-22,0.0366962807372761
2011-04-23,0.0431800083198273
2011-04-24,0.049886802481298
2011-04-25,0.0566563951481643
2011-04-26,0.0631693331200308
2011-04-27,0.0690306769420962
2011-04-28,0.0736089153875277
2011-04-29,0.0766400878416787
2011-04-30,0.078856885605851
2011-05-01,0.0806346420551876
2011-05-02,0.081729818951232
2011-05-03,0.0820279130434842
2011-05-04,0.0816986324081537
2011-05-05,0.0808642684366019
2011-05-06,0.0796353618542354
2011-05-07,0.0781784064875838
2011-05-08,0.0765791436649079
2011-05-09,0.0748454818201665
2011-05-10,0.0730358386200838
2011-05-11,0.071340245580844
2011-05-12,0.0698537521314341
2011-05-13,0.068512904459047
2011-05-14,0.0673852203590247
2011-05-15,0.066402423466073
2011-05-16,0.0651550583297976
2011-05-17,0.0637518545225478
2011-05-18,0.0626408804470094
2011-05-19,0.0620427386747579
2011-05-20,0.0619640595632977
2011-05-21,0.0618065369447904
2011-05-22,0.0613273920896481
2011-05-23,0.0606837922370328
2011-05-24,0.0600353297703813
2011-05-25,0.0594676137888816
2011-05-26,0.0590757696018376
2011-05-27,0.0585032779629647
2011-05-28,0.0578650372215783
2011-05-29,0.0575575916624931
2011-05-30,0.0576299809364015
2011-05-31,0.0577430056897735
2011-06-01,0.0576865022748377
2011-06-02,0.0574814870000897
2011-06-03,0.0571445863181393
2011-06-04,0.0567029378449597
2011-06-05,0.0563265778976176
2011-06-06,0.0561824267750672
2011-06-07,0.0562617115234495
2011-06-08,0.0563509112991381
2011-06-09,0.0562822930040998
2011-06-10,0.0558047976296682
2011-06-11,0.054805112306949
2011-06-12,0.0535951964154348
2011-06-13,0.0525451218735859
2011-06-14,0.0516737790384523
2011-06-15,0.0508858746550886
2011-06-16,0.0501227511962633
2011-06-17,0.0494953735312411
2011-06-18,0.0490298036162711
2011-06-19,0.0487321031983636
2011-06-20,0.0485767200832167
2011-06-21,0.0483628993702608
2011-06-22,0.0481100955396297
2011-06-23,0.0478466752065715
2011-06-24,0.0474540680480903
2011-06-25,0.0469843054442972
2011-06-26,0.046699727385337
2011-06-27,0.0470095391333883
2011-06-28,0.0476482946338779
2011-06-29,0.0476203028060828
2011-06-30,0.0468373224662823
2011-07-01,0.0458238974281616
2011-07-02,0.0450309376206368
2011-07-03,0.0445948683077592
2011-07-04,0.0446735940504985
2011-07-05,0.0452706698502618
2011-07-06,0.0458253098959861
2011-07-07,0.0458814284033352
2011-07-08,0.0453981281107535
2011-07-09,0.0446809457815564
2011-07-10,0.0444624101481646
2011-07-11,0.0460033772659808
2011-07-12,0.0475906948054656
2011-07-13,0.0474076778508853
2011-07-14,0.0465309914490693
2011-07-15,0.0458822730031291
2011-07-16,0.0455485049637093
2011-07-17,0.0454190843877097
2011-07-18,0.045372963196384
2011-07-19,0.0453534476615243
2011-07-20,0.0453637993436726
2011-07-21,0.045407280198895
2011-07-22,0.0455177798447662
2011-07-23,0.0458267780924202
2011-07-24,0.0464101195580597
2011-07-25,0.0474429360385207
2011-07-26,0.0490524499152519
2011-07-27,0.0508978288997036
2011-07-28,0.0523015061465005
2011-07-29,0.0530440562910255
2011-07-30,0.0531409325607345
2011-07-31,0.0527450399177944
2011-08-01,0.0523644080422135
2011-08-02,0.0523037247432091
2011-08-03,0.0523285763379102
2011-08-04,0.0520989424323201
2011-08-05,0.0517949438417679
2011-08-06,0.0518148814620545
2011-08-07,0.0521625486700731
2011-08-08,0.0522056200520222
2011-08-09,0.0515517521583532
2011-08-10,0.050551658667398
2011-08-11,0.0497661861863753
2011-08-12,0.0492017727402369
2011-08-13,0.0492178872545606
2011-08-14,0.049627988891596
2011-08-15,0.0499310395126173
2011-08-16,0.0499788620745395
2011-08-17,0.0498729676466122
2011-08-18,0.0496265441923576
2011-08-19,0.0492272848262508
2011-08-20,0.0485950503928723
2011-08-21,0.047720287334658
2011-08-22,0.0467019601531869
2011-08-23,0.0456464519894731
2011-08-24,0.0446167521838835
2011-08-25,0.0436046124368302
2011-08-26,0.0427200332055398
2011-08-27,0.0420515787155696
2011-08-28,0.0415696985655488
2011-08-29,0.041253402051997
2011-08-30,0.041137845998641
2011-08-31,0.0412712446459377
2011-09-01,0.0417652308395109
2011-09-02,0.0425566019840978
2011-09-03,0.043470286619243
2011-09-04,0.0444158126797967
2011-09-05,0.0452490948194753
2011-09-06,0.0458100707658993
2011-09-07,0.0461691170896333
2011-09-08,0.0464703741914328
2011-09-09,0.0466904268469511
2011-09-10,0.0466978596381532
2011-09-11,0.0464688681298489
2011-09-12,0.0461356059958414
2011-09-13,0.045787352348934
2011-09-14,0.0453184278555576
2011-09-15,0.0445865292894205
2011-09-16,0.0435759815702327
2011-09-17,0.0424744366330142
2011-09-18,0.0414766435792427
2011-09-19,0.0406191894872962
2011-09-20,0.0398554822946034
2011-09-21,0.0391130764717944
2011-09-22,0.0383019703818108
2011-09-23,0.0374450485874408
2011-09-24,0.0366630674718583
2011-09-25,0.0359692269395006
2011-09-26,0.0352596454420291
2011-09-27,0.034510803885369
2011-09-28,0.033711233744024
2011-09-29,0.032799517242019
2011-09-30,0.0317588253610685
2011-10-01,0.0306730705292597
2011-10-02,0.0296038866233862
2011-10-03,0.0285718365796967
2011-10-04,0.0276347218974384
2011-10-05,0.0268483540736561
2011-10-06,0.0262339421165274
2011-10-07,0.0257758935837215
2011-10-08,0.0254424568331494
2011-10-09,0.0251940721886108
2011-10-10,0.0250338127665703
2011-10-11,0.0250765192367862
2011-10-12,0.0254500304438897
2011-10-13,0.0261621441275205
2011-10-14,0.0270994674184862
2011-10-15,0.0280541102759355
2011-10-16,0.0288644391886599
2011-10-17,0.029401862846964
2011-10-18,0.0296214929715361
2011-10-19,0.0296097702361619
2011-10-20,0.0294924359359013
2011-10-21,0.0293599719904406
2011-10-22,0.0291312598620414
2011-10-23,0.0287191541966769
2011-10-24,0.0281519936974845
2011-10-25,0.0274825763649709
2011-10-26,0.0267623514789329
2011-10-27,0.0260309384280652
2011-10-28,0.0253177457217158
2011-10-29,0.0246286081644108
2011-10-30,0.0239420541957506
2011-10-31,0.023273821556587
2011-11-01,0.0226431855286935
2011-11-02,0.0220521340748375
2011-11-03,0.0215013061980209
2011-11-04,0.0209774033563095
2011-11-05,0.0204755683871263
2011-11-06,0.0200067745652578
2011-11-07,0.0195920503776751
2011-11-08,0.0192434369894586
2011-11-09,0.0189412856847028
2011-11-10,0.0186765386123289
2011-11-11,0.0184522660373748
2011-11-12,0.0182493078039418
2011-11-13,0.0180520782676648
2011-11-14,0.017867241309443
2011-11-15,0.017704659576025
2011-11-16,0.0175527307712956
2011-11-17,0.0173986190173312
2011-11-18,0.0172390074235713
2011-11-19,0.0170752133037913
2011-11-20,0.0169101296142314
2011-11-21,0.0167397583276252
2011-11-22,0.0165584341095715
2011-11-23,0.0163656991757881
2011-11-24,0.0161665174778199
2011-11-25,0.0159651721748877
2011-11-26,0.0157629986565209
2011-11-27,0.0155606528735267
2011-11-28,0.0153642356290796
2011-11-29,0.0151707618962596
2011-11-30,0.0149799970149557
2011-12-01,0.0148003515270784
2011-12-02,0.0146355394892616
2011-12-03,0.0144761684450092
2011-12-04,0.0143184745496729
2011-12-05,0.0141646826153044
2011-12-06,0.0140105354623747
2011-12-07,0.0138537396596994
2011-12-08,0.0136972656182744
2011-12-09,0.0135458400108268
2011-12-10,0.0134027952183591
2011-12-11,0.0132678391299854
2011-12-12,0.0131383929513297
2011-12-13,0.0130143860112444
2011-12-14,0.0128965737997547
2011-12-15,0.0127846213936427
2011-12-16,0.0126778576161522
2011-12-17,0.0125759494442955
2011-12-18,0.0124785598400231
2011-12-19,0.0123853572847231
2011-12-20,0.0122962651067678
2011-12-21,0.0122123126677424
2011-12-22,0.0121333185228245
2011-12-23,0.012061867956799
2011-12-24,0.0120010040811456
2011-12-25,0.0119461482611026
2011-12-26,0.0118908642588904
2011-12-27,0.0118354886293957
2011-12-28,0.0117855111951871
2011-12-29,0.0117389340805628
2011-12-30,0.0116866441926736
2011-12-31,0.0116256571113683
2012-01-01,0.0115637269864323
2012-01-02,0.0115033403390443
2012-01-03,0.011442967505772
2012-01-04,0.0113822025649689
2012-01-05,0.0113245251886701
2012-01-06,0.0112697018973994
2012-01-07,0.0112193924132424
2012-01-08,0.0111878096085809
2012-01-09,0.0111730299338603
2012-01-10,0.0111534373182398
2012-01-11,0.0111204004583462
2012-01-12,0.0110879917315048
2012-01-13,0.0110590987428363
2012-01-14,0.0110201680500058
2012-01-15,0.0109694950919008
2012-01-16,0.0109145937368854
2012-01-17,0.010858249158794
2012-01-18,0.0108003470735857
2012-01-19,0.0107420257415449
2012-01-20,0.0106849638233543
2012-01-21,0.0106301820048746
2012-01-22,0.010577585985903
2012-01-23,0.0105270745112656
2012-01-24,0.0104783254665214
2012-01-25,0.010430606294088
2012-01-26,0.0103840672294628
2012-01-27,0.0103386110960217
2012-01-28,0.0102941457885384
2012-01-29,0.0102507377789639
2012-01-30,0.0102082494235843
2012-01-31,0.010166962533864
2012-02-01,0.0101265898142823
2012-02-02,0.0100860924791313
2012-02-03,0.010045365760337
2012-02-04,0.0100046421128804
2012-02-05,0.00996418296891296
2012-02-06,0.00992428562806044
2012-02-07,0.00988431915589726
2012-02-08,0.00984408387378622
2012-02-09,0.00980443583189011
2012-02-10,0.00976586624572078
2012-02-11,0.00972789485779771
2012-02-12,0.00969053382929942
2012-02-13,0.00965338266184305
2012-02-14,0.00961655698796195
2012-02-15,0.00958058816848743
2012-02-16,0.00954529195319768
2012-02-17,0.00951040242006874
2012-02-18,0.00947570356572425
2012-02-19,0.009441228792092
2012-02-20,0.00940677865362925
2012-02-21,0.0093721749607288
2012-02-22,0.00933756357195579
2012-02-23,0.00930282426668032
2012-02-24,0.00926776025536963
2012-02-25,0.00923290222074872
2012-02-26,0.00919831501651811
2012-02-27,0.0091641960858024
2012-02-28,0.00913066070002977
2012-02-29,0.00909775643436376
2012-03-01,0.00906519621778471
2012-03-02,0.00903237249406449
2012-03-03,0.00899916344024425
2012-03-04,0.008965982669815
2012-03-05,0.00893356659319855
2012-03-06,0.00890131093759766
2012-03-07,0.00886852911094054
2012-03-08,0.00883559087960655
2012-03-09,0.00880267707069478
2012-03-10,0.00876987875402566
2012-03-11,0.00874045833776198
2012-03-12,0.00872652037089688
2012-03-13,0.00873420885523692
2012-03-14,0.00873933515353387
2012-03-15,0.00872467394916606
2012-03-16,0.00869907122615753
2012-03-17,0.00866914125476238
2012-03-18,0.00863126947859675
2012-03-19,0.00858562547539188
2012-03-20,0.00853597852523875
2012-03-21,0.00848767113212637
2012-03-22,0.0084423463350279
2012-03-23,0.00839728811338945
2012-03-24,0.00835317679844504
2012-03-25,0.00831144972874057
2012-03-26,0.00827612889537641
2012-03-27,0.00824734060743832
2012-03-28,0.00821971355264039
2012-03-29,0.00819171440386207
2012-03-30,0.00816462005883955
2012-03-31,0.00814275696058215
2012-04-01,0.008133138489369
2012-04-02,0.00814331142161928
2012-04-03,0.00818044063976294
2012-04-04,0.0082569775765988
2012-04-05,0.00842113509805275
2012-04-06,0.00864913594829097
2012-04-07,0.00898644503553834
2012-04-08,0.00942163466052928
2012-04-09,0.00986243940276923
2012-04-10,0.010315882628798
2012-04-11,0.0108685935002803
2012-04-12,0.0115045794308981
2012-04-13,0.0122491643470485
2012-04-14,0.0131966303197482
2012-04-15,0.0144829238233856
2012-04-16,0.0162349269642543
2012-04-17,0.0183436232861389
2012-04-18,0.0205932011166588
2012-04-19,0.0228603573446749
2012-04-20,0.0251657047195907
2012-04-21,0.0275724408437083
2012-04-22,0.0301688361827539
2012-04-23,0.0328401590269913
2012-04-24,0.0352608280012336
2012-04-25,0.0372103699440548
2012-04-26,0.0386763861156041
2012-04-27,0.039725258729789
2012-04-28,0.0404476943664213
2012-04-29,0.0408661011728768
2012-04-30,0.0410016250321294
2012-05-01,0.0408005580741408
2012-05-02,0.0403420963390497
2012-05-03,0.0397087550263934
2012-05-04,0.0392153815224805
2012-05-05,0.0393065333002996
2012-05-06,0.0402962233388552
2012-05-07,0.0424241703450672
2012-05-08,0.0458811918684309
2012-05-09,0.0509583688067414
2012-05-10,0.0573881692021256
2012-05-11,0.0638043197655599
2012-05-12,0.0690264011316906
2012-05-13,0.0726069596784583
2012-05-14,0.0748059364133899
2012-05-15,0.0763611508970218
2012-05-16,0.0776672520691475
2012-05-17,0.0788932755348235
2012-05-18,0.079753957344294
2012-05-19,0.0798588234375531
2012-05-20,0.0789041584784264
2012-05-21,0.0768906209910363
2012-05-22,0.0741139484718235
2012-05-23,0.0711887229888259
2012-05-24,0.0687156319173901
2012-05-25,0.06682144352978
2012-05-26,0.065705961301644
2012-05-27,0.0656792730203686
2012-05-28,0.0663605585709712
2012-05-29,0.0674231856647573
2012-05-30,0.0681987032148101
2012-05-31,0.0682955527444775
2012-06-01,0.0678232245592126
2012-06-02,0.0669839288629284
2012-06-03,0.066154428647468
2012-06-04,0.0656854556627358
2012-06-05,0.0653737807954974
2012-06-06,0.0649532660375649
2012-06-07,0.0644137499445387
2012-06-08,0.0638841089635794
2012-06-09,0.063814370947185
2012-06-10,0.064037746928414
2012-06-11,0.063266183267299
2012-06-12,0.0612945784672637
2012-06-13,0.0589008278846838
2012-06-14,0.0567766053345022
2012-06-15,0.0550961989312175
2012-06-16,0.0537120154086095
2012-06-17,0.0525536551380332
2012-06-18,0.0515844844575072
2012-06-19,0.0507354383596749
2012-06-20,0.0500423276765181
2012-06-21,0.0494351066610567
2012-06-22,0.0486635501953385
2012-06-23,0.0475568531812679
2012-06-24,0.0462479908720944
2012-06-25,0.0451158212745377
2012-06-26,0.0443908512632412
2012-06-27,0.044040863464461
2012-06-28,0.0440481530924773
2012-06-29,0.0445089614376164
2012-06-30,0.0454991686409312
2012-07-01,0.0465818656316794
2012-07-02,0.0471765609571686
2012-07-03,0.0471144918670574
2012-07-04,0.0465511576215179
2012-07-05,0.0455581243875014
2012-07-06,0.0442607996615669
2012-07-07,0.0429747007751062
2012-07-08,0.0418064667587628
2012-07-09,0.0407277131487513
2012-07-10,0.0398885096812799
2012-07-11,0.039349320810537
2012-07-12,0.0393491848333958
2012-07-13,0.0399071964611806
2012-07-14,0.0409323815848811
2012-07-15,0.042401375340456
2012-07-16,0.0440521287779125
2012-07-17,0.0454919833210843
2012-07-18,0.0464779856147948
2012-07-19,0.046848685661671
2012-07-20,0.0466498862451767
2012-07-21,0.0462058525543648
2012-07-22,0.0459947924943678
2012-07-23,0.0463390222682152
2012-07-24,0.047607971578767
2012-07-25,0.0501645329853199
2012-07-26,0.0532103630323938
2012-07-27,0.0554864460885253
2012-07-28,0.0565262663670886
2012-07-29,0.0566246496364369
2012-07-30,0.055705466511951
2012-07-31,0.0539102866565073
2012-08-01,0.0516032263052833
2012-08-02,0.0491297184485832
2012-08-03,0.0467300933358922
2012-08-04,0.0445321345460016
2012-08-05,0.0426630514093929
2012-08-06,0.0413367430868417
2012-08-07,0.0406470261664897
2012-08-08,0.0402367640679342
2012-08-09,0.0397629859015704
2012-08-10,0.0391549216846786
2012-08-11,0.0385478461127084
2012-08-12,0.0381573323665503
2012-08-13,0.0381380824671297
2012-08-14,0.0382755577663369
2012-08-15,0.0382942375943258
2012-08-16,0.0381331322257853
2012-08-17,0.0378125809986334
2012-08-18,0.0373508983271245
2012-08-19,0.0367954805910316
2012-08-20,0.0362523217996307
2012-08-21,0.0358192634394602
2012-08-22,0.0355474304023442
2012-08-23,0.0353314147190041
2012-08-24,0.0350967026538266
2012-08-25,0.034931492133731
2012-08-26,0.0348886238987364
2012-08-27,0.0348212831391997
2012-08-28,0.0345421336079976
2012-08-29,0.0339944410012321
2012-08-30,0.0332765536925832
2012-08-31,0.0326688392164842
2012-09-01,0.0324918694025389
2012-09-02,0.0328316020895843
2012-09-03,0.033404454661472
2012-09-04,0.033888546196993
2012-09-05,0.0341438522473766
2012-09-06,0.0341290303688709
2012-09-07,0.0338785091700613
2012-09-08,0.0333576727213399
2012-09-09,0.0327198970098622
2012-09-10,0.0321479273821382
2012-09-11,0.0317920904359927
2012-09-12,0.0317238077109865
2012-09-13,0.0318733899495411
2012-09-14,0.0321549385951192
2012-09-15,0.0324462660139875
2012-09-16,0.0324723399147237
2012-09-17,0.0320954869371266
2012-09-18,0.0313786074696469
2012-09-19,0.0304860108333168
2012-09-20,0.0296155777317563
2012-09-21,0.0289231793822613
2012-09-22,0.0284976160702293
2012-09-23,0.0283111594645701
2012-09-24,0.0282224957983096
2012-09-25,0.0281619188855305
2012-09-26,0.0281400465447385
2012-09-27,0.0282377497898258
2012-09-28,0.0284811547886787
2012-09-29,0.0289017191292061
2012-09-30,0.0295408888110839
2012-10-01,0.0304258532260965
2012-10-02,0.0314254582260246
2012-10-03,0.0322789091045583
2012-10-04,0.0327589032928045
2012-10-05,0.0328021884626397
2012-10-06,0.0325095552523753
2012-10-07,0.0319567528667494
2012-10-08,0.031198473293038
2012-10-09,0.0303535441280098
2012-10-10,0.0295697879174583
2012-10-11,0.0289110089027719
2012-10-12,0.0283803944695206
2012-10-13,0.0278931180851957
2012-10-14,0.0273801115692714
2012-10-15,0.0268190323477238
2012-10-16,0.0262009393435605
2012-10-17,0.0255682184718177
2012-10-18,0.0249456176949132
2012-10-19,0.0243064502813408
2012-10-20,0.0236318413136974
2012-10-21,0.0229393207417327
2012-10-22,0.0222920681005862
2012-10-23,0.0217170569358385
2012-10-24,0.0212107664003694
2012-10-25,0.0207179659526134
2012-10-26,0.0202613998986038
2012-10-27,0.0198545170960703
2012-10-28,0.0195023481311536
2012-10-29,0.0192079273465115
2012-10-30,0.0189931109062256
2012-10-31,0.0189336255901919
2012-11-01,0.0190377373644554
2012-11-02,0.0192276182360476
2012-11-03,0.0194206623202221
2012-11-04,0.0195724255529926
2012-11-05,0.0197019181069863
2012-11-06,0.0198237106914239
2012-11-07,0.0199353332386596
2012-11-08,0.0200718559561097
2012-11-09,0.0202258362310959
2012-11-10,0.0202355377381619
2012-11-11,0.0199715248161699
2012-11-12,0.0195046714007703
2012-11-13,0.0189725218016354
2012-11-14,0.0184543075368768
2012-11-15,0.0179850924157939
2012-11-16,0.0175928490434244
2012-11-17,0.0172827595078299
2012-11-18,0.0170137031233032
2012-11-19,0.016736635656531
2012-11-20,0.0164417142995224
2012-11-21,0.016143816573591
2012-11-22,0.0158565602146003
2012-11-23,0.0155838399205928
2012-11-24,0.0153257004081914
2012-11-25,0.0150808977796117
2012-11-26,0.0148481000377474
2012-11-27,0.0146272307832069
2012-11-28,0.0144190613654362
2012-11-29,0.0142240358854536
2012-11-30,0.0140423284130742
2012-12-01,0.013874329398492
2012-12-02,0.013719877913991
2012-12-03,0.0135761032337785
2012-12-04,0.0134385285427122
2012-12-05,0.0133043412412864
2012-12-06,0.0131719914886037
2012-12-07,0.0130412070895464
2012-12-08,0.0129124460260036
2012-12-09,0.0127867933936157
2012-12-10,0.0126649143337281
2012-12-11,0.0125469514484767
2012-12-12,0.01243262354149
2012-12-13,0.0123217216396917
2012-12-14,0.0122139292449435
2012-12-15,0.0121095494074333
2012-12-16,0.012008866380803
2012-12-17,0.0119120532258949
2012-12-18,0.0118192009784784
2012-12-19,0.0117300549574854
2012-12-20,0.0116441569591019
2012-12-21,0.0115619251883384
2012-12-22,0.0114833197900127
2012-12-23,0.0114076250431926
2012-12-24,0.0113346184979484
2012-12-25,0.011264169522388
2012-12-26,0.0111957179560174
2012-12-27,0.0111289544002569
2012-12-28,0.0110636067479282
2012-12-29,0.0109992374015261
2012-12-30,0.0109360519187135
2012-12-31,0.0108739874087331
2013-01-01,0.010812639520514
2013-01-02,0.0107518112442023
2013-01-03,0.0106916663364284
2013-01-04,0.0106321838852666
2013-01-05,0.0105734784690477
2013-01-06,0.0105158685698021
2013-01-07,0.0104594408182218
2013-01-08,0.0104038421454369
2013-01-09,0.0103488997150467
2013-01-10,0.0102946709769921
2013-01-11,0.0102412382565353
2013-01-12,0.0101885223750077
2013-01-13,0.0101363837499188
2013-01-14,0.010084618834145
2013-01-15,0.0100331133801958
2013-01-16,0.00998195794906023
2013-01-17,0.00993338804200359
2013-01-18,0.00989979997630009
2013-01-19,0.00988425513342303
2013-01-20,0.00986573920821124
2013-01-21,0.00984187778799236
2013-01-22,0.00983230742804473
2013-01-23,0.0098348910028652
2013-01-24,0.00982560388830247
2013-01-25,0.00979112911275107
2013-01-26,0.0097414810505722
2013-01-27,0.00968740053519015
2013-01-28,0.00963082435765399
2013-01-29,0.00957258751166104
2013-01-30,0.00951495992206662
2013-01-31,0.0094596092070368
2013-02-01,0.00940536451478902
2013-02-02,0.00935072238755503
2013-02-03,0.00929741369308507
2013-02-04,0.00924635404369811
2013-02-05,0.00919754339241016
2013-02-06,0.00915098075151773
2013-02-07,0.00910690806335531
2013-02-08,0.00906603820080364
2013-02-09,0.00902792406796681
2013-02-10,0.00899100812740106
2013-02-11,0.00895251376584669
2013-02-12,0.00891216544368263
2013-02-13,0.00887212577567797
2013-02-14,0.00883338701512651
2013-02-15,0.00879935652844364
2013-02-16,0.00877112801654155
2013-02-17,0.00874592543495717
2013-02-18,0.00872082432620827
2013-02-19,0.00869763267467821
2013-02-20,0.00867984081888658
2013-02-21,0.00866269899978244
2013-02-22,0.00863646044758708
2013-02-23,0.00860051340331532
2013-02-24,0.00856048918659174
2013-02-25,0.00852013618193071
2013-02-26,0.00848100174684897
2013-02-27,0.00844277475438019
2013-02-28,0.00840508090487099
2013-03-01,0.00836714344150885
2013-03-02,0.00832873406351019
2013-03-03,0.008291502979709
2013-03-04,0.00825423955921968
2013-03-05,0.00821755136412518
2013-03-06,0.00818246843253611
2013-03-07,0.00814964063504437
2013-03-08,0.00811967000941742
2013-03-09,0.00808988401819774
2013-03-10,0.00805698360988221
2013-03-11,0.00802236611054631
2013-03-12,0.00798846209823317
2013-03-13,0.00795486590097476
2013-03-14,0.00792248663278243
2013-03-15,0.00789173502850114
2013-03-16,0.00786274016149753
2013-03-17,0.00783230046793302
2013-03-18,0.00780080547991244
2013-03-19,0.00776976371643602
2013-03-20,0.00773732507727974
2013-03-21,0.00770526281059254
2013-03-22,0.00767449430483094
2013-03-23,0.00764458488533178
2013-03-24,0.00761487634558742
2013-03-25,0.00758583595347459
2013-03-26,0.00755855046899233
2013-03-27,0.00753265373762411
2013-03-28,0.00750847024042651
2013-03-29,0.00748651216656157
2013-03-30,0.00746789013505619
2013-03-31,0.0074572847180601
2013-04-01,0.00746301573838696
2013-04-02,0.00748014147641162
2013-04-03,0.00751103481689931
2013-04-04,0.0075556079120581
2013-04-05,0.00762194100271552
2013-04-06,0.00771050786528996
2013-04-07,0.00778277004170678
2013-04-08,0.00782034250912821
2013-04-09,0.00783723890834177
2013-04-10,0.00787231104315438
2013-04-11,0.00798809854215422
2013-04-12,0.00820811996700049
2013-04-13,0.0085856590165111
2013-04-14,0.00911484558847262
2013-04-15,0.00972020149792558
2013-04-16,0.010349815090197
2013-04-17,0.0109146207864184
2013-04-18,0.0113665120131764
2013-04-19,0.0117377666159111
2013-04-20,0.0121848824516521
2013-04-21,0.0128559667384318
2013-04-22,0.0137282889745692
2013-04-23,0.014730049144927
2013-04-24,0.0158693157602906
2013-04-25,0.0172623354311976
2013-04-26,0.0191260832856671
2013-04-27,0.021637098913859
2013-04-28,0.025123166750672
2013-04-29,0.0294991186755417
2013-04-30,0.0344816513382205
2013-05-01,0.0401648417752943
2013-05-02,0.0469277813089273
2013-05-03,0.0547436736616865
2013-05-04,0.0634387188597342
2013-05-05,0.0728801736182719
2013-05-06,0.0824269916003912
2013-05-07,0.0914972358326555
2013-05-08,0.0994600711396878
2013-05-09,0.105078438789225
2013-05-10,0.108153284843138
2013-05-11,0.109595559965327
2013-05-12,0.109997247911362
2013-05-13,0.109689778545504
2013-05-14,0.108698829581518
2013-05-15,0.107414087099182
2013-05-16,0.106121389907917
2013-05-17,0.104759950549195
2013-05-18,0.103297031042064
2013-05-19,0.101571510534491
2013-05-20,0.0997546739503496
2013-05-21,0.098248256100213
2013-05-22,0.0968495734921444
2013-05-23,0.094972174158591
2013-05-24,0.0930877494997998
2013-05-25,0.0919977199840396
2013-05-26,0.0909605852761314
2013-05-27,0.0898951305172527
2013-05-28,0.0889909314162334
2013-05-29,0.0882257332263443
2013-05-30,0.0876042039418233
2013-05-31,0.0870247359467402
2013-06-01,0.0863238057851485
2013-06-02,0.0856250575726893
2013-06-03,0.0848206486929855
2013-06-04,0.0835952153760148
2013-06-05,0.0820553899278788
2013-06-06,0.0805471608119014
2013-06-07,0.0793391535176326
2013-06-08,0.078645271651454
2013-06-09,0.078850918828011
2013-06-10,0.0790244351027259
2013-06-11,0.0793064546764461
2013-06-12,0.0794054817632283
2013-06-13,0.0788184331814527
2013-06-14,0.0772757002204922
2013-06-15,0.0751650364348488
2013-06-16,0.0729757979685758
2013-06-17,0.0710040939595851
2013-06-18,0.0693038623513354
2013-06-19,0.0678575789665997
2013-06-20,0.066699210773075
2013-06-21,0.0657913321076813
2013-06-22,0.0649411427789702
2013-06-23,0.0640969862321434
2013-06-24,0.0632062564022177
2013-06-25,0.0622675443674549
2013-06-26,0.0613131221698066
2013-06-27,0.0603393895426817
2013-06-28,0.0594699621776364
2013-06-29,0.0588846239023314
2013-06-30,0.0588601666258148
2013-07-01,0.0592749614636779
2013-07-02,0.0600406331689191
2013-07-03,0.0610863376110253
2013-07-04,0.0621257487631265
2013-07-05,0.0627835552196266
2013-07-06,0.0632037453442953
2013-07-07,0.0638466630208461
2013-07-08,0.0646882495470623
2013-07-09,0.0649399313141098
2013-07-10,0.0644202108986086
2013-07-11,0.0631720740472269
2013-07-12,0.0613524549447575
2013-07-13,0.0593547046019186
2013-07-14,0.0575488327632294
2013-07-15,0.056125587546761
2013-07-16,0.0550922218840028
2013-07-17,0.0542730561657736
2013-07-18,0.0542084553081215
2013-07-19,0.0553643857944597
2013-07-20,0.0579965662638467
2013-07-21,0.0614459468724375
2013-07-22,0.0641831277129567
2013-07-23,0.06548588427963
2013-07-24,0.0652004520104678
2013-07-25,0.0636140803805066
2013-07-26,0.061354597951371
2013-07-27,0.0589977421770009
2013-07-28,0.0569681123618515
2013-07-29,0.0555108853099863
2013-07-30,0.0547429893254325
2013-07-31,0.0544904180670287
2013-08-01,0.0542081113593462
2013-08-02,0.0538527193811547
2013-08-03,0.0533161941080521
2013-08-04,0.0529185082799942
2013-08-05,0.0531068713936974
2013-08-06,0.0524766662751245
2013-08-07,0.0520763112608841
2013-08-08,0.0518321338900827
2013-08-09,0.0514694259361181
2013-08-10,0.0508266396121753
2013-08-11,0.0498405969665931
2013-08-12,0.0486982004485809
2013-08-13,0.0476300326513468
2013-08-14,0.0467175904139847
2013-08-15,0.0459656162446404
2013-08-16,0.0457168115062017
2013-08-17,0.0464234255219377
2013-08-18,0.0480158287767726
2013-08-19,0.0497312927776626
2013-08-20,0.0507212115433952
2013-08-21,0.0506009774783934
2013-08-22,0.0495724632788174
2013-08-23,0.0480215155203834
2013-08-24,0.0463609260164773
2013-08-25,0.044977906139511
2013-08-26,0.0441083669935268
2013-08-27,0.0438397431284076
2013-08-28,0.0440292761579554
2013-08-29,0.0443234236431304
2013-08-30,0.0443571658064794
2013-08-31,0.0439190959837243
2013-09-01,0.0431552791758552
2013-09-02,0.042398952078863
2013-09-03,0.0417803140747378
2013-09-04,0.0412532729539939
2013-09-05,0.0407040041017283
2013-09-06,0.0401334445388315
2013-09-07,0.0396314469915135
2013-09-08,0.0392058405819427
2013-09-09,0.0388167936712946
2013-09-10,0.0385002078734862
2013-09-11,0.0382536404005594
2013-09-12,0.0380165054515158
2013-09-13,0.0377630021302184
2013-09-14,0.0375508250128065
2013-09-15,0.0375002090660928
2013-09-16,0.0375624667024738
2013-09-17,0.0376574511441399
2013-09-18,0.0377239653946651
2013-09-19,0.0377141870205217
2013-09-20,0.0375486405481638
2013-09-21,0.0371866130974771
2013-09-22,0.0365921706961335
2013-09-23,0.0358545527810675
2013-09-24,0.0352027813209398
2013-09-25,0.034775357378726
2013-09-26,0.0345521411505447
2013-09-27,0.0344897673605476
2013-09-28,0.0345179940291336
2013-09-29,0.0345163117509368
2013-09-30,0.0344024332783687
2013-10-01,0.0341252973815492
2013-10-02,0.0336034563652355
2013-10-03,0.0328482797245957
2013-10-04,0.0319725774662713
2013-10-05,0.0311244648679465
2013-10-06,0.0303412450834221
2013-10-07,0.0295993073347201
2013-10-08,0.028891954471497
2013-10-09,0.0282719836893069
2013-10-10,0.027823844465451
2013-10-11,0.0275399282218133
2013-10-12,0.027338582325524
2013-10-13,0.0271348730223419
2013-10-14,0.0268851546230075
2013-10-15,0.0265762082355495
2013-10-16,0.0262052460266102
2013-10-17,0.0257978669765523
2013-10-18,0.025413785405378
2013-10-19,0.0250650075801902
2013-10-20,0.024747790287224
2013-10-21,0.024457085223879
2013-10-22,0.0241759900399613
2013-10-23,0.0239070252168997
2013-10-24,0.0236406477838732
2013-10-25,0.0233513250775795
2013-10-26,0.0230199872885621
2013-10-27,0.0226482482453351
2013-10-28,0.0222568563642809
2013-10-29,0.0218683372985089
2013-10-30,0.0214998473982609
2013-10-31,0.0212156029429763
2013-11-01,0.0210534501054272
2013-11-02,0.0209911926076746
2013-11-03,0.0210932930722632
2013-11-04,0.0214065132089653
2013-11-05,0.0219531268434112
2013-11-06,0.0226598902690379
2013-11-07,0.0233507140637432
2013-11-08,0.0238225907697569
2013-11-09,0.024032973489424
2013-11-10,0.0240766898892085
2013-11-11,0.0240309455592971
2013-11-12,0.0239361623301664
2013-11-13,0.0238241383514969
2013-11-14,0.0237054120877318
2013-11-15,0.0235688648170362
2013-11-16,0.0234138014898449
2013-11-17,0.0232446314859464
2013-11-18,0.0230565546486255
2013-11-19,0.0228432965106662
2013-11-20,0.0225984660577741
2013-11-21,0.0223139008399783
2013-11-22,0.021981124519246
2013-11-23,0.0215964717456211
2013-11-24,0.0211694103966475
2013-11-25,0.020717087778598
2013-11-26,0.0202522695304229
2013-11-27,0.0197856367986589
2013-11-28,0.0193285061947683
2013-11-29,0.0188918865582016
2013-11-30,0.0184834543792453
2013-12-01,0.0181198502767271
2013-12-02,0.0177977175111099
2013-12-03,0.0175111089807971
2013-12-04,0.0172530872520047
2013-12-05,0.0170032050449905
2013-12-06,0.0167604841472551
2013-12-07,0.0165314439663349
2013-12-08,0.0163161653789792
2013-12-09,0.0161149747938175
2013-12-10,0.0159298108107685
2013-12-11,0.0157646368306463
2013-12-12,0.0156258544445787
2013-12-13,0.0155172882565029
2013-12-14,0.0154359139028102
2013-12-15,0.0153759081265954
2013-12-16,0.0153320625363621
2013-12-17,0.0152984710387641
2013-12-18,0.015268919654988
2013-12-19,0.015234560392097
2013-12-20,0.0151844574871912
2013-12-21,0.0151127941351428
2013-12-22,0.015023351418411
2013-12-23,0.0149221270248893
2013-12-24,0.0148104120322181
2013-12-25,0.0146859219832525
2013-12-26,0.0145479397628941
2013-12-27,0.0144010651640055
2013-12-28,0.0142508200264011
2013-12-29,0.0141074946082027
2013-12-30,0.0139735135692256
2013-12-31,0.0138359346849394
2014-01-01,0.0136889018888501
2014-01-02,0.0135447931580236
2014-01-03,0.0134088315452631
2014-01-04,0.0132741053370623
2014-01-05,0.0131375375484772
2014-01-06,0.013002318992576
2014-01-07,0.0128720741122567
2014-01-08,0.0127485576920048
2014-01-09,0.0126320743201563
2014-01-10,0.0125225550520823
2014-01-11,0.0124199037351355
2014-01-12,0.0123238775410043
2014-01-13,0.0122338110123044
2014-01-14,0.01214943066452
2014-01-15,0.0120706187989033
2014-01-16,0.0119998629085943
2014-01-17,0.0119381311539901
2014-01-18,0.011898043066009
2014-01-19,0.0118840757255102
2014-01-20,0.0118844559443317
2014-01-21,0.0118907605565261
2014-01-22,0.0118990354260081
2014-01-23,0.0118947262784761
2014-01-24,0.0118630790011119
2014-01-25,0.0118067527265759
2014-01-26,0.0117475466955345
2014-01-27,0.0117283695644462
2014-01-28,0.0117853908204401
2014-01-29,0.0118848827138029
2014-01-30,0.0119366077014163
2014-01-31,0.0119004666640258
2014-02-01,0.0118047257430423
2014-02-02,0.0116912022978564
2014-02-03,0.0115819817187302
2014-02-04,0.0114819739749837
2014-02-05,0.0113890143703016
2014-02-06,0.0112991395124081
2014-02-07,0.0112113558461554
2014-02-08,0.0111259568448911
2014-02-09,0.0110437067771439
2014-02-10,0.0109646676565558
2014-02-11,0.0108887035081315
2014-02-12,0.0108157795160522
2014-02-13,0.0107457614945571
2014-02-14,0.0106784965451826
2014-02-15,0.0106134753276234
2014-02-16,0.0105498454749101
2014-02-17,0.0104873711408159
2014-02-18,0.010426214396518
2014-02-19,0.0103661119048473
2014-02-20,0.0103077775299436
2014-02-21,0.0102505706373264
2014-02-22,0.0101938578315413
2014-02-23,0.010137882687512
2014-02-24,0.0100826114964473
2014-02-25,0.0100293737478938
2014-02-26,0.00997777915035335
2014-02-27,0.00992751022810599
2014-02-28,0.00987788462937153
2014-03-01,0.00982874541256885
2014-03-02,0.00978059964222195
2014-03-03,0.00973289388243306
2014-03-04,0.00968517266165593
2014-03-05,0.0096367294262633
2014-03-06,0.00958745133435483
2014-03-07,0.00953807766039079
2014-03-08,0.00948868894506884
2014-03-09,0.00943893221355364
2014-03-10,0.00939075087481383
2014-03-11,0.00934458857582473
2014-03-12,0.00930274112157226
2014-03-13,0.00928301518455405
2014-03-14,0.00928788207502899
2014-03-15,0.00932134568696818
2014-03-16,0.0094123032923125
2014-03-17,0.00951402756829532
2014-03-18,0.00955466235703788
2014-03-19,0.00955105550487718
2014-03-20,0.00955336044622141
2014-03-21,0.00957716919579111
2014-03-22,0.00959905224976229
2014-03-23,0.00963681218143487
2014-03-24,0.00969683784389543
2014-03-25,0.00980031579123038
2014-03-26,0.00995882057904629
2014-03-27,0.0101519017907301
2014-03-28,0.0103278869208267
2014-03-29,0.0104482793937417
2014-03-30,0.0104941533723373
2014-03-31,0.0104903076226834
2014-04-01,0.0104711351552601
2014-04-02,0.0105179788002215
2014-04-03,0.0106369548953219
2014-04-04,0.0109306536469424
2014-04-05,0.0113840354731769
2014-04-06,0.0120050383294067
2014-04-07,0.0128414846596877
2014-04-08,0.0140221505944669
2014-04-09,0.0157154932443555
2014-04-10,0.0181055371231706
2014-04-11,0.0212319478358893
2014-04-12,0.0250706459647105
2014-04-13,0.0296191819541161
2014-04-14,0.0347712547079116
2014-04-15,0.0402894581466372
2014-04-16,0.0463025201525588
2014-04-17,0.0519021274784131
2014-04-18,0.055608006928747
2014-04-19,0.0575362839452739
2014-04-20,0.0587933068028447
2014-04-21,0.0599652617824216
2014-04-22,0.0612475323437104
2014-04-23,0.0627202867291452
2014-04-24,0.064431938584597
2014-04-25,0.0663467530037369
2014-04-26,0.0681059574119195
2014-04-27,0.069563912020833
2014-04-28,0.0706995502622576
2014-04-29,0.0717288281859121
2014-04-30,0.0727475025795956
2014-05-01,0.0736356740938894
2014-05-02,0.0743453746700595
2014-05-03,0.0748093161708875
2014-05-04,0.0750210042118019
2014-05-05,0.0752316763972402
2014-05-06,0.075798623059417
2014-05-07,0.076390092367722
2014-05-08,0.0766387687557216
2014-05-09,0.0768478743158699
2014-05-10,0.0773182581871614
2014-05-11,0.077750037526735
2014-05-12,0.0778827328253826
2014-05-13,0.0776807635403655
2014-05-14,0.077282105486767
2014-05-15,0.0767806912319552
2014-05-16,0.0761678678930657
2014-05-17,0.0754831217457763
2014-05-18,0.0746227931466541
2014-05-19,0.0734617591630336
2014-05-20,0.0721702554606375
2014-05-21,0.0710981263178106
2014-05-22,0.0703522760591176
2014-05-23,0.0697448318958741
2014-05-24,0.0691144137686986
2014-05-25,0.0683840060610101
2014-05-26,0.0677823211822658
2014-05-27,0.0674685284101625
2014-05-28,0.0672609676253546
2014-05-29,0.067102616008033
2014-05-30,0.0669572261917002
2014-05-31,0.0667541082622471
2014-06-01,0.0665256645687534
2014-06-02,0.0661871324470655
2014-06-03,0.0658256973102995
2014-06-04,0.0655395459906599
2014-06-05,0.0652616667095852
2014-06-06,0.0649455830692919
2014-06-07,0.0646980302916857
2014-06-08,0.06467237097223
2014-06-09,0.0649900638943116
2014-06-10,0.0653628204370481
2014-06-11,0.0658121383107981
2014-06-12,0.0663108061915323
2014-06-13,0.0668125475339625
2014-06-14,0.0674143755509458
2014-06-15,0.0683361744034239
2014-06-16,0.069363679071158
2014-06-17,0.0702040520747484
2014-06-18,0.0705814708419431
2014-06-19,0.0702551384650682
2014-06-20,0.0692393117941744
2014-06-21,0.0679493549107472
2014-06-22,0.0667759172993132
2014-06-23,0.0656535621236155
2014-06-24,0.0643454597603609
2014-06-25,0.0627184478547517
2014-06-26,0.0607772380942429
2014-06-27,0.058689522873107
2014-06-28,0.0566436545617958
2014-06-29,0.0548052216822217
2014-06-30,0.0532682084298362
2014-07-01,0.0520854161852951
2014-07-02,0.0511108131919787
2014-07-03,0.050254659383486
2014-07-04,0.0495887865919761
2014-07-05,0.0492242199213023
2014-07-06,0.0491903130700097
2014-07-07,0.0491620513615437
2014-07-08,0.0488044157561009
2014-07-09,0.0483094797155882
2014-07-10,0.0478514963362797
2014-07-11,0.0473172426730287
2014-07-12,0.0465767525529735
2014-07-13,0.0456970287601455
2014-07-14,0.0447844497913753
2014-07-15,0.0438551573880318
2014-07-16,0.0429346625109377
2014-07-17,0.0420757531648515
2014-07-18,0.0412370694199274
2014-07-19,0.0404330321098179
2014-07-20,0.0397471844193573
2014-07-21,0.0392760720522298
2014-07-22,0.0391135663365273
2014-07-23,0.0393662087540217
2014-07-24,0.0399522577063144
2014-07-25,0.0404226146889101
2014-07-26,0.0406243628480262
2014-07-27,0.0405991000805344
2014-07-28,0.0404540826890554
2014-07-29,0.0403106717383784
2014-07-30,0.0402636224828356
2014-07-31,0.0405510777449849
2014-08-01,0.0412224034792041
2014-08-02,0.0420759619734962
2014-08-03,0.0428035976499982
2014-08-04,0.043353771695888
2014-08-05,0.0437643561836693
2014-08-06,0.043848333375833
2014-08-07,0.0435028040496205
2014-08-08,0.0428879189080331
2014-08-09,0.0420693107014573
2014-08-10,0.0410734698180311
2014-08-11,0.0401317526008629
2014-08-12,0.0395339909515406
2014-08-13,0.0394518954433029
2014-08-14,0.0400876403185145
2014-08-15,0.0413521669491834
2014-08-16,0.0429837241105515
2014-08-17,0.0442584943313217
2014-08-18,0.0447063251615801
2014-08-19,0.0444956003078487
2014-08-20,0.0439778241774659
2014-08-21,0.0434918689848756
2014-08-22,0.0432330164033865
2014-08-23,0.0433764030443763
2014-08-24,0.0438469352219185
2014-08-25,0.0444125544011816
2014-08-26,0.0448295997261245
2014-08-27,0.0450949850914576
2014-08-28,0.045488223039132
2014-08-29,0.0461340505776001
2014-08-30,0.0467390246458091
2014-08-31,0.0469918087837328
2014-09-01,0.0467679135907157
2014-09-02,0.0461562008549255
2014-09-03,0.0454234190829907
2014-09-04,0.0446407758839847
2014-09-05,0.0437543349173139
2014-09-06,0.0427529419783092
2014-09-07,0.0416531848777837
2014-09-08,0.0405611707660371
2014-09-09,0.0396534794806207
2014-09-10,0.0391409256579162
2014-09-11,0.0393032501369608
2014-09-12,0.0402918316991368
2014-09-13,0.0420300038290918
2014-09-14,0.0439514802496237
2014-09-15,0.045300561974077
2014-09-16,0.0457060029857192
2014-09-17,0.0453724336295781
2014-09-18,0.0447401700494381
2014-09-19,0.0440536123956522
2014-09-20,0.0433091636566857
2014-09-21,0.0424392626934045
2014-09-22,0.0414450808420294
2014-09-23,0.0404102127052556
2014-09-24,0.0394973925032028
2014-09-25,0.0388243945384693
2014-09-26,0.0383981340316584
2014-09-27,0.0381485056502686
2014-09-28,0.0379552176495738
2014-09-29,0.0377531494019865
2014-09-30,0.037442270133532
2014-10-01,0.0368822364887254
2014-10-02,0.0360435251247102
2014-10-03,0.0350180273927341
2014-10-04,0.0339305150879089
2014-10-05,0.0328497000822699
2014-10-06,0.0318247404968553
2014-10-07,0.0308821893815746
2014-10-08,0.0300248199588311
2014-10-09,0.0292547190640553
2014-10-10,0.0285408325462764
2014-10-11,0.0278316532496693
2014-10-12,0.0271382760218506
2014-10-13,0.0264982481625335
2014-10-14,0.0258922020433177
2014-10-15,0.0253042373165535
2014-10-16,0.0247279442123181
2014-10-17,0.0241582955028277
2014-10-18,0.0236102859831839
2014-10-19,0.0230783628592783
2014-10-20,0.0225784056125588
2014-10-21,0.0221307472587399
2014-10-22,0.0217459490104796
2014-10-23,0.0214256652612758
2014-10-24,0.021173649947495
2014-10-25,0.021025672214325
2014-10-26,0.0210239575612605
2014-10-27,0.0211297822244946
2014-10-28,0.0212549393921986
2014-10-29,0.0213439345897727
2014-10-30,0.0213982102658738
2014-10-31,0.0214320397139666
2014-11-01,0.0214492612682529
2014-11-02,0.0214650969966442
2014-11-03,0.0215012112537305
2014-11-04,0.0215003765767485
2014-11-05,0.0213931835113336
2014-11-06,0.0211845270314583
2014-11-07,0.0209314335547533
2014-11-08,0.0207007064358257
2014-11-09,0.0205227153631512
2014-11-10,0.0203906225167866
2014-11-11,0.0202861944437489
2014-11-12,0.020206432642097
2014-11-13,0.0201584327199941
2014-11-14,0.0201357138183915
2014-11-15,0.0201039723753611
2014-11-16,0.0200143078518653
2014-11-17,0.0198425996792596
2014-11-18,0.0195981436619866
2014-11-19,0.0193010049690688
2014-11-20,0.0189691275111136
2014-11-21,0.0186152622653272
2014-11-22,0.0182489599133119
2014-11-23,0.01787437342995
2014-11-24,0.0174966135651377
2014-11-25,0.0171223166771029
2014-11-26,0.0167547850422986
2014-11-27,0.0163949407650696
2014-11-28,0.0160467864126743
2014-11-29,0.015716384421147
2014-11-30,0.0154081461436813
2014-12-01,0.0151233297019715
2014-12-02,0.0148611694392924
2014-12-03,0.0146196314130208
2014-12-04,0.014396322123306
2014-12-05,0.0141898464451789
2014-12-06,0.0140000339354442
2014-12-07,0.0138261774211236
2014-12-08,0.013666310061676
2014-12-09,0.0135185778324354
2014-12-10,0.0133825878098667
2014-12-11,0.0132588339028003
2014-12-12,0.0131424859600363
2014-12-13,0.0130328136911551
2014-12-14,0.0129317051155842
2014-12-15,0.0128406793766131
2014-12-16,0.012756973458261
2014-12-17,0.0126755742696818
2014-12-18,0.0125951154878759
2014-12-19,0.0125175404439295
2014-12-20,0.0124438245376379
2014-12-21,0.0123739462927244
2014-12-22,0.0123070063414705
2014-12-23,0.0122422965053707
2014-12-24,0.0121798956979688
2014-12-25,0.0121204132641065
2014-12-26,0.0120638276040541
2014-12-27,0.0120096093494177
2014-12-28,0.0119573404941047
2014-12-29,0.0119071610525596
2014-12-30,0.0118594664606136
2014-12-31,0.0118140236580212
2015-01-01,0.011770599882488
2015-01-02,0.0117279843616588
2015-01-03,0.0116856046753187
2015-01-04,0.0116450488643334
2015-01-05,0.0116069440753464
2015-01-06,0.0115699448776862
2015-01-07,0.0115334408961602
2015-01-08,0.01149701457451
2015-01-09,0.0114608204821524
2015-01-10,0.0114254513745259
2015-01-11,0.0113896317685432
2015-01-12,0.0113525388424462
2015-01-13,0.0113136913148113
2015-01-14,0.0112730477578069
2015-01-15,0.0112303502883088
2015-01-16,0.0111854160012251
2015-01-17,0.0111391586416236
2015-01-18,0.0110928815793061
2015-01-19,0.0110443093385681
2015-01-20,0.0109897763137959
2015-01-21,0.010931744197393
2015-01-22,0.0108665932641011
2015-01-23,0.0107895969752878
2015-01-24,0.0107255746329818
2015-01-25,0.0106856439573599
2015-01-26,0.0106715184219165
2015-01-27,0.0106745995497981
2015-01-28,0.0106919755992063
2015-01-29,0.0107202498729024
2015-01-30,0.0107359643014016
2015-01-31,0.0107226060464248
2015-02-01,0.01067559971692
2015-02-02,0.0106023032268278
2015-02-03,0.0105114037793102
2015-02-04,0.0104047762285987
2015-02-05,0.0102939328828442
2015-02-06,0.0101723021562327
2015-02-07,0.0100523242863237
2015-02-08,0.00995135210888913
2015-02-09,0.0098670759017263
2015-02-10,0.009785625718182
2015-02-11,0.0096994656451565
2015-02-12,0.00961405889867813
2015-02-13,0.00953830439564461
2015-02-14,0.00947520156158498
2015-02-15,0.00941956335199365
2015-02-16,0.00936697851371049
2015-02-17,0.00931795334116527
2015-02-18,0.00927370214676824
2015-02-19,0.00923359884172487
2015-02-20,0.00919530494457894
2015-02-21,0.0091559616749507
2015-02-22,0.00911431674194788
2015-02-23,0.00907290380516917
2015-02-24,0.00903273216436377
2015-02-25,0.00899382281198467
2015-02-26,0.00895530080520175
2015-02-27,0.00891585912528079
2015-02-28,0.00887835231058198
2015-03-01,0.00884426225205838
2015-03-02,0.00881003940222229
2015-03-03,0.00877143931223373
2015-03-04,0.00872720294404628
2015-03-05,0.00867880262716878
2015-03-06,0.0086282384639341
2015-03-07,0.00857872978228933
2015-03-08,0.00853141522102873
2015-03-09,0.00848907489457217
2015-03-10,0.00845692763506979
2015-03-11,0.00843479228064233
2015-03-12,0.00843106282583167
2015-03-13,0.0084572373064081
2015-03-14,0.00849364613943645
2015-03-15,0.00851334662677691
2015-03-16,0.00853959452633571
2015-03-17,0.0086283685947451
2015-03-18,0.00875363828913943
2015-03-19,0.0088211309691921
2015-03-20,0.00879879675809078
2015-03-21,0.00871365842160124
2015-03-22,0.00860721835847238
2015-03-23,0.00850578625120735
2015-03-24,0.00842059992981334
2015-03-25,0.00836742831344461
2015-03-26,0.00837482235868508
2015-03-27,0.00841651568564599
2015-03-28,0.00847921936501713
2015-03-29,0.00858909019515494
2015-03-30,0.00880992411644189
2015-03-31,0.00916694651512281
2015-04-01,0.00956895696939733
2015-04-02,0.00987592372233667
2015-04-03,0.0100461680903033
2015-04-04,0.0101270530130462
2015-04-05,0.0101154079755447
2015-04-06,0.0100011220685489
2015-04-07,0.00982137839228213
2015-04-08,0.00963540596541555
2015-04-09,0.00948525065875063
2015-04-10,0.00937421396830994
2015-04-11,0.00936068364278294
2015-04-12,0.0094508281634969
2015-04-13,0.00969087217098868
2015-04-14,0.0100426993058162
2015-04-15,0.0104176878048852
2015-04-16,0.0107741164779636
2015-04-17,0.0111260668398523
2015-04-18,0.0115609567479096
2015-04-19,0.0121051892376934
2015-04-20,0.0126913897571153
2015-04-21,0.013275937423982
2015-04-22,0.0140481402679807
2015-04-23,0.0151573333641248
2015-04-24,0.0167238402426321
2015-04-25,0.0191523215932206
2015-04-26,0.0224721886716665
2015-04-27,0.0267975129908713
2015-04-28,0.0327844042732238
2015-04-29,0.0406686607966187
2015-04-30,0.0497952325281452
2015-05-01,0.0592021814750756
2015-05-02,0.0682475105230728
2015-05-03,0.0765610530083932
2015-05-04,0.0839523270775222
2015-05-05,0.0893293964788837
2015-05-06,0.0917241032514587
2015-05-07,0.0921022187922988
2015-05-08,0.0918209632720137
2015-05-09,0.0916843528390243
2015-05-10,0.0923291408772862
2015-05-11,0.0947487326269735
2015-05-12,0.0998929070813572
2015-05-13,0.107073878603546
2015-05-14,0.114132184167901
2015-05-15,0.119653990265516
2015-05-16,0.122747480363926
2015-05-17,0.123292304827824
2015-05-18,0.122427140097363
2015-05-19,0.121227006057816
2015-05-20,0.120605702524257
2015-05-21,0.120705432624079
2015-05-22,0.12128324068911
2015-05-23,0.122013933135515
2015-05-24,0.12242440533028
2015-05-25,0.121914537927889
2015-05-26,0.120527546649586
2015-05-27,0.119115285099653
2015-05-28,0.117900021425329
2015-05-29,0.116781838912269
2015-05-30,0.11526321543024
2015-05-31,0.113132140664403
2015-06-01,0.110532774254381
2015-06-02,0.107631156499301
2015-06-03,0.104876464337125
2015-06-04,0.102658163022287
2015-06-05,0.101157507330831
2015-06-06,0.100560517698845
2015-06-07,0.100438193022358
2015-06-08,0.100347366793232
2015-06-09,0.0999075693104327
2015-06-10,0.0991253100388953
2015-06-11,0.0983608948074904
2015-06-12,0.0977707464915734
2015-06-13,0.0971566604560979
2015-06-14,0.0963324614142454
2015-06-15,0.0951536226428043
2015-06-16,0.0935033642274392
2015-06-17,0.0914666031654541
2015-06-18,0.0891319723095165
2015-06-19,0.0865405204981619
2015-06-20,0.0838832744998486
2015-06-21,0.0813950694518102
2015-06-22,0.0794306927697798
2015-06-23,0.0782126438715014
2015-06-24,0.0772072125906156
2015-06-25,0.0761001067078346
2015-06-26,0.0752082555672773
2015-06-27,0.0745077578584597
2015-06-28,0.0739985034601263
2015-06-29,0.07367989890242
2015-06-30,0.0727256177505276
2015-07-01,0.071754724713349
2015-07-02,0.0708255289480251
2015-07-03,0.0698702916475346
2015-07-04,0.0689579849984941
2015-07-05,0.0679836738846591
2015-07-06,0.0668041443283831
2015-07-07,0.0653844016408186
2015-07-08,0.0636643928477157
2015-07-09,0.0618011675372717
2015-07-10,0.0601046140493682
2015-07-11,0.0587835250103614
2015-07-12,0.0577560458633978
2015-07-13,0.0567067996332069
2015-07-14,0.0556709516526835
2015-07-15,0.054496620222856
2015-07-16,0.0532721783768792
2015-07-17,0.0521838996186469
2015-07-18,0.0512886405806168
2015-07-19,0.050589238081963
2015-07-20,0.0501343792042691
2015-07-21,0.0499573828237576
2015-07-22,0.0499846552055383
2015-07-23,0.0499463253016641
2015-07-24,0.0495944805213596
2015-07-25,0.0488605050219646
2015-07-26,0.0478555615540422
2015-07-27,0.0468060447708827
2015-07-28,0.0458385214613486
2015-07-29,0.0449413761518949
2015-07-30,0.0441370518579466
2015-07-31,0.0434205269844906
2015-08-01,0.042667790452912
2015-08-02,0.0418687281015806
2015-08-03,0.0411018522494243
2015-08-04,0.0404662598651268
2015-08-05,0.0400275547077077
2015-08-06,0.039747179933335
2015-08-07,0.0397551213085944
2015-08-08,0.0402964028485694
2015-08-09,0.0413904589409631
2015-08-10,0.0428062843065265
2015-08-11,0.0439761504315488
2015-08-12,0.0445769852102361
2015-08-13,0.0445735373648693
2015-08-14,0.0441787214160644
2015-08-15,0.0436520557095238
2015-08-16,0.0431156895672592
2015-08-17,0.0426428064864015
2015-08-18,0.042255998329337
2015-08-19,0.0419674884926276
2015-08-20,0.0418117946668647
2015-08-21,0.0418295195095888
2015-08-22,0.0419055508767417
2015-08-23,0.0419342961757911
2015-08-24,0.0418466002200779
2015-08-25,0.0415738279376262
2015-08-26,0.0410817138264529
2015-08-27,0.0404259275273131
2015-08-28,0.0397336628387
2015-08-29,0.0390839376779061
2015-08-30,0.0385607803187434
2015-08-31,0.0381629832531928
2015-09-01,0.0379269825342229
2015-09-02,0.0378763950458815
2015-09-03,0.0379888622897029
2015-09-04,0.0382060372670498
2015-09-05,0.0384715561366792
2015-09-06,0.0389379330691443
2015-09-07,0.0393855826281415
2015-09-08,0.0395327300643926
2015-09-09,0.0393579317110915
2015-09-10,0.0389271626381899
2015-09-11,0.038600754420882
2015-09-12,0.0386869828006532
2015-09-13,0.0390843468154284
2015-09-14,0.0394829528216074
2015-09-15,0.0399692337069287
2015-09-16,0.0406639971430775
2015-09-17,0.0413911356406298
2015-09-18,0.0420007414792506
2015-09-19,0.0424766183981615
2015-09-20,0.0426995794048381
2015-09-21,0.0424965266049289
2015-09-22,0.0418573462486999
2015-09-23,0.0409366554339981
2015-09-24,0.0399245936487947
2015-09-25,0.038947238387053
2015-09-26,0.0380532773829689
2015-09-27,0.0372436535108809
2015-09-28,0.0364869164904523
2015-09-29,0.0357749929755577
2015-09-30,0.0351083090722623
2015-10-01,0.0345028353263511
2015-10-02,0.0339220876952444
2015-10-03,0.0334204508304164
2015-10-04,0.0330027194375769
2015-10-05,0.0326983332751372
2015-10-06,0.0325002110744474
2015-10-07,0.0324692263914883
2015-10-08,0.0326836936732526
2015-10-09,0.0331052139122367
2015-10-10,0.0336361614564959
2015-10-11,0.0341077883862918
2015-10-12,0.0344525531246648
2015-10-13,0.0346717120303282
2015-10-14,0.0348020065614956
2015-10-15,0.0348850227785473
2015-10-16,0.0349229837845055
2015-10-17,0.034876332362798
2015-10-18,0.0347192821697338
2015-10-19,0.0344277673313201
2015-10-20,0.0339819426663495
2015-10-21,0.0334021506905532
2015-10-22,0.0327356048289843
2015-10-23,0.0320264678413072
2015-10-24,0.0312854216423673
2015-10-25,0.03049606415292
2015-10-26,0.0296599172574659
2015-10-27,0.0288160002674559
2015-10-28,0.0279961908662517
2015-10-29,0.0271940753477822
2015-10-30,0.0264602434356318
2015-10-31,0.0258243421482396
2015-11-01,0.0252833263776367
2015-11-02,0.0248147331251429
2015-11-03,0.0243914759909176
2015-11-04,0.0239930809707848
2015-11-05,0.0236131193839745
2015-11-06,0.0232525813522891
2015-11-07,0.0229070673933929
2015-11-08,0.0225628671407247
2015-11-09,0.0222034890530605
2015-11-10,0.0218248397106287
2015-11-11,0.0214400097033575
2015-11-12,0.0210613152976125
2015-11-13,0.0206974153349422
2015-11-14,0.0203547829694197
2015-11-15,0.020031999369675
2015-11-16,0.0197223178643437
2015-11-17,0.0194147636882802
2015-11-18,0.01910019617272
2015-11-19,0.0187742882995336
2015-11-20,0.0184395780922089
2015-11-21,0.0181009836059963
2015-11-22,0.017764131263442
2015-11-23,0.0174363007005331
2015-11-24,0.0171204930271275
2015-11-25,0.016817572221571
2015-11-26,0.0165294165216268
2015-11-27,0.0162575450500188
2015-11-28,0.0160022248453087
2015-11-29,0.0157624835575206
2015-11-30,0.0155365325846296
2015-12-01,0.0153230339510361
2015-12-02,0.0151191793168461
2015-12-03,0.01491054936664
2015-12-04,0.0147010652189254
2015-12-05,0.0144845973197584
2015-12-06,0.0142665530160947
2015-12-07,0.0140660238997859
2015-12-08,0.0138877496067306
2015-12-09,0.0137179716878427
2015-12-10,0.0135460542261896
2015-12-11,0.013377565506777
2015-12-12,0.0132233029879699
2015-12-13,0.0130871283817728
2015-12-14,0.0129669450747421
2015-12-15,0.0128586541005973
2015-12-16,0.0127586855452224
2015-12-17,0.012665545681409
2015-12-18,0.0125789139879812
2015-12-19,0.0124981941679207
2015-12-20,0.0124231094034389
2015-12-21,0.01235320493653
2015-12-22,0.0122878724215797
2015-12-23,0.0122268259732531
2015-12-24,0.012169758038726
2015-12-25,0.0121162200548594
2015-12-26,0.0120651850951887
2015-12-27,0.0120159878102508
2015-12-28,0.0119685709553127
2015-12-29,0.0119229683459404
2015-12-30,0.0118789817806299
2015-12-31,0.011836942526025
2016-01-01,0.0117974242135547
2016-01-02,0.0117602703882563
2016-01-03,0.0117254103648771
2016-01-04,0.0116923171162809
2016-01-05,0.0116593682361223
2016-01-06,0.0116252335251839
2016-01-07,0.0115892415419012
2016-01-08,0.0115509858266953
2016-01-09,0.0115103609670848
2016-01-10,0.0114668031031823
2016-01-11,0.0114202757401379
2016-01-12,0.0113722207548328
2016-01-13,0.0113234265910378
2016-01-14,0.0112727341108289
2016-01-15,0.0112205187303759
2016-01-16,0.0111676306455877
2016-01-17,0.0111142042234931
2016-01-18,0.011061188239182
2016-01-19,0.011009188400599
2016-01-20,0.0109583634647369
2016-01-21,0.0109077796970983
2016-01-22,0.0108568427444647
2016-01-23,0.010804982070565
2016-01-24,0.0107513743837188
2016-01-25,0.0106954207074423
2016-01-26,0.0106376320843974
2016-01-27,0.0105785172452434
2016-01-28,0.0105187408837303
2016-01-29,0.0104615248355992
2016-01-30,0.0104078086816521
2016-01-31,0.0103573183385299
2016-02-01,0.0103084387389587
2016-02-02,0.0102578864016031
2016-02-03,0.0102053290230079
2016-02-04,0.0101527255967019
2016-02-05,0.0101019456855818
2016-02-06,0.0100531969703496
2016-02-07,0.0100043379245018
2016-02-08,0.00995459287251989
2016-02-09,0.0099043567824603
2016-02-10,0.00985529441406498
2016-02-11,0.0098076901112707
2016-02-12,0.00976577527233645
2016-02-13,0.0097321215333118
2016-02-14,0.00969666276556971
2016-02-15,0.00964971063452614
2016-02-16,0.00959875730575454
2016-02-17,0.00955052379729537
2016-02-18,0.00950491732337452
2016-02-19,0.00946013815856307
2016-02-20,0.00941515994983783
2016-02-21,0.00937000160604938
2016-02-22,0.0093248717078008
2016-02-23,0.00927962104512673
2016-02-24,0.00923377218107224
2016-02-25,0.00918758790595391
2016-02-26,0.00914139919612184
2016-02-27,0.0090968989240866
2016-02-28,0.00905353573075136
2016-02-29,0.00901028683099333
2016-03-01,0.00896841436284945
2016-03-02,0.00892971260119857
2016-03-03,0.00889074010978695
2016-03-04,0.00884879261974556
2016-03-05,0.00880570129089921
2016-03-06,0.00876338982969475
2016-03-07,0.00872183914346861
2016-03-08,0.0086792091743028
2016-03-09,0.00863478248855309
2016-03-10,0.0085888282866961
2016-03-11,0.00854221147219953
2016-03-12,0.00849650107010074
2016-03-13,0.00845298632138789
2016-03-14,0.00841263066185414
2016-03-15,0.00837429939859405
2016-03-16,0.00833619884735811
2016-03-17,0.00829959483418118
2016-03-18,0.00826524656028982
2016-03-19,0.00823492293772738
2016-03-20,0.00820426059055186
2016-03-21,0.00817062699491898
2016-03-22,0.0081396417494306
2016-03-23,0.00811648587830294
2016-03-24,0.00810565212299379
2016-03-25,0.00810782183993568
2016-03-26,0.00812005654123854
2016-03-27,0.00814170167465914
2016-03-28,0.0081598507774845
2016-03-29,0.00816957558146004
2016-03-30,0.00818503973031567
2016-03-31,0.00820343486568919
2016-04-01,0.00822907824912436
2016-04-02,0.00828956198978858
2016-04-03,0.00839956723322145
2016-04-04,0.00854859017941012
2016-04-05,0.00876404301859609
2016-04-06,0.0090431364857109
2016-04-07,0.00930791766022284
2016-04-08,0.00951358387997313
2016-04-09,0.00968647417090045
2016-04-10,0.00984782129362519
2016-04-11,0.0100106227988208
2016-04-12,0.010213049414027
2016-04-13,0.0104564733409016
2016-04-14,0.0106818439521752
2016-04-15,0.0109242221511863
2016-04-16,0.0113110596229856
2016-04-17,0.0120457957363733
2016-04-18,0.0132990568950332
2016-04-19,0.0150608126667791
2016-04-20,0.0171083351663326
2016-04-21,0.0191925356962773
2016-04-22,0.0214122429322668
2016-04-23,0.0238934685361842
2016-04-24,0.0267286993187166
2016-04-25,0.0300110473954405
2016-04-26,0.033732568877576
2016-04-27,0.0378092174490442
2016-04-28,0.0422868713666113
2016-04-29,0.0470553611139709
2016-04-30,0.0517935729990558
2016-05-01,0.056205569119571
2016-05-02,0.0602165410452879
2016-05-03,0.0637842639684516
2016-05-04,0.0668895815383512
2016-05-05,0.0694011692472084
2016-05-06,0.0710777694144676
2016-05-07,0.0718563046616034
2016-05-08,0.0719907547713637
2016-05-09,0.0718489004797886
2016-05-10,0.0717784719655662
2016-05-11,0.072054255089763
2016-05-12,0.0727437623148632
2016-05-13,0.0736534657693897
2016-05-14,0.0745271023649982
2016-05-15,0.07514678879265
2016-05-16,0.0756527937172654
2016-05-17,0.0762363766257494
2016-05-18,0.0769004940455017
2016-05-19,0.0775932645287565
2016-05-20,0.0783908654320188
2016-05-21,0.0795205304084203
2016-05-22,0.0816489315417557
2016-05-23,0.0852898543731237
2016-05-24,0.0898064595098028
2016-05-25,0.0939697910613073
2016-05-26,0.0968188991713506
2016-05-27,0.0980580698251325
2016-05-28,0.0974782137380299
2016-05-29,0.0953465248224425
2016-05-30,0.0925335806270973
2016-05-31,0.0898374941226133
2016-06-01,0.0879368367838888
2016-06-02,0.0872255501970461
2016-06-03,0.0878585516747982
2016-06-04,0.0896887965685204
2016-06-05,0.0922379509088789
2016-06-06,0.0945000332451378
2016-06-07,0.0955602240188706
2016-06-08,0.0951333418801273
2016-06-09,0.0933491974921422
2016-06-10,0.0908711664582053
2016-06-11,0.0882738495944468
2016-06-12,0.0858058222079193
2016-06-13,0.0834903052474312
2016-06-14,0.0811754165202272
2016-06-15,0.0789025565938739
2016-06-16,0.0767427624302903
2016-06-17,0.0749013240163528
2016-06-18,0.0739499213767779
2016-06-19,0.0733237098662
2016-06-20,0.0722536743679893
2016-06-21,0.0710620468894441
2016-06-22,0.0700178709182686
2016-06-23,0.0688785476778661
2016-06-24,0.0675098404476623
2016-06-25,0.0662455259745393
2016-06-26,0.0654192825969553
2016-06-27,0.0649214533575676
2016-06-28,0.0643942320424413
2016-06-29,0.0634804498452862
2016-06-30,0.0620588111752555
2016-07-01,0.0603718298158942
2016-07-02,0.0586800836559057
2016-07-03,0.0570881480960311
2016-07-04,0.0556539826753055
2016-07-05,0.0544336107301811
2016-07-06,0.0534675563175537
2016-07-07,0.0528628053990184
2016-07-08,0.0527640966402008
2016-07-09,0.0530447137594821
2016-07-10,0.0533157838246613
2016-07-11,0.0532728231238284
2016-07-12,0.0529462540703743
2016-07-13,0.0525105241616925
2016-07-14,0.0520952067849559
2016-07-15,0.0520101995698521
2016-07-16,0.0523817915136133
2016-07-17,0.0528630675598497
2016-07-18,0.0530123290861909
2016-07-19,0.0526584964271539
2016-07-20,0.0519586649332698
2016-07-21,0.0511010155855254
2016-07-22,0.0502113384547204
2016-07-23,0.049366750168954
2016-07-24,0.0486495789551344
2016-07-25,0.0482284638427244
2016-07-26,0.0490640581572387
2016-07-27,0.0512184505468321
2016-07-28,0.052801814115912
2016-07-29,0.0533221249291891
2016-07-30,0.0532171401327842
2016-07-31,0.0526251408205121
2016-08-01,0.051551785876088
2016-08-02,0.0506619793356337
2016-08-03,0.0500183931229006
2016-08-04,0.0490327284447226
2016-08-05,0.0483942937027378
2016-08-06,0.0479535384691617
2016-08-07,0.0475094148731531
2016-08-08,0.0469901687507744
2016-08-09,0.0463839991475406
2016-08-10,0.0457652592848162
2016-08-11,0.0452760050190615
2016-08-12,0.0449130234849437
2016-08-13,0.0445418284043311
2016-08-14,0.0440686366013916
2016-08-15,0.0436442891678371
2016-08-16,0.0434377859211201
2016-08-17,0.0435858972778991
2016-08-18,0.0440729520576741
2016-08-19,0.04447472488201
2016-08-20,0.0443833007907492
2016-08-21,0.0437400869147891
2016-08-22,0.0427800680817699
2016-08-23,0.0417649402071845
2016-08-24,0.040879577165729
2016-08-25,0.040678335021142
2016-08-26,0.0408591244814972
2016-08-27,0.0408339192444406
2016-08-28,0.0410819607516191
2016-08-29,0.0417802372993195
2016-08-30,0.0427077822187651
2016-08-31,0.0433882125876704
2016-09-01,0.0432373202567984
2016-09-02,0.0423814820965664
2016-09-03,0.0413020674894514
2016-09-04,0.0402486420356202
2016-09-05,0.0392295572893297
2016-09-06,0.0381590246487682
2016-09-07,0.0369167822009264
2016-09-08,0.0355127095371616
2016-09-09,0.034083884228046
2016-09-10,0.0328378007525806
2016-09-11,0.0320371752895788
2016-09-12,0.0318997671138095
2016-09-13,0.0323431127207957
2016-09-14,0.0329863385407475
2016-09-15,0.0335281120511172
2016-09-16,0.0339586034807291
2016-09-17,0.0342398071925352
2016-09-18,0.0342075482122768
2016-09-19,0.0337865594148748
2016-09-20,0.0330708240522197
2016-09-21,0.0321316797015065
2016-09-22,0.0309978289273803
2016-09-23,0.0297656003992167
2016-09-24,0.0285998198398301
2016-09-25,0.0276619168633154
2016-09-26,0.026994680822459
2016-09-27,0.0264717757241057
2016-09-28,0.0259285557570091
2016-09-29,0.0253304270252966
2016-09-30,0.0247448538477155
2016-10-01,0.0241867009284429
2016-10-02,0.0236539239658972
2016-10-03,0.0231224133996716
2016-10-04,0.0226382927162733
2016-10-05,0.0222304487836001
2016-10-06,0.0218166118777682
2016-10-07,0.0213319142280177
2016-10-08,0.0207994187147864
2016-10-09,0.0202626194938499
2016-10-10,0.0197435448103452
2016-10-11,0.0192630567380978
2016-10-12,0.0188484930586173
2016-10-13,0.018519544119048
2016-10-14,0.0182530153339793
2016-10-15,0.0179976614273362
2016-10-16,0.0177377967784435
2016-10-17,0.0174875452043595
2016-10-18,0.0172554640941835
2016-10-19,0.0170364297093607
2016-10-20,0.0168266670082218
2016-10-21,0.01662884131058
2016-10-22,0.0164418490148566
2016-10-23,0.0162669720292567
2016-10-24,0.0161115279491609
2016-10-25,0.01597597697655
2016-10-26,0.015844093184721
2016-10-27,0.0156928604417236
2016-10-28,0.0155120580948722
2016-10-29,0.015305105194057
2016-10-30,0.0150860921633631
2016-10-31,0.0148705915500397
2016-11-01,0.0146678176737075
2016-11-02,0.0144792727913146
2016-11-03,0.0143036259125214
2016-11-04,0.0141404477679623
2016-11-05,0.0139924931418211
2016-11-06,0.0138694323483637
2016-11-07,0.0137958386064159
2016-11-08,0.0138063345832337
2016-11-09,0.0138898261145245
2016-11-10,0.0139574855007688
2016-11-11,0.0139841220648593
2016-11-12,0.014057546384372
2016-11-13,0.0141149535068903
2016-11-14,0.0140133613722593
2016-11-15,0.0138037490298084
2016-11-16,0.0135834916580688
2016-11-17,0.0133950498201468
2016-11-18,0.0132335266315655
2016-11-19,0.0130836105041136
2016-11-20,0.0129392295698443
2016-11-21,0.0128020606780499
2016-11-22,0.0126742437432612
2016-11-23,0.0125609703227131
2016-11-24,0.0124720763249422
2016-11-25,0.0124307110298906
2016-11-26,0.0124561417442218
2016-11-27,0.0125077674959025
2016-11-28,0.012513021997362
2016-11-29,0.0124558421521361
2016-11-30,0.0123647225835087
2016-12-01,0.012262915967639
2016-12-02,0.012161193557748
2016-12-03,0.0120635171502019
2016-12-04,0.0119706881009995
2016-12-05,0.0118821463463202
2016-12-06,0.0117973733581345
2016-12-07,0.011717837738534
2016-12-08,0.0116437958521125
2016-12-09,0.0115746659686124
2016-12-10,0.0115104443381903
2016-12-11,0.011450751951603
2016-12-12,0.0113945057655773
2016-12-13,0.0113419143416618
2016-12-14,0.0112928706716959
2016-12-15,0.0112461468894726
2016-12-16,0.0112027566837157
2016-12-17,0.0111625690820474
2016-12-18,0.011124848581959
2016-12-19,0.011089028190131
2016-12-20,0.011054535649366
2016-12-21,0.0110215203769387
2016-12-22,0.0109899761735932
2016-12-23,0.0109605485581356
2016-12-24,0.0109331861996928
2016-12-25,0.0109076161151944
2016-12-26,0.0108828898314256
2016-12-27,0.0108576565397828
2016-12-28,0.0108311171175354
2016-12-29,0.0108037343442347
2016-12-30,0.0107756849461995
2016-12-31,0.0107463768758253
2017-01-01,0.0107151824282065
2017-01-02,0.0106803346329864
2017-01-03,0.0106421210690461
2017-01-04,0.0106017569906082
2017-01-05,0.0105597907849763
2017-01-06,0.0105162295905993
2017-01-07,0.0104710444845512
2017-01-08,0.0104249058890576
2017-01-09,0.0103786578604543
2017-01-10,0.0103323811023679
2017-01-11,0.0102862845077049
2017-01-12,0.0102406555077989
2017-01-13,0.0101953650995895
2017-01-14,0.0101505043178478
2017-01-15,0.0101057524889485
2017-01-16,0.0100612747944923
2017-01-17,0.0100170853880755
2017-01-18,0.00997513402544504
2017-01-19,0.00993762255609158
2017-01-20,0.00990578456873903
2017-01-21,0.00988024080418445
2017-01-22,0.00985799911317939
2017-01-23,0.00983218815887492
2017-01-24,0.00978812116354195
2017-01-25,0.00973890183157014
2017-01-26,0.00968455272589302
2017-01-27,0.00962645035198708
2017-01-28,0.00956760971596513
2017-01-29,0.00951018585950628
2017-01-30,0.00945590203461055
2017-01-31,0.00940900874461224
2017-02-01,0.00937510677334168
2017-02-02,0.0093519323748329
2017-02-03,0.00932488502074331
2017-02-04,0.0092864292827242
2017-02-05,0.00923997298490621
2017-02-06,0.00918891940744855
2017-02-07,0.00913580777160772
2017-02-08,0.00908273452784463
2017-02-09,0.00903011085626969
2017-02-10,0.00897877342777356
2017-02-11,0.00892872736561642
2017-02-12,0.00888037726686164
2017-02-13,0.00883416333439559
2017-02-14,0.00879122806522977
2017-02-15,0.00875166193160228
2017-02-16,0.00872273988985899
2017-02-17,0.00871615671864678
2017-02-18,0.00872969799399168
2017-02-19,0.00876273908645977
2017-02-20,0.00881821829042335
2017-02-21,0.00886877941014918
2017-02-22,0.00887399253438198
2017-02-23,0.00882466768253231
2017-02-24,0.00874519508338404
2017-02-25,0.00866070453918056
2017-02-26,0.00858105260454418
2017-02-27,0.00850735618261099
2017-02-28,0.00843893752952826
2017-03-01,0.00837443866035251
2017-03-02,0.00831349925803585
2017-03-03,0.00825630597762633
2017-03-04,0.00820215490899318
2017-03-05,0.00815047835145807
2017-03-06,0.00810008112980175
2017-03-07,0.00805101368160231
2017-03-08,0.00800385729449858
2017-03-09,0.00795923867870792
2017-03-10,0.00791775314727578
2017-03-11,0.00787720761031483
2017-03-12,0.00783622307800984
2017-03-13,0.00779662484677156
2017-03-14,0.0077565022138582
2017-03-15,0.00771728928189888
2017-03-16,0.00767999659094705
2017-03-17,0.0076459360061075
2017-03-18,0.00761802143806887
2017-03-19,0.00759078355355393
2017-03-20,0.0075594380140827
2017-03-21,0.00752520459680962
2017-03-22,0.0074914310945151
2017-03-23,0.00745899246963341
2017-03-24,0.00742348276527368
2017-03-25,0.00738412670179065
2017-03-26,0.00734469375614984
2017-03-27,0.0073084266389424
2017-03-28,0.00728084858239313
2017-03-29,0.00726206876364133
2017-03-30,0.00727447666121618
2017-03-31,0.00733971505505636
2017-04-01,0.00745419717323517
2017-04-02,0.00764702361534714
2017-04-03,0.00792858588778522
2017-04-04,0.0082734140417224
2017-04-05,0.0086507261914225
2017-04-06,0.00900480864725603
2017-04-07,0.0092763071896968
2017-04-08,0.00943910911063812
2017-04-09,0.00950498348576235
2017-04-10,0.00950685636721863
2017-04-11,0.00949451859213846
2017-04-12,0.00952121238330115
2017-04-13,0.00958839213174707
2017-04-14,0.00969053567167614
2017-04-15,0.00979826521364873
2017-04-16,0.00997558665423476
2017-04-17,0.0102394485584267
2017-04-18,0.0105562287851176
2017-04-19,0.0109063621737517
2017-04-20,0.0112852369135158
2017-04-21,0.011688274985399
2017-04-22,0.0122121685060888
2017-04-23,0.0128500049400924
2017-04-24,0.0135385256743319
2017-04-25,0.0144485554156348
2017-04-26,0.0158537575002771
2017-04-27,0.0179583945618608
2017-04-28,0.0206408536530918
2017-04-29,0.023675434433019
2017-04-30,0.0271936161782389
2017-05-01,0.0315171620692897
2017-05-02,0.0367559759494782
2017-05-03,0.0425966280210467
2017-05-04,0.0485824912445994
2017-05-05,0.0541267207749477
2017-05-06,0.0586015779544047
2017-05-07,0.0617431620862878
2017-05-08,0.0637588019926142
2017-05-09,0.065010826197531
2017-05-10,0.0657638655538859
2017-05-11,0.0665719537164623
2017-05-12,0.0678864016099972
2017-05-13,0.069693499874482
2017-05-14,0.0724015381338874
2017-05-15,0.0768714179047277
2017-05-16,0.082514247683266
2017-05-17,0.0873824604607474
2017-05-18,0.0911255078000605
2017-05-19,0.0938967095545547
2017-05-20,0.0954647017636004
2017-05-21,0.0952584230756682
2017-05-22,0.0936507663437446
2017-05-23,0.0917272253066794
2017-05-24,0.090311379139433
2017-05-25,0.0898157377933226
2017-05-26,0.0901805861645904
2017-05-27,0.0907756235106867
2017-05-28,0.0907772802095356
2017-05-29,0.0907825466860091
2017-05-30,0.0912426175158002
2017-05-31,0.0918866236595051
2017-06-01,0.092180413848291
2017-06-02,0.0913434323068459
2017-06-03,0.0890848497542386
2017-06-04,0.0865061731235676
2017-06-05,0.0844579358928287
2017-06-06,0.0832761394867831
2017-06-07,0.0826421383331844
2017-06-08,0.0820337358658271
2017-06-09,0.0810875994594959
2017-06-10,0.0795512337830678
2017-06-11,0.077800454744849
2017-06-12,0.0767737052094384
2017-06-13,0.0756378975312851
2017-06-14,0.0741889785769737
2017-06-15,0.0728017564521101
2017-06-16,0.0714041033087561
2017-06-17,0.069924490589142
2017-06-18,0.0683807079114192
2017-06-19,0.0667290682314153
2017-06-20,0.0648821400528961
2017-06-21,0.0630435571528418
2017-06-22,0.0614658801498737
2017-06-23,0.0600908872306157
2017-06-24,0.0586048125006436
2017-06-25,0.0568372797163524
2017-06-26,0.0548895608851457
2017-06-27,0.0529322402174998
2017-06-28,0.0511531982705977
2017-06-29,0.0495734896715993
2017-06-30,0.0481293113366841
2017-07-01,0.0468930255390851
2017-07-02,0.0459557629306429
2017-07-03,0.0451599740401782
2017-07-04,0.0444030998217445
2017-07-05,0.0438247590357182
2017-07-06,0.0433245579787032
2017-07-07,0.0429056791144446
2017-07-08,0.0427223793389625
2017-07-09,0.0427956362529928
2017-07-10,0.0430863046404301
2017-07-11,0.0435524368114351
2017-07-12,0.0442032833661905
2017-07-13,0.0450503139860671
2017-07-14,0.046372045452618
2017-07-15,0.0494042907473401
2017-07-16,0.0548827718868947
2017-07-17,0.0601829721864056
2017-07-18,0.0622482258880672
2017-07-19,0.0616220097509995
2017-07-20,0.0598414200060955
2017-07-21,0.057833001463725
2017-07-22,0.0559260164723601
2017-07-23,0.0540724119246626
2017-07-24,0.0521844537476002
2017-07-25,0.0503199763980521
2017-07-26,0.048577950412705
2017-07-27,0.0469961792144204
2017-07-28,0.045504404068728
2017-07-29,0.0440477884300381
2017-07-30,0.0426083417670804
2017-07-31,0.0412203443003021
2017-08-01,0.0399935673397589
2017-08-02,0.0390640054312968
2017-08-03,0.038437973443018
2017-08-04,0.038036042190005
2017-08-05,0.0378922950757297
2017-08-06,0.0380220336986206
2017-08-07,0.0382138789728067
2017-08-08,0.0383068371083838
2017-08-09,0.0382146245459954
2017-08-10,0.0379556232208812
2017-08-11,0.0376053236828862
2017-08-12,0.0371669231854155
2017-08-13,0.0366766263550521
2017-08-14,0.0361934621143704
2017-08-15,0.0358105634209023
2017-08-16,0.0355889010063799
2017-08-17,0.0355911047477013
2017-08-18,0.0359139692580064
2017-08-19,0.036455617983902
2017-08-20,0.0370613405001098
2017-08-21,0.0375886706055056
2017-08-22,0.0379334655394896
2017-08-23,0.0382284817990416
2017-08-24,0.0387706405505255
2017-08-25,0.0399826735398822
2017-08-26,0.042132505000158
2017-08-27,0.0448218591915159
2017-08-28,0.0471633422708292
2017-08-29,0.0479893991468413
2017-08-30,0.0475339797608622
2017-08-31,0.0464307292788176
2017-09-01,0.045010557882921
2017-09-02,0.0434676578223445
2017-09-03,0.041926187416851
2017-09-04,0.0405402666923404
2017-09-05,0.0394145920967895
2017-09-06,0.0386105760412195
2017-09-07,0.0382404391576838
2017-09-08,0.0385053335284701
2017-09-09,0.03903820348194
2017-09-10,0.0394774852721255
2017-09-11,0.0395270122856316
2017-09-12,0.0391701962263949
2017-09-13,0.0386351640915331
2017-09-14,0.0380117142865289
2017-09-15,0.0375095659030548
2017-09-16,0.0374419048999939
2017-09-17,0.0377465134318841
2017-09-18,0.0381637292978732
2017-09-19,0.0385933954373708
2017-09-20,0.0389992158012878
2017-09-21,0.039323238068728
2017-09-22,0.0394178232411063
2017-09-23,0.0393123274298908
2017-09-24,0.0392173237131353
2017-09-25,0.0390536326393565
2017-09-26,0.0386818404650269
2017-09-27,0.0381968498146704
2017-09-28,0.0376850863734332
2017-09-29,0.0371917390996757
2017-09-30,0.0367531036194088
2017-10-01,0.0363388440511677
2017-10-02,0.0358582861666564
2017-10-03,0.0352125560070026
2017-10-04,0.0343858028119558
2017-10-05,0.0334613695816862
2017-10-06,0.0325542070451362
2017-10-07,0.0317426458133675
2017-10-08,0.0310250866635298
2017-10-09,0.0303274143313512
2017-10-10,0.0295806329809411
2017-10-11,0.0287951227309699
2017-10-12,0.0280120073265323
2017-10-13,0.027242476505697
2017-10-14,0.0264755261302614
2017-10-15,0.0257211886516961
2017-10-16,0.0249925253962248
2017-10-17,0.0242670076941196
2017-10-18,0.0235569763316937
2017-10-19,0.0228951272041147
2017-10-20,0.0223115181298591
2017-10-21,0.0218327643486114
2017-10-22,0.0214152853461487
2017-10-23,0.0209972612868765
2017-10-24,0.020578049650151
2017-10-25,0.0201818694137113
2017-10-26,0.0198036193105739
2017-10-27,0.0194385561847257
2017-10-28,0.0191475019193775
2017-10-29,0.0189477542045658
2017-10-30,0.0187423341340837
2017-10-31,0.0184995166404039
2017-11-01,0.0182519465098105
2017-11-02,0.0180214472736174
2017-11-03,0.0178282926914538
2017-11-04,0.0176732498938054
2017-11-05,0.0175445445073939
2017-11-06,0.0174381095609424
2017-11-07,0.0173486767595734
2017-11-08,0.0172650378679356
2017-11-09,0.0171870918087227
2017-11-10,0.0171136831896014
2017-11-11,0.0170383134260647
2017-11-12,0.0169435484869696
2017-11-13,0.0168059810967361
2017-11-14,0.0166176184834107
2017-11-15,0.0163944202107952
2017-11-16,0.0161656827465354
2017-11-17,0.0159575646666739
2017-11-18,0.01578002967947
2017-11-19,0.0156298360851993
2017-11-20,0.015496961987035
2017-11-21,0.0153726275643098
2017-11-22,0.0152522012296278
2017-11-23,0.01513228396976
2017-11-24,0.0150130088867025
2017-11-25,0.0148878151624676
2017-11-26,0.0147527369564861
2017-11-27,0.0146090446483475
2017-11-28,0.0144549190745155
2017-11-29,0.014289217454989
2017-11-30,0.0141153036666606
2017-12-01,0.0139390485746857
2017-12-02,0.0137649673083757
2017-12-03,0.013595364549722
2017-12-04,0.0134319143112962
2017-12-05,0.0132757587829211
2017-12-06,0.013126736026682
2017-12-07,0.0129832465548512
2017-12-08,0.0128440947691901
2017-12-09,0.0127092934406533
2017-12-10,0.012579052434766
2017-12-11,0.0124535936534999
2017-12-12,0.0123345005407839
2017-12-13,0.0122239078042425
2017-12-14,0.0121162438078588
2017-12-15,0.012008016878235
2017-12-16,0.0119055113353864
2017-12-17,0.0118155545200941
2017-12-18,0.0117363865874233
2017-12-19,0.0116612688858707
2017-12-20,0.0115880383828867
2017-12-21,0.0115173656473756
2017-12-22,0.0114490254719741
2017-12-23,0.0113832187192058
2017-12-24,0.0113201971158906
2017-12-25,0.0112593968013347
2017-12-26,0.0112007917036504
2017-12-27,0.0111451915175993
2017-12-28,0.0110927610108439
2017-12-29,0.011042658588137
2017-12-30,0.0109949960698653
2017-12-31,0.0109493687185226
2018-01-01,0.0109043347201302
2018-01-02,0.0108591769419127
2018-01-03,0.0108132971984206
2018-01-04,0.0107664473314198
2018-01-05,0.0107189200808119
2018-01-06,0.0106693900724455
2018-01-07,0.0106174796716579
2018-01-08,0.0105638685392796
2018-01-09,0.0105087291823817
2018-01-10,0.0104523399721695
2018-01-11,0.0103946520130968
2018-01-12,0.0103364051966558
2018-01-13,0.0102786224534734
2018-01-14,0.0102218598314066
2018-01-15,0.0101661585806515
2018-01-16,0.0101114312699324
2018-01-17,0.010057630956753
2018-01-18,0.0100051077107147
2018-01-19,0.00995440084061901
2018-01-20,0.00990556301912154
2018-01-21,0.00985846584284213
2018-01-22,0.00981261190979586
2018-01-23,0.00976736466893654
2018-01-24,0.00972293088250863
2018-01-25,0.00967988450218638
2018-01-26,0.00963695238713988
2018-01-27,0.00959270534346008
2018-01-28,0.00954799989459059
2018-01-29,0.00950343921453384
2018-01-30,0.0094587862404717
2018-01-31,0.00941398665182742
2018-02-01,0.00936895811882517
2018-02-02,0.00932403836857765
2018-02-03,0.00927988148086782
2018-02-04,0.00923604183525598
2018-02-05,0.00919196264026316
2018-02-06,0.00914822829689012
2018-02-07,0.00910549248496828
2018-02-08,0.00906331705496491
2018-02-09,0.0090214297461424
2018-02-10,0.00897946923785566
2018-02-11,0.00893742008132606
2018-02-12,0.00889562303884513
2018-02-13,0.00885435080584763
2018-02-14,0.00881393782012085
2018-02-15,0.00877420436544245
2018-02-16,0.00873487657436006
2018-02-17,0.00869546213469783
2018-02-18,0.00865589155551968
2018-02-19,0.00861636020934678
2018-02-20,0.00857660520573364
2018-02-21,0.00853744858548442
2018-02-22,0.00849901786885706
2018-02-23,0.00846101331541708
2018-02-24,0.00842232578849503
2018-02-25,0.00838317528456507
2018-02-26,0.00834470715186772
2018-02-27,0.00830714077237403
2018-02-28,0.00827028828985061
2018-03-01,0.00823410557345619
2018-03-02,0.00819856332443453
2018-03-03,0.00816290538252459
2018-03-04,0.00812745015864861
2018-03-05,0.00809204537670203
2018-03-06,0.00805564062869707
2018-03-07,0.00801860186915278
2018-03-08,0.00798038464616236
2018-03-09,0.00794247546570421
2018-03-10,0.00790552577964475
2018-03-11,0.0078676387559114
2018-03-12,0.00783020678967145
2018-03-13,0.0077936810508049
2018-03-14,0.00775735681300309
2018-03-15,0.00772118933464529
2018-03-16,0.00768513124578885
2018-03-17,0.0076503069616133
2018-03-18,0.00761557133098361
2018-03-19,0.00757887275177616
2018-03-20,0.0075415304420228
2018-03-21,0.00750645626143048
2018-03-22,0.00747176210716739
2018-03-23,0.00743691729897242
2018-03-24,0.00742422675187128
2018-03-25,0.00742576369807344
2018-03-26,0.00742942158811863
2018-03-27,0.00743702301196821
2018-03-28,0.00745017064960416
2018-03-29,0.0074649764291846
2018-03-30,0.00747231985099695
2018-03-31,0.0074790982181427
2018-04-01,0.0074910701868299
2018-04-02,0.00750693999211658
2018-04-03,0.0075150973289591
2018-04-04,0.00751187824396874
2018-04-05,0.00749224625104334
2018-04-06,0.00747275294333988
2018-04-07,0.00748115284516329
2018-04-08,0.00753692198888131
2018-04-09,0.00764974434922986
2018-04-10,0.00781488881710865
2018-04-11,0.00801737499160784
2018-04-12,0.0082437006237454
2018-04-13,0.00850798932385414
2018-04-14,0.00888156245115762
2018-04-15,0.00936310650830034
2018-04-16,0.009838654422576
2018-04-17,0.0102648965627172
2018-04-18,0.01069456843966
2018-04-19,0.0111592299227088
2018-04-20,0.0116544515084647
2018-04-21,0.0121358214843446
2018-04-22,0.0126339441500109
2018-04-23,0.0132426677888279
2018-04-24,0.0141799549009111
2018-04-25,0.015511305009769
2018-04-26,0.017269859399341
2018-04-27,0.0195922463007963
2018-04-28,0.0226718221356116
2018-04-29,0.0263856287400366
2018-04-30,0.0304652132127384
2018-05-01,0.0347529274705494
2018-05-02,0.0389005501722552
2018-05-03,0.0429308996918504
2018-05-04,0.0470475963964986
2018-05-05,0.0513810097565534
2018-05-06,0.0559375764898619
2018-05-07,0.0597366740539879
2018-05-08,0.062515749353927
2018-05-09,0.0646437462435555
2018-05-10,0.0660817384307427
2018-05-11,0.0669603009094244
2018-05-12,0.0674834906634826
2018-05-13,0.0676597660896516
2018-05-14,0.067487529892278
2018-05-15,0.0672463025435009
2018-05-16,0.0670580952850343
2018-05-17,0.0669398206253488
2018-05-18,0.066936860520999
2018-05-19,0.0670958524586247
2018-05-20,0.0674683588236436
2018-05-21,0.0679604220927415
2018-05-22,0.0684745395280116
2018-05-23,0.0691482201997096
2018-05-24,0.0703104073612182
2018-05-25,0.0719033845881689
2018-05-26,0.0737839481168057
2018-05-27,0.0756825120191964
2018-05-28,0.0776904618670672
2018-05-29,0.0799777755018735
2018-05-30,0.0828131665976061
2018-05-31,0.086287964142376
2018-06-01,0.0903303969589108
2018-06-02,0.0947833624309398
2018-06-03,0.099504116226256
2018-06-04,0.103990679942777
2018-06-05,0.10723175498895
2018-06-06,0.10755690554252
2018-06-07,0.10608385957708
2018-06-08,0.104449711315572
2018-06-09,0.103174232003059
2018-06-10,0.101682112636188
2018-06-11,0.0994854445675104
2018-06-12,0.0967333345153675
2018-06-13,0.0940409240692952
2018-06-14,0.0913402496200367
2018-06-15,0.0886321247297341
2018-06-16,0.0858091912210258
2018-06-17,0.0828297109901646
2018-06-18,0.0799836854930905
2018-06-19,0.0774908557899759
2018-06-20,0.0754303915023516
2018-06-21,0.0738108908762349
2018-06-22,0.0723905423249109
2018-06-23,0.0709614950086748
2018-06-24,0.0696306062646882
2018-06-25,0.0684818693922118
2018-06-26,0.0675693329867082
2018-06-27,0.0667866440730805
2018-06-28,0.0660651137980515
2018-06-29,0.0656992327133552
2018-06-30,0.0657841435461307
2018-07-01,0.0660166554517666
2018-07-02,0.0660623189478862
2018-07-03,0.0657431438958156
2018-07-04,0.0649709175174
2018-07-05,0.0638706933043144
2018-07-06,0.0628456335006766
2018-07-07,0.062308772693112
2018-07-08,0.0625897739091959
2018-07-09,0.0638248104165031
2018-07-10,0.065727418569683
2018-07-11,0.067334799387302
2018-07-12,0.0682991096395365
2018-07-13,0.0690199515912398
2018-07-14,0.0693770025525471
2018-07-15,0.069170558840262
2018-07-16,0.0686537259902806
2018-07-17,0.0682332103696326
2018-07-18,0.0677595032520305
2018-07-19,0.0665920518391503
2018-07-20,0.0645621948447654
2018-07-21,0.0621436611204516
2018-07-22,0.0596910699239605
2018-07-23,0.0578005527117002
2018-07-24,0.0571255339492372
2018-07-25,0.056268917891847
2018-07-26,0.055195771837635
2018-07-27,0.0546602156517847
2018-07-28,0.0547473689107579
2018-07-29,0.0548301572852364
2018-07-30,0.0543975814167645
2018-07-31,0.0534161279158348
2018-08-01,0.0522057214233212
2018-08-02,0.0509529071637454
2018-08-03,0.0497441251389324
2018-08-04,0.0487098159036773
2018-08-05,0.0477016950060459
2018-08-06,0.0466476356628459
2018-08-07,0.0457350202002201
2018-08-08,0.0449758599811339
2018-08-09,0.044225629438183
2018-08-10,0.0434562489880424
2018-08-11,0.0428131287687188
2018-08-12,0.0423883865836309
2018-08-13,0.0421977378623698
2018-08-14,0.0420318781545141
2018-08-15,0.0419038262305683
2018-08-16,0.0417380779581596
2018-08-17,0.0413546558605576
2018-08-18,0.0407793576666683
2018-08-19,0.0402550935126452
2018-08-20,0.0400743206866455
2018-08-21,0.0403494898973736
2018-08-22,0.0408533846511245
2018-08-23,0.0413857521187242
2018-08-24,0.041745397726265
2018-08-25,0.0417784510353537
2018-08-26,0.0414333860664534
2018-08-27,0.0407587157151978
2018-08-28,0.0400222650550123
2018-08-29,0.039469369746716
2018-08-30,0.0389718039500502
2018-08-31,0.0384064231058574
2018-09-01,0.0377713740780648
2018-09-02,0.0370352072603571
2018-09-03,0.036339185182047
2018-09-04,0.0357513778834599
2018-09-05,0.0351450716531571
2018-09-06,0.0345650328953984
2018-09-07,0.0342022229598028
2018-09-08,0.034184893850886
2018-09-09,0.0344402423550348
2018-09-10,0.0346975917330726
2018-09-11,0.0347000464723822
2018-09-12,0.0343453312457461
2018-09-13,0.0336507310405425
2018-09-14,0.0327788582130962
2018-09-15,0.0320871223503604
2018-09-16,0.0318972232730737
2018-09-17,0.0324432122825497
2018-09-18,0.0336024998043602
2018-09-19,0.0350216903195502
2018-09-20,0.0364203502365933
2018-09-21,0.0375273027179581
2018-09-22,0.0380752860939093
2018-09-23,0.038021107338024
2018-09-24,0.0375079679672933
2018-09-25,0.0366918639180283
2018-09-26,0.0357258526332601
2018-09-27,0.0347869616710728
2018-09-28,0.0340005579127994
2018-09-29,0.0334103279774927
2018-09-30,0.03298136822093
2018-10-01,0.0325932478234308
2018-10-02,0.0321725547092352
2018-10-03,0.0317335525685349
2018-10-04,0.031335170560476
2018-10-05,0.0309990000630568
2018-10-06,0.0307208317831004
2018-10-07,0.0304826314656747
2018-10-08,0.0301950679897296
2018-10-09,0.0298174193773989
2018-10-10,0.0294499293092609
2018-10-11,0.0290423760542514
2018-10-12,0.0285587003897061
2018-10-13,0.0280851005979849
2018-10-14,0.0276564547643654
2018-10-15,0.0273022203072228
2018-10-16,0.0269688859296268
2018-10-17,0.0265531121898599
2018-10-18,0.0260228721283764
2018-10-19,0.0254197080574825
2018-10-20,0.024793206511052
2018-10-21,0.0241796230828755
2018-10-22,0.0235891081705132
2018-10-23,0.0230266518811236
2018-10-24,0.0224902367483116
2018-10-25,0.0219726480835929
2018-10-26,0.0214965990160442
2018-10-27,0.0211065764409186
2018-10-28,0.0207875463639395
2018-10-29,0.0205484420846499
2018-10-30,0.0203782759300895
2018-10-31,0.0202724077639938
2018-11-01,0.0202322176924676
2018-11-02,0.0202262037171088
2018-11-03,0.0202169436031354
2018-11-04,0.0201879909847538
2018-11-05,0.020128566473472
2018-11-06,0.0200404380422285
2018-11-07,0.0199289363016898
2018-11-08,0.0197922594218564
2018-11-09,0.0196254549404001
2018-11-10,0.0194324825816064
2018-11-11,0.0192249178321022
2018-11-12,0.0190141553843401
2018-11-13,0.018805623164341
2018-11-14,0.018599826342741
2018-11-15,0.0183926455637104
2018-11-16,0.0181797402765753
2018-11-17,0.017962478861852
2018-11-18,0.0177427916703129
2018-11-19,0.0175167973772253
2018-11-20,0.0172832807638032
2018-11-21,0.0170467014605007
2018-11-22,0.0168122819439782
2018-11-23,0.016582464299935
2018-11-24,0.0163584209187087
2018-11-25,0.016141921052043
2018-11-26,0.0159324702434691
2018-11-27,0.0157280355569929
2018-11-28,0.0155258414023778
2018-11-29,0.0153231424183348
2018-11-30,0.015119748066852
2018-12-01,0.0149181647909652
2018-12-02,0.0147220369059107
2018-12-03,0.0145339609388198
2018-12-04,0.0143542390169517
2018-12-05,0.0141830118590982
2018-12-06,0.0140210682803438
2018-12-07,0.0138690406250453
2018-12-08,0.0137261619598648
2018-12-09,0.0135908128276287
2018-12-10,0.0134637364525252
2018-12-11,0.0133441013958709
2018-12-12,0.0132309863704712
2018-12-13,0.0131255274283781
2018-12-14,0.0130288572228226
2018-12-15,0.0129379110997242
2018-12-16,0.0128511851591604
2018-12-17,0.012769462322522
2018-12-18,0.0126920620656007
2018-12-19,0.0126187974893833
2018-12-20,0.0125489671497138
2018-12-21,0.0124831325916179
2018-12-22,0.0124206888824293
2018-12-23,0.0123601405988082
2018-12-24,0.0123010853244021
2018-12-25,0.0122424332669874
2018-12-26,0.0121827073327152
2018-12-27,0.0121211693311568
2018-12-28,0.0120574116038129
2018-12-29,0.0119910470853485
2018-12-30,0.0119222831831256
2018-12-31,0.011851498418644
2019-01-01,0.0117792072854862
2019-01-02,0.0117072618104409
2019-01-03,0.0116377990913551
2019-01-04,0.0115701650838252
2019-01-05,0.0115135055533344
2019-01-06,0.0114693194142658
2019-01-07,0.0114162439430372
2019-01-08,0.0113465252204839
2019-01-09,0.0112807437469887
2019-01-10,0.011228243493757
2019-01-11,0.0111788072322611
2019-01-12,0.0111234349450878
2019-01-13,0.0110636018643887
2019-01-14,0.0110031996573332
2019-01-15,0.0109426400758543
2019-01-16,0.0108828993034412
2019-01-17,0.0108246523702666
2019-01-18,0.010766887947085
2019-01-19,0.0107095710221888
2019-01-20,0.0106524481324255
2019-01-21,0.010595340037801
2019-01-22,0.0105388419089733
2019-01-23,0.0104831521054104
2019-01-24,0.010428175485583
2019-01-25,0.0103751041146496
2019-01-26,0.0103240047816065
2019-01-27,0.010274191108315
2019-01-28,0.0102270906541625
2019-01-29,0.010190317056559
2019-01-30,0.0101728905990712
2019-01-31,0.0101613038995418
2019-02-01,0.0101453342829125
2019-02-02,0.0101296712800773
2019-02-03,0.0101081784236572
2019-02-04,0.01007311195982
2019-02-05,0.0100279520986191
2019-02-06,0.00997824740387367
2019-02-07,0.00992847683102116
2019-02-08,0.00987875752080706
2019-02-09,0.00982822690577294
2019-02-10,0.0097777361707669
2019-02-11,0.00972787879070339
2019-02-12,0.00967829853621854
2019-02-13,0.00962891205828781
2019-02-14,0.00957967970753467
2019-02-15,0.0095301590332417
2019-02-16,0.00948089312350787
2019-02-17,0.00943189401015484
2019-02-18,0.00938382427068464
2019-02-19,0.00933611485451767
2019-02-20,0.00928960081190752
2019-02-21,0.00924446696031347
2019-02-22,0.00919943435194574
2019-02-23,0.00915508147108503
2019-02-24,0.00911166574372802
2019-02-25,0.00906914851166002
2019-02-26,0.00902699117958327
2019-02-27,0.00898486049975654
2019-02-28,0.00894293231147694
2019-03-01,0.00890252522434623
2019-03-02,0.00886210147818321
2019-03-03,0.00882129893630711
2019-03-04,0.00878095081506942
2019-03-05,0.00874003398171189
2019-03-06,0.00869732606315884
2019-03-07,0.00865423361077817
2019-03-08,0.00861294855729001
2019-03-09,0.00857156511525946
2019-03-10,0.00852996731668069
2019-03-11,0.00848895696476588
2019-03-12,0.00844643445680453
2019-03-13,0.00840651517635645
2019-03-14,0.00837324817505091
2019-03-15,0.0083511337554431
2019-03-16,0.00833547868306101
2019-03-17,0.00833230268657218
2019-03-18,0.0083382778993242
2019-03-19,0.00834956507727415
2019-03-20,0.00837401350118452
2019-03-21,0.00843522415047318
2019-03-22,0.00856974631375184
2019-03-23,0.00875219060185799
2019-03-24,0.00896011133424893
2019-03-25,0.00918833931233831
2019-03-26,0.00940224401059299
2019-03-27,0.00957715516355505
2019-03-28,0.00967436269735561
2019-03-29,0.00968665980007695
2019-03-30,0.00964560776867763
2019-03-31,0.00959101405652815
2019-04-01,0.00956054079251578
2019-04-02,0.00955955506217562
2019-04-03,0.00962034663772756
2019-04-04,0.00971186055201949
2019-04-05,0.00979292277650254
2019-04-06,0.00986494438691361
2019-04-07,0.00992954634538789
2019-04-08,0.00997125046088862
2019-04-09,0.0100092348797507
2019-04-10,0.0100662347933735
2019-04-11,0.0101741321118236
2019-04-12,0.010365488690167
2019-04-13,0.0106237608961121
2019-04-14,0.0109257048206729
2019-04-15,0.0112541715771512
2019-04-16,0.0115933683397346
2019-04-17,0.0119644740697227
2019-04-18,0.0124204379744564
2019-04-19,0.0130674780463384
2019-04-20,0.0139691522031121
2019-04-21,0.014989591153254
2019-04-22,0.0159076049827948
2019-04-23,0.0166928637873725
2019-04-24,0.0174674418772888
2019-04-25,0.0182862445989471
2019-04-26,0.0192982364921079
2019-04-27,0.0205687581917997
2019-04-28,0.0221319397919445
2019-04-29,0.0239740702279072
2019-04-30,0.0261411372548874
2019-05-01,0.0286667025210223
2019-05-02,0.0314281506607276
2019-05-03,0.03442501408249
2019-05-04,0.0378384036189986
2019-05-05,0.0417571971370581
2019-05-06,0.0459213085760476
2019-05-07,0.0500735378331247
2019-05-08,0.0545252666822032
2019-05-09,0.0594311251763669
2019-05-10,0.06427164177897
2019-05-11,0.0682028260997934
2019-05-12,0.070998733146848
2019-05-13,0.0729799516275446
2019-05-14,0.0744335894619767
2019-05-15,0.0750724121978792
2019-05-16,0.0747734287827084
2019-05-17,0.0739710592564422
2019-05-18,0.0732903972921656
2019-05-19,0.072967268274408
2019-05-20,0.0729505280795022
2019-05-21,0.0732759433161075
2019-05-22,0.0738883442539031
2019-05-23,0.0745714342617763
2019-05-24,0.0754174690943107
2019-05-25,0.0764838980089315
2019-05-26,0.0774046508252675
2019-05-27,0.0777825269657691
2019-05-28,0.0773833107471809
2019-05-29,0.0762324764573866
2019-05-30,0.074991720985608
2019-05-31,0.0742254504739014
2019-06-01,0.0735380743481587
2019-06-02,0.0725820464496072
2019-06-03,0.0715244259478663
2019-06-04,0.0707174315618616
2019-06-05,0.0703981062129647
2019-06-06,0.0702933239860786
2019-06-07,0.0701452722633434
2019-06-08,0.0700637991773403
2019-06-09,0.0702817900758368
2019-06-10,0.0706359714651495
2019-06-11,0.0706725467899935
2019-06-12,0.0704754238369476
2019-06-13,0.0703063629938389
2019-06-14,0.0701226872341356
2019-06-15,0.0700503888236008
2019-06-16,0.0697684629742911
2019-06-17,0.0689125258188872
2019-06-18,0.0676025737953991
2019-06-19,0.0661607381887658
2019-06-20,0.0647991333764741
2019-06-21,0.0634829763044531
2019-06-22,0.0621564752381841
2019-06-23,0.0607581707087634
2019-06-24,0.0593755551609424
2019-06-25,0.0581680276946834
2019-06-26,0.0571198694272829
2019-06-27,0.0560092849647591
2019-06-28,0.0548016398382447
2019-06-29,0.0535189184735694
2019-06-30,0.0522148162281958
2019-07-01,0.0511548028680795
2019-07-02,0.0504046278334683
2019-07-03,0.0496899708503826
2019-07-04,0.048948947853333
2019-07-05,0.0483197779611314
2019-07-06,0.0477345737912283
2019-07-07,0.0469856331547748
2019-07-08,0.0460861189724682
2019-07-09,0.045047026844279
2019-07-10,0.0439547914064569
2019-07-11,0.0429656462828678
2019-07-12,0.042199885160935
2019-07-13,0.0417581929389022
2019-07-14,0.0415527515878929
2019-07-15,0.041507906649193
2019-07-16,0.0415235911177041
2019-07-17,0.0415861427488771
2019-07-18,0.0416859612863169
2019-07-19,0.041658240005051
2019-07-20,0.0413874057576941
2019-07-21,0.0408383881219703
2019-07-22,0.0401478974699907
2019-07-23,0.0394456525521027
2019-07-24,0.0387387616449074
2019-07-25,0.0379776036295792
2019-07-26,0.0373083397524588
2019-07-27,0.0373804237308528
2019-07-28,0.0381504515885512
2019-07-29,0.0388530478692256
2019-07-30,0.0389020621805994
2019-07-31,0.0383101721146972
2019-08-01,0.0372917487291837
2019-08-02,0.0360574404986984
2019-08-03,0.0349081445410383
2019-08-04,0.0339310217368714
2019-08-05,0.0331334654978709
2019-08-06,0.032554599131574
2019-08-07,0.0320785688684525
2019-08-08,0.031654057053607
2019-08-09,0.0312777468595462
2019-08-10,0.0309866469773066
2019-08-11,0.0308055158130856
2019-08-12,0.0305735985123427
2019-08-13,0.0303838113804783
2019-08-14,0.0301701402810375
2019-08-15,0.0301586742491346
2019-08-16,0.0307100643976326
2019-08-17,0.0317495144043702
2019-08-18,0.0329750647314653
2019-08-19,0.0341040298357549
2019-08-20,0.0348758093307763
2019-08-21,0.0353699350085487
2019-08-22,0.035722270701511
2019-08-23,0.0356877431568529
2019-08-24,0.0353106930208694
2019-08-25,0.0348980996296638
2019-08-26,0.0345758782751601
2019-08-27,0.034370433544873
2019-08-28,0.0342644216027019
2019-08-29,0.0340698621849964
2019-08-30,0.033754984404999
2019-08-31,0.0334835094017595
2019-09-01,0.0331957426115384
2019-09-02,0.0328372456903079
2019-09-03,0.0324841543551378
2019-09-04,0.0322521915230651
2019-09-05,0.0321167227334025
2019-09-06,0.032019454336468
2019-09-07,0.0319238169102998
2019-09-08,0.0318068781798048
2019-09-09,0.0316593589036556
2019-09-10,0.0315116382640474
2019-09-11,0.0314446923423455
2019-09-12,0.0316253445215611
2019-09-13,0.0319995606724152
2019-09-14,0.0324185410601282
2019-09-15,0.0330409752070679
2019-09-16,0.0338837615145879
2019-09-17,0.0346165673593021
2019-09-18,0.0350740966806729
2019-09-19,0.0352715449213668
2019-09-20,0.0353363457029184
2019-09-21,0.0354067441791291
2019-09-22,0.0355452520426935
2019-09-23,0.0358159159990311
2019-09-24,0.0362457980997349
2019-09-25,0.0366189794031174
2019-09-26,0.0367365650748304
2019-09-27,0.0365347085757744
2019-09-28,0.0360995226457588
2019-09-29,0.0355860593146529
2019-09-30,0.0350826928852913
2019-10-01,0.0345850629817545
2019-10-02,0.0340669027394248
2019-10-03,0.0335358130094267
2019-10-04,0.0330596058420822
2019-10-05,0.0327481102515351
2019-10-06,0.0326571580711939
2019-10-07,0.0327058913269453
2019-10-08,0.0327639529689855
2019-10-09,0.032719051701367
2019-10-10,0.0324764640044968
2019-10-11,0.032042775283322
2019-10-12,0.0314674869416557
2019-10-13,0.0307445332661656
2019-10-14,0.0298997045329761
2019-10-15,0.0290214141571659
2019-10-16,0.0281768777505836
2019-10-17,0.0274289522018823
2019-10-18,0.026809142935962
2019-10-19,0.0262842728579116
2019-10-20,0.0258538504435287
2019-10-21,0.0254870044556469
2019-10-22,0.0251193772698905
2019-10-23,0.0247014012235034
2019-10-24,0.0242070954650702
2019-10-25,0.0236615848280314
2019-10-26,0.0231230363468778
2019-10-27,0.0226105136967591
2019-10-28,0.0222166268835381
2019-10-29,0.0220402095041013
2019-10-30,0.0218867842488297
2019-10-31,0.0216035369754138
2019-11-01,0.021305322604494
2019-11-02,0.0210504567556199
2019-11-03,0.0208851465637382
2019-11-04,0.0208039558844394
2019-11-05,0.0207764620659741
2019-11-06,0.0208098507451706
2019-11-07,0.0209890940945172
2019-11-08,0.0213537420556891
2019-11-09,0.0218452142185509
2019-11-10,0.0223735570050891
2019-11-11,0.0228993309810434
2019-11-12,0.0234140768495645
2019-11-13,0.0238409242938804
2019-11-14,0.0241303314235696
2019-11-15,0.0243023375242925
2019-11-16,0.0242757039098882
2019-11-17,0.0239371553743546
2019-11-18,0.0233465261885679
2019-11-19,0.0226633100897643
2019-11-20,0.0220366383297821
2019-11-21,0.0215994900675116
2019-11-22,0.0212756621600981
2019-11-23,0.0208697167874042
2019-11-24,0.0203801093275068
2019-11-25,0.0199051995175497
2019-11-26,0.019492890817728
2019-11-27,0.0191352398372792
2019-11-28,0.018801302494823
2019-11-29,0.0184485742905947
2019-11-30,0.0180584556038832
2019-12-01,0.017654291281146
2019-12-02,0.0172587542630523
2019-12-03,0.0168804184854705
2019-12-04,0.0165229529577777
2019-12-05,0.0161870190067467
2019-12-06,0.0158725771684322
2019-12-07,0.0155806708208779
2019-12-08,0.0153112072231203
2019-12-09,0.0150616893360898
2019-12-10,0.0148288155295681
2019-12-11,0.0146108443285421
2019-12-12,0.0144075304016093
2019-12-13,0.0142183913337567
2019-12-14,0.0140419535840918
2019-12-15,0.0138769616087162
2019-12-16,0.0137222401628028
2019-12-17,0.0135767540845826
2019-12-18,0.0134393414019447
2019-12-19,0.0133082992982965
2019-12-20,0.0131825552110986
2019-12-21,0.0130629905921764
2019-12-22,0.0129504146738471
2019-12-23,0.0128450190312369
2019-12-24,0.0127464266063866
2019-12-25,0.0126535903533767
2019-12-26,0.012566016065938
2019-12-27,0.0124834906483099
2019-12-28,0.01240495318743
2019-12-29,0.0123295862850415
2019-12-30,0.012256409064795
2019-12-31,0.0121842597496384
2020-01-01,0.0121126156184945
2020-01-02,0.0120412984297174
2020-01-03,0.0119705093819302
2020-01-04,0.0119006131373142
2020-01-05,0.0118313161313676
2020-01-06,0.0117623581572787
2020-01-07,0.0116936790573942
2020-01-08,0.0116265096638438
2020-01-09,0.0115626771149409
2020-01-10,0.0115011126739855
2020-01-11,0.0114392206895277
2020-01-12,0.011376066006492
2020-01-13,0.0113128352986905
2020-01-14,0.0112502527950019
2020-01-15,0.0111887794641154
2020-01-16,0.011128664961379
2020-01-17,0.0110692747320241
2020-01-18,0.0110100721523359
2020-01-19,0.0109516670394765
2020-01-20,0.0108947401381522
2020-01-21,0.0108387633622998
2020-01-22,0.0107838931181406
2020-01-23,0.0107304559316276
2020-01-24,0.0106782568281883
2020-01-25,0.0106264077243999
2020-01-26,0.0105746823647831
2020-01-27,0.0105238282785409
2020-01-28,0.010473992944084
2020-01-29,0.010425669676039
2020-01-30,0.0103794149521031
2020-01-31,0.0103338588958632
2020-02-01,0.0102879149643608
2020-02-02,0.010243023796314
2020-02-03,0.0101997648075076
2020-02-04,0.0101571938319857
2020-02-05,0.0101142953679168
2020-02-06,0.0100715186816847
2020-02-07,0.0100292091542146
2020-02-08,0.00998652856990527
2020-02-09,0.00994371114042343
2020-02-10,0.00990408605562463
2020-02-11,0.00986674161486482
2020-02-12,0.0098295108271137
2020-02-13,0.00979264411339879
2020-02-14,0.00975578074381542
2020-02-15,0.00971505870713481
2020-02-16,0.00967021906193604
2020-02-17,0.00962612614692026
2020-02-18,0.00958471778205717
2020-02-19,0.00954398181630974
2020-02-20,0.00950356902931899
2020-02-21,0.00946474457783408
2020-02-22,0.00943028364804584
2020-02-23,0.00940392475312533
2020-02-24,0.00938601565255974
2020-02-25,0.00937155544555127
2020-02-26,0.00933556770354344
2020-02-27,0.00930225222757614
2020-02-28,0.00928971029494053
2020-02-29,0.00929071250951724
2020-03-01,0.00929789782187982
2020-03-02,0.00931278798598245
2020-03-03,0.00932990987243856
2020-03-04,0.00932788532733403
2020-03-05,0.00931397319819247
2020-03-06,0.00928775214888225
2020-03-07,0.00924872809766178
2020-03-08,0.00920439331401736
2020-03-09,0.00915327653144957
2020-03-10,0.00908840191292307
2020-03-11,0.009005078073243
2020-03-12,0.00891166385922818
2020-03-13,0.0088275813711171
2020-03-14,0.00876811061956647
2020-03-15,0.00873043647962869
2020-03-16,0.00871131749546751
2020-03-17,0.00872446370653505
2020-03-18,0.008760397156058
2020-03-19,0.00880958313732597
2020-03-20,0.00886266795157539
2020-03-21,0.00890956913467474
2020-03-22,0.00894079145849397
2020-03-23,0.00898277191223495
2020-03-24,0.00903757809396127
2020-03-25,0.00910323350030048
2020-03-26,0.00916858879182909
2020-03-27,0.00922222990769413
2020-03-28,0.0092624220829954
2020-03-29,0.00929853730014668
2020-03-30,0.00931596640900455
2020-03-31,0.00934117755566347
2020-04-01,0.00939511511362486
2020-04-02,0.00950317549088109
2020-04-03,0.0097166322763459
2020-04-04,0.0100639532395469
2020-04-05,0.0105637076197137
2020-04-06,0.0112313955054505
2020-04-07,0.0120355341409598
2020-04-08,0.0129373498041162
2020-04-09,0.0139975651543633
2020-04-10,0.015227151540152
2020-04-11,0.0167861393130046
2020-04-12,0.0186628743882847
2020-04-13,0.0207798659297685
2020-04-14,0.0230908304477177
2020-04-15,0.0256448992751388
2020-04-16,0.0285847828764457
2020-04-17,0.0319486540687408
2020-04-18,0.0357402689949104
2020-04-19,0.0398650829979775
2020-04-20,0.0442801761447493
2020-04-21,0.048874105435565
2020-04-22,0.0533699824723153
2020-04-23,0.0576163099085657
2020-04-24,0.0618694952948857
2020-04-25,0.0659959376856805
2020-04-26,0.0696646717662429
2020-04-27,0.0729149110764128
2020-04-28,0.076142023692146
2020-04-29,0.0796864555427493
2020-04-30,0.0840963144068798
2020-05-01,0.0892289208404145
2020-05-02,0.0941170711967306
2020-05-03,0.0978125978292305
2020-05-04,0.100301528462687
2020-05-05,0.10138145781923
2020-05-06,0.101020748160003
2020-05-07,0.0996919742805535
2020-05-08,0.0981053919275444
2020-05-09,0.0965263917773424
2020-05-10,0.0950876443418618
2020-05-11,0.0938304031659
2020-05-12,0.0927104338996044
2020-05-13,0.0916868186639265
2020-05-14,0.0904374031464928
2020-05-15,0.0889117377765053
2020-05-16,0.0874326404127096
2020-05-17,0.0860939116575258
2020-05-18,0.0846932047932884
2020-05-19,0.083304389080896
2020-05-20,0.0822056321396186
2020-05-21,0.0814226060238907
2020-05-22,0.0809334480639146
2020-05-23,0.0806371250536761
2020-05-24,0.0804627399995773
2020-05-25,0.080393558473946
2020-05-26,0.0802657047324671
2020-05-27,0.0800823911186
2020-05-28,0.0798666404274952
2020-05-29,0.0795564581448724
2020-05-30,0.0791985348940555
2020-05-31,0.0785709667875562
2020-06-01,0.0771523430538264
2020-06-02,0.0751422435822036
2020-06-03,0.0731228361437171
2020-06-04,0.0713086965535051
2020-06-05,0.0697773596332435
2020-06-06,0.0686624073051144
2020-06-07,0.0679529248232708
2020-06-08,0.0676635354527653
2020-06-09,0.0676211624828695
2020-06-10,0.0677806899360313
2020-06-11,0.0683424979639359
2020-06-12,0.0691254367369308
2020-06-13,0.0697142749254654
2020-06-14,0.0699353616424757
2020-06-15,0.0699861105104701
2020-06-16,0.070035540815248
2020-06-17,0.0702930159389612
2020-06-18,0.0705840394322542
2020-06-19,0.0704986819464894
2020-06-20,0.0702522666352398
2020-06-21,0.0698329959868742
2020-06-22,0.0689750804877892
2020-06-23,0.067570997666811
2020-06-24,0.0659354719261345
2020-06-25,0.064252719286301
2020-06-26,0.0627286547680801
2020-06-27,0.061403846949614
2020-06-28,0.0601065780885404
2020-06-29,0.0587816611060579
2020-06-30,0.0574706950905843
2020-07-01,0.0561985148070597
2020-07-02,0.0549816650585048
2020-07-03,0.0538358067953245
2020-07-04,0.0533312814963696
2020-07-05,0.0536395163519131
2020-07-06,0.0530858580997913
2020-07-07,0.0512757507722337
2020-07-08,0.0493268359822034
2020-07-09,0.0476848467283089
2020-07-10,0.0465003959907223
2020-07-11,0.0458054667883473
2020-07-12,0.0454504842531795
2020-07-13,0.0453127772531003
2020-07-14,0.0451621612014637
2020-07-15,0.0449456594564305
2020-07-16,0.044797960255177
2020-07-17,0.0446865653819122
2020-07-18,0.0444629603676162
2020-07-19,0.0442772774274608
2020-07-20,0.044475282245765
2020-07-21,0.0450989526844251
2020-07-22,0.0460523728720402
2020-07-23,0.0476492651625716
2020-07-24,0.0501253468866146
2020-07-25,0.0530351170344792
2020-07-26,0.055324222127875
2020-07-27,0.0561954269358394
2020-07-28,0.0559079307688233
2020-07-29,0.0551856368805576
2020-07-30,0.0546010951124067
2020-07-31,0.0542732651868489
2020-08-01,0.0540834889371164
2020-08-02,0.0541127231697337
2020-08-03,0.0542725419938152
2020-08-04,0.0543908596831957
2020-08-05,0.0543873720613008
2020-08-06,0.0540892290065677
2020-08-07,0.053513458683478
2020-08-08,0.0528556124080365
2020-08-09,0.0520582591042473
2020-08-10,0.0509409853191976
2020-08-11,0.049556834350437
2020-08-12,0.0480870982261487
2020-08-13,0.0466921341001222
2020-08-14,0.0455134934268872
2020-08-15,0.0446113796906702
2020-08-16,0.0439707024033737
2020-08-17,0.0435790468397471
2020-08-18,0.043372416177185
2020-08-19,0.0431996010859792
2020-08-20,0.0428996516156456
2020-08-21,0.0423829703842881
2020-08-22,0.0416493712504372
2020-08-23,0.0408285468943458
2020-08-24,0.0399378962504226
2020-08-25,0.039070883359417
2020-08-26,0.0382412407881641
2020-08-27,0.037397394345161
2020-08-28,0.0367664046764822
2020-08-29,0.03649682479917
2020-08-30,0.0365807241654694
2020-08-31,0.0368359203389721
2020-09-01,0.0370241414110808
2020-09-02,0.0369130203068427
2020-09-03,0.036572153211499
2020-09-04,0.0363267656890583
2020-09-05,0.0362884469596963
2020-09-06,0.0364350318130648
2020-09-07,0.036740896435805
2020-09-08,0.037100146106438
2020-09-09,0.0372523767541197
2020-09-10,0.0372048401233668
2020-09-11,0.0371766503509578
2020-09-12,0.0373123473867082
2020-09-13,0.0375414469845352
2020-09-14,0.0377866856516038
2020-09-15,0.0379440264112552
2020-09-16,0.0379871056513599
2020-09-17,0.0379720114810223
2020-09-18,0.0379649482771715
2020-09-19,0.0379368244830043
2020-09-20,0.0379230939586071
2020-09-21,0.0378993343437021
2020-09-22,0.0377800604874314
2020-09-23,0.0374991879960118
2020-09-24,0.0371745216698623
2020-09-25,0.0369561625878797
2020-09-26,0.0368424115674334
2020-09-27,0.0367266754133359
2020-09-28,0.0365815941373534
2020-09-29,0.0365558723600076
2020-09-30,0.036900064342462
2020-10-01,0.037571769232148
2020-10-02,0.0380811852640342
2020-10-03,0.0381261460297961
2020-10-04,0.0377236099198603
2020-10-05,0.0369711449065379
2020-10-06,0.0359594455022155
2020-10-07,0.0347801218905563
2020-10-08,0.0335286924222049
2020-10-09,0.0323013383736978
2020-10-10,0.0311579439014547
2020-10-11,0.0301052582748259
2020-10-12,0.0291098535313884
2020-10-13,0.0281942556038232
2020-10-14,0.0273996654929022
2020-10-15,0.0267536047877153
2020-10-16,0.0261944802631454
2020-10-17,0.0257290970711337
2020-10-18,0.0253881014369869
2020-10-19,0.0251269619528348
2020-10-20,0.0249259381176509
2020-10-21,0.0248312975039145
2020-10-22,0.0248270613546337
2020-10-23,0.0247762879770021
2020-10-24,0.0246380987884498
2020-10-25,0.0244804713312949
2020-10-26,0.0243376049526769
2020-10-27,0.0242188899002761
2020-10-28,0.0241300203110099
2020-10-29,0.0240718012286812
2020-10-30,0.0240327085949281
2020-10-31,0.0240403520027713
2020-11-01,0.0240451031391582
2020-11-02,0.0239624871337111
2020-11-03,0.0238052441967501
2020-11-04,0.0236339731722065
2020-11-05,0.0234450937504747
2020-11-06,0.0232385776995557
2020-11-07,0.0230398110855811
2020-11-08,0.0227998782112934
2020-11-09,0.0224984302873408
2020-11-10,0.0221851120160195
2020-11-11,0.0219147752492978
2020-11-12,0.0216838992704958
2020-11-13,0.0214590441221286
2020-11-14,0.0212448473297235
2020-11-15,0.0210523028757024
2020-11-16,0.0208683196341188
2020-11-17,0.0206666842447639
2020-11-18,0.0204446829678675
2020-11-19,0.0202248470825756
2020-11-20,0.0200235264806876
2020-11-21,0.0198437460796622
2020-11-22,0.0196867464650108
2020-11-23,0.0195548774350261
2020-11-24,0.019445690381076
2020-11-25,0.0193528863685988
2020-11-26,0.0192666484344613
2020-11-27,0.0191746571971785
2020-11-28,0.0190678879098317
2020-11-29,0.0189386530323338
2020-11-30,0.0187791914349954
2020-12-01,0.0185877059159389
2020-12-02,0.0183671048411806
2020-12-03,0.0181236650846729
2020-12-04,0.017869874727356
2020-12-05,0.0176215322737392
2020-12-06,0.0173927576747275
2020-12-07,0.0171847719911508
2020-12-08,0.0170085357285454
2020-12-09,0.0168550706524696
2020-12-10,0.0167148011334084
2020-12-11,0.0165988642045175
2020-12-12,0.0165026636809066
2020-12-13,0.0163769331771624
2020-12-14,0.0161945515537602
2020-12-15,0.0159872713232037
2020-12-16,0.0157818581630086
2020-12-17,0.0155853670421207
2020-12-18,0.015398083010129
2020-12-19,0.0152186215643855
2020-12-20,0.0150458971285478
2020-12-21,0.0148818576396191
2020-12-22,0.014728464729978
2020-12-23,0.0145849312250351
2020-12-24,0.0144505348093703
2020-12-25,0.0143252341896622
2020-12-26,0.0142087797882821
2020-12-27,0.0141008019569499
2020-12-28,0.0140009796304099
2020-12-29,0.0139079488753027
2020-12-30,0.0138198422420883
2020-12-31,0.0137361918297189
2021-01-01,0.0136563869116893
2021-01-02,0.0135790159209887
2021-01-03,0.0135023767111753
2021-01-04,0.01342525092283
2021-01-05,0.0133479007958901
2021-01-06,0.0132702961661445
2021-01-07,0.0131918433398952
2021-01-08,0.0131123651727878
2021-01-09,0.0130321375345529
2021-01-10,0.0129520257644218
2021-01-11,0.0128729877688112
2021-01-12,0.0127955489760853
2021-01-13,0.01271835740731
2021-01-14,0.0126413725587562
2021-01-15,0.0125650454419594
2021-01-16,0.012489636872794
2021-01-17,0.0124161900338033
2021-01-18,0.012344091045375
2021-01-19,0.0122726606983185
2021-01-20,0.0122015656491966
2021-01-21,0.0121309345997628
2021-01-22,0.012062137653157
2021-01-23,0.0119955672905239
2021-01-24,0.0119308400670923
2021-01-25,0.0118674042059405
2021-01-26,0.0118048352155613
2021-01-27,0.011743201162911
2021-01-28,0.0116819702818652
2021-01-29,0.0116208764702157
2021-01-30,0.0115599350151293
2021-01-31,0.0114991176013331
2021-02-01,0.0114386098596851
2021-02-02,0.0113783154313355
2021-02-03,0.0113181810157798
2021-02-04,0.0112582883636617
2021-02-05,0.0111989243434865
2021-02-06,0.011140754072477
2021-02-07,0.0110827411948661
2021-02-08,0.0110244257361579
2021-02-09,0.0109664390830078
2021-02-10,0.0109086439580548
2021-02-11,0.0108520065710144
2021-02-12,0.0107974815672941
2021-02-13,0.0107442237225981
2021-02-14,0.0106916767158192
2021-02-15,0.0106396674919422
2021-02-16,0.0105881159808536
2021-02-17,0.0105369540378499
2021-02-18,0.0104867764214434
2021-02-19,0.0104376593495246
2021-02-20,0.0103884865636063
2021-02-21,0.0103395502820268
2021-02-22,0.0102922166064815
2021-02-23,0.0102458708968033
2021-02-24,0.0102013933774605
2021-02-25,0.0101622819193808
2021-02-26,0.0101282420757755
2021-02-27,0.0100950096544117
2021-02-28,0.0100622591012008
2021-03-01,0.0100322502705789
2021-03-02,0.0100011436414761
2021-03-03,0.00996169606249365
2021-03-04,0.00991407039942656
2021-03-05,0.00986178467563291
2021-03-06,0.00980743025641083
2021-03-07,0.00975134349854313
2021-03-08,0.00969414493258376
2021-03-09,0.00963703217349543
2021-03-10,0.00958002250581041
2021-03-11,0.00952461020116722
2021-03-12,0.00947100242933532
2021-03-13,0.00941873620582288
2021-03-14,0.00936721601550533
2021-03-15,0.00931775183837185
2021-03-16,0.0092694405721516
2021-03-17,0.00922516842012073
2021-03-18,0.00918572348485444
2021-03-19,0.00914790519542659
2021-03-20,0.00911870335058888
2021-03-21,0.00910357226149046
2021-03-22,0.00910866847786985
2021-03-23,0.0091252755438246
2021-03-24,0.00913024407478224
2021-03-25,0.00910776428030385
2021-03-26,0.00906311473166882
2021-03-27,0.00901042213149767
2021-03-28,0.00895468837066351
2021-03-29,0.00890409148225663
2021-03-30,0.00886544806557382
2021-03-31,0.00883485993742136
2021-04-01,0.00881254360023387
2021-04-02,0.00880068630299796
2021-04-03,0.00880407883806238
2021-04-04,0.00883639241254979
2021-04-05,0.00888014038020041
2021-04-06,0.00893518103562279
2021-04-07,0.00906088646317582
2021-04-08,0.00926025073095963
2021-04-09,0.00959355525376828
2021-04-10,0.0100414077716802
2021-04-11,0.0105665871437446
2021-04-12,0.0111844648410365
2021-04-13,0.0118503630428834
2021-04-14,0.012536324472148
2021-04-15,0.0132637696146502
2021-04-16,0.0140309388723607
2021-04-17,0.0148357771664537
2021-04-18,0.015759671860953
2021-04-19,0.0168500940600914
2021-04-20,0.0179769460465972
2021-04-21,0.0190684038549836
2021-04-22,0.0202020174932929
2021-04-23,0.0214096761405893
2021-04-24,0.022682299251521
2021-04-25,0.0241267302993689
2021-04-26,0.025841196427851
2021-04-27,0.027846209567243
2021-04-28,0.0301659975423547
2021-04-29,0.0327313399726104
2021-04-30,0.035481865477029
2021-05-01,0.0381876044443889
2021-05-02,0.0407623499582856
2021-05-03,0.0435414378843566
2021-05-04,0.0467485283369476
2021-05-05,0.0502842503885008
2021-05-06,0.0543797163203797
2021-05-07,0.059221987694028
2021-05-08,0.064542215385455
2021-05-09,0.0701625863990105
2021-05-10,0.0759126489448412
2021-05-11,0.0812664665860165
2021-05-12,0.0856022735627722
2021-05-13,0.0885358538906891
2021-05-14,0.0903645276368608
2021-05-15,0.0914560892545685
2021-05-16,0.0919952183601208
2021-05-17,0.0922613507465414
2021-05-18,0.092402860922956
2021-05-19,0.0923616016886726
2021-05-20,0.0917751395450707
2021-05-21,0.0904339291193534
2021-05-22,0.088394348777506
2021-05-23,0.0859539394869751
2021-05-24,0.0838459345853038
2021-05-25,0.0826436677509226
2021-05-26,0.0820985734742318
2021-05-27,0.0821616664946874
2021-05-28,0.0825374084175799
2021-05-29,0.0829575791959665
2021-05-30,0.0834061466115397
2021-05-31,0.0839075112659926
2021-06-01,0.0844162834200485
2021-06-02,0.0850850578746016
2021-06-03,0.085865245864976
2021-06-04,0.0865860265556873
2021-06-05,0.0878203651363845
2021-06-06,0.0894052610789239
2021-06-07,0.0905100493067169
2021-06-08,0.0905497929001841
2021-06-09,0.0900903318155453
2021-06-10,0.0891208577991583
2021-06-11,0.0872634745371537
2021-06-12,0.0847531853775763
2021-06-13,0.0822942912726203
2021-06-14,0.0803992174275445
2021-06-15,0.0788351563334938
2021-06-16,0.0772184077167773
2021-06-17,0.0753463306840462
2021-06-18,0.0734223158053709
2021-06-19,0.0718312727796
2021-06-20,0.0707858517605721
2021-06-21,0.0701372254112628
2021-06-22,0.0698613368171991
2021-06-23,0.0695463314962877
2021-06-24,0.0689683387749429
2021-06-25,0.0680555975919538
2021-06-26,0.0666957401866417
2021-06-27,0.064924083111248
2021-06-28,0.062893831863035
2021-06-29,0.0608838514027998
2021-06-30,0.0591757020831408
2021-07-01,0.0577968583333627
2021-07-02,0.0566690032102071
2021-07-03,0.0557443653890686
2021-07-04,0.0550973376660136
2021-07-05,0.0547309499509446
2021-07-06,0.05444937578687
2021-07-07,0.054111050273638
2021-07-08,0.0537405692117499
2021-07-09,0.0532025413996358
2021-07-10,0.0523791352097415
2021-07-11,0.0513609749097912
2021-07-12,0.0503082198347418
2021-07-13,0.0494373413689581
2021-07-14,0.0487881331853112
2021-07-15,0.0482832187097546
2021-07-16,0.0477192582642644
2021-07-17,0.0469917997285156
2021-07-18,0.0461371357143806
2021-07-19,0.0452584973648933
2021-07-20,0.0445045251116171
2021-07-21,0.0439418880616581
2021-07-22,0.0437222639286071
2021-07-23,0.0436738777939787
2021-07-24,0.0434569889314474
2021-07-25,0.0428522732633226
2021-07-26,0.0419734294940191
2021-07-27,0.041332135110916
2021-07-28,0.0412594170731308
2021-07-29,0.0417185983778361
2021-07-30,0.04242695832254
2021-07-31,0.0429442058395108
2021-08-01,0.0428597449006214
2021-08-02,0.042185910285721
2021-08-03,0.0414456400802503
2021-08-04,0.0408840152611601
2021-08-05,0.0405450735070478
2021-08-06,0.0402729492991316
2021-08-07,0.0400694469116499
2021-08-08,0.0402772376016366
2021-08-09,0.0408432978891275
2021-08-10,0.0414255499883228
2021-08-11,0.0418754280863782
2021-08-12,0.0421492033071437
2021-08-13,0.0423099487830869
2021-08-14,0.0425699511513639
2021-08-15,0.0429934624088705
2021-08-16,0.0432460672317956
2021-08-17,0.042999711070792
2021-08-18,0.0424314747551494
2021-08-19,0.0420507407834741
2021-08-20,0.0419932188841403
2021-08-21,0.041928162907444
2021-08-22,0.0420911009380791
2021-08-23,0.0435491303716517
2021-08-24,0.0460772223293937
2021-08-25,0.0491750249169019
2021-08-26,0.0517598207010892
2021-08-27,0.0528927152911364
2021-08-28,0.0526723931823034
2021-08-29,0.0514226959916096
2021-08-30,0.0494903603718057
2021-08-31,0.0473588609773628
2021-09-01,0.0452174099129721
2021-09-02,0.0431998780800797
2021-09-03,0.0414773684289892
2021-09-04,0.040125691510272
2021-09-05,0.0391332113000756
2021-09-06,0.0384640105843898
2021-09-07,0.0380976287064623
2021-09-08,0.038153299561167
2021-09-09,0.0388517473146184
2021-09-10,0.040457262856337
2021-09-11,0.0427675911584419
2021-09-12,0.044651480556353
2021-09-13,0.0451346958098776
2021-09-14,0.0444598692215173
2021-09-15,0.0434966485484354
2021-09-16,0.0428524759434384
2021-09-17,0.0426601213388686
2021-09-18,0.0427715126065791
2021-09-19,0.0429408219116834
2021-09-20,0.0428040045214464
2021-09-21,0.0422171342648562
2021-09-22,0.0413253539667416
2021-09-23,0.0403574417783042
2021-09-24,0.0395226209814904
2021-09-25,0.0389030236104653
2021-09-26,0.0383659389637848
2021-09-27,0.0378545555906452
2021-09-28,0.0376308268460909
2021-09-29,0.0379612664913753
2021-09-30,0.0387320198302044
2021-10-01,0.0398390925411385
2021-10-02,0.0409771403854169
2021-10-03,0.041613774374915
2021-10-04,0.0414134358917702
2021-10-05,0.0404527436476684
2021-10-06,0.0390420290713005
2021-10-07,0.0374714464793643
2021-10-08,0.035923976346175
2021-10-09,0.0344878497454267
2021-10-10,0.0332283027852977
2021-10-11,0.0321863321718018
2021-10-12,0.0313550023360567
2021-10-13,0.0307188455931938
2021-10-14,0.0302148050726823
2021-10-15,0.0297275566281373
2021-10-16,0.029194139103461
2021-10-17,0.028619792488697
2021-10-18,0.0280322489544919
2021-10-19,0.027430828929212
2021-10-20,0.0268439180252473
2021-10-21,0.0263208577368729
2021-10-22,0.0258804727597133
2021-10-23,0.0255077716855551
2021-10-24,0.0252294472720811
2021-10-25,0.0250325916481676
2021-10-26,0.0248877737274621
2021-10-27,0.024804151970721
2021-10-28,0.0247700096933742
2021-10-29,0.0247592689847772
2021-10-30,0.0247504041349754
2021-10-31,0.0247115491383266
2021-11-01,0.0246040348080223
2021-11-02,0.0243945909283284
2021-11-03,0.0240825813163703
2021-11-04,0.0237000000494367
2021-11-05,0.023279059781473
2021-11-06,0.0228333639291299
2021-11-07,0.0223708967189557
2021-11-08,0.0219073982985104
2021-11-09,0.0214682982621708
2021-11-10,0.0210591320938586
2021-11-11,0.0206792879078998
2021-11-12,0.0203329307030422
2021-11-13,0.0200140674797223
2021-11-14,0.0197190911649831
2021-11-15,0.0194458152322456
2021-11-16,0.0191903020542646
2021-11-17,0.0189430187936553
2021-11-18,0.0186959046311111
2021-11-19,0.018446513909852
2021-11-20,0.0181982777524116
2021-11-21,0.017957598086364
2021-11-22,0.0177284917899787
2021-11-23,0.0175174631830511
2021-11-24,0.0173207479844997
2021-11-25,0.0171364394569359
2021-11-26,0.0169711685633495
2021-11-27,0.0168200915016842
2021-11-28,0.0166750873618482
2021-11-29,0.0165382844673928
2021-11-30,0.0164072600431104
2021-12-01,0.0162774542415206
2021-12-02,0.0161453069649385
2021-12-03,0.0160066152956619
2021-12-04,0.0158619005980459
2021-12-05,0.0157182237254986
2021-12-06,0.0155810864597752
2021-12-07,0.0154487016768343
2021-12-08,0.015317999016714
2021-12-09,0.0151888736964764
2021-12-10,0.0150633544135508
2021-12-11,0.0149419159027521
2021-12-12,0.0148236061183797
2021-12-13,0.0147079737771489
2021-12-14,0.0145958724452164
2021-12-15,0.0144881512159298
2021-12-16,0.0143849724247361
2021-12-17,0.0142855980190402
2021-12-18,0.0141898602568709
2021-12-19,0.0140981841020286
2021-12-20,0.0140116903595306
2021-12-21,0.0139321533107628
2021-12-22,0.0138609418461089
2021-12-23,0.0137983241788582
2021-12-24,0.0137417173062187
2021-12-25,0.0136853406938243
2021-12-26,0.0136234324368594
2021-12-27,0.0135539391870781
2021-12-28,0.0134780097226228
2021-12-29,0.0133982692227998
2021-12-30,0.0133169379059994
2021-12-31,0.0132351833649477
2022-01-01,0.0131540116306394
2022-01-02,0.0130743582784462
2022-01-03,0.0129967776686155
2022-01-04,0.0129209143573683
2022-01-05,0.0128467528987337
2022-01-06,0.0127745187973334
2022-01-07,0.012704111214902
2022-01-08,0.0126352537862487
2022-01-09,0.0125679066839313
2022-01-10,0.012501641697611
2022-01-11,0.0124360169966811
2022-01-12,0.0123713802828283
2022-01-13,0.0123084098282799
2022-01-14,0.0122466658488372
2022-01-15,0.0121852278812361
2022-01-16,0.0121253829043507
2022-01-17,0.0120665414618282
2022-01-18,0.0120086084810498
2022-01-19,0.0119541112339959
2022-01-20,0.0119017056366095
2022-01-21,0.0118454834409837
2022-01-22,0.0117855637542056
2022-01-23,0.0117266639213682
2022-01-24,0.0116700922356117
2022-01-25,0.0116192111859883
2022-01-26,0.0115965571348787
2022-01-27,0.0115998031680932
2022-01-28,0.0116067913861181
2022-01-29,0.0116193974369054
2022-01-30,0.0116165340577716
2022-01-31,0.0115816840516071
2022-02-01,0.0115245535185577
2022-02-02,0.0114612279313324
2022-02-03,0.0113975867034351
2022-02-04,0.0113338363806191
2022-02-05,0.0112692515232015
2022-02-06,0.0112031900812478
2022-02-07,0.0111374528331971
2022-02-08,0.0110770442063526
2022-02-09,0.0110282222970865
2022-02-10,0.0110124171381544
2022-02-11,0.0110425596946565
2022-02-12,0.011109233380331
2022-02-13,0.0112078475116908
2022-02-14,0.0113081005947245
2022-02-15,0.0113550511899136
2022-02-16,0.011327544200317
2022-02-17,0.0112512163714474
2022-02-18,0.0111580249936671
2022-02-19,0.0110570950370018
2022-02-20,0.0109511058536874
2022-02-21,0.0108453280414035
2022-02-22,0.0107468314062627
2022-02-23,0.010657393288255
2022-02-24,0.0105757395591713
2022-02-25,0.0104998583733544
2022-02-26,0.0104256336780404
2022-02-27,0.0103510991274552
2022-02-28,0.0102768892837937
2022-03-01,0.010203726979336
2022-03-02,0.0101331620241808
2022-03-03,0.0100661203079135
2022-03-04,0.0100009482194415
2022-03-05,0.00993809530640785
2022-03-06,0.00987800866881881
2022-03-07,0.00981921702208893
2022-03-08,0.00976334111110942
2022-03-09,0.00971200430985231
2022-03-10,0.00966418041654983
2022-03-11,0.00962200944072878
2022-03-12,0.00958475538652578
2022-03-13,0.00954586433628674
2022-03-14,0.00950327351499453
2022-03-15,0.00945954444590329
2022-03-16,0.00941583674099118
2022-03-17,0.00937298096816019
2022-03-18,0.00933331604229012
2022-03-19,0.00929764916533581
2022-03-20,0.00927216090714309
2022-03-21,0.00926416868483284
2022-03-22,0.00926431912970618
2022-03-23,0.00926388746055736
2022-03-24,0.00925370497979521
2022-03-25,0.00923455630925841
2022-03-26,0.00923522362957203
2022-03-27,0.00927289410787578
2022-03-28,0.00932041586920282
2022-03-29,0.00932757140395129
2022-03-30,0.00928104740098855
2022-03-31,0.00921068147111484
2022-04-01,0.0091496892123118
2022-04-02,0.00915490702113357
2022-04-03,0.00924307597669693
2022-04-04,0.00935805016068822
2022-04-05,0.00945937995817393
2022-04-06,0.00958554247837794
2022-04-07,0.00979252242658639
2022-04-08,0.0100592884769419
2022-04-09,0.010414825754507
2022-04-10,0.0108420330949053
2022-04-11,0.0112994054459337
2022-04-12,0.0117647649461442
2022-04-13,0.0122090209989163
2022-04-14,0.012579531600306
2022-04-15,0.0130258339361783
2022-04-16,0.0137129561515084
2022-04-17,0.014759739422086
2022-04-18,0.0161704092085507
2022-04-19,0.018091511347849
2022-04-20,0.0205785480863047
2022-04-21,0.0235944031029507
2022-04-22,0.0270363006818491
2022-04-23,0.0305657504429382
2022-04-24,0.0340446574288378
2022-04-25,0.0374714330107267
2022-04-26,0.040527399172047
2022-04-27,0.0428017496601596
2022-04-28,0.0444239780110001
2022-04-29,0.0457501090813939
2022-04-30,0.0470765948692423
2022-05-01,0.0484985217765301
2022-05-02,0.0502845923839189
2022-05-03,0.0524469270116103
2022-05-04,0.054680325810341
2022-05-05,0.0570150345793845
2022-05-06,0.0594397651893982
2022-05-07,0.0617451805786886
2022-05-08,0.0639426387223804
2022-05-09,0.066607920137847
2022-05-10,0.0698816121469296
2022-05-11,0.0730044141593866
2022-05-12,0.0752836862311381
2022-05-13,0.0768245684660203
2022-05-14,0.0784684104115831
2022-05-15,0.0807635837974868
2022-05-16,0.0832747705864252
2022-05-17,0.0852219058414424
2022-05-18,0.0862439790162062
2022-05-19,0.0866147231526569
2022-05-20,0.0864726298588164
2022-05-21,0.0864854722525761
2022-05-22,0.0866121065453586
2022-05-23,0.0864055504669898
2022-05-24,0.0858620884716226
2022-05-25,0.0852059878349111
2022-05-26,0.0846097725086061
2022-05-27,0.0843108338604909
2022-05-28,0.0840991652204384
2022-05-29,0.0835330176301541
2022-05-30,0.0824197066715774
2022-05-31,0.080858474689739
2022-06-01,0.0790688870062549
2022-06-02,0.0773726388165169
2022-06-03,0.0761007457756152
2022-06-04,0.0753474652201016
2022-06-05,0.0746575283750544
2022-06-06,0.0737335292976602
2022-06-07,0.072766896006579
2022-06-08,0.0716836195196808
2022-06-09,0.0703878215444183
2022-06-10,0.0690403482100205
2022-06-11,0.0679257256105258
2022-06-12,0.0669003755699368
2022-06-13,0.0657911944832771
2022-06-14,0.0645761703492347
2022-06-15,0.0632685395631824
2022-06-16,0.0619274047485323
2022-06-17,0.0606941958915999
2022-06-18,0.0597477341215434
2022-06-19,0.0590681823411305
2022-06-20,0.0584305405888383
2022-06-21,0.0576731639510221
2022-06-22,0.0568819512112743
2022-06-23,0.0562496006282206
2022-06-24,0.0559480204649575
2022-06-25,0.0561075347437614
2022-06-26,0.0565938527313883
2022-06-27,0.0573524186214886
2022-06-28,0.0582436159080865
2022-06-29,0.0591232761424935
2022-06-30,0.059719061612228
2022-07-01,0.0600722092185278
2022-07-02,0.060265667929176
2022-07-03,0.0600703382698647
2022-07-04,0.0595399005552026
2022-07-05,0.0586520367759143
2022-07-06,0.0576087405270851
2022-07-07,0.05693340102764
2022-07-08,0.0570551413868767
2022-07-09,0.0581622517245974
2022-07-10,0.0602774925561472
2022-07-11,0.062725243644417
2022-07-12,0.0643999708210382
2022-07-13,0.0648852276548442
2022-07-14,0.064274167590629
2022-07-15,0.0629139337224339
2022-07-16,0.0612710423886385
2022-07-17,0.0596584008761855
2022-07-18,0.058282214471202
2022-07-19,0.0573068582917354
2022-07-20,0.0567606161053
2022-07-21,0.0566016096899791
2022-07-22,0.0568748069483465
2022-07-23,0.0573393497078103
2022-07-24,0.0573680931835584
2022-07-25,0.0567036228978772
2022-07-26,0.0555976375651588
2022-07-27,0.0542959609606836
2022-07-28,0.0530317757427673
2022-07-29,0.0520642300013618
2022-07-30,0.0515610209303287
2022-07-31,0.0516656918681451
2022-08-01,0.0526259774495918
2022-08-02,0.0541672631907478
2022-08-03,0.0556032909176586
2022-08-04,0.0565177065426645
2022-08-05,0.0569614042837294
2022-08-06,0.0572114088166328
2022-08-07,0.0576696224682941
2022-08-08,0.0579903823304403
2022-08-09,0.0578707490398784
2022-08-10,0.0578194713507602
2022-08-11,0.0579136622118418
2022-08-12,0.0578658154310512
2022-08-13,0.057401777152523
2022-08-14,0.0563089908238751
2022-08-15,0.0547846012064922
2022-08-16,0.053250493030789
2022-08-17,0.0519298161805546
2022-08-18,0.0508621103023028
2022-08-19,0.0501706763434063
2022-08-20,0.0498089534502795
2022-08-21,0.0495155659927188
2022-08-22,0.0491205080052649
2022-08-23,0.0486615936732025
2022-08-24,0.0482770433815176
2022-08-25,0.0480481176174806
2022-08-26,0.0479566903766444
2022-08-27,0.0480271814288448
2022-08-28,0.0481816771569732
2022-08-29,0.0483933000091353
2022-08-30,0.0487856749652694
2022-08-31,0.0492660159743174
2022-09-01,0.049680428503996
2022-09-02,0.0501809096961504
2022-09-03,0.0508397718421861
2022-09-04,0.0515572159805335
2022-09-05,0.0518818411566305
2022-09-06,0.0516296516198298
2022-09-07,0.0511028005469847
2022-09-08,0.0504469468616082
2022-09-09,0.0497369070452293
2022-09-10,0.0491004295448877
2022-09-11,0.048548991380458
2022-09-12,0.0479683526036769
2022-09-13,0.047211093439626
2022-09-14,0.0462002198815111
2022-09-15,0.0450579158220511
2022-09-16,0.0439923985543685
2022-09-17,0.0430688147025764
2022-09-18,0.0420968218786365
2022-09-19,0.0409214949443927
2022-09-20,0.0396298630294689
2022-09-21,0.0384461766702501
2022-09-22,0.0375675478571181
2022-09-23,0.03705500573829
2022-09-24,0.0369848008532812
2022-09-25,0.037293201198669
2022-09-26,0.0376659518680208
2022-09-27,0.0378416375069451
2022-09-28,0.037702516754573
2022-09-29,0.0372484212114978
2022-09-30,0.0365877977709071
2022-10-01,0.0358023834194555
2022-10-02,0.0348839934072088
2022-10-03,0.033844855286241
2022-10-04,0.032777624862529
2022-10-05,0.0317762646539079
2022-10-06,0.0308409524863828
2022-10-07,0.0299460838159926
2022-10-08,0.0290663902665584
2022-10-09,0.0281976458135127
2022-10-10,0.0273975012458687
2022-10-11,0.0267238206168006
2022-10-12,0.0262202865169697
2022-10-13,0.0259445086177194
2022-10-14,0.0259091203884746
2022-10-15,0.0260193568438992
2022-10-16,0.0261434096165685
2022-10-17,0.0261742664004127
2022-10-18,0.0260758641428284
2022-10-19,0.0258843586114196
2022-10-20,0.025613207200001
2022-10-21,0.0252572021647454
2022-10-22,0.0248486337281406
2022-10-23,0.0244336372538662
2022-10-24,0.0240386139202766
2022-10-25,0.0237185514411086
2022-10-26,0.0234971696282465
2022-10-27,0.0233754824871186
2022-10-28,0.0232991661282119
2022-10-29,0.0231644833698436
2022-10-30,0.0229263455565341
2022-10-31,0.0226327603311002
2022-11-01,0.0223239301015512
2022-11-02,0.0220169133632641
2022-11-03,0.0217403713686502
2022-11-04,0.0214871816860436
2022-11-05,0.0212395695872459
2022-11-06,0.0209833563008264
2022-11-07,0.0207225181096037
2022-11-08,0.0204619338553789
2022-11-09,0.0201979671024056
2022-11-10,0.0199262709250502
2022-11-11,0.0196445197595848
2022-11-12,0.0193533283352239
2022-11-13,0.0190470502185522
2022-11-14,0.0187202497657758
2022-11-15,0.0183754671997411
2022-11-16,0.0180230508819427
2022-11-17,0.0176769776508305
2022-11-18,0.0173483490872654
2022-11-19,0.0170405669674623
2022-11-20,0.0167521369867486
2022-11-21,0.0164824238890202
2022-11-22,0.0162301581548102
2022-11-23,0.0159965474786775
2022-11-24,0.015781207223661
2022-11-25,0.0155898185274514
2022-11-26,0.0154241875039998
2022-11-27,0.0152872114611443
2022-11-28,0.0151801671768123
2022-11-29,0.0151039567467588
2022-11-30,0.0150545297204381
2022-12-01,0.0150137896635082
2022-12-02,0.0149639260014303
2022-12-03,0.0148991558188391
2022-12-04,0.014822132492577
2022-12-05,0.0147361237048107
2022-12-06,0.0146423296098472
2022-12-07,0.0145415757260826
2022-12-08,0.0144353709680129
2022-12-09,0.0143251035852021
2022-12-10,0.0142103956366163
2022-12-11,0.0140898191602093
2022-12-12,0.0139632361220429
2022-12-13,0.013830858549735
2022-12-14,0.0136940144441868
2022-12-15,0.0135545176702564
2022-12-16,0.0134137230028131
2022-12-17,0.0132733437659598
2022-12-18,0.0131347878344273
2022-12-19,0.0129995254873243
2022-12-20,0.0128677782422128
2022-12-21,0.0127409460166332
2022-12-22,0.0126198697195418
2022-12-23,0.0125041157290532
2022-12-24,0.0123928762698237
2022-12-25,0.012286508246706
2022-12-26,0.012185485963724
2022-12-27,0.0120894168355221
2022-12-28,0.0119979971456142
2022-12-29,0.0119113600817243
2022-12-30,0.0118287105069954
2022-12-31,0.0117499030383722
2023-01-01,0.0116746593831213
2023-01-02,0.0116020325734839
2023-01-03,0.0115315168972674
2023-01-04,0.0114626883622877
2023-01-05,0.0113954976193941
2023-01-06,0.0113300232868452
2023-01-07,0.0112662170717014
2023-01-08,0.0112037726140389
2023-01-09,0.0111421991291087
2023-01-10,0.0110811838671596
2023-01-11,0.0110193934514976
2023-01-12,0.0109586666147054
2023-01-13,0.0109003933849515
2023-01-14,0.0108435472962495
2023-01-15,0.0107873907713573
2023-01-16,0.010731868677859
2023-01-17,0.0106776952310102
2023-01-18,0.010624912035002
2023-01-19,0.0105734643374931
2023-01-20,0.0105230132308678
2023-01-21,0.0104733238057306
2023-01-22,0.0104239536805044
2023-01-23,0.0103745881446194
2023-01-24,0.0103255127536259
2023-01-25,0.010279758558325
2023-01-26,0.0102404000443813
2023-01-27,0.0102018006518628
2023-01-28,0.0101577497100993
2023-01-29,0.0101098383197556
2023-01-30,0.0100815593692463
2023-01-31,0.0100789997621885
2023-02-01,0.0100764547035097
2023-02-02,0.0100557303245659
2023-02-03,0.0100203187227303
2023-02-04,0.00997477729911518
2023-02-05,0.00992136562971101
2023-02-06,0.0098635615540918
2023-02-07,0.00980603250120586
2023-02-08,0.00975035480853323
2023-02-09,0.00969647243649156
2023-02-10,0.00964483064915569
2023-02-11,0.00959551970959554
2023-02-12,0.00954899324024663
2023-02-13,0.00950397579935017
2023-02-14,0.00945805363688991
2023-02-15,0.0094109081485599
2023-02-16,0.00936429010140248
2023-02-17,0.00932045876147611
2023-02-18,0.0092796296833988
2023-02-19,0.00923851715540549
2023-02-20,0.00919544676189509
2023-02-21,0.00915009096340883
2023-02-22,0.00910209547410084
2023-02-23,0.00905210287358749
2023-02-24,0.0090007658859052
2023-02-25,0.0089488308747623
2023-02-26,0.0088968344795195
2023-02-27,0.00884465833461949
2023-02-28,0.00879254460684535
2023-03-01,0.00874209777122438
2023-03-02,0.00869330380126563
2023-03-03,0.00864699347819286
2023-03-04,0.00860936895689142
2023-03-05,0.00858723584717896
2023-03-06,0.00858820569253109
2023-03-07,0.00861389260361774
2023-03-08,0.00864491486043833
2023-03-09,0.00866854916266571
2023-03-10,0.00868816446760566
2023-03-11,0.0087017250462586
2023-03-12,0.00870601367004942
2023-03-13,0.00869414722879504
2023-03-14,0.0086579036891385
2023-03-15,0.00860043755128162
2023-03-16,0.00854137730624244
2023-03-17,0.00850354357663693
2023-03-18,0.00849411866075296
2023-03-19,0.00851218298167317
2023-03-20,0.00856402994210965
2023-03-21,0.00865081607219442
2023-03-22,0.00876528741040481
2023-03-23,0.00888423889415946
2023-03-24,0.00899971446341576
2023-03-25,0.00911760578415782
2023-03-26,0.00923683033905092
2023-03-27,0.00937279450418203
2023-03-28,0.00956132726603009
2023-03-29,0.00979627749704784
2023-03-30,0.0100831120792938
2023-03-31,0.0104573704272881
2023-04-01,0.0108514494497619
2023-04-02,0.0112795766436865
2023-04-03,0.0118016784550363
2023-04-04,0.0124280282435376
2023-04-05,0.0130831983810174
2023-04-06,0.0136913159040109
2023-04-07,0.0142201324432157
2023-04-08,0.0146642103321364
2023-04-09,0.0150140558676096
2023-04-10,0.0153064047014728
2023-04-11,0.0156855903369845
2023-04-12,0.0161873619189501
2023-04-13,0.0166974103952283
2023-04-14,0.0170692393627807
2023-04-15,0.0172826867973104
2023-04-16,0.017389123379319
2023-04-17,0.0174284690878253
2023-04-18,0.0174936403865607
2023-04-19,0.0176470934655753
2023-04-20,0.0178670473776272
2023-04-21,0.0180583805798118
2023-04-22,0.018151298881645
2023-04-23,0.0181414783332766
2023-04-24,0.0180609284897102
2023-04-25,0.0179564416025827
2023-04-26,0.0178997790017954
2023-04-27,0.0179277063926594
2023-04-28,0.0181282865369901
2023-04-29,0.0185998955839317
2023-04-30,0.0193475883994965
2023-05-01,0.0202690496246208
2023-05-02,0.0213311548634671
2023-05-03,0.0226317248847602
2023-05-04,0.0243205026737781
2023-05-05,0.0267098570612721
2023-05-06,0.0299802510104703
2023-05-07,0.0338923444378598
2023-05-08,0.0385498301571038
2023-05-09,0.0444593455284155
2023-05-10,0.0516879592420328
2023-05-11,0.0593102430066393
2023-05-12,0.0666627952768795
2023-05-13,0.073443595174058
2023-05-14,0.0786173395386616
2023-05-15,0.0821655423315132
2023-05-16,0.0844138084405215
2023-05-17,0.0857480492886052
2023-05-18,0.0862269337593133
2023-05-19,0.08577982741069
2023-05-20,0.0848646791418244
2023-05-21,0.0840188101341182
2023-05-22,0.0835557893674955
2023-05-23,0.0838108145975172
2023-05-24,0.0844968635608978
2023-05-25,0.0852338062925887
2023-05-26,0.0861882998954006
2023-05-27,0.0866079767714041
2023-05-28,0.08590287558914
2023-05-29,0.0843684878029532
2023-05-30,0.0825802204384935
2023-05-31,0.0809735924247488
2023-06-01,0.0796077864702051
2023-06-02,0.078138459623901
2023-06-03,0.0763945068801185
2023-06-04,0.0745955176438168
2023-06-05,0.0730327767924393
2023-06-06,0.0720228343645218
2023-06-07,0.0714311350843431
2023-06-08,0.0710322550538848
2023-06-09,0.0706743997891672
2023-06-10,0.0699098585117212
2023-06-11,0.0686945906316661
2023-06-12,0.0673336833189347
2023-06-13,0.0662377410210295
2023-06-14,0.0654974344874669
2023-06-15,0.0651122228570069
2023-06-16,0.0647802116114067
2023-06-17,0.0639088606552633
2023-06-18,0.0625177422356339
2023-06-19,0.0610595822936471
2023-06-20,0.059626987563574
2023-06-21,0.058143815631967
2023-06-22,0.0571557356156542
2023-06-23,0.0571802579244403
2023-06-24,0.0572176091666614
2023-06-25,0.0567207748790192
2023-06-26,0.0561197567437045
2023-06-27,0.0556858209025679
2023-06-28,0.0557509137834009
2023-06-29,0.0564506621192962
2023-06-30,0.0568604522655034
2023-07-01,0.0569040116144854
2023-07-02,0.0570878616598395
2023-07-03,0.0572258492001017
2023-07-04,0.0570424339058794
2023-07-05,0.0565722384897403
2023-07-06,0.0562066001297259
2023-07-07,0.0558540419509464
2023-07-08,0.0550756745723491
2023-07-09,0.0537755992195798
2023-07-10,0.0521627243211265
2023-07-11,0.0504912851037937
2023-07-12,0.049007969352381
2023-07-13,0.0478969933653278
2023-07-14,0.0471487594497535
2023-07-15,0.0465446339778145
2023-07-16,0.0458774619891875
2023-07-17,0.0451116054455893
2023-07-18,0.0442440661763323
2023-07-19,0.0433249861377019
2023-07-20,0.0425378864814237
2023-07-21,0.0420050700062327
2023-07-22,0.0416857725238783
2023-07-23,0.0414792770255867
2023-07-24,0.0413028353962891
2023-07-25,0.0410296067242507
2023-07-26,0.0405041176245207
2023-07-27,0.0397047840039233
2023-07-28,0.0387785522447555
2023-07-29,0.0379506648635675
2023-07-30,0.037309847512213
2023-07-31,0.0368596718416645
2023-08-01,0.0366794236550403
2023-08-02,0.0370113683548088
2023-08-03,0.0379107251346539
2023-08-04,0.0388629346197688
2023-08-05,0.0394281780105362
2023-08-06,0.0396492206408271
2023-08-07,0.039488525713801
2023-08-08,0.0389298094795188
2023-08-09,0.0381675335690886
2023-08-10,0.0373910233159346
2023-08-11,0.0367183581012183
2023-08-12,0.0362629247893771
2023-08-13,0.0359410211719382
2023-08-14,0.0357899403506734
2023-08-15,0.0360350588471713
2023-08-16,0.036648973101007
2023-08-17,0.0375012628652431
2023-08-18,0.0385164410454405
2023-08-19,0.0398488050576053
2023-08-20,0.0415109872765642
2023-08-21,0.0436307582161668
2023-08-22,0.0461811757520472
2023-08-23,0.0486331284864715
2023-08-24,0.0507893706381025
2023-08-25,0.0521248719654958
2023-08-26,0.0522889930159185
2023-08-27,0.0514846778533049
2023-08-28,0.0500702478359496
2023-08-29,0.0483624235473475
2023-08-30,0.0465914813166703
2023-08-31,0.0450002909866723
2023-09-01,0.0437709935678792
2023-09-02,0.0428653629604294
2023-09-03,0.0419937092625843
2023-09-04,0.0410665709977114
2023-09-05,0.040135509962931
2023-09-06,0.0391594675675349
2023-09-07,0.0381130926324346
2023-09-08,0.0370519935261746
2023-09-09,0.0361230649627248
2023-09-10,0.0353823065947298
2023-09-11,0.0348486275355078
2023-09-12,0.0345134844392685
2023-09-13,0.0343665774306832
2023-09-14,0.0344778469837022
2023-09-15,0.0347887721073751
2023-09-16,0.0352261705357341
2023-09-17,0.0356826766591041
2023-09-18,0.0357731428007752
2023-09-19,0.0351855186390475
2023-09-20,0.0341173504087205
2023-09-21,0.0329061204921443
2023-09-22,0.0317359839782705
2023-09-23,0.0307276217168292
2023-09-24,0.0298940893204661
2023-09-25,0.0292142433944473
2023-09-26,0.0286251129575286
2023-09-27,0.028069175915098
2023-09-28,0.0275538092171172
2023-09-29,0.027031482633397
2023-09-30,0.0265010421041616
2023-10-01,0.0260329784049359
2023-10-02,0.0256373901537357
2023-10-03,0.0252986210007932
2023-10-04,0.0250180620060694
2023-10-05,0.0248276111704052
2023-10-06,0.0247568926982527
2023-10-07,0.0247695511450904
2023-10-08,0.0248360067227223
2023-10-09,0.0249523558256593
2023-10-10,0.02516085461216
2023-10-11,0.0254384786503329
2023-10-12,0.0257214724595302
2023-10-13,0.0258729387359109
2023-10-14,0.0259302328024263
2023-10-15,0.0260663307597733
2023-10-16,0.0263741347534922
2023-10-17,0.0268542319038235
2023-10-18,0.0275131036061352
2023-10-19,0.0281921351720697
2023-10-20,0.0286225212727356
2023-10-21,0.0286797767779457
2023-10-22,0.0284552392859475
2023-10-23,0.0280709964084091
2023-10-24,0.0276100372437657
2023-10-25,0.0270939540975347
2023-10-26,0.0265448549826166
2023-10-27,0.0259574763197928
2023-10-28,0.0253369304104569
2023-10-29,0.0247181539901073
2023-10-30,0.0241510351813106
2023-10-31,0.0236484022713989
2023-11-01,0.0232239418817533
2023-11-02,0.0228672060008442
2023-11-03,0.0225352381649453
2023-11-04,0.022214492604994
2023-11-05,0.021933818494109
2023-11-06,0.0217156563507774
2023-11-07,0.0215561761502439
2023-11-08,0.0214428248179058
2023-11-09,0.021345215431893
2023-11-10,0.0212325692835238
2023-11-11,0.0210879081505853
2023-11-12,0.0209152046244505
2023-11-13,0.0207214065125327
2023-11-14,0.0205054581480513
2023-11-15,0.0202632441734486
2023-11-16,0.020000742586548
2023-11-17,0.0197822700916782
2023-11-18,0.019761171080249
2023-11-19,0.0199166530792836
2023-11-20,0.0199241591951953
2023-11-21,0.0197278777235867
2023-11-22,0.0194574382854778
2023-11-23,0.0191694364144238
2023-11-24,0.0188802363352826
2023-11-25,0.018600026693945
2023-11-26,0.018339718391608
2023-11-27,0.0181069724657876
2023-11-28,0.0179010415322585
2023-11-29,0.0177188258708862
2023-11-30,0.0175630179546972
2023-12-01,0.0174395896721945
2023-12-02,0.0173482694786222
2023-12-03,0.0172800749632718
2023-12-04,0.0172241392003128
2023-12-05,0.0171722316512125
2023-12-06,0.0171188740865664
2023-12-07,0.0170616346159985
2023-12-08,0.0169957065928282
2023-12-09,0.016919304087466
2023-12-10,0.0168357987625326
2023-12-11,0.0167477366672517
2023-12-12,0.0166500824644789
2023-12-13,0.0165316060448473
2023-12-14,0.0163850187929029
2023-12-15,0.01621249698529
2023-12-16,0.0160235080431026
2023-12-17,0.0158278163118304
2023-12-18,0.0156297659507118
2023-12-19,0.0154324858132601
2023-12-20,0.0152403679336028
2023-12-21,0.0150564458950438
2023-12-22,0.0148807822518406
2023-12-23,0.0147130359151495
2023-12-24,0.0145550044787753
2023-12-25,0.0144043257545119
2023-12-26,0.0142586513523704
2023-12-27,0.0141197219730536
2023-12-28,0.0139893168153317
2023-12-29,0.0138670393824413
2023-12-30,0.0137514725442861
2023-12-31,0.0136420495070424
2024-01-01,NA
2024-01-02,0.0134379981465089
2024-01-03,0.0133423530189011
2024-01-04,0.0132502194566564
2024-01-05,0.0131615537249246
2024-01-06,0.0130765307564013
2024-01-07,0.0129953716392618
2024-01-08,0.0129179092048818
2024-01-09,0.0128437400157654
2024-01-10,0.0127724795169333
2024-01-11,0.0127041145520757
2024-01-12,0.0126397962188142
2024-01-13,0.012578933910359
2024-01-14,0.0125206738786334
2024-01-15,0.0124647477438825
2024-01-16,0.0124102099310299
2024-01-17,0.0123567083928692
2024-01-18,0.0123056194437287
2024-01-19,0.0122568058509475
2024-01-20,0.0122092268760623
2024-01-21,0.0121629994858884
2024-01-22,0.0121174584742779
2024-01-23,0.012070998635795
2024-01-24,0.0120240266642152
2024-01-25,0.0119770397778225
2024-01-26,0.011928487668342
2024-01-27,0.0118787762686076
2024-01-28,0.0118287674945083
2024-01-29,0.0117791046148926
2024-01-30,0.0117295885163652
2024-01-31,0.0116833317816155
2024-02-01,0.011649495757736
2024-02-02,0.0116400486135017
2024-02-03,0.0116564740959743
2024-02-04,0.0116824964966571
2024-02-05,0.0117018508278756
2024-02-06,0.0116989387666074
2024-02-07,0.0116547804731477
2024-02-08,0.0115785687525622
2024-02-09,0.0114904877504218
2024-02-10,0.0113993035141134
2024-02-11,0.0113077485461914
2024-02-12,0.0112174636443648
2024-02-13,0.011128441111142
2024-02-14,0.0110411374069331
2024-02-15,0.0109570886786227
2024-02-16,0.0108771197592193
2024-02-17,0.0107995853263198
2024-02-18,0.0107234925481749
2024-02-19,0.0106498894424746
2024-02-20,0.0105787583855424
2024-02-21,0.010508828408919
2024-02-22,0.0104398201109043
2024-02-23,0.0103722444840769
2024-02-24,0.0103069627039782
2024-02-25,0.0102436763824102
2024-02-26,0.0101813317696304
2024-02-27,0.0101222782530385
2024-02-28,0.0100681569549594
2024-02-29,0.010011865357697
2024-03-01,0.00995229374023342
2024-03-02,0.00989365012120892
2024-03-03,0.00983740668172065
2024-03-04,0.00978367986247675
2024-03-05,0.00973084817528443
2024-03-06,0.0096780348027052
2024-03-07,0.00962701541583352
2024-03-08,0.00957984317446635
2024-03-09,0.00953737446357077
2024-03-10,0.00949964754399423
2024-03-11,0.00946482844172702
2024-03-12,0.00942718613848471
2024-03-13,0.00938594732792229
2024-03-14,0.00934408655238005
2024-03-15,0.00930571795681027
2024-03-16,0.00926984326201928
2024-03-17,0.0092328514952363
2024-03-18,0.00920034789824338
2024-03-19,0.00919466791473502
2024-03-20,0.00920322745096677
2024-03-21,0.00921213019135382
2024-03-22,0.00922550167158502
2024-03-23,0.00925237633197791
2024-03-24,0.00929295674062921
2024-03-25,0.00932748203090722
2024-03-26,0.00933133002334373
2024-03-27,0.00931745559990246
2024-03-28,0.00929453619993169
2024-03-29,0.00927224254677157
2024-03-30,0.00925238251910974
2024-03-31,0.00922336134213154
2024-04-01,0.00917863169111954
2024-04-02,0.00912029775300457
2024-04-03,0.00906875397546152
2024-04-04,0.00904192618770934
2024-04-05,0.0090493935183261
2024-04-06,0.00910347007582382
2024-04-07,0.00921687749411704
2024-04-08,0.00937052467840421
2024-04-09,0.00957842264176671
2024-04-10,0.00985102389032977
2024-04-11,0.0102368425940905
2024-04-12,0.0107793148778207
2024-04-13,0.011509949227132
2024-04-14,0.0123484531345406
2024-04-15,0.0131945705027844
2024-04-16,0.0141580000994707
2024-04-17,0.0154641246398014
2024-04-18,0.0172689751250647
2024-04-19,0.0193755632529877
2024-04-20,0.0215744571131676
2024-04-21,0.0239210050192816
2024-04-22,0.0266488525653563
2024-04-23,0.0300369906862366
2024-04-24,0.0342011199812544
2024-04-25,0.0386341432108814
2024-04-26,0.0425901164125055
2024-04-27,0.0457088108348417
2024-04-28,0.0482376567072344
2024-04-29,0.0504369984588589
2024-04-30,0.0522549781392653
2024-05-01,0.0536071602915751
2024-05-02,0.0547119748223789
2024-05-03,0.0557405219235336
2024-05-04,0.0567139091192686
2024-05-05,0.0573786572460337
2024-05-06,0.0574560713798618
2024-05-07,0.0572766083439498
2024-05-08,0.0577555513464067
2024-05-09,0.0599481102311284
2024-05-10,0.0638697086280422
2024-05-11,0.0686606089567551
2024-05-12,0.0732568907469822
2024-05-13,0.0772725828840522
2024-05-14,0.0811425938780502
2024-05-15,0.0850858199490076
2024-05-16,0.0888721496722623
2024-05-17,0.0925876235902629
2024-05-18,0.0960065614014353
2024-05-19,0.0982627879448425
2024-05-20,0.0994379996926546
2024-05-21,0.0994081628471808
2024-05-22,0.0984165722064885
2024-05-23,0.0973639178149868
2024-05-24,0.0967255117218104
2024-05-25,0.0961878813342393
2024-05-26,0.0951938524916606
2024-05-27,0.0935414127095634
2024-05-28,0.0918291659572026
2024-05-29,0.0907261002999653
2024-05-30,0.0902515010927925
2024-05-31,0.0897278406917067
2024-06-01,0.0889514891357232
2024-06-02,0.0879058990962601
2024-06-03,0.0869450927404848
2024-06-04,0.086012236591402
2024-06-05,0.0849325772819784
2024-06-06,0.0838377871352859
2024-06-07,0.0829060321354163
2024-06-08,0.0820693626557344
2024-06-09,0.081578527836657
2024-06-10,0.0814311843202199
2024-06-11,0.0811513866367111
2024-06-12,0.0802298024802138
2024-06-13,0.0789777245480909
2024-06-14,0.0777144421699637
2024-06-15,0.0764967206660295
2024-06-16,0.0752343757692955
2024-06-17,0.074037314455973
2024-06-18,0.0730542547443507
2024-06-19,0.0721770536952241
2024-06-20,0.0711776977062861
2024-06-21,0.069946952583208
2024-06-22,0.0684921224022465
2024-06-23,0.0669946571254291
2024-06-24,0.0656714217845964
2024-06-25,0.0644659882352326
2024-06-26,0.0632975755144382
2024-06-27,0.0622075732013559
2024-06-28,0.0611833540116804
2024-06-29,0.0601134983983463
2024-06-30,0.0591482479458958
2024-07-01,0.0582732092715909
2024-07-02,0.057263148324679
2024-07-03,0.0561805301343367
2024-07-04,0.0549628572684547
2024-07-05,0.0535531255116623
2024-07-06,0.051999625712411
2024-07-07,0.0503539224955976
2024-07-08,0.048655482508825
2024-07-09,0.0469744168048846
2024-07-10,0.0453798992692873
2024-07-11,0.0439071364080507
2024-07-12,0.0425910055974427
2024-07-13,0.0416064084569652
2024-07-14,0.0408804200212454
2024-07-15,0.0402828481564802
2024-07-16,0.0398871301112647
2024-07-17,0.0398202961295076
2024-07-18,0.0402516332003295
2024-07-19,0.0412014990975503
2024-07-20,0.0424301822751901
2024-07-21,0.0435752116955671
2024-07-22,0.0444666864675978
2024-07-23,0.0450704380531303
2024-07-24,0.0453495911084874
2024-07-25,0.0453289881499384
2024-07-26,0.0452506368162551
2024-07-27,0.045101419278834
2024-07-28,0.0447365818258087
2024-07-29,0.0441774157391484
2024-07-30,0.0435424597421788
2024-07-31,0.0428066109335386
2024-08-01,0.0421098362684982
2024-08-02,0.0417365848626078
2024-08-03,0.0415652215243965
2024-08-04,0.0413874258037414
2024-08-05,0.0411946314099219
2024-08-06,0.0410054593383273
2024-08-07,0.0407663318926792
2024-08-08,0.0405063778795408
2024-08-09,0.0403628629125392
2024-08-10,0.0403452444303849
2024-08-11,0.0403075805833358
2024-08-12,0.0401685274780606
2024-08-13,0.0399537419606573
2024-08-14,0.0396625878856992
2024-08-15,0.0392942796864457
2024-08-16,0.0388832235323761
2024-08-17,0.0384486014564006
2024-08-18,0.0381909005927629
2024-08-19,0.0381812154180049
2024-08-20,0.0382636013788901
2024-08-21,0.0384388966155385
2024-08-22,0.0387409371998376
2024-08-23,0.0392181589929071
2024-08-24,0.0397218873482907
2024-08-25,0.0399996888667492
2024-08-26,0.0399627248194745
2024-08-27,0.0398173382603678
2024-08-28,0.0398057279786351
2024-08-29,0.039925790796742
2024-08-30,0.0400460599224358
2024-08-31,0.0402226771461687
2024-09-01,0.0405129927958189
2024-09-02,0.0409331134225432
2024-09-03,0.0414833809736353
2024-09-04,0.0419588762602672
2024-09-05,0.0421274923837629
2024-09-06,0.0420233542508986
2024-09-07,0.0418313599245878
2024-09-08,0.0417167851868139
2024-09-09,0.0416528704107087
2024-09-10,0.041523311466075
2024-09-11,0.041297357760605
2024-09-12,0.0411451122904211
2024-09-13,0.0412485111606873
2024-09-14,0.041685616842381
2024-09-15,0.0424449877577928
2024-09-16,0.0434464063106881
2024-09-17,0.0445070944000708
2024-09-18,0.0454191359565335
2024-09-19,0.0459899071275616
2024-09-20,0.0461822298864072
2024-09-21,0.0460557250810547
2024-09-22,0.0456990225605314
2024-09-23,0.045143264105081
2024-09-24,0.0444590661823768
2024-09-25,0.043748352126425
2024-09-26,0.0430322945529284
2024-09-27,0.0422832642346939
2024-09-28,0.0415334194736405
2024-09-29,0.0408025489322028
2024-09-30,0.0401319028114107
2024-10-01,0.0395412866283199
2024-10-02,0.0390448480683868
2024-10-03,0.0386925125001007
2024-10-04,0.0384793797801993
2024-10-05,0.0383380448207265
2024-10-06,0.038206235863604
2024-10-07,0.0380375065332404
2024-10-08,0.0377324857758652
2024-10-09,0.0372379816220189
2024-10-10,0.03659485194566
2024-10-11,0.0358918713871795
2024-10-12,0.0351311288995484
2024-10-13,0.034296014147939
2024-10-14,0.03336829088537
2024-10-15,0.032358738246061
2024-10-16,0.0312891395010829
2024-10-17,0.0301798901769741
2024-10-18,0.0290736264192929
2024-10-19,0.0280126499112296
2024-10-20,0.0270226036552321
2024-10-21,0.0261080349256954
2024-10-22,0.0252577072954956
2024-10-23,0.0244932740789188
2024-10-24,0.0238302422212566
2024-10-25,0.0232433283612334
2024-10-26,0.0227109676365271
2024-10-27,0.0222422531103857
2024-10-28,0.0218443871340566
2024-10-29,0.0215224677772539
2024-10-30,0.0212741818804164
2024-10-31,0.0210764038568694
2024-11-01,0.0209252943086455
2024-11-02,0.020812387755737
2024-11-03,0.0207177158901506
2024-11-04,0.0206116718220162
2024-11-05,0.0204773847199987
2024-11-06,0.0203442659035565
2024-11-07,0.0202392258850761
2024-11-08,0.0202039396170088
2024-11-09,0.0202270090382187
2024-11-10,0.0202966208111011
2024-11-11,0.0204084073916999
2024-11-12,0.0205332391097627
2024-11-13,0.0206404380434264
2024-11-14,0.0207100116073393
2024-11-15,0.0207371243606714
2024-11-16,0.0207204788535904
2024-11-17,0.0206553897632125
2024-11-18,0.0205384171552938
2024-11-19,0.0203678118160882
2024-11-20,0.020155216289244
2024-11-21,0.0199253901817825
2024-11-22,0.0196914166293144
2024-11-23,0.0194546829305584
2024-11-24,0.0192144232392465
2024-11-25,0.018970195039806
2024-11-26,0.0187217311085874
2024-11-27,0.0184727314994909
2024-11-28,0.0182280430266958
2024-11-29,0.0179944372019459
2024-11-30,0.0177733771417807
2024-12-01,0.0175489412458177
2024-12-02,0.0173055540640722
2024-12-03,0.0170454567786405
2024-12-04,0.0167775339715459
2024-12-05,0.0165103841263665
2024-12-06,0.0162513634874288
2024-12-07,0.0160051682952587
2024-12-08,0.0157744855722675
2024-12-09,0.0155600879555431
2024-12-10,0.0153731509274856
2024-12-11,0.0152206219157261
2024-12-12,0.0150943805391084
2024-12-13,0.014973969224211
2024-12-14,0.0148420698836737
2024-12-15,0.0146969430300516
2024-12-16,0.0145472508358026
2024-12-17,0.0143988346140835
2024-12-18,0.014253541971372
2024-12-19,0.0141120126555524
2024-12-20,0.0139763366217742
2024-12-21,0.0138483724515695
2024-12-22,0.0137279680243091
2024-12-23,0.0136151224505239
2024-12-24,0.0135096260915947
2024-12-25,0.0134117661888136
2024-12-26,0.0133218052600723
2024-12-27,0.0132378309890949
2024-12-28,0.0131576367929603
2024-12-29,0.0130825185232837
2024-12-30,0.0130130893736707
2024-12-31,0.0129484395908209
2025-01-01,0.0128874446907447
2025-01-02,0.0128283411996826
2025-01-03,0.0127712896423999
2025-01-04,0.0127168204566907
2025-01-05,0.012664058725622
2025-01-06,0.0126126916501726
2025-01-07,0.0125625447148
2025-01-08,0.0125130819860188
2025-01-09,0.0124648971873182
2025-01-10,0.0124182135574228
2025-01-11,0.0123732069845476
2025-01-12,0.012332204969569
2025-01-13,0.0122959195591373
2025-01-14,0.012265007317514
2025-01-15,0.0122381263368041
2025-01-16,0.012215793753057
2025-01-17,0.0122020983636267
2025-01-18,0.0121961264009785
2025-01-19,0.0122063189519252
2025-01-20,0.0122275020440246
2025-01-21,0.012228698230143
2025-01-22,0.0121974223193657
2025-01-23,0.0121380111385919
2025-01-24,0.012059599806525
2025-01-25,0.0119734432971937
2025-01-26,0.0118866859313114
2025-01-27,0.011800851393015
2025-01-28,0.0117173856424133
2025-01-29,0.0116376700844651
2025-01-30,0.0115639076340031
2025-01-31,0.0115023655818616
2025-02-01,0.0114690224438574
2025-02-02,0.0114568444912066
2025-02-03,0.0114333676610484
2025-02-04,0.0113843385366698
2025-02-05,0.0113191519101492
2025-02-06,0.0112447215530316
2025-02-07,0.0111650528384981
2025-02-08,0.0110867165426468
2025-02-09,0.0110105931957142
2025-02-10,0.0109354624554277
2025-02-11,0.0108608799181697
2025-02-12,0.0107872608512774
2025-02-13,0.0107140128402702
2025-02-14,0.0106415654805214
2025-02-15,0.0105719923416377
2025-02-16,0.0105047385602318
2025-02-17,0.0104391014592494
2025-02-18,0.0103753969903221
2025-02-19,0.0103131740837836
2025-02-20,0.0102527446301059
2025-02-21,0.0101944881422748
2025-02-22,0.0101379892419506
2025-02-23,0.01008257182996
2025-02-24,0.0100287271675879
2025-02-25,0.00997830657482094
2025-02-26,0.00993491769369402
2025-02-27,0.00990970433766888
2025-02-28,0.00989822541153122
2025-03-01,0.00988733066687338
2025-03-02,0.00987657112714584
2025-03-03,0.00987398600706021
2025-03-04,0.00987952387033922
2025-03-05,0.00987929022459534
2025-03-06,0.00986715599843651
2025-03-07,0.00983885448352937
2025-03-08,0.00978825962666711
2025-03-09,0.00971639682951553
2025-03-10,0.00963475044599424
2025-03-11,0.00955294504820719
2025-03-12,0.00947603051344091
2025-03-13,0.00940629860030217
2025-03-14,0.00934150469110514
2025-03-15,0.0092823334400062
2025-03-16,0.00923234612291813
2025-03-17,0.00919140348479422
2025-03-18,0.00914757479950608
2025-03-19,0.00910752212394771
2025-03-20,0.00912045725012284
2025-03-21,0.00924224902466249
2025-03-22,0.00949006020032457
2025-03-23,0.00981327861019497
2025-03-24,0.0101668482650166
2025-03-25,0.0105639747841128
2025-03-26,0.0110171756522478
2025-03-27,0.0114785401321473
2025-03-28,0.0118827028298701
2025-03-29,0.012195114727128
2025-03-30,0.0124895023896769
2025-03-31,0.0128518011282897
2025-04-01,0.0133685051693084
2025-04-02,0.0141562222005386
2025-04-03,0.0151769805790908
2025-04-04,0.0163810372590364
2025-04-05,0.0176950389305153
2025-04-06,0.0190865167549248
2025-04-07,0.0205329522182865
2025-04-08,0.0220567753945742
2025-04-09,0.0237387521432092
2025-04-10,0.0256293288094683
2025-04-11,0.0273499367601801
2025-04-12,0.0287454399200371
2025-04-13,0.0299768301991397
2025-04-14,0.0312031913790393
2025-04-15,0.0325553235060305
2025-04-16,0.0341227130775083
2025-04-17,0.036012986684874
2025-04-18,0.0382646263487484
2025-04-19,0.0405107487190533
2025-04-20,0.0425424378952911
2025-04-21,0.0446012914802656
2025-04-22,0.0469102898871226
2025-04-23,0.049375728414183
2025-04-24,0.051765623006476
2025-04-25,0.0537969115498782
2025-04-26,0.0551583316677311
2025-04-27,0.055747700075658
2025-04-28,0.0556811028525277
2025-04-29,0.055136084120359
2025-04-30,0.0544026232945563
2025-05-01,0.053788478797183
2025-05-02,0.053609228091412
2025-05-03,0.0541977485929485
2025-05-04,0.0552831898869319
2025-05-05,0.0567324501805986
2025-05-06,0.0586817845818348
2025-05-07,0.0612455521259923
2025-05-08,0.0642252945835205
2025-05-09,0.0673681215897172
2025-05-10,0.0705553773303037
2025-05-11,0.0739536466655078
2025-05-12,0.0777689799069934
2025-05-13,0.0817536265787471
2025-05-14,0.0849892519795139
2025-05-15,0.0869102529356939
2025-05-16,0.0875280666070172
2025-05-17,0.0872248932249294
2025-05-18,0.0865240124204042
2025-05-19,0.0858989830962011
2025-05-20,0.0856107911772907
2025-05-21,0.0854631211477595
2025-05-22,0.08518084809333
2025-05-23,0.0847406044073619
2025-05-24,0.0846710351809848
2025-05-25,0.085380843390337
2025-05-26,0.0869484848078005
2025-05-27,0.0888754604473813
2025-05-28,0.0909367726709842
2025-05-29,0.0932169396479922
2025-05-30,0.0961647113512387
2025-05-31,0.0988734526319604
2025-06-01,0.100274505212814
2025-06-02,0.0999022575905675
2025-06-03,0.0979629210124376
2025-06-04,0.0954307973957345
2025-06-05,0.0932516653831413
2025-06-06,0.0916132518566938
2025-06-07,0.0904345208688557
2025-06-08,0.0894230929228496
2025-06-09,0.0881078349511302
2025-06-10,0.0862177617566179
2025-06-11,0.0844793810490265
2025-06-12,0.0829666770720076
2025-06-13,0.0816270620704048
2025-06-14,0.0805697966719524
2025-06-15,0.0795933181400736
2025-06-16,0.0787810105355733
2025-06-17,0.0781841328187406
2025-06-18,0.0779589196813974
2025-06-19,0.0775677705710411
2025-06-20,0.0765382740400431
2025-06-21,0.075155921454863
2025-06-22,0.0736118707847487
2025-06-23,0.0719595832590151
2025-06-24,0.0703278202058097
2025-06-25,0.0689830290860878
2025-06-26,0.067907973221643
2025-06-27,0.0668268142145998
2025-06-28,0.0654292750229921
2025-06-29,0.0637332774763961
2025-06-30,0.0619215375785443
2025-07-01,0.0601236749662184
2025-07-02,0.0583688136220329
2025-07-03,0.0566585890326472
2025-07-04,0.0549949834279807
2025-07-05,0.0535084784158137
2025-07-06,0.0526695779261949
2025-07-07,0.0528407260808291
2025-07-08,0.0533991239601511
2025-07-09,0.0539488100678777
2025-07-10,0.0542250151711535
2025-07-11,0.0539918294745303
2025-07-12,0.053235985322739
2025-07-13,0.0522506244180727
2025-07-14,0.0513806987199925
2025-07-15,0.050989615867076
2025-07-16,0.0514559136833843
2025-07-17,0.0525022673322112
2025-07-18,0.053290470399077
2025-07-19,0.053396623599796
2025-07-20,0.0531867585227217
2025-07-21,0.0529091196382587
2025-07-22,0.0526368908380613
2025-07-23,0.0522761713395726
2025-07-24,0.0517553584186853
2025-07-25,0.0511543101248581
2025-07-26,0.0506443496188416
2025-07-27,0.0503418710250668
2025-07-28,0.0502158829948728
2025-07-29,0.0501477165909689
2025-07-30,0.0500873854909912
2025-07-31,0.0500459260769341
2025-08-01,0.050016719314991
2025-08-02,0.0498940096347369
2025-08-03,0.0495219509455923
2025-08-04,0.0487928445689992
2025-08-05,0.0477298234506537
2025-08-06,0.0464948258393541
2025-08-07,0.0452520349072403
2025-08-08,0.0440634287394941
2025-08-09,0.0428941597222127
2025-08-10,0.0418894772027795
2025-08-11,0.0412965196906677
2025-08-12,0.0411342878783509
2025-08-13,0.0411980174943014
2025-08-14,0.0413239822083327
2025-08-15,0.0412485573725436
2025-08-16,0.040899583530339
2025-08-17,0.0403559022161553
2025-08-18,0.0396912365876734
2025-08-19,0.0390068842122386
2025-08-20,0.0383998177919333
2025-08-21,0.0379224692586079
2025-08-22,0.0375749008689792
2025-08-23,0.0373076165259294
2025-08-24,0.037091453539602
2025-08-25,0.0369153042681702
2025-08-26,0.0367987178195949
2025-08-27,0.0368624192316772
2025-08-28,0.0373363044472309
2025-08-29,0.0383193967535563
2025-08-30,0.0395656508215703
2025-08-31,0.0406962594653418
2025-09-01,0.041369227728229
2025-09-02,0.0414552926594187
2025-09-03,0.0410975643543878
2025-09-04,0.0407543674421656
2025-09-05,0.04071165079115
2025-09-06,0.0411855689130562
2025-09-07,0.0423557081526717
2025-09-08,0.0439767226765246
2025-09-09,0.0460104197452558
2025-09-10,0.0485298818796273
2025-09-11,0.0513902250897644
2025-09-12,0.0540744209347265
2025-09-13,0.0555518102167006
2025-09-14,0.0553147885874832
2025-09-15,0.054048861884032
2025-09-16,0.0525266099989006
2025-09-17,0.0512144292545962
2025-09-18,0.0502749884831679
2025-09-19,0.049659550858379
2025-09-20,0.0493973116788968
2025-09-21,0.0492815799760187
2025-09-22,0.0492815799760187
2025-09-23,0.0485788626079145
2025-09-24,0.0478721263939268
2025-09-25,0.0469593378895746
2025-09-26,0.0459429380359287
2025-09-27,0.0449668281892787
2025-09-28,0.0441938603809777
2025-09-29,0.0437078364275982
2025-09-30,0.0435730313558713
2025-10-01,0.0434437925700739
2025-10-02,0.0430135858146202
2025-10-03,0.0423268992304589
2025-10-04,0.0414404068131768
2025-10-05,0.040334364372477
2025-10-06,0.0390822085099682
2025-10-07,0.0377772943218737
2025-10-08,0.0364747867201385
2025-10-09,0.0352286057092872
2025-10-10,0.0341053041838709
2025-10-11,0.0330706129024154
2025-10-12,0.0320325086073331
2025-10-13,0.0309565120570793
2025-10-14,0.0298776790196779
2025-10-15,0.0288291279025477
2025-10-16,0.0278393794662468
2025-10-17,0.0269335396035873
2025-10-18,0.0261184170592408
2025-10-19,0.0253777438542233
2025-10-20,0.0246933081134621
2025-10-21,0.0240531866917492
2025-10-22,0.0234562671357821
2025-10-23,0.0229129809244392
2025-10-24,0.0224294684451901
2025-10-25,0.0219869588885885
2025-10-26,0.0215419786429547
2025-10-27,0.0210757284192446
2025-10-28,0.0206042060321274
2025-10-29,0.0201409222235929
2025-10-30,0.0196810685325607
2025-10-31,0.0192332499809348
2025-11-01,0.018802320154934
2025-11-02,NA
2025-11-03,NA
2025-11-04,NA
2025-11-05,NA
2025-11-06,NA
2025-11-07,NA
2025-11-08,NA
2025-11-09,NA
2025-11-10,NA
2025-11-11,NA
2025-11-12,NA
2025-11-13,NA
2025-11-14,NA
2025-11-15,NA
2025-11-16,NA
2025-11-17,NA
2025-11-18,NA
2025-11-19,NA
2025-11-20,NA
2025-11-21,NA
2025-11-22,NA
2025-11-23,NA
2025-11-24,NA
2025-11-25,NA
2025-11-26,NA
2025-11-27,NA
2025-11-28,NA
2025-11-29,NA
2025-11-30,NA
2025-12-01,NA
2025-12-02,NA
2025-12-03,NA
2025-12-04,NA
2025-12-05,NA
2025-12-06,NA
2025-12-07,NA
2025-12-08,NA
2025-12-09,NA
2025-12-10,NA
2025-12-11,NA
2025-12-12,NA
2025-12-13,NA
2025-12-14,NA
2025-12-15,NA
2025-12-16,NA
2025-12-17,NA
2025-12-18,NA
2025-12-19,NA
2025-12-20,NA
2025-12-21,NA
2025-12-22,NA
2025-12-23,NA
2025-12-24,NA
2025-12-25,NA
2025-12-26,NA
2025-12-27,NA
2025-12-28,NA
2025-12-29,NA
2025-12-30,NA
2025-12-31,NA
