date,data
2000-01-01,7.39603524506388
2000-01-02,7.47334392022551
2000-01-03,7.46321255285759
2000-01-04,7.5707342492536
2000-01-05,7.50137834571672
2000-01-06,7.4830763181147
2000-01-07,7.47256297846201
2000-01-08,7.4526966210054
2000-01-09,7.45610284227913
2000-01-10,7.42405035680875
2000-01-11,7.40876894828233
2000-01-12,7.37833941146996
2000-01-13,7.33186162147231
2000-01-14,7.29946677551885
2000-01-15,7.31389180262561
2000-01-16,7.3087529756826
2000-01-17,7.32614233135195
2000-01-18,7.3250216324699
2000-01-19,7.3202880558729
2000-01-20,7.16757769254703
2000-01-21,6.98816760616441
2000-01-22,6.91533979425645
2000-01-23,6.90572317819911
2000-01-24,6.93850445520228
2000-01-25,6.92173684197636
2000-01-26,7.04041392552029
2000-01-27,7.08230774927663
2000-01-28,7.13998420453371
2000-01-29,7.14738760990834
2000-01-30,7.08160454629936
2000-01-31,NA
2000-02-01,NA
2000-02-02,NA
2000-02-03,NA
2000-02-04,NA
2000-02-05,NA
2000-02-06,NA
2000-02-07,NA
2000-02-08,NA
2000-02-09,NA
2000-02-10,NA
2000-02-11,NA
2000-02-12,NA
2000-02-13,NA
2000-02-14,NA
2000-02-15,NA
2000-02-16,NA
2000-02-17,NA
2000-02-18,NA
2000-02-19,NA
2000-02-20,NA
2000-02-21,NA
2000-02-22,NA
2000-02-23,NA
2000-02-24,NA
2000-02-25,NA
2000-02-26,NA
2000-02-27,NA
2000-02-28,NA
2000-02-29,NA
2000-03-01,6.45389224241107
2000-03-02,6.38631375055641
2000-03-03,6.34751690742974
2000-03-04,6.27393907172286
2000-03-05,6.20104210629563
2000-03-06,6.17136452397134
2000-03-07,6.1781560396572
2000-03-08,6.17761214731029
2000-03-09,6.17323949643058
2000-03-10,6.14939561953643
2000-03-11,6.15361636323981
2000-03-12,6.14989815016528
2000-03-13,6.1580430425238
2000-03-14,6.16204481363876
2000-03-15,6.16819209057344
2000-03-16,6.15276378013466
2000-03-17,6.188379770758
2000-03-18,6.20992455258423
2000-03-19,6.10209625270535
2000-03-20,6.18046692492371
2000-03-21,6.24275457030169
2000-03-22,6.29483207900438
2000-03-23,6.15925096591028
2000-03-24,6.12342308157352
2000-03-25,6.18782709358556
2000-03-26,6.44387973349832
2000-03-27,6.52018488738076
2000-03-28,6.57630841871524
2000-03-29,6.43147960722521
2000-03-30,6.42828089134373
2000-03-31,6.46150033775323
2000-04-01,6.50105772056073
2000-04-02,6.52123953977205
2000-04-03,6.52137335011793
2000-04-04,6.60983944826281
2000-04-05,6.64692706026656
2000-04-06,6.66201049615194
2000-04-07,6.66763935669354
2000-04-08,6.65451670513493
2000-04-09,6.67010386515972
2000-04-10,6.69982239353628
2000-04-11,6.7100016278773
2000-04-12,6.75858635981971
2000-04-13,6.78044751277143
2000-04-14,6.78784587483974
2000-04-15,6.84704967220816
2000-04-16,6.89045107336572
2000-04-17,6.95967637850683
2000-04-18,7.04357291337988
2000-04-19,7.09422025493933
2000-04-20,7.13954809944573
2000-04-21,7.20230630583729
2000-04-22,7.26498837927431
2000-04-23,7.4027140864331
2000-04-24,7.51669358346273
2000-04-25,7.44224255429954
2000-04-26,7.45029564322652
2000-04-27,7.48706647204897
2000-04-28,7.5466493609955
2000-04-29,7.53638480036722
2000-04-30,7.54647099357054
2000-05-01,7.58189136915348
2000-05-02,7.48574157867376
2000-05-03,7.66171580140779
2000-05-04,7.5855549465713
2000-05-05,7.61799519584935
2000-05-06,7.62363490758467
2000-05-07,7.64168687460142
2000-05-08,7.69868805346606
2000-05-09,7.76747150212796
2000-05-10,7.87953525851457
2000-05-11,7.95362053138024
2000-05-12,8.01378055240858
2000-05-13,7.917554440608
2000-05-14,7.92388130552484
2000-05-15,7.92841945303191
2000-05-16,7.93529851121713
2000-05-17,7.9457625223142
2000-05-18,7.93664125959834
2000-05-19,7.93191886836666
2000-05-20,7.93986344425728
2000-05-21,7.92570062913623
2000-05-22,7.92288796424763
2000-05-23,7.91643318700044
2000-05-24,7.91091437728208
2000-05-25,7.88594257190527
2000-05-26,7.88782897527621
2000-05-27,7.87839779778012
2000-05-28,7.86762333643867
2000-05-29,7.86982965494856
2000-05-30,7.86856301588881
2000-05-31,7.86693171875413
2000-06-01,7.86781417501584
2000-06-02,7.86294316950269
2000-06-03,7.92583259875117
2000-06-04,7.93088741030074
2000-06-05,NA
2000-06-06,NA
2000-06-07,7.95925721016127
2000-06-08,7.97713380765801
2000-06-09,8.03890951990737
2000-06-10,8.04436843066113
2000-06-11,8.07059007880099
2000-06-12,8.11892888495648
2000-06-13,8.16305690333058
2000-06-14,8.16377546322841
2000-06-15,8.12999691077586
2000-06-16,8.10545280292051
2000-06-17,8.08584898013971
2000-06-18,8.06808853974646
2000-06-19,8.04780530718164
2000-06-20,8.04742451694407
2000-06-21,8.03810442974217
2000-06-22,8.03404985513185
2000-06-23,8.03211090458761
2000-06-24,8.0156029986683
2000-06-25,8.00846675149993
2000-06-26,7.98816196272622
2000-06-27,7.98483711458871
2000-06-28,7.98057295316834
2000-06-29,7.96444102006225
2000-06-30,7.94987811907613
2000-07-01,7.94223789378839
2000-07-02,7.93519448882526
2000-07-03,7.93824153297821
2000-07-04,7.93390515467734
2000-07-05,7.90321155001064
2000-07-06,7.90303015902463
2000-07-07,7.91006532304623
2000-07-08,7.90563254223188
2000-07-09,7.89830328126607
2000-07-10,7.91067086791173
2000-07-11,7.90080274035388
2000-07-12,7.93571087931043
2000-07-13,7.93319583085848
2000-07-14,7.91965232326716
2000-07-15,7.89826592180464
2000-07-16,7.91762921941239
2000-07-17,7.90784338554601
2000-07-18,7.9041644854184
2000-07-19,7.88235937127735
2000-07-20,7.9278375408018
2000-07-21,7.90982764108601
2000-07-22,7.90115291913093
2000-07-23,7.87470110121078
2000-07-24,7.8779810688926
2000-07-25,7.87633730232623
2000-07-26,7.88050545510609
2000-07-27,7.86769372661126
2000-07-28,7.85065075706931
2000-07-29,7.84488279141049
2000-07-30,7.8448975719697
2000-07-31,7.84400370575858
2000-08-01,7.84737704853329
2000-08-02,7.85440472553056
2000-08-03,7.84254719084014
2000-08-04,7.84415726360464
2000-08-05,7.84279720729866
2000-08-06,7.85091145890753
2000-08-07,7.83571169897135
2000-08-08,8.0104355902875
2000-08-09,8.20559011687797
2000-08-10,8.18788581121997
2000-08-11,8.10300042571509
2000-08-12,8.35103778878621
2000-08-13,8.11150893735728
2000-08-14,7.65032286978925
2000-08-15,7.53111434971098
2000-08-16,7.54691909054786
2000-08-17,7.58771886181684
2000-08-18,7.73726554754578
2000-08-19,7.60865433102562
2000-08-20,7.69118284463108
2000-08-21,7.71343515771899
2000-08-22,7.74497137285615
2000-08-23,7.73011263861454
2000-08-24,7.84980279691862
2000-08-25,7.84379765687007
2000-08-26,7.87479818807593
2000-08-27,7.89493092476614
2000-08-28,7.87654232161068
2000-08-29,7.89464696174408
2000-08-30,7.91863213192694
2000-08-31,7.87490610355095
2000-09-01,7.87867544270689
2000-09-02,7.87229528883119
2000-09-03,7.87851813809683
2000-09-04,7.90432295456937
2000-09-05,7.90236633401971
2000-09-06,7.90979620331761
2000-09-07,7.90161679159625
2000-09-08,7.88815072011603
2000-09-09,7.88684573517269
2000-09-10,7.88464445884973
2000-09-11,7.87701729603609
2000-09-12,7.87513346175175
2000-09-13,7.8673280297673
2000-09-14,7.87133628326821
2000-09-15,7.83527567994133
2000-09-16,7.92187268152067
2000-09-17,7.98314160182946
2000-09-18,7.92674639425978
2000-09-19,7.91617382269026
2000-09-20,8.00789963674304
2000-09-21,7.98873503207705
2000-09-22,7.92125895630862
2000-09-23,7.74394145318287
2000-09-24,7.81885730173728
2000-09-25,7.70889755288836
2000-09-26,7.81450512354889
2000-09-27,7.90944940024485
2000-09-28,7.81290626689548
2000-09-29,7.88579563352536
2000-09-30,7.8322581418753
2000-10-01,7.76056918612094
2000-10-02,7.83993216008192
2000-10-03,7.79836761692462
2000-10-04,8.0118611047737
2000-10-05,7.98857505640195
2000-10-06,7.97494194668247
2000-10-07,7.826755181083
2000-10-08,7.81719700903198
2000-10-09,7.73287830145978
2000-10-10,7.7322798414845
2000-10-11,7.73518762267464
2000-10-12,7.70571327700464
2000-10-13,7.6427047715126
2000-10-14,7.64402120397216
2000-10-15,7.66437760302421
2000-10-16,7.68004975226236
2000-10-17,7.69296246654158
2000-10-18,7.65882751216059
2000-10-19,7.62869905827527
2000-10-20,7.38661751599342
2000-10-21,7.12208370772537
2000-10-22,7.03103511249853
2000-10-23,7.07305786674607
2000-10-24,7.11691115813653
2000-10-25,7.15855082050639
2000-10-26,7.24150262444662
2000-10-27,7.2956217941283
2000-10-28,7.36569647326109
2000-10-29,7.38383723545175
2000-10-30,7.28789400074406
2000-10-31,7.22556336948629
2000-11-01,7.2710383723224
2000-11-02,7.35966137719546
2000-11-03,7.37643992802308
2000-11-04,7.4242682748799
2000-11-05,7.35543840383471
2000-11-06,7.24952022709668
2000-11-07,7.20751940953198
2000-11-08,7.14055620631576
2000-11-09,7.02491159358195
2000-11-10,6.95008260193588
2000-11-11,6.92924811190048
2000-11-12,6.87056150919846
2000-11-13,6.80487621239152
2000-11-14,6.78192875555598
2000-11-15,6.69887112543142
2000-11-16,6.59997237317599
2000-11-17,6.39706121063661
2000-11-18,6.3982073039491
2000-11-19,6.37019968098359
2000-11-20,6.3284351556001
2000-11-21,6.31986954297757
2000-11-22,6.39981980108487
2000-11-23,6.43653685293894
2000-11-24,6.44773532752991
2000-11-25,6.4927030919102
2000-11-26,6.58561035576699
2000-11-27,6.62537632631004
2000-11-28,6.84216030575457
2000-11-29,6.83382561826937
2000-11-30,6.83561709222833
2000-12-01,7.11312803562534
2000-12-02,7.20111650403568
2000-12-03,7.17073830259394
2000-12-04,7.23791219462877
2000-12-05,7.19455399169794
2000-12-06,7.01799314649961
2000-12-07,7.01461561173937
2000-12-08,6.99668205083274
2000-12-09,6.91443891121924
2000-12-10,6.90393613017744
2000-12-11,6.92076086935638
2000-12-12,6.87439056483465
2000-12-13,6.88905460571514
2000-12-14,6.65090535215185
2000-12-15,6.60625080620089
2000-12-16,6.33132615597657
2000-12-17,6.39426042977342
2000-12-18,6.48427728450062
2000-12-19,6.34007401025769
2000-12-20,6.64979157924988
2000-12-21,6.57597021040146
2000-12-22,6.35669120573251
2000-12-23,6.66000375619793
2000-12-24,6.72756495283938
2000-12-25,6.71160079373948
2000-12-26,6.81307898208199
2000-12-27,6.89207611788039
2000-12-28,6.92495610992959
2000-12-29,6.96300117681627
2000-12-30,6.92872829606174
2000-12-31,6.82445087340405
2001-01-01,7.68156007395906
2001-01-02,7.65169599907721
2001-01-03,7.63770149971417
2001-01-04,7.62998716523636
2001-01-05,7.62758308520713
2001-01-06,7.64350338764525
2001-01-07,7.65996865638757
2001-01-08,7.67450314969771
2001-01-09,7.68475626316424
2001-01-10,7.68515657557127
2001-01-11,7.67851572941663
2001-01-12,7.68804336038201
2001-01-13,7.61962866351765
2001-01-14,7.63616881142685
2001-01-15,7.58226543124135
2001-01-16,7.58460003930356
2001-01-17,7.57017289728647
2001-01-18,7.542555293082
2001-01-19,7.60531235962123
2001-01-20,7.62742418090512
2001-01-21,7.60054669458058
2001-01-22,7.55803538060266
2001-01-23,7.48985903916942
2001-01-24,7.54257527499756
2001-01-25,7.52054358588221
2001-01-26,7.52276233129405
2001-01-27,7.46074101592961
2001-01-28,7.44703583738467
2001-01-29,7.39116591567128
2001-01-30,7.36669214443178
2001-01-31,NA
2001-02-01,6.76316113451387
2001-02-02,6.59491990081121
2001-02-03,6.51533924582081
2001-02-04,6.55681035253416
2001-02-05,6.40977195512202
2001-02-06,6.38775840469738
2001-02-07,6.31664381195319
2001-02-08,6.32800187306037
2001-02-09,6.25391310535543
2001-02-10,6.25929711704247
2001-02-11,6.2128896504484
2001-02-12,6.32989383902723
2001-02-13,6.29184694593846
2001-02-14,6.30482558170253
2001-02-15,6.23259339834906
2001-02-16,6.25720986178659
2001-02-17,6.31930279896351
2001-02-18,6.39448963139381
2001-02-19,6.32735316008702
2001-02-20,6.32892512361356
2001-02-21,6.44313717517892
2001-02-22,6.47884034388681
2001-02-23,6.52138998288857
2001-02-24,6.46526370003659
2001-02-25,6.58642008431695
2001-02-26,6.45573672769001
2001-02-27,6.47011045388518
2001-02-28,6.49294672213577
2001-03-01,6.53062150411482
2001-03-02,6.51628093702259
2001-03-03,6.53902673374864
2001-03-04,6.58912921315259
2001-03-05,6.55275076543806
2001-03-06,6.51750831867788
2001-03-07,6.67316332323985
2001-03-08,6.68164478387193
2001-03-09,6.66102921343283
2001-03-10,6.71851506932064
2001-03-11,6.60006927744025
2001-03-12,6.56411947642948
2001-03-13,6.574390911471
2001-03-14,6.50966593885992
2001-03-15,6.45577889842003
2001-03-16,6.3862853006252
2001-03-17,6.30406870077818
2001-03-18,6.30048067600173
2001-03-19,6.22042659679345
2001-03-20,6.14034680875109
2001-03-21,6.14765475488148
2001-03-22,6.16418668289639
2001-03-23,6.17388843868078
2001-03-24,6.16847218902836
2001-03-25,6.12823665084763
2001-03-26,6.09498269959388
2001-03-27,6.0817610668237
2001-03-28,6.08585740995745
2001-03-29,6.12029028710262
2001-03-30,6.12683286923461
2001-03-31,6.1414821922419
2001-04-01,6.05948857693219
2001-04-02,6.10410265625654
2001-04-03,6.10827218102538
2001-04-04,6.30639926688959
2001-04-05,6.39433829581541
2001-04-06,6.46140828884882
2001-04-07,6.51327921714413
2001-04-08,6.49521759985768
2001-04-09,6.56242421850051
2001-04-10,6.61590038975349
2001-04-11,6.65836531982709
2001-04-12,6.69073487142921
2001-04-13,6.751602195812
2001-04-14,6.80559079529123
2001-04-15,6.8751288734281
2001-04-16,6.93422330750779
2001-04-17,6.98535919154275
2001-04-18,7.01870796906861
2001-04-19,7.05096844102131
2001-04-20,7.08528708865958
2001-04-21,7.15584503475187
2001-04-22,7.19379323406093
2001-04-23,7.21649717931965
2001-04-24,7.23782509164454
2001-04-25,7.25912171750061
2001-04-26,7.24990753845896
2001-04-27,7.24961343715625
2001-04-28,7.28079946098968
2001-04-29,7.30861037121926
2001-04-30,7.33316484754904
2001-05-01,7.34426527585362
2001-05-02,7.4093935689121
2001-05-03,7.42529529491485
2001-05-04,7.4539462972849
2001-05-05,7.49633311148716
2001-05-06,7.61207139367407
2001-05-07,7.62768813343951
2001-05-08,7.64368794720863
2001-05-09,7.70808469808514
2001-05-10,7.77174689189308
2001-05-11,7.87308051220816
2001-05-12,7.83331360987534
2001-05-13,7.86011760057978
2001-05-14,7.87476484749702
2001-05-15,7.89751325601104
2001-05-16,7.90431620773184
2001-05-17,7.90844884447326
2001-05-18,7.90633658733598
2001-05-19,7.92951332407512
2001-05-20,7.94224514011572
2001-05-21,7.94282897841561
2001-05-22,7.94429001649903
2001-05-23,7.95000972640075
2001-05-24,7.95031784950498
2001-05-25,7.95417851278109
2001-05-26,7.96181506173139
2001-05-27,7.96842017091965
2001-05-28,7.97125479799131
2001-05-29,7.98200615142784
2001-05-30,7.97953887194395
2001-05-31,7.99070504209907
2001-06-01,NA
2001-06-02,NA
2001-06-03,NA
2001-06-04,NA
2001-06-05,NA
2001-06-06,NA
2001-06-07,NA
2001-06-08,NA
2001-06-09,NA
2001-06-10,NA
2001-06-11,NA
2001-06-12,NA
2001-06-13,NA
2001-06-14,NA
2001-06-15,NA
2001-06-16,NA
2001-06-17,NA
2001-06-18,NA
2001-06-19,NA
2001-06-20,NA
2001-06-21,NA
2001-06-22,NA
2001-06-23,NA
2001-06-24,NA
2001-06-25,NA
2001-06-26,NA
2001-06-27,NA
2001-06-28,NA
2001-06-29,NA
2001-06-30,NA
2001-07-01,7.33377185368953
2001-07-02,7.42027784198132
2001-07-03,7.54746123593123
2001-07-04,7.54703694565276
2001-07-05,7.59449581838724
2001-07-06,7.62165947242714
2001-07-07,7.6589172325915
2001-07-08,7.64513415203067
2001-07-09,7.65654478518145
2001-07-10,7.67742088315292
2001-07-11,7.78281742557369
2001-07-12,7.85132148015792
2001-07-13,7.85262204060672
2001-07-14,7.85905059766332
2001-07-15,7.84986446173333
2001-07-16,7.82411963601133
2001-07-17,7.83810609382922
2001-07-18,7.82832122885322
2001-07-19,7.81507311187796
2001-07-20,7.83404167758065
2001-07-21,7.85280865833454
2001-07-22,7.86483365991424
2001-07-23,7.87635852161207
2001-07-24,7.90284089067251
2001-07-25,7.9573263093714
2001-07-26,7.94257046025223
2001-07-27,7.93482441772304
2001-07-28,7.93313038167457
2001-07-29,7.92294626524238
2001-07-30,7.9042985236019
2001-07-31,7.90900079408868
2001-08-01,7.9069998965573
2001-08-02,7.90479231341905
2001-08-03,7.90840699290426
2001-08-04,7.91217065719446
2001-08-05,7.90945864517904
2001-08-06,7.90699276155697
2001-08-07,7.90900049719116
2001-08-08,7.90127549289508
2001-08-09,7.90118842222405
2001-08-10,7.88263652903659
2001-08-11,7.88525080587632
2001-08-12,7.86792648326962
2001-08-13,7.85677065097213
2001-08-14,7.85903742303214
2001-08-15,7.8526317383228
2001-08-16,7.82813882655615
2001-08-17,7.82408340110933
2001-08-18,7.84148215762867
2001-08-19,7.84797108674166
2001-08-20,7.84047996657734
2001-08-21,7.80041804831271
2001-08-22,7.78591667794392
2001-08-23,7.75296173609124
2001-08-24,7.73692738970419
2001-08-25,7.79645028972855
2001-08-26,7.80467076660288
2001-08-27,7.8267966713706
2001-08-28,7.83403422713814
2001-08-29,7.82190100952936
2001-08-30,7.84351644648543
2001-08-31,7.85661667524195
2001-09-01,7.85965614588365
2001-09-02,7.87567204459585
2001-09-03,7.87302708257541
2001-09-04,7.8863438885092
2001-09-05,7.88067812773372
2001-09-06,7.88508406495343
2001-09-07,7.8862172356172
2001-09-08,7.87349898021532
2001-09-09,7.9403102471775
2001-09-10,7.83481615560471
2001-09-11,7.81774617385824
2001-09-12,7.8027966970563
2001-09-13,7.82191509256931
2001-09-14,7.79942554548253
2001-09-15,7.77334379703666
2001-09-16,7.79749456028516
2001-09-17,7.79238918469542
2001-09-18,7.78491777623563
2001-09-19,7.76880119308308
2001-09-20,7.76785255756977
2001-09-21,7.75980903285841
2001-09-22,7.76952284771518
2001-09-23,7.77253141020345
2001-09-24,7.77187332990264
2001-09-25,7.799343618073
2001-09-26,7.82502387318159
2001-09-27,7.96257551399723
2001-09-28,7.889641441992
2001-09-29,7.83106727010934
2001-09-30,7.83432625622346
2001-10-01,7.83900504385121
2001-10-02,7.8045013882651
2001-10-03,7.81214760808622
2001-10-04,7.80142642918939
2001-10-05,7.80906642850148
2001-10-06,7.80906890706225
2001-10-07,7.8343457345412
2001-10-08,7.84310993280806
2001-10-09,7.82826604856846
2001-10-10,7.81595890535503
2001-10-11,7.8025836898996
2001-10-12,7.78266866840462
2001-10-13,7.64758893382975
2001-10-14,7.67423839336641
2001-10-15,7.61519490558847
2001-10-16,7.64473477936371
2001-10-17,7.59215776888566
2001-10-18,7.64860416399661
2001-10-19,7.73882968026112
2001-10-20,7.78313906131877
2001-10-21,7.81375413825291
2001-10-22,7.78012069129135
2001-10-23,7.72109660185865
2001-10-24,7.79884026970799
2001-10-25,7.7582065061659
2001-10-26,7.86065930197421
2001-10-27,7.8196301002638
2001-10-28,7.8006041982423
2001-10-29,7.74797743457951
2001-10-30,7.73517356856703
2001-10-31,7.80980488803445
2001-11-01,7.87173880345706
2001-11-02,7.83833404023193
2001-11-03,7.61138037424751
2001-11-04,7.49921944694983
2001-11-05,7.54881080089497
2001-11-06,7.63724929887537
2001-11-07,7.70306663648972
2001-11-08,7.75699719981976
2001-11-09,7.73247147659007
2001-11-10,7.81657352035261
2001-11-11,7.82408472695009
2001-11-12,7.89160724206791
2001-11-13,7.95299907585276
2001-11-14,7.94432737563637
2001-11-15,7.9590240664498
2001-11-16,7.99471217927807
2001-11-17,7.96563822260654
2001-11-18,8.00448637422032
2001-11-19,8.13051985883874
2001-11-20,8.09268581403652
2001-11-21,7.98107382434588
2001-11-22,7.94152714386888
2001-11-23,7.87858011458242
2001-11-24,7.85539346904123
2001-11-25,7.79680315559317
2001-11-26,7.83378374871238
2001-11-27,7.79908582165826
2001-11-28,7.73294728696674
2001-11-29,7.63414714649854
2001-11-30,7.62494755994478
2001-12-01,7.6149335262856
2001-12-02,7.48215972939115
2001-12-03,7.42517598614836
2001-12-04,7.42299637542751
2001-12-05,7.2925306050524
2001-12-06,7.53156837257681
2001-12-07,7.35587678206415
2001-12-08,7.04330186318428
2001-12-09,6.97231881752743
2001-12-10,7.02457049841354
2001-12-11,7.05617435113535
2001-12-12,7.13292125296924
2001-12-13,7.13209951356376
2001-12-14,7.04107850482594
2001-12-15,7.00098327530134
2001-12-16,7.08642641457267
2001-12-17,7.12977756592018
2001-12-18,7.09571461899133
2001-12-19,7.10297515156445
2001-12-20,7.18464349727411
2001-12-21,7.21334040733437
2001-12-22,7.17827166320599
2001-12-23,7.19027759435076
2001-12-24,7.20556186597372
2001-12-25,7.17587028498256
2001-12-26,7.18559212508273
2001-12-27,7.24382596101002
2001-12-28,7.29554764276475
2001-12-29,7.41296055442409
2001-12-30,7.43698609822523
2001-12-31,7.43757699645524
2002-01-01,7.42231065444124
2002-01-02,7.45451726463851
2002-01-03,7.29668782393262
2002-01-04,7.15353938817845
2002-01-05,7.13774198232425
2002-01-06,7.09387936491485
2002-01-07,7.11647151520068
2002-01-08,7.0662215010638
2002-01-09,7.09370647709619
2002-01-10,7.08718301054228
2002-01-11,7.04942257685557
2002-01-12,6.98833207180999
2002-01-13,7.00435072346689
2002-01-14,7.07119810255562
2002-01-15,6.70290889259338
2002-01-16,6.63737620257413
2002-01-17,6.66087012472799
2002-01-18,6.6054205944427
2002-01-19,6.3749050229618
2002-01-20,6.38693031318698
2002-01-21,6.45172878160964
2002-01-22,6.53241938922904
2002-01-23,6.54805233962812
2002-01-24,6.62605855931436
2002-01-25,6.6366307061508
2002-01-26,6.70006736605757
2002-01-27,6.48790868405254
2002-01-28,6.53253757068144
2002-01-29,6.63500231205888
2002-01-30,6.488025943645
2002-01-31,6.48667017357919
2002-02-01,6.45142767915904
2002-02-02,6.4228147213566
2002-02-03,6.41501557997595
2002-02-04,6.42402020743094
2002-02-05,6.3946637017721
2002-02-06,6.35694157626814
2002-02-07,6.41915601654821
2002-02-08,6.34153633052768
2002-02-09,6.36495410798602
2002-02-10,6.25042001055538
2002-02-11,6.17523864754006
2002-02-12,6.01007391416392
2002-02-13,6.22703556011799
2002-02-14,5.99777305569205
2002-02-15,6.24181468287286
2002-02-16,6.29972761090489
2002-02-17,6.41394324924505
2002-02-18,6.46321634263049
2002-02-19,6.18826475238973
2002-02-20,6.27108293657264
2002-02-21,6.27601692070366
2002-02-22,6.28686078453376
2002-02-23,6.2901771283158
2002-02-24,6.26299282832807
2002-02-25,6.25866678267347
2002-02-26,6.23357135675808
2002-02-27,6.23601148472328
2002-02-28,6.23349927890297
2002-03-01,6.25571525021982
2002-03-02,6.28420592684595
2002-03-03,6.305272247285
2002-03-04,6.22536597381258
2002-03-05,6.20310909474823
2002-03-06,6.24238534538576
2002-03-07,6.30989812082532
2002-03-08,6.34646058502367
2002-03-09,6.40247591223492
2002-03-10,6.42190850339155
2002-03-11,6.43969789761769
2002-03-12,6.49337022301273
2002-03-13,6.60760361742289
2002-03-14,6.79139031109893
2002-03-15,6.77317316984636
2002-03-16,6.81081315152123
2002-03-17,6.84598297784941
2002-03-18,6.86258943168697
2002-03-19,6.51307605976224
2002-03-20,6.71220868696609
2002-03-21,6.54668705232576
2002-03-22,6.70314792249707
2002-03-23,6.11177329913023
2002-03-24,5.9470117606305
2002-03-25,5.92602875790698
2002-03-26,5.98065080823441
2002-03-27,6.09194878051492
2002-03-28,6.25649545987447
2002-03-29,6.45738240322677
2002-03-30,6.51043046380415
2002-03-31,6.66356865559932
2002-04-01,6.59577531863753
2002-04-02,6.60964005079142
2002-04-03,6.60346878834821
2002-04-04,6.60799271850506
2002-04-05,6.60827014181974
2002-04-06,6.5979394850081
2002-04-07,6.60822223086738
2002-04-08,6.61629045085067
2002-04-09,6.66585900672897
2002-04-10,6.66436371292573
2002-04-11,6.64424397470109
2002-04-12,6.63160663660102
2002-04-13,6.67417750750852
2002-04-14,6.72053228986879
2002-04-15,6.72029061094489
2002-04-16,6.73597094122933
2002-04-17,6.78959109250203
2002-04-18,6.87371808199292
2002-04-19,6.96628260343745
2002-04-20,7.01166845131107
2002-04-21,7.04603909820342
2002-04-22,7.07823786482992
2002-04-23,7.09948865975424
2002-04-24,7.13721073353804
2002-04-25,7.1657926140989
2002-04-26,7.22984637214093
2002-04-27,7.29604341575163
2002-04-28,7.3495970808343
2002-04-29,7.38188266789111
2002-04-30,7.39462789626199
2002-05-01,7.42620737285028
2002-05-02,7.45421195451881
2002-05-03,7.49280423481908
2002-05-04,7.52009269319718
2002-05-05,7.54313458681508
2002-05-06,7.55166831985331
2002-05-07,7.56656475015985
2002-05-08,7.57557336355574
2002-05-09,7.59686824847216
2002-05-10,7.63102797423044
2002-05-11,7.66305814801964
2002-05-12,7.7021204759429
2002-05-13,7.73990583477362
2002-05-14,7.78679140172525
2002-05-15,7.80991744360959
2002-05-16,7.82215000347964
2002-05-17,7.84759495406683
2002-05-18,7.85616112252076
2002-05-19,7.8677171107566
2002-05-20,7.87887757985835
2002-05-21,7.89343719468989
2002-05-22,7.91452789654988
2002-05-23,7.9212577567605
2002-05-24,7.9252208880981
2002-05-25,7.92992787495651
2002-05-26,7.93381757397738
2002-05-27,7.9362431568404
2002-05-28,7.94606074674204
2002-05-29,7.94832680437067
2002-05-30,7.93806592205431
2002-05-31,7.99064881747669
2002-06-01,8.03387527748224
2002-06-02,8.04894175679002
2002-06-03,8.0869105596286
2002-06-04,8.03819157346981
2002-06-05,8.04754436870815
2002-06-06,8.05433254688617
2002-06-07,8.09466835890664
2002-06-08,8.08303793104887
2002-06-09,8.08910872853269
2002-06-10,8.08813810438372
2002-06-11,8.06053981716179
2002-06-12,8.0690239375558
2002-06-13,8.06476837771678
2002-06-14,8.06083815363851
2002-06-15,8.06554667461026
2002-06-16,8.07696849081948
2002-06-17,8.07865300792126
2002-06-18,8.07476601188628
2002-06-19,8.07707025317236
2002-06-20,8.07843816408277
2002-06-21,8.07378243915199
2002-06-22,8.07840578872973
2002-06-23,8.07377288259655
2002-06-24,8.06329390928995
2002-06-25,8.04805120048638
2002-06-26,8.01083227439017
2002-06-27,8.02709986258407
2002-06-28,7.96067666470606
2002-06-29,7.96983143227794
2002-06-30,7.93606088632973
2002-07-01,7.89918356461384
2002-07-02,7.90450770094756
2002-07-03,7.93936840387099
2002-07-04,7.93367155808731
2002-07-05,7.89899802554236
2002-07-06,7.88967075416364
2002-07-07,7.88366518575646
2002-07-08,7.88725637823844
2002-07-09,7.88581471566047
2002-07-10,7.89581646132664
2002-07-11,7.88745836649093
2002-07-12,7.90504680136127
2002-07-13,7.92410829925418
2002-07-14,7.9405834814688
2002-07-15,7.9429610951474
2002-07-16,7.94097746093973
2002-07-17,7.93715251824099
2002-07-18,7.94660383392593
2002-07-19,7.93559469171172
2002-07-20,7.93136797619574
2002-07-21,7.93286002672647
2002-07-22,7.92961124397225
2002-07-23,7.93316212779127
2002-07-24,7.93758600604653
2002-07-25,7.94575143052406
2002-07-26,7.93816384412884
2002-07-27,7.94279668866665
2002-07-28,7.94235067770989
2002-07-29,7.93713942289253
2002-07-30,7.91012286124606
2002-07-31,7.92431665547184
2002-08-01,7.92778541494454
2002-08-02,7.91604146830705
2002-08-03,7.92473179183373
2002-08-04,7.93953386593024
2002-08-05,7.96184090222998
2002-08-06,7.93412538010544
2002-08-07,7.86785240477521
2002-08-08,7.86000418136971
2002-08-09,7.89185207850883
2002-08-10,7.88794948640644
2002-08-11,7.88086397269352
2002-08-12,7.86775548500156
2002-08-13,7.86194901696536
2002-08-14,7.85684260444639
2002-08-15,7.85454055747588
2002-08-16,7.85752967180633
2002-08-17,7.85100524526914
2002-08-18,7.84647485938023
2002-08-19,7.84378831227854
2002-08-20,7.80947621035435
2002-08-21,7.80461522310648
2002-08-22,7.80483823223939
2002-08-23,7.8479328297726
2002-08-24,7.84791293655051
2002-08-25,7.82989949651488
2002-08-26,7.81285070585619
2002-08-27,7.81165238461556
2002-08-28,7.79610484111294
2002-08-29,7.72910938191402
2002-08-30,7.80030807370695
2002-08-31,7.80825886308989
2002-09-01,7.79183473688491
2002-09-02,7.78649363467289
2002-09-03,7.73592954879633
2002-09-04,7.71921790823866
2002-09-05,7.75894775906832
2002-09-06,7.75051746904912
2002-09-07,7.75132878588132
2002-09-08,7.765640612167
2002-09-09,7.74880040379979
2002-09-10,7.71562418305649
2002-09-11,7.76835972737186
2002-09-12,7.76066055951828
2002-09-13,7.76244497580361
2002-09-14,7.72821476128554
2002-09-15,7.70687841978053
2002-09-16,7.66073363516109
2002-09-17,7.65642650303375
2002-09-18,7.65342077927872
2002-09-19,7.70090325556556
2002-09-20,7.72929148566227
2002-09-21,7.72785196417788
2002-09-22,7.74511689677444
2002-09-23,7.71054801489691
2002-09-24,7.7100578418676
2002-09-25,7.70995524525989
2002-09-26,7.71706867620482
2002-09-27,7.68360205717446
2002-09-28,7.75963869949208
2002-09-29,7.75819700918441
2002-09-30,7.80799395978933
2002-10-01,7.81424597838817
2002-10-02,7.80485133247814
2002-10-03,7.79626085625041
2002-10-04,7.79849991974863
2002-10-05,7.76029927530002
2002-10-06,7.71784648077335
2002-10-07,7.67831784874763
2002-10-08,7.66508219829679
2002-10-09,7.67059847475175
2002-10-10,7.67697971191632
2002-10-11,7.67006543774811
2002-10-12,7.53649666866729
2002-10-13,7.61864716148603
2002-10-14,7.61746056407073
2002-10-15,7.68746710432825
2002-10-16,7.66892619516189
2002-10-17,7.66210573563096
2002-10-18,7.64819106701249
2002-10-19,7.64348726699967
2002-10-20,7.70894530360513
2002-10-21,7.71322491549023
2002-10-22,7.73905844825655
2002-10-23,7.71527879801587
2002-10-24,7.70277525919036
2002-10-25,7.684540410038
2002-10-26,7.67624783193816
2002-10-27,7.66960358879937
2002-10-28,7.66294473637949
2002-10-29,7.65433960237687
2002-10-30,7.65549032800958
2002-10-31,7.63459164269057
2002-11-01,7.65253714141713
2002-11-02,7.69984417283671
2002-11-03,7.70490137032981
2002-11-04,7.63416317433483
2002-11-05,7.61293342036786
2002-11-06,7.55098995477186
2002-11-07,7.42412555662396
2002-11-08,7.30611760121825
2002-11-09,7.106493047687
2002-11-10,6.96906066308893
2002-11-11,6.85514777367085
2002-11-12,6.87978843506314
2002-11-13,6.87487800160082
2002-11-14,6.81311514760749
2002-11-15,6.80763344958657
2002-11-16,6.83054201645959
2002-11-17,6.7647306269162
2002-11-18,6.73032909365284
2002-11-19,6.7301740152768
2002-11-20,6.71821127605028
2002-11-21,6.75463731758033
2002-11-22,6.62795962608115
2002-11-23,6.39803058610697
2002-11-24,6.44902150975102
2002-11-25,6.63885020550546
2002-11-26,6.6842780455787
2002-11-27,6.90802204124428
2002-11-28,7.23061290779475
2002-11-29,7.31529036936183
2002-11-30,7.4396385831298
2002-12-01,7.506302538493
2002-12-02,7.44585449219612
2002-12-03,7.35865042002305
2002-12-04,7.41067041258933
2002-12-05,7.38722676827521
2002-12-06,7.46672020119684
2002-12-07,7.37681375034688
2002-12-08,7.34527617215322
2002-12-09,7.37314246830524
2002-12-10,7.2472553080489
2002-12-11,7.22212943641482
2002-12-12,7.28096793156113
2002-12-13,7.23415928144848
2002-12-14,7.11194597538258
2002-12-15,7.0945145756294
2002-12-16,7.10672491578651
2002-12-17,7.0139435809353
2002-12-18,7.06960199398664
2002-12-19,7.09368536700385
2002-12-20,6.96289789861108
2002-12-21,6.91896077518885
2002-12-22,6.96179609060444
2002-12-23,6.87216659475127
2002-12-24,6.98911394652198
2002-12-25,6.96519328322273
2002-12-26,6.9840449918664
2002-12-27,6.94357027428708
2002-12-28,6.91212729239396
2002-12-29,6.85974857898566
2002-12-30,6.96110657838033
2002-12-31,6.9122340718546
2003-01-01,6.8385296876968
2003-01-02,6.90047644840602
2003-01-03,6.81892727084923
2003-01-04,6.91150914249267
2003-01-05,6.74654999790356
2003-01-06,6.76071754618623
2003-01-07,6.75479173817963
2003-01-08,6.6658739572765
2003-01-09,6.56926942750532
2003-01-10,6.65357452199966
2003-01-11,6.70514230534908
2003-01-12,6.68844940915642
2003-01-13,6.68792649079915
2003-01-14,6.63455597872145
2003-01-15,6.68698686202978
2003-01-16,6.94115411962354
2003-01-17,7.00851316127088
2003-01-18,6.94816345695256
2003-01-19,7.02345171899318
2003-01-20,7.04600644293632
2003-01-21,7.09455101582784
2003-01-22,7.11217622646796
2003-01-23,7.1078355775575
2003-01-24,7.06801654424797
2003-01-25,7.14119562514818
2003-01-26,7.082613001888
2003-01-27,7.02827235191272
2003-01-28,7.01805546519406
2003-01-29,6.8775510672276
2003-01-30,6.66275056525278
2003-01-31,6.60081160701327
2003-02-01,6.58114691904303
2003-02-02,6.60044563373145
2003-02-03,6.61272367520037
2003-02-04,6.53875328664803
2003-02-05,6.54434158974701
2003-02-06,6.56614412321857
2003-02-07,6.50972303350884
2003-02-08,6.54540854698943
2003-02-09,6.56328354514273
2003-02-10,6.56695159460667
2003-02-11,6.58827598453892
2003-02-12,6.42000937797494
2003-02-13,6.38850187827464
2003-02-14,6.44028202412491
2003-02-15,6.5897780220504
2003-02-16,6.5763851758345
2003-02-17,6.51948773500127
2003-02-18,6.4920034739935
2003-02-19,6.45448539777425
2003-02-20,6.39451507688853
2003-02-21,6.41500619950086
2003-02-22,6.41251315621044
2003-02-23,6.44133014628592
2003-02-24,6.36827254309724
2003-02-25,6.36565141517781
2003-02-26,6.3785934095657
2003-02-27,6.37807215780501
2003-02-28,6.46256192046973
2003-03-01,6.45113812605105
2003-03-02,6.46342700222919
2003-03-03,6.50173440545368
2003-03-04,6.47382190813629
2003-03-05,6.38201222381815
2003-03-06,6.29521336737452
2003-03-07,6.26258908706958
2003-03-08,6.22653310718887
2003-03-09,6.19880349350538
2003-03-10,6.16525067851487
2003-03-11,6.15284711797541
2003-03-12,6.13787948804261
2003-03-13,6.09871837453639
2003-03-14,6.01749251604151
2003-03-15,6.0063232730113
2003-03-16,6.00073927608807
2003-03-17,6.06688319610525
2003-03-18,6.03614335351405
2003-03-19,6.03775981116294
2003-03-20,6.03774090754372
2003-03-21,6.02895445959461
2003-03-22,6.03906150960564
2003-03-23,6.04860931002852
2003-03-24,6.07415666764202
2003-03-25,6.1119164962403
2003-03-26,6.18244061083333
2003-03-27,6.1706662597332
2003-03-28,6.15097534550949
2003-03-29,6.15899593324483
2003-03-30,6.20459687194365
2003-03-31,6.23602064094957
2003-04-01,6.24617696689309
2003-04-02,6.27816244190594
2003-04-03,6.34373855467752
2003-04-04,6.37223731536
2003-04-05,6.41176471861623
2003-04-06,6.41916115580706
2003-04-07,6.4226552143391
2003-04-08,6.43849228889836
2003-04-09,6.43562013826708
2003-04-10,6.45832318852182
2003-04-11,6.49488984420431
2003-04-12,6.49289649110693
2003-04-13,6.5140078614913
2003-04-14,6.53758384094924
2003-04-15,6.59941330270935
2003-04-16,6.78137291611531
2003-04-17,6.88267676123094
2003-04-18,6.88138818927747
2003-04-19,6.81325207095103
2003-04-20,6.84869967330998
2003-04-21,6.86449939846286
2003-04-22,6.87922379185907
2003-04-23,6.97032170822663
2003-04-24,7.0736801218191
2003-04-25,7.10547943752866
2003-04-26,7.14982772399934
2003-04-27,7.15936760838403
2003-04-28,7.23209920680735
2003-04-29,7.26472828019444
2003-04-30,7.29923678572282
2003-05-01,7.32049960797471
2003-05-02,7.34378240424358
2003-05-03,7.38612875948295
2003-05-04,7.44289070460522
2003-05-05,7.51845480577341
2003-05-06,7.55192447422718
2003-05-07,7.59251308979071
2003-05-08,7.61026991999085
2003-05-09,7.63486330111613
2003-05-10,7.65859342461525
2003-05-11,7.66876701373792
2003-05-12,7.71463974184509
2003-05-13,7.73838743314989
2003-05-14,7.77730874295411
2003-05-15,7.82316959452039
2003-05-16,7.814210515412
2003-05-17,7.81494527499776
2003-05-18,7.81974262843615
2003-05-19,7.80985491075608
2003-05-20,7.81965945757635
2003-05-21,7.82764380899667
2003-05-22,7.82871862913621
2003-05-23,7.82656000820621
2003-05-24,7.83212129566227
2003-05-25,7.84219905313273
2003-05-26,7.84531196427765
2003-05-27,7.85093735614545
2003-05-28,7.85486356671625
2003-05-29,7.861712935237
2003-05-30,7.87102608779101
2003-05-31,7.876812717343
2003-06-01,7.87481402964266
2003-06-02,7.87010728050039
2003-06-03,7.8811619104832
2003-06-04,7.89631320465061
2003-06-05,7.90724428215774
2003-06-06,7.92253592559905
2003-06-07,7.93329496722166
2003-06-08,7.95012399896891
2003-06-09,7.97252771655594
2003-06-10,7.97291873653477
2003-06-11,7.98264742095922
2003-06-12,7.98754445169656
2003-06-13,8.00251539237232
2003-06-14,8.00590269992809
2003-06-15,8.01127328832726
2003-06-16,8.0249882405404
2003-06-17,8.04590612560369
2003-06-18,8.05467773255173
2003-06-19,8.05516369623811
2003-06-20,8.06255911178031
2003-06-21,8.05565056364235
2003-06-22,8.04745257752016
2003-06-23,8.04477553190336
2003-06-24,8.02674817075621
2003-06-25,8.01410146132112
2003-06-26,8.00815243510372
2003-06-27,7.99270871192479
2003-06-28,7.98183141796031
2003-06-29,7.97330200828931
2003-06-30,7.96375314806326
2003-07-01,7.95460528316445
2003-07-02,7.95013122637125
2003-07-03,7.93595160627073
2003-07-04,7.92660140789308
2003-07-05,7.93072912378155
2003-07-06,7.92310987099135
2003-07-07,7.91789884904867
2003-07-08,7.9059072951732
2003-07-09,7.90554419595559
2003-07-10,7.91446112403888
2003-07-11,7.91033579522552
2003-07-12,7.90357976624248
2003-07-13,7.89037989663264
2003-07-14,7.88642937080776
2003-07-15,7.87219929251052
2003-07-16,7.85041042754338
2003-07-17,7.8288375731801
2003-07-18,7.81138115211131
2003-07-19,7.8193822764245
2003-07-20,7.83701654349922
2003-07-21,7.83808858068931
2003-07-22,7.83090823885553
2003-07-23,7.83247286373862
2003-07-24,7.82677215605942
2003-07-25,7.83352944508352
2003-07-26,7.80451760942899
2003-07-27,7.80500342266047
2003-07-28,7.81187822310163
2003-07-29,7.81553362679945
2003-07-30,7.78670130725496
2003-07-31,7.79029009480462
2003-08-01,7.80321593879287
2003-08-02,7.80459814696499
2003-08-03,7.81015833359878
2003-08-04,7.80811800341796
2003-08-05,7.81879964961627
2003-08-06,7.82148574805539
2003-08-07,7.81813317100919
2003-08-08,7.82617976191732
2003-08-09,7.82076120723468
2003-08-10,7.82701332140492
2003-08-11,7.8422714892834
2003-08-12,7.8421664038298
2003-08-13,7.85473730871551
2003-08-14,7.8621325211907
2003-08-15,7.87637100009557
2003-08-16,7.87034483037229
2003-08-17,7.84787727134941
2003-08-18,7.84302651820554
2003-08-19,7.83800042795426
2003-08-20,7.83166418344734
2003-08-21,7.8151872436284
2003-08-22,7.81177666790144
2003-08-23,7.80970510823697
2003-08-24,7.80773839213956
2003-08-25,7.81027475234106
2003-08-26,7.8071078309244
2003-08-27,7.80886832225751
2003-08-28,7.80473986123769
2003-08-29,7.80988380838624
2003-08-30,7.81031219057202
2003-08-31,7.81049070072452
2003-09-01,7.81240753993259
2003-09-02,7.80956991100767
2003-09-03,7.81312355918389
2003-09-04,7.81438118974265
2003-09-05,7.81546576088744
2003-09-06,7.81908066375211
2003-09-07,7.82358643355564
2003-09-08,7.83209596105235
2003-09-09,7.84876530744042
2003-09-10,7.85046739516079
2003-09-11,7.88885152803466
2003-09-12,7.87151187035949
2003-09-13,7.88651928563363
2003-09-14,7.81364197368799
2003-09-15,7.78494491773835
2003-09-16,7.76770173205527
2003-09-17,7.73006239835617
2003-09-18,7.72074987074798
2003-09-19,7.7303514590677
2003-09-20,7.73040668612322
2003-09-21,7.71957982662362
2003-09-22,7.71270629400048
2003-09-23,7.71227708370418
2003-09-24,7.72247579375579
2003-09-25,7.72173251936107
2003-09-26,7.72912256704362
2003-09-27,7.73727181571663
2003-09-28,7.73676809458519
2003-09-29,7.74202750794984
2003-09-30,7.86438462631932
2003-10-01,7.89850143018694
2003-10-02,7.89356753689626
2003-10-03,7.91428397932994
2003-10-04,7.91541461580826
2003-10-05,7.84049994566824
2003-10-06,7.79007975286909
2003-10-07,7.74993670805451
2003-10-08,7.74763962127922
2003-10-09,7.74979481437053
2003-10-10,7.78277575745965
2003-10-11,7.80815576800978
2003-10-12,7.8110428284676
2003-10-13,7.82974064359243
2003-10-14,7.81213374439543
2003-10-15,7.83912406322734
2003-10-16,7.85282010230197
2003-10-17,7.85547265708246
2003-10-18,7.86814585308844
2003-10-19,7.85087973071078
2003-10-20,7.82099692183511
2003-10-21,7.82302584104832
2003-10-22,7.85937783930402
2003-10-23,7.82370243006465
2003-10-24,7.8923669208769
2003-10-25,7.91737401052527
2003-10-26,7.90873330222244
2003-10-27,7.80183276657646
2003-10-28,7.69823749578778
2003-10-29,7.64183099042918
2003-10-30,7.72851359303851
2003-10-31,7.64648263050386
2003-11-01,7.5573227016577
2003-11-02,7.57837823316319
2003-11-03,7.53161743539139
2003-11-04,7.55925548396156
2003-11-05,7.57620436715905
2003-11-06,7.53090279236954
2003-11-07,7.47720096404376
2003-11-08,7.48592437772839
2003-11-09,7.48382574055133
2003-11-10,7.49238599722788
2003-11-11,7.48361523511941
2003-11-12,7.47955101205414
2003-11-13,7.5485433050787
2003-11-14,7.49992632710363
2003-11-15,7.4235556964988
2003-11-16,7.29849635205733
2003-11-17,7.19715255731254
2003-11-18,7.06900661196226
2003-11-19,7.07514280624019
2003-11-20,7.07094204425812
2003-11-21,7.07536892676349
2003-11-22,7.09792767599484
2003-11-23,7.1001127793092
2003-11-24,7.11608562338455
2003-11-25,7.00152043015811
2003-11-26,6.9201073542694
2003-11-27,6.71855403097088
2003-11-28,6.74278959250362
2003-11-29,6.65698440929562
2003-11-30,6.65624094576397
2003-12-01,6.55797134238467
2003-12-02,6.78902496866593
2003-12-03,6.85579243830643
2003-12-04,6.7236546062179
2003-12-05,6.82294803766665
2003-12-06,7.08057908711892
2003-12-07,7.17797532843415
2003-12-08,7.19947639796905
2003-12-09,7.26789091442184
2003-12-10,7.27883050047093
2003-12-11,7.30315390632984
2003-12-12,7.41804913489375
2003-12-13,7.54787017144612
2003-12-14,7.49560058640641
2003-12-15,7.5620431434733
2003-12-16,7.57915360023036
2003-12-17,7.60733508240178
2003-12-18,7.61183809430412
2003-12-19,7.66191586589559
2003-12-20,7.68129675022727
2003-12-21,7.61135253183582
2003-12-22,7.67834679965825
2003-12-23,7.61364543915181
2003-12-24,7.65857860180875
2003-12-25,7.63868392814855
2003-12-26,7.66580329196376
2003-12-27,7.63175601085466
2003-12-28,7.60459164679316
2003-12-29,7.57698067476527
2003-12-30,7.49981605772042
2003-12-31,7.51952403616102
2004-01-01,7.38580163121419
2004-01-02,7.38683214646535
2004-01-03,7.31212146964991
2004-01-04,7.30701883992119
2004-01-05,7.37036648262943
2004-01-06,7.37489544290011
2004-01-07,7.38012931961825
2004-01-08,7.29389505586386
2004-01-09,7.21115245686114
2004-01-10,7.14178967934781
2004-01-11,7.04952841514668
2004-01-12,6.88360253526605
2004-01-13,6.83856677813569
2004-01-14,6.75894006960207
2004-01-15,6.73248810909976
2004-01-16,6.68534494439396
2004-01-17,6.70686694271419
2004-01-18,6.63233992307819
2004-01-19,6.5939654280362
2004-01-20,6.59502697533755
2004-01-21,6.64981405609651
2004-01-22,6.68120396058753
2004-01-23,6.59382286178557
2004-01-24,6.4800580270848
2004-01-25,6.48724918652304
2004-01-26,6.52046337461079
2004-01-27,6.60962628523731
2004-01-28,6.56976038955476
2004-01-29,6.57564839506779
2004-01-30,6.53647745085138
2004-01-31,6.51998758943679
2004-02-01,6.52011634827754
2004-02-02,6.50432780526998
2004-02-03,6.42169860625283
2004-02-04,6.43263470643524
2004-02-05,6.37543418428097
2004-02-06,6.23166636069392
2004-02-07,6.20741820060818
2004-02-08,6.14655740860946
2004-02-09,6.13334554322064
2004-02-10,6.06244795015237
2004-02-11,6.15825108922017
2004-02-12,6.10470371302943
2004-02-13,6.2128286557667
2004-02-14,6.14009021460051
2004-02-15,6.14962334448159
2004-02-16,6.19184153297245
2004-02-17,6.19569155577606
2004-02-18,6.28989976998946
2004-02-19,6.34849983377077
2004-02-20,6.27171734060414
2004-02-21,6.39389876640333
2004-02-22,6.39041086961264
2004-02-23,6.41593354744
2004-02-24,6.47706261854837
2004-02-25,6.46537603932936
2004-02-26,6.47791147323018
2004-02-27,6.49098092396701
2004-02-28,6.46610904516061
2004-02-29,6.46262775214065
2004-03-01,6.39180823430026
2004-03-02,6.35985705595997
2004-03-03,6.35873469065832
2004-03-04,6.37358520605841
2004-03-05,6.37897449696567
2004-03-06,6.35546376414044
2004-03-07,6.3328816437203
2004-03-08,6.37161296704249
2004-03-09,6.40651428118141
2004-03-10,6.25306907760797
2004-03-11,6.23250586537596
2004-03-12,6.24931278231542
2004-03-13,6.22131106966355
2004-03-14,6.24254009853381
2004-03-15,6.18318114107072
2004-03-16,6.17475039500878
2004-03-17,6.1545188461461
2004-03-18,6.15027250315761
2004-03-19,6.09610437446276
2004-03-20,6.10394545259449
2004-03-21,6.09831342912907
2004-03-22,6.05900714162522
2004-03-23,6.01679069974494
2004-03-24,5.99252425363582
2004-03-25,6.03870790045992
2004-03-26,6.09044945124085
2004-03-27,6.08678789736266
2004-03-28,6.05888262894004
2004-03-29,6.08097766009484
2004-03-30,6.10116716162053
2004-03-31,6.14854627052876
2004-04-01,6.17348373557374
2004-04-02,6.17582731340532
2004-04-03,6.21747170491602
2004-04-04,6.25814086126681
2004-04-05,6.27710148901507
2004-04-06,6.31551551113801
2004-04-07,6.34988405886985
2004-04-08,6.38809846079603
2004-04-09,6.40637756417158
2004-04-10,6.41117199691057
2004-04-11,6.40905794484813
2004-04-12,6.40776631562864
2004-04-13,6.44259001818719
2004-04-14,6.53568415026094
2004-04-15,6.55605913892142
2004-04-16,6.59551767180625
2004-04-17,6.63299918156358
2004-04-18,6.65934141201679
2004-04-19,6.68261457923331
2004-04-20,6.70852172447167
2004-04-21,6.77039640033363
2004-04-22,6.79173749392632
2004-04-23,6.83275044542801
2004-04-24,6.85544301716662
2004-04-25,6.84022040436825
2004-04-26,6.8376264697641
2004-04-27,6.88520807534672
2004-04-28,6.90625610201885
2004-04-29,6.98789764143779
2004-04-30,6.99783919888274
2004-05-01,7.00051472210163
2004-05-02,7.11201965677469
2004-05-03,7.36166397947694
2004-05-04,7.47488365488181
2004-05-05,7.52685064837805
2004-05-06,7.53948437955695
2004-05-07,7.56735472265483
2004-05-08,7.58964895726238
2004-05-09,7.63942172681306
2004-05-10,7.609026965326
2004-05-11,7.62119522811858
2004-05-12,7.6328231385686
2004-05-13,7.62976959992104
2004-05-14,7.6494919553022
2004-05-15,7.69196997931414
2004-05-16,7.71156858471784
2004-05-17,7.74723308590658
2004-05-18,7.75826655804703
2004-05-19,7.79483456525676
2004-05-20,7.81760188866248
2004-05-21,7.84026009997994
2004-05-22,7.85055417367396
2004-05-23,7.8662136455036
2004-05-24,7.86699872197313
2004-05-25,7.87266743149064
2004-05-26,7.88443324019235
2004-05-27,7.89166949985492
2004-05-28,7.90625576252763
2004-05-29,7.90915137441733
2004-05-30,7.91128504971162
2004-05-31,7.9085659207692
2004-06-01,7.92278913302689
2004-06-02,7.92928054086597
2004-06-03,7.94009909650877
2004-06-04,7.96379301659473
2004-06-05,7.98782784601045
2004-06-06,8.01170792023023
2004-06-07,8.01778156496052
2004-06-08,8.02608614548794
2004-06-09,8.0336693629147
2004-06-10,8.03771502652816
2004-06-11,8.04931582821564
2004-06-12,8.06610184657302
2004-06-13,8.00090545635396
2004-06-14,7.98238732274608
2004-06-15,7.97267944083372
2004-06-16,7.97119823394782
2004-06-17,7.96618816228659
2004-06-18,7.96903151476313
2004-06-19,7.96278020847663
2004-06-20,7.95255963839623
2004-06-21,7.94931856194936
2004-06-22,7.94012130744191
2004-06-23,7.93581756600031
2004-06-24,7.93988073782483
2004-06-25,7.93513188239411
2004-06-26,7.92787127394386
2004-06-27,7.9226702611379
2004-06-28,7.92412522089169
2004-06-29,7.91492131296774
2004-06-30,7.92067632556769
2004-07-01,7.90948135794473
2004-07-02,7.90335281100576
2004-07-03,7.90914847146556
2004-07-04,7.89115125739267
2004-07-05,7.87702116526806
2004-07-06,7.89390738295448
2004-07-07,7.91408293487252
2004-07-08,7.90950111679246
2004-07-09,7.90071040130261
2004-07-10,7.90214891905866
2004-07-11,7.8821309988258
2004-07-12,7.87852486706916
2004-07-13,7.8872564359841
2004-07-14,7.88533012942836
2004-07-15,7.89946282169066
2004-07-16,7.90769419143042
2004-07-17,7.90834779830736
2004-07-18,7.91119073090995
2004-07-19,7.91140563750435
2004-07-20,7.91053597113365
2004-07-21,7.91845503021879
2004-07-22,7.91849342334699
2004-07-23,7.90470673963981
2004-07-24,7.89991871700068
2004-07-25,7.89112755357167
2004-07-26,7.88076581314451
2004-07-27,7.88197766193946
2004-07-28,7.88066407075276
2004-07-29,7.87575569067134
2004-07-30,7.87547218968015
2004-07-31,7.86566085621495
2004-08-01,7.85318170529058
2004-08-02,7.84654325925459
2004-08-03,7.83418236793314
2004-08-04,7.82420063472057
2004-08-05,7.8179300671032
2004-08-06,7.80221858270793
2004-08-07,7.79222271317582
2004-08-08,7.78493194126325
2004-08-09,7.77117096354851
2004-08-10,7.76569590724598
2004-08-11,7.7657324758434
2004-08-12,7.76674944251534
2004-08-13,7.76479165542406
2004-08-14,7.7651328522253
2004-08-15,7.76814077084014
2004-08-16,7.77007939202084
2004-08-17,7.7599542652588
2004-08-18,7.7213633753946
2004-08-19,7.73584790175994
2004-08-20,7.74487411405115
2004-08-21,7.75817195846346
2004-08-22,7.76467002789717
2004-08-23,7.77056551331377
2004-08-24,7.77440537833494
2004-08-25,7.76936290216359
2004-08-26,7.76630443055891
2004-08-27,7.78674858525074
2004-08-28,7.82833133273739
2004-08-29,7.81223717856768
2004-08-30,7.81138122715089
2004-08-31,7.82160787741892
2004-09-01,7.82097208564469
2004-09-02,7.81190866830206
2004-09-03,7.82086055880764
2004-09-04,7.83490248098764
2004-09-05,7.8223631951245
2004-09-06,7.78510705586818
2004-09-07,7.80783910466802
2004-09-08,7.83565693248754
2004-09-09,7.81025615857873
2004-09-10,7.78224343464196
2004-09-11,7.8283038231222
2004-09-12,7.79187254876773
2004-09-13,7.78069172709124
2004-09-14,7.79590562244368
2004-09-15,7.91550223945469
2004-09-16,7.9099615132417
2004-09-17,7.90157626922461
2004-09-18,7.89118972560432
2004-09-19,7.86890436987227
2004-09-20,7.79490803966869
2004-09-21,7.80699749207733
2004-09-22,7.74561764017032
2004-09-23,7.75639002582102
2004-09-24,7.74801442718536
2004-09-25,7.7550969276415
2004-09-26,7.7493675652552
2004-09-27,7.76796085843284
2004-09-28,7.77117170581961
2004-09-29,7.83538652674804
2004-09-30,7.86577432070316
2004-10-01,7.86358898288263
2004-10-02,7.90256455101708
2004-10-03,7.91225852502886
2004-10-04,7.91814654298624
2004-10-05,7.83769715034134
2004-10-06,7.82724908056629
2004-10-07,7.73242227753815
2004-10-08,7.85203545133426
2004-10-09,7.83791366448975
2004-10-10,7.80204357620737
2004-10-11,7.79159083503361
2004-10-12,7.79400536793725
2004-10-13,7.79534865661984
2004-10-14,7.78341170656187
2004-10-15,7.76939770733071
2004-10-16,7.71694484326805
2004-10-17,7.68562618202995
2004-10-18,7.66848158707732
2004-10-19,7.70495284528605
2004-10-20,7.66164848330429
2004-10-21,7.71312776892521
2004-10-22,7.67426688652834
2004-10-23,7.67478290451253
2004-10-24,7.64575870667679
2004-10-25,7.65066988991143
2004-10-26,7.65510701984497
2004-10-27,7.65834901678114
2004-10-28,7.67595286045995
2004-10-29,7.66638301742465
2004-10-30,7.65894376482477
2004-10-31,7.69687054203938
2004-11-01,7.66379756316093
2004-11-02,7.54035233748024
2004-11-03,7.51271031951539
2004-11-04,7.44780728644468
2004-11-05,7.44166174094011
2004-11-06,7.30845397131359
2004-11-07,7.30604111687091
2004-11-08,7.35927577010698
2004-11-09,7.33112750053822
2004-11-10,7.32207455750167
2004-11-11,7.37512209330188
2004-11-12,7.25977577809439
2004-11-13,7.3540140325051
2004-11-14,7.38270863238112
2004-11-15,7.44234577808692
2004-11-16,7.44780766569825
2004-11-17,7.45285227128335
2004-11-18,7.54239836016748
2004-11-19,7.57363194513573
2004-11-20,7.5822378604638
2004-11-21,7.54545276005721
2004-11-22,7.53602752749115
2004-11-23,7.53832904204714
2004-11-24,7.54443710871934
2004-11-25,7.5704891766423
2004-11-26,7.58531311467867
2004-11-27,7.54832283513461
2004-11-28,7.52034171358294
2004-11-29,7.53695488529372
2004-11-30,7.50666723955552
2004-12-01,7.55777198124829
2004-12-02,7.71711244216167
2004-12-03,7.59704403227588
2004-12-04,7.41601411912633
2004-12-05,7.41288858073497
2004-12-06,7.46702744777053
2004-12-07,7.42151768256229
2004-12-08,7.44263880941395
2004-12-09,7.40065502434407
2004-12-10,7.31923289070756
2004-12-11,7.1795083628793
2004-12-12,7.22215333715353
2004-12-13,7.16793082344546
2004-12-14,7.25361838258546
2004-12-15,7.24553587361797
2004-12-16,7.25530552216095
2004-12-17,7.23971666140996
2004-12-18,7.23398951854878
2004-12-19,7.21858016922334
2004-12-20,7.2421374974221
2004-12-21,7.26794076351049
2004-12-22,7.24167242861046
2004-12-23,7.26183268905729
2004-12-24,7.21621681311984
2004-12-25,7.16815347719879
2004-12-26,7.15693073697234
2004-12-27,7.09280388450492
2004-12-28,7.08836874426873
2004-12-29,7.26813962960429
2004-12-30,7.22699399837118
2004-12-31,7.17573459658648
2005-01-01,7.18076289791202
2005-01-02,7.15565445918625
2005-01-03,7.11650571141139
2005-01-04,7.0890246869794
2005-01-05,7.10112764921831
2005-01-06,7.13794581575415
2005-01-07,7.16497173309326
2005-01-08,7.1234412655027
2005-01-09,7.10228557804313
2005-01-10,7.02664192280366
2005-01-11,6.98789362447896
2005-01-12,7.13112405848425
2005-01-13,7.01538742460443
2005-01-14,6.95925524089376
2005-01-15,6.91940528373264
2005-01-16,7.00492414829355
2005-01-17,6.78057663491774
2005-01-18,6.71233491583801
2005-01-19,6.7074640505453
2005-01-20,6.73055699367956
2005-01-21,6.81443741931324
2005-01-22,6.79886607894046
2005-01-23,6.66775145465721
2005-01-24,6.67232769144098
2005-01-25,6.63190236843353
2005-01-26,6.62658074347313
2005-01-27,6.60615281286939
2005-01-28,6.54918549758844
2005-01-29,6.5361919825905
2005-01-30,6.57622910401078
2005-01-31,6.56079014270792
2005-02-01,6.49767431483543
2005-02-02,6.54036690765634
2005-02-03,6.57545755610055
2005-02-04,6.54144675362785
2005-02-05,6.52905507976846
2005-02-06,6.48108286019659
2005-02-07,6.41015947762608
2005-02-08,6.41853855543493
2005-02-09,6.44569037724128
2005-02-10,6.45229952491418
2005-02-11,6.44298779769209
2005-02-12,6.40215564592422
2005-02-13,6.35510895260156
2005-02-14,6.29619977448456
2005-02-15,6.25575060834615
2005-02-16,6.2761339667011
2005-02-17,6.27112963355866
2005-02-18,6.32987881289243
2005-02-19,6.34005096992071
2005-02-20,6.33983348371506
2005-02-21,6.35678786209511
2005-02-22,6.33658355576935
2005-02-23,6.35872439546559
2005-02-24,6.3124198030294
2005-02-25,6.39131200798214
2005-02-26,6.42355722882376
2005-02-27,6.39330686989208
2005-02-28,6.34448664092811
2005-03-01,6.39607551717345
2005-03-02,6.26260312655357
2005-03-03,6.27259069569182
2005-03-04,6.19328389804356
2005-03-05,6.16583165387729
2005-03-06,6.14647567254526
2005-03-07,6.16337411315008
2005-03-08,6.1501296491759
2005-03-09,6.11742264157414
2005-03-10,6.13793311619266
2005-03-11,6.15276482212621
2005-03-12,6.16018386842787
2005-03-13,6.1544252012214
2005-03-14,6.08281972501099
2005-03-15,6.07927683192721
2005-03-16,6.07938846569693
2005-03-17,6.07212110567822
2005-03-18,6.05977122445338
2005-03-19,6.06940387785822
2005-03-20,6.09342796631424
2005-03-21,6.08648995865966
2005-03-22,6.09324935958413
2005-03-23,6.10069625828082
2005-03-24,6.13570628337032
2005-03-25,6.1645787967195
2005-03-26,6.18666418391333
2005-03-27,6.20114776524806
2005-03-28,6.21567498080217
2005-03-29,6.22394734564692
2005-03-30,6.24899449171938
2005-03-31,6.28297699625018
2005-04-01,6.28728779121878
2005-04-02,6.28881607420993
2005-04-03,6.32184859048478
2005-04-04,6.33895585825198
2005-04-05,6.35535460910084
2005-04-06,6.42630109378009
2005-04-07,6.42941121563156
2005-04-08,6.44355532513072
2005-04-09,6.49327830902058
2005-04-10,6.53615187755364
2005-04-11,6.56117398877122
2005-04-12,6.5833031514159
2005-04-13,6.64923652192642
2005-04-14,6.78623573169153
2005-04-15,6.85009815305056
2005-04-16,6.86750673891797
2005-04-17,6.90000824207448
2005-04-18,6.98010786452283
2005-04-19,7.03002324995203
2005-04-20,7.05574063431829
2005-04-21,7.10096174167217
2005-04-22,7.18880467531764
2005-04-23,7.37306852624437
2005-04-24,7.3648519584002
2005-04-25,7.4757629812603
2005-04-26,7.59765157448868
2005-04-27,7.54239715580253
2005-04-28,7.54297331961296
2005-04-29,7.52121377913094
2005-04-30,7.55385689657431
2005-05-01,7.58412427440841
2005-05-02,7.61366534587256
2005-05-03,7.61971212937468
2005-05-04,7.63499239722892
2005-05-05,7.65895393301196
2005-05-06,7.67707449357875
2005-05-07,7.69781182865252
2005-05-08,7.71386062742592
2005-05-09,7.70268830691419
2005-05-10,7.73848630442272
2005-05-11,7.77236258344835
2005-05-12,7.7760111944732
2005-05-13,7.78221482850541
2005-05-14,7.78162882434477
2005-05-15,7.77801048982298
2005-05-16,7.78417536314432
2005-05-17,7.78082730145015
2005-05-18,7.77667059748746
2005-05-19,7.78535773055497
2005-05-20,7.77364330653495
2005-05-21,7.781684794731
2005-05-22,7.78709705550893
2005-05-23,7.79350211074712
2005-05-24,7.79059213719142
2005-05-25,7.79918050839099
2005-05-26,7.81780366757628
2005-05-27,7.83191049127458
2005-05-28,7.83386226774557
2005-05-29,7.84935922356257
2005-05-30,7.85255957688593
2005-05-31,7.86399165434641
2005-06-01,7.86592603255484
2005-06-02,7.86118333673205
2005-06-03,7.85833949395872
2005-06-04,7.85222695287492
2005-06-05,7.85350621319645
2005-06-06,7.85459578386784
2005-06-07,7.8531017484654
2005-06-08,7.86187059208112
2005-06-09,7.86681111024121
2005-06-10,7.87834293190393
2005-06-11,7.87440934892641
2005-06-12,7.87437909957061
2005-06-13,7.87654254876605
2005-06-14,7.8915764961322
2005-06-15,7.90185101481685
2005-06-16,7.90882463926313
2005-06-17,7.91544873369956
2005-06-18,7.91308087218892
2005-06-19,7.91496464347671
2005-06-20,7.92543121845519
2005-06-21,7.93089500605961
2005-06-22,7.94299043666652
2005-06-23,7.94830184965814
2005-06-24,7.92578353150203
2005-06-25,7.90208985966389
2005-06-26,7.89359478113453
2005-06-27,7.90300298885842
2005-06-28,7.89358704356383
2005-06-29,7.87704575064292
2005-06-30,7.86884997320282
2005-07-01,7.86188205818386
2005-07-02,7.87297004495048
2005-07-03,7.86261633648847
2005-07-04,7.86300348410566
2005-07-05,7.85847113634738
2005-07-06,7.82927331226262
2005-07-07,7.81822542798357
2005-07-08,7.84247979188774
2005-07-09,7.84550102958263
2005-07-10,7.84731043572261
2005-07-11,7.86654832166863
2005-07-12,7.85221068720699
2005-07-13,7.84362202038923
2005-07-14,7.83309540299735
2005-07-15,7.84486467834674
2005-07-16,7.83486905064083
2005-07-17,7.81785767566432
2005-07-18,7.84347667343641
2005-07-19,7.8503343303584
2005-07-20,7.84639029133658
2005-07-21,7.85303846348367
2005-07-22,7.86283755483665
2005-07-23,7.88560719162996
2005-07-24,7.8640609183968
2005-07-25,7.88084173470289
2005-07-26,7.88883784056034
2005-07-27,7.89129096194821
2005-07-28,7.8986617548053
2005-07-29,7.90167150545836
2005-07-30,7.90698437122691
2005-07-31,7.88862737128463
2005-08-01,7.88546791693682
2005-08-02,7.89810459409143
2005-08-03,7.87936510892003
2005-08-04,7.8764024721462
2005-08-05,7.87874449276981
2005-08-06,7.87950446491145
2005-08-07,7.88088723805067
2005-08-08,7.87569503955745
2005-08-09,7.87277331367603
2005-08-10,7.84352558547055
2005-08-11,7.84663867198714
2005-08-12,7.86277766977091
2005-08-13,7.86304445147465
2005-08-14,7.82919641146447
2005-08-15,7.82517957417405
2005-08-16,7.81217030975563
2005-08-17,7.79900630557144
2005-08-18,7.80436730533285
2005-08-19,7.81123207314662
2005-08-20,7.81176086474145
2005-08-21,7.80324984639976
2005-08-22,7.80379290056437
2005-08-23,7.80620337751694
2005-08-24,7.80499723573181
2005-08-25,7.78874768153665
2005-08-26,7.77380823739565
2005-08-27,7.77387557125216
2005-08-28,7.77104743549794
2005-08-29,7.76598927989217
2005-08-30,7.76741194645613
2005-08-31,7.77526869422898
2005-09-01,7.77892849516003
2005-09-02,7.77424878451692
2005-09-03,7.77083486118777
2005-09-04,7.76730844352362
2005-09-05,7.75634979118794
2005-09-06,7.77104413832502
2005-09-07,7.7736440544973
2005-09-08,7.76859929481469
2005-09-09,7.75997435620964
2005-09-10,7.76297531878686
2005-09-11,7.7531154310645
2005-09-12,7.73828383556162
2005-09-13,7.72180393836663
2005-09-14,7.72139703576044
2005-09-15,7.71874287063047
2005-09-16,7.71382373552812
2005-09-17,7.71272657576817
2005-09-18,7.71578955194453
2005-09-19,7.71654485243669
2005-09-20,7.72157281994367
2005-09-21,7.72307177156424
2005-09-22,7.72263968839316
2005-09-23,7.72171251218905
2005-09-24,7.71734474211638
2005-09-25,7.72644752586059
2005-09-26,7.73230832461955
2005-09-27,7.72513051646338
2005-09-28,7.73273630030759
2005-09-29,7.83879378191548
2005-09-30,7.84705819927104
2005-10-01,7.80338996336921
2005-10-02,7.81158501502609
2005-10-03,7.80850330394247
2005-10-04,7.85663396830977
2005-10-05,7.87057029241098
2005-10-06,7.86590462595523
2005-10-07,7.86677921909532
2005-10-08,7.83508467622538
2005-10-09,7.84171759865265
2005-10-10,7.85117290178262
2005-10-11,7.85593171856892
2005-10-12,7.85367517530186
2005-10-13,7.82880217200837
2005-10-14,7.86142355519674
2005-10-15,7.94745291643047
2005-10-16,7.97503765298352
2005-10-17,8.04451893522967
2005-10-18,8.04305215111808
2005-10-19,8.04880260707546
2005-10-20,7.91577706819732
2005-10-21,7.89439034542548
2005-10-22,7.90684980383223
2005-10-23,7.90536875304085
2005-10-24,7.93583879111678
2005-10-25,7.93308096048348
2005-10-26,7.91674938466659
2005-10-27,7.9237331539368
2005-10-28,7.92594860055857
2005-10-29,7.83528815010639
2005-10-30,7.80619425927439
2005-10-31,7.71876129486173
2005-11-01,7.64216147586279
2005-11-02,7.61994498493007
2005-11-03,7.61302476989359
2005-11-04,7.36529747873708
2005-11-05,7.30299950364781
2005-11-06,7.5342575704763
2005-11-07,7.38106424598465
2005-11-08,7.23484629915853
2005-11-09,7.32630672152324
2005-11-10,7.41156641496754
2005-11-11,7.43181595598015
2005-11-12,7.46497427555017
2005-11-13,7.46943644697223
2005-11-14,7.64699557478272
2005-11-15,7.93028555113119
2005-11-16,7.95546547285511
2005-11-17,7.93195474681792
2005-11-18,7.91558737436569
2005-11-19,7.76891510604555
2005-11-20,7.72950247083434
2005-11-21,7.73365854474733
2005-11-22,7.73052115162665
2005-11-23,7.69710773021796
2005-11-24,7.68743328663985
2005-11-25,7.62343251512298
2005-11-26,7.44005496054079
2005-11-27,7.42645439105457
2005-11-28,7.41599384319466
2005-11-29,7.40418798376233
2005-11-30,7.29912145519189
2005-12-01,7.20999076960363
2005-12-02,7.14285277245144
2005-12-03,7.14278648026674
2005-12-04,7.1595600264605
2005-12-05,7.14311429423144
2005-12-06,7.15799079311239
2005-12-07,7.17786094219251
2005-12-08,7.19020095375774
2005-12-09,7.20143509516202
2005-12-10,7.19704651239967
2005-12-11,7.13820017679126
2005-12-12,7.14585097273272
2005-12-13,7.12577989048834
2005-12-14,7.14118429868997
2005-12-15,7.19463950007922
2005-12-16,7.19628039931456
2005-12-17,7.24172080682849
2005-12-18,7.25543658690941
2005-12-19,7.24457087479018
2005-12-20,7.20689031728653
2005-12-21,7.27694957711982
2005-12-22,7.37575964706217
2005-12-23,7.37608475561771
2005-12-24,7.37016134500504
2005-12-25,7.31423211457013
2005-12-26,7.24345676279758
2005-12-27,7.19113159487505
2005-12-28,7.30408898947951
2005-12-29,7.17377398670749
2005-12-30,7.13408920797405
2005-12-31,6.93489502511214
2006-01-01,6.84880045147266
2006-01-02,6.64882171494134
2006-01-03,6.79275030666436
2006-01-04,6.77851286089324
2006-01-05,6.79138941469446
2006-01-06,6.89417328179571
2006-01-07,6.97665519457377
2006-01-08,7.05929115152044
2006-01-09,6.67606665799416
2006-01-10,6.74900496932451
2006-01-11,6.60082115965856
2006-01-12,6.69984787151845
2006-01-13,6.87917648589084
2006-01-14,6.80052121973926
2006-01-15,6.80623712229969
2006-01-16,6.72874377239471
2006-01-17,6.75094700099437
2006-01-18,6.51354387735824
2006-01-19,6.49402617609294
2006-01-20,6.48876435238181
2006-01-21,6.52327098855588
2006-01-22,6.4882928290745
2006-01-23,6.4555548575933
2006-01-24,6.48349766139876
2006-01-25,6.53541542923218
2006-01-26,6.55801863908912
2006-01-27,6.41259273542535
2006-01-28,6.4643817560529
2006-01-29,6.38308855085233
2006-01-30,6.33388379573237
2006-01-31,6.31804263588499
2006-02-01,6.21741633333738
2006-02-02,6.05113001460289
2006-02-03,6.05203619245707
2006-02-04,6.11941037313671
2006-02-05,6.24766989651572
2006-02-06,6.27918030594348
2006-02-07,6.30904987549549
2006-02-08,6.31577931832988
2006-02-09,6.28938510640468
2006-02-10,6.3969952851199
2006-02-11,6.35620484776099
2006-02-12,6.48112672051456
2006-02-13,6.50575819499511
2006-02-14,6.5250108616247
2006-02-15,6.55989088030083
2006-02-16,6.53961540835798
2006-02-17,6.59420788949776
2006-02-18,6.55769505195301
2006-02-19,6.54395903243834
2006-02-20,6.55596876180481
2006-02-21,6.56902857198097
2006-02-22,6.48230393648935
2006-02-23,6.39600530414906
2006-02-24,6.32898546179728
2006-02-25,6.32547255161938
2006-02-26,6.31578485874854
2006-02-27,6.25462522975707
2006-02-28,6.27208343426547
2006-03-01,6.24775231562765
2006-03-02,6.2480038478142
2006-03-03,6.22295485158499
2006-03-04,6.22746221957477
2006-03-05,6.23487002401016
2006-03-06,6.29229020980694
2006-03-07,6.32105368301962
2006-03-08,6.30530355943175
2006-03-09,6.29585560299551
2006-03-10,6.31184182312996
2006-03-11,6.34067723306973
2006-03-12,6.39008069243408
2006-03-13,6.40785333811571
2006-03-14,6.36626393879018
2006-03-15,6.3821142369002
2006-03-16,6.36823230783474
2006-03-17,6.36253325222839
2006-03-18,6.34572689892078
2006-03-19,6.40599480876868
2006-03-20,6.36400907335481
2006-03-21,6.35467507850193
2006-03-22,6.31430591825995
2006-03-23,6.34312855974509
2006-03-24,6.36158830427805
2006-03-25,6.32367234727644
2006-03-26,6.33701418161682
2006-03-27,6.24823689320285
2006-03-28,6.25163215423162
2006-03-29,6.2641019382609
2006-03-30,6.2427963351413
2006-03-31,6.2580985347936
2006-04-01,6.21866336920666
2006-04-02,6.2021994401862
2006-04-03,6.19757356770578
2006-04-04,6.17646855623745
2006-04-05,6.18374385104259
2006-04-06,6.17850522394771
2006-04-07,6.18514746362859
2006-04-08,6.21932095872876
2006-04-09,6.22435964987155
2006-04-10,6.2216094838229
2006-04-11,6.22276515791987
2006-04-12,6.26408045951528
2006-04-13,6.32763848840503
2006-04-14,6.31790279108121
2006-04-15,6.32429763475019
2006-04-16,6.33431798505679
2006-04-17,6.37446750011322
2006-04-18,6.45206880099993
2006-04-19,6.48260054657096
2006-04-20,6.53836165782969
2006-04-21,6.60175678041919
2006-04-22,6.66629588158735
2006-04-23,6.69802695264057
2006-04-24,6.71236016325755
2006-04-25,6.76184748590246
2006-04-26,6.81996458336518
2006-04-27,6.85450569557383
2006-04-28,6.88174622168673
2006-04-29,6.92715693895149
2006-04-30,7.14911929870852
2006-05-01,7.195553090409
2006-05-02,7.21553672764142
2006-05-03,7.31581910085226
2006-05-04,7.37301723029073
2006-05-05,7.42062355413749
2006-05-06,7.46098652443272
2006-05-07,7.53738638000805
2006-05-08,7.54025992407889
2006-05-09,7.57874545337172
2006-05-10,7.60671543681406
2006-05-11,7.62203136713168
2006-05-12,7.62679159563277
2006-05-13,7.71346019300978
2006-05-14,7.73148938743236
2006-05-15,7.73889605235235
2006-05-16,7.75582857575429
2006-05-17,7.76430337703115
2006-05-18,7.77612229174598
2006-05-19,7.77030257111974
2006-05-20,7.77330199847161
2006-05-21,7.77278245548927
2006-05-22,7.77845445334502
2006-05-23,7.77320377712483
2006-05-24,7.77479209506275
2006-05-25,7.80070176618635
2006-05-26,7.78710999395039
2006-05-27,7.78898687483414
2006-05-28,7.79041138163892
2006-05-29,7.79087382264556
2006-05-30,7.79772025866418
2006-05-31,7.79452190954658
2006-06-01,7.79710926180893
2006-06-02,7.81459872089402
2006-06-03,7.83452325511496
2006-06-04,7.84726924107188
2006-06-05,7.85970412086952
2006-06-06,7.86636791227263
2006-06-07,7.86998924078173
2006-06-08,7.87470607504174
2006-06-09,7.88592653482309
2006-06-10,7.90543540733168
2006-06-11,7.92513155454501
2006-06-12,7.95173301718127
2006-06-13,7.95834969996015
2006-06-14,7.96752989616883
2006-06-15,7.99412844032445
2006-06-16,7.98767585807503
2006-06-17,7.99233902265936
2006-06-18,7.99918637765763
2006-06-19,7.99788516157198
2006-06-20,7.99811948750857
2006-06-21,7.99042873321115
2006-06-22,7.99980403397811
2006-06-23,8.00489743079001
2006-06-24,8.00595288791623
2006-06-25,7.99972276186106
2006-06-26,8.00724078665002
2006-06-27,8.00148307797766
2006-06-28,8.00441171711966
2006-06-29,7.99989497682652
2006-06-30,7.99551622885449
2006-07-01,7.98324140198645
2006-07-02,7.96730686524329
2006-07-03,7.97695681325176
2006-07-04,7.97005946443959
2006-07-05,7.97205909535245
2006-07-06,7.96824443671803
2006-07-07,7.97091641155745
2006-07-08,7.95835351527115
2006-07-09,7.95283667739307
2006-07-10,7.95955869024773
2006-07-11,7.9817706828711
2006-07-12,7.99637239569394
2006-07-13,7.99912742214615
2006-07-14,8.00605079262608
2006-07-15,8.01595351241084
2006-07-16,8.0060684143523
2006-07-17,7.97548597954387
2006-07-18,7.97361528707425
2006-07-19,7.94744064878421
2006-07-20,7.96983586150029
2006-07-21,7.96246409464701
2006-07-22,7.96446489728008
2006-07-23,7.94114698334653
2006-07-24,7.93519517793141
2006-07-25,7.94406599339955
2006-07-26,7.94189142545726
2006-07-27,7.94025288468674
2006-07-28,7.91582378218718
2006-07-29,7.80253741854961
2006-07-30,7.77719743269353
2006-07-31,7.71809715982806
2006-08-01,7.7038867266162
2006-08-02,7.70956266464619
2006-08-03,7.81999442574914
2006-08-04,7.85669584879199
2006-08-05,7.86966928964961
2006-08-06,7.87790569902794
2006-08-07,7.87929198752465
2006-08-08,7.88561686970764
2006-08-09,7.87829969301642
2006-08-10,7.8604705327621
2006-08-11,7.8558018452809
2006-08-12,7.8567175550688
2006-08-13,7.84571565369806
2006-08-14,7.83892198756995
2006-08-15,7.84173194213425
2006-08-16,7.84342120105165
2006-08-17,7.84804246074412
2006-08-18,7.84761949775869
2006-08-19,7.85054656052337
2006-08-20,7.85244227181396
2006-08-21,7.87158644596547
2006-08-22,7.86366169545571
2006-08-23,7.86148060769612
2006-08-24,7.85029528765336
2006-08-25,7.85810326120597
2006-08-26,7.84738163048479
2006-08-27,7.84013003347422
2006-08-28,7.83366231779138
2006-08-29,7.8423030690495
2006-08-30,7.83735155275311
2006-08-31,7.81821652658698
2006-09-01,7.83116218124565
2006-09-02,7.82016439440344
2006-09-03,7.83079900515811
2006-09-04,7.81852181276207
2006-09-05,7.80566344854115
2006-09-06,7.80682516561959
2006-09-07,7.79386660357962
2006-09-08,7.7916759090038
2006-09-09,7.78897327561522
2006-09-10,7.7846891797062
2006-09-11,7.78724110336504
2006-09-12,7.78838839511118
2006-09-13,7.78441119082504
2006-09-14,7.76346696478657
2006-09-15,7.77017131324488
2006-09-16,7.76330671303725
2006-09-17,7.74847620789616
2006-09-18,7.73947283563231
2006-09-19,7.72443882370915
2006-09-20,7.73977082318402
2006-09-21,7.74980665229982
2006-09-22,7.75117165426532
2006-09-23,7.74395640420837
2006-09-24,7.74268727552602
2006-09-25,7.7388035474934
2006-09-26,7.75101405157473
2006-09-27,7.78133755363223
2006-09-28,7.78585894431941
2006-09-29,7.78872061616371
2006-09-30,7.78752415283107
2006-10-01,7.79921686778025
2006-10-02,7.77570909727646
2006-10-03,7.78015944533167
2006-10-04,7.77372758983133
2006-10-05,7.72951222001729
2006-10-06,7.70764527362841
2006-10-07,7.69302141598565
2006-10-08,7.65300915076855
2006-10-09,7.59026109570127
2006-10-10,7.59970093828552
2006-10-11,7.58401125961195
2006-10-12,7.60257224269865
2006-10-13,7.60588092029118
2006-10-14,7.61772618399774
2006-10-15,7.63733910544419
2006-10-16,7.68284352109331
2006-10-17,7.60413885535521
2006-10-18,7.60303659136929
2006-10-19,7.62268145134344
2006-10-20,7.66349774225951
2006-10-21,7.66552640984079
2006-10-22,7.63939770612684
2006-10-23,7.63469037615208
2006-10-24,7.69402984934256
2006-10-25,7.68163328156875
2006-10-26,7.6916479926501
2006-10-27,7.7057515035561
2006-10-28,7.74473565558622
2006-10-29,7.78174384560844
2006-10-30,7.79031205283821
2006-10-31,7.79758636499434
2006-11-01,7.77709517686423
2006-11-02,7.78717386470289
2006-11-03,7.79482728536888
2006-11-04,7.92462036970614
2006-11-05,7.91477816621364
2006-11-06,7.8970138765559
2006-11-07,7.94159737376066
2006-11-08,7.9291441826273
2006-11-09,7.86458079444107
2006-11-10,7.88983279614986
2006-11-11,7.83849828276337
2006-11-12,7.83767442021217
2006-11-13,7.78477115349892
2006-11-14,7.79957526701352
2006-11-15,7.73641752197922
2006-11-16,7.6161782180488
2006-11-17,7.68499169339548
2006-11-18,7.72667135523687
2006-11-19,7.69049518566287
2006-11-20,7.67424425766667
2006-11-21,7.59012093221294
2006-11-22,7.42322734287148
2006-11-23,7.37630619163594
2006-11-24,7.32937556831956
2006-11-25,7.30498495425466
2006-11-26,7.26310828704963
2006-11-27,7.27302285906354
2006-11-28,7.31033285601783
2006-11-29,7.39746408529326
2006-11-30,7.38383032283991
2006-12-01,7.41152176304718
2006-12-02,7.40963004745235
2006-12-03,7.41332144802743
2006-12-04,7.45603089760797
2006-12-05,7.60935586086667
2006-12-06,7.53718374129707
2006-12-07,7.42440872056497
2006-12-08,7.26727678711782
2006-12-09,7.1898329352658
2006-12-10,7.30618059046026
2006-12-11,7.227938137891
2006-12-12,7.33956158850092
2006-12-13,7.25742532249296
2006-12-14,7.42772023170626
2006-12-15,7.45584078828987
2006-12-16,7.5400650146507
2006-12-17,7.65985201795582
2006-12-18,7.70780532944178
2006-12-19,7.6285298660068
2006-12-20,7.59081368964247
2006-12-21,7.47032779110365
2006-12-22,7.46846877857444
2006-12-23,7.46011138334659
2006-12-24,7.46222028861358
2006-12-25,7.43014215072202
2006-12-26,7.48622506030417
2006-12-27,7.40893969029001
2006-12-28,7.29878541715765
2006-12-29,7.3559229514505
2006-12-30,7.31167491277059
2006-12-31,7.3147483154509
2007-01-01,7.25314589589114
2007-01-02,6.9165674531307
2007-01-03,6.90299164122894
2007-01-04,6.94669615410932
2007-01-05,6.9849245382316
2007-01-06,6.79651098449184
2007-01-07,6.78867736264638
2007-01-08,6.90265850697012
2007-01-09,6.81243513496457
2007-01-10,6.82320025670443
2007-01-11,6.57461429970628
2007-01-12,6.57008159109242
2007-01-13,6.64244994913775
2007-01-14,6.56406311809116
2007-01-15,6.82992853326196
2007-01-16,6.67383716921014
2007-01-17,6.51622147212059
2007-01-18,6.53865499009599
2007-01-19,6.47593521406064
2007-01-20,6.49612009620111
2007-01-21,6.37979832565986
2007-01-22,6.35175841033203
2007-01-23,6.39887159959429
2007-01-24,6.36618616131594
2007-01-25,6.4069411956602
2007-01-26,6.28996920595122
2007-01-27,6.35941058537096
2007-01-28,6.37268872172148
2007-01-29,6.35956195015911
2007-01-30,6.40741938830098
2007-01-31,6.20311644475849
2007-02-01,6.20190932911226
2007-02-02,6.243598991916
2007-02-03,6.2412449334162
2007-02-04,6.32344249932918
2007-02-05,6.23346498176706
2007-02-06,6.3490350339336
2007-02-07,6.44778768449681
2007-02-08,6.51455577211416
2007-02-09,6.49727425676019
2007-02-10,6.52365978770856
2007-02-11,6.49490418370094
2007-02-12,6.45411870574559
2007-02-13,6.45471664043276
2007-02-14,6.52083620984811
2007-02-15,6.45442050351557
2007-02-16,6.40467263903964
2007-02-17,6.48956812950709
2007-02-18,6.48673786073744
2007-02-19,6.47300453647105
2007-02-20,6.49845987372616
2007-02-21,6.57119506713911
2007-02-22,6.57020358151681
2007-02-23,6.54515615966142
2007-02-24,6.51896950542881
2007-02-25,6.54026266559429
2007-02-26,6.4606894820246
2007-02-27,6.51518211450624
2007-02-28,6.52016970791335
2007-03-01,6.48424153830224
2007-03-02,6.47305593969388
2007-03-03,6.54959362414458
2007-03-04,6.57254515619526
2007-03-05,6.52252138299088
2007-03-06,6.55451929661851
2007-03-07,6.54252790087643
2007-03-08,6.47792293209927
2007-03-09,6.45990143223068
2007-03-10,6.44777165433312
2007-03-11,6.43204318041975
2007-03-12,6.45921310533203
2007-03-13,6.46198188964534
2007-03-14,6.48604038576529
2007-03-15,6.49215271444976
2007-03-16,6.48738321262517
2007-03-17,6.37063057614442
2007-03-18,6.3833895075978
2007-03-19,6.32636996582489
2007-03-20,6.32364996943938
2007-03-21,6.33608750398458
2007-03-22,6.34173425859248
2007-03-23,6.34639738971535
2007-03-24,6.50002308768543
2007-03-25,6.49902094622147
2007-03-26,6.51258893208982
2007-03-27,6.54740153152436
2007-03-28,6.53076016090999
2007-03-29,6.59825402204085
2007-03-30,6.4507439849382
2007-03-31,6.40928030104833
2007-04-01,6.4205679737381
2007-04-02,6.47938586041247
2007-04-03,6.47937754551701
2007-04-04,6.51938393714262
2007-04-05,6.55270253298668
2007-04-06,6.58874706176894
2007-04-07,6.62915806833482
2007-04-08,6.65138656035107
2007-04-09,6.695575353266
2007-04-10,6.78122483319566
2007-04-11,6.81560472182832
2007-04-12,6.8573764725584
2007-04-13,6.9309618565266
2007-04-14,6.99053530128748
2007-04-15,7.06859465713467
2007-04-16,7.16755601094413
2007-04-17,7.23870122032762
2007-04-18,7.3539295392941
2007-04-19,7.39500197835905
2007-04-20,7.42628083603657
2007-04-21,7.46259875747459
2007-04-22,7.48218545657786
2007-04-23,7.51546282281043
2007-04-24,7.53404004992435
2007-04-25,7.54439831053071
2007-04-26,7.55349911711171
2007-04-27,7.57900085752133
2007-04-28,7.61439288193851
2007-04-29,7.72622864230038
2007-04-30,7.75354643760781
2007-05-01,7.79126465752646
2007-05-02,7.80620892929811
2007-05-03,7.82637273818247
2007-05-04,7.86552033610485
2007-05-05,7.87654415306908
2007-05-06,7.89079258414406
2007-05-07,7.88612376570502
2007-05-08,7.88124668020914
2007-05-09,7.88475459183498
2007-05-10,7.89795646090369
2007-05-11,7.90500251241585
2007-05-12,7.92910419965784
2007-05-13,7.94461740618221
2007-05-14,7.94331391370553
2007-05-15,7.94568235024579
2007-05-16,7.96440661826869
2007-05-17,7.9828119105391
2007-05-18,7.99051610885634
2007-05-19,8.00179475055098
2007-05-20,7.98468098967931
2007-05-21,7.99974488675598
2007-05-22,8.05562554543463
2007-05-23,8.06960031667538
2007-05-24,8.081896778413
2007-05-25,8.12105300425589
2007-05-26,8.08940301696907
2007-05-27,8.12637541766977
2007-05-28,8.1142157783685
2007-05-29,8.11729832557295
2007-05-30,8.12455823205447
2007-05-31,8.13487246608651
2007-06-01,8.13843875051547
2007-06-02,8.10955811030583
2007-06-03,8.1123595617088
2007-06-04,8.11381544343318
2007-06-05,8.1007990347025
2007-06-06,8.09160688877434
2007-06-07,8.09245711331645
2007-06-08,8.04895931249159
2007-06-09,8.06582207513826
2007-06-10,8.05110321072637
2007-06-11,8.04937878604961
2007-06-12,8.08567455015806
2007-06-13,8.09339675774249
2007-06-14,8.08481260580689
2007-06-15,8.08863640550269
2007-06-16,8.07093569905388
2007-06-17,8.07414274180509
2007-06-18,8.07516732661808
2007-06-19,8.0666250197296
2007-06-20,8.07136369112447
2007-06-21,8.06160242317902
2007-06-22,8.03964090504584
2007-06-23,8.03844640688463
2007-06-24,8.02189298924167
2007-06-25,8.01686347142165
2007-06-26,8.00650826518567
2007-06-27,8.01418980477432
2007-06-28,8.0015338555182
2007-06-29,8.00463042347175
2007-06-30,8.00185920161987
2007-07-01,7.99455313029463
2007-07-02,7.99772501009169
2007-07-03,7.99789343678202
2007-07-04,8.00161289227636
2007-07-05,8.00551475510315
2007-07-06,8.00578289815604
2007-07-07,7.99585007490196
2007-07-08,7.995440097987
2007-07-09,8.00004667558581
2007-07-10,7.99549891568261
2007-07-11,7.98982985772304
2007-07-12,7.98733576675073
2007-07-13,7.97962072500934
2007-07-14,7.97739720716066
2007-07-15,7.9711034550331
2007-07-16,7.97301542174412
2007-07-17,7.97197988797146
2007-07-18,7.96592129881268
2007-07-19,7.96749381803064
2007-07-20,7.96153938279884
2007-07-21,7.96315392968859
2007-07-22,7.95960444265212
2007-07-23,7.95732277768013
2007-07-24,7.94941474654629
2007-07-25,7.94363590470344
2007-07-26,7.92786682330556
2007-07-27,7.91500043943362
2007-07-28,7.89500630822409
2007-07-29,7.89583062676583
2007-07-30,7.89915755790812
2007-07-31,7.88484238677944
2007-08-01,7.87756621566038
2007-08-02,7.87583138470345
2007-08-03,7.87712619834711
2007-08-04,7.87847666251386
2007-08-05,7.88238700052967
2007-08-06,7.88693214316677
2007-08-07,7.88443291484859
2007-08-08,7.87740725575588
2007-08-09,7.86955137816286
2007-08-10,7.87834488700715
2007-08-11,7.85774012568037
2007-08-12,7.87700389954413
2007-08-13,7.86697759189302
2007-08-14,7.8546922045921
2007-08-15,7.85709887096422
2007-08-16,7.86841495158095
2007-08-17,7.86211554896225
2007-08-18,7.88589359655304
2007-08-19,7.84526063285399
2007-08-20,7.84126287735283
2007-08-21,7.83532820263157
2007-08-22,7.83119225103205
2007-08-23,7.83504956859737
2007-08-24,7.83629904641893
2007-08-25,7.84661029636145
2007-08-26,7.86202399068876
2007-08-27,7.86823797448912
2007-08-28,7.87958791581968
2007-08-29,7.88697051714583
2007-08-30,7.88861675576577
2007-08-31,7.88263947812102
2007-09-01,7.88057936676916
2007-09-02,7.87976262102795
2007-09-03,7.87576371400391
2007-09-04,7.86608337309562
2007-09-05,7.8618540102792
2007-09-06,7.87249871996171
2007-09-07,7.86996562222594
2007-09-08,7.85705624367526
2007-09-09,7.86556553317811
2007-09-10,7.86506090727419
2007-09-11,7.85813056477857
2007-09-12,7.89215888236628
2007-09-13,8.08182496969773
2007-09-14,7.97078394803473
2007-09-15,7.95800073338187
2007-09-16,7.9787710707678
2007-09-17,7.97387088363315
2007-09-18,8.01617387549787
2007-09-19,8.02806273606977
2007-09-20,7.99097625534714
2007-09-21,7.9069041757113
2007-09-22,7.94628982758493
2007-09-23,7.96213386029181
2007-09-24,7.96175972320285
2007-09-25,7.95955308929126
2007-09-26,7.95378142699285
2007-09-27,7.93555571369176
2007-09-28,7.95038691754985
2007-09-29,7.9682124029983
2007-09-30,7.95362765962023
2007-10-01,8.03442987605682
2007-10-02,7.91497664560969
2007-10-03,7.90452039837184
2007-10-04,7.8297602080948
2007-10-05,7.80798675752019
2007-10-06,7.80733851013799
2007-10-07,7.81058846384695
2007-10-08,7.81733884360675
2007-10-09,7.81439635794466
2007-10-10,7.8142727939084
2007-10-11,7.82417269064097
2007-10-12,7.82617819769497
2007-10-13,7.83144094033648
2007-10-14,7.83572033174231
2007-10-15,7.83732310750973
2007-10-16,7.84557318611426
2007-10-17,7.84386912624095
2007-10-18,7.81675401598032
2007-10-19,7.83002089379243
2007-10-20,7.85375933943398
2007-10-21,7.87220822236843
2007-10-22,8.12627480986476
2007-10-23,8.15164802631188
2007-10-24,8.11001385292193
2007-10-25,8.04488189802652
2007-10-26,7.96272499860656
2007-10-27,7.97913141986366
2007-10-28,7.89464047675994
2007-10-29,7.73285098141887
2007-10-30,7.88528249238322
2007-10-31,7.85034374191359
2007-11-01,7.85895955806445
2007-11-02,7.8655761575001
2007-11-03,7.81276638992326
2007-11-04,7.87267245239443
2007-11-05,7.80463037659506
2007-11-06,7.73546755895303
2007-11-07,7.73211127925179
2007-11-08,7.67899901948815
2007-11-09,7.58484325969852
2007-11-10,7.49936653387191
2007-11-11,7.48157226519797
2007-11-12,7.45374125047866
2007-11-13,7.43910444694366
2007-11-14,7.48253159987422
2007-11-15,7.3924248830218
2007-11-16,7.41002034210447
2007-11-17,7.40469586370327
2007-11-18,7.39115908993117
2007-11-19,7.41314196138185
2007-11-20,7.43288225632007
2007-11-21,7.42760011991072
2007-11-22,7.53227458086052
2007-11-23,7.53726826034814
2007-11-24,7.45748067823034
2007-11-25,7.59763808942673
2007-11-26,7.61092482776895
2007-11-27,7.64709026198957
2007-11-28,7.59338276522228
2007-11-29,7.58811260019038
2007-11-30,7.59571458705768
2007-12-01,7.62930931658929
2007-12-02,7.59259509975828
2007-12-03,7.61229428202854
2007-12-04,7.57830525057677
2007-12-05,7.55842432915401
2007-12-06,7.52812665477407
2007-12-07,7.4927055726691
2007-12-08,7.40400047794195
2007-12-09,7.37859055204955
2007-12-10,7.35287990997615
2007-12-11,7.33890287865406
2007-12-12,7.30179447008788
2007-12-13,7.31281928121767
2007-12-14,7.39808503227617
2007-12-15,7.42836042589782
2007-12-16,7.67544638356198
2007-12-17,7.67344805740659
2007-12-18,7.88328109118769
2007-12-19,7.91386152658319
2007-12-20,7.92899096283651
2007-12-21,7.90594503980883
2007-12-22,7.91139965259255
2007-12-23,7.88538912771221
2007-12-24,7.86926922319739
2007-12-25,7.89478629275252
2007-12-26,7.8852516533926
2007-12-27,7.87034032429123
2007-12-28,7.80410905373402
2007-12-29,7.7854869485728
2007-12-30,7.75718765701405
2007-12-31,7.7433043747649
2008-01-01,7.65947961450901
2008-01-02,7.66055016952983
2008-01-03,7.43389177511493
2008-01-04,7.33676375648281
2008-01-05,7.25538540362255
2008-01-06,7.19429458000734
2008-01-07,7.05452719792136
2008-01-08,6.80279308832609
2008-01-09,6.62393226941427
2008-01-10,6.61919637175048
2008-01-11,6.55575526259111
2008-01-12,6.59997034300117
2008-01-13,6.54675730529139
2008-01-14,6.53484580846055
2008-01-15,6.65329348699131
2008-01-16,6.69445265799153
2008-01-17,6.58613690388849
2008-01-18,6.58790360329314
2008-01-19,6.55079126797098
2008-01-20,6.56423973826801
2008-01-21,6.54014210440047
2008-01-22,6.54606823671601
2008-01-23,6.55241437236803
2008-01-24,6.54680796993117
2008-01-25,6.54493015391999
2008-01-26,6.56225735203672
2008-01-27,6.5180480132521
2008-01-28,6.53612301221715
2008-01-29,6.45291142820457
2008-01-30,6.39822017606118
2008-01-31,6.40678633173602
2008-02-01,6.42304872088627
2008-02-02,6.40312893238036
2008-02-03,6.37008783349752
2008-02-04,6.40209483069222
2008-02-05,6.35497848749859
2008-02-06,6.38853717836823
2008-02-07,6.40085114678865
2008-02-08,6.3902661716649
2008-02-09,6.34693219625033
2008-02-10,6.32379204209112
2008-02-11,6.23548991240261
2008-02-12,6.2553050248601
2008-02-13,6.21750111205099
2008-02-14,6.20725241997819
2008-02-15,6.20125833696571
2008-02-16,6.17361990062864
2008-02-17,6.12619689186904
2008-02-18,6.22273518461544
2008-02-19,6.1209468798861
2008-02-20,6.10210427262278
2008-02-21,6.14349563299517
2008-02-22,6.10984231687863
2008-02-23,6.11367029266164
2008-02-24,6.03175617608344
2008-02-25,5.84984037813656
2008-02-26,5.92881344971196
2008-02-27,6.04750511653461
2008-02-28,6.14976367165123
2008-02-29,6.13237081408586
2008-03-01,6.31050585981933
2008-03-02,6.23329618085791
2008-03-03,6.30296490322466
2008-03-04,6.32629541921178
2008-03-05,6.27532877917291
2008-03-06,6.29896513790464
2008-03-07,6.30469013506716
2008-03-08,6.31069822215218
2008-03-09,6.30575810230821
2008-03-10,6.19432131979914
2008-03-11,6.19419228498801
2008-03-12,6.19126176415315
2008-03-13,6.24517760634655
2008-03-14,6.19265695955218
2008-03-15,6.25305726982545
2008-03-16,6.32989449545244
2008-03-17,6.20233600712764
2008-03-18,6.25546236240345
2008-03-19,6.30434791192382
2008-03-20,6.33519109808042
2008-03-21,6.35444524305443
2008-03-22,6.39192324790666
2008-03-23,6.38129766405677
2008-03-24,6.40806111187955
2008-03-25,6.44528790720224
2008-03-26,6.52267406116722
2008-03-27,6.53925595173145
2008-03-28,6.54906512243895
2008-03-29,6.56579232936137
2008-03-30,6.56597863098678
2008-03-31,6.58429353177215
2008-04-01,6.61380177612465
2008-04-02,6.60100806970688
2008-04-03,6.62992606968779
2008-04-04,6.64709381152773
2008-04-05,6.65227401171031
2008-04-06,6.66298840354103
2008-04-07,6.68044228296667
2008-04-08,6.77216605685428
2008-04-09,6.73361785830914
2008-04-10,6.70412108172417
2008-04-11,6.75176077886161
2008-04-12,6.73571551028386
2008-04-13,6.79580937785726
2008-04-14,6.80358385029643
2008-04-15,6.88001184875762
2008-04-16,6.89934232455319
2008-04-17,6.91810219435856
2008-04-18,6.94456614108527
2008-04-19,6.98685313868618
2008-04-20,7.00793495668987
2008-04-21,7.08227546554018
2008-04-22,7.1074478877846
2008-04-23,7.11377784394811
2008-04-24,7.14501003345209
2008-04-25,7.1667908336965
2008-04-26,7.19445363903749
2008-04-27,7.25096176578361
2008-04-28,7.29456051646411
2008-04-29,7.33036928112062
2008-04-30,7.42454625256546
2008-05-01,7.46636358821265
2008-05-02,7.53567904833651
2008-05-03,7.54885903253165
2008-05-04,7.55774692151039
2008-05-05,7.61150435414555
2008-05-06,7.62505843898573
2008-05-07,7.63435980282319
2008-05-08,7.65553001009289
2008-05-09,7.6773393700985
2008-05-10,7.6955556112829
2008-05-11,7.76148484761612
2008-05-12,7.78733596691413
2008-05-13,7.79755450006926
2008-05-14,7.80782479051498
2008-05-15,7.81931196951851
2008-05-16,7.82597721987363
2008-05-17,7.82980250931244
2008-05-18,7.81601460006582
2008-05-19,7.80432922168012
2008-05-20,7.79819760871957
2008-05-21,7.78801600998383
2008-05-22,7.79321301626498
2008-05-23,7.78433428845245
2008-05-24,7.78738079297025
2008-05-25,7.7826166765733
2008-05-26,7.78107686137717
2008-05-27,7.78602521535255
2008-05-28,7.78752713179867
2008-05-29,7.79441891258548
2008-05-30,7.80374327485151
2008-05-31,7.81288093419641
2008-06-01,7.81319983820918
2008-06-02,7.80895140184939
2008-06-03,7.8151752889981
2008-06-04,7.80237702887691
2008-06-05,7.81190174878405
2008-06-06,7.81609024231659
2008-06-07,7.81479269355752
2008-06-08,7.82101286366696
2008-06-09,7.83826665870597
2008-06-10,7.81473877533217
2008-06-11,7.77114668877271
2008-06-12,7.83253341443227
2008-06-13,7.8919859063132
2008-06-14,7.9205833928058
2008-06-15,7.93720915095949
2008-06-16,7.94579531796476
2008-06-17,7.93861082438613
2008-06-18,7.94620942147171
2008-06-19,7.94821793474311
2008-06-20,7.96206154445979
2008-06-21,7.95798950480062
2008-06-22,7.96436120783912
2008-06-23,7.96699552736509
2008-06-24,7.98198984271434
2008-06-25,7.96727689721486
2008-06-26,7.96782311419752
2008-06-27,7.96540699080831
2008-06-28,7.9634549472211
2008-06-29,7.94973133037721
2008-06-30,7.94018722748016
2008-07-01,7.93029532720932
2008-07-02,7.9280733889007
2008-07-03,7.93608914158239
2008-07-04,7.93302753173367
2008-07-05,7.93928457530451
2008-07-06,7.93687007928463
2008-07-07,7.95896201715011
2008-07-08,7.96905997296148
2008-07-09,7.96119481717445
2008-07-10,7.95789386241817
2008-07-11,7.9566257622961
2008-07-12,7.96331812289632
2008-07-13,7.96393107571786
2008-07-14,7.95885618065592
2008-07-15,7.95683195661643
2008-07-16,7.94867949794255
2008-07-17,7.94175944335245
2008-07-18,7.94294080320948
2008-07-19,7.9406927883241
2008-07-20,7.93399185646374
2008-07-21,7.93932643954607
2008-07-22,7.93319969843643
2008-07-23,7.92984210594864
2008-07-24,7.92762557522175
2008-07-25,7.91949938548218
2008-07-26,7.91350778976302
2008-07-27,7.95591708806976
2008-07-28,7.93331652702897
2008-07-29,7.94414304766361
2008-07-30,7.92680303357959
2008-07-31,7.90258812933512
2008-08-01,7.85728083159582
2008-08-02,7.80808072065132
2008-08-03,7.79488805497722
2008-08-04,7.78153270226135
2008-08-05,7.792291903995
2008-08-06,7.79037732808455
2008-08-07,7.77905027172798
2008-08-08,7.76768799272985
2008-08-09,7.76816519221593
2008-08-10,7.76831201124635
2008-08-11,7.76390832024459
2008-08-12,7.76759066390258
2008-08-13,7.77042024377105
2008-08-14,7.76696625186983
2008-08-15,7.76403338111777
2008-08-16,7.7605493847814
2008-08-17,7.76736433375695
2008-08-18,7.80559192374897
2008-08-19,7.8225662756808
2008-08-20,7.85791391748449
2008-08-21,7.84610502787436
2008-08-22,7.79940653178464
2008-08-23,7.75173824646946
2008-08-24,7.84494654371072
2008-08-25,7.92650833244458
2008-08-26,7.90770730824374
2008-08-27,7.90259184549958
2008-08-28,7.90133665219675
2008-08-29,7.89773945952389
2008-08-30,7.90211801317303
2008-08-31,7.90511338079998
2008-09-01,7.91015437731501
2008-09-02,7.91449013941856
2008-09-03,7.91591613879292
2008-09-04,7.92223517032019
2008-09-05,7.92221958758061
2008-09-06,7.92149259781439
2008-09-07,7.92985297991541
2008-09-08,7.92261895430693
2008-09-09,7.92000766815403
2008-09-10,7.91297038215351
2008-09-11,7.94520275906218
2008-09-12,8.06101053825597
2008-09-13,7.81491421093451
2008-09-14,7.78847046289435
2008-09-15,7.68388188471254
2008-09-16,7.64957683666517
2008-09-17,7.66425618661761
2008-09-18,7.63935623156782
2008-09-19,7.48121949227429
2008-09-20,7.50167717968018
2008-09-21,7.476827644699
2008-09-22,7.48177762959675
2008-09-23,7.48610826839809
2008-09-24,7.56883207578939
2008-09-25,7.62752648932247
2008-09-26,7.70590729758668
2008-09-27,7.7756844259451
2008-09-28,7.76440080824213
2008-09-29,7.84499481501317
2008-09-30,7.8595952533401
2008-10-01,7.85316580667561
2008-10-02,7.79536263873925
2008-10-03,7.79014964669798
2008-10-04,7.8332160713574
2008-10-05,7.84129826729656
2008-10-06,7.84256331027862
2008-10-07,7.97284148815506
2008-10-08,7.9654483644536
2008-10-09,7.97400561188002
2008-10-10,7.96998783226825
2008-10-11,7.99605321946402
2008-10-12,8.01488639415427
2008-10-13,8.03783327415948
2008-10-14,8.04241052446412
2008-10-15,7.96244145994494
2008-10-16,7.95984198346026
2008-10-17,7.87204711930847
2008-10-18,7.91737582592883
2008-10-19,7.95660158756393
2008-10-20,7.93892044101833
2008-10-21,7.94103950639776
2008-10-22,7.93963242907826
2008-10-23,7.94008359365268
2008-10-24,7.90049622692647
2008-10-25,7.87786641563908
2008-10-26,7.88036950685992
2008-10-27,7.85127948529475
2008-10-28,7.79116480404063
2008-10-29,7.716744910025
2008-10-30,7.67280962387561
2008-10-31,7.67726910958857
2008-11-01,7.5550674780456
2008-11-02,7.68407648197627
2008-11-03,7.45674404836232
2008-11-04,7.49702862542024
2008-11-05,7.55223694845545
2008-11-06,7.53464319267642
2008-11-07,7.33483459918475
2008-11-08,7.22096067928255
2008-11-09,7.17839704420395
2008-11-10,7.16313702219159
2008-11-11,7.16837047262524
2008-11-12,7.19996886870868
2008-11-13,7.25803908204594
2008-11-14,7.21773165399364
2008-11-15,7.25418730136675
2008-11-16,7.22007297333189
2008-11-17,7.26159343237445
2008-11-18,7.27512814570339
2008-11-19,7.26472748030091
2008-11-20,7.17905767003467
2008-11-21,7.15012818709481
2008-11-22,7.08221834000816
2008-11-23,7.43212252500855
2008-11-24,7.64890822122873
2008-11-25,7.70362748598483
2008-11-26,7.67841710717756
2008-11-27,7.6939995249355
2008-11-28,7.71604183280454
2008-11-29,7.67824733190824
2008-11-30,7.72839162754266
2008-12-01,7.65211311422848
2008-12-02,7.6450528410704
2008-12-03,7.67530968548696
2008-12-04,7.57016572933673
2008-12-05,7.6306319066117
2008-12-06,7.61081922236688
2008-12-07,7.62347854895425
2008-12-08,7.61161593151298
2008-12-09,7.5960508630289
2008-12-10,7.63240569999638
2008-12-11,7.57906540594101
2008-12-12,7.54273850850061
2008-12-13,7.52565729613062
2008-12-14,7.50405741852115
2008-12-15,7.50431939628389
2008-12-16,7.49587047915815
2008-12-17,7.4674541685375
2008-12-18,7.42918609625702
2008-12-19,7.37336906081083
2008-12-20,7.28638828049103
2008-12-21,7.31980894843856
2008-12-22,7.24026005959405
2008-12-23,7.16170293001496
2008-12-24,7.04353279790096
2008-12-25,7.01510878410985
2008-12-26,6.81150007336998
2008-12-27,6.87262507982578
2008-12-28,6.97428830631583
2008-12-29,6.88697986968639
2008-12-30,6.83001082808618
2008-12-31,6.75676791534758
2009-01-01,6.78225639785202
2009-01-02,6.88256162285326
2009-01-03,6.831646458146
2009-01-04,6.81366847631582
2009-01-05,6.79277465778327
2009-01-06,6.75731294073892
2009-01-07,6.80129101715959
2009-01-08,6.84857898914351
2009-01-09,6.81008183956146
2009-01-10,6.72120542681351
2009-01-11,6.77377199991749
2009-01-12,6.71244475420784
2009-01-13,6.64777509914386
2009-01-14,6.88888647834374
2009-01-15,6.95203834086141
2009-01-16,6.95050895606975
2009-01-17,6.91068235097775
2009-01-18,6.9513514831973
2009-01-19,7.07886999198133
2009-01-20,7.09814912246392
2009-01-21,7.03752407726465
2009-01-22,6.96061595400657
2009-01-23,6.89628640428483
2009-01-24,6.88167159328437
2009-01-25,6.89314863567371
2009-01-26,6.91100979060902
2009-01-27,6.90851539217158
2009-01-28,6.91776358370448
2009-01-29,6.96942760511463
2009-01-30,6.81010970856077
2009-01-31,6.72372317554356
2009-02-01,6.71971899376014
2009-02-02,6.58993641721357
2009-02-03,6.58714855211439
2009-02-04,6.5157337108661
2009-02-05,6.4151020001831
2009-02-06,6.43498957552452
2009-02-07,6.43001696518519
2009-02-08,6.50194611890906
2009-02-09,6.49288214383237
2009-02-10,6.43841133798872
2009-02-11,6.40463749608411
2009-02-12,6.42491682873822
2009-02-13,6.39775901109064
2009-02-14,6.42558282926582
2009-02-15,6.40445061160632
2009-02-16,6.38995544246937
2009-02-17,6.45117736050603
2009-02-18,6.50446097182375
2009-02-19,6.49323638344653
2009-02-20,6.41328411020343
2009-02-21,6.40693745678876
2009-02-22,6.42229750469371
2009-02-23,6.42266352210706
2009-02-24,6.43461306872324
2009-02-25,6.43885763283118
2009-02-26,6.46377995018051
2009-02-27,6.48262743945677
2009-02-28,6.40322652435779
2009-03-01,6.44150951640172
2009-03-02,6.43844564581105
2009-03-03,6.42380184803129
2009-03-04,6.33000951993164
2009-03-05,6.32181043774806
2009-03-06,6.32300842820643
2009-03-07,6.3137691127271
2009-03-08,6.29740458374444
2009-03-09,6.29147767147562
2009-03-10,6.32252974672228
2009-03-11,6.30192661637366
2009-03-12,6.2611903655938
2009-03-13,6.23958705402405
2009-03-14,6.2009912321886
2009-03-15,6.17267907796739
2009-03-16,6.17751978128894
2009-03-17,6.13456011026986
2009-03-18,6.07249054673141
2009-03-19,6.05695028827712
2009-03-20,6.07112467890671
2009-03-21,6.08815441065307
2009-03-22,6.04538651745536
2009-03-23,6.03794233840597
2009-03-24,6.02751045232404
2009-03-25,6.04872473348968
2009-03-26,6.04147597414021
2009-03-27,6.05761955896734
2009-03-28,6.0953408148388
2009-03-29,6.10770151760783
2009-03-30,6.12925030509962
2009-03-31,6.1721935626527
2009-04-01,6.22955359599298
2009-04-02,6.29237044355032
2009-04-03,6.36339646474906
2009-04-04,6.43711252578642
2009-04-05,6.51869985655548
2009-04-06,6.58379726591435
2009-04-07,6.69875039118186
2009-04-08,6.82910402614048
2009-04-09,6.85843095698756
2009-04-10,6.90454351326337
2009-04-11,6.89144233165246
2009-04-12,6.99270196484327
2009-04-13,7.030409762178
2009-04-14,7.05195023181629
2009-04-15,7.07005516045392
2009-04-16,7.07718282435344
2009-04-17,7.0835750312434
2009-04-18,7.08643397262661
2009-04-19,7.11312346274888
2009-04-20,7.15981767626097
2009-04-21,7.19621986000891
2009-04-22,7.22841824581236
2009-04-23,7.28360037452599
2009-04-24,7.3228567750545
2009-04-25,7.34828036328699
2009-04-26,7.34930077035624
2009-04-27,7.38301415958063
2009-04-28,7.41493193602558
2009-04-29,7.45461833360912
2009-04-30,7.53286657556983
2009-05-01,7.62497380860559
2009-05-02,7.64258239187177
2009-05-03,7.68055435585958
2009-05-04,7.68657506606919
2009-05-05,7.71012898591062
2009-05-06,7.75673251815682
2009-05-07,7.77353963367811
2009-05-08,7.77523428741917
2009-05-09,7.78870796666533
2009-05-10,7.79228298784405
2009-05-11,7.80512434861889
2009-05-12,7.81525832116002
2009-05-13,7.81325670924028
2009-05-14,7.80335642871762
2009-05-15,7.81515835048302
2009-05-16,7.83210213908414
2009-05-17,7.84081571633997
2009-05-18,7.8373185144938
2009-05-19,7.91150767569013
2009-05-20,7.91161062095681
2009-05-21,7.90074849098233
2009-05-22,7.88744100881043
2009-05-23,7.89817576321474
2009-05-24,7.88958657121973
2009-05-25,7.88574481333429
2009-05-26,7.88295396265021
2009-05-27,7.88076838604343
2009-05-28,7.87781413751935
2009-05-29,7.89209344322351
2009-05-30,7.86770908672342
2009-05-31,7.85655751345702
2009-06-01,7.8530736050061
2009-06-02,7.84633856463347
2009-06-03,7.85176931811102
2009-06-04,7.8553490881413
2009-06-05,7.85688885876385
2009-06-06,7.86322823645852
2009-06-07,7.87228460975746
2009-06-08,7.86815049436269
2009-06-09,7.8737647196039
2009-06-10,7.87557805619813
2009-06-11,7.8799321162287
2009-06-12,7.88050694606073
2009-06-13,7.89080933787187
2009-06-14,7.89171963698547
2009-06-15,7.8986597107872
2009-06-16,7.90523411619931
2009-06-17,7.9009407578872
2009-06-18,7.91795606319253
2009-06-19,7.92381399299879
2009-06-20,7.92153709330762
2009-06-21,7.95882026466977
2009-06-22,7.97498674053308
2009-06-23,7.96125622511191
2009-06-24,7.96426577740371
2009-06-25,7.97168092894411
2009-06-26,7.94781675954537
2009-06-27,7.92895662886758
2009-06-28,7.90365842631731
2009-06-29,7.87930960115895
2009-06-30,7.89238095460477
2009-07-01,7.89745502793021
2009-07-02,7.91522688774546
2009-07-03,7.91776092040288
2009-07-04,7.92906153070022
2009-07-05,7.93234578739901
2009-07-06,7.930813046902
2009-07-07,7.92169496839469
2009-07-08,7.95735130522636
2009-07-09,7.96826584212302
2009-07-10,7.97326700497149
2009-07-11,7.97859823743403
2009-07-12,7.97295110129993
2009-07-13,7.97486373775024
2009-07-14,7.96893643497899
2009-07-15,7.97272838626691
2009-07-16,7.96452752727952
2009-07-17,7.96633581277628
2009-07-18,7.97014260890263
2009-07-19,7.96522356926016
2009-07-20,7.96802573044691
2009-07-21,7.94692605047682
2009-07-22,7.95341149957975
2009-07-23,7.94678362444064
2009-07-24,7.93303776626891
2009-07-25,7.91984302922024
2009-07-26,7.92076539955669
2009-07-27,7.88583308693883
2009-07-28,7.88472052294191
2009-07-29,7.87653807452668
2009-07-30,7.87724949255676
2009-07-31,7.89243316812478
2009-08-01,7.89592943232761
2009-08-02,7.89320019868108
2009-08-03,7.89255116541027
2009-08-04,7.89121895623366
2009-08-05,7.87295548008902
2009-08-06,7.87692595999547
2009-08-07,7.87663821488339
2009-08-08,7.88616597479722
2009-08-09,7.88515305673083
2009-08-10,7.89188959228391
2009-08-11,7.87647091720313
2009-08-12,7.88454251069984
2009-08-13,7.88028546863419
2009-08-14,7.8751215153102
2009-08-15,7.88055954064823
2009-08-16,7.88216543420998
2009-08-17,7.92670051708448
2009-08-18,7.9389113663457
2009-08-19,7.93051999595331
2009-08-20,7.92380608601688
2009-08-21,7.89965890358217
2009-08-22,7.8983433954846
2009-08-23,7.89422377932728
2009-08-24,7.88751900913797
2009-08-25,7.88823563011843
2009-08-26,7.89251125483358
2009-08-27,7.88852406324589
2009-08-28,7.89250740694089
2009-08-29,7.88022201637686
2009-08-30,7.86856795682744
2009-08-31,7.86188533815877
2009-09-01,7.84897013042125
2009-09-02,7.8385847897067
2009-09-03,7.81343972158296
2009-09-04,7.80427538048419
2009-09-05,7.81460990703601
2009-09-06,7.81722789743592
2009-09-07,7.82489664913246
2009-09-08,7.81687574511722
2009-09-09,7.81344244090223
2009-09-10,7.81076216923306
2009-09-11,7.80633148765643
2009-09-12,7.80143361810329
2009-09-13,7.79469614969365
2009-09-14,7.79060798694025
2009-09-15,7.78378364974624
2009-09-16,7.7760325765927
2009-09-17,7.76272329192426
2009-09-18,7.76780435844586
2009-09-19,7.79413115442027
2009-09-20,7.80010385640489
2009-09-21,7.79944902622003
2009-09-22,7.80411249914598
2009-09-23,7.82342317944853
2009-09-24,7.77679018073223
2009-09-25,7.74217725428028
2009-09-26,7.70875287850324
2009-09-27,7.70139358051517
2009-09-28,7.6997339519755
2009-09-29,7.69953298725826
2009-09-30,7.71040069814118
2009-10-01,7.69324465100033
2009-10-02,7.68722525517597
2009-10-03,7.69077171206499
2009-10-04,7.68822152005014
2009-10-05,7.68866850565794
2009-10-06,7.69507692005532
2009-10-07,7.69923609574776
2009-10-08,7.71032740360111
2009-10-09,7.71244773709665
2009-10-10,7.74781944941771
2009-10-11,7.75863760450234
2009-10-12,7.77027157441071
2009-10-13,7.77426946992907
2009-10-14,7.76744035925406
2009-10-15,7.77176946641023
2009-10-16,7.77893028745532
2009-10-17,7.80177452647021
2009-10-18,7.86871372812961
2009-10-19,7.63150718563101
2009-10-20,7.67032012199795
2009-10-21,7.36327446716915
2009-10-22,7.00769026579191
2009-10-23,6.90171862786016
2009-10-24,6.96639643271788
2009-10-25,7.14830921622171
2009-10-26,7.30080723968533
2009-10-27,7.36948374742306
2009-10-28,7.38199209995529
2009-10-29,7.40779134502461
2009-10-30,7.50303631996812
2009-10-31,7.51980704938729
2009-11-01,7.50409608897477
2009-11-02,7.46815956877491
2009-11-03,7.45949880282084
2009-11-04,7.45823928171411
2009-11-05,7.40855121731429
2009-11-06,7.37691454860843
2009-11-07,7.32648853310548
2009-11-08,7.30636181383991
2009-11-09,7.28205247172646
2009-11-10,7.18877101399652
2009-11-11,7.03852040229975
2009-11-12,7.05075332370462
2009-11-13,7.09976320180426
2009-11-14,7.0732883499889
2009-11-15,7.04943088026741
2009-11-16,7.04628961246195
2009-11-17,7.02223883542048
2009-11-18,7.01897624556443
2009-11-19,7.01274209477722
2009-11-20,7.02204159964166
2009-11-21,7.00176767703824
2009-11-22,6.59682414452309
2009-11-23,6.42880828983257
2009-11-24,6.46263334084942
2009-11-25,6.87302027852943
2009-11-26,6.9085121437115
2009-11-27,6.94504276949889
2009-11-28,6.87343602488037
2009-11-29,6.86716178095186
2009-11-30,6.86606369851203
2009-12-01,7.03616415267727
2009-12-02,7.10233148157904
2009-12-03,7.21984877295841
2009-12-04,7.19820624347517
2009-12-05,7.25883045499164
2009-12-06,7.31415409420416
2009-12-07,7.28272258268459
2009-12-08,7.34964660122837
2009-12-09,7.39769801959969
2009-12-10,7.41675739604561
2009-12-11,7.37665512098309
2009-12-12,7.31177734971008
2009-12-13,7.45123562136986
2009-12-14,7.41225478334543
2009-12-15,7.33374522563852
2009-12-16,7.32512326514978
2009-12-17,7.28483078599795
2009-12-18,7.28833509107585
2009-12-19,7.30873569374063
2009-12-20,7.28244009865983
2009-12-21,7.29014317473511
2009-12-22,7.24007283243233
2009-12-23,7.23245135740949
2009-12-24,7.22712776288657
2009-12-25,7.1998606404689
2009-12-26,7.19662532204197
2009-12-27,7.14663118937554
2009-12-28,7.18465175174607
2009-12-29,7.13525363420459
2009-12-30,7.18575858075869
2009-12-31,7.21017782405271
2010-01-01,7.21444090136297
2010-01-02,7.21957544344349
2010-01-03,7.20385600099476
2010-01-04,7.14645707054003
2010-01-05,7.14894150583945
2010-01-06,7.07849086095795
2010-01-07,7.08421524473728
2010-01-08,6.99135058419374
2010-01-09,6.89341201919548
2010-01-10,6.93490793954561
2010-01-11,6.89236941286313
2010-01-12,6.9150491176883
2010-01-13,6.97243036793792
2010-01-14,6.9867187184038
2010-01-15,6.93236539237623
2010-01-16,6.90637900822099
2010-01-17,6.86034166840513
2010-01-18,6.8744151570467
2010-01-19,6.80509899596667
2010-01-20,6.78827373387749
2010-01-21,6.79433038352488
2010-01-22,6.75755745895967
2010-01-23,6.62138197228715
2010-01-24,6.56123904216132
2010-01-25,6.51435591784988
2010-01-26,6.51837482550509
2010-01-27,6.52580444331068
2010-01-28,6.567782700927
2010-01-29,6.51573404332449
2010-01-30,6.51377949167537
2010-01-31,6.52518560856775
2010-02-01,6.54356658421746
2010-02-02,6.51802970889979
2010-02-03,6.50334487743628
2010-02-04,6.52612376763571
2010-02-05,6.50493413493843
2010-02-06,6.51918031715211
2010-02-07,6.53578475609892
2010-02-08,6.56089975318053
2010-02-09,6.60246504794846
2010-02-10,6.58420482130682
2010-02-11,6.55876485416384
2010-02-12,6.52295696190094
2010-02-13,6.42543682057387
2010-02-14,6.5230191171767
2010-02-15,6.49389958379421
2010-02-16,6.47650100357643
2010-02-17,6.48736555917602
2010-02-18,6.49377421016394
2010-02-19,6.44792592896434
2010-02-20,6.36490777102704
2010-02-21,6.38056024614477
2010-02-22,6.48396553460287
2010-02-23,6.45800363864869
2010-02-24,6.32676072493357
2010-02-25,6.23161350471655
2010-02-26,6.20803784307312
2010-02-27,6.17777013185853
2010-02-28,6.15628362522091
2010-03-01,6.15959046388429
2010-03-02,6.08397875370031
2010-03-03,6.0095283042964
2010-03-04,5.92646625693022
2010-03-05,5.88070054088623
2010-03-06,5.89648421513724
2010-03-07,5.8970832442564
2010-03-08,5.85745111914066
2010-03-09,5.80840274042158
2010-03-10,5.75843091903404
2010-03-11,5.72553098834376
2010-03-12,5.82203331459416
2010-03-13,5.81342510017189
2010-03-14,5.75754167017588
2010-03-15,5.87201452463637
2010-03-16,5.85111377623656
2010-03-17,5.88739064545554
2010-03-18,5.99861133907485
2010-03-19,5.96698203199702
2010-03-20,6.03606423349629
2010-03-21,6.20773326509232
2010-03-22,6.19777441242035
2010-03-23,6.22319887097642
2010-03-24,6.10418386545411
2010-03-25,6.10560974588732
2010-03-26,6.11715699995145
2010-03-27,6.13037273286925
2010-03-28,6.13964652920041
2010-03-29,6.12542594911879
2010-03-30,6.1261737495236
2010-03-31,6.12733851557099
2010-04-01,6.16505470146681
2010-04-02,6.15754778937837
2010-04-03,6.11015664050579
2010-04-04,6.14912534192135
2010-04-05,6.28191992534779
2010-04-06,6.29188384088999
2010-04-07,6.3029562639704
2010-04-08,6.26685190354633
2010-04-09,6.26372872560296
2010-04-10,6.25004740533545
2010-04-11,6.25813803565263
2010-04-12,6.26098973522343
2010-04-13,6.28224863342356
2010-04-14,6.29264165964806
2010-04-15,6.32971068792862
2010-04-16,6.40653667348429
2010-04-17,6.46164074230701
2010-04-18,6.52270315439153
2010-04-19,6.63780375653525
2010-04-20,6.68734963994412
2010-04-21,6.75581733275144
2010-04-22,6.82972569405198
2010-04-23,6.88337542793509
2010-04-24,6.945844421367
2010-04-25,7.00524093748463
2010-04-26,7.06317734326137
2010-04-27,7.14340171540885
2010-04-28,7.22097114826153
2010-04-29,7.2489404171172
2010-04-30,7.27709040363643
2010-05-01,7.29581330581463
2010-05-02,7.34665105409659
2010-05-03,7.38796225705704
2010-05-04,7.42363311899601
2010-05-05,7.46408088436142
2010-05-06,7.55617920027304
2010-05-07,7.58409108691237
2010-05-08,7.6268331617488
2010-05-09,7.6688366638951
2010-05-10,7.71505352779911
2010-05-11,7.76260990145939
2010-05-12,7.77153046211062
2010-05-13,7.77666555987783
2010-05-14,7.7993832889578
2010-05-15,7.81955635416682
2010-05-16,7.80011322999931
2010-05-17,7.81036967114777
2010-05-18,7.82424102900263
2010-05-19,7.83000261503366
2010-05-20,7.82079791129602
2010-05-21,7.8172315464733
2010-05-22,7.76920032176547
2010-05-23,7.77532629888523
2010-05-24,7.76860833166716
2010-05-25,7.81023483867575
2010-05-26,7.81544292884594
2010-05-27,7.86642832203398
2010-05-28,7.89748464781062
2010-05-29,7.91860737471059
2010-05-30,7.92275960308296
2010-05-31,7.92580980307554
2010-06-01,7.94033168959009
2010-06-02,7.94438078267163
2010-06-03,7.96159910341516
2010-06-04,7.98549959609403
2010-06-05,7.99853650443924
2010-06-06,8.00181337976411
2010-06-07,8.00730380070429
2010-06-08,8.01755941426582
2010-06-09,8.01998570866716
2010-06-10,8.04844904837624
2010-06-11,8.06827926323647
2010-06-12,8.07417842607698
2010-06-13,8.06250068137286
2010-06-14,8.07465667365433
2010-06-15,8.08395023546457
2010-06-16,8.10956408667408
2010-06-17,8.11174272358113
2010-06-18,8.10730445682717
2010-06-19,8.10406438360772
2010-06-20,8.08442962152043
2010-06-21,8.05901757685821
2010-06-22,8.04699446198818
2010-06-23,8.03740438291988
2010-06-24,8.01329110393449
2010-06-25,8.01850213827176
2010-06-26,8.00141006660154
2010-06-27,7.99136604650919
2010-06-28,7.97224072718391
2010-06-29,7.93695407618794
2010-06-30,7.94073886565679
2010-07-01,7.94093850694582
2010-07-02,7.93984701279813
2010-07-03,7.92414605540582
2010-07-04,7.92608453380446
2010-07-05,7.92812185144174
2010-07-06,7.93046802592939
2010-07-07,7.93030814698012
2010-07-08,7.93274268693467
2010-07-09,7.93734628249927
2010-07-10,7.93183054055907
2010-07-11,7.9308681466215
2010-07-12,7.92122915219725
2010-07-13,7.90344788998165
2010-07-14,7.90531016647229
2010-07-15,7.90162143966639
2010-07-16,7.89837130724263
2010-07-17,7.90110231353757
2010-07-18,7.89997469454355
2010-07-19,7.89915255380227
2010-07-20,7.90105918679544
2010-07-21,7.89573503484256
2010-07-22,7.90118225043716
2010-07-23,7.89322130923576
2010-07-24,7.89401490887347
2010-07-25,7.89417174892215
2010-07-26,7.89471770806593
2010-07-27,7.90060924200712
2010-07-28,7.89809243553094
2010-07-29,7.88779771511905
2010-07-30,7.89336254766523
2010-07-31,7.88538653595253
2010-08-01,7.88192449115288
2010-08-02,7.8816686830125
2010-08-03,7.89416492540618
2010-08-04,7.91725161901083
2010-08-05,7.91502507543809
2010-08-06,7.88767609366799
2010-08-07,7.89116750390476
2010-08-08,7.89800823133105
2010-08-09,7.90526306136654
2010-08-10,7.89692614507835
2010-08-11,7.85430379165327
2010-08-12,7.84909429073385
2010-08-13,7.83656015743812
2010-08-14,7.85313296813175
2010-08-15,7.84383519903115
2010-08-16,7.85081398199862
2010-08-17,7.86004355245568
2010-08-18,7.85053949680276
2010-08-19,7.84332700126333
2010-08-20,7.84883038945142
2010-08-21,7.8415859105209
2010-08-22,7.83645391144558
2010-08-23,7.84194271252575
2010-08-24,7.84587725089755
2010-08-25,7.83464090403887
2010-08-26,7.84294256492981
2010-08-27,7.85084243734125
2010-08-28,7.84709499547854
2010-08-29,7.84785260047365
2010-08-30,7.85031604246976
2010-08-31,7.84753842090543
2010-09-01,7.8358362710448
2010-09-02,7.84269114371981
2010-09-03,7.84521038027898
2010-09-04,7.85762033649802
2010-09-05,7.85980992975112
2010-09-06,7.85773205542506
2010-09-07,7.87891672334901
2010-09-08,7.89994052325047
2010-09-09,7.86734128008599
2010-09-10,7.82656306094364
2010-09-11,7.84599497381567
2010-09-12,7.86164352696622
2010-09-13,7.76151486971792
2010-09-14,7.81042167557121
2010-09-15,7.79287257553741
2010-09-16,7.79922215127219
2010-09-17,7.79928882748757
2010-09-18,7.84222862159939
2010-09-19,7.83724663953308
2010-09-20,7.71142191816371
2010-09-21,7.70242747912267
2010-09-22,7.70469552447238
2010-09-23,7.70474740805347
2010-09-24,7.70292326319135
2010-09-25,7.713763847868
2010-09-26,7.70819174331004
2010-09-27,7.70808592421609
2010-09-28,7.71059403448588
2010-09-29,7.72019371324916
2010-09-30,7.67975054055661
2010-10-01,7.6764016256591
2010-10-02,7.70780645429998
2010-10-03,7.71563597355772
2010-10-04,7.71295933276348
2010-10-05,7.77182263218667
2010-10-06,7.92779062926539
2010-10-07,7.79976806604705
2010-10-08,7.80625498476432
2010-10-09,7.79746501880346
2010-10-10,7.80352270028625
2010-10-11,7.8060037590394
2010-10-12,7.80020992511326
2010-10-13,7.79873505584116
2010-10-14,7.79967156741156
2010-10-15,7.8001962518318
2010-10-16,7.80938835425291
2010-10-17,7.81376433837662
2010-10-18,7.80700944072089
2010-10-19,7.81692397002221
2010-10-20,7.82383663706943
2010-10-21,7.91427341051476
2010-10-22,7.88352816286922
2010-10-23,8.08934816943825
2010-10-24,7.94794645686174
2010-10-25,8.02551108055762
2010-10-26,8.01245848776068
2010-10-27,8.02222895546132
2010-10-28,8.03768126920994
2010-10-29,8.01019415054082
2010-10-30,8.00721515882433
2010-10-31,7.87395320268753
2010-11-01,7.87794974725412
2010-11-02,7.89232004498228
2010-11-03,7.92291251170561
2010-11-04,7.90322986319158
2010-11-05,7.87948230055962
2010-11-06,7.85227261284557
2010-11-07,7.78316424752857
2010-11-08,7.77666942187029
2010-11-09,7.66347610108288
2010-11-10,7.56534391834804
2010-11-11,7.30677929720018
2010-11-12,7.33166716526354
2010-11-13,7.33196338944221
2010-11-14,7.40230256412941
2010-11-15,7.49370202737007
2010-11-16,7.81665591667145
2010-11-17,7.86656168748622
2010-11-18,7.97550627995406
2010-11-19,8.01300189309737
2010-11-20,7.88250668476489
2010-11-21,8.00077315277121
2010-11-22,7.85391977989745
2010-11-23,7.73916623755004
2010-11-24,7.75740009353122
2010-11-25,7.73945618023806
2010-11-26,7.72596033781915
2010-11-27,7.60051642439331
2010-11-28,7.59469594136801
2010-11-29,7.61053090802073
2010-11-30,7.51459300791898
2010-12-01,7.51410627686431
2010-12-02,7.57567466151048
2010-12-03,7.51059699759897
2010-12-04,7.35661907455767
2010-12-05,7.40818999547502
2010-12-06,7.52080070373599
2010-12-07,7.51941979641006
2010-12-08,7.69043860375211
2010-12-09,7.70575137758521
2010-12-10,7.70370793112474
2010-12-11,7.66872144387704
2010-12-12,7.6374211474464
2010-12-13,7.69402109740653
2010-12-14,7.67538481402103
2010-12-15,7.66124281406113
2010-12-16,7.61111225670848
2010-12-17,7.60197125686985
2010-12-18,7.6071537637781
2010-12-19,7.57068101670066
2010-12-20,7.58505889758189
2010-12-21,7.5571378718166
2010-12-22,7.4890793159432
2010-12-23,7.45104025587327
2010-12-24,7.37496758747224
2010-12-25,7.28681590313163
2010-12-26,7.31551071419987
2010-12-27,7.3265670844891
2010-12-28,7.21514599309419
2010-12-29,7.15642711533985
2010-12-30,7.08299527515748
2010-12-31,7.07625666942035
2011-01-01,7.08751088774507
2011-01-02,7.09493166432147
2011-01-03,7.09048778777409
2011-01-04,7.15443176966775
2011-01-05,7.0344330620845
2011-01-06,6.9283096828926
2011-01-07,7.00964312857373
2011-01-08,6.91803216951207
2011-01-09,6.8250267389096
2011-01-10,6.85942662267996
2011-01-11,6.80309998878
2011-01-12,6.78285841582734
2011-01-13,6.78950808380258
2011-01-14,6.75512131634188
2011-01-15,6.75795574768784
2011-01-16,6.69184360036965
2011-01-17,6.64759576557153
2011-01-18,6.60939789547502
2011-01-19,6.59641047967313
2011-01-20,6.57494832682625
2011-01-21,6.61207705729888
2011-01-22,6.59778500877517
2011-01-23,6.54984320786873
2011-01-24,6.55593062408086
2011-01-25,6.59275879384157
2011-01-26,6.57690237637063
2011-01-27,6.50884553724331
2011-01-28,6.53748512694392
2011-01-29,6.53779546807592
2011-01-30,6.53798435418288
2011-01-31,6.55244783546461
2011-02-01,6.53408572107502
2011-02-02,6.40612623005089
2011-02-03,6.48072774370835
2011-02-04,6.4894481998089
2011-02-05,6.53820442047841
2011-02-06,6.54493918549319
2011-02-07,6.51680975496103
2011-02-08,6.50143976555911
2011-02-09,6.4922858790461
2011-02-10,6.45921910575426
2011-02-11,6.51201907161085
2011-02-12,6.52886612696048
2011-02-13,6.49124176163396
2011-02-14,6.51106694245403
2011-02-15,6.50344940119133
2011-02-16,6.48457389595878
2011-02-17,6.4596729613721
2011-02-18,6.52548429366649
2011-02-19,6.50474062521295
2011-02-20,6.50668360332384
2011-02-21,6.50461395832374
2011-02-22,6.50940920988449
2011-02-23,6.4859197942938
2011-02-24,6.51462490116395
2011-02-25,6.46450813920842
2011-02-26,6.34468121457169
2011-02-27,6.29606815615446
2011-02-28,6.3134132606338
2011-03-01,6.30226241175746
2011-03-02,6.26326826641836
2011-03-03,6.23747146496012
2011-03-04,6.23447473476848
2011-03-05,6.22508475976132
2011-03-06,6.22888388101656
2011-03-07,6.18395196587868
2011-03-08,6.18016143519602
2011-03-09,6.17550762921259
2011-03-10,6.16705056339005
2011-03-11,6.10900191387314
2011-03-12,6.09285253615315
2011-03-13,6.07233719537703
2011-03-14,6.02846718079125
2011-03-15,6.02140414626283
2011-03-16,5.99931292686191
2011-03-17,5.98763372790563
2011-03-18,6.03854232300937
2011-03-19,6.04898081350219
2011-03-20,6.03315371966188
2011-03-21,6.03835835547142
2011-03-22,6.06348058544663
2011-03-23,6.04751084594827
2011-03-24,6.04180299382052
2011-03-25,6.03505800944454
2011-03-26,6.04528160038568
2011-03-27,6.06477011509844
2011-03-28,6.1020929923496
2011-03-29,6.12695216842813
2011-03-30,6.16118638243968
2011-03-31,6.20022441527201
2011-04-01,6.23341881795247
2011-04-02,6.26903005761577
2011-04-03,6.29247902030156
2011-04-04,6.32621801505569
2011-04-05,6.41281773085899
2011-04-06,6.4484183909096
2011-04-07,6.49708317351537
2011-04-08,6.59072972137748
2011-04-09,6.70056697684074
2011-04-10,6.79220652065423
2011-04-11,6.85459982465744
2011-04-12,6.90247453215422
2011-04-13,6.97536483583175
2011-04-14,7.02638991297639
2011-04-15,7.07474797107003
2011-04-16,7.14095117230314
2011-04-17,7.21627941716569
2011-04-18,7.29450275920899
2011-04-19,7.32201315089048
2011-04-20,7.36406166832036
2011-04-21,7.39972346604011
2011-04-22,7.41590688154237
2011-04-23,7.45500731152152
2011-04-24,7.53886646313083
2011-04-25,7.60075607973688
2011-04-26,7.63187589148882
2011-04-27,7.64775969153143
2011-04-28,7.73254409047429
2011-04-29,7.84881182227915
2011-04-30,7.88885031998544
2011-05-01,7.90074207126527
2011-05-02,7.91704027467132
2011-05-03,7.91684152500547
2011-05-04,7.94921238401645
2011-05-05,7.94880108661614
2011-05-06,7.91574763385279
2011-05-07,7.89873843178408
2011-05-08,7.88628076032121
2011-05-09,7.88618365578469
2011-05-10,7.90507546233133
2011-05-11,7.90782844022361
2011-05-12,7.88028783642151
2011-05-13,7.85074662030156
2011-05-14,7.84755711368934
2011-05-15,7.84620729342912
2011-05-16,7.82160761333657
2011-05-17,7.81751255507298
2011-05-18,7.80922427561587
2011-05-19,7.8053423699725
2011-05-20,7.79987117262988
2011-05-21,7.8011462431401
2011-05-22,7.80174920133954
2011-05-23,7.79959346463116
2011-05-24,7.79968688294023
2011-05-25,7.78822738267181
2011-05-26,7.78604406591288
2011-05-27,7.79775511719471
2011-05-28,7.81306426820721
2011-05-29,7.83085617636573
2011-05-30,7.84425165347151
2011-05-31,7.85524782432348
2011-06-01,7.86500755311545
2011-06-02,7.87707423029023
2011-06-03,7.88559218546916
2011-06-04,7.89218197789065
2011-06-05,7.89584279355304
2011-06-06,7.89807253190517
2011-06-07,7.89574076230954
2011-06-08,7.90035873390249
2011-06-09,7.90312615110054
2011-06-10,7.90697453213549
2011-06-11,7.91158031679997
2011-06-12,7.92298293184559
2011-06-13,7.92700269779456
2011-06-14,7.92921161320768
2011-06-15,7.93141529317313
2011-06-16,7.93880920512459
2011-06-17,7.95582965439964
2011-06-18,7.97374973205705
2011-06-19,7.95782995526618
2011-06-20,7.9493090604231
2011-06-21,7.93908655810377
2011-06-22,7.92862774477201
2011-06-23,7.92211290505545
2011-06-24,7.92339745410857
2011-06-25,7.91235181312591
2011-06-26,7.91184449920004
2011-06-27,7.91813874510696
2011-06-28,7.91143497122657
2011-06-29,7.89940187147412
2011-06-30,7.90697890488094
2011-07-01,7.91569671040607
2011-07-02,7.9123183429943
2011-07-03,7.9078084215192
2011-07-04,7.90918505454986
2011-07-05,7.90333738497952
2011-07-06,7.891844946937
2011-07-07,7.89503761654438
2011-07-08,7.86102392409028
2011-07-09,7.80385519650132
2011-07-10,7.78960460362405
2011-07-11,7.84030656325127
2011-07-12,7.84011192038676
2011-07-13,7.82743149145376
2011-07-14,7.83492188797037
2011-07-15,7.84223198734612
2011-07-16,7.83701990964558
2011-07-17,7.83895465866775
2011-07-18,7.8398003641947
2011-07-19,7.84134001358811
2011-07-20,7.83279344315903
2011-07-21,7.83150864551554
2011-07-22,7.83320734003626
2011-07-23,7.83082475716175
2011-07-24,7.83245118705658
2011-07-25,7.83729159994033
2011-07-26,7.82631796084886
2011-07-27,7.82808737878509
2011-07-28,7.82358830328759
2011-07-29,7.8432126588411
2011-07-30,7.83820427463212
2011-07-31,7.84354509927059
2011-08-01,7.83802625815944
2011-08-02,7.78779968519282
2011-08-03,7.7857774065092
2011-08-04,7.77951430275294
2011-08-05,7.7826450608839
2011-08-06,7.78107810546782
2011-08-07,7.79710958844466
2011-08-08,7.77920906962736
2011-08-09,7.78568869836939
2011-08-10,7.79230965018746
2011-08-11,7.80113548887079
2011-08-12,7.80902943104955
2011-08-13,7.81135551182996
2011-08-14,7.81325699910015
2011-08-15,7.81213289861948
2011-08-16,7.81454302593051
2011-08-17,7.82865088218815
2011-08-18,7.83188455591758
2011-08-19,7.85058573507699
2011-08-20,7.85405804568893
2011-08-21,7.83661447739141
2011-08-22,7.79297818861237
2011-08-23,7.63803694942645
2011-08-24,7.56636594544357
2011-08-25,7.53562196829106
2011-08-26,7.68817892942761
2011-08-27,7.68930784911094
2011-08-28,7.75605475452005
2011-08-29,7.83607540176252
2011-08-30,7.80602789285385
2011-08-31,7.76435592754494
2011-09-01,7.7779138092948
2011-09-02,7.78669674811026
2011-09-03,7.79468825645065
2011-09-04,7.79684598992385
2011-09-05,7.80208326269584
2011-09-06,7.79336889365111
2011-09-07,7.79190175606309
2011-09-08,7.78356039252274
2011-09-09,7.76966305906916
2011-09-10,7.76792150565308
2011-09-11,7.75299453351405
2011-09-12,7.75028634947042
2011-09-13,7.74693057699443
2011-09-14,7.73454786329095
2011-09-15,7.73218102606481
2011-09-16,7.73185300700702
2011-09-17,7.7277816381623
2011-09-18,7.7264162758388
2011-09-19,7.71931941426914
2011-09-20,7.73384856061924
2011-09-21,7.73753329035871
2011-09-22,7.73187145866561
2011-09-23,7.72242777753752
2011-09-24,7.71684968131431
2011-09-25,7.71358885375447
2011-09-26,7.71558434896347
2011-09-27,7.71700009666611
2011-09-28,7.70601493471581
2011-09-29,7.70903072114485
2011-09-30,7.71599628440997
2011-10-01,7.72290105576489
2011-10-02,7.72807693231701
2011-10-03,7.73245707407695
2011-10-04,7.72979351054006
2011-10-05,7.73831284086193
2011-10-06,7.74467149773547
2011-10-07,7.75836193848617
2011-10-08,7.76330463491215
2011-10-09,7.78738184787262
2011-10-10,7.80731922385243
2011-10-11,7.83246087751843
2011-10-12,7.85011968921105
2011-10-13,7.85287333346098
2011-10-14,7.86714105382351
2011-10-15,7.88815042769293
2011-10-16,7.86903476725805
2011-10-17,7.86790357587468
2011-10-18,7.88307037083547
2011-10-19,7.87767230750079
2011-10-20,7.88823028368903
2011-10-21,7.89562643140936
2011-10-22,7.89908888228805
2011-10-23,7.88583889831963
2011-10-24,7.86289091637694
2011-10-25,7.74551115768388
2011-10-26,7.62772105490672
2011-10-27,7.60194772814207
2011-10-28,7.59200121357174
2011-10-29,7.59054948769004
2011-10-30,7.55270134562962
2011-10-31,7.47005382799784
2011-11-01,7.63555638097505
2011-11-02,7.17212685710186
2011-11-03,7.14121414417123
2011-11-04,7.02617292262122
2011-11-05,6.89959474572131
2011-11-06,6.90500091253458
2011-11-07,6.91153151190617
2011-11-08,6.95229198468233
2011-11-09,7.03094762851013
2011-11-10,7.0069697210814
2011-11-11,7.01001924387074
2011-11-12,6.99714766070617
2011-11-13,7.01742027164826
2011-11-14,7.1060655750618
2011-11-15,7.1586608426351
2011-11-16,7.16076801706423
2011-11-17,7.2033394767167
2011-11-18,7.16542999015454
2011-11-19,7.20342722426583
2011-11-20,7.19134913368414
2011-11-21,7.28700339851578
2011-11-22,7.22901043915579
2011-11-23,7.22866854957587
2011-11-24,7.25007795888368
2011-11-25,7.19437082024746
2011-11-26,7.23509513833879
2011-11-27,7.2432893275293
2011-11-28,7.24458663356087
2011-11-29,7.22105391915721
2011-11-30,7.131441930762
2011-12-01,7.14426759523779
2011-12-02,7.14188182271017
2011-12-03,7.10640587498315
2011-12-04,7.09098607044558
2011-12-05,7.03462840274696
2011-12-06,7.04053449831227
2011-12-07,7.01500802732239
2011-12-08,7.08903765158859
2011-12-09,7.09242613677841
2011-12-10,7.05542817175152
2011-12-11,7.07654085316326
2011-12-12,7.10675129070032
2011-12-13,7.11640705998116
2011-12-14,7.13370060316536
2011-12-15,7.24364704287446
2011-12-16,7.33575004407351
2011-12-17,7.30082686959286
2011-12-18,7.3431732490962
2011-12-19,7.30977452841457
2011-12-20,7.40923692993414
2011-12-21,7.47935229731551
2011-12-22,7.36931882922912
2011-12-23,7.36858133523609
2011-12-24,7.30888953261451
2011-12-25,7.33276168285496
2011-12-26,7.38303478173722
2011-12-27,7.27850948903571
2011-12-28,7.12968932444572
2011-12-29,7.14160027836785
2011-12-30,7.09674189295606
2011-12-31,7.02859528691105
2012-01-01,7.02209542716068
2012-01-02,7.01050627431763
2012-01-03,6.92348561702721
2012-01-04,6.91150089249679
2012-01-05,6.93197911215314
2012-01-06,6.89649551904057
2012-01-07,6.9326417765028
2012-01-08,6.90869134476062
2012-01-09,6.89323323960671
2012-01-10,6.83975531342299
2012-01-11,6.86737328811584
2012-01-12,6.7471690026868
2012-01-13,6.70914830867882
2012-01-14,6.65747493517614
2012-01-15,6.6308889014562
2012-01-16,6.65011525470531
2012-01-17,6.70320291114675
2012-01-18,6.7052319065764
2012-01-19,6.62626004794637
2012-01-20,6.6321365193149
2012-01-21,6.56984809487122
2012-01-22,6.59229988720995
2012-01-23,6.61206435266636
2012-01-24,6.61195496443658
2012-01-25,6.59359424831187
2012-01-26,6.57684261883429
2012-01-27,6.52190993493766
2012-01-28,6.44428068725075
2012-01-29,6.3367919116838
2012-01-30,6.30180987136514
2012-01-31,6.33591779818659
2012-02-01,6.31312318679354
2012-02-02,6.2954766372995
2012-02-03,6.29850894215584
2012-02-04,6.30145572377737
2012-02-05,6.31002217971033
2012-02-06,6.34536008997153
2012-02-07,6.36440844703689
2012-02-08,6.36402468544582
2012-02-09,6.35780858938146
2012-02-10,6.34535153042902
2012-02-11,6.31480423731049
2012-02-12,6.30879650253811
2012-02-13,6.34673651066235
2012-02-14,6.32980103385548
2012-02-15,6.33721846977676
2012-02-16,6.32350363744008
2012-02-17,6.31210189445146
2012-02-18,6.32789826577563
2012-02-19,6.33537118253602
2012-02-20,6.32933814985906
2012-02-21,6.32192462568214
2012-02-22,6.32121987277797
2012-02-23,6.36958118463481
2012-02-24,6.40331955760284
2012-02-25,6.43253240003265
2012-02-26,6.4469054562667
2012-02-27,6.44620290960235
2012-02-28,6.42140341238989
2012-02-29,6.41412771043536
2012-03-01,6.41098552439449
2012-03-02,6.36938579158936
2012-03-03,6.33042541245874
2012-03-04,6.32045850442656
2012-03-05,6.27526041904681
2012-03-06,6.26641508077806
2012-03-07,6.25210551582066
2012-03-08,6.23564057751977
2012-03-09,6.22416593563616
2012-03-10,6.2202199715832
2012-03-11,6.22735240601658
2012-03-12,6.23132885413011
2012-03-13,6.19894097940346
2012-03-14,6.19198618113549
2012-03-15,6.19443527831491
2012-03-16,6.11965848574748
2012-03-17,6.12415406093603
2012-03-18,6.08704973879141
2012-03-19,6.12697388628091
2012-03-20,6.18626190233109
2012-03-21,6.24391235278155
2012-03-22,6.19724233163707
2012-03-23,6.22273225507615
2012-03-24,6.12513558487933
2012-03-25,6.15656506244634
2012-03-26,6.19771983066585
2012-03-27,6.215949738244
2012-03-28,6.23844784608612
2012-03-29,6.26542339876253
2012-03-30,6.29083286982376
2012-03-31,6.33647025091905
2012-04-01,6.37913591292549
2012-04-02,6.42247603763141
2012-04-03,6.46518029281593
2012-04-04,6.50424731541846
2012-04-05,6.52652204586314
2012-04-06,6.60246161760028
2012-04-07,6.66487120228765
2012-04-08,6.67417189788456
2012-04-09,6.74698075948668
2012-04-10,6.9897176211858
2012-04-11,7.12850004673843
2012-04-12,7.18873286437988
2012-04-13,7.27931014002089
2012-04-14,7.30012281554309
2012-04-15,7.32782223825913
2012-04-16,7.34664766709058
2012-04-17,7.39250500169738
2012-04-18,7.45636193728305
2012-04-19,7.44687430941105
2012-04-20,7.45757823642723
2012-04-21,7.46979524068247
2012-04-22,7.48371291893441
2012-04-23,7.50563677598304
2012-04-24,7.51356703910463
2012-04-25,7.51712379143908
2012-04-26,7.52915663311184
2012-04-27,7.52514123990336
2012-04-28,7.63286508271531
2012-04-29,7.64416354678316
2012-04-30,7.6580241638734
2012-05-01,7.67365596951447
2012-05-02,7.71530099755092
2012-05-03,7.69814379270322
2012-05-04,7.72765602911698
2012-05-05,7.76822885057103
2012-05-06,7.7825580710173
2012-05-07,7.77904028594702
2012-05-08,7.78083869084609
2012-05-09,7.78178956466813
2012-05-10,7.77800009163139
2012-05-11,7.77808258094683
2012-05-12,7.78274010188018
2012-05-13,7.79298609743752
2012-05-14,7.79281422039048
2012-05-15,7.80248876783919
2012-05-16,7.78746776713622
2012-05-17,7.78457010728276
2012-05-18,7.77284638521389
2012-05-19,7.76875584252884
2012-05-20,7.75188565244191
2012-05-21,7.75280492966246
2012-05-22,7.75875195962977
2012-05-23,7.77413694304855
2012-05-24,7.79501399905536
2012-05-25,7.78259816574003
2012-05-26,7.76213144981912
2012-05-27,7.75820137504518
2012-05-28,7.74815338799493
2012-05-29,7.74140881200362
2012-05-30,7.72219731775545
2012-05-31,7.70858145951853
2012-06-01,7.71511545414634
2012-06-02,7.71189281910971
2012-06-03,7.71713599289236
2012-06-04,7.72153414229615
2012-06-05,7.72177962311492
2012-06-06,7.72176424076552
2012-06-07,7.73070220563119
2012-06-08,7.7434730068042
2012-06-09,7.74920077926409
2012-06-10,7.76016530765628
2012-06-11,7.77096410460211
2012-06-12,7.78589188004206
2012-06-13,7.79018694373935
2012-06-14,7.80671846373341
2012-06-15,7.82188418308068
2012-06-16,7.82527492694785
2012-06-17,7.8287944673934
2012-06-18,7.84122055972104
2012-06-19,7.86229993414848
2012-06-20,7.85907671986287
2012-06-21,7.86059415952726
2012-06-22,7.87363021871634
2012-06-23,7.87848610484762
2012-06-24,7.88035935842932
2012-06-25,7.88109557989691
2012-06-26,7.88538062102269
2012-06-27,7.88785173635006
2012-06-28,7.88961418955585
2012-06-29,7.87606476435109
2012-06-30,7.86692669581446
2012-07-01,7.86324373362322
2012-07-02,7.86139096217489
2012-07-03,7.85181676466972
2012-07-04,7.85074549215622
2012-07-05,7.87765832961676
2012-07-06,7.84206244677291
2012-07-07,7.8043317326249
2012-07-08,7.83669803860574
2012-07-09,7.86490271695004
2012-07-10,7.88728317591575
2012-07-11,7.89762331394014
2012-07-12,7.90831966459764
2012-07-13,7.90894275912192
2012-07-14,7.89944848861395
2012-07-15,7.90865658718935
2012-07-16,7.90339504955194
2012-07-17,7.87542142286225
2012-07-18,7.86294076167601
2012-07-19,7.85624785703372
2012-07-20,7.85515863890716
2012-07-21,7.8357943918512
2012-07-22,7.81563271161854
2012-07-23,7.81409513984695
2012-07-24,7.81008612070379
2012-07-25,7.80520697708981
2012-07-26,7.80497666568364
2012-07-27,7.8059726784992
2012-07-28,7.79383314841443
2012-07-29,7.78876198653461
2012-07-30,7.79656851873258
2012-07-31,7.81812176292803
2012-08-01,7.85429156265159
2012-08-02,7.83988957239796
2012-08-03,7.77433916666566
2012-08-04,7.77329769580511
2012-08-05,7.77011934385047
2012-08-06,7.78218594133263
2012-08-07,7.79228677533117
2012-08-08,7.79647571305659
2012-08-09,7.80137188786304
2012-08-10,7.80619179248234
2012-08-11,7.80461967122245
2012-08-12,7.8021416093731
2012-08-13,7.7867229127187
2012-08-14,7.78894016255799
2012-08-15,7.79116365511013
2012-08-16,7.78063282529249
2012-08-17,7.77969015448037
2012-08-18,7.78147298680753
2012-08-19,7.76386938405023
2012-08-20,7.76694669217237
2012-08-21,7.76461694685346
2012-08-22,7.73695763287255
2012-08-23,7.71150327762398
2012-08-24,7.72056103303027
2012-08-25,7.72319034592169
2012-08-26,7.71322565417269
2012-08-27,7.71932739987075
2012-08-28,7.73364035967149
2012-08-29,7.73812379675184
2012-08-30,7.74041498869651
2012-08-31,7.74602133255223
2012-09-01,7.73633624434632
2012-09-02,7.73409143018512
2012-09-03,7.72811145605479
2012-09-04,7.74151930647175
2012-09-05,7.73587645843008
2012-09-06,7.73629150100176
2012-09-07,7.73586114922476
2012-09-08,7.74171674432439
2012-09-09,7.74173010964077
2012-09-10,7.73845358027215
2012-09-11,7.74195874616971
2012-09-12,7.74452467317751
2012-09-13,7.74027968157078
2012-09-14,7.73646918567337
2012-09-15,7.72890872144687
2012-09-16,7.720130784256
2012-09-17,7.7087439689754
2012-09-18,7.71162729590437
2012-09-19,7.70271231156612
2012-09-20,7.65626307998032
2012-09-21,7.6377790906329
2012-09-22,7.62594417826961
2012-09-23,7.71660009819202
2012-09-24,7.72258880098109
2012-09-25,7.71572215145004
2012-09-26,7.67964252019199
2012-09-27,7.70301744036622
2012-09-28,7.70785525353095
2012-09-29,7.71063053085104
2012-09-30,7.71597309979618
2012-10-01,7.70370031225003
2012-10-02,7.69748513719067
2012-10-03,7.71675109188585
2012-10-04,7.7652575293847
2012-10-05,7.76275479895674
2012-10-06,7.79950442993843
2012-10-07,7.80614624117112
2012-10-08,7.81623355014927
2012-10-09,7.82545205624203
2012-10-10,8.01074547618828
2012-10-11,7.9432263800288
2012-10-12,7.99152950903091
2012-10-13,8.06147657877877
2012-10-14,8.11149360871556
2012-10-15,8.12441678803528
2012-10-16,8.11776165210478
2012-10-17,8.19266368460723
2012-10-18,8.23527330782222
2012-10-19,8.22269711710115
2012-10-20,8.11068722850038
2012-10-21,8.09614121881652
2012-10-22,8.15413512382232
2012-10-23,8.02489560371113
2012-10-24,7.8611485394291
2012-10-25,7.87188364830432
2012-10-26,7.82670364624323
2012-10-27,7.94912863175171
2012-10-28,7.95994604443158
2012-10-29,8.00050723881197
2012-10-30,7.97810047973767
2012-10-31,7.86563397284306
2012-11-01,7.78194471184946
2012-11-02,7.75928886736307
2012-11-03,7.69847142790554
2012-11-04,7.70205477724469
2012-11-05,7.62941951176621
2012-11-06,7.60732974608739
2012-11-07,7.52459317168448
2012-11-08,7.24012196511753
2012-11-09,7.14532753411383
2012-11-10,7.01014819974074
2012-11-11,6.79270155203131
2012-11-12,6.67618430155993
2012-11-13,6.83735669488424
2012-11-14,6.84155951833051
2012-11-15,6.86189096559901
2012-11-16,6.81994652082754
2012-11-17,6.69695867789308
2012-11-18,6.62398146912548
2012-11-19,6.81778766321897
2012-11-20,6.91822215570355
2012-11-21,7.16295064630122
2012-11-22,7.10314666289452
2012-11-23,7.08218434623405
2012-11-24,7.16875293911858
2012-11-25,7.18164130109879
2012-11-26,7.16793286353392
2012-11-27,7.19754631090643
2012-11-28,7.29601267371515
2012-11-29,7.22130288627533
2012-11-30,7.21718158294683
2012-12-01,7.21768565261362
2012-12-02,7.18795675096392
2012-12-03,7.12581995155643
2012-12-04,7.14933800397679
2012-12-05,7.13822137679281
2012-12-06,7.07964951253658
2012-12-07,6.94606844417465
2012-12-08,6.96007235852971
2012-12-09,6.94823123215891
2012-12-10,6.934889684962
2012-12-11,6.8974416142674
2012-12-12,6.86777359572502
2012-12-13,6.88735470231882
2012-12-14,6.86146394042318
2012-12-15,6.87004281827996
2012-12-16,6.80676853964289
2012-12-17,6.79924462581953
2012-12-18,6.80119305436844
2012-12-19,6.7653569815472
2012-12-20,6.70345056468832
2012-12-21,6.66628625193893
2012-12-22,6.62155436132239
2012-12-23,6.78856309530147
2012-12-24,6.83766626543932
2012-12-25,6.81644553645427
2012-12-26,6.8492754427424
2012-12-27,6.86235751290448
2012-12-28,6.80877793882681
2012-12-29,6.75059940478813
2012-12-30,6.71229071036229
2012-12-31,6.59555666778712
2013-01-01,6.63287300020826
2013-01-02,6.77189199484078
2013-01-03,6.69171087426016
2013-01-04,6.73357973456165
2013-01-05,6.71239443426472
2013-01-06,6.75639687110442
2013-01-07,6.75507805163965
2013-01-08,6.69656587836992
2013-01-09,6.66934792200724
2013-01-10,6.64718434614439
2013-01-11,6.63193916200116
2013-01-12,6.65769613309214
2013-01-13,6.63673917480537
2013-01-14,6.60972835272799
2013-01-15,6.428033516281
2013-01-16,6.47634179683853
2013-01-17,6.62634135289033
2013-01-18,6.51872769403046
2013-01-19,6.53307801871544
2013-01-20,6.32738020370159
2013-01-21,6.5046287381392
2013-01-22,6.65069671644827
2013-01-23,6.66532777125966
2013-01-24,6.69348452242494
2013-01-25,6.72281099521998
2013-01-26,6.72325973069329
2013-01-27,6.6996986329444
2013-01-28,6.52606818510506
2013-01-29,6.42772995921927
2013-01-30,6.38338108280359
2013-01-31,6.36499695555667
2013-02-01,6.33525548237752
2013-02-02,7.49379174025162
2013-02-03,7.48526618790607
2013-02-04,7.50124507965319
2013-02-05,7.49655388591954
2013-02-06,7.46799553339582
2013-02-07,7.44305826558855
2013-02-08,7.44053392858187
2013-02-09,7.42946154743188
2013-02-10,7.40902404852259
2013-02-11,7.41220939573262
2013-02-12,7.4184568970939
2013-02-13,7.41968370743317
2013-02-14,7.42018600143667
2013-02-15,7.41244660308366
2013-02-16,7.40173245012617
2013-02-17,7.38356537819995
2013-02-18,7.37228131820718
2013-02-19,7.35421196002956
2013-02-20,7.3614962466187
2013-02-21,7.33195923046594
2013-02-22,7.34963143112163
2013-02-23,7.37897299261882
2013-02-24,7.37463569997699
2013-02-25,7.37925671443307
2013-02-26,7.40650997953989
2013-02-27,7.39449589936388
2013-02-28,7.37581305661324
2013-03-01,7.39167408428935
2013-03-02,7.38668926221139
2013-03-03,7.37476894432711
2013-03-04,7.37787066433558
2013-03-05,7.37111554985086
2013-03-06,7.36449861267125
2013-03-07,7.35975251979991
2013-03-08,7.35990857402239
2013-03-09,7.33866160405578
2013-03-10,7.33253213862743
2013-03-11,7.32636802059222
2013-03-12,7.33054489250769
2013-03-13,7.35640367293489
2013-03-14,7.35381160206895
2013-03-15,7.35655478462367
2013-03-16,7.37626332922507
2013-03-17,7.37243611829582
2013-03-18,7.37576990326897
2013-03-19,7.3719039258345
2013-03-20,7.34824343430369
2013-03-21,7.3555147787854
2013-03-22,7.37690150056705
2013-03-23,7.39714143228355
2013-03-24,7.39700989746378
2013-03-25,7.4164697460234
2013-03-26,7.43254834414017
2013-03-27,7.4532022363997
2013-03-28,7.46391781305394
2013-03-29,7.4595031370002
2013-03-30,7.45873976118651
2013-03-31,7.46213422448402
2013-04-01,7.42732598837283
2013-04-02,7.44963512196865
2013-04-03,7.43357994694525
2013-04-04,7.43292209228859
2013-04-05,7.4558211272388
2013-04-06,7.46586739581548
2013-04-07,7.51301610098115
2013-04-08,7.54996326605055
2013-04-09,7.59325197730042
2013-04-10,7.6759523010022
2013-04-11,7.71782359399932
2013-04-12,7.78488639524113
2013-04-13,7.807013735549
2013-04-14,7.81388111406101
2013-04-15,7.8316117249625
2013-04-16,7.83339983102959
2013-04-17,7.85390631808303
2013-04-18,7.88119351177642
2013-04-19,7.91169282262976
2013-04-20,7.94442212619515
2013-04-21,7.97053788301236
2013-04-22,8.0022330891512
2013-04-23,8.02304995096323
2013-04-24,8.07318131873031
2013-04-25,8.10404147952611
2013-04-26,8.12879687131339
2013-04-27,8.15209179647919
2013-04-28,8.18047152430134
2013-04-29,8.21544825338349
2013-04-30,8.21102386031541
2013-05-01,8.22015288614662
2013-05-02,8.22339277472444
2013-05-03,8.2387922150529
2013-05-04,8.23942246746311
2013-05-05,8.21658266922966
2013-05-06,8.18078168774275
2013-05-07,8.20378043168407
2013-05-08,8.20487226917723
2013-05-09,8.22920207894005
2013-05-10,8.24262126908528
2013-05-11,8.24342878415851
2013-05-12,8.21775394409858
2013-05-13,8.2247813990497
2013-05-14,8.21864618252797
2013-05-15,8.20501896789054
2013-05-16,8.22004094977081
2013-05-17,8.19967410612505
2013-05-18,8.22304149506661
2013-05-19,8.35523665844341
2013-05-20,8.39296603663343
2013-05-21,8.39145054125988
2013-05-22,8.38285172240663
2013-05-23,8.39959930287217
2013-05-24,8.40446454273482
2013-05-25,8.40862904992314
2013-05-26,8.41046032500566
2013-05-27,8.42956340104216
2013-05-28,8.43107349931281
2013-05-29,8.43765238658215
2013-05-30,8.45454308574657
2013-05-31,8.47093371894355
2013-06-01,8.4729116625548
2013-06-02,8.47847881182901
2013-06-03,8.50556277269168
2013-06-04,8.5130237522839
2013-06-05,8.55677511334419
2013-06-06,8.6433533988683
2013-06-07,8.67266063069464
2013-06-08,8.67787274509906
2013-06-09,8.68123694356228
2013-06-10,8.6812350830783
2013-06-11,8.68742542187149
2013-06-12,8.70468719830071
2013-06-13,8.71053595886269
2013-06-14,8.72204195921624
2013-06-15,8.74059994179492
2013-06-16,8.75554797180126
2013-06-17,8.76203567307504
2013-06-18,8.7594208495164
2013-06-19,8.76193824056285
2013-06-20,8.76702689286684
2013-06-21,8.76539847968578
2013-06-22,8.74861251959544
2013-06-23,8.75348486049803
2013-06-24,8.75645063592817
2013-06-25,8.75796883655971
2013-06-26,8.7553630623713
2013-06-27,8.75634135470186
2013-06-28,8.75810984217126
2013-06-29,8.75472742255016
2013-06-30,8.74250904608776
2013-07-01,8.74030963337035
2013-07-02,8.73197131006945
2013-07-03,8.72329417942707
2013-07-04,8.71387495085472
2013-07-05,8.71862997224942
2013-07-06,8.74058453905652
2013-07-07,8.74505085818766
2013-07-08,8.74777236288423
2013-07-09,8.74932562037943
2013-07-10,8.74712795360478
2013-07-11,8.75060533958973
2013-07-12,8.75536235590876
2013-07-13,8.75170696945473
2013-07-14,8.75134491675254
2013-07-15,8.75277128349103
2013-07-16,8.75129821415811
2013-07-17,8.75218177274886
2013-07-18,8.75829115909318
2013-07-19,8.75326610531006
2013-07-20,8.76142765791165
2013-07-21,8.76063085332379
2013-07-22,8.76506203510083
2013-07-23,8.77572321815535
2013-07-24,8.77605079199135
2013-07-25,8.77212143748182
2013-07-26,8.774300330515
2013-07-27,8.77613833471225
2013-07-28,8.77080692951078
2013-07-29,8.7706643060791
2013-07-30,8.77163253437566
2013-07-31,8.74824144299885
2013-08-01,8.75695591310677
2013-08-02,8.74913201516577
2013-08-03,8.75336346578162
2013-08-04,8.76776127747666
2013-08-05,8.75068428304435
2013-08-06,8.69252062375705
2013-08-07,8.63133151838876
2013-08-08,8.64706454989058
2013-08-09,8.66498484549839
2013-08-10,8.73248968661197
2013-08-11,8.73926251838999
2013-08-12,8.73645231653525
2013-08-13,8.72940450979442
2013-08-14,8.72558421333684
2013-08-15,8.72896517627377
2013-08-16,8.73196167920199
2013-08-17,8.73947428133897
2013-08-18,8.73891779595575
2013-08-19,8.73967105200373
2013-08-20,8.7443183148814
2013-08-21,8.74200235068868
2013-08-22,8.74055542936574
2013-08-23,8.7393181340353
2013-08-24,8.72728894389368
2013-08-25,8.72969778850007
2013-08-26,8.7222845045193
2013-08-27,8.71029940365482
2013-08-28,8.70614754518418
2013-08-29,8.71177062077402
2013-08-30,8.71282490353304
2013-08-31,8.70791411741607
2013-09-01,8.69389095474307
2013-09-02,8.67819648362573
2013-09-03,8.66276800617617
2013-09-04,8.66559149837078
2013-09-05,8.66509447362647
2013-09-06,8.65878852998479
2013-09-07,8.65598641332714
2013-09-08,8.65487529377805
2013-09-09,8.65778497135428
2013-09-10,8.65485197437556
2013-09-11,8.65052856783066
2013-09-12,8.65203682753745
2013-09-13,NA
2013-09-14,NA
2013-09-15,NA
2013-09-16,NA
2013-09-17,NA
2013-09-18,NA
2013-09-19,NA
2013-09-20,NA
2013-09-21,NA
2013-09-22,NA
2013-09-23,NA
2013-09-24,NA
2013-09-25,NA
2013-09-26,NA
2013-09-27,NA
2013-09-28,NA
2013-09-29,NA
2013-09-30,NA
2013-10-01,NA
2013-10-02,NA
2013-10-03,NA
2013-10-04,NA
2013-10-05,NA
2013-10-06,NA
2013-10-07,NA
2013-10-08,NA
2013-10-09,NA
2013-10-10,NA
2013-10-11,NA
2013-10-12,NA
2013-10-13,NA
2013-10-14,NA
2013-10-15,NA
2013-10-16,NA
2013-10-17,NA
2013-10-18,NA
2013-10-19,NA
2013-10-20,NA
2013-10-21,NA
2013-10-22,NA
2013-10-23,NA
2013-10-24,NA
2013-10-25,NA
2013-10-26,NA
2013-10-27,NA
2013-10-28,NA
2013-10-29,NA
2013-10-30,NA
2013-10-31,NA
2013-11-01,NA
2013-11-02,NA
2013-11-03,NA
2013-11-04,NA
2013-11-05,NA
2013-11-06,NA
2013-11-07,NA
2013-11-08,NA
2013-11-09,NA
2013-11-10,NA
2013-11-11,NA
2013-11-12,NA
2013-11-13,NA
2013-11-14,NA
2013-11-15,NA
2013-11-16,NA
2013-11-17,NA
2013-11-18,NA
2013-11-19,NA
2013-11-20,NA
2013-11-21,NA
2013-11-22,NA
2013-11-23,NA
2013-11-24,NA
2013-11-25,NA
2013-11-26,NA
2013-11-27,NA
2013-11-28,NA
2013-11-29,NA
2013-11-30,NA
2013-12-01,NA
2013-12-02,NA
2013-12-03,NA
2013-12-04,NA
2013-12-05,NA
2013-12-06,NA
2013-12-07,NA
2013-12-08,NA
2013-12-09,NA
2013-12-10,NA
2013-12-11,NA
2013-12-12,NA
2013-12-13,NA
2013-12-14,NA
2013-12-15,NA
2013-12-16,NA
2013-12-17,NA
2013-12-18,NA
2013-12-19,NA
2013-12-20,NA
2013-12-21,NA
2013-12-22,NA
2013-12-23,NA
2013-12-24,NA
2013-12-25,NA
2013-12-26,NA
2013-12-27,NA
2013-12-28,NA
2013-12-29,NA
2013-12-30,NA
2013-12-31,NA
2014-01-01,7.73445907804187
2014-01-02,7.8215899700461
2014-01-03,7.74089445380689
2014-01-04,7.75130026863111
2014-01-05,7.63831131938005
2014-01-06,7.57085448165791
2014-01-07,7.43257246593501
2014-01-08,7.22297901520808
2014-01-09,7.08653824274063
2014-01-10,6.92282978793511
2014-01-11,6.88942009639018
2014-01-12,6.76003203148986
2014-01-13,6.71181721196302
2014-01-14,6.75086916928234
2014-01-15,6.75153152797175
2014-01-16,6.91138419230163
2014-01-17,6.81700720267875
2014-01-18,6.84370297135659
2014-01-19,6.92211051875731
2014-01-20,6.8631627349678
2014-01-21,6.73554064185385
2014-01-22,6.67074623419309
2014-01-23,6.76994441807221
2014-01-24,6.77475028643629
2014-01-25,7.45259297762697
2014-01-26,6.70962106147009
2014-01-27,6.65293931503572
2014-01-28,6.76305271731143
2014-01-29,6.73341234747105
2014-01-30,6.73325026720316
2014-01-31,6.66159116597169
2014-02-01,6.59286550600191
2014-02-02,6.55386877010477
2014-02-03,6.49710236776237
2014-02-04,6.39720684560015
2014-02-05,6.37070866266719
2014-02-06,6.4239310059146
2014-02-07,6.4458260215592
2014-02-08,6.49016983069029
2014-02-09,6.50864600462506
2014-02-10,6.5184607535742
2014-02-11,6.51565889542936
2014-02-12,6.45038353954941
2014-02-13,6.43835840902863
2014-02-14,6.4387504242343
2014-02-15,6.37244965859493
2014-02-16,6.3865793979195
2014-02-17,6.33926899406215
2014-02-18,6.36904065442214
2014-02-19,6.34196786883978
2014-02-20,6.37085493629056
2014-02-21,6.38862586369357
2014-02-22,6.25150940894408
2014-02-23,6.14984300319021
2014-02-24,6.07191739011353
2014-02-25,6.0275733996011
2014-02-26,6.04794754761986
2014-02-27,6.04858326669631
2014-02-28,6.07474917998995
2014-03-01,6.10135840637674
2014-03-02,6.1581792058373
2014-03-03,6.15660573053302
2014-03-04,6.11038278113005
2014-03-05,6.11299316692844
2014-03-06,6.07089222030546
2014-03-07,6.02529751470328
2014-03-08,6.07621103929803
2014-03-09,6.16435975971995
2014-03-10,6.31666661580571
2014-03-11,6.18755907273547
2014-03-12,6.19867531548734
2014-03-13,6.18822794063357
2014-03-14,6.24088834017201
2014-03-15,6.22423602542071
2014-03-16,6.22896420064972
2014-03-17,6.23824649307225
2014-03-18,6.29054179520596
2014-03-19,6.3087823383972
2014-03-20,6.33525035847237
2014-03-21,6.35809310100122
2014-03-22,6.37176271880382
2014-03-23,6.39118306007525
2014-03-24,6.40093391830321
2014-03-25,6.52878826330877
2014-03-26,6.47958136644201
2014-03-27,6.51255490827942
2014-03-28,6.64754243103017
2014-03-29,6.71326672915479
2014-03-30,6.80170619118601
2014-03-31,6.81029800567777
2014-04-01,6.83115472899791
2014-04-02,6.83473726447824
2014-04-03,6.85190311620978
2014-04-04,6.87522421237186
2014-04-05,6.90118715789205
2014-04-06,6.9681225831015
2014-04-07,7.00597756858578
2014-04-08,7.05022047221153
2014-04-09,7.0822348709563
2014-04-10,7.13583526135445
2014-04-11,7.18455941771687
2014-04-12,7.22860523483088
2014-04-13,7.28408753462474
2014-04-14,7.31985834016113
2014-04-15,7.36310092876068
2014-04-16,7.49670475977941
2014-04-17,7.56598581823316
2014-04-18,7.58306430295696
2014-04-19,7.58531659136609
2014-04-20,7.59841241115438
2014-04-21,7.61948431091368
2014-04-22,7.67733573935142
2014-04-23,7.73068603514976
2014-04-24,7.79352777709899
2014-04-25,7.75952231742295
2014-04-26,7.72672345948886
2014-04-27,7.74526067951772
2014-04-28,7.73835574172113
2014-04-29,7.75693136654415
2014-04-30,7.7777132661002
2014-05-01,7.79049857704157
2014-05-02,7.81302474641082
2014-05-03,7.80963079853795
2014-05-04,7.81205204225556
2014-05-05,7.81274503907234
2014-05-06,7.81496221315808
2014-05-07,7.81021657529329
2014-05-08,7.80768252625983
2014-05-09,7.80403029696673
2014-05-10,7.80879884186096
2014-05-11,7.80846061763082
2014-05-12,7.82017005145823
2014-05-13,7.82646210177246
2014-05-14,7.83067055692521
2014-05-15,7.82823485903541
2014-05-16,7.81882250207081
2014-05-17,7.83068504027924
2014-05-18,7.8228734889454
2014-05-19,7.82713066455373
2014-05-20,7.82960768949147
2014-05-21,7.83023752146639
2014-05-22,7.82274713886109
2014-05-23,7.82277479107865
2014-05-24,7.88967563146034
2014-05-25,7.90766050882045
2014-05-26,7.9165361112
2014-05-27,7.87208366424719
2014-05-28,7.84703121606476
2014-05-29,7.80078674884851
2014-05-30,7.76150564498874
2014-05-31,7.8135693995957
2014-06-01,7.78876310020627
2014-06-02,7.7392677933902
2014-06-03,7.79629082278032
2014-06-04,7.71589006401297
2014-06-05,7.7650953007662
2014-06-06,7.8119236844985
2014-06-07,7.83438287695505
2014-06-08,7.84478468530123
2014-06-09,7.86167607353503
2014-06-10,7.86651093611072
2014-06-11,7.87692599343134
2014-06-12,7.89418320984744
2014-06-13,7.90130805047862
2014-06-14,7.91020913815612
2014-06-15,7.92747859258353
2014-06-16,7.94143544704979
2014-06-17,7.94940910167464
2014-06-18,7.95407040109759
2014-06-19,7.96394160882168
2014-06-20,7.96970348113927
2014-06-21,7.97741746005811
2014-06-22,7.98651588231262
2014-06-23,7.99456506860715
2014-06-24,7.98903476503738
2014-06-25,7.97718144078976
2014-06-26,7.96001753239841
2014-06-27,7.95178233705732
2014-06-28,7.94816712381289
2014-06-29,7.94464909611055
2014-06-30,7.94620245497846
2014-07-01,7.94208080391299
2014-07-02,7.93502166156142
2014-07-03,7.92812271519414
2014-07-04,7.92753059609716
2014-07-05,7.92306877952758
2014-07-06,7.932086779125
2014-07-07,7.9309435409372
2014-07-08,7.92820261095461
2014-07-09,7.92416077741451
2014-07-10,7.92481729978078
2014-07-11,7.92199976385501
2014-07-12,7.91433399450624
2014-07-13,7.90785177357166
2014-07-14,7.90440557243868
2014-07-15,7.89765428215851
2014-07-16,7.89241248556575
2014-07-17,7.89183036668017
2014-07-18,7.88738822518103
2014-07-19,7.88560665986041
2014-07-20,7.88218512460667
2014-07-21,7.88376167796185
2014-07-22,7.86178284459104
2014-07-23,7.85634426002016
2014-07-24,7.84671570473515
2014-07-25,7.83796162836767
2014-07-26,7.86170628222022
2014-07-27,7.8667811952574
2014-07-28,7.8670010161014
2014-07-29,7.88186526252568
2014-07-30,7.8926860117799
2014-07-31,7.91243656091112
2014-08-01,7.92722047924479
2014-08-02,7.92096682764118
2014-08-03,7.91937151870395
2014-08-04,7.92027692444832
2014-08-05,7.91648246393797
2014-08-06,7.90629633003018
2014-08-07,7.91092673328189
2014-08-08,7.92081024040038
2014-08-09,7.92348021474207
2014-08-10,7.92259872134647
2014-08-11,7.91771245361224
2014-08-12,7.91549025892635
2014-08-13,7.91747794370362
2014-08-14,7.90566019785427
2014-08-15,7.90296883815564
2014-08-16,7.89810149378053
2014-08-17,7.89252492796915
2014-08-18,7.8834129978746
2014-08-19,7.88265676692714
2014-08-20,7.90337178392325
2014-08-21,7.88511994874148
2014-08-22,7.89134217617285
2014-08-23,7.88514241447704
2014-08-24,7.86956525683592
2014-08-25,7.8428598747819
2014-08-26,7.84630974432903
2014-08-27,7.85545043940234
2014-08-28,7.86162899794545
2014-08-29,7.85560789750231
2014-08-30,7.85416186439233
2014-08-31,7.85821347025307
2014-09-01,7.83490763636164
2014-09-02,7.83447355435049
2014-09-03,7.83825440226049
2014-09-04,7.83502391064675
2014-09-05,7.83061811964606
2014-09-06,7.83858166353131
2014-09-07,7.81487888676065
2014-09-08,7.80725364462761
2014-09-09,7.7913692997191
2014-09-10,7.81995275814035
2014-09-11,7.8099519208315
2014-09-12,7.79889308474543
2014-09-13,7.8023334822606
2014-09-14,7.74122079745426
2014-09-15,7.71222378676494
2014-09-16,7.72488409692616
2014-09-17,7.75830529176048
2014-09-18,7.74958015089039
2014-09-19,7.74306739303206
2014-09-20,7.73337656326822
2014-09-21,7.72194282553584
2014-09-22,7.71562323284427
2014-09-23,7.70593344937385
2014-09-24,7.70546687864202
2014-09-25,7.70470667416957
2014-09-26,7.70858303150314
2014-09-27,7.71012413428012
2014-09-28,7.71490048075778
2014-09-29,7.72075447555094
2014-09-30,7.7162887185908
2014-10-01,7.71491581713795
2014-10-02,7.74578142637266
2014-10-03,7.76614357375718
2014-10-04,7.78378456178272
2014-10-05,7.77698671583762
2014-10-06,7.7463375435114
2014-10-07,7.76221333548398
2014-10-08,7.67793556990993
2014-10-09,7.76784291917901
2014-10-10,7.80118229003382
2014-10-11,7.50866035798127
2014-10-12,7.47992833920111
2014-10-13,7.62730218317146
2014-10-14,7.6433602651673
2014-10-15,7.66435709430958
2014-10-16,7.68124000876622
2014-10-17,7.65194992100041
2014-10-18,7.75940886542696
2014-10-19,7.77243426398547
2014-10-20,7.79531190287036
2014-10-21,7.81685391195605
2014-10-22,7.79012335475647
2014-10-23,7.74931583195316
2014-10-24,7.70023785833056
2014-10-25,7.60811060316951
2014-10-26,7.57770819995986
2014-10-27,7.53886811412269
2014-10-28,7.39004732875725
2014-10-29,7.40904590586248
2014-10-30,7.29312496597616
2014-10-31,7.29960031038667
2014-11-01,7.27743118587374
2014-11-02,7.37356946044243
2014-11-03,7.38065173022048
2014-11-04,7.35390303731046
2014-11-05,7.30911613223255
2014-11-06,7.28820246760382
2014-11-07,7.28743040577092
2014-11-08,7.29486380209385
2014-11-09,7.30580082247676
2014-11-10,7.31892628760748
2014-11-11,7.27058659967353
2014-11-12,7.20779088666276
2014-11-13,7.23797068107332
2014-11-14,7.25105220796173
2014-11-15,7.28096773212175
2014-11-16,7.23555114002332
2014-11-17,7.25884997814258
2014-11-18,7.3048956396023
2014-11-19,7.26307340996153
2014-11-20,7.37755267294238
2014-11-21,7.54139097633462
2014-11-22,7.62371058912107
2014-11-23,7.55258378353379
2014-11-24,7.53286385499545
2014-11-25,7.46340813526468
2014-11-26,7.33188147346018
2014-11-27,7.31695231438707
2014-11-28,7.27948948885591
2014-11-29,7.21373645071442
2014-11-30,7.17741970895812
2014-12-01,7.21384013483983
2014-12-02,7.20435371646912
2014-12-03,7.11358172507421
2014-12-04,7.03907816223547
2014-12-05,7.07385215116597
2014-12-06,7.10592109229883
2014-12-07,7.16372987692305
2014-12-08,7.23005148962147
2014-12-09,7.18898569239078
2014-12-10,7.2579492353986
2014-12-11,7.35532618420701
2014-12-12,7.46907690883607
2014-12-13,7.55391507868578
2014-12-14,7.48607699977328
2014-12-15,7.3633664965526
2014-12-16,7.41522321910723
2014-12-17,7.4589985176726
2014-12-18,7.42727658454074
2014-12-19,7.38482052102601
2014-12-20,7.39471269367409
2014-12-21,7.35431871587168
2014-12-22,7.35436478875009
2014-12-23,7.32501991953901
2014-12-24,7.33593240442919
2014-12-25,7.32503771238703
2014-12-26,7.31907368115917
2014-12-27,7.3116366786224
2014-12-28,7.24536925346977
2014-12-29,7.2625349290079
2014-12-30,7.26229881054487
2014-12-31,7.35586708428318
2015-01-01,7.30061907355856
2015-01-02,7.24571501291208
2015-01-03,7.30924274271185
2015-01-04,7.36579925824099
2015-01-05,7.29143036262511
2015-01-06,7.28573860039418
2015-01-07,7.155974505051
2015-01-08,7.16755713561232
2015-01-09,7.1413419434814
2015-01-10,7.13152815483937
2015-01-11,7.12595822915653
2015-01-12,7.06562500460664
2015-01-13,7.08190373396378
2015-01-14,7.04878165926596
2015-01-15,7.06722939363308
2015-01-16,7.1233749720752
2015-01-17,7.16192365689202
2015-01-18,7.16339737427305
2015-01-19,7.06673728303728
2015-01-20,6.92014803397588
2015-01-21,6.97596644340321
2015-01-22,7.07522432646165
2015-01-23,7.09489696960242
2015-01-24,7.06581684928377
2015-01-25,6.92697062872054
2015-01-26,6.90762436001458
2015-01-27,6.9325746858501
2015-01-28,6.93133473781335
2015-01-29,6.75294408209293
2015-01-30,6.58903289446612
2015-01-31,6.54125722168838
2015-02-01,6.50740087799391
2015-02-02,6.46418738605426
2015-02-03,6.56064944407798
2015-02-04,6.68045913334665
2015-02-05,6.68761829887848
2015-02-06,6.70200633624732
2015-02-07,6.69986601863299
2015-02-08,6.65356378909431
2015-02-09,6.68050355910833
2015-02-10,6.74385621619402
2015-02-11,6.76900414497055
2015-02-12,6.76508538596304
2015-02-13,6.7453605676758
2015-02-14,6.78330201712244
2015-02-15,6.80269747778756
2015-02-16,6.65748072217516
2015-02-17,6.59406266378655
2015-02-18,6.56751216224262
2015-02-19,6.5025892897463
2015-02-20,6.4774673349894
2015-02-21,6.45410723069435
2015-02-22,6.39383676251156
2015-02-23,6.3244493652267
2015-02-24,6.30170816941333
2015-02-25,6.27368824571126
2015-02-26,6.25432998555159
2015-02-27,6.28212228707055
2015-02-28,6.28786535588651
2015-03-01,6.27468824555774
2015-03-02,6.26375146925696
2015-03-03,6.26252048746584
2015-03-04,6.26849528059582
2015-03-05,6.28228093739906
2015-03-06,6.26123234258326
2015-03-07,6.2533524180557
2015-03-08,6.24180882261304
2015-03-09,6.23732261743176
2015-03-10,6.24411796390301
2015-03-11,6.25042629833845
2015-03-12,6.25935512853219
2015-03-13,6.23989694369961
2015-03-14,6.27143964555809
2015-03-15,6.31767972964143
2015-03-16,6.33860847917855
2015-03-17,6.29887093792762
2015-03-18,6.3470830760581
2015-03-19,6.43188716090645
2015-03-20,6.3988746946529
2015-03-21,6.4223950906466
2015-03-22,6.51325998758849
2015-03-23,6.34628317039009
2015-03-24,6.32271177661849
2015-03-25,6.25549075507095
2015-03-26,6.25785500948152
2015-03-27,6.26143829051752
2015-03-28,6.27045938591855
2015-03-29,6.25666117991893
2015-03-30,6.25907679849501
2015-03-31,6.2746427176778
2015-04-01,6.28094671029005
2015-04-02,6.31922533924032
2015-04-03,6.33216680289009
2015-04-04,6.33673543565452
2015-04-05,6.34337621067206
2015-04-06,6.35700816455624
2015-04-07,6.38318965553846
2015-04-08,6.42631426529327
2015-04-09,6.45711972068148
2015-04-10,6.50431776827997
2015-04-11,6.54502947570183
2015-04-12,6.60908922232456
2015-04-13,6.68888210464845
2015-04-14,6.80103149070756
2015-04-15,6.86818155423175
2015-04-16,6.93535019210809
2015-04-17,7.21599225400647
2015-04-18,7.28079905694549
2015-04-19,7.53922809293602
2015-04-20,7.60032335113215
2015-04-21,7.63810004396158
2015-04-22,7.65458626044713
2015-04-23,7.70868075245237
2015-04-24,7.76577919241638
2015-04-25,7.84960965788459
2015-04-26,7.86905181487089
2015-04-27,7.87640875217199
2015-04-28,7.84981007260366
2015-04-29,7.8691829074735
2015-04-30,7.83714693371413
2015-05-01,7.80867601125667
2015-05-02,7.79298042005493
2015-05-03,7.79371122069009
2015-05-04,7.7964675732913
2015-05-05,7.80950169232839
2015-05-06,7.80068691725569
2015-05-07,7.80894356131157
2015-05-08,7.81307874440007
2015-05-09,7.82159486652634
2015-05-10,7.83942255014296
2015-05-11,7.84361727136647
2015-05-12,7.84398184284806
2015-05-13,7.85239649960783
2015-05-14,7.86567037424575
2015-05-15,7.87568258572933
2015-05-16,7.89007014054755
2015-05-17,7.89227106151741
2015-05-18,7.90437844214211
2015-05-19,7.91099293643611
2015-05-20,7.9379199631071
2015-05-21,7.96911307733709
2015-05-22,7.98018275196752
2015-05-23,8.02011808586378
2015-05-24,8.04102987961554
2015-05-25,8.04320439301084
2015-05-26,8.06582129090122
2015-05-27,8.0869864468547
2015-05-28,8.09705510636363
2015-05-29,8.10695627822183
2015-05-30,8.10890054796971
2015-05-31,8.10757914045025
2015-06-01,8.10757739749512
2015-06-02,8.09923584700721
2015-06-03,8.09599225415328
2015-06-04,8.09340168064857
2015-06-05,8.08873192183619
2015-06-06,8.09289926685565
2015-06-07,8.09370275732573
2015-06-08,8.08919426393242
2015-06-09,8.08297004626393
2015-06-10,8.08527466368086
2015-06-11,8.08928281129484
2015-06-12,8.09433627601674
2015-06-13,8.09145458087673
2015-06-14,8.08598846720975
2015-06-15,8.09001037645013
2015-06-16,8.08830892696664
2015-06-17,8.09074936273711
2015-06-18,8.08620929922355
2015-06-19,8.08585984917904
2015-06-20,8.08799919885433
2015-06-21,8.08610951164867
2015-06-22,8.07042769546844
2015-06-23,8.05612158192039
2015-06-24,8.05121387607859
2015-06-25,8.04407983404075
2015-06-26,8.03793426751843
2015-06-27,8.03669337111255
2015-06-28,8.02958914986596
2015-06-29,8.02158086762958
2015-06-30,8.02322265312229
2015-07-01,8.0167950726883
2015-07-02,8.01186667603332
2015-07-03,8.01099459632826
2015-07-04,8.01209955837879
2015-07-05,8.00218840165792
2015-07-06,7.98069110122069
2015-07-07,7.95792368457124
2015-07-08,7.94741426418388
2015-07-09,7.89231263373006
2015-07-10,7.87874026882349
2015-07-11,7.88382536373781
2015-07-12,7.86542261011543
2015-07-13,7.86469102589657
2015-07-14,7.88149894008183
2015-07-15,7.88068808962607
2015-07-16,7.8809021082093
2015-07-17,7.87665847405355
2015-07-18,7.87054398362205
2015-07-19,7.87328532497773
2015-07-20,7.86318264935379
2015-07-21,7.86740907784535
2015-07-22,7.86297800261418
2015-07-23,7.86166290269112
2015-07-24,7.85881197744539
2015-07-25,7.85919214959983
2015-07-26,7.85032717236465
2015-07-27,7.84228722965454
2015-07-28,7.87164816061656
2015-07-29,7.86157956981784
2015-07-30,7.84310105624659
2015-07-31,7.82361437784037
2015-08-01,7.81967218990638
2015-08-02,7.81636973667741
2015-08-03,7.8321333189749
2015-08-04,7.82643171419614
2015-08-05,7.83935869675731
2015-08-06,7.83727731587605
2015-08-07,7.82767481853889
2015-08-08,7.8330843933995
2015-08-09,7.81620863343701
2015-08-10,7.77610325876274
2015-08-11,7.77527569584356
2015-08-12,7.79800013312559
2015-08-13,7.79799786121399
2015-08-14,7.79378169313805
2015-08-15,7.79785326092083
2015-08-16,7.78180530995958
2015-08-17,7.77452388681118
2015-08-18,7.81350547243576
2015-08-19,7.8052972293204
2015-08-20,7.81052870005432
2015-08-21,7.80161492358018
2015-08-22,7.7695961946997
2015-08-23,7.7644771166077
2015-08-24,7.76600193239321
2015-08-25,7.79718038653655
2015-08-26,7.77098037676307
2015-08-27,7.78028756007493
2015-08-28,7.80737674958207
2015-08-29,7.81087660637985
2015-08-30,7.80078725010025
2015-08-31,7.81542410342782
2015-09-01,7.81060223953347
2015-09-02,7.80636482291712
2015-09-03,7.80122135907082
2015-09-04,7.8024204578797
2015-09-05,7.79259926737384
2015-09-06,7.79005906438549
2015-09-07,7.78820017473694
2015-09-08,7.79292079238554
2015-09-09,7.79616625505692
2015-09-10,7.79182096808003
2015-09-11,7.81507555572703
2015-09-12,7.84651468667883
2015-09-13,7.83782920733805
2015-09-14,7.83330769026342
2015-09-15,7.84832668034659
2015-09-16,7.74748505385602
2015-09-17,7.73886051276404
2015-09-18,7.82151040318685
2015-09-19,7.7988166940699
2015-09-20,7.7325791108666
2015-09-21,7.74318303272395
2015-09-22,7.74734728696521
2015-09-23,7.74109395482587
2015-09-24,7.77387288175696
2015-09-25,7.78420354727047
2015-09-26,7.74294303183533
2015-09-27,7.72255895665616
2015-09-28,7.79659363626108
2015-09-29,7.86401274149326
2015-09-30,7.91549694636087
2015-10-01,7.83776630445956
2015-10-02,7.75753239850508
2015-10-03,7.88948921591833
2015-10-04,7.8791642315249
2015-10-05,7.86859930032742
2015-10-06,7.8699926749838
2015-10-07,7.87412914803379
2015-10-08,7.87637301735639
2015-10-09,7.87186806921182
2015-10-10,7.87305322135283
2015-10-11,7.87169347304336
2015-10-12,7.88738447837641
2015-10-13,7.90507024306283
2015-10-14,7.90835899448502
2015-10-15,7.89019291614449
2015-10-16,7.872409935439
2015-10-17,7.85745586183852
2015-10-18,7.99099104659826
2015-10-19,7.70394802616462
2015-10-20,7.78059751999272
2015-10-21,7.69931016495515
2015-10-22,7.56901059656071
2015-10-23,7.51397798644718
2015-10-24,7.46978073833301
2015-10-25,7.28229137075489
2015-10-26,7.27803141527779
2015-10-27,7.32792274314237
2015-10-28,7.24317558539048
2015-10-29,7.3383061284379
2015-10-30,7.12669220007197
2015-10-31,6.93862928781956
2015-11-01,6.87747241525289
2015-11-02,6.84444514195142
2015-11-03,6.88044396145798
2015-11-04,7.02912824728499
2015-11-05,7.17321884885621
2015-11-06,7.12073358029162
2015-11-07,7.23111738915284
2015-11-08,7.21263794317147
2015-11-09,7.23862611818032
2015-11-10,7.17851557283469
2015-11-11,7.15113376082245
2015-11-12,7.13511557235286
2015-11-13,7.07418828245844
2015-11-14,7.00949829769504
2015-11-15,6.99363142314859
2015-11-16,7.02062149499278
2015-11-17,7.02590926791805
2015-11-18,7.02401721927279
2015-11-19,7.04926989619867
2015-11-20,7.03706747418886
2015-11-21,7.05276781346873
2015-11-22,7.03339857791318
2015-11-23,7.04164384020731
2015-11-24,7.05063138317207
2015-11-25,7.08219328725046
2015-11-26,7.10810379749566
2015-11-27,7.14258320550501
2015-11-28,7.11202264496189
2015-11-29,7.12255657599701
2015-11-30,7.07519215031803
2015-12-01,7.11075090314859
2015-12-02,6.8593959375851
2015-12-03,7.11224386547708
2015-12-04,7.21612590989963
2015-12-05,7.21222601270537
2015-12-06,7.252219962445
2015-12-07,7.314278583336
2015-12-08,7.35626276813043
2015-12-09,7.43288904882867
2015-12-10,7.47845040606173
2015-12-11,7.47442439289118
2015-12-12,7.53399244128104
2015-12-13,7.50417437285424
2015-12-14,7.58730229988251
2015-12-15,7.59763304306865
2015-12-16,7.51995877361458
2015-12-17,7.59071696472435
2015-12-18,7.58240924933529
2015-12-19,NA
2015-12-20,7.58243124558971
2015-12-21,7.58740752534822
2015-12-22,7.59546971636315
2015-12-23,7.49939773760389
2015-12-24,7.51263797597547
2015-12-25,7.49327409235409
2015-12-26,7.43986870828268
2015-12-27,7.39497010260225
2015-12-28,7.31750587754689
2015-12-29,7.252544805265
2015-12-30,7.17124317055163
2015-12-31,7.11612877702474
2016-01-01,7.0738707450374
2016-01-02,7.02030753339473
2016-01-03,6.98615847236029
2016-01-04,6.94234495265283
2016-01-05,6.98942275871321
2016-01-06,NA
2016-01-07,6.92221860139142
2016-01-08,6.82986838320147
2016-01-09,6.74661455000063
2016-01-10,6.73658162395816
2016-01-11,6.69328710926877
2016-01-12,6.63368817424049
2016-01-13,6.61832907778889
2016-01-14,6.62864096433321
2016-01-15,6.61545410196993
2016-01-16,6.64533175451861
2016-01-17,6.5503732702543
2016-01-18,6.63918442534134
2016-01-19,6.59979734753094
2016-01-20,6.59762910044586
2016-01-21,6.61570073686123
2016-01-22,6.59653401632704
2016-01-23,6.61196373372191
2016-01-24,6.58528227426115
2016-01-25,6.59391271676502
2016-01-26,6.58076238815012
2016-01-27,6.59167036614941
2016-01-28,6.65708726703043
2016-01-29,6.63682958774096
2016-01-30,6.6369273625007
2016-01-31,6.6583341702417
2016-02-01,6.65909835743819
2016-02-02,6.69064914124381
2016-02-03,6.6579410075641
2016-02-04,6.61220628865541
2016-02-05,6.56208802786239
2016-02-06,6.50162432455174
2016-02-07,6.47588956739896
2016-02-08,6.38481926196142
2016-02-09,6.35378616390111
2016-02-10,6.35716478819376
2016-02-11,6.37236448855004
2016-02-12,6.36985938893259
2016-02-13,6.36239492602067
2016-02-14,6.38355273774982
2016-02-15,6.39112216028052
2016-02-16,6.39199406663148
2016-02-17,6.39670645024818
2016-02-18,6.37671782847233
2016-02-19,6.37178780684131
2016-02-20,6.40098275287774
2016-02-21,6.47594659878575
2016-02-22,6.56158660347916
2016-02-23,6.61542895029599
2016-02-24,6.59732517201232
2016-02-25,6.67423470041582
2016-02-26,6.66387260218058
2016-02-27,6.71717557885774
2016-02-28,6.65990666388275
2016-02-29,6.62461863103771
2016-03-01,6.5336184244595
2016-03-02,6.50987483178221
2016-03-03,6.502925766554
2016-03-04,6.43394638649193
2016-03-05,6.40577007999464
2016-03-06,6.38890851978964
2016-03-07,6.40295800420298
2016-03-08,6.35140872731531
2016-03-09,6.29956273269424
2016-03-10,6.27178870181982
2016-03-11,6.22723182894316
2016-03-12,6.21718664915564
2016-03-13,6.15561329351127
2016-03-14,6.15984759110602
2016-03-15,6.10279311797563
2016-03-16,6.12824403618659
2016-03-17,6.15365652899663
2016-03-18,6.16358877571083
2016-03-19,6.17530590613615
2016-03-20,6.22034365929093
2016-03-21,6.23921330784596
2016-03-22,6.24691305316194
2016-03-23,6.25786575815874
2016-03-24,6.30663292804857
2016-03-25,6.32986131519775
2016-03-26,6.34984317845457
2016-03-27,6.35010316490801
2016-03-28,6.38696393698916
2016-03-29,6.44097868126254
2016-03-30,6.53078576770399
2016-03-31,6.59809114219237
2016-04-01,6.64256128738293
2016-04-02,6.72127471657374
2016-04-03,6.73638894024184
2016-04-04,6.73855010672313
2016-04-05,6.74522740522443
2016-04-06,6.81828099196569
2016-04-07,6.88812516294277
2016-04-08,6.9422149690527
2016-04-09,6.90935620321754
2016-04-10,6.95733941649853
2016-04-11,6.9731920316032
2016-04-12,7.08330033718717
2016-04-13,7.16914204931558
2016-04-14,7.20335808473866
2016-04-15,7.31479725411479
2016-04-16,7.39127377820899
2016-04-17,7.50240847647951
2016-04-18,7.54362309249465
2016-04-19,7.56549646184335
2016-04-20,7.58566999837196
2016-04-21,7.59184317024742
2016-04-22,7.59621932332282
2016-04-23,7.61468411961076
2016-04-24,7.63369635249522
2016-04-25,7.6460474002529
2016-04-26,7.66134819788762
2016-04-27,7.6754858109271
2016-04-28,7.68063733473004
2016-04-29,7.68700628006707
2016-04-30,7.69337694775252
2016-05-01,7.71453336206384
2016-05-02,7.72424060164769
2016-05-03,7.75113322832858
2016-05-04,7.79403322703258
2016-05-05,7.86290880271126
2016-05-06,7.84868662102014
2016-05-07,7.86220314041632
2016-05-08,7.87009064160755
2016-05-09,7.86232174003626
2016-05-10,7.87724163248073
2016-05-11,7.87873096195376
2016-05-12,7.89043797523463
2016-05-13,7.90376579113487
2016-05-14,7.91076545078657
2016-05-15,7.91133502720546
2016-05-16,7.9103897508346
2016-05-17,7.92259328545982
2016-05-18,7.91674938472701
2016-05-19,7.90990872724283
2016-05-20,7.92468228477125
2016-05-21,7.93287643154127
2016-05-22,7.92926526781153
2016-05-23,7.92349354554581
2016-05-24,7.92701693559622
2016-05-25,7.93346220511355
2016-05-26,7.93099740536627
2016-05-27,7.94283386402005
2016-05-28,7.94332016062455
2016-05-29,7.9477870091316
2016-05-30,7.95048532339289
2016-05-31,7.96531257033038
2016-06-01,7.98652275023501
2016-06-02,8.00045285004439
2016-06-03,8.00928902285032
2016-06-04,8.01562832245906
2016-06-05,8.02776721552183
2016-06-06,8.03008903789714
2016-06-07,8.03495799132844
2016-06-08,8.04034159469545
2016-06-09,8.0476185787757
2016-06-10,8.05163925702464
2016-06-11,8.04629957891776
2016-06-12,8.04629606448714
2016-06-13,8.05295878344317
2016-06-14,8.05680144327279
2016-06-15,8.0582591736841
2016-06-16,8.05288815526905
2016-06-17,8.03981865906981
2016-06-18,8.03788691718482
2016-06-19,8.02445321670369
2016-06-20,8.01380946071312
2016-06-21,8.00392240260457
2016-06-22,7.99754377708477
2016-06-23,7.99973153738199
2016-06-24,7.99258019736705
2016-06-25,7.98904824447731
2016-06-26,7.98432615989026
2016-06-27,7.98540600301074
2016-06-28,7.98194510379395
2016-06-29,7.97222833453835
2016-06-30,7.9755455539458
2016-07-01,7.96537041967581
2016-07-02,7.96945216989013
2016-07-03,7.95934683122782
2016-07-04,7.94430410884318
2016-07-05,7.93733677385724
2016-07-06,7.94232168674841
2016-07-07,7.9443985645918
2016-07-08,7.94811453020125
2016-07-09,7.94400578542845
2016-07-10,7.94557512976131
2016-07-11,7.94690650079621
2016-07-12,7.95235105632812
2016-07-13,7.95172628098702
2016-07-14,7.95174149351435
2016-07-15,7.94770581480025
2016-07-16,7.94553546800724
2016-07-17,7.94535274286026
2016-07-18,7.93634690160553
2016-07-19,7.93429532894463
2016-07-20,7.95165595836091
2016-07-21,7.93436874652841
2016-07-22,7.91151054208817
2016-07-23,7.89488009140583
2016-07-24,7.99642212213179
2016-07-25,7.98209857843789
2016-07-26,7.995365964789
2016-07-27,7.96615333911771
2016-07-28,7.94200937637664
2016-07-29,7.91744226866752
2016-07-30,7.88715913096381
2016-07-31,7.88549234046229
2016-08-01,7.88043966457917
2016-08-02,7.87278249133671
2016-08-03,7.88051215993897
2016-08-04,7.88305729461436
2016-08-05,7.87676471250431
2016-08-06,7.87043611923114
2016-08-07,7.86986848883847
2016-08-08,7.87073804800947
2016-08-09,7.87686590903381
2016-08-10,7.87632703412005
2016-08-11,7.87556701890524
2016-08-12,7.87992286352626
2016-08-13,7.87704963206972
2016-08-14,7.89262462806662
2016-08-15,7.93525511132048
2016-08-16,7.94961344528483
2016-08-17,7.94795200347594
2016-08-18,7.88832282368494
2016-08-19,7.854838027966
2016-08-20,7.85259676658298
2016-08-21,7.85443498650881
2016-08-22,7.84942915353908
2016-08-23,7.84020847736705
2016-08-24,7.83565353915635
2016-08-25,7.83416306019897
2016-08-26,7.81864633866536
2016-08-27,7.81798944829215
2016-08-28,7.81413939266701
2016-08-29,7.80612924374062
2016-08-30,7.79711970153849
2016-08-31,7.79812382807094
2016-09-01,7.80100010421714
2016-09-02,7.80344172126074
2016-09-03,7.82415093831711
2016-09-04,7.80225088481038
2016-09-05,7.80783943072068
2016-09-06,7.80831432766793
2016-09-07,7.7997480767599
2016-09-08,7.80574838698896
2016-09-09,7.80174807948358
2016-09-10,8.08610975674049
2016-09-11,8.0750067784194
2016-09-12,8.06027361040568
2016-09-13,8.05090063797017
2016-09-14,8.04633395409457
2016-09-15,8.06142200672154
2016-09-16,8.05616780020735
2016-09-17,8.04174476644967
2016-09-18,8.04142983855611
2016-09-19,8.03361072528258
2016-09-20,8.03433377744688
2016-09-21,8.06462990195844
2016-09-22,8.05952875239179
2016-09-23,8.07723314696772
2016-09-24,8.07216637883668
2016-09-25,8.06564824542194
2016-09-26,8.0665988944787
2016-09-27,8.08764127459732
2016-09-28,8.09951790106667
2016-09-29,8.10177449542373
2016-09-30,8.08322086752893
2016-10-01,8.07724611903335
2016-10-02,8.07865978877881
2016-10-03,8.08747389150747
2016-10-04,8.09153825084966
2016-10-05,8.09359580481427
2016-10-06,8.09568394180891
2016-10-07,8.08321256745562
2016-10-08,8.11490006399754
2016-10-09,8.09800573707513
2016-10-10,8.07958836515295
2016-10-11,8.06843769829235
2016-10-12,8.12589850147466
2016-10-13,7.91715455669773
2016-10-14,7.64499909766923
2016-10-15,7.37142690682405
2016-10-16,7.46428598317332
2016-10-17,7.44500619388703
2016-10-18,7.45477685157054
2016-10-19,7.66081915282632
2016-10-20,7.4472321170513
2016-10-21,7.17392981699096
2016-10-22,7.03045665286951
2016-10-23,7.10435480822221
2016-10-24,6.92931883060794
2016-10-25,6.8630013552579
2016-10-26,6.87545257811999
2016-10-27,6.86069813379363
2016-10-28,6.90435450676023
2016-10-29,7.14816472464948
2016-10-30,7.06830410683627
2016-10-31,7.04906284027622
2016-11-01,7.05634031538997
2016-11-02,7.01388140380877
2016-11-03,7.1643032372051
2016-11-04,7.14257479471725
2016-11-05,7.20323481923171
2016-11-06,7.23790944683787
2016-11-07,7.24658863007493
2016-11-08,7.23788970884548
2016-11-09,7.22182691509971
2016-11-10,7.21014384889052
2016-11-11,7.17098295833052
2016-11-12,7.1602347564146
2016-11-13,7.14828310662409
2016-11-14,7.10695345469403
2016-11-15,7.15106263864404
2016-11-16,7.11635761245472
2016-11-17,7.10409227721828
2016-11-18,7.13049620818168
2016-11-19,7.12326264550327
2016-11-20,7.1677230954829
2016-11-21,7.16167169505759
2016-11-22,7.2022988970567
2016-11-23,7.31741762262865
2016-11-24,7.32826505139836
2016-11-25,7.46973474111289
2016-11-26,7.47711151567406
2016-11-27,7.51977981137509
2016-11-28,7.42556417973421
2016-11-29,7.2660349306997
2016-11-30,7.24986680834993
2016-12-01,7.30750805748472
2016-12-02,7.25960970116055
2016-12-03,7.1874619920067
2016-12-04,7.24141421326552
2016-12-05,7.2812344604332
2016-12-06,7.31968289604554
2016-12-07,7.3243879155939
2016-12-08,7.35036895650695
2016-12-09,7.36679164003073
2016-12-10,7.3624748128018
2016-12-11,7.29037379217512
2016-12-12,7.45995994251167
2016-12-13,7.47906000831624
2016-12-14,7.48255245620585
2016-12-15,7.55540982120113
2016-12-16,7.52170600731744
2016-12-17,7.51120639402303
2016-12-18,7.49630432693395
2016-12-19,7.56113816338149
2016-12-20,7.46563678586949
2016-12-21,7.47134431456726
2016-12-22,7.38027048782994
2016-12-23,7.39045221257134
2016-12-24,7.34209041754643
2016-12-25,7.33411126957392
2016-12-26,7.25003499704837
2016-12-27,7.23913053045157
2016-12-28,7.2639721571008
2016-12-29,7.2132072630755
2016-12-30,7.26820924369472
2016-12-31,7.07098180159666
2017-01-01,7.0046583759465
2017-01-02,6.99152543474562
2017-01-03,7.0008083504763
2017-01-04,6.7504572687118
2017-01-05,6.63748494730376
2017-01-06,6.52598015376239
2017-01-07,6.53339361292975
2017-01-08,6.70381826374714
2017-01-09,6.50250423111668
2017-01-10,6.53561493773209
2017-01-11,6.54085051854825
2017-01-12,6.54723574552559
2017-01-13,6.57507189266539
2017-01-14,6.58520963383933
2017-01-15,6.52700826030514
2017-01-16,6.55310607309356
2017-01-17,6.54256470373726
2017-01-18,6.56418062614704
2017-01-19,6.69366031413528
2017-01-20,6.69631439782853
2017-01-21,6.65425579223037
2017-01-22,6.54486558544677
2017-01-23,6.54309740436105
2017-01-24,6.49998438453349
2017-01-25,6.62936158591019
2017-01-26,6.61191321337018
2017-01-27,6.65085102679431
2017-01-28,6.68418884488404
2017-01-29,6.65971556935539
2017-01-30,6.66061406955841
2017-01-31,6.65925312071177
2017-02-01,6.70441680758765
2017-02-02,6.70964071007987
2017-02-03,6.73522797996318
2017-02-04,6.64303494377198
2017-02-05,6.65900949147935
2017-02-06,6.61377885616965
2017-02-07,6.72313012582353
2017-02-08,6.68218966466589
2017-02-09,6.70431155832167
2017-02-10,6.67895928098626
2017-02-11,6.68672500063476
2017-02-12,6.58385830875768
2017-02-13,6.54479018230595
2017-02-14,6.54800447918938
2017-02-15,6.56994738578044
2017-02-16,6.57476916567397
2017-02-17,6.46696737532289
2017-02-18,6.44313582560624
2017-02-19,6.36645103262306
2017-02-20,6.39473576404773
2017-02-21,6.39157547432209
2017-02-22,6.42004567209375
2017-02-23,6.41259870072777
2017-02-24,6.44399595241731
2017-02-25,6.47683837783707
2017-02-26,6.4860568365697
2017-02-27,6.4431226492778
2017-02-28,6.41265646890958
2017-03-01,6.3581725936611
2017-03-02,6.3151797848356
2017-03-03,6.27860115047389
2017-03-04,6.25399630073688
2017-03-05,6.29508759255169
2017-03-06,6.30670116736888
2017-03-07,6.34152028800682
2017-03-08,6.32732272751251
2017-03-09,6.23086002985294
2017-03-10,6.18342194589145
2017-03-11,6.14154384165313
2017-03-12,6.10714313212899
2017-03-13,6.09019026452086
2017-03-14,6.07963711719443
2017-03-15,6.08702656252846
2017-03-16,6.10629371315657
2017-03-17,6.07923582524619
2017-03-18,6.04971807005748
2017-03-19,6.07131166025714
2017-03-20,6.04925774462013
2017-03-21,6.12310798047608
2017-03-22,6.1183013005187
2017-03-23,6.11707729688559
2017-03-24,6.13457382852249
2017-03-25,6.09066315466181
2017-03-26,6.09333243454481
2017-03-27,6.11285544228329
2017-03-28,6.12840465034595
2017-03-29,6.11998592590354
2017-03-30,6.15154815871336
2017-03-31,6.19895537063376
2017-04-01,6.23895350029435
2017-04-02,6.29340798551604
2017-04-03,6.4920890819604
2017-04-04,6.57359171481091
2017-04-05,6.62523455456598
2017-04-06,6.77183553126626
2017-04-07,6.89141541707449
2017-04-08,6.98361999988959
2017-04-09,6.97070351478511
2017-04-10,7.00695192228826
2017-04-11,7.05632350453567
2017-04-12,7.15712820089119
2017-04-13,7.23111083937872
2017-04-14,7.2119480551548
2017-04-15,7.20627326701077
2017-04-16,7.23061565858013
2017-04-17,7.26647390710239
2017-04-18,7.35810788654166
2017-04-19,7.38588149900934
2017-04-20,7.39995883662842
2017-04-21,7.42410398516117
2017-04-22,7.418070938217
2017-04-23,7.45426764221152
2017-04-24,7.47802088519697
2017-04-25,7.51628283382103
2017-04-26,7.55325790135627
2017-04-27,7.57527059680775
2017-04-28,7.59055535192933
2017-04-29,7.65760827108441
2017-04-30,7.66819522745734
2017-05-01,7.74404513142966
2017-05-02,7.77030816091072
2017-05-03,7.78111958010146
2017-05-04,7.7807812354517
2017-05-05,7.79670059604004
2017-05-06,7.79894696103955
2017-05-07,7.85301361783476
2017-05-08,7.851698870179
2017-05-09,7.82400507965807
2017-05-10,7.80693643497183
2017-05-11,7.80166993010661
2017-05-12,7.79203171651662
2017-05-13,7.78574692056825
2017-05-14,7.79690440710982
2017-05-15,7.79711611017374
2017-05-16,7.80335163450158
2017-05-17,7.81522707280051
2017-05-18,7.81571452649132
2017-05-19,7.82511212974896
2017-05-20,7.81691440213993
2017-05-21,7.82141448491432
2017-05-22,7.83440032410022
2017-05-23,7.83725320544878
2017-05-24,7.8336330956298
2017-05-25,7.84830775776861
2017-05-26,7.874301590888
2017-05-27,7.95380192346795
2017-05-28,7.97949631543692
2017-05-29,7.96377863478965
2017-05-30,7.96251386749257
2017-05-31,7.9618398827153
2017-06-01,7.95443774785781
2017-06-02,7.95521562057581
2017-06-03,7.95761212819598
2017-06-04,7.94824017487968
2017-06-05,7.95574012287855
2017-06-06,7.9591324268578
2017-06-07,7.96271658154441
2017-06-08,7.94985192955314
2017-06-09,7.95547455636862
2017-06-10,7.95467621377816
2017-06-11,7.95599953592777
2017-06-12,7.95606858507898
2017-06-13,7.94922631918307
2017-06-14,7.95637967888442
2017-06-15,7.96080555066036
2017-06-16,7.95350887219128
2017-06-17,7.95715029422196
2017-06-18,7.95949039884251
2017-06-19,7.9600543032286
2017-06-20,7.95497318460172
2017-06-21,7.94950431099855
2017-06-22,7.95223498951242
2017-06-23,7.95433789465647
2017-06-24,7.95477864134157
2017-06-25,7.94791375973937
2017-06-26,7.93706491572205
2017-06-27,7.92923146891988
2017-06-28,7.92210766517668
2017-06-29,7.92553224551213
2017-06-30,7.91582300006587
2017-07-01,7.9123691377457
2017-07-02,7.89954829819109
2017-07-03,7.9087442083978
2017-07-04,7.90656319421897
2017-07-05,7.90190442024893
2017-07-06,7.90306952276832
2017-07-07,7.91359677351264
2017-07-08,7.91903031796056
2017-07-09,7.90898378403938
2017-07-10,7.90487827422615
2017-07-11,7.90035911926097
2017-07-12,7.89818437580906
2017-07-13,7.91006027314927
2017-07-14,7.91236478167105
2017-07-15,7.9186708367004
2017-07-16,7.91202212826438
2017-07-17,7.9044943480327
2017-07-18,7.91328335968285
2017-07-19,7.91221963263164
2017-07-20,7.91406408468532
2017-07-21,7.9187449323546
2017-07-22,7.91632145384084
2017-07-23,7.91516301947311
2017-07-24,7.90711481659788
2017-07-25,7.9078971796428
2017-07-26,7.93669611651232
2017-07-27,7.9187865940799
2017-07-28,7.91373890792955
2017-07-29,7.91301838816779
2017-07-30,7.91721110147564
2017-07-31,7.91647247385556
2017-08-01,7.92835448984947
2017-08-02,7.92550832756195
2017-08-03,7.91261752694416
2017-08-04,7.91388980451024
2017-08-05,7.9311708301745
2017-08-06,7.93031273045521
2017-08-07,7.92510298281541
2017-08-08,7.88382430183876
2017-08-09,7.87298770177932
2017-08-10,7.86928177900028
2017-08-11,7.85464312991605
2017-08-12,7.86004755276561
2017-08-13,7.82158358392593
2017-08-14,7.79313796298499
2017-08-15,7.75297993199322
2017-08-16,7.75402024932596
2017-08-17,7.78252512978202
2017-08-18,7.77950919410468
2017-08-19,7.80232205093762
2017-08-20,7.83761418609997
2017-08-21,7.83868928838319
2017-08-22,7.8559321492072
2017-08-23,7.84591845696788
2017-08-24,7.86055915331405
2017-08-25,7.86558559686975
2017-08-26,7.87459756105898
2017-08-27,7.8942101827702
2017-08-28,7.88563388483214
2017-08-29,7.88884528479639
2017-08-30,7.89498402359393
2017-08-31,7.89786995930716
2017-09-01,7.89679478813399
2017-09-02,7.89765805552225
2017-09-03,7.90098333105958
2017-09-04,7.91800848593065
2017-09-05,7.91804186508934
2017-09-06,7.95266544851147
2017-09-07,8.11739709798028
2017-09-08,8.17440398096272
2017-09-09,8.11998364732785
2017-09-10,8.14631077292017
2017-09-11,8.15289860164146
2017-09-12,8.08461465107635
2017-09-13,8.04388017665754
2017-09-14,8.02387741769975
2017-09-15,7.97058493546513
2017-09-16,7.92084103734228
2017-09-17,7.91896390475226
2017-09-18,7.90253042167839
2017-09-19,7.95802601400147
2017-09-20,7.99470037789021
2017-09-21,8.00158195354817
2017-09-22,7.95387526766422
2017-09-23,7.98343156554024
2017-09-24,8.00503156488952
2017-09-25,7.93547280746379
2017-09-26,7.75953323040184
2017-09-27,7.72973757631779
2017-09-28,7.74953167858188
2017-09-29,7.83910512589603
2017-09-30,8.00823278262163
2017-10-01,8.16595237289965
2017-10-02,7.93880848467364
2017-10-03,7.98153414482508
2017-10-04,7.98358478180415
2017-10-05,7.98324236067898
2017-10-06,7.97132151896492
2017-10-07,7.93949142726616
2017-10-08,7.91061271650969
2017-10-09,7.9107533686284
2017-10-10,7.90953889032002
2017-10-11,7.94078591544787
2017-10-12,7.8932659985653
2017-10-13,7.91215161459149
2017-10-14,7.9142657328954
2017-10-15,7.91711400264465
2017-10-16,7.88861256510501
2017-10-17,7.84789829225975
2017-10-18,7.91054346671074
2017-10-19,7.90087742440541
2017-10-20,7.90879744495343
2017-10-21,7.91204920617461
2017-10-22,7.90957158187714
2017-10-23,7.84124359907061
2017-10-24,7.90843594586581
2017-10-25,7.8101157433885
2017-10-26,7.7635525231504
2017-10-27,7.7317906847703
2017-10-28,7.90301154162533
2017-10-29,7.9010688309763
2017-10-30,7.86083559729944
2017-10-31,7.83786007034071
2017-11-01,7.7246615347653
2017-11-02,7.76586518892308
2017-11-03,7.77327597472563
2017-11-04,7.80932057287747
2017-11-05,7.80559842227226
2017-11-06,7.74316078565355
2017-11-07,7.66410478441823
2017-11-08,7.56577993571739
2017-11-09,7.43665555121501
2017-11-10,7.39636961436686
2017-11-11,7.40924562488577
2017-11-12,7.38121978060083
2017-11-13,7.2994287526236
2017-11-14,7.35847138426516
2017-11-15,7.39039338897436
2017-11-16,7.47532242364362
2017-11-17,7.54671018895168
2017-11-18,7.59866590748015
2017-11-19,7.65667705789919
2017-11-20,7.62683321463039
2017-11-21,7.59182801256214
2017-11-22,7.65011444131692
2017-11-23,7.79978309173877
2017-11-24,7.80463653904081
2017-11-25,7.77627402684228
2017-11-26,7.80780118455203
2017-11-27,7.79947186485182
2017-11-28,7.76905045712867
2017-11-29,7.74389563028328
2017-11-30,7.74535467194729
2017-12-01,7.74004603906236
2017-12-02,7.66159479176835
2017-12-03,7.62410269229588
2017-12-04,7.52868222680358
2017-12-05,7.46072666625479
2017-12-06,7.4255711957991
2017-12-07,7.45757589754159
2017-12-08,7.40710467161974
2017-12-09,7.3813315493983
2017-12-10,7.36929738484439
2017-12-11,7.44528353425335
2017-12-12,7.48579365532015
2017-12-13,7.48746962369919
2017-12-14,7.5174166546055
2017-12-15,7.55058947119565
2017-12-16,7.51274744841363
2017-12-17,7.5487673090706
2017-12-18,7.653240470487
2017-12-19,7.65689402056854
2017-12-20,7.66450157844678
2017-12-21,7.6300772291295
2017-12-22,7.68174532266396
2017-12-23,7.63749920275976
2017-12-24,7.7532071180779
2017-12-25,7.75395079746507
2017-12-26,7.72194024209053
2017-12-27,7.64211753473121
2017-12-28,7.51810762704198
2017-12-29,7.4612301697342
2017-12-30,7.4480517760444
2017-12-31,7.410890420063
2018-01-01,7.39104931123708
2018-01-02,7.38513466878664
2018-01-03,NA
2018-01-04,NA
2018-01-05,NA
2018-01-06,7.29677102756796
2018-01-07,7.28605566502305
2018-01-08,7.21233636905948
2018-01-09,7.12842152373895
2018-01-10,7.08415586203926
2018-01-11,6.9938407390528
2018-01-12,7.03499978371808
2018-01-13,7.04269690487473
2018-01-14,7.08609321359562
2018-01-15,7.04658810329477
2018-01-16,6.98575635247359
2018-01-17,6.92402556253787
2018-01-18,6.97357623637565
2018-01-19,6.98262610613588
2018-01-20,6.92882593199611
2018-01-21,6.93948728860836
2018-01-22,6.93978510558686
2018-01-23,6.98203394326416
2018-01-24,6.97169049636484
2018-01-25,6.87173199483957
2018-01-26,6.87672677735216
2018-01-27,6.95897606422025
2018-01-28,6.9292022764947
2018-01-29,6.93202799526175
2018-01-30,6.93473270472604
2018-01-31,6.94231482213499
2018-02-01,6.96181324506852
2018-02-02,6.9936216100051
2018-02-03,6.96269409507978
2018-02-04,6.91708809242028
2018-02-05,6.84913644618323
2018-02-06,6.86811056336574
2018-02-07,6.79577350104668
2018-02-08,6.73433658591351
2018-02-09,6.71005607962618
2018-02-10,6.74516724391537
2018-02-11,6.72817013239527
2018-02-12,6.72878549229819
2018-02-13,6.73535297103946
2018-02-14,6.70373603522333
2018-02-15,6.66653806600506
2018-02-16,6.6559000303746
2018-02-17,6.63099334086218
2018-02-18,6.59959595494991
2018-02-19,6.57783239761686
2018-02-20,6.57913162479826
2018-02-21,6.59928729438708
2018-02-22,6.55792757130749
2018-02-23,6.58306260452277
2018-02-24,6.58775920330257
2018-02-25,6.55731846901938
2018-02-26,6.52940104520355
2018-02-27,6.50514296045963
2018-02-28,6.4833939942954
2018-03-01,6.57644861502546
2018-03-02,6.63687399155948
2018-03-03,6.61537957067411
2018-03-04,6.58535554188661
2018-03-05,6.55038195206892
2018-03-06,6.52883380479744
2018-03-07,6.53088398336005
2018-03-08,6.51434604135906
2018-03-09,6.50807995965795
2018-03-10,6.48402729241255
2018-03-11,6.38519434191754
2018-03-12,6.34658117846204
2018-03-13,6.24432032135425
2018-03-14,6.22724248679174
2018-03-15,6.24921169126399
2018-03-16,6.24882069468413
2018-03-17,6.24194906130186
2018-03-18,6.25707468212173
2018-03-19,6.22591861464881
2018-03-20,6.24904116745911
2018-03-21,6.28451677031379
2018-03-22,6.30109219489104
2018-03-23,6.30977334004379
2018-03-24,6.27801705049972
2018-03-25,6.24838040705935
2018-03-26,6.28686489925972
2018-03-27,6.30083973082879
2018-03-28,6.42437989610153
2018-03-29,6.59325534275417
2018-03-30,6.52080107083286
2018-03-31,6.54181689948232
2018-04-01,6.38295002077633
2018-04-02,6.39354969722189
2018-04-03,6.38762627757016
2018-04-04,6.38390926732543
2018-04-05,6.39292669131511
2018-04-06,6.39248677842248
2018-04-07,6.43224182204728
2018-04-08,6.46184061272987
2018-04-09,6.4979830804224
2018-04-10,6.55672384612968
2018-04-11,6.61046387528286
2018-04-12,6.67653461144034
2018-04-13,6.7399937364504
2018-04-14,6.76331139925678
2018-04-15,6.7894454782879
2018-04-16,6.83800560229818
2018-04-17,6.95042394971429
2018-04-18,7.0377949834838
2018-04-19,7.13712177504952
2018-04-20,7.16773592767179
2018-04-21,7.22033383560006
2018-04-22,7.24155974030554
2018-04-23,7.25886852884625
2018-04-24,7.29111404438061
2018-04-25,7.37506288631288
2018-04-26,7.43294747894588
2018-04-27,7.47642213451676
2018-04-28,7.50071024720049
2018-04-29,7.49930901270882
2018-04-30,7.54392712932776
2018-05-01,7.564462152683
2018-05-02,7.57956091390756
2018-05-03,7.63460830989048
2018-05-04,7.65677000957785
2018-05-05,7.67850181123864
2018-05-06,7.70378352658768
2018-05-07,7.71320455752643
2018-05-08,7.75450688533966
2018-05-09,7.80234103951988
2018-05-10,7.79619316883757
2018-05-11,7.82023364004782
2018-05-12,7.77240416709398
2018-05-13,7.82317806055786
2018-05-14,7.79291504228663
2018-05-15,7.79091314398719
2018-05-16,7.79252340280597
2018-05-17,7.78876848782901
2018-05-18,7.75417749197176
2018-05-19,7.72652830610986
2018-05-20,7.72584269704688
2018-05-21,7.73014351346572
2018-05-22,7.76123178837739
2018-05-23,7.76222425308173
2018-05-24,7.77716115816124
2018-05-25,7.76692808243705
2018-05-26,7.79429256860183
2018-05-27,7.79273285802032
2018-05-28,7.79856187980483
2018-05-29,7.71536911425947
2018-05-30,7.84098962150502
2018-05-31,7.87310476508515
2018-06-01,7.89125497883932
2018-06-02,7.89857397337513
2018-06-03,7.90707074189555
2018-06-04,7.92420107489565
2018-06-05,7.94334666256914
2018-06-06,7.95803788034162
2018-06-07,7.96158465984478
2018-06-08,7.96256479101598
2018-06-09,7.9588828946705
2018-06-10,7.96971108327216
2018-06-11,7.99248161242876
2018-06-12,8.00497769393504
2018-06-13,8.00585025267231
2018-06-14,8.0036771736
2018-06-15,7.99848658138655
2018-06-16,8.00255667947876
2018-06-17,7.99472600893782
2018-06-18,7.98652688283611
2018-06-19,7.98518871434341
2018-06-20,7.97691531419085
2018-06-21,7.9740003285615
2018-06-22,7.97379601993082
2018-06-23,7.97399032631107
2018-06-24,7.97342407876942
2018-06-25,7.98057929467899
2018-06-26,7.98552471137889
2018-06-27,7.98100473923026
2018-06-28,7.97544272820511
2018-06-29,7.97089620365092
2018-06-30,7.96957348628246
2018-07-01,7.97316510820575
2018-07-02,7.98785390317474
2018-07-03,7.9910605276114
2018-07-04,7.99859000271881
2018-07-05,7.99851521294633
2018-07-06,8.00916143645558
2018-07-07,8.00772153592335
2018-07-08,8.00062050217931
2018-07-09,7.99316625119701
2018-07-10,7.99458759225917
2018-07-11,7.98815895319047
2018-07-12,7.98491736030041
2018-07-13,7.98870436729678
2018-07-14,7.99305633060761
2018-07-15,7.99053201947922
2018-07-16,8.01070611850325
2018-07-17,8.02140101091485
2018-07-18,8.01710326972083
2018-07-19,8.01785543663716
2018-07-20,8.01615962310929
2018-07-21,8.00677530146229
2018-07-22,8.03703540083451
2018-07-23,8.02387454005797
2018-07-24,7.99733104359732
2018-07-25,7.97074186202317
2018-07-26,7.95195755835149
2018-07-27,7.93203641260374
2018-07-28,7.90583871667684
2018-07-29,7.89966089018156
2018-07-30,7.89508791812477
2018-07-31,7.88229320333932
2018-08-01,7.86693563815526
2018-08-02,7.86379699567281
2018-08-03,7.85305463869995
2018-08-04,7.83782428677124
2018-08-05,7.82973683438963
2018-08-06,7.8174011844083
2018-08-07,7.83362977501015
2018-08-08,7.8299513527442
2018-08-09,7.81765816775424
2018-08-10,7.80493409200655
2018-08-11,7.80330652351031
2018-08-12,7.801283362278
2018-08-13,7.80585091078363
2018-08-14,7.80840382213003
2018-08-15,7.80712033922117
2018-08-16,7.80978517654837
2018-08-17,7.80649223505127
2018-08-18,7.81240968144552
2018-08-19,7.81366307097502
2018-08-20,7.82779505248743
2018-08-21,7.83302695608755
2018-08-22,7.85099347174651
2018-08-23,7.84750889644763
2018-08-24,7.87348555087144
2018-08-25,7.87856088012319
2018-08-26,7.8858792189643
2018-08-27,7.90063683007361
2018-08-28,7.8681281607205
2018-08-29,7.88866184258337
2018-08-30,7.89921565476213
2018-08-31,7.88499566444953
2018-09-01,7.87324674502354
2018-09-02,7.87109164787944
2018-09-03,7.86210792020777
2018-09-04,7.86499450561257
2018-09-05,7.85926144631534
2018-09-06,7.83871032403299
2018-09-07,7.83283123064194
2018-09-08,7.83110879804027
2018-09-09,7.84570857389855
2018-09-10,7.84826219778321
2018-09-11,7.8608408877939
2018-09-12,7.82722296590262
2018-09-13,7.79837994651562
2018-09-14,7.76680860164583
2018-09-15,7.73860300761854
2018-09-16,7.75519045685135
2018-09-17,7.74436497201244
2018-09-18,7.73619005728023
2018-09-19,7.73071956307497
2018-09-20,7.7271511700633
2018-09-21,7.72111626692791
2018-09-22,7.71687281238259
2018-09-23,7.7125744517082
2018-09-24,7.71044347223313
2018-09-25,7.71232824372126
2018-09-26,7.70648850003672
2018-09-27,7.70192080499624
2018-09-28,7.70794565314218
2018-09-29,7.7023321836072
2018-09-30,7.70831516783929
2018-10-01,7.70836019681998
2018-10-02,7.71206882762884
2018-10-03,7.71514146539261
2018-10-04,7.71907173505338
2018-10-05,7.70390758638107
2018-10-06,7.72149880605471
2018-10-07,7.72761034508142
2018-10-08,7.72538985337554
2018-10-09,7.73375355617489
2018-10-10,7.73000740617603
2018-10-11,7.73062243476656
2018-10-12,7.7273925129463
2018-10-13,7.72761838535345
2018-10-14,7.71741082449652
2018-10-15,7.72556856782942
2018-10-16,7.70205312890506
2018-10-17,7.76145889542879
2018-10-18,7.77761463962827
2018-10-19,7.73481481519694
2018-10-20,7.70351210724967
2018-10-21,7.69104569385147
2018-10-22,7.6879423576342
2018-10-23,7.6753867074569
2018-10-24,7.66701353934621
2018-10-25,7.66953049732301
2018-10-26,7.66839798595097
2018-10-27,7.67451362229104
2018-10-28,7.67641327731259
2018-10-29,7.66095143478568
2018-10-30,7.64935100599383
2018-10-31,7.60958746098255
2018-11-01,7.61250374981745
2018-11-02,7.60673239622885
2018-11-03,7.55637801530267
2018-11-04,7.40589248631745
2018-11-05,7.16747231690563
2018-11-06,7.2798071926146
2018-11-07,7.34552497549789
2018-11-08,7.35147654970762
2018-11-09,7.33908233278917
2018-11-10,7.33387082162582
2018-11-11,7.28287437464822
2018-11-12,7.29091791449768
2018-11-13,7.21448814689287
2018-11-14,7.17931266104589
2018-11-15,7.19657348128814
2018-11-16,7.23498135871205
2018-11-17,7.20704375532123
2018-11-18,7.1184292815487
2018-11-19,7.154668973224
2018-11-20,7.11818425461021
2018-11-21,7.13771943044961
2018-11-22,7.04705629180974
2018-11-23,6.98006823836725
2018-11-24,6.98439188457262
2018-11-25,7.0733815777877
2018-11-26,6.97411755510817
2018-11-27,6.992978781223
2018-11-28,6.94080953608276
2018-11-29,6.96648951419401
2018-11-30,7.04064773055278
2018-12-01,7.12034964504043
2018-12-02,7.09470480251168
2018-12-03,7.22640311396385
2018-12-04,7.19977154415032
2018-12-05,7.0528717264471
2018-12-06,7.1128889830959
2018-12-07,7.14664386452432
2018-12-08,7.20174296101874
2018-12-09,7.18824584913522
2018-12-10,7.17747673611571
2018-12-11,7.1784197934815
2018-12-12,7.19796176950445
2018-12-13,7.21283947571076
2018-12-14,7.24911809411681
2018-12-15,7.29880215705577
2018-12-16,7.31479088879564
2018-12-17,7.2622962886771
2018-12-18,7.23263348785101
2018-12-19,7.1930882774459
2018-12-20,7.10233968637664
2018-12-21,7.22855867401208
2018-12-22,7.16504300012947
2018-12-23,7.1570754718625
2018-12-24,7.0972396905972
2018-12-25,7.10721627558154
2018-12-26,7.11942999230136
2018-12-27,7.12805262232264
2018-12-28,7.09858956921172
2018-12-29,7.06279976374405
2018-12-30,7.03698550969837
2018-12-31,7.03855642834524
2019-01-01,6.98372900950139
2019-01-02,7.01051990221591
2019-01-03,7.01739437180664
2019-01-04,7.01948764798512
2019-01-05,7.06736435191654
2019-01-06,7.07941213854271
2019-01-07,7.04888666207834
2019-01-08,6.91820054960323
2019-01-09,6.96396015950216
2019-01-10,6.93241974583018
2019-01-11,6.9479721832384
2019-01-12,6.95053024888834
2019-01-13,6.96111709699301
2019-01-14,6.88902082174807
2019-01-15,7.01216749894177
2019-01-16,6.99085436299783
2019-01-17,6.89156646712032
2019-01-18,6.8199234124076
2019-01-19,6.74676250590058
2019-01-20,6.66552210318447
2019-01-21,6.56492733207827
2019-01-22,6.53957973312176
2019-01-23,6.59027770574372
2019-01-24,6.953486489571
2019-01-25,6.93396624605958
2019-01-26,6.96549726642456
2019-01-27,6.93110359616
2019-01-28,6.94776130609398
2019-01-29,6.90659451559622
2019-01-30,6.9455810837373
2019-01-31,6.88417981426774
2019-02-01,6.89617428455552
2019-02-02,6.88826359816524
2019-02-03,6.88773644960067
2019-02-04,6.84106559900193
2019-02-05,6.85704446861187
2019-02-06,6.88426751083996
2019-02-07,6.80631473113859
2019-02-08,6.78906648767129
2019-02-09,6.79587450548558
2019-02-10,6.80349471614228
2019-02-11,6.79970761496749
2019-02-12,6.79523260746027
2019-02-13,6.76523788054659
2019-02-14,6.79005406641044
2019-02-15,6.76726273626569
2019-02-16,6.77568295728265
2019-02-17,6.80045729508742
2019-02-18,6.85093394501198
2019-02-19,6.86829191008652
2019-02-20,6.90485132930552
2019-02-21,6.89898725710839
2019-02-22,6.86575254585255
2019-02-23,6.87720814945945
2019-02-24,6.63744616669391
2019-02-25,6.631085739843
2019-02-26,6.60751242787575
2019-02-27,6.633592236466
2019-02-28,6.50186971217902
2019-03-01,6.52494501834746
2019-03-02,6.47726305976344
2019-03-03,6.47203752639461
2019-03-04,6.47868616790934
2019-03-05,6.45586164977501
2019-03-06,6.47364273336668
2019-03-07,6.48637473078076
2019-03-08,6.49996602052759
2019-03-09,6.35339267410099
2019-03-10,6.31401812151842
2019-03-11,6.24679635348273
2019-03-12,6.32297426503531
2019-03-13,6.3111689996839
2019-03-14,6.33112316431665
2019-03-15,6.31789214944957
2019-03-16,6.48547675559705
2019-03-17,6.4958573383066
2019-03-18,6.55464111898783
2019-03-19,6.50128938349696
2019-03-20,6.38119550875301
2019-03-21,6.35578686546346
2019-03-22,6.34165589950421
2019-03-23,6.34359308840512
2019-03-24,6.36953941973764
2019-03-25,6.41093677717645
2019-03-26,6.44501371882532
2019-03-27,6.48593934271901
2019-03-28,6.50082126233527
2019-03-29,6.52501907783173
2019-03-30,6.57306048435947
2019-03-31,6.61779263281042
2019-04-01,6.6959350135826
2019-04-02,6.76950070632959
2019-04-03,6.82017225551266
2019-04-04,6.90279580670488
2019-04-05,6.96655081347469
2019-04-06,7.00308650972893
2019-04-07,7.06642896663248
2019-04-08,7.09181459211128
2019-04-09,7.09013118849253
2019-04-10,7.08914132084222
2019-04-11,7.09564196628106
2019-04-12,7.11453420367778
2019-04-13,7.12426067940246
2019-04-14,7.14509016742643
2019-04-15,7.16197836462641
2019-04-16,7.16364238284052
2019-04-17,7.1543271319451
2019-04-18,7.17247574338236
2019-04-19,7.16939613885825
2019-04-20,7.18835311982151
2019-04-21,7.25939721332783
2019-04-22,7.25857258088465
2019-04-23,7.26849908358201
2019-04-24,7.24611886834414
2019-04-25,7.43753243886674
2019-04-26,7.43575679981837
2019-04-27,7.44069003293954
2019-04-28,7.5399850577861
2019-04-29,7.57357425785774
2019-04-30,7.64677313161112
2019-05-01,7.69660199762012
2019-05-02,7.73566502354648
2019-05-03,7.75271513405554
2019-05-04,7.77003069521513
2019-05-05,7.77226186621083
2019-05-06,7.76933344161933
2019-05-07,7.77467765991001
2019-05-08,7.76750234510933
2019-05-09,7.76849927739578
2019-05-10,7.75624864981251
2019-05-11,7.75899956953066
2019-05-12,7.76699605281889
2019-05-13,7.75751341339588
2019-05-14,7.79156354778141
2019-05-15,7.80305168462934
2019-05-16,7.81890400419182
2019-05-17,7.81415816309972
2019-05-18,7.79800147928049
2019-05-19,7.80181390496292
2019-05-20,7.80318182089825
2019-05-21,7.78708590996896
2019-05-22,7.79248768405249
2019-05-23,7.76260110851455
2019-05-24,7.76855698778292
2019-05-25,7.75110510890031
2019-05-26,7.71441697730981
2019-05-27,7.70502350250732
2019-05-28,7.68066828001334
2019-05-29,7.70337521035459
2019-05-30,7.71426336349828
2019-05-31,7.7517952536564
2019-06-01,7.75989179141327
2019-06-02,7.77124122954922
2019-06-03,7.77295223573247
2019-06-04,7.79256084493146
2019-06-05,7.8051602826663
2019-06-06,7.82506971973207
2019-06-07,7.84714983733656
2019-06-08,7.84772482247342
2019-06-09,7.85500173536925
2019-06-10,7.84366908229888
2019-06-11,7.84104944472772
2019-06-12,7.84603426215549
2019-06-13,7.85255483222149
2019-06-14,7.85921499231277
2019-06-15,7.84084563892138
2019-06-16,7.836574566716
2019-06-17,7.85317839038876
2019-06-18,7.85959262375523
2019-06-19,7.85896139849081
2019-06-20,7.85580132122983
2019-06-21,7.84854779030905
2019-06-22,7.86165436706463
2019-06-23,7.88162330402538
2019-06-24,7.89122627618887
2019-06-25,7.89581639577298
2019-06-26,7.9004470917748
2019-06-27,7.90860530060212
2019-06-28,7.91245818129418
2019-06-29,7.93374814064816
2019-06-30,7.9347933158418
2019-07-01,7.9271581803362
2019-07-02,7.90938549535199
2019-07-03,7.90722899933429
2019-07-04,7.9194012952395
2019-07-05,7.92577225528173
2019-07-06,7.93021372109504
2019-07-07,7.94377468545341
2019-07-08,7.94644121966822
2019-07-09,7.9385003568229
2019-07-10,7.93777879843035
2019-07-11,7.94177191350748
2019-07-12,7.9430952437852
2019-07-13,7.95091092927151
2019-07-14,7.95515183739042
2019-07-15,7.95268190283774
2019-07-16,7.96811743526985
2019-07-17,7.98442885293674
2019-07-18,8.00216093409597
2019-07-19,8.02545568216281
2019-07-20,8.02386777286058
2019-07-21,8.04825621173149
2019-07-22,8.02137232885839
2019-07-23,7.99186217935895
2019-07-24,7.97155804697855
2019-07-25,7.96050923352083
2019-07-26,7.97488260261537
2019-07-27,7.97616830232195
2019-07-28,7.97543283071924
2019-07-29,7.97808065941035
2019-07-30,7.96173736378843
2019-07-31,7.94691758115723
2019-08-01,7.94447097563513
2019-08-02,7.93396774640508
2019-08-03,7.94860801987447
2019-08-04,7.94062171146031
2019-08-05,7.94750012105015
2019-08-06,7.9602473144869
2019-08-07,7.96300507335235
2019-08-08,7.96610170610059
2019-08-09,7.97202809477499
2019-08-10,7.95994087880418
2019-08-11,7.9611537597265
2019-08-12,7.95926807208041
2019-08-13,7.96723670553164
2019-08-14,7.95645564458122
2019-08-15,7.97688066704052
2019-08-16,7.97388274064655
2019-08-17,7.96274842348546
2019-08-18,7.95960924090276
2019-08-19,7.95674117323867
2019-08-20,7.97638531849784
2019-08-21,7.92552977600455
2019-08-22,7.89593014582465
2019-08-23,7.88996616448432
2019-08-24,7.87631009834292
2019-08-25,7.876661900667
2019-08-26,7.87341189655589
2019-08-27,7.87671879991137
2019-08-28,7.88136653241408
2019-08-29,7.88161077154631
2019-08-30,7.88576404839086
2019-08-31,7.85659855205232
2019-09-01,7.84771846449445
2019-09-02,7.84080268787553
2019-09-03,7.84308116730183
2019-09-04,7.84309968756483
2019-09-05,7.84560463464253
2019-09-06,7.84027505933567
2019-09-07,7.84159910753459
2019-09-08,7.84846144383447
2019-09-09,7.84157779479135
2019-09-10,7.82266607601439
2019-09-11,7.80188723586973
2019-09-12,7.80143616655927
2019-09-13,7.76707724051828
2019-09-14,7.76327511096264
2019-09-15,7.7633100291043
2019-09-16,7.7833777249523
2019-09-17,7.78724286958686
2019-09-18,7.82310857605148
2019-09-19,7.82827754401466
2019-09-20,7.80294544535094
2019-09-21,7.80172533509524
2019-09-22,7.78144971633673
2019-09-23,7.78014276915381
2019-09-24,7.78592677251735
2019-09-25,7.72371947806364
2019-09-26,7.7276452593353
2019-09-27,7.69561645292422
2019-09-28,7.70340737521798
2019-09-29,7.75767572843275
2019-09-30,7.76421619635066
2019-10-01,7.75307899393956
2019-10-02,7.74230866869936
2019-10-03,7.71628677666137
2019-10-04,7.7090158475365
2019-10-05,7.7053269222898
2019-10-06,7.70697654110301
2019-10-07,7.70936583167734
2019-10-08,7.73611749029139
2019-10-09,7.74677236553954
2019-10-10,7.74854707618687
2019-10-11,7.75244325425155
2019-10-12,7.7494246170048
2019-10-13,7.75881588452016
2019-10-14,7.76335611126466
2019-10-15,7.74332773102462
2019-10-16,7.74368995056508
2019-10-17,7.72111969358306
2019-10-18,7.67492095218987
2019-10-19,7.6198622206606
2019-10-20,7.71283706113541
2019-10-21,7.7196024305172
2019-10-22,7.73480701341697
2019-10-23,7.64985292893532
2019-10-24,7.74441486782517
2019-10-25,7.77926140150783
2019-10-26,7.89291566528922
2019-10-27,7.99384217970187
2019-10-28,8.02184958430854
2019-10-29,7.84327715635706
2019-10-30,7.84395158960741
2019-10-31,7.84165380432413
2019-11-01,7.89934158644464
2019-11-02,7.94945015060593
2019-11-03,7.92488053842111
2019-11-04,7.92187020281247
2019-11-05,7.90861321786985
2019-11-06,7.84712731964692
2019-11-07,7.82332324817823
2019-11-08,7.76133537335816
2019-11-09,7.73560100148748
2019-11-10,7.73347693584418
2019-11-11,7.76117838304506
2019-11-12,7.68933762585855
2019-11-13,7.59179403818156
2019-11-14,7.60140992530764
2019-11-15,7.51300376303056
2019-11-16,7.4952955021659
2019-11-17,7.4707791544251
2019-11-18,7.40853521023416
2019-11-19,7.30751261478565
2019-11-20,7.24149946513967
2019-11-21,7.21198056739054
2019-11-22,7.18722911405016
2019-11-23,6.97748143298653
2019-11-24,7.03976003786115
2019-11-25,7.00940513285724
2019-11-26,7.00515482139727
2019-11-27,6.94251336274895
2019-11-28,6.97347033706221
2019-11-29,6.99980187443691
2019-11-30,7.01258551953479
2019-12-01,7.04020725887
2019-12-02,7.02581360466517
2019-12-03,7.05286118645594
2019-12-04,7.08789094095981
2019-12-05,7.10466069269058
2019-12-06,7.1452764488111
2019-12-07,7.15906989499673
2019-12-08,7.18759182801502
2019-12-09,7.31061028358974
2019-12-10,7.22701604540435
2019-12-11,7.06980344405861
2019-12-12,7.32327647407295
2019-12-13,7.45611835817817
2019-12-14,7.33902713053488
2019-12-15,7.50694797446408
2019-12-16,7.60220638974653
2019-12-17,7.54813824378603
2019-12-18,7.47816645045307
2019-12-19,7.49620523823632
2019-12-20,7.41491516710351
2019-12-21,7.34351979792442
2019-12-22,7.25180758063124
2019-12-23,7.2066125349486
2019-12-24,7.20651572527378
2019-12-25,7.15721137219194
2019-12-26,7.08703187468543
2019-12-27,7.07238127949155
2019-12-28,7.13061800793311
2019-12-29,7.0712218042776
2019-12-30,7.07077947575717
2019-12-31,6.89859401281125
2020-01-01,6.86867509807004
2020-01-02,6.90789572436576
2020-01-03,6.98004832578284
2020-01-04,6.92765057545442
2020-01-05,7.0030515598635
2020-01-06,6.99033663700584
2020-01-07,7.00990744924496
2020-01-08,6.9516738351283
2020-01-09,6.9888922975497
2020-01-10,6.81529022306118
2020-01-11,6.85786389351935
2020-01-12,6.75634772284397
2020-01-13,6.76815827767012
2020-01-14,6.76405012723917
2020-01-15,6.84263498563591
2020-01-16,6.84905101554718
2020-01-17,6.8107067394241
2020-01-18,6.80411407077501
2020-01-19,6.7248838524287
2020-01-20,6.69769558412571
2020-01-21,6.66845146246746
2020-01-22,6.75905025343154
2020-01-23,6.69324819170797
2020-01-24,6.72455842214147
2020-01-25,6.60638583111526
2020-01-26,6.59216023088953
2020-01-27,6.58649777119295
2020-01-28,6.56329836542375
2020-01-29,6.49630250846164
2020-01-30,6.48502779619903
2020-01-31,6.43507425359025
2020-02-01,6.50172118537492
2020-02-02,6.50209738380258
2020-02-03,6.54882152422936
2020-02-04,6.51996255454783
2020-02-05,6.61852447545011
2020-02-06,6.57030818912726
2020-02-07,6.52238126143343
2020-02-08,6.56059398473033
2020-02-09,6.54703633264877
2020-02-10,6.5738724132688
2020-02-11,6.60763280834602
2020-02-12,6.59463287691223
2020-02-13,6.60617946504947
2020-02-14,6.5922636149822
2020-02-15,6.57788937001517
2020-02-16,6.55045750830523
2020-02-17,6.53615030858304
2020-02-18,6.48996929595714
2020-02-19,6.5100294463137
2020-02-20,6.463676001536
2020-02-21,6.43405461371835
2020-02-22,6.44353714361145
2020-02-23,6.44971753736754
2020-02-24,6.34291304989961
2020-02-25,6.41800429158853
2020-02-26,6.40068817876413
2020-02-27,6.35009833377907
2020-02-28,6.37764846947614
2020-02-29,6.36529250793731
2020-03-01,6.35306899344613
2020-03-02,6.34731841881841
2020-03-03,6.37888805791947
2020-03-04,6.42926113716376
2020-03-05,6.4613417107187
2020-03-06,6.53785453358404
2020-03-07,6.62973964602456
2020-03-08,6.62180880766675
2020-03-09,6.63010823985257
2020-03-10,6.39325194471751
2020-03-11,6.44525216360674
2020-03-12,6.46866204942891
2020-03-13,6.47304680610532
2020-03-14,6.49000537186155
2020-03-15,6.48875882283658
2020-03-16,6.54243706353378
2020-03-17,6.44851935391019
2020-03-18,6.46318825818607
2020-03-19,6.48238920770321
2020-03-20,6.50522063168376
2020-03-21,6.52196651476027
2020-03-22,6.54086172853639
2020-03-23,6.58828688844716
2020-03-24,6.65890346108255
2020-03-25,6.64265345172276
2020-03-26,6.65390498785884
2020-03-27,6.71423586973139
2020-03-28,6.75782085243837
2020-03-29,6.79919072666362
2020-03-30,6.82237210941351
2020-03-31,6.84323809456234
2020-04-01,6.86453048337082
2020-04-02,6.92348730430887
2020-04-03,6.95446275261205
2020-04-04,6.9890693941009
2020-04-05,7.01454065230175
2020-04-06,7.02370093430153
2020-04-07,7.07461548209272
2020-04-08,7.10363011791966
2020-04-09,7.14598825997513
2020-04-10,7.20358425707086
2020-04-11,7.24424277851787
2020-04-12,7.3000617758739
2020-04-13,7.32445741905529
2020-04-14,7.3790168296872
2020-04-15,7.45171619858119
2020-04-16,7.51427266412903
2020-04-17,7.55800560145776
2020-04-18,7.5769346576337
2020-04-19,7.63355142118685
2020-04-20,7.66747814022369
2020-04-21,7.70035805372275
2020-04-22,7.72335680178149
2020-04-23,7.74272426092193
2020-04-24,7.78307279386207
2020-04-25,7.80174225396169
2020-04-26,7.80994417696581
2020-04-27,7.81860410418791
2020-04-28,7.81141920224217
2020-04-29,7.82046088375018
2020-04-30,7.82184998427379
2020-05-01,7.82069400535117
2020-05-02,7.82768647888125
2020-05-03,7.81351401511382
2020-05-04,7.80043674547719
2020-05-05,7.80488538962571
2020-05-06,7.81358208645655
2020-05-07,7.81828425070717
2020-05-08,7.81698397165747
2020-05-09,7.82471501814853
2020-05-10,7.84219383866446
2020-05-11,7.86610741267532
2020-05-12,7.88060798398995
2020-05-13,7.89065109568855
2020-05-14,7.9006840454118
2020-05-15,7.89379349366276
2020-05-16,7.90969749383022
2020-05-17,7.92829514081473
2020-05-18,7.93309799631313
2020-05-19,7.94455957229006
2020-05-20,7.96289052726796
2020-05-21,7.97586331190776
2020-05-22,7.99948247505366
2020-05-23,8.0220620239853
2020-05-24,8.03516862077182
2020-05-25,8.03785742768054
2020-05-26,8.0500319304227
2020-05-27,8.05739151498327
2020-05-28,8.05516640152372
2020-05-29,8.03456432795177
2020-05-30,8.02222269532133
2020-05-31,8.04554412435575
2020-06-01,8.05197890309158
2020-06-02,8.12773273534146
2020-06-03,8.1541720886836
2020-06-04,8.15623664986873
2020-06-05,8.06859453849332
2020-06-06,8.05015776501376
2020-06-07,8.03525989575926
2020-06-08,8.02719593028095
2020-06-09,8.0240056174142
2020-06-10,8.0115462602702
2020-06-11,8.00102096645126
2020-06-12,8.00289018273756
2020-06-13,8.0022863677252
2020-06-14,8.00105432765363
2020-06-15,8.0002184816771
2020-06-16,7.9911712590893
2020-06-17,7.98533788355758
2020-06-18,7.9775829617656
2020-06-19,7.97603879125902
2020-06-20,7.97470604958251
2020-06-21,7.96759572694872
2020-06-22,7.97207372358565
2020-06-23,7.97276426409313
2020-06-24,7.95432726037386
2020-06-25,7.92625651162598
2020-06-26,7.90663327501469
2020-06-27,7.91192273145767
2020-06-28,7.91413694633953
2020-06-29,7.9178487092189
2020-06-30,7.9478996278531
2020-07-01,7.95356538397406
2020-07-02,7.97000544813036
2020-07-03,7.96206560798678
2020-07-04,7.98194873974903
2020-07-05,7.95462832668179
2020-07-06,7.96046182695503
2020-07-07,7.96408152511618
2020-07-08,7.95959869692868
2020-07-09,7.95857041886103
2020-07-10,7.95220283790006
2020-07-11,7.94252930778202
2020-07-12,7.94385394334681
2020-07-13,7.95507322770057
2020-07-14,7.96190400075749
2020-07-15,7.97561362362196
2020-07-16,7.96564174684941
2020-07-17,7.98348517596779
2020-07-18,7.96580720889142
2020-07-19,7.94675826416424
2020-07-20,7.92978758916481
2020-07-21,7.92771929613114
2020-07-22,7.91946237000568
2020-07-23,7.91306713407568
2020-07-24,7.90356811436785
2020-07-25,7.89669829314666
2020-07-26,7.86232707153049
2020-07-27,7.84983588760401
2020-07-28,7.85976677131018
2020-07-29,7.85277344520866
2020-07-30,7.85421865942535
2020-07-31,7.85313578675105
2020-08-01,7.86417110006988
2020-08-02,7.89618805172681
2020-08-03,7.89748502963239
2020-08-04,7.89621374494841
2020-08-05,7.91433868262681
2020-08-06,7.90030253094324
2020-08-07,7.90767614490483
2020-08-08,7.90980002644905
2020-08-09,7.93247389845289
2020-08-10,7.92119415358175
2020-08-11,7.90804716232715
2020-08-12,7.89434277728087
2020-08-13,7.90315692035711
2020-08-14,7.90247821674828
2020-08-15,7.8983963162998
2020-08-16,7.89384481549652
2020-08-17,7.87935318959905
2020-08-18,7.87319303782364
2020-08-19,7.85550561832951
2020-08-20,7.84228856910317
2020-08-21,7.84088436858558
2020-08-22,7.86096497523823
2020-08-23,7.83914002826573
2020-08-24,7.84876507215748
2020-08-25,7.85650126692647
2020-08-26,7.88126791903499
2020-08-27,7.8981987098157
2020-08-28,7.90688059773964
2020-08-29,7.93779733973862
2020-08-30,7.95635093297477
2020-08-31,7.94743616772719
2020-09-01,7.96898990655107
2020-09-02,7.9525209497935
2020-09-03,7.9381804181456
2020-09-04,7.89561282709663
2020-09-05,7.82558511009728
2020-09-06,7.80645710647453
2020-09-07,7.74630603988364
2020-09-08,7.74186630510725
2020-09-09,7.74072330316652
2020-09-10,7.74375912879902
2020-09-11,7.74147705144689
2020-09-12,7.73145451945302
2020-09-13,7.72937212793555
2020-09-14,7.73139200570963
2020-09-15,7.73572543079891
2020-09-16,7.73472779507536
2020-09-17,7.73568900698009
2020-09-18,7.73207311092943
2020-09-19,7.72771125963122
2020-09-20,7.727099981647
2020-09-21,7.74292677986562
2020-09-22,7.75396267625563
2020-09-23,7.8050501539444
2020-09-24,7.84409249160251
2020-09-25,7.8384825569054
2020-09-26,7.8341453113207
2020-09-27,7.81185569489366
2020-09-28,7.80945985721152
2020-09-29,7.8215072968251
2020-09-30,7.81643808976272
2020-10-01,7.93197116296913
2020-10-02,7.94749959257416
2020-10-03,7.9752629751926
2020-10-04,7.97471774801634
2020-10-05,7.97225829097952
2020-10-06,7.97564793042685
2020-10-07,8.01744679219782
2020-10-08,7.83901377726454
2020-10-09,7.90156633655059
2020-10-10,7.91254207719077
2020-10-11,7.93207046156363
2020-10-12,7.85934588223854
2020-10-13,7.95907938399706
2020-10-14,8.11527983572136
2020-10-15,8.08342773358332
2020-10-16,8.1065670851076
2020-10-17,8.05598733468075
2020-10-18,8.02701992122611
2020-10-19,7.9760781267026
2020-10-20,7.98240945742789
2020-10-21,7.95612782702742
2020-10-22,7.93315288478983
2020-10-23,7.9157718845325
2020-10-24,7.8541435944473
2020-10-25,7.85955087101746
2020-10-26,7.85801983485806
2020-10-27,7.83015741219943
2020-10-28,7.85343962493829
2020-10-29,7.89027007074053
2020-10-30,7.38813281520492
2020-10-31,7.52196240588933
2020-11-01,7.48916421347856
2020-11-02,7.50544174812234
2020-11-03,7.51098438198151
2020-11-04,7.51688167502338
2020-11-05,7.51318743418201
2020-11-06,7.59349063205743
2020-11-07,7.57902167159607
2020-11-08,7.58827031136586
2020-11-09,7.65426004845958
2020-11-10,7.6541875329443
2020-11-11,7.62945921480822
2020-11-12,7.644468822602
2020-11-13,7.6180685766858
2020-11-14,7.54505604346993
2020-11-15,7.68101160898685
2020-11-16,7.64812222559948
2020-11-17,7.65250542951843
2020-11-18,7.67363221925557
2020-11-19,7.67501749376399
2020-11-20,7.73535672893004
2020-11-21,7.73485966585738
2020-11-22,7.66304685205618
2020-11-23,7.61216905169091
2020-11-24,7.62559196834656
2020-11-25,7.60093441996897
2020-11-26,7.57432752657391
2020-11-27,7.56896561643481
2020-11-28,7.53480936800164
2020-11-29,7.54219468962772
2020-11-30,7.60761896465946
2020-12-01,7.57674342958818
2020-12-02,7.58366080638509
2020-12-03,7.60110816109054
2020-12-04,7.61656365559731
2020-12-05,7.71555548872953
2020-12-06,7.72360132606166
2020-12-07,7.72681292478709
2020-12-08,7.64496189700285
2020-12-09,7.6254709539558
2020-12-10,7.60571167941171
2020-12-11,7.62035351020706
2020-12-12,7.63520979018524
2020-12-13,7.58514471971429
2020-12-14,7.52747678530278
2020-12-15,7.46912517273728
2020-12-16,7.62631912721394
2020-12-17,7.65745277710777
2020-12-18,7.65631919144701
2020-12-19,7.68030732553007
2020-12-20,7.60903854844953
2020-12-21,7.39053762587452
2020-12-22,7.40040522799639
2020-12-23,7.32404117217431
2020-12-24,7.29203867357608
2020-12-25,7.16447924151279
2020-12-26,7.08545315392138
2020-12-27,7.07037128998825
2020-12-28,7.08260733974177
2020-12-29,7.09010415930089
2020-12-30,7.22498434838424
2020-12-31,7.17074860990299
2021-01-01,7.16370395226912
2021-01-02,7.12331434483751
2021-01-03,7.01926816562363
2021-01-04,6.92608837455752
2021-01-05,6.87847095374724
2021-01-06,7.02146849626325
2021-01-07,6.961857585243
2021-01-08,6.96983339821183
2021-01-09,6.94775890950951
2021-01-10,6.95204915756661
2021-01-11,6.96938109868242
2021-01-12,6.93092233349678
2021-01-13,6.96494560634863
2021-01-14,7.03521866411075
2021-01-15,7.04422573510303
2021-01-16,7.10877493022683
2021-01-17,7.21766818920983
2021-01-18,7.08771845858679
2021-01-19,7.07797360006533
2021-01-20,7.11483670085352
2021-01-21,7.09352183952033
2021-01-22,7.09415293620558
2021-01-23,6.75967521690079
2021-01-24,6.62602991894607
2021-01-25,6.6312185873295
2021-01-26,6.64961232003222
2021-01-27,6.6716564257372
2021-01-28,6.71641383261523
2021-01-29,6.58483801765756
2021-01-30,6.56473008432735
2021-01-31,6.54955458812131
2021-02-01,6.3868748054616
2021-02-02,6.34677155581262
2021-02-03,6.46884394792025
2021-02-04,6.56050723793383
2021-02-05,6.57156760752814
2021-02-06,6.57349390807091
2021-02-07,6.57716759448817
2021-02-08,6.61479007990103
2021-02-09,6.63362859866143
2021-02-10,6.62940434044268
2021-02-11,6.67036489673366
2021-02-12,6.61264234905224
2021-02-13,6.64716132976299
2021-02-14,6.60808001306147
2021-02-15,6.60677467161301
2021-02-16,6.59873640333987
2021-02-17,6.70701824506745
2021-02-18,6.72916542897582
2021-02-19,6.70257775015705
2021-02-20,6.6993730072926
2021-02-21,6.70873198928306
2021-02-22,6.72214995897136
2021-02-23,6.71466748921219
2021-02-24,6.63820961143803
2021-02-25,6.63137756204558
2021-02-26,6.63490113515349
2021-02-27,6.65730475695836
2021-02-28,6.67654384705643
2021-03-01,6.58912122113353
2021-03-02,6.64103969287342
2021-03-03,6.55746771936757
2021-03-04,6.56243824852434
2021-03-05,6.629979793584
2021-03-06,6.61957541270035
2021-03-07,6.58520646594483
2021-03-08,6.50648780058653
2021-03-09,6.37569151860999
2021-03-10,6.3194137671585
2021-03-11,6.25916789633633
2021-03-12,6.28971614973395
2021-03-13,6.30300132696752
2021-03-14,6.29056960420696
2021-03-15,6.28030308882701
2021-03-16,6.28806471336003
2021-03-17,6.32098871330882
2021-03-18,6.3305916329122
2021-03-19,6.35743464935097
2021-03-20,6.27501240838429
2021-03-21,6.26106346225922
2021-03-22,6.24180917052962
2021-03-23,6.22620874413268
2021-03-24,6.25285820671349
2021-03-25,6.1972113203358
2021-03-26,6.16559951777528
2021-03-27,6.31400533624745
2021-03-28,6.49874339690094
2021-03-29,6.47712563310158
2021-03-30,6.3146482001136
2021-03-31,6.30408131520714
2021-04-01,6.30928849414959
2021-04-02,6.39027307951572
2021-04-03,6.394899233273
2021-04-04,6.41599648940865
2021-04-05,6.43812091651886
2021-04-06,6.4664617525158
2021-04-07,6.44776851319979
2021-04-08,6.48164649579669
2021-04-09,6.52098472988519
2021-04-10,6.57737524350116
2021-04-11,6.66812814795122
2021-04-12,6.71622422805534
2021-04-13,6.77270342030333
2021-04-14,6.79628375022673
2021-04-15,6.86316137066191
2021-04-16,6.89089812156901
2021-04-17,6.92546361408201
2021-04-18,6.98054647319995
2021-04-19,7.01615766638832
2021-04-20,7.1581494025025
2021-04-21,7.16056588063321
2021-04-22,7.17207599561426
2021-04-23,7.19003737739645
2021-04-24,7.21545072272521
2021-04-25,7.24443380686194
2021-04-26,7.2798903678956
2021-04-27,7.32319070050029
2021-04-28,7.3475908112404
2021-04-29,7.37346358729058
2021-04-30,7.42387864399972
2021-05-01,7.4954474782256
2021-05-02,7.67951448021621
2021-05-03,7.66141034378723
2021-05-04,7.66605826836269
2021-05-05,7.72587925014732
2021-05-06,7.73768109450859
2021-05-07,7.75820235011337
2021-05-08,7.80767969929396
2021-05-09,7.80605551521902
2021-05-10,7.80363324175904
2021-05-11,7.80683285021588
2021-05-12,7.80419954983646
2021-05-13,7.80950505634869
2021-05-14,7.81060718732357
2021-05-15,7.81673539669793
2021-05-16,7.81858939253638
2021-05-17,7.81886794583259
2021-05-18,7.81975802483193
2021-05-19,7.80617166622666
2021-05-20,7.79184315978507
2021-05-21,7.79649128045884
2021-05-22,7.81808986537303
2021-05-23,7.84254582645447
2021-05-24,7.85172672129656
2021-05-25,7.86250626780581
2021-05-26,7.87193801600778
2021-05-27,7.87335124909135
2021-05-28,7.8758659432406
2021-05-29,7.88598310642613
2021-05-30,7.88139618035941
2021-05-31,7.9214787521786
2021-06-01,7.94512174229936
2021-06-02,7.95637901006317
2021-06-03,7.96079288496264
2021-06-04,7.97246453071511
2021-06-05,7.98336976634021
2021-06-06,7.9905387883376
2021-06-07,8.01782762717298
2021-06-08,8.04128108560918
2021-06-09,8.0561556057288
2021-06-10,8.07148726252245
2021-06-11,8.07802707469852
2021-06-12,8.08570095406883
2021-06-13,8.09660734795431
2021-06-14,8.10400264819413
2021-06-15,8.11135847922161
2021-06-16,8.11902021609012
2021-06-17,8.12600081654426
2021-06-18,8.11659161799554
2021-06-19,8.11747648850932
2021-06-20,8.10982414941051
2021-06-21,8.10565168301608
2021-06-22,8.1041206833029
2021-06-23,8.08514045459484
2021-06-24,8.06576490583463
2021-06-25,8.01542259175526
2021-06-26,8.00239787354465
2021-06-27,7.95992381707321
2021-06-28,7.95909430287716
2021-06-29,7.9544003364018
2021-06-30,7.9441819304199
2021-07-01,7.94586289534106
2021-07-02,7.95204580269851
2021-07-03,7.95929479011779
2021-07-04,7.95172944029011
2021-07-05,7.95735867210682
2021-07-06,7.94054418488259
2021-07-07,7.92992118996048
2021-07-08,7.91892730011839
2021-07-09,7.91847524907357
2021-07-10,7.91665743177927
2021-07-11,7.90740473702149
2021-07-12,7.8998292646422
2021-07-13,7.89841269943843
2021-07-14,7.89119951260389
2021-07-15,7.88242664946206
2021-07-16,7.88882306095526
2021-07-17,7.88099516345223
2021-07-18,7.87737216562886
2021-07-19,7.87148695801457
2021-07-20,7.87655516961086
2021-07-21,7.86825490173393
2021-07-22,7.85508974996364
2021-07-23,7.8388599200218
2021-07-24,7.84244155028309
2021-07-25,7.8352274206575
2021-07-26,7.83522314459137
2021-07-27,7.82769783811963
2021-07-28,7.82683354300336
2021-07-29,7.82156169133714
2021-07-30,7.81250690988331
2021-07-31,7.82045508470281
2021-08-01,7.81187163932784
2021-08-02,7.8100442275619
2021-08-03,7.80652219838507
2021-08-04,7.80171623350623
2021-08-05,7.81644455813059
2021-08-06,7.81509577369169
2021-08-07,7.79744910184629
2021-08-08,7.80395799175774
2021-08-09,7.80987606479708
2021-08-10,7.825810039678
2021-08-11,7.82669299462535
2021-08-12,7.8633440017194
2021-08-13,7.88046174576106
2021-08-14,7.88438382158626
2021-08-15,7.86704296111457
2021-08-16,7.84463520469246
2021-08-17,7.852953243783
2021-08-18,7.85387608804482
2021-08-19,7.85461645993004
2021-08-20,7.84616586066219
2021-08-21,7.83261245584478
2021-08-22,7.83100828164931
2021-08-23,7.83804225678827
2021-08-24,7.83559391989872
2021-08-25,7.83464451520279
2021-08-26,7.83978245935989
2021-08-27,7.83569378022367
2021-08-28,7.82671695028747
2021-08-29,7.81508503821147
2021-08-30,7.81344165913211
2021-08-31,7.80902257209356
2021-09-01,7.80559986487957
2021-09-02,7.79315297703929
2021-09-03,7.79198036262208
2021-09-04,7.79388205706144
2021-09-05,7.78392818180657
2021-09-06,7.79440806981013
2021-09-07,7.79089740733949
2021-09-08,7.79095846622983
2021-09-09,7.79768945324885
2021-09-10,7.79844383942401
2021-09-11,7.81302926655449
2021-09-12,7.81044778052004
2021-09-13,7.79743705579894
2021-09-14,7.7977484063785
2021-09-15,7.73754384205479
2021-09-16,7.56597799009398
2021-09-17,7.59186099018416
2021-09-18,7.60038104053879
2021-09-19,7.54934374457593
2021-09-20,7.75807696319504
2021-09-21,7.89459906395406
2021-09-22,7.83635559693846
2021-09-23,7.80068410584929
2021-09-24,7.7863418078562
2021-09-25,7.86848256316279
2021-09-26,7.89028528183749
2021-09-27,7.72156160364969
2021-09-28,7.62751052739036
2021-09-29,7.67197153473935
2021-09-30,7.67268036323018
2021-10-01,7.67785979876038
2021-10-02,7.73139969029534
2021-10-03,7.75709547525682
2021-10-04,7.76029601041915
2021-10-05,7.75924431143915
2021-10-06,7.78778625427209
2021-10-07,7.72012624513182
2021-10-08,7.67069955687519
2021-10-09,7.7610717816672
2021-10-10,7.76024151762753
2021-10-11,7.75196007502268
2021-10-12,7.75826194680831
2021-10-13,7.76580193160762
2021-10-14,7.75937474170514
2021-10-15,7.76355730868601
2021-10-16,7.77121748519761
2021-10-17,7.77728806949093
2021-10-18,7.78367125256482
2021-10-19,7.78437251857897
2021-10-20,7.79449427624725
2021-10-21,7.79326038284035
2021-10-22,7.79723252216706
2021-10-23,7.81008425025834
2021-10-24,7.81538695870581
2021-10-25,7.8296137124781
2021-10-26,7.75620998672737
2021-10-27,7.75181637045482
2021-10-28,7.77122310006878
2021-10-29,7.75841794960105
2021-10-30,7.9233933105697
2021-10-31,7.98076035935783
2021-11-01,7.94076148008278
2021-11-02,7.89908204049421
2021-11-03,7.82380083859817
2021-11-04,7.85143936946477
2021-11-05,7.70976806390214
2021-11-06,7.67623178413845
2021-11-07,7.71766472051522
2021-11-08,7.62277133263868
2021-11-09,7.64948600936504
2021-11-10,7.64702657331803
2021-11-11,7.64084444642214
2021-11-12,7.64212888404347
2021-11-13,7.81583532864276
2021-11-14,7.79044541929419
2021-11-15,7.720269661995
2021-11-16,7.62757299458498
2021-11-17,7.58880640600181
2021-11-18,7.42483904982691
2021-11-19,7.39851774183997
2021-11-20,7.37419261507306
2021-11-21,7.41711633467743
2021-11-22,7.43629154631173
2021-11-23,7.46349728919793
2021-11-24,7.50220833163177
2021-11-25,7.39140584069757
2021-11-26,7.425265182464
2021-11-27,7.45842312063741
2021-11-28,7.46950391215904
2021-11-29,7.45134156686362
2021-11-30,7.46841371781957
2021-12-01,7.50908702587199
2021-12-02,7.54610755798429
2021-12-03,7.54381125008822
2021-12-04,7.57486976047411
2021-12-05,7.60391384617992
2021-12-06,7.62748897655159
2021-12-07,7.60962686952825
2021-12-08,7.55324765516808
2021-12-09,7.47362582149857
2021-12-10,7.45131706980194
2021-12-11,7.36466869492389
2021-12-12,7.48184069843224
2021-12-13,7.393857602138
2021-12-14,7.34893540061839
2021-12-15,7.42959732743549
2021-12-16,7.4852523185087
2021-12-17,7.33641780689053
2021-12-18,7.27096894056678
2021-12-19,7.23228883013825
2021-12-20,7.12825900474941
2021-12-21,6.95487391007181
2021-12-22,6.95096784131146
2021-12-23,7.08684433727607
2021-12-24,7.06448678286427
2021-12-25,7.10860966960428
2021-12-26,7.16959066217374
2021-12-27,7.16931707382502
2021-12-28,7.04190498248927
2021-12-29,7.05443800947863
2021-12-30,7.25708016773794
2021-12-31,7.09196441744665
2022-01-01,6.79361775788982
2022-01-02,6.75818867310608
2022-01-03,6.80543345236446
2022-01-04,6.80515681459736
2022-01-05,6.8132521393683
2022-01-06,6.88495519603356
2022-01-07,6.92232542179891
2022-01-08,6.87299392552973
2022-01-09,6.91306218483057
2022-01-10,6.9285661424996
2022-01-11,6.92692966226083
2022-01-12,6.87046963174367
2022-01-13,6.88456030464574
2022-01-14,6.84695915803282
2022-01-15,6.79483139779833
2022-01-16,6.79089397522637
2022-01-17,6.84340184713006
2022-01-18,6.79363473327404
2022-01-19,6.72515860294774
2022-01-20,6.72361097398634
2022-01-21,6.6579539910705
2022-01-22,6.71518071993882
2022-01-23,6.66306029816687
2022-01-24,6.6803711871479
2022-01-25,6.6277501717671
2022-01-26,6.61005258470344
2022-01-27,6.58309811723781
2022-01-28,6.57864360719902
2022-01-29,6.56810886664707
2022-01-30,6.5872332642609
2022-01-31,6.59724990310331
2022-02-01,6.5948369902343
2022-02-02,6.5614409980899
2022-02-03,6.60311161584624
2022-02-04,6.59605089624319
2022-02-05,6.59161275249711
2022-02-06,6.52268931077793
2022-02-07,6.4625261174082
2022-02-08,6.40590517367676
2022-02-09,6.39057015989232
2022-02-10,6.3759377191255
2022-02-11,6.37167439512071
2022-02-12,6.39255913234499
2022-02-13,6.41949149339413
2022-02-14,6.39351176086106
2022-02-15,6.37098331931765
2022-02-16,6.36755465608352
2022-02-17,6.36832061209781
2022-02-18,6.34874086700493
2022-02-19,6.35984590465417
2022-02-20,6.3770165631217
2022-02-21,6.36943864243075
2022-02-22,6.46104343356491
2022-02-23,6.53868119079072
2022-02-24,6.68086600339613
2022-02-25,6.70211015084877
2022-02-26,6.69585306825438
2022-02-27,6.69133673918739
2022-02-28,6.67149169347846
2022-03-01,6.65723904731157
2022-03-02,6.81892949935781
2022-03-03,6.66099457031158
2022-03-04,6.60899765374286
2022-03-05,6.51292044172397
2022-03-06,6.45907245208965
2022-03-07,6.3862887348063
2022-03-08,6.37484349982415
2022-03-09,6.35888630154764
2022-03-10,6.35091931711339
2022-03-11,6.31315993761296
2022-03-12,6.31274650118507
2022-03-13,6.3174591919715
2022-03-14,6.32486525333869
2022-03-15,6.3213366183889
2022-03-16,6.33191818611992
2022-03-17,6.32754645270545
2022-03-18,6.2728666044272
2022-03-19,6.34421888892113
2022-03-20,6.3379499865998
2022-03-21,6.27047673289835
2022-03-22,6.22578355963075
2022-03-23,6.23016632177431
2022-03-24,6.267136026626
2022-03-25,6.27587492457901
2022-03-26,6.31080674707701
2022-03-27,6.28776477320402
2022-03-28,6.21962557706139
2022-03-29,6.12706219704883
2022-03-30,6.13594271146792
2022-03-31,6.279009908117
2022-04-01,6.27613053485877
2022-04-02,6.29104799362267
2022-04-03,6.35958735364243
2022-04-04,6.48938427148399
2022-04-05,6.54160992396194
2022-04-06,6.67594278119868
2022-04-07,6.86158784411076
2022-04-08,7.03153106876717
2022-04-09,6.9666735626045
2022-04-10,6.97823207014407
2022-04-11,7.01292121010502
2022-04-12,7.03650767067398
2022-04-13,7.05710655257083
2022-04-14,7.06947129829386
2022-04-15,7.16018509334655
2022-04-16,7.17682721530674
2022-04-17,7.25123673058258
2022-04-18,7.26908485894832
2022-04-19,7.26663307876259
2022-04-20,7.26608347207658
2022-04-21,7.28631267200506
2022-04-22,7.30614729890441
2022-04-23,7.36753749292114
2022-04-24,7.45206227187556
2022-04-25,7.47609494416343
2022-04-26,7.4786069217032
2022-04-27,7.50546596813599
2022-04-28,7.5354707229401
2022-04-29,7.55315150256162
2022-04-30,7.56413810973263
2022-05-01,7.588702179906
2022-05-02,7.62110559789634
2022-05-03,7.6669369091601
2022-05-04,7.66352460058331
2022-05-05,7.6491573633234
2022-05-06,7.68367654958348
2022-05-07,7.68866295824529
2022-05-08,7.71750718628035
2022-05-09,7.75127057236527
2022-05-10,7.75473474021063
2022-05-11,7.75789572997167
2022-05-12,7.75372791036103
2022-05-13,7.75539844733643
2022-05-14,7.74055013501293
2022-05-15,7.73061943598823
2022-05-16,7.738231873113
2022-05-17,7.72890258463817
2022-05-18,7.72455804538762
2022-05-19,7.72406741459569
2022-05-20,7.73898251400033
2022-05-21,7.74881467826155
2022-05-22,7.75774899767675
2022-05-23,7.76342282043239
2022-05-24,7.75625213913226
2022-05-25,7.76715552288229
2022-05-26,7.76354028468896
2022-05-27,7.7683601040232
2022-05-28,7.76080230438683
2022-05-29,7.75744011858771
2022-05-30,7.75477852554579
2022-05-31,7.76474260862684
2022-06-01,7.79519552547851
2022-06-02,7.77295123139625
2022-06-03,7.7677143270747
2022-06-04,7.75399556931255
2022-06-05,7.75790723464159
2022-06-06,7.76240389568256
2022-06-07,7.75803131930129
2022-06-08,7.76638057581171
2022-06-09,7.76857947589714
2022-06-10,7.7751966269512
2022-06-11,7.77731757940479
2022-06-12,7.78273276331866
2022-06-13,7.79560396503562
2022-06-14,7.79928825878714
2022-06-15,7.79417422766127
2022-06-16,7.80356892250157
2022-06-17,7.81584356491809
2022-06-18,7.83026288858524
2022-06-19,7.83828773075676
2022-06-20,7.85086026767465
2022-06-21,7.8518193110819
2022-06-22,7.85674252304993
2022-06-23,7.84939286275107
2022-06-24,7.84763438302241
2022-06-25,7.84503319920699
2022-06-26,7.83964804109159
2022-06-27,7.83993865994886
2022-06-28,7.82517750812258
2022-06-29,7.81930455482664
2022-06-30,7.82022080712598
2022-07-01,7.85901665031932
2022-07-02,7.86641051763184
2022-07-03,7.87641824135398
2022-07-04,7.88323596451499
2022-07-05,7.88973287596021
2022-07-06,7.89198396657802
2022-07-07,7.89438739118448
2022-07-08,7.89744078108016
2022-07-09,7.89948605422303
2022-07-10,7.89773926505404
2022-07-11,7.90261076386555
2022-07-12,7.8981365497477
2022-07-13,7.90673160947428
2022-07-14,7.91261924021082
2022-07-15,7.91167830642733
2022-07-16,7.9105702999934
2022-07-17,7.90307015195764
2022-07-18,7.89978845271516
2022-07-19,7.89886074846568
2022-07-20,7.88660078051938
2022-07-21,7.88931523693504
2022-07-22,7.89877914733602
2022-07-23,7.89119323256096
2022-07-24,7.88011815200387
2022-07-25,7.8726311462275
2022-07-26,7.89519188033512
2022-07-27,7.89666976877906
2022-07-28,7.8966546839718
2022-07-29,7.89327943968112
2022-07-30,7.91066896026821
2022-07-31,7.88375857797997
2022-08-01,7.85690920962693
2022-08-02,7.85492612789879
2022-08-03,7.85371844932673
2022-08-04,7.84779454544547
2022-08-05,7.85058257869839
2022-08-06,7.84476656499386
2022-08-07,7.84211143715674
2022-08-08,7.84188301592242
2022-08-09,7.84302475476944
2022-08-10,7.84148066403736
2022-08-11,7.8416521029755
2022-08-12,7.83645707526479
2022-08-13,7.8278897498105
2022-08-14,7.82175727750556
2022-08-15,7.82040163763375
2022-08-16,7.82241431059433
2022-08-17,7.80752371512738
2022-08-18,7.80161047321749
2022-08-19,7.8006573122218
2022-08-20,7.82086798061071
2022-08-21,7.84580475269474
2022-08-22,8.10914943642362
2022-08-23,7.83211629165037
2022-08-24,7.83733658613085
2022-08-25,7.83196990363935
2022-08-26,7.82698164024258
2022-08-27,7.8207255137481
2022-08-28,7.83614189236975
2022-08-29,7.83886460504871
2022-08-30,7.8391485758741
2022-08-31,7.84404769317322
2022-09-01,7.82354149866484
2022-09-02,7.81478786990823
2022-09-03,7.78840152808721
2022-09-04,7.78426283181837
2022-09-05,7.78399631865577
2022-09-06,7.7816546869774
2022-09-07,7.77382056351788
2022-09-08,7.78171109083315
2022-09-09,7.7754537610541
2022-09-10,7.76987646436485
2022-09-11,7.75559230341971
2022-09-12,7.75300630700361
2022-09-13,7.75014610080298
2022-09-14,7.73956890045795
2022-09-15,7.7325377509717
2022-09-16,7.73104651694958
2022-09-17,7.72537877674693
2022-09-18,7.72319762975881
2022-09-19,7.72453784449382
2022-09-20,7.72731520020254
2022-09-21,7.7242232571985
2022-09-22,7.72155701680924
2022-09-23,7.72242535212626
2022-09-24,7.71997153780823
2022-09-25,7.72448861506481
2022-09-26,7.75947923451701
2022-09-27,7.8144061252124
2022-09-28,7.82340678854461
2022-09-29,7.82875820211746
2022-09-30,7.87086452717424
2022-10-01,7.86592902778368
2022-10-02,7.8485489833006
2022-10-03,7.86384754033741
2022-10-04,7.87949906583725
2022-10-05,7.87882976621243
2022-10-06,7.89214626210465
2022-10-07,7.88376319457602
2022-10-08,7.82739010440611
2022-10-09,7.81197164416274
2022-10-10,7.81301613306888
2022-10-11,7.79084957871732
2022-10-12,7.74180876551894
2022-10-13,7.75887036309694
2022-10-14,7.73069587049112
2022-10-15,7.69357382411269
2022-10-16,7.68865091610056
2022-10-17,7.70568067997854
2022-10-18,7.85597499676486
2022-10-19,7.63436837801526
2022-10-20,7.62542206254586
2022-10-21,7.60613273839264
2022-10-22,7.58981697147056
2022-10-23,7.58449300181538
2022-10-24,7.57405063381268
2022-10-25,7.59609750510393
2022-10-26,7.65169208434422
2022-10-27,7.67717385643922
2022-10-28,7.71034893815483
2022-10-29,7.7183778288754
2022-10-30,7.71427211128113
2022-10-31,7.68585892127975
2022-11-01,7.67701377721492
2022-11-02,7.67566202105526
2022-11-03,7.60912965888364
2022-11-04,7.63290454776702
2022-11-05,7.61800585409449
2022-11-06,7.61458108509012
2022-11-07,7.61799161197319
2022-11-08,7.60481239375101
2022-11-09,7.61049459755169
2022-11-10,7.7167967130597
2022-11-11,7.67659462860537
2022-11-12,7.64659370728371
2022-11-13,7.4130334507418
2022-11-14,7.45033955733589
2022-11-15,7.45841312479456
2022-11-16,7.49085968870095
2022-11-17,7.57050204664733
2022-11-18,7.57410352493703
2022-11-19,7.58122473430003
2022-11-20,7.57030975961951
2022-11-21,7.55254266730356
2022-11-22,7.62288323015472
2022-11-23,7.58750312572111
2022-11-24,7.59198929912803
2022-11-25,7.56993089367386
2022-11-26,7.53305037585951
2022-11-27,7.49326813658604
2022-11-28,7.50102251110662
2022-11-29,7.48068069541864
2022-11-30,7.46637561626076
2022-12-01,7.48454540908503
2022-12-02,7.46585329772311
2022-12-03,7.4619461855161
2022-12-04,7.47282180383608
2022-12-05,7.50284426542829
2022-12-06,7.44747046138509
2022-12-07,7.44309358208213
2022-12-08,7.36461265423578
2022-12-09,7.33853294112124
2022-12-10,7.31348603449486
2022-12-11,7.43546514198904
2022-12-12,7.39275304517721
2022-12-13,7.43395334859438
2022-12-14,7.43336563286518
2022-12-15,7.36947218037907
2022-12-16,7.38173582708097
2022-12-17,7.35614233726156
2022-12-18,7.36255808709713
2022-12-19,7.39443451280446
2022-12-20,7.40355596609819
2022-12-21,7.42441081762507
2022-12-22,7.43057470916374
2022-12-23,7.4356989936639
2022-12-24,7.41817640728421
2022-12-25,7.35908402464329
2022-12-26,7.38880620647686
2022-12-27,7.09490809386526
2022-12-28,7.13245372969633
2022-12-29,7.14660557410054
2022-12-30,7.13079223826146
2022-12-31,7.112470624909
2023-01-01,7.01874811359789
2023-01-02,7.15221557648303
2023-01-03,7.06779142973532
2023-01-04,7.05962095099618
2023-01-05,6.93621210829932
2023-01-06,6.89618595175038
2023-01-07,6.91974798718481
2023-01-08,6.98733794910678
2023-01-09,7.04324226889982
2023-01-10,7.01237091356205
2023-01-11,6.93905203820406
2023-01-12,7.05130678220543
2023-01-13,7.07223073001409
2023-01-14,7.08758102972811
2023-01-15,6.97137114221288
2023-01-16,6.99891032527448
2023-01-17,6.99091925189591
2023-01-18,6.89584298208686
2023-01-19,6.88847147990293
2023-01-20,6.77461202734036
2023-01-21,6.80855491054536
2023-01-22,6.83101854843409
2023-01-23,6.92704135868825
2023-01-24,6.96227766343263
2023-01-25,6.94697180828078
2023-01-26,6.9013439197659
2023-01-27,6.94542745789676
2023-01-28,6.94484790337701
2023-01-29,6.88516843956138
2023-01-30,6.79167010968146
2023-01-31,6.78076266650103
2023-02-01,6.77407244907549
2023-02-02,6.75757952433026
2023-02-03,6.75026376534474
2023-02-04,6.70706294001934
2023-02-05,6.6410640207241
2023-02-06,6.63491953530977
2023-02-07,6.61981519242842
2023-02-08,6.58529093747549
2023-02-09,6.5566906679355
2023-02-10,6.60041031346264
2023-02-11,6.60921937425882
2023-02-12,6.57630755845457
2023-02-13,6.58446943689241
2023-02-14,6.50278525660692
2023-02-15,6.45852241849561
2023-02-16,6.35545274105835
2023-02-17,6.34998037235565
2023-02-18,6.3450239865469
2023-02-19,6.41952200399974
2023-02-20,6.41775705333433
2023-02-21,6.42829782989191
2023-02-22,6.4261261237372
2023-02-23,6.43471302275385
2023-02-24,6.4448392113582
2023-02-25,6.418696565987
2023-02-26,6.26437324325055
2023-02-27,6.25559373007093
2023-02-28,6.28635853919548
2023-03-01,6.20758723948531
2023-03-02,6.2758125501762
2023-03-03,6.19660501388534
2023-03-04,6.2711821070094
2023-03-05,6.35296845462482
2023-03-06,6.44464742650742
2023-03-07,6.569490180645
2023-03-08,6.51345261993295
2023-03-09,6.36956705853069
2023-03-10,6.29949379006219
2023-03-11,6.29247382644844
2023-03-12,6.26024740027926
2023-03-13,6.1863856705342
2023-03-14,6.16476522730266
2023-03-15,6.14421600874902
2023-03-16,6.12245940433896
2023-03-17,6.1241759316469
2023-03-18,6.12951917925636
2023-03-19,6.14611898866345
2023-03-20,6.16329713717762
2023-03-21,6.17581566772528
2023-03-22,6.18496188493533
2023-03-23,6.1958583680768
2023-03-24,6.22385752384265
2023-03-25,6.24204668111971
2023-03-26,6.27363739515738
2023-03-27,6.32585590715615
2023-03-28,6.38122278200882
2023-03-29,6.39396786418266
2023-03-30,6.44989210413886
2023-03-31,6.5562917536117
2023-04-01,6.61545478474408
2023-04-02,6.63812425195022
2023-04-03,6.6631665905008
2023-04-04,6.68543534710406
2023-04-05,6.70677097155381
2023-04-06,6.71228659187105
2023-04-07,6.69624375099732
2023-04-08,6.68483111949344
2023-04-09,6.644787903982
2023-04-10,6.6693807646608
2023-04-11,6.68079702242134
2023-04-12,6.68326873089683
2023-04-13,6.66759645507166
2023-04-14,6.77218996848849
2023-04-15,6.73574469047827
2023-04-16,6.74713023565466
2023-04-17,6.76489921059634
2023-04-18,6.74814295737686
2023-04-19,6.76226789794552
2023-04-20,6.79849152310697
2023-04-21,6.83388339136898
2023-04-22,6.92940845642833
2023-04-23,6.98873584609938
2023-04-24,7.05109131392781
2023-04-25,7.08631939785601
2023-04-26,7.12661457070981
2023-04-27,7.16838260830091
2023-04-28,7.20389783845365
2023-04-29,7.22957957004747
2023-04-30,7.26783194725163
2023-05-01,7.34131932401128
2023-05-02,7.38224408810504
2023-05-03,7.42630443328601
2023-05-04,7.4392399136222
2023-05-05,7.45214715662383
2023-05-06,7.46089148851293
2023-05-07,7.50191194693131
2023-05-08,7.52068701450948
2023-05-09,7.58223814020892
2023-05-10,7.59860105871059
2023-05-11,7.65992608926159
2023-05-12,7.68891754657823
2023-05-13,7.71045250231603
2023-05-14,7.71253830561553
2023-05-15,7.73621903469976
2023-05-16,7.75003995368079
2023-05-17,7.76556365338292
2023-05-18,7.76801906889774
2023-05-19,7.77026886143232
2023-05-20,7.77202955456824
2023-05-21,7.76346945121016
2023-05-22,7.75845982662072
2023-05-23,7.75868285595905
2023-05-24,7.76407110637096
2023-05-25,7.76737357415629
2023-05-26,7.77596078802222
2023-05-27,7.77558262175415
2023-05-28,7.77081811649276
2023-05-29,7.77362230898456
2023-05-30,7.78023353159855
2023-05-31,7.7712120619135
2023-06-01,7.75622735130834
2023-06-02,7.75972919489157
2023-06-03,7.76205182032089
2023-06-04,7.75874023392129
2023-06-05,7.76960401279028
2023-06-06,7.76974781847457
2023-06-07,7.77596520732619
2023-06-08,7.77976152030805
2023-06-09,7.79159664519391
2023-06-10,7.80397703461411
2023-06-11,7.81139989357294
2023-06-12,7.82402924073608
2023-06-13,7.82411193076679
2023-06-14,7.82491858869618
2023-06-15,7.83663876336021
2023-06-16,7.86360644409345
2023-06-17,7.87747943648889
2023-06-18,7.88697942442967
2023-06-19,7.88701039312401
2023-06-20,7.88836836708827
2023-06-21,7.87938606390044
2023-06-22,7.88002825314687
2023-06-23,7.880815095984
2023-06-24,7.88412455846601
2023-06-25,7.87198206660155
2023-06-26,7.90830314252156
2023-06-27,7.9098947441171
2023-06-28,7.90879986012833
2023-06-29,7.90783891162289
2023-06-30,7.90397228044742
2023-07-01,7.89489906190836
2023-07-02,7.89455210801632
2023-07-03,7.88882223387473
2023-07-04,7.88052155153034
2023-07-05,7.88879813599012
2023-07-06,7.90197837841946
2023-07-07,7.89895682372371
2023-07-08,7.90495190341737
2023-07-09,7.90899664342227
2023-07-10,7.90909641214447
2023-07-11,7.8854803774986
2023-07-12,7.87861176383949
2023-07-13,7.87581553008733
2023-07-14,7.88119591092832
2023-07-15,7.88633346013582
2023-07-16,7.86856242173999
2023-07-17,7.88233334251588
2023-07-18,7.88582372113697
2023-07-19,7.89324087917512
2023-07-20,7.89599915129697
2023-07-21,7.88681879043076
2023-07-22,7.90233264179414
2023-07-23,7.93209541030389
2023-07-24,7.94462522657702
2023-07-25,7.91835135237223
2023-07-26,7.90512577593279
2023-07-27,7.89019832516435
2023-07-28,8.63601697580779
2023-07-29,6.86181040592582
2023-07-30,7.36435561040268
2023-07-31,7.88658722067091
2023-08-01,8.11447152081803
2023-08-02,8.34232480647949
2023-08-03,8.68842317271813
2023-08-04,7.49715323945045
2023-08-05,8.17770497407433
2023-08-06,8.11657599686619
2023-08-07,8.07197620280703
2023-08-08,7.73256979475729
2023-08-09,7.84850409793521
2023-08-10,7.84970703649523
2023-08-11,7.83745431763487
2023-08-12,7.83341656098018
2023-08-13,7.83441929134831
2023-08-14,7.83925730560841
2023-08-15,7.82229211618707
2023-08-16,7.79374008047396
2023-08-17,7.85621962611366
2023-08-18,7.83340524190027
2023-08-19,7.85720234132947
2023-08-20,7.86351856527795
2023-08-21,7.87372809132587
2023-08-22,7.87329016932461
2023-08-23,7.91049155754908
2023-08-24,7.89371722524232
2023-08-25,7.89316950940824
2023-08-26,7.89198895014976
2023-08-27,7.87910772061947
2023-08-28,7.8925457193862
2023-08-29,7.89853937329834
2023-08-30,7.90873806732091
2023-08-31,7.91935792150138
2023-09-01,7.91928564552735
2023-09-02,7.92484931597697
2023-09-03,7.93161197790372
2023-09-04,7.91537804949386
2023-09-05,7.92322502686668
2023-09-06,7.91379294391697
2023-09-07,7.90744038879038
2023-09-08,7.88856849395216
2023-09-09,7.90463748333422
2023-09-10,7.8961672348097
2023-09-11,7.91180941185437
2023-09-12,7.89992394028046
2023-09-13,7.90112071685106
2023-09-14,7.90096728793106
2023-09-15,7.88266084430968
2023-09-16,7.88163616571311
2023-09-17,7.8817020115575
2023-09-18,7.87062126343579
2023-09-19,7.87914889371686
2023-09-20,7.87684478502372
2023-09-21,7.8809117611693
2023-09-22,7.87639095117312
2023-09-23,7.87331034298929
2023-09-24,7.86456860241645
2023-09-25,7.85129075392037
2023-09-26,7.86876843524645
2023-09-27,7.86248104787553
2023-09-28,7.89157618417674
2023-09-29,7.9059726427437
2023-09-30,7.88108796027026
2023-10-01,7.91346862315079
2023-10-02,7.88220724159621
2023-10-03,7.86180033774131
2023-10-04,7.83085719038689
2023-10-05,7.86128972243619
2023-10-06,7.88182059839542
2023-10-07,7.88224302086279
2023-10-08,7.88457418053632
2023-10-09,7.89120379330635
2023-10-10,7.88822833902708
2023-10-11,7.89638738162495
2023-10-12,7.86747698628715
2023-10-13,7.79542142486612
2023-10-14,7.79800796193864
2023-10-15,7.79613854683145
2023-10-16,7.79476569398884
2023-10-17,7.80047875200583
2023-10-18,7.80666859569272
2023-10-19,7.82445454348845
2023-10-20,7.85393399132503
2023-10-21,7.86014298991951
2023-10-22,7.85178560615534
2023-10-23,7.84672887825738
2023-10-24,7.80850358396604
2023-10-25,7.78656737893484
2023-10-26,7.78823952524453
2023-10-27,7.74082338928009
2023-10-28,7.65320115334369
2023-10-29,7.36729745094808
2023-10-30,7.38621111324753
2023-10-31,7.46746795722621
2023-11-01,7.46185084567567
2023-11-02,7.43852909806008
2023-11-03,7.40353570895208
2023-11-04,7.41591476978552
2023-11-05,7.40121637037986
2023-11-06,7.36781713529637
2023-11-07,7.3665613847471
2023-11-08,7.32324761407308
2023-11-09,7.3344006251126
2023-11-10,7.39312215085094
2023-11-11,7.40948254209622
2023-11-12,7.45394341679492
2023-11-13,7.52396111927454
2023-11-14,7.54248033144946
2023-11-15,7.57969105490591
2023-11-16,7.59969336462865
2023-11-17,7.58058910280329
2023-11-18,7.67748029845679
2023-11-19,7.82765620501502
2023-11-20,7.85040602448125
2023-11-21,7.90562566427216
2023-11-22,7.81465948950897
2023-11-23,7.79468748093833
2023-11-24,7.70089581658085
2023-11-25,7.65739187600919
2023-11-26,7.63071914163546
2023-11-27,7.70441571085987
2023-11-28,7.64512419647599
2023-11-29,7.61711926169108
2023-11-30,7.51536902001621
2023-12-01,7.23222233795377
2023-12-02,7.30040137393518
2023-12-03,7.29657954054104
2023-12-04,7.41751505955202
2023-12-05,7.46309544892572
2023-12-06,7.53763084825703
2023-12-07,7.46795588234286
2023-12-08,7.40000889562745
2023-12-09,7.40861175002435
2023-12-10,7.47803778914146
2023-12-11,7.48656491178664
2023-12-12,7.50097204197868
2023-12-13,7.46436846240706
2023-12-14,7.54416589330041
2023-12-15,7.48919542041907
2023-12-16,7.49529268697727
2023-12-17,7.52146112448897
2023-12-18,7.54099272594551
2023-12-19,7.57012676096583
2023-12-20,7.53547127242046
2023-12-21,7.5496552425547
2023-12-22,7.5316901775778
2023-12-23,7.49190688035827
2023-12-24,7.41027665077379
2023-12-25,7.41025476379124
2023-12-26,7.28968732154116
2023-12-27,7.21466732838609
2023-12-28,7.27064860557075
2023-12-29,7.19935118488655
2023-12-30,7.20312327860283
2023-12-31,7.22739963199095
2024-01-01,6.71818686493844
2024-01-02,6.60115137495459
2024-01-03,6.2268334574639
2024-01-04,6.31715851073447
2024-01-05,6.41222901221306
2024-01-06,6.35864650660445
2024-01-07,6.37569055363687
2024-01-08,6.76085492118498
2024-01-09,6.93939458961882
2024-01-10,6.93255406327015
2024-01-11,6.94444950821816
2024-01-12,6.91580642171733
2024-01-13,6.94761494216563
2024-01-14,6.96557162093277
2024-01-15,6.95239549798921
2024-01-16,6.96707250839612
2024-01-17,7.00567245393484
2024-01-18,7.06007060120989
2024-01-19,7.06558591655486
2024-01-20,6.98278055419128
2024-01-21,6.81063887390245
2024-01-22,6.72501433040081
2024-01-23,6.62762269551593
2024-01-24,6.59849507918006
2024-01-25,6.52987188313874
2024-01-26,6.55075274142906
2024-01-27,6.54170695094824
2024-01-28,6.54574600082959
2024-01-29,6.52213428992065
2024-01-30,6.47219271993419
2024-01-31,6.41021034456965
2024-02-01,6.39638493312407
2024-02-02,6.34811877268198
2024-02-03,5.65862563807596
2024-02-04,6.29008755194263
2024-02-05,5.39098042432584
2024-02-06,6.35106942102847
2024-02-07,6.39763806174675
2024-02-08,6.43310245718275
2024-02-09,6.44067814530237
2024-02-10,6.00619476050742
2024-02-11,6.50358207529965
2024-02-12,6.49531171316915
2024-02-13,6.52802337520682
2024-02-14,6.48026320491945
2024-02-15,6.44942053491364
2024-02-16,6.49927492143493
2024-02-17,6.46686522730336
2024-02-18,6.46779918398797
2024-02-19,6.417739263978
2024-02-20,6.3405654587638
2024-02-21,6.36321296929314
2024-02-22,6.36154590731619
2024-02-23,6.34828416367922
2024-02-24,6.31963068804491
2024-02-25,6.30256487781304
2024-02-26,6.29382983776581
2024-02-27,6.28294322331081
2024-02-28,6.22159783450925
2024-02-29,6.18655468874422
2024-03-01,6.26999620732041
2024-03-02,6.29221760153362
2024-03-03,6.2287346191638
2024-03-04,6.27361029873811
2024-03-05,6.20566570934071
2024-03-06,6.29286987509285
2024-03-07,6.29042774182474
2024-03-08,6.25144971394486
2024-03-09,6.25761730839261
2024-03-10,6.23826730825848
2024-03-11,6.4552827393764
2024-03-12,6.42252771763214
2024-03-13,6.44615389139824
2024-03-14,6.48318624473939
2024-03-15,6.33092959416582
2024-03-16,6.33254670915981
2024-03-17,6.36573966227625
2024-03-18,6.38371593148804
2024-03-19,6.41010317021957
2024-03-20,6.41822397366435
2024-03-21,6.48623136904865
2024-03-22,6.52141653152534
2024-03-23,6.54091902045826
2024-03-24,6.58207450764815
2024-03-25,6.55129654901096
2024-03-26,6.54424325891088
2024-03-27,6.5339757787594
2024-03-28,6.64153137283614
2024-03-29,6.7023053553229
2024-03-30,6.50153341780234
2024-03-31,6.65113716561556
2024-04-01,6.59016487746033
2024-04-02,6.58624993478686
2024-04-03,6.6070714341765
2024-04-04,6.61394967345097
2024-04-05,6.69933097485108
2024-04-06,6.72933845346645
2024-04-07,6.74419187008555
2024-04-08,6.76840737072508
2024-04-09,6.88344694105791
2024-04-10,6.9642015265085
2024-04-11,6.97468253165875
2024-04-12,6.99303349921036
2024-04-13,7.03796337274549
2024-04-14,7.07593257021542
2024-04-15,7.12940642900202
2024-04-16,7.15045409334669
2024-04-17,7.17949028662994
2024-04-18,7.18287653690848
2024-04-19,7.23865507801203
2024-04-20,7.27057896170187
2024-04-21,7.30896042841895
2024-04-22,7.32254870821047
2024-04-23,7.35044814892716
2024-04-24,7.36070091628019
2024-04-25,7.3696842792018
2024-04-26,7.59502256920299
2024-04-27,7.44761973467861
2024-04-28,7.47679985237522
2024-04-29,7.51116787801573
2024-04-30,7.54842446792826
2024-05-01,7.5564092393796
2024-05-02,7.55976726007247
2024-05-03,7.57252635710081
2024-05-04,7.6028043954784
2024-05-05,7.66536740206832
2024-05-06,7.69483963747772
2024-05-07,7.70599444720234
2024-05-08,7.73184054731174
2024-05-09,7.79920872865349
2024-05-10,7.82940667684001
2024-05-11,7.85733562872516
2024-05-12,7.84987753912666
2024-05-13,7.85028848847171
2024-05-14,7.84068177642298
2024-05-15,7.84268506856417
2024-05-16,7.83093847526021
2024-05-17,7.82223196834922
2024-05-18,7.8376842302194
2024-05-19,7.84688041529347
2024-05-20,7.85548988453634
2024-05-21,7.87831222221177
2024-05-22,7.88120097944826
2024-05-23,7.8775179194557
2024-05-24,7.87571867069516
2024-05-25,7.87019735962322
2024-05-26,7.89311668500425
2024-05-27,7.89621963988929
2024-05-28,7.92608751842268
2024-05-29,7.92913381797784
2024-05-30,7.9473663106254
2024-05-31,7.92889164141339
2024-06-01,7.93112093251439
2024-06-02,7.97245210760973
2024-06-03,7.97011030051038
2024-06-04,7.95370213285266
2024-06-05,7.93442123366594
2024-06-06,7.9239751947309
2024-06-07,7.93087075692506
2024-06-08,7.9363609423907
2024-06-09,7.94146328602595
2024-06-10,7.96085787294306
2024-06-11,7.95154201187695
2024-06-12,7.96779429133608
2024-06-13,7.97173530232404
2024-06-14,7.97589495331637
2024-06-15,7.98926885346477
2024-06-16,7.98967218639337
2024-06-17,7.98725164150927
2024-06-18,7.97955855657197
2024-06-19,7.99127834593694
2024-06-20,7.99197680792277
2024-06-21,7.99774351327208
2024-06-22,8.00147677501857
2024-06-23,8.0139820472637
2024-06-24,8.01175540892599
2024-06-25,8.01095845644466
2024-06-26,8.0177714498668
2024-06-27,8.02472051396868
2024-06-28,8.02477411932392
2024-06-29,8.01702826837541
2024-06-30,8.01111268468063
2024-07-01,8.00926606015183
2024-07-02,8.00354655915337
2024-07-03,8.00401781693978
2024-07-04,8.00114695117646
2024-07-05,7.98884356080911
2024-07-06,7.98642755486488
2024-07-07,7.95922182375489
2024-07-08,7.95375038015901
2024-07-09,7.94207551686148
2024-07-10,7.94129538965912
2024-07-11,7.93675762383966
2024-07-12,7.94047830574776
2024-07-13,7.94523295450146
2024-07-14,7.94235065796513
2024-07-15,7.94522432990819
2024-07-16,7.94470098968059
2024-07-17,7.92251677281975
2024-07-18,7.92286819047697
2024-07-19,7.915041112295
2024-07-20,7.9075396804488
2024-07-21,7.89049351069016
2024-07-22,7.8936916544244
2024-07-23,7.89664264229833
2024-07-24,7.90969571564332
2024-07-25,7.92859386467211
2024-07-26,7.92132078254577
2024-07-27,7.93711876715754
2024-07-28,7.94363271696887
2024-07-29,7.94229534880688
2024-07-30,7.9361832910001
2024-07-31,7.9370410673052
2024-08-01,7.93377503983006
2024-08-02,7.95576410704124
2024-08-03,7.97302775100082
2024-08-04,7.99171853348407
2024-08-05,7.98654914286829
2024-08-06,7.99934326488426
2024-08-07,7.95818827386905
2024-08-08,7.93385111910337
2024-08-09,7.92891170480752
2024-08-10,7.9276002405959
2024-08-11,7.91889837550085
2024-08-12,7.90600256966938
2024-08-13,7.90256135879163
2024-08-14,7.9020295902273
2024-08-15,7.90631083124203
2024-08-16,7.91486032569089
2024-08-17,7.91967057654261
2024-08-18,7.91788706861287
2024-08-19,7.91236484185808
2024-08-20,7.9209999575333
2024-08-21,7.92023959311704
2024-08-22,7.90661047113097
2024-08-23,7.92087853336295
2024-08-24,7.94218234420598
2024-08-25,7.94578499923217
2024-08-26,7.9471773428412
2024-08-27,7.9480988929053
2024-08-28,7.9461492035478
2024-08-29,7.94493204583082
2024-08-30,7.93453068021133
2024-08-31,7.92134491118297
2024-09-01,7.94097962520134
2024-09-02,7.91303066043331
2024-09-03,7.96556588569514
2024-09-04,7.99965443326148
2024-09-05,7.94500660867018
2024-09-06,7.86974291424485
2024-09-07,7.90007449741195
2024-09-08,7.95609837389836
2024-09-09,7.97191886211731
2024-09-10,7.99112646312696
2024-09-11,8.01078368850449
2024-09-12,8.00370701840359
2024-09-13,7.89893508835302
2024-09-14,7.87024085276978
2024-09-15,7.87647280266841
2024-09-16,7.86194455207091
2024-09-17,7.85647665258356
2024-09-18,7.85832843210839
2024-09-19,7.85156780558179
2024-09-20,7.84422295215642
2024-09-21,7.8380300151316
2024-09-22,7.83102126035832
2024-09-23,7.82600669420763
2024-09-24,7.80197733148912
2024-09-25,7.80127634140833
2024-09-26,7.78944072519358
2024-09-27,7.78882037547862
2024-09-28,7.79652570208388
2024-09-29,7.88242742855025
2024-09-30,7.88614783941623
2024-10-01,7.92658368525494
2024-10-02,8.00406379783701
2024-10-03,8.0370097956971
2024-10-04,8.02763614340875
2024-10-05,7.94691770462079
2024-10-06,7.86790831297613
2024-10-07,7.87710998341841
2024-10-08,7.86630943023658
2024-10-09,7.85091551837689
2024-10-10,7.79798376824604
2024-10-11,7.77014315076581
2024-10-12,7.78744965276456
2024-10-13,7.78156522300129
2024-10-14,7.74483739678285
2024-10-15,7.77004415956496
2024-10-16,7.77085140688324
2024-10-17,7.76895863411734
2024-10-18,7.77133219427036
2024-10-19,7.74249380034577
2024-10-20,7.7432301613089
2024-10-21,7.78196629507126
2024-10-22,7.88594981424036
2024-10-23,7.87440485717566
2024-10-24,7.88394304549869
2024-10-25,7.83732227754961
2024-10-26,7.78461865746151
2024-10-27,7.36362213028026
2024-10-28,7.29411954530616
2024-10-29,7.26728171607994
2024-10-30,7.13897173471064
2024-10-31,7.16651098493795
2024-11-01,7.17358694756145
2024-11-02,7.20810469413335
2024-11-03,7.24083441513462
2024-11-04,7.30160884979235
2024-11-05,7.33670943162359
2024-11-06,7.36073124834423
2024-11-07,7.36673554189214
2024-11-08,7.33379529258973
2024-11-09,7.41603168346529
2024-11-10,7.38459587678055
2024-11-11,7.40867061737375
2024-11-12,7.64334855330589
2024-11-13,7.68735854088271
2024-11-14,7.52979587439797
2024-11-15,7.64258252357369
2024-11-16,7.6342689787293
2024-11-17,7.63768056845096
2024-11-18,7.72429488354133
2024-11-19,7.87254688637867
2024-11-20,7.89090176909614
2024-11-21,7.83580921360136
2024-11-22,7.8106098595144
2024-11-23,7.75527080252059
2024-11-24,7.7923034500457
2024-11-25,7.78473676837512
2024-11-26,7.78709380066435
2024-11-27,7.8022731366231
2024-11-28,7.80950602632611
2024-11-29,7.73894880839757
2024-11-30,7.82726783008567
2024-12-01,7.81209963749045
2024-12-02,7.84607440658538
2024-12-03,7.81902047611615
2024-12-04,7.83627245326138
2024-12-05,7.75474299755588
2024-12-06,7.62403870946371
2024-12-07,7.42698891724973
2024-12-08,7.61198952836294
2024-12-09,7.6292464924052
2024-12-10,7.595904549755
2024-12-11,7.71375203617823
2024-12-12,7.79779834976047
2024-12-13,7.74457238496436
2024-12-14,7.75442223665385
2024-12-15,7.69621548547997
2024-12-16,7.70218795651884
2024-12-17,7.71164085620799
2024-12-18,7.76513106168318
2024-12-19,7.79710831978509
2024-12-20,7.78566333623099
2024-12-21,7.79486607255838
2024-12-22,7.76266948699422
2024-12-23,7.75280463382534
2024-12-24,7.74844023962906
2024-12-25,7.70396147963189
2024-12-26,7.73618981546138
2024-12-27,7.6005093812665
2024-12-28,7.59131532934917
2024-12-29,7.64948079340835
2024-12-30,7.61255575060209
2024-12-31,7.53460746154189
2025-01-01,7.3852218085502
2025-01-02,7.33831432537379
2025-01-03,6.9873906857947
2025-01-04,6.91816574629722
2025-01-05,6.86462240323262
2025-01-06,6.95584645603354
2025-01-07,7.02962898867185
2025-01-08,7.29160368322833
2025-01-09,7.29940098961401
2025-01-10,7.34303447891549
2025-01-11,7.35077397336076
2025-01-12,7.24100137291878
2025-01-13,7.20420580114235
2025-01-14,7.12749615698047
2025-01-15,6.73378186950697
2025-01-16,6.80696756906215
2025-01-17,6.7704531146279
2025-01-18,6.73872353286918
2025-01-19,6.81020697429062
2025-01-20,6.75902941422473
2025-01-21,6.63045083621158
2025-01-22,6.33528880350822
2025-01-23,6.20196084187308
2025-01-24,5.72062220496767
2025-01-25,5.84113184881933
2025-01-26,5.89220382919728
2025-01-27,5.77408788044302
2025-01-28,6.14323345023514
2025-01-29,6.29316165090103
2025-01-30,6.44767764845282
2025-01-31,6.490016565536
2025-02-01,6.49079705499745
2025-02-02,6.47620007686013
2025-02-03,6.47902606219732
2025-02-04,6.48555180930721
2025-02-05,6.47919055768238
2025-02-06,6.45727701416043
2025-02-07,6.57062359841051
2025-02-08,6.45913277894355
2025-02-09,6.47305405283435
2025-02-10,6.42518148027865
2025-02-11,6.35216676284832
2025-02-12,6.38035018120309
2025-02-13,6.26678110842193
2025-02-14,6.28519572071071
2025-02-15,6.27719517221741
2025-02-16,6.30588512580065
2025-02-17,6.28729408393586
2025-02-18,6.39912536884037
2025-02-19,6.43331917654454
2025-02-20,6.35077523938363
2025-02-21,6.35305909749841
2025-02-22,6.36298263421962
2025-02-23,6.33944915999118
2025-02-24,6.38493861136749
2025-02-25,6.38074963834461
2025-02-26,6.44205772568707
2025-02-27,6.48228210240481
2025-02-28,6.54632607206391
2025-03-01,6.64218015704012
2025-03-02,6.6056958293206
2025-03-03,6.64878058115442
2025-03-04,6.60702911407296
2025-03-05,6.53263823233666
2025-03-06,6.41790302781317
2025-03-07,6.39008187425936
2025-03-08,6.51837278573988
2025-03-09,6.44575759587396
2025-03-10,6.44326061101752
2025-03-11,6.44084340163663
2025-03-12,6.48135149687935
2025-03-13,6.49696889413833
2025-03-14,6.52876682896917
2025-03-15,6.52347882690622
2025-03-16,6.4818677674647
2025-03-17,6.46587101247604
2025-03-18,6.47743728357402
2025-03-19,6.41599596504813
2025-03-20,6.44491063887261
2025-03-21,6.52695000724776
2025-03-22,6.5768924359419
2025-03-23,6.61200697342698
2025-03-24,6.66640149763636
2025-03-25,6.89383272438574
2025-03-26,7.03279881783366
2025-03-27,7.06588342696178
2025-03-28,7.06405371631582
2025-03-29,7.06866228663458
2025-03-30,7.09610292151287
2025-03-31,7.12837593223593
2025-04-01,7.13995641020237
2025-04-02,7.15843664785469
2025-04-03,7.08854150476441
2025-04-04,7.22087350980789
2025-04-05,7.36198152261398
2025-04-06,7.30964378643451
2025-04-07,7.31250124785546
2025-04-08,7.30752824899393
2025-04-09,7.34886903181392
2025-04-10,7.39239843880116
2025-04-11,7.40808991618332
2025-04-12,7.38140900038039
2025-04-13,7.39898923652709
2025-04-14,7.42327511501359
2025-04-15,7.4193611771787
2025-04-16,7.44517859465501
2025-04-17,7.49307620487853
2025-04-18,7.44543259627762
2025-04-19,7.53606066256071
2025-04-20,7.58991807433664
2025-04-21,7.52258170334762
2025-04-22,7.53801162132003
2025-04-23,7.60683710967109
2025-04-24,7.64762066561377
2025-04-25,7.67526896592134
2025-04-26,7.66135907454055
2025-04-27,7.65648062080432
2025-04-28,7.64641097693839
2025-04-29,7.66108659842302
2025-04-30,7.66795215821323
2025-05-01,7.70451122449528
2025-05-02,7.71650399239235
2025-05-03,7.72760057842516
2025-05-04,7.75585287839862
2025-05-05,7.77010664323442
2025-05-06,7.79800648014935
2025-05-07,7.82170546278725
2025-05-08,7.84207698307041
2025-05-09,7.85185193849211
2025-05-10,7.86083865616682
2025-05-11,7.88115906373381
2025-05-12,7.88549518091034
2025-05-13,7.88274220351731
2025-05-14,7.89441961821439
2025-05-15,7.88414224158418
2025-05-16,7.89380073536158
2025-05-17,7.89916764648397
2025-05-18,7.90097563004053
2025-05-19,7.90098264321685
2025-05-20,7.9066673141075
2025-05-21,7.89904715236933
2025-05-22,7.9010295565631
2025-05-23,7.88530038350004
2025-05-24,7.88981971722038
2025-05-25,7.92572812298149
2025-05-26,7.94382172696677
2025-05-27,7.91972520550155
2025-05-28,7.9226632796367
2025-05-29,7.92489263668802
2025-05-30,7.94872292624227
2025-05-31,7.95534257085809
2025-06-01,7.97577415021506
2025-06-02,7.96794885928235
2025-06-03,7.96409157316674
2025-06-04,7.97591332735976
2025-06-05,7.98850183709357
2025-06-06,7.98644690914629
2025-06-07,7.98575134829951
2025-06-08,7.99588408333107
2025-06-09,8.00277853417787
2025-06-10,8.01362119332198
2025-06-11,8.02586766180489
2025-06-12,8.0277223246314
2025-06-13,8.02306113169858
2025-06-14,8.02268995492603
2025-06-15,8.01886822723189
2025-06-16,8.037062081837
2025-06-17,8.03626189028899
2025-06-18,8.04053382576996
2025-06-19,8.05383943646124
2025-06-20,8.05048789976522
2025-06-21,8.04599074121644
2025-06-22,8.02528751536205
2025-06-23,8.01720709671642
2025-06-24,8.02661853784905
2025-06-25,8.03231473326828
2025-06-26,8.03586633725389
2025-06-27,7.99827661669004
2025-06-28,7.99889684131003
2025-06-29,7.98641156279362
2025-06-30,7.98327936943395
2025-07-01,7.98138922739262
2025-07-02,7.98186461416664
2025-07-03,7.96437425956294
2025-07-04,7.97004688984918
2025-07-05,7.96245828554166
2025-07-06,7.9663854616028
2025-07-07,7.96247633924674
2025-07-08,7.96102379001642
2025-07-09,7.94993806441799
2025-07-10,7.93740533857103
2025-07-11,7.93403299001991
2025-07-12,7.91175838428477
2025-07-13,7.92290329041311
2025-07-14,7.90693148490245
2025-07-15,7.89854449774758
2025-07-16,7.89626268229673
2025-07-17,7.90934296586912
2025-07-18,7.94603713805422
2025-07-19,7.94297529265937
2025-07-20,7.93255520635875
2025-07-21,7.91020547814583
2025-07-22,7.90572403649908
2025-07-23,7.89283596132259
2025-07-24,7.89967827322576
2025-07-25,7.90251565957998
2025-07-26,7.90210627526224
2025-07-27,7.88804954549218
2025-07-28,7.8794114321204
2025-07-29,7.87914039811002
2025-07-30,7.87690467693534
2025-07-31,7.8766159866848
2025-08-01,7.87729986242732
2025-08-02,7.87315637540135
2025-08-03,7.84176907748794
2025-08-04,7.84973923268132
2025-08-05,7.87053563772697
2025-08-06,7.90438396498524
2025-08-07,7.90590465313551
2025-08-08,7.89765878876764
2025-08-09,7.8927222233356
2025-08-10,7.89342976118469
2025-08-11,7.89673086055513
2025-08-12,7.91211201609469
2025-08-13,7.9323029777259
2025-08-14,7.93959823525785
2025-08-15,7.91896013086181
2025-08-16,7.9258816479435
2025-08-17,7.92334137607988
2025-08-18,7.91957143876236
2025-08-19,7.91361330943809
2025-08-20,7.91690483684354
2025-08-21,7.92992864033666
2025-08-22,7.89553759349698
2025-08-23,7.89658705289442
2025-08-24,7.89613535208528
2025-08-25,7.89331843257415
2025-08-26,7.88845407900659
2025-08-27,7.89694204882177
2025-08-28,7.91948871393588
2025-08-29,7.91199841818813
2025-08-30,7.8965335884456
2025-08-31,7.91161383352388
2025-09-01,7.88307949178621
2025-09-02,7.8742518265358
2025-09-03,7.87080164806479
2025-09-04,7.85654971155134
2025-09-05,7.83046392815782
2025-09-06,7.82062273707601
2025-09-07,7.86372244118138
2025-09-08,7.87017070672292
2025-09-09,7.85553516712731
2025-09-10,7.83682319265914
2025-09-11,7.8167066748657
2025-09-12,7.78853577824731
2025-09-13,7.78185708397168
2025-09-14,7.77990327892798
2025-09-15,7.77559608295783
2025-09-16,7.77669285832929
2025-09-17,7.79567027481793
2025-09-18,7.81427500729306
2025-09-19,7.79263728884814
2025-09-20,7.78360704579666
2025-09-21,7.78997460429119
2025-09-22,7.77602113371933
2025-09-23,7.76306985612216
2025-09-24,7.7542750699481
2025-09-25,7.75816480222686
2025-09-26,7.76028075826522
2025-09-27,7.76627065263016
2025-09-28,7.7878704323932
2025-09-29,7.79166408785654
2025-09-30,7.78757293435331
2025-10-01,7.78335731571997
2025-10-02,7.77727659800352
2025-10-03,7.78594968923414
2025-10-04,7.80230257918475
2025-10-05,7.82703661064125
2025-10-06,7.87305657905634
2025-10-07,7.82665402531129
2025-10-08,7.84364171598045
2025-10-09,7.83798491647483
2025-10-10,7.79416833297363
2025-10-11,7.74928617550645
2025-10-12,7.72628889271593
2025-10-13,7.71901385431861
2025-10-14,7.72345238002787
2025-10-15,7.72864382512299
2025-10-16,7.72787560939091
2025-10-17,7.73480558338247
2025-10-18,7.74755413836648
2025-10-19,7.75002110506117
2025-10-20,7.75992924097532
2025-10-21,7.76698221643826
2025-10-22,7.77485025313352
2025-10-23,7.77583951175267
2025-10-24,7.785092991691
2025-10-25,7.78773054941553
2025-10-26,7.77840358228348
2025-10-27,7.72217677897452
2025-10-28,7.81824616565696
2025-10-29,7.78514418569686
2025-10-30,7.78659574401077
2025-10-31,7.86932131210129
2025-11-01,7.83598494741912
2025-11-02,7.90507303958294
2025-11-03,7.92092317436814
2025-11-04,7.95716043025791
2025-11-05,7.88580681776979
2025-11-06,7.80475292034157
2025-11-07,7.77060678355743
2025-11-08,7.74937745558321
2025-11-09,7.73793553036624
2025-11-10,7.74684169873494
2025-11-11,7.73278692402328
2025-11-12,7.76141951468745
2025-11-13,7.85053233509712
2025-11-14,7.87536550450551
2025-11-15,7.84585565741256
2025-11-16,7.80145058444444
2025-11-17,7.8765754678441
2025-11-18,7.85663195866539
2025-11-19,7.84661498322827
2025-11-20,7.8967955607435
2025-11-21,7.93338365670031
2025-11-22,7.93857021264226
2025-11-23,7.94127715140152
2025-11-24,8.0532598895574
2025-11-25,7.9181733016325
2025-11-26,8.06727531852286
2025-11-27,8.04223117647749
2025-11-28,7.92050306954836
2025-11-29,7.61108708042798
2025-11-30,7.76797507454248
2025-12-01,7.61305776948021
2025-12-02,8.30824062132835
2025-12-03,8.25404125322934
2025-12-04,8.36056863844662
2025-12-05,8.34667043562631
2025-12-06,8.36180457309052
2025-12-07,8.40937530875917
2025-12-08,8.31985812176622
2025-12-09,8.19784179667837
2025-12-10,8.1563926325006
2025-12-11,8.38240024537751
2025-12-12,8.43871450669987
2025-12-13,8.16577963423885
2025-12-14,8.21421921080437
2025-12-15,8.15109915067168
2025-12-16,8.10841304590913
2025-12-17,7.98590949686562
2025-12-18,7.91260889913978
2025-12-19,7.59052504062653
2025-12-20,7.66866965683139
2025-12-21,7.6621161087807
2025-12-22,7.66399498510111
2025-12-23,7.68322043089157
2025-12-24,7.63591048910811
2025-12-25,7.53589382566936
2025-12-26,7.67552733421326
2025-12-27,7.60353526446196
2025-12-28,7.32986642758052
2025-12-29,7.4298793517332
2025-12-30,7.3069681763649
2025-12-31,7.32509123675029
