date,data
2000-01-01,6.74230693543584
2000-01-02,6.78006131441734
2000-01-03,6.67681036704681
2000-01-04,6.6839934954683
2000-01-05,6.63614367381829
2000-01-06,6.65826127962055
2000-01-07,6.42743156581884
2000-01-08,6.41891255106913
2000-01-09,6.36747735066102
2000-01-10,6.33086134346716
2000-01-11,6.26031903758056
2000-01-12,6.18826557582704
2000-01-13,6.27734586233826
2000-01-14,6.27043047177272
2000-01-15,6.28393688184925
2000-01-16,6.22701328912753
2000-01-17,6.15558960253696
2000-01-18,6.00038411315985
2000-01-19,5.95248045434354
2000-01-20,5.95300923994493
2000-01-21,5.94426256689182
2000-01-22,5.93042899749359
2000-01-23,5.9328727489453
2000-01-24,5.89714813815535
2000-01-25,5.86882408422472
2000-01-26,5.90197142498539
2000-01-27,5.92626392447208
2000-01-28,5.97696342644887
2000-01-29,5.90952320213567
2000-01-30,5.84296530419506
2000-01-31,NA
2000-02-01,NA
2000-02-02,NA
2000-02-03,NA
2000-02-04,NA
2000-02-05,NA
2000-02-06,NA
2000-02-07,NA
2000-02-08,NA
2000-02-09,NA
2000-02-10,NA
2000-02-11,NA
2000-02-12,NA
2000-02-13,NA
2000-02-14,NA
2000-02-15,NA
2000-02-16,NA
2000-02-17,NA
2000-02-18,NA
2000-02-19,NA
2000-02-20,NA
2000-02-21,NA
2000-02-22,NA
2000-02-23,NA
2000-02-24,NA
2000-02-25,NA
2000-02-26,NA
2000-02-27,NA
2000-02-28,NA
2000-02-29,NA
2000-03-01,4.885613512474
2000-03-02,4.79140085243525
2000-03-03,4.74501166435181
2000-03-04,4.6861131763791
2000-03-05,4.64543578373517
2000-03-06,4.53491649285073
2000-03-07,4.48993616634446
2000-03-08,4.46920983087734
2000-03-09,4.44571702043947
2000-03-10,4.52082318143642
2000-03-11,4.54631947617329
2000-03-12,4.62125765061213
2000-03-13,4.6053337372079
2000-03-14,4.60534297325962
2000-03-15,4.65811542571754
2000-03-16,4.65721980043245
2000-03-17,4.6666785056625
2000-03-18,4.69751548074484
2000-03-19,4.74039867340591
2000-03-20,4.77178783130782
2000-03-21,4.82038868862556
2000-03-22,4.87066631129691
2000-03-23,4.92067228606417
2000-03-24,4.95881391112434
2000-03-25,4.99884302607444
2000-03-26,5.02645250313422
2000-03-27,5.0596836996851
2000-03-28,5.2051995880835
2000-03-29,5.15355402611798
2000-03-30,5.09683467131114
2000-03-31,5.02540490715052
2000-04-01,5.01457901030738
2000-04-02,5.18865359654429
2000-04-03,5.19439018248849
2000-04-04,5.20663162114633
2000-04-05,5.19649217419449
2000-04-06,5.21927074095448
2000-04-07,5.06678211600454
2000-04-08,5.07678114009743
2000-04-09,5.07832871258423
2000-04-10,5.08798173334227
2000-04-11,5.08092340543239
2000-04-12,5.09014373388467
2000-04-13,5.1072521844204
2000-04-14,5.11330254287747
2000-04-15,5.12179546855057
2000-04-16,5.13881526983826
2000-04-17,5.15149085353926
2000-04-18,5.15595532600254
2000-04-19,5.16680319758228
2000-04-20,5.19422779412469
2000-04-21,5.19072782479591
2000-04-22,5.23777883149049
2000-04-23,5.36321122882829
2000-04-24,5.36269523965999
2000-04-25,5.42674629584862
2000-04-26,5.5237220627768
2000-04-27,5.67338892877587
2000-04-28,5.70669302242742
2000-04-29,5.70002316850077
2000-04-30,5.71282023984834
2000-05-01,5.68690851079378
2000-05-02,5.72353703604733
2000-05-03,5.73593198154479
2000-05-04,5.77577423051922
2000-05-05,5.84616820708645
2000-05-06,5.94099214806863
2000-05-07,5.89669955331951
2000-05-08,5.9493614109284
2000-05-09,5.99803388928222
2000-05-10,6.12319242509285
2000-05-11,6.21074053163121
2000-05-12,6.27903902231681
2000-05-13,6.28731273924178
2000-05-14,6.36402296925375
2000-05-15,6.45303710995759
2000-05-16,6.52149284910748
2000-05-17,6.62977877260747
2000-05-18,6.72527262981279
2000-05-19,6.83755017044569
2000-05-20,6.89993495771447
2000-05-21,6.99882295963067
2000-05-22,7.06557844847634
2000-05-23,7.08488544116984
2000-05-24,7.11785181805811
2000-05-25,7.14291185271798
2000-05-26,7.1310625780276
2000-05-27,7.15184404339486
2000-05-28,7.15155221431392
2000-05-29,7.16359239666748
2000-05-30,7.15436701687557
2000-05-31,7.16562457115095
2000-06-01,7.16329724671655
2000-06-02,7.16833924362568
2000-06-03,7.16801956449511
2000-06-04,7.15181122838703
2000-06-05,NA
2000-06-06,NA
2000-06-07,7.11880677732267
2000-06-08,7.10941401085991
2000-06-09,7.14347648060842
2000-06-10,7.09410569860359
2000-06-11,7.05886535347865
2000-06-12,7.05928643427792
2000-06-13,7.00791732631234
2000-06-14,6.98386832682269
2000-06-15,6.98236445212675
2000-06-16,6.99743564964973
2000-06-17,7.05139068558994
2000-06-18,7.0580672477773
2000-06-19,7.05504488261162
2000-06-20,7.05319304055997
2000-06-21,7.03633697382257
2000-06-22,7.03298710039625
2000-06-23,7.01479292647989
2000-06-24,7.01671005835126
2000-06-25,6.99774063922599
2000-06-26,6.99764557761431
2000-06-27,6.99502888042149
2000-06-28,6.9941481316475
2000-06-29,6.98648272689449
2000-06-30,6.99029937841668
2000-07-01,6.99938101305384
2000-07-02,6.99956951492281
2000-07-03,6.99545733441507
2000-07-04,6.99960210736858
2000-07-05,6.99594589852659
2000-07-06,7.00287599257131
2000-07-07,7.02274530571474
2000-07-08,7.02194232585589
2000-07-09,7.00274818609743
2000-07-10,7.00201353199451
2000-07-11,6.99847036590095
2000-07-12,6.98024872184864
2000-07-13,6.97968215633029
2000-07-14,6.95919356672709
2000-07-15,6.94038174840543
2000-07-16,6.94042186815029
2000-07-17,6.92197108556872
2000-07-18,6.89511378914273
2000-07-19,6.89095050838585
2000-07-20,6.88474284075581
2000-07-21,6.83926427321724
2000-07-22,6.80685751929274
2000-07-23,6.81057761822398
2000-07-24,6.80949037797923
2000-07-25,6.78511048254061
2000-07-26,6.84762306537106
2000-07-27,6.84854246920525
2000-07-28,6.84594506021195
2000-07-29,6.84304235408285
2000-07-30,6.78441434633026
2000-07-31,6.74927282204318
2000-08-01,6.67033685350214
2000-08-02,6.65001946772797
2000-08-03,6.68140386881994
2000-08-04,6.65436108890917
2000-08-05,6.66183281487834
2000-08-06,6.58301889102709
2000-08-07,6.68010267347958
2000-08-08,6.68595004900729
2000-08-09,6.72444373820859
2000-08-10,6.56096313667114
2000-08-11,6.2827311120704
2000-08-12,6.5940832667727
2000-08-13,6.09493674827995
2000-08-14,6.23453746961461
2000-08-15,6.17076920874125
2000-08-16,6.26390801399937
2000-08-17,6.7057548465843
2000-08-18,6.81385608484357
2000-08-19,6.79769166155937
2000-08-20,6.82011273462583
2000-08-21,6.83719085818252
2000-08-22,6.8770845609816
2000-08-23,6.8638247870886
2000-08-24,6.8760463252436
2000-08-25,6.90771132166046
2000-08-26,6.90890213722263
2000-08-27,6.91465022558125
2000-08-28,6.94494925735702
2000-08-29,6.94542449785098
2000-08-30,6.96458704645637
2000-08-31,7.00560700126688
2000-09-01,7.01715573446705
2000-09-02,7.01026231326059
2000-09-03,7.0041471590499
2000-09-04,7.00658900525995
2000-09-05,6.99883288365421
2000-09-06,6.97512316698782
2000-09-07,6.92974061107763
2000-09-08,6.92815515772136
2000-09-09,6.92628027288751
2000-09-10,6.88939908067846
2000-09-11,6.88985919122433
2000-09-12,6.91119687747438
2000-09-13,6.93205349978947
2000-09-14,6.94757134173874
2000-09-15,6.91511500569867
2000-09-16,6.85226825266537
2000-09-17,6.9367736830499
2000-09-18,6.91345389105316
2000-09-19,6.87578616928593
2000-09-20,6.89949320622877
2000-09-21,6.91399385055474
2000-09-22,6.92747166339194
2000-09-23,6.94227566002226
2000-09-24,7.14804074271478
2000-09-25,7.17986567388526
2000-09-26,7.20639101827799
2000-09-27,7.180994494521
2000-09-28,7.17293277113535
2000-09-29,7.17392951608501
2000-09-30,7.1095815206723
2000-10-01,7.05948268581449
2000-10-02,7.07840773030577
2000-10-03,6.9585787435604
2000-10-04,6.96927815625663
2000-10-05,6.98032911990369
2000-10-06,6.96714802106429
2000-10-07,6.71428621341371
2000-10-08,6.72484443251871
2000-10-09,6.63193878036294
2000-10-10,6.58222779255559
2000-10-11,6.56707319778382
2000-10-12,6.49871522264505
2000-10-13,6.58880128340862
2000-10-14,6.57615209976566
2000-10-15,6.55798253174884
2000-10-16,6.50529065656627
2000-10-17,6.36439995385156
2000-10-18,6.1735348780633
2000-10-19,6.11046713115276
2000-10-20,6.08516677378425
2000-10-21,6.07853032204058
2000-10-22,6.06150383204454
2000-10-23,6.04566134380008
2000-10-24,6.02041454634684
2000-10-25,6.02699583690938
2000-10-26,6.0503068601517
2000-10-27,6.07454263581789
2000-10-28,6.11754766303957
2000-10-29,6.0020238269182
2000-10-30,5.92585562043414
2000-10-31,5.88713278294742
2000-11-01,5.91422418932316
2000-11-02,5.94298514578719
2000-11-03,5.83245205402995
2000-11-04,5.74865338133216
2000-11-05,5.70361204314218
2000-11-06,5.74763911401634
2000-11-07,5.73989161679249
2000-11-08,5.68258846946719
2000-11-09,5.62092983748337
2000-11-10,5.52359440267078
2000-11-11,5.5260980365724
2000-11-12,5.40059800264405
2000-11-13,5.28235191487252
2000-11-14,5.28986024077794
2000-11-15,5.35352711652233
2000-11-16,5.30940223420998
2000-11-17,5.27562517967451
2000-11-18,5.29427463616491
2000-11-19,5.3078304994887
2000-11-20,5.39606148658745
2000-11-21,5.39151343260056
2000-11-22,5.3143119575376
2000-11-23,5.23449666345037
2000-11-24,5.12536962364226
2000-11-25,4.9380538385344
2000-11-26,4.94171962700451
2000-11-27,4.84693183145925
2000-11-28,4.9362393702109
2000-11-29,5.11017701511057
2000-11-30,5.07364927012311
2000-12-01,5.01125984907485
2000-12-02,5.10415198405584
2000-12-03,4.90740689606894
2000-12-04,4.90229820695153
2000-12-05,4.9019223309852
2000-12-06,5.00987349999578
2000-12-07,5.11779865149587
2000-12-08,5.1333890462533
2000-12-09,5.18871928232013
2000-12-10,5.24370231577959
2000-12-11,5.33671467163263
2000-12-12,5.3555792760063
2000-12-13,5.35836049293103
2000-12-14,5.33312249777844
2000-12-15,5.45066901670096
2000-12-16,5.47277697421009
2000-12-17,5.50001259706338
2000-12-18,5.35528912721869
2000-12-19,5.32537040935727
2000-12-20,5.37519202068802
2000-12-21,5.3697212207915
2000-12-22,5.26938323529212
2000-12-23,5.28249110753023
2000-12-24,5.27318410751538
2000-12-25,5.20198568303733
2000-12-26,5.10631032017936
2000-12-27,5.11369518451277
2000-12-28,5.08380883343426
2000-12-29,4.9181423740014
2000-12-30,4.94242224693298
2000-12-31,4.89427615566018
2001-01-01,6.6261201577472
2001-01-02,6.63970600360863
2001-01-03,6.61089062733639
2001-01-04,6.63357609138224
2001-01-05,6.62490811854944
2001-01-06,6.77709113117099
2001-01-07,6.81296981015054
2001-01-08,6.8645529538009
2001-01-09,6.85233604807415
2001-01-10,6.84661683677857
2001-01-11,6.87631592425928
2001-01-12,6.81746498815044
2001-01-13,6.75798907953423
2001-01-14,6.69131051975559
2001-01-15,6.63217836498781
2001-01-16,6.62015390487888
2001-01-17,6.36419456226161
2001-01-18,6.31244571245145
2001-01-19,6.22616577513351
2001-01-20,6.18260037964627
2001-01-21,6.15067789493106
2001-01-22,6.03721950107113
2001-01-23,5.94801912252114
2001-01-24,5.98328386051123
2001-01-25,5.95379585978702
2001-01-26,5.90913502235844
2001-01-27,5.86829279826191
2001-01-28,5.85216475796127
2001-01-29,5.83187153910477
2001-01-30,5.75311842002506
2001-01-31,NA
2001-02-01,4.83578731572298
2001-02-02,4.79814601466891
2001-02-03,4.74875014738519
2001-02-04,4.74966811692273
2001-02-05,4.79294823304847
2001-02-06,4.81662123576195
2001-02-07,4.83250371603082
2001-02-08,4.8722831754218
2001-02-09,4.86000704326181
2001-02-10,4.91818217716676
2001-02-11,4.91731045539728
2001-02-12,4.91112273863856
2001-02-13,4.90367148153491
2001-02-14,4.92853506299724
2001-02-15,4.88536792919267
2001-02-16,4.85653506334494
2001-02-17,4.85262677833788
2001-02-18,4.85537642824173
2001-02-19,4.84435913245827
2001-02-20,4.84699553315387
2001-02-21,4.81491728625025
2001-02-22,4.77666209233656
2001-02-23,4.78380631131523
2001-02-24,4.80470005307746
2001-02-25,4.76522230562916
2001-02-26,4.73540021673285
2001-02-27,4.70773758417883
2001-02-28,4.70540465327536
2001-03-01,4.73420005106253
2001-03-02,4.7238384360705
2001-03-03,4.75074742988233
2001-03-04,4.70244944914771
2001-03-05,4.70339520921064
2001-03-06,4.69198987604651
2001-03-07,4.75303759695406
2001-03-08,4.72649000402685
2001-03-09,4.72334317910986
2001-03-10,4.77412678162215
2001-03-11,4.76659856317023
2001-03-12,4.71519559077501
2001-03-13,4.71520743873516
2001-03-14,4.67223323070032
2001-03-15,4.72127057213749
2001-03-16,4.68531916197029
2001-03-17,4.61119396762867
2001-03-18,4.60270108558267
2001-03-19,4.61985971461692
2001-03-20,4.63581269039945
2001-03-21,4.62161100801565
2001-03-22,4.61041811350784
2001-03-23,4.56113887752962
2001-03-24,4.53569528740313
2001-03-25,4.53349920685275
2001-03-26,4.50369608499595
2001-03-27,4.48643424007663
2001-03-28,4.49365417426325
2001-03-29,4.49146338296347
2001-03-30,4.50522221835226
2001-03-31,4.46234553927888
2001-04-01,4.4880143757965
2001-04-02,4.50399992646457
2001-04-03,4.6948183499095
2001-04-04,4.68003145793939
2001-04-05,4.73900628953671
2001-04-06,4.93218754725706
2001-04-07,4.93190017676619
2001-04-08,4.94392278814885
2001-04-09,4.98090970148449
2001-04-10,4.99110560611092
2001-04-11,4.9935015984917
2001-04-12,5.00950491185404
2001-04-13,5.02494326166842
2001-04-14,5.02000108113927
2001-04-15,5.04222556257397
2001-04-16,5.07713161783673
2001-04-17,5.07976600530294
2001-04-18,5.08459737908309
2001-04-19,5.08875246262698
2001-04-20,5.09189700225281
2001-04-21,5.10888194878682
2001-04-22,5.12449034793049
2001-04-23,5.15007881768944
2001-04-24,5.18980457592925
2001-04-25,5.20387219826851
2001-04-26,5.22676326960966
2001-04-27,5.2530368458582
2001-04-28,5.28589649762648
2001-04-29,5.35643966252642
2001-04-30,5.46272640029233
2001-05-01,5.50532955338249
2001-05-02,5.51053716840418
2001-05-03,5.58269493575282
2001-05-04,5.65829253359921
2001-05-05,5.76655822448443
2001-05-06,5.85392408472632
2001-05-07,5.89321798370168
2001-05-08,5.94606733781638
2001-05-09,5.9823904406722
2001-05-10,6.07764767055889
2001-05-11,6.1281154558969
2001-05-12,6.17770703724236
2001-05-13,6.23680165397932
2001-05-14,6.28383414523333
2001-05-15,6.33950115312142
2001-05-16,6.34113495486878
2001-05-17,6.36256729090569
2001-05-18,6.4406695670697
2001-05-19,6.48050212356738
2001-05-20,6.55764139906826
2001-05-21,6.7682398412012
2001-05-22,6.89736601228662
2001-05-23,6.99183409918967
2001-05-24,7.11587604273767
2001-05-25,7.15113615004665
2001-05-26,7.15412149620778
2001-05-27,7.13034029217449
2001-05-28,7.17954178336049
2001-05-29,7.22219052767475
2001-05-30,7.22240408039958
2001-05-31,7.23640123608617
2001-06-01,NA
2001-06-02,NA
2001-06-03,NA
2001-06-04,NA
2001-06-05,NA
2001-06-06,NA
2001-06-07,NA
2001-06-08,NA
2001-06-09,NA
2001-06-10,NA
2001-06-11,NA
2001-06-12,NA
2001-06-13,NA
2001-06-14,NA
2001-06-15,NA
2001-06-16,NA
2001-06-17,NA
2001-06-18,NA
2001-06-19,NA
2001-06-20,NA
2001-06-21,NA
2001-06-22,NA
2001-06-23,NA
2001-06-24,NA
2001-06-25,NA
2001-06-26,NA
2001-06-27,NA
2001-06-28,NA
2001-06-29,NA
2001-06-30,NA
2001-07-01,7.06868559539063
2001-07-02,7.05549989436384
2001-07-03,6.9885215707149
2001-07-04,6.94540236119826
2001-07-05,6.931211889906
2001-07-06,6.95421797529057
2001-07-07,6.95311748293309
2001-07-08,6.95439875239242
2001-07-09,6.94737112730296
2001-07-10,6.93383612980289
2001-07-11,6.9320113286868
2001-07-12,6.94267401740589
2001-07-13,6.93052691204772
2001-07-14,6.92000183021741
2001-07-15,6.91117505095093
2001-07-16,6.91561677880312
2001-07-17,6.91669749032699
2001-07-18,6.91276102193779
2001-07-19,6.91430494194393
2001-07-20,6.9197911263205
2001-07-21,6.90767181165559
2001-07-22,6.85885269365702
2001-07-23,6.84600517874127
2001-07-24,6.84583566478492
2001-07-25,6.84546307017952
2001-07-26,6.85278660779489
2001-07-27,6.86308010412083
2001-07-28,6.88504240736458
2001-07-29,6.85626107672421
2001-07-30,6.81581800052841
2001-07-31,6.81256641918714
2001-08-01,6.84611545775675
2001-08-02,6.86898625310231
2001-08-03,6.89618469350266
2001-08-04,6.93319293934395
2001-08-05,6.95523961525717
2001-08-06,6.95804576138694
2001-08-07,6.98184725465738
2001-08-08,6.98873048708873
2001-08-09,6.99342326853959
2001-08-10,6.99623468302394
2001-08-11,7.00410118355169
2001-08-12,7.00135058759001
2001-08-13,6.98716299020367
2001-08-14,6.98857836657994
2001-08-15,6.97884279108678
2001-08-16,6.99462850395558
2001-08-17,6.99087486057628
2001-08-18,6.9846481228295
2001-08-19,6.97654643002308
2001-08-20,6.95922196783871
2001-08-21,6.46871393880426
2001-08-22,6.48530586775631
2001-08-23,6.6181308161884
2001-08-24,6.63161766905095
2001-08-25,6.626973754558
2001-08-26,6.62973135078773
2001-08-27,6.82715635752686
2001-08-28,6.84040688087105
2001-08-29,6.84625999762297
2001-08-30,6.85834931225826
2001-08-31,6.90238138445414
2001-09-01,6.90269852676542
2001-09-02,6.90513225405522
2001-09-03,6.91778182802567
2001-09-04,6.92116070612433
2001-09-05,6.93073262082387
2001-09-06,6.93104193056041
2001-09-07,6.94140314559348
2001-09-08,6.94864505754202
2001-09-09,6.94024749656075
2001-09-10,6.94827936417825
2001-09-11,6.94700820603996
2001-09-12,6.94742715798363
2001-09-13,6.94495739716275
2001-09-14,6.94804312220249
2001-09-15,6.94499756541182
2001-09-16,6.93852243068301
2001-09-17,6.94662951873532
2001-09-18,6.95663524269646
2001-09-19,6.95896415964188
2001-09-20,6.94548283241169
2001-09-21,6.95638453812758
2001-09-22,6.95598985371797
2001-09-23,6.97315058166933
2001-09-24,6.94034480881415
2001-09-25,7.01037613180355
2001-09-26,6.9722462112121
2001-09-27,6.91588709259576
2001-09-28,6.92463823269545
2001-09-29,6.93667104093307
2001-09-30,6.88641999436224
2001-10-01,6.79481554429694
2001-10-02,6.83057350892629
2001-10-03,6.79505719594285
2001-10-04,6.8278615077135
2001-10-05,6.81595846917361
2001-10-06,6.9733664727658
2001-10-07,6.99903303365094
2001-10-08,7.0137901831316
2001-10-09,7.01135611150068
2001-10-10,7.01063627039822
2001-10-11,7.02337733088161
2001-10-12,6.97597507158568
2001-10-13,6.91871173317612
2001-10-14,6.87419480796637
2001-10-15,6.82518214991355
2001-10-16,6.81301414247455
2001-10-17,6.55835841691553
2001-10-18,6.51031749557322
2001-10-19,6.48445749074741
2001-10-20,6.48448840670052
2001-10-21,6.57396864414618
2001-10-22,6.43563368378996
2001-10-23,6.32093621958828
2001-10-24,6.37227066723057
2001-10-25,6.41638329731018
2001-10-26,6.3396673653654
2001-10-27,6.22576866084624
2001-10-28,6.16984841232295
2001-10-29,6.1639655416779
2001-10-30,6.10681216017307
2001-10-31,6.03542771860388
2001-11-01,6.00909487194319
2001-11-02,5.99628993753479
2001-11-03,5.97419176975898
2001-11-04,5.96200861558417
2001-11-05,5.91447296460037
2001-11-06,5.88758723139658
2001-11-07,5.89962845715053
2001-11-08,6.10079331170245
2001-11-09,6.01093326352936
2001-11-10,5.9029583044799
2001-11-11,5.88476461484759
2001-11-12,5.91863138090276
2001-11-13,5.98410616415548
2001-11-14,6.05582148265122
2001-11-15,6.14153398388131
2001-11-16,6.1359150304721
2001-11-17,6.12957093504727
2001-11-18,6.09738439399119
2001-11-19,5.95759463689076
2001-11-20,5.78070608799134
2001-11-21,5.69838821045653
2001-11-22,5.68265608786746
2001-11-23,5.66415879725408
2001-11-24,5.59543190525003
2001-11-25,5.79365809439965
2001-11-26,5.98584608620082
2001-11-27,6.03095949295119
2001-11-28,5.99024947534475
2001-11-29,5.53377404302921
2001-11-30,5.43218395616231
2001-12-01,5.4020221387569
2001-12-02,5.32449035185494
2001-12-03,5.18381667948094
2001-12-04,5.1399505201139
2001-12-05,5.10648161738223
2001-12-06,5.14505990549398
2001-12-07,5.18758867975063
2001-12-08,5.17417228287035
2001-12-09,5.05283996096829
2001-12-10,5.15873714830274
2001-12-11,5.19759723477893
2001-12-12,5.30450668008918
2001-12-13,5.26623587704831
2001-12-14,5.21400892676939
2001-12-15,5.21001237641033
2001-12-16,5.21681125889654
2001-12-17,5.20065439531413
2001-12-18,5.18607486089071
2001-12-19,5.130874050822
2001-12-20,5.11977551820912
2001-12-21,5.15096762160624
2001-12-22,5.15619366963705
2001-12-23,5.09655166058718
2001-12-24,5.34931997221465
2001-12-25,5.34985854796001
2001-12-26,5.35675440663877
2001-12-27,5.36137463249037
2001-12-28,5.25478628684174
2001-12-29,5.43135218773024
2001-12-30,5.58290286674056
2001-12-31,5.62101518254907
2002-01-01,5.48896085426507
2002-01-02,5.51223493052734
2002-01-03,5.63689494552911
2002-01-04,5.51477552268465
2002-01-05,5.58829844215689
2002-01-06,5.58877923819905
2002-01-07,5.61149917882382
2002-01-08,5.49963270538175
2002-01-09,5.24339422775853
2002-01-10,5.19969645657586
2002-01-11,5.21064558357399
2002-01-12,5.11526353351581
2002-01-13,5.02347699823514
2002-01-14,4.88815244328947
2002-01-15,4.84697640169544
2002-01-16,4.8224535948377
2002-01-17,4.77567953220128
2002-01-18,4.71016066618008
2002-01-19,4.67192518249478
2002-01-20,4.6807874453118
2002-01-21,4.85842346791324
2002-01-22,4.86573095112249
2002-01-23,4.88162872243196
2002-01-24,4.8825525960807
2002-01-25,4.87390695664766
2002-01-26,4.86229788117049
2002-01-27,4.8449292242187
2002-01-28,4.91595927454795
2002-01-29,4.91254015079765
2002-01-30,4.91260739542082
2002-01-31,4.88824492488701
2002-02-01,4.88093993036671
2002-02-02,4.86954642719143
2002-02-03,4.91526636683712
2002-02-04,5.01657884541635
2002-02-05,5.0068738403308
2002-02-06,4.94918588704484
2002-02-07,4.88790329856196
2002-02-08,4.80626090571442
2002-02-09,4.84997577288514
2002-02-10,4.87448077695032
2002-02-11,4.86060240563015
2002-02-12,4.8636545688015
2002-02-13,4.8071875770266
2002-02-14,4.79904598077138
2002-02-15,4.79166269328811
2002-02-16,4.7675918627271
2002-02-17,4.73866151246312
2002-02-18,4.67927718669062
2002-02-19,4.56415817847556
2002-02-20,4.44721759533959
2002-02-21,4.54024732410275
2002-02-22,4.54785617227112
2002-02-23,4.55251661838639
2002-02-24,4.57197751480291
2002-02-25,4.52043746038218
2002-02-26,4.48821793607384
2002-02-27,4.51625448697754
2002-02-28,4.53098317177327
2002-03-01,4.49527798736479
2002-03-02,4.48947871493982
2002-03-03,4.5024915429225
2002-03-04,4.50335919716939
2002-03-05,4.5001423034105
2002-03-06,4.41761963091334
2002-03-07,4.52854865832865
2002-03-08,4.59740534730022
2002-03-09,4.56113780898489
2002-03-10,4.56721082313418
2002-03-11,4.63547814647483
2002-03-12,4.72951556246939
2002-03-13,4.7603460377733
2002-03-14,4.73168664747799
2002-03-15,4.69401751523462
2002-03-16,4.67770520652671
2002-03-17,4.72559222524409
2002-03-18,4.75554380477084
2002-03-19,4.79268446307752
2002-03-20,4.79387244993229
2002-03-21,4.80823431630181
2002-03-22,4.88216966551979
2002-03-23,4.7982148599835
2002-03-24,4.74152779622335
2002-03-25,4.73988570079275
2002-03-26,4.64384743912056
2002-03-27,4.52429093868058
2002-03-28,4.54172610595367
2002-03-29,4.5560781340664
2002-03-30,4.56415121341763
2002-03-31,4.56207938935602
2002-04-01,4.62890044020191
2002-04-02,4.83146546622771
2002-04-03,4.90913573334822
2002-04-04,4.94834779261143
2002-04-05,4.93120008214641
2002-04-06,4.91019223483439
2002-04-07,4.91419019193434
2002-04-08,4.91657366274678
2002-04-09,4.91575765646242
2002-04-10,4.9202262086835
2002-04-11,4.91977600236982
2002-04-12,4.90348809749601
2002-04-13,4.91561017448566
2002-04-14,4.91098009698693
2002-04-15,4.94924013898218
2002-04-16,4.98317741365774
2002-04-17,5.01449426236998
2002-04-18,5.03063367814869
2002-04-19,5.04944528337133
2002-04-20,5.0480744288154
2002-04-21,5.06183086164348
2002-04-22,5.04671987046999
2002-04-23,5.04410248452274
2002-04-24,5.04372422931126
2002-04-25,5.05185376579973
2002-04-26,5.08499561079703
2002-04-27,5.13699589436333
2002-04-28,5.16403797827344
2002-04-29,5.18499090810088
2002-04-30,5.21396965266594
2002-05-01,5.24866185129741
2002-05-02,5.28343888782027
2002-05-03,5.33438627317354
2002-05-04,5.37152459760413
2002-05-05,5.41219691941376
2002-05-06,5.44508948416368
2002-05-07,5.50428025264228
2002-05-08,5.54657713421022
2002-05-09,5.56111913184431
2002-05-10,5.61296025238616
2002-05-11,5.64556404838672
2002-05-12,5.65544534168003
2002-05-13,5.84747293979711
2002-05-14,5.88868938510133
2002-05-15,5.99272742200646
2002-05-16,6.21249304130318
2002-05-17,6.39490231083625
2002-05-18,6.49983928806231
2002-05-19,6.58234703011813
2002-05-20,6.78130782385282
2002-05-21,6.8654417384386
2002-05-22,6.92292407907563
2002-05-23,6.99933647135593
2002-05-24,7.10817194187705
2002-05-25,7.15714154998401
2002-05-26,7.24000346110595
2002-05-27,7.25482805335058
2002-05-28,7.30538471465717
2002-05-29,7.31379480371296
2002-05-30,7.29176079038488
2002-05-31,7.30006126686177
2002-06-01,7.30052257224635
2002-06-02,7.2857745876923
2002-06-03,7.30507657843483
2002-06-04,7.26799325221392
2002-06-05,7.2971965943751
2002-06-06,7.34696710358459
2002-06-07,7.34393833666834
2002-06-08,7.33324609818035
2002-06-09,7.30859803040768
2002-06-10,7.29399110687344
2002-06-11,7.28307613454868
2002-06-12,7.25855573443621
2002-06-13,7.21102006992269
2002-06-14,7.1717788313676
2002-06-15,7.15317845388982
2002-06-16,7.12573498815485
2002-06-17,7.11450234087746
2002-06-18,7.08946983642215
2002-06-19,7.07387897798052
2002-06-20,7.06861127723168
2002-06-21,7.06588429153474
2002-06-22,7.06021542791838
2002-06-23,7.04972407294162
2002-06-24,7.04556914802156
2002-06-25,7.05689244102292
2002-06-26,7.05424918342818
2002-06-27,7.0392891899115
2002-06-28,7.04422227620765
2002-06-29,7.04190294961803
2002-06-30,7.03032133156088
2002-07-01,7.02539095693486
2002-07-02,7.00864366593333
2002-07-03,6.97589854448982
2002-07-04,6.98034502199338
2002-07-05,6.98524091016968
2002-07-06,6.98750997664033
2002-07-07,6.98813929705384
2002-07-08,6.98788114095038
2002-07-09,6.98346064985312
2002-07-10,6.97600638284295
2002-07-11,6.96404987922839
2002-07-12,6.93648712355175
2002-07-13,6.93586850735899
2002-07-14,6.94040575752981
2002-07-15,6.93076336960943
2002-07-16,6.93735370986176
2002-07-17,6.94196660567236
2002-07-18,6.93888427944841
2002-07-19,6.93467363817712
2002-07-20,6.92218136328443
2002-07-21,6.93391475551703
2002-07-22,6.93685271278531
2002-07-23,6.93174382251394
2002-07-24,6.92013653707095
2002-07-25,6.92157240000944
2002-07-26,6.92841889071846
2002-07-27,6.93379335312434
2002-07-28,6.97107083522388
2002-07-29,6.97864539314382
2002-07-30,6.97330624140125
2002-07-31,6.98033911874588
2002-08-01,6.98997517257613
2002-08-02,6.98151036628057
2002-08-03,6.97695100634223
2002-08-04,6.9752497253021
2002-08-05,6.96661363722675
2002-08-06,6.92733662003018
2002-08-07,6.88939120260912
2002-08-08,6.87791492219444
2002-08-09,6.88805399407031
2002-08-10,6.90117099456857
2002-08-11,6.91876930213436
2002-08-12,6.90142185557924
2002-08-13,6.90902715911484
2002-08-14,6.90666027184822
2002-08-15,6.91031632376163
2002-08-16,6.92595009649415
2002-08-17,6.91593576597754
2002-08-18,6.91502191856698
2002-08-19,6.89299352917686
2002-08-20,6.86512505559538
2002-08-21,6.86877613312605
2002-08-22,6.86092522890677
2002-08-23,6.87649277501431
2002-08-24,6.86987612411384
2002-08-25,6.80942348680817
2002-08-26,6.79727602398914
2002-08-27,6.77812524818588
2002-08-28,6.87083989706351
2002-08-29,6.87730071588992
2002-08-30,6.9030126447849
2002-08-31,6.9469150594905
2002-09-01,6.95870483211111
2002-09-02,7.01481727695372
2002-09-03,7.02084618835832
2002-09-04,7.03519166682242
2002-09-05,7.03538791023097
2002-09-06,6.99723667573438
2002-09-07,6.98667419913793
2002-09-08,6.93258997706772
2002-09-09,6.99081448236333
2002-09-10,6.9800639536852
2002-09-11,6.94480669313144
2002-09-12,6.94724234760032
2002-09-13,6.95326479827778
2002-09-14,6.93145158945165
2002-09-15,6.92785500198188
2002-09-16,6.88559383605547
2002-09-17,6.87840955643366
2002-09-18,6.75990751308024
2002-09-19,6.76611904160292
2002-09-20,6.76527634419502
2002-09-21,6.76614330708519
2002-09-22,6.81003611656897
2002-09-23,6.77097087100073
2002-09-24,6.83316186385654
2002-09-25,6.80441124206319
2002-09-26,6.86120724427716
2002-09-27,6.88507245949245
2002-09-28,6.86872867716726
2002-09-29,6.79056018720402
2002-09-30,6.79954647368336
2002-10-01,6.86299668112416
2002-10-02,6.87432047146533
2002-10-03,6.9044103695954
2002-10-04,6.90759501303382
2002-10-05,6.88353843262484
2002-10-06,6.88464407033172
2002-10-07,6.73485212585741
2002-10-08,6.69993515240655
2002-10-09,6.61135668275638
2002-10-10,6.54239092144297
2002-10-11,6.47682141794306
2002-10-12,6.45097249436801
2002-10-13,6.49187577129777
2002-10-14,6.62946056016687
2002-10-15,6.58525623033954
2002-10-16,6.53428740623926
2002-10-17,6.48381956631464
2002-10-18,6.45736033304165
2002-10-19,6.48277758983562
2002-10-20,6.43727201492411
2002-10-21,6.42268814585959
2002-10-22,6.41166876342915
2002-10-23,6.42174107217278
2002-10-24,6.40776814569413
2002-10-25,6.44732118165976
2002-10-26,6.44423414561493
2002-10-27,6.44395236308743
2002-10-28,6.45506089621703
2002-10-29,6.43009124338372
2002-10-30,6.24200675365294
2002-10-31,6.24566106605726
2002-11-01,6.25187996636864
2002-11-02,6.23444189315498
2002-11-03,6.13295971364897
2002-11-04,5.97220785951061
2002-11-05,5.98279346592317
2002-11-06,6.00995476546856
2002-11-07,6.0515038239868
2002-11-08,5.93042984977002
2002-11-09,5.86122765264624
2002-11-10,5.7581849630132
2002-11-11,5.74959636247586
2002-11-12,5.73144882492077
2002-11-13,5.60451530630179
2002-11-14,5.49350872425364
2002-11-15,5.46327931476895
2002-11-16,5.47560719636904
2002-11-17,5.44364043862064
2002-11-18,5.42261169230562
2002-11-19,5.41282313998055
2002-11-20,5.43296629980085
2002-11-21,5.36168309922789
2002-11-22,5.30635202576205
2002-11-23,5.33036635171998
2002-11-24,5.28933374236428
2002-11-25,5.34361279270799
2002-11-26,5.34871466481657
2002-11-27,5.43200205949705
2002-11-28,5.16886376078257
2002-11-29,5.40674874116827
2002-11-30,5.16177289579168
2002-12-01,5.19660291592114
2002-12-02,5.20614441328271
2002-12-03,5.12710662451825
2002-12-04,5.09777428683113
2002-12-05,4.98838634538178
2002-12-06,5.03427714012503
2002-12-07,5.02737718276411
2002-12-08,4.98082331850611
2002-12-09,4.9067026277817
2002-12-10,4.95537220229182
2002-12-11,4.89583464832594
2002-12-12,4.90974418925388
2002-12-13,4.88800697768761
2002-12-14,5.15618293026413
2002-12-15,5.28712458127565
2002-12-16,5.33535394772401
2002-12-17,5.46357245044371
2002-12-18,5.42468480168441
2002-12-19,5.6643497648224
2002-12-20,5.77131792846716
2002-12-21,5.73110096999041
2002-12-22,5.72117321239495
2002-12-23,5.79794507114976
2002-12-24,5.74830768995592
2002-12-25,5.76904394483346
2002-12-26,5.72373040361577
2002-12-27,5.72268644713481
2002-12-28,5.78207933920885
2002-12-29,5.75671236004148
2002-12-30,5.6733529169762
2002-12-31,5.58864270199786
2003-01-01,5.44196568988823
2003-01-02,5.35385586793531
2003-01-03,5.35265736267642
2003-01-04,5.24232990915066
2003-01-05,5.14622876615562
2003-01-06,5.06358151442348
2003-01-07,5.0323926537938
2003-01-08,5.06555227321287
2003-01-09,5.03317883754159
2003-01-10,5.07897647608282
2003-01-11,5.02228050026452
2003-01-12,5.01335829412068
2003-01-13,4.95106999129845
2003-01-14,4.92163172733062
2003-01-15,4.99151437393639
2003-01-16,4.99812512633241
2003-01-17,4.88072868298015
2003-01-18,4.90756006454297
2003-01-19,5.03423293504261
2003-01-20,5.02798530706564
2003-01-21,5.03211593981399
2003-01-22,4.99410686876722
2003-01-23,4.89629588430425
2003-01-24,4.87303405550166
2003-01-25,4.86820562798287
2003-01-26,4.94111997487249
2003-01-27,4.91430816024571
2003-01-28,4.91235449232917
2003-01-29,4.88383447189814
2003-01-30,4.89117295889802
2003-01-31,4.87751235071239
2003-02-01,4.98522748314767
2003-02-02,5.06140133289216
2003-02-03,5.05302396457187
2003-02-04,5.03349808090209
2003-02-05,5.02832780228632
2003-02-06,5.01571333102691
2003-02-07,4.97959299883292
2003-02-08,5.01005764410933
2003-02-09,5.02370323857113
2003-02-10,5.04081538660882
2003-02-11,5.04732871515916
2003-02-12,5.03962255347585
2003-02-13,4.9981948184377
2003-02-14,5.0184856293756
2003-02-15,5.01092479823624
2003-02-16,4.98114456937937
2003-02-17,4.95077292044127
2003-02-18,4.94938324347257
2003-02-19,4.90065057544799
2003-02-20,4.87714103309539
2003-02-21,4.8958891275678
2003-02-22,4.91289041489856
2003-02-23,4.92745988366568
2003-02-24,4.91187199511497
2003-02-25,4.91274122813468
2003-02-26,4.92628624753283
2003-02-27,4.87569373539485
2003-02-28,4.88994993212445
2003-03-01,4.90225382459829
2003-03-02,4.88577341157655
2003-03-03,4.82637987522865
2003-03-04,4.89703498023209
2003-03-05,4.87151104744847
2003-03-06,4.79784453109899
2003-03-07,4.81824306461883
2003-03-08,4.81493938560741
2003-03-09,4.83708273807744
2003-03-10,4.85216389914977
2003-03-11,4.84732297748457
2003-03-12,4.893983847792
2003-03-13,4.86432692123029
2003-03-14,4.9026893669799
2003-03-15,4.92734395007232
2003-03-16,4.91294683369987
2003-03-17,4.92365873788834
2003-03-18,4.90917014417572
2003-03-19,4.94505090311464
2003-03-20,4.92716248379845
2003-03-21,4.94136977097649
2003-03-22,5.06240925723871
2003-03-23,5.07748885128316
2003-03-24,5.02650221831852
2003-03-25,4.98250122433547
2003-03-26,4.96408144321545
2003-03-27,4.89833444350952
2003-03-28,4.85566206283221
2003-03-29,4.81257224796581
2003-03-30,4.7989301486355
2003-03-31,4.78610011253863
2003-04-01,4.9596324270942
2003-04-02,4.94762615081909
2003-04-03,4.95653207473345
2003-04-04,4.97595451023855
2003-04-05,4.99007912049957
2003-04-06,5.00001339517579
2003-04-07,4.99649801346065
2003-04-08,5.0046146629339
2003-04-09,5.02076980746803
2003-04-10,5.02927246890906
2003-04-11,5.04760641679309
2003-04-12,5.07664479265393
2003-04-13,5.08284122432919
2003-04-14,5.12564743635685
2003-04-15,5.14971891865577
2003-04-16,5.24940913601323
2003-04-17,5.269803148006
2003-04-18,5.31880739543483
2003-04-19,5.23884207330898
2003-04-20,5.19786923100135
2003-04-21,5.22125292824606
2003-04-22,5.24616273714034
2003-04-23,5.31242577274859
2003-04-24,5.37345124053395
2003-04-25,5.28178782369529
2003-04-26,5.26405955728744
2003-04-27,5.22759988386494
2003-04-28,5.30302880643829
2003-04-29,5.33717909037405
2003-04-30,5.42933306624433
2003-05-01,5.44691444186216
2003-05-02,5.49216250546806
2003-05-03,5.50557367563002
2003-05-04,5.54979955828149
2003-05-05,5.61464978152115
2003-05-06,5.68990636466061
2003-05-07,5.73771634246107
2003-05-08,5.83507656989324
2003-05-09,5.89845477858487
2003-05-10,5.96251597534684
2003-05-11,5.9909218244238
2003-05-12,6.08976233131461
2003-05-13,6.2217751592315
2003-05-14,6.25783172864237
2003-05-15,6.35357133939338
2003-05-16,6.40996987056652
2003-05-17,6.48279743502713
2003-05-18,6.73523795041944
2003-05-19,6.77360027964725
2003-05-20,6.82877332158413
2003-05-21,6.94393163682758
2003-05-22,6.95663924605766
2003-05-23,6.95929837300263
2003-05-24,7.02409313709548
2003-05-25,7.01574161117612
2003-05-26,7.01324513221762
2003-05-27,7.01225721109337
2003-05-28,7.0300837691024
2003-05-29,7.0335325642785
2003-05-30,7.03209774693549
2003-05-31,7.01986977804627
2003-06-01,6.99330188896949
2003-06-02,6.99675141678589
2003-06-03,6.9974443486402
2003-06-04,7.002779091047
2003-06-05,7.00589403125056
2003-06-06,6.95724428788393
2003-06-07,6.98907949817195
2003-06-08,6.99700743293683
2003-06-09,6.96838990162301
2003-06-10,6.94087190363781
2003-06-11,6.97096090810845
2003-06-12,6.96270064733115
2003-06-13,6.94298091190817
2003-06-14,6.92846608114318
2003-06-15,6.93178380005223
2003-06-16,6.93379662808192
2003-06-17,6.94382275548769
2003-06-18,6.94594846045422
2003-06-19,6.94622344234833
2003-06-20,6.95717986021268
2003-06-21,6.96835251534797
2003-06-22,6.97486158968102
2003-06-23,6.96694882103614
2003-06-24,6.96286305319544
2003-06-25,6.96298504896246
2003-06-26,6.9580219914195
2003-06-27,6.95556192084695
2003-06-28,6.95377994183924
2003-06-29,6.9514530284114
2003-06-30,6.96125059673295
2003-07-01,6.9620870474236
2003-07-02,6.97638435300612
2003-07-03,6.97349244557625
2003-07-04,6.95724444536446
2003-07-05,6.95542139279106
2003-07-06,6.95087074793161
2003-07-07,6.96260157660187
2003-07-08,6.94139826916272
2003-07-09,6.93602664147908
2003-07-10,6.93548290740192
2003-07-11,6.93735640331182
2003-07-12,6.92597981350634
2003-07-13,6.92036512233384
2003-07-14,6.91189246331842
2003-07-15,6.88598001536546
2003-07-16,6.86786516776745
2003-07-17,6.85524689822344
2003-07-18,6.85509427662897
2003-07-19,6.87533056225322
2003-07-20,6.90576949894369
2003-07-21,6.90255902113585
2003-07-22,6.87363035571326
2003-07-23,6.84886711299287
2003-07-24,6.84941315454296
2003-07-25,6.85559723128489
2003-07-26,6.86003419396434
2003-07-27,6.87293777836785
2003-07-28,6.87428606578282
2003-07-29,6.87149863641972
2003-07-30,6.87016118254801
2003-07-31,6.87970413056996
2003-08-01,6.88774567428431
2003-08-02,6.88730588203864
2003-08-03,6.90164144739227
2003-08-04,6.90149565189513
2003-08-05,6.90736838936601
2003-08-06,6.9069099266722
2003-08-07,6.923763565458
2003-08-08,6.89550277675936
2003-08-09,6.92006484639003
2003-08-10,6.81210421483177
2003-08-11,6.87984320929068
2003-08-12,6.90664262266256
2003-08-13,6.90891972742818
2003-08-14,6.93588323398825
2003-08-15,6.93883246449016
2003-08-16,6.9246378227844
2003-08-17,6.89893341304731
2003-08-18,6.88780315092302
2003-08-19,6.89302968745348
2003-08-20,6.88897933913325
2003-08-21,6.88976181535836
2003-08-22,6.8927515171399
2003-08-23,6.90553965333817
2003-08-24,6.92016763930066
2003-08-25,6.94564264323748
2003-08-26,6.93585241839726
2003-08-27,6.92972698441471
2003-08-28,6.91442403501159
2003-08-29,6.91477031031492
2003-08-30,6.9143634942887
2003-08-31,6.90337784460202
2003-09-01,6.92677528410894
2003-09-02,6.9534567442285
2003-09-03,6.99316434006634
2003-09-04,7.00741563299232
2003-09-05,7.00509722271871
2003-09-06,7.01848958778275
2003-09-07,7.01539641007174
2003-09-08,7.01468054064961
2003-09-09,7.00334363443383
2003-09-10,6.99577694167634
2003-09-11,7.00614475600882
2003-09-12,7.00940347906976
2003-09-13,6.99734529258338
2003-09-14,6.93354514460833
2003-09-15,6.9304263719569
2003-09-16,6.91452265308144
2003-09-17,6.91750207363922
2003-09-18,6.88460757342498
2003-09-19,6.89038284854528
2003-09-20,6.89020888616701
2003-09-21,6.89532531837301
2003-09-22,6.89554520535255
2003-09-23,6.88127332368474
2003-09-24,6.8915438388558
2003-09-25,6.8936963587721
2003-09-26,6.907145485058
2003-09-27,6.91546754413005
2003-09-28,6.9334778043765
2003-09-29,6.95416433048077
2003-09-30,6.95248847597952
2003-10-01,6.94286813842102
2003-10-02,6.97931021525947
2003-10-03,7.01160292399629
2003-10-04,7.00951873624153
2003-10-05,7.02726709602742
2003-10-06,7.02900991392956
2003-10-07,7.03619660896895
2003-10-08,7.02472252466442
2003-10-09,7.03259582080941
2003-10-10,7.03055017459099
2003-10-11,6.9965256061779
2003-10-12,6.99935593132729
2003-10-13,7.00173976154445
2003-10-14,6.98779695189581
2003-10-15,6.89361524109713
2003-10-16,6.93204166692443
2003-10-17,6.96965134001515
2003-10-18,7.06308555722031
2003-10-19,7.05281502718119
2003-10-20,6.98212818237517
2003-10-21,6.89498858482363
2003-10-22,6.86489788373697
2003-10-23,6.74861704919843
2003-10-24,6.8093056332053
2003-10-25,6.95262330868112
2003-10-26,6.83395066911427
2003-10-27,6.66977254760237
2003-10-28,6.62937114394855
2003-10-29,6.59022600089435
2003-10-30,6.4665309701856
2003-10-31,6.35014326586514
2003-11-01,6.22674658805154
2003-11-02,6.14847838514614
2003-11-03,6.12142480542982
2003-11-04,6.05989427457287
2003-11-05,5.99037946590735
2003-11-06,5.91104090973393
2003-11-07,5.83901793951349
2003-11-08,5.83333827335463
2003-11-09,5.72798327717475
2003-11-10,5.62199196560934
2003-11-11,5.62603331277625
2003-11-12,5.63723681138688
2003-11-13,5.69724729709948
2003-11-14,5.6914218778037
2003-11-15,5.67771882440907
2003-11-16,5.64175083840222
2003-11-17,5.5077657184625
2003-11-18,5.45771954786824
2003-11-19,5.42959236931021
2003-11-20,5.3925962171082
2003-11-21,5.41353401920694
2003-11-22,5.40660269494674
2003-11-23,5.39471987780195
2003-11-24,5.2966792729688
2003-11-25,5.30891368782325
2003-11-26,5.3313739201608
2003-11-27,5.30285613272895
2003-11-28,5.24824101723704
2003-11-29,5.0537878986625
2003-11-30,5.01736887065015
2003-12-01,5.23304868359486
2003-12-02,5.05443858676696
2003-12-03,4.95576849366937
2003-12-04,4.80315642965769
2003-12-05,4.82282283882167
2003-12-06,4.81421642245198
2003-12-07,4.90121054244273
2003-12-08,4.87819789230824
2003-12-09,4.90375425075663
2003-12-10,4.93861624239704
2003-12-11,4.99804295034713
2003-12-12,5.1548345608589
2003-12-13,5.20352124887354
2003-12-14,5.35709330985496
2003-12-15,5.38133464397923
2003-12-16,5.33459891463226
2003-12-17,5.42131612473919
2003-12-18,5.40748135922319
2003-12-19,5.76237664923544
2003-12-20,5.77911215695468
2003-12-21,5.67227033670847
2003-12-22,5.75502976306579
2003-12-23,5.76785995225487
2003-12-24,5.74379864037037
2003-12-25,5.72715506284588
2003-12-26,5.73658815751205
2003-12-27,5.82834761314972
2003-12-28,5.35498149054391
2003-12-29,5.11894108803292
2003-12-30,5.32611811425951
2003-12-31,5.25089438319206
2004-01-01,5.19640814048007
2004-01-02,5.15973671967794
2004-01-03,5.32495285391808
2004-01-04,5.20990745197955
2004-01-05,5.26248773922216
2004-01-06,5.27663712960514
2004-01-07,5.26389385459756
2004-01-08,5.23396272651781
2004-01-09,5.19695463057534
2004-01-10,5.22712942517759
2004-01-11,5.17937419249224
2004-01-12,5.19167668238038
2004-01-13,5.09246510824468
2004-01-14,5.09484444045738
2004-01-15,5.15928439071986
2004-01-16,5.13815023679795
2004-01-17,5.05217349535645
2004-01-18,5.00289695239303
2004-01-19,4.90037573507772
2004-01-20,4.83267989638722
2004-01-21,4.77258656894014
2004-01-22,4.78225538740313
2004-01-23,5.0758730406268
2004-01-24,5.07370945528627
2004-01-25,5.06567225304334
2004-01-26,5.01326306504263
2004-01-27,5.00367637381594
2004-01-28,4.96201214168417
2004-01-29,4.92257828069863
2004-01-30,5.15024449185286
2004-01-31,5.1260758791406
2004-02-01,5.09199170744
2004-02-02,5.05596407089611
2004-02-03,5.07728646012318
2004-02-04,5.05804965148009
2004-02-05,4.99409151868449
2004-02-06,4.99510887431748
2004-02-07,5.02533575911612
2004-02-08,4.9851371109472
2004-02-09,4.96081369394533
2004-02-10,4.94368883527843
2004-02-11,4.95545216377388
2004-02-12,4.94710230252988
2004-02-13,4.927520258156
2004-02-14,4.91101139324855
2004-02-15,4.8264333502347
2004-02-16,4.79946317532933
2004-02-17,4.7847574746813
2004-02-18,4.81663559890006
2004-02-19,4.80264988590699
2004-02-20,4.76014292719013
2004-02-21,4.72926050312957
2004-02-22,4.71581801930899
2004-02-23,4.67988731558946
2004-02-24,4.69002959871879
2004-02-25,4.83338945820397
2004-02-26,4.87003286529653
2004-02-27,4.85839263846882
2004-02-28,4.81026757845448
2004-02-29,4.81364269904119
2004-03-01,4.8223382658407
2004-03-02,4.84541509924217
2004-03-03,4.86157726156574
2004-03-04,4.86805216429449
2004-03-05,4.84881955284328
2004-03-06,4.82643362810417
2004-03-07,4.81287724298327
2004-03-08,4.84719756820067
2004-03-09,4.88254914089783
2004-03-10,4.921268819167
2004-03-11,4.89002889517307
2004-03-12,4.74659679231955
2004-03-13,4.60997187537236
2004-03-14,4.62681488277868
2004-03-15,4.66904557129566
2004-03-16,4.60994691480423
2004-03-17,4.6618753730009
2004-03-18,4.70559254460941
2004-03-19,4.68808878047858
2004-03-20,4.72594609395442
2004-03-21,4.70234411510004
2004-03-22,4.68751441110786
2004-03-23,4.71044506964549
2004-03-24,4.77260649805249
2004-03-25,4.79074799414899
2004-03-26,4.79552794179731
2004-03-27,4.81503030669651
2004-03-28,4.81990241159567
2004-03-29,4.84371280997557
2004-03-30,4.84483897048527
2004-03-31,4.83241265973559
2004-04-01,4.84402098494217
2004-04-02,4.82465371345456
2004-04-03,4.80190178181107
2004-04-04,4.79801141521253
2004-04-05,4.77574807291874
2004-04-06,4.8060881715457
2004-04-07,4.83905086670765
2004-04-08,4.86112061340845
2004-04-09,4.86491559395862
2004-04-10,4.8468179378183
2004-04-11,4.82839929277084
2004-04-12,4.8362390133872
2004-04-13,4.83707128781895
2004-04-14,4.87065050095258
2004-04-15,4.89838414571104
2004-04-16,4.90598955801037
2004-04-17,4.90496528591336
2004-04-18,4.9208472802323
2004-04-19,4.92481675299187
2004-04-20,4.92711137638442
2004-04-21,4.93219723366984
2004-04-22,5.03734425914957
2004-04-23,5.05278203060139
2004-04-24,5.08728375849695
2004-04-25,5.10306417499644
2004-04-26,5.12219867334502
2004-04-27,5.14490529635762
2004-04-28,5.18005725138765
2004-04-29,5.21928247945257
2004-04-30,5.24463745520986
2004-05-01,5.25202933242159
2004-05-02,5.26246655873884
2004-05-03,5.32276029684303
2004-05-04,5.36675723863275
2004-05-05,5.35945517072145
2004-05-06,5.36247429911349
2004-05-07,5.41891600182759
2004-05-08,5.45979675319301
2004-05-09,5.54700721348516
2004-05-10,5.66600305683765
2004-05-11,5.71701272208246
2004-05-12,5.79607714789077
2004-05-13,5.86229257305014
2004-05-14,5.89972830530448
2004-05-15,5.94247617449294
2004-05-16,6.02875750360022
2004-05-17,6.09742936164812
2004-05-18,6.13080650474033
2004-05-19,6.19018868129693
2004-05-20,6.27558063123233
2004-05-21,6.48626423332027
2004-05-22,6.61934619971202
2004-05-23,6.65688820271342
2004-05-24,6.75887268486723
2004-05-25,6.81253356746641
2004-05-26,7.03065194316627
2004-05-27,7.13654190080849
2004-05-28,7.17783131965157
2004-05-29,7.18033109106246
2004-05-30,7.18336271959663
2004-05-31,7.18705446918335
2004-06-01,7.19972899250183
2004-06-02,7.18321655502272
2004-06-03,7.17328101605061
2004-06-04,7.1515068282804
2004-06-05,7.09714441265726
2004-06-06,7.04651014408768
2004-06-07,7.01984092220921
2004-06-08,7.01278592337078
2004-06-09,7.00824942274249
2004-06-10,6.98862623365994
2004-06-11,6.97902367133649
2004-06-12,6.97079873317392
2004-06-13,6.94769962228826
2004-06-14,6.92018423868165
2004-06-15,6.89298471787088
2004-06-16,6.9007177538831
2004-06-17,6.88138518535401
2004-06-18,6.85047863915947
2004-06-19,6.83539024078908
2004-06-20,6.82319997344288
2004-06-21,6.82937269471804
2004-06-22,6.83158039654389
2004-06-23,6.818298483929
2004-06-24,6.83144609315055
2004-06-25,6.83545896988112
2004-06-26,6.84085863730583
2004-06-27,6.85225124501936
2004-06-28,6.8610628810725
2004-06-29,6.86734750869352
2004-06-30,6.87424508890348
2004-07-01,6.86555730701437
2004-07-02,6.85466725818352
2004-07-03,6.82597513971569
2004-07-04,6.85784156068166
2004-07-05,6.88258775514012
2004-07-06,6.89280610292074
2004-07-07,6.9117281426009
2004-07-08,6.97298757552048
2004-07-09,6.99126730857316
2004-07-10,7.00210699969277
2004-07-11,7.00295211496697
2004-07-12,6.98845533584636
2004-07-13,6.960974883777
2004-07-14,6.93677635844746
2004-07-15,6.91163909544458
2004-07-16,6.90611269463189
2004-07-17,6.89733879834498
2004-07-18,6.90034243584732
2004-07-19,6.89388034528308
2004-07-20,6.89410761718092
2004-07-21,6.89099706791095
2004-07-22,6.85488316045262
2004-07-23,6.82100678704348
2004-07-24,6.76422261476168
2004-07-25,6.72382957879773
2004-07-26,6.69916760728907
2004-07-27,6.74143140421407
2004-07-28,6.79661197634722
2004-07-29,6.790097603421
2004-07-30,6.7892879545812
2004-07-31,6.78967546309216
2004-08-01,6.7867566338332
2004-08-02,6.79050684082016
2004-08-03,6.79335659773562
2004-08-04,6.80581580480334
2004-08-05,6.79433073925593
2004-08-06,6.79427973875894
2004-08-07,6.79994571382149
2004-08-08,6.81228626996515
2004-08-09,6.82271732882234
2004-08-10,6.84463573377624
2004-08-11,6.85033108010516
2004-08-12,6.83710919809404
2004-08-13,6.82005715411255
2004-08-14,6.81715263227458
2004-08-15,6.85744531848245
2004-08-16,6.85789182203684
2004-08-17,6.85914760139223
2004-08-18,6.84710048764688
2004-08-19,6.84632534318426
2004-08-20,6.84707099313019
2004-08-21,6.8491783802798
2004-08-22,6.84919567979315
2004-08-23,6.86779745404493
2004-08-24,6.87437993812889
2004-08-25,6.87780091859893
2004-08-26,6.8795526793679
2004-08-27,6.87973082428518
2004-08-28,6.93489193767394
2004-08-29,6.9354440388389
2004-08-30,6.94498270744636
2004-08-31,6.95082387061606
2004-09-01,6.95284178749264
2004-09-02,6.9253469486418
2004-09-03,6.938353910277
2004-09-04,6.93654306833338
2004-09-05,6.93676125616121
2004-09-06,6.92780838809615
2004-09-07,6.90221514981021
2004-09-08,6.90953726430257
2004-09-09,6.940809410517
2004-09-10,6.96231311649712
2004-09-11,6.97049084092969
2004-09-12,6.97006154407412
2004-09-13,6.97431720243378
2004-09-14,6.96652359557115
2004-09-15,6.93193351776929
2004-09-16,6.9051300141191
2004-09-17,6.88506633907418
2004-09-18,6.85968189287592
2004-09-19,6.87489526221275
2004-09-20,6.8835405771101
2004-09-21,6.89241507100826
2004-09-22,6.85935837498025
2004-09-23,6.84910859809855
2004-09-24,6.85419346007509
2004-09-25,6.86452643665176
2004-09-26,6.86733264053078
2004-09-27,6.86955958135256
2004-09-28,6.7768949672858
2004-09-29,6.82504312217069
2004-09-30,6.86158023638466
2004-10-01,6.89460051133274
2004-10-02,6.89616278067177
2004-10-03,6.93652717955454
2004-10-04,6.95135155656762
2004-10-05,7.01316194175668
2004-10-06,7.01508611867796
2004-10-07,7.00355217320814
2004-10-08,7.05709709130435
2004-10-09,7.08739580818902
2004-10-10,7.08943669198965
2004-10-11,7.01126938190512
2004-10-12,7.00555814574438
2004-10-13,6.96403660365367
2004-10-14,6.92808368596412
2004-10-15,6.90346400861239
2004-10-16,6.91545661995392
2004-10-17,6.83485845710213
2004-10-18,6.75361544306619
2004-10-19,6.7097360800828
2004-10-20,6.6732107363537
2004-10-21,6.37483996157518
2004-10-22,6.35264614939563
2004-10-23,6.21241188437115
2004-10-24,6.10682519353807
2004-10-25,6.07342655075561
2004-10-26,6.05486792281149
2004-10-27,6.04489972117522
2004-10-28,6.08194091808009
2004-10-29,6.12663499436703
2004-10-30,6.18392407212117
2004-10-31,6.23351643984328
2004-11-01,6.23334454486508
2004-11-02,6.22631336455147
2004-11-03,6.22974162266755
2004-11-04,6.22151007068767
2004-11-05,6.17677539401664
2004-11-06,6.17354030676974
2004-11-07,6.19192894872343
2004-11-08,6.14229020575858
2004-11-09,6.09216666701225
2004-11-10,5.98623562021798
2004-11-11,5.99544664177224
2004-11-12,6.00564856592986
2004-11-13,6.00125478293831
2004-11-14,6.02214972531038
2004-11-15,5.93866179120069
2004-11-16,5.92226915294092
2004-11-17,5.86075860449353
2004-11-18,5.91635456884942
2004-11-19,5.94970049225091
2004-11-20,5.98940180497288
2004-11-21,6.00371869081675
2004-11-22,6.01170043692195
2004-11-23,6.02503761199425
2004-11-24,6.03225196127835
2004-11-25,6.11886398117838
2004-11-26,6.00609525789042
2004-11-27,6.01643024851236
2004-11-28,6.0277235106136
2004-11-29,6.15860993188203
2004-11-30,6.16765947500661
2004-12-01,6.3218355553393
2004-12-02,6.3465550825133
2004-12-03,6.51406343777974
2004-12-04,6.50634915182288
2004-12-05,6.4610543497871
2004-12-06,6.43010936429103
2004-12-07,6.00068140935294
2004-12-08,5.77265307588397
2004-12-09,5.33381233919751
2004-12-10,5.35699875354767
2004-12-11,5.37461653276652
2004-12-12,5.32847891691838
2004-12-13,4.9892950524817
2004-12-14,4.97903980368515
2004-12-15,4.91108204327944
2004-12-16,4.9987866102703
2004-12-17,4.94979240839509
2004-12-18,5.01345562365125
2004-12-19,5.01792547428503
2004-12-20,5.13308506846428
2004-12-21,5.1814586874311
2004-12-22,5.20357806716272
2004-12-23,5.36318982618013
2004-12-24,5.30901843079801
2004-12-25,5.32854825696244
2004-12-26,5.39813000986895
2004-12-27,5.38363726091458
2004-12-28,5.36637786727085
2004-12-29,5.45522200945136
2004-12-30,5.45527887202021
2004-12-31,5.5573219249123
2005-01-01,5.46037742495537
2005-01-02,5.44224875644573
2005-01-03,5.38039783416786
2005-01-04,5.4452054591298
2005-01-05,5.40894317028663
2005-01-06,5.35512261215423
2005-01-07,5.30211822483518
2005-01-08,5.14782414816723
2005-01-09,5.13520049779048
2005-01-10,5.22230901229397
2005-01-11,5.39872793587191
2005-01-12,5.34965144230521
2005-01-13,5.32296701632048
2005-01-14,5.16800363238994
2005-01-15,5.08418260578331
2005-01-16,5.50393761236456
2005-01-17,5.4471150206224
2005-01-18,5.48776613540072
2005-01-19,5.41499696844849
2005-01-20,5.44665147809901
2005-01-21,5.29417761276056
2005-01-22,5.28357125431869
2005-01-23,5.20849442226059
2005-01-24,5.192276069894
2005-01-25,5.18700375222249
2005-01-26,5.04817254533225
2005-01-27,5.02990953891563
2005-01-28,4.96686539834503
2005-01-29,4.90277935203372
2005-01-30,5.06656677512419
2005-01-31,5.06255606676524
2005-02-01,5.02375842996857
2005-02-02,5.03839882955606
2005-02-03,5.00909314739296
2005-02-04,5.04157820564926
2005-02-05,5.02038968058948
2005-02-06,4.99798278877371
2005-02-07,5.02846830185479
2005-02-08,5.01151805892206
2005-02-09,4.98250365388508
2005-02-10,4.98509748853568
2005-02-11,5.00077654288214
2005-02-12,4.98572576051032
2005-02-13,4.97663249061484
2005-02-14,4.99270761237528
2005-02-15,4.95875163064242
2005-02-16,4.97384923147561
2005-02-17,5.03148512503367
2005-02-18,5.03980269319449
2005-02-19,5.04652550779239
2005-02-20,5.00939102099792
2005-02-21,5.0153661349261
2005-02-22,4.99519208284794
2005-02-23,4.92731711002273
2005-02-24,4.94521554772765
2005-02-25,4.94747653023036
2005-02-26,4.93244511383653
2005-02-27,4.93031650219627
2005-02-28,4.91008128541481
2005-03-01,4.89957484696428
2005-03-02,4.89684578659466
2005-03-03,4.91360408766306
2005-03-04,4.89258692918303
2005-03-05,4.82883713057754
2005-03-06,4.82356716842167
2005-03-07,4.77348694972855
2005-03-08,4.73283747903921
2005-03-09,4.70273329088748
2005-03-10,4.68553228880876
2005-03-11,4.67335042548889
2005-03-12,4.63619217011366
2005-03-13,4.62317176998202
2005-03-14,4.60693180148638
2005-03-15,4.58756619831195
2005-03-16,4.53467376397762
2005-03-17,4.51383472800046
2005-03-18,4.48455057061052
2005-03-19,4.46861602847832
2005-03-20,4.50196126658819
2005-03-21,4.48485214433873
2005-03-22,4.43655932510121
2005-03-23,4.46179063943074
2005-03-24,4.51723810232744
2005-03-25,4.58383157391458
2005-03-26,4.63252518848175
2005-03-27,4.64329759500701
2005-03-28,4.7547189555935
2005-03-29,4.82644093707744
2005-03-30,4.85142150983845
2005-03-31,4.83450050456209
2005-04-01,4.93831331147743
2005-04-02,4.95061822937475
2005-04-03,4.92240772935891
2005-04-04,4.90300201664103
2005-04-05,4.87834410259433
2005-04-06,4.97319598412665
2005-04-07,5.01790964515121
2005-04-08,5.04019150852626
2005-04-09,4.98212406796453
2005-04-10,4.9582107448316
2005-04-11,4.93863797142246
2005-04-12,4.94518968549004
2005-04-13,4.93529260765246
2005-04-14,4.902185928842
2005-04-15,5.04851564473717
2005-04-16,5.0704220361641
2005-04-17,5.09870086187198
2005-04-18,5.11418310198139
2005-04-19,5.14612462957436
2005-04-20,5.20256311910844
2005-04-21,5.21527331111143
2005-04-22,5.24585666649393
2005-04-23,5.33153825804558
2005-04-24,5.37496845580042
2005-04-25,5.37321737433921
2005-04-26,5.42659446957871
2005-04-27,5.42809057049604
2005-04-28,5.44597413602232
2005-04-29,5.46601120237297
2005-04-30,5.49996809944255
2005-05-01,5.57321098920809
2005-05-02,5.61604367983321
2005-05-03,5.65539990593466
2005-05-04,5.68899987215328
2005-05-05,5.72176241260171
2005-05-06,5.76295027360509
2005-05-07,5.79129081831666
2005-05-08,5.81999729229597
2005-05-09,5.85860669252907
2005-05-10,5.93124316568824
2005-05-11,5.98154607678319
2005-05-12,6.03335367337105
2005-05-13,6.07293526564308
2005-05-14,6.13205306803637
2005-05-15,6.26668301537973
2005-05-16,6.36532310806807
2005-05-17,6.42467473132815
2005-05-18,6.54086486368892
2005-05-19,6.63567347637427
2005-05-20,6.71521375697838
2005-05-21,6.88163149598343
2005-05-22,6.92860020798875
2005-05-23,6.92676340615908
2005-05-24,6.97993159777043
2005-05-25,7.05135826429761
2005-05-26,7.12123711047742
2005-05-27,7.13874321286713
2005-05-28,7.14231517084427
2005-05-29,7.11641931773562
2005-05-30,7.09690040724365
2005-05-31,7.08706219774214
2005-06-01,7.0776956243314
2005-06-02,7.09047674973026
2005-06-03,7.07874965713707
2005-06-04,7.06664424362561
2005-06-05,7.04268576295799
2005-06-06,7.04573342390025
2005-06-07,7.04182217975176
2005-06-08,7.04224807485033
2005-06-09,7.0230499415194
2005-06-10,7.01402235472826
2005-06-11,7.01091542616564
2005-06-12,7.01026952906033
2005-06-13,7.00923653884927
2005-06-14,7.01880806745638
2005-06-15,7.02845316765436
2005-06-16,7.02636431542562
2005-06-17,7.02443107668239
2005-06-18,7.02549309526579
2005-06-19,7.02763929876484
2005-06-20,7.02457198838522
2005-06-21,7.04296256291447
2005-06-22,7.04500428698066
2005-06-23,7.02028739334154
2005-06-24,7.00000690379704
2005-06-25,7.00389923733828
2005-06-26,7.00330211593725
2005-06-27,7.00091567584822
2005-06-28,6.98986295289713
2005-06-29,6.99758058815956
2005-06-30,6.99916049511128
2005-07-01,6.98506551099295
2005-07-02,6.99305533909933
2005-07-03,6.99635066188327
2005-07-04,7.00589861740803
2005-07-05,7.00641233624117
2005-07-06,7.02276885376305
2005-07-07,7.01852613292399
2005-07-08,7.00751623126576
2005-07-09,7.01517218188069
2005-07-10,7.01347515097782
2005-07-11,6.993726286253
2005-07-12,6.97751767982432
2005-07-13,6.95477613585007
2005-07-14,6.93100876200691
2005-07-15,6.92020431768643
2005-07-16,6.90196259485579
2005-07-17,6.88148764076704
2005-07-18,6.87039048305304
2005-07-19,6.85874183662146
2005-07-20,6.84579222937229
2005-07-21,6.82279119571056
2005-07-22,6.81363559819047
2005-07-23,6.81320318232334
2005-07-24,6.82662613597666
2005-07-25,6.8819175602245
2005-07-26,6.83694461920586
2005-07-27,6.84513587135258
2005-07-28,6.84512847884727
2005-07-29,6.84481227507437
2005-07-30,6.87323457671714
2005-07-31,6.89269976226143
2005-08-01,6.91050504313298
2005-08-02,6.92841686785576
2005-08-03,6.93102432281742
2005-08-04,6.93785048175014
2005-08-05,6.92778799601645
2005-08-06,6.93521730336073
2005-08-07,6.92224754595645
2005-08-08,6.92281423751067
2005-08-09,6.91761679391461
2005-08-10,6.91040598642415
2005-08-11,6.94110634261077
2005-08-12,6.94780416210068
2005-08-13,6.95959430769739
2005-08-14,6.94146880976641
2005-08-15,6.91365570565628
2005-08-16,6.91225983667324
2005-08-17,6.8682802569471
2005-08-18,6.86669360897555
2005-08-19,6.86579388521497
2005-08-20,6.85401220319344
2005-08-21,6.8615905915644
2005-08-22,6.85947866330049
2005-08-23,6.86309394051799
2005-08-24,6.85482600513462
2005-08-25,6.86613992998439
2005-08-26,6.85167054868429
2005-08-27,6.8479801608203
2005-08-28,6.85106974164044
2005-08-29,6.8581723218113
2005-08-30,6.86797522673266
2005-08-31,6.87583883147702
2005-09-01,6.86684671415278
2005-09-02,6.9436970049418
2005-09-03,6.95872060604405
2005-09-04,6.96060318506508
2005-09-05,6.95765779082822
2005-09-06,6.95931177084583
2005-09-07,6.94753779417051
2005-09-08,6.93381354349892
2005-09-09,6.93117596745013
2005-09-10,6.94765257260389
2005-09-11,6.91571262474089
2005-09-12,6.92260707724276
2005-09-13,6.90002317714936
2005-09-14,6.87836224054265
2005-09-15,6.85134010543436
2005-09-16,6.848382961415
2005-09-17,6.86099902248541
2005-09-18,6.87492345020257
2005-09-19,6.88573456956265
2005-09-20,6.8970563096059
2005-09-21,6.90563724981919
2005-09-22,6.91793408352055
2005-09-23,6.93136175652894
2005-09-24,6.94668976310208
2005-09-25,6.97564579102134
2005-09-26,6.98330972646637
2005-09-27,6.98801149366693
2005-09-28,6.97254373389942
2005-09-29,6.99349001683093
2005-09-30,7.03976979974437
2005-10-01,7.06343092103907
2005-10-02,7.10348114614292
2005-10-03,7.14087353153938
2005-10-04,7.15312511385354
2005-10-05,7.22317792803191
2005-10-06,7.27747783960857
2005-10-07,7.27606454304104
2005-10-08,7.29130414333581
2005-10-09,7.30071604203318
2005-10-10,7.30717957039661
2005-10-11,7.31436373255459
2005-10-12,7.36150962567409
2005-10-13,7.29573580676878
2005-10-14,7.28114863625003
2005-10-15,7.28843705686579
2005-10-16,7.26785432424403
2005-10-17,7.21487534699706
2005-10-18,7.21205045806048
2005-10-19,7.19454625462647
2005-10-20,7.19898639347635
2005-10-21,7.09100387029897
2005-10-22,7.04080975758838
2005-10-23,7.03374660616184
2005-10-24,7.00837762037037
2005-10-25,6.96496759089018
2005-10-26,6.86115245590116
2005-10-27,6.68369970783464
2005-10-28,6.55750422378645
2005-10-29,6.52051150527779
2005-10-30,6.47922154287635
2005-10-31,6.4506416726025
2005-11-01,6.47076761559068
2005-11-02,6.45979085068782
2005-11-03,6.46358477923007
2005-11-04,6.32698196534992
2005-11-05,6.38335163481964
2005-11-06,6.56382947533774
2005-11-07,6.5537130521106
2005-11-08,6.63185103883433
2005-11-09,6.14247506921056
2005-11-10,6.15493852929036
2005-11-11,5.93703155227363
2005-11-12,6.03569815691969
2005-11-13,6.06720166901747
2005-11-14,6.14633682428678
2005-11-15,6.178357828699
2005-11-16,6.25603563620675
2005-11-17,6.27308925941714
2005-11-18,6.30585181774803
2005-11-19,6.30600201761755
2005-11-20,6.27657842488582
2005-11-21,6.35309942891276
2005-11-22,6.28832697571517
2005-11-23,6.34480922698447
2005-11-24,6.38029763575494
2005-11-25,6.24753563172159
2005-11-26,6.1207675436978
2005-11-27,6.20057405991017
2005-11-28,6.06189285768281
2005-11-29,6.05822339451096
2005-11-30,5.91615718971064
2005-12-01,5.85584070604781
2005-12-02,5.85795199027907
2005-12-03,5.84335496793475
2005-12-04,5.88614787626375
2005-12-05,5.9149556398118
2005-12-06,5.93647691677434
2005-12-07,5.93408689356986
2005-12-08,5.91133655699231
2005-12-09,5.91954911857586
2005-12-10,5.96566418964084
2005-12-11,5.97354475489938
2005-12-12,6.0163392410083
2005-12-13,5.94487325479668
2005-12-14,5.98598903650485
2005-12-15,6.03755761693896
2005-12-16,6.0934830904007
2005-12-17,6.03204515076786
2005-12-18,6.04443385440274
2005-12-19,5.97535725503132
2005-12-20,5.90307634762767
2005-12-21,5.89628714484138
2005-12-22,5.91604548246682
2005-12-23,5.85115961361472
2005-12-24,5.79609321968971
2005-12-25,5.77810196559317
2005-12-26,5.76504478939026
2005-12-27,5.6675159429747
2005-12-28,5.58488757815772
2005-12-29,5.51916031074524
2005-12-30,5.21354722479979
2005-12-31,5.08407143399685
2006-01-01,5.05847100265154
2006-01-02,4.9953747592525
2006-01-03,5.0032533526727
2006-01-04,4.98261849520107
2006-01-05,4.95521054788325
2006-01-06,4.96093991310639
2006-01-07,4.97803788645226
2006-01-08,4.92171946280549
2006-01-09,4.92733983960493
2006-01-10,4.92188255504895
2006-01-11,4.84185406987526
2006-01-12,4.85064870393518
2006-01-13,4.9693062234516
2006-01-14,4.9570517756033
2006-01-15,4.72678107718243
2006-01-16,4.70414101215534
2006-01-17,4.67435191045226
2006-01-18,4.69194295726245
2006-01-19,4.66211870361261
2006-01-20,4.63499974592241
2006-01-21,4.62051773682401
2006-01-22,4.74780398545734
2006-01-23,4.73253558450544
2006-01-24,4.77108504112339
2006-01-25,4.95790890030759
2006-01-26,4.92755929920862
2006-01-27,4.90618459650012
2006-01-28,4.86324170659971
2006-01-29,4.83827933811975
2006-01-30,4.8471014832985
2006-01-31,4.85752458285862
2006-02-01,4.9495239525944
2006-02-02,4.96048830565976
2006-02-03,5.03125851822359
2006-02-04,5.09103515177508
2006-02-05,5.08046546849338
2006-02-06,5.07806568895076
2006-02-07,4.96586521029126
2006-02-08,5.04770847529576
2006-02-09,5.02317039966872
2006-02-10,5.0383622367085
2006-02-11,5.03288707175525
2006-02-12,5.02809357831856
2006-02-13,5.02995265000814
2006-02-14,5.04724319865077
2006-02-15,5.05727966948037
2006-02-16,5.12339505843012
2006-02-17,5.06421501929114
2006-02-18,5.04706080593843
2006-02-19,5.04208170005459
2006-02-20,5.03347414807398
2006-02-21,5.0284011200308
2006-02-22,5.00022807365318
2006-02-23,4.97143763428106
2006-02-24,4.95916750372572
2006-02-25,4.94977826469701
2006-02-26,4.91060292443403
2006-02-27,4.89075111116695
2006-02-28,4.91989275851177
2006-03-01,4.90386076093386
2006-03-02,4.85769609082482
2006-03-03,4.84944385159815
2006-03-04,4.74860511503457
2006-03-05,4.86895455558335
2006-03-06,4.95051944711635
2006-03-07,5.06160099899633
2006-03-08,5.03986880021502
2006-03-09,5.04640967301624
2006-03-10,5.04052284503469
2006-03-11,5.02205429020449
2006-03-12,4.99268588033174
2006-03-13,4.98802183468191
2006-03-14,4.99588193646321
2006-03-15,4.95852945518606
2006-03-16,4.93937302969997
2006-03-17,4.94482803738968
2006-03-18,4.95880653575842
2006-03-19,4.94810689727072
2006-03-20,4.94645276986726
2006-03-21,4.92137289676997
2006-03-22,4.92438425969623
2006-03-23,4.7764413422022
2006-03-24,4.80114825668674
2006-03-25,4.83562526831756
2006-03-26,4.83120764704484
2006-03-27,4.89849854966768
2006-03-28,4.96836400664763
2006-03-29,5.02314067983143
2006-03-30,5.0009723393352
2006-03-31,4.99676198430746
2006-04-01,4.98660658186416
2006-04-02,4.96683412045816
2006-04-03,4.94250590320027
2006-04-04,4.93216135531468
2006-04-05,4.924346938486
2006-04-06,4.92455800102562
2006-04-07,4.89503705206417
2006-04-08,4.93287099039128
2006-04-09,4.93328219473183
2006-04-10,4.95662795740503
2006-04-11,4.98611109325838
2006-04-12,5.00796558622235
2006-04-13,5.00607546406794
2006-04-14,4.96119128772254
2006-04-15,4.94107074505085
2006-04-16,4.9750225157332
2006-04-17,5.00696517006695
2006-04-18,5.03520881339009
2006-04-19,5.06380213204213
2006-04-20,5.09951296398385
2006-04-21,5.140633619992
2006-04-22,5.15570770758787
2006-04-23,5.18185365932295
2006-04-24,5.18102554313231
2006-04-25,5.22339832700057
2006-04-26,5.28944215184362
2006-04-27,5.32590337968299
2006-04-28,5.34242198493703
2006-04-29,5.35711088421267
2006-04-30,5.38886130207195
2006-05-01,5.47778730774101
2006-05-02,5.49710227002627
2006-05-03,5.51905568759239
2006-05-04,5.55418158584729
2006-05-05,5.57633430568776
2006-05-06,5.54581835205458
2006-05-07,5.61512768958422
2006-05-08,5.59739483128979
2006-05-09,5.64496606846043
2006-05-10,5.7525381806287
2006-05-11,5.79993830795106
2006-05-12,5.84204290992663
2006-05-13,5.85250292650274
2006-05-14,5.900863446179
2006-05-15,5.93292280546176
2006-05-16,5.9584119353978
2006-05-17,5.98164445128739
2006-05-18,6.09310047753741
2006-05-19,6.11358219875438
2006-05-20,6.14226160465168
2006-05-21,6.18463195168661
2006-05-22,6.28913756690371
2006-05-23,6.45362213462866
2006-05-24,6.54048598450973
2006-05-25,6.64320898361977
2006-05-26,6.77453098472594
2006-05-27,6.79798672381734
2006-05-28,6.82666983883124
2006-05-29,6.90334057582102
2006-05-30,6.90392704754888
2006-05-31,6.92694174500211
2006-06-01,6.95022863689561
2006-06-02,6.94749283514542
2006-06-03,6.94142574673188
2006-06-04,6.93573249783341
2006-06-05,6.93851355062342
2006-06-06,6.93915727777096
2006-06-07,6.94424532825041
2006-06-08,6.92605811374742
2006-06-09,6.97252072944904
2006-06-10,6.96676967397614
2006-06-11,6.96744409114687
2006-06-12,6.93868372915534
2006-06-13,6.95647860558294
2006-06-14,6.96691974474687
2006-06-15,6.97093749629036
2006-06-16,6.98173023539033
2006-06-17,6.97560990262975
2006-06-18,6.96395013394283
2006-06-19,6.95941218996767
2006-06-20,6.96709969850937
2006-06-21,6.96797506473561
2006-06-22,6.96935779550349
2006-06-23,6.96485211119957
2006-06-24,6.994124544426
2006-06-25,6.99890867231635
2006-06-26,7.00875826807728
2006-06-27,7.01557197255645
2006-06-28,7.01180022165821
2006-06-29,7.01253678604165
2006-06-30,7.02632138741406
2006-07-01,7.03126700189342
2006-07-02,7.0232825283836
2006-07-03,7.02865484315785
2006-07-04,7.0110272262914
2006-07-05,7.00436319130794
2006-07-06,6.99211463235748
2006-07-07,7.00293606310006
2006-07-08,6.9939208417423
2006-07-09,7.00139876199877
2006-07-10,6.99310309183577
2006-07-11,6.98977035906189
2006-07-12,6.97847889471126
2006-07-13,6.98793781658997
2006-07-14,6.98363346175404
2006-07-15,6.97996875132173
2006-07-16,6.97384053592468
2006-07-17,6.95813580970271
2006-07-18,6.94349583154468
2006-07-19,6.94743448453358
2006-07-20,6.9568619763762
2006-07-21,6.97636100018514
2006-07-22,7.000510234254
2006-07-23,6.94971071492967
2006-07-24,6.86733715161179
2006-07-25,6.86263551549391
2006-07-26,6.85341751751228
2006-07-27,6.87979398600674
2006-07-28,6.7334101588631
2006-07-29,6.72666336616232
2006-07-30,6.69201477653608
2006-07-31,6.71928882038355
2006-08-01,6.69423915930084
2006-08-02,7.03803988893016
2006-08-03,7.07880685303212
2006-08-04,7.05922080673984
2006-08-05,7.04649558897226
2006-08-06,7.02888419872547
2006-08-07,7.03700343088797
2006-08-08,6.9983115421583
2006-08-09,6.99992609484186
2006-08-10,6.99641985465877
2006-08-11,6.98295634696843
2006-08-12,6.99074953080412
2006-08-13,7.00084642293193
2006-08-14,7.00512447871388
2006-08-15,7.00701558355998
2006-08-16,7.00203632504345
2006-08-17,7.00757730643262
2006-08-18,7.00358760530769
2006-08-19,6.97742806187578
2006-08-20,6.9705821484142
2006-08-21,6.99219316880007
2006-08-22,7.02721408131348
2006-08-23,7.03752630978773
2006-08-24,7.03706603176252
2006-08-25,7.05458328017177
2006-08-26,7.02985465315362
2006-08-27,7.02919262483825
2006-08-28,7.02013635138006
2006-08-29,7.02956321107875
2006-08-30,7.01027474065386
2006-08-31,7.01109255994289
2006-09-01,7.03147947780641
2006-09-02,6.99155833014362
2006-09-03,7.02056082686303
2006-09-04,7.02340316710729
2006-09-05,7.02250927249192
2006-09-06,7.01231569283979
2006-09-07,7.00558863873898
2006-09-08,7.01051628439377
2006-09-09,7.01287071884617
2006-09-10,7.01385816525254
2006-09-11,7.008245778538
2006-09-12,7.00691377949565
2006-09-13,6.88647182548747
2006-09-14,6.9192890465647
2006-09-15,6.92538898518566
2006-09-16,6.95135161571783
2006-09-17,6.95466154261625
2006-09-18,6.97393986596002
2006-09-19,6.98529112082484
2006-09-20,6.90825567112704
2006-09-21,6.91057751052486
2006-09-22,6.96301885676648
2006-09-23,6.96357969712184
2006-09-24,6.96593279373671
2006-09-25,6.96404968894333
2006-09-26,6.98703875046891
2006-09-27,6.9810871214683
2006-09-28,7.02354175036564
2006-09-29,7.04959953216052
2006-09-30,7.0722801362972
2006-10-01,7.08931674446491
2006-10-02,7.11053351456296
2006-10-03,7.13053792829681
2006-10-04,7.12257735128462
2006-10-05,7.13349616353739
2006-10-06,7.13852603026042
2006-10-07,7.11225863681194
2006-10-08,7.07002817951535
2006-10-09,7.04488021508083
2006-10-10,7.00389910045527
2006-10-11,6.89121489442185
2006-10-12,6.88289172564571
2006-10-13,6.78236069045891
2006-10-14,6.63367723357583
2006-10-15,6.63119164836405
2006-10-16,6.63099548374085
2006-10-17,6.63295255893606
2006-10-18,6.56032123493234
2006-10-19,6.4081329038128
2006-10-20,6.34397919649057
2006-10-21,6.32184966996807
2006-10-22,6.22250973179957
2006-10-23,6.09416233798089
2006-10-24,6.09911263898607
2006-10-25,6.10300578876073
2006-10-26,6.13804352738262
2006-10-27,6.09179880770385
2006-10-28,6.05442475232531
2006-10-29,6.02841690152681
2006-10-30,5.88012023145565
2006-10-31,5.86363562012753
2006-11-01,5.87367015231497
2006-11-02,5.83622319645013
2006-11-03,5.78410570957421
2006-11-04,5.79868222116855
2006-11-05,5.64204393052573
2006-11-06,5.59749585734532
2006-11-07,5.62823670304536
2006-11-08,5.63250673660124
2006-11-09,5.63493057613137
2006-11-10,5.56982593262563
2006-11-11,5.52752486582876
2006-11-12,5.52041235340592
2006-11-13,5.48204503033484
2006-11-14,5.41804991401919
2006-11-15,5.45644840369648
2006-11-16,5.42632696996646
2006-11-17,5.44263417499109
2006-11-18,5.42156344858648
2006-11-19,5.3959922008095
2006-11-20,5.39769770319926
2006-11-21,5.45518867029947
2006-11-22,5.47629179785642
2006-11-23,5.29823838068016
2006-11-24,5.09918634092176
2006-11-25,5.08540489955585
2006-11-26,5.20193152601927
2006-11-27,5.36638302665679
2006-11-28,5.20779253846233
2006-11-29,4.88333843900957
2006-11-30,4.91201813106973
2006-12-01,4.9154871114388
2006-12-02,4.91956869132439
2006-12-03,4.94181691393679
2006-12-04,5.09209317155182
2006-12-05,5.21676310553427
2006-12-06,5.37047182380883
2006-12-07,5.36562980635692
2006-12-08,5.35716961150946
2006-12-09,5.37969337107574
2006-12-10,5.3893362154944
2006-12-11,5.37832937994574
2006-12-12,5.57176522475023
2006-12-13,5.5941374466337
2006-12-14,5.60143546795282
2006-12-15,5.65568758891179
2006-12-16,5.62652798854944
2006-12-17,5.70731868254833
2006-12-18,5.69216084204976
2006-12-19,5.7721636767083
2006-12-20,5.90601266087112
2006-12-21,5.89336634133801
2006-12-22,5.79295784943283
2006-12-23,5.65190325385735
2006-12-24,5.60649051472492
2006-12-25,5.62250357622787
2006-12-26,5.58156707583827
2006-12-27,5.60207263993712
2006-12-28,5.71354777227857
2006-12-29,5.62140870855636
2006-12-30,5.60978864034017
2006-12-31,5.55513355825157
2007-01-01,5.55426006655055
2007-01-02,5.64728811043959
2007-01-03,5.50421808160196
2007-01-04,5.50102476792282
2007-01-05,5.47762502428036
2007-01-06,5.32718244088002
2007-01-07,5.32604599643398
2007-01-08,5.42699965075813
2007-01-09,5.58371804378651
2007-01-10,5.49335132590349
2007-01-11,5.50491461994943
2007-01-12,5.46416479940633
2007-01-13,5.04140251066004
2007-01-14,5.10774069447671
2007-01-15,5.08287824357257
2007-01-16,4.98379788785049
2007-01-17,5.16007552610668
2007-01-18,5.19083120676279
2007-01-19,5.13986117107367
2007-01-20,5.0879716820187
2007-01-21,4.87375903028979
2007-01-22,5.02627516654186
2007-01-23,4.95488131151557
2007-01-24,4.90905255254452
2007-01-25,4.85402951210126
2007-01-26,4.80988308911522
2007-01-27,4.79866781045723
2007-01-28,4.7918396939904
2007-01-29,4.81269012609371
2007-01-30,4.91255606506403
2007-01-31,4.87698525569043
2007-02-01,4.87351817095909
2007-02-02,4.92982128307217
2007-02-03,4.87278003487202
2007-02-04,4.8716736720138
2007-02-05,4.8738672413833
2007-02-06,4.99106434768927
2007-02-07,4.92696216021634
2007-02-08,4.87992407470179
2007-02-09,4.90285421553862
2007-02-10,4.91997457891605
2007-02-11,4.94287047916473
2007-02-12,4.95280866800666
2007-02-13,4.95448259069961
2007-02-14,4.91096541660336
2007-02-15,4.87217177159705
2007-02-16,4.88473136484306
2007-02-17,4.84496897373136
2007-02-18,4.82601103764861
2007-02-19,4.83586218193933
2007-02-20,4.85423675926706
2007-02-21,4.81218341771724
2007-02-22,4.81016479865061
2007-02-23,4.79374891006976
2007-02-24,4.74961890148075
2007-02-25,4.67892141201072
2007-02-26,4.7528651355241
2007-02-27,4.82684657874306
2007-02-28,4.80355294024318
2007-03-01,4.80934496547121
2007-03-02,4.83643208455907
2007-03-03,4.87197421215552
2007-03-04,4.85841174927429
2007-03-05,4.86657889379278
2007-03-06,4.8535152183307
2007-03-07,4.82862501701343
2007-03-08,4.82646691524509
2007-03-09,4.85964786303944
2007-03-10,4.84167377713922
2007-03-11,4.83447256455726
2007-03-12,4.88051822070763
2007-03-13,4.88792223703904
2007-03-14,4.85914858042996
2007-03-15,4.84067500505833
2007-03-16,4.88056204009631
2007-03-17,4.86416419907605
2007-03-18,4.82389319123794
2007-03-19,4.76946461424134
2007-03-20,4.74463160860009
2007-03-21,4.74230083534039
2007-03-22,4.88876377521316
2007-03-23,4.89801515787236
2007-03-24,4.96761386751689
2007-03-25,4.96727230105452
2007-03-26,4.9937285973103
2007-03-27,5.00031781580972
2007-03-28,5.00247149741388
2007-03-29,4.98831603782393
2007-03-30,4.94428051534095
2007-03-31,4.96052015865488
2007-04-01,4.97911466415375
2007-04-02,4.9721962713533
2007-04-03,4.99604002099819
2007-04-04,5.0285078712149
2007-04-05,5.06033113612701
2007-04-06,5.09954941973188
2007-04-07,5.11468177213908
2007-04-08,5.11611412286146
2007-04-09,5.12290233195829
2007-04-10,5.14141202689375
2007-04-11,5.17635361295656
2007-04-12,5.1882636333421
2007-04-13,5.20525495151123
2007-04-14,5.22570925640088
2007-04-15,5.24879204700987
2007-04-16,5.27095647223591
2007-04-17,5.29900503859898
2007-04-18,5.32659835965248
2007-04-19,5.34001938821076
2007-04-20,5.36642745473418
2007-04-21,5.39687657550248
2007-04-22,5.43480406117277
2007-04-23,5.45886514623815
2007-04-24,5.52406849090614
2007-04-25,5.5596532768278
2007-04-26,5.60408667175868
2007-04-27,5.65840712032286
2007-04-28,5.71413860233747
2007-04-29,5.78989367089003
2007-04-30,5.93866381249444
2007-05-01,6.03995141488964
2007-05-02,6.12174151009234
2007-05-03,6.13828167369841
2007-05-04,6.2038388692117
2007-05-05,6.47060243801157
2007-05-06,6.59873459821448
2007-05-07,6.65280081158983
2007-05-08,6.71436295875802
2007-05-09,6.75310046498571
2007-05-10,6.80192758693299
2007-05-11,6.86576999190046
2007-05-12,6.88127850671297
2007-05-13,6.91149766018752
2007-05-14,6.95219307662276
2007-05-15,6.97110427819118
2007-05-16,6.97557069081904
2007-05-17,7.0067254557171
2007-05-18,7.02531495233219
2007-05-19,7.02205584037136
2007-05-20,7.02371144931861
2007-05-21,7.02181464536955
2007-05-22,7.03275135969581
2007-05-23,7.0559094415079
2007-05-24,7.07234319943172
2007-05-25,7.14627976595342
2007-05-26,7.20004333816718
2007-05-27,7.14986333139132
2007-05-28,7.14485947169185
2007-05-29,7.14405001047597
2007-05-30,7.08382815987222
2007-05-31,7.0882573570272
2007-06-01,7.0900486316043
2007-06-02,7.08906564835614
2007-06-03,7.08229761295131
2007-06-04,7.04570238803972
2007-06-05,7.05535595305795
2007-06-06,7.08776908229097
2007-06-07,7.10311818845143
2007-06-08,7.13505151426259
2007-06-09,7.12452704653533
2007-06-10,7.11569103867904
2007-06-11,7.13015960006364
2007-06-12,7.19238988137667
2007-06-13,7.21642782164572
2007-06-14,7.23888287860993
2007-06-15,7.24252889870269
2007-06-16,7.25559427640825
2007-06-17,7.24993238535825
2007-06-18,7.23301897559122
2007-06-19,7.21636953140833
2007-06-20,7.20857575791593
2007-06-21,7.17692840302656
2007-06-22,7.15851663792855
2007-06-23,7.12364816424672
2007-06-24,7.11495988958543
2007-06-25,7.08682823131571
2007-06-26,7.09136084083858
2007-06-27,7.04599982398029
2007-06-28,7.00306793553437
2007-06-29,6.97411990600336
2007-06-30,6.96650510824876
2007-07-01,6.94534212851424
2007-07-02,6.93853050884285
2007-07-03,6.92928363406887
2007-07-04,6.92900520900852
2007-07-05,6.91553994904992
2007-07-06,6.91528375745519
2007-07-07,6.92917452009229
2007-07-08,6.93769126260341
2007-07-09,6.95062931537069
2007-07-10,6.96263544120762
2007-07-11,6.9678620903349
2007-07-12,6.96937908613624
2007-07-13,6.98259784207518
2007-07-14,6.99807421919562
2007-07-15,7.00634848123573
2007-07-16,7.00237266743554
2007-07-17,7.00244067549804
2007-07-18,7.00996988937895
2007-07-19,7.02489943121524
2007-07-20,7.02646383297604
2007-07-21,7.02333503614232
2007-07-22,7.01388988573372
2007-07-23,7.01766729152809
2007-07-24,7.00791076630194
2007-07-25,6.98626070784878
2007-07-26,6.97347150402102
2007-07-27,6.9555998314022
2007-07-28,6.9474144285271
2007-07-29,6.95881828422958
2007-07-30,6.95457264031667
2007-07-31,6.95140792870046
2007-08-01,6.95089260444509
2007-08-02,6.94895956018796
2007-08-03,6.93530177275836
2007-08-04,6.92624270143555
2007-08-05,6.92567192406952
2007-08-06,6.94650306775077
2007-08-07,7.03339946554105
2007-08-08,7.02234487270355
2007-08-09,7.02015934045583
2007-08-10,7.00094920829597
2007-08-11,7.02920115629521
2007-08-12,7.04879311420372
2007-08-13,7.03471601526266
2007-08-14,7.02649336591045
2007-08-15,6.98645436128732
2007-08-16,6.98661156336153
2007-08-17,6.986162821116
2007-08-18,6.98566766079685
2007-08-19,6.99875532128314
2007-08-20,6.99901688888738
2007-08-21,6.99733324417367
2007-08-22,7.00846115683426
2007-08-23,7.03789346769986
2007-08-24,7.05264666410858
2007-08-25,7.06587305781504
2007-08-26,7.08943635145922
2007-08-27,7.11109962612761
2007-08-28,7.13528733235945
2007-08-29,7.15056394732612
2007-08-30,7.15950613711413
2007-08-31,7.19005919127053
2007-09-01,7.17715582934305
2007-09-02,7.17802846669855
2007-09-03,7.16896449033555
2007-09-04,7.16607145494412
2007-09-05,7.16003594898962
2007-09-06,7.15369385506758
2007-09-07,7.10937549675056
2007-09-08,7.10213838434002
2007-09-09,7.08349870892126
2007-09-10,7.07833401498215
2007-09-11,7.05952774391328
2007-09-12,7.0473146987003
2007-09-13,6.98441830560659
2007-09-14,6.91400474809681
2007-09-15,6.88209511112867
2007-09-16,6.83677646889744
2007-09-17,6.84844923516764
2007-09-18,6.85140599779336
2007-09-19,6.85100900559745
2007-09-20,6.84500983947321
2007-09-21,6.83631875760318
2007-09-22,6.89632652231656
2007-09-23,6.92779022696164
2007-09-24,6.91897746855043
2007-09-25,6.93992253261764
2007-09-26,6.96197828008672
2007-09-27,6.95249042612515
2007-09-28,6.9477894414877
2007-09-29,6.92671363340478
2007-09-30,6.95374365169349
2007-10-01,6.97014224900117
2007-10-02,7.03228535691445
2007-10-03,7.02470466109913
2007-10-04,7.00770295042374
2007-10-05,7.0219472366794
2007-10-06,7.03575503244968
2007-10-07,7.11035902605467
2007-10-08,7.10067118287561
2007-10-09,7.11553032242809
2007-10-10,7.1172070435457
2007-10-11,7.12164462262868
2007-10-12,7.12686704828013
2007-10-13,7.13130041380917
2007-10-14,7.13453618622875
2007-10-15,7.12021011430302
2007-10-16,7.09188115328855
2007-10-17,7.06596259459952
2007-10-18,7.01428954306452
2007-10-19,7.000823017204
2007-10-20,6.9847328499
2007-10-21,6.96061683823637
2007-10-22,7.09953369078222
2007-10-23,7.13426535811923
2007-10-24,7.06694522586636
2007-10-25,7.08404188422533
2007-10-26,7.12505420627212
2007-10-27,7.19101912967219
2007-10-28,7.12474126807017
2007-10-29,6.97065702876354
2007-10-30,6.88614414140114
2007-10-31,6.93347061178972
2007-11-01,6.99326880758922
2007-11-02,6.9865373263891
2007-11-03,6.97525885560466
2007-11-04,6.95954398880671
2007-11-05,6.84164071707478
2007-11-06,6.80386613306603
2007-11-07,6.72602742752867
2007-11-08,6.59095813540593
2007-11-09,6.56845937753637
2007-11-10,6.0145704290852
2007-11-11,6.02803587448157
2007-11-12,5.94263749273885
2007-11-13,5.89220931269841
2007-11-14,5.87210022212823
2007-11-15,5.82093184799801
2007-11-16,5.76304911564484
2007-11-17,5.69883467739467
2007-11-18,5.7116998786467
2007-11-19,5.66915506892454
2007-11-20,5.59052981875357
2007-11-21,5.71949302582231
2007-11-22,5.34664929153902
2007-11-23,5.20817081537522
2007-11-24,5.18847660400754
2007-11-25,5.23013907399395
2007-11-26,5.31605312775592
2007-11-27,5.31894701333013
2007-11-28,5.40405422623164
2007-11-29,5.33601719843475
2007-11-30,5.6648351621495
2007-12-01,5.77644618923869
2007-12-02,5.84804340172244
2007-12-03,5.89065978107901
2007-12-04,5.89348657870925
2007-12-05,5.86352203189979
2007-12-06,5.81553849128828
2007-12-07,5.80466196709072
2007-12-08,5.86060446182702
2007-12-09,5.77775148120275
2007-12-10,5.72072038314712
2007-12-11,5.6461881925977
2007-12-12,5.54494298833017
2007-12-13,5.61923263329999
2007-12-14,5.59190285205841
2007-12-15,5.60857546887913
2007-12-16,5.44437849640253
2007-12-17,5.3207136082226
2007-12-18,4.93568005454674
2007-12-19,4.80873670709999
2007-12-20,4.87431607216689
2007-12-21,4.86492607620476
2007-12-22,4.9570810571538
2007-12-23,5.02647441660049
2007-12-24,5.35174955352801
2007-12-25,5.33188833031699
2007-12-26,5.31501486084678
2007-12-27,5.32590765558231
2007-12-28,5.37709704637527
2007-12-29,5.48884523898303
2007-12-30,5.5273263158837
2007-12-31,5.47053956290532
2008-01-01,5.70009242404591
2008-01-02,5.64066263910168
2008-01-03,5.74825229624222
2008-01-04,5.85290965746189
2008-01-05,5.91566808512256
2008-01-06,5.83990249319822
2008-01-07,5.81253549222196
2008-01-08,5.60609197775258
2008-01-09,5.48976130345289
2008-01-10,5.23845183556056
2008-01-11,5.17625122635453
2008-01-12,5.21640153766907
2008-01-13,5.20994562228351
2008-01-14,5.17680191533352
2008-01-15,4.92817253677362
2008-01-16,4.79223258424388
2008-01-17,4.7614531930833
2008-01-18,4.80380966629215
2008-01-19,4.76720360313653
2008-01-20,4.69703931563403
2008-01-21,4.63982423427828
2008-01-22,4.64554329512719
2008-01-23,4.6663554676639
2008-01-24,4.62907008822839
2008-01-25,4.80807322096444
2008-01-26,4.80753124228641
2008-01-27,4.8091282775566
2008-01-28,4.79875964736812
2008-01-29,4.78474690857883
2008-01-30,4.83108053292688
2008-01-31,4.9418273821768
2008-02-01,5.09321385156189
2008-02-02,5.10806421272939
2008-02-03,5.15008260855754
2008-02-04,5.16137786984259
2008-02-05,5.12677995407129
2008-02-06,5.11842971462676
2008-02-07,5.10551942764071
2008-02-08,5.0929015893958
2008-02-09,5.146200899668
2008-02-10,5.1018940267954
2008-02-11,5.04456134606354
2008-02-12,4.98880098994351
2008-02-13,4.94555892405517
2008-02-14,4.89271122748987
2008-02-15,4.84347430689709
2008-02-16,4.79453585253042
2008-02-17,4.65640589812117
2008-02-18,4.70771253454689
2008-02-19,4.67526863545285
2008-02-20,4.6845241753881
2008-02-21,4.76544828777494
2008-02-22,4.74720180411659
2008-02-23,4.71370769545781
2008-02-24,4.70060648871867
2008-02-25,4.65652323483934
2008-02-26,4.64993045529943
2008-02-27,4.64830491085245
2008-02-28,4.64438776174737
2008-02-29,4.70220893620139
2008-03-01,4.70426854166252
2008-03-02,4.6550156618283
2008-03-03,4.60362601900563
2008-03-04,4.58058456153558
2008-03-05,4.51287488412802
2008-03-06,4.50193028005612
2008-03-07,4.52908077891536
2008-03-08,4.54471677599383
2008-03-09,4.52097892101554
2008-03-10,4.53569340888497
2008-03-11,4.5457590999049
2008-03-12,4.62543885096719
2008-03-13,4.66621933293338
2008-03-14,4.60186822366591
2008-03-15,4.6294437058466
2008-03-16,4.66765637165474
2008-03-17,4.68850442527651
2008-03-18,4.6784473500918
2008-03-19,4.71389576708604
2008-03-20,4.9411937498955
2008-03-21,4.94235590001923
2008-03-22,4.92254605010028
2008-03-23,4.8925436460931
2008-03-24,4.90158762423735
2008-03-25,4.91383564493391
2008-03-26,4.91139833267576
2008-03-27,4.91685664797016
2008-03-28,4.91060915117969
2008-03-29,4.90964498736626
2008-03-30,4.92755470393278
2008-03-31,4.9259274472181
2008-04-01,4.94030831024402
2008-04-02,4.94539626455109
2008-04-03,4.95853202619967
2008-04-04,4.96325178887393
2008-04-05,4.9740688262168
2008-04-06,4.98190475752955
2008-04-07,4.95590569425481
2008-04-08,4.97625129699778
2008-04-09,4.92179843355489
2008-04-10,4.86371474504433
2008-04-11,4.92499820490489
2008-04-12,4.8505785990965
2008-04-13,4.94399290964126
2008-04-14,4.97044593870364
2008-04-15,4.97324916592529
2008-04-16,5.00207799312928
2008-04-17,5.0180802404713
2008-04-18,5.03869286080681
2008-04-19,5.04161506961364
2008-04-20,5.03252181408411
2008-04-21,5.04890741926205
2008-04-22,5.07798876741918
2008-04-23,5.08935660317505
2008-04-24,5.09801072363751
2008-04-25,5.11542184280212
2008-04-26,5.14602286816671
2008-04-27,5.18056123695194
2008-04-28,5.24771704851215
2008-04-29,5.31015168776502
2008-04-30,5.30674603921882
2008-05-01,5.38705299986555
2008-05-02,5.46832082256987
2008-05-03,5.54659046140465
2008-05-04,5.59550388839501
2008-05-05,5.65429347679898
2008-05-06,5.68369329934985
2008-05-07,5.73909399520855
2008-05-08,5.76927077101037
2008-05-09,5.80361424419743
2008-05-10,5.83549833851307
2008-05-11,5.87517125534199
2008-05-12,5.96831482263051
2008-05-13,6.06563514622301
2008-05-14,6.14531980443786
2008-05-15,6.27933361869345
2008-05-16,6.3339879739331
2008-05-17,6.39214229782131
2008-05-18,6.49050842172703
2008-05-19,6.49069641382936
2008-05-20,6.58605418604281
2008-05-21,6.68138887484451
2008-05-22,6.82045935164841
2008-05-23,6.9896811310954
2008-05-24,7.06303039816261
2008-05-25,7.0561786262527
2008-05-26,7.06908378732493
2008-05-27,7.08398579770381
2008-05-28,7.10791867424547
2008-05-29,7.10612430959428
2008-05-30,7.09292627919741
2008-05-31,7.07904720840709
2008-06-01,7.09191732247495
2008-06-02,7.09480012426796
2008-06-03,7.08746750649504
2008-06-04,7.06814059304203
2008-06-05,7.05135553263869
2008-06-06,7.04225804671949
2008-06-07,7.0393256166944
2008-06-08,7.04418793215964
2008-06-09,7.06172996968799
2008-06-10,7.06442001414207
2008-06-11,7.04916582219272
2008-06-12,7.04537928451437
2008-06-13,7.01572291930897
2008-06-14,7.01776086742641
2008-06-15,7.0597191073543
2008-06-16,7.12040638122777
2008-06-17,7.13605762904456
2008-06-18,7.12540655069899
2008-06-19,7.12818839474967
2008-06-20,7.12983577575107
2008-06-21,7.12197166528689
2008-06-22,7.09974817630551
2008-06-23,7.08479483326811
2008-06-24,7.07462776445054
2008-06-25,7.06063201330381
2008-06-26,7.04886592519692
2008-06-27,7.03716474950104
2008-06-28,7.03090564283432
2008-06-29,7.03056785289583
2008-06-30,7.0064282152608
2008-07-01,7.01747095256119
2008-07-02,7.01785748349758
2008-07-03,7.01918523755553
2008-07-04,7.02963732315088
2008-07-05,7.00157941398839
2008-07-06,7.00136261759098
2008-07-07,6.99735235169769
2008-07-08,6.993268095353
2008-07-09,7.00380539949212
2008-07-10,7.02488341063596
2008-07-11,6.98784105404628
2008-07-12,6.95578884058467
2008-07-13,6.97189618511273
2008-07-14,6.97013116915704
2008-07-15,6.96099912631321
2008-07-16,6.95839083641343
2008-07-17,6.94868422444471
2008-07-18,6.95086037692545
2008-07-19,6.94830656940492
2008-07-20,6.93725098843164
2008-07-21,6.94304184699289
2008-07-22,6.9287551216006
2008-07-23,6.90979732559487
2008-07-24,6.89724040645223
2008-07-25,6.88835408573112
2008-07-26,6.90958913242959
2008-07-27,6.90842546539575
2008-07-28,6.901863291797
2008-07-29,6.86749549138332
2008-07-30,6.86484907194895
2008-07-31,6.86471764951
2008-08-01,6.86081530117548
2008-08-02,6.86337032221651
2008-08-03,6.85348611822403
2008-08-04,6.85651294643515
2008-08-05,6.85863479360838
2008-08-06,6.85627484645465
2008-08-07,6.8894865843829
2008-08-08,6.91119948528458
2008-08-09,6.93227132113066
2008-08-10,6.92207748206933
2008-08-11,6.9023712203292
2008-08-12,6.90589031586771
2008-08-13,6.90512324352721
2008-08-14,6.90068714116836
2008-08-15,6.87741627525162
2008-08-16,6.87228788498654
2008-08-17,6.88260292728678
2008-08-18,6.8745206352114
2008-08-19,6.83199634534665
2008-08-20,6.88136498224408
2008-08-21,6.90226307508954
2008-08-22,6.90479612666728
2008-08-23,6.76916093036408
2008-08-24,6.8446958687246
2008-08-25,6.81710665082903
2008-08-26,6.76972941747143
2008-08-27,6.75134398585228
2008-08-28,6.76091308773787
2008-08-29,6.68877821107353
2008-08-30,6.68289185354102
2008-08-31,6.68901481386168
2008-09-01,6.80565348009609
2008-09-02,6.81185222495405
2008-09-03,6.80393795407877
2008-09-04,6.81414708529664
2008-09-05,6.80533152729442
2008-09-06,6.8139895145228
2008-09-07,6.78250456959619
2008-09-08,6.7380362569947
2008-09-09,6.68763484887115
2008-09-10,6.67177553217042
2008-09-11,6.67383047227595
2008-09-12,6.49784663810068
2008-09-13,6.58024608391941
2008-09-14,6.7137664535897
2008-09-15,6.85586654366421
2008-09-16,6.90849397298821
2008-09-17,6.90466516858013
2008-09-18,6.93776767105841
2008-09-19,6.92773056895041
2008-09-20,6.94166544470095
2008-09-21,6.95636863975421
2008-09-22,6.99007446432375
2008-09-23,7.02263355205659
2008-09-24,7.05115239759729
2008-09-25,7.09991818027394
2008-09-26,7.1075846681373
2008-09-27,7.07221092238571
2008-09-28,7.08268606630246
2008-09-29,7.0897431425027
2008-09-30,7.09833326680729
2008-10-01,7.10654035690237
2008-10-02,7.06055458581272
2008-10-03,7.05912333275302
2008-10-04,7.06518873529217
2008-10-05,7.07211502521236
2008-10-06,7.05726503963024
2008-10-07,7.03535556676838
2008-10-08,7.0600353332917
2008-10-09,7.0225407003559
2008-10-10,7.04684527390668
2008-10-11,6.91659581774025
2008-10-12,6.95542131042312
2008-10-13,6.92753626291525
2008-10-14,6.90737614215458
2008-10-15,6.86419652099181
2008-10-16,6.94376617543039
2008-10-17,6.98033579526306
2008-10-18,7.07404027227442
2008-10-19,7.11245004332231
2008-10-20,7.09581943033599
2008-10-21,7.068349648318
2008-10-22,7.03438231292958
2008-10-23,7.06339841373625
2008-10-24,7.06234840690281
2008-10-25,7.03451390273267
2008-10-26,7.03039301793037
2008-10-27,6.93478642540076
2008-10-28,6.90151377642736
2008-10-29,6.8792487374013
2008-10-30,6.82659781988374
2008-10-31,6.80511066078768
2008-11-01,6.81058646792869
2008-11-02,6.83650215825839
2008-11-03,6.6898584961757
2008-11-04,6.53723639503253
2008-11-05,6.41957188615796
2008-11-06,6.3485216077212
2008-11-07,6.31520838654864
2008-11-08,5.95356956589794
2008-11-09,5.96312925880119
2008-11-10,5.95646064236335
2008-11-11,5.93871486659957
2008-11-12,5.94290287377138
2008-11-13,5.93088640039065
2008-11-14,5.94035069301204
2008-11-15,5.95330143624147
2008-11-16,5.96850864520599
2008-11-17,5.96858879324769
2008-11-18,5.97113431466592
2008-11-19,5.8517649816923
2008-11-20,5.9358345720436
2008-11-21,5.92354041651347
2008-11-22,5.96379189519487
2008-11-23,6.05392361713302
2008-11-24,6.22084311409721
2008-11-25,6.312979276975
2008-11-26,6.05665934138131
2008-11-27,6.07831833992049
2008-11-28,6.16480631142292
2008-11-29,6.13110106784004
2008-11-30,6.16408277181883
2008-12-01,5.85624358514662
2008-12-02,5.71052503955775
2008-12-03,5.80815176875503
2008-12-04,5.79545135667708
2008-12-05,5.6648992826661
2008-12-06,5.64301550618076
2008-12-07,5.76930923066795
2008-12-08,5.30345058102499
2008-12-09,5.09495353510505
2008-12-10,4.88983532021807
2008-12-11,5.27372450018328
2008-12-12,5.27424349084412
2008-12-13,5.23383279506977
2008-12-14,5.35095459399139
2008-12-15,5.35325157537488
2008-12-16,5.26309925661986
2008-12-17,5.70311060912755
2008-12-18,5.68879885261304
2008-12-19,5.69275172054768
2008-12-20,5.83705712176878
2008-12-21,5.98727359887517
2008-12-22,6.0388417838894
2008-12-23,5.8113345630898
2008-12-24,5.85666290143641
2008-12-25,5.87039831267463
2008-12-26,5.7881597507324
2008-12-27,5.84872621400603
2008-12-28,5.81590982652437
2008-12-29,5.82889688919768
2008-12-30,5.81713855725677
2008-12-31,5.87982139887724
2009-01-01,5.85825666932926
2009-01-02,5.87233978986083
2009-01-03,5.9178899945704
2009-01-04,5.86823394111178
2009-01-05,5.87549696714088
2009-01-06,5.8193420405546
2009-01-07,5.84847076605206
2009-01-08,5.71933573182135
2009-01-09,5.67505559705673
2009-01-10,5.64237434873723
2009-01-11,5.62111438704669
2009-01-12,5.27344570857723
2009-01-13,4.98926049379202
2009-01-14,5.0276150755008
2009-01-15,4.97125249142245
2009-01-16,4.81718543468289
2009-01-17,4.7345513937891
2009-01-18,4.75655333584463
2009-01-19,4.80531444381026
2009-01-20,4.78378081040728
2009-01-21,4.72633163631357
2009-01-22,4.98370269086783
2009-01-23,4.92671764778438
2009-01-24,4.91277842426634
2009-01-25,4.85147835179089
2009-01-26,4.82127166313824
2009-01-27,4.81538384808757
2009-01-28,4.79378220435399
2009-01-29,4.76756840884767
2009-01-30,4.75780004018283
2009-01-31,4.94061919282811
2009-02-01,5.00624719109686
2009-02-02,5.08570473038614
2009-02-03,5.08452434805365
2009-02-04,5.08644457724594
2009-02-05,5.08396729740778
2009-02-06,5.12838017957818
2009-02-07,5.07136434658766
2009-02-08,5.10411012073167
2009-02-09,5.07168562124434
2009-02-10,5.04959219807421
2009-02-11,5.0365147684841
2009-02-12,5.03595879499743
2009-02-13,5.00890664217692
2009-02-14,5.00930293733259
2009-02-15,5.01766281861134
2009-02-16,5.05928688980367
2009-02-17,5.0706938553469
2009-02-18,5.06478191327267
2009-02-19,5.02507905938113
2009-02-20,4.99831220790616
2009-02-21,4.99110817622615
2009-02-22,4.98132460374403
2009-02-23,5.0162504256144
2009-02-24,5.02190297734028
2009-02-25,5.00280273020405
2009-02-26,4.99088865515686
2009-02-27,4.96560494598433
2009-02-28,4.95664272217113
2009-03-01,4.98662962943557
2009-03-02,4.96288513875219
2009-03-03,4.92118776041143
2009-03-04,4.8376921029903
2009-03-05,4.7883792745755
2009-03-06,4.711077814316
2009-03-07,4.70353379447918
2009-03-08,4.65665030512362
2009-03-09,4.64328882535641
2009-03-10,4.63599844236349
2009-03-11,4.61139875189532
2009-03-12,4.59831649026583
2009-03-13,4.55108638242868
2009-03-14,4.51616437903658
2009-03-15,4.5043273001605
2009-03-16,4.47077733496818
2009-03-17,4.41064446606495
2009-03-18,4.46705582740227
2009-03-19,4.47464469661927
2009-03-20,4.47001360517572
2009-03-21,4.53577138527141
2009-03-22,4.58689918773211
2009-03-23,4.64998027584644
2009-03-24,4.62760568634485
2009-03-25,4.62320009139557
2009-03-26,4.69101426151261
2009-03-27,4.71051280810846
2009-03-28,4.72492950064857
2009-03-29,4.7438773576255
2009-03-30,4.76295871489885
2009-03-31,4.7938924182119
2009-04-01,4.82204064582257
2009-04-02,4.85777206384501
2009-04-03,4.88366419962036
2009-04-04,4.91839867517145
2009-04-05,4.9632106689427
2009-04-06,4.99693305528902
2009-04-07,5.01419457988064
2009-04-08,5.04255390024752
2009-04-09,5.05683861763153
2009-04-10,5.08269676419569
2009-04-11,5.08692069753761
2009-04-12,5.08785438123383
2009-04-13,5.11868670829798
2009-04-14,5.12897351405447
2009-04-15,5.14495798421414
2009-04-16,5.15339176282738
2009-04-17,5.16331023735195
2009-04-18,5.17883401175459
2009-04-19,5.20095138133293
2009-04-20,5.21278413743425
2009-04-21,5.22843413209086
2009-04-22,5.24556541354679
2009-04-23,5.28366686343947
2009-04-24,5.32151316581604
2009-04-25,5.34283819276281
2009-04-26,5.3823797176402
2009-04-27,5.39936014968606
2009-04-28,5.41384679826134
2009-04-29,5.44623470705479
2009-04-30,5.51310975682305
2009-05-01,5.55499408379694
2009-05-02,5.58353165230202
2009-05-03,5.61419016804326
2009-05-04,5.62555310097426
2009-05-05,5.66790060831727
2009-05-06,5.69685773613601
2009-05-07,5.72968791202983
2009-05-08,5.78981614489422
2009-05-09,5.81550826321875
2009-05-10,5.86241684025333
2009-05-11,5.93684218567554
2009-05-12,5.98517997895412
2009-05-13,6.05892267431577
2009-05-14,6.1965053801229
2009-05-15,6.2685997103296
2009-05-16,6.28296008606539
2009-05-17,6.32451358125132
2009-05-18,6.37552528162349
2009-05-19,6.45552718686485
2009-05-20,6.5421102068983
2009-05-21,6.60758594439248
2009-05-22,6.62617231389651
2009-05-23,6.68616778114712
2009-05-24,6.77269582514679
2009-05-25,6.89424461770377
2009-05-26,7.00976074876887
2009-05-27,7.0822108522416
2009-05-28,7.1817919117523
2009-05-29,7.18570750913546
2009-05-30,7.18755105185496
2009-05-31,7.18196817037485
2009-06-01,7.16300948251354
2009-06-02,7.14740058915051
2009-06-03,7.147389576725
2009-06-04,7.11404972944379
2009-06-05,7.07939885485056
2009-06-06,7.07297245345015
2009-06-07,7.06126032835923
2009-06-08,7.05875112352796
2009-06-09,7.05174324142397
2009-06-10,7.04712214830134
2009-06-11,7.05505747109027
2009-06-12,7.05126301163934
2009-06-13,7.04249803590397
2009-06-14,7.03705185496967
2009-06-15,7.02523051511904
2009-06-16,7.01866392120009
2009-06-17,7.02365259400142
2009-06-18,7.03317100695197
2009-06-19,7.01941793460124
2009-06-20,7.02420699780215
2009-06-21,7.01252909804854
2009-06-22,7.01646367161688
2009-06-23,7.03797814568727
2009-06-24,6.98351827487855
2009-06-25,6.98068857131873
2009-06-26,6.97894990412864
2009-06-27,6.96498808304698
2009-06-28,6.93132114105644
2009-06-29,6.9198773687854
2009-06-30,6.98782885941667
2009-07-01,6.97739243568127
2009-07-02,6.97454076688179
2009-07-03,6.97042766642096
2009-07-04,6.96127712037916
2009-07-05,6.96083729322773
2009-07-06,6.95611239336916
2009-07-07,6.95495839179367
2009-07-08,6.966842322407
2009-07-09,6.95435970862843
2009-07-10,6.9586492818317
2009-07-11,6.95795670896717
2009-07-12,6.95586071697945
2009-07-13,6.95167870886624
2009-07-14,6.93734058473101
2009-07-15,6.92830590289795
2009-07-16,6.91670075616407
2009-07-17,6.94889227203701
2009-07-18,6.97471237070676
2009-07-19,6.96707000374589
2009-07-20,6.96809295506568
2009-07-21,6.95496062690748
2009-07-22,6.95389410941408
2009-07-23,6.94788154365684
2009-07-24,6.94334105982428
2009-07-25,6.93536305389798
2009-07-26,6.93350215980806
2009-07-27,6.92456416824393
2009-07-28,6.91944551540119
2009-07-29,6.92934588661864
2009-07-30,6.94405880143491
2009-07-31,6.9514015835343
2009-08-01,6.94216897182228
2009-08-02,6.93655205501747
2009-08-03,6.92694471449282
2009-08-04,6.91885340408313
2009-08-05,6.9176449439858
2009-08-06,6.91492766007704
2009-08-07,6.89559279686408
2009-08-08,6.87627398042794
2009-08-09,6.88409956779414
2009-08-10,6.88822208864143
2009-08-11,6.86092213051249
2009-08-12,6.84082697357861
2009-08-13,6.84871381999557
2009-08-14,6.85308881564147
2009-08-15,6.84056480835624
2009-08-16,6.84526260940561
2009-08-17,6.85666030203086
2009-08-18,6.85537990363958
2009-08-19,6.85873808639518
2009-08-20,6.83816090126909
2009-08-21,6.80609109434936
2009-08-22,6.79908408808851
2009-08-23,6.81878359046168
2009-08-24,6.90175734442465
2009-08-25,6.94456213121284
2009-08-26,6.93729721911312
2009-08-27,6.9483706413497
2009-08-28,6.95437742231701
2009-08-29,6.93604238406979
2009-08-30,6.92848806995123
2009-08-31,6.91790937236582
2009-09-01,6.92288584178984
2009-09-02,6.92735558380153
2009-09-03,6.94095276647098
2009-09-04,6.94841681097953
2009-09-05,6.96560530756099
2009-09-06,6.99206280258343
2009-09-07,7.01975230279102
2009-09-08,6.97755049077917
2009-09-09,6.95578225728081
2009-09-10,6.92023309687133
2009-09-11,6.91363555852914
2009-09-12,6.91478518422685
2009-09-13,6.88892069239293
2009-09-14,6.89854649476285
2009-09-15,6.9079173410462
2009-09-16,6.90306200321084
2009-09-17,6.90201691891841
2009-09-18,6.8973456076404
2009-09-19,6.90031270646274
2009-09-20,6.90079538019768
2009-09-21,6.89959834654057
2009-09-22,6.89260624851435
2009-09-23,6.80366970085815
2009-09-24,6.79386951339776
2009-09-25,6.81658453242842
2009-09-26,6.87200524883042
2009-09-27,6.9735155975501
2009-09-28,7.00796502580971
2009-09-29,7.02849870803773
2009-09-30,7.05850924883177
2009-10-01,6.96978775589413
2009-10-02,7.01821048770508
2009-10-03,7.07521895373022
2009-10-04,7.17286101870677
2009-10-05,7.3045328900148
2009-10-06,7.31623924811027
2009-10-07,7.24647084129814
2009-10-08,7.22088767645655
2009-10-09,7.14012373887099
2009-10-10,7.1864999842899
2009-10-11,7.2126878910504
2009-10-12,7.2117353147728
2009-10-13,7.21198733985946
2009-10-14,7.15275255842068
2009-10-15,7.14588742533761
2009-10-16,7.13935585336392
2009-10-17,7.11689641727022
2009-10-18,7.02852355129173
2009-10-19,6.94734121158263
2009-10-20,6.80914353942435
2009-10-21,6.67011971695479
2009-10-22,6.31442901861657
2009-10-23,6.21817704419036
2009-10-24,6.19282483244281
2009-10-25,6.24027632012879
2009-10-26,6.22855814153651
2009-10-27,6.03782502989606
2009-10-28,5.82742894866928
2009-10-29,5.7551535326519
2009-10-30,5.72653099074776
2009-10-31,5.69922800632462
2009-11-01,5.609648743574
2009-11-02,5.55440662733127
2009-11-03,5.48462713588612
2009-11-04,5.42909396197452
2009-11-05,5.47880813444921
2009-11-06,5.46289071561373
2009-11-07,5.46508003622832
2009-11-08,5.54344397802962
2009-11-09,5.54796706287493
2009-11-10,5.5522694480998
2009-11-11,5.54097169081325
2009-11-12,5.59637671460818
2009-11-13,5.62672560688516
2009-11-14,5.65179080803556
2009-11-15,5.64379103513841
2009-11-16,5.60191472335892
2009-11-17,5.59548800120064
2009-11-18,5.650005368411
2009-11-19,5.61204871389345
2009-11-20,5.71160623467918
2009-11-21,5.59058187166727
2009-11-22,5.7601915814508
2009-11-23,5.83575284693685
2009-11-24,5.69657582402971
2009-11-25,5.75290644885133
2009-11-26,5.73781287182591
2009-11-27,5.73168488088715
2009-11-28,5.69420992936603
2009-11-29,5.68271899035267
2009-11-30,5.54515155423194
2009-12-01,5.48287855552722
2009-12-02,5.59908704847177
2009-12-03,5.55942875513789
2009-12-04,5.5376455286849
2009-12-05,5.59527088029712
2009-12-06,5.52718369614365
2009-12-07,5.5808094885194
2009-12-08,5.63953181070352
2009-12-09,5.74596181015174
2009-12-10,5.98667797345794
2009-12-11,5.98945410470456
2009-12-12,5.97901089088097
2009-12-13,6.06415836205212
2009-12-14,6.12754380150651
2009-12-15,6.09581831476693
2009-12-16,6.17808190006126
2009-12-17,6.27560891680198
2009-12-18,6.20793641007636
2009-12-19,6.22485309672612
2009-12-20,6.20757777468501
2009-12-21,6.18677654907657
2009-12-22,5.95703159538205
2009-12-23,5.98974214052713
2009-12-24,5.79077025786472
2009-12-25,5.68353950506286
2009-12-26,5.45060291195547
2009-12-27,5.56014370973209
2009-12-28,5.50007986813719
2009-12-29,5.43136286352533
2009-12-30,5.37821985208071
2009-12-31,5.23505002946806
2010-01-01,5.20024947777241
2010-01-02,5.19657408013016
2010-01-03,5.18780912306443
2010-01-04,5.14465062856296
2010-01-05,5.06744772010709
2010-01-06,5.04848659197489
2010-01-07,5.01879235352475
2010-01-08,4.93460030331708
2010-01-09,4.93716383322984
2010-01-10,4.92296856641769
2010-01-11,4.93269170546554
2010-01-12,4.8124620340622
2010-01-13,4.7875539092243
2010-01-14,4.79338191719602
2010-01-15,4.75273580291644
2010-01-16,4.70519228987778
2010-01-17,4.67589658901004
2010-01-18,4.51033178284872
2010-01-19,4.518685706001
2010-01-20,4.46117436947947
2010-01-21,4.39532303846609
2010-01-22,4.34182096681626
2010-01-23,4.4109078895922
2010-01-24,4.41021496845815
2010-01-25,4.39788430742441
2010-01-26,4.39894832301446
2010-01-27,4.48565423923607
2010-01-28,4.52443175779795
2010-01-29,4.68874837722024
2010-01-30,4.76480234015294
2010-01-31,4.86514496073769
2010-02-01,4.84182194391633
2010-02-02,4.83929524970612
2010-02-03,4.82301363848298
2010-02-04,4.8895042242949
2010-02-05,4.91113029242742
2010-02-06,4.91411188469307
2010-02-07,4.94025043311202
2010-02-08,4.92477595312925
2010-02-09,4.89825650777649
2010-02-10,4.87615871524824
2010-02-11,4.92971172203642
2010-02-12,4.92019923495564
2010-02-13,4.88947984217831
2010-02-14,4.85201008820343
2010-02-15,4.82726247025708
2010-02-16,4.79081567170254
2010-02-17,4.77261161121229
2010-02-18,4.75927950432742
2010-02-19,4.83798829123434
2010-02-20,4.85690500117327
2010-02-21,4.85937833417349
2010-02-22,4.87587573746759
2010-02-23,4.82615349667292
2010-02-24,4.84067597735138
2010-02-25,4.85017385960006
2010-02-26,4.85653510972814
2010-02-27,4.86924696383796
2010-02-28,4.8685246364744
2010-03-01,4.87751740705323
2010-03-02,4.84861291601413
2010-03-03,4.75126857172047
2010-03-04,4.67765771544708
2010-03-05,4.6362572730185
2010-03-06,4.62047875535512
2010-03-07,4.57151939942896
2010-03-08,4.54580417417802
2010-03-09,4.53691554484038
2010-03-10,4.52206438546453
2010-03-11,4.52578616266596
2010-03-12,4.54708545197018
2010-03-13,4.54024509708631
2010-03-14,4.58201754734668
2010-03-15,4.56999160803489
2010-03-16,4.54734939198851
2010-03-17,4.5777939226167
2010-03-18,4.58390060602015
2010-03-19,4.59324272171948
2010-03-20,4.62034913664114
2010-03-21,4.63349331457935
2010-03-22,4.70612271864229
2010-03-23,4.78510555383961
2010-03-24,4.77125643591225
2010-03-25,4.77515226497257
2010-03-26,4.71181222996833
2010-03-27,4.6860307890498
2010-03-28,4.72301188637563
2010-03-29,4.79721590986189
2010-03-30,4.82496712592863
2010-03-31,4.83980272300346
2010-04-01,4.85132827732425
2010-04-02,4.85292217966101
2010-04-03,4.85037245722326
2010-04-04,4.85353525915931
2010-04-05,4.86914449283285
2010-04-06,4.94781906354933
2010-04-07,4.97097701370627
2010-04-08,4.9817447113398
2010-04-09,4.99597415378374
2010-04-10,5.00368477928687
2010-04-11,5.02213647432543
2010-04-12,5.04529788678597
2010-04-13,5.06724348654021
2010-04-14,5.08409619817724
2010-04-15,5.1067392149505
2010-04-16,5.13416435899866
2010-04-17,5.14100361985459
2010-04-18,5.16504923649633
2010-04-19,5.18646359951115
2010-04-20,5.22152991058136
2010-04-21,5.25822160570409
2010-04-22,5.29389872764345
2010-04-23,5.33176103481987
2010-04-24,5.37067701485524
2010-04-25,5.41706067708689
2010-04-26,5.44409563219834
2010-04-27,5.50528195991091
2010-04-28,5.55938574939572
2010-04-29,5.6006645340494
2010-04-30,5.60404508921155
2010-05-01,5.67309518719121
2010-05-02,5.74781245792654
2010-05-03,5.79239438509852
2010-05-04,5.88603671838958
2010-05-05,5.88832570287611
2010-05-06,5.9044620771278
2010-05-07,5.9528046827663
2010-05-08,6.00975964183401
2010-05-09,6.03415370937878
2010-05-10,6.15390731678772
2010-05-11,6.08326719521452
2010-05-12,6.10634927979904
2010-05-13,6.19106339290955
2010-05-14,6.23458393466425
2010-05-15,6.2681713982568
2010-05-16,6.29357628010756
2010-05-17,6.375520756006
2010-05-18,6.43338209040847
2010-05-19,6.54276353059918
2010-05-20,6.56931996780493
2010-05-21,6.66856555170794
2010-05-22,6.82209790318862
2010-05-23,6.88674816958589
2010-05-24,6.9416497642464
2010-05-25,6.94439114545133
2010-05-26,6.95582587462949
2010-05-27,6.97707544072896
2010-05-28,6.97326295220449
2010-05-29,6.99375169773518
2010-05-30,6.98157218018227
2010-05-31,6.99912887128348
2010-06-01,7.04503302895492
2010-06-02,7.06228368299241
2010-06-03,7.05670675027797
2010-06-04,7.04700926488339
2010-06-05,7.03586799260564
2010-06-06,7.01877676971755
2010-06-07,7.0267646073949
2010-06-08,7.03805810214737
2010-06-09,7.0348349373138
2010-06-10,7.03891942131483
2010-06-11,7.03125900158057
2010-06-12,7.03105228025527
2010-06-13,7.01376748292744
2010-06-14,7.00583105425292
2010-06-15,7.01472513679808
2010-06-16,6.99112421180989
2010-06-17,6.98544424555046
2010-06-18,6.99527181614427
2010-06-19,6.99988825354299
2010-06-20,6.96568846520786
2010-06-21,6.98920709448124
2010-06-22,6.96364022107084
2010-06-23,6.94649435218847
2010-06-24,6.92264774278162
2010-06-25,6.91627970686152
2010-06-26,6.90265532646878
2010-06-27,6.89850728411769
2010-06-28,6.88246561814021
2010-06-29,6.87971615126137
2010-06-30,6.89821775302385
2010-07-01,6.92628395529424
2010-07-02,6.92380020394973
2010-07-03,6.93045226556015
2010-07-04,6.94304138828146
2010-07-05,6.9369154574378
2010-07-06,6.94482928816594
2010-07-07,6.96899372604908
2010-07-08,6.96527418673113
2010-07-09,6.95935092763629
2010-07-10,6.9482936926659
2010-07-11,6.95918110412429
2010-07-12,6.9620320626174
2010-07-13,6.94737679371842
2010-07-14,6.92870927306966
2010-07-15,6.91856556901311
2010-07-16,6.92426622682148
2010-07-17,6.90325482630184
2010-07-18,6.9024582504896
2010-07-19,6.89772905637745
2010-07-20,6.89417399045219
2010-07-21,6.89049280337124
2010-07-22,6.87555694706826
2010-07-23,6.87608739196387
2010-07-24,6.8566755820539
2010-07-25,6.85097749792815
2010-07-26,6.86299756860878
2010-07-27,6.87065311567671
2010-07-28,6.85607557731202
2010-07-29,6.85764488002566
2010-07-30,6.86774394000271
2010-07-31,6.87018444683832
2010-08-01,6.87164253856871
2010-08-02,6.87954032302496
2010-08-03,6.88272050001615
2010-08-04,6.96464578426167
2010-08-05,6.80879075891429
2010-08-06,6.7869497338667
2010-08-07,6.80283005330251
2010-08-08,6.78056926304672
2010-08-09,6.80669022783638
2010-08-10,6.7925621790562
2010-08-11,6.81927684405564
2010-08-12,6.873580172276
2010-08-13,6.87655028274832
2010-08-14,6.90986384989688
2010-08-15,6.88715068540184
2010-08-16,6.88878275398586
2010-08-17,6.89259098341569
2010-08-18,6.89815553710016
2010-08-19,6.88468091494413
2010-08-20,6.91700323241628
2010-08-21,6.94948683755214
2010-08-22,6.94150101148012
2010-08-23,6.93455951779142
2010-08-24,6.93738200636615
2010-08-25,6.964486255572
2010-08-26,6.96810436460296
2010-08-27,6.96429129059243
2010-08-28,6.95455942997767
2010-08-29,6.95304386617245
2010-08-30,6.91871237094216
2010-08-31,6.94896796011612
2010-09-01,6.955722586192
2010-09-02,6.9255817004133
2010-09-03,6.93073832333226
2010-09-04,6.93818680696085
2010-09-05,6.93698927319462
2010-09-06,6.96432520673054
2010-09-07,6.97774871908742
2010-09-08,6.89890762155296
2010-09-09,6.88274428890911
2010-09-10,7.01114562360743
2010-09-11,7.02370899459449
2010-09-12,6.99193488527318
2010-09-13,7.00807091180625
2010-09-14,7.00998260241448
2010-09-15,7.01706998619037
2010-09-16,7.00222100894051
2010-09-17,6.99608339898092
2010-09-18,6.98932370094986
2010-09-19,6.99578801283725
2010-09-20,6.98774204297681
2010-09-21,6.99235071870247
2010-09-22,7.01284123698711
2010-09-23,7.01551809627949
2010-09-24,7.03645884426941
2010-09-25,7.04639070199327
2010-09-26,7.02206661350057
2010-09-27,7.0326078492155
2010-09-28,7.01834149826549
2010-09-29,7.02681015754321
2010-09-30,7.02296911122703
2010-10-01,6.94471867720073
2010-10-02,6.98658039773417
2010-10-03,6.99635307179382
2010-10-04,7.0072058619839
2010-10-05,7.08491112882949
2010-10-06,7.09310437295668
2010-10-07,7.1249820092766
2010-10-08,7.07255812541512
2010-10-09,7.0645864604297
2010-10-10,7.05522683411082
2010-10-11,7.0565078584451
2010-10-12,7.06517492135366
2010-10-13,7.06346574044659
2010-10-14,7.05847260897144
2010-10-15,7.08091704164361
2010-10-16,7.14438423085411
2010-10-17,7.13084350414931
2010-10-18,7.11765002954343
2010-10-19,7.12338573339998
2010-10-20,7.11548182456786
2010-10-21,7.13587956730532
2010-10-22,7.04266871341963
2010-10-23,7.02987660191564
2010-10-24,6.99015356469217
2010-10-25,6.97236417818264
2010-10-26,6.98218648751444
2010-10-27,6.90573799011609
2010-10-28,6.65699227804182
2010-10-29,6.67980398145012
2010-10-30,6.51972043490745
2010-10-31,6.54407496104247
2010-11-01,6.53117312624174
2010-11-02,6.42458795555081
2010-11-03,6.41072867277351
2010-11-04,6.38672016808481
2010-11-05,6.33839153690026
2010-11-06,6.23548020312388
2010-11-07,6.20670412654885
2010-11-08,6.17173038679412
2010-11-09,6.09874243547186
2010-11-10,6.07983482870051
2010-11-11,6.06482205793385
2010-11-12,5.84732420670629
2010-11-13,5.84069869383711
2010-11-14,5.74994968039183
2010-11-15,5.75346531802563
2010-11-16,5.86163129044562
2010-11-17,5.80700751802789
2010-11-18,5.83678358407876
2010-11-19,5.86503803540308
2010-11-20,5.92105528064757
2010-11-21,5.95917459783144
2010-11-22,6.10105573316721
2010-11-23,6.10602957987831
2010-11-24,6.14556849731999
2010-11-25,6.13854347423965
2010-11-26,5.82042888388273
2010-11-27,5.78852140183559
2010-11-28,5.71266239995265
2010-11-29,5.65791670762373
2010-11-30,5.55153002883449
2010-12-01,5.68897611713734
2010-12-02,5.72425520048834
2010-12-03,6.01202851635778
2010-12-04,6.03358794824552
2010-12-05,5.96220082483794
2010-12-06,5.96211264795224
2010-12-07,5.86503749294441
2010-12-08,5.84301549580138
2010-12-09,5.81110655077516
2010-12-10,5.83406005768066
2010-12-11,5.74413523836375
2010-12-12,5.7312118858893
2010-12-13,5.6807330769322
2010-12-14,5.76279073425486
2010-12-15,5.76021258296862
2010-12-16,5.52799705030589
2010-12-17,5.43855044324841
2010-12-18,5.33208899367047
2010-12-19,5.30084326298752
2010-12-20,5.28694130179788
2010-12-21,5.20973140391485
2010-12-22,5.23062091553373
2010-12-23,5.3245726312093
2010-12-24,5.39062390032165
2010-12-25,5.34130236647102
2010-12-26,5.32475693985656
2010-12-27,5.38838108997387
2010-12-28,5.32525327171388
2010-12-29,5.40136863048408
2010-12-30,5.41790484882536
2010-12-31,5.43106778135924
2011-01-01,5.41153704824177
2011-01-02,5.42541888984889
2011-01-03,5.44399003897394
2011-01-04,5.46037054480168
2011-01-05,5.49509787323451
2011-01-06,5.50300749933927
2011-01-07,5.40577816081525
2011-01-08,5.52526773396418
2011-01-09,5.54324282495139
2011-01-10,5.3940623676221
2011-01-11,5.21427846044594
2011-01-12,5.09316522835799
2011-01-13,5.09899493122191
2011-01-14,5.02550469709312
2011-01-15,4.95317504761637
2011-01-16,4.92991089863898
2011-01-17,4.96004809155351
2011-01-18,5.01947679008496
2011-01-19,4.99591815844733
2011-01-20,4.9940177241942
2011-01-21,5.06058151560127
2011-01-22,4.98742851302098
2011-01-23,4.88496775032727
2011-01-24,4.8505884032375
2011-01-25,4.82556479730495
2011-01-26,4.83308537255907
2011-01-27,4.85017635758198
2011-01-28,4.87069621702511
2011-01-29,4.85063987954742
2011-01-30,4.92145187139694
2011-01-31,4.91136163426472
2011-02-01,4.87542731616976
2011-02-02,4.82236326270429
2011-02-03,4.82370590882232
2011-02-04,4.82285100587977
2011-02-05,4.81869850461243
2011-02-06,4.8414445593435
2011-02-07,4.86214888645446
2011-02-08,4.85324680111638
2011-02-09,4.87648969980259
2011-02-10,4.86902540439938
2011-02-11,4.88569386165348
2011-02-12,4.87778252008665
2011-02-13,4.86673120435974
2011-02-14,4.88848574843499
2011-02-15,4.892070972288
2011-02-16,4.89219979748217
2011-02-17,4.88390868410634
2011-02-18,4.93437246526792
2011-02-19,4.92863428926193
2011-02-20,4.96414363215778
2011-02-21,5.01080912240645
2011-02-22,5.0496332979755
2011-02-23,5.0594167581107
2011-02-24,5.07112488297782
2011-02-25,5.07157092527184
2011-02-26,4.99047441205543
2011-02-27,4.93405970807346
2011-02-28,4.95772438273883
2011-03-01,4.93578660743862
2011-03-02,4.8683695690152
2011-03-03,4.86841642027659
2011-03-04,4.93643926044125
2011-03-05,4.93233357545548
2011-03-06,4.93258018080931
2011-03-07,4.9657193949383
2011-03-08,4.98436243359407
2011-03-09,4.97832661182481
2011-03-10,4.97764415830287
2011-03-11,4.96946190052583
2011-03-12,4.96398394147601
2011-03-13,4.94461691847448
2011-03-14,4.93190231421672
2011-03-15,4.91887731119998
2011-03-16,4.90872064866192
2011-03-17,4.90482020011842
2011-03-18,4.88318155563161
2011-03-19,4.88464273880032
2011-03-20,4.88600770185529
2011-03-21,4.91634963539666
2011-03-22,4.92445063290305
2011-03-23,4.92860924847957
2011-03-24,4.94554192657991
2011-03-25,4.96618943174141
2011-03-26,4.97087679102651
2011-03-27,4.93890994997796
2011-03-28,4.94736672921769
2011-03-29,4.7906094305058
2011-03-30,4.82289357285868
2011-03-31,5.05149555845106
2011-04-01,5.05133592068584
2011-04-02,5.06412148944776
2011-04-03,5.11717323017883
2011-04-04,4.97287200391969
2011-04-05,5.04078477093927
2011-04-06,5.05710945330581
2011-04-07,5.06055047478623
2011-04-08,5.03485143407907
2011-04-09,5.09753281102588
2011-04-10,5.11580079254068
2011-04-11,5.10421711436581
2011-04-12,5.14763086146614
2011-04-13,5.19399225727289
2011-04-14,5.20741089087563
2011-04-15,5.3325571920988
2011-04-16,5.29278155965557
2011-04-17,5.33674566439522
2011-04-18,5.36272028416713
2011-04-19,5.43250698341412
2011-04-20,5.59705552321895
2011-04-21,5.67669209089439
2011-04-22,5.60156879390826
2011-04-23,5.65762702589629
2011-04-24,5.7664900578559
2011-04-25,5.8721880956657
2011-04-26,5.98962081925768
2011-04-27,6.08197305745741
2011-04-28,6.25408113028282
2011-04-29,6.31179793576392
2011-04-30,6.39451033652613
2011-05-01,6.53267271588855
2011-05-02,6.63830776450228
2011-05-03,6.67432066985956
2011-05-04,6.71599034017714
2011-05-05,6.7683714358482
2011-05-06,6.82266463676739
2011-05-07,6.86103642360102
2011-05-08,6.87728892476911
2011-05-09,6.8831627493655
2011-05-10,6.89579784796648
2011-05-11,6.90333959661055
2011-05-12,6.90441712088348
2011-05-13,6.89449452892565
2011-05-14,6.89392551178104
2011-05-15,6.86548752857451
2011-05-16,6.8446130887002
2011-05-17,6.8276902290567
2011-05-18,6.80386435415312
2011-05-19,6.81418919831568
2011-05-20,6.82382372476106
2011-05-21,6.82749528118014
2011-05-22,6.88988936174977
2011-05-23,6.88776021928733
2011-05-24,6.95458240042702
2011-05-25,6.96053378838724
2011-05-26,6.95615235924425
2011-05-27,6.94294161665614
2011-05-28,6.9257840523067
2011-05-29,6.87979146815771
2011-05-30,6.82340948577747
2011-05-31,6.79972956980118
2011-06-01,6.79470799013442
2011-06-02,6.79141202975637
2011-06-03,6.79108786348092
2011-06-04,6.78332258832679
2011-06-05,6.77908722135398
2011-06-06,6.77889690201131
2011-06-07,6.77974788660515
2011-06-08,6.77876270747866
2011-06-09,6.7785787808868
2011-06-10,6.78298851468084
2011-06-11,6.78930722229237
2011-06-12,6.79324085120187
2011-06-13,6.78024058089325
2011-06-14,6.79328618516973
2011-06-15,6.80145951308076
2011-06-16,6.83802387444503
2011-06-17,6.85992662630988
2011-06-18,6.86197980282271
2011-06-19,6.85384639079001
2011-06-20,6.85764919303495
2011-06-21,6.85612934094779
2011-06-22,6.86116991085871
2011-06-23,6.8623752819234
2011-06-24,6.8583695531418
2011-06-25,6.84323941946112
2011-06-26,6.83524935356131
2011-06-27,6.83761311545423
2011-06-28,6.83118003936311
2011-06-29,6.83583540111949
2011-06-30,6.84200123982993
2011-07-01,6.84471526349526
2011-07-02,6.8323832390392
2011-07-03,6.82114835145762
2011-07-04,6.82774222361017
2011-07-05,6.8235471454286
2011-07-06,6.81474946203305
2011-07-07,6.85350002895049
2011-07-08,6.8539528394528
2011-07-09,6.8502673678518
2011-07-10,6.84824685199337
2011-07-11,6.84754462125842
2011-07-12,6.84228613913814
2011-07-13,6.83168521759178
2011-07-14,6.85317406346209
2011-07-15,6.85948638145687
2011-07-16,6.84965727762743
2011-07-17,6.83705305853698
2011-07-18,6.83055725309872
2011-07-19,6.82620820454696
2011-07-20,6.82501561086623
2011-07-21,6.78336342758463
2011-07-22,6.7758116785354
2011-07-23,6.76667270467929
2011-07-24,6.7764428591795
2011-07-25,6.77034736974597
2011-07-26,6.76551754268747
2011-07-27,6.83319257514651
2011-07-28,6.83915026492669
2011-07-29,6.83149690067846
2011-07-30,6.83409908824234
2011-07-31,6.82328347249615
2011-08-01,6.84387502411325
2011-08-02,6.86386343850907
2011-08-03,6.8557006181776
2011-08-04,6.85570875795341
2011-08-05,6.84914760011293
2011-08-06,6.83499101388327
2011-08-07,6.83436462339268
2011-08-08,6.83856608142597
2011-08-09,6.83367467577049
2011-08-10,6.8387405777097
2011-08-11,6.85758425803121
2011-08-12,6.85362554987993
2011-08-13,6.85570840317068
2011-08-14,6.82854751742196
2011-08-15,6.83119796816679
2011-08-16,6.83793547151071
2011-08-17,6.82409615739471
2011-08-18,6.86835654956384
2011-08-19,6.87071395223265
2011-08-20,6.87502438631443
2011-08-21,6.87799303680105
2011-08-22,6.83710050151737
2011-08-23,6.65735617169555
2011-08-24,6.66182763616743
2011-08-25,6.73946766878088
2011-08-26,6.73798754444213
2011-08-27,6.73136946121273
2011-08-28,6.74368171255192
2011-08-29,6.77375595241766
2011-08-30,6.75194438937148
2011-08-31,6.79037207372126
2011-09-01,6.88668445306211
2011-09-02,6.93540645013376
2011-09-03,7.00570033798246
2011-09-04,6.99061674437763
2011-09-05,6.99913955633867
2011-09-06,6.99766120034876
2011-09-07,7.00236875175125
2011-09-08,7.01961395208105
2011-09-09,7.0199043142411
2011-09-10,7.01901074303625
2011-09-11,7.00078740700634
2011-09-12,6.98683694990162
2011-09-13,7.00302139595316
2011-09-14,7.005456256166
2011-09-15,6.99011780050183
2011-09-16,6.98913098340719
2011-09-17,6.99003627063488
2011-09-18,6.99378313470271
2011-09-19,6.99717633542343
2011-09-20,7.03504393555822
2011-09-21,7.06305570807237
2011-09-22,7.06315024423337
2011-09-23,7.05796496296102
2011-09-24,7.06371628038559
2011-09-25,7.10629255442188
2011-09-26,7.11660791665484
2011-09-27,7.15811908189463
2011-09-28,7.18478590031717
2011-09-29,7.19110013329374
2011-09-30,7.19608076307287
2011-10-01,7.24058210681183
2011-10-02,7.24602739280829
2011-10-03,7.27777433169081
2011-10-04,7.28346004454111
2011-10-05,7.30413338112189
2011-10-06,7.31669636701725
2011-10-07,7.32440258092592
2011-10-08,7.33278886914051
2011-10-09,7.34629176481573
2011-10-10,7.33256028670678
2011-10-11,7.20172464536979
2011-10-12,7.18127700785987
2011-10-13,7.22689495390572
2011-10-14,7.22574224821474
2011-10-15,7.18171368394526
2011-10-16,7.18351311192414
2011-10-17,7.18643175764954
2011-10-18,7.17411176235915
2011-10-19,7.15335189840826
2011-10-20,7.16119960696597
2011-10-21,7.18008395217233
2011-10-22,7.1217186824205
2011-10-23,7.08182756868394
2011-10-24,7.03193737063749
2011-10-25,6.99776553390068
2011-10-26,6.97730701435984
2011-10-27,6.95691768014612
2011-10-28,6.86578211932271
2011-10-29,6.81218154987665
2011-10-30,6.61677436365288
2011-10-31,6.58685349078343
2011-11-01,6.55861368437848
2011-11-02,6.488264002548
2011-11-03,6.39546148869433
2011-11-04,6.31960229226388
2011-11-05,6.19925257135438
2011-11-06,6.08229660950185
2011-11-07,6.08058835692193
2011-11-08,6.019201488027
2011-11-09,5.85060598164515
2011-11-10,5.89941291512053
2011-11-11,5.88101544813619
2011-11-12,5.83139507667438
2011-11-13,5.78788915158422
2011-11-14,5.72531305628563
2011-11-15,5.62135268489302
2011-11-16,5.68229008017145
2011-11-17,5.74738377161854
2011-11-18,5.73682185140598
2011-11-19,5.76007820900178
2011-11-20,5.80003536850796
2011-11-21,5.80327978418994
2011-11-22,5.79412579122381
2011-11-23,5.75234644506398
2011-11-24,5.77413460056739
2011-11-25,5.72191249067859
2011-11-26,5.61859365734813
2011-11-27,5.56077292444111
2011-11-28,5.59261043912054
2011-11-29,5.67365118854762
2011-11-30,5.687351514865
2011-12-01,5.6369153434836
2011-12-02,5.73775276874254
2011-12-03,5.79028001402815
2011-12-04,5.88687980976425
2011-12-05,5.85965024170789
2011-12-06,5.90981081878643
2011-12-07,5.95396117846586
2011-12-08,5.95335077020593
2011-12-09,5.97923229953804
2011-12-10,5.9434773778488
2011-12-11,5.88405183811718
2011-12-12,5.83683985319673
2011-12-13,5.82314105385943
2011-12-14,5.78877217182215
2011-12-15,5.79272571377729
2011-12-16,5.76328030400628
2011-12-17,5.82691777337005
2011-12-18,5.72609766970383
2011-12-19,5.74344671666147
2011-12-20,5.7151004277008
2011-12-21,5.58997825246228
2011-12-22,5.65266481472896
2011-12-23,5.63674110399613
2011-12-24,5.55008034975298
2011-12-25,5.58717225374801
2011-12-26,5.81605853439263
2011-12-27,5.87485619781681
2011-12-28,5.90017923447821
2011-12-29,5.89516583609057
2011-12-30,5.87595093461121
2011-12-31,5.88183720089263
2012-01-01,5.89531106245823
2012-01-02,5.85290214209081
2012-01-03,5.71215441089937
2012-01-04,5.66811045880267
2012-01-05,5.70409898508427
2012-01-06,5.78445821363949
2012-01-07,5.7979386447417
2012-01-08,5.84734494796831
2012-01-09,5.8019078427204
2012-01-10,5.70545993448435
2012-01-11,5.60770720609495
2012-01-12,5.4568160533905
2012-01-13,5.30702668988298
2012-01-14,5.33322031567502
2012-01-15,5.22135207393033
2012-01-16,5.19276643832238
2012-01-17,5.08741623032189
2012-01-18,5.29442687201918
2012-01-19,5.13209538520137
2012-01-20,5.12657284071666
2012-01-21,5.0732075468683
2012-01-22,5.06655123775546
2012-01-23,5.01292169260291
2012-01-24,4.91640566478141
2012-01-25,4.85549931752565
2012-01-26,4.82057947429462
2012-01-27,4.71296976934585
2012-01-28,4.69859017218667
2012-01-29,4.68911868648569
2012-01-30,4.66280275269138
2012-01-31,4.78479869065466
2012-02-01,4.89466166179509
2012-02-02,4.93916836569473
2012-02-03,4.98262623556299
2012-02-04,5.01789171566208
2012-02-05,5.08566245292379
2012-02-06,5.10628272710713
2012-02-07,5.16120107090129
2012-02-08,5.17327767114988
2012-02-09,5.17182248485685
2012-02-10,5.15756717445946
2012-02-11,5.17544782173025
2012-02-12,5.20328934694521
2012-02-13,5.21651025903885
2012-02-14,5.1930924384677
2012-02-15,5.17901785108442
2012-02-16,5.15991669460352
2012-02-17,5.1468578222201
2012-02-18,5.12111807070343
2012-02-19,5.10021779195558
2012-02-20,5.09286349280285
2012-02-21,5.09110266086891
2012-02-22,5.09162146530536
2012-02-23,5.10764764322542
2012-02-24,5.10212370427247
2012-02-25,5.06843252195532
2012-02-26,5.05363784356551
2012-02-27,5.01124828091567
2012-02-28,4.96658224247959
2012-02-29,4.9359068404483
2012-03-01,4.91469234678116
2012-03-02,4.88143459668078
2012-03-03,4.85450185575914
2012-03-04,4.86067137835192
2012-03-05,4.86002066000453
2012-03-06,4.859319190601
2012-03-07,4.87616807014966
2012-03-08,4.82020301041537
2012-03-09,4.75776316357878
2012-03-10,4.67273144542882
2012-03-11,4.67657123256235
2012-03-12,4.67083341747112
2012-03-13,4.67916270017078
2012-03-14,4.68352843811648
2012-03-15,4.69537141766908
2012-03-16,4.73288631309906
2012-03-17,4.74013285947427
2012-03-18,4.75579363407212
2012-03-19,4.79222543992076
2012-03-20,4.833380690006
2012-03-21,4.82190217618
2012-03-22,4.83300482024082
2012-03-23,4.82100290204617
2012-03-24,4.86562519415948
2012-03-25,4.95890792427066
2012-03-26,4.97463464356299
2012-03-27,4.96235725730438
2012-03-28,4.99187456881374
2012-03-29,4.99711918912656
2012-03-30,4.9990380120366
2012-03-31,5.00567923481909
2012-04-01,4.96170141286569
2012-04-02,4.9622322134896
2012-04-03,4.98454800064289
2012-04-04,5.00213769404033
2012-04-05,5.02217257367332
2012-04-06,5.04824874664136
2012-04-07,5.07163953950916
2012-04-08,5.05219915532647
2012-04-09,5.06621602093803
2012-04-10,5.08860913469563
2012-04-11,5.09222142142662
2012-04-12,5.08399161839562
2012-04-13,5.09448070747789
2012-04-14,5.1307825232189
2012-04-15,5.15498930522578
2012-04-16,5.20138358757888
2012-04-17,5.22261477119432
2012-04-18,5.28642876890851
2012-04-19,5.27848829178683
2012-04-20,5.29266180829727
2012-04-21,5.32496941101327
2012-04-22,5.29490798476707
2012-04-23,5.30259395734071
2012-04-24,5.31636436982222
2012-04-25,5.31306046976885
2012-04-26,5.3560550122078
2012-04-27,5.43159324987186
2012-04-28,5.47841911353092
2012-04-29,5.47691169567678
2012-04-30,5.37873344809465
2012-05-01,5.53970057413667
2012-05-02,5.61321792741532
2012-05-03,5.65421021168994
2012-05-04,5.85239652603794
2012-05-05,5.96344207233743
2012-05-06,6.09993570361706
2012-05-07,6.21437258088234
2012-05-08,6.28902695332303
2012-05-09,6.34047744849248
2012-05-10,6.36987159840156
2012-05-11,6.40414948204661
2012-05-12,6.51071127351314
2012-05-13,6.60352823047028
2012-05-14,6.61440049247167
2012-05-15,6.64171460062081
2012-05-16,6.67219158774812
2012-05-17,6.77319492676293
2012-05-18,6.89644379662795
2012-05-19,6.8892430857647
2012-05-20,6.88447073337224
2012-05-21,6.91641579093031
2012-05-22,6.92874547960188
2012-05-23,6.96374596623004
2012-05-24,6.96036639897093
2012-05-25,6.984269865298
2012-05-26,7.02685973702657
2012-05-27,7.02905324203895
2012-05-28,7.02502547357824
2012-05-29,6.99958933666935
2012-05-30,6.96157092751495
2012-05-31,6.9336066122857
2012-06-01,6.9097767297235
2012-06-02,6.93753331511097
2012-06-03,6.91679982711251
2012-06-04,6.90764047083104
2012-06-05,6.89782650651594
2012-06-06,6.87571158091755
2012-06-07,6.85275692982984
2012-06-08,6.84079113503455
2012-06-09,6.81992684629379
2012-06-10,6.80294652283088
2012-06-11,6.80289601208193
2012-06-12,6.78517979241553
2012-06-13,6.78762311268407
2012-06-14,6.78516627981252
2012-06-15,6.78481921453859
2012-06-16,6.77848441522019
2012-06-17,6.78096242646589
2012-06-18,6.77935530119472
2012-06-19,6.7869807678775
2012-06-20,6.79899658873379
2012-06-21,6.79978693489213
2012-06-22,6.80414184697478
2012-06-23,6.79869992355625
2012-06-24,6.76859798888934
2012-06-25,6.77178989840618
2012-06-26,6.77676975872113
2012-06-27,6.76613990751825
2012-06-28,6.77358165463016
2012-06-29,6.75372498996836
2012-06-30,6.75981317782969
2012-07-01,6.75877063342296
2012-07-02,6.75309395970395
2012-07-03,6.75193608203918
2012-07-04,6.77482095129354
2012-07-05,6.76181466452726
2012-07-06,6.74863314643414
2012-07-07,6.74939037367056
2012-07-08,6.77078956478668
2012-07-09,6.78765130597033
2012-07-10,6.81975356135805
2012-07-11,6.82992859385299
2012-07-12,6.84585486623794
2012-07-13,6.84137106365263
2012-07-14,6.85207946056585
2012-07-15,6.83495967173142
2012-07-16,6.83225297023884
2012-07-17,6.82717489142472
2012-07-18,6.82457617676819
2012-07-19,6.82434643459208
2012-07-20,6.81907597126897
2012-07-21,6.80198913210633
2012-07-22,6.7924696724376
2012-07-23,6.80706283299411
2012-07-24,6.80229966485118
2012-07-25,6.81189034521945
2012-07-26,6.81082280984849
2012-07-27,6.81415168561413
2012-07-28,6.80806998294436
2012-07-29,6.81015982654464
2012-07-30,6.80956064069682
2012-07-31,6.83639641750419
2012-08-01,6.84434518388626
2012-08-02,6.84070207715043
2012-08-03,6.84377628449471
2012-08-04,6.85043385577154
2012-08-05,6.84937202105048
2012-08-06,6.85287021589322
2012-08-07,6.85730180778349
2012-08-08,6.8784207104468
2012-08-09,6.89589634169607
2012-08-10,6.89397728949833
2012-08-11,6.90272470832395
2012-08-12,6.90203244232547
2012-08-13,6.89971861103327
2012-08-14,6.90970464040297
2012-08-15,6.88955960647129
2012-08-16,6.89211311439847
2012-08-17,6.88207532785404
2012-08-18,6.89085350873514
2012-08-19,6.88972630547504
2012-08-20,6.88252449229454
2012-08-21,6.87283291133639
2012-08-22,6.88469216912562
2012-08-23,6.89453983313456
2012-08-24,6.89000461791756
2012-08-25,6.88846218319235
2012-08-26,6.89492137189987
2012-08-27,6.88369455843087
2012-08-28,6.87302176966314
2012-08-29,6.86374360634415
2012-08-30,6.86706261682428
2012-08-31,6.86967206698892
2012-09-01,6.87141607501216
2012-09-02,6.88463184148016
2012-09-03,6.88266458278269
2012-09-04,6.90208641445063
2012-09-05,6.91258365726064
2012-09-06,6.89707272185475
2012-09-07,6.89505674486876
2012-09-08,6.89650487582716
2012-09-09,6.88874921455499
2012-09-10,6.89064878624646
2012-09-11,6.89498894444913
2012-09-12,6.89261805950152
2012-09-13,6.8538635327418
2012-09-14,6.84093701143724
2012-09-15,6.84413191478114
2012-09-16,6.85990768780602
2012-09-17,6.85599950137114
2012-09-18,6.8576038925578
2012-09-19,6.85860401892211
2012-09-20,6.85356494302799
2012-09-21,6.84965625959912
2012-09-22,6.86053468518255
2012-09-23,6.87301473829833
2012-09-24,6.87602569854748
2012-09-25,6.88275077856104
2012-09-26,6.90472134599899
2012-09-27,6.93074785531775
2012-09-28,6.93942322262637
2012-09-29,6.9889816802689
2012-09-30,7.01890490343869
2012-10-01,7.07400450286386
2012-10-02,7.10375483234029
2012-10-03,7.16367129451958
2012-10-04,7.18860978693241
2012-10-05,7.22883247766191
2012-10-06,7.27198961361693
2012-10-07,7.28243850188358
2012-10-08,7.29536696551694
2012-10-09,7.33002588980496
2012-10-10,7.31182507926793
2012-10-11,7.25078178888278
2012-10-12,7.23189496250876
2012-10-13,7.11582660953991
2012-10-14,6.94407547602141
2012-10-15,6.74612235281697
2012-10-16,6.7739675493333
2012-10-17,6.74357500398134
2012-10-18,6.69706055432713
2012-10-19,6.72482682663888
2012-10-20,6.67728737127635
2012-10-21,6.65016307872982
2012-10-22,6.3996595689143
2012-10-23,6.30616111434643
2012-10-24,6.24598467347015
2012-10-25,6.21499719760789
2012-10-26,6.19221006572319
2012-10-27,6.19918368762417
2012-10-28,6.14920035306682
2012-10-29,6.06970638304614
2012-10-30,5.96384289541554
2012-10-31,5.88077096854437
2012-11-01,5.75503335278018
2012-11-02,5.696141463401
2012-11-03,5.5629243121932
2012-11-04,5.47720649358531
2012-11-05,5.53110985232076
2012-11-06,5.50458885951091
2012-11-07,5.44537346427172
2012-11-08,5.46288327234527
2012-11-09,5.3295778090033
2012-11-10,5.3787019781916
2012-11-11,5.36362039422194
2012-11-12,5.33246849830943
2012-11-13,5.34943923638202
2012-11-14,5.24271416240747
2012-11-15,5.27629861822917
2012-11-16,5.30782035640963
2012-11-17,5.3726616529669
2012-11-18,5.44614607511681
2012-11-19,5.71150863967452
2012-11-20,5.74934781671291
2012-11-21,5.76817556984763
2012-11-22,5.8329846773799
2012-11-23,5.85167866983655
2012-11-24,5.9072573332349
2012-11-25,5.63576722063986
2012-11-26,5.38077404597192
2012-11-27,5.37961051502813
2012-11-28,5.35661382585401
2012-11-29,5.42870991055373
2012-11-30,5.35633573308587
2012-12-01,5.33701343137231
2012-12-02,5.48829306652082
2012-12-03,5.40179884810991
2012-12-04,5.3686751479076
2012-12-05,5.33823462614888
2012-12-06,5.24107744137311
2012-12-07,5.26336989156131
2012-12-08,5.30932462948426
2012-12-09,5.258756005065
2012-12-10,5.26780355256488
2012-12-11,5.2596292267611
2012-12-12,5.29193708350336
2012-12-13,5.17938893571977
2012-12-14,5.20911432436811
2012-12-15,5.24515432811993
2012-12-16,5.30954922329296
2012-12-17,5.16487585135869
2012-12-18,5.14894354145099
2012-12-19,5.22306687866576
2012-12-20,5.25318023005152
2012-12-21,5.27996149509465
2012-12-22,5.25119611448967
2012-12-23,5.17542227491548
2012-12-24,5.039464030947
2012-12-25,5.59868347025063
2012-12-26,6.09028410252105
2012-12-27,6.0749824564319
2012-12-28,6.12250266667597
2012-12-29,6.09785496396944
2012-12-30,5.9759476352621
2012-12-31,6.01538816179548
2013-01-01,5.95778541442085
2013-01-02,5.93807533732578
2013-01-03,5.86279660282713
2013-01-04,5.80789488668456
2013-01-05,5.7568612553983
2013-01-06,5.73619903978847
2013-01-07,5.61051514557715
2013-01-08,5.46713081915472
2013-01-09,5.38993751650859
2013-01-10,5.35257126161685
2013-01-11,5.17205360683615
2013-01-12,5.06967670526516
2013-01-13,4.65255126132264
2013-01-14,4.66363709762003
2013-01-15,4.69311628731792
2013-01-16,4.61002585460608
2013-01-17,4.75113623900707
2013-01-18,4.74260817212145
2013-01-19,4.745878722748
2013-01-20,4.77401505081
2013-01-21,4.72800143961263
2013-01-22,4.70227470014661
2013-01-23,4.74547371545737
2013-01-24,4.74391380805004
2013-01-25,4.72716065755261
2013-01-26,4.7730113078094
2013-01-27,4.76913682307035
2013-01-28,4.87943379462266
2013-01-29,4.88844194108195
2013-01-30,4.9328674038785
2013-01-31,4.92073291226437
2013-02-01,4.95955388537046
2013-02-02,5.21901657147676
2013-02-03,5.2159238139981
2013-02-04,5.19764582505782
2013-02-05,5.20477827770192
2013-02-06,5.23481234832667
2013-02-07,5.24406064658896
2013-02-08,5.24784124672038
2013-02-09,5.2513122049957
2013-02-10,5.25688077912228
2013-02-11,5.32278543079155
2013-02-12,5.40422775880953
2013-02-13,5.38330246771026
2013-02-14,5.37237194116361
2013-02-15,5.28168447700525
2013-02-16,5.29055112182796
2013-02-17,5.32408577320544
2013-02-18,5.27869667938511
2013-02-19,5.23942067633902
2013-02-20,5.25031998229556
2013-02-21,5.25594063638596
2013-02-22,5.25654724599433
2013-02-23,5.31174935464113
2013-02-24,5.32354599968299
2013-02-25,5.34854342345148
2013-02-26,5.34326394383848
2013-02-27,5.28748827779257
2013-02-28,5.23386059894977
2013-03-01,5.26954391167646
2013-03-02,5.29701731754063
2013-03-03,5.32194394638721
2013-03-04,5.27442352050372
2013-03-05,5.26134534808109
2013-03-06,5.22287380282617
2013-03-07,5.21803560620972
2013-03-08,5.22276191894634
2013-03-09,5.16034625541596
2013-03-10,5.14350193425036
2013-03-11,5.10960166140462
2013-03-12,5.12767983683501
2013-03-13,5.17320037135812
2013-03-14,5.24065143971997
2013-03-15,5.2354353052716
2013-03-16,5.25082285726895
2013-03-17,5.28207649265381
2013-03-18,5.29322400526567
2013-03-19,5.28053135173134
2013-03-20,5.27180753615001
2013-03-21,5.27197224787277
2013-03-22,5.27182293606229
2013-03-23,5.25549886304573
2013-03-24,5.27291307599914
2013-03-25,5.32424515936042
2013-03-26,5.3554664653122
2013-03-27,5.3620213773127
2013-03-28,5.35629629472976
2013-03-29,5.34093933063102
2013-03-30,5.31516852448835
2013-03-31,5.30137710562838
2013-04-01,5.58528069288214
2013-04-02,5.5864612691232
2013-04-03,5.57900310120356
2013-04-04,5.58195006166978
2013-04-05,5.58854438174999
2013-04-06,5.59816187479406
2013-04-07,5.61198412587975
2013-04-08,5.61783656542982
2013-04-09,5.62556634136275
2013-04-10,5.65788775559724
2013-04-11,5.698229382478
2013-04-12,5.73717220303875
2013-04-13,5.73224530673215
2013-04-14,5.72593192993853
2013-04-15,5.74567629280992
2013-04-16,5.74913151550893
2013-04-17,5.76339204524254
2013-04-18,5.76683239270199
2013-04-19,5.7571354955778
2013-04-20,5.76288744339369
2013-04-21,5.75850742287336
2013-04-22,5.7699588048484
2013-04-23,5.78767379406968
2013-04-24,5.78536168032059
2013-04-25,5.79432653355957
2013-04-26,5.80151679777857
2013-04-27,5.80214860205805
2013-04-28,5.80264347496007
2013-04-29,5.81822639160174
2013-04-30,5.87901121283076
2013-05-01,5.85569851145271
2013-05-02,5.87692944545746
2013-05-03,5.93851101668111
2013-05-04,6.04756783289332
2013-05-05,6.10934580861169
2013-05-06,6.07753189040302
2013-05-07,6.11305023137657
2013-05-08,6.26530047116259
2013-05-09,6.55993901203696
2013-05-10,6.66881718702881
2013-05-11,6.75131777855507
2013-05-12,6.8077198292751
2013-05-13,6.85940465120145
2013-05-14,6.88501652679749
2013-05-15,6.88687093815477
2013-05-16,6.92285482401041
2013-05-17,6.91481753409439
2013-05-18,6.92844963600264
2013-05-19,6.95064686607188
2013-05-20,6.97642348823191
2013-05-21,6.96225461889906
2013-05-22,6.97386657286442
2013-05-23,6.96908878602234
2013-05-24,6.95952094757628
2013-05-25,6.90985490770451
2013-05-26,6.92815446416704
2013-05-27,6.92275990887003
2013-05-28,6.9355638590707
2013-05-29,6.94457973106427
2013-05-30,6.98558612869699
2013-05-31,7.02568213427373
2013-06-01,7.10942379940532
2013-06-02,7.10444261984697
2013-06-03,7.13330445361796
2013-06-04,7.15299012259905
2013-06-05,7.15341013099529
2013-06-06,7.15656148080849
2013-06-07,7.15223953302553
2013-06-08,7.15546091952754
2013-06-09,7.15604281454305
2013-06-10,7.17545181521356
2013-06-11,7.17402153615703
2013-06-12,7.16983440309544
2013-06-13,7.17328756526178
2013-06-14,7.16670783202353
2013-06-15,7.18285976661629
2013-06-16,7.183615349841
2013-06-17,7.18554038807511
2013-06-18,7.19608071648884
2013-06-19,7.21588414347775
2013-06-20,7.2246614857599
2013-06-21,7.2332675155303
2013-06-22,7.24662791251517
2013-06-23,7.25754318782939
2013-06-24,7.25898199289347
2013-06-25,7.25835924096415
2013-06-26,7.25628621256782
2013-06-27,7.25034615159924
2013-06-28,7.26792397052517
2013-06-29,7.26617372323402
2013-06-30,7.26526135353172
2013-07-01,7.2688059882934
2013-07-02,7.25731053093127
2013-07-03,7.24738753726414
2013-07-04,7.23162625889589
2013-07-05,7.2091839285895
2013-07-06,7.20210077009336
2013-07-07,7.19946902830294
2013-07-08,7.18806437680189
2013-07-09,7.17602387560779
2013-07-10,7.16424122806114
2013-07-11,7.15384481945044
2013-07-12,7.15544104146692
2013-07-13,7.14687116192153
2013-07-14,7.12494639477971
2013-07-15,7.12126523592754
2013-07-16,7.11780353694853
2013-07-17,7.11499093563341
2013-07-18,7.11956565644433
2013-07-19,7.12592072252486
2013-07-20,7.13731911570647
2013-07-21,7.13217013054671
2013-07-22,7.13300274798962
2013-07-23,7.13721002149809
2013-07-24,7.12716740050914
2013-07-25,7.12844991120482
2013-07-26,7.13422834290019
2013-07-27,7.14259008626234
2013-07-28,7.15450855186718
2013-07-29,7.15817944329955
2013-07-30,7.13268688944265
2013-07-31,7.10645251915348
2013-08-01,7.16192451190895
2013-08-02,7.1833603384755
2013-08-03,7.18161273769159
2013-08-04,7.18879928531005
2013-08-05,7.1737862076614
2013-08-06,7.16789210636711
2013-08-07,7.21478230942098
2013-08-08,7.21693471587336
2013-08-09,7.22331134642547
2013-08-10,7.23367701269032
2013-08-11,7.23524529488747
2013-08-12,7.23492044685389
2013-08-13,7.22795040438092
2013-08-14,7.23088608913028
2013-08-15,7.22946425021578
2013-08-16,7.22816698603003
2013-08-17,7.22876686380756
2013-08-18,7.22211026804898
2013-08-19,7.2351671023392
2013-08-20,7.23636179956719
2013-08-21,7.2502000499285
2013-08-22,7.24657458418619
2013-08-23,7.21596063848518
2013-08-24,7.20299787800354
2013-08-25,7.20364284173748
2013-08-26,7.18792131419198
2013-08-27,7.19420636435131
2013-08-28,7.19997673265687
2013-08-29,7.19714794350722
2013-08-30,7.20163163314937
2013-08-31,7.18545110688696
2013-09-01,7.19375331791843
2013-09-02,7.19933493003788
2013-09-03,7.19823029550309
2013-09-04,7.19911381993872
2013-09-05,7.18589754209788
2013-09-06,7.1759774324197
2013-09-07,7.16686925231352
2013-09-08,7.11780256849063
2013-09-09,7.1284509285156
2013-09-10,7.10281920990572
2013-09-11,7.05754784724501
2013-09-12,7.02544771765281
2013-09-13,NA
2013-09-14,NA
2013-09-15,NA
2013-09-16,NA
2013-09-17,NA
2013-09-18,NA
2013-09-19,NA
2013-09-20,NA
2013-09-21,NA
2013-09-22,NA
2013-09-23,NA
2013-09-24,NA
2013-09-25,NA
2013-09-26,NA
2013-09-27,NA
2013-09-28,NA
2013-09-29,NA
2013-09-30,NA
2013-10-01,NA
2013-10-02,NA
2013-10-03,NA
2013-10-04,NA
2013-10-05,NA
2013-10-06,NA
2013-10-07,NA
2013-10-08,NA
2013-10-09,NA
2013-10-10,NA
2013-10-11,NA
2013-10-12,NA
2013-10-13,NA
2013-10-14,NA
2013-10-15,NA
2013-10-16,NA
2013-10-17,NA
2013-10-18,NA
2013-10-19,NA
2013-10-20,NA
2013-10-21,NA
2013-10-22,NA
2013-10-23,NA
2013-10-24,NA
2013-10-25,NA
2013-10-26,NA
2013-10-27,NA
2013-10-28,NA
2013-10-29,NA
2013-10-30,NA
2013-10-31,NA
2013-11-01,NA
2013-11-02,NA
2013-11-03,NA
2013-11-04,NA
2013-11-05,NA
2013-11-06,NA
2013-11-07,NA
2013-11-08,NA
2013-11-09,NA
2013-11-10,NA
2013-11-11,NA
2013-11-12,NA
2013-11-13,NA
2013-11-14,NA
2013-11-15,NA
2013-11-16,NA
2013-11-17,NA
2013-11-18,NA
2013-11-19,NA
2013-11-20,NA
2013-11-21,NA
2013-11-22,NA
2013-11-23,NA
2013-11-24,NA
2013-11-25,NA
2013-11-26,NA
2013-11-27,NA
2013-11-28,NA
2013-11-29,NA
2013-11-30,NA
2013-12-01,NA
2013-12-02,NA
2013-12-03,NA
2013-12-04,NA
2013-12-05,NA
2013-12-06,NA
2013-12-07,NA
2013-12-08,NA
2013-12-09,NA
2013-12-10,NA
2013-12-11,NA
2013-12-12,NA
2013-12-13,NA
2013-12-14,NA
2013-12-15,NA
2013-12-16,NA
2013-12-17,NA
2013-12-18,NA
2013-12-19,NA
2013-12-20,NA
2013-12-21,NA
2013-12-22,NA
2013-12-23,NA
2013-12-24,NA
2013-12-25,NA
2013-12-26,NA
2013-12-27,NA
2013-12-28,NA
2013-12-29,NA
2013-12-30,NA
2013-12-31,NA
2014-01-01,5.12442957088351
2014-01-02,4.96429996230386
2014-01-03,5.07224207939488
2014-01-04,5.47415928879883
2014-01-05,5.5516733471994
2014-01-06,5.46802031492987
2014-01-07,5.62288803040512
2014-01-08,5.61314997911453
2014-01-09,5.53877962015869
2014-01-10,5.42073368403449
2014-01-11,5.33386658078261
2014-01-12,5.09826910495758
2014-01-13,5.01719473045824
2014-01-14,5.07367231089427
2014-01-15,4.95955234709547
2014-01-16,4.91637028445765
2014-01-17,4.88339815310929
2014-01-18,4.67469113956282
2014-01-19,4.62991915753613
2014-01-20,4.63275173744269
2014-01-21,4.62105173966435
2014-01-22,4.62507969699478
2014-01-23,4.60992860526834
2014-01-24,4.61014827844883
2014-01-25,4.66733075726417
2014-01-26,4.64890401219213
2014-01-27,4.62577919845403
2014-01-28,4.64387165133744
2014-01-29,4.70055410546982
2014-01-30,4.83239830080431
2014-01-31,4.93782531519187
2014-02-01,4.98966841152691
2014-02-02,4.97595688468854
2014-02-03,4.99483364141788
2014-02-04,4.95254770519586
2014-02-05,4.94169824204388
2014-02-06,4.92302819941583
2014-02-07,4.88555869058877
2014-02-08,4.86178856768084
2014-02-09,4.87119435040401
2014-02-10,4.8409249717568
2014-02-11,4.85575525891644
2014-02-12,4.83585243072272
2014-02-13,4.87055963090913
2014-02-14,4.87974797714045
2014-02-15,4.90449599924433
2014-02-16,4.88499877184897
2014-02-17,4.83188137896839
2014-02-18,4.77548320107716
2014-02-19,4.66654877766842
2014-02-20,4.68336912954731
2014-02-21,4.69037702159612
2014-02-22,4.6755192151551
2014-02-23,4.66839982704735
2014-02-24,4.66516750425686
2014-02-25,4.65048761353217
2014-02-26,4.65085667083596
2014-02-27,4.65818830589785
2014-02-28,4.66421895237372
2014-03-01,4.64147366293614
2014-03-02,4.61422573147802
2014-03-03,4.5789820487606
2014-03-04,4.54981473520234
2014-03-05,4.54823879754737
2014-03-06,4.55172359221645
2014-03-07,4.57009744488059
2014-03-08,4.68421909390576
2014-03-09,4.64880220144973
2014-03-10,4.68643609910304
2014-03-11,4.64459007952948
2014-03-12,4.65516766384813
2014-03-13,4.61342267977157
2014-03-14,4.62758490265133
2014-03-15,4.60881146801407
2014-03-16,4.7327652846136
2014-03-17,4.77438770882153
2014-03-18,5.00324958003518
2014-03-19,4.95360962786591
2014-03-20,4.96184225689797
2014-03-21,5.0037913244788
2014-03-22,4.99404463463633
2014-03-23,4.99888873943694
2014-03-24,5.00576943676255
2014-03-25,5.07282419048741
2014-03-26,4.91147314991453
2014-03-27,4.95672240636994
2014-03-28,4.98577965765653
2014-03-29,4.99941117786617
2014-03-30,5.00300208334843
2014-03-31,5.02007732002315
2014-04-01,5.03310870692733
2014-04-02,5.05022507253379
2014-04-03,5.05235952202794
2014-04-04,5.05800632138247
2014-04-05,5.06771034228165
2014-04-06,5.09955007298396
2014-04-07,5.13057895955752
2014-04-08,5.16517821787717
2014-04-09,5.18581441683938
2014-04-10,5.20634374481887
2014-04-11,5.26142692203677
2014-04-12,5.32526602681255
2014-04-13,5.41278890581542
2014-04-14,5.46325995203487
2014-04-15,5.51003898923813
2014-04-16,5.62366867828867
2014-04-17,5.62461704580791
2014-04-18,5.67274520207041
2014-04-19,5.66440429951038
2014-04-20,5.7000954744889
2014-04-21,5.76990272194114
2014-04-22,5.79308600252815
2014-04-23,5.74005889832874
2014-04-24,5.74352538047764
2014-04-25,5.7595818248495
2014-04-26,5.71402366349377
2014-04-27,5.79701725427095
2014-04-28,5.89707574109238
2014-04-29,5.92303503637701
2014-04-30,5.98813680607479
2014-05-01,6.01480473435132
2014-05-02,6.04048668757463
2014-05-03,6.05981079334094
2014-05-04,6.1160092388713
2014-05-05,6.15324695835706
2014-05-06,6.240213867661
2014-05-07,6.32884997640143
2014-05-08,6.42463444702974
2014-05-09,6.53672874513819
2014-05-10,6.62767628589008
2014-05-11,6.72715787604667
2014-05-12,6.83454310334424
2014-05-13,6.85179154491452
2014-05-14,6.88735268350673
2014-05-15,6.96090636262839
2014-05-16,7.00361943356939
2014-05-17,7.035475857069
2014-05-18,7.06408710138297
2014-05-19,7.07789883218742
2014-05-20,7.11893772429162
2014-05-21,7.14295157100817
2014-05-22,7.17112397142556
2014-05-23,7.18159385935172
2014-05-24,7.16760666238924
2014-05-25,7.18074047592109
2014-05-26,7.18844793122985
2014-05-27,7.19954422126619
2014-05-28,7.21381023948673
2014-05-29,7.22609537771781
2014-05-30,7.23234066840829
2014-05-31,7.21451687221685
2014-06-01,7.24531992568384
2014-06-02,7.26088195391008
2014-06-03,7.26316228234037
2014-06-04,7.25184207113344
2014-06-05,7.23993481780614
2014-06-06,7.19990159634701
2014-06-07,7.18080999837545
2014-06-08,7.18422743224834
2014-06-09,7.12968245404545
2014-06-10,7.13644835397934
2014-06-11,7.15593197431524
2014-06-12,7.15812703953937
2014-06-13,7.15070009902613
2014-06-14,7.1480573863603
2014-06-15,7.12915937938387
2014-06-16,7.12160355090437
2014-06-17,7.10693811725303
2014-06-18,7.09145739942357
2014-06-19,7.08951420288112
2014-06-20,7.08135455091003
2014-06-21,7.07458096547286
2014-06-22,7.0658495644504
2014-06-23,7.05002695471418
2014-06-24,7.0382416795614
2014-06-25,7.02208035574055
2014-06-26,7.01566813237829
2014-06-27,7.0180851533078
2014-06-28,7.02513219318515
2014-06-29,7.01213704839052
2014-06-30,7.00773452497487
2014-07-01,7.00338306439499
2014-07-02,6.98269954551057
2014-07-03,6.98706534019641
2014-07-04,6.99845363374011
2014-07-05,6.98708640788541
2014-07-06,6.9814937603674
2014-07-07,6.97505227074399
2014-07-08,6.97903015425028
2014-07-09,6.98601154580773
2014-07-10,6.97700517985129
2014-07-11,6.97933933518
2014-07-12,6.97521422082285
2014-07-13,6.96885795599515
2014-07-14,6.96569117962919
2014-07-15,6.98824287467584
2014-07-16,6.97713755106544
2014-07-17,6.95529081946227
2014-07-18,6.95578957104473
2014-07-19,6.95214470193868
2014-07-20,6.96315566641089
2014-07-21,6.94225457608721
2014-07-22,6.98666687355403
2014-07-23,6.97897316718526
2014-07-24,6.96906373365945
2014-07-25,6.96330059672201
2014-07-26,6.98563756723225
2014-07-27,6.96483694272597
2014-07-28,6.94509590031336
2014-07-29,6.94532881796705
2014-07-30,6.94572068535638
2014-07-31,6.93334519457901
2014-08-01,6.92784921005995
2014-08-02,6.93372769238061
2014-08-03,6.92982259617961
2014-08-04,6.93054227404306
2014-08-05,6.93568627263921
2014-08-06,6.93565475785589
2014-08-07,6.94180174774827
2014-08-08,6.98090262381122
2014-08-09,6.99431923908104
2014-08-10,7.00011315517822
2014-08-11,6.94196290561763
2014-08-12,6.96018424679797
2014-08-13,6.98347680862408
2014-08-14,6.98358716030728
2014-08-15,6.99060031842722
2014-08-16,7.00294840502485
2014-08-17,6.99851419879754
2014-08-18,6.99965961813438
2014-08-19,7.0089386885072
2014-08-20,7.02718333269937
2014-08-21,7.0282610721351
2014-08-22,7.02717789951221
2014-08-23,7.02022576435817
2014-08-24,7.02153229027545
2014-08-25,7.03409717814708
2014-08-26,7.03474637861704
2014-08-27,7.02665292033574
2014-08-28,7.02728198236661
2014-08-29,7.03397566596212
2014-08-30,7.01978870713629
2014-08-31,7.02458892054208
2014-09-01,6.84164059120964
2014-09-02,6.81703572814388
2014-09-03,6.74023135464526
2014-09-04,6.7342391473985
2014-09-05,6.7096795025426
2014-09-06,6.7375075315093
2014-09-07,6.74632773734076
2014-09-08,6.82461515024637
2014-09-09,6.82484067242849
2014-09-10,6.76609741909995
2014-09-11,6.8350345653473
2014-09-12,6.79173822816927
2014-09-13,6.79232671129518
2014-09-14,6.82704664864176
2014-09-15,6.83860088539881
2014-09-16,6.86285546834116
2014-09-17,6.89261287682875
2014-09-18,6.92445006866906
2014-09-19,6.9305606527027
2014-09-20,6.94059870822075
2014-09-21,6.90832802887276
2014-09-22,6.90421797124271
2014-09-23,6.90725406572504
2014-09-24,6.91218072609184
2014-09-25,6.9489465847788
2014-09-26,6.94325012508233
2014-09-27,6.97840089822948
2014-09-28,7.02315957202339
2014-09-29,7.06940125835024
2014-09-30,7.04633335108842
2014-10-01,7.06846395458587
2014-10-02,7.07839824622334
2014-10-03,7.08174107659887
2014-10-04,7.06438817278309
2014-10-05,7.09801325806764
2014-10-06,7.09333237257821
2014-10-07,6.71158957859572
2014-10-08,6.70555876803555
2014-10-09,6.7262212328162
2014-10-10,6.78975075130946
2014-10-11,6.80540011740199
2014-10-12,6.80716076021636
2014-10-13,6.79130351971846
2014-10-14,6.77532323964474
2014-10-15,6.69853404927426
2014-10-16,6.50287100538799
2014-10-17,6.29628448535965
2014-10-18,6.20105398400188
2014-10-19,6.21980309431407
2014-10-20,6.24618511725134
2014-10-21,6.19146059906602
2014-10-22,6.22646798105801
2014-10-23,6.19213738692531
2014-10-24,6.17235604451145
2014-10-25,6.03707468490268
2014-10-26,5.98536480400656
2014-10-27,5.92135890099151
2014-10-28,5.92153993951228
2014-10-29,5.92919277383612
2014-10-30,5.92708992222718
2014-10-31,5.94330473083266
2014-11-01,5.92285140340961
2014-11-02,5.88666064353457
2014-11-03,5.80877345308779
2014-11-04,5.85265715588147
2014-11-05,5.84877098055435
2014-11-06,5.85768102058766
2014-11-07,5.7978073476518
2014-11-08,5.81429178636244
2014-11-09,5.79720641663753
2014-11-10,5.74675665023217
2014-11-11,5.66351720183885
2014-11-12,5.62957063227038
2014-11-13,5.59395098520003
2014-11-14,5.45683220370842
2014-11-15,5.44641874068951
2014-11-16,5.3704338566571
2014-11-17,5.43485287299753
2014-11-18,5.44933829214696
2014-11-19,5.47931486663228
2014-11-20,5.42212479795315
2014-11-21,5.48905989104217
2014-11-22,5.61810778116071
2014-11-23,5.46471535541911
2014-11-24,5.65320720856112
2014-11-25,5.74849627989978
2014-11-26,6.22152776687549
2014-11-27,6.25946006202363
2014-11-28,6.13009508883005
2014-11-29,6.15569538247162
2014-11-30,6.02494410652391
2014-12-01,5.8853434282968
2014-12-02,5.85934636954623
2014-12-03,5.85787884970218
2014-12-04,5.83434836452988
2014-12-05,5.87888181013645
2014-12-06,5.86752981037805
2014-12-07,5.99203935821584
2014-12-08,6.12065004902286
2014-12-09,6.100222966815
2014-12-10,6.07238704090837
2014-12-11,5.9967490712863
2014-12-12,6.01569034153881
2014-12-13,6.19803450734043
2014-12-14,6.1239502335539
2014-12-15,6.02007234273134
2014-12-16,6.17186977699218
2014-12-17,6.25195171439444
2014-12-18,6.2818964322408
2014-12-19,6.27879725976585
2014-12-20,6.17536337359141
2014-12-21,6.22596912392129
2014-12-22,6.19179332971982
2014-12-23,6.21526577234268
2014-12-24,6.23948584714742
2014-12-25,6.19216532267057
2014-12-26,6.13317840317379
2014-12-27,6.10862299364005
2014-12-28,6.12103356513302
2014-12-29,6.07012095860073
2014-12-30,6.01091035097746
2014-12-31,6.06934715038761
2015-01-01,5.90776443366821
2015-01-02,5.81111182556152
2015-01-03,5.52678396807958
2015-01-04,5.58548733972813
2015-01-05,5.59836143657968
2015-01-06,5.55945240764295
2015-01-07,5.55854286157168
2015-01-08,5.55257881672011
2015-01-09,5.57282545701651
2015-01-10,5.57404210484481
2015-01-11,5.47398665449513
2015-01-12,5.44637361537205
2015-01-13,5.334317980684
2015-01-14,5.21457883138397
2015-01-15,5.21978317250262
2015-01-16,4.98691271135023
2015-01-17,4.92918132948701
2015-01-18,4.9074164663727
2015-01-19,4.72470436693656
2015-01-20,4.5475704385071
2015-01-21,4.44953818981233
2015-01-22,4.43873391706951
2015-01-23,4.3412341929044
2015-01-24,4.32402911636571
2015-01-25,4.44519486760973
2015-01-26,4.44847224290648
2015-01-27,4.42985751438786
2015-01-28,4.39635550726904
2015-01-29,4.44743669946222
2015-01-30,4.48447150827125
2015-01-31,4.48922090450268
2015-02-01,4.67877597714487
2015-02-02,4.69929168485664
2015-02-03,4.73483805607481
2015-02-04,4.81956558334851
2015-02-05,4.92590594528429
2015-02-06,5.02271729790192
2015-02-07,5.0400023971134
2015-02-08,5.01669029374832
2015-02-09,5.04343216091809
2015-02-10,4.98675156954688
2015-02-11,4.98144992534791
2015-02-12,4.96779065282646
2015-02-13,4.98759532266824
2015-02-14,4.97777139063823
2015-02-15,4.9433844510586
2015-02-16,4.94923490726856
2015-02-17,4.92275652523367
2015-02-18,4.9305056586871
2015-02-19,4.92573712139474
2015-02-20,4.89754622383365
2015-02-21,4.86621385609274
2015-02-22,4.84316251266456
2015-02-23,4.87265009926796
2015-02-24,4.90842292959481
2015-02-25,4.85297799187136
2015-02-26,4.94293945481711
2015-02-27,4.92790467993002
2015-02-28,4.9342100760385
2015-03-01,4.95206625250818
2015-03-02,4.93395842832734
2015-03-03,4.88588016174672
2015-03-04,4.89285267255278
2015-03-05,4.91293337362291
2015-03-06,4.92638511845758
2015-03-07,4.93198182538803
2015-03-08,4.92090009426779
2015-03-09,4.92134085744397
2015-03-10,4.95321390560186
2015-03-11,4.92756504891975
2015-03-12,4.88363847108885
2015-03-13,4.85227063776816
2015-03-14,4.89439169482382
2015-03-15,4.89693198802105
2015-03-16,4.91281033089253
2015-03-17,4.9106909305742
2015-03-18,4.86940794925188
2015-03-19,5.0084043388586
2015-03-20,5.05176036897594
2015-03-21,4.99528827060533
2015-03-22,4.9918791457087
2015-03-23,4.99694538162513
2015-03-24,4.98913304821015
2015-03-25,4.99923901419461
2015-03-26,5.01360850418948
2015-03-27,5.02693243862354
2015-03-28,4.98447068190576
2015-03-29,4.9397597241076
2015-03-30,4.94986639590174
2015-03-31,4.95432848432116
2015-04-01,4.97209732042245
2015-04-02,4.9792264477998
2015-04-03,4.99265676232018
2015-04-04,4.98773605879506
2015-04-05,4.98453583361473
2015-04-06,4.98118888592335
2015-04-07,4.99275051620087
2015-04-08,5.00130048618325
2015-04-09,5.01690355390435
2015-04-10,5.02920251820906
2015-04-11,5.03739176294037
2015-04-12,5.06614340704183
2015-04-13,5.10762072370638
2015-04-14,5.17207838871793
2015-04-15,5.20606626891861
2015-04-16,5.2376933355841
2015-04-17,5.27393175274129
2015-04-18,5.31968320491638
2015-04-19,5.52172187824614
2015-04-20,5.5577209334336
2015-04-21,5.60404171530177
2015-04-22,5.65307230056268
2015-04-23,5.75673905571843
2015-04-24,5.73098476617086
2015-04-25,5.7609008853876
2015-04-26,5.75642016603047
2015-04-27,5.70427431503138
2015-04-28,5.77592115391997
2015-04-29,5.80793284121105
2015-04-30,5.9681501036919
2015-05-01,6.08798546756125
2015-05-02,6.14811817720948
2015-05-03,6.1728901934744
2015-05-04,6.21859429954635
2015-05-05,6.27771887333417
2015-05-06,6.33113029647023
2015-05-07,6.37827745073774
2015-05-08,6.40803897804952
2015-05-09,6.46963328485961
2015-05-10,6.58310386006159
2015-05-11,6.61233784321713
2015-05-12,6.65493578879735
2015-05-13,6.76653439054061
2015-05-14,6.93624953736044
2015-05-15,7.04290279690973
2015-05-16,7.08847286063794
2015-05-17,7.11092792952066
2015-05-18,7.14669490613435
2015-05-19,7.16938799046497
2015-05-20,7.14834568613972
2015-05-21,7.14141134877305
2015-05-22,7.13587075950697
2015-05-23,7.11401723334099
2015-05-24,7.09157521609226
2015-05-25,7.06886862254664
2015-05-26,7.05611222008254
2015-05-27,7.05169950153001
2015-05-28,7.03295845054653
2015-05-29,7.0335912470611
2015-05-30,7.00752943484015
2015-05-31,7.03078871881505
2015-06-01,7.0423975213936
2015-06-02,7.03143591028119
2015-06-03,7.02671258952655
2015-06-04,7.03198302999421
2015-06-05,7.03671549023823
2015-06-06,7.04032585012316
2015-06-07,7.04777123152905
2015-06-08,7.03696640670477
2015-06-09,7.03447637259074
2015-06-10,7.06071295105029
2015-06-11,7.04587527868266
2015-06-12,7.02661245907395
2015-06-13,7.04059706536102
2015-06-14,7.03859934255326
2015-06-15,7.04901632997634
2015-06-16,7.04203078881904
2015-06-17,7.04217197208109
2015-06-18,7.03413892463737
2015-06-19,7.02684715062899
2015-06-20,7.02779519007175
2015-06-21,7.02876915484811
2015-06-22,7.02965168604229
2015-06-23,7.03038722048782
2015-06-24,7.00778267364189
2015-06-25,7.01840141798857
2015-06-26,7.01134747917906
2015-06-27,7.01456539794353
2015-06-28,7.01438835905733
2015-06-29,7.02169323368302
2015-06-30,7.02091833573837
2015-07-01,7.0192300063582
2015-07-02,7.01923115219503
2015-07-03,7.01310976357419
2015-07-04,7.00972287514748
2015-07-05,6.98941090525557
2015-07-06,6.9962549846887
2015-07-07,6.98980495105957
2015-07-08,7.00960998831324
2015-07-09,7.00435080959385
2015-07-10,7.01783647756467
2015-07-11,7.02496464649977
2015-07-12,7.01772541316422
2015-07-13,7.00865077752487
2015-07-14,7.08179421329588
2015-07-15,6.99464987743576
2015-07-16,6.99420286866662
2015-07-17,6.92538002445222
2015-07-18,6.94802962078803
2015-07-19,6.95161747432734
2015-07-20,6.94776103804334
2015-07-21,6.88919061043615
2015-07-22,6.99239902427867
2015-07-23,6.98996863728071
2015-07-24,6.98186663362848
2015-07-25,6.9828986455437
2015-07-26,6.97458952960583
2015-07-27,6.93782102491947
2015-07-28,6.97192061986952
2015-07-29,6.97037399670987
2015-07-30,6.96675994053812
2015-07-31,6.957065976953
2015-08-01,6.95868081732038
2015-08-02,6.97219497526782
2015-08-03,6.96350122199436
2015-08-04,6.97489624551602
2015-08-05,6.98317558735781
2015-08-06,6.98670164714207
2015-08-07,6.97792431825752
2015-08-08,6.97305530250687
2015-08-09,6.98818674887967
2015-08-10,6.98974871614075
2015-08-11,7.01174473021408
2015-08-12,7.0545685278799
2015-08-13,7.06918440140767
2015-08-14,7.06084916419759
2015-08-15,7.0555351751042
2015-08-16,7.0563041663188
2015-08-17,7.06400325384604
2015-08-18,7.06177191406233
2015-08-19,7.07656847306514
2015-08-20,7.08104652261003
2015-08-21,7.08171963581355
2015-08-22,7.10063007838553
2015-08-23,7.10972870342158
2015-08-24,7.10357156955443
2015-08-25,7.11121402266423
2015-08-26,7.15321597520297
2015-08-27,7.17379229598669
2015-08-28,6.98865046550053
2015-08-29,7.09429715718117
2015-08-30,7.1259527931178
2015-08-31,7.12988048941322
2015-09-01,7.13481064323973
2015-09-02,7.1620129230499
2015-09-03,7.14349072901793
2015-09-04,7.13169922722545
2015-09-05,7.11659907697953
2015-09-06,7.13057588790263
2015-09-07,7.13077107768751
2015-09-08,7.14520514537594
2015-09-09,7.14771012292591
2015-09-10,7.16376860858002
2015-09-11,7.12170304563814
2015-09-12,7.09373171331784
2015-09-13,7.10036233712275
2015-09-14,7.05252569808242
2015-09-15,7.02409902700057
2015-09-16,7.03421185482547
2015-09-17,7.0537234807354
2015-09-18,7.01907248664048
2015-09-19,7.01378088916987
2015-09-20,6.98843183475237
2015-09-21,6.99780122241921
2015-09-22,6.98808745823822
2015-09-23,7.03981952047139
2015-09-24,7.04542801710576
2015-09-25,7.05860106607258
2015-09-26,7.0891753744953
2015-09-27,7.09335019403891
2015-09-28,7.09316221808249
2015-09-29,7.10111959390534
2015-09-30,7.09215269043499
2015-10-01,7.0763490422145
2015-10-02,7.04234024693994
2015-10-03,6.88239562619969
2015-10-04,6.88410074603499
2015-10-05,6.95043407841701
2015-10-06,6.98635317623952
2015-10-07,7.02466936339701
2015-10-08,7.03752467739935
2015-10-09,7.00997550774589
2015-10-10,6.98489597373701
2015-10-11,6.90277855263278
2015-10-12,6.88728975604006
2015-10-13,6.88766627616363
2015-10-14,6.75662412309163
2015-10-15,6.73238737309788
2015-10-16,6.69475799307083
2015-10-17,6.65809369021511
2015-10-18,6.64904647543509
2015-10-19,6.66631270647256
2015-10-20,6.64790079926291
2015-10-21,6.56717589016208
2015-10-22,6.62006284283545
2015-10-23,6.56730997098535
2015-10-24,6.58983933667724
2015-10-25,6.62083831829894
2015-10-26,6.58410555048485
2015-10-27,6.57937452250139
2015-10-28,6.50488602096294
2015-10-29,6.48596066385006
2015-10-30,6.52579991243958
2015-10-31,6.57625636056825
2015-11-01,6.60295622564089
2015-11-02,6.53954259570376
2015-11-03,6.36805914631851
2015-11-04,6.35264147657304
2015-11-05,6.31789674505303
2015-11-06,6.28982151557721
2015-11-07,6.14326194523448
2015-11-08,6.08947995065623
2015-11-09,6.0077911611686
2015-11-10,5.95371132096352
2015-11-11,5.9806596897385
2015-11-12,5.96835083650412
2015-11-13,5.98061807161695
2015-11-14,5.95585548628669
2015-11-15,5.72522191060127
2015-11-16,5.58601953656469
2015-11-17,5.46060462290355
2015-11-18,5.41382457252664
2015-11-19,5.52019030640599
2015-11-20,5.49044928238133
2015-11-21,5.4766301576598
2015-11-22,5.52636361143156
2015-11-23,5.53114185932004
2015-11-24,5.54623885775073
2015-11-25,5.12160939011979
2015-11-26,5.04351220385453
2015-11-27,5.05230934268922
2015-11-28,5.13101740199995
2015-11-29,5.14478819200058
2015-11-30,5.20479207916908
2015-12-01,5.15037406130375
2015-12-02,5.18539661173855
2015-12-03,5.22761693154435
2015-12-04,5.4292558912585
2015-12-05,5.42417609309219
2015-12-06,5.58253876954676
2015-12-07,5.65903931450375
2015-12-08,5.86608123314845
2015-12-09,5.90801159242627
2015-12-10,5.9907663010676
2015-12-11,5.99536152358528
2015-12-12,5.92382194759282
2015-12-13,5.79445692214731
2015-12-14,5.64608926269481
2015-12-15,5.65026781041371
2015-12-16,5.65705654660209
2015-12-17,5.54738179239734
2015-12-18,5.51462934890596
2015-12-19,NA
2015-12-20,5.22609067009312
2015-12-21,5.16719450829314
2015-12-22,5.16127131289933
2015-12-23,5.21554735875597
2015-12-24,5.05639452275222
2015-12-25,5.04299513761162
2015-12-26,5.26468363514653
2015-12-27,5.39412056698519
2015-12-28,5.57015935996024
2015-12-29,5.74851674702557
2015-12-30,5.69933624693756
2015-12-31,5.70712223930179
2016-01-01,5.75864497245167
2016-01-02,5.79762383850142
2016-01-03,5.80645829255508
2016-01-04,5.90829961649329
2016-01-05,6.01841334444465
2016-01-06,NA
2016-01-07,6.01898058102128
2016-01-08,6.02349884762719
2016-01-09,5.7661730022966
2016-01-10,5.617614387577
2016-01-11,5.51166357626416
2016-01-12,5.41865755150304
2016-01-13,5.21922560814982
2016-01-14,5.21532943657751
2016-01-15,5.23261228154917
2016-01-16,5.18270173678873
2016-01-17,5.05604473749797
2016-01-18,5.00699950766284
2016-01-19,5.00455149957498
2016-01-20,5.00920874989489
2016-01-21,4.96258852736948
2016-01-22,4.84339528710054
2016-01-23,4.81296071406996
2016-01-24,5.05056571346368
2016-01-25,5.07507549548491
2016-01-26,5.02322104593982
2016-01-27,5.00256919026069
2016-01-28,4.96656710863021
2016-01-29,5.00008782578839
2016-01-30,5.13832908438218
2016-01-31,5.07354470652989
2016-02-01,5.09002788652341
2016-02-02,5.1316409215761
2016-02-03,5.10308704585504
2016-02-04,5.06098085098627
2016-02-05,5.0364898558455
2016-02-06,5.12184174040532
2016-02-07,5.2001162173111
2016-02-08,5.1676974610356
2016-02-09,5.2076149083081
2016-02-10,5.21051515983379
2016-02-11,5.20098986247929
2016-02-12,5.19810227320147
2016-02-13,5.16102299333733
2016-02-14,5.16730644404335
2016-02-15,5.14354774671617
2016-02-16,5.15084177084046
2016-02-17,5.12924162170682
2016-02-18,5.07155600970438
2016-02-19,5.05795310191725
2016-02-20,4.94396371583232
2016-02-21,4.97231634101284
2016-02-22,4.90264111796673
2016-02-23,4.95939185358158
2016-02-24,5.0336331832485
2016-02-25,5.1795692242406
2016-02-26,5.08899081282986
2016-02-27,5.00151450781624
2016-02-28,4.98582447250698
2016-02-29,5.03307249727829
2016-03-01,5.02562616455497
2016-03-02,4.98949179359436
2016-03-03,4.94800991238842
2016-03-04,4.89441218726154
2016-03-05,4.97346404075717
2016-03-06,5.09888343731555
2016-03-07,5.0796450362179
2016-03-08,5.08676424983403
2016-03-09,5.13235959088986
2016-03-10,5.137440932763
2016-03-11,5.12566319472994
2016-03-12,5.09548297805959
2016-03-13,5.09586504473499
2016-03-14,5.04426692216255
2016-03-15,4.94072329154216
2016-03-16,4.92482598897228
2016-03-17,4.92424975039325
2016-03-18,4.93073198728819
2016-03-19,4.93940397227357
2016-03-20,4.93584940284428
2016-03-21,4.93824038700556
2016-03-22,4.85766269750266
2016-03-23,4.82997369048915
2016-03-24,4.89468336171485
2016-03-25,4.96029427055366
2016-03-26,4.97505509216076
2016-03-27,4.98448039393398
2016-03-28,5.00042534275187
2016-03-29,4.99925111397543
2016-03-30,4.99411304200942
2016-03-31,4.98012384611151
2016-04-01,4.98392184280807
2016-04-02,5.00119951638001
2016-04-03,4.99801657338392
2016-04-04,5.00531803569897
2016-04-05,5.01745965345434
2016-04-06,5.02042362210743
2016-04-07,5.05806672225725
2016-04-08,5.05093205488709
2016-04-09,5.06157909191397
2016-04-10,5.08122650683074
2016-04-11,5.09215816126682
2016-04-12,5.12016454593689
2016-04-13,5.14662330379329
2016-04-14,5.15423941186619
2016-04-15,5.20340525985707
2016-04-16,5.23922665098573
2016-04-17,5.28449180753536
2016-04-18,5.33287439477874
2016-04-19,5.39900430862094
2016-04-20,5.46215808150528
2016-04-21,5.52493221123991
2016-04-22,5.55300797870529
2016-04-23,5.59782054867395
2016-04-24,5.67248302462871
2016-04-25,5.76427285060688
2016-04-26,5.81903318937976
2016-04-27,5.87175915889683
2016-04-28,5.9339702892242
2016-04-29,6.04113090703253
2016-04-30,6.11801741428433
2016-05-01,6.20628500349529
2016-05-02,6.28470981148714
2016-05-03,6.32137270792406
2016-05-04,6.36319623728927
2016-05-05,6.39261300810275
2016-05-06,6.40108474425596
2016-05-07,6.42621622629555
2016-05-08,6.4489895007664
2016-05-09,6.46062380550775
2016-05-10,6.4849132672044
2016-05-11,6.50657049158883
2016-05-12,6.49406747454659
2016-05-13,6.48412210380616
2016-05-14,6.48825551120566
2016-05-15,6.59098042274946
2016-05-16,6.65806630067866
2016-05-17,6.66676743435485
2016-05-18,6.67925258054968
2016-05-19,6.76551572650074
2016-05-20,6.77314739032373
2016-05-21,6.80948988078559
2016-05-22,7.00666151835397
2016-05-23,7.07525532509649
2016-05-24,7.12437936519053
2016-05-25,7.14124400488844
2016-05-26,7.1418610730051
2016-05-27,7.12505644492019
2016-05-28,7.10395368318262
2016-05-29,7.11337803928082
2016-05-30,7.11080733737233
2016-05-31,7.0860877143497
2016-06-01,7.07223157773529
2016-06-02,7.04583106279969
2016-06-03,7.08033797587703
2016-06-04,7.07788673468645
2016-06-05,7.1082136909362
2016-06-06,7.07996673300891
2016-06-07,7.07161001164623
2016-06-08,7.05987717400366
2016-06-09,7.06128923155895
2016-06-10,7.05772754997621
2016-06-11,7.06276530901044
2016-06-12,7.04591271668006
2016-06-13,7.03516480007598
2016-06-14,7.02407922340958
2016-06-15,7.01360269779593
2016-06-16,7.00683713413967
2016-06-17,7.00729917603393
2016-06-18,7.00556659494948
2016-06-19,7.00575065939529
2016-06-20,6.99848993463894
2016-06-21,6.99589505499283
2016-06-22,6.98999226405986
2016-06-23,6.98809716385531
2016-06-24,6.98537936558617
2016-06-25,6.98542586641755
2016-06-26,6.99019722700529
2016-06-27,6.99023199836481
2016-06-28,7.00133065166244
2016-06-29,7.0037993006616
2016-06-30,6.99985864760749
2016-07-01,7.00316847717495
2016-07-02,7.00961590331998
2016-07-03,6.99582959561032
2016-07-04,6.99624809612298
2016-07-05,6.99012543055157
2016-07-06,7.01026653262214
2016-07-07,7.00578562218514
2016-07-08,6.99651648306822
2016-07-09,6.99626787421459
2016-07-10,7.00271804539731
2016-07-11,7.00545983557499
2016-07-12,7.00291118276091
2016-07-13,7.00949176443523
2016-07-14,7.00797110611648
2016-07-15,7.00973687733251
2016-07-16,7.02963493568796
2016-07-17,7.03103304780555
2016-07-18,7.0298768269623
2016-07-19,7.02998936482562
2016-07-20,7.01656516520112
2016-07-21,7.00644014360244
2016-07-22,6.98970009223832
2016-07-23,6.99289344106904
2016-07-24,7.00972297826869
2016-07-25,7.02258117883372
2016-07-26,7.02206873433026
2016-07-27,7.00726101581225
2016-07-28,6.99143550596063
2016-07-29,7.00280413672472
2016-07-30,7.00347720145569
2016-07-31,7.00734046275514
2016-08-01,7.00636435782816
2016-08-02,7.00121635478959
2016-08-03,6.97898080284273
2016-08-04,6.97507240934742
2016-08-05,6.97739086150466
2016-08-06,6.97460564909152
2016-08-07,6.966988720676
2016-08-08,6.9642783683749
2016-08-09,6.94690608804279
2016-08-10,6.93218436557947
2016-08-11,6.92936076829027
2016-08-12,6.92652220064514
2016-08-13,6.93921218602409
2016-08-14,6.94490595734689
2016-08-15,6.94633425883687
2016-08-16,6.93823015897027
2016-08-17,6.93850436443396
2016-08-18,6.93228590372649
2016-08-19,6.93282396965271
2016-08-20,6.92157155506441
2016-08-21,6.91970657082552
2016-08-22,6.93869944235383
2016-08-23,6.94914323787716
2016-08-24,6.98441688829746
2016-08-25,6.98261321805716
2016-08-26,6.98940211916371
2016-08-27,6.97736536547437
2016-08-28,6.98354342439861
2016-08-29,6.99905804303071
2016-08-30,6.96254871783587
2016-08-31,6.9670122107936
2016-09-01,6.98490504886633
2016-09-02,6.99578971714502
2016-09-03,7.01373666961362
2016-09-04,7.01655520169198
2016-09-05,6.98891558424762
2016-09-06,6.9848099489246
2016-09-07,6.98278937037398
2016-09-08,6.9712782025088
2016-09-09,6.93343317128437
2016-09-10,7.59039280965485
2016-09-11,7.61027149981598
2016-09-12,7.6308108963449
2016-09-13,7.62175319226583
2016-09-14,7.61746284367367
2016-09-15,7.62340270920941
2016-09-16,7.62724735349765
2016-09-17,7.61629687673714
2016-09-18,7.58831793432153
2016-09-19,7.53194450684875
2016-09-20,7.58923344687753
2016-09-21,7.58605203850514
2016-09-22,7.57764299161879
2016-09-23,7.58263703659666
2016-09-24,7.58444846332119
2016-09-25,7.60111315642904
2016-09-26,7.64773282012797
2016-09-27,7.73037838945993
2016-09-28,7.74805384964296
2016-09-29,7.75673892048059
2016-09-30,7.76293011869966
2016-10-01,7.76137429859648
2016-10-02,7.76702442336375
2016-10-03,7.76970813218628
2016-10-04,7.7944536526685
2016-10-05,7.82473856847105
2016-10-06,7.8146153978968
2016-10-07,7.83350586189623
2016-10-08,7.84987483894182
2016-10-09,7.83360804796494
2016-10-10,7.80994485364479
2016-10-11,7.79863596532631
2016-10-12,7.84001036527294
2016-10-13,7.80742307001185
2016-10-14,7.77930286673026
2016-10-15,7.73461471793028
2016-10-16,7.79381260215721
2016-10-17,7.81638280281753
2016-10-18,7.82719577470584
2016-10-19,7.81921603380121
2016-10-20,7.74366877617942
2016-10-21,7.49475012658672
2016-10-22,6.97410474115619
2016-10-23,6.89277990042124
2016-10-24,6.78257039773335
2016-10-25,6.74133908849378
2016-10-26,6.52078576618242
2016-10-27,6.52095837274097
2016-10-28,6.48115442683152
2016-10-29,6.45894539102059
2016-10-30,6.45570425490042
2016-10-31,6.4330902520143
2016-11-01,6.35199995869098
2016-11-02,6.2668827550213
2016-11-03,6.16388486886029
2016-11-04,6.20689005680679
2016-11-05,6.31670812559054
2016-11-06,6.37241518950161
2016-11-07,6.34817845667734
2016-11-08,6.28770608300922
2016-11-09,6.27745617133257
2016-11-10,6.27770430192787
2016-11-11,6.2498143000172
2016-11-12,6.36832307427304
2016-11-13,6.45948775954869
2016-11-14,6.49910791093557
2016-11-15,6.4761899790585
2016-11-16,6.41966041151258
2016-11-17,6.39190810885998
2016-11-18,6.30222468356685
2016-11-19,6.28039994688089
2016-11-20,6.2942782359918
2016-11-21,6.01505560548075
2016-11-22,5.9913247600525
2016-11-23,5.90192022959101
2016-11-24,5.82035800317635
2016-11-25,5.21701741110563
2016-11-26,5.31045371263455
2016-11-27,5.45244532728254
2016-11-28,5.53236721890439
2016-11-29,5.57900527848138
2016-11-30,5.53576043983139
2016-12-01,5.60903721510321
2016-12-02,5.62772692445171
2016-12-03,5.95128373097973
2016-12-04,5.97965767191744
2016-12-05,6.05189045249063
2016-12-06,6.0130298695207
2016-12-07,6.0088331184363
2016-12-08,6.06701721309447
2016-12-09,6.05472596243602
2016-12-10,6.04201365921326
2016-12-11,6.05806116099643
2016-12-12,5.97353364016047
2016-12-13,5.93564801872264
2016-12-14,5.88793581151587
2016-12-15,5.86010136446677
2016-12-16,5.81460040356933
2016-12-17,5.7423710996906
2016-12-18,5.68975070526725
2016-12-19,5.67493711564006
2016-12-20,5.65535199442166
2016-12-21,5.56187870773282
2016-12-22,5.73411920570143
2016-12-23,5.74718678194862
2016-12-24,5.59908131075402
2016-12-25,5.64338224850169
2016-12-26,5.54544020462506
2016-12-27,5.53140332368002
2016-12-28,5.54266176520405
2016-12-29,5.44513713894739
2016-12-30,5.35091219080209
2016-12-31,5.38560643778907
2017-01-01,5.2389576995257
2017-01-02,5.18926772524099
2017-01-03,5.07829522669083
2017-01-04,5.16185862262075
2017-01-05,4.9921169958382
2017-01-06,4.98651981573298
2017-01-07,5.05018618718492
2017-01-08,4.95520714960165
2017-01-09,4.87650479554786
2017-01-10,4.79483950948715
2017-01-11,4.94421533403712
2017-01-12,4.93843469187345
2017-01-13,5.14343303183522
2017-01-14,5.27941194352811
2017-01-15,5.16009600795293
2017-01-16,5.06060627804246
2017-01-17,4.90370019353871
2017-01-18,4.82751071905361
2017-01-19,4.80056998656337
2017-01-20,4.81960829848698
2017-01-21,4.82444534817232
2017-01-22,4.83825452155439
2017-01-23,4.80983263524582
2017-01-24,4.76955687187608
2017-01-25,4.74637729536205
2017-01-26,4.73153565079686
2017-01-27,4.69626752762425
2017-01-28,4.79927621468368
2017-01-29,4.82725834691321
2017-01-30,4.89454445965673
2017-01-31,4.94508974737538
2017-02-01,4.99744976001957
2017-02-02,5.03484678081208
2017-02-03,5.06689442861891
2017-02-04,5.05021270787745
2017-02-05,5.06508239783942
2017-02-06,5.08253499033605
2017-02-07,5.06894919112298
2017-02-08,5.07482860264634
2017-02-09,5.10309329866693
2017-02-10,5.09365482614924
2017-02-11,5.08679264254121
2017-02-12,5.09027225178426
2017-02-13,5.09467469446573
2017-02-14,5.0816286459829
2017-02-15,5.08892699197245
2017-02-16,5.10754087025952
2017-02-17,5.08935674151167
2017-02-18,5.06866617168575
2017-02-19,4.99093750122288
2017-02-20,4.98054252915891
2017-02-21,4.98627389662832
2017-02-22,4.94519674163078
2017-02-23,4.95919927240042
2017-02-24,4.94050481831985
2017-02-25,4.8932201149573
2017-02-26,4.95752435233457
2017-02-27,4.96866456662783
2017-02-28,4.94357007581893
2017-03-01,4.91790803553753
2017-03-02,4.95354446161162
2017-03-03,4.93707294847148
2017-03-04,4.9081698397661
2017-03-05,4.88786447542006
2017-03-06,4.92228039584241
2017-03-07,4.9482945053558
2017-03-08,4.98026478782016
2017-03-09,4.95988746718252
2017-03-10,4.98435853726582
2017-03-11,5.1012183665038
2017-03-12,5.10568866368434
2017-03-13,5.03058572415128
2017-03-14,4.99925638022229
2017-03-15,4.92266995385693
2017-03-16,4.89686902262611
2017-03-17,4.85725103518479
2017-03-18,4.81147806688641
2017-03-19,4.85680696167646
2017-03-20,4.88959217642714
2017-03-21,4.91142585881493
2017-03-22,4.9169207249078
2017-03-23,4.90946889455506
2017-03-24,4.91760463063087
2017-03-25,4.93492675132454
2017-03-26,4.92431806778014
2017-03-27,4.93481048737587
2017-03-28,4.96022600082799
2017-03-29,4.97572297665353
2017-03-30,4.98776972247469
2017-03-31,5.0066771143314
2017-04-01,5.01956569113886
2017-04-02,5.04739365358324
2017-04-03,5.04141747888108
2017-04-04,5.01067030453752
2017-04-05,5.02051209292466
2017-04-06,5.00848940379922
2017-04-07,4.98270943976911
2017-04-08,4.93405254302037
2017-04-09,4.81704510975808
2017-04-10,4.79357188230679
2017-04-11,4.77210697189195
2017-04-12,4.80378914645119
2017-04-13,4.78491210427514
2017-04-14,4.70453618329053
2017-04-15,4.78389032493127
2017-04-16,4.90864302738251
2017-04-17,4.93491533879217
2017-04-18,4.99396446977685
2017-04-19,5.0328703235368
2017-04-20,4.98022786030727
2017-04-21,5.16467302148869
2017-04-22,5.20881769526111
2017-04-23,5.26466319227829
2017-04-24,5.29705365282851
2017-04-25,5.29187633454253
2017-04-26,5.3014496801565
2017-04-27,5.40075687450838
2017-04-28,5.3963545029717
2017-04-29,5.38099300847653
2017-04-30,5.40623664830503
2017-05-01,5.48320749900617
2017-05-02,5.54210366318781
2017-05-03,5.55805443536262
2017-05-04,5.60644640515775
2017-05-05,5.61480591923006
2017-05-06,5.67585665139856
2017-05-07,5.69141393483082
2017-05-08,5.79423924801708
2017-05-09,5.86235863465038
2017-05-10,5.92686577561986
2017-05-11,5.95329628420013
2017-05-12,6.05116327684052
2017-05-13,6.10149688513504
2017-05-14,6.15376422763969
2017-05-15,6.21951020531126
2017-05-16,6.30033642963476
2017-05-17,6.38794109099063
2017-05-18,6.61835525151638
2017-05-19,6.64651574223062
2017-05-20,6.72954696184944
2017-05-21,6.7574328686084
2017-05-22,6.78799840011017
2017-05-23,6.90897368042112
2017-05-24,6.96768866528055
2017-05-25,7.01454491383198
2017-05-26,7.01665400582924
2017-05-27,7.03976327980354
2017-05-28,7.00098672937589
2017-05-29,6.99589136669824
2017-05-30,6.99347311295572
2017-05-31,7.01616146926394
2017-06-01,7.00806647471161
2017-06-02,7.02383238688387
2017-06-03,7.02739873069904
2017-06-04,7.02993497777756
2017-06-05,7.05731786378117
2017-06-06,7.04639124590312
2017-06-07,7.05543598408707
2017-06-08,7.03613723768631
2017-06-09,7.02196404491877
2017-06-10,7.01514855023902
2017-06-11,7.00827262214683
2017-06-12,6.98429323338744
2017-06-13,6.96950242737324
2017-06-14,6.96608802593767
2017-06-15,7.01135603064744
2017-06-16,6.99975611183951
2017-06-17,6.99989544439316
2017-06-18,6.9951253840547
2017-06-19,6.99476934054208
2017-06-20,6.98774729093792
2017-06-21,6.98592639561602
2017-06-22,6.97167803626424
2017-06-23,6.98506511318625
2017-06-24,6.98377539455599
2017-06-25,6.98908294856203
2017-06-26,6.98821901080689
2017-06-27,6.96853926650846
2017-06-28,6.96392027126831
2017-06-29,6.95929766826127
2017-06-30,6.96107106732043
2017-07-01,6.98434468047599
2017-07-02,6.9449643852407
2017-07-03,6.98184464819144
2017-07-04,6.97581075251056
2017-07-05,6.95110519471307
2017-07-06,6.93163413785743
2017-07-07,6.9259544009813
2017-07-08,6.90675148915236
2017-07-09,6.89210798253027
2017-07-10,6.9250884137314
2017-07-11,6.94502098806619
2017-07-12,6.89245065494476
2017-07-13,6.95080734217197
2017-07-14,6.9510756496752
2017-07-15,6.93121708518663
2017-07-16,6.94889783404715
2017-07-17,6.93874184842623
2017-07-18,6.92833367843959
2017-07-19,6.92975127059205
2017-07-20,6.92740622202424
2017-07-21,6.92364361160905
2017-07-22,6.92061046482668
2017-07-23,6.91502310935356
2017-07-24,6.91308784054748
2017-07-25,6.91661312503782
2017-07-26,6.91646964918521
2017-07-27,6.91588420375489
2017-07-28,6.90915140404759
2017-07-29,6.88363688211228
2017-07-30,6.87560484684273
2017-07-31,6.87951062732638
2017-08-01,6.89694673239467
2017-08-02,6.92358230994614
2017-08-03,6.91892205161195
2017-08-04,6.9247794736314
2017-08-05,6.9077286949515
2017-08-06,6.90525971278559
2017-08-07,6.89880400901819
2017-08-08,6.87049228986651
2017-08-09,6.86441853928689
2017-08-10,6.85880870792159
2017-08-11,6.84191652169967
2017-08-12,6.84419306169135
2017-08-13,6.84376842149322
2017-08-14,6.8586649700364
2017-08-15,6.85911795817869
2017-08-16,6.86418197431027
2017-08-17,6.85976744748202
2017-08-18,6.85690344396655
2017-08-19,6.85740193936197
2017-08-20,6.8502062691922
2017-08-21,6.87158141105776
2017-08-22,6.87498896082927
2017-08-23,6.89342890337609
2017-08-24,6.87119916980515
2017-08-25,6.87437049118341
2017-08-26,6.87588652053988
2017-08-27,6.887961574019
2017-08-28,6.90548928677411
2017-08-29,6.8926959227326
2017-08-30,6.90784244240342
2017-08-31,6.92429249020141
2017-09-01,6.91037753403862
2017-09-02,6.90902137076283
2017-09-03,6.94669543181215
2017-09-04,6.96550652758316
2017-09-05,6.97320599781957
2017-09-06,6.96760470607673
2017-09-07,7.00365644535132
2017-09-08,7.05972124982973
2017-09-09,7.07585284600517
2017-09-10,7.04541573433505
2017-09-11,7.04883121602542
2017-09-12,7.04637673238839
2017-09-13,7.04967315615292
2017-09-14,7.02680529391971
2017-09-15,7.01189982064986
2017-09-16,6.99878308845437
2017-09-17,6.88133079159473
2017-09-18,6.88009635421179
2017-09-19,6.87827321256839
2017-09-20,6.87696600073944
2017-09-21,6.81502557133418
2017-09-22,6.82807990147038
2017-09-23,6.77764108831503
2017-09-24,6.82064383295052
2017-09-25,6.82217341046283
2017-09-26,6.81741992889155
2017-09-27,6.83408748614367
2017-09-28,6.8587771264312
2017-09-29,6.99966083982253
2017-09-30,6.9960703774784
2017-10-01,7.06100397210751
2017-10-02,7.09685445310046
2017-10-03,7.13370064955022
2017-10-04,7.15225608151014
2017-10-05,7.17227529163948
2017-10-06,7.18379856352932
2017-10-07,7.18887710855218
2017-10-08,7.1995878234141
2017-10-09,7.23783723136905
2017-10-10,7.23006074131788
2017-10-11,7.29544256813403
2017-10-12,7.22245410628856
2017-10-13,7.20187065549272
2017-10-14,7.19795622560506
2017-10-15,7.19093600980361
2017-10-16,7.17611181176826
2017-10-17,7.1193022609526
2017-10-18,6.9287430954993
2017-10-19,6.8426784336545
2017-10-20,6.3164531565726
2017-10-21,6.27343622238177
2017-10-22,6.2937507878415
2017-10-23,6.32758176081163
2017-10-24,6.27235750963257
2017-10-25,6.19581993553619
2017-10-26,6.16218099740407
2017-10-27,6.16294827307593
2017-10-28,6.19239917472677
2017-10-29,6.05762633508443
2017-10-30,6.10387237589665
2017-10-31,6.06638537797624
2017-11-01,6.04205050422326
2017-11-02,5.97962308906833
2017-11-03,5.95397678096827
2017-11-04,5.92792982473188
2017-11-05,5.9263294670485
2017-11-06,5.76253531471621
2017-11-07,5.80093492167393
2017-11-08,5.80884103300936
2017-11-09,5.79857044164405
2017-11-10,5.71916656139193
2017-11-11,5.77471794412526
2017-11-12,5.86487249389161
2017-11-13,5.75456029530507
2017-11-14,5.73270355964739
2017-11-15,5.58221584187672
2017-11-16,5.52977930416218
2017-11-17,5.56289690439371
2017-11-18,5.60209928887808
2017-11-19,5.6387413916472
2017-11-20,5.66647389382309
2017-11-21,5.62216224261693
2017-11-22,5.7430376639733
2017-11-23,5.56920816371967
2017-11-24,5.45738994787463
2017-11-25,5.47615616910454
2017-11-26,5.60292072506872
2017-11-27,5.50316214725795
2017-11-28,5.21287967910609
2017-11-29,5.43419210770308
2017-11-30,5.50245402407838
2017-12-01,5.84077535138751
2017-12-02,6.06169587857762
2017-12-03,6.07448786064751
2017-12-04,5.93725202029037
2017-12-05,5.97752153118954
2017-12-06,5.90647294360494
2017-12-07,5.88601481333578
2017-12-08,6.0489944052863
2017-12-09,6.03870490307782
2017-12-10,6.06232392574297
2017-12-11,6.30012840310067
2017-12-12,6.29162040656468
2017-12-13,6.34400311097478
2017-12-14,6.33171796964851
2017-12-15,6.3993688347474
2017-12-16,6.42212053967847
2017-12-17,6.36537912185179
2017-12-18,6.30317409614683
2017-12-19,6.17520068040157
2017-12-20,6.18756477940106
2017-12-21,6.16380064919162
2017-12-22,6.1656944756556
2017-12-23,6.13162434504444
2017-12-24,6.011501071081
2017-12-25,5.94579930623372
2017-12-26,5.89315695209163
2017-12-27,5.7431211418846
2017-12-28,5.73529657338418
2017-12-29,5.60948405321532
2017-12-30,5.55170270106701
2017-12-31,5.50706389115045
2018-01-01,5.43099254000847
2018-01-02,5.68627398521575
2018-01-03,NA
2018-01-04,NA
2018-01-05,NA
2018-01-06,5.57351261113314
2018-01-07,5.54105257051778
2018-01-08,5.47760845868642
2018-01-09,5.34925812578749
2018-01-10,5.37396992087095
2018-01-11,5.2851837802501
2018-01-12,5.23950290316574
2018-01-13,5.12494111571386
2018-01-14,5.04256394750774
2018-01-15,4.94608627002815
2018-01-16,4.89367806351425
2018-01-17,4.92278690495334
2018-01-18,4.92494885825864
2018-01-19,4.84556033046884
2018-01-20,4.75678908070905
2018-01-21,4.62814799059366
2018-01-22,4.66734480695018
2018-01-23,4.67768873534374
2018-01-24,4.77805256002175
2018-01-25,4.71747131028288
2018-01-26,4.64841024496854
2018-01-27,4.65484562361533
2018-01-28,4.67307514905675
2018-01-29,4.68390298977504
2018-01-30,4.71446545881173
2018-01-31,4.71138607578578
2018-02-01,4.90930073728099
2018-02-02,5.00810550689152
2018-02-03,5.04402948406961
2018-02-04,5.02787650863534
2018-02-05,5.07060517652931
2018-02-06,5.09138948792178
2018-02-07,5.06009355690546
2018-02-08,5.05005697253127
2018-02-09,5.0408313052086
2018-02-10,5.10098035500587
2018-02-11,5.13184269744245
2018-02-12,5.14851486514717
2018-02-13,5.18858201199137
2018-02-14,5.1872899807625
2018-02-15,5.18849407259197
2018-02-16,5.18555351812593
2018-02-17,5.18851456991685
2018-02-18,5.14094776743762
2018-02-19,5.1351868872622
2018-02-20,5.1591833342783
2018-02-21,5.1351987280691
2018-02-22,5.11853695139726
2018-02-23,5.15999086963309
2018-02-24,5.14604427790333
2018-02-25,5.17188252051027
2018-02-26,5.11019608496342
2018-02-27,5.04769542939182
2018-02-28,4.98971057756958
2018-03-01,4.9214146855825
2018-03-02,4.88309039353406
2018-03-03,4.92761094558271
2018-03-04,4.92020056586134
2018-03-05,4.90039962512482
2018-03-06,4.90932519016319
2018-03-07,4.8824735471328
2018-03-08,4.87282832112967
2018-03-09,4.87058893659383
2018-03-10,4.860500040598
2018-03-11,4.84854343475696
2018-03-12,4.83014687869942
2018-03-13,4.77050332565565
2018-03-14,4.75340518367217
2018-03-15,4.75846106883257
2018-03-16,4.78894780773152
2018-03-17,4.79769353094675
2018-03-18,4.81562154591569
2018-03-19,4.75950722300532
2018-03-20,4.77207149835043
2018-03-21,4.77733583270809
2018-03-22,4.76164564872197
2018-03-23,4.77551610542869
2018-03-24,4.72294579266948
2018-03-25,4.73424518128546
2018-03-26,4.74854596311548
2018-03-27,4.70267335423568
2018-03-28,4.78939152983704
2018-03-29,5.03568382954978
2018-03-30,5.02337402202407
2018-03-31,4.98165979356429
2018-04-01,4.92204376717325
2018-04-02,4.88282131664903
2018-04-03,4.87333413856499
2018-04-04,4.87404830133934
2018-04-05,4.88475422087728
2018-04-06,4.90447726829135
2018-04-07,4.92987483403909
2018-04-08,4.9345271723611
2018-04-09,4.94508728696799
2018-04-10,4.94239836534952
2018-04-11,4.9667230188624
2018-04-12,4.96298887591786
2018-04-13,4.98210769586096
2018-04-14,4.98761349073287
2018-04-15,4.99287622558069
2018-04-16,4.98507487667372
2018-04-17,4.97011496072792
2018-04-18,5.03299271805557
2018-04-19,5.13205768649593
2018-04-20,5.27149113358803
2018-04-21,5.263837494607
2018-04-22,5.21474965062672
2018-04-23,5.30831045569181
2018-04-24,5.37499285148129
2018-04-25,5.39539216495938
2018-04-26,5.4409206304597
2018-04-27,5.4625133815704
2018-04-28,5.48971943790153
2018-04-29,5.53720558208339
2018-04-30,5.59669286466353
2018-05-01,5.6095781130941
2018-05-02,5.66735018755579
2018-05-03,5.71603258688259
2018-05-04,5.76014186632527
2018-05-05,5.80277204250774
2018-05-06,5.83244562712122
2018-05-07,5.86364953085654
2018-05-08,5.92874290582793
2018-05-09,5.95501792635111
2018-05-10,5.97426197978698
2018-05-11,6.05259678285253
2018-05-12,6.12704585113707
2018-05-13,6.19277111628903
2018-05-14,6.22730988114172
2018-05-15,6.28599492200449
2018-05-16,6.32690041384462
2018-05-17,6.34364409105153
2018-05-18,6.42068930785086
2018-05-19,6.50557974035911
2018-05-20,6.50612208490062
2018-05-21,6.5476834282901
2018-05-22,6.57847414572934
2018-05-23,6.58681495303263
2018-05-24,6.61803779322402
2018-05-25,6.6772344010301
2018-05-26,6.689201412643
2018-05-27,6.70807696510642
2018-05-28,6.70220437960713
2018-05-29,6.82150251940225
2018-05-30,6.89359515515925
2018-05-31,6.92464055972502
2018-06-01,6.88333806376394
2018-06-02,7.0529819276234
2018-06-03,7.05726830795267
2018-06-04,7.04425418936135
2018-06-05,7.08313500233812
2018-06-06,7.11386446779221
2018-06-07,7.11876854240097
2018-06-08,7.12248266258271
2018-06-09,7.11580147800278
2018-06-10,7.10971375700845
2018-06-11,7.09797800719956
2018-06-12,7.09074792095634
2018-06-13,7.1013228282241
2018-06-14,7.1066120524814
2018-06-15,7.11528165259173
2018-06-16,7.11197766060016
2018-06-17,7.14417934312673
2018-06-18,7.13534682071968
2018-06-19,7.14738462746862
2018-06-20,7.13831177483327
2018-06-21,7.13780509430037
2018-06-22,7.1182443652065
2018-06-23,7.09281452409297
2018-06-24,7.08065389905657
2018-06-25,7.08031802767812
2018-06-26,7.08051592443705
2018-06-27,7.08375553070874
2018-06-28,7.07246647774968
2018-06-29,7.06586135578741
2018-06-30,7.06816879308759
2018-07-01,7.06677420436617
2018-07-02,7.06303671862521
2018-07-03,7.05956498836763
2018-07-04,7.04198282476069
2018-07-05,7.02629269448473
2018-07-06,7.02177473751585
2018-07-07,7.01553666109046
2018-07-08,6.99830263680222
2018-07-09,6.97016508306429
2018-07-10,6.98717821686442
2018-07-11,7.00004636139878
2018-07-12,7.00164193840107
2018-07-13,6.99830127601704
2018-07-14,6.99777761825356
2018-07-15,6.98976901349491
2018-07-16,6.97646430955246
2018-07-17,6.96319767688175
2018-07-18,6.96229289853374
2018-07-19,6.96162979567974
2018-07-20,6.97753639906743
2018-07-21,6.97288194361422
2018-07-22,7.00310889701649
2018-07-23,6.96597000165468
2018-07-24,6.9736803063497
2018-07-25,6.93843544243698
2018-07-26,6.9608717118074
2018-07-27,6.96435818437735
2018-07-28,7.00004730086681
2018-07-29,7.01472645084952
2018-07-30,7.00071906967951
2018-07-31,7.00983176180324
2018-08-01,7.00670194037819
2018-08-02,7.02130992497451
2018-08-03,7.01758320810333
2018-08-04,7.02879444133589
2018-08-05,7.04169670454705
2018-08-06,7.11607904737019
2018-08-07,7.04336289632953
2018-08-08,7.05111935219706
2018-08-09,7.04571275463163
2018-08-10,7.04924920045425
2018-08-11,7.04457301278146
2018-08-12,7.04889885627445
2018-08-13,7.05411831671631
2018-08-14,7.03669249854622
2018-08-15,7.06382237657623
2018-08-16,7.06644508140223
2018-08-17,7.07000805244362
2018-08-18,7.05965833629132
2018-08-19,7.05963975211227
2018-08-20,7.07666843859622
2018-08-21,7.0857976306401
2018-08-22,7.07971904163924
2018-08-23,7.08322885341288
2018-08-24,7.0880353739174
2018-08-25,7.12304613704658
2018-08-26,7.10520672841223
2018-08-27,7.08908849940604
2018-08-28,7.07757738843636
2018-08-29,7.06483598830273
2018-08-30,7.04649845997026
2018-08-31,7.00751366370005
2018-09-01,7.00634343269416
2018-09-02,7.00649885450185
2018-09-03,7.00925768487528
2018-09-04,6.98448879674763
2018-09-05,6.95847284140337
2018-09-06,6.93603330803811
2018-09-07,6.93525497848675
2018-09-08,6.92786115855328
2018-09-09,6.91735075423416
2018-09-10,6.92590979718637
2018-09-11,6.94327049227784
2018-09-12,6.91776515007743
2018-09-13,6.9327307506808
2018-09-14,6.95063435762273
2018-09-15,6.96012329845504
2018-09-16,6.95978794182454
2018-09-17,6.96775954532049
2018-09-18,6.99619205943566
2018-09-19,6.98913384913936
2018-09-20,6.99778015783619
2018-09-21,7.00270224890806
2018-09-22,7.00932174448009
2018-09-23,7.02660619571998
2018-09-24,7.0441101876196
2018-09-25,7.06425629109421
2018-09-26,7.06757911412091
2018-09-27,7.04565178693429
2018-09-28,7.0511870924851
2018-09-29,7.06028158203502
2018-09-30,7.10600234126755
2018-10-01,7.15187626922344
2018-10-02,7.18621426056741
2018-10-03,7.22848514358871
2018-10-04,7.27296035692144
2018-10-05,7.31137245966313
2018-10-06,7.31899395290285
2018-10-07,7.30561777081465
2018-10-08,7.30749865327687
2018-10-09,7.30634390771427
2018-10-10,7.29625883783565
2018-10-11,7.29142387016299
2018-10-12,7.30972532881238
2018-10-13,7.32520542459166
2018-10-14,7.28763453303874
2018-10-15,7.28420890699065
2018-10-16,7.25224899301078
2018-10-17,7.20867674028034
2018-10-18,7.08149684155516
2018-10-19,7.08240034496297
2018-10-20,7.10299153820393
2018-10-21,7.00108402414676
2018-10-22,7.01970843934518
2018-10-23,6.98667038102753
2018-10-24,6.91150058826989
2018-10-25,6.83435700942195
2018-10-26,6.82813441547472
2018-10-27,6.84400269587191
2018-10-28,6.80996575437561
2018-10-29,6.78392383756441
2018-10-30,6.73961331816
2018-10-31,6.71217382986308
2018-11-01,6.61250557522323
2018-11-02,6.56241159132845
2018-11-03,6.59737383406519
2018-11-04,6.60649344460809
2018-11-05,6.64535659696595
2018-11-06,6.77394568908627
2018-11-07,6.69100877341453
2018-11-08,6.566050038999
2018-11-09,6.35326740565305
2018-11-10,6.42164738668525
2018-11-11,6.05208818502871
2018-11-12,5.75525549900944
2018-11-13,5.77712024037735
2018-11-14,5.72276563876541
2018-11-15,5.76247154320737
2018-11-16,5.75739337152001
2018-11-17,5.8267171896285
2018-11-18,5.89643447839696
2018-11-19,5.84345070969565
2018-11-20,5.8657874677712
2018-11-21,5.85717208421558
2018-11-22,5.76492553686394
2018-11-23,5.62902733665794
2018-11-24,5.61952162362292
2018-11-25,6.0317643878878
2018-11-26,5.75676435803024
2018-11-27,5.95098670787765
2018-11-28,5.65307947541728
2018-11-29,5.63016011592574
2018-11-30,5.54898083969399
2018-12-01,5.77353466560966
2018-12-02,5.92179465175855
2018-12-03,6.01593331641137
2018-12-04,5.99712880805084
2018-12-05,6.10087377522946
2018-12-06,6.0540502216505
2018-12-07,6.02924236059189
2018-12-08,6.03792838166469
2018-12-09,6.05182820814519
2018-12-10,6.01604678394558
2018-12-11,6.02517938218921
2018-12-12,6.00860637126688
2018-12-13,6.02463259986156
2018-12-14,6.05552513880291
2018-12-15,6.02389774115189
2018-12-16,6.00135530560013
2018-12-17,6.09571667313576
2018-12-18,6.15217827169263
2018-12-19,6.04385939534734
2018-12-20,6.13263365053214
2018-12-21,6.17884467594355
2018-12-22,6.13459162035985
2018-12-23,6.28289829218451
2018-12-24,6.28296169827127
2018-12-25,6.22399407918957
2018-12-26,6.21243830534597
2018-12-27,6.1355890348156
2018-12-28,6.06771098870865
2018-12-29,6.06638141523434
2018-12-30,6.06194179084193
2018-12-31,5.8997934883447
2019-01-01,5.92431522515047
2019-01-02,5.88039320690243
2019-01-03,5.84834344994513
2019-01-04,5.80191195687873
2019-01-05,5.56775532232707
2019-01-06,5.58612264279396
2019-01-07,5.55566802032882
2019-01-08,5.50475146226178
2019-01-09,5.43078888746965
2019-01-10,5.22168519981788
2019-01-11,5.05174698820105
2019-01-12,5.03593008029155
2019-01-13,5.00510133585379
2019-01-14,4.93280433794898
2019-01-15,5.12820244151759
2019-01-16,4.8397244118534
2019-01-17,4.80749792910871
2019-01-18,4.98054776776686
2019-01-19,4.95704464284997
2019-01-20,4.97478334479319
2019-01-21,4.84913162642752
2019-01-22,4.83075727813754
2019-01-23,4.85267781183228
2019-01-24,4.76854593800046
2019-01-25,4.76617748208588
2019-01-26,4.78706936727156
2019-01-27,4.79877959490044
2019-01-28,4.8140468485075
2019-01-29,4.82096241709521
2019-01-30,4.88554279950489
2019-01-31,4.82557125868054
2019-02-01,4.84056173803643
2019-02-02,4.92643633012878
2019-02-03,5.05245779088089
2019-02-04,5.05721434806678
2019-02-05,5.02515262902606
2019-02-06,5.04592103650555
2019-02-07,5.04963262156463
2019-02-08,5.05453446545178
2019-02-09,5.07382917858335
2019-02-10,5.04520021093197
2019-02-11,5.05436698287901
2019-02-12,5.05930194917812
2019-02-13,5.02399393388761
2019-02-14,5.00409532464639
2019-02-15,4.95690283772483
2019-02-16,4.92380576237216
2019-02-17,4.9392262967374
2019-02-18,4.92873495328106
2019-02-19,4.91285920280049
2019-02-20,4.92335818030344
2019-02-21,4.88647592347191
2019-02-22,4.86965874868077
2019-02-23,4.896201383854
2019-02-24,4.86791361441772
2019-02-25,4.90273751955757
2019-02-26,4.92188381060761
2019-02-27,4.89003348645394
2019-02-28,4.8584530059324
2019-03-01,4.89048582502933
2019-03-02,4.87000804092673
2019-03-03,4.82731892520874
2019-03-04,4.83311762116098
2019-03-05,4.78037703617298
2019-03-06,4.71755843489196
2019-03-07,4.77343773315373
2019-03-08,4.76773147644768
2019-03-09,4.7189046367631
2019-03-10,4.6090683025612
2019-03-11,4.62168174661591
2019-03-12,4.58445277974296
2019-03-13,4.6101078521488
2019-03-14,4.93052849388635
2019-03-15,4.98586082710131
2019-03-16,5.00240597871715
2019-03-17,4.98141394185745
2019-03-18,5.05907212236612
2019-03-19,5.06411617928664
2019-03-20,4.98235330751305
2019-03-21,4.99700545624742
2019-03-22,5.01151312161964
2019-03-23,5.02215031440995
2019-03-24,5.03781399574244
2019-03-25,5.05029734448679
2019-03-26,5.05940986169694
2019-03-27,5.05413419043234
2019-03-28,5.11869909802415
2019-03-29,5.12928034350313
2019-03-30,5.13850248836874
2019-03-31,5.17707425161348
2019-04-01,5.19647032745682
2019-04-02,5.2281393476482
2019-04-03,5.2393152539532
2019-04-04,5.2791828668885
2019-04-05,5.39073605362638
2019-04-06,5.42857324246851
2019-04-07,5.4615036354466
2019-04-08,5.40787244293736
2019-04-09,5.41171565525338
2019-04-10,5.41402447845258
2019-04-11,5.41773745665948
2019-04-12,5.37020286513439
2019-04-13,5.35732845777296
2019-04-14,5.33992311264297
2019-04-15,5.3732649591238
2019-04-16,5.3807022304935
2019-04-17,5.34732262166855
2019-04-18,5.38343822931187
2019-04-19,5.39827383582077
2019-04-20,5.44863539186835
2019-04-21,5.48626745850685
2019-04-22,5.4725973403075
2019-04-23,5.48043375368485
2019-04-24,5.54948639269917
2019-04-25,5.58381077542397
2019-04-26,5.59452186556401
2019-04-27,5.63472026185815
2019-04-28,5.7227438593399
2019-04-29,5.71590789558839
2019-04-30,5.74417906255827
2019-05-01,5.77392965825038
2019-05-02,5.81844348313558
2019-05-03,5.86184706119245
2019-05-04,5.88210824044679
2019-05-05,5.93913903877502
2019-05-06,5.95418238402441
2019-05-07,6.05323443492395
2019-05-08,6.18320943114434
2019-05-09,6.24959952091786
2019-05-10,6.27833997834884
2019-05-11,6.28159321232684
2019-05-12,6.32821758711233
2019-05-13,6.40420207999458
2019-05-14,6.4148067869027
2019-05-15,6.4628353991732
2019-05-16,6.45727665375085
2019-05-17,6.46340193348925
2019-05-18,6.49631496894344
2019-05-19,6.5082618246271
2019-05-20,6.5447493246203
2019-05-21,6.57532303520897
2019-05-22,6.73288933632907
2019-05-23,6.76178632623073
2019-05-24,6.81085603356507
2019-05-25,6.88798599675624
2019-05-26,6.91009934518502
2019-05-27,6.95541217058156
2019-05-28,6.91983432080473
2019-05-29,6.92409718964389
2019-05-30,7.03745268819064
2019-05-31,7.04796519120468
2019-06-01,7.04598602957126
2019-06-02,7.03979877058023
2019-06-03,7.02643435037992
2019-06-04,7.0191067199536
2019-06-05,7.0022691660996
2019-06-06,6.99986682422687
2019-06-07,6.99426354234064
2019-06-08,7.00178718469148
2019-06-09,6.99717308760701
2019-06-10,7.0006119273915
2019-06-11,7.00544742777351
2019-06-12,7.01273561667902
2019-06-13,7.02504621717101
2019-06-14,7.01367741939549
2019-06-15,7.02297935338464
2019-06-16,7.02524127831512
2019-06-17,7.04589565973591
2019-06-18,7.07212410939948
2019-06-19,7.04254172151679
2019-06-20,7.06048337552031
2019-06-21,7.06224703691766
2019-06-22,7.08370798472895
2019-06-23,7.07365947420022
2019-06-24,7.05739944231922
2019-06-25,7.06342819093533
2019-06-26,7.0676671363536
2019-06-27,7.05872118278462
2019-06-28,7.05218899251673
2019-06-29,7.04269644215778
2019-06-30,7.0430842003094
2019-07-01,7.03492286363075
2019-07-02,7.03281876822204
2019-07-03,7.02949665376848
2019-07-04,7.01290704338498
2019-07-05,7.01435434520697
2019-07-06,6.99915346544398
2019-07-07,6.97013790286111
2019-07-08,6.95102394041337
2019-07-09,6.93258173647065
2019-07-10,6.94519840452205
2019-07-11,6.93259307578884
2019-07-12,6.85192396865675
2019-07-13,6.91893554401039
2019-07-14,6.90791210082626
2019-07-15,6.91061146533962
2019-07-16,6.92714683470303
2019-07-17,6.99821182566983
2019-07-18,7.01156988287489
2019-07-19,7.02843788124922
2019-07-20,7.01175147135812
2019-07-21,7.01428877086776
2019-07-22,7.05844495136391
2019-07-23,7.0683480837716
2019-07-24,7.0753450376417
2019-07-25,7.06855888723913
2019-07-26,7.02697960415148
2019-07-27,6.99792106970735
2019-07-28,6.9640031167148
2019-07-29,6.96690879355759
2019-07-30,6.97065249975129
2019-07-31,6.97069204930825
2019-08-01,6.96439503917481
2019-08-02,6.93993228800682
2019-08-03,6.60775609209687
2019-08-04,6.6455302438655
2019-08-05,6.6523687869288
2019-08-06,6.65563352619994
2019-08-07,6.67374206768415
2019-08-08,6.66907145878966
2019-08-09,6.66644561959452
2019-08-10,6.79656497828511
2019-08-11,6.88295528412684
2019-08-12,6.90560115547148
2019-08-13,6.90234815784036
2019-08-14,6.83755761230492
2019-08-15,6.83446203779057
2019-08-16,6.88168027342306
2019-08-17,6.92781099683844
2019-08-18,6.93478518142146
2019-08-19,6.92417269895562
2019-08-20,6.90171777830211
2019-08-21,6.90455620683999
2019-08-22,6.93383827187043
2019-08-23,6.94366473009254
2019-08-24,6.94497928048165
2019-08-25,6.94624854549073
2019-08-26,6.93252626625888
2019-08-27,6.92794775183148
2019-08-28,6.92218723648387
2019-08-29,6.93036667021129
2019-08-30,6.94747882500218
2019-08-31,6.95731167342953
2019-09-01,6.94852589475978
2019-09-02,6.96054055947215
2019-09-03,6.97080971711619
2019-09-04,6.97173151924963
2019-09-05,6.97415172605984
2019-09-06,6.98812816772562
2019-09-07,6.99083789257011
2019-09-08,6.99313560933534
2019-09-09,6.98793424903519
2019-09-10,6.97383001992582
2019-09-11,6.98370117459391
2019-09-12,6.98948958573068
2019-09-13,6.98792019915748
2019-09-14,6.97430355637491
2019-09-15,7.00201974090633
2019-09-16,6.993797860836
2019-09-17,6.98798848641889
2019-09-18,6.92368542056785
2019-09-19,6.90461492247308
2019-09-20,6.92490352212497
2019-09-21,6.94925591684787
2019-09-22,6.9162675442501
2019-09-23,6.93319307688511
2019-09-24,6.93071829495822
2019-09-25,6.90227141692737
2019-09-26,6.80172782910197
2019-09-27,6.88898687722591
2019-09-28,6.89111723973886
2019-09-29,7.02161179507001
2019-09-30,6.9172662096769
2019-10-01,7.04643366529797
2019-10-02,7.04143373900484
2019-10-03,7.04164289174401
2019-10-04,7.06168844408943
2019-10-05,7.01352766045382
2019-10-06,7.03280184373396
2019-10-07,7.00624695539792
2019-10-08,7.0010344468799
2019-10-09,7.02287058912352
2019-10-10,7.06588164845304
2019-10-11,7.06656633157881
2019-10-12,7.10849561603446
2019-10-13,7.0548584326125
2019-10-14,7.0532749645571
2019-10-15,7.04021077517517
2019-10-16,7.02982268116778
2019-10-17,6.96975082219147
2019-10-18,7.02618757106037
2019-10-19,7.04317765019776
2019-10-20,6.9627505122129
2019-10-21,6.95004238523328
2019-10-22,6.92618872826457
2019-10-23,6.87100994731975
2019-10-24,6.85473071406854
2019-10-25,6.8144096552007
2019-10-26,6.72854072771603
2019-10-27,6.70879137949534
2019-10-28,6.65225945382848
2019-10-29,6.66459714556941
2019-10-30,6.61785149654446
2019-10-31,6.62302895317828
2019-11-01,6.57040005643731
2019-11-02,6.6947677221884
2019-11-03,6.52009023701145
2019-11-04,6.32156809890552
2019-11-05,6.33330309969307
2019-11-06,6.31487642735521
2019-11-07,6.33174159282862
2019-11-08,6.3176326648023
2019-11-09,6.19692121157123
2019-11-10,6.15661818049471
2019-11-11,6.06826342532509
2019-11-12,5.96812576133657
2019-11-13,5.91740547396074
2019-11-14,5.73409056382061
2019-11-15,5.70562848279629
2019-11-16,5.52086564845674
2019-11-17,5.47096506008003
2019-11-18,5.39619858832676
2019-11-19,5.45288213778755
2019-11-20,5.60687784963583
2019-11-21,5.65184930071882
2019-11-22,5.56481633913789
2019-11-23,5.53114114882671
2019-11-24,5.42317377565974
2019-11-25,5.42067609354854
2019-11-26,5.5246462187383
2019-11-27,5.24808695528989
2019-11-28,5.32484692601404
2019-11-29,5.29484558499782
2019-11-30,5.20811239955495
2019-12-01,5.4738352031494
2019-12-02,5.51748444782224
2019-12-03,5.46432096935454
2019-12-04,5.55447747826455
2019-12-05,5.52020526315211
2019-12-06,5.55675982551004
2019-12-07,5.6882345378771
2019-12-08,5.69474238471789
2019-12-09,5.66251238904127
2019-12-10,5.62673745490611
2019-12-11,5.60459567250117
2019-12-12,5.3800402832611
2019-12-13,5.34385589164073
2019-12-14,5.17454808804499
2019-12-15,5.23954570221469
2019-12-16,5.24653415175045
2019-12-17,5.27855774944862
2019-12-18,5.24439989797185
2019-12-19,5.22623867953865
2019-12-20,5.15327170837757
2019-12-21,5.2651528957155
2019-12-22,5.30475768972101
2019-12-23,5.29588778313851
2019-12-24,5.30736820896467
2019-12-25,5.33156898478244
2019-12-26,5.35421426514827
2019-12-27,5.39426502199436
2019-12-28,5.28929470621083
2019-12-29,5.31269088935852
2019-12-30,5.43786845463401
2019-12-31,5.55560354359533
2020-01-01,5.56197457646215
2020-01-02,5.54683414246636
2020-01-03,5.59327755238087
2020-01-04,5.65665115431189
2020-01-05,5.57095533073618
2020-01-06,5.52223534286022
2020-01-07,5.49868246055072
2020-01-08,5.58051960143455
2020-01-09,5.54206941319608
2020-01-10,5.52166821546615
2020-01-11,5.40269256336311
2020-01-12,5.12592209090202
2020-01-13,5.13692505164225
2020-01-14,5.01354709063003
2020-01-15,4.92702890462509
2020-01-16,4.8806615712551
2020-01-17,4.98194849212839
2020-01-18,4.960961056757
2020-01-19,4.96520234445791
2020-01-20,5.08992188406736
2020-01-21,5.08947565948729
2020-01-22,4.99794993512669
2020-01-23,4.88426466423425
2020-01-24,4.88075801662504
2020-01-25,4.88241437959314
2020-01-26,4.85612354641644
2020-01-27,4.86676677148789
2020-01-28,4.84718306591545
2020-01-29,4.85080078773478
2020-01-30,4.83812684980241
2020-01-31,4.90406228611596
2020-02-01,4.98669235507524
2020-02-02,4.95617568037336
2020-02-03,4.9487768217147
2020-02-04,4.89827720911161
2020-02-05,4.97478395174289
2020-02-06,4.96049187712419
2020-02-07,4.93025393364856
2020-02-08,4.8916148318679
2020-02-09,4.85899389849737
2020-02-10,4.85003812363924
2020-02-11,4.84772217514377
2020-02-12,4.84245277771276
2020-02-13,4.92336967642578
2020-02-14,5.17168067089019
2020-02-15,5.16076598826488
2020-02-16,5.20390048027478
2020-02-17,5.16573254659601
2020-02-18,5.11195328258733
2020-02-19,5.12882431289077
2020-02-20,5.14959719828464
2020-02-21,5.10104581624515
2020-02-22,5.12842607965191
2020-02-23,5.17458308955404
2020-02-24,5.19309033594975
2020-02-25,5.18244975807814
2020-02-26,5.19400372363996
2020-02-27,5.19639849933269
2020-02-28,5.19451952052839
2020-02-29,5.19265961767165
2020-03-01,5.17790828429094
2020-03-02,5.17935469772172
2020-03-03,5.14134190527236
2020-03-04,5.14648481995707
2020-03-05,5.12223064556344
2020-03-06,5.14618373344383
2020-03-07,5.1501503177201
2020-03-08,5.18608450144463
2020-03-09,5.14101997247525
2020-03-10,5.07375672101288
2020-03-11,5.07482497588826
2020-03-12,5.05942694075057
2020-03-13,5.03589393637935
2020-03-14,5.01035308431221
2020-03-15,4.97565887393555
2020-03-16,4.93440948656691
2020-03-17,4.89164629293098
2020-03-18,4.91454620366985
2020-03-19,4.92516351750444
2020-03-20,4.90205075796904
2020-03-21,4.94853659785098
2020-03-22,4.8854197286077
2020-03-23,4.83618218187154
2020-03-24,4.87634005354976
2020-03-25,4.90053983027828
2020-03-26,4.9569507650827
2020-03-27,5.04594383036228
2020-03-28,4.97270652636715
2020-03-29,5.02694782168373
2020-03-30,5.05049630386578
2020-03-31,5.1037055676944
2020-04-01,5.17072461982507
2020-04-02,5.19306498575817
2020-04-03,5.15839115915775
2020-04-04,5.16126817915713
2020-04-05,5.15817234011477
2020-04-06,5.17120617539085
2020-04-07,5.17820444568382
2020-04-08,5.20089143249853
2020-04-09,5.24136618169408
2020-04-10,5.25559629734
2020-04-11,5.27539854684981
2020-04-12,5.31069589509971
2020-04-13,5.34468525879849
2020-04-14,5.36969927856241
2020-04-15,5.37580424445016
2020-04-16,5.37379627949135
2020-04-17,5.39106777494913
2020-04-18,5.38444947041838
2020-04-19,5.41851385355952
2020-04-20,5.46227655249479
2020-04-21,5.52141994176056
2020-04-22,5.55097369985908
2020-04-23,5.58821343561607
2020-04-24,5.74543268061854
2020-04-25,5.78822258075641
2020-04-26,5.89719487495518
2020-04-27,6.17686327416742
2020-04-28,6.28555010039404
2020-04-29,6.34975635932299
2020-04-30,6.44457008240831
2020-05-01,6.4927693387276
2020-05-02,6.55981872434801
2020-05-03,6.63165903499506
2020-05-04,6.65467349947459
2020-05-05,6.67907323847536
2020-05-06,6.73437873966617
2020-05-07,6.77268949507942
2020-05-08,6.84915317261557
2020-05-09,6.87268882882365
2020-05-10,6.90949844713857
2020-05-11,6.9423682010476
2020-05-12,6.94640434797906
2020-05-13,7.00633096474066
2020-05-14,7.0434320567596
2020-05-15,7.06885100372389
2020-05-16,7.07949031831743
2020-05-17,7.13189718907758
2020-05-18,7.18388213698061
2020-05-19,7.2625093650943
2020-05-20,7.33192414377157
2020-05-21,7.33890297782146
2020-05-22,7.34389865067178
2020-05-23,7.33747310103818
2020-05-24,7.33714050836603
2020-05-25,7.33305909472838
2020-05-26,7.34596152521158
2020-05-27,7.34094916061038
2020-05-28,7.32699622931672
2020-05-29,7.31253264188816
2020-05-30,7.31715451375659
2020-05-31,7.2946644210656
2020-06-01,7.29372267649067
2020-06-02,7.28200663816483
2020-06-03,7.27493172909576
2020-06-04,7.25124380420712
2020-06-05,7.23683300042876
2020-06-06,7.19095001509959
2020-06-07,7.17979748705957
2020-06-08,7.15164252110472
2020-06-09,7.14766445161258
2020-06-10,7.14052730226701
2020-06-11,7.11649610419286
2020-06-12,7.11699614879056
2020-06-13,7.10098894974304
2020-06-14,7.09174223769436
2020-06-15,7.09033499037757
2020-06-16,7.09802758132459
2020-06-17,7.08666186047246
2020-06-18,7.07662918099158
2020-06-19,7.08188676694952
2020-06-20,7.06920922895321
2020-06-21,7.06621686438496
2020-06-22,7.07329518659059
2020-06-23,7.05588768979835
2020-06-24,7.07741423112321
2020-06-25,7.08159873597365
2020-06-26,7.08502521154953
2020-06-27,7.07191412994819
2020-06-28,7.06881047835899
2020-06-29,7.07206666504147
2020-06-30,7.08420979153128
2020-07-01,7.08170433294342
2020-07-02,7.08199990677281
2020-07-03,7.09192870244481
2020-07-04,7.09175336026947
2020-07-05,7.07322817141303
2020-07-06,7.05443190192568
2020-07-07,7.04899411100418
2020-07-08,7.04853000491858
2020-07-09,7.02217732664579
2020-07-10,6.9793003540947
2020-07-11,6.94066163644
2020-07-12,6.93818883142268
2020-07-13,6.9360698594225
2020-07-14,6.93254602118763
2020-07-15,6.93769660885397
2020-07-16,6.9234277263097
2020-07-17,6.92925686019217
2020-07-18,6.92623827318007
2020-07-19,6.92538066982422
2020-07-20,6.89961720098068
2020-07-21,6.91975103338911
2020-07-22,6.90495538465234
2020-07-23,6.9544389673423
2020-07-24,6.93210141941877
2020-07-25,6.91392769421662
2020-07-26,6.90761347467578
2020-07-27,6.90944558517135
2020-07-28,6.91964833484684
2020-07-29,6.92707152126216
2020-07-30,6.93644756033497
2020-07-31,6.95736785969539
2020-08-01,6.9625245095748
2020-08-02,6.9615541184476
2020-08-03,6.95685440852288
2020-08-04,6.97445872042488
2020-08-05,6.98682256779593
2020-08-06,7.00414155440901
2020-08-07,7.0165657522434
2020-08-08,6.99787738172606
2020-08-09,6.92568245535504
2020-08-10,6.93768574797858
2020-08-11,6.92874409073593
2020-08-12,6.97737824056532
2020-08-13,6.97255148251388
2020-08-14,6.95408085946112
2020-08-15,6.96139037033539
2020-08-16,6.95265428224095
2020-08-17,6.94864969176298
2020-08-18,6.97329769398649
2020-08-19,6.98522981914628
2020-08-20,6.97741531035378
2020-08-21,6.96396508534528
2020-08-22,6.9694465852082
2020-08-23,6.92117448203533
2020-08-24,6.89532909775156
2020-08-25,6.80604325371592
2020-08-26,6.82159495495709
2020-08-27,6.83716388026152
2020-08-28,6.8226125128646
2020-08-29,6.87045364287672
2020-08-30,7.06186934941862
2020-08-31,7.05703654227503
2020-09-01,7.06970272311827
2020-09-02,7.05941724674798
2020-09-03,7.02319943547689
2020-09-04,7.00122405852025
2020-09-05,6.98878392877072
2020-09-06,6.99942984568887
2020-09-07,6.99557180897275
2020-09-08,7.00217101299482
2020-09-09,7.00779721651465
2020-09-10,7.02125737136352
2020-09-11,7.02509036701684
2020-09-12,7.02733777152679
2020-09-13,7.03130716241953
2020-09-14,7.02691645592016
2020-09-15,6.99865085259594
2020-09-16,6.99011367836291
2020-09-17,6.9865179316756
2020-09-18,6.99164127464339
2020-09-19,6.95746115825817
2020-09-20,6.95166459995004
2020-09-21,7.04130383226271
2020-09-22,7.03891642800765
2020-09-23,7.03451939427438
2020-09-24,7.03351007121723
2020-09-25,7.00955923235315
2020-09-26,6.99629336566642
2020-09-27,6.9911375883592
2020-09-28,6.99739545062841
2020-09-29,7.03745058337056
2020-09-30,7.02444527119532
2020-10-01,7.11765676612569
2020-10-02,7.14491934757779
2020-10-03,7.23672449092152
2020-10-04,7.27028632573391
2020-10-05,7.39901437128168
2020-10-06,7.41381458896969
2020-10-07,7.72733648134703
2020-10-08,7.71585523924506
2020-10-09,7.75245791888644
2020-10-10,7.78859907645188
2020-10-11,7.83556188559389
2020-10-12,7.75114153308808
2020-10-13,7.89707838991705
2020-10-14,7.9633656345212
2020-10-15,7.76287382601338
2020-10-16,7.72130985845791
2020-10-17,7.56523161662965
2020-10-18,7.37611651947216
2020-10-19,7.26238359436492
2020-10-20,7.15433240643254
2020-10-21,6.84931131370122
2020-10-22,6.82275825730176
2020-10-23,6.82441295266338
2020-10-24,6.63559915890187
2020-10-25,6.65055600001851
2020-10-26,6.59772067103137
2020-10-27,6.50056873921998
2020-10-28,6.49570973228459
2020-10-29,6.4943045290406
2020-10-30,6.41754865395517
2020-10-31,6.34903694953618
2020-11-01,6.21931936040084
2020-11-02,6.12291546822481
2020-11-03,6.10747963446749
2020-11-04,6.06905147994949
2020-11-05,6.07719420735082
2020-11-06,5.96770203906654
2020-11-07,5.97149166460493
2020-11-08,5.94570400679745
2020-11-09,5.97200874173277
2020-11-10,5.66858373230052
2020-11-11,5.62561144138408
2020-11-12,5.71007089673704
2020-11-13,5.5768277263926
2020-11-14,5.53477513067263
2020-11-15,5.5284891714712
2020-11-16,5.60246160052181
2020-11-17,5.75898894919826
2020-11-18,5.70439845042215
2020-11-19,5.77700444019039
2020-11-20,6.07356399789863
2020-11-21,6.04136390030314
2020-11-22,6.3353346867595
2020-11-23,6.4750018081233
2020-11-24,6.45726755257399
2020-11-25,6.42643286726054
2020-11-26,6.48077076708061
2020-11-27,6.48333312343149
2020-11-28,6.31477536270803
2020-11-29,6.4694098479291
2020-11-30,6.45591556070111
2020-12-01,6.56006809989841
2020-12-02,6.52006096167302
2020-12-03,6.53345480384283
2020-12-04,6.59261759756787
2020-12-05,6.52385691934339
2020-12-06,6.19902722298423
2020-12-07,6.17649495601654
2020-12-08,6.01075313303822
2020-12-09,5.79753499795375
2020-12-10,5.79591433280105
2020-12-11,5.64154848985269
2020-12-12,5.12387059292486
2020-12-13,5.09639278568896
2020-12-14,5.08475474996881
2020-12-15,5.10345710261484
2020-12-16,4.95299023720953
2020-12-17,5.01232812774014
2020-12-18,5.00547109369459
2020-12-19,4.99138137537562
2020-12-20,5.02864103710529
2020-12-21,5.1364722588857
2020-12-22,5.14828198250904
2020-12-23,5.28553453800961
2020-12-24,5.27004434905871
2020-12-25,5.25236018379231
2020-12-26,5.23280030473324
2020-12-27,5.1772867358146
2020-12-28,5.17892741652774
2020-12-29,5.3023397890122
2020-12-30,5.40888692565899
2020-12-31,5.49946532820776
2021-01-01,5.52570049633268
2021-01-02,5.52604736815328
2021-01-03,5.65261901346247
2021-01-04,5.54557785823831
2021-01-05,5.56147478127185
2021-01-06,5.45052875363253
2021-01-07,5.53715612556361
2021-01-08,5.38446985622417
2021-01-09,5.38185617302646
2021-01-10,5.33435297560418
2021-01-11,5.20750710426848
2021-01-12,5.03013664954889
2021-01-13,4.90277920578277
2021-01-14,4.81717261020212
2021-01-15,4.65074930941667
2021-01-16,4.57972917838882
2021-01-17,4.44040360072434
2021-01-18,4.35421469638784
2021-01-19,4.345780977663
2021-01-20,4.32062466114486
2021-01-21,4.31315226681365
2021-01-22,4.37284181202134
2021-01-23,4.57841514476582
2021-01-24,4.57301183719848
2021-01-25,4.66086344058972
2021-01-26,4.69339667192854
2021-01-27,4.71140672581213
2021-01-28,4.70279557592134
2021-01-29,4.69705696537364
2021-01-30,4.67890613981735
2021-01-31,4.6810641276488
2021-02-01,4.65128720954217
2021-02-02,4.79270285304175
2021-02-03,4.78569242608456
2021-02-04,4.82280227994326
2021-02-05,4.80462203784087
2021-02-06,4.88919815002266
2021-02-07,4.86123880621089
2021-02-08,4.85919249993915
2021-02-09,4.92144561051992
2021-02-10,4.91024088416595
2021-02-11,4.87698369896134
2021-02-12,4.85362506178605
2021-02-13,4.8788316875366
2021-02-14,4.86996769337353
2021-02-15,4.90516339827378
2021-02-16,4.88374853057198
2021-02-17,4.89817705319813
2021-02-18,4.88163502930792
2021-02-19,4.90226443410294
2021-02-20,4.91473437413722
2021-02-21,4.94609498401869
2021-02-22,4.94271334555582
2021-02-23,4.94959351268817
2021-02-24,4.89976638781028
2021-02-25,4.90253748564406
2021-02-26,4.91638765204915
2021-02-27,4.90974308264767
2021-02-28,4.90150773306139
2021-03-01,4.87502436443973
2021-03-02,4.88506498561199
2021-03-03,4.84671947267163
2021-03-04,4.84207189898217
2021-03-05,4.83420963224725
2021-03-06,4.75939247142316
2021-03-07,4.78883224096263
2021-03-08,4.78131821810609
2021-03-09,4.69884578686479
2021-03-10,4.67154510277476
2021-03-11,4.66378168767596
2021-03-12,4.70146839851708
2021-03-13,4.61924080832073
2021-03-14,4.61846592266999
2021-03-15,4.66174778742104
2021-03-16,4.63174326942344
2021-03-17,4.64552596935621
2021-03-18,4.63866672857095
2021-03-19,4.82047297586054
2021-03-20,4.86646331918469
2021-03-21,4.85032610780767
2021-03-22,4.85370196282737
2021-03-23,4.80474629165702
2021-03-24,4.76145431449175
2021-03-25,4.77540840740207
2021-03-26,4.79539890135878
2021-03-27,4.84709343664881
2021-03-28,4.8544106922748
2021-03-29,4.85349029157969
2021-03-30,4.9198700097707
2021-03-31,4.9521903179018
2021-04-01,4.97808682537057
2021-04-02,4.96152847135314
2021-04-03,4.9676915521693
2021-04-04,4.98613984592582
2021-04-05,5.00766210216732
2021-04-06,5.01321137950539
2021-04-07,5.02938755352178
2021-04-08,5.0546816267777
2021-04-09,5.07394463890337
2021-04-10,5.08428445057601
2021-04-11,5.10350354812609
2021-04-12,5.10769706037032
2021-04-13,5.11076454715163
2021-04-14,5.10946583772969
2021-04-15,5.11442787396591
2021-04-16,5.10745492522089
2021-04-17,5.11839183860084
2021-04-18,5.1091949850149
2021-04-19,5.11334857011637
2021-04-20,5.17948507510202
2021-04-21,5.21529824777946
2021-04-22,5.22170832619128
2021-04-23,5.21076468535998
2021-04-24,5.22663550822327
2021-04-25,5.22838110179281
2021-04-26,5.29077969444403
2021-04-27,5.3260850022737
2021-04-28,5.35505124283597
2021-04-29,5.38206743838182
2021-04-30,5.44394706426183
2021-05-01,5.54662817478857
2021-05-02,5.6422717636187
2021-05-03,5.70127214685932
2021-05-04,5.74974963581232
2021-05-05,5.85912238378194
2021-05-06,5.92110450640204
2021-05-07,6.01422384132466
2021-05-08,6.06293711433405
2021-05-09,6.11494021830942
2021-05-10,6.15102532628313
2021-05-11,6.24518809972465
2021-05-12,6.29506754388371
2021-05-13,6.36390826584707
2021-05-14,6.72214114802439
2021-05-15,6.80990508682152
2021-05-16,6.85287081696727
2021-05-17,6.90501838249999
2021-05-18,6.94068137434392
2021-05-19,7.02574471722795
2021-05-20,7.06178389585071
2021-05-21,7.08594431463071
2021-05-22,7.1425072460848
2021-05-23,7.16841645346541
2021-05-24,7.18550639617065
2021-05-25,7.14988617968713
2021-05-26,7.1436561526782
2021-05-27,7.17369734943211
2021-05-28,7.15107938244583
2021-05-29,7.12168445386986
2021-05-30,7.09991349875309
2021-05-31,7.15194393534648
2021-06-01,7.16944592585439
2021-06-02,7.19908716363286
2021-06-03,7.18692120321811
2021-06-04,7.17925700068765
2021-06-05,7.15596589352936
2021-06-06,7.11509520759064
2021-06-07,7.07867269785286
2021-06-08,7.08604789356977
2021-06-09,7.08733171987101
2021-06-10,7.07883832199646
2021-06-11,7.0778263440666
2021-06-12,7.06479230897323
2021-06-13,7.0724101689676
2021-06-14,7.07888581508863
2021-06-15,7.08652024163494
2021-06-16,7.10183627567626
2021-06-17,7.09473120393607
2021-06-18,7.05944243044732
2021-06-19,7.07451757009625
2021-06-20,7.07705857681806
2021-06-21,7.07919747579145
2021-06-22,7.09130401628395
2021-06-23,7.06056120616825
2021-06-24,7.053090807784
2021-06-25,7.07372775576678
2021-06-26,7.08305704616164
2021-06-27,7.07344701863873
2021-06-28,7.08633974914851
2021-06-29,7.09356584646714
2021-06-30,7.09179162623303
2021-07-01,7.07590193306152
2021-07-02,7.06286307004971
2021-07-03,7.06842292339174
2021-07-04,7.07626629092402
2021-07-05,7.07747802885387
2021-07-06,7.07824954907783
2021-07-07,7.07137712304646
2021-07-08,7.07109264787421
2021-07-09,7.07201593165964
2021-07-10,7.06940220522593
2021-07-11,7.05701778835356
2021-07-12,7.04663740351771
2021-07-13,7.03481773563589
2021-07-14,7.02695689343185
2021-07-15,6.99520620241237
2021-07-16,6.98617519487342
2021-07-17,6.97041405425879
2021-07-18,6.95752057620344
2021-07-19,6.95544684454994
2021-07-20,6.95278449034787
2021-07-21,6.95310996264551
2021-07-22,6.96206954720195
2021-07-23,6.95122700963307
2021-07-24,6.89733752633126
2021-07-25,6.8957349162668
2021-07-26,6.89237531914769
2021-07-27,6.91824236664633
2021-07-28,6.92964871433345
2021-07-29,6.93749380147811
2021-07-30,6.93404408439595
2021-07-31,6.92323031224181
2021-08-01,6.93578623083572
2021-08-02,6.9600713805948
2021-08-03,6.95602281326952
2021-08-04,6.92184762600736
2021-08-05,6.95170701187375
2021-08-06,6.98181956171697
2021-08-07,6.99949796841325
2021-08-08,7.00152898780496
2021-08-09,6.98909707966548
2021-08-10,6.97639432356553
2021-08-11,6.96705829576813
2021-08-12,6.91515119766967
2021-08-13,6.94605568710002
2021-08-14,6.9552617220761
2021-08-15,6.95114843783471
2021-08-16,6.9574266308382
2021-08-17,6.93043865127675
2021-08-18,6.9340990494049
2021-08-19,6.93530529527299
2021-08-20,6.91464021624021
2021-08-21,6.90635929729025
2021-08-22,6.92097679923376
2021-08-23,6.94427253690146
2021-08-24,6.95658333276254
2021-08-25,6.95922292811037
2021-08-26,6.96559537013777
2021-08-27,6.9729149822887
2021-08-28,6.9637630807398
2021-08-29,6.99520684691713
2021-08-30,7.0183032110022
2021-08-31,7.02383146585267
2021-09-01,7.02454969993035
2021-09-02,7.01164803020775
2021-09-03,7.00725914981986
2021-09-04,7.02629240546206
2021-09-05,7.03079947660819
2021-09-06,7.02251297973734
2021-09-07,7.05559249606114
2021-09-08,7.04332437292177
2021-09-09,7.04025983181467
2021-09-10,7.00162703780071
2021-09-11,7.02935252665999
2021-09-12,7.05335857843914
2021-09-13,7.02816424318145
2021-09-14,7.03526871078946
2021-09-15,7.02111186305076
2021-09-16,7.00550433154355
2021-09-17,7.02264618467685
2021-09-18,7.00664677615905
2021-09-19,7.0131460137812
2021-09-20,7.03036122957565
2021-09-21,7.03924524678228
2021-09-22,6.98138847630783
2021-09-23,6.9751682556246
2021-09-24,6.97776494815893
2021-09-25,6.98019331700745
2021-09-26,6.9952387774074
2021-09-27,6.96204411686218
2021-09-28,6.93553914167899
2021-09-29,6.96112316654034
2021-09-30,6.99275716006781
2021-10-01,7.0044886876399
2021-10-02,7.02565911339302
2021-10-03,7.05571342199698
2021-10-04,7.05939924005427
2021-10-05,7.20376726566005
2021-10-06,7.19172010018921
2021-10-07,7.20400857582282
2021-10-08,7.27138870400869
2021-10-09,7.35777395274406
2021-10-10,7.32702325351702
2021-10-11,7.30961640883358
2021-10-12,7.27896073621638
2021-10-13,7.27422730596438
2021-10-14,7.28839256070888
2021-10-15,7.29393625904272
2021-10-16,7.26357435255268
2021-10-17,7.25002025978784
2021-10-18,7.21511312236237
2021-10-19,7.18974828011857
2021-10-20,7.18438490089233
2021-10-21,7.17124738585661
2021-10-22,7.20591821837836
2021-10-23,7.17927091783001
2021-10-24,7.17407462684774
2021-10-25,7.14908596006307
2021-10-26,7.05685226415544
2021-10-27,6.95310713848138
2021-10-28,6.94923742484713
2021-10-29,6.85228488208241
2021-10-30,6.73798184757047
2021-10-31,6.68212180321241
2021-11-01,6.54165869888082
2021-11-02,6.41844570591955
2021-11-03,6.41936749513858
2021-11-04,6.41542939313077
2021-11-05,6.38564713517738
2021-11-06,6.29243398770696
2021-11-07,5.97139207498715
2021-11-08,5.94519625895411
2021-11-09,5.90511096697535
2021-11-10,5.59742316761967
2021-11-11,5.68642094877042
2021-11-12,5.86098538368491
2021-11-13,6.18645656298795
2021-11-14,6.15064235369852
2021-11-15,6.17516129922285
2021-11-16,6.17915426983553
2021-11-17,6.0945062149888
2021-11-18,6.12193766477222
2021-11-19,6.09411641414895
2021-11-20,6.12838827388654
2021-11-21,6.11745703003798
2021-11-22,6.15361228118072
2021-11-23,6.18512512018159
2021-11-24,6.20929499602099
2021-11-25,6.3547081538642
2021-11-26,6.41739045398807
2021-11-27,6.33228119923608
2021-11-28,6.27436743340905
2021-11-29,6.30779742010211
2021-11-30,6.31116675683192
2021-12-01,6.17553314665372
2021-12-02,6.18128967188435
2021-12-03,6.36397878932101
2021-12-04,6.3933606328176
2021-12-05,6.4388619559234
2021-12-06,6.55158612749878
2021-12-07,6.49112515066235
2021-12-08,6.46942684610011
2021-12-09,6.52319110867609
2021-12-10,6.52351185594286
2021-12-11,6.33119842192022
2021-12-12,5.61583000611079
2021-12-13,5.68833359266749
2021-12-14,5.33567461877499
2021-12-15,5.27647564549377
2021-12-16,5.36255769625954
2021-12-17,5.74201847775148
2021-12-18,5.77632966929342
2021-12-19,5.88426704888088
2021-12-20,5.87750286149522
2021-12-21,5.78546653670423
2021-12-22,5.78998228035639
2021-12-23,5.81613184241524
2021-12-24,5.89462807289782
2021-12-25,5.90747732765931
2021-12-26,5.91569439524171
2021-12-27,5.89425037761779
2021-12-28,5.86030979842356
2021-12-29,5.81568941595603
2021-12-30,5.77522018358698
2021-12-31,5.80542828605761
2022-01-01,5.79726694543844
2022-01-02,5.7496426887663
2022-01-03,5.71419656226963
2022-01-04,5.57665052715345
2022-01-05,5.56041713355939
2022-01-06,5.55708371158829
2022-01-07,5.61102128264151
2022-01-08,5.57297757660632
2022-01-09,5.40049247706894
2022-01-10,5.32325185967444
2022-01-11,5.17568502676256
2022-01-12,4.94205237373914
2022-01-13,5.10343001850677
2022-01-14,4.85129633364916
2022-01-15,5.00380018494986
2022-01-16,5.06428910140544
2022-01-17,4.97482817569368
2022-01-18,4.94234817587542
2022-01-19,4.96083807871624
2022-01-20,5.00904300594426
2022-01-21,5.01235264456753
2022-01-22,5.01898137411162
2022-01-23,5.01670454141861
2022-01-24,4.91808990834321
2022-01-25,4.86297050125507
2022-01-26,4.83945248565557
2022-01-27,4.81489993864859
2022-01-28,4.86015343146485
2022-01-29,4.86729799949601
2022-01-30,4.89278029758751
2022-01-31,4.89668135717887
2022-02-01,4.90929333817034
2022-02-02,5.03309961902052
2022-02-03,5.08816966890009
2022-02-04,5.10391549074061
2022-02-05,5.08769363934619
2022-02-06,5.13378998936202
2022-02-07,5.04148399252298
2022-02-08,4.97337318831216
2022-02-09,4.94555933973307
2022-02-10,4.94066090193535
2022-02-11,4.93807811769721
2022-02-12,4.95943238214299
2022-02-13,4.91256688260664
2022-02-14,4.84049318143859
2022-02-15,4.8326145615696
2022-02-16,4.82791900392169
2022-02-17,4.82301923091116
2022-02-18,4.79128279620499
2022-02-19,4.74161480768511
2022-02-20,4.7801692034133
2022-02-21,4.78018890713957
2022-02-22,4.73989690635826
2022-02-23,4.80082405378062
2022-02-24,4.83863490313495
2022-02-25,4.93331318777496
2022-02-26,4.95080463383514
2022-02-27,4.97044189516094
2022-02-28,4.92155083702908
2022-03-01,4.95315696767675
2022-03-02,5.00923789130453
2022-03-03,4.98950396470625
2022-03-04,4.99339043256359
2022-03-05,5.00190793122792
2022-03-06,4.96663814299326
2022-03-07,4.97440751808416
2022-03-08,4.91336179360636
2022-03-09,4.91672946493782
2022-03-10,4.86189950284219
2022-03-11,4.89607344320241
2022-03-12,4.91659148745845
2022-03-13,4.86000184545081
2022-03-14,4.8631409882091
2022-03-15,4.82329180552184
2022-03-16,4.77956436061849
2022-03-17,4.71800761358395
2022-03-18,4.66680130245777
2022-03-19,4.70129228169852
2022-03-20,4.62809821602489
2022-03-21,4.53348939086551
2022-03-22,4.48836269472078
2022-03-23,4.47419415677793
2022-03-24,4.50634145111158
2022-03-25,4.58431041549214
2022-03-26,4.59611478317242
2022-03-27,4.58250770642641
2022-03-28,4.52858019745279
2022-03-29,4.53023152982461
2022-03-30,4.54550010925582
2022-03-31,4.58273569216147
2022-04-01,4.59463353704065
2022-04-02,4.63403386298738
2022-04-03,4.6479495755201
2022-04-04,4.65603069356914
2022-04-05,4.69272690594115
2022-04-06,4.87071353318091
2022-04-07,4.88329626699858
2022-04-08,5.13096597660856
2022-04-09,4.91991976904399
2022-04-10,4.96728766078479
2022-04-11,4.95528240145989
2022-04-12,5.0112364314067
2022-04-13,5.13391096280811
2022-04-14,5.13635993110113
2022-04-15,5.17832240624995
2022-04-16,5.11823948031699
2022-04-17,5.06287892120923
2022-04-18,5.08210121710574
2022-04-19,5.09612337191138
2022-04-20,5.08519647094798
2022-04-21,5.1369225309012
2022-04-22,5.15997808466462
2022-04-23,5.2489021837397
2022-04-24,5.27558408002098
2022-04-25,5.30519702075125
2022-04-26,5.31270400494311
2022-04-27,5.33680794900721
2022-04-28,5.4031424208568
2022-04-29,5.45532321731078
2022-04-30,5.50883785568168
2022-05-01,5.52125969820046
2022-05-02,5.54892983964966
2022-05-03,5.59068324291117
2022-05-04,5.6386585722379
2022-05-05,5.69748614949209
2022-05-06,5.74064823867379
2022-05-07,5.81862697141204
2022-05-08,5.8689517871858
2022-05-09,5.9308653356189
2022-05-10,5.99536469088346
2022-05-11,6.11759135870598
2022-05-12,6.25882967771767
2022-05-13,6.39360765383305
2022-05-14,6.48495266727182
2022-05-15,6.54739601878683
2022-05-16,6.61155921673127
2022-05-17,6.86872467164401
2022-05-18,6.90432465937578
2022-05-19,6.9492426827037
2022-05-20,6.9652742648123
2022-05-21,6.97007759726498
2022-05-22,6.99530796914768
2022-05-23,7.03088249788891
2022-05-24,7.05974739716823
2022-05-25,7.11773851289288
2022-05-26,7.14897276258869
2022-05-27,7.18538088385025
2022-05-28,7.19732548417939
2022-05-29,7.20247032644339
2022-05-30,7.22877451683979
2022-05-31,7.23737028357719
2022-06-01,7.27515697640754
2022-06-02,7.27568566273689
2022-06-03,7.25279496914701
2022-06-04,7.22382903112247
2022-06-05,7.19785756288688
2022-06-06,7.18133884474457
2022-06-07,7.14233295105229
2022-06-08,7.12123046910789
2022-06-09,7.10663834764521
2022-06-10,7.09798591362564
2022-06-11,7.07773445225802
2022-06-12,7.0544182251587
2022-06-13,7.03880000204894
2022-06-14,7.0108487770651
2022-06-15,6.98905194298974
2022-06-16,6.9941411852779
2022-06-17,6.98655916434807
2022-06-18,6.9852996448053
2022-06-19,6.98645199657324
2022-06-20,6.98311848193099
2022-06-21,6.97877731332765
2022-06-22,6.98146171478876
2022-06-23,6.98199213540082
2022-06-24,6.98719749348915
2022-06-25,6.9842409196163
2022-06-26,6.98963726562669
2022-06-27,7.00169912100495
2022-06-28,7.00943852709102
2022-06-29,7.01596794036498
2022-06-30,7.01744646728962
2022-07-01,7.0210347366333
2022-07-02,7.02038384122787
2022-07-03,7.03314394595976
2022-07-04,7.00578329578277
2022-07-05,6.99718965570669
2022-07-06,6.99637123198805
2022-07-07,6.98820429026904
2022-07-08,6.99290913787775
2022-07-09,6.99792965670312
2022-07-10,6.97596299184133
2022-07-11,6.97261360883134
2022-07-12,6.99794550189457
2022-07-13,7.00113864975693
2022-07-14,7.00820413306454
2022-07-15,6.98010603957831
2022-07-16,6.92675401798489
2022-07-17,6.94222942986958
2022-07-18,6.96407722194079
2022-07-19,7.00921067006227
2022-07-20,6.98837268086202
2022-07-21,6.98067535136721
2022-07-22,6.98780741898121
2022-07-23,6.99190969024407
2022-07-24,7.00005144928521
2022-07-25,7.00471663390941
2022-07-26,7.00125880513854
2022-07-27,7.0068613103222
2022-07-28,6.99417763908858
2022-07-29,6.99580987655106
2022-07-30,6.9913362504181
2022-07-31,7.02435475613463
2022-08-01,7.00268535432279
2022-08-02,6.99616509404993
2022-08-03,7.0127289482916
2022-08-04,6.98398979591701
2022-08-05,7.01145744618074
2022-08-06,7.00508023153023
2022-08-07,7.01138281200243
2022-08-08,7.01332786489723
2022-08-09,7.00863884038052
2022-08-10,7.00161779773574
2022-08-11,6.9502782913342
2022-08-12,6.95325568555525
2022-08-13,6.97812432169608
2022-08-14,6.98432272714856
2022-08-15,6.98065900882179
2022-08-16,6.97158263372692
2022-08-17,6.97487649627046
2022-08-18,6.97642470453903
2022-08-19,6.9882324346781
2022-08-20,7.00540673362824
2022-08-21,6.96376070173419
2022-08-22,7.02863761537911
2022-08-23,6.97560942108608
2022-08-24,6.90055035097051
2022-08-25,6.89870030921254
2022-08-26,6.92037134510282
2022-08-27,6.95257153805295
2022-08-28,6.94882787454077
2022-08-29,6.97131291880685
2022-08-30,7.01806153691243
2022-08-31,6.98679719819591
2022-09-01,6.97358843678051
2022-09-02,7.00171759788892
2022-09-03,7.00428746559273
2022-09-04,7.05617688049183
2022-09-05,7.05697708587499
2022-09-06,7.05733467837175
2022-09-07,7.03806268261381
2022-09-08,7.04829959364419
2022-09-09,7.05103531271078
2022-09-10,7.04997311908572
2022-09-11,7.04677731107719
2022-09-12,7.04549876743078
2022-09-13,7.04610419815198
2022-09-14,7.04022971909129
2022-09-15,7.04550983311062
2022-09-16,7.05744260712846
2022-09-17,7.06621580947266
2022-09-18,7.06023269265039
2022-09-19,7.06218583599159
2022-09-20,7.0412455671934
2022-09-21,6.97738720583785
2022-09-22,6.98752808430552
2022-09-23,7.01386337374444
2022-09-24,6.97597850341918
2022-09-25,6.98969965251431
2022-09-26,6.99604777607664
2022-09-27,7.01151756762345
2022-09-28,6.95675814009995
2022-09-29,6.95372356969646
2022-09-30,6.97446122548157
2022-10-01,6.96751773806799
2022-10-02,6.96056820565915
2022-10-03,6.967014352049
2022-10-04,6.97624226808355
2022-10-05,6.94873425273651
2022-10-06,6.97109047483147
2022-10-07,6.99305901582303
2022-10-08,7.00016796932344
2022-10-09,6.95439179415701
2022-10-10,6.92551939355821
2022-10-11,6.92706592809794
2022-10-12,6.94164170465583
2022-10-13,6.83791777653324
2022-10-14,6.87464920732215
2022-10-15,6.93755617756403
2022-10-16,6.914346820931
2022-10-17,6.74995376640275
2022-10-18,6.86566637639753
2022-10-19,6.32868724959344
2022-10-20,6.68129302088962
2022-10-21,6.74527578075014
2022-10-22,6.76707861366431
2022-10-23,6.78763336066251
2022-10-24,6.858039776874
2022-10-25,6.77723534106441
2022-10-26,6.78563993171247
2022-10-27,6.85765041495321
2022-10-28,6.86262464045823
2022-10-29,6.92148542869519
2022-10-30,6.80333295585368
2022-10-31,6.65359058919657
2022-11-01,6.54872563098105
2022-11-02,6.5074397590532
2022-11-03,6.4687065559926
2022-11-04,6.32816180908558
2022-11-05,5.89555284524987
2022-11-06,5.46345838178768
2022-11-07,5.45425731812033
2022-11-08,5.49358561564877
2022-11-09,5.47287598780686
2022-11-10,5.43168179504541
2022-11-11,5.42268018672954
2022-11-12,5.44998305729014
2022-11-13,5.50972071599916
2022-11-14,5.44599685717215
2022-11-15,5.51721694136677
2022-11-16,5.51283960747023
2022-11-17,5.57343578605391
2022-11-18,5.58553898725803
2022-11-19,5.76059899841559
2022-11-20,5.74791164577315
2022-11-21,5.76095012397888
2022-11-22,5.96928944823318
2022-11-23,5.96426914110495
2022-11-24,5.94994529118215
2022-11-25,5.94939953755695
2022-11-26,5.99675317563141
2022-11-27,5.92260469742555
2022-11-28,5.83813386032245
2022-11-29,5.43100211999127
2022-11-30,5.44016712839885
2022-12-01,5.75767326619523
2022-12-02,5.86388793858615
2022-12-03,5.88459411246239
2022-12-04,5.91558463919254
2022-12-05,5.78515456820564
2022-12-06,5.65419318150666
2022-12-07,5.54450395094097
2022-12-08,5.4799922972222
2022-12-09,5.44887473801656
2022-12-10,5.55959995868159
2022-12-11,5.65235288603584
2022-12-12,5.69137920104351
2022-12-13,5.76902059014775
2022-12-14,5.70686232110265
2022-12-15,5.56690641222299
2022-12-16,5.53620547096746
2022-12-17,5.53132287247869
2022-12-18,5.51001527605918
2022-12-19,5.53347340361167
2022-12-20,5.46973966858158
2022-12-21,5.42135096279807
2022-12-22,5.28828800407447
2022-12-23,5.27688931567328
2022-12-24,5.30249793648146
2022-12-25,5.31139886109189
2022-12-26,5.29286009930382
2022-12-27,5.2108981353896
2022-12-28,5.08334587137894
2022-12-29,5.09469283970609
2022-12-30,4.9296640793779
2022-12-31,5.01843051211422
2023-01-01,4.78641182563972
2023-01-02,4.72991914725481
2023-01-03,4.7810968672357
2023-01-04,4.84649094757826
2023-01-05,4.86189481342883
2023-01-06,4.84510207226191
2023-01-07,4.97543345455661
2023-01-08,4.99620703086766
2023-01-09,4.96929767088681
2023-01-10,5.06956521516823
2023-01-11,4.83293494317088
2023-01-12,4.59559367638699
2023-01-13,4.54359950071031
2023-01-14,4.53686183374652
2023-01-15,4.54490239849929
2023-01-16,4.51688269671175
2023-01-17,4.50031622929789
2023-01-18,4.3571040248344
2023-01-19,4.20812301279503
2023-01-20,4.17507679902458
2023-01-21,4.15781594823213
2023-01-22,4.29665382703145
2023-01-23,4.28833597367819
2023-01-24,4.4391590442215
2023-01-25,4.43729086209021
2023-01-26,4.45257589212482
2023-01-27,4.46119547842454
2023-01-28,4.47465750271121
2023-01-29,4.50521727731295
2023-01-30,4.5954453509647
2023-01-31,4.68359196353911
2023-02-01,4.65455809291573
2023-02-02,4.66321611530058
2023-02-03,4.673856174078
2023-02-04,4.72631771524384
2023-02-05,4.90180616633202
2023-02-06,4.88997744359155
2023-02-07,5.00536716448957
2023-02-08,5.06726245937068
2023-02-09,5.09541407088226
2023-02-10,5.12748874697462
2023-02-11,5.24721421241207
2023-02-12,5.27442848495547
2023-02-13,5.27782114941721
2023-02-14,5.21969619521114
2023-02-15,5.12242916233352
2023-02-16,5.098166456737
2023-02-17,5.11136698791364
2023-02-18,5.09695874172321
2023-02-19,5.10997925197415
2023-02-20,5.04039364663284
2023-02-21,5.02673950003806
2023-02-22,5.05743424354759
2023-02-23,5.0314288196864
2023-02-24,4.99442746474355
2023-02-25,4.92734583762699
2023-02-26,4.87353222546698
2023-02-27,4.75794102521708
2023-02-28,4.75446499049209
2023-03-01,4.75037552630327
2023-03-02,4.78749440320923
2023-03-03,4.80767148478172
2023-03-04,4.84203568820775
2023-03-05,4.82981295236015
2023-03-06,4.77719017272479
2023-03-07,5.05719998304921
2023-03-08,5.09143507556382
2023-03-09,5.00328333429609
2023-03-10,4.97773327609389
2023-03-11,5.1179343495692
2023-03-12,4.99874356941736
2023-03-13,4.97454599648858
2023-03-14,4.90413936166715
2023-03-15,4.89628916607937
2023-03-16,4.87372048605355
2023-03-17,4.87863051815595
2023-03-18,4.88853745976595
2023-03-19,4.9062973417024
2023-03-20,4.90872407035711
2023-03-21,4.89474041902903
2023-03-22,4.90461890585413
2023-03-23,4.90106855399637
2023-03-24,4.87257879177844
2023-03-25,4.88460830679369
2023-03-26,4.91317594132328
2023-03-27,4.92523915398255
2023-03-28,4.94395081157955
2023-03-29,4.92798669904058
2023-03-30,4.93694820681352
2023-03-31,4.92270754780585
2023-04-01,4.95519750991192
2023-04-02,4.95525326063313
2023-04-03,4.95180554169383
2023-04-04,4.97965529192457
2023-04-05,4.99274132022408
2023-04-06,5.01198960909356
2023-04-07,5.03261232537286
2023-04-08,5.02094020621245
2023-04-09,5.02960002545996
2023-04-10,5.02839181183818
2023-04-11,5.01989177450491
2023-04-12,5.02079091546266
2023-04-13,5.03485012216035
2023-04-14,5.04184919857785
2023-04-15,5.04644703646626
2023-04-16,5.04788816721671
2023-04-17,5.0721577447734
2023-04-18,5.08531479785339
2023-04-19,5.08510702889467
2023-04-20,5.08650386213124
2023-04-21,5.11423612875753
2023-04-22,5.17088953122683
2023-04-23,5.2121844855499
2023-04-24,5.23647014824327
2023-04-25,5.30122146659643
2023-04-26,5.33623132728689
2023-04-27,5.36543673530936
2023-04-28,5.40590220775991
2023-04-29,5.44221472896761
2023-04-30,5.49404414726028
2023-05-01,5.5523557504985
2023-05-02,5.77053016530503
2023-05-03,5.81001710116133
2023-05-04,5.81547519509584
2023-05-05,5.80152465192917
2023-05-06,5.82622557210383
2023-05-07,5.85357452059821
2023-05-08,5.8864217188149
2023-05-09,5.96399838022456
2023-05-10,6.01961722497943
2023-05-11,6.07135964246212
2023-05-12,6.12033820870361
2023-05-13,6.1528757777836
2023-05-14,6.2250602409883
2023-05-15,6.28667541885508
2023-05-16,6.3374061945603
2023-05-17,6.38517708110757
2023-05-18,6.4223338963626
2023-05-19,6.47881246873504
2023-05-20,6.51712597146802
2023-05-21,6.65517991692447
2023-05-22,6.73306225176343
2023-05-23,6.8949103962716
2023-05-24,6.97367669547412
2023-05-25,6.98591002996647
2023-05-26,7.00463638396125
2023-05-27,7.01316881260602
2023-05-28,7.00718684518553
2023-05-29,7.03212392236291
2023-05-30,7.0157989952559
2023-05-31,7.00318283510573
2023-06-01,6.9685056118068
2023-06-02,6.9636936006696
2023-06-03,6.96129100171299
2023-06-04,6.94714919699166
2023-06-05,6.94038941985856
2023-06-06,6.93610258219521
2023-06-07,6.92258299888619
2023-06-08,6.90665953584733
2023-06-09,6.91053704460476
2023-06-10,6.91238507415229
2023-06-11,6.89360020399194
2023-06-12,6.89430005263615
2023-06-13,6.88678201339971
2023-06-14,6.87221212213616
2023-06-15,6.86297294697395
2023-06-16,6.76984274634343
2023-06-17,6.77949633675145
2023-06-18,6.87471824019489
2023-06-19,6.92027624424702
2023-06-20,6.91747462712212
2023-06-21,6.88453523753929
2023-06-22,6.8904443991659
2023-06-23,6.9079342040185
2023-06-24,6.9356205667919
2023-06-25,6.92760662403257
2023-06-26,6.93467401257214
2023-06-27,6.93577973457948
2023-06-28,6.92567213687463
2023-06-29,6.90866984474064
2023-06-30,6.89549485945028
2023-07-01,6.87167415685946
2023-07-02,6.88616001262012
2023-07-03,6.89657506729005
2023-07-04,6.90980365487194
2023-07-05,6.90508627710759
2023-07-06,6.91289732201158
2023-07-07,6.90974583216926
2023-07-08,6.9161067422334
2023-07-09,6.91787660873954
2023-07-10,6.9227391802575
2023-07-11,6.90994724744608
2023-07-12,6.89749433583521
2023-07-13,6.8875294633024
2023-07-14,6.8856660111384
2023-07-15,6.89469977558822
2023-07-16,6.89016436757979
2023-07-17,6.90110144276815
2023-07-18,6.90169075248781
2023-07-19,6.8811887832787
2023-07-20,6.87140416630763
2023-07-21,6.87627012433884
2023-07-22,6.91772468609923
2023-07-23,6.92560762684064
2023-07-24,6.94241992213909
2023-07-25,6.91035218396468
2023-07-26,6.88862750371791
2023-07-27,6.86280157835796
2023-07-28,7.34339631132783
2023-07-29,7.38180289625481
2023-07-30,6.82054912239253
2023-07-31,6.04856616246378
2023-08-01,6.2503561048311
2023-08-02,7.07610377938166
2023-08-03,5.61732983528583
2023-08-04,6.46615722420982
2023-08-05,7.08457504898795
2023-08-06,6.82428764259154
2023-08-07,6.87242933965044
2023-08-08,7.25197760726555
2023-08-09,6.82793964393811
2023-08-10,6.8245520004566
2023-08-11,6.8259220463443
2023-08-12,6.83708346631971
2023-08-13,6.90208218540062
2023-08-14,6.93901074919509
2023-08-15,6.90498940768337
2023-08-16,6.89366656330276
2023-08-17,6.87626245025657
2023-08-18,6.86796306468703
2023-08-19,6.86975232065953
2023-08-20,6.94816517448717
2023-08-21,6.93495873868847
2023-08-22,6.92976041768574
2023-08-23,6.94159534549443
2023-08-24,6.94592067402154
2023-08-25,6.93707370467765
2023-08-26,6.94269339797113
2023-08-27,6.93817041508353
2023-08-28,6.95769955396932
2023-08-29,6.9599146101568
2023-08-30,6.96067352304791
2023-08-31,6.96968667592245
2023-09-01,6.98488239559911
2023-09-02,6.97458552777734
2023-09-03,6.97819823613128
2023-09-04,6.98040136411438
2023-09-05,6.97132083282416
2023-09-06,6.97767733404554
2023-09-07,6.97566355958478
2023-09-08,6.97955750137424
2023-09-09,6.9673417690444
2023-09-10,6.97247668042317
2023-09-11,6.96611154795006
2023-09-12,6.94502680699444
2023-09-13,6.92874940675873
2023-09-14,6.91896041223838
2023-09-15,6.92045008469967
2023-09-16,6.91504536162253
2023-09-17,6.91173808913382
2023-09-18,6.9075096641183
2023-09-19,6.89092819289307
2023-09-20,6.89597488715733
2023-09-21,6.88711110198444
2023-09-22,6.8800293783214
2023-09-23,6.88896148600912
2023-09-24,6.85187853398711
2023-09-25,6.86963198149428
2023-09-26,6.83883918654807
2023-09-27,6.91125478510334
2023-09-28,6.95574039794258
2023-09-29,7.02435267051133
2023-09-30,7.06812841931217
2023-10-01,7.0786147391749
2023-10-02,7.07370043645966
2023-10-03,7.07260829064779
2023-10-04,7.09046269195619
2023-10-05,7.13194900336821
2023-10-06,7.16438510497464
2023-10-07,7.20670795790476
2023-10-08,7.22512539804477
2023-10-09,7.176785746879
2023-10-10,7.18543892240243
2023-10-11,7.21841427081893
2023-10-12,7.23921299216698
2023-10-13,7.19216236611346
2023-10-14,7.18206946884871
2023-10-15,7.16997700522117
2023-10-16,7.13279117755605
2023-10-17,7.06935374624003
2023-10-18,7.05380821922668
2023-10-19,7.04468472242244
2023-10-20,7.0984060716703
2023-10-21,7.05319367634402
2023-10-22,7.02849783451355
2023-10-23,6.95021624985348
2023-10-24,6.73387740244245
2023-10-25,6.64739498095173
2023-10-26,6.54030371441872
2023-10-27,6.4156031858116
2023-10-28,6.38835902043263
2023-10-29,6.34020391602588
2023-10-30,6.30151687057367
2023-10-31,6.34382478978369
2023-11-01,6.35718904933864
2023-11-02,6.28553329176183
2023-11-03,6.19085443709939
2023-11-04,6.22167993159387
2023-11-05,6.1684264964304
2023-11-06,6.17953746343427
2023-11-07,6.11858708978172
2023-11-08,6.20827071240749
2023-11-09,6.22979568690996
2023-11-10,6.20071020169792
2023-11-11,6.1643659356837
2023-11-12,6.1278479380267
2023-11-13,5.86903458847362
2023-11-14,5.80308568666205
2023-11-15,5.81539048793727
2023-11-16,5.80644243286974
2023-11-17,5.80404660455733
2023-11-18,5.78647837279291
2023-11-19,5.97078716768203
2023-11-20,5.57775844236579
2023-11-21,5.39530219457236
2023-11-22,5.45968772115261
2023-11-23,5.48490045248316
2023-11-24,5.43917662322901
2023-11-25,5.30806452913475
2023-11-26,5.23379634332033
2023-11-27,5.23515010245331
2023-11-28,5.20214253204172
2023-11-29,5.250286908289
2023-11-30,5.26456835996516
2023-12-01,5.5142248068438
2023-12-02,5.38466426933774
2023-12-03,5.49601162097369
2023-12-04,5.52595173643433
2023-12-05,5.41075884067961
2023-12-06,5.30829653461194
2023-12-07,5.36434164097969
2023-12-08,5.083435684968
2023-12-09,4.85658388637618
2023-12-10,4.91536582378965
2023-12-11,5.05524215948435
2023-12-12,5.16883692676074
2023-12-13,5.16036263003259
2023-12-14,5.06277134102218
2023-12-15,4.99825253767815
2023-12-16,5.02861691385076
2023-12-17,5.27518270529953
2023-12-18,5.16913351859434
2023-12-19,5.21278829391186
2023-12-20,5.18368044834511
2023-12-21,5.15409486448234
2023-12-22,5.14761177716393
2023-12-23,5.19263350803221
2023-12-24,5.27530775413857
2023-12-25,5.25234596260681
2023-12-26,5.29478233594161
2023-12-27,5.26763055221422
2023-12-28,5.18060138600516
2023-12-29,5.21335084723314
2023-12-30,5.19272977289502
2023-12-31,5.29336725408875
2024-01-01,5.25298048110857
2024-01-02,5.12251260988882
2024-01-03,5.0754822503275
2024-01-04,4.85998155461981
2024-01-05,4.83933846033537
2024-01-06,4.84368468675593
2024-01-07,4.82871329857828
2024-01-08,4.71292950361967
2024-01-09,4.93946710270312
2024-01-10,5.0099544039479
2024-01-11,5.06923341088825
2024-01-12,4.99879671866635
2024-01-13,5.03549258830887
2024-01-14,5.03106969937097
2024-01-15,5.0308603139324
2024-01-16,5.0054979574649
2024-01-17,4.94460172531935
2024-01-18,4.99011515529759
2024-01-19,4.89638582797617
2024-01-20,4.91000500693156
2024-01-21,4.97183738736227
2024-01-22,4.9787918382782
2024-01-23,4.88867202293959
2024-01-24,4.85802633589553
2024-01-25,4.87351308101089
2024-01-26,4.84088858720338
2024-01-27,4.88621570600211
2024-01-28,4.87663007754524
2024-01-29,4.84893045654479
2024-01-30,4.87001425225781
2024-01-31,4.84812807370921
2024-02-01,4.90585756078013
2024-02-02,4.89691035862933
2024-02-03,4.94900862042231
2024-02-04,4.99138471910391
2024-02-05,5.05340880297573
2024-02-06,5.1042566088559
2024-02-07,5.14172035310538
2024-02-08,5.07696604002274
2024-02-09,5.12653498453951
2024-02-10,5.67631854475328
2024-02-11,5.05904525068571
2024-02-12,5.09630442848323
2024-02-13,5.04874344327575
2024-02-14,4.8931273882682
2024-02-15,5.02317870669608
2024-02-16,5.01960366652394
2024-02-17,4.92136321737495
2024-02-18,4.89701660441174
2024-02-19,4.87190001622862
2024-02-20,4.88169104348684
2024-02-21,4.86474991697702
2024-02-22,4.86763706991779
2024-02-23,4.85654316376478
2024-02-24,4.84821644538484
2024-02-25,4.85175045635919
2024-02-26,4.83729656332867
2024-02-27,4.84790398327652
2024-02-28,4.81535780770315
2024-02-29,4.7714581154544
2024-03-01,4.80666631021081
2024-03-02,4.59675074261648
2024-03-03,4.6106400499227
2024-03-04,4.68587203524822
2024-03-05,4.73228685990509
2024-03-06,4.72431771474983
2024-03-07,4.70292434235298
2024-03-08,4.70404025550935
2024-03-09,4.64271516092365
2024-03-10,4.80818727091574
2024-03-11,4.95484242060911
2024-03-12,5.04349345883792
2024-03-13,5.06737119283114
2024-03-14,5.01320424625476
2024-03-15,4.97341268575447
2024-03-16,4.96881256548207
2024-03-17,4.95455775819913
2024-03-18,4.94794227591639
2024-03-19,4.85848682174206
2024-03-20,4.84656054719105
2024-03-21,4.85535860742841
2024-03-22,4.96061303691617
2024-03-23,5.01030523657915
2024-03-24,5.05052762876708
2024-03-25,5.03659451269226
2024-03-26,4.99378547603539
2024-03-27,5.04283956674205
2024-03-28,4.98992088857886
2024-03-29,4.98508200977125
2024-03-30,4.98571651019275
2024-03-31,4.99502246575037
2024-04-01,4.99885842330818
2024-04-02,5.02428771556182
2024-04-03,5.03225038848778
2024-04-04,5.0439729777955
2024-04-05,5.06551834977617
2024-04-06,5.08052784867437
2024-04-07,5.10691147633014
2024-04-08,5.1147107145592
2024-04-09,5.12010215433684
2024-04-10,5.10914685357193
2024-04-11,5.1573212693802
2024-04-12,5.17741634575713
2024-04-13,5.20772489523804
2024-04-14,5.26277090930316
2024-04-15,5.28806160473914
2024-04-16,5.32133305655325
2024-04-17,5.33169092617258
2024-04-18,5.35058365269711
2024-04-19,5.37001256135336
2024-04-20,5.38891840451049
2024-04-21,5.40401334159541
2024-04-22,5.44416955836718
2024-04-23,5.46336268508585
2024-04-24,5.48320389100503
2024-04-25,5.52478638449584
2024-04-26,5.55800318657859
2024-04-27,5.60304185911442
2024-04-28,5.65828499815208
2024-04-29,5.68425892178681
2024-04-30,5.73724755185295
2024-05-01,5.76176828776272
2024-05-02,5.78441297464119
2024-05-03,5.86310435241636
2024-05-04,5.88960456277733
2024-05-05,5.96920823572982
2024-05-06,6.01624029756648
2024-05-07,6.03293646225179
2024-05-08,6.06211747147851
2024-05-09,6.10735512932993
2024-05-10,6.1355958418367
2024-05-11,6.16886100076177
2024-05-12,6.21146463885532
2024-05-13,6.25209566438317
2024-05-14,6.2961276841262
2024-05-15,6.41739623777543
2024-05-16,6.49880252166807
2024-05-17,6.65918945016507
2024-05-18,6.74307943686394
2024-05-19,6.80753059009518
2024-05-20,6.84996256603033
2024-05-21,6.8983000976022
2024-05-22,6.89393645885708
2024-05-23,6.95157014181206
2024-05-24,7.01039672485835
2024-05-25,7.05572283543942
2024-05-26,7.08743845274856
2024-05-27,7.11646891991873
2024-05-28,7.11026960716237
2024-05-29,7.1130226041401
2024-05-30,7.17018612325841
2024-05-31,7.15420985507912
2024-06-01,7.16237185830404
2024-06-02,7.13179996209007
2024-06-03,7.10742409290149
2024-06-04,7.13006115721193
2024-06-05,7.14238448608204
2024-06-06,7.10251788449117
2024-06-07,7.09034141843909
2024-06-08,7.0946708449589
2024-06-09,7.08052001868877
2024-06-10,7.06535533918183
2024-06-11,7.09216990210303
2024-06-12,7.12638177949244
2024-06-13,7.14742171565664
2024-06-14,7.14376468898803
2024-06-15,7.15783736816497
2024-06-16,7.15841617087653
2024-06-17,7.15975703946815
2024-06-18,7.16040439351887
2024-06-19,7.14988313950048
2024-06-20,7.13991914045364
2024-06-21,7.13147698699354
2024-06-22,7.12744862861573
2024-06-23,7.1133590371518
2024-06-24,7.09372054271388
2024-06-25,7.07862256861036
2024-06-26,7.05925042932403
2024-06-27,7.04800623556646
2024-06-28,7.01886614563053
2024-06-29,7.00239059778418
2024-06-30,6.99206458617505
2024-07-01,6.98757067837937
2024-07-02,6.97610692871212
2024-07-03,6.96935006087495
2024-07-04,6.96710313189666
2024-07-05,6.95268902274705
2024-07-06,6.93828265241009
2024-07-07,6.93178091062326
2024-07-08,6.92482564693064
2024-07-09,6.92970458324947
2024-07-10,6.94161194505426
2024-07-11,6.94723822150271
2024-07-12,6.9488711073782
2024-07-13,6.95685479211327
2024-07-14,6.95190644089881
2024-07-15,6.98730772330031
2024-07-16,6.98774823300199
2024-07-17,6.97026082745071
2024-07-18,6.97238320258825
2024-07-19,6.97646678930839
2024-07-20,6.96192667964974
2024-07-21,6.95586704024186
2024-07-22,6.95531876550689
2024-07-23,6.96014821530212
2024-07-24,6.96723944013014
2024-07-25,6.97438472173438
2024-07-26,6.97025761012408
2024-07-27,6.96442370448907
2024-07-28,6.95801362974736
2024-07-29,6.94526766724006
2024-07-30,6.94377717896453
2024-07-31,6.93248293756583
2024-08-01,6.93991388246389
2024-08-02,6.95160512877488
2024-08-03,6.95835926434111
2024-08-04,6.95199695139595
2024-08-05,6.96403333507633
2024-08-06,6.95918549037533
2024-08-07,6.95570075668711
2024-08-08,6.95375387244298
2024-08-09,6.95556133457387
2024-08-10,6.95723466663065
2024-08-11,6.96691641865006
2024-08-12,6.9868963274041
2024-08-13,6.98152064340643
2024-08-14,6.98518507995837
2024-08-15,6.97139780507592
2024-08-16,6.97413925893755
2024-08-17,6.97145292787342
2024-08-18,6.98022235314035
2024-08-19,6.98048279541876
2024-08-20,6.98603277629911
2024-08-21,6.98933257076028
2024-08-22,6.99968711406557
2024-08-23,6.99931567726838
2024-08-24,7.0022144042459
2024-08-25,7.00876778050993
2024-08-26,7.01402737369009
2024-08-27,7.0215552140541
2024-08-28,7.01688395275148
2024-08-29,7.03319421581074
2024-08-30,6.97761513356656
2024-08-31,7.00919717082747
2024-09-01,6.93289297969716
2024-09-02,6.92425656918155
2024-09-03,6.85271372688014
2024-09-04,6.90293210427718
2024-09-05,6.92825025657857
2024-09-06,6.95462413799872
2024-09-07,6.95957559705205
2024-09-08,7.00196745171694
2024-09-09,6.95806720337268
2024-09-10,6.92453330922576
2024-09-11,6.92121684971803
2024-09-12,6.97157366806279
2024-09-13,6.93005429335922
2024-09-14,6.94420691494843
2024-09-15,6.94395740205095
2024-09-16,6.95827262998002
2024-09-17,6.97003703132387
2024-09-18,6.96843700007837
2024-09-19,6.98231239879833
2024-09-20,6.95637528108868
2024-09-21,6.97487383358181
2024-09-22,6.99668219338865
2024-09-23,6.98928407221264
2024-09-24,7.01226319286856
2024-09-25,7.05436367530145
2024-09-26,7.07741274740522
2024-09-27,7.10463744279891
2024-09-28,7.108399042827
2024-09-29,7.10982855562278
2024-09-30,7.21747845049373
2024-10-01,7.24862886741002
2024-10-02,7.27281411965215
2024-10-03,7.31834103373031
2024-10-04,7.34100085677454
2024-10-05,7.33545415535289
2024-10-06,7.26153934621833
2024-10-07,7.29613853974824
2024-10-08,7.27652363012413
2024-10-09,7.24095202226684
2024-10-10,7.13717964975943
2024-10-11,7.10286321036757
2024-10-12,7.10341980406806
2024-10-13,7.14460340569244
2024-10-14,7.1269754718654
2024-10-15,7.11621162261216
2024-10-16,6.84809651754541
2024-10-17,6.81130259249379
2024-10-18,6.74208264509734
2024-10-19,6.71582155211717
2024-10-20,6.6508262568993
2024-10-21,6.65924964173788
2024-10-22,6.68247442277933
2024-10-23,6.65260921208765
2024-10-24,6.51306185326236
2024-10-25,6.45469377231333
2024-10-26,6.26689789225299
2024-10-27,6.26008001883301
2024-10-28,6.34832853885398
2024-10-29,6.00662744646782
2024-10-30,5.89143658130369
2024-10-31,5.89610958978248
2024-11-01,5.89391071585103
2024-11-02,5.91452642144009
2024-11-03,6.01196291612254
2024-11-04,6.30545497295453
2024-11-05,6.30998281007448
2024-11-06,6.32181248037172
2024-11-07,6.31732980581397
2024-11-08,6.37093597280416
2024-11-09,6.43497641598441
2024-11-10,6.43142169895551
2024-11-11,6.42882637693846
2024-11-12,6.40311945035421
2024-11-13,6.38616692700715
2024-11-14,6.42549959507961
2024-11-15,6.51882277332712
2024-11-16,6.6532967260312
2024-11-17,6.42386643682686
2024-11-18,6.55493615145714
2024-11-19,6.60072078781113
2024-11-20,6.48945627278575
2024-11-21,6.48684872665087
2024-11-22,6.53773119609866
2024-11-23,6.50244504158217
2024-11-24,6.54324081079491
2024-11-25,6.4910752510035
2024-11-26,6.41318603269567
2024-11-27,6.45430784813633
2024-11-28,6.4540714097234
2024-11-29,6.37328845210192
2024-11-30,6.22602755288577
2024-12-01,6.23989378206614
2024-12-02,6.23419109297676
2024-12-03,6.29796300487581
2024-12-04,6.40254350075355
2024-12-05,6.25630533370526
2024-12-06,6.17768198311448
2024-12-07,5.72203227379594
2024-12-08,5.31544366852712
2024-12-09,5.20741978898106
2024-12-10,4.94812258785054
2024-12-11,5.00628670310298
2024-12-12,4.9234930217946
2024-12-13,5.21607196331024
2024-12-14,5.24897191809408
2024-12-15,5.15473027256792
2024-12-16,5.17513940765359
2024-12-17,5.18254537352759
2024-12-18,5.19843510239006
2024-12-19,5.23259958168129
2024-12-20,5.2224651693056
2024-12-21,5.26527766386668
2024-12-22,5.29067084977501
2024-12-23,5.33284242802265
2024-12-24,5.36126696290197
2024-12-25,5.42593298773138
2024-12-26,5.39576055983308
2024-12-27,5.49930704775311
2024-12-28,5.53082505904761
2024-12-29,5.40467187817111
2024-12-30,5.58852594372504
2024-12-31,5.61007678659656
2025-01-01,5.47375593377601
2025-01-02,5.48127182094114
2025-01-03,5.41277054454503
2025-01-04,5.42219372720502
2025-01-05,5.46804256959164
2025-01-06,5.50331133492639
2025-01-07,5.55661214558424
2025-01-08,5.5189697066417
2025-01-09,5.66880971310185
2025-01-10,5.4553855144476
2025-01-11,5.3493613181366
2025-01-12,4.85431838102807
2025-01-13,4.84978724682102
2025-01-14,4.80891592881349
2025-01-15,4.58752025112119
2025-01-16,4.63591313555827
2025-01-17,4.66918825068593
2025-01-18,4.64021770015359
2025-01-19,4.69509644372806
2025-01-20,4.65645128280357
2025-01-21,4.64313193140151
2025-01-22,4.6418174571234
2025-01-23,4.65215304488775
2025-01-24,4.49846661852142
2025-01-25,4.37063116244087
2025-01-26,4.32277788325735
2025-01-27,4.37260820736041
2025-01-28,4.35291682278412
2025-01-29,4.42728597478561
2025-01-30,4.491102370847
2025-01-31,4.53501820145907
2025-02-01,4.52806206532307
2025-02-02,4.41842034631218
2025-02-03,4.43703086137637
2025-02-04,4.50972245541506
2025-02-05,4.61453469223807
2025-02-06,4.81023405718526
2025-02-07,4.84077146900637
2025-02-08,4.86319612568095
2025-02-09,4.88505089089621
2025-02-10,4.95126759248335
2025-02-11,5.02453923757821
2025-02-12,5.10217150620052
2025-02-13,5.1711887872404
2025-02-14,5.26828312720329
2025-02-15,5.24975558579935
2025-02-16,5.29501404115454
2025-02-17,5.3027059890546
2025-02-18,5.31897897196244
2025-02-19,5.30413344459643
2025-02-20,5.19278222722598
2025-02-21,5.12441802454292
2025-02-22,5.08445245150356
2025-02-23,4.99936506913359
2025-02-24,4.97009895240701
2025-02-25,4.97538622000444
2025-02-26,4.96551446919867
2025-02-27,4.98673867174398
2025-02-28,4.9251910794016
2025-03-01,4.8856966208596
2025-03-02,4.76512884448292
2025-03-03,4.76596323485326
2025-03-04,4.68945814670477
2025-03-05,4.66507155146324
2025-03-06,4.66909027459363
2025-03-07,4.69042823668547
2025-03-08,4.74081697223167
2025-03-09,5.26226114751343
2025-03-10,5.21214426542613
2025-03-11,5.20095346579593
2025-03-12,5.19001377623454
2025-03-13,5.19862956645415
2025-03-14,5.21274343980691
2025-03-15,5.21473644069668
2025-03-16,5.22234275001138
2025-03-17,5.17744763706397
2025-03-18,5.09137714243806
2025-03-19,5.03802683667327
2025-03-20,5.01608209131753
2025-03-21,5.04491171690768
2025-03-22,5.03415593223844
2025-03-23,5.02749107323528
2025-03-24,5.02183667156976
2025-03-25,5.02648712750107
2025-03-26,5.04881270429533
2025-03-27,5.07603411268002
2025-03-28,5.092565163303
2025-03-29,5.01105653580419
2025-03-30,4.95789764569958
2025-03-31,4.95676477384727
2025-04-01,4.93299955512605
2025-04-02,4.92276764721852
2025-04-03,4.97700110725197
2025-04-04,5.05620054846465
2025-04-05,5.17288436630752
2025-04-06,5.16510578913461
2025-04-07,5.2020073964378
2025-04-08,5.2080378984397
2025-04-09,5.27829647446561
2025-04-10,5.35756927708201
2025-04-11,5.36576230819724
2025-04-12,5.38952435585638
2025-04-13,5.40180224410623
2025-04-14,5.41796727081708
2025-04-15,5.43034971312169
2025-04-16,5.43319365802986
2025-04-17,5.44249059038728
2025-04-18,5.45116335713211
2025-04-19,5.50294481817256
2025-04-20,5.50457353458094
2025-04-21,5.45225550727991
2025-04-22,5.3993552431145
2025-04-23,5.42723500177062
2025-04-24,5.44323011868889
2025-04-25,5.45984024447961
2025-04-26,5.48448424036409
2025-04-27,5.50782549428681
2025-04-28,5.50840003075807
2025-04-29,5.55901251266201
2025-04-30,5.61053650019638
2025-05-01,5.67316827396287
2025-05-02,5.69798365873935
2025-05-03,5.75125782223422
2025-05-04,5.79322588925079
2025-05-05,5.83163846568438
2025-05-06,5.92259969494478
2025-05-07,6.13461049560767
2025-05-08,6.2033120770047
2025-05-09,6.20471341979157
2025-05-10,6.28392410464333
2025-05-11,6.45192166158028
2025-05-12,6.57642294969733
2025-05-13,6.6930955187215
2025-05-14,6.72311380459176
2025-05-15,6.77314903207113
2025-05-16,6.84635450011631
2025-05-17,6.90836899457562
2025-05-18,6.91988397250208
2025-05-19,6.92997505334823
2025-05-20,6.96835853516482
2025-05-21,6.97727924476642
2025-05-22,6.96798662768451
2025-05-23,6.96934198247362
2025-05-24,6.96740729119258
2025-05-25,6.95363956804775
2025-05-26,6.96951885665838
2025-05-27,6.96341449899399
2025-05-28,6.96827683935431
2025-05-29,6.98107330909689
2025-05-30,6.95387028033239
2025-05-31,7.00001850303917
2025-06-01,7.02494581612564
2025-06-02,7.03521916381223
2025-06-03,7.09602459565405
2025-06-04,7.15396670698068
2025-06-05,7.1744883281665
2025-06-06,7.16135271537793
2025-06-07,7.16809696290973
2025-06-08,7.17969915744461
2025-06-09,7.16508208088345
2025-06-10,7.20186697372457
2025-06-11,7.19975941065851
2025-06-12,7.21361850661209
2025-06-13,7.21294605123517
2025-06-14,7.18427888431095
2025-06-15,7.18847863024291
2025-06-16,7.17768415932563
2025-06-17,7.17333343874166
2025-06-18,7.16483035643502
2025-06-19,7.17356559616284
2025-06-20,7.16793695317195
2025-06-21,7.14006983744272
2025-06-22,7.118580294104
2025-06-23,7.12307715020239
2025-06-24,7.11659951945015
2025-06-25,7.11521759700478
2025-06-26,7.09516213708454
2025-06-27,7.07991620786429
2025-06-28,7.05816732485014
2025-06-29,7.04291990849492
2025-06-30,7.04801901596161
2025-07-01,7.02233517099019
2025-07-02,7.01310490433014
2025-07-03,6.98956089905945
2025-07-04,6.99966315701346
2025-07-05,7.0084909441849
2025-07-06,7.03030863073229
2025-07-07,7.03975611591563
2025-07-08,7.03355084494811
2025-07-09,7.04001674882258
2025-07-10,7.03034129497
2025-07-11,7.02423159438964
2025-07-12,7.02926436734181
2025-07-13,7.02434103859379
2025-07-14,7.01891392404864
2025-07-15,7.00358624667691
2025-07-16,7.01049133766081
2025-07-17,7.00467799743088
2025-07-18,7.01542284186643
2025-07-19,7.00636059140141
2025-07-20,7.0198278762698
2025-07-21,7.01315685070302
2025-07-22,7.02199008387904
2025-07-23,7.01692832166498
2025-07-24,7.01447225795961
2025-07-25,7.02507558967078
2025-07-26,7.00817314410579
2025-07-27,7.00301920514919
2025-07-28,6.9931962658329
2025-07-29,6.9909016001204
2025-07-30,6.98737870149071
2025-07-31,6.98225192935044
2025-08-01,6.97988527258579
2025-08-02,6.96332778226488
2025-08-03,6.96375952160912
2025-08-04,6.95835249846651
2025-08-05,6.96120024551418
2025-08-06,6.96272624994104
2025-08-07,6.96677133218762
2025-08-08,6.96067397887448
2025-08-09,6.9520530313633
2025-08-10,6.9497070617664
2025-08-11,6.94879067544398
2025-08-12,6.9538274320734
2025-08-13,6.95424927138519
2025-08-14,6.9663486681953
2025-08-15,6.97479814456797
2025-08-16,7.00478549208466
2025-08-17,7.0318589978861
2025-08-18,7.06356807967842
2025-08-19,7.05446187052052
2025-08-20,7.06484299692954
2025-08-21,7.07035424958542
2025-08-22,7.06964932588355
2025-08-23,7.07295365836597
2025-08-24,7.08293900045215
2025-08-25,7.09094794999551
2025-08-26,7.10286911097745
2025-08-27,7.09862924496124
2025-08-28,7.09740680203174
2025-08-29,7.10391788336981
2025-08-30,7.0985231033067
2025-08-31,7.10168104453077
2025-09-01,7.09892554106584
2025-09-02,7.0546867082443
2025-09-03,7.03602488262955
2025-09-04,7.03970217318282
2025-09-05,7.03457464515144
2025-09-06,7.02378055084178
2025-09-07,6.99982906046054
2025-09-08,6.98619972509544
2025-09-09,6.96838900602323
2025-09-10,6.96358206546745
2025-09-11,6.94797534278292
2025-09-12,6.9556454189005
2025-09-13,6.95881526487093
2025-09-14,6.95015051169046
2025-09-15,6.9520656494161
2025-09-16,6.97229749093585
2025-09-17,6.97318899989677
2025-09-18,7.0335177940331
2025-09-19,7.03482407186564
2025-09-20,7.03028741639961
2025-09-21,7.05461718568919
2025-09-22,7.0580115755402
2025-09-23,7.08192559556951
2025-09-24,7.08712046573121
2025-09-25,7.1028884480329
2025-09-26,7.11861192577321
2025-09-27,7.13298362241216
2025-09-28,7.15388586523447
2025-09-29,7.16853417201373
2025-09-30,7.16836528217822
2025-10-01,7.20793880698482
2025-10-02,7.19856853079318
2025-10-03,7.2353819039413
2025-10-04,7.20763634151258
2025-10-05,7.21533647183337
2025-10-06,7.17159044055634
2025-10-07,7.06171391755367
2025-10-08,7.067221149789
2025-10-09,7.08979774753085
2025-10-10,7.0505839112692
2025-10-11,7.06081144695504
2025-10-12,7.07109141197814
2025-10-13,7.0462385674878
2025-10-14,7.00218555048142
2025-10-15,7.01339367706333
2025-10-16,6.99615312799714
2025-10-17,6.95033118239188
2025-10-18,6.95217127199453
2025-10-19,6.9612835418623
2025-10-20,6.92862183801158
2025-10-21,6.87367167022443
2025-10-22,6.79758173719135
2025-10-23,6.76139033378718
2025-10-24,6.82561341033443
2025-10-25,6.79199588816224
2025-10-26,6.77324571487527
2025-10-27,6.70727868302796
2025-10-28,6.58515581052282
2025-10-29,6.63775534934615
2025-10-30,6.68335757661385
2025-10-31,6.62825485532823
2025-11-01,6.58646170644011
2025-11-02,6.65254409265633
2025-11-03,6.64251280129869
2025-11-04,6.61469541884948
2025-11-05,6.44499625149368
2025-11-06,6.44576340525338
2025-11-07,6.46986655790373
2025-11-08,6.50240725763827
2025-11-09,6.2898868384381
2025-11-10,6.35400809670002
2025-11-11,6.41528486902944
2025-11-12,6.01711019414184
2025-11-13,6.08038739214457
2025-11-14,5.82305384734098
2025-11-15,5.84594051145022
2025-11-16,5.76499248829384
2025-11-17,5.77349374566759
2025-11-18,5.74155764182174
2025-11-19,5.51553084668023
2025-11-20,5.5816275699581
2025-11-21,5.64118025725255
2025-11-22,5.53934998657982
2025-11-23,5.56066707092022
2025-11-24,5.77653826575292
2025-11-25,5.72282190504817
2025-11-26,5.52912272028176
2025-11-27,5.4187689128675
2025-11-28,5.40624708904646
2025-11-29,5.53735123647677
2025-11-30,5.53655903443046
2025-12-01,6.44010637071398
2025-12-02,6.28490467781716
2025-12-03,6.21228056258344
2025-12-04,6.26494277020295
2025-12-05,6.02246093263431
2025-12-06,5.94607520885155
2025-12-07,5.9599003440044
2025-12-08,5.86309336548421
2025-12-09,5.7291612165016
2025-12-10,5.59549230529416
2025-12-11,5.81334317855115
2025-12-12,4.94095251673744
2025-12-13,5.60958349704742
2025-12-14,5.60958349704742
2025-12-15,5.10000017711094
2025-12-16,5.10000017711094
2025-12-17,5.10000017711094
2025-12-18,5.10000017711094
2025-12-19,5.10000017711094
2025-12-20,5.07500019073486
2025-12-21,5.07500019073486
2025-12-22,4.71861131985982
2025-12-23,4.5057144846235
2025-12-24,4.90000015497208
2025-12-25,4.08234243779569
2025-12-26,4.04564522927807
2025-12-27,4.94402572558476
2025-12-28,4.67729833502519
2025-12-29,NA
2025-12-30,4.87096216232796
2025-12-31,4.99186408519745
