date,data
2000-01-01,7.15564393814952
2000-01-02,7.4259624060028
2000-01-03,7.39064710070772
2000-01-04,7.34849022279198
2000-01-05,7.31576108409958
2000-01-06,7.22108233369579
2000-01-07,6.82669983023649
2000-01-08,6.61288727889826
2000-01-09,6.496031113513
2000-01-10,6.4028618065586
2000-01-11,6.30860419688184
2000-01-12,6.196720830969
2000-01-13,6.21586017314176
2000-01-14,6.21320063425606
2000-01-15,6.21458350912332
2000-01-16,6.18964354315369
2000-01-17,6.20733419909009
2000-01-18,5.96236304331895
2000-01-19,5.64629724609247
2000-01-20,5.63249529850739
2000-01-21,5.60880703691562
2000-01-22,5.56599444831024
2000-01-23,5.45967961770662
2000-01-24,5.4443709666439
2000-01-25,5.36095678745159
2000-01-26,5.25050546530048
2000-01-27,5.23044115778699
2000-01-28,5.21217312395261
2000-01-29,5.14084944736435
2000-01-30,5.06694021693467
2000-01-31,NA
2000-02-01,NA
2000-02-02,NA
2000-02-03,NA
2000-02-04,NA
2000-02-05,NA
2000-02-06,NA
2000-02-07,NA
2000-02-08,NA
2000-02-09,NA
2000-02-10,NA
2000-02-11,NA
2000-02-12,NA
2000-02-13,NA
2000-02-14,NA
2000-02-15,NA
2000-02-16,NA
2000-02-17,NA
2000-02-18,NA
2000-02-19,NA
2000-02-20,NA
2000-02-21,NA
2000-02-22,NA
2000-02-23,NA
2000-02-24,NA
2000-02-25,NA
2000-02-26,NA
2000-02-27,NA
2000-02-28,NA
2000-02-29,NA
2000-03-01,4.17217048124023
2000-03-02,4.13703819665443
2000-03-03,4.10596350339125
2000-03-04,4.08256124136098
2000-03-05,4.09513626760682
2000-03-06,4.05796056609641
2000-03-07,4.07457921538195
2000-03-08,4.10192956493542
2000-03-09,4.10721656954128
2000-03-10,4.11096748620518
2000-03-11,4.08950442673317
2000-03-12,4.0917853691263
2000-03-13,4.10694463808768
2000-03-14,4.09778247667804
2000-03-15,4.12146481522274
2000-03-16,4.12881760581939
2000-03-17,4.13196522882604
2000-03-18,4.16964158485264
2000-03-19,4.19232850614224
2000-03-20,4.26351762993553
2000-03-21,4.25151288260401
2000-03-22,4.27341800903796
2000-03-23,4.33431409250351
2000-03-24,4.28903899235458
2000-03-25,4.30825914603769
2000-03-26,4.27769091346362
2000-03-27,4.26613636891731
2000-03-28,4.39238971378792
2000-03-29,4.38335075201399
2000-03-30,4.36608730347831
2000-03-31,4.32650988515471
2000-04-01,4.31268664878848
2000-04-02,4.4488368846226
2000-04-03,4.43259862237958
2000-04-04,4.44720115901101
2000-04-05,4.4727628074895
2000-04-06,4.55137460751055
2000-04-07,4.54768428475691
2000-04-08,4.57464700962784
2000-04-09,4.57291286376879
2000-04-10,4.58590061590311
2000-04-11,4.58935257126106
2000-04-12,4.59511851864579
2000-04-13,4.62060716139811
2000-04-14,4.63410651867883
2000-04-15,4.65258987980819
2000-04-16,4.66926410413108
2000-04-17,4.68579626800714
2000-04-18,4.70255931675373
2000-04-19,4.73114449298051
2000-04-20,4.75390536834116
2000-04-21,4.77766940341586
2000-04-22,4.75867863522231
2000-04-23,4.79580738678208
2000-04-24,4.75879910334264
2000-04-25,4.78658396098018
2000-04-26,4.81293750327457
2000-04-27,4.84715919486237
2000-04-28,4.88922285162495
2000-04-29,4.93524907301349
2000-04-30,4.98811534444396
2000-05-01,5.06242025980467
2000-05-02,5.11458268688524
2000-05-03,5.17784183124113
2000-05-04,5.16939753232321
2000-05-05,5.20810921082199
2000-05-06,5.26921836967347
2000-05-07,5.39469279715467
2000-05-08,5.50225425150956
2000-05-09,5.61829026619727
2000-05-10,5.76156511582778
2000-05-11,5.85346634833961
2000-05-12,5.96825552926736
2000-05-13,6.08487428555495
2000-05-14,6.1685600797864
2000-05-15,6.29976256263079
2000-05-16,6.39384021127689
2000-05-17,6.5258313748989
2000-05-18,6.67177571404804
2000-05-19,6.7593392717896
2000-05-20,6.96395192539526
2000-05-21,7.05298358431648
2000-05-22,7.15905835410452
2000-05-23,7.21643751867698
2000-05-24,7.29249276886621
2000-05-25,7.32721778186147
2000-05-26,7.3106740809713
2000-05-27,7.32621457712934
2000-05-28,7.43714424386579
2000-05-29,7.45949630979202
2000-05-30,7.44931797067411
2000-05-31,7.48651299184747
2000-06-01,7.47189591768796
2000-06-02,7.46667034108721
2000-06-03,7.44879521833947
2000-06-04,7.44045722642883
2000-06-05,NA
2000-06-06,NA
2000-06-07,7.3865735821769
2000-06-08,7.38902555437597
2000-06-09,7.38942708382769
2000-06-10,7.36520256295984
2000-06-11,7.35243960577005
2000-06-12,7.35484994726717
2000-06-13,7.3472586390045
2000-06-14,7.29515292669991
2000-06-15,7.28884360073871
2000-06-16,7.26461439543949
2000-06-17,7.25363843249331
2000-06-18,7.22859615934384
2000-06-19,7.2020501448849
2000-06-20,7.18473462323711
2000-06-21,7.15311203298922
2000-06-22,7.13501322170815
2000-06-23,7.10007295542898
2000-06-24,7.08432792749181
2000-06-25,7.07720563968223
2000-06-26,7.07830094151074
2000-06-27,7.07409111277406
2000-06-28,7.06742548546438
2000-06-29,7.02347859211545
2000-06-30,7.0186962879643
2000-07-01,6.99525372628871
2000-07-02,6.95070669995424
2000-07-03,6.88864397980487
2000-07-04,6.86420348737892
2000-07-05,6.86742235757374
2000-07-06,6.86779813687507
2000-07-07,6.86052970726547
2000-07-08,6.85053960692584
2000-07-09,6.83046092428247
2000-07-10,6.81650644918829
2000-07-11,6.80655531953924
2000-07-12,6.79605744307604
2000-07-13,6.77953826832645
2000-07-14,6.76967341309337
2000-07-15,6.76586896214885
2000-07-16,6.75660711789131
2000-07-17,6.74799346361813
2000-07-18,6.74787160550313
2000-07-19,6.75882437208617
2000-07-20,6.76469290717157
2000-07-21,6.75407055970312
2000-07-22,6.68949991383118
2000-07-23,6.69495530914443
2000-07-24,6.68516425201774
2000-07-25,6.70003291784357
2000-07-26,6.70569773579678
2000-07-27,6.70223351965869
2000-07-28,6.70620862044045
2000-07-29,6.70717121736492
2000-07-30,6.71403782666095
2000-07-31,6.74263255412383
2000-08-01,6.71008920676167
2000-08-02,6.69043314470323
2000-08-03,6.69390736036011
2000-08-04,6.69034357149534
2000-08-05,6.72141738934238
2000-08-06,6.33642037809703
2000-08-07,6.35546463316487
2000-08-08,6.29384281018502
2000-08-09,6.24816864037876
2000-08-10,6.04303396649208
2000-08-11,5.7468452605433
2000-08-12,5.88361408909822
2000-08-13,6.12001514917071
2000-08-14,6.12677745216091
2000-08-15,6.24503178561818
2000-08-16,6.66033160593395
2000-08-17,6.65408532963897
2000-08-18,6.89405711439737
2000-08-19,6.97274109051636
2000-08-20,7.01677038585317
2000-08-21,7.12605565110066
2000-08-22,7.08106110353648
2000-08-23,7.08357532788384
2000-08-24,7.0828302829886
2000-08-25,7.09325612248157
2000-08-26,7.09138971515632
2000-08-27,7.09591306967853
2000-08-28,7.1068623135839
2000-08-29,7.09656329945671
2000-08-30,7.13471220968524
2000-08-31,7.18215465223579
2000-09-01,7.17374479540725
2000-09-02,7.16684374202623
2000-09-03,7.11220507704631
2000-09-04,7.07845324775246
2000-09-05,7.06288293051315
2000-09-06,6.97898715488284
2000-09-07,6.98137236301711
2000-09-08,7.10775083129752
2000-09-09,7.15802209674533
2000-09-10,7.1693447664976
2000-09-11,7.1748299947529
2000-09-12,7.16886931303441
2000-09-13,7.18755715577165
2000-09-14,7.28373228120424
2000-09-15,7.25991969936199
2000-09-16,7.23774340329927
2000-09-17,7.23572900318876
2000-09-18,7.2661907701109
2000-09-19,7.31955633520246
2000-09-20,7.35560811468309
2000-09-21,7.43280781264675
2000-09-22,7.49077658851166
2000-09-23,7.5092552819613
2000-09-24,7.55487451181991
2000-09-25,7.66289419368583
2000-09-26,7.61477412843423
2000-09-27,7.53271977479897
2000-09-28,7.44537938468633
2000-09-29,7.48109984965893
2000-09-30,7.62232957435873
2000-10-01,7.59249754176648
2000-10-02,7.68032179703205
2000-10-03,7.62751195104986
2000-10-04,7.56225703890833
2000-10-05,7.49559463733648
2000-10-06,7.39521076630331
2000-10-07,6.99122806402546
2000-10-08,6.7602895492107
2000-10-09,6.5566692335055
2000-10-10,6.43937606721831
2000-10-11,6.30474254393484
2000-10-12,6.18095841880798
2000-10-13,6.20412450813455
2000-10-14,6.20002427614558
2000-10-15,6.19691092235787
2000-10-16,6.17825772336278
2000-10-17,6.20022432574084
2000-10-18,5.9340428271735
2000-10-19,5.60801645466723
2000-10-20,5.58855056321849
2000-10-21,5.5677959981378
2000-10-22,5.52345810753661
2000-10-23,5.40891403978734
2000-10-24,5.40184033584149
2000-10-25,5.32580702478235
2000-10-26,5.20906425036849
2000-10-27,5.19719323293367
2000-10-28,5.18866051013791
2000-10-29,5.11456997001632
2000-10-30,5.04322243612708
2000-10-31,5.11612697641658
2000-11-01,5.1307183878262
2000-11-02,5.1761099427253
2000-11-03,5.20292818919902
2000-11-04,5.15998645852374
2000-11-05,5.21425877323444
2000-11-06,5.26547367551025
2000-11-07,5.31434600542441
2000-11-08,5.52178377220159
2000-11-09,5.61822589378281
2000-11-10,5.65382677073197
2000-11-11,5.83628300210534
2000-11-12,5.81890882190041
2000-11-13,5.77283918918537
2000-11-14,5.76501285416739
2000-11-15,5.89090268564151
2000-11-16,5.90377976831758
2000-11-17,5.94596762531774
2000-11-18,6.24594992047383
2000-11-19,6.34857129067265
2000-11-20,6.50168630418369
2000-11-21,6.52688452712609
2000-11-22,6.67482766879986
2000-11-23,6.68451515243564
2000-11-24,6.64082143383641
2000-11-25,6.62394494581861
2000-11-26,6.57786985083576
2000-11-27,6.45205335080976
2000-11-28,6.16215534313865
2000-11-29,6.17488347617063
2000-11-30,5.90558507863213
2000-12-01,5.4378120957828
2000-12-02,5.24656353815638
2000-12-03,4.57712746007102
2000-12-04,4.41367049620185
2000-12-05,3.90765715453584
2000-12-06,3.91522777686685
2000-12-07,3.96887092505183
2000-12-08,4.07375218967597
2000-12-09,3.91038159890608
2000-12-10,3.88020347665857
2000-12-11,3.94178094629382
2000-12-12,3.93817547891961
2000-12-13,3.84848084692228
2000-12-14,3.8468424263647
2000-12-15,3.7975486229206
2000-12-16,3.84558950662613
2000-12-17,3.89694146571621
2000-12-18,4.00453619590172
2000-12-19,3.99261311751146
2000-12-20,4.03466948957154
2000-12-21,4.03393716523142
2000-12-22,4.03363413521738
2000-12-23,4.02956847349803
2000-12-24,4.03492201097084
2000-12-25,3.93327062971452
2000-12-26,4.00574392430923
2000-12-27,4.05312547136526
2000-12-28,4.02817902408662
2000-12-29,3.91070408893354
2000-12-30,3.91070408893354
2000-12-31,3.92709298928579
2001-01-01,6.85093945876218
2001-01-02,6.84522148735259
2001-01-03,6.90485834070327
2001-01-04,6.98492624765503
2001-01-05,6.97920468698095
2001-01-06,7.23307027543918
2001-01-07,7.1357159670431
2001-01-08,6.96391041479197
2001-01-09,6.91096605802015
2001-01-10,6.90045777853309
2001-01-11,6.60267193174495
2001-01-12,6.4528479931459
2001-01-13,6.47568024230501
2001-01-14,6.4449803095832
2001-01-15,6.46489089023466
2001-01-16,6.44088385755479
2001-01-17,5.98557979151813
2001-01-18,5.76110837920149
2001-01-19,5.70436792608807
2001-01-20,5.55529024378164
2001-01-21,5.36669375267977
2001-01-22,5.22064041992077
2001-01-23,5.15518704354763
2001-01-24,5.09942219128071
2001-01-25,5.11904534540678
2001-01-26,5.13907124296364
2001-01-27,5.15114546835804
2001-01-28,5.14625752120647
2001-01-29,5.11282509628982
2001-01-30,5.07906625600447
2001-01-31,NA
2001-02-01,5.16547261266904
2001-02-02,4.98619070575279
2001-02-03,4.68565717952352
2001-02-04,4.65401482733675
2001-02-05,4.68829549109822
2001-02-06,4.62021497494786
2001-02-07,4.58062168918504
2001-02-08,4.54093770372207
2001-02-09,4.52462535210747
2001-02-10,4.59569899895405
2001-02-11,4.56989708248976
2001-02-12,4.56825090069055
2001-02-13,4.57337466660494
2001-02-14,4.54995668343834
2001-02-15,4.52348425593394
2001-02-16,4.53282514855395
2001-02-17,4.46816120507065
2001-02-18,4.44709728533214
2001-02-19,4.45193788182984
2001-02-20,4.45321209653571
2001-02-21,4.43222972941478
2001-02-22,4.43456944405202
2001-02-23,4.42054383392853
2001-02-24,4.39411613318382
2001-02-25,4.37625890308476
2001-02-26,4.33957853337218
2001-02-27,4.32039314669435
2001-02-28,4.32286353994585
2001-03-01,4.30430064557261
2001-03-02,4.30338897953387
2001-03-03,4.3131413973741
2001-03-04,4.29519371364225
2001-03-05,4.34848569477438
2001-03-06,4.34383975029649
2001-03-07,4.37334701128684
2001-03-08,4.37371654863207
2001-03-09,4.37525321121234
2001-03-10,4.33419963071224
2001-03-11,4.34056225396603
2001-03-12,4.3003923696654
2001-03-13,4.28524291634201
2001-03-14,4.27661441380555
2001-03-15,4.28259057284531
2001-03-16,4.23676296039552
2001-03-17,4.18066953317986
2001-03-18,4.14734526364461
2001-03-19,4.14462578447833
2001-03-20,4.17518262244801
2001-03-21,4.15060710988164
2001-03-22,4.15080606121081
2001-03-23,4.12990415562909
2001-03-24,4.10424502580622
2001-03-25,4.10456425828653
2001-03-26,4.07688934129395
2001-03-27,4.03344603523989
2001-03-28,4.03848532234092
2001-03-29,4.02905922234597
2001-03-30,4.04996630722253
2001-03-31,4.06139666392708
2001-04-01,4.08121815122734
2001-04-02,4.26540184733443
2001-04-03,4.27210882275662
2001-04-04,4.30059480378156
2001-04-05,4.4361040677444
2001-04-06,4.45229790372568
2001-04-07,4.5000231380282
2001-04-08,4.5373272115272
2001-04-09,4.59928035316742
2001-04-10,4.64613656405177
2001-04-11,4.6592134688967
2001-04-12,4.65905328118849
2001-04-13,4.66078065009835
2001-04-14,4.6724937260271
2001-04-15,4.69396313402775
2001-04-16,4.70159390794089
2001-04-17,4.70142469526406
2001-04-18,4.70140797918363
2001-04-19,4.68680861315564
2001-04-20,4.68985789507289
2001-04-21,4.70007734411082
2001-04-22,4.71517810540367
2001-04-23,4.73167717705371
2001-04-24,4.73447347209624
2001-04-25,4.72804689703069
2001-04-26,4.73059276417029
2001-04-27,4.75821971297305
2001-04-28,4.80172404833705
2001-04-29,4.82773442811972
2001-04-30,4.85499653619873
2001-05-01,4.88692498016331
2001-05-02,4.90978766604646
2001-05-03,4.92037022503055
2001-05-04,4.95498706528849
2001-05-05,4.97756752760443
2001-05-06,5.08368586312305
2001-05-07,5.1376914753499
2001-05-08,5.22017825503658
2001-05-09,5.31084600536247
2001-05-10,5.38123828262318
2001-05-11,5.42278000924865
2001-05-12,5.47757426842428
2001-05-13,5.5858519415398
2001-05-14,5.67110231705583
2001-05-15,5.75924311518898
2001-05-16,5.85796972188409
2001-05-17,5.94972848369083
2001-05-18,6.15329671585544
2001-05-19,6.28467264979139
2001-05-20,6.50142939690909
2001-05-21,6.70412454825477
2001-05-22,6.83425762527594
2001-05-23,6.98812833919661
2001-05-24,7.13383897873192
2001-05-25,7.19065136001529
2001-05-26,7.29957487486261
2001-05-27,7.33492535608638
2001-05-28,7.36618286279234
2001-05-29,7.37906084398389
2001-05-30,7.47008620568864
2001-05-31,7.51436594703361
2001-06-01,NA
2001-06-02,NA
2001-06-03,NA
2001-06-04,NA
2001-06-05,NA
2001-06-06,NA
2001-06-07,NA
2001-06-08,NA
2001-06-09,NA
2001-06-10,NA
2001-06-11,NA
2001-06-12,NA
2001-06-13,NA
2001-06-14,NA
2001-06-15,NA
2001-06-16,NA
2001-06-17,NA
2001-06-18,NA
2001-06-19,NA
2001-06-20,NA
2001-06-21,NA
2001-06-22,NA
2001-06-23,NA
2001-06-24,NA
2001-06-25,NA
2001-06-26,NA
2001-06-27,NA
2001-06-28,NA
2001-06-29,NA
2001-06-30,NA
2001-07-01,7.21802586764499
2001-07-02,7.23871202580078
2001-07-03,7.16745513275196
2001-07-04,7.16282119563392
2001-07-05,6.81853729401493
2001-07-06,6.80056181718834
2001-07-07,6.79993362083085
2001-07-08,6.79931005084361
2001-07-09,6.84151977882582
2001-07-10,6.83063167419498
2001-07-11,6.8196414373413
2001-07-12,6.8032144539295
2001-07-13,6.800736059428
2001-07-14,6.80349561374443
2001-07-15,6.80268205799859
2001-07-16,6.79870850007502
2001-07-17,6.79368126915358
2001-07-18,6.79768179584129
2001-07-19,6.79504965650962
2001-07-20,6.80163334950721
2001-07-21,6.80340853983286
2001-07-22,6.80824472384231
2001-07-23,6.80513376917419
2001-07-24,6.79635308238121
2001-07-25,6.76762951376166
2001-07-26,6.74606282146084
2001-07-27,6.73380381598208
2001-07-28,6.74816772495641
2001-07-29,6.74782697319283
2001-07-30,6.73055971821918
2001-07-31,6.74711989213213
2001-08-01,6.76036377965144
2001-08-02,6.7594517429209
2001-08-03,6.77340571657972
2001-08-04,6.78610334963305
2001-08-05,6.80041372951884
2001-08-06,6.80229423889417
2001-08-07,6.81895694313548
2001-08-08,6.82600487633346
2001-08-09,6.83581676152835
2001-08-10,6.85182504926634
2001-08-11,6.8604999222293
2001-08-12,6.86974240877265
2001-08-13,6.85812889098617
2001-08-14,6.85656711944571
2001-08-15,6.88585027289313
2001-08-16,6.92332102491695
2001-08-17,6.93096854239082
2001-08-18,6.91152174588938
2001-08-19,6.89665525941751
2001-08-20,6.85362221151226
2001-08-21,6.85135776401121
2001-08-22,6.85147070857774
2001-08-23,6.74686830815998
2001-08-24,6.7423569678032
2001-08-25,6.76616910024245
2001-08-26,6.75275976565816
2001-08-27,6.72506411119324
2001-08-28,6.78957677084143
2001-08-29,6.83804877499877
2001-08-30,6.84868436191618
2001-08-31,6.84195515309699
2001-09-01,6.83667744113813
2001-09-02,6.83340592469685
2001-09-03,6.85113267514191
2001-09-04,6.86757166100833
2001-09-05,6.89641058582741
2001-09-06,6.91408166773275
2001-09-07,6.92101398657707
2001-09-08,6.92854763990285
2001-09-09,6.9696066391672
2001-09-10,7.0051278611762
2001-09-11,7.03365324424818
2001-09-12,7.04389673037433
2001-09-13,7.06482996948489
2001-09-14,7.08120649975442
2001-09-15,7.10332314920063
2001-09-16,7.1186079377186
2001-09-17,7.15002502921835
2001-09-18,7.17073457969201
2001-09-19,7.19154120843257
2001-09-20,7.22413874674694
2001-09-21,7.25231915268886
2001-09-22,7.28123957685756
2001-09-23,7.30150252495317
2001-09-24,7.29814878486049
2001-09-25,7.32592849066249
2001-09-26,7.35148038204361
2001-09-27,7.37211966036523
2001-09-28,7.38348800668334
2001-09-29,7.41132209512301
2001-09-30,7.45288929845556
2001-10-01,7.46435320146958
2001-10-02,7.44079758268588
2001-10-03,7.48219213726186
2001-10-04,7.48450423110313
2001-10-05,7.39509834355716
2001-10-06,7.43067122185145
2001-10-07,7.32535872478903
2001-10-08,7.12731842974108
2001-10-09,7.00677510280677
2001-10-10,6.98161195912416
2001-10-11,6.66487812023818
2001-10-12,6.52029329063545
2001-10-13,6.50931692706119
2001-10-14,6.47311025425447
2001-10-15,6.49516083726839
2001-10-16,6.47348419788252
2001-10-17,5.99900378537336
2001-10-18,5.71568333960988
2001-10-19,5.65483006640922
2001-10-20,5.52627567639094
2001-10-21,5.33773997099992
2001-10-22,5.18779856936353
2001-10-23,5.10430096831108
2001-10-24,5.04057141243739
2001-10-25,5.08033790023266
2001-10-26,5.10333412331076
2001-10-27,5.11827531916423
2001-10-28,5.13635295452664
2001-10-29,5.11620957346723
2001-10-30,5.09080758567355
2001-10-31,5.10805164215637
2001-11-01,5.10986641441867
2001-11-02,5.07213592454148
2001-11-03,4.96212783842106
2001-11-04,5.04692576513921
2001-11-05,5.11781130337589
2001-11-06,5.36498518552947
2001-11-07,5.36616230468249
2001-11-08,5.58916830471823
2001-11-09,5.70766137293462
2001-11-10,5.66899872779286
2001-11-11,5.61670277351724
2001-11-12,5.59710497186895
2001-11-13,5.81081559644108
2001-11-14,6.28540871044
2001-11-15,6.32661349892876
2001-11-16,6.35257460266413
2001-11-17,6.35837302756261
2001-11-18,6.50790361048405
2001-11-19,6.51194630826561
2001-11-20,6.46936392493364
2001-11-21,6.48793214942337
2001-11-22,6.4740084499683
2001-11-23,6.44771913855289
2001-11-24,6.42341082484223
2001-11-25,6.40020584127757
2001-11-26,6.40586408815886
2001-11-27,6.37862284499479
2001-11-28,6.37393442348198
2001-11-29,6.45458211928983
2001-11-30,6.43562038997551
2001-12-01,6.20699318547115
2001-12-02,5.5159694704355
2001-12-03,5.28063160054227
2001-12-04,4.15932110309601
2001-12-05,4.19754917091793
2001-12-06,4.11945390701294
2001-12-07,3.81525857665322
2001-12-08,3.81794855329725
2001-12-09,3.76683743794759
2001-12-10,3.75177182470049
2001-12-11,3.67941186756923
2001-12-12,3.60668147404989
2001-12-13,3.82800617293706
2001-12-14,3.82795325915019
2001-12-15,3.82641886529468
2001-12-16,3.82599558527508
2001-12-17,4.09808562433018
2001-12-18,4.14835523156559
2001-12-19,4.25395498556249
2001-12-20,4.25888146021787
2001-12-21,4.12790418771597
2001-12-22,4.14014434458605
2001-12-23,4.1763881320384
2001-12-24,4.18676126537038
2001-12-25,4.17579111768239
2001-12-26,4.20205977781495
2001-12-27,4.23994536186332
2001-12-28,4.21622572678786
2001-12-29,4.17590580880642
2001-12-30,4.13530212915861
2001-12-31,4.07209750688993
2002-01-01,4.0864051928887
2002-01-02,3.98703421700385
2002-01-03,3.95955778934338
2002-01-04,4.06175573348999
2002-01-05,4.01895195583128
2002-01-06,3.84053606987
2002-01-07,3.85592207818661
2002-01-08,3.84803462911535
2002-01-09,4.04203468188643
2002-01-10,3.96241363011874
2002-01-11,3.96251619779147
2002-01-12,4.66167207147883
2002-01-13,5.00649550817545
2002-01-14,5.08693448327622
2002-01-15,5.65763643874398
2002-01-16,5.8543958317849
2002-01-17,5.97614559777286
2002-01-18,6.06907505545056
2002-01-19,6.08579955218544
2002-01-20,5.90437308374674
2002-01-21,6.08240864110548
2002-01-22,6.16783346930501
2002-01-23,5.90915149638873
2002-01-24,5.78912153456621
2002-01-25,5.9656636640274
2002-01-26,5.94983186888597
2002-01-27,5.71505111216701
2002-01-28,5.825882660453
2002-01-29,5.7406439464984
2002-01-30,5.52017975892349
2002-01-31,5.37028300768
2002-02-01,5.30536148880828
2002-02-02,5.28121656950434
2002-02-03,5.19792749112652
2002-02-04,5.12746625786131
2002-02-05,5.12274315742237
2002-02-06,5.05252574612896
2002-02-07,4.91947712642806
2002-02-08,4.75658732624211
2002-02-09,4.76667709286807
2002-02-10,4.70262339564209
2002-02-11,4.63776852020135
2002-02-12,4.57634699254106
2002-02-13,4.43071012936089
2002-02-14,4.37058630713433
2002-02-15,4.33963988987443
2002-02-16,4.31540550147094
2002-02-17,4.29884360743216
2002-02-18,4.23343084180662
2002-02-19,4.1481346234089
2002-02-20,4.11264550301851
2002-02-21,4.1259449929754
2002-02-22,4.09638426267724
2002-02-23,4.09268297635989
2002-02-24,4.06807856188654
2002-02-25,4.08877937314843
2002-02-26,4.13379844979276
2002-02-27,4.19507313834091
2002-02-28,4.18117820964368
2002-03-01,4.16282251176899
2002-03-02,4.11953558322556
2002-03-03,4.07843027672992
2002-03-04,4.05623648888806
2002-03-05,4.07936489006884
2002-03-06,4.0967657017639
2002-03-07,4.13875379575717
2002-03-08,4.19115811505386
2002-03-09,4.18101755801907
2002-03-10,4.16694751895999
2002-03-11,4.15810769290688
2002-03-12,4.22244185877049
2002-03-13,4.20995942641783
2002-03-14,4.21525091744118
2002-03-15,4.18352003731505
2002-03-16,4.18498747510626
2002-03-17,4.19800598459794
2002-03-18,4.19794434517134
2002-03-19,4.20346688530389
2002-03-20,4.21469037860233
2002-03-21,4.20533205480557
2002-03-22,4.19152172762881
2002-03-23,4.08275387835584
2002-03-24,4.00808346982067
2002-03-25,3.98629597221566
2002-03-26,4.06275980960628
2002-03-27,4.0661645893732
2002-03-28,4.06485137422023
2002-03-29,4.07373949272992
2002-03-30,4.1267979801565
2002-03-31,4.14736357587539
2002-04-01,4.24221722128156
2002-04-02,4.42641884904668
2002-04-03,4.50469550248424
2002-04-04,4.5306607220126
2002-04-05,4.52797127585039
2002-04-06,4.52124990453392
2002-04-07,4.5267134604795
2002-04-08,4.53043681836746
2002-04-09,4.53797237620435
2002-04-10,4.54557940007748
2002-04-11,4.55234014756431
2002-04-12,4.54391484931539
2002-04-13,4.54218610396701
2002-04-14,4.53668316217345
2002-04-15,4.53738896596326
2002-04-16,4.56443438138377
2002-04-17,4.54796781953044
2002-04-18,4.55550254859879
2002-04-19,4.55818763073292
2002-04-20,4.54477663299873
2002-04-21,4.54985398639562
2002-04-22,4.54014163633018
2002-04-23,4.59532954102997
2002-04-24,4.59501616548526
2002-04-25,4.65097651808702
2002-04-26,4.69349307939511
2002-04-27,4.73357040088891
2002-04-28,4.74139628345041
2002-04-29,4.76355954310797
2002-04-30,4.80721101339003
2002-05-01,4.82103932472717
2002-05-02,4.86621494650562
2002-05-03,4.9388472276086
2002-05-04,5.00002101546846
2002-05-05,5.07832659711376
2002-05-06,5.13448198409262
2002-05-07,5.24273615780364
2002-05-08,5.33894402615567
2002-05-09,5.518823301089
2002-05-10,5.68104480301951
2002-05-11,5.80935407242041
2002-05-12,5.85097677429924
2002-05-13,6.04385906375688
2002-05-14,6.19576924408
2002-05-15,6.29791548204062
2002-05-16,6.51825197229963
2002-05-17,6.67378574255025
2002-05-18,6.87140459473299
2002-05-19,7.02562066282941
2002-05-20,7.09006752955127
2002-05-21,7.12755419625811
2002-05-22,7.16527922974617
2002-05-23,7.20069393475597
2002-05-24,7.25921559726981
2002-05-25,7.28737511165066
2002-05-26,7.30224291240896
2002-05-27,7.30078007127489
2002-05-28,7.29880645217467
2002-05-29,7.30259896892187
2002-05-30,7.28872544770231
2002-05-31,7.28125259434935
2002-06-01,7.29912750334533
2002-06-02,7.30808144176204
2002-06-03,7.27560831769933
2002-06-04,7.26432014093786
2002-06-05,7.22727828421851
2002-06-06,7.21524669408735
2002-06-07,7.18240577174822
2002-06-08,7.27476671173217
2002-06-09,7.27505887725045
2002-06-10,7.27042064250462
2002-06-11,7.25279587450482
2002-06-12,7.26530377907883
2002-06-13,7.30627889758056
2002-06-14,7.29958049868913
2002-06-15,7.26909166503928
2002-06-16,7.24030539441894
2002-06-17,7.22624122067548
2002-06-18,7.17543326692815
2002-06-19,7.17143028453042
2002-06-20,7.15543306672066
2002-06-21,7.14629632396412
2002-06-22,7.12778682225476
2002-06-23,7.09104132564003
2002-06-24,7.0708060652861
2002-06-25,7.04160262417833
2002-06-26,7.00862603000523
2002-06-27,6.94710906615459
2002-06-28,6.94717478627417
2002-06-29,6.93546892811709
2002-06-30,6.93102759721536
2002-07-01,6.89255575693939
2002-07-02,6.87590677249506
2002-07-03,6.87201489633058
2002-07-04,6.85796270279771
2002-07-05,6.8603129061578
2002-07-06,6.86217808852768
2002-07-07,6.85556940417024
2002-07-08,6.8575048897313
2002-07-09,6.8276158770188
2002-07-10,6.80524390037832
2002-07-11,6.79431954117355
2002-07-12,6.78721843903654
2002-07-13,6.79421895287007
2002-07-14,6.7882224549987
2002-07-15,6.78475017577851
2002-07-16,6.77976678332302
2002-07-17,6.77980891195891
2002-07-18,6.73204964441442
2002-07-19,6.73567846345163
2002-07-20,6.77220403380613
2002-07-21,6.76768271565232
2002-07-22,6.76565405795392
2002-07-23,6.76745809988124
2002-07-24,6.75253263178369
2002-07-25,6.75435775260435
2002-07-26,6.74393078410933
2002-07-27,6.74405531525288
2002-07-28,6.73546581787244
2002-07-29,6.71990289992117
2002-07-30,6.72910866313363
2002-07-31,6.73305144501972
2002-08-01,6.73284077808808
2002-08-02,6.75573823071532
2002-08-03,6.75333198712738
2002-08-04,6.7429018792739
2002-08-05,6.67972199030266
2002-08-06,6.66866927548008
2002-08-07,6.70689388470844
2002-08-08,6.71075180270473
2002-08-09,6.71630827006763
2002-08-10,6.75207738722099
2002-08-11,6.83372853758816
2002-08-12,6.84381239848856
2002-08-13,6.87357790388523
2002-08-14,6.88360502775448
2002-08-15,6.92092655384557
2002-08-16,6.9538021476332
2002-08-17,6.88638926626676
2002-08-18,6.88918411478697
2002-08-19,6.93515360691903
2002-08-20,6.93908165033704
2002-08-21,6.94005333082999
2002-08-22,6.91894964717183
2002-08-23,6.93958343829665
2002-08-24,6.93758066126421
2002-08-25,6.94910127631525
2002-08-26,6.95770089837467
2002-08-27,6.88233308522361
2002-08-28,6.89375143305053
2002-08-29,6.90287884690844
2002-08-30,6.81754951356744
2002-08-31,6.79503043759912
2002-09-01,6.75557405026906
2002-09-02,6.82749666217023
2002-09-03,6.8198150176805
2002-09-04,6.86484338930338
2002-09-05,6.89903664939425
2002-09-06,6.88880762662504
2002-09-07,6.92399375284325
2002-09-08,6.88182556574374
2002-09-09,7.00324060825511
2002-09-10,7.10063118125365
2002-09-11,7.16442564657849
2002-09-12,7.21449060535943
2002-09-13,7.30099842566937
2002-09-14,7.33157133470692
2002-09-15,7.35888794799054
2002-09-16,7.37255874534066
2002-09-17,7.41155883600786
2002-09-18,7.42054827974042
2002-09-19,7.43919087767537
2002-09-20,7.45069014282582
2002-09-21,7.46160144564023
2002-09-22,7.49152673773585
2002-09-23,7.5450903603275
2002-09-24,7.56772925429331
2002-09-25,7.54689636698258
2002-09-26,7.52805232200371
2002-09-27,7.54774425097696
2002-09-28,7.56903031336865
2002-09-29,7.6181050781238
2002-09-30,7.64406274984816
2002-10-01,7.66889250324716
2002-10-02,7.68198833132884
2002-10-03,7.68854657929302
2002-10-04,7.68543424219087
2002-10-05,7.74332533055832
2002-10-06,7.70498951857243
2002-10-07,7.59643866612861
2002-10-08,7.47520421509019
2002-10-09,7.40332059182828
2002-10-10,7.32409061579578
2002-10-11,7.2574720359324
2002-10-12,7.2425142254456
2002-10-13,7.19684663290862
2002-10-14,6.93981033491261
2002-10-15,6.60186721934726
2002-10-16,6.38554497764278
2002-10-17,6.29485072222856
2002-10-18,6.24496539808377
2002-10-19,6.15408609536573
2002-10-20,6.19763022648732
2002-10-21,6.12823238957135
2002-10-22,6.12237299092235
2002-10-23,6.12328611658088
2002-10-24,6.15922511922649
2002-10-25,6.15039201460882
2002-10-26,6.09552368058148
2002-10-27,6.0248279588545
2002-10-28,5.95680265615699
2002-10-29,6.00133426526231
2002-10-30,6.04078009614471
2002-10-31,6.12195746804412
2002-11-01,6.1894489003896
2002-11-02,6.27555249056502
2002-11-03,6.2581801595165
2002-11-04,6.18738578990969
2002-11-05,6.29526839043074
2002-11-06,6.34753584244795
2002-11-07,6.32613381313091
2002-11-08,5.94697711320425
2002-11-09,6.07558058428337
2002-11-10,5.95518938663811
2002-11-11,5.9759934911262
2002-11-12,6.01775365685636
2002-11-13,6.05466448946863
2002-11-14,6.0530662392451
2002-11-15,6.04191193384911
2002-11-16,6.01923740228928
2002-11-17,5.99206542619551
2002-11-18,6.09587479932334
2002-11-19,6.08150079125277
2002-11-20,6.61734570469271
2002-11-21,6.57841502660993
2002-11-22,6.58169660224436
2002-11-23,6.66782102468408
2002-11-24,6.65053987806383
2002-11-25,6.59867300431188
2002-11-26,6.56402994667898
2002-11-27,6.48662477115105
2002-11-28,6.35938687212515
2002-11-29,6.1359489235011
2002-11-30,6.03240432384166
2002-12-01,5.35604988767746
2002-12-02,5.28011207580566
2002-12-03,5.1922408283347
2002-12-04,5.15657594054937
2002-12-05,5.13888445653414
2002-12-06,5.14430444867987
2002-12-07,4.40166550173479
2002-12-08,4.29902430014177
2002-12-09,4.31942834637382
2002-12-10,4.1557413358537
2002-12-11,4.17265034100366
2002-12-12,4.1856132953886
2002-12-13,4.17370853348384
2002-12-14,4.18709477545723
2002-12-15,4.21187336104257
2002-12-16,4.23694826290011
2002-12-17,4.27861059995798
2002-12-18,4.25035419097314
2002-12-19,4.22045061737299
2002-12-20,4.20974748954177
2002-12-21,4.1879823692143
2002-12-22,4.06955691634632
2002-12-23,3.99032749159861
2002-12-24,4.00394331802756
2002-12-25,4.00631619712054
2002-12-26,4.00885856353631
2002-12-27,3.90996026588699
2002-12-28,3.95056343512102
2002-12-29,4.19139893849691
2002-12-30,4.21600115488446
2002-12-31,4.22011430146264
2003-01-01,4.20342324951948
2003-01-02,4.50907337168853
2003-01-03,4.48994143307209
2003-01-04,4.4958104467392
2003-01-05,4.60016195132182
2003-01-06,4.71038063698345
2003-01-07,4.70649428831206
2003-01-08,4.7636322259903
2003-01-09,4.66599718729655
2003-01-10,4.83549047127748
2003-01-11,4.72022132873535
2003-01-12,5.57430204371331
2003-01-13,5.58402694175983
2003-01-14,5.78430635627659
2003-01-15,6.25489199382287
2003-01-16,6.2994859479878
2003-01-17,6.3764222663641
2003-01-18,6.45266865249491
2003-01-19,6.5191411964305
2003-01-20,6.49801564795475
2003-01-21,6.51848562176411
2003-01-22,6.55496279349238
2003-01-23,6.47488449505074
2003-01-24,6.53251869512752
2003-01-25,6.47580658404096
2003-01-26,6.19731858222002
2003-01-27,5.79374337350086
2003-01-28,5.72210235086199
2003-01-29,5.6589517120687
2003-01-30,5.62233174425664
2003-01-31,5.62954259609527
2003-02-01,5.52303841489333
2003-02-02,5.44796536374862
2003-02-03,5.32464110656154
2003-02-04,5.23164563284148
2003-02-05,5.17762645256496
2003-02-06,5.03829529993363
2003-02-07,4.72845873090533
2003-02-08,4.72806054366579
2003-02-09,4.72873945592189
2003-02-10,4.70021858326471
2003-02-11,4.64196539663094
2003-02-12,4.57919855293718
2003-02-13,4.49597772310124
2003-02-14,4.50078506480688
2003-02-15,4.48603389790263
2003-02-16,4.53320180527258
2003-02-17,4.54052642286797
2003-02-18,4.54177267032459
2003-02-19,4.51528607053291
2003-02-20,4.51794417977484
2003-02-21,4.52103786436668
2003-02-22,4.51727347772773
2003-02-23,4.50039029378258
2003-02-24,4.43351170466272
2003-02-25,4.39831118538331
2003-02-26,4.36885075908916
2003-02-27,4.34539718189349
2003-02-28,4.31269045585925
2003-03-01,4.28011228065758
2003-03-02,4.22548087285616
2003-03-03,4.17367148067928
2003-03-04,4.15342672052983
2003-03-05,4.15344495495164
2003-03-06,4.17367366428602
2003-03-07,4.18961562185138
2003-03-08,4.28332495964424
2003-03-09,4.38240082951608
2003-03-10,4.40888253198819
2003-03-11,4.42700372750594
2003-03-12,4.44328734989394
2003-03-13,4.43641620381705
2003-03-14,4.43875621416766
2003-03-15,4.42809491901981
2003-03-16,4.43830378427801
2003-03-17,4.44028945605093
2003-03-18,4.44116284262648
2003-03-19,4.54049810387968
2003-03-20,4.52795830624334
2003-03-21,4.54369262637988
2003-03-22,4.56013885786658
2003-03-23,4.58190623019488
2003-03-24,4.57013114853874
2003-03-25,4.54778090645619
2003-03-26,4.56148281934747
2003-03-27,4.53286791242333
2003-03-28,4.48165097913096
2003-03-29,4.4652343754537
2003-03-30,4.45142401612913
2003-03-31,4.46429987877752
2003-04-01,4.51932142573829
2003-04-02,4.53052654291421
2003-04-03,4.528381550052
2003-04-04,4.54471062099204
2003-04-05,4.5545283078903
2003-04-06,4.57407537389371
2003-04-07,4.5636268314367
2003-04-08,4.58066037150452
2003-04-09,4.59587550252066
2003-04-10,4.60339781108072
2003-04-11,4.61685610921529
2003-04-12,4.62652794979035
2003-04-13,4.64158485239444
2003-04-14,4.65552410119637
2003-04-15,4.66938232767607
2003-04-16,4.67845626247382
2003-04-17,4.6792598964573
2003-04-18,4.69518098892057
2003-04-19,4.72956980601846
2003-04-20,4.76340037956243
2003-04-21,4.81178312564958
2003-04-22,4.86110234161896
2003-04-23,4.86338418711499
2003-04-24,4.93216276274492
2003-04-25,4.98543114902584
2003-04-26,5.07395049426329
2003-04-27,5.20731471205848
2003-04-28,5.30586663825305
2003-04-29,5.38068142373425
2003-04-30,5.44752994931255
2003-05-01,5.50879037566057
2003-05-02,5.58397251595864
2003-05-03,5.75023535611825
2003-05-04,5.90278039958692
2003-05-05,5.97728462391905
2003-05-06,6.05943182555083
2003-05-07,6.14459233542768
2003-05-08,6.28726582781154
2003-05-09,6.44747953344417
2003-05-10,6.61811912027381
2003-05-11,6.76515804007184
2003-05-12,6.86473541300911
2003-05-13,6.94573095886736
2003-05-14,6.99984332417948
2003-05-15,7.02427556147006
2003-05-16,7.05314970553839
2003-05-17,7.09481172374868
2003-05-18,7.15529694323314
2003-05-19,7.13391199412041
2003-05-20,7.13970197796998
2003-05-21,7.15289565813742
2003-05-22,7.17602440241764
2003-05-23,7.17024443440625
2003-05-24,7.17542164080991
2003-05-25,7.1617952684899
2003-05-26,7.16384836281843
2003-05-27,7.18211728255144
2003-05-28,7.1976598902167
2003-05-29,7.17999108341039
2003-05-30,7.18604023275812
2003-05-31,7.18782959440901
2003-06-01,7.19433323573971
2003-06-02,7.20105653383246
2003-06-03,7.19538950034315
2003-06-04,7.19767974703122
2003-06-05,7.18551504810375
2003-06-06,7.20407665084795
2003-06-07,7.21912219895559
2003-06-08,7.23603643973932
2003-06-09,7.24284246192025
2003-06-10,7.23477366164436
2003-06-11,7.25157008362423
2003-06-12,7.27340866716863
2003-06-13,7.30125719679117
2003-06-14,7.28874551307704
2003-06-15,7.26083094535833
2003-06-16,7.26456463016545
2003-06-17,7.25650864973775
2003-06-18,7.23485706370974
2003-06-19,7.22885525937456
2003-06-20,7.21229212716703
2003-06-21,7.17656160182072
2003-06-22,7.12835089549327
2003-06-23,7.07320369657355
2003-06-24,7.0526079867181
2003-06-25,7.05544916175589
2003-06-26,7.05972060265774
2003-06-27,7.06128444538118
2003-06-28,7.03715590976279
2003-06-29,7.01815564947463
2003-06-30,6.99651536424795
2003-07-01,6.96995347832364
2003-07-02,6.96392784227948
2003-07-03,6.95299423220546
2003-07-04,6.94142714404852
2003-07-05,6.93505252207183
2003-07-06,6.92473561938916
2003-07-07,6.92486108698295
2003-07-08,6.89846498591393
2003-07-09,6.8896121792889
2003-07-10,6.86178197453092
2003-07-11,6.8366604731369
2003-07-12,6.83799299494417
2003-07-13,6.82093118539631
2003-07-14,6.80837259944109
2003-07-15,6.79387277705992
2003-07-16,6.76850034946636
2003-07-17,6.74943094529698
2003-07-18,6.73510736102261
2003-07-19,6.72856448752823
2003-07-20,6.72555482572663
2003-07-21,6.72582361936963
2003-07-22,6.72708163085601
2003-07-23,6.72422382528155
2003-07-24,6.73091229807043
2003-07-25,6.72066996201417
2003-07-26,6.72350554714479
2003-07-27,6.71904630608106
2003-07-28,6.70288006412159
2003-07-29,6.68478934742662
2003-07-30,6.7151058891872
2003-07-31,6.73588003312739
2003-08-01,6.76209157980442
2003-08-02,6.78699905910289
2003-08-03,6.78903444312406
2003-08-04,6.79174399905945
2003-08-05,6.79631491392296
2003-08-06,6.80249685910606
2003-08-07,6.80485018628594
2003-08-08,6.80774276107975
2003-08-09,6.80442878426306
2003-08-10,6.68956142133586
2003-08-11,6.75539375279464
2003-08-12,6.75074825827186
2003-08-13,6.74421270726686
2003-08-14,6.74726935751741
2003-08-15,6.73393335275021
2003-08-16,6.72523891392861
2003-08-17,6.72579096639392
2003-08-18,6.72370926364351
2003-08-19,6.73182851122473
2003-08-20,6.74575053193351
2003-08-21,6.78167958013123
2003-08-22,6.77056561781603
2003-08-23,6.7780580323772
2003-08-24,6.79466547577572
2003-08-25,6.81091175489847
2003-08-26,6.81137053158131
2003-08-27,6.81742449864579
2003-08-28,6.82599349342575
2003-08-29,6.85105478978492
2003-08-30,6.88050416951323
2003-08-31,6.90293808842417
2003-09-01,6.91664205381233
2003-09-02,6.93483550897655
2003-09-03,6.95086437935435
2003-09-04,6.96377095154918
2003-09-05,7.03040569592785
2003-09-06,7.09583109822221
2003-09-07,7.12732354260679
2003-09-08,7.12936950468503
2003-09-09,7.11309047693776
2003-09-10,7.12015657870131
2003-09-11,7.1215771424253
2003-09-12,7.08061185950864
2003-09-13,7.07738766790763
2003-09-14,7.01036435735245
2003-09-15,7.14518554371246
2003-09-16,7.19426253167982
2003-09-17,7.22268046467323
2003-09-18,7.23610837109676
2003-09-19,7.27358580607211
2003-09-20,7.3125379880715
2003-09-21,7.30229965386134
2003-09-22,7.31909234876832
2003-09-23,7.32505674636457
2003-09-24,7.35370469464664
2003-09-25,7.36122711446273
2003-09-26,7.35882903318332
2003-09-27,7.38174340878248
2003-09-28,7.4332073327565
2003-09-29,7.45600275009017
2003-09-30,7.45455532331217
2003-10-01,7.47318006175586
2003-10-02,7.50478399702422
2003-10-03,7.56928044740301
2003-10-04,7.58284663583863
2003-10-05,7.54768216826989
2003-10-06,7.53965487626991
2003-10-07,7.53515781189392
2003-10-08,7.52024784891882
2003-10-09,7.52178610024865
2003-10-10,7.50859750630003
2003-10-11,7.4922647258478
2003-10-12,7.45711016701412
2003-10-13,7.48174293801352
2003-10-14,7.3837127674333
2003-10-15,7.32306341305808
2003-10-16,7.25958512428418
2003-10-17,7.16699278265276
2003-10-18,7.29993479963435
2003-10-19,7.15869329244399
2003-10-20,7.2691150563738
2003-10-21,7.17875726282899
2003-10-22,6.87413173213935
2003-10-23,6.76793076376331
2003-10-24,6.77156696631789
2003-10-25,6.57100417603943
2003-10-26,6.56683546577983
2003-10-27,6.35077785443956
2003-10-28,6.30519301407479
2003-10-29,6.18257647890676
2003-10-30,6.11059974167416
2003-10-31,6.03599234218922
2003-11-01,5.93812306161198
2003-11-02,5.66933882008771
2003-11-03,5.67253309839646
2003-11-04,5.63810176458924
2003-11-05,5.50581661787251
2003-11-06,5.48354482786497
2003-11-07,5.72295162464418
2003-11-08,5.68817225311484
2003-11-09,5.6493079498759
2003-11-10,5.65238819708523
2003-11-11,5.64838266822938
2003-11-12,5.68237754305642
2003-11-13,5.74720981557897
2003-11-14,5.73353989870627
2003-11-15,5.70974265429848
2003-11-16,6.08395749780429
2003-11-17,6.18998435612089
2003-11-18,6.16054961361057
2003-11-19,6.27850975950806
2003-11-20,6.54401410218539
2003-11-21,6.57057500447488
2003-11-22,6.49280356255131
2003-11-23,6.69544234707269
2003-11-24,6.59534861913749
2003-11-25,6.53407617311909
2003-11-26,6.46617966072232
2003-11-27,6.48062971625665
2003-11-28,6.44856042042375
2003-11-29,6.42489962870848
2003-11-30,6.3887728190492
2003-12-01,6.35469332955918
2003-12-02,6.26897155383848
2003-12-03,5.13130933833572
2003-12-04,4.49739532346849
2003-12-05,4.46574854850769
2003-12-06,4.45577530170742
2003-12-07,4.49939898391823
2003-12-08,4.40853065660555
2003-12-09,4.39850280056261
2003-12-10,4.22865056635729
2003-12-11,4.28866544365883
2003-12-12,4.35122275743328
2003-12-13,4.33097685360518
2003-12-14,4.32630471323357
2003-12-15,4.38685423135757
2003-12-16,4.28644132223286
2003-12-17,4.36986118204453
2003-12-18,4.38228510837166
2003-12-19,4.42265928521448
2003-12-20,4.16903286774953
2003-12-21,4.17635010755979
2003-12-22,3.93258395502644
2003-12-23,3.79746921857198
2003-12-24,3.97029421609991
2003-12-25,4.0566162629561
2003-12-26,3.86469308326119
2003-12-27,3.89274785325334
2003-12-28,3.89618433149237
2003-12-29,4.2711495695443
2003-12-30,4.01652393341064
2003-12-31,3.87769240599412
2004-01-01,3.80316675901413
2004-01-02,3.73551595778692
2004-01-03,3.79920842647553
2004-01-04,3.66601859198676
2004-01-05,3.58373022079468
2004-01-06,3.45900005102158
2004-01-07,3.70578444257696
2004-01-08,3.93919908083402
2004-01-09,4.33182481697628
2004-01-10,4.29752069795635
2004-01-11,4.28177469213244
2004-01-12,4.37450965856895
2004-01-13,4.44615897608966
2004-01-14,4.48316630212272
2004-01-15,5.45437755244119
2004-01-16,5.85998582722518
2004-01-17,5.87887286910644
2004-01-18,5.95962058663859
2004-01-19,5.9901447581105
2004-01-20,5.8073536757451
2004-01-21,5.74109993388616
2004-01-22,6.15130147803976
2004-01-23,6.31336527701227
2004-01-24,6.01482548296412
2004-01-25,5.96049299943508
2004-01-26,5.91733407358638
2004-01-27,5.93292451783809
2004-01-28,5.94155327535011
2004-01-29,5.91646275902347
2004-01-30,5.74757360675214
2004-01-31,5.52022004300082
2004-02-01,5.48828010738701
2004-02-02,5.41033475106416
2004-02-03,5.25395730138682
2004-02-04,5.0872280723509
2004-02-05,5.03462788494713
2004-02-06,4.94789693568796
2004-02-07,4.84546210505658
2004-02-08,4.80777664183013
2004-02-09,4.78066393191248
2004-02-10,4.77079731695801
2004-02-11,4.75509988844504
2004-02-12,4.71675331225393
2004-02-13,4.62286632714609
2004-02-14,4.61154524024504
2004-02-15,4.58298711687858
2004-02-16,4.56799886232962
2004-02-17,4.5179989299953
2004-02-18,4.51555329340719
2004-02-19,4.51519424316305
2004-02-20,4.515510325541
2004-02-21,4.51340080043945
2004-02-22,4.45989085839893
2004-02-23,4.41694510827658
2004-02-24,4.41081986292404
2004-02-25,4.37558658296103
2004-02-26,4.34639730739196
2004-02-27,4.32813301314405
2004-02-28,4.26994797089801
2004-02-29,4.23147446089921
2004-03-01,4.2259702222607
2004-03-02,4.3031596413489
2004-03-03,4.32033581603181
2004-03-04,4.32779430808498
2004-03-05,4.35636662784367
2004-03-06,4.33262258138677
2004-03-07,4.3315382272208
2004-03-08,4.33781846885992
2004-03-09,4.3410135676081
2004-03-10,4.29764310604895
2004-03-11,4.28327775683377
2004-03-12,4.24994373445907
2004-03-13,4.23561199233957
2004-03-14,4.27858571427965
2004-03-15,4.34327570888753
2004-03-16,4.37013908164305
2004-03-17,4.4184531443135
2004-03-18,4.41578165938235
2004-03-19,4.39778727168868
2004-03-20,4.41954377453829
2004-03-21,4.4165087393296
2004-03-22,4.4009749872589
2004-03-23,4.4162212388556
2004-03-24,4.46317730665528
2004-03-25,4.47976005657736
2004-03-26,4.49752257353098
2004-03-27,4.52180254496045
2004-03-28,4.52925745032225
2004-03-29,4.52216002314666
2004-03-30,4.46305651970652
2004-03-31,4.51011405736651
2004-04-01,4.52697995447471
2004-04-02,4.54317995099007
2004-04-03,4.57707098030525
2004-04-04,4.58336763590969
2004-04-05,4.60258218711989
2004-04-06,4.61709662167528
2004-04-07,4.62963901811162
2004-04-08,4.6406534924133
2004-04-09,4.64781579818657
2004-04-10,4.65486608092565
2004-04-11,4.65297271558404
2004-04-12,4.65057279118245
2004-04-13,4.65012322087856
2004-04-14,4.66238121891636
2004-04-15,4.66708606062207
2004-04-16,4.67411152244303
2004-04-17,4.64168588281954
2004-04-18,4.56366919220956
2004-04-19,4.54197231635317
2004-04-20,4.55749347274036
2004-04-21,4.5609631867671
2004-04-22,4.73957591060401
2004-04-23,4.77165313291258
2004-04-24,4.84886648776916
2004-04-25,4.90762125741855
2004-04-26,4.93776687427193
2004-04-27,5.01030325341934
2004-04-28,5.20321088338981
2004-04-29,5.43370768239445
2004-04-30,5.54716729589328
2004-05-01,5.66398118740071
2004-05-02,5.73618886736641
2004-05-03,5.86220282127509
2004-05-04,5.98091838847489
2004-05-05,6.04421127620091
2004-05-06,6.05848559376918
2004-05-07,6.21687657509413
2004-05-08,6.37281597932017
2004-05-09,6.47124024982129
2004-05-10,6.52495247918048
2004-05-11,6.5934453746994
2004-05-12,6.63623696016638
2004-05-13,6.69848353127084
2004-05-14,6.7221966336993
2004-05-15,6.75914623583506
2004-05-16,6.79698759687641
2004-05-17,6.852989404779
2004-05-18,6.85861272830011
2004-05-19,6.89270631532304
2004-05-20,6.90345656480959
2004-05-21,6.92101174434671
2004-05-22,6.91893690563928
2004-05-23,6.90135991557514
2004-05-24,6.87619077425852
2004-05-25,6.86581792565031
2004-05-26,6.87240799901598
2004-05-27,6.97546411926305
2004-05-28,6.98031060762564
2004-05-29,6.97549479072507
2004-05-30,6.98780188361831
2004-05-31,7.04806833539965
2004-06-01,7.10088509792789
2004-06-02,7.13151005056696
2004-06-03,7.15321498128077
2004-06-04,7.15388218277198
2004-06-05,7.09373978197467
2004-06-06,7.07619578051443
2004-06-07,7.06028378199869
2004-06-08,7.04834310581557
2004-06-09,7.03645026195936
2004-06-10,7.03251922924263
2004-06-11,7.06648244463583
2004-06-12,7.04274155947293
2004-06-13,7.01632662603688
2004-06-14,6.98803258811467
2004-06-15,6.95481539015096
2004-06-16,6.95270502265785
2004-06-17,6.95422321775666
2004-06-18,6.92839239157388
2004-06-19,6.87535364727186
2004-06-20,6.85115176357808
2004-06-21,6.8356419264117
2004-06-22,6.82709106108773
2004-06-23,6.81402745003082
2004-06-24,6.7892958603505
2004-06-25,6.80037127937227
2004-06-26,6.8012619577641
2004-06-27,6.7981775852252
2004-06-28,6.76707417954536
2004-06-29,6.73246593930899
2004-06-30,6.72402226865016
2004-07-01,6.71203075807161
2004-07-02,6.71834173382513
2004-07-03,6.71374908334808
2004-07-04,6.70127198196061
2004-07-05,6.62336097761237
2004-07-06,6.61354589000241
2004-07-07,6.62632809025787
2004-07-08,6.63363290105362
2004-07-09,6.64390129232642
2004-07-10,6.67604977337746
2004-07-11,6.70902536034408
2004-07-12,6.71254168785152
2004-07-13,6.6935683066334
2004-07-14,6.69495662633892
2004-07-15,6.69366351787642
2004-07-16,6.70495011163895
2004-07-17,6.6963100039959
2004-07-18,6.69404711937089
2004-07-19,6.70597715637826
2004-07-20,6.719366516548
2004-07-21,6.71626472291734
2004-07-22,6.69799555406354
2004-07-23,6.67249853190486
2004-07-24,6.63307365646043
2004-07-25,6.62679865634681
2004-07-26,6.62809572849143
2004-07-27,6.65109626201899
2004-07-28,6.70642535468447
2004-07-29,6.68623412446478
2004-07-30,6.66125663629239
2004-07-31,6.65310526543223
2004-08-01,6.65173853036039
2004-08-02,6.65302957064396
2004-08-03,6.68025621373198
2004-08-04,6.69153303650858
2004-08-05,6.68599459861478
2004-08-06,6.65779233973096
2004-08-07,6.66512202205641
2004-08-08,6.67627465815596
2004-08-09,6.65213717377061
2004-08-10,6.64576942380807
2004-08-11,6.63594919724073
2004-08-12,6.61881523969326
2004-08-13,6.58168282295264
2004-08-14,6.57892598327695
2004-08-15,6.64865397568292
2004-08-16,6.64735216376971
2004-08-17,6.64899427599164
2004-08-18,6.63074748376997
2004-08-19,6.63465372020279
2004-08-20,6.64347597774341
2004-08-21,6.64249709033023
2004-08-22,6.60505825139687
2004-08-23,6.59183938501979
2004-08-24,6.57022563778526
2004-08-25,6.57161957402042
2004-08-26,6.57594641936591
2004-08-27,6.62365929487531
2004-08-28,6.63653647412214
2004-08-29,6.64646744318506
2004-08-30,6.68300240950469
2004-08-31,6.6401169238016
2004-09-01,6.65152385730252
2004-09-02,6.658130867553
2004-09-03,6.64620678985425
2004-09-04,6.62359208829786
2004-09-05,6.60955486402496
2004-09-06,6.60074684541633
2004-09-07,6.5977337506076
2004-09-08,6.59725841238643
2004-09-09,6.50191463373858
2004-09-10,6.49606575116123
2004-09-11,6.38051515627287
2004-09-12,6.39740617129686
2004-09-13,6.41135829759305
2004-09-14,6.45922382990779
2004-09-15,6.48121709618712
2004-09-16,6.54039810694132
2004-09-17,6.62458480112844
2004-09-18,6.71925233831343
2004-09-19,6.94709717099331
2004-09-20,6.96679637154578
2004-09-21,7.00674584476921
2004-09-22,6.93997091807653
2004-09-23,6.93001424573074
2004-09-24,6.84962397104514
2004-09-25,6.80870120852224
2004-09-26,6.74610621465088
2004-09-27,6.6588046815978
2004-09-28,6.64703032386692
2004-09-29,6.62297375690853
2004-09-30,6.51088400957957
2004-10-01,6.31685075735488
2004-10-02,6.34506722743277
2004-10-03,6.43361702334109
2004-10-04,6.41506821156049
2004-10-05,6.34683198693902
2004-10-06,6.3963086303785
2004-10-07,6.53365263245161
2004-10-08,6.50002253866666
2004-10-09,6.57646602695164
2004-10-10,6.59972219515993
2004-10-11,6.76545054567323
2004-10-12,6.62461084439929
2004-10-13,6.6409110085931
2004-10-14,6.62099384301565
2004-10-15,6.50217361422742
2004-10-16,6.3957753643963
2004-10-17,6.23303637321999
2004-10-18,6.11048242695579
2004-10-19,5.98691551294577
2004-10-20,5.79420831680635
2004-10-21,5.69126868338402
2004-10-22,5.59425603461378
2004-10-23,5.4547671823488
2004-10-24,5.04849447104218
2004-10-25,4.98480690051093
2004-10-26,4.96586561897155
2004-10-27,4.94330839608262
2004-10-28,4.96278845387846
2004-10-29,5.02008376364281
2004-10-30,5.08065834749081
2004-10-31,5.1408340651488
2004-11-01,5.18627902831117
2004-11-02,5.28589751674894
2004-11-03,5.34232429367027
2004-11-04,5.39006032245205
2004-11-05,5.31098514851358
2004-11-06,5.37939507367025
2004-11-07,5.33275831303225
2004-11-08,5.35890656379629
2004-11-09,5.55744404483422
2004-11-10,5.56318681680208
2004-11-11,5.62917171779432
2004-11-12,5.74785773968489
2004-11-13,5.78138289825838
2004-11-14,5.80742890550915
2004-11-15,5.88117939287285
2004-11-16,5.9337680864149
2004-11-17,5.88757863713575
2004-11-18,6.72369729531889
2004-11-19,6.59016371389915
2004-11-20,6.55817300796509
2004-11-21,6.56121555051288
2004-11-22,6.595698953863
2004-11-23,6.57156427986071
2004-11-24,6.56690181829991
2004-11-25,6.58892703820498
2004-11-26,6.58817717755427
2004-11-27,6.54202348464414
2004-11-28,6.55281568213597
2004-11-29,6.27707696635768
2004-11-30,6.24174337916904
2004-12-01,6.04527853488922
2004-12-02,5.97327013637709
2004-12-03,5.98398270468781
2004-12-04,6.04473108538875
2004-12-05,5.70522285413138
2004-12-06,5.13874569928871
2004-12-07,5.29970149790987
2004-12-08,4.74201580194327
2004-12-09,4.63931875001817
2004-12-10,4.646460828327
2004-12-11,4.59921321970351
2004-12-12,4.63036343256633
2004-12-13,4.49969977491042
2004-12-14,4.37764518769061
2004-12-15,4.37023126101885
2004-12-16,4.36531322510516
2004-12-17,4.33787224541849
2004-12-18,4.34357696860584
2004-12-19,4.33300432162498
2004-12-20,4.35089008991535
2004-12-21,4.31462787068079
2004-12-22,4.33609109833127
2004-12-23,4.35047509148717
2004-12-24,4.41344245535428
2004-12-25,4.39961732020144
2004-12-26,4.42054736809652
2004-12-27,4.29058288771009
2004-12-28,4.30411545932293
2004-12-29,4.35075358037026
2004-12-30,4.34261346714837
2004-12-31,4.25246910378337
2005-01-01,4.22858114314802
2005-01-02,4.34733425776164
2005-01-03,4.35787452500442
2005-01-04,4.2887685408959
2005-01-05,4.35584640829531
2005-01-06,4.52360112544818
2005-01-07,4.44977901483837
2005-01-08,4.54241032478137
2005-01-09,4.63872805936837
2005-01-10,4.82518620973223
2005-01-11,5.5710101436368
2005-01-12,5.60051060040792
2005-01-13,5.67031782179168
2005-01-14,5.68198387202095
2005-01-15,5.77822201744804
2005-01-16,6.19383104393101
2005-01-17,6.29314512431622
2005-01-18,6.4296882507286
2005-01-19,6.42777189949068
2005-01-20,6.50298103742895
2005-01-21,6.53534823377082
2005-01-22,6.46427585990703
2005-01-23,6.49759629478349
2005-01-24,6.32752558691078
2005-01-25,6.33582411852537
2005-01-26,6.23818062471756
2005-01-27,6.09062122146623
2005-01-28,5.63675492058533
2005-01-29,5.58467857662369
2005-01-30,5.60486483321132
2005-01-31,5.61144054754657
2005-02-01,5.55092157905263
2005-02-02,5.50973011997378
2005-02-03,5.4458905641773
2005-02-04,5.22244542175301
2005-02-05,4.94022056023381
2005-02-06,4.96430087547829
2005-02-07,4.90149285795775
2005-02-08,4.88007634427286
2005-02-09,4.79521208088052
2005-02-10,4.80364210390113
2005-02-11,4.7916551371231
2005-02-12,4.79871207414175
2005-02-13,4.68699695263261
2005-02-14,4.66130274775666
2005-02-15,4.59748168134163
2005-02-16,4.56692909140898
2005-02-17,4.71659597617422
2005-02-18,4.61452467314557
2005-02-19,4.57918802386134
2005-02-20,4.54280035126483
2005-02-21,4.58570810504174
2005-02-22,4.57280987413024
2005-02-23,4.56583931395308
2005-02-24,4.54669608716718
2005-02-25,4.55866020244975
2005-02-26,4.51213923226182
2005-02-27,4.48884702989342
2005-02-28,4.50515197194449
2005-03-01,4.49422251406155
2005-03-02,4.50236371116378
2005-03-03,4.52266991826901
2005-03-04,4.50262207938949
2005-03-05,4.31682967014194
2005-03-06,4.33256167815955
2005-03-07,4.29697017008228
2005-03-08,4.29001751656523
2005-03-09,4.243118470104
2005-03-10,4.22446037861228
2005-03-11,4.19570818448828
2005-03-12,4.16933669684773
2005-03-13,4.15718194558225
2005-03-14,4.15761193252953
2005-03-15,4.14600574361731
2005-03-16,4.09770066929283
2005-03-17,4.08586010784413
2005-03-18,4.05416084134589
2005-03-19,4.05121075668522
2005-03-20,4.05419198584867
2005-03-21,4.05381934703473
2005-03-22,4.03717345117357
2005-03-23,4.03085597835855
2005-03-24,4.03194554175246
2005-03-25,4.04022267871656
2005-03-26,4.08311542972954
2005-03-27,4.08542959654094
2005-03-28,4.13061660160718
2005-03-29,4.172281822568
2005-03-30,4.19534366487925
2005-03-31,4.19751820213757
2005-04-01,4.22016567034925
2005-04-02,4.21351234635701
2005-04-03,4.22054203611935
2005-04-04,4.23420701951453
2005-04-05,4.23562182709308
2005-04-06,4.25356515111657
2005-04-07,4.28202340865029
2005-04-08,4.29157020916372
2005-04-09,4.30274026562595
2005-04-10,4.3160894814444
2005-04-11,4.2814684998964
2005-04-12,4.29646205907455
2005-04-13,4.34586752529377
2005-04-14,4.34899399663378
2005-04-15,4.53307251506195
2005-04-16,4.58545605374104
2005-04-17,4.65236590841611
2005-04-18,4.66959687057929
2005-04-19,4.67664752878101
2005-04-20,4.69303456881671
2005-04-21,4.71248775709144
2005-04-22,4.73191071532097
2005-04-23,4.7532458670665
2005-04-24,4.79107431776313
2005-04-25,4.82204554510069
2005-04-26,4.87552231626557
2005-04-27,4.95975895453509
2005-04-28,5.01750791289963
2005-04-29,5.09752479110265
2005-04-30,5.22042157841978
2005-05-01,5.3194791424013
2005-05-02,5.39919924721763
2005-05-03,5.46243177298588
2005-05-04,5.65145459507742
2005-05-05,5.99800460675116
2005-05-06,6.21243801177042
2005-05-07,6.31527830986765
2005-05-08,6.49175663550062
2005-05-09,6.55903961014574
2005-05-10,6.64488319984407
2005-05-11,6.69035777165344
2005-05-12,6.81553931356574
2005-05-13,6.85935433261851
2005-05-14,6.87929734714286
2005-05-15,6.91098051761861
2005-05-16,6.93711868494207
2005-05-17,6.96564952409432
2005-05-18,6.98823347535957
2005-05-19,7.01733567339137
2005-05-20,7.04052375051128
2005-05-21,7.13638185543066
2005-05-22,7.17291407028908
2005-05-23,7.1763462311804
2005-05-24,7.19766904610157
2005-05-25,7.22822164786426
2005-05-26,7.2656870320175
2005-05-27,7.26560234408993
2005-05-28,7.24058886273656
2005-05-29,7.2241079666311
2005-05-30,7.22016461214177
2005-05-31,7.27496423485022
2005-06-01,7.28368732510993
2005-06-02,7.27984562265513
2005-06-03,7.23749362832374
2005-06-04,7.220781399622
2005-06-05,7.2116581735967
2005-06-06,7.19280692577646
2005-06-07,7.18042528682068
2005-06-08,7.15635058454853
2005-06-09,7.15128162204649
2005-06-10,7.14845366692434
2005-06-11,7.14226726547353
2005-06-12,7.13695778549761
2005-06-13,7.12481194657819
2005-06-14,7.1024418536261
2005-06-15,7.08706816104148
2005-06-16,7.04986175169018
2005-06-17,7.02394991775743
2005-06-18,7.01336827603719
2005-06-19,7.00312879577626
2005-06-20,6.98117361850911
2005-06-21,6.94974028088422
2005-06-22,6.92423871817256
2005-06-23,6.88055511492883
2005-06-24,6.83912732536141
2005-06-25,6.82356378968055
2005-06-26,6.79727045691313
2005-06-27,6.78230466140763
2005-06-28,6.7758420465141
2005-06-29,6.77466014362409
2005-06-30,6.76152039967492
2005-07-01,6.76960303795421
2005-07-02,6.76569998957363
2005-07-03,6.74926503581008
2005-07-04,6.75023292039982
2005-07-05,6.72708000745223
2005-07-06,6.73889996404555
2005-07-07,6.73502969575935
2005-07-08,6.74434721210763
2005-07-09,6.69117743831033
2005-07-10,6.76720567728834
2005-07-11,6.76497282878974
2005-07-12,6.76447015205625
2005-07-13,6.79188076608349
2005-07-14,6.77736465198155
2005-07-15,6.78427715900198
2005-07-16,6.77698076406705
2005-07-17,6.77016144321998
2005-07-18,6.75377618497189
2005-07-19,6.77073143549562
2005-07-20,6.76835137799363
2005-07-21,6.76529628282969
2005-07-22,6.75921654578361
2005-07-23,6.74467267070619
2005-07-24,6.73487173638962
2005-07-25,6.73316387377188
2005-07-26,6.72654372924118
2005-07-27,6.72513830564932
2005-07-28,6.71845647216544
2005-07-29,6.72113216601198
2005-07-30,6.72643892431691
2005-07-31,6.71783819995386
2005-08-01,6.72358129842139
2005-08-02,6.71334874992885
2005-08-03,6.72246927184709
2005-08-04,6.70892760141644
2005-08-05,6.70255767261473
2005-08-06,6.69414680021281
2005-08-07,6.67942457910526
2005-08-08,6.68243982537942
2005-08-09,6.68076668265536
2005-08-10,6.67665534662397
2005-08-11,6.6752999653983
2005-08-12,6.66032804358129
2005-08-13,6.63412015793098
2005-08-14,6.57444056345528
2005-08-15,6.56905098666659
2005-08-16,6.55823900726743
2005-08-17,6.61442857122478
2005-08-18,6.6330654845159
2005-08-19,6.63167713544823
2005-08-20,6.62166762200598
2005-08-21,6.65917931600535
2005-08-22,6.67975012006438
2005-08-23,6.6989462090427
2005-08-24,6.68958664288196
2005-08-25,6.69606890904556
2005-08-26,6.71633023364894
2005-08-27,6.70125798850016
2005-08-28,6.70683626579598
2005-08-29,6.71214153597211
2005-08-30,6.70192802912632
2005-08-31,6.69579987846677
2005-09-01,6.76165136652122
2005-09-02,6.75510275483794
2005-09-03,6.75374113530764
2005-09-04,6.77220843241046
2005-09-05,6.78357960855724
2005-09-06,6.80851650689731
2005-09-07,6.82249964897544
2005-09-08,6.82135807452379
2005-09-09,6.85683550782312
2005-09-10,6.87307650468329
2005-09-11,6.87663919578345
2005-09-12,6.88760123431646
2005-09-13,6.89163096423892
2005-09-14,6.89376984000491
2005-09-15,6.93497688168498
2005-09-16,7.01181211836798
2005-09-17,7.04685971102596
2005-09-18,7.3210822524562
2005-09-19,7.25238491491831
2005-09-20,7.29924685314658
2005-09-21,7.316805150419
2005-09-22,7.32914882180886
2005-09-23,7.35899845182856
2005-09-24,7.38184447749811
2005-09-25,7.49985109039694
2005-09-26,7.77535329169004
2005-09-27,7.72629480229074
2005-09-28,7.56031660511354
2005-09-29,7.55416093369562
2005-09-30,7.58018968022255
2005-10-01,7.58614051334067
2005-10-02,7.54304468316471
2005-10-03,7.5767478260646
2005-10-04,7.54828101394338
2005-10-05,7.61007390849589
2005-10-06,7.63761657269348
2005-10-07,7.5526265917201
2005-10-08,7.47962518665682
2005-10-09,7.44878554489497
2005-10-10,7.36815485661552
2005-10-11,7.30391407638964
2005-10-12,7.06202887431687
2005-10-13,6.7931861412281
2005-10-14,6.84734679104493
2005-10-15,6.790834770303
2005-10-16,6.67220423930463
2005-10-17,6.62067737662942
2005-10-18,6.53762382439646
2005-10-19,6.38214107658611
2005-10-20,6.26786364810005
2005-10-21,6.06798322951134
2005-10-22,5.87422225674084
2005-10-23,5.65815600188464
2005-10-24,5.5501805656902
2005-10-25,5.54702713457973
2005-10-26,5.43889518235632
2005-10-27,5.42403656262139
2005-10-28,5.39223868596659
2005-10-29,5.42059504949066
2005-10-30,5.27459207751005
2005-10-31,5.25709180581425
2005-11-01,5.38178181383384
2005-11-02,5.19891573959507
2005-11-03,5.19439057355055
2005-11-04,5.22429276255763
2005-11-05,5.28813222124072
2005-11-06,5.40718014280789
2005-11-07,5.53249667904968
2005-11-08,5.65327277276979
2005-11-09,5.79562856860045
2005-11-10,6.17494687316344
2005-11-11,6.44148168423338
2005-11-12,6.44338033410006
2005-11-13,6.44559152800912
2005-11-14,6.44541512719202
2005-11-15,6.53063023061159
2005-11-16,6.60176112633809
2005-11-17,6.59653712430766
2005-11-18,6.58367689459277
2005-11-19,6.57547197057834
2005-11-20,6.54682310172069
2005-11-21,6.63984514535941
2005-11-22,6.6239196509565
2005-11-23,6.9105790664002
2005-11-24,6.67059184429963
2005-11-25,6.5521401416611
2005-11-26,6.35371411468181
2005-11-27,6.27520214319229
2005-11-28,6.1624938565142
2005-11-29,6.1306170557554
2005-11-30,6.13124717030548
2005-12-01,6.08336294540251
2005-12-02,6.04693331501701
2005-12-03,6.03434663580865
2005-12-04,5.59190268175943
2005-12-05,5.56184678182115
2005-12-06,5.24444351463674
2005-12-07,5.18513590434812
2005-12-08,4.94649324622206
2005-12-09,4.13071259330301
2005-12-10,4.15372730703915
2005-12-11,4.16557397415389
2005-12-12,4.24136999827712
2005-12-13,4.27803667267757
2005-12-14,4.48770695436196
2005-12-15,4.44817142408402
2005-12-16,4.45505667514488
2005-12-17,4.41267959797969
2005-12-18,4.32012956692622
2005-12-19,4.293462903683
2005-12-20,4.27356546842135
2005-12-21,4.22730804590079
2005-12-22,4.19466700553894
2005-12-23,4.1982815861702
2005-12-24,4.23174634473077
2005-12-25,4.35564112663269
2005-12-26,4.18455771540032
2005-12-27,4.19472165185897
2005-12-28,4.22142179523196
2005-12-29,4.35553758419477
2005-12-30,4.19372909644554
2005-12-31,4.19455475137945
2006-01-01,4.11625123860543
2006-01-02,3.99057149461338
2006-01-03,3.94510930776596
2006-01-04,3.79709488837445
2006-01-05,4.35312131333025
2006-01-06,4.57988133132458
2006-01-07,4.69336363474528
2006-01-08,5.40430247325164
2006-01-09,5.38838945735585
2006-01-10,5.61844026696855
2006-01-11,5.72463339834071
2006-01-12,5.82867673238119
2006-01-13,5.90152918115074
2006-01-14,5.88716117396499
2006-01-15,6.10187887426597
2006-01-16,6.24023411872629
2006-01-17,6.3417461491628
2006-01-18,6.60682343691587
2006-01-19,6.41760938358671
2006-01-20,6.52293164304325
2006-01-21,6.31384099000379
2006-01-22,5.52732596180849
2006-01-23,5.398865501542
2006-01-24,5.3440685792373
2006-01-25,5.63545674578385
2006-01-26,5.59018752789423
2006-01-27,5.55836483317507
2006-01-28,5.52263776210202
2006-01-29,5.23834183046682
2006-01-30,5.15659042031943
2006-01-31,5.14775468492765
2006-02-01,5.10863022889876
2006-02-02,5.02419367509332
2006-02-03,4.91254198919141
2006-02-04,4.91816691134043
2006-02-05,4.83428573709464
2006-02-06,4.72100112172029
2006-02-07,4.71581686341051
2006-02-08,4.69734760111252
2006-02-09,4.65084440498072
2006-02-10,4.5163343219017
2006-02-11,4.49118890949266
2006-02-12,4.46984213309313
2006-02-13,4.47412715814324
2006-02-14,4.48659710559309
2006-02-15,4.42864645647685
2006-02-16,4.41715205601677
2006-02-17,4.40958483558915
2006-02-18,4.41630998516199
2006-02-19,4.46657974071773
2006-02-20,4.47752308880995
2006-02-21,4.44871472567175
2006-02-22,4.41917350414877
2006-02-23,4.39299750456579
2006-02-24,4.40453258799245
2006-02-25,4.38922106762033
2006-02-26,4.3969821791119
2006-02-27,4.39589215854569
2006-02-28,4.38335681761302
2006-03-01,4.37859400534687
2006-03-02,4.37219453080268
2006-03-03,4.36427804152766
2006-03-04,4.31810429689519
2006-03-05,4.32729528895107
2006-03-06,4.30573071143516
2006-03-07,4.26941564668562
2006-03-08,4.17732670498349
2006-03-09,4.20053184652807
2006-03-10,4.19917266594593
2006-03-11,4.1813117352579
2006-03-12,4.13768762005022
2006-03-13,4.10532620061671
2006-03-14,4.11094183190669
2006-03-15,4.10777069155829
2006-03-16,4.12858538132915
2006-03-17,4.15944681476025
2006-03-18,4.15911062996823
2006-03-19,4.16132888793547
2006-03-20,4.186512783649
2006-03-21,4.1382541368751
2006-03-22,4.1427036293487
2006-03-23,4.14132149827338
2006-03-24,4.14593558742666
2006-03-25,4.13179762646532
2006-03-26,4.14806245222027
2006-03-27,4.17680707739498
2006-03-28,4.20177020066402
2006-03-29,4.23352106332026
2006-03-30,4.25275648086203
2006-03-31,4.26800191947304
2006-04-01,4.26451050460008
2006-04-02,4.26881389982407
2006-04-03,4.27238644080517
2006-04-04,4.27443779960868
2006-04-05,4.28013849607439
2006-04-06,4.28235358320919
2006-04-07,4.31400517954659
2006-04-08,4.32586028694716
2006-04-09,4.32128533296088
2006-04-10,4.321665971808
2006-04-11,4.33143934269399
2006-04-12,4.42719009209068
2006-04-13,4.42832490571115
2006-04-14,4.40449120103366
2006-04-15,4.39283870439257
2006-04-16,4.4000231286429
2006-04-17,4.41445831358305
2006-04-18,4.43160348605598
2006-04-19,4.49976192458446
2006-04-20,4.52465855297943
2006-04-21,4.58253951581432
2006-04-22,4.59605724710492
2006-04-23,4.60941314592667
2006-04-24,4.6222101912677
2006-04-25,4.65376159401976
2006-04-26,4.6881725395054
2006-04-27,4.70959268384155
2006-04-28,4.74216521882728
2006-04-29,4.78470849508048
2006-04-30,4.81195784908273
2006-05-01,4.83601027513137
2006-05-02,4.86980906947927
2006-05-03,4.9072713569081
2006-05-04,4.93318371682432
2006-05-05,4.97817814940241
2006-05-06,5.03370163908604
2006-05-07,5.17310807853242
2006-05-08,5.33032757706595
2006-05-09,5.49191502386414
2006-05-10,5.68612644584431
2006-05-11,5.92021687244053
2006-05-12,6.18929779913074
2006-05-13,6.28166217168795
2006-05-14,6.41401692536172
2006-05-15,6.48927020345185
2006-05-16,6.6283381303979
2006-05-17,6.70361352814325
2006-05-18,6.72713327362789
2006-05-19,6.85726538244284
2006-05-20,6.89502369800536
2006-05-21,6.92159774186213
2006-05-22,6.94781125783518
2006-05-23,6.95983532921804
2006-05-24,6.94462644307398
2006-05-25,6.96035469978911
2006-05-26,7.0008716786646
2006-05-27,7.03441265154505
2006-05-28,7.07391496480071
2006-05-29,7.09798939175875
2006-05-30,7.126178855065
2006-05-31,7.14991271265471
2006-06-01,7.13563703577387
2006-06-02,7.14438619403292
2006-06-03,7.16972015324148
2006-06-04,7.18359080458905
2006-06-05,7.17400697040394
2006-06-06,7.15051413876999
2006-06-07,7.15880653074317
2006-06-08,7.16374546127284
2006-06-09,7.19713013438074
2006-06-10,7.16246505694606
2006-06-11,7.17290609317294
2006-06-12,7.13701049123312
2006-06-13,7.17534471043513
2006-06-14,7.1143089549247
2006-06-15,7.10364620013745
2006-06-16,7.08307674896645
2006-06-17,7.06921782500204
2006-06-18,7.05979981542397
2006-06-19,7.03499242203448
2006-06-20,7.03402777555116
2006-06-21,7.01773752889411
2006-06-22,7.00482457883688
2006-06-23,7.01140600410497
2006-06-24,6.99694752358221
2006-06-25,6.99149858290172
2006-06-26,6.98815002476108
2006-06-27,6.98883234833283
2006-06-28,6.99221029331382
2006-06-29,6.98965489951754
2006-06-30,6.99781905074787
2006-07-01,6.96474195800737
2006-07-02,6.91847832340397
2006-07-03,6.9429864561078
2006-07-04,6.9149557785404
2006-07-05,6.90996257496126
2006-07-06,6.88269392795776
2006-07-07,6.901615941445
2006-07-08,6.89944057473107
2006-07-09,6.90491943341099
2006-07-10,6.91128701925168
2006-07-11,6.90275032232328
2006-07-12,6.87244841265499
2006-07-13,6.83470134065564
2006-07-14,6.80364998555002
2006-07-15,6.79255453327522
2006-07-16,6.78042841074197
2006-07-17,6.77435478877776
2006-07-18,6.77485640515044
2006-07-19,6.73425173880741
2006-07-20,6.72855955867524
2006-07-21,6.73752413290908
2006-07-22,6.73537701959931
2006-07-23,6.71652432742242
2006-07-24,6.69222172711737
2006-07-25,6.64413675124626
2006-07-26,6.64349584551861
2006-07-27,6.68072446208963
2006-07-28,6.63608824893238
2006-07-29,6.62862660372134
2006-07-30,6.62069717046965
2006-07-31,6.63170301656018
2006-08-01,6.64887951951046
2006-08-02,6.78230708756797
2006-08-03,6.79515898805705
2006-08-04,6.78899361567702
2006-08-05,6.79202875767212
2006-08-06,6.79657019782361
2006-08-07,6.80016703307018
2006-08-08,6.80614225004553
2006-08-09,6.81616459328258
2006-08-10,6.82546298989409
2006-08-11,6.82126447874661
2006-08-12,6.82366945240383
2006-08-13,6.84367631111971
2006-08-14,6.84424080695647
2006-08-15,6.85094657302958
2006-08-16,6.85644827608923
2006-08-17,6.90130465985546
2006-08-18,6.93526705837364
2006-08-19,6.93490602674863
2006-08-20,6.97393073029041
2006-08-21,6.98757414954995
2006-08-22,6.99819709295358
2006-08-23,7.00495441413529
2006-08-24,7.02253021911934
2006-08-25,7.04522621593828
2006-08-26,7.04566134567422
2006-08-27,7.04973403898658
2006-08-28,7.06218513793853
2006-08-29,7.07286308633622
2006-08-30,7.06553620818568
2006-08-31,7.06629886374145
2006-09-01,7.05749194926626
2006-09-02,7.05020553970104
2006-09-03,7.05335904512106
2006-09-04,7.05512526019772
2006-09-05,7.05134755218143
2006-09-06,7.0095706580251
2006-09-07,6.95846970245584
2006-09-08,6.97314010563812
2006-09-09,6.97629812047511
2006-09-10,6.99087366979995
2006-09-11,7.00270725706683
2006-09-12,6.98822534044017
2006-09-13,6.94846701078922
2006-09-14,6.97608494719099
2006-09-15,7.00277871374167
2006-09-16,7.01827939341892
2006-09-17,7.09958695210596
2006-09-18,7.17005847477465
2006-09-19,7.19488811107022
2006-09-20,7.2398708156138
2006-09-21,7.25141240295365
2006-09-22,7.28931542745501
2006-09-23,7.33972052189805
2006-09-24,7.3744315078518
2006-09-25,7.38702378119693
2006-09-26,7.4218946250459
2006-09-27,7.44926340929449
2006-09-28,7.45954226732105
2006-09-29,7.49489862823648
2006-09-30,7.49738173084042
2006-10-01,7.52827158089828
2006-10-02,7.57769646179069
2006-10-03,7.55287530981696
2006-10-04,7.46200240787119
2006-10-05,7.41646623969894
2006-10-06,7.39401783755234
2006-10-07,7.3812656137933
2006-10-08,7.36188610680456
2006-10-09,7.3431749101772
2006-10-10,7.33570593237657
2006-10-11,7.32136835890207
2006-10-12,7.26799092042869
2006-10-13,7.20206896368437
2006-10-14,7.10169523960123
2006-10-15,7.12881775942457
2006-10-16,7.11661560555897
2006-10-17,7.17544257109027
2006-10-18,7.0164954578417
2006-10-19,6.73794148799761
2006-10-20,6.57078089169055
2006-10-21,6.33960166158346
2006-10-22,6.02694186287359
2006-10-23,5.75462610084928
2006-10-24,5.52475994884774
2006-10-25,5.51875209036238
2006-10-26,5.47403917886146
2006-10-27,5.44616251037212
2006-10-28,5.382777843324
2006-10-29,5.43879264749199
2006-10-30,5.29360746228262
2006-10-31,5.30359417150185
2006-11-01,5.30329546287139
2006-11-02,5.16711693950777
2006-11-03,5.16207282084885
2006-11-04,5.12294575886697
2006-11-05,5.35196480716484
2006-11-06,5.38884790972904
2006-11-07,5.5682518341962
2006-11-08,5.69725244244604
2006-11-09,5.71828965013047
2006-11-10,5.75522432160189
2006-11-11,5.78292190055542
2006-11-12,5.81500503811023
2006-11-13,5.88106667937992
2006-11-14,5.84882913725431
2006-11-15,6.00956157728231
2006-11-16,6.02894928129542
2006-11-17,6.35251044057897
2006-11-18,6.64106666182383
2006-11-19,6.65185518639325
2006-11-20,6.66116417881214
2006-11-21,6.78024387570949
2006-11-22,6.78158755390807
2006-11-23,6.69520943259504
2006-11-24,6.57448039413138
2006-11-25,6.55007834917729
2006-11-26,6.47694870481636
2006-11-27,6.35055840476867
2006-11-28,6.23557367552799
2006-11-29,4.95918812594571
2006-11-30,4.59377214312553
2006-12-01,4.58478755354881
2006-12-02,4.7169212164023
2006-12-03,4.77614402461362
2006-12-04,4.57428037655818
2006-12-05,4.59429964461884
2006-12-06,4.51769009272257
2006-12-07,4.30864291389783
2006-12-08,4.27232253551483
2006-12-09,4.23898640675331
2006-12-10,4.19120346754789
2006-12-11,4.01361557475308
2006-12-12,3.90288158878684
2006-12-13,3.9043399207294
2006-12-14,3.76661374920704
2006-12-15,3.70672423264076
2006-12-16,3.69252882743704
2006-12-17,3.74290917136452
2006-12-18,3.64849367050024
2006-12-19,3.57035955260782
2006-12-20,3.57333341011634
2006-12-21,3.55365504716572
2006-12-22,3.60853809641119
2006-12-23,3.61807025942886
2006-12-24,3.55589514750021
2006-12-25,3.62070183168378
2006-12-26,3.63297508091762
2006-12-27,3.57909576646213
2006-12-28,3.64892944643053
2006-12-29,3.65066386091298
2006-12-30,3.72750295441726
2006-12-31,3.7046006506887
2007-01-01,3.94154721498489
2007-01-02,3.9817644412701
2007-01-03,3.98721750577291
2007-01-04,3.93456599206635
2007-01-05,4.01305915678249
2007-01-06,4.03769419824376
2007-01-07,4.13011536206285
2007-01-08,4.18208811089799
2007-01-09,4.31958823867991
2007-01-10,4.34776342228839
2007-01-11,4.45330756147143
2007-01-12,4.59648021565208
2007-01-13,4.53382226442679
2007-01-14,4.72834305707799
2007-01-15,4.75891880331368
2007-01-16,4.6385543218223
2007-01-17,5.36659343916041
2007-01-18,6.23111090818084
2007-01-19,6.26024959462412
2007-01-20,6.13815013878394
2007-01-21,6.02357075119349
2007-01-22,5.98706156492233
2007-01-23,5.62552234654792
2007-01-24,5.56278548573691
2007-01-25,5.43551576822191
2007-01-26,5.21161433666489
2007-01-27,5.08565031958836
2007-01-28,5.05698756366125
2007-01-29,5.00780479110355
2007-01-30,5.0348183786329
2007-01-31,5.04693972460578
2007-02-01,4.92419309529874
2007-02-02,4.84728770321347
2007-02-03,4.67421737166242
2007-02-04,4.58175088218613
2007-02-05,4.39000917464187
2007-02-06,4.38351184454611
2007-02-07,4.32417857256918
2007-02-08,4.28785073350732
2007-02-09,4.285006716849
2007-02-10,4.27354644812264
2007-02-11,4.27051116727998
2007-02-12,4.26776950581836
2007-02-13,4.26987643079571
2007-02-14,4.23916754829285
2007-02-15,4.2145890539656
2007-02-16,4.20225155624295
2007-02-17,4.1924517438509
2007-02-18,4.16195817544862
2007-02-19,4.16535088305478
2007-02-20,4.14249770931446
2007-02-21,4.14047924943124
2007-02-22,4.14050410709537
2007-02-23,4.12907561931303
2007-02-24,4.13477858557495
2007-02-25,4.08608608602479
2007-02-26,4.10256031809143
2007-02-27,4.17505421879161
2007-02-28,4.19106177203563
2007-03-01,4.2386659306104
2007-03-02,4.2771420901777
2007-03-03,4.29223103058374
2007-03-04,4.30377655950634
2007-03-05,4.30450501463799
2007-03-06,4.31245918438278
2007-03-07,4.30603927300918
2007-03-08,4.30264476799445
2007-03-09,4.30521922916427
2007-03-10,4.31986261238596
2007-03-11,4.31982993345963
2007-03-12,4.340877915242
2007-03-13,4.33490873978088
2007-03-14,4.31478552823389
2007-03-15,4.30124270700239
2007-03-16,4.34108638617398
2007-03-17,4.30627682281464
2007-03-18,4.28979183771919
2007-03-19,4.27510513645106
2007-03-20,4.26271036731298
2007-03-21,4.25854107262922
2007-03-22,4.42406202471534
2007-03-23,4.47935859258559
2007-03-24,4.57494551660442
2007-03-25,4.56488991343179
2007-03-26,4.55006966420641
2007-03-27,4.54182740160418
2007-03-28,4.52952338457508
2007-03-29,4.53138517193718
2007-03-30,4.53914912106131
2007-03-31,4.54236322016913
2007-04-01,4.55280484955346
2007-04-02,4.56483856174856
2007-04-03,4.5718475216149
2007-04-04,4.58013259526897
2007-04-05,4.58661453172013
2007-04-06,4.59320432211452
2007-04-07,4.61286872139257
2007-04-08,4.6436171446387
2007-04-09,4.6695260923435
2007-04-10,4.68586323707931
2007-04-11,4.71935512238614
2007-04-12,4.76572932460803
2007-04-13,4.81350631015195
2007-04-14,4.87609420695975
2007-04-15,4.94385005551221
2007-04-16,4.9925861434876
2007-04-17,5.01818316791826
2007-04-18,5.07684946564337
2007-04-19,5.1679456343797
2007-04-20,5.22153398857686
2007-04-21,5.28002913434767
2007-04-22,5.36894896109594
2007-04-23,5.44561127313016
2007-04-24,5.57744893311974
2007-04-25,5.69699955367045
2007-04-26,5.82824709337426
2007-04-27,5.89109171076805
2007-04-28,5.96268255541513
2007-04-29,6.00667344651611
2007-04-30,6.09176090108611
2007-05-01,6.20199506262404
2007-05-02,6.26106050058987
2007-05-03,6.34015773934323
2007-05-04,6.39832060897843
2007-05-05,6.45091180608551
2007-05-06,6.59094624501097
2007-05-07,6.70301830223455
2007-05-08,6.76905316905503
2007-05-09,6.83397407383785
2007-05-10,6.87007809148903
2007-05-11,6.89149475297645
2007-05-12,6.9107279733704
2007-05-13,6.91674415815048
2007-05-14,6.91716061477367
2007-05-15,6.94131902632831
2007-05-16,6.94854580679252
2007-05-17,6.98039345511073
2007-05-18,7.0234765474284
2007-05-19,7.06005100297889
2007-05-20,7.09976045565705
2007-05-21,7.12802781814468
2007-05-22,7.17689819384733
2007-05-23,7.20832276061357
2007-05-24,7.24935643546941
2007-05-25,7.25424233146969
2007-05-26,7.28258150923474
2007-05-27,7.27889527774517
2007-05-28,7.27232052027099
2007-05-29,7.26327506767119
2007-05-30,7.27079096403416
2007-05-31,7.26985723931271
2007-06-01,7.27153831404521
2007-06-02,7.26070779420663
2007-06-03,7.24895781233967
2007-06-04,7.21857743063278
2007-06-05,7.17940456270456
2007-06-06,7.2432398428137
2007-06-07,7.23739378133268
2007-06-08,7.23223673074815
2007-06-09,7.21995580201113
2007-06-10,7.17887249459665
2007-06-11,7.14947655896195
2007-06-12,7.17637013072375
2007-06-13,7.18572601340428
2007-06-14,7.16874262294743
2007-06-15,7.15368516461403
2007-06-16,7.14161669353555
2007-06-17,7.12618998073748
2007-06-18,7.11684251311281
2007-06-19,7.09121410469595
2007-06-20,7.02726646917866
2007-06-21,6.96602124034051
2007-06-22,6.91764826441202
2007-06-23,6.845523698714
2007-06-24,6.81216282546481
2007-06-25,6.77661530815396
2007-06-26,6.75336265232872
2007-06-27,6.73432934042985
2007-06-28,6.69269119718847
2007-06-29,6.65466439616701
2007-06-30,6.64152134604047
2007-07-01,6.63992726744452
2007-07-02,6.65161332317637
2007-07-03,6.6537730806137
2007-07-04,6.65829555869689
2007-07-05,6.65423311385489
2007-07-06,6.66138950894656
2007-07-07,6.65361834822124
2007-07-08,6.643922699151
2007-07-09,6.66511240300887
2007-07-10,6.68628624467493
2007-07-11,6.71161709289836
2007-07-12,6.708096913654
2007-07-13,6.71216393393524
2007-07-14,6.74559974861145
2007-07-15,6.74457798101483
2007-07-16,6.76543675932672
2007-07-17,6.76483828693682
2007-07-18,6.77260435055052
2007-07-19,6.7599059295711
2007-07-20,6.74458865303137
2007-07-21,6.74383463460882
2007-07-22,6.73725645461213
2007-07-23,6.73409475684717
2007-07-24,6.73890380142716
2007-07-25,6.72789731002706
2007-07-26,6.72731341220344
2007-07-27,6.71975172454903
2007-07-28,6.71860691384795
2007-07-29,6.72836846212881
2007-07-30,6.71985621396878
2007-07-31,6.71804795542817
2007-08-01,6.74407231831343
2007-08-02,6.76240982779993
2007-08-03,6.76161547635247
2007-08-04,6.76229740564276
2007-08-05,6.76818320825406
2007-08-06,6.77535746429297
2007-08-07,6.78703642918322
2007-08-08,6.79759950388358
2007-08-09,6.80933100111536
2007-08-10,6.83389617025603
2007-08-11,6.84357706948916
2007-08-12,6.87298287820043
2007-08-13,6.8887112987047
2007-08-14,6.90693667053755
2007-08-15,6.91223288487065
2007-08-16,6.92345734377048
2007-08-17,6.9447129886367
2007-08-18,6.9576408026788
2007-08-19,6.96790276468885
2007-08-20,6.97838406534726
2007-08-21,6.98370308674726
2007-08-22,6.99102280345769
2007-08-23,6.98457489261437
2007-08-24,6.98570169806914
2007-08-25,6.99129898281596
2007-08-26,6.99133468273663
2007-08-27,6.97815894285785
2007-08-28,6.97913379388512
2007-08-29,6.97034734158651
2007-08-30,6.93728592476255
2007-08-31,6.94411469649815
2007-09-01,6.94356638992614
2007-09-02,6.92809889524264
2007-09-03,6.93051660447209
2007-09-04,6.91711970099381
2007-09-05,6.91875436331372
2007-09-06,6.92162617184732
2007-09-07,6.92430165367295
2007-09-08,6.92781138043464
2007-09-09,6.93054592618073
2007-09-10,6.91909444060243
2007-09-11,6.91319824620591
2007-09-12,6.90747616929015
2007-09-13,6.89690840320654
2007-09-14,6.87373352921166
2007-09-15,6.89684986646965
2007-09-16,6.93741651844365
2007-09-17,7.01969442015105
2007-09-18,7.01639076738601
2007-09-19,7.01412378811725
2007-09-20,7.03708777314687
2007-09-21,7.03316994103484
2007-09-22,7.29134218563326
2007-09-23,7.42434154568365
2007-09-24,7.33223823843885
2007-09-25,7.29560446116018
2007-09-26,7.33482103973196
2007-09-27,7.31755712088597
2007-09-28,7.31819492484346
2007-09-29,7.27440016881525
2007-09-30,6.96970773623166
2007-10-01,7.25069998058811
2007-10-02,7.35179697665622
2007-10-03,7.37221391105515
2007-10-04,7.35256752978037
2007-10-05,7.30638146784744
2007-10-06,7.28559894887936
2007-10-07,7.2426030721779
2007-10-08,7.18871268070238
2007-10-09,7.04158383001214
2007-10-10,7.13110640304362
2007-10-11,7.04092884624312
2007-10-12,6.97109615319484
2007-10-13,6.87348016790141
2007-10-14,6.81332739723054
2007-10-15,6.72894028337676
2007-10-16,6.58068247761495
2007-10-17,6.43045874200684
2007-10-18,6.22621638862357
2007-10-19,6.2061427075557
2007-10-20,6.11856020827474
2007-10-21,5.88116284511469
2007-10-22,5.64980376877481
2007-10-23,5.57152381362964
2007-10-24,5.49668465233201
2007-10-25,5.24589235225037
2007-10-26,5.11520702358613
2007-10-27,5.10369090339636
2007-10-28,5.01804388172933
2007-10-29,5.065733224607
2007-10-30,5.14496503324266
2007-10-31,5.16488993411878
2007-11-01,5.24238239284084
2007-11-02,5.22584098498534
2007-11-03,5.36687859674048
2007-11-04,5.23412250049373
2007-11-05,5.22105697810439
2007-11-06,5.30037939652809
2007-11-07,5.55781147026345
2007-11-08,5.49742965659428
2007-11-09,5.51483272118693
2007-11-10,6.11146860801445
2007-11-11,6.38313498326381
2007-11-12,6.42784866250289
2007-11-13,6.51938239678511
2007-11-14,6.56707075183218
2007-11-15,6.68760640515188
2007-11-16,6.70083854278788
2007-11-17,6.63911105984046
2007-11-18,6.64484679677542
2007-11-19,6.27546758506749
2007-11-20,6.31875695342227
2007-11-21,6.3347270950597
2007-11-22,6.3170934650996
2007-11-23,6.34621236521817
2007-11-24,6.32366498141754
2007-11-25,6.32809575069586
2007-11-26,6.31330258907027
2007-11-27,6.08896150652851
2007-11-28,6.07128156699571
2007-11-29,5.91793084433585
2007-11-30,5.4414116124953
2007-12-01,5.18234630747958
2007-12-02,4.74321691105875
2007-12-03,4.66719965762403
2007-12-04,4.44942635885427
2007-12-05,4.44895640561278
2007-12-06,4.26967678701176
2007-12-07,4.29579135909009
2007-12-08,4.9532767363957
2007-12-09,4.9532767363957
2007-12-10,4.77658234104033
2007-12-11,4.79116623848677
2007-12-12,4.39638112105575
2007-12-13,4.2707524725369
2007-12-14,4.34164368189298
2007-12-15,4.09859874134972
2007-12-16,4.09902202136933
2007-12-17,4.04251996257849
2007-12-18,4.01314543505184
2007-12-19,4.04079570535754
2007-12-20,3.9591566835131
2007-12-21,3.94402441524324
2007-12-22,3.85796462164985
2007-12-23,3.84309689960782
2007-12-24,3.90105986216712
2007-12-25,3.84095404261634
2007-12-26,3.83947256254771
2007-12-27,3.83791171179877
2007-12-28,3.73956455168177
2007-12-29,3.66603628109241
2007-12-30,3.62005826174203
2007-12-31,3.44960612817244
2008-01-01,3.44872733896429
2008-01-02,3.47502983042172
2008-01-03,3.3410507855208
2008-01-04,3.39150333404541
2008-01-05,3.46965415972584
2008-01-06,3.52308649486966
2008-01-07,3.47265439563327
2008-01-08,3.85311974853766
2008-01-09,3.93839107619392
2008-01-10,3.97404043298019
2008-01-11,3.97404043298019
2008-01-12,4.42462091360773
2008-01-13,4.45045424784933
2008-01-14,4.67952682837001
2008-01-15,4.75611245221105
2008-01-16,4.98654641114272
2008-01-17,4.91300409956823
2008-01-18,4.89266714526386
2008-01-19,5.10175654452334
2008-01-20,5.69187402272526
2008-01-21,5.14609603569886
2008-01-22,5.18997163223456
2008-01-23,5.19771953933526
2008-01-24,5.19736967997605
2008-01-25,5.47466244700958
2008-01-26,5.43495289252283
2008-01-27,5.37812556692185
2008-01-28,5.33601914107639
2008-01-29,5.33250329740434
2008-01-30,5.38263145422152
2008-01-31,5.34522388904853
2008-02-01,5.30086805792347
2008-02-02,5.22224816511629
2008-02-03,5.02841351534343
2008-02-04,4.93466500844458
2008-02-05,4.84183514264805
2008-02-06,4.8145889471162
2008-02-07,4.79462604865976
2008-02-08,4.78913836649228
2008-02-09,4.78604834029664
2008-02-10,4.81451398484058
2008-02-11,4.85451833207498
2008-02-12,4.8580694615127
2008-02-13,4.69551476168345
2008-02-14,4.62975271686179
2008-02-15,4.60209762690335
2008-02-16,4.57791121956521
2008-02-17,4.55311655388679
2008-02-18,4.53554233739242
2008-02-19,4.51886119490791
2008-02-20,4.4725391950687
2008-02-21,4.45572785021541
2008-02-22,4.41887890685929
2008-02-23,4.37542588092148
2008-02-24,4.35348666304147
2008-02-25,4.30154195530661
2008-02-26,4.22744253865282
2008-02-27,4.20484599441764
2008-02-28,4.16423314018361
2008-02-29,4.16411792440014
2008-03-01,4.14117581294836
2008-03-02,4.11585576821021
2008-03-03,4.1050824529607
2008-03-04,4.14153433148758
2008-03-05,4.14420146451907
2008-03-06,4.16616599849575
2008-03-07,4.18630905989715
2008-03-08,4.18631094271929
2008-03-09,4.16447049889083
2008-03-10,4.14054817129013
2008-03-11,4.11648104857693
2008-03-12,4.22057433885105
2008-03-13,4.26061378946303
2008-03-14,4.26728037677822
2008-03-15,4.26268391133219
2008-03-16,4.26522927659931
2008-03-17,4.26947061542271
2008-03-18,4.28582258831498
2008-03-19,4.28306075511056
2008-03-20,4.27476536018609
2008-03-21,4.4999255660686
2008-03-22,4.63044695187659
2008-03-23,4.59884502907747
2008-03-24,4.58931530423679
2008-03-25,4.58618153051648
2008-03-26,4.58551423799705
2008-03-27,4.5819873728496
2008-03-28,4.57076603598252
2008-03-29,4.56193972467462
2008-03-30,4.55482166676132
2008-03-31,4.55109899410344
2008-04-01,4.54590553278848
2008-04-02,4.54657020825894
2008-04-03,4.55293269781339
2008-04-04,4.56129536278008
2008-04-05,4.56789533057321
2008-04-06,4.57288366513437
2008-04-07,4.55670895698819
2008-04-08,4.55230771712276
2008-04-09,4.51570669915896
2008-04-10,4.50888553275412
2008-04-11,4.55151718778345
2008-04-12,4.54226869058955
2008-04-13,4.54736009522315
2008-04-14,4.5402502503506
2008-04-15,4.56654177698909
2008-04-16,4.60144665915715
2008-04-17,4.60768075606882
2008-04-18,4.64685693155198
2008-04-19,4.66859109270188
2008-04-20,4.70555232438996
2008-04-21,4.73353847570955
2008-04-22,4.75716056044209
2008-04-23,4.77410674305013
2008-04-24,4.78280665800626
2008-04-25,4.75211732832349
2008-04-26,4.79912296132374
2008-04-27,4.83673999563351
2008-04-28,4.91308130127604
2008-04-29,5.03856064127911
2008-04-30,5.12236336452632
2008-05-01,5.1493784379749
2008-05-02,5.29237355831177
2008-05-03,5.43278436045897
2008-05-04,5.49941656289675
2008-05-05,5.58656736020024
2008-05-06,5.68776420087875
2008-05-07,5.80899594677389
2008-05-08,5.90703264528009
2008-05-09,6.00338327308034
2008-05-10,6.15156870298952
2008-05-11,6.30904674041031
2008-05-12,6.43785206044342
2008-05-13,6.58708966954285
2008-05-14,6.72136234180857
2008-05-15,6.80520308826648
2008-05-16,6.86695543484577
2008-05-17,6.88475569426501
2008-05-18,6.90502354404341
2008-05-19,6.9133156221779
2008-05-20,6.91737954454296
2008-05-21,6.93860491604949
2008-05-22,6.94374733509494
2008-05-23,7.02637110404058
2008-05-24,7.02730198408395
2008-05-25,7.01480339184123
2008-05-26,7.00410903931743
2008-05-27,7.01760465894281
2008-05-28,7.04791442907025
2008-05-29,7.06190188478861
2008-05-30,7.06403289892694
2008-05-31,7.07583841552368
2008-06-01,7.09416137270436
2008-06-02,7.10105253296591
2008-06-03,7.10566941853227
2008-06-04,7.10816851391469
2008-06-05,7.19345449546297
2008-06-06,7.19926824659853
2008-06-07,7.26261239644451
2008-06-08,7.3366612812972
2008-06-09,7.31260380025222
2008-06-10,7.2717358587405
2008-06-11,7.26554011264175
2008-06-12,7.25378722426329
2008-06-13,7.24144879926459
2008-06-14,7.22720860080698
2008-06-15,7.22277198641753
2008-06-16,7.20057279065587
2008-06-17,7.19388980228772
2008-06-18,7.17549439962211
2008-06-19,7.153385822047
2008-06-20,7.11281261546116
2008-06-21,7.08324129666629
2008-06-22,7.05082387659057
2008-06-23,6.97039752698343
2008-06-24,6.93363414581894
2008-06-25,6.91061035453002
2008-06-26,6.90534017127437
2008-06-27,6.90858678333449
2008-06-28,6.90228095168302
2008-06-29,6.90282756939185
2008-06-30,6.89981755440108
2008-07-01,6.89583513768686
2008-07-02,6.90041275826753
2008-07-03,6.89924477872765
2008-07-04,6.90819894172458
2008-07-05,6.90624507191647
2008-07-06,6.92514477863751
2008-07-07,6.92505312022623
2008-07-08,6.92831258507284
2008-07-09,6.92034311548474
2008-07-10,6.91955897004105
2008-07-11,6.92926250108184
2008-07-12,6.92345190329119
2008-07-13,6.91448877925899
2008-07-14,6.91544320002801
2008-07-15,6.90086693898511
2008-07-16,6.8310240943608
2008-07-17,6.82819743690642
2008-07-18,6.82455608015886
2008-07-19,6.82527772880809
2008-07-20,6.8280302862057
2008-07-21,6.81716282095273
2008-07-22,6.8063183412642
2008-07-23,6.82316385155931
2008-07-24,6.84896659473207
2008-07-25,6.86032324769846
2008-07-26,6.86792498104321
2008-07-27,6.88415318162362
2008-07-28,6.88139445752565
2008-07-29,6.87750688845228
2008-07-30,6.87721419671455
2008-07-31,6.88444702510932
2008-08-01,6.89993134016152
2008-08-02,6.91541833933632
2008-08-03,6.95196661323581
2008-08-04,6.952318243737
2008-08-05,6.92665010032964
2008-08-06,6.94565293250921
2008-08-07,6.9364116033632
2008-08-08,6.89491547920669
2008-08-09,6.90628591063725
2008-08-10,6.91657307125465
2008-08-11,6.91577302909689
2008-08-12,6.93919345468651
2008-08-13,6.95965846819394
2008-08-14,6.98169531895293
2008-08-15,6.98022230385348
2008-08-16,6.98365602727073
2008-08-17,6.98530936223829
2008-08-18,6.99046589359942
2008-08-19,6.99774259712403
2008-08-20,7.02177263043358
2008-08-21,7.09146207603338
2008-08-22,7.00266862837415
2008-08-23,6.87228626480037
2008-08-24,6.80932446208999
2008-08-25,6.88873620604407
2008-08-26,6.77868479137649
2008-08-27,6.74962563993681
2008-08-28,6.6993492931211
2008-08-29,6.62562483816797
2008-08-30,6.59577159530799
2008-08-31,6.58809129621522
2008-09-01,6.60716094034699
2008-09-02,6.5697592548409
2008-09-03,6.58885539953494
2008-09-04,6.6296685852421
2008-09-05,6.64992319950821
2008-09-06,6.64928001606669
2008-09-07,6.65626337590092
2008-09-08,6.63460922273128
2008-09-09,6.62591337268711
2008-09-10,6.62947512141436
2008-09-11,6.66241460425981
2008-09-12,6.58217344787742
2008-09-13,6.7055408135873
2008-09-14,6.77725781632287
2008-09-15,6.90456084917964
2008-09-16,7.04306236487877
2008-09-17,7.06109888580978
2008-09-18,7.07555170037631
2008-09-19,7.09754676236802
2008-09-20,7.07880665187526
2008-09-21,7.22774693577112
2008-09-22,7.2693402046201
2008-09-23,7.27009834230789
2008-09-24,7.31316364753357
2008-09-25,7.31867292120295
2008-09-26,7.33475884793942
2008-09-27,7.18086915018147
2008-09-28,7.14460664045832
2008-09-29,7.10905498015275
2008-09-30,7.07700098183462
2008-10-01,7.01696520820694
2008-10-02,6.903898068844
2008-10-03,6.80862648082675
2008-10-04,6.74500678785099
2008-10-05,6.70722400531396
2008-10-06,6.59169561082788
2008-10-07,6.45196313207084
2008-10-08,6.26113445191173
2008-10-09,6.20902327237785
2008-10-10,6.15653240699289
2008-10-11,5.87542880131071
2008-10-12,5.74949413073125
2008-10-13,5.73667641755177
2008-10-14,5.60767344369355
2008-10-15,5.56477266630966
2008-10-16,5.56548626421038
2008-10-17,5.61671480038631
2008-10-18,5.58295357831996
2008-10-19,5.53283689887891
2008-10-20,5.39450246529024
2008-10-21,5.29271218549578
2008-10-22,5.08600042648147
2008-10-23,5.00432003181328
2008-10-24,4.96935529644457
2008-10-25,4.89686100737487
2008-10-26,4.77492546213948
2008-10-27,4.76536964042393
2008-10-28,4.67700956657276
2008-10-29,4.70318773849029
2008-10-30,4.75514821730527
2008-10-31,4.81907724134817
2008-11-01,4.76893207084488
2008-11-02,4.72103415935386
2008-11-03,4.6930877657484
2008-11-04,4.70613712408504
2008-11-05,4.73644553436692
2008-11-06,4.79371794752717
2008-11-07,4.91099495000049
2008-11-08,5.19420448512041
2008-11-09,5.44316284806395
2008-11-10,6.40137433961931
2008-11-11,6.40901778025105
2008-11-12,6.44551650955329
2008-11-13,6.48135649093762
2008-11-14,6.54957771313067
2008-11-15,6.54942939563722
2008-11-16,6.70688919230885
2008-11-17,6.80705478570814
2008-11-18,6.85619077118822
2008-11-19,6.86351598915913
2008-11-20,6.87345248947418
2008-11-21,6.87978909151233
2008-11-22,6.89737465495634
2008-11-23,6.8933348002418
2008-11-24,6.87760610371393
2008-11-25,6.73883189752878
2008-11-26,6.51216898723082
2008-11-27,6.54173978985967
2008-11-28,6.53659285081399
2008-11-29,6.64514938168142
2008-11-30,6.34083475448467
2008-12-01,6.35392026106517
2008-12-02,5.9239121735096
2008-12-03,5.90137773025327
2008-12-04,5.40637561615477
2008-12-05,5.36268415980869
2008-12-06,5.23618099747635
2008-12-07,4.85609323136947
2008-12-08,4.96720123291016
2008-12-09,4.85297785864936
2008-12-10,4.39055201064709
2008-12-11,4.46958297338241
2008-12-12,4.35373974414099
2008-12-13,4.2407575905323
2008-12-14,4.2407575905323
2008-12-15,4.34492027759552
2008-12-16,3.79441186259775
2008-12-17,3.81941187381744
2008-12-18,3.74698932709232
2008-12-19,3.74666672945023
2008-12-20,3.5852382183075
2008-12-21,3.70303581442152
2008-12-22,3.75454556580746
2008-12-23,3.60054493867434
2008-12-24,3.64262351724837
2008-12-25,4.0528521463275
2008-12-26,4.11617785029941
2008-12-27,4.14925996959209
2008-12-28,4.12824434041977
2008-12-29,4.12699381262064
2008-12-30,4.13954589515924
2008-12-31,4.14527506753802
2009-01-01,4.16545736044645
2009-01-02,4.1793375685811
2009-01-03,4.21320606768131
2009-01-04,4.13112532370018
2009-01-05,4.13899224093466
2009-01-06,4.23756213464599
2009-01-07,4.22823846858481
2009-01-08,4.42247628815034
2009-01-09,4.48873290945502
2009-01-10,4.50072060115096
2009-01-11,4.49604768071856
2009-01-12,4.59867888850135
2009-01-13,4.81494173109531
2009-01-14,5.59993180219274
2009-01-15,6.19322823426303
2009-01-16,6.22379405868864
2009-01-17,6.30397443300665
2009-01-18,6.31738049471938
2009-01-19,6.42963487341784
2009-01-20,6.47277974224091
2009-01-21,6.2189408146592
2009-01-22,6.3035631053313
2009-01-23,6.37239210544488
2009-01-24,6.42004272217552
2009-01-25,6.3566737549404
2009-01-26,6.05968099759719
2009-01-27,6.08430402266218
2009-01-28,5.62576929358222
2009-01-29,5.48978020817673
2009-01-30,5.34024729845215
2009-01-31,5.52403779469259
2009-02-01,5.44760735155746
2009-02-02,5.22737301446545
2009-02-03,4.8862954095346
2009-02-04,4.80941989634968
2009-02-05,4.75202417742739
2009-02-06,4.72212739699299
2009-02-07,4.69557118629846
2009-02-08,4.66922158120595
2009-02-09,4.63406910168978
2009-02-10,4.58997090017427
2009-02-11,4.57531624012247
2009-02-12,4.60869368788393
2009-02-13,4.57280501604801
2009-02-14,4.50883044418487
2009-02-15,4.53884029063183
2009-02-16,4.59996733749902
2009-02-17,4.66126431065325
2009-02-18,4.6932209286127
2009-02-19,4.71783157586231
2009-02-20,4.67204695240291
2009-02-21,4.67293174167886
2009-02-22,4.62466131661211
2009-02-23,4.60386525080061
2009-02-24,4.58963241511254
2009-02-25,4.58398019873762
2009-02-26,4.56672356664719
2009-02-27,4.57609989368213
2009-02-28,4.5522030955508
2009-03-01,4.56176711142879
2009-03-02,4.58419212176428
2009-03-03,4.55179673028712
2009-03-04,4.52246234062529
2009-03-05,4.43523069042763
2009-03-06,4.32948586623117
2009-03-07,4.30692943725953
2009-03-08,4.2905612079155
2009-03-09,4.23451849647916
2009-03-10,4.22864463597374
2009-03-11,4.20763587050213
2009-03-12,4.17994714515949
2009-03-13,4.15700928420582
2009-03-14,4.14059575796541
2009-03-15,4.14670062814115
2009-03-16,4.11680792809108
2009-03-17,4.07461307580847
2009-03-18,4.06531419088397
2009-03-19,4.08402020478446
2009-03-20,4.09560685092166
2009-03-21,4.14950715519394
2009-03-22,4.15370143340353
2009-03-23,4.29551600504763
2009-03-24,4.29357543876734
2009-03-25,4.28477540516099
2009-03-26,4.32691621040766
2009-03-27,4.3551105779814
2009-03-28,4.34908634717376
2009-03-29,4.34850042419252
2009-03-30,4.34418408441537
2009-03-31,4.35058424648475
2009-04-01,4.35827653818628
2009-04-02,4.37563339029995
2009-04-03,4.39718926575647
2009-04-04,4.38568567691786
2009-04-05,4.4108333034087
2009-04-06,4.41596206431022
2009-04-07,4.46525370446027
2009-04-08,4.47501443563334
2009-04-09,4.54476949153313
2009-04-10,4.56028847166659
2009-04-11,4.57674663205597
2009-04-12,4.5739413152105
2009-04-13,4.58786965959241
2009-04-14,4.59720669220437
2009-04-15,4.60150698458004
2009-04-16,4.60164976799641
2009-04-17,4.61034866045588
2009-04-18,4.60856883096828
2009-04-19,4.62196953139166
2009-04-20,4.64249862457066
2009-04-21,4.65704768688125
2009-04-22,4.6745937182694
2009-04-23,4.69996017636343
2009-04-24,4.75667414874298
2009-04-25,4.80260074798506
2009-04-26,4.83782461640348
2009-04-27,4.87030580505502
2009-04-28,4.91472733965763
2009-04-29,5.0095605678682
2009-04-30,5.16649137999653
2009-05-01,5.26201898210515
2009-05-02,5.32129370146384
2009-05-03,5.36443316795854
2009-05-04,5.40156266566165
2009-05-05,5.4864177554143
2009-05-06,5.59406758841617
2009-05-07,5.68627600124581
2009-05-08,5.88117322126646
2009-05-09,5.99617763676324
2009-05-10,6.27980963490191
2009-05-11,6.45919543946936
2009-05-12,6.5635008327802
2009-05-13,6.60950276829857
2009-05-14,6.72522886364589
2009-05-15,6.83124936774291
2009-05-16,6.86284694993177
2009-05-17,6.90028635623758
2009-05-18,6.93547139182508
2009-05-19,6.98536231141104
2009-05-20,7.00432557818823
2009-05-21,7.02708425238119
2009-05-22,7.07014202671541
2009-05-23,7.08487424871336
2009-05-24,7.10848355222579
2009-05-25,7.13628547017051
2009-05-26,7.18461718243725
2009-05-27,7.20279807460811
2009-05-28,7.20374464635929
2009-05-29,7.20996191494524
2009-05-30,7.19490140278714
2009-05-31,7.20381984708803
2009-06-01,7.22192319706151
2009-06-02,7.23567688601615
2009-06-03,7.09254356103373
2009-06-04,7.032678856097
2009-06-05,7.01438608553505
2009-06-06,7.04421329984344
2009-06-07,7.04739569718519
2009-06-08,7.07690973892923
2009-06-09,7.06794264495302
2009-06-10,7.06461814181031
2009-06-11,7.04869839121515
2009-06-12,7.04051494724578
2009-06-13,7.02815083588587
2009-06-14,7.02566957183827
2009-06-15,7.01166083926006
2009-06-16,7.00238483564546
2009-06-17,6.9540688646266
2009-06-18,6.95454414312078
2009-06-19,6.93193261028282
2009-06-20,6.92918441385141
2009-06-21,6.92141689052032
2009-06-22,6.92510773888569
2009-06-23,6.90771607364674
2009-06-24,6.81586715389042
2009-06-25,6.8928997179563
2009-06-26,6.92810526148745
2009-06-27,6.91293982139715
2009-06-28,6.91012873855685
2009-06-29,6.91151011646507
2009-06-30,6.97868079902242
2009-07-01,6.97239025430182
2009-07-02,6.96196833546028
2009-07-03,6.97266736028374
2009-07-04,6.95678022386912
2009-07-05,6.93863823908514
2009-07-06,6.91813389081229
2009-07-07,6.9278382916971
2009-07-08,6.92937073187698
2009-07-09,6.92192083063839
2009-07-10,6.90648714548088
2009-07-11,6.89079477810162
2009-07-12,6.87557596367763
2009-07-13,6.86381529198292
2009-07-14,6.84289502741709
2009-07-15,6.8388015984434
2009-07-16,6.77549031753329
2009-07-17,6.78525809037877
2009-07-18,6.78232119779783
2009-07-19,6.76723899255929
2009-07-20,6.77129503980477
2009-07-21,6.69336600392764
2009-07-22,6.66877659190751
2009-07-23,6.66373411958696
2009-07-24,6.64531544400578
2009-07-25,6.64362099270977
2009-07-26,6.6450910267203
2009-07-27,6.64272300465843
2009-07-28,6.63439089866194
2009-07-29,6.69332609479105
2009-07-30,6.71809946908324
2009-07-31,6.72992370154348
2009-08-01,6.72403643628018
2009-08-02,6.76052841465147
2009-08-03,6.76399742671146
2009-08-04,6.75970013800118
2009-08-05,6.74748524462831
2009-08-06,6.71928311748135
2009-08-07,6.72657518308535
2009-08-08,6.73215777894473
2009-08-09,6.72527621287962
2009-08-10,6.66789549584002
2009-08-11,6.61893162142643
2009-08-12,6.63476631403794
2009-08-13,6.66764949028464
2009-08-14,6.68872606521497
2009-08-15,6.70009608254677
2009-08-16,6.68299564822463
2009-08-17,6.68661583793778
2009-08-18,6.6938586656725
2009-08-19,6.69693305869963
2009-08-20,6.69561085944701
2009-08-21,6.67713764455431
2009-08-22,6.67745510563559
2009-08-23,6.6793882794926
2009-08-24,6.67553714146889
2009-08-25,6.65218982286727
2009-08-26,6.64445531258803
2009-08-27,6.64615344676863
2009-08-28,6.66338371699906
2009-08-29,6.66251910380009
2009-08-30,6.65366572536649
2009-08-31,6.63933831008148
2009-09-01,6.66769679716995
2009-09-02,6.67488032811259
2009-09-03,6.70135598553303
2009-09-04,6.69733044952804
2009-09-05,6.71904572525483
2009-09-06,6.72603399145435
2009-09-07,6.73927067086609
2009-09-08,6.7563657544881
2009-09-09,6.74496005179202
2009-09-10,6.69203741588941
2009-09-11,6.65428933410993
2009-09-12,6.67931303507356
2009-09-13,6.70001711496106
2009-09-14,6.74947807304532
2009-09-15,6.82713523137776
2009-09-16,6.86331179059327
2009-09-17,6.93912308707538
2009-09-18,6.95639821277455
2009-09-19,7.00394545796465
2009-09-20,6.97219517626002
2009-09-21,6.9850124035874
2009-09-22,6.98613514792786
2009-09-23,7.01950616566325
2009-09-24,7.05080371090986
2009-09-25,7.15920929119317
2009-09-26,7.18161727037768
2009-09-27,7.24995590750002
2009-09-28,7.42954883313842
2009-09-29,7.45885064189404
2009-09-30,7.4896278946289
2009-10-01,7.47008967339377
2009-10-02,7.4343735591819
2009-10-03,7.43394789025094
2009-10-04,7.47900560999829
2009-10-05,7.48164525213374
2009-10-06,7.68231815510064
2009-10-07,7.72683367260016
2009-10-08,7.72538545114635
2009-10-09,7.7445463946803
2009-10-10,7.74162244874317
2009-10-11,7.72792626949559
2009-10-12,7.73463508315171
2009-10-13,7.70276169086028
2009-10-14,7.61517291430596
2009-10-15,7.61603165533294
2009-10-16,7.59448002376519
2009-10-17,7.5609242021391
2009-10-18,7.47331175441878
2009-10-19,7.35466214749568
2009-10-20,7.34173918984391
2009-10-21,7.33716846334894
2009-10-22,7.19872729585552
2009-10-23,6.90263581165368
2009-10-24,7.01466513818371
2009-10-25,7.10423999410135
2009-10-26,6.93187296887757
2009-10-27,6.626352412742
2009-10-28,6.31607912173127
2009-10-29,6.24184739095381
2009-10-30,6.16725827595662
2009-10-31,6.14211708073817
2009-11-01,6.06885635301954
2009-11-02,5.85269014779811
2009-11-03,5.77448371641353
2009-11-04,5.68818128753559
2009-11-05,5.80730186422618
2009-11-06,5.88643444173372
2009-11-07,5.94831683779668
2009-11-08,5.83282758890782
2009-11-09,5.66772911791276
2009-11-10,5.6087969036931
2009-11-11,5.50258386304986
2009-11-12,5.76013133959429
2009-11-13,5.82685609037733
2009-11-14,5.86871210503534
2009-11-15,5.87571600226285
2009-11-16,5.82536600044975
2009-11-17,6.0442569283141
2009-11-18,6.20998007472716
2009-11-19,6.42772153111679
2009-11-20,6.90161820629855
2009-11-21,6.76036884397318
2009-11-22,6.69342891851754
2009-11-23,6.68951632599076
2009-11-24,6.78574604155689
2009-11-25,6.65020444359578
2009-11-26,6.62438804720655
2009-11-27,6.61695895305614
2009-11-28,6.64872715236005
2009-11-29,6.65094422661657
2009-11-30,6.62708020932747
2009-12-01,6.45643297797965
2009-12-02,6.43786778217409
2009-12-03,6.19998109484293
2009-12-04,5.6300196326696
2009-12-05,5.27500979105632
2009-12-06,5.39918762822694
2009-12-07,5.44865108990088
2009-12-08,4.44816412423786
2009-12-09,4.4494360559865
2009-12-10,4.44816412423786
2009-12-11,4.82725148068534
2009-12-12,4.13210711112389
2009-12-13,4.13354941514822
2009-12-14,4.1533913898468
2009-12-15,4.17065805912018
2009-12-16,4.36141611028601
2009-12-17,4.31784312427044
2009-12-18,4.11654833267475
2009-12-19,3.89878705024719
2009-12-20,3.74912037372589
2009-12-21,3.8514537191391
2009-12-22,4.05860868206731
2009-12-23,4.06425343619453
2009-12-24,4.0658745765686
2009-12-25,4.14519575135461
2009-12-26,4.16016701583205
2009-12-27,4.15706356229453
2009-12-28,4.1644097252896
2009-12-29,4.13107580051087
2009-12-30,4.12321030047902
2009-12-31,4.13189451318038
2010-01-01,3.97148772963771
2010-01-02,3.97059266655533
2010-01-03,4.08900008598963
2010-01-04,4.21774681876687
2010-01-05,4.22557753545267
2010-01-06,4.94171455578926
2010-01-07,5.08398937070093
2010-01-08,5.06934218406677
2010-01-09,5.06282816651047
2010-01-10,5.58207002821423
2010-01-11,5.41410583531091
2010-01-12,5.50006833943454
2010-01-13,5.52773444051665
2010-01-14,5.56080575752258
2010-01-15,5.64123718464961
2010-01-16,5.53871723336558
2010-01-17,5.66996092373325
2010-01-18,5.73228848589598
2010-01-19,5.6283616926763
2010-01-20,5.15269084372375
2010-01-21,5.1648832317126
2010-01-22,4.8120658186469
2010-01-23,5.10174526030607
2010-01-24,5.06914422763202
2010-01-25,5.04951701797335
2010-01-26,4.95761844312787
2010-01-27,5.24052861601867
2010-01-28,5.12068728897409
2010-01-29,5.16610412660548
2010-01-30,4.98793073677608
2010-01-31,5.00191209579418
2010-02-01,4.98845994996539
2010-02-02,4.96276624810332
2010-02-03,4.84461460196775
2010-02-04,4.80124672231496
2010-02-05,4.7459242741555
2010-02-06,4.5949137003401
2010-02-07,4.59747034671923
2010-02-08,4.56892707077532
2010-02-09,4.57718839889136
2010-02-10,4.49534791181867
2010-02-11,4.51270950659028
2010-02-12,4.50129033745912
2010-02-13,4.42426233009836
2010-02-14,4.42630355731779
2010-02-15,4.43877787468494
2010-02-16,4.374924931896
2010-02-17,4.35280918947438
2010-02-18,4.31861426312897
2010-02-19,4.34098101641813
2010-02-20,4.34059734510906
2010-02-21,4.3563847018713
2010-02-22,4.39131119674522
2010-02-23,4.39261546371644
2010-02-24,4.39183624916135
2010-02-25,4.37874913965311
2010-02-26,4.40325194409322
2010-02-27,4.39636350947579
2010-02-28,4.40591450032122
2010-03-01,4.46165292886534
2010-03-02,4.44416368418066
2010-03-03,4.39318065120545
2010-03-04,4.35547370629906
2010-03-05,4.34585152464634
2010-03-06,4.32276458138818
2010-03-07,4.30207897270016
2010-03-08,4.28542819975074
2010-03-09,4.26622812566727
2010-03-10,4.28049990146607
2010-03-11,4.27102761610732
2010-03-12,4.26414459449311
2010-03-13,4.24144396605512
2010-03-14,4.23070247018065
2010-03-15,4.20609612073542
2010-03-16,4.16964570490854
2010-03-17,4.15046217279147
2010-03-18,4.14521410860447
2010-03-19,4.17404755035918
2010-03-20,4.17838756121151
2010-03-21,4.18104618826552
2010-03-22,4.22505177309327
2010-03-23,4.2242228337476
2010-03-24,4.22294313887548
2010-03-25,4.2164956305693
2010-03-26,4.22883559389341
2010-03-27,4.24532474196856
2010-03-28,4.26268878456777
2010-03-29,4.31102012612743
2010-03-30,4.34361763758701
2010-03-31,4.35758128176272
2010-04-01,4.36570094208806
2010-04-02,4.35445875775142
2010-04-03,4.35272481672477
2010-04-04,4.34846263914785
2010-04-05,4.34896042534
2010-04-06,4.39608696299274
2010-04-07,4.45022304233447
2010-04-08,4.46818299880106
2010-04-09,4.4996883595671
2010-04-10,4.51792536663936
2010-04-11,4.58579571696651
2010-04-12,4.60353517497985
2010-04-13,4.62762521823073
2010-04-14,4.6688477648696
2010-04-15,4.71628479761113
2010-04-16,4.75964527136183
2010-04-17,4.78441713473824
2010-04-18,4.85649502410587
2010-04-19,4.93984687645326
2010-04-20,5.04550980321947
2010-04-21,5.13659434777058
2010-04-22,5.24002599317193
2010-04-23,5.33818723549635
2010-04-24,5.40348558937116
2010-04-25,5.47212402461932
2010-04-26,5.60315576852659
2010-04-27,5.72201211829184
2010-04-28,5.78737489320214
2010-04-29,5.94221802452645
2010-04-30,6.09173655009476
2010-05-01,6.18284803238138
2010-05-02,6.24409754292407
2010-05-03,6.26979836798757
2010-05-04,6.34304829355115
2010-05-05,6.41163548551957
2010-05-06,6.43474575569058
2010-05-07,6.49810422640914
2010-05-08,6.54376403193414
2010-05-09,6.56583387909564
2010-05-10,7.00787838407958
2010-05-11,6.73615203667536
2010-05-12,6.83744519974357
2010-05-13,6.89700111010458
2010-05-14,6.94856773311291
2010-05-15,6.94490676080695
2010-05-16,6.99524358999813
2010-05-17,6.99206866437119
2010-05-18,7.03773363151734
2010-05-19,7.02320141502958
2010-05-20,7.1342939591782
2010-05-21,7.15131375984089
2010-05-22,7.18116871210806
2010-05-23,7.2133447870727
2010-05-24,7.24285303297467
2010-05-25,7.24406776382761
2010-05-26,7.22965256053247
2010-05-27,7.2143957649514
2010-05-28,7.20320659649403
2010-05-29,7.20934605464471
2010-05-30,7.20071301361352
2010-05-31,7.19860971940871
2010-06-01,7.18558719348548
2010-06-02,7.14853494648951
2010-06-03,7.11148027660084
2010-06-04,7.08878763349831
2010-06-05,7.03390099747037
2010-06-06,6.99565518002378
2010-06-07,6.98180680126691
2010-06-08,6.97864415358234
2010-06-09,6.95262343975616
2010-06-10,6.95423780847878
2010-06-11,6.92486078246815
2010-06-12,6.90440206182653
2010-06-13,6.8597169480459
2010-06-14,6.87795691358733
2010-06-15,6.89723686940581
2010-06-16,6.90342139163283
2010-06-17,6.90852680053827
2010-06-18,6.90602487954543
2010-06-19,6.90689890685628
2010-06-20,6.88761268272177
2010-06-21,6.88645193671049
2010-06-22,6.88568859180434
2010-06-23,6.85198784150604
2010-06-24,6.85359275657661
2010-06-25,6.81490124756953
2010-06-26,6.776003918601
2010-06-27,6.77195031330379
2010-06-28,6.7644690374366
2010-06-29,6.75865981867377
2010-06-30,6.76079927484075
2010-07-01,6.77370509222215
2010-07-02,6.77552225359617
2010-07-03,6.76790571541949
2010-07-04,6.7637636955019
2010-07-05,6.76517666089479
2010-07-06,6.79293310896484
2010-07-07,6.82424997823155
2010-07-08,6.83092361930986
2010-07-09,6.83049549596227
2010-07-10,6.83229078814383
2010-07-11,6.82238001729624
2010-07-12,6.82826939557166
2010-07-13,6.83358771113652
2010-07-14,6.82584760471541
2010-07-15,6.8289107055376
2010-07-16,6.83037199148486
2010-07-17,6.81769768125257
2010-07-18,6.80560305860448
2010-07-19,6.83648733239359
2010-07-20,6.84418267632212
2010-07-21,6.83875093605841
2010-07-22,6.82542772225576
2010-07-23,6.8391135421729
2010-07-24,6.90156750721661
2010-07-25,6.91157732497849
2010-07-26,6.89444520029324
2010-07-27,6.91131443796287
2010-07-28,6.90389303525121
2010-07-29,6.90055475732609
2010-07-30,6.90924483116004
2010-07-31,6.92106976989115
2010-08-01,6.92776125051735
2010-08-02,6.93058614704246
2010-08-03,6.95490722687337
2010-08-04,6.95421655683354
2010-08-05,6.93936780215336
2010-08-06,6.96453982275726
2010-08-07,6.96810469651113
2010-08-08,6.947368461288
2010-08-09,6.84702060777605
2010-08-10,6.8251861507192
2010-08-11,6.84324601808072
2010-08-12,6.81906774744164
2010-08-13,6.82190807981698
2010-08-14,6.82248353541809
2010-08-15,6.84862637738629
2010-08-16,6.83851018052294
2010-08-17,6.83111988477787
2010-08-18,6.82669219438814
2010-08-19,6.85732905181342
2010-08-20,6.86224221822971
2010-08-21,6.86414644339426
2010-08-22,6.88838355572276
2010-08-23,6.89608717131302
2010-08-24,6.87942540060572
2010-08-25,6.89140044833969
2010-08-26,6.89100456573994
2010-08-27,6.88592457794963
2010-08-28,6.88252658365706
2010-08-29,6.87849732453497
2010-08-30,6.88224811474446
2010-08-31,6.88896152172452
2010-09-01,6.88938121868485
2010-09-02,6.91692411992576
2010-09-03,6.95664556774946
2010-09-04,6.98411701972085
2010-09-05,6.99395754925435
2010-09-06,7.01325799232465
2010-09-07,7.03316814459397
2010-09-08,7.04206101694197
2010-09-09,7.06138809961884
2010-09-10,7.0833945776505
2010-09-11,7.10128685197175
2010-09-12,7.136301590644
2010-09-13,7.1921424793836
2010-09-14,7.20543588761577
2010-09-15,7.21620987152626
2010-09-16,7.20930633308309
2010-09-17,7.18452827898893
2010-09-18,7.18967431845256
2010-09-19,7.20827215033325
2010-09-20,7.21880642891379
2010-09-21,7.23378235923764
2010-09-22,7.25666600114308
2010-09-23,7.28682232979227
2010-09-24,7.32095810013017
2010-09-25,7.35667218330889
2010-09-26,7.36641398128215
2010-09-27,7.37422172456544
2010-09-28,7.40495672263521
2010-09-29,7.3011908959002
2010-09-30,7.3448789691521
2010-10-01,7.34347957492852
2010-10-02,7.34046141744999
2010-10-03,7.3590737063232
2010-10-04,7.36909488685772
2010-10-05,7.37209569231656
2010-10-06,7.34337487500136
2010-10-07,7.23706615635423
2010-10-08,7.08602665608225
2010-10-09,7.05107617078565
2010-10-10,7.01081710908471
2010-10-11,7.04739380444247
2010-10-12,7.11367112250402
2010-10-13,7.10155814308653
2010-10-14,6.97983372163738
2010-10-15,6.94344728599457
2010-10-16,6.81179614935736
2010-10-17,6.79968516334257
2010-10-18,6.68569413018257
2010-10-19,6.60719893600453
2010-10-20,6.4409510673974
2010-10-21,6.46662854677801
2010-10-22,6.38059226534658
2010-10-23,6.24945173723941
2010-10-24,6.05677566698863
2010-10-25,5.8450076606684
2010-10-26,5.58846492358321
2010-10-27,5.36328390121561
2010-10-28,5.18922458045034
2010-10-29,5.19581877992466
2010-10-30,5.1871465850333
2010-10-31,5.17719154590043
2010-11-01,5.17168148490701
2010-11-02,5.17927356627643
2010-11-03,5.19307811709003
2010-11-04,5.20148715309968
2010-11-05,5.20715579064038
2010-11-06,5.11569642347525
2010-11-07,5.1957528908458
2010-11-08,5.23760798481566
2010-11-09,5.23696641082438
2010-11-10,5.03702955595793
2010-11-11,5.16059736456104
2010-11-12,5.24575785189609
2010-11-13,5.26399519767172
2010-11-14,5.38860213978026
2010-11-15,5.51567803384507
2010-11-16,5.63188950687331
2010-11-17,5.66344462235769
2010-11-18,5.77114700452637
2010-11-19,6.03031887953932
2010-11-20,6.50795527438671
2010-11-21,6.54085429762349
2010-11-22,6.60771796927782
2010-11-23,6.56434849337322
2010-11-24,6.46675822477083
2010-11-25,6.51798381555836
2010-11-26,6.52817619527067
2010-11-27,6.55247115637602
2010-11-28,6.55045307126845
2010-11-29,6.59512630644299
2010-11-30,6.55858021765831
2010-12-01,6.57167577096658
2010-12-02,6.53420315930282
2010-12-03,6.55009586751954
2010-12-04,6.30190982929496
2010-12-05,6.31780316829681
2010-12-06,6.14072921420589
2010-12-07,6.39556031064554
2010-12-08,5.69055446852808
2010-12-09,5.21965871435223
2010-12-10,5.00342848300934
2010-12-11,5.01144616944449
2010-12-12,4.8031280671849
2010-12-13,4.86701073068561
2010-12-14,5.30481263995171
2010-12-15,5.30481263995171
2010-12-16,5.28613207737605
2010-12-17,4.79310056325552
2010-12-18,4.63903219103813
2010-12-19,4.73867423283426
2010-12-20,4.44282608873704
2010-12-21,4.43635549264796
2010-12-22,4.41609500514136
2010-12-23,4.55825365725018
2010-12-24,4.19634588865133
2010-12-25,4.22522849195144
2010-12-26,4.22385594891567
2010-12-27,4.24457489742952
2010-12-28,4.38090819782681
2010-12-29,4.26807895485236
2010-12-30,4.14643585240399
2010-12-31,4.1453549861908
2011-01-01,4.02872694584361
2011-01-02,4.01612534346404
2011-01-03,4.03885161651755
2011-01-04,4.03885161651755
2011-01-05,4.07301700765436
2011-01-06,4.42504157003809
2011-01-07,4.4405333800394
2011-01-08,5.14812591706199
2011-01-09,6.01512385474311
2011-01-10,6.1908976708689
2011-01-11,6.32533821365643
2011-01-12,6.4250956928863
2011-01-13,6.51633372598765
2011-01-14,6.60611537612189
2011-01-15,6.67854735823883
2011-01-16,6.66239771589769
2011-01-17,6.63856665689878
2011-01-18,6.65418367884333
2011-01-19,6.5766986821787
2011-01-20,6.60189624955831
2011-01-21,6.52794586070551
2011-01-22,6.29610068764066
2011-01-23,5.72901114606765
2011-01-24,5.53924479805349
2011-01-25,5.56760340730349
2011-01-26,5.56060529556595
2011-01-27,5.30320668140633
2011-01-28,5.39232912404791
2011-01-29,5.24223273856523
2011-01-30,5.18302974276049
2011-01-31,5.1273250561401
2011-02-01,5.12604891179188
2011-02-02,5.10690497063833
2011-02-03,5.05733524085054
2011-02-04,5.02301983766789
2011-02-05,4.89409636351795
2011-02-06,4.72834247615322
2011-02-07,4.64777729470398
2011-02-08,4.58486082770015
2011-02-09,4.53699423784247
2011-02-10,4.52182862455169
2011-02-11,4.50612371130991
2011-02-12,4.47977409886733
2011-02-13,4.46058908874528
2011-02-14,4.45621244660416
2011-02-15,4.37756304907763
2011-02-16,4.36304382972312
2011-02-17,4.38164324519136
2011-02-18,4.37119578683863
2011-02-19,4.32226554105106
2011-02-20,4.25457413050345
2011-02-21,4.19319776408469
2011-02-22,4.22742339469092
2011-02-23,4.32907106458867
2011-02-24,4.34372246963903
2011-02-25,4.38487880959882
2011-02-26,4.36701167234149
2011-02-27,4.33804862026369
2011-02-28,4.32541056185248
2011-03-01,4.36189886369735
2011-03-02,4.35120195313828
2011-03-03,4.33655058205678
2011-03-04,4.37289658476605
2011-03-05,4.36819399762925
2011-03-06,4.34440484877464
2011-03-07,4.38634834722453
2011-03-08,4.40073789423678
2011-03-09,4.49044871982851
2011-03-10,4.50018534928719
2011-03-11,4.5132845408835
2011-03-12,4.50789234188681
2011-03-13,4.49637151856317
2011-03-14,4.49373802451955
2011-03-15,4.49571375513834
2011-03-16,4.49547082213908
2011-03-17,4.48985571350785
2011-03-18,4.49408375393417
2011-03-19,4.55272827089383
2011-03-20,4.55656313073604
2011-03-21,4.55519357071146
2011-03-22,4.55715700597704
2011-03-23,4.55851538070142
2011-03-24,4.56100570019575
2011-03-25,4.5601671689385
2011-03-26,4.56175509821762
2011-03-27,4.55536697603997
2011-03-28,4.55028580740499
2011-03-29,4.46130420490309
2011-03-30,4.43520737073014
2011-03-31,4.4348749733668
2011-04-01,4.42247617306392
2011-04-02,4.25945757957253
2011-04-03,4.46830934750602
2011-04-04,4.44284552114422
2011-04-05,4.44526802580115
2011-04-06,4.45331682792924
2011-04-07,4.5170791263519
2011-04-08,4.50426970342143
2011-04-09,4.50827361003413
2011-04-10,4.49447200086604
2011-04-11,4.4960114574038
2011-04-12,4.4964168187439
2011-04-13,4.5018405640557
2011-04-14,4.5207798521712
2011-04-15,4.57182236032136
2011-04-16,4.58365563790656
2011-04-17,4.59273953649249
2011-04-18,4.59959333595711
2011-04-19,4.59057267172779
2011-04-20,4.62412682203398
2011-04-21,4.69719897971736
2011-04-22,4.71886173733106
2011-04-23,4.71479185144937
2011-04-24,4.72578888448828
2011-04-25,4.77259773002028
2011-04-26,4.78949040001405
2011-04-27,4.82381920086377
2011-04-28,4.86760833891032
2011-04-29,4.91147621490652
2011-04-30,4.97413947351527
2011-05-01,5.05179818204532
2011-05-02,5.171611077946
2011-05-03,5.31961844414008
2011-05-04,5.43388266685771
2011-05-05,5.54234208151759
2011-05-06,5.63173772748663
2011-05-07,5.76404315723905
2011-05-08,5.86159622112958
2011-05-09,5.9654966498588
2011-05-10,6.0637633048402
2011-05-11,6.18399194369085
2011-05-12,6.28905050968788
2011-05-13,6.39184458994619
2011-05-14,6.50283310067843
2011-05-15,6.6460247240602
2011-05-16,6.7811249034029
2011-05-17,6.91357661348995
2011-05-18,6.98592148395774
2011-05-19,7.07416605237302
2011-05-20,7.17143825193444
2011-05-21,7.17169562017319
2011-05-22,7.2046670672812
2011-05-23,7.23062750847231
2011-05-24,7.25371072014804
2011-05-25,7.26844937167187
2011-05-26,7.2821584973994
2011-05-27,7.28413654911293
2011-05-28,7.27319353414494
2011-05-29,7.28026537978051
2011-05-30,7.2868864532031
2011-05-31,7.27616739591236
2011-06-01,7.28583865483476
2011-06-02,7.28556598219731
2011-06-03,7.26144547772794
2011-06-04,7.24135568177221
2011-06-05,7.20736712120845
2011-06-06,7.18574379171081
2011-06-07,7.16899339847521
2011-06-08,7.16117390416787
2011-06-09,7.13824975778012
2011-06-10,7.11415271564457
2011-06-11,7.06494625630918
2011-06-12,6.98436674608265
2011-06-13,6.9868689931424
2011-06-14,6.98275663855537
2011-06-15,6.93402355791577
2011-06-16,6.9567190712183
2011-06-17,6.99411486148519
2011-06-18,7.01210959670519
2011-06-19,7.02821598885136
2011-06-20,6.99763940072077
2011-06-21,7.00220963501957
2011-06-22,7.00025533171883
2011-06-23,6.99490297387788
2011-06-24,6.97460098317617
2011-06-25,6.96021640721156
2011-06-26,6.95464750492593
2011-06-27,6.92895486877264
2011-06-28,6.91187923944269
2011-06-29,6.90051689210981
2011-06-30,6.89716123917301
2011-07-01,6.88894970397183
2011-07-02,6.8729544313173
2011-07-03,6.8371412712762
2011-07-04,6.77500387800418
2011-07-05,6.72217404867636
2011-07-06,6.73010971179217
2011-07-07,6.7702946670973
2011-07-08,6.77103808542999
2011-07-09,6.79605409939704
2011-07-10,6.79590227241914
2011-07-11,6.77534785915827
2011-07-12,6.78412376816157
2011-07-13,6.7810264666976
2011-07-14,6.77109197641997
2011-07-15,6.76163750994306
2011-07-16,6.74355009408736
2011-07-17,6.72386770581347
2011-07-18,6.70944526845615
2011-07-19,6.69966772091662
2011-07-20,6.68700271022145
2011-07-21,6.67835798575163
2011-07-22,6.66091141355091
2011-07-23,6.62955685295454
2011-07-24,6.6268815238448
2011-07-25,6.60717371363992
2011-07-26,6.61352960082182
2011-07-27,6.61828245585298
2011-07-28,6.60215479950253
2011-07-29,6.61599913746905
2011-07-30,6.61390972605032
2011-07-31,6.56463701964049
2011-08-01,6.59042011000645
2011-08-02,6.6077778832474
2011-08-03,6.63159971055274
2011-08-04,6.64200012945163
2011-08-05,6.65820293802849
2011-08-06,6.66563069909241
2011-08-07,6.68061155723529
2011-08-08,6.68626479734331
2011-08-09,6.72856015461688
2011-08-10,6.75679351604195
2011-08-11,6.80169247780479
2011-08-12,6.82056129271789
2011-08-13,6.83493159497698
2011-08-14,6.86717608477653
2011-08-15,6.89704666501776
2011-08-16,6.89922811725004
2011-08-17,6.91249828577169
2011-08-18,6.91945928293153
2011-08-19,6.91904835372507
2011-08-20,6.92516118249632
2011-08-21,6.91941934432032
2011-08-22,6.93912206249292
2011-08-23,6.90024733769945
2011-08-24,6.88019520182494
2011-08-25,6.90919513447577
2011-08-26,6.90905344529302
2011-08-27,6.9179574978644
2011-08-28,6.93057171599859
2011-08-29,6.94055135607107
2011-08-30,6.94221002735898
2011-08-31,6.95601040165419
2011-09-01,6.96016562370382
2011-09-02,6.96357824754156
2011-09-03,6.97257920200056
2011-09-04,6.96277405192747
2011-09-05,6.99442960953235
2011-09-06,7.01458353775335
2011-09-07,7.01337990042994
2011-09-08,7.02461157403151
2011-09-09,7.02078374624411
2011-09-10,7.01277280877014
2011-09-11,7.00908014945513
2011-09-12,7.04876940910538
2011-09-13,7.06992590229902
2011-09-14,7.11201104520363
2011-09-15,7.11477435421245
2011-09-16,7.1449225991648
2011-09-17,7.16034834905861
2011-09-18,7.15909278931362
2011-09-19,7.16528995990975
2011-09-20,7.1788936412619
2011-09-21,7.29402492826582
2011-09-22,7.39715806094925
2011-09-23,7.43199505921637
2011-09-24,7.53307248308304
2011-09-25,7.48795251985455
2011-09-26,7.46079855518725
2011-09-27,7.49488892686123
2011-09-28,7.54092735066149
2011-09-29,7.56125945327372
2011-09-30,7.58529635434646
2011-10-01,7.60449659842023
2011-10-02,7.61170856842865
2011-10-03,7.61401483822393
2011-10-04,7.6407429659361
2011-10-05,7.64957969571258
2011-10-06,7.67525188821455
2011-10-07,7.67429240442832
2011-10-08,7.65837216294973
2011-10-09,7.71694326555025
2011-10-10,7.64858288726697
2011-10-11,7.69350298739392
2011-10-12,7.69122003875321
2011-10-13,7.66168669301201
2011-10-14,7.54802651176554
2011-10-15,7.57857543534265
2011-10-16,7.49670612537706
2011-10-17,7.6037206779304
2011-10-18,7.38576928474111
2011-10-19,7.04566062433069
2011-10-20,6.50826283541733
2011-10-21,6.24686653327875
2011-10-22,5.96815650593531
2011-10-23,6.04651643581055
2011-10-24,5.88452377604335
2011-10-25,5.71840719855998
2011-10-26,5.70753804083224
2011-10-27,5.63900705924821
2011-10-28,5.55101830473038
2011-10-29,5.44016647874098
2011-10-30,5.16380062572428
2011-10-31,5.17226947389873
2011-11-01,5.06137935039138
2011-11-02,5.04512349639894
2011-11-03,4.96961720412897
2011-11-04,4.99332988983068
2011-11-05,5.02721407836483
2011-11-06,5.05908508117437
2011-11-07,5.16493113214215
2011-11-08,5.18185572368051
2011-11-09,5.40423307060346
2011-11-10,5.64150016779464
2011-11-11,5.69847946302756
2011-11-12,5.71520953308167
2011-11-13,5.72620975827336
2011-11-14,5.79386664413952
2011-11-15,5.94767838865257
2011-11-16,6.13366041773373
2011-11-17,6.50308494666442
2011-11-18,6.61083192869206
2011-11-19,6.79092440713095
2011-11-20,6.7875756829618
2011-11-21,6.81598770198632
2011-11-22,6.8060959487387
2011-11-23,6.77254276595327
2011-11-24,6.76005985959944
2011-11-25,6.68141235267492
2011-11-26,6.58018339817761
2011-11-27,6.46383280413491
2011-11-28,6.28203937197043
2011-11-29,6.23470875666692
2011-11-30,6.2808388028034
2011-12-01,6.05680482694418
2011-12-02,5.04961041285067
2011-12-03,4.72855288874019
2011-12-04,4.63317871648212
2011-12-05,4.48596196704441
2011-12-06,4.53919861374832
2011-12-07,4.514284791016
2011-12-08,4.21407030079816
2011-12-09,4.03890544176102
2011-12-10,4.02432681936206
2011-12-11,4.02984576875513
2011-12-12,4.00956798322273
2011-12-13,4.1284379613015
2011-12-14,4.07807067462376
2011-12-15,4.11457074073053
2011-12-16,4.14762081179703
2011-12-17,4.30066575527191
2011-12-18,4.35472231285245
2011-12-19,4.39816249585619
2011-12-20,4.12017364868751
2011-12-21,4.11837877493638
2011-12-22,4.10864185186533
2011-12-23,4.12009883277556
2011-12-24,4.12174098982531
2011-12-25,4.12490275326897
2011-12-26,4.1229419708252
2011-12-27,4.11813803630717
2011-12-28,4.08576157163171
2011-12-29,4.07414391812156
2011-12-30,4.05887430906296
2011-12-31,4.08598216491587
2012-01-01,4.11309001375647
2012-01-02,4.12860470659593
2012-01-03,4.11370275301092
2012-01-04,4.1164733487017
2012-01-05,3.98005078470006
2012-01-06,3.97970715340446
2012-01-07,4.08421953631119
2012-01-08,5.59700307503245
2012-01-09,5.93649308923362
2012-01-10,5.9740941830441
2012-01-11,6.01237859764719
2012-01-12,6.03311739396304
2012-01-13,6.0614358100601
2012-01-14,6.2049828535001
2012-01-15,6.35416930948782
2012-01-16,6.62684732675552
2012-01-17,6.60568084211621
2012-01-18,6.65955407662051
2012-01-19,6.66045053334946
2012-01-20,6.66660327221517
2012-01-21,6.68102450329858
2012-01-22,6.69651072234617
2012-01-23,6.64973270102699
2012-01-24,6.53862481671995
2012-01-25,5.91787396052184
2012-01-26,5.53845559550798
2012-01-27,5.45956732880803
2012-01-28,5.37999995102505
2012-01-29,5.25690520444429
2012-01-30,5.15304566886219
2012-01-31,5.07690927652701
2012-02-01,5.01655453253184
2012-02-02,4.88184713715982
2012-02-03,4.82564980174018
2012-02-04,4.76121148590711
2012-02-05,4.72926023790404
2012-02-06,4.68351484793106
2012-02-07,4.67625964320368
2012-02-08,4.64221255852275
2012-02-09,4.50997435756046
2012-02-10,4.57596368907593
2012-02-11,4.55741168302415
2012-02-12,4.53772107737176
2012-02-13,4.54440324790685
2012-02-14,4.59275742740219
2012-02-15,4.62404806977546
2012-02-16,4.61161239179117
2012-02-17,4.61406375710385
2012-02-18,4.59905603298856
2012-02-19,4.60160130185897
2012-02-20,4.59346875880923
2012-02-21,4.57768357798624
2012-02-22,4.55627588455617
2012-02-23,4.53308449256914
2012-02-24,4.52631789067284
2012-02-25,4.52165481156434
2012-02-26,4.50355636213198
2012-02-27,4.5263148166045
2012-02-28,4.54815621961207
2012-02-29,4.53628068353258
2012-03-01,4.49108682474084
2012-03-02,4.4072454621755
2012-03-03,4.37837060935194
2012-03-04,4.3514388247934
2012-03-05,4.32857929727267
2012-03-06,4.33249514947866
2012-03-07,4.33607801420615
2012-03-08,4.29787878920702
2012-03-09,4.26197205046565
2012-03-10,4.20976873893217
2012-03-11,4.22308189745338
2012-03-12,4.23429326893143
2012-03-13,4.2295370248226
2012-03-14,4.19660730364967
2012-03-15,4.16703052075933
2012-03-16,4.18696961377141
2012-03-17,4.21348686844616
2012-03-18,4.21825229152833
2012-03-19,4.23565559425645
2012-03-20,4.2684358625561
2012-03-21,4.26086113081673
2012-03-22,4.24020504160062
2012-03-23,4.22045709093182
2012-03-24,4.23528630492577
2012-03-25,4.24670909998811
2012-03-26,4.23939287540265
2012-03-27,4.26857166053946
2012-03-28,4.44808840532212
2012-03-29,4.44991738476394
2012-03-30,4.48587551142663
2012-03-31,4.49540397338031
2012-04-01,4.50788707783697
2012-04-02,4.51915719445247
2012-04-03,4.53157739717148
2012-04-04,4.54284153174964
2012-04-05,4.55432840774788
2012-04-06,4.56301256962697
2012-04-07,4.56822657055076
2012-04-08,4.58605437882335
2012-04-09,4.5947912100609
2012-04-10,4.57787871157334
2012-04-11,4.5950602509518
2012-04-12,4.60714016910969
2012-04-13,4.61140800018066
2012-04-14,4.61982606976412
2012-04-15,4.6467222452005
2012-04-16,4.65970733474455
2012-04-17,4.68221302775161
2012-04-18,4.70217412454968
2012-04-19,4.72087660581954
2012-04-20,4.73775054173297
2012-04-21,4.77059809303994
2012-04-22,4.80852387617372
2012-04-23,4.83643523370937
2012-04-24,4.86232406225032
2012-04-25,4.91492398864899
2012-04-26,4.96264763148658
2012-04-27,5.03346809642844
2012-04-28,5.07522789469012
2012-04-29,5.13590548394633
2012-04-30,5.19693983898446
2012-05-01,5.25350823714273
2012-05-02,5.3334382061937
2012-05-03,5.36231560218526
2012-05-04,5.42757878377106
2012-05-05,5.49545126940494
2012-05-06,5.56511146205523
2012-05-07,5.72873093542456
2012-05-08,5.846384521561
2012-05-09,6.02810040619466
2012-05-10,6.25621744750432
2012-05-11,6.36490278042235
2012-05-12,6.50772261470014
2012-05-13,6.6867991119513
2012-05-14,6.88721401711213
2012-05-15,6.97581935663535
2012-05-16,7.02062722212241
2012-05-17,7.04663026843204
2012-05-18,7.11357994580708
2012-05-19,7.11783744986995
2012-05-20,7.12898043648125
2012-05-21,7.20013783812889
2012-05-22,7.22211819364398
2012-05-23,7.238355156634
2012-05-24,7.23410791832937
2012-05-25,7.22293579190624
2012-05-26,7.2468511318235
2012-05-27,7.21124665664474
2012-05-28,7.17120543205191
2012-05-29,7.16914144633404
2012-05-30,7.1808451262989
2012-05-31,7.18369200204588
2012-06-01,7.17801637635043
2012-06-02,7.17809455657275
2012-06-03,7.17796824288241
2012-06-04,7.17615006410163
2012-06-05,7.17265201689483
2012-06-06,7.15103668750414
2012-06-07,7.14756496366286
2012-06-08,7.1067178095959
2012-06-09,7.11184503556184
2012-06-10,7.05912598302253
2012-06-11,7.01345839809456
2012-06-12,6.95141615484106
2012-06-13,6.92095985110595
2012-06-14,6.9132220681143
2012-06-15,6.90294633405744
2012-06-16,6.90088217445655
2012-06-17,6.8948614434197
2012-06-18,6.89271810389706
2012-06-19,6.9077466004682
2012-06-20,6.93236631126235
2012-06-21,6.95384828539937
2012-06-22,6.93502933540246
2012-06-23,6.92034975215798
2012-06-24,6.87305392545282
2012-06-25,6.85888837684933
2012-06-26,6.85164391334682
2012-06-27,6.84964547813631
2012-06-28,6.83120369778704
2012-06-29,6.77865472498405
2012-06-30,6.70045579830065
2012-07-01,6.68634995593684
2012-07-02,6.67264642047787
2012-07-03,6.66445273795177
2012-07-04,6.67877695353512
2012-07-05,6.68233074713548
2012-07-06,6.66611597203565
2012-07-07,6.67938315685561
2012-07-08,6.69530267617111
2012-07-09,6.70903805334816
2012-07-10,6.73518296100676
2012-07-11,6.74380881870905
2012-07-12,6.74835100718817
2012-07-13,6.74981460594599
2012-07-14,6.74463318219319
2012-07-15,6.75976084764471
2012-07-16,6.76431053169432
2012-07-17,6.76839347780711
2012-07-18,6.7807740755085
2012-07-19,6.73104244171854
2012-07-20,6.70622768344297
2012-07-21,6.64307866549132
2012-07-22,6.63184221507838
2012-07-23,6.60090607470478
2012-07-24,6.59459384248009
2012-07-25,6.58411368833055
2012-07-26,6.58447908638643
2012-07-27,6.58434425855498
2012-07-28,6.5815016689656
2012-07-29,6.56696406237373
2012-07-30,6.53724470573089
2012-07-31,6.54901003139999
2012-08-01,6.55706479034077
2012-08-02,6.53222804814163
2012-08-03,6.5181636516472
2012-08-04,6.50371922615106
2012-08-05,6.49286753396438
2012-08-06,6.52187693691934
2012-08-07,6.54393112650686
2012-08-08,6.57101304358662
2012-08-09,6.59282533580614
2012-08-10,6.60237808766108
2012-08-11,6.61095754624995
2012-08-12,6.61774781370248
2012-08-13,6.6234257016606
2012-08-14,6.62526776507851
2012-08-15,6.62198723168723
2012-08-16,6.61419031261147
2012-08-17,6.56641095559966
2012-08-18,6.58254877596538
2012-08-19,6.57747992600943
2012-08-20,6.62190327548415
2012-08-21,6.64507294785036
2012-08-22,6.67328736124334
2012-08-23,6.69885610482903
2012-08-24,6.70025215928107
2012-08-25,6.69240691449051
2012-08-26,6.69300071460388
2012-08-27,6.69332603522255
2012-08-28,6.67129383065693
2012-08-29,6.65398355374535
2012-08-30,6.65716285131201
2012-08-31,6.62192268267922
2012-09-01,6.66894390478539
2012-09-02,6.75711678901082
2012-09-03,6.82340575206295
2012-09-04,6.84529191926855
2012-09-05,6.84615372385742
2012-09-06,6.85219554230571
2012-09-07,6.85235181831463
2012-09-08,6.85880679363542
2012-09-09,6.85457141413952
2012-09-10,6.83659093565425
2012-09-11,6.8494764810039
2012-09-12,6.86300241419811
2012-09-13,6.8435585329997
2012-09-14,6.86196349616061
2012-09-15,6.87356297763272
2012-09-16,6.89353832096119
2012-09-17,6.95992191096227
2012-09-18,7.01115283598903
2012-09-19,7.02084933783074
2012-09-20,7.08146214628481
2012-09-21,7.16130351815504
2012-09-22,7.19367238264885
2012-09-23,7.20940713838804
2012-09-24,7.19834733492244
2012-09-25,7.21740540630241
2012-09-26,7.24804961034101
2012-09-27,7.27969348716723
2012-09-28,7.28937628293278
2012-09-29,7.31378113850283
2012-09-30,7.370204575667
2012-10-01,7.41023866930132
2012-10-02,7.43623592284108
2012-10-03,7.56637013055142
2012-10-04,7.60975839897129
2012-10-05,7.68478071570042
2012-10-06,7.66521673990565
2012-10-07,7.64384648594383
2012-10-08,7.65172327910837
2012-10-09,7.65415098721812
2012-10-10,7.64924709017395
2012-10-11,7.57689742294672
2012-10-12,7.5585992551763
2012-10-13,7.51073656535119
2012-10-14,7.61256080447076
2012-10-15,7.4498034035655
2012-10-16,7.05230256419278
2012-10-17,6.46326066917618
2012-10-18,6.28332830587869
2012-10-19,6.17337137918924
2012-10-20,5.97539491897822
2012-10-21,5.65834162748493
2012-10-22,5.2989570089316
2012-10-23,5.15651237032792
2012-10-24,5.14725428536547
2012-10-25,5.13822705209866
2012-10-26,5.09706043992411
2012-10-27,5.07939614290777
2012-10-28,5.06554159726961
2012-10-29,5.07044429465475
2012-10-30,5.07192017501942
2012-10-31,5.01564977637051
2012-11-01,4.96749140645214
2012-11-02,5.02933248015175
2012-11-03,5.15377779865406
2012-11-04,5.21078598570036
2012-11-05,5.2564840462644
2012-11-06,5.42192989970037
2012-11-07,5.51207735297029
2012-11-08,5.77765241633011
2012-11-09,5.66589313844291
2012-11-10,5.65149930678144
2012-11-11,5.7727963804319
2012-11-12,5.79608353201435
2012-11-13,5.79188951585685
2012-11-14,5.77347133645798
2012-11-15,5.80269095904491
2012-11-16,5.81288958012125
2012-11-17,6.10836330451381
2012-11-18,6.46571743430161
2012-11-19,6.49948598477284
2012-11-20,6.44794958736635
2012-11-21,6.49236606187926
2012-11-22,6.71842271539148
2012-11-23,6.66797749017414
2012-11-24,6.64058273268715
2012-11-25,6.5663335679635
2012-11-26,6.42619113766508
2012-11-27,6.40155588339374
2012-11-28,6.35039860777659
2012-11-29,6.31854598678415
2012-11-30,6.26959313433847
2012-12-01,6.23367600345928
2012-12-02,6.21939753999515
2012-12-03,6.20601636130794
2012-12-04,6.11901420378402
2012-12-05,5.1448744310523
2012-12-06,4.32944737253962
2012-12-07,4.29346177062473
2012-12-08,4.29346535630422
2012-12-09,4.26490190294054
2012-12-10,4.22026182272855
2012-12-11,4.05201107614181
2012-12-12,4.05071205601973
2012-12-13,4.04387383250629
2012-12-14,4.04907089471817
2012-12-15,4.06117825297748
2012-12-16,4.06117825297748
2012-12-17,4.04958511801327
2012-12-18,3.95615373990115
2012-12-19,3.96502752163831
2012-12-20,4.06419684810023
2012-12-21,4.11850396792094
2012-12-22,4.23536946822186
2012-12-23,4.36345973014832
2012-12-24,4.38960325971563
2012-12-25,4.47010042312297
2012-12-26,4.67400991610992
2012-12-27,4.7452648406805
2012-12-28,4.70499365979975
2012-12-29,4.71385730396618
2012-12-30,4.69294821132313
2012-12-31,4.67235047166998
2013-01-01,4.69575956734744
2013-01-02,4.45014070471128
2013-01-03,4.45620175361633
2013-01-04,4.39782559141821
2013-01-05,4.47130008254732
2013-01-06,4.42250516455052
2013-01-07,4.69815105822549
2013-01-08,4.57557917312837
2013-01-09,4.56461086407514
2013-01-10,4.62158979128485
2013-01-11,4.90846490278477
2013-01-12,5.61499236611759
2013-01-13,5.70950603087743
2013-01-14,5.72192650610401
2013-01-15,5.98958621996839
2013-01-16,6.07551802950424
2013-01-17,6.43960758682668
2013-01-18,6.56703711592633
2013-01-19,6.63409948595518
2013-01-20,6.65707714344568
2013-01-21,6.56683069829362
2013-01-22,6.54013919062731
2013-01-23,6.2429931865847
2013-01-24,6.04511867653525
2013-01-25,5.99465939982018
2013-01-26,6.0442819929814
2013-01-27,6.00572832617041
2013-01-28,5.90133614141969
2013-01-29,5.85375553558567
2013-01-30,5.93340579711391
2013-01-31,5.85730423165718
2013-02-01,5.6490067754825
2013-02-02,5.49863563615862
2013-02-03,5.39888759578668
2013-02-04,5.31376160587726
2013-02-05,5.13553314697732
2013-02-06,4.99132600039774
2013-02-07,4.91899236601732
2013-02-08,4.89808449678809
2013-02-09,4.81379105730784
2013-02-10,4.79617045610679
2013-02-11,4.76424489331325
2013-02-12,4.72313839611379
2013-02-13,4.74472307757031
2013-02-14,4.7230779648687
2013-02-15,4.6252804373911
2013-02-16,4.65192773491302
2013-02-17,4.7104936008948
2013-02-18,4.71226555703833
2013-02-19,4.68392333335479
2013-02-20,4.63428067087012
2013-02-21,4.6145045401954
2013-02-22,4.60005735211083
2013-02-23,4.55385943620534
2013-02-24,4.5547095968962
2013-02-25,4.51841383192614
2013-02-26,4.46342780881218
2013-02-27,4.4404814846997
2013-02-28,4.43046487956188
2013-03-01,4.37939712634874
2013-03-02,4.4054607274399
2013-03-03,4.35240148079507
2013-03-04,4.31478411023664
2013-03-05,4.24300788646113
2013-03-06,4.19394442265025
2013-03-07,4.19292597533253
2013-03-08,4.20044385849777
2013-03-09,4.16228757729538
2013-03-10,4.16811570555983
2013-03-11,4.16220972347979
2013-03-12,4.15819057859484
2013-03-13,4.218679074431
2013-03-14,4.22650261731017
2013-03-15,4.21978666720011
2013-03-16,4.21045314044708
2013-03-17,4.2096526766595
2013-03-18,4.22625232646019
2013-03-19,4.22235769027546
2013-03-20,4.19924225140343
2013-03-21,4.20482475108613
2013-03-22,4.20257466806556
2013-03-23,4.20706429424745
2013-03-24,4.2057557366737
2013-03-25,4.24323552900349
2013-03-26,4.26891676890085
2013-03-27,4.26138991630418
2013-03-28,4.25082458671335
2013-03-29,4.25095967942687
2013-03-30,4.26418307412388
2013-03-31,4.26514626862449
2013-04-01,4.28895238055905
2013-04-02,4.28663689337743
2013-04-03,4.30095680628282
2013-04-04,4.36085937094183
2013-04-05,4.37188124550168
2013-04-06,4.47172753758182
2013-04-07,4.49195198531557
2013-04-08,4.49287895813897
2013-04-09,4.4978260342713
2013-04-10,4.54473160502311
2013-04-11,4.54085499720528
2013-04-12,4.54349357564922
2013-04-13,4.53786235391157
2013-04-14,4.54832819712047
2013-04-15,4.55554206444303
2013-04-16,4.56737093840968
2013-04-17,4.58554515281852
2013-04-18,4.58836521354185
2013-04-19,4.58772587461833
2013-04-20,4.58803823621838
2013-04-21,4.59868870753927
2013-04-22,4.61259474049416
2013-04-23,4.61338630990166
2013-04-24,4.61552869808737
2013-04-25,4.61550492342723
2013-04-26,4.62343649523227
2013-04-27,4.62738698063001
2013-04-28,4.643628079368
2013-04-29,4.6579753110254
2013-04-30,4.67974627177204
2013-05-01,4.70063576633632
2013-05-02,4.71752502058112
2013-05-03,4.73534149341145
2013-05-04,4.7580639044127
2013-05-05,4.77975591096056
2013-05-06,4.79183462164481
2013-05-07,4.83948150425833
2013-05-08,4.85781214640294
2013-05-09,4.92480537601523
2013-05-10,4.97009059263603
2013-05-11,5.03961083263047
2013-05-12,5.11845245523653
2013-05-13,5.20207067463496
2013-05-14,5.27087671833801
2013-05-15,5.38734663972595
2013-05-16,5.46974665498505
2013-05-17,5.53621280767822
2013-05-18,5.74039371960378
2013-05-19,5.90593383861169
2013-05-20,6.14166264599799
2013-05-21,6.43277754037441
2013-05-22,6.67509740843359
2013-05-23,6.87944751960417
2013-05-24,7.00838720237431
2013-05-25,7.05420508588052
2013-05-26,7.1260213133765
2013-05-27,7.20708706267112
2013-05-28,7.23607341842025
2013-05-29,7.25509614140576
2013-05-30,7.26711647362824
2013-05-31,7.26888459766878
2013-06-01,7.29777741160255
2013-06-02,7.30502858976039
2013-06-03,7.31218644153372
2013-06-04,7.30339766432221
2013-06-05,7.31717056354207
2013-06-06,7.30989259985768
2013-06-07,7.28105252814374
2013-06-08,7.24824775335993
2013-06-09,7.21929574650622
2013-06-10,7.20918877571292
2013-06-11,7.20172842349622
2013-06-12,7.20594792306155
2013-06-13,7.19976340512291
2013-06-14,7.21010368695538
2013-06-15,7.2049519222398
2013-06-16,7.19875431044521
2013-06-17,7.18084036742614
2013-06-18,7.1673290503697
2013-06-19,7.16877180686895
2013-06-20,7.16324156951462
2013-06-21,7.14405931195853
2013-06-22,7.1269485969343
2013-06-23,7.10493808041918
2013-06-24,7.09880923769297
2013-06-25,7.0862403483122
2013-06-26,7.05198645991974
2013-06-27,7.00599148798334
2013-06-28,6.96206048531635
2013-06-29,6.92635444207294
2013-06-30,6.90094194598359
2013-07-01,6.89702739515769
2013-07-02,6.87076916082276
2013-07-03,6.82812995788295
2013-07-04,6.77315079179909
2013-07-05,6.69746076839399
2013-07-06,6.69107245107099
2013-07-07,6.68594844490635
2013-07-08,6.68600942318316
2013-07-09,6.67887122248406
2013-07-10,6.67477953371347
2013-07-11,6.66954827850959
2013-07-12,6.65782853474057
2013-07-13,6.65149214836092
2013-07-14,6.6564580572815
2013-07-15,6.66249701656289
2013-07-16,6.67753472854821
2013-07-17,6.65661215305426
2013-07-18,6.63481360348078
2013-07-19,6.64403079900106
2013-07-20,6.65946983157844
2013-07-21,6.66571713507647
2013-07-22,6.66442606419484
2013-07-23,6.6548528806578
2013-07-24,6.6471767919754
2013-07-25,6.64416055243614
2013-07-26,6.64140105184045
2013-07-27,6.6435849937326
2013-07-28,6.64552207510159
2013-07-29,6.64001890249731
2013-07-30,6.63726851628367
2013-07-31,6.65143468423009
2013-08-01,6.63925141992548
2013-08-02,6.6497425446131
2013-08-03,6.64019493771707
2013-08-04,6.63490519865893
2013-08-05,6.61896006058979
2013-08-06,6.61915498198239
2013-08-07,6.62092550340655
2013-08-08,6.6167844859643
2013-08-09,6.60780143321285
2013-08-10,6.64058096746327
2013-08-11,6.63856954823189
2013-08-12,6.63250703825963
2013-08-13,6.63850073819599
2013-08-14,6.64548514947505
2013-08-15,6.65134381507646
2013-08-16,6.6441925810453
2013-08-17,6.72138420985217
2013-08-18,6.70709803344549
2013-08-19,6.71479732314341
2013-08-20,6.68794337238056
2013-08-21,6.67288456043877
2013-08-22,6.69163406669784
2013-08-23,6.70790437772695
2013-08-24,6.70651117692628
2013-08-25,6.7067645304674
2013-08-26,6.69830767226778
2013-08-27,6.70454788579087
2013-08-28,6.70840930740174
2013-08-29,6.6678357749753
2013-08-30,6.65569509062476
2013-08-31,6.67090745033128
2013-09-01,6.67514685454043
2013-09-02,6.6848826429049
2013-09-03,6.69156022406672
2013-09-04,6.7296916018918
2013-09-05,6.72157756839352
2013-09-06,6.71521244678716
2013-09-07,6.70022607415504
2013-09-08,6.70125232564258
2013-09-09,6.70444743452424
2013-09-10,6.71085339174706
2013-09-11,6.72465396082151
2013-09-12,6.6829972648894
2013-09-13,NA
2013-09-14,NA
2013-09-15,NA
2013-09-16,NA
2013-09-17,NA
2013-09-18,NA
2013-09-19,NA
2013-09-20,NA
2013-09-21,NA
2013-09-22,NA
2013-09-23,NA
2013-09-24,NA
2013-09-25,NA
2013-09-26,NA
2013-09-27,NA
2013-09-28,NA
2013-09-29,NA
2013-09-30,NA
2013-10-01,NA
2013-10-02,NA
2013-10-03,NA
2013-10-04,NA
2013-10-05,NA
2013-10-06,NA
2013-10-07,NA
2013-10-08,NA
2013-10-09,NA
2013-10-10,NA
2013-10-11,NA
2013-10-12,NA
2013-10-13,NA
2013-10-14,NA
2013-10-15,NA
2013-10-16,NA
2013-10-17,NA
2013-10-18,NA
2013-10-19,NA
2013-10-20,NA
2013-10-21,NA
2013-10-22,NA
2013-10-23,NA
2013-10-24,NA
2013-10-25,NA
2013-10-26,NA
2013-10-27,NA
2013-10-28,NA
2013-10-29,NA
2013-10-30,NA
2013-10-31,NA
2013-11-01,NA
2013-11-02,NA
2013-11-03,NA
2013-11-04,NA
2013-11-05,NA
2013-11-06,NA
2013-11-07,NA
2013-11-08,NA
2013-11-09,NA
2013-11-10,NA
2013-11-11,NA
2013-11-12,NA
2013-11-13,NA
2013-11-14,NA
2013-11-15,NA
2013-11-16,NA
2013-11-17,NA
2013-11-18,NA
2013-11-19,NA
2013-11-20,NA
2013-11-21,NA
2013-11-22,NA
2013-11-23,NA
2013-11-24,NA
2013-11-25,NA
2013-11-26,NA
2013-11-27,NA
2013-11-28,NA
2013-11-29,NA
2013-11-30,NA
2013-12-01,NA
2013-12-02,NA
2013-12-03,NA
2013-12-04,NA
2013-12-05,NA
2013-12-06,NA
2013-12-07,NA
2013-12-08,NA
2013-12-09,NA
2013-12-10,NA
2013-12-11,NA
2013-12-12,NA
2013-12-13,NA
2013-12-14,NA
2013-12-15,NA
2013-12-16,NA
2013-12-17,NA
2013-12-18,NA
2013-12-19,NA
2013-12-20,NA
2013-12-21,NA
2013-12-22,NA
2013-12-23,NA
2013-12-24,NA
2013-12-25,NA
2013-12-26,NA
2013-12-27,NA
2013-12-28,NA
2013-12-29,NA
2013-12-30,NA
2013-12-31,NA
2014-01-01,3.79731004279956
2014-01-02,3.79731004279956
2014-01-03,3.93229894391422
2014-01-04,3.88599424194871
2014-01-05,4.08115769269174
2014-01-06,4.08115769269174
2014-01-07,4.224533979098
2014-01-08,5.17974941317852
2014-01-09,5.11405545252341
2014-01-10,5.39354125897687
2014-01-11,5.40955087564287
2014-01-12,5.45674406699021
2014-01-13,5.67261551828945
2014-01-14,5.86127784414199
2014-01-15,5.86158941122904
2014-01-16,6.02886708673224
2014-01-17,6.01661075056777
2014-01-18,6.08267572162845
2014-01-19,5.88384075946988
2014-01-20,5.93120741121697
2014-01-21,6.24571502716815
2014-01-22,5.88246235610422
2014-01-23,5.89948359042487
2014-01-24,5.86230503891905
2014-01-25,5.75435831416398
2014-01-26,5.54512070774499
2014-01-27,5.4273607118251
2014-01-28,5.32921575175391
2014-01-29,5.21473306211013
2014-01-30,5.15684218486537
2014-01-31,5.07953019124983
2014-02-01,5.04253673956984
2014-02-02,4.82493431860216
2014-02-03,4.69031143554698
2014-02-04,4.59857843946401
2014-02-05,4.5503860228023
2014-02-06,4.4939377400765
2014-02-07,4.466278483656
2014-02-08,4.46217157608569
2014-02-09,4.45287997750911
2014-02-10,4.44009614413946
2014-02-11,4.40484821813711
2014-02-12,4.36559181017383
2014-02-13,4.39387244589229
2014-02-14,4.35342192315643
2014-02-15,4.3727616002536
2014-02-16,4.36175158544252
2014-02-17,4.350182575845
2014-02-18,4.3257525680694
2014-02-19,4.30935353401162
2014-02-20,4.30192275639249
2014-02-21,4.28429287423484
2014-02-22,4.27325864294036
2014-02-23,4.2795789972586
2014-02-24,4.27962916884586
2014-02-25,4.26757841259253
2014-02-26,4.25444698249984
2014-02-27,4.23963762204791
2014-02-28,4.2418668934246
2014-03-01,4.2105061420684
2014-03-02,4.20716117856759
2014-03-03,4.19143921267992
2014-03-04,4.19064375455012
2014-03-05,4.18113657383174
2014-03-06,4.19666184682245
2014-03-07,4.20865741989373
2014-03-08,4.38352801925258
2014-03-09,4.40647140015033
2014-03-10,4.40996416030804
2014-03-11,4.40089672149052
2014-03-12,4.3744284974073
2014-03-13,4.38478476515983
2014-03-14,4.4691517589877
2014-03-15,4.45879187459384
2014-03-16,4.4542663993997
2014-03-17,4.48629025099664
2014-03-18,4.4880196980723
2014-03-19,4.48632174588544
2014-03-20,4.47911892618214
2014-03-21,4.47727268107932
2014-03-22,4.45917218930212
2014-03-23,4.43822399244072
2014-03-24,4.43818529316773
2014-03-25,4.45510987619485
2014-03-26,4.51659181969506
2014-03-27,4.52060030570057
2014-03-28,4.523164181683
2014-03-29,4.51725748171125
2014-03-30,4.45621813739979
2014-03-31,4.49996957645718
2014-04-01,4.50018224511302
2014-04-02,4.48675050736757
2014-04-03,4.49381004286074
2014-04-04,4.48712121376069
2014-04-05,4.48739525277146
2014-04-06,4.48638226221307
2014-04-07,4.48629292500878
2014-04-08,4.49334719029253
2014-04-09,4.47755906147466
2014-04-10,4.47781807509218
2014-04-11,4.33004909868827
2014-04-12,4.35394157632349
2014-04-13,4.49697322148311
2014-04-14,4.60103075011179
2014-04-15,4.62034888243596
2014-04-16,4.63017122974566
2014-04-17,4.65082957769356
2014-04-18,4.69896477585815
2014-04-19,4.72949966621763
2014-04-20,4.74708038782192
2014-04-21,4.8117035524258
2014-04-22,4.86757324417035
2014-04-23,4.89403292163524
2014-04-24,4.96016648141012
2014-04-25,5.07924081142014
2014-04-26,5.20156228528263
2014-04-27,5.31098866009601
2014-04-28,5.42824403608968
2014-04-29,5.54132392703832
2014-04-30,5.6743554802254
2014-05-01,5.81450315164383
2014-05-02,5.95361141302332
2014-05-03,6.08512784178288
2014-05-04,6.2525886104312
2014-05-05,6.39216052750069
2014-05-06,6.56151220715899
2014-05-07,6.68157800417023
2014-05-08,6.74306543385125
2014-05-09,6.78861393066801
2014-05-10,6.83991225285863
2014-05-11,6.85413391504038
2014-05-12,6.90805289987444
2014-05-13,6.94321272608739
2014-05-14,6.98629605187921
2014-05-15,7.02373813281605
2014-05-16,7.05709665573404
2014-05-17,7.08070705141523
2014-05-18,7.10541820978329
2014-05-19,7.12839022163635
2014-05-20,7.16490625769757
2014-05-21,7.21726053851107
2014-05-22,7.20687734043976
2014-05-23,7.22642159243679
2014-05-24,7.23711397013188
2014-05-25,7.24139418549319
2014-05-26,7.24071529478536
2014-05-27,7.23282653509109
2014-05-28,7.2754391917192
2014-05-29,7.26554725806366
2014-05-30,7.22455134950616
2014-05-31,7.2179462010039
2014-06-01,7.23420464415691
2014-06-02,7.25796595286359
2014-06-03,7.25323676362177
2014-06-04,7.25968326426756
2014-06-05,7.28245177764771
2014-06-06,7.27946638259979
2014-06-07,7.26826598168431
2014-06-08,7.27564720257715
2014-06-09,7.26984331717663
2014-06-10,7.26388260952259
2014-06-11,7.25661763904979
2014-06-12,7.21241024107709
2014-06-13,7.19446436563073
2014-06-14,7.20266826037873
2014-06-15,7.21852712123771
2014-06-16,7.20276583806561
2014-06-17,7.18314736664541
2014-06-18,7.17144864761598
2014-06-19,7.16602865235616
2014-06-20,7.1713953102264
2014-06-21,7.18828435401687
2014-06-22,7.17737175899839
2014-06-23,7.15669384077
2014-06-24,7.11857547800954
2014-06-25,7.10557970321545
2014-06-26,7.08693679334466
2014-06-27,7.09539572545944
2014-06-28,7.09702810762203
2014-06-29,7.06367804841479
2014-06-30,7.05098434459074
2014-07-01,7.02392080921708
2014-07-02,7.01168494478996
2014-07-03,6.99317308924814
2014-07-04,6.99318246911336
2014-07-05,6.96209132746142
2014-07-06,6.94960837841884
2014-07-07,6.94317929960205
2014-07-08,6.93018806360551
2014-07-09,6.93101747985178
2014-07-10,6.93009019735092
2014-07-11,6.92534819195734
2014-07-12,6.94368668523315
2014-07-13,6.93065164593708
2014-07-14,6.90806361332064
2014-07-15,6.82681296235612
2014-07-16,6.81891357003661
2014-07-17,6.80152113634285
2014-07-18,6.79730099573219
2014-07-19,6.81214467808526
2014-07-20,6.86357975487981
2014-07-21,6.85159445312995
2014-07-22,6.83389434300605
2014-07-23,6.8092134480507
2014-07-24,6.81854769078543
2014-07-25,6.82868935905441
2014-07-26,6.84458531436044
2014-07-27,6.83408211885905
2014-07-28,6.83727669426035
2014-07-29,6.85306015836031
2014-07-30,6.86139499990306
2014-07-31,6.87244716538365
2014-08-01,6.88855115253155
2014-08-02,6.88413028735312
2014-08-03,6.8998356331816
2014-08-04,6.89555224604229
2014-08-05,6.89383989274955
2014-08-06,6.88607618750888
2014-08-07,6.89336097069621
2014-08-08,6.9125910497425
2014-08-09,6.91215443968545
2014-08-10,6.91162470435164
2014-08-11,6.92011613022965
2014-08-12,6.92748001995816
2014-08-13,6.9401741416457
2014-08-14,6.95898108064359
2014-08-15,6.95609200911822
2014-08-16,6.95990898473881
2014-08-17,6.96628884602924
2014-08-18,6.96515456026669
2014-08-19,6.96218210195869
2014-08-20,6.97355949442254
2014-08-21,6.9806222195919
2014-08-22,6.98587595337193
2014-08-23,6.95358995278298
2014-08-24,6.95459596216146
2014-08-25,6.94162800953465
2014-08-26,6.94843175546077
2014-08-27,6.9367586487868
2014-08-28,6.9671533798762
2014-08-29,6.96954391499531
2014-08-30,6.88438496356078
2014-08-31,6.89387543592754
2014-09-01,6.80120050995066
2014-09-02,6.809043509155
2014-09-03,6.79502486445258
2014-09-04,6.78599191189643
2014-09-05,6.76446669001478
2014-09-06,6.75228022189937
2014-09-07,6.76624662785186
2014-09-08,6.90595548172399
2014-09-09,6.89934648950376
2014-09-10,6.90144786539718
2014-09-11,6.91147953375292
2014-09-12,6.913722808962
2014-09-13,6.93294423699835
2014-09-14,6.97993649933126
2014-09-15,6.98996059564885
2014-09-16,7.00650911938299
2014-09-17,7.03184710895799
2014-09-18,7.06011325352161
2014-09-19,7.06158597505111
2014-09-20,7.07547299412737
2014-09-21,7.10829425203813
2014-09-22,7.13156423978649
2014-09-23,7.13796836060067
2014-09-24,7.10803499007382
2014-09-25,7.198256990778
2014-09-26,7.25767131507633
2014-09-27,7.28799336129766
2014-09-28,7.27962106304038
2014-09-29,7.29521682959204
2014-09-30,7.20783193353528
2014-10-01,7.23493148623878
2014-10-02,7.12359267667564
2014-10-03,7.09311661837915
2014-10-04,6.98414454942569
2014-10-05,6.96027379755969
2014-10-06,6.92293499164647
2014-10-07,6.77229701402977
2014-10-08,6.71214264825689
2014-10-09,6.72994547292144
2014-10-10,6.70168199908929
2014-10-11,6.81010898389837
2014-10-12,6.80210707660551
2014-10-13,6.74687342158031
2014-10-14,6.78337451433899
2014-10-15,6.8288339636751
2014-10-16,6.86622253675071
2014-10-17,6.61737853764489
2014-10-18,6.16503839420639
2014-10-19,6.07294253721593
2014-10-20,6.12252791079648
2014-10-21,5.97778381994638
2014-10-22,5.82118566886066
2014-10-23,5.72953345678806
2014-10-24,5.55945423492854
2014-10-25,5.34141114383543
2014-10-26,5.18002204412208
2014-10-27,5.0090091884334
2014-10-28,4.94979609876594
2014-10-29,4.99377628928655
2014-10-30,4.95862475078566
2014-10-31,4.96994699813315
2014-11-01,4.91895094746773
2014-11-02,4.96637336831344
2014-11-03,4.86786683893365
2014-11-04,4.96256862126269
2014-11-05,4.90766256694794
2014-11-06,5.0630600607621
2014-11-07,5.08173569912886
2014-11-08,5.16096199412376
2014-11-09,5.2670418731632
2014-11-10,5.40383812949181
2014-11-11,5.45488531831797
2014-11-12,5.44154382737501
2014-11-13,5.40973948848491
2014-11-14,5.38355477543007
2014-11-15,5.40358574017943
2014-11-16,5.54608569815412
2014-11-17,5.55708117319478
2014-11-18,5.5918525689446
2014-11-19,5.75607895811922
2014-11-20,5.78810274324508
2014-11-21,6.06914199260344
2014-11-22,6.43651467669604
2014-11-23,6.41275648406516
2014-11-24,6.69162890626941
2014-11-25,6.71296797590713
2014-11-26,6.63902099279476
2014-11-27,6.65648998218368
2014-11-28,6.38814738706539
2014-11-29,6.34061226411299
2014-11-30,5.95886804930557
2014-12-01,5.93268373992546
2014-12-02,5.89690804937083
2014-12-03,5.88950772953641
2014-12-04,5.91868438386613
2014-12-05,5.88114756856646
2014-12-06,5.38971533190529
2014-12-07,5.05610519296983
2014-12-08,4.96845606111345
2014-12-09,4.61974424375615
2014-12-10,4.19203530973004
2014-12-11,4.22273805406359
2014-12-12,4.06571918229262
2014-12-13,4.09789581077043
2014-12-14,4.21177691366614
2014-12-15,4.34561300873756
2014-12-16,5.21010711318568
2014-12-17,4.65930907542889
2014-12-18,3.53853665910116
2014-12-19,3.76720487276713
2014-12-20,3.42511910625867
2014-12-21,3.45494053619249
2014-12-22,3.46518524929329
2014-12-23,3.91553553073637
2014-12-24,3.99946882989672
2014-12-25,3.94955525174737
2014-12-26,3.9678596816957
2014-12-27,3.93121423650144
2014-12-28,3.95268190440847
2014-12-29,3.9673087668063
2014-12-30,3.9244231750716
2014-12-31,3.92133859378188
2015-01-01,3.93862715407984
2015-01-02,3.97804664874422
2015-01-03,3.97869978972844
2015-01-04,3.95486717638762
2015-01-05,4.00069744486204
2015-01-06,4.42958629131317
2015-01-07,5.56058472219636
2015-01-08,5.73282740952133
2015-01-09,5.71794137129417
2015-01-10,5.90667471809993
2015-01-11,5.99215131372077
2015-01-12,6.02049362396879
2015-01-13,6.07993947601318
2015-01-14,6.10139445417068
2015-01-15,6.11574113229833
2015-01-16,6.14452505985023
2015-01-17,6.15150419729097
2015-01-18,6.24881075322628
2015-01-19,6.17587572018776
2015-01-20,6.14164516603625
2015-01-21,5.7279607771852
2015-01-22,5.73342178203166
2015-01-23,5.21536203427503
2015-01-24,4.95027623122998
2015-01-25,5.32635390533591
2015-01-26,5.30975820905916
2015-01-27,5.28461535403357
2015-01-28,5.21500900006644
2015-01-29,4.924591511001
2015-01-30,4.96386724133059
2015-01-31,4.89594079607318
2015-02-01,4.79849642776826
2015-02-02,4.68995069418094
2015-02-03,4.7857414838679
2015-02-04,4.75545779564609
2015-02-05,4.78107433693895
2015-02-06,4.75102732256832
2015-02-07,4.72339352765581
2015-02-08,4.69241877613627
2015-02-09,4.7032901822695
2015-02-10,4.61040008190506
2015-02-11,4.55588768116624
2015-02-12,4.53798680905176
2015-02-13,4.50042676421436
2015-02-14,4.50027997063293
2015-02-15,4.52574878116716
2015-02-16,4.52275405330218
2015-02-17,4.53396537734184
2015-02-18,4.56678818451649
2015-02-19,4.57650973655113
2015-02-20,4.60757746896159
2015-02-21,4.61317220769572
2015-02-22,4.55630985840917
2015-02-23,4.50488108455073
2015-02-24,4.5085956504762
2015-02-25,4.49139251358026
2015-02-26,4.47480268618595
2015-02-27,4.45715072194921
2015-02-28,4.46352086138027
2015-03-01,4.4748700491219
2015-03-02,4.44637033339482
2015-03-03,4.39800541031056
2015-03-04,4.41283440394418
2015-03-05,4.39284301176875
2015-03-06,4.34119134301526
2015-03-07,4.31344376266825
2015-03-08,4.22352071983159
2015-03-09,4.18722427993262
2015-03-10,4.20730113434002
2015-03-11,4.27845220030571
2015-03-12,4.20704964640754
2015-03-13,4.18362748532733
2015-03-14,4.27527292625001
2015-03-15,4.36883814211032
2015-03-16,4.36422493874691
2015-03-17,4.36541987450001
2015-03-18,4.3674590753751
2015-03-19,4.44962377549226
2015-03-20,4.47382352383327
2015-03-21,4.44990314127557
2015-03-22,4.45639304896322
2015-03-23,4.47052328301091
2015-03-24,4.49371309542105
2015-03-25,4.50296034471052
2015-03-26,4.56315024105239
2015-03-27,4.5833737313358
2015-03-28,4.59455612396573
2015-03-29,4.59717845851528
2015-03-30,4.59680315322965
2015-03-31,4.59446612682207
2015-04-01,4.59515520503177
2015-04-02,4.59423805927408
2015-04-03,4.60908645706677
2015-04-04,4.61259560100772
2015-04-05,4.62384870999023
2015-04-06,4.61937365761262
2015-04-07,4.61487312748214
2015-04-08,4.6183045764686
2015-04-09,4.6248259143637
2015-04-10,4.63517399502692
2015-04-11,4.64367371018726
2015-04-12,4.65033861516152
2015-04-13,4.66478955078112
2015-04-14,4.68018082340482
2015-04-15,4.70104015295155
2015-04-16,4.67444943114042
2015-04-17,4.68753432109952
2015-04-18,4.71595449464624
2015-04-19,4.75567994836036
2015-04-20,4.78839844262184
2015-04-21,4.81405616967781
2015-04-22,4.85886345578179
2015-04-23,4.91545043910957
2015-04-24,4.9547832966677
2015-04-25,5.02642038389842
2015-04-26,5.05488088263837
2015-04-27,5.13502567627779
2015-04-28,5.20010127594931
2015-04-29,5.22008914869655
2015-04-30,5.44639250039155
2015-05-01,5.55625416959024
2015-05-02,5.62816731326705
2015-05-03,5.72653151382905
2015-05-04,5.80877973894382
2015-05-05,5.92358618921797
2015-05-06,6.05565116289123
2015-05-07,6.16652523519989
2015-05-08,6.32998095472199
2015-05-09,6.51360564028524
2015-05-10,6.65426881287633
2015-05-11,6.76371259227406
2015-05-12,6.81045848251933
2015-05-13,6.88623230044415
2015-05-14,6.92007014640911
2015-05-15,6.95587117107312
2015-05-16,7.01429964068166
2015-05-17,7.075991759095
2015-05-18,7.14946343269218
2015-05-19,7.19261775238928
2015-05-20,7.19867492429709
2015-05-21,7.21873092810067
2015-05-22,7.23654077419966
2015-05-23,7.25091151786837
2015-05-24,7.24207139869353
2015-05-25,7.22856457070336
2015-05-26,7.21882240991058
2015-05-27,7.19605498426194
2015-05-28,7.20041591070589
2015-05-29,7.19261840788932
2015-05-30,7.16855342013651
2015-05-31,7.19131392034746
2015-06-01,7.17047175717382
2015-06-02,7.14401702308339
2015-06-03,7.14834042220639
2015-06-04,7.15005609855145
2015-06-05,7.09825383617012
2015-06-06,7.08748227775707
2015-06-07,7.04586905115508
2015-06-08,7.01069911308337
2015-06-09,6.95205403854444
2015-06-10,6.96498422738113
2015-06-11,6.94297560457041
2015-06-12,6.96117962210898
2015-06-13,6.95518678145685
2015-06-14,6.95579791657913
2015-06-15,6.94739302866463
2015-06-16,6.9491677837116
2015-06-17,6.92886934885503
2015-06-18,6.92827887916439
2015-06-19,6.93121362827737
2015-06-20,6.93910976954113
2015-06-21,6.93832623980643
2015-06-22,6.93389870417202
2015-06-23,6.94093753881565
2015-06-24,6.91692609726828
2015-06-25,6.91411530970739
2015-06-26,6.90147367487123
2015-06-27,6.83896359235421
2015-06-28,6.78016422929805
2015-06-29,6.76527438241023
2015-06-30,6.74012582047549
2015-07-01,6.69223553921344
2015-07-02,6.66112221155572
2015-07-03,6.68857071349497
2015-07-04,6.64197296537529
2015-07-05,6.65750319579748
2015-07-06,6.64030985141903
2015-07-07,6.62393439342539
2015-07-08,6.61539936002802
2015-07-09,6.66288414331647
2015-07-10,6.49693189266913
2015-07-11,6.61617474302844
2015-07-12,6.63600111047937
2015-07-13,6.64606749400548
2015-07-14,6.73011349033807
2015-07-15,6.7359991034867
2015-07-16,6.75686835402839
2015-07-17,6.74910938736611
2015-07-18,6.74782311341316
2015-07-19,6.74703957068022
2015-07-20,6.74004539442807
2015-07-21,6.74112425129657
2015-07-22,6.78445563994789
2015-07-23,6.74008298202333
2015-07-24,6.73347235898348
2015-07-25,6.72482410385735
2015-07-26,6.72552137141437
2015-07-27,6.72210007211308
2015-07-28,6.72554690140338
2015-07-29,6.73346952122945
2015-07-30,6.71949977412475
2015-07-31,6.72827677285516
2015-08-01,6.71991435727721
2015-08-02,6.73225631574056
2015-08-03,6.73641029980573
2015-08-04,6.73960724237817
2015-08-05,6.74284270632687
2015-08-06,6.7458830427511
2015-08-07,6.74764660152145
2015-08-08,6.75537426520676
2015-08-09,6.76330662266484
2015-08-10,6.76538607632241
2015-08-11,6.76416017155363
2015-08-12,6.76790776273847
2015-08-13,6.78075696110378
2015-08-14,6.74769626843032
2015-08-15,6.76163093737582
2015-08-16,6.76471002243033
2015-08-17,6.77134629611831
2015-08-18,6.77851265422229
2015-08-19,6.77595389403441
2015-08-20,6.77841734421096
2015-08-21,6.78156603686138
2015-08-22,6.7964953446212
2015-08-23,6.83302622619124
2015-08-24,6.91330355439683
2015-08-25,6.9736574752757
2015-08-26,7.01402088889781
2015-08-27,6.9467304825799
2015-08-28,6.88555655684576
2015-08-29,6.88397977403382
2015-08-30,6.93496738777192
2015-08-31,7.02263949967753
2015-09-01,7.01595651154672
2015-09-02,7.01797011346943
2015-09-03,7.02198144504755
2015-09-04,7.0377221546366
2015-09-05,7.03448672461845
2015-09-06,7.04083366804055
2015-09-07,7.04295078129367
2015-09-08,7.04195400859487
2015-09-09,7.04185398419171
2015-09-10,7.05944461259969
2015-09-11,7.06969706764451
2015-09-12,7.05818885253998
2015-09-13,7.05282076532497
2015-09-14,7.06053159804361
2015-09-15,7.09104683360649
2015-09-16,7.24027905797972
2015-09-17,7.36419506380624
2015-09-18,7.33970536153376
2015-09-19,7.49433540796557
2015-09-20,7.47312914596281
2015-09-21,7.4855476623473
2015-09-22,7.50909974641138
2015-09-23,7.51776060295328
2015-09-24,7.51153842719822
2015-09-25,7.4315847150057
2015-09-26,7.39581094017506
2015-09-27,7.39767362301706
2015-09-28,7.39471397737959
2015-09-29,6.98119461597163
2015-09-30,6.95163041458731
2015-10-01,6.96310670540608
2015-10-02,6.9337367322143
2015-10-03,6.89746273687483
2015-10-04,7.06503049080244
2015-10-05,7.27083304581108
2015-10-06,7.34299408906701
2015-10-07,7.36932181600491
2015-10-08,7.27922334516835
2015-10-09,7.11125155559898
2015-10-10,7.13553193933768
2015-10-11,7.15767411047348
2015-10-12,7.30941492840081
2015-10-13,7.28679887338996
2015-10-14,7.28965800694957
2015-10-15,7.41409948402639
2015-10-16,7.49598191336819
2015-10-17,7.47475677046398
2015-10-18,7.40204070005755
2015-10-19,7.25148872676938
2015-10-20,7.23813901871922
2015-10-21,7.11250435712098
2015-10-22,7.07078344744852
2015-10-23,7.07105526304675
2015-10-24,6.78431378914821
2015-10-25,6.19667593535194
2015-10-26,6.15294754516693
2015-10-27,6.13714997393598
2015-10-28,6.10170151720027
2015-10-29,5.97901917294141
2015-10-30,5.85122983740247
2015-10-31,5.68498754750676
2015-11-01,5.66007471799528
2015-11-02,5.64149870748011
2015-11-03,5.7356582074552
2015-11-04,5.60240827053177
2015-11-05,5.64881880617885
2015-11-06,5.66896881619438
2015-11-07,5.54834935436743
2015-11-08,5.46778967322952
2015-11-09,5.48036773156608
2015-11-10,5.48604358548432
2015-11-11,5.57593978177174
2015-11-12,5.69252346842508
2015-11-13,5.70983718478788
2015-11-14,5.98404584959714
2015-11-15,6.41203883477858
2015-11-16,6.65979999213115
2015-11-17,6.6705906496091
2015-11-18,6.74692324910394
2015-11-19,6.70481202420716
2015-11-20,6.77890470819829
2015-11-21,6.7825004317463
2015-11-22,6.77037675544549
2015-11-23,6.75797093231627
2015-11-24,6.70106219754166
2015-11-25,6.60261841235814
2015-11-26,6.60593151054858
2015-11-27,6.58436150728546
2015-11-28,6.56636277270574
2015-11-29,6.58360245439741
2015-11-30,6.58260030693478
2015-12-01,6.57371922503696
2015-12-02,6.30364446958919
2015-12-03,6.06891850442846
2015-12-04,5.67720194035266
2015-12-05,5.40444733655011
2015-12-06,4.87878801650608
2015-12-07,4.65827515623072
2015-12-08,4.2581494011377
2015-12-09,4.25389456748962
2015-12-10,3.92995178348878
2015-12-11,3.80358678102493
2015-12-12,3.93769906172112
2015-12-13,3.90106000117402
2015-12-14,3.93066199501949
2015-12-15,3.92367195371372
2015-12-16,3.92504010983367
2015-12-17,3.91787742145026
2015-12-18,3.96648439364647
2015-12-19,NA
2015-12-20,4.07711012223188
2015-12-21,4.08867875267478
2015-12-22,4.03816968903822
2015-12-23,4.06076821860145
2015-12-24,4.04645448923111
2015-12-25,4.03954272059833
2015-12-26,4.10497238355524
2015-12-27,4.0841390560655
2015-12-28,3.9804740710692
2015-12-29,3.95123028382659
2015-12-30,3.95047507435083
2015-12-31,4.03892280116226
2016-01-01,4.11163814032256
2016-01-02,4.08384654016206
2016-01-03,4.06313947114078
2016-01-04,3.97112742822562
2016-01-05,3.90923961240854
2016-01-06,NA
2016-01-07,4.13243839633999
2016-01-08,4.39415108240568
2016-01-09,4.40104852456313
2016-01-10,4.59620640311443
2016-01-11,4.87602280698172
2016-01-12,5.29050367893559
2016-01-13,5.64446424210773
2016-01-14,5.67945263417144
2016-01-15,5.96059872261409
2016-01-16,5.95808010390311
2016-01-17,5.96125624636386
2016-01-18,6.0644717804929
2016-01-19,6.09739341370521
2016-01-20,6.36674181837024
2016-01-21,6.32453220736953
2016-01-22,5.698906029351
2016-01-23,5.68203781926355
2016-01-24,5.81003595651684
2016-01-25,5.95305914151377
2016-01-26,5.98278279813546
2016-01-27,5.93018477045612
2016-01-28,5.64061278393944
2016-01-29,5.53920216505038
2016-01-30,5.4401602688759
2016-01-31,5.2194727926326
2016-02-01,5.0211681444088
2016-02-02,4.96241424472045
2016-02-03,4.89607937088403
2016-02-04,4.91216869610555
2016-02-05,4.75477137484844
2016-02-06,4.75901687811408
2016-02-07,4.8111976992056
2016-02-08,4.82929432603304
2016-02-09,4.75237526334048
2016-02-10,4.64499843684478
2016-02-11,4.60627349066773
2016-02-12,4.57554637924782
2016-02-13,4.55544604998002
2016-02-14,4.53546883421408
2016-02-15,4.48821564218015
2016-02-16,4.47216550416941
2016-02-17,4.47554414178603
2016-02-18,4.4208964339999
2016-02-19,4.38702091937936
2016-02-20,4.29073754774289
2016-02-21,4.40767877855294
2016-02-22,4.29162457175211
2016-02-23,4.21150334903437
2016-02-24,4.14747730295119
2016-02-25,4.31467341925647
2016-02-26,4.33189485173213
2016-02-27,4.31147566093069
2016-02-28,4.32232759319068
2016-02-29,4.3422222828941
2016-03-01,4.34632153163196
2016-03-02,4.34301021290982
2016-03-03,4.32716587267563
2016-03-04,4.30238199009435
2016-03-05,4.50513875713104
2016-03-06,4.54800004029462
2016-03-07,4.58026048915483
2016-03-08,4.55932073646498
2016-03-09,4.59868820493374
2016-03-10,4.57007284312463
2016-03-11,4.59382865489873
2016-03-12,4.5731308374873
2016-03-13,4.52513139074663
2016-03-14,4.52237187735472
2016-03-15,4.51950894147727
2016-03-16,4.50710567225999
2016-03-17,4.52876936149597
2016-03-18,4.49650839319567
2016-03-19,4.4914027109197
2016-03-20,4.48714103332595
2016-03-21,4.42992604113006
2016-03-22,4.34497342158159
2016-03-23,4.49779778464098
2016-03-24,4.52255762682798
2016-03-25,4.58904833187447
2016-03-26,4.59751671888049
2016-03-27,4.59844175931393
2016-03-28,4.60395355114
2016-03-29,4.59689505278243
2016-03-30,4.59749039350695
2016-03-31,4.59139231881425
2016-04-01,4.59097521611229
2016-04-02,4.59822017999149
2016-04-03,4.59825323943876
2016-04-04,4.59553056330884
2016-04-05,4.61158693968408
2016-04-06,4.61555741306499
2016-04-07,4.62006090181236
2016-04-08,4.62092417419665
2016-04-09,4.61869618863381
2016-04-10,4.59932477215725
2016-04-11,4.61178320729321
2016-04-12,4.61632977501875
2016-04-13,4.65100421259353
2016-04-14,4.67659938592911
2016-04-15,4.69505604925927
2016-04-16,4.71453422277369
2016-04-17,4.75422196518733
2016-04-18,4.77435121709927
2016-04-19,4.79772876063576
2016-04-20,4.84069015512995
2016-04-21,4.89148364227963
2016-04-22,4.94625719768609
2016-04-23,5.01639851832624
2016-04-24,5.06812006560674
2016-04-25,5.16862662578385
2016-04-26,5.24058232814918
2016-04-27,5.32428355527183
2016-04-28,5.47644334645943
2016-04-29,5.66370831907845
2016-04-30,5.80863552669358
2016-05-01,5.95381248956861
2016-05-02,6.16718942715268
2016-05-03,6.40214808928877
2016-05-04,6.53372445392017
2016-05-05,6.64516226294241
2016-05-06,6.74443449936577
2016-05-07,6.87516654566966
2016-05-08,6.92859293522608
2016-05-09,6.96624454604123
2016-05-10,6.99456701568266
2016-05-11,7.02487143742314
2016-05-12,7.03607355084076
2016-05-13,7.04355036990518
2016-05-14,7.04247460926184
2016-05-15,7.05593462704046
2016-05-16,7.08398488194008
2016-05-17,7.1044330957197
2016-05-18,7.11653090492552
2016-05-19,7.15429437987154
2016-05-20,7.1612461896698
2016-05-21,7.16443846691793
2016-05-22,7.19844400235482
2016-05-23,7.17224138347915
2016-05-24,7.1736161264091
2016-05-25,7.13606143786871
2016-05-26,7.14875980179914
2016-05-27,7.16853798914988
2016-05-28,7.14123362040229
2016-05-29,7.13609248963343
2016-05-30,7.12652686857277
2016-05-31,7.16071894632226
2016-06-01,7.15381845298299
2016-06-02,7.14221899382055
2016-06-03,7.19318537822403
2016-06-04,7.21223597100505
2016-06-05,7.24287082301431
2016-06-06,7.23878780082345
2016-06-07,7.24394767842997
2016-06-08,7.20360390687526
2016-06-09,7.1986521718556
2016-06-10,7.20095512230771
2016-06-11,7.22619701414279
2016-06-12,7.21864034738612
2016-06-13,7.20753629149514
2016-06-14,7.20013625850248
2016-06-15,7.17135884010327
2016-06-16,7.15439768202166
2016-06-17,7.12389314499776
2016-06-18,7.07894863871675
2016-06-19,7.03522381479923
2016-06-20,7.0279510087494
2016-06-21,7.01425302471863
2016-06-22,6.99177136141267
2016-06-23,6.96973473032407
2016-06-24,6.94168278415728
2016-06-25,6.89266213778027
2016-06-26,6.83938193212591
2016-06-27,6.83198605576902
2016-06-28,6.82531509655734
2016-06-29,6.81580078232483
2016-06-30,6.80893920310117
2016-07-01,6.78094481919427
2016-07-02,6.76107580947889
2016-07-03,6.73725126701623
2016-07-04,6.72515829633555
2016-07-05,6.72530270628941
2016-07-06,6.72473329727064
2016-07-07,6.72174248228028
2016-07-08,6.72144880845736
2016-07-09,6.71465014268102
2016-07-10,6.6976706755366
2016-07-11,6.70440920150422
2016-07-12,6.72453171254559
2016-07-13,6.73604083192001
2016-07-14,6.73144209407766
2016-07-15,6.73063728573489
2016-07-16,6.74497123412358
2016-07-17,6.74006496496324
2016-07-18,6.74296099527985
2016-07-19,6.7412371348943
2016-07-20,6.73952730808939
2016-07-21,6.71979700075198
2016-07-22,6.70622048554247
2016-07-23,6.71897985475919
2016-07-24,6.73589173270908
2016-07-25,6.74726462695816
2016-07-26,6.7649594826024
2016-07-27,6.77005422551525
2016-07-28,6.76535267816643
2016-07-29,6.77035513008066
2016-07-30,6.77139361155138
2016-07-31,6.77092281787
2016-08-01,6.7959870972119
2016-08-02,6.80410293809005
2016-08-03,6.81139289460262
2016-08-04,6.82134886494156
2016-08-05,6.83643313125996
2016-08-06,6.85927797766386
2016-08-07,6.84675605661262
2016-08-08,6.85804456747166
2016-08-09,6.87295262840973
2016-08-10,6.90790579840098
2016-08-11,6.91869484747699
2016-08-12,6.9206549485304
2016-08-13,6.91693839530262
2016-08-14,6.90651829620731
2016-08-15,6.91273083595826
2016-08-16,6.90954749306938
2016-08-17,6.91513383554624
2016-08-18,6.92728664606902
2016-08-19,6.93650203628757
2016-08-20,6.94350258393859
2016-08-21,6.96133581250424
2016-08-22,6.98046370254186
2016-08-23,6.99068261669703
2016-08-24,6.99107816512943
2016-08-25,7.01276304026208
2016-08-26,7.02752459878968
2016-08-27,7.02886207068947
2016-08-28,7.01736615530572
2016-08-29,6.99958931539314
2016-08-30,6.97586052885209
2016-08-31,6.96935333644105
2016-09-01,6.95728691872931
2016-09-02,6.94794045314601
2016-09-03,6.93261802118557
2016-09-04,6.93306997053329
2016-09-05,6.92189481945954
2016-09-06,6.90810673093415
2016-09-07,6.88312714422488
2016-09-08,6.86666160214572
2016-09-09,6.83932591813628
2016-09-10,8.00184859422339
2016-09-11,8.01168764667398
2016-09-12,8.01136562430519
2016-09-13,8.01760721406737
2016-09-14,8.03457334775922
2016-09-15,8.02412458492467
2016-09-16,8.05314550893542
2016-09-17,8.06734618110665
2016-09-18,8.11461236049355
2016-09-19,8.35388422831696
2016-09-20,8.40870943380511
2016-09-21,8.4584409020736
2016-09-22,8.61691702804089
2016-09-23,8.64322944793759
2016-09-24,8.69692971499931
2016-09-25,8.77306589278226
2016-09-26,9.04896963493859
2016-09-27,9.1749412833027
2016-09-28,9.20235968861373
2016-09-29,9.2710635497902
2016-09-30,9.3023870844393
2016-10-01,9.30991434081341
2016-10-02,9.30977192303232
2016-10-03,9.31936788299186
2016-10-04,9.33802178834309
2016-10-05,9.38298995800818
2016-10-06,9.35880328542191
2016-10-07,9.35010870741848
2016-10-08,9.37093319147344
2016-10-09,9.3797028328123
2016-10-10,9.35036702022374
2016-10-11,9.41304674163814
2016-10-12,9.37975299982812
2016-10-13,9.31041498173315
2016-10-14,9.22837880634526
2016-10-15,9.16655577067228
2016-10-16,9.13403930769949
2016-10-17,9.03247148061735
2016-10-18,8.79464809589546
2016-10-19,8.57415574132505
2016-10-20,8.18884229689718
2016-10-21,7.88072217478978
2016-10-22,7.42595300830649
2016-10-23,7.17561945666576
2016-10-24,6.84218503189773
2016-10-25,6.59620830806222
2016-10-26,6.47407764113391
2016-10-27,6.2775563651641
2016-10-28,6.20950441175352
2016-10-29,6.17720197632775
2016-10-30,6.0893483701765
2016-10-31,6.11669552647277
2016-11-01,5.75647669420144
2016-11-02,5.65187882252323
2016-11-03,5.66055232127318
2016-11-04,5.67338313441536
2016-11-05,5.93176799497859
2016-11-06,6.15990483660811
2016-11-07,6.13310130385312
2016-11-08,6.30080437127168
2016-11-09,6.47989466224572
2016-11-10,6.82605371064291
2016-11-11,6.84177771274653
2016-11-12,6.8374454149366
2016-11-13,6.8435489930204
2016-11-14,6.85660915125783
2016-11-15,6.86402752473182
2016-11-16,6.8828989042347
2016-11-17,6.87474451885491
2016-11-18,6.85517791460726
2016-11-19,6.82631115354461
2016-11-20,6.83100236310864
2016-11-21,6.8030432848058
2016-11-22,6.76989036995844
2016-11-23,6.7664101538902
2016-11-24,6.51183026213931
2016-11-25,5.98776716318997
2016-11-26,5.66224983653183
2016-11-27,5.25718349706931
2016-11-28,5.18847097169369
2016-11-29,4.86483753764111
2016-11-30,4.77917901494286
2016-12-01,4.79404606331478
2016-12-02,4.71361169183111
2016-12-03,4.76883826895458
2016-12-04,4.61890158095917
2016-12-05,3.84122287310087
2016-12-06,4.11765197345189
2016-12-07,4.15740440893864
2016-12-08,4.17092832966127
2016-12-09,4.05942965621379
2016-12-10,4.00692340043875
2016-12-11,3.99399022261302
2016-12-12,3.98722254146229
2016-12-13,4.01654534909263
2016-12-14,4.02455913669923
2016-12-15,4.03254933567608
2016-12-16,4.01205913108938
2016-12-17,4.00335815724205
2016-12-18,4.00291968093199
2016-12-19,4.01120399376925
2016-12-20,3.99218438302769
2016-12-21,3.96785594435299
2016-12-22,4.04163046093548
2016-12-23,3.59909612849607
2016-12-24,3.65135601415473
2016-12-25,3.61330467257006
2016-12-26,3.61118652052799
2016-12-27,3.63545206037618
2016-12-28,3.7746401217676
2016-12-29,3.61830517397089
2016-12-30,3.62827692597599
2016-12-31,3.62067805306386
2017-01-01,3.77737877798862
2017-01-02,3.77696893254264
2017-01-03,3.85590304097822
2017-01-04,3.82773098637981
2017-01-05,4.87919954372489
2017-01-06,5.12976077062274
2017-01-07,5.40154139328003
2017-01-08,5.63788960226651
2017-01-09,5.82634246277952
2017-01-10,5.87289822032686
2017-01-11,5.94532749527379
2017-01-12,5.97191232141822
2017-01-13,6.24612420416893
2017-01-14,6.42811076685118
2017-01-15,6.54823977894466
2017-01-16,6.52866937160492
2017-01-17,6.57269255189519
2017-01-18,6.57558609513332
2017-01-19,6.51771882910544
2017-01-20,6.31046391819622
2017-01-21,6.35512024718271
2017-01-22,6.19190197510026
2017-01-23,6.20763295556739
2017-01-24,5.94220041058251
2017-01-25,5.63511435695775
2017-01-26,5.57115999316205
2017-01-27,5.47842912671591
2017-01-28,5.63140480595186
2017-01-29,5.65632808180284
2017-01-30,5.55609885288084
2017-01-31,5.42526159930626
2017-02-01,5.468259429312
2017-02-02,5.34955012178033
2017-02-03,5.10956840659511
2017-02-04,4.7472719383282
2017-02-05,4.64441975373889
2017-02-06,4.63073484342144
2017-02-07,4.61299300940893
2017-02-08,4.59034338123764
2017-02-09,4.60133975523009
2017-02-10,4.55527851794375
2017-02-11,4.58426696595126
2017-02-12,4.54879256355126
2017-02-13,4.53308744147251
2017-02-14,4.52096245915257
2017-02-15,4.50741772344311
2017-02-16,4.51255500091795
2017-02-17,4.51190764069979
2017-02-18,4.48390730563922
2017-02-19,4.4764917384073
2017-02-20,4.50112505137076
2017-02-21,4.43875807323278
2017-02-22,4.39249414758462
2017-02-23,4.37028845756615
2017-02-24,4.35183954241118
2017-02-25,4.32186438800045
2017-02-26,4.32443266471431
2017-02-27,4.25675649503667
2017-02-28,4.24802685410948
2017-03-01,4.22180392260433
2017-03-02,4.18504711825016
2017-03-03,4.18047372938376
2017-03-04,4.13353959743635
2017-03-05,4.06233790100868
2017-03-06,4.06071254785814
2017-03-07,4.0356261245777
2017-03-08,4.0328509706883
2017-03-09,4.04851164624061
2017-03-10,4.14222906357549
2017-03-11,4.38796405131857
2017-03-12,4.4861793665141
2017-03-13,4.45579841677254
2017-03-14,4.49469764732302
2017-03-15,4.46009169159327
2017-03-16,4.46300562378628
2017-03-17,4.45862555191189
2017-03-18,4.51156460917253
2017-03-19,4.53389034891902
2017-03-20,4.53275260263895
2017-03-21,4.54779064946015
2017-03-22,4.54234187998952
2017-03-23,4.53792531350592
2017-03-24,4.54586949700131
2017-03-25,4.55646152180394
2017-03-26,4.57316944499707
2017-03-27,4.53973415173768
2017-03-28,4.52397288961798
2017-03-29,4.53591941380556
2017-03-30,4.51100956273917
2017-03-31,4.52042964548116
2017-04-01,4.53658472666982
2017-04-02,4.53071757330971
2017-04-03,4.43473131585307
2017-04-04,4.41524474301141
2017-04-05,4.42314414794826
2017-04-06,4.43466429687174
2017-04-07,4.43673961969051
2017-04-08,4.42887621412718
2017-04-09,4.39393918089771
2017-04-10,4.37723851557273
2017-04-11,4.36593441721428
2017-04-12,4.42391516876002
2017-04-13,4.36708453801452
2017-04-14,4.34138926839758
2017-04-15,4.3629045218825
2017-04-16,4.45989523860472
2017-04-17,4.45807810308252
2017-04-18,4.48477125350595
2017-04-19,4.52702615988301
2017-04-20,4.53576441462455
2017-04-21,4.54058497990802
2017-04-22,4.57964201419256
2017-04-23,4.61577484088417
2017-04-24,4.64168049587787
2017-04-25,4.65636202484792
2017-04-26,4.70527957892322
2017-04-27,4.73046174456072
2017-04-28,4.75470137218325
2017-04-29,4.84488827314337
2017-04-30,4.95016091306868
2017-05-01,5.06388478839764
2017-05-02,5.14445345375168
2017-05-03,5.26294022797258
2017-05-04,5.42237606674129
2017-05-05,5.61564344580972
2017-05-06,5.73633897860885
2017-05-07,5.88349225747792
2017-05-08,5.98203999278991
2017-05-09,6.12644644462297
2017-05-10,6.22480783560596
2017-05-11,6.39762497828557
2017-05-12,6.52641934096606
2017-05-13,6.59867679611423
2017-05-14,6.71543915475323
2017-05-15,6.77277567462303
2017-05-16,6.80487444169946
2017-05-17,6.82548322755883
2017-05-18,6.83012972883956
2017-05-19,6.83224477972542
2017-05-20,6.82898279745952
2017-05-21,6.82846390194733
2017-05-22,6.83228243155138
2017-05-23,6.86996795293664
2017-05-24,6.91295820357659
2017-05-25,6.95481283292055
2017-05-26,6.95808019533017
2017-05-27,6.97892523893949
2017-05-28,7.03431587434892
2017-05-29,7.10727120299889
2017-05-30,7.11648484672142
2017-05-31,7.11837089056214
2017-06-01,7.15637198441111
2017-06-02,7.1810338562307
2017-06-03,7.20964452421544
2017-06-04,7.23598723157344
2017-06-05,7.24962561361099
2017-06-06,7.26141251704441
2017-06-07,7.25724556704685
2017-06-08,7.24542614750289
2017-06-09,7.24132369567454
2017-06-10,7.24229150587635
2017-06-11,7.26057575009109
2017-06-12,7.19963215843184
2017-06-13,7.19005700106915
2017-06-14,7.09250993916942
2017-06-15,7.03273528161422
2017-06-16,7.00844410708994
2017-06-17,7.00002904798886
2017-06-18,6.96983150033612
2017-06-19,6.93539832239939
2017-06-20,6.92345880614485
2017-06-21,6.9122959253675
2017-06-22,6.87576859565939
2017-06-23,6.80215189966295
2017-06-24,6.79805052734317
2017-06-25,6.77822995088114
2017-06-26,6.76554355199486
2017-06-27,6.78207209008669
2017-06-28,6.75383670641975
2017-06-29,6.71647536747513
2017-06-30,6.68759678610327
2017-07-01,6.67475010046184
2017-07-02,6.67161982914068
2017-07-03,6.67253542642685
2017-07-04,6.66369832792473
2017-07-05,6.65904568772504
2017-07-06,6.63877586552052
2017-07-07,6.62850859464239
2017-07-08,6.61909011048109
2017-07-09,6.60548371438338
2017-07-10,6.59998149358543
2017-07-11,6.604618150497
2017-07-12,6.61210011355414
2017-07-13,6.60197247249292
2017-07-14,6.60126544323495
2017-07-15,6.59636324684631
2017-07-16,6.57059284880137
2017-07-17,6.58039402479134
2017-07-18,6.61283744317294
2017-07-19,6.63522893795251
2017-07-20,6.63868772370304
2017-07-21,6.64801449239754
2017-07-22,6.65383019617682
2017-07-23,6.65048285300961
2017-07-24,6.65571762142215
2017-07-25,6.65960064547101
2017-07-26,6.66690592771161
2017-07-27,6.67180867575516
2017-07-28,6.66875610192228
2017-07-29,6.67213053183111
2017-07-30,6.68077333345207
2017-07-31,6.68359226951556
2017-08-01,6.68385921042276
2017-08-02,6.68967500721356
2017-08-03,6.69237202397662
2017-08-04,6.69488762996521
2017-08-05,6.69609535038964
2017-08-06,6.70055348858645
2017-08-07,6.71475248907396
2017-08-08,6.66488881429627
2017-08-09,6.71262535850538
2017-08-10,6.71726522677276
2017-08-11,6.71108202297956
2017-08-12,6.70887198079123
2017-08-13,6.70834327339613
2017-08-14,6.72590800392991
2017-08-15,6.70898378335581
2017-08-16,6.72242579424649
2017-08-17,6.72921562131466
2017-08-18,6.74281473845279
2017-08-19,6.69416191991006
2017-08-20,6.70822990839901
2017-08-21,6.73084288448717
2017-08-22,6.7471848103655
2017-08-23,6.712103019234
2017-08-24,6.71190855320592
2017-08-25,6.68962234605575
2017-08-26,6.72022615271913
2017-08-27,6.73349201675242
2017-08-28,6.74623486911831
2017-08-29,6.75530705720786
2017-08-30,6.74737518741932
2017-08-31,6.7501673116877
2017-09-01,6.78517383280982
2017-09-02,6.78551721146925
2017-09-03,6.78270579116493
2017-09-04,6.77816381612892
2017-09-05,6.68876689951526
2017-09-06,6.67570772601476
2017-09-07,6.67101214707143
2017-09-08,6.69765098551067
2017-09-09,6.73142656600526
2017-09-10,6.85082468726308
2017-09-11,6.86473643063013
2017-09-12,6.90267599366506
2017-09-13,6.91402145958352
2017-09-14,6.93253055413089
2017-09-15,6.94044824196889
2017-09-16,6.94702613764796
2017-09-17,7.00004231141808
2017-09-18,7.02691328482542
2017-09-19,7.06640985575294
2017-09-20,7.07441276354916
2017-09-21,7.09270916574805
2017-09-22,7.13270205660273
2017-09-23,7.12043873719807
2017-09-24,7.15700538635651
2017-09-25,7.15897201317679
2017-09-26,7.24133848307133
2017-09-27,7.27227373317864
2017-09-28,7.36094878647053
2017-09-29,7.48869555312732
2017-09-30,7.49045185732944
2017-10-01,7.50406089130277
2017-10-02,7.51941708096897
2017-10-03,7.55631747442059
2017-10-04,7.62188061797388
2017-10-05,7.6393969609777
2017-10-06,7.61221652566508
2017-10-07,7.57851326677097
2017-10-08,7.50731050251631
2017-10-09,7.64135693261964
2017-10-10,7.55260369068419
2017-10-11,7.52429464687707
2017-10-12,7.47977443921406
2017-10-13,7.43153547411905
2017-10-14,7.4050822987733
2017-10-15,7.25593628825048
2017-10-16,7.023906544787
2017-10-17,6.95812160934008
2017-10-18,6.7765760802513
2017-10-19,6.6104011038223
2017-10-20,6.07045064217754
2017-10-21,5.97472613780977
2017-10-22,6.03314517905844
2017-10-23,6.0802072018511
2017-10-24,5.79656247222046
2017-10-25,5.4372272618052
2017-10-26,5.27772434897199
2017-10-27,5.28923166868666
2017-10-28,5.25577777195134
2017-10-29,5.18637193828758
2017-10-30,5.06666476112448
2017-10-31,5.06520205646826
2017-11-01,5.07399888240594
2017-11-02,5.00188676853544
2017-11-03,5.06684641201901
2017-11-04,4.8773831971924
2017-11-05,4.85997014782092
2017-11-06,4.85605257795428
2017-11-07,4.92226949089721
2017-11-08,5.00192584082604
2017-11-09,5.05924868083408
2017-11-10,5.28165333087628
2017-11-11,5.37998628056665
2017-11-12,5.41400435463333
2017-11-13,5.45841895118806
2017-11-14,5.53767613842336
2017-11-15,5.56472332187475
2017-11-16,5.76483068143078
2017-11-17,6.17049235551858
2017-11-18,6.38726587180632
2017-11-19,6.3959596567707
2017-11-20,6.50455306326593
2017-11-21,6.67516973818199
2017-11-22,6.78749157625531
2017-11-23,6.72805834367496
2017-11-24,6.74713344819501
2017-11-25,6.72275923188256
2017-11-26,6.76098972496671
2017-11-27,6.4888156105061
2017-11-28,6.3805907783629
2017-11-29,6.39927685562568
2017-11-30,6.21054088665267
2017-12-01,6.13138353323736
2017-12-02,6.13110371397323
2017-12-03,4.78479301568234
2017-12-04,4.09974629474136
2017-12-05,4.43723164213465
2017-12-06,4.43822455406189
2017-12-07,4.43716072021647
2017-12-08,4.3139285882314
2017-12-09,4.33037303818597
2017-12-10,4.32148014980814
2017-12-11,4.28931419227434
2017-12-12,4.2406489584181
2017-12-13,4.23068599171109
2017-12-14,4.16004613529552
2017-12-15,4.14695007460458
2017-12-16,4.14695007460458
2017-12-17,4.13310254061664
2017-12-18,4.06041643754491
2017-12-19,3.6685821612676
2017-12-20,3.59511702520806
2017-12-21,3.69226675033569
2017-12-22,3.69226675033569
2017-12-23,3.99847059590476
2017-12-24,3.68143590891136
2017-12-25,3.67851138564776
2017-12-26,3.78700250484904
2017-12-27,3.78888774699852
2017-12-28,3.87255925206996
2017-12-29,3.88264416596469
2017-12-30,3.8375951367266
2017-12-31,3.85348185264703
2018-01-01,3.77793209002568
2018-01-02,3.79641644771283
2018-01-03,NA
2018-01-04,NA
2018-01-05,NA
2018-01-06,4.14172914671519
2018-01-07,4.19908573850989
2018-01-08,4.22067350521684
2018-01-09,4.2153525352478
2018-01-10,4.43468223015467
2018-01-11,4.87135949479528
2018-01-12,4.83565400611787
2018-01-13,5.33506042427487
2018-01-14,5.44056709891274
2018-01-15,5.53556752793583
2018-01-16,5.4714107228362
2018-01-17,5.92375962008601
2018-01-18,6.47997176937941
2018-01-19,6.63856755353354
2018-01-20,6.62560502048973
2018-01-21,6.23008693205683
2018-01-22,6.22081548427417
2018-01-23,6.02740795036842
2018-01-24,6.04457015946287
2018-01-25,5.37521167917117
2018-01-26,5.42706320839219
2018-01-27,5.40576815217097
2018-01-28,5.40058714780685
2018-01-29,5.36197842112164
2018-01-30,5.26859570453994
2018-01-31,5.24599989173084
2018-02-01,5.26508061684811
2018-02-02,5.2821699294442
2018-02-03,5.07984365907879
2018-02-04,5.05650898629022
2018-02-05,5.08531566650324
2018-02-06,5.04402705882436
2018-02-07,5.04020797976547
2018-02-08,4.98235924629017
2018-02-09,4.8446573829233
2018-02-10,4.94576603786917
2018-02-11,4.92902685280142
2018-02-12,4.9401190772405
2018-02-13,4.87684878842804
2018-02-14,4.87225118721579
2018-02-15,4.92375345366082
2018-02-16,4.82014086068661
2018-02-17,4.82624888538997
2018-02-18,4.80118244300015
2018-02-19,4.85553202778016
2018-02-20,4.86649353736222
2018-02-21,4.74972313259389
2018-02-22,4.73102433030374
2018-02-23,4.69169090243683
2018-02-24,4.67607578454894
2018-02-25,4.67142553593759
2018-02-26,4.57116308825357
2018-02-27,4.53787682063644
2018-02-28,4.48086562628402
2018-03-01,4.46220619453804
2018-03-02,4.46257892116536
2018-03-03,4.45036733653159
2018-03-04,4.41994319087922
2018-03-05,4.32180322056671
2018-03-06,4.32232627316612
2018-03-07,4.34364580705438
2018-03-08,4.35086637246564
2018-03-09,4.33509366671244
2018-03-10,4.30112302590391
2018-03-11,4.31470815776258
2018-03-12,4.32119914391533
2018-03-13,4.32839633993543
2018-03-14,4.30684691535457
2018-03-15,4.30377238520252
2018-03-16,4.28863143044923
2018-03-17,4.26099171595628
2018-03-18,4.21104013354419
2018-03-19,4.16274169871249
2018-03-20,4.1924395434192
2018-03-21,4.19217484138397
2018-03-22,4.17213419548756
2018-03-23,4.19084630703868
2018-03-24,4.20734147910963
2018-03-25,4.20590560910286
2018-03-26,4.22292686288576
2018-03-27,4.21993318395956
2018-03-28,4.21442350507697
2018-03-29,4.22998055550436
2018-03-30,4.28117220232723
2018-03-31,4.29315117219473
2018-04-01,4.33862899628179
2018-04-02,4.33919262365144
2018-04-03,4.3560547760349
2018-04-04,4.35681446273693
2018-04-05,4.36385467818489
2018-04-06,4.36980610696984
2018-04-07,4.37107798120351
2018-04-08,4.36953187174403
2018-04-09,4.37731799147195
2018-04-10,4.40034950265301
2018-04-11,4.40023627428603
2018-04-12,4.41123939026251
2018-04-13,4.41582002379943
2018-04-14,4.41343603181895
2018-04-15,4.4338549837791
2018-04-16,4.44441724851157
2018-04-17,4.48531546834046
2018-04-18,4.50973738972007
2018-04-19,4.54974110353561
2018-04-20,4.58420197108904
2018-04-21,4.590704761591
2018-04-22,4.60998396731729
2018-04-23,4.63366343124895
2018-04-24,4.65007153794231
2018-04-25,4.6632168552188
2018-04-26,4.69125377273088
2018-04-27,4.71602053550056
2018-04-28,4.71179703720131
2018-04-29,4.74932047491056
2018-04-30,4.77188536655204
2018-05-01,4.94161761891521
2018-05-02,5.07762401724609
2018-05-03,5.18403494283345
2018-05-04,5.27848465194251
2018-05-05,5.37665003194052
2018-05-06,5.51604523559404
2018-05-07,5.69451705760729
2018-05-08,5.79861134965394
2018-05-09,5.89858221906375
2018-05-10,6.04965939485367
2018-05-11,6.13567338518133
2018-05-12,6.28062972961684
2018-05-13,6.51683653792844
2018-05-14,6.58512625198889
2018-05-15,6.64608421828875
2018-05-16,6.6917613980443
2018-05-17,6.71534416200407
2018-05-18,6.76462665833798
2018-05-19,6.82899417696814
2018-05-20,6.84951687418111
2018-05-21,6.88972970663592
2018-05-22,6.891391287831
2018-05-23,6.89907004693347
2018-05-24,6.89574124918253
2018-05-25,6.89227358381428
2018-05-26,6.89349498029378
2018-05-27,6.89825591408376
2018-05-28,6.91047371743704
2018-05-29,6.93780189080418
2018-05-30,6.95172065748047
2018-05-31,6.98635313416519
2018-06-01,7.03372056711097
2018-06-02,7.07476746835462
2018-06-03,7.12116285695522
2018-06-04,7.15276966657209
2018-06-05,7.15266456902595
2018-06-06,7.20106771992841
2018-06-07,7.21613553012647
2018-06-08,7.22111422031932
2018-06-09,7.22175158405805
2018-06-10,7.24495975480574
2018-06-11,7.239602841709
2018-06-12,7.22622377488613
2018-06-13,7.22311073234612
2018-06-14,7.21423596839458
2018-06-15,7.18745029099654
2018-06-16,7.19640206383408
2018-06-17,7.1665857153199
2018-06-18,7.15669324617448
2018-06-19,7.14069147493647
2018-06-20,7.12801907767801
2018-06-21,7.09245448787204
2018-06-22,7.04099140628183
2018-06-23,7.02263097925749
2018-06-24,6.93966931357132
2018-06-25,6.88835625729158
2018-06-26,6.85058205202714
2018-06-27,6.81937629633252
2018-06-28,6.7908040699081
2018-06-29,6.70509686988312
2018-06-30,6.68931183264818
2018-07-01,6.66913965708623
2018-07-02,6.64260353689844
2018-07-03,6.64931494377191
2018-07-04,6.60228513601357
2018-07-05,6.59628969698022
2018-07-06,6.5775524926899
2018-07-07,6.57874634233938
2018-07-08,6.57717284362414
2018-07-09,6.57496159980266
2018-07-10,6.56233958442893
2018-07-11,6.56479441718425
2018-07-12,6.56475879824367
2018-07-13,6.55358070164638
2018-07-14,6.54605394153498
2018-07-15,6.54963069335871
2018-07-16,6.56114920752371
2018-07-17,6.5768081804787
2018-07-18,6.57614238662244
2018-07-19,6.5743193969161
2018-07-20,6.58486287330751
2018-07-21,6.60078388945726
2018-07-22,6.6196159405492
2018-07-23,6.62875889239235
2018-07-24,6.63871713353142
2018-07-25,6.64635973979425
2018-07-26,6.68008329938694
2018-07-27,6.69619261756375
2018-07-28,6.71618410521216
2018-07-29,6.77708679955562
2018-07-30,6.77441510438698
2018-07-31,6.7749548536368
2018-08-01,6.7814694229521
2018-08-02,6.79667552043779
2018-08-03,6.82776122652342
2018-08-04,6.85365682649742
2018-08-05,6.82956727329057
2018-08-06,6.77835053388332
2018-08-07,6.82213005826236
2018-08-08,6.84297440528673
2018-08-09,6.76352432698584
2018-08-10,6.77428449938677
2018-08-11,6.75570190895286
2018-08-12,6.71583874112833
2018-08-13,6.71984299239792
2018-08-14,6.73658977719492
2018-08-15,6.77007485834329
2018-08-16,6.77067521959888
2018-08-17,6.78198668730164
2018-08-18,6.77990548138075
2018-08-19,6.78683695034361
2018-08-20,6.79394386116732
2018-08-21,6.80386638048269
2018-08-22,6.79147431530349
2018-08-23,6.8019951496557
2018-08-24,6.82612210031136
2018-08-25,6.84446917279393
2018-08-26,6.84204462356583
2018-08-27,6.86205571925222
2018-08-28,6.87095376690393
2018-08-29,6.87113519841014
2018-08-30,6.86533017794525
2018-08-31,6.90460444409387
2018-09-01,6.95235311399645
2018-09-02,6.96379247487348
2018-09-03,6.97068351898773
2018-09-04,6.94118880736797
2018-09-05,6.94410641632968
2018-09-06,6.81351991424812
2018-09-07,6.84357403874951
2018-09-08,6.85038222397177
2018-09-09,6.92187711607365
2018-09-10,6.93502378235911
2018-09-11,6.96000242504601
2018-09-12,6.95652192316016
2018-09-13,6.95769283345204
2018-09-14,6.96059638529517
2018-09-15,6.97289280390927
2018-09-16,7.00066653384
2018-09-17,7.01394163906295
2018-09-18,7.02046679154104
2018-09-19,7.06889693893789
2018-09-20,7.15159760281199
2018-09-21,7.22647006373573
2018-09-22,7.32274486860668
2018-09-23,7.41737103205584
2018-09-24,7.4353915267335
2018-09-25,7.47458345412451
2018-09-26,7.50388443470001
2018-09-27,7.52116255947021
2018-09-28,7.51509896027212
2018-09-29,7.52972072855267
2018-09-30,7.60638532023805
2018-10-01,7.6511728209156
2018-10-02,7.68012508351699
2018-10-03,7.72310222722315
2018-10-04,7.74543764026462
2018-10-05,7.76756469811146
2018-10-06,7.77864521308517
2018-10-07,7.85919413702672
2018-10-08,7.87239410199257
2018-10-09,7.89085650996881
2018-10-10,7.89752484701696
2018-10-11,7.85937266727425
2018-10-12,7.56554870980888
2018-10-13,7.57881449079814
2018-10-14,7.55263290799332
2018-10-15,7.54444726513054
2018-10-16,7.56017200320169
2018-10-17,7.51517115124918
2018-10-18,7.221561665607
2018-10-19,7.22218883908318
2018-10-20,7.21359413109713
2018-10-21,7.11476220596518
2018-10-22,7.03757580834733
2018-10-23,7.12592618465828
2018-10-24,7.07228084954097
2018-10-25,7.00783244999263
2018-10-26,6.8188200676932
2018-10-27,6.51108375454862
2018-10-28,6.2921907114722
2018-10-29,6.19411735194003
2018-10-30,6.07040747198481
2018-10-31,5.97651412438758
2018-11-01,5.96031472414437
2018-11-02,5.96128002726756
2018-11-03,5.64854795148494
2018-11-04,5.67695685431284
2018-11-05,5.60335846314612
2018-11-06,5.5802479677167
2018-11-07,5.32105205866798
2018-11-08,5.15866159604601
2018-11-09,5.07631827095799
2018-11-10,5.12296289005779
2018-11-11,5.20628953097954
2018-11-12,5.43229576203553
2018-11-13,5.69719543902284
2018-11-14,6.15024024788637
2018-11-15,6.34117406821079
2018-11-16,6.3965579613426
2018-11-17,6.54377133890139
2018-11-18,6.81988923446963
2018-11-19,6.89604576538175
2018-11-20,6.86905168598325
2018-11-21,6.85829240967662
2018-11-22,6.85137500872617
2018-11-23,6.82482015905501
2018-11-24,6.65062741829654
2018-11-25,6.65673096689059
2018-11-26,6.65856347942559
2018-11-27,6.64795802198264
2018-11-28,6.194369833219
2018-11-29,6.04458839515519
2018-11-30,5.92063235051884
2018-12-01,5.89874908057126
2018-12-02,5.85088812752275
2018-12-03,5.73294261500642
2018-12-04,5.48253088838914
2018-12-05,5.53486798044111
2018-12-06,5.47222224935409
2018-12-07,4.90028384969204
2018-12-08,4.91163406492789
2018-12-09,4.15466445067833
2018-12-10,4.18748118877411
2018-12-11,4.15781452655792
2018-12-12,4.22625193520198
2018-12-13,4.09092843710487
2018-12-14,4.09092843710487
2018-12-15,4.07307557987444
2018-12-16,4.02653517506339
2018-12-17,4.00653517968727
2018-12-18,3.96700803683354
2018-12-19,3.96395674852225
2018-12-20,3.96395674852225
2018-12-21,3.76123177418943
2018-12-22,4.06643137639883
2018-12-23,4.07000281372849
2018-12-24,3.85496999235714
2018-12-25,3.78881417329495
2018-12-26,3.95841547678102
2018-12-27,3.96105698369584
2018-12-28,4.03273680916539
2018-12-29,4.11933140096993
2018-12-30,4.11335514272962
2018-12-31,4.124187720233
2019-01-01,4.05515923500061
2019-01-02,4.08906701254466
2019-01-03,4.04524956483107
2019-01-04,4.14879197232863
2019-01-05,4.25357292379652
2019-01-06,4.2232925788216
2019-01-07,4.18099788997484
2019-01-08,4.21815585427814
2019-01-09,4.34266607602437
2019-01-10,4.35904810645364
2019-01-11,4.29744106683976
2019-01-12,4.39399449030558
2019-01-13,4.70449018734758
2019-01-14,4.78510195016861
2019-01-15,5.5343218011921
2019-01-16,5.84419151316298
2019-01-17,5.99224572968714
2019-01-18,6.07097658760104
2019-01-19,6.27643123829004
2019-01-20,6.38339297129558
2019-01-21,6.37844320967957
2019-01-22,6.38797519766987
2019-01-23,6.45528219404264
2019-01-24,5.82451727616841
2019-01-25,5.64136204837141
2019-01-26,5.5065255114633
2019-01-27,5.471343012895
2019-01-28,5.44013263440571
2019-01-29,5.25958900597967
2019-01-30,5.23521068921456
2019-01-31,5.18819618165986
2019-02-01,5.1763628683053
2019-02-02,5.16170901579864
2019-02-03,4.91278823303564
2019-02-04,4.82991410803283
2019-02-05,4.79549871924361
2019-02-06,4.71252684213806
2019-02-07,4.67223246963084
2019-02-08,4.39244601597112
2019-02-09,4.32868613216089
2019-02-10,4.31596203552856
2019-02-11,4.28140492075918
2019-02-12,4.23740262878647
2019-02-13,4.20419749333451
2019-02-14,4.20178680888474
2019-02-15,4.22503078669061
2019-02-16,4.21432639763029
2019-02-17,4.18246302274762
2019-02-18,4.15907530376753
2019-02-19,4.10914586881138
2019-02-20,4.0755443941082
2019-02-21,4.04802434685571
2019-02-22,4.03906305792021
2019-02-23,4.0742876273284
2019-02-24,4.0937282798137
2019-02-25,4.1070881110662
2019-02-26,4.09998259708316
2019-02-27,4.07726675464394
2019-02-28,4.10977902451182
2019-03-01,4.12138003753001
2019-03-02,4.09725764014319
2019-03-03,4.08141099604855
2019-03-04,4.07270936812979
2019-03-05,4.07566552625395
2019-03-06,4.06367749240121
2019-03-07,4.07832872948541
2019-03-08,4.08797272343615
2019-03-09,4.10703363498214
2019-03-10,4.11829123328019
2019-03-11,4.15443790735552
2019-03-12,4.16029096600251
2019-03-13,4.18422777475518
2019-03-14,4.22862061906812
2019-03-15,4.26352228766279
2019-03-16,4.24752366358033
2019-03-17,4.25009518941013
2019-03-18,4.41326328265655
2019-03-19,4.42764931683528
2019-03-20,4.50209773725641
2019-03-21,4.53661126245058
2019-03-22,4.58085505862535
2019-03-23,4.60849334300631
2019-03-24,4.61318776415991
2019-03-25,4.65336703386748
2019-03-26,4.6635278184388
2019-03-27,4.68206883108655
2019-03-28,4.73281939279509
2019-03-29,4.73239363197306
2019-03-30,4.73337636546635
2019-03-31,4.77397113865973
2019-04-01,4.79184620357317
2019-04-02,4.81900331581699
2019-04-03,4.82238159853996
2019-04-04,4.82470692140337
2019-04-05,4.84256493146037
2019-04-06,4.83852016775843
2019-04-07,4.85242922079484
2019-04-08,4.85232374059293
2019-04-09,4.87213806260111
2019-04-10,4.87666435720431
2019-04-11,4.88516216901763
2019-04-12,4.89107949888556
2019-04-13,4.90710130290431
2019-04-14,4.92549878714322
2019-04-15,4.94005625885476
2019-04-16,4.94301075049141
2019-04-17,4.93989537764194
2019-04-18,4.94985648890826
2019-04-19,4.95788984520823
2019-04-20,4.98722039906769
2019-04-21,5.02741936297303
2019-04-22,5.06913506396941
2019-04-23,5.08469758225002
2019-04-24,5.11350521339067
2019-04-25,5.13963870016342
2019-04-26,5.15626064762519
2019-04-27,5.13377841718956
2019-04-28,5.15305381487653
2019-04-29,5.1773934980727
2019-04-30,5.24111314189568
2019-05-01,5.25468106983992
2019-05-02,5.28788048889336
2019-05-03,5.34431186184566
2019-05-04,5.38365040084149
2019-05-05,5.40334984008223
2019-05-06,5.53796019384165
2019-05-07,5.67468588305414
2019-05-08,5.8647595609007
2019-05-09,6.05163352699404
2019-05-10,6.22218278400229
2019-05-11,6.46634168458753
2019-05-12,6.63253548403853
2019-05-13,6.81506588152841
2019-05-14,6.90878890092871
2019-05-15,6.93962084864472
2019-05-16,6.93367672882183
2019-05-17,6.93471326860342
2019-05-18,6.93508604863013
2019-05-19,6.95212278946227
2019-05-20,6.94418719039092
2019-05-21,6.93286780618346
2019-05-22,6.96241899127519
2019-05-23,6.98030602174459
2019-05-24,7.01365516650385
2019-05-25,6.99844363030056
2019-05-26,7.01201235174668
2019-05-27,7.0604809238843
2019-05-28,7.0899688630544
2019-05-29,7.08925906366111
2019-05-30,7.09829964650215
2019-05-31,7.1076362575653
2019-06-01,7.13815413785519
2019-06-02,7.13502821125419
2019-06-03,7.09013742085552
2019-06-04,7.06317546687533
2019-06-05,7.05796529058988
2019-06-06,7.03925246303633
2019-06-07,7.01392079461122
2019-06-08,6.992186813009
2019-06-09,6.98171143238415
2019-06-10,6.98292391571841
2019-06-11,6.95438822064215
2019-06-12,6.91646536484634
2019-06-13,6.89803004818633
2019-06-14,6.8843495876914
2019-06-15,6.8973915473446
2019-06-16,6.88672110857331
2019-06-17,6.79194463269945
2019-06-18,6.77745479090485
2019-06-19,6.77385793926246
2019-06-20,6.81675139709487
2019-06-21,6.82719414207865
2019-06-22,6.82615553384129
2019-06-23,6.81615147499004
2019-06-24,6.80421888433879
2019-06-25,6.77382142059901
2019-06-26,6.78100682753615
2019-06-27,6.76077842715552
2019-06-28,6.73238717079289
2019-06-29,6.71060299547442
2019-06-30,6.69307246643053
2019-07-01,6.68593307811392
2019-07-02,6.6805514178534
2019-07-03,6.67193719497297
2019-07-04,6.66580780116269
2019-07-05,6.65814098014713
2019-07-06,6.65314441418421
2019-07-07,6.64662951603384
2019-07-08,6.62282928713229
2019-07-09,6.61991616315022
2019-07-10,6.61831423994305
2019-07-11,6.58948347543777
2019-07-12,6.55676775338881
2019-07-13,6.54371605662015
2019-07-14,6.52377170649384
2019-07-15,6.48743182233436
2019-07-16,6.49469671824855
2019-07-17,6.57726126734748
2019-07-18,6.58432479219921
2019-07-19,6.59258995940845
2019-07-20,6.59294179397568
2019-07-21,6.59374553828616
2019-07-22,6.59873355116028
2019-07-23,6.60530447520608
2019-07-24,6.59092771111023
2019-07-25,6.60165488603362
2019-07-26,6.60092639161733
2019-07-27,6.60136710754899
2019-07-28,6.60028855254483
2019-07-29,6.60538698921297
2019-07-30,6.60303135114281
2019-07-31,6.60361951394664
2019-08-01,6.60522347990361
2019-08-02,6.56989141684784
2019-08-03,6.05949960529782
2019-08-04,6.30008930123444
2019-08-05,6.29585681183394
2019-08-06,6.37394660209865
2019-08-07,6.39177133219097
2019-08-08,6.39835583858001
2019-08-09,6.40381407169048
2019-08-10,6.38248380264762
2019-08-11,6.50408265933245
2019-08-12,6.58227627852537
2019-08-13,6.587636467912
2019-08-14,6.60780690894868
2019-08-15,6.5987701592521
2019-08-16,6.59843665525853
2019-08-17,6.64608339000226
2019-08-18,6.6627733153227
2019-08-19,6.636386705374
2019-08-20,6.66950165432433
2019-08-21,6.69178197236729
2019-08-22,6.70290931328522
2019-08-23,6.69562160230982
2019-08-24,6.69417431390579
2019-08-25,6.67328104758056
2019-08-26,6.68592689352685
2019-08-27,6.67762591540794
2019-08-28,6.67929850405245
2019-08-29,6.70722765502216
2019-08-30,6.6299763417467
2019-08-31,6.68106744677551
2019-09-01,6.6977188271479
2019-09-02,6.68486931614574
2019-09-03,6.6945686710903
2019-09-04,6.72837601121851
2019-09-05,6.74708363210591
2019-09-06,6.75181181421632
2019-09-07,6.80754080603214
2019-09-08,6.87673503995818
2019-09-09,6.94415393598633
2019-09-10,6.97716894831158
2019-09-11,6.9867982630527
2019-09-12,6.99226849246988
2019-09-13,6.99345621781068
2019-09-14,7.02202815613708
2019-09-15,7.06398947505288
2019-09-16,7.07264642885057
2019-09-17,7.0787365753264
2019-09-18,7.0847302269327
2019-09-19,7.09093153460487
2019-09-20,7.15380737966482
2019-09-21,7.16231502604514
2019-09-22,7.17414318708328
2019-09-23,7.21444218650231
2019-09-24,7.28003708481341
2019-09-25,7.29770092952094
2019-09-26,7.10591344263901
2019-09-27,7.0940928831374
2019-09-28,7.11197140236951
2019-09-29,7.03109324438109
2019-09-30,7.27800064288024
2019-10-01,7.27124364458864
2019-10-02,7.27276709628405
2019-10-03,7.27533443087399
2019-10-04,7.26895362655172
2019-10-05,7.25156753398356
2019-10-06,7.20916788793339
2019-10-07,7.05518111256453
2019-10-08,7.02818256050089
2019-10-09,6.96049337788696
2019-10-10,6.89615501803452
2019-10-11,6.93383429049595
2019-10-12,6.9030766312765
2019-10-13,6.94257914527793
2019-10-14,7.03588192831812
2019-10-15,7.08581794807819
2019-10-16,6.66831318250478
2019-10-17,6.76022891440492
2019-10-18,6.83425718236631
2019-10-19,7.03009163853977
2019-10-20,6.89893706486017
2019-10-21,6.72761888504535
2019-10-22,6.7083981942011
2019-10-23,6.59543484805245
2019-10-24,6.2836266796045
2019-10-25,6.02275490206851
2019-10-26,5.97695463228271
2019-10-27,5.72049065367139
2019-10-28,5.69840093364034
2019-10-29,5.65498952015076
2019-10-30,5.57768152096168
2019-10-31,5.56390974893308
2019-11-01,5.59405256634667
2019-11-02,5.50302038497189
2019-11-03,5.33582794758579
2019-11-04,5.2652220141498
2019-11-05,5.30643965392522
2019-11-06,5.12660535458111
2019-11-07,5.12790456016705
2019-11-08,5.2043555741072
2019-11-09,5.23605556110522
2019-11-10,5.28432551181565
2019-11-11,5.34681689318904
2019-11-12,5.41042010347982
2019-11-13,5.42387289270801
2019-11-14,5.51137243041717
2019-11-15,5.47033415452207
2019-11-16,5.48336384659362
2019-11-17,5.40085451549559
2019-11-18,5.5349297583218
2019-11-19,6.14629753152045
2019-11-20,6.72392741995431
2019-11-21,6.75443049486817
2019-11-22,6.73812366379094
2019-11-23,6.73529122522204
2019-11-24,6.71636909273415
2019-11-25,6.6625035594047
2019-11-26,6.58525080133484
2019-11-27,6.47062682572264
2019-11-28,6.07556111350352
2019-11-29,5.48314680794413
2019-11-30,5.3291198834129
2019-12-01,5.23732310746397
2019-12-02,4.87481730171804
2019-12-03,4.88020063518138
2019-12-04,4.14114403379136
2019-12-05,4.00650789882198
2019-12-06,3.95383877754211
2019-12-07,3.96966091791789
2019-12-08,3.98389372749934
2019-12-09,3.9287272268726
2019-12-10,3.96017884439038
2019-12-11,3.98072013258934
2019-12-12,3.90309849617973
2019-12-13,3.91973873168703
2019-12-14,3.81967387043062
2019-12-15,3.83582342863083
2019-12-16,3.80621223449707
2019-12-17,3.94858733245305
2019-12-18,3.81973260540073
2019-12-19,3.89945012027934
2019-12-20,3.8449585801464
2019-12-21,3.85834816296895
2019-12-22,3.9543204108874
2019-12-23,3.80273704131444
2019-12-24,3.87332038084666
2019-12-25,3.84598705371221
2019-12-26,3.85112593571345
2019-12-27,3.85032037893931
2019-12-28,3.76329260269801
2019-12-29,3.77648703654607
2019-12-30,3.77101481755575
2019-12-31,3.87512594064077
2020-01-01,4.08687497652494
2020-01-02,4.12095189828139
2020-01-03,4.25738343771766
2020-01-04,4.21770206619711
2020-01-05,4.20102597706353
2020-01-06,4.15576552277181
2020-01-07,5.21656005990272
2020-01-08,5.22964573352136
2020-01-09,5.23503545288728
2020-01-10,5.22513657920765
2020-01-11,5.35291604099111
2020-01-12,5.48822374198273
2020-01-13,5.4863690328962
2020-01-14,5.44665162692698
2020-01-15,5.44456390077754
2020-01-16,5.46068480159297
2020-01-17,5.96482537054891
2020-01-18,6.02598380804062
2020-01-19,6.01449330770052
2020-01-20,6.39962631500129
2020-01-21,6.45211166155707
2020-01-22,6.40726312815425
2020-01-23,6.31053912757181
2020-01-24,5.49350666291373
2020-01-25,5.54760028879111
2020-01-26,5.41584782563295
2020-01-27,5.40605895292652
2020-01-28,5.38744066772736
2020-01-29,5.31258271424529
2020-01-30,5.23235429654002
2020-01-31,5.16397065378764
2020-02-01,5.01536399356849
2020-02-02,5.05796051161722
2020-02-03,4.98453645165233
2020-02-04,4.79847708523274
2020-02-05,4.70957364142492
2020-02-06,4.53510391929633
2020-02-07,4.37532904858053
2020-02-08,4.25632407800077
2020-02-09,4.22737427256906
2020-02-10,4.1981739297922
2020-02-11,4.19242397163072
2020-02-12,4.21871322471234
2020-02-13,4.1548729621408
2020-02-14,4.24887769610921
2020-02-15,4.24384847389031
2020-02-16,4.26129295636324
2020-02-17,4.24500678751498
2020-02-18,4.16862034705605
2020-02-19,4.16547780232327
2020-02-20,4.17519852736353
2020-02-21,4.23700547573458
2020-02-22,4.28634846383056
2020-02-23,4.31456235005073
2020-02-24,4.31213302178068
2020-02-25,4.30301588377971
2020-02-26,4.29346092286561
2020-02-27,4.37768180574059
2020-02-28,4.34008776234117
2020-02-29,4.33278773832831
2020-03-01,4.30279848550885
2020-03-02,4.29391019108282
2020-03-03,4.24281561833404
2020-03-04,4.28286110026838
2020-03-05,4.27215887690567
2020-03-06,4.30131127260553
2020-03-07,4.31126306733756
2020-03-08,4.29169606076832
2020-03-09,4.26929913366078
2020-03-10,4.23461949548495
2020-03-11,4.22588727461853
2020-03-12,4.23731324023718
2020-03-13,4.23602296901539
2020-03-14,4.19029211219945
2020-03-15,4.24850117884426
2020-03-16,4.25092981672519
2020-03-17,4.25786470824375
2020-03-18,4.28268153295257
2020-03-19,4.2686151507607
2020-03-20,4.23016058111963
2020-03-21,4.37143914318398
2020-03-22,4.31553484547703
2020-03-23,4.41086444385622
2020-03-24,4.4333224340501
2020-03-25,4.43826231398404
2020-03-26,4.43018609430917
2020-03-27,4.49118117130263
2020-03-28,4.49769769948876
2020-03-29,4.49579604213741
2020-03-30,4.5048092463461
2020-03-31,4.50509209212637
2020-04-01,4.52575351716071
2020-04-02,4.52028365622916
2020-04-03,4.52305277622844
2020-04-04,4.52240312022787
2020-04-05,4.52937598939561
2020-04-06,4.52314049937865
2020-04-07,4.51779069170872
2020-04-08,4.60100751625775
2020-04-09,4.6499322125609
2020-04-10,4.67939337500678
2020-04-11,4.68609474744012
2020-04-12,4.6950173248641
2020-04-13,4.70252607704648
2020-04-14,4.67764383928953
2020-04-15,4.68902940407916
2020-04-16,4.67435751483956
2020-04-17,4.70485979522728
2020-04-18,4.73957911120109
2020-04-19,4.76084683367641
2020-04-20,4.81304755728252
2020-04-21,4.85036395348626
2020-04-22,4.85728668403904
2020-04-23,4.88107600564734
2020-04-24,4.89522203648749
2020-04-25,4.93272671867635
2020-04-26,4.97934177147928
2020-04-27,5.01459436326221
2020-04-28,5.05580579435473
2020-04-29,5.09608572768123
2020-04-30,5.16292774452293
2020-05-01,5.22601662858453
2020-05-02,5.31617472457579
2020-05-03,5.43505098268192
2020-05-04,5.56936945038609
2020-05-05,5.77115620722588
2020-05-06,5.96381196401938
2020-05-07,6.15888295612909
2020-05-08,6.42103242791201
2020-05-09,6.59346876100391
2020-05-10,6.76957193454718
2020-05-11,6.91606717372056
2020-05-12,6.96611015400583
2020-05-13,7.08228635205192
2020-05-14,7.18030075895491
2020-05-15,7.23087297045292
2020-05-16,7.36754856048972
2020-05-17,7.40718307069421
2020-05-18,7.49916669624842
2020-05-19,7.49406743338681
2020-05-20,7.49587384978928
2020-05-21,7.50165795931444
2020-05-22,7.48866187536763
2020-05-23,7.5001579518735
2020-05-24,7.4909230885374
2020-05-25,7.48782060793945
2020-05-26,7.48548386853039
2020-05-27,7.47556423936395
2020-05-28,7.44966756066332
2020-05-29,7.43419135124025
2020-05-30,7.42674533869299
2020-05-31,7.41516747707235
2020-06-01,7.38028913447761
2020-06-02,7.34786027448448
2020-06-03,7.3186789840168
2020-06-04,7.30769692347163
2020-06-05,7.2814789408339
2020-06-06,7.26160818012247
2020-06-07,7.25572908950227
2020-06-08,7.20631682566461
2020-06-09,7.18838024797697
2020-06-10,7.17435832608685
2020-06-11,7.15170035922432
2020-06-12,7.13038471709751
2020-06-13,7.14982883414302
2020-06-14,7.14424882030607
2020-06-15,7.12403160666195
2020-06-16,7.11103595298713
2020-06-17,7.07869301034908
2020-06-18,7.07667866912193
2020-06-19,7.05562754258653
2020-06-20,7.06575333463732
2020-06-21,7.05740135172486
2020-06-22,7.06217625993452
2020-06-23,7.00736573360288
2020-06-24,6.972407395249
2020-06-25,6.98657288128455
2020-06-26,6.95638216972857
2020-06-27,6.89213502301509
2020-06-28,6.92853415880385
2020-06-29,6.93298716367668
2020-06-30,6.9380244463169
2020-07-01,6.94064125186678
2020-07-02,6.93532573409353
2020-07-03,6.94248830357555
2020-07-04,6.94642559854475
2020-07-05,6.94353983218829
2020-07-06,6.93100512995497
2020-07-07,6.92863788367523
2020-07-08,6.91504696375035
2020-07-09,6.92037343509903
2020-07-10,6.91582698806523
2020-07-11,6.91415255730186
2020-07-12,6.92256601273653
2020-07-13,6.90752675387789
2020-07-14,6.88508923755161
2020-07-15,6.87521902094581
2020-07-16,6.88485072571436
2020-07-17,6.87695954791417
2020-07-18,6.87610551353936
2020-07-19,6.88181962488321
2020-07-20,6.83030301653092
2020-07-21,6.84150539457613
2020-07-22,6.83702535735927
2020-07-23,6.79845735359347
2020-07-24,6.77245162712063
2020-07-25,6.75564125988426
2020-07-26,6.76767162866122
2020-07-27,6.77234184771338
2020-07-28,6.7789154603994
2020-07-29,6.78601580335355
2020-07-30,6.79299212330943
2020-07-31,6.81010009817968
2020-08-01,6.78887082702518
2020-08-02,6.78856880873942
2020-08-03,6.80395807585722
2020-08-04,6.81234985766713
2020-08-05,6.80253109930056
2020-08-06,6.80109081647828
2020-08-07,6.79605950120261
2020-08-08,6.78949175835097
2020-08-09,6.82247998760896
2020-08-10,6.83122420592533
2020-08-11,6.83311016992873
2020-08-12,6.83142934423745
2020-08-13,6.83748085425799
2020-08-14,6.84925264046575
2020-08-15,6.8472272245223
2020-08-16,6.85199045487767
2020-08-17,6.85677083411117
2020-08-18,6.87747780783028
2020-08-19,6.88912275695233
2020-08-20,6.8551992152603
2020-08-21,6.84614202001218
2020-08-22,6.90803629907284
2020-08-23,6.84529463059841
2020-08-24,6.86654281726532
2020-08-25,6.80209462764315
2020-08-26,6.82882975958214
2020-08-27,6.83141206050961
2020-08-28,6.85570314944086
2020-08-29,6.88379977616948
2020-08-30,6.96872162010171
2020-08-31,7.00276133502221
2020-09-01,6.99904154079252
2020-09-02,7.00613512192227
2020-09-03,6.97867521374013
2020-09-04,6.96416005868765
2020-09-05,6.96640748109351
2020-09-06,7.00526630594807
2020-09-07,7.03459730494022
2020-09-08,7.04142554085819
2020-09-09,7.03359614970962
2020-09-10,7.03796947441711
2020-09-11,7.04174599025889
2020-09-12,7.04612653112771
2020-09-13,7.04662213050529
2020-09-14,7.0884058253706
2020-09-15,7.11981779191938
2020-09-16,7.13189922788113
2020-09-17,7.14600440667096
2020-09-18,7.14834757539636
2020-09-19,7.13730785911353
2020-09-20,7.16704323479285
2020-09-21,7.22732231726606
2020-09-22,7.28273049706186
2020-09-23,7.29171102981895
2020-09-24,7.33539040073849
2020-09-25,7.3914282521391
2020-09-26,7.41403015508522
2020-09-27,7.43474612965123
2020-09-28,7.48073345379707
2020-09-29,7.50819343532129
2020-09-30,7.60264639577446
2020-10-01,7.69368643291239
2020-10-02,7.73074409694647
2020-10-03,7.7687712378713
2020-10-04,7.79120879251259
2020-10-05,7.83545693031902
2020-10-06,7.85274203956208
2020-10-07,7.86256933959157
2020-10-08,7.86296300138344
2020-10-09,7.94875462628338
2020-10-10,7.91822878293827
2020-10-11,7.8766618533288
2020-10-12,7.89976265527882
2020-10-13,7.86108749983366
2020-10-14,7.90934357679821
2020-10-15,7.8336810335796
2020-10-16,7.74405384411996
2020-10-17,7.53338110320514
2020-10-18,7.40479001954438
2020-10-19,7.22236428742733
2020-10-20,7.10331489349101
2020-10-21,6.66723985725132
2020-10-22,6.46379521007197
2020-10-23,6.10037106668995
2020-10-24,5.86162280881975
2020-10-25,5.7552362342709
2020-10-26,5.71994466209752
2020-10-27,5.47652215703322
2020-10-28,5.33033022910744
2020-10-29,5.32047378032483
2020-10-30,5.26398234372181
2020-10-31,5.24456862327421
2020-11-01,5.10075547083727
2020-11-02,4.98059680770966
2020-11-03,4.94072644849876
2020-11-04,4.93477878478117
2020-11-05,4.91228895030874
2020-11-06,5.01359700670048
2020-11-07,5.11329095198376
2020-11-08,5.20284860642642
2020-11-09,5.35123426558936
2020-11-10,5.26365948326755
2020-11-11,5.05742023292395
2020-11-12,5.17007507015677
2020-11-13,5.33002251470593
2020-11-14,5.31896878802166
2020-11-15,5.34879652080525
2020-11-16,5.36757678484888
2020-11-17,5.30239526350548
2020-11-18,5.2935081940458
2020-11-19,5.93591769613308
2020-11-20,6.80942306400817
2020-11-21,6.86865267474136
2020-11-22,6.82610382587452
2020-11-23,6.84517046056613
2020-11-24,6.82957857513428
2020-11-25,6.77248352887679
2020-11-26,6.74220323079341
2020-11-27,6.39927404577082
2020-11-28,6.22519750065274
2020-11-29,4.5211678781817
2020-11-30,4.1794313788414
2020-12-01,4.12036886811256
2020-12-02,3.90853343290441
2020-12-03,3.6440236007466
2020-12-04,3.4882323958657
2020-12-05,3.56061119238536
2020-12-06,3.65903516819603
2020-12-07,3.63347229361534
2020-12-08,3.73062507311503
2020-12-09,3.55901242185522
2020-12-10,3.59978502796542
2020-12-11,3.55041672966697
2020-12-12,3.66847833343174
2020-12-13,3.65431166213492
2020-12-14,3.670616009961
2020-12-15,3.5916667358548
2020-12-16,3.66967486753696
2020-12-17,3.69272365221163
2020-12-18,3.60503093843107
2020-12-19,3.60466056841391
2020-12-20,3.62796303519496
2020-12-21,3.68934946927157
2020-12-22,3.70213733586398
2020-12-23,3.61570495572583
2020-12-24,3.65464781098447
2020-12-25,3.58485639506373
2020-12-26,3.56939662736038
2020-12-27,3.72131419181824
2020-12-28,3.56925540274762
2020-12-29,3.66310615973039
2020-12-30,3.66310615973039
2020-12-31,3.70601861344443
2021-01-01,3.6540351729644
2021-01-02,3.70000008838933
2021-01-03,4.1840742164188
2021-01-04,4.1840742164188
2021-01-05,4.51174712181091
2021-01-06,3.6817949460103
2021-01-07,3.6817949460103
2021-01-08,3.90744940134195
2021-01-09,3.94217501878738
2021-01-10,4.33012863567897
2021-01-11,4.10078671773275
2021-01-12,4.16267444406237
2021-01-13,4.34005349257897
2021-01-14,4.11793779625612
2021-01-15,4.56356980215828
2021-01-16,4.70217827813966
2021-01-17,5.09038971802768
2021-01-18,5.17367055105127
2021-01-19,5.18464930292586
2021-01-20,5.20536851551798
2021-01-21,5.06754806258462
2021-01-22,5.87931805723327
2021-01-23,5.21790449717377
2021-01-24,4.96833554522132
2021-01-25,5.25901487396985
2021-01-26,5.33170103613786
2021-01-27,5.30674920679808
2021-01-28,5.33430782821528
2021-01-29,5.23131398397899
2021-01-30,5.15452187815937
2021-01-31,5.16258477690156
2021-02-01,4.97504755748599
2021-02-02,4.81935505056188
2021-02-03,4.77384031722973
2021-02-04,4.67527563377347
2021-02-05,4.54162264612301
2021-02-06,4.44737208369993
2021-02-07,4.37957341917846
2021-02-08,4.37371635097636
2021-02-09,4.39849427861538
2021-02-10,4.40991126942488
2021-02-11,4.37907176570985
2021-02-12,4.37059615605085
2021-02-13,4.3359731423584
2021-02-14,4.29822553580595
2021-02-15,4.29567240482527
2021-02-16,4.2898872597273
2021-02-17,4.27259076818376
2021-02-18,4.25783685258814
2021-02-19,4.24809594126428
2021-02-20,4.23344868582907
2021-02-21,4.26289013961043
2021-02-22,4.26553219814438
2021-02-23,4.29420529789329
2021-02-24,4.25135338318876
2021-02-25,4.21517202119286
2021-02-26,4.21070045440885
2021-02-27,4.17194534246837
2021-02-28,4.1484047556506
2021-03-01,4.13117489842536
2021-03-02,4.12061196165954
2021-03-03,4.09522173879502
2021-03-04,4.08124514323573
2021-03-05,4.03645636489037
2021-03-06,4.02192145463492
2021-03-07,4.01757508604498
2021-03-08,4.03960499054839
2021-03-09,4.03116341112099
2021-03-10,4.03780121502012
2021-03-11,4.04892158945045
2021-03-12,4.05145216141568
2021-03-13,4.04840942147369
2021-03-14,4.032214065851
2021-03-15,4.10740274381147
2021-03-16,4.13019472399053
2021-03-17,4.13654626323958
2021-03-18,4.13451850134103
2021-03-19,4.12846960672085
2021-03-20,4.13936244522778
2021-03-21,4.14566939048974
2021-03-22,4.19945600519282
2021-03-23,4.19438532960293
2021-03-24,4.18698491495981
2021-03-25,4.18268541002545
2021-03-26,4.18276401347691
2021-03-27,4.17253472019185
2021-03-28,4.1595167163673
2021-03-29,4.16399719484899
2021-03-30,4.25358471656705
2021-03-31,4.28603700189817
2021-04-01,4.30098436215702
2021-04-02,4.29423661053519
2021-04-03,4.56820021193694
2021-04-04,4.5837491191886
2021-04-05,4.58922537712625
2021-04-06,4.56161178221576
2021-04-07,4.57521798144047
2021-04-08,4.58216994783327
2021-04-09,4.60050164437131
2021-04-10,4.61425558083174
2021-04-11,4.64277812035802
2021-04-12,4.68358732513318
2021-04-13,4.69942542941202
2021-04-14,4.71963041378707
2021-04-15,4.72184267148623
2021-04-16,4.73953011434867
2021-04-17,4.76318041377724
2021-04-18,4.77179972399671
2021-04-19,4.77929941216933
2021-04-20,4.78963733528155
2021-04-21,4.80044725271289
2021-04-22,4.81702078746764
2021-04-23,4.84194959713003
2021-04-24,4.88742596425152
2021-04-25,4.93758247093666
2021-04-26,4.9697850369952
2021-04-27,5.00620524339198
2021-04-28,5.04103041357992
2021-04-29,5.08776094148541
2021-04-30,5.16406111880938
2021-05-01,5.2383364392861
2021-05-02,5.32388639160251
2021-05-03,5.42115923150142
2021-05-04,5.53797037169609
2021-05-05,5.64476377764068
2021-05-06,5.79847458638865
2021-05-07,6.0095657640742
2021-05-08,6.20605820051096
2021-05-09,6.38593948583904
2021-05-10,6.59429032886951
2021-05-11,6.76708822305946
2021-05-12,6.94973437168509
2021-05-13,7.00054251671942
2021-05-14,7.07412057556048
2021-05-15,7.13504731357138
2021-05-16,7.17278587475972
2021-05-17,7.23345047969041
2021-05-18,7.28443795498363
2021-05-19,7.31584513762545
2021-05-20,7.354203563642
2021-05-21,7.37746427612744
2021-05-22,7.39508311687155
2021-05-23,7.38574995229036
2021-05-24,7.38967068597262
2021-05-25,7.40201980029419
2021-05-26,7.39458072042736
2021-05-27,7.3974998025185
2021-05-28,7.39965700089716
2021-05-29,7.39838483567225
2021-05-30,7.36877028071853
2021-05-31,7.29836768005463
2021-06-01,7.27053520609567
2021-06-02,7.23416236563465
2021-06-03,7.35072949886322
2021-06-04,7.33907914735132
2021-06-05,7.32584489649735
2021-06-06,7.32194815390694
2021-06-07,7.29008520954728
2021-06-08,7.23236091896265
2021-06-09,7.25212159750868
2021-06-10,7.24256048321708
2021-06-11,7.22049801780418
2021-06-12,7.21695318891591
2021-06-13,7.21130655992022
2021-06-14,7.17282615799655
2021-06-15,7.07595935600868
2021-06-16,7.04545916738249
2021-06-17,7.04520757171853
2021-06-18,7.02718636969545
2021-06-19,7.03791629432219
2021-06-20,7.02348743681637
2021-06-21,7.0088158685951
2021-06-22,6.99816017116154
2021-06-23,6.9794576142937
2021-06-24,6.94055319579179
2021-06-25,6.9581477710287
2021-06-26,6.94865067046454
2021-06-27,6.90865541915823
2021-06-28,6.90257045508582
2021-06-29,6.91797964866653
2021-06-30,6.9055006484167
2021-07-01,6.8763062091866
2021-07-02,6.84372457341126
2021-07-03,6.79449288537888
2021-07-04,6.76691198641846
2021-07-05,6.76595252942419
2021-07-06,6.7697266924297
2021-07-07,6.76177531775605
2021-07-08,6.7568072305522
2021-07-09,6.7432385688649
2021-07-10,6.73481703484727
2021-07-11,6.71823571297406
2021-07-12,6.71892239531921
2021-07-13,6.72103508682185
2021-07-14,6.72702628585469
2021-07-15,6.6918559824941
2021-07-16,6.68433660931232
2021-07-17,6.67585851275007
2021-07-18,6.67767446820301
2021-07-19,6.67446935021766
2021-07-20,6.66730894468061
2021-07-21,6.66060498706543
2021-07-22,6.65514248325749
2021-07-23,6.61707292701738
2021-07-24,6.61625933433031
2021-07-25,6.63052928774421
2021-07-26,6.65191638220047
2021-07-27,6.67458625724541
2021-07-28,6.71767185655482
2021-07-29,6.70530921180227
2021-07-30,6.70774105603703
2021-07-31,6.69036318836343
2021-08-01,6.69596513100199
2021-08-02,6.67592413849047
2021-08-03,6.67138230444054
2021-08-04,6.6373612283289
2021-08-05,6.74298813419539
2021-08-06,6.74946044354432
2021-08-07,6.74854572054211
2021-08-08,6.73263194774909
2021-08-09,6.72792025789728
2021-08-10,6.75558966679773
2021-08-11,6.78666278358235
2021-08-12,6.78743881406136
2021-08-13,6.67896235770683
2021-08-14,6.69055365353341
2021-08-15,6.72661041934269
2021-08-16,6.71400559366045
2021-08-17,6.72986673901563
2021-08-18,6.72959429563296
2021-08-19,6.70095484431795
2021-08-20,6.65145372767602
2021-08-21,6.66804632418541
2021-08-22,6.67558605049044
2021-08-23,6.68434942574201
2021-08-24,6.71021020541264
2021-08-25,6.75811702058685
2021-08-26,6.78236033174236
2021-08-27,6.81269567247611
2021-08-28,6.81602042418728
2021-08-29,6.82113378566173
2021-08-30,6.78760467816199
2021-08-31,6.79225153909338
2021-09-01,6.79502979128511
2021-09-02,6.82069093266861
2021-09-03,6.79997095631229
2021-09-04,6.82591262308008
2021-09-05,6.85142385314665
2021-09-06,6.89544246376304
2021-09-07,6.93713935515962
2021-09-08,6.9643109956522
2021-09-09,6.91405448880045
2021-09-10,6.92575008713555
2021-09-11,6.92258888951904
2021-09-12,6.91509014426295
2021-09-13,6.90092679992911
2021-09-14,6.87604535071463
2021-09-15,6.860407701055
2021-09-16,6.92845294656723
2021-09-17,7.04805437506506
2021-09-18,7.07086264229302
2021-09-19,7.06354554019136
2021-09-20,7.08429963791135
2021-09-21,7.08262157819808
2021-09-22,7.03248347691543
2021-09-23,7.00928113458168
2021-09-24,6.97658819277649
2021-09-25,6.97756071386837
2021-09-26,7.0008450165818
2021-09-27,6.99984237445437
2021-09-28,6.97563677013337
2021-09-29,7.00029436062437
2021-09-30,6.98439195283851
2021-10-01,6.98055256290057
2021-10-02,6.9995192080147
2021-10-03,6.97523482374803
2021-10-04,6.99522277162786
2021-10-05,7.27715054958747
2021-10-06,7.34678143345001
2021-10-07,7.34231664879195
2021-10-08,7.25855307404602
2021-10-09,7.30063685064724
2021-10-10,7.38587772146635
2021-10-11,7.32028428951814
2021-10-12,7.24308087991744
2021-10-13,7.12244698216123
2021-10-14,7.08784389205261
2021-10-15,7.05222422881755
2021-10-16,7.0707484554202
2021-10-17,7.08286816619501
2021-10-18,7.03364578040593
2021-10-19,6.8467114203361
2021-10-20,6.8228552966765
2021-10-21,6.70282924540619
2021-10-22,6.43245948152956
2021-10-23,6.45467492813935
2021-10-24,6.4177941498292
2021-10-25,6.40454141927121
2021-10-26,6.37327560153921
2021-10-27,6.17908934317986
2021-10-28,6.17858866548931
2021-10-29,6.22551199785541
2021-10-30,6.27783434869982
2021-10-31,6.00991155460952
2021-11-01,5.76248208097037
2021-11-02,5.62329420526492
2021-11-03,5.63029449759846
2021-11-04,5.49774178622891
2021-11-05,5.40239458394338
2021-11-06,5.35876914684387
2021-11-07,5.31480108736664
2021-11-08,5.11945857405462
2021-11-09,5.12124544309976
2021-11-10,5.19121205215155
2021-11-11,5.50188606042585
2021-11-12,5.65823246227822
2021-11-13,6.17745628828982
2021-11-14,6.17255253500717
2021-11-15,6.19780228105865
2021-11-16,6.25269538356412
2021-11-17,6.26597142219544
2021-11-18,6.2751544717258
2021-11-19,6.2606597537279
2021-11-20,6.61924241570865
2021-11-21,6.65903951899322
2021-11-22,6.74591644296841
2021-11-23,6.8129046897511
2021-11-24,6.78603575300584
2021-11-25,6.80419559292979
2021-11-26,6.75616238424975
2021-11-27,6.6899697149204
2021-11-28,6.65325604520274
2021-11-29,6.63874900997232
2021-11-30,6.64375851631165
2021-12-01,6.61109491327813
2021-12-02,5.77916008744921
2021-12-03,5.1522819760405
2021-12-04,5.10409259184813
2021-12-05,4.79257420639494
2021-12-06,4.7613068446517
2021-12-07,4.60485814809799
2021-12-08,4.64077481428782
2021-12-09,4.52207310616024
2021-12-10,4.53439149548931
2021-12-11,4.46311844189962
2021-12-12,4.46467399597168
2021-12-13,4.47054135994833
2021-12-14,4.50456344683965
2021-12-15,4.53658580354282
2021-12-16,4.62913107035453
2021-12-17,4.50667465743372
2021-12-18,4.44998163443345
2021-12-19,4.43400726318359
2021-12-20,4.43400726318359
2021-12-21,4.36607351899147
2021-12-22,4.29978024013459
2021-12-23,4.34413468837738
2021-12-24,4.31623065471649
2021-12-25,4.30463419694167
2021-12-26,4.24246675784771
2021-12-27,4.24131291462825
2021-12-28,4.24555218219757
2021-12-29,4.06122976238445
2021-12-30,4.05159815549851
2021-12-31,4.09674983554416
2022-01-01,4.17065539865783
2022-01-02,4.20281896871679
2022-01-03,4.15255084904757
2022-01-04,4.16830842061476
2022-01-05,4.12791039830162
2022-01-06,4.15382084846497
2022-01-07,4.2358208656311
2022-01-08,4.30632670957651
2022-01-09,4.63324293842563
2022-01-10,6.12033744844107
2022-01-11,6.43486375519724
2022-01-12,6.42550670507863
2022-01-13,6.43739704948085
2022-01-14,6.42737028170855
2022-01-15,6.48403937587693
2022-01-16,6.57427883313475
2022-01-17,6.63244239455129
2022-01-18,6.63916803971349
2022-01-19,6.68021499040057
2022-01-20,6.65312313605211
2022-01-21,6.71619359850353
2022-01-22,6.70361732422936
2022-01-23,6.68778963375006
2022-01-24,6.54778116187417
2022-01-25,5.88039798385746
2022-01-26,5.70053653075145
2022-01-27,5.61061078367325
2022-01-28,5.63600050507043
2022-01-29,5.45496241623071
2022-01-30,5.46400065122671
2022-01-31,5.40182189298055
2022-02-01,5.3838183364644
2022-02-02,5.36900081887769
2022-02-03,5.28767351658164
2022-02-04,5.15724431762471
2022-02-05,5.09070149430951
2022-02-06,4.97670245246714
2022-02-07,4.9169580388903
2022-02-08,4.76757803134818
2022-02-09,4.73972969487085
2022-02-10,4.7219200700336
2022-02-11,4.67468627371636
2022-02-12,4.60234331007311
2022-02-13,4.50354534974682
2022-02-14,4.47572217584392
2022-02-15,4.47779569593366
2022-02-16,4.43478508883527
2022-02-17,4.40262802661935
2022-02-18,4.38672143618426
2022-02-19,4.35541200719046
2022-02-20,4.34236658342338
2022-02-21,4.33258256809925
2022-02-22,4.31885175473312
2022-02-23,4.31227293560126
2022-02-24,4.31031896928767
2022-02-25,4.35134266322672
2022-02-26,4.36005134493577
2022-02-27,4.24902241615158
2022-02-28,4.20997342365737
2022-03-01,4.18817139872688
2022-03-02,4.20551068050211
2022-03-03,4.18235413752318
2022-03-04,4.18297765501001
2022-03-05,4.17499797504776
2022-03-06,4.15380743492071
2022-03-07,4.15465328155
2022-03-08,4.15656063368503
2022-03-09,4.14366126305191
2022-03-10,4.15938996769412
2022-03-11,4.16608669064485
2022-03-12,4.18005348369667
2022-03-13,4.16188505514555
2022-03-14,4.16873435321504
2022-03-15,4.14985841901451
2022-03-16,4.12305048442847
2022-03-17,4.13630190256104
2022-03-18,4.14394257952994
2022-03-19,4.13325723583573
2022-03-20,4.10577827740571
2022-03-21,4.09004211780408
2022-03-22,4.07877633602171
2022-03-23,3.98335742880569
2022-03-24,3.94847544430167
2022-03-25,3.98903020664122
2022-03-26,4.01692566716613
2022-03-27,4.06264743630269
2022-03-28,4.0331203303406
2022-03-29,4.01302092061625
2022-03-30,4.05145923012359
2022-03-31,4.05398371405938
2022-04-01,4.06397615731285
2022-04-02,4.03671773583255
2022-04-03,4.06490581703741
2022-04-04,4.11607977055195
2022-04-05,4.15483613155831
2022-04-06,4.21295258430051
2022-04-07,4.27152166527321
2022-04-08,4.3922381297951
2022-04-09,4.4139791542741
2022-04-10,4.55265692042517
2022-04-11,4.5543513573782
2022-04-12,4.56054943740204
2022-04-13,4.57689407918356
2022-04-14,4.57868125412455
2022-04-15,4.58266673723602
2022-04-16,4.58111086284667
2022-04-17,4.58277902371706
2022-04-18,4.59279628061512
2022-04-19,4.60107520091539
2022-04-20,4.60792900786645
2022-04-21,4.61533962226224
2022-04-22,4.60932043581414
2022-04-23,4.62873874023707
2022-04-24,4.6376470814164
2022-04-25,4.64644749863178
2022-04-26,4.67028014404307
2022-04-27,4.68523296752533
2022-04-28,4.71445469925744
2022-04-29,4.7564488784381
2022-04-30,4.78736699594163
2022-05-01,4.81527166280311
2022-05-02,4.83072326366444
2022-05-03,4.88232587624578
2022-05-04,4.94918767218508
2022-05-05,5.01640529991443
2022-05-06,5.09581074780329
2022-05-07,5.25204162593171
2022-05-08,5.48546578658186
2022-05-09,5.72615863519012
2022-05-10,5.88172803021991
2022-05-11,6.07391001819461
2022-05-12,6.31989482189752
2022-05-13,6.64563434394233
2022-05-14,6.71606627556134
2022-05-15,6.86882882322707
2022-05-16,6.95768760208971
2022-05-17,7.01765794670896
2022-05-18,7.07103258630785
2022-05-19,7.08019151070558
2022-05-20,7.17277253938736
2022-05-21,7.24862599395203
2022-05-22,7.26885712098057
2022-05-23,7.32807193540422
2022-05-24,7.3700660846809
2022-05-25,7.3884130388738
2022-05-26,7.39641875996786
2022-05-27,7.43292183383323
2022-05-28,7.44407636163949
2022-05-29,7.47257074284016
2022-05-30,7.48993019268738
2022-05-31,7.50012917600072
2022-06-01,7.51889326732714
2022-06-02,7.53223346722315
2022-06-03,7.54065007655178
2022-06-04,7.53763334666663
2022-06-05,7.52411717587311
2022-06-06,7.48773504634362
2022-06-07,7.43601185193629
2022-06-08,7.39280108118789
2022-06-09,7.33777154753448
2022-06-10,7.30552610470863
2022-06-11,7.28166409872853
2022-06-12,7.25171959830257
2022-06-13,7.19135092852547
2022-06-14,7.14489590213045
2022-06-15,7.07590450637841
2022-06-16,7.00922614380492
2022-06-17,6.94825819394693
2022-06-18,6.92485554931674
2022-06-19,6.87182789404767
2022-06-20,6.85604671577086
2022-06-21,6.8471369927715
2022-06-22,6.85337531454047
2022-06-23,6.85719325126324
2022-06-24,6.83778582461277
2022-06-25,6.84286596810795
2022-06-26,6.83505183834277
2022-06-27,6.83469525704821
2022-06-28,6.83151835591666
2022-06-29,6.81226840296644
2022-06-30,6.7797371883779
2022-07-01,6.73965264583747
2022-07-02,6.71855787210947
2022-07-03,6.68775982659054
2022-07-04,6.65199039782474
2022-07-05,6.63931116609968
2022-07-06,6.62036348165526
2022-07-07,6.60334629301083
2022-07-08,6.57361867347361
2022-07-09,6.54776059598428
2022-07-10,6.53367607161983
2022-07-11,6.54231967824504
2022-07-12,6.52856284056047
2022-07-13,6.53472112672636
2022-07-14,6.5490414287487
2022-07-15,6.56076650383555
2022-07-16,6.58190791659659
2022-07-17,6.63964519529705
2022-07-18,6.64955333340789
2022-07-19,6.65897817419904
2022-07-20,6.67651886196172
2022-07-21,6.71096195738527
2022-07-22,6.73491534235739
2022-07-23,6.75428896607492
2022-07-24,6.76057834917462
2022-07-25,6.76020813695348
2022-07-26,6.74569045115402
2022-07-27,6.750923428166
2022-07-28,6.75374677661735
2022-07-29,6.75528407895319
2022-07-30,6.75529359718545
2022-07-31,6.75559069533578
2022-08-01,6.76189330747026
2022-08-02,6.75467260497524
2022-08-03,6.75544829980147
2022-08-04,6.76012060305201
2022-08-05,6.76536732607601
2022-08-06,6.7608415293046
2022-08-07,6.76646879483385
2022-08-08,6.76405019659047
2022-08-09,6.76747155330002
2022-08-10,6.76410519688584
2022-08-11,6.74006230868711
2022-08-12,6.75130854071519
2022-08-13,6.76640551492479
2022-08-14,6.77098581125347
2022-08-15,6.76461263264773
2022-08-16,6.76036288598832
2022-08-17,6.75830746378217
2022-08-18,6.75687851646119
2022-08-19,6.77658458191858
2022-08-20,6.80854521952844
2022-08-21,6.80899793370082
2022-08-22,6.8150047485824
2022-08-23,6.81024269140456
2022-08-24,6.80079879960167
2022-08-25,6.82052721966349
2022-08-26,6.82601647359082
2022-08-27,6.82134182849867
2022-08-28,6.81247610723726
2022-08-29,6.82246393457555
2022-08-30,6.83825368894643
2022-08-31,6.86445531423438
2022-09-01,6.87758909001703
2022-09-02,6.88264514832737
2022-09-03,6.88044966337943
2022-09-04,6.890618504567
2022-09-05,6.8501227463268
2022-09-06,6.88368790094243
2022-09-07,6.90750116450785
2022-09-08,6.87979670036053
2022-09-09,6.88577045015771
2022-09-10,6.79957159417867
2022-09-11,6.86145253959104
2022-09-12,6.86832286157356
2022-09-13,6.90512651063691
2022-09-14,7.0013495704073
2022-09-15,7.03740961028854
2022-09-16,7.09464573430073
2022-09-17,7.10456100604298
2022-09-18,7.14480870247268
2022-09-19,7.23599036217624
2022-09-20,7.26056517594038
2022-09-21,7.28569372028979
2022-09-22,7.34772025912275
2022-09-23,7.37655198113498
2022-09-24,7.35839769299254
2022-09-25,7.3570861613021
2022-09-26,7.40030308059867
2022-09-27,7.41853415794132
2022-09-28,7.47209688114999
2022-09-29,7.50104774024652
2022-09-30,7.54527709547726
2022-10-01,7.544191960469
2022-10-02,7.52103399111615
2022-10-03,7.54663779332229
2022-10-04,7.5539951025589
2022-10-05,7.57880465717942
2022-10-06,7.60244528496339
2022-10-07,7.62989452924659
2022-10-08,7.61617015580869
2022-10-09,7.60659006167138
2022-10-10,7.57139739014768
2022-10-11,7.55626436592905
2022-10-12,7.53775287813673
2022-10-13,7.47711677075922
2022-10-14,7.15433187792105
2022-10-15,7.19825133245481
2022-10-16,7.12994565675808
2022-10-17,7.32635954426704
2022-10-18,7.59986557592402
2022-10-19,6.9873651929695
2022-10-20,7.43512371202869
2022-10-21,7.39646779496557
2022-10-22,6.98972590581706
2022-10-23,6.96406042897915
2022-10-24,6.93483422622458
2022-10-25,6.88427700117706
2022-10-26,6.79175446874035
2022-10-27,6.74769343935635
2022-10-28,6.83798843712203
2022-10-29,6.8496698225559
2022-10-30,6.72252568489903
2022-10-31,6.48842950174574
2022-11-01,6.3753846870583
2022-11-02,6.27310345446273
2022-11-03,6.29402619864891
2022-11-04,6.32095133209465
2022-11-05,5.74684366479452
2022-11-06,4.90463726083843
2022-11-07,5.00880728797572
2022-11-08,5.19800890365636
2022-11-09,5.17751105553359
2022-11-10,5.17085500363446
2022-11-11,5.16367637029082
2022-11-12,5.32490714854258
2022-11-13,5.35052399212593
2022-11-14,5.37103958866764
2022-11-15,5.42403906342982
2022-11-16,5.54228472634816
2022-11-17,5.52966009949336
2022-11-18,5.84872677165069
2022-11-19,6.27741824307116
2022-11-20,6.23473313217791
2022-11-21,6.25809946404168
2022-11-22,6.61125911384724
2022-11-23,6.73295166953219
2022-11-24,6.64658782473602
2022-11-25,6.70926674087093
2022-11-26,6.73188550841512
2022-11-27,6.73313015460056
2022-11-28,6.74596390002419
2022-11-29,6.75059097830558
2022-11-30,6.63510984153563
2022-12-01,6.66664144132264
2022-12-02,6.85314955354548
2022-12-03,6.52335124805661
2022-12-04,6.74982301953813
2022-12-05,6.61770662370619
2022-12-06,4.20746041479565
2022-12-07,3.99229176839193
2022-12-08,3.99229176839193
2022-12-09,3.99229176839193
2022-12-10,3.99229176839193
2022-12-11,3.76244453589122
2022-12-12,3.76244453589122
2022-12-13,3.69562508910894
2022-12-14,3.68944454193115
2022-12-15,3.53673766014424
2022-12-16,3.50456528559975
2022-12-17,3.46929636531406
2022-12-18,3.46518525017632
2022-12-19,3.41957269570766
2022-12-20,3.48600005573697
2022-12-21,3.53876818263012
2022-12-22,3.52093339920044
2022-12-23,3.67782250275979
2022-12-24,3.91939449707667
2022-12-25,3.93371510890222
2022-12-26,3.94826048612595
2022-12-27,4.01872922480106
2022-12-28,3.83722022656472
2022-12-29,3.85289227193402
2022-12-30,3.85781163169492
2022-12-31,3.92114497000171
2023-01-01,3.93101055391373
2023-01-02,4.01223442371075
2023-01-03,4.04418743740429
2023-01-04,4.17339294447618
2023-01-05,4.32250415462337
2023-01-06,4.28732150548125
2023-01-07,4.32015049779737
2023-01-08,4.27404456269251
2023-01-09,4.27129249703394
2023-01-10,4.28541990175639
2023-01-11,4.30357773874847
2023-01-12,4.26587820053101
2023-01-13,4.2980847929565
2023-01-14,4.37783604773922
2023-01-15,4.39682382695815
2023-01-16,4.45905885696411
2023-01-17,4.87982383321543
2023-01-18,4.93452735604911
2023-01-19,5.15288369438865
2023-01-20,5.19074799374836
2023-01-21,4.94954463067602
2023-01-22,5.09825878250465
2023-01-23,5.10859953913699
2023-01-24,5.00929651407203
2023-01-25,4.86690068963333
2023-01-26,4.82981502746142
2023-01-27,4.77231233341376
2023-01-28,4.78607826490093
2023-01-29,4.87096729400131
2023-01-30,5.12204808049497
2023-01-31,5.02815637802683
2023-02-01,4.96719296358056
2023-02-02,4.90494241375123
2023-02-03,4.7332917599585
2023-02-04,4.67266312264455
2023-02-05,4.64045143535775
2023-02-06,4.57594417565417
2023-02-07,4.5468636722832
2023-02-08,4.50658790010407
2023-02-09,4.46233758451712
2023-02-10,4.4231947434141
2023-02-11,4.47394167987997
2023-02-12,4.63951987648412
2023-02-13,4.63149740028694
2023-02-14,4.59336615686514
2023-02-15,4.53881966870776
2023-02-16,4.52207417556561
2023-02-17,4.50650502644502
2023-02-18,4.50430130167421
2023-02-19,4.50712676812709
2023-02-20,4.46614525917616
2023-02-21,4.45066166600873
2023-02-22,4.43653259694288
2023-02-23,4.40585101641849
2023-02-24,4.35137067366263
2023-02-25,4.32071790935324
2023-02-26,4.31164841921833
2023-02-27,4.26368686174596
2023-02-28,4.20611536933636
2023-03-01,4.23587695444813
2023-03-02,4.19103808054244
2023-03-03,4.22124856916615
2023-03-04,4.19466262609879
2023-03-05,4.29328405703708
2023-03-06,4.27441088493683
2023-03-07,4.62775813879743
2023-03-08,4.6311315822898
2023-03-09,4.61378443597662
2023-03-10,4.61424379518832
2023-03-11,4.59606447025432
2023-03-12,4.58111395353976
2023-03-13,4.56650180732076
2023-03-14,4.56044868619662
2023-03-15,4.56072331652995
2023-03-16,4.55566545065301
2023-03-17,4.56356423993818
2023-03-18,4.57806179053484
2023-03-19,4.57799286013627
2023-03-20,4.57552517659989
2023-03-21,4.55601406833522
2023-03-22,4.55234685822494
2023-03-23,4.46302755369057
2023-03-24,4.4142956310947
2023-03-25,4.41009832899499
2023-03-26,4.44745578488016
2023-03-27,4.52332795603965
2023-03-28,4.52141544556693
2023-03-29,4.51790340363574
2023-03-30,4.50359816175893
2023-03-31,4.49056450467499
2023-04-01,4.49444963428882
2023-04-02,4.49900867892716
2023-04-03,4.46676495448262
2023-04-04,4.47193970189985
2023-04-05,4.49207733990807
2023-04-06,4.50471291348048
2023-04-07,4.52444698641976
2023-04-08,4.5183626548251
2023-04-09,4.52115900191888
2023-04-10,4.52603356446176
2023-04-11,4.5244048249024
2023-04-12,4.54788190358115
2023-04-13,4.54655934729387
2023-04-14,4.56209257759818
2023-04-15,4.56735199707982
2023-04-16,4.5718207274641
2023-04-17,4.57947120050952
2023-04-18,4.58110163953993
2023-04-19,4.58575161635233
2023-04-20,4.6011398424613
2023-04-21,4.60476203491984
2023-04-22,4.60814320733797
2023-04-23,4.61447557641546
2023-04-24,4.63105778459827
2023-04-25,4.63396649642357
2023-04-26,4.64994216484998
2023-04-27,4.6784160693634
2023-04-28,4.70416301402137
2023-04-29,4.72484922499386
2023-04-30,4.74463939406701
2023-05-01,4.76213676189928
2023-05-02,4.79065669807528
2023-05-03,4.82672140608105
2023-05-04,4.8516639468206
2023-05-05,4.88333225196528
2023-05-06,4.91472129358647
2023-05-07,4.97944410132955
2023-05-08,5.06922417584472
2023-05-09,5.24344841879836
2023-05-10,5.40330865167411
2023-05-11,5.59903144186006
2023-05-12,5.71500214219355
2023-05-13,5.87366056630978
2023-05-14,6.01933090004018
2023-05-15,6.1891281153863
2023-05-16,6.54936718065732
2023-05-17,6.6236077715517
2023-05-18,6.65772292626333
2023-05-19,6.74785609456601
2023-05-20,6.83363238677771
2023-05-21,6.94038160037818
2023-05-22,6.9714786096706
2023-05-23,7.03633696111909
2023-05-24,7.05651533269333
2023-05-25,7.0774995477684
2023-05-26,7.10216840689539
2023-05-27,7.13636488899038
2023-05-28,7.11322177293908
2023-05-29,7.15009527232671
2023-05-30,7.1623898338522
2023-05-31,7.17363794761058
2023-06-01,7.15826852466854
2023-06-02,7.15551388762446
2023-06-03,7.15075870108494
2023-06-04,7.17101554083002
2023-06-05,7.15746394536065
2023-06-06,7.15162346389094
2023-06-07,7.1460922706658
2023-06-08,7.12542773913014
2023-06-09,7.10165164516062
2023-06-10,7.08977651756854
2023-06-11,7.07948631839436
2023-06-12,7.06285562012992
2023-06-13,7.05309358063494
2023-06-14,6.97052192918299
2023-06-15,6.87083211425614
2023-06-16,6.81313850446326
2023-06-17,6.81914851221285
2023-06-18,6.82379332443994
2023-06-19,6.81544399228096
2023-06-20,6.79925222013968
2023-06-21,6.7428158948569
2023-06-22,6.80612271140256
2023-06-23,6.82613761032572
2023-06-24,6.83234469754283
2023-06-25,6.81199580195215
2023-06-26,6.77146582600616
2023-06-27,6.79317948663042
2023-06-28,6.78713544635124
2023-06-29,6.75416034955034
2023-06-30,6.74819545338275
2023-07-01,6.75121815185562
2023-07-02,6.75995313888213
2023-07-03,6.72427929484737
2023-07-04,6.76183099266967
2023-07-05,6.75329095392297
2023-07-06,6.73957685220344
2023-07-07,6.7586331446913
2023-07-08,6.76753734921432
2023-07-09,6.77673716192126
2023-07-10,6.72330002433621
2023-07-11,6.6939996094924
2023-07-12,6.66377769147533
2023-07-13,6.67441159734894
2023-07-14,6.67950480643109
2023-07-15,6.68920947444012
2023-07-16,6.68831794081466
2023-07-17,6.70874784482451
2023-07-18,6.7217236750243
2023-07-19,6.70303332793362
2023-07-20,6.66320712776673
2023-07-21,6.65124063535792
2023-07-22,6.64978019628326
2023-07-23,6.68141617917783
2023-07-24,6.70184990583334
2023-07-25,6.63282197388781
2023-07-26,6.60080212363971
2023-07-27,6.55707686952404
2023-07-28,8.27478288693721
2023-07-29,8.89765733474065
2023-07-30,7.00014190241389
2023-07-31,5.45749986381383
2023-08-01,5.58600018273969
2023-08-02,8.93159530163413
2023-08-03,6.05281652310582
2023-08-04,5.69452240528428
2023-08-05,6.4596607759298
2023-08-06,6.47423469151142
2023-08-07,6.65926484775052
2023-08-08,6.66109154069407
2023-08-09,6.61118203464377
2023-08-10,6.5694722273021
2023-08-11,6.57270843351537
2023-08-12,6.5725532698018
2023-08-13,6.57175754373928
2023-08-14,6.64298631299136
2023-08-15,6.6000770790499
2023-08-16,6.61784832129638
2023-08-17,6.64286623543219
2023-08-18,6.63783470073906
2023-08-19,6.63031823535687
2023-08-20,6.63444536708418
2023-08-21,6.67905304244023
2023-08-22,6.67208528200278
2023-08-23,6.67305856922918
2023-08-24,6.68005774333997
2023-08-25,6.70484484058277
2023-08-26,6.76214799687829
2023-08-27,6.7652027296553
2023-08-28,6.77580519585458
2023-08-29,6.78127408212764
2023-08-30,6.78640839492
2023-08-31,6.79107810891489
2023-09-01,6.784963270966
2023-09-02,6.78349761484421
2023-09-03,6.77748612658443
2023-09-04,6.78123887217141
2023-09-05,6.78141667261521
2023-09-06,6.77347746366632
2023-09-07,6.78033376096091
2023-09-08,6.79016179551651
2023-09-09,6.77858574679949
2023-09-10,6.76439057433664
2023-09-11,6.75740752756568
2023-09-12,6.7544403463462
2023-09-13,6.74903062232098
2023-09-14,6.77452013006274
2023-09-15,6.79472349082136
2023-09-16,6.78863274803323
2023-09-17,6.80077716975888
2023-09-18,6.84125394566299
2023-09-19,6.86369491721183
2023-09-20,6.9047285204789
2023-09-21,6.99011353296936
2023-09-22,7.0109401898344
2023-09-23,7.10871112066502
2023-09-24,7.12446645271207
2023-09-25,7.15191259023079
2023-09-26,7.18509937993902
2023-09-27,7.21826136891406
2023-09-28,7.2425733615081
2023-09-29,7.53301790630636
2023-09-30,7.64440022420361
2023-10-01,7.66967231329513
2023-10-02,7.71825263403409
2023-10-03,7.64907927024578
2023-10-04,7.59562614066403
2023-10-05,7.63906183570371
2023-10-06,7.58333309634723
2023-10-07,7.56244075599916
2023-10-08,7.50816532828108
2023-10-09,7.2884141117213
2023-10-10,7.28996641866933
2023-10-11,7.21325315006393
2023-10-12,7.10626823520092
2023-10-13,6.72908382846686
2023-10-14,6.60260279613746
2023-10-15,6.6183540719274
2023-10-16,6.58241992814077
2023-10-17,6.55742777497484
2023-10-18,6.52262005630895
2023-10-19,6.47181426307966
2023-10-20,6.2242258468265
2023-10-21,6.05181152561808
2023-10-22,6.05289017626237
2023-10-23,6.03897963424628
2023-10-24,5.97523243952127
2023-10-25,5.97252636628155
2023-10-26,5.95400472194722
2023-10-27,5.97582078440601
2023-10-28,5.94574984103006
2023-10-29,5.91468167307685
2023-10-30,5.86781671010325
2023-10-31,5.57120272276297
2023-11-01,5.52199156243572
2023-11-02,5.45238950114344
2023-11-03,5.53965059347432
2023-11-04,5.55307675918018
2023-11-05,5.57558382357169
2023-11-06,5.65900607566008
2023-11-07,5.55627996034441
2023-11-08,5.58110204336818
2023-11-09,5.71516216429173
2023-11-10,5.80351953367352
2023-11-11,5.95070182962132
2023-11-12,5.95913982650821
2023-11-13,5.96735123131409
2023-11-14,5.92614567884939
2023-11-15,5.88259886500893
2023-11-16,5.91501084803897
2023-11-17,5.92217367513409
2023-11-18,5.82048686121551
2023-11-19,6.1422660107997
2023-11-20,6.14607973119249
2023-11-21,5.6427616280363
2023-11-22,5.82918662829611
2023-11-23,5.83539027965532
2023-11-24,6.17272889424884
2023-11-25,5.65499944388867
2023-11-26,5.6468154758215
2023-11-27,5.56175432755397
2023-11-28,5.38801411261041
2023-11-29,5.36421945095062
2023-11-30,5.3013231632037
2023-12-01,5.32160220266897
2023-12-02,5.16693151192587
2023-12-03,5.13560446754831
2023-12-04,4.44884411793835
2023-12-05,3.90989096209688
2023-12-06,3.91720695589103
2023-12-07,3.9656142513707
2023-12-08,3.97084979216258
2023-12-09,4.01251646765956
2023-12-10,4.00421399540371
2023-12-11,3.86284325378282
2023-12-12,3.98244446010913
2023-12-13,3.93687593539556
2023-12-14,3.90538890197359
2023-12-15,3.79538682213536
2023-12-16,3.70191831858653
2023-12-17,3.63323536106184
2023-12-18,3.66052295179928
2023-12-19,3.66235301541347
2023-12-20,3.6715033568588
2023-12-21,3.70534600401824
2023-12-22,3.78955791434463
2023-12-23,3.66094210355178
2023-12-24,3.50166672468185
2023-12-25,3.65529418926613
2023-12-26,3.73567119666508
2023-12-27,3.75720840030246
2023-12-28,3.61363026996454
2023-12-29,3.62351476444918
2023-12-30,3.59631127727275
2023-12-31,3.65928999582926
2024-01-01,3.59163823127747
2024-01-02,3.65800187370994
2024-01-03,3.70643041389329
2024-01-04,3.73552082796566
2024-01-05,3.76915004176478
2024-01-06,3.75969387638953
2024-01-07,3.86945194967331
2024-01-08,3.92021322634912
2024-01-09,3.91927182674408
2024-01-10,3.9227754615602
2024-01-11,3.82821646428877
2024-01-12,3.98815698990455
2024-01-13,4.24657721178872
2024-01-14,4.65942255847425
2024-01-15,4.67944112561998
2024-01-16,4.76160116460588
2024-01-17,4.89228232363437
2024-01-18,5.12132088343302
2024-01-19,5.12820354158228
2024-01-20,5.56964264749946
2024-01-21,6.0925149387106
2024-01-22,6.33421623750806
2024-01-23,6.24788660305478
2024-01-24,6.30156360285623
2024-01-25,6.27657280071781
2024-01-26,6.28067653624217
2024-01-27,6.05651599478925
2024-01-28,5.84631164586077
2024-01-29,5.59911017010161
2024-01-30,5.48763433935091
2024-01-31,5.46561102541258
2024-02-01,5.37113572815001
2024-02-02,5.3344269721036
2024-02-03,5.26313164519845
2024-02-04,5.12779778050902
2024-02-05,5.03110293332718
2024-02-06,4.95808836449179
2024-02-07,4.79620126155167
2024-02-08,4.50127582210009
2024-02-09,4.48219295145935
2024-02-10,4.89471857999105
2024-02-11,4.41697113510744
2024-02-12,4.42138007136913
2024-02-13,4.42819944226742
2024-02-14,4.41279829157632
2024-02-15,4.50955945299952
2024-02-16,4.51954158282214
2024-02-17,4.49092242403514
2024-02-18,4.48578198281827
2024-02-19,4.47963262396222
2024-02-20,4.44944144735833
2024-02-21,4.45149624197281
2024-02-22,4.53566713547925
2024-02-23,4.52672963380697
2024-02-24,4.50411981989624
2024-02-25,4.51096345542288
2024-02-26,4.50117545169416
2024-02-27,4.50267804675738
2024-02-28,4.48492523810692
2024-02-29,4.45441411771256
2024-03-01,4.44788232541531
2024-03-02,4.36736841126735
2024-03-03,4.34327448989398
2024-03-04,4.34785846941026
2024-03-05,4.36044701379034
2024-03-06,4.32865324652413
2024-03-07,4.34792132398955
2024-03-08,4.27815428081211
2024-03-09,4.16574283522095
2024-03-10,4.14302442592144
2024-03-11,4.21897501837901
2024-03-12,4.19497925087327
2024-03-13,4.2727572058094
2024-03-14,4.27259536490277
2024-03-15,4.25920398478007
2024-03-16,4.23620510497987
2024-03-17,4.21987501182352
2024-03-18,4.21398462571055
2024-03-19,4.18738691325126
2024-03-20,4.20338006408885
2024-03-21,4.19909677453339
2024-03-22,4.21397075262389
2024-03-23,4.24608060107444
2024-03-24,4.29737470646294
2024-03-25,4.33398281860394
2024-03-26,4.32391480848798
2024-03-27,4.35001939969045
2024-03-28,4.36099959553705
2024-03-29,4.31805416766702
2024-03-30,4.29299511670269
2024-03-31,4.25021294943921
2024-04-01,4.28157132146823
2024-04-02,4.31414638501102
2024-04-03,4.33644953602491
2024-04-04,4.3408598920494
2024-04-05,4.34316205203916
2024-04-06,4.35328520389603
2024-04-07,4.40458378989114
2024-04-08,4.41689315679704
2024-04-09,4.41901053696771
2024-04-10,4.42534742721806
2024-04-11,4.44488306497735
2024-04-12,4.50141439689202
2024-04-13,4.54276011449127
2024-04-14,4.55953174619241
2024-04-15,4.5711306746167
2024-04-16,4.58894028487644
2024-04-17,4.59503867565406
2024-04-18,4.59730420159815
2024-04-19,4.59085103380505
2024-04-20,4.60695790899267
2024-04-21,4.71178116683968
2024-04-22,4.79454550236736
2024-04-23,4.81722452563313
2024-04-24,4.85602781112643
2024-04-25,4.91165798288923
2024-04-26,4.94257235668606
2024-04-27,5.00352427583825
2024-04-28,5.02054224189316
2024-04-29,5.08454614036493
2024-04-30,5.17843888089298
2024-05-01,5.23688350754088
2024-05-02,5.2977490735269
2024-05-03,5.37577505949664
2024-05-04,5.48069295021421
2024-05-05,5.55347795767318
2024-05-06,5.64251878410578
2024-05-07,5.83253314732875
2024-05-08,6.04854128495983
2024-05-09,6.0778606663887
2024-05-10,6.23176197874913
2024-05-11,6.3931853179254
2024-05-12,6.53197635402919
2024-05-13,6.63070375019066
2024-05-14,6.72708628670199
2024-05-15,6.76941099737275
2024-05-16,6.87122543990728
2024-05-17,6.90188800768079
2024-05-18,6.9268733576649
2024-05-19,6.96471125182823
2024-05-20,6.97429150434715
2024-05-21,7.00402745686864
2024-05-22,7.02572454629843
2024-05-23,7.04688576150647
2024-05-24,7.04188552977071
2024-05-25,7.03167049581871
2024-05-26,7.11154215855329
2024-05-27,7.15010179388496
2024-05-28,7.14504643005598
2024-05-29,7.12807789097313
2024-05-30,7.09642274955511
2024-05-31,7.11345251946626
2024-06-01,7.12655263612481
2024-06-02,7.1473148001609
2024-06-03,7.15189026346633
2024-06-04,7.14407615174827
2024-06-05,7.15275005145649
2024-06-06,7.15729624173021
2024-06-07,7.14673707302018
2024-06-08,7.1366107060696
2024-06-09,7.11605744953987
2024-06-10,7.09626423926776
2024-06-11,7.1123523544637
2024-06-12,7.13799681433598
2024-06-13,7.17067999157417
2024-06-14,7.17343453711345
2024-06-15,7.17597548843398
2024-06-16,7.15901874829919
2024-06-17,7.14830064340587
2024-06-18,7.10899396359287
2024-06-19,7.08679552912074
2024-06-20,7.07853338175702
2024-06-21,7.07120226969817
2024-06-22,7.04861651812757
2024-06-23,7.0187875906322
2024-06-24,6.97748297003816
2024-06-25,6.930343404059
2024-06-26,6.9040878660446
2024-06-27,6.8823066159393
2024-06-28,6.86314019811741
2024-06-29,6.85559216175748
2024-06-30,6.82692893154593
2024-07-01,6.79215567605309
2024-07-02,6.75895251721374
2024-07-03,6.70031489510886
2024-07-04,6.68047355611922
2024-07-05,6.65114149410804
2024-07-06,6.63871736306872
2024-07-07,6.62764916390913
2024-07-08,6.6288412672091
2024-07-09,6.62059138830265
2024-07-10,6.6188875876247
2024-07-11,6.59042742719582
2024-07-12,6.57172934960158
2024-07-13,6.60082716972491
2024-07-14,6.60183655695654
2024-07-15,6.61085131671716
2024-07-16,6.61521137615021
2024-07-17,6.6280375272824
2024-07-18,6.62814784307013
2024-07-19,6.63984996160019
2024-07-20,6.64240420366024
2024-07-21,6.63820354602053
2024-07-22,6.64019137464051
2024-07-23,6.66052336174728
2024-07-24,6.67777804159453
2024-07-25,6.68311758371093
2024-07-26,6.67671482968623
2024-07-27,6.67311295694947
2024-07-28,6.68891688962072
2024-07-29,6.69724092564549
2024-07-30,6.71200159078822
2024-07-31,6.72511976585583
2024-08-01,6.69683402263807
2024-08-02,6.7074084670274
2024-08-03,6.74811408804494
2024-08-04,6.75277005696635
2024-08-05,6.75008187924637
2024-08-06,6.75274540364984
2024-08-07,6.75427777965837
2024-08-08,6.75336217318454
2024-08-09,6.75407223192563
2024-08-10,6.75173133405159
2024-08-11,6.75955434029606
2024-08-12,6.76529018525213
2024-08-13,6.77574433989973
2024-08-14,6.77696173854768
2024-08-15,6.75769110308336
2024-08-16,6.76943695619
2024-08-17,6.78029041498683
2024-08-18,6.82672747351305
2024-08-19,6.84759459689593
2024-08-20,6.84792439406338
2024-08-21,6.86330884719851
2024-08-22,6.8773910229614
2024-08-23,6.88774927375799
2024-08-24,6.8920781562788
2024-08-25,6.89204041825969
2024-08-26,6.87211882317098
2024-08-27,6.87357767075557
2024-08-28,6.89262049748785
2024-08-29,6.90090302164106
2024-08-30,6.91609306132748
2024-08-31,6.91206855799176
2024-09-01,6.87755982758758
2024-09-02,6.87998237731487
2024-09-03,6.87018879930326
2024-09-04,6.84444837518921
2024-09-05,6.87407815853328
2024-09-06,6.86906241522773
2024-09-07,6.87480551585887
2024-09-08,6.86605484653366
2024-09-09,6.88557715214758
2024-09-10,6.89818776030039
2024-09-11,6.92490229064886
2024-09-12,6.99858878376756
2024-09-13,6.95495951888818
2024-09-14,7.04758765045992
2024-09-15,7.06134719830147
2024-09-16,7.15010914826494
2024-09-17,7.16120608397757
2024-09-18,7.18155381240438
2024-09-19,7.1950886513564
2024-09-20,7.25292617664456
2024-09-21,7.35078996084222
2024-09-22,7.43492177465021
2024-09-23,7.48145424771372
2024-09-24,7.54229471455254
2024-09-25,7.61262897704989
2024-09-26,7.60833103074802
2024-09-27,7.64221576335107
2024-09-28,7.64427840332161
2024-09-29,7.61884341853112
2024-09-30,7.64345965686796
2024-10-01,7.70988281330882
2024-10-02,7.71964549217849
2024-10-03,7.7378255381869
2024-10-04,7.75615683768728
2024-10-05,7.72198177027807
2024-10-06,7.72868414457663
2024-10-07,7.72600865439859
2024-10-08,7.73329603905571
2024-10-09,7.65869861680703
2024-10-10,7.56860632924843
2024-10-11,7.42118160684364
2024-10-12,7.16317964451155
2024-10-13,6.9525673132536
2024-10-14,6.97709409484399
2024-10-15,6.75839042591904
2024-10-16,6.65752767275567
2024-10-17,6.28979837751967
2024-10-18,6.16234095605339
2024-10-19,6.03645032218524
2024-10-20,5.61714278476019
2024-10-21,5.58586746719467
2024-10-22,5.46090247587876
2024-10-23,5.31395769138823
2024-10-24,5.29727808002052
2024-10-25,5.28557187178144
2024-10-26,5.06835761207494
2024-10-27,4.96558539853321
2024-10-28,4.96723262114157
2024-10-29,5.10264628841764
2024-10-30,5.12512185396475
2024-10-31,5.13545406672766
2024-11-01,5.15313611086033
2024-11-02,5.19831169706079
2024-11-03,5.33814988968814
2024-11-04,5.54725062575189
2024-11-05,5.94474658211682
2024-11-06,6.04545205269997
2024-11-07,6.23959180739677
2024-11-08,6.46229029310933
2024-11-09,6.51789983829491
2024-11-10,6.51571059833258
2024-11-11,6.52344364971448
2024-11-12,6.5371404101209
2024-11-13,6.51785996109562
2024-11-14,6.53783307846045
2024-11-15,6.53873493080422
2024-11-16,6.60296457834152
2024-11-17,6.81168688977575
2024-11-18,6.84440241099903
2024-11-19,6.87148929826773
2024-11-20,6.85086860806923
2024-11-21,6.85202539103706
2024-11-22,6.85883733996003
2024-11-23,6.81735524222081
2024-11-24,6.62671753791833
2024-11-25,6.45785739625755
2024-11-26,5.74560634613037
2024-11-27,5.57501845482068
2024-11-28,5.54625080761157
2024-11-29,5.46745625850374
2024-11-30,5.26138782744505
2024-12-01,4.38307268004264
2024-12-02,4.36032040417194
2024-12-03,3.98050859014867
2024-12-04,4.38259003793492
2024-12-05,4.36209983685437
2024-12-06,4.35122912219076
2024-12-07,4.29737622554486
2024-12-08,4.27793316630756
2024-12-09,4.29156061831643
2024-12-10,3.95169500981347
2024-12-11,3.86554605796419
2024-12-12,3.69252881510504
2024-12-13,3.71218399343819
2024-12-14,3.7035594107741
2024-12-15,3.72615828756559
2024-12-16,3.68108341296514
2024-12-17,3.68108341296514
2024-12-18,3.66100007692973
2024-12-19,3.64878538099386
2024-12-20,3.52968397633783
2024-12-21,3.56409611944425
2024-12-22,3.59904769002175
2024-12-23,3.59904769002175
2024-12-24,3.63718962201885
2024-12-25,3.71261446616229
2024-12-26,3.71169943435519
2024-12-27,3.71169943435519
2024-12-28,3.65641983350118
2024-12-29,3.62227571927584
2024-12-30,3.68733340263367
2024-12-31,4.14906261861324
2025-01-01,3.47227276455272
2025-01-02,3.44225493599387
2025-01-03,3.44225493599387
2025-01-04,3.41470590759726
2025-01-05,3.51608978326504
2025-01-06,3.70435185432434
2025-01-07,3.70435185432434
2025-01-08,3.4837879224257
2025-01-09,3.46360124860491
2025-01-10,3.52818189967762
2025-01-11,3.69052020023609
2025-01-12,3.74361158284274
2025-01-13,3.85482476908585
2025-01-14,3.78341993208854
2025-01-15,3.89555377746696
2025-01-16,4.03317729846851
2025-01-17,4.42220917486009
2025-01-18,5.48053435094995
2025-01-19,5.76869621888839
2025-01-20,6.00969746064167
2025-01-21,5.67781270663817
2025-01-22,5.82761573968547
2025-01-23,6.0433991704262
2025-01-24,5.94163535526821
2025-01-25,5.68273031033152
2025-01-26,5.24656289368868
2025-01-27,5.42572248457977
2025-01-28,5.25679167607273
2025-01-29,5.39269400999926
2025-01-30,5.42469830532107
2025-01-31,5.25487679293309
2025-02-01,4.92390965041082
2025-02-02,4.77137398434901
2025-02-03,4.46433103573182
2025-02-04,4.38552768084005
2025-02-05,4.34779356962722
2025-02-06,4.32915702501745
2025-02-07,4.33506616049112
2025-02-08,4.32480119233614
2025-02-09,4.31395356553705
2025-02-10,4.32037122681223
2025-02-11,4.36268810922653
2025-02-12,4.43849555812814
2025-02-13,4.44012623634224
2025-02-14,4.48316248786571
2025-02-15,4.54710861577704
2025-02-16,4.5526880042486
2025-02-17,4.54075819770048
2025-02-18,4.52921840340965
2025-02-19,4.49461646042351
2025-02-20,4.48776208213524
2025-02-21,4.42145597447404
2025-02-22,4.3906887037128
2025-02-23,4.35260461689668
2025-02-24,4.31765309496504
2025-02-25,4.30183007203585
2025-02-26,4.30775609584235
2025-02-27,4.29248947909563
2025-02-28,4.19193578390322
2025-03-01,4.19729252098409
2025-03-02,4.1682996718521
2025-03-03,4.13271389984364
2025-03-04,4.13882443692913
2025-03-05,4.1472052652563
2025-03-06,4.20378559825322
2025-03-07,4.21743115196661
2025-03-08,4.21434908437456
2025-03-09,4.65691909293304
2025-03-10,4.62682950966207
2025-03-11,4.6155564677342
2025-03-12,4.60827394231855
2025-03-13,4.62221959081301
2025-03-14,4.61034233670466
2025-03-15,4.59956593474911
2025-03-16,4.59714127177134
2025-03-17,4.58149007189706
2025-03-18,4.56987987839333
2025-03-19,4.56404181688447
2025-03-20,4.54849750527648
2025-03-21,4.53060337378636
2025-03-22,4.52976624562362
2025-03-23,4.50638009310364
2025-03-24,4.50880824012533
2025-03-25,4.34956640359287
2025-03-26,4.38275271542503
2025-03-27,4.40475467931041
2025-03-28,4.48126589649064
2025-03-29,4.46683368295481
2025-03-30,4.42101107155186
2025-03-31,4.43225299844054
2025-04-01,4.44684685282652
2025-04-02,4.48470875393139
2025-04-03,4.53835700079157
2025-04-04,4.55811971294046
2025-04-05,4.58620010692762
2025-04-06,4.58191205724522
2025-04-07,4.61033625592323
2025-04-08,4.6470181030182
2025-04-09,4.65392371863895
2025-04-10,4.67434110904008
2025-04-11,4.68607923278014
2025-04-12,4.69836066398882
2025-04-13,4.70942824159838
2025-04-14,4.72233647145993
2025-04-15,4.73235483338476
2025-04-16,4.74469287229626
2025-04-17,4.75651447831317
2025-04-18,4.77286144759876
2025-04-19,4.79711964613871
2025-04-20,4.81114334658824
2025-04-21,4.83213999024976
2025-04-22,4.86079212062173
2025-04-23,4.8954007188059
2025-04-24,4.90464536991117
2025-04-25,4.93710045711775
2025-04-26,4.96323582079746
2025-04-27,5.00665781021189
2025-04-28,5.03119847895538
2025-04-29,5.04863076619063
2025-04-30,5.08119566213574
2025-05-01,5.15986117462212
2025-05-02,5.20845226981273
2025-05-03,5.30344965120249
2025-05-04,5.37582810661672
2025-05-05,5.44881725366722
2025-05-06,5.65419668751531
2025-05-07,5.81075622817485
2025-05-08,5.87715019836215
2025-05-09,6.05858170180997
2025-05-10,6.19555240154071
2025-05-11,6.2649335449775
2025-05-12,6.27919356037747
2025-05-13,6.44304522015104
2025-05-14,6.57606480911188
2025-05-15,6.62642474838011
2025-05-16,6.73222780672709
2025-05-17,6.86495817833022
2025-05-18,6.91194356282873
2025-05-19,6.99178004801999
2025-05-20,7.06675928006276
2025-05-21,7.09145838082634
2025-05-22,7.14278856087758
2025-05-23,7.16522046645119
2025-05-24,7.18206143783937
2025-05-25,7.21457185004819
2025-05-26,7.24056023213332
2025-05-27,7.23995180832722
2025-05-28,7.23122141538408
2025-05-29,7.23434963712374
2025-05-30,7.2577751061932
2025-05-31,7.27738442327237
2025-06-01,7.32551389206638
2025-06-02,7.31529479791524
2025-06-03,7.32291550077379
2025-06-04,7.29365502963107
2025-06-05,7.25532840984177
2025-06-06,7.23570691882467
2025-06-07,7.20374577806096
2025-06-08,7.23820436804917
2025-06-09,7.24410066052949
2025-06-10,7.222319055735
2025-06-11,7.19674370842202
2025-06-12,7.19337809041729
2025-06-13,7.20354156378185
2025-06-14,7.19644320675032
2025-06-15,7.18725890468345
2025-06-16,7.18610566753319
2025-06-17,7.16817011832246
2025-06-18,7.13204915607525
2025-06-19,7.10301904803074
2025-06-20,7.09008907791583
2025-06-21,7.06347577253673
2025-06-22,7.05039484929292
2025-06-23,7.02483374195007
2025-06-24,6.96298330839996
2025-06-25,6.91523189462177
2025-06-26,6.86060774391664
2025-06-27,6.8094015564352
2025-06-28,6.76982887748651
2025-06-29,6.72715803206002
2025-06-30,6.7196050120858
2025-07-01,6.72161145421886
2025-07-02,6.72167709158604
2025-07-03,6.72547313079323
2025-07-04,6.73382692955205
2025-07-05,6.71723155721209
2025-07-06,6.70111154176304
2025-07-07,6.70533271184774
2025-07-08,6.70284259858625
2025-07-09,6.69443231442649
2025-07-10,6.68286564613988
2025-07-11,6.66373366349407
2025-07-12,6.65515862934089
2025-07-13,6.65335958610713
2025-07-14,6.63939162675654
2025-07-15,6.64454856983357
2025-07-16,6.6432447885028
2025-07-17,6.63048766907066
2025-07-18,6.61295942495942
2025-07-19,6.64680380000606
2025-07-20,6.66861665337839
2025-07-21,6.70397678625236
2025-07-22,6.71340610037516
2025-07-23,6.70191754163418
2025-07-24,6.69647874161306
2025-07-25,6.69588995696516
2025-07-26,6.71496808176965
2025-07-27,6.70696732472501
2025-07-28,6.694873501947
2025-07-29,6.67854659226551
2025-07-30,6.6675543784308
2025-07-31,6.67530426308036
2025-08-01,6.67198258789155
2025-08-02,6.67379560622043
2025-08-03,6.67123555058589
2025-08-04,6.67195963667476
2025-08-05,6.70546106025375
2025-08-06,6.71444661488272
2025-08-07,6.70981995051614
2025-08-08,6.72612871769783
2025-08-09,6.72546977185356
2025-08-10,6.72119750617903
2025-08-11,6.69893023059759
2025-08-12,6.71687522045036
2025-08-13,6.72320455323356
2025-08-14,6.73923297143475
2025-08-15,6.75033942147778
2025-08-16,6.75150530290896
2025-08-17,6.75049510263809
2025-08-18,6.75411502685036
2025-08-19,6.7615658480386
2025-08-20,6.76850487746139
2025-08-21,6.7767437953921
2025-08-22,6.78327119851717
2025-08-23,6.80903441362364
2025-08-24,6.81152838432509
2025-08-25,6.82604225586954
2025-08-26,6.85490414007692
2025-08-27,6.84226478016404
2025-08-28,6.87019157600162
2025-08-29,6.84887827443477
2025-08-30,6.84671109825977
2025-08-31,6.84991923691452
2025-09-01,6.84921052929273
2025-09-02,6.79720683047996
2025-09-03,6.81598402018111
2025-09-04,6.82687590745606
2025-09-05,6.83197115788286
2025-09-06,6.83251720674519
2025-09-07,6.82400801288648
2025-09-08,6.81801695934156
2025-09-09,6.85509086973793
2025-09-10,6.83510105433777
2025-09-11,6.896384097315
2025-09-12,6.90287726436297
2025-09-13,6.93224316626696
2025-09-14,6.93349362721991
2025-09-15,6.94338275449441
2025-09-16,6.95099880960429
2025-09-17,7.03183571555188
2025-09-18,7.12377238608478
2025-09-19,7.13412126629667
2025-09-20,7.14468720286277
2025-09-21,7.15756879104586
2025-09-22,7.19042394385287
2025-09-23,7.25850031589232
2025-09-24,7.28892352909609
2025-09-25,7.30841271320565
2025-09-26,7.32571645249522
2025-09-27,7.33377379362378
2025-09-28,7.30342813468863
2025-09-29,7.29395911046457
2025-09-30,7.36186875383707
2025-10-01,7.41328570722909
2025-10-02,7.4786518774216
2025-10-03,7.503510554116
2025-10-04,7.6291306303533
2025-10-05,7.67387030256048
2025-10-06,7.60776147241334
2025-10-07,7.57272691267832
2025-10-08,7.49498461818827
2025-10-09,7.33651345429087
2025-10-10,7.26843429002804
2025-10-11,7.25815648509873
2025-10-12,7.26765836173674
2025-10-13,7.23078189142367
2025-10-14,7.22296115068289
2025-10-15,7.21464077261074
2025-10-16,7.13951062466026
2025-10-17,7.08878822449757
2025-10-18,7.02806311682306
2025-10-19,6.9395458008533
2025-10-20,6.65892976946303
2025-10-21,6.56092889768845
2025-10-22,6.32507439182229
2025-10-23,6.17736108830358
2025-10-24,6.18996363162692
2025-10-25,6.10965454801625
2025-10-26,6.11578620237046
2025-10-27,6.05844266476269
2025-10-28,5.93199691748112
2025-10-29,5.85859523862886
2025-10-30,5.72836388175481
2025-10-31,5.6341493776632
2025-11-01,5.65053267899543
2025-11-02,5.90975947369505
2025-11-03,5.90403884246961
2025-11-04,5.79704469298448
2025-11-05,5.51250749538777
2025-11-06,5.60133654717459
2025-11-07,5.78089882998631
2025-11-08,6.05781986373257
2025-11-09,6.0234044564371
2025-11-10,6.20018372474573
2025-11-11,6.38959306550156
2025-11-12,6.39257402225857
2025-11-13,6.36299568808018
2025-11-14,6.3515392321784
2025-11-15,6.37056784944939
2025-11-16,6.3645480480094
2025-11-17,6.49613798770352
2025-11-18,6.45816845710781
2025-11-19,6.32916286858645
2025-11-20,6.42779646548757
2025-11-21,6.43778871379284
2025-11-22,6.45005222873501
2025-11-23,5.0298519784754
2025-11-24,4.95493063472566
2025-11-25,4.67642192101814
2025-11-26,4.64660884085156
2025-11-27,4.40521185124507
2025-11-28,4.24755222147161
2025-11-29,4.01702832202522
2025-11-30,4.12471312445563
2025-12-01,4.12471312445563
2025-12-02,3.99278188474251
2025-12-03,3.89876551098294
2025-12-04,3.913333434325
2025-12-05,3.913333434325
2025-12-06,4.03005757825128
2025-12-07,3.87644453048706
2025-12-08,3.86971273093388
2025-12-09,3.85475317637126
2025-12-10,3.81540008544922
2025-12-11,3.73043485309767
2025-12-12,3.65239135078762
2025-12-13,4.29472230540382
2025-12-14,4.29472230540382
2025-12-15,4.29472230540382
2025-12-16,4.25395844876766
2025-12-17,4.17868432245756
2025-12-18,4.29296308093601
2025-12-19,4.29296308093601
2025-12-20,4.32062512636185
2025-12-21,4.25458347797394
2025-12-22,4.24611123402913
2025-12-23,4.42819460233053
2025-12-24,4.42819460233053
2025-12-25,4.14373025440034
2025-12-26,4.14373025440034
2025-12-27,4.24111123312087
2025-12-28,4.3300001187758
2025-12-29,NA
2025-12-30,3.65857149021966
2025-12-31,3.74333339724047
