date,continuous,discontinuous,isolated,no_permafrost,sporadic
2000-01-01,96.8123742216554,89.2977724709117,93.3804361089094,95.2176756786467,93.6401411385724
2000-01-02,96.7889516920003,89.2594128728774,93.3057796089487,95.1314651028061,93.541855719409
2000-01-03,96.7666380324088,89.2220616593432,93.2342539157692,95.0476920288736,93.4507555543375
2000-01-04,96.7450518023639,89.1838772688298,93.1639077777328,94.9664792209299,93.3615800993966
2000-01-05,96.7230184089139,89.1449942681161,93.0962289344757,94.8875945684988,93.2750956091153
2000-01-06,96.700834426126,89.1076748343953,93.032740317469,94.8127582418447,93.19451506527
2000-01-07,96.6794927599401,89.0730810240296,92.9714946232651,94.7392138337912,93.1182925834705
2000-01-08,96.6601423119692,89.0391178163786,92.9114624568211,94.6685580230968,93.0462868062369
2000-01-09,96.6417606354094,89.0046511334778,92.850869358569,94.6008716205364,92.9757905475732
2000-01-10,96.6233154203356,88.970796948094,92.7983131246206,94.5395347104913,92.9066374344497
2000-01-11,96.6048384903468,88.9388000191957,92.7700758980464,94.4783612476749,92.8435391686332
2000-01-12,96.5869176892517,88.9086764244921,92.7306426028183,94.4168069344825,92.7833049684953
2000-01-13,96.5707346318295,88.880622143009,92.6866489753368,94.3571655866084,92.7242062480976
2000-01-14,96.5573670624371,88.8519365184116,92.650069569214,94.3013172900804,92.6667398031013
2000-01-15,96.5441230962735,88.8252686772682,92.621585506373,94.2435830424163,92.6150230091609
2000-01-16,96.5313648456361,88.8004834084593,92.5824316453683,94.1857344743616,92.5644114704614
2000-01-17,96.5158076470446,88.7733457560316,92.5409897266318,94.1330992617221,92.5123804801131
2000-01-18,96.50137440908,88.7461515267238,92.5022597228605,94.082004674326,92.4625487579703
2000-01-19,96.4874183432584,88.7206539877179,92.4604089221315,94.0326415462839,92.4131880406271
2000-01-20,96.4721878284913,88.6970981793671,92.4230378408896,93.9833812537431,92.3687181175692
2000-01-21,96.4568973256897,88.6766866286271,92.3787087142128,93.9311649819572,92.3234691676948
2000-01-22,96.4424385964326,88.6552888541154,92.3342009924883,93.8815407257526,92.2799092982584
2000-01-23,96.4326949959924,88.6373351481013,92.29397569339,93.8308273495574,92.2425866900958
2000-01-24,96.4246640701143,88.6194371172938,92.2529038847302,93.7792195404871,92.2056988175639
2000-01-25,96.4192601026302,88.6045061206018,92.2159226339712,93.7299301135886,92.1708707702535
2000-01-26,96.4140757849292,88.5936313255615,92.181845053941,93.6796728309084,92.1394244314583
2000-01-27,96.4065160742467,88.5842974368577,92.1477674389967,93.631389916807,92.1078664869894
2000-01-28,96.3982588952591,88.5731421071334,92.110854406916,93.581957130477,92.0754406634534
2000-01-29,96.3918338017604,88.5559604633687,92.0731078174303,93.5380650580169,92.0373603063412
2000-01-30,96.3854432785931,88.5384387368221,92.0408250118064,93.5041079343342,92.0004095652553
2000-01-31,96.3777060967442,88.525949300262,92.0064796243341,93.4694568790373,91.9661016994924
2000-02-01,96.3670089322551,88.5119610888864,91.9846969849156,93.4380045471134,91.9363024045049
2000-02-02,96.3570359949313,88.4968378586451,91.954036664573,93.3992167826039,91.9057883387418
2000-02-03,96.3473683059523,88.4831964584354,91.9171174353366,93.3543491617273,91.8719502951486
2000-02-04,96.3390464703346,88.4694385460415,91.8792862831959,93.3166503271843,91.8356181077713
2000-02-05,96.3305543456791,88.4563286556324,91.8462830525833,93.2824591452873,91.8012551407064
2000-02-06,96.3224501838788,88.4399145048944,91.8166761270535,93.2418943847859,91.76683579042
2000-02-07,96.3140548407004,88.4261519083653,91.7877202102216,93.2052282160625,91.7321743799463
2000-02-08,96.3047027057939,88.4120560185872,91.7608106949198,93.1917693698708,91.6999773868922
2000-02-09,96.2955413564325,88.3928419841151,91.7284667821589,93.1545397768538,91.6651497960189
2000-02-10,96.2891163484043,88.3730753666992,91.6929525710419,93.1116907558877,91.629608221776
2000-02-11,96.2824878033665,88.3549197888255,91.6562150609254,93.0701678898825,91.5945773944069
2000-02-12,96.2794987003248,88.3371974525652,91.6199070529401,93.0342592110594,91.5596529920973
2000-02-13,96.2793804895823,88.3282686912284,91.586225728245,92.9996215712849,91.5260012427468
2000-02-14,96.2738878149821,88.3152670411103,91.5529686019057,92.9619778916661,91.4925153916179
2000-02-15,96.2646610021427,88.2964350891422,91.5207206065003,92.9270509827374,91.4575718567575
2000-02-16,96.2551360854971,88.2781334440028,91.4887434198601,92.8921253842977,91.4245815065105
2000-02-17,96.245737744577,88.2604738716641,91.457397300162,92.8590868030948,91.3932380574335
2000-02-18,96.2368771392098,88.2459299447424,91.4272722021685,92.8234192385244,91.3644367801019
2000-02-19,96.2276749488725,88.229807017716,91.396022214616,92.7889867833244,91.3373712158385
2000-02-20,96.2181763367785,88.2128994085606,91.3655810318544,92.7600464930523,91.3108476787212
2000-02-21,96.2081381784888,88.1967200186836,91.3419240343407,92.7318595091614,91.2865381849987
2000-02-22,96.1987457645569,88.1802718692188,91.3226164019104,92.716528169644,91.2626993982767
2000-02-23,96.1888103388365,88.1641995135809,91.3023737919131,92.7208000668919,91.2375774481276
2000-02-24,96.178734031757,88.1497970015086,91.2840555428341,92.761425765345,91.2121757848921
2000-02-25,96.1686019266705,88.1358909718296,91.2741426325836,92.7683320666911,91.1903899865934
2000-02-26,96.1583714062916,88.1213512401917,91.2448814552168,92.7560344576515,91.1656305718489
2000-02-27,96.1493017289843,88.106459661955,91.2219062413196,92.7431072696048,91.1432375441838
2000-02-28,96.1435574462253,88.0936831724215,91.2014762177534,92.7399850316938,91.1214059620624
2000-02-29,96.1354790758845,88.0797720169584,91.1808127450332,92.7161168734894,91.0992539464223
2000-03-01,96.1293955291791,88.0682242111484,91.1658764766315,92.7052175753907,91.0796777350698
2000-03-02,96.1227801464852,88.055524502649,91.163715656966,92.7553339528379,91.0597219898265
2000-03-03,96.1148201379937,88.0435167068391,91.2498983640276,92.8749660024611,91.0716217024229
2000-03-04,96.1060197699302,88.0338115368641,91.3166019738742,92.9470848186044,91.1139442522534
2000-03-05,96.0969070287577,88.0221400669771,91.3093565949373,92.9356576610567,91.164510131626
2000-03-06,96.0906083220154,88.0095693211732,91.296745366786,92.9329763454149,91.1432874982119
2000-03-07,96.0902883351747,87.99946535032,91.2917099022127,92.915386428475,91.1246919972534
2000-03-08,96.0851553943805,87.9850365935915,91.2954895224504,92.9000030066974,91.1086715006073
2000-03-09,96.0813134343395,87.9714210922387,91.3060332012688,92.8845504374919,91.0945255504497
2000-03-10,96.0775044013015,87.9574025919616,91.3220856716757,92.901556747447,91.0810587517746
2000-03-11,96.0719644117417,87.9429287334205,91.3676474956053,93.0350420104725,91.0773877794446
2000-03-12,96.0658211000862,87.9277691697231,91.4066942903831,93.4677210949381,91.0746956867389
2000-03-13,96.0589268742734,87.9122257525715,91.4002438325841,93.8688178530408,91.0579905541825
2000-03-14,96.0518299447184,87.8974609228755,91.3982964143042,93.9888102724341,91.0449623481572
2000-03-15,96.0452703282593,87.8836874316595,91.4017951648312,94.0909374968173,91.0370454333518
2000-03-16,96.0382819071763,87.8713332481068,91.4085826640417,94.1546847699439,91.0325814628512
2000-03-17,96.0307789629471,87.8586255245816,91.399307134257,94.1353007849387,91.0152797563943
2000-03-18,96.0236139523287,87.8460865925161,91.4048530337264,94.1067665372351,91.0044649014105
2000-03-19,96.0164676580459,87.8337616938123,91.491843984941,94.118463431486,91.0148388425549
2000-03-20,96.0097930431963,87.8220454032576,91.5305107627609,94.084220480032,91.0079131157548
2000-03-21,96.003065501278,87.810944192497,91.5204495401275,94.0448940940371,90.9920524651988
2000-03-22,95.999191137811,87.8049539979594,91.559661611594,94.1441517366685,91.0311275939209
2000-03-23,95.9937423178262,87.8008427930962,91.727043028639,94.3573921744649,91.1913653811014
2000-03-24,95.9875929158821,87.79995243144,91.9374776824901,95.5024762339984,91.4926842935682
2000-03-25,95.9872183764798,87.8075937109244,92.2218754969224,97.780027948202,91.6653186056818
2000-03-26,95.9850759046443,87.832845148697,92.5266874574149,101.126527683941,91.9746751037461
2000-03-27,95.9862059020679,87.9032759569535,93.1011317115359,104.427321689905,92.6400187744113
2000-03-28,96.0064750275678,88.1139674508951,93.733302215052,105.151282500553,93.5435283818439
2000-03-29,96.0154364696256,88.2209115722943,93.9928983747121,104.989072607334,94.0282733643016
2000-03-30,96.0126486250817,88.2112897496991,94.0096072462374,104.849359373999,94.0499576801208
2000-03-31,96.0096889299361,88.2311405463427,94.1001846433214,105.004943436991,94.3586668997155
2000-04-01,96.0084388863611,88.3239312923325,94.2710374973471,105.932461054241,94.6958160545848
2000-04-02,96.0111355059184,88.350899243268,94.381165686143,107.197842614521,94.8252776793519
2000-04-03,96.0054995423244,88.3470355579199,94.3500418843166,108.689412614393,94.8099508891897
2000-04-04,96.0005011560624,88.3477817872147,94.5423137747762,110.030889615772,95.0322236761413
2000-04-05,95.9963164033644,88.3402761664093,94.5610489830555,110.925957897619,94.9423741629955
2000-04-06,95.9916202113854,88.332560259071,94.4527575391817,111.119960436281,94.8341476692737
2000-04-07,95.9913340374485,88.3133029931207,94.3343691684281,110.586993975286,94.6976978426446
2000-04-08,95.9844903541813,88.2907584386498,94.4366296806349,110.385471814185,94.6115353991584
2000-04-09,95.9777153169827,88.2783658647185,94.5859349117761,110.724871197599,94.5843838437109
2000-04-10,95.9857339849606,88.2976746522231,94.871599741703,110.5604642692,94.6565873659566
2000-04-11,95.9934038361195,88.3688671787524,95.0974176261463,110.049458153681,94.8486607752378
2000-04-12,96.008093402518,88.555134533128,95.683715233195,110.361241354873,95.4269655459605
2000-04-13,96.0390516948058,88.7634262133817,97.4127911748504,111.680766442891,96.2229988723273
2000-04-14,96.1060257346737,89.156719193736,100.582889106862,114.421266295905,97.3753052589456
2000-04-15,96.2317372531296,89.8961074624789,105.09493490334,117.094932875008,98.9863178989147
2000-04-16,96.4069560793322,90.7917376090679,109.977271859821,118.18310829422,100.983454540468
2000-04-17,96.5938915029198,91.3402798393018,113.404329729362,117.849142838232,102.798662831556
2000-04-18,96.8107960580778,91.6277926131878,113.939679192462,116.37587887052,103.690320074013
2000-04-19,96.9804313374975,92.1659646669346,113.65133492473,114.619067532879,104.824040818581
2000-04-20,97.0826391929192,92.9671554958694,113.879163618583,113.850229909532,106.350295664801
2000-04-21,97.3197904452828,94.2312034701441,114.940200078448,113.304545389093,107.961292995885
2000-04-22,97.6552613892159,96.4269509238537,116.626281056291,112.309702382463,109.72597794396
2000-04-23,98.4578052018066,99.2876860439626,116.609256186299,110.303932596852,111.532929209075
2000-04-24,99.5988829422932,100.901315224648,116.038485676979,109.253202014172,110.983469976591
2000-04-25,100.891642801135,102.045890755698,115.445085690103,107.857064385902,110.214990592668
2000-04-26,102.555952639916,103.446490608341,114.667525683969,106.850855308524,110.010039095927
2000-04-27,103.862295001248,104.558186808076,113.817352917838,105.788403839815,109.366013288593
2000-04-28,104.477481886011,105.700919091347,113.043667586722,105.793342757478,108.560397801646
2000-04-29,104.841736858282,106.711530157255,113.288471228586,105.922392852227,108.853434821875
2000-04-30,105.10905821984,107.701192422451,112.366842867796,105.002737100122,108.721788554227
2000-05-01,105.484590192683,108.672999338086,111.431973272228,104.697507020985,107.950116188488
2000-05-02,105.937936519538,109.205015229304,110.532365867801,106.217688029131,107.127933188527
2000-05-03,105.888314385051,109.189403271224,110.163557661344,107.152356931164,106.388074653675
2000-05-04,105.848909133905,109.089809346704,111.049392523644,108.952074758288,106.498845387253
2000-05-05,106.073945478704,109.243417163896,111.685521120134,110.997727174569,107.611874913006
2000-05-06,106.428505922021,109.200772542233,112.371711136317,110.929281404596,107.667941195907
2000-05-07,106.988707912706,109.585313288028,113.543578975607,109.865700206957,108.109960885252
2000-05-08,107.776523764227,110.117044200011,114.451413908739,109.030275668372,108.62145121601
2000-05-09,108.875522406471,110.512616142736,114.590283681515,108.654084716185,109.237471056646
2000-05-10,109.760047995362,110.566694671277,113.406378668958,108.062501058786,109.356796203053
2000-05-11,111.307138079925,110.49276419468,111.743142683064,108.608631700992,108.752962085117
2000-05-12,112.419446014502,110.391816438851,110.754724744572,108.884794572901,108.338501199653
2000-05-13,112.858491213896,110.299654636006,111.549450040227,108.640540415819,108.578349427465
2000-05-14,113.383398593583,109.814887253085,112.743183717557,108.123922251267,109.321280657769
2000-05-15,113.941155812633,109.077982345017,113.032018247912,107.646124203398,109.983834612305
2000-05-16,114.164697410039,108.706120512213,113.067205205599,106.656545891145,110.203661829806
2000-05-17,114.022720487002,108.782622096604,112.280649744255,106.034673308232,109.798308110877
2000-05-18,114.345962480202,109.491146332947,111.239089154461,105.974168519416,109.988484873239
2000-05-19,115.550215146225,110.581132859532,110.824420692425,105.806066259045,110.221027965251
2000-05-20,116.878405342947,111.086084458677,109.768426665254,104.971086208379,109.860240772066
2000-05-21,117.889699863741,110.817893855206,108.491626931553,104.668199599327,109.108937696667
2000-05-22,118.246062967309,110.048516421602,107.714635371805,105.592152152345,108.276474695507
2000-05-23,118.226703410888,109.810000892732,107.609188535641,105.027209475483,108.220670089199
2000-05-24,118.526896164972,109.421001445218,106.946892070973,103.660514073453,107.767425895532
2000-05-25,118.667318530046,108.740126091618,105.976723420022,102.565637814316,107.030370782276
2000-05-26,118.294953251081,108.030194623216,105.198619628415,101.361463554735,106.970077377712
2000-05-27,117.928844861976,107.561054863464,104.802636125651,100.894223401499,106.967388397139
2000-05-28,117.646847903313,107.480493329239,104.462003723816,101.979436186672,106.618207744245
2000-05-29,117.440276416563,107.224137101842,104.466194693096,104.175945143028,105.825319173043
2000-05-30,116.884997771672,106.925602028868,103.730918621708,106.005012191017,104.947871766253
2000-05-31,116.402042677135,106.587657625543,103.793608748912,106.24739546325,104.043727180685
2000-06-01,115.483844944519,105.71794790878,102.469290872984,106.015605684378,103.340500182403
2000-06-02,114.357225498664,104.645923380698,100.923171017792,105.878916516113,102.289750649512
2000-06-03,113.362291127555,103.956673795845,100.862571647778,106.164423904537,101.738488794997
2000-06-04,112.182862620083,103.776163980686,102.398607457315,106.268871973235,102.626032482376
2000-06-05,110.753289116799,102.62680894248,102.847551365203,105.748549916789,102.611352674543
2000-06-06,109.76989758549,101.241938060695,103.55007848498,105.66935838694,102.798480346505
2000-06-07,108.386380466421,99.8910845248862,104.121103714194,106.182438656752,102.509064916477
2000-06-08,106.763364401563,98.4294986332597,105.802188795166,106.694858084499,102.86630402028
2000-06-09,106.362662915562,97.1822727773894,104.825818452681,107.799703774961,101.662480687582
2000-06-10,105.943564636644,96.7177192146945,103.792038818882,107.083114560452,100.808691427082
2000-06-11,105.250073665165,96.5999475377427,102.647094900498,105.122350035202,100.448369506762
2000-06-12,104.143510124767,95.9319071413378,101.029261752424,103.383758495353,99.4294378060522
2000-06-13,103.110256171978,94.748678437552,99.2722290729054,101.632663045255,98.1668078945365
2000-06-14,102.853509625751,94.2466728533848,97.3075923062926,100.404727398673,96.529810200793
2000-06-15,103.000377032298,94.1302566892834,95.5455620109183,100.009593627105,94.9216962816887
2000-06-16,102.241066624352,93.4230695825841,94.5888035498214,99.7579122272438,93.6825812973215
2000-06-17,101.874091859514,93.0099382833365,93.458285242207,99.2486260318904,92.9747432982177
2000-06-18,101.316224086153,93.2343788709085,93.0388459987266,98.2372677899912,92.7462046231176
2000-06-19,100.882311946508,93.1969884974873,92.2051039331008,96.4097211565955,92.1672692055409
2000-06-20,101.263766235255,92.4261339742134,91.3903630051589,94.2762801726748,91.7563940197998
2000-06-21,102.227973504091,92.5663520410134,90.8684065985663,91.933679717589,91.8624925806601
2000-06-22,103.754088378948,92.9847826498182,91.7892766891759,89.6503280201369,93.9314114800498
2000-06-23,104.231335107088,92.2487817218871,92.3435723888967,88.5124423213344,94.3433788197395
2000-06-24,103.403930321859,90.6907546929605,91.5114881701926,88.4168678413511,93.5079347261182
2000-06-25,102.775602992062,89.7325521903006,91.2477715846532,87.8109648767853,92.9323506508768
2000-06-26,102.68127574302,89.036761203467,90.8439315491052,86.2331791240007,93.0608502182547
2000-06-27,102.691834162219,87.9773693906997,90.9271390106694,84.3905094735704,92.2596751398291
2000-06-28,103.124961699871,87.3495741161114,90.0777538152896,83.6449240338179,91.5744097857381
2000-06-29,103.599853099247,87.8063644968841,88.6765889744824,83.6363432444002,90.6285280511847
2000-06-30,103.138947196974,88.9538428250822,87.7867073147352,84.4507490475856,90.8479488780602
2000-07-01,102.673435665899,89.2608642230447,87.329472094179,84.0699020413516,91.6693506427483
2000-07-02,102.804299823811,88.3412609630614,87.4987752681895,83.169297000105,91.5208461221154
2000-07-03,103.313062885428,87.9026990871748,88.3688151887259,83.5374986455166,90.9342616561523
2000-07-04,104.303323438037,87.8001541072978,89.9752667834379,84.7144197148855,90.9745506263366
2000-07-05,104.871633796194,86.8932658241169,92.0529717519519,84.7520195800645,92.0980931659653
2000-07-06,105.824093828475,87.0774473443378,92.8598072331095,85.5921938392755,93.1041846916794
2000-07-07,105.763779186958,87.4783165919243,93.950735076626,85.9492555321209,94.7615092320709
2000-07-08,105.231340730758,87.7063843838884,94.9258821429657,85.535375653309,96.7251672470939
2000-07-09,104.385138811556,88.3571620875206,95.2346701916868,85.2075291176278,96.5776117707365
2000-07-10,104.181247956309,89.5071765248422,94.5025020268801,84.6820318617922,95.5669624062775
2000-07-11,103.881835954918,90.3011990607787,92.8831186999007,84.1404429655107,94.187353336358
2000-07-12,103.074436068621,91.3997680489128,91.3129502795485,83.5684992479561,94.2840202478734
2000-07-13,102.268650857802,91.4793811314456,90.7614642440951,82.9661024006481,94.049285263552
2000-07-14,101.461440424927,91.7156812231229,90.4258355025549,82.2929201147187,94.3153822858833
2000-07-15,101.30324517633,93.1227437880485,90.132631685516,81.9594461483971,95.3634198794071
2000-07-16,100.573718922343,92.6515981936295,90.0535405997821,81.7174758667684,95.8897884783976
2000-07-17,99.9122063983741,92.1051764215022,90.1997420761611,82.0054857018157,94.9704807636399
2000-07-18,99.7067718121238,91.8047842275039,91.4020482614907,82.780302147263,94.9876244122014
2000-07-19,99.7393865586994,91.2713921178106,91.7198169183144,83.6010172700255,94.3008828575675
2000-07-20,100.760855125968,90.8987827075923,91.4378464072708,83.3946434781357,93.4183210924375
2000-07-21,100.394001460039,91.3237087422945,90.6042447465456,82.1925286167711,93.0764070224368
2000-07-22,99.8971684698561,91.108196794659,89.4318334279647,80.9336764245473,92.3041024208013
2000-07-23,99.1987382519904,89.8960682445764,88.5529292737777,80.1950384677024,90.6693135105044
2000-07-24,98.3866394848472,89.5154753141101,88.2245413591218,80.4438494851111,89.4376796265964
2000-07-25,97.8287114383915,89.4932688828282,87.8293559197981,80.9643766326396,89.2726545491589
2000-07-26,97.8285808993915,89.4686759275188,89.3500621661551,81.5229023950274,89.8389697513326
2000-07-27,99.3061757795212,90.1009978183257,91.7199443551146,81.9700741541427,91.2099810856517
2000-07-28,99.8495293615733,90.6222056279495,91.3989443225337,82.1308951688474,91.1599464266976
2000-07-29,100.397405130514,91.5669662089647,90.8919014115957,81.6587315395439,90.4574686560831
2000-07-30,100.696095872578,91.4434182661084,90.201841886965,81.0805191485634,89.9114995465243
2000-07-31,100.983646431859,90.8524883167901,89.6991128321057,80.9255643772316,89.2250457337109
2000-08-01,101.381800588077,90.5081450831812,90.2356262427637,81.0154790600256,89.1585295053066
2000-08-02,100.617200423386,89.6576431053512,90.5844030388106,81.8693645540927,88.5539396517828
2000-08-03,99.88740422137,89.605988472691,91.3315640716536,81.9401868685045,88.9394966021208
2000-08-04,99.7846263612525,89.3318648570464,93.2603751487756,82.3630963631278,89.1748418765823
2000-08-05,99.5763481710097,90.4477128187538,94.6861760163631,83.3691877159562,90.0524588536597
2000-08-06,99.5294120438579,92.2431608428407,96.5513642249039,83.9552887245087,91.9503306047466
2000-08-07,99.7421714363119,92.842193936606,96.7880485164278,83.7275369859752,93.577855151776
2000-08-08,99.4330285742277,92.6815218274662,95.895960007753,83.9161278253061,94.9368903358156
2000-08-09,99.3671081644725,92.0955450814537,95.2866278614127,84.525713527498,95.364398696393
2000-08-10,99.8454352617568,91.6056485765828,95.2984240808592,85.4541572025885,95.8471231278408
2000-08-11,99.9773550479416,91.8622790801238,95.4683560379454,86.3197422467329,96.0087014963272
2000-08-12,100.09053881034,94.0392236103373,96.0429035291133,86.5927111651583,96.5558798231072
2000-08-13,100.064269331916,96.5727807647775,98.0376168170484,86.37508367651,97.394352756065
2000-08-14,101.814988781663,98.8938267757888,99.2646618808689,86.235999790884,98.6996468016741
2000-08-15,104.276952567359,100.423876141127,98.3558549326836,85.7302658020849,99.3707752765739
2000-08-16,105.214435193486,99.1815467670813,97.2660356695588,85.5896406946172,98.6155691594844
2000-08-17,104.507845185699,97.9134565360661,96.8435207673418,85.7308934909444,98.3300710290239
2000-08-18,103.626836919613,97.5729287293146,95.630533967412,86.7535540362086,97.5619330632324
2000-08-19,103.314747100145,97.8736444514803,96.0090614685357,87.9739016237829,97.1429528117744
2000-08-20,103.497724179293,98.389050266703,97.5263641199472,88.2436514231281,98.7711807948338
2000-08-21,103.84178489483,98.9535925427508,98.5832798935214,89.0327450135246,99.1483605817216
2000-08-22,103.380216572555,99.2105022452283,98.9694806604354,90.9598219852223,99.4101556429747
2000-08-23,102.415981956286,99.2379456902432,99.1546415366248,91.9029447333677,99.0038804631278
2000-08-24,101.909410296958,99.1024457718446,99.3517929567697,91.9163778544741,98.8064345761649
2000-08-25,102.054721167611,98.6287812245209,100.224450451959,92.0110183757926,98.9900892041031
2000-08-26,101.862907738212,99.6572712806859,104.353425570327,92.5954129954631,102.174035463074
2000-08-27,102.515266136121,101.080180931348,104.97202233562,92.63170040246,105.109004290335
2000-08-28,102.38017167742,101.056402480539,104.242168499409,92.4420696697032,105.274313741289
2000-08-29,102.064639855435,100.606782525625,104.145390083047,92.5615760551198,104.993964205326
2000-08-30,103.040065791005,101.066816181133,103.800973249002,93.0950312905704,104.91440166968
2000-08-31,104.084004976562,101.265422006275,103.212991571004,93.1254166626972,105.087645898628
2000-09-01,104.661877489852,100.737807631292,103.26427760783,93.096627807999,104.532672413667
2000-09-02,105.654830089244,100.712544611228,103.286592616214,92.7379879147928,104.308592299262
2000-09-03,106.292489440929,100.070567160409,102.703375024473,91.9280315105987,103.626199466436
2000-09-04,107.270538645669,99.9388030967188,101.657033647629,90.5801284733205,102.992224343651
2000-09-05,107.880952804792,100.714055893478,101.364570984693,89.1048329263155,103.997009636347
2000-09-06,107.860481923192,100.713512545274,100.95779800346,87.7693473066663,103.493729275032
2000-09-07,107.725730261312,100.426792059387,99.5771993426344,86.5197637109324,102.053523967373
2000-09-08,107.955266682388,100.336360056083,98.517030092021,85.5868895811128,100.933978637446
2000-09-09,108.112052165245,100.768485322831,99.7483791726335,85.0429621428585,101.959933997924
2000-09-10,108.221760338057,100.464484511985,99.9511144162711,84.660232108612,102.227588029865
2000-09-11,108.317844547696,100.505452078571,99.5122780552231,84.5054004668206,101.823023501933
2000-09-12,108.529110313603,100.662645701753,99.1203422502161,85.1286770356366,101.459165583017
2000-09-13,108.488212111959,100.614811652505,99.6083064459962,86.0556175757069,101.382568268029
2000-09-14,108.467859992182,100.386280601812,100.275868595596,88.2569562791044,101.702582324706
2000-09-15,108.954987619391,100.956702520611,101.990541193548,89.9888317771707,102.311753353838
2000-09-16,108.902691587433,100.476139546674,101.729509948391,90.4107875598608,101.911226924837
2000-09-17,108.309047752686,100.441466860061,102.262208144983,90.6158020884292,102.880090696848
2000-09-18,108.177240505094,100.850700311242,103.274624302434,91.7249053898187,103.894056091516
2000-09-19,108.127815720426,100.920379234437,104.440650366589,92.7170662518604,104.075994845011
2000-09-20,108.136621228058,100.828847476088,105.561212955562,93.1443214471483,104.628419382781
2000-09-21,108.310680726066,101.202339856075,106.326009376216,92.8064772766371,104.815706750507
2000-09-22,109.070405353952,102.706740165003,105.575432994704,92.3950690045942,104.320433341431
2000-09-23,109.778663651956,102.809766650291,104.213865810638,92.0849370119179,103.305804633603
2000-09-24,109.854269748822,102.969833996327,103.269779603353,91.9781751277576,103.025744017429
2000-09-25,109.786609617047,102.671592290915,102.562227585384,92.6341609904506,103.090171803552
2000-09-26,109.466115362797,102.761673480758,102.145397292219,93.3753475209674,103.183786882212
2000-09-27,108.950096257808,102.397062118553,102.526229215145,94.7583311516284,103.127343161356
2000-09-28,108.446535451492,101.699850693933,103.285498998177,95.8910194473801,103.506975226349
2000-09-29,107.839047971728,101.393363504447,103.675923261317,97.058557628274,104.336896474611
2000-09-30,107.419372669457,101.451479205276,104.214911581795,97.8298659730683,104.855002278901
2000-10-01,107.04018471651,101.636204992883,103.855138280559,98.1862914695335,104.944716761054
2000-10-02,106.732844260772,101.201618347408,103.589989360592,98.5833038275441,104.181406030825
2000-10-03,106.357453356819,100.556029765036,103.16210981332,98.3143773994775,103.443955753805
2000-10-04,105.927370459193,99.945023021638,102.571372972607,97.9114396083602,102.801069363517
2000-10-05,105.525884817865,99.4293864715075,102.007753901992,97.8509548638158,102.299018843624
2000-10-06,105.177640333659,99.0968254448804,101.909606595482,97.5067666275717,102.028921110493
2000-10-07,104.947132995631,99.5959448683804,101.573205559313,97.2061240289357,102.067091140295
2000-10-08,104.762611783688,100.306947229921,101.867205284193,97.1180467753214,102.890932564845
2000-10-09,104.43268255081,100.311196900329,102.061781893549,97.7019177723784,103.155725003551
2000-10-10,104.103910131212,99.9676858100003,101.66632589991,97.8379839914751,102.945008236982
2000-10-11,103.866785120982,99.6504834496596,101.297012752694,97.7063854526485,102.648539676322
2000-10-12,103.615494811332,99.4242415559032,100.922821964233,97.4558707782008,102.320985710669
2000-10-13,103.349114985216,99.0267761489283,100.570160210082,97.2874144497844,102.292869138885
2000-10-14,103.10302880448,98.7931147798274,100.211158466422,97.2574167692727,102.084597223543
2000-10-15,102.882230439846,98.7001183118701,99.8964803154209,97.3715454551083,101.7158857699
2000-10-16,102.67331929483,98.5649144091619,99.6236053328411,97.4086615119876,101.48919675306
2000-10-17,102.483135074261,98.5870438642024,99.2930748900744,97.3324470239518,101.19726002995
2000-10-18,102.282215689103,98.301246666912,99.2347448248854,97.3241734318127,100.867684469846
2000-10-19,102.112342272857,98.1313545975225,99.6353366764093,97.6342186610522,101.204972678122
2000-10-20,101.931732729461,97.7880268444209,99.7515643209363,98.6039580115232,101.010949297435
2000-10-21,101.756180302521,97.4223165733061,99.5214156645103,98.8636098949754,100.594731902213
2000-10-22,101.597155033701,97.125620309024,99.3014264077478,98.6430997724372,100.328214264404
2000-10-23,101.444215934946,96.8867868224882,99.4665282902824,98.6378220060984,100.228500762643
2000-10-24,101.296009497485,96.7215306802384,99.7291051058938,98.7333709303303,100.466456622962
2000-10-25,101.185966954538,96.5815985797587,99.6041394129236,98.6860405611857,100.38560282753
2000-10-26,101.055722599274,96.3409245112326,99.3674189785543,98.6155269715754,100.088950710049
2000-10-27,100.930260554685,96.1933846820546,99.3107934501894,98.5505880226795,100.119122386233
2000-10-28,100.809134154035,96.1590978291564,99.522441717281,98.8468874605017,100.320063244848
2000-10-29,100.699994487338,96.1021476321218,100.731149489613,99.9306274918192,100.996983812865
2000-10-30,100.582218306853,95.8759156028718,101.365413132501,101.724689358925,100.945911128439
2000-10-31,100.471752806494,95.6556921864336,101.001748813715,103.392922370584,100.534903823849
2000-11-01,100.363712094742,95.4381497766558,100.52909877414,103.123399722689,100.128431242214
2000-11-02,100.260501200866,95.2390968545692,100.126888205129,102.830397142033,99.7956393803097
2000-11-03,100.159955587837,95.0460540911355,99.8588529769819,103.105312765998,99.4869158732456
2000-11-04,100.062023479669,94.8617996522717,99.89568790934,103.086289660567,99.2279585912055
2000-11-05,99.9670472318743,94.6879846613118,99.5299814550967,102.777133085961,98.9527135382375
2000-11-06,99.8752242471131,94.5206247687477,99.1973531799739,102.359958877535,98.6969251620337
2000-11-07,99.7863932529739,94.3611693517379,98.9012903952446,101.973713188848,98.4596776042515
2000-11-08,99.7014619410486,94.2124717934276,98.6318609888016,101.620124728896,98.2367427509626
2000-11-09,99.6755960529796,94.2740069755105,98.3836513536114,101.290496106356,98.0276825009448
2000-11-10,99.6541614706504,94.4140927102622,98.1532601721706,100.985917586273,97.8317643602098
2000-11-11,99.5753967661157,94.3723683056331,97.9369358585988,100.701633981621,97.6477795100795
2000-11-12,99.4857253197302,94.1734635892989,97.7350229399737,100.436555382176,97.477973851125
2000-11-13,99.412794067325,94.0165918748656,97.5462975971846,100.189867512932,97.3171124502727
2000-11-14,99.3679226539153,93.9150170819762,97.3718394555428,99.9616211538532,97.1644441798149
2000-11-15,99.2989315009151,93.7901113053792,97.2061197747296,99.7400475151689,97.0188169966267
2000-11-16,99.2265933021625,93.6502063892136,97.0503848979632,99.5280516421585,96.8780297543186
2000-11-17,99.1580620209925,93.5226728474142,96.9035123018139,99.3294176029382,96.7444153207675
2000-11-18,99.0949150241347,93.4048718850009,96.7638486602565,99.144761877949,96.6159178938231
2000-11-19,99.0319314949908,93.2920204141702,96.6314447747999,98.9620058405435,96.4948081319068
2000-11-20,98.9681330040097,93.1812354381772,96.5072400770303,98.7896342801469,96.3791041296662
2000-11-21,98.9068882298053,93.0788112581861,96.3879034255807,98.6242649568681,96.2690011671598
2000-11-22,98.8474730706361,92.9827874713391,96.2825467669116,98.4730148351006,96.1778285003143
2000-11-23,98.7914716194582,92.8963350086017,96.1998850267933,98.33845472207,96.1235316127051
2000-11-24,98.7389311565538,92.80687589669,96.113492493154,98.2004760916864,96.0488311549224
2000-11-25,98.6890419841115,92.7140425435183,96.0105823885837,98.0562302939749,95.9547619147071
2000-11-26,98.6372977874111,92.6205496469104,95.9243165848874,97.9253163475288,95.866519437506
2000-11-27,98.5868783312412,92.52830801534,95.8318663760775,97.7903631592405,95.7755672022613
2000-11-28,98.5379544944482,92.4396282487223,95.7396558485039,97.6613316297983,95.6881676345067
2000-11-29,98.4913897332986,92.3534277596131,95.6467711698217,97.5340892610403,95.599512711245
2000-11-30,98.4457066180673,92.2708695162852,95.5541803976673,97.4106264282827,95.5147678557132
2000-12-01,98.4007546155446,92.1918795274542,95.4655443265534,97.2925374713597,95.4354128680381
2000-12-02,98.3565962934665,92.1101697342981,95.3830533888677,97.180599509409,95.3536399631332
2000-12-03,98.3138247305671,92.0300380788037,95.3016836227206,97.0780304354058,95.268005011711
2000-12-04,98.2726853641032,91.9520784602492,95.2251472196516,96.9738735364841,95.1853028912292
2000-12-05,98.2332789151903,91.8777696830874,95.1481050591613,96.868980625286,95.1074593173883
2000-12-06,98.1951912676359,91.8074528972516,95.0764836679399,96.827052297532,95.0348370180074
2000-12-07,98.158038455124,91.742727148589,95.0080715722448,96.880567941718,94.9623756496778
2000-12-08,98.1226321071322,91.6789563636782,94.9381327824444,96.7849888639125,94.8903647960114
2000-12-09,98.0891410388544,91.6147615000573,94.8696802589532,96.6905649160794,94.8176068536874
2000-12-10,98.0563564918899,91.5528179600967,94.8091828883075,96.599428747426,94.7471460829698
2000-12-11,98.0241898553973,91.4905191996004,94.7608244950129,96.5104430963299,94.6825737171632
2000-12-12,98.0039464332895,91.4693497278077,94.7054892717974,96.4245129105426,94.6189501936334
2000-12-13,97.9852975625941,91.4347550705043,94.6456761844719,96.3392895235738,94.5556426499203
2000-12-14,97.9584495564506,91.3761517645205,94.5882724559338,96.2594635944969,94.4945601781924
2000-12-15,97.9289681747729,91.3159607569713,94.5321256422802,96.1843158138765,94.4316193981813
2000-12-16,97.9003231335529,91.2580321401969,94.4766521197355,96.1095748813088,94.3712439575416
2000-12-17,97.872275574868,91.2014987811458,94.4194604870612,96.0359096680355,94.3103378341295
2000-12-18,97.8449445614913,91.1445699018131,94.3630993835392,95.9636631676498,94.2505780916079
2000-12-19,97.8278254405257,91.1085460590827,94.30667644226,95.8896864457094,94.1932873262823
2000-12-20,97.8180979426656,91.0921988876619,94.2510636163503,95.8168551853967,94.1381019601
2000-12-21,97.7947297492726,91.0431793432389,94.195543805981,95.745503128861,94.0838499912125
2000-12-22,97.7720732117567,90.9977786162176,94.1407110993556,95.6754132554653,94.029547875869
2000-12-23,97.7509732014181,90.9533980272412,94.0872576044349,95.6071133599014,93.9770080886166
2000-12-24,97.7300566164197,90.9071134362322,94.0353716662219,95.5409972236911,93.9258201870842
2000-12-25,97.7075849540005,90.8590318349857,93.9863177356937,95.4787736836895,93.8755039045114
2000-12-26,97.6847812762729,90.8114511626324,93.9398411799654,95.4191808440387,93.8252317450175
2000-12-27,97.6626103429594,90.7664044984442,93.8967945506518,95.3717125389734,93.7790107196739
2000-12-28,97.6413191840408,90.7251831338862,93.8599799743122,95.3139687052357,93.7376260914443
2000-12-29,97.6212539178037,90.6855051929425,93.814627054572,95.2544669426231,93.6953930120421
2000-12-30,97.601574226008,90.6472783876784,93.7702719618088,95.1958854957192,93.6576630712923
2000-12-31,97.5817780381972,90.6106706808665,93.7274548195087,95.1398606404383,93.622221437527
2001-01-01,97.5619900501388,90.5710980222723,93.6842181762854,95.0854081782276,93.5856060073883
2001-01-02,97.5427812935898,90.5307207801665,93.6422720112722,95.0371239979085,93.5481123441787
2001-01-03,97.5241514028538,90.4901374008578,93.6069825770435,95.0176452760549,93.5097450973089
2001-01-04,97.5062030527467,90.4515653595459,93.5669253134806,94.9785670023419,93.4731095932887
2001-01-05,97.4889065297094,90.4131922787987,93.5241583057543,94.9292555703113,93.4351310145889
2001-01-06,97.4723009179928,90.3745622589301,93.4804464071212,94.9080168204824,93.3945623859951
2001-01-07,97.4567065643097,90.3406295434887,93.439682980531,94.8547565192188,93.3622128051659
2001-01-08,97.4415470293876,90.3107174589323,93.3994578834541,94.8049989823459,93.3344830303872
2001-01-09,97.4277111475846,90.2838293528016,93.3604412682319,94.7549186853951,93.3041578853401
2001-01-10,97.4162929961031,90.2589177719525,93.3243517023181,94.7076227794636,93.2765106094017
2001-01-11,97.4040934525914,90.2287449018299,93.2881996854075,94.6563092435854,93.2463002496848
2001-01-12,97.3921467007939,90.196968972391,93.2501637606322,94.6044565892552,93.2091071676987
2001-01-13,97.380842943297,90.1661858684142,93.2150585698254,94.5572454127114,93.177165675815
2001-01-14,97.3706600202146,90.1413525892578,93.184121128146,94.5127421516558,93.1491350238487
2001-01-15,97.3624119576871,90.1218765764016,93.1567707798467,94.471255662451,93.124496958968
2001-01-16,97.3566015892627,90.1067716428262,93.1312251169652,94.4300072668436,93.1003219238834
2001-01-17,97.3508321430047,90.0959828969006,93.103505875167,94.385679110422,93.0793132698714
2001-01-18,97.3479594336721,90.0852655824924,93.0823505644824,94.3424124223534,93.0642855607332
2001-01-19,97.3485985387505,90.0759141306586,93.0609103766083,94.2992132259171,93.0545408636578
2001-01-20,97.3476891566853,90.0661136665044,93.0306166801406,94.2546247136625,93.0381814821194
2001-01-21,97.3450387983694,90.0570155021101,92.9985864465646,94.2098195632015,93.0147535662346
2001-01-22,97.3418390361126,90.0457344014615,92.9674667517421,94.1637187149684,92.9926567023165
2001-01-23,97.3381351945467,90.0278822743063,92.9390871865745,94.1214627403667,92.969879158286
2001-01-24,97.331190751567,90.0070972604497,92.9165546890913,94.0900211698936,92.9453221702301
2001-01-25,97.3241812563663,89.9871991276334,92.8924433139586,94.0591747832974,92.919502163556
2001-01-26,97.315750552794,89.9653861756162,92.8721441871031,94.0281160224631,92.8994679217799
2001-01-27,97.3074855367846,89.9429593310788,92.845601411655,93.9873847214041,92.8766300928753
2001-01-28,97.2987101671514,89.9207925537372,92.8119562164972,93.9457328850162,92.8491436281057
2001-01-29,97.2892380684597,89.8947883882561,92.7789677394976,93.9064062684518,92.8169109544176
2001-01-30,97.2793065615021,89.8674401332256,92.7449137729546,93.8647737591954,92.7837726421832
2001-01-31,97.2697932415654,89.8407314472663,92.7107646800012,93.8221886537847,92.7508604473785
2001-02-01,97.2604020428852,89.815201599216,92.678844671782,93.7822848505528,92.7228761546478
2001-02-02,97.2509986136458,89.7926624037684,92.6499492341817,93.7490964410088,92.7030335401277
2001-02-03,97.2424174689454,89.7654692782451,92.6219562314233,93.7206744142551,92.6776162811729
2001-02-04,97.2344987644256,89.7394100300713,92.5912529242578,93.678170162305,92.6471379964634
2001-02-05,97.2271866566058,89.7148860168307,92.561440819524,93.638127997401,92.6159197525226
2001-02-06,97.2203880437585,89.6902927207669,92.5314670714765,93.5991602094067,92.5853291065746
2001-02-07,97.2134006693232,89.6661143786828,92.505344144351,93.5608099714105,92.5560656749448
2001-02-08,97.2060762851564,89.6443897593283,92.4823990837959,93.525352160681,92.528720704265
2001-02-09,97.1990173803858,89.6230712722305,92.4548030324046,93.4888894488348,92.5007580527464
2001-02-10,97.1926492742318,89.6009012780352,92.4257879775404,93.4542174807662,92.4721091416599
2001-02-11,97.1932604778717,89.5822824998191,92.4008435725798,93.421148340742,92.4451256069305
2001-02-12,97.1881602871305,89.5592265645668,92.3863051385269,93.3942955540575,92.4210719153776
2001-02-13,97.1837447542419,89.539117862512,92.3700248481517,93.3641794010803,92.3964560272391
2001-02-14,97.1792962220056,89.5189162738113,92.3507984193914,93.3322940795709,92.3701107530816
2001-02-15,97.1734943763581,89.4982717740809,92.3289230945073,93.2979735111051,92.3454699208678
2001-02-16,97.1681078796933,89.4793724289079,92.3032984819499,93.2668654732368,92.3213153654418
2001-02-17,97.1661413903777,89.4603234283404,92.2815594570999,93.238850753223,92.2970827622325
2001-02-18,97.1654941120182,89.4476604274286,92.2716922995969,93.2072995902448,92.2769912371149
2001-02-19,97.160382870036,89.4285645129181,92.255014939065,93.1764207610797,92.2616538231373
2001-02-20,97.1557287880349,89.4062152768429,92.2300409688997,93.1474518310287,92.236251212827
2001-02-21,97.1511772514422,89.3872897148106,92.2059706243014,93.1199912108631,92.2108345527053
2001-02-22,97.1459208942771,89.369397679663,92.1841336602199,93.09311457906,92.1874729929629
2001-02-23,97.1411843993487,89.3500767910143,92.1676925174534,93.0718430583302,92.1643857805262
2001-02-24,97.1360738231082,89.3295021150139,92.1476841421959,93.04646790758,92.140355581617
2001-02-25,97.130595260338,89.3065548367176,92.1261826176794,93.0202557828403,92.1158534658499
2001-02-26,97.125238591728,89.2853086044436,92.1016565657841,92.9929013621858,92.0922256069877
2001-02-27,97.1217305947508,89.2676532989627,92.0822008892221,93.0180368560998,92.0732449362576
2001-02-28,97.1183523492426,89.251602024756,92.0726483192455,93.0477213523012,92.0626221962887
2001-03-01,97.1138253006246,89.2342498620594,92.1017841516383,93.0820047582935,92.056520279695
2001-03-02,97.1087561140217,89.2180709271552,92.0811770242785,93.0594002622794,92.0371252232926
2001-03-03,97.104335666552,89.2021291605593,92.0595480149064,93.0483126503754,92.0170904111747
2001-03-04,97.0996547388702,89.1869170351194,92.038510732675,93.053047691529,91.9992271743253
2001-03-05,97.0951952416356,89.17716805321,92.0179520423407,93.0619850780343,91.9848882056658
2001-03-06,97.0912087295893,89.1683072198,91.9978546251598,93.0590911649123,91.9689436713005
2001-03-07,97.0882357108227,89.1556065443413,91.9884549832071,93.2777774856666,91.9549227021364
2001-03-08,97.0844084308256,89.1394035298371,92.0591044171952,93.6145314930305,91.9740301063965
2001-03-09,97.0802808787847,89.1209993788049,92.0916812413709,94.3146630009578,91.9715189708931
2001-03-10,97.0776445626465,89.103150512927,92.0928281886852,95.0380007962992,91.9560702407042
2001-03-11,97.0767149492865,89.08917692648,92.1515710630415,95.055874558004,91.968266405672
2001-03-12,97.0739799728628,89.0720638787484,92.2320354264163,95.0950670114641,92.0014863778141
2001-03-13,97.0696388233777,89.0531561598022,92.2388385696651,95.0626583031803,91.9894253017245
2001-03-14,97.0659907582289,89.0356849922463,92.2310298874559,95.3380396293982,91.9746654367899
2001-03-15,97.0631453145893,89.0212575571904,92.4446908328355,96.9263180584564,91.9864599931105
2001-03-16,97.0596254112854,89.0099606786122,93.0301910128997,98.392580446984,92.0107051523124
2001-03-17,97.056181701921,88.9963923039277,93.3018478223602,99.520574868641,92.024638940787
2001-03-18,97.0530588975599,88.9832104327069,93.3758419561322,100.751717243542,92.0297047448654
2001-03-19,97.0495400765346,88.9740012471516,93.4046020490367,102.183155395892,92.0380175301282
2001-03-20,97.0473628884234,88.9602272303759,93.4359943484316,104.104580658698,92.0510869924276
2001-03-21,97.0439314040287,88.9421441437873,93.4185276898115,105.81916953556,92.0500199439437
2001-03-22,97.0412448974096,88.9245702091511,93.3931913048116,106.114483622831,92.0524277247889
2001-03-23,97.0376568729762,88.9053765338652,93.3476857189151,106.521420223306,92.0324857859325
2001-03-24,97.0337183387957,88.8866552315508,93.3041843704836,107.236466423088,92.0132779728125
2001-03-25,97.03022445735,88.8685449261452,93.2712523752641,108.564236280527,92.0035984033387
2001-03-26,97.0277259467432,88.8530833318963,93.5727730979161,110.419052037755,92.0141419545314
2001-03-27,97.0277637208481,88.8462585719176,93.8105038972726,111.123633761256,92.0869704330639
2001-03-28,97.0408101312217,88.8792312753393,94.1202501600497,112.004310086635,92.2662179749739
2001-03-29,97.0611796770001,88.9727380595379,94.5630807743091,113.121167512549,92.4924543811162
2001-03-30,97.0984942860942,89.1342218415191,95.1497245199376,113.459030005741,92.8367214030406
2001-03-31,97.1444789789581,89.2920363129626,95.4767077352342,113.407933485328,93.1297709490172
2001-04-01,97.1941044135393,89.4640139176904,95.6751224667241,112.709995295945,93.359602124011
2001-04-02,97.2257603240926,89.4927620111939,95.6429762452053,111.949491729366,93.3458130733755
2001-04-03,97.2279581688679,89.4557744774225,95.4929104958437,111.53107638753,93.2489243423531
2001-04-04,97.2236123712777,89.4497995303738,95.4128105664961,112.05781881024,93.2037118617747
2001-04-05,97.2260243202636,89.5421308702288,95.5615752509259,112.679683908474,93.4405349279857
2001-04-06,97.228245752941,89.5552975745235,95.7438984157216,112.271929153551,93.7359013167378
2001-04-07,97.2379913063738,89.5500463353898,95.7025491628391,111.582222451367,93.6935585688996
2001-04-08,97.26130541605,89.5330668953481,95.6536977096235,110.978409473654,93.6616374095477
2001-04-09,97.2650969327955,89.5208914686655,96.1400910148593,111.322414087573,93.8460788279349
2001-04-10,97.2607642017312,89.5126138677246,96.6213387193307,112.860242917455,94.1186325584764
2001-04-11,97.2678413010131,89.6365559918019,97.4815059872379,114.063318833469,94.48545018837
2001-04-12,97.2877677370456,90.0033789906982,98.7274723050095,115.192884380696,95.0772003908707
2001-04-13,97.3711698001328,90.5058956939422,100.090749714177,116.738738786607,95.5354546014393
2001-04-14,97.466081333397,91.2455234166272,102.068327036465,118.048784041693,96.4658269919999
2001-04-15,97.5880891269755,92.144021092652,103.138132420775,117.993334046051,97.4780526269645
2001-04-16,97.7520952105908,93.1651851308329,103.212010672418,117.168383642362,98.193169239843
2001-04-17,97.8385163680859,94.0824370147606,103.480867997276,116.373624718011,98.8390427394488
2001-04-18,97.8401175008491,94.8660094388829,105.177224851418,117.154107709096,100.184531783971
2001-04-19,97.8287038113438,95.2334100753765,106.44046092255,117.999723849353,101.792173295069
2001-04-20,97.8414656467341,95.3055283521527,107.404470209589,118.327546381313,102.565465416736
2001-04-21,97.9062345373383,95.6626878984157,107.993133685587,117.629637282686,103.242461253081
2001-04-22,97.9457811018964,96.1716221219031,108.876770517472,117.0752825934,103.929242781504
2001-04-23,98.1054209065734,97.1880450312184,111.346170699495,116.64137532892,104.928805643446
2001-04-24,98.3062103124035,98.2240924982564,113.0030506404,115.64901460436,106.324045083812
2001-04-25,98.6389359980711,99.2777110266247,113.741208897103,114.173086948647,108.659979895871
2001-04-26,98.9665468893029,99.7046245101912,112.732105998446,112.743685141752,109.037738713953
2001-04-27,99.1071261417955,100.216358245493,112.417348749131,111.481120280789,109.222853065709
2001-04-28,99.3338877144678,101.1113615023,112.219413733992,110.84511178385,110.102383480818
2001-04-29,99.4561757160736,102.145879006079,111.202599981336,111.20384214178,109.669336358943
2001-04-30,99.6975086078955,102.358992273106,110.650369472202,110.698050902193,108.874263639849
2001-05-01,100.168880840173,102.641087270296,110.480519839943,109.543098345757,108.628641778382
2001-05-02,100.798933188785,102.935675703795,110.331987104898,108.90775991186,108.216004243953
2001-05-03,101.514956804534,103.444457785592,110.582290564238,108.81287272748,108.047645704444
2001-05-04,102.248341335756,104.740440725472,111.472847608075,108.557062736269,108.079036635114
2001-05-05,103.370289144007,105.849294506027,112.858368230408,107.504741144367,108.232120886124
2001-05-06,104.769380288829,106.379371372128,113.674042843066,106.703987542741,108.943921207995
2001-05-07,106.030969655987,106.600985258705,115.194045957518,105.381675263159,109.799351185446
2001-05-08,107.452795921893,107.460230309358,116.365376588849,103.92151329572,110.438350415063
2001-05-09,108.832471499972,108.595330305431,116.132091573538,103.54587768573,110.74329263904
2001-05-10,109.991245392142,109.529221283414,115.215480522426,104.108033875967,110.558523120166
2001-05-11,110.830873898703,110.501634380022,113.782862251449,104.918036693939,110.078590298564
2001-05-12,111.06125029002,110.684751947713,113.132685809145,104.237289292711,109.819671168119
2001-05-13,110.634905602521,110.773130617854,113.552536444857,102.808816487196,110.133271753356
2001-05-14,110.394446203227,111.762229807216,113.989029864029,100.899054178832,111.338347728605
2001-05-15,110.384485036616,111.96411400544,113.768312927515,99.4498746006866,111.81548861313
2001-05-16,110.659506904075,112.289399900412,114.109676676217,98.8980370350696,112.878182856488
2001-05-17,111.219370264657,112.584233630837,113.630120188115,98.3785664629388,113.140073726758
2001-05-18,112.508654187426,112.831277965677,112.295133156043,98.3883609932027,113.133881652184
2001-05-19,113.977091237172,112.81635440776,110.737499230965,98.7767695418862,112.507129361036
2001-05-20,115.233473307256,112.612485241462,109.397129371562,100.084527001996,111.668213307586
2001-05-21,116.654786628619,112.33447139059,108.408367740584,99.862568362719,110.757048518489
2001-05-22,117.440236279751,112.478144011794,108.547486157357,98.2246278262113,111.338219344024
2001-05-23,117.790561880814,113.572507307562,108.398377289826,96.303547729095,112.36224281548
2001-05-24,117.953746423015,114.089874839045,107.734708913503,94.3708074030339,111.497034044531
2001-05-25,118.247294245256,113.715505709705,106.241756820308,92.4295539805383,110.151805304121
2001-05-26,118.63355234258,113.115898366424,104.525362267141,90.5327444500074,108.962722353635
2001-05-27,118.832765336726,112.463352676189,103.014261347491,89.0899418576922,108.511651304459
2001-05-28,118.265014059501,111.932620686792,101.819761379639,87.7991673004189,108.862339922435
2001-05-29,117.706389638658,111.515165514686,100.451578905945,87.2374196449177,108.299533349399
2001-05-30,116.942963556621,110.437556767131,99.2663528065997,87.4348400829184,107.926932029375
2001-05-31,116.495819385094,109.650943882659,98.5421533957717,88.3544538987748,107.103726952657
2001-06-01,115.896542657436,109.343378875157,98.6711860434808,88.9416529495258,106.483568097851
2001-06-02,115.004795823435,109.063567738507,99.5579873124654,91.0591513589848,105.976941681599
2001-06-03,114.242408520602,107.867253772818,99.4671147515324,93.5588436964876,105.150489186048
2001-06-04,113.471044418058,106.651583950773,99.3981384038972,94.7523436680151,104.047933771374
2001-06-05,112.63337280888,105.353611849042,99.9156465983543,95.4193458331199,103.217387002195
2001-06-06,111.919899702757,103.878197734705,100.336945630281,95.1963782507719,103.137241174897
2001-06-07,110.986066305384,102.9319332688,99.9356620710055,95.4564915392401,102.277356012499
2001-06-08,109.806200151594,102.300517179379,99.5387950082304,95.9663123860815,101.224020971992
2001-06-09,108.513969708326,101.605355252172,99.9384153850595,95.4146293937325,101.126535404174
2001-06-10,106.913380289447,100.262500660324,102.324509168422,95.3993797275609,101.267286314985
2001-06-11,106.211623530684,98.629704659007,102.254677977245,96.396929903937,100.638870221209
2001-06-12,104.733348551976,97.4374976990035,100.729829784116,97.2035001167311,99.064967136158
2001-06-13,103.327694199745,96.9274747371409,100.048253358008,96.9250647737373,98.4450116885532
2001-06-14,102.555773983309,96.0632004077889,100.530374020254,96.5443726669367,97.906856308655
2001-06-15,103.009517985497,95.6764221219632,101.034506540799,95.9778571467391,98.3621350870967
2001-06-16,103.562443127295,95.0714379649418,100.932889543912,95.6267162206968,97.9588688235422
2001-06-17,102.904390063055,93.9648151274888,101.214533078347,95.7360320715054,97.4373376986712
2001-06-18,101.499706451043,92.9299666445018,101.128358058049,95.4983246559574,97.5505172155677
2001-06-19,100.616873130842,91.9511495859799,100.676724678204,94.7456371768795,96.7528956353995
2001-06-20,100.284068789192,91.6055869395331,99.5808945885379,93.8467491648118,95.710437361284
2001-06-21,100.31123586483,90.6334226422855,97.4622413468588,93.9013446926242,94.3874200562991
2001-06-22,100.665910117024,90.1194327140065,97.2650000856492,94.5238977738086,94.0207695257278
2001-06-23,100.399748756172,90.6304614464059,97.3060441224258,94.67236818271,95.7435281770857
2001-06-24,100.147405624226,89.963316007363,98.4826488679042,95.0419939899313,96.9245734171103
2001-06-25,100.294641594293,90.1150540059938,98.989295477216,95.5783999859432,97.098404309463
2001-06-26,99.64529851658,89.9062728373155,99.4432907880143,94.9386638211743,97.3768967707512
2001-06-27,98.5647803343275,89.0423965036934,98.4265560902281,95.9460914978666,97.0123790418691
2001-06-28,97.8365960989568,88.2635685015107,99.2682425956685,97.2257992930117,96.839033775948
2001-06-29,96.8391632727682,87.4579216583748,99.7443393028682,97.2003926068316,97.2867233645314
2001-06-30,95.7740227395557,87.1129789793693,98.8770583647756,95.720021342719,96.6780500726143
2001-07-01,95.1441801376648,87.6853973894832,97.7586757476342,94.7247514191861,95.8576926889057
2001-07-02,94.3371169370566,88.0764699205367,96.9822524330132,94.8554689829752,96.1340260125557
2001-07-03,93.6787306026468,88.0078643476132,97.8314327628374,94.7498476135855,96.9642404942005
2001-07-04,93.7680353114591,88.2432492001859,97.3945751407432,93.9164099624965,96.77154337537
2001-07-05,94.1020095455345,89.6065915180768,96.9098067150886,94.1159176722866,96.1363154905855
2001-07-06,94.781367529899,91.6502078313857,97.0628250948565,94.19220562205,96.1520195856672
2001-07-07,94.8618256093492,92.3211232647522,98.7733995523695,94.1882505539956,97.07874521687
2001-07-08,94.848230809451,92.4159219966556,98.8398693745889,94.1896108737069,97.9883936634248
2001-07-09,95.1906090392918,92.3105229577368,98.3344610055046,94.0433315663101,98.0814256585512
2001-07-10,94.8026692140163,92.160754025663,97.329122807905,93.5593258726594,97.3861478927398
2001-07-11,93.8833984177482,92.434885415294,97.3757407459706,93.458784949082,97.2257887237365
2001-07-12,93.0325450036056,93.2711943162234,96.7138969184819,94.1372505567505,97.7888060800226
2001-07-13,92.0059453931185,92.3628515497681,96.3477011367615,95.8120691178464,96.2618059927174
2001-07-14,91.2061374637055,91.7845337111458,97.5732546753856,96.2337898929503,95.8775249106729
2001-07-15,90.4050538777635,92.1979065998808,97.7420232449468,96.5291295074071,97.6641417117271
2001-07-16,89.9123206583582,92.3081705040613,98.1574099071641,97.5153653140904,99.5667588065108
2001-07-17,89.2410341556017,92.5224101121343,98.5636552787733,98.6351978442467,99.5975361356682
2001-07-18,88.5265173474341,92.311071893963,97.7479745870062,99.424317655458,99.2963869571826
2001-07-19,88.4032747002901,92.3043627312253,97.6882845309908,99.4785290569735,99.7019105059597
2001-07-20,88.35773613362,91.8406852143578,98.6540597142103,99.9659075275891,99.6130142199066
2001-07-21,88.8443871528662,91.287009660675,98.9696780935132,99.6901866025523,98.9919002554922
2001-07-22,89.0693918799508,90.93778645676,98.7565267814789,99.2162291734703,98.7956051236459
2001-07-23,90.0539612872933,91.603672819749,99.762304211124,98.667284605925,99.5733502096192
2001-07-24,90.6902692519276,92.2709722938195,101.047983317246,98.2398896801765,100.84498548968
2001-07-25,91.8620040650554,92.7468493521658,100.319941321992,98.3416905237369,100.466559993416
2001-07-26,92.1693541808368,93.1212170941719,98.8146488642079,97.1477331702398,99.5687474526691
2001-07-27,92.7207868222429,92.9867528071482,97.2912309945908,96.1310415434225,98.5882621974276
2001-07-28,91.6897824231179,92.7127084888042,97.175462680913,95.2446918526561,98.5239231891287
2001-07-29,90.6291174258467,93.1283137314705,97.9204938446311,94.7591218373746,98.6906166850761
2001-07-30,89.9552917934919,94.2316681784185,98.6109593720203,93.8052704127548,99.4880926697362
2001-07-31,90.2562602621062,94.5607448432575,97.739696796519,92.3238560548575,99.5862444302328
2001-08-01,90.6242974579628,94.3299382564203,97.2549697398533,90.9187179423393,98.9960643289732
2001-08-02,91.1222776024861,94.1004841431763,97.0065263558652,89.005469406042,99.2127559848041
2001-08-03,92.9016677145466,94.2171884880015,95.9750574857829,87.068529886717,99.2119343139497
2001-08-04,95.2561304038502,93.4569272487794,94.9701945997978,85.6045117444234,98.4510143221192
2001-08-05,94.6973268218517,92.6121304332803,94.1654807548848,84.6621027598697,98.7096168454169
2001-08-06,94.7819709076538,92.3699931198317,92.7740560653186,84.4702623275662,98.3839377009652
2001-08-07,95.4288909870405,91.7342790163583,91.0410558885715,85.9813225334052,97.0092121649533
2001-08-08,95.4399951583034,90.3281172791585,90.2144783679867,88.1620327979958,95.8658741472101
2001-08-09,95.6425851389075,89.1845147103166,90.3565457972191,89.3259794605942,95.0776339084429
2001-08-10,96.1467547548823,89.4352526859597,90.6020498386176,89.8639332350941,95.1069023384418
2001-08-11,96.8498104889898,89.8377999185595,91.450232436547,89.8625632809141,95.1155839473773
2001-08-12,98.3236099776932,91.399398215136,91.5035827482993,89.4577496669149,94.9130338070159
2001-08-13,98.8497930102028,92.1261392632457,91.1997225797589,89.7739973656953,94.7417246680115
2001-08-14,98.605729388482,92.8956506121993,92.5287356607544,89.4059835477184,95.8888288051294
2001-08-15,98.9645182695799,93.3678357389397,93.7741628250093,88.9661091380342,96.3529694908977
2001-08-16,99.3585650641666,94.3346863082362,94.259454796262,88.8633564896426,96.0286122240777
2001-08-17,100.191969214721,93.9642708562527,95.0811671323621,88.8467198957375,96.4011030479156
2001-08-18,100.427117158199,93.8879443977821,94.9344422592655,89.0659749723258,96.5629432029623
2001-08-19,100.297778760604,94.976071070429,94.7928154300524,89.7588890321408,97.3101738008948
2001-08-20,99.8004484051796,95.6182606796196,94.9629169360433,90.64196653213,98.4454179733778
2001-08-21,99.6257042249974,95.7796379144075,95.3564898051737,90.6576910367749,98.6837832444048
2001-08-22,99.8785913514708,95.6569340517793,96.2068275057225,90.7074405438644,99.4743964530359
2001-08-23,99.9975881892914,94.8457707529208,96.8853524418981,91.9161505572177,99.514859232659
2001-08-24,99.5200306434129,95.2784588763539,96.9854560735378,91.6894412760143,99.9505921695984
2001-08-25,99.3811759856559,96.5557116594168,95.7882093090823,91.976284687763,99.0771891107421
2001-08-26,98.8812675571475,96.2672468337962,95.5313681849926,94.0556907065009,98.205685923793
2001-08-27,98.9995036313898,96.2405413375703,96.5902975860484,93.9661952883643,99.2028183288156
2001-08-28,99.160606588566,96.8448719361183,96.3781939425357,93.0442676186754,99.5529643997002
2001-08-29,99.3722816026281,96.564600805558,95.4236296968598,93.2976486873127,99.1016453094557
2001-08-30,98.8266000094381,95.5135262220848,94.8475725926117,94.348303002336,98.2233419964774
2001-08-31,98.4876111404815,94.99757275242,95.8578709389947,95.0393315732664,98.3673309968923
2001-09-01,98.8396844911368,95.4339705131471,95.8726771938346,94.471231980192,98.3829294856333
2001-09-02,99.1491607432673,97.1649917464305,97.9078085698006,94.7458057084044,99.3571690341759
2001-09-03,100.536972309189,99.0483700071377,99.27473502683,94.6689386656046,99.9368922623189
2001-09-04,102.154026093691,99.4515020044251,99.5879726001149,94.095501754999,100.263567532736
2001-09-05,103.334088143756,99.9678274797504,98.8926118848696,94.3868276214891,99.8042186145478
2001-09-06,103.72333968329,100.073298737342,98.5865948348147,95.3957553414277,99.2686477048469
2001-09-07,103.698384355033,99.5794965620645,97.8681668455515,95.8843839049209,98.780832781486
2001-09-08,103.535201178875,99.6023689437086,96.6822066446735,96.266512678325,98.5417588714967
2001-09-09,103.139934339283,100.372072652808,96.296919117368,96.7183437857432,99.2981877656804
2001-09-10,102.513910654653,99.7539380580266,98.3752123943876,97.1124429164534,100.192619380296
2001-09-11,102.404836208011,99.0658248808172,98.9701929034978,96.7974503597375,100.466915234829
2001-09-12,102.184256871475,98.0482951900786,98.667087338109,96.2326097434089,99.8157582930265
2001-09-13,101.771373850118,97.1630011052935,97.9993553084615,95.8639265184532,99.2535106930919
2001-09-14,101.332005681147,96.9387511883011,98.1039314007131,95.8183690511424,98.8859958639232
2001-09-15,101.223084241332,96.808530519473,98.0792921040564,96.0948576531035,98.7433797284106
2001-09-16,101.076962691755,96.3856889094515,97.1627092166952,96.1398932260245,97.9715037032405
2001-09-17,100.79260145689,95.7779942576412,96.3605732407688,96.3201565206052,97.4895541135855
2001-09-18,100.444648474764,95.481113559138,95.7640603732258,96.1064357799842,97.5790057597475
2001-09-19,100.246030571081,95.7010835248383,95.7079756926329,96.127882911221,99.4214386979084
2001-09-20,100.263894345551,95.5236620279246,96.3583178337063,96.9092825535657,100.357826804683
2001-09-21,100.588305760574,95.6523219695471,97.9123391172006,97.6965158356661,101.294755025365
2001-09-22,101.052339194049,95.9419706985422,99.6574132756163,97.9504690935812,102.135843819915
2001-09-23,101.466894554633,96.4791821959242,101.361245571827,98.0877083946302,102.77354163993
2001-09-24,101.691780889815,96.2537253575468,101.264335922873,97.5761120083609,102.331970222117
2001-09-25,101.492025006643,95.5183858488594,101.163689020448,97.2274945013854,101.697005550182
2001-09-26,101.175038591645,94.9899170172934,101.067880318844,97.149415493824,101.312127076481
2001-09-27,100.953943298266,95.5840049789569,102.497881914592,99.3389414904587,102.172900947612
2001-09-28,101.378338943355,96.9291342524532,103.668283669075,98.9335036859259,103.215800176826
2001-09-29,102.615115255472,97.2115982115591,103.41474255105,98.2800331410392,103.117409748426
2001-09-30,103.003849583657,97.1862358624217,103.40066060623,97.6592232084908,103.366993647138
2001-10-01,102.871301861054,97.5147451285626,102.956208664941,97.102823880771,103.48135013321
2001-10-02,102.538953011426,97.4429474527931,102.50475537134,97.6137643443757,103.168460282565
2001-10-03,102.284621524989,97.4693202842935,101.832439577673,97.3648170200973,102.734439716702
2001-10-04,101.975356396631,97.5589883701816,101.183623083182,96.9954863184356,102.14335588531
2001-10-05,101.687741060922,97.5031073917841,100.927265570277,96.8943696219676,101.861433980341
2001-10-06,101.550094129295,98.2229212907652,100.472581405436,97.4058428485344,101.603204198212
2001-10-07,101.556850545763,99.0467878619349,100.357162413307,99.5224824349886,101.243535172972
2001-10-08,101.358278519688,98.6443990460678,100.553423127647,101.447518103208,100.830483973986
2001-10-09,101.124632621134,98.2903393474317,100.858767364137,103.096588215183,100.806067797565
2001-10-10,101.11826358403,98.432496121898,101.364047549154,103.846080798739,101.157386114567
2001-10-11,101.461420140144,98.5403421179222,101.516351709881,104.582044006225,101.154150238616
2001-10-12,101.730572128558,98.4331211078882,101.286684650093,105.908526633337,100.793824127554
2001-10-13,101.536105246759,98.0755983921113,101.250294295001,105.850291187101,100.546554562934
2001-10-14,101.300264241341,97.7143143959388,101.081374577255,104.913352880154,100.327252734539
2001-10-15,101.001730924003,97.2691173289759,100.530430161211,104.203673091183,99.9369261466435
2001-10-16,100.719442815286,96.8472015830395,100.073711610553,104.359386238892,99.5343782255756
2001-10-17,100.469231569103,96.485386486141,99.8960835493844,105.637787178819,99.291527186058
2001-10-18,100.252536733869,96.1853651280146,100.032636232946,106.974460429112,99.1203406512956
2001-10-19,100.045197612467,95.909773688698,100.217781915976,107.429203486021,99.0007173808164
2001-10-20,99.8483758946719,95.6367126812898,100.040334518852,106.526353421362,98.7892793209347
2001-10-21,99.6546886988768,95.3664207811999,99.6749972548305,106.001542045953,98.5131433119096
2001-10-22,99.4741847148572,95.1150973324917,99.3547238669793,106.133661897815,98.266625483073
2001-10-23,99.303578820314,94.8958951698226,99.1139095254076,106.674518152236,98.0883206254763
2001-10-24,99.1466665834539,94.687554279908,98.9060455118041,106.227989380664,97.9067943410928
2001-10-25,98.991478308726,94.4764173992682,98.6519185122482,105.92479209674,97.6941025832316
2001-10-26,98.8451878194421,94.2832243862839,98.4304602753543,106.261897312118,97.5034876444696
2001-10-27,98.7059123744304,94.1019731039456,98.4049711335738,107.10247068466,97.3380243950034
2001-10-28,98.5759274426696,93.9643542298963,98.7544367728012,106.749500912616,97.3518625006388
2001-10-29,98.4549931640897,93.9111296028972,98.6707015330978,106.141917203849,97.405694869821
2001-10-30,98.3250315560749,93.7455014539861,98.5607524415821,105.743790126992,97.2883901675819
2001-10-31,98.2001106497551,93.588701750735,98.3909608693681,105.340470354037,97.1288055534191
2001-11-01,98.0818840830976,93.4407086181104,98.2007902252335,105.021754964506,96.9614571096983
2001-11-02,97.9669997090845,93.2942139628565,98.0020987491903,104.635094073243,96.800401093036
2001-11-03,97.8574939117162,93.1555901537767,97.8127443371653,104.873659504446,96.6587733856739
2001-11-04,97.7551581541741,93.0235990782939,97.7053456083197,106.342178840297,96.5509767565055
2001-11-05,97.655381200684,92.9092960890713,97.7221122435062,107.12424307625,96.5374560234782
2001-11-06,97.5628504637597,92.796459627235,97.7526147572301,107.46497643992,96.4440061388997
2001-11-07,97.4737933088489,92.6829119435152,98.128150817273,109.168444982413,96.3574511220898
2001-11-08,97.3907519204955,92.5756236174828,98.4506828710727,110.1677405299,96.2955087739646
2001-11-09,97.3106350608607,92.4933141720957,98.6484135488191,109.394396361725,96.340829823604
2001-11-10,97.2265683670147,92.3896452193009,98.4949725744351,108.755017221446,96.2255910242855
2001-11-11,97.1458887920756,92.2863652719657,98.9767881430514,109.277457149101,96.1909956567435
2001-11-12,97.0706209201219,92.1860500195696,98.7766078801091,108.999164380902,96.0604587980803
2001-11-13,96.9967198414549,92.0902498855502,98.7045173804123,109.067217204858,95.9674136367634
2001-11-14,96.9254815004909,92.0075354314232,98.9177818102704,109.018138800864,95.9787703133997
2001-11-15,96.8589377789446,91.9232736532704,98.8444670033192,109.370634151331,95.8938519625511
2001-11-16,96.7959446394892,91.842011177543,99.2965331846844,110.834316156935,95.9365217094717
2001-11-17,96.7393742821458,91.8417480607709,100.691978856617,111.604932058691,96.4341684348941
2001-11-18,96.6943583781636,91.8640678351436,101.389732743231,111.312304364057,96.9260466677901
2001-11-19,96.673368157767,91.8946340672002,101.368425210205,110.499155231941,97.1286865295166
2001-11-20,96.6443449716208,91.8619847058569,101.015344134165,109.787077546082,97.0294629867516
2001-11-21,96.6029499176575,91.8058682678463,100.618251284562,109.067668923174,96.8493900080952
2001-11-22,96.5415070720075,91.7223705776956,100.136960476818,108.316547632334,96.6113855396584
2001-11-23,96.4793221942052,91.635815868987,99.7184871007355,107.682903055122,96.3892520498529
2001-11-24,96.4176485128275,91.5518217821238,99.3517958016917,107.123284462062,96.1872324888868
2001-11-25,96.3581198959741,91.4724942713187,99.0273812242546,106.625353328417,96.0038521633675
2001-11-26,96.3020881755682,91.3954396024136,98.7333561808057,106.175506252813,95.8337793613018
2001-11-27,96.2494512455522,91.3187655703814,98.4665971658198,105.765772626599,95.6743544512087
2001-11-28,96.1997138137036,91.2457605986749,98.2204334604412,105.390245013918,95.523967627963
2001-11-29,96.1481949689879,91.1758565040547,97.9928748952035,105.044971087245,95.3841617998206
2001-11-30,96.0980349406114,91.1083868091504,97.7838226951496,104.727905738713,95.2526766082142
2001-12-01,96.0489982396028,91.042920272964,97.5921264522906,104.436403957424,95.1277739301971
2001-12-02,96.0002152083549,90.9798392616143,97.4117183245342,104.16788418369,95.0073795651081
2001-12-03,95.9514862495899,90.918003811379,97.244884226273,103.918433323617,94.8929067412917
2001-12-04,95.9040533062412,90.8580588713556,97.0820260338352,103.686550280841,94.7840495554281
2001-12-05,95.8569577098491,90.7990072878752,96.9252141533894,103.470651582716,94.6757261772981
2001-12-06,95.8114276316945,90.7417280263369,96.7767764064123,103.268716489014,94.5719633669303
2001-12-07,95.7680589003067,90.6861942096294,96.6339351968833,103.078783102265,94.4723084473188
2001-12-08,95.7251432094687,90.6322681128817,96.498168090873,102.90109566173,94.377696164112
2001-12-09,95.6831320475528,90.5793507829491,96.3700134254174,102.752463547865,94.2856506051473
2001-12-10,95.6424604324243,90.5294073228444,96.2468925448275,102.597816143142,94.1961017593854
2001-12-11,95.603096194709,90.4809135175858,96.1272587438275,102.449625442226,94.1116065892824
2001-12-12,95.5648299995142,90.4341971429639,96.0157450721252,102.311797192715,94.0326815081079
2001-12-13,95.5270600578437,90.3885658946268,95.9102934307,102.185968111969,93.9560251255764
2001-12-14,95.4899507426632,90.3425003755275,95.8063236254783,102.064961074496,93.8788582362937
2001-12-15,95.4548583173853,90.2966714833418,95.7070544700967,101.948369229337,93.8032792614726
2001-12-16,95.4215396953075,90.2523400492121,95.6126008686677,101.837990813904,93.7304440796385
2001-12-17,95.3909234571344,90.2111286139592,95.5218307995779,101.734764532523,93.6598402036789
2001-12-18,95.3630103329332,90.1708604733768,95.4305071925213,101.635086402162,93.5906552549829
2001-12-19,95.3370144502957,90.1313723703379,95.3449741378231,101.541879224467,93.5245186159394
2001-12-20,95.3128506174134,90.0939706828457,95.2686414422686,101.461231670009,93.4617674240294
2001-12-21,95.2916965612626,90.0640268734815,95.1967785374371,101.497478816939,93.4081103958688
2001-12-22,95.2717113336816,90.0400271240704,95.1246119657215,101.695030919428,93.3593815903634
2001-12-23,95.24987499866,90.0177699118334,95.0562194803164,101.622421855754,93.3131725206604
2001-12-24,95.2251217922473,89.9957596498702,94.9858269888413,101.541884542104,93.2695159494112
2001-12-25,95.2025934011468,89.9757919459415,94.9219701016798,101.464445489151,93.2345046429822
2001-12-26,95.1811990076318,89.9601281113978,94.860555430357,101.387430990182,93.2023400561235
2001-12-27,95.1606441308544,89.9462655715921,94.8003621879754,101.313767564509,93.1612902518674
2001-12-28,95.1414557058805,89.9289474577617,94.7415295882875,101.249058661175,93.117536330556
2001-12-29,95.1215667954959,89.9090847736845,94.6864958184156,101.189668712875,93.0712394285597
2001-12-30,95.0988033671011,89.8860693690797,94.6297821692026,101.127975917365,93.0239912777431
2001-12-31,95.076342908027,89.8616593283043,94.5740010395342,101.354248040609,92.9762748486018
2002-01-01,95.1310749180621,89.8008843120245,94.5042314916966,101.273160395661,92.9096695625332
2002-01-02,95.1110132361464,89.7772859671382,94.4568247294544,101.604324026171,92.8635832786217
2002-01-03,95.0906692769057,89.7516655366528,94.4130857742359,101.873825500531,92.8163282283883
2002-01-04,95.0700667624571,89.7264660198665,94.3713715819208,102.120607447976,92.7743078295728
2002-01-05,95.0512389721943,89.7016346420162,94.3204067564259,102.10869083074,92.7319120801007
2002-01-06,95.0310277745423,89.6772890041045,94.2687148113794,102.086028148726,92.6972586469506
2002-01-07,95.0108966358967,89.6620426365267,94.2348027302438,102.039007164726,92.6692794900592
2002-01-08,94.9918169023755,89.6546134844546,94.2581701222966,102.414984929682,92.6545809391721
2002-01-09,94.9737210492698,89.6430570242947,94.2379266575928,103.361575621468,92.6471456423857
2002-01-10,94.9562610225625,89.6309541038753,94.2404467929682,103.853482744287,92.6640866217902
2002-01-11,94.9390603797193,89.6211280178056,94.1931588959581,103.690319495806,92.6295228237509
2002-01-12,94.9212322650614,89.604531633855,94.1467381176168,103.541251780969,92.5877036269
2002-01-13,94.9038845065188,89.5855384375056,94.0980556316241,103.413755815997,92.5432405321191
2002-01-14,94.8876865244735,89.5679594270578,94.0682801820835,103.288289052627,92.5027792083133
2002-01-15,94.8744762256007,89.5515635978057,94.0401033943791,103.162340735191,92.4722203111993
2002-01-16,94.8619689627472,89.5327699714539,93.9991968606064,103.041081692683,92.4348349685917
2002-01-17,94.8500501557557,89.5217119067227,93.9453390193781,102.923981868418,92.3912747832804
2002-01-18,94.8360609986018,89.5065191170368,93.8969609207606,102.817655272244,92.3511345106341
2002-01-19,94.8225542260148,89.4860466017493,93.8723935228197,102.728552323175,92.3165831791697
2002-01-20,94.8125769727474,89.4664651594014,93.8647055395859,102.630980683479,92.2870431368137
2002-01-21,94.8015788866088,89.4451431424181,93.8223096306637,102.537113533968,92.2443047736416
2002-01-22,94.7877229506595,89.4230523836914,93.7823515262858,102.448695401435,92.2034964525075
2002-01-23,94.7735161846346,89.3989228744831,93.7408486816799,102.360358979088,92.1625990536271
2002-01-24,94.7589324825826,89.3742768120865,93.7038865583328,102.278037038171,92.1204719898358
2002-01-25,94.7461622289977,89.3520941811858,93.6641477563425,102.192528959091,92.0797447695614
2002-01-26,94.7350388672277,89.3314514484658,93.6205761541344,102.112043440891,92.0405302580314
2002-01-27,94.7226127962915,89.3082235350184,93.5722990177831,102.027054359364,92.0013204712657
2002-01-28,94.7087708033776,89.2858662474506,93.5214056505566,101.943650244614,91.9634415037605
2002-01-29,94.6961917128693,89.2662382560078,93.4751814334672,101.890269102588,91.9285593835725
2002-01-30,94.6876113958907,89.2494437096754,93.425492398147,101.819927122651,91.8929689918548
2002-01-31,94.6792949798201,89.2311103031084,93.3780007384517,101.766888247706,91.856556627208
2002-02-01,94.6722292721455,89.2144185941016,93.3292701341757,101.716038262505,91.8198499842118
2002-02-02,94.6694910516089,89.1985260713416,93.2828939451231,101.649325961625,91.7831627065431
2002-02-03,94.6608413895599,89.1808648669745,93.24333660601,101.581058514419,91.7502149243975
2002-02-04,94.6498639782331,89.1628259422837,93.2065891499558,101.512380906585,91.7161283377525
2002-02-05,94.6375816475072,89.1453595735206,93.1642986763484,101.44347956953,91.6801406381854
2002-02-06,94.6245778386806,89.1278776566366,93.1200998100147,101.37687631293,91.6439611929088
2002-02-07,94.6111417269952,89.109226246584,93.0750838118861,101.308223595529,91.6076504351934
2002-02-08,94.5979692333655,89.0898630626347,93.0333898532637,101.24493445329,91.5712143907109
2002-02-09,94.585027031197,89.0706365795652,92.9961237394794,101.183702839014,91.5358247140246
2002-02-10,94.5730134031564,89.0522536427413,92.9700330575647,101.123630239914,91.5042637528777
2002-02-11,94.5620337024936,89.0365347706366,92.9425812564131,101.085693700657,91.4783869043236
2002-02-12,94.5530996702288,89.0268416326957,92.9074117884124,101.05128006295,91.4570158290845
2002-02-13,94.5433681389497,89.0148906668692,92.867915548734,101.031624566953,91.4336300348485
2002-02-14,94.5333224376648,89.0012739775087,92.8305326479397,101.089489674251,91.4092228430047
2002-02-15,94.5232366795008,88.988394964768,92.791096983303,101.800438238819,91.3842769758729
2002-02-16,94.5130169400053,88.9759804584427,92.7550802705295,102.423215438507,91.3659668402526
2002-02-17,94.5034631596431,88.9636899248401,92.7377764439521,102.800154430558,91.3533252002527
2002-02-18,94.4982007176124,88.9519138863106,92.712264014904,102.826750518801,91.3288599796633
2002-02-19,94.4919222234335,88.9383336033217,92.6863952658139,102.726446687814,91.3034521824737
2002-02-20,94.4862680581389,88.9239369162384,92.6555841518499,102.625667926776,91.2742678932956
2002-02-21,94.4796396369169,88.909299065762,92.6154680769275,102.515510218389,91.2408669895005
2002-02-22,94.4738577444312,88.8923912568237,92.5721189107042,102.412124323852,91.20675333864
2002-02-23,94.4674687170993,88.8764920032212,92.5294552999144,102.315288044324,91.1727241870637
2002-02-24,94.4603571064916,88.8601976411637,92.4870654621118,102.229730606012,91.1396453750756
2002-02-25,94.4520711755426,88.8438099572688,92.4477344106679,102.166251695115,91.1073567302885
2002-02-26,94.4421922016234,88.8280219048629,92.4085517519896,102.139294717163,91.0772074248495
2002-02-27,94.4321525464186,88.8121327032085,92.3709627364586,102.122923473605,91.0453792550712
2002-02-28,94.4221694214861,88.7958676844742,92.3301082254824,102.079189194183,91.0127571474396
2002-03-01,94.4147566639899,88.7810408828165,92.2894027200935,102.057237610371,90.9811076015888
2002-03-02,94.4088007809833,88.7687796479915,92.2508107473025,102.223053243792,90.9510053871842
2002-03-03,94.4024876969839,88.7599087454236,92.2210365370721,102.536044289584,90.9241700052121
2002-03-04,94.3973374874582,88.7496336779638,92.1961180559529,103.017721926729,90.8991513938364
2002-03-05,94.3943652673492,88.7358106988743,92.1835911693902,104.664111034653,90.8794750473561
2002-03-06,94.3903244935068,88.7229953771277,92.2004062862884,105.343748597294,90.8749039343602
2002-03-07,94.3890550024088,88.7129283627962,92.2221555566062,105.164507604465,90.8788930217172
2002-03-08,94.3861299507725,88.7014308629066,92.2129066227806,106.475505329296,90.8610047621515
2002-03-09,94.3815108974483,88.6902789158832,92.3080488263999,109.366365135678,90.8505562824304
2002-03-10,94.3919938510794,88.7087446921667,92.6999211162965,110.293966666201,90.9565454411158
2002-03-11,94.4208149065247,88.7476945820038,93.1130357904706,110.166961081151,91.1322167697111
2002-03-12,94.4447202626495,88.7685222400847,93.2577068304895,109.68174849523,91.2201903066642
2002-03-13,94.4448086437844,88.7618468237899,93.2331342706403,109.218022236318,91.2088832610821
2002-03-14,94.4427072388356,88.7524551798098,93.2387134150047,108.788194502837,91.1950402385212
2002-03-15,94.4396623018558,88.7402828537217,93.2050119517467,108.605037017831,91.1692694666448
2002-03-16,94.4356944226267,88.7298648477228,93.1571155996041,109.171410534495,91.1374662992785
2002-03-17,94.4339969400657,88.7306596669698,93.1295038057548,109.823716588094,91.1181000922029
2002-03-18,94.4308138293463,88.7344912227318,93.2762539536416,110.462967630158,91.1573596658605
2002-03-19,94.4246160627469,88.7245471464393,93.3084643403108,110.220252280546,91.1441025866275
2002-03-20,94.4157981388852,88.7148370256061,93.254565855556,110.11207217536,91.1099506673835
2002-03-21,94.4074908820685,88.7012704460979,93.2659641244925,110.159899195316,91.0995519498817
2002-03-22,94.4017716878365,88.6908639829958,93.2766054378322,110.503144972924,91.0942916584113
2002-03-23,94.3952632701008,88.6886595063524,93.314309868269,110.923989014579,91.1009124829766
2002-03-24,94.3882909649365,88.6819508860704,93.3186469199415,110.844873869514,91.0987223093337
2002-03-25,94.3824110647354,88.6726442668792,93.3043954671779,110.681140557646,91.1122323438086
2002-03-26,94.3826954376675,88.6709164553263,93.3709258671446,110.505815644556,91.1692494927821
2002-03-27,94.3876178570438,88.677292598567,93.5390652818679,110.541557047337,91.2701881259414
2002-03-28,94.391021919286,88.678775185017,93.6704477197735,110.162522754701,91.3415142613878
2002-03-29,94.3891932886064,88.6796563143287,93.7367569666356,110.323419961816,91.3603561940477
2002-03-30,94.4146530112487,88.7295014649009,93.8235948764005,110.4412557663,91.4850541206118
2002-03-31,94.4410579753072,88.7900644012695,93.817350256522,110.50145453566,91.6356724212128
2002-04-01,94.4601347292417,88.8291165524496,93.9996650506938,110.801281413963,91.7056907982572
2002-04-02,94.4844981971535,88.8849832166613,94.2215742672873,110.457400026568,91.8065307249099
2002-04-03,94.5052700901203,88.9049672240448,94.1634386425916,109.785416272375,91.7963686357213
2002-04-04,94.5127329180454,88.9045093141807,94.0148543849576,109.232286892954,91.7338506831307
2002-04-05,94.5118705025473,88.9013753916895,93.8900933368913,108.766531063951,91.6838829700743
2002-04-06,94.5008606247781,88.8829645993275,93.7878632219496,108.351524516461,91.6275833157323
2002-04-07,94.4877005181756,88.8592694991161,93.704390256397,108.016458557071,91.568351623863
2002-04-08,94.4781791804473,88.8387437351882,93.6533715028903,107.955296298103,91.5354867248818
2002-04-09,94.4754422182921,88.825670549525,93.64236822117,108.468394195338,91.5314777917271
2002-04-10,94.4801019079271,88.8174886282775,93.669508264723,108.915929886292,91.5563058953616
2002-04-11,94.4990467294811,88.8501619706591,94.1963363976821,109.421472310867,91.7816643150693
2002-04-12,94.509498937707,88.8618231805343,94.6421772666461,109.83229054813,92.008884682099
2002-04-13,94.5075440395471,88.8520551492658,95.0463689697326,110.868544186114,92.0366573341483
2002-04-14,94.505164017774,88.8866954232307,95.4727701810164,111.88374217701,92.3210533875451
2002-04-15,94.5061884044627,88.9357147674732,96.4061218062292,112.901243727261,92.6722395558649
2002-04-16,94.5089355619102,88.9466134914392,97.0546162261908,114.22704186292,92.8214434433728
2002-04-17,94.528105579433,88.967567195144,97.1460767813119,114.753952042528,92.8463867818131
2002-04-18,94.5739682657732,89.0333995429108,97.090975245478,115.333852581305,92.9549961406826
2002-04-19,94.6734850873795,89.2017216941082,97.0853885962735,114.80762730407,93.0976942716187
2002-04-20,94.7327960177179,89.668500488298,97.3933651692654,114.623107075629,93.9169772324592
2002-04-21,94.7521832513769,90.2370776349569,98.3392396476715,115.220072250485,95.7857792651476
2002-04-22,94.74938096122,90.7043918627438,99.767960447799,115.742467792547,97.4647116398869
2002-04-23,94.7672543822101,91.0862328367831,101.34457153155,116.069386787703,98.6488038482027
2002-04-24,94.8474942019734,91.6338395513317,103.718537496297,116.968916559571,100.079886625657
2002-04-25,95.1451833453554,92.376844352295,106.861408291835,118.027834721933,101.99526710115
2002-04-26,95.8942518460655,93.2858402385288,110.10914192937,118.561645900352,103.577724178738
2002-04-27,97.0084106821249,94.7864935354225,111.50140627126,117.616088899132,104.730914000385
2002-04-28,98.4753416078588,96.8415334859934,111.17583888578,116.515499496472,105.904140740366
2002-04-29,99.1647103414367,98.7826309513727,110.489477001978,115.813943555159,106.688153452415
2002-04-30,99.3128456115511,100.962446915248,109.904294488519,114.548925729435,107.494211246363
2002-05-01,99.4225499519337,102.917511442223,110.121289482307,113.35093622841,108.888195372944
2002-05-02,99.3783867662778,102.979394148909,111.096929731966,112.900382478598,109.496024451205
2002-05-03,99.3689027267717,102.523174324707,112.595909234603,112.603676948849,109.585473169093
2002-05-04,99.8417274720735,102.709772960392,114.731476752794,112.041604465177,110.579526660359
2002-05-05,101.629987213444,103.722915664605,116.864929778252,111.082414426694,112.799182987229
2002-05-06,104.120804158711,104.711751491419,117.706819095246,109.91692372913,113.545029193828
2002-05-07,106.233915871584,105.496660258753,116.542626613916,108.406129640702,112.66125655719
2002-05-08,107.659298352282,106.202468032416,115.193369520721,107.238692909696,111.981214285831
2002-05-09,108.569941217398,107.252962677763,114.33855846232,106.767158011515,111.9678756428
2002-05-10,109.912215538599,108.654704266483,113.947867988004,107.42915235442,112.650465529527
2002-05-11,111.068951845787,109.756364329599,113.397311534028,107.81687543759,113.303365812775
2002-05-12,111.512118192145,110.637714549899,113.236844846492,107.870996801856,113.732270509552
2002-05-13,111.986513906248,111.778991872492,113.89721112076,108.225509565211,114.875346631737
2002-05-14,112.434869121449,112.766830848104,115.090925344473,108.225620888079,117.186855317891
2002-05-15,113.772385305251,113.577723221022,113.708700778219,108.492297856218,116.865465798657
2002-05-16,114.848710242809,113.849868073971,112.5679728224,107.6309780129,115.984567970611
2002-05-17,115.356553896889,114.393672869663,111.229120528964,107.328707196601,115.537129644812
2002-05-18,115.675725802255,114.788655454804,110.731823904969,106.804940570962,115.397320513481
2002-05-19,115.674252562191,115.316527625582,112.117295597654,105.115040921066,116.833563216188
2002-05-20,115.889994098193,115.467570679562,112.176118836405,102.993134969034,117.72761337296
2002-05-21,116.185322084004,114.270563209232,110.853200722796,101.328554386771,116.869825316517
2002-05-22,116.48960101935,112.503611971898,108.752260109251,100.823771751661,115.106761588158
2002-05-23,116.49420630127,110.801508690202,106.907161931326,100.714995215739,112.953865873345
2002-05-24,116.385663387753,109.41470683485,105.427537516499,99.9353124246349,111.21846093527
2002-05-25,116.084492339848,108.057647406105,104.565110559142,99.0430128134228,110.038133641821
2002-05-26,115.635684847289,106.650603114051,104.603777111783,98.5164703655971,109.287451152066
2002-05-27,115.214913500358,105.575390474313,104.807257581316,98.2807370257255,108.94558156515
2002-05-28,114.845152062896,104.133567829941,104.838474240257,98.3274628279718,108.627612654385
2002-05-29,114.391814143585,103.000416006324,104.157266159858,99.7245783227964,108.26359149848
2002-05-30,113.861181265211,102.993441377398,104.261010888793,100.101857210297,108.546464189081
2002-05-31,113.281084612819,102.700048143822,103.333863600718,99.3025789658427,107.688649186708
2002-06-01,112.555529488818,101.910619312179,102.311236611409,98.8997515113217,106.513242144666
2002-06-02,112.107322004336,101.401750655628,102.070373174,99.6466443810833,105.412044923133
2002-06-03,112.542943579321,101.074748890359,101.705480901162,99.5431410827472,104.617772238036
2002-06-04,112.738819054627,100.558629563636,101.13392969865,98.7972705288251,103.621351859749
2002-06-05,112.658378401171,100.348320141561,101.114650899711,98.1142732619197,103.150147040521
2002-06-06,112.198749999941,100.790405348482,102.480244433111,97.355674283784,103.646885529955
2002-06-07,111.643776928874,100.214583515411,102.603088662547,96.5624204340547,104.530754325378
2002-06-08,110.824666240583,99.1003761885182,102.236579876947,96.6645640743594,103.901882382722
2002-06-09,110.594824030068,97.7628138071791,101.538405648184,96.1841578385999,102.469215450576
2002-06-10,110.153369266146,96.566979647147,100.421209146424,95.8612324175935,100.856244654652
2002-06-11,109.47580224655,96.5145444463601,98.999538114513,96.6744821839306,99.5659488720193
2002-06-12,108.550880935715,96.1100634657923,97.7870643712144,98.1798155369777,97.8560093717227
2002-06-13,107.643420342567,95.0651969665684,97.2900870330972,98.9128772528425,97.2508196991782
2002-06-14,106.785106302259,94.1796823823426,97.4971095952202,98.6951129172515,96.5115296184781
2002-06-15,106.245755229647,93.8517091118739,98.2791998860582,98.0994612231161,96.3715748619675
2002-06-16,105.78107516643,93.9940621484287,97.7946958456874,96.3873292522805,96.2925720146122
2002-06-17,104.974791993419,93.1506452250763,96.1710768639375,95.1261190953318,95.4014916692885
2002-06-18,103.721270509108,92.1768425812768,94.4175765318954,94.7911120960757,94.3290249340621
2002-06-19,102.372999471483,92.764845844043,92.9045321268482,94.4014289912997,93.6274499775679
2002-06-20,101.244502972738,94.093200358132,92.0339154986467,94.4373155572899,93.1210926262395
2002-06-21,100.090788097518,94.5740524654544,91.8411676923688,94.5323982957057,93.0672863515899
2002-06-22,99.1626473870443,94.0954103952811,91.4525257493433,94.8834963978845,93.0368243169485
2002-06-23,98.443301233057,92.5756238148656,91.1971497771093,94.336902153329,92.3468433542789
2002-06-24,97.2672532873224,91.2929910781874,91.2326345937173,94.5952113448513,92.2358001631528
2002-06-25,96.7970341466678,91.5920993861359,90.998342091467,95.6142524374973,92.6754582798962
2002-06-26,97.1260997516064,91.8538060337998,92.17362202126,97.6184224667141,92.3963712928234
2002-06-27,97.5486182174808,91.7544160461406,94.1044723439219,99.5896312327717,93.0384067952934
2002-06-28,97.7110684049585,91.2946711202325,96.5557708068495,100.206920063441,93.4001482081269
2002-06-29,97.2720928364466,90.8554009014954,98.100062932608,100.115709548384,93.9793020641159
2002-06-30,96.0669783061516,90.4401312375022,98.3855618110191,100.37679818975,94.9936150120264
2002-07-01,95.2325088225932,90.2458691898416,98.3629735205743,100.907181180839,98.0380257255422
2002-07-02,95.2447447786024,89.5772824650319,97.9047220944192,101.009559102198,98.0102697581376
2002-07-03,95.1726588084855,90.1289635085988,96.417418831888,100.42990684526,97.0365785237894
2002-07-04,95.8030706093156,91.3113330063686,94.9165015716299,99.2097855212524,96.0764672392346
2002-07-05,95.8505423107949,91.9483950923013,94.3214968333039,98.3350719898171,96.0594509294623
2002-07-06,95.9789726417495,93.0151198956615,94.714289156927,97.4473208903149,96.807763963351
2002-07-07,97.7037746142543,92.8792015843653,95.3854918458812,97.6440650544453,95.9929402130554
2002-07-08,98.4284174380999,91.7075653596523,94.7579765693357,96.5677859945467,94.9792987284565
2002-07-09,99.4251253737819,91.2109208087466,94.6563284954857,95.698497003553,94.7788638430251
2002-07-10,99.6960820784024,92.7732374422789,94.2661172095107,94.7694601107924,94.2323693010907
2002-07-11,99.4855762170181,92.6032816754658,94.7095319106625,94.6296343398725,93.7816054827946
2002-07-12,98.9627724988372,93.2772421790424,94.4917059424623,94.4540288298003,93.4113404006047
2002-07-13,98.2955038197305,92.7169031325078,94.0480669548121,93.903737552868,93.1191380289576
2002-07-14,97.9859762308121,92.4625641742761,94.2062771395688,93.9476238239962,94.8043687987785
2002-07-15,98.295334702731,93.405296533098,95.6856699060009,94.4117310206917,97.4042735884021
2002-07-16,98.8096596833127,93.0873901967347,96.2511508329619,93.8911449140965,97.6288099782693
2002-07-17,98.8350072065748,92.2596808389083,95.3438095609633,92.9646350768316,96.8249547312841
2002-07-18,98.0028578504053,91.5167953316448,95.430346668661,92.6170604783534,97.1629078545564
2002-07-19,97.2384859584747,90.5795700927632,95.4783671017505,92.9535960353157,97.2325191920657
2002-07-20,96.3309953411388,89.602953757224,94.9077971940484,94.2553002092567,96.5984462392743
2002-07-21,95.5792294746628,88.7012455106352,94.2483969911465,95.034078896941,95.8914225038265
2002-07-22,95.0424129308224,87.2856258795036,92.7809032513488,94.5445288831113,94.2333789551863
2002-07-23,94.1753159411159,86.4558022561918,91.5828037856381,94.3333877526643,93.0751444803918
2002-07-24,94.4856174121843,85.9712809329009,90.5634629655494,93.9671628043644,92.2685990490089
2002-07-25,94.2203314285857,86.9081859595178,89.7745727279042,92.9605996335401,91.664949030864
2002-07-26,95.2649185958948,89.2702818563244,88.7891113809337,91.3981656024273,91.0811751261054
2002-07-27,96.4034321030868,91.1666193238257,87.9707928910118,89.8288001215929,91.4546768252095
2002-07-28,97.1280012275498,93.4819889280994,87.5943148278403,88.6887989636152,92.6477135002055
2002-07-29,97.87167432889,95.9233297428404,87.8010912220384,88.7253729438091,94.7938356016996
2002-07-30,98.5265545752212,95.3762543696798,88.8186760986145,89.9684276149183,97.5023278821035
2002-07-31,99.0277480967979,94.4145598749315,91.7985360541979,91.3425721087718,99.4248226865823
2002-08-01,99.6289464076999,94.3546086859205,93.0341853232874,91.5633371559743,99.4092521047408
2002-08-02,99.4159188639782,93.907264265315,93.1879016954937,90.7638056053501,98.6458121828077
2002-08-03,99.2558700317389,93.59378423371,94.0142739000659,90.4320845919604,98.0100547601396
2002-08-04,98.6678495877591,92.7846635636094,95.4719814659703,90.4053977989073,98.32338160445
2002-08-05,98.2531937964049,91.4347633177659,94.7670448900671,90.1000085606419,97.5007746136907
2002-08-06,97.8726477634972,90.5577014624052,93.8855940424289,90.4567055434681,97.1775247819576
2002-08-07,97.458324373691,90.94110576083,93.6537519008285,90.0661652039176,96.7739352782427
2002-08-08,96.9823834087502,90.7450624975212,92.8440019563049,89.5220811557361,95.8281417277281
2002-08-09,96.7511585633176,91.0467151050156,92.4944436121354,89.27868681076,95.6390040770927
2002-08-10,97.0724757469889,92.3532981783982,91.962499257059,89.3518859231368,96.1496804583053
2002-08-11,97.7035592417039,92.5520257062419,92.4411901749438,89.319656770523,96.3456487598036
2002-08-12,97.4806809310183,91.9439568671935,91.4328228588443,89.1235240689642,95.5369619094495
2002-08-13,96.9698964118277,93.1165491007248,91.1197336021887,89.2040961428017,95.7409261551441
2002-08-14,96.3869909376878,93.4433060172604,91.9856030034627,89.4777531903224,96.8862240340199
2002-08-15,96.3044962892063,93.322631316026,92.8939893959944,89.4089290908661,97.5206591979083
2002-08-16,96.6342483363177,93.2206623602637,92.6853988071463,89.1218244963465,97.2480183062145
2002-08-17,96.2051515644056,94.9055237857078,92.1042556139449,88.9488208625931,96.974416980117
2002-08-18,95.770074855834,95.8207732025188,92.748736010469,88.5615929112207,97.1054074411885
2002-08-19,96.2333272003528,97.1595507852376,92.522951996771,88.833281006239,97.7131494714396
2002-08-20,96.4796231032511,97.4726727993782,91.840939330374,88.9828084593802,97.3023942868811
2002-08-21,96.1920661965371,97.3609064684532,91.2988991511815,89.8562737468551,97.0790882251243
2002-08-22,96.0386194408461,98.1392059535371,93.0436701680724,91.2964952545433,98.2730199017887
2002-08-23,96.321520408673,97.8893084392493,95.1729822276002,91.3334740790087,98.7516877146372
2002-08-24,97.0664696080821,97.9292049419014,95.0652051447693,91.7614857906049,97.9398071417863
2002-08-25,97.8758767291259,97.339509141726,94.9655748312557,92.6116619738249,96.9174736543131
2002-08-26,98.3406942866196,97.0543302661655,95.2316149938538,94.115115568605,97.30416166776
2002-08-27,99.5185393514804,97.1953660497468,95.3886063663818,94.567376597218,98.0120459667677
2002-08-28,100.80905928515,97.7213776104295,95.3756266245843,94.6771800330879,98.5486341796913
2002-08-29,102.44800653249,99.4053792411398,94.8810049316526,94.8278699671872,98.1353874713897
2002-08-30,103.888651335584,99.5330055643163,95.0422726442106,94.6801140425682,97.7058726196194
2002-08-31,104.444670349114,99.0366524581231,94.763937074345,93.9136484822587,97.6414411228147
2002-09-01,104.534196608383,99.7891888666797,94.6111913484592,93.0601751334211,98.7308797133625
2002-09-02,104.840879538194,100.163374192259,95.2405359876053,92.5720137500279,100.508894892385
2002-09-03,105.005587051708,99.570704403154,97.7426032364147,93.3699744909363,101.305085588697
2002-09-04,105.615565935453,98.7320455182434,99.3541499160521,94.7686129225884,101.886307621078
2002-09-05,105.95890138991,98.791653441292,99.3813435713338,96.7521641988684,101.222981914633
2002-09-06,105.731745907963,98.9912001276384,100.056347361058,98.8876479539188,100.416835941366
2002-09-07,105.731112325265,99.7344555105154,100.09394457974,98.7284204299209,100.555037381861
2002-09-08,105.514177362368,99.8176904255625,100.747501044393,98.1358082663944,100.805298270896
2002-09-09,105.645496862352,100.300763464545,100.593055197795,97.1444455631202,102.063153438469
2002-09-10,105.198942567487,100.45167167665,100.509585555891,96.2603391391536,101.814947720084
2002-09-11,104.809737910232,100.889619747286,100.639425120776,95.2075740620601,102.287805153198
2002-09-12,104.693688555654,101.06149829328,100.35163332626,94.6812612732801,101.760887546207
2002-09-13,104.665860682485,100.606881230619,99.5465593693788,94.3589950302652,100.258237869073
2002-09-14,104.755158764934,99.4978412691321,98.8065311016577,94.3160873101153,98.9961891754833
2002-09-15,104.371791668666,98.6878142651136,98.5637211085583,93.8025296674283,99.2528287626686
2002-09-16,103.561136270781,98.0166007485721,99.1171357196182,93.1564469006875,99.9145275923635
2002-09-17,102.938489354367,98.4258353140049,100.656006364452,93.1832445106521,100.116277604707
2002-09-18,102.767614129634,99.7475885781953,100.769379429015,92.780595153878,100.046655465367
2002-09-19,102.867856719623,101.046520031636,101.237505842812,92.1775593065467,101.297895849466
2002-09-20,103.604722170846,102.211152461505,100.953803505632,91.7254987708784,102.804930964393
2002-09-21,104.585359219089,102.350163761745,100.667879606864,91.2571625929139,103.118437138657
2002-09-22,105.087358732741,101.947864261402,100.414953667628,91.1721842318391,102.929945342057
2002-09-23,105.627105018872,101.332994687577,100.10860441174,91.1001016253831,102.078924401538
2002-09-24,106.075617674991,100.772538978231,99.8634373748271,91.9583423071603,101.498552353668
2002-09-25,106.226624830747,100.481883915098,100.865113156312,93.2264717342392,101.080178690378
2002-09-26,105.865820169879,100.388139226618,102.147058557204,93.4604225753023,101.334792397661
2002-09-27,105.61081854522,101.011778630606,102.048139736924,92.9176663105225,101.125925514767
2002-09-28,105.556678716883,101.551197654993,101.811783569296,93.0863816011523,100.902526116911
2002-09-29,105.549118760602,102.204244128407,102.372029791831,94.1788771668332,101.344215433531
2002-09-30,105.293857709546,101.970948953724,102.34677969555,94.8358655571634,100.915349175845
2002-10-01,104.856540281814,101.302185497703,102.885125785654,96.1904359603393,100.426515804664
2002-10-02,104.492255879387,101.157816587925,102.878678230605,96.0227630063736,100.326031379492
2002-10-03,104.092797680002,101.251686269759,103.501744931439,96.0145545639646,101.08463622035
2002-10-04,103.719345205918,100.965009100889,103.959197894765,96.4150041243039,101.951977011585
2002-10-05,103.369494981838,100.460730977049,103.21603332344,95.7730753969077,101.384717824253
2002-10-06,103.113845669551,99.99641178434,103.663087534709,95.9761820506447,101.492848329604
2002-10-07,103.050452584305,100.025684538988,104.048553683069,95.9025236668771,102.119231049157
2002-10-08,102.977584488504,100.438614043764,103.468514775053,95.7491668475518,101.886484775312
2002-10-09,102.806314332044,100.620601583775,103.125595465925,95.6622274692807,101.539283585134
2002-10-10,102.549154403362,100.319477724206,102.72997358697,95.6424487720912,101.24730936031
2002-10-11,102.272355460178,99.8306909126273,101.963947932249,95.6031244809867,100.66942874251
2002-10-12,102.024390358155,99.4956522410869,101.490928526834,95.8945636004022,100.316076225525
2002-10-13,101.781800451246,99.1821578029594,101.122456425173,97.9413355422763,100.061355094253
2002-10-14,101.561104296315,98.8798392342571,100.882090799191,98.7357860949783,99.7885428727764
2002-10-15,101.342076017717,98.5695115796458,100.467885970857,98.2303639045369,99.4084106325595
2002-10-16,101.125223521097,98.2494985596444,100.096748933629,97.813607871883,99.2908084842925
2002-10-17,100.918478705423,98.1041218490387,99.8112159359673,97.4759087632982,99.3930362791039
2002-10-18,100.724993668441,97.7735590469128,99.5266436043205,97.1521251030765,99.31003586954
2002-10-19,100.542882571801,97.5016211155545,99.1830293197129,97.231551940158,98.9511895567042
2002-10-20,100.373676718296,97.3917453483014,99.4365602509927,98.6701735440518,99.0485544073632
2002-10-21,100.224864454032,97.435280421743,99.8479743404103,100.255193742205,99.2852933881971
2002-10-22,100.106760715482,97.4506204188452,99.7356265793058,100.770401946027,99.2937987882708
2002-10-23,100.012320800999,97.6517680568302,99.803387712522,100.927732392098,99.2763806940459
2002-10-24,99.8874511581126,97.6322633695747,99.7442684932702,100.967375852816,99.1528261493584
2002-10-25,99.7628520832279,97.4600568273473,99.4807682012662,100.935995955087,98.8134192112436
2002-10-26,99.657896290387,97.2701907170907,99.2597155102233,100.766458748528,98.4861017572147
2002-10-27,99.5480591468294,97.0532027077925,99.1959067176721,100.330950159285,98.2637226155325
2002-10-28,99.4234485600939,96.8702898604162,99.7051732050247,99.8795727835728,98.5954182023529
2002-10-29,99.316371035063,96.8325266282427,99.6933377256346,99.421633963557,98.8657227803457
2002-10-30,99.2406468414736,96.9317976701729,99.3742259265291,98.9881499755192,98.7955081909843
2002-10-31,99.1800932368601,97.1065863147343,99.192662915429,98.9019486399165,98.7663268034798
2002-11-01,99.0793114660175,97.0155392139852,99.0922929482886,99.0561684358507,98.6687370202437
2002-11-02,98.9702381147565,96.6673147144734,98.836646531757,98.899026233882,98.2437559058067
2002-11-03,98.8611401837357,96.3384161001035,98.5252272105006,98.9672670933926,97.8708553634606
2002-11-04,98.7644428864532,96.0655933317582,98.2736130534948,98.945791895489,97.5759730697646
2002-11-05,98.6758666549123,95.8598434185868,97.9959951589017,98.7091513837793,97.286198650565
2002-11-06,98.5928023148715,95.6689340594126,97.7306288469568,98.4947347916091,97.0174624665267
2002-11-07,98.5000312161558,95.4456656599851,97.5565933280609,98.3497418987125,96.7803502772877
2002-11-08,98.4110072372487,95.239737914178,97.3571532043651,98.2309203613812,96.5707291006426
2002-11-09,98.3244797545051,95.0327472370193,97.1447452669659,98.0233280210749,96.3625044433427
2002-11-10,98.2410824569122,94.8403117549653,96.925463225489,97.7932588468634,96.1580353840255
2002-11-11,98.1612819112324,94.6606342414364,96.7195594708497,97.6036969723843,95.9644690906995
2002-11-12,98.0837471639697,94.4924303593487,96.5274275910057,97.4452088306277,95.7840326369335
2002-11-13,98.0085375146268,94.3340328754937,96.3534511561267,97.5063618687609,95.6157416768953
2002-11-14,97.9359744703992,94.1844497984968,96.2100671595782,97.7124945498311,95.4613987336109
2002-11-15,97.8665437471038,94.0445797873135,96.0594946932846,98.3426643008098,95.3208884377204
2002-11-16,97.7995975139994,93.9124124654414,95.9133897314077,98.5993583281657,95.1860254685736
2002-11-17,97.7362983788654,93.7866059938255,95.7699113366313,98.8362493165557,95.0479662495081
2002-11-18,97.6749478317451,93.6677905517069,95.6244477163497,99.1366538356849,94.9165633277167
2002-11-19,97.6150427819122,93.5548331688221,95.5175775056421,99.166810454119,94.797658793937
2002-11-20,97.5572193505631,93.4479238354962,95.7103765597761,99.6645022661603,94.6895938265379
2002-11-21,97.5011495386932,93.3490856918938,95.8212616840993,99.8097325279993,94.6042364689226
2002-11-22,97.4485559379716,93.2533560952678,95.8972334022431,99.801252954074,94.6030999642979
2002-11-23,97.4084611849545,93.1824966915956,95.7148017158754,99.6543472933965,94.5108725490634
2002-11-24,97.393932676689,93.1904500929682,95.5477025201863,99.5731966196698,94.4137735078491
2002-11-25,97.3500674367568,93.1237637135905,95.3968243915567,99.4197743869341,94.3160961414569
2002-11-26,97.3042633486279,93.0563708258434,95.2594517202838,99.239686968984,94.2377983445118
2002-11-27,97.2642514062208,93.2755394968493,95.2022377577775,99.0644188442631,94.5430013848906
2002-11-28,97.2787013730864,93.4867770971358,95.2860870097228,99.0062775965099,95.0319458918906
2002-11-29,97.2388034037781,93.5333173688768,95.1962177960728,98.8329976306024,95.2413048186864
2002-11-30,97.1925781823596,93.462685286538,95.0709462110707,98.6517585380283,95.1293287161741
2002-12-01,97.1486895928889,93.4027373685813,94.9568264531592,98.5097728622475,95.0230109823755
2002-12-02,97.1051373219854,93.3117093994259,94.8358053127763,98.3486585478443,94.9031411500202
2002-12-03,97.0609328769639,93.2263014541572,94.7157943955508,98.1855150457768,94.7867311537249
2002-12-04,97.0421880927981,93.2287078613729,94.6015897371513,98.0290940076315,94.6743863532165
2002-12-05,97.0155402861118,93.1894069770067,94.4905019495112,97.8802804313204,94.5650015350168
2002-12-06,97.0346140162554,93.3179386013476,94.3848465460997,97.739743209497,94.4564354360537
2002-12-07,97.0068927731723,93.4131245322663,94.2809695968144,97.6038393886302,94.3522312448742
2002-12-08,96.9632216482249,93.3277103006145,94.1818222859552,97.4733907151923,94.2568653599919
2002-12-09,96.9216855070998,93.204538053839,94.0900109965681,97.35182095147,94.1724610584576
2002-12-10,96.8785291583961,93.0863259386035,94.0024340910754,97.2342495261388,94.0906929834441
2002-12-11,96.8381121287908,92.9785536953834,93.9191258742258,97.1327814185633,94.0011789150692
2002-12-12,96.8021977431002,92.8818764407602,93.8460851708231,97.0290742921785,93.9173540871587
2002-12-13,96.7700276326521,92.7917307129469,93.7906268897149,96.9389923784017,93.8445720664054
2002-12-14,96.7388234545618,92.7106978281947,93.7228210043035,96.8395735232995,93.7793316766126
2002-12-15,96.7077727931543,92.6334516768014,93.6635259801097,96.7693082744054,93.7155530996557
2002-12-16,96.6752226515784,92.557137937062,93.6127667499643,96.7384528621614,93.650365027677
2002-12-17,96.6429236889297,92.4810712856512,93.5541218958727,96.646474790136,93.5800048922136
2002-12-18,96.6129052903531,92.4085901588429,93.4968390130578,96.5609741584835,93.5078783931747
2002-12-19,96.5840604755191,92.3394044867455,93.4290805395848,96.4688158848546,93.4371921632623
2002-12-20,96.5564325171925,92.2774256111334,93.3686160721919,96.3792593897115,93.3671704414241
2002-12-21,96.5315828068649,92.2174899583679,93.3085369566849,96.2944561226742,93.2966245332038
2002-12-22,96.5081818010164,92.1593821177406,93.2476846658345,96.2122650680451,93.2303256239997
2002-12-23,96.4857680722798,92.1035453353471,93.1858972266249,96.1372607443527,93.1684370401209
2002-12-24,96.4653851409951,92.0502402556843,93.1244972815868,96.0585597403028,93.1095897792935
2002-12-25,96.4450981188338,91.9979791576375,93.0648382892432,95.9823799664683,93.0569010325162
2002-12-26,96.4238492061568,91.9428536334775,93.008875952733,95.9082390654255,93.0012668159748
2002-12-27,96.4011722212798,91.888221454601,92.9507056819232,95.832396391349,92.9424506450941
2002-12-28,96.379798901873,91.8337713067095,92.8905143230498,95.7603050210519,92.8776383831468
2002-12-29,96.3577606715282,91.7800938725298,92.8300693481672,95.6883381939642,92.8132592773868
2002-12-30,96.3363519385004,91.7287821987484,92.7713579784145,95.6182955594071,92.7511641987896
2002-12-31,96.3151886760443,91.6790833998178,92.7132285896939,95.5496880000227,92.691150583329
2003-01-01,96.2939919037729,91.6316285586253,92.6596870871702,95.4806382611575,92.6397402301724
2003-01-02,96.2736216294223,91.5891754664184,92.607697240603,95.4138726027975,92.5958308940412
2003-01-03,96.2549186574638,91.5457548288596,92.5572373082146,95.3571869929025,92.5434924042077
2003-01-04,96.2385143451242,91.5068474581281,92.5123570662965,95.3119022218963,92.4909720179926
2003-01-05,96.2265173438724,91.4725650640349,92.4674474927304,95.2701606794408,92.4433516414834
2003-01-06,96.2141215948776,91.4443404397526,92.5430685093766,95.2644349399157,92.514120895668
2003-01-07,96.1990060785055,91.4274760476662,92.9804509540564,95.3849999908891,93.2616396168672
2003-01-08,96.1831570197387,91.3915098757821,93.1061944424561,95.3765218425704,93.4973608319715
2003-01-09,96.1677453793436,91.3518374462032,93.0537568107547,95.3938598371144,93.442669151416
2003-01-10,96.1553840902056,91.3160365335756,92.9818407746448,95.5850383655045,93.36359806845
2003-01-11,96.1412542543991,91.2786899509083,92.90712179993,95.5834694527599,93.2791331595086
2003-01-12,96.1268718810006,91.2420088211927,92.8369756953549,95.5222743605273,93.1970202246982
2003-01-13,96.1131744678434,91.2082076957008,92.7741395217286,95.4624653980659,93.120547648344
2003-01-14,96.1004004345424,91.1772499705787,92.7193509470889,95.4061243150301,93.0476696456144
2003-01-15,96.0897536803301,91.1502554106062,92.6665786445979,95.3533318337018,92.9806546701906
2003-01-16,96.0829227711007,91.1234162029097,92.6215408068593,95.3048984774998,92.920478284735
2003-01-17,96.0765433680907,91.0962790033783,92.579902804584,95.2576691355983,92.8619703187725
2003-01-18,96.0692546622698,91.0689849321897,92.552412286575,95.2111604681039,92.8061809796026
2003-01-19,96.0611036624349,91.044149120884,92.5145390033048,95.1605849236887,92.7570341017851
2003-01-20,96.051736340609,91.0175004732771,92.4620036618212,95.1064781042159,92.699654380185
2003-01-21,96.0431612610822,90.989285356519,92.4126938208944,95.052466168816,92.6429633251617
2003-01-22,96.0351778371179,90.9631067978896,92.3662805517074,95.0007671948349,92.5903662188834
2003-01-23,96.0255547301293,90.9362638317549,92.3161972446638,94.9507358362157,92.5350734014695
2003-01-24,96.0139472575207,90.9060144297309,92.2673530755083,94.9032990414196,92.4795351922792
2003-01-25,96.0027070474636,90.8754523386723,92.2198113140095,94.8559098534188,92.4251918646996
2003-01-26,95.9912546607064,90.8464769399531,92.1817317098972,94.8136129847279,92.3746161382272
2003-01-27,95.9800730604727,90.8184549933559,92.1502961193619,94.7850409384982,92.3244775747711
2003-01-28,95.9701126832794,90.792650019217,92.1088789108008,94.7427090246874,92.2761087381043
2003-01-29,95.9618019000124,90.7693200041891,92.0695574188004,94.7020212464209,92.2322735967679
2003-01-30,95.9551731254261,90.7456539580203,92.0303275368326,94.6636730736537,92.1894969536416
2003-01-31,95.9479311000204,90.7215696131196,91.9914985541448,94.6319561505286,92.1494471514359
2003-02-01,95.9412493821934,90.6994604074582,91.9534382615492,94.5961576584201,92.1063417242592
2003-02-02,95.9374626094473,90.6816415030902,91.9211133140869,94.5576206126495,92.066676887518
2003-02-03,95.9338888743497,90.6652481680872,91.8854393507777,94.5161966272126,92.0287482223877
2003-02-04,95.9321881882839,90.6692477552155,91.8429021377153,94.4745331879524,91.9913412018074
2003-02-05,95.9419369623665,90.7933163294308,91.8035149969283,94.4385805301192,91.9556966026785
2003-02-06,95.9469297871262,90.8468228821454,91.7655719341146,94.4018267316472,91.9219943132472
2003-02-07,95.9382588977225,90.834821661015,91.728613102368,94.3644559439711,91.8844475498501
2003-02-08,95.9425628008534,90.9271831865138,91.6872399816962,94.3240712252172,91.8448824115546
2003-02-09,95.9600675035706,91.1335267635051,91.6461803019111,94.2847025083287,91.8062944441575
2003-02-10,95.9682805020185,91.2715295332323,91.606448356648,94.2449048868733,91.7675731085509
2003-02-11,95.9613219366141,91.2812531051217,91.569331959878,94.2043240199671,91.7312818697031
2003-02-12,95.9491960154299,91.2139152329097,91.5287741426968,94.1661819485962,91.694092112855
2003-02-13,95.9384387987227,91.1550722583665,91.4944356256139,94.1323731337978,91.65756718391
2003-02-14,95.9275696450756,91.1026538654008,91.4608036373975,94.0980948773655,91.6207861999657
2003-02-15,95.9168960305812,91.0534064358273,91.4251880278209,94.0634254304284,91.5821023123625
2003-02-16,95.9063623032722,91.0093576348611,91.3919638653438,94.0283037155281,91.5441854849601
2003-02-17,95.8961307108735,90.9685615431644,91.3578968571538,93.9969731786954,91.5078180469304
2003-02-18,95.8867529840507,90.9300045983593,91.3282520924205,93.9666413858363,91.472899662607
2003-02-19,95.8802410204516,90.8951434045894,91.3058496045882,93.934764380769,91.4394057631092
2003-02-20,95.8726050563466,90.861177417564,91.2818272712524,93.9022962686258,91.4057725957897
2003-02-21,95.8642579776778,90.8275999835389,91.2472362489419,93.8707522500867,91.370347900364
2003-02-22,95.8565853704298,90.7962551270847,91.2151838061321,93.8461550640172,91.3356574971704
2003-02-23,95.8497319296444,90.7672149522267,91.1895795702957,93.8143642910584,91.3054923317097
2003-02-24,95.8444151122258,90.7402049976074,91.1607229405158,93.7799599984645,91.2746771533253
2003-02-25,95.8427269710931,90.7255593881951,91.1284769761676,93.7476528208757,91.2446110999004
2003-02-26,95.8446079160745,90.7141868518714,91.0971811200615,93.7174084715133,91.2134427522967
2003-02-27,95.8470506633661,90.7126591921742,91.0644195321993,93.6866365455599,91.1812609396788
2003-02-28,95.8436395756341,90.7121210157311,91.0311070061735,93.6570576130677,91.1489224883999
2003-03-01,95.8377423791707,90.6954091112313,91.0016274441607,93.6287389179428,91.1179717622483
2003-03-02,95.8534268047277,90.7980332107807,90.9696806319948,93.5970823956643,91.0881275166705
2003-03-03,95.8847460391026,90.9660245558952,90.9369426078414,93.5672601273538,91.057354744515
2003-03-04,95.8778378115672,90.9306238223486,90.9083624821983,93.5394677137402,91.027894244321
2003-03-05,95.8668288634486,90.8756550352056,90.8809688634583,93.5092342538939,90.9986014216514
2003-03-06,95.8564403349955,90.8267952409087,90.8487259965471,93.4807220027653,90.9673877309117
2003-03-07,95.8467194349592,90.7823236081349,90.8226709861746,93.4539200228645,90.9367521453618
2003-03-08,95.8373121272644,90.7422198840127,90.801008413036,93.4263635980684,90.9074757223484
2003-03-09,95.8282303335231,90.7059368796017,90.7728716052146,93.3972112167397,90.8794768896219
2003-03-10,95.8195697483223,90.6715071297037,90.7434646788538,93.3810470991666,90.8513237334309
2003-03-11,95.8113982533463,90.638014705627,90.7254350225434,93.3662628734769,90.8243406232284
2003-03-12,95.8033942989897,90.6058172186324,90.7062857683181,93.345506185671,90.7980616810917
2003-03-13,95.7974235120133,90.57537259686,90.6910630303761,93.3247687844029,90.7728762359688
2003-03-14,95.7931891855583,90.546063509621,90.6899880691169,93.316088288952,90.7473176528189
2003-03-15,95.7884683908871,90.5187437062614,90.6932623690309,93.3581998163903,90.7221561928599
2003-03-16,95.7832512833899,90.4940164287755,90.7212173335702,93.3881966118418,90.7025897544312
2003-03-17,95.7787827989841,90.4744005387935,90.7677801341013,93.4663592920148,90.6933440676707
2003-03-18,95.7761536649458,90.4581839112952,90.8073591067893,93.6769450291945,90.6917062381532
2003-03-19,95.7756593803501,90.445130971283,90.9245452179298,93.8669072859608,90.7295835765814
2003-03-20,95.7727675387753,90.4334252507513,91.0572505764258,94.0438797562178,90.7921287985199
2003-03-21,95.7716748401564,90.4258819290941,91.3451006598918,94.6912944021837,90.9142913496706
2003-03-22,95.7741474607815,90.4289739351664,91.7017394601184,96.1441057146011,91.1778871540057
2003-03-23,95.7774109520851,90.4446380422425,92.1080850878234,97.1874369394212,91.3520447068623
2003-03-24,95.7845206975864,90.444696559057,92.2803733140135,97.4732700288185,91.4114002326228
2003-03-25,95.784403720801,90.4325022048454,92.2863092813536,97.8391515820748,91.4121774541193
2003-03-26,95.7852471023005,90.4229454103359,92.3413051401259,98.8653547529821,91.4338199091845
2003-03-27,95.7885081035388,90.4224829715483,92.4979600008049,100.075647396298,91.4941235741698
2003-03-28,95.7949552925981,90.427392285134,92.5772297233068,101.062932422642,91.6011600557457
2003-03-29,95.8035881309111,90.438395534991,92.6484468130372,101.380756687173,91.67701334772
2003-03-30,95.8104591738402,90.4470331285363,92.9359944698234,102.059690281763,91.7441934287134
2003-03-31,95.8288051846184,90.4764739342458,93.3958041779413,102.954020247972,91.8360747804691
2003-04-01,95.8512981512114,90.5070723473328,93.6474885243301,103.568049941991,91.894784897859
2003-04-02,95.8596381876211,90.5138135819776,93.7930891387068,104.799836244807,91.9016668174701
2003-04-03,95.8737043375135,90.5290551449323,93.8365094249846,105.947289433803,91.9180356525307
2003-04-04,95.8931384298764,90.5503994422957,93.8067835646356,106.31425991858,91.9244227289373
2003-04-05,95.9072216970067,90.5650559927875,93.768577291879,106.455506943643,91.9215763847776
2003-04-06,95.9094545590895,90.5624930562874,93.7511340726027,106.666558273294,91.9084812107242
2003-04-07,95.9143047610622,90.5778713001081,93.9741698654639,107.733853654,91.9927286664032
2003-04-08,95.9271914420004,90.6019159047491,94.9014725575694,109.982108762992,92.3395989990151
2003-04-09,95.9499119581494,90.6716661611242,96.0915419473394,112.098614103867,93.2289385393498
2003-04-10,95.9775444673792,90.7717456951812,97.0374954402664,113.24929662653,94.1736103379634
2003-04-11,95.9812074127506,90.8110941681053,97.6703866909958,114.429242726351,94.3380125674195
2003-04-12,95.9916836794586,90.9013909736013,97.8971010755343,114.889322819523,94.4060601428979
2003-04-13,96.0289514808905,91.2507004842835,97.8319471532959,113.748319579684,94.5039151528579
2003-04-14,96.0567132155902,91.5144737273261,97.5393164548359,112.497485822053,94.4392247915958
2003-04-15,96.075416194776,91.6512854953423,97.4115933393338,111.692721386714,94.562782147437
2003-04-16,96.1313263160594,92.2691159749366,97.7401458203439,111.633207600984,95.3745036327754
2003-04-17,96.1853525204701,93.3773928715485,98.8023784512081,112.45314749395,97.1520921237099
2003-04-18,96.2332891331974,94.4612380172322,99.9110205526766,113.619680258593,98.7358515980745
2003-04-19,96.3317124854675,95.5643969030512,100.437175268088,114.30936263151,99.6653823481021
2003-04-20,96.5432497203371,97.097463383915,100.941557393571,114.39449214598,100.555587475527
2003-04-21,96.8314272686035,98.9028216547787,101.964101452974,114.99389107331,101.862688800321
2003-04-22,97.1314312264179,100.766939314198,103.260142746117,116.544714661312,102.861987683551
2003-04-23,97.6769269659221,102.910444121297,104.739690829634,116.207618795257,103.41089183265
2003-04-24,98.2074385543714,104.505764971012,104.664461169475,114.928286890495,103.724554481549
2003-04-25,98.592068501039,106.070978729055,104.66371353222,114.024769917693,104.003974456451
2003-04-26,99.047292716715,107.169878005474,104.528361311914,114.090323977679,104.31811900553
2003-04-27,99.3566167486486,107.544748829872,106.012071372319,115.751420111335,104.797897047884
2003-04-28,99.6417109449567,107.784261509713,109.128450168838,115.944779905821,106.28128766507
2003-04-29,100.147595460343,108.436185355833,111.328151396228,115.078559581899,107.633708500193
2003-04-30,100.39240325756,108.442453886205,110.71681539924,113.292411878113,108.523192257573
2003-05-01,100.236648376735,107.624392211097,109.897718708284,112.205465226764,108.197257295206
2003-05-02,100.101256086868,106.642615576648,110.233441898245,111.933071982686,107.415647286439
2003-05-03,100.027821865202,105.862008695804,111.006004140247,112.688010270426,107.069410497767
2003-05-04,100.058167774935,105.142756147763,111.947518350616,113.531015491008,107.451016897082
2003-05-05,100.268744974443,104.898012008329,112.182505075251,113.092580266136,108.156359586521
2003-05-06,100.304765014512,104.926904039787,112.472773190295,112.581055401006,109.009775223466
2003-05-07,100.479708761762,105.492752615503,112.789498575936,112.023675454041,110.338690703513
2003-05-08,101.121989309506,106.75679667197,113.639176571066,111.075383837568,112.157366296096
2003-05-09,102.125189533016,108.621046675848,113.956473215183,109.59076649637,113.892522946084
2003-05-10,103.568824510361,110.543674730809,113.445637449417,107.833122195631,114.730590478066
2003-05-11,105.476845006316,111.930562810529,112.703801600218,106.313892142634,114.726061225737
2003-05-12,107.545284412206,112.705155418356,112.266424452915,104.328744123474,114.440121829069
2003-05-13,109.640457008991,113.313769560488,111.546878742248,102.461926419052,113.8217911895
2003-05-14,111.238106195893,112.992156471197,111.953928014623,101.146801934714,113.083085696911
2003-05-15,112.45492909404,112.375841051004,111.253485668706,100.105175216549,112.360139395437
2003-05-16,113.199116815174,111.891085943959,109.905495299462,98.8015928712958,112.398472784235
2003-05-17,113.8033087889,111.271528870172,108.546414464234,97.5959814440283,112.130130711997
2003-05-18,114.389035665479,110.388630765496,106.856623859013,96.4229554218501,110.906609263558
2003-05-19,114.674939012461,109.505205033457,105.427074890961,95.5095764754579,109.677595247662
2003-05-20,114.904698703223,108.646016536978,104.385086790644,95.5213632357128,108.788051056402
2003-05-21,115.043975430681,108.374040511573,103.598193682474,95.5785634465087,108.64864398511
2003-05-22,115.144222937087,108.071226379274,102.660482287541,95.044232275109,107.939808537913
2003-05-23,114.999593172367,107.525025591034,102.165183012087,93.8203905711158,107.785719110239
2003-05-24,115.200475991473,107.082458435962,103.068604933501,92.5612230916265,108.999352413314
2003-05-25,115.740383512395,106.707769568623,103.917789814016,93.0429305424432,108.185257827174
2003-05-26,116.674531596271,106.869447407045,104.256477460756,94.0225825178999,107.218414589826
2003-05-27,117.303855208393,106.534114938202,104.253321785169,95.2620740630843,106.502798703232
2003-05-28,117.466910834769,106.092942339051,103.185182221908,94.9405517432523,105.587446227302
2003-05-29,117.436685573459,104.896147040515,102.210630003073,94.2362415672158,105.12073313688
2003-05-30,117.616070275244,103.528941502878,101.286375765721,94.4136609080738,104.423301750577
2003-05-31,117.49906639133,102.008643304003,100.917769290726,94.6517441227393,103.60684755055
2003-06-01,116.828641953002,100.824070300846,100.526647542498,94.3757282064651,103.091955727976
2003-06-02,116.157228708537,100.191135369172,101.082731784046,94.4706091698974,102.640203887928
2003-06-03,115.85407764212,101.244894259182,100.862462782426,93.8133656103908,102.484363869071
2003-06-04,114.941240170727,102.107354589467,99.9320425658114,93.2202912781044,101.972952115891
2003-06-05,113.86461797971,101.901181342597,98.9617143698766,93.3042286778358,102.437690501132
2003-06-06,113.141892012483,100.835160823455,97.6711312143449,94.2888097971977,101.931876788405
2003-06-07,112.931048488482,101.174684465993,97.6333221706432,95.7869720608673,101.387379151921
2003-06-08,112.474213845911,100.754517644888,96.891716821665,95.3236565781682,101.010971559147
2003-06-09,111.672067856663,99.5789669208537,95.4298451629948,95.2267702098037,99.6173788897493
2003-06-10,110.695991842019,98.3170745489801,94.8329643276853,95.24612288359,98.1407572774282
2003-06-11,109.414449108094,97.5062903842154,94.0765000789259,94.1531828446728,97.4904140829045
2003-06-12,108.161140166989,96.2867617928889,93.1041011941467,93.7120163733322,97.2064237184518
2003-06-13,107.216410602551,94.6467346093547,93.0959119171445,94.0590275075782,96.7831387947289
2003-06-14,106.114948221686,93.5907304724559,92.5230871935702,94.3230042771816,97.1391023356033
2003-06-15,105.0524923102,92.9951007110725,92.4563056090614,94.8278256172438,97.4493401227667
2003-06-16,104.807517067581,92.3933685767475,91.7206140809795,94.5181622060827,96.9063411758668
2003-06-17,105.308339259138,92.3065442578674,91.04993327767,94.0098181705624,95.802019529322
2003-06-18,105.318942142293,91.9134483197786,90.6533345100035,93.8436545487594,95.0954116368849
2003-06-19,105.340863822444,93.7535098762867,90.1144751905966,93.9284271280987,95.1575552376029
2003-06-20,105.601579951609,95.6995428251591,89.9873541729458,93.4407513246151,95.1497259428942
2003-06-21,106.046230311597,94.7587831081658,89.4505326432605,93.6479757238474,94.0309097983441
2003-06-22,105.603462018953,93.8109265971478,89.5690862799574,93.7312805078503,93.4871791468647
2003-06-23,105.136600624831,93.1294247473558,89.0396709085362,94.32443568604,93.806095535239
2003-06-24,104.808227239169,92.2142846767953,87.9190547571171,93.2142012442904,92.9902261679743
2003-06-25,103.601409700081,91.3248228961148,86.7810317165715,91.2030308903213,91.4846895154065
2003-06-26,102.333192175296,90.4573934224199,85.7370340044003,89.1020393061474,90.3199624286076
2003-06-27,101.267790366631,90.3239080227994,84.1701720066289,87.4156950232655,89.1602179101895
2003-06-28,100.900554349165,89.7401016292705,82.7690393068857,85.8888550280355,88.7236168878259
2003-06-29,100.209959874045,89.7763104142361,81.8039311075992,84.3211634023809,88.7009775241809
2003-06-30,99.9021307692883,89.7659513012171,81.8052022440252,83.1263949441389,89.7689699276863
2003-07-01,99.9517270666827,88.8592008117879,83.2723907544784,83.0776856467321,90.8931427352556
2003-07-02,100.127277747447,88.7149948369385,83.6514814437671,82.6819632465556,91.4660657657772
2003-07-03,100.263845964626,90.1922836442529,83.0211010168044,82.1733038438937,91.5658041934833
2003-07-04,100.940500318729,91.0882436727227,81.9249495570612,82.6739145163064,91.2586154750648
2003-07-05,100.128328430914,91.1059598778885,81.5665425104079,82.8355159277654,92.1306079877411
2003-07-06,99.2153798840334,90.1616037265306,81.1415277102551,82.7075632974422,91.9629313825107
2003-07-07,97.9313878190126,89.7436603071013,80.2664650140796,82.5801206031324,91.1551489996601
2003-07-08,97.0128719876109,89.3306666609695,79.1065297552542,82.5972530486733,90.1449977076487
2003-07-09,96.4813590077662,88.4930028510874,78.8238438180944,83.0277676151377,90.1206011682613
2003-07-10,96.0444466918551,87.1522635217175,79.0515715387059,84.3385671258317,90.3263871012895
2003-07-11,95.571585426468,86.7123258368338,79.058753183108,84.4805766315102,89.6994654381878
2003-07-12,95.1811280510282,87.1440644448506,78.7080780647777,83.5013596655078,88.994667074943
2003-07-13,94.9575125261678,87.1968401291845,78.8338841649809,82.6793349447734,88.8360788958928
2003-07-14,94.7992172589019,87.9253196318536,79.6122882439167,82.8446236650796,88.8578748721148
2003-07-15,94.8642267107544,89.1029656462517,80.2744087500248,83.0199577678555,89.337802192902
2003-07-16,94.0892905356415,89.8078547827305,80.6367681242739,84.9590113382467,88.6414286476554
2003-07-17,94.1411714392281,90.0836195778477,82.3417680581192,86.1073299753088,88.1302998052579
2003-07-18,93.8830061307917,89.0648686761486,82.6470963382851,86.7408745346161,88.7973214384149
2003-07-19,92.9580003117048,87.7885570811171,83.244385207796,87.2588816535202,89.8321445143152
2003-07-20,93.0095192012894,86.5173603965811,84.4778843855649,87.3840872951357,89.684409637082
2003-07-21,93.0440486163121,85.2193492953497,85.2573914115169,88.5011329054126,90.0541271181827
2003-07-22,92.4360855963564,84.9408640310172,84.7312742940917,89.1084808010215,89.7101945333367
2003-07-23,92.2744962254406,85.273473147121,84.8303865009599,89.7397109626342,89.562078996034
2003-07-24,92.2795605245959,85.0604228112259,85.1861411094061,90.3823760760898,89.8773475461181
2003-07-25,92.3209424778177,84.4099657855852,86.9969658784979,90.0535522769353,89.9747340537285
2003-07-26,92.7846572871524,84.4111910797993,88.1928484160756,89.2096526906017,90.0563460736835
2003-07-27,94.0520355323877,86.6446839232138,89.2181050946639,88.1382358275909,91.0004362976286
2003-07-28,95.4973001799418,88.0640182382994,89.1613735623655,87.4109136829041,90.6770139897323
2003-07-29,95.9070263744145,87.4027225564949,88.2661917119876,86.9137099943966,90.0400774328952
2003-07-30,95.5479897958175,87.7301366018921,87.4724134807035,86.9844521338743,89.3391603103091
2003-07-31,95.3181445066257,88.1192241660906,86.5169007614759,86.4054733262033,88.4199212181072
2003-08-01,95.1657050643271,88.1252227616773,85.1187456581161,85.7171113497736,87.242870095186
2003-08-02,95.1529420894928,89.3032479128539,84.7388804307031,85.6878113504673,88.2678879769986
2003-08-03,95.605794639587,91.2485210406881,84.3909326013543,85.2713314271016,88.9041937108503
2003-08-04,95.4374794206856,92.1666969009218,84.3006399712984,85.0498169570056,88.5160268199939
2003-08-05,95.0465509673028,91.9643634426462,84.3583437446951,84.2302812782378,89.221173834225
2003-08-06,95.034677762778,91.9525517391218,85.2693098535062,83.9861982536033,89.8208619956605
2003-08-07,95.046748204817,91.657396887006,86.5813524892278,84.2524179221329,90.8325603948447
2003-08-08,95.2223232548859,91.4837301635523,86.9773358298732,83.8076680177815,91.4868429991587
2003-08-09,95.271120143033,91.2246704818576,86.4831190568332,82.9546928036966,91.6336869190067
2003-08-10,95.0449223800204,90.3087517910873,86.9680640600637,83.3607987814938,92.463425768476
2003-08-11,94.6704784077062,89.9237113306673,88.0656936974164,83.9228708723362,92.6273266581969
2003-08-12,94.8644191855641,90.2325682241174,88.780716943479,84.9009381958356,92.54907296728
2003-08-13,95.0012618571873,91.3586009023837,88.8006410322258,85.4922442529941,91.8740390090348
2003-08-14,94.8676639642544,91.3674803318909,88.9006903129599,85.7600103555622,91.5805995822955
2003-08-15,94.2217005755247,90.4846703884478,89.2346996075396,85.8764810944894,91.1381302551307
2003-08-16,93.7844334027257,90.0429090968861,90.1715943836663,87.0190379016811,90.8673988530344
2003-08-17,94.2390462591868,90.157016002428,90.0137424023594,86.5464738730816,90.3740972633796
2003-08-18,95.2688135903635,90.5923266339067,89.6014826105187,85.4860120706198,89.6909523589835
2003-08-19,96.0724378690025,91.2505329060918,89.2803814896363,84.9920843775483,90.4054837845903
2003-08-20,96.0987334644037,92.0233925314514,89.05485283196,84.3164535513053,91.3903075771371
2003-08-21,95.8315130904941,91.7213797444739,88.6322451860347,83.6368316569671,91.4227286926363
2003-08-22,95.9216390018933,91.943257517194,87.7178407459609,82.3194456704641,90.9631815923272
2003-08-23,96.5999873966445,92.8712788727922,86.7175689168706,81.4239667401156,90.8233944578419
2003-08-24,97.7706906878769,96.1031162674485,85.8516624082531,80.6060148970328,91.8204052558233
2003-08-25,97.7549280033066,97.5630699262958,85.0924294311914,79.7384129938479,91.7668454570427
2003-08-26,97.6534118670223,97.1639537387874,84.2858420688542,78.6970686186893,90.8908456869278
2003-08-27,97.9445105608552,96.1777853444416,83.5442924470716,77.9385708666445,89.7484916108677
2003-08-28,99.1435797158629,95.3003525055307,82.9065588906429,77.4012080472411,88.9893512581138
2003-08-29,100.292679939148,94.6692983952709,82.3677879979549,76.5038418508179,88.8465983063188
2003-08-30,100.370012839077,94.2308853954499,82.1899097776847,76.1485218679791,89.0886194562213
2003-08-31,100.34246567305,94.682843906739,82.8330566456836,76.3641660332951,89.7737941679138
2003-09-01,100.291412542915,96.4829332247947,83.2164513693272,76.4178729933182,90.0414855082716
2003-09-02,100.008009327887,97.2008899252573,84.1032491852528,75.9675538697752,90.9731902620793
2003-09-03,99.9359759862104,97.2863813535737,85.233512320646,75.4985470214897,91.6788397156043
2003-09-04,99.4045603213554,96.6010788182805,85.7705611945198,75.0237279326117,91.821145615722
2003-09-05,99.2863369475349,96.1547465522426,87.3198523297302,75.0206884104669,92.3751961226495
2003-09-06,99.7220347910452,95.8046479894767,90.2991449791044,75.3733381621882,93.611118370204
2003-09-07,100.430141036784,95.6628545765399,92.5405221733864,74.9397143525964,95.3815287381427
2003-09-08,100.925891418415,97.7740455378884,94.2716823532582,74.7764605175412,97.2326524093803
2003-09-09,101.66681093068,98.8887797896508,93.8229553790865,74.7287876564401,97.4960159449984
2003-09-10,102.082843035032,98.3758181809291,92.9991572784894,76.0623162884034,97.1251048429353
2003-09-11,102.619195003649,98.4682261429384,92.8716371508702,77.6275154387368,97.0664368348954
2003-09-12,102.308614007511,98.5587219903056,92.6847921109558,79.3552617597861,96.896905446011
2003-09-13,101.875878193696,98.0144770855292,92.598485947421,81.0368125093056,96.3521948926761
2003-09-14,101.819667853956,98.174640857844,93.2461071696681,81.9829926252006,97.2330438893724
2003-09-15,102.145064414335,98.2022338030907,93.7927006661877,82.9092349428658,97.6889340416738
2003-09-16,102.406508823907,98.0702303543114,94.3759070714581,83.0086171115648,97.7770731905709
2003-09-17,102.5930963918,97.6859560553798,95.2070030636435,83.0537712103771,97.9440030361683
2003-09-18,102.944674183638,97.3927384161989,95.8683257201929,83.0112712828633,98.0909897634202
2003-09-19,103.350967971105,97.3668638632819,97.1029553108144,82.9476472311853,98.7884012810135
2003-09-20,103.767312279208,97.9160969607604,97.5023467488033,82.7736726318776,98.9428443700438
2003-09-21,104.162600730029,98.2574941232734,97.477311677365,82.4193899330117,99.4740142490912
2003-09-22,104.316392357715,98.2239721519342,97.5689775802258,83.4291100352676,99.621595942922
2003-09-23,104.089313113186,98.0257513107945,98.0781136823314,85.5112112827003,100.071884642142
2003-09-24,103.742151130064,97.7055190052923,98.0906289239772,87.4756252865836,99.8970008914194
2003-09-25,103.652345621215,97.5061249459031,98.1698031600416,87.9231731917478,100.265780554728
2003-09-26,103.780870472185,97.8990969807109,98.3210276607641,87.8294015842225,101.015590804048
2003-09-27,103.977296362069,98.2470957659671,98.2569633592505,87.9747963996302,100.958960297261
2003-09-28,103.868737536082,98.4191769794655,98.1818313894696,88.2818536757299,101.082052701917
2003-09-29,103.780430946863,99.0468259364875,99.3164469242402,88.3958541349221,101.408683050621
2003-09-30,103.931955362986,99.7598147861058,99.2944444862294,88.1477932585354,101.457387176624
2003-10-01,104.239561277564,100.903969927306,98.6507144607152,87.7298709288631,101.048280412817
2003-10-02,104.335862416842,101.281349844342,98.1491112243758,87.4151198439034,100.767091194231
2003-10-03,104.04739716449,101.241679998731,97.9436631796658,87.0391254541501,100.492915481834
2003-10-04,104.008446442883,101.807660906283,98.5528694891899,86.6108049535518,100.704942011134
2003-10-05,103.903238881615,101.661352617849,98.9530553322339,86.2967497490928,100.921521409427
2003-10-06,103.547188934765,101.056790935582,98.8449726744227,86.6259452639591,100.28897777783
2003-10-07,103.27307429594,101.019394738035,98.6714475586838,86.5081620473122,100.081585008325
2003-10-08,103.026429345045,100.826483691448,98.4580370909315,86.4293844023138,100.160785629111
2003-10-09,102.845792609072,101.103746169993,98.1723027556615,86.1534064585529,100.043055473009
2003-10-10,102.564935399971,100.804523672672,97.9991908103655,85.8594560186691,99.79199570419
2003-10-11,102.295339411906,100.444741924564,97.5501352061723,85.5246175641601,99.3999352048855
2003-10-12,102.175169072978,99.8780144745305,97.0584171202836,85.1149726660352,99.0201279365998
2003-10-13,102.310440097845,99.4730306826425,96.7480587274657,84.7517700094221,98.8448737869004
2003-10-14,102.482569811409,99.392586802671,96.5674933890434,84.4923372013676,99.0330665482239
2003-10-15,102.307374016206,99.2914085051976,96.7550588741732,84.2943537260726,99.359722213616
2003-10-16,102.053703686094,99.0389777101025,96.9152104145788,84.0834785870736,99.3832942845035
2003-10-17,101.755435781359,98.5839351078577,97.1841633964572,84.3042403866187,99.3739592565303
2003-10-18,101.481649324206,98.1637229374333,98.3904295281359,85.3818927424202,99.497248991336
2003-10-19,101.237787502639,97.8195455910511,99.5082727457608,85.9398977681953,99.8045437111063
2003-10-20,101.006743868483,97.6502418645102,99.4736174273701,86.1750356507047,100.218959884666
2003-10-21,100.785811217112,97.421057724922,99.5568999761828,87.0436811244297,100.203448118512
2003-10-22,100.58489455531,97.2218997416269,99.8084381765038,87.8995399439447,100.426974361505
2003-10-23,100.389281049976,96.9328895728346,99.8708931942205,89.199797208322,100.153441560536
2003-10-24,100.20615601113,96.6610392753195,99.9063956862827,90.9040982795883,100.110195381403
2003-10-25,100.056484087814,96.4671821596654,100.059474021017,92.3971216955164,100.221699301373
2003-10-26,99.9066531615226,96.3573357598149,100.12169608151,94.1541889234291,101.170668726276
2003-10-27,99.7628591569911,96.395106056184,100.860995709248,96.0504350745895,102.854617155981
2003-10-28,99.6603815663084,96.272642438979,100.639620784521,96.2921414237787,102.627780191048
2003-10-29,99.5767811102274,96.1579293183064,100.100085303423,96.1194431685741,102.136140950368
2003-10-30,99.4780759502196,95.9990054568065,99.5944974191549,95.8998127691997,101.701942087038
2003-10-31,99.415035916391,96.2635159167993,99.1784543109509,95.6911608409343,101.164517308715
2003-11-01,99.3106630772666,96.3209300512709,98.752824024887,95.4528096340222,100.656873135277
2003-11-02,99.2082892355304,96.3702084892772,98.3255789651981,95.1806835712606,100.203351738995
2003-11-03,99.063788854613,96.1176109505185,97.9471028361817,94.8645214993075,99.7997876461663
2003-11-04,98.9379520684775,95.8579469224651,97.5970202084834,94.5655422061436,99.4312248158131
2003-11-05,98.8239554133891,95.6553635434519,97.2720182617143,94.3011339225065,99.0917193058096
2003-11-06,98.7243772281234,95.5766676307667,96.9723936990412,94.0578330472834,98.782922670028
2003-11-07,98.6348754674356,95.5377268182521,96.6972305330616,93.8307952972708,98.5006002813156
2003-11-08,98.5665445985236,95.4945695092948,96.4389146141189,93.6243264746858,98.2356251175111
2003-11-09,98.4595251147771,95.3454208253192,96.2012931592373,93.4318608570593,97.9898473278803
2003-11-10,98.341306202646,95.0530550719937,95.9834416864939,93.2514046388112,97.7582112994739
2003-11-11,98.2366723596279,94.8162169265926,95.7742878190045,93.0996124061387,97.5382848835894
2003-11-12,98.1390220776201,94.6082282163641,95.5764566497428,92.9748124676499,97.3348048579065
2003-11-13,98.0459622485289,94.4213907017728,95.4186422127317,92.859328371526,97.1911762940355
2003-11-14,97.9557203695901,94.2474499633686,95.2913742133017,92.7604400763738,97.0984737134695
2003-11-15,97.8708337742087,94.0804641730683,95.1190077509606,92.6449382206103,96.9272240351722
2003-11-16,97.7886106406414,93.9260333719066,94.9551120234296,92.517845711147,96.7574317173738
2003-11-17,97.710735840914,93.7801110966703,94.8008633426601,92.3913433441404,96.5938519700195
2003-11-18,97.63754067509,93.6434983178798,94.6538725164336,92.2583870512701,96.4343792310076
2003-11-19,97.5717747135498,93.5196089075379,94.5078570755108,92.1269966055772,96.2798676357819
2003-11-20,97.5238792500776,93.4443467719107,94.3656681440384,92.0002990378163,96.1298625568951
2003-11-21,97.5145492934234,93.6255076846819,94.2256653356267,91.8796067371787,95.985861564029
2003-11-22,97.4370325136759,93.5546490896106,94.090915840949,91.775802962174,95.8489517048162
2003-11-23,97.3661794110343,93.4215608788191,93.9605307924075,91.7068752473127,95.7182622812328
2003-11-24,97.3149673170193,93.3281413191426,93.8372392913238,91.6321633829749,95.5940492448843
2003-11-25,97.2428024125385,93.2074362504639,93.7180238132031,91.5580488593238,95.4777616486669
2003-11-26,97.176600510765,93.0967459873371,93.6021721084492,91.458589153847,95.3624626340298
2003-11-27,97.1147985052608,92.9907720004458,93.4963836634395,91.3608001858737,95.2511009182389
2003-11-28,97.0562751566715,92.8890766299028,93.3957913636156,91.2662111429437,95.1441268888533
2003-11-29,96.9994261034476,92.792099343519,93.2963524546905,91.1758729707004,95.0398008494869
2003-11-30,96.9441974891953,92.6990058533207,93.1989600729273,91.0863815986737,94.9400991923897
2003-12-01,96.8910178659351,92.6100809385294,93.1044803192533,90.9994549035287,94.8461463386642
2003-12-02,96.8396029564677,92.5276276348869,93.0121694396719,90.9161383421576,94.7615534058879
2003-12-03,96.7901054951746,92.4449900813934,92.9250242808938,90.836994394611,94.6742541586126
2003-12-04,96.743443463282,92.3630651526673,92.842759718304,90.7583631018614,94.5888503357074
2003-12-05,96.6990823307923,92.2861878509675,92.7616066679056,90.6821126539898,94.5063506723975
2003-12-06,96.6560280509134,92.2119708516362,92.6830817425501,90.6092001336539,94.4218897690359
2003-12-07,96.6192747319734,92.1431727700744,92.6044818760892,90.5443334075412,94.3392762807719
2003-12-08,96.5823504759843,92.0774442486788,92.5310974076218,90.6394773969537,94.2600257209705
2003-12-09,96.547318171644,92.0155473657253,92.4699628154114,90.7614130444689,94.1872879865488
2003-12-10,96.5117404680275,91.9551748096635,92.4049421738725,91.6081372321059,94.1186379284517
2003-12-11,96.4764095664405,91.8966546740914,92.3394923891842,91.7933242025448,94.0497860748474
2003-12-12,96.441670929588,91.8396102351993,92.280665265703,91.7252911976374,93.9833601191872
2003-12-13,96.4100633578031,91.7834900569273,92.2240465354573,91.6583051973267,93.9173905114227
2003-12-14,96.3784849285527,91.7254556602915,92.1664200075439,91.5923443509118,93.85202002558
2003-12-15,96.3475313029187,91.6713264108738,92.1138419350018,91.5268182247071,93.7898037516839
2003-12-16,96.3205251187619,91.6243917762045,92.0666749469182,91.461855102896,93.7369324263569
2003-12-17,96.2951289328789,91.5764664325981,92.0139503380273,91.3933635998861,93.6821677766919
2003-12-18,96.2711899844632,91.5295237514002,91.9569569779782,91.3249868127052,93.6330983812476
2003-12-19,96.2437091641251,91.4851672359139,91.900643674024,91.2872244788967,93.5818261867025
2003-12-20,96.2161752670394,91.4410581855629,91.8475171545438,91.2864278703333,93.5326299616786
2003-12-21,96.190267758924,91.3990007760624,91.8029158260197,91.2412443258865,93.4900646888661
2003-12-22,96.1632341881814,91.3635246642151,91.7567619131121,91.1806708649748,93.4508064603563
2003-12-23,96.1352646811517,91.3302638270531,91.7057158135007,91.1222461997914,93.4121569086352
2003-12-24,96.1082909287377,91.2931250800488,91.6560998066674,91.0668841490166,93.3646571360628
2003-12-25,96.0846069043959,91.2571899348297,91.607798745805,91.0092493005899,93.3233011131183
2003-12-26,96.0609749133645,91.2121402278723,91.5626430168563,90.9529712370522,93.2745942869039
2003-12-27,96.0364648714472,91.1679704680583,91.5248765529691,90.8960279947371,93.2283219093028
2003-12-28,96.0127448521771,91.1278200335771,91.4935134250251,90.8411996169173,93.1829709867671
2003-12-29,96.0025162054715,91.1106428687086,91.4535104517971,90.788937750739,93.1374995815413
2003-12-30,95.9930427305722,91.1027951722664,91.4112361476437,90.7353122080976,93.0892449190531
2003-12-31,95.9682162606364,91.0613347043541,91.3806242885203,90.6834729067397,93.0422810144663
2004-01-01,95.9434433268663,91.0214327773208,91.339373564311,90.6304348215822,NA
2004-01-02,95.9189687160538,90.9809644233422,91.292906246146,90.5793374606527,NA
2004-01-03,95.8951549301528,90.9420333336923,91.2615705317835,90.5329427644155,NA
2004-01-04,95.8727501527461,90.9072805294885,91.2407304461429,90.4902037980776,NA
2004-01-05,95.8516700360826,90.8756376527253,91.2071533982835,90.444976329061,NA
2004-01-06,95.8320997257593,90.8430247076125,91.1630044541518,90.3982454995953,NA
2004-01-07,95.813521980984,90.8108043015672,91.1177684936383,90.3503513827791,NA
2004-01-08,95.7938518555821,90.7754569836494,91.0722653011938,90.3033821612158,NA
2004-01-09,95.7735377007664,90.7349293675804,91.0358637994024,90.2606989315879,NA
2004-01-10,95.7535965483753,90.6978404134658,91.0101112119228,90.2257247920561,NA
2004-01-11,95.7366674790473,90.6651983804228,90.9854079333805,90.1959892678582,NA
2004-01-12,95.7189268884358,90.6324020158836,90.9538445907109,90.1578384945321,NA
2004-01-13,95.700481924809,90.5981948588233,90.9315232004741,90.1265288734345,NA
2004-01-14,95.685924211911,90.5657861013693,90.9124380128594,90.1027937033245,NA
2004-01-15,95.6727451877092,90.530958606829,90.9120849401154,90.1171144369687,NA
2004-01-16,95.6563899534403,90.4957453855108,90.8890479142418,90.1137604095993,NA
2004-01-17,95.6393769889914,90.460871135037,90.8507436065071,90.0729663618417,NA
2004-01-18,95.621309757334,90.4248160550713,90.8136707999037,90.033427668795,NA
2004-01-19,95.6035855179465,90.3903530344563,90.7841931241128,90.0005725306451,NA
2004-01-20,95.5870214758452,90.3575571932505,90.7540518384626,89.9688885591751,NA
2004-01-21,95.5706432170621,90.3244900320557,90.717990857314,89.932880300409,NA
2004-01-22,95.5552358874856,90.2933401257953,90.6862496213643,89.9080839564293,NA
2004-01-23,95.5419696150327,90.2637032811673,90.6567398145971,89.8828739007792,NA
2004-01-24,95.52993941329,90.2355831550534,90.6240338286318,89.8480107905118,NA
2004-01-25,95.5202065757729,90.2084101356819,90.5963754355905,89.8138601261255,NA
2004-01-26,95.5091393452817,90.1795559049031,90.5688033340964,89.7831402637511,NA
2004-01-27,95.4956428929803,90.1511447365498,90.53722942624,89.7513456635892,NA
2004-01-28,95.4817330711569,90.1219293026642,90.5095025687391,89.7200271766584,NA
2004-01-29,95.4680155039017,90.0931928580789,90.4812644283476,89.6913374638064,NA
2004-01-30,95.4544305253398,90.0649883339433,90.4498164138713,89.6585523864863,NA
2004-01-31,95.4423214726181,90.0375413933321,90.4181867787523,89.6244147117028,NA
2004-02-01,95.4318025612258,90.0110939371599,90.3875744221249,89.5917470341534,NA
2004-02-02,95.4199157088532,89.9861414567161,90.3611514181365,89.5659990167166,NA
2004-02-03,95.4067420477101,89.9623227681534,90.3337629347145,89.5400179091945,NA
2004-02-04,95.3943054013689,89.9399684857247,90.3207168334494,89.5159617684767,NA
2004-02-05,95.3853348679034,89.9215551654969,90.3043638506994,89.493880362173,NA
2004-02-06,95.3775294946068,89.904575898115,90.2885310845666,89.4696727724289,NA
2004-02-07,95.3672955515438,89.8867717535479,90.271510701017,89.4458935667034,NA
2004-02-08,95.3579676763584,89.8691143770356,90.2541500739887,89.4616460018506,NA
2004-02-09,95.3465884779074,89.8516010204105,90.2288598379275,89.6121649581848,NA
2004-02-10,95.3371488777735,89.8366544992606,90.2115413905325,90.0766628545196,NA
2004-02-11,95.3285858118521,89.8239475095657,90.1937143167689,90.1980141908286,NA
2004-02-12,95.3188885180948,89.8113402102497,90.1669208260567,90.2564125474466,NA
2004-02-13,95.3076994024889,89.7934877204617,90.1415355445861,90.4219656704969,NA
2004-02-14,95.2961980124597,89.7708013823818,90.117422977206,90.4318980564905,NA
2004-02-15,95.2845524857367,89.7466252309433,90.0970821878151,90.405061616333,NA
2004-02-16,95.2732771412026,89.7218663549232,90.0744453393467,90.7690109985217,NA
2004-02-17,95.2626998548874,89.6970050052277,90.0605095077832,91.3568073355284,NA
2004-02-18,95.2528057039557,89.6727872115452,90.0658454134022,91.3350264351382,NA
2004-02-19,95.2425701892484,89.6494523301192,90.0501305247406,91.3004439497708,NA
2004-02-20,95.232484827872,89.6290271956801,90.0258799145127,91.2826335689639,NA
2004-02-21,95.222667062451,89.6109253031011,90.0026725774655,91.29054054604,NA
2004-02-22,95.2125217292947,89.5937071526775,89.9930574108528,91.3039523169606,NA
2004-02-23,95.2024104689958,89.5763602101727,89.9864879197374,91.3047930012867,NA
2004-02-24,95.1922365166492,89.5557535276546,89.9643361984108,91.2852343348935,NA
2004-02-25,95.1825601294612,89.5349408115762,89.9469057192601,91.2570288225205,NA
2004-02-26,95.1737156874576,89.5156265763395,89.9445849775297,91.2291364023228,NA
2004-02-27,95.1644131209082,89.496960007343,89.9241038970913,91.2023305074958,NA
2004-02-28,95.1550377500859,89.4769629892058,89.8988382095026,91.1921173155063,NA
2004-02-29,95.1455411977614,89.4557201101271,89.8813173427335,91.183406165613,NA
2004-03-01,95.1373863182772,89.4352850704406,89.8600500726965,91.1795397094416,NA
2004-03-02,95.1490445185684,89.438529113374,89.8437713470838,91.1840525036043,NA
2004-03-03,95.1476923913253,89.4239283996603,89.8216380877923,91.1856883699719,NA
2004-03-04,95.1388884930281,89.40221017718,89.8033632909781,91.2226576922235,NA
2004-03-05,95.132181653009,89.3823682547292,89.7962056569157,91.3795188873622,NA
2004-03-06,95.1284325358244,89.3635831484199,89.7886419066141,94.7494858499707,NA
2004-03-07,95.1243145830907,89.3457795108155,89.8347708867568,99.4887472412578,NA
2004-03-08,95.1254596025602,89.3425572130263,90.1253376558186,100.421435775204,NA
2004-03-09,95.1218085793684,89.3277134145307,90.723508883958,100.74840438103,NA
2004-03-10,95.1143463746713,89.3073768669003,90.9351204663976,100.617868319777,NA
2004-03-11,95.1065911195133,89.2902778231188,90.8980842380391,100.340872941299,NA
2004-03-12,95.1001845379957,89.2756955121936,90.8801549790106,100.164064921795,NA
2004-03-13,95.0953503808026,89.2614399439911,90.859557771821,99.9414218675408,NA
2004-03-14,95.0888636818683,89.2462787896502,90.8332616448978,99.7177066979357,NA
2004-03-15,95.081940229372,89.232461870394,90.7989319486439,99.5141591149945,NA
2004-03-16,95.0745789772387,89.2173891069334,90.7623121392881,99.3294588705706,NA
2004-03-17,95.0670902012047,89.1995180585647,90.7307948568161,99.1771637790728,NA
2004-03-18,95.0597154810381,89.1811903590024,90.7041704195502,99.0295725812988,NA
2004-03-19,95.0525157560541,89.161724650817,90.6877925031988,98.885200780734,NA
2004-03-20,95.0452821935705,89.1417816993782,90.6964577421305,98.7331166568928,NA
2004-03-21,95.0382610409894,89.1225576602326,90.6975534072758,98.6398675513541,NA
2004-03-22,95.0317502582483,89.1046893278782,90.6737950725892,98.8809587198757,NA
2004-03-23,95.0253608331473,89.0883829409147,90.6591769249419,100.151654754448,NA
2004-03-24,95.0193306490283,89.0723843105795,90.6788057338099,100.996883330601,NA
2004-03-25,95.0181849489654,89.0631406691192,90.8101267728775,101.043705700565,NA
2004-03-26,95.0219775092527,89.0560697065445,90.9132646004209,100.739312452244,NA
2004-03-27,95.0228125131831,89.0451670288466,90.938944079083,100.520048751459,NA
2004-03-28,95.0179620017861,89.0292064398244,90.9137322337373,100.399554620528,NA
2004-03-29,95.0115960530894,89.013754654452,90.9875934084334,101.106881574869,NA
2004-03-30,95.0054224149554,89.0729042455612,91.6772649902856,103.470093186632,NA
2004-03-31,94.9993603901244,89.5205571198076,92.4055725094034,105.479365924413,NA
2004-04-01,94.9962041774432,89.5765656673641,92.465917332821,107.239309765397,NA
2004-04-02,95.0094706767936,89.6419388416597,92.7914640856591,109.100934409735,NA
2004-04-03,95.0504002758351,89.7639362997779,93.5488015081081,110.058910330509,NA
2004-04-04,95.0664708097955,89.9003193589279,94.2882645828219,110.997133936265,NA
2004-04-05,95.0624750643634,90.0920486607956,94.5200106594829,112.087549341507,NA
2004-04-06,95.0637150171125,90.1552110038892,95.2496541139928,113.576112719178,NA
2004-04-07,95.1149267350505,90.4883627872805,96.8287819589188,113.846371038283,NA
2004-04-08,95.2017490812523,91.0812893343288,97.4793552157177,113.621203670093,NA
2004-04-09,95.3022927941548,91.736785797983,97.8241770132574,112.833515592645,NA
2004-04-10,95.3973162389849,92.2189972258461,97.8760898341528,111.880695266977,NA
2004-04-11,95.4686402527405,92.7734210071506,97.8828606877383,111.882254096488,NA
2004-04-12,95.4804058306332,93.1137057905982,98.1106049758586,112.737030304851,NA
2004-04-13,95.4778519735223,93.1063735046273,97.9786802254154,113.196409181825,NA
2004-04-14,95.4934658881149,93.1023215188866,97.7929002548624,112.991877165806,NA
2004-04-15,95.5357070334102,93.219941097188,97.8602978157045,112.523620695958,NA
2004-04-16,95.6224045814837,93.7143918963975,98.1014961548095,111.849890344804,NA
2004-04-17,95.6262995053849,93.6891076109403,97.7733525039198,110.77784814633,NA
2004-04-18,95.5961404748881,93.5481621459254,97.4895707147397,110.199287364573,NA
2004-04-19,95.6046852813831,93.6616893983705,97.4885207915021,110.328511448721,NA
2004-04-20,95.6388926217877,93.7952502951294,97.5092082165528,110.508529883087,NA
2004-04-21,95.6206508866325,93.8892819494571,97.3573741684789,110.663878482708,NA
2004-04-22,95.6120356882773,94.1248867834843,97.5614759356182,110.567326848665,NA
2004-04-23,95.6172158847115,94.2906755849846,97.5322470665802,110.449826571097,NA
2004-04-24,95.6447815078383,94.6807813312424,97.7137474997834,110.570458026964,NA
2004-04-25,95.7041997680764,95.1958502145004,98.746364679014,111.266446238933,NA
2004-04-26,96.0184412505202,96.5640887589652,100.381601748573,110.878001845791,NA
2004-04-27,96.4789660704806,97.9857927686213,100.60768246408,109.658053647469,NA
2004-04-28,96.7186608553472,98.5967118400112,99.9869838306303,108.859771363714,NA
2004-04-29,96.9286455219522,99.3054076249612,99.3815429783186,108.484209712524,NA
2004-04-30,97.0702049074679,100.591591326598,99.4344065497484,108.372907492708,NA
2004-05-01,97.2852402518987,102.161261889988,100.761212979947,108.661743043018,NA
2004-05-02,97.2640809469602,102.892449332375,103.612273893908,110.43196769492,NA
2004-05-03,97.2470599003048,102.558139235786,107.038062224127,112.248126106136,NA
2004-05-04,97.3037134461941,102.683066882839,109.596662153837,112.071589763558,NA
2004-05-05,97.3694187476277,102.313324613906,109.838479486772,111.17231278995,NA
2004-05-06,97.5766550681652,102.416098742867,109.701027761922,110.357004472851,NA
2004-05-07,97.899627394212,102.883234062378,110.213448337297,109.630020816738,NA
2004-05-08,98.6880903488021,102.953627708198,111.031650543604,109.130193500131,NA
2004-05-09,99.6703566714733,102.803402897637,112.043748954719,108.448546378693,NA
2004-05-10,100.412197005493,103.139307996898,113.427813391196,107.624305590162,NA
2004-05-11,101.352104512146,103.778457468113,113.749169998491,106.544366479463,NA
2004-05-12,102.545060738456,104.721120911981,114.281858144159,105.257726305316,NA
2004-05-13,104.028846158276,105.672947010053,115.849106998021,103.768133813942,NA
2004-05-14,105.459074625662,106.84378134128,117.713077631798,101.861471723364,NA
2004-05-15,107.29736304447,108.316749121426,118.105329829005,99.7095615387114,NA
2004-05-16,109.524866004909,109.359417391023,117.6337192173,97.4095389106546,NA
2004-05-17,111.41876928983,109.964211768719,115.658433635525,95.1432758679397,NA
2004-05-18,112.494226302684,110.357919547642,113.891869383967,93.520913078118,NA
2004-05-19,112.635342879684,110.288020491472,112.606567326152,92.6941297169229,NA
2004-05-20,113.425136889161,109.920426267367,111.532721370377,92.2756518835635,NA
2004-05-21,114.919730073041,109.288211599714,109.553231365261,91.8643258103267,NA
2004-05-22,116.578627527196,109.009053313283,107.852342085148,91.8657276848652,NA
2004-05-23,117.964596563649,109.126362765219,106.764015777918,93.5321406680306,NA
2004-05-24,118.585117743641,109.738457933324,106.257284440995,94.3998362276968,NA
2004-05-25,118.80691068445,111.212885059564,105.384342128335,94.1538131089123,NA
2004-05-26,118.843129653502,113.079107733254,104.405470476399,93.1386071180634,NA
2004-05-27,118.610614717279,113.833624514243,103.149378565838,91.3045927321683,NA
2004-05-28,118.867440366687,113.921164513297,102.587164054198,89.7211202509946,NA
2004-05-29,118.981234560623,113.515833320083,102.305446950338,88.4497903584492,NA
2004-05-30,119.232079358686,112.724574358393,102.426992519583,87.5861978907229,NA
2004-05-31,119.090100746593,112.077888225803,102.598939312055,87.5142241930309,NA
2004-06-01,118.870142382912,111.993286454152,102.755998764864,86.818222088635,NA
2004-06-02,118.236928299346,111.68955229425,102.749836487308,85.8220001699442,NA
2004-06-03,118.172899684228,110.672457188637,103.121544388123,85.0560078622884,NA
2004-06-04,118.642337215107,109.410582623773,104.148463858567,83.9995046579573,NA
2004-06-05,117.982104239433,107.298211670613,102.675688952436,83.4421838711362,NA
2004-06-06,117.052292751456,105.182031716197,101.968869038136,84.2388208028196,NA
2004-06-07,116.382827273687,103.857789710189,101.324876100523,84.8216624830015,NA
2004-06-08,115.142165301175,103.605113249499,100.857388143937,84.226913467995,NA
2004-06-09,113.782259398821,103.113719345796,100.112940854038,83.255000826786,NA
2004-06-10,112.69800328253,102.094451294929,98.7701122669363,82.061310483751,NA
2004-06-11,111.500746458465,101.00301214225,97.803083444141,81.334451350359,NA
2004-06-12,110.174952305857,99.6829700109467,97.1412192923531,80.8523836812318,NA
2004-06-13,109.269917537613,98.3341609464474,97.892998566149,80.3914235678744,NA
2004-06-14,108.760370524166,97.6002609108227,99.0681466515098,80.922812607039,NA
2004-06-15,107.986907104205,97.7021071667605,99.639632939606,81.6903316578638,NA
2004-06-16,107.630458439129,97.2324163446779,99.9796468048481,82.568599521682,NA
2004-06-17,107.924077543976,95.5883987902297,99.7309277362665,83.2534724530981,NA
2004-06-18,107.395205950953,94.1924840668908,100.263290569638,83.2010421550257,NA
2004-06-19,106.596867504843,93.08039446501,100.819462654039,82.5337344379362,NA
2004-06-20,106.137854552358,91.8970988100884,100.904347170808,82.3187094284812,NA
2004-06-21,106.189870083815,90.7996177263752,100.353190524325,81.7600141516193,NA
2004-06-22,105.899644327278,90.0184987849938,99.5093577835943,81.2542447413672,NA
2004-06-23,105.187536242726,89.219668248533,98.2834200972772,81.5259511666298,NA
2004-06-24,104.197389426304,87.9815830614093,96.9694704394065,83.5010893479757,NA
2004-06-25,103.615389102155,87.0332493965429,96.3220799437889,85.7982910069608,NA
2004-06-26,102.639762013461,85.6423431252243,95.1777361341782,85.4003165747861,NA
2004-06-27,101.434470610732,83.9561533757273,93.1499907903584,84.8249919125479,NA
2004-06-28,100.235910424096,82.6298907250171,90.9796590776699,84.8978258689454,NA
2004-06-29,100.236765677232,82.1843763180852,90.6067003045644,85.7349062754496,NA
2004-06-30,100.428159073717,82.0039431684329,89.9393327839479,86.1548504991177,NA
2004-07-01,101.296549555941,81.1309998736156,89.1907021802525,86.0407218498315,NA
2004-07-02,100.681839090515,80.500021060744,88.9641750315495,86.5732407323622,NA
2004-07-03,99.5517365532419,79.7225992942241,89.2199427633224,88.0650943844799,NA
2004-07-04,98.0760545469569,79.1191943077146,89.4074766897338,88.6202843796391,NA
2004-07-05,97.1610884721058,79.0352616039474,89.5410384041799,88.2876411628941,NA
2004-07-06,96.8537686880227,79.2158267450498,90.4069522885206,87.8127569695081,NA
2004-07-07,96.5469089801357,79.5024085094004,90.519187973817,87.5787159865567,NA
2004-07-08,95.6992936889047,79.2412228558229,91.1405412596693,87.8847410906199,NA
2004-07-09,95.3712418100504,79.4505588033931,92.5658401659476,88.8171262053622,NA
2004-07-10,95.1650360114353,79.6876976034689,92.0964628403293,89.4731320403794,NA
2004-07-11,95.2642994827637,79.298418108402,91.637471316806,89.6736002870144,NA
2004-07-12,95.2815580415989,78.3453813695838,91.4822720426961,89.6024749367678,NA
2004-07-13,95.2533497733473,77.4005987724791,91.2223921708912,88.2715395033471,NA
2004-07-14,95.2907739821168,76.6930783373382,89.4799911536422,87.0121852101693,NA
2004-07-15,95.576347606587,75.995027640854,88.0674893573411,86.0204555091055,NA
2004-07-16,96.0029262461853,76.0331824668077,87.7264524965123,84.791469196821,NA
2004-07-17,96.9242004655255,76.5937521387512,87.3066285898764,83.2317765001921,NA
2004-07-18,96.922009833081,77.4742538495584,87.1284329321982,82.0031404488708,NA
2004-07-19,96.7964856266372,78.3712359763805,87.5967553111504,81.4671341566589,NA
2004-07-20,96.559735270351,79.0486717897822,88.361236659254,81.942238540276,NA
2004-07-21,96.8714843835922,79.2327233572815,88.4577249041036,82.4633688426382,NA
2004-07-22,97.9200392708611,79.9355879072576,86.9717357307819,81.3799043264824,NA
2004-07-23,98.2757668521544,80.4701745884414,86.2674426520795,80.1894996239916,NA
2004-07-24,98.1279174901413,81.3806749072289,86.2558092216097,80.0006807487778,NA
2004-07-25,98.4799298670275,82.8638386175163,85.993423232621,79.670291574559,NA
2004-07-26,99.2731986901712,84.2715687411356,86.3989667600682,79.5669546718779,NA
2004-07-27,99.6277783362016,84.5439504348453,86.5053974336316,80.0601151434072,NA
2004-07-28,99.285303317133,84.4693524169999,86.0284548793337,81.5275657668836,NA
2004-07-29,99.4152312453829,85.280579486239,86.128037599459,82.4213020933126,NA
2004-07-30,99.9075923994576,86.9449496202144,85.7370021490288,82.1675645498664,NA
2004-07-31,99.8891762097508,87.3060450750329,85.3014916186254,81.2021934673592,NA
2004-08-01,99.9027708438513,87.1250946116915,84.9351871913807,80.2361113832613,NA
2004-08-02,99.6316363225415,87.1406616951083,84.4707150760353,80.3935868713983,NA
2004-08-03,99.0511022486707,86.729312100187,84.1962340389592,81.4290088298861,NA
2004-08-04,98.5947999511585,86.6827306346325,84.3993635140469,82.8016943669852,NA
2004-08-05,98.5152793864144,86.6018288561067,84.9710450335355,83.8185355149315,NA
2004-08-06,98.5932397900557,86.1929775001623,86.4117636525204,84.9741358784974,NA
2004-08-07,98.8124137316161,85.6277489949533,86.9616640583954,86.9298849642672,NA
2004-08-08,99.0797252900703,85.3284284934265,88.7758473645756,86.683818700862,NA
2004-08-09,99.7240736729953,84.8867898972803,89.7789772918982,85.7350145468301,NA
2004-08-10,100.607109069106,84.2429884262362,91.2902986313054,85.3546247470793,NA
2004-08-11,100.495895621652,83.5421276724107,90.9077924261544,85.6979238244876,NA
2004-08-12,100.039751192765,83.3900931142492,91.3575374441344,86.4523656644668,NA
2004-08-13,100.977557069665,83.6918953989025,91.7285813302797,86.3284465501594,NA
2004-08-14,101.470555942089,83.4939203483302,92.3878430784484,86.5802704896492,NA
2004-08-15,100.776594985942,83.1929779558182,92.713737565931,85.3912219275777,NA
2004-08-16,100.826960982439,82.7965971619349,92.1651907010112,84.2653074361158,NA
2004-08-17,101.128804495368,82.5113876266744,91.5223427974673,82.9866986369202,NA
2004-08-18,101.036538097347,81.6517400211846,90.0967026867693,81.6584076055007,NA
2004-08-19,100.720404566159,80.9947370372206,89.0308406652056,81.6494510711915,NA
2004-08-20,100.828999596082,81.0384378710588,89.3801687974948,82.5818125999906,NA
2004-08-21,102.221712021339,81.2580582968736,90.6397845336151,84.5607883103561,NA
2004-08-22,102.683878175992,81.0910110389467,91.7492923699667,85.5018201171884,NA
2004-08-23,102.18612385466,81.0200115993565,92.2539378079492,86.4524261672396,NA
2004-08-24,101.73832848584,80.8419566848628,93.1265592823939,86.6967487051866,NA
2004-08-25,101.487309742797,81.6332084976209,95.9520271661167,86.0360302563895,NA
2004-08-26,101.572146602733,82.1420646915006,97.9905020108446,85.2921537143643,NA
2004-08-27,101.835485411836,82.7557134409954,98.4733065757072,85.1914824048062,NA
2004-08-28,101.579395867138,83.0747367397183,98.248078112354,84.7788897302769,NA
2004-08-29,101.693729711447,83.015066079099,96.9808253601402,85.1888948798789,NA
2004-08-30,101.351554918822,83.0355491507807,95.6912278302545,85.6166767946492,NA
2004-08-31,101.058899578131,83.1191925052362,95.1711076376544,85.9734454150104,NA
2004-09-01,100.976016441111,82.962247782429,95.2106195890344,86.8921775899995,NA
2004-09-02,100.625406453833,83.3354163184987,95.8943631942744,87.8937948649197,NA
2004-09-03,100.285410856139,83.7591471901671,97.0190394747829,88.7900762435003,NA
2004-09-04,100.821770612109,85.1267284752266,97.6199447361266,89.6044047428324,NA
2004-09-05,101.165958018116,86.1170221461306,100.058092452219,90.8503962109291,NA
2004-09-06,101.06935804289,86.1945329674221,101.342597632804,91.6526932062729,NA
2004-09-07,101.527127933917,86.3086941580503,101.351482726375,92.8363314166214,NA
2004-09-08,102.47827907713,86.4724415685727,102.238173541753,94.4200089190239,NA
2004-09-09,103.730522042245,86.436555960797,103.101085790118,94.546005012952,NA
2004-09-10,104.080035556181,86.0783202781767,102.559650245996,94.0201404640671,NA
2004-09-11,104.111046364846,85.7359861671309,102.369047773653,94.6730194125842,NA
2004-09-12,104.491654358547,85.7902138420751,102.453395198836,95.8482833759205,NA
2004-09-13,105.088114042991,86.5875704767415,103.366681601041,96.3885134748627,NA
2004-09-14,105.105730014341,87.5500887293661,102.802662380091,96.1497235706085,NA
2004-09-15,105.124871401451,88.7643033071522,104.320300870186,95.8425968248981,NA
2004-09-16,105.905420565891,89.6501396338002,104.944073767635,95.0336488911681,NA
2004-09-17,107.351306096581,90.332553745682,105.732310541449,94.4573603660246,NA
2004-09-18,108.064247766768,90.399390818144,105.880009256102,93.9652312460549,NA
2004-09-19,108.733679124196,90.1806896904353,106.504461693805,93.8629630320199,NA
2004-09-20,109.237584330736,91.0688958861252,105.990165956006,93.9254522041611,NA
2004-09-21,109.148397562761,92.054243250717,105.944208481388,95.0318425070094,NA
2004-09-22,108.726748286061,94.1727450014851,106.510934404768,96.1210056566815,NA
2004-09-23,108.404954119029,94.7954110220762,105.998233614501,95.8340975198248,NA
2004-09-24,108.321655870918,95.2440018434931,105.243067982664,95.0376027382028,NA
2004-09-25,108.459108134189,95.2677936935811,104.522449085504,94.6389978157413,NA
2004-09-26,107.839080656173,94.7415122740292,104.434243060714,96.0373437146549,NA
2004-09-27,107.25842385287,94.2353737136519,103.362065370537,96.0918427794781,NA
2004-09-28,106.994675377765,93.8401279911431,102.520122980216,95.6816995997748,NA
2004-09-29,106.361823409744,93.5153117868442,101.841358289001,95.4610684376254,NA
2004-09-30,105.797003244063,93.2982767627805,102.205955830813,96.1082693599953,NA
2004-10-01,105.277976672128,93.5295166930764,103.569203712227,96.2067757129548,NA
2004-10-02,104.923009493729,93.7457478944071,105.611167194897,96.3851723756149,NA
2004-10-03,104.685602188323,93.8032522528511,107.680250501507,96.9766517704393,NA
2004-10-04,104.597248477823,94.2624305772772,108.391615414222,97.5427505634097,NA
2004-10-05,104.437157872036,94.6907944672891,107.939966782383,97.5976053835789,NA
2004-10-06,104.279307987759,95.5620588494634,107.442149626767,98.2546093788086,NA
2004-10-07,104.166208347677,96.2305262539302,107.053741615413,98.5974939721639,NA
2004-10-08,104.055189195646,96.1530919790452,106.901225284881,99.3767542090672,NA
2004-10-09,103.873278157161,95.9213693875786,106.804068370834,100.075874895712,NA
2004-10-10,103.690169830944,96.0409411655571,107.325184852878,100.300687397133,NA
2004-10-11,103.504339631241,95.9666744465164,108.61844492982,99.8970332126652,NA
2004-10-12,103.480026338463,96.1638969973542,108.757521593707,99.5616417169231,NA
2004-10-13,103.850252612601,96.5994778383517,108.376182445061,99.7259298587684,NA
2004-10-14,103.90592921042,96.9425408723262,107.619476045522,99.7372271719466,NA
2004-10-15,103.576987260046,96.3918162736078,106.758453739165,99.6942339986738,NA
2004-10-16,103.393385929281,96.1132693396822,106.075081848295,99.9907255262547,NA
2004-10-17,103.153909920144,95.6487174036125,105.198992933263,99.8959158006576,NA
2004-10-18,102.861836875519,95.107287296216,104.449631825982,99.4213562699902,NA
2004-10-19,102.660974609286,94.9961746089527,103.765219758301,99.1308656096577,NA
2004-10-20,102.412725250085,94.7257668445785,103.144882509527,98.9149741390846,NA
2004-10-21,102.172549710583,94.3695301821479,102.615521499943,98.6780053153251,NA
2004-10-22,101.942221513009,93.9680719800679,102.174661115683,98.3433514878492,NA
2004-10-23,101.767607480175,93.7920071800269,101.754867856394,98.2305055589996,NA
2004-10-24,101.596175255992,93.6289946510768,101.366764885286,98.7180839440046,NA
2004-10-25,101.380494961928,93.251704663052,101.279596037328,100.251487894568,NA
2004-10-26,101.197058386083,92.9407400677079,102.184593287048,102.760331185543,NA
2004-10-27,101.064536079067,92.7886392482181,102.868632247374,103.472315980561,NA
2004-10-28,100.921765355858,92.5838833664191,102.570531910681,102.971157291191,NA
2004-10-29,100.767219376037,92.3467841276175,102.216986795689,103.960738352435,NA
2004-10-30,100.612488035374,92.1173380020466,102.299386350133,105.217059359214,NA
2004-10-31,100.469966662628,91.9013461470774,102.159811992052,104.916172517457,NA
2004-11-01,100.337349079609,91.6987119817098,101.797825578943,104.207919295551,NA
2004-11-02,100.209869622814,91.5069655925562,101.449238089401,103.570645548586,NA
2004-11-03,100.087032347619,91.3255923174882,101.106416388549,103.412325473629,NA
2004-11-04,99.9675102010027,91.1562690724435,100.873876222389,104.262545476872,NA
2004-11-05,99.8551873950552,90.9937844775322,100.894385207091,104.483811490689,NA
2004-11-06,99.7461686563135,90.83758828123,100.676996727528,104.489758856196,NA
2004-11-07,99.64056091052,90.68855455892,100.369670457118,104.067007585544,NA
2004-11-08,99.5385004489359,90.5480052409493,100.168168887924,103.728469382511,NA
2004-11-09,99.4425627820817,90.4150228298129,100.151896613407,103.788216693899,NA
2004-11-10,99.3517543759426,90.2882711299802,99.8572628045325,103.522091784484,NA
2004-11-11,99.263042065939,90.1781081278227,99.6074284409941,103.207564474888,NA
2004-11-12,99.1781758469792,90.0736260480362,99.3917510970876,102.995288940594,NA
2004-11-13,99.097238668291,89.9837012454562,99.1709080234612,102.788557548222,NA
2004-11-14,99.02431475419,89.9832584913486,99.2253932553038,102.797806609519,NA
2004-11-15,98.9970089388768,90.0394843151208,100.323472846742,103.409340091976,NA
2004-11-16,98.9274820193279,89.9757911829456,100.514532969778,103.489624583977,NA
2004-11-17,98.8558291192265,89.8742481003614,100.242566986364,103.683185995213,NA
2004-11-18,98.7886391636918,89.7793913663641,100.945407438874,105.30134412214,NA
2004-11-19,98.727852488566,89.6977342468755,101.078214792052,106.089594895616,NA
2004-11-20,98.6765132724677,89.6157041088147,100.686555927922,106.202684923986,NA
2004-11-21,98.6199776107079,89.5362438846898,100.350456254988,105.743168441745,NA
2004-11-22,98.5657737077652,89.4639437838406,100.076707832909,105.400457185518,NA
2004-11-23,98.5025780991334,89.38933830164,99.782968621561,104.920333585439,NA
2004-11-24,98.4379403644866,89.3009142654356,99.5144588967599,104.513820055334,NA
2004-11-25,98.3740563877502,89.215139036631,99.2725685421025,104.348022128002,NA
2004-11-26,98.3117706273834,89.1300118208598,99.0441384039585,104.10991978605,NA
2004-11-27,98.2573238766106,89.0561906972195,98.828445965305,103.90385101163,NA
2004-11-28,98.2142613475123,89.0281559207031,98.6276240763902,103.6979948691,NA
2004-11-29,98.1557277798686,88.948315975941,98.4397151343209,103.474737158193,NA
2004-11-30,98.0991861737478,88.8718833842505,98.2669047479597,103.199875185942,NA
2004-12-01,98.0463609219603,88.8029603189097,98.1116112312171,102.912714221574,NA
2004-12-02,97.9931055895217,88.7342963762687,97.9621446398644,102.65396570276,NA
2004-12-03,97.9396379757854,88.6621938941206,97.8395189785494,102.588309423097,NA
2004-12-04,97.8871745959412,88.5892700511361,97.6970381164675,102.419386486924,NA
2004-12-05,97.836030034417,88.5196012947229,97.5466831344385,102.174705084822,NA
2004-12-06,97.7864976011588,88.4522914994312,97.3998635990579,101.935042210354,NA
2004-12-07,97.7382716600619,88.3881044856235,97.2585401458773,101.702072270077,NA
2004-12-08,97.6916123487183,88.3250233862633,97.1244528026775,101.479926177189,NA
2004-12-09,97.6466530072567,88.2636672571723,96.9986527644267,101.268608424606,NA
2004-12-10,97.6028007373275,88.2037208439796,96.8821184919175,101.068012299792,NA
2004-12-11,97.5602207877941,88.1473211769134,96.7681365440504,100.910259792596,NA
2004-12-12,97.5192690330354,88.0964550251207,96.6589166823849,100.780311691443,NA
2004-12-13,97.4796071556468,88.0523960099843,96.5601074422341,100.611233546486,NA
2004-12-14,97.4409327614045,88.0041645503095,96.4697056115688,100.449176070427,NA
2004-12-15,97.4033235967133,87.9557582855339,96.3840816138259,100.296389311221,NA
2004-12-16,97.3668093332601,87.9077397289158,96.2999381658788,100.156128700778,NA
2004-12-17,97.3311414840157,87.8583293797681,96.2793082829172,100.170950453111,NA
2004-12-18,97.2965997695078,87.8121988877753,96.1925737111346,100.032896779954,NA
2004-12-19,97.2636316788504,87.7679727144274,96.2642801194851,100.16020574978,NA
2004-12-20,97.2320661887467,87.7221884037163,96.2647037286741,100.218627951368,NA
2004-12-21,97.2022445663186,87.6787579809819,96.1583131962578,100.038658031474,NA
2004-12-22,97.1742099276112,87.6368750707435,96.0596357397402,99.8692306176542,NA
2004-12-23,97.149509734966,87.6085212393048,95.967197424729,99.7104167700473,NA
2004-12-24,97.1285555110585,87.5919714039564,95.8795663842306,99.5673008390636,NA
2004-12-25,97.1112944823668,87.5513899487788,95.7956676167344,99.4751701722059,NA
2004-12-26,97.0927457263387,87.5143164212412,95.7072063126608,99.3339506960643,NA
2004-12-27,97.0734059936915,87.4846528651362,95.6240297559157,99.1977108313044,NA
2004-12-28,97.0522757049573,87.4538071517325,95.5510439949354,99.0664233398956,NA
2004-12-29,97.0315692104501,87.4215917122066,95.4784496439852,98.9404813492227,NA
2004-12-30,97.0108801575008,87.3879524982357,95.4042776751154,98.8170971142956,NA
2004-12-31,96.9891331073649,87.3533362424754,95.3317186538234,98.6976986742164,NA
2005-01-01,96.9722686819918,87.320875464691,95.2570584581681,98.5834587428001,91.809564419065
2005-01-02,96.9858308018161,87.3491387845346,95.1957068006295,98.4791289618522,91.7674602577925
2005-01-03,96.9749716859141,87.3421681331183,95.1467975034465,98.3806334805482,91.7300737798796
2005-01-04,96.9546625762337,87.3195826953771,95.1036481321364,98.2839514309173,91.6971442092684
2005-01-05,96.9349794091012,87.293695149115,95.06300354854,98.1914685831863,91.6680089306926
2005-01-06,96.9150306004031,87.2652800062173,95.0161140972048,98.0986486753088,91.6322023807185
2005-01-07,96.8946425237633,87.2354856297886,94.9642532649725,98.0088328730044,91.5917523996133
2005-01-08,96.8752577069974,87.2087730428704,94.9122503927432,97.9205702056046,91.553944479903
2005-01-09,96.8558906353557,87.183025074808,94.8566425965333,97.8332109954204,91.5152047897678
2005-01-10,96.8357851422619,87.1535113790113,94.8065042620144,97.7456584880451,91.4780908647791
2005-01-11,96.8166898689645,87.1207318908338,94.7464137462593,97.6602542856618,91.4354188906062
2005-01-12,96.7985023302132,87.0865011146853,94.6856012452978,97.5787041264449,91.39234515538
2005-01-13,96.7804593361039,87.052520964586,94.6266966600301,97.4965937404112,91.3522173372255
2005-01-14,96.7634052309987,87.0203134298982,94.5705318290729,97.4220419595695,91.3134555753009
2005-01-15,96.7476494664249,86.9899498652143,94.5234381122843,97.3472819301244,91.278007712778
2005-01-16,96.7315320552459,86.9618482075139,94.4840872815882,97.2702412565405,91.248478960758
2005-01-17,96.7145900726794,86.9329161453226,94.4439943194409,97.1952093017021,91.2183511781921
2005-01-18,96.6975027910034,86.9026324224007,94.3987283248744,97.1282287586402,91.17984321907
2005-01-19,96.6816788060176,86.8741821365792,94.3585370669796,97.05837725024,91.1438164274674
2005-01-20,96.6661929600949,86.8461878089342,94.3264781082906,97.0204955006633,91.106337879283
2005-01-21,96.6504062180993,86.8196230601232,94.2752490920902,96.9519082591262,91.0678131660188
2005-01-22,96.6350380196112,86.7967978269533,94.2222125576589,96.8801636642704,91.0319413072309
2005-01-23,96.6206563357084,86.7743508150153,94.1846395742512,96.8544255209115,91.0034359151145
2005-01-24,96.6089378683117,86.7515702827188,94.468889857838,97.243908264664,90.9751605554219
2005-01-25,96.6007726450403,86.7293657392069,94.6988044389324,97.642283497378,90.9442013814127
2005-01-26,96.5906016557108,86.7093352802062,94.6068846867532,97.5149677290283,90.9107811136586
2005-01-27,96.5787968133311,86.6871463548601,94.5253414481785,97.402151923386,90.8758233368437
2005-01-28,96.5665710788262,86.6627406041116,94.4497748055757,97.3006879766455,90.8391235897941
2005-01-29,96.5538921777713,86.6380687894149,94.3791891011922,97.194776898554,90.8035488450409
2005-01-30,96.5420179468015,86.6128273441669,94.3144441100205,97.1075764180149,90.7702728475153
2005-01-31,96.530609439284,86.5893209409451,94.263982400053,97.0595247605977,90.7428492366854
2005-02-01,96.5200214000184,86.566883968166,94.2308533781942,97.116576168455,90.7204864263213
2005-02-02,96.5087507352403,86.5431191346544,94.2872071992288,97.3332792836925,90.6980295839409
2005-02-03,96.4963979492854,86.5183119094643,94.3072248001367,97.4053470405038,90.6678644709982
2005-02-04,96.484004022374,86.4940627228869,94.2576797654445,97.3030051528867,90.6332723042033
2005-02-05,96.4725477136636,86.4709536478991,94.1922720455545,97.1672855409552,90.5994887534688
2005-02-06,96.4620124226079,86.4484969426495,94.1284037138968,97.0455736898226,90.5669307544628
2005-02-07,96.4514243430688,86.4290453576904,94.0667069736912,96.9362681505719,90.5372813862965
2005-02-08,96.4406150031365,86.4121654636827,94.0120483452375,96.8409107656694,90.5104559079085
2005-02-09,96.4298207408041,86.3963241499233,93.9602163097877,96.7496445315431,90.4914682261476
2005-02-10,96.4192282033373,86.3818332350421,93.9065003541078,96.6621191962926,90.471099849871
2005-02-11,96.4086566296376,86.3632322110503,93.8503558992068,96.5896913844032,90.4469135740888
2005-02-12,96.3981473110271,86.3415776045596,93.8015513628683,96.5747854526968,90.4219396278047
2005-02-13,96.3898847925761,86.3198792390784,93.7499912703113,96.51981500036,90.3934466229374
2005-02-14,96.3825779294818,86.3007459509893,93.6986054247046,96.4421790233293,90.3638786133399
2005-02-15,96.3748342767651,86.2852416997929,93.6501927034908,96.3688189540453,90.3367386809757
2005-02-16,96.3674235197959,86.2726069482019,93.6016109551558,96.2980142133338,90.3121901068987
2005-02-17,96.3607474416371,86.2607552788714,93.5543814548311,96.2278895155207,90.287225021653
2005-02-18,96.3521922165472,86.2449739326701,93.5069857456678,96.1623876097177,90.2631755578162
2005-02-19,96.3429852557369,86.2272784769889,93.4605981150509,96.0988512186315,90.2384286280649
2005-02-20,96.3335851400721,86.2104781144381,93.4153845420299,96.0364897214937,90.2122307578116
2005-02-21,96.3243907401828,86.1953562904561,93.3712012807547,95.9767294622312,90.1864047134564
2005-02-22,96.3152698658054,86.1795447496128,93.327861737705,95.9229800816049,90.1641280815616
2005-02-23,96.3070548818904,86.1636616741734,93.2879967223909,95.8833174263854,90.1418478676843
2005-02-24,96.3005272834645,86.1487652493848,93.2473481462299,95.8660600681111,90.119209520112
2005-02-25,96.2939722986578,86.1342661111655,93.2124348508184,95.8614786695092,90.0996594833689
2005-02-26,96.2876499091957,86.1213101031853,93.184911532387,95.8585561707612,90.0834534877562
2005-02-27,96.2835189115152,86.1099203763048,93.1542359177157,95.8478682585904,90.0654344800327
2005-02-28,96.2779794263258,86.097820547868,93.1214174836246,95.8601116988969,90.0475447094273
2005-03-01,96.2733942931799,86.0850570206146,93.0911525544675,95.9045886415245,90.0298267659031
2005-03-02,96.2676893481426,86.0712530278782,93.0646343589102,96.1314532446147,90.0140037648241
2005-03-03,96.2613985195912,86.0566441127453,93.1062824553089,96.4950225043638,90.0092098141573
2005-03-04,96.2542411432126,86.0409946810604,93.1290654064467,96.8059390611486,89.993172568862
2005-03-05,96.2479818623565,86.026357466966,93.2144146819283,97.0349688198885,89.9865803237729
2005-03-06,96.2412054231024,86.0127471621209,93.4135022601629,97.505307131323,89.9925115896357
2005-03-07,96.2344683804569,85.9999795085942,93.3765551068249,98.1086876066226,89.9784659637448
2005-03-08,96.2280205266097,85.9867097136915,93.3475866020133,98.4622101494723,89.971445286439
2005-03-09,96.2216362336791,85.9736889116478,93.488619713859,98.5133815285309,90.0111542659843
2005-03-10,96.2152737562866,85.9604491884301,93.7043427514874,98.8395624681429,90.1101554155726
2005-03-11,96.2088254778522,85.9491396260676,93.7030175589407,99.3768400838056,90.1085607896813
2005-03-12,96.2030060710749,85.9391034537337,93.701088437801,99.4118351869719,90.1112437300252
2005-03-13,96.1998675611104,85.9390563625987,93.6503044237499,99.4318298827077,90.1568343483127
2005-03-14,96.1987929978444,85.9766235318629,93.6240550690949,99.3698698883417,90.2140142863303
2005-03-15,96.2063318969387,85.9755138115411,93.5820015548353,99.3091705012586,90.1935756815811
2005-03-16,96.2151251412166,85.9830044922888,93.5131597517652,99.3486180700308,90.1659722164074
2005-03-17,96.2088820520997,85.9698183913839,93.4511104285386,99.3981572396709,90.1445554230807
2005-03-18,96.2023362642496,85.9542683031391,93.4224795530718,99.7081245746698,90.1287810057528
2005-03-19,96.1967386383816,85.9397904791159,93.4602497972744,99.91028511005,90.127987993443
2005-03-20,96.1912103223553,85.9250627122074,93.5000437824429,100.62752766792,90.1291731058189
2005-03-21,96.1841545610456,85.9088261455437,93.4897623310012,102.123230513759,90.1151972284094
2005-03-22,96.1772093035488,85.8934451012736,93.4810117793143,102.76343391561,90.1033541612191
2005-03-23,96.1751181820626,85.8913453806157,93.5554707646543,102.9945139234,90.1349938651946
2005-03-24,96.1817927686502,85.902974010644,93.7067594292514,103.107764189546,90.2122035460157
2005-03-25,96.1921997273789,85.9188230066734,93.8121263657875,103.297857742031,90.2896363082778
2005-03-26,96.2032743411623,85.9463290758088,93.8804073092854,103.775697051164,90.3600016467483
2005-03-27,96.2164529080956,85.9861090151083,93.980219623432,103.977635712048,90.4561704744502
2005-03-28,96.2363925985069,86.0281921145758,94.1037099882986,104.315436901121,90.5352900741609
2005-03-29,96.2505342728402,86.0514533045748,94.2558221180295,105.088321479083,90.6242929707438
2005-03-30,96.2550804773304,86.0649520188824,94.5430854076847,106.182763212714,90.8300256066435
2005-03-31,96.2627093067022,86.0844015598396,94.8148735781854,106.73437133582,90.9693052889761
2005-04-01,96.2738588096865,86.1176868197389,95.2418572418821,107.102480969283,91.1734011498353
2005-04-02,96.2972011111463,86.2132493796875,96.0244342347317,107.101397551272,91.8140125809937
2005-04-03,96.3218965455371,86.2646190343461,96.1372509534262,106.912190855135,91.9816674343475
2005-04-04,96.344742480517,86.2913794544541,96.1566192366912,106.651952219997,92.0692162571321
2005-04-05,96.3432961960114,86.2888196445844,96.4001790040652,106.285579336041,92.3790372724771
2005-04-06,96.3332871776628,86.3624748819648,96.5729585678611,105.951805384722,93.022250673355
2005-04-07,96.3333115529492,86.5361830110003,97.091610839878,106.564767521627,93.8647164736437
2005-04-08,96.3301650584026,86.7261077445344,97.885183453603,108.299521506478,95.5777672590175
2005-04-09,96.3305326013017,87.1433148255244,98.2731609119306,109.195379346388,97.1502438038952
2005-04-10,96.3373611771091,87.511198847906,98.8640730355045,110.921611015578,97.7315679917631
2005-04-11,96.3370002414919,87.6241926215913,100.091487479072,114.173474518688,98.0546839930179
2005-04-12,96.3383856340468,87.6507977149025,101.524760634865,116.930313979777,98.4231067466632
2005-04-13,96.3415282853926,87.6556924055267,102.860557284994,118.520305162631,98.5908071243168
2005-04-14,96.3717675826941,87.7705779683555,104.7291147623,119.40018740012,99.2765831911392
2005-04-15,96.4542076613408,88.1161853763037,106.770836885563,119.482781483487,100.364927118032
2005-04-16,96.5045638230991,88.1787199420452,106.866484599458,118.536401917121,100.381071614706
2005-04-17,96.5294006374547,88.1449163828438,107.011299155436,118.208345910539,100.312258761339
2005-04-18,96.5564633414299,88.119715094007,108.531805430049,118.619882302682,100.555641623017
2005-04-19,96.5839548367055,88.269762617569,110.062487537444,118.613398191034,101.862129231266
2005-04-20,96.6481145318565,89.2638712112721,112.030764821101,118.958912041347,104.499024900485
2005-04-21,96.834200244149,91.2928975741204,114.769041992493,118.490191729152,107.503301613039
2005-04-22,97.2997851571753,94.5678527095467,116.782644536549,117.370234548645,110.836484832981
2005-04-23,98.2218149100083,98.6539131513909,118.606513930781,116.083921843942,112.745348572641
2005-04-24,99.4743708477736,102.351580288514,118.860243286894,114.186086069107,114.564343483782
2005-04-25,100.334763567387,104.713454836495,118.175140691701,112.227917403965,115.396107816342
2005-04-26,100.710036859475,105.760836150206,117.812493721138,111.239962968145,115.279557344432
2005-04-27,101.224269064991,106.961543559067,115.959974911341,109.808366341084,114.223642132685
2005-04-28,101.789176937952,108.16607500525,114.374312307701,108.535611928329,113.233154293972
2005-04-29,102.275750011314,108.491613305458,113.110159577224,106.981540806022,112.078962179511
2005-04-30,103.036526619912,108.661971684774,111.818121087476,105.687902482655,110.943817939861
2005-05-01,103.959334357626,108.454495397576,110.795138201985,104.730458364441,110.067365289059
2005-05-02,105.055418580999,108.455530528322,110.117180650284,103.634570349104,109.548422326586
2005-05-03,106.690748788008,109.336934093557,109.657953710786,103.01014170146,109.515212644944
2005-05-04,109.167155538659,110.431838533996,109.528142395212,103.117733756281,109.957686706098
2005-05-05,111.45617071281,111.802434480891,109.753825175415,102.440840254324,110.480137620545
2005-05-06,113.37777285959,112.92641723259,110.949507867539,101.982084620156,111.860714497941
2005-05-07,114.656466645127,113.559505465912,112.162186436393,101.630058219074,112.812438733173
2005-05-08,115.522321246406,113.847139733973,113.398282954252,101.728131048605,113.789195759525
2005-05-09,115.761219661424,113.672947754871,114.099350444438,101.651332896533,115.232680416982
2005-05-10,115.825842943835,113.040965790772,113.624971877368,100.998804579208,115.457272531357
2005-05-11,115.740261683591,112.786302770838,113.030575226748,100.134420940985,115.203037946482
2005-05-12,115.363104403186,112.803837590956,112.402089947052,99.2625174138719,115.007699621297
2005-05-13,115.368147965467,112.377188484935,111.813863220739,98.0936692041293,114.823023340556
2005-05-14,115.581592090833,112.255660532325,111.861293795239,96.8729658902208,114.396692647143
2005-05-15,116.067620952556,112.543721386129,111.70491909476,96.0232799456559,114.447137634596
2005-05-16,116.4304866983,112.64905762947,110.903763225566,95.0031860448485,114.077420259144
2005-05-17,116.38807302407,112.076566820111,109.977717798293,93.8137969162193,113.624286270758
2005-05-18,116.283183521226,111.64131269571,109.414479678517,93.4559553276754,113.340998108258
2005-05-19,115.937981319724,110.735319683358,108.859562479515,92.8526804182798,113.419549726467
2005-05-20,115.548524860222,110.297244574572,106.943879141541,92.1707185825859,112.450482239791
2005-05-21,115.048628974686,109.754350489295,105.243618150803,91.2521129347578,111.172075817918
2005-05-22,114.356735210942,108.755684630267,104.032632910281,90.9871852137037,109.461006222394
2005-05-23,114.069031184706,108.101507395038,103.820143850443,90.899749531356,108.94373770968
2005-05-24,113.661243731956,107.050114104413,103.980238629379,90.3510738881065,108.599365715677
2005-05-25,113.146493845174,106.094384769583,103.720295659504,90.315609498652,107.85099622826
2005-05-26,112.7273229007,105.224819686765,103.317985231132,91.0352803132487,106.850412150362
2005-05-27,112.295475157381,104.833074192239,102.850499635321,91.6160610093915,106.406075091809
2005-05-28,112.391599980321,104.589446152128,102.287045541913,91.2692835311384,105.737604162301
2005-05-29,112.489556756452,104.101825223755,101.368375230839,91.7236159624959,104.660879894386
2005-05-30,111.959649695676,103.229427943423,101.012336653153,92.4600369198753,103.793414941965
2005-05-31,111.098276705618,102.310962289064,100.552446514501,93.6459983126431,102.485697678549
2005-06-01,110.09626780166,102.24587164795,100.245816399652,95.1179991361642,101.184115046189
2005-06-02,109.376810523956,102.796155686747,100.912889855966,95.7721415126379,100.741290954772
2005-06-03,109.33578499894,103.076393563387,101.283762486623,94.9006787737173,100.611922630093
2005-06-04,109.208173076248,102.896477527716,102.152997856375,93.9320743806467,101.286610767617
2005-06-05,109.313250981078,103.325102248494,102.214350136385,92.7876892666522,102.046569264631
2005-06-06,109.38301860036,103.206416675796,102.417853733865,91.7829788874659,101.432413300145
2005-06-07,108.893918779124,102.201696261692,102.578694945067,91.3933344114842,101.171473550799
2005-06-08,108.122208447134,100.509685645435,102.79253344927,90.4023643052003,100.107840736728
2005-06-09,106.891145128218,98.9640674560561,102.088610368121,89.2127792184446,98.9325812508037
2005-06-10,105.500868517944,96.9873997529244,101.449486022069,88.6487931843662,98.0770072662945
2005-06-11,104.017795326848,95.4836123496059,101.152674037329,88.3986272424531,97.9155296594951
2005-06-12,102.56773623271,94.71253996836,100.51936715195,87.8522961517116,97.0970282529157
2005-06-13,101.950469559942,94.1306549106179,98.9924253789546,87.2388413767037,95.6602575641482
2005-06-14,101.382975794549,92.9674953192219,97.9322810403011,87.7182543891122,95.118912176576
2005-06-15,100.631648953683,92.9317537733408,97.7882798756937,88.7058104863467,96.0349818036687
2005-06-16,100.755238966879,93.159946520877,98.9659052972077,89.1670901995454,97.8811587820266
2005-06-17,101.137129468583,93.0995921029612,98.6713904174373,88.8458458339699,98.2668359189343
2005-06-18,101.384910340068,93.4943505277996,98.3188748440395,88.4619232809685,97.8776529418541
2005-06-19,101.48546460466,95.1630964690614,97.6251265969642,88.0184646402756,98.5097643853241
2005-06-20,101.582550022258,96.3813607601777,97.084320212612,88.3978760887738,99.0187662019358
2005-06-21,101.538620043888,96.3257145385855,97.7662944733796,88.3611745080736,99.4496576767381
2005-06-22,101.934082184123,96.4055665110599,97.3456557832052,88.2218531640029,100.625685188563
2005-06-23,101.94005291182,95.8651555810394,99.2652691831081,88.9102812336052,101.224944845507
2005-06-24,101.447752857671,95.6898852440758,98.8666241000753,91.0050385176774,100.57249542657
2005-06-25,100.919300548353,95.133875840408,98.2846722729683,94.574536718985,99.3892277157775
2005-06-26,101.178397852984,93.9589396604231,99.5153547864225,96.0589784537961,99.2485875401568
2005-06-27,101.004686523933,92.7212461335628,98.9350412164097,95.6857045065251,98.3179871849163
2005-06-28,100.211601872358,91.4591447125521,98.3321395765457,95.1260032387845,97.2331141353416
2005-06-29,99.7688340900706,90.3609616184228,97.3002236934824,93.989001534443,96.3710547481759
2005-06-30,99.2118777799183,89.2320947846683,96.7758172144212,93.2063023857391,96.2437888877334
2005-07-01,99.5110620542694,89.115659743178,96.9520088608687,92.0570464846091,96.400298013914
2005-07-02,99.2474830357838,89.9968260442053,96.6606253500549,90.8218114480924,96.1233524281398
2005-07-03,98.8284308123696,91.1944221234633,95.9355117000515,89.9466739282408,95.7554500405295
2005-07-04,97.836202622685,92.2167180121133,95.5580766457033,89.1517592988281,95.468907650973
2005-07-05,96.5680699688933,93.1036780114484,95.8331087839692,88.0887397324313,95.7021731533133
2005-07-06,95.6806299888556,92.2209938585539,95.968481535571,86.9353373821704,95.8346829683094
2005-07-07,95.3810503707877,91.7801590789753,95.1460976763394,86.6612640062117,96.9536012936644
2005-07-08,94.7339963825404,92.0057727906127,93.7115812931736,86.7834058110497,97.0384075122756
2005-07-09,94.2925814603296,91.9228453754815,93.7518707249214,87.6476570426403,96.8046308676014
2005-07-10,94.156621252764,91.8756413827951,94.1017593365381,89.5222673150356,97.2930018403233
2005-07-11,95.3663318558094,92.193457932888,96.1445899062555,89.1394478903265,97.3611599732169
2005-07-12,97.0946775327941,91.6553551800669,95.7848438642022,88.8880833405356,96.5711754767374
2005-07-13,97.3655788818245,90.7526437419247,95.2578235700192,90.6603520761482,95.2710827608811
2005-07-14,97.2034208603461,90.7424740458167,93.9033261768049,92.5617377778373,94.2610991766688
2005-07-15,97.8201300608744,91.0424093294249,93.2546150369342,92.7267991863138,93.4124583102597
2005-07-16,98.0886184607927,90.3186969258834,93.9463573423474,92.4271714716835,93.0669253457517
2005-07-17,97.9818871912045,90.2100425507471,94.6012515358809,92.0524399256051,93.5275824936812
2005-07-18,98.1548328557529,91.0822948214592,95.4730831376409,91.7875553575955,94.9034813801409
2005-07-19,98.0489719360241,91.4430659379851,95.2915150614641,91.5310940356093,96.2786730518496
2005-07-20,97.9641260169574,91.134508283795,94.2795954218437,90.9076119047221,95.1833186276579
2005-07-21,97.5489279153419,89.8988757115387,93.1144269131339,90.4871002244774,94.2140592348584
2005-07-22,97.2225035407417,88.6697634217513,91.769104699794,89.3720255447262,93.3946299957626
2005-07-23,96.6612251464075,87.7143999431747,91.1164282621356,89.4623189575584,92.3942878898317
2005-07-24,96.004965194804,86.4080151874284,90.0336053817106,90.2338542953289,91.184883249412
2005-07-25,95.7291483275657,85.9588915041814,87.9695904400381,89.52121044181,90.2460907186677
2005-07-26,94.8312557527886,85.0293907668847,86.2140215200633,89.2069879387809,89.1325052042644
2005-07-27,94.366353921556,84.1090166973421,85.0990772481262,89.768525340595,88.202863104208
2005-07-28,94.9189044692496,83.6279381638021,83.9913485476383,90.2972453618013,87.6606374359217
2005-07-29,95.2255557441019,84.0148494631722,83.3452549502054,89.9073451128066,87.2640132173062
2005-07-30,95.1257464394199,84.6705691985868,82.7219496581813,89.0500505333738,86.8092435064682
2005-07-31,96.2089289544802,85.8976305915736,82.5921485622202,88.6384434097683,86.8222525828891
2005-08-01,97.3368030299807,85.8526505199352,83.6890088388443,89.0560268380842,87.2600191629096
2005-08-02,97.5756652649059,85.8693373631004,84.2369281446173,89.5923517948716,89.085653801243
2005-08-03,97.7803783972185,86.0559270046902,83.8768122682242,89.6208337323822,89.2917765315575
2005-08-04,97.9109391182905,85.4786586036449,82.6810570751101,89.6855084250286,88.5969883814733
2005-08-05,97.6109785269608,84.9652743350824,82.8575916350818,89.8024099345039,87.663299405901
2005-08-06,97.2419086008053,85.2484112022117,82.7016154064581,90.3802739986798,87.7049876647678
2005-08-07,99.145704681317,85.4543579048306,82.2668762364981,89.963915364916,88.4937903629422
2005-08-08,100.958780536431,85.8306483311569,82.4796509398334,88.9763888212136,88.9930057431901
2005-08-09,102.2385204971,86.0484458513948,83.074936092456,87.4878189017624,89.0948435966099
2005-08-10,103.160112416382,85.4488087562786,83.3674567699793,86.4973048693798,88.89310235173
2005-08-11,103.619086951989,85.8269012952303,83.8548396193276,86.0932893696013,89.5513616354062
2005-08-12,104.409087578028,85.1178801457545,85.5903360778397,86.1076582156928,89.9312735166127
2005-08-13,104.74668533583,84.9910519128827,86.348699740053,86.0157743738875,90.271948484313
2005-08-14,105.024056082758,85.7447944700995,87.1067925504072,85.4694900163409,91.262125797637
2005-08-15,106.04075191298,85.6969725718039,87.7781868305664,84.8831660913391,91.3927441504668
2005-08-16,105.579146532649,84.8275859727495,88.2622288411215,84.1662222942,91.6981424738218
2005-08-17,104.926604805014,84.6273836742272,88.7220669623158,83.8996129174529,92.3346382532195
2005-08-18,104.48768574408,84.5997307809075,89.2504319346825,83.6406869203591,92.4254429377976
2005-08-19,105.035058772485,85.3205438649027,90.02589318624,83.1936139741275,93.4403297069793
2005-08-20,105.696773729091,85.8135664973516,90.8077966012704,83.218789597938,94.3196798285778
2005-08-21,105.842446950569,86.3489178115894,90.7577622033606,84.1246759566472,94.6731376656957
2005-08-22,105.604229540694,86.9922191391624,90.1920557285967,86.3602491338782,94.2290983082117
2005-08-23,104.774898787288,87.1830584119086,91.1382766717888,87.9533014063348,94.4130015291646
2005-08-24,104.544563008653,87.5635333919196,91.702729751158,88.5380945168318,94.2797469799921
2005-08-25,105.435332514432,87.9572997311117,91.1243741023316,88.5782417833025,93.3997895071272
2005-08-26,105.985787145,88.5050714481947,90.0429132091821,88.894163622891,92.4760534345204
2005-08-27,106.761471531009,89.1921836045439,89.086054006074,90.0117952128414,91.5678934079053
2005-08-28,107.529294687352,89.4102052075224,88.6964362785968,91.2293594276889,92.6384788293097
2005-08-29,107.29847986923,90.2851192547398,88.7792727320201,92.6968135577975,94.5258055524583
2005-08-30,106.955604295421,90.8955669979274,89.2249116281211,93.736317582569,94.5806899662507
2005-08-31,106.61236572524,91.4612827004571,89.4814806607217,94.1598413050304,94.7094788364944
2005-09-01,106.525996453376,92.0226497926726,88.6925195794759,94.2219737694278,93.9155108129528
2005-09-02,106.146353006836,91.9881211372341,88.2964960004973,94.1883173263611,93.39437835708
2005-09-03,105.426229989764,91.8558949917219,88.9272116346631,95.3204994235965,93.5948228510897
2005-09-04,104.655634278139,91.9042057836168,90.2411858503415,95.676391188015,93.6075508133552
2005-09-05,104.396109077913,91.9463212576692,90.5498293570824,96.3379360151974,93.1753530326163
2005-09-06,104.681023253473,92.0062301384453,92.5368919305828,97.2690246824032,92.5769589045549
2005-09-07,104.52933459648,92.3443314647552,94.4238425091663,97.7783034630474,93.4016542553714
2005-09-08,104.745827342134,93.3116597838494,95.610420911503,97.7934740947664,94.499443514428
2005-09-09,105.075571972209,94.7351510474119,96.4522256305097,97.7515092622834,96.015467712526
2005-09-10,105.49448210857,96.3838190326206,97.6925808329518,97.547828951984,97.4019273725978
2005-09-11,106.237275448961,97.2384873552564,99.6949644331233,97.9220003075391,98.7620377138151
2005-09-12,106.688762775393,97.81856581315,100.649588025124,97.6100482322065,99.7263830855131
2005-09-13,107.292102128458,98.7657008212415,99.5881707175447,97.0571835970847,100.149014150716
2005-09-14,107.311864167813,99.9231339862087,99.3449123518527,96.845331560029,100.967145872848
2005-09-15,107.140015786919,99.2451107242332,99.0855629590541,96.1047848799283,100.529884060849
2005-09-16,107.046554865995,98.9654149936633,98.6546159847348,95.0887950419203,99.8501756414377
2005-09-17,106.933270984553,98.6395576200393,97.8633209547799,93.8640820633919,99.2769346850179
2005-09-18,106.818510000769,98.6502297755943,97.2424024924693,92.6477579144894,99.2481901052752
2005-09-19,106.601686496243,99.2212860254614,97.1356472139323,92.0707988138497,99.4365221225816
2005-09-20,106.344347610293,99.6898572179131,96.7281181491518,91.9085216530947,99.4167837202134
2005-09-21,106.105187514712,99.3815524497183,96.4273123281798,92.1491051047742,99.1148633664827
2005-09-22,105.994909514058,99.290606586925,96.108215866497,92.3394755916689,98.7673982360604
2005-09-23,105.870145236266,99.9364320817383,95.9210188150196,93.0417788213896,98.5050706710287
2005-09-24,105.9083121924,100.167017026488,96.8718053346158,93.1560946149886,98.9977182203088
2005-09-25,105.965981579974,101.317078245374,96.9099706278921,93.5612692022441,98.9998027897384
2005-09-26,105.471774515684,101.574302782714,96.760815764661,94.7009597343421,98.8178401732447
2005-09-27,105.143815216334,100.795833189749,97.2832575934409,94.8158804223274,98.8953490484602
2005-09-28,105.338999174338,100.301326252803,97.4650185773887,94.5220984892245,98.9918380107484
2005-09-29,105.784226534931,100.051362479212,98.3444293725445,94.9315863558059,99.4860466461733
2005-09-30,105.748184263508,99.8573483707187,98.3841748204175,94.3428879383136,99.7475579422436
2005-10-01,105.521527127514,99.7140251465446,99.1138512854444,93.7191001862177,100.171636728196
2005-10-02,105.534217340759,100.174484776461,100.274019529851,93.2242415939303,101.496374091462
2005-10-03,105.116111549183,99.6819006291634,100.710845200137,92.9517519286928,101.724478589064
2005-10-04,104.992254158425,99.2300525641168,99.9521715601819,92.6317076332262,100.998705944778
2005-10-05,104.964000652383,99.0396397636704,99.8725888113833,92.0404312625886,100.954872290021
2005-10-06,104.791276310973,99.0621731930194,100.041579128408,91.4838277251719,101.260452900118
2005-10-07,104.695234937212,99.5565922634781,99.7027763709381,91.0121531451626,101.666141527703
2005-10-08,104.88021957171,100.055461317933,99.726120507637,91.2823117201262,102.150791708534
2005-10-09,105.245838415777,100.321093686668,99.8770420536464,92.3180469921757,102.343168788625
2005-10-10,105.52465136717,100.272409694958,99.9436061392945,92.6391594105705,102.04232810854
2005-10-11,105.655150719173,100.230184280327,99.8271191107992,92.4126433957958,101.712046089116
2005-10-12,105.561211301429,99.8170873496395,99.6341152039236,92.2309934741631,101.450808633578
2005-10-13,105.468646708876,99.5184224632612,100.385257810851,92.7550086121639,101.267554651647
2005-10-14,105.346244929254,99.0752979157931,100.725461453433,93.0735862488541,100.950369408467
2005-10-15,105.750383951629,98.6475539856455,101.009547314886,92.9673803137898,100.605653352087
2005-10-16,105.365023198042,98.4975072429578,100.612241834296,92.7250021568524,100.833108968239
2005-10-17,105.036038231141,98.4407708902769,101.34127070303,92.8237614645074,100.741302445153
2005-10-18,104.767689823439,98.4201705488556,102.048132658931,93.0635476686638,100.708960514581
2005-10-19,104.457237003145,98.128356718091,101.846096405883,92.9233052121676,100.710621404321
2005-10-20,104.197055289234,98.1200351544668,102.363608540053,92.7087531339541,101.362167636802
2005-10-21,104.116276580694,98.3504657347892,102.859723614647,92.7096434234043,101.740206129213
2005-10-22,103.904393047723,98.1153429734499,102.683650351226,93.102332961034,101.60967921494
2005-10-23,103.648645168238,97.8240957192034,102.127078462507,93.2659051812951,101.294971821309
2005-10-24,103.418592942104,97.7994877706652,101.888882698817,93.7607553825607,101.440689211685
2005-10-25,103.170925542905,97.6857578684779,102.250691407622,94.353660088704,102.089353745581
2005-10-26,102.997948283221,97.8970663181368,104.190836129151,94.6452292609079,103.696391053554
2005-10-27,103.057953779436,98.3690220469958,105.120906269145,94.3408923582139,104.600220790443
2005-10-28,103.001387906711,98.1514267654333,104.404511586024,94.0658621570751,104.105035142881
2005-10-29,102.888380398583,97.8439113448026,103.537763121188,93.8940609335372,103.398829610952
2005-10-30,102.705042004032,97.4889442766057,102.726330643354,93.7076805313276,102.749218805855
2005-10-31,102.503995741527,97.2163441695766,102.132789659977,93.8073621082149,102.447709241967
2005-11-01,102.310995839458,96.9327554814534,101.868407984343,94.2556311396005,102.174291270901
2005-11-02,102.121168766192,96.5924603457761,101.48695637084,94.8602565467396,101.6736529576
2005-11-03,101.938343825487,96.2711234666433,100.924777028511,95.1545967747666,101.153595293221
2005-11-04,101.771515965505,96.0085016713373,100.482776679074,95.1251677823031,100.776462386351
2005-11-05,101.609993218246,95.7558474010852,100.142778536294,95.2088776744906,100.466496796035
2005-11-06,101.455402777919,95.5359830021655,100.020034540634,95.4079846308414,100.318184680488
2005-11-07,101.302912199497,95.2928167361572,99.7343253778877,95.7882456616723,99.9615051598965
2005-11-08,101.15828244531,95.0533262109222,99.2956874081848,95.6996047481458,99.553159573894
2005-11-09,101.01961376181,94.8313915421673,98.9132397011397,95.5061706114572,99.1929036897668
2005-11-10,100.887106369717,94.622206938853,98.7419744652672,95.4648746148766,98.8952679004043
2005-11-11,100.760986590973,94.4618788668903,98.5505072978555,95.3729912768633,98.8298363203363
2005-11-12,100.640828717582,94.2917384183011,98.2414221381047,95.2088078078551,98.5648971256443
2005-11-13,100.52696944686,94.1196854618297,97.9585508560691,95.1169441112933,98.3020008129397
2005-11-14,100.418615437573,93.9556117196653,97.6992688117406,95.1181913321548,98.0573410343557
2005-11-15,100.313190448134,93.802698598175,97.4631449968486,94.9805353356738,97.8294179058398
2005-11-16,100.211548206463,93.6594706333647,97.2430997201196,94.826197465218,97.6255583124683
2005-11-17,100.115252588957,93.5364138222503,97.0467582555919,94.7114317814997,97.5030483143454
2005-11-18,100.019299721263,93.4055167979221,96.9946139103201,94.7552336418148,97.466710077162
2005-11-19,99.9252330327528,93.2977257454897,96.9822890768058,94.7841342622211,97.57377886244
2005-11-20,99.8353634516499,93.2293026780308,97.1918543327237,94.7709425769089,98.0842774170126
2005-11-21,99.7492691747641,93.1094979555682,97.0256274434364,94.6483809610019,97.9214751352015
2005-11-22,99.6639277660601,93.003712670102,96.8553827182715,94.5350226581231,97.8545212928696
2005-11-23,99.5828669753552,93.0245544598128,96.7201202933741,94.4139937209307,98.1956463453812
2005-11-24,99.5042809014222,93.0166172694342,96.5502211875756,94.3026458312317,98.2475278513689
2005-11-25,99.427559108493,92.9340096903786,96.3737430528761,94.2094973439887,98.0446138504093
2005-11-26,99.3509341248187,92.8262463990477,96.2040349430726,94.0955219977825,97.8091604021015
2005-11-27,99.2761780827661,92.7153872236252,96.0371067379697,93.9749319196814,97.5902571921835
2005-11-28,99.2040718965515,92.6067908116957,95.8803011510892,93.862978275576,97.386239041323
2005-11-29,99.1329659104006,92.5011726632158,95.7282998448398,93.7623384935794,97.1965359025957
2005-11-30,99.0638511142408,92.3975702789212,95.5810689546794,93.6629515835148,97.0183819995296
2005-12-01,98.9972188140606,92.2982175890981,95.4377045222051,93.5628668958056,96.8500711752685
2005-12-02,98.9327041712032,92.2044609240303,95.3035025528358,93.4655624237241,96.694074278882
2005-12-03,98.8714218402015,92.1128357450432,95.1714589474298,93.371582082965,96.5439987570878
2005-12-04,98.8131463550629,92.0261482833618,95.047187281351,93.2802708807951,96.4031462382484
2005-12-05,98.758364948788,91.9416296449392,94.9323659548721,93.1932580145182,96.2707961033075
2005-12-06,98.7043864934411,91.8593007030306,94.8245649019664,93.1106388193533,96.1459444756141
2005-12-07,98.6510464091348,91.7810437344774,94.7201873296951,93.0303171276294,96.0284257237278
2005-12-08,98.6232346694683,91.7607851319699,94.6184274235308,92.9527246760417,95.9171588861942
2005-12-09,98.6084974221803,91.8410798911611,94.5546670460921,92.9064339528418,95.8286785976052
2005-12-10,98.5725781175686,91.8354610230406,94.5147875320284,92.9015891837082,95.7494817223458
2005-12-11,98.5294132276356,91.7777599908825,94.5083777315985,92.9665722275053,95.7131771653705
2005-12-12,98.4849680712059,91.7153943483669,94.4314003447495,92.9106674724203,95.6325421287404
2005-12-13,98.4398888073982,91.6447621050238,94.347277405086,92.841587808274,95.5454644142389
2005-12-14,98.3977279108296,91.5755447687079,94.2605898622008,92.7717703648868,95.4571691956933
2005-12-15,98.3557521773194,91.5116388044845,94.1740737944224,92.7025767515942,95.3693065537749
2005-12-16,98.3136031834865,91.4500399252445,94.0923886915651,92.6356360254924,95.2868095617791
2005-12-17,98.2751241167673,91.4093814642332,94.0230619568795,92.5757302741634,95.2118254674597
2005-12-18,98.238483878027,91.3613076203011,93.9478024353221,92.5166752493998,95.1340830170624
2005-12-19,98.2009316111938,91.3121896675443,93.8729034064409,92.4585573481442,95.0571870078491
2005-12-20,98.1634002739996,91.2604773883426,93.7983492767031,92.4017875100221,94.9870638444634
2005-12-21,98.1255700522727,91.2054647061395,93.738864973692,92.3543424689963,94.9244040405524
2005-12-22,98.0871028731411,91.1472633560822,93.6873351079231,92.3264080971669,94.8653955969679
2005-12-23,98.0494483250614,91.0876411462409,93.6387294057283,92.3077582898108,94.8041050335024
2005-12-24,98.0152712120445,91.0331425231711,93.5834488648557,92.2813405506042,94.7424623335482
2005-12-25,97.9840860958375,90.9845538404279,93.6942911030337,92.3988689504087,94.7061045191388
2005-12-26,97.9544364695218,90.9339008010093,93.7482407632089,92.4420465571698,94.6526063862755
2005-12-27,97.9244608037811,90.8865263050974,93.6758447469346,92.4061985060874,94.5890135136752
2005-12-28,97.8930799859603,90.8400480527332,93.6045967226589,92.3696765372641,94.5244770338228
2005-12-29,97.8620363060374,90.7968583999778,93.5382319347775,92.3184092973991,94.4664028818618
2005-12-30,97.8323112013821,90.7561923935448,93.4801456625818,92.2629747531639,94.4197674446436
2005-12-31,97.8037309869803,90.7163066338583,93.4213385055872,92.2094282019003,94.3725018295749
2006-01-01,97.77449851505,90.6733196586365,93.3574959194381,92.1568603284141,94.313519990659
2006-01-02,97.7459653579091,90.6309409141104,93.2978701850027,92.1057253158023,94.2625935897076
2006-01-03,97.718718910368,90.5852284083264,93.2460621175057,92.0582475799989,94.213232791654
2006-01-04,97.6916244610516,90.5375732934557,93.1870261199097,92.0097414756214,94.1590055921573
2006-01-05,97.6669501883133,90.4911001672119,93.1272980330061,91.9646851756833,94.1033845839492
2006-01-06,97.6417337649585,90.4473744455671,93.0707904809274,91.9355608384418,94.0469089633852
2006-01-07,97.6165924280164,90.4037608598841,93.0155051407276,91.8940418606689,93.9931694326269
2006-01-08,97.5910336714728,90.3610924846336,92.9634512398014,91.8522842964624,93.9408590339692
2006-01-09,97.5658731913971,90.3194029148409,92.9151904146884,91.8108985626282,93.8904863533361
2006-01-10,97.5409518841486,90.2782039741051,92.8639956452169,91.7694107843116,93.8392574024996
2006-01-11,97.5161897477778,90.2353050803762,92.8136924859037,91.7278023819159,93.7917418563353
2006-01-12,97.4917709456496,90.1924832704043,92.7618328995344,91.6875497185603,93.7399811470558
2006-01-13,97.4678999157318,90.1496437760078,92.70942397481,91.6482160310008,93.6867856867305
2006-01-14,97.4443817922462,90.1071825376145,92.6553207141356,91.6091150019065,93.6343053957068
2006-01-15,97.4216800499229,90.0668325493269,92.6041104165082,91.5726199739625,93.5812882468774
2006-01-16,97.3995692053478,90.0270450949418,92.555495341737,91.5367288922162,93.5307072827352
2006-01-17,97.3778263589612,89.9883049738383,92.5080631098118,91.5032689555723,93.4832109125512
2006-01-18,97.3567807545047,89.950084353821,92.4607147325933,91.467973785679,93.4342278569674
2006-01-19,97.3366376390125,89.9125890440444,92.4138397379322,91.4322239803833,93.3856761146721
2006-01-20,97.317326825472,89.8754493132561,92.3674722004003,91.3975243628981,93.340268304643
2006-01-21,97.2993217290402,89.8406521936056,92.3246746198661,91.364641364084,93.2998796034894
2006-01-22,97.282569560674,89.8114891934719,92.2860321318959,91.3337453485617,93.2673247564946
2006-01-23,97.2656624659044,89.7838339842823,92.2456183563453,91.3115073085434,93.2420647362687
2006-01-24,97.2483364921512,89.7512171473308,92.2067291082292,91.2916201612279,93.2016482075207
2006-01-25,97.2311036844409,89.7174421344062,92.175230565871,91.3175056061099,93.1583608590579
2006-01-26,97.2137819216623,89.6835068618998,92.1398509292244,91.3090043877615,93.1179655789482
2006-01-27,97.19672927869,89.6501986950789,92.0971312839325,91.2825016368959,93.0750634384628
2006-01-28,97.1803249569077,89.6180106107004,92.0554705748046,91.2513431682565,93.0326065519712
2006-01-29,97.1642055353709,89.5870640612969,92.0147835816497,91.2221635961109,92.990592370078
2006-01-30,97.1486302491393,89.5584343400441,91.9744735028445,91.1956707814075,92.9504352875006
2006-01-31,97.1332583812914,89.5309908363172,91.9342568083252,91.1671399807389,92.9107095367226
2006-02-01,97.1184084564739,89.5048930282158,91.8962725950614,91.1432376050928,92.8752618128115
2006-02-02,97.1045969899415,89.4826626414861,91.860547248817,91.1239064931352,92.8457384904772
2006-02-03,97.0918395927547,89.4620913354721,91.8260011792245,91.1069758341168,92.8197226847973
2006-02-04,97.0795065423556,89.4400653260566,91.7919790560772,91.086751731513,92.7921267991967
2006-02-05,97.0680536560432,89.4155127424276,91.7555558198993,91.1039666747038,92.7570870627651
2006-02-06,97.0578629321545,89.3952294064019,91.7185352187113,91.2772455304411,92.7218503018773
2006-02-07,97.0484859669322,89.3794650815367,91.6857846665567,91.3469777336383,92.6926406015739
2006-02-08,97.0403051833302,89.3651661407994,91.6727769095057,91.3343309051851,92.6853897879901
2006-02-09,97.0300621735968,89.3482130190829,91.654159411741,91.4785127083533,92.6620608734317
2006-02-10,97.0198826072532,89.3283645562132,91.6225211942229,91.9133320666043,92.6304431005134
2006-02-11,97.0111732500589,89.3114084340724,91.5959958600624,92.2839779889343,92.6045596833856
2006-02-12,97.0018113781504,89.2947836612996,91.5893318790357,92.3399568253027,92.5920887560227
2006-02-13,96.9930619589537,89.2768788853755,91.5927788531528,92.3484442525454,92.5899361892162
2006-02-14,96.9931666929608,89.2707559063562,91.5633773496529,92.3160792122428,92.5605257033195
2006-02-15,97.0048608917147,89.3129383579778,91.5319810400977,92.2813400112087,92.5288331665422
2006-02-16,97.0075433218055,89.3591575637805,91.5042777349763,92.2489720684283,92.4993740108531
2006-02-17,96.999606554705,89.3515186727308,91.4775411038572,92.2209969104924,92.4697534434669
2006-02-18,96.989867690744,89.3384878771049,91.4487742754959,92.2003349045375,92.4413910076829
2006-02-19,96.9893510662109,89.3566594504918,91.421855628582,92.1743242132144,92.4166088911182
2006-02-20,96.9791593381943,89.3416428047057,91.3929524326024,92.1482999340381,92.3889204822442
2006-02-21,96.9674129067,89.3192634523605,91.3630508140087,92.1216563635506,92.3611785809135
2006-02-22,96.9555096907941,89.294973635785,91.3336428310719,92.0958389881251,92.3333142345834
2006-02-23,96.9443422449879,89.2714527345543,91.3064610126536,92.0700489641785,92.3060154829763
2006-02-24,96.93533827718,89.2462683976392,91.2747544984819,92.0435085019587,92.2754208104582
2006-02-25,96.9271877073382,89.2213871022869,91.2461285521304,92.0180092445251,92.2440141153695
2006-02-26,96.9192373488776,89.1977231919045,91.2158345770713,91.9911640034304,92.2139310192591
2006-02-27,96.9129039929751,89.1749922503241,91.1923584559633,91.9679535669466,92.1875216176388
2006-02-28,96.9062031597679,89.1520806724826,91.177819750616,91.9486116204997,92.1621235960043
2006-03-01,96.8982503054122,89.1298157806911,91.1555713254567,91.9297618871365,92.138072322323
2006-03-02,96.8891274317614,89.1076088468289,91.1331248924876,91.9172854166422,92.1107665993335
2006-03-03,96.8792260509973,89.0851052976784,91.1115822379206,91.905098265071,92.0833270025816
2006-03-04,96.8697727813129,89.0653691230735,91.0900127310712,91.9389220763755,92.0595556312667
2006-03-05,96.8617836151041,89.0493815501782,91.0717161093804,92.0526026388266,92.0453276011094
2006-03-06,96.8531750667204,89.0336553813181,91.0584556162035,92.1866441669606,92.0328180801264
2006-03-07,96.8438575607872,89.017137152631,91.0473701918727,92.3046995700174,92.0180193743734
2006-03-08,96.8349824811827,89.0015448255628,91.0535561570057,92.53307661342,92.0091416597012
2006-03-09,96.8266623474669,88.9826505396508,91.0417872798432,93.0785204817867,91.9968199883269
2006-03-10,96.8185697157296,88.9599676078245,91.1091580737716,94.9974201665147,91.972714668726
2006-03-11,96.810331273516,88.9430921525186,91.5476060815271,96.8581900882587,92.0258797619269
2006-03-12,96.8019632473682,88.923213667955,91.5787882925188,97.6497225901674,92.022407763146
2006-03-13,96.7956716421304,88.9016506976414,91.5694613855973,97.7756338495356,92.0004482459508
2006-03-14,96.789273298635,88.8820495447372,91.6026736398047,97.7539878561647,91.9889145576794
2006-03-15,96.782436544065,88.8625656552447,91.6073011202981,97.6749805600681,91.971942646197
2006-03-16,96.7740195581359,88.841629713551,91.5882246449857,97.6341385275231,91.9462830033942
2006-03-17,96.7658776760889,88.820788225677,91.5555991099697,97.6903719782928,91.9176002331127
2006-03-18,96.7583374573463,88.8004836742209,91.5358146793961,97.7943717048617,91.8932274553266
2006-03-19,96.7511411917931,88.7817164078557,91.5343804039403,97.9429692820145,91.8750556961082
2006-03-20,96.7434307424226,88.7641450680363,91.5348928133096,98.4733526913688,91.8617326932342
2006-03-21,96.7357342696563,88.7474573645312,91.5515344143877,99.4675641421152,91.8497387625064
2006-03-22,96.7282592512123,88.7345737992221,91.5983886177637,100.627288835835,91.8514479753844
2006-03-23,96.7206123083797,88.7234274422157,91.585753059384,101.083163423886,91.8364021153106
2006-03-24,96.7127432841558,88.711471209603,91.5716622370746,101.608747671233,91.8312341633958
2006-03-25,96.7049702116244,88.6991403303276,91.6199209093852,103.279991950498,91.8341444699911
2006-03-26,96.697410024955,88.6850688776074,91.855040878993,104.677904791925,91.866192655759
2006-03-27,96.6919351281884,88.6735735210261,92.0657863823311,104.955859073732,91.9586490285933
2006-03-28,96.695287933686,88.6739797906009,92.17067111657,105.833989559753,92.0093840116308
2006-03-29,96.7080249193611,88.6849749230848,92.332228097597,106.433121522824,92.0881181661853
2006-03-30,96.7087230181973,88.6761887701165,92.3506505241821,106.397404544504,92.0887935369855
2006-03-31,96.7047272036102,88.6624608262338,92.5132268307531,107.05798570962,92.1724685981433
2006-04-01,96.7038737734222,88.6749350030559,92.6382101533697,107.203409678639,92.3440309724807
2006-04-02,96.6998560794786,88.6640518995794,92.639788556044,107.112283350657,92.3304051265101
2006-04-03,96.6921414615452,88.6478670109972,92.8094110494163,107.408832782693,92.5170078803214
2006-04-04,96.685854356437,88.6491157644488,93.2318545939599,108.172896162416,93.141793159407
2006-04-05,96.6830613899513,88.6460120081219,93.559085094375,107.822505507994,93.4312354395009
2006-04-06,96.6762842769417,88.6926394746419,93.9655059451944,107.486293138212,93.935381873715
2006-04-07,96.6689925074141,88.8132365097727,94.5456895683485,107.494820085678,94.995371306471
2006-04-08,96.6695270404611,88.9156059609395,94.8593499578344,107.231214038861,96.1559306080129
2006-04-09,96.6760588509444,89.0097727630922,95.0996455816001,106.738098151488,97.0253540694135
2006-04-10,96.6753156925994,89.4618562001221,94.9364768495245,106.454438469358,97.7002505598947
2006-04-11,96.6686342892115,89.806670571504,94.7056797757798,106.609533486315,97.7711882430563
2006-04-12,96.6610826400143,89.7764975109958,94.697218846985,106.746568704135,97.4822924780903
2006-04-13,96.6541041851943,89.7856022355713,95.3958981506399,107.439746824739,97.7475023402554
2006-04-14,96.6484280595695,89.9683064380606,96.1643991502708,108.483539599253,98.2559790362567
2006-04-15,96.6462091956163,90.211129720493,96.3674555618277,108.941830534485,98.6123906305326
2006-04-16,96.6417245228197,90.4540853539226,96.2320265295973,108.274840509122,98.4197796661734
2006-04-17,96.6352335358059,90.4048477636201,96.0351102322861,107.950083818526,98.0334635503226
2006-04-18,96.6414884330543,90.4302242219361,96.1812187319464,108.929154949958,97.9882764514342
2006-04-19,96.7029426125599,90.9460675497832,97.369122515253,109.291845976425,98.8943583655501
2006-04-20,96.882834507235,92.0650984963001,98.36442162141,108.628662488269,99.7578743107907
2006-04-21,97.2485714684307,92.3171452025709,99.5586130278566,108.726143079004,99.8405612174862
2006-04-22,97.5772486364976,92.2513241623061,100.855885701032,110.082590551695,99.9323586945526
2006-04-23,97.917895645707,92.6137900714974,101.935464777487,111.297333101641,100.329255902908
2006-04-24,98.2278846743201,93.7859950225715,104.389950912365,111.718945046511,101.062223124121
2006-04-25,98.4274766495827,95.7456590870082,107.974525904473,111.697959728874,102.255879249046
2006-04-26,98.662961569737,97.5009623679545,110.357359337944,111.327170117981,103.126371103935
2006-04-27,98.9384175569411,98.5983445706643,110.53541269174,111.378210981766,103.908693178991
2006-04-28,99.1884524053484,99.3507628455622,109.621570882696,110.874899599035,103.998220418469
2006-04-29,99.3599066727052,100.186610493072,108.97779904743,110.230533428204,103.700418707339
2006-04-30,99.5469009112192,99.7376659728634,108.112996900093,110.153636595512,103.094570372429
2006-05-01,100.086706554507,99.8240681044402,108.06327715367,110.138328623439,103.261887596856
2006-05-02,100.696980647631,100.302183100755,108.913987145188,110.340955009982,103.745243049964
2006-05-03,101.534198991303,101.124276192235,108.381743532572,110.359116480653,103.441018357442
2006-05-04,102.465143147075,103.043796613423,108.183472042708,109.63161781484,103.199908021965
2006-05-05,103.272108145194,105.628664647342,108.073083899817,108.645895089391,103.639550652682
2006-05-06,104.196283137955,107.403043205795,107.981451425873,107.649528961942,103.883494712075
2006-05-07,105.233284833241,108.634595494171,108.703149021676,107.078422551504,104.095681163355
2006-05-08,106.044553674489,109.769332706412,109.583980191671,106.804321995566,104.745615649201
2006-05-09,106.700811488404,110.394097409021,111.062516884084,106.834892269754,105.82456046108
2006-05-10,107.647243807263,110.768509356913,113.921383898395,106.269476569212,107.43913320296
2006-05-11,109.433358534451,111.123506129295,115.508313902216,104.906744955629,108.226031662297
2006-05-12,111.035790637218,111.615026468952,116.564120583583,103.871925495147,108.457761959164
2006-05-13,111.326310070277,111.700588982241,116.372610829297,103.303209064165,108.376567535248
2006-05-14,111.541103370792,111.953060070283,115.13264208443,102.496650743057,109.08734533363
2006-05-15,111.965122738269,112.55739815075,114.051432850397,101.276992680756,109.834614623211
2006-05-16,112.39373999322,112.840417183134,114.090714398738,99.7994302351316,110.362816079987
2006-05-17,113.459556660666,112.987599453018,114.258843748744,98.9107911695206,111.959731898793
2006-05-18,115.20280493248,113.784167898179,113.190846544819,97.5451796658815,112.992868206
2006-05-19,116.920550355885,114.093451448049,112.092984168162,96.8071261299138,113.443926729335
2006-05-20,117.64984193614,114.02579850781,111.311960097033,97.230608066672,113.300182363644
2006-05-21,117.968107275347,113.55434753949,109.960764553789,97.0552236491986,113.375527629644
2006-05-22,117.986976450245,113.618391671096,108.742248991784,96.2523610861777,113.524824591285
2006-05-23,117.721572078311,112.8266833297,108.590353646611,95.3882125025687,113.388620078247
2006-05-24,117.840222642266,111.465528668403,108.958947745714,95.1587009051076,113.066094936449
2006-05-25,118.000954313576,110.50361195875,109.180699424995,94.9595763896343,113.318466268388
2006-05-26,118.088720004895,109.585428005986,108.439290300944,95.5403605119965,112.679555745819
2006-05-27,118.494588331694,108.768056936574,107.417614359636,95.4808869259792,111.745597848061
2006-05-28,118.038848245911,108.677891819106,106.253526578087,94.5562679471624,111.142342135755
2006-05-29,117.574510232315,107.432792934092,106.415315165197,93.7053348775304,110.339185810949
2006-05-30,116.983178654443,106.567087102841,107.573804328929,93.4929831987768,110.882787505684
2006-05-31,116.269765102167,105.933091656854,107.716645111318,92.6378524099197,111.039936440059
2006-06-01,116.053379992704,105.598462788152,106.48408215708,91.1949140351119,110.296942246124
2006-06-02,115.428016603019,104.599838558926,105.292881686598,90.0769406496656,109.170403811327
2006-06-03,115.334049119901,104.164118052172,103.796052700568,89.2867653604845,108.663148864377
2006-06-04,115.111629196828,104.424057890837,102.206472545044,88.6253869352212,109.344702320855
2006-06-05,114.585961677292,104.807620742105,100.383913018924,88.0349106688651,108.771436476085
2006-06-06,113.69115056609,103.72293196047,98.581486991192,86.8826422593095,107.469969029621
2006-06-07,112.920066753047,103.173830112034,97.4794419158602,85.2879807545885,107.346981071153
2006-06-08,112.59690441871,102.032566009051,97.2360181353488,84.0908819339784,106.114155253765
2006-06-09,111.270431634532,100.284784796407,97.071864001229,83.6588019842744,104.801024344425
2006-06-10,109.506543363753,98.9789759258667,97.2825656780915,82.7418166000325,103.818411643461
2006-06-11,108.170322139494,97.9386448301021,96.8955839957979,81.9210361241885,103.080728282272
2006-06-12,106.967907119922,96.2307853442717,97.128361521032,82.7125747250818,101.984393536945
2006-06-13,106.372224289428,95.0912651353236,98.0469103569544,83.2017088581162,101.327049324054
2006-06-14,105.626122863438,93.8236163690301,97.5006558223017,84.7762722982311,99.8961088630771
2006-06-15,104.583565360235,92.4971846587521,97.1489040172354,85.7854933032757,99.0055533804247
2006-06-16,103.288543074694,92.7217086098049,97.1563697114202,85.6996639395783,99.5596099934002
2006-06-17,102.555200393924,94.0324832890163,98.5231256570935,85.5364259278568,100.04232109119
2006-06-18,101.723767342056,93.7291228511097,99.5924237900645,84.7343772014938,99.9705531343097
2006-06-19,100.560150325782,93.2037251484353,99.6817587573065,83.8651010547016,99.2252607264316
2006-06-20,99.6521265059432,92.3445962644522,98.6554319293077,83.2276874554815,98.5618326410331
2006-06-21,99.2804100010862,91.782873413293,96.9933083652933,83.5015968330223,97.5338864674642
2006-06-22,99.5321607732667,91.1155536953459,95.9403282886362,83.9390103873197,96.1216142383228
2006-06-23,98.9629831640727,90.5119247155507,94.5441435808354,83.8446693281152,95.2092136927904
2006-06-24,99.1190589974677,90.273420467448,93.3370976673108,84.0499256935172,93.6248341284882
2006-06-25,99.4717996297408,89.7649905408274,92.6404392534811,84.3748346394726,92.3445436374337
2006-06-26,99.1189648906501,89.2368771031198,92.1456365464363,85.2662466944302,91.1637131303499
2006-06-27,99.0046167973641,89.3534499526325,90.8557642342862,86.3620717026591,89.9461581520119
2006-06-28,99.3465243981041,90.0100585679816,89.7361989839364,86.9686003735264,89.2050065297784
2006-06-29,100.313529375143,90.6716976989153,88.9184347278873,87.6590670791664,89.1014023644518
2006-06-30,100.150906208044,92.8633065138967,88.7660391788853,87.8642850297276,89.43767434955
2006-07-01,99.9921859836513,94.0320023613774,89.6754174978787,87.6121350840713,90.172752230609
2006-07-02,100.408105338575,93.4004385164859,88.2055993917768,88.1702125074624,89.2154329297482
2006-07-03,99.9085164879327,92.6993298177836,87.9568764278477,89.9648323720925,88.1187193273458
2006-07-04,99.4720002153721,92.3901628678123,89.3225686467059,89.7260244980279,88.3671634057338
2006-07-05,99.3461375598591,92.197693514107,89.2726518640382,89.1256956585073,88.4912136822642
2006-07-06,99.212418790022,92.0960974119942,89.769921445012,90.0530016314224,88.7295919328194
2006-07-07,99.1448321860357,93.0810802135023,92.1069953878408,91.7957782652104,90.6868627184011
2006-07-08,98.7014360920318,93.8722747812719,94.6787167213685,92.774797139472,93.2660962307086
2006-07-09,98.0120601285104,95.1900463323532,95.4163468030819,92.8333919478868,93.5197021252057
2006-07-10,96.7662530689925,94.7124385124183,94.6715091612377,93.1811232266184,93.2316992164104
2006-07-11,96.4853803298655,93.7633253462543,95.6919165914882,93.4515099307169,93.536961777248
2006-07-12,96.5226637237548,93.6447300694906,95.7352000221183,92.2968291548893,94.1416737192857
2006-07-13,96.5485291613921,93.3660715122915,94.8702307711942,91.0045324849474,92.8949503563404
2006-07-14,96.0659781440026,93.0013570493897,93.4104548556866,89.5051795342187,92.0088696302155
2006-07-15,95.0251036428079,92.7458021107449,91.9879562941405,88.079404854825,91.4007370888545
2006-07-16,94.0624309138624,92.7843029794113,90.6715873639099,87.2663184069239,90.4724952879839
2006-07-17,93.8359195320376,92.3579223675408,89.1659219002253,86.6458370967526,89.5986026857169
2006-07-18,94.09730334958,91.3318862344299,88.1526509579037,85.9232572985369,89.785646358497
2006-07-19,93.752783463994,90.369052536012,87.4084418740164,85.2699191760856,89.0091722278332
2006-07-20,93.7387236815427,89.3088636518486,85.7084100435073,84.115750228819,87.6661921932615
2006-07-21,93.910570307013,88.6296198424109,84.9238582956454,83.4772761865751,87.2935910795185
2006-07-22,94.4178832645868,87.925438182459,85.0377359395093,83.1332365184891,87.3075810700497
2006-07-23,94.1943271765353,86.9511117478876,85.6804082789759,83.616406245218,86.8179843819055
2006-07-24,93.4096300102617,86.274528063899,85.8829896257121,84.9024356730919,86.6003383898725
2006-07-25,92.5332993086919,85.9079112099099,86.6913545216133,84.9743411049342,86.5202316169849
2006-07-26,92.4440819467421,86.3893361218283,87.6101283351522,85.1539657422584,88.1066967059438
2006-07-27,92.4041494672518,86.7764124930751,88.7237480070827,85.5323700185148,89.0321295292226
2006-07-28,91.7370050814791,86.7022851784408,89.5306041657285,86.1997842996124,89.2690632123924
2006-07-29,91.2307306298214,85.919852367548,90.8123763435141,87.8053051809548,89.5332175369736
2006-07-30,91.1112258035823,85.9415371045148,91.5902493632733,90.0741181426488,89.0073809419906
2006-07-31,90.9547371957949,86.2202657279929,92.1701768168302,90.0812103502471,89.0298237917367
2006-08-01,91.0797928814209,86.4073041425661,92.0063027209912,89.8851760524736,89.5988056309879
2006-08-02,91.3723871828312,86.4759313665906,92.7408285719789,89.3768736433076,90.279629052062
2006-08-03,92.380400965387,87.0347643764036,93.5604746452786,88.6362534149809,91.3037104074178
2006-08-04,93.4816041916423,86.3694853001178,93.7182025756148,88.2960918043422,91.2875559639462
2006-08-05,94.066000784213,85.6355694143134,94.6832296313357,88.888332084854,91.3678651470787
2006-08-06,94.111067401644,85.7850129760105,96.653601063549,89.1360401205413,92.7225934569609
2006-08-07,95.850611233423,86.4109587633038,96.6978438783062,88.9904767468467,93.3458941029933
2006-08-08,97.3305741699836,87.5532340803586,96.8327650712591,88.9663497871743,93.1495660152699
2006-08-09,98.5624400260487,89.1485603141269,97.5590139670994,89.4318855256516,93.7517481032715
2006-08-10,99.84922734858,90.7368967236033,97.7285137186029,89.6794463510958,94.9359495153433
2006-08-11,99.8569367186107,90.7758999861885,98.4747430156089,89.3016828744347,94.7338625
2006-08-12,100.06836255651,91.2651496244482,98.7777802659973,88.8750905596252,95.525357278236
2006-08-13,100.809349442796,92.4280459404244,98.0217292508099,89.0091388525271,95.2345400012465
2006-08-14,101.422661686391,93.0145401718802,96.7870181272009,89.7352732090383,94.4105455751525
2006-08-15,101.502318184717,93.1546885401089,96.5875543382908,91.2305573823788,93.941131578929
2006-08-16,101.459899113747,93.6501886609416,96.9789143026206,91.4189392637554,94.5342033321646
2006-08-17,102.053911121955,93.8761132816836,97.0588287711902,91.0924619587793,94.645635439332
2006-08-18,102.3096972769,95.0617264203556,97.3701319551721,91.1063248137256,94.7149596987204
2006-08-19,103.145190806313,96.9186004923124,96.9666526515652,90.6238104698201,94.6145174139032
2006-08-20,104.161626942468,97.0935064024883,96.1509975098395,90.196542625819,94.4491656732438
2006-08-21,105.245700606405,96.7364964987418,95.5571964954051,90.1307765713068,93.6560649866613
2006-08-22,105.623936867951,96.2415881906149,94.8251571624144,90.4439819304691,92.78256237479
2006-08-23,105.139182132957,95.9069486610546,94.4164394389337,90.8198262088106,92.2604360847337
2006-08-24,104.977293332594,95.7580043024181,94.5466306352834,90.7264919793722,92.631986905586
2006-08-25,104.561627930198,96.1032086093027,94.3935318508253,90.1860912278619,92.7698076322215
2006-08-26,104.848374238436,97.8166114907233,95.2489676489548,89.5755233102416,93.1174978031004
2006-08-27,104.975851288801,97.937882988605,95.166121220036,88.8357847657155,93.2486074323679
2006-08-28,105.054565433099,97.8620328301095,95.0919339970785,88.9074532659355,92.8071567322939
2006-08-29,106.403594782799,98.2344583087582,94.7789007004886,89.4160904131102,93.2790123556278
2006-08-30,107.252981057937,98.0629881782961,94.5469165210976,89.4674101268513,93.717679585465
2006-08-31,107.702319066819,97.6848505853181,94.4547104795692,89.3119639717552,94.1809765013985
2006-09-01,108.024330557631,98.0147218966637,94.1554931452892,88.3471631652331,94.8550269166509
2006-09-02,108.668148159222,98.8610610868275,94.0225004316867,87.129502509141,95.5618141863392
2006-09-03,110.708972512271,99.0207111830787,94.8238190045523,86.5075371823384,95.7450838761054
2006-09-04,112.468225709688,99.1734109418758,95.6727333694035,86.2635905535803,95.8908266198199
2006-09-05,111.662528245091,98.4837805200353,95.4734377655447,85.2911291204129,95.9622215434325
2006-09-06,110.638294243504,98.2037041233312,94.3588064238571,84.0554994620924,95.1118623694414
2006-09-07,110.289282323706,97.9947631538472,93.3376745861234,82.8913212431539,94.3531516680075
2006-09-08,111.350458241501,98.3053064005194,92.6149212822394,81.7413945200912,94.1665251056608
2006-09-09,111.980302608415,98.3559556065384,91.9981735096579,80.8298117431603,94.4313823474348
2006-09-10,111.570995156886,97.2768283139896,91.053482530537,80.3927554866765,93.4838875950682
2006-09-11,110.807495429917,96.3550685679363,90.402276816698,80.5477026161018,92.9114922692062
2006-09-12,110.005245663462,96.6557289051029,91.0549833054952,81.7446707168798,93.3006589992432
2006-09-13,109.964032303955,96.8791045212606,91.8545349654372,83.0843652560525,94.408421413011
2006-09-14,110.016398277569,96.4526692195252,93.3472848991058,85.3721773143395,95.5336822434695
2006-09-15,110.599210991278,96.5333444387529,94.3035094608483,86.4513167150759,96.0602786471394
2006-09-16,110.9098703859,96.0392909847006,95.2467558145664,87.3064936073631,96.2818889287195
2006-09-17,111.139997821845,96.0580767348287,95.0618205149419,88.1626571269605,95.7804890352011
2006-09-18,111.072541983879,95.557806444077,94.9847933540297,89.4974750662073,95.4078536060189
2006-09-19,110.463716916916,95.1719511138382,95.8074448525544,90.0858902032279,95.8079029941409
2006-09-20,109.945200170731,95.0911756186072,96.8054157222328,90.4922820510395,96.4344713778371
2006-09-21,109.938142649113,95.2041537168137,96.9044062162453,90.3677046335645,96.7949223145865
2006-09-22,109.780660194198,95.1571630575316,96.7232091154376,89.9359921568363,96.8006506857108
2006-09-23,109.482760086015,95.4907707968941,97.8580122645305,90.2409341360145,97.5244354077987
2006-09-24,109.572658547347,95.9234294487202,98.9500126799813,91.507044716736,97.7706775520483
2006-09-25,109.697225314515,96.3191737484194,99.6937241661244,91.9878543001228,98.8201696742019
2006-09-26,109.600244162361,96.4235736371377,100.826970579656,92.1498784076559,99.4137188613337
2006-09-27,109.837270627184,96.6854417659585,100.546442784039,91.4919058927791,99.4335264965328
2006-09-28,110.161523454617,97.7609706838169,99.8687864698933,90.8379827563009,99.4420718038961
2006-09-29,109.831311573712,98.4702210821267,99.3961851443615,90.5977763831878,99.6027718443497
2006-09-30,109.535035395849,99.1254414495436,99.3233395802246,91.2674667763157,99.4894935493456
2006-10-01,109.220930469112,99.3380970168158,100.017781589296,91.5481847930015,99.6360742179846
2006-10-02,108.957681088063,99.4976407382326,99.7749799905968,92.1142467807994,99.6651750512854
2006-10-03,108.353967129998,99.0315844293985,98.9945483772666,92.6439039885598,98.8838896066271
2006-10-04,107.849900312518,99.0576479597017,98.8314144964395,93.507538606208,98.5214729831624
2006-10-05,107.762179575949,99.3379074227609,98.841290033693,93.482038892752,98.336269721665
2006-10-06,107.445927294547,98.9377507616508,98.4044414180411,94.5443787640015,97.692032800947
2006-10-07,107.243458481576,98.7548490371214,98.0244586162818,96.8248729352466,97.2094135403672
2006-10-08,106.928892646016,98.9304095303156,97.7145970359519,97.5375016030196,96.9175110242875
2006-10-09,106.641161952389,98.9864374579193,97.3968456035476,98.9069006553265,96.6097828097356
2006-10-10,106.301392479527,99.0224784630672,97.2187482086014,100.528544741643,96.6031884160093
2006-10-11,106.259672020211,99.5631359089825,97.2470637765083,100.762571190176,96.7825405347954
2006-10-12,106.099220255799,99.4546449321552,97.064601236529,100.11358780962,96.6216621073034
2006-10-13,105.735702618278,98.7563205029943,96.879211100546,99.8796947873724,96.2839689823026
2006-10-14,105.404581806879,98.1933374764524,96.7435081882419,100.079657417058,96.2473007371014
2006-10-15,105.096546740609,97.6792980362801,96.9360795761592,100.338013196571,96.2469726399452
2006-10-16,104.812673821987,97.2447313481064,96.8192673573154,100.660754383619,95.9562821312793
2006-10-17,104.558362928504,96.9361377662159,96.6280573388014,100.454416333106,95.7408395766507
2006-10-18,104.313199681052,96.60605357648,96.4096042195725,100.128250747374,95.5277242497562
2006-10-19,104.078524921712,96.2600976984902,96.3585773466805,100.136527161072,95.4134516778576
2006-10-20,103.874657362939,96.0810272993812,96.545332628665,100.975762602608,95.4481712455806
2006-10-21,103.685152154518,95.9661364804054,96.590214194047,102.051771462342,95.5875760738476
2006-10-22,103.500286584557,95.9239682050453,96.7391006080267,102.116218922169,96.0124540018184
2006-10-23,103.339362777929,95.8819834082503,96.7180417071506,101.862668270661,95.9976062383962
2006-10-24,103.148199788261,95.6695800897728,97.1292362859639,102.779369177343,95.928150196261
2006-10-25,102.963142994094,95.4433846989811,97.2542362815287,103.950053776072,95.8553085030123
2006-10-26,102.809701751984,95.3378907299064,98.3949023861844,105.203668849437,96.1949669477854
2006-10-27,102.66164583465,95.3319300491305,100.388356081116,106.058679663304,97.5456935277005
2006-10-28,102.536142491852,95.1894843225162,101.820311504345,106.514069313915,97.7282792881202
2006-10-29,102.450764209688,95.1316445057351,102.81289383446,106.285637496963,97.8835514275713
2006-10-30,102.345909113213,95.0985692656849,104.477980074172,106.424407732432,98.5559266914901
2006-10-31,102.230819671591,95.0149866750089,105.340805283736,106.185322163971,98.9396470570365
2006-11-01,102.123222857026,94.8810758412785,104.627885461417,107.129831009099,98.7759918395255
2006-11-02,102.019115890221,94.7031189488854,104.160000005776,107.550495455918,98.5254946442585
2006-11-03,101.895598556012,94.4715903987232,103.445921659848,106.491842656992,98.1366017331289
2006-11-04,101.760858205262,94.2953912495851,103.069724729756,105.958587022058,98.1835704589245
2006-11-05,101.634616491515,94.1437896981758,103.083238857355,105.537401328293,98.6533653708773
2006-11-06,101.521739395324,93.9565271111332,102.926864100878,105.038117796358,98.6399948812436
2006-11-07,101.408033790848,93.8020665616908,102.976494308597,105.29076914584,98.4403973518521
2006-11-08,101.295982927347,93.6266730885004,102.449528517843,105.859484567325,98.0387343668293
2006-11-09,101.188812982467,93.4561100155629,101.914100611919,106.419864380151,97.548914159991
2006-11-10,101.091775477821,93.3187885659979,101.855168141742,107.122508443815,97.2432703228795
2006-11-11,101.00664401315,93.2170281942794,101.74678276069,107.092979727303,97.0394538293087
2006-11-12,100.914827611264,93.0715890025624,101.455686410716,107.474309962826,96.7222959195698
2006-11-13,100.826621651442,92.9380242359777,101.669183558331,107.319675826544,96.4942936403021
2006-11-14,100.739124153195,92.8120413894711,101.228811959317,106.554699655961,96.2357775719726
2006-11-15,100.654230553419,92.6909911572264,100.737624608468,105.827771765025,95.9850870594815
2006-11-16,100.571020270905,92.573343156465,100.291689925474,105.422145727703,95.7454578664222
2006-11-17,100.488051872082,92.4605572476825,99.8885625890388,105.186092849821,95.5206921770876
2006-11-18,100.406651592039,92.352579961868,99.5246988347716,105.052457045291,95.3108970317931
2006-11-19,100.327265073281,92.2496936995062,99.1903205099221,104.924111290023,95.1125700327682
2006-11-20,100.250858603782,92.1489307788686,98.8789131416834,104.779066994511,94.9238613878
2006-11-21,100.175302504534,92.0516831373433,98.5917259206094,104.373116568698,94.745823418637
2006-11-22,100.10064152616,91.9595155315516,98.3274608410175,103.977480177723,94.5791376410791
2006-11-23,100.027200005876,91.8703879145124,98.0846380204726,103.611371419983,94.4228851880776
2006-11-24,99.9555535132327,91.7867993302279,97.8546705153098,103.273425874872,94.2709602916343
2006-11-25,99.8856833931725,91.7063278052063,97.6367980721011,102.959390022701,94.1240626954663
2006-11-26,99.8175462906772,91.628948003317,97.432788560759,102.667457434929,93.9862162816264
2006-11-27,99.7523655447852,91.554750296577,97.2434467325365,102.395466355925,93.8574923528138
2006-11-28,99.6913249957762,91.4822488359181,97.0667979077265,102.14232530987,93.7352579936127
2006-11-29,99.6294690532498,91.4111458098064,96.9003393732391,101.907706545911,93.6189308438257
2006-11-30,99.5694590200213,91.3435025714802,96.7466501033948,101.690377039689,93.5068423944565
2006-12-01,99.5130342933676,91.2793082182242,96.6009524313943,101.482963794028,93.3993924581743
2006-12-02,99.4608209548765,91.221349978251,96.4641107838908,101.287530134468,93.2987435998472
2006-12-03,99.4104749807987,91.1659063286699,96.3384700214502,101.103161688247,93.2022347187961
2006-12-04,99.3627168625626,91.1104428985837,96.2265747750655,100.929718824736,93.1160518734688
2006-12-05,99.3139078502643,91.0546854266251,96.1156317982375,100.764570455775,93.0308562569535
2006-12-06,99.2657606278508,91.0069002461421,96.0050635885703,100.604999202104,92.9481480208878
2006-12-07,99.2191739555259,90.9640194604091,95.9161437912056,100.568574588707,92.8855087019531
2006-12-08,99.1758034655696,90.9319533606826,95.9727298066895,101.719896880982,92.8631374566792
2006-12-09,99.1351024357213,90.8939426864352,95.986937233552,102.416654677758,92.8189526014697
2006-12-10,99.0936947272114,90.8582526159255,95.8934974677426,102.348134228674,92.752445524205
2006-12-11,99.0519403533712,90.8248970202296,95.9477691613387,102.531510171865,92.7203985019407
2006-12-12,99.0088036630856,90.7875220711857,95.8917725304087,102.375116995892,92.670579477977
2006-12-13,98.9652741529977,90.7497885758464,95.8575084853949,102.196568316897,92.625739508105
2006-12-14,98.9226183032627,90.703771395547,95.7751451173687,101.989563862489,92.5622420743951
2006-12-15,98.8817230014353,90.6554343672787,95.6832575166154,101.758919798243,92.4932497533688
2006-12-16,98.8425903668941,90.6111007427192,95.5928911730937,101.53565672901,92.4235678852375
2006-12-17,98.8053528860235,90.5702452006439,95.5017143889545,101.327825750138,92.3617380980835
2006-12-18,98.772871997366,90.534418004193,95.4125273149555,101.441273037558,92.3099740786138
2006-12-19,98.7462558752231,90.5000337329326,95.323951644047,101.558737370563,92.2609526863153
2006-12-20,98.7191212384626,90.4682667426609,95.242629219425,101.370765607523,92.205973178944
2006-12-21,98.6875067623356,90.4394264229438,95.1638674088721,101.186359428647,92.1525492075499
2006-12-22,98.6570715241098,90.4080979816162,95.0816848835692,101.007328602633,92.0985852807186
2006-12-23,98.627881929279,90.3727536029312,94.9975894623257,100.834638106898,92.037076799039
2006-12-24,98.5971049280585,90.3387344599116,94.9164668579452,100.665677709229,91.9837410046922
2006-12-25,98.5664650430572,90.3068403190119,94.8431547129748,100.506435363652,91.9369737617751
2006-12-26,98.5371699649067,90.2707869125098,94.7709694584316,100.360818746822,91.8928874423661
2006-12-27,98.5081814087036,90.2377649337881,94.7003223462051,100.21820240559,91.8571109564814
2006-12-28,98.4793915656389,90.2061625584658,94.6401354547433,100.077066378887,91.812831485173
2006-12-29,98.4521944857665,90.17331714952,94.5725051036477,99.9387269986796,91.7635607117472
2006-12-30,98.4255993746056,90.142071983959,94.5048543890697,99.8046252781386,91.712815704723
2006-12-31,98.4013270645616,90.1120635566998,94.4457816356508,99.6747426768894,91.6646121302028
2007-01-01,98.3815745011895,90.0940742337452,94.3872981334627,99.5494989079083,91.6245445284287
2007-01-02,98.3625238223259,90.0731232102511,94.3505108013595,99.4329482238492,91.5981407080365
2007-01-03,98.3373169657843,90.0449687021052,94.3007890839869,99.3746823514837,91.5673373659049
2007-01-04,98.3113292501861,90.0104112076449,94.2456585567476,99.2819736872507,91.525852957901
2007-01-05,98.2854160455695,89.9758546647412,94.1939314020833,99.1668134852796,91.4839589785956
2007-01-06,98.2600391368489,89.9419430448927,94.1371065099102,99.0523935608373,91.4387525709856
2007-01-07,98.2348797626464,89.906964120245,94.0850882971645,98.9501082672099,91.3943826322303
2007-01-08,98.2109198208064,89.8709330645257,94.0389905899484,98.8521367767348,91.3517402776921
2007-01-09,98.1880104271974,89.8358171136563,93.9800998449606,98.7497323515765,91.3055317659089
2007-01-10,98.1670711255582,89.8018287980746,93.9170058473746,98.6508506887863,91.2533888951442
2007-01-11,98.1464653601294,89.76832600739,93.8564469036355,98.555910243284,91.2015512866226
2007-01-12,98.1250902430205,89.7362673548773,93.8090476847952,98.4676489732979,91.1558162462388
2007-01-13,98.1033043375887,89.7051995865433,93.7592394477808,98.5566015313997,91.1103034570001
2007-01-14,98.084688351091,89.6791648402465,93.7156789041686,98.6128198178183,91.0691800219193
2007-01-15,98.0690016250123,89.655977825895,93.6739711019811,98.5239792334346,91.0376053656009
2007-01-16,98.0512056448114,89.6315621055882,93.6248748018051,98.4329214283457,91.0091287322089
2007-01-17,98.0361975327007,89.608139211707,93.5708733529935,98.3419853699081,90.9695763225089
2007-01-18,98.0221659441083,89.5833830943913,93.5194498685267,98.253865949282,90.92882207003
2007-01-19,98.0086324909306,89.5614942969742,93.4705518019826,98.1662721332216,90.891175529859
2007-01-20,97.9937520811269,89.5389983467935,93.4238769766995,98.1132602984935,90.8555510550086
2007-01-21,97.9816567713916,89.5209315609251,93.377573119651,98.0559108968467,90.8210916859564
2007-01-22,97.9694202165379,89.5005719177643,93.3276581219246,97.9693297779379,90.786258030037
2007-01-23,97.9538629498912,89.477039078025,93.2803853357111,97.8858899834035,90.7500460645706
2007-01-24,97.93839923319,89.4538068933974,93.235345646412,97.8354570437887,90.7138158633972
2007-01-25,97.9268002391509,89.4291955888742,93.2697725909855,97.8856000016825,90.7341668164534
2007-01-26,97.9116390760271,89.403479779834,93.2362172518101,98.0373082326564,90.7093764932627
2007-01-27,97.8969565018903,89.3807890221724,93.1880105083341,98.5807132690301,90.6717408276316
2007-01-28,97.8816795692782,89.362367740926,93.1384152747058,98.7230860873823,90.6307124194466
2007-01-29,97.8648914317318,89.3444362680392,93.0919123886819,98.720880694583,90.591611121123
2007-01-30,97.8519455853604,89.3359186960184,93.051336052016,98.7625665917265,90.556381497049
2007-01-31,97.8644039020891,89.3983132479973,93.0194331135927,98.7730386928168,90.5238813268007
2007-02-01,97.870895079579,89.4677517976072,93.0014124249443,98.8213996883919,90.4956741527978
2007-02-02,97.862715064658,89.4496766900477,92.9656405349775,98.8229912299624,90.4596320185231
2007-02-03,97.8564431047286,89.4386320556306,92.924382083371,98.717893524746,90.4226559369722
2007-02-04,97.8416720368386,89.41966852351,92.8787463915432,98.6145971397273,90.3863249402225
2007-02-05,97.8255228910872,89.3959947996098,92.8350734122281,98.5229948751884,90.3477150691688
2007-02-06,97.8094848545634,89.3724032194758,92.8083428308127,98.4564101272004,90.3144407475152
2007-02-07,97.793542517698,89.3478985990303,92.7793932895676,98.4520304723228,90.2853596200927
2007-02-08,97.7770418896159,89.3198157525629,92.7435190963708,98.3971604688394,90.2503451902951
2007-02-09,97.7614803178792,89.2929049280499,92.7207450678391,98.3201855151064,90.2175807128366
2007-02-10,97.7444428674925,89.2664628988754,92.6907187973867,98.236523617888,90.1839203138685
2007-02-11,97.727713134045,89.2391946419988,92.6492729848696,98.1495218504617,90.1467452340729
2007-02-12,97.7110355169365,89.2125434019478,92.6031430829664,98.0996703852134,90.1085845995867
2007-02-13,97.6938259239059,89.185623405893,92.5629898742553,98.0506139868187,90.0718287256415
2007-02-14,97.6774627934822,89.1610018579462,92.5257183706791,97.9746601335858,90.0384765515216
2007-02-15,97.6615300850991,89.1374229474514,92.4881658135386,97.8935984035219,90.0063713848934
2007-02-16,97.6456990650426,89.1122037226828,92.4478818267706,97.8136294447829,89.9714778359951
2007-02-17,97.629659234772,89.0868422628461,92.4047459101547,97.7352607743553,89.9361536695858
2007-02-18,97.613754590559,89.0621050772891,92.3695311497264,97.6637786281254,89.9031226524023
2007-02-19,97.5980279412215,89.0367063241784,92.333741274242,97.6232319326795,89.8698365156248
2007-02-20,97.5828147128107,89.01183417039,92.3049020753092,97.5666836381238,89.8370610965888
2007-02-21,97.5680569414085,88.987266834057,92.2695504794899,97.4939238499008,89.8030767667126
2007-02-22,97.5538350418335,88.9632690020114,92.2307526590774,97.4249769867227,89.7699395569545
2007-02-23,97.5395950755852,88.939943338954,92.1966619570697,97.4061215046549,89.7410451463125
2007-02-24,97.5261616803119,88.917540530414,92.1777227902501,97.370246195449,89.716421071471
2007-02-25,97.5132739459311,88.8952248213542,92.1554478626362,97.3080684667304,89.6886691502202
2007-02-26,97.5018903893676,88.8762205436347,92.1323113315565,97.2719918271416,89.6621467263041
2007-02-27,97.4984985353442,88.8622041282292,92.1452425673584,97.2094650977968,89.6526929260534
2007-02-28,97.4905308469152,88.8445260572988,92.130565496597,97.1482232313524,89.6295277713901
2007-03-01,97.4794926827859,88.8248448624621,92.0986302246316,97.0872245902238,89.599565191396
2007-03-02,97.4684815870728,88.8048517479237,92.0637936927176,97.0266291347505,89.5697779289907
2007-03-03,97.4564995152173,88.7849833624607,92.0302841643668,96.965749563255,89.5407494518002
2007-03-04,97.444963316542,88.7656734089318,92.0017816121625,96.9123607979206,89.51472039784
2007-03-05,97.4338804175697,88.7469749650148,91.9771864722605,96.8591455849479,89.4888337058263
2007-03-06,97.4249094937057,88.7289859482477,91.9595763884915,96.8245043108539,89.4629484792748
2007-03-07,97.4174570601399,88.7115554936788,91.9759782759099,96.8134650342089,89.4392721213868
2007-03-08,97.4070928800224,88.6945432796722,91.9799479260674,96.8440240383526,89.4162989727824
2007-03-09,97.3966720388195,88.6770047524685,91.948874070889,96.8188842348484,89.3930639049282
2007-03-10,97.3867979237669,88.6589053446101,91.917059480138,96.8177674981097,89.3668672635466
2007-03-11,97.3768592396371,88.6415211842244,91.8982352571861,96.7998137104815,89.3421034121779
2007-03-12,97.3668023416388,88.6253417519143,91.9079992344546,96.8397666834647,89.3198436650771
2007-03-13,97.3573988072658,88.6096381848679,91.8853957927651,96.8049749002061,89.295151009559
2007-03-14,97.3485056597547,88.5940378303908,91.8610079211247,96.7433177942587,89.2705751364277
2007-03-15,97.3396254422739,88.5784260445391,91.8439172640551,96.7121587053516,89.2508223481741
2007-03-16,97.3330949805523,88.5645974637532,91.8351287411959,96.7321226985748,89.2377274600089
2007-03-17,97.3266809768617,88.5525278392642,91.8628160802265,96.8205068728678,89.2330066222343
2007-03-18,97.3203923356793,88.542507783113,91.9109018711698,97.4587822724344,89.2397000693852
2007-03-19,97.3167427609668,88.5429812755647,91.9634763313507,98.247063422349,89.2804620250648
2007-03-20,97.3193474596854,88.5532680051451,92.0242306455903,98.7357181185608,89.3469548124317
2007-03-21,97.3282143355791,88.5738354779364,92.1661383790751,99.0818595583328,89.4152195060175
2007-03-22,97.3352477401323,88.5885249531185,92.5585778129861,100.376598388719,89.5023088878097
2007-03-23,97.3296847367481,88.5866483660588,92.7963857342079,102.833167846838,89.5334542925429
2007-03-24,97.3231530515422,88.5877969107609,92.9945478475639,104.534669455126,89.8266392594519
2007-03-25,97.3146998542389,88.6023220536098,93.2262686774101,105.494313984082,90.314530115981
2007-03-26,97.3063374061489,88.5948217263004,93.2401358075868,106.095765109818,90.3367691671829
2007-03-27,97.2996319104407,88.5927009057878,93.2991531752428,106.860590757265,90.3816333094364
2007-03-28,97.296251380404,88.5973856811723,93.4586448361043,106.981468308956,90.5513584909568
2007-03-29,97.2951064122395,88.5922013303319,93.452558500971,106.918552095224,90.5503601028824
2007-03-30,97.2878889681492,88.5787643778288,93.4787845028126,107.004864088769,90.5705454976678
2007-03-31,97.2808332455906,88.5738543089046,93.9756730284261,107.682097024557,90.7307782207413
2007-04-01,97.2760147171815,88.5658399713579,94.5560964004628,108.535150851754,90.7947513013179
2007-04-02,97.2752739623159,88.5605456340736,94.8759683484176,108.93593896601,90.8198741796692
2007-04-03,97.2834937635844,88.5758248959896,95.2260496034755,109.896524773581,90.9429448607857
2007-04-04,97.3006137255176,88.6261289071248,95.7356922417442,111.381426352435,91.1772038355747
2007-04-05,97.3255752253612,88.6940855434894,97.1618466140751,113.395401779973,91.4290893606043
2007-04-06,97.3526826100781,88.7930157895699,99.7561271853016,115.41990503523,92.2482919944195
2007-04-07,97.4540499850055,89.1712974052423,102.542914983068,117.775287645997,93.6380670133287
2007-04-08,97.6814563838013,90.2665197175329,106.203243147223,119.765509599315,95.9306205928162
2007-04-09,97.8264161368411,91.9992939913061,110.135492293846,120.780366138903,99.2170727809741
2007-04-10,97.9509518575764,93.6640500846318,112.676053567385,121.126282446576,102.316826689429
2007-04-11,98.2025750155805,94.784926645972,113.136723907845,120.494242189885,103.82719812037
2007-04-12,98.4489399691487,95.3311187123622,112.351646352512,119.354280553418,104.207081501774
2007-04-13,98.5756292419747,95.5645065546955,111.60331363315,118.750721207777,104.214333122896
2007-04-14,98.7553108469896,95.6980252600523,111.486541918835,119.066768994155,104.863242594333
2007-04-15,98.9703536249584,96.111610027211,111.931315651006,119.502482858302,106.215415740845
2007-04-16,99.1851396279171,96.6709216613441,112.229562458333,119.636070769207,106.698127128175
2007-04-17,99.3719471319026,97.259990798964,112.693200621932,119.804079001747,107.436115627616
2007-04-18,99.7416721941449,98.4315791724453,113.015133808939,119.253672401305,108.44726272108
2007-04-19,100.204785718098,99.5950493515862,113.445626431238,118.572668985842,109.019141721217
2007-04-20,100.69775447896,100.95967807879,114.161398884043,117.690799517053,109.751645131994
2007-04-21,101.009121352512,102.245413237434,115.323968427708,117.153810555667,110.997611669455
2007-04-22,101.608120612588,103.422335466486,116.420354058702,116.111375968126,112.377109276441
2007-04-23,101.984302382835,104.432751254714,117.155030700942,114.801969151384,113.710266667367
2007-04-24,102.250711315806,105.598722114994,117.189657130656,113.427276826097,114.685503595604
2007-04-25,102.621102996647,107.033441316899,116.777235822877,112.244780624734,115.442191819713
2007-04-26,103.700720493206,108.37474367157,115.994487226797,111.835521151656,115.207888759093
2007-04-27,104.933119164871,109.187093032769,114.19196962245,111.656457114873,114.881688992726
2007-04-28,105.110741994809,109.181035333681,113.272178183026,111.264048877306,114.988285396967
2007-04-29,105.497629440469,108.980478072379,113.582781690061,110.243142256086,114.628710849851
2007-04-30,106.340878885425,109.51723683971,113.161810116165,109.10563713199,114.153760960997
2007-05-01,107.80896214078,110.136817424009,111.385943315635,108.300426158637,113.006300638847
2007-05-02,108.297212246307,110.163817752767,109.819987565058,109.142765732325,111.726642094929
2007-05-03,108.23385722721,109.982838251624,110.098201536437,108.717880650963,110.881652805946
2007-05-04,108.228433222677,110.182509040275,110.445790246958,108.205712427934,111.554220474227
2007-05-05,108.909151558542,111.626824381292,110.219471832364,108.345317538228,112.599893831705
2007-05-06,109.778570840437,111.53393096185,109.607054673394,107.714142153145,111.629097512355
2007-05-07,110.263255636718,110.449690761393,109.801544760591,107.332403382538,110.817508384936
2007-05-08,110.761780924012,109.436289935325,110.196278753634,108.147737691651,110.618653307099
2007-05-09,111.65197097654,109.044815667207,110.252540743801,108.578805331086,110.573503592538
2007-05-10,112.877372660298,108.767555886943,109.631164675631,108.197762532111,110.282129401707
2007-05-11,113.957264217339,108.708461076807,109.712446043912,107.911385364223,109.519871053137
2007-05-12,115.009649794493,109.047217119453,110.344083022483,108.18650765861,108.97070287966
2007-05-13,116.555705156855,109.389578675893,109.831321337119,108.89784611618,109.001732672956
2007-05-14,117.941678245742,108.857136463504,108.559364503122,108.342653220806,108.376104933037
2007-05-15,118.299529156722,108.258609770439,107.743516476236,108.536904599855,107.946206824205
2007-05-16,118.134168539318,107.689686677462,108.29803625359,108.348910062988,107.91252874546
2007-05-17,118.164888405706,107.12834406039,109.602041051505,107.59854549311,109.009145123293
2007-05-18,119.005683909208,106.758548973477,109.532998168955,106.041122025125,109.527094578941
2007-05-19,119.650207686448,106.137539345347,110.034583956752,105.447858147877,109.374153871317
2007-05-20,119.378696023845,105.881727544774,110.36780638614,105.505195142918,110.233047761125
2007-05-21,118.717206078707,105.835629941099,109.583121312401,104.828656824818,111.055703029632
2007-05-22,118.322914144462,105.358386016112,109.512062949338,104.504134877253,111.307515359321
2007-05-23,118.746785170886,104.93632012862,110.288793399847,104.821675032734,111.582883333038
2007-05-24,119.535905273714,104.843585872692,110.276804993668,106.021238174939,111.163909604602
2007-05-25,119.995916767209,104.342951079428,110.526191514484,105.940661301745,110.760638908705
2007-05-26,119.576179187882,103.334804141931,110.606498112775,105.799495569156,110.862275150762
2007-05-27,119.008792398295,102.658352727698,109.817904832895,105.488462086562,110.605069796858
2007-05-28,118.223419428061,102.126163960301,109.000424781825,104.661711387496,110.289586655398
2007-05-29,117.390203442702,101.487618009322,108.50833245103,103.723006002641,109.123853875338
2007-05-30,116.571922524672,100.842337131944,109.088088572682,103.744299180583,108.283836307128
2007-05-31,115.944686209616,100.13974410785,107.627381766537,102.31038491651,107.178884528218
2007-06-01,115.91799968957,99.4056215582262,106.812545360134,101.564229116052,106.558856442191
2007-06-02,116.09164068801,98.3844835892178,107.594402311274,100.886931068069,107.252226710325
2007-06-03,116.132376537997,97.9540136463983,107.091037652771,100.295521514674,106.512272893481
2007-06-04,116.300593166338,97.656599817015,105.947053222119,100.675185516266,105.293218816732
2007-06-05,115.80703014262,96.5022108969269,105.481067654935,101.89438227088,104.440644420928
2007-06-06,115.046544698804,95.8721770713558,105.030884608066,102.082931719933,103.698910860783
2007-06-07,114.732268557924,96.371583315531,103.759012321211,101.009882323436,102.450307491257
2007-06-08,114.058243278246,96.7064679871295,103.239753570417,100.438841285106,101.254641426884
2007-06-09,113.76440177582,95.6987470415247,102.296097503513,99.7627387881468,100.605807616296
2007-06-10,113.336876022156,94.6186351166911,102.535272822711,99.8133223117487,100.402248812645
2007-06-11,112.241412588726,93.417222187764,101.819510523083,100.566376427666,99.8805236026202
2007-06-12,111.04322976077,92.6450356118252,101.096411179529,101.039715631055,99.747172287411
2007-06-13,109.950024794444,92.9418037263356,101.215099719339,100.657091232183,99.4028480899279
2007-06-14,109.23671912132,93.4282646835734,101.011775875894,99.8112344953086,99.2007129657655
2007-06-15,108.677218715193,93.3774323164086,100.526400366113,99.1037882679709,99.4440204823447
2007-06-16,107.901883012914,92.8956450619274,102.280715724622,98.3135392311977,100.544170771595
2007-06-17,107.214445166439,92.5070979492467,103.058304407798,98.2904371886446,101.520771349947
2007-06-18,107.504601659871,92.4700037344797,103.242858206872,97.9141517591228,101.263024905272
2007-06-19,106.415606499854,91.5790574836924,103.46966526116,97.0531228816554,100.925317578982
2007-06-20,105.003013143645,90.2927323661761,102.820035111426,95.8494478854183,99.7489717812512
2007-06-21,104.026941461174,89.0796767956752,102.026317764002,95.1048173892846,98.5907886489378
2007-06-22,103.471788039845,88.2803993935875,100.924561898498,94.3502553213608,97.5628821484312
2007-06-23,102.862177180794,88.3049885457865,100.459671598727,93.1981743558994,96.8973152329528
2007-06-24,102.956974832115,87.6857496695226,100.225443287263,93.9575281183221,96.8396103046453
2007-06-25,102.312641197824,88.0734028705367,100.638087525277,94.2801285178842,97.3896687990929
2007-06-26,101.78994869849,88.6219713411383,100.215133101356,94.042487663894,96.1861349931584
2007-06-27,100.824379135232,88.4053482527877,100.257223397447,93.4101611045327,95.2836720023741
2007-06-28,99.700049275617,87.5944963308371,100.896851293195,93.2206080444925,95.1450957659135
2007-06-29,99.1121654634902,86.8590358719559,100.109012950432,94.6928356768577,95.3392702348182
2007-06-30,98.8708491476813,86.2903613156923,98.7948386614514,96.5296460430782,95.2346919555568
2007-07-01,98.5532546236421,86.6057539660638,98.452410323841,97.6605275306373,96.479571457028
2007-07-02,98.2333583840862,86.7976652541289,97.7608948684807,97.3404593847469,96.1097878420141
2007-07-03,97.6614949253167,86.1915984788064,97.444994740522,97.1946723654177,95.2938823229456
2007-07-04,97.1651819365412,85.5083332941027,96.9333943978444,97.3646006794254,94.6671980697521
2007-07-05,96.2995101149516,84.2829179389735,95.4238540917719,98.0553337849905,93.8843316206079
2007-07-06,95.6394878770645,84.506816923422,94.5760299495898,98.5540625759416,93.2431854779252
2007-07-07,95.4269809905252,85.4212080841542,93.3568191661126,97.9715074359457,93.0122382978455
2007-07-08,95.8518102079375,85.8376150644784,91.5181549528417,96.9737433738191,92.2313047819074
2007-07-09,96.9050850947054,85.0278138073929,89.7657509566188,96.7294505823416,91.4243395691766
2007-07-10,97.1278698007608,84.4545280666945,88.6987204866094,96.9762538997055,90.7775972600081
2007-07-11,96.8381783476955,84.5931063919826,87.3537595122844,97.4235833540803,89.8977903818003
2007-07-12,97.3651215055523,85.0410612145414,85.7562277328312,97.7214447221917,88.689772814514
2007-07-13,98.5884193490889,85.5181045564113,84.7457324101845,97.2143922882544,88.0656628979479
2007-07-14,99.7005924987091,85.1289827218282,83.398726623047,94.6998124739596,87.3174746578838
2007-07-15,101.208653195721,85.1002073212555,82.2022014972699,92.0589064960609,86.2801120363922
2007-07-16,101.410055942474,85.3292149287749,81.4169171511301,89.8547590880482,86.1041330973837
2007-07-17,102.605190531143,86.4217947755518,80.3145745855939,87.660867178328,86.2067928770629
2007-07-18,103.716940229949,86.3438829404146,79.9519816272424,86.532011531954,85.9096258093571
2007-07-19,104.290951373865,86.2943068524669,80.1245329269182,86.2803318617976,86.0990844539503
2007-07-20,104.101586987049,87.5121213801987,81.096870061654,86.9655290162585,87.4433617284771
2007-07-21,104.291760035849,89.8407460778766,81.6619273822402,86.7247297481217,88.8477744031765
2007-07-22,104.339175843177,89.3403154867308,82.2859635019411,87.0629357516024,89.0284917264567
2007-07-23,104.004056961891,89.7049535965167,83.3480051967815,87.2513335713841,89.1070232070846
2007-07-24,103.828756203548,90.711746990657,84.0499995725281,86.8763498191359,89.2448520242567
2007-07-25,103.078548513657,90.7545555053477,83.983293470724,87.6741940371039,89.5997150976592
2007-07-26,102.480307863745,90.0842135385372,84.9014384659058,87.9277878687644,89.1928091648958
2007-07-27,101.704550196557,88.9084102599834,84.0075514335337,87.5391226672174,88.5138574530143
2007-07-28,100.874908147792,88.6672492089805,83.1257403568526,87.3657173761512,88.0263718080939
2007-07-29,101.246042148558,88.695824721131,83.2441686476096,87.8405667892351,88.5148922020682
2007-07-30,101.199550692903,89.3507311276703,85.2741562724797,88.6990237904391,90.1679700975045
2007-07-31,101.100717875289,90.2148622746096,88.2783089402035,88.1515882271736,92.0723022659376
2007-08-01,101.053004782168,91.0933880010758,89.398491561198,88.0791800262996,92.5539219067445
2007-08-02,100.491441806101,90.4057238134186,88.4232209731321,87.4179302241446,91.2447309045232
2007-08-03,100.109128922018,89.6024549722238,88.1461297584942,86.4885619599898,91.4709527919653
2007-08-04,100.763758567293,89.5090483420476,89.3028915288392,86.7441452571268,91.7642453992683
2007-08-05,100.890803184382,90.0059075709413,89.6578014244623,86.9698510342371,92.1444708362652
2007-08-06,101.016982895227,91.8215603635673,91.2763170396192,87.198765246999,92.1600357778255
2007-08-07,101.78208878281,94.7027324600892,92.4770801601631,88.3654949624239,93.3244593170526
2007-08-08,102.326640755002,94.6711836190945,93.881801254498,90.0983260750363,94.5657434705864
2007-08-09,102.124926706618,93.2334310123184,94.6866675854571,92.1028903490023,93.7359308825252
2007-08-10,101.958674052413,92.1843267769147,95.128300579767,92.2603925364814,93.86575795584
2007-08-11,103.396526883292,92.0424179862388,95.2603608552911,92.6364991054002,93.8963888428674
2007-08-12,103.498450743067,92.4678061922838,96.3052723040118,93.9333704271625,94.9227738126101
2007-08-13,102.968790349656,92.558450879338,98.0430083801631,94.3843021146909,95.3698984624414
2007-08-14,103.058006762754,93.7101138084964,98.156718796018,93.6126822418301,95.382738587647
2007-08-15,102.819373900692,94.1260453922591,97.3439400554986,92.6437483433294,95.2878768945774
2007-08-16,102.240978288048,93.3099335188682,96.3376780007793,92.0485826876451,94.5237536657147
2007-08-17,102.244027493745,92.158615883266,96.3354210077557,91.3317924888039,93.9952214014274
2007-08-18,102.630376330422,91.0012973415912,97.0764968041546,91.0427047890261,93.6311724872731
2007-08-19,103.259306856538,90.8343200430742,96.5110131692937,90.2262249354441,93.1671255353995
2007-08-20,103.434999209533,91.294389711798,95.8729741213793,89.2506182247516,93.4151750462192
2007-08-21,103.943287957342,92.0001703558959,96.404371574794,89.6747029465445,95.2966810439732
2007-08-22,104.706191587242,92.7910834261547,97.6945169625997,90.4005654670805,96.3943480009849
2007-08-23,105.625208032119,93.369438649856,99.5537446441273,90.1250475236125,97.3317153523465
2007-08-24,105.549084610429,92.6701744321916,101.343592552545,91.6446893622784,96.8978312550212
2007-08-25,105.393610546187,92.225933322197,101.42256350493,91.4912183833885,97.2839866667893
2007-08-26,105.460677522628,91.8463951776289,100.503338356083,91.3498020324534,97.4472754744222
2007-08-27,104.961213683655,91.0725939946806,99.0370704475348,90.9198362710433,96.1611923785353
2007-08-28,104.545730931914,90.8717763855357,98.5139083922075,89.6831964183504,96.1527734014091
2007-08-29,104.359529997467,90.9260644845898,97.5906874353198,88.3904255418365,95.8010497736961
2007-08-30,104.759530028297,91.0088929774878,98.8776953372474,87.7187461446486,96.6826981739043
2007-08-31,105.364452294056,91.2494091551371,98.3008654625254,86.6037023297602,97.604954425755
2007-09-01,105.393325199368,91.3409300171977,97.6575768011777,85.7014234054556,97.5887340952656
2007-09-02,105.432997291294,91.4321709466141,96.3730053765381,84.8537740624974,96.7971319871558
2007-09-03,105.626406869551,91.196393650564,95.2204733849707,85.1838095911635,95.8294573025191
2007-09-04,105.232889706425,90.9732874255813,95.2875563039829,85.805770319241,96.4962612127528
2007-09-05,105.004241231881,91.6839438880577,94.9746691219609,86.328247957378,97.5136419443022
2007-09-06,104.901148568646,92.1193549565823,96.3190825391096,87.1130189343307,97.8505366292847
2007-09-07,104.575260830415,92.0887475430098,98.0658743764865,87.3617333236391,98.6635347549841
2007-09-08,105.076448629169,92.5106715195932,98.3983556446171,87.0803477096881,99.4957089366597
2007-09-09,105.700272610185,94.0477528119155,98.2028987451976,86.6318544695264,99.5624088551975
2007-09-10,106.573713007858,95.5171731146791,99.2010877163004,86.4535651135348,99.0698153910704
2007-09-11,107.781210566471,97.247223708732,99.3824213177368,86.2271297701401,99.8214336861819
2007-09-12,108.282617344992,96.7179050926811,99.9806519168357,86.6584298736097,100.585856713327
2007-09-13,107.487802564826,96.2417841012882,99.7621269774987,86.382495539634,100.040043529062
2007-09-14,107.505818264949,96.355149971794,99.4105333290263,86.0319741270212,99.5636265302051
2007-09-15,107.564612769638,96.7981829697776,98.9890091511702,85.7483352621593,99.6271269439578
2007-09-16,107.990528637161,98.5123823480348,99.3080399105043,85.3518330878885,100.135489471504
2007-09-17,108.577990096118,99.2109785858449,99.852649977516,85.0087200065142,101.629783320091
2007-09-18,109.838054794245,99.4489311142004,99.6771903635761,84.7947826264055,101.876931832314
2007-09-19,109.986629765653,99.4665010363137,99.4239421219713,85.1711492795382,101.516604751881
2007-09-20,109.494861499737,99.7127033205472,98.7957129174615,86.3179996981942,101.367914806995
2007-09-21,108.871515202145,99.8030732734651,98.470978574473,86.957790412912,101.539087375462
2007-09-22,108.356460343765,99.3961180128839,98.3911362683173,87.3640502721829,101.687670523062
2007-09-23,107.984865622379,98.6413905116267,98.0575381319057,87.7762857475703,101.289265270292
2007-09-24,107.869451230619,98.3009435737812,98.4660547321634,88.0639535790486,101.272929764136
2007-09-25,107.907434224806,98.5697127077625,99.9074624213265,88.4214370193263,102.606083581758
2007-09-26,107.619438651052,98.9580456550792,100.345606336327,88.6442924732784,103.359651266786
2007-09-27,107.281146106015,98.8968651555446,100.254231217249,88.5128126300363,103.394972375654
2007-09-28,107.073205584267,98.7322880464611,101.40155277136,88.3377866732494,104.543855171294
2007-09-29,106.835245332761,98.4595409465309,103.967623106654,88.3470338425834,105.322267083091
2007-09-30,106.693404688893,98.2314376177027,104.480898439611,88.7576459312533,104.800040254229
2007-10-01,106.369998099259,97.8545427793018,104.121090994545,90.7532160999472,104.410940062521
2007-10-02,106.107149599482,98.0766209279546,103.612490938752,92.8706734462975,104.581948185067
2007-10-03,105.906426334331,98.1440855629878,103.102232245935,93.3214903208826,104.587957558374
2007-10-04,105.778432088125,97.7561116861332,102.807753433754,93.1081237579404,104.166467392701
2007-10-05,105.577719658175,97.2787113361468,102.242956175714,92.8690785364955,103.574268863314
2007-10-06,105.625236521703,97.2474336114376,102.57606524214,92.9646776621111,103.792008049164
2007-10-07,105.842339734949,97.6485339730279,103.71520672894,93.2306289586456,104.415603025922
2007-10-08,105.768119872833,97.9476412326561,103.617026459213,93.6203882290896,104.273799859648
2007-10-09,105.477435915752,97.8055705597963,102.750206116208,93.1853458863034,103.576777416598
2007-10-10,105.196315731295,97.3322568829655,101.811329716202,92.5064846095811,102.835619846291
2007-10-11,104.907989764352,97.2119982051094,101.189808780528,92.0141817071699,102.569283506186
2007-10-12,104.742101196116,97.0776108559117,100.804669053016,91.6733305506361,102.398244188176
2007-10-13,104.455160707337,96.8103447173276,100.751017989328,91.5750302964904,102.292882406237
2007-10-14,104.204512567311,96.5663526329956,100.884811378496,91.4211919488247,102.208079954511
2007-10-15,103.972796556115,96.4671008225237,101.095463600432,91.7160158005632,102.217317117916
2007-10-16,103.774671234493,96.6595389494472,101.090264172093,91.7801413878744,101.972796583706
2007-10-17,103.529358082956,96.4627208977734,101.362535400405,91.6420499352935,102.082177480497
2007-10-18,103.280673015881,96.2343998299649,101.531834982297,91.6040455284892,102.097558995326
2007-10-19,103.064430591008,96.144929056521,102.052926564517,91.7550557354289,102.126970219661
2007-10-20,102.872421335793,96.0417120249955,102.585563731758,91.7728994181674,102.686884209481
2007-10-21,102.686066246018,95.9282979493363,103.143037686091,92.4035926421647,102.539394808725
2007-10-22,102.509864887087,95.8026618640477,103.355913666155,93.0168000086402,102.495998764457
2007-10-23,102.338865278708,95.6007691490786,102.882308191653,93.1669580056768,102.159142301092
2007-10-24,102.169662307871,95.4275645046121,102.760717039866,93.2994001824143,102.02363257672
2007-10-25,102.01808662939,95.3790180031964,102.315279422133,93.143104478754,102.080219536465
2007-10-26,101.892412566519,95.2628298176989,101.792412557167,92.9943639027524,101.671158634589
2007-10-27,101.719061840508,95.0116629616409,101.397665094651,93.17285548195,101.289366464025
2007-10-28,101.541369556285,94.7221169970124,100.973887565963,93.4608647279044,100.907046307488
2007-10-29,101.414137835234,94.617159488082,100.641553796398,93.5704223755847,100.601574264289
2007-10-30,101.312295360176,94.5383416798989,100.42388178744,93.7971606085891,100.410092776145
2007-10-31,101.198472389686,94.4174172651798,100.370516229169,94.0287337200235,100.392570879353
2007-11-01,101.032824732514,94.1659184283952,100.254914963595,94.0590442398217,100.361821533953
2007-11-02,100.874376215498,93.9362801065278,99.9389840711717,93.9084271968412,100.108357863031
2007-11-03,100.729631836751,93.8094504572363,99.749146609398,93.7820293108739,100.049500461594
2007-11-04,100.600293897422,93.7755877024305,99.8358011250666,93.8491344740862,100.49981769236
2007-11-05,100.486811118296,93.6419943773588,99.7724365341121,94.7337727521693,100.268288933198
2007-11-06,100.382770628006,93.4016440865301,99.5846051359602,95.3704114109406,99.8962184396576
2007-11-07,100.279216288268,93.1871812144404,99.3013778365632,95.519187374031,99.5373539763622
2007-11-08,100.166245858616,92.9957520349466,99.0958394651645,96.0650799004378,99.2284842544046
2007-11-09,100.060018283562,92.8317815282302,98.9513193487615,96.3108623291797,98.9645192352786
2007-11-10,99.9612390915109,92.6808242539015,98.7167885966581,96.0691249924489,98.7062828633802
2007-11-11,99.8543629730041,92.5251251964005,98.4524286967893,95.8583446396271,98.4423697874616
2007-11-12,99.7460813253236,92.374427426781,98.191999260095,95.6236238143607,98.1938649121881
2007-11-13,99.6419905745189,92.234555304353,97.9503544892021,95.4279216894028,97.9653621707003
2007-11-14,99.5408298583055,92.1038212216734,97.720594876285,95.2335862531769,97.7533306139549
2007-11-15,99.4433127159802,91.9820358953219,97.5065644109865,95.061051663481,97.5591628362444
2007-11-16,99.3487375799571,91.8634257979282,97.3021627250463,94.9387523044866,97.370897177103
2007-11-17,99.2568493306574,91.7444038186958,97.1184069061494,94.8766535230259,97.1922797831112
2007-11-18,99.1674202904704,91.6306159970923,96.9418967214854,94.8874569566837,97.0278628168572
2007-11-19,99.0811205886098,91.5221567849223,96.7700880871337,94.9934912534599,96.8687398953861
2007-11-20,98.9987362228342,91.421798928535,96.6111879946444,94.9460438158198,96.7203375351943
2007-11-21,98.9192599880335,91.3269145977863,96.460559918315,94.8280439517364,96.5812689310773
2007-11-22,98.8452262013193,91.2557850358782,96.3175912050978,95.0560720331575,96.4593022729921
2007-11-23,98.7821453945086,91.2293411101396,96.1815433062013,95.3237682117998,96.3519778017417
2007-11-24,98.7118629538267,91.163566281006,96.0441524407643,95.1758697510814,96.217542066438
2007-11-25,98.6397641741321,91.074056884965,95.910842784047,95.0270372741273,96.0894472242494
2007-11-26,98.5706621318027,90.9843853948735,95.7787802993434,94.8893106141454,95.9602726070267
2007-11-27,98.5023407729568,90.8970273660901,95.6601082154728,94.7605252556599,95.8379415669117
2007-11-28,98.4386126227215,90.8173137236069,95.5606045252443,94.6418792096794,95.7273253576613
2007-11-29,98.3971666320338,90.7594114549286,95.4511604616489,94.5291581836378,95.6164148269191
2007-11-30,98.3828618655125,90.7727230807076,95.3454398381641,94.4224384395224,95.5096117911713
2007-12-01,98.3483529443133,90.7861767387188,95.2414610409727,94.3193263001148,95.4022085772066
2007-12-02,98.2736882053752,90.6832089595124,95.1401000849514,94.2129496468512,95.2975592356906
2007-12-03,98.2072788458738,90.5899494860867,95.0456943108939,94.1101052867249,95.1976519137119
2007-12-04,98.1485068431819,90.5034172628831,94.9562389675694,94.012504762157,95.0981922772791
2007-12-05,98.0912525006158,90.4201894244269,94.8660103408858,93.920627342397,94.9995614797844
2007-12-06,98.0420885914643,90.3452267499553,94.7720528471406,93.8310067757426,94.904653068232
2007-12-07,97.9939557976542,90.2812177075447,94.6874853297498,93.7441984026327,94.8163362633705
2007-12-08,97.9410956238851,90.2135539942505,94.6002646703538,93.6599899600378,94.7299477534348
2007-12-09,97.8876679364432,90.1469946990748,94.5154068981871,93.5746812880133,94.647269293487
2007-12-10,97.8406298390856,90.0876616723722,94.4319426083923,93.4892976249795,94.5658599276818
2007-12-11,97.7929418843968,90.0267508239913,94.3564028467006,93.4099700083293,94.4877847195676
2007-12-12,97.7412236030824,89.9627497569647,94.2809820877364,93.334431302726,94.407559210511
2007-12-13,97.6914391924061,89.9026783669625,94.2014038712169,93.257548691914,94.3300547790539
2007-12-14,97.6417842745261,89.8457927280377,94.1342927922125,93.1876996259844,94.2598628507739
2007-12-15,97.5920706368796,89.7896033794479,94.0638136334988,93.1188534753228,94.1901030247422
2007-12-16,97.5428727249631,89.7320422480025,93.9940228399756,93.0484829383804,94.1167337033196
2007-12-17,97.4946999212605,89.6771811825895,93.9246715489731,92.9802340661919,94.0438718534254
2007-12-18,97.4467026370447,89.6194238719008,93.855186781533,92.9147104958726,93.9694010296811
2007-12-19,97.3996952298497,89.5627574941159,93.7960253009299,92.8511448442826,93.901010956996
2007-12-20,97.3545288352593,89.5088607287336,93.7448845368092,92.7861304621483,93.8383919065838
2007-12-21,97.3126660698635,89.4593663352077,93.6787714954251,92.7227423160769,93.7732852394177
2007-12-22,97.2732279043308,89.4141400820316,93.6270088863471,92.6716382438268,93.7137015442324
2007-12-23,97.233044592584,89.3697323035727,93.5869421859296,92.6137612151845,93.660562720315
2007-12-24,97.1950916486392,89.3264651243711,93.5391837630803,92.5559207335989,93.6067997591952
2007-12-25,97.1610457577247,89.2849550808296,93.4874203773308,92.4965404767925,93.5518732809614
2007-12-26,97.1278601172562,89.2406955879253,93.4292662813323,92.4411158029459,93.4924314496559
2007-12-27,97.0936313829475,89.1968685267447,93.3702867179865,92.3870157170796,93.4304712271244
2007-12-28,97.0622905936193,89.1549110326051,93.3143159731208,92.3342358616015,93.3698109040104
2007-12-29,97.0300768951416,89.116158655325,93.2586008951659,92.2788007746613,93.3120953864447
2007-12-30,97.0009367616322,89.0786952109754,93.1952237870235,92.2222975511045,93.2560911174661
2007-12-31,96.9757376177228,89.0371944532217,93.1302353465787,92.1674099493596,93.195124852416
2008-01-01,96.9463913054022,88.9985975666338,93.069125174476,92.1162253085992,93.1381905412745
2008-01-02,96.9146746112573,88.9607955861134,93.0086362939516,92.0633728194781,93.0823493770478
2008-01-03,96.8822563102354,88.9229688792757,92.9526591337999,92.0111328072495,93.0335958737382
2008-01-04,96.8495271609109,88.8866508761519,92.8987515533991,91.9606367275048,92.9907100140823
2008-01-05,96.8177252369908,88.8472999968798,92.8566197447893,91.914135663997,92.9397741840673
2008-01-06,96.7860661772546,88.8061345478378,92.809360804813,91.8735857696293,92.8830479811412
2008-01-07,96.754695377462,88.7660491787271,92.7632419560866,91.8340934704581,92.8281595417881
2008-01-08,96.7246674758561,88.7281718680643,92.723068110756,91.7971807699755,92.778623259353
2008-01-09,96.6946679991759,88.6898019770027,92.6756048528961,91.7559986493045,92.7266159428802
2008-01-10,96.6650014400935,88.6526473190844,92.6199605342718,91.7123925986561,92.6747001435665
2008-01-11,96.6361492463719,88.6154299632634,92.5657167680448,91.6683657912278,92.6240644543496
2008-01-12,96.6077313575239,88.578769093609,92.5152975789862,91.6269279223936,92.5750935827489
2008-01-13,96.5800399609121,88.5438647115679,92.4670001595575,91.5872031509084,92.530553273355
2008-01-14,96.552827556859,88.5112512453119,92.4193841384709,91.5465370089237,92.4900311408236
2008-01-15,96.5265365588439,88.4769280719681,92.3676809730918,91.5057887340263,92.4423295839854
2008-01-16,96.5016018562524,88.444434999885,92.3154095703498,91.4657002078676,92.394646680061
2008-01-17,96.4770029599021,88.4156863473306,92.2645022108931,91.4256745388815,92.3496990305227
2008-01-18,96.45371939472,88.3891747811978,92.2196553825116,91.3870103246466,92.3070581506557
2008-01-19,96.4322702261649,88.3618050723196,92.1756921320567,91.3503761642159,92.2631189504493
2008-01-20,96.4369728248937,88.3881906598331,92.1307953788671,91.3143055920389,92.2202325600485
2008-01-21,96.4281250849542,88.4118554198632,92.0862241249509,91.2800683466304,92.1797753676003
2008-01-22,96.4103237979183,88.3950857017062,92.0486302761296,91.2463620391882,92.1395329196246
2008-01-23,96.3943712615142,88.378485431294,92.0171094954478,91.2147092857342,92.1080241809494
2008-01-24,96.3757275805017,88.3517389260583,91.9771246553742,91.1817344477829,92.0729507314513
2008-01-25,96.3598260308378,88.3218407754867,91.9388323227992,91.1471174358875,92.0322607099696
2008-01-26,96.3436110098755,88.2897472279958,91.9029382614811,91.1122351366284,91.9917511810222
2008-01-27,96.3279496624518,88.2576311659358,91.8652181595361,91.077952292003,91.9489306769125
2008-01-28,96.3117991626264,88.2270340639538,91.8218379829389,91.0428522662326,91.9048267854793
2008-01-29,96.2975214660263,88.1976025904299,91.7809452004363,91.0099508940715,91.8639612427557
2008-01-30,96.2819598683505,88.1673452786287,91.7451045077794,90.9777338061315,91.8242292872613
2008-01-31,96.2638106635415,88.1359691319224,91.7034669552718,90.9453409393858,91.7803451232749
2008-02-01,96.2484261589837,88.1061462782257,91.6640307864586,90.9172139136708,91.739005541911
2008-02-02,96.2336837540854,88.0770237436257,91.6262484155973,90.88744044941,91.698094335211
2008-02-03,96.2180537645104,88.0484945664397,91.6035908008941,90.8633298470701,91.6617790960212
2008-02-04,96.202526398722,88.0196663586104,91.5719249966099,90.8365254130987,91.6217163196916
2008-02-05,96.190178547903,87.9910232347739,91.5380971117017,90.8106410463581,91.5821509299617
2008-02-06,96.1766416151032,87.9622818998872,91.5000064721558,90.7816942326457,91.54188269668
2008-02-07,96.1592363268798,87.9336691816612,91.4628539361518,90.7520517034014,91.5018490066876
2008-02-08,96.1408491386986,87.9058214724294,91.4267411375923,90.7219666985487,91.4623490494815
2008-02-09,96.1219533684348,87.8788128419692,91.3891977463757,90.6950170653192,91.4223476802022
2008-02-10,96.1034086292694,87.8523031100309,91.3569422780261,90.6679493867016,91.3850213359185
2008-02-11,96.0852330293963,87.826289226549,91.3277941336098,90.6391750592253,91.3506458762191
2008-02-12,96.0670673809416,87.8014027323226,91.2922118322732,90.6119249281902,91.3148489894795
2008-02-13,96.050111281169,87.7780748264026,91.2621775569958,90.5867691759787,91.2810744547757
2008-02-14,96.0357514866059,87.756983608155,91.2269052434222,90.5583329405124,91.2476141248836
2008-02-15,96.0197279221386,87.7378753341444,91.1894195316619,90.5417779422019,91.2171759984509
2008-02-16,96.0041070493339,87.7171484406183,91.157604547296,90.5879810338437,91.1872952503674
2008-02-17,95.9894849265154,87.6962644955487,91.1212199985616,90.5673759003285,91.1531507674919
2008-02-18,95.975629636076,87.6790172884024,91.0894724144311,90.548306077042,91.1234461407938
2008-02-19,95.961258371201,87.6639587747819,91.0612213460743,90.5302804161112,91.0931627029872
2008-02-20,95.9467170833593,87.6494263807681,91.0340925548888,90.5212143828584,91.0637107619741
2008-02-21,95.9327629653036,87.6341040440202,91.0020704667555,90.5430253447389,91.0352342034877
2008-02-22,95.9200986563677,87.6207207921106,90.9692183961185,90.5363235761448,91.0068748456438
2008-02-23,95.9101738130027,87.609262154007,90.9361089640309,90.5179482732616,90.9788176280352
2008-02-24,95.8999798916227,87.5954249374438,90.9089232619073,90.5727801655966,90.95412137341
2008-02-25,95.8914513482064,87.5789050517302,90.8787718922709,90.6457660389759,90.9290002521637
2008-02-26,95.8799512663925,87.5581625959975,90.8506850292389,90.638806017847,90.9002439026217
2008-02-27,95.8703053495856,87.5388953878173,90.8249076550523,90.7799311200124,90.8726632716485
2008-02-28,95.8595707055578,87.5197889484758,90.8137576810497,90.9071613740277,90.8472939726394
2008-02-29,95.8500106648724,87.5006548916804,90.7897132683948,91.2186229711841,90.8206475063195
2008-03-01,95.8411578309821,87.4802889890505,90.7854616456558,91.7702309246647,90.7945075445994
2008-03-02,95.8346048708198,87.4638281528023,90.8284507879191,91.9187906791633,90.79651399686
2008-03-03,95.8324716006011,87.4503751005854,90.9082450166397,91.9820235073955,90.8117220908923
2008-03-04,95.8263524832788,87.4379382195986,90.9814606576305,92.2855540702032,90.8141513934638
2008-03-05,95.8235302960034,87.4302112667652,91.0310147009202,93.2170095538255,90.8136873950801
2008-03-06,95.8224800683496,87.4424632980166,91.1209569147654,94.1286964656513,90.8515915195239
2008-03-07,95.8260906980466,87.4656539557422,91.2557052995548,94.6046275253005,90.9220533903554
2008-03-08,95.8248813348857,87.475139730877,91.3299458924999,95.3455065748912,90.9608464331155
2008-03-09,95.8190186446682,87.4824905776231,91.4366928266017,96.3299362898393,91.0204972454494
2008-03-10,95.8190225199831,87.486204649376,91.5252528714328,96.5593129113005,91.0596786034874
2008-03-11,95.8118353657484,87.4766838680044,91.6156280473172,96.7033902155552,91.1109262558783
2008-03-12,95.7986862731532,87.4582905941919,91.6303732825666,97.2643482193142,91.0944841155596
2008-03-13,95.7858329786313,87.4404049277547,91.6046348760671,97.3582080495656,91.0679092363821
2008-03-14,95.7733631924413,87.4228774067821,91.5839988489156,97.3290607513499,91.0388955488662
2008-03-15,95.7651534507309,87.4110548039114,91.6060209695801,97.5033632329555,91.0334762466178
2008-03-16,95.7617796208581,87.4047908124004,91.6700327042722,97.7396530554419,91.0573788793633
2008-03-17,95.7504894034925,87.3862950131412,91.6587859828526,98.1040387418875,91.0360770340391
2008-03-18,95.7377385173042,87.3659653442384,91.6518288960387,98.5268044672,91.0205974944469
2008-03-19,95.7313727227016,87.35291387186,91.698198461949,99.147133450464,91.0236790375908
2008-03-20,95.7225133707657,87.3430259630783,91.7461216411974,100.457254819984,91.0280342406033
2008-03-21,95.7126658178476,87.328933217551,91.7494216270802,102.124819711717,91.0219385613134
2008-03-22,95.7035851717554,87.3194074279243,91.7601156388953,104.188658203317,91.0321635370954
2008-03-23,95.701901243974,87.3273981284245,92.0672647755067,107.805646001809,91.0946412710473
2008-03-24,95.7104763279699,87.370269747533,93.5345800446814,109.869782419617,91.3314894818384
2008-03-25,95.7192966780436,87.3985712624057,93.9777821126632,109.86420477035,91.4319672795887
2008-03-26,95.7201207689402,87.4060050568062,94.3131293205718,110.389668930725,91.515494554672
2008-03-27,95.7222029943121,87.418070879313,95.1195080492346,111.268424427415,91.8000341715058
2008-03-28,95.7286207781422,87.47649288708,96.1640816515548,112.718930435449,92.2535061528475
2008-03-29,95.7297404622382,87.5409039162341,97.1838529371152,113.751425662419,92.6442940981491
2008-03-30,95.7235106866077,87.539405248197,97.6480441067248,114.065476779471,92.7827958363216
2008-03-31,95.729374207403,87.5552521920874,97.6975067417749,113.646910440342,92.8294696936713
2008-04-01,95.783681863732,87.8246196982656,97.723913245075,113.277383667899,92.8955960193718
2008-04-02,95.8359144349458,88.2666281836696,98.212514994658,113.181696930488,93.2783359986542
2008-04-03,95.867458327076,88.3953973803695,98.5422451485843,113.017119901011,93.5649852913712
2008-04-04,95.9234101084106,88.5062483038696,98.4729513776372,112.273395030193,93.6585356812112
2008-04-05,95.9899473197288,88.7526077051973,98.3543304385434,111.357697454666,93.7014957035008
2008-04-06,96.007066973862,88.7396325435362,98.1413551174358,110.251318013905,93.6945329995452
2008-04-07,95.9974409691377,88.6817236161975,97.8459087146938,109.507647266265,93.6084249114305
2008-04-08,95.9770631460845,88.6257941710673,97.6466445648715,108.927742047671,93.6031776478929
2008-04-09,95.9610478438802,88.6364196193951,97.7559256147443,108.677184887766,93.9129803469038
2008-04-10,95.9554012726669,88.8019160058926,98.6803899174445,109.272816935381,94.4815855363031
2008-04-11,95.9545237054401,89.0061966162297,98.8709437885256,109.785284375584,94.9826724941746
2008-04-12,95.978682616805,89.4295896504091,99.3572355359357,109.463473622951,95.8116117095073
2008-04-13,96.0131797385887,90.2746145743721,100.401252377131,109.132060497953,97.8917461531305
2008-04-14,96.0574325983916,91.4671375170212,100.752463508361,108.574195518393,99.3973587480473
2008-04-15,96.0947988878146,91.7166037843091,101.025831351421,107.927549319227,99.7368512388501
2008-04-16,96.1235208164559,91.6861285410275,100.866799106557,107.621715978616,99.4754306160279
2008-04-17,96.1808738350007,91.7844225777269,101.080976332807,107.683168727497,99.8705654578902
2008-04-18,96.2912258956674,91.7362440693493,101.003179598187,107.084212001046,99.8899604431721
2008-04-19,96.4201948652323,91.6542838489401,100.831225464614,106.700409664997,99.5420687225251
2008-04-20,96.4767190894169,91.8629091987651,101.539840781962,107.057843862792,99.7971036538694
2008-04-21,96.5287760186187,92.4565773218671,102.615594844832,107.790652358221,99.9090294906919
2008-04-22,96.6170670598122,93.2974754534112,103.653242004468,108.036120635911,99.8861800567453
2008-04-23,96.6889735189962,94.3596547803128,105.039332773248,107.797327969937,100.317225179951
2008-04-24,96.7232332865614,95.1027369477937,106.710932754053,107.832494290975,101.239351632174
2008-04-25,96.7421828211539,95.5359984972226,108.554766899462,108.422946160759,101.945053094111
2008-04-26,97.1487331831668,96.3198547492874,110.801899140013,108.123222631155,103.261481683126
2008-04-27,97.6054036625967,96.8902194165257,110.244030728551,107.423384261318,104.292240777822
2008-04-28,97.7784515436723,98.0558904718893,110.206259538109,107.551542217134,105.59364616008
2008-04-29,98.0914660624414,99.883566964857,110.396216977624,107.063209250473,106.846473899938
2008-04-30,98.3101464490415,101.391530260643,110.150302537649,106.9017606844,107.826799106176
2008-05-01,98.6217874690739,102.566562726463,109.697939233648,106.55288360192,108.180692821724
2008-05-02,99.1629095634446,104.219067051941,109.819642523128,106.591437053472,108.61269867569
2008-05-03,99.7602045490531,106.101741015429,110.460436274614,106.829448063833,109.21437816372
2008-05-04,100.420316863276,107.240341134834,111.001684674657,106.655511954435,109.194880273956
2008-05-05,101.041858111196,107.60653053537,111.110181528895,105.844727714063,108.743322896676
2008-05-06,101.540527686581,107.945308670751,111.261822606356,104.710369523493,108.834588557075
2008-05-07,102.316202975741,108.390914414317,112.614735352636,103.763399478788,109.642507443279
2008-05-08,103.615300221999,108.747295618801,114.415037360334,103.149783293598,111.040998534655
2008-05-09,105.7890037743,109.461429585649,114.886322815584,102.12324902507,111.890820683904
2008-05-10,108.65145102565,110.570001964954,114.615902669783,101.108495548693,112.257978367032
2008-05-11,111.563411398819,112.024905061032,113.836906163729,99.9980949458575,112.744569344444
2008-05-12,114.387801220024,112.879997133499,113.566829927102,98.7998311511759,113.54495773292
2008-05-13,116.970946888781,112.783166428706,112.858136900919,97.1695061643482,113.318911294138
2008-05-14,118.370886512135,112.531336281608,111.704699495992,95.4654745979895,113.434284818272
2008-05-15,118.970344192597,112.022529814598,110.643892858346,93.9583439823256,113.608716710342
2008-05-16,119.961401061806,111.948788687759,109.360295818895,92.6738874517422,113.38708827989
2008-05-17,120.186412860313,111.686184765861,107.954256392461,91.923296471978,112.730978494377
2008-05-18,120.172729896437,111.687803486192,106.950786247582,90.9600164215132,112.680235003633
2008-05-19,120.245870218654,111.481426932743,106.62293176049,90.3416236261741,112.555153227321
2008-05-20,120.373445644275,110.42117818366,106.677783377348,90.7132054324623,111.600303197403
2008-05-21,120.78307111724,109.628603033939,106.55737923835,91.3176077221097,111.85060757297
2008-05-22,121.163960809702,108.955236578242,106.482711700475,91.5705577954382,113.167250943688
2008-05-23,121.042024635606,108.573555104488,106.546217408678,91.6189171664408,112.947798669794
2008-05-24,120.450667255857,107.221884495614,105.787555791804,91.5821050338403,111.658049288778
2008-05-25,119.351272529631,105.864698823672,105.180553629816,91.4824142101656,110.723378522325
2008-05-26,118.030119911565,104.536551540425,104.52294780137,91.2723589836733,110.374400247848
2008-05-27,116.673367298227,103.408818456404,103.475259413285,91.9687019943167,109.509089175464
2008-05-28,115.805838949292,102.920848788326,103.004521069087,92.0436223378277,108.368920941592
2008-05-29,115.313715692787,102.817502619756,102.516035576005,91.6864313062412,107.331953980876
2008-05-30,114.714948646944,102.542621750629,102.812174931992,92.0172319710719,106.951759053204
2008-05-31,113.842167170588,101.52911076285,102.403549327451,91.8927233622969,106.794079195373
2008-06-01,113.075369244187,99.9021354761434,102.250662893812,91.6196165347231,106.333915380146
2008-06-02,111.777654112247,98.24610532853,101.257412261537,91.5753451311551,104.838931057931
2008-06-03,110.698707681538,96.9224001023873,101.189256856419,91.2970886758445,104.01043485
2008-06-04,109.861022350253,96.0901759814065,101.319652500101,91.3424169613395,102.98256956107
2008-06-05,109.028237137699,95.9622542822029,100.356274306975,92.3162657403001,101.741763122341
2008-06-06,108.350501667078,95.9870148474564,100.190214194859,94.2874700186934,100.528272729103
2008-06-07,107.792912496999,95.3912345048225,101.704034991476,95.2383734888224,100.997883999231
2008-06-08,108.099900642399,95.2752004429658,101.309473629756,94.3506110381816,101.504057452959
2008-06-09,107.670993752786,95.4150292945265,100.438502351496,93.0499279304446,101.183486122397
2008-06-10,107.214209440546,95.1888401002289,99.7942738529701,92.9940860830432,100.450258634491
2008-06-11,107.00956140046,95.2311157363053,100.616792181666,93.4199165568079,100.533317680102
2008-06-12,107.01539369963,95.6581194916486,100.924014032136,93.2646637541129,101.126822988001
2008-06-13,106.638323777772,96.1910270317144,100.604736175264,92.4108085892417,101.789817582235
2008-06-14,106.485453323323,95.5550381784532,100.523332760745,91.8204800013118,102.455491487401
2008-06-15,105.458400212841,94.3517146030473,101.57576491051,91.4041883670047,102.58470422152
2008-06-16,104.95565882646,93.7571110755904,101.326554052495,90.5466142032005,102.007191174859
2008-06-17,104.377588639251,93.0927067967644,100.406147757092,90.1106652696577,101.45065668613
2008-06-18,103.354955889435,92.639195853371,99.991017120785,89.9249858284534,100.869139602516
2008-06-19,102.606200762763,92.9638215117542,98.9235260890307,89.0150701321219,100.879087007027
2008-06-20,103.160143918985,93.0275769008904,98.6843321565842,87.434423767417,100.76290979623
2008-06-21,103.059325106399,93.0624844952154,98.5755722314991,85.8099887682329,100.324729101024
2008-06-22,101.9525119912,92.403814514371,99.3602514617255,85.1596120297691,100.81252558862
2008-06-23,101.372498669181,92.4528242451415,100.051106716176,85.2500331749575,102.26678253198
2008-06-24,100.636110469601,92.830148845755,99.5560489138317,84.0454571896113,101.849688226159
2008-06-25,100.3983071649,92.703047847357,99.6701005204386,82.8872699957682,101.387836492108
2008-06-26,99.7944980231108,92.051728081976,99.6704432405481,82.0099244205066,101.231419876285
2008-06-27,98.3303289513829,90.9162825159847,98.827123629418,81.6797473828361,100.624375196054
2008-06-28,97.253399143014,90.3669016784748,97.5626866607612,82.7384426600554,99.057411727663
2008-06-29,96.7109456427941,90.4294023080014,96.2409533278073,84.49724188686,97.5879863488346
2008-06-30,96.4858928508002,90.6312190095958,95.6968528496096,84.8438818577368,96.7477027708615
2008-07-01,97.2620734870156,90.8795234169262,95.5874062037708,84.8874474367775,97.4490320000143
2008-07-02,99.0284898159854,91.465924891186,94.784003529914,85.1939826059258,96.629989346165
2008-07-03,99.5316480468647,91.1729037781798,94.6534932442058,86.8205289581762,95.7285265634842
2008-07-04,99.8559862362161,90.6312718747599,95.2931356077525,89.0170014602839,96.0115257615356
2008-07-05,100.489430049127,90.4194247322272,97.9857318977613,90.0563139109674,98.5904098814038
2008-07-06,100.450919154546,89.8786687609647,98.763371879311,90.1019777504628,99.4704732765842
2008-07-07,101.317048899893,89.7760474718923,98.1371935960171,89.6045950989905,99.6060403194381
2008-07-08,100.550795571849,89.8973029842364,98.1382595989679,88.6241451898479,98.6732381899798
2008-07-09,100.071679378894,90.5499213111217,99.0243061367983,87.2159217691436,98.6284795856912
2008-07-10,100.278108465665,91.2115986784924,99.7805017780107,86.3397051822324,99.2342878988406
2008-07-11,100.194016760786,92.3750807518164,100.905776018175,85.7850329518549,99.4636531384777
2008-07-12,100.52975192955,92.5580912121676,100.560359716642,84.6903556270945,99.1913013898757
2008-07-13,100.20152497997,92.6030167125811,99.9780487433546,83.9076137196772,98.4766103526053
2008-07-14,99.5248845975522,92.2840167071131,99.2845182189904,83.5832044855929,97.9274130961995
2008-07-15,98.768193270049,91.6914543615354,98.3234475410071,83.1100949620011,97.682288521707
2008-07-16,97.5595088854893,90.4680839573537,96.8650796121019,82.1417753082741,97.13754505735
2008-07-17,96.5337685201548,89.53879436872,95.6223077950221,81.0439434317761,96.1439642214328
2008-07-18,95.7276561974331,89.6249469989559,94.6830033562805,80.5310289451404,95.528208105094
2008-07-19,96.0004575103266,90.6845753078189,92.7617539954668,80.4366122784696,94.5554687473682
2008-07-20,95.8818113704599,91.3327829246132,90.7884937109642,81.1125113272149,93.3174043922707
2008-07-21,96.0891741966946,91.7039777363005,89.0932776248223,81.1101586932833,92.1125926354159
2008-07-22,96.932937911875,91.7103269845222,88.8872902859355,80.9869451912801,91.4246989185614
2008-07-23,97.9290512157186,91.479097161092,89.7865220132666,80.6421253718834,91.7832185761049
2008-07-24,98.7634263183419,91.2637736559354,89.0595557078487,80.0009143810056,91.3144995411014
2008-07-25,98.6699254251633,91.1784055420388,89.0068336574412,79.2363236671113,90.9829916646778
2008-07-26,99.0794901802619,90.8600485570925,90.3344637892076,78.4315314774278,91.5839892020737
2008-07-27,100.865291821163,91.2596265440686,91.0447366171931,78.3118187891047,91.958337942989
2008-07-28,102.270324194932,92.3968908859458,90.8151509274458,79.1925939824256,91.62422225486
2008-07-29,103.525579966331,92.7570621409538,90.7893072229836,80.7544021028952,91.0985520626452
2008-07-30,103.285766482892,92.396834431531,92.255152263294,81.4862535427745,90.924997763658
2008-07-31,103.520595350096,92.4462946715373,94.9119423768345,81.7992768459199,92.1519101440627
2008-08-01,103.572247513141,93.1089488695158,95.7078009498693,81.7183764195069,93.5727668016818
2008-08-02,104.165550572417,94.023905904738,96.9866347460206,82.0475714788191,95.511949846698
2008-08-03,104.829874304925,94.7327831207613,97.5561990064877,82.4015514736106,96.5393502395687
2008-08-04,105.292263263411,94.6178572047706,96.7460105218338,82.9133139425261,96.3485651338303
2008-08-05,105.517011201183,94.7308145579935,96.0352770184571,83.3995280978859,96.2182653693583
2008-08-06,105.737600981886,94.1067484213762,97.3469778890577,83.307066582078,96.6005924515044
2008-08-07,105.973006213021,93.8931049939055,98.1690845566246,82.9196281704035,97.3821866951769
2008-08-08,105.952365630205,95.9433539516067,97.708515861522,82.0293606214778,97.7536924925809
2008-08-09,106.123120549834,96.9704967916,96.053180261966,81.4205673507834,96.3718327532991
2008-08-10,107.026354389403,96.9269493294139,95.8638258676829,81.6263552100341,95.5260068178466
2008-08-11,107.195362436056,97.2140291867984,96.4654566199462,82.2659632809034,97.1308760910913
2008-08-12,106.52396995081,96.8213769559719,95.6193150134186,81.7774783628431,96.8293991297818
2008-08-13,105.536074685587,96.1053201579931,96.0474337319033,81.3017308213981,97.1181641229813
2008-08-14,104.947408820866,95.5792613244571,97.3701087722035,80.7058344951253,97.7274678673192
2008-08-15,104.95874884729,95.492983157921,96.6218501374598,79.9618994043579,96.6955106982506
2008-08-16,104.111359781277,95.7401853487569,96.078408922168,80.0021413907374,96.2962326058926
2008-08-17,102.831211078793,95.6330032652253,96.1317504391837,81.3651371773841,95.7269088130656
2008-08-18,102.239808807665,97.0730824714362,97.4482616401358,82.5983926295984,96.3433060347401
2008-08-19,102.549905064096,98.5051946664185,97.6876149871988,84.0235839125172,96.1343437096374
2008-08-20,102.305764738568,97.760951786572,99.8994789440944,85.512933317641,97.3190134776237
2008-08-21,103.758707826098,97.7356056294692,101.193368493153,86.4930078842176,98.2212356175184
2008-08-22,104.526871215975,97.4224509958751,101.19376626605,87.1447616748248,98.0311114466129
2008-08-23,104.519454792492,97.3391162840191,100.115176858106,86.5101215089105,97.7112301917985
2008-08-24,104.752067422955,97.328745834386,99.4772264685703,86.1405133454725,98.3590980857932
2008-08-25,105.008370727798,99.7047863924408,99.7318267703129,86.2426669451646,99.4015787596209
2008-08-26,105.348071081202,99.8942555172598,99.5947117204544,86.372187490953,99.3764151590455
2008-08-27,105.714315037105,99.4073407978994,100.346879253784,86.1191952586075,100.000662537923
2008-08-28,105.822988094096,99.1099473327984,101.659889387005,85.7752841110447,100.202606780103
2008-08-29,106.524556416902,99.2130791244293,101.930660351208,85.1960074806946,100.683831693552
2008-08-30,107.126493066897,99.1816746792126,102.262457478957,85.3280798033731,100.553803090517
2008-08-31,107.141734795595,99.593107236776,102.121072461802,85.3761825807542,100.348486519235
2008-09-01,107.325297499417,99.5354976257778,101.239399332117,84.7132096457451,99.8966575338272
2008-09-02,107.042783732987,98.5262257067216,100.201151236103,83.9747816826811,99.0596844835383
2008-09-03,107.071480074936,97.9487843022437,100.323953176284,84.8108154355965,98.8252405967413
2008-09-04,108.018741225612,97.80684659478,100.248625921745,84.9703666597521,98.6550439276116
2008-09-05,108.723175537818,97.4498348991172,99.5029390845709,85.0415891066099,98.3113994436101
2008-09-06,108.486670764128,97.0886233906767,98.6860262532083,85.9661966579338,97.9756440946852
2008-09-07,109.169583890596,96.7549929935046,99.1144501978257,87.2912117169181,98.3734772825578
2008-09-08,108.989153127117,97.6474155880647,99.9709020260164,88.9254502493902,98.802629589549
2008-09-09,108.183796069725,98.132879902447,101.099345336518,91.6358552718561,99.3476843510941
2008-09-10,107.460032236249,97.9426404907442,101.896782807316,93.974215700573,99.0906624558618
2008-09-11,106.841433941659,99.0037465573432,103.004982134879,94.8542884573616,99.048910552219
2008-09-12,106.919342678617,100.03742664144,103.227020034072,94.0164521801952,98.731945191008
2008-09-13,107.215970010777,99.9235479455434,102.722860507879,93.4715475867688,98.1742835645502
2008-09-14,107.284783089441,99.6649756898144,102.174030573008,93.3133405695511,97.7027524217965
2008-09-15,107.211899419746,99.5646225047608,101.861071317642,93.8056327821435,97.8446401554604
2008-09-16,106.80473258348,99.6669910822052,103.390193990564,95.4988150077516,98.8489515562065
2008-09-17,106.808210540886,100.085022023337,103.245953214377,97.2416571532321,99.6028081235834
2008-09-18,106.973971747384,101.28918551132,102.698626478331,97.443430415823,100.074993256091
2008-09-19,107.365338210728,101.361343739909,102.091444948378,97.1994250810049,100.037811190629
2008-09-20,107.703616520364,101.521083649357,101.805265267383,97.4764607923217,99.6550671838891
2008-09-21,108.08513190867,101.75470452026,101.647031745088,97.360258484598,99.3213683324872
2008-09-22,108.066563903907,101.488661806164,101.490991118183,97.4224019342942,99.2959103594489
2008-09-23,108.205940501357,102.441218402272,102.200756130499,97.2907040993067,101.740121212515
2008-09-24,108.21349147981,103.023890917027,102.425626144052,96.5966831411554,102.674545458885
2008-09-25,108.384018706264,102.631950372201,101.727100073238,95.7848615478113,102.26519635878
2008-09-26,108.441080808856,101.947884144414,100.995238952986,95.374057293839,101.579660937071
2008-09-27,108.193611915479,101.260740980061,100.731082098244,95.718613368079,101.011246941328
2008-09-28,107.970044633125,101.098051273397,100.983567681933,96.1695839680534,101.150817981336
2008-09-29,107.890421346536,101.068568884953,101.496426753655,96.0354785554462,101.604735526376
2008-09-30,107.789243526692,100.697539300343,101.842104856133,95.7905887050236,101.965140071847
2008-10-01,107.478419401494,100.539318202243,101.72054490754,95.143070203553,102.061873934672
2008-10-02,107.272963735083,100.527661617642,101.538954910813,94.5359997316647,101.873995702192
2008-10-03,107.024781054256,100.59251900201,101.762309698288,93.9046545481104,101.963177876068
2008-10-04,106.903423029157,100.770471991379,102.275486010543,93.3226447316488,102.064960974618
2008-10-05,106.547915456461,100.647077956291,103.316646976157,93.1226935874444,102.653215951672
2008-10-06,106.386881607343,101.67315299208,104.668147548774,93.5709207581719,104.063987243934
2008-10-07,106.072297432258,101.676665076504,105.20773063808,94.0110732937688,104.124774078802
2008-10-08,105.727850723292,101.186377331514,104.849497230095,93.8501090539885,103.657030817058
2008-10-09,105.403536787855,100.661543586549,104.768894349851,93.322334334661,103.548959075213
2008-10-10,105.109580824801,100.19951362146,104.68322790502,93.3139737129658,103.705309263911
2008-10-11,104.894015097146,100.010002322049,104.446520588843,94.2853592397629,103.431067747524
2008-10-12,104.856518048454,100.140126980339,104.435278155758,94.8983730887282,103.254491827808
2008-10-13,104.641634024488,99.9348481836019,104.018656081743,94.7179053726113,102.945289729974
2008-10-14,104.378538261872,99.5613749559874,103.645957285255,95.5119680617804,102.291460437326
2008-10-15,104.121072443367,99.1971427516453,103.684558417062,97.544589230861,101.935596714675
2008-10-16,103.91454675109,98.9033081127974,103.953111270133,99.8142160808693,101.679122568824
2008-10-17,103.812296289734,98.7035871693618,104.703790850647,101.088844515082,101.455653562834
2008-10-18,103.723161099361,98.4781335265391,104.978315901053,100.872673943123,101.389468867037
2008-10-19,103.583298619814,98.2340362853762,104.372839782382,100.197408429086,101.182661617238
2008-10-20,103.379050702326,97.9823653107811,103.568306376597,99.4901011019443,100.818952426391
2008-10-21,103.152675477306,97.7059268895601,102.933798824507,98.9771496808887,100.453722451622
2008-10-22,102.937735095998,97.6344752670739,102.560963820116,98.8175939393773,100.343291218982
2008-10-23,102.78509330476,97.9049395945757,102.773987824688,98.5899940829136,100.959837594985
2008-10-24,102.597600294726,97.7369890481814,102.912432778807,98.3973570569805,101.243203807199
2008-10-25,102.394746338094,97.3659742108388,102.953831464553,98.5771748063531,101.064635964045
2008-10-26,102.213961191416,97.0552057676672,102.569124093196,98.4369450515848,100.699663666224
2008-10-27,102.051316053856,96.7883532783349,102.184634779322,98.2958191661489,100.316155075237
2008-10-28,101.892785930702,96.5854348292471,102.189345057539,98.4862534245817,100.073536384065
2008-10-29,101.764555540997,96.4912437211567,102.69895715736,98.3634044660332,100.178637754158
2008-10-30,101.617042774389,96.2625646632752,103.262467761929,98.4594206629629,100.298458473343
2008-10-31,101.473587464258,96.0093979875468,103.369882151433,98.2535665729979,100.203217062705
2008-11-01,101.327735240703,95.7646682878607,103.565969277393,98.2578608429643,100.181206519757
2008-11-02,101.185413985882,95.5368847370187,103.925467903344,98.3308616670766,100.172583649976
2008-11-03,101.054141732019,95.3587926946645,103.787744319057,99.3871437626851,99.9951210616679
2008-11-04,100.931150359383,95.204888770073,103.296192840038,100.042161861296,99.9520437331435
2008-11-05,100.808665089933,95.0098011600311,102.720743332031,100.133798156924,99.5830535824832
2008-11-06,100.692222617457,94.8235482649902,102.220895890384,99.8053368920121,99.2254387810531
2008-11-07,100.58335643684,94.6524224939358,101.79966771717,99.6296215925799,98.9160714510557
2008-11-08,100.483060474063,94.5122551590033,101.877679210122,100.421240343901,98.7265412721623
2008-11-09,100.388007932305,94.3761259487635,101.805449627297,100.358715172112,98.5685446100168
2008-11-10,100.287177345851,94.2222267224503,101.405649281253,99.84984881068,98.2918770664917
2008-11-11,100.189255466934,94.0743495504026,100.995169182581,99.3623993464865,98.0266531832012
2008-11-12,100.093470290439,93.9338467967316,100.637831668697,99.4488672497519,97.7926213472467
2008-11-13,99.9998986832888,93.8034101930647,100.463751272219,100.17287739947,97.6092309950887
2008-11-14,99.9106141917572,93.6775098254832,100.218350130861,100.29422349885,97.4007466771224
2008-11-15,99.8237985228137,93.5561722174447,99.9178382191495,100.051396002012,97.1930752776743
2008-11-16,99.7389905741714,93.4383720540459,99.6339211769623,99.7436002944042,97.0022005235428
2008-11-17,99.6570685885887,93.3258291541835,99.4464207519454,99.7170624365648,96.8220702221808
2008-11-18,99.5769235315786,93.2146270401894,99.7052470299979,100.171423477384,96.7284502267525
2008-11-19,99.4992650340774,93.106232458136,99.7921502293964,100.648331001508,96.5923249405597
2008-11-20,99.425081827255,93.0012708798144,99.8735544404064,100.590776992984,96.4339073885896
2008-11-21,99.3544509546235,92.8992568126262,99.635373515601,100.178581166309,96.2776347943808
2008-11-22,99.2855972746304,92.8010848048277,99.3986627898424,100.060863318755,96.1288750863598
2008-11-23,99.2179881246761,92.7078588916267,99.2517721644465,100.455412781692,95.9911117412578
2008-11-24,99.1515169148444,92.6193364582679,99.1463556601434,100.59383306465,95.8601053173798
2008-11-25,99.0869447066934,92.5340462251639,99.4754915230235,101.00875508269,95.8046022634138
2008-11-26,99.0247076183486,92.4563954341377,99.5066377024774,100.839633785791,95.7035282788225
2008-11-27,98.9651739980486,92.3808392420409,99.2083920048663,100.582125799065,95.5831146167918
2008-11-28,98.9062655170687,92.3074459655343,98.9777602763922,100.599905266291,95.4701819617527
2008-11-29,98.8495791896423,92.2366091809776,98.7328702525323,100.341369627217,95.3634123484095
2008-11-30,98.7941830251257,92.165979538297,98.4980053589766,99.9971202010105,95.2565439055562
2008-12-01,98.7388903028369,92.0909770224841,98.4798788108055,99.9267772932203,95.1800175452262
2008-12-02,98.6841801600452,92.0133062866974,98.3809627137555,99.7408798712823,95.0754870796153
2008-12-03,98.6299043727278,91.9366244524805,98.1718005729189,99.4612850000609,94.9592621680018
2008-12-04,98.577422693465,91.8615306711905,97.9827069321316,99.2048196052382,94.8524732763812
2008-12-05,98.5362169727845,91.7936387186898,97.8066662637542,98.9704531986552,94.7494879993214
2008-12-06,98.4893368120553,91.7286525170122,97.6530424212249,98.8988366519067,94.6510150507845
2008-12-07,98.4403043220115,91.6575467780932,97.5230353783481,99.2581892747396,94.5670828240683
2008-12-08,98.3920117713871,91.5881557208122,97.3616830125361,99.4015586335707,94.4684936592703
2008-12-09,98.3455379280067,91.5206061816185,97.2036001858032,99.4693016289589,94.3683151360918
2008-12-10,98.3009136599681,91.4540218058525,97.0488872734678,99.2850074516355,94.2703486637083
2008-12-11,98.2591892327299,91.3932896909321,96.8993117487965,99.0150576804105,94.183194350279
2008-12-12,98.2196496101393,91.3356434318727,96.7696130359526,98.772554050365,94.1048134962534
2008-12-13,98.1783326882624,91.2787024221097,96.6492313830988,98.5348366813224,94.0230334803314
2008-12-14,98.1376772878491,91.2241443895679,96.522844972731,98.3157800263406,93.9418629786913
2008-12-15,98.0985371272368,91.1688640430718,96.3954831241142,98.1118224959178,93.8581664006651
2008-12-16,98.0603770759345,91.1195578598197,96.27525054825,97.9177191724784,93.778059368162
2008-12-17,98.0217172844365,91.0691224794782,96.1657754395865,97.73523622016,93.7013446712192
2008-12-18,97.9918023323797,91.0157223388513,96.0502967793002,97.5620737759729,93.6197739616503
2008-12-19,97.9616463032377,90.9622039582861,95.938754114164,97.3998812042377,93.5392033236274
2008-12-20,97.9259293908465,90.9070342536237,95.8300035918647,97.2496048781862,93.4587724048184
2008-12-21,97.8923702045129,90.8556380499369,95.7276648919197,97.1119676501769,93.3812270681288
2008-12-22,97.8612268149899,90.8076772326984,95.6316679856084,96.9774743288205,93.3085489188905
2008-12-23,97.831452978858,90.761699683525,95.541581956084,96.8463733768039,93.2423821738111
2008-12-24,97.801475759299,90.7147109912795,95.4494390872637,96.7210701857339,93.1760183119941
2008-12-25,97.7724496613251,90.6709638206994,95.3561747417114,96.6006552109316,93.1094519167432
2008-12-26,97.7437404979652,90.6277996420633,95.270214769043,96.4870699681209,93.045251168641
2008-12-27,97.7156158296867,90.5835567032854,95.1890156141253,96.3795869843447,92.9813693369547
2008-12-28,97.6926962051564,90.5418089041282,95.112159352875,96.2743408699898,92.9211105182915
2008-12-29,97.6757809806745,90.5016226906131,95.0366727156443,96.1748823802857,92.8655524771242
2008-12-30,97.6583636906461,90.4614173457688,94.961384973418,96.0810567552292,92.8055419312471
2008-12-31,97.638209301935,90.4176728862397,94.8841013491657,95.9871572184624,92.7419481175903
2009-01-01,97.6140643592767,90.3733865531406,94.8063103537363,95.8956808127068,92.6815394857068
2009-01-02,97.5935451049369,90.3316959356987,94.7345686299438,95.8080891850086,92.6221733037261
2009-01-03,97.5762281646511,90.2916336470604,94.6635893611914,95.7226438124115,92.5633865290714
2009-01-04,97.5543580147934,90.2521473655918,94.5948818765735,95.6417120153649,92.5053891434443
2009-01-05,97.5322338545693,90.2132737585169,94.5285705906111,95.5666475314904,92.447594717575
2009-01-06,97.5101857996965,90.1737275532176,94.4612085712484,95.4906724901212,92.3884748397988
2009-01-07,97.4877144243495,90.1355205425911,94.3994280694828,95.4179148830973,92.3305626552525
2009-01-08,97.4647354894663,90.0976981290639,94.3329120678183,95.3447832672761,92.2726194955403
2009-01-09,97.4435290745045,90.0623207681777,94.2743203137395,95.2769918619058,92.2203600331193
2009-01-10,97.4258708085728,90.0284642488773,94.2179855137711,95.2121341479409,92.169891953523
2009-01-11,97.4065342373401,89.9936349391154,94.152608367476,95.1460220771132,92.1161241821405
2009-01-12,97.3871731671458,89.959643642294,94.0892514837985,95.0816184302463,92.0642716040205
2009-01-13,97.3715942528338,89.9280377969224,94.0289019891657,95.020666607807,92.0136923133357
2009-01-14,97.3551785878771,89.8980965666115,93.9725890772745,94.9602010143096,91.9660212818333
2009-01-15,97.3524815555515,89.99445322631,93.9189062369271,94.9015398376591,91.9278024400159
2009-01-16,97.3558591324568,90.1642840411544,93.860433736563,94.845161134606,91.8878628581747
2009-01-17,97.3909480124573,90.4530749060087,93.8060587469947,94.7879836953976,91.8546229245442
2009-01-18,97.3867221405631,90.4677117409773,93.7672488918187,94.7427403500608,91.9150716738421
2009-01-19,97.3690560335102,90.44444985293,93.7410326091915,94.6993963783419,91.9629986639372
2009-01-20,97.347405200143,90.4124478864941,93.6791416310815,94.6463812704582,91.9320220249589
2009-01-21,97.3262190380042,90.3699209610885,93.6186971288877,94.5912675341932,91.8855456640864
2009-01-22,97.3074158986099,90.3255781604189,93.5576392459942,94.5365945012786,91.8315760869647
2009-01-23,97.2894200691944,90.281817644774,93.4983474364459,94.4820970472365,91.77879359039
2009-01-24,97.2708349848392,90.2397993259145,93.4373356907014,94.4290294023685,91.726451383515
2009-01-25,97.2532656035979,90.1994428546119,93.3846897496718,94.3791291650662,91.6760639764725
2009-01-26,97.2356552081161,90.1608332725735,93.3350097284887,94.3313011080667,91.6276190789573
2009-01-27,97.2176726977763,90.1231637640065,93.2785944384778,94.2808870314632,91.5788380435868
2009-01-28,97.1991021446142,90.0849562974376,93.2208505529248,94.2313953933081,91.5308898371998
2009-01-29,97.179762510762,90.0476101172268,93.1664881407477,94.1834063603984,91.4890866700378
2009-01-30,97.1609904857599,90.0110001611286,93.113945696059,94.1989589012934,91.4474541378558
2009-01-31,97.1428156082684,89.9735813729839,93.0628738566599,94.2378229972311,91.4020360816296
2009-02-01,97.1246789450046,89.936727217946,93.0087373500312,94.1921538362864,91.3536304743397
2009-02-02,97.1067865435494,89.9024786825608,92.9543116944623,94.1474429171272,91.3099992396892
2009-02-03,97.0891495860521,89.8687056054633,92.9040534367167,94.1101697240363,91.2702443860451
2009-02-04,97.0716830364825,89.836204792267,92.8672736041522,94.0831426311914,91.2351782406827
2009-02-05,97.0546283208805,89.8041715408589,92.8406530500934,94.0498279956136,91.196168987718
2009-02-06,97.0384583693642,89.7743911038101,92.8021146978357,94.0090555501403,91.1574143625609
2009-02-07,97.0227847475756,89.7462198461654,92.7568690922647,93.9675856734495,91.1166292293949
2009-02-08,97.0072348274439,89.717170456848,92.7081127418178,93.9240889812251,91.0791637506999
2009-02-09,96.9919579515064,89.6880947947266,92.6592702756903,93.8857024698657,91.0400206760999
2009-02-10,96.9766812790572,89.6578563347523,92.6081423486807,93.8433549862643,90.9964491715279
2009-02-11,96.9618625429375,89.6278284204046,92.5614354309165,93.8004838424521,90.9528905966273
2009-02-12,96.9475212713537,89.5996379201201,92.511582322865,93.7594035055989,90.90947414826
2009-02-13,96.9333814319871,89.5732103998922,92.4609745142844,93.7190079917748,90.8663481295885
2009-02-14,96.9199805359102,89.5466102306071,92.4114116582794,93.6791340919861,90.8243640307046
2009-02-15,96.9082400091081,89.5217261052111,92.3624262112012,93.6402068284499,90.7849566591328
2009-02-16,96.8966165671156,89.497546961334,92.3142192779535,93.6010750827271,90.7458006431217
2009-02-17,96.8839991057438,89.4728742480195,92.2689771256132,93.5621422194403,90.7077720598671
2009-02-18,96.8710354400792,89.4478917285907,92.2260813482715,93.5264606356209,90.6707684943634
2009-02-19,96.858902541632,89.4266999679759,92.181556856102,93.4902116163421,90.6336772381658
2009-02-20,96.847301949165,89.4073832855975,92.1383843954498,93.4541963021309,90.5970487414119
2009-02-21,96.8357611500464,89.3870513837199,92.0997127559949,93.4207080864837,90.564701878385
2009-02-22,96.8235605788241,89.3630344574586,92.0613848910842,93.3899756924045,90.5299200776905
2009-02-23,96.8122391246205,89.3376085835243,92.0232747269321,93.3574019419708,90.4947783878966
2009-02-24,96.8010073055546,89.3123271941169,91.9894976725128,93.3261165758547,90.4596192180503
2009-02-25,96.7901194656465,89.2892140231183,91.9513581668518,93.293745949959,90.4243783966356
2009-02-26,96.7790920498901,89.2663741406176,91.9157004967338,93.261661877304,90.3905471988411
2009-02-27,96.7687822051297,89.2427542147712,91.8816481309159,93.2337748239689,90.3579131396541
2009-02-28,96.7622198598974,89.2228923397234,91.8502154904692,93.2101030802051,90.3271862255985
2009-03-01,96.7561332798214,89.2023012747009,91.8219691390958,93.1876771198253,90.297843302408
2009-03-02,96.7477162116823,89.1814278893686,91.7919025269883,93.1633795499685,90.2690609545971
2009-03-03,96.7378697892337,89.1596667004272,91.7643245662807,93.1456069895688,90.2382316616142
2009-03-04,96.7277656627173,89.1379180285784,91.7321317017911,93.172597024265,90.207083602554
2009-03-05,96.7203680093737,89.1175514550883,91.7012186243578,93.2565868026339,90.1753772076694
2009-03-06,96.7111094598043,89.0967284578082,91.6719731594053,93.3490929412359,90.1446960188956
2009-03-07,96.7009338382994,89.0742507935742,91.6454688629265,93.3808646245999,90.1157461408301
2009-03-08,96.690144991863,89.0507408036972,91.6099902769395,93.3841686459052,90.0837252016062
2009-03-09,96.6798552925277,89.0281322244583,91.5789865141241,93.3701589495425,90.0533081983649
2009-03-10,96.670243249779,89.0068564797922,91.5641429734633,93.3416170951464,90.0256607302029
2009-03-11,96.6602566245974,88.9844031533277,91.5301571826754,93.3124151712595,89.9932031750491
2009-03-12,96.6504422478958,88.9623057521986,91.4983478270351,93.5442386881327,89.962426947292
2009-03-13,96.6402764869904,88.9402031210056,91.4681276661269,94.2392996660238,89.9353935406138
2009-03-14,96.6310621396812,88.9189269973782,91.46765588591,94.7227573340749,89.9096379537856
2009-03-15,96.6221000765922,88.8976806368226,91.4581140628799,94.978689128054,89.8842546508989
2009-03-16,96.6129421327561,88.8759063733385,91.4682287488249,95.257644420958,89.8765993735842
2009-03-17,96.603376328418,88.853703544579,91.4752459237443,95.3386103796183,89.8666747850162
2009-03-18,96.5936974508645,88.832203505525,91.450328842497,95.312922404326,89.8408325658093
2009-03-19,96.5854889267477,88.8127609698357,91.4777580603351,95.2992872721402,89.8341046978215
2009-03-20,96.5767184623276,88.7929582857883,91.4683578685839,95.269760297549,89.814834029494
2009-03-21,96.5677457782574,88.7727080686631,91.4347848070262,95.2364868499216,89.7851946853823
2009-03-22,96.55862965263,88.7520573697377,91.4010040375266,95.2403174316692,89.7588531424046
2009-03-23,96.5500936564793,88.7321266514912,91.3774484804672,95.5349527338353,89.7375813916521
2009-03-24,96.5426365399168,88.7143345010858,91.3710498861985,96.3498383036953,89.7198509380967
2009-03-25,96.5375740868586,88.6988661271996,91.4075645157209,97.9074444566948,89.7276772626579
2009-03-26,96.5329156777033,88.6860548757081,91.4634227635569,101.162902761048,89.7408099872553
2009-03-27,96.5289383123204,88.6809014768449,91.7230532591396,105.388796501043,89.7665293220095
2009-03-28,96.5265507977141,88.6857722155542,92.2225905433359,109.387845985918,89.8188584880077
2009-03-29,96.527729654708,88.7009590117647,92.7387879914052,112.262775048971,89.9028618076234
2009-03-30,96.5300876184267,88.7244766618202,93.0488558308317,114.124297030075,89.9964772577098
2009-03-31,96.5381184637829,88.7571967867629,93.5998040514428,115.420835651857,90.165539249257
2009-04-01,96.5531939988857,88.7954543545652,95.1354236832984,116.725565560598,90.4664461972366
2009-04-02,96.5640805349318,88.8250063401303,97.5570739403038,117.691415411086,90.9037048964551
2009-04-03,96.5741723763868,88.8872210898792,101.948032140695,118.301831707667,92.2913714959259
2009-04-04,96.6705570296907,89.2087196234166,106.325062753439,118.641024144563,94.5870139945261
2009-04-05,97.0699945632097,89.9100673430106,109.574594794072,117.561731455626,97.1857766832701
2009-04-06,97.4723884652168,90.6353279275996,109.568670147596,116.195608437154,98.4170037048386
2009-04-07,97.6847377002436,91.1301546640216,109.460901783577,115.619914105401,99.3018084069338
2009-04-08,97.9377897251974,91.4556635471312,108.323059531543,115.119132151879,99.1710447780755
2009-04-09,97.9947978333561,91.4485372449539,107.345277329223,114.949365008211,98.6515642507989
2009-04-10,98.010895173774,91.4021122990313,107.017992214789,114.41886463228,98.4940080722306
2009-04-11,97.9957817763326,91.4262434051603,106.679158875541,114.05702407029,98.9469064741583
2009-04-12,97.9548369177796,91.7416794091205,106.389532111608,113.892847517447,99.9541763518746
2009-04-13,97.9289821255347,92.4907147677219,106.178728069793,113.706414163872,101.181666269035
2009-04-14,97.8949673401517,92.7350396097586,105.844057466846,113.947318146012,101.314194125016
2009-04-15,97.8908796008713,92.751453683231,106.141589285686,114.457898995552,101.130788668949
2009-04-16,97.8839468621108,92.7451844743239,107.079550573439,115.085585159183,101.171550070389
2009-04-17,97.8595364017023,93.0317734963071,107.999478307266,115.474203525656,101.957559440628
2009-04-18,97.9041198323197,93.6464003211644,108.928540970454,115.521650246003,102.965149416138
2009-04-19,98.1141176025237,94.5078316488143,109.584897559331,114.426155220024,104.070643276808
2009-04-20,98.6064392506079,95.0628921247062,109.548332775081,113.403736373174,104.625733669746
2009-04-21,99.32857265358,95.2436445884577,109.954857174456,113.048531166001,104.683415199704
2009-04-22,100.191002202106,95.5411851850934,111.358699010284,112.991892949507,105.265038408375
2009-04-23,101.127042917143,96.1722131750274,113.447346212012,112.735901194127,106.404665924593
2009-04-24,102.328972559001,97.3385204468591,114.952672823559,112.200884100049,107.656946005369
2009-04-25,103.669437318399,98.0933965748886,115.156414364447,111.727266349896,108.104179659482
2009-04-26,105.282484052144,99.6102245109375,114.959861642746,111.888524101802,108.37576294372
2009-04-27,107.138561642229,102.453874662244,114.415882143605,111.068338521621,108.244129827871
2009-04-28,108.71546268123,104.869170820581,113.370009406456,110.619114749285,107.940996763855
2009-04-29,109.343959997368,107.179983115642,112.992851421829,110.833211487539,108.314308228141
2009-04-30,109.674886803649,109.74112246715,112.820581996324,110.593464712196,110.015809003455
2009-05-01,110.139285532724,111.641404596623,112.375184901887,110.045866266278,111.174864645746
2009-05-02,110.411982680457,112.895516153248,111.414135459338,109.180210246631,111.599214078131
2009-05-03,110.249415704204,113.504898217654,111.528129195469,109.440695837858,112.349313816196
2009-05-04,110.228250780659,113.776177493598,111.003393578745,108.673304943083,113.427340176238
2009-05-05,110.097533621575,112.86826684013,109.694696531386,107.557915613389,112.833813257763
2009-05-06,109.904872566252,111.964002380611,109.225787991905,106.631644516548,111.857071904679
2009-05-07,109.65963079086,111.86495037097,110.260563853706,105.497957793975,113.009790625173
2009-05-08,109.576211581912,112.336696720262,111.097006387701,104.265163182578,113.834345096417
2009-05-09,109.686634647294,112.887065963122,111.252866581999,102.712239443793,114.321969651213
2009-05-10,109.890018104811,113.383667157498,111.242013655305,101.177902166066,114.796770133817
2009-05-11,109.710032835204,112.724606119714,111.214330567014,99.7793127491478,114.845853895863
2009-05-12,109.606384907774,111.665216819751,110.767897458831,98.2432092412163,114.062354258821
2009-05-13,109.796295828533,111.254120329072,109.170958422848,96.6779714721206,113.216128568147
2009-05-14,110.630148696739,111.18177977462,108.029598135917,95.1834381000504,113.011849224894
2009-05-15,111.336339055719,110.401723712779,108.004365051454,93.8964808235069,112.606799060468
2009-05-16,111.901012523233,109.916508562517,108.193383331878,94.1760174604955,111.977194527693
2009-05-17,112.376160973749,109.47592283584,108.411584705459,96.4121681757208,111.605496207439
2009-05-18,112.584438756711,109.111667329993,108.651769337913,98.6233796478353,110.875809640264
2009-05-19,113.332317750727,109.451069402504,107.809296745942,98.1759978151853,110.58485051673
2009-05-20,114.148659302238,109.204044509329,106.542862129692,98.8661312408068,109.948132585263
2009-05-21,114.532687656326,108.672482924371,105.737271845543,100.639487126648,109.517062139571
2009-05-22,114.094342783368,108.361868362909,105.442704472402,101.290246196401,109.380244496742
2009-05-23,113.62319141999,108.217061850632,105.812281273345,101.41239109981,109.894209765204
2009-05-24,113.4939922544,108.096423546447,105.057540267448,101.435105707928,109.755333392949
2009-05-25,113.464164149752,107.326297816893,104.850689350573,101.052512527283,109.74700111334
2009-05-26,113.298056216547,106.781695354756,105.74068672424,99.7451567032265,110.602221180275
2009-05-27,113.193957723792,106.443585008607,106.327171130118,98.4966751603824,111.398622492546
2009-05-28,113.661255201819,106.905469555424,106.162132167421,96.9235681167199,111.163615957037
2009-05-29,114.402900733505,107.212475155939,105.222344260588,95.4256712244792,110.185760906907
2009-05-30,115.03675817084,107.383726978372,104.600106014353,94.0730167409972,109.799335125726
2009-05-31,115.061976664578,107.211896916678,103.889382328122,93.7530228927307,109.658164083924
2009-06-01,114.187949005171,106.018000849905,103.307958841339,94.2763938076887,108.772367490391
2009-06-02,113.288503300863,104.666096868734,102.638883039686,94.5598718131316,107.525320326066
2009-06-03,112.143603273002,103.298078696301,101.885971156095,94.7678542141023,106.619323364258
2009-06-04,110.964445916384,102.112605666063,102.509015044753,94.6701403561774,106.049514931384
2009-06-05,110.129000765141,100.577520661304,102.748347874254,93.1239503221147,105.879245491099
2009-06-06,109.091418189525,99.6189998379495,101.890655172689,91.383154941005,104.861065678962
2009-06-07,108.236218226778,98.76938321322,100.617380995743,89.4444206070079,104.098870891985
2009-06-08,107.806035565721,97.7641576087489,98.5350011217311,87.5653690708643,102.726132590126
2009-06-09,107.089076430974,96.5168935073346,96.4077391311205,85.8596625295063,101.029956794197
2009-06-10,106.280611892069,95.0769843261673,95.0365885373729,84.4699800671292,100.181509727839
2009-06-11,105.364182811765,93.7812766947408,93.9010959827283,85.1514106359214,99.350136106815
2009-06-12,104.910303764492,93.0181910033133,93.8911438946377,87.1414240615436,98.2585664734257
2009-06-13,104.127486404698,93.2634834390424,93.8868434919085,87.2621828738645,97.1276284386148
2009-06-14,103.198043858632,93.5178948798483,94.1536609707978,87.2342742067997,96.378616911735
2009-06-15,102.763348464693,93.2528119690882,95.1383700973947,86.9549593434044,96.2178194359622
2009-06-16,102.381441092762,92.9503594097745,95.1725326650825,86.4055500129796,97.0206595699437
2009-06-17,102.146789166902,94.0238554314899,95.0592307053685,85.9965558618701,98.3480447784424
2009-06-18,101.891612089525,95.204809818386,96.790062643332,86.2905624198227,98.7558772613349
2009-06-19,101.373730481239,95.5051587880043,98.4528820236065,86.5388398833728,99.0890281421845
2009-06-20,101.14463251138,95.4968356593594,98.0171826583027,86.3169821847677,98.5461017434627
2009-06-21,100.681200773836,96.1491224878779,98.554357808747,86.6766719689792,98.8216880137349
2009-06-22,100.123476528772,96.3721021706151,99.0339782048794,86.6715334610331,98.7114391269859
2009-06-23,99.4783100810534,96.3646159529472,100.392252184093,86.9220310159009,100.86068339636
2009-06-24,99.7305382457357,98.5069991452604,100.732138823615,88.0381821101847,100.66770865541
2009-06-25,99.4370993319445,98.8891000237042,100.977263773954,88.810337232215,100.068436200722
2009-06-26,98.6548635978952,98.4553006592254,103.441189099592,89.2938385630653,101.593952387297
2009-06-27,98.2174804574064,98.5095231479497,106.516123416868,89.2749476490965,101.910160835595
2009-06-28,97.4381054755491,98.0633223629185,105.798231528404,89.2524758476549,101.715022702639
2009-06-29,96.2305208058908,97.8321905234847,105.559707892238,89.8447700976864,102.698487569179
2009-06-30,95.5451684482477,98.1191870396168,105.303819652773,91.1717786302979,104.901493399654
2009-07-01,95.6682196793015,98.2596764778451,106.140294894305,91.133779019146,106.261212041526
2009-07-02,95.9689398063318,97.7823985095954,105.288971235065,90.3356334006991,105.869843547942
2009-07-03,96.3727467145679,97.0171603616404,104.711012514666,89.6171193575654,105.779221937655
2009-07-04,97.6625354398512,96.2643132216061,104.353624031709,88.414023456431,105.699292092223
2009-07-05,98.5996241239329,95.2761928493853,101.990175379138,87.5243478094058,103.907867485659
2009-07-06,98.7907088349084,94.4896798606073,100.970699124098,86.8230882666487,102.902934591033
2009-07-07,98.2428397505169,93.7123707450953,99.9883550739124,86.7515800007095,101.035994045258
2009-07-08,97.5495791699644,92.8662564253024,98.4753104474208,86.4629828044416,99.1474558484954
2009-07-09,96.7633692907496,92.2141483248732,97.6727021516429,85.9554645801398,98.302397753569
2009-07-10,96.3912597530327,91.8934780828419,96.9003542645753,86.1895375211302,97.3284990337712
2009-07-11,95.8002956792503,90.7967514633728,95.5497952182044,87.1093385815592,96.1463218069152
2009-07-12,95.3488836720519,89.6941975936833,93.9194086200294,87.4610017065336,94.9236758332603
2009-07-13,94.0129573852502,88.3550074269391,92.9284497474854,88.4320401263462,95.4337329173866
2009-07-14,93.0346160732805,86.6992508563901,91.8596061419772,89.0141851504217,94.5066465250454
2009-07-15,92.7915711778871,86.3465821926783,89.9274037699422,88.8858055837159,92.4613841464735
2009-07-16,92.2335986325058,86.827183580425,88.363724193239,88.3227414740333,91.5644889878512
2009-07-17,91.4240414690705,86.0498180445861,88.8142696880934,88.5345162539309,91.2065690859279
2009-07-18,90.6012173990805,85.2019990282182,88.2532142362148,88.9261984328646,90.7814753404374
2009-07-19,89.6988588386125,84.6942231230707,88.4917675320059,89.7514276277549,91.51902155052
2009-07-20,88.5780141244734,84.2115471583239,89.4451013165908,90.8630926570861,91.7748922056536
2009-07-21,87.9365610791811,83.6189499947465,89.8007475938412,91.8982990797872,91.2996598369457
2009-07-22,88.1347042149235,83.2385399293226,89.4943795953916,93.3374469021452,90.8270124765731
2009-07-23,88.217280592062,82.7690186467578,88.9457139367019,93.8022846618415,90.1576205795345
2009-07-24,88.54849950179,82.3274673162448,89.8826266402501,93.37998504711,89.3028114247796
2009-07-25,89.4570863304226,82.2700203993406,90.272674369496,92.6592744636083,88.7176312657468
2009-07-26,89.8913889051658,81.8516525101127,91.6731443296011,92.0313600428008,88.3357155855677
2009-07-27,89.5660664980656,81.2119569387799,91.2352490552759,91.668782399413,87.6447538889826
2009-07-28,89.1968487339739,80.5965354272413,90.3330208210048,91.10052018787,87.3358443834554
2009-07-29,89.0978117098934,80.2043015827454,89.8222094387493,91.2181918544948,87.5192189542914
2009-07-30,89.6540091225644,80.6310322072114,89.7572653939878,92.1835990565043,87.8070433215874
2009-07-31,89.9032202912437,80.3030433512358,91.1977099627089,93.5658077592302,87.6779074179022
2009-08-01,90.6588958482976,80.002864070069,91.7854205638456,93.2894456799594,86.4549097696027
2009-08-02,91.8386052431486,80.0574694049946,90.8278043366812,93.8787060984367,85.3920266380759
2009-08-03,92.3237083873599,80.3292053168249,90.2112797364863,94.5825123871838,85.6237436420074
2009-08-04,93.1627156008335,79.6366169469873,89.3641138608437,95.5535559336209,85.2468388703348
2009-08-05,92.9826982853667,78.6205972600361,89.6086426355961,96.2818968803045,84.7700214645296
2009-08-06,93.2746580959419,78.0186079450488,90.1877970596159,96.904419786734,84.3086556688532
2009-08-07,94.1400206877127,78.3814994908826,91.4165656686498,97.8661032718198,84.5588133251136
2009-08-08,95.4631607085373,78.8855889513718,94.533262641942,97.6149519542669,85.5291682695484
2009-08-09,96.6521651463308,80.0304936885705,95.1501710342497,96.3673004538881,86.7375585088508
2009-08-10,97.8926131879328,81.5640720719337,94.6736899308879,95.2834453783334,87.3024299486951
2009-08-11,98.8360499888049,83.5820037964023,94.975156018488,95.9787230463602,88.7119092059227
2009-08-12,99.3320255804964,84.9690236124602,95.740518691573,96.2060499352964,90.9968666315489
2009-08-13,98.9604803659397,85.1452549078387,96.2644566723136,95.6131096342419,91.9640094247836
2009-08-14,99.282757500976,86.3114891314146,96.0532446416577,94.2575455348241,92.3724531058373
2009-08-15,99.4633325941541,86.8829392269638,95.0794292357637,92.6169605610814,92.1594904815504
2009-08-16,99.0252846612578,87.7011349565551,94.4844766774362,91.0452978802567,91.5574714868536
2009-08-17,98.8286926962402,88.3819232229406,94.2419410677884,90.5613586186908,90.7487982422915
2009-08-18,99.1892881879126,88.9604574310611,94.0210551139278,90.1632270784,90.8107844283011
2009-08-19,99.1037754251868,89.5175103943479,93.8360492913784,89.2440471743923,90.5103519052838
2009-08-20,98.2227509576111,89.2990682249574,92.7008354147412,88.1270295572213,89.833632035857
2009-08-21,97.2601170402273,88.9532434628355,91.5764211262133,87.5228021975848,89.9633295988183
2009-08-22,96.6896488088944,89.3716776527217,91.9490824006893,87.5726381873951,93.158523213178
2009-08-23,96.0302519605126,89.5913876471014,92.4219371203014,88.0297635661429,95.27404382148
2009-08-24,95.9269659709267,90.3629146298876,93.1745102587513,88.0825213436294,96.1523157182661
2009-08-25,95.8703708820118,90.4862908271781,93.4940731561761,87.438642197657,96.2731705347202
2009-08-26,96.2819426732084,90.7598533804365,92.8097657603284,86.5676161754791,95.9383146793916
2009-08-27,96.8692963168112,90.2067205419957,91.2431779250489,86.167858811463,94.2680714990206
2009-08-28,97.0862609535225,89.5812758530887,89.9225483684653,86.396143292831,93.157266351379
2009-08-29,97.30211144888,89.475314014636,89.3704476746797,87.7573263309672,92.3529181220865
2009-08-30,97.4673893100445,89.5082405301824,90.4018884593887,89.6516552696448,92.7457314057875
2009-08-31,97.9077653254602,90.9530879590462,91.4163493806396,91.339915794866,92.9777596742519
2009-09-01,98.6663357667578,91.7239699775812,91.2791908571456,92.3800740885145,92.4155288271569
2009-09-02,98.730313035887,91.1290596433456,91.364329454824,92.2239196070739,92.1199026771038
2009-09-03,98.5325733689876,90.64699675437,92.0577839814398,92.1727388252586,92.566684021241
2009-09-04,98.4855293070714,90.7578227933542,92.4865805285407,92.0385929716356,93.6763113551257
2009-09-05,98.8319510109232,91.0831582254184,92.0159303661016,91.4005091209349,94.5877063660386
2009-09-06,98.7690245913545,91.0697367118108,92.1475032831821,90.6350058816115,95.338007801178
2009-09-07,99.0510178616542,91.0639729354789,92.583009728152,90.6548617997526,97.3436445577004
2009-09-08,100.037199374887,93.0452928785662,92.6214084076283,90.4365205964495,98.8023067468264
2009-09-09,101.313315321247,93.8591749572558,92.186507492418,89.8886086544865,98.5153202610571
2009-09-10,101.812726562925,93.7331968231107,91.7243254506101,89.4918239775119,98.2131134068496
2009-09-11,102.491763067625,94.6594940215245,91.1148168809259,88.729831259631,98.719606241208
2009-09-12,103.121094103504,94.8414972520115,91.67547793302,88.4615467495483,98.2837737733274
2009-09-13,103.219310656441,94.7884314965282,92.3805560042148,88.297461642619,98.3353267435612
2009-09-14,103.783721825972,94.9464441013319,91.89366234919,88.0933132607678,97.7597006812904
2009-09-15,104.105532035146,94.5189288799427,91.6525685415616,87.8136321730838,97.8392023156551
2009-09-16,104.553043350981,94.1227048651883,91.9379828624684,87.9085494033975,98.5094602956055
2009-09-17,104.763346532149,94.6585131412944,92.8512301351048,89.0029754346126,99.6478958195555
2009-09-18,105.12784718225,96.188512247374,93.9347189221893,89.1357108941299,100.099104689291
2009-09-19,105.234060458648,96.3380472505376,95.313991966975,88.7079047626605,100.528871342273
2009-09-20,105.230597603381,96.6184462904639,96.9290913926605,88.6301823986106,101.288630858331
2009-09-21,105.02311737338,96.646432527185,97.1045907993052,88.4303729304598,101.389258719257
2009-09-22,104.798221734029,97.0430676194967,97.2387173943736,89.2160581588552,101.966811727687
2009-09-23,104.814674115575,97.787850410174,98.0112295229846,90.6386423912245,102.835634111568
2009-09-24,104.946200047343,98.5043099144396,98.1836544017725,90.818744640315,102.722191584672
2009-09-25,104.833379015415,98.6020734949694,98.6166836193964,91.1065952690173,102.212440678277
2009-09-26,104.676859073534,98.3464332842262,99.4352101779858,91.1307307473575,102.272470390824
2009-09-27,105.01851894964,98.7902930077773,100.748143760756,91.4656672706072,103.081164161691
2009-09-28,105.44905127594,98.7298446910171,101.246247733341,92.6917434533298,103.189150170957
2009-09-29,105.765908043606,99.2961466289263,102.567492788433,92.6420951242976,104.469604789774
2009-09-30,106.423953503591,99.6316019722567,102.154683066404,92.0052725613368,104.675834791441
2009-10-01,106.864111464457,99.6641129271531,101.279896647215,91.2601646535594,104.262114002609
2009-10-02,106.747587836348,99.3793272058775,100.950859337649,91.4303738291196,103.881673316558
2009-10-03,106.444368142549,99.0944170790906,100.242883092054,91.8527464925269,103.463133039484
2009-10-04,106.283954928214,99.2962600188032,99.8319062901964,92.8426670433851,103.105692165718
2009-10-05,105.956677758117,99.5205151756785,99.8891840014558,93.3199436320168,102.753112471623
2009-10-06,105.813285707824,99.7521357870873,100.540757106948,93.3080547172229,103.42292226443
2009-10-07,105.522240656469,99.5060497074347,100.870136156022,93.3451685843363,103.30223985442
2009-10-08,105.301438056143,99.3179062409333,100.469911386404,93.1312732822033,102.827810717379
2009-10-09,105.023502156944,99.3350457231406,99.9749176131376,92.5911326367586,102.450635951185
2009-10-10,104.852979241198,98.9890070330661,99.9574826210122,92.1889544816035,102.097485323713
2009-10-11,104.877303444679,98.5784009605312,99.476348953639,92.2034046355787,101.534634370489
2009-10-12,104.510934488423,98.2628854167784,98.9413372658598,92.3406733979617,101.106542003238
2009-10-13,104.103789829872,97.9997252734942,98.7213167034415,92.2056919751996,100.662016687696
2009-10-14,103.713317302331,97.5920665134424,98.5054773084359,92.1699827475808,100.227246505991
2009-10-15,103.308076279445,97.093479942751,98.4747336472297,92.9935816567982,99.8040997478056
2009-10-16,102.954084417132,96.6963574094613,98.3292265190164,93.7465663169081,99.587869212706
2009-10-17,102.627338931658,96.4237799766197,98.4670909868002,93.6778634120194,99.8414270801993
2009-10-18,102.32207024873,96.2206655745682,98.7965373189856,94.1673402193368,100.166099548024
2009-10-19,102.052307322364,95.8875115278144,98.7212069872668,94.5990419687177,99.9569278203746
2009-10-20,101.801167750715,95.5889339989791,98.4738256676654,95.061477522368,99.7482005428883
2009-10-21,101.626266910845,95.3411234883828,98.4534300188542,95.5427191251048,99.5654232939079
2009-10-22,101.497568406483,95.1776992788086,98.3649291822672,95.4756351240412,99.471851162774
2009-10-23,101.311581358158,94.9933448224849,98.1898347046589,95.088022393743,99.4732160626785
2009-10-24,101.113634175994,94.8496711709801,98.1252636898378,94.7911809320397,99.5442224989261
2009-10-25,100.928157216259,94.7185186070501,97.9191747873656,94.6604328104747,99.4921266894517
2009-10-26,100.74987132177,94.5243526707623,97.6193805144548,94.4100764260118,99.2655060545765
2009-10-27,100.580786268303,94.3088659223024,97.3817335368759,94.2072631638359,99.0280484273146
2009-10-28,100.419536004398,94.084878470438,97.1617654671974,94.0035639602304,98.7718503514602
2009-10-29,100.265652500967,93.8679286967862,96.9004026502024,93.8643361504411,98.4727708787388
2009-10-30,100.120889062417,93.660326914011,96.6337581488811,93.7217224207848,98.1736329308857
2009-10-31,99.9841663037062,93.462840837063,96.5610785243215,94.135331990896,97.8939362557514
2009-11-01,99.8549565359609,93.2759534153201,96.3898629989603,95.0009837719792,97.6368493713235
2009-11-02,99.7336018399913,93.1031301475541,96.1663511704897,95.8640839080848,97.4109711505473
2009-11-03,99.623776446335,92.9552554631371,96.0576990336291,97.0239871941136,97.2928363236986
2009-11-04,99.5310446682481,92.8553891657527,96.2008730621151,98.6223010815033,97.317669063277
2009-11-05,99.4478480762693,92.7550207645245,96.1953446723408,99.830112161192,97.2767794533376
2009-11-06,99.3502216611602,92.6149898057106,96.136062516639,99.8977516674978,97.093071333057
2009-11-07,99.2520508163303,92.4919173636309,95.9817483202409,99.5566578799048,96.9055288074773
2009-11-08,99.1579262887389,92.3587150312613,95.7673290019048,99.1968311074118,96.7007884943578
2009-11-09,99.0678189212936,92.2328362671811,95.5778339545496,98.8820703479287,96.5168280196511
2009-11-10,98.9833306215506,92.114771684703,95.4116271287207,98.6089829019311,96.3450790396479
2009-11-11,98.9139948854733,92.0103182428932,95.2425256505797,98.3506128913733,96.1728922115602
2009-11-12,98.8465010092469,91.9189092379142,95.0802711029692,98.1160561139345,96.0152669130749
2009-11-13,98.770827116445,91.8198932562363,94.9235508530519,97.8879676530425,95.8662013006605
2009-11-14,98.6987425917365,91.7265144979366,94.7714030388998,97.6760041713362,95.7191004911993
2009-11-15,98.629348438492,91.6311376577067,94.6239647155227,97.4752034648341,95.5734363875393
2009-11-16,98.5629383726661,91.5385413164652,94.4888546477037,97.293813712779,95.4356095170084
2009-11-17,98.4995366133489,91.4515495453943,94.3704417944798,97.1401763208382,95.3118680370986
2009-11-18,98.4374841833557,91.3633045717755,94.2507975662725,96.994335494361,95.1869620590745
2009-11-19,98.3774663351125,91.2786728057478,94.1310512595838,96.8303498348161,95.0672196277698
2009-11-20,98.3193466221725,91.1978893953352,94.0178773695284,96.6751256785186,94.9533147107003
2009-11-21,98.2629848626198,91.1194078278665,93.9070598414722,96.5572234347198,94.8378803501686
2009-11-22,98.2078606027642,91.0423151087322,93.7962774725545,96.7305041836238,94.7266195725624
2009-11-23,98.1551795050575,90.9694835484135,93.6953315433518,96.7355274319293,94.6219274916452
2009-11-24,98.1053253470092,90.9027149520027,93.6004051338766,96.6405286666988,94.5262494370355
2009-11-25,98.0575085482647,90.8403253413274,93.5018079935026,96.5108849707311,94.4350262553012
2009-11-26,98.0108405754044,90.7780867111355,93.4404024470083,96.4807392795011,94.3477990126741
2009-11-27,97.9662584094032,90.7211961051225,93.3601192808929,96.4498752622908,94.2658628438138
2009-11-28,97.9250954315053,90.6680188349204,93.2733497034538,96.3449920032564,94.1850032412389
2009-11-29,97.8848164675035,90.6166622776612,93.1883586219384,96.2522974662034,94.110913910327
2009-11-30,97.8445693112071,90.5615836277462,93.1018197692687,96.5369230195417,94.036578648865
2009-12-01,97.8060475523623,90.5087920741782,93.0201319289487,96.8905295157866,93.955046217039
2009-12-02,97.7700515429619,90.4609921898047,92.9384222359726,96.7984381114879,93.8783483986959
2009-12-03,97.7359727987968,90.4159172190151,92.8544696036469,96.6921812556507,93.8033363828809
2009-12-04,97.7034575185688,90.3699300313423,92.7830430496362,96.6013091800391,93.7240221919902
2009-12-05,97.6735015059042,90.3238260799821,92.713092723224,96.4766722072917,93.6436663550089
2009-12-06,97.6836522401958,90.3439828014568,92.6418564663281,96.3556257804565,93.568994900954
2009-12-07,97.6741382441222,90.3505441517183,92.5748512198469,96.2392110670563,93.498342526394
2009-12-08,97.6377530790641,90.2995852165756,92.5038160006649,96.1245194845647,93.4238555841745
2009-12-09,97.6026086856707,90.2495753055069,92.4294334100285,96.012537994707,93.3499876970975
2009-12-10,97.5691848414647,90.2006995800258,92.3591059579425,95.9038621150282,93.2791790577032
2009-12-11,97.5369968364969,90.1493938591285,92.2902791104162,95.8002067803934,93.2061970756709
2009-12-12,97.5056888640623,90.0979662991359,92.2227442230903,95.7009612319136,93.132918317485
2009-12-13,97.4757349902708,90.0469320862608,92.1567071509676,95.6047284620142,93.0609718747297
2009-12-14,97.4474358148158,89.9989694439633,92.0927317413277,95.5111451605206,92.992205445863
2009-12-15,97.4204329352132,89.9515386838034,92.0289081288114,95.4240520621752,92.9258632410903
2009-12-16,97.3952312318733,89.9057953427673,91.9667925497313,95.4301010597406,92.8610998593417
2009-12-17,97.371306940335,89.8641141653286,91.9074206223405,95.3667840763586,92.798886103862
2009-12-18,97.3481432790908,89.8264784462443,91.8562308080102,95.2904196541728,92.7442197410314
2009-12-19,97.3267010764872,89.7883910270556,91.808333580084,95.2161623450132,92.6912967122524
2009-12-20,97.3048253089636,89.7500532753933,91.7544526823163,95.1427641787076,92.633822729438
2009-12-21,97.294373422321,89.7308302309248,91.700094034088,95.069777700085,92.5780889348214
2009-12-22,97.2997683480496,89.7425963307919,91.6502115746528,94.9953147375097,92.5246769205622
2009-12-23,97.2820237214572,89.7135649745547,91.5938655600647,94.921949989008,92.4686475857556
2009-12-24,97.259486511779,89.6769386957992,91.5386545104461,94.8519561087303,92.415867739051
2009-12-25,97.2378688850672,89.6448417105463,91.4864679294111,94.7858130113221,92.3676625549792
2009-12-26,97.2169926543449,89.6082179246412,91.4361440758503,94.724820345518,92.3191281348194
2009-12-27,97.1963830720647,89.5715424271771,91.3857756019259,94.6633816763106,92.2713364852408
2009-12-28,97.1767384985358,89.5358778576222,91.3338540093079,94.5986937777809,92.2174255108901
2009-12-29,97.1576799926673,89.5024582575118,91.2815958888922,94.5356842003428,92.1632145619338
2009-12-30,97.1394921275365,89.4722254102887,91.2305423364457,94.4749087085546,92.109197037461
2009-12-31,97.1222068225782,89.4423823194797,91.1804923765774,94.4128373038529,92.058856306779
2010-01-01,97.1054784286818,89.4126614337433,91.1312146889802,94.3515616801611,92.0108446783601
2010-01-02,97.0888065559232,89.3816848959273,91.0816675775229,94.2917272202352,91.960653221133
2010-01-03,97.0729316794847,89.351336097144,91.033679077307,94.2342767885681,91.9115953264936
2010-01-04,97.0576175320586,89.3215446360405,90.9890119848494,94.2227240878498,91.8644958596565
2010-01-05,97.0442557165897,89.2926206646687,90.9456358613269,94.3338381706294,91.818234985216
2010-01-06,97.0349469462985,89.2672053833729,90.9031041140744,94.2864408940735,91.7748473376396
2010-01-07,97.0232645116075,89.2435271211495,90.8641762715784,94.2336100995328,91.7361782766415
2010-01-08,97.0135995676386,89.2219073083481,90.8261601092817,94.1805694891245,91.6988428161478
2010-01-09,97.0048207203288,89.1974455654387,90.789268162145,94.1301850188285,91.6617368064837
2010-01-10,96.9951222959967,89.1707558222691,90.7529273187275,94.0849784941399,91.6189420522423
2010-01-11,96.9861156728592,89.1435867786815,90.718607072972,94.0544303465737,91.5767374551912
2010-01-12,96.9775878928352,89.1170260293629,90.6958983924173,94.0975379801193,91.5355563162359
2010-01-13,96.9669474717728,89.0909828742926,90.6750000534383,94.0927625165398,91.4965088195515
2010-01-14,96.9568430200542,89.0673238151405,90.6523811057109,94.0509119167546,91.4618150918616
2010-01-15,96.9477270687871,89.0452625903162,90.6211219371992,94.0113663190522,91.4255094197383
2010-01-16,96.9388636869328,89.0232800379954,90.5882671072594,94.0031246979969,91.3914413905871
2010-01-17,96.9306158399364,89.005780411036,90.560879404139,93.9573090609702,91.3726642853125
2010-01-18,96.9218002531176,88.9877851871152,90.531253790357,93.9112295135912,91.3491513943872
2010-01-19,96.9131519600375,88.9687106777251,90.5010993087819,93.8693329900684,91.3178709875617
2010-01-20,96.9046421062092,88.9497928657878,90.4720616753153,93.829990793034,91.2849055432598
2010-01-21,96.8965088605671,88.9315969306864,90.4422509494567,93.7861480293172,91.2512167740232
2010-01-22,96.8888632088407,88.9131927085825,90.4080391986327,93.7409359740862,91.2163534321257
2010-01-23,96.8807733053078,88.8949866831063,90.3750508677119,93.6994351366762,91.1810262028797
2010-01-24,96.8731409181844,88.8798381912328,90.3395734291488,93.6553229041853,91.1455505637242
2010-01-25,96.8658959705194,88.8660098188321,90.3047466658497,93.6125227197217,91.1101989666682
2010-01-26,96.8586610456568,88.8513934856226,90.2705346156507,93.5710513666876,91.0774670406641
2010-01-27,96.8521449922374,88.8361250777107,90.2415450671992,93.5290920281902,91.0471931725542
2010-01-28,96.8463594687778,88.8209737191164,90.2075393840473,93.4868466697309,91.0136508914434
2010-01-29,96.8396198004305,88.8044621495395,90.1730457674913,93.4456064235233,90.9785276739641
2010-01-30,96.8332926312193,88.7868461654421,90.1373788392884,93.4060674334034,90.9425663408808
2010-01-31,96.8268492972284,88.7685020678821,90.1018180181469,93.3688957021286,90.906049025867
2010-02-01,96.8216245360885,88.7506454539208,90.0670254545249,93.3307752051946,90.8696860636168
2010-02-02,96.8181533342077,88.7347597878997,90.0330186147862,93.2921170715809,90.834912520269
2010-02-03,96.8139901966531,88.7188468707505,89.9999700839825,93.2547573475042,90.8017891257843
2010-02-04,96.8094072857595,88.7036425629358,89.968903918341,93.219469059648,90.7708252905058
2010-02-05,96.8039052376547,88.6876432027195,89.9417222871111,93.1871602444046,90.7437701549897
2010-02-06,96.7999044839414,88.67468648995,89.9137645719794,93.1537801566333,90.7202007890979
2010-02-07,96.796251753167,88.6680663225246,89.8858450831954,93.1196200842104,90.7000370950278
2010-02-08,96.7916268335544,88.660295712068,89.8558213483959,93.0857277657693,90.6778272615366
2010-02-09,96.786342990368,88.6520191480514,89.8267873871193,93.0534900953092,90.6540860165695
2010-02-10,96.781445620693,88.6427535764828,89.7997028925916,93.0232204550622,90.6294056511231
2010-02-11,96.7771844233194,88.6323171314382,89.7726824741362,92.9943348756912,90.6028915157181
2010-02-12,96.77274973253,88.6233461391235,89.7473616946611,92.966256562331,90.5798231316148
2010-02-13,96.7675399774349,88.6144287355443,89.7249067832356,92.9376827964156,90.5571912311583
2010-02-14,96.7630528139133,88.6087569037571,89.7010829806716,92.9083546821575,90.5350361047872
2010-02-15,96.7583008569094,88.6056183378168,89.6784244029499,92.8837000520738,90.5130691761654
2010-02-16,96.7549072002974,88.6023174879481,89.6543754382353,92.8624048346587,90.4903134086258
2010-02-17,96.7512357742207,88.5964057144656,89.6306285691401,92.8395950470772,90.4690634126233
2010-02-18,96.7465477740415,88.5894614182438,89.6122083795739,92.8158057481864,90.4496310456235
2010-02-19,96.743063564454,88.5847536839505,89.5890522514109,92.789345737702,90.4274053045465
2010-02-20,96.7471461337804,88.6016705427879,89.564522791757,92.7673401073413,90.4037762111678
2010-02-21,96.7458672259326,88.6294907838676,89.5394419399467,92.744158136628,90.379257584419
2010-02-22,96.7418137359668,88.6232175108554,89.5155715660588,92.7212637740759,90.353472609377
2010-02-23,96.7375062803877,88.6121692662394,89.4895278584519,92.6944518692323,90.3273715517577
2010-02-24,96.7328191857642,88.5995979455464,89.4640827536514,92.6713672404422,90.3017688687733
2010-02-25,96.7279757358151,88.5841729767744,89.4400460022335,92.6681054632195,90.27580283288
2010-02-26,96.7229277787176,88.5700555157008,89.4155263249413,92.6907114554779,90.2509699794027
2010-02-27,96.7187194794771,88.5586007646122,89.3911522815261,92.7024143141754,90.2297742523237
2010-02-28,96.7144903084694,88.5488219918368,89.3681443602534,92.6984815453655,90.2085609471525
2010-03-01,96.7099977715472,88.540839553587,89.3659290458361,92.7831494382383,90.1946689690713
2010-03-02,96.7055720236871,88.5360416440904,89.4901714244607,92.9638240579824,90.2804963680519
2010-03-03,96.701380355733,88.5362899319856,89.7060203145848,93.1852919115413,90.634249350822
2010-03-04,96.6973043311431,88.5518442312079,89.9289840940462,93.4442946645136,90.9972477976284
2010-03-05,96.6938959638014,88.5491151169378,90.0176498822065,93.5427711605134,91.1470963824164
2010-03-06,96.6916386402617,88.5432769955482,90.1644884339863,93.6858344053289,91.2798055689555
2010-03-07,96.6894190920726,88.5365746273769,90.3105878000368,93.8116679470625,91.4941173835644
2010-03-08,96.6862042705776,88.5440371370012,90.4632622763827,93.9892170206238,91.8242291839976
2010-03-09,96.6829025874077,88.543078224681,90.443673025887,94.2413590159664,91.8405779162298
2010-03-10,96.679490132524,88.5307348074888,90.3878723543721,94.1981275821407,91.7755654746482
2010-03-11,96.6760816441612,88.5203839229085,90.3324923592269,94.1358263959233,91.7115139953472
2010-03-12,96.6727383186155,88.5112675030045,90.2853343667053,94.095309594955,91.6609662694577
2010-03-13,96.6698204973339,88.5025182459661,90.2607038993925,94.0489167338491,91.6484718961183
2010-03-14,96.6670782240542,88.4988487042649,90.2216276105307,94.0095523295984,91.6597537861208
2010-03-15,96.6647803333594,88.4983011216454,90.2577826700538,94.0502317161264,91.7818949870766
2010-03-16,96.663956107837,88.6002485158268,90.45373740001,94.282852433105,92.4709018735468
2010-03-17,96.6614924082723,88.6281601821406,90.4977520987151,95.2491157724076,92.6589744599409
2010-03-18,96.6597284802668,88.6235381273997,90.530210616537,95.8881783149836,92.6372047678794
2010-03-19,96.6576400177387,88.6141751362146,90.4934270917424,95.7953288724449,92.5435119855971
2010-03-20,96.655272443123,88.6026740411981,90.4289250113501,95.7363314663641,92.4430249369148
2010-03-21,96.6523314745736,88.5904232095741,90.3738113182587,95.6755562625225,92.3451637376384
2010-03-22,96.6503075366352,88.5771692553863,90.3219400595477,95.6242418438423,92.2498678452534
2010-03-23,96.6477025879281,88.5634217557679,90.2689530791193,96.3359866544784,92.1619702216853
2010-03-24,96.6449911916524,88.5491892325466,90.2737917732294,98.137346476135,92.0801758174951
2010-03-25,96.6418650734239,88.5347044882788,90.4096695966594,98.8540623358096,92.0067444022049
2010-03-26,96.6391243504693,88.5218277216806,90.4439964571924,99.3871316749184,91.9454578052987
2010-03-27,96.638094228234,88.5120657913204,90.509445165758,99.7544669910682,91.9131585979157
2010-03-28,96.6394261039984,88.507493660748,90.77848379661,99.9142673244109,92.0543324666254
2010-03-29,96.6381829510766,88.5458489818411,91.0649367238936,100.15398553919,92.7433925841029
2010-03-30,96.6356311720799,88.7201254489463,91.2014415423588,100.54044876278,93.2331624881127
2010-03-31,96.6333500636425,88.830902627373,91.6536695911931,101.522222112374,93.694967944295
2010-04-01,96.632813239482,88.8435391233167,91.8217371188769,103.247825306281,93.6191888434992
2010-04-02,96.6313657326173,88.8507746495704,91.9085429532684,104.612658740182,93.6143486669655
2010-04-03,96.6325496398618,88.8697978479039,92.4425359229381,106.056326500251,93.7526795781737
2010-04-04,96.6318320789532,88.897777980405,92.7510088082965,108.329015259275,93.8700709969658
2010-04-05,96.630234124605,88.9421324851439,92.7332535114942,110.016427659923,94.0426410051208
2010-04-06,96.6313859603611,89.1701271829894,92.6980874904524,110.109058990996,94.361755310127
2010-04-07,96.6331096498284,89.485878148825,92.6244962687791,109.38420683072,94.629794273809
2010-04-08,96.6303217824833,89.8436901147202,92.5658955383881,108.974924425234,94.7881427869496
2010-04-09,96.6291822794247,90.191926109347,92.6530303539391,109.070876992232,95.0941091503432
2010-04-10,96.6273015131853,90.3397773105542,92.8752182645211,109.110939855853,95.2964385010396
2010-04-11,96.6242054837089,90.3296579721015,93.0774098609881,109.178500403786,95.0809384350673
2010-04-12,96.6229921888139,90.3040654271443,93.1631098764342,109.23289603377,94.8205523245379
2010-04-13,96.6493328559559,90.4252096138469,93.1125646756915,109.793618204773,94.6597716382543
2010-04-14,96.6803120196283,90.9240110104394,93.2542167981926,110.782878890315,95.0769798387167
2010-04-15,96.7063332083172,92.0524875850294,93.7051881213016,112.088387346111,95.9115927738139
2010-04-16,96.7606525053934,93.3495363498493,94.527071995905,113.730660747254,96.8976967387275
2010-04-17,96.7969352617756,94.1747543434779,95.5873881817788,114.235215193002,97.4931987771821
2010-04-18,96.9511561515243,94.9820460723417,97.1864102203612,114.625395147379,98.2164724118924
2010-04-19,97.2965133598035,97.3609973615759,99.9934563452314,115.197011093637,100.334758474324
2010-04-20,97.7960170495278,100.845034742165,102.730881412327,115.940372030649,102.376125618268
2010-04-21,98.4945963632799,103.750210750029,106.172825339241,116.41242282001,104.379415315514
2010-04-22,99.2441485376266,104.756334337265,109.167398682022,116.01789472937,105.155998294046
2010-04-23,99.8283528364278,104.855684460756,110.109957483641,114.463922772312,105.770306674992
2010-04-24,100.157607195097,104.90942896032,110.557152791294,113.30339454366,106.6819823531
2010-04-25,100.282997689101,104.77125205896,110.420301920904,112.297957155092,106.796520020628
2010-04-26,100.472186416945,104.861317719162,110.957982638434,111.237540089736,107.169243126857
2010-04-27,100.908604017661,105.545173790545,112.59917940811,110.378769683948,107.959598484859
2010-04-28,101.640449970213,106.789029435638,114.500767643241,109.862594000274,109.192987653461
2010-04-29,102.768403187768,108.415218558818,115.821459432349,110.505626853657,110.64879343147
2010-04-30,103.827672358165,109.612761009866,116.365955839511,109.68268685678,111.759357736467
2010-05-01,104.247537072205,109.935256234609,115.94875087299,108.528522893,111.839988741172
2010-05-02,104.345236433126,110.0277599962,115.561161126465,107.566585500734,111.76564425321
2010-05-03,104.504322928046,109.299458989363,114.708158429967,106.606809683754,111.230994455793
2010-05-04,104.741562751762,108.260196315474,114.134668199303,105.891399713713,110.998257063489
2010-05-05,105.386532563149,107.78474422249,113.980158964328,104.850858219544,110.993868778426
2010-05-06,106.13613394046,107.777415527649,114.313732225548,103.700728681493,111.484653787534
2010-05-07,106.971479818227,108.00351601837,114.697290799138,102.275429089403,112.372395344383
2010-05-08,107.958883871149,108.087142644717,114.548737020273,101.404592791685,112.455506279885
2010-05-09,109.227567575654,108.067155602611,113.070190371516,100.041846104811,112.083478203642
2010-05-10,110.578030189109,108.031704793447,111.478076285674,98.5414042078661,111.673727988196
2010-05-11,111.479956314929,108.163377946798,110.543867861659,97.3026966969093,111.23580356366
2010-05-12,112.192542650468,107.80155497471,109.916211382357,96.7405625000208,110.59560481327
2010-05-13,112.685054578505,107.357019357787,110.150653521165,96.4755729418849,110.260384369746
2010-05-14,113.136279888964,107.033894273155,109.817350810765,95.7177900654979,109.57154914277
2010-05-15,113.441344635392,106.3761725086,108.758420742984,94.5294734713744,109.111652584631
2010-05-16,113.320592135229,105.699537831988,108.651795888069,93.9529722457509,108.929914344183
2010-05-17,113.536802605706,105.820045340059,109.079829565471,94.3170174573055,108.67630144786
2010-05-18,113.870665405105,105.462071497484,108.031752795896,93.790935348261,107.987242277307
2010-05-19,113.633630025086,104.348171520099,107.248757874672,93.3651725830287,107.740985927463
2010-05-20,113.523137289732,103.796721639235,106.66341116949,93.4322968213684,108.125177811799
2010-05-21,112.980822785176,103.373239558969,105.952345153099,94.2898864913066,107.986696613623
2010-05-22,112.499401937934,102.58581510012,105.96445563403,94.640996339691,108.002748059077
2010-05-23,112.150179136779,101.811731393091,106.4901469983,95.2223743120557,107.857624426214
2010-05-24,111.964430696181,101.552493870026,106.521294806414,95.38000451527,107.456958328158
2010-05-25,111.283089377252,100.745660619,105.89931484402,94.6726057777466,106.68274126188
2010-05-26,109.930559694374,99.5138053727915,105.557657284205,93.3828138208371,105.926857098451
2010-05-27,108.965424742814,98.3333158157497,105.094682694729,92.235595490373,105.238190975239
2010-05-28,108.82635464814,96.8057037709379,103.586879297871,92.8482545396885,103.863902265888
2010-05-29,108.264010813592,95.147164768795,103.09420153119,94.2409554960625,102.515485120939
2010-05-30,107.712677974259,93.6212708788482,103.54946850892,95.6557899949981,101.6896284877
2010-05-31,106.704192447578,92.5045700357894,103.390548075466,95.3947183558985,101.049012884689
2010-06-01,105.550513911994,91.4722551272749,102.157772443605,94.6338753988607,99.654828378604
2010-06-02,105.17283400848,90.5894215376425,101.251583991902,93.6346193568014,98.4240929760146
2010-06-03,105.005617593403,89.6506630960994,100.119650515342,92.4834700474453,97.47322400422
2010-06-04,104.951626005095,89.8042416889266,99.3665565781973,92.4776986215644,97.2728633701941
2010-06-05,104.807960446082,91.1077157961359,99.4487461556496,92.4229662614199,97.096031515896
2010-06-06,104.652118821188,92.1110811106477,99.4508748947992,90.6690707049516,97.6348245558134
2010-06-07,105.022233217356,92.3141936334522,99.5969286521789,88.8713535613293,98.6236332292552
2010-06-08,105.365202639495,91.9854954884585,98.8118720526661,87.6681543387757,97.70842037402
2010-06-09,104.568867001369,91.365976562184,97.5638480198876,87.2841586263156,96.2708707099546
2010-06-10,103.431125669335,90.6014994649729,97.3775174485068,87.0979030158291,95.5757399327962
2010-06-11,102.715739866813,90.0755602645776,97.1088687083034,86.4107309008823,95.4912181108715
2010-06-12,102.186128237959,89.8103702600437,96.668387911453,86.2542844012701,94.9354751298164
2010-06-13,102.41154407176,90.4854179809883,96.5343733357438,86.5507339293213,94.6494748531634
2010-06-14,102.095888330608,90.8428452046653,97.8739223835269,86.1945038535648,94.6069449433823
2010-06-15,102.091388441227,91.2379829539728,98.633993620411,85.2956278234789,95.2897156400728
2010-06-16,101.073347183835,90.3985249956391,97.6680054938002,84.3914279530645,94.0767572482358
2010-06-17,101.402239390036,90.0933450120483,96.5099016682464,83.2601328817312,93.0202344388572
2010-06-18,101.802749025057,89.9729864253543,95.7037390578595,81.988822752513,92.6960685092012
2010-06-19,101.896006674852,90.4495924670618,94.1472111639177,80.7221014915279,92.3835722946857
2010-06-20,102.346352256783,90.2927440759012,92.6568563200143,80.5463913590762,91.334048147459
2010-06-21,102.198302523274,90.2320502912197,91.4862073754234,82.5133861069926,90.1916905263273
2010-06-22,102.023253012523,89.9409083253023,91.2507319046611,84.4001080321036,89.9510456068679
2010-06-23,101.361687892176,90.1131265170481,91.8714046766042,84.0762767612843,90.0888695883017
2010-06-24,102.125401966952,90.7598928815434,91.5852765648245,82.9858987489594,91.4504748015325
2010-06-25,102.365948945802,90.2094721717645,91.7505815403711,82.8720485564458,92.1076130309943
2010-06-26,102.206121527282,89.9514563659618,91.7557259044499,82.3518626663942,92.6323462161349
2010-06-27,102.202758500756,90.7434149671925,91.5215343253793,81.8231124441892,93.0568811615437
2010-06-28,102.381577908956,91.2044461923173,90.9169541147934,81.5640887398762,93.3634005438651
2010-06-29,102.211860167122,92.0526558682401,90.5917336422451,81.2642127798443,94.0433643303176
2010-06-30,102.445551618347,92.9369102051093,90.0173672341216,81.2152339561027,95.0262089316643
2010-07-01,101.986227707839,94.7981618407927,89.6673957926324,81.4518564890106,96.7834044815548
2010-07-02,101.599677915797,95.947605109181,89.5711400663524,81.7219760606333,97.5276712896654
2010-07-03,100.939522149459,96.0918334404528,90.2194096091544,81.2924695834544,98.3483095842541
2010-07-04,99.6571734224235,97.0264726989832,90.8055838121877,80.5799932015675,99.2166317015578
2010-07-05,98.5175042102473,97.0089562733634,91.807827829931,81.2194916949659,98.9611613094717
2010-07-06,97.4619411297651,96.1619964913433,92.8906124442467,81.9172168202204,97.9417480052821
2010-07-07,96.6274584979521,94.4245687265319,92.3800080778274,82.1683010167092,96.7800159909574
2010-07-08,95.9186000443147,93.0061684141419,93.1002520077971,82.11924411853,96.1933978706737
2010-07-09,95.4257231628372,91.991102820949,93.3580489444353,82.1798847669118,95.5383241211472
2010-07-10,94.6790349932262,90.0382773429769,92.4566015860321,82.6471969581945,93.9892694451062
2010-07-11,94.0117844390628,89.0509850541513,91.6340681082603,83.3032942906299,92.542041172161
2010-07-12,93.4963503130811,88.8173924627987,92.0705203198131,84.0134693570121,91.9427735725843
2010-07-13,93.0788487037522,88.4571388725229,93.7736584090612,85.5416163460851,92.6838950854644
2010-07-14,92.5071035049328,88.2085852474996,93.9313692148873,85.8407653156353,93.0012289639854
2010-07-15,91.5145468233996,88.8819701430578,93.7933760713589,85.0687234015756,93.3512911415157
2010-07-16,90.640818015042,89.8441678251419,92.9474179465162,83.9998185671349,93.3610995638682
2010-07-17,90.4852545553472,90.452275343487,92.15297125107,83.3352192985299,93.75077124142
2010-07-18,90.8225976336486,90.3204033188845,91.5017861477576,83.6104803191713,93.4040343612578
2010-07-19,90.3343246873609,89.6787002342072,91.246300948194,84.624181429469,92.1226189850479
2010-07-20,89.8317904493367,89.5024952868341,90.9554249839311,84.2146508736396,90.9402051275917
2010-07-21,89.6893664379338,89.4271460873635,90.663259246991,83.596824111742,89.9981969628107
2010-07-22,90.0725481067615,90.6841372610297,90.3774273635239,83.3224895587016,90.1166172722814
2010-07-23,91.4131963753268,91.1619254711636,89.7912881484005,83.5242767938434,89.8923001484776
2010-07-24,92.7316918934706,91.9757169053207,89.1643608119207,82.1388464031126,90.4750812308233
2010-07-25,94.997985424833,93.3564044538725,88.4101716268112,80.7551138595837,90.8465540532142
2010-07-26,94.1629408223384,93.2047245094957,87.745882911012,80.9575394592051,90.810485694622
2010-07-27,93.0188901335224,92.1227976129598,87.9376073337849,82.1092273280525,90.386558001719
2010-07-28,92.9894794993417,92.3947946652402,88.3589594592091,82.3377712881184,90.2587346865503
2010-07-29,94.5044331074087,92.4546148904058,88.2304812796114,81.446480500902,90.2838181323606
2010-07-30,95.2808015321867,91.9735404558354,88.5074538904573,80.5517092310013,89.7566479300049
2010-07-31,95.5445853257494,90.7000490894983,87.85460533896,80.0501521148651,88.7812316068385
2010-08-01,95.5851562405254,90.6614055483268,86.8958281760239,79.3995627561145,88.257824747482
2010-08-02,96.705934220119,90.2055805950684,87.793166853149,78.6542000800146,89.3691408850861
2010-08-03,98.5643622543062,89.000255267259,88.7995090665743,78.3774599344407,89.6417750702904
2010-08-04,98.5758015608607,87.6783947263468,88.8065508727271,77.9728028129017,88.7800194978703
2010-08-05,98.355571179558,87.0449566826928,88.1503755523067,77.0181209294589,87.8826525778936
2010-08-06,98.5964358016784,87.861929751564,87.0086712901141,75.9016072802842,86.8582100164999
2010-08-07,99.0351498736458,88.9252187284561,88.0543452267092,75.5448817994394,87.5076793609137
2010-08-08,99.1094932897348,90.0027140204192,90.4956045257638,76.4370159908419,89.005887536841
2010-08-09,98.9746136200623,91.5684630394969,90.7259991550427,76.9242879858345,90.6382060965944
2010-08-10,98.6373272986439,91.5398655685396,90.7044806379034,77.1484607855636,91.244381394002
2010-08-11,98.310943971517,91.984225913714,91.0532441315376,77.3360054935723,91.4433809190392
2010-08-12,98.3493657504296,92.7774964863463,93.0368807377659,77.529547782198,92.2280327134294
2010-08-13,98.1161782908836,92.752653005475,95.4599203380619,78.5959276208166,93.2784079962892
2010-08-14,98.531492079338,92.1495528542677,95.4927976571622,78.7857710338739,92.6425156353944
2010-08-15,98.6598557583433,91.4820568537174,94.7631822562882,78.6296095949983,92.2097522333866
2010-08-16,98.8400443007575,91.3386438349652,94.651916142954,78.3294410744535,92.3352386481784
2010-08-17,99.2328000322763,91.3327155922436,94.7701967110257,78.1347518624397,92.7352481304182
2010-08-18,99.6714875304771,92.0401279163255,95.7505531768865,78.2527403606679,93.1915535603211
2010-08-19,100.390832766024,93.7481106958471,95.5359791021681,77.7276670733938,95.0084747297752
2010-08-20,101.253352603547,95.088883479755,94.8114143669869,77.6792991743092,96.7887765333194
2010-08-21,101.427474402627,94.4011438772031,94.5664204456826,78.5440804317741,96.6903362323762
2010-08-22,101.814848363317,93.2538801634846,93.6689705156309,79.3099108954286,96.0190174420552
2010-08-23,101.817750208467,92.4279654060579,93.1429765072998,81.1818835750277,95.5033210966385
2010-08-24,101.816700479845,92.0445827260622,93.2350467396085,82.2300755959894,95.4971551408709
2010-08-25,101.056341979511,92.0017628376668,93.3668637847629,83.0285053239515,95.5278783070729
2010-08-26,100.727078992547,92.4492205929445,93.4507734336612,82.8501529470474,96.8643302757014
2010-08-27,100.8087543513,93.2983170451392,94.6710109126086,82.839468391994,98.8688715351837
2010-08-28,100.96875988739,94.3109069068158,95.8523293279088,82.584841242859,100.788549573723
2010-08-29,101.182928554935,94.376147690647,95.5692070895458,82.1404216945157,99.6638479319183
2010-08-30,101.377550213452,93.5391666307054,95.5730455490429,81.8824508418695,98.2463844336916
2010-08-31,101.668175975577,93.302253413698,97.5669656796554,81.4070020811538,99.1628574589922
2010-09-01,102.050558108271,93.2410408383331,96.9088053808401,80.6397385062917,99.1993595167968
2010-09-02,102.582289816668,92.8490741840844,96.3112581573061,80.8954301406149,98.5019838663713
2010-09-03,103.227159211686,93.6617211462441,96.7362438712958,80.639905967,99.0627172800644
2010-09-04,103.479188880563,95.4081154071873,97.1826830168036,79.9322683331725,100.646547092278
2010-09-05,104.386973102641,97.2164583450001,97.0002215245654,79.1972165281253,101.272264756118
2010-09-06,105.96416159991,97.3756118766485,97.07781589327,78.503876769241,101.850354288845
2010-09-07,106.538622750847,97.0779011059962,97.0361235584567,78.9232773800853,101.652372309623
2010-09-08,107.466617210207,97.1984371412911,97.1961006025971,80.9918670182339,100.768713863341
2010-09-09,107.598272132675,97.4946518682768,98.1283864619149,81.8897508812255,100.501067407998
2010-09-10,107.872745118332,97.1726265614805,98.0204292117443,82.0412188622904,100.348362781738
2010-09-11,107.71903578713,96.7324983910584,97.9987240249132,82.3726544294625,101.481912432996
2010-09-12,107.334801115665,96.1337093299486,97.8435327573304,82.7401303718049,101.90878428405
2010-09-13,107.355309638677,95.5739904537845,97.9136759252805,82.6192315046152,101.839202954465
2010-09-14,107.674068933941,95.0286739127147,97.8287299895081,82.2960917763784,101.31865373576
2010-09-15,107.203510197836,94.706414674536,97.9122157439794,82.3224849905036,101.141644268021
2010-09-16,106.650567654988,94.1033688408689,98.513212380226,83.3519580308152,101.141526262712
2010-09-17,106.668135243191,93.7563253727772,99.53888990658,84.5142939488404,100.965179609754
2010-09-18,106.287560292868,93.8839970158781,99.9899343124555,84.7829171022531,101.321790007484
2010-09-19,106.271639753643,94.0686468378675,99.5192767191247,84.1037477617674,101.463079456076
2010-09-20,106.122584265274,93.9192713088443,99.4181270202571,83.6336960554471,101.479904517943
2010-09-21,105.766405611656,93.5911717972167,100.297325614453,83.2086414301508,101.487186626359
2010-09-22,105.28927717495,93.4163815470648,102.099443457189,82.8228109431138,101.906849374934
2010-09-23,104.776620076163,93.1013138883405,102.643208438204,83.0784663256103,101.784048952599
2010-09-24,104.466037368209,93.080597032905,102.781890947878,83.0755461385255,102.020960357796
2010-09-25,104.169872750308,93.1683157962703,103.266844883221,82.8507608751166,102.277471736678
2010-09-26,103.858825417218,93.3481495646491,103.119731884839,82.7219092724606,102.201328543834
2010-09-27,103.617167194099,93.7693893702536,102.405394174302,82.5455953907367,102.642742296825
2010-09-28,103.508578996639,94.4083335278051,102.241012709641,83.0859984491009,103.283931432208
2010-09-29,103.531527326311,94.8711140965314,102.110069245424,84.5017097164511,103.293839843652
2010-09-30,103.404292633249,94.9025204616852,102.763393223643,86.292497502749,103.199937650315
2010-10-01,103.324496404154,95.2659809892442,103.87271296944,86.9268333640657,103.339152840612
2010-10-02,104.015837475248,95.8899895155997,103.150823786671,86.6362466480496,103.025727534989
2010-10-03,104.868909554668,96.3107892648185,102.294578494338,86.580105346479,102.378471626195
2010-10-04,105.013541962235,96.5783796971198,102.308353486825,86.738535591404,102.20368760351
2010-10-05,105.002562705736,96.8219513534778,102.547007759662,86.7151588879347,102.528231241963
2010-10-06,104.990212551837,97.0512588029274,102.08045964143,86.8003136518469,102.389413058028
2010-10-07,104.646511577107,96.7826125852898,101.795604911486,86.8467191659309,102.293799189238
2010-10-08,104.278159530541,96.52479144009,101.672679100399,87.1664856587743,102.266470698347
2010-10-09,103.991078069351,96.6606690325087,101.960808135517,87.7667007488941,102.17963341106
2010-10-10,103.719270556264,96.7652283771046,103.367682718597,88.32756754937,102.680333227661
2010-10-11,103.647825271133,97.5427691836592,103.437826341837,88.0347535634124,102.874562489101
2010-10-12,103.457750922823,97.2241451842456,102.728518367269,87.5587066371641,102.202089354643
2010-10-13,103.174115256525,96.7119897100198,102.363893917192,87.2684668324066,101.844199979394
2010-10-14,102.930747675673,96.3857301998742,102.046799162779,87.1484575268118,101.779401140448
2010-10-15,102.68280392912,96.056747784394,101.605341132639,87.2746709565546,101.658285426611
2010-10-16,102.53692427781,95.8342941964299,101.037605205613,88.1318642580595,101.398964821772
2010-10-17,102.310992055373,95.4909685031961,100.593980153216,88.1985809871105,100.99338327897
2010-10-18,102.07449630687,95.1343822752805,100.345130212836,88.3313177060408,100.834402552735
2010-10-19,101.869901184189,94.9045117950338,100.241616048047,88.8836678377213,100.861793789599
2010-10-20,101.677773144296,94.6785552200001,99.7877509575789,88.6209244737158,100.568727271168
2010-10-21,101.484108853425,94.4471947805937,99.4906791890729,88.3918079816886,100.156825357496
2010-10-22,101.303685951142,94.1945818611662,99.0962800914514,88.1696966531472,99.7326747722978
2010-10-23,101.135196774706,94.0454142251026,99.0990014880737,88.0626081993768,99.6477362190436
2010-10-24,100.963414190233,93.8845361212846,98.9409989252021,87.8562664925761,99.5379522685327
2010-10-25,100.79871370194,93.65802531608,98.631383816456,87.6995250573536,99.2972217185779
2010-10-26,100.645041936891,93.5481880116295,98.3251728301454,87.4710164316607,99.1958358423668
2010-10-27,100.499157584981,93.3947380716001,98.283130139753,87.2641419416914,99.2008334180444
2010-10-28,100.365715078694,93.2108768035939,98.7330979095038,87.194117929117,99.1949011694359
2010-10-29,100.236870750868,93.0109110663277,98.8686158803853,87.292445332095,98.9336505507451
2010-10-30,100.115585640517,92.83067052496,98.6666063718775,87.1761604082507,98.6739465097661
2010-10-31,99.994447993999,92.6925412137194,98.4867601476808,87.1224689416299,98.5202495279932
2010-11-01,99.8810074172152,92.5664886306243,98.3130239500493,87.4396720642352,98.3275141084001
2010-11-02,99.7717228593016,92.5015302294611,98.1565451124462,87.7393717069265,98.1999568479847
2010-11-03,99.6752224682369,92.4086486434297,98.186245847008,89.0353858959414,98.098243966332
2010-11-04,99.5903603944812,92.2925312214369,99.1974504709475,90.1737243084335,98.1549853655343
2010-11-05,99.5086031676055,92.3658948827651,99.6745402411443,90.1948989992042,98.7158974271522
2010-11-06,99.4340491528084,92.7615443685291,100.463561001782,91.5238824074049,99.7290026752395
2010-11-07,99.3684707518206,92.6924010926469,101.047869375872,93.7899917594526,100.152851678302
2010-11-08,99.290275647076,92.5130004285632,100.891955306473,94.8069791492939,99.8705210780638
2010-11-09,99.1985563428305,92.3096704590016,100.279040659087,94.9237368315802,99.349016681341
2010-11-10,99.1053489925964,92.1208236855185,99.7518309331021,94.6506386728288,98.9181575873375
2010-11-11,99.0159466971691,91.9566817341626,99.6157133551056,94.632848671813,98.6418223770034
2010-11-12,98.9314406608475,91.8644094224472,100.043677261651,94.9976301646991,98.8648367650923
2010-11-13,98.8476199725097,91.7801181788409,100.160492325625,95.4398096682081,98.9472655650915
2010-11-14,98.7666863082318,91.7176264252476,100.969553356607,96.2044115521838,99.5940067530093
2010-11-15,98.6905678891814,91.6337392812975,101.690581294002,98.5952421326367,99.6992651590182
2010-11-16,98.634506887811,91.5179826383787,101.464589896643,99.9570743161915,99.2478107963297
2010-11-17,98.5661576780588,91.3822167661504,100.865562623826,100.145701543334,98.812011846902
2010-11-18,98.496469014457,91.246283750708,100.296998768889,100.485143916021,98.4471995879372
2010-11-19,98.4281772132814,91.1154057451714,99.8019908278805,99.8931983280647,98.113030716401
2010-11-20,98.3701661249312,90.999787447431,99.3671207494723,99.2996856456681,97.8120037456191
2010-11-21,98.3304555487386,90.9177933558226,98.9710208396777,98.8036524522362,97.5389438117632
2010-11-22,98.3532411926262,91.3241538765766,98.6166084058509,98.3757146593893,97.2893310381929
2010-11-23,98.343642353807,92.2285653188758,98.292172864883,97.9902847356662,97.0587421379292
2010-11-24,98.2859142332762,92.4749466923271,97.9990317260161,97.6388032191052,96.8469447218708
2010-11-25,98.2042599441586,92.2328250649697,97.7264200404175,97.3187318274161,96.6516600295807
2010-11-26,98.1280088321115,91.9836507713726,97.4720833722525,97.1121527905018,96.4696047162185
2010-11-27,98.0578712528055,91.7877393125967,97.2389986193041,97.1072704228244,96.2955489631878
2010-11-28,97.9911630687378,91.616710082821,97.0230450560307,97.0838771742168,96.1322839763286
2010-11-29,97.9269213225165,91.4633116988489,96.8233225831723,97.7202605382205,95.9837766997938
2010-11-30,97.8659145012685,91.3223162657096,96.6433698641406,97.9163046206011,95.8463245526885
2010-12-01,97.8072635359284,91.1902153350755,96.4658478763967,97.70071920737,95.7082557418209
2010-12-02,97.7509737394769,91.0681962863291,96.2984347523064,97.5107490590133,95.5780870630176
2010-12-03,97.6973212173548,90.9527275403103,96.1420271098325,97.2848735312646,95.4551040741265
2010-12-04,97.6463156930955,90.8445664618611,95.9939748608703,97.0523229774432,95.3386916638409
2010-12-05,97.5988577957884,90.7467172258727,95.8562517246922,96.8379281460176,95.2326664134522
2010-12-06,97.5523150451246,90.6550011473324,95.7273850919595,96.6360868418708,95.1323637742285
2010-12-07,97.505195662113,90.5633968834563,95.6001263140167,96.4381897620392,95.0305400936747
2010-12-08,97.4612785610833,90.4762328291844,95.4740002333222,96.2481458337069,94.9308996629957
2010-12-09,97.4186460133921,90.3933928591978,95.3500568119938,96.0663414719679,94.8327964973759
2010-12-10,97.3772414613605,90.3121683289569,95.2298473592284,95.8926806659512,94.7375664872712
2010-12-11,97.3396503960188,90.2342260191816,95.1152242654235,95.7269230893859,94.6471271155975
2010-12-12,97.300205832303,90.1592720773819,95.0059057223301,95.5678443450766,94.5616486207115
2010-12-13,97.261400598299,90.0849645025137,94.9043529124325,95.4159324101668,94.4790538037156
2010-12-14,97.2244325302754,90.013760457982,94.8073819342022,95.2711372357153,94.3999694282852
2010-12-15,97.1900610821489,89.9473493668503,94.7126799014522,95.1304171919925,94.3235227494201
2010-12-16,97.157122374755,89.882440682988,94.6210268847624,94.9956204915184,94.2479559560236
2010-12-17,97.1227402635157,89.8196914039033,94.5313114285982,94.866075556795,94.1747025172493
2010-12-18,97.0895983270199,89.7591043836017,94.4436933463048,94.7414810321299,94.1044874365784
2010-12-19,97.056990070692,89.700102567758,94.3584076804513,94.6202999430268,94.0357874814004
2010-12-20,97.0247666162887,89.643601174477,94.2741561676625,94.5006897632109,93.9677309761475
2010-12-21,96.9929223990358,89.590485721943,94.1911257855401,94.3858226103903,93.9045698611046
2010-12-22,96.962010172507,89.540421730066,94.1118145137261,94.2753974958539,93.8443434398213
2010-12-23,96.9325962756362,89.4888295535046,94.0353334240673,94.1701425828029,93.7830776230148
2010-12-24,96.905073885113,89.4383007310446,93.9623334490671,94.0696130964219,93.7233520917168
2010-12-25,96.879350090124,89.3906387205503,93.8974190293727,93.973972099932,93.6653985992938
2010-12-26,96.853476411634,89.3442769107475,93.8337363033663,93.8877777789232,93.6087978669465
2010-12-27,96.8287746412727,89.2978480077232,93.7662903827763,93.7971277846488,93.5510374450873
2010-12-28,96.8040716935466,89.2520233842627,93.7009248471688,93.7067669588724,93.4947955032989
2010-12-29,96.7786433618633,89.2064887835882,93.6353226409611,93.618918151438,93.4384888328736
2010-12-30,96.7541371208713,89.1628681999282,93.5717338011203,93.5346095352104,93.3850575152087
2010-12-31,96.7300895368755,89.1216950755005,93.5119224444829,93.4516056233715,93.337683543365
2011-01-01,96.7084052488883,89.0848553560674,93.4513100810633,93.3688970172991,93.2939091539422
2011-01-02,96.704737956948,89.0736512253931,93.3896939173209,93.2870348733837,93.2516823637755
2011-01-03,96.6953576105126,89.0574148062096,93.3316912720945,93.2092433861764,93.2133845141087
2011-01-04,96.680918456252,89.031084431564,93.2755119125141,93.1347458981062,93.1753314380053
2011-01-05,96.6652728501212,89.0039707010675,93.2207220020941,93.0613925630377,93.1382630550266
2011-01-06,96.6476727354299,88.9725531531988,93.1695924158711,92.9887435660663,93.0989395150168
2011-01-07,96.6304991570168,88.9412370230838,93.1236586098895,92.9202069248981,93.0589403504091
2011-01-08,96.611710151517,88.908915249905,93.0762161978913,92.8527270414332,93.0168307174623
2011-01-09,96.5967744801919,88.8778142655192,93.0242806673096,92.7852486016152,92.97455686936
2011-01-10,96.5790906157829,88.8463315798921,92.9809926166594,92.7210843449084,92.9373524441622
2011-01-11,96.5625770202479,88.8198003488069,92.9323473791265,92.6594458280982,92.8980146812376
2011-01-12,96.5453684394314,88.7909817645046,92.8818801018918,92.598629021731,92.8579902966995
2011-01-13,96.5304524196657,88.7578344158486,92.8324044737409,92.5433294399576,92.8171485160185
2011-01-14,96.5146028217837,88.7245180181506,92.7903421708472,92.4863931275344,92.7762093393632
2011-01-15,96.4983149092461,88.6915849424156,92.7442169410918,92.4302688696189,92.733546448894
2011-01-16,96.483911707957,88.6580582221925,92.7007144666009,92.3735430545631,92.6947540157633
2011-01-17,96.4698705104978,88.6271392372528,92.6505360994329,92.3167739419095,92.6540035467433
2011-01-18,96.4540999423155,88.5958242427416,92.6013569681402,92.2622317635988,92.6138293732797
2011-01-19,96.439090891416,88.5658254205275,92.5573652842455,92.2113243260905,92.5764418983222
2011-01-20,96.4255105791304,88.5367548830015,92.5117040179566,92.158624473027,92.5396463984455
2011-01-21,96.4123320414375,88.506481231298,92.4645329137921,92.1054877152067,92.5017780058173
2011-01-22,96.3980284052642,88.477622924594,92.4187111361342,92.0545542284019,92.4669745685779
2011-01-23,96.38329695577,88.4507661529894,92.37441801759,92.0054235790873,92.4346924656329
2011-01-24,96.3683657917339,88.4235587023844,92.3291785858324,91.9555906909827,92.4005640919323
2011-01-25,96.3539824045728,88.3992941158184,92.2858598606482,91.907941812201,92.3699742371288
2011-01-26,96.3403386262377,88.3775516406914,92.2529997815875,91.8894006196627,92.3470864493724
2011-01-27,96.3278010710816,88.3549467764645,92.2560598231789,92.051857091488,92.3253745265175
2011-01-28,96.3174298417641,88.3336594191554,92.2626865592843,92.284895927437,92.2956838607517
2011-01-29,96.307980743685,88.3122227021081,92.2209083246776,92.2389494076908,92.2599105417772
2011-01-30,96.3028250190664,88.2927191844695,92.1790683752358,92.1904018856261,92.2272550813514
2011-01-31,96.2970246530959,88.2740834169563,92.1378162183916,92.1414122569805,92.1955134268743
2011-02-01,96.2898538865839,88.2531735326174,92.099941239655,92.0924956039599,92.1652542939726
2011-02-02,96.2828961164767,88.2394076909725,92.0620347173677,92.0460805166303,92.1437772759785
2011-02-03,96.2749758661099,88.2345399423864,92.0363279889301,92.0468472330056,92.139311164478
2011-02-04,96.2637591942499,88.220466393637,92.040325121752,92.1649742321473,92.1387341943465
2011-02-05,96.2523300461318,88.2006313767854,92.0049256072339,92.3247271956373,92.1080083331383
2011-02-06,96.2407151124096,88.1831116859741,91.9676255814766,92.2833021612682,92.0769243140242
2011-02-07,96.2294989948391,88.1663688103326,91.9343193519899,92.2346499010854,92.0486192833415
2011-02-08,96.2184386688707,88.1462980033183,91.895901669433,92.185681880392,92.0176664058168
2011-02-09,96.2081728733983,88.1246514810582,91.8579504177545,92.1363928083093,91.9877146517922
2011-02-10,96.197177026507,88.1041293916678,91.8205405710386,92.088924999319,91.9609544302185
2011-02-11,96.1863116272079,88.0845455289775,91.7867087262096,92.0429439012118,91.9354111210429
2011-02-12,96.1753749104748,88.0624882135127,91.7560973174303,91.9999935494325,91.9080872273929
2011-02-13,96.1655765569701,88.0407093475642,91.7237700342231,91.9692476082465,91.8791168919361
2011-02-14,96.1555602623214,88.0197536772927,91.6907523252988,91.9283106457736,91.8529595422395
2011-02-15,96.1457942003625,87.9989015313632,91.654890514835,91.888021540972,91.8249404416906
2011-02-16,96.1373191016779,87.9773050141932,91.6175609490093,91.8481460795846,91.7935260946622
2011-02-17,96.1285621960533,87.9566469231354,91.5843300846828,91.8912972966921,91.763380372466
2011-02-18,96.1198108534085,87.9383455803041,91.5537343761076,91.8961285162779,91.7367439615568
2011-02-19,96.1128431362232,87.9214305288662,91.5283821440786,91.8601640665732,91.7129943024668
2011-02-20,96.10799844581,87.9064945809077,91.5006089817561,91.8190207238498,91.6903603840608
2011-02-21,96.1010107351518,87.889829515701,91.4752677337718,91.7750789042474,91.6671906588257
2011-02-22,96.0930987640845,87.8725880378387,91.4459860060776,91.7333450759349,91.641656817862
2011-02-23,96.0849931800384,87.8540153072881,91.4134489461787,91.6933850353052,91.6153540643395
2011-02-24,96.0784419272707,87.8345964340535,91.3863453557834,91.6556067233904,91.5893822737369
2011-02-25,96.07244359102,87.8184342791847,91.3589084862898,91.620329681172,91.5634584683969
2011-02-26,96.0647782758382,87.8010118156027,91.3266602910192,91.5860803606001,91.5370081959992
2011-02-27,96.0568533873294,87.7815237674602,91.2939055429582,91.550195564035,91.5098508821733
2011-02-28,96.0488020316443,87.762330782015,91.2614876808909,91.5148813401609,91.4824770823212
2011-03-01,96.0428135416839,87.7447149689519,91.2287716917581,91.4808470567095,91.4567089673816
2011-03-02,96.0363774024204,87.7274936366092,91.1981674053155,91.4470194495055,91.4324110061331
2011-03-03,96.0296397164102,87.7098901603047,91.1730286020457,91.4149932736653,91.4091729703567
2011-03-04,96.0228717147367,87.6913820545655,91.1473511781552,91.383621425338,91.3827013753776
2011-03-05,96.0199687712996,87.6733441012357,91.1171759001744,91.3515648084897,91.3568233725555
2011-03-06,96.0178342184044,87.6564244191078,91.0875295018983,91.3280218511387,91.3320218379616
2011-03-07,96.013618603231,87.6400685023879,91.0616372348529,91.3430758483636,91.309405196564
2011-03-08,96.0100309279238,87.6264504194764,91.0383130698459,91.4708996300462,91.2891580592663
2011-03-09,96.0055005115759,87.6130406065464,91.0331369725516,91.6478846278688,91.2716387126216
2011-03-10,95.9999471115761,87.5972072166921,91.0520268779081,91.6945362905949,91.2601195770555
2011-03-11,95.9957040959526,87.5815459027573,91.1179565188877,91.6763294693357,91.261544506272
2011-03-12,95.9894569344486,87.564710095053,91.1183778800127,91.6541684277556,91.2459345290668
2011-03-13,95.9841712381986,87.5482974468162,91.100253721882,91.6301537126361,91.2250572404556
2011-03-14,95.9835292618078,87.5340538703268,91.0831538290185,91.6728255224601,91.2092998463927
2011-03-15,95.9828409830019,87.5213702494282,91.0706940149485,91.9069717170189,91.1947436618373
2011-03-16,95.9820879742525,87.5070265437464,91.084560164122,91.9162326977634,91.1867567024622
2011-03-17,95.9752419339017,87.4912962611638,91.0688014256573,91.8933242423662,91.1687975050621
2011-03-18,95.9682252951317,87.4760447538536,91.0413264858708,91.8708735438791,91.1482611974698
2011-03-19,95.9613387401798,87.4607144286636,91.0164762544976,91.8487319355757,91.1269273963477
2011-03-20,95.9559469405252,87.4463870411084,90.9943497979087,91.8218484476887,91.1066687607212
2011-03-21,95.951487172423,87.4335457981642,90.9713758127211,91.7999264039248,91.0865510155469
2011-03-22,95.9464893415715,87.4224589037072,90.9472027694336,91.7939237514857,91.0702087752041
2011-03-23,95.9427869182338,87.4143423430982,90.9275126467111,91.8314516042615,91.0570561839065
2011-03-24,95.9392539022909,87.4064514274648,90.9239065593621,92.2863870241997,91.0460889155924
2011-03-25,95.9357850479299,87.3992247891675,91.0034752398203,93.9828926943351,91.0472520183851
2011-03-26,95.93412313554,87.4015542980634,91.3345678708229,95.8820420183574,91.1170044731453
2011-03-27,96.0197334526477,87.508976451553,92.1937357912216,97.3044737519023,91.4758644870314
2011-03-28,96.1209573097588,87.5882746090453,92.5782794952368,98.1367748187683,91.6746962944618
2011-03-29,96.154549140866,87.6644800743243,92.8453135738363,98.3047291976689,91.8272122761574
2011-03-30,96.1623209310208,87.6970816077438,92.9996421826251,98.412180045107,91.9758476893592
2011-03-31,96.1579714855754,87.7301978039018,93.1778986655111,99.3380117303182,92.3730536825377
2011-04-01,96.1540894481734,87.8460499604144,93.4627201730419,100.76861729435,93.0203321074176
2011-04-02,96.1581437167594,87.8735198780236,94.3059860498197,102.248705426747,93.4463012931454
2011-04-03,96.1924466890621,87.9887226750981,95.2192309132489,102.909363436793,93.8675029254634
2011-04-04,96.2400111063165,88.0914529933337,95.8889720273504,103.572621283648,94.3029457794891
2011-04-05,96.2430988019925,88.1299275698347,96.5461660937548,106.452744154365,94.7641049216471
2011-04-06,96.237518775943,88.1786169008438,97.2008040036471,109.087296096295,95.4381728177055
2011-04-07,96.2289565587365,88.2087874967326,97.9975479238039,112.175043048332,95.791681916696
2011-04-08,96.2219284025256,88.2331972047083,98.8679189687809,114.469756882748,96.1518976821139
2011-04-09,96.2213024248071,88.4744032523993,100.837028368111,116.465085669351,97.6426623473932
2011-04-10,96.2344707578607,88.7574867846776,103.721347627479,118.314162580397,100.03339344106
2011-04-11,96.3419843460991,89.1923717833784,107.088596387913,119.633364769608,102.053525237154
2011-04-12,96.4330116282034,89.5131338229612,109.893383725942,120.028590902311,103.425366026582
2011-04-13,96.5275875738613,89.8452346888994,112.328521368968,119.466779188632,104.550134452459
2011-04-14,96.6043438345622,90.1881124811391,112.608950536212,118.421741483706,105.190227401983
2011-04-15,96.6808322649698,90.700184263188,112.994284059073,117.682567072581,105.874083136292
2011-04-16,96.7927920798862,91.3275670544862,113.347331892879,116.515472458049,106.505107089207
2011-04-17,97.1786474169541,92.0071699865639,113.467238516493,115.081329830629,107.189844875116
2011-04-18,97.7401821910789,92.8587041780264,113.126381243986,113.592707635689,108.272629690821
2011-04-19,98.4269781305878,93.6187874341628,113.006747082397,112.702168339875,108.9068907936
2011-04-20,99.4137566627873,94.2296548168176,112.659881795415,111.623633586562,109.106659963779
2011-04-21,100.390105115584,94.7569756278377,112.310486120546,110.840620327024,109.287331124541
2011-04-22,101.449790705227,95.2733938079134,111.615557278518,110.537670741133,109.063056538013
2011-04-23,102.970803655022,95.896659226861,111.416545571645,110.276013871811,109.046276397717
2011-04-24,104.61597796987,96.9168222143216,110.306480154698,108.903633608699,108.57228134074
2011-04-25,105.648047773299,97.8660926677552,109.770113855861,108.173497859613,108.347627298681
2011-04-26,106.677177504678,98.9953340556209,109.902358495299,108.018082016248,108.891610628411
2011-04-27,107.904952945413,100.672612901287,109.872386476174,108.124221653116,109.930369871502
2011-04-28,109.020207668083,102.408097502477,109.684427630909,108.068050557314,110.934894651399
2011-04-29,109.873643285196,103.322335003226,109.421091360191,107.134201371922,111.288203864873
2011-04-30,110.280421323184,103.994808849337,109.266342318491,105.996420185744,111.212154088135
2011-05-01,110.402627645908,104.878095804565,109.33826428242,104.908143814282,111.276221516201
2011-05-02,110.398031403204,105.557410016863,109.069441864329,103.880151190919,111.05605682382
2011-05-03,110.3302753309,106.161858843744,108.748592638446,103.032047005107,110.952725370477
2011-05-04,110.108402620097,106.851381854489,108.205142045601,102.061249104177,110.91149415595
2011-05-05,110.048785194762,108.118868906974,107.457499917174,101.000490287554,110.58977069121
2011-05-06,110.349865586766,109.252639130542,107.054176225132,99.918491253742,110.145359341769
2011-05-07,110.910816999501,110.056265921911,106.908393800307,98.7641502470736,109.907229555028
2011-05-08,111.317058853478,111.440327875628,106.40828840696,98.0387607704336,109.499137393552
2011-05-09,111.396025928855,112.266473461879,105.530657427375,96.8984722242701,108.769766144419
2011-05-10,111.440826337595,113.022089062959,105.117192025775,95.8413608139769,108.296602295161
2011-05-11,111.369960835018,113.224163357388,105.39767846037,95.1354708614369,108.059499331997
2011-05-12,111.440444824575,112.450385472658,106.465797353141,94.2891020306,108.595157542296
2011-05-13,111.585485832129,111.599983891798,106.094284369492,93.9807637128439,107.97227215235
2011-05-14,111.669768699667,111.124324623045,105.014740892587,93.0664809794872,106.999089459319
2011-05-15,112.142527364448,111.703302717509,104.46379098201,92.5337047855334,106.407301730271
2011-05-16,112.619225399786,111.975660087461,104.676230952105,91.9019076505115,106.790253227021
2011-05-17,112.819227530029,111.853073815893,103.703384902189,90.6633699481756,106.545570926814
2011-05-18,112.996781348014,111.50875363953,102.642113468239,89.4516411902361,105.989973932699
2011-05-19,113.356553318092,111.125366132702,102.138801591834,88.2503949942434,105.80663716125
2011-05-20,113.843000202739,110.594219643602,101.872709674419,87.5967226734699,105.328331923218
2011-05-21,114.265059098927,109.471543235196,101.02049256989,87.1485283134585,104.535318343266
2011-05-22,114.395783916329,108.337784725728,100.242325757666,87.3093500506318,104.159709991881
2011-05-23,114.156510042977,107.233470843891,100.468538101813,88.2375517700473,103.971873933292
2011-05-24,113.634946114173,105.740149577003,100.087069957589,89.1636603992975,103.00160497212
2011-05-25,113.131439505115,104.0164038429,99.4117062505413,89.7454995463551,101.730859304034
2011-05-26,112.661702596118,102.227883249092,98.3969605026037,90.5477335125342,100.403578581083
2011-05-27,112.111512470912,100.286803188893,97.6970930728997,90.783027833239,99.0960003664417
2011-05-28,111.800327747862,98.4344398755713,96.4398115595155,90.5985609775031,97.7103927231989
2011-05-29,111.376174285699,96.652769678596,95.3018204185629,89.6716068916788,96.5337057251496
2011-05-30,110.857774902829,94.9749328169633,94.2842773371346,88.8635990890357,95.2080500163365
2011-05-31,110.123089858551,93.3276937244781,92.7768507786399,88.3600419520124,93.7086597461759
2011-06-01,109.50800688304,92.0190834898095,91.4405899128702,89.2757270678262,92.2257055195708
2011-06-02,108.82529846465,91.6957560889237,90.0870702621464,90.181247867978,90.8486876414251
2011-06-03,107.841463074556,91.1386595943802,88.7219686731064,90.2694505838529,89.9924530276163
2011-06-04,106.923920395455,90.3094429061291,87.3554806268637,90.4583258903329,89.0454719348069
2011-06-05,105.990015285092,90.0939640647884,86.4106320587089,90.5255743081289,88.288360747713
2011-06-06,105.256964518974,90.39986676173,85.5149696676771,90.1785956514502,87.6391345541159
2011-06-07,104.496229470911,89.8064153831897,84.9936277350334,89.7005195814306,87.0989448587705
2011-06-08,103.986515542076,88.8342675235116,84.3566269366114,89.3016546310363,85.939157420168
2011-06-09,103.632716951301,89.0379814631983,83.3456386113262,88.8318560141744,84.6200427518148
2011-06-10,102.695149984619,89.2863986326369,82.5233552368569,88.240749580158,83.6948021497339
2011-06-11,101.702229008886,88.660769483829,83.2338394581565,88.4560710238432,84.3352676936294
2011-06-12,100.714609115795,88.3004954366619,85.3108567466056,89.2149191131085,85.1513425460093
2011-06-13,100.407093478485,88.5945386925039,86.5570020827889,89.4248640786445,85.8638001709203
2011-06-14,100.385169317238,89.5895686387986,87.9457830337118,88.3511373308088,87.2117238168448
2011-06-15,100.405396092092,90.0594090474709,88.0094496117141,87.520673770677,88.2354979314385
2011-06-16,100.342262922207,89.7107230707419,88.3634829715363,87.3615770341048,88.4218810504742
2011-06-17,99.8222804543136,89.3082516929374,88.444625391343,86.5372088933401,88.7114263067906
2011-06-18,99.618993313634,88.9530188744831,87.8139018990346,86.2462004483888,88.4615079663412
2011-06-19,98.8105765545513,88.170847000767,87.9808302898634,87.7804785417677,88.8855054550425
2011-06-20,98.5904406252195,88.5748731744977,88.5186131161169,89.2708169089161,90.8196847539631
2011-06-21,98.7009452820443,89.5985685515526,89.8686920730487,90.9438487728862,91.4262837120563
2011-06-22,97.82650468659,89.8732157406475,90.7534190864464,91.2811219678264,91.2454462739547
2011-06-23,96.8005592102665,89.9037795617523,90.8644390886192,91.6206594259529,90.3974840043817
2011-06-24,96.5418629729304,89.1229994579368,92.5753493718319,92.5607240962596,89.7886384383282
2011-06-25,96.1478495980946,87.5153499182028,93.6126789401583,93.294845932894,88.9469832200547
2011-06-26,96.0154557944425,87.8093506936692,92.8709774103037,94.1251162087329,87.87724903466
2011-06-27,96.4715106810979,88.2589014400475,91.5361596147381,92.9271837904375,87.0303926074588
2011-06-28,97.1931183621837,88.1416937028588,90.4034203186874,91.1964580050877,86.9581379845215
2011-06-29,98.1357356914991,89.625349825637,89.7302511534067,89.0220591208437,87.9069369351824
2011-06-30,99.0489985214139,91.0588755699804,89.697684148492,87.4725010429334,88.9691375311994
2011-07-01,99.3684395481461,91.1848720520358,89.564914531527,87.5549024060498,88.9661672885675
2011-07-02,100.038687687767,90.7781190641773,89.3592296453662,88.7895957906742,89.05209676887
2011-07-03,99.7256017583912,90.6649981618381,90.443336709894,89.1954262370905,88.9473812954146
2011-07-04,99.5137215157241,91.2419442766201,91.736849936442,89.357051426511,89.2753434944703
2011-07-05,98.7473973386182,91.5737227456608,92.3762209100818,89.1850540991478,90.0077142192784
2011-07-06,97.9761888154155,91.0654240462319,92.2083886327415,87.8563801205703,90.3149570540529
2011-07-07,97.5073186523036,90.4815837951864,92.5393959087314,86.7383936235848,90.0632070841357
2011-07-08,97.4303169667611,90.0404416363045,93.2835971329913,87.1869151310438,90.2654206791182
2011-07-09,97.0489333025219,89.4412827562904,94.4933117818091,88.9821508060769,90.8677156560326
2011-07-10,96.8711700753088,89.1342119767892,94.4943711457066,89.6410596642298,91.2849325751077
2011-07-11,96.4358598374066,88.5682146630544,93.6929508105233,90.7787507824891,90.8157186477531
2011-07-12,95.1000666593186,87.9450470274849,93.2025034827049,92.6336230587072,90.3218415082468
2011-07-13,93.9517320898758,87.625758999632,92.2745335081901,95.0290977306339,88.991678169886
2011-07-14,93.5897339090182,87.6562306847801,92.3381012603036,95.9310539122541,88.131959409455
2011-07-15,92.8696186639073,88.284428485761,92.0917209797832,95.0106548902536,88.9673003365016
2011-07-16,92.2042592762454,88.6742480466948,91.5906930234011,93.8609687257185,91.378480243972
2011-07-17,92.1788708644866,88.5125289642849,91.0690774941542,92.1734619293397,90.9958881522809
2011-07-18,91.6682317754328,89.1547167919264,91.0298032956018,90.397720891525,91.5510609038914
2011-07-19,92.7048947130461,91.0037539080636,90.7342570728968,89.0584811667395,91.7235299314624
2011-07-20,92.5730703345145,92.3577058878377,89.9897798954519,88.7649046715983,91.8846684182411
2011-07-21,92.7442597847726,92.2090130553696,89.515731550364,89.0267017023205,93.7643218743025
2011-07-22,92.7571391305356,91.8662079423215,91.17893460693,88.93846592772,94.8473842344516
2011-07-23,93.7227356236661,91.1061777137148,92.9503842883933,88.7965623855894,95.5643876240143
2011-07-24,95.2662849291559,90.7754388235905,92.502669355985,87.8857158565982,95.2102847169613
2011-07-25,96.8783067555977,90.1128348704995,92.0113239773786,87.667741305811,94.1208768757394
2011-07-26,97.3595623044173,91.0070966105824,91.8083860154517,86.4396336425965,93.8716198927374
2011-07-27,97.5832803240338,92.1215247310957,91.9582684623304,85.5352235728636,94.282181658333
2011-07-28,98.0446235502232,92.7397539357731,91.9203714170262,85.4953072853719,94.0647139619731
2011-07-29,97.5645426460038,93.3319651664198,91.9112028120174,85.7007446576575,94.3256657838865
2011-07-30,97.0990561217865,93.3183975006589,91.5091389443428,85.8762130359704,94.2986938217957
2011-07-31,97.2876518208468,93.9157668278751,90.7931109919761,87.4400091855196,93.5019240571605
2011-08-01,97.3716296306591,95.1361169108949,91.4089066963714,88.766693307106,94.1337077497682
2011-08-02,97.4424773462244,96.0401468923477,90.8081876829418,89.4647728317101,94.3389326937283
2011-08-03,97.2213948414211,95.1506424618231,90.1146812940274,90.039336390808,93.1072532587942
2011-08-04,96.3661101501256,93.8295354583968,90.5312518260745,91.9220548406346,92.1253749979836
2011-08-05,96.0425702739855,93.1308936876046,91.5110407268998,92.1178475367029,91.97238838736
2011-08-06,95.932646001735,93.1819696658987,92.8907063061924,91.2748182960585,92.7641736343547
2011-08-07,96.5455326272772,93.5338936119393,93.7886760767967,91.0231098386633,93.7982642394594
2011-08-08,97.3988256455697,93.5462983050825,92.8840117161749,90.4459189440151,92.954406207076
2011-08-09,97.9779173973507,93.9080156251198,91.7063108862934,89.7022677377374,92.2622176230514
2011-08-10,98.3726254878425,94.7192894597811,92.166104592945,88.8151321311833,92.3866763205433
2011-08-11,98.6736909326093,94.8343841337495,92.8799762612932,88.1407488993463,92.9228942872756
2011-08-12,98.0015241492233,96.0065991185046,94.1503473948785,87.3240319285806,94.5561374459477
2011-08-13,97.166577680286,96.319781496759,94.0125297182371,86.0964057541049,94.4207138462357
2011-08-14,97.1951809301596,96.3096096402082,93.7796134669866,85.0782557242564,93.8300697935956
2011-08-15,97.614493555988,96.9240625142346,94.9832977485147,84.4189314549738,95.1123948788051
2011-08-16,98.1677947020116,97.9011433844069,95.7356059671171,84.2255768470123,96.6343818309004
2011-08-17,98.3880220768462,98.5240597258895,95.7366992012038,83.9503286783427,97.6092267705403
2011-08-18,98.1766627698665,97.9905579677858,95.3441519430169,84.2540791305855,97.6072582747148
2011-08-19,97.6961833240712,97.194401557599,94.9489802222571,84.5755055663883,97.1557868022821
2011-08-20,97.3169353227016,96.4966209046967,94.3315530627614,85.6542398931099,97.0409310758109
2011-08-21,97.8730427921955,97.8403810274875,94.6414919502909,85.9424229518222,97.4964600720599
2011-08-22,99.0836165180503,98.6998695899933,94.6468898986559,86.1170129599653,97.2014031328024
2011-08-23,99.3065092080984,98.3857584512734,95.3992702969414,86.8826756400375,96.7592721667078
2011-08-24,99.6682629240883,98.6052787390131,96.2477189987768,88.580532809731,96.5123646808736
2011-08-25,100.30879036489,98.2923168162964,97.2413180508238,89.8119444780358,96.5421520997467
2011-08-26,100.638496789863,97.5278992378846,97.3800532738096,90.839954592118,97.0336954120815
2011-08-27,101.207894467813,96.8155145387138,96.7206839654551,90.4938820554651,96.6754336067118
2011-08-28,102.158865392971,97.3624714968965,96.7962537003366,90.1051078909008,96.4667961092064
2011-08-29,103.484742293483,97.8188961901185,96.8449495013552,90.0147959181592,97.0045704793562
2011-08-30,103.875786092002,98.3270994076091,98.8384390653165,90.7067626963244,99.4347306463934
2011-08-31,104.28292233402,98.4789673572061,99.9744508298326,91.0370343367411,100.207325463078
2011-09-01,104.352186072386,98.6102329428074,100.479239835172,91.3276807273029,100.437864450487
2011-09-02,105.004576389509,99.1225583336736,101.481349056025,91.0740486670306,101.516730715696
2011-09-03,105.22632825462,98.9932145317011,100.514826512555,90.1655948014595,101.229855262743
2011-09-04,105.541250676764,99.2195589986302,100.713303820636,89.6157037749859,100.862245104309
2011-09-05,105.931887251496,99.2754445099068,101.136385446401,88.5732395553079,100.570732586935
2011-09-06,105.867088843229,98.5579489395757,100.401016947125,87.4077411048455,99.7652408704163
2011-09-07,106.469584087759,98.7103320014627,99.2973498175809,86.0945607056993,99.5329110158953
2011-09-08,106.691180779577,98.0460619996968,99.3314223667743,84.9738194807108,99.5731090646552
2011-09-09,106.767284221117,98.0138621252201,99.5203108392465,84.2168493691331,99.7825942898567
2011-09-10,106.512237637381,98.7272739240612,98.5064941430709,83.7331791377359,98.7356937851142
2011-09-11,106.527526606834,99.1714086221906,97.9105068053694,84.1080125837612,97.9783582911767
2011-09-12,106.173754824711,98.5794452226942,97.5851103358833,84.3882747598885,97.2128414331071
2011-09-13,105.222851547506,97.4161852018767,96.9302535258796,83.8879893605686,96.4495089636653
2011-09-14,104.53670278341,96.3611807311032,96.0844352917698,83.657486953435,95.5283158532714
2011-09-15,104.287931295836,96.158821350475,95.2332114714699,83.1993198146741,94.8114123828906
2011-09-16,104.566904230086,96.3971635660244,95.0053488001346,82.9146595000366,94.5550530290973
2011-09-17,104.908717888406,96.2743831122985,94.8837557068029,82.986901665611,94.9935021253526
2011-09-18,105.413897030984,96.4340024383548,94.8174411988378,82.835769554573,95.33331407106
2011-09-19,105.61565706184,96.564932417856,94.5547574318556,82.5005510332197,95.5485571481939
2011-09-20,105.899801731485,96.6437601725107,93.6480781356119,82.7796868778183,95.226004556348
2011-09-21,105.766274505397,96.4117635516427,93.1952194014035,83.722414749758,94.9202914279707
2011-09-22,105.723602977986,96.5073534952282,93.4365262208227,84.4728395783341,94.9751638230895
2011-09-23,105.655775171655,96.7385571484094,93.5409792963394,86.1195688016081,94.6631021576998
2011-09-24,105.114401240307,96.9109677381435,93.4763184414272,87.4718295140864,94.6547220682071
2011-09-25,104.40317132445,96.718916632574,93.1085775466486,88.3218289141928,94.3603119457175
2011-09-26,103.92827959042,97.5866056717897,93.3323361725554,87.9877863851279,94.8837421665921
2011-09-27,103.718721843153,97.7587340928935,93.1159006874669,87.2916516762235,94.7705351102288
2011-09-28,103.436057052859,97.2037757036738,92.695850988347,86.5935863722219,94.6369000816306
2011-09-29,103.062972220724,96.915985112848,92.1446562730815,86.1857826406843,94.4688506331751
2011-09-30,102.814947464955,96.8976873279383,92.1440272604773,86.1460316351044,94.4163387801472
2011-10-01,103.1152241805,97.8126722625736,92.3263882993166,85.9672013515289,94.6368269539164
2011-10-02,103.60846079423,97.6814259063459,92.309982350098,85.967547861317,94.6873572318252
2011-10-03,104.038535129548,97.4538035048921,92.3955280118803,86.8240385777751,94.5808056688119
2011-10-04,104.288016434059,97.5360769227566,92.7820514970841,87.7673924148553,95.0430478796249
2011-10-05,104.24700392078,97.7700395034863,93.0001725391537,89.2902006537461,95.5160181560974
2011-10-06,104.256764910238,97.6786160973266,94.8264929782549,90.8179055095272,96.2429494834113
2011-10-07,104.614063042531,97.6953520365591,96.0623141200316,92.0022179439994,96.8939104881988
2011-10-08,105.058667043583,97.9421931350473,96.4197380455818,93.0051833960671,97.0708544868633
2011-10-09,105.322846881855,97.9102977094442,96.1266684667652,93.3416285449536,97.1913243228265
2011-10-10,105.606034649975,98.1929462966114,96.2739444601918,92.9310482010033,98.2603286408106
2011-10-11,105.843641946047,98.6062968463208,97.2084943416721,92.5206994837848,99.4904650928459
2011-10-12,105.702055828494,99.072925696506,98.0346447165767,92.3444399899231,99.7777200765105
2011-10-13,105.67670566073,99.2637980022898,98.3889112384417,91.9816486546911,100.167151860448
2011-10-14,105.650566912861,99.7577832908496,99.0514507394737,91.647489562123,100.638825346732
2011-10-15,105.264739186641,99.5439384651583,98.8569804365269,91.1777766587974,100.129888751567
2011-10-16,104.91688688106,99.0843826350295,98.3277314336094,90.8228633133538,99.5185165038483
2011-10-17,104.543892451884,98.656988499066,98.2510802939388,90.7205805500174,99.6073450506197
2011-10-18,104.379001992191,98.4862989187164,98.2404592795247,91.5252911540483,99.4344709005396
2011-10-19,104.182149465752,98.5716252690153,98.4651558422637,91.7705625379492,99.5727578151108
2011-10-20,103.84655524573,98.3172715196726,98.2209088399861,91.9688804214742,99.0280354517159
2011-10-21,103.486654562205,97.9917242702242,97.9331210750638,92.0278424119487,98.5746762295653
2011-10-22,103.16965730103,97.644602383406,97.7118572966633,91.8201530657617,98.364516101576
2011-10-23,102.889445358454,97.3484009392892,97.8523206366736,91.5999690312325,98.4583529647481
2011-10-24,102.605788031139,96.9463446455518,97.9298860262367,91.5015129000637,98.2363104575753
2011-10-25,102.343571176382,96.5878559482711,97.7329139971347,91.6937377551296,97.782319807203
2011-10-26,102.103915750826,96.2853744387932,97.5224975752489,92.0010557071732,97.3711534433871
2011-10-27,101.877414388164,96.026163857271,97.3972938053238,93.0079824147129,97.0641614632689
2011-10-28,101.664259785869,95.7530544822842,97.1354446987223,93.3276769906045,96.7316716691077
2011-10-29,101.454881233353,95.4628450500274,96.7942332995205,93.0583391733466,96.4009434909322
2011-10-30,101.254878822617,95.2084227867765,96.4867368084788,92.7924466879435,96.1305601042991
2011-10-31,101.064111679413,94.9861615290149,96.2207697838762,92.5816763396633,95.981262837577
2011-11-01,100.881318784479,94.7489153148152,95.9198686761539,92.403420361785,95.7262265908227
2011-11-02,100.71180001899,94.5296796435229,95.6446476680135,92.5199689807658,95.4732531062514
2011-11-03,100.550976875403,94.324448479721,95.461109847903,93.4694034210371,95.2651679585395
2011-11-04,100.401435363641,94.1357617654666,95.5250943720215,95.9465222481126,95.0673321761851
2011-11-05,100.258064545793,93.9582317181531,95.772994088572,97.7233333987427,94.8936869147065
2011-11-06,100.127119525906,93.7928288734691,95.8044823162623,98.6917059375457,94.7520998514043
2011-11-07,99.9996604317032,93.6359719268998,95.6510489530532,98.5888861555068,94.6187504893942
2011-11-08,99.8771342058883,93.4923360219825,95.438240556929,98.127650144035,94.4923572521918
2011-11-09,99.7594731694658,93.3458338587959,95.2184316598242,97.7159626516417,94.347665248934
2011-11-10,99.642352375557,93.1993857233049,95.0181116133746,97.3795037280682,94.1889372586941
2011-11-11,99.5275962005072,93.0601951994353,94.8329797595922,97.1370901936041,94.03449126001
2011-11-12,99.4171828518731,92.9296807472238,94.6385213325445,96.8562874135431,93.8868609363513
2011-11-13,99.3119170543986,92.8000281349223,94.4495789684695,96.5618645760213,93.747393142641
2011-11-14,99.2125675790891,92.6733754997171,94.2687395873009,96.301526762252,93.6114507314969
2011-11-15,99.1156544567629,92.5520022299759,94.1033941098831,96.0696631746149,93.4820589398699
2011-11-16,99.0201679404113,92.436020666816,93.9444491649863,95.8397774532324,93.3588815615323
2011-11-17,98.9279078190103,92.3226208641873,93.7905155907655,95.6226528016533,93.2372796926248
2011-11-18,98.8389028111195,92.2135315438412,93.6413212519254,95.413912160773,93.1207978590621
2011-11-19,98.7525669007223,92.1087745225653,93.4989862751542,95.2169169210499,93.009495449307
2011-11-20,98.668747358855,92.008073915195,93.3670904588172,95.0318098192751,92.902614091664
2011-11-21,98.5892130734287,91.9121079707713,93.2415426241034,94.8585864055548,92.8002040305144
2011-11-22,98.5144290712684,91.8192520127441,93.1140917787136,94.7790536502511,92.7022775615919
2011-11-23,98.4426704479365,91.7277406588132,92.9885153240309,94.6520542657792,92.6050152899823
2011-11-24,98.3737955689882,91.641326621683,92.8766078410787,94.4989024208449,92.5147406125702
2011-11-25,98.3049691469702,91.5584198852695,92.7646762370073,94.3516896125555,92.428637558297
2011-11-26,98.2364281200808,91.4764747108331,92.6557638179988,94.2107553714428,92.3420380604083
2011-11-27,98.169306668002,91.3955137983949,92.6112393678915,94.1855615900642,92.2611679410818
2011-11-28,98.1047611634868,91.3188015645436,92.5845289800064,94.2188686196045,92.2032680472556
2011-11-29,98.0443644049534,91.2458034497583,92.4892935646431,94.0950026882005,92.1298439785316
2011-11-30,97.9875210512948,91.1768726318658,92.4000346773354,93.9788362012828,92.0603423583529
2011-12-01,97.9320574751475,91.1114237123855,92.3138573535451,93.8665284892298,91.9954129930771
2011-12-02,97.8791223631532,91.0489388213445,92.2253176488997,93.7533169438298,91.9245829465789
2011-12-03,97.8268115314103,90.9907280647654,92.1461160553445,93.6451604613531,91.8622734172055
2011-12-04,97.7989226938431,91.1107273009589,92.0685364529113,93.5406981625679,91.8050636610663
2011-12-05,97.7529525910222,91.1926662329273,92.0053864200829,93.440656783015,91.7878583920994
2011-12-06,97.7040196182644,91.163070175678,92.1426561290633,93.5300814019952,92.1960576763172
2011-12-07,97.6570716335764,91.0895059966033,92.1301806260267,93.5130184527873,92.1763307100957
2011-12-08,97.623216581734,91.0224378684284,92.0500679651377,93.4133951623545,92.1066146194152
2011-12-09,97.5884183020814,90.9610298931509,91.9713528956227,93.3195485615941,92.0440309146379
2011-12-10,97.5465007031162,90.8996810609415,91.8978837794881,93.2297719339356,91.9822558447656
2011-12-11,97.506183233452,90.8458300911431,91.8314762602295,93.1415887937861,91.9259483926659
2011-12-12,97.4664266078279,90.795152511267,91.7719674404216,93.0567100236227,91.8811045108512
2011-12-13,97.425328885405,90.7374499230869,91.7055143650451,92.9703115720646,91.8218142980054
2011-12-14,97.3850550923129,90.6815523044352,91.6388206432773,92.8863440280847,91.7592070780556
2011-12-15,97.3482303817254,90.6267162891082,91.5711116267377,92.805636505049,91.7003787548624
2011-12-16,97.3128838266533,90.5728390077299,91.5047107506854,92.726158815108,91.6471190409445
2011-12-17,97.2787037514726,90.5198823697069,91.4410377866274,92.6624490344204,91.594439890988
2011-12-18,97.2436972232682,90.4686578767701,91.3843801011579,92.6525921578339,91.5439937291072
2011-12-19,97.2064378095365,90.419621855217,91.3214354414621,92.5790403196003,91.4956786860278
2011-12-20,97.1687734211807,90.3733426308269,91.260207865291,92.5211067783619,91.4416848283297
2011-12-21,97.1323140884282,90.3287292654309,91.208065698193,92.4634924028812,91.3937558504304
2011-12-22,97.0961451858365,90.2852539947859,91.156310187621,92.3913099715065,91.3524140624221
2011-12-23,97.0599279711404,90.2402502628536,91.1061561137224,92.3200246316016,91.3116435571692
2011-12-24,97.0245747699699,90.1917033362694,91.0597543270886,92.2531532936463,91.2656206935124
2011-12-25,96.9908381148314,90.1442272364315,91.0151179498922,92.1960068063136,91.22225873338
2011-12-26,96.9582322384098,90.0947583785974,90.9671770717566,92.1461475481851,91.1735018109717
2011-12-27,96.9273200483553,90.0469159651806,90.9241345000453,92.0888493754987,91.1270625246787
2011-12-28,96.8982674630659,90.0004090945117,90.87746810329,92.0256841100936,91.0815476630895
2011-12-29,96.8708722024562,89.9541682979028,90.8326433873972,91.9675684284248,91.0355277614804
2011-12-30,96.8451922176923,89.9084141985071,90.7914389474069,91.9106614633961,90.9945293820686
2011-12-31,96.8197357436724,89.8620321565014,90.756744265898,91.8587041293979,90.9534881001302
2012-01-01,96.7962474082707,89.8179780947976,90.7192786050545,91.802194510438,90.9149492845482
2012-01-02,96.7756834268282,89.7802168672647,90.6838347637631,91.7480072692732,90.8808439413926
2012-01-03,96.7542748381692,89.7432852442284,90.6448502029454,91.6973503586119,90.8433669570276
2012-01-04,96.7348774087476,89.7024675255697,90.6112280878963,91.740410754759,90.799032574863
2012-01-05,96.7147759635117,89.6619207800078,90.6109872520584,91.9655585132476,90.7622103162798
2012-01-06,96.6916316420498,89.6239067195504,90.5715412384019,91.9463571342293,90.7258292872068
2012-01-07,96.6692581434408,89.5873361857859,90.5394323114207,91.8961526434506,90.6936222833607
2012-01-08,96.6454917780121,89.5521760949722,90.5080325747589,91.8566417603182,90.667983674102
2012-01-09,96.621421443146,89.5182209170338,90.4973133860713,91.9018595655478,90.6420579395551
2012-01-10,96.5987852917509,89.4820849394885,90.5275845611148,92.020056813303,90.6111353314313
2012-01-11,96.5767222881808,89.4478053839069,90.5018726593156,91.9646702878913,90.5780455017439
2012-01-12,96.5559038442178,89.4165079296013,90.4681171010272,91.901033912912,90.5463827622916
2012-01-13,96.5344913093674,89.3825613774733,90.4285407500644,91.8383495026457,90.5123871686029
2012-01-14,96.5133302682149,89.3441649342807,90.3812856154921,91.776551460108,90.4699519231206
2012-01-15,96.4930610264421,89.3044287976731,90.3301481933892,91.7136012741746,90.4218924897132
2012-01-16,96.4730959404873,89.265435824117,90.2781277766162,91.6512317409217,90.3737951223861
2012-01-17,96.4535797229308,89.2276931363293,90.228363529769,91.5913475892165,90.3283276752816
2012-01-18,96.4352882622195,89.1907867542323,90.1803158118456,91.5342450493976,90.2831499116885
2012-01-19,96.4177529702446,89.1547062446585,90.1363941419048,91.4796622094299,90.2394761172708
2012-01-20,96.4002406675876,89.1222697708257,90.0939152823631,91.42646494864,90.1996243970594
2012-01-21,96.3829511793182,89.0929933835693,90.0563853258193,91.3755702220238,90.1617614821851
2012-01-22,96.3660780020451,89.0627997965664,90.0168493210105,91.3269167964184,90.1209279523302
2012-01-23,96.3488208288756,89.0296255137526,89.9791392163446,91.2823010713628,90.0850978661474
2012-01-24,96.3315320679633,88.9954440565874,89.9422085714823,91.2403880319508,90.0488539858096
2012-01-25,96.3153659200569,88.9624345446134,89.9042571063888,91.1976366757282,90.0154489302171
2012-01-26,96.3003227913589,88.9301325710621,89.8622981580447,91.1538002567303,89.9808923286951
2012-01-27,96.2849947790853,88.8981937767918,89.8215774537465,91.1096129833417,89.9468462975031
2012-01-28,96.2714091571483,88.8661378120775,89.7823319470466,91.0676440388041,89.9119158457934
2012-01-29,96.2606087298924,88.8351605841506,89.7417930498434,91.0272607481509,89.8748498063957
2012-01-30,96.2488800709782,88.804765734184,89.702672832458,91.0021436763025,89.8379037490825
2012-01-31,96.2379325329292,88.7751988203374,89.6677016152986,90.9660489826784,89.8048821103428
2012-02-01,96.2273354383652,88.7495557163954,89.6367458381995,90.9316520166775,89.7823042343064
2012-02-02,96.2191562653051,88.7317351287854,89.607078125434,90.8971581630026,89.7636254861374
2012-02-03,96.2085149747394,88.7164144302636,89.5850873972252,90.8726821708741,89.7455490596208
2012-02-04,96.1962323447216,88.6961688450033,89.5881701704701,90.9055243398698,89.8347515126541
2012-02-05,96.1855975249479,88.6731086852976,89.5636721472257,90.9061736129883,89.8181009509356
2012-02-06,96.1791797332136,88.6555360181302,89.5410075574239,90.8779298344833,89.7932854620708
2012-02-07,96.1710658555409,88.6372188729061,89.5136378036255,90.8462678025536,89.7661288471949
2012-02-08,96.1598959090671,88.6179163359586,89.4806882084857,90.8121033616436,89.7353382806072
2012-02-09,96.1497736085291,88.5989030113822,89.4505941962431,90.7786294045576,89.7045678500164
2012-02-10,96.1399637620463,88.5815137558882,89.4177768348766,90.746527990221,89.6734898687082
2012-02-11,96.1309375744271,88.5653001244704,89.3859065909945,90.712527621145,89.6427046370863
2012-02-12,96.1230921654647,88.5496125775572,89.3618893010708,90.6903495381639,89.6154027415313
2012-02-13,96.1150650778762,88.536296465846,89.3418236135319,90.7070114606701,89.5937988415997
2012-02-14,96.1072613128374,88.524943576661,89.3195325058946,90.6783248381721,89.5713677054588
2012-02-15,96.101550165548,88.5123367970945,89.3000972311424,90.6497155639849,89.5506873019951
2012-02-16,96.0977773266865,88.5007377771335,89.2776923414719,90.6243514723476,89.5287297303547
2012-02-17,96.0941253480578,88.4903225146618,89.2547639105142,90.6023559612885,89.5081701968806
2012-02-18,96.0842193540032,88.4773049064834,89.2276800335575,90.5866809148498,89.4849709995189
2012-02-19,96.0737160828844,88.4598707448041,89.1987246856778,90.5653969300181,89.4599324282876
2012-02-20,96.0627560031652,88.4394167258085,89.1696599384645,90.5539097936863,89.4337131443931
2012-02-21,96.0518305464474,88.4205533366369,89.1424709346297,90.5461593012375,89.4110207464087
2012-02-22,96.0406467265163,88.4003167184969,89.119604111674,90.5275049129992,89.3893961400745
2012-02-23,96.0297091800493,88.3794634532018,89.1073697687222,90.5072073996488,89.3666170766745
2012-02-24,96.0189462344423,88.3579317765317,89.0850689010879,90.4816731380156,89.3414653454511
2012-02-25,96.0086967413849,88.3360444700109,89.0582082158168,90.4561932282877,89.3159327452745
2012-02-26,95.9995936482314,88.3149114506283,89.0313598041008,90.4338817868839,89.2909792751489
2012-02-27,95.9897849809463,88.2949744332332,89.0156140872746,90.4116546715079,89.2695695543411
2012-02-28,95.9794402224153,88.2738096035867,88.9965749547791,90.3878244604189,89.2476863230279
2012-02-29,95.9692006695077,88.2507044521791,88.9723783211818,90.3658608549146,89.2238521838625
2012-03-01,95.9593017962452,88.2280560813974,88.9481739340582,90.346682922337,89.1991266766871
2012-03-02,95.9493859883666,88.2070989377416,88.9242254513841,90.3235524634211,89.1739946139496
2012-03-03,95.9393083665943,88.1865398967816,88.9041435956325,90.3043647310508,89.1520083185144
2012-03-04,95.9293844791205,88.1652672262523,88.8805945446279,90.2951145307212,89.1294433444017
2012-03-05,95.9198549579371,88.143356259127,88.8594994131231,90.3025839929218,89.104251701894
2012-03-06,95.9112418973923,88.123821888977,88.8368089441555,90.4025821121886,89.0796351024955
2012-03-07,95.9026819906814,88.1061036257874,88.8143178844343,90.4999028158897,89.0586673606301
2012-03-08,95.894942053006,88.0871335213504,88.7944987243995,90.5455887922673,89.0406072311613
2012-03-09,95.8895653963078,88.0677569960099,88.8059812677525,90.7319711151915,89.0432922857943
2012-03-10,95.8828165836097,88.0502335809779,88.9706104118837,91.1117860900334,89.1580014765865
2012-03-11,95.8754685862356,88.0314159962099,88.9664715692405,91.23875749858,89.1498162611383
2012-03-12,95.8671863715693,88.0131364694693,89.0184630762711,91.4133377315554,89.1567770470247
2012-03-13,95.8589176371912,87.9968993793625,89.0384898261696,91.4556802488388,89.155333946326
2012-03-14,95.8521227575932,87.9817268546629,89.0725044709539,91.4631917931906,89.1588822015402
2012-03-15,95.8439753689135,87.9636566978712,89.086079141486,91.4446945698948,89.149469810559
2012-03-16,95.8353913017675,87.9441381531685,89.0688660370841,91.4960836645169,89.1297691639677
2012-03-17,95.8274560876359,87.9246743757543,89.0831116076131,91.60186908185,89.1172050507959
2012-03-18,95.8204202110692,87.9062371230989,89.0857902506006,91.7328179098133,89.1110974080383
2012-03-19,95.8162967429279,87.8883329002233,89.0949792063239,91.8087979036968,89.1040566561376
2012-03-20,95.809648968397,87.8707103631967,89.0909157905861,91.8121296901791,89.0897916406462
2012-03-21,95.804297466403,87.8531488195376,89.0848975000294,92.1367378733578,89.0749377457029
2012-03-22,95.7982435458812,87.8356646479001,89.068206640264,93.6218598780436,89.0559099977695
2012-03-23,95.7921230178474,87.8208112512636,89.1397429834295,95.3719836029151,89.0479288685966
2012-03-24,95.7904383352542,87.8117340442101,89.2556926036058,96.7233465127914,89.0699671106373
2012-03-25,95.7933185553711,87.8131945818104,89.3719573446261,98.263767783706,89.1373980104914
2012-03-26,95.7997583192396,87.8332108775791,89.6108489496668,99.621589308753,89.2719030123381
2012-03-27,95.8152716354347,87.8557722085754,89.7843704218553,99.9476158990285,89.3755159868714
2012-03-28,95.8139648503783,87.849863812152,89.7802567502734,100.877644141859,89.3876033067532
2012-03-29,95.8063352508025,87.8402297974626,89.9135410913091,102.587989392834,89.5956904245996
2012-03-30,95.8007670047768,87.8773500814541,90.1737830914024,103.423855058782,90.0654912964165
2012-03-31,95.8012024877183,87.9418630052188,90.648862066168,104.256914184776,90.7316009779266
2012-04-01,95.7971335573868,87.945783600904,91.2333017158842,105.648317644807,91.2370834157785
2012-04-02,95.7946232992904,87.9617303801055,92.0034335273818,108.343956855036,91.6429756625373
2012-04-03,95.8008841872745,88.0316314210696,93.9277067461645,112.292084263416,92.5928788501058
2012-04-04,95.8287386746301,88.1691957513936,97.3449749894862,115.654121841563,94.3365293017958
2012-04-05,95.9514330440966,88.5526491903759,100.353244448299,116.311602104429,96.0817647348199
2012-04-06,96.0454112564469,88.8774382291034,101.498925476673,115.674167061577,97.0080185704029
2012-04-07,96.0551675695123,88.9717265717151,101.20563650957,115.273161848561,97.0254329578773
2012-04-08,96.0588925388064,89.1318782443014,101.097419082483,114.53011003704,97.0882953853842
2012-04-09,96.0618291261385,89.4470703284676,103.611885889386,114.895318111529,98.7135403828838
2012-04-10,96.0655109640533,89.8456482405384,107.830776837525,115.461572947167,101.268363777471
2012-04-11,96.1113372917957,90.2830280284873,110.669572647355,114.564590948834,102.92283327524
2012-04-12,96.1768147176347,90.6660605332478,110.221095074828,112.694353157193,103.131437424703
2012-04-13,96.1894829212394,91.0381349774969,109.615452018143,111.617588915614,103.065332355262
2012-04-14,96.1999094275989,91.5946193356711,109.957453373341,110.960631027863,103.734109077577
2012-04-15,96.228875711925,92.2231863832727,111.538974749634,110.213421066367,104.566298381389
2012-04-16,96.3361410799051,93.3242508938575,112.585426660747,109.204008899381,104.815205129108
2012-04-17,96.5179036932278,94.6866225469597,111.257506740877,107.844941587036,104.650870612245
2012-04-18,96.6766581128991,95.8530348473927,110.204042455795,106.206303998066,104.401177656691
2012-04-19,97.0999553432653,97.372614162332,109.758717287503,104.95450150642,104.884334488957
2012-04-20,98.1328315123194,98.9525627637623,109.736003555283,104.51919601521,105.584898384271
2012-04-21,99.1606803822217,100.083223283663,109.300984280358,103.658808988589,106.686219475648
2012-04-22,99.6264659230076,100.835443837993,108.808238129283,102.354638484578,107.380484422195
2012-04-23,99.9476880508233,101.570878210258,108.418741474731,101.087920872004,108.195124498437
2012-04-24,100.432126056258,102.244202508736,109.136667127109,100.568267230899,108.110698312449
2012-04-25,100.912942717395,102.562253372871,109.165234443939,100.164791941512,107.289553220105
2012-04-26,101.06426557649,102.540549681915,108.447376968671,99.0107583626973,106.444068125656
2012-04-27,101.157244822979,102.471542375968,107.795342322487,98.2218134267259,106.194862299798
2012-04-28,101.232431105066,102.888585061964,107.421618265746,97.720770540888,106.823389498374
2012-04-29,101.285039502279,103.781068735179,107.362766201102,98.3013823247938,107.256709140958
2012-04-30,101.399623007413,104.288464180441,107.336669852665,100.083760059528,107.407181151247
2012-05-01,101.458203404008,104.818212610285,108.94568121269,102.206131338665,107.94823860944
2012-05-02,101.595231672157,105.623865289192,110.976411294471,102.454439659987,109.270362161729
2012-05-03,102.073266776356,106.265844321803,112.607015325311,103.015451749534,110.36324837064
2012-05-04,103.097443068763,108.282585777088,113.956163227581,103.413103469446,112.530531975246
2012-05-05,105.203092766688,110.549805494161,113.547270160707,103.783667424769,113.13166740911
2012-05-06,108.199347233394,111.984220711532,112.789445261195,103.053173488224,112.443328791175
2012-05-07,111.687632663091,112.667324526577,111.654937819842,101.870052103025,111.482451096073
2012-05-08,114.328431856927,113.584677907498,110.633245710655,100.813503917389,110.920165630296
2012-05-09,115.5142255268,113.970404243751,109.774999399011,99.8484991103253,110.511423991429
2012-05-10,116.152405198724,113.114208190333,109.351447056404,98.7994771291033,110.098631349502
2012-05-11,116.359117878274,112.908280094291,108.649092186616,98.1113013424031,109.734648850098
2012-05-12,116.787533019511,113.441333058432,107.822273824321,97.090029079089,109.718108511321
2012-05-13,117.535444542756,114.033824350825,107.026009707585,95.482034361733,109.526790312113
2012-05-14,118.760424889333,113.8854398052,105.942626337629,93.5182083749223,108.910156984201
2012-05-15,119.063644007138,112.99277012836,104.422957133587,92.341665772192,107.542043789924
2012-05-16,118.939228055248,112.398305156754,102.925343861684,91.874437820847,106.299880384567
2012-05-17,118.416397393013,111.582239803442,101.87570216882,91.0827041698376,106.13395617882
2012-05-18,117.928457438299,110.488337989038,100.857022832995,90.461938142851,105.737280090646
2012-05-19,117.675810649779,109.823803824689,100.352028279443,90.1486910181741,105.610420755233
2012-05-20,117.621838826021,109.798121832778,100.321657613303,89.6967941965747,106.277314417704
2012-05-21,117.699175811091,109.658908857381,100.350598530047,88.8571591625936,107.016213999159
2012-05-22,117.938230922327,109.487284793935,100.998657594192,88.1460909789121,108.580811740823
2012-05-23,117.916700799231,108.988917146891,101.883278355339,88.7434230829626,109.298453434752
2012-05-24,117.653236924957,108.267076132786,102.479667805302,90.0595503744714,108.611418858231
2012-05-25,116.980933881242,107.469132136635,102.321980855527,90.3457500947899,107.911259995257
2012-05-26,116.191556046432,107.121179940096,101.319749192657,89.2141828924045,106.975355961288
2012-05-27,115.015003975435,106.537813851739,100.172077383477,87.796566523746,106.231331281521
2012-05-28,113.921625195632,105.497419932414,99.4362571367973,86.3205933651275,105.226068449542
2012-05-29,113.023942373023,104.38878748796,98.8397321296093,84.6815828211806,104.27283619611
2012-05-30,112.653321389214,103.396761458331,97.5987245401378,83.3287403901327,102.817418108929
2012-05-31,111.398449167278,101.583871979483,96.4480216440607,82.0388418678843,101.504951252461
2012-06-01,110.142274871991,100.540611686175,95.418277689455,80.6733378572554,100.349340892981
2012-06-02,109.225950168742,100.026486940283,94.5660966247979,79.5805732186563,99.1345679111032
2012-06-03,108.25791400138,99.5056002866927,94.0317741170512,79.0099150766511,98.768277698088
2012-06-04,107.119795572881,98.4572678584458,94.3570778578589,78.7671756625903,99.5922109681205
2012-06-05,106.352621725116,97.6500616665422,94.494064135459,78.9772380898755,99.9020798983558
2012-06-06,106.028200248827,97.3738654475458,94.330995736527,79.9820071890157,99.8362436128003
2012-06-07,105.731535531029,97.8087108696908,93.4116398480524,80.7748588414158,99.9224128844153
2012-06-08,104.986977082789,97.339834747758,92.1468927450557,80.3032843766737,98.6594706374153
2012-06-09,103.544109754956,96.6848479579969,90.3768480719975,79.3402360997554,96.4206128445862
2012-06-10,102.241672159941,95.9325232352558,88.8613138767686,78.7451966070912,95.0095660612039
2012-06-11,100.826973276211,95.5371751028332,87.7349772972602,79.0184020818864,93.9092300549218
2012-06-12,99.5859573075674,95.558521141745,87.6149832572,79.8248422260797,93.9111470453343
2012-06-13,98.6025463782719,95.6526064140876,86.9981628604224,80.1299053565327,92.9876861716266
2012-06-14,97.7959792015932,95.2535203033224,86.1434323099872,80.8459412698781,92.4586100529466
2012-06-15,97.1132269355362,94.5944500781796,85.6680200418304,81.6875474409212,92.7553806562732
2012-06-16,96.3248842935516,93.6082713762084,86.3988891849441,82.9253722281186,92.6815715229101
2012-06-17,95.7547317242676,92.578423165839,86.6195914777298,83.4064959544752,93.0896593687398
2012-06-18,95.7033951446897,91.8920511061174,86.1989696042121,83.4652755632701,93.3009300157115
2012-06-19,96.7694241014003,91.2676057430166,85.6988798544363,83.5299413772241,93.158952952474
2012-06-20,97.5350401598934,90.3647136982781,85.4278441971611,82.7474020731698,92.971645038851
2012-06-21,98.6714744187011,89.8619828883439,85.1408717150834,81.0338676420269,92.6602968835986
2012-06-22,99.2326601546613,89.0782356867227,84.7083884872962,79.0673704527501,92.5186089645757
2012-06-23,98.9533509539541,87.8241568778501,83.811343725938,77.278093129326,91.4070742739988
2012-06-24,98.1612643853946,87.1047778859218,84.0353558973055,75.8970330785636,91.1343037608657
2012-06-25,97.8257778252093,87.2731474141429,84.3145133604418,74.8831814286944,90.7073331349538
2012-06-26,97.296052669727,86.9714622746977,83.3819946942868,74.2915796341704,90.3585885860666
2012-06-27,97.0719028182497,88.0853854772121,82.5547367355799,74.4750476637483,90.0090376983037
2012-06-28,98.3769855077763,88.4817660846176,81.2941439164791,75.2289228075629,89.4016536711755
2012-06-29,99.3070976151781,88.4027206081325,80.0441227888702,75.3873941475973,88.4778061680932
2012-06-30,98.8767666292041,89.0238176240163,78.9862287448063,75.1029698967706,88.0683750553258
2012-07-01,98.4808713375381,89.3659926221613,77.9962070167876,75.6122402453547,86.8666207355597
2012-07-02,97.3594323414844,90.395666132114,77.2190894482282,76.9316483680984,86.6477707613268
2012-07-03,96.0875835178026,92.2651955727902,76.8082643156817,77.4391064275706,86.2497240407022
2012-07-04,95.3598317817474,92.6663777891991,78.0230679001892,78.1735035158839,86.5634650046252
2012-07-05,95.172688645017,92.4498523687127,78.8820203199688,78.0011445938132,86.5619230625583
2012-07-06,95.6106489886288,91.3498708839549,80.0864287188153,78.4921368936256,86.7902906361044
2012-07-07,95.9327031984568,90.4148185994717,80.4711098347332,78.9042627215789,87.530355616034
2012-07-08,95.4991881374126,89.6520631033186,80.20819611782,78.6228885848587,87.0681101459704
2012-07-09,95.4520018572737,89.5872574070859,80.0444341542857,78.199451638948,86.4663685462836
2012-07-10,95.6948757652564,89.4016803765118,79.8001937747159,77.1384895035638,86.3141366840114
2012-07-11,96.4598718746967,90.9371248959403,79.4517041499128,76.0701733470595,86.4917260565606
2012-07-12,95.3869806560547,90.1185947393775,79.4132050755038,75.2044969147192,85.459862651738
2012-07-13,94.359108782123,89.2167124292372,79.5575474361799,74.0489951191766,85.13543922324
2012-07-14,93.6663951727189,88.8951248574531,78.7612761143943,72.9282557796607,84.7943699404365
2012-07-15,93.0228144344785,89.0332147449824,78.9954587933114,72.3290404245875,84.6319111063122
2012-07-16,93.1842394587426,88.8195436822955,80.1999180411771,72.1888295770552,84.5999152736337
2012-07-17,93.792759553892,90.0830415537546,80.0086336619528,71.2812185137419,84.538690891742
2012-07-18,94.6436741463975,90.631332974431,80.1438790083467,70.5989436675871,84.835034311294
2012-07-19,94.364127120248,91.3974834215149,81.4754958438561,70.1702403715462,86.4747026043285
2012-07-20,94.0765352729935,92.0152106879432,81.3816224279875,69.780101621291,86.3163757826549
2012-07-21,94.2450914823325,91.8166217416403,81.8162678061499,69.365452841589,85.4789976407063
2012-07-22,94.9015837191573,91.6675132168867,82.7164099834724,69.2602926512728,85.0517268832319
2012-07-23,95.4670753411885,91.1999133136464,82.4116647906207,68.9187001715089,83.9067019103642
2012-07-24,95.0310620672574,90.774311442204,81.8365518876473,68.8367837930656,82.8311828570498
2012-07-25,94.2734537691245,90.1321730146018,81.2501869035119,68.8464701165766,82.5857925863601
2012-07-26,92.8838169432349,89.0706511993848,80.3980616723162,69.270215746461,82.1887932915591
2012-07-27,91.425043155442,87.7123078906337,79.8240784947728,69.5013729749871,81.8305257691273
2012-07-28,90.3332534120762,86.9948076099999,79.9963013228399,70.0312272666723,82.1183950312754
2012-07-29,89.4523118914457,86.6132984953351,80.0344362979143,70.9321958775841,82.1702873360394
2012-07-30,88.3006292166298,85.8075716659481,80.226692529436,71.613569465905,81.9061483694157
2012-07-31,87.8260359851346,85.5337204700782,80.1393661750149,72.8265041979021,81.8568588487869
2012-08-01,87.7494257201097,85.3705833203078,79.7751913491421,74.1419296521939,81.9198752948438
2012-08-02,87.5345854859278,84.81434060157,80.2658631007347,74.6180406641757,82.3732925434493
2012-08-03,87.8203316670364,85.1927304267035,80.5729437414234,75.2294752604085,82.526331783318
2012-08-04,88.9230521971737,86.6357416969521,81.5492661495729,74.5499707062929,83.3958088559291
2012-08-05,90.4063336455721,88.6360955132,82.0823939075903,73.743056779462,84.4033093615372
2012-08-06,91.6566751837979,88.8330613596866,83.6799437377758,73.0939334747572,84.8988492751606
2012-08-07,92.0075146491024,88.40856342551,85.9702243878071,72.6132171927111,85.7976296852221
2012-08-08,92.9424067966333,88.2140461487574,86.0391466682242,72.3111894822564,85.4441379147725
2012-08-09,93.7370041522456,88.3136619733429,84.9464363941736,72.2577586227766,84.778415997218
2012-08-10,93.8751595039655,90.1099753235718,83.970782830465,72.1089861333904,85.6485098645067
2012-08-11,93.2874138417926,89.9097361844855,83.1857441375721,72.1909650744727,85.3871405266094
2012-08-12,93.8563805520943,89.1742994926212,83.1328364826376,72.9688161427144,85.0025590422705
2012-08-13,95.2431276018787,89.3022394435351,83.0750076686945,73.0584062209537,85.1211681515411
2012-08-14,96.6654229104357,89.3938596905277,83.1726260206666,73.4179807926642,85.6226057698046
2012-08-15,98.2451799826619,88.9976651391487,84.0714099973556,74.4650318838576,85.9193462661976
2012-08-16,98.8155250426188,88.944356244104,85.2727511593209,74.7471413210448,86.4879560942891
2012-08-17,99.1608286063361,88.8292097945218,86.0181591224512,74.7354755171872,86.2994327153441
2012-08-18,99.9732671629124,88.9557536655424,85.6624297124788,74.296576140793,85.9400345650628
2012-08-19,100.965712757324,89.3455131866246,85.8666854046517,74.12481158085,85.365792668879
2012-08-20,101.463079013324,89.0535644243285,86.3442162990907,73.9567250520112,84.9748054788087
2012-08-21,102.019021082907,89.1060367509411,87.3172261479105,74.1448324697674,85.1191883682922
2012-08-22,102.944697535871,89.0033410516312,88.7477888777872,74.5502380592251,85.874130216609
2012-08-23,103.161613795524,89.5669822904544,89.2921327708467,74.7947143059474,88.4118376525129
2012-08-24,102.938489007893,89.8122707659523,88.7601323033758,75.0642583635163,90.0916955015662
2012-08-25,103.165592258404,90.6869714022181,88.2344050684796,77.2914043132211,89.8213405837257
2012-08-26,103.704060827182,91.5027990974757,87.9744525011095,78.8697822159944,89.3018341834663
2012-08-27,104.546514427854,93.1876874500776,87.2194286102415,79.6976608991734,88.4163754055092
2012-08-28,104.863974522467,93.944182456634,86.654229787294,80.8327956230024,87.8581729826778
2012-08-29,104.972957319829,95.0684747877028,86.3368262853357,81.4188829225418,88.7259986792689
2012-08-30,104.665918052794,97.041352154294,86.9543709507248,81.0249650940204,90.7527049836037
2012-08-31,104.386072667782,96.3994318076845,89.8494939637289,80.6459566358024,92.3735947026448
2012-09-01,104.283145609977,95.384483671324,92.4225670286558,80.4409275539648,93.6138971168841
2012-09-02,104.734994461186,94.9794273899794,92.3298752351875,81.5355091315556,93.792135999754
2012-09-03,105.017282949878,94.6398100404802,92.922837107363,83.2430687779603,94.1376335870461
2012-09-04,104.918438132696,94.0909701912864,93.165620284782,83.8332080079361,94.975031140124
2012-09-05,104.928682155983,94.2219658735926,92.5703594470749,84.1919470372036,94.4541218417383
2012-09-06,105.006922873562,94.0725126013806,93.6965655933958,84.2528070707332,93.8949806592787
2012-09-07,105.359456822701,94.0350822872771,94.0534853875961,83.3342100187466,93.9756511687415
2012-09-08,105.508751518405,94.0833120076623,93.1574009745417,82.1674493087551,93.9302494435022
2012-09-09,105.862333387042,94.9574359979707,92.6678892735232,81.1189492159784,94.3706520924069
2012-09-10,106.561238401361,96.5515510019723,91.9975110714195,80.1540159142885,94.4934909151565
2012-09-11,106.607914523069,97.3612096967777,91.9891441780707,79.5776797995655,95.1256982448446
2012-09-12,106.035894250199,97.8234111904294,91.4832787126928,79.2242083426738,95.5015548154259
2012-09-13,105.60021557983,97.4958686640401,90.6208300910879,79.101075479276,94.7580808502507
2012-09-14,105.870151341684,97.8588126634151,90.2035735251603,80.4260775339387,95.1970752526111
2012-09-15,105.725596389634,98.6604588896156,90.3611294216092,82.1914858594344,95.4150904231225
2012-09-16,105.313455325004,98.7354827958115,91.5349486460969,83.4284969129484,95.1997214694294
2012-09-17,105.156740319312,99.6922920639227,92.6182026388716,84.618995172334,95.5446501747688
2012-09-18,104.823820220201,99.444974850953,92.7222376556771,86.4425377189435,95.0337275618032
2012-09-19,104.566176087945,99.1706648638848,93.18093350133,87.5940273459689,94.4227491547375
2012-09-20,104.342570419539,99.425799840956,93.9257541142649,88.559203783251,93.9006815757777
2012-09-21,104.054023155207,99.2546786382401,93.3871456528212,88.8305295538386,93.0774523575597
2012-09-22,103.739848337023,98.6600315072052,92.922276281823,88.883050097128,92.3246496111119
2012-09-23,103.58865669721,98.0603409577454,93.3224568132978,88.8118998929126,91.9966599711438
2012-09-24,103.775218576143,97.9388019646138,94.963392783048,88.6979209766395,93.0931962530542
2012-09-25,104.398858465178,97.7889224795006,95.6075265436427,88.37065790607,93.7453946772291
2012-09-26,104.791201456433,98.1099178435611,96.4308756372792,88.1138944980906,94.468081751339
2012-09-27,105.327715631845,98.1737528714439,96.9717704631885,87.6068657641453,95.2843642253219
2012-09-28,105.717019049895,97.9547625080586,96.9945916718927,87.148627462232,95.3551820865151
2012-09-29,105.957355024375,97.9512235880721,97.1100155093489,86.931074306842,95.4132035321808
2012-09-30,106.386748014726,98.3229645783281,96.5640377662266,86.7035317476621,95.5637458596453
2012-10-01,106.609952715892,97.9644711591813,96.7335143404076,87.061373932595,95.1253760453913
2012-10-02,106.480881322494,97.9150346724057,97.4500302692199,89.086448031329,94.8378662245531
2012-10-03,106.223573085864,97.9912168514564,97.8181435799249,89.929384597912,94.8609555641423
2012-10-04,105.897257743004,97.8980521717286,98.0595847383077,90.6530154469164,94.778499035765
2012-10-05,105.502628190273,97.937279203261,98.1233165970525,91.2428311617987,94.6460596669979
2012-10-06,105.166237539308,98.2995898497006,98.6191163185891,91.8605762580497,94.7827763595253
2012-10-07,105.06259624203,99.0807604653632,99.2692040746023,92.4908764402667,95.0260735991229
2012-10-08,104.744774912611,99.7369587839762,100.561493253131,93.1608744716623,95.9565287680259
2012-10-09,104.377803196038,99.9762514413723,101.884834997112,93.5971751532634,96.5580933521922
2012-10-10,104.1301206607,99.3915548547638,102.274017582442,93.4709742117254,96.8233752912693
2012-10-11,103.941773572304,98.6811971889147,101.378425014498,92.610064021175,96.4269114434914
2012-10-12,103.65934693007,98.0586437019826,100.425432347866,91.8169513744961,95.8411261513388
2012-10-13,103.322138159728,97.5212417546179,99.8154114699257,91.2183730352145,95.327281217336
2012-10-14,103.002229618321,97.0817890963128,99.4586972861633,90.9797470771044,95.0602619186167
2012-10-15,102.701605559947,96.8941972514398,99.3499113239707,90.9516247756611,95.4854941938471
2012-10-16,102.42733827861,96.8744148114099,98.8999319336558,90.8620305551527,95.4646053899222
2012-10-17,102.176203566851,96.5747770644078,98.6367109954382,90.9573021447975,95.312806209331
2012-10-18,101.985541270429,96.4126946724454,98.2583572649597,90.8044032407409,95.1911304881344
2012-10-19,101.805797196502,96.4901257930467,98.337663561632,91.4713967848311,95.2746198640344
2012-10-20,101.588884203796,96.2300334466287,98.5758058242025,93.2387517762183,95.2106615174205
2012-10-21,101.379239471049,95.9205068766908,98.8688842556688,97.4473528235657,95.1238011524603
2012-10-22,101.203321002778,95.6981978086316,99.6414726658622,99.6836609723817,95.2660066596562
2012-10-23,101.039354277064,95.4353863479973,99.5359558870854,100.486995436681,95.1973704313475
2012-10-24,100.886017036586,95.1948563584298,99.1212893294622,99.8752896824239,94.9757757157849
2012-10-25,100.746897663057,94.9573537045177,98.621065263949,99.0739337655472,94.6867041551433
2012-10-26,100.689021609517,94.7086425220753,98.1164656806163,98.3832179950574,94.3624290627678
2012-10-27,100.568467340469,94.4742355167149,97.680057789366,97.9356410056893,94.0657234701144
2012-10-28,100.41707833322,94.261328902941,97.2880961087916,97.6457685567225,93.7999611659716
2012-10-29,100.278218976499,94.0653968237425,97.0035403680866,97.4177153036701,93.5619862940895
2012-10-30,100.140938205987,93.8815878012696,97.9397853167405,97.9143815026498,93.602262909179
2012-10-31,100.028348278277,93.7349076995794,98.2554419633993,98.1639957766377,93.5808345626174
2012-11-01,99.9350128651927,93.5819369126519,97.9719108517663,97.8352993370482,93.4187156208783
2012-11-02,99.8164099171156,93.4221357695751,97.6641192084365,97.7057170595006,93.207921695508
2012-11-03,99.700211291399,93.2686614301171,97.3159390569511,97.4874627438345,93.0050166070501
2012-11-04,99.5890346651334,93.1249777552975,97.0324024636153,97.4976589716748,92.8324169247003
2012-11-05,99.4853498972879,92.9946106008458,97.0047146662589,97.7172150790338,92.7651365038938
2012-11-06,99.3826990324832,92.8661613280155,96.8689391599218,98.0117399720889,92.7074911778652
2012-11-07,99.2817623247687,92.7403023469489,96.582129171864,97.8206661975963,92.5364178791077
2012-11-08,99.1848406045299,92.6208503192329,96.2978030500192,97.595334796258,92.3694617308906
2012-11-09,99.0996214874615,92.5150976332654,96.0288897377502,97.4883133728924,92.2120968406369
2012-11-10,99.0311373771246,92.4334785237224,95.7792246157564,97.2133678997428,92.0631809495433
2012-11-11,98.9463123988132,92.3316232578093,95.5429263148944,97.1247992633813,91.9170141054912
2012-11-12,98.8617981254642,92.2307207957141,95.3181845269032,97.491880129411,91.7779587117299
2012-11-13,98.7801811647918,92.1345024196858,95.1083066957683,97.3138682553385,91.6491305165694
2012-11-14,98.7012686714907,92.0421996172154,94.9083725590913,97.0322193400042,91.5254965141126
2012-11-15,98.6254118476149,91.9522862359559,94.7223704078148,96.7650186226317,91.4052372330345
2012-11-16,98.5530555185201,91.864779499242,94.544241578198,96.6065972401079,91.2941321170174
2012-11-17,98.4822874136481,91.7800455501871,94.3704334788555,96.4162436412962,91.1811390265138
2012-11-18,98.4135745678736,91.6976285068767,94.2040629545934,96.1943168424507,91.0694355170418
2012-11-19,98.3481667285518,91.6197433728095,94.0496917957566,95.9811930196257,90.9674479270086
2012-11-20,98.285984123054,91.5464000168187,93.8961646429702,95.7602975430717,90.8651824988511
2012-11-21,98.2264979870732,91.4756547028725,93.7489473064566,95.547619468887,90.7693972111612
2012-11-22,98.1690368442954,91.4072041829574,93.6049359222694,95.3437029956882,90.6769252489835
2012-11-23,98.1138631848659,91.3414297449793,93.4890085387253,95.1899705405063,90.5933605396552
2012-11-24,98.0591023448196,91.2765231768841,93.3746244306552,95.0400843763817,90.5088680248659
2012-11-25,98.0060018868016,91.2124136302299,93.255180142778,94.8603459924536,90.42332252998
2012-11-26,97.9539138343521,91.1511079923355,93.1361365001749,94.6860192140359,90.3420072965782
2012-11-27,97.9026410704168,91.0922658110839,93.0168988916495,94.5195472885891,90.2643871107289
2012-11-28,97.854160940484,91.0354070913539,92.9033699173842,94.3591564439625,90.1881798633475
2012-11-29,97.8058224638066,90.9805169745142,92.7924349891085,94.2008494226922,90.1133697095719
2012-11-30,97.7590996682716,90.9268580599051,92.684302072787,94.0475425660381,90.0388294953145
2012-12-01,97.7145147180505,90.8740631759625,92.5800220662777,93.9089004365783,89.9649898405643
2012-12-02,97.6719052134841,90.8222860824859,92.4801631353025,93.8128987045857,89.89409455425
2012-12-03,97.6286942798584,90.7716282881838,92.383452793804,93.6867492702456,89.8233664228891
2012-12-04,97.5854654281479,90.7223590042359,92.2889659719757,93.6091481715546,89.7543187506856
2012-12-05,97.5440003694718,90.6759795557503,92.1953877298751,93.4866097240493,89.6871703627127
2012-12-06,97.5052820825557,90.6304233632384,92.1023421390951,93.3600195794837,89.6201195448622
2012-12-07,97.4681554858776,90.5863428154748,92.018400778385,93.2401999202204,89.5572566989902
2012-12-08,97.4308599632518,90.5452900994854,91.9405949483531,93.1249170253975,89.4994265683777
2012-12-09,97.3944268926828,90.5053718104378,91.8596704902484,93.0090101865774,89.4425993658592
2012-12-10,97.3593055691317,90.4657280143763,91.7826193451276,92.8977438188545,89.3895487623068
2012-12-11,97.3254830860215,90.4276996554739,91.7097070361567,92.7887600444865,89.3384321567248
2012-12-12,97.2934440175295,90.3924802713347,91.6313649764319,92.6795489090825,89.2840492173597
2012-12-13,97.2621743413794,90.3577749160104,91.5578024679165,92.5755427471567,89.2356330167256
2012-12-14,97.2321606263058,90.3228064947411,91.489143913059,92.4748781532843,89.1907552191588
2012-12-15,97.2032556737915,90.2889482600137,91.4220173701418,92.3763412367377,89.1474943721259
2012-12-16,97.1755386880611,90.2552832456783,91.3565955455894,92.2796558293343,89.1072811802453
2012-12-17,97.1496819686828,90.2221712613019,91.2915117206649,92.1854241406419,89.0610554397551
2012-12-18,97.1240223380679,90.1890941822816,91.2261978622735,92.091773800652,89.0114937127013
2012-12-19,97.0971825033924,90.1569502644754,91.1612934796977,92.0015571385514,88.9634571691282
2012-12-20,97.0723455861034,90.1255544613279,91.0999486959492,91.9156493445151,88.9191580102051
2012-12-21,97.0485420200389,90.0963483689772,91.0419993887266,91.8289668200351,88.8755719884465
2012-12-22,97.0235112464461,90.0665969702491,90.9793733172323,91.7432553280468,88.8283866515993
2012-12-23,96.999225648425,90.0376587630768,90.9187935037435,91.6580985255487,88.7836517375281
2012-12-24,96.9771515745779,90.0106569224553,90.8631459721204,91.5765824042992,88.742358012642
2012-12-25,96.9555534374152,89.9848026505001,90.8116723869751,91.4988639963973,88.7016852258917
2012-12-26,96.9347676859037,89.9600380211955,90.7611804712542,91.4246136199844,88.6607467141232
2012-12-27,96.9144646806574,89.9374101857947,90.7075694326654,91.3490444803872,88.6201513088091
2012-12-28,96.8945861925899,89.9151023124327,90.6584718023961,91.2739386531932,88.5827699416878
2012-12-29,96.8745481280809,89.8935138281334,90.6156325729285,91.2063624318068,88.5487248402769
2012-12-30,96.8552661453709,89.8737561597216,90.5709392543399,91.1409055331403,88.5170139012836
2012-12-31,96.8375915417029,89.8562499257304,90.5241756729139,91.0737131524835,88.4904938221802
2013-01-01,96.8219227788504,89.8436370569528,90.482481597957,91.0082228635484,88.4718368611948
2013-01-02,96.8052603051805,89.831209252938,90.4381594749954,90.9430055717233,88.4465588856575
2013-01-03,96.787162414055,89.8222142213369,90.394565940213,90.8813741709749,88.4190231546282
2013-01-04,96.7699132286818,89.8121323749971,90.3532136071584,90.8194434097325,88.3914675467578
2013-01-05,96.7527717885381,89.7980112141102,90.3123718909619,90.7582136179047,88.3648549431577
2013-01-06,96.735474179835,89.7825212851515,90.2714437740732,90.6980204197936,88.3349552438158
2013-01-07,96.7180626354779,89.7646384574415,90.2305888306115,90.6365090632334,88.3061295514025
2013-01-08,96.7008339428461,89.7458900417706,90.190168387105,90.5757020649355,88.2769783069741
2013-01-09,96.6839128916969,89.7260647107505,90.1476288664334,90.5158325652855,88.2453878117223
2013-01-10,96.6675661616276,89.708588852107,90.103424889298,90.4564393388408,88.2126861238237
2013-01-11,96.6516719488905,89.691984791232,90.0650422885245,90.4004787141523,88.1836599734957
2013-01-12,96.6357897474835,89.6748987224537,90.029449392752,90.3451580110048,88.1577054395805
2013-01-13,96.6536727631062,89.7708934384816,89.996138973866,90.2927020583418,88.1306454903565
2013-01-14,96.6707136314124,89.940458344594,89.9773664631572,90.2407754837503,88.1107420183734
2013-01-15,96.6566754612776,89.982880485805,89.9670559163146,90.2276054677534,88.1118729854596
2013-01-16,96.6427355937995,89.9728317189505,89.9497168665977,90.3379577956848,88.1344243528628
2013-01-17,96.6303586935386,89.9511622633558,89.917168123663,90.3238811285358,88.1077376392657
2013-01-18,96.618750062226,89.9274238609914,89.8865645468373,90.3057903820677,88.0808650113884
2013-01-19,96.6063927276184,89.9036602978188,89.8513990045541,90.2699686543423,88.0502025594737
2013-01-20,96.5929892551309,89.88077635671,89.8159788188913,90.2151737146067,88.0205143551731
2013-01-21,96.5791864270543,89.856678293609,89.7812419088296,90.1632169876131,87.991604945686
2013-01-22,96.5654096624701,89.834117974693,89.7454895685102,90.1096608753566,87.9626729288149
2013-01-23,96.5521796142692,89.8118112501221,89.7073830934643,90.0546226836721,87.9325868235451
2013-01-24,96.5393469072141,89.7883815540001,89.6726872946802,90.0514234883358,87.9028782029878
2013-01-25,96.5267587486039,89.7659873841756,89.6523319584844,90.0651235704572,87.8784677458151
2013-01-26,96.5148057268711,89.7451786434772,89.6330122991326,90.1639543790473,87.8560258010633
2013-01-27,96.5038257336137,89.7248527460736,89.6151358358146,90.1425201439394,87.8341352930242
2013-01-28,96.4951132911441,89.7056046235725,89.58545747675,90.0930478974293,87.8088756729248
2013-01-29,96.4856187170068,89.6859277157851,89.5588131814419,90.0446353632372,87.7810132316126
2013-01-30,96.4757032101182,89.6663969541248,89.5319081759632,89.9978716899088,87.7539618543803
2013-01-31,96.4654356833111,89.6475624002433,89.5074171541755,89.9519911123655,87.7292072795327
2013-02-01,96.4550065255488,89.6308585439744,89.4829312104207,89.9074696081478,87.7060008383566
2013-02-02,96.4441088431241,89.6162358875836,89.4562813100654,89.8655534789887,87.684568588717
2013-02-03,96.4334379020004,89.6012791739998,89.4291850148492,89.8203863303012,87.6636249656946
2013-02-04,96.4229774487741,89.5875452463149,89.3999425441569,89.7771759292643,87.6425947508396
2013-02-05,96.4128329200042,89.5728337341194,89.3688510242113,89.7322310229053,87.6198380661571
2013-02-06,96.4033041607297,89.5570411180817,89.3358042793049,89.684697844966,87.5940967190923
2013-02-07,96.3948906594913,89.5416664796958,89.3071883060626,89.6391734034995,87.5713545153262
2013-02-08,96.3871338148881,89.5288069620119,89.2856554432805,89.6004848701388,87.5583876371091
2013-02-09,96.3782730955793,89.5182599828154,89.2673671632537,89.5606229650673,87.546836980714
2013-02-10,96.3700092823442,89.5111415759968,89.2432875364979,89.5177889369831,87.5320669065117
2013-02-11,96.3614605952923,89.5044610816386,89.2177402114218,89.474695450799,87.5139510006448
2013-02-12,96.3527624368118,89.4950812010809,89.1911368378187,89.4303601506228,87.4930197387005
2013-02-13,96.3444182989129,89.4839709444735,89.1674906845867,89.3880796169176,87.4723349775969
2013-02-14,96.3363710343648,89.4736312863005,89.1440463481924,89.3462086992039,87.4518894638067
2013-02-15,96.3280219710346,89.4640681125654,89.1201969383344,89.3090119263258,87.434812427457
2013-02-16,96.3194254095011,89.4525636017832,89.1002010967569,89.3209039956657,87.4234788320245
2013-02-17,96.3111261256,89.4387623706468,89.0883807979652,89.2973379061113,87.4109720757149
2013-02-18,96.3034791500329,89.4248182457792,89.0669206927667,89.2585946427476,87.391540773881
2013-02-19,96.2959832768162,89.4093770492051,89.0455651500645,89.2195045269626,87.3706292545052
2013-02-20,96.2883200382229,89.3942867704124,89.0229678376296,89.1812946687049,87.3506277768731
2013-02-21,96.2813132161563,89.3798547625762,89.0049088863428,89.1454258772554,87.3340575201905
2013-02-22,96.2748846582393,89.3652885731703,88.9906080183853,89.1092746729115,87.3176976368931
2013-02-23,96.270144452922,89.3519953468198,88.9778283777756,89.0719014487685,87.2997227029843
2013-02-24,96.2683883896444,89.3423403985847,88.9583814564207,89.0335552194123,87.28335499276
2013-02-25,96.2667762005722,89.3318419977888,88.9342757087707,88.9964508564508,87.2654432353832
2013-02-26,96.2614336096812,89.3196196500843,88.9094578212959,88.9585555374617,87.2446438814136
2013-02-27,96.2565010519447,89.3091744693823,88.8841791902628,88.9203273389933,87.2252880916341
2013-02-28,96.251751741065,89.3000988343436,88.8578078639929,88.8816327944184,87.2084728472542
2013-03-01,96.2482580237924,89.2941131918686,88.8334741134392,88.8463078839739,87.1944012449729
2013-03-02,96.2441573510354,89.286022865006,88.8129461540169,88.8470424664635,87.1782372995381
2013-03-03,96.2384135367217,89.2761974047443,88.8163124889473,89.6181654600978,87.1654321918417
2013-03-04,96.2336135644136,89.2676766372713,88.8790955234531,90.0213650392063,87.1777713604891
2013-03-05,96.2321620674844,89.2615375521313,89.0009536374607,90.220858634967,87.216091072935
2013-03-06,96.2284530512444,89.2501819166425,89.043855340014,91.2608902545742,87.2256171514984
2013-03-07,96.2248609564314,89.2404737097476,89.0740439199426,92.2135840662552,87.3125129824532
2013-03-08,96.2237188067895,89.2325139919914,89.1203740937358,92.2324462827605,87.3625187975613
2013-03-09,96.2241506363567,89.223681627846,89.115131143024,92.0585898757802,87.3404337460921
2013-03-10,96.2187775933996,89.2137018197908,89.113715395532,91.9129770667356,87.3194728005321
2013-03-11,96.2137327232519,89.204153982602,89.0980708103405,91.7851774196253,87.2969349607365
2013-03-12,96.2084698911549,89.1926251634871,89.0732217895361,91.7616551536487,87.2744304777658
2013-03-13,96.203272137905,89.1802857055495,89.059924950735,91.9771991445081,87.2565091910723
2013-03-14,96.1985926493045,89.1685213061527,89.0702981413642,93.4940480454883,87.2476556670003
2013-03-15,96.1960879202903,89.1624908142524,89.2389002585623,95.9736159555533,87.2736709991547
2013-03-16,96.1927283226836,89.1552196853707,89.3484474669812,96.0475529560847,87.2845828363348
2013-03-17,96.1873526200107,89.1430859790444,89.3296150203282,96.2269628711707,87.2683825486521
2013-03-18,96.1818895136464,89.1315181565915,89.3151025122522,96.8791396997348,87.2535746112763
2013-03-19,96.1765215123363,89.1200437332458,89.3065909928426,97.4216434667991,87.2377666870616
2013-03-20,96.1735824686624,89.1105026370746,89.3585560473099,97.5823597109581,87.2417627275953
2013-03-21,96.1691430977552,89.0988552795171,89.3656175655713,97.5129253438415,87.2287494867485
2013-03-22,96.1646309161168,89.0866382721973,89.3705519913595,97.3987608728204,87.2181818641916
2013-03-23,96.1605260953865,89.0763636143847,89.3754432500078,97.5285908245804,87.2272747585316
2013-03-24,96.15942077278,89.0691754557408,89.3991971163857,97.8263123536041,87.2422789351761
2013-03-25,96.1566882667766,89.0648545447238,89.4296633665211,97.9618128394566,87.2405747371392
2013-03-26,96.151919584917,89.057698265137,89.4223590961224,98.4986686441688,87.2292299992102
2013-03-27,96.1470066694195,89.0488435624749,89.4106891524725,98.6990580498631,87.220608508153
2013-03-28,96.1435164938565,89.043791561668,89.4249260052896,98.8213361637616,87.2216900270705
2013-03-29,96.1395088421828,89.0452784508769,89.4658433124755,99.269695777129,87.2553535163418
2013-03-30,96.1386122847299,89.0539552396895,89.5331359986692,99.7924692710647,87.3320371186225
2013-03-31,96.1384131555595,89.0740242716056,89.6503529938307,100.039708612736,87.4557328757351
2013-04-01,96.145881779407,89.0898788346977,89.829211530019,99.8202649543019,87.5201668870163
2013-04-02,96.1435848646811,89.0802178463225,89.885067114696,99.6943500611501,87.495347102229
2013-04-03,96.1377162105337,89.066711886947,89.9478002229679,100.529884334498,87.4499820126762
2013-04-04,96.132655759249,89.0533844490762,89.9270947212429,101.844689098943,87.4132986453935
2013-04-05,96.1282282713259,89.0413844580365,89.9087400112441,102.459752509037,87.3836976179542
2013-04-06,96.1250737534579,89.0289227225802,89.9421036425181,103.080027943054,87.3654890935677
2013-04-07,96.1212191130805,89.022004225064,90.8605469318602,106.307508450174,87.4974880387619
2013-04-08,96.1173002538632,89.015162712813,92.4665447263192,110.644390395651,87.7482299291083
2013-04-09,96.1232626424619,89.0504412160335,94.5843164700184,114.301795876214,88.0259735458282
2013-04-10,96.1962271984669,89.3202605050703,98.3351199874217,116.882271867399,88.9928937667133
2013-04-11,96.3755521954846,90.0041231072929,101.623453333283,116.549057361872,90.9253496610327
2013-04-12,96.445591927736,90.2413377683207,101.618020044891,114.763343198995,91.4675788245579
2013-04-13,96.4706104274458,90.2828999956792,101.187240573337,113.632666795143,91.5578151433961
2013-04-14,96.4962058738142,90.3630873000194,100.86134254453,112.714985591671,91.668207142319
2013-04-15,96.5029277831394,90.3664854212573,100.509484144179,112.549157034117,91.6844063063155
2013-04-16,96.5029223918474,90.4029959482416,100.347468377112,112.317697293354,91.8531992503734
2013-04-17,96.5023183685494,90.4432517431039,100.60667625101,112.914877835426,92.0496785056901
2013-04-18,96.5262094698276,90.4318835116902,100.662364749434,113.789523904621,92.0833940347124
2013-04-19,96.5942620859689,90.4952344061671,101.38740742141,115.239211621903,92.4183996897829
2013-04-20,96.7062716812658,90.8326770521849,103.809597578526,116.565359817514,93.6346791779508
2013-04-21,96.7838177998576,91.3233085117392,106.632592205027,117.089604181221,95.2315880028364
2013-04-22,96.9087433273481,91.8282889909837,109.200390874507,116.909188084398,96.894300651106
2013-04-23,97.1869995849217,92.5098662722877,111.468823489757,116.592144943248,98.6207094667894
2013-04-24,97.5590681829698,93.3879101448665,113.118505811828,116.359711937042,100.507159423474
2013-04-25,97.915506679029,94.3368278411402,114.795230812777,116.026348466141,103.169626379424
2013-04-26,98.3960892708942,95.2624596591229,114.72606589693,115.775583676136,104.591801331208
2013-04-27,98.9132529292742,95.8195277674997,114.427998675797,116.692808145488,104.767660489941
2013-04-28,99.7036650443363,96.3486952494712,115.424170625045,117.001751107947,105.432107966928
2013-04-29,100.829853320488,96.813643538722,116.262680093519,116.609654147071,106.236421789494
2013-04-30,102.578799592125,97.6428158473169,116.15051384264,116.114141272597,106.589134347291
2013-05-01,105.191095798402,98.6195398495078,114.782026447916,114.352664082423,106.356110867308
2013-05-02,107.653651992277,99.135803030033,113.738699510635,113.874158671161,105.687313507007
2013-05-03,109.449998792668,100.225269216069,114.477073744133,114.509825636043,107.809005739189
2013-05-04,110.85157624068,102.392697289323,115.518548581339,114.450017409967,111.536880786714
2013-05-05,111.941361540618,105.04418150642,116.524267005295,114.26595645207,115.741773994542
2013-05-06,113.079604332808,106.196776472917,116.324901653234,113.427718402545,117.380084979814
2013-05-07,113.416535385522,105.88446606761,116.178939667193,112.544260649607,117.10893329375
2013-05-08,113.494189580975,105.898131175439,115.08968762215,111.350569295696,116.371584458261
2013-05-09,113.793527592016,106.607246454863,114.423687753063,110.131575024377,116.688441412352
2013-05-10,113.960417292426,107.351961262011,114.117903235699,109.658309272885,116.729412575529
2013-05-11,114.50227840535,109.311495270645,112.620862818479,109.394155470266,116.671431288812
2013-05-12,114.782004820654,111.662591229181,111.442819499859,109.939985144655,116.717050548967
2013-05-13,114.745075333606,113.653874712157,110.810306004115,109.133307881935,116.777348208428
2013-05-14,114.657841326984,113.797034542956,110.429879077856,108.007446501398,115.964435094232
2013-05-15,114.623998716231,113.760555370644,110.1494290851,107.812954861935,115.008699919414
2013-05-16,114.619357267065,113.876893994827,109.6422570193,106.912926446006,114.104061816506
2013-05-17,114.77221196467,113.862949170728,108.712129872539,106.39090910631,113.240131200997
2013-05-18,114.822635501365,114.153060174451,108.358875947666,107.739543397053,112.563231059375
2013-05-19,114.566513093035,113.620242249439,108.901769257053,108.077969434989,112.211143522831
2013-05-20,114.143631559502,112.790201981046,109.386435028161,107.493501373348,111.349093493502
2013-05-21,113.821501960041,112.385736057217,108.999652792319,107.562936882131,110.501833059611
2013-05-22,113.811306324554,112.34831483011,108.879348231103,108.112419672848,109.998876832003
2013-05-23,114.3881634446,112.64412554619,107.977087494041,108.302911239946,109.471482865882
2013-05-24,115.08099542095,112.695599911258,107.23481293581,107.185892131357,108.858488730335
2013-05-25,115.276311234697,112.130722184026,105.749329330366,105.467257141537,108.161278306711
2013-05-26,114.68417453678,110.97251131478,104.670241145606,103.983758434012,107.191063713318
2013-05-27,113.659531432929,109.396399961992,106.273784189487,103.313308274445,107.013798569507
2013-05-28,112.573537416414,107.937548862275,107.479451895914,103.388705925809,106.412076278722
2013-05-29,111.665900411669,106.639467372524,107.694731009918,101.909248910209,106.562959300743
2013-05-30,110.961193570724,105.195994949473,107.49185245996,100.73706469092,105.910214436301
2013-05-31,110.592871994333,103.977240201994,106.925056530461,99.7263863319623,104.79810604622
2013-06-01,110.000675039085,102.579210606735,105.683074467916,98.7983909180554,103.762748420721
2013-06-02,109.383783611198,102.206277948801,105.262819320551,98.0919937372212,103.270792329314
2013-06-03,108.688200369628,101.338698226828,104.895716753491,97.4866172606287,102.804701766423
2013-06-04,108.247367011274,100.733859882048,104.305805948792,96.9549898437857,101.829655190791
2013-06-05,108.178360577018,100.765209129225,103.310438617941,96.1360733918629,100.783952824272
2013-06-06,108.0633823934,100.296356883718,102.988329055061,95.7554407486771,100.105426609396
2013-06-07,107.79050699767,100.675231313823,102.432386087682,96.0837187974569,99.635786656711
2013-06-08,107.356437715476,99.8345995467757,102.603912412323,96.5702383824771,98.8260285331217
2013-06-09,105.811436441463,98.2144320287047,102.784791489275,96.4533460003061,98.9375958177423
2013-06-10,104.687096853423,96.771983745579,102.38979441309,96.5339472847298,98.8037200483836
2013-06-11,104.283810550585,95.6387973769715,101.003224184941,96.4099909772078,97.8701480153632
2013-06-12,103.513522771733,94.4649475022161,99.5333241968988,95.6888206440465,96.3885763294896
2013-06-13,102.067105155855,93.1481671319399,98.713068705905,94.9530701966894,95.6318218481021
2013-06-14,100.88065441931,92.4790486492772,98.6534076474981,94.272379441754,96.7827895177765
2013-06-15,99.5179860638199,91.7265593025191,98.5120784983052,94.119186140203,97.2481235108945
2013-06-16,98.1568756411911,90.6441378481136,98.8239537882949,93.6229380535756,96.5165017906173
2013-06-17,97.6268595246249,90.0723836154086,99.0222094535076,92.65439038184,95.7695882703512
2013-06-18,96.7943248338018,89.9910222520948,97.7571889759819,92.2658099958946,95.385549758114
2013-06-19,95.7789591729362,88.681771328423,96.6933854541281,91.2379034219774,94.0211004651475
2013-06-20,95.1852381986755,87.3820452836223,95.5224609798679,90.0038316882865,92.8543261536225
2013-06-21,94.9579821518402,86.5528921984402,94.0978009877707,88.7051194809885,92.0150338624055
2013-06-22,95.2808566919464,86.07765441044,93.1484068847563,87.4891494201312,91.0326338524114
2013-06-23,95.5267300497756,85.0651609133095,93.2747975658183,86.2496470455125,90.9985164867568
2013-06-24,96.9198234695126,84.7092670926489,92.7468027018014,84.8562546879341,90.5728156722283
2013-06-25,97.3209075991038,83.9277807541827,93.0013519636609,83.9242357465216,89.9667249282568
2013-06-26,96.8311666710231,83.2697430228723,92.587859450197,83.9138174903881,89.7617654811908
2013-06-27,96.3306914639112,82.5378244147459,92.0665892373983,83.6820518506559,90.2626494725454
2013-06-28,96.3354872214158,82.2434185345229,91.7868404818484,83.0319955820918,90.7083826946339
2013-06-29,96.8028500948942,82.3228545229551,93.5436821385792,83.0659717151387,90.8568794028204
2013-06-30,97.0961102763424,82.1164523156732,94.5649600543558,83.1145560512321,90.6057489216186
2013-07-01,96.5562786021594,81.752273050643,94.4419950604913,83.35650123193,89.9981004651887
2013-07-02,96.3553800878964,81.7992561542095,93.2643795722264,83.0967265026184,89.470108677819
2013-07-03,96.9524289930776,82.6257128867154,92.5076055050486,84.6286173297164,88.5507849735478
2013-07-04,97.4184095077474,83.9224358165937,91.213478720539,85.8211108198059,87.8300738515655
2013-07-05,97.9672078282212,84.987409123245,90.1399993620204,85.9113232582246,87.1104329491458
2013-07-06,99.1670509124559,85.4451571962956,89.8608157456818,85.9766485447335,86.9206962724358
2013-07-07,99.8387072113343,85.3820889240754,90.0456787659875,85.8262852553493,87.4412103782799
2013-07-08,100.248260979339,85.6490263543668,90.1759010333673,85.9658622059926,87.6680777204564
2013-07-09,100.607318475654,86.8978415070517,89.8464501452554,85.9663284042052,87.4261071978659
2013-07-10,101.024857924921,88.0805016897166,88.9663628361919,85.4054290300964,87.1770862639359
2013-07-11,100.161879429374,89.8664136956006,89.4015069249096,85.1314247557743,87.0946268751978
2013-07-12,99.5677444983765,91.2019915315665,90.7357744571398,84.4648212116999,89.8306011001482
2013-07-13,99.2632464650171,91.3027049725017,90.7556468699285,84.0525436901445,91.5808370252851
2013-07-14,98.7666799193185,89.4399702417802,91.0221582738224,85.4161896667655,91.2498479957174
2013-07-15,98.3881057481746,88.6851909824489,91.4761042617565,86.5029268795701,90.6186652576536
2013-07-16,98.5490352591005,88.183927199449,90.2813173888863,87.3128080846081,89.7445207971187
2013-07-17,98.6487512268894,88.0351571471985,88.8720410917212,87.1458414214746,88.797292071398
2013-07-18,98.7582767792029,87.612787865949,87.1016852432462,86.7142746982253,87.375716771047
2013-07-19,97.6445822608821,88.0699471340948,85.8411197382178,87.0306115425033,86.3835936670145
2013-07-20,97.0438471493218,88.7557120647267,84.8083190778312,87.7408846714407,85.6957349253934
2013-07-21,97.1405208773527,89.8385790372869,84.073124053679,88.5536330817842,85.7268314479202
2013-07-22,97.0712032938091,90.0363603992935,82.9714591621155,89.1181078978802,86.0809037831365
2013-07-23,96.4889851233432,88.2295689620429,82.2021393618621,89.7076467348231,85.8245439179057
2013-07-24,95.6812071274851,86.5336010923597,82.2949809313204,89.6916846025562,85.3542160316211
2013-07-25,95.4220857782411,85.5318470176825,81.655952585035,89.0121720356471,85.1772157527223
2013-07-26,95.2484448146847,85.5738160376492,80.5908594821239,88.4192006395413,84.9735149220377
2013-07-27,95.1251796201519,85.485878881437,80.0378084421683,88.6060556691602,85.068675965279
2013-07-28,94.923276778234,84.7121054424856,80.1545418405434,90.5929243233162,85.2596728074821
2013-07-29,94.6299160751497,84.5155977930713,80.5073624211241,90.845422760712,85.1819631197789
2013-07-30,94.7940973153489,84.4749592339003,80.9710164151642,89.9609988316306,85.221196857399
2013-07-31,94.9947574911821,84.2860791982298,81.776868759308,89.0829881758082,85.2802507803787
2013-08-01,95.0078259776765,83.9050103413051,82.3555887096605,89.0404349159626,85.284316883379
2013-08-02,94.8214446766757,83.8192548367251,82.033149388262,89.2050759943578,85.0856955562286
2013-08-03,94.1948967060771,83.4084769729457,81.4912119786001,89.7000096215766,85.1230895232713
2013-08-04,94.220802078002,82.6843756417731,81.2295383677315,90.6572372373043,84.3730772230047
2013-08-05,93.7292153153995,82.0195671061802,81.5989168526449,91.2967789148153,83.9055401877713
2013-08-06,92.535695261511,81.6354058192286,82.0622289899763,91.799218333674,83.8221488955792
2013-08-07,91.0848579631657,80.7694453434261,81.6843708854298,93.0063611318684,83.8577630507457
2013-08-08,89.646360674882,79.4959977533328,81.0631820667526,93.8490442673687,83.2753899055039
2013-08-09,89.117472938932,79.1198227443416,80.0965529753695,93.8606349928533,82.7401757881919
2013-08-10,89.9670225965336,79.2751080806804,79.1691813576799,93.6645071724383,82.0038588926726
2013-08-11,90.3721922565163,79.090811145697,78.902937888155,94.0362411094798,82.1849850926431
2013-08-12,90.3853763263932,78.1977497721122,79.5011379690969,95.4497824496237,81.8707244427221
2013-08-13,90.77166354634,77.4627372055288,79.8156410239652,96.4159227522803,81.3064391003668
2013-08-14,91.3848446271115,77.3825636263699,80.1471639167835,96.4971483983978,81.5072464663942
2013-08-15,92.0091624914711,77.9064119954891,81.297567496737,96.06116563979,82.3588646209501
2013-08-16,92.2948909515295,79.0383698647124,82.1363287460784,95.130011292954,83.7848479789641
2013-08-17,92.4616346726091,80.0159442617642,82.4408387679595,93.7723124195569,84.7309695861579
2013-08-18,94.1792212882001,81.1907690162734,82.3261962403865,92.587886276892,86.3105899864834
2013-08-19,96.6056740954714,83.2804512458565,82.5422957745889,92.1606105218895,87.1347165003949
2013-08-20,98.242102990986,86.2340266778718,83.6937756722515,91.6526186361672,87.4897613539005
2013-08-21,98.9157317877474,88.2071380457981,84.4600156081589,90.8089345061605,88.5816962922249
2013-08-22,99.3748469507247,89.081339456137,85.0266496647609,89.6746701606442,89.3060317699903
2013-08-23,99.7924550333395,89.6696465379792,85.6956911156359,88.6007748636274,89.5769976629251
2013-08-24,100.388370319557,91.2725787818011,85.5002937891415,87.9496590904428,89.3860254239264
2013-08-25,100.752837560466,91.8790071227821,85.3187370530863,87.9867528075642,89.9376223357549
2013-08-26,101.859935479466,91.9354255229792,86.2860834404327,88.1732041220221,92.2278054509293
2013-08-27,102.668421768865,92.5285858019046,87.7233857422384,88.8443900177338,93.004162011699
2013-08-28,102.132865245567,92.756896706875,88.6475066442867,90.4800391638616,93.3338362625317
2013-08-29,101.653147731794,92.3006994931207,88.5071824797319,91.6415808410432,92.7136924469696
2013-08-30,101.874033994494,91.5293220199168,88.6646093657048,94.2501048920702,91.9679239972309
2013-08-31,102.579316124989,91.2754894088712,89.987592585395,95.308687991447,91.6370876556179
2013-09-01,102.657543978767,92.1895572039634,90.577879258732,94.4124510704975,91.7777002802769
2013-09-02,102.487553167633,93.9349089323484,90.6179220283076,93.6128784660135,92.5892464097246
2013-09-03,102.898284137739,95.165605503926,91.7308999348498,93.1594266447614,92.7520094187264
2013-09-04,103.541584233345,95.1153939802747,92.9404328517954,91.953856336909,92.9294107626814
2013-09-05,103.971734047872,94.7252798618369,92.339655570578,90.8513228366229,92.0436678232036
2013-09-06,104.515302508762,93.9529127676306,91.7784525010931,89.8164719930607,91.5103592315322
2013-09-07,105.66069483491,94.3964886312479,91.2295455925696,88.8635788289997,91.4277486098869
2013-09-08,106.784816590005,94.7150090725454,91.1484296004879,87.9974128275261,91.465245690641
2013-09-09,107.945119811056,97.1261614414993,90.9159162744804,87.8405738775057,91.2314413997497
2013-09-10,108.472444670349,98.1374848975158,90.4419799201538,87.4566102080271,91.1603424979988
2013-09-11,108.595984101682,97.912887592873,90.6083138859158,87.7040444695343,91.4096693038488
2013-09-12,108.722517397322,98.481700496342,91.2460775861557,88.0492829884578,91.4675520415855
2013-09-13,108.628136991381,97.7528066972851,91.5301924451169,87.6110810581426,91.3697766489568
2013-09-14,108.012495881672,96.9834720207269,92.192918481674,87.9393697686,91.2800444026839
2013-09-15,107.657068041284,96.6164377576543,92.6653261969395,88.7896501980716,91.5844487424442
2013-09-16,107.406123794964,96.3196533759124,93.2171965785054,89.1995430108296,91.9176022543529
2013-09-17,107.107742196346,96.3359307731092,94.912602860454,89.7201119034805,94.1611863417421
2013-09-18,106.82290843616,96.2445607998497,96.5677669597643,90.4316604295008,95.9436232610094
2013-09-19,106.43351383596,96.2438321248609,96.7724180462107,90.4561729609328,96.4682425243291
2013-09-20,106.032036789634,96.4630025325113,96.206112156644,90.3431012806916,96.8959025200743
2013-09-21,105.790214902387,97.0224113456208,96.2720326063755,89.9818399145913,97.3256302041414
2013-09-22,105.556402987612,96.9735856900474,96.915439037821,89.6219303651267,97.3218983016672
2013-09-23,105.449587326764,96.9320923483977,97.5789492930986,89.1728644645471,97.8248478157415
2013-09-24,105.279253066548,96.979050668552,99.0093695402744,88.7232590962801,99.3372809067306
2013-09-25,105.091370402537,97.4289905348476,98.8633093502432,88.1147311215638,100.388209734997
2013-09-26,105.173021742071,98.1867477897133,98.3134232860234,88.7467229739131,100.229611585585
2013-09-27,105.163488586394,98.4240775938161,97.6381807905326,90.1074152905727,99.5007301154126
2013-09-28,104.952236358716,98.5522446631262,97.1460567475451,92.0712866309151,99.0526507563676
2013-09-29,104.538538150968,98.2279376435731,97.2070628233018,92.6178210141614,98.6792544228237
2013-09-30,104.100276139762,97.8907997219646,97.8215741315647,93.0459939746742,98.9626852163941
2013-10-01,103.675386232399,97.5103345929557,98.8742031531475,93.7955160512065,99.5639608044415
2013-10-02,103.319483336643,97.1834935012591,99.6015627624249,95.1685365736401,99.7256152292964
2013-10-03,103.016265792553,96.9088841043557,99.7108315244108,95.3916010594614,99.4773488539304
2013-10-04,102.723039476426,96.5681672810123,99.3857911686574,95.4751684168709,99.0234969089236
2013-10-05,102.615683537739,97.0349193222772,99.3421467564318,95.210119668878,99.3765827035632
2013-10-06,102.4490474195,97.4303161100631,99.2242292363763,95.4082147958192,99.7570837388788
2013-10-07,102.278202645627,97.5749305450893,99.770455187676,96.0195745209175,100.340765325411
2013-10-08,102.220073366454,97.8814620250145,100.970918026234,96.6012609038045,102.68174045992
2013-10-09,102.045288515313,97.8955117389751,101.989895061932,97.2175050853572,103.149919397445
2013-10-10,102.023856052336,98.4074469827089,102.200279298383,97.5147331616817,103.222321796278
2013-10-11,102.043104280561,98.5627166726903,101.735249478065,97.3563878175561,102.784152637827
2013-10-12,101.887976876037,98.3859768145684,101.425493341096,97.5091832182385,102.229295206931
2013-10-13,101.686297826299,98.1888892946145,101.519055084959,98.2694010103233,101.600491339008
2013-10-14,101.498007848768,98.0734526652469,101.489948486193,98.429564052759,101.218664442729
2013-10-15,101.454268926193,98.5126200203383,102.263080930937,98.736928119652,102.222698781132
2013-10-16,101.483544552465,99.3990865441458,102.014431108557,99.0455128663333,102.316599013082
2013-10-17,101.577376132261,99.7409638534006,101.565950284091,98.8479146047345,101.815408310612
2013-10-18,101.552467718942,99.6446080612794,101.030188870979,99.0472381253857,101.350253537276
2013-10-19,101.458728180002,99.323084355362,100.685640747596,99.0374283516843,101.02601969642
2013-10-20,101.347385595167,99.0280495647196,100.894497297868,98.7967624394291,100.969623132588
2013-10-21,101.197387886445,98.6756289020672,100.857960394448,98.8051712127449,100.961668508977
2013-10-22,100.986879277239,98.2144621657138,100.399695373704,98.8194644637532,100.685924463707
2013-10-23,100.791671102484,97.7441253244443,100.057441142032,98.6892457876732,100.323184825754
2013-10-24,100.626464471916,97.3074168232298,99.6938488151779,98.3600073670646,100.113937410571
2013-10-25,100.487219287999,96.9522417901494,99.3710808169081,98.22202553419,99.9046867624585
2013-10-26,100.346801559671,96.6572562638837,99.2014745761593,98.7923217695166,99.7394201544052
2013-10-27,100.204644167758,96.4202194923723,99.2069550331222,100.221023740237,99.5664671961721
2013-10-28,100.100795823779,96.6132417341735,99.4193883783255,101.706862242272,99.2415244929151
2013-10-29,100.069188031395,97.1192309625656,99.7425487785029,102.506467820221,99.1328830192431
2013-10-30,100.02390644364,97.3070243253011,103.38290475181,103.32057069818,101.088573530546
2013-10-31,100.075267008619,97.3021892019891,107.783771854849,103.778213522737,103.205913120102
2013-11-01,100.561812675458,97.537125096278,108.192813078548,105.478533860069,103.376765666925
2013-11-02,100.524548811315,97.356030549848,108.05785216706,106.477709909282,103.259036148785
2013-11-03,100.502858770549,97.4309922110984,107.361336290337,105.773740164443,103.224216472544
2013-11-04,100.413733689593,97.218519253987,106.08268376632,105.199010635534,102.449891967733
2013-11-05,100.262229133329,96.8520615537568,105.025794688624,105.537006756798,101.723955327198
2013-11-06,100.099179569041,96.428569686151,104.172914630568,105.786022619981,101.131539086956
2013-11-07,99.9536870704579,96.1067396359945,103.643226638605,105.191611710442,100.804650686843
2013-11-08,99.8699360701335,96.384111988286,104.005152123042,104.579724496197,101.411715640637
2013-11-09,99.8276378812028,96.6768267177348,104.403282192697,104.107352047293,102.221331668917
2013-11-10,99.7590000796879,96.9414208611839,104.007819438783,103.532674835289,101.954795703153
2013-11-11,99.6139791672982,96.4566420682801,103.352035117417,103.117912382069,101.180359838065
2013-11-12,99.4845634294088,96.0478294407808,103.326128930907,103.432214248004,100.612469617172
2013-11-13,99.4031525497228,95.810222590013,102.808484542701,103.693501933512,100.103514711159
2013-11-14,99.3331379600988,96.0739947215226,102.212542177916,103.193240834072,99.6771249357391
2013-11-15,99.2085494876582,95.7460701443405,101.699167027773,102.71911344994,99.3074323726621
2013-11-16,99.0904531440759,95.4033597969354,101.300819307215,102.483451524476,98.9774840257974
2013-11-17,98.9818678020307,95.1055721057139,100.927818590836,102.24696931846,98.6823865464103
2013-11-18,98.8851628760143,94.8406648444926,100.608290978142,102.103558638035,98.4295042260587
2013-11-19,98.7973503607218,94.6029061741365,100.332925262228,102.091408265846,98.210701938141
2013-11-20,98.71237196216,94.3860801150415,100.06949435177,102.15655025499,98.005401113483
2013-11-21,98.6317362142706,94.185106102162,99.7972521322664,101.790090523358,97.7761345082388
2013-11-22,98.5555103464117,93.9993753503337,99.5206669941459,101.411215313043,97.5531399974155
2013-11-23,98.4855702561087,93.8276753321706,99.2557864516084,101.083112211085,97.3427089930951
2013-11-24,98.4158996114117,93.6718184351528,99.0114192166686,100.788298355061,97.146346535441
2013-11-25,98.3454618645709,93.5257275871635,98.7819750546698,100.518886622084,96.959123775957
2013-11-26,98.2778494447625,93.3872569134827,98.5618742037988,100.268413093576,96.7813646181425
2013-11-27,98.216044639631,93.2554785651067,98.3515939724797,100.04556117438,96.6153808666213
2013-11-28,98.1578384912036,93.1322025834299,98.1535496359183,100.076334077861,96.4614751687387
2013-11-29,98.0978796761,93.0121918993467,98.0075641905794,100.968431433407,96.3138169120769
2013-11-30,98.0429063129571,92.897438629626,98.0130224386089,102.476993993923,96.1892318190421
2013-12-01,97.9910264891895,92.7891640393379,98.0575879884094,102.793284656622,96.0870628628444
2013-12-02,97.9419059013831,92.6875252499869,97.9138868326424,102.85542428915,95.9658252184657
2013-12-03,97.8906275691898,92.5885535106709,97.7491439822718,102.486490784321,95.8368710386863
2013-12-04,97.8416907996136,92.4967022162409,97.5979639739144,102.213732583562,95.7165390149219
2013-12-05,97.8178920560475,92.465671607172,97.4448175738429,102.143597115252,95.5979203313408
2013-12-06,97.8075761454123,92.5544049365462,97.2969443257616,101.894149122021,95.4839158971197
2013-12-07,97.7953800954572,92.7453526805627,97.1459557020307,101.611952348851,95.3702146640754
2013-12-08,97.7907218349424,92.8369233765208,97.0041491640944,101.350024819047,95.2604533547116
2013-12-09,97.7743555505163,92.7571258922031,96.8731727837502,101.105913209378,95.15918568946
2013-12-10,97.7214398975673,92.6429017397398,96.7433098970834,100.879084504816,95.0564549424193
2013-12-11,97.6700306125396,92.533847225387,96.6147636339718,100.668513555283,94.9557523410462
2013-12-12,97.6206969368542,92.4301261528171,96.4921373860352,100.468060768783,94.8567657388751
2013-12-13,97.5743618565937,92.3297181186996,96.3714345966902,100.269886830053,94.7601692874123
2013-12-14,97.5324447956745,92.235592935915,96.2605044363323,100.081013829983,94.6685225499026
2013-12-15,97.4932275831478,92.1463907977585,96.1615023036393,99.9633946428706,94.5846782685685
2013-12-16,97.4533810890003,92.0620083790404,96.061581425518,99.8634568137349,94.4986008605821
2013-12-17,97.4134654661586,91.9829182163454,95.9553721176832,99.7000620335687,94.4137576524034
2013-12-18,97.375667045599,91.9103182150393,95.8537235198145,99.5412286640418,94.3300504892531
2013-12-19,97.3389460618908,91.8416389604003,95.7578312471848,99.3923835452713,94.2513570472377
2013-12-20,97.3008998743773,91.7734434489121,95.6674047776426,99.2470869860595,94.1746990935365
2013-12-21,97.2661980663068,91.7142529064042,95.5896678733065,99.106253848826,94.1038085255864
2013-12-22,97.2310300610688,91.6579150542806,95.5064507907582,98.9742290692856,94.0356190487819
2013-12-23,97.1983222409271,91.5994409806528,95.4250244001203,98.8456743083116,93.9725975033356
2013-12-24,97.1687352484446,91.5430453805267,95.3437576639762,98.7214304461574,93.9065778456296
2013-12-25,97.1374555362903,91.4871230699686,95.2647215010727,98.6027235034326,93.8413619972385
2013-12-26,97.104530210887,91.4305533561202,95.2000785677022,98.5219302352434,93.7789911017063
2013-12-27,97.0719031637232,91.376140570052,95.1454617415581,98.6290645501916,93.7144439784576
2013-12-28,97.0400947962214,91.3249221814184,95.0685391436463,98.5224870749443,93.6507892476551
2013-12-29,97.0087186104998,91.2725860171904,94.9886644424518,98.4063876129932,93.585695369977
2013-12-30,96.9776929896796,91.2209192411392,94.9099899549304,98.2932066094942,93.5199403683885
2013-12-31,96.9467986753201,91.1710248479591,94.8353371882082,98.1833447908826,93.4547870762808
2014-01-01,96.9165285720306,91.1230046434912,94.7699765526063,98.0807154139635,93.3925459128059
2014-01-02,96.8863786404783,91.0781546440733,94.7077314299085,97.9808444824697,93.3398029984349
2014-01-03,96.8574567925933,91.0370994659475,94.6546069758182,97.8842987762001,93.2936064289309
2014-01-04,96.8302598604019,90.9979565806042,94.5955808439436,97.7877824721935,93.244689167352
2014-01-05,96.803498034324,90.9561623988224,94.5311138825607,97.6947264803982,93.1898943247464
2014-01-06,96.7764497161459,90.9129422920123,94.4691915217136,97.6038557417363,93.1351058386591
2014-01-07,96.7495832857944,90.8741382401865,94.4140195464023,97.5165803463983,93.0854653878322
2014-01-08,96.7228642354504,90.8361148825459,94.3600542035061,97.4348402568558,93.0401083757471
2014-01-09,96.6962388403319,90.7955590801827,94.3050416996981,97.3575078921128,92.9934304870491
2014-01-10,96.6703922296215,90.7526365671429,94.2472415942932,97.2812938418123,92.9435882475576
2014-01-11,96.6456283308697,90.7124088087209,94.2005245847012,97.2079771426537,92.8962326904119
2014-01-12,96.6215652801583,90.6729701823107,94.1594244321239,97.1325808518643,92.8494084964545
2014-01-13,96.5988713602803,90.6365815731222,94.1181348626296,97.0591922996957,92.8130059952804
2014-01-14,96.5762629293737,90.6008959005626,94.0717912755979,96.9878274762573,92.7760914024939
2014-01-15,96.5538169299293,90.5675529880129,94.0535226988223,96.9731272838274,92.7537416811612
2014-01-16,96.5323137727339,90.5381379968832,94.0207665381885,96.9299641744385,92.7209148996206
2014-01-17,96.5107011616031,90.5087437289494,93.9852706870765,96.8790581361526,92.6876764518498
2014-01-18,96.4915802509826,90.4816419025593,93.9556259461327,96.8392583814426,92.6569700694782
2014-01-19,96.4728256730516,90.4549031317595,93.9071764130031,96.7699828682196,92.6166564772237
2014-01-20,96.4553123493137,90.4314138765215,93.858372828898,96.7045779815893,92.5792864473529
2014-01-21,96.4443590846727,90.4252522188449,93.8128049158708,96.6431742099141,92.5432433398676
2014-01-22,96.4366106897917,90.4262758078118,93.7633595508493,96.5828607950039,92.5053957168759
2014-01-23,96.4227385094451,90.4160485262167,93.7174079064337,96.5243978375065,92.4780723657446
2014-01-24,96.421169281212,90.5627948597687,93.8015447311412,96.6378901179244,92.7241688539306
2014-01-25,96.4152187477429,90.763195202212,93.9034302475159,96.93096842264,92.9244110535521
2014-01-26,96.4001181917205,90.7468438424675,93.8896184734242,96.9974216309007,92.9215337747802
2014-01-27,96.3916142448462,90.7392054851767,93.8270504076147,96.909938570618,92.8649177629979
2014-01-28,96.3781058901612,90.7178635290971,93.7655883983401,96.8253224857624,92.8095913357604
2014-01-29,96.3560861932315,90.6758475620411,93.7030874838085,96.7436048809611,92.753749075112
2014-01-30,96.3368790172919,90.6324125578561,93.6426559108633,96.6644075742168,92.6997156509081
2014-01-31,96.3355065491567,90.6184572181166,93.5846845428977,96.5900084049821,92.6472968803252
2014-02-01,96.3172583392924,90.5933010851734,93.5296552126585,96.5196476413634,92.5984438305456
2014-02-02,96.2950797866688,90.545059379744,93.4785501102866,96.453244369682,92.5524610983341
2014-02-03,96.2753194863929,90.500444746704,93.4294201414505,96.3884261245409,92.5036320633776
2014-02-04,96.2576886373159,90.4593307572562,93.3766735981371,96.3229652517977,92.4540889002331
2014-02-05,96.2415363228269,90.416735983243,93.3258536614031,96.2590502846092,92.4075131770057
2014-02-06,96.2252007755401,90.3761102176983,93.2804427026983,96.1980129710009,92.3617354878901
2014-02-07,96.2110950239429,90.3358932428292,93.2360250908433,96.140306183574,92.3153618554134
2014-02-08,96.1977181413136,90.2948876785666,93.19156086409,96.0856344239688,92.2691578556304
2014-02-09,96.1839757267492,90.2546680352609,93.1441465521877,96.0285441827194,92.2223956331901
2014-02-10,96.1688548416917,90.2159954310981,93.0951498551404,95.9718257657378,92.1746514665561
2014-02-11,96.1537999897692,90.1790407606681,93.0461905825498,95.9161995448353,92.1283854738312
2014-02-12,96.1387995491181,90.1437490136107,92.9982557294067,95.8617551976319,92.083073012228
2014-02-13,96.1239032614489,90.1086064234699,92.9521214343487,95.8086490185453,92.0384772311242
2014-02-14,96.109306041423,90.0751673389746,92.9088529989954,95.7590896860743,91.9956304996558
2014-02-15,96.0956467663789,90.0441879337099,92.8672301441331,95.7125212935021,91.9556978947718
2014-02-16,96.0826493314819,90.0167492648064,92.8282692392596,95.6671717667028,91.9222427416513
2014-02-17,96.0701532467382,89.9911975175278,92.7907792161192,95.6229849307589,91.8887076800984
2014-02-18,96.0587530416459,89.9646934987642,92.7553751819748,95.5764415620573,91.8512987449925
2014-02-19,96.0486932055173,89.9376415860093,92.7139540683664,95.5304035920139,91.8121374798249
2014-02-20,96.0380093297523,89.911541823473,92.6755177597806,95.5041234483158,91.7734794634872
2014-02-21,96.0276907052023,89.8865981832227,92.64701258264,95.4799634463157,91.7373217807732
2014-02-22,96.0177661340799,89.8644644377981,92.627663750899,95.4549363594581,91.7039207346579
2014-02-23,96.0094559393463,89.8446710973535,92.6155042991508,95.4276111834358,91.6758140195043
2014-02-24,96.0018988298549,89.8230824718986,92.5999781868213,95.387338801163,91.645855867939
2014-02-25,95.9918370837324,89.8004587990936,92.5727470328673,95.3465256336592,91.6127943673597
2014-02-26,95.9805842639996,89.7770498601847,92.5370037927556,95.3052793912262,91.5788218022652
2014-02-27,95.9700093119549,89.7545364640516,92.5010500858835,95.2809118132467,91.5436858984831
2014-02-28,95.9629705640493,89.7359358676634,92.4646895998854,95.2537312826277,91.5085107134781
2014-03-01,95.9542270125,89.7168901189906,92.4299592460736,95.2159375851435,91.4750553028268
2014-03-02,95.9439889484739,89.6968338482722,92.3986887641497,95.17907793101,91.4431255111018
2014-03-03,95.9343130051231,89.6779484134789,92.3658803331894,95.1425969281996,91.4118040168912
2014-03-04,95.9255927065062,89.6589892808342,92.3312587680148,95.1062064268541,91.3793951365911
2014-03-05,95.9154732193144,89.6397694353315,92.2985059597808,95.0710035780682,91.3479861173217
2014-03-06,95.9056489465235,89.6212729980012,92.2695168744585,95.0366906469591,91.318433432215
2014-03-07,95.896211229361,89.6031561805832,92.2383122605016,95.004018479817,91.2885633655807
2014-03-08,95.8883285566559,89.5854524727616,92.2174964129092,94.9769089448751,91.2609833423464
2014-03-09,95.8821336203381,89.5677546363262,92.2246737678372,95.0314922741635,91.2427680923637
2014-03-10,95.8737393554533,89.5505929693672,92.2232373603217,95.3016748127392,91.2194788199439
2014-03-11,95.8691607695576,89.5372158074819,92.2695288951057,95.5091414846237,91.2161589796226
2014-03-12,95.8669415117335,89.5258068053693,92.3538531481607,95.7787628587718,91.251971518473
2014-03-13,95.8640133973812,89.5183499561725,92.6522560188579,96.1376231666255,91.5462105459869
2014-03-14,95.86331804845,89.5146139709451,92.7663824990429,97.2134315060199,91.5908483170914
2014-03-15,95.8725546357636,89.5302937120992,92.8896470659283,97.9688380110764,91.6530518585436
2014-03-16,95.872203128978,89.5317534854068,92.9582596113091,98.548195662331,91.6713494832711
2014-03-17,95.8701520580689,89.5326916389493,93.3913637380693,99.7852884912154,91.815097879209
2014-03-18,95.8672983481998,89.5667858586662,93.7419693600709,101.303368584477,92.0806666352793
2014-03-19,95.8668966213178,89.5733994718168,93.8336520465985,104.006578027493,92.1576625435563
2014-03-20,95.8766705081585,89.5858476392454,94.3645462918414,106.616871896311,92.2975102641856
2014-03-21,95.8951081089509,89.611737220647,94.8027306280198,107.151009529524,92.453100495055
2014-03-22,95.9176676632189,89.6558396555739,95.0971805265445,107.720606956449,92.5982682025167
2014-03-23,95.9548767386484,89.7272094826906,95.546745883789,108.417246427182,92.8335325588738
2014-03-24,95.9942865930367,89.8202545568761,96.1424776245302,108.898167805558,93.1114949034988
2014-03-25,96.0158445724834,89.8514054978448,96.6963995585047,110.44170020094,93.2192686635008
2014-03-26,96.0159489023066,89.8410824981705,96.7541311473875,112.346966547981,93.1977340856163
2014-03-27,96.0190348580146,89.8499347206038,96.7765846275117,113.10995099949,93.2040690042333
2014-03-28,96.0300198895846,89.8734439641846,96.9094841786423,112.573579462786,93.2516662306736
2014-03-29,96.0332665647038,89.8721116224079,96.8092985326095,112.559186300311,93.2181579788184
2014-03-30,96.0313068800544,89.8740733260811,96.7246799285209,113.154627788316,93.2190624407273
2014-03-31,96.0370024196338,89.914447043569,96.8808465149817,114.237088902175,93.3314139424333
2014-04-01,96.0496729302918,89.9935488736456,97.9569444346548,115.364984568242,93.6514352211468
2014-04-02,96.0695583286996,90.1037160163945,99.7225248995926,115.248456879119,94.0490268489469
2014-04-03,96.1115238536275,90.2631293165035,101.090783098867,115.214337996202,94.3996139026774
2014-04-04,96.1581766170232,90.4446709994956,103.095915509655,114.916108544969,94.9894914985346
2014-04-05,96.3504182561237,90.8857668306387,104.70653234774,114.469339227522,96.1287280723218
2014-04-06,96.7759192057584,91.5292655577912,105.029979945249,113.968268794739,97.0897259509675
2014-04-07,96.900748681845,91.7244514468478,104.885748968087,114.637425706316,97.3006701748038
2014-04-08,96.9039043371802,91.6885060360695,105.712645921228,115.513048886082,97.8394008701283
2014-04-09,96.9084343742291,91.7339264366952,106.526407746608,115.842208644353,99.3255741740933
2014-04-10,97.2426547624343,92.07219020545,107.816701281317,115.587509845923,100.161794574314
2014-04-11,98.3976458162045,92.789620613583,108.244864738901,115.088253123048,100.959630956679
2014-04-12,100.000670655732,93.5046099005867,107.117905309989,113.695545870101,100.99710213738
2014-04-13,100.47854584126,93.4519554048117,105.949153569027,112.796424027719,100.346095314697
2014-04-14,100.421948781915,93.4311174279981,105.774089444372,112.978209542444,100.229404823914
2014-04-15,100.355785987765,93.94501878122,107.157597151501,113.945845207024,100.977813339236
2014-04-16,100.376316307126,94.8492549058551,109.551030958926,114.704142400697,102.471939771205
2014-04-17,100.847147315456,95.8419000723232,111.901463429918,114.892682601237,104.126314761835
2014-04-18,101.396855451545,96.9696123854269,113.872010314943,114.475804900344,105.570282999893
2014-04-19,101.921738484915,98.3954993155891,114.85199633985,113.709932200808,106.705669038867
2014-04-20,102.455385621374,99.7267883297341,115.2963962748,113.160427281489,107.900177625332
2014-04-21,102.902531855771,100.997989037244,114.622288738282,112.39999053775,108.520375876487
2014-04-22,103.659700272784,102.276043355023,113.302295644799,111.70560599918,108.823226513848
2014-04-23,104.408389618704,102.653388914855,112.47421295573,111.083703117554,108.627486657448
2014-04-24,104.753644447964,102.417603861718,111.901007353829,110.511066956699,107.685285094498
2014-04-25,104.713544925788,102.564030521595,111.688103834011,110.119536037909,107.534204218828
2014-04-26,105.176427153112,103.566846950559,113.000313849649,109.921824873379,108.392973135563
2014-04-27,105.916884711324,105.097294423956,112.219092146242,108.819745077693,109.079008396416
2014-04-28,106.712320239235,107.047518103981,111.275312097025,108.479525144798,109.694294041324
2014-04-29,106.967412814888,108.372195372024,110.428404019933,108.384006818854,109.951253474415
2014-04-30,106.945149793135,109.856236586502,110.308761480688,108.90129932444,110.314837644686
2014-05-01,106.683760841506,111.21650810752,112.364109635854,108.714468842589,111.879358957155
2014-05-02,106.461327761646,110.974470636606,114.014397946839,107.535085814517,112.497771559023
2014-05-03,106.711061458917,110.850785830934,114.257195490357,105.746344849614,112.824343216704
2014-05-04,107.605334166198,110.976431711633,113.721085227704,104.253518173513,113.287915387257
2014-05-05,109.505110542165,111.27879242626,112.070697867708,102.73736314855,113.416339413405
2014-05-06,111.666087660763,111.240632084863,110.683172251777,101.340852824576,112.994925262639
2014-05-07,113.077005774945,111.499372155439,110.6081957627,100.243069931678,113.506893451758
2014-05-08,113.333668317307,111.840865889927,110.637577521802,99.2959438354364,113.970961017828
2014-05-09,113.408298244039,111.6938834775,110.614725022716,98.0654286933663,113.481357298422
2014-05-10,113.338104472528,111.366947990655,109.915846640488,96.8490697312969,112.785076904905
2014-05-11,113.034830857314,111.0031815184,108.857714516033,95.6546230638931,112.586544243788
2014-05-12,112.560118422392,110.397663343388,108.340270404973,94.4861298964898,113.055207036018
2014-05-13,112.088343771526,109.760177774685,108.578181440316,94.1226916077554,113.298109087081
2014-05-14,111.891020109587,109.651761391806,108.396720761888,93.9898003949855,113.31157621145
2014-05-15,111.869812220447,109.040744905978,107.589355936157,93.0041207266224,113.464720031536
2014-05-16,112.218927557222,107.662507108074,106.490510587629,91.820929468177,112.688205983788
2014-05-17,112.742000187391,106.668017351388,105.087717915861,91.7322284036361,111.200387653745
2014-05-18,112.628005227555,106.174073325171,103.885894235638,91.7159432788913,110.05187910771
2014-05-19,112.349008384068,105.561345950475,102.999397324946,91.1449278700562,109.50205926985
2014-05-20,112.001499442069,105.102238755664,102.741590139554,91.3791495346873,109.639537835824
2014-05-21,111.952224210123,105.151080014748,102.971589191901,91.3697522241653,109.737126301386
2014-05-22,112.42406112773,105.099516368206,103.050668492282,91.6123650630336,109.676608341944
2014-05-23,113.608956839951,104.383977989437,103.157456603638,91.8706225147473,109.493281924762
2014-05-24,114.264498605293,103.941562125567,104.451440435013,94.1792410505675,109.658763279153
2014-05-25,114.865488585304,103.984713166223,104.936547795371,95.3131052650173,109.268843295528
2014-05-26,115.634881691883,103.882371966482,104.525286020666,95.4510951483696,108.589346199837
2014-05-27,115.982663504789,103.010544237931,104.368399562807,95.68508734528,107.934413041797
2014-05-28,115.740393265563,102.074086336199,104.388845661299,96.3511439373268,107.511944658626
2014-05-29,115.559583093232,101.579046645569,104.262115019955,97.6026267137609,106.957868363213
2014-05-30,115.616087637545,102.050916845952,104.545821793133,97.5587522822699,107.420657037843
2014-05-31,115.537850377632,101.63263416877,103.709033426664,96.5687287648842,106.78318630775
2014-06-01,115.601878216408,101.210995944076,102.636962603035,95.4102999656618,105.354950314499
2014-06-02,115.400234459046,100.457611936767,101.637163309245,94.1598764670548,104.060335047904
2014-06-03,114.954610195918,100.220509651069,101.970655400255,93.3921629658796,104.462898136264
2014-06-04,114.440227452711,99.2768496860578,102.420642593883,93.640902526639,105.712235196262
2014-06-05,113.93161225775,98.3906543467981,102.378564998395,93.3971560182752,105.503277592149
2014-06-06,113.399586273869,98.1910557196999,102.711391384121,92.8957912303501,105.098808433149
2014-06-07,112.756469820335,97.7900550143056,102.247541760779,92.8073695748481,104.420578314688
2014-06-08,111.402969273162,96.6992915981403,101.598651591238,92.6633595361674,103.462056684401
2014-06-09,110.113483072269,96.292175703528,100.939355779633,92.6139336346756,102.802329663799
2014-06-10,108.70826924633,95.604167539192,100.721777086282,92.7053423196518,101.926857568451
2014-06-11,108.036489633174,95.0117622120863,100.747066979999,92.188649008504,101.084530743328
2014-06-12,108.167675566625,95.0863051347161,100.837505038045,91.7198140994947,101.114102542159
2014-06-13,108.609133766335,94.1512945732588,99.9578250332693,90.3956094445276,100.026968356021
2014-06-14,107.866551355664,93.2461583668254,98.823396690278,88.8277075984884,98.940721414834
2014-06-15,107.391586818867,93.7993234323448,97.1104134198097,87.9197606985118,98.3667115748153
2014-06-16,106.820634823226,93.5999273556504,95.4711669798656,87.4413376857031,97.435582540832
2014-06-17,105.892210849778,92.7312991405942,93.9788159746991,86.2497411698905,96.3867462684749
2014-06-18,104.477609514212,91.9474755021936,92.6427597009589,84.8593892114084,95.4498803044503
2014-06-19,102.84995705753,91.8990467967082,92.0987904997008,83.8985713053662,94.4455893727285
2014-06-20,101.327641276482,91.5823996910822,92.496271756887,83.241135454794,94.5397428716989
2014-06-21,100.359525860224,91.6430686233599,91.8651819763325,82.6653888439244,94.6605247842861
2014-06-22,100.707280349022,91.2957806306001,90.6164383837523,81.5834831449898,93.4046647107902
2014-06-23,100.220411741564,89.9357303325845,89.1344059274042,80.1290433872889,91.7433498608939
2014-06-24,99.6993394459807,88.3745518654436,87.8160251436084,78.9949878767086,90.1233859000914
2014-06-25,99.2948871800753,88.4122920009042,86.3824740980097,78.6808191772391,89.2047162244514
2014-06-26,99.7719097466165,89.4428886040024,85.3979485347271,78.7570389432183,88.5736459907334
2014-06-27,101.034038377925,90.216614591815,84.9628847946796,78.0530617981336,87.9747948642402
2014-06-28,101.54738859754,89.5349995406707,84.7622955917499,77.0034393665847,87.5295035586508
2014-06-29,101.472959258366,88.0334051397287,84.5600947989546,76.9683201417552,87.3994529457217
2014-06-30,101.764975147306,87.4802774602624,85.0412033716165,77.415026528012,87.5598078396113
2014-07-01,102.336133221929,88.388428130595,85.3523196605285,78.9779091331734,87.8950822241554
2014-07-02,103.02778251468,88.611862953734,84.9621964403048,80.4514348937126,87.4840299020282
2014-07-03,103.090634329317,87.9626890533439,84.2017549868665,81.3275228187224,87.3731267310066
2014-07-04,103.138178150053,87.9756862103854,83.5374482945786,81.313182766829,88.5780349154095
2014-07-05,102.644792265502,88.371315160165,82.4324534884169,80.4741158921918,90.062478327895
2014-07-06,101.966790899588,87.4581297221886,81.794771318723,79.2947491898276,89.777204610774
2014-07-07,101.50715102936,87.5400412851318,81.3916194331564,78.0557640488393,89.5254381637849
2014-07-08,100.841307402034,86.9673734035541,80.9320436606101,77.205522726295,88.8119715222112
2014-07-09,100.272468359423,87.9137360720069,80.4637584995469,76.8345599376692,89.1921152590127
2014-07-10,99.0706982794638,88.3585652848948,80.5842686414523,77.5284834801375,91.1516102067947
2014-07-11,98.2982709469711,87.9769015255895,80.1857431476367,77.9992530102144,91.1396550478568
2014-07-12,97.8616879523738,87.5577893891875,80.8077546291396,79.6047809411119,90.0398011482306
2014-07-13,97.1445987027952,86.455051128156,80.3628628190246,81.3782370873811,89.176835672489
2014-07-14,96.4113676315969,85.8249654784047,79.9973771789625,83.5513226938652,87.655297472145
2014-07-15,95.8709635100751,86.1738280033373,80.334067659912,83.7068043233896,87.1825167746479
2014-07-16,95.2498882690161,86.627686769303,80.7519072295351,83.8884366368202,86.9357016301873
2014-07-17,94.5202102198764,86.7086209612157,82.6249870999262,84.9847812422132,87.592876174965
2014-07-18,93.7540370656277,86.7210816267912,85.4733670376378,86.0479773343186,88.2828933075466
2014-07-19,93.6735003059179,87.3816613732364,88.3456483367828,86.1441699460217,90.5646927532748
2014-07-20,94.4671701974616,88.0487833944713,89.3843265356349,86.8363564489705,91.4602594428366
2014-07-21,95.4919255736873,87.9975887682422,88.3330346568077,88.0293221276938,90.1483555540295
2014-07-22,96.5518988797616,87.1621773893668,88.1413602315664,88.3621739090611,89.0785764538152
2014-07-23,96.8545462205459,86.0638558231738,88.4566479808409,88.7753113603486,88.4326902749595
2014-07-24,96.163260605752,85.8925870414622,89.259947754219,89.1441334175386,88.2937937712629
2014-07-25,96.0701597716765,86.5421074727635,91.3169686376419,90.1311624973753,89.0078022206517
2014-07-26,98.3317057093589,87.1519514349944,91.8891054722066,90.4575897368582,89.7360727063916
2014-07-27,99.5046586576833,86.899866603332,91.0065738953948,90.4413117467234,89.1809636005299
2014-07-28,98.8634475368506,86.8390676397892,90.4823645691233,91.728609297775,88.8285887391705
2014-07-29,97.9826844952431,86.6099623207892,90.1372062139346,94.084644444924,88.5920288280287
2014-07-30,97.3801998076435,87.4156514892133,91.526299198927,94.6845655838332,89.0721285875604
2014-07-31,96.6977308934491,87.5893292115513,92.3843659376512,94.630515045229,89.4727227792658
2014-08-01,96.2725683534379,86.8836909441593,91.669526292834,94.491668480274,88.5496496473583
2014-08-02,96.2443008740767,87.4043617679608,90.5891149780908,93.4169915067887,87.20449091754
2014-08-03,96.132083296789,87.0027173575858,89.2930604167001,91.6369873317348,85.8499968763014
2014-08-04,95.5954052004008,85.8312431536491,87.9413560144584,89.6712074510076,84.3794244834827
2014-08-05,95.2521982803567,85.4141210257232,86.1784058744322,87.9950531466048,82.7692503232071
2014-08-06,95.3110865794932,85.7319454929398,85.1069206159938,86.7903975256124,82.5966322953314
2014-08-07,95.9810042135679,87.2111443590448,85.7757793948638,86.279941316288,85.7150666286556
2014-08-08,96.925987530574,87.9755667696812,86.1196326696898,85.8105271322052,87.0259906573426
2014-08-09,97.3412512229522,87.5449441089745,86.2244513215734,85.0111456192105,87.2621957040174
2014-08-10,97.7955561931819,87.2095713881245,88.0715103892249,84.2764763168265,87.72354438944
2014-08-11,98.1822862120402,87.1038010608555,90.7725069797492,85.0095805094366,87.9122078623337
2014-08-12,98.1141555223061,86.8711079994865,90.3042055225198,85.237794992104,86.9638155901
2014-08-13,97.5330102554687,86.958425232498,90.4300796526877,85.763917783301,85.7785590103497
2014-08-14,97.8206897829264,86.3365625256899,89.1398209900181,86.275058401474,84.5689338522341
2014-08-15,97.9647658222693,85.5982298250273,87.3915535987738,87.2041659913235,83.4362611139867
2014-08-16,97.8286582459813,86.1847324733595,86.5491892483611,87.2467134537885,82.518918521835
2014-08-17,98.2895766417329,86.3300209867068,87.1604727538547,87.3551524191023,82.4296135238272
2014-08-18,98.0708675815008,87.288797976719,88.6476849950734,86.7292364949593,83.3930355340314
2014-08-19,98.770101847841,89.3508538509654,88.8949502258646,86.1790590257254,84.2600427240551
2014-08-20,99.2780712668611,90.1887934389772,91.4323500874517,86.4998349924846,86.5541978367918
2014-08-21,100.252253632477,90.6212325980599,93.2685879898496,86.3581025842269,87.8361483012665
2014-08-22,100.711148262644,90.6219159658347,92.9190567492351,85.4947368846534,88.036071716977
2014-08-23,102.072047457438,90.0794601628171,91.9006510671597,84.5369485610923,87.4319753584768
2014-08-24,101.66961827234,89.3361349180982,90.9892313033198,83.94751082674,86.5901353413409
2014-08-25,101.65739014132,89.3388320479365,91.2343018598153,83.5204412398134,86.5223795539074
2014-08-26,101.767111022042,90.2369453794882,90.6818609250964,84.6083419808792,86.4268398574129
2014-08-27,101.623965928988,91.3925531148738,90.5160607827885,87.370140053515,86.649287310247
2014-08-28,101.478039895957,92.0118563086621,91.0154831522392,87.4867369299914,86.8822190867408
2014-08-29,102.011502669742,91.9586063713572,92.5362275683014,86.7892682709694,87.6672169789341
2014-08-30,102.037994776052,92.1938471634944,94.4824994560462,86.6145347403534,89.1512588457769
2014-08-31,102.740357762874,93.1006801444311,95.4029924157086,86.1676421447946,91.0979467155957
2014-09-01,103.837662108879,93.3834217970239,94.9268904880359,85.6650273474802,90.9888439358792
2014-09-02,104.080826540062,94.7824249641618,95.178707335348,85.359741695071,91.2525928604357
2014-09-03,104.034546208673,94.5352473966664,95.4222425632144,84.8834751683376,91.3594753966257
2014-09-04,103.491342271821,94.6380729358395,95.3416925409218,84.2955022749137,91.3732130774818
2014-09-05,103.184292023536,94.4202190567718,94.9072713525131,84.1020012374016,91.7750605757094
2014-09-06,103.924032905291,95.4210473924241,95.8648737360021,84.1717295184918,94.1829974721119
2014-09-07,104.304225845117,95.3491549418558,96.2320646564017,84.788622042278,95.2317122399742
2014-09-08,103.921737088028,94.6005831562789,96.6729307487683,85.9534777462823,94.8067246348567
2014-09-09,103.717731876545,94.2018445313528,97.1825925127077,86.5824022623279,94.5780307574858
2014-09-10,103.968877542832,94.0502835497127,97.5000212159542,86.9530831529838,94.584272629558
2014-09-11,104.250975101205,94.199535806289,97.3382351867015,87.0318618764896,94.6392242623256
2014-09-12,104.509703530674,94.1995561447973,98.0835675138486,87.8908030918031,94.9348715523936
2014-09-13,104.939417893103,94.4173141791608,98.6866692628072,88.1661481199589,95.1295327604583
2014-09-14,105.024197075048,94.5699378786841,99.8288839189841,89.0353359364777,94.9798735543266
2014-09-15,105.535348898991,94.7821362842531,99.3265250581128,89.6148483873826,94.4520505625124
2014-09-16,106.246391965907,95.0645470693789,98.5051724032489,89.2632156232908,94.2102665352893
2014-09-17,105.945248939778,94.7367738988606,98.0666111936435,89.9482318377072,93.9209468920475
2014-09-18,105.269308925262,94.1078526182124,98.5673709084732,90.9762142549873,93.9398397918904
2014-09-19,105.008608037523,94.0423651599338,98.7721537485463,91.8138168440797,94.0769831222585
2014-09-20,104.684217454891,94.408536133141,99.0348720447283,92.0718044918838,94.8786150666645
2014-09-21,104.549278624709,94.7897328985167,98.7032833497307,92.0499256131666,95.2075922740738
2014-09-22,104.396849621096,95.5403995626741,98.4103289137127,91.5659711532203,95.4623437098232
2014-09-23,104.216241669339,95.6462118810908,98.0964767079124,90.9324029481699,95.1601627533124
2014-09-24,103.774484880424,95.6615581726041,98.9813205163171,90.2832281826647,95.435000224295
2014-09-25,103.489963874891,96.1666696988197,99.9980657547375,90.0595524646164,96.9277744910747
2014-09-26,103.136061236855,95.8205752303783,99.4227264150879,89.9471788845604,96.5436264577703
2014-09-27,102.707489929087,95.2882409143069,98.9057967218543,90.7881507596023,96.2350281002981
2014-09-28,102.27482101768,95.1451368501446,98.0611680781074,91.1200222785366,96.1976068909146
2014-09-29,102.313483541335,96.1436055295156,97.5344586031067,91.4207471779662,96.7839074807783
2014-09-30,102.637830707236,97.2902884272077,97.4990257689599,91.6200080658996,96.7649533233066
2014-10-01,102.581455239891,96.9773931775359,97.5302636651814,92.3983887520801,97.1218133175947
2014-10-02,102.579365921941,96.72868197707,98.631732227578,93.7701414536248,97.6905499358624
2014-10-03,102.575498969148,96.6925610425081,99.0558619407201,94.4301205585043,97.9609710338249
2014-10-04,102.450697299527,96.4286327449449,99.0776898338228,96.0528231006263,98.2642231531972
2014-10-05,102.299822984647,96.4711187761945,99.51346432041,96.8580439023844,98.4291857581302
2014-10-06,102.103356272807,96.468355551432,99.6342748229473,97.3755719320711,98.6093286157792
2014-10-07,101.921775512051,96.1839565871922,99.473675983454,97.749038963329,98.093599063462
2014-10-08,101.691197140725,95.6804006939945,99.1620159245181,98.4722106266685,97.6055784177932
2014-10-09,101.496676495473,95.3222543951031,98.9704962688779,98.3493305969994,97.3302152494901
2014-10-10,101.296773828528,95.1378990608825,98.7893511105893,97.9114222022708,97.4519075644985
2014-10-11,101.137612334154,95.9990354010611,98.4812392815402,98.7078262587385,97.8561033548855
2014-10-12,100.93155381956,96.5766450224153,98.1023535676012,100.850627948517,97.6813223594807
2014-10-13,100.709749832327,96.4326447965567,97.8425256697308,100.994828678736,97.332794647129
2014-10-14,100.505768250961,95.9884253686456,97.9093379471517,101.810859872047,97.2848138325549
2014-10-15,100.315729402971,95.6098275970745,98.1135659813699,102.841992227782,97.7996074505646
2014-10-16,100.163645829014,95.3291495537536,98.1198449612404,102.529401871353,97.7610660346138
2014-10-17,100.007617533423,95.0375021263975,97.9764982332892,102.035404994326,97.4984686450432
2014-10-18,99.8557682780825,94.9193448427578,97.8723338481885,101.5096967424,97.6657823779185
2014-10-19,99.6873357574607,94.7385463096101,97.671639569025,101.275643228599,97.9636548446813
2014-10-20,99.5320987520213,94.8221527054728,97.4884775517147,102.176962637107,98.466532088477
2014-10-21,99.4786913096687,95.2546333097713,98.4005509267703,104.247394740746,99.0438122841946
2014-10-22,99.3566371623224,95.0654231037912,98.659500377608,103.95425889263,98.903211044314
2014-10-23,99.2083257610136,94.8525744656783,98.3683886332811,104.466769297466,98.7651137378077
2014-10-24,99.0850833251864,94.7423147497738,98.3186634816845,104.872519337132,98.971343672215
2014-10-25,98.9497857729017,94.5062280970244,98.0794987766456,105.407811793435,98.7952315603985
2014-10-26,98.8245562485887,94.2642668327686,97.8557292687231,105.235475437227,98.5152165596734
2014-10-27,98.7240771017112,94.0383692153427,97.6484918847219,104.742405235059,98.16781947048
2014-10-28,98.6188797768131,93.7713006791692,97.3158969864993,104.061643784848,97.7142382087317
2014-10-29,98.4931104830444,93.5044406566221,97.0433220836714,103.625497385932,97.3212977595678
2014-10-30,98.3723674226503,93.2650989211696,96.9888785481935,103.843313561354,97.0387813582705
2014-10-31,98.2593510429924,93.0553805061015,97.102832413614,104.683738601754,96.8761555528227
2014-11-01,98.147875699625,92.8866580432314,97.1452503577768,106.137145305003,96.7880671006809
2014-11-02,98.0438001541737,92.6991329832309,97.1838227426318,106.649211228096,96.6154649965597
2014-11-03,97.9467229489092,92.5295001545424,97.1466003120685,106.357669552111,96.4246428488167
2014-11-04,97.8487900777758,92.3531634693723,96.9061836201317,105.928107080527,96.1922074490826
2014-11-05,97.7558091570147,92.2117539895384,96.7079387331028,105.828057561576,96.0690392609422
2014-11-06,97.6655375643088,92.123731004607,96.8974686651983,105.962133646737,96.2561304209702
2014-11-07,97.5768267692497,91.9743327406848,97.1525571878046,106.421105546603,96.1080917703795
2014-11-08,97.4962888948228,91.8412893110975,97.0642948997355,106.167216984715,95.9592229786324
2014-11-09,97.4322426469057,91.7206405966932,96.8233096058098,105.59419417577,95.7421332385905
2014-11-10,97.3933486803958,91.7201249518083,96.5484739566016,105.094622507527,95.5201822530792
2014-11-11,97.3430960354771,91.6792362828311,96.2995740016777,104.749980624135,95.3110510302965
2014-11-12,97.3187744365083,91.8482309336127,96.079640239538,104.330218546219,95.1262653269018
2014-11-13,97.2759910602267,91.9364854840297,95.8767631182283,103.944849786718,94.9592763107102
2014-11-14,97.1948335194175,91.7589477913276,95.6753510627166,103.561755920965,94.7806106360826
2014-11-15,97.1064398689586,91.5737564351164,95.4832025640587,103.188958295094,94.6100090861533
2014-11-16,97.0302202487179,91.4213039431282,95.3027519633654,102.835849804108,94.4493670287815
2014-11-17,96.9614308042893,91.2856747542833,95.1356808252062,102.513473153441,94.2980088032224
2014-11-18,96.8940043723732,91.1585445296591,94.9682274843525,102.268709229428,94.1510898938563
2014-11-19,96.8335760470652,91.0586111499523,94.8139277814921,101.992798782472,94.0110691521387
2014-11-20,96.7789393331655,90.9776313588771,94.680959707597,101.716007888113,93.8840552102597
2014-11-21,96.7167789771406,90.8698098244996,94.5565143230126,101.551022058394,93.7583519907819
2014-11-22,96.6559286272014,90.7604434542891,94.4049776779421,101.330397547118,93.6252390585379
2014-11-23,96.5954611449263,90.6536032831602,94.2609051327908,101.079391088296,93.4984868611224
2014-11-24,96.5361091985415,90.5532710909104,94.1248621526566,100.844633572921,93.3785967981386
2014-11-25,96.4785761359595,90.4580996673444,93.9941548717251,100.61768919964,93.2616866433055
2014-11-26,96.42167094408,90.3677954386096,93.8722375169991,100.401206250051,93.1513245120524
2014-11-27,96.3657212938239,90.2835645080594,93.7533249443347,100.195176788716,93.0433880633811
2014-11-28,96.3106200619287,90.2011689160459,93.6334683561381,99.9964325122601,92.9391058996298
2014-11-29,96.257120993098,90.1201012709062,93.5185169812333,99.8079766537231,92.8396625909743
2014-11-30,96.2056829450763,90.0426866193845,93.4058700936067,99.6260151378605,92.7417949756156
2014-12-01,96.1573249850227,89.9694210720835,93.2961402205005,99.4499236682505,92.6458195221387
2014-12-02,96.129470239981,89.9170276866113,93.191901142645,99.2803432488332,92.554142645587
2014-12-03,96.0849409477114,89.8520291866647,93.0961780695912,99.1229795502447,92.4688872979187
2014-12-04,96.0371130397044,89.7862271616943,92.9998862518077,98.9697752085665,92.3876472535117
2014-12-05,95.9929882378314,89.7234618158268,92.9075268969533,98.8232575243948,92.3087093835071
2014-12-06,95.9497011253495,89.6602901789006,92.8210985311985,98.6835889015581,92.2310390126817
2014-12-07,95.90768946323,89.5975116210912,92.7380716633667,98.5464061963023,92.1536021473493
2014-12-08,95.8660018551327,89.5383774555204,92.6558693775108,98.4154705792243,92.0816702396813
2014-12-09,95.8243276619546,89.4814593029441,92.5939559440083,98.3005416237721,92.0239802564942
2014-12-10,95.7833491142617,89.4268791405606,92.679478121596,98.3497615425232,92.0074480475802
2014-12-11,95.7434327021157,89.3728679738665,92.6680643453505,98.3294854615722,91.9601908534749
2014-12-12,95.7049883069961,89.3176922751343,92.6097021608188,98.2493079094328,91.9006706156215
2014-12-13,95.6678362751669,89.2666840591789,92.5398092753294,98.1259037414436,91.8419013250969
2014-12-14,95.6325810532575,89.2197289421367,92.4747731519874,98.0063024453527,91.7879284349283
2014-12-15,95.5987774862936,89.178154046463,92.4064082983121,97.8876142982746,91.7369092764712
2014-12-16,95.5652967977725,89.1392574078546,92.3389141545965,97.7728739814442,91.6841409162323
2014-12-17,95.5323279074976,89.1021211578281,92.2871413831992,97.6673285196956,91.6375895224721
2014-12-18,95.4999453116631,89.065172857338,92.2309872998602,97.5590485508038,91.5918312595707
2014-12-19,95.4691195780963,89.0274219918808,92.1722365664599,97.4520293639565,91.5443616823704
2014-12-20,95.4402933699685,88.9900545667881,92.1096112807719,97.347659008692,91.4946821778273
2014-12-21,95.4125007193794,88.9533208486377,92.0450405354793,97.2484725128476,91.4467449592202
2014-12-22,95.3852152379105,88.9138448750792,91.9777143065964,97.1521197716365,91.3956587349532
2014-12-23,95.3634112442674,88.8774080528538,91.926317199761,97.240360436219,91.356447956324
2014-12-24,95.3471727977964,88.8433309381209,91.8807288858659,97.2382501576106,91.3136659220881
2014-12-25,95.3284549771338,88.8068822822417,91.8272569492444,97.1491475093917,91.263394670982
2014-12-26,95.3095682510152,88.7714554868303,91.7708037615282,97.0721312851832,91.2141468544702
2014-12-27,95.2906638686043,88.7380751793859,91.7126312746241,97.006349554072,91.1668038908319
2014-12-28,95.2753945161334,88.70513985557,91.6469643545454,96.9200639930016,91.1159306519141
2014-12-29,95.2700310769197,88.6867149714925,91.5849891268605,96.8305837315501,91.0687728490965
2014-12-30,95.2967046639747,88.7448886308119,91.5236885555638,96.7411660944764,91.0209099375028
2014-12-31,95.3050606308782,88.8561563817858,91.4623261483091,96.6559514265527,90.9699005779661
2015-01-01,95.2721609093776,NA,91.4049928089496,96.5733930954944,90.9236465377759
2015-01-02,95.2416414832456,NA,91.3497619785748,96.4889074106038,90.8770152078399
2015-01-03,95.2146630200993,NA,91.2901273001636,96.4041630008096,90.8296712851907
2015-01-04,95.1891952301369,NA,91.2319560035864,96.3288115466511,90.7838577117094
2015-01-05,95.1647203147583,NA,91.1926439260688,96.2634564667255,90.7408703527104
2015-01-06,95.1407552016083,NA,91.1627222974803,96.1913911032537,90.702099551768
2015-01-07,95.1184616821836,NA,91.1288671501821,96.1264387857032,90.666417483084
2015-01-08,95.0958076191286,NA,91.0864159412021,96.0977706839636,90.6301188485043
2015-01-09,95.0734691644819,NA,91.036286586128,96.0406629255994,90.5893627434376
2015-01-10,95.0540016446106,NA,90.9848583449246,95.9758850149587,90.5500235574909
2015-01-11,95.0389688457227,NA,90.9352675987172,95.9100694952001,90.5118366814141
2015-01-12,95.0227984188698,NA,90.8987384599782,95.8507072598919,90.4748102507489
2015-01-13,95.0050669123198,NA,90.8554691813554,95.7893709375801,90.4400635661731
2015-01-14,94.986819298638,NA,90.8130511880024,95.7424740782816,90.4089681474207
2015-01-15,94.9691060425731,NA,90.7854226905208,95.7254307521542,90.3780430324292
2015-01-16,94.9508783624827,NA,90.7443328597802,95.66252339002,90.344309908703
2015-01-17,94.9327907440458,NA,90.7061564874697,95.5960577148672,90.3133745890311
2015-01-18,94.9149425060511,NA,90.6727608044425,95.5292008093103,90.2948679368769
2015-01-19,94.8966794056081,NA,90.6368185130231,95.4642730177314,90.2696147133349
2015-01-20,94.882700724665,NA,90.6086676232213,95.3992555943752,90.2437809222923
2015-01-21,94.8714637648509,NA,90.573303679996,95.3376684126338,90.2231479211467
2015-01-22,94.8574363694932,NA,90.6509753598598,95.4353902588729,90.291423295372
2015-01-23,94.8420064523895,NA,90.8403170963315,95.693006524672,90.3439635631163
2015-01-24,94.8270455828569,NA,90.8820895774,95.9542853057274,90.3273216814127
2015-01-25,94.8132403128878,NA,90.9384122981307,96.1731075765224,90.3070556495403
2015-01-26,94.7992406039062,NA,91.0234306799349,96.4444647660741,90.2883748064622
2015-01-27,94.7851377263938,NA,90.9968655515725,96.4990000358178,90.2562680347065
2015-01-28,94.7714648790842,NA,90.9402765266993,96.3609944828336,90.2176325060739
2015-01-29,94.7597352192777,NA,90.8791214499474,96.2178006627042,90.1780148419159
2015-01-30,94.750238234619,NA,90.8185407415741,96.0909984553345,90.1392784269068
2015-01-31,94.7386586556016,NA,90.7573747675096,95.9773464310707,90.0991972292925
2015-02-01,94.7267625316554,NA,90.7018059862922,95.874341945794,90.0630692305596
2015-02-02,94.714407046994,NA,90.6514248909741,95.7775545358972,90.0344571064
2015-02-03,94.7030762546498,NA,90.5961678833367,95.6840148148256,90.0012388948709
2015-02-04,94.6911155328057,NA,90.5413825365483,95.5965782001749,89.9648297400094
2015-02-05,94.6782525898067,NA,90.4870940040085,95.5133500824262,89.9271047975639
2015-02-06,94.6641724619196,NA,90.4337784710459,95.4353649369348,89.8904118017751
2015-02-07,94.6501322863294,NA,90.3821560809286,95.3626215305802,89.8526945630122
2015-02-08,94.636684132921,NA,90.3366037551598,95.2901228909101,89.816357132697
2015-02-09,94.6256210502951,NA,90.3017609190564,95.2478502203134,89.7851701667996
2015-02-10,94.6186969984931,NA,90.2666821287496,95.1948146428187,89.7570013102354
2015-02-11,94.6141873779934,NA,90.2216943816302,95.1716353439044,89.7247435648189
2015-02-12,94.6079000606571,NA,90.1828762362593,95.3540179271527,89.6972389671301
2015-02-13,94.5995749166511,NA,90.1539049246198,95.4120044388374,89.6714366859456
2015-02-14,94.5913278372705,NA,90.158291081768,95.4451372061573,89.6424565564955
2015-02-15,94.5845119626018,NA,90.1154681920195,95.3924247485155,89.614637313353
2015-02-16,94.5777831519732,NA,90.0742062657842,95.32815910122,89.5854016418792
2015-02-17,94.5680188625726,NA,90.034251747818,95.2671921643223,89.5571371915355
2015-02-18,94.5666250111571,NA,89.9901208387766,95.2061096348023,89.5281112678413
2015-02-19,94.5587005166797,NA,89.948772277901,95.1491351920605,89.5005595270165
2015-02-20,94.5487821408343,NA,89.9090332291634,95.1377453944342,89.4720315577625
2015-02-21,94.5480737650886,NA,89.8643117199988,95.0755388929781,89.4424656558489
2015-02-22,94.5745320903884,NA,89.8221205947542,95.0167571712078,89.4164313432097
2015-02-23,94.5932457794516,NA,89.8038129234683,94.9780614483167,89.4340184735016
2015-02-24,94.5782815231312,NA,89.8407030971167,95.0585873518972,89.4683869981903
2015-02-25,94.564147267196,NA,89.8122389407432,95.0465340972293,89.4469974789035
2015-02-26,94.5515344447909,NA,89.7784311039094,95.0023360273245,89.4199319988211
2015-02-27,94.5389347463769,NA,89.7452670010713,94.9626672171043,89.395640121572
2015-02-28,94.526146575005,NA,89.7093998544753,94.9112547568721,89.3702527601061
2015-03-01,94.5130580999043,NA,89.6707154048866,94.8576013202282,89.3421216156448
2015-03-02,94.5004738942835,NA,89.6397139170837,94.805252076772,89.3156238244588
2015-03-03,94.4918681396831,NA,89.6134083837625,94.756903719238,89.2912599673948
2015-03-04,94.4859788425176,NA,89.5739592267264,94.7130351521952,89.2617920904695
2015-03-05,94.4734737462705,NA,89.5349872794088,94.6711461034438,89.2338537747575
2015-03-06,94.4608719786661,NA,89.5012002012572,94.7026391808558,89.2146326145923
2015-03-07,94.4488981148194,NA,89.4737878196488,94.8045725337959,89.2020942767964
2015-03-08,94.4376645246262,NA,89.4406884040335,94.7930965579843,89.1883452081205
2015-03-09,94.426129914226,NA,89.5116920565429,95.2151222403151,89.3134844988355
2015-03-10,94.4149452151887,NA,89.5935299782836,95.5615532879881,89.2942490568019
2015-03-11,94.4070390533151,NA,89.5739570196379,95.5210964792047,89.2679616662578
2015-03-12,94.3988158091412,NA,89.5984165080531,95.580976313192,89.2472698991928
2015-03-13,94.3921170233773,NA,89.6751407403496,95.9533215453865,89.2439317547849
2015-03-14,94.3857862867016,NA,90.3223405828014,96.5074424259583,89.7362347554952
2015-03-15,94.3778191613436,NA,90.8888611152808,96.862885417784,90.0931172907248
2015-03-16,94.3697104074838,NA,90.8142410147255,96.5905143905243,90.0653499489154
2015-03-17,94.3620146267633,NA,90.7336494731152,96.4588795449828,90.0364251729799
2015-03-18,94.3527773366197,NA,90.6777903326467,96.6691379388592,90.0199216471139
2015-03-19,94.3439607371669,NA,90.6379609745942,97.0902479517446,89.9879909897859
2015-03-20,94.3357718839539,NA,90.5862196921075,97.4753312944997,89.9498510369693
2015-03-21,94.3277072064518,NA,90.5357413529231,97.7390095378174,89.9130944398685
2015-03-22,94.321653931139,NA,90.5330167568733,98.5663320070381,89.9000440171471
2015-03-23,94.3205917143787,NA,90.6615147166598,101.149910181035,89.9567568804711
2015-03-24,94.3441654290252,NA,91.4358596155368,104.105154554875,90.2768940417783
2015-03-25,94.6240026437913,NA,93.0136920936441,106.241935466963,91.0662857688945
2015-03-26,94.8288701291139,NA,93.5522489823095,106.199966112775,91.4397424794819
2015-03-27,94.8405253465364,NA,94.0409789034343,106.453865390167,91.5942546180356
2015-03-28,94.8483216625827,NA,94.6849011622702,106.53412279281,92.1866991316769
2015-03-29,94.8492395649871,NA,94.785083770071,106.161367625642,92.5198276128243
2015-03-30,94.8396445754678,NA,94.9304654944917,105.861015729811,92.7112614406443
2015-03-31,94.8349900058694,NA,95.0202593536049,105.565610502838,93.110980832873
2015-04-01,94.8279224882338,NA,95.0287296712174,105.640444938404,93.1853798510429
2015-04-02,94.8261846578156,NA,94.8110951761114,105.774267333263,93.1017391243997
2015-04-03,94.8156200310514,NA,94.6385585292791,106.346945559944,93.0164481657094
2015-04-04,94.8023914268811,NA,94.5407152792819,107.293881508274,92.9545194369978
2015-04-05,94.7914330250956,NA,94.5856783003222,108.395689142758,92.9392966140444
2015-04-06,94.7817707699016,NA,94.7767466593573,109.713325146229,92.988034491932
2015-04-07,94.7838458652163,NA,95.1542843821324,111.649707375203,93.135714156679
2015-04-08,94.7847974558169,NA,95.7436331324173,113.920012235239,93.5280837671665
2015-04-09,94.7814033523981,NA,96.7143322057569,116.396189101839,94.3991076001162
2015-04-10,94.7938510483928,NA,99.1456710130793,119.556519770546,96.2717213500612
2015-04-11,94.8079112807911,NA,102.005947117056,121.737408916353,98.5638387748966
2015-04-12,94.84900431472,NA,104.226812678611,122.042627399329,100.078547509632
2015-04-13,94.9489869019554,NA,105.740976605386,121.146068478672,100.784369299018
2015-04-14,95.019985977623,NA,106.163890292076,119.953886936254,101.000010986148
2015-04-15,95.0180453769108,NA,106.018047446088,119.688257832575,100.927168187145
2015-04-16,95.0280249480275,NA,105.716963190652,119.356361171681,101.248888504818
2015-04-17,95.1537664209916,NA,105.672281203568,118.60676302492,101.776157473611
2015-04-18,95.1819381960266,NA,106.557729592886,119.192169476846,102.057046416211
2015-04-19,95.2379254401143,NA,107.797256109786,119.424120649792,102.909203353648
2015-04-20,95.4502869825424,NA,109.30153469544,119.172566528776,103.953330475163
2015-04-21,95.9722297254095,NA,110.782376055602,118.660948683202,105.336644295713
2015-04-22,96.5041435989426,NA,112.379463042669,117.764661573295,106.784166302179
2015-04-23,96.9977810421153,NA,113.834158198615,117.695587603342,107.846513269478
2015-04-24,97.9672454821257,NA,114.998190708969,117.189716308035,109.369044754152
2015-04-25,98.8655745302971,NA,114.765375987527,115.776636231033,110.002802120415
2015-04-26,99.4265839369105,NA,114.29184271998,115.097918631696,109.994506608251
2015-04-27,100.153662306664,NA,113.566108169972,115.387537866176,110.111508031776
2015-04-28,101.245137646865,NA,112.424476452569,114.301060722147,110.090179042397
2015-04-29,102.441114968485,NA,111.572060306811,112.960200730976,109.621439810081
2015-04-30,103.136423476313,NA,111.261096093174,111.62028803974,108.661689906839
2015-05-01,103.544262147866,NA,111.39108533624,110.089217488934,108.356209062679
2015-05-02,103.782748009946,NA,111.188891580124,108.707735628913,108.088059812945
2015-05-03,103.990427558761,NA,110.889747393664,107.113339227997,108.159455736983
2015-05-04,104.223224470092,NA,110.821943295291,105.431260285014,108.289693924455
2015-05-05,104.514854518425,NA,110.478650267365,103.986616330489,108.025922999295
2015-05-06,105.046281808983,NA,109.889405529811,102.733265007903,107.718744239338
2015-05-07,106.304805364975,NA,110.017324294726,101.752157740583,108.141699621814
2015-05-08,108.316708263079,NA,110.757741655539,101.492869556168,109.326765413154
2015-05-09,110.065191322773,NA,111.05668477459,102.734023376825,110.861509840787
2015-05-10,111.91517977599,NA,111.023019542834,103.883062104982,112.083763039238
2015-05-11,113.826520767976,NA,110.491084791033,103.68183671571,112.360072684298
2015-05-12,114.46089701601,NA,109.173990691228,102.712899034481,111.810238426377
2015-05-13,114.086164625512,NA,107.972009801233,101.098283604794,111.203397979152
2015-05-14,114.08282474298,NA,106.723973014491,99.3573040176195,110.357779894947
2015-05-15,114.428728025347,NA,105.356897207016,98.0684803553993,109.535229095007
2015-05-16,114.921714359004,NA,104.359208588027,97.9143691801627,108.631224747055
2015-05-17,115.65393905821,NA,103.140526035816,98.9907303089108,107.618536194564
2015-05-18,116.445299751648,NA,101.907469993697,98.9528063378999,106.320184290274
2015-05-19,116.798212154858,NA,101.726377470494,99.0942719019667,105.149556347044
2015-05-20,116.451869252777,NA,102.343276765445,99.7919767725542,104.587131401858
2015-05-21,116.0180006274,NA,102.907685143098,100.819294617055,103.685019440753
2015-05-22,115.111247913851,NA,103.225369171379,101.466443507781,102.69004346012
2015-05-23,114.525926984523,NA,103.375749180848,101.355493777144,101.420412916761
2015-05-24,114.498964712556,NA,102.460106708259,101.088208048737,100.032289357855
2015-05-25,114.703259560936,NA,101.385599803506,100.845717658176,98.9860252099282
2015-05-26,114.972888025472,NA,100.158261786166,100.442623187067,98.0603209182891
2015-05-27,115.394345020385,NA,99.2715460461494,99.0711768944659,97.7437936404747
2015-05-28,116.009906513964,NA,99.1084853631536,98.2607601590445,97.822661358734
2015-05-29,116.617055244095,NA,98.721443892386,98.5024841786479,96.8550571914686
2015-05-30,117.167569836648,NA,97.9351504862698,97.9912707262373,95.6655000283587
2015-05-31,117.426278875658,NA,97.253937690035,96.9817599060362,94.643726617478
2015-06-01,117.077568725718,NA,96.5744762027122,95.6195365726587,94.5592508322524
2015-06-02,116.680254003284,NA,96.4083108582675,94.4688107359065,94.3788973347063
2015-06-03,116.390704174569,NA,96.3403717018195,93.9733867389648,94.1944209275935
2015-06-04,116.090169927188,NA,95.8445497056115,93.2642467265123,94.0223735024505
2015-06-05,115.248212314996,NA,94.6728835684708,91.8190483017844,93.160880846601
2015-06-06,114.4269259041,NA,93.8242333092727,90.8733151179258,92.3618233425019
2015-06-07,113.059382268005,NA,92.9950744861903,91.1309200052849,91.7978345914737
2015-06-08,111.396320553579,NA,92.252381501587,91.5017482799464,91.6599571210068
2015-06-09,109.982981938857,NA,92.6929871159709,93.2453293807885,92.1125246179254
2015-06-10,108.311717764681,NA,92.5406793601426,93.2783991790686,91.8537485341173
2015-06-11,106.73524215983,NA,92.8110641847992,92.0711513117037,91.4493392163406
2015-06-12,105.765350946047,NA,92.5732953944087,91.037444440901,91.1791420110385
2015-06-13,105.36607402662,NA,92.693367335638,90.8080452190572,92.331499980838
2015-06-14,104.795270264063,NA,92.1870533028049,92.4055380587342,91.954805292566
2015-06-15,103.931190983137,NA,91.6052058128657,93.1364413102433,91.2415888773076
2015-06-16,103.312293488633,NA,90.9396604785931,92.3955349733372,90.7839723161872
2015-06-17,102.771729980814,NA,90.0296743652327,90.9290166255476,89.9235260811044
2015-06-18,102.048956123939,NA,88.8583693360199,89.0712224677336,89.1134718343711
2015-06-19,100.717725994242,NA,88.1229474780344,87.2622324765115,89.0551154708996
2015-06-20,99.8777689230302,NA,87.1766147206198,86.1837248706109,87.7418549531455
2015-06-21,98.8214919284827,NA,86.0483980775233,85.3529694412515,87.0786387025781
2015-06-22,98.5444538083799,NA,85.6334889374677,83.6653246183171,88.1065121049714
2015-06-23,98.8474993857573,NA,86.522976463083,82.0137503762906,89.1141164960541
2015-06-24,99.1078206523075,NA,86.9089541428831,81.629490363399,89.0367890880338
2015-06-25,100.107157424828,NA,87.3599210898222,81.7721007435954,88.1907336894529
2015-06-26,100.597247098256,NA,87.0833339058651,81.100444832469,87.8958191282118
2015-06-27,100.523176966444,NA,85.7805850481189,79.6231741406946,87.2265506285105
2015-06-28,100.86074828878,NA,84.3187311969851,77.9047704899227,85.9356122778003
2015-06-29,100.903478881615,NA,82.8710475317207,76.2773402906672,85.2116880092404
2015-06-30,99.6021767982962,NA,81.9943838847518,75.0702068140395,85.5072299090906
2015-07-01,98.2156360194248,NA,81.6950059336075,74.8460231740523,85.0146617882579
2015-07-02,97.0006191598362,NA,82.3665685299865,76.3556014995836,84.3571703731592
2015-07-03,96.0369151775202,NA,83.2386323660378,77.7088906526343,85.5869883354655
2015-07-04,95.3218476375995,NA,83.7946993067403,80.241269259553,87.2588333735636
2015-07-05,94.7483581022952,NA,85.2972687996113,82.4389524738482,88.2106988748053
2015-07-06,94.1685932699828,NA,86.2095963965976,84.3808423391089,87.6314793251699
2015-07-07,92.8044507950173,NA,87.8828503554368,85.5731579729677,88.8656940490646
2015-07-08,92.9858876051848,NA,88.4499649072913,87.4052505284846,89.8288160743364
2015-07-09,93.01738478989,NA,88.3199091051747,86.9736831789598,90.8648791688786
2015-07-10,93.4771493031574,NA,87.5435995089907,86.7762907520861,90.4079366409881
2015-07-11,94.1412774188175,NA,86.4832448150743,87.0968916764348,89.4888055578203
2015-07-12,93.6158153070844,NA,86.7358487852743,87.3091836533633,89.3303555943476
2015-07-13,92.9002745768178,NA,89.3282834802009,86.6977435874611,91.6817497481897
2015-07-14,92.6546850679538,NA,90.7515134921663,85.3681115395602,93.567828807248
2015-07-15,93.615484472901,NA,91.2015002028523,84.0689224981404,94.4277533900134
2015-07-16,94.8451793331307,NA,91.3944705827123,82.8609558243575,94.0094246063897
2015-07-17,94.3040711790906,NA,91.375925353311,82.6395364416025,93.1598087529008
2015-07-18,94.1353012174892,NA,91.6865945979114,82.5559967626942,92.7428528122383
2015-07-19,94.3693201695686,NA,90.8940547850128,82.8306062676136,92.6814610610465
2015-07-20,94.6897539928397,NA,89.8688404372911,81.3112119156975,92.246428263015
2015-07-21,95.1252217337453,NA,88.7998390699189,80.6288137262026,92.1890372003782
2015-07-22,95.8036940689817,NA,87.6295020777953,80.5167026251657,93.0543454014431
2015-07-23,96.2771235240068,NA,87.057016615493,81.3432766024732,93.2834993565609
2015-07-24,96.619574648316,NA,87.432061640946,81.1352835252953,92.9373566770853
2015-07-25,96.5874562732312,NA,87.2651764919899,81.7339134614176,92.8945035694802
2015-07-26,97.3465789649661,NA,86.9261499285895,83.4883972551888,93.7173314404667
2015-07-27,97.8926586624361,NA,87.4156681604022,84.7899923469488,93.978465935144
2015-07-28,97.6544546945202,NA,87.5939734477858,85.8361449649232,93.226212550518
2015-07-29,97.1879319691527,NA,89.2567020252284,86.5952646782808,93.0542561552324
2015-07-30,96.6472307345666,NA,90.2063702489411,86.239583257814,93.1352875313965
2015-07-31,97.2146692303759,NA,90.4739185650594,85.2063124982471,93.3043597101037
2015-08-01,98.0434481277952,NA,91.3899434362955,85.2087458691719,93.3560093998601
2015-08-02,99.1009665184841,NA,90.9404786869605,85.8271643445451,93.0273611904854
2015-08-03,99.8002905019927,NA,91.845761302484,85.569494135071,93.8478724973912
2015-08-04,100.122244257407,NA,93.6872974958889,86.063141048902,94.5874145194247
2015-08-05,99.8918395718623,NA,94.767025053928,86.9024587718618,94.951897460685
2015-08-06,99.4067810526041,NA,95.2216365969015,87.4838033199469,94.0952623151311
2015-08-07,98.9971739179641,NA,94.4200325961316,87.5705778570298,93.0837847831585
2015-08-08,98.4338971143212,NA,94.203065686934,88.7615689779949,92.3448204834046
2015-08-09,98.2826549538015,NA,95.8168704724538,88.6387856737674,92.4296883734278
2015-08-10,98.4453699392303,NA,94.8882180003932,88.5637261254965,91.8116960028449
2015-08-11,99.6097074540771,NA,93.5346116457362,88.487518381268,91.1622825728905
2015-08-12,101.511271826201,NA,93.6124804773393,88.6778082875488,91.5907277527135
2015-08-13,102.98482191754,NA,94.570486306848,89.864285617332,92.8232193882355
2015-08-14,103.28359140323,NA,94.2478268286235,91.0181199267489,94.4404219585229
2015-08-15,103.438292547664,NA,94.693471188272,90.8039508040707,96.1836978491305
2015-08-16,103.740569353187,NA,95.8494575838158,89.6507975848775,97.0237777343045
2015-08-17,104.664790498772,NA,96.954401850309,88.9584598973268,97.2890032001175
2015-08-18,105.2219656284,NA,97.9380586605562,89.5858929186409,96.7492494067888
2015-08-19,106.181859547885,NA,97.9411518279074,88.5010678705538,96.081873584567
2015-08-20,105.944788509267,NA,96.7348872618414,87.2123524209146,97.27074951961
2015-08-21,105.502512278951,NA,95.3811711866349,87.7457293771103,96.8868891710567
2015-08-22,104.858625983974,NA,94.7908446029183,88.688030384962,96.2638275883337
2015-08-23,103.999534948936,NA,94.4184671915786,89.804724993275,96.1524550292492
2015-08-24,103.036780943061,NA,94.4482018295757,89.819167371523,95.9587765783472
2015-08-25,102.541014410013,NA,94.3003963869069,89.2840579661759,95.4570416080323
2015-08-26,102.057797237962,NA,93.9144185720006,90.189388078278,95.0865028181081
2015-08-27,102.083316315862,NA,94.9355720732929,91.266557825266,95.4915820106159
2015-08-28,102.405441523689,NA,94.3627511769501,90.48001762482,95.7981746955151
2015-08-29,101.608347137037,NA,94.0083969267382,90.5573373830329,95.4724856112142
2015-08-30,101.05075623087,NA,95.6783313702625,90.6999392118708,97.2315741922444
2015-08-31,102.074368242774,NA,96.3413959622655,90.5850783378854,97.9103023294521
2015-09-01,103.025099020285,NA,95.6353674233554,89.5210395314711,97.5448540834645
2015-09-02,102.875335208329,NA,94.6253635941785,88.8225983177321,97.017616169137
2015-09-03,102.607076917821,NA,94.0212600844302,89.5308567310586,96.5211950766491
2015-09-04,102.641944143526,NA,94.0439606395852,90.1518285420326,97.3887045627931
2015-09-05,102.165830998598,NA,95.7467630486408,91.4132142208079,97.6457077170247
2015-09-06,102.003347641068,NA,96.6420135814039,91.0509532784472,97.8995083507006
2015-09-07,101.666380300618,NA,96.9946277044625,91.0879823506211,97.8739061915039
2015-09-08,101.660810321565,NA,97.073857028592,90.7406918302598,97.9781473246575
2015-09-09,101.682084888957,NA,97.7953040506789,90.0323281789174,98.2519046471309
2015-09-10,102.358185337608,NA,98.4070595692795,89.2602745978502,98.3049066938407
2015-09-11,103.727909570885,NA,98.2814542879741,90.4977138980021,98.3341270252603
2015-09-12,104.785320661685,NA,98.0056953983549,92.0204344757549,98.0873334978066
2015-09-13,105.684208360774,NA,98.3781219937002,93.5092835264584,98.5158510515164
2015-09-14,105.868281069387,NA,99.0068795042853,94.1985040570201,99.0492378926989
2015-09-15,106.167946999671,NA,99.1988801564143,94.0204141667765,98.5838467121278
2015-09-16,106.389706654041,NA,99.0994482185126,94.2991373272786,97.9734960959925
2015-09-17,106.573102678147,NA,99.0165392032555,94.0192876244516,97.808255466736
2015-09-18,106.433197760606,NA,98.6840990189221,93.2128790429823,97.5926059304911
2015-09-19,106.387532367968,NA,98.5154521714621,93.3420125228365,97.6958317700701
2015-09-20,106.378105542833,NA,98.3380486755782,94.2033173394628,98.0631825279605
2015-09-21,106.111674477897,NA,98.3328016917476,96.3967696461495,98.1425339585326
2015-09-22,106.063996593459,NA,98.588030015757,97.5232204532856,97.9775188673012
2015-09-23,106.225973090337,NA,99.6344202548055,97.9568362062556,98.1702774355459
2015-09-24,105.687520104252,NA,100.021501962841,98.3962473058755,98.4737181928668
2015-09-25,105.10825220752,NA,99.9724729564479,98.0053315228051,98.4543123778133
2015-09-26,104.712469388166,NA,100.01363431515,97.616984585475,98.2402025641844
2015-09-27,104.22137727571,NA,99.6829455248457,97.0158765637785,98.0693501395904
2015-09-28,103.931811241485,NA,100.175302402002,96.4880698511884,98.6620657433887
2015-09-29,103.789677725684,NA,101.423780073638,97.0903345076469,99.527149265776
2015-09-30,103.938785501594,NA,101.721813848459,97.23682596415,99.7557047991273
2015-10-01,103.679272000038,NA,101.348244796083,96.7935011145165,99.503620649927
2015-10-02,103.345829710183,NA,101.789272289704,96.6784963308551,99.8750273700047
2015-10-03,103.063083251749,NA,103.453400884484,97.703758575796,100.444605138341
2015-10-04,102.850986469208,NA,105.405308152338,100.051913009838,100.720982543427
2015-10-05,102.895666931268,NA,106.663983936744,100.654011002623,101.667176779588
2015-10-06,103.404379133308,NA,106.249855539132,99.8861881713635,101.810630015774
2015-10-07,103.609608891146,NA,106.00067405356,99.1724570415606,101.377194480895
2015-10-08,103.722178430687,NA,105.501321099771,98.3995601603282,100.967787361072
2015-10-09,103.632725110523,NA,105.448570844944,98.5612373681445,101.679913189783
2015-10-10,103.487657450435,NA,105.595009308058,98.3681086824109,103.791316399287
2015-10-11,103.264573079134,NA,105.03014513024,98.75931413705,103.490751158825
2015-10-12,103.097719334525,NA,104.126371180492,99.1326990803028,102.974339800662
2015-10-13,102.935497263951,NA,103.060131013241,99.3966007643893,102.519045882593
2015-10-14,102.761505392726,NA,102.407380941041,99.3212444506047,102.171560295079
2015-10-15,102.621002005,NA,101.980058666144,98.7811269404072,101.783367625186
2015-10-16,102.377330982131,NA,101.195742065896,98.4361204266027,101.151521161838
2015-10-17,102.101582750982,NA,100.53615326323,98.1459212548108,100.824371078768
2015-10-18,101.87404594996,NA,100.026640713237,98.2520935898788,100.745649697962
2015-10-19,101.645186088309,NA,99.5686211646698,99.0270799070599,100.569065862604
2015-10-20,101.433436190348,NA,99.6712241083289,100.970819740464,100.447439457561
2015-10-21,101.231599805363,NA,99.7901428638681,102.158210668125,100.321717761543
2015-10-22,101.046170950475,NA,99.7219163669577,102.399801248975,100.2333907287
2015-10-23,100.869213196529,NA,99.3922631333197,101.93896343108,99.9974330624728
2015-10-24,100.69647449256,NA,98.9683904326259,101.328047929528,99.5107314985673
2015-10-25,100.537116566818,NA,98.5608724453175,100.771127477244,99.037618010347
2015-10-26,100.386050998467,NA,98.2103436175257,100.336235713275,98.6255658151106
2015-10-27,100.242029724081,NA,97.9963231380076,100.060496134353,98.3783053922023
2015-10-28,100.09580691734,NA,97.7331288255802,100.067636757992,98.1019750995084
2015-10-29,99.9548369166701,NA,97.522249745379,101.007661249091,97.7993854824828
2015-10-30,99.8274662390208,NA,97.5418086153186,103.466864393599,97.5809490818822
2015-10-31,99.719972457804,NA,97.8394573600039,104.534017555895,97.519314220549
2015-11-01,99.6340465123751,NA,97.7355751876693,103.835632259322,97.3759055293503
2015-11-02,99.5730889082015,NA,97.565497953443,103.344841498464,97.1725088279058
2015-11-03,99.4798045064924,NA,97.3311504274467,102.805809072407,96.918193443681
2015-11-04,99.3764722013383,NA,97.0956319595,102.375582122948,96.6655720484376
2015-11-05,99.2997298939626,NA,96.8771227496319,102.179646559925,96.4303134759153
2015-11-06,99.1912587341606,NA,96.6687978389771,102.137346715236,96.2145115945322
2015-11-07,99.0808677037043,NA,96.5031981720265,102.813741740048,96.0297184952034
2015-11-08,98.9911009872076,NA,96.3596122827618,102.952149010807,95.855768893196
2015-11-09,98.9145953985627,NA,96.1989777870205,102.539360393696,95.6784565444121
2015-11-10,98.8125886497734,NA,96.0284949422255,102.147609419621,95.4990547238349
2015-11-11,98.7196623437982,NA,95.8640322766612,101.794850062774,95.3344462637346
2015-11-12,98.6301255177704,NA,95.6999641252024,101.507918327095,95.1754152414026
2015-11-13,98.5423196280893,NA,95.5366434862106,101.269906711835,95.0204223773352
2015-11-14,98.4555793718755,NA,95.3788403102955,101.122393074816,94.869630909601
2015-11-15,98.3716746870704,NA,95.2251510871888,100.913418156711,94.7211722949956
2015-11-16,98.2934276759465,NA,95.0731385571782,100.652237722018,94.57500784757
2015-11-17,98.2182538030879,NA,94.92593354201,100.400193938489,94.4324109575298
2015-11-18,98.1439389703873,NA,94.7838192838237,100.162317420565,94.2936862554056
2015-11-19,98.0724628767101,NA,94.6475180423661,99.937854132628,94.1606443463219
2015-11-20,98.0052714183383,NA,94.5162746358549,99.7264016082679,94.0354251690797
2015-11-21,97.9383942398271,NA,94.3919702655479,99.5292899058084,93.9165977662019
2015-11-22,97.8752920238148,NA,94.2728401979131,99.3497876063936,93.8055001746294
2015-11-23,97.8161141826455,NA,94.1560541086498,99.7333471791715,93.691717607361
2015-11-24,97.7655772399779,NA,94.0480696038492,101.059646805162,93.586033944012
2015-11-25,97.71709754257,NA,93.9471345154223,101.551077184128,93.4893050071136
2015-11-26,97.6628845278333,NA,93.8445356810901,101.319451261043,93.3921321317827
2015-11-27,97.6092059720598,NA,93.7530026155484,101.066972691677,93.2998042656513
2015-11-28,97.5565264061219,NA,93.6644321175664,100.941607502713,93.2134386544323
2015-11-29,97.506742323498,NA,93.5846574527442,100.759130195977,93.137924269672
2015-11-30,97.4567423165013,NA,93.4942814891652,100.539089486896,93.0568100884486
2015-12-01,97.4064795710347,NA,93.4026200474094,100.331009635285,92.974425045346
2015-12-02,97.3596344760943,NA,93.3224318003644,100.143691786884,92.8977448823142
2015-12-03,97.3121545112446,NA,93.246687935136,100.018740784124,92.8181032490027
2015-12-04,97.2649084479448,NA,93.166598862027,100.125349839993,92.7386083481579
2015-12-05,97.2183296103433,NA,93.0945012328471,100.393567327582,92.6623674969296
2015-12-06,97.1731808431532,NA,93.0183328031547,100.458883938608,92.5887273017863
2015-12-07,97.1297945129754,NA,92.9401511752153,100.286626442909,92.513719712397
2015-12-08,97.0873325463046,NA,92.8698447500916,100.35573468996,92.4404960404057
2015-12-09,97.0476566840441,NA,92.8057831360162,100.354806557356,92.373348577507
2015-12-10,97.0102482777889,NA,92.7308135249291,100.196955868543,92.3031559265995
2015-12-11,96.9754584968086,NA,92.6581048128947,100.019358931593,92.2330901229133
2015-12-12,96.9419575470305,NA,92.5838867990374,99.8457304460301,92.1644179202213
2015-12-13,96.9118149376929,NA,92.508557816876,99.6790575168594,92.0939717379978
2015-12-14,96.8789656642775,NA,92.4373336250738,99.5154817127657,92.0284493677836
2015-12-15,96.846929884175,NA,92.3735656060356,99.3611834471048,91.9775859530205
2015-12-16,96.8172217589439,NA,92.3104550331298,99.2136683619302,91.9235796713381
2015-12-17,96.7890874080096,NA,92.2539632284972,99.0714956138116,91.8703523887901
2015-12-18,96.7605685130543,NA,92.1924980837936,98.9313003831429,91.8119765190875
2015-12-19,96.7286904750933,NA,92.132277176037,98.7958906904695,91.755824770562
2015-12-20,96.6969815620085,NA,92.0728670907219,98.6645935758126,91.7021714740566
2015-12-21,96.666646536744,NA,92.014361606564,98.5398350694067,91.644291397292
2015-12-22,96.6353478922149,NA,91.9543812597798,98.4203874899658,91.5834227836433
2015-12-23,96.6033138846394,NA,91.8942345344821,98.3756424753186,91.524101928636
2015-12-24,96.5714857658962,NA,91.8347228432902,99.0108544873214,91.464919562891
2015-12-25,96.5414041915861,NA,91.7716675813815,99.1708565451847,91.4057964369714
2015-12-26,96.5142890995199,NA,91.7075794681327,99.1754863854234,91.3470174693763
2015-12-27,96.4898442834961,NA,91.6628145896727,99.135368215221,91.2911898433198
2015-12-28,96.4661142720633,NA,91.6203106902764,99.0953167357979,91.241063426108
2015-12-29,96.4433701644778,NA,91.5744471700531,99.1210806147474,91.1976102093596
2015-12-30,96.4313570697584,NA,91.5266699449854,98.9855959503886,91.1602236812464
2015-12-31,96.4297131588162,NA,91.482737510216,98.8471054104922,91.1246936024643
2016-01-01,96.4071720365052,89.7911160494276,91.4340301798435,98.7136363784145,91.0843408026989
2016-01-02,96.3857309114169,89.7569867264767,91.3813585286741,98.5834191733112,91.0435001947119
2016-01-03,96.3722422702045,89.7239394871024,91.3259018251272,98.4593145618309,91.0078335213989
2016-01-04,96.3548230405356,89.6877560459119,91.2741938118378,98.3418089916143,90.9688972264122
2016-01-05,96.336700915119,89.6471644747341,91.2325494220828,98.2303012023015,90.9302896937029
2016-01-06,96.3206935626532,89.6071467458862,91.185087727214,98.1224629271328,90.886074987246
2016-01-07,96.3028922060471,89.5686697424259,91.1358162715685,98.0168148778687,90.841355275189
2016-01-08,96.286544451762,89.5275830006737,91.0829799605266,97.9146635913722,90.7973200392649
2016-01-09,96.2714016658168,89.4886922157321,91.033366903642,97.818328492178,90.7547671787937
2016-01-10,96.2560407806768,89.4459851660051,90.9827656736287,97.7222151002598,90.7099753685574
2016-01-11,96.2387815538935,89.4042929963871,90.9302501102378,97.635733561328,90.6655504463976
2016-01-12,96.2222556766332,89.3616182316444,90.8795439572871,97.5554335868088,90.6233145026118
2016-01-13,96.2056050703116,89.3178847781572,90.830190933701,97.4696646335744,90.5814243276074
2016-01-14,96.1868977545131,89.2753419212636,90.7809593038874,97.3822121211737,90.536443855612
2016-01-15,96.1668434278263,89.2343861755106,90.7321714136956,97.2970543070709,90.4931529888747
2016-01-16,96.1501429726357,89.1951484893937,90.683105056083,97.2128865884039,90.4517652904518
2016-01-17,96.1342465628938,89.15834654268,90.6318510114683,97.1298063075049,90.4090521877325
2016-01-18,96.1158887655006,89.1164204059516,90.5822141289428,97.0488922777088,90.3649236177695
2016-01-19,96.0958809251898,89.0735240228681,90.5334548167436,96.9703858144297,90.3210099466958
2016-01-20,96.0758072783393,89.0297027233178,90.484744730588,96.8927808611071,90.2774009745095
2016-01-21,96.0573644926824,88.9875859655142,90.4403157655496,96.8205893039381,90.2366153653211
2016-01-22,96.0419834617164,88.9478148410603,90.4018513987324,96.7540194671728,90.1984169137416
2016-01-23,96.0311170872416,88.9100060869778,90.3632640754364,96.6886855140372,90.1630576305293
2016-01-24,96.0175734069413,88.8754829386452,90.3280635621898,96.6257632236615,90.1312820327766
2016-01-25,96.0021629575186,88.8462814097927,90.2900188571117,96.5618896218761,90.1001739337608
2016-01-26,95.9861278647437,88.8193683152332,90.2524755647737,96.5010230995368,90.0690901798875
2016-01-27,95.9718115601704,88.790819012772,90.2375028233275,96.520126054935,90.0521025345172
2016-01-28,95.958239155978,88.765286857967,90.2585422665503,96.530045244704,90.0336311004429
2016-01-29,95.9452924044433,88.7402242572185,90.6783465962216,96.7891286671588,90.182859434668
2016-01-30,95.9340122520698,88.7152292227205,90.6797742205246,96.7441711334295,90.1729489142775
2016-01-31,95.9255963035159,88.6888874522406,90.6402412878722,96.6867673318369,90.141007851707
2016-02-01,95.924768660877,88.6633213399677,90.5953905673247,96.627764340049,90.1061781459652
2016-02-02,95.9140890452541,88.6330599434752,90.5525850414041,96.5701582052701,90.0721462926456
2016-02-03,95.9002825733574,88.603638642892,90.5198161568104,96.5155620375204,90.0395514690154
2016-02-04,95.8879407140855,88.5731596706805,90.4760739462512,96.4573720096237,90.0053134024122
2016-02-05,95.8771203186305,88.5444211824987,90.4384034113383,96.4489004971855,89.9755809685926
2016-02-06,95.8643095861758,88.5146625334428,90.4125246735817,96.8540821435869,89.94765571773
2016-02-07,95.850332224463,88.4878865748472,90.3844356932927,96.9470819969313,89.920033713208
2016-02-08,95.8359868784877,88.4599290323958,90.3503456160538,96.9076782392392,89.8897707605522
2016-02-09,95.8223157233243,88.4316419778168,90.3296721337603,96.9603231313646,89.8602495019818
2016-02-10,95.8090864661114,88.4032384430728,90.3588239158412,97.1197633830082,89.8381968257734
2016-02-11,95.7958911929312,88.3753992968422,90.319889024613,97.056037537712,89.8036969937132
2016-02-12,95.7827765397639,88.3500251823434,90.2863288782071,96.9999073969615,89.7748136913332
2016-02-13,95.7713921505041,88.3272293369457,90.252182396039,96.9389749657554,89.7481847285442
2016-02-14,95.7618022402741,88.304216704597,90.2231222260455,96.9061252745809,89.7226129154281
2016-02-15,95.7494494212866,88.2791997776702,90.1863678109016,96.8611886900276,89.6944308195219
2016-02-16,95.7384058211062,88.2525283849063,90.1481557523168,96.8080646762745,89.6651651492049
2016-02-17,95.726872645493,88.2270229109677,90.1158508304207,96.7677157900029,89.6363656744972
2016-02-18,95.7163696700945,88.1991278634749,90.0841976510064,96.7094303299115,89.6054234269077
2016-02-19,95.7067224112536,88.1702686549944,90.0482534269928,96.6437569869115,89.573317620299
2016-02-20,95.6969209427745,88.1415132031663,90.0105003898746,96.5803355801278,89.5407922574052
2016-02-21,95.6864350377823,88.1153085308031,89.9719856332631,96.5193083221298,89.5125886189484
2016-02-22,95.6770382836374,88.0924064705897,89.9378814835412,96.4638243457719,89.4875752939136
2016-02-23,95.6695971604166,88.0729754724119,89.9068230120462,96.4117390007734,89.4630260148682
2016-02-24,95.6617974647488,88.0521734419298,89.8691138931619,96.498744455746,89.4345607455334
2016-02-25,95.6521933621916,88.0304554549406,89.8430742094667,96.8487662718311,89.4101172189166
2016-02-26,95.6429871244739,88.0118044352551,89.8591013816076,97.8129545184912,89.3963473048965
2016-02-27,95.6342945327975,87.9945072414043,90.0073206851616,99.4266820224475,89.3975950671463
2016-02-28,95.6253521469962,87.9747916441108,90.034458190984,100.119982338802,89.3862104027518
2016-02-29,95.616037657587,87.9534171564611,90.016236475132,100.264524003572,89.3658920710377
2016-03-01,95.6080001727163,87.936117853262,90.0085106860669,100.347547581072,89.349748146173
2016-03-02,95.6000706737229,87.9169054377015,90.0309490307937,100.314892636139,89.3427311846045
2016-03-03,95.5913850381248,87.8955636350566,90.0495051339187,100.179578027466,89.3288283584589
2016-03-04,95.5822011471375,87.8732547411318,90.0242745489917,100.045428859118,89.302881552766
2016-03-05,95.5724734243798,87.8492562868021,89.9851540681422,99.9927298245127,89.2727991518876
2016-03-06,95.5628837050527,87.8237962563689,89.9503409633618,100.019567531331,89.2421611508829
2016-03-07,95.5542540329595,87.7989001404359,89.911348611369,99.9357273512695,89.2120622290031
2016-03-08,95.5484060799652,87.775896744132,89.8755859079349,99.8594357320572,89.1841487987963
2016-03-09,95.5402400146122,87.7548548253886,89.8419308963256,99.8557029024021,89.1588188828006
2016-03-10,95.5328725514985,87.7351919492521,89.8094540749059,99.9749755870631,89.1405102154925
2016-03-11,95.5232337224601,87.7167184239415,89.7939730055174,100.1311613968,89.125226497599
2016-03-12,95.5133539528624,87.6993902971866,89.7835124165201,100.330612140735,89.1138978521316
2016-03-13,95.5035199854878,87.6815416197785,89.8449276996108,100.86040353337,89.1465937236877
2016-03-14,95.4943960159631,87.6616590492853,89.9071437929301,101.187817656023,89.1691886732987
2016-03-15,95.4888075016005,87.6426498514664,90.0019646127372,101.133370527702,89.1878905550033
2016-03-16,95.4843318377677,87.6239042237059,90.0521743797519,101.228042444719,89.1908297512877
2016-03-17,95.4807352150299,87.6043845198549,90.0623070831866,101.360141275867,89.1895424282129
2016-03-18,95.481528961573,87.5899262696708,90.0983834416482,101.300134031648,89.2039995066928
2016-03-19,95.4866224495659,87.5838463013652,90.2120682837497,101.45094517042,89.2432687679676
2016-03-20,95.4969901224099,87.5851162581557,90.4017209599232,103.295133048622,89.2943519263017
2016-03-21,95.4993871871632,87.5910711926061,91.2627013563949,105.886575099904,89.510151634974
2016-03-22,95.5017670898909,87.6145234278445,91.9084661044657,106.978549209514,89.7291734816282
2016-03-23,95.5231824804136,87.677190840313,92.3984776879018,106.908369642659,89.9598442648096
2016-03-24,95.5680252832868,87.7708076961959,92.7001098810265,107.027113906906,90.1482852487167
2016-03-25,95.603287441073,87.8865487864906,92.9411772669913,107.763571102587,90.3594938183014
2016-03-26,95.6479331757678,88.17548692222,93.6835074113549,108.937549152119,90.6776404128183
2016-03-27,95.6620683044863,88.3514118181099,94.0137668138339,110.154103044208,90.8667722573721
2016-03-28,95.6560397918641,88.4746487206815,94.1339554411336,112.660261983524,91.1570504734705
2016-03-29,95.6621476564222,88.8860080442163,94.6337083074034,114.740209672287,91.9543578005164
2016-03-30,95.6747502263749,89.6173196369906,95.4566498563646,115.638284503524,93.5183212979769
2016-03-31,95.6665321867209,90.3256569427989,96.3173162944495,116.266959489588,94.5275012283328
2016-04-01,95.659124435452,91.0522182062653,97.1458671895675,116.835526340846,95.5264175327079
2016-04-02,95.6719570529725,91.6140938618885,98.2428246311483,117.651744776604,96.3568467952926
2016-04-03,95.696060977399,91.8639590836299,99.4945008815947,118.980921296021,96.6911860672253
2016-04-04,95.7375727499209,91.9869942869594,101.586062876748,119.938763296443,96.9188070944278
2016-04-05,95.7604370469226,91.9822996908828,103.79625645255,120.591639147036,97.2913770206437
2016-04-06,95.7566167142917,91.9685338291086,104.566625214694,120.373758242877,97.7119061317655
2016-04-07,95.7577724394032,92.1405510255366,104.646477220812,120.171822009863,97.8970135489867
2016-04-08,95.7797993791457,92.2886692624213,104.670736759658,119.863448426743,98.2117279366785
2016-04-09,95.8052665328731,92.6680456577994,105.16458697976,119.666629682263,99.035751097203
2016-04-10,95.8246520758262,93.1996153549934,105.584740444353,119.563985193701,99.5273872562797
2016-04-11,95.827251373539,93.6088228570658,105.42611351946,119.386386831611,99.5463802309708
2016-04-12,95.8472219396334,93.9232866916777,105.227134496771,118.525498169927,99.5742638249598
2016-04-13,95.8495782837844,93.7629141048579,105.252692984517,117.485088638483,99.4132888098557
2016-04-14,95.852220888439,93.5850204208559,105.77377178298,116.455431230431,99.5392021889449
2016-04-15,95.8684290428184,93.5317147909283,106.641914177013,115.832948392914,99.7848172460372
2016-04-16,95.9008258588282,93.580706783711,108.405414640075,115.75191508959,100.910929228572
2016-04-17,95.9689879541281,94.0118471537809,110.88346913403,115.225812918935,103.240366065795
2016-04-18,96.1259614555051,95.5765019868376,113.814326412704,114.0985934379,107.056152317406
2016-04-19,96.3286328342631,98.3832052669029,115.588494731358,113.213288305611,110.162018886128
2016-04-20,96.5381608975378,99.1748379713787,114.248037921243,111.985804553908,109.874240929799
2016-04-21,96.6647705537578,99.369363380239,113.052748452011,111.380400938032,108.920055279777
2016-04-22,96.7443674556028,99.6911222378522,113.296977167999,110.935227687781,109.323339674729
2016-04-23,96.8804788756214,100.42683023593,113.956971536249,111.124012630256,110.137202918024
2016-04-24,97.0578757438261,101.320562516053,113.675181253536,111.058310247565,110.591387972342
2016-04-25,97.3776415510341,102.326403845281,112.899846456383,110.503622339737,111.125338706046
2016-04-26,97.7759077816934,103.81720254928,112.422250493595,109.624011281389,111.830961799374
2016-04-27,99.1810812631771,105.404548261292,112.763255998294,108.866892414199,113.015714019206
2016-04-28,101.358311646658,107.714078592821,113.164647501066,108.229660754812,114.234006648039
2016-04-29,103.757089199323,110.173898337432,112.450360127843,107.453760342844,114.990993382398
2016-04-30,106.023948786356,112.315605093826,111.472818332461,105.992712174571,114.865740741158
2016-05-01,107.764672740177,112.51665591114,110.655186458397,104.549859185896,113.42679191501
2016-05-02,108.829485669414,112.682343444201,109.653840694335,103.295511289107,112.896452507554
2016-05-03,109.495375111681,113.326970509485,108.371912978002,101.939358040594,112.39239641761
2016-05-04,109.814965565364,112.58725846098,107.415766101778,100.587552828834,111.094510974012
2016-05-05,109.937259342303,111.465166504345,107.292220073279,99.4813588116634,109.943681875955
2016-05-06,109.992508656199,110.033143339449,107.51428253853,98.347765759003,109.339785821752
2016-05-07,110.198173947515,109.924034328676,106.967472913513,97.3194183604378,109.22150261095
2016-05-08,110.438356208942,109.768237770456,106.499671773558,97.6478192452544,108.98605312347
2016-05-09,110.923390883227,109.712356568764,106.048311010346,98.0065228787096,109.375628809658
2016-05-10,111.639456221044,109.27152596665,105.549971887954,97.6768944763417,108.820003454074
2016-05-11,111.914013230056,108.436236416601,105.524700245259,98.8307330548348,108.196519108311
2016-05-12,112.166224213952,107.595828971315,105.793383917205,99.8949079274782,107.303762140765
2016-05-13,112.780459974044,106.730107022817,107.859685047736,99.6912452560941,106.997921740218
2016-05-14,113.203266548895,105.898052558642,109.825927437624,99.2036187453108,107.366512492761
2016-05-15,113.864753574167,105.585922019419,108.550579811994,99.4537148094886,107.016906981488
2016-05-16,114.727895197138,105.575996890242,107.293711841207,99.5894149877302,106.366126957029
2016-05-17,114.488755249791,105.508879931268,106.513973802425,98.5782402204566,106.139895514814
2016-05-18,114.074592540977,105.616733425329,106.303426214124,97.0838054657032,106.407366772841
2016-05-19,113.739730547812,105.622746323112,106.390180443113,95.8215002723472,106.824093110894
2016-05-20,114.406645057351,105.5643891732,105.940252425935,94.9800683150414,106.775367863507
2016-05-21,115.955359828583,106.143889100149,104.990883675174,93.6491911200602,107.065975771446
2016-05-22,116.981343419314,106.363393031511,103.933877884796,92.3738824948654,106.613438391277
2016-05-23,117.364017918662,106.021099282035,102.761293717065,91.3876532264496,105.130390592676
2016-05-24,117.28243554071,105.771386357329,101.483280945855,89.8022745214484,103.729618028986
2016-05-25,116.760529841726,105.314885541213,101.086505242322,88.3776860214002,103.437261445988
2016-05-26,116.633111398941,105.328561334451,101.163214274703,88.056793764096,103.569741129581
2016-05-27,116.624963908788,105.726853396383,101.046946815301,87.3450688181251,103.968024222317
2016-05-28,117.046347850592,104.901884974383,101.215885598268,87.493690595484,104.949516615338
2016-05-29,117.602816832318,104.348676023,100.988866864575,88.0723192426864,106.140079812171
2016-05-30,116.831514491999,103.850327400361,101.678775065674,88.3242108325729,106.713056546095
2016-05-31,115.777617361068,103.081915969947,101.680149931909,88.6238834071057,106.596924344929
2016-06-01,114.916418858824,102.035840183276,100.927130539163,88.5371555545885,105.576670942915
2016-06-02,113.648662332437,101.358163614482,100.423290840847,87.8619304547241,105.046341749668
2016-06-03,112.247947519102,101.102320518324,99.8331209187434,86.9173451538559,104.791714114456
2016-06-04,111.257641704229,100.832179931132,98.4449492969652,85.7383201276243,104.607912979497
2016-06-05,110.272941273625,100.466769241679,96.3287461783899,85.1356659528874,103.27810849334
2016-06-06,109.037502234067,99.9497661329081,94.8599357412557,84.5002908144031,101.72136003919
2016-06-07,107.805430291715,99.9371217736496,94.5401594069059,83.8377591913639,101.116583877667
2016-06-08,106.679608439641,100.167373604096,94.7583132757279,83.8995243473913,101.030482278952
2016-06-09,105.405849024595,99.4604835836347,95.1710665875,84.2806595910507,100.273316541187
2016-06-10,103.887515653078,97.8780463452568,94.5551243084832,84.0621266054802,99.1879200477896
2016-06-11,102.346786625676,96.2140517503935,92.5208259454121,83.6375698493668,96.9827774741612
2016-06-12,100.904452992624,95.6667881544844,91.0840464796899,85.3632558525855,95.7688292649086
2016-06-13,99.6583864091578,95.3800099060026,89.7793603528298,85.6021064059692,95.1522925454188
2016-06-14,99.1494114700118,95.6992411323098,88.8778622340744,85.1856333244198,94.8359508888829
2016-06-15,99.1972362108501,95.9369001746756,89.8377461627506,85.5123232439336,95.7000650947739
2016-06-16,98.8413187897933,95.3516900040679,91.4941221061358,85.7954452629769,97.5410799839561
2016-06-17,98.5024351356619,94.2623567821934,92.9658787206699,85.1855518726193,97.6499040793245
2016-06-18,98.3231489968939,93.4638126220145,93.6806600366459,85.0556117819831,97.839824766957
2016-06-19,99.1473951489999,92.4928030028419,92.9574563141431,85.9945289109087,96.2593278418489
2016-06-20,99.5717087253555,91.9855297038785,91.2534656384323,85.9040580545092,94.4108654403138
2016-06-21,99.6782144132339,91.3885470118914,90.0081038472577,84.3298630844062,92.9315759266375
2016-06-22,99.8881838067802,90.4031987777353,88.3703524425993,82.7686197492839,91.5417223704734
2016-06-23,99.5320835405793,89.7142535054639,86.8963470692248,81.7739418783746,91.0756367861583
2016-06-24,99.042194376181,89.4664277739666,86.6514117488664,81.7505167711124,90.8501509804992
2016-06-25,98.3595048125826,89.7313628586281,86.5939899692739,82.9590961285829,90.3199275856246
2016-06-26,97.3269998206363,89.3567401565051,85.8923724608402,84.2680616724744,89.3037745415658
2016-06-27,96.7610628055417,88.9938407887057,85.8642678963749,85.3331579053644,88.4826769432095
2016-06-28,96.2447490085037,88.7266623731335,86.6277345372265,86.3756626415112,89.2153442890226
2016-06-29,94.8367859064275,87.5472242778845,86.3261179138486,87.6669120013315,88.4669205344121
2016-06-30,93.452786056113,86.7801369873739,85.375703633739,88.5782301292196,87.344496184966
2016-07-01,93.0468996213293,87.3760868244428,84.8315958428259,90.0038722665295,86.8929359413385
2016-07-02,92.9069800236309,87.2125180029165,84.4047297495929,91.3113627715402,86.5111147462156
2016-07-03,93.5459457501687,87.4909722702978,84.9368410637412,92.2068877824814,85.9415069126036
2016-07-04,94.0008546471943,87.4896638069246,87.4789349316016,92.9814607258849,86.5606766091788
2016-07-05,94.1472871289022,87.488340276582,88.9700118817578,93.0001211776577,87.5574663042919
2016-07-06,94.5671521780995,87.7710061276566,88.8062115637688,92.5935292476398,87.4266799637037
2016-07-07,94.0373536877807,88.2582778386196,89.0173687668904,92.1196082432139,87.8650220735132
2016-07-08,93.4551570648615,87.9815523569733,89.8769216350202,91.8963545053118,88.546248323326
2016-07-09,93.3595083416813,87.1041582233892,90.7619384813436,91.1473052246466,89.3159956323132
2016-07-10,94.078462643609,86.926225549645,91.182341905612,90.5225276261547,88.7038863433876
2016-07-11,95.6369717718502,87.4749637657649,89.9236223954888,89.3739061241523,87.6950198828395
2016-07-12,95.9680425708839,87.1537941978627,89.0126131582245,88.6483643314192,87.0845660623198
2016-07-13,95.33352789897,85.8761941324664,88.7381364500848,89.7309397222213,86.5450705754625
2016-07-14,95.2109465555359,84.8047448041744,89.5323353562641,90.4802945176119,86.3828876291169
2016-07-15,94.3197006904549,84.1167601409861,89.0828811647095,91.8810076601542,86.5492726316049
2016-07-16,94.3529364394687,83.3263107648318,88.6408737967285,93.9586319231819,86.4843007424887
2016-07-17,95.1915654566976,83.1926192862557,87.3805329433714,95.2973257014035,85.7903378502229
2016-07-18,95.6493430434487,84.8802598551785,85.4296659282549,95.4264890792218,84.4679420169169
2016-07-19,96.0321089489018,86.7546831325502,83.5502385070038,94.9535103834441,83.3022972148232
2016-07-20,96.0250043044362,87.2735761921299,82.3987756078252,93.9738052845298,82.982784232601
2016-07-21,96.6030812726193,88.6557684634317,82.0378717781163,93.2337360395403,83.4849634962953
2016-07-22,96.6515123645581,89.7551102278871,82.1079828250991,92.7741880133293,84.0277949580925
2016-07-23,96.3364463285218,90.1699122454838,80.8752200298643,91.7958173488404,83.7620017917787
2016-07-24,96.322819160626,90.8439993537997,80.0980712115756,92.3393857729492,84.3642746918278
2016-07-25,96.2831169085147,91.2016784363352,80.6138590675076,93.3169270331915,84.4346699316033
2016-07-26,96.4323954744861,90.1650556877562,80.609351423604,93.2961908230992,83.6822868574628
2016-07-27,96.0231906974252,89.1495324891893,80.8602975579305,93.0315677035087,83.2906841040643
2016-07-28,96.1417787854589,87.9677911214779,81.1822606073966,92.5192729197692,83.3526655861644
2016-07-29,96.2215700522731,88.4919079858314,80.9191763451625,92.3752639973872,83.5342207040976
2016-07-30,96.9933069278172,90.8938905522151,80.6978953659209,92.7096503561397,83.5579009982936
2016-07-31,97.0581327619958,91.7875067176657,81.2716106799351,93.0987158280958,84.0677146681847
2016-08-01,97.936533071815,92.2846203698874,81.5273971074005,92.8618930829302,84.9769899646753
2016-08-02,99.2229479914316,92.3456428632447,82.4668346754849,92.1043862836332,86.1547211559205
2016-08-03,99.8291378100858,91.3744688188801,82.1660041892959,90.8088414164322,85.4698125668192
2016-08-04,99.315948300754,90.7563844626153,81.3550542000409,89.1097067449076,85.5515037950238
2016-08-05,98.9051312631486,90.3936427261623,80.916898916912,87.2580115567821,85.2943977814389
2016-08-06,99.3532351081136,90.7384939026503,80.5301532262129,85.7970417562006,85.5742243941917
2016-08-07,99.1025502856193,90.7687135767542,81.4735308034957,85.6035061799693,86.2020117992203
2016-08-08,98.8383387286602,90.7980095681731,83.1525758568573,86.5511611027208,86.9391125051066
2016-08-09,99.4994392488459,91.632762577497,84.6309809616225,86.6152821757872,87.6210839075979
2016-08-10,99.5869397032435,93.117503181716,86.7147037717055,85.856216497901,88.7561249195563
2016-08-11,100.078709461845,93.5950812303238,87.4424282367483,85.3693827126277,88.9794762220347
2016-08-12,100.201862858645,93.2270660964001,86.0655588214502,84.1476324089038,88.236781256237
2016-08-13,99.2602057068509,92.3567620626639,84.5759101512827,82.6528538417788,87.5392986148382
2016-08-14,98.2658292846514,91.2940018589656,83.6258631617635,81.29498738402,86.6338783204625
2016-08-15,98.1685209948518,91.2689577560147,82.8710826515201,80.1681999641023,86.3514771805458
2016-08-16,99.2777843286684,91.8674388455332,82.3921867377243,79.4312063004628,86.1992641962196
2016-08-17,100.302279616058,91.7816424027088,81.5544395742484,78.6173260251708,86.1251128949127
2016-08-18,100.765001441805,91.2190705589104,80.8883814061533,77.6375157538574,86.3542440038917
2016-08-19,102.160056377774,90.4782934317052,80.4963658797069,76.7591035645547,86.2313279217077
2016-08-20,102.304284730691,90.4964816567221,80.127541548926,76.189949122864,86.064658418783
2016-08-21,102.717699602126,91.8926842200297,80.1022005462002,75.7989994654722,86.9009831173159
2016-08-22,103.242582779824,92.0742419215348,80.9422889923521,75.9705970385424,87.2572023524425
2016-08-23,103.599061442352,91.3964242277281,81.7464864057705,76.345400953705,87.0838360748398
2016-08-24,104.592805086927,90.5492494840093,81.9468707587993,76.3718274187107,86.3077390949978
2016-08-25,105.240024660594,91.0045283352714,81.2087283374672,75.6213441557278,86.4281001618745
2016-08-26,105.973972044727,94.8966431897411,81.2176010446954,74.893757313826,89.4729845607113
2016-08-27,105.662536990624,96.2335495111344,82.6469687182342,75.2813450118884,93.6382896319231
2016-08-28,105.354353707919,95.9704615542756,84.2614156729693,77.2323870784293,94.482037646737
2016-08-29,105.314264544286,96.2963406231672,84.8030664272819,78.2039638572149,94.7851481830351
2016-08-30,105.416402843906,95.3436749291127,85.6156231578315,78.8933306595035,94.7358403345012
2016-08-31,105.245137039371,94.5939134410958,85.9426238240206,79.2885878996588,95.885862695158
2016-09-01,105.080318422905,94.2407338938142,87.111525611052,79.7748670855746,97.2310404259425
2016-09-02,104.773245631035,94.0216249073786,87.8514777686061,79.5280743490017,98.7587403604383
2016-09-03,104.105881651899,93.5085199176529,88.522696170819,78.9442893179696,99.592046158223
2016-09-04,103.535215926351,92.8899325631488,88.2946022539406,78.6116707407772,98.8447499047698
2016-09-05,103.198399142777,92.2156442348565,87.3660421606013,78.136690120278,97.3169263783385
2016-09-06,103.693421943428,92.7099123271117,86.8688457804798,78.0170371384305,96.5085410048812
2016-09-07,104.0624833412,93.6122844965095,86.916527691359,78.2822222335058,96.2933236821437
2016-09-08,103.928910519807,93.7030251921504,86.776875554864,78.553905635571,96.0879707933689
2016-09-09,103.704987631762,93.7379439283117,87.2277674417506,79.7276797675425,96.7347533528606
2016-09-10,103.467714643425,93.456655120121,88.2661244789717,81.3188237531662,98.1932339410239
2016-09-11,103.387369038316,93.0986339568962,88.8149745914176,82.4407717821713,99.371560939346
2016-09-12,103.394971204497,94.3295467303231,88.892627159746,83.5494722077014,98.5612410073691
2016-09-13,103.227085378445,96.3535132499772,88.8999418840632,83.842532021128,98.0502706519528
2016-09-14,102.594384866216,97.3632179065438,88.4448652402275,84.9408160360865,97.7899134915506
2016-09-15,101.808781396352,97.2682921961315,88.8745811020361,85.5838782139859,97.7202087243587
2016-09-16,101.201544370133,97.2177234272318,88.3514362307578,85.3612476603997,97.1971372833716
2016-09-17,101.118151469805,97.4634617478352,88.0796190298127,86.0977771916723,96.3643923535761
2016-09-18,101.14576954697,97.0419404718634,87.5184128056666,85.6118466877761,95.6246450626405
2016-09-19,101.004626892244,96.4983216158782,86.8782689370829,85.3436856046883,95.1278935456389
2016-09-20,100.797444257109,96.3094984650189,86.8073781145966,85.0064132849607,95.2251159944099
2016-09-21,101.201966561603,96.2649148151986,86.4646558474039,84.5902512000534,94.9007836566362
2016-09-22,101.474894694423,95.8756235106064,86.3540707914493,84.7928086573712,94.5097497692491
2016-09-23,102.296379376475,96.4117066296078,86.5861731263742,84.6682867051467,94.4055699649155
2016-09-24,102.39832748027,95.9726227719022,86.5895195612169,84.0551502229062,94.2801065985627
2016-09-25,102.220724808179,95.6923785108602,86.2661412623956,83.3970430930356,93.981355373211
2016-09-26,102.691100961275,95.5176116109007,85.9710484959576,82.8467304015215,93.763679234394
2016-09-27,103.728902346629,96.5822434910144,86.050740101233,82.3679670866096,94.54166973765
2016-09-28,103.875270506192,97.7318835014838,86.0427724999808,82.0787356769711,94.962301672582
2016-09-29,103.450288657531,97.4969065589301,86.2677299689645,82.1313850154713,94.6281627639164
2016-09-30,103.212156998484,97.0201567424268,86.0716634856519,82.9572340725741,94.1860303932332
2016-10-01,102.946875933402,96.472811000891,85.9863753537752,84.8065446565541,93.8278421865527
2016-10-02,102.644346476653,96.1274151554441,86.4776361316482,86.2439429042835,94.4004099969631
2016-10-03,102.281527355559,95.9493215776541,86.4575815590595,86.6708515344903,94.7397974940107
2016-10-04,101.945814166102,95.5990838867769,86.2700391922223,86.8171492131304,94.2911293477885
2016-10-05,101.63206275645,95.1485419073684,86.0471088214869,87.2321978248616,93.8404895986268
2016-10-06,101.365365453324,94.727012118185,85.8154384100137,87.5964446446105,93.4273693972507
2016-10-07,101.179309147356,94.3790458235863,85.6485454805015,87.8774430600551,93.1063610723065
2016-10-08,101.148106925779,94.0566092771665,85.484311953523,88.0504429808582,92.8082360729305
2016-10-09,101.11587102276,93.8180185980323,85.3983474096816,88.7121412796684,92.5681362210555
2016-10-10,101.035509625447,93.6255110439998,85.4079550035747,89.0216022451206,92.4037093263924
2016-10-11,100.872213590817,93.3928532388924,85.3816768476877,89.4021722578772,92.2711408595445
2016-10-12,100.64077787402,93.1721322635838,85.4619943111122,89.879705790678,92.2862855271104
2016-10-13,100.433918160159,92.9828277308741,85.4571084269307,89.9432954073769,92.378587169138
2016-10-14,100.268743777892,92.7855441267157,85.3799283907484,89.8823487328137,92.3118244197714
2016-10-15,100.073757321257,92.5207973757709,85.218136369124,89.6973821440315,92.0521675773085
2016-10-16,99.8802124172536,92.2914799206812,85.0899923247363,89.5184890526983,91.8382075129831
2016-10-17,99.7059171809932,92.1035923400853,85.0370689128913,89.3990486397272,91.6825856178904
2016-10-18,99.533799964908,91.9106754714143,84.9806477285109,89.4341735852654,91.53693121793
2016-10-19,99.3763977508029,91.74333875468,84.9506798259961,89.5438160805368,91.4514505053652
2016-10-20,99.2286490542329,91.6034902195993,84.992838300553,89.6042336193384,91.4077904678996
2016-10-21,99.0885174351534,91.5527049021076,85.1390454489349,89.7949169374802,91.4783185262995
2016-10-22,98.9677983113529,91.4700127214749,85.1945348023138,89.8386543286234,91.5349418625928
2016-10-23,98.8819078324009,91.4501202456383,85.2056747587238,89.7933758293747,91.6223050646074
2016-10-24,98.7785608976746,91.4246729599163,85.3438707194048,89.7313381426448,91.7726667141104
2016-10-25,98.6622644110376,91.2971008791953,85.3221523335111,89.6394645685685,91.6921228342954
2016-10-26,98.5828623755861,91.2427192494147,85.3367750966364,89.6348248472295,91.6872181529492
2016-10-27,98.4759711705644,91.1337481682664,85.3222767490887,89.5384613750954,91.7013231670206
2016-10-28,98.3739589259321,91.011492357041,85.2505266768374,89.4238888764513,91.604841035667
2016-10-29,98.3270183334365,91.1126920303992,85.1912480327613,89.2960590997798,91.5017693028162
2016-10-30,98.2342923687797,91.1517655298624,85.1586625447299,89.2602621048301,91.4296536139678
2016-10-31,98.1337168087049,91.0378093201672,85.0934459039226,89.3168742101884,91.3031023859507
2016-11-01,98.039818866437,90.9085358151397,84.9906009411602,90.8835045348813,91.1645297081266
2016-11-02,97.9533296673175,90.7838704848762,84.9277218451655,92.6375398384488,91.1184364500841
2016-11-03,97.8839838032256,90.6848349655359,85.0177255929071,93.0345695882595,91.1689055428559
2016-11-04,97.8157581843892,90.5917200878857,85.4952626534268,93.2615826802076,91.6514073328245
2016-11-05,97.7427675310513,90.4934784093835,85.7171333701745,93.1491560268357,91.802173736853
2016-11-06,97.6698785594954,90.4407812047863,85.826978671722,93.014255643477,91.9335508514322
2016-11-07,97.5994199331336,90.3549041515159,85.6912216664385,92.7813775780061,91.8522844752633
2016-11-08,97.5323127926061,90.280188958484,85.9235170532229,92.652942606918,91.8351361447219
2016-11-09,97.46771737644,90.3528250452585,86.1868279107186,93.6751049174961,92.2116106182889
2016-11-10,97.4047217346873,90.2989901217726,85.9652955156135,93.88591757858,92.241926585687
2016-11-11,97.3439891888371,90.2271713803101,85.7728136480614,93.6768048265229,92.0363248341002
2016-11-12,97.2846654017044,90.2083431647032,85.7216888805909,93.448794748405,91.9996023551117
2016-11-13,97.2270499795064,90.1306954238358,85.6429673214308,93.2865100286384,91.8190572410912
2016-11-14,97.1708088255928,90.0549287533119,85.5203764641285,93.125553336845,91.6764567390824
2016-11-15,97.1161228010763,90.0056231481248,85.3364882218741,92.8986235875476,91.7448285424125
2016-11-16,97.0638213881952,89.924016785063,85.168796390588,92.6678141738316,91.5471579424595
2016-11-17,97.0140770293011,89.845266968106,85.0235100510875,92.4575361005153,91.3608500961802
2016-11-18,96.9660399746725,89.7708074512666,84.8957245161682,92.2624991105091,91.1971772105166
2016-11-19,96.9191016275219,89.7001400156526,84.7840591611398,92.0825813645864,91.0492157180685
2016-11-20,96.8745103275036,89.6329117579627,84.6846758161622,91.9148322839535,90.9124447363173
2016-11-21,96.8316167336807,89.5681351136837,84.5951077185197,91.7586739799888,90.7853735044465
2016-11-22,96.7906665680105,89.5065757694017,84.5149364145561,91.6086063313582,90.6662671642573
2016-11-23,96.7520064221677,89.447597402324,84.439785984657,91.4652234008742,90.5542744584811
2016-11-24,96.7139412790184,89.3918743582224,84.3739031821661,91.3312750476463,90.4509337089443
2016-11-25,96.6768325037211,89.3386220089771,84.3163700617854,91.2030290891962,90.3548565683164
2016-11-26,96.6404423690604,89.2871567438775,84.263728305741,91.0796231502188,90.2650205174296
2016-11-27,96.6059214465628,89.2415272619165,84.2078098473795,90.9591562554806,90.1793708646292
2016-11-28,96.5730758510424,89.2017876047282,84.1608578122041,90.8488103403651,90.1013726467835
2016-11-29,96.5412948166866,89.1602997227361,84.1121985563638,91.0068818745334,90.0258488985489
2016-11-30,96.5092977787447,89.1211931033406,84.0733742789985,91.0961556911562,89.9564490929495
2016-12-01,96.4783660470432,89.0841156480603,84.0338908417408,90.9881508939041,89.8944083706406
2016-12-02,96.4487622876184,89.0512428672395,83.9976172525858,90.8850136539853,89.8333991130038
2016-12-03,96.4197729971041,89.0163867657978,83.9625461631549,90.7981056170458,89.7759817334655
2016-12-04,96.3916620255669,88.9787605916546,83.9257662317813,90.8770628186979,89.715403872466
2016-12-05,96.3639551260133,88.9410165384958,83.8910395583006,90.8541204919288,89.6516275970127
2016-12-06,96.3366501418509,88.9054070965523,83.8574907324868,90.7624668773587,89.5910606228998
2016-12-07,96.3114179621815,88.8722769136005,83.831080367958,90.6711848845779,89.536004171352
2016-12-08,96.2897651647396,88.8409712312999,83.8164399765326,90.5855198677717,89.4839901024023
2016-12-09,96.2681056201949,88.8114249520108,83.8028943247657,90.4985500475275,89.4367142262983
2016-12-10,96.2468782777436,88.7835536239923,83.776305960122,90.4156967905652,89.3880710711382
2016-12-11,96.2267581907648,88.7578281343566,83.7520812704022,90.3366037837103,89.3398128938009
2016-12-12,96.2064758932654,88.7317086073747,83.7329822280627,90.2871525348415,89.2948560019091
2016-12-13,96.189278038517,88.7074506271544,83.7150267456748,90.2371996637978,89.2521929910309
2016-12-14,96.1740342096925,88.6854336728531,83.7065139914943,90.4141398849124,89.2159880106127
2016-12-15,96.1594302367423,88.6646168568524,83.6867532579488,90.4194548411409,89.1773130272465
2016-12-16,96.1423784879393,88.6423793717719,83.6663603944902,90.3490755949961,89.1376764116002
2016-12-17,96.1271609814119,88.6209344026662,83.6471953485863,90.2780921749819,89.0994892724953
2016-12-18,96.1099037175066,88.5995868253358,83.6292163186186,90.2072144342868,89.0645992667128
2016-12-19,96.093548840196,88.5827445152932,83.6124707895647,90.1394826159902,89.0316411502661
2016-12-20,96.0777445732436,88.5679209134045,83.6009267147481,90.0701157016739,89.0060423891236
2016-12-21,96.0625741108585,88.5541924061185,83.5906711535558,90.000009478267,88.9831618405269
2016-12-22,96.0467862775235,88.5364218899978,83.5723794405644,89.9303647087596,88.9593208067918
2016-12-23,96.0317369573496,88.5175076219005,83.551495769408,89.863221919931,88.9279594029979
2016-12-24,96.0170592639329,88.5009225051961,83.5344496465025,89.8001382143466,88.897336961201
2016-12-25,96.0023383545379,88.4861974197395,83.5271384739091,89.7427623707611,88.8735754589771
2016-12-26,95.9877222346964,88.4729633415899,83.5316402373578,89.6931018461764,88.8499955766103
2016-12-27,95.973352897543,88.4601203247657,83.5268905066118,89.6349250349422,88.8265954523669
2016-12-28,95.9616885657596,88.4469028252827,83.5172732548251,89.5793037437822,88.8069521223338
2016-12-29,95.9506010766807,88.4364517037039,83.504194221328,89.5296868376401,88.7868120803148
2016-12-30,95.9419658473202,88.4430168564767,83.4905003334253,89.479902655687,88.763982518233
2016-12-31,95.9321715593922,88.4337458347054,83.4863810897372,89.4279078285901,88.7426289054977
2017-01-01,95.9293155452502,88.4313459490984,83.4910235231535,89.373352655379,88.7244528671414
2017-01-02,95.9346259921441,88.4505858894397,83.4899312776608,89.3194919858481,88.7102405413955
2017-01-03,95.9481186307612,88.4764770795787,83.4773319049262,89.2669377230952,88.6898912290066
2017-01-04,95.9415534878646,88.4728446647421,83.4743265367511,89.2206383580312,88.669116570059
2017-01-05,95.9307643980368,88.46966304284,83.4727547018984,89.1715642711886,88.6502269662028
2017-01-06,95.9215059008276,88.4649580560925,83.461286933496,89.1228843831006,88.6349482520654
2017-01-07,95.9113460741642,88.4540504489565,83.4443044318436,89.0766316918746,88.6136609768665
2017-01-08,95.8995496510928,88.438717714895,83.4280809840456,89.0315831828631,88.5895820506383
2017-01-09,95.8887086760117,88.4244306811884,83.4155296115331,88.9879347976935,88.5689899365189
2017-01-10,95.8784255633927,88.4115103161903,83.4026585123164,88.9440613976201,88.5483875953569
2017-01-11,95.8671850288215,88.3997892428331,83.3900845549104,88.9057008622214,88.5265077568346
2017-01-12,95.8561085877763,88.3877929561674,83.3816041178018,88.8705967025222,88.5062406243693
2017-01-13,95.8455405217548,88.3753681847693,83.3718563375906,88.8355590404937,88.4881561433975
2017-01-14,95.8351932209403,88.365742381926,83.3629939335046,88.8001946164547,88.476847067364
2017-01-15,95.8246269637538,88.3582915915173,83.3549390156007,88.7640053489196,88.4692416651916
2017-01-16,95.8141250935162,88.3537389487159,83.3521174326143,88.7316150828251,88.4656371344031
2017-01-17,95.8036171769205,88.3484996639409,83.4600443207945,88.8816671096198,88.5203768467401
2017-01-18,95.7937746740647,88.3391504319224,83.5773986946641,89.0485069218991,88.578316189893
2017-01-19,95.7836862149481,88.3291383478987,83.6132357823307,89.1198497493288,88.5958662925401
2017-01-20,95.774161182655,88.3160823801526,83.605357529741,89.1152736475768,88.5789953644167
2017-01-21,95.7680102813285,88.3040232047202,83.5982744664381,89.0879213345825,88.5584922671596
2017-01-22,95.7630463653806,88.2938959791665,83.5911997848496,89.0394000732378,88.5391614174426
2017-01-23,95.7603754540236,88.2871071839688,83.5865980121722,88.993851788347,88.5234266859108
2017-01-24,95.7592595783935,88.2814176001761,83.5742992214165,88.94865391865,88.5088021581557
2017-01-25,95.7542350149778,88.279913285746,83.5654225969241,88.9054586131093,88.4998287018386
2017-01-26,95.750669122248,88.287617787136,83.5596418719104,88.8657139004543,88.4981391312071
2017-01-27,95.7487409551096,88.2959596570131,83.5523866096865,88.8333623027797,88.4907395940682
2017-01-28,95.7474670168158,88.3013786674897,83.5495277094224,88.810114328873,88.4867055236861
2017-01-29,95.7428049459024,88.3044024167267,83.5821586073906,88.8685419528705,88.5057934688908
2017-01-30,95.7365870510334,88.304552844526,83.5930578051873,88.8887467888711,88.4941161897681
2017-01-31,95.7310006665729,88.300523190755,83.5889385840831,88.8478063570453,88.480839034661
2017-02-01,95.7261985098151,88.2969939418749,83.5836126177807,88.8044687449461,88.4661417409449
2017-02-02,95.7290366648269,88.2998457419012,83.5718763301531,88.7630359703324,88.4488028640885
2017-02-03,95.7329984011309,88.299601765776,83.5599429383093,88.7218050318628,88.4316511452669
2017-02-04,95.7286217806701,88.2941822742201,83.5481149077327,88.6813479744902,88.4153793934569
2017-02-05,95.7228359252871,88.2849641195308,83.5375401494999,88.6412930839318,88.3971811275965
2017-02-06,95.7167208200215,88.2765638864626,83.5273856266452,88.6011977784687,88.3776374633898
2017-02-07,95.7108820507119,88.2716999953279,83.5149614874535,88.5618914539599,88.3585977709379
2017-02-08,95.7049760678744,88.2657421845253,83.5031054647916,88.5248299701873,88.3407439304234
2017-02-09,95.698459528034,88.257609776145,83.4889201165645,88.4887278963511,88.3228763110784
2017-02-10,95.6920449694655,88.2473485117771,83.4774320802431,88.4547989970306,88.3058601752712
2017-02-11,95.6864742041595,88.2363893273474,83.4662755185423,88.4247564119182,88.2892590247867
2017-02-12,95.6815543944374,88.2283093306281,83.4576691831345,88.3991524734997,88.2787539070988
2017-02-13,95.6790999934201,88.2222122074832,83.4745002340194,88.4067610225642,88.2801649716087
2017-02-14,95.6752075463688,88.2195787270814,83.5702876584963,88.6070560519413,88.3495336832352
2017-02-15,95.6694049400505,88.2236825654873,83.8208033011576,88.8628752345111,88.6173581537022
2017-02-16,95.6634231977647,88.2508049384727,84.1222318948902,89.1537703650541,89.2194592059001
2017-02-17,95.6592307268346,88.2667544366835,84.3086192641923,89.3714614134656,89.4628287802932
2017-02-18,95.6557684578715,88.2620430405884,84.2814788930715,89.338927016372,89.4427828504989
2017-02-19,95.652855888406,88.2549867408831,84.249430365069,89.26491350276,89.413389660845
2017-02-20,95.6498071676154,88.2483798322148,84.2143947712816,89.1752304889089,89.3791631062304
2017-02-21,95.64505637913,88.2409746234293,84.1845189966284,89.0945428359499,89.3453411492069
2017-02-22,95.6418209489887,88.2334716770319,84.1600639176144,89.0402554630482,89.3149198611384
2017-02-23,95.6383794822134,88.2266782603796,84.1341892786676,88.9908529496527,89.2863817470976
2017-02-24,95.6365195058968,88.2205080056393,84.1202393758949,88.9340062748919,89.2540243301153
2017-02-25,95.6369264434647,88.2185888798368,84.1344122037937,88.8876924337034,89.2270235584456
2017-02-26,95.6332265753181,88.2132060472586,84.134713575137,89.2918368850431,89.1975106060639
2017-02-27,95.6277430216088,88.205639619993,84.1247355431785,89.7128063064368,89.1689117996007
2017-02-28,95.6219974264187,88.1998995657631,84.1168697408985,89.6771617898287,89.1466972354365
2017-03-01,95.6167697666406,88.1939458670759,84.157855929749,89.654387041401,89.1369594360616
2017-03-02,95.6126433364721,88.1872474547173,84.218325998341,89.624860831682,89.1230353576853
2017-03-03,95.6088000273331,88.1777818746844,84.2294698103888,89.581345147697,89.0997321011723
2017-03-04,95.6058317467753,88.1694634770813,84.2208976482646,89.5420607318455,89.0741282762473
2017-03-05,95.6047786738895,88.1631684167265,84.2137576904161,89.5066250692957,89.051091155701
2017-03-06,95.6037818778911,88.1557197285453,84.2185038993601,89.4866407478504,89.0305285661174
2017-03-07,95.6031275593161,88.1488616429149,84.2327014050478,89.4807338833729,89.0136984165387
2017-03-08,95.604131647401,88.143942678289,84.2687223617749,89.4762078300534,89.0042230335346
2017-03-09,95.6047439880495,88.1378175067099,84.3280603196218,89.4535047218229,88.9977438321524
2017-03-10,95.6022128458896,88.1294275807587,84.3305185893263,89.4255340716352,88.976910830176
2017-03-11,95.5995592898475,88.121052640167,84.3219352153697,89.4021783064655,88.954987008484
2017-03-12,95.6005409464295,88.1140310106201,84.3281471703586,89.37471765385,88.9371555141734
2017-03-13,95.5985295585555,88.107508168756,84.3582567843262,89.3655412302921,88.9291120257145
2017-03-14,95.5976572867993,88.1026561565505,84.4452900141832,89.5062210511309,88.9373524509126
2017-03-15,95.5973641134064,88.1005263110229,84.6293941108633,89.7160278642793,88.979550978157
2017-03-16,95.5970771941663,88.0967701167886,84.707852549637,89.7256482401525,89.0499637176429
2017-03-17,95.5950664881067,88.0891711638201,84.700140907299,89.7216696120619,89.0321223703098
2017-03-18,95.5938504075769,88.0816555911392,84.6994194903773,89.7297066710662,89.0132648027677
2017-03-19,95.5918093324794,88.074412608909,84.7132752245869,89.7647136473736,88.9969618932228
2017-03-20,95.5931467682055,88.0697435618955,84.7366349295015,89.7103276613681,88.9947234215436
2017-03-21,95.5951982119302,88.06619376065,84.7490412823762,89.6550083832485,88.9896639390812
2017-03-22,95.5957303719186,88.0604856583341,84.747708976675,89.6294129687858,88.9763116207676
2017-03-23,95.5952003500133,88.0556701842165,84.7549820759155,89.7677482195124,88.9712101356647
2017-03-24,95.5938290211845,88.0571595380045,84.7773844913044,90.2704278695585,88.9904236927687
2017-03-25,95.5932646459243,88.0609526091069,84.8680120557356,91.7722957984722,89.0230144115202
2017-03-26,95.5966860581264,88.0688965234956,85.017591772759,93.4096527323824,89.0974920545056
2017-03-27,95.6020780114645,88.0937005791438,85.2930257368898,95.612880450836,89.231241674344
2017-03-28,95.6088141403597,88.1157132845601,85.710215169614,99.602193144899,89.399514767782
2017-03-29,95.6197572621487,88.1719918657456,87.6898978229998,105.453686985903,90.0647568558468
2017-03-30,95.8220153092933,88.4314634443656,90.3624935665316,110.338789515023,91.3967049308042
2017-03-31,96.106554083145,88.9452227995194,92.9081635398044,111.722764137231,93.1027277197239
2017-04-01,96.2739665578215,89.5544822097753,93.7416371319468,111.500433904492,94.616442046967
2017-04-02,96.3900206563741,90.1709155597733,93.9711843417948,110.58837054426,95.8629505350572
2017-04-03,96.4513189438878,90.3439458538492,93.7639797265811,109.484271600897,96.2199657108219
2017-04-04,96.4532952890182,90.3339375533356,93.4655542617862,108.610243194165,96.0382724965002
2017-04-05,96.4524697270965,90.3390312392888,93.2886467874333,107.915720783115,95.9787483923336
2017-04-06,96.4559085344469,90.5358947508011,93.6053908142675,108.195636839383,96.5036884490149
2017-04-07,96.4507128135855,91.0207887263335,94.2494531596693,110.741666204085,97.0743611590242
2017-04-08,96.4594801851473,91.0353105217429,94.3728635910325,114.114008005826,96.8859432710619
2017-04-09,96.4729681312945,91.0365860162514,94.5292152950069,116.049050792871,96.5934392481312
2017-04-10,96.4634108869783,91.1045140116979,95.1555486963043,117.534728266097,96.7643523237653
2017-04-11,96.4679720920109,91.3208877608937,96.1660604722969,119.191987724912,96.8590970120463
2017-04-12,96.5051190278803,91.751027317383,98.5994962954426,120.586003149079,97.6527284134439
2017-04-13,96.5652625984542,92.1633131591079,100.997501899541,121.530016119379,98.2846162878904
2017-04-14,96.6492637649056,92.5046821885901,101.760476218577,121.36373580024,98.4809967398425
2017-04-15,96.7063368763685,92.9110680188657,102.472336255067,121.034403464307,98.543079468007
2017-04-16,96.7176498851693,93.1241650700178,103.87205372508,121.262658376062,99.0497359988292
2017-04-17,96.7323076833414,93.2762382540375,104.618523207232,120.228090317142,99.6845705203357
2017-04-18,96.7999597547332,93.3390616582453,104.671222412515,118.660212598384,99.991522297079
2017-04-19,96.8539679875223,93.3228399058254,104.377394383982,117.938339912758,99.9361400603727
2017-04-20,96.9977412417887,93.3793573929906,104.278994691895,116.434674285097,99.9430109630129
2017-04-21,97.3338215276443,93.4247351348814,103.866125679875,115.369393528907,99.8008801185195
2017-04-22,97.9110522812951,93.5108380604265,103.803353156245,115.110582817701,99.7652556932615
2017-04-23,98.4520793879631,93.7035408630467,104.059577080581,115.163699138254,99.8885377925066
2017-04-24,98.832613707054,94.133791900272,105.806563599271,115.207008803895,100.786793025834
2017-04-25,99.4515433193278,95.0928547103221,109.316261221912,115.092685083643,102.857823967804
2017-04-26,100.208204074243,96.7129462468322,112.527481482017,114.169794069589,106.362562950404
2017-04-27,101.452491641848,98.9738048452148,114.011079524671,113.146080019512,108.975885269939
2017-04-28,102.660817648409,101.244908345999,113.599025709272,111.796118450534,110.758457305351
2017-04-29,103.118028806642,102.598590077734,113.257677967014,110.994136025616,111.010758563578
2017-04-30,103.522450667132,104.131446868575,111.961256819052,110.41192238276,111.054482574493
2017-05-01,103.938237276771,104.885585145497,110.623217014141,109.443063941379,110.827323395183
2017-05-02,104.423469883747,105.66587879687,109.868580155256,108.008521358619,110.38813097068
2017-05-03,104.915263866628,106.248718093492,109.602054294236,106.514693190335,110.259500458184
2017-05-04,105.068114953331,107.180866854607,109.906248338976,105.430545423237,110.080989455207
2017-05-05,105.324354452076,108.185060587856,110.551276441063,105.108136453352,109.47871054426
2017-05-06,105.726366450012,109.208445789058,111.546769174036,105.120682635353,110.067022657292
2017-05-07,106.415987217259,109.990458678592,112.091083797021,105.083353255928,111.452831035148
2017-05-08,107.907795063648,110.726928974609,111.802446830559,104.642173262011,111.589548261065
2017-05-09,109.525157237927,111.295282403825,111.224683532109,103.307202264506,111.218507675263
2017-05-10,111.023330416634,111.870099665734,111.070036122768,102.47816210425,110.947784622706
2017-05-11,112.117081322013,111.815239481189,111.794396456363,102.402571616885,111.490077032935
2017-05-12,113.551521586194,111.641265566481,112.69632481818,102.751937407262,112.492233018133
2017-05-13,115.904496263556,111.926116430344,111.832366125818,103.01749756292,112.852024115748
2017-05-14,117.926946001926,111.802019329926,111.302724947443,102.898077453033,112.907900106074
2017-05-15,118.564134090796,111.32486068406,110.201822010402,102.414768221324,112.125267450767
2017-05-16,118.640501068593,110.324465866926,108.951651498285,101.824774909279,111.029487570204
2017-05-17,118.418956488045,109.025234301414,107.550045814855,100.823995637761,109.847934936058
2017-05-18,118.021248664382,107.427356153753,106.601820550617,99.5552207626279,109.048907371483
2017-05-19,117.305519174705,106.03914774424,105.91790881018,98.2669736853639,108.365374266127
2017-05-20,116.483949451208,105.114871892948,105.592747689402,97.6771371570435,107.939414172413
2017-05-21,115.90445211342,104.735283022215,106.575084719507,96.8439881661192,108.91949253141
2017-05-22,115.515048080343,104.340422688091,107.604520921657,96.1336350842092,108.989947642495
2017-05-23,115.613153972408,104.49431945725,107.358023954053,96.0493893028166,108.694290030577
2017-05-24,116.400802292276,104.409950066965,106.175295599651,96.2865155202739,107.584406484035
2017-05-25,116.883475720529,104.116445465448,105.215070861632,96.1142027126052,106.870462041512
2017-05-26,117.022026258978,103.907764443127,104.350222263434,94.9455308348501,106.213538609393
2017-05-27,116.947039765894,104.018186794147,103.972440376507,93.4357195788501,106.047279603615
2017-05-28,116.521014757374,103.500797330641,102.919027427075,92.4577145554621,105.240712042375
2017-05-29,116.114717017354,102.220838880438,101.57824318196,92.3316298531993,103.698089264338
2017-05-30,115.702361910739,101.492929275055,100.838747350891,93.8733354541111,102.053728688227
2017-05-31,115.455171491855,100.825226026197,100.946987650634,94.8860770364698,100.870453797463
2017-06-01,115.096305346612,100.635082864816,101.739826690577,94.6448109761909,100.914689980736
2017-06-02,114.346729300935,100.883293641148,100.872307808702,93.642692488878,100.99542084789
2017-06-03,113.205590324673,100.793637029767,100.931063220898,92.3666204577981,101.419588122827
2017-06-04,112.01194982724,101.139506013831,100.711858114582,90.7954870949955,101.544559322574
2017-06-05,111.147998387455,100.715262280567,100.608194994514,89.8980256350202,101.165151410464
2017-06-06,111.422959983801,99.6688883470717,99.1349155859066,88.6094418094764,100.58193300085
2017-06-07,112.066035236376,97.6574559177758,97.3354374079357,88.2681777860289,98.6935313634292
2017-06-08,111.667124950564,95.9258868774589,96.1962144969306,88.4088958347478,97.2565514398232
2017-06-09,111.08292318165,94.8531275893378,96.4129078834723,89.4390885672583,96.3050496756092
2017-06-10,110.410512084886,94.0663210777598,97.5772041402396,91.1181609043818,95.6838803754749
2017-06-11,109.12200586976,94.763486023819,97.3820060525357,91.9122138951071,96.1534084519256
2017-06-12,107.478998441195,95.8682889707084,96.9338929016099,91.9328560686864,95.625111478512
2017-06-13,106.281422501413,96.1670466336514,96.6913683270467,91.1195740826625,95.1526795184336
2017-06-14,104.970235810612,94.984845318403,95.4643382484715,89.2693881564187,94.7485640771093
2017-06-15,104.252529786004,93.9440045046172,94.2513652263045,87.8145185212621,94.3421089968652
2017-06-16,103.399592538168,93.0779213710333,92.79384894294,86.1513242505549,94.0567795357493
2017-06-17,102.450971688265,92.7928215119427,92.5639160170694,85.033491739131,94.5173647301278
2017-06-18,101.493768540367,93.3150540590309,91.3616186877823,84.8247970307587,94.113987626429
2017-06-19,100.469009061449,92.9207588277768,91.0175071485094,85.2143965391853,93.6468320306739
2017-06-20,99.8821738867528,91.9259509357546,89.9822277993962,84.1604059163535,92.7511107856191
2017-06-21,99.6746441849717,91.5191381073074,88.6964868196135,84.1715450697521,92.5889994616114
2017-06-22,98.7967071310908,90.3971565128654,87.841837568841,83.7899871518628,92.236420550564
2017-06-23,97.4807281414324,89.0748162308141,86.7902951098333,83.3157091040745,90.9202302983175
2017-06-24,96.2863140430096,88.1405918244201,86.5367542113848,83.0781657983152,90.2439224234962
2017-06-25,95.9912411339414,87.6200423371243,85.7336989203112,83.2983321430826,89.8270903326515
2017-06-26,95.190945459957,87.5702690963522,86.6992272977947,83.5580490189338,89.8218056429187
2017-06-27,94.6599126892152,88.2934070737788,87.6242278849894,83.2328025018127,90.9432861072979
2017-06-28,94.3044068613641,88.6873450150583,88.3229626659064,83.8105275731637,92.4468287924428
2017-06-29,94.6212388667064,88.2817430953801,87.2827775009168,82.9167054956501,91.3560157388534
2017-06-30,94.0115426655682,87.4631130085021,86.3831743614425,82.6291670143356,91.5442966856645
2017-07-01,93.1308644195726,87.2033763454941,86.1006451110917,83.5561868953267,91.2155011787166
2017-07-02,92.8918354585214,87.6600638991246,87.5849111464814,85.4844525114083,91.8287321279087
2017-07-03,95.0880842684878,89.9292554213264,90.0971477831103,86.3456911620739,93.142528319574
2017-07-04,96.2297341540806,91.2561479338662,91.9907227887398,87.3978183404097,94.9239962924866
2017-07-05,95.9191028471601,92.006153290812,91.8940457323825,87.8921482422822,97.9823696417628
2017-07-06,95.4589043020421,91.1260525999913,91.9013641574156,88.5202832124551,97.8765862941968
2017-07-07,96.4679896509827,89.2263254062337,91.7156178106612,87.5633052060117,96.4909717941384
2017-07-08,96.600400946593,87.7750117784102,90.6447771994759,86.5885323456592,95.5594323280782
2017-07-09,95.9384150344855,87.361350883423,90.1960286632753,85.6820699322896,95.046043625595
2017-07-10,96.1172973179894,88.5833122655382,89.5011614622921,85.424019866763,94.9177575921654
2017-07-11,96.5305644702005,90.1694843302787,89.1879206915773,85.5458819929475,94.9539306098403
2017-07-12,96.5865454713682,90.5138942356534,88.4901810230681,85.838333898628,93.4098831489435
2017-07-13,96.2069220943018,89.8478486578878,87.7666511750319,86.3501684845943,92.6744855302434
2017-07-14,95.0084841237309,88.3460759351586,88.8731509911275,87.4458272237303,93.0032085543992
2017-07-15,93.9977487125089,86.9289814186598,89.4559366940693,87.2810046038315,93.2251898324386
2017-07-16,93.9142694422329,87.0541501177269,89.6625943234193,86.7398454336078,93.5256250786438
2017-07-17,94.8734187209242,88.0305610874734,89.830312748819,86.6347899080706,94.3360047678277
2017-07-18,95.510785241248,87.6320849376618,88.7808719907634,86.7098118279134,93.7478677078636
2017-07-19,95.9479970159026,86.7645012119958,87.8629617797951,86.7892453504868,92.2371082092462
2017-07-20,95.4302317466324,85.9128611384018,87.03050390944,86.7786862051359,90.7334443420304
2017-07-21,95.2424201004124,85.3089728570588,87.1424731731306,87.0017630120459,89.4601410877855
2017-07-22,95.7694872750402,84.8258693932596,86.1807695710683,86.8572664538331,87.8522055294938
2017-07-23,95.6459677666733,83.5151430600755,84.9692927112947,87.0375409769716,87.6947568671535
2017-07-24,95.3833394895212,83.3046740182921,84.4955587766967,87.4300022022955,87.1782162434787
2017-07-25,94.650160142677,83.3346463186525,83.6343410328256,87.5663638669203,85.6830517622509
2017-07-26,94.3557987044737,83.1663601991681,82.8975750684363,86.9336061498627,84.6111403548679
2017-07-27,94.3976589984751,85.1628529093145,82.5571378148003,86.5198803260424,84.1277494697937
2017-07-28,94.2575037872639,86.5248831135432,82.1164380880459,87.1290775717599,83.9990412293764
2017-07-29,94.3321874670129,86.717404736432,83.5211835068425,87.3625289111741,85.0885360642211
2017-07-30,94.4654393178839,86.123687995746,84.7455966311611,87.5153826814035,85.3455186627756
2017-07-31,94.0754814853268,85.3994975458471,84.3295365621136,87.1210546665296,85.6188016859698
2017-08-01,94.7289875677157,85.348587234609,83.4369978114943,86.1309582527897,85.6285439211961
2017-08-02,95.3349173296817,85.4165558576154,83.9605165378183,85.7508805918178,85.8073774882575
2017-08-03,94.9071829797993,85.7382548239095,84.133530996816,85.6181587738398,86.1013223967637
2017-08-04,94.8899233570911,85.882038094375,83.8544759294541,85.0943991498016,85.6750802890238
2017-08-05,95.3678792169549,85.7716686008915,83.3309058913526,84.235385533966,85.3995056901736
2017-08-06,94.8521916094339,85.6431117818898,82.8311182292194,83.9844321318235,85.6798769240619
2017-08-07,93.9176137461208,84.4642381187177,84.4138121191871,84.3449151741977,86.1415404398101
2017-08-08,93.4224691423929,84.1652552940189,84.6714712983548,84.5282022798988,86.3684110968014
2017-08-09,93.4926638433029,84.2402432879847,85.6265840951869,84.9945722174901,86.3554210774192
2017-08-10,93.7314985266521,83.5831646491488,86.996120948899,85.410202129047,86.1608332039153
2017-08-11,93.9423104746403,82.7768751031887,86.6980819978989,86.3037667983267,85.2776958356577
2017-08-12,94.2966781263652,82.1280419056257,85.7749101111564,87.7684480780442,84.564830580872
2017-08-13,94.3222724415025,82.1502934710308,85.7946688825604,88.2893548364762,84.0057834337138
2017-08-14,94.4456308958065,83.8639116875112,86.0855506256478,87.8763475015504,83.7369962066518
2017-08-15,94.8446095314299,85.2139035418682,85.2278320191023,86.5583484323798,83.5034177998247
2017-08-16,95.5506574913733,86.8828416739577,85.5921323769451,85.2746620567326,84.7602439372275
2017-08-17,96.3385482241823,88.5139905460449,86.73374425922,84.7462861016723,85.5407498020246
2017-08-18,97.0577791677111,88.9345173483041,86.9766028742317,84.6718818754025,86.1946122653204
2017-08-19,97.9144564275466,90.3241201066263,87.55893696452,84.6080233188431,87.1323350191661
2017-08-20,99.2938551989403,91.7179648377565,88.1582421698965,84.4065711300712,88.6940107650133
2017-08-21,100.03737214506,92.5921092419339,87.9459076008705,83.9024070686094,89.145203278875
2017-08-22,100.298846870332,92.9093977369964,89.1897945335757,83.4494790478171,90.1284111455152
2017-08-23,100.171421142612,93.064995650896,89.8679018497977,83.2733745750612,90.2858261484619
2017-08-24,100.282385879525,93.9031494087034,90.2722665679014,82.7503924203392,90.688093786345
2017-08-25,100.185557727467,94.0871283435256,90.6975228780042,83.185279233349,90.8354347430967
2017-08-26,100.266684125198,94.4391152567637,90.701330050328,82.3453566033155,91.6362853792623
2017-08-27,100.590650790339,94.9129553149117,90.4023290862734,81.4732840789069,91.37804722594
2017-08-28,101.164963986949,96.0931338113455,91.2765888428972,80.9079568803812,91.2363215554817
2017-08-29,101.532149074136,96.3530614465664,91.4938658868527,79.9097046746498,91.8988489552549
2017-08-30,101.346376346187,95.7159729745401,91.3550662267666,79.0696932572984,91.4450632712138
2017-08-31,101.190528436236,96.0330017882895,90.4005264785231,78.5650081288812,90.7891050218479
2017-09-01,101.215574523351,96.9255950747761,90.1792254658151,78.0490661102409,90.7124054828526
2017-09-02,101.6820488675,97.3907541891967,90.9050526288811,78.087841238167,90.9095901547482
2017-09-03,102.337633992175,97.3571727955117,92.2691711855521,77.8629580597502,91.915969209323
2017-09-04,103.643599159391,96.7975473528242,93.3669848493266,77.7308018354565,92.0072837221475
2017-09-05,104.492741138639,96.31910810523,93.0205085052967,77.7152145304613,91.9075224525395
2017-09-06,105.131780911564,96.6025094438664,92.1785552559858,77.6004506023749,91.6013848032974
2017-09-07,106.636890038187,97.0757479799428,91.85675870184,78.2397293996653,91.5243202316573
2017-09-08,107.349212099577,97.169954058997,92.554968850248,79.031713562618,91.7536489882161
2017-09-09,107.192981591662,96.434875853121,93.2144779782502,79.8889477582837,91.9104521459901
2017-09-10,107.11317588442,96.8083112015844,93.3192557345033,81.7519482300952,92.9290131690683
2017-09-11,106.581868444703,97.3008219955152,93.1708087396317,84.4056933460889,93.3646768610159
2017-09-12,106.059673692057,97.7075261415307,93.912714695083,87.2250907399441,94.5055249685326
2017-09-13,105.804038332076,97.9583152823588,94.3690796782529,89.1934772856645,94.7418676388858
2017-09-14,105.437395559576,97.5645347573886,96.0574760968132,89.2982457459411,94.8872890821213
2017-09-15,105.03860221598,96.9653361918889,98.8533326578655,89.9023901984644,95.5609846769198
2017-09-16,105.289058507764,96.6816776358404,101.106220678622,89.8521695194574,96.1708241587289
2017-09-17,105.72394376114,96.1416713329985,101.890984900077,89.1491117447442,96.2849809597565
2017-09-18,105.543344485633,95.4600526479476,102.280739451195,89.0461460892472,96.1119150493383
2017-09-19,105.292937710719,95.2612695438328,102.424863074594,89.9738485083512,96.5045697921127
2017-09-20,105.582650538965,95.4458801903758,103.249183609914,91.9097559469832,96.7623773614379
2017-09-21,105.718539307714,95.5101305474497,104.098678509648,93.0690785809777,97.4250854049957
2017-09-22,105.966783127769,95.8150394700883,103.329182245119,93.191991600523,97.3053948586626
2017-09-23,106.421213369644,96.1984950149201,102.55789645756,93.1622506054176,96.8492140393235
2017-09-24,106.783794067953,96.1029981076321,101.947339315504,92.8430961648327,96.4445682984758
2017-09-25,106.82934448254,96.1672868937331,101.510817161196,92.2796077128014,96.2482051639205
2017-09-26,107.054710904297,96.5607522821807,101.119473908385,91.6567182079302,95.9727749528241
2017-09-27,107.162511038491,96.4125190320749,100.814359301821,91.1993552703469,96.1242962497709
2017-09-28,107.007406675247,96.7270284103311,100.223894768617,91.1773520801184,96.0418986512187
2017-09-29,107.070414423602,96.767054854686,99.8775768238765,91.4274975667511,95.7321725834345
2017-09-30,107.182015150671,96.6128419403657,99.7032123179633,91.6641571429079,95.9916192348702
2017-10-01,106.622129732133,97.3943001859511,99.4817490367978,92.0162750357558,96.3372183593841
2017-10-02,105.967795883095,97.1949658747596,99.3238713969784,92.2461141030503,96.1493375901254
2017-10-03,105.490552344963,97.2049367683378,99.3840581926507,92.7494201479846,95.9188388507965
2017-10-04,105.197721330654,97.4926088980014,99.1997800215483,93.3474954091185,95.8442343549469
2017-10-05,105.148957055062,98.0388374177473,99.0653749819088,93.5205542440309,95.6815167833062
2017-10-06,104.912722968485,98.0826989643234,98.7796146566856,93.4186275072012,95.4113200276264
2017-10-07,104.561702795899,98.1284677476464,98.6443506751021,93.4087590018838,95.5213581065505
2017-10-08,104.239730634043,98.1115707549863,98.8246062774255,93.6610782355967,95.9176770444275
2017-10-09,103.933613013197,97.8787633759266,98.8412561384328,93.6560650123181,95.9212825256147
2017-10-10,103.666797001249,97.9918832676208,99.1462784061106,93.6204728756629,96.1103644818658
2017-10-11,103.361844968061,97.9876519493692,99.1090736836765,93.8807409169689,95.9150679990563
2017-10-12,103.087997854574,97.6103894333751,98.6490573026361,93.647442375286,95.5452331833687
2017-10-13,102.816582801061,97.4377831228229,98.1555456656045,93.1834908056385,95.1844647294611
2017-10-14,102.540446318634,96.9461586159405,97.7256564307362,92.795746139977,94.871716046418
2017-10-15,102.302691040697,96.4838042246659,97.5051690326355,92.8768375131376,94.6778861237503
2017-10-16,102.06933784459,96.06256081102,97.8440470272809,93.150118931981,94.8667054349105
2017-10-17,101.867055621646,95.7899397604023,98.3927795384982,93.4624308960733,95.236968752177
2017-10-18,101.692605827628,95.74249777154,98.9525795325059,94.0891910506057,96.1382021329182
2017-10-19,101.532011092823,95.6588003580836,99.0708332205481,95.4400657574372,96.2671215609095
2017-10-20,101.359836906813,95.5074152315301,99.7034251787896,96.9325614232413,96.6360865309587
2017-10-21,101.188161871092,95.4284474070995,100.505407727807,98.1127652051144,97.0624165706401
2017-10-22,101.03115904183,95.2828660637101,100.663720588374,98.259553892319,97.0476787244296
2017-10-23,100.90566989136,95.0979384552072,100.718649497175,98.0108086262403,97.1367626351591
2017-10-24,100.760798776059,94.8475093116863,100.521781211735,98.4165036950014,96.9851410712297
2017-10-25,100.623704533855,94.6115069087215,100.528650861199,98.6547500593521,96.894160880956
2017-10-26,100.50669196346,94.4142785414013,99.8667452210968,98.18333220351,96.5145424492694
2017-10-27,100.374917775791,94.3052591963914,99.3295640798718,97.726921033839,96.3434758440556
2017-10-28,100.281343468792,94.8771372118233,99.2642803513909,97.9673822810641,97.6113055036328
2017-10-29,100.223439309742,95.2504775361252,99.091035788886,98.2344895574568,97.8624387269341
2017-10-30,100.117423903658,95.1847891684351,98.7054751582437,98.1704654140294,97.4806168408386
2017-10-31,99.9862214620196,95.1570376275824,98.4051755245635,98.5448324565988,97.3218776982661
2017-11-01,99.845226608015,94.8325884066488,98.3698179477593,99.4984151416592,97.1062998166185
2017-11-02,99.7177013505022,94.5669094252026,98.2976246993127,100.137885373439,96.9212509422904
2017-11-03,99.6073269948825,94.334132536788,98.3878039964847,101.14580214589,96.7217730287075
2017-11-04,99.5128677834695,94.1542397207099,99.072740459304,101.52025643609,96.8311090028259
2017-11-05,99.4201501210259,93.9524903213486,98.7701704697349,101.544789097278,96.6099057212162
2017-11-06,99.3153844963398,93.7274015714284,98.409529252377,101.455123578984,96.3183770948201
2017-11-07,99.2164355763016,93.5196997586265,98.0843594836047,101.233589080228,96.0565830737008
2017-11-08,99.1201999443916,93.3224593314501,97.7822702368184,101.015812976451,95.815385760906
2017-11-09,99.0279525703174,93.1365945764428,97.4820623424708,101.232165915028,95.5692231241063
2017-11-10,98.9352449161782,92.9598509918128,97.2027903985528,101.270731951175,95.3394853302985
2017-11-11,98.8440773369185,92.791973874508,96.9438352074424,100.867769397365,95.1196579860474
2017-11-12,98.7660575120788,92.6643847567981,96.6976320364452,100.501496519491,94.9087177124035
2017-11-13,98.6805409101063,92.5228254442085,96.462786236324,100.186464636078,94.7086368351407
2017-11-14,98.5954672965308,92.3734267930495,96.2393251353639,99.8981366868526,94.5190290094918
2017-11-15,98.5143253474132,92.2319095560179,96.0274880764759,99.6168688043102,94.3384197789937
2017-11-16,98.4376047459388,92.0933241185713,95.8254836382332,99.6194565578427,94.1652311157358
2017-11-17,98.3678753121256,91.966394511184,95.6359836228435,99.8506849838056,94.0028132743145
2017-11-18,98.2898392102839,91.8394986125573,95.4589686879939,99.670680661282,93.8478099413421
2017-11-19,98.215424153535,91.7161059468891,95.2895098725784,99.4187758401418,93.6995634714587
2017-11-20,98.1451383432197,91.5968400685851,95.1270049454178,99.1678294768062,93.5564244187819
2017-11-21,98.0777178682862,91.4826342579029,94.9719369917103,98.9509675433549,93.4192077035442
2017-11-22,98.0103645981796,91.3737563237096,94.8228715815094,98.7381038295687,93.2881427674769
2017-11-23,97.9462004092603,91.2719002557941,94.7394298185481,98.6506572037942,93.1624904480351
2017-11-24,97.8850575951973,91.1724228089299,94.6266901463084,98.5876408998513,93.0427990520926
2017-11-25,97.8263230639887,91.0773575948172,94.4879208251466,98.3975458019816,92.9265582111346
2017-11-26,97.7676629583432,90.9873305418583,94.3564953928052,98.2224076352624,92.818203169614
2017-11-27,97.7104364022247,90.8999998726742,94.2274773452489,98.0433497931464,92.7082797682104
2017-11-28,97.6542667774382,90.814057473043,94.1083428970394,97.8649591708499,92.6042629759608
2017-11-29,97.6000615132781,90.7329600800031,94.0016892288528,97.6945143907677,92.5099282449422
2017-11-30,97.5471748478697,90.6557929976055,93.9040824760734,97.5281006198208,92.4328751606805
2017-12-01,97.4963168589919,90.5797315227641,93.8060282722976,97.368173271762,92.3553573136709
2017-12-02,97.4513613675722,90.5068306141334,93.7082732733339,97.2151222705641,92.2729072767681
2017-12-03,97.405625144243,90.4335521228507,93.6095058320576,97.0657488023194,92.1877789607594
2017-12-04,97.3608045023792,90.3648527945942,93.517677068512,96.9203121388508,92.1074744798384
2017-12-05,97.3158254378651,90.3045135661937,93.4299925131269,96.7779270656475,92.0349005954656
2017-12-06,97.2733438542028,90.2536719249626,93.3392636350098,96.6411803504983,91.9642071851558
2017-12-07,97.233561589013,90.2107858213937,93.2500289235658,96.514730649571,91.9055899745513
2017-12-08,97.1931774951962,90.1614247276928,93.1607522075507,96.3968502797868,91.8409374759621
2017-12-09,97.1519548270719,90.1097425671316,93.0779520350376,96.2823608792488,91.7850883383939
2017-12-10,97.1115543617834,90.0585217374944,93.0189686711616,96.1874050759915,91.7929587434361
2017-12-11,97.0717573291339,90.0096004830194,92.9919775515586,96.1680695383934,91.8446543023273
2017-12-12,97.0338301813068,89.963081860848,92.9338325434813,96.078997536889,91.8095402488219
2017-12-13,97.0014071473931,89.941204668585,92.8636533615342,95.9952284296744,91.7570612826669
2017-12-14,96.9706301821129,89.9268528684356,92.7957572756377,95.8913146072479,91.7057421516267
2017-12-15,96.9356844137922,89.8802113944733,92.767550077816,95.9236483068366,91.6744117091497
2017-12-16,96.9016295680627,89.8321149812325,92.7104541696802,95.8808785136654,91.6136767481572
2017-12-17,96.8667453346454,89.7845469090092,92.6432542675576,95.7712356556592,91.5582977811838
2017-12-18,96.8328644475203,89.7324153835125,92.5723894708041,95.6637047523552,91.4996752239441
2017-12-19,96.8101056869864,89.6844655467136,92.502165723284,95.5601697084373,91.436548055149
2017-12-20,96.7837974512761,89.6356678303244,92.4385734581821,95.4634044510841,91.379199432695
2017-12-21,96.7525691167116,89.587007704929,92.3801790437692,95.3693649552372,91.327141466389
2017-12-22,96.720457507338,89.535954024255,92.3191810394164,95.276331483083,91.2724444506424
2017-12-23,96.6956739884432,89.4874377581461,92.2661713837997,95.1884833290343,91.2141415257589
2017-12-24,96.6734469568532,89.441483423846,92.2020104860376,95.1608713447467,91.15280010461
2017-12-25,96.6430085961394,89.3906763000144,92.1420378535422,95.6999697440756,91.0924058157627
2017-12-26,96.6112665268614,89.3381647773201,92.0774290503668,96.0078363598064,91.0362388802577
2017-12-27,96.5818850381604,89.2890828045858,92.0224284448885,95.948591087165,90.9828301462712
2017-12-28,96.555347322915,89.241339084628,91.9706875871288,95.9118165634803,90.9294306787973
2017-12-29,96.5276899956596,89.1919489779643,91.9204483833833,96.0133592861944,90.8747553415773
2017-12-30,96.5003482311382,89.1442842603491,91.8705974938235,95.9772432788686,90.8235543730899
2017-12-31,96.4734894414226,89.0961877663795,91.8177238456906,95.9004640075096,90.7694680272348
2018-01-01,96.4513200272639,89.048565620972,91.7637625279783,95.8195791094755,90.7173323114657
2018-01-02,96.4305213724035,89.0052036443401,91.7084592505611,95.7410292690664,90.6678388439161
2018-01-03,96.4080170453115,88.9672356809015,91.6549509649181,95.6696959884754,90.6222637782616
2018-01-04,96.3865328058968,88.931646303624,91.6033434285525,95.5993000991513,90.5768828767167
2018-01-05,96.3649160929708,88.8936118764134,91.5524444197196,95.5332028086481,90.5306235183236
2018-01-06,96.3440147069726,88.8554023505243,91.5028666250398,95.4661557999842,90.4828709982606
2018-01-07,96.3215988395156,88.8167160806809,91.4530330039419,95.3961556979643,90.4371549637219
2018-01-08,96.2992297705499,88.7776058864377,91.4035928071038,95.3290666787588,90.3909177917516
2018-01-09,96.2765078822588,88.7387419362949,91.3510748042698,95.2647458149859,90.3406677029388
2018-01-10,96.2541020721235,88.7016448987217,91.3071177955619,95.2034174333012,90.2963265268458
2018-01-11,96.2318647221372,88.665114773057,91.2703757546738,95.1464254449993,90.2594589468955
2018-01-12,96.2093681968905,88.6276239915664,91.2238843055837,95.0839061625349,90.2179474621669
2018-01-13,96.1883534848641,88.5948916207017,91.1772879730957,95.0251051272493,90.1791237639412
2018-01-14,96.1692155654833,88.563144817392,91.1311353529704,94.9678364761514,90.1388934232418
2018-01-15,96.1563640995275,88.5418576453806,91.0857879383796,94.9119675309644,90.1046028526823
2018-01-16,96.1439703982838,88.5254630818818,91.0443239123374,94.8598625576806,90.0729862638963
2018-01-17,96.1253705370958,88.5075230932084,91.0101408993602,94.8284661994531,90.042705903774
2018-01-18,96.1063483738491,88.4824205582422,90.9741735890991,94.7831550465769,90.0134631306672
2018-01-19,96.0864444563305,88.4501337929763,90.9279353300693,94.7383477358063,89.9735425621
2018-01-20,96.0661823833803,88.4152152192434,90.8794994072401,94.6860918255483,89.9308539293368
2018-01-21,96.0461277941257,88.381334423141,90.8308806768066,94.634353330563,89.8900340490057
2018-01-22,96.0278507489954,88.3482482909634,90.7832722071577,94.582777493482,89.8492509278465
2018-01-23,96.0098214973259,88.3135516730137,90.7389691038464,94.5338051231303,89.8090421148753
2018-01-24,95.9931388634585,88.2798086728612,90.6953233437155,94.4867831743815,89.7715117773458
2018-01-25,95.9775879054207,88.246162691502,90.6501795815429,94.4390790308505,89.7313966181561
2018-01-26,95.9619978560998,88.2135138688162,90.6057329884679,94.3915392412635,89.6901789678214
2018-01-27,95.9479727637476,88.1829188656474,90.5638126679085,94.3455342664016,89.6503322289152
2018-01-28,95.9330396933909,88.1536071637149,90.5224383691222,94.2993140390718,89.6121520903332
2018-01-29,95.9204385221045,88.1244715944566,90.4845864103428,94.2532740027748,89.576462503507
2018-01-30,95.9086848642135,88.0959237882173,90.4507141674433,94.2130066422839,89.5412611244526
2018-01-31,95.8975645550139,88.0691400439284,90.4131234898156,94.1735570654796,89.5048567786382
2018-02-01,95.8862006658048,88.0429280129365,90.3771697582967,94.1368407889662,89.4694606065707
2018-02-02,95.873037700134,88.016581440831,90.342286850998,94.0996771315833,89.4360887900001
2018-02-03,95.8591402266639,87.9927641547268,90.3071575563588,94.0616183285549,89.4046878211411
2018-02-04,95.844977977809,87.9684050257883,90.2752059403118,94.0240075783872,89.3747075701543
2018-02-05,95.8309223961274,87.9441917109011,90.2386111826831,93.988194635006,89.3430227940306
2018-02-06,95.8169416826298,87.9205977938586,90.2046896215058,93.9556093794642,89.3121042619035
2018-02-07,95.8032647669972,87.8974669035776,90.1732274853617,93.9234662657086,89.2814935384321
2018-02-08,95.7907957474752,87.8764942954691,90.1453432082734,93.889501664514,89.2571384425654
2018-02-09,95.7793377900126,87.8535158807597,90.1161266461533,93.8601982450938,89.2295878829008
2018-02-10,95.7704728195426,87.8303771420997,90.0843882009284,93.8306557157639,89.2000745956058
2018-02-11,95.7619414378074,87.8090193779938,90.052543872474,93.80546129949,89.1709516795152
2018-02-12,95.7604035162547,87.7937906833271,90.0208926883662,93.7892705901456,89.142752763779
2018-02-13,95.7515860038805,87.7749763928436,89.989171207708,93.7852591062181,89.1176672462962
2018-02-14,95.7433726006709,87.7563972721268,89.9605685627416,93.783503267164,89.0923795760959
2018-02-15,95.7342557739376,87.7363174531326,89.9335158822172,93.7653806697902,89.0661493641608
2018-02-16,95.7242754972751,87.7197967875232,89.9053098071187,93.7394331383238,89.0416560885189
2018-02-17,95.7137766444764,87.7044634142947,89.880466501772,93.71066839855,89.0168445253881
2018-02-18,95.7024875754917,87.6876154436847,89.8547774147811,93.6833924770404,88.9916820394855
2018-02-19,95.6910490558772,87.6693801614789,89.8285188846707,93.6575103743997,88.967607898598
2018-02-20,95.6819012817161,87.6516592083718,89.8005703168463,93.6284289205403,88.9399043063729
2018-02-21,95.6712589944085,87.6344651875883,89.7706940177278,93.6033684271308,88.9132791828676
2018-02-22,95.6679528866717,87.6281063750337,89.739996413804,93.577774959839,88.8865942714987
2018-02-23,95.6578151158061,87.612396026576,89.7108927641992,93.5611621805657,88.8623587489181
2018-02-24,95.6460511360892,87.5939396925897,89.6879306648106,93.5446842248034,88.838951755397
2018-02-25,95.6342425721323,87.5776816568157,89.6785329715885,93.5252869564265,88.8176039362336
2018-02-26,95.6229189503789,87.5615560038125,89.6577410453639,93.5400124502957,88.7949969658687
2018-02-27,95.6115321274954,87.5431521108375,89.6359698094578,93.5425054492035,88.7746427303126
2018-02-28,95.6004033770105,87.52488865765,89.6092947828191,93.6183134071223,88.7547657625856
2018-03-01,95.5896962899556,87.5049670990783,89.5904012809782,93.6770814506432,88.7344860985851
2018-03-02,95.5787820486597,87.4838125539437,89.5939643822071,93.6675049058812,88.7112916015461
2018-03-03,95.5681139261453,87.4637745417032,89.5770647440462,93.6421978806051,88.6861578694648
2018-03-04,95.5578824371398,87.4455553752799,89.5537204360765,93.6174238111355,88.6637031593683
2018-03-05,95.5480327064275,87.4293156799177,89.5287173385029,93.5984913842735,88.6428233629146
2018-03-06,95.5382660166063,87.4124328762892,89.4992090627435,94.3331443748181,88.6207698502781
2018-03-07,95.5287700011214,87.3953289907645,89.4744010792937,94.9982307235034,88.599293744604
2018-03-08,95.5202454875201,87.378144408242,89.5095037629164,94.9951362503933,88.5925722982438
2018-03-09,95.5132836683954,87.36246586545,89.5420098409868,95.0069798767697,88.5840034863709
2018-03-10,95.5073054601191,87.348235192614,89.5798366219062,95.2443057092253,88.5887028156919
2018-03-11,95.5043787725292,87.3428509849689,89.6626639438735,95.7252548956472,88.6524370474291
2018-03-12,95.5039409389672,87.3381247359832,89.7329727005119,95.8484987516987,88.6957212326129
2018-03-13,95.4979774077962,87.3457043936,89.7711605797498,95.8600165484805,88.7760931123822
2018-03-14,95.4893036183938,87.3413380164535,89.8449465102888,95.8840314358816,88.9498072006299
2018-03-15,95.4822748604179,87.3496372761447,89.8499654034694,95.8586176411557,89.0150964634177
2018-03-16,95.479372327476,87.3574828008611,89.893348942151,95.8581749512443,89.0618798549754
2018-03-17,95.4773729029746,87.3469551388854,89.9458923038486,95.8864392199108,89.0951669076205
2018-03-18,95.4750570849711,87.3393194677436,89.9748808680968,96.1269742069115,89.1012465705372
2018-03-19,95.4773450667024,87.3349549686584,90.0176262392665,96.9418384557631,89.1213466083118
2018-03-20,95.4875311908641,87.3378131888221,90.1178498452594,97.5443765774917,89.2198409216803
2018-03-21,95.4874560276729,87.329052818646,90.1522296840611,98.2054417443934,89.2406820038215
2018-03-22,95.4883010363657,87.3333082717491,90.2429631456004,99.5012356770036,89.3118883606476
2018-03-23,95.5061087500859,87.4154570342148,90.9777215269064,102.196398118478,89.6402569562177
2018-03-24,95.5711824435961,87.6585504784132,92.6742984439444,103.744094735945,90.4381942348726
2018-03-25,95.629235808832,87.7664614037067,92.9301155206565,103.71423375624,90.6969930292502
2018-03-26,95.6617506897225,87.8307429198975,92.9463596221721,103.654136572855,90.8828130816754
2018-03-27,95.6717125932626,87.8455140691654,92.9112549576441,103.098702019309,90.853111465291
2018-03-28,95.6612821642539,87.8197203060981,92.8203219459998,102.813862006869,90.7758109658011
2018-03-29,95.665540313106,87.8240202538261,92.8173961280286,103.621633645256,90.7758104003115
2018-03-30,95.6861688780767,87.8626311056332,93.1480253551999,104.315570640364,90.9162973404915
2018-03-31,95.7275907691444,87.9101485233979,93.3174919781291,104.413627761592,91.0512799661733
2018-04-01,95.7247621091381,87.8758557166407,93.1917729372887,104.01852062883,90.9613416549197
2018-04-02,95.7059674636775,87.8297151820367,93.0254662543255,103.641729059604,90.8419402012458
2018-04-03,95.6898947200605,87.7888373718035,92.8882598427538,103.505884302816,90.7459169932449
2018-04-04,95.6748483468668,87.7509902641689,92.8722785236637,103.648219325688,90.6672382697761
2018-04-05,95.6602740886116,87.7158609118813,92.9854560768509,104.302361495491,90.6080625231734
2018-04-06,95.6501261046621,87.6890505844052,93.0223578543758,105.794745721825,90.5723019573529
2018-04-07,95.6572615627144,87.6915313014436,93.3557618490351,107.854822644465,90.6792289500112
2018-04-08,95.6810806231577,87.7442664828745,93.9082947080599,110.132057678943,90.9445924478024
2018-04-09,95.6860377839624,87.7543816474006,94.1950460471718,111.642268979533,91.0279367835296
2018-04-10,95.6796947027961,87.7725281484279,94.5437611585243,112.645044124476,91.0444466261133
2018-04-11,95.6899170819616,87.8075681687681,95.1264864514322,113.599137862979,91.0694387534191
2018-04-12,95.6906322048409,87.9881254192582,95.5650000955642,114.129567986452,91.0953408865314
2018-04-13,95.7209280848677,88.4369288622517,96.7764503082007,114.352268256359,91.3578992964108
2018-04-14,96.2534024195633,89.1597637243122,99.2340116363737,113.632660176909,92.6779332335993
2018-04-15,96.9040478728564,89.6707873624226,99.8445443846119,113.221653100109,93.7873644808556
2018-04-16,97.0851320358833,89.8819509316535,99.7750969349114,113.41705734973,94.143482949983
2018-04-17,97.1527676069331,90.0632315679689,100.303417917586,112.80330633312,94.5360005554922
2018-04-18,97.2511130072659,90.2430042121965,100.042239310755,111.665996150717,94.6225069756353
2018-04-19,97.2958215237084,90.3169706661715,99.5642616257857,111.315335647817,94.5986867540175
2018-04-20,97.2801273765766,90.4846783737599,99.7259124008163,112.252652109656,95.8245959194437
2018-04-21,97.2576615212299,90.8862517236892,101.267592551862,114.492903694453,97.4646822791425
2018-04-22,97.776030411345,91.4352439144273,105.231245963484,115.422124097001,99.4754457783564
2018-04-23,99.469809213665,92.6236119241668,106.79271614643,115.765779663742,100.858112699088
2018-04-24,100.11918974464,93.8318953154069,107.134702997828,117.235943445807,102.056716460219
2018-04-25,100.273715056592,95.7285339793101,108.734136612241,117.892170316666,103.738955997125
2018-04-26,100.583789623087,97.8228136000265,110.66268124332,116.961637610727,105.740962016924
2018-04-27,101.389295116061,100.264782925344,111.474209133806,116.704469198956,107.550174100344
2018-04-28,101.902706610995,102.191994254254,112.622320882101,117.279691745789,108.999597898618
2018-04-29,101.880490744255,103.192534457238,114.716654135654,116.782271650063,110.262806442996
2018-04-30,102.158297633559,104.148370472441,116.170536995546,115.580675759179,111.92506255362
2018-05-01,103.471799578548,105.70298520144,115.535892971473,114.500039723404,112.750666607326
2018-05-02,105.246078999893,107.239437586641,114.365981231482,114.468255930858,112.844487472786
2018-05-03,106.503498380867,107.877084580641,113.140490699602,113.545874420593,112.304730968883
2018-05-04,107.314821643543,107.746607212763,112.097177096665,113.253580303556,111.002873995133
2018-05-05,107.952138649321,108.532113779403,111.266284063556,113.556588765862,110.525171347589
2018-05-06,108.72412026961,110.807469454766,110.871101125965,112.387380547856,111.138795464271
2018-05-07,109.552335983319,111.615212467046,110.38086056801,111.700582108799,111.12518377875
2018-05-08,110.058553260457,111.580488014044,109.903732470304,111.600668973399,110.707458174522
2018-05-09,110.286300679208,112.036501037349,110.065427928811,111.159623002425,110.70387372289
2018-05-10,110.511738989008,112.453118453391,110.046989981961,110.970390292433,110.370872617351
2018-05-11,110.340276709808,112.594530234928,110.010901947588,110.587285215696,110.133565444555
2018-05-12,110.377090042266,112.388983985074,110.248021009929,110.343089507667,110.094922864878
2018-05-13,110.382788784298,112.067969391523,110.317941514434,109.569215187476,109.810052488641
2018-05-14,110.880576383711,111.579476073998,110.040468078225,108.351823578621,109.741079329131
2018-05-15,111.716169029197,111.427762797645,110.20019326131,107.361058220651,109.141972880801
2018-05-16,112.811239575573,111.149143832732,109.787523087674,106.376838108525,108.580224618222
2018-05-17,114.124327185856,111.007527507383,108.60553512534,105.413493506442,107.944517097137
2018-05-18,115.21147672509,110.701856643606,107.325455256474,104.288559797563,106.980728426188
2018-05-19,115.955028153514,110.257188657396,106.372318673016,103.312514569833,106.005076248764
2018-05-20,116.53541555269,109.737289296951,107.42658983566,102.678681090279,106.337715248403
2018-05-21,117.094834350846,109.655448940062,108.978658360403,102.537933408815,106.892891804459
2018-05-22,117.826049977305,109.972346124757,109.992008189729,102.991573223936,107.213057641929
2018-05-23,118.530308906922,109.511651752081,109.861176647805,103.518830127483,107.126389739918
2018-05-24,118.640708577961,108.705412599776,109.204073476702,102.727858992453,106.600567220678
2018-05-25,118.351959814504,108.25160178409,109.192341445855,102.792307848484,106.045283133581
2018-05-26,118.132726416437,107.635108890192,108.143861613794,103.754895740515,106.093041761091
2018-05-27,117.549919420267,107.306226971232,106.92167083873,103.41083003589,106.548339903885
2018-05-28,116.695654615909,106.578249055237,106.289930969993,103.394580982233,106.172553779742
2018-05-29,116.280664104026,106.397675506537,105.922287767661,103.280349451233,106.629849499502
2018-05-30,115.977763587508,105.713901474431,105.059001502379,102.539505663535,106.174601441586
2018-05-31,115.105672158251,104.403606258755,105.417409721577,102.615217644,105.543832268062
2018-06-01,114.346254634166,103.411519579679,105.563602771728,101.931703359156,105.688637315121
2018-06-02,114.22219086896,103.206036481931,105.274739440581,101.026996199339,105.967352520966
2018-06-03,114.169465056145,103.008424828627,104.002523241515,100.993614655986,105.925042860483
2018-06-04,113.366533496346,102.388794222861,103.005663947823,100.889214125016,105.032418744812
2018-06-05,112.104756021856,101.481019324064,102.45730423661,100.321661121566,105.056541514678
2018-06-06,110.775245701471,101.075057870195,101.516286921015,98.3015046902233,104.232520668349
2018-06-07,109.389157130135,100.189380528827,100.434079622144,96.3495096976854,102.852721999994
2018-06-08,107.854078373115,99.3600692532831,99.2354792221906,94.9067025910351,101.544490357349
2018-06-09,106.521989015704,98.8406353605679,98.5372043002497,94.0825193027768,100.778397410729
2018-06-10,105.484153912662,99.0895678110792,98.1308802560016,94.4812480897934,101.222652180024
2018-06-11,104.905154474269,99.6245144572147,98.1165197699325,94.8287205354305,101.406586976407
2018-06-12,104.033457972888,99.4857709625189,97.7560880168571,94.7903534100222,101.45803568325
2018-06-13,102.748615046665,99.337464833614,97.1816068862448,94.0492315185877,101.518937342009
2018-06-14,101.706844731632,99.0544914048275,96.2358557501913,94.4928861933671,101.022979532325
2018-06-15,100.670052624657,98.8113935958812,96.2090420194037,94.6075457058531,100.587653995254
2018-06-16,99.4832421894183,97.7432290204387,96.4199600745891,94.0139066551996,98.9824032788774
2018-06-17,98.6778938044522,97.1198381254744,96.8190923653417,93.4031256182793,97.5809927646325
2018-06-18,98.1967367719809,96.0907857732587,95.6560080298694,93.1239835169753,95.8784039551328
2018-06-19,97.1480685909504,94.7080958277517,93.9544996455824,92.7643783408394,94.0394478269247
2018-06-20,96.3372512212253,93.3680216178961,93.0735185548382,91.8643946040681,92.2308251669052
2018-06-21,95.7947134598682,92.2682622324992,92.9845945299255,90.8549340445126,91.4301687852434
2018-06-22,95.5476528073629,92.7391156321685,93.0426731431934,90.154803870155,91.3590687941137
2018-06-23,96.111840139496,93.86377060489,93.4850168677826,89.8221706381161,92.0058833667371
2018-06-24,96.5718497590105,93.8803948377518,92.1884544623868,88.9809157369913,91.7715025958969
2018-06-25,96.3836671863157,93.914449880987,90.4656817595004,88.4264790191057,91.3285443579626
2018-06-26,96.3003816607326,94.494458545437,89.7492307495914,89.2988407537937,92.9664098867594
2018-06-27,97.0210248651968,96.2964339790845,87.9512277652251,89.6940741784129,93.4693327107061
2018-06-28,97.6589587841979,96.8550312989708,86.9578726961526,90.4216959759989,92.9354520036348
2018-06-29,97.132825938539,96.179733707566,86.9104887581586,91.2034952723925,92.1070250183137
2018-06-30,96.4273584711701,95.9680856205769,87.122166777927,91.6440856300615,91.8162645991009
2018-07-01,95.6325447220361,96.7194125378914,86.6589843701591,91.4122278076825,91.7385375617934
2018-07-02,94.6743179447123,96.3082656301356,86.9439454288697,91.009867454411,92.6390791441504
2018-07-03,94.0797937252805,94.7251796931132,87.8534958650705,91.619896431631,92.6964365030827
2018-07-04,93.2598394178033,93.6336972032274,88.1843358575729,91.2117892804335,92.5229572586976
2018-07-05,93.0843685058432,92.2760639148723,87.3854287898672,89.7585113271824,91.2515944689178
2018-07-06,92.9979168640131,91.9683417675986,87.3277994669032,88.6110250305311,90.9012737540898
2018-07-07,93.1783953161462,91.9932328485595,87.3803438083306,87.4553401982984,91.7441823007056
2018-07-08,92.646356565354,91.4038870198252,87.0963579341961,86.2817180040825,91.6778495582874
2018-07-09,92.2392345380357,90.9118087755037,88.0618206563388,85.5309145253557,91.519601147933
2018-07-10,91.6128737657751,90.0780227664633,88.0572515559312,84.0631920419403,91.6888786004624
2018-07-11,91.5981217068503,89.6134000566182,87.6666647610179,83.3228748974674,90.855493331729
2018-07-12,91.9964824504762,89.830827253475,86.8600802874622,82.9224909638412,89.573406563105
2018-07-13,92.236187996912,90.6967760139314,85.3053104397336,82.5039545644062,88.5862126498188
2018-07-14,92.3043872136202,90.9570722191411,84.2468129908383,82.6030184365878,88.4546168872875
2018-07-15,92.7709224364487,90.9054002231804,83.2126532755973,81.8174565560168,88.8048759849768
2018-07-16,93.0256864857186,90.5615267419999,81.8521673423469,80.4307630289492,88.1497571406363
2018-07-17,93.6780235528617,91.3871492432305,80.8463412756335,78.8128194253858,87.5633120115326
2018-07-18,95.0802616940203,91.5768495289616,80.043610538433,77.5974283651939,87.3709190655776
2018-07-19,95.1122657871105,90.7159126636691,79.8017088918831,76.9666612780539,87.6658821319118
2018-07-20,94.8116916712113,90.0373835337958,81.357692561474,76.9074189735382,87.7739266841128
2018-07-21,94.467509407445,89.6864258257676,83.2891809322896,77.947560068409,88.0793541027333
2018-07-22,94.6619624305542,89.2583531311519,82.7329322088517,79.2355632630875,88.4140722868549
2018-07-23,94.2712094642713,87.7433806172655,81.6085847895509,81.6058681403704,87.2093735141209
2018-07-24,93.5383276598149,86.0489244889498,80.6166996804441,83.4860811603571,85.9143090844595
2018-07-25,93.4369185213869,85.1513809998176,80.6411180509808,82.7874473280237,85.9691198648215
2018-07-26,94.1548115422768,84.6974641833178,81.1708163746558,81.4988991033387,85.9644211310619
2018-07-27,95.8713993993844,84.0712894775453,81.0121482145466,80.6018021388012,84.9572985716199
2018-07-28,97.5472889386177,84.2472797550538,80.454715721711,79.9646598504954,84.117368726755
2018-07-29,98.046064991565,84.6237953813979,80.9631521437977,80.4029341193772,83.8442182543053
2018-07-30,98.4058805211979,84.7907409155743,82.0188131399109,81.0560700844114,84.5130248393399
2018-07-31,99.0748311339848,84.331917321154,82.02399497008,80.755863720739,84.6682525300731
2018-08-01,99.6017566298818,83.8585285131628,82.8306055502341,80.0038925792215,84.6151696334139
2018-08-02,99.5568597467169,83.8186107674678,83.2793690997258,79.5336116135457,84.2713367995859
2018-08-03,99.7762918327919,84.5528256052169,85.8500116207115,79.4233262615455,85.8734177304832
2018-08-04,99.8973357084373,85.0096561447396,87.4780131714337,79.3216170490817,87.8098081224786
2018-08-05,100.400887850778,86.7502372477244,87.5102897931552,78.8256646424869,88.0031756358117
2018-08-06,101.143395832436,90.4322236570175,86.9944324931763,77.99633431467,88.2797051631499
2018-08-07,100.818592310455,93.3526941125617,86.4221824000163,77.5733539957219,88.5388708484872
2018-08-08,100.155460577205,94.3701525129795,85.4508890561364,76.8384612707922,88.6762643775564
2018-08-09,100.050067668886,95.2098303210792,84.8113679647653,77.005437409672,88.6259373785868
2018-08-10,100.567907896834,96.4456060568724,85.6718221491838,78.1954855968126,89.7995494177364
2018-08-11,101.407208736294,96.5955665765544,87.2863437354492,79.5795048143164,90.3391213111073
2018-08-12,100.930040170734,95.3730072606597,86.98535545412,81.8107896945898,89.398756098328
2018-08-13,100.075423579148,95.9412474496559,86.972418061621,82.3286117256072,88.5683825619432
2018-08-14,99.6279818270085,97.7450955008004,87.6826965099965,81.8231277333795,88.3285264717638
2018-08-15,99.211322965309,99.4686418828418,90.5480891212923,82.7996848732715,88.9997404007505
2018-08-16,99.2389126324722,99.0432115750778,90.7283457854894,82.6052528340307,89.1821342763885
2018-08-17,99.8264465109977,98.3914801908841,90.3517905007994,82.2586118965565,88.8425237814544
2018-08-18,100.609922491386,97.8640819130542,91.0561332398429,82.0554775210439,88.9903913071986
2018-08-19,100.95507555565,96.8889427228478,90.8339531374682,81.6066796181727,89.1328481954745
2018-08-20,100.865082330425,96.1900793601702,89.2623671613038,82.6397945711261,87.9907353015008
2018-08-21,100.814314602435,95.7985569608755,87.9332493536379,85.8217026566177,86.6878960343006
2018-08-22,101.301529053554,97.8466206979488,88.5087202243408,87.5591434710815,85.8623696027008
2018-08-23,101.445204440971,98.0216826762046,90.2486595121952,87.7587817449417,86.3906666494531
2018-08-24,101.737706718364,97.8525523195472,91.9396453592646,88.5035885202407,87.6951797224629
2018-08-25,101.823671786777,98.3471053507542,92.6673371951713,89.4652028866841,88.7259755628959
2018-08-26,101.711551192608,98.1164034190698,91.9194315143039,90.7631858968643,88.861015817743
2018-08-27,101.274008864664,98.3051675881471,91.8429811494182,91.7899545943624,88.6281421596679
2018-08-28,101.026061466993,98.0911062766878,91.8326356632585,92.5646112610527,88.651704639068
2018-08-29,100.974363137342,98.3877208418007,92.8129360651469,92.3726169548853,90.4712193316205
2018-08-30,101.19275340829,98.2365617219081,94.9191285871456,92.7616232515319,92.210623916569
2018-08-31,102.391002032828,99.0191803057442,96.8468615654297,93.6311935761033,93.2758728952011
2018-09-01,103.209061108123,98.8966266482786,97.0490101740469,93.5421632905251,94.2257290901601
2018-09-02,103.971377961653,98.9273456847005,96.5544646045538,94.5544790241922,94.0472741232756
2018-09-03,103.903547947684,98.7800819937412,96.2415258105091,95.590280302693,93.6547503168104
2018-09-04,103.997764827484,97.9044758895109,96.4234846508463,95.446736718075,93.1590441897391
2018-09-05,104.738108548993,97.7560275010367,96.1600290910092,94.2543054485298,92.6072623202866
2018-09-06,105.949953543854,97.7276192094482,95.2944993897826,93.1336175711916,92.1418967115608
2018-09-07,106.123285205318,97.7076135675233,94.3384388999524,92.6001605428542,92.040993032736
2018-09-08,105.650571248926,97.6381640818633,94.1718364612426,92.5084800064998,92.8457731586344
2018-09-09,105.327375302862,97.187036730393,94.8531909696523,93.8238791345169,93.5317670930304
2018-09-10,104.946171788297,96.5085140661778,96.0812644966107,95.1075208389792,93.9859990223807
2018-09-11,105.286691655333,96.2026353508556,97.289989524189,95.6463055438121,94.6738625012964
2018-09-12,105.795607459307,95.9262157585339,97.5263540656278,95.1972010920679,94.8112191807656
2018-09-13,105.985483277491,96.8998139017361,97.7430220023327,95.009178221171,95.282418065736
2018-09-14,105.836895696,97.3935246349031,100.354634488605,95.5339606896525,96.6159075426862
2018-09-15,106.131610399499,97.3261600374616,103.015356112211,95.8064746286102,97.122634165596
2018-09-16,106.231798515406,97.5310024895204,103.320620206242,95.7127160649548,97.452613260465
2018-09-17,106.190166921957,97.6320776032471,102.642109536678,95.349107848038,97.3681793716403
2018-09-18,106.224140907022,97.9126423049282,102.08814070189,94.5727902883626,97.4078415263556
2018-09-19,106.598864439552,97.7664641219165,101.834865664191,93.6231262240637,97.2771709756949
2018-09-20,106.945533454463,98.2012326307096,101.103946821576,92.7010919961809,96.9267006486835
2018-09-21,106.884526226214,98.2902194032206,100.144280367612,92.9786334482783,96.3309030721643
2018-09-22,106.608170992809,98.2569782750335,99.4339492427138,93.7538831487884,95.6741646798489
2018-09-23,106.581553750396,98.6725382612969,98.9531532652235,94.4395406152382,95.3345464464148
2018-09-24,106.80663649317,98.827124449682,98.6971534094641,94.8487228592587,95.5618740918058
2018-09-25,106.902285913595,99.4047469022848,99.3008652038749,95.0002820714816,95.8829687956152
2018-09-26,107.267747451606,99.9115767688442,100.054852816521,94.6578734296399,96.6606712905974
2018-09-27,107.355569149725,99.653674384837,100.593773267217,94.3240434521102,97.2787587453249
2018-09-28,107.135131452144,99.2109125581598,100.250243908279,94.163753553032,97.1136958249874
2018-09-29,106.758080525214,98.6506017814163,100.390855846088,94.1854312833536,96.9862683676961
2018-09-30,106.804905748104,98.1271553468265,100.705047198604,93.9401203179196,97.2198040047397
2018-10-01,107.079674533428,97.9204175211033,100.967277462925,93.7892292947615,97.7475418306379
2018-10-02,106.992477707786,97.7039821920983,100.366584025652,93.679935462605,97.6556540925825
2018-10-03,106.693469908582,97.4073412721713,100.476579004173,93.5686054762071,97.4477576958893
2018-10-04,106.395098502441,97.0912304241511,100.348421942683,93.0652613457789,97.2686514314991
2018-10-05,106.10716165008,96.8843777339536,100.24539935339,92.6293990563002,97.138245888709
2018-10-06,106.100329250092,96.6289413808272,100.153210787251,92.7400247548977,96.8643438281721
2018-10-07,105.862294408949,96.5790587711376,99.9780072900225,92.6296918869836,96.8176962087133
2018-10-08,105.609622233667,96.3170457535756,100.021610065563,92.8765630816143,96.6952692434113
2018-10-09,105.444276786261,96.0925068937843,101.901909394036,93.2410348118327,97.4018075643964
2018-10-10,105.453689295252,96.0846735811275,102.223306273945,92.6831639472907,98.0368598008767
2018-10-11,105.508332790549,96.4676194007265,102.479080583906,93.0040470091637,98.1383748181652
2018-10-12,105.509271367871,96.721612347414,102.529721538831,93.6347291898446,98.2959571943326
2018-10-13,105.463786753399,96.9299365733067,102.104718846453,94.3279109458392,98.1768397007816
2018-10-14,105.2865703419,97.1539652199576,101.420795170716,94.5455555646484,98.0431217247445
2018-10-15,104.921782152025,97.2645952467045,100.936855096733,94.5171563760602,98.4576861803576
2018-10-16,104.60026178463,97.5145399876429,100.426040950912,94.5656142971895,98.5849661571164
2018-10-17,104.346033431724,97.8746862074624,100.502442441399,94.8026391597479,98.3798940579457
2018-10-18,104.108049667693,97.9106363577789,100.171735827332,95.8225376681815,98.1212315507701
2018-10-19,103.815446018928,97.7037453742498,99.7586481003654,95.9758955631789,97.9327797176308
2018-10-20,103.517898020943,97.3854301638449,99.6994507544788,96.9401091152713,97.7966437162875
2018-10-21,103.235296179472,97.1565981845757,99.3350001780923,98.8804911563575,97.4059469293579
2018-10-22,102.975089426122,96.9181343027532,99.0498021414786,99.8939564323692,97.0507358165261
2018-10-23,102.738192020363,96.7584775294453,98.952321313373,99.6643982451342,96.9884340937526
2018-10-24,102.509630595765,96.7278858089433,99.6115509259852,99.7445889586287,97.1376659514353
2018-10-25,102.30211112548,96.5991720034096,101.059922081327,100.07494741681,97.5648597274282
2018-10-26,102.105396131932,96.9604205211699,102.422385229981,100.112018413703,99.7045986427263
2018-10-27,102.099309076629,97.5692785408974,102.378708283016,100.699328201654,100.355812203573
2018-10-28,102.041084996213,97.2344361947057,102.843807568576,102.418070233033,100.168145657249
2018-10-29,101.866730863049,96.8330499706845,102.625645430977,103.033154659674,99.6912579568315
2018-10-30,101.704538227845,96.4699005448716,101.809323711247,103.546869965077,98.9562406467911
2018-10-31,101.537357161106,96.1424323433474,101.239610692381,103.214899167407,98.4064633977233
2018-11-01,101.378198387542,95.8482333306803,100.678841677282,102.673626428764,97.9038027981693
2018-11-02,101.200995356159,95.5629251088891,100.145084182646,102.200303041085,97.4319677238336
2018-11-03,101.028254281568,95.2984233176645,99.696700664149,101.858034879715,97.0043160981938
2018-11-04,100.864501291516,95.0554143822088,99.3266406277458,101.827720459138,96.621403994467
2018-11-05,100.708916559979,94.8314575215771,98.9280816922368,101.86013498513,96.2744495183367
2018-11-06,100.570936176557,94.6368814735174,98.5597154224742,101.652325932323,95.9653104623619
2018-11-07,100.443393789697,94.4872405487094,98.2919124291043,101.392158302282,95.7238129553023
2018-11-08,100.309022215067,94.3079876789701,98.0051652111312,101.354684575919,95.470637694364
2018-11-09,100.180075223677,94.1382492443902,97.7209715948002,101.233488734784,95.233613015547
2018-11-10,100.059151618045,93.981648330143,97.4588718966732,100.935201768467,95.015493184135
2018-11-11,99.9447782928309,93.834643984992,97.2150526792801,100.623290558684,94.8123068876314
2018-11-12,99.8351801156489,93.6974649376577,96.9803794602698,100.319890174052,94.6216296679153
2018-11-13,99.7283917614618,93.5692370512129,96.7538818872311,100.05246357717,94.4414875995207
2018-11-14,99.6246559133879,93.4371183034219,96.5367670114436,99.8468318003464,94.2657813054548
2018-11-15,99.5237405451382,93.3095188157596,96.3394830208196,99.672052220533,94.0990108584455
2018-11-16,99.4260986411202,93.1896968899061,96.1420967051969,99.429808273307,93.9385804392329
2018-11-17,99.3325256487746,93.0795996225713,95.9610213706071,99.1909262428548,93.7892208774701
2018-11-18,99.2528597626689,92.9846887899765,95.7915437113381,98.9855553088335,93.6504501143988
2018-11-19,99.1693818241328,92.9015588174897,95.6293183607552,98.8179106085827,93.5620684228236
2018-11-20,99.0827249779829,92.8056530311345,95.4835048216555,98.6522512997526,93.4510004492211
2018-11-21,98.9997889942981,92.7092626519764,95.3362884666219,98.4728748099389,93.330622217776
2018-11-22,98.9204533641345,92.6165412158892,95.2012523332388,98.304511817954,93.2161203400712
2018-11-23,98.843662585418,92.5265600087601,95.0698115339995,98.1998424878812,93.1055225077674
2018-11-24,98.7694809278906,92.4386726853374,94.9383700953151,98.4033238673757,93.0090452870313
2018-11-25,98.6972362496045,92.3513912408145,94.8163399394561,98.462328346187,92.9205082327808
2018-11-26,98.6269593277479,92.2699376210694,94.6928298829698,98.2814420950548,92.823792232939
2018-11-27,98.5589338533416,92.1944319018447,94.592058879708,98.1393474946765,92.7409071895007
2018-11-28,98.4937050661288,92.1237849476924,94.5125947326128,98.062429210084,92.6518026847246
2018-11-29,98.4303580568999,92.0501530634326,94.4042402649961,98.2499600554849,92.5586895244507
2018-11-30,98.3678554195236,91.9742151785485,94.2966654148244,98.7926435200957,92.4747734173247
2018-12-01,98.3422739520557,92.0063652087305,94.1948621911573,98.6644979301114,92.3938313170504
2018-12-02,98.3032672738008,92.0629096605264,94.0941143971374,98.4852404562635,92.3139335136209
2018-12-03,98.244660939099,91.9844077762008,94.0013900472685,98.3190829741851,92.2394178140006
2018-12-04,98.1873776266139,91.908186384033,93.9072500378236,98.1561328843895,92.1651130880234
2018-12-05,98.133490739408,91.8374688590029,93.8163176405439,97.9981030039642,92.0945137369332
2018-12-06,98.0819680822132,91.7779484454472,93.7340205875073,97.8497566312308,92.0293968416909
2018-12-07,98.0300458550889,91.7126321470187,93.6529019963813,97.707371698798,91.9673265194432
2018-12-08,97.9784815691761,91.6466497652152,93.5708375057715,97.5672337664977,91.90707958731
2018-12-09,97.9302503246263,91.5856183378573,93.492034777874,97.4320863635668,91.8495057443577
2018-12-10,97.8837889721981,91.531138568204,93.4235093605827,97.3076954410385,91.7988373183614
2018-12-11,97.8383820600465,91.4796923645518,93.3575101023238,97.1902378289751,91.7473358360199
2018-12-12,97.7958747389694,91.4249832042143,93.2995663196385,97.074477899738,91.6990577763549
2018-12-13,97.753997040904,91.3638832140111,93.2382110625915,96.9603740531335,91.6457645866885
2018-12-14,97.7125238939168,91.3030757996827,93.1742394902344,96.8485420045615,91.5909291066072
2018-12-15,97.6738349736674,91.2438542665327,93.1060269007984,96.7428767689717,91.5315189776361
2018-12-16,97.6362456036797,91.1874760554558,93.0509216493452,96.6365976210386,91.4776416388535
2018-12-17,97.5989241152688,91.1335712234737,93.0098462712241,96.5378825095043,91.4288292362497
2018-12-18,97.5621142673962,91.0839187823571,92.9592073031007,96.4439371840992,91.3873739764959
2018-12-19,97.5276929754285,91.0306599013371,92.9028332119682,96.3497273528063,91.3418338373752
2018-12-20,97.4935381990894,90.9788900071232,92.8550499686861,96.2609707444902,91.2995610197573
2018-12-21,97.4593050842803,90.9272238038121,92.7954155163409,96.1695734434043,91.25342616031
2018-12-22,97.4247361536586,90.8776058700117,92.7332176851774,96.0753708273088,91.2012669342954
2018-12-23,97.3901307081091,90.8300949722327,92.668752433674,95.9855755306275,91.1495936247281
2018-12-24,97.3561683160876,90.7823534519231,92.6062809633533,95.8972913054541,91.0979172313092
2018-12-25,97.3230467077858,90.7321437941216,92.5458395587153,95.8120014706006,91.0450867641951
2018-12-26,97.2908984879148,90.6830220371778,92.4858665408412,95.7289280717413,90.9930195077446
2018-12-27,97.2603713056918,90.6366246884265,92.4276587290329,95.6479144206462,90.9431087770981
2018-12-28,97.2313933842711,90.5929863046795,92.3744041548808,95.5712363724391,90.8981535062384
2018-12-29,97.2042427851247,90.5500913884791,92.3207772523626,95.4966298856405,90.8536668186683
2018-12-30,97.1783024377167,90.5083524435821,92.2672942709325,95.4247687724126,90.8068557453329
2018-12-31,97.1543943463769,90.4728873575008,92.2233193686368,95.3601993276116,90.7673208710504
2019-01-01,97.136228720533,90.4422214901291,92.1865155349198,95.2983207768032,90.7342937859296
2019-01-02,97.1172911824503,90.415380171619,92.1641552632177,95.3094604603527,90.7124288211493
2019-01-03,97.097365301616,90.3888017339039,92.1579518572267,95.4094084403787,90.6907963720786
2019-01-04,97.0770764091243,90.3548216857799,92.1204915407185,95.3414467639077,90.6577589530647
2019-01-05,97.0572603284054,90.3199980559807,92.0796942480798,95.2735198213208,90.6227728541642
2019-01-06,97.0336592819734,90.2826442634255,92.0426709625515,95.2091124120138,90.5869540780438
2019-01-07,97.0114007989278,90.245183542543,92.0002501620523,95.1421570925514,90.5467489329217
2019-01-08,96.9899918580265,90.2066118917868,91.9495282264362,95.0737120667664,90.5034138947832
2019-01-09,96.9681229433531,90.16897432037,91.9075081387618,95.0081653971921,90.4648048843544
2019-01-10,96.9480102828688,90.1340600596696,91.862817808911,94.9431391308727,90.4288324376172
2019-01-11,96.9278615742468,90.0984713259013,91.8219235910089,94.882646908955,90.3907671108521
2019-01-12,96.9090250557959,90.0639602411405,91.791924083416,94.832467926765,90.3590634729802
2019-01-13,96.8879316643381,90.0303901377263,91.7526037115548,94.7813426162205,90.3238531274792
2019-01-14,96.8657965823673,89.9987481433173,91.7103568131059,94.7261121295261,90.2886229211097
2019-01-15,96.850662590893,89.9733863517103,91.6750544882595,94.6736690539219,90.2573609156879
2019-01-16,96.837011999914,89.9495092744723,91.6460916310346,94.6225539447517,90.2283514205273
2019-01-17,96.8187149270293,89.9228226470381,91.6147829736185,94.5727643985592,90.1980694656417
2019-01-18,96.8006177375144,89.8953831283709,91.5780829228069,94.5184951951552,90.1639921311302
2019-01-19,96.784155589835,89.8663768676847,91.5386847635473,94.4659225673747,90.1284410359792
2019-01-20,96.7698680217639,89.8365464448396,91.4955349009853,94.4235345739819,90.0914968575414
2019-01-21,96.7549205472333,89.8093821901613,91.4534104203535,94.3746778607212,90.0581674337762
2019-01-22,96.7376733641679,89.7857608031303,91.4224350138421,94.3242397589717,90.0309510756912
2019-01-23,96.7198638901029,89.7633271592659,91.3910830429592,94.2758347973589,90.0039239335336
2019-01-24,96.7068882378098,89.7439525126288,91.3625611943541,94.2293703993036,89.9837089344668
2019-01-25,96.6948306932846,89.7254849076059,91.33393589628,94.183160580678,89.9617360685776
2019-01-26,96.6810776316313,89.7091523068568,91.3036806792313,94.1909153425449,89.9439518599533
2019-01-27,96.6866569624411,89.7259026835617,91.3649615786435,94.6655157504864,90.0376330786616
2019-01-28,96.688216935052,89.7393219478546,91.3355408518201,94.6908724080034,90.0146653992654
2019-01-29,96.6689648618476,89.7146742452133,91.2920492402229,94.6172462930508,89.9825103799526
2019-01-30,96.6485123581197,89.6879400609882,91.2499534121087,94.5443546997871,89.9510765016861
2019-01-31,96.6278961760884,89.6594197762893,91.206162933728,94.4735304732156,89.9192093886788
2019-02-01,96.6084375746554,89.6309290021841,91.160286716242,94.4045078907343,89.8843737469934
2019-02-02,96.5896467717254,89.6032040705674,91.1143013412188,94.33771552219,89.8488218078999
2019-02-03,96.5712837571307,89.5752149978265,91.0690404248217,94.2737148407609,89.8137174003117
2019-02-04,96.5549456590131,89.5496172764703,91.0252425207297,94.211817625565,89.7805107900605
2019-02-05,96.544162207183,89.5278565221699,90.983763951571,94.152384145265,89.7485276014268
2019-02-06,96.5334411728938,89.5040914608498,90.9421697734532,94.0954540634667,89.7164823800513
2019-02-07,96.5398170323186,89.496709827109,90.9019149029399,94.0409771092336,89.68544936385
2019-02-08,96.5977473887375,89.7263696755915,90.8625864457571,93.9871928490262,89.6548627790486
2019-02-09,96.5893876815998,89.80573540072,90.8231414143208,93.9355709138786,89.6253316983381
2019-02-10,96.5898742472586,89.796168584947,90.7850660629171,93.8864930576503,89.5969269392996
2019-02-11,96.5737606307165,89.7729198716787,90.7503382518698,93.8412468669645,89.5711047169994
2019-02-12,96.5511941086106,89.7318471043626,90.7178250822625,93.7967271749493,89.5443228271614
2019-02-13,96.5316866019457,89.6918035147033,90.6872712540632,93.7559955719546,89.5186688264013
2019-02-14,96.5138627120045,89.653905618731,90.6584639436797,93.7152707047173,89.4950036072038
2019-02-15,96.4957363698762,89.6193710005797,90.6314714652849,93.6750153948178,89.4717857334473
2019-02-16,96.478774637357,89.5858265654147,90.605034704122,93.6374224933476,89.4450108040522
2019-02-17,96.4648525226295,89.5546323994361,90.5722149231777,93.6157890298625,89.4188492449779
2019-02-18,96.4508167916209,89.5249362765599,90.5495039949537,93.5875638911721,89.3972309334532
2019-02-19,96.4389461905944,89.4973238700223,90.5188274292935,93.5500714795774,89.3742425894885
2019-02-20,96.4273391453804,89.4736094595999,90.4905569293207,93.5210716206628,89.3531170792491
2019-02-21,96.4183892492039,89.4515373122586,90.4652596747271,93.4899769065497,89.3323606557581
2019-02-22,96.4089273530625,89.4283190109601,90.4398799434904,93.4538162373804,89.3111008572311
2019-02-23,96.3968931555895,89.4034163501913,90.4071567730306,93.4156579516238,89.2862865595422
2019-02-24,96.3871442913306,89.3775093538599,90.3749179002243,93.3778442240011,89.2625248750468
2019-02-25,96.3779346961164,89.353866322892,90.3498319536646,93.3407762291991,89.2431979409151
2019-02-26,96.3745882593793,89.3337539153218,90.3319184740067,93.3077881875447,89.2237479167519
2019-02-27,96.375567891529,89.316633019152,90.3210315993995,93.2829195880745,89.206332440461
2019-02-28,96.3656928529725,89.2950904264186,90.3128161053232,93.2623223001251,89.1894996764589
2019-03-01,96.3555086657326,89.275817567061,90.3172224827319,93.2635489309472,89.1775229738683
2019-03-02,96.3459446740748,89.2556543231048,90.3137801860157,93.3101082919361,89.1653711514256
2019-03-03,96.3359712394848,89.2363548752159,90.3131019661005,93.5110210207967,89.1582576759416
2019-03-04,96.3295893572133,89.2219260899167,90.3212448043624,93.77898891676,89.1553076043886
2019-03-05,96.3344298618537,89.2162915386725,90.3451687940278,93.9579123855419,89.1624902045473
2019-03-06,96.3371386690228,89.2168556918797,90.3720232156732,94.0032197636507,89.1743748971539
2019-03-07,96.3297383845248,89.2079225752356,90.3666855677402,94.3100506976223,89.1738499301495
2019-03-08,96.3198840790051,89.1902531931138,90.3406704781674,94.5038917693005,89.1562999987131
2019-03-09,96.3089717115017,89.1724803856265,90.3209535906762,94.4942879817032,89.141746746315
2019-03-10,96.29638618431,89.1552891600285,90.2980659495671,94.4794641380126,89.1242388979284
2019-03-11,96.285692547177,89.1423009669895,90.2777104237262,94.7515663366672,89.111081709169
2019-03-12,96.2764236483817,89.1345910762392,90.2794275641143,95.375627600025,89.1034812856922
2019-03-13,96.2666069353955,89.1229696670684,90.3747526056227,96.8304944609272,89.1121010360151
2019-03-14,96.261640174334,89.1231781830198,90.5148266080744,98.9100995189002,89.1478362206465
2019-03-15,96.2650442000834,89.1436658277053,90.8660297324573,101.760839149205,89.2489023013017
2019-03-16,96.2767753864183,89.1790214170341,91.3971123315775,102.642432896397,89.3860389898531
2019-03-17,96.2859363851875,89.2243409933148,91.6130991328558,102.585373311773,89.5197355688134
2019-03-18,96.3067735639805,89.5013311432566,91.8667024821124,102.70284504686,90.2058089892437
2019-03-19,96.4326648646967,90.5625059597454,92.4666713375,103.056768190823,92.0898028431133
2019-03-20,96.5625582381386,91.5127400174379,93.1449305896017,103.543107889492,93.9584621852033
2019-03-21,96.5534123522498,91.9822796117621,93.6770833493022,104.323829916539,95.2371423592161
2019-03-22,96.5589043510464,92.6538682420171,94.2203249806312,105.689424080084,96.364411090945
2019-03-23,96.5520557560812,93.127603421759,94.6067294886422,107.452873437739,97.3700523381709
2019-03-24,96.5590314953191,93.5008621831958,94.6463265896717,108.871372656717,97.3304716096037
2019-03-25,96.6573280235608,94.2840094527535,94.8199161430113,110.063259952902,97.5928307412849
2019-03-26,96.8162613221831,95.4738941080977,95.2598744580496,111.308969667747,98.1368861189984
2019-03-27,96.8445787965302,95.9517650360381,95.3130937404206,111.529902773969,98.2558405451542
2019-03-28,96.8574655656704,96.0064439332646,95.2090029726951,111.83620494134,98.1391541590429
2019-03-29,96.8446693942126,96.0709317984718,95.3033634242824,112.356323307151,98.2134200776037
2019-03-30,96.8377976212023,96.18380450833,95.6261026902538,113.22636148149,98.4749390059464
2019-03-31,96.861101079987,96.2728684466541,96.2872746194412,114.562866398552,98.6453581322638
2019-04-01,96.9522264022561,96.8890437291269,97.7376902276041,115.721561421493,99.0726412122238
2019-04-02,97.0065668392618,97.2412839356162,98.3832547215177,116.255450629969,99.3186810237946
2019-04-03,97.0233357695862,97.1268132847246,98.2792169599534,115.606371841803,99.3214674922736
2019-04-04,97.0004652405639,96.8304423086944,98.0097650447189,115.036534030411,99.2302002337171
2019-04-05,96.9832419434704,96.6031464054154,97.9448344147869,115.061201657792,99.2448920413701
2019-04-06,96.9648822199421,96.3976909653032,97.9269274809123,114.967685151881,99.1555898950133
2019-04-07,96.9396420681947,96.2052177942282,97.9170015224172,114.413999451993,98.9597459256829
2019-04-08,96.9116908622638,96.2083114418392,98.5957201139804,114.2738908709,99.31134173826
2019-04-09,96.9185606515764,96.7171017506996,99.7349792070654,114.36555556236,100.033806202964
2019-04-10,96.9342739283167,97.3276078151177,100.306364195818,113.906808580279,100.57591830152
2019-04-11,96.9651799191826,97.9211911074471,100.551173290946,113.265724497848,100.973413770135
2019-04-12,96.9921387894499,98.5705354751582,101.276349544458,113.214729183697,101.271366259233
2019-04-13,97.0229063282532,99.3532721704621,101.59600632783,113.343191602451,101.401825523188
2019-04-14,97.0465314238239,99.9267196041039,101.513742034436,112.280030179035,101.412482378662
2019-04-15,97.0650281920248,99.8970933517022,100.95646072114,111.594770441577,101.194863047473
2019-04-16,97.0616754911112,99.6950017797583,100.372870315882,110.856417147777,100.83826231127
2019-04-17,97.0285653501058,99.4202049413031,99.8848386530839,110.328850584043,100.372724587388
2019-04-18,97.0175321640578,99.557059722559,99.8322749862169,110.004715284655,100.371387850953
2019-04-19,96.9908094005545,99.7185500415726,99.621712991972,109.481314630492,100.094639832514
2019-04-20,96.9607712634458,99.4181129338834,99.1933994486509,109.346876321294,99.7003445817956
2019-04-21,97.0118767678182,99.0745462193019,99.116177262741,109.325538574794,99.4569793652399
2019-04-22,97.1296368811703,99.2489051242405,99.779237752555,109.513458791709,99.5780797337157
2019-04-23,97.2796095551775,100.076769488027,101.469814243204,109.81808220075,100.524571658277
2019-04-24,97.5068993636192,100.017203029091,101.93776265292,109.950931947893,100.54963700145
2019-04-25,98.127902167715,99.5836212436685,102.691608280598,110.665983895516,100.311391862426
2019-04-26,98.8961929563381,99.7186313472394,104.363592622071,110.963149288702,100.702787520231
2019-04-27,99.7474278944344,100.258913283153,105.107830563401,110.527891585623,101.451248087936
2019-04-28,100.652811202878,100.619744470217,104.473682697244,109.56129130463,101.365865128528
2019-04-29,101.089411807915,100.893336544324,103.802695785988,109.403693145478,100.925297012313
2019-04-30,101.293106742846,101.481071454909,105.035127485796,109.656562422755,100.999686950337
2019-05-01,101.901850856484,103.278313677956,106.134442961891,108.852412379952,102.595596937704
2019-05-02,103.059733965021,104.333153540344,105.413304729013,108.329476420073,102.681139802924
2019-05-03,103.609510245374,104.033609760725,106.886355236709,108.914969509251,103.585595392897
2019-05-04,104.278135737272,104.324319580406,110.066998917754,108.845298942398,106.14891696726
2019-05-05,105.730189485234,105.423789110435,112.492784900101,107.58659666615,108.455628378248
2019-05-06,107.146300682627,106.2798328494,112.701559902883,105.886400710173,109.289396616988
2019-05-07,108.016107554066,106.951350630276,112.661906400498,104.183007177203,109.566165184378
2019-05-08,109.193710993338,108.201597465686,111.464406189201,102.271378807112,109.46332107825
2019-05-09,110.919986327078,110.339539119982,109.87349322872,100.219882234128,109.777311028
2019-05-10,112.621659803107,111.380996114401,109.253140017098,98.3938223656005,110.105800978479
2019-05-11,113.746250490716,111.341027041564,108.832168215281,96.9595328241913,109.895236029828
2019-05-12,114.517925475375,111.124285211929,108.17888640233,95.7029925768084,109.05249729627
2019-05-13,115.005670394753,110.875900457361,107.323113006514,94.538484295111,109.00628657074
2019-05-14,115.372739725532,110.193603625033,106.648968857099,94.4191208131009,108.540766329285
2019-05-15,115.713510359773,109.616536851593,106.082920441314,94.4560167680193,107.924607016423
2019-05-16,115.643668133042,109.120851969999,105.492801808859,93.8333230007802,107.690370951499
2019-05-17,115.512064530328,108.997428745224,106.194473793261,93.8401171582798,108.107211284212
2019-05-18,115.334988340051,109.260981277501,107.183678234192,94.1080234744407,109.087672306074
2019-05-19,115.278931367899,109.395144375524,107.528721224664,93.9159144456261,109.679380290657
2019-05-20,115.752974829317,108.965614785676,107.145474115377,93.985467780092,109.421420513615
2019-05-21,116.590208407295,108.179089429417,106.635417721626,94.6274751290503,108.868092351108
2019-05-22,117.761692126908,107.031466554495,105.654902127532,94.5920862378932,107.596631352898
2019-05-23,118.564789403014,105.764128613022,104.960101891789,94.109880432051,106.546502140334
2019-05-24,118.390607518982,104.810181783193,105.047817073523,93.8761556802972,106.17665439612
2019-05-25,117.978082106693,103.716463041884,104.685313635394,93.7306863275961,105.351525049193
2019-05-26,117.978923489578,102.360870538512,103.488735174444,93.1313022438742,103.810013280217
2019-05-27,117.484155396159,101.26600530763,101.999905316752,91.6639332145182,102.246617738904
2019-05-28,116.836125405544,100.717046568342,101.330320046994,89.9163680510546,101.497993393916
2019-05-29,116.81022734411,100.426135834089,99.9716115636217,88.3113273405102,100.222004099045
2019-05-30,116.395862016346,100.093351178132,98.7405038414491,87.6079926246322,98.8420040932135
2019-05-31,115.708390469576,99.0813231342463,97.9839136102593,87.6372063579157,97.7749306904837
2019-06-01,115.1814545942,99.6256973073963,97.9553989675857,87.9251837570053,97.4892841136007
2019-06-02,114.915173203507,101.686713058214,98.166373096077,87.7457835247966,98.9265079011572
2019-06-03,114.383213815288,103.432478726613,97.7787767813218,87.4317760311277,99.3339446483057
2019-06-04,113.944955363061,103.500170737096,97.0592029346187,87.3911107716774,100.576152834558
2019-06-05,112.938834740982,103.071281902344,96.1623699107087,88.7636802824051,100.795190213438
2019-06-06,111.837463033201,101.88376734471,94.9054196507049,89.7090519685701,100.102530467104
2019-06-07,110.828738894654,100.744552591727,93.8531218598519,91.8186584479182,98.9308049470395
2019-06-08,109.296927610322,99.7481275958397,93.4275582599255,93.1667594603962,98.8387813256429
2019-06-09,107.769798378833,99.0189328601074,93.2075505170762,93.1495841893707,98.5546481734541
2019-06-10,106.628203903066,98.8360205221476,93.0628067328969,92.5223781480494,98.1681028768644
2019-06-11,105.749093135699,98.3920261737408,95.2943559989048,91.7087603037223,98.9486426476882
2019-06-12,105.321513053135,97.7129834607324,96.6102831179318,91.6411908154994,98.5003181702654
2019-06-13,104.726827459396,97.2093554546395,97.1177039390704,91.6545227870198,98.6924156465246
2019-06-14,103.683056386078,96.4502499913637,96.707608886061,91.5347240330611,98.4938435328467
2019-06-15,102.500425213334,95.4193453218166,96.3656725502133,91.7444050402537,98.0971102861536
2019-06-16,101.138725000119,94.7175223066769,95.6410618112935,92.4346201674487,97.206076196497
2019-06-17,100.00780609308,94.5482649080921,96.0171381789787,92.451161101622,96.6374818169109
2019-06-18,99.3044121331415,94.7270416338506,95.3163361754958,92.2710447927041,96.4678265342692
2019-06-19,98.1008712881182,96.1113027211245,94.9883463978331,91.835266481096,97.8504338369905
2019-06-20,97.5370098754369,95.172022986159,94.2580469558134,90.8114793598961,97.5335367197479
2019-06-21,97.1149349959733,93.8779453593332,94.2170942577088,89.8594529413886,96.8237253787771
2019-06-22,97.2470100396132,93.1315337788013,93.573097220188,89.1686765128025,96.8205671935439
2019-06-23,97.5025229490975,92.4211659190339,93.5009963286968,89.3022414111876,97.3392378379296
2019-06-24,97.2834753915649,91.9706254644781,93.4218925647756,90.6560132261072,97.4199376751407
2019-06-25,96.951105414298,91.389646937445,93.7012013057399,91.1835185757432,97.8008987415568
2019-06-26,96.1300473835749,90.6766729018412,93.9648137598855,91.9116862254219,97.4908175255186
2019-06-27,95.0074578188074,89.7658907293312,93.3882858565077,90.995501778741,96.9093184032683
2019-06-28,94.1726035898224,88.1181624571909,93.0747810084671,89.8642975912472,95.4936281874376
2019-06-29,93.4587192656949,86.6102053842088,91.7076984278275,89.3520323566467,93.9885177315796
2019-06-30,93.1362944585932,85.63721251092,91.0578569351151,88.9019185089717,93.4871874699286
2019-07-01,93.24418364074,85.783664240119,90.1028514035888,87.8151381102675,92.9773643789164
2019-07-02,92.9043090192819,85.966203878877,88.3188572523896,87.2628673565782,92.1557453411095
2019-07-03,93.4791219003106,85.6858388045668,86.7253415595854,87.3919877596898,90.992044634922
2019-07-04,93.8904150984465,85.1790184157585,86.1674247849519,87.7196374397513,89.7457521878082
2019-07-05,93.7067356069475,84.5183113590151,86.3163027728607,87.5105284423539,88.9511319982264
2019-07-06,94.796157177114,84.9072474673616,86.4280539623185,87.4353850693456,89.3740516852768
2019-07-07,95.2338930711782,84.6268395604601,86.9335307933654,87.4805102625862,89.570124449168
2019-07-08,94.9342653550408,83.82779028988,86.9905058806598,86.5675167711618,89.7103235847093
2019-07-09,95.005543211495,83.1286282861447,86.6144712663556,86.282816269597,89.2716135199629
2019-07-10,94.3725200893975,82.4200645043872,86.7593446114262,85.6877855017639,88.9527413464424
2019-07-11,94.0296719287585,82.1676542717359,86.6806790038531,84.6185667183304,88.6974709815262
2019-07-12,93.5502167429365,83.0254048290865,85.3111556163461,82.833256826733,88.0031118166344
2019-07-13,93.3383207217103,84.7021890633538,84.4878855276723,81.0612605607171,89.2491152671165
2019-07-14,93.4062135457551,85.5023360773317,83.6300377189462,79.5036099878599,89.4318679504637
2019-07-15,93.299464310574,84.8587773877577,83.9662762482142,78.4791254911288,88.9524260505749
2019-07-16,92.3677514386186,83.9549727966154,83.9189017990804,77.9643675663049,87.2139806844998
2019-07-17,92.0072488042164,83.0260769460742,84.28422539531,78.0658098609525,86.0477521243255
2019-07-18,91.9649803506431,82.6128525779274,85.64515275047,78.5975438058666,86.3827096224175
2019-07-19,92.3780769168615,81.9289712046417,86.1970046782134,79.7013418230939,86.0010449205974
2019-07-20,92.7424890063788,81.2615381270727,85.8598114330685,79.5667435717082,84.882206856597
2019-07-21,92.1659043091697,80.7497252991366,85.1392479193703,79.8057231009467,83.9565506392131
2019-07-22,91.4681384338297,80.4051001185417,84.9249960344957,81.311566939952,83.4378996153874
2019-07-23,89.9223632210908,79.5264054487782,85.5976886491733,82.5213213853732,83.2073870159225
2019-07-24,88.258271815435,78.4998036429546,86.4682555924881,83.7549808188107,83.5011501037912
2019-07-25,87.4828428651773,79.4261944695341,88.15628820572,85.3229743279268,84.9234466756001
2019-07-26,87.4243163250341,81.3108999770648,88.6871143830854,84.9940130697045,85.8635695470315
2019-07-27,87.269008346705,82.3337666774099,89.7307913775995,84.2291941077684,87.4800155328061
2019-07-28,87.4196151369068,82.9716407956829,91.0337688648587,84.0010538562765,88.4259816744178
2019-07-29,87.9019187592479,83.8252790663207,91.3278246110735,83.8455365741228,88.6784492143689
2019-07-30,87.6575659910299,84.0841449977517,90.5597299510211,83.6194937048821,88.1279931013683
2019-07-31,87.2890017835184,83.4413115857463,90.0535148996928,83.0076006901525,87.9448519171436
2019-08-01,87.3216666503941,83.1388630433666,89.833321037385,83.0099337198259,87.5487487749003
2019-08-02,88.2309431125238,83.826088875111,90.3798888734142,83.6234159881614,88.3642069869401
2019-08-03,90.3279161283521,88.046002042373,90.2757056361788,83.5008928398477,88.9660694378073
2019-08-04,91.5307422542406,88.6033202246028,89.3301267626931,82.2835142199948,88.1381647770076
2019-08-05,91.6980581935228,88.4999552264384,88.7600849249656,81.6120169844509,87.7165297009479
2019-08-06,91.5944956722334,89.2633679978894,89.0484904597287,81.389017652612,88.3851123245085
2019-08-07,91.1010765768381,89.7067244868329,88.5185108252551,80.8553844045769,88.3097604842753
2019-08-08,90.0536984571283,89.3400214836819,88.7328064677819,80.5844357577146,88.9556956404727
2019-08-09,89.5467846888298,88.7199388272953,89.3827994275713,81.0918706839072,89.9078920432119
2019-08-10,89.3510814691428,89.1041744762027,90.1116377336564,81.5289103704823,90.4555442443186
2019-08-11,89.4036172324406,89.3903840702667,91.9386073238412,81.0175813561164,91.0679028349395
2019-08-12,89.6629501172,89.781527117388,93.8844640570505,80.2115300295016,92.5602181710022
2019-08-13,90.208072675841,91.1270660665854,93.9860340540729,79.7299896885661,91.8793283255046
2019-08-14,90.6376605776491,93.172043228363,92.6469426329138,79.0628308198627,90.6869591978971
2019-08-15,90.8533497993679,94.0629215248389,91.4320628121096,78.5379333482327,90.5559959313545
2019-08-16,90.755613888478,95.7432433430572,91.7232202729306,79.3589019266569,92.6247708312932
2019-08-17,90.5858716576168,97.5372033339819,91.8765824673828,79.6208437883853,94.2444620995035
2019-08-18,90.7032158113387,97.2210529496138,92.3451579764419,79.5036157076308,95.4358735541571
2019-08-19,90.9799498686865,96.563299698113,93.2096137885654,79.458362097692,95.9471699978172
2019-08-20,90.9645353887914,95.8346056153849,93.1472580162447,80.5613528579055,95.8613443215415
2019-08-21,91.0833212642201,95.6166737208507,92.8814261703083,81.5260594126968,95.7323859948038
2019-08-22,91.2823995724843,96.2749070599939,92.1656059563627,82.2553398437914,95.2960003123216
2019-08-23,91.517432802395,95.9144819478365,91.9707646629807,83.3067667080451,95.3981523312765
2019-08-24,91.5947309409115,95.9596021145206,94.0171342700183,83.6505947069988,96.8692908997574
2019-08-25,91.9767177241291,95.9332034335702,95.0910393530395,83.0573984192107,98.3863462410459
2019-08-26,93.0340819374864,95.329600417764,96.5630042528686,83.4145054928314,98.8755082633955
2019-08-27,93.5402946519036,94.3431579860403,97.4797114568221,83.8690390988017,99.1901781634041
2019-08-28,93.7091040535017,93.6028308697663,97.210415515535,83.8380873074958,99.1861069554446
2019-08-29,94.4827746529404,93.1798929257632,96.061012904504,83.5189941454745,97.7874326499318
2019-08-30,94.8380497852813,92.6927629135569,94.6883929811221,85.7219411302488,96.2197741487488
2019-08-31,94.6234142527669,92.2187742499944,95.2930635791502,87.7830595563525,96.1141114047541
2019-09-01,94.2334080259091,91.9299458026429,96.2085027228851,88.2978985755959,95.9699523757476
2019-09-02,94.5571545355575,92.2220351648575,96.8496469577025,88.8521928703551,96.2841764304445
2019-09-03,95.2234530919496,92.9071309811931,96.1409832305524,89.0567908681006,95.9880599012008
2019-09-04,96.1463280458741,93.3545180581227,95.937166967696,89.1404731564727,95.82640994261
2019-09-05,96.9431658541915,93.9122431589275,96.6103253987653,89.3796744337329,96.8413884154903
2019-09-06,97.6963081234466,94.2977833964823,96.8669366232354,89.7519063221898,96.9875485434055
2019-09-07,98.6370755027619,93.8475222644358,96.6138123738121,89.6501674465408,96.589601975966
2019-09-08,99.5151788016955,93.3058621832017,96.3205391253327,89.7570198627072,96.1649786423719
2019-09-09,99.3188814486337,92.2730806778905,95.6685562805542,89.9152217226867,95.1293255080833
2019-09-10,99.1312862589598,91.8180124096621,95.3100661003803,90.196575741179,94.5286037383033
2019-09-11,99.3845032671811,91.6875647155249,95.7246261214988,90.7900130165426,94.7506917784663
2019-09-12,100.164740767073,92.245643076636,96.7708702545406,91.0970921263261,95.3198247737877
2019-09-13,101.970121771538,92.4468401322134,97.1940233087647,91.4792861868282,95.5412717788383
2019-09-14,102.207660405664,92.4239937112302,97.9231890069994,91.4992457156728,96.1607791571592
2019-09-15,101.637909463965,93.0240955530257,98.7486363034521,91.4983040898886,97.4548207818236
2019-09-16,101.358119594657,93.170894845265,99.620863233946,91.3219053605271,98.4570129832699
2019-09-17,101.726629999008,94.0428310297128,100.074722774871,91.0913494067049,100.036831952671
2019-09-18,102.697230070294,95.3815629475089,100.750211634126,90.940008783775,100.755216223863
2019-09-19,103.556882600851,97.2129721826881,101.91229439607,91.5593138163432,101.622338267627
2019-09-20,104.795619744379,98.1315310024225,102.404560093949,91.7114875473971,102.663691796432
2019-09-21,106.01249461377,99.3479475973068,101.288394384448,90.9205865990486,102.245071911886
2019-09-22,107.150819671961,100.131190714004,101.110756691418,92.4118672431603,101.6804218017
2019-09-23,106.931181780677,100.466006262624,100.975769477268,93.4244571360842,101.665492945565
2019-09-24,106.367557137276,100.250877024052,100.703006538881,93.8042846520806,101.946890873388
2019-09-25,105.689685238983,99.9130748745531,99.8077257355857,93.0170249814924,101.263764413773
2019-09-26,105.460837516275,99.8202926428734,99.8731204618402,92.7605238222224,101.330855882027
2019-09-27,105.287174639416,99.5880431048437,99.9369158439847,92.9902186778688,101.619765500805
2019-09-28,105.214563607012,99.1011727174433,99.5173075378744,93.8788756167086,101.218686567524
2019-09-29,104.696349265235,99.4055863362773,99.4549658445656,94.6647823848032,101.126090569625
2019-09-30,104.352729071111,100.125569751907,99.5308500449605,94.9606595606984,100.875258904385
2019-10-01,104.119974825728,100.105653318407,99.7052837547186,94.6154867691321,100.984142487568
2019-10-02,103.822048905132,100.335499444126,100.952262170661,94.0822199325453,101.782741017649
2019-10-03,103.803887969106,100.639823833654,101.860700416484,93.5786182017161,102.467146561411
2019-10-04,104.220061358112,101.60300364187,102.288366242861,93.0993617783134,103.243613055615
2019-10-05,104.229426364554,101.991483622285,102.308088921579,92.6200244402105,103.188573487436
2019-10-06,104.07686897802,101.961859651884,101.916254585309,91.9915976884149,103.038298162683
2019-10-07,103.749912453864,101.680516713697,101.673640388594,91.3121143329277,102.998701007573
2019-10-08,103.39454042701,101.311858857724,101.541112403699,90.8535511061491,102.727809345781
2019-10-09,103.014238711073,101.004417056613,100.800488116667,90.2412716999882,101.938695261473
2019-10-10,102.638590585599,100.689655190962,100.127668646126,90.2238921277733,101.370564893399
2019-10-11,102.263803106927,100.134370999852,99.5491788195615,90.3862185222426,100.87980412156
2019-10-12,101.921017118963,99.6004589087223,99.2243326678846,90.0548191603387,100.566399947102
2019-10-13,101.628112486396,99.2722879084942,99.0146507567686,90.0623183411115,100.514941653528
2019-10-14,101.416825465603,99.0875329251763,99.9965071508093,90.8680409224256,101.351516004274
2019-10-15,101.486656474611,99.1779667496548,100.413489963967,91.8077966570914,102.054850491577
2019-10-16,102.054692906859,99.0113464388627,100.791565221811,94.260013274484,102.063353332952
2019-10-17,102.71952022669,98.8884319754462,101.823207053876,97.0120753316365,102.092724744219
2019-10-18,103.170109881902,98.8764675232706,102.021417089124,97.5497843624989,102.452040611641
2019-10-19,103.107337876212,98.5999206671025,101.306408193623,97.6915033261014,102.213298252418
2019-10-20,102.789364250266,98.1603790092151,100.661879719746,97.5120466013549,101.617419699008
2019-10-21,102.455891610011,97.7417479161988,100.113798205858,97.1357570814727,101.049690369017
2019-10-22,102.107750926511,97.336164629101,100.017198777461,97.5587876819404,100.670546071115
2019-10-23,101.78647187538,96.9721913512677,99.7567995424422,97.9081371467666,100.277429580207
2019-10-24,101.49145062334,96.6305990181361,99.4039971582809,98.4445315175606,99.9198875347551
2019-10-25,101.223339818304,96.3564594443995,99.4296812023202,99.6808857823486,99.7016664584174
2019-10-26,101.006817202731,96.1315698091367,99.4441948296624,100.398648244819,99.5013544378905
2019-10-27,100.887225429757,96.680919460021,100.69510172537,102.288237792494,99.8744619011567
2019-10-28,100.733468387514,97.2808970379749,102.577990021137,106.543759817054,99.8305187331936
2019-10-29,100.603035332672,97.5702544039319,105.412664573306,107.396380563623,100.406508360064
2019-10-30,100.509438522091,97.682788532664,105.390355002559,105.950578193075,100.858692514649
2019-10-31,100.321364057892,97.2680301419206,104.471058897382,105.087945482529,100.641791218676
2019-11-01,100.150221729936,96.8933901124381,103.874061775835,104.805039841464,100.44677073146
2019-11-02,99.9974516640453,96.6211279650364,103.946092157836,104.371570355213,100.376488742575
2019-11-03,99.855629190496,96.3565270846611,103.645276568395,103.791453373656,100.253653372914
2019-11-04,99.6846978035683,96.0198777140416,102.926840330981,103.274671596157,99.8547972183869
2019-11-05,99.524284119335,95.7242349358572,102.335708319117,102.951418641522,99.5175303721776
2019-11-06,99.3800802109791,95.549155825053,101.818353693195,103.111800715985,99.1979129306041
2019-11-07,99.2446069303248,95.3739905769047,102.060400359246,104.307809270072,98.9274632183733
2019-11-08,99.1214009587894,95.1556719552775,102.134417096925,105.444774305995,98.6612578695153
2019-11-09,98.9958412665141,94.9258161063632,101.77568277669,105.740553829868,98.3919969340018
2019-11-10,98.8613256538231,94.6983811723001,101.239534631105,105.106225520526,98.1161800016597
2019-11-11,98.7542746009115,94.5361288032532,100.753456199007,104.461579501389,97.8481174436438
2019-11-12,98.6381160029465,94.3548751143294,100.317637608399,103.923688792021,97.5968339635309
2019-11-13,98.5132254673042,94.1540873497613,99.9227704697244,103.417108095245,97.3601325204493
2019-11-14,98.394550901816,93.9630127216719,99.5627258392128,102.984645689422,97.144092318704
2019-11-15,98.2820480893415,93.7818475926018,99.2305215197521,102.574254637,96.9447155666104
2019-11-16,98.1754346714535,93.6112576479327,98.947591952882,102.337736597394,96.7482368865312
2019-11-17,98.0726634916007,93.4498513008855,98.7576600321039,102.200538331043,96.5674513802452
2019-11-18,97.9734991935233,93.2976529266769,98.7158400477492,102.368067502969,96.3985275949218
2019-11-19,97.8779628475858,93.1565623546457,98.4274649677528,101.995528814945,96.2296741741126
2019-11-20,97.7862700711746,93.0259309001202,98.164946876095,101.607337069659,96.0731571677536
2019-11-21,97.6988424112699,92.9450662694535,97.926093106132,101.25600182311,95.9757750193272
2019-11-22,97.616746806334,92.8473863625483,97.7103015952551,100.958998117107,95.9424946213749
2019-11-23,97.5360831900694,92.7401886645762,97.5827385644316,100.857756821022,95.8527580895786
2019-11-24,97.457840913203,92.6355008384181,97.4374667824979,100.686156606678,95.7404030122406
2019-11-25,97.3810219832522,92.5312372690723,97.2429699314601,100.399817147245,95.609705159099
2019-11-26,97.3216688152298,92.4375693674117,97.0565545234615,100.118074777153,95.4759487484534
2019-11-27,97.3192007435527,92.5020968534659,96.8749656933301,99.8593050615656,95.3464484332011
2019-11-28,97.2570423620619,92.4803226298654,96.702044440941,99.619139364609,95.2241292049371
2019-11-29,97.1849428307952,92.3576212434965,96.5452798334309,99.3968256042649,95.1031334669477
2019-11-30,97.1145072262007,92.2454388727158,96.3885297017192,99.1861101005131,94.9852930854394
2019-12-01,97.0441834085709,92.1412520357501,96.2351982195079,98.986956642178,94.8715530771574
2019-12-02,96.9758640054415,92.0411603366043,96.0892450761943,98.7995894081157,94.763446299725
2019-12-03,96.9089522597774,91.9417017035852,95.9520271662331,98.6258601096103,94.6617169218881
2019-12-04,96.8453878021602,91.8439424503408,95.8285594438561,98.5113500921548,94.5622312481703
2019-12-05,96.7854174061871,91.7491415362396,95.7081082467385,98.5083283731703,94.4624134611401
2019-12-06,96.7279399128667,91.6585839095974,95.5921916097356,98.6772089560154,94.3671721494598
2019-12-07,96.6723876512931,91.5724915021872,95.4769648819706,98.551585123744,94.2725733333375
2019-12-08,96.6217539421888,91.4907703211744,95.3662981705852,98.4061848692497,94.1825305579703
2019-12-09,96.5695183770439,91.4155230411117,95.2512123351945,98.2651520242973,94.0966563233036
2019-12-10,96.5227230125065,91.3492939752969,95.1457210163366,98.1308372515683,94.0089057537458
2019-12-11,96.4715558321695,91.277624520653,95.0468416971216,97.9998083593286,93.9237079893175
2019-12-12,96.4206552089634,91.2062305992974,94.9425134868922,97.9178946552952,93.8374337227971
2019-12-13,96.373999966059,91.1344872403998,94.8494514779717,97.8327212329956,93.7554395408841
2019-12-14,96.3286551263981,91.065656769784,94.7595744651261,97.714715722737,93.6761837150673
2019-12-15,96.2833793875135,90.9992644573941,94.6730020284165,97.6000427046411,93.6022927647072
2019-12-16,96.2383136953259,90.9343693356018,94.593849823499,97.4892056025074,93.5327297134762
2019-12-17,96.192599787001,90.8667133786519,94.5159106125167,97.3799155576427,93.459402568372
2019-12-18,96.1469049022136,90.7972804692291,94.4381683155578,97.2781664611247,93.3848971196996
2019-12-19,96.1021055048195,90.7261227138481,94.3550473178603,97.1733499291579,93.3092892850451
2019-12-20,96.0589180720105,90.6554265486071,94.2674797714525,97.0723974847156,93.2318411734995
2019-12-21,96.0165847423252,90.5865525899238,94.1818557146402,97.0110146508584,93.1559730920266
2019-12-22,95.9753812726333,90.5200299808134,94.1023074872905,96.9262068753831,93.0836375305102
2019-12-23,95.9355587149049,90.456228974529,94.025482447054,96.8334315478302,93.0182402127178
2019-12-24,95.8970986145877,90.3999463650595,93.9554124947232,96.7422777270586,92.9663493541022
2019-12-25,95.8589798877423,90.3440875285528,93.8899615068851,96.6489411058335,92.9106980870342
2019-12-26,95.8210960851987,90.2903585731865,93.8199109696411,96.5560914016254,92.8564235749385
2019-12-27,95.7832984854311,90.2336720585136,93.7461495938238,96.4647300823579,92.80351480697
2019-12-28,95.7468059450733,90.1752029385551,93.6755632860218,96.3765095934027,92.7472259421012
2019-12-29,95.7125888660546,90.1189220860148,93.6093838142896,96.2905677188408,92.6938075611809
2019-12-30,95.6787578997581,90.0671992887458,93.5453630232439,96.2118337135736,92.6415684003875
2019-12-31,95.6478042481336,90.0244448379906,93.4838774946588,96.1336653031125,92.6002563656599
2020-01-01,95.6196088270034,89.9819952583021,93.4346156414042,96.0641711438782,92.5583441287732
2020-01-02,95.5929240975414,89.9352854058987,93.4068584481089,96.0236964066484,92.5143602310954
2020-01-03,95.5677626244331,89.8868204858603,93.3671988739856,95.9686431145777,92.4681649686305
2020-01-04,95.5430632049425,89.8405634152799,93.3053146151097,95.8896599372408,92.4113335101863
2020-01-05,95.5200229215987,89.7926036868316,93.2451522924614,95.8103904579485,92.3531208221234
2020-01-06,95.4998440132032,89.7449616471918,93.1902619616268,95.7356385669181,92.2969797137086
2020-01-07,95.4772667946663,89.6957434100358,93.1283558033986,95.6610771179399,92.2384192248863
2020-01-08,95.4574923963389,89.6486719974504,93.0779964180801,95.5919638432019,92.1856191075343
2020-01-09,95.4376664645453,89.6036831107397,93.0314050562322,95.5242946235056,92.1329213448995
2020-01-10,95.4165916026163,89.5608707919563,92.9769936280106,95.4521936243216,92.0774913163635
2020-01-11,95.3922092346483,89.5171598466188,92.921604421032,95.3804079718426,92.021560535502
2020-01-12,95.3693602360519,89.4745374638952,92.8674641119237,95.3162434555033,91.9676133074459
2020-01-13,95.3477081373935,89.4327882751609,92.8131832726378,95.2512904558243,91.9157279737188
2020-01-14,95.3253000094001,89.3940873206561,92.7607881336326,95.1834114506821,91.8628798071654
2020-01-15,95.3064059460822,89.3577812763255,92.7165230654889,95.1188197346713,91.8158700264853
2020-01-16,95.2883117476711,89.3220360125243,92.673905138261,95.0578811971419,91.7701170382283
2020-01-17,95.2726954323708,89.2867249936021,92.6188579537202,94.9910800836922,91.7208210432237
2020-01-18,95.2588066489754,89.2494817739123,92.5623603197253,94.9268779009499,91.668959243031
2020-01-19,95.2424043228606,89.2134487964147,92.5085998726504,94.8646625563109,91.6210907271367
2020-01-20,95.2226298768768,89.1780146397147,92.4639266835176,94.8054669671015,91.579870577293
2020-01-21,95.2030166702182,89.141502996236,92.4191478058266,94.7489522402625,91.5385419962313
2020-01-22,95.1824216495684,89.1043636107492,92.3756137887851,94.698256855455,91.4998231397816
2020-01-23,95.1601091636915,89.0701656950857,92.341398880976,94.649719830855,91.4684976180937
2020-01-24,95.1379289580368,89.0362777017203,92.3124560323221,94.5994037701545,91.4345531254046
2020-01-25,95.1179500816603,89.0027747616435,92.2838170214761,94.5554638232181,91.4015431836746
2020-01-26,95.0990438774531,88.9681241051111,92.2427600527979,94.5030179933043,91.3689934484144
2020-01-27,95.0804184586839,88.9348940830988,92.2099796616612,94.4488528564886,91.3395904184255
2020-01-28,95.066152285912,88.9023042113645,92.170603154879,94.3936848625462,91.3109908695505
2020-01-29,95.052719537476,88.8710143661753,92.1309287676538,94.3396405403699,91.2845218174995
2020-01-30,95.0360370816903,88.8410695255365,92.0876226619747,94.2857471286648,91.2527826467557
2020-01-31,95.0183906892086,88.8084939224834,92.0377992430363,94.2294884032688,91.210513447572
2020-02-01,94.9973341796864,88.772858526231,91.9878175740031,94.1760545365418,91.1668099805236
2020-02-02,94.9758508415236,88.7364355086588,91.9407353710941,94.1271107442066,91.1230239753232
2020-02-03,94.9548540056297,88.7007843377913,91.8965376626707,94.078266271505,91.0810642484773
2020-02-04,94.9346133930368,88.6668234401681,91.8490924169894,94.0310987601667,91.0404691532064
2020-02-05,94.914936436748,88.6340810964165,91.8055105995078,94.0385734481851,91.0019562646442
2020-02-06,94.8957143066807,88.6044248404099,91.7743045315057,94.0309371688759,90.9699527388399
2020-02-07,94.879908876538,88.577398605981,91.7415907254222,94.0032897063838,90.9402673790498
2020-02-08,94.8654158788456,88.5489445761751,91.7008567554248,94.5006182666395,90.9042945280642
2020-02-09,94.8506862149335,88.5271158515882,91.6784742610969,95.1236072684749,90.874843891822
2020-02-10,94.8375723827213,88.5050696168893,91.6713793758496,95.2365315003297,90.8552827739946
2020-02-11,94.822779351379,88.4772984294803,91.6633932399023,95.1933487727132,90.8303903510333
2020-02-12,94.8064225174915,88.4455288121077,91.6337391576426,95.1363052151582,90.7943529049555
2020-02-13,94.7915687096258,88.4142827429311,91.5939882271496,95.0774491640358,90.7593388201316
2020-02-14,94.7778747649017,88.3824568821306,91.5519177129726,95.0210911588843,90.7206743515349
2020-02-15,94.7670166557694,88.3519378415763,91.512213630354,94.9678795801726,90.6814036259708
2020-02-16,94.7561968776234,88.3214199756067,91.4751590970876,94.9165915400219,90.6440341731736
2020-02-17,94.7433279756497,88.2921169984823,91.4461604107523,94.865099264075,90.6109875832071
2020-02-18,94.729633973725,88.2639520884396,91.4089137861777,94.8113487850666,90.5750101789383
2020-02-19,94.7187756668332,88.2414574500349,91.375074676551,94.7574046203735,90.5507419941977
2020-02-20,94.7101183630073,88.2238517271913,91.3417630190546,94.704325538429,90.5283975187293
2020-02-21,94.6991884536146,88.2057991905891,91.3071300529679,94.6517603571303,90.4980481453171
2020-02-22,94.685302168329,88.1839484981185,91.2749586678596,94.6101195923811,90.4692449242699
2020-02-23,94.6723367609228,88.1593098126061,91.2528674356117,94.5738365193095,90.4401913236032
2020-02-24,94.6638128658666,88.1336928139886,91.2196652207405,94.5322787319411,90.4077425379048
2020-02-25,94.6563735462468,88.1071095441372,91.1857184013442,94.4864284011953,90.3742571179706
2020-02-26,94.6471452586374,88.0811327482727,91.1491798514681,94.8676104716876,90.3410045324706
2020-02-27,94.6351485041389,88.0553859889939,91.1173732415535,95.4010743035797,90.3134432453298
2020-02-28,94.6222656892619,88.0312792754157,91.1124513576205,95.449631124654,90.2937264298322
2020-02-29,94.6115577152518,88.0056503699318,91.0885109528045,95.4344492591753,90.2633025995362
2020-03-01,94.5993020047864,87.9789293607092,91.0563791390369,95.3926987525042,90.2313406208339
2020-03-02,94.5872768968205,87.9532535045259,91.0217977915898,95.3654165296817,90.2005380453776
2020-03-03,94.5763542777145,87.9265742391916,90.9901031131368,95.3400947078283,90.173441434164
2020-03-04,94.5634385061499,87.8994545550994,90.9559027286954,95.3335482375164,90.1428582639034
2020-03-05,94.5511472310858,87.8726675534656,90.9212337217475,95.2959008407985,90.1098176891444
2020-03-06,94.5391607923488,87.8442450509382,90.8912276177373,95.2317041313143,90.0764807330026
2020-03-07,94.5248593439285,87.8162200539268,90.8573457405585,95.1639860462349,90.0421831075869
2020-03-08,94.509584128779,87.7888328840724,90.8207386726425,95.0949576446157,90.0112715511384
2020-03-09,94.4944349348318,87.7632400557845,90.7890059330757,95.0408604572213,89.9821090577993
2020-03-10,94.4793375781096,87.7389445541463,90.7606831971439,95.0748251932379,89.9530349852292
2020-03-11,94.4648366712034,87.7138273387922,90.7434568951119,95.4737202907471,89.9290395987222
2020-03-12,94.4525462477831,87.6926760794952,90.965331327357,96.554029941855,89.9730175758513
2020-03-13,94.4395375058911,87.7177369289842,91.8425196721718,97.9974136279268,90.3766833912349
2020-03-14,94.4293956442257,87.7454073484814,92.8002043888064,100.223347956349,90.782636595493
2020-03-15,94.4260136357322,87.7443109450316,93.278275926501,102.786094357453,90.929901956212
2020-03-16,94.4196705520824,87.7377502508609,93.6121279830991,105.707384254102,90.9723073662135
2020-03-17,94.4154017342902,87.7311972605136,93.7502668413233,106.727166454616,91.0071892851001
2020-03-18,94.4062979208281,87.7149822016677,93.6705173462128,106.910764175822,90.9961543080516
2020-03-19,94.3988006932585,87.6965629501362,93.6066751401175,107.085193408894,90.9648839436579
2020-03-20,94.3968399467098,87.6784221221057,93.5497710547843,107.921273880659,90.9327602113588
2020-03-21,94.3910582886995,87.6684581150654,93.5345456631261,109.293847925376,90.925030561605
2020-03-22,94.3962235604918,87.6926483061798,93.8044549420372,110.85964917752,91.0109529072639
2020-03-23,94.4126785402447,87.7150953479928,93.9973572910667,110.421837468895,91.0847606541228
2020-03-24,94.4106962540195,87.7022419870102,93.8975539127581,109.548284762949,91.0433883432678
2020-03-25,94.4187944254174,87.7049231813062,93.7918201257874,108.877578552289,90.9821032262737
2020-03-26,94.4349695376282,87.7776505425411,93.7025972916896,108.590905595844,90.9268050248874
2020-03-27,94.4231383183127,87.7516873404099,93.6134231964784,108.795242413369,90.8794406731248
2020-03-28,94.4121103741288,87.7259662757228,93.5699843068497,109.256177047735,90.8486536821917
2020-03-29,94.4025165778365,87.7037569413331,93.7611303511338,110.121600912534,90.8762986721746
2020-03-30,94.3910832737256,87.6771809544316,94.6269869969029,111.855759575635,90.9405985901069
2020-03-31,94.3785184283379,87.6516395179428,95.9358106444864,113.966721486884,91.0783342986254
2020-04-01,94.3729985183223,87.6445858963659,97.2942196318721,115.538639201724,91.2411732707915
2020-04-02,94.3808562723869,87.6678279199325,99.122899105846,116.987020569369,91.6573164905533
2020-04-03,94.3987821019126,87.730391488045,101.308567643943,117.756937720957,92.3250408628165
2020-04-04,94.4310019006463,87.849539996749,102.435596228589,117.267680431801,92.9244472726908
2020-04-05,94.4584204244236,87.9820798857189,102.806034051758,117.245014171812,93.4373929707592
2020-04-06,94.4519102020868,88.0380283024977,102.733231238027,117.116417066705,93.7937480988528
2020-04-07,94.50819425328,88.1367172346928,103.868135054877,117.693110947371,94.4829236695366
2020-04-08,94.7606993568271,88.4744406463456,106.073155916223,116.943333693437,95.9818456672741
2020-04-09,95.4422215786892,89.0372847640864,106.552525460319,115.471953330142,96.7949340432135
2020-04-10,96.2018942121025,89.581608438411,106.646943818206,115.181881241316,97.4383013981331
2020-04-11,96.5642890191295,90.0536358071764,107.25103642859,115.477592621417,98.3317343889049
2020-04-12,96.7184884298702,90.2324517306197,108.136749361229,115.553199896528,99.0511793789756
2020-04-13,96.9979831085546,90.502280451341,108.901633316632,115.492745601963,99.7611231854799
2020-04-14,97.5568892274062,91.3941330891073,110.145769046904,115.810810622843,100.893485627039
2020-04-15,98.1003312404829,92.9765534404054,111.617889252186,116.313867556852,102.398016245544
2020-04-16,98.628643539185,96.0285283626094,112.360966795395,115.439184058713,104.104315018738
2020-04-17,99.1025613271126,99.1818136671951,113.417112564281,115.149210960911,106.879179590679
2020-04-18,99.287110993982,101.218071063869,113.609434678728,114.370336506079,108.204720426483
2020-04-19,99.6004656439717,103.281170640396,113.159505431587,113.016995139457,109.182543977148
2020-04-20,99.7060190248813,104.542876165451,112.573975271021,112.06381976244,109.856387169445
2020-04-21,99.841928936684,105.120778621376,112.941126320699,111.584716049794,110.410518811861
2020-04-22,100.125953049167,105.172012452542,114.06900832639,110.435223720667,111.035305533769
2020-04-23,100.746380592421,105.595572554894,115.016714759327,109.507497235751,112.310810002081
2020-04-24,101.505582491985,105.616603648854,114.293553879649,108.992848343407,112.112094081017
2020-04-25,102.772213103556,105.446264399184,113.515715439491,108.249896234026,112.073539688334
2020-04-26,104.345844298418,105.389714218598,112.436666420147,106.749351368316,112.318985807525
2020-04-27,105.085701128623,105.385568105428,111.947010104182,105.183337972142,112.679961719684
2020-04-28,105.769214673638,105.672707959154,111.105452337474,105.209048474399,113.064816050956
2020-04-29,106.361361986754,106.77204462646,110.9987679233,106.580602888173,114.421884822887
2020-04-30,106.478224369427,107.184029562963,111.310528683866,106.668094630763,114.916014262316
2020-05-01,106.437240806988,107.112960452517,110.750774312993,106.671426298496,114.549280306672
2020-05-02,106.267566654244,107.759526845282,110.832962236488,106.238214655335,113.893454198043
2020-05-03,106.300416164396,109.004124459594,111.069106163404,105.206555623622,114.12327309619
2020-05-04,106.591010576889,109.755805445853,109.681250115185,105.118500652967,114.363533832914
2020-05-05,107.311036793027,110.815862082039,108.630180077777,104.607247163465,114.345885436298
2020-05-06,108.244306760488,112.990656672336,108.330196573865,103.157283555365,114.289048848429
2020-05-07,109.313298336788,114.835132544649,108.478279221456,102.16606822909,113.9723967752
2020-05-08,110.33888210452,115.808132567349,107.554976722019,100.390560625925,113.616451277395
2020-05-09,111.453493274585,115.593533432352,106.11987508074,98.1835876158822,112.621999470141
2020-05-10,112.512444334419,115.361642258524,104.377161247129,96.1012790891517,111.357545627435
2020-05-11,113.268827405828,115.037223075079,102.336850766061,94.3468554165965,109.49676587121
2020-05-12,113.880844940207,115.033188464013,100.80065387138,92.7952039533602,108.332461608658
2020-05-13,114.206876015045,113.916658881427,99.9384254667598,91.6154499574325,107.66350109089
2020-05-14,115.019946187714,112.518751398055,99.8303627877013,91.4231870526098,107.123022617989
2020-05-15,116.691518261792,111.685889696588,100.147286554697,91.9890906924428,106.820357176041
2020-05-16,118.873909840415,111.361114723421,100.7788936246,92.1211672548873,107.324356772358
2020-05-17,120.151299801773,110.652256543628,100.814382686558,91.4059994906444,107.232514561633
2020-05-18,120.467976424503,109.317571839064,100.214742594572,91.4657618850088,106.516748871931
2020-05-19,120.387833533482,108.639203529612,99.9227432771251,92.1462217321117,106.20880147663
2020-05-20,119.958896027979,108.425246860888,99.5745468454988,91.7937468724571,105.879081576602
2020-05-21,119.476642531632,108.398029347217,98.9979548054141,92.4136306605481,105.267866404953
2020-05-22,119.071222686476,108.59414311358,98.6474938263797,93.4519397351076,104.869063456831
2020-05-23,118.45231688994,107.921532861815,97.5888852875406,93.0474504146531,103.825637811537
2020-05-24,117.519751434292,106.797843380489,96.5054088023573,91.8769227698124,102.727814502761
2020-05-25,116.413599951594,106.094444043694,95.9300534101625,90.8175202933085,101.890756674529
2020-05-26,115.995590358101,105.611710244921,96.7502329179712,91.4838735041968,101.494478294405
2020-05-27,115.619127097781,105.598157347366,97.526665907175,91.0427112891179,102.023010219095
2020-05-28,114.94457473512,105.133327011288,97.060503977015,89.6320729729307,101.582149500777
2020-05-29,113.811061721743,104.078330144981,97.0373372129105,88.3069191904313,101.273156487302
2020-05-30,112.893579048672,102.731883374591,97.5050204050272,88.0362812836536,100.769396459662
2020-05-31,112.232629690459,102.233475804776,98.9638981197426,88.1549399812812,101.364167968919
2020-06-01,111.673179477111,103.143945149311,100.312273690168,89.1706197448059,103.695583112081
2020-06-02,111.126803118278,103.120375831557,100.180336852245,89.2944546348476,103.556853147398
2020-06-03,110.119695098474,102.229562832604,100.441478798716,89.2699325449926,102.563364965579
2020-06-04,108.970156785219,101.745785071661,101.314536591932,89.0116299107346,101.817395966335
2020-06-05,107.860195261316,100.995593236913,100.985176866545,88.9354715526737,101.511272764615
2020-06-06,106.811653880938,100.090635040049,100.717344070534,88.8097035176897,100.978776943948
2020-06-07,106.204358875159,99.4049416854264,101.210998283825,88.4180550520023,101.441690225274
2020-06-08,105.968668242886,100.106577015285,101.085529841156,88.0337714576316,103.189558755657
2020-06-09,105.692329473454,101.104849362462,99.7028871949832,87.3263600765325,102.895564380787
2020-06-10,105.694403274788,100.314207096657,98.1726138908732,85.8993191004136,101.498310885411
2020-06-11,105.962009875433,99.8059548260453,97.4461432183558,84.5353458481818,100.709389604888
2020-06-12,105.502263708705,98.8432499952455,98.3926661158383,83.6369321513338,100.9717405784
2020-06-13,104.857660768964,97.8944987773098,100.890143879029,83.1774935207024,102.836829997593
2020-06-14,104.553173347134,97.5363897884678,101.408770623834,83.3383410408601,104.027115877622
2020-06-15,104.199866139257,97.6857955303067,101.310705023045,83.5210103557838,104.975794641467
2020-06-16,102.909024971248,97.7626355508976,99.8973470884724,82.884506657881,105.370778278691
2020-06-17,102.259654136216,97.5690825414248,98.3917298170789,81.9091184543379,105.234051359507
2020-06-18,100.970590309332,96.1269390582441,97.0365064297915,81.786267531008,103.43546040712
2020-06-19,99.3799065149589,94.9850620795604,96.5644021478335,82.5204015361144,101.428769525164
2020-06-20,98.0685934032906,95.2280490133193,96.3873636687946,82.7094451292663,100.557758993717
2020-06-21,97.1242317234726,96.1947217673726,96.5252902149636,82.9052137215273,100.53661143884
2020-06-22,96.5115417624858,97.2955597444343,95.5882561859432,82.0386563767654,99.5523596710833
2020-06-23,96.1204921796226,96.9727284128446,94.6447235507796,81.0293032657265,98.3673704736067
2020-06-24,95.418423667505,97.0564924671179,93.8645271865085,80.4997379446956,97.6571315233023
2020-06-25,94.9944285389271,96.9408136855312,93.3462513245225,80.3973738508734,97.0252739975053
2020-06-26,94.6960931015481,96.1503011220837,92.6129284702834,80.3954613166296,96.2233039597694
2020-06-27,93.8629182993933,95.0977030619248,91.5670018328429,81.9921343079004,94.9239804782559
2020-06-28,92.4570075584569,93.7415623656786,91.4319014759393,83.9896349280484,94.5730644465933
2020-06-29,91.4809772352378,93.1555683416713,91.0660855871687,85.1754535208674,94.2880096709065
2020-06-30,90.7747012246047,92.8179531546925,90.6186580332021,85.008099108571,94.0230156867215
2020-07-01,89.6831764945729,91.7897904614238,89.8430295105961,85.3726656488424,93.1268047391369
2020-07-02,90.0128713561566,92.0402963175069,89.8685447741251,86.211770763458,94.78317639952
2020-07-03,91.0074477162848,92.4589448971811,89.0044944863642,86.6597719355708,94.6645010727646
2020-07-04,91.1212648424068,91.2290478314806,88.329539812443,86.7789521220183,94.3507923957923
2020-07-05,91.5838665149365,90.5646990385478,87.7378897156633,87.1808469965887,93.8584193523257
2020-07-06,92.5877824128413,90.2920130954242,86.9675883564624,87.1482187374438,92.8876277070513
2020-07-07,92.9198932827605,90.6612405507962,86.367672991676,86.4823860213983,92.7419800156041
2020-07-08,93.242798892057,91.4056452065806,87.3719780220667,85.4390376904937,93.8768108300242
2020-07-09,94.9835115115788,91.8390068355106,88.8115958609937,84.659588999285,95.3397689722818
2020-07-10,95.6609726239699,92.1036336126847,90.3495296450141,85.461773471975,95.3730299078917
2020-07-11,95.8177412129206,92.5422588389678,90.8849801795531,85.0261299428159,95.8321749604822
2020-07-12,95.3079753313317,93.309918486376,91.0126488427561,84.1519303370971,96.3973683566088
2020-07-13,94.773395223893,93.3502832734296,90.7508055720199,83.153193562959,97.4869600962604
2020-07-14,95.0268130250095,93.9291198551453,89.7471216802299,81.826391306935,97.6615186575201
2020-07-15,95.5850150239048,94.2252449914741,89.8733888594316,80.1375568349808,98.4878303063471
2020-07-16,96.2573451000192,94.5123656958761,90.3150052384992,78.6906064500688,99.8659404905509
2020-07-17,97.2329429579527,94.8333278074102,90.4673356552239,77.8285651132529,100.505301265799
2020-07-18,98.7523183551735,95.1570931719748,89.7363040929735,76.6423457376968,100.047798080226
2020-07-19,99.0674586244373,95.6145024566185,89.1619080180838,75.5620388762203,99.6556483011577
2020-07-20,98.9513343905988,95.7055941266777,88.8084394595624,76.1052512077649,98.6972431347863
2020-07-21,100.226460220722,96.7359518443252,87.8410441722819,76.7677350845688,97.536055951819
2020-07-22,100.108681479299,97.7246873174103,88.1784919817537,76.8769221860048,97.8815056550122
2020-07-23,99.2661000345539,98.3223131024715,89.1448863302166,76.8239917779012,98.7467199225303
2020-07-24,98.3297687234847,98.1559824741661,89.2606960256589,77.6824901510304,98.3024942748409
2020-07-25,98.1703832683659,97.8215862153654,89.1100446279842,78.7550346933922,97.618530404401
2020-07-26,97.9008167091761,96.6199210509394,88.6751961251296,79.3283105714659,96.8694089386243
2020-07-27,97.9049491306471,96.7195180424081,88.618551441905,79.2774129326245,96.6921056658533
2020-07-28,98.4950361602033,97.2748543345593,87.97575067554,79.1646838169775,96.2978411547201
2020-07-29,99.920011591335,97.385763523768,87.3977660120054,79.9887177494572,95.6226537224501
2020-07-30,99.5925791744223,96.3180020084446,87.9451785036802,81.4658049675328,95.4395358255747
2020-07-31,98.3401389604998,95.4517974294177,88.4769983453395,81.5316708179921,95.1510614860583
2020-08-01,97.1170098838514,94.063906707668,89.2407193975377,80.2833636689346,94.7819765259662
2020-08-02,95.8838884317024,93.7774314572526,89.1735223862219,78.6700440501222,94.132648355027
2020-08-03,94.9456951909145,93.3270963002971,87.7438030846937,77.2135742082254,92.8113088044674
2020-08-04,94.1741656551359,94.2383901988059,86.4765691085996,76.0967566042692,92.2676390966376
2020-08-05,93.7576237295464,94.9056112883273,85.1314147027238,74.8240675455423,91.393020432809
2020-08-06,93.0267670059212,94.200563588142,85.5156157024574,74.1425919018853,90.9299065281646
2020-08-07,92.5073608092318,94.1542382828744,86.5229365485643,74.3468859339148,91.0638839495448
2020-08-08,92.6844076253808,95.3361940208766,86.307462664711,74.2053950786065,91.6276742055669
2020-08-09,93.2635937903747,95.491123533614,85.833083990515,74.4444293148326,92.3851751108778
2020-08-10,93.1659773969578,95.6226291351083,85.6090638222449,75.0176844088615,92.7509108676116
2020-08-11,93.4768903642822,96.5381150658664,84.9730277409937,76.1035536727524,93.3199218222886
2020-08-12,94.2045856647329,96.9828724333753,84.7144597218124,77.4069208106095,93.8669315622771
2020-08-13,95.1291191556532,96.8613089333354,85.4441620533482,78.740743813981,94.9221658890187
2020-08-14,95.7322674427957,97.1188615678023,85.8625769400893,79.373030164061,95.3437346707118
2020-08-15,95.5998528013335,96.5361769350238,86.6936554456,79.5703556682524,95.4378929159359
2020-08-16,95.1273723887695,95.6901858915309,87.0701725447944,80.647945940679,95.7502124249765
2020-08-17,94.6461928652861,94.8018514630884,86.4510592751353,81.2961970296772,95.0275629971576
2020-08-18,94.1669326688419,93.5928282259799,85.8877046248917,81.7553185200603,94.0258118445132
2020-08-19,93.4162042444003,93.3770009672464,88.0314692393893,83.2864408769397,95.272914533352
2020-08-20,93.2948990284979,93.495764283629,89.592999443113,84.2152403654593,95.8734598878446
2020-08-21,93.5434790169369,92.7274319086287,89.8119276143564,84.4490335542394,96.1753689689541
2020-08-22,93.2637716806986,92.0826618266975,91.866088749355,85.3553510947783,97.6075244286778
2020-08-23,93.3975052639647,91.6575431104944,93.7019921417326,86.0422795188882,99.3452752687904
2020-08-24,93.3860862952397,91.6367365566477,93.309627962483,86.1065921871018,98.9278901561748
2020-08-25,93.4253086891747,92.1026099111915,93.958184998027,87.5339574058066,99.2019706802292
2020-08-26,93.8119653598192,93.7907707011418,94.667982061074,88.747765746982,99.6553421746771
2020-08-27,94.1206935977172,94.9545705678595,95.8514297973978,88.6226837009712,100.119209185814
2020-08-28,93.7298678501956,95.0695268971004,96.0045387373849,88.1262049676319,100.668142580013
2020-08-29,93.4818483693455,95.3324474733094,96.1046595640146,87.167929398473,101.806427452753
2020-08-30,93.3394703539321,95.6655897975348,96.977291078275,86.3283365926415,103.252658583045
2020-08-31,93.7831157828476,95.7240712953042,98.8049149104244,85.3586511353331,104.10715854319
2020-09-01,94.652157541965,96.8131431871998,100.26953805226,85.5385923290561,104.664309077634
2020-09-02,96.9824295339658,97.486060941981,100.301081142458,86.7136412412797,103.809144271713
2020-09-03,97.8803651392037,97.1901863996906,100.657725491301,88.0982805326248,102.667641665766
2020-09-04,97.9420375824857,97.2866342689004,100.200359013895,88.9878520066215,102.343077530139
2020-09-05,98.5101075131638,97.9077206338334,100.857937035286,89.4226558290578,102.567182104897
2020-09-06,98.8255311821693,97.3593895527775,100.808039712745,89.5449128224123,102.79006418496
2020-09-07,99.5415640870835,97.1784934111216,99.8648687275976,89.8295035032574,101.630046581183
2020-09-08,99.7477422377629,97.5795221141398,99.6536740603175,89.8823070495526,100.930033140533
2020-09-09,99.7766134161773,98.0205424680199,98.9389671078027,89.5100210721759,101.359849100034
2020-09-10,99.7569123124129,98.6242513478191,98.8390656959566,89.0038089515417,101.683778967832
2020-09-11,99.5453792562859,98.9711825484936,99.2347840078314,88.3664552771129,102.535377667106
2020-09-12,99.1103256741778,99.2236051531659,99.6899484093287,87.6212094361156,103.126315552168
2020-09-13,99.0180503915639,98.9571652847239,100.134437071672,86.7346404128441,103.30815766263
2020-09-14,99.0504763639726,98.2618499400677,99.8641313169182,86.0230048212357,102.723100155967
2020-09-15,99.1966168745577,98.0719321810233,98.880088390643,85.9925796670935,101.655757717196
2020-09-16,99.1409554476212,97.8771756879304,98.0559740020354,88.029699206813,100.481343052898
2020-09-17,98.9636638330154,97.1395402743495,98.0604362543716,89.4692395029818,100.123653510179
2020-09-18,99.1253684519294,97.4407814084638,98.6858325991673,90.3925515127967,100.387035214589
2020-09-19,99.5989958207384,97.7558316724981,99.2912727491752,90.685103205902,100.612707578801
2020-09-20,99.597366537558,97.7475119233915,100.033622561006,90.3477081087139,100.942824602311
2020-09-21,99.3090503230989,97.7548044135785,99.981557828093,89.891195370194,100.95856908317
2020-09-22,98.8408633472204,97.0385706014134,99.2455755816673,89.5820092167932,100.567676215205
2020-09-23,98.6371758012284,96.3430677183453,99.382477070206,91.7352842039081,100.357600844746
2020-09-24,98.6577061900531,96.5902868618696,100.077705699681,94.8514404687382,100.869447686487
2020-09-25,98.6499613166101,97.4100198001051,100.968972019051,96.0589864812357,101.501532378172
2020-09-26,99.0335220188538,97.8317251700413,101.662776876373,96.0709188476562,102.045586602138
2020-09-27,99.9950994461082,98.2751797721096,100.902261060361,95.3153968839289,102.26575031044
2020-09-28,101.109297762133,99.0805186940948,100.380098911267,94.6394089413768,102.552557976648
2020-09-29,101.446083395191,99.7934002622355,100.064948557399,95.1732532732436,102.216515457282
2020-09-30,101.214312008486,99.4769480272733,100.261051681238,94.9158696888869,102.112355586028
2020-10-01,101.003939417922,98.9760936510213,99.7993346795666,94.4029886850372,101.593208998114
2020-10-02,100.93250056732,98.7390029875228,99.245377971466,93.8119545252975,101.238616392985
2020-10-03,100.847023566569,98.6701751341759,99.2080419595998,93.2887548797892,101.731039888018
2020-10-04,100.916607987556,98.9999611228789,99.4385606021717,92.9859241715877,101.743574960894
2020-10-05,101.169089653253,99.1750196320055,99.2557271424736,92.9563236898873,101.519181896873
2020-10-06,101.411190698272,99.3346825178577,99.2960706053121,92.8604797113898,101.881188371987
2020-10-07,101.174984394688,99.1750674216996,98.9601295858914,93.2131089037046,101.649458639998
2020-10-08,100.83983091626,98.8897091330877,98.9539612916436,93.3516433204545,101.358092586284
2020-10-09,100.453265528,98.6555860189151,99.1825479527435,93.3565897916575,101.370742377813
2020-10-10,100.115222053307,98.4196669860599,99.3612157812528,93.6378610337808,101.104024304002
2020-10-11,99.9265318221384,98.2205812484316,99.6109733324464,94.9130276464773,101.220587533957
2020-10-12,99.9056630133615,97.9871391058784,99.6491501705432,96.1500434531489,101.523390556179
2020-10-13,99.7596948777054,97.506270022644,99.7032021115375,97.2765133006718,101.367891368408
2020-10-14,99.56370901232,97.2527420415936,101.121866154396,97.2359428891447,101.986261540278
2020-10-15,99.391119493833,96.9883531557366,104.2895651496,98.3094825408907,102.468514358797
2020-10-16,99.2189768476583,96.7859201352539,104.58359644182,97.926086793923,102.431963615486
2020-10-17,99.0011169987415,96.4875111041601,104.235735376072,97.3277001104384,102.192814256082
2020-10-18,98.8584753046264,96.3625284454838,105.030611809855,97.0932173639725,102.721436261261
2020-10-19,98.7703703406827,96.2926478100629,104.399210343384,96.6386503261659,102.646286307359
2020-10-20,98.5818652340127,95.9933473428839,103.596540963433,96.5825975967386,102.058874374992
2020-10-21,98.3904082830034,95.7075867044256,103.768481104055,96.6075285628686,101.702842829066
2020-10-22,98.2379197207925,95.4934285289248,103.991995225213,96.5128069989809,101.550085526423
2020-10-23,98.2080376074511,95.3738619729028,103.717177884609,96.3388882408089,101.422118531856
2020-10-24,98.145691351133,95.2751995557621,103.174351803609,96.0232604419783,101.16604334805
2020-10-25,98.0586135443875,95.2415838685762,102.601013191704,96.2771664009154,100.803807087557
2020-10-26,97.9270476856577,95.1240901321565,101.993172876494,98.6132680019985,100.432713040268
2020-10-27,97.7753023650565,94.9135251280436,101.72303845032,101.22160652766,100.230503552588
2020-10-28,97.6383306998672,94.7141440911053,101.607836040631,101.656794570401,100.000515723805
2020-10-29,97.5176968055275,94.5525142990042,101.640968368536,101.2841823416,100.012436020379
2020-10-30,97.4056442670747,94.4590903487161,101.790141819738,101.377242958276,100.176719583919
2020-10-31,97.3042883244199,94.5246626207462,101.606501646079,101.38799069426,100.220622593921
2020-11-01,97.1781226562351,94.3512935724238,101.216233260712,101.815518093289,99.9375654691577
2020-11-02,97.0560309360585,94.1572739346909,101.260743959597,102.185580731859,99.7404023264196
2020-11-03,96.9425631162822,93.975821196272,101.325106785555,101.897121708045,99.5522227853845
2020-11-04,96.8485049586611,93.9419239247133,101.131087709357,101.491458421619,99.5155422115772
2020-11-05,96.7626736599046,94.0226325842119,101.336965143771,101.390539509784,99.7599592143836
2020-11-06,96.6980883219278,93.9376953191681,101.26758282382,101.645506089883,99.7136225679144
2020-11-07,96.634028701493,93.908931646293,101.49585708863,102.595438331208,99.5429517900163
2020-11-08,96.5493496716836,93.7866883451752,102.133392942646,104.23584725509,99.3985865517564
2020-11-09,96.4673482352883,93.6431964804892,102.980085139446,105.143609385011,99.4947181594989
2020-11-10,96.4384651676313,93.6564790024152,102.601807044641,105.254474961365,99.2833121300582
2020-11-11,96.3776488620134,93.6644064203146,102.052816894528,104.891181399085,99.0084883874802
2020-11-12,96.2814863850213,93.4658812586821,101.557383779314,104.370517098089,98.7596840419377
2020-11-13,96.1990834781092,93.2931855330631,101.131748855983,103.709193272284,98.537202755586
2020-11-14,96.1195025283011,93.1312470035523,100.730322968885,103.090103313954,98.3051833073231
2020-11-15,96.0425409946163,92.9818136433283,100.359047385081,102.555502173058,98.0884191724856
2020-11-16,95.9684137910672,92.8462129176736,100.010204302792,102.077946043037,97.8807869516921
2020-11-17,95.8991207890289,92.7185554150688,99.6847167879796,101.643601680486,97.6849315878384
2020-11-18,95.8295936856645,92.5973360163132,99.3811689983884,101.244998083572,97.4939052909598
2020-11-19,95.7630403017641,92.4837120529944,99.0957787700265,100.878192878347,97.3104777876891
2020-11-20,95.6998661392327,92.3760106314194,98.831145866511,100.543784469488,97.1404827599646
2020-11-21,95.6415264678929,92.2782721911962,98.5734603253237,100.232339080617,96.9784325078712
2020-11-22,95.580501044685,92.1766406862647,98.3273652279661,99.9415675151708,96.8185282359658
2020-11-23,95.5232765727075,92.0785580839313,98.0954973105483,99.6690035044533,96.6637862630758
2020-11-24,95.4816683910995,91.9946994140735,97.8814892338431,99.4160838540384,96.5176378860173
2020-11-25,95.4836247665594,91.9913797946346,97.6804050008752,99.1778195945994,96.3792483576914
2020-11-26,95.4396817005352,91.9422472798474,97.4887994969491,98.9517951965258,96.2488981111915
2020-11-27,95.3811840110787,91.8503658114155,97.3079861155588,98.7435689885037,96.1232228537674
2020-11-28,95.3274563759722,91.7673222112867,97.1357444108106,98.5423792822667,95.9999760289693
2020-11-29,95.2752008945197,91.688373444923,96.9731393167039,98.3506488002539,95.8881053956133
2020-11-30,95.2244742458734,91.6127709852396,96.8156199275264,98.1658569264832,95.7812028612252
2020-12-01,95.1770208934002,91.5374439728295,96.6578218272197,97.9990303618481,95.6683531314155
2020-12-02,95.1309681402601,91.4863753257853,96.5282670459662,97.8341710333787,95.7178899462084
2020-12-03,95.0936714647313,91.5887800920302,96.4464599071491,97.701568321139,96.1035614497366
2020-12-04,95.0587694767034,91.6095576593608,96.3297080849601,97.5832102205486,96.0084105970445
2020-12-05,95.0169779701172,91.5415600634284,96.277937153361,97.5225416464617,95.9398049018236
2020-12-06,94.9748868845353,91.4748710378218,96.2958528003539,97.4496956307569,95.9308318273112
2020-12-07,94.9337592825715,91.4063939131481,96.4504846987477,97.5352424292706,95.9498619300054
2020-12-08,94.8929483439472,91.337596791431,96.7081847992317,97.7100355747057,96.0667113574461
2020-12-09,94.8509141163052,91.2682480519513,96.5374450749642,97.5941187989295,95.9520240247065
2020-12-10,94.8091192547852,91.1975679078209,96.3735646430313,97.429462798408,95.8265545779547
2020-12-11,94.7683085691839,91.1247571832125,96.2182034314941,97.2754950431757,95.6993434503744
2020-12-12,94.7279990491471,91.0546811575431,96.069431298836,97.1281252419722,95.5727688407217
2020-12-13,94.6895526592864,90.9877220429154,95.9331041762752,96.9898448973081,95.4528932292895
2020-12-14,94.6523419612353,90.9189103574738,95.8067941364028,96.8558936946817,95.3391902174562
2020-12-15,94.6172321399646,90.8521703574941,95.6883317700461,96.7266749739491,95.2301562318315
2020-12-16,94.5829385154791,90.7862065405324,95.5691457037654,96.6038993246642,95.1215201725506
2020-12-17,94.5506904642832,90.7206479642439,95.4657655288174,96.4885152932921,95.0178177441091
2020-12-18,94.5192064642596,90.6575864394119,95.3648502938659,96.3758391095833,94.918877988012
2020-12-19,94.4885210069535,90.5961358945526,95.2628145517223,96.2678575478093,94.8255317188924
2020-12-20,94.4577553486423,90.5357846582783,95.1621228550832,96.1657973185066,94.7331746913766
2020-12-21,94.4269474432376,90.4786859774044,95.0718515407721,96.0673959939561,94.6481443142151
2020-12-22,94.4027576125275,90.4321031504686,94.9830977955963,95.9733180855886,94.5638633731366
2020-12-23,94.384856236134,90.3951425645391,94.8921960372428,95.8802211101117,94.4825608451748
2020-12-24,94.3549400879575,90.3509430116691,94.8039293207606,95.7895712861709,94.4108146234761
2020-12-25,94.3270399849238,90.3127565688784,94.7173833734828,95.7001759034615,94.3427195462463
2020-12-26,94.3010058342866,90.2682694118133,94.6329484447223,95.6148766610396,94.2688449440226
2020-12-27,94.2760844133592,90.2231147250782,94.5488981531744,95.5317865332516,94.1954722794279
2020-12-28,94.2520080237856,90.1798646940017,94.4707237579535,95.4531575562863,94.1278800375568
2020-12-29,94.2283759540256,90.1382909965121,94.3964263171877,95.3771505173272,94.0649387160744
2020-12-30,94.2050894205894,90.0979760775335,94.3221850663053,95.3012521801403,93.9983440583542
2020-12-31,94.1839829062533,90.0573117482902,94.2479591690841,95.2271284582897,93.9292164619153
2021-01-01,94.1635335397275,90.0139200114991,94.1747368700137,95.1548314027425,93.8597614993075
2021-01-02,94.1414458407104,89.9692390514981,94.1035879769791,95.0846461573234,93.7886176117433
2021-01-03,94.1184695069058,89.9240316363451,94.0366907780759,95.0217922174104,93.7190078935996
2021-01-04,94.0956313203898,89.8802964146947,93.9701232712697,94.9546668762673,93.6525424657004
2021-01-05,94.0742023185374,89.8403623240614,93.9093091913771,94.8907579540773,93.5893198662131
2021-01-06,94.0543650240173,89.80450705336,93.8543185344376,94.8302164428931,93.5394037852119
2021-01-07,94.0367329480835,89.7762093854764,93.7968666242122,94.7695827860217,93.4924984306828
2021-01-08,94.0197342217112,89.7527849324466,93.7390247480776,94.7109417315828,93.4418646194384
2021-01-09,94.0016598840534,89.7300992235572,93.6854235125186,94.6552389430459,93.3965369745867
2021-01-10,93.9836291678406,89.7088615708893,93.6326966376358,94.600658400453,93.3517305504745
2021-01-11,93.9642698023079,89.6898817929614,93.5792093729219,94.5458070728945,93.308685981538
2021-01-12,93.9448145926398,89.6717765814578,93.5297539876866,94.4932824872583,93.2728868668255
2021-01-13,93.9258509000314,89.6469092773913,93.4801903257985,94.4413393015665,93.2269591776263
2021-01-14,93.9072079292159,89.6165446866238,93.4327672199531,94.3887172428864,93.1767107892464
2021-01-15,93.8887841160729,89.5870682906741,93.3791806403456,94.3345943333176,93.125265737425
2021-01-16,93.8695564036759,89.5542673977212,93.3258295771237,94.282540162754,93.0782468805658
2021-01-17,93.8510403423233,89.5253283032673,93.2723955560539,94.2303292775722,93.0308660545583
2021-01-18,93.8331206837236,89.4961858686368,93.2294757860037,94.1867804792335,92.9907464675397
2021-01-19,93.816746434843,89.4713298089295,93.1875326779228,94.1407849524299,92.9521585245382
2021-01-20,93.7995827488622,89.4421394295099,93.1637433124905,94.1229256296013,92.9077389549231
2021-01-21,93.7834453439492,89.4163752446255,93.1126715066777,94.0777509241171,92.8566527310331
2021-01-22,93.7978270077574,89.5168304601315,93.0613182545355,94.0349307475774,92.8060916332359
2021-01-23,93.8031769671581,89.5682748259901,93.0084104310962,93.9868765793113,92.7533127457772
2021-01-24,93.7861289468652,89.5297189941381,92.9569919791376,93.9378800918881,92.6999122924942
2021-01-25,93.7671176010858,89.4828292408015,92.9048899746167,93.8892869958496,92.6466345506713
2021-01-26,93.7485213688284,89.4370080707165,92.8539199603864,93.8455643784238,92.5941533536381
2021-01-27,93.7305774948534,89.3922194625682,92.8053489156387,93.8091946776682,92.5419544134758
2021-01-28,93.7134126462906,89.3505310700929,92.7600491742433,93.7687019516054,92.4908880433667
2021-01-29,93.6969434339971,89.3099549391924,92.7134893183978,93.7283329029285,92.4424368612815
2021-01-30,93.6809882141392,89.2699518795673,92.6663400044643,93.6893822751009,92.3965551838712
2021-01-31,93.6655649060995,89.2302504097817,92.6213158804284,93.6499794498177,92.3508845723794
2021-02-01,93.6506599032117,89.1924286263257,92.5828330734209,93.6112646483444,92.3071394243181
2021-02-02,93.6365735441411,89.1559578241559,92.5375138654357,93.5707108158639,92.2607666309432
2021-02-03,93.6231816085355,89.1195451239913,92.5048429402991,93.591113458783,92.2185921754015
2021-02-04,93.609859103311,89.0839790369048,92.4756273740981,93.5799001253189,92.1785887280333
2021-02-05,93.5967160788516,89.0500351512624,92.4461801505883,93.6065066667306,92.1382749939257
2021-02-06,93.5841580417259,89.0181160631428,92.413130830067,94.1428032755644,92.0983263186957
2021-02-07,93.5742951801366,88.9889243783783,92.3905414574237,94.5815719403697,92.066064481712
2021-02-08,93.5651914373711,88.9609068625548,92.3546707770536,94.6774779796168,92.0279858917837
2021-02-09,93.5558963870929,88.9314168626979,92.3131484478476,94.774015562308,91.9891854827913
2021-02-10,93.5471401766958,88.9008007790797,92.2738115052585,94.728225765585,91.9476407765354
2021-02-11,93.5386186413445,88.8713849229146,92.2328601747784,94.6815331057892,91.9059923901129
2021-02-12,93.5311310676419,88.8428212161239,92.1898289431856,94.6358535785946,91.8653855996788
2021-02-13,93.5204550355787,88.8151662904629,92.1476165073052,94.591262893638,91.8258677359882
2021-02-14,93.5090978588643,88.7894811576422,92.1058627759031,94.5495173154182,91.7870206377599
2021-02-15,93.4979021834061,88.7639578883963,92.0658994096991,94.517236654932,91.7478459983694
2021-02-16,93.4866876798658,88.7377190389906,92.0348950621669,94.5438358249371,91.7124176509009
2021-02-17,93.4760616628068,88.7119937027006,92.0081784020143,94.5702222089208,91.6804184564046
2021-02-18,93.4658424782194,88.6884576609011,91.9839571263912,94.6234026905665,91.654002059654
2021-02-19,93.4558684635939,88.6652638413684,91.9713805758906,94.8457418425282,91.6386461676197
2021-02-20,93.4464973289844,88.6441951137851,91.9759984261698,94.8764308327288,91.6276417080927
2021-02-21,93.4359366374726,88.6204627859351,91.9509544965203,94.8437916695593,91.5999086084467
2021-02-22,93.4255709394978,88.5958014558653,91.9463495433492,94.946404113813,91.5679040486046
2021-02-23,93.4153930526753,88.5729396044282,91.9136780581995,94.9153835030512,91.5338112357808
2021-02-24,93.4053685800028,88.5506096775885,91.8802981490788,94.9026783487284,91.501585033728
2021-02-25,93.3956442358867,88.5286194495986,91.8594448542481,94.8748846278674,91.4743319106256
2021-02-26,93.3864184132023,88.5059877147652,91.8355872472582,94.8322158489563,91.4435306461245
2021-02-27,93.3768756417965,88.4828848399191,91.8002808663141,94.789000633836,91.4096298813436
2021-02-28,93.3674788864736,88.459475722765,91.7661553972781,94.7475559214035,91.37571154196
2021-03-01,93.357825212048,88.4358902741647,91.7317007458247,94.7727326632113,91.342757240774
2021-03-02,93.3482215242568,88.4137001238165,91.708264321154,94.8382334075699,91.3137264474939
2021-03-03,93.3388310150204,88.3933364521744,91.6948196178943,94.8178055181473,91.291204753084
2021-03-04,93.3298188919969,88.3729983091322,91.673241420721,94.8111757024019,91.2660353360374
2021-03-05,93.3216145849791,88.3546782876399,91.6522302347498,94.8513943816055,91.2414345993942
2021-03-06,93.3156027320273,88.3409147715992,91.6736652361117,94.9714736654341,91.2298314490021
2021-03-07,93.3120800670093,88.3275556499779,91.7212351977352,95.0073497002689,91.2464665041489
2021-03-08,93.3087325457608,88.3123901442799,91.7165288260642,95.0479142232867,91.2275163488096
2021-03-09,93.3069551226108,88.2971223702312,91.7064539063992,95.0468371966736,91.2103176556954
2021-03-10,93.3034919603908,88.2809013178764,91.6960176665687,95.177178122067,91.1947455928302
2021-03-11,93.3020164223443,88.2665036934204,91.6851292149156,95.2732204245199,91.1817593725367
2021-03-12,93.3034904657375,88.2574396124186,91.6775103388596,95.2559884334557,91.172784402133
2021-03-13,93.312166794227,88.2572501620452,91.6756988002569,95.2718694927562,91.1665201547373
2021-03-14,93.3094746115483,88.2425256909318,91.6641751396721,95.3894006335101,91.1401264276331
2021-03-15,93.3022157696958,88.2221896664285,91.7030765413317,95.4981015854078,91.1154974568416
2021-03-16,93.2976137057679,88.2039941868132,91.678407267054,95.4311263566714,91.0898075810607
2021-03-17,93.2913841448774,88.1856447059933,91.6619544155964,95.4213017349352,91.0675941124301
2021-03-18,93.2852986128704,88.1689802321959,91.7460002622215,95.556613020802,91.0879000593013
2021-03-19,93.2794682618469,88.1561717329032,91.9933430851679,95.8130067579851,91.3198866215511
2021-03-20,93.27311005884,88.20696928674,92.2363146446464,96.1624128471467,91.8922526729062
2021-03-21,93.267391754138,88.1960947564861,92.2760639135664,96.5207534432943,91.9418865577909
2021-03-22,93.2681810495877,88.1891795264464,92.3104318792005,96.927477451019,91.9549843635546
2021-03-23,93.2697315072848,88.1872718999998,92.367713617764,97.4059396522353,91.9740345089801
2021-03-24,93.2796994212808,88.1953559939828,92.4056657169902,97.652877628893,91.9943528144604
2021-03-25,93.2807044249914,88.1939125827417,92.3930310419139,97.6362227931148,91.9800394965811
2021-03-26,93.279249360896,88.1863885204272,92.4108470168677,97.9046798732588,91.9673073275901
2021-03-27,93.273388782795,88.1714295759085,92.4103821384383,98.6197653543924,91.9399909606669
2021-03-28,93.2709131938602,88.1583629039448,92.5099557782814,99.8656956385237,91.9402739896664
2021-03-29,93.2770642067618,88.160270793894,92.7461381099233,100.498920810776,91.9870322698271
2021-03-30,93.2882097397983,88.1726811359329,92.849012777482,100.413917152271,92.0518636474427
2021-03-31,93.2887610741279,88.1681930952275,92.8364492362587,100.40095597306,92.0532824634408
2021-04-01,93.2814595737663,88.1496180793468,92.9412597920374,100.667647115259,92.0424729938487
2021-04-02,93.2750278507146,88.1332294264569,93.3595966686837,101.995154815566,92.2090277858159
2021-04-03,93.2688364842602,88.1206542533136,93.7863441980223,104.262404935406,92.2503299288118
2021-04-04,93.2695621301126,88.1255481057234,94.7497005948522,107.148463712645,92.4739038828145
2021-04-05,93.2735444391345,88.1630199393241,96.3892429075941,111.133727771565,93.0155629250607
2021-04-06,93.2845730376527,88.2399042909672,99.222848971463,115.277002605988,93.9213604214358
2021-04-07,93.3777984827732,88.4845488059679,102.286506757725,117.892899428521,95.1425609847571
2021-04-08,93.5845100814826,88.8914453556268,103.74474561964,119.437231849561,96.2064468847333
2021-04-09,93.6790340755915,89.177635971591,104.346902113773,119.860563035215,96.8783588654754
2021-04-10,93.6997385849038,89.5858085511641,105.261897299461,120.128282304523,97.8549566694615
2021-04-11,93.6943064394802,89.7685816876127,106.465752068526,119.976113630586,98.7581686702844
2021-04-12,93.6837219020193,89.9106436797599,106.985544723746,119.912272823867,99.4216816372214
2021-04-13,93.6909514321477,90.0940536199653,106.616089995758,119.27270887818,99.5574017522272
2021-04-14,93.7088533312712,90.5480494980583,106.979111347012,118.402463038414,100.397641026522
2021-04-15,93.7432431675943,91.4798299453405,107.952975026739,117.889801041961,101.933343180808
2021-04-16,93.8417039189833,92.8124928266506,108.704510641791,117.30124843274,103.49427309159
2021-04-17,93.9952189227733,94.1846328736547,109.071445053245,115.25184768904,105.170411840963
2021-04-18,94.1519399283582,95.317096858539,108.338405469584,113.660286755773,105.351384814692
2021-04-19,94.3438292877935,96.8889322324664,107.355448910507,112.48829562318,105.074227367416
2021-04-20,94.6087939360935,98.7992444229881,106.727081021738,111.312211618583,105.238544878639
2021-04-21,94.8100445337897,99.6054746338622,106.602975815145,110.228981767154,105.980086967442
2021-04-22,94.9299782177506,99.5700179835876,106.25517025364,109.239931812641,105.69595859291
2021-04-23,94.98990903735,100.159335285647,106.017771930237,108.5942797783,105.283377916064
2021-04-24,95.2411507817389,100.84567673923,106.456066049817,108.22100112336,105.221077442177
2021-04-25,95.9177361304768,101.736674164525,108.104636915329,108.018430076367,105.760453499
2021-04-26,96.6698070439478,102.715610164961,109.07910558777,108.181906729937,106.116000056012
2021-04-27,97.2855418920835,102.771227282272,109.631047357529,108.822976490226,106.230256086843
2021-04-28,97.6774183978002,102.310228724373,110.743183377221,109.065279542859,106.608749169031
2021-04-29,97.9899641102656,102.383162088079,112.215885044226,108.334846010657,107.317977680782
2021-04-30,98.8251408382994,102.917751053963,113.982070780227,107.809496476677,108.653550504163
2021-05-01,100.398092265284,103.846878576007,115.391247804718,106.871531037165,110.927535809689
2021-05-02,102.899042699883,105.071516677993,116.158711510976,105.782843941351,112.124560304792
2021-05-03,105.807437888827,106.479470738108,116.426504646169,104.998506345428,112.545304434437
2021-05-04,108.64815967972,107.951139428843,116.277586077079,104.011993129791,112.722306951091
2021-05-05,111.07603603491,109.683510695735,115.59343321224,102.39796317535,113.571778399921
2021-05-06,112.590820493239,111.123939873189,115.856635855239,101.005086520671,114.637794896684
2021-05-07,113.821815383962,112.516806121987,115.812954195651,99.4134557562685,115.76794384548
2021-05-08,115.333325132898,114.457293332884,115.437156973418,98.2731588027686,116.787698287345
2021-05-09,116.851266927253,115.804679926899,114.557904973942,97.7842481846983,117.387989936821
2021-05-10,117.660416940018,116.974612922195,113.537324028077,97.439879573997,117.76967461116
2021-05-11,118.134456820027,116.923189028829,112.492787249655,95.9917297297083,117.683268837439
2021-05-12,118.670478860297,116.244155226358,111.144478520344,94.4376154746334,116.71318545681
2021-05-13,119.242069150091,116.062007327636,110.320039588113,93.1681936447223,116.382545432713
2021-05-14,119.862506566597,115.274035719354,109.461541857154,92.1023145218297,115.873948089861
2021-05-15,120.281947579905,114.280516735456,108.957639711928,90.9504686855828,115.55634807771
2021-05-16,120.471396552811,113.583347776633,109.123755675009,90.545666318407,114.888044392068
2021-05-17,120.418377619659,112.929967628908,109.032988410519,89.9726733180873,114.587339852263
2021-05-18,119.715815432962,111.993548531638,108.359877877147,90.5450646032017,113.749185773124
2021-05-19,119.046111788089,111.045059837742,106.974815138089,90.6378279807558,112.656734365434
2021-05-20,118.800030256907,110.577133470994,105.960351539082,89.863302415709,112.274788515162
2021-05-21,119.041651391554,110.073580237818,105.369673346142,88.9702251573274,111.785146574164
2021-05-22,119.215139846443,110.568295198591,105.226088237083,88.0054532541369,111.671070419706
2021-05-23,119.626055978309,111.14679423161,105.263463645456,86.8355691422802,112.372318377057
2021-05-24,119.97529575418,110.715895268797,106.078437080163,86.1171703883725,112.515000787117
2021-05-25,119.581785920843,109.101564412143,106.719574761454,85.1555963763077,112.150563189614
2021-05-26,119.031844898938,107.791139725313,106.958223149479,84.7944460806291,111.033384075498
2021-05-27,118.390904326863,107.080336993809,108.649513518643,84.9845147648132,111.211684463462
2021-05-28,117.568103196348,107.166698553657,108.992847072514,85.1566802166372,111.414453750672
2021-05-29,116.632190147506,106.595977312924,108.161990671507,84.6870912251588,110.683271998061
2021-05-30,115.628333714745,105.862876732886,107.449787078582,83.4418983604761,109.847675337313
2021-05-31,114.648756706659,105.007851122243,106.732475048549,82.5866479294695,109.318836905018
2021-06-01,113.666463005811,104.302166309843,106.114355630044,81.6807205992976,109.233665919088
2021-06-02,112.380751426258,104.449284157624,104.641046954133,80.5356306014435,107.646378078631
2021-06-03,110.891671651672,104.050128634234,102.522868050004,79.7119486038615,106.107972433986
2021-06-04,109.407261702192,104.127932735141,100.842691938435,80.2388339032866,104.864597982912
2021-06-05,108.362712250751,103.308448053983,100.289247081805,81.5909883253433,104.073710316266
2021-06-06,107.066164619758,102.833567427262,100.922333255602,80.9070913078588,104.874593124876
2021-06-07,106.339997022907,101.834213025001,102.057319997016,80.7205102337011,104.683968198159
2021-06-08,105.886331345206,100.910097472791,103.421525202942,80.1868901688532,103.990483442365
2021-06-09,105.906820738533,99.8282488743128,102.243738076005,79.3200135207449,102.82606476681
2021-06-10,105.637956091682,98.6299482619379,100.949964029192,79.0053111186225,101.531237651564
2021-06-11,104.780113482638,98.2399837889704,100.172637201937,78.5415563684438,102.02685112328
2021-06-12,104.818708819544,100.040323463921,98.820538677717,77.6097680002122,103.009347307996
2021-06-13,105.0305480954,100.277111069061,98.1973936311761,77.0393025731606,102.130900445515
2021-06-14,104.728218528405,99.2920757262402,97.6092784288718,76.4747604814001,100.633530500765
2021-06-15,103.835039970372,97.7707678054654,97.4478548317932,75.8116788873803,100.114072676881
2021-06-16,103.085441125778,96.8073180813916,98.2507484304067,76.1642857136561,102.906731020745
2021-06-17,102.297021032248,96.6276851972576,98.0065546901336,76.5073854852975,104.789573367984
2021-06-18,101.22371717949,95.255272866987,97.7604067874911,77.1909216003397,103.313032054736
2021-06-19,99.4791594612919,93.6014533597233,97.4205862506075,77.7637463674655,101.742201875729
2021-06-20,97.881614188991,93.3878037868311,97.5286010043123,79.4085867688285,101.391767519154
2021-06-21,96.804766773315,92.7639310059959,97.5658683663778,81.5221861599192,100.227624852375
2021-06-22,96.4325634674947,93.4527480114283,96.5318096963372,82.2054152152201,99.883766626631
2021-06-23,95.3297387179995,92.540513126491,95.640617925988,83.5532678151613,98.8866219077459
2021-06-24,94.3943675090502,90.8351533670446,95.7925546271502,85.1807830525496,98.21600549343
2021-06-25,94.0626428850386,90.07021785023,94.9657537090673,85.4585225014053,98.0918902821877
2021-06-26,93.4116216611867,89.0174968323649,94.8096543917207,85.3550610409178,97.2296081156246
2021-06-27,93.2296127535427,88.2111387042168,93.4948806425402,84.484267727237,96.0900892284903
2021-06-28,93.2742370103574,87.4193442699233,92.6085708775159,83.3577857816821,95.2265867871912
2021-06-29,93.1656283473303,86.89111166122,93.6785254350803,82.0788873370975,94.7232756782937
2021-06-30,93.1437527679603,87.3006652412052,93.6740021246285,81.0441801070478,94.4634654504087
2021-07-01,92.5764317063873,87.9807576996404,93.3095601782465,79.7521843013406,95.2959674633082
2021-07-02,91.4559384766998,87.0873471173853,94.4012897843887,78.7286803151781,98.1577044427005
2021-07-03,90.2593376025531,86.312849267885,93.9350422664859,78.4618913647507,99.403397254454
2021-07-04,89.5908188201061,85.6787986211863,94.090098833102,78.5364035161475,98.8852145331143
2021-07-05,88.8078590232412,84.7855259904418,94.9623716433523,78.3173839210806,97.8113829131389
2021-07-06,88.5861059462752,84.5782292655766,93.7736058708705,77.7795701202432,96.4945068369121
2021-07-07,88.8718474339,84.3112878534112,92.1362772323866,77.8678946587149,94.3972601518146
2021-07-08,89.7541249560392,84.1971103183718,91.0541297725408,76.7266927262431,93.012967823801
2021-07-09,90.3750793863719,83.816200026779,89.7891608116169,75.6711908419076,91.4531986193938
2021-07-10,90.6567314392074,83.9431568838939,88.5923373484987,75.8186046879879,90.6791074073628
2021-07-11,90.9590073389604,83.0587720819318,88.5982946423943,76.8432907493117,91.4288903551664
2021-07-12,90.8599529937072,82.5306228723505,87.8643892839712,78.0136474284255,91.0122005823439
2021-07-13,91.0744121454692,81.5205239159944,87.0735691031172,79.4063700410655,90.1700011328933
2021-07-14,90.7771276043774,80.2743717163728,86.8058800369958,81.6823108978953,89.2388105673769
2021-07-15,90.2937794484007,81.4319288137669,86.2329672660501,83.1309418925919,88.3677845854084
2021-07-16,90.0935382471587,82.1293324315518,85.9833704428259,83.1002351455799,88.6194001397868
2021-07-17,89.9289032393862,81.3122600012107,87.1108930170685,83.6938839290929,88.65052243082
2021-07-18,90.571128576612,80.3665340922067,88.1509816688717,83.9624411503494,89.1037336678997
2021-07-19,90.064517314461,79.5883211783697,89.5411135650059,84.0111211594776,89.1279310474661
2021-07-20,89.5330721080671,79.0388767341074,88.8960271937402,82.9412865861685,88.2881105640628
2021-07-21,89.679081944523,79.0167575292068,90.4044751887438,81.90973825765,88.5762240535537
2021-07-22,90.28194971427,79.1451902885747,90.7598243658876,81.0459874495868,89.4980160071577
2021-07-23,92.1512535714538,81.6896326349024,91.4787032008846,79.962562095186,92.4316925271914
2021-07-24,93.4425405013625,83.5183224114509,90.1128286825835,79.6695633977655,92.3210012411971
2021-07-25,94.1409880358465,83.5108729311513,88.9898438324674,79.7235491079552,91.9521701102166
2021-07-26,93.8660501231589,82.7825274712889,88.5153304531324,79.8848922060308,90.7885361589611
2021-07-27,92.435744310017,83.0479313148132,88.4411045223432,79.8507626729067,90.5276342708901
2021-07-28,92.0532170221714,84.9020195723353,88.540883019623,79.460165397783,90.7253703957606
2021-07-29,92.0853955889996,85.5692228223562,88.759864792891,79.2712881092014,90.1405630555893
2021-07-30,91.3534507284834,85.6982739906569,88.4563056525214,78.6172609178355,89.6284242985966
2021-07-31,90.4399926464827,84.9485361743068,88.1649689166817,78.3720266249296,88.4849724191335
2021-08-01,90.3988933647762,84.3138222574646,87.7030974326805,77.778990062836,87.7280810865883
2021-08-02,90.0569498963798,83.652055148715,88.2619478738277,77.627138615553,87.5339798566166
2021-08-03,89.1036248512765,82.5598953352177,88.7031434484177,77.4543292192731,87.6571662818166
2021-08-04,88.7872686200771,82.8697701019011,87.900494485871,77.2259550987323,87.4409599609803
2021-08-05,88.5129957233374,82.4217537927918,87.0300623852042,77.4831587490137,87.414464468518
2021-08-06,88.332971956255,82.6037152284788,87.5293291512817,78.4661576953512,88.5875762305001
2021-08-07,88.1193550687139,84.0366734188047,88.8010491248174,79.3408046211218,91.7439880762902
2021-08-08,88.0513120831227,85.1036883738771,88.466990967224,80.1275158657099,93.1007444398426
2021-08-09,87.623121724146,87.078522069119,87.770299984432,80.9542666045238,92.4273265009058
2021-08-10,87.4094152859351,89.5919908573315,86.6128278890213,82.4260512264692,91.7443304159764
2021-08-11,86.6955663060116,89.6958719279755,85.439849857045,84.5151883955826,91.1796758904222
2021-08-12,85.9862099433214,89.1008036367408,84.9313670906228,85.4985783407435,90.1694215305207
2021-08-13,85.7573186402591,89.41776350685,84.9621090599903,85.5257470072184,89.8555752310795
2021-08-14,86.7160936794769,90.9037328563848,84.7509655291035,85.1096056808294,89.6122068044928
2021-08-15,88.0685562700458,91.7390211871979,84.8961408523229,83.9958242161384,89.535341273083
2021-08-16,89.5662291006101,93.6281218177471,85.948159943584,82.8216631693179,92.9823826496423
2021-08-17,91.9437217712209,95.2047262887855,85.8549675377912,81.5213559390253,93.7241568076455
2021-08-18,93.4905034176947,94.5851151812395,86.456078248581,80.5039287364472,94.2689496111084
2021-08-19,94.4784604295833,94.5136606087859,86.2723118912816,79.7560136910592,94.0818217049625
2021-08-20,95.017431351937,95.7317588510121,86.7314237514748,79.6351545006785,94.1362107785548
2021-08-21,96.0503562735492,97.0469174227549,87.7652423374453,79.3612499326536,94.2893566109463
2021-08-22,96.3887861873805,96.9688318699879,89.0627947419468,78.5643287094901,95.0878249351285
2021-08-23,96.8371686843324,96.0879883574157,90.0966994242522,78.4067261887768,94.5168046470095
2021-08-24,97.1130678346094,95.6830999600844,89.0161174648753,77.4893348023591,93.1226503435249
2021-08-25,97.8177513407303,95.621759421565,88.5862067683823,76.4108658317678,92.1224004768005
2021-08-26,98.3822500510382,95.5020699340435,87.9532651664567,75.5524746945066,91.5707949649333
2021-08-27,99.2882912431916,95.1431140916633,87.3245773701641,75.0807851117346,91.5004112849112
2021-08-28,99.0872463588286,94.2558590562491,86.8661242572647,75.4682118138065,90.7731946691364
2021-08-29,98.7852379288375,94.2134307530524,86.2494536170978,75.9344842123744,91.1965806724642
2021-08-30,98.0925745375119,94.981720056949,86.1335770287545,76.9393146869581,91.2761486825296
2021-08-31,98.2861659985219,94.9789307130512,87.0797514474273,77.551537817924,91.8309316420965
2021-09-01,98.6772035054304,94.4965317665931,88.0412625308499,78.4830329526985,92.759445681252
2021-09-02,98.5898926423591,94.2305589516714,88.6237937355439,78.3993431577597,93.5957975294634
2021-09-03,99.1651770981974,94.509070608889,89.1155696574622,77.5320821631066,94.0092139776364
2021-09-04,100.097913185169,95.5259247760498,88.7366618889163,76.5423825108279,94.2775562705658
2021-09-05,100.387308647747,96.0433894938456,87.8623243841402,75.6424477540967,93.7138939702499
2021-09-06,100.058294915264,96.5688621097515,87.0466040986114,74.8057032001222,93.475727198749
2021-09-07,100.311256362447,96.7824850020999,86.4390715390409,74.5302989966664,93.1552731714222
2021-09-08,99.6887020208467,96.1091849868597,86.1233394050362,75.0429946619703,92.7405630798875
2021-09-09,99.1845342423511,96.2302079908132,87.4616419226823,77.2306829564934,93.7822538575476
2021-09-10,98.7888814253752,96.2432356295412,90.0844200445497,78.4362057600526,95.3968466876314
2021-09-11,98.3187246176303,96.1513153784449,91.5420276033269,79.9139073186393,96.0897222053739
2021-09-12,98.2169302508791,96.4485392484396,93.1581358118886,81.7898927750814,97.1602149602445
2021-09-13,98.2077438281189,96.5054149567253,94.3475812944828,82.1181591003422,98.1202416667271
2021-09-14,98.5345477997524,96.5367913047568,94.8807858126749,82.2473826796198,98.3621781399993
2021-09-15,99.5576086779202,96.956615066986,95.6711596339005,83.0203264910514,98.5725391307782
2021-09-16,100.345352493976,97.6242123794682,97.7988253944768,83.3493799590262,99.6198068742619
2021-09-17,100.851681872841,97.0680716923752,98.9806944767518,83.6238056374418,99.8460076481323
2021-09-18,101.317934536014,96.9886881258661,98.9170666249781,84.1182200721827,100.726315132831
2021-09-19,101.583533586049,96.818314689592,98.7727488112212,84.721646126451,100.633027070727
2021-09-20,101.624717925778,96.7612014275939,99.2279808468021,85.3935287137353,100.429300652071
2021-09-21,102.013378906818,96.8367683532146,99.9119491735689,85.6562983056318,101.20209032375
2021-09-22,102.315290236595,97.2487021384051,99.7055300109421,85.8224469794762,101.423017696554
2021-09-23,102.46496861361,97.735075711276,98.8359797195913,85.6501606782251,100.956542853177
2021-09-24,102.407556028195,97.4091341481219,98.5979884648536,85.4301101880272,100.69727423639
2021-09-25,102.501215981547,97.4493614487977,98.704155409907,85.5475003923665,100.95870878569
2021-09-26,102.580579287554,97.1902693998037,98.6066324337353,85.7640599392402,100.600126548637
2021-09-27,102.448857109033,97.1211492453015,98.7865003946946,86.0198421377135,100.52230867824
2021-09-28,102.09302903841,97.1500190526416,98.7815029122999,86.9550108122846,101.090196068163
2021-09-29,101.821978426532,97.4972498736521,98.3505811002649,87.906720351052,101.036357550157
2021-09-30,101.606201168414,97.3360889238356,98.18054865881,88.5215518552281,100.886375534424
2021-10-01,101.257197679736,97.1803044956426,98.6333606892303,89.5412653418683,101.091765096434
2021-10-02,101.002762464966,97.0536827907827,98.7243613202249,89.8967539326561,100.745571092606
2021-10-03,100.819444703165,97.3344311557389,98.5417680028973,90.0123172002198,100.261423858132
2021-10-04,100.558852112348,97.5744377858098,98.1272530498051,90.1648437182152,99.7660778959463
2021-10-05,100.314266895457,97.5070916495922,97.6645025405471,90.3117237861251,99.4112300184485
2021-10-06,100.349540123278,97.6577707027629,97.3592310761619,90.2977774340781,99.3761187879549
2021-10-07,100.472916676952,98.4136545593696,97.4341849215604,90.3842672251414,99.9300117843905
2021-10-08,100.560833389991,98.8417520864743,98.0568000738732,90.9092754992636,100.191379496642
2021-10-09,100.83599180443,98.9972507300405,99.2683094764907,91.3465689765453,100.698440166769
2021-10-10,101.092229597942,99.3883271457552,99.4685346829739,91.4513637893715,100.693285754028
2021-10-11,100.932405748539,99.1206955517552,99.0638626301624,91.9278123819641,100.302638152533
2021-10-12,100.612819000622,98.6164732240498,98.7502972675965,92.2129411649395,99.897250708309
2021-10-13,100.30316900917,98.1388002631508,98.3749925861878,92.034948777394,99.4759630788744
2021-10-14,100.068253519692,97.8406680080658,98.0378214155392,91.8528132804812,99.1410103428577
2021-10-15,99.8895229533625,97.672717258491,97.954709813298,91.5614701330398,99.2069888920273
2021-10-16,99.6773248191403,97.3790975561749,98.1122829392592,91.2974767489573,99.3094177378859
2021-10-17,99.6163908251284,97.2659266152035,98.1937083429193,91.1539220555971,99.2551563678221
2021-10-18,99.598651322239,97.1924148741432,98.0474248070603,90.9117201172241,99.1902117262047
2021-10-19,99.4657045088897,96.9689640471928,98.0442539911198,90.5563916353603,99.2705296143918
2021-10-20,99.4972444177115,96.9122537170572,98.0282060892331,90.2736978058249,99.3420510127376
2021-10-21,99.673545050118,96.9721561575649,98.033406762427,90.2740211968919,99.3098737011802
2021-10-22,99.8425224334452,97.1651552148303,98.3901364856279,90.6826652343604,99.417995616639
2021-10-23,99.8308373413251,97.2558202838369,99.4458384216286,92.2783940198207,99.8677300139639
2021-10-24,99.7221581006074,97.1571717501115,101.322086976831,93.5658825287834,100.389608841972
2021-10-25,99.6899856228438,97.3557972751291,102.368029248855,94.6782654813101,100.609024494198
2021-10-26,99.6085611363065,97.3943626839712,102.960876330138,95.824509013304,101.233227093371
2021-10-27,99.4634975522963,97.3220396861024,102.400849417444,95.4255843791497,100.966993083061
2021-10-28,99.287188424728,97.0428288701098,101.603060636358,94.8582640425038,100.543945405183
2021-10-29,99.0801472252302,96.7836346636074,100.905698660627,94.4536237788917,100.162326627996
2021-10-30,98.8816827186513,96.4425454910118,100.310284609533,94.1544254251681,99.7544246390923
2021-10-31,98.6953290584324,96.104670581344,99.8057656576326,94.4496651477714,99.3662291279727
2021-11-01,98.5237185677536,95.8115937650669,99.367512492914,94.9569440439136,99.0157284484498
2021-11-02,98.358848357517,95.5222740558596,98.9557172775029,95.7565953334245,98.6815492981001
2021-11-03,98.204880996128,95.2582870947359,98.5775137550205,95.6160458935787,98.3649710031834
2021-11-04,98.0635853442176,95.0143521559626,98.309283521956,95.3531008379665,98.0812080235004
2021-11-05,97.9247967112876,94.793084897967,98.1944003497721,95.3032874778785,97.8283114672176
2021-11-06,97.7905747481909,94.6483258162473,98.2269746354152,95.2168855424458,97.9079688644073
2021-11-07,97.6682846687541,94.6967058335146,98.6065912214384,95.2256775937416,98.3022064413995
2021-11-08,97.5434791523822,94.5469557109551,98.531514140853,95.0485448648418,98.2071672696159
2021-11-09,97.4259262520789,94.3216879941869,98.2258049295626,94.9297054242382,97.9302181250859
2021-11-10,97.3140339374551,94.1092516326159,97.9516219169159,95.3552880366973,97.6606954594542
2021-11-11,97.2075308132428,93.9128959229142,97.6674764020088,95.9363128492315,97.4151828493606
2021-11-12,97.1049464369042,93.7289244869209,97.3911902110204,95.8355419219478,97.1853421398535
2021-11-13,97.006390819879,93.5523523536329,97.1342981882659,95.6398691453737,96.9703117536462
2021-11-14,96.9121811901032,93.3870153057864,96.8932569681868,95.4305845532028,96.7755612640508
2021-11-15,96.8220444621106,93.2303091247451,96.6767310367837,95.2564052594007,96.5913715906735
2021-11-16,96.7338736018134,93.0775081453864,96.4539157088608,95.0420294447445,96.4065378984962
2021-11-17,96.6472812768285,92.9308059648699,96.2393228518907,94.8358297930031,96.2295191203654
2021-11-18,96.5633736384696,92.790908913256,96.0378450671578,94.6358634108831,96.0632732451131
2021-11-19,96.4827002641372,92.6575486470271,95.8460356265867,94.4427598217224,95.9028781521887
2021-11-20,96.4029644667658,92.5300514812413,95.6622617887016,94.2556695966126,95.7482811840906
2021-11-21,96.324715909022,92.4080812749458,95.4822439566127,94.0752820574533,95.5984445012731
2021-11-22,96.2488957074902,92.2903159337571,95.3136239757556,93.9614331602192,95.4541161527305
2021-11-23,96.1761819415923,92.1749073432342,95.1512136444279,94.0296141926617,95.3163093130724
2021-11-24,96.1062623912766,92.0655400251479,95.0076352817484,94.1590354562069,95.1888121952869
2021-11-25,96.0398736973154,91.9622016891068,94.876202508473,94.856274912643,95.0794599696308
2021-11-26,95.9795862519344,91.8642440991101,94.7828435617183,95.2183102180292,94.9860898276633
2021-11-27,95.9197297272671,91.7673978744716,94.6546233005032,95.0104682878823,94.8714114896615
2021-11-28,95.8640754992598,91.6766407178569,94.5292315006034,94.8373930893879,94.7622818162288
2021-11-29,95.8066415770846,91.5878323498389,94.4097035843468,94.7747594050319,94.654388323662
2021-11-30,95.7477542244952,91.5019872470763,94.2868169832742,94.6310513688266,94.5509344499457
2021-12-01,95.6912084248359,91.4176198993619,94.2088464580501,94.8961356461486,94.4548346140146
2021-12-02,95.635462258633,91.333477400941,94.2606726664957,95.445599915394,94.3685120231045
2021-12-03,95.5822182050504,91.2540655754318,94.2015135013206,95.7760098716187,94.2772146973366
2021-12-04,95.5340154652091,91.1766725110536,94.0830065574865,95.7065475584491,94.1808606072656
2021-12-05,95.4857378050725,91.1006251403153,93.9636519880963,95.6351594436998,94.0867673897159
2021-12-06,95.4391543547209,91.0285933071353,93.8526560619675,95.4979508396749,93.9980181908526
2021-12-07,95.3954191311836,90.9612118144603,93.7526603690864,95.3384696445806,93.9196728215344
2021-12-08,95.3515162296677,90.8981261082376,93.6533676812351,95.1699786509475,93.8423044054052
2021-12-09,95.310420076986,90.8375062034915,93.5605128887498,95.0042743453537,93.767297200525
2021-12-10,95.2733355538244,90.7793900863676,93.4731750158819,94.8451766092934,93.6967900482979
2021-12-11,95.2318746779756,90.7190759821844,93.385305492063,94.6919617396686,93.6290278653381
2021-12-12,95.1884179758562,90.6561720210387,93.3002137522675,94.5438296973817,93.5572415715833
2021-12-13,95.1459645486122,90.5931934427575,93.2082922593502,94.4026989117589,93.4829425896184
2021-12-14,95.1048996246557,90.5337959065281,93.1151233503157,94.2653654146405,93.4089430285646
2021-12-15,95.0645256003455,90.4747405346342,93.0295483924878,94.133676859853,93.3360545101909
2021-12-16,95.0257803230838,90.4161881117198,92.9519491456679,94.0099205425362,93.263758546937
2021-12-17,94.9880359571524,90.358514722519,92.8752619605966,93.8888391611984,93.1921421839058
2021-12-18,94.9505140867812,90.3033254711767,92.7917912029364,93.7672484629572,93.1208612230793
2021-12-19,94.9170237489722,90.2608221230945,92.7075511874592,93.6517223920136,93.0512641070986
2021-12-20,94.9362137652285,90.5847742403381,92.6273159516667,93.5435070550073,92.9858312830586
2021-12-21,94.9189719368495,90.6989148389139,92.5517537181039,93.4438761134408,92.9237850731056
2021-12-22,94.8822002224134,90.6365759872649,92.4817598209625,93.4577658017619,92.8647251253843
2021-12-23,94.8481384190855,90.5722716097542,92.4095715437413,93.4853350092956,92.8021625806099
2021-12-24,94.8151333579742,90.5082206647356,92.3399020947766,93.43828103644,92.7397206974877
2021-12-25,94.7849751638401,90.4538522175329,92.2702136399377,93.3386153675234,92.6786307562143
2021-12-26,94.7851319046821,90.7058795477916,92.2067243099537,93.2409433388074,92.6205482665131
2021-12-27,94.8215702963406,91.7351121686329,92.1418871328864,93.1441132050904,92.5623974076163
2021-12-28,94.7904534995378,91.5547586582402,92.0856248761267,93.0503445363018,92.5090710739974
2021-12-29,94.7657958318856,91.4610867177665,92.03420469371,92.9618650209159,92.4590237398581
2021-12-30,94.7256957451471,91.2675880003071,91.9831879871862,92.8763090747201,92.4079971070753
2021-12-31,94.689316394459,91.119386205332,91.9350512547621,92.7901483898122,92.3594388573646
2022-01-01,94.6559773501816,90.9937509087112,91.8836949237219,92.7095770696345,92.3088387625217
2022-01-02,94.623906755798,90.8809853506174,91.8309051669845,92.6259000042731,92.2565340189171
2022-01-03,94.5935674411114,90.780493681773,91.7837345527961,92.5449957800198,92.207058178891
2022-01-04,94.5638603731621,90.6901959573869,91.7373870095963,92.4805983416344,92.1587250873709
2022-01-05,94.5370583221015,90.6096060289859,91.69310484397,92.408492095021,92.1137467367742
2022-01-06,94.5129369194732,90.5343159728018,91.6435088883654,92.3324061931915,92.0685106953444
2022-01-07,94.4884759883042,90.4638960072605,91.5995859328026,92.3149523576062,92.0226305707664
2022-01-08,94.4651088273876,90.3975491744619,91.5542934182296,92.7930054628959,91.9775098367106
2022-01-09,94.443062215096,90.3356443263872,91.5147277139431,92.7821937348167,91.936028861884
2022-01-10,94.419760666738,90.2746357899763,91.4763726704862,92.7079264400281,91.8957294835715
2022-01-11,94.3980917966491,90.2176488159295,91.4383859636061,92.6328249768437,91.8592037927095
2022-01-12,94.3775089397738,90.1649553192642,91.3982221836261,92.5622317075465,91.8245785249517
2022-01-13,94.3556560559625,90.1137264464017,91.3552448142469,92.496562360703,91.7883669063774
2022-01-14,94.3338454392972,90.0674132584689,91.3122580973763,92.4370417723668,91.7546186361377
2022-01-15,94.3125862062951,90.0215292155246,91.2709905112615,92.4417920399709,91.7219678786224
2022-01-16,94.290859808189,89.9716598677587,91.2305144594223,92.6447381295348,91.6837696248757
2022-01-17,94.270667111711,89.9236455075725,91.1893115382991,92.8864315238796,91.6445646033333
2022-01-18,94.2515878753652,89.8779019504433,91.1589313111304,92.8326266651229,91.6064711300368
2022-01-19,94.236377619861,89.836185966134,91.1422929547285,92.7687419060722,91.5785311620487
2022-01-20,94.2246963453285,89.7944279064156,91.1292201448394,92.7112541195849,91.5505168055404
2022-01-21,94.2129259883675,89.7533580762244,91.1015097577412,92.6504606358723,91.519385665333
2022-01-22,94.2023497055877,89.7161062852799,91.063091973547,92.6248310675722,91.4896000508471
2022-01-23,94.1920156614111,89.682021131801,91.0343308067202,92.7209452684035,91.4592190207859
2022-01-24,94.1838672675881,89.6605725536239,91.0036235220653,92.7573555089909,91.4250944602781
2022-01-25,94.1774763093879,89.6615402898324,90.965233521992,92.6889655402552,91.3928401331043
2022-01-26,94.1644206770293,89.6288012220806,90.9275323801055,92.6193422938564,91.3586031660598
2022-01-27,94.1500146183907,89.5918950195643,90.8869977782921,92.5503610611487,91.3227091240979
2022-01-28,94.1377501793835,89.552101615968,90.8433202137864,92.4820207772894,91.287231887216
2022-01-29,94.1262191161144,89.5110283558844,90.8048537747907,92.4162708879386,91.2534973817024
2022-01-30,94.1125254598764,89.4698132140759,90.7635557458477,92.3506482575485,91.2170575273065
2022-01-31,94.0980372265291,89.4302822481174,90.7195110907246,92.2856516649229,91.1776913943357
2022-02-01,94.0828480491662,89.3926620218723,90.6765345476605,92.2229680019899,91.1402485777026
2022-02-02,94.0675756021456,89.3560605347873,90.6394708548595,92.16604641386,91.1032770366259
2022-02-03,94.0527681665029,89.3208925638616,90.6109490350622,92.1076187590575,91.0714013891036
2022-02-04,94.0388371766237,89.286559395375,90.5763506011863,92.0457941644325,91.0406120095506
2022-02-05,94.0256054137613,89.2523248618727,90.5413068036389,91.9842004208589,91.0081485283504
2022-02-06,94.0131800382476,89.2214447689618,90.5044672732186,91.9278891044972,90.9831162159316
2022-02-07,93.9979450742227,89.1908389423548,90.481169008296,91.9298328548206,90.9685280898417
2022-02-08,93.9830064825192,89.1562748942482,90.5081700006712,91.9991577228407,90.9520181898817
2022-02-09,93.9683958881273,89.1225740056998,90.4699781000697,91.9851035758367,90.9172725735991
2022-02-10,93.9536881085362,89.0903342564366,90.5916248457432,92.6555179222976,90.9093515597538
2022-02-11,93.939921316924,89.0570649847541,90.5861443033084,92.788750652502,90.8827348330521
2022-02-12,93.9263741532221,89.0245223422781,90.542964907195,92.6766474233295,90.84780883742
2022-02-13,93.9125835407866,88.9925157337024,90.5041577134035,92.5971649399166,90.8154559313071
2022-02-14,93.8988800658228,88.9608825672385,90.4644972291438,92.5019865685345,90.7818092456071
2022-02-15,93.8853355372211,88.9287263673284,90.4223549386182,92.411231130225,90.7466437084213
2022-02-16,93.8717207740856,88.8968075171721,90.3821559921281,92.3289862069828,90.7126194605535
2022-02-17,93.8584984158288,88.8666945220265,90.3454340379133,92.2538364082397,90.6831934742894
2022-02-18,93.8459302134846,88.8377176471974,90.3169652114656,92.2001850862936,90.6582899162561
2022-02-19,93.8338731745878,88.8075246504788,90.2831136074926,92.1313791718649,90.6282666154349
2022-02-20,93.8247134927245,88.779375176186,90.2493771305631,92.0692586987131,90.5969682112672
2022-02-21,93.8175421292322,88.7545879798367,90.2187448441852,92.0032132175234,90.5686515259049
2022-02-22,93.8118027888859,88.7291307400205,90.1879148224539,91.9566489827081,90.5400934022866
2022-02-23,93.814132543288,88.7075912992582,90.1567468454772,91.9147833447796,90.5113493522988
2022-02-24,93.8144619057962,88.7194065863058,90.1281384949813,91.8872842154949,90.4858537182102
2022-02-25,93.8181793536731,88.7522454473303,90.0951866443697,91.8870215930552,90.4606573690638
2022-02-26,93.8134382153327,88.7448426943233,90.0648397487054,91.8647259677296,90.433822386522
2022-02-27,93.8033527420114,88.7253276024613,90.0307544480784,91.8193289506459,90.404053486909
2022-02-28,93.7929296017184,88.6959889714125,89.996082858798,91.7900571838877,90.3756467998842
2022-03-01,93.7819217421781,88.6668630539523,89.9615056819901,91.7698009590732,90.3470494406385
2022-03-02,93.7724042496357,88.6397005110606,89.9324118296101,91.7295201815119,90.3185081187769
2022-03-03,93.7627580045522,88.6136458167358,89.8989868783043,91.680312218863,90.2882934309686
2022-03-04,93.7529273038257,88.5880598727607,89.8688865854157,91.6695397990881,90.260151180781
2022-03-05,93.7439142644648,88.5621733008649,89.8446256044511,92.009882755548,90.2375631267457
2022-03-06,93.7353717645733,88.5388224236253,89.8347239962877,93.3986974451724,90.223830840189
2022-03-07,93.7299912732157,88.5255392919234,89.9412466187217,94.727444095476,90.2549201340445
2022-03-08,93.7292334969283,88.5193289288934,90.0726948458764,94.915558483205,90.2936864366058
2022-03-09,93.7242480621256,88.5011984733592,90.1116632836362,94.8430697808472,90.2912109727556
2022-03-10,93.7164914006322,88.4746569094577,90.107035342333,94.7442105593398,90.2713563255669
2022-03-11,93.70675546418,88.446012572293,90.0890602636395,94.6450498153163,90.2468680069001
2022-03-12,93.6967612386281,88.4168988480572,90.061354432334,94.5710302943355,90.2213213855157
2022-03-13,93.686325133528,88.3882332829159,90.0386166862429,94.6499615912777,90.1996723230414
2022-03-14,93.6765936511677,88.3599514532907,90.0206453815238,94.6817499732005,90.1813807318873
2022-03-15,93.666187147998,88.3321878645712,89.9924716560398,94.6125833403728,90.155398470365
2022-03-16,93.6567169898883,88.3057409617928,89.9640730864502,94.5769814007146,90.1320193705699
2022-03-17,93.6471968844422,88.2815251969577,89.9439393152082,94.533987949947,90.1130993931727
2022-03-18,93.6378435757265,88.2582964237533,89.9496810001984,94.5486710939259,90.1020229355247
2022-03-19,93.6289783671353,88.2356273695382,89.9606070022783,94.5033948798788,90.0875780683899
2022-03-20,93.6203706047225,88.2129776278788,89.9518129886321,94.4882178589041,90.0700334394435
2022-03-21,93.6132269174966,88.1897636749526,89.9791329459278,94.4198077437038,90.0658243394483
2022-03-22,93.6074644808327,88.1664637210802,89.9825758986913,94.450726287984,90.0606539962842
2022-03-23,93.60101940492,88.1436204202678,90.3566590002871,95.0493933203833,90.081221440086
2022-03-24,93.593162349574,88.1210857544641,90.8040937467204,95.6503587990752,90.2437666723526
2022-03-25,93.5853735329804,88.0992658628933,90.7492885085062,95.6069442330422,90.2194791694533
2022-03-26,93.5781731095067,88.0775397500618,90.7002356639938,95.568339288591,90.1966581910388
2022-03-27,93.5735956404259,88.0597079329362,90.6811012643857,95.7130299451457,90.1925328200057
2022-03-28,93.5679971977454,88.0415908523226,90.6421389750941,96.1465539544238,90.1803792554433
2022-03-29,93.5616014452915,88.0245377961988,90.6188840456777,97.0241753036314,90.1721014533871
2022-03-30,93.556826598676,88.0119674887535,90.666231130868,98.1539436695747,90.1736212140017
2022-03-31,93.557548648244,88.0058780403839,90.8117331370755,100.914190116977,90.222262809875
2022-04-01,93.5643792262796,88.0080411967143,91.2372271577366,104.438919239102,90.3026653839018
2022-04-02,93.5755151115072,88.0425738155651,91.8607344756632,107.231284234686,90.4873227173588
2022-04-03,93.5827934157995,88.0611062376977,92.1084919236336,109.253713024379,90.6239953405738
2022-04-04,93.5873235786386,88.0931480492247,92.5522893989572,112.24667436692,90.8315899970982
2022-04-05,93.6059413781907,88.2090967762052,94.7516670264408,115.950635385676,91.4325243848575
2022-04-06,93.653714560483,88.4634115692494,97.8387696326777,117.383603864125,92.5858041130483
2022-04-07,93.7215560913025,88.8102730183938,99.9612014768461,116.838884961219,93.5767438619934
2022-04-08,93.7632192119387,89.0344349820044,100.256795579304,116.745306100693,94.4604777705494
2022-04-09,93.7683654910471,89.1610554472046,100.500087701004,116.220538194537,95.3503414466105
2022-04-10,93.7504771705755,89.1007476727527,100.193012407157,115.055486442002,95.3155074903978
2022-04-11,93.7420463990932,89.0804175426255,100.370379081055,114.231863496069,95.5275979708983
2022-04-12,93.741461598989,89.1545252128701,100.841014454661,113.825280511864,96.0431563382676
2022-04-13,93.757900576713,89.329496635768,101.657476867993,113.776520916409,96.6553335862787
2022-04-14,93.7937964087823,89.6157600059241,103.269246531991,113.851307319216,97.5600824134477
2022-04-15,93.8403346947841,89.8988362405562,105.594117667993,113.769454847995,98.7504357396972
2022-04-16,93.9106811227455,90.2274564920013,108.888827695584,113.651538135939,100.6215160006
2022-04-17,94.4520810951044,90.9817533101102,111.533573887989,112.588428628834,102.16023894496
2022-04-18,95.0144304287012,91.7873123816001,111.438487923496,110.791864244374,102.915652760913
2022-04-19,95.1433952428897,91.9118485374868,110.085958479313,109.72945610092,102.608842419874
2022-04-20,95.1084614525406,91.7740567337573,109.385594804456,109.375326740053,102.234732596158
2022-04-21,95.0744990584802,91.6772766752022,108.673339191825,110.276467808867,101.781982059554
2022-04-22,95.0694527079081,91.6969625751452,108.314721740103,110.303815288467,101.478935388121
2022-04-23,95.0628927441325,91.9294048097276,107.816866949686,109.268731691341,101.586359069549
2022-04-24,95.1110739079752,92.7983464141938,107.493283345062,108.497184703119,101.932394848633
2022-04-25,95.2810939664723,94.5147935257632,108.196155954036,108.183183686993,102.658911861319
2022-04-26,95.4938565255583,96.9767428016538,109.694629179378,108.212674755628,104.319400686849
2022-04-27,95.606716809364,99.4501936541864,111.227872185317,107.809885699156,106.844602686759
2022-04-28,95.6524730097342,100.759613203248,113.240278169546,107.233558814322,108.74499805115
2022-04-29,96.2102589758666,102.129636579312,115.763757593413,106.009208548436,110.756372884835
2022-04-30,98.1936735614297,104.031129180381,115.610642408164,104.298503427014,111.659855909928
2022-05-01,99.7991159722112,106.013334146768,114.207380201837,102.779950064919,111.673188044697
2022-05-02,100.803960428254,107.425345346143,112.966027180839,102.175021340885,111.530451140494
2022-05-03,101.641656010093,108.952883134501,112.455887668643,101.254652364045,111.974583875889
2022-05-04,102.47767485538,110.167471822046,112.671519824162,100.01677402231,112.725135446328
2022-05-05,103.385877144216,110.995458631541,113.526660183293,98.9300900119136,113.641767593024
2022-05-06,104.479091258982,111.744025100238,114.053482197045,98.4861005678287,114.156064823294
2022-05-07,106.274869195891,112.877606327862,114.025923030156,97.7502239963044,115.414864612761
2022-05-08,107.972496960638,113.454192373481,112.627796739135,96.6702956758146,115.197040499967
2022-05-09,109.126146384862,113.013065692948,111.760821964632,95.3345781660027,114.395926738656
2022-05-10,109.709996749769,112.173603469986,111.141241748525,94.1461724182456,113.992425047248
2022-05-11,111.216573646357,112.405535327448,111.041622568961,93.5131002420236,114.63334545925
2022-05-12,113.755610260989,113.830043329921,110.803757052123,92.5801089227393,115.56729515806
2022-05-13,116.012611538261,115.51941678659,110.003209853018,91.4759408733818,116.284823236237
2022-05-14,117.162038147294,115.770572719305,108.802455340035,90.5927320374043,116.171318124699
2022-05-15,117.405043666905,115.008014776825,107.370992238844,89.7610451344226,115.08147212599
2022-05-16,117.97365095908,114.11678184864,106.303991906452,89.5098731764492,113.855000765738
2022-05-17,118.58891808456,113.626576331592,106.251990427738,89.3234660178918,113.431997936439
2022-05-18,118.960107153678,112.835857441777,105.28860125073,88.4892085277422,112.147593612556
2022-05-19,119.540511677643,112.08752554294,104.321038269695,88.9168146873854,110.904868207446
2022-05-20,119.872508206387,111.731403531483,104.958813429268,88.9338923765757,111.017570210094
2022-05-21,119.832559695367,111.199603499922,104.352647331339,88.948232223865,110.564897161469
2022-05-22,119.308913263015,111.01442097975,103.598014995994,88.9187644283653,110.087599486405
2022-05-23,118.358837050712,110.259243332583,102.636441476233,88.74577107294,109.665447049649
2022-05-24,117.514731983702,108.661886728952,101.276842392042,88.0825676086871,108.298158677927
2022-05-25,116.945787377642,107.779257808735,100.443779139441,86.9515528511437,107.255628161915
2022-05-26,116.128427471204,107.15509564606,99.3469926418972,85.9107304765556,106.436056937288
2022-05-27,115.545309275391,106.121827797916,98.627202721463,85.6180301048322,105.346895215923
2022-05-28,115.062131549483,104.992177853938,97.9194889978663,85.0758471094983,104.262326611099
2022-05-29,114.699549766954,103.69550360119,97.4390383603085,84.9318729090131,103.748841603246
2022-05-30,114.573239656449,102.836768702307,98.824865007279,84.9748987338422,103.340314752096
2022-05-31,114.140787104262,101.846580246351,99.4513247122493,85.6121106137375,102.970865873048
2022-06-01,113.190347568827,100.649039656981,98.4458389484118,87.1939343418032,102.513442746585
2022-06-02,111.972822100794,99.5403931032831,99.5277558172988,87.8307337768952,102.247518026324
2022-06-03,110.945186737573,98.3206738061196,99.9104070925627,86.9283421455576,101.844820554735
2022-06-04,109.644831324048,97.324618994046,99.8608512104735,86.6037169589437,101.401889031577
2022-06-05,107.891604930433,96.2795457683674,99.5754216045311,87.1121406790461,101.095404967249
2022-06-06,106.567847989708,95.2523401851964,99.4913869153823,86.8076721507429,100.46943171057
2022-06-07,105.407742428385,94.0400446389224,99.9480123892623,86.4826965868,99.6938774214
2022-06-08,104.605462219857,93.0378836149415,98.9085532538812,86.2423550753328,98.5741491536499
2022-06-09,103.952535703559,92.336286977623,97.903558158078,85.7291194088036,97.7906002652215
2022-06-10,103.581683884806,91.6268748173922,97.1395976394274,84.7396669573794,97.0771472833648
2022-06-11,103.46475546523,91.4118579121511,96.4988839286307,84.4888889878749,96.5887403817495
2022-06-12,103.486121225517,91.7523142768665,95.6773694135362,84.2366163264462,96.0219557160428
2022-06-13,103.539757093459,91.4056747288191,95.0365424603222,83.9977209774915,95.9741284271496
2022-06-14,102.785026865015,90.7527991445539,94.0555828031697,84.0666907455832,95.7655198027425
2022-06-15,101.844873602357,89.9944653872892,93.9212448790747,84.7888311125384,95.0577157587751
2022-06-16,100.580526793175,89.4278133369406,94.5973091294518,84.8524628944807,95.1054293391577
2022-06-17,99.5750242569438,88.6727976695127,95.7466127340999,85.3989809427556,94.9416420365479
2022-06-18,98.7195624651812,87.9470931123017,97.8265479203097,85.7089716131117,95.4133776744153
2022-06-19,98.4087494886047,87.6454280844202,98.7970269909366,85.9201881474006,96.3672149872877
2022-06-20,97.7602611076013,87.7381624556778,97.7801693487562,85.6182178513923,95.8632147141174
2022-06-21,97.7057862534091,88.2922272824416,96.5712474311332,85.9864237584108,94.9546598390162
2022-06-22,96.7690142205279,88.3383029046544,96.2927027936004,87.0295697044897,94.948364760838
2022-06-23,95.6680782548161,87.3140808792667,96.0575121923283,86.9243460089772,95.621139721045
2022-06-24,94.7357857597028,86.1782183162192,95.9826348762887,86.7953492260474,94.3384521497692
2022-06-25,93.9668645499848,85.446947747984,95.7724281551703,86.4979495701389,93.4207949436165
2022-06-26,93.7042966331833,85.1723907358235,96.0823635368226,86.866412337208,93.9596259853626
2022-06-27,93.7688847376915,84.4673181867676,97.0054349089835,87.4254765172491,94.5293657910794
2022-06-28,94.0735303897989,83.7291546554446,97.9393635441154,88.169730829909,95.4923749640153
2022-06-29,95.12925078847,83.2180863009033,97.5128339257856,88.7293580554481,95.5206522644774
2022-06-30,95.2868334329227,82.4866948579146,97.473922145818,89.4191740326971,94.4673536592137
2022-07-01,94.845561098076,82.4408522566462,96.9211939780924,88.8958354862742,94.7724198727686
2022-07-02,94.636650694991,81.8444209214268,96.5818048618552,88.2743631401823,93.8826235225261
2022-07-03,94.5141442120862,81.4275213084832,96.5826750972299,87.4097043115929,94.0325681737049
2022-07-04,95.0023017893674,80.9130276970031,95.4750234585298,86.8236846554905,93.3377020250069
2022-07-05,94.565848504461,80.7221640440188,94.3997739528758,87.18563893078,92.4963034730497
2022-07-06,94.9073100737939,80.4597764094424,93.09046659579,88.1085501941155,91.4025439255943
2022-07-07,95.9782395427504,81.1219923771569,92.7098787313279,88.1945518998259,90.0764711383113
2022-07-08,95.9120394472129,80.2586940822272,92.2297459484971,87.8334087915855,89.4490519404979
2022-07-09,95.9856247235782,80.1568931981318,91.0641622985024,86.4298964850945,90.4438961316574
2022-07-10,95.9374456735227,81.5954934728378,90.021307598531,84.7290919307028,90.9074553311327
2022-07-11,95.9721269005305,82.495692283841,89.4169969698408,83.151070441194,90.4718568222622
2022-07-12,95.7118411807395,83.3460559937984,88.5621890135005,81.441163915,89.7003419776814
2022-07-13,95.9073861210507,84.2898060642427,88.5793992532327,80.5927319228127,89.6561469368741
2022-07-14,96.0707994916446,85.1950581405852,89.1443404484262,80.177419743256,90.5469330364057
2022-07-15,95.9559569941587,85.4693994019326,89.4613921851037,79.9827168538601,90.7930044863375
2022-07-16,96.3078085881843,86.2787076900449,89.8988891248841,80.4207351821997,90.5621114749064
2022-07-17,96.6208216632623,86.7964940995816,89.3162902895913,81.6395319576692,90.3736955811957
2022-07-18,96.3612879400764,87.8532697411624,89.2141801684043,82.3307228265929,89.4025268514033
2022-07-19,96.511734727795,88.7434933487915,89.6795341439037,81.7233658520827,89.0988943842312
2022-07-20,96.6748827920898,89.1962861168315,89.6836182537476,81.7562366870905,89.3293527742607
2022-07-21,97.242882143278,89.5616276908184,89.3260037106664,82.3412704018711,89.5416831686482
2022-07-22,96.7503673690748,88.834508581527,90.9807619398933,83.3526216716467,89.9431066816286
2022-07-23,96.0164604415972,88.5698736249417,92.6614894212611,82.9901830722647,90.72685353116
2022-07-24,96.2078634354796,88.6111458100071,92.3109642502626,82.6413740749069,91.5626117592374
2022-07-25,95.0903670179438,88.5491717661678,92.3286951268497,82.4029405070756,91.9992749926135
2022-07-26,93.7032111952586,88.454086781953,94.5235312943064,82.0321409923812,92.152072451332
2022-07-27,93.0075333320169,88.0286914243643,94.5935705436597,81.2976375868304,91.5658224993326
2022-07-28,91.676190301539,87.3864722390347,93.4340614656002,80.9920487682775,90.5791455346638
2022-07-29,90.7343071158832,87.2592747391792,93.0707239565417,81.7941738771663,90.8011045440847
2022-07-30,89.7428405603393,86.4585944108724,93.2632807794535,82.3610314782199,90.9128200192058
2022-07-31,89.8626585774741,85.8857424713746,92.9838017699506,82.8242474032518,90.4846409777973
2022-08-01,91.3526520543164,86.267178396213,92.2507802274303,83.7625704533992,90.5278776051835
2022-08-02,92.3413351181254,87.1938902619498,92.5003409952904,83.9325788112526,90.6711962658592
2022-08-03,93.8088346741299,88.3218487001799,92.49457043586,82.7842541503246,91.3995363387724
2022-08-04,95.0841979416533,88.1465383992395,92.0952895497207,82.0349217405283,91.3841107840014
2022-08-05,96.0644950758582,88.4579595489042,92.6509930644292,81.8439937268705,90.3990416068411
2022-08-06,98.4174463790968,89.984188122019,92.4385094792224,80.4514896576133,89.8535379161352
2022-08-07,99.3445204911386,91.1565904757613,91.3647050579266,79.7514953218214,89.5579761162216
2022-08-08,99.2095942275472,92.2025975138017,89.7409220290583,79.1110980661228,88.8641573935405
2022-08-09,98.7058153964105,92.1678774432085,88.4660921072726,78.6777182776355,88.1156327130139
2022-08-10,98.3463136297023,91.3863545463552,87.9555345719387,78.7934253090586,87.0672453350989
2022-08-11,98.1027872330849,90.3482210424666,87.9183235686037,78.8937529103261,86.7117897939388
2022-08-12,98.2074207187558,89.0311880801243,87.7318870845172,79.0924454620158,86.6228443707986
2022-08-13,98.0631665870175,88.1333473403084,88.7448204584221,79.6765538098448,86.7750708241819
2022-08-14,98.5961342126544,88.0417266711531,90.3494316437593,80.9254948935705,86.7336855596273
2022-08-15,99.3800044378301,88.0192482183895,93.1059350697769,81.3837000345764,86.8316016935189
2022-08-16,100.148656747612,88.6811611904464,93.5443901908382,81.2589496564251,86.7989793783406
2022-08-17,101.203101169875,88.7630745639227,93.4929457507638,81.5058876802416,86.5250823694002
2022-08-18,102.029396277078,89.335884700445,93.9987957820251,81.7709371748154,86.7793884358203
2022-08-19,102.025454634788,88.7083379953354,94.0009986314158,82.021520689192,86.5765082665469
2022-08-20,102.506748847902,88.7862468144688,93.4785153620089,82.4178686081173,86.1853242984293
2022-08-21,103.064031611667,88.7995734612015,93.6249781384137,82.5033526605867,85.7304316634764
2022-08-22,103.500749741282,88.2512531269918,92.9836860839595,82.083438719373,84.9187091622251
2022-08-23,103.357867285157,88.0769970057756,92.6734819040927,81.2382931234942,84.5497101292159
2022-08-24,103.49867264674,88.0429672094457,92.3360964116171,80.3247262660639,84.3181535593467
2022-08-25,104.537779692894,88.4398921451252,92.3156733878956,79.6003637337425,84.6408916239005
2022-08-26,105.096571432481,89.0062133015389,92.8183401248053,79.6557749992434,84.7664430198588
2022-08-27,104.752882410316,89.4453783451524,94.0619665142192,80.2012670238116,85.0189838280096
2022-08-28,104.554157138609,90.6114409156995,95.1392021241019,80.1308349829877,86.2246123159841
2022-08-29,104.958433163132,91.7990211205759,97.3423944446027,80.154001876241,87.6068663345373
2022-08-30,105.863488955915,92.4866980213391,97.0804867043307,79.4877327574723,88.4353772725359
2022-08-31,106.117744298489,94.1106674849175,98.4839860019772,79.288964701859,90.064250243833
2022-09-01,106.568404294589,94.7346515143714,98.2784628931612,80.2829596975882,90.8233908006784
2022-09-02,106.904715197112,94.6322399146641,98.0955706555877,80.4216188850447,91.2026483716705
2022-09-03,107.414005003212,94.837857009273,98.7728988562528,79.7480088621277,92.0732565659437
2022-09-04,107.429210013093,95.357687168904,99.3409457477793,79.1868107994368,92.6978181244652
2022-09-05,107.846137590441,96.5569034656811,98.7836796981676,78.6764008737732,93.060604674371
2022-09-06,108.380691664714,97.1679389598441,97.9253181730389,78.9116181616744,92.4978123193466
2022-09-07,109.049311506123,97.144011544747,98.3168776956227,80.9284672186985,91.9970740825269
2022-09-08,109.713600507547,96.7420524264054,99.6007568207766,81.1089484179841,92.7196429785972
2022-09-09,110.189059445841,97.5986244125641,98.8203463080087,80.9470361602821,92.2492673277828
2022-09-10,110.877640559402,98.0305092070331,98.3576371157438,80.8223642405208,91.4634431319195
2022-09-11,110.640891235719,97.7267412092586,97.5924637046872,81.4856164019658,90.7395335700499
2022-09-12,110.146799934949,97.3093937651453,96.9535244277261,82.59752818251,90.4267234583835
2022-09-13,110.753369839719,97.2569014361716,96.6034794822446,82.2109938844643,90.5408613608921
2022-09-14,111.125018501013,97.1467544404419,95.8244301597509,81.6127529119122,90.3631489888632
2022-09-15,110.710605878753,97.3857083878698,95.155790426386,80.9928773465753,90.1345197976481
2022-09-16,110.374814074814,97.2268513833559,95.2524249573564,80.2844217817239,90.1170465307891
2022-09-17,109.853609460539,96.637515980455,95.2600624149655,80.0377464896764,89.800782486556
2022-09-18,109.774344194619,96.7240986818481,95.4440300488895,80.3009226594081,90.1244886011875
2022-09-19,109.449705121139,96.6403550212327,96.6334968787718,80.3706478015321,91.0008445563113
2022-09-20,109.415656589173,97.6072588681984,98.1542806214125,80.407900683393,92.2847290233976
2022-09-21,109.647574652395,98.1255967320852,98.5570728332453,79.7857197937337,92.9171257479906
2022-09-22,109.714366803017,98.1681704122651,98.8519307067075,79.1659401809276,93.0534088331441
2022-09-23,109.870675558717,98.3475300787637,98.8910750869398,78.6796073849366,93.3837996254273
2022-09-24,109.66757898973,98.0717166673174,98.4090723483042,78.3376969399991,92.7538916704084
2022-09-25,109.639038875532,97.4556989802216,97.891594509786,78.6326412401709,92.1006312978299
2022-09-26,109.341779189117,97.3829997752158,97.9109145997094,80.676638257078,92.1895641647575
2022-09-27,108.934077317802,97.8908673010427,97.6082495436439,81.7199460315842,92.696808659896
2022-09-28,108.457339079153,97.5247935451814,97.235617436282,82.385264201518,92.5130528977337
2022-09-29,107.895387996517,96.9525719351217,97.0300599187035,82.624653557932,92.0958084677427
2022-09-30,107.485138344711,96.7462119748825,96.8533203816511,82.561136069627,91.7617329735879
2022-10-01,107.258529161997,97.0839546140135,96.3079730131157,82.345555065378,91.7487862473593
2022-10-02,107.070183058831,97.6297111151464,95.6076990615917,82.2056705431374,91.4273575802476
2022-10-03,106.663102414015,97.2907607517023,95.1824083358727,82.2323942299731,90.986906938433
2022-10-04,106.240379542445,96.9202423761668,95.2393384348437,82.5136760792225,90.9160922083187
2022-10-05,105.880124204674,96.4060430583448,95.6418381499489,82.9946489775826,90.9489876186311
2022-10-06,105.625033306526,96.1584417284902,95.8208995631226,83.5207568498894,90.9675606561708
2022-10-07,105.842972670055,97.1356294163744,95.9233877619172,83.4794555357971,90.9715081643383
2022-10-08,105.802664379768,97.3802039282757,96.1564593575676,83.4879930050182,91.2981294683121
2022-10-09,105.844750860772,97.8694754641261,96.5440517115652,83.8399093115711,91.6809514235313
2022-10-10,106.327485989369,98.5588436064224,97.6182550246516,84.22674930546,92.3513654850059
2022-10-11,106.62453134933,98.6020421319965,100.254372573554,84.6460342945696,93.2891604669119
2022-10-12,106.73195506674,98.3244631872354,100.848494411023,84.7312210152413,93.6895100751894
2022-10-13,106.643606880655,98.0843034522644,100.428518587734,84.5228574783788,93.6995526978702
2022-10-14,106.387068778047,98.1370013020954,99.4706876794961,84.0084844466966,93.4372944464863
2022-10-15,106.073340656545,97.4765736129419,98.6843689665317,83.5633270064578,93.0042945998864
2022-10-16,105.673651519323,96.9908624905729,98.1827685486746,83.4406600465309,92.8417146484828
2022-10-17,105.330021158469,97.0271193379401,97.8549131515879,84.2226521422417,92.8642843881427
2022-10-18,105.143051191643,97.3320973171973,97.8641482843211,85.1683036823653,92.9530797947332
2022-10-19,104.969480076675,97.6507433489303,97.9396047521105,85.5417628907492,93.2231888865053
2022-10-20,104.923351470423,98.4490347451582,98.0412358909023,86.2547113938882,93.3762512711618
2022-10-21,104.708277115402,98.1489055302676,98.102712186504,87.0373856705587,93.3105597927921
2022-10-22,104.436640093757,97.6664692806732,98.5826920815537,88.0249165101132,93.3187724862272
2022-10-23,104.382272872125,97.4484466091224,99.6683462761881,89.6223352203704,93.5477586731757
2022-10-24,104.566000646138,97.2698807092122,99.368475395145,89.0869073304858,93.5508681140278
2022-10-25,104.289835684168,96.7984478565304,98.8482308425616,88.8054631609319,93.1222003517604
2022-10-26,104.012380619471,96.3648477997201,98.2526219886613,88.7439462634315,92.6987174611249
2022-10-27,103.757675372866,95.9850692954976,97.8195048114668,89.2024625766502,92.4123040052301
2022-10-28,103.534034371368,95.7832072966522,97.5709925102845,89.415725404081,92.3190285947859
2022-10-29,103.318072746212,95.4666372889407,97.2109728989579,89.0808717007626,92.0541269098348
2022-10-30,103.097644726472,95.1526489688207,96.945535805763,88.9113910231563,91.8203706108782
2022-10-31,102.885109056224,94.8598364077177,96.7036076377816,89.1781684574413,91.6416473870724
2022-11-01,102.685492857273,94.5855719486466,96.4566976246236,90.1673362066202,91.4143381079436
2022-11-02,102.495456963287,94.330661068794,96.6643903568772,91.7342820488943,91.212461290219
2022-11-03,102.313977415628,94.0923026860635,96.6045360789662,92.3738803962939,91.0172097613205
2022-11-04,102.142986974834,93.8695148802906,96.3620926723711,92.9446649889798,90.836735863342
2022-11-05,101.982732213385,93.6654931404042,96.1365268081667,93.4600775795295,90.6728960406171
2022-11-06,101.829018997999,93.4719993498834,95.9397180539743,93.3057390170675,90.5217718358108
2022-11-07,101.685301605751,93.2897717511721,95.7656018349004,93.1246377823743,90.3957688536959
2022-11-08,101.590676566096,93.2277950884817,95.5719014865009,92.9746712977812,90.263122557793
2022-11-09,101.478514157309,93.1577868481493,95.378108304787,92.7797738468749,90.107928083443
2022-11-10,101.33846781607,92.9847523512683,95.1719316034131,92.6399266840621,89.948696478759
2022-11-11,101.20262852638,92.8175911570608,94.9913213628028,92.9881501012924,89.8058896562598
2022-11-12,101.073755021024,92.6604042749575,94.8135164714813,94.5728669137167,89.6734195060509
2022-11-13,100.948447988246,92.5110744763225,94.6355266832221,96.0196542975274,89.544463679827
2022-11-14,100.829001769741,92.374204949687,94.4738687875569,96.9293587135935,89.4297789950699
2022-11-15,100.713184366192,92.246802834773,94.3593978986228,98.5677300841965,89.3496963422909
2022-11-16,100.600952312567,92.1210564210706,94.2631059868395,98.627457198467,89.25416698777
2022-11-17,100.50258797681,92.0153813134612,94.1305317376402,98.1281561336977,89.1506012969728
2022-11-18,100.454893160219,92.0328122917822,93.9883672245803,97.665756180449,89.0422054416763
2022-11-19,100.36044021196,91.9371722293226,93.8515128370086,97.2576905760391,88.9367499047448
2022-11-20,100.251034475503,91.7951086359054,93.721008049211,96.8866863631575,88.8364941902128
2022-11-21,100.145690407524,91.6705191815618,93.5930006082925,96.5523838575772,88.7451191030534
2022-11-22,100.044164812953,91.5564555441371,93.4768875544446,96.2635030449609,88.6718848847733
2022-11-23,99.9460233138521,91.4458293423556,93.3749613331561,96.00639912764,88.6112569535819
2022-11-24,99.8515058101179,91.340811006247,93.2840232776586,95.8142249810297,88.5395227757256
2022-11-25,99.7586215991102,91.2354241412293,93.3082648301713,95.8059580116975,88.5087228919189
2022-11-26,99.6681559093318,91.1345868101744,93.2048864745116,95.6062521463838,88.4365592273469
2022-11-27,99.5805065840116,91.0386474477802,93.0982741898247,95.3821184485587,88.3616520624425
2022-11-28,99.4964132001274,90.9435157306707,92.9951973616079,95.1662104076122,88.2858359725193
2022-11-29,99.4152763705412,90.8502749606286,92.8978226402825,94.962184072648,88.2119850822899
2022-11-30,99.3375528401189,90.7583729187261,92.804396750011,94.7694939811263,88.1420144141865
2022-12-01,99.2636725911671,90.6683421688281,92.7140362202546,94.5872233449888,88.0739655530633
2022-12-02,99.1901410772512,90.5863149814115,92.6300417084663,94.4162273594849,88.0103955433701
2022-12-03,99.1297163057646,90.5078871392718,92.5490819652255,94.2525588096933,87.9499817404526
2022-12-04,99.0905541273287,90.4395999855667,92.4691422245749,94.0955244933401,87.8923533657842
2022-12-05,99.051808107478,90.4172576186837,92.3895546920281,93.9441117582195,87.8338740474778
2022-12-06,98.9806125465369,90.3509221599292,92.3086854048986,93.7983262630277,87.7769158570513
2022-12-07,98.9112201666866,90.2724013577551,92.2337525896555,93.6589609328556,87.7218453518334
2022-12-08,98.8429285421232,90.1962156370744,92.1584456466632,93.5256131144604,87.6683126583538
2022-12-09,98.7773965309884,90.1230808318015,92.0850450755913,93.3983182074115,87.6167948798336
2022-12-10,98.7129292569507,90.0560133020949,92.015193382877,93.2753567973348,87.568219999218
2022-12-11,98.6519263430851,89.9865695407492,91.9454170466791,93.1565450951659,87.5190674014723
2022-12-12,98.5916585714123,89.9170953441093,91.8782482831952,93.0422124744697,87.4702953608793
2022-12-13,98.5317675607516,89.8543663901708,91.8153408272535,92.9332826072069,87.4274735901636
2022-12-14,98.4731111193994,89.7942887725937,91.7546860156394,92.8296110353237,87.3890409663375
2022-12-15,98.4162337288819,89.7351679955651,91.6998278769611,92.729703991853,87.3553698855073
2022-12-16,98.3620970828238,89.6751128233304,91.6458132599594,92.6354080227347,87.3148153482627
2022-12-17,98.30871646215,89.6172670401144,91.5932255775087,92.5428898803356,87.2716577330766
2022-12-18,98.2557835599702,89.558606087261,91.5442949622932,92.459615267971,87.231886335897
2022-12-19,98.204716380807,89.4978242969443,91.4933984902281,92.4416547642002,87.1920392250907
2022-12-20,98.1548214481316,89.4382877995759,91.4375226630648,92.3675448276901,87.1503637048242
2022-12-21,98.1062716942232,89.3806511931795,91.390613357338,92.2845237045111,87.1106023357057
2022-12-22,98.059464795636,89.3263320950028,91.3483332511376,92.2019463812458,87.0751237435386
2022-12-23,98.0128387173654,89.2723242567095,91.3005218716333,92.1196730292564,87.0396885607488
2022-12-24,97.9681746229531,89.220147318557,91.260255278253,92.0419692074913,87.005975629744
2022-12-25,97.925340868964,89.1666629327927,91.2213082092578,91.9639469892451,86.9717088137547
2022-12-26,97.8836641075283,89.1139259643467,91.1803888453648,91.8863376304732,86.9362893548904
2022-12-27,97.8429941442107,89.0620722539949,91.1378698422063,91.8177281470211,86.9029369938922
2022-12-28,97.8023568300502,89.0128598443032,91.1068708142746,91.7488008281293,86.8757797865125
2022-12-29,97.7619925482713,88.9685664649017,91.066457318217,91.6775012158363,86.8465029065489
2022-12-30,97.7234109585192,88.9269868443566,91.0244191006294,91.6104096293393,86.8163790641125
2022-12-31,97.685343486805,88.8868341120383,90.9801316382449,91.5426022753487,86.7860459080008
2023-01-01,97.6471256716338,88.8484592321584,90.9409215150217,91.4793590368298,86.7604527707227
2023-01-02,97.609363127718,88.8150374016388,90.9045843945539,91.420296120331,86.7425279732548
2023-01-03,97.5715889410981,88.7816196380009,90.8728552217395,91.3607582711764,86.7271724285526
2023-01-04,97.5333700580707,88.7489917865248,90.8379692621473,91.3000682552843,86.7097728054828
2023-01-05,97.495957526157,88.7170295694435,90.8088549444453,91.3080290653417,86.6927492641227
2023-01-06,97.4585513550603,88.6828750680352,90.7811452778705,91.4401947790072,86.6754747127055
2023-01-07,97.4213858757894,88.6444844369722,90.7520642006036,91.4110382642295,86.6545447164889
2023-01-08,97.3855735442191,88.6062949217025,90.7249670076265,91.6353208204239,86.6349637058361
2023-01-09,97.3503913960866,88.5697671483161,90.6989900965179,91.8015149063367,86.614064498654
2023-01-10,97.3168340062123,88.5354437241003,90.6606690124758,91.7445201893348,86.5870690581685
2023-01-11,97.2837638029373,88.4986272441198,90.6179268199439,91.685758460446,86.5570014204829
2023-01-12,97.2499222360609,88.4592478477947,90.5803454217125,91.6314904943527,86.5310205640201
2023-01-13,97.2159327643825,88.4216999490126,90.5498764724232,91.5772984887107,86.5069219446362
2023-01-14,97.1821671412227,88.3853421520543,90.5154208118862,91.5210871614939,86.4800938517951
2023-01-15,97.1490327036783,88.348708657205,90.4838854946597,91.4648341231496,86.4559029018938
2023-01-16,97.1163536101328,88.3114509430985,90.4523947892085,91.4090514225107,86.4311423302788
2023-01-17,97.08434444551,88.2778820479857,90.4186229602269,91.3544770140675,86.4085589290168
2023-01-18,97.053369148019,88.2492039579683,90.3838286727965,91.3030426059022,86.3928356025535
2023-01-19,97.0231669395274,88.2203055292795,90.3546629387521,91.2576600685661,86.381499575538
2023-01-20,96.9947616585304,88.1934183022645,90.3208699488064,91.2074947395876,86.3674802130012
2023-01-21,96.967071753919,88.1677173335928,90.2875232000206,91.1720785626771,86.3616273746432
2023-01-22,96.9392280159265,88.1352157705587,90.2576973818439,91.1764670298073,86.3541223890783
2023-01-23,96.9120728091111,88.1014108441296,90.2249553097899,91.1324997218743,86.3339455950261
2023-01-24,96.8843764732413,88.069786844847,90.1943608420815,91.0926648379395,86.3158455786594
2023-01-25,96.8569375979297,88.0405885219109,90.1638156879298,91.0537965784678,86.30109946841
2023-01-26,96.8307271987889,88.0137286643002,90.2242548364987,91.351488737482,86.3308488036471
2023-01-27,96.8058788589428,87.9875150397075,90.2424677049396,91.51871712284,86.3349226807703
2023-01-28,96.7819866988554,87.9610646563046,90.2113600529357,91.4660655391877,86.3180985396012
2023-01-29,96.7600115828992,87.9331857779993,90.1876475737072,91.4131112205217,86.302035519016
2023-01-30,96.7496830128056,87.9180251346977,90.1593918419068,91.3622247276338,86.284744104301
2023-01-31,96.741739643601,87.9183226026842,90.1407162596763,91.3140762986732,86.2728686116919
2023-02-01,96.7202191304323,87.8882075553782,90.1163925385987,91.264161625399,86.2542228339587
2023-02-02,96.6983674063991,87.857656719124,90.0916983163717,91.2184056801592,86.2375068580961
2023-02-03,96.6772453481556,87.8274091312349,90.0735641855072,91.1720492389902,86.221521286467
2023-02-04,96.6549742655726,87.7966384182498,90.0571645308582,91.1313672722036,86.2040687749966
2023-02-05,96.6324030946139,87.7666067251325,90.0397995223058,91.095238515168,86.1879107013566
2023-02-06,96.6096381712048,87.7364749754065,90.0136750230682,91.0634255559137,86.1694456061576
2023-02-07,96.5867409236289,87.7068432593615,89.9831924312161,91.0329943396767,86.1526836113656
2023-02-08,96.5641543060945,87.6774057979669,89.954225628152,90.9906845528232,86.1352929547039
2023-02-09,96.5418322406473,87.6483712139285,89.9317480715631,90.9459189284548,86.1196299412692
2023-02-10,96.5202383670456,87.6203576607846,89.9049301059991,90.9032674739206,86.103089252462
2023-02-11,96.5003719602144,87.5936696113463,89.8781004261421,90.8786314459548,86.0850954827437
2023-02-12,96.4826045351786,87.5666163420087,89.8507395255182,90.8404787999824,86.069542472013
2023-02-13,96.4655232576076,87.5387978709639,89.823011417079,90.8446404457636,86.0518386141725
2023-02-14,96.4480585659904,87.5098559540868,89.794666464254,90.8091582388759,86.0311276398232
2023-02-15,96.4295345794573,87.4821105804196,89.7681483257408,90.766138122093,86.0120621093503
2023-02-16,96.412883231724,87.4545098897682,89.741873973887,90.724007743997,85.9951131436145
2023-02-17,96.3966243269498,87.4272331356102,89.7176099412537,90.6843836139913,85.9768664897515
2023-02-18,96.3780808715032,87.4011500397245,89.6911776454338,90.6427237405607,85.9573683229033
2023-02-19,96.3608217412315,87.3758453843026,89.6655761300255,90.6040356445252,85.9391601478861
2023-02-20,96.3475726462896,87.3525196166868,89.6393642665447,90.5655884196584,85.922126633341
2023-02-21,96.3330093366007,87.3307106528553,89.6140455410067,90.5480152564484,85.9040018800909
2023-02-22,96.3200018939207,87.3092321504847,89.5907483633569,90.9905236258321,85.8873250646203
2023-02-23,96.3548353693216,87.3973747016665,89.5649994474762,91.4392733449128,85.8695644105405
2023-02-24,96.3558050934849,87.4513771494622,89.5435320698059,91.8480425407424,85.8531062108373
2023-02-25,96.3411584695591,87.425002509654,89.5281627862868,91.9821377365042,85.845367321524
2023-02-26,96.3228084544151,87.3972034008792,89.5385946773303,91.9549388164278,85.8427601801698
2023-02-27,96.3036502163531,87.3666621470872,89.5230831485456,91.911596097937,85.8272649499792
2023-02-28,96.2853431065991,87.3364036738623,89.4986603258951,91.888491487685,85.8096058939172
2023-03-01,96.2684890277837,87.3096228618435,89.4850095795203,92.180555255584,85.7973284825698
2023-03-02,96.2522401617386,87.2843144712553,89.4998850106848,93.2923882001452,85.7964832058742
2023-03-03,96.2414935377606,87.2602859735846,89.5769197776011,94.3206799236777,85.8147879937684
2023-03-04,96.2320032989486,87.2393273013704,89.6325355212912,94.4776788102364,85.837959851246
2023-03-05,96.2177962730584,87.2137705999784,89.6473643112845,94.5765513715685,85.8368436366934
2023-03-06,96.2109354393374,87.1909445313175,89.6493207148563,94.934230261128,85.8395285966538
2023-03-07,96.211057694786,87.1774157766679,89.642873351126,95.7822165475399,85.8422733155834
2023-03-08,96.2073987449007,87.17245740504,89.6530758107973,97.5519466083782,85.9003265738015
2023-03-09,96.1951899283398,87.1527627266544,89.6643348551007,97.4430607258305,85.9218331553977
2023-03-10,96.1768180171802,87.125013603797,89.651687837072,97.3571124119769,85.9064215693891
2023-03-11,96.157359692977,87.0959727489101,89.7558695813054,97.9918854235978,85.8934340836332
2023-03-12,96.1406678042907,87.0681568838509,89.7670745440987,98.837928375616,85.8902338036411
2023-03-13,96.1235392823101,87.0480804361228,89.8547005123307,98.7317679906986,85.9412009766987
2023-03-14,96.1075299067575,87.0391686418303,90.0629241337345,98.8577203530052,86.0803790677842
2023-03-15,96.0917388296351,87.0141337659434,90.0653931120061,98.9746372574705,86.068751509594
2023-03-16,96.0777244792397,86.9935457955148,90.1218573113792,98.8492480801391,86.0881927259151
2023-03-17,96.0681942303629,86.9796025846335,90.2377708319976,98.8685617701145,86.1868540473149
2023-03-18,96.0563785375872,86.9645961710134,90.3507882984675,99.1068930196885,86.2507198486726
2023-03-19,96.0458554928451,86.9550881257765,90.4694925080368,99.1121889023294,86.2849768045877
2023-03-20,96.0384148781415,86.9468667841858,90.513793238207,98.8755937749153,86.3040195674495
2023-03-21,96.0235611299942,86.9267403272527,90.475892713113,98.7106459047901,86.2839021386091
2023-03-22,96.0081232114703,86.9055839801433,90.5625588161537,99.0076053967022,86.2915761143604
2023-03-23,95.9920149234867,86.8848678946273,90.6635978083192,99.72008953242,86.2987623088518
2023-03-24,95.9772430524069,86.8671428790954,90.7606764915612,100.918766233983,86.3279683809926
2023-03-25,95.9638565751645,86.8541268897682,91.7681857965121,104.147357043895,86.4529880152656
2023-03-26,95.9570589478047,86.8483700379901,93.6357498734382,108.561715216062,86.792658423855
2023-03-27,95.9958834509331,86.9457699654756,96.2775194190638,113.30934635626,87.4587401743239
2023-03-28,96.0383522795071,87.0714329315569,97.5022032246347,116.80291008662,87.825437209698
2023-03-29,96.0640925493854,87.1655630472381,98.8973515973235,118.018078883004,88.1257120171685
2023-03-30,96.1233433581854,87.3282079071393,99.8743111977994,116.090608698131,88.7080239308648
2023-03-31,96.1795541788026,87.3896268970648,99.5594630521445,114.226050493751,88.7898269000312
2023-04-01,96.2253881848318,87.3824003428771,99.2691222872898,113.221087205603,88.7483448784009
2023-04-02,96.2219573804344,87.3783745443355,99.7170615190522,112.814629682328,88.9829259220281
2023-04-03,96.2031958317506,87.3587963039985,99.7525711657616,112.750644794779,89.0313199406691
2023-04-04,96.1850291208479,87.327287880488,99.4488636067676,112.692365051174,88.9479748893525
2023-04-05,96.1679949627134,87.2976011749664,99.1683053163957,112.374496276964,88.8804620159903
2023-04-06,96.1520689426004,87.2725772427723,98.9282643908764,112.391989570822,88.8552492794425
2023-04-07,96.1435891393677,87.3749235516911,99.0541330149762,111.992350433477,89.5379388581477
2023-04-08,96.1444892218559,88.0252162124573,99.3855803563519,111.449828223862,91.1879826018001
2023-04-09,96.1351953339391,88.5108133275467,99.6294817153072,110.994112546687,92.4958165694389
2023-04-10,96.1164747613964,89.0186236206586,100.134531498019,111.028805492581,94.3724375459894
2023-04-11,96.1010200355565,89.1917866823768,100.167578569739,110.426416475912,95.3681377560937
2023-04-12,96.0920566435916,89.225688336608,100.101279554111,109.674891550232,95.5156980843534
2023-04-13,96.077904378763,89.196753063315,99.9214605903786,109.214086864027,95.5081064530753
2023-04-14,96.0637876906799,89.1536220471438,99.9804466793975,109.294311364165,95.6279663413629
2023-04-15,96.0610533725579,89.1355109602222,100.038471264284,109.424832287722,95.9292635047955
2023-04-16,96.063923679806,89.2335999959615,100.096343963589,109.127659449157,96.4719910444531
2023-04-17,96.0622240184927,89.7229028971598,100.215150466481,109.033526327629,97.4672621036657
2023-04-18,96.0744779764611,90.2049530366464,100.261623364549,108.702917030149,98.3878558898628
2023-04-19,96.0623258967873,90.431203688085,99.8521459582002,108.187203862517,98.1372338510059
2023-04-20,96.0514389401429,90.6351656405876,99.524991143912,107.834253454408,97.7324463818862
2023-04-21,96.0879060112552,91.1604809296565,99.7360091477803,107.99625102981,97.7477994120156
2023-04-22,96.1269390938322,91.9888621918695,100.812426043649,108.892782779858,98.3551043455508
2023-04-23,96.1752521998901,92.8803049532209,102.709945001835,110.456128028271,99.4823605113889
2023-04-24,96.2005042226942,93.1735985701242,104.430927798862,111.333787285005,100.539382421508
2023-04-25,96.2630892059108,93.4672925478294,105.760627937692,110.59129964034,101.391397080905
2023-04-26,96.3978185834821,93.8403336145667,106.076078743955,109.309369405358,102.112931582741
2023-04-27,96.5270612868217,94.1011018235077,106.708248854472,108.516633052834,102.69665458327
2023-04-28,96.8443082452233,95.1352684697925,108.898965090762,108.299246883548,103.708391526804
2023-04-29,97.5384550721759,96.8653134781946,111.392056539998,106.603076518535,105.135389543124
2023-04-30,98.6012120532656,99.3709777485402,111.560391234456,104.76401841902,106.768278020289
2023-05-01,99.940306959053,102.30067361429,110.878394313251,103.430638814878,107.450691906216
2023-05-02,101.231819849159,105.143148391405,110.852847442154,102.590445690266,108.262307515633
2023-05-03,102.29648829285,107.09099585472,112.060204083449,101.914201420823,109.372835203864
2023-05-04,103.038053519157,107.497799915324,113.944099094378,100.916374628075,110.683845677687
2023-05-05,104.275477247412,107.952423525813,115.425069110014,99.8154257367797,111.569863479309
2023-05-06,106.421764104186,109.876261969208,115.874389863626,98.2138350121664,112.748198614533
2023-05-07,107.919196272153,110.90541154593,115.58787184069,96.5324825458787,113.158594600128
2023-05-08,108.721418831533,111.435907385391,115.265256984858,95.1469194963078,113.268636334544
2023-05-09,110.070423901468,112.268111360958,113.48262015618,93.7481690168045,112.372779464417
2023-05-10,111.786714317822,112.830313212005,112.253488095296,92.731093886699,112.012082023163
2023-05-11,113.278718276844,112.771481088871,111.562410563105,91.9619170888571,111.347597090386
2023-05-12,113.973296621141,112.40469449843,110.596112403896,91.0373145246814,110.494910936187
2023-05-13,114.267570970071,112.094988341619,109.455802583723,90.4222436617897,110.188561884964
2023-05-14,114.589236046798,111.386403205929,108.137317545034,90.161952358672,109.091637007912
2023-05-15,114.975322200087,110.829294249007,107.029042641634,89.2185480972228,108.223320332593
2023-05-16,115.556577341027,111.22898644858,106.248640414926,88.1722173309908,107.659828538184
2023-05-17,116.392540169371,110.954772136492,106.177722341643,87.612635013501,107.664747901033
2023-05-18,116.857718454629,110.339583642702,106.149694226229,87.297417594361,107.376434731963
2023-05-19,117.306014593963,109.622198813243,106.373872876592,86.4515550123294,107.223819710923
2023-05-20,118.629324751037,109.002547466731,106.261619824525,85.1609277659305,107.281900900574
2023-05-21,118.984975437951,108.100357256746,105.282573985709,83.900942540009,106.310437062247
2023-05-22,118.57158293442,107.287081014154,104.284517788608,83.0525426436638,105.386516329136
2023-05-23,118.421908644021,106.420073135379,103.886872482828,83.4277650483475,104.606924246472
2023-05-24,118.367937890224,104.896887395508,103.157378072003,82.8015720966081,103.477314326302
2023-05-25,117.919914915893,103.505634779963,102.299357241835,81.7798717867242,102.455383182244
2023-05-26,117.721570199692,102.412555038213,101.335735607126,80.8953616221803,101.105805064262
2023-05-27,118.534942349894,102.571665913096,100.137695630209,79.9016157615483,99.9488834011625
2023-05-28,119.299529865136,101.877556903384,98.7007865729702,79.0807731314514,98.9558046085444
2023-05-29,119.242664708711,101.586426522375,97.3863301838016,78.324474693112,98.7100086445602
2023-05-30,118.723692045926,102.384653068354,96.5974604152078,78.0105376805933,98.4822148062128
2023-05-31,117.830500512326,102.219658895023,96.4491888217578,77.5258311743438,97.8782127624653
2023-06-01,116.912087480604,101.743558310048,95.5984058054427,76.653944919888,97.5917473829729
2023-06-02,115.831939986726,101.146552133124,94.167877598556,75.4573982220606,97.1199119534062
2023-06-03,114.427429823414,99.7779502043877,93.424258174623,74.3354687785226,96.5181276724927
2023-06-04,113.208513562571,99.6430734024784,92.6828708589683,73.3231328416088,96.718846350517
2023-06-05,112.203140729337,99.4500086974032,92.4963425137959,72.5151614851899,97.6291150228312
2023-06-06,111.454319197709,100.034557214444,91.7500130510738,72.0540103972195,97.9507849017377
2023-06-07,110.702940967883,101.296398460313,90.4224695674774,71.7942762860008,96.7255480235984
2023-06-08,109.048017547629,100.011555212055,89.2823764759797,71.3426241705485,95.85817273326
2023-06-09,107.57205114914,98.5006805859402,88.18861427571,71.6370417695719,94.3609618454753
2023-06-10,107.061620788007,97.4303619159778,87.7853485157973,72.3744839483302,92.8640317977525
2023-06-11,106.169808080938,98.2157216112347,87.6878332121552,72.257538245713,92.2778897221421
2023-06-12,105.227670363705,99.1889194597187,87.9156967099404,71.8032548712877,92.3777225552611
2023-06-13,105.646817222318,99.1447899760404,87.8056779253145,71.2801326482729,92.0552381261755
2023-06-14,105.940205472983,98.9403084068305,89.5230977134998,72.1777915059632,92.3519254904407
2023-06-15,105.335699042929,99.1150448356811,91.4153365483429,72.3184429650786,93.9915132950911
2023-06-16,104.879735900323,98.2978771761739,91.114832141886,71.6405458459853,94.2074418883915
2023-06-17,103.859920306662,97.4025359792589,90.4714681770369,71.0244555141144,94.9424297336448
2023-06-18,102.802830497646,96.6054251786606,90.0909750766704,71.0114393064854,95.2378238712057
2023-06-19,102.362998780927,95.5976997066978,89.7676249719573,73.4466977102476,94.6887805994501
2023-06-20,102.464448025693,94.9649657167673,90.5973960284592,77.369490999551,94.7612113542785
2023-06-21,102.1307695667,94.3647103463379,90.8683825570839,78.281427582125,94.2414557030524
2023-06-22,100.773793888528,93.9061979926032,90.8560087390783,78.1121541167957,93.37510819569
2023-06-23,100.156907992589,93.5286091558355,91.4322743212625,78.0105363492644,93.0401446781751
2023-06-24,99.217712226011,93.6574339630445,91.1777532448366,78.1010847707255,92.8622582694497
2023-06-25,98.0111608605326,94.4661613046487,91.2571087804824,78.5682006362259,93.6352309855214
2023-06-26,96.836374175813,93.8416893991034,92.6158365057308,79.5361453528048,93.1601159821089
2023-06-27,96.6421449416411,92.9784627624514,92.8321663389765,80.3581706623379,93.113846891868
2023-06-28,95.9758315499279,92.5235560470763,92.2440035737823,81.2193877962063,92.5833599698651
2023-06-29,94.5456114854071,91.5965857322488,92.2817781823016,81.5624643907731,92.0232211015273
2023-06-30,94.4721753500875,92.7329036562766,91.7784655626962,81.3313114580256,92.2042056159464
2023-07-01,94.6230147690194,94.0345770479902,91.5918140562213,80.771100519308,91.6316969290167
2023-07-02,94.0201876868424,93.8906991975139,91.7676917060199,79.8470868418387,91.6008506860767
2023-07-03,93.3173605711049,93.1999671846314,92.3401890619117,78.9002924655484,92.9445821028692
2023-07-04,93.455773318304,92.2103583384063,92.6646544633563,77.7765536603754,92.7906747526769
2023-07-05,93.1886847423487,91.5714933601351,91.8335755876151,76.3167413451694,91.7817539791753
2023-07-06,92.1011486179957,90.3577288216361,90.8437904818244,75.1645642381363,90.4827781114145
2023-07-07,91.5180884322692,89.2425347939233,89.455192593194,74.7080281339679,89.0373716546689
2023-07-08,91.3791099011595,88.5911960246904,88.0006561462709,75.0090631528001,87.7963369006648
2023-07-09,91.3009023877197,88.286455235408,87.3720638417392,75.0591735047805,87.0293850818902
2023-07-10,90.9831271493635,87.6546286447836,88.131780857047,74.3874935106834,87.4994689744067
2023-07-11,90.8942228570148,86.7710568241525,89.48764035312,73.6420335097646,87.7673861166019
2023-07-12,91.1080860109732,86.2912226033191,89.1882830705321,72.8528190311222,87.4913587064059
2023-07-13,91.2574614699072,86.6842670074816,88.8820099111957,72.2881436364489,87.1905933210443
2023-07-14,91.5083620940769,86.5259516081784,88.1594205520445,74.4018989042201,86.1906651791263
2023-07-15,91.8057092336697,85.6399750378827,87.4192591393265,77.6286208777036,84.6608362008736
2023-07-16,91.9176418355376,85.0863462661396,88.1404618466791,78.8608127014954,83.4067612893959
2023-07-17,91.9305880775236,84.8414634109339,88.4692068429352,78.3588672231783,83.3779141812044
2023-07-18,92.5941526969459,84.9127455168078,87.6747029536674,78.2339176549386,83.6397565859555
2023-07-19,92.4374784325366,84.9962210058014,86.0036450479191,78.2166527622532,83.1151879031012
2023-07-20,92.4906341066074,84.5750107645712,84.1538666709577,77.8964766805257,82.0002638485808
2023-07-21,92.4912927149043,83.7844358618783,83.3639364349635,77.7709526647248,81.0173396582644
2023-07-22,92.0369422543815,82.7864781292187,83.3405539364365,78.0282314733614,80.9273749637534
2023-07-23,91.7799562028767,82.1173134707581,82.8845286162818,78.913152174469,80.9743944888523
2023-07-24,91.3440790209267,82.0960640515358,83.1739094041603,79.5789750926278,80.7505058110869
2023-07-25,90.5007491235319,82.5899082248382,85.179762326965,80.5031736453297,81.3940937666115
2023-07-26,90.365691882152,83.6626195436257,87.6403289324763,80.865119766906,84.1499905794268
2023-07-27,90.6528735187462,83.3132346150177,88.8837318474058,80.3648523707752,85.9741169520351
2023-07-28,91.1814951293135,82.8046541755171,88.6278919193941,79.9594926993322,86.067822947529
2023-07-29,91.7119884244944,82.7777015322845,87.8695730887423,80.499774694503,85.619128798152
2023-07-30,91.3371601304198,83.5143954398929,88.3099749148513,81.1231072538974,84.7127348278347
2023-07-31,91.27340589014,84.4166100370417,89.2416351437131,81.1525364538541,85.0060427672618
2023-08-01,91.1751645517542,84.3569462890504,89.8867514618282,81.309433701398,86.2132376870151
2023-08-02,90.3912097304544,83.6162603597334,91.3173245480395,81.1229181876786,87.4586895281237
2023-08-03,89.940179056175,82.7228649635813,91.3651225355697,81.7965373765624,87.3200118408641
2023-08-04,89.3434989017721,81.8883929205844,90.4716617573768,82.3461176270157,86.8220136078988
2023-08-05,89.3074327584264,81.6269310632761,89.8269342939641,82.1402400172133,86.3823602204995
2023-08-06,89.3882223657583,81.0006228145583,89.3886698702504,81.6221099201349,86.0143863149506
2023-08-07,88.9004459240222,80.0165855328963,89.0603373796711,81.1421384077339,85.3139449369619
2023-08-08,87.9659108267077,79.8017186868165,89.1578094509223,80.9383156214221,85.2266413646029
2023-08-09,87.6810084086424,80.5984058088969,89.7583518110675,81.0463489921065,86.0647209967235
2023-08-10,87.6085883116859,81.5822884078871,92.226333581085,81.6137405440281,87.9727716892754
2023-08-11,87.5093611652046,82.0266840666827,92.3908397054097,82.9086490608302,89.1919007306723
2023-08-12,87.6630033974755,82.2261073397975,91.7227785044901,84.4763218388923,89.299479145495
2023-08-13,88.3808960328615,82.5292812357949,91.1280790676126,85.5946496779889,89.058416620288
2023-08-14,89.37377425807,83.2345606490179,91.1927841799819,85.8056537403672,88.2938339536864
2023-08-15,90.0419461275857,83.5296386520305,91.37478570373,86.3447218684802,88.3874508674843
2023-08-16,90.573346103148,83.6517124808856,94.4623758283339,86.9979749899264,90.2907041981574
2023-08-17,91.6998537475393,85.7831510723729,94.9229433317904,86.7200406982501,91.6111284942146
2023-08-18,92.4726180432246,87.264306640471,94.1990061313676,86.1434613656728,92.304624476673
2023-08-19,93.3438790589728,87.7977951039117,94.574407361519,86.0615408155469,92.8205196554864
2023-08-20,94.6825707413259,88.0399157210248,95.0497582712057,85.8461193701279,92.6244774039826
2023-08-21,95.4281456284192,89.096731282136,94.6599654021813,85.1168814406882,92.0626339639829
2023-08-22,95.5493131358115,89.1539089024319,94.2488237658698,84.9627979382865,91.4793454795847
2023-08-23,95.3290892956421,88.4043386741342,93.5741467032734,85.0928033229245,91.1660927346628
2023-08-24,94.8679507922841,87.7767236598587,93.3265246316527,86.0445825261595,90.6827188398915
2023-08-25,94.9540061819663,88.6160921638863,92.6816220784791,86.1916560999906,90.1910612271357
2023-08-26,94.9899352162263,89.0266392165356,91.9722772515864,85.9829857307688,89.766883071921
2023-08-27,94.5582195463126,88.9511063288884,91.1382925322773,85.7564726206642,88.7673477213729
2023-08-28,93.8442515908872,88.3826410589993,89.9162529377165,86.5552602405734,87.5224106644772
2023-08-29,92.9667463053756,87.6122722832973,90.397587836161,88.1461109535496,87.6841795220476
2023-08-30,94.0437045671167,87.9932667619048,90.1657863296974,89.5084195580244,87.161181961702
2023-08-31,95.5078983019389,88.1881383168092,89.8408455324297,91.2557256674909,86.4222346256372
2023-09-01,96.2553913490823,89.6624135734847,90.6120347500486,93.0008991452013,86.2341814127384
2023-09-02,96.7225689634323,91.0661826746568,90.1836977649722,93.3137646791966,85.8852562884341
2023-09-03,96.5423992387504,91.7568379595746,89.5429477381855,93.4582997076508,86.0558492692172
2023-09-04,96.0264504770053,91.3082209583495,88.8955622882922,93.7708279219734,86.4794390562831
2023-09-05,96.077112090008,90.6313864322609,88.6418542677238,94.8603121897873,86.1230031303444
2023-09-06,96.5084407955963,90.5317068993017,90.5557259456436,95.5970758167914,86.3432988017887
2023-09-07,97.880261655364,91.0398754169392,92.3980660422841,95.1948063701412,87.7373519376744
2023-09-08,99.7643803208959,90.977254518974,92.9920979544112,94.3987107951891,87.5829788253747
2023-09-09,100.438036576768,90.3406831431872,92.891536455328,94.0319974440292,87.3857343632349
2023-09-10,101.025403618399,89.8931264607339,92.1663006967562,93.8309924468183,86.7150440812328
2023-09-11,101.086879652094,89.3616005677247,91.0325374389487,93.5088780570353,85.8157378215144
2023-09-12,101.403196530804,89.3505106041293,90.0791357601182,94.9942658612657,85.4222569011815
2023-09-13,102.373825472922,89.2357145818654,89.5672645198768,94.9431400368326,85.5967256560965
2023-09-14,103.097671538735,89.3849851582343,89.5742016600351,94.5698724322818,86.2468674504211
2023-09-15,103.734893790421,89.61677185961,89.6518513457155,93.7877512946123,86.5783568250792
2023-09-16,103.847782511394,89.3104899569496,89.1442450711681,92.9661415438329,86.3896524888908
2023-09-17,103.246925369206,88.9986442263753,88.5108715734645,92.0179851342052,85.9507483119039
2023-09-18,102.929091537123,89.4258463488691,87.91696089409,91.0677014140729,86.0043537938273
2023-09-19,102.992011497531,90.056545386484,87.4383862087659,90.4326791888519,86.3527356022857
2023-09-20,103.110427147444,90.5097685481307,87.0785338028333,90.2211531615857,86.3460718716939
2023-09-21,103.881968017641,91.1576661768233,86.6770042543766,90.0348033845962,86.6170124610235
2023-09-22,104.797955253446,91.85208177343,87.0421067016503,90.0110528255017,87.9533724422252
2023-09-23,105.587434125813,92.2973856463829,88.1732161583143,91.4758400155249,88.7689726607755
2023-09-24,105.53003114154,92.055822039335,89.1285949385831,91.6973422922216,89.2983051795666
2023-09-25,105.32568331806,92.7053497773526,89.3724832469953,91.8237535808423,90.0447408714987
2023-09-26,105.009665514242,93.30178200166,89.7804918645845,91.7397640897165,91.5255912678568
2023-09-27,104.808427691072,93.8779325591837,89.9167362561876,91.4470984670072,92.1913352648475
2023-09-28,104.45406730478,93.9311607768371,90.5355870973615,91.5585030954126,92.7845604464645
2023-09-29,104.346914760571,94.1048843325093,91.5048476259604,92.189245445387,93.3180678838873
2023-09-30,104.311529949613,94.0419669853193,92.5480673699273,92.8490867153567,93.6252766385782
2023-10-01,104.452317107097,94.1830831312158,92.7354659066697,92.6970920924116,94.0349803001658
2023-10-02,104.327627685398,94.143905844645,92.7991780610525,92.2850252691208,94.0393479762836
2023-10-03,104.298176084564,94.3891538468288,93.1753860032522,92.0397776538256,94.5609857250733
2023-10-04,104.128064259533,94.5049023509954,94.262200237483,92.1167936491617,95.6395947224084
2023-10-05,103.857755752693,94.7237699191572,95.4301935692683,91.6800870189208,96.948051348358
2023-10-06,104.054090415829,94.9500620955559,95.4639644667525,91.0788888038878,97.2780841141315
2023-10-07,104.542709455477,95.3865482949662,95.2860068849347,90.8535878198113,97.7074127093155
2023-10-08,104.891748273651,96.2539987810608,94.9925315778682,90.8834737508836,97.9552352068599
2023-10-09,105.077108023446,96.7916819788893,95.1974299999732,91.4691974162698,98.2952172408834
2023-10-10,105.856066924959,97.3563422600864,95.1520099361177,91.7547005467787,98.5103876935689
2023-10-11,106.911038467405,96.9271640202104,95.3768725041155,91.7685343998372,97.7855412000533
2023-10-12,107.397296039734,96.538990724626,95.7462033890354,92.1656477531783,97.4375548011798
2023-10-13,107.081302175353,96.511638596747,96.4277052650647,93.3386864654515,97.4240043184915
2023-10-14,106.448243756576,96.4395118921216,97.5684206032405,93.7859213017911,97.8489231014473
2023-10-15,105.950875993733,96.4279362287535,98.0674037176143,94.5758064274937,98.0842133808921
2023-10-16,105.552917903452,96.4256222653568,98.9168284589043,94.8399153233485,98.3298221403112
2023-10-17,105.087704569605,96.2915940274436,99.7922647887771,95.1917540745477,98.3698832991479
2023-10-18,104.736050765444,96.3171178618385,99.7427371294897,94.8522374926044,98.4406354222418
2023-10-19,104.909025406716,96.6798256888784,99.595580867297,94.2040194709629,98.9674294753109
2023-10-20,105.0992509572,96.6238987668034,99.1953765001667,94.0591719687206,98.7921523623222
2023-10-21,104.668440733964,96.1459215339506,98.8190626873265,94.9848788244962,98.1797519382848
2023-10-22,104.279162285767,95.6227127921544,98.5853804931689,96.6785160478857,97.6537093854656
2023-10-23,103.911805838866,95.2061367377468,98.3959256297925,98.4865370705137,97.2005966772224
2023-10-24,103.563965153843,94.8283189144937,98.0493677766076,98.6219321282406,96.7755876394759
2023-10-25,103.217325836253,94.4339510667808,97.4308986304627,100.494053319532,96.240978344251
2023-10-26,102.915914962542,94.1231640908102,97.803138715424,102.565189232474,95.9402669363842
2023-10-27,102.801407531884,94.2416378980098,98.8048499190788,102.520095191949,96.385592444112
2023-10-28,102.645906644436,94.0761598235983,98.0511039829383,101.573338032487,96.0499462005674
2023-10-29,102.430354867057,93.9342007030559,97.3988139784535,101.534149800826,95.6197673985957
2023-10-30,102.203414448474,93.7293405327815,96.9102643061305,102.716504572435,95.3272938204536
2023-10-31,102.002405322014,93.7118363282416,96.641529935705,103.345417314469,95.1776686014114
2023-11-01,101.790329563889,93.5023317854475,96.3568655913681,103.212595029893,94.9129789219154
2023-11-02,101.579470200704,93.2396703734669,96.0135542259476,103.436645911541,94.6163097429923
2023-11-03,101.379268770616,92.9857469706179,95.7438063724061,103.709263746137,94.3435050611749
2023-11-04,101.189718781738,92.7465313473441,95.5824934374505,104.41080652763,94.0911055081369
2023-11-05,101.012236745143,92.5252687067098,95.3292398522809,103.947394982087,93.8437778855985
2023-11-06,100.844280527539,92.3241147900883,95.1419206125003,103.279122498201,93.6262749205216
2023-11-07,100.686088139007,92.1694572723066,94.9416375607987,102.743909946658,93.4681281729495
2023-11-08,100.536968289131,92.0029665214659,94.7207861848136,102.26777954419,93.3367909344632
2023-11-09,100.393680316079,91.8355279926146,94.5052202932762,102.23224568415,93.1630967082108
2023-11-10,100.255498556888,91.6787315556302,94.3087544822141,102.54016480891,93.0138860455068
2023-11-11,100.125252059816,91.5378524436229,94.1597546963882,103.372025819871,92.8821923354922
2023-11-12,100.000219692223,91.3941088921059,94.0489042464413,104.263386870151,92.7371697098552
2023-11-13,99.9141329396666,91.2957142671844,93.8893864827161,104.734788859592,92.593992606811
2023-11-14,99.799428253292,91.1693673649317,93.7741488643338,105.087164989979,92.4576329400333
2023-11-15,99.6926502180257,91.0540400659612,94.2827903112188,105.93857156814,92.4459664009471
2023-11-16,99.6019239195818,90.991485367887,94.6627221791184,106.085822592433,92.40177254542
2023-11-17,99.4906858159071,90.8774546528358,94.5710833715547,106.260586380532,92.2977149535238
2023-11-18,99.3868904240834,90.7696834565079,94.5630741667316,107.167828127741,92.2442563488258
2023-11-19,99.2966605937121,90.7165492737167,95.3810974715299,107.965230609089,92.4547801556237
2023-11-20,99.2105841448141,90.6901968358281,95.4832485936993,107.119102896949,92.5617183387266
2023-11-21,99.1132027172642,90.5779325013959,95.2639763157458,106.274110531231,92.4337020096571
2023-11-22,99.0187619439122,90.4700507709017,95.0411890019698,106.003752964494,92.3071419002214
2023-11-23,98.9279649121881,90.3711371096874,94.8305593997538,105.949957509589,92.1904854954535
2023-11-24,98.8436289010019,90.2814120758524,94.6332525153167,105.546200913901,92.0849989111099
2023-11-25,98.7687740529789,90.2028835399368,94.4516064016189,105.314959133128,92.000196728967
2023-11-26,98.7006145363302,90.128233354584,94.2798535399832,105.026137909911,91.9011794599755
2023-11-27,98.6269996761298,90.0454196893329,94.1198897679068,104.589539776508,91.8184384963286
2023-11-28,98.5510686632034,89.9646067357315,93.9728698502331,104.170755420481,91.7580708895287
2023-11-29,98.4762545536928,89.88646140964,93.8253020408631,103.824564512993,91.6668852715619
2023-11-30,98.4018540174805,89.8072136035057,93.6886093775669,103.600694160279,91.576487411929
2023-12-01,98.3299446717009,89.7284191699471,93.5604042842961,103.265176051137,91.4933783738228
2023-12-02,98.2591152357325,89.6485549704908,93.4341540696746,102.95225220828,91.4080488340107
2023-12-03,98.1868445765326,89.5679510977737,93.3115319959714,103.624808754775,91.3231035225238
2023-12-04,98.1157792963056,89.4880146314709,93.1940897328086,103.721312452169,91.2465517317945
2023-12-05,98.0465875047328,89.4103141415387,93.103464447425,104.296498698619,91.1693900066824
2023-12-06,97.9784950548011,89.3369860161423,93.0349801746903,104.680840132913,91.1073634373913
2023-12-07,97.9122886264022,89.2679877906563,92.9340122582322,104.183723356286,91.0413458161497
2023-12-08,97.8482411209903,89.1972870793058,92.8330519566386,103.676020890308,90.9709205321766
2023-12-09,97.7863458040081,89.131828418983,92.7375125446382,103.235267968423,90.9052735347105
2023-12-10,97.7259037772889,89.065339923168,92.6426663733138,102.845086066346,90.8392059961972
2023-12-11,97.667167211448,88.9978118165964,92.5474326486242,102.494845271008,90.7679654257325
2023-12-12,97.6095252620293,88.9331348204417,92.4565105162037,102.177551521896,90.7029111004365
2023-12-13,97.5528621841358,88.8702238670708,92.3681237469148,101.888428245234,90.6383080744977
2023-12-14,97.4977303755576,88.8074299680693,92.2866290813048,101.623451067486,90.5803028471001
2023-12-15,97.4453754437716,88.7471891914351,92.2091559587732,101.380823665688,90.5194993054962
2023-12-16,97.3937076673737,88.6878333486501,92.1324303673517,101.171460644053,90.4584067893662
2023-12-17,97.3431023722488,88.630856326481,92.0561112090129,100.971475772471,90.4000772173593
2023-12-18,97.2941404114027,88.5767398124733,91.9857126106696,100.774448640601,90.3508708622931
2023-12-19,97.2476062333081,88.523244918779,91.9145376881463,100.593048533259,90.2937893010589
2023-12-20,97.2039284730767,88.4722054723678,91.8521887081189,100.425235807436,90.2380949379567
2023-12-21,97.1617604897861,88.4214396845738,91.7966990513099,100.495596948134,90.1880269731272
2023-12-22,97.1195944598151,88.3738732362599,91.7813497062792,100.782477329742,90.1497760679906
2023-12-23,97.0799442778923,88.3309739197558,91.7844856416276,100.690116539655,90.1180592042226
2023-12-24,97.0414436025897,88.2919747426095,91.7279938357728,100.539038864939,90.0772746247122
2023-12-25,97.0077102368091,88.2539581159568,91.6752069080383,100.607501494548,90.0426029712326
2023-12-26,96.9747837619595,88.2164847561074,91.6322692335899,101.239466993674,90.0100017044949
2023-12-27,96.9355773284599,88.1749026417989,91.5795043341704,101.15917770669,89.988855755707
2023-12-28,96.8955685429985,88.1293127376156,91.5308049860129,101.105867930745,89.9416248573482
2023-12-29,96.8557711583991,88.0832022113679,91.4888857517447,101.444639522147,89.9007315060113
2023-12-30,96.8176300540692,88.0427389873278,91.4476965004209,101.258511652943,89.8712379407898
2023-12-31,96.7835942557959,88.0132601788661,91.4058022331107,101.034737225133,89.8464859992739
2024-01-01,96.7502158373999,87.9791412686554,91.3577680609385,100.850059734532,89.8110347663506
2024-01-02,96.7154305327979,87.9397701902781,91.305990358731,100.669029397196,89.764540027151
2024-01-03,96.6795656170831,87.8974011128669,91.2532950349774,100.472589952127,89.7198974954464
2024-01-04,96.6448075413782,87.8524635128808,91.2001397805724,100.283703646337,89.6743910133927
2024-01-05,96.6110134661125,87.8052664701637,91.1496828488664,100.118028486717,89.6279306436928
2024-01-06,96.5778504523063,87.7600288694773,91.1043097241947,99.9560097472589,89.5835532172401
2024-01-07,96.5468856353943,87.7177458015458,91.0581307516422,99.8138561903367,89.5393890371797
2024-01-08,96.5177633347135,87.6778680940458,91.0152468755321,99.8101950567612,89.4990169677855
2024-01-09,96.488104213148,87.6371375256416,90.9778818413767,99.7048062900427,89.4597833182477
2024-01-10,96.4576818527103,87.5965777836763,90.9293648917249,99.7030017251553,89.418109610003
2024-01-11,96.4290622413011,87.55508169611,90.8834867083904,99.7494684165832,89.3771646508031
2024-01-12,96.4216828128105,87.5287108429165,90.8398149558552,99.6014006960235,89.335548059801
2024-01-13,96.4214280667116,87.5218020635855,90.7933456973305,99.4595695096847,89.2935606755687
2024-01-14,96.4136169758231,87.5030860152306,90.7536313176492,99.4561351842544,89.2551829670592
2024-01-15,96.382825283299,87.4620762404133,90.7063430531704,99.3948353836568,89.2151695980331
2024-01-16,96.3587003374916,87.4289784810426,90.6693574305432,99.2634667624008,89.1752991287724
2024-01-17,96.3294842090782,87.3993431551794,90.6356863026739,99.1363462970522,89.1386443883788
2024-01-18,96.2995091177912,87.366132071338,90.5943438814017,99.013186097525,89.103608633952
2024-01-19,96.2698030715367,87.329461668709,90.5525965901697,98.8978267737197,89.0684190211546
2024-01-20,96.2420459518482,87.2961888340153,90.509816327875,98.7859598684711,89.0325699240874
2024-01-21,96.2168456556429,87.262802553413,90.4669248062204,98.677764702694,88.9968980390919
2024-01-22,96.1936301323387,87.2266356643475,90.4224406551218,98.5745610606668,88.9579010506486
2024-01-23,96.1713266001496,87.188506850207,90.3813070383459,98.4764822879108,88.9182095094222
2024-01-24,96.1483181675494,87.1519360911136,90.3440621242683,98.3861704443994,88.8816426009716
2024-01-25,96.1255200790296,87.1175361725696,90.3069189823154,98.3076867577969,88.8472844971803
2024-01-26,96.1016160919213,87.0834592725295,90.2732594509444,98.243768201731,88.8138115880477
2024-01-27,96.0781481821156,87.0483312906926,90.2501240732587,98.1880178822873,88.7862124623452
2024-01-28,96.0555852035657,87.0181534216012,90.3615297661401,98.3237804561058,88.8516732499296
2024-01-29,96.032484433109,86.9958906619667,90.6052341572087,98.5309988203274,89.0744921476127
2024-01-30,96.0101408371844,86.9988612086249,91.2927303909253,98.8949154944373,89.9525180433444
2024-01-31,95.9885654594797,86.9927323564788,91.7863057164219,99.0536145540484,91.1932493375273
2024-02-01,95.9686466985651,86.9658270269382,91.7705646932816,99.0134262958249,91.2012764181071
2024-02-02,95.9504728533598,86.9359009809502,91.8362637190909,99.0498597957343,91.1541658751905
2024-02-03,95.932228819743,86.9055535849378,91.7933734078436,98.9976329203787,91.0816793463089
2024-02-04,95.9134083231933,86.8750673679865,91.709242343728,98.8814443944307,91.009132613086
2024-02-05,95.8943289093489,86.8463863503493,91.6365339717347,98.7729415166695,90.9420531719384
2024-02-06,95.8762962995171,86.8218258859524,91.569049192736,98.6710419467003,90.880457603965
2024-02-07,95.8579174371136,86.7986883305351,91.5109723704895,98.585880138376,90.8204948877889
2024-02-08,95.8388596095011,86.773852831558,91.4459368366311,98.5098668009919,90.7640499265599
2024-02-09,95.8197046562833,86.748611046942,91.385561482892,99.5101632225662,90.7065483729968
2024-02-10,95.8007824317687,86.7244115488403,91.3651919983038,101.333836224461,90.6612576617191
2024-02-11,95.7834905116371,86.7066367483402,91.3472262532419,101.429027987432,90.6276195628157
2024-02-12,95.7667130163395,86.6925023544913,91.3379166972616,101.252790634892,90.5904670467537
2024-02-13,95.7511243018265,86.680007508409,91.29951123175,101.070003085919,90.5426707058565
2024-02-14,95.7547949317888,86.7749113996597,91.2473538630475,100.917719418526,90.4923782256871
2024-02-15,95.7399856273828,86.7724879535412,91.195071200158,100.767100674063,90.4423572195182
2024-02-16,95.722571153577,86.7459339881357,91.1850882225782,100.620028352263,90.4006488910266
2024-02-17,95.7043870873136,86.7186703935486,91.1595152890061,100.491493428496,90.3575695679926
2024-02-18,95.6861303296103,86.690471100698,91.1253645313967,100.380710653253,90.3149772483813
2024-02-19,95.6678097832227,86.6614175616181,91.0823238921256,100.269969366201,90.2659191013419
2024-02-20,95.6494948145933,86.6333489822153,91.0455744567651,100.171244489831,90.2196130435831
2024-02-21,95.6339386342734,86.611517853931,91.0140694428444,100.082659846843,90.180951644064
2024-02-22,95.6222596837287,86.5905602507519,90.9898200727345,100.010828993311,90.1497269134111
2024-02-23,95.6076899321833,86.5679987532016,90.9716011513485,99.9383636379098,90.1183891560161
2024-02-24,95.5910843493669,86.5442501122526,90.9390704697834,99.8670888485701,90.0749634971669
2024-02-25,95.5745025979037,86.5183616341805,90.8960843349158,99.7718878011653,90.0319249781445
2024-02-26,95.5580420722832,86.4918557502492,90.8518088623802,99.6789861385406,89.9885198080543
2024-02-27,95.543009471439,86.465670930586,90.8101116702699,99.5878348157464,89.946510208458
2024-02-28,95.5300750492367,86.4394306192375,90.7695496846692,99.5007801897838,89.9043444123014
2024-02-29,95.5166501083575,86.4129225350498,90.7346962555418,99.4156463075406,89.8650232967012
2024-03-01,95.5019757181971,86.3870979905054,90.7024039676514,99.3365497589346,89.8264533555828
2024-03-02,95.4873716164198,86.3619322385509,90.6684794459149,99.2584781848429,89.7890913875909
2024-03-03,95.4752723507342,86.338163951529,90.6354041351445,99.1823010691187,89.752999395179
2024-03-04,95.4644335094629,86.3153484617222,90.6055136491512,99.1104004047493,89.7161729132232
2024-03-05,95.4505486558076,86.2921544773813,90.5754305060301,99.0397962272254,89.680578606318
2024-03-06,95.4370842747783,86.2691940164221,90.5472903106991,98.9713338511957,89.6455000441957
2024-03-07,95.4252517153477,86.2477512296831,90.5289652015107,98.9085198386614,89.6203603929566
2024-03-08,95.4130013431945,86.2276581163102,90.5418712881597,98.8639217316603,89.6051753292679
2024-03-09,95.4000815925861,86.2088977797316,90.5975054949744,99.0712075197042,89.6079506780946
2024-03-10,95.3875266266298,86.188920889863,90.7009224841215,99.7101808568694,89.6678856798947
2024-03-11,95.3756109609854,86.1695092291368,90.8042263916489,100.027420821997,89.7092828496864
2024-03-12,95.3645034002916,86.155279206206,90.9220974469607,100.298539856801,89.7314421001063
2024-03-13,95.3560377441576,86.1476022647806,91.0601134062709,100.441991709179,89.7730352661393
2024-03-14,95.3454274166624,86.1340139163888,91.1722197682006,100.477293403623,89.8251743714391
2024-03-15,95.3337078703393,86.1186818618236,91.353860818289,100.562086106312,90.0232594630916
2024-03-16,95.3211394561332,86.0992527551806,91.5255719112194,100.568008895304,90.0263901935501
2024-03-17,95.3101652032189,86.1091286853116,92.1670548050854,100.70186682154,90.3241296349516
2024-03-18,95.2997804807771,86.1556958448233,92.824447095342,100.925899663014,90.8178228966575
2024-03-19,95.2898547398181,86.148781253561,92.9993017608473,101.214212351197,90.8441062316516
2024-03-20,95.2861810892654,86.1534759171418,93.1629284358882,101.548348434518,90.9117067470249
2024-03-21,95.2901523665854,86.1702016111511,93.260399369541,101.605488448091,90.9556129828472
2024-03-22,95.3166513862271,86.2795196042169,93.2408389484705,101.660962477616,90.9342828487497
2024-03-23,95.3203145298147,86.3505392050402,93.233570376575,102.007291989729,90.8970619634135
2024-03-24,95.3185545221956,86.3739155512893,93.2688152868969,102.512055490406,90.8864903585479
2024-03-25,95.340780634822,86.5769576789487,93.3330465177583,103.733362022951,90.9202693572779
2024-03-26,95.3544893968317,86.7566210681011,93.3753765158743,105.473248144378,90.9656206179212
2024-03-27,95.3555601480961,86.996257368849,93.3725097272756,107.683161130028,91.0217573989286
2024-03-28,95.343651686873,87.0172787676418,93.3841360634106,110.186091765508,91.0519664253876
2024-03-29,95.3371532672278,87.0417606039733,93.5100107519311,112.386691566447,91.1799130618271
2024-03-30,95.3410407401115,87.0821930978031,93.8065753956028,113.363312433852,91.3524177220233
2024-03-31,95.3487969174768,87.1012218028157,94.1554327539485,114.049161674718,91.4885253012993
2024-04-01,95.3429035037033,87.1505297996967,94.3395068213962,114.568673060488,91.6923155408619
2024-04-02,95.3345186222731,87.1637207620609,94.4786844451102,114.992132759166,91.898046722431
2024-04-03,95.3322860336462,87.1583983489162,95.5926580341467,116.731461405468,92.4234535114786
2024-04-04,95.3340595341687,87.1930731787409,97.4794440714,118.817594183272,93.0046890654531
2024-04-05,95.3535895278098,87.2953104335437,100.413610757894,119.853414050683,93.5636387852768
2024-04-06,95.4104750854554,87.5424678175539,102.07000087393,119.32894075648,94.1032152334813
2024-04-07,95.4742964328063,87.9092847982377,102.818654810079,117.785917387156,94.8828314223852
2024-04-08,95.5347895402804,88.4809911712272,102.742616182594,116.947979737451,95.9841632188793
2024-04-09,95.5934861154736,89.1192111521782,102.565831040257,117.687667884045,96.8707367168067
2024-04-10,95.6479286339095,89.6673074200099,103.141148682512,117.911542272833,97.9576222858528
2024-04-11,95.6894881802318,89.9592013216144,103.318309479383,117.003361100041,98.3775442298192
2024-04-12,95.7217696561591,90.2794985193568,103.200170923463,116.479865826803,98.5037580045032
2024-04-13,95.7349830615772,90.8532169301164,103.070347613439,116.764709643597,98.7984017918611
2024-04-14,95.7258647821744,91.6177781259528,103.198958367973,117.548928514774,98.9853879345815
2024-04-15,95.7822355862942,92.0855109577376,104.53943417194,116.796085811397,99.5599131653648
2024-04-16,95.979659142686,92.4199990257622,105.638684260051,115.912798466831,100.524201802391
2024-04-17,96.1327413312443,92.6038456493048,106.302296496436,116.333828323516,100.754592898823
2024-04-18,96.4071258343078,93.2623511438947,107.531038463222,116.56732774768,100.69278509129
2024-04-19,96.8978001801842,95.1986310060199,109.164966491917,115.854741832561,101.089902607724
2024-04-20,97.8643905934747,97.9182946558177,109.543899277346,113.984404192945,101.672546322756
2024-04-21,98.9851330912989,100.118179233096,109.553001706121,112.538280451095,102.355724030268
2024-04-22,99.8340551972364,102.07586687803,109.062633869919,111.034012548874,103.034569610882
2024-04-23,100.952760254914,103.04900574183,108.379941706254,109.27989277293,103.208656276121
2024-04-24,102.127998289077,103.828052841957,107.701030198944,107.836198531086,103.032956697546
2024-04-25,102.410297178341,104.444885251343,107.151793000001,106.854209649781,103.010413420737
2024-04-26,102.365654587356,104.559340222982,107.115875759212,106.5122369529,102.923294273744
2024-04-27,102.269677988357,104.626220064971,108.603039496446,106.396061881733,103.44099479303
2024-04-28,102.258155231448,104.54247700865,111.546715322328,106.869903076563,105.066569674053
2024-04-29,102.469370860513,104.748824063104,112.937724907716,107.135226099802,106.299422886145
2024-04-30,102.990380625613,105.69209628041,111.714725191034,107.118575276747,107.088237847581
2024-05-01,103.415076397612,106.053181156788,110.277132602947,107.902021989373,106.859460575127
2024-05-02,103.819373589215,106.302324104947,109.227166204726,108.814020133413,106.399271118036
2024-05-03,104.217374158968,106.481770412158,109.069452796164,108.995775917178,106.263307052395
2024-05-04,105.18624247638,107.196798516597,108.938055005054,108.930345591609,106.581622126873
2024-05-05,107.039675112008,108.4594724504,109.279560769415,109.299122158617,106.696949578867
2024-05-06,110.003209768958,110.146049269107,109.789850648984,109.230657084009,106.983295088046
2024-05-07,113.401981363318,111.174344768578,110.063018861964,108.825186972855,106.565163050777
2024-05-08,114.405840379407,111.172339181205,111.044242735437,108.097209527675,106.758484087155
2024-05-09,114.50117894345,110.54785694044,112.717697467023,107.545638286816,108.061481602285
2024-05-10,114.558137153023,110.334442325191,112.916099021895,106.491518477324,109.551488847703
2024-05-11,114.840031021637,110.053194685238,112.050728302417,105.244051051224,109.150131494214
2024-05-12,115.191812458163,109.609002009701,111.876561952648,103.958113757134,109.281366392566
2024-05-13,115.521436236467,109.679210076759,111.334214104405,103.434012575823,109.256600289999
2024-05-14,116.440586716342,109.99524804368,109.839999490801,103.124657501727,108.144367586736
2024-05-15,117.468219950413,109.972986851946,108.301577781895,103.210357898102,107.253617966843
2024-05-16,118.180889399047,109.730231490265,108.328640063225,102.502668398964,107.854360942705
2024-05-17,118.020988543942,108.870717905046,109.381890443088,101.643844212465,107.921653341617
2024-05-18,117.272214255349,108.142860482414,109.694722009171,100.734618176206,108.566093350899
2024-05-19,116.871889081257,107.63534814225,108.953841837531,101.767660594451,108.895226456601
2024-05-20,116.863276046825,107.630103155598,107.952979747898,102.858416101299,109.183072878244
2024-05-21,117.032616634115,107.110194490057,107.139329117863,102.438465237138,109.08149758707
2024-05-22,118.311404079688,106.640724761456,106.504190263203,101.898572415892,108.59527205952
2024-05-23,119.151693525459,105.742805658828,105.431285707328,101.304915186775,107.3230350236
2024-05-24,118.656904721419,105.158432784633,104.460427598272,101.037001686211,106.518301700738
2024-05-25,117.701097978315,104.841579726602,103.368979947004,101.294795809548,105.943884977203
2024-05-26,116.296186131996,103.921876727955,102.732726580539,102.58330110315,105.110930482149
2024-05-27,115.163412301418,103.433630891401,102.849121561342,104.08986012147,104.82355767293
2024-05-28,114.395947872751,103.123346069191,103.179235250024,104.665181136689,104.508795493622
2024-05-29,113.137309995266,102.242711312264,103.297971082586,104.617740291944,103.737857514413
2024-05-30,111.643584040365,101.942075394349,102.84394024662,104.495225424931,103.513297352789
2024-05-31,110.240810739979,102.079560652368,102.256000978672,103.569263030772,103.462349646637
2024-06-01,109.063641916507,101.346264223442,101.88797289996,102.023561591897,104.018857616968
2024-06-02,107.672759364424,100.24721560789,101.166088299849,100.468819032931,103.843258423602
2024-06-03,106.482893389538,99.7661047176995,100.521234111192,99.6209710412665,103.424210287952
2024-06-04,105.03364575026,99.3982426699976,100.437486387664,99.8064948423866,103.408180156424
2024-06-05,103.960893069275,99.4246219908903,102.068327891428,100.005937505004,104.329425230991
2024-06-06,103.64164805388,99.7655448426203,101.652238408652,100.764291851815,104.288209245022
2024-06-07,103.305112346484,100.341226098332,100.847455770739,101.712692755656,103.802495476787
2024-06-08,102.932787758024,99.930262663245,99.9022269507445,102.747454959179,103.094189136175
2024-06-09,102.204883650647,98.0800557508467,100.689824119277,103.056595554486,102.18678139055
2024-06-10,101.276136872124,96.1292881073227,99.7359160081836,102.402844501207,100.751143644295
2024-06-11,100.23399246304,95.5392623359509,98.3151697283786,101.799937530641,99.9813298655593
2024-06-12,99.0299988599621,96.0384251299957,97.1460618815237,100.906796736433,99.2587979585213
2024-06-13,97.7355379256059,95.728675052144,95.7265709496529,99.2623886359316,97.8347551605527
2024-06-14,97.4812619858368,94.9350561394231,93.8615901412822,97.1684420471998,97.0770520357073
2024-06-15,98.0359526747712,94.5104603159755,92.7334082110133,95.7364176750979,97.5697360312188
2024-06-16,98.0129854386425,93.4634906019289,93.1547682545469,94.5212831872614,97.7868483305608
2024-06-17,97.6366147955367,92.1713768801853,92.8784927002144,94.5416160179077,96.9860622330502
2024-06-18,97.5753054146958,91.2078348153228,93.072370646486,95.3068026386565,96.2590634198843
2024-06-19,97.4164530917594,90.7776787815069,94.0278506958202,94.7161567961789,95.9101185668591
2024-06-20,97.189374945922,90.3369629023796,95.2066004952252,94.2534542354445,95.8259796732982
2024-06-21,96.2895055146,90.2657207773896,95.9947349039653,93.7417405158771,95.4351331204299
2024-06-22,95.270884204266,89.9987293916344,94.664287323504,92.7139302622572,93.9338718910133
2024-06-23,93.9054995102525,89.8578902467509,93.5094295620068,91.3138907938778,93.2740065759528
2024-06-24,92.56077562192,88.7138479800983,93.1737592327657,90.9049189817764,93.7461846380473
2024-06-25,91.4234090819352,87.1455768444657,92.7973347282151,90.6739427468677,93.4937849542136
2024-06-26,91.037090365381,85.8147862394358,92.1828824098543,89.5162760754747,93.0682105534834
2024-06-27,91.1167324039387,84.5563554181796,91.786167654268,88.1253924256088,92.019986808282
2024-06-28,90.7462307535562,83.4046621443514,90.6158513964711,87.3468676012443,91.2691642772773
2024-06-29,90.0254641483656,82.0618079440292,89.7036608672238,88.4648470649198,90.1903415117383
2024-06-30,89.6706109266977,80.7711103325,89.0070871997347,88.3581963814147,88.7669717320835
2024-07-01,90.5062236742439,80.0637146300526,88.2634922232404,88.6620981213515,87.7692801498216
2024-07-02,90.9936461126965,80.2219043991807,87.2203885972359,90.0776625209017,87.006017333732
2024-07-03,90.6705244776794,80.2334698222581,87.3235922977787,92.0070574893068,86.6189993465517
2024-07-04,90.273716660478,81.0715966301341,86.2366946772352,93.1784008890986,85.2462435010955
2024-07-05,90.9193098770156,83.6966598773534,84.9798415800253,93.6051839159611,84.1990894934727
2024-07-06,91.1401311329873,84.2848468003012,83.2283673377841,93.281637669386,83.2877148708523
2024-07-07,91.1874075293927,83.9650129032316,81.757446094975,92.7135923208729,81.9928731503383
2024-07-08,90.6608408328134,83.840331658051,80.9369405820981,92.3336519987993,80.8139857823414
2024-07-09,89.9190242412045,84.1877065666369,79.729011363842,91.436577831884,79.8331002315461
2024-07-10,89.3820067711531,84.968709286729,79.1759767345546,89.7161157864453,79.3790729840552
2024-07-11,88.7983581270005,86.4572389482194,79.5482436112194,88.3128428095474,80.9340644432827
2024-07-12,88.0156759986968,87.374095067272,80.6638838470657,87.5670578511579,83.3993213145621
2024-07-13,87.5520682367819,86.7276769193387,81.2926472714623,86.312881801085,84.5419851766063
2024-07-14,87.7646593264894,85.7852921801239,81.4997211090258,85.4725265227631,84.9196621197556
2024-07-15,87.8293717556486,85.054788591013,80.7193336333581,84.9345984245086,84.1279848730975
2024-07-16,87.1772176590683,84.2692687645466,79.7831107907689,85.0398393620454,83.2793813557668
2024-07-17,87.2399132307037,84.1659395422761,78.5155591052637,85.6494323307893,82.4454126557863
2024-07-18,87.2734237987103,84.4014685611555,77.5725288756158,86.5264854554823,81.9001437951908
2024-07-19,87.2486344051141,83.7373456491637,76.857433827252,87.8589986850371,80.7702069108908
2024-07-20,87.6197854425595,82.7626561141088,78.7372222888119,88.9335309464227,81.5272762829154
2024-07-21,88.6325728401795,81.7388652917494,81.4597029820017,89.2426715022861,82.0700643528176
2024-07-22,88.2484551191502,80.5504427320782,82.7592985557613,89.8730082402243,82.2892276843679
2024-07-23,87.5170709621878,80.210098622124,85.5637116506904,91.4740835489414,84.6425682416369
2024-07-24,88.3247950731525,80.0720329361044,87.1084973137792,92.0965341709294,87.9263152669923
2024-07-25,88.7118129360009,79.8015934466547,87.740686989057,92.325160809028,87.7429444744101
2024-07-26,88.4756690977447,79.8952428484029,88.365651266543,94.5171842319867,88.2991569625625
2024-07-27,88.3218804033346,81.3793085444375,88.6161134661465,94.9736247278166,88.3117116972517
2024-07-28,88.4287792972567,83.4591257669342,88.3347698676572,93.8456717122114,88.0384514896873
2024-07-29,88.5945816165911,85.2628127999948,88.3504769576001,93.6213808241686,88.166167197048
2024-07-30,89.9066804997188,86.8624947665817,88.9572386652084,93.1339470916756,88.6879520406574
2024-07-31,90.7257323047098,88.0511521610734,89.7355358767803,91.8980778344591,89.3249185503686
2024-08-01,90.223626709163,87.9365427460265,92.1788752129254,91.0275028311482,90.7069807978278
2024-08-02,89.8625076268081,88.0843220945559,94.3864912025337,90.0887460336128,90.9370104735194
2024-08-03,89.7205536645587,88.8980727168626,94.1951074132054,89.8668921807062,90.4763578268565
2024-08-04,89.6076508407279,89.023149431909,93.5786851327064,90.0843615133847,90.1590228385297
2024-08-05,90.1648182251814,87.9704383672486,93.2716152578266,90.7014988780752,89.8513204701256
2024-08-06,90.6826546720455,86.6855618891799,93.4432903872762,91.5847668169231,89.0038638334679
2024-08-07,90.581399302688,85.2531208588544,92.8930186073304,92.4731768964652,87.8717721058878
2024-08-08,90.0387702526373,84.037569510178,92.4441702672365,92.9208971427078,86.6579235466872
2024-08-09,89.4949055205407,83.6364443343074,92.1545712378295,94.0461409254996,85.8120600484788
2024-08-10,89.9150567013584,83.6416651077613,91.7296936403972,95.3010993077277,85.2703927082378
2024-08-11,90.3525142495732,83.9493308314461,91.5414884421317,95.0110418900289,85.3289832344398
2024-08-12,91.9434040592297,84.551630341377,90.9125847499644,93.6439336711685,85.2604444095845
2024-08-13,93.7154576884257,84.8185265944691,90.7902865666565,94.0066909717701,85.3952269882135
2024-08-14,93.7047532871933,85.624487016839,92.0655181380901,94.3813711780559,87.5427297378169
2024-08-15,93.8653587431963,86.7858838169637,92.4161599215772,93.5737574216872,88.9440108442054
2024-08-16,94.7493895366705,87.7848144893387,92.8147386268199,94.0262996665624,88.9065441154088
2024-08-17,94.2698355444013,87.6084333162689,93.1236340763515,94.2992473634798,88.2580501622811
2024-08-18,93.609248043463,87.1835350282237,93.2632487026356,94.6896700367017,88.0679159156606
2024-08-19,92.8920122322948,86.9290467157285,93.6400884062963,95.2882073889101,88.5413471306969
2024-08-20,93.0753959980558,87.814925330956,94.4015386200608,95.8297771413205,89.3167806921876
2024-08-21,93.7767277178113,88.3930817747695,94.2342924655118,96.4624749675909,89.3643090786614
2024-08-22,94.053962661338,88.9384220212303,94.7050558686431,97.7062260922973,89.2880054196261
2024-08-23,94.5376877513612,89.8471510192104,94.0770121148502,98.4486786750628,89.383146388673
2024-08-24,94.8305230668216,90.234976482767,93.7507744500224,98.791577075864,88.5300678064522
2024-08-25,95.1798159953533,90.1100541681288,94.4684675049062,100.041732387889,88.6914505452699
2024-08-26,95.2326588166541,90.3878416958683,95.2644375823864,100.336953769231,89.3143644353837
2024-08-27,95.8587411588363,90.7740665153257,95.8919735572616,99.4002368255507,89.7244364211467
2024-08-28,97.1398867880139,92.1239566489235,95.8171004170623,98.5840133629117,89.9786801987582
2024-08-29,98.1818437745168,92.5383121595961,95.9587995740326,98.3201771881937,90.3519397357811
2024-08-30,99.2554996628266,93.0020607517282,96.646538761861,97.4478609079885,91.0600523527988
2024-08-31,99.8043010809181,93.0348762864803,96.9375538166211,97.1893403599095,92.0733099433452
2024-09-01,100.124536666666,93.0825180193527,96.4950635499604,97.5106207754227,92.3532897205481
2024-09-02,101.083004165505,94.0065525412843,96.9499026689518,98.0261946371905,93.0795381357875
2024-09-03,102.048568220889,94.1831456970231,97.1322087094628,99.5424576456394,93.0710653468822
2024-09-04,102.477847241636,93.5579263252285,96.8384517947299,100.960092470403,92.4046099795247
2024-09-05,102.610854536872,93.1981868312356,95.9982303122703,101.209205397222,91.8133116454256
2024-09-06,102.655753070278,92.680465346031,94.9394706072971,100.900868159606,91.2362531937147
2024-09-07,103.006039969712,92.5870614511727,94.8344376690627,101.060312642093,91.027912926088
2024-09-08,103.436393868549,93.4654942219387,95.9591739062019,100.751115426519,91.5535787598051
2024-09-09,104.16799710313,94.5779589180714,97.9258361981219,100.57149087554,92.9569507665787
2024-09-10,105.116064587427,95.897685741665,98.1944784901777,99.6685318920414,93.6787033879318
2024-09-11,105.326910033089,96.3642282019389,97.2118658081001,98.3578993053924,93.1762316083302
2024-09-12,105.124370586635,95.8931336555508,96.2928916154448,97.2303429560113,92.6639840535511
2024-09-13,105.318014585013,96.3447963317928,95.6944472262786,96.3993307882768,92.6811320009556
2024-09-14,105.242297530453,97.1545085249337,96.3111077334907,95.8088316789091,94.0028337014307
2024-09-15,105.098568397085,97.6898602875051,96.8592414447175,95.5900146143449,94.4345361179239
2024-09-16,105.012859949038,98.5704809821011,96.0545003875933,94.8601988220087,94.2398734034391
2024-09-17,104.984033622409,98.5364887524132,95.7064356740463,93.9338004938834,94.1629535146964
2024-09-18,104.686613607723,98.8622709475094,96.0825560903595,93.2221429964823,94.8245159303025
2024-09-19,104.920429443443,99.6493896194563,95.9145236289428,92.3966734447408,95.3233497329104
2024-09-20,105.406020005595,99.8587693715666,95.6272278199666,91.6495532372796,95.9442787824862
2024-09-21,106.147284422723,99.9634169781914,95.3855412184651,91.2776728244889,96.1346468671414
2024-09-22,106.594928686667,99.8871157073535,95.7735301358621,91.5517493839677,96.2480016058274
2024-09-23,106.68982871331,99.3835178627087,96.8200903966075,92.2852467991989,96.9256643488114
2024-09-24,106.765976079637,99.7317591916806,97.4579311271728,92.0632137456616,97.6858179464812
2024-09-25,107.1021683203,99.8310836893894,98.132469052486,91.7711869133865,97.6947741984534
2024-09-26,107.632215074303,100.151890301421,98.1564077315636,91.8312940624029,97.5763060284654
2024-09-27,107.915312661946,100.214224131604,97.9726221294429,91.9615637016845,97.282139976599
2024-09-28,107.955653748995,99.6208184513772,97.6119095400935,91.7611653950485,96.6855290079888
2024-09-29,107.765453822949,99.1750553574996,97.4408230276946,91.2368177024944,96.6697741984382
2024-09-30,107.886144898002,99.0339986293398,98.2093434375527,91.1360795671113,96.9777231507732
2024-10-01,108.419486550042,99.3693757922262,99.4457261518633,90.9447824036883,97.5051281412316
2024-10-02,108.908654936395,99.4356004232346,100.102627315853,90.7498560606008,97.8404210895586
2024-10-03,108.598471222155,98.7900909574996,99.5798027974463,90.2566821927951,97.3894119560427
2024-10-04,108.029337677201,98.4042789311918,99.1376495219493,89.7106925197682,97.3938854562729
2024-10-05,107.420123917116,97.8941385365434,99.522970168627,89.3642519461967,97.5697568343472
2024-10-06,106.934036131644,97.7972939013067,99.6722388470171,88.9220401852175,97.8753271710681
2024-10-07,106.461631302445,97.4862180930769,99.7001040512256,88.7269748017137,98.0006221217786
2024-10-08,106.105799367098,97.3986810358255,100.158815826234,88.9311254205966,98.2552949953536
2024-10-09,105.706431401301,97.4129494252677,100.313171575577,89.3536443207509,98.5538951828608
2024-10-10,105.362315066668,97.2752163897478,99.7598862819679,89.1894490202699,98.11317345238
2024-10-11,105.208870206455,96.8425265673023,98.9124811061228,89.3225720116472,97.4337790309501
2024-10-12,105.098175209641,96.5213744790519,98.3364611881469,90.1845015839224,97.1902530549167
2024-10-13,104.729980334546,96.2460857459316,97.9638016895986,90.07633196418,97.3469469785455
2024-10-14,104.421216517645,96.0672277421696,97.7120895703692,89.8697143945602,97.3460280251508
2024-10-15,104.176726581379,96.4126415813328,97.3687737638298,89.7339709813457,97.0932236748891
2024-10-16,103.981227892925,96.0910658398421,96.9796091866761,89.656362148621,96.5999747980753
2024-10-17,103.792745621021,95.835431603123,96.7682407368797,89.7568827408324,96.6344671102552
2024-10-18,103.498700686541,95.8609497068199,96.5261551628025,89.8387900931783,97.0091774939207
2024-10-19,103.214166313488,95.5756914457422,96.2753873009992,89.9900603033445,96.7182196308175
2024-10-20,103.009170478034,95.4778601760423,96.5436224989135,90.6112194264628,96.7661050069075
2024-10-21,102.849812998351,96.007442892468,96.8904712574,91.8440406371117,96.6975133516926
2024-10-22,102.685346932859,96.768319190506,97.2171989931608,92.8339143613667,96.5241166472675
2024-10-23,102.449635775093,96.2814701862504,97.4172811150662,93.6246905233028,96.5225357956503
2024-10-24,102.243380542042,95.889778495053,97.9231857479017,94.972889522956,96.6680945240742
2024-10-25,102.037714578466,95.5654152873585,99.1096670871659,97.6004107039822,96.9716360892969
2024-10-26,101.853129305045,95.3102276724144,100.918224739483,98.9873876811578,97.2795734075643
2024-10-27,101.693702123208,95.0781146218826,101.856861334805,100.068702162312,97.4348281915135
2024-10-28,101.540832005879,94.8541977776529,101.978217140776,101.777364552582,97.2981390479535
2024-10-29,101.395703006034,94.610367317801,101.68890568891,102.345664800774,97.0042431476392
2024-10-30,101.245583317612,94.3557304646738,101.161509940952,101.836496473248,96.6546659514983
2024-10-31,101.081556552108,94.1024165398203,100.582221604779,101.452918516072,96.2915214893144
2024-11-01,100.927353217654,93.8634115637947,100.053541779517,101.58462924973,95.9654265908305
2024-11-02,100.777026795275,93.6371816826411,99.5962176071764,101.964623153496,95.6619363817391
2024-11-03,100.630218508494,93.4233926588997,99.5432034304611,103.743136106257,95.4754429293477
2024-11-04,100.493180413663,93.2423954612641,100.780508866319,104.85364835852,95.795881581807
2024-11-05,100.406008161441,93.1582811172128,101.387668797026,104.882704604749,96.0667858682098
2024-11-06,100.290507876395,93.0056740696121,100.82228088629,104.915954766922,95.8613029948605
2024-11-07,100.189943722472,92.8816866240238,101.033936000104,105.406543514699,95.8391978119562
2024-11-08,100.079440667167,92.7241211540185,101.186301212268,105.013202379496,95.7466150077408
2024-11-09,99.9607610383334,92.5755767242496,100.952177485966,104.565601044971,95.8037890146267
2024-11-10,99.8456990026888,92.4215812204347,100.487168071614,104.212774845923,95.5736275431253
2024-11-11,99.7395373070617,92.273439081487,100.049590859169,103.891952910036,95.3284524616953
2024-11-12,99.6367213282046,92.127570688202,99.6754657949736,103.533635260276,95.0904930984596
2024-11-13,99.5342063527821,91.9855391721025,99.3165794894073,103.121278166889,94.8607615476238
2024-11-14,99.4340739309237,91.8489840259619,98.9870327538091,102.732351736176,94.6455368700316
2024-11-15,99.3380350633666,91.7165678987381,98.6792668118365,102.372524911123,94.4411353625035
2024-11-16,99.2409959648058,91.5893276266027,98.3934333844436,102.042433744103,94.2516538924674
2024-11-17,99.1487190982605,91.4665124075884,98.1288172785256,101.758101685523,94.0755398113817
2024-11-18,99.0594320352413,91.345514628737,97.8820947587518,101.631827234654,93.9013081705867
2024-11-19,98.9740985252371,91.2294599851288,97.6770944770443,101.494815643548,93.7382318324938
2024-11-20,98.8920823007182,91.1193203965514,97.4960186633832,101.300079257172,93.586133528998
2024-11-21,98.8203832184075,91.0208953509818,97.3310468800661,101.110877221576,93.4581145146574
2024-11-22,98.7495301802286,90.9233048904839,97.1574440047718,100.904703661029,93.3262205795685
2024-11-23,98.6730576359433,90.8280555731317,96.9682345427269,100.675705723086,93.1889531425568
2024-11-24,98.6162454889334,90.7571536802969,96.7900685389507,100.455044755685,93.0805625411877
2024-11-25,98.5772716157085,90.7225071280231,96.6160115039848,100.245533544925,92.9844316651718
2024-11-26,98.5000570787702,90.6224008849467,96.4553499252996,100.04966784649,92.8624664479724
2024-11-27,98.4295953765147,90.5282101654283,96.2950004326315,99.8668618226134,92.7668537856991
2024-11-28,98.3609414625736,90.4382080261038,96.1768323509066,99.7092610926222,92.6934790783548
2024-11-29,98.2915484707918,90.3478996431268,96.040956959216,99.5467262101781,92.5837152680099
2024-11-30,98.2277912589757,90.2582826929026,95.8986531886794,99.3882197357703,92.4725359127466
2024-12-01,98.1635696975114,90.1724836927367,95.7575286856933,99.2411341980556,92.3618555768711
2024-12-02,98.099442144282,90.0895645186083,95.6246280088551,99.1003591874322,92.2570870489129
2024-12-03,98.0364142633793,90.0073055693714,95.5049964641019,99.0918944207463,92.154014756977
2024-12-04,97.9748997641578,89.9302043558091,95.4233119343663,99.0446701845261,92.0564356420972
2024-12-05,97.9193002800117,89.8637413217743,95.3682416718017,98.9261116380463,91.9797832265623
2024-12-06,97.867541885971,89.8018159212304,95.4129696121947,99.0133579220512,91.9529400160185
2024-12-07,97.8134940618786,89.7378022867588,95.5110302896205,99.1602462813149,91.9323957365478
2024-12-08,97.7634220562127,89.676805369322,95.4083984247609,99.0897488655435,91.8569414342515
2024-12-09,97.7401272344379,89.6923860984705,95.2941328898433,98.9321892905855,91.7786078373948
2024-12-10,97.7526314120244,89.8724507884586,95.1769423498121,98.7740722375096,91.6974204778397
2024-12-11,97.7127287262756,89.8768155576251,95.0603088569486,98.6216919678981,91.6162957392613
2024-12-12,97.6520393397101,89.7921584219487,94.9491638293139,98.4758199327533,91.5376559330755
2024-12-13,97.5923505747987,89.6999438361699,94.8430796728537,98.3373764366077,91.4644941906792
2024-12-14,97.5343991845033,89.6112957342174,94.7445026831931,98.2126249717154,91.3912264024745
2024-12-15,97.480870218294,89.5274353105646,94.6547402878796,98.1075706095224,91.3184245100131
2024-12-16,97.4314625263131,89.4469454163361,94.5573116852285,97.9833438990514,91.2420534916578
2024-12-17,97.3872836126725,89.3724341761881,94.4629416160013,97.8633738960184,91.1688359271013
2024-12-18,97.3432679282877,89.3033107953446,94.3738477850755,97.7496750609453,91.1007578210414
2024-12-19,97.3036164175916,89.2358173852705,94.2863310166724,97.6410168483107,91.0322711419791
2024-12-20,97.2631224353639,89.1711276991759,94.2033046688602,97.5357575791328,90.966292902921
2024-12-21,97.2206071946682,89.1090876885992,94.127689836002,97.4388267323848,90.902927789037
2024-12-22,97.1789386585908,89.0504570007582,94.0499515995901,97.3470104980731,90.8443718152568
2024-12-23,97.1393568021195,88.9933432781902,93.9807021191155,97.2600799595285,90.7947265031304
2024-12-24,97.0979193143753,88.9379477373926,93.9135370626422,97.171274641931,90.7474588311628
2024-12-25,97.0574713547559,88.8851917550379,93.8431520520071,97.0814087539641,90.6967608972374
2024-12-26,97.0190232415402,88.8363252945204,93.7746168484474,96.9924196502475,90.6537161434355
2024-12-27,96.9812254055627,88.7934862815095,93.7050750765352,96.9042446807588,90.6136717403457
2024-12-28,96.940145344717,88.7446301439644,93.6352939922065,96.8187192735378,90.564620820681
2024-12-29,96.898551763433,88.6918710281104,93.5726664373738,96.736208209482,90.511804092255
2024-12-30,96.8579677456238,88.6417993818944,93.519868606109,96.6564557738165,90.4647989572022
2024-12-31,96.8182115373295,88.5921505424637,93.4588805425515,96.5759190769882,90.4105214984269
2025-01-01,96.780189249628,88.5542998473333,93.3976631772393,96.496872828785,90.3567087167404
2025-01-02,96.7420375903686,88.5103049138621,93.3417751888882,96.4228915224774,90.307587199861
2025-01-03,96.7042533451271,88.4306517359528,93.285702904341,96.3918746080857,90.2569345592955
2025-01-04,96.6673832230423,88.386627609008,93.2374973728335,96.3713719175046,90.208930967579
2025-01-05,96.6314145020898,88.3425111459933,93.1928798393505,96.3084433413145,90.1567761977236
2025-01-06,96.5965279563147,88.2992120242848,93.1456904941404,96.2395417370515,90.1067382288032
2025-01-07,96.5640815422911,88.2587723769153,93.1048327189183,96.1803752944446,90.0700003274337
2025-01-08,96.5342040725854,88.2228115396325,93.0602244591285,96.1231371164338,90.0393037615557
2025-01-09,96.5046032844645,88.1881220279042,93.0071650458092,96.0622039661181,89.9992998708264
2025-01-10,96.4767397515375,88.1533290060585,92.9637762167467,96.033046475097,89.9611561154998
2025-01-11,96.4494297059603,88.1211501682033,92.9223600912644,96.0871233832988,89.9248457361911
2025-01-12,96.4251298887622,88.0966166838667,92.8791064185735,96.0392017291549,89.8922103963862
2025-01-13,96.418766692811,88.1532804630482,92.8330221337302,95.9831592313929,89.8596663038248
2025-01-14,96.3962826570419,88.1523154777273,92.796784590448,95.9505799542693,89.8384740198852
2025-01-15,96.3698325596657,88.1289089092019,92.839726239291,96.1021048105552,89.8470417552899
2025-01-16,96.3430124527467,88.1002999231584,92.793804233393,96.0746596002929,89.8027443027975
2025-01-17,96.3159063675517,88.0342511424967,92.7391544308664,96.0236611365835,89.7580760319341
2025-01-18,96.3124791058611,88.0862176316983,92.6907105357656,95.9568383170392,89.7121040875758
2025-01-19,96.3382205251372,88.2881749854359,92.644757433361,95.8853245738423,89.6712525184564
2025-01-20,96.3187219578663,88.2375420134783,92.5937762659118,95.8147891547496,89.6286253198432
2025-01-21,96.2925968608907,88.1887404066383,92.5432047061194,95.7435098829317,89.5888632762161
2025-01-22,96.2758815853697,88.1543876713456,92.4894712886454,95.6827584831333,89.549830747014
2025-01-23,96.2493415096441,88.1103782239194,92.4373516128126,95.6167306224065,89.5168283895845
2025-01-24,96.2602255401037,88.2754893675664,92.383643157494,95.5502530075179,89.4782171700061
2025-01-25,96.251891716578,88.5143918150533,92.3337096741237,95.4858754063749,89.4427578055833
2025-01-26,96.2413490500509,88.5919817938682,92.2880844668198,95.4261557825784,89.4068751871345
2025-01-27,96.2177059239053,88.5372849441894,92.2390596724711,95.3724812736908,89.3704792711662
2025-01-28,96.1872144878751,88.4512386143139,92.1909147262798,95.3159890905627,89.3286421137525
2025-01-29,96.157670896482,88.3623180569775,92.1436475977447,95.2587345205394,89.2866576895041
2025-01-30,96.12884832469,88.3075970936539,92.0956363010505,95.2037901221968,89.2443927937344
2025-01-31,96.1006699734896,88.2187296331906,92.0464332193085,95.1481161295975,89.2008871328309
2025-02-01,96.0727114812273,88.1658573245099,91.9960588169051,95.0968621405907,89.156551646391
2025-02-02,96.0459413451676,88.1150447391768,91.9468512011497,95.0485735944165,89.1125526181248
2025-02-03,96.0205863002876,88.0662014444972,91.8993429807202,94.999265488406,89.0707426310199
2025-02-04,95.9992777291585,88.0206493294801,91.8536851288163,94.9503261861154,89.0309014444519
2025-02-05,95.9773542375382,87.9421469371306,91.8119359918727,94.9082405587141,88.9919362460554
2025-02-06,95.954531123181,87.898600860418,91.7764599266338,94.8668293044158,88.9573297221985
2025-02-07,95.9319543292057,87.856626193261,91.7405300227425,94.8272849623333,88.9249636622924
2025-02-08,95.9099231103693,87.815703017384,91.6996106297475,94.7832889506815,88.8907968609397
2025-02-09,95.8869622703766,87.7752660267333,91.6615881173655,94.7406514077526,88.8558278308954
2025-02-10,95.8672501567909,87.7363074245356,91.6261817719658,94.6970597124819,88.8226885746283
2025-02-11,95.8559375365523,87.700441213659,91.5879208269286,94.6514136122939,88.7906816661432
2025-02-12,95.8457848058385,87.6296418769334,91.5432445916681,94.6053494153308,88.7535730585909
2025-02-13,95.8283910085653,87.5935553220642,91.5040194785971,94.5596718039554,88.7172519761771
2025-02-14,95.8095956753818,87.5568561011323,91.4660116523499,94.5143197862939,88.6807980961858
2025-02-15,95.7888372850478,87.5203178921073,91.4279274140234,94.4708166804097,88.645192077936
2025-02-16,95.7689081284869,87.4850132604505,91.3906358179971,94.4301605651713,88.6113702386753
2025-02-17,95.749397891939,87.4500923493903,91.3542785538612,94.3895589737314,88.5786469580084
2025-02-18,95.7319144750276,87.416525365874,91.3173078530464,94.3490194409771,88.5451244426949
2025-02-19,95.7146863855576,87.3844314813775,91.2835313593713,94.3115934230056,88.5134177089167
2025-02-20,95.6976730165446,87.3527854812804,91.2499042281862,94.2801098168001,88.4817386694858
2025-02-21,95.6819307407283,87.2866754801958,91.2181465131421,94.252929606955,88.4543054009825
2025-02-22,95.6653367964302,87.2569685454879,91.1907254570469,94.2945826057529,88.4271828218646
2025-02-23,95.648136937979,87.2276657552138,91.2031750442482,94.6143161400206,88.4014251282683
2025-02-24,95.6304625295972,87.1983312978155,91.1900578591699,94.7727052707461,88.3727465514678
2025-02-25,95.6120242850568,87.1696813961628,91.1562053428546,94.8146610356405,88.3445217750029
2025-02-26,95.5934997423809,87.1416022216878,91.1354767941816,94.8827516458094,88.3187226092276
2025-02-27,95.5751673370481,87.1135722473351,91.1482272812358,95.1162363586872,88.2967068022744
2025-02-28,95.5567959191099,87.0870610516902,91.1504270228126,95.3571450807716,88.2714491595131
2025-03-01,95.5386817879734,87.0623372131924,91.1344537112865,95.3769567606559,88.2505248487165
2025-03-02,95.5207358030219,87.0378045305085,91.1856722476091,95.5622306533477,88.2412283854501
2025-03-03,95.5049260294748,87.0211074581793,91.2153731781117,95.6234055641248,88.2234195718935
2025-03-04,95.4924660186942,87.0557501410031,91.2025473803791,95.5211919127385,88.206616612429
2025-03-05,95.4867939706855,87.0820739986688,91.2044182134126,95.4465571142225,88.1874839967723
2025-03-06,95.4794626333705,87.0836813649257,91.1958082758287,95.3978596791716,88.1688363876987
2025-03-07,95.4643182066724,87.0576499582212,91.1948091932329,95.4065868696564,88.1558451673245
2025-03-08,95.4497152577512,87.0295973319316,91.2232248764754,95.4382098987401,88.1523808059572
2025-03-09,95.4334823045814,87.0009939021705,91.2118694517778,95.4696951885526,88.1331026969443
2025-03-10,95.4169724133802,86.937738751409,91.1943531877242,95.3972027153178,88.1115272546794
2025-03-11,95.400181117607,86.9094123166931,91.1629825520943,95.3138399578157,88.0844190969744
2025-03-12,95.3837598490628,86.8811313907391,91.1390629865741,95.2393806993436,88.0582968067797
2025-03-13,95.3684704614647,86.8536257923905,91.1127379253402,95.5353520766939,88.031146075335
2025-03-14,95.3567914957936,86.827310250686,91.1180547370182,96.864940108119,88.0086113176852
2025-03-15,95.3422063611529,86.8184995253139,91.909513684907,98.7728576098996,88.2437423019376
2025-03-16,95.3280498345412,86.8494168094899,92.6117922613497,101.321702531222,88.4453477883722
2025-03-17,95.3195131918566,86.7951369973798,93.0598090113908,104.335508732737,88.4642625529983
2025-03-18,95.3164373457903,86.7808535308729,94.2188773061507,109.117751239094,88.5784800909211
2025-03-19,95.323510582375,86.8370485273685,95.8790543523421,113.161809975111,88.9705388549533
2025-03-20,95.3837066034934,87.0395430840181,97.5161642829931,115.450955106519,89.6847806977127
2025-03-21,95.4640446642131,87.2419234905735,98.5637952253258,116.633779367703,90.234633489413
2025-03-22,95.5265079662591,87.3547531416416,98.9257311315412,115.736671376816,90.5434590572018
2025-03-23,95.51916188097,87.3230545782529,98.5295005363179,114.500311683046,90.4717539398301
2025-03-24,95.4963150223642,87.2940124607693,98.1501312372992,113.504088336351,90.3544114215474
2025-03-25,95.475522822847,87.2279003318054,97.8709367364527,112.845114903255,90.2770305072156
2025-03-26,95.454815090656,87.1955073546742,97.6554544249358,112.748497646747,90.1880199091775
2025-03-27,95.435212239471,87.1701604097136,97.7856421361338,113.257775585632,90.2509734090144
2025-03-28,95.418691032175,87.214823873009,98.2511989073942,114.180456364905,90.5894532989574
2025-03-29,95.4098829341777,87.368521641272,99.3904811071303,115.474623216032,91.3016867150379
2025-03-30,95.4194129043415,87.8458805097645,101.227272042513,116.71835948216,92.424361636274
2025-03-31,95.4252229319489,88.0374059554453,103.20618425652,118.155475906617,93.2159600490382
2025-04-01,95.4383294608486,88.0844802591155,104.140500507465,118.527816879488,93.5018721820662
2025-04-02,95.4812475758155,88.1599229830866,104.102023629692,117.419464169313,93.5125951511971
2025-04-03,95.5065172622333,88.2451833591562,103.711219588417,117.409390350562,93.2890839545827
2025-04-04,95.5056543975251,88.4902247037742,104.092938415067,118.06789023664,93.155658611792
2025-04-05,95.6360693159888,89.035964001601,105.356723906542,117.209786002441,94.0081639272768
2025-04-06,95.7745530453432,89.9954715327694,105.311419487336,116.420913807591,94.8853786637835
2025-04-07,95.9724816579709,91.0526508397113,106.029838192422,115.969994620883,96.2236127311069
2025-04-08,96.1599950172037,92.0945468931932,106.490893941082,115.664191133848,97.4554118787773
2025-04-09,96.2725996964261,93.3607337414491,106.459807869489,115.055268589976,98.8247547822935
2025-04-10,96.2980276219366,94.2391632244802,106.927171428326,115.055234610876,100.077533076822
2025-04-11,96.3320296568189,95.0694647963155,108.803575149722,115.759020218469,101.229126420958
2025-04-12,96.3694848552932,95.5611208099018,111.553799056753,115.690944617536,102.336633784803
2025-04-13,96.5078252065688,96.3292174352893,112.774005809773,114.1895815538,103.751226406632
2025-04-14,96.6162330346694,96.7507575346141,111.900941821746,113.561061051602,103.969219747418
2025-04-15,96.6836517888129,97.1972019999173,111.610957230286,113.010140809911,104.621160481262
2025-04-16,96.7069480351706,97.3814289085746,111.663533511968,112.395117905665,104.840504041451
2025-04-17,96.8074229173769,97.8603026279443,110.987811092184,112.059175684167,104.101191789759
2025-04-18,97.3037408069975,99.6432220284892,110.398021038673,110.952144887959,104.084510148844
2025-04-19,97.9284145487138,100.606787312662,109.708613391336,109.839052914247,104.282506411807
2025-04-20,98.5283251121678,100.383532296217,108.869401040678,109.864734210444,103.813889891579
2025-04-21,99.1044793249695,100.043045864099,107.95840293728,110.351101398072,103.095863133145
2025-04-22,99.4007579346705,99.8659403197928,107.466612699966,109.822594690935,102.688829068311
2025-04-23,99.6042591956181,99.9794440841995,107.359535700061,109.67664206673,102.619867641392
2025-04-24,99.7415240241027,99.8985012317416,107.116459737389,108.656419899692,102.554715710807
2025-04-25,99.9054826159405,99.8859147040254,107.842546617271,107.900180171787,102.897240755356
2025-04-26,100.192656920372,99.9600661910602,108.63819038689,108.34559534334,103.651007797163
2025-04-27,100.591678412047,100.286897891782,109.674123725084,107.732954447048,103.51857509702
2025-04-28,101.14444378385,100.935388067732,110.463408583918,107.731389076139,103.598208156485
2025-04-29,101.629531450947,101.568623535516,111.793121740772,107.454424832881,105.449325802982
2025-04-30,102.052388304727,102.424875827314,112.767460604653,106.646983021454,106.933913171155
2025-05-01,102.705388401166,102.94571060355,113.151746840742,105.108550540255,107.049570474281
2025-05-02,103.325676729964,103.927090226403,113.336326504609,103.562490903731,108.777680118179
2025-05-03,103.792246838916,105.760206867372,113.394678520029,102.986564530923,111.4371270268
2025-05-04,104.160992582011,106.437610337425,113.840486870123,103.399292943318,112.50107758627
2025-05-05,104.61887751834,107.215233987477,113.718477660132,102.166188207047,113.057955053303
2025-05-06,105.45713905889,108.077179097364,113.683133276161,100.957535691757,113.609538938056
2025-05-07,106.552123286509,109.50128323728,113.489725911066,99.6213595049271,114.603603449948
2025-05-08,108.202357667972,110.901238586379,112.070330193008,98.7960013950671,114.328274914718
2025-05-09,110.444670271097,111.478661461762,110.660230345545,98.4771243720796,113.372535857542
2025-05-10,112.253975447852,112.411661844067,109.228084785667,99.4091671958058,112.231133772771
2025-05-11,113.690501766492,113.007481447506,108.528415826159,100.327495279576,111.81561414025
2025-05-12,115.203728692735,112.874231906418,107.399541829406,100.343647395227,111.499592293167
2025-05-13,116.458998768705,112.371455544939,106.436553849047,100.248665857111,110.894071664227
2025-05-14,117.551897065592,111.767378694325,105.845626596051,99.232965529849,110.930866292487
2025-05-15,117.556391257524,111.12245392391,105.995795775742,98.7109529540418,111.154761650089
2025-05-16,117.079161665526,110.942974798364,106.549371691679,97.7799328853757,111.46715163997
2025-05-17,116.921483780091,111.986142899004,106.960887923834,96.7760909359638,111.972251047954
2025-05-18,117.830135788388,113.633027976831,106.980196626701,97.6812313074878,111.540139575368
2025-05-19,119.473587162018,115.02344576303,106.385261627977,98.2190911038904,111.1029698967
2025-05-20,120.876631643601,115.534801978446,105.864756560502,97.6351388256935,110.900674716922
2025-05-21,121.865571616071,115.714196946342,106.69157416574,96.8636851038386,111.044859040872
2025-05-22,122.523553741662,114.944158273881,106.058864610954,95.7292920482527,110.183840975224
2025-05-23,122.714392455782,113.900378417978,105.245032087117,95.8901268908408,108.710924257049
2025-05-24,122.029011647572,112.693917075563,104.761204980043,96.1019596509468,107.575114515441
2025-05-25,121.009382849668,111.245565012746,103.765459965283,95.8251483001093,106.056573397731
2025-05-26,119.977416952744,109.775746052527,102.375608223601,95.7312096137402,104.568695535659
2025-05-27,118.823009006293,108.8278979386,102.850877328678,95.4104870670265,104.129903869006
2025-05-28,117.508414847212,107.778351574673,103.064955760492,95.1338032505327,104.053116256543
2025-05-29,116.425118415208,106.839537138403,102.310756797811,93.7980123092609,103.565352819273
2025-05-30,115.609561357546,105.584488474282,102.124843753695,92.6740450170231,102.720289641535
2025-05-31,115.071053961481,104.57233416488,101.941695875443,91.4153573996564,102.011636294658
2025-06-01,114.709242133213,104.164351089089,101.715239058848,90.3439934299833,102.097066195083
2025-06-02,114.015971446614,103.99439319098,101.82928388025,89.1099695078207,102.313277260998
2025-06-03,113.592506577313,103.52592098783,101.938565394903,88.0223094660919,102.405451040858
2025-06-04,112.643666022871,102.85577897782,100.43953647966,87.1664769600333,101.169629544217
2025-06-05,111.743642167824,102.495863321523,98.959421786104,86.2382862587672,99.9026839199409
2025-06-06,110.709039794425,102.552037913007,97.8931429204195,85.269634026365,98.9800044873187
2025-06-07,109.692355308815,102.057580260728,96.9586322279749,84.5923606831742,98.6464217409192
2025-06-08,108.684247620645,101.0782307356,95.6303187205816,85.2067340418346,97.3903280275037
2025-06-09,107.985344744957,101.276246265031,95.1697186818177,84.8255681996887,96.9712702224292
2025-06-10,106.627018821824,101.138140086145,95.3740296966344,83.1974380082074,97.6128985186372
2025-06-11,105.234350083295,100.265556812979,95.8440761579272,82.1683606424378,97.4430063127328
2025-06-12,104.414365011415,99.6393153235033,95.1459174231455,81.125453217358,97.3862514887136
2025-06-13,103.865742325459,98.0394605399759,94.7677688943162,80.5816465967719,96.7258949332787
2025-06-14,103.563985236407,96.5019851209356,96.143682281221,81.4277366043316,96.6149223333908
2025-06-15,103.128206602435,94.6690515914709,95.5486503716158,82.5047949505615,95.7386940369576
2025-06-16,102.703563263067,93.3018383711322,96.0115132143886,83.1122215329737,95.1834123645313
2025-06-17,102.339315364628,92.8087765625753,96.2688108001563,82.2853042923863,95.5072522398195
2025-06-18,102.377564024768,92.0744475154548,96.1763874833211,81.8683563939755,95.2470565993459
2025-06-19,102.056567993666,90.6625344190702,95.5625258986563,83.0237861536842,93.6456961370346
2025-06-20,101.496429314159,89.4119166001064,95.1945559937845,83.2468666393237,93.1178372581206
2025-06-21,101.033497597789,88.0912634309907,94.0904580778184,84.0783879110268,92.2393270006546
2025-06-22,100.686610767837,87.3369976957357,94.8692118381525,84.6958070702719,92.2475324471807
2025-06-23,101.586812086723,86.8476875592878,94.3337004254762,84.8073120441087,92.2867593786199
2025-06-24,101.496784551185,86.926952497389,93.3622998617092,85.5634106423254,91.4706693287277
2025-06-25,101.786340643757,87.7537697658754,93.1456736246811,85.0143075832127,91.5314261019551
2025-06-26,102.021045907303,88.3668621389659,92.8595253405623,84.7643834183949,92.0184898678471
2025-06-27,102.092515233106,88.7368185845027,92.076876342603,84.2032282247931,91.6872681378204
2025-06-28,102.5022967805,88.7515837337689,90.609998196465,83.5639869732942,91.0857411603096
2025-06-29,103.710384962401,89.0986524069252,89.0210668972474,83.2105269617509,90.140784588308
2025-06-30,103.334674873003,88.7701271043927,88.3634606310909,83.2935159051685,90.0165018014144
2025-07-01,103.09638011116,88.2658515347534,87.8225797312676,83.0126127953339,89.9153710189127
2025-07-02,103.798181627032,88.0395588583128,87.469256676242,82.3934740926839,89.5413636896934
2025-07-03,103.806054875539,88.4379723493592,88.170501202521,82.2950532149453,91.1284235901943
2025-07-04,103.315116084009,88.278949912103,89.6052750063801,83.0548637745318,93.7028414594371
2025-07-05,102.075230363849,87.4596635041494,90.205426410663,84.1366372937152,94.8674359229633
2025-07-06,100.891823872631,86.5296357645349,89.1297500286926,85.1484268236245,94.1688865150497
2025-07-07,99.8849274845641,85.5426600430002,88.6066011202341,85.6898215735447,93.0287371541905
2025-07-08,98.9938910305434,85.255924698972,87.9280324500148,85.046197738576,92.3694906608594
2025-07-09,98.8014325844502,86.4710488176574,87.5465800090561,84.3682704857584,92.2811578302617
2025-07-10,99.9891748308685,88.3425919608843,86.1320660522743,82.9512447900049,92.2357059479566
2025-07-11,100.089103276755,87.9367627351971,84.9931907501036,82.3241274562958,91.2663295029173
2025-07-12,98.7273602297937,87.3503990107134,85.269132259589,83.0285475189261,91.0908897302043
2025-07-13,97.7167274616286,86.5339169023048,87.1040308496498,83.7625598092209,92.0377441905874
2025-07-14,97.4769778252286,85.7186818778129,87.8516071557914,84.1298378317815,91.9192244189538
2025-07-15,97.6320452100546,86.0939220497284,87.9961324197785,83.8011411420922,91.2916363738127
2025-07-16,97.8521617741217,87.096715923232,87.645485223108,83.3173555934301,91.2808233185844
2025-07-17,97.491256896029,87.3515551338796,87.886638376516,82.45386466344,90.7782002190133
2025-07-18,98.0671018579323,86.9397131085257,87.5033377434502,82.0620712166417,90.0631248553494
2025-07-19,97.8429967469509,86.2498374681312,87.2647933470121,83.2837781420391,89.2949380963322
2025-07-20,97.1847129110598,86.4933696671766,88.5779433671434,83.6681117941878,90.4054728998982
2025-07-21,96.8930190135978,87.0294103214955,89.362723426283,83.0036140425688,91.8174799982311
2025-07-22,96.779752401596,87.3202291417157,89.4043115212863,82.2009372006636,91.1703171061612
2025-07-23,96.8194486055379,87.8674620934762,88.5500288663815,81.2302263415935,90.6389430591526
2025-07-24,97.5043186096178,89.9228229051907,87.8367138526847,80.5661470613383,91.352432377368
2025-07-25,98.0670466289992,90.7671148647912,88.6235107200734,80.829966028747,92.7304825262997
2025-07-26,98.6351465017788,90.3595945829993,88.4781594244295,81.112504193996,91.9055876969411
2025-07-27,98.8736714168871,89.3444256567646,87.2614390610106,81.555529090634,90.3764806180417
2025-07-28,98.3889942352307,88.5332921478538,85.7790186266476,82.4122154531076,89.2212933456898
2025-07-29,97.5064573911662,88.1902319890617,84.5516008459477,82.9850923278093,87.8171878109593
2025-07-30,96.8797439269908,88.1731206398629,84.0961413556281,83.8533543508159,86.4379324514886
2025-07-31,96.3485315551136,87.7923021081221,83.2047002375436,84.7096427999799,85.0751749315226
2025-08-01,95.8797267319805,86.9671596402495,82.6501806502107,85.2159766157098,84.1029033547703
2025-08-02,95.4815842451828,86.5161653443876,82.1592314998313,85.9146684643348,83.5754411141592
2025-08-03,95.4538784939267,85.4687512247927,82.8707178184292,87.1793751534345,84.0803660674714
2025-08-04,95.9545199240607,86.1205758604439,84.697592372593,87.1993648974996,85.784450363358
2025-08-05,96.0007740930799,88.8413659537719,85.410772236218,86.9538788741432,88.251184237341
2025-08-06,96.4038803324228,89.6449747123061,85.8600904312826,87.5024119991072,88.7889070596036
2025-08-07,96.5733137855589,88.3998611064922,86.479289450236,88.4667555998723,88.4693438631587
2025-08-08,96.6803466791808,87.6223472786793,85.7142422411932,89.1342497050752,87.0940916045066
2025-08-09,96.5099311214357,87.9689523015343,84.6044121903988,89.7470442483132,86.184482650763
2025-08-10,96.4169275700298,89.1301483692418,84.6954720445006,89.8903377314383,86.3194355556719
2025-08-11,95.8924771085353,89.8528684484358,85.6689846810244,89.22425518981,87.1956069205326
2025-08-12,95.8801240304073,89.8439640859912,86.3728587831147,89.8779893648936,88.1674544496297
2025-08-13,95.7019055943705,89.0920745122422,87.3131154966861,90.4143493985099,90.0808699946194
2025-08-14,95.5346342826102,88.3108812023175,87.4745698678687,91.6518196880986,89.9546213519478
2025-08-15,95.1850336935187,87.9185073783924,87.2937434013996,92.5423216529449,89.4346575133157
2025-08-16,94.5848658360788,87.8125230368858,88.1067722187166,93.5410161499382,89.0155911203514
2025-08-17,93.7464923477975,87.394017476545,90.4165276837792,94.701665884091,90.8761568560426
2025-08-18,93.1044727124169,87.4168989248453,90.3375482684214,95.3628549717135,92.5942344246228
2025-08-19,92.8440153147485,87.3737452534112,90.2894116030603,94.926148586517,92.5853661414033
2025-08-20,93.0351740257092,88.0804705792136,92.691770698049,94.2621406153073,93.1890387090437
2025-08-21,92.6898010380563,88.3543877455587,93.9435990830573,93.5953534921419,95.159451656957
2025-08-22,92.082657038492,87.8230822908141,92.9932225530654,92.7875457156526,94.5317467428149
2025-08-23,91.3305840648256,87.7904587536578,91.7003022079824,92.0385871113687,93.2470085196507
2025-08-24,90.8596065977258,88.3354564846573,90.7277396541075,91.96186664764,92.0011002557238
2025-08-25,90.9065678799922,89.4212456024875,90.5334396111174,91.2450066302044,90.8072721116834
2025-08-26,91.4618788468863,89.8164688956264,90.7529420746971,90.2059554828585,90.5949330865786
2025-08-27,91.5322086352157,89.8155120233342,90.4097161454504,89.6777581141067,90.3279510738346
2025-08-28,91.8063752461412,89.8532521126029,91.284989401752,89.2300998169841,90.4707461375501
2025-08-29,91.8876346850051,89.9479419266577,92.3201063620799,88.5540309947473,90.6236902285731
2025-08-30,91.7171646083563,89.4802871098124,91.9614106230026,88.8502126958516,90.018370462004
2025-08-31,91.3685375822419,88.6066912104548,91.0343771764699,91.0605823757489,89.6120120055987
2025-09-01,91.03874674329,88.3914766126411,91.2220057268767,92.6707878983497,89.1734912745703
2025-09-02,91.434438223794,88.6440480456884,91.9129273228785,93.3912119385698,89.7919374089062
2025-09-03,92.6785089073415,89.76845937227,92.3575681842523,93.3783958368546,90.702987607493
2025-09-04,93.316779730975,90.7751630184242,92.9722331500726,93.8785083978787,91.0395789284815
2025-09-05,93.5308099967159,90.6762406963255,92.5384081411737,93.2630671797884,90.5326535264716
2025-09-06,93.5544580678877,90.3018737391384,91.8396608251741,92.0001248392715,89.7841062299003
2025-09-07,93.0920697909275,89.7038113191003,91.0020517776542,90.897204066936,88.9736512568717
2025-09-08,92.8133644476518,89.6135929397779,90.5891214957758,90.6392263221964,88.6780635184242
2025-09-09,92.9269437982438,89.9461778348966,90.2662061599165,91.7178166193592,88.6728839348051
2025-09-10,93.4244635028176,90.8759985073468,90.2428240570869,92.530947061548,88.8659327256829
2025-09-11,93.8126766459301,91.1172627376077,90.1671631244478,93.339933692022,89.0990122857639
2025-09-12,94.5256769759674,91.3689523671991,89.9463681950024,93.3245489221068,89.2033280233618
2025-09-13,95.2020677765982,91.1765501519229,90.3815054250333,93.2164712554357,89.2378804700523
2025-09-14,95.4029231969128,91.1603311844616,90.9659035436487,92.5972975884681,90.0076245362252
2025-09-15,96.1561937199301,92.2518803846972,92.2315034944679,91.7668241857236,92.290864593331
2025-09-16,96.7509390951059,92.5362945684441,93.3431653197299,90.897498637652,93.5037390932021
2025-09-17,96.6490921554898,92.0995655002149,93.5578107262863,90.2778182947938,93.2797865369838
2025-09-18,96.8122855283502,92.7289924762418,93.2826642287723,89.8020411459878,93.364231069223
2025-09-19,96.9340987156126,92.9068176900954,92.5591396512587,89.2006078230279,93.638728512137
2025-09-20,97.0604619693482,93.3108985750694,91.9907410695308,88.5614975561673,94.1384841076907
2025-09-21,97.6194836075337,94.8067059547501,91.869508131559,87.9588538925076,94.5771199855567
2025-09-22,98.2212489838124,96.3503967452438,92.8163899179093,88.0063173427976,94.8049762918784
2025-09-23,98.8355931948268,97.3539752393376,94.0857361824393,88.3823280120715,95.6233837931454
2025-09-24,99.7960825104719,97.7746406017253,94.4435259663653,88.8909799663931,95.8670751375796
2025-09-25,101.522797736365,97.2825486084737,95.1286559145725,89.1684079374379,95.68217083375
2025-09-26,102.640988274933,96.7175536352466,95.3600835939834,89.7454002867425,95.1647120648231
2025-09-27,102.816188781283,96.1803495601453,95.499637977937,89.905098844815,94.6877450336045
2025-09-28,102.860751904284,95.7659056062474,95.1524554136586,90.4926957446933,94.3691557601387
2025-09-29,102.718344039949,95.5184868084341,95.2109079263323,90.8758664212206,94.3080410379836
2025-09-30,102.406241672186,95.7132488376787,94.9943035622925,90.8304754790206,94.4019098753159
2025-10-01,102.087404443266,95.856104641569,95.6069872542007,91.1946518810435,95.2277078410478
2025-10-02,101.718589208051,95.6976075892211,96.5964545467709,92.4261603578277,95.6703109407548
2025-10-03,101.41732554621,95.7734717826627,96.7471429415204,93.0927833788903,95.3141947103465
2025-10-04,101.143703367199,96.0692524605776,96.4359743580059,93.2261165819772,95.0172215354291
2025-10-05,100.891717368323,96.648884108491,95.9838761571359,93.0261790699556,94.8032274781633
2025-10-06,100.666380395109,97.1862367093737,95.6070344787904,92.7250972496174,95.0885447511683
2025-10-07,100.547168955406,98.041199806889,95.4186202151259,92.5059124342799,95.2658336893334
2025-10-08,100.713716822254,99.3868921742163,95.4305297345507,92.392900056916,95.8608961595536
2025-10-09,100.947566716168,99.5227242436374,95.2788442130863,92.1940752783407,96.2934302211266
2025-10-10,100.578238355165,99.0490040547515,94.8897819646629,91.8627997575752,96.0372385134763
2025-10-11,100.208985791236,98.8785134185044,94.4892347637184,91.5542335965309,95.7078447987327
2025-10-12,99.9099933735539,98.4954046462619,94.1957683402786,91.3382842730975,95.6048046379561
2025-10-13,99.6460454362427,98.0432884675739,93.8355766677505,91.0415111901913,95.1707538813736
2025-10-14,99.4007305706532,97.8270986591564,93.529447235349,90.7875211363783,94.8188819952416
2025-10-15,99.2586440416062,98.2986126381272,93.4148480706521,90.7217892038834,94.8458010555372
2025-10-16,99.1195378968186,98.589350779304,93.3697390849599,90.7379467986208,94.6725930948687
2025-10-17,98.9017441270836,98.305322646604,93.501413793342,90.7476140950766,94.9162411825438
2025-10-18,98.7077531551533,97.9820861490968,93.301566860123,90.6981957723549,94.8575623174241
2025-10-19,98.5126441882101,97.4299725442579,93.1376080620942,90.8142542236242,94.6908298380422
2025-10-20,98.3325165581607,96.9293263168221,93.134377645327,91.2754891843548,94.6002703108216
2025-10-21,98.1747039593687,96.4715076776002,93.1777794009976,91.5365040510219,94.5010837901433
2025-10-22,98.0357214224372,96.1226741920494,93.3525158761126,91.6027706684486,94.6173042523944
2025-10-23,97.9234857396212,95.897821605356,93.7234929333558,91.6155398009038,94.7736571706249
2025-10-24,97.8961847331853,95.9461196534572,94.0628603446117,91.6859772603141,94.8529791240577
2025-10-25,97.8291520030819,95.8022618540743,94.167809932421,91.8288154912318,94.8501533839472
2025-10-26,97.7151247733767,95.7624345322066,94.2946088802581,92.0062624851021,95.2073239945297
2025-10-27,97.5742544414669,95.5106199505801,94.5471040723891,92.3804041337589,95.466876181378
2025-10-28,97.4432830115525,95.2519261397877,94.4931979896586,92.3959804784236,95.5861414402095
2025-10-29,97.3143353425126,95.0152265043341,94.7828853059184,92.5485591719139,95.4066109743991
2025-10-30,97.1950884691535,94.7469188133287,95.7770182541216,93.6168120005719,95.4147859512268
2025-10-31,97.0930727110876,94.5589644198073,97.5425730640619,95.2299100744792,96.1419275139344
2025-11-01,97.0074822367246,94.4481527334685,98.3820461843129,96.744153782689,96.6169228621335
2025-11-02,96.9363727215545,94.4122665350363,98.8176656318337,97.5672164357916,96.5971514086446
2025-11-03,96.8375808728517,94.2483580470026,98.3149227437579,97.877003368004,96.228216678751
2025-11-04,96.7434301737602,94.0062062835531,97.856399876593,97.9482710725478,95.9114504121658
2025-11-05,96.6555354950703,93.7952695804512,97.4762051021156,97.6999512376465,95.6251043579535
2025-11-06,96.565126515458,93.5812265226475,97.0959983287741,97.4592191500807,95.3367951786321
2025-11-07,96.473204851287,93.4028681571166,96.7563526953057,97.782633370629,95.0706450358723
2025-11-08,96.3844932926463,93.1967565977462,96.4267186002163,98.5553813706785,94.8202748619705
2025-11-09,96.2977871635993,92.9991255853684,96.1207646491604,99.3864250136384,94.5949063439944
2025-11-10,96.2162623482858,92.9103400424053,96.2918292500211,99.9023289788287,94.5717047325524
2025-11-11,96.1402611893293,92.8133481325311,96.1542232553507,100.151791887596,94.5569662848378
2025-11-12,96.0636832825226,92.646336729217,95.8497028512415,100.947148117193,94.3625666191825
2025-11-13,95.9902456037899,92.5158544044077,95.5903663579378,101.056608734201,94.1770822587418
2025-11-14,95.9199307687379,92.3548520325143,95.3969186114954,100.714799695795,94.0265328528498
2025-11-15,95.8540442442865,92.3299699068478,96.0104837547854,100.99639199841,94.3088929022752
2025-11-16,95.7867333132005,92.1999846407515,97.0578076489378,101.777518307511,94.8140937737785
2025-11-17,95.7204466606971,92.1072560031255,97.0051666443396,101.774782567656,94.9323703677744
2025-11-18,95.6620018168126,91.9997829048961,96.6185766929937,101.410852293861,94.6744746116949
2025-11-19,95.6059556346797,91.8731432045317,97.0036560435351,101.270029896235,94.8067367860204
2025-11-20,95.5553216942564,91.7987509030219,97.1885975683036,101.663260247834,94.97321532207
2025-11-21,95.5029203651825,91.7021873511705,96.7929359314121,102.375792203892,94.7158642040847
2025-11-22,95.4496216668898,91.5733236153657,96.4870637611198,102.2708122197,94.4882322192082
2025-11-23,95.3951616233504,91.4810128449396,96.1408324150035,102.840863306098,94.2580175557961
2025-11-24,95.3421986915069,91.3542420608179,95.8332598291205,103.673546418658,94.0475430108741
2025-11-25,95.2901498357743,91.2639723317218,95.5611907821059,103.254926776004,93.8483988598863
2025-11-26,95.2395797529238,91.1762772905887,95.3225494415399,103.306956953081,93.6615700531871
2025-11-27,95.1892379569528,91.0543691006133,95.0890194571823,102.965619882639,93.4881773063302
2025-11-28,95.1401988906677,90.9676421279871,94.8672842443112,102.430203178396,93.3249902605245
2025-11-29,95.0922316116285,90.8816127553711,94.6580522700257,101.959754143246,93.1699661223955
2025-11-30,95.0450931905155,90.7631099247638,94.4728961959746,101.577638653637,93.0264859505223
2025-12-01,94.9991069850373,90.6810158524587,94.2986840695872,101.337501641505,92.8879938867898
2025-12-02,94.9546176647416,90.6005107463505,94.1308907954841,101.047435719234,92.7537579199061
2025-12-03,94.9122556072105,90.5234933991478,93.9770015878602,100.7319527737,92.634008620552
2025-12-04,94.8738079383276,90.4135312889686,93.8218587895948,100.4201951098,92.5149522257783
2025-12-05,94.8376351818679,90.3408084428436,93.6714224145921,100.137122856118,92.3956179662524
2025-12-06,94.8014023157739,90.2679038091924,93.5281424146412,99.8470668307943,92.2811126894742
2025-12-07,94.7638928212808,90.1944038629091,93.3877379482539,99.5763261907984,92.1660144013329
2025-12-08,94.7263498803184,90.085813058215,93.2534135258501,99.3223719742954,92.0541177728383
2025-12-09,94.6885761865971,90.0131859067492,93.1259848138457,99.0833878143205,91.9476389274256
2025-12-10,94.6529990799957,89.9421475012237,93.0061260376209,98.8574179545921,91.8435483170417
2025-12-11,94.6188557883413,89.8731639022163,92.8879017375505,98.640731444217,91.7432201883101
2025-12-12,94.5843606075572,89.80600636045,92.7753187342781,98.4353852148733,91.6503147414119
2025-12-13,94.5510994981867,89.7055096409757,92.6684129769931,98.2572504691358,91.5602838865094
2025-12-14,94.5211502540946,89.6427700727276,92.5629556989277,98.1263296924815,91.4700874575939
2025-12-15,94.4890558533378,89.580725130235,92.4663521793886,98.2720571402502,91.3802411853776
2025-12-16,94.4562791496742,89.5186073897786,92.3940250275163,98.1640640172134,91.291096448621
2025-12-17,94.424745178479,89.4588873278148,92.3085445661834,97.9941002024731,91.2112315440659
2025-12-18,94.3939879474727,89.4011160221034,92.2148365097573,97.8263721160227,91.1304363830219
2025-12-19,94.364170520455,89.344085996611,92.1222120373377,97.6649599544254,91.0496677910117
2025-12-20,94.3352644714572,89.2881115937097,92.0313311642545,97.5093190532016,90.9727297791045
2025-12-21,94.3062297191605,89.2338365818731,91.9402432164763,97.357863606633,90.897437264675
2025-12-22,94.2780085393988,89.1804220888176,91.84979754498,97.2127594238741,90.8223661795601
2025-12-23,94.2507086356259,89.1274595002407,91.7640174243482,97.076244661468,90.7480127717856
2025-12-24,94.2250208282602,89.04162576366,91.690163630817,96.9451027989071,90.6781545653763
2025-12-25,94.2003267505475,88.9933623616595,91.6355277266561,96.8170343108724,90.6159140893587
2025-12-26,94.176232226643,88.9470006647466,91.5786320533976,96.6919481593013,90.5583938396578
2025-12-27,94.1546472998957,88.9017228807423,91.5063002323406,96.5700378182837,90.4969700019076
2025-12-28,94.1330382933779,88.8557258284074,91.436538965385,96.4541289966795,90.4328470203206
2025-12-29,94.1107162102072,88.8103105665828,91.3748886900528,96.3584829273993,90.3730370380467
2025-12-30,94.0895148127029,88.7661483881317,91.3109016401142,96.78196207616,90.3127711724845
2025-12-31,94.0697014058935,88.7229331262453,91.2448179368333,96.9296529870756,90.2520486008553
