date,continuous,discontinuous,isolated,no_permafrost,sporadic
2000/1/1,0,0,0,0,0
2000/1/2,0,0,0,0,0
2000/1/3,0,0,0,0,0
2000/1/4,0,0,0.000191798,0,0
2000/1/5,0,0,0,0,0
2000/1/6,0,0,3.83E-06,0,0
2000/1/7,0,0,0,0,0
2000/1/8,0,0,0,0,0
2000/1/9,0,0,0,0,0
2000/1/10,0,0,0,0,0
2000/1/11,0,0,0,0,0
2000/1/12,0,0,0,0,0
2000/1/13,0,0,0,0,0
2000/1/14,0,0,0,0,0
2000/1/15,0,0,0,0,0
2000/1/16,0,0,0,0,0
2000/1/17,0,0,0,0,0
2000/1/18,0.007619267,0.007567829,0,0,0
2000/1/19,0.000734931,0.002445775,1.02E-06,3.84E-06,3.84E-06
2000/1/20,0,0,0,0,0
2000/1/21,0,0,0,0,0
2000/1/22,0,0,5.20E-07,0,0
2000/1/23,0,0,2.03E-05,0,0
2000/1/24,0,0,0,0,0
2000/1/25,8.86E-08,0,0.000127653,0,0
2000/1/26,0,0,0.000100908,0,0
2000/1/27,0,0,3.03E-07,2.49E-07,2.49E-07
2000/1/28,0,0,2.19E-05,0,0
2000/1/29,0,0,0.000130936,0,0
2000/1/30,0,0,0.001374177,0,0
2000/1/31,0,0,0.001215681,0,0
2000/2/1,0,0,0.000207571,8.87E-06,8.87E-06
2000/2/2,4.26E-06,0,2.85E-05,5.82E-05,5.82E-05
2000/2/3,1.22E-06,0,0.000159952,5.48E-05,5.48E-05
2000/2/4,1.07E-06,0,0.000928715,1.09E-07,1.09E-07
2000/2/5,1.70E-05,0,0.000490013,2.79E-04,0.000279054
2000/2/6,0,0,0.000437319,0,0
2000/2/7,0.000153974,0,0.003875796,0.001137347,0.001137347
2000/2/8,0.000385118,0,0.001335742,0.001007304,0.001007304
2000/2/9,0.000160964,1.67E-05,0.00044856,3.15E-04,0.000315129
2000/2/10,0.000527124,3.08E-05,0.004035559,0.001537301,0.001537301
2000/2/11,0.000657711,0.000106722,0.00489063,0.001903964,0.001903964
2000/2/12,0.005779657,0.002307149,0,0,0
2000/2/13,0.004275019,0.003219441,2.73E-06,0,0
2000/2/14,0.000781457,0.00091855,0.000152678,1.43E-05,1.43E-05
2000/2/15,1.12E-06,3.35E-06,0.000488084,3.44E-05,3.44E-05
2000/2/16,0.000111269,1.78E-06,0.002553773,5.50E-04,0.000549808
2000/2/17,9.74E-05,7.72E-06,0.012622117,0.002050675,0.002050675
2000/2/18,2.32E-07,0,0.001261405,1.17E-05,1.17E-05
2000/2/19,1.97E-05,0,0.001822133,8.14E-04,0.000814419
2000/2/20,0.000178907,6.99E-06,0.002470574,0.00130132,0.00130132
2000/2/21,2.39E-06,3.16E-05,0.004715653,8.59E-04,0.000858699
2000/2/22,4.99E-07,0,0.001621534,1.50E-06,1.50E-06
2000/2/23,1.01E-05,0,0.010061053,3.75E-04,0.000374679
2000/2/24,4.19E-06,0,0.025250486,0.003506671,0.003506671
2000/2/25,3.30E-05,3.02E-05,0.004033536,1.01E-04,0.000101417
2000/2/26,0.000354923,0.000101358,0.015591462,0.002142863,0.002142863
2000/2/27,0.00082437,0.000444338,0.040252579,0.006721606,0.006721606
2000/2/28,0.001545123,0.00071363,0.027568279,0.008586146,0.008586146
2000/2/29,0.003677488,0.001598507,0.050235901,0.016584385,0.016584385
2000/3/1,0.002767185,0.001569097,0.039579649,0.017273286,0.017273286
2000/3/2,0.000628132,0.000992881,0.113764333,0.026591924,0.026591924
2000/3/3,5.21E-05,5.38E-05,0.102928251,0.057831811,0.057831811
2000/3/4,0.000101434,0.000278271,0.030296467,0.071500924,0.071500924
2000/3/5,0.000462401,0.001276247,0.019458393,0.008897176,0.008897176
2000/3/6,0.003627644,0.001320829,0.016259806,0.001402448,0.001402448
2000/3/7,0.004228951,0.002338375,0.01801936,0.005521225,0.005521225
2000/3/8,0.004371682,0.00203019,0.060367036,0.022404174,0.022404174
2000/3/9,0.005536572,0.002768648,0.068007506,0.02837864,0.02837864
2000/3/10,0.006599832,0.005170434,0.08470976,0.034787886,0.034787886
2000/3/11,0.009314049,0.008480945,0.139151202,0.054538421,0.054538421
2000/3/12,0.004127635,0.00521636,0.052912512,0.026677931,0.026677931
2000/3/13,0.004817695,0.005756302,0.035923223,0.026426661,0.026426661
2000/3/14,0.005597241,0.007639551,0.054568819,0.033744601,0.033744601
2000/3/15,0.005010553,0.006464048,0.067356885,0.040654183,0.040654183
2000/3/16,0.004295849,0.007331812,0.065919537,0.040472545,0.040472545
2000/3/17,0.003747559,0.003611158,0.029066163,0.020596235,0.020596235
2000/3/18,0.003817996,0.003164493,0.097306725,0.040590432,0.040590432
2000/3/19,0.004486231,0.006363409,0.107570291,0.037571367,0.037571367
2000/3/20,0.006350529,0.007104215,0.051867315,0.027134146,0.027134146
2000/3/21,0.00167491,0.000949576,0.048972525,0.045158103,0.045158103
2000/3/22,0.003387093,0.004076503,0.164293019,0.138301117,0.138301117
2000/3/23,0.002485327,0.005958046,0.199919846,0.262905323,0.262905323
2000/3/24,0.003730704,0.006119694,0.202713008,0.153917596,0.153917596
2000/3/25,0.01982089,0.04578114,0.482592848,0.347997594,0.347997594
2000/3/26,0.011307642,0.046094761,0.400996996,0.483002972,0.483002972
2000/3/27,0.024531607,0.197182723,0.698279028,1.010108192,1.010108192
2000/3/28,0.059887472,0.181890946,0.511419885,0.823854069,0.823854069
2000/3/29,0.013344367,0.031945048,0.196511983,0.205793837,0.205793837
2000/3/30,0.00469212,0.021636167,0.229785967,0.399750313,0.399750313
2000/3/31,0.008567577,0.106966021,0.2666558,0.497392767,0.497392767
2000/4/1,0.010980305,0.0637883,0.341692068,0.340533773,0.340533773
2000/4/2,0.019893301,0.040892587,0.175365555,0.194393588,0.194393588
2000/4/3,0.003527993,0.022134868,0.312466301,0.369781057,0.369781057
2000/4/4,0.010385152,0.031082155,0.212512475,0.191643272,0.191643272
2000/4/5,0.009484172,0.029194219,0.105690566,0.12493035,0.12493035
2000/4/6,0.012398371,0.042033009,0.08719451,0.152233216,0.152233216
2000/4/7,0.020152133,0.012563582,0.077376939,0.052249799,0.052249799
2000/4/8,0.00048694,0.008807849,0.442964743,0.120667215,0.120667215
2000/4/9,0.004798869,0.022606435,0.147808553,0.147489804,0.147489804
2000/4/10,0.040355205,0.081679805,0.584485483,0.334117095,0.334117095
2000/4/11,0.048731173,0.192401625,0.379916452,0.514462749,0.514462749
2000/4/12,0.060221516,0.31016406,1.085898597,0.863678472,0.863678472
2000/4/13,0.137056956,0.290121084,2.46092549,1.080616283,1.080616283
2000/4/14,0.261344407,0.753552026,4.176845331,1.746548116,1.746548116
2000/4/15,0.513653119,1.106245198,6.219804027,2.570137646,2.570137646
2000/4/16,0.488761531,1.142720761,7.914269485,2.993747616,2.993747616
2000/4/17,0.412258507,0.570872679,6.892256135,2.567971623,2.567971623
2000/4/18,0.445451313,0.518077486,3.659716587,1.939566397,1.939566397
2000/4/19,0.32319058,1.23414429,2.772724566,3.20954847,3.20954847
2000/4/20,0.297319628,1.866644132,4.341639658,3.890502868,3.890502868
2000/4/21,0.526106795,2.906046389,7.685128376,4.983956127,4.983956127
2000/4/22,0.60760578,3.779623141,5.651117897,3.764240379,3.764240379
2000/4/23,1.089159029,3.669369307,5.039004796,5.355430892,5.355430892
2000/4/24,1.425059842,2.19642472,3.210501664,1.731512021,1.731512021
2000/4/25,1.640026623,2.227348104,2.54553803,1.956517064,1.956517064
2000/4/26,2.240202822,2.658562959,2.304932809,2.244156214,2.244156214
2000/4/27,1.881776343,2.801729421,1.445497093,1.2156556,1.2156556
2000/4/28,1.55146613,2.471854457,1.124982513,1.003778209,1.003778209
2000/4/29,1.612844063,2.838421137,2.324514137,1.822261051,1.822261051
2000/4/30,1.76878898,4.033576578,1.288390696,1.741474967,1.741474967
2000/5/1,1.890591612,4.26204129,0.897158655,1.062761789,1.062761789
2000/5/2,1.657719288,3.371503921,0.655189384,0.667215806,0.667215806
2000/5/3,0.680599405,2.90909097,1.236155237,0.95335476,0.95335476
2000/5/4,0.947917618,2.399176912,2.04728146,1.711405604,1.711405604
2000/5/5,0.884999536,2.493058816,2.093221258,2.042462748,2.042462748
2000/5/6,1.074537456,2.253160773,2.501073225,1.68825663,1.68825663
2000/5/7,1.400735422,3.305413805,3.286728514,2.289896217,2.289896217
2000/5/8,1.997376065,3.463522432,4.128079904,2.744993415,2.744993415
2000/5/9,2.193189946,2.948514915,4.916804915,3.252950413,3.252950413
2000/5/10,2.484229354,2.632594547,1.803211306,2.681372682,2.681372682
2000/5/11,4.35813636,3.034169858,0.996114954,1.75324941,1.75324941
2000/5/12,3.644697663,3.179442491,1.790215088,2.210564347,2.210564347
2000/5/13,3.115551938,3.171617284,3.267414938,3.269239951,3.269239951
2000/5/14,3.086802205,2.624580724,3.532782625,3.39127873,3.39127873
2000/5/15,3.13808171,2.156554747,3.881204417,4.064290266,4.064290266
2000/5/16,2.631263036,3.007955669,3.917065386,4.407988424,4.407988424
2000/5/17,2.236618672,3.757824816,3.654891794,4.640293227,4.640293227
2000/5/18,2.997020806,5.171678886,3.258230402,5.256754231,5.256754231
2000/5/19,4.419761679,5.68223934,2.836322508,4.48270005,4.48270005
2000/5/20,5.442775116,4.637552774,1.856210826,3.304487682,3.304487682
2000/5/21,5.441238155,3.534742619,1.833815306,3.181490539,3.181490539
2000/5/22,5.667557352,3.293225667,1.56836433,2.611323504,2.611323504
2000/5/23,4.9293664,2.829930258,0.362542316,1.382678763,1.382678763
2000/5/24,3.945502104,2.348951622,0.865057748,1.390035009,1.390035009
2000/5/25,2.890505011,1.928520112,0.535665329,1.162825433,1.162825433
2000/5/26,2.584398891,1.951073608,0.712549936,1.35198346,1.35198346
2000/5/27,2.847073776,2.256613233,0.742386508,1.757798227,1.757798227
2000/5/28,3.32008447,2.684921091,0.993480677,2.160641499,2.160641499
2000/5/29,4.096755786,2.945801244,1.036793015,2.666711632,2.666711632
2000/5/30,4.256781423,3.195609043,0.938589697,2.798566292,2.798566292
2000/5/31,4.549426271,3.247614956,0.894601114,2.997537679,2.997537679
2000/6/1,4.183836093,3.244111691,0.840181008,2.931240695,2.931240695
2000/6/2,4.358105195,3.022049382,0.816155377,2.640958699,2.640958699
2000/6/3,3.990799583,2.957388433,0.840276603,3.447385235,3.447385235
2000/6/4,3.839261129,2.620276048,0.852238117,2.500961634,2.500961634
2000/6/5,3.481738078,2.384206629,0.957149009,2.518334996,2.518334996
2000/6/6,3.168582955,2.219098269,0.79775977,1.90327882,1.90327882
2000/6/7,2.649042272,1.892971504,0.673270189,1.531169394,1.531169394
2000/6/8,2.209633652,1.550612473,0.687175464,1.536641601,1.536641601
2000/6/9,1.492713667,1.303936351,0.654148707,1.337418241,1.337418241
2000/6/10,1.197564938,1.147754791,0.509324734,1.095904015,1.095904015
2000/6/11,0.671467917,1.015314402,0.428192213,0.950491903,0.950491903
2000/6/12,0.628876323,0.939062045,0.439212295,1.007600171,1.007600171
2000/6/13,0.441423872,0.804698738,0.498593075,0.96946305,0.96946305
2000/6/14,0.403523865,0.584965771,0.423922975,0.742309512,0.742309512
2000/6/15,0.323490976,0.440283399,0.298057123,0.595062755,0.595062755
2000/6/16,0.225787853,0.353564832,0.301269357,0.519821134,0.519821134
2000/6/17,0.155099115,0.274223754,0.376830623,0.619189643,0.619189643
2000/6/18,0.063848114,0.219974412,0.323255592,0.460896804,0.460896804
2000/6/19,0.030594983,0.173031473,0.214977435,0.315236785,0.315236785
2000/6/20,0.029483971,0.151405398,0.211531453,0.341813644,0.341813644
2000/6/21,0.04387149,0.12787391,0.243724009,0.289925441,0.289925441
2000/6/22,0.121719482,0.14860397,0.162427942,0.260159827,0.260159827
2000/6/23,0.256800002,0.20545186,0.18036495,0.299136419,0.299136419
2000/6/24,0.228317041,0.194525753,0.263107094,0.386487328,0.386487328
2000/6/25,0.120004223,0.185043628,0.290998984,0.371847676,0.371847676
2000/6/26,0.097459859,0.193499585,0.311089559,0.315166481,0.315166481
2000/6/27,0.065010517,0.187438209,0.284477699,0.248627869,0.248627869
2000/6/28,0.053038529,0.164621051,0.270724621,0.188771696,0.188771696
2000/6/29,0.067842535,0.120774591,0.216776082,0.114559755,0.114559755
2000/6/30,0.108486679,0.117696253,0.155827005,0.068962706,0.068962706
2000/7/1,0.088197527,0.123689655,0.131084627,0.076964577,0.076964577
2000/7/2,0.042853775,0.127720888,0.116065152,0.06873157,0.06873157
2000/7/3,0.020605308,0.117804844,0.126965257,0.059520626,0.059520626
2000/7/4,0.012388759,0.126018353,0.130504174,0.048089046,0.048089046
2000/7/5,0.009422121,0.104650725,0.131208125,0.038194117,0.038194117
2000/7/6,0.016580738,0.100578604,0.108320088,0.027010964,0.027010964
2000/7/7,0.07272803,0.089334224,0.098406479,0.018344548,0.018344548
2000/7/8,0.068403338,0.095176179,0.094058715,0.015830716,0.015830716
2000/7/9,0.051156723,0.084857917,0.088948734,0.014364637,0.014364637
2000/7/10,0.02221291,0.074489418,0.077943641,0.010807316,0.010807316
2000/7/11,0.010174424,0.06989889,0.056180345,0.005990448,0.005990448
2000/7/12,0.014604036,0.063910484,0.058201699,0.007915213,0.007915213
2000/7/13,0.049295865,0.068018528,0.054315572,0.008473422,0.008473422
2000/7/14,0.121517849,0.090905826,0.051292475,0.008379105,0.008379105
2000/7/15,0.091556273,0.08136426,0.049035229,0.00679363,0.00679363
2000/7/16,0.033006065,0.06209162,0.047355908,0.006696558,0.006696558
2000/7/17,0.00647725,0.055562491,0.038043209,0.005186417,0.005186417
2000/7/18,0.000833364,0.05004312,0.040504049,0.005530849,0.005530849
2000/7/19,0.000191313,0.040118627,0.027615185,0.003772549,0.003772549
2000/7/20,0.002649826,0.039257437,0.029800855,0.004292861,0.004292861
2000/7/21,0.002506681,0.031684782,0.023977607,0.005029537,0.005029537
2000/7/22,0.007358092,0.034088341,0.026130383,0.00359346,0.00359346
2000/7/23,0.046603034,0.034016672,0.0285701,0.003301256,0.003301256
2000/7/24,0.03930295,0.0293722,0.021584665,0.002632996,0.002632996
2000/7/25,0.023963999,0.030930004,0.028510576,0.003149829,0.003149829
2000/7/26,0.014679868,0.029057504,0.03064922,0.003147889,0.003147889
2000/7/27,0.021366397,0.03539863,0.03561986,0.004241687,0.004241687
2000/7/28,0.024223321,0.049155961,0.029653826,0.003587627,0.003587627
2000/7/29,0.022962952,0.052486398,0.033137012,0.003225978,0.003225978
2000/7/30,0.012920891,0.035379695,0.030381296,0.002676928,0.002676928
2000/7/31,0.005143545,0.024176018,0.028887936,0.002466157,0.002466157
2000/8/1,0.001441957,0.02381648,0.032294254,0.002674138,0.002674138
2000/8/2,0.000884773,0.020807987,0.032423833,0.002522672,0.002522672
2000/8/3,0.000685545,0.027067039,0.035204699,0.002466027,0.002466027
2000/8/4,0.001972668,0.037161469,0.035838986,0.002867333,0.002867333
2000/8/5,0.007849032,0.029699042,0.031800792,0.002489045,0.002489045
2000/8/6,0.008384228,0.019059524,0.02246694,0.001703208,0.001703208
2000/8/7,0.004259027,0.01721458,0.019629591,0.001665116,0.001665116
2000/8/8,0.00288018,0.018205165,0.014151041,0.0015105,0.0015105
2000/8/9,0.001554416,0.01618363,0.016875148,0.028382605,0.028382605
2000/8/10,0.003152322,0.012746455,0.015984046,0.04997726,0.04997726
2000/8/11,0.018680882,0.011417833,0.014425795,0.037056512,0.037056512
2000/8/12,0.060697901,0.020858623,0.01383582,0.021239667,0.021239667
2000/8/13,0.125143244,0.026688661,0.015217516,0.016438355,0.016438355
2000/8/14,0.167869515,0.029767127,0.011501192,0.010968091,0.010968091
2000/8/15,0.243996466,0.076918029,0.012023969,0.006308989,0.006308989
2000/8/16,0.433329933,0.230682576,0.013242477,0.011717703,0.011717703
2000/8/17,0.338149318,0.227926936,0.010726438,0.013132679,0.013132679
2000/8/18,0.236446181,0.14223225,0.010600639,0.007091008,0.007091008
2000/8/19,0.161316537,0.075267098,0.00888023,0.003279629,0.003279629
2000/8/20,0.124354033,0.048271505,0.008046325,0.002518589,0.002518589
2000/8/21,0.127873529,0.041347447,0.007286169,0.003591945,0.003591945
2000/8/22,0.102897459,0.057626183,0.008684814,0.01133595,0.01133595
2000/8/23,0.09988424,0.110595289,0.006631881,0.014212093,0.014212093
2000/8/24,0.147547705,0.127180476,0.005396672,0.009362381,0.009362381
2000/8/25,0.122322525,0.109341558,0.005067402,0.01275454,0.01275454
2000/8/26,0.16938589,0.1765543,0.008194128,0.028954351,0.028954351
2000/8/27,0.209763184,0.213520445,0.008489471,0.039847442,0.039847442
2000/8/28,0.206302117,0.24840068,0.011644997,0.043231172,0.043231172
2000/8/29,0.166316566,0.183457129,0.015246905,0.038925532,0.038925532
2000/8/30,0.134847167,0.144129409,0.031000838,0.060152038,0.060152038
2000/8/31,0.117746793,0.150586401,0.032901638,0.090622936,0.090622936
2000/9/1,0.144266588,0.119136898,0.051823503,0.067585272,0.067585272
2000/9/2,0.239834858,0.140386964,0.140104874,0.128850527,0.128850527
2000/9/3,0.342410378,0.221276199,0.301562512,0.218255968,0.218255968
2000/9/4,0.506089271,0.219818311,0.354398274,0.24029058,0.24029058
2000/9/5,0.585262661,0.2758068,0.450494565,0.272559475,0.272559475
2000/9/6,0.593837252,0.190030482,0.198516285,0.142073156,0.142073156
2000/9/7,0.500254322,0.21408314,0.119037224,0.100366064,0.100366064
2000/9/8,0.48648582,0.181934873,0.057563358,0.07647554,0.07647554
2000/9/9,0.301339321,0.162910756,0.051077994,0.102815903,0.102815903
2000/9/10,0.270157981,0.184323524,0.065902891,0.111894879,0.111894879
2000/9/11,0.473039391,0.222932586,0.064709415,0.222833062,0.222833062
2000/9/12,0.637324661,0.288345337,0.135509373,0.245097262,0.245097262
2000/9/13,0.286100172,0.26759459,0.078427114,0.150454328,0.150454328
2000/9/14,0.180315267,0.26083945,0.102379104,0.233016438,0.233016438
2000/9/15,0.207162716,0.224479492,0.059993181,0.126046564,0.126046564
2000/9/16,0.133455654,0.145356606,0.035936025,0.197777272,0.197777272
2000/9/17,0.187436311,0.250443507,0.044783449,0.431764459,0.431764459
2000/9/18,0.144115906,0.179310794,0.038610589,0.234881167,0.234881167
2000/9/19,0.20130476,0.239841197,0.048285552,0.155373129,0.155373129
2000/9/20,0.283210789,0.316164118,0.046753697,0.136013979,0.136013979
2000/9/21,0.568147039,0.44496523,0.056415691,0.14255911,0.14255911
2000/9/22,0.989798556,0.778592252,0.091581932,0.268854294,0.268854294
2000/9/23,0.865031701,0.444141271,0.186849681,0.239886672,0.239886672
2000/9/24,0.358291397,0.270174169,0.154493482,0.24186515,0.24186515
2000/9/25,0.422922018,0.311064393,0.157890953,0.223342617,0.223342617
2000/9/26,0.375959773,0.367789591,0.274686357,0.242821732,0.242821732
2000/9/27,0.336164235,0.214093162,0.567848574,0.431550443,0.431550443
2000/9/28,0.177238116,0.258973026,0.736737939,0.758066449,0.758066449
2000/9/29,0.192638406,0.414513052,0.942639439,0.740780611,0.740780611
2000/9/30,0.251862434,0.606467232,0.7000858,0.425259098,0.425259098
2000/10/1,0.301871573,0.365199701,0.28581443,0.184201931,0.184201931
2000/10/2,0.287573794,0.231192328,0.256330905,0.19061503,0.19061503
2000/10/3,0.202374214,0.144156744,0.181279812,0.134523924,0.134523924
2000/10/4,0.114169214,0.090367835,0.128628989,0.133133899,0.133133899
2000/10/5,0.095109816,0.108454972,0.094324791,0.129753966,0.129753966
2000/10/6,0.082227578,0.511294741,0.173020422,0.343094829,0.343094829
2000/10/7,0.183902113,1.125856728,0.378001769,0.740412925,0.740412925
2000/10/8,0.120218945,0.913942823,0.741344196,1.0735715,1.0735715
2000/10/9,0.023431427,0.373850149,0.286429316,0.801506888,0.801506888
2000/10/10,0.03914771,0.143196191,0.134415399,0.357483558,0.357483558
2000/10/11,0.053646264,0.27963063,0.158183103,0.405999016,0.405999016
2000/10/12,0.018834052,0.136968341,0.183617221,0.387144551,0.387144551
2000/10/13,0.008916973,0.120738941,0.112900965,0.195892157,0.195892157
2000/10/14,0.014782086,0.314091338,0.095758702,0.191171916,0.191171916
2000/10/15,0.019013548,0.268334995,0.109666865,0.261102843,0.261102843
2000/10/16,0.023443353,0.227132417,0.13128772,0.281910776,0.281910776
2000/10/17,0.009734206,0.176534904,0.048553039,0.127808634,0.127808634
2000/10/18,0.00533125,0.06591109,0.161819526,0.096778311,0.096778311
2000/10/19,0.014948167,0.12936166,0.296324956,0.304631855,0.304631855
2000/10/20,0.002505541,0.001991774,0.061508555,0.010033803,0.010033803
2000/10/21,0.004808074,0.014750032,0.10068728,0.106400755,0.106400755
2000/10/22,0.012583526,0.052267999,0.162203989,0.151885214,0.151885214
2000/10/23,0.00215296,0.085461484,0.470446229,0.525366842,0.525366842
2000/10/24,0.00827273,0.075533656,0.282148802,0.392345764,0.392345764
2000/10/25,0.008317998,0.031065312,0.093685066,0.07595603,0.07595603
2000/10/26,0.007777724,0.018610304,0.121266201,0.116564543,0.116564543
2000/10/27,0.006102174,0.160689654,0.271539233,0.403841155,0.403841155
2000/10/28,0.004868624,0.110062403,0.475647137,0.424995679,0.424995679
2000/10/29,0.008127559,0.048039321,0.821535703,0.635116119,0.635116119
2000/10/30,0.001913512,0.022824456,0.476173322,0.120484063,0.120484063
2000/10/31,0.006626269,0.010239602,0.170317184,0.068729023,0.068729023
2000/11/1,0.00254742,0.006621316,0.021392845,0.035283583,0.035283583
2000/11/2,0.002699223,0.004785776,0.054145241,0.035516914,0.035516914
2000/11/3,0.00027645,0.000380118,0.161150928,0.022889859,0.022889859
2000/11/4,0.000223589,5.21E-05,0.057237785,0.005167082,0.005167082
2000/11/5,0,0,0.000925629,0,0
2000/11/6,0,0,0.000730234,3.22E-05,3.22E-05
2000/11/7,1.11E-05,0,0.000533152,2.39E-05,2.39E-05
2000/11/8,0.001014309,0.006192694,2.87E-06,1.45E-04,0.000145075
2000/11/9,0.05551838,0.209336107,1.67E-06,1.17E-06,1.17E-06
2000/11/10,0.032684157,0.133597268,4.58E-05,1.80E-05,1.80E-05
2000/11/11,0.003530828,0.012783597,0.00344892,0.005183241,0.005183241
2000/11/12,0.000381161,9.76E-05,0.001243778,0.004542159,0.004542159
2000/11/13,0.017865224,0.026606884,0.003929056,9.96E-04,0.000995837
2000/11/14,0.017773157,0.02551924,0.001336764,2.19E-04,0.000219355
2000/11/15,0.000768192,0.000752474,0.00148272,1.83E-04,0.000183038
2000/11/16,0.002200731,0.000771641,0.0005259,4.53E-04,0.000453206
2000/11/17,0.001336789,0.000577253,0.000786648,6.94E-04,0.00069434
2000/11/18,0.001003037,0.00060642,3.59E-05,8.73E-06,8.73E-06
2000/11/19,0.000200639,8.04E-06,0.00200723,9.48E-05,9.48E-05
2000/11/20,7.58E-06,0,0.000955184,5.63E-06,5.63E-06
2000/11/21,0,0,0.003899607,0.002518351,0.002518351
2000/11/22,0,0.000164172,0.018748298,0.020856778,0.020856778
2000/11/23,0,6.85E-08,0.01840322,0.027559837,0.027559837
2000/11/24,0,0,0.00164755,0.002546567,0.002546567
2000/11/25,0,0,0.008045447,0.001380243,0.001380243
2000/11/26,0,0,0.000370917,7.12E-06,7.12E-06
2000/11/27,0,0,0.000217075,4.30E-05,4.30E-05
2000/11/28,0,0,3.97E-06,0,0
2000/11/29,0,1.13E-06,3.99E-05,6.91E-05,6.91E-05
2000/11/30,0,0,9.00E-05,4.25E-06,4.25E-06
2000/12/1,0,0,0.000607728,8.74E-05,8.74E-05
2000/12/2,0,0,8.72E-05,6.22E-06,6.22E-06
2000/12/3,0,0,8.89E-05,3.65E-07,3.65E-07
2000/12/4,2.94E-08,0,1.82E-05,3.69E-05,3.69E-05
2000/12/5,0,0,8.97E-05,1.95E-05,1.95E-05
2000/12/6,0,0,0.007070359,8.30E-04,0.000830417
2000/12/7,0,0,2.70E-05,0,0
2000/12/8,0.000864037,6.15E-06,0,0,0
2000/12/9,0,0,0,0,0
2000/12/10,0,0,0,0,0
2000/12/11,1.67E-05,1.04E-05,0,0,0
2000/12/12,0.014949693,0.048763607,0,0,0
2000/12/13,0.004176987,0.000471035,0,0,0
2000/12/14,0.000266011,9.01E-06,0,0,0
2000/12/15,0,0,0,0,0
2000/12/16,0,0,0,0,0
2000/12/17,0,0,0,0,0
2000/12/18,0,0,1.10E-05,0,0
2000/12/19,0.020011148,0.043790975,0,0,0
2000/12/20,0.004187327,0.002626955,9.97E-05,1.68E-05,1.68E-05
2000/12/21,2.76E-05,6.99E-05,0,0,0
2000/12/22,0,0,0,0,0
2000/12/23,0,0,0,0,0
2000/12/24,0,0,5.62E-07,0,0
2000/12/25,5.86E-09,0,0,8.54E-06,8.54E-06
2000/12/26,0,0,0.000962758,1.61E-10,1.61E-10
2000/12/27,0,0,7.78E-07,0,0
2000/12/28,0,0,0,4.63E-06,4.63E-06
2000/12/29,0,0,0,0,0
2000/12/30,1.90E-07,0.000123762,5.22E-05,0,0
2000/12/31,0,0,1.09E-05,0,0
2001/1/1,0,0,3.65E-10,0,0
2001/1/2,0,0,5.93E-05,0,0
2001/1/3,0,0,0.006251049,9.13E-04,0.000912649
2001/1/4,0,0,0.000465553,2.78E-06,2.78E-06
2001/1/5,0,0,8.52E-05,0,0
2001/1/6,0,0,1.11E-05,0,0
2001/1/7,0,0,6.14E-05,0,0
2001/1/8,0,0,1.71E-05,0,0
2001/1/9,0,0,0.000148314,0,0
2001/1/10,0,0,0.000223973,0,0
2001/1/11,0,0,1.88E-05,0,0
2001/1/12,0,0,0,0,0
2001/1/13,0,0,0,0,0
2001/1/14,0,0,1.60E-05,0,0
2001/1/15,0,0.000720615,3.30E-05,0,0
2001/1/16,0,5.05E-05,0.000807049,7.71E-05,7.71E-05
2001/1/17,2.46E-07,0,2.73E-05,3.54E-05,3.54E-05
2001/1/18,0,0,1.75E-05,1.92E-06,1.92E-06
2001/1/19,0,0,1.33E-05,0,0
2001/1/20,0,0,4.14E-05,0,0
2001/1/21,1.30E-06,3.32E-07,5.51E-06,0,0
2001/1/22,0,0,3.90E-06,0,0
2001/1/23,0,0,0.00030799,0,0
2001/1/24,0,0,0.000219385,0,0
2001/1/25,0,0,0.000344509,0,0
2001/1/26,0,0,0.000290969,8.67E-08,8.67E-08
2001/1/27,0,0,1.18E-05,1.88E-05,1.88E-05
2001/1/28,0,0,0.000137491,5.33E-06,5.33E-06
2001/1/29,0,0,0.000358927,0,0
2001/1/30,0,0,0,0,0
2001/1/31,0,0,2.19E-05,0,0
2001/2/1,0,0,0.002410468,0.001414977,0.001414977
2001/2/2,4.04E-07,0,0.001286587,3.17E-04,0.000316877
2001/2/3,0,0,0.000625669,1.47E-04,0.000147243
2001/2/4,0,0,1.50E-05,0,0
2001/2/5,0,0,1.06E-05,0,0
2001/2/6,0,0,1.02E-07,0,0
2001/2/7,0,0,0,0,0
2001/2/8,0,0,0,0,0
2001/2/9,0,0,4.67E-06,2.95E-05,2.95E-05
2001/2/10,0.000117794,2.99E-05,2.25E-05,1.71E-05,1.71E-05
2001/2/11,0.005372141,0.001657427,0,2.68E-06,2.68E-06
2001/2/12,0,0,2.08E-05,8.41E-06,8.41E-06
2001/2/13,5.99E-07,0,5.18E-05,2.25E-05,2.25E-05
2001/2/14,0,0,0,0,0
2001/2/15,0,0,5.92E-05,5.33E-05,5.33E-05
2001/2/16,0.000134259,3.34E-05,0.008053752,0.004286163,0.004286163
2001/2/17,0.00721616,0.00645695,0.044754571,0.012131487,0.012131487
2001/2/18,0.002904474,0.002873781,0.079275102,0.021586914,0.021586914
2001/2/19,0.00072159,5.41E-05,0.045956828,0.00979286,0.00979286
2001/2/20,0.000636744,0.000184552,0.041681609,0.007424352,0.007424352
2001/2/21,1.11E-05,7.76E-08,0.000489566,3.48E-04,0.000348367
2001/2/22,3.64E-06,0,0.001634526,5.22E-04,0.000521716
2001/2/23,5.48E-07,0,0.000786993,7.70E-05,7.70E-05
2001/2/24,0.000229253,0,0.01397089,0.003456142,0.003456142
2001/2/25,0.000810124,0.000111945,0.029154176,0.008038123,0.008038123
2001/2/26,0.000418114,2.84E-05,0.021869882,0.002753718,0.002753718
2001/2/27,0.001308075,0.000237477,0.0537174,0.018918087,0.018918087
2001/2/28,0.0018361,0.000242747,0.074235825,0.02798992,0.02798992
2001/3/1,1.01E-07,5.07E-05,0.028972008,0.001998607,0.001998607
2001/3/2,0,0,0.000144304,3.67E-06,3.67E-06
2001/3/3,0.000846914,7.88E-07,0.009237828,0.006591834,0.006591834
2001/3/4,1.41E-05,4.71E-06,0.002927748,0.00147599,0.00147599
2001/3/5,-2.38E-12,-7.88E-11,0.001706213,3.95E-10,3.95E-10
2001/3/6,1.04E-05,0,0.002934192,3.96E-04,0.000396308
2001/3/7,1.84E-06,5.20E-06,0.08977932,0.03095312,0.03095312
2001/3/8,0.000492441,5.49E-05,0.073952201,0.032283202,0.032283202
2001/3/9,0.001339259,0.000981392,0.084023649,0.027458837,0.027458837
2001/3/10,0.003714186,0.004122618,0.140729923,0.042714206,0.042714206
2001/3/11,0.036534571,0.024927368,0.334543033,0.137310345,0.137310345
2001/3/12,0.006246158,0.006493292,0.130584698,0.043460725,0.043460725
2001/3/13,0,7.23E-05,0.008708165,0.003135702,0.003135702
2001/3/14,7.10E-05,3.06E-05,0.030336771,0.014293614,0.014293614
2001/3/15,0.001635949,0.004591365,0.448189465,0.061208211,0.061208211
2001/3/16,0.002259218,0.005330114,0.532365123,0.05278773,0.05278773
2001/3/17,0.002529338,0.009185381,0.166068118,0.040651922,0.040651922
2001/3/18,0.003769294,0.009802825,0.13980024,0.050512396,0.050512396
2001/3/19,0.003176363,0.018931607,0.105605991,0.055096042,0.055096042
2001/3/20,0.011546417,0.016027926,0.103673814,0.0486084,0.0486084
2001/3/21,0.001279109,0.00287261,0.040488064,0.030605074,0.030605074
2001/3/22,0.005062312,0.004754044,0.030475217,0.02413865,0.02413865
2001/3/23,3.69E-05,4.07E-05,0.003221293,0.006115094,0.006115094
2001/3/24,0.000551184,0.000109158,0.009711398,0.012359755,0.012359755
2001/3/25,0.001961784,0.000801877,0.027064107,0.028386017,0.028386017
2001/3/26,0.003041628,0.003445826,0.304156037,0.050442453,0.050442453
2001/3/27,0.00862835,0.014950937,0.242437964,0.159616384,0.159616384
2001/3/28,0.050032193,0.081722697,0.466819021,0.289605212,0.289605212
2001/3/29,0.116715348,0.176527168,0.67258782,0.369297591,0.369297591
2001/3/30,0.124737021,0.245114599,0.899782798,0.600105234,0.600105234
2001/3/31,0.1302067,0.249336245,0.671716328,0.594655891,0.594655891
2001/4/1,0.12992587,0.274350237,0.596951248,0.484123134,0.484123134
2001/4/2,0.092721791,0.047143811,0.161749562,0.100033111,0.100033111
2001/4/3,0.008321472,0.023577828,0.064077479,0.045445936,0.045445936
2001/4/4,0.006852256,0.109176941,0.155092678,0.193581331,0.193581331
2001/4/5,0.027759876,0.092888677,0.468207825,0.481147089,0.481147089
2001/4/6,0.027341361,0.043877107,0.089769187,0.138709835,0.138709835
2001/4/7,0.037978687,0.053190017,0.131174109,0.045546252,0.045546252
2001/4/8,0.135532732,0.019499152,0.147909146,0.094201867,0.094201867
2001/4/9,0.015945205,0.018526365,0.743504636,0.290743872,0.290743872
2001/4/10,0.003889958,0.037526375,0.393200945,0.138454354,0.138454354
2001/4/11,0.018043379,0.250175899,1.456967082,0.632825863,0.632825863
2001/4/12,0.04985069,0.511733395,1.623806129,0.643116702,0.643116702
2001/4/13,0.108876015,0.729727286,2.161114561,0.809304707,0.809304707
2001/4/14,0.132169847,0.916296799,2.940046925,1.424751177,1.424751177
2001/4/15,0.202499711,1.085257351,1.238357908,1.40767192,1.40767192
2001/4/16,0.295180577,1.556100352,1.072311598,1.456843761,1.456843761
2001/4/17,0.109793642,1.318543924,1.733223103,1.537630232,1.537630232
2001/4/18,0.017233922,0.746021764,3.129391723,2.072510381,2.072510381
2001/4/19,0.029168521,0.490251609,3.201127062,1.88192159,1.88192159
2001/4/20,0.099771378,0.451158258,3.18484794,1.547045892,1.547045892
2001/4/21,0.19933345,0.895485341,3.842823662,2.301106653,2.301106653
2001/4/22,0.139313451,1.207770008,5.72587628,2.6016878,2.6016878
2001/4/23,0.425846051,1.679878925,6.140375986,2.953666512,2.953666512
2001/4/24,0.404832874,1.307920602,4.3348838,3.214097652,3.214097652
2001/4/25,1.041227367,1.694200843,3.012745617,3.344738507,3.344738507
2001/4/26,1.188875255,1.161344692,0.904056853,1.435461856,1.435461856
2001/4/27,0.57168272,1.380721583,2.141828419,2.973066556,2.973066556
2001/4/28,0.908457739,1.967873865,1.095129533,3.3340276,3.3340276
2001/4/29,0.404854353,1.239881899,0.394828612,1.845961615,1.845961615
2001/4/30,0.799612322,1.060694285,1.265725908,1.866363429,1.866363429
2001/5/1,1.179984803,1.745577199,2.108254952,2.805910099,2.805910099
2001/5/2,1.758308088,1.445799864,2.275514141,1.809810544,1.809810544
2001/5/3,1.719609202,2.234964783,1.923231422,1.605650663,1.605650663
2001/5/4,1.8506933,3.232789102,3.068066717,2.220378948,2.220378948
2001/5/5,2.994528984,3.592636827,3.307905371,2.629013419,2.629013419
2001/5/6,3.637417871,2.913746113,4.288711748,3.555759774,3.555759774
2001/5/7,3.324105481,2.701135084,7.201776692,3.457264733,3.457264733
2001/5/8,3.850923994,3.421886927,8.980802943,4.22366114,4.22366114
2001/5/9,3.448499643,4.078483487,9.631755034,5.912644378,5.912644378
2001/5/10,3.094608616,5.397623625,8.598239839,6.494855411,6.494855411
2001/5/11,3.001201917,5.373649999,4.953193988,5.022759501,5.022759501
2001/5/12,1.700543042,3.132579548,2.440823236,2.164234959,2.164234959
2001/5/13,0.582885255,3.003817215,2.553858367,1.837832529,1.837832529
2001/5/14,0.833520747,3.806135226,3.751355229,2.550771732,2.550771732
2001/5/15,1.229859032,4.112319383,3.370896625,3.678230151,3.678230151
2001/5/16,1.55593861,4.145121885,4.194148132,4.841886393,4.841886393
2001/5/17,1.869579165,4.03286635,2.614295816,3.64135052,3.64135052
2001/5/18,3.636499175,3.915542461,1.084513578,2.983350849,2.983350849
2001/5/19,4.056563152,4.074872068,1.282543394,2.517314811,2.517314811
2001/5/20,4.829922588,4.267161768,2.053128918,2.667640345,2.667640345
2001/5/21,5.663136815,3.736155349,1.197153121,1.953411945,1.953411945
2001/5/22,4.616651023,4.000924115,1.954279589,3.515663175,3.515663175
2001/5/23,4.389541809,4.768500662,3.22019647,5.240288232,5.240288232
2001/5/24,4.313349151,4.99980548,3.894633281,6.076259548,6.076259548
2001/5/25,6.086665526,4.743641677,2.583519769,4.276380252,4.276380252
2001/5/26,4.826241512,4.406017808,1.686253788,3.748169737,3.748169737
2001/5/27,3.870817667,4.314650452,1.842936407,4.411987853,4.411987853
2001/5/28,4.877560833,4.460402544,1.578942339,4.873573819,4.873573819
2001/5/29,4.994994937,4.02647901,0.858325753,3.978507969,3.978507969
2001/5/30,4.261980672,3.904594563,0.738383185,3.425611965,3.425611965
2001/5/31,4.344700382,3.961913818,1.002252209,3.322303637,3.322303637
2001/6/1,3.397663748,3.71832842,1.029239521,2.929562242,2.929562242
2001/6/2,3.277917631,3.365869268,0.60786754,2.228440528,2.228440528
2001/6/3,3.485330574,3.195314141,0.436507361,1.77559179,1.77559179
2001/6/4,4.005019961,3.190102045,0.545095048,1.775055969,1.775055969
2001/6/5,3.44672477,2.430191031,0.69715438,1.713763003,1.713763003
2001/6/6,3.169770108,2.103148301,0.571558998,1.631934925,1.631934925
2001/6/7,3.057708135,1.707839509,0.541990136,1.430866873,1.430866873
2001/6/8,3.126717146,1.498635332,0.514907808,1.495772004,1.495772004
2001/6/9,2.939046955,1.449750388,0.525403193,1.643710128,1.643710128
2001/6/10,2.459784108,1.320242982,0.291153152,1.47903177,1.47903177
2001/6/11,1.865847055,1.171532387,0.222513845,1.463038413,1.463038413
2001/6/12,1.357279251,1.016352211,0.508540099,1.34072923,1.34072923
2001/6/13,0.996491213,0.874764386,0.541924058,1.090496556,1.090496556
2001/6/14,0.688553454,0.76731764,0.365178296,0.814391001,0.814391001
2001/6/15,0.436721826,0.65026394,0.294540522,0.721749186,0.721749186
2001/6/16,0.381749602,0.585373573,0.298732863,0.624191297,0.624191297
2001/6/17,0.486885706,0.517258374,0.313050071,0.524073065,0.524073065
2001/6/18,0.425263004,0.450223618,0.310876976,0.466119059,0.466119059
2001/6/19,0.237044819,0.384984208,0.288420715,0.369074425,0.369074425
2001/6/20,0.122251214,0.288220141,0.258812629,0.275977005,0.275977005
2001/6/21,0.046860618,0.244749598,0.264379194,0.232666618,0.232666618
2001/6/22,0.051499269,0.202789492,0.181486689,0.154014293,0.154014293
2001/6/23,0.117274383,0.228471711,0.139734509,0.130155967,0.130155967
2001/6/24,0.159223204,0.27978987,0.141513489,0.18175082,0.18175082
2001/6/25,0.135558167,0.31053586,0.160147167,0.271526286,0.271526286
2001/6/26,0.089094168,0.264161138,0.163399786,0.253429437,0.253429437
2001/6/27,0.037139567,0.194830193,0.1542217,0.180557896,0.180557896
2001/6/28,0.011983576,0.142711893,0.142097697,0.116973921,0.116973921
2001/6/29,0.004340862,0.114515474,0.116083093,0.069048588,0.069048588
2001/6/30,0.001924108,0.101424774,0.122635616,0.05776949,0.05776949
2001/7/1,0.00049024,0.099087769,0.129153742,0.054501002,0.054501002
2001/7/2,0.000521027,0.097896066,0.115923338,0.042246237,0.042246237
2001/7/3,0.000499826,0.091912334,0.11359749,0.03686022,0.03686022
2001/7/4,0.000183987,0.07816658,0.09591167,0.027795105,0.027795105
2001/7/5,0.001478169,0.056824488,0.068556332,0.018979768,0.018979768
2001/7/6,0.013501199,0.055228374,0.045005741,0.018936161,0.018936161
2001/7/7,0.053161147,0.085055799,0.051971266,0.01911703,0.01911703
2001/7/8,0.098244587,0.107740871,0.047147314,0.013215615,0.013215615
2001/7/9,0.122243058,0.092051905,0.049641164,0.012202318,0.012202318
2001/7/10,0.082440726,0.06168559,0.044672617,0.009752181,0.009752181
2001/7/11,0.033998272,0.046635766,0.040489925,0.011726026,0.011726026
2001/7/12,0.009906483,0.040019171,0.040497793,0.009582886,0.009582886
2001/7/13,0.002459245,0.039859298,0.036179764,0.006781479,0.006781479
2001/7/14,0.001001541,0.040299466,0.040845619,0.011422919,0.011422919
2001/7/15,0.000495571,0.042165726,0.044685631,0.021340387,0.021340387
2001/7/16,0.001412233,0.044248048,0.048335253,0.021210954,0.021210954
2001/7/17,0.001540888,0.048815948,0.042811283,0.010935938,0.010935938
2001/7/18,0.000689125,0.051336697,0.083912714,0.0077842,0.0077842
2001/7/19,0.00031421,0.050194247,0.096820671,0.006827091,0.006827091
2001/7/20,0.00014073,0.050183584,0.073811656,0.005914076,0.005914076
2001/7/21,0.001368743,0.054268455,0.06387478,0.005027605,0.005027605
2001/7/22,0.038744075,0.056677713,0.045880091,0.004494339,0.004494339
2001/7/23,0.070511758,0.043110644,0.02883414,0.008334697,0.008334697
2001/7/24,0.047820485,0.035680766,0.027762942,0.006257834,0.006257834
2001/7/25,0.020620367,0.033809901,0.027381912,0.004043927,0.004043927
2001/7/26,0.007291116,0.031139794,0.027223579,0.002531701,0.002531701
2001/7/27,0.002398724,0.030347609,0.029838846,0.00239337,0.00239337
2001/7/28,0.001662655,0.025491947,0.031797243,0.002533891,0.002533891
2001/7/29,0.002140388,0.025078847,0.025612212,0.001791892,0.001791892
2001/7/30,0.01725892,0.022163244,0.02155187,0.001331148,0.001331148
2001/7/31,0.016444149,0.02093611,0.016252367,0.001192821,0.001192821
2001/8/1,0.012162786,0.023221334,0.017519128,0.001283654,0.001283654
2001/8/2,0.00670061,0.020283577,0.022318935,0.00166825,0.00166825
2001/8/3,0.007733389,0.018602559,0.023388225,0.001632956,0.001632956
2001/8/4,0.010574571,0.016497084,0.015607787,9.76E-04,0.000976035
2001/8/5,0.007283477,0.020115363,0.015920473,0.005717904,0.005717904
2001/8/6,0.004758638,0.014928509,0.014756289,0.005312829,0.005312829
2001/8/7,0.004804665,0.013151167,0.01537899,0.003291534,0.003291534
2001/8/8,0.009913932,0.013042683,0.015468256,0.001591188,0.001591188
2001/8/9,0.017687395,0.009663447,0.013898357,9.74E-04,0.000974224
2001/8/10,0.021080141,0.007369337,0.012912186,7.27E-04,0.000726549
2001/8/11,0.037466337,0.011134902,0.013035707,6.71E-04,0.000671105
2001/8/12,0.065110334,0.013424846,0.011333524,5.46E-04,0.000545662
2001/8/13,0.064935527,0.009523421,0.009690052,5.81E-04,0.000580599
2001/8/14,0.050874167,0.01023389,0.008330309,0.001764296,0.001764296
2001/8/15,0.024682046,0.010996767,0.00783976,0.001461668,0.001461668
2001/8/16,0.019328902,0.010597463,0.00606337,9.11E-04,0.000911353
2001/8/17,0.015361213,0.008702234,0.004863862,4.51E-04,0.000450776
2001/8/18,0.015635576,0.008711059,0.0050105,2.06E-04,0.000205679
2001/8/19,0.021312713,0.008539293,0.006815977,9.57E-05,9.57E-05
2001/8/20,0.017279943,0.005550003,0.00684098,0.004553244,0.004553244
2001/8/21,0.023670108,0.005568654,0.00439928,0.003010893,0.003010893
2001/8/22,0.070106548,0.010238207,0.004234232,0.00938329,0.00938329
2001/8/23,0.098707066,0.00772995,0.003812869,0.011778499,0.011778499
2001/8/24,0.104445744,0.007451071,0.006373855,0.004856145,0.004856145
2001/8/25,0.135208844,0.004819126,0.005470853,0.002806585,0.002806585
2001/8/26,0.136391661,0.007029337,0.00498669,0.002293367,0.002293367
2001/8/27,0.171226632,0.016707445,0.008569003,0.006009257,0.006009257
2001/8/28,0.144581737,0.015914957,0.007645449,0.004837911,0.004837911
2001/8/29,0.148290886,0.012039163,0.003695038,0.002707916,0.002707916
2001/8/30,0.123791925,0.010938633,0.003669444,0.002278154,0.002278154
2001/8/31,0.110854721,0.007200463,0.002298623,0.001711295,0.001711295
2001/9/1,0.110061991,0.012720243,0.002187946,0.006836494,0.006836494
2001/9/2,0.10568921,0.036762566,0.006114628,0.00894435,0.00894435
2001/9/3,0.107466036,0.056076672,0.025082175,0.066167372,0.066167372
2001/9/4,0.13557507,0.042911255,0.021996034,0.070132407,0.070132407
2001/9/5,0.15429295,0.045269647,0.015876105,0.04753535,0.04753535
2001/9/6,0.112825192,0.081652565,0.022105616,0.100488114,0.100488114
2001/9/7,0.100583979,0.079849808,0.024197655,0.122152913,0.122152913
2001/9/8,0.173116851,0.163218555,0.028911068,0.184698263,0.184698263
2001/9/9,0.212348098,0.155294001,0.018740803,0.145265089,0.145265089
2001/9/10,0.246039447,0.137940901,0.030845791,0.126142908,0.126142908
2001/9/11,0.289148919,0.097833646,0.032919645,0.10635032,0.10635032
2001/9/12,0.178545463,0.10125648,0.045234556,0.127095509,0.127095509
2001/9/13,0.112853102,0.126709413,0.051244667,0.153451267,0.153451267
2001/9/14,0.078971516,0.128417775,0.04727714,0.116178538,0.116178538
2001/9/15,0.169769883,0.124642688,0.046167069,0.101033947,0.101033947
2001/9/16,0.147985765,0.13659243,0.064270646,0.120152528,0.120152528
2001/9/17,0.164622439,0.176945617,0.061079358,0.172441207,0.172441207
2001/9/18,0.130251662,0.151793098,0.067706371,0.179128819,0.179128819
2001/9/19,0.118024594,0.131895379,0.043098829,0.139516441,0.139516441
2001/9/20,0.180631615,0.178765798,0.039752162,0.163478588,0.163478588
2001/9/21,0.374074727,0.243194407,0.080167092,0.216430277,0.216430277
2001/9/22,0.429991362,0.434567665,0.102923815,0.241190594,0.241190594
2001/9/23,0.360507402,0.435105132,0.105553808,0.223812085,0.223812085
2001/9/24,0.261349827,0.252865219,0.096169718,0.143498637,0.143498637
2001/9/25,0.174936662,0.169949134,0.070871121,0.130774253,0.130774253
2001/9/26,0.120744204,0.167157683,0.198414079,0.188885369,0.188885369
2001/9/27,0.153352531,0.206296746,0.486818826,0.38459853,0.38459853
2001/9/28,0.522452959,0.531599244,0.248593886,0.535909307,0.535909307
2001/9/29,0.68854079,0.494418503,0.508782219,0.338224937,0.338224937
2001/9/30,0.466409823,0.302935983,0.727689844,0.587703627,0.587703627
2001/10/1,0.240838163,0.249442304,0.361065506,0.360740901,0.360740901
2001/10/2,0.134552186,0.295768835,0.169640598,0.272670647,0.272670647
2001/10/3,0.153339235,0.260867519,0.113504364,0.1655106,0.1655106
2001/10/4,0.076642292,0.35923755,0.341303395,0.417935274,0.417935274
2001/10/5,0.143654437,0.323900163,0.319128935,0.495586929,0.495586929
2001/10/6,0.134034276,0.284199733,0.223170928,0.29472971,0.29472971
2001/10/7,0.120585507,0.228662257,0.244462772,0.281388368,0.281388368
2001/10/8,0.104427303,0.15064228,0.386639991,0.311486627,0.311486627
2001/10/9,0.117174039,0.275792778,0.501612283,0.501139735,0.501139735
2001/10/10,0.303531933,0.38529803,0.307901162,0.394302201,0.394302201
2001/10/11,0.389196153,0.265375301,0.120645991,0.127004378,0.127004378
2001/10/12,0.154554528,0.113576842,0.229932251,0.059177703,0.059177703
2001/10/13,0.072310889,0.096161629,0.11388007,0.116622119,0.116622119
2001/10/14,0.045426981,0.028937814,0.044987584,0.040818698,0.040818698
2001/10/15,0.009172703,0.015884234,0.031253444,0.030100255,0.030100255
2001/10/16,0.005079774,0.011683637,0.112004945,0.061429745,0.061429745
2001/10/17,0.015254759,0.035185167,0.221628704,0.110987684,0.110987684
2001/10/18,0.02798136,0.042490686,0.433099804,0.162332871,0.162332871
2001/10/19,0.016835071,0.035193254,0.359065564,0.119342081,0.119342081
2001/10/20,0.021743399,0.028023832,0.111011625,0.066153124,0.066153124
2001/10/21,0.010631004,0.015799886,0.067655276,0.041223543,0.041223543
2001/10/22,0.015999804,0.020869594,0.081472605,0.059051872,0.059051872
2001/10/23,0.013269243,0.031189498,0.0986381,0.080051857,0.080051857
2001/10/24,0.017685213,0.016975743,0.064809344,0.047429641,0.047429641
2001/10/25,0.009816041,0.014289738,0.049669409,0.03770239,0.03770239
2001/10/26,0.013073256,0.023170447,0.089637678,0.056975858,0.056975858
2001/10/27,0.012490046,0.022586204,0.230183032,0.082170806,0.082170806
2001/10/28,0.020317105,0.101573766,0.153556531,0.200683539,0.200683539
2001/10/29,0.007764709,0.057264651,0.185820211,0.156848748,0.156848748
2001/10/30,0.000292064,0.003236749,0.137068117,0.038215325,0.038215325
2001/10/31,0.00080802,0.007456163,0.051026616,0.031176458,0.031176458
2001/11/1,0.001498408,0.004208919,0.056499917,0.018128997,0.018128997
2001/11/2,0.001782098,0.003242891,0.019034978,0.021148488,0.021148488
2001/11/3,0.001064386,0.001791454,0.051328855,0.018938455,0.018938455
2001/11/4,0.000387289,0.00771771,0.095860914,0.095678243,0.095678243
2001/11/5,0.003055085,0.009706514,0.11541318,0.063119913,0.063119913
2001/11/6,0.006862745,0.01127832,0.204598999,0.050510785,0.050510785
2001/11/7,0.001745487,0.006726015,0.342130455,0.052143697,0.052143697
2001/11/8,0.004210463,0.012014587,0.391806603,0.102238514,0.102238514
2001/11/9,0.008183172,0.017754797,0.071453201,0.061856504,0.061856504
2001/11/10,0.000377112,0.001468804,0.267127896,0.04301402,0.04301402
2001/11/11,0.000224831,0.000907483,0.210370432,0.04121195,0.04121195
2001/11/12,0.000668613,0.001479462,0.044704951,0.009782531,0.009782531
2001/11/13,0.0009135,0.003805808,0.25784383,0.03473323,0.03473323
2001/11/14,0.001631225,0.006868009,0.193904465,0.063386346,0.063386346
2001/11/15,0.002292796,0.005785029,0.199220032,0.03377853,0.03377853
2001/11/16,0.004027232,0.010173418,0.740304179,0.175419246,0.175419246
2001/11/17,0.012971507,0.086672375,1.053366758,0.499291621,0.499291621
2001/11/18,0.022702428,0.077107184,0.964803203,0.560357758,0.560357758
2001/11/19,0.023081782,0.03570207,0.276332329,0.149099607,0.149099607
2001/11/20,0.021454752,0.035518166,0.20353573,0.158562009,0.158562009
2001/11/21,0.012440921,0.01234949,0.086031678,0.045716366,0.045716366
2001/11/22,0.000181375,0.000285895,0.003350165,6.04E-04,0.000603531
2001/11/23,0,2.01E-06,9.71E-06,4.34E-05,4.34E-05
2001/11/24,1.25E-05,0,3.04E-06,2.81E-04,0.00028103
2001/11/25,2.19E-05,2.54E-06,0.000239055,6.76E-04,0.000675689
2001/11/26,1.46E-05,2.86E-05,0.000347866,9.66E-04,0.000966181
2001/11/27,1.86E-05,2.54E-05,6.64E-05,1.45E-04,0.000145325
2001/11/28,0,0,4.33E-06,0,0
2001/11/29,0,0,0,0,0
2001/11/30,0,0,0,0,0
2001/12/1,0,0,0,0,0
2001/12/2,0,0,0,0,0
2001/12/3,0,0,0,0,0
2001/12/4,0,0,0,0,0
2001/12/5,0,0,0,0,0
2001/12/6,0,0,1.64E-06,3.43E-06,3.43E-06
2001/12/7,0,0,2.34E-05,0,0
2001/12/8,0,0,0.000949441,0,0
2001/12/9,0,0,0,0,0
2001/12/10,0,0,0,0,0
2001/12/11,0,0,0,0,0
2001/12/12,0,0,0,0,0
2001/12/13,0,0,0,0,0
2001/12/14,0,0,0,0,0
2001/12/15,0,0,0,0,0
2001/12/16,0,0,7.48E-06,0,0
2001/12/17,0,0,0,0,0
2001/12/18,0,0,0,0,0
2001/12/19,0,0,0,0,0
2001/12/20,0,0,0,0,0
2001/12/21,0,0,0,2.74E-05,2.74E-05
2001/12/22,1.77E-07,0,0,7.21E-04,0.000721476
2001/12/23,0,0,9.67E-07,4.58E-07,4.58E-07
2001/12/24,0,0,6.82E-07,0,0
2001/12/25,0,0,8.71E-05,3.50E-04,0.000350122
2001/12/26,0,5.08E-06,4.24E-05,0,0
2001/12/27,1.99E-06,0.000681372,1.28E-06,7.44E-07,7.44E-07
2001/12/28,0,0,0,1.94E-05,1.94E-05
2001/12/29,1.78E-08,0,4.91E-06,1.47E-04,0.000147484
2001/12/30,5.05E-07,5.86E-09,2.30E-05,4.00E-05,4.00E-05
2001/12/31,0,0,2.73E-07,3.49E-09,3.49E-09
2002/1/1,0,0,1.12E-06,1.87E-04,0.00018651
2002/1/2,1.37E-06,1.73E-06,0.006906276,0.00242305,0.00242305
2002/1/3,7.05E-05,0.000193345,0.004186263,4.71E-04,0.000470631
2002/1/4,7.04E-05,2.47E-05,0.008581934,0.00247567,0.00247567
2002/1/5,4.66E-05,1.99E-05,0.001319164,9.25E-04,0.000925428
2002/1/6,1.87E-11,0,0.000923102,7.85E-04,0.000785066
2002/1/7,5.00E-05,0,0.057602613,0.016578762,0.016578762
2002/1/8,6.27E-05,7.72E-06,0.030428321,0.002172072,0.002172072
2002/1/9,1.39E-06,0.000125514,0.011477488,0.0222068,0.0222068
2002/1/10,0.001103692,0.000325455,0.021179686,0.009742674,0.009742674
2002/1/11,0.000288914,3.28E-05,0.004512742,0.001861684,0.001861684
2002/1/12,3.62E-09,0,0.000251963,1.35E-05,1.35E-05
2002/1/13,9.88E-08,0,0.000558817,1.06E-05,1.06E-05
2002/1/14,0.003511061,0.002331358,0,0,0
2002/1/15,0.006271917,0.006615565,0,0,0
2002/1/16,1.32E-06,1.21E-08,9.54E-06,0,0
2002/1/17,0.009931249,0.013084365,0.000475401,1.37E-05,1.37E-05
2002/1/18,0,0.00026845,0,0,0
2002/1/19,0,0,0,0,0
2002/1/20,0,0,4.99E-05,0,0
2002/1/21,0,0,0.000135373,9.53E-06,9.53E-06
2002/1/22,0,0,0.000102284,0,0
2002/1/23,0,0,0.000177133,1.79E-07,1.79E-07
2002/1/24,0,0,2.62E-05,3.98E-06,3.98E-06
2002/1/25,0,0,2.99E-05,1.32E-06,1.32E-06
2002/1/26,0,0,1.56E-05,1.55E-05,1.55E-05
2002/1/27,0,0,0.000570943,2.64E-05,2.64E-05
2002/1/28,0,0,2.12E-05,9.12E-06,9.12E-06
2002/1/29,2.25E-06,0,0.00042566,1.03E-04,0.000103496
2002/1/30,2.22E-07,0,0.000628752,1.32E-04,0.000132232
2002/1/31,1.38E-05,6.12E-07,0.001673471,6.02E-04,0.000602432
2002/2/1,7.04E-05,5.35E-05,0.005654269,0.001160884,0.001160884
2002/2/2,0.000131518,0.000185303,0.0040786,0.001474798,0.001474798
2002/2/3,0.000333041,6.16E-05,0.005112781,0.002308765,0.002308765
2002/2/4,6.86E-05,0.000139813,0.001956156,1.64E-04,0.000164002
2002/2/5,0.000118107,3.59E-06,0.001281841,1.13E-04,0.000113447
2002/2/6,3.00E-05,7.23E-06,0.002137831,4.38E-04,0.000437938
2002/2/7,9.49E-09,1.45E-07,0.000170084,3.41E-05,3.41E-05
2002/2/8,8.13E-06,0,0.000388989,5.96E-05,5.96E-05
2002/2/9,8.10E-06,4.60E-07,0.000599165,5.57E-05,5.57E-05
2002/2/10,0.00010474,1.80E-05,0.002603402,0.001038242,0.001038242
2002/2/11,0.000397494,0.000208188,0.005987812,0.00223754,0.00223754
2002/2/12,0.000642925,0.00018396,0.010562906,0.003306227,0.003306227
2002/2/13,0.001823489,0.000777013,0.015168509,0.010345122,0.010345122
2002/2/14,0.000960667,0.000894058,0.027490659,0.007595063,0.007595063
2002/2/15,0.001079621,0.000967982,0.027671746,0.005215749,0.005215749
2002/2/16,0.000926212,0.000270526,0.024671604,0.014730865,0.014730865
2002/2/17,0.001365352,0.001336521,0.019057566,0.019752172,0.019752172
2002/2/18,0.005166556,0.002521557,0.049673706,0.021542842,0.021542842
2002/2/19,0.005728514,0.005784538,0.05352082,0.02792044,0.02792044
2002/2/20,0.001441875,0.001784014,0.026536325,0.00734631,0.00734631
2002/2/21,0.000282489,0.000406266,0.004482594,0.001410274,0.001410274
2002/2/22,0.000249503,0.000487001,0.01237223,0.003779375,0.003779375
2002/2/23,0.001407632,0.001517286,0.018666124,0.005378075,0.005378075
2002/2/24,0.001568027,0.000582036,0.013165439,0.005622077,0.005622077
2002/2/25,0.000962751,0.001025811,0.023297372,0.007648307,0.007648307
2002/2/26,0.000887113,0.001256872,0.008455475,0.005541607,0.005541607
2002/2/27,0.000322354,0.000709739,0.002117003,0.001891481,0.001891481
2002/2/28,5.58E-06,6.21E-07,0.000534471,1.59E-04,0.000158873
2002/3/1,0.000111889,8.18E-05,0.002723909,0.002043276,0.002043276
2002/3/2,0.000377938,0.000179739,0.004278417,0.002660881,0.002660881
2002/3/3,0.001860424,0.001311603,0.029206926,0.008937707,0.008937707
2002/3/4,0.003309967,0.002498979,0.037607671,0.014664182,0.014664182
2002/3/5,0.00568882,0.00464462,0.064024909,0.037682239,0.037682239
2002/3/6,0.007302651,0.007592247,0.086601839,0.051322586,0.051322586
2002/3/7,0.026532416,0.015769434,0.097093721,0.070844005,0.070844005
2002/3/8,0.003311667,0.004149445,0.021835798,0.009096507,0.009096507
2002/3/9,0.004423206,0.007884791,0.157279356,0.033310018,0.033310018
2002/3/10,0.058646694,0.072626238,0.571249099,0.251533676,0.251533676
2002/3/11,0.081870929,0.097796974,0.59767198,0.311193456,0.311193456
2002/3/12,0.066599393,0.053400651,0.111497312,0.120733096,0.120733096
2002/3/13,0.001912197,0.002486884,0.022903872,0.01331985,0.01331985
2002/3/14,0.010739919,0.007142339,0.066913752,0.025648947,0.025648947
2002/3/15,0.007296725,0.00458281,0.005187264,0.00796886,0.00796886
2002/3/16,0.017932237,0.02208437,0.00203625,0.002764724,0.002764724
2002/3/17,0.010531202,0.025440246,0.035715996,0.021890446,0.021890446
2002/3/18,0.016278159,0.030698795,0.217628402,0.07603996,0.07603996
2002/3/19,0.003720438,0.004166316,0.007184936,0.005671037,0.005671037
2002/3/20,0.000226091,0.006956272,0.002957877,0.002743539,0.002743539
2002/3/21,5.36E-05,0.001137841,0.111302194,0.04379755,0.04379755
2002/3/22,0.004474019,0.002381881,0.021685351,0.01818017,0.01818017
2002/3/23,0.006337005,0.013356578,0.110992929,0.049697368,0.049697368
2002/3/24,0.003259509,0.006320224,0.053484701,0.031240256,0.031240256
2002/3/25,0.003386591,0.005033765,0.049177951,0.051501616,0.051501616
2002/3/26,0.015746991,0.017888058,0.199263015,0.127553243,0.127553243
2002/3/27,0.026009832,0.047010482,0.281574867,0.162277452,0.162277452
2002/3/28,0.023208652,0.030507062,0.106526682,0.06398265,0.06398265
2002/3/29,0.013351352,0.030889775,0.202837538,0.105071167,0.105071167
2002/3/30,0.089430489,0.121804305,0.159394239,0.21927091,0.21927091
2002/3/31,0.071647968,0.098265652,0.133469119,0.171732317,0.171732317
2002/4/1,0.034878518,0.063238447,0.327361014,0.163197857,0.163197857
2002/4/2,0.070321296,0.121129599,0.353198167,0.257315562,0.257315562
2002/4/3,0.059533318,0.045132047,0.061351043,0.093147752,0.093147752
2002/4/4,0.029087124,0.028155255,0.00855757,0.020151639,0.020151639
2002/4/5,0.009937916,0.012913534,0.000395592,0.008671354,0.008671354
2002/4/6,0.003131548,0.001215473,0.001269178,6.83E-04,0.000683425
2002/4/7,0.002202559,0.001072878,0.005635784,0.005178799,0.005178799
2002/4/8,0.00705417,0.005034546,0.051031464,0.039743726,0.039743726
2002/4/9,0.018903858,0.01632118,0.078511149,0.064149044,0.064149044
2002/4/10,0.032220919,0.024548049,0.222578035,0.14064559,0.14064559
2002/4/11,0.043907023,0.066456127,0.782176785,0.447510548,0.447510548
2002/4/12,0.024789808,0.016004631,0.412423171,0.099714751,0.099714751
2002/4/13,0.012067981,0.019390647,0.330849541,0.174032185,0.174032185
2002/4/14,0.011926898,0.130775795,0.712864943,0.48488022,0.48488022
2002/4/15,0.013948202,0.056827727,1.323317363,0.426385647,0.426385647
2002/4/16,0.011929413,0.021114477,0.599808088,0.092442053,0.092442053
2002/4/17,0.040550206,0.060820726,0.213661004,0.144666538,0.144666538
2002/4/18,0.066278097,0.215697932,0.296746348,0.288606698,0.288606698
2002/4/19,0.13145962,0.559262992,0.374895805,0.597146666,0.597146666
2002/4/20,0.058649397,0.689116987,0.882061522,1.668126218,1.668126218
2002/4/21,0.038170611,0.778706854,1.472383212,2.062109838,2.062109838
2002/4/22,0.015489741,0.420849758,1.728104555,1.254070362,1.254070362
2002/4/23,0.061956746,0.633442865,2.639431714,1.507621173,1.507621173
2002/4/24,0.163636197,1.005804281,4.275883367,2.608391343,2.608391343
2002/4/25,0.470351726,1.041931276,5.981709976,3.405435953,3.405435953
2002/4/26,0.889699912,1.40262352,6.637858809,2.789370871,2.789370871
2002/4/27,1.398635135,2.465243373,3.712967704,2.668915965,2.668915965
2002/4/28,1.900994375,2.837369054,1.907124939,2.687909776,2.687909776
2002/4/29,0.608977143,3.173709057,1.218817729,1.944455102,1.944455102
2002/4/30,0.479892495,4.99931267,1.311673389,3.117102346,3.117102346
2002/5/1,0.365139056,2.798916439,2.851438149,3.607719245,3.607719245
2002/5/2,0.271355934,1.183753493,3.981505939,2.646321515,2.646321515
2002/5/3,0.323456187,0.786329859,5.775250659,2.717987727,2.717987727
2002/5/4,1.140780481,2.304443874,8.453481238,4.745330242,4.745330242
2002/5/5,3.053334212,2.598216281,11.75981419,6.96309609,6.96309609
2002/5/6,3.489048754,2.781145371,9.037252113,4.079112332,4.079112332
2002/5/7,4.352849583,3.573145844,4.327195367,3.255395287,3.255395287
2002/5/8,3.824312892,4.104133697,4.570563447,3.721437349,3.721437349
2002/5/9,3.237718308,5.120224501,4.720956664,4.380516996,4.380516996
2002/5/10,5.166650996,5.777865,4.257515639,4.814301061,4.814301061
2002/5/11,5.228693706,5.484639865,2.271566883,4.408028661,4.408028661
2002/5/12,3.935883883,4.624257415,2.964875113,4.126961282,4.126961282
2002/5/13,4.259686477,5.542911831,6.920357217,6.046078197,6.046078197
2002/5/14,3.429158279,5.726203832,9.698985633,7.527694274,7.527694274
2002/5/15,6.34951946,6.221522524,5.5590178,5.185831715,5.185831715
2002/5/16,5.718525474,6.676105332,4.665762762,4.982030541,4.982030541
2002/5/17,5.828421279,7.339266265,1.750693539,4.080906368,4.080906368
2002/5/18,4.914834594,6.630501253,2.415566697,3.839988393,3.839988393
2002/5/19,3.629728554,6.925844448,5.941271296,6.440597097,6.440597097
2002/5/20,3.021517121,6.209292297,6.622233424,7.945045695,7.945045695
2002/5/21,3.766663604,4.780503296,5.308762484,6.931422966,6.931422966
2002/5/22,4.977847755,4.470051867,4.274803775,6.212229096,6.212229096
2002/5/23,5.987024508,4.680751815,4.094017432,5.798661343,5.798661343
2002/5/24,6.799848027,4.451856692,2.627403892,4.893186216,4.893186216
2002/5/25,5.509879303,3.895705033,2.295304015,4.366408129,4.366408129
2002/5/26,3.682931,3.291927098,2.001560811,3.907427202,3.907427202
2002/5/27,3.614345102,1.993597144,2.431214073,3.424509782,3.424509782
2002/5/28,4.681574625,1.888955812,2.625160686,3.782676932,3.782676932
2002/5/29,5.051244922,2.176897692,2.298676107,3.964132726,3.964132726
2002/5/30,5.793054201,2.51077648,1.15757487,3.291344124,3.291344124
2002/5/31,5.111123696,1.666661241,1.003647104,2.294727678,2.294727678
2002/6/1,4.592801819,1.83215895,0.921834169,1.768402628,1.768402628
2002/6/2,4.053218783,1.782126532,1.006432758,1.579657324,1.579657324
2002/6/3,3.136734549,1.479981751,1.045831781,1.349103208,1.349103208
2002/6/4,2.210735363,1.206273619,1.145775565,1.308160378,1.308160378
2002/6/5,2.020711628,1.190839727,0.869177353,1.015892732,1.015892732
2002/6/6,1.864327405,1.11988578,0.405463357,0.763469743,0.763469743
2002/6/7,2.047411153,0.971608491,0.327991123,0.767877903,0.767877903
2002/6/8,2.159704961,0.737258008,0.736842307,1.004573201,1.004573201
2002/6/9,2.326668017,0.562623205,1.044865228,0.864517575,0.864517575
2002/6/10,2.099398084,0.492518322,1.097643023,0.76906825,0.76906825
2002/6/11,1.642108005,0.458029162,1.003898633,0.618143109,0.618143109
2002/6/12,1.533084728,0.414875292,0.970608879,0.581335134,0.581335134
2002/6/13,1.309858459,0.302077416,1.08323801,0.610512556,0.610512556
2002/6/14,1.274641436,0.298829946,1.191701767,0.648855602,0.648855602
2002/6/15,0.884913941,0.168111283,1.086949438,0.55949262,0.55949262
2002/6/16,1.013049581,0.206508189,0.886389352,0.376490301,0.376490301
2002/6/17,0.951834791,0.187957366,0.518974988,0.233113752,0.233113752
2002/6/18,1.386950138,0.176956786,0.464940729,0.198671562,0.198671562
2002/6/19,1.451229267,0.209691635,0.496423212,0.168069957,0.168069957
2002/6/20,1.051199097,0.175332056,0.466257617,0.122479731,0.122479731
2002/6/21,0.738217385,0.150651502,0.467424639,0.093214831,0.093214831
2002/6/22,0.496480723,0.092766406,0.458607244,0.070029005,0.070029005
2002/6/23,0.32283681,0.06560833,0.406984235,0.050597331,0.050597331
2002/6/24,0.170869118,0.059326809,0.298118701,0.028920639,0.028920639
2002/6/25,0.099994865,0.050090804,0.259663425,0.022234712,0.022234712
2002/6/26,0.05444085,0.039308,0.292541124,0.017947395,0.017947395
2002/6/27,0.059792435,0.038819139,0.213522065,0.011063505,0.011063505
2002/6/28,0.150193849,0.045403641,0.143587909,0.008154129,0.008154129
2002/6/29,0.205572822,0.049666191,0.126278859,0.00596512,0.00596512
2002/6/30,0.139247134,0.050907098,0.089158763,0.016077596,0.016077596
2002/7/1,0.046959304,0.048000932,0.066050982,0.079900666,0.079900666
2002/7/2,0.012915874,0.048316093,0.069788347,0.160540479,0.160540479
2002/7/3,0.026836342,0.077269421,0.085404004,0.141738068,0.141738068
2002/7/4,0.033301887,0.06827398,0.073757865,0.168200125,0.168200125
2002/7/5,0.119252359,0.124283878,0.068866773,0.190350527,0.190350527
2002/7/6,0.169510156,0.162821269,0.07726822,0.16439646,0.16439646
2002/7/7,0.097680049,0.094418754,0.067868016,0.129175188,0.129175188
2002/7/8,0.031546416,0.049050781,0.046508427,0.055136804,0.055136804
2002/7/9,0.007042134,0.039292423,0.03302183,0.024216398,0.024216398
2002/7/10,0.00226516,0.035973941,0.019326552,0.007045696,0.007045696
2002/7/11,0.000741434,0.035309638,0.016581471,0.002172248,0.002172248
2002/7/12,0.001643535,0.050036378,0.015209062,7.05E-04,0.00070454
2002/7/13,0.003761644,0.044427368,0.010760775,4.03E-04,0.000403019
2002/7/14,0.007366557,0.037577422,0.012358023,0.012761049,0.012761049
2002/7/15,0.006182766,0.036357672,0.013129222,0.029797426,0.029797426
2002/7/16,0.007689234,0.043154186,0.011530433,0.011709222,0.011709222
2002/7/17,0.066485512,0.050829146,0.006569764,0.00423533,0.00423533
2002/7/18,0.224498271,0.043383151,0.010967589,0.001309759,0.001309759
2002/7/19,0.384088448,0.032411134,0.010103741,2.66E-04,0.000266412
2002/7/20,0.396894202,0.032991551,0.008973435,2.25E-04,0.000225015
2002/7/21,0.258218323,0.031953727,0.007787034,8.84E-05,8.84E-05
2002/7/22,0.095174418,0.035662003,0.009022207,2.69E-05,2.69E-05
2002/7/23,0.022547648,0.04489407,0.010722272,1.59E-05,1.59E-05
2002/7/24,0.004761156,0.05174355,0.009832476,1.17E-05,1.17E-05
2002/7/25,0.000825237,0.044074503,0.007850772,3.19E-05,3.19E-05
2002/7/26,0.000905914,0.030592967,0.007710462,3.26E-05,3.26E-05
2002/7/27,0.004498521,0.023483254,0.007616396,3.69E-05,3.69E-05
2002/7/28,0.021587681,0.02975368,0.007778135,0.001705317,0.001705317
2002/7/29,0.052132924,0.071190304,0.006823817,0.009281636,0.009281636
2002/7/30,0.052697664,0.085364721,0.021687253,0.030240038,0.030240038
2002/7/31,0.046215036,0.070215674,0.093730235,0.074698275,0.074698275
2002/8/1,0.047873691,0.077771864,0.082927902,0.047281571,0.047281571
2002/8/2,0.051559138,0.145891807,0.095754457,0.073722088,0.073722088
2002/8/3,0.045476807,0.112700831,0.089815195,0.113946629,0.113946629
2002/8/4,0.024458492,0.069040839,0.071842634,0.08565044,0.08565044
2002/8/5,0.012887298,0.052503551,0.073020176,0.05767697,0.05767697
2002/8/6,0.012763001,0.040595296,0.045101046,0.034679655,0.034679655
2002/8/7,0.02137361,0.035725495,0.02239949,0.013674027,0.013674027
2002/8/8,0.020097366,0.029008321,0.013391627,0.003679104,0.003679104
2002/8/9,0.012362999,0.024219539,0.009701248,0.001011514,0.001011514
2002/8/10,0.007229218,0.027930298,0.008294618,2.27E-04,0.000226672
2002/8/11,0.007732755,0.036775261,0.007309361,1.16E-04,0.000116063
2002/8/12,0.011295111,0.035581691,0.008307123,2.02E-04,0.000202051
2002/8/13,0.016155404,0.030057664,0.00924645,1.13E-04,0.000112632
2002/8/14,0.031729561,0.025563364,0.007942772,1.65E-04,0.000164516
2002/8/15,0.06335308,0.028733732,0.005967558,6.12E-04,0.000612062
2002/8/16,0.091422805,0.033831904,0.028327486,0.002285608,0.002285608
2002/8/17,0.05884579,0.038758258,0.028960308,0.00189413,0.00189413
2002/8/18,0.045315672,0.042311573,0.027452753,0.001278266,0.001278266
2002/8/19,0.07361476,0.065467532,0.014332266,5.41E-04,0.000541194
2002/8/20,0.094726822,0.074759172,0.00956723,2.20E-04,0.000220042
2002/8/21,0.081081578,0.087417913,0.007344558,0.001232073,0.001232073
2002/8/22,0.118479101,0.107103367,0.006642258,0.002385008,0.002385008
2002/8/23,0.111092363,0.071965681,0.008171588,8.66E-04,0.000866299
2002/8/24,0.118479623,0.048004931,0.00551602,3.45E-04,0.000344948
2002/8/25,0.086474162,0.027284848,0.00683253,6.25E-04,0.000625458
2002/8/26,0.070227513,0.017844259,0.0043585,5.99E-04,0.000598722
2002/8/27,0.071677334,0.030914234,0.008075181,0.01137153,0.01137153
2002/8/28,0.078347876,0.036468257,0.008424628,0.013308304,0.013308304
2002/8/29,0.061363125,0.030090786,0.007527585,0.009753269,0.009753269
2002/8/30,0.049363153,0.024448837,0.006320829,0.005389336,0.005389336
2002/8/31,0.053773019,0.02925702,0.01128283,0.011389969,0.011389969
2002/9/1,0.061119776,0.030696164,0.012159335,0.018517835,0.018517835
2002/9/2,0.085311076,0.035545248,0.011897098,0.017257025,0.017257025
2002/9/3,0.110319625,0.033402107,0.02001132,0.030218799,0.030218799
2002/9/4,0.111451311,0.022561797,0.042001276,0.037807296,0.037807296
2002/9/5,0.106732796,0.022371837,0.055853698,0.056609872,0.056609872
2002/9/6,0.085439806,0.023082112,0.054641468,0.057882485,0.057882485
2002/9/7,0.208729152,0.05833965,0.047772883,0.084849243,0.084849243
2002/9/8,0.133618348,0.110919742,0.051461757,0.09884301,0.09884301
2002/9/9,0.258443663,0.142797101,0.052223905,0.152846207,0.152846207
2002/9/10,0.159491911,0.303028616,0.047271952,0.248589817,0.248589817
2002/9/11,0.365340088,0.490696345,0.040851614,0.42814447,0.42814447
2002/9/12,0.391881732,0.379083966,0.056382183,0.253745402,0.253745402
2002/9/13,0.344570422,0.283203262,0.024782328,0.112974324,0.112974324
2002/9/14,0.703686984,0.140337671,0.0207061,0.064617136,0.064617136
2002/9/15,0.248708208,0.100086556,0.105147016,0.128211787,0.128211787
2002/9/16,0.152280948,0.068833004,0.442720679,0.317754348,0.317754348
2002/9/17,0.045034556,0.107435657,0.353592079,0.245737814,0.245737814
2002/9/18,0.196169088,0.385681251,0.638835304,0.691195381,0.691195381
2002/9/19,0.439960165,0.619317439,0.931976191,1.625895895,1.625895895
2002/9/20,1.231985928,1.031515367,0.603106791,1.482896516,1.482896516
2002/9/21,1.135020848,0.907531588,0.296844865,0.545020845,0.545020845
2002/9/22,0.925559426,0.658011967,0.193290725,0.354769594,0.354769594
2002/9/23,0.914919067,0.553476411,0.225339979,0.30243878,0.30243878
2002/9/24,0.699914,0.337934172,0.202655541,0.294632926,0.294632926
2002/9/25,0.484293161,0.322720512,0.468017512,0.464681706,0.464681706
2002/9/26,0.179304747,0.266612208,0.60398116,0.528874349,0.528874349
2002/9/27,0.232793307,0.231058648,0.302734204,0.249905478,0.249905478
2002/9/28,0.265894415,0.329859573,0.19822404,0.25781259,0.25781259
2002/9/29,0.233516537,0.30149998,0.130000462,0.23619174,0.23619174
2002/9/30,0.079985433,0.090468214,0.362705205,0.187629014,0.187629014
2002/10/1,0.155109146,0.190770807,0.433745257,0.165985054,0.165985054
2002/10/2,0.126230654,0.304677052,0.438398103,0.234115877,0.234115877
2002/10/3,0.091360191,0.271050391,0.928770395,0.929911759,0.929911759
2002/10/4,0.089347455,0.377982515,0.754290739,0.979630024,0.979630024
2002/10/5,0.085990837,0.120778351,0.595967944,0.273263995,0.273263995
2002/10/6,0.1686145,0.302776604,1.37297876,0.976704761,0.976704761
2002/10/7,0.222423241,0.385725776,0.474927339,0.572240883,0.572240883
2002/10/8,0.158672324,0.476559431,0.317227005,0.427497969,0.427497969
2002/10/9,0.08688223,0.27186222,0.25028023,0.231567409,0.231567409
2002/10/10,0.038237202,0.065086056,0.056500911,0.078505575,0.078505575
2002/10/11,0.010129076,0.051062875,0.045877533,0.059968292,0.059968292
2002/10/12,0.01334485,0.092793447,0.153660961,0.16120272,0.16120272
2002/10/13,0.012928282,0.150117191,0.211827015,0.199755882,0.199755882
2002/10/14,0.026461386,0.139836827,0.197280866,0.137869018,0.137869018
2002/10/15,0.008654212,0.064843599,0.16651798,0.14059701,0.14059701
2002/10/16,0.002260153,0.166177713,0.144824198,0.253850215,0.253850215
2002/10/17,0.001120839,0.063330479,0.132540125,0.188175496,0.188175496
2002/10/18,0.002271263,0.063593217,0.099436976,0.129804292,0.129804292
2002/10/19,0.001575731,0.142089747,0.079182359,0.164922145,0.164922145
2002/10/20,0.002458137,0.301088474,1.073843034,0.647946087,0.647946087
2002/10/21,0.030488243,0.296265301,0.313666763,0.215891877,0.215891877
2002/10/22,0.021165136,0.291021674,0.339879213,0.280933265,0.280933265
2002/10/23,0.011241031,0.285526808,0.410700493,0.424249362,0.424249362
2002/10/24,0.008094022,0.156465652,0.279295914,0.122124106,0.122124106
2002/10/25,0.009734326,0.114197795,0.100858823,0.055898127,0.055898127
2002/10/26,0.01063191,0.110240817,0.11384551,0.069502655,0.069502655
2002/10/27,0.008465821,0.051824759,0.379502301,0.220782931,0.220782931
2002/10/28,0.004287089,0.183292919,0.637787374,0.75399756,0.75399756
2002/10/29,0.014372875,0.181411898,0.212286732,0.347904787,0.347904787
2002/10/30,0.034474796,0.412980755,0.185493823,0.509209626,0.509209626
2002/10/31,0.020191924,0.246432647,0.165547197,0.349333491,0.349333491
2002/11/1,0.008285574,0.160921407,0.15970961,0.224919499,0.224919499
2002/11/2,0.001179068,0.013092131,0.140923499,0.058893312,0.058893312
2002/11/3,0.002481337,0.007423425,0.053105638,0.039118159,0.039118159
2002/11/4,0.005326825,0.011018514,0.077741314,0.044598855,0.044598855
2002/11/5,0.001085375,0.014419228,0.02095447,0.01151272,0.01151272
2002/11/6,0.001027549,0.016159364,0.044412417,0.007486614,0.007486614
2002/11/7,0.000671654,0.005878238,0.040581746,0.023010486,0.023010486
2002/11/8,0.002047509,0.002343122,0.022836256,0.020191062,0.020191062
2002/11/9,0.00198155,0.000372067,0.018357193,0.010520232,0.010520232
2002/11/10,2.42E-07,1.15E-05,0.000526675,4.77E-04,0.000477432
2002/11/11,8.46E-07,4.37E-06,0.004110065,9.81E-04,0.000981366
2002/11/12,1.47E-05,3.84E-05,0.001629797,0.001631312,0.001631312
2002/11/13,0.000133036,0.000320094,0.029581579,0.005477825,0.005477825
2002/11/14,7.53E-05,0.000570048,0.013392208,0.005258666,0.005258666
2002/11/15,0.000192176,0.000967842,0.007820559,0.010604766,0.010604766
2002/11/16,4.27E-05,0.000275471,0.005682585,0.001254967,0.001254967
2002/11/17,1.10E-05,5.67E-08,0.002227854,2.65E-04,0.000264755
2002/11/18,1.90E-06,0,0.002083486,6.17E-04,0.000616666
2002/11/19,0,0,0.0714733,8.23E-04,0.000823077
2002/11/20,0,2.28E-06,0.261646766,0.001509118,0.001509118
2002/11/21,8.57E-07,3.06E-05,0.233340811,0.030557075,0.030557075
2002/11/22,0.000204576,0.000203085,0.063383344,0.01309686,0.01309686
2002/11/23,0.011804187,0.034464024,0.001660365,1.07E-04,0.000107482
2002/11/24,0.008154653,0.021958501,8.34E-05,2.24E-04,0.00022417
2002/11/25,0.00221002,0.001690505,0.000604469,3.74E-04,0.000374467
2002/11/26,1.60E-05,0.010236003,0.017631294,0.020726637,0.020726637
2002/11/27,0.007619848,0.101888988,0.172293337,0.473949602,0.473949602
2002/11/28,0.013920881,0.204106543,0.14738843,0.463634519,0.463634519
2002/11/29,0,0.00051399,0.004057064,0.01222316,0.01222316
2002/11/30,2.85E-05,0.000967506,0.015209366,0.003941912,0.003941912
2002/12/1,0.000458975,0.000212629,0.003212241,0.003852639,0.003852639
2002/12/2,2.26E-05,3.09E-05,0.00150278,5.12E-04,0.000511889
2002/12/3,1.76E-05,8.00E-05,9.75E-06,0,0
2002/12/4,0.015027354,0.061489401,2.78E-05,0,0
2002/12/5,0.019830418,0.039308505,3.35E-05,0,0
2002/12/6,0.053327118,0.195706477,9.84E-05,0,0
2002/12/7,0.011161834,0.066659896,6.70E-05,0,0
2002/12/8,0.001219168,0.005473497,0.000927161,4.47E-04,0.000447092
2002/12/9,0.001770325,0.00168107,0.000290938,1.75E-04,0.000175402
2002/12/10,0.000180837,8.94E-06,0.001082233,4.84E-05,4.84E-05
2002/12/11,3.58E-06,0,6.72E-05,1.31E-04,0.000131283
2002/12/12,8.21E-05,0,0.002562089,8.92E-04,0.000892197
2002/12/13,3.20E-05,0,0.002490467,0.002249638,0.002249638
2002/12/14,7.88E-06,0,2.89E-05,4.46E-05,4.46E-05
2002/12/15,0,0,0.00128809,4.33E-08,4.33E-08
2002/12/16,0,0,1.07E-05,0,0
2002/12/17,0,0,7.01E-07,0,0
2002/12/18,0,0,0,0,0
2002/12/19,0,0,0,0,0
2002/12/20,0,0,0,0,0
2002/12/21,0,0,0,0,0
2002/12/22,0,0,0,0,0
2002/12/23,0,0,0,0,0
2002/12/24,0,0,0,0,0
2002/12/25,0,0,8.01E-06,0,0
2002/12/26,0,0,0,0,0
2002/12/27,0,0,0,0,0
2002/12/28,0,0,0,0,0
2002/12/29,0,0,0,0,0
2002/12/30,0,0,0,0,0
2002/12/31,0,0,0,0,0
2003/1/1,0,0,0,0,0
2003/1/2,0,0,0,0,0
2003/1/3,0,0,0.000307638,0,0
2003/1/4,0,0,0.000714005,3.17E-05,3.17E-05
2003/1/5,0,1.09E-06,0.005367161,0.001753586,0.001753586
2003/1/6,0,0.003970615,0.455331424,0.581926979,0.581926979
2003/1/7,0,0.010648189,0.281622316,0.495155547,0.495155547
2003/1/8,0,0,0.056997673,0.059957417,0.059957417
2003/1/9,0.000404692,3.38E-05,6.11E-05,1.99E-05,1.99E-05
2003/1/10,0.000370381,2.01E-05,0.000578335,2.52E-04,0.000252098
2003/1/11,4.78E-06,2.75E-05,0.003206668,5.69E-04,0.000569488
2003/1/12,6.46E-07,0,0.000621124,1.09E-04,0.000108587
2003/1/13,0,0,0.000198699,0,0
2003/1/14,0,0,6.25E-06,5.42E-06,5.42E-06
2003/1/15,3.55E-07,0,0.000499438,6.12E-06,6.12E-06
2003/1/16,0,0,1.78E-05,0,0
2003/1/17,0,0,1.54E-05,0,0
2003/1/18,0.001040414,0.000162332,0.000404736,5.20E-05,5.20E-05
2003/1/19,0.000416122,8.38E-05,0.000632985,8.31E-05,8.31E-05
2003/1/20,1.45E-06,0,0.000587504,1.90E-04,0.000189785
2003/1/21,2.31E-06,0,0.00013084,9.05E-05,9.05E-05
2003/1/22,6.26E-09,0,8.25E-06,2.54E-06,2.54E-06
2003/1/23,2.91E-05,0,0.001204624,1.08E-04,0.000108284
2003/1/24,0,0,0,0,0
2003/1/25,0,0,0,0,0
2003/1/26,0,0,0.006866725,0,0
2003/1/27,0,0,3.16E-05,0,0
2003/1/28,6.05E-06,0,9.92E-06,6.77E-08,6.77E-08
2003/1/29,0,0,8.77E-06,0,0
2003/1/30,0,0,8.29E-05,0,0
2003/1/31,6.62E-07,0,0.001280993,1.27E-04,0.000126526
2003/2/1,8.23E-06,0,0.001788409,1.97E-04,0.000196929
2003/2/2,0,0,0.000153052,1.34E-06,1.34E-06
2003/2/3,2.57E-05,0,0.001301034,3.06E-04,0.000306335
2003/2/4,0.004032529,0.027025787,0.004041343,0.001696338,0.001696338
2003/2/5,0.021568073,0.105079919,0.006634531,0.001869224,0.001869224
2003/2/6,0.002057141,0.008873744,0.003461356,4.78E-04,0.000478033
2003/2/7,0.001582287,0.007261873,0.000119214,0,0
2003/2/8,0.027861434,0.116537172,8.01E-05,0,0
2003/2/9,0.014697703,0.130730207,1.41E-05,0,0
2003/2/10,0.006797014,0.095822529,1.58E-05,2.16E-08,2.16E-08
2003/2/11,0.000755956,0.016735092,2.23E-06,4.22E-07,4.22E-07
2003/2/12,2.45E-05,0.00024935,0.000385831,2.63E-04,0.000263329
2003/2/13,6.99E-05,-2.39E-11,0.004445132,0.001250211,0.001250211
2003/2/14,8.18E-05,5.22E-08,0.001312017,6.07E-04,0.000607313
2003/2/15,0.000124201,3.00E-05,0.003089108,9.02E-04,0.000901766
2003/2/16,0.000527247,4.97E-05,0.011532069,0.00314455,0.00314455
2003/2/17,0.000154952,2.41E-05,0.01440895,0.001936665,0.001936665
2003/2/18,0.000241194,0.000133712,0.010586162,0.003020835,0.003020835
2003/2/19,0.004168753,8.31E-05,0.047840809,0.024046509,0.024046509
2003/2/20,0.000258343,4.32E-05,0.000830174,9.01E-04,0.000900902
2003/2/21,1.86E-05,8.37E-05,9.58E-05,3.43E-04,0.000343187
2003/2/22,2.66E-05,7.00E-05,0.00215318,0.001151144,0.001151144
2003/2/23,0.000402675,5.36E-08,0.01915801,0.006305806,0.006305806
2003/2/24,0.001147273,0.004394152,0.00063047,1.03E-05,1.03E-05
2003/2/25,0.00513821,0.009861066,0.00374548,0.001328393,0.001328393
2003/2/26,0.008769288,0.019251835,0.006831238,0.002945317,0.002945317
2003/2/27,0.007389756,0.017510076,0,2.42E-05,2.42E-05
2003/2/28,0.002861668,0.008177559,0.007974941,0.002248091,0.002248091
2003/3/1,0.006954243,0.0279976,0.004196016,0.001467406,0.001467406
2003/3/2,0.045901008,0.180607615,0.000787602,1.62E-04,0.000162325
2003/3/3,0.02316314,0.09833679,0.003767235,0.001210491,0.001210491
2003/3/4,0.002173562,0.00645154,0.017742275,0.004879874,0.004879874
2003/3/5,0.000568557,0.000131237,0.013103574,0.004989785,0.004989785
2003/3/6,0.000704882,0.000120452,0.004669511,0.006625155,0.006625155
2003/3/7,0.000334981,0.000143056,0.022317188,0.002655855,0.002655855
2003/3/8,0.000631437,0.000164244,0.015661476,0.003566064,0.003566064
2003/3/9,7.62E-05,0.000113041,0.005402267,7.25E-04,0.00072465
2003/3/10,0.000227792,7.78E-06,0.001159979,0.001493564,0.001493564
2003/3/11,0.000701844,0.000348544,0.026638636,0.006986135,0.006986135
2003/3/12,0.000734476,0.000559244,0.010748394,0.002948873,0.002948873
2003/3/13,0.001425324,0.000756803,0.019029367,0.004905307,0.004905307
2003/3/14,0.000549401,0.000424757,0.038932035,0.003482503,0.003482503
2003/3/15,0.001213779,0.001033089,0.041468,0.007599466,0.007599466
2003/3/16,0.003732716,0.00250897,0.119713087,0.019956601,0.019956601
2003/3/17,0.006447109,0.005466742,0.133671468,0.035585624,0.035585624
2003/3/18,0.009824171,0.008528815,0.168051076,0.069105168,0.069105168
2003/3/19,0.016137996,0.012235666,0.233814378,0.133767768,0.133767768
2003/3/20,0.011947798,0.010423531,0.291337673,0.128764301,0.128764301
2003/3/21,0.01687304,0.036349237,0.517923811,0.36514797,0.36514797
2003/3/22,0.017002756,0.046000232,0.457649545,0.257937808,0.257937808
2003/3/23,0.027493467,0.053850445,0.482220111,0.211242566,0.211242566
2003/3/24,0.028172044,0.020211629,0.13534497,0.088395352,0.088395352
2003/3/25,0.001068283,0.00356327,0.055220576,0.022214341,0.022214341
2003/3/26,0.00617327,0.013066663,0.157049963,0.085738083,0.085738083
2003/3/27,0.02056497,0.035369893,0.274525087,0.145722896,0.145722896
2003/3/28,0.049916551,0.051756994,0.135522681,0.193131689,0.193131689
2003/3/29,0.055062688,0.059119485,0.169669327,0.138482301,0.138482301
2003/3/30,0.02653549,0.048910098,0.42085796,0.114101123,0.114101123
2003/3/31,0.051431588,0.083410672,0.463097591,0.1911628,0.1911628
2003/4/1,0.066380229,0.072092408,0.405954257,0.133874849,0.133874849
2003/4/2,0.024671913,0.030616768,0.170553697,0.078056256,0.078056256
2003/4/3,0.058588131,0.061352393,0.217567458,0.129918967,0.129918967
2003/4/4,0.049161833,0.058180288,0.110612083,0.08991904,0.08991904
2003/4/5,0.019771867,0.032798587,0.068730946,0.054558561,0.054558561
2003/4/6,0.009843832,0.015933897,0.132498896,0.063453837,0.063453837
2003/4/7,0.025279263,0.062112768,0.587911695,0.296506442,0.296506442
2003/4/8,0.042368918,0.15139024,1.697203888,0.867732005,0.867732005
2003/4/9,0.048164891,0.161788455,1.064471436,1.08647547,1.08647547
2003/4/10,0.052673174,0.09385021,1.091406724,0.466841837,0.466841837
2003/4/11,0.023042121,0.130643955,1.221614691,0.344604009,0.344604009
2003/4/12,0.087007434,0.384234492,0.401724124,0.241798456,0.241798456
2003/4/13,0.085706854,0.609466094,0.183010893,0.154164041,0.154164041
2003/4/14,0.058705757,0.3473247,0.160783878,0.169267288,0.169267288
2003/4/15,0.086847033,0.499720549,0.286583273,0.610391533,0.610391533
2003/4/16,0.120457063,1.258313539,1.048276987,1.611384594,1.611384594
2003/4/17,0.121341355,1.823850411,1.776521506,2.459534468,2.459534468
2003/4/18,0.118545643,1.444462562,1.356733931,1.820702246,1.820702246
2003/4/19,0.234337897,2.008553224,0.821810914,1.847375311,1.847375311
2003/4/20,0.428970126,2.705213521,1.41079153,2.430241171,2.430241171
2003/4/21,0.649724556,2.984135002,2.720612219,3.351346304,3.351346304
2003/4/22,0.509007568,3.058616847,2.071334752,2.632438027,2.632438027
2003/4/23,0.884457308,3.648150269,1.761181368,2.345737008,2.345737008
2003/4/24,0.898588442,4.178517523,0.929223713,2.042640497,2.042640497
2003/4/25,0.932984204,4.524675028,1.349533872,2.060780145,2.060780145
2003/4/26,0.906345709,3.703288431,0.841288069,1.684103269,1.684103269
2003/4/27,0.777959612,3.332075481,4.727156651,2.171144264,2.171144264
2003/4/28,1.003450716,3.367254483,4.799097317,2.439284684,2.439284684
2003/4/29,1.034249152,3.382924685,6.017445127,4.380721925,4.380721925
2003/4/30,0.544477024,1.43985674,0.816462017,2.014105479,2.014105479
2003/5/1,0.165161138,0.615395756,1.277814956,0.907461415,0.907461415
2003/5/2,0.20887568,0.693443127,2.654155435,0.650298496,0.650298496
2003/5/3,0.355422855,0.582073673,4.057031882,1.112228032,1.112228032
2003/5/4,0.652497492,0.51090694,5.433558669,2.047653141,2.047653141
2003/5/5,0.730962363,0.934889721,5.166889103,2.684262896,2.684262896
2003/5/6,0.333613268,1.507307913,5.355852731,3.586676118,3.586676118
2003/5/7,0.666854223,2.073974197,5.70020938,4.653342262,4.653342262
2003/5/8,1.324557301,3.437874527,7.685531922,6.776996705,6.776996705
2003/5/9,1.887952906,5.43543522,8.116517232,8.905283942,8.905283942
2003/5/10,2.770789535,5.37519818,6.074940528,7.438427438,7.438427438
2003/5/11,3.264118334,4.818081826,4.684349805,5.574334471,5.574334471
2003/5/12,3.64260364,4.441821214,4.13333957,5.289150206,5.289150206
2003/5/13,4.158932268,4.641635851,4.521602637,5.156639603,5.156639603
2003/5/14,3.705317151,3.948793597,4.500747644,5.229543889,5.229543889
2003/5/15,3.582412877,3.785895905,4.414520928,4.695619636,4.695619636
2003/5/16,2.671496653,3.680660692,2.557656427,4.285837243,4.285837243
2003/5/17,2.924400718,3.450685551,3.05588021,4.494067197,4.494067197
2003/5/18,2.729598203,2.989013141,2.693076069,3.81354004,3.81354004
2003/5/19,2.426313273,2.578165675,1.62680432,2.201765391,2.201765391
2003/5/20,2.409943513,2.416599125,1.032912693,1.868278,1.868278
2003/5/21,2.471235056,2.526141011,0.720074001,1.935202551,1.935202551
2003/5/22,1.976921516,2.057976027,1.127103584,2.016749178,2.016749178
2003/5/23,2.024059821,2.175418576,1.512054295,2.307124173,2.307124173
2003/5/24,2.443143546,2.69295325,2.651439078,3.835014195,3.835014195
2003/5/25,2.60528493,2.104878426,1.850132283,2.1164171,2.1164171
2003/5/26,3.276034953,2.376395965,1.085526407,1.706713288,1.706713288
2003/5/27,3.653583991,2.563631883,1.082127553,1.509378123,1.509378123
2003/5/28,3.324262464,2.324987058,0.933898181,1.459475239,1.459475239
2003/5/29,2.448287123,1.822998988,1.826036328,2.700756613,2.700756613
2003/5/30,4.730027644,2.262478643,2.047990749,3.105284591,3.105284591
2003/5/31,5.683216316,2.208041777,1.724744292,2.406799069,2.406799069
2003/6/1,4.249653286,2.507287188,1.484822623,3.396239312,3.396239312
2003/6/2,4.800678129,1.738374402,0.72189166,1.465173561,1.465173561
2003/6/3,4.043579636,1.104490797,0.460351461,0.96689216,0.96689216
2003/6/4,2.995983441,0.841556342,0.582743494,0.958389491,0.958389491
2003/6/5,2.365510891,0.885730187,0.663478309,1.269844132,1.269844132
2003/6/6,2.580784706,1.060587467,0.71849685,1.846303653,1.846303653
2003/6/7,3.679784978,0.889325618,0.740441401,1.398499844,1.398499844
2003/6/8,4.619680027,1.037157008,0.629979846,1.038262863,1.038262863
2003/6/9,4.070253715,0.955036123,0.464078939,0.727241727,0.727241727
2003/6/10,3.10310097,0.678731478,0.399320674,0.572304372,0.572304372
2003/6/11,2.688421562,0.494700267,0.366984978,0.466785946,0.466785946
2003/6/12,2.601700599,0.409385651,0.31807586,0.307897184,0.307897184
2003/6/13,2.507104038,0.384102682,0.292810012,0.349704714,0.349704714
2003/6/14,2.410190904,0.387033547,0.212004406,0.40312776,0.40312776
2003/6/15,2.150165859,0.300551936,0.167793667,0.253722463,0.253722463
2003/6/16,1.675364188,0.198826748,0.165589898,0.156300578,0.156300578
2003/6/17,1.184487977,0.12291378,0.175346232,0.132533572,0.132533572
2003/6/18,1.093837948,0.083825698,0.13919388,0.090574817,0.090574817
2003/6/19,1.288843941,0.122569471,0.080385864,0.04942261,0.04942261
2003/6/20,1.436375365,0.285810286,0.065175437,0.077693942,0.077693942
2003/6/21,1.267457938,0.290409931,0.093356023,0.078658414,0.078658414
2003/6/22,0.903756512,0.211210466,0.114892705,0.057736847,0.057736847
2003/6/23,0.569647069,0.198800673,0.132664564,0.048623807,0.048623807
2003/6/24,0.439538146,0.163556921,0.105839178,0.060081219,0.060081219
2003/6/25,0.351149323,0.091696754,0.074348876,0.043871987,0.043871987
2003/6/26,0.254235376,0.064036574,0.057479368,0.032729185,0.032729185
2003/6/27,0.205755627,0.053961134,0.043570107,0.026824082,0.026824082
2003/6/28,0.082795834,0.048772463,0.038704559,0.017802632,0.017802632
2003/6/29,0.042132734,0.054893509,0.037914725,0.00972516,0.00972516
2003/6/30,0.035092188,0.0570733,0.03617444,0.00606335,0.00606335
2003/7/1,0.018592761,0.060639889,0.050770939,0.015126581,0.015126581
2003/7/2,0.036405795,0.059620745,0.065283991,0.01706376,0.01706376
2003/7/3,0.058084964,0.048874855,0.040584059,0.006923048,0.006923048
2003/7/4,0.049763609,0.06124623,0.027453661,0.008330201,0.008330201
2003/7/5,0.078400597,0.06734152,0.032418101,0.009554543,0.009554543
2003/7/6,0.047980771,0.060704834,0.03304628,0.004831481,0.004831481
2003/7/7,0.022353359,0.055632098,0.030122273,0.002611999,0.002611999
2003/7/8,0.009090886,0.0576957,0.02681172,0.002109925,0.002109925
2003/7/9,0.003679879,0.04716155,0.028534563,0.001906723,0.001906723
2003/7/10,0.001063545,0.049104854,0.028178629,0.00189111,0.00189111
2003/7/11,0.000364134,0.049397452,0.023828254,0.00142782,0.00142782
2003/7/12,0.000338543,0.045541471,0.020446115,9.59E-04,0.000959134
2003/7/13,0.000186303,0.052355551,0.017930402,8.27E-04,0.000827082
2003/7/14,0.000192456,0.053366545,0.017942977,4.82E-04,0.000481555
2003/7/15,0.005119824,0.056610408,0.014193017,2.17E-04,0.000216988
2003/7/16,0.009647294,0.046051548,0.0110487,8.82E-05,8.82E-05
2003/7/17,0.018538375,0.088317477,0.011842175,7.93E-05,7.93E-05
2003/7/18,0.029334638,0.135571972,0.013308888,6.21E-05,6.21E-05
2003/7/19,0.025681989,0.111483145,0.011637671,2.37E-05,2.37E-05
2003/7/20,0.01214788,0.083766203,0.011529249,6.02E-05,6.02E-05
2003/7/21,0.00512094,0.048660667,0.009654579,4.63E-05,4.63E-05
2003/7/22,0.00411081,0.038301058,0.009053475,2.73E-04,0.000272874
2003/7/23,0.001974216,0.048780046,0.009749382,3.90E-04,0.000389513
2003/7/24,0.004117276,0.032898778,0.011074942,5.58E-04,0.000558012
2003/7/25,0.009895905,0.028566731,0.014161614,0.00877881,0.00877881
2003/7/26,0.013685868,0.029047471,0.012374234,0.014580216,0.014580216
2003/7/27,0.022022354,0.030416171,0.012266757,0.00931213,0.00931213
2003/7/28,0.022714442,0.034447135,0.010550652,0.007151901,0.007151901
2003/7/29,0.031191731,0.055994825,0.01545775,0.051274574,0.051274574
2003/7/30,0.033771433,0.055114321,0.013066246,0.058864699,0.058864699
2003/7/31,0.03202504,0.04490509,0.011184922,0.037591669,0.037591669
2003/8/1,0.029368904,0.029630792,0.010236178,0.01669069,0.01669069
2003/8/2,0.027441347,0.033574412,0.007408325,0.006172671,0.006172671
2003/8/3,0.031569089,0.033895806,0.008772854,0.002674132,0.002674132
2003/8/4,0.024810305,0.031475165,0.007368199,0.001295832,0.001295832
2003/8/5,0.014383473,0.028943031,0.008689093,0.001480427,0.001480427
2003/8/6,0.023250257,0.028652753,0.006809955,7.96E-04,0.000796264
2003/8/7,0.027625639,0.022228136,0.007273467,5.67E-04,0.000567256
2003/8/8,0.015333613,0.022747001,0.007790158,0.001861483,0.001861483
2003/8/9,0.053760611,0.059474532,0.01144407,0.041172251,0.041172251
2003/8/10,0.042983388,0.083666076,0.05099832,0.119741354,0.119741354
2003/8/11,0.023131735,0.071857321,0.049761218,0.120089775,0.120089775
2003/8/12,0.0299398,0.059091457,0.029509195,0.061784918,0.061784918
2003/8/13,0.049754858,0.076041649,0.017859146,0.035272123,0.035272123
2003/8/14,0.111623181,0.103655999,0.024143359,0.036198497,0.036198497
2003/8/15,0.085593439,0.065954958,0.01687202,0.027047107,0.027047107
2003/8/16,0.06207493,0.041470246,0.012340056,0.013157635,0.013157635
2003/8/17,0.047327895,0.023243397,0.009638637,0.006071437,0.006071437
2003/8/18,0.028310247,0.017053633,0.007797634,0.003043003,0.003043003
2003/8/19,0.016307475,0.011880428,0.006732047,0.004726178,0.004726178
2003/8/20,0.011948442,0.007893219,0.005810462,0.006148551,0.006148551
2003/8/21,0.022856403,0.014141501,0.004060472,0.004285318,0.004285318
2003/8/22,0.057272705,0.022287311,0.004459205,0.020164832,0.020164832
2003/8/23,0.0894817,0.022520487,0.006467443,0.042831573,0.042831573
2003/8/24,0.143861971,0.02349881,0.006914387,0.038368112,0.038368112
2003/8/25,0.145373465,0.018988504,0.006743463,0.022485545,0.022485545
2003/8/26,0.234712243,0.015750887,0.005206028,0.010957665,0.010957665
2003/8/27,0.240493234,0.017660361,0.005945551,0.005919251,0.005919251
2003/8/28,0.222951946,0.019182151,0.006030677,0.003977477,0.003977477
2003/8/29,0.143461538,0.021297514,0.004695655,0.002215129,0.002215129
2003/8/30,0.091634984,0.013709835,0.006125078,0.001392321,0.001392321
2003/8/31,0.059194669,0.030082617,0.004993806,0.001164137,0.001164137
2003/9/1,0.044247143,0.034537414,0.004619363,0.002321444,0.002321444
2003/9/2,0.033366737,0.039321834,0.007695608,0.005287236,0.005287236
2003/9/3,0.031587802,0.041369187,0.008197012,0.008306443,0.008306443
2003/9/4,0.021778803,0.028049778,0.006526234,0.007362128,0.007362128
2003/9/5,0.02970946,0.019722731,0.003740481,0.008000755,0.008000755
2003/9/6,0.033312758,0.014760093,0.009702135,0.013018532,0.013018532
2003/9/7,0.044310437,0.022010005,0.01280936,0.023547074,0.023547074
2003/9/8,0.058991548,0.036721229,0.012576803,0.054842657,0.054842657
2003/9/9,0.064882625,0.027149006,0.014967044,0.028947321,0.028947321
2003/9/10,0.057895609,0.023465084,0.008593587,0.011095625,0.011095625
2003/9/11,0.093586399,0.046885528,0.016684442,0.035053853,0.035053853
2003/9/12,0.117800951,0.041704685,0.022860503,0.039050385,0.039050385
2003/9/13,0.188583978,0.062014851,0.051923112,0.075802302,0.075802302
2003/9/14,0.342599391,0.106361053,0.06612664,0.12331006,0.12331006
2003/9/15,0.528722133,0.206681443,0.059482288,0.073533566,0.073533566
2003/9/16,0.592528873,0.209070013,0.040316894,0.084003593,0.084003593
2003/9/17,0.649960744,0.152642844,0.04899005,0.116296783,0.116296783
2003/9/18,0.596582158,0.155987943,0.215042117,0.183587097,0.183587097
2003/9/19,0.467805202,0.254583637,0.319858108,0.341257598,0.341257598
2003/9/20,0.386873392,0.29200217,0.099625714,0.313142207,0.313142207
2003/9/21,0.306178069,0.354897613,0.093292256,0.401027967,0.401027967
2003/9/22,0.289586149,0.20733957,0.127048261,0.218206704,0.218206704
2003/9/23,0.240634389,0.138871428,0.087073303,0.227121544,0.227121544
2003/9/24,0.207987338,0.139496346,0.105555721,0.346957371,0.346957371
2003/9/25,0.169961132,0.446732466,0.207113872,0.783540915,0.783540915
2003/9/26,0.139444385,0.620711015,0.218772085,0.798869241,0.798869241
2003/9/27,0.139558269,0.52835605,0.147310997,0.452763129,0.452763129
2003/9/28,0.148085671,0.49680393,0.140073422,0.556399471,0.556399471
2003/9/29,0.314165731,0.88324966,0.243071481,0.643545831,0.643545831
2003/9/30,0.554929525,1.053044307,0.272834063,0.613266028,0.613266028
2003/10/1,0.632561861,1.064800395,0.218832353,0.580801119,0.580801119
2003/10/2,0.424063029,0.728944837,0.176991401,0.451911818,0.451911818
2003/10/3,0.244038689,0.5388606,0.240022755,0.40085707,0.40085707
2003/10/4,0.240630765,0.454821179,0.247299558,0.411849249,0.411849249
2003/10/5,0.233023435,0.454537719,0.163394111,0.337603822,0.337603822
2003/10/6,0.134610658,0.276735942,0.10787442,0.21876545,0.21876545
2003/10/7,0.133466325,0.267438676,0.062469324,0.130419019,0.130419019
2003/10/8,0.080485856,0.208698361,0.017391576,0.061598668,0.061598668
2003/10/9,0.080108274,0.240593867,0.019679713,0.060327382,0.060327382
2003/10/10,0.067565474,0.26106914,0.023906874,0.073512487,0.073512487
2003/10/11,0.130703321,0.144987757,0.038391327,0.09680502,0.09680502
2003/10/12,0.240156231,0.089035139,0.114346775,0.109408131,0.109408131
2003/10/13,0.451527091,0.197854205,0.230653798,0.278861181,0.278861181
2003/10/14,0.157182531,0.20137977,0.276753228,0.318331541,0.318331541
2003/10/15,0.067242965,0.137762409,0.550196589,0.358491486,0.358491486
2003/10/16,0.042016739,0.073233114,0.247044683,0.154129826,0.154129826
2003/10/17,0.016222205,0.039200127,0.484850892,0.213442849,0.213442849
2003/10/18,0.027034805,0.062616787,0.634484345,0.325380185,0.325380185
2003/10/19,0.029380359,0.098300316,0.463212479,0.425185463,0.425185463
2003/10/20,0.015440132,0.097809359,0.178002551,0.280389532,0.280389532
2003/10/21,0.012556208,0.094284318,0.327038022,0.255641987,0.255641987
2003/10/22,0.019973522,0.055057026,0.394169528,0.188508539,0.188508539
2003/10/23,0.008036426,0.025248057,0.130843024,0.137671785,0.137671785
2003/10/24,0.013851496,0.036616426,0.434470084,0.214085574,0.214085574
2003/10/25,0.030694863,0.096916424,0.299213979,0.447462814,0.447462814
2003/10/26,0.011181884,0.142232211,0.6138495,1.063004401,1.063004401
2003/10/27,0.026635467,0.111805541,0.756973215,0.631077062,0.631077062
2003/10/28,0.052008273,0.082016555,0.136483423,0.181884,0.181884
2003/10/29,0.059168459,0.109998117,0.102282195,0.161871123,0.161871123
2003/10/30,0.038833642,0.12005635,0.044084441,0.071865998,0.071865998
2003/10/31,0.038071147,0.325303491,0.032884312,0.021349804,0.021349804
2003/11/1,0.005615386,0.050058908,0.002946391,0.002968121,0.002968121
2003/11/2,0.001628656,0.026882459,0.002962584,0.003255066,0.003255066
2003/11/3,0.001675719,0.018983297,0.009595728,0.005414909,0.005414909
2003/11/4,0.0015953,0.020261736,0.000343753,3.57E-04,0.000356548
2003/11/5,0.002516515,0.022658254,0.001091591,8.87E-04,0.000887045
2003/11/6,0.004000562,0.029083803,0.000960212,0.003278055,0.003278055
2003/11/7,0.003132202,0.014671719,0.006427885,0.004644681,0.004644681
2003/11/8,0.00948898,0.060972683,0.004519832,0.008092176,0.008092176
2003/11/9,0.000357431,0.002150798,0.008672467,0.007783474,0.007783474
2003/11/10,0.00050076,0.000980028,0.013205849,0.005713007,0.005713007
2003/11/11,9.69E-05,0.000160028,0.004130274,0.003180719,0.003180719
2003/11/12,0.000397575,0.000778386,0.00797928,0.012456279,0.012456279
2003/11/13,0.001113915,0.002159742,0.094636772,0.097934264,0.097934264
2003/11/14,2.97E-06,0.000365107,0.007209012,0.02251989,0.02251989
2003/11/15,3.68E-06,1.05E-06,0.01022866,0.003896555,0.003896555
2003/11/16,0.000372043,0.000132566,0.007811291,0.003744501,0.003744501
2003/11/17,0.000527312,7.08E-05,0.002920128,0.00221107,0.00221107
2003/11/18,0.003065907,0.000592494,0.004945338,0.002724921,0.002724921
2003/11/19,0.004061104,0.001938786,4.68E-06,1.53E-06,1.53E-06
2003/11/20,0.03327236,0.080326629,1.83E-10,5.78E-06,5.78E-06
2003/11/21,0.028144268,0.14007184,2.76E-05,2.49E-05,2.49E-05
2003/11/22,1.11E-06,1.32E-09,2.85E-05,4.23E-05,4.23E-05
2003/11/23,0.011226991,0.011503347,0.000159916,8.41E-05,8.41E-05
2003/11/24,0.003287024,0.007000417,1.62E-06,3.52E-05,3.52E-05
2003/11/25,3.63E-07,0,7.50E-06,4.00E-05,4.00E-05
2003/11/26,2.04E-05,0,2.46E-05,7.86E-05,7.86E-05
2003/11/27,8.78E-05,0,0,0,0
2003/11/28,0,0,2.34E-08,6.69E-06,6.69E-06
2003/11/29,0,0,0,0,0
2003/11/30,0,0,0,0,0
2003/12/1,0,0,0,0,0
2003/12/2,0,0,3.12E-07,0,0
2003/12/3,0,0,1.47E-11,1.57E-05,1.57E-05
2003/12/4,0,0,0,-1.29E-10,-1.29E-10
2003/12/5,0,0,0,0,0
2003/12/6,0,0,7.23E-08,0,0
2003/12/7,0,0,0,0,0
2003/12/8,0,0,0,4.07E-06,4.07E-06
2003/12/9,0,0,0,0,0
2003/12/10,1.00E-06,0,0,0,0
2003/12/11,0,0,0,0,0
2003/12/12,7.04E-06,0,8.53E-08,5.48E-05,5.48E-05
2003/12/13,2.97E-07,0,3.55E-05,2.65E-05,2.65E-05
2003/12/14,0,0,0,0,0
2003/12/15,0,0,0,0,0
2003/12/16,1.22E-06,0,1.87E-05,1.31E-06,1.31E-06
2003/12/17,5.86E-11,0,2.81E-10,1.11E-10,1.11E-10
2003/12/18,0,0,0,0,0
2003/12/19,0,0,0.000139373,1.47E-05,1.47E-05
2003/12/20,0,0,0.001637744,2.97E-04,0.000296721
2003/12/21,0,0,0.000432807,1.24E-05,1.24E-05
2003/12/22,8.34E-07,0,0.000727507,1.62E-04,0.000161969
2003/12/23,0,0,0.00028626,4.83E-05,4.83E-05
2003/12/24,0,0,3.26E-05,8.95E-09,8.95E-09
2003/12/25,0,0,3.08E-10,0,0
2003/12/26,0,0,0.000579265,4.96E-05,4.96E-05
2003/12/27,0,0,0,0,0
2003/12/28,0,0,0,0,0
2003/12/29,0.011661041,0.01901479,0,0,0
2003/12/30,1.86E-05,0.000169404,0,0,0
2003/12/31,0,0,0,0,0
2004/1/1,0,0,0,0,0
2004/1/2,0,0,0,8.58E-06,8.58E-06
2004/1/3,0,0,1.89E-06,2.23E-06,2.23E-06
2004/1/4,7.06E-08,0,0,3.54E-06,3.54E-06
2004/1/5,1.36E-06,0,8.37E-05,7.94E-06,7.94E-06
2004/1/6,0,0,0,0,0
2004/1/7,0,0,0,0,0
2004/1/8,0,0,0,0,0
2004/1/9,0,0,1.22E-06,0,0
2004/1/10,0,0,5.14E-06,2.06E-07,2.06E-07
2004/1/11,0,0,0,0,0
2004/1/12,0,0,0,0,0
2004/1/13,0,0,9.26E-06,0,0
2004/1/14,0,0,0.010974163,0,0
2004/1/15,0,0,0.022848104,0,0
2004/1/16,0,0,1.08E-06,0,0
2004/1/17,0,0,0,0,0
2004/1/18,0,0,4.00E-05,0,0
2004/1/19,0,0,5.02E-06,2.52E-07,2.52E-07
2004/1/20,0,0,0,0,0
2004/1/21,0,0,6.87E-05,1.51E-06,1.51E-06
2004/1/22,0,0,3.16E-05,0,0
2004/1/23,0,0,1.41E-06,2.08E-08,2.08E-08
2004/1/24,0,0,5.73E-08,3.37E-05,3.37E-05
2004/1/25,0,0,2.18E-06,1.80E-05,1.80E-05
2004/1/26,5.34E-08,0,2.29E-05,8.42E-06,8.42E-06
2004/1/27,5.06E-07,0,0.000111125,2.95E-04,0.000295452
2004/1/28,8.85E-06,1.71E-05,0.002642189,7.51E-04,0.000751024
2004/1/29,0,0,0,1.08E-06,1.08E-06
2004/1/30,0,0,0,0,0
2004/1/31,0,0,0,0,0
2004/2/1,0,0,0,0,0
2004/2/2,0,0,0,0,0
2004/2/3,0,0,0,0,0
2004/2/4,0,0,2.25E-07,1.01E-06,1.01E-06
2004/2/5,0,0,5.03E-05,6.74E-06,6.74E-06
2004/2/6,0,0,7.71E-05,1.53E-06,1.53E-06
2004/2/7,4.39E-05,1.23E-06,0.000709442,1.93E-04,0.000193297
2004/2/8,0.000211518,6.10E-05,0.002334206,9.55E-04,0.000955325
2004/2/9,0.000119312,9.81E-06,0.001564051,0.004953516,0.004953516
2004/2/10,0.001225209,0.001264371,0.004464669,0.002936245,0.002936245
2004/2/11,0.000409895,0.00053419,0.006675173,0.003230427,0.003230427
2004/2/12,0.000167882,0.000138603,0.005253273,0.001263999,0.001263999
2004/2/13,0.000177776,0.000225308,0.002488675,0.002022181,0.002022181
2004/2/14,0.000571827,6.97E-05,0.019823245,0.00678244,0.00678244
2004/2/15,-5.25E-10,8.50E-11,0.000158891,1.74E-07,1.74E-07
2004/2/16,0.000181435,5.39E-05,0.002640776,0.004918273,0.004918273
2004/2/17,0.001361643,0.000317511,0.049169287,0.027356033,0.027356033
2004/2/18,0.00527264,0.001270132,0.102360939,0.033888784,0.033888784
2004/2/19,0.000563078,8.74E-05,0.003078527,0.002543039,0.002543039
2004/2/20,0.000118538,8.13E-05,0.004214273,0.003263071,0.003263071
2004/2/21,0.000137514,6.16E-05,0.010537153,0.010938681,0.010938681
2004/2/22,6.95E-05,4.70E-05,0.018016122,0.006098431,0.006098431
2004/2/23,1.04E-05,1.08E-07,0.002304394,4.36E-04,0.000435877
2004/2/24,4.65E-07,7.56E-06,0.000231641,1.68E-04,0.000167719
2004/2/25,0.000290174,0.000631715,0.005421563,0.003728027,0.003728027
2004/2/26,0.001358417,0.001589099,0.037565463,0.018216147,0.018216147
2004/2/27,2.74E-06,-1.19E-09,0.000361558,3.72E-04,0.000371953
2004/2/28,7.01E-06,0,0.000118736,3.36E-04,0.000336464
2004/2/29,2.99E-06,0,0.00035981,4.28E-04,0.000427883
2004/3/1,0.00632275,0.003971905,0.00124331,5.64E-04,0.000564394
2004/3/2,0.011989489,0.013852489,0.004204164,0.001813159,0.001813159
2004/3/3,0.001448396,0.000344901,0.003630191,0.002306556,0.002306556
2004/3/4,0.00013437,8.07E-05,0.006015916,0.005299974,0.005299974
2004/3/5,0.001175193,0.000620157,0.01302712,0.013694568,0.013694568
2004/3/6,0.00271585,0.003013593,0.034378047,0.026603901,0.026603901
2004/3/7,0.002948589,0.005072924,0.140637025,0.061033969,0.061033969
2004/3/8,0.050094707,0.03482399,0.498168539,0.150101099,0.150101099
2004/3/9,0.000102146,6.74E-05,0.639966471,0.311763872,0.311763872
2004/3/10,2.03E-05,0.000164471,0.001309813,0.001610474,0.001610474
2004/3/11,0.000239227,0.000577399,0.023919351,0.016521886,0.016521886
2004/3/12,0.000503756,0.000857976,0.016244128,0.005206269,0.005206269
2004/3/13,0.001381944,0.002719767,0.044397554,0.009766807,0.009766807
2004/3/14,0.001159629,0.000745109,0.022819097,0.007217206,0.007217206
2004/3/15,4.25E-06,2.26E-05,0.002650492,0.002390745,0.002390745
2004/3/16,4.22E-09,0,0.00129007,5.46E-05,5.46E-05
2004/3/17,0.000157887,0.000327666,0.006878563,0.001936873,0.001936873
2004/3/18,0.000387859,0.000883741,0.024311688,0.005496554,0.005496554
2004/3/19,0.001212378,0.001936653,0.048662608,0.010304961,0.010304961
2004/3/20,0.001235077,0.002523188,0.089305761,0.013459684,0.013459684
2004/3/21,0.002225962,0.002284568,0.050830081,0.017274796,0.017274796
2004/3/22,0.001895748,0.002640958,0.015385485,0.015026864,0.015026864
2004/3/23,0.003197464,0.003798726,0.056613131,0.02393745,0.02393745
2004/3/24,0.004514966,0.00677547,0.101223176,0.040973657,0.040973657
2004/3/25,0.017154345,0.028101223,0.318625654,0.111882514,0.111882514
2004/3/26,0.028361612,0.02531493,0.199681474,0.091865955,0.091865955
2004/3/27,0.012612883,0.007972673,0.080994636,0.038766457,0.038766457
2004/3/28,0.00033916,0.000198308,0.010911601,0.00512488,0.00512488
2004/3/29,3.06E-05,0.011174847,0.484501022,0.506100324,0.506100324
2004/3/30,0.002149404,0.426601071,1.093815873,2.140307685,2.140307685
2004/3/31,0.001184281,0.245721243,0.321634686,0.811690797,0.811690797
2004/4/1,0.010719929,0.024005772,0.24364829,0.129835251,0.129835251
2004/4/2,0.059359873,0.148146608,0.685768787,0.441573279,0.441573279
2004/4/3,0.115276398,0.230047495,1.658287783,1.513730059,1.513730059
2004/4/4,0.024825293,0.250239768,0.737507221,1.592196919,1.592196919
2004/4/5,0.004266339,0.100703401,0.499115257,0.662889502,0.662889502
2004/4/6,0.033268841,0.210808606,1.206384169,0.627428199,0.627428199
2004/4/7,0.160692805,0.742880845,2.181162421,1.028667231,1.028667231
2004/4/8,0.214991536,1.118620879,0.779697506,0.845712247,0.845712247
2004/4/9,0.196030158,0.864554062,0.910309594,0.753702838,0.753702838
2004/4/10,0.186821835,0.925676374,0.508417242,0.681901048,0.681901048
2004/4/11,0.107056818,0.751698069,0.760560264,1.03204661,1.03204661
2004/4/12,0.057663602,0.354909329,0.486970025,0.191458482,0.191458482
2004/4/13,0.057228833,0.207268596,0.248756055,0.147828226,0.147828226
2004/4/14,0.066137879,0.200980189,0.209994465,0.288334726,0.288334726
2004/4/15,0.143378167,0.551453693,0.603018144,0.630451302,0.630451302
2004/4/16,0.218798046,0.694190037,0.557444131,0.496129767,0.496129767
2004/4/17,0.089064189,0.205227224,0.148913539,0.161538673,0.161538673
2004/4/18,0.051145094,0.199852052,0.276447344,0.268115614,0.268115614
2004/4/19,0.119522509,0.472121557,0.491875789,0.701709211,0.701709211
2004/4/20,0.122232969,0.480016215,0.364222066,0.459031444,0.459031444
2004/4/21,0.057477076,0.636678953,0.39045471,0.265607142,0.265607142
2004/4/22,0.080305875,0.632863998,0.836887626,0.539491453,0.539491453
2004/4/23,0.125710641,0.787798081,0.574507691,0.739673007,0.739673007
2004/4/24,0.159069688,1.184503668,0.803015863,0.899348413,0.899348413
2004/4/25,0.222143354,1.607201059,2.613824632,1.595162514,1.595162514
2004/4/26,0.732078839,2.920575599,3.058412798,2.870666801,2.870666801
2004/4/27,0.740948703,1.542231992,0.568337981,0.799577684,0.799577684
2004/4/28,0.409374438,1.428416496,0.170315729,0.411432161,0.411432161
2004/4/29,0.239362134,1.919712072,0.494254393,0.879663824,0.879663824
2004/4/30,0.407872255,3.459718151,1.376162458,1.798009991,1.798009991
2004/5/1,0.366845816,3.845593311,3.329403531,3.017993005,3.017993005
2004/5/2,0.129133714,2.021962111,4.534396743,3.239902249,3.239902249
2004/5/3,0.182127727,1.894208744,5.657008246,2.690391063,2.690391063
2004/5/4,0.262842789,2.145370591,4.891357167,2.11323788,2.11323788
2004/5/5,0.441028738,2.149187733,2.820959281,1.468625709,1.468625709
2004/5/6,0.556996957,1.904557144,2.856526244,1.543162101,1.543162101
2004/5/7,0.5961856,1.838093982,3.037811084,1.932598551,1.932598551
2004/5/8,1.119474254,1.133319769,2.79205721,1.5804786,1.5804786
2004/5/9,0.804636539,0.917439401,3.398943437,1.727019828,1.727019828
2004/5/10,1.023158514,1.671826501,4.139105113,2.263707847,2.263707847
2004/5/11,1.551840304,2.195776957,3.147009881,1.978626148,1.978626148
2004/5/12,2.044934813,2.988998619,5.738219919,3.818665638,3.818665638
2004/5/13,2.303276082,3.279407125,10.79454192,6.291678086,6.291678086
2004/5/14,2.431564828,3.914101722,14.81051685,8.925923418,8.925923418
2004/5/15,3.504368034,5.56067148,14.34444904,10.73689718,10.73689718
2004/5/16,5.087103222,6.393655548,12.949872,10.57723289,10.57723289
2004/5/17,4.303464175,6.212569305,5.657923539,6.451211442,6.451211442
2004/5/18,3.786160591,4.773819426,3.932524254,7.057981475,7.057981475
2004/5/19,2.877304715,4.55951487,6.007312346,7.935577684,7.935577684
2004/5/20,4.715318952,4.86580669,6.020684389,7.459819921,7.459819921
2004/5/21,6.105752788,4.53399156,3.284893376,6.567083476,6.567083476
2004/5/22,6.418983245,4.194142828,1.388555497,5.202377715,5.202377715
2004/5/23,5.437015445,3.820102519,1.139955316,4.388619348,4.388619348
2004/5/24,4.376398315,4.462931911,1.988898036,4.495053982,4.495053982
2004/5/25,3.565327845,5.069591329,1.978650822,4.443998494,4.443998494
2004/5/26,2.943150134,5.692136532,1.917750685,4.249186141,4.249186141
2004/5/27,2.613320143,5.039976527,2.456748178,4.15870388,4.15870388
2004/5/28,3.563034351,5.27708381,2.318403534,4.64282924,4.64282924
2004/5/29,4.515302796,5.073296585,2.44579952,4.353544836,4.353544836
2004/5/30,5.339086927,4.418556506,2.178598466,4.059548522,4.059548522
2004/5/31,4.484729126,3.815933058,1.028891421,2.550432781,2.550432781
2004/6/1,3.954320504,3.092216809,0.510893399,1.24938227,1.24938227
2004/6/2,3.306165541,3.131072623,0.602683563,1.07264387,1.07264387
2004/6/3,2.937416031,2.182903293,0.693295823,1.187329214,1.187329214
2004/6/4,3.175744427,2.238902703,1.047280628,1.757825489,1.757825489
2004/6/5,2.421143978,1.855384053,1.030888178,2.732682197,2.732682197
2004/6/6,4.318440444,2.478301561,0.705848696,3.02377887,3.02377887
2004/6/7,5.351025747,2.344075995,1.217395477,1.864368583,1.864368583
2004/6/8,4.270406305,2.018542694,0.738640557,1.559753989,1.559753989
2004/6/9,3.835681662,1.475409942,0.430959514,0.94357046,0.94357046
2004/6/10,3.24744661,1.318126339,0.346252664,0.815616464,0.815616464
2004/6/11,2.567959337,1.278374862,0.275674252,0.745148284,0.745148284
2004/6/12,2.843501354,1.288696333,0.296760501,0.721138016,0.721138016
2004/6/13,2.716482668,1.095233837,0.270865696,0.570707369,0.570707369
2004/6/14,2.694194941,0.919849351,0.198073488,0.467456469,0.467456469
2004/6/15,2.166254984,0.477311396,0.174763136,0.240828468,0.240828468
2004/6/16,1.748920085,0.349742099,0.196036965,0.180503853,0.180503853
2004/6/17,1.652187621,0.310126297,0.208044564,0.197223583,0.197223583
2004/6/18,1.649337542,0.223579968,0.213499367,0.153648809,0.153648809
2004/6/19,1.48223346,0.172437314,0.217061495,0.128379732,0.128379732
2004/6/20,1.192655452,0.115118415,0.203740291,0.067284498,0.067284498
2004/6/21,0.825468794,0.101786672,0.190498494,0.061332558,0.061332558
2004/6/22,0.575837954,0.091260067,0.182723189,0.058180669,0.058180669
2004/6/23,0.489018024,0.070662036,0.155193087,0.039088556,0.039088556
2004/6/24,0.357036374,0.060266732,0.136102305,0.0214236,0.0214236
2004/6/25,0.270720565,0.063743148,0.114534355,0.021537769,0.021537769
2004/6/26,0.238033294,0.063159306,0.099931546,0.01371108,0.01371108
2004/6/27,0.197330355,0.065667862,0.079295805,0.008517328,0.008517328
2004/6/28,0.124149601,0.069841745,0.074334505,0.005930632,0.005930632
2004/6/29,0.083122281,0.064876115,0.065345664,0.003918247,0.003918247
2004/6/30,0.050744556,0.051379955,0.047074718,0.002195077,0.002195077
2004/7/1,0.052045473,0.051063423,0.035863865,0.001629425,0.001629425
2004/7/2,0.04759468,0.048612459,0.03014677,0.001524056,0.001524056
2004/7/3,0.035440069,0.046196062,0.021921898,9.53E-04,0.000952569
2004/7/4,0.021387047,0.036818253,0.019258214,5.47E-04,0.000547435
2004/7/5,0.019439896,0.033317412,0.014954282,2.85E-04,0.0002854
2004/7/6,0.02027985,0.029324465,0.015882115,0.002106479,0.002106479
2004/7/7,0.016061797,0.031341019,0.029531258,0.025682128,0.025682128
2004/7/8,0.010630469,0.030490703,0.036268937,0.022148751,0.022148751
2004/7/9,0.005213465,0.035971013,0.061973029,0.008209613,0.008209613
2004/7/10,0.002827314,0.029820456,0.043739147,0.002394753,0.002394753
2004/7/11,0.00169982,0.022428365,0.024084926,8.04E-04,0.00080393
2004/7/12,0.004049127,0.024062712,0.016522963,2.66E-04,0.00026605
2004/7/13,0.005854264,0.025393203,0.014044752,1.01E-04,0.000101267
2004/7/14,0.004005491,0.026786374,0.015103545,4.89E-05,4.89E-05
2004/7/15,0.002647281,0.027800774,0.014201314,2.72E-05,2.72E-05
2004/7/16,0.00156236,0.024623051,0.010991047,1.46E-05,1.46E-05
2004/7/17,0.001486867,0.023603035,0.012644749,7.91E-06,7.91E-06
2004/7/18,0.001085999,0.023159141,0.012231068,4.61E-06,4.61E-06
2004/7/19,0.002647696,0.02340597,0.011901207,3.17E-06,3.17E-06
2004/7/20,0.005735915,0.027651786,0.011481589,1.96E-06,1.96E-06
2004/7/21,0.006514636,0.027441741,0.011914135,9.30E-07,9.30E-07
2004/7/22,0.003624768,0.025829486,0.011912761,1.45E-05,1.45E-05
2004/7/23,0.014102187,0.022666641,0.009961501,5.52E-05,5.52E-05
2004/7/24,0.012866599,0.020118583,0.010998123,1.97E-05,1.97E-05
2004/7/25,0.015548632,0.020161198,0.009698522,2.67E-04,0.000266919
2004/7/26,0.015268894,0.016433121,0.008499222,3.62E-04,0.000362028
2004/7/27,0.027033804,0.02276617,0.009101981,0.004640438,0.004640438
2004/7/28,0.059306055,0.027230053,0.014353886,0.011936556,0.011936556
2004/7/29,0.066207555,0.020404953,0.014923982,0.009473293,0.009473293
2004/7/30,0.06055018,0.019927372,0.011823416,0.004672783,0.004672783
2004/7/31,0.056240638,0.0182274,0.010221736,0.002839976,0.002839976
2004/8/1,0.069833934,0.01926752,0.008868304,0.001132446,0.001132446
2004/8/2,0.12003027,0.020490253,0.007575949,6.07E-04,0.000607358
2004/8/3,0.111561855,0.013201214,0.008107702,2.56E-04,0.000255689
2004/8/4,0.075590888,0.014118963,0.009385626,8.24E-05,8.24E-05
2004/8/5,0.045690589,0.015626772,0.008153626,2.33E-05,2.33E-05
2004/8/6,0.023689229,0.015484495,0.009459097,1.86E-05,1.86E-05
2004/8/7,0.057542796,0.023209116,0.00920611,0.003878198,0.003878198
2004/8/8,0.089453257,0.052884917,0.014227993,0.030759264,0.030759264
2004/8/9,0.189640077,0.051424761,0.012692339,0.02580632,0.02580632
2004/8/10,0.141686713,0.052193249,0.013427232,0.019802604,0.019802604
2004/8/11,0.081542492,0.041011896,0.013088207,0.010753902,0.010753902
2004/8/12,0.04497468,0.027849082,0.009369357,0.004391462,0.004391462
2004/8/13,0.020656737,0.021372123,0.00819462,0.001402025,0.001402025
2004/8/14,0.010379552,0.017338801,0.008479623,3.65E-04,0.000364956
2004/8/15,0.006076593,0.020856843,0.008821199,8.89E-05,8.89E-05
2004/8/16,0.003216736,0.021476341,0.009091784,1.94E-05,1.94E-05
2004/8/17,0.005571284,0.01940074,0.008874438,4.88E-06,4.88E-06
2004/8/18,0.007273162,0.01931266,0.010373888,1.21E-06,1.21E-06
2004/8/19,0.006414344,0.021021618,0.009221135,1.25E-06,1.25E-06
2004/8/20,0.026651289,0.023204558,0.007132926,2.30E-06,2.30E-06
2004/8/21,0.035451241,0.023556895,0.006171873,5.79E-05,5.79E-05
2004/8/22,0.016644191,0.017954615,0.025154802,0.010053352,0.010053352
2004/8/23,0.015187764,0.033677923,0.098326127,0.041995057,0.041995057
2004/8/24,0.046468219,0.072536614,0.083592185,0.091371194,0.091371194
2004/8/25,0.072365196,0.095974951,0.05553832,0.090550505,0.090550505
2004/8/26,0.109629047,0.139103417,0.046418092,0.108834386,0.108834386
2004/8/27,0.145143159,0.150217279,0.030599581,0.115448918,0.115448918
2004/8/28,0.205173847,0.185431421,0.020769741,0.101559124,0.101559124
2004/8/29,0.170130772,0.18122069,0.011300174,0.073220828,0.073220828
2004/8/30,0.124718726,0.110510606,0.006787901,0.046291829,0.046291829
2004/8/31,0.103684035,0.065378244,0.003771962,0.03212607,0.03212607
2004/9/1,0.100448312,0.045556717,0.002794787,0.020546781,0.020546781
2004/9/2,0.065399883,0.030166303,0.012698727,0.008336229,0.008336229
2004/9/3,0.098412768,0.03496059,0.058095643,0.009965011,0.009965011
2004/9/4,0.123089994,0.052579081,0.04752559,0.027098456,0.027098456
2004/9/5,0.139484863,0.084189223,0.023300661,0.052171948,0.052171948
2004/9/6,0.200591032,0.094482229,0.017403405,0.072742514,0.072742514
2004/9/7,0.235944851,0.115401579,0.039993075,0.19802272,0.19802272
2004/9/8,0.32802619,0.14813045,0.060345069,0.200675284,0.200675284
2004/9/9,0.394092043,0.215001881,0.069194507,0.129064214,0.129064214
2004/9/10,0.29940512,0.162748444,0.246815682,0.151157743,0.151157743
2004/9/11,0.245469477,0.092535068,0.49538711,0.176295152,0.176295152
2004/9/12,0.236201898,0.162219782,0.309889384,0.328557917,0.328557917
2004/9/13,0.22380005,0.13325515,0.179199725,0.309229074,0.309229074
2004/9/14,0.214320893,0.209225019,0.127984114,0.254302965,0.254302965
2004/9/15,0.195156962,0.164424775,0.130857896,0.172301061,0.172301061
2004/9/16,0.246028253,0.133298756,0.237789524,0.152417014,0.152417014
2004/9/17,0.232119067,0.120658458,0.224061852,0.115272879,0.115272879
2004/9/18,0.208258683,0.14968672,0.150859418,0.121639099,0.121639099
2004/9/19,0.294852718,0.217758176,0.1482141,0.203235465,0.203235465
2004/9/20,0.341355458,0.545960229,0.279588001,0.398931283,0.398931283
2004/9/21,0.256293935,0.665853549,0.688762892,0.939953858,0.939953858
2004/9/22,0.174109837,0.736514767,0.407491182,0.623260457,0.623260457
2004/9/23,0.200165025,0.611321078,0.257917215,0.346370412,0.346370412
2004/9/24,0.315056836,0.690513788,0.248845476,0.464598317,0.464598317
2004/9/25,0.340719684,0.414921982,0.117139066,0.143244453,0.143244453
2004/9/26,0.14201535,0.303351271,0.124738624,0.152474368,0.152474368
2004/9/27,0.183575021,0.284582122,0.142613743,0.226855394,0.226855394
2004/9/28,0.09095587,0.082707743,0.099974122,0.089126463,0.089126463
2004/9/29,0.102673798,0.04707557,0.131296586,0.08209579,0.08209579
2004/9/30,0.095890017,0.153147668,0.292423842,0.264972189,0.264972189
2004/10/1,0.093075602,0.264567441,1.059272073,0.688012408,0.688012408
2004/10/2,0.1835622,0.435365119,1.298796772,1.185478929,1.185478929
2004/10/3,0.245042479,0.634357295,0.824443624,1.059962383,1.059962383
2004/10/4,0.350904779,1.050191968,0.511837588,0.78898776,0.78898776
2004/10/5,0.24190004,0.865445933,0.351091645,0.583154838,0.583154838
2004/10/6,0.248410446,0.990324368,0.269791792,0.634603862,0.634603862
2004/10/7,0.263665391,0.660864345,0.25426219,0.319499366,0.319499366
2004/10/8,0.269575568,0.434044641,0.504383668,0.402118059,0.402118059
2004/10/9,0.145904164,0.550949644,0.377476796,0.442083414,0.442083414
2004/10/10,0.121584637,0.477987805,0.447197424,0.4951288,0.4951288
2004/10/11,0.124874227,0.420428713,0.566692637,0.607716031,0.607716031
2004/10/12,0.366493874,0.557917908,0.732348768,1.030532927,1.030532927
2004/10/13,0.429387973,0.945161028,0.460666558,1.10887362,1.10887362
2004/10/14,0.161924488,0.338177181,0.175980414,0.298013102,0.298013102
2004/10/15,0.047013478,0.133789384,0.193121398,0.149953547,0.149953547
2004/10/16,0.10828943,0.221625429,0.057813858,0.143315321,0.143315321
2004/10/17,0.062745038,0.048426074,0.022421139,0.0281594,0.0281594
2004/10/18,0.020712498,0.025802846,0.053626407,0.031631231,0.031631231
2004/10/19,0.040525812,0.107080181,0.008264923,0.01209581,0.01209581
2004/10/20,0.013398576,0.054607185,0.016318333,0.007835133,0.007835133
2004/10/21,0.006183603,0.019519063,0.02192478,0.024047659,0.024047659
2004/10/22,0.016187718,0.045445288,0.055292739,0.04411826,0.04411826
2004/10/23,0.021809962,0.114705377,0.023406586,0.014777551,0.014777551
2004/10/24,0.00719094,0.040142242,0.021589943,0.022336007,0.022336007
2004/10/25,0.003163189,0.012330167,0.415399506,0.137520718,0.137520718
2004/10/26,0.027282863,0.068591843,0.746321677,0.298082651,0.298082651
2004/10/27,0.035407543,0.10172107,0.371482221,0.17909983,0.17909983
2004/10/28,0.025352482,0.038747237,0.093632287,0.071212997,0.071212997
2004/10/29,0.010055846,0.018347682,0.112548979,0.071624931,0.071624931
2004/10/30,0.002920562,0.012932309,0.33530766,0.08052134,0.08052134
2004/10/31,0.006802543,0.010203378,0.063955866,0.0418638,0.0418638
2004/11/1,0.008995189,0.009304518,0.055055056,0.042585853,0.042585853
2004/11/2,0.004440992,0.004430093,0.035290984,0.02535608,0.02535608
2004/11/3,0.001255224,0.003801028,0.006465497,0.006744138,0.006744138
2004/11/4,0.000273208,0.001510178,0.143259071,0.058850667,0.058850667
2004/11/5,0.002452553,0.001398768,0.092545453,0.016555631,0.016555631
2004/11/6,0.000777286,0.000731997,0.007571711,0.007480059,0.007480059
2004/11/7,0.000781592,0.001136177,0.006097041,0.005021244,0.005021244
2004/11/8,0.000466838,0.000805176,0.092484726,0.004431502,0.004431502
2004/11/9,3.62E-05,3.06E-05,0.039366632,5.26E-04,0.000525504
2004/11/10,6.24E-05,4.82E-05,0.00525851,0.00112782,0.00112782
2004/11/11,0.000150812,0.009564356,0.061672631,0.028747732,0.028747732
2004/11/12,0.00029043,0.001123645,0.015456564,0.006734338,0.006734338
2004/11/13,0.001045062,0.082847785,0.042730027,0.136694026,0.136694026
2004/11/14,0.011693708,0.056730071,0.491687164,0.290370118,0.290370118
2004/11/15,0.02080724,0.05657406,0.610808701,0.158929612,0.158929612
2004/11/16,0.002733296,0.007177309,0.066860257,0.046271438,0.046271438
2004/11/17,0.004745595,0.005980646,0.186001557,0.024056772,0.024056772
2004/11/18,0.003574872,0.014319246,0.990983363,0.439195462,0.439195462
2004/11/19,0.00530933,0.009583949,0.11350591,0.065162575,0.065162575
2004/11/20,0.011899713,0.012333488,0.04746397,0.03095392,0.03095392
2004/11/21,0.005007423,0.004956952,0.068962218,0.012477021,0.012477021
2004/11/22,0.00775661,0.008599784,0.002541334,0.001248049,0.001248049
2004/11/23,0.000121724,0.000475372,6.69E-05,7.28E-04,0.000728052
2004/11/24,1.22E-07,1.79E-05,0.000178702,7.53E-04,0.000752507
2004/11/25,4.72E-05,9.47E-05,0.00079124,0.001182785,0.001182785
2004/11/26,0.000405783,0.000728045,0.001401118,0.001659079,0.001659079
2004/11/27,0.004006857,0.009059299,0.001480502,0.001176025,0.001176025
2004/11/28,0.000742285,0.008855835,0.000159801,0.001396939,0.001396939
2004/11/29,0.000401974,0.000364922,0.002760897,0.002521885,0.002521885
2004/11/30,0.001213879,0.001383934,0.00891221,0.004910492,0.004910492
2004/12/1,0.00098911,0.001175372,0.005494247,0.003743008,0.003743008
2004/12/2,0.000790431,0.000944219,0.01384654,0.004444125,0.004444125
2004/12/3,0.00022365,0.000182658,0.024959957,0.001617534,0.001617534
2004/12/4,2.30E-06,1.14E-05,0.000133007,6.30E-05,6.30E-05
2004/12/5,0,0,0,4.80E-05,4.80E-05
2004/12/6,4.86E-09,2.07E-06,0,3.36E-04,0.000336058
2004/12/7,1.13E-05,6.26E-05,0.001077992,6.70E-04,0.000670037
2004/12/8,3.15E-06,5.94E-06,0.00045355,1.51E-04,0.000151137
2004/12/9,9.92E-06,0,0.000126453,1.95E-05,1.95E-05
2004/12/10,0,0,6.76E-06,1.32E-04,0.000131574
2004/12/11,0,0,2.11E-07,4.02E-05,4.02E-05
2004/12/12,0,0,6.61E-06,5.64E-04,0.000564106
2004/12/13,8.54E-08,1.02E-08,0.000120683,7.64E-05,7.64E-05
2004/12/14,0,0,6.37E-05,3.76E-05,3.76E-05
2004/12/15,1.88E-06,0,0.000140847,6.31E-06,6.31E-06
2004/12/16,1.69E-06,0,0.027671902,0.005309861,0.005309861
2004/12/17,0,0,0.02802697,0.001384339,0.001384339
2004/12/18,0,0,0.004692415,1.11E-05,1.11E-05
2004/12/19,0,0,0.207204575,0.010876228,0.010876228
2004/12/20,0,0,0.00293602,0,0
2004/12/21,0,0,0,0,0
2004/12/22,0,7.51E-06,0,0,0
2004/12/23,0,0.006647547,0.0001809,0.002839663,0.002839663
2004/12/24,0,0.000149812,0.000248998,0.003838315,0.003838315
2004/12/25,0,-9.72E-11,1.80E-05,1.49E-09,1.49E-09
2004/12/26,3.17E-05,0,0,0,0
2004/12/27,0,0,1.58E-05,0,0
2004/12/28,0,0,4.82E-06,0,0
2004/12/29,0,0,0,0,0
2004/12/30,0,0,0,0,0
2004/12/31,0.000217836,0,0,0,0
2005/1/1,0.009052532,0.003259278,0,0,0
2005/1/2,0.015989702,0.030004152,0,0,0
2005/1/3,0.002543679,0.004907701,0,0,0
2005/1/4,0,1.45E-06,0,0,0
2005/1/5,0,0,1.31E-05,0,0
2005/1/6,0.000124369,1.09E-06,0,0,0
2005/1/7,0,0,0,0,0
2005/1/8,0,0,0,0,0
2005/1/9,0,0,0,0,0
2005/1/10,0,0,0,0,0
2005/1/11,0,0,0,0,0
2005/1/12,0,0,0,0,0
2005/1/13,2.88E-08,0,0,1.03E-05,1.03E-05
2005/1/14,2.76E-06,0,3.72E-07,5.01E-05,5.01E-05
2005/1/15,4.55E-07,0,0,7.99E-07,7.99E-07
2005/1/16,0,0,0,0,0
2005/1/17,0,0,8.41E-07,0,0
2005/1/18,0,0,0,0,0
2005/1/19,1.11E-06,0,9.19E-05,5.09E-06,5.09E-06
2005/1/20,0,0,1.92E-05,0,0
2005/1/21,0,0,2.25E-06,0,0
2005/1/22,0,0,0,0,0
2005/1/23,0,0,0.009188559,0,0
2005/1/24,0,0,0.231662616,0.004983617,0.004983617
2005/1/25,0,0,0.018697053,1.95E-06,1.95E-06
2005/1/26,0,0,0.000121044,0,0
2005/1/27,0,0,7.85E-05,0,0
2005/1/28,0,0,7.44E-06,0,0
2005/1/29,0,0,1.50E-05,0,0
2005/1/30,0,0,3.49E-05,0,0
2005/1/31,0,0,0.01973432,9.11E-04,0.000910863
2005/2/1,0,0,0.004389953,0,0
2005/2/2,0,0,0.11999609,0.002962261,0.002962261
2005/2/3,0,0,0.018843312,0,0
2005/2/4,0,0,1.77E-05,0,0
2005/2/5,0,0,0,0,0
2005/2/6,0,0,0,0,0
2005/2/7,0,0,0,0,0
2005/2/8,0,0,0,0,0
2005/2/9,0,0,0,0,0
2005/2/10,9.02E-07,0,1.73E-08,9.67E-06,9.67E-06
2005/2/11,8.14E-06,0,0.00406533,2.08E-04,0.000208244
2005/2/12,0.000110511,0,0.000503905,7.49E-04,0.000749402
2005/2/13,0.000523526,1.91E-05,0.000340896,0.001150919,0.001150919
2005/2/14,3.75E-07,3.39E-06,8.58E-06,0,0
2005/2/15,0,0,0,0,0
2005/2/16,0,0,0,0,0
2005/2/17,0,0,5.20E-06,0,0
2005/2/18,0,0,2.65E-09,0,0
2005/2/19,0,0,0,0,0
2005/2/20,0,0,0,9.89E-06,9.89E-06
2005/2/21,0,0,8.88E-07,6.03E-05,6.03E-05
2005/2/22,0,0,7.87E-05,1.45E-07,1.45E-07
2005/2/23,0,0,0.000142238,0,0
2005/2/24,0,0,0.00105702,0,0
2005/2/25,2.74E-06,0,0.001093992,4.39E-04,0.000439185
2005/2/26,3.70E-05,6.35E-07,0.001156554,6.18E-04,0.000617966
2005/2/27,0.000391054,8.61E-05,0.011669979,0.004167002,0.004167002
2005/2/28,0.000190603,0.000185662,0.004191492,0.001242129,0.001242129
2005/3/1,0.000450769,0.000438988,0.006718256,0.002782854,0.002782854
2005/3/2,2.61E-05,7.93E-06,0.062225405,0.010487328,0.010487328
2005/3/3,0.001027099,0.00066594,0.067666769,0.008375826,0.008375826
2005/3/4,0.009594235,0.005019186,0.181739249,0.044019467,0.044019467
2005/3/5,0.011442479,0.009759257,0.402296728,0.075038377,0.075038377
2005/3/6,0.000369553,0.000531159,0.055019418,0.010240757,0.010240757
2005/3/7,0.002301103,0.001459832,0.042338409,0.018712111,0.018712111
2005/3/8,0.008560095,0.00206971,0.053224683,0.036204726,0.036204726
2005/3/9,0,0.000162637,0.325472456,0.130680612,0.130680612
2005/3/10,6.62E-05,0.000628232,0.04443895,0.015038474,0.015038474
2005/3/11,0.000593294,0.004185069,0.125776792,0.027170805,0.027170805
2005/3/12,0.001184335,0.004730926,0.028122639,0.042008024,0.042008024
2005/3/13,0.007733229,0.020484425,0.071095725,0.098871116,0.098871116
2005/3/14,0.008256841,0.022973585,0.098399337,0.04534289,0.04534289
2005/3/15,0.020243404,0.014395389,0.049607425,0.012950093,0.012950093
2005/3/16,0.006390539,0.009703904,0.001328099,0.001765707,0.001765707
2005/3/17,0.000401008,0.000275275,0.008987821,0.012383994,0.012383994
2005/3/18,0.004696117,0.004485728,0.107364488,0.037387264,0.037387264
2005/3/19,0.01274088,0.011136299,0.19405628,0.072131049,0.072131049
2005/3/20,0.0112313,0.011296305,0.137871203,0.051560098,0.051560098
2005/3/21,0.002285681,0.003632505,0.0500101,0.018785392,0.018785392
2005/3/22,0.002505628,0.008425303,0.069908922,0.033066781,0.033066781
2005/3/23,0.024223276,0.032639974,0.204667911,0.105074446,0.105074446
2005/3/24,0.046769465,0.054976951,0.318980501,0.182091363,0.182091363
2005/3/25,0.053678923,0.062027433,0.225923908,0.165294483,0.165294483
2005/3/26,0.060469342,0.081825626,0.196381423,0.163979728,0.163979728
2005/3/27,0.067049629,0.097127709,0.275649396,0.210491172,0.210491172
2005/3/28,0.08092797,0.098630048,0.332024215,0.198395013,0.198395013
2005/3/29,0.063722016,0.076450333,0.298195101,0.247207804,0.247207804
2005/3/30,0.025334242,0.040292125,0.337538149,0.180286761,0.180286761
2005/3/31,0.037888174,0.060901654,0.397668718,0.187228007,0.187228007
2005/4/1,0.045372711,0.083213304,0.793849517,0.543196139,0.543196139
2005/4/2,0.07119292,0.171971048,0.677755498,0.477080797,0.477080797
2005/4/3,0.04588697,0.026910682,0.12634491,0.100990799,0.100990799
2005/4/4,0.050283543,0.069774596,0.333429953,0.262413889,0.262413889
2005/4/5,0.009750954,0.077252172,0.379780559,0.72624604,0.72624604
2005/4/6,0.005103646,0.179141706,0.503772798,0.723290054,0.723290054
2005/4/7,0.018851295,0.232336796,1.133944062,1.484768129,1.484768129
2005/4/8,0.016170071,0.264389659,1.057943725,1.955228723,1.955228723
2005/4/9,0.015401092,0.404838695,0.866172097,1.305279435,1.305279435
2005/4/10,0.024869971,0.237512196,1.621142861,1.072771352,1.072771352
2005/4/11,0.005907137,0.064679213,1.701300784,0.796374597,0.796374597
2005/4/12,0.014427741,0.058881211,2.217823548,0.660699286,0.660699286
2005/4/13,0.0200394,0.080990117,2.003046403,0.706169833,0.706169833
2005/4/14,0.068849074,0.374465006,3.172776978,1.783931047,1.783931047
2005/4/15,0.141834356,0.345190618,2.654422908,1.309579625,1.309579625
2005/4/16,0.066247904,0.086798236,0.544577478,0.407795551,0.407795551
2005/4/17,0.063651248,0.04792991,1.104174201,0.536006774,0.536006774
2005/4/18,0.059554324,0.060240421,3.49620017,0.842462701,0.842462701
2005/4/19,0.060628386,0.585136301,3.879579519,2.668467648,2.668467648
2005/4/20,0.127393074,1.802601145,5.001308618,4.786520445,4.786520445
2005/4/21,0.284504585,2.897281405,8.609172038,6.58013193,6.58013193
2005/4/22,0.776193242,4.81085266,7.321299593,6.231835325,6.231835325
2005/4/23,1.418832837,5.379920384,9.132271408,6.568583219,6.568583219
2005/4/24,1.467598463,5.80698442,6.170913286,6.282642473,6.282642473
2005/4/25,0.663079448,3.76758757,3.168804658,3.987111358,3.987111358
2005/4/26,0.760849608,3.976792875,3.463123676,2.890538511,2.890538511
2005/4/27,0.9792097,4.411883873,0.591529449,1.561244671,1.561244671
2005/4/28,1.06839856,3.985829077,0.609173606,0.941530851,0.941530851
2005/4/29,1.190373096,3.531537288,0.094593889,0.336801969,0.336801969
2005/4/30,1.884717434,3.622580618,0.172569514,0.26592487,0.26592487
2005/5/1,2.194272319,3.347845685,0.263711011,0.455957905,0.455957905
2005/5/2,2.440555992,4.0352806,0.503201029,0.923717057,0.923717057
2005/5/3,3.819181458,4.247022267,0.622932027,1.439762165,1.439762165
2005/5/4,5.087864782,4.654045747,0.841747936,1.761892298,1.761892298
2005/5/5,5.241971873,5.468385486,1.677598156,2.578506007,2.578506007
2005/5/6,5.115454271,5.974111158,2.504552865,3.777989554,3.777989554
2005/5/7,5.001711215,6.22574166,3.438395632,4.304195773,4.304195773
2005/5/8,4.297701783,6.030363873,4.557969502,5.827056385,5.827056385
2005/5/9,3.53885613,5.370037675,3.195108534,6.708436122,6.708436122
2005/5/10,3.380567156,5.10078443,3.373299032,6.142777831,6.142777831
2005/5/11,2.940185151,5.411156195,3.516189779,6.334208109,6.334208109
2005/5/12,3.047007557,5.243789956,3.820422217,6.777786483,6.777786483
2005/5/13,3.572230427,5.082596627,3.69159636,6.320253332,6.320253332
2005/5/14,3.932287831,5.457005013,3.622561703,5.767111332,5.767111332
2005/5/15,3.936558227,5.964501367,3.866490481,5.90320175,5.90320175
2005/5/16,3.795779805,4.521815725,4.437280679,6.286556592,6.286556592
2005/5/17,3.512126578,3.204311338,4.523204326,4.848273631,4.848273631
2005/5/18,3.009154814,3.13356027,2.728608971,3.9313284,3.9313284
2005/5/19,2.855903755,2.58634306,2.898726646,4.272357235,4.272357235
2005/5/20,3.255570928,3.457550784,2.330716602,4.642740692,4.642740692
2005/5/21,3.020739297,2.617933895,2.267628422,3.537907421,3.537907421
2005/5/22,2.426850717,2.68483086,1.058600014,2.178335846,2.178335846
2005/5/23,2.765082025,2.66064441,0.991079354,2.259871911,2.259871911
2005/5/24,2.21423442,2.151094317,1.140988621,2.170465469,2.170465469
2005/5/25,2.226767807,2.193561703,1.455560564,2.432175606,2.432175606
2005/5/26,2.428087659,2.422255255,1.448621316,2.688731798,2.688731798
2005/5/27,2.509541533,2.35935794,1.262556919,2.526301876,2.526301876
2005/5/28,2.61850245,2.48065012,1.287760983,2.433127407,2.433127407
2005/5/29,2.87171825,3.266640958,1.118539099,2.574799018,2.574799018
2005/5/30,3.474972087,3.057281564,0.930296201,2.580865804,2.580865804
2005/5/31,3.393190967,2.430034348,0.693488171,2.395887422,2.395887422
2005/6/1,2.925855762,1.574774274,0.545868329,1.363524835,1.363524835
2005/6/2,3.353177135,1.644052899,0.474354125,1.187845272,1.187845272
2005/6/3,3.129114682,1.405930622,0.379788508,0.838582334,0.838582334
2005/6/4,2.6838174,1.114413501,0.329127724,0.633465089,0.633465089
2005/6/5,2.334846818,1.136271308,0.323405525,0.707755424,0.707755424
2005/6/6,2.0591588,0.821422476,0.286015832,0.542970012,0.542970012
2005/6/7,1.955336179,0.713953142,0.233007017,0.438506919,0.438506919
2005/6/8,1.356850734,0.489951308,0.205473635,0.351627443,0.351627443
2005/6/9,1.286454994,0.480585442,0.187743035,0.347221221,0.347221221
2005/6/10,1.139491465,0.375454825,0.144850587,0.287363556,0.287363556
2005/6/11,0.704363491,0.301742752,0.127883555,0.242718963,0.242718963
2005/6/12,0.457308251,0.250254299,0.114337063,0.208858849,0.208858849
2005/6/13,0.383659788,0.229687491,0.106145867,0.204656631,0.204656631
2005/6/14,0.416494643,0.196850703,0.075942803,0.16515553,0.16515553
2005/6/15,0.444298326,0.177323281,0.066969574,0.17412907,0.17412907
2005/6/16,0.369557919,0.155842634,0.069719139,0.158680357,0.158680357
2005/6/17,0.27656701,0.143985423,0.064823899,0.119140307,0.119140307
2005/6/18,0.249592123,0.137196011,0.07060101,0.087857077,0.087857077
2005/6/19,0.253505911,0.123148757,0.056230422,0.087292181,0.087292181
2005/6/20,0.212306314,0.153606408,0.055119016,0.062911011,0.062911011
2005/6/21,0.173363843,0.166076247,0.031733891,0.059463642,0.059463642
2005/6/22,0.115823773,0.167092749,0.031817252,0.055877372,0.055877372
2005/6/23,0.114391559,0.119625419,0.036918465,0.037022107,0.037022107
2005/6/24,0.117937561,0.099884411,0.038646373,0.021934971,0.021934971
2005/6/25,0.06735114,0.076496092,0.041952689,0.012284241,0.012284241
2005/6/26,0.027799396,0.054281457,0.043923262,0.024777605,0.024777605
2005/6/27,0.015222138,0.047581202,0.035126089,0.027973995,0.027973995
2005/6/28,0.00800462,0.037420753,0.026665378,0.0225281,0.0225281
2005/6/29,0.005920837,0.045676494,0.033309996,0.010382421,0.010382421
2005/6/30,0.004999409,0.044051404,0.03776389,0.006302844,0.006302844
2005/7/1,0.002476751,0.044606223,0.032750782,0.003712492,0.003712492
2005/7/2,0.001112461,0.035460672,0.031552918,0.002674645,0.002674645
2005/7/3,0.001002259,0.027156105,0.02691056,0.00212977,0.00212977
2005/7/4,0.002737091,0.026093601,0.022305324,0.001728682,0.001728682
2005/7/5,0.005486886,0.025179794,0.022085419,0.001786716,0.001786716
2005/7/6,0.003481592,0.023612059,0.015747688,9.63E-04,0.000962779
2005/7/7,0.014773591,0.025897316,0.014831859,9.53E-04,0.000953123
2005/7/8,0.02117529,0.025973924,0.016720687,0.001120332,0.001120332
2005/7/9,0.017496945,0.023337841,0.017663555,9.74E-04,0.000973607
2005/7/10,0.012137267,0.024028042,0.017115321,6.00E-04,0.00059987
2005/7/11,0.027058628,0.02646103,0.015400746,3.26E-04,0.000325821
2005/7/12,0.039082972,0.021100128,0.014694004,1.60E-04,0.000159582
2005/7/13,0.032612317,0.018303611,0.013497108,7.70E-05,7.70E-05
2005/7/14,0.018386305,0.017614082,0.009713323,3.65E-05,3.65E-05
2005/7/15,0.012238666,0.019429275,0.009346275,2.68E-05,2.68E-05
2005/7/16,0.010057648,0.018650685,0.010124593,3.10E-05,3.10E-05
2005/7/17,0.006809259,0.01864969,0.009143526,1.16E-04,0.000115967
2005/7/18,0.004207892,0.019812644,0.007132462,1.29E-04,0.000129327
2005/7/19,0.007077476,0.023252188,0.007528232,1.45E-04,0.000145008
2005/7/20,0.014786585,0.038399808,0.006742977,6.84E-05,6.84E-05
2005/7/21,0.03011852,0.061943366,0.006612449,2.46E-04,0.000246201
2005/7/22,0.023961058,0.047463274,0.007461061,6.88E-04,0.000688288
2005/7/23,0.014563716,0.03226103,0.008606533,0.003652103,0.003652103
2005/7/24,0.010369303,0.02191248,0.012828486,0.003441363,0.003441363
2005/7/25,0.009500131,0.017761229,0.008590189,0.001254896,0.001254896
2005/7/26,0.005520705,0.017895366,0.006029101,4.41E-04,0.000441436
2005/7/27,0.003632592,0.017356292,0.005996739,1.38E-04,0.00013847
2005/7/28,0.004190484,0.017716457,0.007113366,4.56E-05,4.56E-05
2005/7/29,0.022343515,0.018359903,0.005521868,5.68E-05,5.68E-05
2005/7/30,0.058204352,0.022336849,0.005936253,2.08E-04,0.000208297
2005/7/31,0.050798507,0.022063932,0.005382524,1.09E-04,0.000108532
2005/8/1,0.028574684,0.029859108,0.004640325,0.004183117,0.004183117
2005/8/2,0.016150248,0.028948653,0.006649813,0.046295909,0.046295909
2005/8/3,0.00854989,0.02365058,0.004346606,0.025116063,0.025116063
2005/8/4,0.004476272,0.021825182,0.005612854,0.013553237,0.013553237
2005/8/5,0.001561056,0.017298031,0.006191894,0.003586878,0.003586878
2005/8/6,0.001123831,0.015576165,0.006470561,9.65E-04,0.000964536
2005/8/7,0.000791769,0.015022648,0.005927411,3.24E-04,0.000324187
2005/8/8,0.00215318,0.018760255,0.005299437,9.52E-05,9.52E-05
2005/8/9,0.006818569,0.015227446,0.005237518,4.48E-05,4.48E-05
2005/8/10,0.01918979,0.016068663,0.005415645,1.62E-05,1.62E-05
2005/8/11,0.02363323,0.018579219,0.006354491,3.56E-04,0.000355763
2005/8/12,0.026588055,0.022956719,0.007212834,0.001426677,0.001426677
2005/8/13,0.039987004,0.040691331,0.012266692,0.014047491,0.014047491
2005/8/14,0.042378218,0.061226317,0.013413281,0.033254983,0.033254983
2005/8/15,0.055916668,0.108868035,0.011814265,0.040869108,0.040869108
2005/8/16,0.069205662,0.100289438,0.012056898,0.030211194,0.030211194
2005/8/17,0.071446206,0.054995578,0.012225331,0.01376453,0.01376453
2005/8/18,0.045738241,0.033673387,0.01161241,0.004635067,0.004635067
2005/8/19,0.052309317,0.031022186,0.010143562,0.001324913,0.001324913
2005/8/20,0.065715295,0.023507339,0.006473738,4.11E-04,0.000411423
2005/8/21,0.048020454,0.016071413,0.005345053,2.70E-04,0.00026985
2005/8/22,0.040614702,0.015623676,0.00467276,8.01E-04,0.00080126
2005/8/23,0.028013153,0.014594424,0.007547553,0.001316829,0.001316829
2005/8/24,0.018139011,0.016453739,0.008462118,7.61E-04,0.000761275
2005/8/25,0.029134053,0.013623188,0.007371622,4.06E-04,0.000406146
2005/8/26,0.036070748,0.012602234,0.004906471,3.36E-04,0.00033595
2005/8/27,0.051182114,0.015172436,0.004170202,0.001271617,0.001271617
2005/8/28,0.075716628,0.021409895,0.004860767,0.023929327,0.023929327
2005/8/29,0.108796091,0.040409564,0.013213254,0.07546702,0.07546702
2005/8/30,0.172161894,0.043944386,0.04409945,0.07360722,0.07360722
2005/8/31,0.3734238,0.143126308,0.028521285,0.068817379,0.068817379
2005/9/1,0.523424482,0.268736417,0.016257939,0.054754257,0.054754257
2005/9/2,0.519513958,0.322564587,0.011507124,0.053909531,0.053909531
2005/9/3,0.379196311,0.24634689,0.005273085,0.042415309,0.042415309
2005/9/4,0.276506756,0.170488486,0.006108538,0.031352007,0.031352007
2005/9/5,0.17928392,0.135438585,0.007603289,0.028010544,0.028010544
2005/9/6,0.129429674,0.054320413,0.00666825,0.008864288,0.008864288
2005/9/7,0.127922851,0.034147345,0.006674152,0.005218244,0.005218244
2005/9/8,0.088783016,0.037410892,0.005048181,0.014944718,0.014944718
2005/9/9,0.078940278,0.027452455,0.012563758,0.026144467,0.026144467
2005/9/10,0.114374765,0.040929361,0.050884819,0.045930429,0.045930429
2005/9/11,0.187050837,0.042506395,0.062981472,0.053833711,0.053833711
2005/9/12,0.189048939,0.027594815,0.064314472,0.05829549,0.05829549
2005/9/13,0.19052002,0.04644187,0.104463757,0.135021649,0.135021649
2005/9/14,0.169430213,0.081013087,0.19128115,0.139038921,0.139038921
2005/9/15,0.187876176,0.083845313,0.154669239,0.140824083,0.140824083
2005/9/16,0.185847028,0.115539069,0.293217123,0.179330629,0.179330629
2005/9/17,0.228332711,0.15667338,0.294118811,0.213870651,0.213870651
2005/9/18,0.242658298,0.138512866,0.272167337,0.215516345,0.215516345
2005/9/19,0.227107045,0.169847229,0.22232498,0.219175929,0.219175929
2005/9/20,0.278932774,0.205983354,0.188005262,0.229496155,0.229496155
2005/9/21,0.296706224,0.196696305,0.151470671,0.204788975,0.204788975
2005/9/22,0.224585269,0.207703412,0.083993891,0.149778075,0.149778075
2005/9/23,0.244216181,0.221809799,0.075392322,0.140398038,0.140398038
2005/9/24,0.267344289,0.231782164,0.100914653,0.19863734,0.19863734
2005/9/25,0.197096957,0.314398828,0.071978711,0.10844371,0.10844371
2005/9/26,0.143695362,0.213924247,0.077007378,0.085882361,0.085882361
2005/9/27,0.160189665,0.120656129,0.135026785,0.091536112,0.091536112
2005/9/28,0.174001174,0.228130087,0.252519014,0.292779428,0.292779428
2005/9/29,0.113031266,0.386635853,0.383105887,0.360444108,0.360444108
2005/9/30,0.142907863,0.287403807,0.35442338,0.340587832,0.340587832
2005/10/1,0.262705371,0.464531971,0.619500008,0.571992064,0.571992064
2005/10/2,0.215235932,0.419803098,0.377333789,0.503894095,0.503894095
2005/10/3,0.148190184,0.285124125,0.149032279,0.172845106,0.172845106
2005/10/4,0.252606322,0.242409545,0.138505207,0.23667812,0.23667812
2005/10/5,0.320090317,0.513935503,0.167462548,0.444173944,0.444173944
2005/10/6,0.186307574,0.692500022,0.19964997,0.4061187,0.4061187
2005/10/7,0.286542298,0.739625681,0.131488329,0.416328101,0.416328101
2005/10/8,0.574625836,0.679101473,0.110647288,0.395432985,0.395432985
2005/10/9,0.673213226,0.577046841,0.140657267,0.316430925,0.316430925
2005/10/10,0.474876119,0.546610369,0.196887819,0.238092448,0.238092448
2005/10/11,0.351094522,0.271591137,0.148272776,0.139276026,0.139276026
2005/10/12,0.101389297,0.209369477,0.2906619,0.255846598,0.255846598
2005/10/13,0.109192214,0.179725482,0.487237603,0.161241166,0.161241166
2005/10/14,0.339997978,0.116067841,0.815143717,0.247545587,0.247545587
2005/10/15,0.185571449,0.103375008,0.295965428,0.209732005,0.209732005
2005/10/16,0.02490984,0.133994842,0.224350622,0.187439703,0.187439703
2005/10/17,0.065031788,0.285271461,1.127455888,0.35350707,0.35350707
2005/10/18,0.079089264,0.235964365,0.49056911,0.418032859,0.418032859
2005/10/19,0.038091102,0.244345853,0.274226562,0.354268399,0.354268399
2005/10/20,0.075365964,0.42259769,1.071549906,0.725589961,0.725589961
2005/10/21,0.118389015,0.336537432,0.994313693,0.683223477,0.683223477
2005/10/22,0.05978342,0.163306226,0.457813288,0.369629889,0.369629889
2005/10/23,0.037453645,0.268787027,0.272154494,0.382570926,0.382570926
2005/10/24,0.031437168,0.335091697,0.353814738,0.63385339,0.63385339
2005/10/25,0.009874163,0.446305945,0.734232602,1.044941746,1.044941746
2005/10/26,0.117560816,0.592827956,2.22724997,1.807917707,1.807917707
2005/10/27,0.229846518,0.48536259,1.189204305,1.086474982,1.086474982
2005/10/28,0.145989337,0.219899223,0.645963093,0.573758874,0.573758874
2005/10/29,0.089170494,0.127306817,0.180716117,0.231668664,0.231668664
2005/10/30,0.029654683,0.080734735,0.14310738,0.21602957,0.21602957
2005/10/31,0.016798619,0.124178839,0.236234942,0.339593258,0.339593258
2005/11/1,0.010992966,0.036898769,0.242059549,0.200381244,0.200381244
2005/11/2,0.004150683,0.013284693,0.037279667,0.046352318,0.046352318
2005/11/3,0.003647817,0.01146331,0.067232996,0.052560349,0.052560349
2005/11/4,0.010158374,0.063525602,0.180013552,0.216360869,0.216360869
2005/11/5,0.001269591,0.013287141,0.070619582,0.100079424,0.100079424
2005/11/6,0.002662692,0.017957686,0.122672432,0.166011139,0.166011139
2005/11/7,0.000226409,0.00042237,0.003119699,0.006407564,0.006407564
2005/11/8,0.000544044,0.001173279,0.006335859,0.005106403,0.005106403
2005/11/9,0.000591057,0.001457773,0.024547782,0.006165629,0.006165629
2005/11/10,0.000546087,0.001040226,0.096674458,0.07230516,0.07230516
2005/11/11,0.000689116,0.009778073,0.021143245,0.074473802,0.074473802
2005/11/12,0.000172935,0.000916334,0.002757828,0.003423002,0.003423002
2005/11/13,0.000176945,0.000466829,0.003317501,0.003452925,0.003452925
2005/11/14,0.000727859,0.001335175,0.006411012,0.005323118,0.005323118
2005/11/15,0.000891103,0.002097546,0.012268034,0.004804918,0.004804918
2005/11/16,0.002057632,0.016357852,0.017893216,0.058949945,0.058949945
2005/11/17,0.000959848,0.008933735,0.024196147,0.072760211,0.072760211
2005/11/18,9.45E-05,0.003912492,0.155904482,0.071310372,0.071310372
2005/11/19,7.63E-05,0.070427216,0.3468212,0.793668468,0.793668468
2005/11/20,0.000164741,0.006832742,0.153422746,0.132032217,0.132032217
2005/11/21,0.000411524,0.000918401,0.04031567,0.023272163,0.023272163
2005/11/22,0.000124155,0.018252456,0.065458137,0.175924367,0.175924367
2005/11/23,0.000270054,0.117304331,0.035631779,0.346076977,0.346076977
2005/11/24,0.000912566,0.020318058,0.016750301,0.081468312,0.081468312
2005/11/25,0.001342619,0.022769301,0.01221879,0.010910395,0.010910395
2005/11/26,0.000543085,0.000821751,0.00294538,0.001216586,0.001216586
2005/11/27,2.48E-07,2.15E-05,0.000465309,1.28E-04,0.000128099
2005/11/28,1.40E-05,3.65E-05,0.000104495,3.35E-04,0.000334966
2005/11/29,6.45E-06,2.41E-06,0.000335962,1.24E-04,0.000123989
2005/11/30,0,0,0,0,0
2005/12/1,0,0,9.86E-06,7.90E-07,7.90E-07
2005/12/2,0,0,0,0,0
2005/12/3,0,0,0,1.07E-05,1.07E-05
2005/12/4,0,0,0,2.32E-05,2.32E-05
2005/12/5,0,0,0,1.09E-04,0.000108715
2005/12/6,0,0,0,1.42E-06,1.42E-06
2005/12/7,0.001644903,0.000422683,0,6.75E-11,6.75E-11
2005/12/8,0.024631529,0.069144866,3.11E-05,1.30E-05,1.30E-05
2005/12/9,0.010078328,0.047020351,0.019710265,0.006328377,0.006328377
2005/12/10,0.000480059,0.001708661,0.02158018,0.008738045,0.008738045
2005/12/11,0,0.000221261,0.03454191,0.011795927,0.011795927
2005/12/12,0,0,0.000295146,5.90E-05,5.90E-05
2005/12/13,0,0,2.41E-09,0,0
2005/12/14,0,0,2.95E-05,0,0
2005/12/15,0,0,8.73E-05,5.21E-08,5.21E-08
2005/12/16,7.83E-07,0.004476539,0,3.37E-06,3.37E-06
2005/12/17,1.06E-07,0.005526501,2.39E-06,1.04E-06,1.04E-06
2005/12/18,0,0,9.21E-07,1.07E-07,1.07E-07
2005/12/19,0,0,2.04E-05,0,0
2005/12/20,0,0,0.000130181,4.95E-09,4.95E-09
2005/12/21,4.83E-07,0,0.005729431,0.003033588,0.003033588
2005/12/22,6.58E-05,5.96E-06,0.003979123,7.91E-05,7.91E-05
2005/12/23,6.91E-07,0,0.001078087,1.63E-05,1.63E-05
2005/12/24,1.11E-06,0,0.002318382,3.35E-05,3.35E-05
2005/12/25,5.73E-07,0,0.080507727,2.65E-04,0.000265303
2005/12/26,1.73E-07,0,0.006262594,1.15E-04,0.000114869
2005/12/27,0,0,0.00149287,2.42E-05,2.42E-05
2005/12/28,0,0,0.000219585,3.28E-06,3.28E-06
2005/12/29,1.94E-08,0,0.000490651,1.46E-05,1.46E-05
2005/12/30,0,0,9.24E-06,2.52E-06,2.52E-06
2005/12/31,0,0,0.000105843,0,0
2006/1/1,0,0,0.0004983,0,0
2006/1/2,0,0,0.000287569,0,0
2006/1/3,0,0,0.00019615,0,0
2006/1/4,0,0,8.28E-05,0,0
2006/1/5,0,0,0.00180476,0,0
2006/1/6,0,0,0.000497078,0,0
2006/1/7,0,0,0.000769825,0,0
2006/1/8,0,0,0.000659392,0,0
2006/1/9,0,0,9.44E-08,0,0
2006/1/10,0,0,3.21E-05,0,0
2006/1/11,0,0,0.00066866,0,0
2006/1/12,0,0,0.000598469,0,0
2006/1/13,0,0,0.000313341,7.36E-07,7.36E-07
2006/1/14,0,0,0.000487164,0,0
2006/1/15,0,0,0.000168905,0,0
2006/1/16,0,0,0.000444291,0,0
2006/1/17,0,0,0.000286169,0,0
2006/1/18,4.34E-07,0,0.000615735,4.01E-05,4.01E-05
2006/1/19,7.97E-07,0,4.50E-05,1.57E-05,1.57E-05
2006/1/20,1.63E-06,0,1.94E-05,1.74E-05,1.74E-05
2006/1/21,5.87E-06,1.07E-07,0.000113382,4.72E-05,4.72E-05
2006/1/22,3.62E-06,0,0.000358451,5.96E-05,5.96E-05
2006/1/23,0,0,4.11E-05,1.82E-06,1.82E-06
2006/1/24,9.69E-07,0,0.010554531,2.17E-05,2.17E-05
2006/1/25,0,0,0.005796753,6.01E-06,6.01E-06
2006/1/26,1.11E-05,0,0.001041957,1.21E-04,0.000121017
2006/1/27,0,0,0.000367669,9.27E-05,9.27E-05
2006/1/28,0,0,1.87E-05,0,0
2006/1/29,0,0,0.000743079,0,0
2006/1/30,0,0,0.000541067,5.33E-06,5.33E-06
2006/1/31,0,0,0.000225566,0,0
2006/2/1,0,0,0.001491261,2.23E-06,2.23E-06
2006/2/2,0,0,0.00197735,3.83E-05,3.83E-05
2006/2/3,4.54E-06,0,0.001112696,2.06E-04,0.000206157
2006/2/4,2.05E-06,0,0.001674061,4.17E-05,4.17E-05
2006/2/5,5.52E-07,0,8.72E-06,2.13E-05,2.13E-05
2006/2/6,0,0,0.001236509,4.51E-04,0.000451383
2006/2/7,0,0,0.00100424,0.002032921,0.002032921
2006/2/8,4.46E-05,6.60E-06,0.02679695,0.02574044,0.02574044
2006/2/9,0.000433178,0.00025809,0.004866796,0.0038461,0.0038461
2006/2/10,0.000766053,0.000432427,0.008792515,0.004882598,0.004882598
2006/2/11,0.001268048,0.000591704,0.03421809,0.027371855,0.027371855
2006/2/12,0.001094034,0.001444944,0.086972838,0.034528838,0.034528838
2006/2/13,1.00E-06,0,0.006484925,0.01031279,0.01031279
2006/2/14,0.031785769,0.046118798,0,0,0
2006/2/15,0.015422739,0.034743037,5.37E-05,5.90E-05,5.90E-05
2006/2/16,0.004839154,0.023573688,0.000366809,6.80E-04,0.000679675
2006/2/17,0.000241511,6.12E-05,0.001540116,0.001555329,0.001555329
2006/2/18,0.002039525,0.004389262,0.009772276,0.004550962,0.004550962
2006/2/19,0.0077426,0.014017727,0.015321969,0.005899108,0.005899108
2006/2/20,1.01E-05,4.58E-08,1.82E-05,3.71E-06,3.71E-06
2006/2/21,3.03E-06,0,3.99E-05,9.14E-05,9.14E-05
2006/2/22,9.65E-07,3.30E-07,0.000110789,4.18E-05,4.18E-05
2006/2/23,6.10E-06,0,0.000164491,1.86E-04,0.000185937
2006/2/24,0,0,8.80E-06,0,0
2006/2/25,6.31E-08,0,0.000327925,1.66E-06,1.66E-06
2006/2/26,6.10E-05,5.81E-05,0.002476789,5.68E-04,0.000568049
2006/2/27,9.25E-05,0.000204094,0.002240525,0.001303533,0.001303533
2006/2/28,0.000124121,0.000222841,0.002294135,0.001694571,0.001694571
2006/3/1,0.001190555,0.00094768,0.015673494,0.007182888,0.007182888
2006/3/2,0.003452998,0.002454808,0.0424162,0.016178143,0.016178143
2006/3/3,0.001242555,0.002921167,0.023203429,0.009185646,0.009185646
2006/3/4,0.000759222,0.00114191,0.005397198,0.006457818,0.006457818
2006/3/5,0.004347585,0.003566527,0.03686602,0.02700744,0.02700744
2006/3/6,0.003179551,0.003271808,0.026989769,0.018833943,0.018833943
2006/3/7,0.001528777,0.00226529,0.031091106,0.015948332,0.015948332
2006/3/8,0.005622856,0.00656434,0.082971044,0.033779708,0.033779708
2006/3/9,3.91E-05,2.92E-05,0.001571059,0.003376146,0.003376146
2006/3/10,5.78E-06,1.18E-05,0.246444766,0.006942823,0.006942823
2006/3/11,1.07E-05,0.003791529,0.163067683,0.06059849,0.06059849
2006/3/12,0.000194251,2.31E-05,0.000329147,0.001076928,0.001076928
2006/3/13,0.006806171,0.004824355,0.087638396,0.025314051,0.025314051
2006/3/14,0.013192921,0.011072516,0.128285037,0.049124579,0.049124579
2006/3/15,0.006977035,0.007177022,0.047513513,0.023732019,0.023732019
2006/3/16,0.000554602,0.00014563,0.017759668,0.005107247,0.005107247
2006/3/17,0.000240909,0.000149632,0.002330783,0.001569252,0.001569252
2006/3/18,0.002272601,0.002953951,0.042432705,0.015749554,0.015749554
2006/3/19,0.007489427,0.008377954,0.070675023,0.033734736,0.033734736
2006/3/20,0.007588438,0.006686866,0.063695799,0.026935736,0.026935736
2006/3/21,0.001971325,0.002350675,0.079461647,0.014038221,0.014038221
2006/3/22,0.003178683,0.006614619,0.044134644,0.023871234,0.023871234
2006/3/23,0.002397997,0.007012547,0.047932393,0.024731162,0.024731162
2006/3/24,0.001304769,0.003864077,0.046301846,0.033924961,0.033924961
2006/3/25,0.001780876,0.003537365,0.131653349,0.033910498,0.033910498
2006/3/26,0.002393452,0.005209803,0.3229055,0.116577363,0.116577363
2006/3/27,0.006999237,0.016361631,0.104161601,0.059526306,0.059526306
2006/3/28,0.025823913,0.034869638,0.196571658,0.132852564,0.132852564
2006/3/29,0.047501646,0.044030579,0.179955562,0.120135753,0.120135753
2006/3/30,0.005574931,0.004254511,0.167060159,0.072849215,0.072849215
2006/3/31,0.00687589,0.01483178,0.22188441,0.195562057,0.195562057
2006/4/1,0.016082077,0.028331779,0.151559325,0.082558171,0.082558171
2006/4/2,0.004385506,0.005617688,0.176031215,0.107386461,0.107386461
2006/4/3,0.00129845,0.008972429,0.519781109,0.66093891,0.66093891
2006/4/4,0.003705718,0.017017224,0.483687142,0.415306057,0.415306057
2006/4/5,0.010855766,0.052745681,0.574734233,0.479500955,0.479500955
2006/4/6,0.001244132,0.106394798,0.670664497,0.805221184,0.805221184
2006/4/7,0.004887411,0.121062802,0.795825627,1.550062259,1.550062259
2006/4/8,0.013608453,0.115782008,0.726734716,1.391535579,1.391535579
2006/4/9,0.015787873,0.301198625,0.460358945,1.37073907,1.37073907
2006/4/10,0.002751143,0.492619176,0.191430123,0.945360355,0.945360355
2006/4/11,0.001027228,0.057054136,0.166202131,0.27137477,0.27137477
2006/4/12,0.000797257,0.009281179,0.428794017,0.306739885,0.306739885
2006/4/13,0.000591117,0.154805477,0.867205917,1.039069776,1.039069776
2006/4/14,0.002085382,0.250559866,0.607327012,0.95822532,0.95822532
2006/4/15,0.007982478,0.295786647,0.235052017,0.796702478,0.796702478
2006/4/16,0.004113105,0.16978528,0.109326138,0.42368295,0.42368295
2006/4/17,0.001706002,0.105280617,0.0682852,0.364558124,0.364558124
2006/4/18,0.030906479,0.415574886,0.744569156,1.210952026,1.210952026
2006/4/19,0.127777175,1.269855847,1.655299943,2.265765626,2.265765626
2006/4/20,0.244912211,1.24056332,1.052855413,1.512384325,1.512384325
2006/4/21,0.493342355,0.323669389,1.461478303,0.548994838,0.548994838
2006/4/22,0.447839958,0.465246571,1.195595665,0.868800003,0.868800003
2006/4/23,0.396988639,1.162433783,2.151359982,1.585670022,1.585670022
2006/4/24,0.3137063,2.17306724,3.965715971,2.267686051,2.267686051
2006/4/25,0.296029756,2.64762742,4.33417118,2.680280991,2.680280991
2006/4/26,0.321500715,2.38380979,3.803219031,2.323507755,2.323507755
2006/4/27,0.428795615,2.046055287,1.759767748,2.293919032,2.293919032
2006/4/28,0.341033312,2.23982336,0.814927935,1.384305218,1.384305218
2006/4/29,0.283028577,1.667166709,0.52659494,0.645205107,0.645205107
2006/4/30,0.588620783,0.84767276,0.415961732,0.645476938,0.645476938
2006/5/1,0.985577978,1.511056868,1.263825797,1.265575805,1.265575805
2006/5/2,1.240617935,1.537046755,1.656782453,1.035057268,1.035057268
2006/5/3,1.796963204,2.707116294,0.335953296,0.368857943,0.368857943
2006/5/4,1.790191886,4.193030464,1.336499228,1.223223658,1.223223658
2006/5/5,1.437947061,4.854304424,0.993117637,1.425073319,1.425073319
2006/5/6,1.689753788,4.71954683,1.194569002,1.093391957,1.093391957
2006/5/7,2.051388905,4.677540832,2.597379185,1.534773204,1.534773204
2006/5/8,1.891456556,4.186608415,2.741823867,1.780700828,1.780700828
2006/5/9,2.141521726,4.082298035,5.523789822,3.385940527,3.385940527
2006/5/10,2.731407192,4.144265702,8.126966824,3.587705062,3.587705062
2006/5/11,3.907080491,4.853145191,6.186097807,3.100283899,3.100283899
2006/5/12,3.125338502,4.241143876,8.268185875,2.601576744,2.601576744
2006/5/13,1.863981461,4.230171394,7.367938818,3.170510651,3.170510651
2006/5/14,2.320951324,4.778867974,6.146557363,5.024841213,5.024841213
2006/5/15,2.783044485,5.138249875,3.325940846,4.9825998,4.9825998
2006/5/16,2.447971573,4.373137214,5.769684907,5.136170499,5.136170499
2006/5/17,3.545981328,4.402367033,7.404009501,8.082675644,8.082675644
2006/5/18,4.817612175,4.965637367,5.795373368,7.385430212,7.385430212
2006/5/19,5.945281211,5.151689723,3.80878571,5.769337727,5.769337727
2006/5/20,4.429781445,4.921523269,3.392956418,4.648976118,4.648976118
2006/5/21,4.613567501,4.399536359,1.552411545,4.001022672,4.001022672
2006/5/22,3.513007473,3.598371055,1.837821722,4.514537832,4.514537832
2006/5/23,3.311664326,3.523916413,3.073237603,5.581640629,5.581640629
2006/5/24,4.221893979,2.988936478,2.202034033,3.88363484,3.88363484
2006/5/25,3.962028701,3.339120214,2.421550672,4.622512743,4.622512743
2006/5/26,4.117240313,3.654121695,2.473231957,5.112210508,5.112210508
2006/5/27,4.31365112,3.177484695,1.315835854,3.938333971,3.938333971
2006/5/28,4.54181637,2.317088738,0.920113789,2.262938693,2.262938693
2006/5/29,4.409388017,2.458712745,0.934009547,2.501856052,2.501856052
2006/5/30,3.665371692,2.553344841,0.920745404,3.408195312,3.408195312
2006/5/31,4.124105769,3.116406783,0.862418976,3.695760195,3.695760195
2006/6/1,4.384540131,3.21497615,0.864153945,3.770852169,3.770852169
2006/6/2,4.221481538,3.088200744,0.781402199,3.837855084,3.837855084
2006/6/3,3.55447477,2.739565503,0.608302544,3.299901874,3.299901874
2006/6/4,3.738605461,2.27066688,0.547612665,2.519319167,2.519319167
2006/6/5,3.760783834,1.800105312,0.533998707,2.333253636,2.333253636
2006/6/6,3.577464704,2.0354831,0.500481108,2.406256035,2.406256035
2006/6/7,2.833924668,1.863044278,0.525019364,1.862677778,1.862677778
2006/6/8,2.2663504,1.664002512,0.516364474,1.721056428,1.721056428
2006/6/9,2.049388092,1.569283587,0.486605763,1.559329772,1.559329772
2006/6/10,2.142049466,1.390831443,0.395319974,1.348587279,1.348587279
2006/6/11,2.023934607,1.175352127,0.31708381,1.078260917,1.078260917
2006/6/12,2.0503548,1.182428105,0.300659651,0.866373261,0.866373261
2006/6/13,1.353345522,0.900016428,0.308237576,0.653119355,0.653119355
2006/6/14,1.323745639,0.77123133,0.267881613,0.50304975,0.50304975
2006/6/15,1.338550324,0.556623642,0.192980794,0.331419385,0.331419385
2006/6/16,1.026546149,0.359092457,0.184053484,0.273796931,0.273796931
2006/6/17,0.955988372,0.317172162,0.183138518,0.227840645,0.227840645
2006/6/18,0.740182728,0.296623707,0.150291783,0.180249476,0.180249476
2006/6/19,0.799052223,0.234870787,0.12579327,0.122065161,0.122065161
2006/6/20,0.750771502,0.208098259,0.125172966,0.099501538,0.099501538
2006/6/21,0.579209316,0.183279554,0.126120245,0.093155457,0.093155457
2006/6/22,0.522687935,0.151805949,0.105093172,0.068964779,0.068964779
2006/6/23,0.399194285,0.13727792,0.101316994,0.058382128,0.058382128
2006/6/24,0.336649822,0.14054831,0.094891446,0.049498306,0.049498306
2006/6/25,0.376921278,0.123964256,0.079005029,0.034624471,0.034624471
2006/6/26,0.39243529,0.092462284,0.072550955,0.034367895,0.034367895
2006/6/27,0.541983471,0.091680155,0.0631851,0.030420478,0.030420478
2006/6/28,0.552650732,0.129967854,0.046342691,0.057204493,0.057204493
2006/6/29,0.211199561,0.099362492,0.051229859,0.087384829,0.087384829
2006/6/30,0.117323018,0.069512813,0.05515919,0.05487184,0.05487184
2006/7/1,0.106287368,0.049915705,0.049584884,0.02741366,0.02741366
2006/7/2,0.048717996,0.050703003,0.055141357,0.020154159,0.020154159
2006/7/3,0.021529598,0.059341602,0.057158812,0.016715635,0.016715635
2006/7/4,0.013454512,0.058374103,0.089993379,0.068624337,0.068624337
2006/7/5,0.017912759,0.05800685,0.093155925,0.055002491,0.055002491
2006/7/6,0.019778167,0.054627413,0.05519818,0.020554056,0.020554056
2006/7/7,0.012763696,0.046760954,0.040664127,0.012554226,0.012554226
2006/7/8,0.028055492,0.05075622,0.032176816,0.015167506,0.015167506
2006/7/9,0.056584126,0.078682651,0.036840085,0.022756028,0.022756028
2006/7/10,0.091253538,0.113050301,0.046950309,0.033567147,0.033567147
2006/7/11,0.089090545,0.098144422,0.046484193,0.036846974,0.036846974
2006/7/12,0.05634969,0.067407527,0.044060523,0.028307871,0.028307871
2006/7/13,0.037569812,0.049761375,0.035298828,0.014538178,0.014538178
2006/7/14,0.016153762,0.037451829,0.03024553,0.00711818,0.00711818
2006/7/15,0.003798622,0.033035293,0.028690693,0.004520379,0.004520379
2006/7/16,0.000802703,0.032021187,0.031307519,0.003640141,0.003640141
2006/7/17,0.000678129,0.028481295,0.033073588,0.003579783,0.003579783
2006/7/18,0.001626057,0.023887766,0.031501968,0.003155929,0.003155929
2006/7/19,0.014066823,0.023835037,0.034937448,0.003234746,0.003234746
2006/7/20,0.044489592,0.018508678,0.024633421,0.001924754,0.001924754
2006/7/21,0.054602031,0.024235141,0.024220777,0.002063616,0.002063616
2006/7/22,0.088126057,0.024236762,0.031160264,0.002198644,0.002198644
2006/7/23,0.145191677,0.022782708,0.028236548,0.001958241,0.001958241
2006/7/24,0.122712677,0.020646441,0.024517938,0.001897414,0.001897414
2006/7/25,0.030946619,0.023422297,0.023232669,0.001951647,0.001951647
2006/7/26,0.032958278,0.019781617,0.020661094,0.00207027,0.00207027
2006/7/27,0.054257214,0.020069001,0.017551033,0.006467677,0.006467677
2006/7/28,0.077986038,0.029938373,0.026502151,0.011643958,0.011643958
2006/7/29,0.06015142,0.020771349,0.025512148,0.005979049,0.005979049
2006/7/30,0.034295241,0.018070705,0.022880362,0.002563445,0.002563445
2006/7/31,0.009312942,0.019662667,0.017041334,0.002496316,0.002496316
2006/8/1,0.005931585,0.020063265,0.014702778,0.004284427,0.004284427
2006/8/2,0.002150054,0.013186665,0.01203032,0.00231134,0.00231134
2006/8/3,0.00071269,0.010508273,0.011871234,0.00136311,0.00136311
2006/8/4,0.000244157,0.012826467,0.014192752,9.50E-04,0.000949587
2006/8/5,0.000158124,0.014281498,0.026387168,6.89E-04,0.00068911
2006/8/6,0.000223113,0.01844304,0.019849531,9.61E-04,0.000961175
2006/8/7,0.002608673,0.021999225,0.013451601,9.21E-04,0.00092065
2006/8/8,0.003000779,0.01735024,0.009313436,4.75E-04,0.000474885
2006/8/9,0.00415823,0.014814384,0.010572631,0.003212475,0.003212475
2006/8/10,0.007111677,0.023971589,0.010849726,0.020538303,0.020538303
2006/8/11,0.022406262,0.037145961,0.013703203,0.02081317,0.02081317
2006/8/12,0.016451457,0.032333755,0.01219613,0.012369016,0.012369016
2006/8/13,0.010057875,0.026003219,0.0097083,0.006753867,0.006753867
2006/8/14,0.006853375,0.020189477,0.008313893,0.004774504,0.004774504
2006/8/15,0.005340343,0.014911799,0.00575577,0.002428513,0.002428513
2006/8/16,0.002498204,0.013451206,0.004881582,9.33E-04,0.000933199
2006/8/17,0.005052552,0.011322665,0.004567447,3.79E-04,0.000379163
2006/8/18,0.015976274,0.023723359,0.009120982,9.20E-04,0.000920005
2006/8/19,0.074923113,0.051962884,0.007151933,0.001308652,0.001308652
2006/8/20,0.100519137,0.039963274,0.005399219,6.43E-04,0.00064258
2006/8/21,0.078494723,0.051454216,0.006537943,8.65E-04,0.000864912
2006/8/22,0.062832864,0.04152441,0.006856734,0.001130677,0.001130677
2006/8/23,0.043433388,0.054485095,0.005456728,7.14E-04,0.000714403
2006/8/24,0.029975019,0.041858652,0.003887239,3.87E-04,0.000387283
2006/8/25,0.020266433,0.043310074,0.005292369,5.61E-04,0.000560564
2006/8/26,0.028909876,0.054477404,0.095010956,0.030927677,0.030927677
2006/8/27,0.087515368,0.056607241,0.283154337,0.062864405,0.062864405
2006/8/28,0.121659115,0.066786013,0.35213853,0.057199514,0.057199514
2006/8/29,0.174540983,0.089587161,0.492542566,0.110759226,0.110759226
2006/8/30,0.093346325,0.085369316,0.453238442,0.099905017,0.099905017
2006/8/31,0.104592882,0.096701152,0.256750681,0.10019652,0.10019652
2006/9/1,0.184037533,0.12888115,0.155633309,0.14740352,0.14740352
2006/9/2,0.221534698,0.146182529,0.102438505,0.159011262,0.159011262
2006/9/3,0.227504834,0.119562577,0.042814627,0.128099526,0.128099526
2006/9/4,0.224892775,0.107800339,0.025483124,0.093733175,0.093733175
2006/9/5,0.14936173,0.054463669,0.014703842,0.038517828,0.038517828
2006/9/6,0.175502064,0.051399827,0.020154503,0.05452231,0.05452231
2006/9/7,0.634518751,0.189512709,0.080732945,0.146350939,0.146350939
2006/9/8,0.821369477,0.636616134,0.242901026,0.437879089,0.437879089
2006/9/9,0.5876893,0.449299171,0.206440957,0.351065616,0.351065616
2006/9/10,0.217149177,0.078039787,0.060650797,0.090156881,0.090156881
2006/9/11,0.106524059,0.059134752,0.024052494,0.041186584,0.041186584
2006/9/12,0.268534,0.125425252,0.015443899,0.046359907,0.046359907
2006/9/13,0.723740138,0.225959956,0.01490281,0.061895375,0.061895375
2006/9/14,0.886083234,0.144594922,0.008165747,0.029036103,0.029036103
2006/9/15,0.864638566,0.057697653,0.005958273,0.019654996,0.019654996
2006/9/16,0.790061098,0.042756963,0.08122006,0.048587661,0.048587661
2006/9/17,0.491384499,0.070942209,0.166465808,0.074660834,0.074660834
2006/9/18,0.469827354,0.078046571,0.325856373,0.145703813,0.145703813
2006/9/19,0.286548859,0.255697134,0.566150723,0.518980092,0.518980092
2006/9/20,0.407678697,0.512520314,0.556762324,0.794053845,0.794053845
2006/9/21,0.47004009,0.221706769,0.299615862,0.363847549,0.363847549
2006/9/22,0.317597263,0.130768856,0.151945036,0.158925783,0.158925783
2006/9/23,0.210880181,0.141740425,0.193222549,0.151170718,0.151170718
2006/9/24,0.216424859,0.139381859,0.28724074,0.189167745,0.189167745
2006/9/25,0.246891516,0.231738905,0.321310135,0.432263476,0.432263476
2006/9/26,0.272287296,0.187535787,0.197501499,0.271264266,0.271264266
2006/9/27,0.325815474,0.458919697,0.159029915,0.656528375,0.656528375
2006/9/28,0.321647532,0.338786009,0.151160701,0.341650396,0.341650396
2006/9/29,0.277861353,0.226108325,0.102279615,0.176221806,0.176221806
2006/9/30,0.236789072,0.138963987,0.183571171,0.109455417,0.109455417
2006/10/1,0.217536869,0.216195019,0.188537909,0.133373005,0.133373005
2006/10/2,0.163979048,0.198886369,0.031785087,0.061161503,0.061161503
2006/10/3,0.103532123,0.279551279,0.119664463,0.112405822,0.112405822
2006/10/4,0.151371728,0.309190167,0.149182169,0.140062303,0.140062303
2006/10/5,0.181389034,0.175007556,0.043479993,0.062761091,0.062761091
2006/10/6,0.114041607,0.108907864,0.111687003,0.072236203,0.072236203
2006/10/7,0.17722213,0.203452134,0.131417436,0.078003152,0.078003152
2006/10/8,0.084463757,0.330926804,0.146142138,0.141138091,0.141138091
2006/10/9,0.07744431,0.345531495,0.205855869,0.212943372,0.212943372
2006/10/10,0.090794211,0.571152369,0.345562385,0.455372018,0.455372018
2006/10/11,0.218916611,0.450071347,0.246744039,0.360067967,0.360067967
2006/10/12,0.059226235,0.153257199,0.222338367,0.153666566,0.153666566
2006/10/13,0.032157569,0.07027506,0.083960162,0.085234352,0.085234352
2006/10/14,0.027343636,0.06401584,0.132410881,0.146252417,0.146252417
2006/10/15,0.014994773,0.028477743,0.064091346,0.050324461,0.050324461
2006/10/16,0.01827451,0.082550917,0.124682143,0.111316182,0.111316182
2006/10/17,0.024060371,0.072463342,0.146122738,0.149923716,0.149923716
2006/10/18,0.0165656,0.033559982,0.097426703,0.080225507,0.080225507
2006/10/19,0.019014758,0.065313815,0.243178061,0.202260533,0.202260533
2006/10/20,0.021700463,0.11966318,0.307291133,0.326365359,0.326365359
2006/10/21,0.017215249,0.107118289,0.272990794,0.414250779,0.414250779
2006/10/22,0.033885333,0.254605527,0.362386174,0.458997089,0.458997089
2006/10/23,0.027986777,0.123292551,0.23330702,0.229956443,0.229956443
2006/10/24,0.001320541,0.032775846,0.327935261,0.156088247,0.156088247
2006/10/25,0.006675171,0.063822878,0.211390259,0.174424525,0.174424525
2006/10/26,0.020496827,0.115472669,1.983388006,1.00943582,1.00943582
2006/10/27,0.010868071,0.112423787,2.342173235,0.984579187,0.984579187
2006/10/28,0.044314952,0.136543322,1.443883389,0.403878125,0.403878125
2006/10/29,0.044535228,0.144945525,1.619747725,0.698776114,0.698776114
2006/10/30,0.03189286,0.109011632,2.520371334,0.785565351,0.785565351
2006/10/31,0.048269423,0.204722281,1.273764616,0.705573486,0.705573486
2006/11/1,0.039434681,0.081657733,0.309576037,0.186344214,0.186344214
2006/11/2,0.034777998,0.046071925,0.318283216,0.141402264,0.141402264
2006/11/3,0.003939161,0.004405315,0.115938389,0.041662493,0.041662493
2006/11/4,0.001190036,0.082939288,0.571298644,0.691306618,0.691306618
2006/11/5,0.002663336,0.020320461,0.839180009,0.607499843,0.607499843
2006/11/6,0.011326255,0.024310765,0.260638835,0.265015097,0.265015097
2006/11/7,0.003300269,0.021218301,0.267546943,0.289022292,0.289022292
2006/11/8,0.002696329,0.01169507,0.026588251,0.02427321,0.02427321
2006/11/9,0.00312263,0.010750818,0.143591288,0.025712359,0.025712359
2006/11/10,0.008154439,0.018573682,0.190444306,0.051832427,0.051832427
2006/11/11,0.006046529,0.008339262,0.062661067,0.020290624,0.020290624
2006/11/12,0.004017799,0.00251625,0.481822922,0.031310528,0.031310528
2006/11/13,0.003610917,0.008764232,0.322644855,0.04936631,0.04936631
2006/11/14,0.002630193,0.008152555,0.048685632,0.024159651,0.024159651
2006/11/15,0.002559932,0.00746186,0.02856917,0.018011458,0.018011458
2006/11/16,0.001842247,0.003214556,0.013483872,0.009348699,0.009348699
2006/11/17,0.001194709,0.001955357,0.011231841,0.00835215,0.00835215
2006/11/18,0.001591849,0.00205438,0.013158401,0.006609082,0.006609082
2006/11/19,0.000432155,0.001004165,0.006293659,0.0039048,0.0039048
2006/11/20,7.92E-05,0.000297565,0.001166528,0.001938905,0.001938905
2006/11/21,0.000242609,0.000296156,0.002074407,0.002155335,0.002155335
2006/11/22,0.000354415,0.000163057,0.001800104,0.001154096,0.001154096
2006/11/23,0.000102605,0.000141563,0.001719137,0.001196878,0.001196878
2006/11/24,0.000137651,3.58E-05,0.000820694,2.90E-04,0.000290209
2006/11/25,6.78E-06,5.68E-06,0.00017553,3.09E-04,0.000309027
2006/11/26,0,0,8.74E-05,2.02E-06,2.02E-06
2006/11/27,0.001093623,0.000280074,9.78E-05,6.05E-05,6.05E-05
2006/11/28,0.000712683,5.02E-05,4.15E-05,5.12E-04,0.000512018
2006/11/29,0,1.91E-06,0.000101499,5.72E-04,0.000572075
2006/11/30,2.79E-08,3.10E-06,9.34E-05,6.18E-04,0.00061833
2006/12/1,0,0,0.000208184,7.83E-05,7.83E-05
2006/12/2,1.01E-05,0,9.17E-05,1.76E-05,1.76E-05
2006/12/3,6.17E-06,2.67E-08,0.000103147,4.05E-05,4.05E-05
2006/12/4,0,2.59E-07,6.76E-05,1.36E-04,0.000135966
2006/12/5,1.21E-05,0,8.39E-05,2.36E-04,0.000235546
2006/12/6,4.03E-06,0,2.99E-05,5.05E-05,5.05E-05
2006/12/7,1.39E-07,0.001450026,0.033897701,0.020753396,0.020753396
2006/12/8,0,0.003694869,0.186645302,0.031934768,0.031934768
2006/12/9,1.03E-06,0,0.000525657,1.34E-04,0.000134003
2006/12/10,2.86E-05,0.001203176,0.05201836,0.010888479,0.010888479
2006/12/11,3.56E-05,0.001165576,0.069528925,0.016703363,0.016703363
2006/12/12,7.72E-05,0.001872865,0.022423568,0.013862416,0.013862416
2006/12/13,5.80E-05,0.002804796,0.064366708,0.015409088,0.015409088
2006/12/14,0,0,0,4.03E-07,4.03E-07
2006/12/15,0,0,1.00E-05,5.31E-05,5.31E-05
2006/12/16,3.55E-07,0,0.000153418,1.25E-04,0.000125062
2006/12/17,7.55E-06,0,1.73E-05,6.07E-06,6.07E-06
2006/12/18,1.22E-05,3.43E-06,6.85E-05,2.29E-04,0.000229196
2006/12/19,2.85E-05,0,0.002378919,4.76E-04,0.000476021
2006/12/20,9.17E-06,0,3.36E-05,1.66E-04,0.000166083
2006/12/21,2.93E-07,0,1.86E-05,1.94E-04,0.00019391
2006/12/22,5.73E-05,4.39E-07,0.001629756,5.66E-04,0.000565745
2006/12/23,2.73E-05,2.19E-06,0.000530195,2.25E-04,0.000225325
2006/12/24,7.58E-06,1.49E-05,0.000433412,2.56E-04,0.000255852
2006/12/25,1.10E-10,-4.28E-11,1.28E-06,6.10E-06,6.10E-06
2006/12/26,0,0,1.92E-05,1.32E-09,1.32E-09
2006/12/27,0,0,6.71E-08,3.12E-06,3.12E-06
2006/12/28,1.02E-06,0,2.93E-06,8.40E-06,8.40E-06
2006/12/29,0,0,1.48E-07,1.23E-06,1.23E-06
2006/12/30,9.78E-08,0,4.41E-06,6.97E-05,6.97E-05
2006/12/31,2.14E-05,1.76E-06,7.17E-05,1.02E-04,0.000101803
2007/1/1,5.94E-06,0,0.000719879,4.72E-05,4.72E-05
2007/1/2,1.90E-05,7.24E-07,0.011666844,0.004137784,0.004137784
2007/1/3,2.20E-07,0,6.68E-06,0,0
2007/1/4,0,0,0,0,0
2007/1/5,0,0,0,1.40E-06,1.40E-06
2007/1/6,0,0,0,0,0
2007/1/7,0,0,2.51E-06,0,0
2007/1/8,0,0,2.35E-06,0,0
2007/1/9,0,0,4.15E-05,1.55E-05,1.55E-05
2007/1/10,0,0,3.41E-05,9.21E-06,9.21E-06
2007/1/11,1.84E-05,0,3.11E-05,0,0
2007/1/12,0,0,1.61E-05,1.57E-06,1.57E-06
2007/1/13,6.10E-07,6.69E-07,5.25E-05,7.92E-09,7.92E-09
2007/1/14,0,0,0.001871342,1.37E-07,1.37E-07
2007/1/15,4.73E-06,1.76E-06,0.00015907,3.66E-06,3.66E-06
2007/1/16,8.44E-06,0,0.000243607,5.77E-05,5.77E-05
2007/1/17,4.23E-06,0,0.000494781,1.38E-04,0.000138221
2007/1/18,1.04E-05,2.14E-06,0.000210213,4.44E-05,4.44E-05
2007/1/19,0,0,0.00032715,1.81E-05,1.81E-05
2007/1/20,6.80E-06,4.12E-06,0.003027998,2.72E-04,0.000271814
2007/1/21,0,0,0.000107861,5.79E-08,5.79E-08
2007/1/22,0,5.37E-08,0.000104487,-2.73E-11,-2.73E-11
2007/1/23,8.86E-08,2.05E-06,0.00012566,6.14E-07,6.14E-07
2007/1/24,0,0,0.038976754,0.016580996,0.016580996
2007/1/25,7.09E-06,5.55E-08,0.058397667,0.04023908,0.04023908
2007/1/26,-2.19E-11,0,0.000194332,7.91E-08,7.91E-08
2007/1/27,0.000119062,2.77E-05,0.002162174,5.86E-04,0.00058586
2007/1/28,0.000234101,7.60E-05,0.005814516,0.002591855,0.002591855
2007/1/29,4.56E-05,2.42E-05,0.006077225,0.001472632,0.001472632
2007/1/30,0.007494954,0.018296396,0.00718986,0.004765638,0.004765638
2007/1/31,0.045067932,0.1469721,0.012090092,0.006758661,0.006758661
2007/2/1,0.009073158,0.016748704,0.039087364,0.016205227,0.016205227
2007/2/2,0.006899097,0.004628942,0.021075438,0.008376773,0.008376773
2007/2/3,0.007993456,0.007503313,0.008518646,0.005646446,0.005646446
2007/2/4,0.000899216,0.000354544,0.014245848,0.005060718,0.005060718
2007/2/5,0.000138544,0.000219069,0.007129884,0.001950642,0.001950642
2007/2/6,0.000838952,0.000546826,0.016555081,0.004545263,0.004545263
2007/2/7,0.001224106,0.000863684,0.012217427,0.006535821,0.006535821
2007/2/8,0.000621551,0.001692564,0.016501313,0.005651076,0.005651076
2007/2/9,0.000392977,0.000246674,0.01259491,0.003980454,0.003980454
2007/2/10,0.001435929,0.001298252,0.017781865,0.004973542,0.004973542
2007/2/11,0.000502451,0.001098519,0.010387385,0.001956147,0.001956147
2007/2/12,4.37E-05,0.000111725,0.001553831,5.61E-04,0.000560526
2007/2/13,0.00017447,5.85E-05,0.002549101,0.001315445,0.001315445
2007/2/14,0.000819475,0.000808186,0.01376124,0.006318871,0.006318871
2007/2/15,0.000684258,0.000633218,0.016122091,0.005594102,0.005594102
2007/2/16,1.74E-06,6.34E-06,0.000624226,2.16E-04,0.000216266
2007/2/17,0.000157453,0.000102343,0.003747053,0.001851073,0.001851073
2007/2/18,0.001066965,0.000924988,0.031454106,0.007978326,0.007978326
2007/2/19,0.000716838,0.001038052,0.015992025,0.006666039,0.006666039
2007/2/20,0.000765924,0.001099054,0.036050038,0.007462338,0.007462338
2007/2/21,2.43E-05,5.89E-07,0.002249515,4.83E-04,0.000482734
2007/2/22,3.31E-05,1.66E-05,0.002191179,5.93E-04,0.000593152
2007/2/23,0.000561106,0.000427074,0.016688807,0.006637838,0.006637838
2007/2/24,0.002459289,0.002506067,0.032374845,0.012842052,0.012842052
2007/2/25,0.000402579,0.000170903,0.014998652,0.002667809,0.002667809
2007/2/26,0.002210635,0.001223759,0.023073808,0.008813248,0.008813248
2007/2/27,0.023521576,0.015749495,0.092932208,0.050520219,0.050520219
2007/2/28,0.001987535,0.003252547,0.003096631,0.003403442,0.003403442
2007/3/1,1.78E-05,2.20E-05,0.000112809,2.16E-04,0.000216241
2007/3/2,0.000639114,0.001171087,0.002105135,0.002618241,0.002618241
2007/3/3,0.000235963,0.000383741,0.006932283,0.002076839,0.002076839
2007/3/4,0.00016381,0.000102411,0.002655242,0.001385481,0.001385481
2007/3/5,0.000308917,0.00055796,0.005651541,0.002746402,0.002746402
2007/3/6,0.000643741,0.00123059,0.024834269,0.003161622,0.003161622
2007/3/7,0.001293633,0.001610723,0.054148126,0.004753686,0.004753686
2007/3/8,2.38E-05,0.000170097,0.005095338,7.62E-05,7.62E-05
2007/3/9,2.82E-05,5.57E-06,0.000630486,1.11E-04,0.000110967
2007/3/10,0.000178953,0.000315798,0.005120706,0.001373955,0.001373955
2007/3/11,0.001742124,0.002233224,0.037129561,0.010694276,0.010694276
2007/3/12,0.001285019,0.001635609,0.029570492,0.006589398,0.006589398
2007/3/13,0.00034604,0.000271826,0.00170842,1.00E-03,0.000999915
2007/3/14,0.000936616,0.001615077,0.018598167,0.005633614,0.005633614
2007/3/15,0.001298482,0.00190103,0.016973327,0.01078607,0.01078607
2007/3/16,0.004070278,0.00393504,0.042441066,0.023302369,0.023302369
2007/3/17,0.008255606,0.009294976,0.111338156,0.044692659,0.044692659
2007/3/18,0.01160293,0.013419851,0.100932105,0.066970208,0.066970208
2007/3/19,0.018397881,0.030664,0.158560087,0.114869782,0.114869782
2007/3/20,0.031072857,0.045735861,0.161487582,0.146503927,0.146503927
2007/3/21,0.044342316,0.063488055,0.305246096,0.150615593,0.150615593
2007/3/22,0.025444071,0.030377128,0.423594057,0.121241839,0.121241839
2007/3/23,0.001617254,0.005652287,0.088896381,0.051220085,0.051220085
2007/3/24,0.004535236,0.034436134,0.441433947,0.63238652,0.63238652
2007/3/25,0.001815378,0.008161029,0.084767495,0.068288847,0.068288847
2007/3/26,0.004278415,0.011181622,0.110379099,0.060475654,0.060475654
2007/3/27,0.005815269,0.016540649,0.191104422,0.16713055,0.16713055
2007/3/28,0.009585705,0.019735548,0.133853134,0.097767063,0.097767063
2007/3/29,0.011400469,0.009936116,0.105130977,0.062546556,0.062546556
2007/3/30,0.000388137,0.001801368,0.174289342,0.091273428,0.091273428
2007/3/31,0.002436883,0.013600545,0.756138031,0.231456558,0.231456558
2007/4/1,0.001814877,0.003190847,0.575980708,0.040564669,0.040564669
2007/4/2,0.018777147,0.027545699,0.245489175,0.093839758,0.093839758
2007/4/3,0.036678438,0.069583192,0.691905679,0.232624916,0.232624916
2007/4/4,0.049489571,0.094701722,0.704907901,0.340448872,0.340448872
2007/4/5,0.061176803,0.116969049,2.393026979,0.44850632,0.44850632
2007/4/6,0.086339691,0.337264192,3.679092137,1.440250808,1.440250808
2007/4/7,0.36017267,1.512698307,4.301332651,2.038773262,2.038773262
2007/4/8,0.479038528,2.629755644,6.120906815,3.737845758,3.737845758
2007/4/9,0.258435881,2.651245776,5.929516804,3.74138408,3.74138408
2007/4/10,0.258493507,2.023262491,5.520403929,3.217529723,3.217529723
2007/4/11,0.323294136,1.274984433,4.025378221,2.604518828,2.604518828
2007/4/12,0.323698866,0.901279877,1.55136574,1.450844276,1.450844276
2007/4/13,0.261174612,0.430964462,1.40780755,1.314706181,1.314706181
2007/4/14,0.356700064,0.596720003,1.825288946,2.146975696,2.146975696
2007/4/15,0.350452744,0.847751637,2.039526072,1.951559474,1.951559474
2007/4/16,0.327637048,0.955898809,2.357300295,1.894347624,1.894347624
2007/4/17,0.308295543,1.285142933,2.783800606,2.609896771,2.609896771
2007/4/18,0.573633431,2.014650005,2.928331242,2.645832573,2.645832573
2007/4/19,0.664010587,2.257513909,3.607767581,2.951304867,2.951304867
2007/4/20,0.726898421,2.882224726,5.132146969,4.079805766,4.079805766
2007/4/21,0.475462225,2.643390858,6.477478315,5.120785477,5.120785477
2007/4/22,0.820018793,2.787564169,7.928147932,5.893715425,5.893715425
2007/4/23,0.535696401,3.424798103,8.577550553,7.524875052,7.524875052
2007/4/24,0.670168975,3.99934976,6.792957202,6.862172887,6.862172887
2007/4/25,0.724267553,3.980601211,5.184788604,6.473864235,6.473864235
2007/4/26,1.912152859,3.678052059,6.11023723,5.223082268,5.223082268
2007/4/27,0.820490602,2.531258544,2.788261405,3.839369958,3.839369958
2007/4/28,0.608237221,2.015569088,2.906264159,3.977811975,3.977811975
2007/4/29,0.851511406,2.180500933,3.566133032,3.731564325,3.731564325
2007/4/30,1.62914203,3.371026865,5.273294905,4.423606948,4.423606948
2007/5/1,2.341902086,3.817337929,2.310706009,3.725923648,3.725923648
2007/5/2,1.050840045,3.108398365,1.253485798,2.068505377,2.068505377
2007/5/3,0.735382517,3.217028028,2.208625882,2.014936663,2.014936663
2007/5/4,0.894185601,3.586168565,3.04524847,2.788228108,2.788228108
2007/5/5,1.697383517,4.615410381,1.891075736,3.352397023,3.352397023
2007/5/6,1.701160421,2.410253311,1.563883952,1.134227318,1.134227318
2007/5/7,1.196732899,1.500346926,1.67223141,1.295969557,1.295969557
2007/5/8,1.869838268,1.466486468,2.43547882,1.693802264,1.693802264
2007/5/9,2.659842221,2.085518268,2.261401365,2.385320052,2.385320052
2007/5/10,2.778169333,2.084859457,1.206976457,1.829105819,1.829105819
2007/5/11,2.761849108,2.274586664,1.188072954,0.954484902,0.954484902
2007/5/12,3.324446659,2.401850632,1.762573636,1.289641597,1.289641597
2007/5/13,5.512945472,2.76886592,1.493819545,2.056232516,2.056232516
2007/5/14,5.436322649,2.70309853,1.136473316,1.780939206,1.780939206
2007/5/15,4.044097673,2.365816713,1.696686966,2.239581147,2.239581147
2007/5/16,3.623102057,2.166741972,2.248323991,2.704646541,2.704646541
2007/5/17,4.217317534,2.200095824,2.260901169,2.407935697,2.407935697
2007/5/18,5.239768172,3.189233938,1.960870053,2.506965831,2.506965831
2007/5/19,4.117255081,2.533579371,1.773030765,2.174132354,2.174132354
2007/5/20,2.771676954,2.523911355,1.33921529,2.826808579,2.826808579
2007/5/21,2.461085868,2.637397396,1.256000516,2.856843894,2.856843894
2007/5/22,3.037384382,2.877998263,1.134994236,2.59635919,2.59635919
2007/5/23,4.307413669,3.35387006,1.244721466,3.195039496,3.195039496
2007/5/24,5.120405177,3.751721855,1.605698008,3.792825726,3.792825726
2007/5/25,5.057445413,3.389918289,1.564385476,3.542321683,3.542321683
2007/5/26,5.234659552,3.345897309,1.772734063,3.730978439,3.730978439
2007/5/27,5.364014688,3.621181696,1.592368106,3.182213164,3.182213164
2007/5/28,5.101165605,2.960251079,1.161657277,3.158960187,3.158960187
2007/5/29,4.346840698,2.117480631,1.067652582,1.793441582,1.793441582
2007/5/30,2.682985519,1.627529045,1.518684419,2.284948752,2.284948752
2007/5/31,2.151950706,1.570177894,1.232767351,1.669706313,1.669706313
2007/6/1,2.12148614,1.334373117,1.300158335,1.664455856,1.664455856
2007/6/2,2.267825809,1.937541101,2.173293411,3.282253328,3.282253328
2007/6/3,2.615954787,2.184282319,2.06270823,3.429333491,3.429333491
2007/6/4,2.724944069,2.493714796,2.256240259,3.712831122,3.712831122
2007/6/5,2.606955448,2.10870396,1.757491115,2.856471966,2.856471966
2007/6/6,2.478146112,1.540361281,1.135305067,2.268388586,2.268388586
2007/6/7,1.705042066,1.130211478,0.842354186,1.73820229,1.73820229
2007/6/8,1.623672164,1.141616988,0.759236113,1.644325742,1.644325742
2007/6/9,1.645937618,1.012327529,0.732803384,1.621298979,1.621298979
2007/6/10,1.754360344,1.025305371,0.735767788,1.727820656,1.727820656
2007/6/11,2.443037373,1.242752992,0.541616392,1.874933507,1.874933507
2007/6/12,2.468467295,0.973303631,0.455374147,1.240601362,1.240601362
2007/6/13,2.317154693,0.836453022,0.447537293,0.836293927,0.836293927
2007/6/14,1.413173293,0.477607365,0.498145782,0.498927689,0.498927689
2007/6/15,1.339580212,0.51488362,0.518637048,0.461323114,0.461323114
2007/6/16,1.321274897,0.480328805,0.513010495,0.421748606,0.421748606
2007/6/17,1.162516605,0.454362272,0.459595933,0.357849301,0.357849301
2007/6/18,1.033565621,0.365747318,0.363019389,0.227124858,0.227124858
2007/6/19,0.733010723,0.215890832,0.252236739,0.15089866,0.15089866
2007/6/20,0.823222025,0.206141523,0.298926742,0.133257311,0.133257311
2007/6/21,0.771059538,0.167634546,0.290929901,0.09509312,0.09509312
2007/6/22,0.651620164,0.128776161,0.249478399,0.077603853,0.077603853
2007/6/23,0.539804089,0.106747565,0.208590388,0.058310781,0.058310781
2007/6/24,0.434679586,0.081687615,0.163524381,0.042589742,0.042589742
2007/6/25,0.291279919,0.055629542,0.159449963,0.049744887,0.049744887
2007/6/26,0.183291422,0.04810645,0.173953886,0.04382614,0.04382614
2007/6/27,0.127516337,0.050705038,0.180397993,0.027029705,0.027029705
2007/6/28,0.099237596,0.046660127,0.166975517,0.018267964,0.018267964
2007/6/29,0.055191911,0.04717257,0.153991425,0.013665736,0.013665736
2007/6/30,0.028255438,0.042101072,0.118682307,0.009908291,0.009908291
2007/7/1,0.020596566,0.042521327,0.09756894,0.010928641,0.010928641
2007/7/2,0.04095474,0.041895416,0.088259039,0.009238202,0.009238202
2007/7/3,0.108696536,0.05273656,0.090075081,0.0091157,0.0091157
2007/7/4,0.131315655,0.040648827,0.087780618,0.007690601,0.007690601
2007/7/5,0.262966371,0.032174853,0.070150759,0.006135252,0.006135252
2007/7/6,0.255912437,0.029917894,0.054301947,0.005814723,0.005814723
2007/7/7,0.214533304,0.027573918,0.049797407,0.006322414,0.006322414
2007/7/8,0.131600805,0.03214146,0.040326669,0.00531385,0.00531385
2007/7/9,0.048368205,0.02614776,0.032560291,0.003910722,0.003910722
2007/7/10,0.049108014,0.026040944,0.034655592,0.003823457,0.003823457
2007/7/11,0.155422985,0.025860413,0.031100206,0.003317774,0.003317774
2007/7/12,0.066124971,0.025111924,0.023783368,0.002433738,0.002433738
2007/7/13,0.056470701,0.024845513,0.043594895,0.004258281,0.004258281
2007/7/14,0.057419598,0.026648274,0.038269053,0.003307637,0.003307637
2007/7/15,0.067818907,0.020702515,0.039128609,0.003096655,0.003096655
2007/7/16,0.035284262,0.022704534,0.025761069,0.001817461,0.001817461
2007/7/17,0.038191587,0.035148012,0.030236723,0.002190525,0.002190525
2007/7/18,0.101671213,0.042574897,0.036160066,0.003529964,0.003529964
2007/7/19,0.078242323,0.04091985,0.031693592,0.00376058,0.00376058
2007/7/20,0.074926373,0.038986952,0.021088358,0.003130174,0.003130174
2007/7/21,0.055628565,0.044447753,0.011281808,0.001780702,0.001780702
2007/7/22,0.03226144,0.038041114,0.017202117,0.001352813,0.001352813
2007/7/23,0.012767391,0.027449009,0.012694636,8.43E-04,0.000843421
2007/7/24,0.002299595,0.018876387,0.011815864,0.001255127,0.001255127
2007/7/25,0.000400963,0.015614724,0.011628742,0.001251119,0.001251119
2007/7/26,6.61E-05,0.024397137,0.010709797,4.03E-04,0.000403314
2007/7/27,5.30E-05,0.027473935,0.011273367,1.84E-04,0.00018356
2007/7/28,5.87E-05,0.023973885,0.00837766,7.63E-05,7.63E-05
2007/7/29,7.42E-05,0.022827841,0.007918918,8.74E-05,8.74E-05
2007/7/30,0.000208934,0.027569395,0.006546796,0.014950639,0.014950639
2007/7/31,0.000122663,0.025250923,0.006684755,0.050680843,0.050680843
2007/8/1,7.37E-05,0.020633408,0.006120992,0.029993306,0.029993306
2007/8/2,2.82E-05,0.015489496,0.006407783,0.009100358,0.009100358
2007/8/3,0.000273097,0.014919651,0.006037581,0.002913032,0.002913032
2007/8/4,0.001481498,0.014849384,0.005816226,8.08E-04,0.000807698
2007/8/5,0.000962634,0.020984659,0.006530872,2.15E-04,0.000215403
2007/8/6,0.000586941,0.021585232,0.00605284,6.29E-05,6.29E-05
2007/8/7,0.001533056,0.018528496,0.004674246,6.15E-04,0.000615193
2007/8/8,0.005198543,0.02435419,0.008207974,0.009979352,0.009979352
2007/8/9,0.005403553,0.024391733,0.008788125,0.010579495,0.010579495
2007/8/10,0.007731547,0.014676366,0.010306821,0.007550801,0.007550801
2007/8/11,0.008688773,0.010107669,0.006754266,0.003938567,0.003938567
2007/8/12,0.009213052,0.010826795,0.004876626,0.004209807,0.004209807
2007/8/13,0.006944619,0.016324376,0.005026023,0.002150519,0.002150519
2007/8/14,0.007525557,0.017600487,0.004722599,9.61E-04,0.00096143
2007/8/15,0.004768374,0.016023746,0.004253849,4.95E-04,0.000495227
2007/8/16,0.002907815,0.013343981,0.00316201,1.40E-04,0.000139864
2007/8/17,0.003293601,0.016765685,0.005051032,0.001648902,0.001648902
2007/8/18,0.001714396,0.015468527,0.006135362,0.003774113,0.003774113
2007/8/19,0.003378894,0.016336678,0.005082193,0.004258695,0.004258695
2007/8/20,0.004164404,0.013369877,0.004554903,0.003120132,0.003120132
2007/8/21,0.007178778,0.013541376,0.004125075,0.002217844,0.002217844
2007/8/22,0.018606827,0.011115753,0.005194819,0.005077239,0.005077239
2007/8/23,0.026298871,0.007247663,0.00400496,0.009776417,0.009776417
2007/8/24,0.028539162,0.008856846,0.00360602,0.007211461,0.007211461
2007/8/25,0.047739668,0.012888754,0.007035007,0.02519198,0.02519198
2007/8/26,0.109213193,0.016311653,0.012740905,0.058000744,0.058000744
2007/8/27,0.090429811,0.009828918,0.01881926,0.044574532,0.044574532
2007/8/28,0.050135935,0.008080034,0.014078239,0.029841293,0.029841293
2007/8/29,0.035414741,0.006542142,0.01171397,0.014136528,0.014136528
2007/8/30,0.01830803,0.005832331,0.007803101,0.014644198,0.014644198
2007/8/31,0.024973586,0.007759042,0.003710838,0.005482873,0.005482873
2007/9/1,0.058937992,0.008721641,0.003149845,0.002885337,0.002885337
2007/9/2,0.046155612,0.008909297,0.002741074,0.00153327,0.00153327
2007/9/3,0.046010949,0.00745163,0.001551981,0.001337181,0.001337181
2007/9/4,0.026931857,0.005607201,0.000977437,0.001153271,0.001153271
2007/9/5,0.051628982,0.054073761,0.003926542,0.006862096,0.006862096
2007/9/6,0.217670079,0.079280764,0.010831272,0.015749419,0.015749419
2007/9/7,0.111873328,0.08740942,0.01142609,0.01511344,0.01511344
2007/9/8,0.088450726,0.080428709,0.010902802,0.010771458,0.010771458
2007/9/9,0.185958794,0.057619707,0.009411159,0.007918625,0.007918625
2007/9/10,0.191187841,0.026426809,0.008396119,0.003566348,0.003566348
2007/9/11,0.210155331,0.044245088,0.005530816,0.020030073,0.020030073
2007/9/12,0.196819235,0.062469312,0.045385497,0.077553684,0.077553684
2007/9/13,0.131324648,0.060654561,0.062466046,0.07677411,0.07677411
2007/9/14,0.152715175,0.036021383,0.01936656,0.082327239,0.082327239
2007/9/15,0.211174625,0.049730602,0.012382656,0.066975662,0.066975662
2007/9/16,0.236929419,0.100640892,0.01642137,0.061165977,0.061165977
2007/9/17,0.222159169,0.206390974,0.031307796,0.196500219,0.196500219
2007/9/18,0.284809321,0.328753867,0.035898835,0.302006336,0.302006336
2007/9/19,0.270940736,0.359345674,0.054717366,0.328967767,0.328967767
2007/9/20,0.254873777,0.662297088,0.112745396,0.571991776,0.571991776
2007/9/21,0.213478934,0.452271558,0.10063758,0.393800026,0.393800026
2007/9/22,0.377103072,0.291156978,0.087129671,0.284824486,0.284824486
2007/9/23,0.419920614,0.266494142,0.083868761,0.217636772,0.217636772
2007/9/24,0.483599006,0.252867136,0.104639245,0.346998718,0.346998718
2007/9/25,0.328036727,0.49868702,0.162592098,0.518560743,0.518560743
2007/9/26,0.30780206,0.547380043,0.187342045,0.533111231,0.533111231
2007/9/27,0.327740481,0.340607011,0.159955942,0.334925607,0.334925607
2007/9/28,0.303525882,0.237229388,0.157044957,0.399096565,0.399096565
2007/9/29,0.197552953,0.316045901,0.170491604,0.358185035,0.358185035
2007/9/30,0.208526592,0.18383859,0.310236772,0.295109745,0.295109745
2007/10/1,0.218386181,0.419764146,0.305902693,0.747800451,0.747800451
2007/10/2,0.315726497,0.617777183,0.182997732,0.673108795,0.673108795
2007/10/3,0.336677639,0.317637219,0.125633731,0.375817472,0.375817472
2007/10/4,0.327119745,0.193862833,0.204106324,0.22213371,0.22213371
2007/10/5,0.155841075,0.13375031,0.44259268,0.387210432,0.387210432
2007/10/6,0.424203566,0.61835068,1.374223504,1.089532703,1.089532703
2007/10/7,0.307944316,0.50766529,0.872809329,0.729059139,0.729059139
2007/10/8,0.271553426,0.43959315,0.314142351,0.406755316,0.406755316
2007/10/9,0.112246917,0.12805182,0.17929666,0.245655514,0.245655514
2007/10/10,0.100155693,0.317874731,0.251435709,0.38152292,0.38152292
2007/10/11,0.177288694,0.321109117,0.198789184,0.495959455,0.495959455
2007/10/12,0.157801874,0.181603932,0.309537325,0.356958305,0.356958305
2007/10/13,0.118693351,0.1542031,0.48223864,0.433716482,0.433716482
2007/10/14,0.130231332,0.338349629,0.675360585,0.719646038,0.719646038
2007/10/15,0.119029936,0.331496249,0.461405231,0.587743567,0.587743567
2007/10/16,0.101771371,0.348731022,0.25785492,0.206932516,0.206932516
2007/10/17,0.041769776,0.076056912,0.48989924,0.296665092,0.296665092
2007/10/18,0.045478978,0.157942437,0.53190246,0.365419577,0.365419577
2007/10/19,0.060857599,0.169462575,0.700380849,0.500025026,0.500025026
2007/10/20,0.059515691,0.127933971,0.407588561,0.391081759,0.391081759
2007/10/21,0.056587859,0.118781927,0.545500638,0.203714111,0.203714111
2007/10/22,0.050156482,0.161868623,0.326561459,0.382850683,0.382850683
2007/10/23,0.038936794,0.079566209,0.241026297,0.169642827,0.169642827
2007/10/24,0.049141032,0.236250855,0.264221221,0.250097532,0.250097532
2007/10/25,0.039911223,0.156398709,0.126890171,0.183261829,0.183261829
2007/10/26,0.035082275,0.179824429,0.126395324,0.185838171,0.185838171
2007/10/27,0.010688382,0.026827497,0.063325916,0.105698305,0.105698305
2007/10/28,0.015485188,0.059784902,0.092931493,0.093558112,0.093558112
2007/10/29,0.050848991,0.261773448,0.121167742,0.19512898,0.19512898
2007/10/30,0.053274908,0.180029462,0.306888916,0.270939514,0.270939514
2007/10/31,0.021641712,0.113210655,0.314465076,0.36472788,0.36472788
2007/11/1,0.001776085,0.015270162,0.215028461,0.179787266,0.179787266
2007/11/2,0.003474909,0.052980854,0.063715144,0.125304269,0.125304269
2007/11/3,0.008400307,0.054156972,0.203080038,0.262692555,0.262692555
2007/11/4,0.016091162,0.166058532,0.23514693,0.359971905,0.359971905
2007/11/5,0.024060179,0.026101281,0.200844442,0.104762627,0.104762627
2007/11/6,0.022800217,0.016721672,0.113902202,0.068861952,0.068861952
2007/11/7,0.015254252,0.009779684,0.06484453,0.034436253,0.034436253
2007/11/8,0.008868506,0.012335631,0.082535386,0.056421807,0.056421807
2007/11/9,0.011131106,0.017572632,0.077079468,0.047061073,0.047061073
2007/11/10,0.013593173,0.012811403,0.047854888,0.031651558,0.031651558
2007/11/11,0.001851204,0.001871129,0.004893933,0.005273571,0.005273571
2007/11/12,0.00012662,0.000284873,0.009222708,0.006673472,0.006673472
2007/11/13,7.14E-05,0.000457726,0.001567018,0.003412347,0.003412347
2007/11/14,1.92E-05,0.000157942,0.005416991,0.005291452,0.005291452
2007/11/15,0.000161184,0.000502731,0.004458515,0.004774816,0.004774816
2007/11/16,0.000100209,0.000239512,0.009928914,0.003632851,0.003632851
2007/11/17,3.63E-05,7.79E-05,0.009042658,0.003674123,0.003674123
2007/11/18,4.45E-05,0.000107189,0.001490112,0.002252683,0.002252683
2007/11/19,0.00015445,0.000699362,0.004385312,0.006721804,0.006721804
2007/11/20,0.00062918,0.001855357,0.010459501,0.009331587,0.009331587
2007/11/21,0.001077839,0.001493038,0.012218917,0.005378031,0.005378031
2007/11/22,0.000201892,0.00957503,0.004259929,0.007034455,0.007034455
2007/11/23,0.000643322,0.009342551,0.004019094,0.00198671,0.00198671
2007/11/24,5.21E-07,1.12E-06,7.00E-06,6.29E-06,6.29E-06
2007/11/25,2.29E-07,0,2.12E-05,2.93E-04,0.000293451
2007/11/26,9.57E-05,5.90E-05,0.000667115,0.001349328,0.001349328
2007/11/27,7.69E-05,0.000165597,0.003028649,0.001171335,0.001171335
2007/11/28,0.001485015,0.000161866,0.001062295,0.001113042,0.001113042
2007/11/29,0.027299781,0.033136323,0.001041697,0.001233748,0.001233748
2007/11/30,0.069074988,0.097391559,0.000206219,7.07E-04,0.000707433
2007/12/1,0.046343116,0.064649667,0.000100538,8.99E-04,0.000899076
2007/12/2,0.000182196,4.78E-05,0.000480417,1.80E-04,0.000179972
2007/12/3,6.56E-05,5.27E-05,0.000802097,7.42E-04,0.000742202
2007/12/4,4.49E-05,6.41E-05,0.000301969,5.05E-04,0.00050544
2007/12/5,0.000253687,5.30E-05,0.000122403,0.001095721,0.001095721
2007/12/6,0.005410535,0.004393769,5.78E-05,3.49E-04,0.00034885
2007/12/7,4.44E-05,0.000448314,0.000179142,1.45E-04,0.000145268
2007/12/8,2.15E-06,0,3.94E-06,0,0
2007/12/9,5.55E-07,0,0,1.71E-05,1.71E-05
2007/12/10,0.006165214,0.001965793,6.25E-05,1.07E-05,1.07E-05
2007/12/11,0,0,9.06E-09,3.21E-06,3.21E-06
2007/12/12,0,0,0,4.00E-06,4.00E-06
2007/12/13,1.72E-06,0,0,4.45E-06,4.45E-06
2007/12/14,0,0,9.43E-05,6.81E-05,6.81E-05
2007/12/15,0,0,0,0,0
2007/12/16,0,0,0,2.79E-06,2.79E-06
2007/12/17,0,0,3.25E-07,9.53E-06,9.53E-06
2007/12/18,0,0,1.70E-05,3.62E-05,3.62E-05
2007/12/19,7.27E-06,0,5.84E-06,2.19E-04,0.000218761
2007/12/20,0,0,0.000140992,1.88E-04,0.000188317
2007/12/21,4.32E-08,0,3.77E-05,8.69E-05,8.69E-05
2007/12/22,0,7.40E-07,0.000126883,2.26E-05,2.26E-05
2007/12/23,8.98E-06,3.27E-06,0.000561261,2.54E-04,0.000254347
2007/12/24,2.81E-06,1.35E-05,0.000181963,3.38E-05,3.38E-05
2007/12/25,2.33E-06,4.14E-06,5.93E-05,8.79E-05,8.79E-05
2007/12/26,2.90E-06,1.10E-05,0.000464375,4.11E-05,4.11E-05
2007/12/27,0,0,0,0,0
2007/12/28,0,0,0,0,0
2007/12/29,0,0,0,0,0
2007/12/30,0,0,0,0,0
2007/12/31,0,0,2.04E-05,2.88E-06,2.88E-06
2008/1/1,0,0,0.000141515,2.15E-05,2.15E-05
2008/1/2,0,0,6.65E-06,1.03E-10,1.03E-10
2008/1/3,0,0,7.65E-06,1.95E-05,1.95E-05
2008/1/4,6.42E-10,2.64E-05,2.05E-05,0,0
2008/1/5,0,0,8.47E-06,0,0
2008/1/6,0,0,0,0,0
2008/1/7,0,0,0,0,0
2008/1/8,0,0,0,0,0
2008/1/9,0,0,0,0,0
2008/1/10,0,0,0,0,0
2008/1/11,0,0,1.21E-05,0,0
2008/1/12,0,0,0,0,0
2008/1/13,0,0,3.60E-06,0,0
2008/1/14,0,0,0.000738709,0,0
2008/1/15,0,0,0,0,0
2008/1/16,0,0,0,0,0
2008/1/17,0,0,0,0,0
2008/1/18,0,0,0,0,0
2008/1/19,0.00062069,6.85E-06,0,0,0
2008/1/20,0.026412422,0.074594028,0,0,0
2008/1/21,4.03E-07,0.000138452,0,0,0
2008/1/22,0.001435987,0.003921723,0,0,0
2008/1/23,0,0,0,0,0
2008/1/24,0,0,5.61E-08,0,0
2008/1/25,1.20E-06,0,2.55E-05,1.37E-05,1.37E-05
2008/1/26,0,0,0,0,0
2008/1/27,0,0,0,0,0
2008/1/28,0,0,0,0,0
2008/1/29,0,0,0,0,0
2008/1/30,8.22E-06,0,0.000130116,4.35E-05,4.35E-05
2008/1/31,1.02E-05,0,0,2.01E-05,2.01E-05
2008/2/1,5.22E-06,0,6.58E-08,1.56E-05,1.56E-05
2008/2/2,0,0,0.000150233,1.85E-06,1.85E-06
2008/2/3,0,0,5.40E-08,7.00E-06,7.00E-06
2008/2/4,0,0,1.58E-08,0,0
2008/2/5,0,0,4.59E-05,6.89E-07,6.89E-07
2008/2/6,3.06E-06,0,3.80E-05,1.37E-06,1.37E-06
2008/2/7,2.02E-05,1.57E-05,9.17E-05,4.11E-05,4.11E-05
2008/2/8,2.35E-05,3.32E-05,0.000162598,3.88E-05,3.88E-05
2008/2/9,4.83E-06,0,2.00E-07,0,0
2008/2/10,0,0,0,1.01E-07,1.01E-07
2008/2/11,0,0,1.66E-05,9.00E-07,9.00E-07
2008/2/12,6.65E-06,1.02E-05,0.00031248,7.62E-05,7.62E-05
2008/2/13,1.84E-05,1.91E-06,8.74E-05,1.52E-04,0.000152139
2008/2/14,7.18E-05,1.68E-05,0.000210194,1.69E-04,0.000168962
2008/2/15,7.62E-05,4.47E-05,0.003358462,3.52E-04,0.000352366
2008/2/16,0.000533755,0.00027562,0.001681846,0.001388329,0.001388329
2008/2/17,0.000356212,0.000485328,0.00493506,0.001409979,0.001409979
2008/2/18,0.000177561,0.000207565,0.009088977,0.002962697,0.002962697
2008/2/19,0.000725776,0.000485189,0.015200185,0.00410129,0.00410129
2008/2/20,0.000176283,9.99E-05,0.001087425,7.31E-05,7.31E-05
2008/2/21,5.18E-05,0.000261947,0.006455847,0.001266784,0.001266784
2008/2/22,0.001210956,0.000181662,0.006059505,0.002630781,0.002630781
2008/2/23,0.000537979,9.61E-05,0.003202779,0.002881057,0.002881057
2008/2/24,0.000156739,0.000202963,0.00523502,0.001034182,0.001034182
2008/2/25,9.93E-05,8.20E-05,0.003859035,0.002508162,0.002508162
2008/2/26,0.002610309,0.002330516,0.047385073,0.012175782,0.012175782
2008/2/27,0.004005275,0.00477113,0.049697071,0.016560739,0.016560739
2008/2/28,0.005468475,0.004502291,0.058481228,0.021234433,0.021234433
2008/2/29,0.003849918,0.003653393,0.018943621,0.009096888,0.009096888
2008/3/1,0.001903859,0.001508467,0.038893246,0.013496385,0.013496385
2008/3/2,0.018674968,0.014234214,0.134396202,0.066909856,0.066909856
2008/3/3,0.027700616,0.024634451,0.184224893,0.093987331,0.093987331
2008/3/4,0.011721467,0.009855444,0.108803031,0.038721489,0.038721489
2008/3/5,0.016860024,0.016601466,0.099033196,0.050972209,0.050972209
2008/3/6,0.032343375,0.045768046,0.18604689,0.11769778,0.11769778
2008/3/7,0.050216019,0.061651567,0.249550526,0.163054334,0.163054334
2008/3/8,0.027757535,0.038020268,0.135048558,0.099789005,0.099789005
2008/3/9,0.019160327,0.03582637,0.150087021,0.089431456,0.089431456
2008/3/10,0.025248528,0.027025479,0.193684732,0.119129111,0.119129111
2008/3/11,0.007216299,0.010552289,0.049473866,0.028681636,0.028681636
2008/3/12,7.72E-05,0.00020963,0.00596587,0.004492197,0.004492197
2008/3/13,0.002949956,0.003678047,0.017502359,0.00757765,0.00757765
2008/3/14,0.001594265,0.002537324,0.015602482,0.009069199,0.009069199
2008/3/15,0.013433121,0.013011766,0.09431312,0.048098014,0.048098014
2008/3/16,0.023104558,0.026039529,0.126746998,0.083952708,0.083952708
2008/3/17,0.000349154,0.000114349,0.012816662,0.006262245,0.006262245
2008/3/18,0.003116996,0.003491969,0.048226015,0.024153983,0.024153983
2008/3/19,0.01560489,0.016522664,0.095364639,0.049971005,0.049971005
2008/3/20,0.006693648,0.014176837,0.104790656,0.052597685,0.052597685
2008/3/21,0.0148547,0.009716533,0.047924861,0.042320462,0.042320462
2008/3/22,0.006991439,0.018821832,0.08350911,0.066363363,0.066363363
2008/3/23,0.021811052,0.045498413,0.449437004,0.153195754,0.153195754
2008/3/24,0.04751632,0.094608092,1.373903094,0.328092185,0.328092185
2008/3/25,0.055880327,0.047973596,0.176654618,0.103808942,0.103808942
2008/3/26,0.037538883,0.03736253,0.697342442,0.217634187,0.217634187
2008/3/27,0.040245917,0.043263524,1.095153815,0.443616162,0.443616162
2008/3/28,0.039134138,0.126160655,1.332953907,0.618815084,0.618815084
2008/3/29,0.016446326,0.044241954,1.061539779,0.286499881,0.286499881
2008/3/30,0.009953082,0.014314167,0.62478799,0.19881323,0.19881323
2008/3/31,0.037228067,0.087737319,0.284794584,0.114998277,0.114998277
2008/4/1,0.083090581,0.444271903,0.511341847,0.254945706,0.254945706
2008/4/2,0.050277837,0.559270815,1.145682106,0.669875145,0.669875145
2008/4/3,0.07527084,0.326605569,0.546716434,0.301356616,0.301356616
2008/4/4,0.105312577,0.459964425,0.289093873,0.21322542,0.21322542
2008/4/5,0.088830085,0.347675569,0.337466245,0.223087623,0.223087623
2008/4/6,0.062743158,0.075221922,0.118752245,0.136859808,0.136859808
2008/4/7,0.017534453,0.002481781,0.114520364,0.101074201,0.101074201
2008/4/8,0.001603136,0.041161166,0.212365925,0.304303364,0.304303364
2008/4/9,0.033473587,0.247181512,0.681496086,0.580595273,0.580595273
2008/4/10,0.036021172,0.320202542,0.949341437,0.657126456,0.657126456
2008/4/11,0.040032037,0.416130434,0.675664633,0.773427552,0.773427552
2008/4/12,0.122330172,0.821562493,1.24966769,1.633221368,1.633221368
2008/4/13,0.082880458,1.444069228,1.624423896,3.159717704,3.159717704
2008/4/14,0.107733837,0.700181697,1.021152916,1.358198078,1.358198078
2008/4/15,0.117106174,0.28122313,1.12100126,0.651477952,0.651477952
2008/4/16,0.125292131,0.214748073,0.439393204,0.745832237,0.745832237
2008/4/17,0.200008694,0.421464282,1.188128321,1.092021435,1.092021435
2008/4/18,0.292277378,0.151464131,0.38395878,0.530012769,0.530012769
2008/4/19,0.263123179,0.246799017,0.749072712,0.365510279,0.365510279
2008/4/20,0.150978419,1.237763904,1.80972881,1.142015345,1.142015345
2008/4/21,0.16784939,1.505598106,2.002507198,0.523379085,0.523379085
2008/4/22,0.216106578,2.009718531,2.18812842,0.589219639,0.589219639
2008/4/23,0.191467259,1.884960654,3.184915658,1.378350016,1.378350016
2008/4/24,0.176348001,1.473205054,3.839185497,1.678712212,1.678712212
2008/4/25,0.203713591,1.287058257,5.063568517,1.470794368,1.470794368
2008/4/26,0.663979647,1.539082382,5.234955658,2.815828376,2.815828376
2008/4/27,0.256731143,1.411430886,1.225038711,1.883348353,1.883348353
2008/4/28,0.373207379,2.434708628,2.391763645,3.188972646,3.188972646
2008/4/29,0.345475485,2.525903319,1.869702735,3.264171293,3.264171293
2008/4/30,0.355272655,2.303529446,1.460311929,2.620443821,2.620443821
2008/5/1,0.672209524,2.903331004,1.482420455,2.4149892,2.4149892
2008/5/2,0.979040217,4.409730961,2.448379958,3.20547346,3.20547346
2008/5/3,1.038139272,4.327044772,3.312142781,2.759318936,2.759318936
2008/5/4,1.197301687,3.444898933,2.985981582,1.893567743,1.893567743
2008/5/5,1.059585155,3.063122494,2.4132135,1.724817227,1.724817227
2008/5/6,0.965986829,3.29408866,2.885813094,2.036129429,2.036129429
2008/5/7,1.661327918,3.19428737,6.00457663,3.269942472,3.269942472
2008/5/8,2.473470331,3.39660143,7.851874276,4.524338144,4.524338144
2008/5/9,3.824823159,4.260589213,8.13769606,4.86213715,4.86213715
2008/5/10,5.23654887,5.584867278,8.760857895,5.637029486,5.637029486
2008/5/11,6.054439574,6.289055005,5.76647184,5.265202939,5.265202939
2008/5/12,7.724605074,6.688884604,5.336422793,5.79832391,5.79832391
2008/5/13,8.26618675,6.038563048,5.180219972,5.404149219,5.404149219
2008/5/14,6.466497988,5.253791384,5.248911313,6.82995569,6.82995569
2008/5/15,5.551426068,4.590190968,6.246611087,8.992916736,8.992916736
2008/5/16,6.071547029,5.652721172,5.99593919,8.867085686,8.867085686
2008/5/17,4.274314799,4.982290573,5.638272114,7.70267137,7.70267137
2008/5/18,4.12015047,3.817240356,3.327101383,5.760624164,5.760624164
2008/5/19,4.352920639,3.408823964,3.010541073,4.868762163,4.868762163
2008/5/20,4.192276802,2.763604139,2.143232015,3.405309502,3.405309502
2008/5/21,4.429831069,3.278781739,1.118109891,3.194890339,3.194890339
2008/5/22,5.557413731,3.083007872,1.096024393,2.990368303,2.990368303
2008/5/23,5.842596702,2.673535055,1.517835554,2.620409784,2.620409784
2008/5/24,6.11020429,2.78390591,1.098180538,2.851575563,2.851575563
2008/5/25,5.140470986,2.839302644,1.1027896,3.336331595,3.336331595
2008/5/26,3.886774841,2.198950696,1.254912049,3.590545028,3.590545028
2008/5/27,3.532477056,2.236319194,1.667275125,3.813470709,3.813470709
2008/5/28,3.590642485,2.701574662,1.911067807,3.967724944,3.967724944
2008/5/29,4.081467293,3.037328132,1.984552761,3.995732015,3.995732015
2008/5/30,4.442511361,2.859664242,2.014181773,3.86762964,3.86762964
2008/5/31,4.417799618,2.819663578,1.860988593,4.164232064,4.164232064
2008/6/1,5.021641851,2.996756777,1.849762643,5.056115686,5.056115686
2008/6/2,3.211105597,1.704604003,1.140885923,2.763431225,2.763431225
2008/6/3,2.552655742,1.667268106,0.867920305,2.747274183,2.747274183
2008/6/4,1.517511084,1.105834291,0.5854813,1.454134852,1.454134852
2008/6/5,0.769463463,0.942417904,0.453990143,1.141186528,1.141186528
2008/6/6,1.655599027,1.192064752,0.384520398,1.265595068,1.265595068
2008/6/7,2.251393518,1.224151236,0.434135947,1.275949038,1.275949038
2008/6/8,2.115791396,1.202011053,0.5858979,1.219722892,1.219722892
2008/6/9,1.734723139,1.058915182,0.54261193,0.961612267,0.961612267
2008/6/10,1.656125884,1.01343904,0.768619919,0.869239208,0.869239208
2008/6/11,1.498732703,0.794010134,0.601139795,0.74227068,0.74227068
2008/6/12,1.297788103,0.590019017,0.451553342,0.529141992,0.529141992
2008/6/13,1.388138511,0.507642607,0.239535389,0.400171833,0.400171833
2008/6/14,1.338425219,0.46017973,0.231054712,0.439803743,0.439803743
2008/6/15,1.316153311,0.396348337,0.239426834,0.392194355,0.392194355
2008/6/16,1.275621491,0.328527922,0.252937304,0.316158699,0.316158699
2008/6/17,1.215939282,0.266560619,0.256527101,0.246941391,0.246941391
2008/6/18,1.214473717,0.238955321,0.22287103,0.212552198,0.212552198
2008/6/19,0.823317173,0.180332064,0.174540804,0.174355961,0.174355961
2008/6/20,0.896734452,0.158409596,0.202376542,0.150250027,0.150250027
2008/6/21,0.797986046,0.128860113,0.212690639,0.107450877,0.107450877
2008/6/22,0.50178771,0.082953395,0.160672136,0.076951128,0.076951128
2008/6/23,0.403734948,0.053940949,0.131480966,0.206993878,0.206993878
2008/6/24,0.276464213,0.072942994,0.140292067,0.284571304,0.284571304
2008/6/25,0.282618165,0.063003358,0.108551118,0.166201951,0.166201951
2008/6/26,0.19831117,0.055198774,0.088564381,0.122552211,0.122552211
2008/6/27,0.154908178,0.049177396,0.090153052,0.069430185,0.069430185
2008/6/28,0.110060533,0.049394601,0.103771123,0.046159296,0.046159296
2008/6/29,0.101915382,0.03950741,0.086128395,0.024613778,0.024613778
2008/6/30,0.085200487,0.039561164,0.065084947,0.018957329,0.018957329
2008/7/1,0.093405353,0.03665388,0.062611492,0.01506894,0.01506894
2008/7/2,0.172075806,0.053696726,0.062243654,0.012232165,0.012232165
2008/7/3,0.269929044,0.047717912,0.060870119,0.010640439,0.010640439
2008/7/4,0.254699396,0.041327245,0.044078839,0.00666081,0.00666081
2008/7/5,0.118627728,0.042496512,0.045273282,0.006463779,0.006463779
2008/7/6,0.033629437,0.03866725,0.038349688,0.004670302,0.004670302
2008/7/7,0.076335835,0.033343898,0.028464053,0.003840511,0.003840511
2008/7/8,0.15748932,0.040106192,0.027090827,0.003628004,0.003628004
2008/7/9,0.054507848,0.049115032,0.023420107,0.006918761,0.006918761
2008/7/10,0.038470692,0.074094321,0.041234702,0.066755122,0.066755122
2008/7/11,0.033400113,0.049118264,0.042088977,0.065338999,0.065338999
2008/7/12,0.018910551,0.036343392,0.030986178,0.018480376,0.018480376
2008/7/13,0.007766668,0.030049324,0.032861425,0.009349697,0.009349697
2008/7/14,0.003724337,0.029600636,0.039334052,0.005123012,0.005123012
2008/7/15,0.003280142,0.030057982,0.031293812,0.002830993,0.002830993
2008/7/16,0.002153722,0.026837575,0.032879529,0.002267615,0.002267615
2008/7/17,0.001197392,0.019912595,0.024405458,0.001369137,0.001369137
2008/7/18,0.000613432,0.022061887,0.016235695,8.38E-04,0.00083767
2008/7/19,0.000654947,0.035223755,0.013942876,0.006817542,0.006817542
2008/7/20,0.001018319,0.043148753,0.011495007,0.006884107,0.006884107
2008/7/21,0.002363184,0.03663419,0.013816261,0.010746907,0.010746907
2008/7/22,0.005006098,0.032183429,0.014884175,0.007490823,0.007490823
2008/7/23,0.006539295,0.030926089,0.011310804,0.003831251,0.003831251
2008/7/24,0.007071489,0.025446852,0.012859269,0.002211637,0.002211637
2008/7/25,0.00470255,0.025263834,0.011074532,0.001556803,0.001556803
2008/7/26,0.002987018,0.023578724,0.018734696,0.00121432,0.00121432
2008/7/27,0.009290228,0.016864041,0.010608971,6.49E-04,0.000649465
2008/7/28,0.015182987,0.023044656,0.011733606,0.001133977,0.001133977
2008/7/29,0.01109881,0.040338157,0.01230615,8.17E-04,0.000816837
2008/7/30,0.0196658,0.031065268,0.012745856,5.55E-04,0.0005554
2008/7/31,0.063708756,0.023716759,0.011039294,0.001475991,0.001475991
2008/8/1,0.072341544,0.032325019,0.013892564,0.002228077,0.002228077
2008/8/2,0.060037217,0.025784925,0.020131235,0.001062798,0.001062798
2008/8/3,0.044238168,0.015626159,0.014138739,4.76E-04,0.000476343
2008/8/4,0.024953506,0.012983206,0.013195239,1.83E-04,0.000183265
2008/8/5,0.02093068,0.016613973,0.013137319,1.09E-04,0.000109186
2008/8/6,0.019386151,0.018441707,0.013164094,1.95E-04,0.000195299
2008/8/7,0.02089732,0.021364635,0.011799664,5.31E-04,0.000530841
2008/8/8,0.014235279,0.034201563,0.008937141,2.31E-04,0.000230752
2008/8/9,0.008621227,0.043433059,0.007837412,1.48E-04,0.00014763
2008/8/10,0.03268035,0.035383048,0.00703525,8.16E-05,8.16E-05
2008/8/11,0.048431701,0.029434773,0.026033379,3.46E-05,3.46E-05
2008/8/12,0.03286371,0.019848168,0.039976129,2.50E-05,2.50E-05
2008/8/13,0.017510945,0.013280419,0.016081931,9.65E-05,9.65E-05
2008/8/14,0.004408048,0.009937633,0.007634401,1.00E-04,0.000100398
2008/8/15,0.00102884,0.007849333,0.005179416,6.57E-05,6.57E-05
2008/8/16,0.000593161,0.006935969,0.003192546,2.90E-05,2.90E-05
2008/8/17,0.000539885,0.008370129,0.004504753,8.00E-05,8.00E-05
2008/8/18,0.008097573,0.015503912,0.003396524,1.22E-04,0.000122358
2008/8/19,0.031838231,0.024756447,0.003217798,0.001047409,0.001047409
2008/8/20,0.037161392,0.025549071,0.003075082,7.91E-04,0.000790521
2008/8/21,0.053029039,0.033885655,0.004909702,0.001420787,0.001420787
2008/8/22,0.057732385,0.033048628,0.008584166,0.005088677,0.005088677
2008/8/23,0.087189072,0.03346626,0.015142692,0.016493875,0.016493875
2008/8/24,0.147823346,0.043760318,0.042710261,0.03782174,0.03782174
2008/8/25,0.233406005,0.084868211,0.054456879,0.105975988,0.105975988
2008/8/26,0.223022494,0.177199717,0.044212809,0.139761572,0.139761572
2008/8/27,0.193195965,0.159176856,0.031002088,0.123175096,0.123175096
2008/8/28,0.136313484,0.114827508,0.02110017,0.092710037,0.092710037
2008/8/29,0.098654439,0.092397983,0.015843516,0.064983809,0.064983809
2008/8/30,0.121414307,0.076783076,0.014546482,0.06639764,0.06639764
2008/8/31,0.177967688,0.096169781,0.017664021,0.048307507,0.048307507
2008/9/1,0.193408387,0.092835653,0.015563053,0.029705893,0.029705893
2008/9/2,0.1289526,0.057681415,0.013017515,0.025352732,0.025352732
2008/9/3,0.092337017,0.0372551,0.015306015,0.016129571,0.016129571
2008/9/4,0.064618627,0.022662363,0.009999647,0.00917707,0.00917707
2008/9/5,0.065954054,0.014931211,0.009224333,0.008758583,0.008758583
2008/9/6,0.162882787,0.023162434,0.008946961,0.015116881,0.015116881
2008/9/7,0.411864062,0.037089096,0.014460642,0.052945859,0.052945859
2008/9/8,0.370980993,0.087319916,0.02390276,0.085864043,0.085864043
2008/9/9,0.351637622,0.167415798,0.043468293,0.14771044,0.14771044
2008/9/10,0.346255522,0.199607976,0.046101412,0.178306009,0.178306009
2008/9/11,0.305574905,0.210946819,0.037418301,0.129523238,0.129523238
2008/9/12,0.26074028,0.188189398,0.019628177,0.0617343,0.0617343
2008/9/13,0.198918132,0.139974799,0.011127191,0.030893958,0.030893958
2008/9/14,0.125381049,0.120384442,0.010983122,0.026199883,0.026199883
2008/9/15,0.147282897,0.176179838,0.012622026,0.024996787,0.024996787
2008/9/16,0.232646104,0.148616416,0.136687247,0.080576996,0.080576996
2008/9/17,0.326943252,0.217750033,0.194233071,0.066831654,0.066831654
2008/9/18,0.563680858,0.398031022,0.113078071,0.068552902,0.068552902
2008/9/19,0.882005027,0.365818823,0.086566375,0.08002181,0.08002181
2008/9/20,0.77889705,0.591027742,0.090974552,0.073944301,0.073944301
2008/9/21,0.550878373,0.5253487,0.071583193,0.095487095,0.095487095
2008/9/22,0.378863083,0.34185864,0.073249467,0.119668338,0.119668338
2008/9/23,0.419932133,0.315360447,0.131010631,0.275904192,0.275904192
2008/9/24,0.460962882,0.352537213,0.250812421,0.393735709,0.393735709
2008/9/25,0.66856457,0.382240614,0.241308244,0.417634314,0.417634314
2008/9/26,0.631830243,0.397946629,0.217577645,0.351582014,0.351582014
2008/9/27,0.493316002,0.508514923,0.187400906,0.287020812,0.287020812
2008/9/28,0.547455353,0.705014079,0.136500624,0.286912244,0.286912244
2008/9/29,0.620269227,0.572353105,0.205396277,0.397889681,0.397889681
2008/9/30,0.465454674,0.425620018,0.392577172,0.736250083,0.736250083
2008/10/1,0.329730244,0.618449899,0.385815306,0.627775421,0.627775421
2008/10/2,0.319217141,0.427242635,0.385928133,0.405103641,0.405103641
2008/10/3,0.345292567,0.491420603,0.43382065,0.347630702,0.347630702
2008/10/4,0.214348135,0.239855218,0.348509831,0.301574842,0.301574842
2008/10/5,0.1415527,0.260796495,0.299311857,0.327330077,0.327330077
2008/10/6,0.134189655,0.249323974,0.181315485,0.236623003,0.236623003
2008/10/7,0.128402268,0.18085169,0.219839375,0.181945736,0.181945736
2008/10/8,0.128816156,0.205840562,0.166793878,0.176457591,0.176457591
2008/10/9,0.110855785,0.221405547,0.409417356,0.279857187,0.279857187
2008/10/10,0.1249746,0.23421129,0.724897741,0.675804842,0.675804842
2008/10/11,0.206487083,0.550803768,0.426873343,0.496385748,0.496385748
2008/10/12,0.171897795,0.500516138,0.40943482,0.648239096,0.648239096
2008/10/13,0.08762035,0.144559368,0.141757019,0.160903682,0.160903682
2008/10/14,0.057616563,0.101897183,0.422955693,0.110914396,0.110914396
2008/10/15,0.068598607,0.133411386,0.56117371,0.357730579,0.357730579
2008/10/16,0.106249941,0.150599577,0.534178224,0.226448676,0.226448676
2008/10/17,0.167140235,0.18387456,0.298499713,0.16695318,0.16695318
2008/10/18,0.150434482,0.163451176,0.232208556,0.175357873,0.175357873
2008/10/19,0.106927891,0.138103381,0.138065288,0.194879621,0.194879621
2008/10/20,0.044875206,0.144670115,0.087046986,0.151579305,0.151579305
2008/10/21,0.025434004,0.120163635,0.177009856,0.186414993,0.186414993
2008/10/22,0.032116224,0.283770111,0.369448325,0.477350445,0.477350445
2008/10/23,0.049455525,0.358239934,0.7905881,0.834005711,0.834005711
2008/10/24,0.010136742,0.106629691,0.494016542,0.507174372,0.507174372
2008/10/25,0.007818158,0.039494902,0.267764953,0.200291663,0.200291663
2008/10/26,0.02296135,0.084789785,0.151286109,0.090790867,0.090790867
2008/10/27,0.018470806,0.066477143,0.205026197,0.116964395,0.116964395
2008/10/28,0.018499468,0.0791363,0.464840972,0.229248912,0.229248912
2008/10/29,0.025864025,0.100000934,0.6487634,0.554925473,0.554925473
2008/10/30,0.014673602,0.03024114,0.369288726,0.189748632,0.189748632
2008/10/31,0.0100959,0.013119142,0.221713409,0.120217495,0.120217495
2008/11/1,0.001359723,0.009371565,0.274956545,0.109937658,0.109937658
2008/11/2,0.001064598,0.008194513,0.55269655,0.116127876,0.116127876
2008/11/3,0.008077933,0.030782978,0.255155628,0.201129703,0.201129703
2008/11/4,0.00790122,0.019489121,0.109794974,0.087067595,0.087067595
2008/11/5,0.001581089,0.009570376,0.078381991,0.02934442,0.02934442
2008/11/6,0.002778921,0.007157401,0.032181793,0.025288693,0.025288693
2008/11/7,0.005581811,0.011310373,0.167091383,0.044321933,0.044321933
2008/11/8,0.008022601,0.02342602,0.290158373,0.082849293,0.082849293
2008/11/9,0.009964516,0.014097384,0.098725661,0.048214784,0.048214784
2008/11/10,0.000157043,0.00040439,0.003752094,4.63E-04,0.000463136
2008/11/11,0.000512232,0.000570623,0.010885653,0.004539623,0.004539623
2008/11/12,0.000146967,0.001918303,0.038471127,0.02194185,0.02194185
2008/11/13,0.000290859,0.004680918,0.137461502,0.032736277,0.032736277
2008/11/14,4.31E-05,0.000255157,0.00661731,0.001948956,0.001948956
2008/11/15,5.23E-05,2.16E-05,0.00187977,4.13E-04,0.000413101
2008/11/16,6.51E-06,0,0.002440177,3.02E-04,0.00030205
2008/11/17,1.48E-05,1.22E-05,0.148276771,0.010451583,0.010451583
2008/11/18,0.000108361,0.000529928,0.381459293,0.059373564,0.059373564
2008/11/19,0.000196029,0.000900085,0.246914813,0.007572991,0.007572991
2008/11/20,0.000625044,0.00085097,0.158521761,0.006826125,0.006826125
2008/11/21,0.000974036,0.001376152,0.009640007,0.006295509,0.006295509
2008/11/22,0.001064973,0.002007112,0.071194961,0.007043584,0.007043584
2008/11/23,0.0007819,0.000845232,0.036078294,0.004521539,0.004521539
2008/11/24,0.000386793,0.000593835,0.369111397,0.036526792,0.036526792
2008/11/25,2.65E-05,0.000155251,0.366391575,0.03486329,0.03486329
2008/11/26,8.03E-05,0.00168346,0.019039322,0.007699624,0.007699624
2008/11/27,0.000781386,0.001281828,0.028910824,0.005136349,0.005136349
2008/11/28,0.000110959,0.000464585,0.016746178,0.004613045,0.004613045
2008/11/29,0.000782053,0.001897974,0.011325375,0.006744472,0.006744472
2008/11/30,0.000273813,0.000500095,0.00441644,5.50E-04,0.000550311
2008/12/1,6.65E-05,3.30E-05,0.148961216,0.013976447,0.013976447
2008/12/2,0,0,0,0,0
2008/12/3,0,0,0,0,0
2008/12/4,0.000588671,0.000200085,0,1.99E-07,1.99E-07
2008/12/5,0.003146172,0.002732401,0,1.22E-04,0.000121815
2008/12/6,9.83E-07,1.26E-06,0.007271277,0.005878073,0.005878073
2008/12/7,0,0,0.021886667,0.012437418,0.012437418
2008/12/8,8.43E-09,1.98E-06,0.000527181,0.003939576,0.003939576
2008/12/9,0,0,0.000746568,4.00E-04,0.000399556
2008/12/10,1.13E-06,3.57E-07,0.0006467,4.20E-04,0.000419839
2008/12/11,0,0,8.06E-06,2.09E-05,2.09E-05
2008/12/12,0,0,4.33E-07,2.87E-06,2.87E-06
2008/12/13,0,0,9.65E-08,8.40E-07,8.40E-07
2008/12/14,6.27E-07,4.59E-07,0.000351904,2.03E-04,0.000202825
2008/12/15,2.31E-05,9.61E-05,0.000783849,3.12E-04,0.000311927
2008/12/16,0,0,0,6.81E-07,6.81E-07
2008/12/17,0.000270954,0,1.44E-05,3.93E-05,3.93E-05
2008/12/18,0.007667219,0.003306466,6.77E-05,1.17E-05,1.17E-05
2008/12/19,1.20E-05,2.09E-10,6.02E-10,1.46E-05,1.46E-05
2008/12/20,0,0,0,1.77E-05,1.77E-05
2008/12/21,0,0,4.42E-08,0,0
2008/12/22,0,0,1.83E-06,2.26E-06,2.26E-06
2008/12/23,0,0,5.00E-05,3.48E-07,3.48E-07
2008/12/24,0,0,7.80E-08,2.56E-06,2.56E-06
2008/12/25,0,0,1.25E-06,3.03E-06,3.03E-06
2008/12/26,1.52E-06,1.35E-05,3.18E-06,4.26E-06,4.26E-06
2008/12/27,0,0,0,0,0
2008/12/28,0,0,0,0,0
2008/12/29,0,0,0,4.90E-08,4.90E-08
2008/12/30,0,0,0,2.85E-06,2.85E-06
2008/12/31,0,0,0,0,0
2009/1/1,0,0,0,0,0
2009/1/2,0,0,0,0,0
2009/1/3,0,0,3.19E-07,0,0
2009/1/4,0,0,1.66E-07,0,0
2009/1/5,0,0,7.40E-07,0,0
2009/1/6,0,0,6.51E-07,0,0
2009/1/7,0,0,7.09E-07,0,0
2009/1/8,0,0,3.29E-06,2.48E-05,2.48E-05
2009/1/9,1.99E-08,0,2.79E-05,9.92E-06,9.92E-06
2009/1/10,0,0,3.39E-05,2.21E-05,2.21E-05
2009/1/11,0,0,1.10E-05,2.80E-05,2.80E-05
2009/1/12,0,2.86E-07,2.06E-05,3.57E-05,3.57E-05
2009/1/13,0,9.08E-08,2.60E-05,5.69E-05,5.69E-05
2009/1/14,4.78E-05,0.000523435,4.17E-05,9.01E-05,9.01E-05
2009/1/15,0.006934057,0.076629939,6.27E-05,7.12E-06,7.12E-06
2009/1/16,0.017108559,0.139247432,0,1.36E-06,1.36E-06
2009/1/17,0.033392054,0.192496416,0.000547555,0.014647634,0.014647634
2009/1/18,0.003058149,0.007863596,0.042196858,0.154494827,0.154494827
2009/1/19,0.000994258,0.007479102,0.00041024,0.029797182,0.029797182
2009/1/20,0,0,0,0,0
2009/1/21,0,0,0,0,0
2009/1/22,0,0,0,0,0
2009/1/23,0,0,0,0,0
2009/1/24,0,0,0,0,0
2009/1/25,0,0,0,8.11E-07,8.11E-07
2009/1/26,1.32E-06,1.56E-08,1.29E-05,9.87E-06,9.87E-06
2009/1/27,7.15E-06,0,0.000166923,6.28E-05,6.28E-05
2009/1/28,0,0,1.17E-07,7.21E-07,7.21E-07
2009/1/29,9.58E-09,6.36E-08,0.000360928,4.31E-05,4.31E-05
2009/1/30,1.61E-05,0,0.004842389,4.82E-04,0.000482122
2009/1/31,8.44E-05,5.58E-05,0.00412722,0.00105034,0.00105034
2009/2/1,9.73E-07,0,1.66E-09,2.35E-05,2.35E-05
2009/2/2,9.06E-06,0,8.66E-05,1.77E-04,0.000176574
2009/2/3,0.000128402,2.19E-05,0.00364377,0.001995086,0.001995086
2009/2/4,0.000315516,7.10E-05,0.00986643,0.006870876,0.006870876
2009/2/5,0.000777655,0.000739514,0.008207474,0.003280534,0.003280534
2009/2/6,0.000406649,0.000449973,0.009792772,0.002544195,0.002544195
2009/2/7,0.00063186,0.000880104,0.0115446,0.003436239,0.003436239
2009/2/8,0.00166357,0.00203951,0.020267528,0.007501852,0.007501852
2009/2/9,0.001421027,0.002457904,0.01852525,0.005597877,0.005597877
2009/2/10,0.000436053,0.000363289,0.006312344,0.002105279,0.002105279
2009/2/11,0.000269308,0.000276571,0.017395403,0.001991033,0.001991033
2009/2/12,0,0,0,0,0
2009/2/13,0,0,0,0,0
2009/2/14,0,0,0,0,0
2009/2/15,1.94E-05,4.46E-07,3.16E-06,1.36E-05,1.36E-05
2009/2/16,4.15E-05,1.64E-06,1.14E-05,2.71E-05,2.71E-05
2009/2/17,8.16E-06,0,2.02E-11,1.41E-05,1.41E-05
2009/2/18,0,0,0,0,0
2009/2/19,0,0,6.72E-06,0,0
2009/2/20,5.53E-05,1.28E-05,0.003994423,0.001191306,0.001191306
2009/2/21,0,2.89E-06,2.39E-06,2.66E-07,2.66E-07
2009/2/22,0,0,9.87E-06,3.39E-06,3.39E-06
2009/2/23,0,0,0,1.50E-06,1.50E-06
2009/2/24,9.12E-08,0,9.44E-06,2.96E-06,2.96E-06
2009/2/25,9.98E-07,8.69E-07,0.000129665,7.95E-06,7.95E-06
2009/2/26,6.53E-05,0.000192087,0.004827435,4.30E-04,0.000429848
2009/2/27,0.00019756,0.00037916,0.00663575,0.00106998,0.00106998
2009/2/28,0.000146227,0.000232618,0.010817153,0.001694253,0.001694253
2009/3/1,0.001018955,0.001493243,0.015780281,0.004668457,0.004668457
2009/3/2,0.002343916,0.002296811,0.046399011,0.010907118,0.010907118
2009/3/3,0.002044448,0.002609946,0.041555198,0.009206376,0.009206376
2009/3/4,0.000341496,0.000817719,0.003262251,0.001657212,0.001657212
2009/3/5,0.000605191,0.000359361,0.002638702,0.003697854,0.003697854
2009/3/6,0.001856054,0.002055174,0.044072774,0.016276434,0.016276434
2009/3/7,0.00169422,0.002143053,0.035314266,0.013479419,0.013479419
2009/3/8,0.00024169,0.000246413,0.001927138,0.001721104,0.001721104
2009/3/9,0.00193284,0.001437312,0.021623727,0.007811977,0.007811977
2009/3/10,0.002673147,0.003250356,0.045668172,0.015601276,0.015601276
2009/3/11,2.60E-06,2.17E-05,0.000171645,3.56E-05,3.56E-05
2009/3/12,4.24E-08,0,0.004268873,1.98E-06,1.98E-06
2009/3/13,0.000386566,0.000396077,0.006501554,0.008423244,0.008423244
2009/3/14,0.002108647,0.004156872,0.082990555,0.016174295,0.016174295
2009/3/15,0.001261196,0.002467215,0.034447996,0.013290875,0.013290875
2009/3/16,0.003109691,0.001931987,0.065334425,0.039231464,0.039231464
2009/3/17,0.001074537,0.000924791,0.0409609,0.016788288,0.016788288
2009/3/18,0.000530115,0.000723393,0.010103136,0.005781115,0.005781115
2009/3/19,0.007040692,0.004801346,0.100810215,0.042367526,0.042367526
2009/3/20,0.00051191,0.002045362,0.01232019,0.004616829,0.004616829
2009/3/21,0.00011387,9.39E-05,0.003382671,0.001738437,0.001738437
2009/3/22,0.000378731,0.00057783,0.006495878,0.006263757,0.006263757
2009/3/23,0.001568388,0.001232156,0.023578569,0.016893532,0.016893532
2009/3/24,0.003219091,0.004918819,0.053288196,0.023738594,0.023738594
2009/3/25,0.012912858,0.009176223,0.121304155,0.072885359,0.072885359
2009/3/26,0.007383975,0.010904047,0.13847132,0.059524918,0.059524918
2009/3/27,0.007169396,0.019621116,0.460895291,0.082970578,0.082970578
2009/3/28,0.01024575,0.031069079,0.64857066,0.114233076,0.114233076
2009/3/29,0.020924971,0.0471291,0.585845385,0.163571268,0.163571268
2009/3/30,0.027863064,0.057090219,0.369223268,0.179327493,0.179327493
2009/3/31,0.051439929,0.071066197,0.939419619,0.325589461,0.325589461
2009/4/1,0.069490996,0.074009443,2.015120969,0.426627121,0.426627121
2009/4/2,0.039360129,0.060696487,2.983853465,0.576252913,0.576252913
2009/4/3,0.044054943,0.12217532,5.961506203,1.785039188,1.785039188
2009/4/4,0.204006718,0.502807801,7.317304774,3.009498574,3.009498574
2009/4/5,0.575967986,0.884001481,4.94584738,2.716031952,2.716031952
2009/4/6,0.361799616,0.779045889,2.659195576,2.118612336,2.118612336
2009/4/7,0.376378655,0.728144448,2.413926004,1.618933273,1.618933273
2009/4/8,0.301699343,0.317853652,0.253138511,0.299824548,0.299824548
2009/4/9,0.087115683,0.13322656,0.76012597,0.338408383,0.338408383
2009/4/10,0.141310205,0.260321064,1.068263114,0.98298928,0.98298928
2009/4/11,0.078125234,0.420948756,0.713224112,1.430532688,1.430532688
2009/4/12,0.049063108,0.895326967,0.697537219,1.717218127,1.717218127
2009/4/13,0.060754358,0.586227351,0.680862914,1.383043982,1.383043982
2009/4/14,0.029004642,0.221587584,0.659872851,0.734216696,0.734216696
2009/4/15,0.078671436,0.212797953,1.801012358,0.863301325,0.863301325
2009/4/16,0.073563251,0.356292183,2.078813143,1.182442983,1.182442983
2009/4/17,0.099067414,0.642587573,1.927782295,1.734198978,1.734198978
2009/4/18,0.201259309,0.962374026,2.160158994,2.062498977,2.062498977
2009/4/19,0.389998012,0.903072217,2.181101762,2.392815396,2.392815396
2009/4/20,0.780144907,0.541810805,1.58277787,1.276214713,1.276214713
2009/4/21,1.16497826,0.58255076,2.85268385,1.45219437,1.45219437
2009/4/22,1.360658161,0.810643056,3.220721015,2.091243009,2.091243009
2009/4/23,1.53765499,1.427163238,6.104724689,3.5387354,3.5387354
2009/4/24,2.138512261,1.797174897,6.104500019,3.804065317,3.804065317
2009/4/25,2.46293703,1.826036604,4.946020245,3.202799282,3.202799282
2009/4/26,3.177669005,4.005188729,5.862621539,3.926140111,3.926140111
2009/4/27,3.861066368,5.741959963,3.995266076,3.179676355,3.179676355
2009/4/28,2.754102043,5.394183233,1.973071383,2.136126554,2.136126554
2009/4/29,1.687264469,6.591004779,2.352569348,3.098379608,3.098379608
2009/4/30,1.782309008,6.842913186,2.232919896,4.014440019,4.014440019
2009/5/1,2.022098449,7.213686705,2.188233195,4.731477688,4.731477688
2009/5/2,1.793066774,7.395240449,1.821347602,4.65638631,4.65638631
2009/5/3,1.027946816,6.023269827,4.725593441,6.197609963,6.197609963
2009/5/4,1.204415314,3.622118397,1.280539358,4.854940013,4.854940013
2009/5/5,1.045742929,2.09549943,0.799960161,2.17771777,2.17771777
2009/5/6,0.837744682,1.890332531,2.186489514,2.553324469,2.553324469
2009/5/7,0.772132851,2.986101759,4.226945844,4.624015803,4.624015803
2009/5/8,1.022333142,3.383792378,4.473876906,4.581628041,4.581628041
2009/5/9,1.130865609,3.642051078,2.87229627,4.532759543,4.532759543
2009/5/10,0.896470389,2.767167871,2.24627845,3.99678439,3.99678439
2009/5/11,0.721598469,1.620170509,3.677905618,3.103418421,3.103418421
2009/5/12,0.967424125,2.100381113,2.771367628,2.471080755,2.471080755
2009/5/13,1.263632703,2.235129878,1.298672843,2.477970569,2.477970569
2009/5/14,2.252351023,2.217417649,1.094887881,3.236607943,3.236607943
2009/5/15,1.996835239,1.335535071,2.210248475,1.941503929,1.941503929
2009/5/16,2.16452049,1.664769721,1.352206376,1.807755705,1.807755705
2009/5/17,2.129921551,2.116448616,1.575086679,1.257480986,1.257480986
2009/5/18,2.389226969,2.847854399,1.284598612,1.387941555,1.387941555
2009/5/19,3.738928855,3.064115224,0.447264897,1.382527102,1.382527102
2009/5/20,3.68882258,3.015349075,0.498950369,1.707947063,1.707947063
2009/5/21,3.13873788,3.496165039,0.906251719,2.058380844,2.058380844
2009/5/22,2.206603094,3.563113484,1.412037024,2.671964788,2.671964788
2009/5/23,2.275941922,3.54144109,1.770174229,3.136065841,3.136065841
2009/5/24,2.269932794,3.088100232,1.235214551,2.832523764,2.832523764
2009/5/25,2.779441804,3.166042263,1.613458545,3.606145724,3.606145724
2009/5/26,3.0872378,3.871952393,2.495233846,5.274446371,5.274446371
2009/5/27,3.599819576,4.462939227,2.471003438,5.093794024,5.093794024
2009/5/28,4.65280096,3.971551223,3.56790861,5.597317327,5.597317327
2009/5/29,5.07790127,3.943651339,3.228135496,3.619354005,3.619354005
2009/5/30,5.384299059,3.541609626,2.330507578,3.664022611,3.664022611
2009/5/31,4.771388417,3.071583058,1.959598225,2.882353338,2.882353338
2009/6/1,4.396735801,2.858166505,1.386410147,3.088956176,3.088956176
2009/6/2,4.314915918,3.629677929,1.801832166,3.893757819,3.893757819
2009/6/3,4.426568153,3.480008782,2.179889237,4.457023825,4.457023825
2009/6/4,3.880745607,3.135583454,1.857997305,3.808141793,3.808141793
2009/6/5,3.735705463,2.922465728,1.299554623,3.487564004,3.487564004
2009/6/6,3.335182268,2.30822737,0.972342691,3.456284606,3.456284606
2009/6/7,3.228648647,2.1254875,0.874968645,3.023908703,3.023908703
2009/6/8,2.937806834,1.893218877,0.760355086,2.523678318,2.523678318
2009/6/9,3.53220513,1.960588971,0.777253412,2.332806168,2.332806168
2009/6/10,2.418573327,1.335550032,0.744307153,1.548959348,1.548959348
2009/6/11,1.819685545,0.903615146,0.762530045,1.17683602,1.17683602
2009/6/12,1.541673251,0.723301512,0.76759625,0.909347523,0.909347523
2009/6/13,1.886911005,0.668803864,0.668749155,0.627691254,0.627691254
2009/6/14,1.506489179,0.426402856,0.561361905,0.433057295,0.433057295
2009/6/15,1.168229516,0.289606536,0.537606766,0.341178104,0.341178104
2009/6/16,0.754777284,0.158833534,0.407611239,0.237228055,0.237228055
2009/6/17,0.735574525,0.159357919,0.353330781,0.207841822,0.207841822
2009/6/18,0.775409392,0.160669838,0.360953666,0.186771232,0.186771232
2009/6/19,0.869388316,0.241021883,0.551914517,0.33361507,0.33361507
2009/6/20,1.004602818,0.252176507,0.584423311,0.334024047,0.334024047
2009/6/21,1.029298914,0.249055491,0.361983021,0.306392898,0.306392898
2009/6/22,0.850165031,0.142480791,0.227535458,0.241014011,0.241014011
2009/6/23,0.668448346,0.086434603,0.170111461,0.163562333,0.163562333
2009/6/24,0.497122657,0.080453716,0.170780878,0.102570575,0.102570575
2009/6/25,0.426140254,0.067357937,0.149536943,0.050896591,0.050896591
2009/6/26,0.327676276,0.069652346,0.106632811,0.11073956,0.11073956
2009/6/27,0.229870525,0.107087089,0.112746762,0.135645293,0.135645293
2009/6/28,0.167764907,0.114527552,0.104110298,0.088633909,0.088633909
2009/6/29,0.101853918,0.099273093,0.072323984,0.047812026,0.047812026
2009/6/30,0.105779299,0.077248322,0.069339286,0.090671991,0.090671991
2009/7/1,0.074515549,0.060870382,0.076229207,0.080252993,0.080252993
2009/7/2,0.05860459,0.045062325,0.087335531,0.046349222,0.046349222
2009/7/3,0.052420473,0.039624645,0.085148032,0.024693872,0.024693872
2009/7/4,0.036406017,0.036082262,0.080159824,0.012104923,0.012104923
2009/7/5,0.04473062,0.036987157,0.078908554,0.006551016,0.006551016
2009/7/6,0.034402209,0.032780583,0.066553145,0.004011054,0.004011054
2009/7/7,0.01931818,0.029860397,0.04829075,0.002895079,0.002895079
2009/7/8,0.012230706,0.029195286,0.057403613,0.002102756,0.002102756
2009/7/9,0.0086706,0.031341438,0.06100884,0.001607355,0.001607355
2009/7/10,0.005757489,0.032630688,0.046582048,8.36E-04,0.000836127
2009/7/11,0.003320913,0.032673291,0.039991172,3.55E-04,0.000355005
2009/7/12,0.013423515,0.033042327,0.029530208,1.47E-04,0.000147188
2009/7/13,0.012724254,0.033556919,0.023058775,0.006971535,0.006971535
2009/7/14,0.005321754,0.027968681,0.017215023,0.005552567,0.005552567
2009/7/15,0.024907211,0.027770227,0.016044181,0.002474082,0.002474082
2009/7/16,0.066071201,0.04121704,0.011114864,6.35E-04,0.000635303
2009/7/17,0.049426765,0.027115219,0.010878612,1.46E-04,0.000146028
2009/7/18,0.027584856,0.01946639,0.007571003,6.37E-05,6.37E-05
2009/7/19,0.010431373,0.01661103,0.007782189,3.27E-05,3.27E-05
2009/7/20,0.00392278,0.022221674,0.006022469,3.60E-05,3.60E-05
2009/7/21,0.00223492,0.016786653,0.00543828,2.05E-05,2.05E-05
2009/7/22,0.00427011,0.014527899,0.004119599,1.77E-05,1.77E-05
2009/7/23,0.003708474,0.010468197,0.00473025,6.32E-05,6.32E-05
2009/7/24,0.004190037,0.011970723,0.004996606,0.007218738,0.007218738
2009/7/25,0.002196478,0.010942185,0.004418506,0.005069585,0.005069585
2009/7/26,0.001679991,0.015576052,0.004262662,0.003092782,0.003092782
2009/7/27,0.000623947,0.023316266,0.007111811,0.001115268,0.001115268
2009/7/28,0.000259702,0.024373952,0.005785514,2.77E-04,0.000276517
2009/7/29,0.000186824,0.02329053,0.004189467,2.10E-04,0.000209613
2009/7/30,0.000267373,0.021034501,0.004610722,1.99E-04,0.000199275
2009/7/31,0.000535992,0.01877298,0.004454765,6.95E-05,6.95E-05
2009/8/1,0.001725732,0.014876071,0.003622549,2.04E-05,2.04E-05
2009/8/2,0.004572909,0.017936955,0.003146467,1.02E-04,0.000101947
2009/8/3,0.003940162,0.012408975,0.001520357,0.004405729,0.004405729
2009/8/4,0.002792784,0.00906639,0.002048021,0.004107355,0.004107355
2009/8/5,0.001078274,0.009077464,0.003978808,0.002166428,0.002166428
2009/8/6,0.001217333,0.015381657,0.005065057,9.28E-04,0.000928337
2009/8/7,0.000749221,0.014955862,0.0044823,3.23E-04,0.000322926
2009/8/8,0.0014461,0.017628592,0.003480442,0.002405493,0.002405493
2009/8/9,0.012271239,0.01435686,0.003037176,0.001990232,0.001990232
2009/8/10,0.066146443,0.024133026,0.002475735,0.001425843,0.001425843
2009/8/11,0.11629775,0.024913483,0.002518012,0.011563326,0.011563326
2009/8/12,0.156822676,0.030793341,0.003326732,0.018456489,0.018456489
2009/8/13,0.110863353,0.023043941,0.002934402,0.011112429,0.011112429
2009/8/14,0.054222157,0.020784662,0.005431615,0.005580572,0.005580572
2009/8/15,0.046270547,0.030206085,0.008301954,0.008080642,0.008080642
2009/8/16,0.035544122,0.03400067,0.007659933,0.010059533,0.010059533
2009/8/17,0.034618559,0.028646056,0.006580648,0.00669478,0.00669478
2009/8/18,0.02861488,0.017470096,0.004994633,0.005978789,0.005978789
2009/8/19,0.029684539,0.016037227,0.002827123,0.003189052,0.003189052
2009/8/20,0.029088964,0.017388522,0.002692655,0.001674068,0.001674068
2009/8/21,0.042131763,0.016416364,0.002917722,0.001387566,0.001387566
2009/8/22,0.031789161,0.01576795,0.005065792,0.039393617,0.039393617
2009/8/23,0.022282031,0.009206412,0.004625583,0.051512762,0.051512762
2009/8/24,0.04486837,0.013231468,0.003554571,0.052746338,0.052746338
2009/8/25,0.132642007,0.021294956,0.002579948,0.027971189,0.027971189
2009/8/26,0.215835182,0.021897726,0.003878328,0.010907817,0.010907817
2009/8/27,0.187678945,0.022562879,0.002195611,0.005864428,0.005864428
2009/8/28,0.160033106,0.030853555,0.003412787,0.005407496,0.005407496
2009/8/29,0.177323292,0.027210076,0.00366545,0.002718822,0.002718822
2009/8/30,0.184275862,0.020938458,0.002591647,0.003700657,0.003700657
2009/8/31,0.205039761,0.026511852,0.00133802,0.002292985,0.002292985
2009/9/1,0.42641259,0.032649447,0.001737627,0.003557852,0.003557852
2009/9/2,0.413554299,0.034623657,0.005037021,0.038472368,0.038472368
2009/9/3,0.365152874,0.072965272,0.029922891,0.107398524,0.107398524
2009/9/4,0.385224313,0.173464916,0.0658163,0.23778467,0.23778467
2009/9/5,0.273850878,0.240591065,0.067968746,0.184453792,0.184453792
2009/9/6,0.339685855,0.351902316,0.073485207,0.183543764,0.183543764
2009/9/7,0.576837645,0.351503179,0.06477764,0.244144436,0.244144436
2009/9/8,0.59424746,0.365957844,0.053770897,0.294582938,0.294582938
2009/9/9,0.465144792,0.265544808,0.035084833,0.20042687,0.20042687
2009/9/10,0.452583629,0.245580097,0.030370328,0.173354747,0.173354747
2009/9/11,0.354414076,0.142423533,0.020491342,0.116120765,0.116120765
2009/9/12,0.241729457,0.074380495,0.009981044,0.061123875,0.061123875
2009/9/13,0.188944559,0.072611008,0.008663187,0.037806854,0.037806854
2009/9/14,0.19709792,0.075615023,0.011622921,0.025103628,0.025103628
2009/9/15,0.184353026,0.078523432,0.007699038,0.037676848,0.037676848
2009/9/16,0.235801681,0.076540858,0.012721215,0.056919055,0.056919055
2009/9/17,0.254597441,0.078729274,0.047972351,0.08860348,0.08860348
2009/9/18,0.227692897,0.104736126,0.169653354,0.130398946,0.130398946
2009/9/19,0.3024584,0.177013391,0.815086863,0.403075954,0.403075954
2009/9/20,0.490937803,0.408102816,1.255534145,0.72377291,0.72377291
2009/9/21,0.555347137,0.464347077,0.520791119,0.519656809,0.519656809
2009/9/22,0.501555959,0.452498827,0.278060029,0.45975759,0.45975759
2009/9/23,0.548760903,0.473355664,0.424952948,0.546276946,0.546276946
2009/9/24,0.540764152,0.430907817,0.40954392,0.467731773,0.467731773
2009/9/25,0.417784396,0.290366761,0.226276456,0.365233324,0.365233324
2009/9/26,0.379489923,0.287202137,0.153001961,0.239059993,0.239059993
2009/9/27,0.317472544,0.275587964,0.12653824,0.176934126,0.176934126
2009/9/28,0.304693156,0.205025491,0.084726665,0.127335072,0.127335072
2009/9/29,0.324226641,0.200311044,0.062389507,0.113504455,0.113504455
2009/9/30,0.26406301,0.203420665,0.044517104,0.165829061,0.165829061
2009/10/1,0.223866979,0.240454438,0.062172287,0.202618521,0.202618521
2009/10/2,0.149972022,0.170421075,0.038172343,0.138570299,0.138570299
2009/10/3,0.157654865,0.28191276,0.031595169,0.137595478,0.137595478
2009/10/4,0.191229446,0.620533151,0.059765859,0.172212632,0.172212632
2009/10/5,0.134148465,0.405235911,0.096979355,0.174512271,0.174512271
2009/10/6,0.184796003,0.320367065,0.170048265,0.338496225,0.338496225
2009/10/7,0.175242959,0.260576437,0.065049849,0.135311513,0.135311513
2009/10/8,0.194171994,0.225100198,0.026134962,0.074612236,0.074612236
2009/10/9,0.170196304,0.272018364,0.040402898,0.086359548,0.086359548
2009/10/10,0.301179124,0.30823677,0.045808525,0.092270495,0.092270495
2009/10/11,0.278624399,0.326240533,0.038772665,0.100206167,0.100206167
2009/10/12,0.123930121,0.250813357,0.02275692,0.05425844,0.05425844
2009/10/13,0.077988755,0.15362408,0.035468772,0.051451779,0.051451779
2009/10/14,0.051218718,0.078621567,0.216226896,0.068845357,0.068845357
2009/10/15,0.023034106,0.041474794,0.217650404,0.104528879,0.104528879
2009/10/16,0.033497091,0.128704434,0.29614816,0.29060184,0.29060184
2009/10/17,0.008809367,0.137372838,0.642396069,0.601896396,0.601896396
2009/10/18,0.006649964,0.040500789,0.402479081,0.217574818,0.217574818
2009/10/19,0.016021764,0.047324871,0.275146843,0.148585598,0.148585598
2009/10/20,0.010210352,0.033635728,0.180077706,0.147824115,0.147824115
2009/10/21,0.040132238,0.062073927,0.391708786,0.228002558,0.228002558
2009/10/22,0.066366652,0.144364456,0.338397661,0.365777935,0.365777935
2009/10/23,0.012368952,0.089071906,0.213415522,0.284622808,0.284622808
2009/10/24,0.010287205,0.105077515,0.084910197,0.232020393,0.232020393
2009/10/25,0.004742482,0.057210224,0.047618071,0.145892618,0.145892618
2009/10/26,0.004432831,0.031388267,0.07715952,0.090202976,0.090202976
2009/10/27,0.004576669,0.01462755,0.073220002,0.068207412,0.068207412
2009/10/28,0.001543743,0.004696281,0.044818624,0.036352431,0.036352431
2009/10/29,0.000582916,0.000297726,0.007513593,0.006641893,0.006641893
2009/10/30,0.000902137,0.001289871,0.009670615,0.006521256,0.006521256
2009/10/31,9.83E-05,0.000427921,0.108237656,0.005935183,0.005935183
2009/11/1,4.06E-06,0.000247471,0.015226279,0.007397708,0.007397708
2009/11/2,0.001752151,0.00418646,0.037430576,0.028473969,0.028473969
2009/11/3,0.007291703,0.011234306,0.094881321,0.070367373,0.070367373
2009/11/4,0.015366953,0.030604832,0.257005322,0.19551279,0.19551279
2009/11/5,0.017093855,0.01898216,0.138653397,0.076401098,0.076401098
2009/11/6,0.002066684,0.001603155,0.121308234,0.03905363,0.03905363
2009/11/7,3.23E-05,0.000253036,0.000674548,0.003484794,0.003484794
2009/11/8,3.13E-05,2.06E-06,0.008698162,0.005737016,0.005737016
2009/11/9,0.000743314,8.36E-06,0.023824008,0.010553907,0.010553907
2009/11/10,0.000347604,7.27E-05,0.009876605,0.001465561,0.001465561
2009/11/11,0.010432928,0.007694295,0.005462323,0.00140652,0.00140652
2009/11/12,2.46E-07,7.99E-06,0.003812203,8.46E-04,0.000845716
2009/11/13,2.29E-08,1.73E-05,0.004359188,0.001987026,0.001987026
2009/11/14,0,4.48E-07,0.000727544,9.81E-05,9.81E-05
2009/11/15,0,0,0.00112361,1.63E-04,0.000162964
2009/11/16,0,0,0.003024172,4.69E-04,0.000469155
2009/11/17,1.92E-07,0,0.003320524,1.85E-04,0.000184992
2009/11/18,2.44E-08,0,0.000582852,1.86E-04,0.000186421
2009/11/19,0,0,7.62E-05,1.50E-04,0.000149916
2009/11/20,0,3.42E-09,0.002764629,3.67E-04,0.000366566
2009/11/21,3.05E-05,2.27E-05,0.00114547,0.001084397,0.001084397
2009/11/22,0.000239521,0.000160654,0.002381489,0.001417676,0.001417676
2009/11/23,0.000539483,0.000541927,0.006577513,0.002223585,0.002223585
2009/11/24,0.000701295,0.000579615,0.006363007,0.00228233,0.00228233
2009/11/25,8.62E-05,0.000220797,0.006452325,3.45E-04,0.000344586
2009/11/26,7.99E-05,1.47E-05,0.006182658,2.71E-04,0.000270669
2009/11/27,3.89E-05,2.89E-05,0.000778725,5.58E-04,0.000558213
2009/11/28,0.000454485,0.000378262,0.002195607,0.00163766,0.00163766
2009/11/29,0.000455116,0.0003289,0.002154077,0.001067027,0.001067027
2009/11/30,0.000370604,0.000349458,0.002061681,9.41E-04,0.000941135
2009/12/1,0.000249051,5.65E-05,3.37E-05,3.39E-04,0.000339464
2009/12/2,6.91E-05,4.13E-05,0.000221322,2.29E-04,0.000229323
2009/12/3,0,0,0.000282331,0.001541142,0.001541142
2009/12/4,0,0,2.62E-05,0,0
2009/12/5,0.007495191,0.006925582,0.00047505,2.06E-04,0.000206363
2009/12/6,0.031931503,0.064357217,0.000150948,1.20E-04,0.00012027
2009/12/7,0.001381203,0.001281493,8.26E-05,1.06E-04,0.000105895
2009/12/8,0,0,2.82E-05,0,0
2009/12/9,1.25E-06,1.13E-05,8.49E-05,2.23E-05,2.23E-05
2009/12/10,0,0,0,0,0
2009/12/11,0,0,0,0,0
2009/12/12,0,0,0,0,0
2009/12/13,0,0,0,0,0
2009/12/14,0,0,0,0,0
2009/12/15,0,0,0,0,0
2009/12/16,0,0,0,0,0
2009/12/17,0,0,0,0,0
2009/12/18,0,0,0,0,0
2009/12/19,0,0,3.01E-07,0,0
2009/12/20,0,0,1.18E-06,9.95E-05,9.95E-05
2009/12/21,0.01875261,0.024821073,2.48E-05,8.38E-05,8.38E-05
2009/12/22,0.011981078,0.019298836,0.000145482,1.26E-05,1.26E-05
2009/12/23,0,8.09E-07,1.10E-06,4.02E-06,4.02E-06
2009/12/24,0,0,0,0,0
2009/12/25,0,0,0,0,0
2009/12/26,0,0,0,0,0
2009/12/27,0,0,0,1.79E-06,1.79E-06
2009/12/28,0,0,0,0,0
2009/12/29,0,0,0,0,0
2009/12/30,0,0,0,0,0
2009/12/31,0,0,0,0,0
2010/1/1,0,0,0,0,0
2010/1/2,0,0,0,0,0
2010/1/3,0,0,0,0,0
2010/1/4,0,0,0,0,0
2010/1/5,0.001026852,0.001000334,0,0,0
2010/1/6,0.000374941,0.000140784,0,0,0
2010/1/7,0,0,0,0,0
2010/1/8,0,0,0,0,0
2010/1/9,0,0,0,0,0
2010/1/10,0,0,4.29E-07,0,0
2010/1/11,0,0,0.008108894,0,0
2010/1/12,0,0,0.003904601,0,0
2010/1/13,0,0,1.25E-05,0,0
2010/1/14,0,0,5.89E-11,0,0
2010/1/15,0,0,1.07E-05,7.86E-06,7.86E-06
2010/1/16,9.74E-07,6.98E-09,8.98E-05,1.07E-05,1.07E-05
2010/1/17,7.12E-07,1.17E-06,0.000322045,6.74E-05,6.74E-05
2010/1/18,0,0,0.002854976,4.39E-04,0.000438708
2010/1/19,0,0,0,0,0
2010/1/20,0,0,0,0,0
2010/1/21,0,0,0,0,0
2010/1/22,0,0,0,0,0
2010/1/23,0,0,0,0,0
2010/1/24,0,0,0,0,0
2010/1/25,0,0,0,3.54E-07,3.54E-07
2010/1/26,0,0,1.11E-05,0,0
2010/1/27,0,0,0,0,0
2010/1/28,0,0,0,0,0
2010/1/29,4.72E-08,0,7.84E-07,6.93E-05,6.93E-05
2010/1/30,1.67E-06,0,0,6.80E-07,6.80E-07
2010/1/31,0,0,0,0,0
2010/2/1,0,0,0,0,0
2010/2/2,0,0,0,0,0
2010/2/3,0,0,0,0,0
2010/2/4,0,0,0,9.36E-06,9.36E-06
2010/2/5,0,0,0,0,0
2010/2/6,0,0,0,3.51E-06,3.51E-06
2010/2/7,0,0,8.27E-06,7.55E-06,7.55E-06
2010/2/8,0,0,0,0,0
2010/2/9,0,0,0,0,0
2010/2/10,0,0,0,0,0
2010/2/11,0,0,0,0,0
2010/2/12,0,0,4.93E-08,0,0
2010/2/13,0,0,0,0,0
2010/2/14,0,0,0,0,0
2010/2/15,0,1.90E-05,3.81E-05,0,0
2010/2/16,0,4.92E-06,3.24E-05,0,0
2010/2/17,0,6.34E-05,2.00E-05,1.98E-06,1.98E-06
2010/2/18,3.24E-06,0.000879768,0.002245392,8.30E-04,0.000830041
2010/2/19,0.001972639,0.006707887,0.03255005,0.015269484,0.015269484
2010/2/20,0.006521997,0.025925199,0.007052075,0.001181854,0.001181854
2010/2/21,0.000109842,0.009895808,0.001177843,0.001151492,0.001151492
2010/2/22,0.000284448,0.000142943,0.04270097,0.012490954,0.012490954
2010/2/23,0,0,4.47E-05,0,0
2010/2/24,0,0,0,0,0
2010/2/25,1.37E-08,0,0.000649874,1.86E-04,0.000186175
2010/2/26,8.31E-08,0,1.43E-05,1.65E-04,0.000165426
2010/2/27,2.92E-06,1.23E-05,0.000661102,0.001222159,0.001222159
2010/2/28,0.000305039,0,0.008440985,0.005355985,0.005355985
2010/3/1,-4.99E-11,0,0.123321022,0.057252929,0.057252929
2010/3/2,7.98E-05,0.004478336,0.224419366,0.329904431,0.329904431
2010/3/3,0,0.023508416,0.271410134,0.443566787,0.443566787
2010/3/4,0,0.003143412,0.137746676,0.223562844,0.223562844
2010/3/5,0,0.000150461,0.177749237,0.145744116,0.145744116
2010/3/6,0,0.000524524,0.181998134,0.243689558,0.243689558
2010/3/7,0,0.013666052,0.230146666,0.400169223,0.400169223
2010/3/8,8.62E-06,0.013596549,0.06095098,0.132814714,0.132814714
2010/3/9,0.000158663,0.000585979,0.020532349,0.014545603,0.014545603
2010/3/10,0.001500484,0.001188603,0.051221085,0.020203108,0.020203108
2010/3/11,8.85E-05,7.45E-05,0.014419865,0.014021192,0.014021192
2010/3/12,0.001041528,0.001057405,0.043082027,0.059676453,0.059676453
2010/3/13,0.000348335,0.003439418,0.088834713,0.065271577,0.065271577
2010/3/14,0,0.000244745,0.06804101,0.082147869,0.082147869
2010/3/15,3.56E-07,0.095213713,0.246450665,0.707814748,0.707814748
2010/3/16,0.000101515,0.065388533,0.174058331,0.47003978,0.47003978
2010/3/17,0.000799722,0.001074935,0.033118889,0.052117853,0.052117853
2010/3/18,0.043959219,0.018178086,0.32901126,0.162493772,0.162493772
2010/3/19,0.000258341,0.00034874,0.00561774,0.001917378,0.001917378
2010/3/20,0.000279669,0.000462101,0.01521854,0.009813637,0.009813637
2010/3/21,0.000321333,8.30E-05,0.024494335,0.002305222,0.002305222
2010/3/22,0.000120747,6.33E-05,0.011557318,0.001191213,0.001191213
2010/3/23,0.000235286,6.98E-05,0.016276472,0.002279713,0.002279713
2010/3/24,8.99E-05,4.15E-06,0.103233836,3.41E-04,0.000341465
2010/3/25,0.000859095,0.00071706,0.072569371,0.005534604,0.005534604
2010/3/26,0.001518247,0.001478907,0.111435151,0.017928492,0.017928492
2010/3/27,0.008157197,0.006673362,0.308504235,0.119300443,0.119300443
2010/3/28,0.047844368,0.076195054,0.620816638,0.830556518,0.830556518
2010/3/29,0.000120205,0.235781887,0.207514016,0.711786009,0.711786009
2010/3/30,0.000572606,0.184009584,0.223210418,0.507169714,0.507169714
2010/3/31,0.000158753,0.061046116,0.478463809,0.195697296,0.195697296
2010/4/1,0.000705031,0.043966997,0.109245991,0.088784178,0.088784178
2010/4/2,0.00320148,0.037219825,0.339724785,0.245503208,0.245503208
2010/4/3,0.004498452,0.054082014,0.790780221,0.364325395,0.364325395
2010/4/4,0.000962261,0.057669093,0.303759305,0.348337396,0.348337396
2010/4/5,0.002900846,0.227777977,0.147157923,0.556861456,0.556861456
2010/4/6,0.012995527,0.392983046,0.308748632,0.72048749,0.72048749
2010/4/7,0.011323534,0.425366488,0.134577537,0.539026432,0.539026432
2010/4/8,0.002485431,0.46067361,0.190876927,0.484242392,0.484242392
2010/4/9,0.002558414,0.170201222,0.239459152,0.411990802,0.411990802
2010/4/10,0.000495539,0.075786106,0.451601586,0.323992125,0.323992125
2010/4/11,0.00217762,0.039854214,0.421360377,0.119515404,0.119515404
2010/4/12,0.025775683,0.21727659,0.200981904,0.117652001,0.117652001
2010/4/13,0.037889502,0.419220869,0.25432539,0.500234707,0.500234707
2010/4/14,0.058448316,1.319195525,0.60882267,1.161339284,1.161339284
2010/4/15,0.068492847,1.649247867,0.934076439,1.659757274,1.659757274
2010/4/16,0.110467314,1.688945673,1.439826501,2.024528324,2.024528324
2010/4/17,0.201613495,1.14675777,1.745034125,1.576143042,1.576143042
2010/4/18,0.474540971,2.420512031,3.195803489,2.598933089,2.598933089
2010/4/19,0.794027968,5.077036357,4.395093519,3.805430398,3.805430398
2010/4/20,1.054247842,6.091751645,4.951996904,3.983584763,3.983584763
2010/4/21,1.354017191,5.065955527,6.045997512,3.02072155,3.02072155
2010/4/22,1.360472792,2.788259156,3.573080032,1.80963494,1.80963494
2010/4/23,1.08826705,1.731118685,4.564050101,3.087852292,3.087852292
2010/4/24,0.562262524,1.772646755,5.02507065,3.786446229,3.786446229
2010/4/25,0.408761657,1.588035777,3.282941943,2.648838223,2.648838223
2010/4/26,0.514662077,1.897451076,4.774003551,3.436924336,3.436924336
2010/4/27,1.185838248,2.947412093,7.047475471,3.975106562,3.975106562
2010/4/28,2.015306488,4.172266917,9.777271177,4.88134222,4.88134222
2010/4/29,2.372064412,5.0366575,7.384369683,4.872905493,4.872905493
2010/4/30,1.905826817,3.237437102,5.560227828,3.552875847,3.552875847
2010/5/1,0.881969809,2.183392908,3.076279153,2.609889546,2.609889546
2010/5/2,0.772192096,1.27863322,2.251544235,1.698929437,1.698929437
2010/5/3,0.905618797,0.809900447,1.381244954,1.150519758,1.150519758
2010/5/4,1.195280218,0.877229948,1.614952545,1.408361138,1.408361138
2010/5/5,1.847923628,1.308841695,2.442289766,2.171321824,2.171321824
2010/5/6,2.005286867,1.704532588,3.281012979,3.217032938,3.217032938
2010/5/7,2.40252733,2.267644374,3.733352153,3.92627174,3.92627174
2010/5/8,3.085256816,2.318824811,3.34418164,3.058297771,3.058297771
2010/5/9,4.267086091,2.305119769,1.840555901,2.639520778,2.639520778
2010/5/10,4.516556776,2.525718511,1.326791597,2.608296037,2.608296037
2010/5/11,3.90802776,3.169802523,1.521775115,2.496547768,2.496547768
2010/5/12,3.382406651,3.093763879,1.831938834,2.16642572,2.16642572
2010/5/13,3.441980325,2.92439476,2.938838074,2.543120457,2.543120457
2010/5/14,3.196954669,2.259903113,3.073747436,2.690212637,2.690212637
2010/5/15,2.871751892,2.215898932,2.315685932,2.539163773,2.539163773
2010/5/16,3.015843876,1.920735431,2.063356365,2.023749862,2.023749862
2010/5/17,3.209063264,2.037701228,1.943686941,2.32803312,2.32803312
2010/5/18,3.510197065,1.80824413,1.570585786,2.201604723,2.201604723
2010/5/19,2.807671619,1.62987881,1.308622917,1.974630757,1.974630757
2010/5/20,2.55513547,1.196081431,0.638935853,1.458059646,1.458059646
2010/5/21,2.059992395,1.233092845,0.665845544,1.476746991,1.476746991
2010/5/22,1.795611913,1.196262578,0.868836898,1.808984152,1.808984152
2010/5/23,1.794579733,1.38023038,1.669966415,2.330976577,2.330976577
2010/5/24,2.407317289,1.841568028,1.896355598,2.501607653,2.501607653
2010/5/25,2.114313143,2.129903707,1.781715006,2.576764092,2.576764092
2010/5/26,1.854810779,2.009815436,2.013566915,2.707853687,2.707853687
2010/5/27,1.926571966,2.096613482,2.024876826,2.595438554,2.595438554
2010/5/28,1.882487571,1.959574423,1.545047303,2.433455985,2.433455985
2010/5/29,2.030694646,2.064074972,1.737020124,2.76348025,2.76348025
2010/5/30,1.886734802,2.211225752,1.679922315,3.07721846,3.07721846
2010/5/31,2.022062385,2.359761648,1.392754251,3.42148009,3.42148009
2010/6/1,1.717904953,1.759762817,1.028210126,1.856456055,1.856456055
2010/6/2,1.683403501,1.425100186,0.868211564,1.733135232,1.733135232
2010/6/3,1.558140929,1.475437901,0.714751136,1.791059286,1.791059286
2010/6/4,1.742852648,1.402482639,0.676732884,1.487583198,1.487583198
2010/6/5,1.796616414,1.282739996,0.611866016,1.362844545,1.362844545
2010/6/6,1.867628239,1.265123514,0.544911902,1.521992173,1.521992173
2010/6/7,1.45029624,1.149158818,0.751614024,1.284639793,1.284639793
2010/6/8,1.367238736,1.159311515,0.811841003,1.264148196,1.264148196
2010/6/9,1.319306423,1.073475983,0.725049321,1.080172457,1.080172457
2010/6/10,0.9894486,0.868826029,0.561292941,0.835804482,0.835804482
2010/6/11,0.619154934,0.634630825,0.456698813,0.661660837,0.661660837
2010/6/12,0.567112779,0.607428241,0.485776131,0.581382824,0.581382824
2010/6/13,0.363320478,0.387566942,0.347767189,0.422222145,0.422222145
2010/6/14,0.502341807,0.429462853,0.224614117,0.403844223,0.403844223
2010/6/15,0.45125242,0.454530812,0.232316725,0.491976492,0.491976492
2010/6/16,0.327406672,0.392167038,0.230898416,0.437957817,0.437957817
2010/6/17,0.293494476,0.295950759,0.207470253,0.377216709,0.377216709
2010/6/18,0.301319885,0.263958092,0.218610635,0.331391482,0.331391482
2010/6/19,0.295681199,0.231284543,0.222155968,0.27676488,0.27676488
2010/6/20,0.213047581,0.189477834,0.215067053,0.222629771,0.222629771
2010/6/21,0.176538264,0.153954119,0.199517726,0.158366915,0.158366915
2010/6/22,0.148040663,0.10839325,0.171286711,0.094291791,0.094291791
2010/6/23,0.094802835,0.063610749,0.135192165,0.069375551,0.069375551
2010/6/24,0.073560976,0.064437709,0.12704442,0.052727748,0.052727748
2010/6/25,0.060555228,0.063352134,0.108598678,0.041526409,0.041526409
2010/6/26,0.049485233,0.054690169,0.084716813,0.038632736,0.038632736
2010/6/27,0.061061653,0.053644522,0.08493305,0.031928947,0.031928947
2010/6/28,0.046222213,0.049829027,0.069000805,0.020670157,0.020670157
2010/6/29,0.030723566,0.055036112,0.065828763,0.024986802,0.024986802
2010/6/30,0.034386496,0.041202653,0.048517926,0.101184483,0.101184483
2010/7/1,0.024261639,0.051224843,0.044824423,0.141868645,0.141868645
2010/7/2,0.018083162,0.053762493,0.05934297,0.28487769,0.28487769
2010/7/3,0.016747836,0.038295692,0.045949795,0.167470755,0.167470755
2010/7/4,0.022934458,0.036177996,0.037655807,0.071290899,0.071290899
2010/7/5,0.019514787,0.030750902,0.041721523,0.036036175,0.036036175
2010/7/6,0.010620745,0.026711131,0.047290414,0.014532378,0.014532378
2010/7/7,0.007582625,0.032204955,0.049443215,0.006096134,0.006096134
2010/7/8,0.003925181,0.032820137,0.045136599,0.004027616,0.004027616
2010/7/9,0.002642899,0.030248747,0.037255751,0.003190819,0.003190819
2010/7/10,0.002276368,0.02547095,0.02566365,0.001957346,0.001957346
2010/7/11,0.002703128,0.038588682,0.021767095,0.003484157,0.003484157
2010/7/12,0.004561652,0.090563522,0.020834065,0.011694611,0.011694611
2010/7/13,0.004188754,0.057164948,0.053366207,0.029576809,0.029576809
2010/7/14,0.002375946,0.036964392,0.116236203,0.013717932,0.013717932
2010/7/15,0.003918624,0.036459847,0.056608623,0.007135966,0.007135966
2010/7/16,0.004979811,0.030189331,0.023404065,0.00717922,0.00717922
2010/7/17,0.003748871,0.02613902,0.019587741,0.006099877,0.006099877
2010/7/18,0.00233456,0.023465565,0.017878832,0.003064052,0.003064052
2010/7/19,0.000944057,0.023960299,0.015644255,0.00208546,0.00208546
2010/7/20,0.000317114,0.024411311,0.013974691,0.001752678,0.001752678
2010/7/21,0.000128945,0.02059102,0.012269237,0.001658454,0.001658454
2010/7/22,5.34E-05,0.020140445,0.011465122,0.001640892,0.001640892
2010/7/23,3.76E-05,0.016910534,0.008056218,0.001693187,0.001693187
2010/7/24,0.001959549,0.018239315,0.008324294,0.00404943,0.00404943
2010/7/25,0.011027537,0.020941849,0.009791058,0.004575798,0.004575798
2010/7/26,0.011362899,0.018728591,0.011496075,0.003154382,0.003154382
2010/7/27,0.006531531,0.016054939,0.010973686,0.001856207,0.001856207
2010/7/28,0.009386706,0.022645771,0.011903195,0.014751716,0.014751716
2010/7/29,0.017704022,0.027787564,0.012148234,0.020350522,0.020350522
2010/7/30,0.046258759,0.024149408,0.010606565,0.014313743,0.014313743
2010/7/31,0.030292112,0.017908246,0.006711809,0.006311861,0.006311861
2010/8/1,0.020630988,0.018015795,0.007617533,0.00193783,0.00193783
2010/8/2,0.014511352,0.023190106,0.006495188,0.001121142,0.001121142
2010/8/3,0.047407163,0.029126347,0.006597723,0.014533683,0.014533683
2010/8/4,0.088305821,0.022060223,0.005225936,0.021564288,0.021564288
2010/8/5,0.085759076,0.022774196,0.003946947,0.018340631,0.018340631
2010/8/6,0.097756102,0.015546799,0.003849039,0.010162865,0.010162865
2010/8/7,0.098658143,0.01801298,0.003003943,0.006437791,0.006437791
2010/8/8,0.079724371,0.018727194,0.003225433,0.002941396,0.002941396
2010/8/9,0.05568986,0.015179838,0.003123583,0.001267558,0.001267558
2010/8/10,0.035667542,0.013040596,0.003303351,6.43E-04,0.000643435
2010/8/11,0.021052456,0.01507491,0.004122136,0.00692721,0.00692721
2010/8/12,0.060290273,0.048343554,0.007847034,0.029860794,0.029860794
2010/8/13,0.112867428,0.064164742,0.058029845,0.070729689,0.070729689
2010/8/14,0.10946988,0.059483414,0.021476635,0.045035244,0.045035244
2010/8/15,0.091339694,0.040773025,0.00962677,0.0181576,0.0181576
2010/8/16,0.056283376,0.026958808,0.004737889,0.004730327,0.004730327
2010/8/17,0.028024197,0.023045047,0.004778818,0.010870485,0.010870485
2010/8/18,0.0670218,0.029579087,0.040578764,0.048529792,0.048529792
2010/8/19,0.055214675,0.027462698,0.026396206,0.031463218,0.031463218
2010/8/20,0.032434172,0.041904119,0.008390191,0.013033581,0.013033581
2010/8/21,0.035644891,0.058892745,0.005452512,0.006697694,0.006697694
2010/8/22,0.054474962,0.0582772,0.004063689,0.003277144,0.003277144
2010/8/23,0.06195077,0.046331487,0.003504564,0.001457481,0.001457481
2010/8/24,0.066833425,0.032550331,0.003832637,0.001752636,0.001752636
2010/8/25,0.050061859,0.021922812,0.003077238,0.001745075,0.001745075
2010/8/26,0.041720646,0.024581906,0.00236138,0.003455262,0.003455262
2010/8/27,0.028511396,0.028590737,0.006139629,0.006923554,0.006923554
2010/8/28,0.020903015,0.028369047,0.017298807,0.007840584,0.007840584
2010/8/29,0.037545179,0.026460205,0.017564738,0.00518695,0.00518695
2010/8/30,0.039442363,0.019293178,0.021947988,0.003515225,0.003515225
2010/8/31,0.030983096,0.018760235,0.021456119,0.002963873,0.002963873
2010/9/1,0.041946824,0.017853039,0.030010539,0.002935816,0.002935816
2010/9/2,0.029321049,0.016596952,0.032182979,0.009214089,0.009214089
2010/9/3,0.066608478,0.025308075,0.021845359,0.01652959,0.01652959
2010/9/4,0.102717075,0.071148475,0.019394462,0.050365228,0.050365228
2010/9/5,0.260006946,0.203186445,0.037518098,0.147224914,0.147224914
2010/9/6,0.49011351,0.316804392,0.052555038,0.157738866,0.157738866
2010/9/7,0.476440809,0.251442334,0.040872615,0.098934526,0.098934526
2010/9/8,0.303076739,0.100409675,0.035018068,0.045129952,0.045129952
2010/9/9,0.271002841,0.097142034,0.24793119,0.15439876,0.15439876
2010/9/10,0.224732075,0.100547151,0.365274022,0.144366874,0.144366874
2010/9/11,0.225216155,0.077544464,0.278788149,0.240776907,0.240776907
2010/9/12,0.22666092,0.091686641,0.222344041,0.255720692,0.255720692
2010/9/13,0.168407674,0.099494091,0.403111046,0.40975001,0.40975001
2010/9/14,0.249008309,0.103708032,0.292372199,0.337399475,0.337399475
2010/9/15,0.347450842,0.170073724,0.276194367,0.305417188,0.305417188
2010/9/16,0.491246881,0.155611554,0.30680128,0.24973597,0.24973597
2010/9/17,0.457053126,0.27553525,0.428078846,0.365300736,0.365300736
2010/9/18,0.339216221,0.348451422,0.21547741,0.374854946,0.374854946
2010/9/19,0.374641146,0.264254223,0.250464629,0.263309437,0.263309437
2010/9/20,0.471507245,0.199026361,0.313714838,0.312874911,0.312874911
2010/9/21,0.314157726,0.224062589,0.606230749,0.425192214,0.425192214
2010/9/22,0.317748424,0.301437734,0.718206577,0.619815077,0.619815077
2010/9/23,0.254743788,0.205301109,0.407418801,0.40093189,0.40093189
2010/9/24,0.290105417,0.339275719,0.262926105,0.40574686,0.40574686
2010/9/25,0.232255599,0.385578949,0.355953888,0.515942697,0.515942697
2010/9/26,0.283996293,0.540268974,0.420220809,0.642667832,0.642667832
2010/9/27,0.308020356,0.546757421,0.445841199,0.623002348,0.623002348
2010/9/28,0.407700975,0.672808888,0.547584497,0.751189195,0.751189195
2010/9/29,0.261770274,0.452663487,0.239394705,0.384741829,0.384741829
2010/9/30,0.202198792,0.661983074,0.369535661,0.480829424,0.480829424
2010/10/1,0.432212882,0.974847643,0.384222167,0.701161064,0.701161064
2010/10/2,0.871567136,0.918937832,0.321527967,0.61788502,0.61788502
2010/10/3,0.622135269,0.87047272,0.183793075,0.454532812,0.454532812
2010/10/4,0.357802667,0.574955047,0.280200975,0.557278799,0.557278799
2010/10/5,0.289218664,0.243850204,0.311096772,0.3945333,0.3945333
2010/10/6,0.198501642,0.439087357,0.326807307,0.588584241,0.588584241
2010/10/7,0.121790533,0.278406583,0.398639885,0.560260401,0.560260401
2010/10/8,0.100421981,0.155206541,0.30526072,0.369050026,0.369050026
2010/10/9,0.112995987,0.115189835,0.639153171,0.544808089,0.544808089
2010/10/10,0.137024839,0.251046041,0.7253305,0.520435649,0.520435649
2010/10/11,0.180197249,0.267835804,0.292335516,0.33575219,0.33575219
2010/10/12,0.101210785,0.130356225,0.238831849,0.185673032,0.185673032
2010/10/13,0.048353756,0.100532944,0.356828123,0.251042268,0.251042268
2010/10/14,0.043684527,0.116078339,0.469897301,0.359334749,0.359334749
2010/10/15,0.075953768,0.232520292,0.365238703,0.537234874,0.537234874
2010/10/16,0.068550252,0.141887924,0.124997344,0.24159619,0.24159619
2010/10/17,0.022167044,0.051262891,0.086989057,0.138400622,0.138400622
2010/10/18,0.022519695,0.090748384,0.210578237,0.30002187,0.30002187
2010/10/19,0.038567142,0.103757363,0.152342254,0.213365802,0.213365802
2010/10/20,0.031252789,0.102738134,0.089858358,0.139950035,0.139950035
2010/10/21,0.012638877,0.033311394,0.157596532,0.081197461,0.081197461
2010/10/22,0.01473754,0.034700498,0.07172259,0.047585311,0.047585311
2010/10/23,0.013711609,0.099827014,0.202398734,0.240461414,0.240461414
2010/10/24,0.004635091,0.030726977,0.158679946,0.113960108,0.113960108
2010/10/25,0.007797562,0.07737213,0.153106628,0.18722959,0.18722959
2010/10/26,0.009285549,0.073894657,0.150709959,0.191250125,0.191250125
2010/10/27,0.008764042,0.060519977,0.239354435,0.230606188,0.230606188
2010/10/28,0.014341344,0.032303807,0.346543478,0.142513786,0.142513786
2010/10/29,0.013024199,0.032891894,0.213293726,0.090336464,0.090336464
2010/10/30,0.01405166,0.059842054,0.19163189,0.194417421,0.194417421
2010/10/31,0.00751917,0.065288672,0.133544745,0.136462548,0.136462548
2010/11/1,0.011299026,0.052529099,0.174432584,0.136808788,0.136808788
2010/11/2,0.012715372,0.092631014,0.141985602,0.19202076,0.19202076
2010/11/3,0.020757752,0.053362015,0.449052554,0.136619623,0.136619623
2010/11/4,0.026678969,0.05676244,0.81999093,0.348648362,0.348648362
2010/11/5,0.015123744,0.400908448,0.772540752,0.996872529,0.996872529
2010/11/6,0.023681075,0.246053327,0.849564418,0.944151836,0.944151836
2010/11/7,0.014024579,0.047064974,0.400105341,0.351975341,0.351975341
2010/11/8,0.012888931,0.024251417,0.137821432,0.096021232,0.096021232
2010/11/9,0.004863371,0.004921359,0.030827077,0.014680996,0.014680996
2010/11/10,0.000681843,0.000773738,0.010197118,0.00630881,0.00630881
2010/11/11,0.001119712,0.00932257,0.312720045,0.13476379,0.13476379
2010/11/12,0.00254189,0.090043846,0.620494381,0.627411398,0.627411398
2010/11/13,0.000830744,0.011024278,0.365612686,0.212034207,0.212034207
2010/11/14,0.000435814,0.088236156,0.970978505,0.856476244,0.856476244
2010/11/15,0.003085147,0.014186475,0.67083057,0.282804168,0.282804168
2010/11/16,0.009365325,0.022196407,0.246275354,0.07169018,0.07169018
2010/11/17,0.002069051,0.004991681,0.026364181,0.016067605,0.016067605
2010/11/18,0.00046263,0.000720261,0.012936227,0.008936764,0.008936764
2010/11/19,0.001155601,0.00050025,0.003988826,9.98E-04,0.000997635
2010/11/20,0.015353601,0.009718574,1.55E-05,6.50E-06,6.50E-06
2010/11/21,0.028967799,0.03998559,6.17E-05,3.74E-04,0.000374067
2010/11/22,0.076300493,0.42516133,0.002526894,0.001040159,0.001040159
2010/11/23,0.011778747,0.140606234,0,9.93E-07,9.93E-07
2010/11/24,0.005666182,0.08551106,0,1.60E-06,1.60E-06
2010/11/25,8.24E-06,0.000113769,8.27E-05,2.66E-06,2.66E-06
2010/11/26,0,0,0.000147328,9.94E-07,9.94E-07
2010/11/27,2.15E-06,0,3.49E-07,1.07E-04,0.000106797
2010/11/28,0,5.05E-07,0.000119095,8.69E-05,8.69E-05
2010/11/29,8.43E-06,1.89E-05,0.000233533,0.004316345,0.004316345
2010/11/30,0.00014405,0.000270006,0.008027596,0.003139197,0.003139197
2010/12/1,0,0,2.83E-05,0,0
2010/12/2,2.61E-06,7.14E-07,1.75E-06,3.13E-04,0.000313034
2010/12/3,5.09E-05,0.000137888,0.002436718,2.74E-04,0.000274489
2010/12/4,0,0,0,0,0
2010/12/5,0,0,1.40E-05,0,0
2010/12/6,0,0,0.000218031,0,0
2010/12/7,0,0,0.000126838,0,0
2010/12/8,5.44E-07,8.88E-08,0.000206544,1.12E-04,0.000111837
2010/12/9,0,0,0,0,0
2010/12/10,0,0,0,0,0
2010/12/11,0.000147071,0,0,4.57E-06,4.57E-06
2010/12/12,0,0,0,0,0
2010/12/13,0,0,1.20E-05,0,0
2010/12/14,0,0,0,0,0
2010/12/15,0,0,0,0,0
2010/12/16,0,0,0,2.69E-06,2.69E-06
2010/12/17,1.28E-06,0,0.00098752,3.13E-05,3.13E-05
2010/12/18,0,0,1.08E-05,4.23E-08,4.23E-08
2010/12/19,0,0,3.70E-07,1.77E-05,1.77E-05
2010/12/20,0,0,3.09E-05,1.26E-05,1.26E-05
2010/12/21,0,0,0,0,0
2010/12/22,0,0,0,0,0
2010/12/23,0,0,0,0,0
2010/12/24,0,0,7.73E-06,0,0
2010/12/25,0,0,6.08E-05,0,0
2010/12/26,0,0,0,0,0
2010/12/27,0,0,0,0,0
2010/12/28,0,0,0,0,0
2010/12/29,0,0,0,0,0
2010/12/30,0,0,0,0,0
2010/12/31,0,0,0,0,0
2011/1/1,0.000370992,0.000572316,0,0,0
2011/1/2,0.006105409,0.015360802,0,0,0
2011/1/3,0,4.37E-06,0,0,0
2011/1/4,2.58E-05,1.69E-05,0,0,0
2011/1/5,3.19E-11,3.36E-11,0,0,0
2011/1/6,0,0,0,0,0
2011/1/7,0,0,0,0,0
2011/1/8,0.001066176,8.50E-05,0,0,0
2011/1/9,0.00416133,0.002332427,0,0,0
2011/1/10,0,0,0,0,0
2011/1/11,0,0,0,0,0
2011/1/12,0,0,0,0,0
2011/1/13,0,0,0,0,0
2011/1/14,0,0,0,0,0
2011/1/15,0,0,0,0,0
2011/1/16,0,0,0,0,0
2011/1/17,0,0,0,0,0
2011/1/18,0,0,0,0,0
2011/1/19,0,0,0,0,0
2011/1/20,0,0,0,0,0
2011/1/21,0,0,0,0,0
2011/1/22,0,0,0,0,0
2011/1/23,0,0,0,0,0
2011/1/24,0,0,0,0,0
2011/1/25,0,0,2.83E-05,0,0
2011/1/26,0,0,0.008748459,7.86E-05,7.86E-05
2011/1/27,0,0,0.031217587,5.36E-06,5.36E-06
2011/1/28,0,0,0.000802594,0,0
2011/1/29,0,0,0,0,0
2011/1/30,0.00026861,8.13E-05,4.95E-06,0,0
2011/1/31,1.28E-05,8.38E-06,0.000118892,7.12E-06,7.12E-06
2011/2/1,5.14E-06,0,0.001082915,5.93E-05,5.93E-05
2011/2/2,2.74E-06,0,0.000429599,0.004911399,0.004911399
2011/2/3,6.80E-05,5.85E-07,0.04626384,0.030781887,0.030781887
2011/2/4,6.50E-05,0,0.005679633,0.002270213,0.002270213
2011/2/5,2.84E-06,4.70E-07,4.01E-05,1.47E-04,0.000146717
2011/2/6,0.000410953,1.36E-05,0.005521798,0.00196524,0.00196524
2011/2/7,0.000228302,9.28E-08,0.000850852,0.001746277,0.001746277
2011/2/8,8.87E-05,1.65E-05,0.000206866,1.30E-05,1.30E-05
2011/2/9,0.000187717,9.71E-05,0.000307906,5.86E-04,0.000585908
2011/2/10,0.000408031,1.84E-05,0.001686992,8.74E-04,0.000873669
2011/2/11,1.92E-05,5.66E-11,7.36E-05,4.20E-04,0.000419799
2011/2/12,6.59E-06,5.44E-07,1.61E-05,1.24E-04,0.000123691
2011/2/13,0.001079582,0.000155961,0.00275353,0.005083649,0.005083649
2011/2/14,0.000328883,6.78E-05,0.0075737,0.003058394,0.003058394
2011/2/15,0.000838759,0.000284333,0.003651777,0.001005215,0.001005215
2011/2/16,0.000335489,0.000376848,0.006907941,0.001444418,0.001444418
2011/2/17,0.000149734,2.06E-05,0.012354834,0.002493868,0.002493868
2011/2/18,0.000684771,0.000619415,0.024303725,0.007001554,0.007001554
2011/2/19,0.001487239,0.002498175,0.046739426,0.013385361,0.013385361
2011/2/20,0.00407426,0.002487643,0.054539987,0.022556601,0.022556601
2011/2/21,0.001719573,0.001837018,0.050633229,0.015156271,0.015156271
2011/2/22,1.84E-05,3.82E-10,0.00024391,4.44E-04,0.000444158
2011/2/23,0,9.13E-07,0.000391737,4.62E-05,4.62E-05
2011/2/24,0.000488022,3.79E-05,0.005613573,0.002023693,0.002023693
2011/2/25,3.13E-05,0,0,0,0
2011/2/26,0,0,0.000238631,2.05E-06,2.05E-06
2011/2/27,8.14E-06,0,0.000120433,1.36E-04,0.00013577
2011/2/28,1.88E-05,1.48E-07,0.000262279,2.47E-04,0.000247127
2011/3/1,5.72E-05,5.68E-06,0.001649969,5.96E-04,0.000596052
2011/3/2,0.000158416,0.000147494,0.001792011,7.25E-04,0.000725172
2011/3/3,0.000584517,0.000703407,0.015712259,0.004544986,0.004544986
2011/3/4,0.00094889,0.001045268,0.020245866,0.004802472,0.004802472
2011/3/5,0.000323508,0.000338493,0.000961235,0.004060023,0.004060023
2011/3/6,0.00065308,0.000694155,0.012105307,0.005005547,0.005005547
2011/3/7,0.00120088,0.000781896,0.025407695,0.008995553,0.008995553
2011/3/8,0.001105744,0.001374342,0.032793895,0.010512783,0.010512783
2011/3/9,0.001663494,0.002973191,0.071955411,0.019885102,0.019885102
2011/3/10,0.005388171,0.006197107,0.133865371,0.047524328,0.047524328
2011/3/11,0.013818065,0.013207006,0.216682987,0.08463526,0.08463526
2011/3/12,9.84E-05,4.05E-05,0.000106492,6.10E-05,6.10E-05
2011/3/13,0.000106304,0.000138427,0.001615363,0.001836648,0.001836648
2011/3/14,0.000178056,0.000141753,0.002532639,0.003606825,0.003606825
2011/3/15,0.001175291,0.001360481,0.023968973,0.009463051,0.009463051
2011/3/16,0.007534411,0.005392148,0.112097984,0.057764096,0.057764096
2011/3/17,8.95E-05,9.10E-07,0.000164943,4.03E-04,0.000402543
2011/3/18,0.000207978,0.000198585,0.001818534,7.32E-04,0.000731551
2011/3/19,6.32E-06,3.58E-08,9.27E-05,3.48E-04,0.0003482
2011/3/20,3.14E-06,0,0.000623774,2.76E-06,2.76E-06
2011/3/21,0.001169057,0.000110243,0.001890625,0.001119034,0.001119034
2011/3/22,0.000564091,0.000246999,0.004273855,0.004202398,0.004202398
2011/3/23,0.000579933,0.000476695,0.011364237,0.008699736,0.008699736
2011/3/24,0.001904284,0.003876357,0.04892623,0.016985751,0.016985751
2011/3/25,0.005873146,0.007872239,0.20747514,0.049751066,0.049751066
2011/3/26,0.019741404,0.023101814,0.49777015,0.170576266,0.170576266
2011/3/27,0.171631557,0.181036708,1.085560155,0.542914771,0.542914771
2011/3/28,0.15266962,0.090576179,0.302580891,0.182908875,0.182908875
2011/3/29,0.081966684,0.139824507,0.560114368,0.355436712,0.355436712
2011/3/30,0.0300379,0.049336034,0.186533535,0.3594107,0.3594107
2011/3/31,0.003022084,0.129608592,0.315485216,0.639583763,0.639583763
2011/4/1,0.01226125,0.053762809,0.305526266,0.394982854,0.394982854
2011/4/2,0.034645922,0.069594648,1.168030665,0.39997209,0.39997209
2011/4/3,0.138510123,0.196536137,1.078122149,0.6305081,0.6305081
2011/4/4,0.167061688,0.146138154,0.943086011,0.671258693,0.671258693
2011/4/5,0.004771071,0.058882675,0.76966559,0.616493462,0.616493462
2011/4/6,0.012965685,0.079892313,0.805594604,0.631699896,0.631699896
2011/4/7,0.012377903,0.022348282,0.882656598,0.20407887,0.20407887
2011/4/8,0.009777761,0.113292266,1.625451063,0.954638515,0.954638515
2011/4/9,0.012933327,0.30109139,3.23846113,2.311534136,2.311534136
2011/4/10,0.05239642,0.314271212,4.646031943,2.737389265,2.737389265
2011/4/11,0.179461554,0.479260607,5.964793583,2.575014141,2.575014141
2011/4/12,0.184261338,0.454180311,6.115350897,2.585248066,2.585248066
2011/4/13,0.222390245,0.640534407,6.095293804,2.654387321,2.654387321
2011/4/14,0.171985199,0.633686873,4.382762723,2.488190999,2.488190999
2011/4/15,0.297961915,1.041812205,5.870362059,3.621131738,3.621131738
2011/4/16,0.433065795,1.025586633,5.879056866,3.49355666,3.49355666
2011/4/17,0.87471733,1.519632017,5.578391018,3.385485736,3.385485736
2011/4/18,0.976471037,1.629050895,3.665990422,3.788799526,3.788799526
2011/4/19,1.300123392,1.664841814,3.339127756,3.156772739,3.156772739
2011/4/20,1.886831076,1.689094909,3.517791054,3.252993127,3.252993127
2011/4/21,1.716152737,1.748849305,4.015846204,3.60625706,3.60625706
2011/4/22,1.664412681,1.810742254,4.313626849,3.608526358,3.608526358
2011/4/23,3.038006716,2.929551735,4.908520842,4.499750794,4.499750794
2011/4/24,2.832361337,2.54708401,1.519131694,2.0807297,2.0807297
2011/4/25,1.882693353,2.315954895,1.84536377,2.438416124,2.438416124
2011/4/26,2.152070515,3.091722484,2.251080517,3.609248079,3.609248079
2011/4/27,2.660182651,4.017320977,2.386281133,4.280910724,4.280910724
2011/4/28,2.654076052,3.259931855,1.628078528,3.214553658,3.214553658
2011/4/29,2.585960637,3.053847655,1.152930918,2.268111997,2.268111997
2011/4/30,2.041106864,3.251125252,1.37742343,2.497310363,2.497310363
2011/5/1,1.515443558,3.065908339,1.774034914,2.194755063,2.194755063
2011/5/2,1.303082946,2.610587863,1.623676873,1.996824695,1.996824695
2011/5/3,1.132513486,2.688353205,1.306270158,2.197446025,2.197446025
2011/5/4,0.765484362,2.972599765,1.181463536,2.52526697,2.52526697
2011/5/5,1.119895346,3.428774136,1.356574477,2.401442623,2.401442623
2011/5/6,1.876367592,3.598369854,1.704673424,2.753204314,2.753204314
2011/5/7,2.072562911,3.835779314,1.728044301,2.344097026,2.344097026
2011/5/8,1.754252355,4.173148384,1.069293855,1.786143099,1.786143099
2011/5/9,1.549244098,3.983103368,0.915176905,1.531560305,1.531560305
2011/5/10,1.746579389,3.944616501,0.749776218,1.105204575,1.105204575
2011/5/11,1.429412045,2.835944913,1.418617877,1.393177551,1.393177551
2011/5/12,1.681515917,2.663268733,2.538905642,2.235199821,2.235199821
2011/5/13,2.071108824,2.956075802,2.047820277,2.141831702,2.141831702
2011/5/14,2.977250304,3.972108816,1.379249721,1.817213347,1.817213347
2011/5/15,3.22787181,5.080216674,1.948543454,2.619127642,2.619127642
2011/5/16,2.728790669,4.730567987,1.565246253,2.605198538,2.605198538
2011/5/17,1.90182175,4.836208785,1.070215603,2.778978288,2.778978288
2011/5/18,2.635177043,4.852399394,0.925210043,2.630305807,2.630305807
2011/5/19,3.459176902,4.935392195,1.470132237,3.009310916,3.009310916
2011/5/20,4.564633912,4.584733033,1.954183783,3.274603559,3.274603559
2011/5/21,5.764895491,4.234386464,1.736065688,3.497774765,3.497774765
2011/5/22,5.854962765,3.93534916,1.555270324,2.988698902,2.988698902
2011/5/23,5.02359384,3.34394663,1.096580943,2.406741985,2.406741985
2011/5/24,4.435289228,3.120238341,0.921065975,2.24354416,2.24354416
2011/5/25,4.334338622,2.722163653,1.021730446,2.052974713,2.052974713
2011/5/26,4.776135004,2.612933657,1.078178932,2.067524743,2.067524743
2011/5/27,5.025753763,2.382995959,1.095979405,2.025613753,2.025613753
2011/5/28,5.594492335,2.067390367,0.965886696,1.801394429,1.801394429
2011/5/29,5.717807398,1.804059838,0.865893149,1.55522376,1.55522376
2011/5/30,5.211031178,1.558012373,0.865914197,1.284783649,1.284783649
2011/5/31,4.183736135,1.350613823,0.794465772,1.058163492,1.058163492
2011/6/1,3.509346928,1.161397988,0.747204866,0.86752188,0.86752188
2011/6/2,2.844262888,0.815028995,0.715820243,0.67732087,0.67732087
2011/6/3,2.39673708,0.696708722,0.569762049,0.496797249,0.496797249
2011/6/4,2.594411786,0.842100612,0.624471097,0.572146397,0.572146397
2011/6/5,2.548862865,0.8418429,0.570169171,0.526949371,0.526949371
2011/6/6,2.239327094,0.648019515,0.484374232,0.357167279,0.357167279
2011/6/7,1.794411469,0.548269727,0.444404689,0.273232532,0.273232532
2011/6/8,1.670373372,0.452180316,0.404829293,0.213624278,0.213624278
2011/6/9,1.481554781,0.314477142,0.363571621,0.151634203,0.151634203
2011/6/10,1.209583729,0.257009538,0.320823047,0.106215266,0.106215266
2011/6/11,1.083264448,0.198052942,0.239742917,0.101482974,0.101482974
2011/6/12,0.914699725,0.165864317,0.229291208,0.079185976,0.079185976
2011/6/13,0.683602829,0.138180147,0.211690187,0.066119504,0.066119504
2011/6/14,0.442766674,0.104028861,0.187789494,0.069901227,0.069901227
2011/6/15,0.26167182,0.083574773,0.131077508,0.071217855,0.071217855
2011/6/16,0.253233159,0.063596544,0.166883934,0.043293663,0.043293663
2011/6/17,0.229691885,0.069224569,0.181153676,0.025944192,0.025944192
2011/6/18,0.179997904,0.064183408,0.149611439,0.016234913,0.016234913
2011/6/19,0.109607081,0.050808718,0.114618327,0.012542129,0.012542129
2011/6/20,0.073864241,0.049445653,0.10931001,0.010006973,0.010006973
2011/6/21,0.044062799,0.040831735,0.098611996,0.009841723,0.009841723
2011/6/22,0.03739973,0.051050937,0.096600761,0.01122442,0.01122442
2011/6/23,0.022635237,0.048425543,0.080254223,0.012435333,0.012435333
2011/6/24,0.015297666,0.046227445,0.075833094,0.0120692,0.0120692
2011/6/25,0.008016208,0.049856046,0.083453668,0.010120551,0.010120551
2011/6/26,0.006565211,0.046707819,0.090442482,0.007786391,0.007786391
2011/6/27,0.005149594,0.037840096,0.073782822,0.006494981,0.006494981
2011/6/28,0.010699837,0.028778559,0.049440567,0.004166135,0.004166135
2011/6/29,0.010161303,0.028942721,0.042543807,0.003601145,0.003601145
2011/6/30,0.024044829,0.038866069,0.033080272,0.003451007,0.003451007
2011/7/1,0.048263338,0.060029573,0.034722675,0.004409719,0.004409719
2011/7/2,0.02388388,0.064602116,0.037286845,0.005502151,0.005502151
2011/7/3,0.01084038,0.03923913,0.031520517,0.007143643,0.007143643
2011/7/4,0.010186704,0.035853467,0.028140237,0.01434102,0.01434102
2011/7/5,0.052675254,0.060278041,0.029087881,0.035187157,0.035187157
2011/7/6,0.055213877,0.049131854,0.024364197,0.031284439,0.031284439
2011/7/7,0.030960586,0.032438265,0.019648255,0.020566619,0.020566619
2011/7/8,0.011262365,0.022687483,0.025980286,0.011272342,0.011272342
2011/7/9,0.047604511,0.029961281,0.0833629,0.01521546,0.01521546
2011/7/10,0.039441042,0.020178089,0.099328496,0.008417961,0.008417961
2011/7/11,0.013854715,0.014190563,0.077403713,0.002786152,0.002786152
2011/7/12,0.004659384,0.017006828,0.040826249,0.001369326,0.001369326
2011/7/13,0.00112318,0.020142908,0.022812553,5.61E-04,0.000561283
2011/7/14,0.000191407,0.022780217,0.014910467,1.95E-04,0.000194968
2011/7/15,6.32E-05,0.025509189,0.012393576,1.70E-04,0.000169725
2011/7/16,0.000259303,0.019294105,0.011845927,1.46E-04,0.000146061
2011/7/17,0.000554638,0.013747599,0.009431954,8.83E-05,8.83E-05
2011/7/18,0.000226292,0.011776866,0.006961063,4.36E-05,4.36E-05
2011/7/19,5.47E-05,0.022158002,0.005993214,1.31E-04,0.000131086
2011/7/20,0.000255106,0.037770293,0.005402495,0.001080192,0.001080192
2011/7/21,0.001222337,0.023788258,0.00895851,0.001340703,0.001340703
2011/7/22,0.000818753,0.012428176,0.010964247,7.21E-04,0.000721168
2011/7/23,0.000374221,0.010749224,0.007786715,2.86E-04,0.00028599
2011/7/24,0.001078094,0.010683456,0.004818731,8.31E-05,8.31E-05
2011/7/25,0.001335386,0.00967632,0.003438787,4.12E-04,0.000412356
2011/7/26,0.001185676,0.012958486,0.002788935,3.09E-04,0.00030948
2011/7/27,0.001742619,0.014351308,0.002435772,8.90E-04,0.000890485
2011/7/28,0.002687489,0.013888332,0.002941289,0.004434488,0.004434488
2011/7/29,0.004294677,0.015721246,0.002955951,0.005450723,0.005450723
2011/7/30,0.002321697,0.016677492,0.002515352,0.003045701,0.003045701
2011/7/31,0.001100677,0.012317851,0.002416578,0.001248867,0.001248867
2011/8/1,0.001020419,0.009796919,0.003232859,4.84E-04,0.000484127
2011/8/2,0.000783755,0.009656298,0.002806655,1.12E-04,0.000112405
2011/8/3,0.001270824,0.010768952,0.002270026,3.29E-05,3.29E-05
2011/8/4,0.006939404,0.009586357,0.002440203,1.16E-05,1.16E-05
2011/8/5,0.010814494,0.009507418,0.00280657,4.82E-06,4.82E-06
2011/8/6,0.010706723,0.021017847,0.002338187,0.001377335,0.001377335
2011/8/7,0.00835143,0.025761453,0.001772377,0.002515675,0.002515675
2011/8/8,0.006407527,0.026277827,0.002069696,0.001572693,0.001572693
2011/8/9,0.006885303,0.020587875,0.001754399,7.63E-04,0.000763446
2011/8/10,0.021525116,0.031657274,0.001454541,0.001787168,0.001787168
2011/8/11,0.030687827,0.035035052,0.003545969,0.004622539,0.004622539
2011/8/12,0.026453777,0.057390639,0.005353849,0.010343012,0.010343012
2011/8/13,0.04252697,0.094620293,0.005615697,0.010023368,0.010023368
2011/8/14,0.074371214,0.074061163,0.002821355,0.008718752,0.008718752
2011/8/15,0.089649742,0.055776032,0.004647022,0.024154686,0.024154686
2011/8/16,0.05853805,0.044451387,0.008996098,0.039806285,0.039806285
2011/8/17,0.036854537,0.030516069,0.009044389,0.044964681,0.044964681
2011/8/18,0.018504716,0.018082429,0.006037678,0.026487517,0.026487517
2011/8/19,0.009509507,0.011954162,0.003048355,0.009288952,0.009288952
2011/8/20,0.003810598,0.017709674,0.003481493,0.007642047,0.007642047
2011/8/21,0.003448954,0.012878373,0.003026125,0.002394804,0.002394804
2011/8/22,0.00505604,0.010433642,0.002398235,4.42E-04,0.000442064
2011/8/23,0.014491962,0.008191491,0.00224568,4.14E-04,0.000414041
2011/8/24,0.015811439,0.007155784,0.002702403,0.008192725,0.008192725
2011/8/25,0.01155898,0.004521922,0.002107414,0.01306452,0.01306452
2011/8/26,0.02857479,0.007542531,0.002670709,0.006482608,0.006482608
2011/8/27,0.03889026,0.009095175,0.002919485,0.004077919,0.004077919
2011/8/28,0.038523616,0.017453321,0.002793381,0.012957482,0.012957482
2011/8/29,0.051804181,0.029290234,0.003129883,0.038602725,0.038602725
2011/8/30,0.065726982,0.033751312,0.002700712,0.060374645,0.060374645
2011/8/31,0.116424484,0.028867166,0.002738953,0.041206434,0.041206434
2011/9/1,0.149277434,0.048923945,0.013751745,0.04819498,0.04819498
2011/9/2,0.227855959,0.044519062,0.020553741,0.061491804,0.061491804
2011/9/3,0.214175872,0.047775945,0.026508779,0.047340457,0.047340457
2011/9/4,0.178242163,0.049405581,0.022873348,0.036791589,0.036791589
2011/9/5,0.292366325,0.044809516,0.023242008,0.030936891,0.030936891
2011/9/6,0.279598518,0.054794873,0.030473797,0.036470379,0.036470379
2011/9/7,0.230864126,0.0568923,0.023267187,0.036191949,0.036191949
2011/9/8,0.247453251,0.051698623,0.019422882,0.037579089,0.037579089
2011/9/9,0.236481792,0.076550218,0.032279591,0.053924986,0.053924986
2011/9/10,0.259953307,0.096146445,0.028158221,0.045253547,0.045253547
2011/9/11,0.400215093,0.212561299,0.020823119,0.03394422,0.03394422
2011/9/12,0.217764214,0.108251774,0.015635666,0.038745191,0.038745191
2011/9/13,0.196212321,0.065904859,0.020201912,0.041002323,0.041002323
2011/9/14,0.286015535,0.0719723,0.039913674,0.052960051,0.052960051
2011/9/15,0.313661575,0.131797803,0.047368696,0.082779703,0.082779703
2011/9/16,0.474162781,0.209850474,0.062661972,0.135055089,0.135055089
2011/9/17,0.627037066,0.207828413,0.058700857,0.131631915,0.131631915
2011/9/18,0.770486744,0.17452726,0.051245794,0.113446091,0.113446091
2011/9/19,0.621153806,0.112280342,0.039818869,0.083623554,0.083623554
2011/9/20,0.573430146,0.194224229,0.040147675,0.100252395,0.100252395
2011/9/21,0.398493075,0.123593727,0.036566991,0.078692906,0.078692906
2011/9/22,0.451893112,0.193089396,0.02901507,0.102126357,0.102126357
2011/9/23,0.406879847,0.160867406,0.038273193,0.165564846,0.165564846
2011/9/24,0.173445142,0.13240769,0.020408113,0.113307532,0.113307532
2011/9/25,0.061625596,0.06143397,0.039868246,0.114537627,0.114537627
2011/9/26,0.035506211,0.155307888,0.028748176,0.131149696,0.131149696
2011/9/27,0.029521043,0.083736037,0.080634245,0.176451962,0.176451962
2011/9/28,0.061010638,0.159168721,0.079998725,0.202428228,0.202428228
2011/9/29,0.110668839,0.242621212,0.116990349,0.246722505,0.246722505
2011/9/30,0.225018822,0.293928904,0.14786888,0.274478176,0.274478176
2011/10/1,0.329545569,0.360989452,0.183831254,0.297270593,0.297270593
2011/10/2,0.40180329,0.309012676,0.214985419,0.235952763,0.235952763
2011/10/3,0.409406889,0.276096143,0.210991341,0.195145155,0.195145155
2011/10/4,0.304894494,0.24265601,0.208393944,0.232265903,0.232265903
2011/10/5,0.227236636,0.209978167,0.149261284,0.242179257,0.242179257
2011/10/6,0.224612595,0.194249312,0.121578708,0.199354531,0.199354531
2011/10/7,0.36926018,0.211273522,0.082488696,0.136193396,0.136193396
2011/10/8,0.314013681,0.181412482,0.045108453,0.08727139,0.08727139
2011/10/9,0.239997357,0.102593973,0.060268634,0.111724003,0.111724003
2011/10/10,0.27213626,0.199711842,0.048435876,0.103759781,0.103759781
2011/10/11,0.239760573,0.270647194,0.0740745,0.161974055,0.161974055
2011/10/12,0.252620597,0.544295041,0.124925772,0.385160365,0.385160365
2011/10/13,0.404963904,0.524275909,0.093072653,0.517958549,0.517958549
2011/10/14,0.179884133,0.314151523,0.087267984,0.211997171,0.211997171
2011/10/15,0.126018582,0.226270901,0.074240406,0.185044891,0.185044891
2011/10/16,0.14472185,0.179025018,0.049762865,0.177409503,0.177409503
2011/10/17,0.11111271,0.217688574,0.079856567,0.230423796,0.230423796
2011/10/18,0.197652613,0.38280071,0.231090063,0.399664645,0.399664645
2011/10/19,0.169052392,0.39019981,0.142851498,0.187371047,0.187371047
2011/10/20,0.023865588,0.104781942,0.120796696,0.095471504,0.095471504
2011/10/21,0.024297145,0.061862188,0.135270079,0.115799582,0.115799582
2011/10/22,0.044070528,0.114505698,0.142504981,0.233863336,0.233863336
2011/10/23,0.027882152,0.074671746,0.251120445,0.340979719,0.340979719
2011/10/24,0.024239374,0.044822463,0.261115696,0.131369735,0.131369735
2011/10/25,0.026227181,0.049949933,0.210238957,0.096928327,0.096928327
2011/10/26,0.027449263,0.053590983,0.191321182,0.089808398,0.089808398
2011/10/27,0.024255279,0.068049635,0.138714275,0.081545636,0.081545636
2011/10/28,0.017788672,0.014829893,0.095460654,0.035354666,0.035354666
2011/10/29,0.010118689,0.019580271,0.045138913,0.043744559,0.043744559
2011/10/30,0.006739319,0.026098518,0.073165265,0.066677562,0.066677562
2011/10/31,0.004235238,0.010584098,0.028389684,0.03357896,0.03357896
2011/11/1,0.000376722,0.005313575,0.005804508,0.010946406,0.010946406
2011/11/2,0.006092314,0.007919317,0.025095672,0.023721807,0.023721807
2011/11/3,0.004637541,0.01005517,0.076866476,0.030513841,0.030513841
2011/11/4,0.005827822,0.010826551,0.185349776,0.023056646,0.023056646
2011/11/5,0.007361655,0.016764422,0.246097337,0.051934399,0.051934399
2011/11/6,0.013131233,0.017951787,0.147984488,0.058137563,0.058137563
2011/11/7,0.008871077,0.014417448,0.065520352,0.049371275,0.049371275
2011/11/8,0.009600484,0.018683964,0.043377692,0.049072888,0.049072888
2011/11/9,0.007747506,0.006798185,0.018587108,0.014801307,0.014801307
2011/11/10,0.000475072,0.001130749,0.022082683,0.003025479,0.003025479
2011/11/11,5.48E-05,0.000380888,0.005799519,6.67E-04,0.000666741
2011/11/12,2.33E-05,1.97E-05,0.000340375,6.31E-04,0.000630613
2011/11/13,6.82E-05,0.000118551,0.0016029,0.001788591,0.001788591
2011/11/14,3.96E-05,4.40E-05,0.000862979,7.04E-04,0.000703687
2011/11/15,0.000786791,0.000583495,0.006107391,0.00369854,0.00369854
2011/11/16,0.000293011,0.000849847,0.002609754,0.001517681,0.001517681
2011/11/17,6.36E-08,1.93E-05,0.000251645,2.08E-04,0.000208349
2011/11/18,2.15E-06,5.86E-06,5.86E-05,4.94E-04,0.000494271
2011/11/19,1.53E-05,4.10E-05,0.000397358,0.001028421,0.001028421
2011/11/20,9.10E-05,0.000146538,0.000409217,6.97E-04,0.000696994
2011/11/21,0.000273742,0.000405906,0.001007373,3.98E-04,0.000397582
2011/11/22,2.47E-06,1.87E-05,0.000846257,0.001571382,0.001571382
2011/11/23,0.000106406,0.000123975,0.00058087,4.59E-04,0.000459477
2011/11/24,1.26E-05,9.53E-05,0.00039501,2.06E-04,0.000206216
2011/11/25,0.000489071,0.000649406,0.001650234,0.001145612,0.001145612
2011/11/26,7.34E-05,5.51E-05,0.0004708,2.00E-04,0.000200397
2011/11/27,6.07E-06,4.60E-06,0.073752624,0.019106132,0.019106132
2011/11/28,7.00E-07,4.71E-06,0.000277007,3.35E-04,0.000334735
2011/11/29,2.13E-05,2.66E-06,9.98E-05,5.78E-05,5.78E-05
2011/11/30,1.50E-05,0.000120045,5.18E-05,7.03E-05,7.03E-05
2011/12/1,3.98E-05,3.87E-06,4.29E-05,3.90E-05,3.90E-05
2011/12/2,2.27E-10,0,2.81E-06,4.64E-07,4.64E-07
2011/12/3,0.001226909,0.000971486,9.80E-06,1.79E-05,1.79E-05
2011/12/4,0.006489746,0.082156586,0,0,0
2011/12/5,0.000201133,0.01412972,0.049946612,0.181087409,0.181087409
2011/12/6,0,0.005317137,0.144558612,0.203337559,0.203337559
2011/12/7,4.75E-06,0.000108467,0.000574762,0.001113633,0.001113633
2011/12/8,0.009354709,0.003714688,2.44E-05,2.68E-05,2.68E-05
2011/12/9,1.25E-05,0.00010157,2.59E-05,2.85E-05,2.85E-05
2011/12/10,5.23E-05,0,7.74E-05,4.25E-04,0.00042459
2011/12/11,5.73E-06,1.59E-07,4.03E-05,5.04E-05,5.04E-05
2011/12/12,0,0,1.12E-06,3.24E-06,3.24E-06
2011/12/13,0,0,0,0,0
2011/12/14,0,0,0,0,0
2011/12/15,0,0,0,0,0
2011/12/16,0,0,0,0,0
2011/12/17,0,0,0.000762646,0,0
2011/12/18,0,0,0,0,0
2011/12/19,0,0,0,0,0
2011/12/20,0,0,8.12E-07,0,0
2011/12/21,0,0,0,0,0
2011/12/22,0,0,0,0,0
2011/12/23,0,0,6.78E-07,1.40E-06,1.40E-06
2011/12/24,0,0,9.69E-08,0,0
2011/12/25,0,0,0.002897791,1.79E-05,1.79E-05
2011/12/26,3.15E-07,0,3.95E-05,9.20E-05,9.20E-05
2011/12/27,6.58E-06,0,1.37E-07,6.08E-05,6.08E-05
2011/12/28,2.29E-06,0,2.01E-05,1.46E-04,0.000145726
2011/12/29,4.61E-06,0,7.46E-06,3.33E-05,3.33E-05
2011/12/30,2.75E-07,0,1.77E-07,1.18E-05,1.18E-05
2011/12/31,3.21E-09,0,2.99E-06,2.31E-05,2.31E-05
2012/1/1,0,0,0,0,0
2012/1/2,0,0,0,0,0
2012/1/3,0,0,0,0,0
2012/1/4,1.38E-06,0,0.029951316,0.003808957,0.003808957
2012/1/5,0,0,0.002570691,5.63E-05,5.63E-05
2012/1/6,0,0,0,0,0
2012/1/7,0,0,0,0,0
2012/1/8,0,0,0.028696745,0.003144667,0.003144667
2012/1/9,0,0,0.005235282,9.53E-05,9.53E-05
2012/1/10,0,0,0.010071533,6.26E-07,6.26E-07
2012/1/11,1.61E-06,0,5.73E-06,9.34E-06,9.34E-06
2012/1/12,0,0,4.00E-07,0,0
2012/1/13,0,0,3.58E-07,0,0
2012/1/14,0,0,4.49E-06,0,0
2012/1/15,8.07E-07,0,4.73E-07,4.54E-05,4.54E-05
2012/1/16,0,0,0,0,0
2012/1/17,0,0,0,0,0
2012/1/18,0,0,0,0,0
2012/1/19,0,0,0,0,0
2012/1/20,0,0,0,0,0
2012/1/21,0,0,0,0,0
2012/1/22,0,0,0,0,0
2012/1/23,0,0,0,0,0
2012/1/24,0,0,0,0,0
2012/1/25,0,0,0,0,0
2012/1/26,0,0,0,0,0
2012/1/27,0,0,0,0,0
2012/1/28,0,0,0,0,0
2012/1/29,0,0,2.40E-05,0,0
2012/1/30,0,0,4.29E-05,0,0
2012/1/31,0,0,0,0,0
2012/2/1,0,0,2.95E-08,0,0
2012/2/2,0,0,0.00013614,1.41E-04,0.000140863
2012/2/3,0,0,0.021758957,0.041680119,0.041680119
2012/2/4,0,0.000265626,0.019150198,0.089875573,0.089875573
2012/2/5,0,0,7.73E-06,1.12E-05,1.12E-05
2012/2/6,0,0,5.10E-07,0,0
2012/2/7,4.57E-05,8.32E-05,1.19E-06,3.09E-06,3.09E-06
2012/2/8,0,0,5.28E-07,0,0
2012/2/9,1.98E-07,0,9.92E-06,3.88E-06,3.88E-06
2012/2/10,6.70E-07,0,5.43E-06,7.50E-07,7.50E-07
2012/2/11,1.36E-06,1.98E-06,3.72E-05,1.61E-05,1.61E-05
2012/2/12,8.78E-08,0,0.004929806,0.001642571,0.001642571
2012/2/13,0,0,1.28E-05,8.99E-07,8.99E-07
2012/2/14,7.15E-07,0,5.19E-05,1.45E-04,0.000144954
2012/2/15,0,0,5.73E-05,2.47E-04,0.00024684
2012/2/16,0,0,0.000233018,3.49E-05,3.49E-05
2012/2/17,8.07E-06,7.20E-07,0.000417986,3.19E-04,0.000319447
2012/2/18,0.000176423,1.48E-05,0.001442356,0.001333578,0.001333578
2012/2/19,0.000114572,3.92E-05,0.004545006,0.001286425,0.001286425
2012/2/20,0.000288444,3.61E-05,0.007773671,0.002138588,0.002138588
2012/2/21,0.000199966,0,0.006033286,0.001896057,0.001896057
2012/2/22,1.61E-05,3.32E-05,0.002525036,3.67E-04,0.000367012
2012/2/23,0,0,0.000235199,5.02E-05,5.02E-05
2012/2/24,5.32E-06,2.57E-05,0.005284072,3.17E-04,0.000317256
2012/2/25,0.000120918,9.34E-05,0.009122948,0.001109023,0.001109023
2012/2/26,0.000365441,0.000131585,0.008677821,0.002386456,0.002386456
2012/2/27,0.000978714,0.000316865,0.02132817,0.00539493,0.00539493
2012/2/28,4.90E-05,4.24E-05,0.002474347,9.53E-04,0.000953148
2012/2/29,0.000181785,0.000137591,0.005867916,0.00119948,0.00119948
2012/3/1,0.000256524,0.000271351,0.010325853,0.00275231,0.00275231
2012/3/2,0.000651777,0.000261593,0.013419193,0.004295479,0.004295479
2012/3/3,0.000573499,0.000398668,0.010605025,0.003299286,0.003299286
2012/3/4,0.000512827,0.000412574,0.012905376,0.004145559,0.004145559
2012/3/5,0.00054282,0.000369134,0.008647475,0.005418414,0.005418414
2012/3/6,0.000208431,0.000337054,0.006603052,0.004170253,0.004170253
2012/3/7,0.000758495,0.000814412,0.009891125,0.008699347,0.008699347
2012/3/8,0.000606096,0.0008147,0.014129111,0.009768233,0.009768233
2012/3/9,0.000198311,0.000305546,0.197029528,0.139278184,0.139278184
2012/3/10,0.000862591,0.000918479,0.031176567,0.029883499,0.029883499
2012/3/11,0.001495689,0.002218834,0.075985556,0.025793234,0.025793234
2012/3/12,0.002899847,0.004602789,0.058714817,0.033076369,0.033076369
2012/3/13,0.005882195,0.009628547,0.083972923,0.041151405,0.041151405
2012/3/14,0.012154202,0.011210263,0.106318028,0.053660757,0.053660757
2012/3/15,0.003383072,0.006080902,0.037974501,0.018721879,0.018721879
2012/3/16,0.000119001,5.19E-05,0.023813028,0.006539173,0.006539173
2012/3/17,0.000657166,0.000370487,0.015318501,0.010537882,0.010537882
2012/3/18,0.004524705,0.003123451,0.060471842,0.036239064,0.036239064
2012/3/19,0.01008824,0.005149057,0.035799526,0.030163263,0.030163263
2012/3/20,0.003087681,0.003401497,0.025751661,0.016222682,0.016222682
2012/3/21,0.004390639,0.002393252,0.032416826,0.018697722,0.018697722
2012/3/22,0.002418488,0.00197543,0.021722537,0.01079298,0.01079298
2012/3/23,0.005363833,0.008418228,0.114431115,0.032170336,0.032170336
2012/3/24,0.01699549,0.019824455,0.179811918,0.089531153,0.089531153
2012/3/25,0.027843974,0.039523557,0.290664921,0.180763796,0.180763796
2012/3/26,0.038985213,0.075379273,0.441723158,0.245482746,0.245482746
2012/3/27,0.07494744,0.072457561,0.250631817,0.186132664,0.186132664
2012/3/28,0.009925242,0.006708004,0.107730949,0.139511411,0.139511411
2012/3/29,0.003628989,0.024472095,0.260647293,0.434263833,0.434263833
2012/3/30,0.005910538,0.069133216,0.296056512,0.571713864,0.571713864
2012/3/31,0.019974411,0.050781425,0.503322771,0.486288665,0.486288665
2012/4/1,0.005556376,0.023088603,0.669367767,0.359862465,0.359862465
2012/4/2,0.01169374,0.056755292,1.056207731,0.481999949,0.481999949
2012/4/3,0.027064629,0.1321591,2.634957658,1.437493532,1.437493532
2012/4/4,0.057838453,0.284071645,3.655542499,1.987847945,1.987847945
2012/4/5,0.194581993,0.468410053,2.764251833,1.532973486,1.532973486
2012/4/6,0.098368559,0.267922348,1.057413531,0.819379065,0.819379065
2012/4/7,0.014630973,0.186965205,0.151804592,0.205060629,0.205060629
2012/4/8,0.038834758,0.23348927,0.991077598,0.717278279,0.717278279
2012/4/9,0.021626383,0.545724698,5.055912369,2.824533548,2.824533548
2012/4/10,0.018846497,0.436389095,8.590054891,3.283200105,3.283200105
2012/4/11,0.080504784,0.548751998,5.326129381,2.163062299,2.163062299
2012/4/12,0.112030979,0.589813622,1.13048825,0.929196977,0.929196977
2012/4/13,0.030818904,0.601869849,1.612389726,1.118387589,1.118387589
2012/4/14,0.074748602,0.805929694,3.507804474,2.103566912,2.103566912
2012/4/15,0.123942445,1.133229774,5.469793646,2.079725387,2.079725387
2012/4/16,0.303943787,1.942075546,3.411925295,1.747530933,1.747530933
2012/4/17,0.386207395,2.092726523,1.043951568,0.901844013,0.901844013
2012/4/18,0.467701442,2.209788116,0.825202296,0.922376531,0.922376531
2012/4/19,0.770331702,2.75877733,1.185173995,2.26578063,2.26578063
2012/4/20,1.772492038,2.557145878,1.332934331,2.143400344,2.143400344
2012/4/21,1.021477441,2.198788067,0.929198389,2.277525019,2.277525019
2012/4/22,0.557036049,1.762324973,0.923930265,2.104825052,2.104825052
2012/4/23,0.530853681,1.979489183,1.175945209,2.009519483,2.009519483
2012/4/24,0.806385326,1.963519102,1.21340705,0.587280704,0.587280704
2012/4/25,0.73722109,1.739893057,0.983121746,0.49126086,0.49126086
2012/4/26,0.451257233,1.500023009,0.492712951,0.378129413,0.378129413
2012/4/27,0.335788089,1.348771872,0.427326848,1.045557321,1.045557321
2012/4/28,0.418810498,2.526562469,0.713337052,1.840788238,1.840788238
2012/4/29,0.332859669,2.216787059,0.946318976,1.905157013,1.905157013
2012/4/30,0.361439542,1.973499832,1.074095203,1.656225105,1.656225105
2012/5/1,0.312908352,2.089392603,3.081448242,2.658382424,2.658382424
2012/5/2,0.531293557,2.244993135,3.117610275,3.170685398,3.170685398
2012/5/3,1.089909411,3.664487598,5.592490724,4.365617656,4.365617656
2012/5/4,2.325435652,5.453585245,8.659981241,6.575746216,6.575746216
2012/5/5,4.10541379,5.078617028,4.327535151,4.893379704,4.893379704
2012/5/6,6.689822819,5.557621951,4.535930287,4.624429933,4.624429933
2012/5/7,8.102800595,5.969504166,2.51876256,3.729227809,3.729227809
2012/5/8,7.332266525,5.640239846,1.683848262,2.370132141,2.370132141
2012/5/9,5.509169946,4.468778799,1.320093015,1.939055566,1.939055566
2012/5/10,5.117839136,3.390463226,1.275871673,1.891281155,1.891281155
2012/5/11,3.73905235,3.989823969,1.321849731,2.346080796,2.346080796
2012/5/12,3.161870664,4.266465732,1.750329217,3.197579426,3.197579426
2012/5/13,3.862087028,5.310412196,2.969688208,4.808635204,4.808635204
2012/5/14,5.70798101,4.52969175,3.820912843,4.307403788,4.307403788
2012/5/15,3.746573775,3.588955293,1.496190519,2.179067164,2.179067164
2012/5/16,3.793131129,2.928658426,0.658493132,1.172585944,1.172585944
2012/5/17,3.101869029,2.335636773,0.243454543,0.798477076,0.798477076
2012/5/18,2.568951193,2.249956774,0.253378195,0.619188952,0.619188952
2012/5/19,3.02358012,3.016250252,0.421055023,1.10612257,1.10612257
2012/5/20,3.3128669,3.366534569,0.527882501,1.594162199,1.594162199
2012/5/21,3.175546401,3.606675577,1.173918922,2.769170066,2.769170066
2012/5/22,3.266950251,4.155694676,1.812937408,3.913159268,3.913159268
2012/5/23,3.239812769,3.549210358,1.522421543,3.57195852,3.57195852
2012/5/24,3.53695482,3.494229121,1.37302495,3.262803331,3.262803331
2012/5/25,3.765012355,3.206383645,1.018439871,2.792356102,2.792356102
2012/5/26,3.237654097,2.286776554,1.038809492,2.359944284,2.359944284
2012/5/27,2.583476838,2.558504109,1.345866668,3.258060951,3.258060951
2012/5/28,2.989715724,2.415251816,1.33416516,2.995246198,2.995246198
2012/5/29,3.022558454,2.450540675,0.999955325,2.896953913,2.896953913
2012/5/30,3.729826432,2.714862781,0.676848164,2.69460767,2.69460767
2012/5/31,3.570340244,2.372864586,0.798219363,2.834971469,2.834971469
2012/6/1,3.60070691,2.198226669,0.674352468,2.327509527,2.327509527
2012/6/2,3.427245624,2.095831496,0.652840654,1.920365674,1.920365674
2012/6/3,2.956851486,2.01760775,0.44902785,1.5266736,1.5266736
2012/6/4,1.828479335,1.537391307,0.669798971,1.582655346,1.582655346
2012/6/5,1.815630826,1.469771467,0.863105177,1.418510319,1.418510319
2012/6/6,1.861540008,1.176617666,0.616991164,1.307979383,1.307979383
2012/6/7,1.727903544,1.146853218,0.52438761,1.281633189,1.281633189
2012/6/8,1.358092756,1.133041847,0.576297074,1.230740932,1.230740932
2012/6/9,1.056456052,0.857297382,0.742603672,1.080505557,1.080505557
2012/6/10,1.067735546,0.707817797,0.84883817,1.118200489,1.118200489
2012/6/11,1.250579852,0.512903483,0.852532935,0.868889521,0.868889521
2012/6/12,1.377888575,0.431456935,0.756958409,0.633893311,0.633893311
2012/6/13,1.076725949,0.31407146,0.527422526,0.371200067,0.371200067
2012/6/14,0.8353114,0.301585074,0.339348139,0.299101883,0.299101883
2012/6/15,0.677958551,0.300750732,0.339644692,0.383358779,0.383358779
2012/6/16,0.501879653,0.21241799,0.467710225,0.390414905,0.390414905
2012/6/17,0.34344816,0.256211807,0.551449089,0.42980202,0.42980202
2012/6/18,0.189281011,0.278565152,0.447988372,0.485782874,0.485782874
2012/6/19,0.124883289,0.28778387,0.479110373,0.460299476,0.460299476
2012/6/20,0.175092361,0.254650874,0.465438303,0.411346277,0.411346277
2012/6/21,0.190280023,0.247520675,0.474658548,0.406340077,0.406340077
2012/6/22,0.172609443,0.233155089,0.520172631,0.380665262,0.380665262
2012/6/23,0.217564953,0.202796821,0.551250325,0.326794535,0.326794535
2012/6/24,0.177811205,0.170827096,0.443645682,0.258391716,0.258391716
2012/6/25,0.111506228,0.126351531,0.288074015,0.154226035,0.154226035
2012/6/26,0.058151546,0.099255647,0.221845752,0.113923697,0.113923697
2012/6/27,0.022156204,0.08063054,0.197267557,0.094093707,0.094093707
2012/6/28,0.013188121,0.076071423,0.202411303,0.076527722,0.076527722
2012/6/29,0.011536647,0.076400015,0.228326177,0.077508832,0.077508832
2012/6/30,0.014295795,0.055650421,0.208001715,0.05862134,0.05862134
2012/7/1,0.014859833,0.053031671,0.165624774,0.04303906,0.04303906
2012/7/2,0.042539999,0.109416093,0.140889188,0.050985005,0.050985005
2012/7/3,0.05194165,0.111699084,0.123781872,0.06517128,0.06517128
2012/7/4,0.052540255,0.083017007,0.11726088,0.050101903,0.050101903
2012/7/5,0.017951273,0.062855723,0.128121643,0.037276152,0.037276152
2012/7/6,0.00401779,0.053085769,0.132338352,0.03392181,0.03392181
2012/7/7,0.001407281,0.05719656,0.120662595,0.02608646,0.02608646
2012/7/8,0.000503159,0.049231011,0.121559107,0.023858002,0.023858002
2012/7/9,0.000281843,0.040075323,0.096329323,0.015508889,0.015508889
2012/7/10,0.000185239,0.04014332,0.078838813,0.011907779,0.011907779
2012/7/11,0.030800359,0.145084993,0.0586808,0.026712346,0.026712346
2012/7/12,0.072160827,0.282451934,0.05646154,0.047341642,0.047341642
2012/7/13,0.041543303,0.17448352,0.051484244,0.020720014,0.020720014
2012/7/14,0.020611851,0.101023845,0.049722542,0.01134188,0.01134188
2012/7/15,0.006310724,0.064136137,0.049646416,0.010050108,0.010050108
2012/7/16,0.001727123,0.047808059,0.0427766,0.007843849,0.007843849
2012/7/17,0.001591032,0.044546084,0.046654996,0.007840849,0.007840849
2012/7/18,0.004554134,0.04484676,0.045095952,0.007667333,0.007667333
2012/7/19,0.006134733,0.048317111,0.049716256,0.007873785,0.007873785
2012/7/20,0.002536957,0.04887261,0.051309803,0.007768099,0.007768099
2012/7/21,0.001240664,0.051722686,0.049756043,0.007709091,0.007709091
2012/7/22,0.023438098,0.049165499,0.050488269,0.00697166,0.00697166
2012/7/23,0.148764687,0.044389907,0.041829067,0.005252505,0.005252505
2012/7/24,0.136975554,0.033203904,0.048399295,0.004197804,0.004197804
2012/7/25,0.126351412,0.035499164,0.047131181,0.003547574,0.003547574
2012/7/26,0.099398473,0.036643082,0.046094311,0.004142464,0.004142464
2012/7/27,0.206017794,0.028890902,0.031092691,0.002466711,0.002466711
2012/7/28,0.261444346,0.044107998,0.034918348,0.002815937,0.002815937
2012/7/29,0.156846536,0.032847423,0.031402063,0.002528812,0.002528812
2012/7/30,0.142797411,0.021897065,0.026209632,0.002004036,0.002004036
2012/7/31,0.102715092,0.020897692,0.029634646,0.002255878,0.002255878
2012/8/1,0.047194904,0.019344763,0.025231591,0.002060798,0.002060798
2012/8/2,0.030798555,0.022132772,0.022744033,0.001651537,0.001651537
2012/8/3,0.0325454,0.020964974,0.019509642,0.001454769,0.001454769
2012/8/4,0.021187321,0.022183383,0.027850032,0.002053269,0.002053269
2012/8/5,0.022230849,0.019415462,0.020757985,0.001446304,0.001446304
2012/8/6,0.030264552,0.019673838,0.019501151,0.00126303,0.00126303
2012/8/7,0.037611748,0.020322966,0.030526968,0.00190547,0.00190547
2012/8/8,0.051500123,0.018899711,0.02578887,0.001832549,0.001832549
2012/8/9,0.061723904,0.019605547,0.019245341,0.001653681,0.001653681
2012/8/10,0.07849673,0.093293717,0.013219294,0.024019332,0.024019332
2012/8/11,0.055468859,0.110706256,0.017859155,0.024711187,0.024711187
2012/8/12,0.033201996,0.057745271,0.018984254,0.011981457,0.011981457
2012/8/13,0.014223039,0.032869105,0.01770617,0.006078322,0.006078322
2012/8/14,0.006179162,0.019158084,0.016629871,0.00316409,0.00316409
2012/8/15,0.002147658,0.011972008,0.016355776,0.001890512,0.001890512
2012/8/16,0.000999779,0.010314925,0.014670539,0.001145154,0.001145154
2012/8/17,0.001603266,0.009068766,0.01274986,9.88E-04,0.000987609
2012/8/18,0.014103469,0.016047557,0.014637275,0.003945817,0.003945817
2012/8/19,0.030113332,0.021821409,0.01551582,0.029612537,0.029612537
2012/8/20,0.03772516,0.023254971,0.015953826,0.023792396,0.023792396
2012/8/21,0.061949909,0.033511238,0.013926112,0.023500936,0.023500936
2012/8/22,0.059497791,0.033072333,0.010592409,0.018322495,0.018322495
2012/8/23,0.070579163,0.020659452,0.010214932,0.011255913,0.011255913
2012/8/24,0.093774998,0.011226949,0.012377675,0.013150189,0.013150189
2012/8/25,0.076433829,0.011111783,0.009905023,0.007446418,0.007446418
2012/8/26,0.053968607,0.012737153,0.010814224,0.006840836,0.006840836
2012/8/27,0.041825366,0.019052845,0.00842221,0.003273887,0.003273887
2012/8/28,0.056295197,0.031156171,0.007090281,0.004992674,0.004992674
2012/8/29,0.099438277,0.056495901,0.007172684,0.016024492,0.016024492
2012/8/30,0.176388357,0.073221438,0.008616606,0.044845121,0.044845121
2012/8/31,0.175780016,0.052062863,0.011609679,0.058097156,0.058097156
2012/9/1,0.151127453,0.031713903,0.009534549,0.039175863,0.039175863
2012/9/2,0.141112814,0.026395431,0.011126123,0.026412055,0.026412055
2012/9/3,0.169956838,0.021237376,0.008754512,0.014853154,0.014853154
2012/9/4,0.241787211,0.018224448,0.009997202,0.007596663,0.007596663
2012/9/5,0.217666292,0.021590678,0.005036291,0.003101201,0.003101201
2012/9/6,0.132372723,0.022499084,0.004506109,0.001653235,0.001653235
2012/9/7,0.092694139,0.026569196,0.001666956,0.001236283,0.001236283
2012/9/8,0.152311592,0.082452048,0.01004608,0.08374271,0.08374271
2012/9/9,0.127422343,0.110171885,0.009908992,0.094075175,0.094075175
2012/9/10,0.128053606,0.088299472,0.010906165,0.030568504,0.030568504
2012/9/11,0.127489949,0.158375973,0.015911587,0.054706239,0.054706239
2012/9/12,0.095159417,0.285653457,0.033454639,0.128570482,0.128570482
2012/9/13,0.129147179,0.403294874,0.071003908,0.308122974,0.308122974
2012/9/14,0.180452806,0.403149571,0.037608941,0.291843297,0.291843297
2012/9/15,0.264548919,0.487733122,0.015703945,0.165286521,0.165286521
2012/9/16,0.439505338,0.641853231,0.026484111,0.220711494,0.220711494
2012/9/17,0.45399108,0.606512305,0.032066595,0.170113897,0.170113897
2012/9/18,0.231117547,0.329038757,0.023393945,0.103997673,0.103997673
2012/9/19,0.189733329,0.296213771,0.019721478,0.082458019,0.082458019
2012/9/20,0.268174658,0.377842098,0.02684051,0.062140628,0.062140628
2012/9/21,0.27396675,0.291645778,0.025303157,0.046454306,0.046454306
2012/9/22,0.281956054,0.224386441,0.025890859,0.043160009,0.043160009
2012/9/23,0.323423233,0.142973372,0.018727149,0.046184856,0.046184856
2012/9/24,0.254486931,0.085173194,0.01808677,0.051754258,0.051754258
2012/9/25,0.307326334,0.083905156,0.029732239,0.071599536,0.071599536
2012/9/26,0.313286651,0.121222705,0.042530007,0.127756373,0.127756373
2012/9/27,0.36713963,0.212535698,0.065209596,0.215815828,0.215815828
2012/9/28,0.551684753,0.216850454,0.064678979,0.197333879,0.197333879
2012/9/29,0.483828188,0.219820462,0.045916761,0.147322775,0.147322775
2012/9/30,0.46820218,0.216770558,0.030539319,0.122479086,0.122479086
2012/10/1,0.376057925,0.127832789,0.076125296,0.103960869,0.103960869
2012/10/2,0.25261892,0.263902084,0.181265091,0.128648325,0.128648325
2012/10/3,0.156296979,0.305108042,0.213031353,0.161788638,0.161788638
2012/10/4,0.133385319,0.351543486,0.137194581,0.2787237,0.2787237
2012/10/5,0.162872876,0.465566828,0.273785243,0.453567298,0.453567298
2012/10/6,0.152848031,0.386730832,0.49749033,0.410542816,0.410542816
2012/10/7,0.079832308,0.206750753,0.822856009,0.365500002,0.365500002
2012/10/8,0.047318999,0.205716125,0.744734187,0.51317851,0.51317851
2012/10/9,0.057272993,0.135601699,0.496410353,0.437726213,0.437726213
2012/10/10,0.159718751,0.111458815,0.245034713,0.233060297,0.233060297
2012/10/11,0.170126705,0.070252878,0.111777352,0.102367616,0.102367616
2012/10/12,0.082347232,0.073167796,0.11398411,0.074474324,0.074474324
2012/10/13,0.036119186,0.049373916,0.326584304,0.153786732,0.153786732
2012/10/14,0.017157388,0.067395341,0.298684797,0.24621795,0.24621795
2012/10/15,0.009871842,0.313053491,0.267442469,0.534654302,0.534654302
2012/10/16,0.014879898,0.111565371,0.073774798,0.148166133,0.148166133
2012/10/17,0.019455364,0.085281427,0.091201459,0.168340514,0.168340514
2012/10/18,0.04509444,0.158697724,0.153168467,0.13711346,0.13711346
2012/10/19,0.023275128,0.099018673,0.090914582,0.099169856,0.099169856
2012/10/20,0.006860897,0.024348196,0.182299225,0.099408362,0.099408362
2012/10/21,0.012354732,0.043103055,0.495507099,0.196591464,0.196591464
2012/10/22,0.032411351,0.088927788,0.856289937,0.329435336,0.329435336
2012/10/23,0.02572775,0.037838979,0.138885619,0.124967598,0.124967598
2012/10/24,0.034389089,0.050063017,0.200658815,0.140471542,0.140471542
2012/10/25,0.046210906,0.031064727,0.054037588,0.072683811,0.072683811
2012/10/26,0.083604572,0.003017682,0.009481005,0.005062777,0.005062777
2012/10/27,0.001413951,0.002139788,0.026626129,0.010260162,0.010260162
2012/10/28,0.001830384,0.006117092,0.018449193,0.015870777,0.015870777
2012/10/29,0.002375378,0.003092692,0.216074984,0.02227086,0.02227086
2012/10/30,0.001824473,0.008539124,0.853732092,0.183312455,0.183312455
2012/10/31,0.021839261,0.035453866,0.313326349,0.133839188,0.133839188
2012/11/1,0.011038752,0.009441559,0.088220145,0.026950535,0.026950535
2012/11/2,7.81E-05,7.25E-05,0.047555612,0.004740902,0.004740902
2012/11/3,6.57E-05,0.000183994,0.040338086,0.007722809,0.007722809
2012/11/4,0.001915431,0.003219413,0.035775235,0.025877342,0.025877342
2012/11/5,0.005696056,0.00982158,0.327104855,0.13455872,0.13455872
2012/11/6,0.001111384,0.002325327,0.022101132,0.008745067,0.008745067
2012/11/7,0.00057804,0.000560288,0.006424295,0.002343563,0.002343563
2012/11/8,0.000589967,0.000453577,0.001769208,0.00239624,0.00239624
2012/11/9,0.001249509,0.001648015,2.08E-05,3.55E-05,3.55E-05
2012/11/10,0.00198047,0.003561076,1.26E-06,3.97E-04,0.00039666
2012/11/11,2.51E-06,2.64E-05,7.69E-05,6.67E-05,6.67E-05
2012/11/12,3.81E-07,9.79E-07,0.000137588,0.002234596,0.002234596
2012/11/13,9.63E-05,0.000298785,0.00066685,4.53E-04,0.00045294
2012/11/14,0.000106329,9.56E-05,0.000578585,5.78E-04,0.0005776
2012/11/15,2.68E-05,4.52E-05,0.00145765,5.30E-04,0.0005302
2012/11/16,4.29E-05,2.22E-05,0.001284365,0.002356163,0.002356163
2012/11/17,0.000113796,1.67E-05,0.002167725,3.69E-04,0.000368514
2012/11/18,0.000170361,1.72E-05,0.001298803,5.75E-04,0.000574621
2012/11/19,0.000193931,0.000237407,0.003639822,0.001118731,0.001118731
2012/11/20,0.000101496,5.85E-05,0.002251751,5.53E-04,0.000552983
2012/11/21,0,0,6.63E-06,2.18E-06,2.18E-06
2012/11/22,0,0,5.63E-05,3.75E-05,3.75E-05
2012/11/23,6.28E-06,0.000214971,0.022524642,0.003604304,0.003604304
2012/11/24,3.72E-06,4.66E-06,5.77E-06,0,0
2012/11/25,0,0,3.71E-07,0,0
2012/11/26,0,0,8.78E-08,3.44E-05,3.44E-05
2012/11/27,0,0,6.45E-07,0,0
2012/11/28,0,0,0,0,0
2012/11/29,0,0,0,6.63E-06,6.63E-06
2012/11/30,0,0,0,-9.79E-12,-9.79E-12
2012/12/1,0,0,0,0,0
2012/12/2,0,0,0,0,0
2012/12/3,0,0,0,0,0
2012/12/4,0,0,8.45E-05,0,0
2012/12/5,0,0,0,0,0
2012/12/6,0,0,0,0,0
2012/12/7,0,0,0,0,0
2012/12/8,0,0,0,0,0
2012/12/9,0,0,0,0,0
2012/12/10,0,0,0,0,0
2012/12/11,0,0,2.11E-09,0,0
2012/12/12,0.001659726,0.000772563,0,0,0
2012/12/13,0,0,0,0,0
2012/12/14,0,0,0,0,0
2012/12/15,0,0,0,0,0
2012/12/16,0,0,0,0,0
2012/12/17,0,0,0,0,0
2012/12/18,0,0,0,0,0
2012/12/19,0,0,0,0,0
2012/12/20,0,0,0,0,0
2012/12/21,0,0,0,0,0
2012/12/22,0,0,0,0,0
2012/12/23,0,0,0,0,0
2012/12/24,0,0,0,0,0
2012/12/25,0,0,0,0,0
2012/12/26,0,0,0,0,0
2012/12/27,0,0,0,0,0
2012/12/28,0,0,0,0,0
2012/12/29,0,0,0,0,0
2012/12/30,0,0,0,0,0
2012/12/31,1.31E-07,0.000265465,0,0,0
2013/1/1,0,0,0,0,0
2013/1/2,0,0,0,0,0
2013/1/3,0,0,0,0,0
2013/1/4,0,0,0,0,0
2013/1/5,0,0,0,0,0
2013/1/6,0,0,0,0,0
2013/1/7,0,0,0,0,0
2013/1/8,0,0,0,0,0
2013/1/9,0,0,0,0,0
2013/1/10,0,0,0,0,0
2013/1/11,0,0,0,0,0
2013/1/12,1.67E-06,2.88E-06,0,0,0
2013/1/13,0.053566661,0.21217231,0.00038098,3.02E-06,3.02E-06
2013/1/14,0.003769089,0.054463343,0,1.06E-07,1.06E-07
2013/1/15,0,0.011063171,0.011818287,0.038127113,0.038127113
2013/1/16,0,9.29E-05,0.000729214,0.005052193,0.005052193
2013/1/17,0,0,0.001961947,0,0
2013/1/18,0,0,0.000750087,0,0
2013/1/19,0,0,0,0,0
2013/1/20,0,0,0,0,0
2013/1/21,0,0,3.97E-09,0,0
2013/1/22,0,0,0,0,0
2013/1/23,0,0,0,0,0
2013/1/24,0,0,8.87E-05,0,0
2013/1/25,1.94E-06,0,0.00042434,1.23E-04,0.000122556
2013/1/26,7.13E-06,0,0.001969188,2.63E-04,0.000263296
2013/1/27,9.37E-05,3.79E-06,0.00556806,0.001262031,0.001262031
2013/1/28,3.23E-05,0,0.005174397,2.55E-04,0.000254791
2013/1/29,1.83E-05,0,0.001500693,3.51E-04,0.000350614
2013/1/30,1.07E-11,0,-1.23E-10,1.69E-09,1.69E-09
2013/1/31,0,0,0,0,0
2013/2/1,0,0,0,0,0
2013/2/2,0,0,2.47E-05,0,0
2013/2/3,0,0,2.31E-05,0,0
2013/2/4,0,0,2.58E-05,0,0
2013/2/5,0,0,6.29E-06,5.72E-07,5.72E-07
2013/2/6,0,0,7.54E-08,0,0
2013/2/7,0,0,0,0,0
2013/2/8,0,0,0,0,0
2013/2/9,0,0,0,0,0
2013/2/10,0,0,0,0,0
2013/2/11,0,0,1.57E-05,0,0
2013/2/12,0,0,2.27E-05,0,0
2013/2/13,0,0,0,0,0
2013/2/14,0,0,0,0,0
2013/2/15,0,0,0.000408565,0,0
2013/2/16,0,0,0.012187747,0.010976407,0.010976407
2013/2/17,0,0,7.55E-05,0,0
2013/2/18,0,0,0,0,0
2013/2/19,0,0,0,0,0
2013/2/20,0,0,1.20E-05,0,0
2013/2/21,0,0,0.000599677,4.74E-05,4.74E-05
2013/2/22,1.25E-05,0,0.004270502,3.53E-04,0.000352941
2013/2/23,9.30E-05,0,0.005818637,0.002638302,0.002638302
2013/2/24,0.000457977,1.58E-05,0.035411761,0.006100494,0.006100494
2013/2/25,2.42E-05,7.23E-07,0.011359122,0.001453212,0.001453212
2013/2/26,0.000112783,1.46E-06,0.0150371,0.003018784,0.003018784
2013/2/27,0.00018908,0,0.008803109,0.001429909,0.001429909
2013/2/28,9.49E-07,0,0.000127784,2.32E-05,2.32E-05
2013/3/1,3.92E-05,0,0.00698774,0.002514851,0.002514851
2013/3/2,0.001368757,8.02E-05,0.057698502,0.016802041,0.016802041
2013/3/3,0.004666882,0.001870721,0.155048611,0.054503219,0.054503219
2013/3/4,0.021917786,0.01351244,0.293166847,0.130690545,0.130690545
2013/3/5,0.020323487,0.023424064,0.329443275,0.1294066,0.1294066
2013/3/6,0.00434116,0.003887166,0.059103575,0.040290345,0.040290345
2013/3/7,0.02533362,0.014128803,0.085673955,0.12122124,0.12122124
2013/3/8,0.017195287,0.017456095,0.093775134,0.048671778,0.048671778
2013/3/9,0.003883774,0.002607314,0.003054365,0.001185333,0.001185333
2013/3/10,0.003824093,0.004155932,0.062911173,0.016989463,0.016989463
2013/3/11,0.003411658,0.001043653,0.008105732,0.007180172,0.007180172
2013/3/12,0.000499098,5.64E-05,0.003580061,0.00531776,0.00531776
2013/3/13,0.001730978,0.001595899,0.029161469,0.019164822,0.019164822
2013/3/14,0.006539948,0.008649797,0.102805146,0.046461764,0.046461764
2013/3/15,0.013450996,0.019603701,0.295179449,0.102368837,0.102368837
2013/3/16,0.007609582,0.01020165,0.050318587,0.039676038,0.039676038
2013/3/17,0.000351834,0.000359856,0.014791045,0.018401219,0.018401219
2013/3/18,0.000452676,0.000402799,0.025531306,0.0201783,0.0201783
2013/3/19,0.000849187,0.001450727,0.03172564,0.021853071,0.021853071
2013/3/20,0.009139608,0.009741418,0.1323168,0.053468103,0.053468103
2013/3/21,0.002269932,0.001046671,0.026704162,0.019102162,0.019102162
2013/3/22,0.002740983,0.001228012,0.047862228,0.024349232,0.024349232
2013/3/23,0.004560723,0.003190986,0.046779798,0.040678509,0.040678509
2013/3/24,0.009933489,0.005768559,0.084443511,0.046873727,0.046873727
2013/3/25,0.005204166,0.010864341,0.107935785,0.041427345,0.041427345
2013/3/26,0.001971787,0.002791485,0.033950288,0.026265758,0.026265758
2013/3/27,0.002488879,0.003477299,0.045726083,0.02630527,0.02630527
2013/3/28,0.004864417,0.008553801,0.088300837,0.044955941,0.044955941
2013/3/29,0.004086354,0.018908531,0.128060318,0.09809625,0.09809625
2013/3/30,0.015262437,0.029731993,0.15675351,0.162551343,0.162551343
2013/3/31,0.009913529,0.041714917,0.232542486,0.245756941,0.245756941
2013/4/1,0.041302854,0.032417232,0.280446038,0.11987995,0.11987995
2013/4/2,0.000705469,0.000309904,0.128307888,0.017020135,0.017020135
2013/4/3,0.000413673,4.81E-05,0.070028765,0.00535519,0.00535519
2013/4/4,0.000386015,0.00070338,0.007374208,0.002858531,0.002858531
2013/4/5,0.001653941,0.002899392,0.049099895,0.015853606,0.015853606
2013/4/6,0.002471542,0.003592172,0.146810529,0.033315486,0.033315486
2013/4/7,0.000231675,0.007406133,1.547914855,0.255541724,0.255541724
2013/4/8,0.001602134,0.005642205,1.332187164,0.162695157,0.162695157
2013/4/9,0.022283721,0.080106634,2.44907844,0.352018328,0.352018328
2013/4/10,0.13829093,0.523412638,5.088387915,1.758289529,1.758289529
2013/4/11,0.246878503,0.52236779,2.182928177,1.539420349,1.539420349
2013/4/12,0.058057741,0.124160076,0.249459354,0.491142831,0.491142831
2013/4/13,0.057217746,0.13285363,0.277782985,0.558813699,0.558813699
2013/4/14,0.07173188,0.155839375,0.258399053,0.449666744,0.449666744
2013/4/15,0.034066835,0.046572524,0.128428601,0.281457372,0.281457372
2013/4/16,0.099526167,0.130253477,0.411104167,0.46140661,0.46140661
2013/4/17,0.126600368,0.042890522,0.514765725,0.332768862,0.332768862
2013/4/18,0.162597609,0.064654768,0.53200886,0.276696692,0.276696692
2013/4/19,0.214033303,0.171749066,1.775204623,0.801954459,0.801954459
2013/4/20,0.29338865,0.479130052,3.647403211,1.621872813,1.621872813
2013/4/21,0.216048791,0.628604019,4.404530628,2.188405529,2.188405529
2013/4/22,0.314794467,0.664699569,4.763946186,2.297360982,2.297360982
2013/4/23,0.527603982,1.009380766,5.022156675,2.53780891,2.53780891
2013/4/24,0.512254888,1.284806004,6.007494118,3.634877533,3.634877533
2013/4/25,0.574337491,1.418156469,9.543536945,4.713207835,4.713207835
2013/4/26,0.66818639,1.388046776,4.321510166,3.41452509,3.41452509
2013/4/27,0.841519324,1.214305372,4.101990265,2.931540634,2.931540634
2013/4/28,1.74075465,1.274999106,6.377660458,3.370165423,3.370165423
2013/4/29,2.241623632,1.388672943,7.420802337,3.932641642,3.932641642
2013/4/30,3.03784176,2.04368188,6.700008488,3.940767985,3.940767985
2013/5/1,4.987639262,3.078875924,4.295034898,4.287879537,4.287879537
2013/5/2,4.199307007,2.400115707,3.152603207,3.195295857,3.195295857
2013/5/3,3.822945521,3.729094279,4.463100108,6.364405193,6.364405193
2013/5/4,4.277582351,5.282538829,5.553156906,8.355429193,8.355429193
2013/5/5,4.028063313,4.415274201,6.322063321,9.885013327,9.885013327
2013/5/6,3.906148709,2.271795494,5.897965961,6.481383085,6.481383085
2013/5/7,2.831442353,1.455003581,4.271713069,3.520029772,3.520029772
2013/5/8,2.252432727,2.824023715,3.723596613,4.30967774,4.30967774
2013/5/9,2.695102871,3.228910009,3.637059154,5.067981168,5.067981168
2013/5/10,3.059025868,4.726858708,4.848097443,5.634467363,5.634467363
2013/5/11,3.991938634,6.485627258,2.621716872,5.456223078,5.456223078
2013/5/12,3.553736756,5.270600541,2.457719055,5.440955085,5.440955085
2013/5/13,3.078558491,4.614615733,2.335601551,5.238404974,5.238404974
2013/5/14,3.558129923,3.808099651,1.821403847,3.573023276,3.573023276
2013/5/15,3.425191207,3.517241515,2.259047529,2.960009705,2.960009705
2013/5/16,3.298833298,3.847664632,1.47754759,2.472227577,2.472227577
2013/5/17,3.274685111,4.237428229,0.970918562,2.693648243,2.693648243
2013/5/18,3.218262783,4.105269942,1.790971779,3.193050932,3.193050932
2013/5/19,2.717463514,3.297979797,2.875565845,3.625610243,3.625610243
2013/5/20,2.389301841,2.995417292,2.935473096,3.79476758,3.79476758
2013/5/21,2.761112184,4.07476895,2.218719632,2.872446198,2.872446198
2013/5/22,2.805068897,4.721084991,2.071423176,2.928004036,2.928004036
2013/5/23,3.523631911,5.273552808,2.371840342,3.611376664,3.611376664
2013/5/24,3.60988926,5.220677493,1.421948354,3.08560085,3.08560085
2013/5/25,3.559810947,5.529598136,0.849690741,3.213432226,3.213432226
2013/5/26,3.395913848,5.057987376,0.851702741,3.279709916,3.279709916
2013/5/27,3.051333137,4.090861562,1.360742887,3.241297681,3.241297681
2013/5/28,3.375648455,3.67156056,1.446280285,3.189541893,3.189541893
2013/5/29,3.227356203,3.099550591,1.443828683,3.23696009,3.23696009
2013/5/30,2.764085818,2.297494425,1.297432577,2.227536107,2.227536107
2013/5/31,2.410635918,2.169316597,0.903753447,1.799588891,1.799588891
2013/6/1,2.325106818,1.821757532,0.890042444,1.568232068,1.568232068
2013/6/2,2.299943549,1.691200315,0.982994734,1.679168791,1.679168791
2013/6/3,1.926738582,1.480621103,0.93017872,1.630241403,1.630241403
2013/6/4,1.363165042,1.221741275,0.771695881,1.272899588,1.272899588
2013/6/5,0.879495297,0.9746864,0.657172389,0.955612445,0.955612445
2013/6/6,0.712520694,0.922439041,0.536220274,0.715879539,0.715879539
2013/6/7,0.604187647,0.887986363,0.595902578,0.698154015,0.698154015
2013/6/8,0.580356126,0.8560592,0.472140598,0.652049765,0.652049765
2013/6/9,0.524692811,0.789154306,0.440908063,0.689479134,0.689479134
2013/6/10,0.511990873,0.721690163,0.385380231,0.648422914,0.648422914
2013/6/11,0.438683636,0.546010314,0.345781045,0.49558606,0.49558606
2013/6/12,0.304669352,0.459448143,0.315966034,0.38115699,0.38115699
2013/6/13,0.25543962,0.415937672,0.270550657,0.342457611,0.342457611
2013/6/14,0.222527325,0.43527272,0.254053624,0.336725886,0.336725886
2013/6/15,0.194308246,0.436871035,0.274087781,0.329164414,0.329164414
2013/6/16,0.181106683,0.396949574,0.24769355,0.339132866,0.339132866
2013/6/17,0.190793884,0.413071603,0.262747682,0.344945444,0.344945444
2013/6/18,0.258945831,0.382917064,0.180076801,0.213465524,0.213465524
2013/6/19,0.248431649,0.392037925,0.181935917,0.279007314,0.279007314
2013/6/20,0.18484309,0.299341523,0.177965636,0.257358635,0.257358635
2013/6/21,0.212708895,0.218122203,0.160027943,0.192889226,0.192889226
2013/6/22,0.257258954,0.181845132,0.124429812,0.212568224,0.212568224
2013/6/23,0.235025859,0.145228528,0.107551201,0.186119749,0.186119749
2013/6/24,0.208415827,0.14449576,0.094401617,0.192873285,0.192873285
2013/6/25,0.161042572,0.1285094,0.09190718,0.146471794,0.146471794
2013/6/26,0.224017685,0.148970261,0.07454573,0.149990129,0.149990129
2013/6/27,0.136956704,0.131341388,0.051647788,0.128130743,0.128130743
2013/6/28,0.079782086,0.115445689,0.048158617,0.088450736,0.088450736
2013/6/29,0.046682493,0.103537334,0.046889025,0.089964903,0.089964903
2013/6/30,0.026806696,0.082139234,0.050123116,0.069869323,0.069869323
2013/7/1,0.018285992,0.052873999,0.043649183,0.060577043,0.060577043
2013/7/2,0.019836221,0.038058306,0.031439529,0.051703457,0.051703457
2013/7/3,0.026637822,0.032022574,0.024271442,0.051794652,0.051794652
2013/7/4,0.019818885,0.02444043,0.024420224,0.030849639,0.030849639
2013/7/5,0.012962205,0.020210242,0.023854788,0.018181584,0.018181584
2013/7/6,0.035120811,0.036298512,0.02313771,0.011907453,0.011907453
2013/7/7,0.032430576,0.029584143,0.021955678,0.009800053,0.009800053
2013/7/8,0.040243799,0.02402324,0.017712593,0.007078924,0.007078924
2013/7/9,0.047280797,0.023310158,0.015706063,0.004238817,0.004238817
2013/7/10,0.03255563,0.031897526,0.014825445,0.003884947,0.003884947
2013/7/11,0.01813079,0.041962825,0.00976816,0.013399708,0.013399708
2013/7/12,0.015289872,0.050835154,0.020557767,0.029754428,0.029754428
2013/7/13,0.033225401,0.061102316,0.023356108,0.055712514,0.055712514
2013/7/14,0.029941003,0.057815916,0.019825023,0.073127622,0.073127622
2013/7/15,0.011531474,0.035192132,0.027508463,0.038906532,0.038906532
2013/7/16,0.003472548,0.021635443,0.021948195,0.011731623,0.011731623
2013/7/17,0.001454297,0.021626346,0.013238982,0.0024719,0.0024719
2013/7/18,0.000663613,0.025842056,0.008119937,4.22E-04,0.000422229
2013/7/19,0.000376217,0.025429443,0.007340821,9.77E-05,9.77E-05
2013/7/20,0.00028846,0.020564678,0.006547694,4.65E-05,4.65E-05
2013/7/21,0.000229651,0.021497413,0.005482085,3.36E-04,0.000336206
2013/7/22,0.001919505,0.027038927,0.005738411,4.18E-04,0.000418307
2013/7/23,0.011398122,0.023114713,0.004795967,2.91E-04,0.000290522
2013/7/24,0.027755947,0.016176929,0.004557174,1.02E-04,0.000102085
2013/7/25,0.051999083,0.019201985,0.004663121,5.03E-05,5.03E-05
2013/7/26,0.027932106,0.026145145,0.004254371,5.48E-05,5.48E-05
2013/7/27,0.012809977,0.021617513,0.005604833,1.78E-04,0.00017822
2013/7/28,0.00542311,0.016369807,0.004877968,1.05E-04,0.000105185
2013/7/29,0.002214002,0.016788579,0.004001913,4.89E-05,4.89E-05
2013/7/30,0.000445435,0.018130769,0.003712264,1.91E-05,1.91E-05
2013/7/31,0.000107011,0.018613922,0.004167997,5.25E-06,5.25E-06
2013/8/1,0.000333899,0.017257891,0.003455807,1.14E-05,1.14E-05
2013/8/2,0.002090781,0.011938569,0.00251139,1.44E-05,1.44E-05
2013/8/3,0.005816056,0.008585124,0.002971026,6.89E-06,6.89E-06
2013/8/4,0.005469312,0.014292842,0.002567919,3.26E-06,3.26E-06
2013/8/5,0.002627718,0.012825441,0.003081588,2.38E-06,2.38E-06
2013/8/6,0.001010377,0.008300754,0.002734338,2.33E-06,2.33E-06
2013/8/7,0.000480478,0.00601087,0.001647369,1.68E-06,1.68E-06
2013/8/8,0.000179676,0.006553745,0.001973476,1.10E-06,1.10E-06
2013/8/9,0.000112248,0.008931048,0.003272081,9.11E-07,9.11E-07
2013/8/10,7.75E-05,0.013527529,0.001737169,8.49E-07,8.49E-07
2013/8/11,8.13E-05,0.013698788,0.001715781,2.20E-06,2.20E-06
2013/8/12,4.68E-05,0.010208083,0.002611522,4.64E-06,4.64E-06
2013/8/13,7.11E-05,0.009602784,0.002808363,3.06E-06,3.06E-06
2013/8/14,8.27E-05,0.007666948,0.002476754,1.96E-06,1.96E-06
2013/8/15,0.0001746,0.008708101,0.002544644,4.80E-05,4.80E-05
2013/8/16,0.000311698,0.00841547,0.003244636,2.93E-04,0.000293308
2013/8/17,0.002472082,0.010202845,0.002271508,0.003836412,0.003836412
2013/8/18,0.003789694,0.013199501,0.002960486,0.005778868,0.005778868
2013/8/19,0.006137997,0.012349157,0.002324363,0.00717377,0.00717377
2013/8/20,0.032348315,0.011775402,0.002583878,0.018716001,0.018716001
2013/8/21,0.091686204,0.021848286,0.002179571,0.024896842,0.024896842
2013/8/22,0.152416741,0.026445904,0.001972601,0.013355349,0.013355349
2013/8/23,0.139537139,0.02553105,0.001319922,0.005463698,0.005463698
2013/8/24,0.173212977,0.041210736,0.002115536,0.003450889,0.003450889
2013/8/25,0.243934893,0.080169654,0.002280585,0.002994016,0.002994016
2013/8/26,0.308173376,0.074049402,0.001949639,0.00177065,0.00177065
2013/8/27,0.308272032,0.060160168,0.00171474,0.001008319,0.001008319
2013/8/28,0.265945566,0.089422167,0.002024552,6.27E-04,0.000626651
2013/8/29,0.220449031,0.07524614,0.000913253,3.22E-04,0.000321944
2013/8/30,0.114808109,0.043904186,0.00043205,3.75E-04,0.000374518
2013/8/31,0.067224655,0.034098013,0.003013678,0.009251221,0.009251221
2013/9/1,0.080909674,0.052397437,0.004565975,0.014398919,0.014398919
2013/9/2,0.110150404,0.105916083,0.004405896,0.021131457,0.021131457
2013/9/3,0.156868884,0.128904033,0.002580474,0.020091364,0.020091364
2013/9/4,0.136170307,0.063705092,0.003413132,0.007774831,0.007774831
2013/9/5,0.114788283,0.027727611,0.002818785,0.002775945,0.002775945
2013/9/6,0.104209585,0.019851687,0.002460751,0.007822252,0.007822252
2013/9/7,0.139636526,0.040798144,0.003670531,0.012488641,0.012488641
2013/9/8,0.164928153,0.046818826,0.009660616,0.025058049,0.025058049
2013/9/9,0.206961809,0.071559987,0.021351108,0.063154734,0.063154734
2013/9/10,0.322912816,0.125556258,0.028862187,0.086833003,0.086833003
2013/9/11,0.326902036,0.124677577,0.026959376,0.087744526,0.087744526
2013/9/12,0.281042121,0.117005017,0.034567363,0.110141,0.110141
2013/9/13,0.250227544,0.08906511,0.074763873,0.179229493,0.179229493
2013/9/14,0.220063107,0.172635879,0.288215733,0.314541332,0.314541332
2013/9/15,0.333045973,0.240318785,0.180833059,0.242666088,0.242666088
2013/9/16,0.436054486,0.229367968,0.223375288,0.293464829,0.293464829
2013/9/17,0.590487427,0.285017383,0.168093715,0.24540584,0.24540584
2013/9/18,0.454569606,0.451512726,0.145598275,0.271499605,0.271499605
2013/9/19,0.317407808,0.565345002,0.119864414,0.320162262,0.320162262
2013/9/20,0.333373056,0.670723879,0.094608979,0.366023981,0.366023981
2013/9/21,0.306596571,0.501061049,0.136887554,0.235723729,0.235723729
2013/9/22,0.211066035,0.271259608,0.22294314,0.234596741,0.234596741
2013/9/23,0.238448574,0.290880251,0.27735162,0.29104908,0.29104908
2013/9/24,0.230487652,0.358292057,0.333045395,0.489413382,0.489413382
2013/9/25,0.319212706,0.636516698,0.357375322,0.512062249,0.512062249
2013/9/26,0.536487809,0.793921111,0.233096656,0.316154671,0.316154671
2013/9/27,0.352287715,0.643407508,0.114420543,0.188104752,0.188104752
2013/9/28,0.225284152,0.446584879,0.089661924,0.166991347,0.166991347
2013/9/29,0.082649817,0.195472363,0.26566066,0.164907102,0.164907102
2013/9/30,0.086612489,0.163595429,0.300966435,0.304763143,0.304763143
2013/10/1,0.075478025,0.270630428,0.163446302,0.291813793,0.291813793
2013/10/2,0.102421261,0.289202598,0.171675454,0.252721668,0.252721668
2013/10/3,0.071403143,0.258921767,0.196375684,0.219828948,0.219828948
2013/10/4,0.089281545,0.39085316,0.205653794,0.313185285,0.313185285
2013/10/5,0.144546139,0.822724338,0.432155988,0.836889681,0.836889681
2013/10/6,0.060021971,0.360444071,0.323061105,0.492782528,0.492782528
2013/10/7,0.082910122,0.383425568,0.930975372,0.878496782,0.878496782
2013/10/8,0.125556573,0.333733451,0.610967481,0.673103054,0.673103054
2013/10/9,0.065274863,0.295940123,0.730742825,0.566973978,0.566973978
2013/10/10,0.22569203,0.52325354,0.475269431,0.686191276,0.686191276
2013/10/11,0.173435602,0.46543024,0.122788526,0.286864612,0.286864612
2013/10/12,0.075514555,0.350204869,0.261027214,0.276483261,0.276483261
2013/10/13,0.032334399,0.271893681,0.226109693,0.146840575,0.146840575
2013/10/14,0.107357122,0.472203411,1.076722966,0.656179956,0.656179956
2013/10/15,0.118283041,0.512452793,0.645322739,0.708688387,0.708688387
2013/10/16,0.237390873,0.768630754,0.335252938,0.368709056,0.368709056
2013/10/17,0.170363033,0.561822589,0.200528988,0.206235564,0.206235564
2013/10/18,0.131766805,0.362547638,0.182816186,0.196378344,0.196378344
2013/10/19,0.089437711,0.29847266,0.271938277,0.377202615,0.377202615
2013/10/20,0.121905246,0.282313819,0.57678632,0.487528733,0.487528733
2013/10/21,0.048003482,0.11107103,0.088455088,0.230873424,0.230873424
2013/10/22,0.013748516,0.077238553,0.090093321,0.140584474,0.140584474
2013/10/23,0.025048442,0.052820647,0.121071205,0.194232407,0.194232407
2013/10/24,0.048397045,0.085745973,0.146177115,0.261979162,0.261979162
2013/10/25,0.057248977,0.075616706,0.186506353,0.20840929,0.20840929
2013/10/26,0.020859391,0.081211237,0.191545407,0.142622899,0.142622899
2013/10/27,0.015106437,0.094470732,0.292056549,0.113180385,0.113180385
2013/10/28,0.028715521,0.189253744,0.394161473,0.176652856,0.176652856
2013/10/29,0.096659724,0.3333058,1.046217345,0.53330155,0.53330155
2013/10/30,0.041018007,0.448903482,5.101455345,2.476981676,2.476981676
2013/10/31,0.301068692,0.398479739,3.258375149,1.330752963,1.330752963
2013/11/1,0.21406869,0.345583382,0.978808794,0.608126359,0.608126359
2013/11/2,0.051780806,0.188104265,0.952021033,0.548863734,0.548863734
2013/11/3,0.079986379,0.266867302,0.271111719,0.356710532,0.356710532
2013/11/4,0.025917363,0.077400401,0.039405003,0.020484615,0.020484615
2013/11/5,0.001900059,0.005948705,0.009353212,0.012164447,0.012164447
2013/11/6,0.000536378,0.001134403,0.018832896,0.010658083,0.010658083
2013/11/7,0.018756539,0.258407106,0.537095381,0.611753377,0.611753377
2013/11/8,0.053197203,0.725969738,1.443074034,1.610838544,1.610838544
2013/11/9,0.053967611,0.490842138,0.910363116,1.147394994,1.147394994
2013/11/10,0.020500486,0.18831528,0.091628268,0.160199362,0.160199362
2013/11/11,0.004787172,0.016187183,0.308972332,0.075758486,0.075758486
2013/11/12,0.006170807,0.007594313,0.423533485,0.02917678,0.02917678
2013/11/13,0.062067726,0.251016244,0.019112923,0.003768685,0.003768685
2013/11/14,0.030624812,0.383882327,0.010460545,0.007606619,0.007606619
2013/11/15,0.000545581,0.001119342,0.004464498,0.003361542,0.003361542
2013/11/16,0.000274524,0.001008913,0.066036438,0.010714581,0.010714581
2013/11/17,0.0008097,0.001853514,0.014902683,0.012412034,0.012412034
2013/11/18,0.001394288,0.003026896,0.04840641,0.023844143,0.023844143
2013/11/19,0.002286422,0.005390223,0.047599683,0.031051781,0.031051781
2013/11/20,0.001740661,0.005065438,0.042949688,0.022090833,0.022090833
2013/11/21,0.001517711,0.001887984,0.018297014,0.005534478,0.005534478
2013/11/22,0.00020776,0.00041697,0.00250833,0.002373785,0.002373785
2013/11/23,9.18E-06,9.29E-06,0.000673994,6.34E-04,0.000633566
2013/11/24,9.04E-06,1.33E-05,0.000457809,5.52E-04,0.000552048
2013/11/25,7.66E-06,3.51E-07,0.000323837,4.10E-04,0.000409588
2013/11/26,3.01E-06,6.85E-08,0.000532489,5.55E-04,0.00055511
2013/11/27,2.20E-07,1.74E-05,0.000296214,8.04E-04,0.000804111
2013/11/28,0.000140613,0.00032275,0.006499299,0.002735325,0.002735325
2013/11/29,3.90E-05,9.36E-05,0.042478733,0.003077496,0.003077496
2013/11/30,0.000327474,0.000477214,0.181111464,0.022474754,0.022474754
2013/12/1,0.001029873,0.001220254,0.042383067,0.01325224,0.01325224
2013/12/2,0.001204191,0.001249612,0.01612556,0.005399736,0.005399736
2013/12/3,0.000200066,0.000429581,0.002633629,0.001439017,0.001439017
2013/12/4,0.000435045,0.00026316,0.000614506,9.34E-04,0.000934491
2013/12/5,0.029098388,0.064542031,0.003374127,0.001838169,0.001838169
2013/12/6,0.02857976,0.150197436,0.004955922,0.001298252,0.001298252
2013/12/7,0.036806436,0.254389756,4.16E-05,1.10E-04,0.000110151
2013/12/8,0.044218145,0.092852789,0.000123744,1.48E-04,0.000147934
2013/12/9,2.68E-09,1.34E-08,8.50E-05,1.32E-04,0.000131673
2013/12/10,0,0,5.45E-05,3.00E-04,0.000299728
2013/12/11,3.15E-07,0,5.65E-05,2.77E-04,0.000277317
2013/12/12,0,0,7.11E-05,8.87E-05,8.87E-05
2013/12/13,0,0,6.21E-06,6.54E-06,6.54E-06
2013/12/14,0,0,1.78E-06,6.50E-05,6.50E-05
2013/12/15,0,0,0.00336672,4.20E-04,0.000420427
2013/12/16,0,0,0.000139537,2.38E-04,0.000237556
2013/12/17,0,0,0.000120765,7.65E-05,7.65E-05
2013/12/18,4.03E-06,0,5.70E-05,1.80E-05,1.80E-05
2013/12/19,2.41E-07,9.47E-07,-8.62E-10,1.40E-10,1.40E-10
2013/12/20,6.42E-05,9.53E-05,7.02E-07,2.55E-05,2.55E-05
2013/12/21,0.004938565,0.011073634,4.99E-05,4.16E-05,4.16E-05
2013/12/22,9.69E-07,0,2.71E-05,4.82E-06,4.82E-06
2013/12/23,0,0,1.29E-06,0,0
2013/12/24,0,0,0,0,0
2013/12/25,0,0,0,0,0
2013/12/26,0,0,0.002882922,0,0
2013/12/27,0,0,0.00320346,1.23E-06,1.23E-06
2013/12/28,0,0,2.26E-07,0,0
2013/12/29,0,0,0,1.11E-07,1.11E-07
2013/12/30,0,0,6.70E-12,6.83E-08,6.83E-08
2013/12/31,5.94E-08,0,4.62E-05,6.80E-05,6.80E-05
2014/1/1,1.73E-05,4.02E-06,0.001173876,5.91E-04,0.000590974
2014/1/2,5.56E-05,8.02E-09,0.000635687,2.85E-04,0.000285178
2014/1/3,0.000323228,1.40E-05,0.000346181,9.91E-05,9.91E-05
2014/1/4,7.67E-05,4.25E-06,4.90E-05,3.81E-06,3.81E-06
2014/1/5,0,0,1.36E-05,1.12E-05,1.12E-05
2014/1/6,3.30E-05,8.55E-05,0,0,0
2014/1/7,1.49E-05,6.30E-06,0,0,0
2014/1/8,0,0,0,0,0
2014/1/9,0,0,0,0,0
2014/1/10,0,0,0,0,0
2014/1/11,0,0,0,9.20E-07,9.20E-07
2014/1/12,0,0,2.61E-06,3.32E-05,3.32E-05
2014/1/13,0,0,5.38E-06,8.06E-05,8.06E-05
2014/1/14,0,0,1.52E-06,1.25E-04,0.000125166
2014/1/15,2.75E-07,2.81E-07,0.035512198,0.008778578,0.008778578
2014/1/16,0,0,0.000212607,9.59E-05,9.59E-05
2014/1/17,5.18E-06,0,0.009939313,0.003361362,0.003361362
2014/1/18,0.00575834,0.003885495,4.13E-07,2.68E-05,2.68E-05
2014/1/19,0,0,0.000172464,2.82E-04,0.000282116
2014/1/20,0.000249645,0.00061902,0.000443886,7.98E-04,0.000797868
2014/1/21,0.016288417,0.037287756,0.003208027,0.0012242,0.0012242
2014/1/22,0.000970648,0.003322082,0.005547488,0.002666913,0.002666913
2014/1/23,0.002006276,0.017779036,0.014267217,0.032081807,0.032081807
2014/1/24,0.034712682,0.230528559,0.246245426,0.407894974,0.407894974
2014/1/25,0.003422484,0.030584179,0.082828239,0.140338702,0.140338702
2014/1/26,0.00785403,0.019009486,0.00200573,4.59E-04,0.000459182
2014/1/27,0.016209048,0.037144476,4.52E-05,2.26E-05,2.26E-05
2014/1/28,0.009057421,0.01766131,0.001804232,3.73E-04,0.00037278
2014/1/29,6.58E-05,0.000515605,2.12E-06,0,0
2014/1/30,0.005969731,0.003916449,0.00025343,2.39E-05,2.39E-05
2014/1/31,0.023407873,0.034843166,0.000310767,0.001313193,0.001313193
2014/2/1,0.000701372,0.002654458,0,0,0
2014/2/2,4.39E-06,1.10E-05,0,0,0
2014/2/3,0,0,0,0,0
2014/2/4,1.20E-06,0,2.13E-07,0,0
2014/2/5,1.80E-05,2.36E-05,2.49E-06,0,0
2014/2/6,2.52E-06,0,0,0,0
2014/2/7,0,0,6.32E-06,0,0
2014/2/8,4.40E-06,0,2.70E-05,3.40E-04,0.000339629
2014/2/9,2.69E-07,0,1.38E-07,1.13E-04,0.000113161
2014/2/10,4.84E-09,0,1.04E-06,2.63E-06,2.63E-06
2014/2/11,0,0,0,0,0
2014/2/12,8.86E-06,0,9.15E-05,1.75E-07,1.75E-07
2014/2/13,0,7.46E-06,0,0,0
2014/2/14,0,0,0,0,0
2014/2/15,0,0,0,0,0
2014/2/16,0,0,0,0,0
2014/2/17,0,0,3.40E-06,0,0
2014/2/18,0,0,0,0,0
2014/2/19,3.79E-05,7.98E-09,0.000844167,5.52E-04,0.000551937
2014/2/20,0.000965186,0.000394635,0.026462481,0.008876273,0.008876273
2014/2/21,0.0014477,0.001063037,0.040290067,0.013748823,0.013748823
2014/2/22,0.002220523,0.000519062,0.017298028,0.011463838,0.011463838
2014/2/23,0.005424239,0.003734655,0.08256825,0.028324909,0.028324909
2014/2/24,0.005266788,0.004520451,0.056998392,0.022473151,0.022473151
2014/2/25,0.000119357,0,5.07E-06,8.66E-07,8.66E-07
2014/2/26,9.26E-06,9.17E-06,0.001036594,1.46E-04,0.000146286
2014/2/27,0.002543568,0.001480161,0.005751722,3.81E-04,0.000380789
2014/2/28,0.006311009,0.004566853,0.005431263,7.19E-04,0.000719367
2014/3/1,0.002588352,0.004623701,0.007142962,0.001054911,0.001054911
2014/3/2,0.000376342,0.000462093,0.005451888,0.001161177,0.001161177
2014/3/3,0.000148838,7.06E-05,0.002524529,8.73E-04,0.000873491
2014/3/4,0.000129379,4.57E-05,0.001787623,5.46E-04,0.000546099
2014/3/5,0.00014722,4.15E-05,0.002622355,7.64E-04,0.000763639
2014/3/6,0.000189583,9.21E-05,0.002583883,0.001026407,0.001026407
2014/3/7,0.000582629,0.000281462,0.008244067,0.003230314,0.003230314
2014/3/8,0.002266865,0.001685992,0.031109567,0.009910707,0.009910707
2014/3/9,0.006762542,0.005170577,0.084531519,0.028600912,0.028600912
2014/3/10,0.000424603,8.95E-05,0.004921897,5.15E-04,0.000514527
2014/3/11,0.000800413,0.003172256,0.123251039,0.036573222,0.036573222
2014/3/12,0.001990754,0.003048244,0.252258603,0.192198955,0.192198955
2014/3/13,0.015717869,0.010139167,0.161042206,0.131773057,0.131773057
2014/3/14,0.035273042,0.031524355,0.189568302,0.105891473,0.105891473
2014/3/15,0.060172974,0.053951879,0.234999369,0.1292462,0.1292462
2014/3/16,0.008554463,0.00822421,0.134311111,0.039351476,0.039351476
2014/3/17,0.021133682,0.033872284,0.646898526,0.295609481,0.295609481
2014/3/18,0.006443035,0.03987929,0.14305451,0.163024524,0.163024524
2014/3/19,0.014196722,0.013726667,0.210446521,0.102185825,0.102185825
2014/3/20,0.04643798,0.051812652,0.850660521,0.262343176,0.262343176
2014/3/21,0.070702685,0.063863133,0.423001213,0.238492032,0.238492032
2014/3/22,0.065651902,0.089658653,0.532153709,0.269309394,0.269309394
2014/3/23,0.097794248,0.124661775,0.760832225,0.408072429,0.408072429
2014/3/24,0.090020744,0.142394047,0.922863991,0.425481112,0.425481112
2014/3/25,0.04882169,0.042521037,0.508526889,0.119917265,0.119917265
2014/3/26,0.013691688,0.017272053,0.125631743,0.075231532,0.075231532
2014/3/27,0.026639276,0.052697304,0.296691959,0.150117949,0.150117949
2014/3/28,0.044410681,0.067711798,0.356382242,0.20117565,0.20117565
2014/3/29,0.024513262,0.03320104,0.096551678,0.088084415,0.088084415
2014/3/30,0.024317682,0.056418494,0.2254944,0.183763435,0.183763435
2014/3/31,0.043948696,0.115411475,0.537954741,0.337633387,0.337633387
2014/4/1,0.041752813,0.152615065,1.882531621,0.65941614,0.65941614
2014/4/2,0.060633771,0.219326815,2.306028102,0.740312163,0.740312163
2014/4/3,0.115157484,0.299898481,2.56575515,0.749135864,0.749135864
2014/4/4,0.136158843,0.395970402,4.038024851,1.283760332,1.283760332
2014/4/5,0.37656587,0.806981688,3.722275858,1.95225532,1.95225532
2014/4/6,0.50708373,0.782211783,1.708283136,1.347263527,1.347263527
2014/4/7,0.154865408,0.313054105,1.890431025,0.870732176,0.870732176
2014/4/8,0.096989197,0.212863829,2.44072152,2.18092092,2.18092092
2014/4/9,0.095250739,0.220648995,2.070516625,1.087127085,1.087127085
2014/4/10,0.589562056,0.72032963,3.149866732,1.521520235,1.521520235
2014/4/11,1.723144446,1.314085165,3.858079238,2.388248814,2.388248814
2014/4/12,1.824276155,1.10690817,0.557454807,0.917841441,0.917841441
2014/4/13,0.429807213,0.204761273,0.25036537,0.228713347,0.228713347
2014/4/14,0.09127428,0.697779975,1.343878155,0.892745179,0.892745179
2014/4/15,0.134830733,1.261827794,2.893743484,1.559696038,1.559696038
2014/4/16,0.299099231,1.710118688,3.822195121,2.120910268,2.120910268
2014/4/17,0.701660137,1.506984812,5.503851296,2.437084367,2.437084367
2014/4/18,0.713963668,1.960476736,6.037009386,3.033832492,3.033832492
2014/4/19,0.761571927,2.534410891,6.146439886,3.470718742,3.470718742
2014/4/20,0.870693865,2.650639329,5.289864672,3.745551346,3.745551346
2014/4/21,0.774190182,2.974210032,2.768670567,3.242129187,3.242129187
2014/4/22,1.274886735,2.597218853,1.565018731,2.461567398,2.461567398
2014/4/23,1.395750384,1.791083789,1.31644515,1.216067064,1.216067064
2014/4/24,0.829445398,0.971513587,0.800564569,0.321286014,0.321286014
2014/4/25,0.540976695,1.750973203,2.277429478,1.322586994,1.322586994
2014/4/26,1.149831498,3.063955874,5.674380574,3.356605795,3.356605795
2014/4/27,1.77975003,4.598237466,1.797599883,3.084940662,3.084940662
2014/4/28,1.924614339,4.736908717,1.298447071,3.259515839,3.259515839
2014/4/29,1.629418268,4.703140614,0.877427473,2.685894064,2.685894064
2014/4/30,1.054961928,4.170321271,2.749627583,3.22718848,3.22718848
2014/5/1,0.42364656,3.508063613,6.329761548,4.599529545,4.599529545
2014/5/2,0.573004031,2.558701503,6.778819027,3.039900321,3.039900321
2014/5/3,1.300437636,3.402313166,8.243776688,4.47388645,4.47388645
2014/5/4,2.369786712,3.640625326,7.902437472,5.235617137,5.235617137
2014/5/5,4.803473322,4.149213335,4.666065408,4.935905356,4.935905356
2014/5/6,5.843482921,3.625666427,1.630602381,3.241272434,3.241272434
2014/5/7,4.940698995,3.793423208,3.38289995,4.629168359,4.629168359
2014/5/8,3.093074202,3.90792221,3.724022278,5.086845116,5.086845116
2014/5/9,2.973993507,3.273600249,3.340680645,3.821964248,3.821964248
2014/5/10,2.925378305,3.175417445,1.672421231,2.762329604,2.762329604
2014/5/11,2.224911169,3.438804985,1.622994209,3.598586107,3.598586107
2014/5/12,2.035668,4.177243298,2.461561203,5.603002242,5.603002242
2014/5/13,1.578581525,3.640594111,2.993109893,5.618815852,5.618815852
2014/5/14,1.584113003,3.910490008,2.779135483,5.047440685,5.047440685
2014/5/15,2.115523397,3.238932119,2.81442389,5.665169728,5.665169728
2014/5/16,3.399673847,2.972929381,2.79515547,4.221572164,4.221572164
2014/5/17,3.59254077,2.719669751,1.698798557,3.25528384,3.25528384
2014/5/18,3.19331469,2.649119644,1.241895624,2.990694447,2.990694447
2014/5/19,2.366979497,2.330622869,1.173534142,3.620382107,3.620382107
2014/5/20,2.538809492,1.947452606,1.274671286,3.046405219,3.046405219
2014/5/21,3.534869257,1.875760137,1.440433135,2.62975969,2.62975969
2014/5/22,3.983987778,1.633817796,2.12094939,3.019638587,3.019638587
2014/5/23,4.512982396,1.415910889,1.990157495,2.508868742,2.508868742
2014/5/24,4.0534189,1.658959401,1.352617313,1.810062388,1.810062388
2014/5/25,4.823599092,2.131221879,1.076270314,1.774707814,1.774707814
2014/5/26,4.111023025,1.782187791,0.894402966,1.794295312,1.794295312
2014/5/27,3.281667013,1.669992566,1.014485725,2.137357698,2.137357698
2014/5/28,3.251554265,1.924124631,1.258466823,2.592418034,2.592418034
2014/5/29,3.736452973,1.87216635,1.388569428,2.53430168,2.53430168
2014/5/30,4.060235591,1.572672013,1.332448202,2.191547118,2.191547118
2014/5/31,3.896977972,1.415345654,1.034736486,1.569836413,1.569836413
2014/6/1,3.570673396,1.28332908,0.988146016,1.495024525,1.495024525
2014/6/2,3.079131658,1.183844197,1.089656286,1.748440151,1.748440151
2014/6/3,3.026840769,0.95658684,1.007969396,1.338274374,1.338274374
2014/6/4,3.093941648,1.034167518,0.779000114,1.243895419,1.243895419
2014/6/5,2.974548265,0.912807474,0.522806586,1.07641995,1.07641995
2014/6/6,2.871695559,1.217032624,0.901949849,1.891662742,1.891662742
2014/6/7,3.187940705,1.853062649,1.197221393,2.546285518,2.546285518
2014/6/8,2.942693836,1.391329882,1.054396735,2.042319938,2.042319938
2014/6/9,2.77138855,1.227278168,0.961832881,1.70693544,1.70693544
2014/6/10,2.723460062,1.153755005,0.85665698,1.76166363,1.76166363
2014/6/11,2.3298987,1.095958256,0.993423499,1.583226048,1.583226048
2014/6/12,2.47335454,1.315925108,0.884582751,1.957590745,1.957590745
2014/6/13,2.116289943,0.995706536,0.875040184,1.603829161,1.603829161
2014/6/14,2.252447435,0.999673924,0.707770471,1.318958119,1.318958119
2014/6/15,2.145528994,1.069761795,0.564477502,1.340638736,1.340638736
2014/6/16,2.775526399,1.1929891,0.524178331,1.184725314,1.184725314
2014/6/17,2.785987588,1.120414907,0.464015744,1.113667274,1.113667274
2014/6/18,1.832708548,0.691166145,0.331212214,0.623684683,0.623684683
2014/6/19,1.284743757,0.570807566,0.301675468,0.448341676,0.448341676
2014/6/20,1.172774707,0.549601585,0.260213741,0.36041882,0.36041882
2014/6/21,0.935973282,0.363369567,0.186360435,0.237161672,0.237161672
2014/6/22,0.886779831,0.326755214,0.180630509,0.218354803,0.218354803
2014/6/23,0.684647863,0.25323014,0.190601441,0.173403605,0.173403605
2014/6/24,0.647110786,0.209248836,0.152446093,0.141062261,0.141062261
2014/6/25,0.5145707,0.143336105,0.125579998,0.109560722,0.109560722
2014/6/26,0.436560984,0.113605991,0.10149626,0.085812128,0.085812128
2014/6/27,0.296380537,0.111853803,0.101363091,0.063431923,0.063431923
2014/6/28,0.310727718,0.115848207,0.090967067,0.048470783,0.048470783
2014/6/29,0.336808096,0.09350369,0.068999842,0.038204753,0.038204753
2014/6/30,0.197502812,0.07499027,0.067656728,0.021522633,0.021522633
2014/7/1,0.164031855,0.070111492,0.069193105,0.014359682,0.014359682
2014/7/2,0.11442215,0.063962934,0.061872819,0.008270056,0.008270056
2014/7/3,0.078218023,0.067084319,0.047672611,0.005677197,0.005677197
2014/7/4,0.048336989,0.069104417,0.027519587,0.004526199,0.004526199
2014/7/5,0.029292981,0.071698032,0.029846609,0.004136868,0.004136868
2014/7/6,0.017460576,0.08155274,0.03642926,0.004202426,0.004202426
2014/7/7,0.011361944,0.059694047,0.027219669,0.002916961,0.002916961
2014/7/8,0.009467171,0.045688547,0.034853301,0.002816005,0.002816005
2014/7/9,0.005625918,0.040821776,0.029423861,0.002268451,0.002268451
2014/7/10,0.004655301,0.036994442,0.029195266,0.003291266,0.003291266
2014/7/11,0.010552557,0.043986317,0.022584303,0.001700572,0.001700572
2014/7/12,0.008318895,0.041154009,0.019202821,8.00E-04,0.000800192
2014/7/13,0.004033783,0.036024361,0.024032548,9.46E-04,0.000946241
2014/7/14,0.002519524,0.0244428,0.026091901,7.19E-04,0.000719041
2014/7/15,0.001973274,0.0216289,0.02645226,4.74E-04,0.000473802
2014/7/16,0.001303803,0.023480867,0.020462695,3.46E-04,0.000345846
2014/7/17,0.002109952,0.023600887,0.017196595,5.20E-04,0.000520031
2014/7/18,0.002732498,0.02331453,0.014437652,0.002558758,0.002558758
2014/7/19,0.002801506,0.021980555,0.015765911,0.003488392,0.003488392
2014/7/20,0.004484057,0.026463341,0.011544648,0.002357558,0.002357558
2014/7/21,0.009363721,0.036315065,0.010885766,8.65E-04,0.000865352
2014/7/22,0.012581198,0.023293638,0.011497301,3.09E-04,0.000308856
2014/7/23,0.010576865,0.015018033,0.011570983,1.11E-04,0.000111465
2014/7/24,0.010124636,0.013344528,0.007343104,4.65E-05,4.65E-05
2014/7/25,0.015650707,0.01671497,0.018986646,4.85E-05,4.85E-05
2014/7/26,0.035708269,0.028950673,0.013715965,8.15E-05,8.15E-05
2014/7/27,0.058229663,0.027956169,0.00912604,8.52E-05,8.52E-05
2014/7/28,0.03930294,0.021199833,0.006423796,3.30E-05,3.30E-05
2014/7/29,0.018178205,0.020146695,0.004467469,0.007723901,0.007723901
2014/7/30,0.015130284,0.028385216,0.004506141,0.019477104,0.019477104
2014/7/31,0.042151528,0.033340508,0.00308868,0.013167698,0.013167698
2014/8/1,0.067359255,0.03618429,0.001676323,0.016305826,0.016305826
2014/8/2,0.042369822,0.028098577,0.002337324,0.011055279,0.011055279
2014/8/3,0.014801417,0.019350632,0.002060434,0.007539069,0.007539069
2014/8/4,0.004263846,0.015284039,0.002505238,0.003081303,0.003081303
2014/8/5,0.001232052,0.009745577,0.002473864,9.78E-04,0.000978116
2014/8/6,0.00035157,0.00882001,0.001834995,3.49E-04,0.000349119
2014/8/7,0.001643067,0.00861157,0.001523709,1.45E-04,0.000144628
2014/8/8,0.002210805,0.007046845,0.000973392,7.57E-05,7.57E-05
2014/8/9,0.023585653,0.009461875,0.001734657,3.63E-04,0.000363461
2014/8/10,0.041877228,0.010988211,0.002495305,3.62E-04,0.000361704
2014/8/11,0.063736445,0.015879984,0.003236825,2.91E-04,0.000291391
2014/8/12,0.07729382,0.019059542,0.003758773,1.43E-04,0.000142513
2014/8/13,0.043548231,0.010120352,0.001846107,4.59E-05,4.59E-05
2014/8/14,0.029272256,0.012779291,0.002548315,1.82E-05,1.82E-05
2014/8/15,0.023524278,0.01621843,0.001955497,1.26E-04,0.000125936
2014/8/16,0.010993307,0.006136244,0.002122879,5.39E-05,5.39E-05
2014/8/17,0.003499125,0.00814661,0.001900146,7.59E-05,7.59E-05
2014/8/18,0.001256596,0.011019101,0.002817598,4.53E-05,4.53E-05
2014/8/19,0.000648029,0.007530125,0.002083617,4.65E-04,0.000464623
2014/8/20,0.001485233,0.005091742,0.001115966,4.18E-04,0.000418013
2014/8/21,0.001601785,0.003896116,0.00046899,2.15E-04,0.00021472
2014/8/22,0.003061934,0.003431004,0.000640272,1.13E-04,0.00011301
2014/8/23,0.007336348,0.003891156,0.001565803,1.98E-04,0.000198431
2014/8/24,0.014543486,0.003779007,0.000852115,1.46E-04,0.00014565
2014/8/25,0.011143039,0.007290707,0.00277901,9.52E-05,9.52E-05
2014/8/26,0.006445054,0.00640202,0.001562407,9.21E-04,0.000921065
2014/8/27,0.006398331,0.008437777,0.001762293,0.019310261,0.019310261
2014/8/28,0.011103362,0.010572845,0.007837773,0.015530512,0.015530512
2014/8/29,0.059554266,0.021537548,0.007786488,0.018968894,0.018968894
2014/8/30,0.0678453,0.03438691,0.006861836,0.017333748,0.017333748
2014/8/31,0.186019793,0.051273702,0.006961092,0.014180423,0.014180423
2014/9/1,0.234965948,0.06536773,0.008520746,0.012576864,0.012576864
2014/9/2,0.161699109,0.11457721,0.010712897,0.014085057,0.014085057
2014/9/3,0.085117316,0.095966328,0.014606249,0.028356296,0.028356296
2014/9/4,0.105114422,0.144554823,0.027814735,0.073319086,0.073319086
2014/9/5,0.107013944,0.131994639,0.02278334,0.05566542,0.05566542
2014/9/6,0.212508362,0.194993491,0.019723282,0.088800385,0.088800385
2014/9/7,0.248163029,0.162902908,0.02473006,0.09049032,0.09049032
2014/9/8,0.312851955,0.25909741,0.02791271,0.111968323,0.111968323
2014/9/9,0.344792047,0.284292712,0.037723569,0.120286361,0.120286361
2014/9/10,0.597282555,0.472712604,0.057832131,0.198875956,0.198875956
2014/9/11,0.394195675,0.334723965,0.165462516,0.272862705,0.272862705
2014/9/12,0.264129362,0.263180701,0.246481978,0.279703415,0.279703415
2014/9/13,0.273849429,0.238181233,0.244965855,0.239726585,0.239726585
2014/9/14,0.287622105,0.241390626,0.186426954,0.199316497,0.199316497
2014/9/15,0.3052072,0.182877691,0.111159195,0.140581406,0.140581406
2014/9/16,0.463773759,0.331371703,0.053610007,0.165264294,0.165264294
2014/9/17,0.332932978,0.21254363,0.041279918,0.115793815,0.115793815
2014/9/18,0.293732225,0.200666339,0.099377708,0.146036392,0.146036392
2014/9/19,0.434123329,0.201911176,0.13800615,0.117539587,0.117539587
2014/9/20,0.215285783,0.184936566,0.205870159,0.174732739,0.174732739
2014/9/21,0.16096156,0.158536609,0.337486007,0.302881409,0.302881409
2014/9/22,0.20959669,0.205855261,0.375960914,0.502762535,0.502762535
2014/9/23,0.163716898,0.205501099,0.520149652,0.514372622,0.514372622
2014/9/24,0.149376204,0.264900583,0.381944964,0.318370175,0.318370175
2014/9/25,0.27151823,0.264500604,0.155461688,0.175948049,0.175948049
2014/9/26,0.168037706,0.145191231,0.031138551,0.081714278,0.081714278
2014/9/27,0.081436221,0.174561382,0.119059054,0.223480269,0.223480269
2014/9/28,0.092369939,0.232285826,0.143138863,0.243759578,0.243759578
2014/9/29,0.341226719,0.235407499,0.229371792,0.444669775,0.444669775
2014/9/30,0.377893339,0.231592539,0.285761436,0.39479491,0.39479491
2014/10/1,0.249646544,0.210992272,0.262049562,0.341925563,0.341925563
2014/10/2,0.366196792,0.288696888,0.287454464,0.384459086,0.384459086
2014/10/3,0.335400726,0.228314742,0.344855229,0.571516734,0.571516734
2014/10/4,0.277945412,0.559007999,0.461414974,0.987753067,0.987753067
2014/10/5,0.228845971,0.401462943,0.298186446,0.593911215,0.593911215
2014/10/6,0.136739273,0.170434679,0.170498724,0.256501692,0.256501692
2014/10/7,0.087699219,0.080221727,0.150677918,0.136361796,0.136361796
2014/10/8,0.10257798,0.11505214,0.12958118,0.160428363,0.160428363
2014/10/9,0.115746547,0.142993563,0.12831228,0.255511446,0.255511446
2014/10/10,0.095702886,0.517902396,0.122140699,0.67960777,0.67960777
2014/10/11,0.066035187,0.761461117,0.098791604,0.501224234,0.501224234
2014/10/12,0.013784424,0.427571574,0.132417419,0.280267792,0.280267792
2014/10/13,0.030626701,0.1495255,0.104750157,0.184838113,0.184838113
2014/10/14,0.032270824,0.047943791,0.091216232,0.155207477,0.155207477
2014/10/15,0.030275138,0.069941317,0.328047009,0.24147408,0.24147408
2014/10/16,0.059995981,0.13200029,0.26054314,0.229782496,0.229782496
2014/10/17,0.042313767,0.148955813,0.139387968,0.361480348,0.361480348
2014/10/18,0.036330793,0.187827422,0.172462098,0.443854811,0.443854811
2014/10/19,0.005808464,0.122514262,0.127535084,0.469080987,0.469080987
2014/10/20,0.045473614,0.562694885,0.228921834,0.922222442,0.922222442
2014/10/21,0.080141756,0.316582903,0.623033488,0.57270373,0.57270373
2014/10/22,0.028380058,0.077398713,0.079279343,0.168439215,0.168439215
2014/10/23,0.017565035,0.101532923,0.074987353,0.139504854,0.139504854
2014/10/24,0.030419153,0.085279097,0.120863574,0.154250279,0.154250279
2014/10/25,0.008343433,0.054586021,0.17055343,0.152143487,0.152143487
2014/10/26,0.020607191,0.082710952,0.105050629,0.183616733,0.183616733
2014/10/27,0.038404399,0.07625721,0.21462043,0.13469697,0.13469697
2014/10/28,0.013180094,0.011564935,0.008967792,0.014553971,0.014553971
2014/10/29,0.001794507,0.003360317,0.104811903,0.019827237,0.019827237
2014/10/30,0.004218843,0.016693662,0.397286976,0.162901957,0.162901957
2014/10/31,0.006691605,0.039250392,0.205352969,0.171896594,0.171896594
2014/11/1,0.002366065,0.016476538,0.26112381,0.087861165,0.087861165
2014/11/2,0.006800466,0.02317594,0.226654143,0.091908546,0.091908546
2014/11/3,0.009307613,0.02040286,0.115844489,0.072397512,0.072397512
2014/11/4,0.003076722,0.004988951,0.037659291,0.019579486,0.019579486
2014/11/5,0.003204789,0.045850795,0.145494713,0.239579669,0.239579669
2014/11/6,0.001402578,0.00846323,0.312732519,0.065677407,0.065677407
2014/11/7,0.004066635,0.012809681,0.269482037,0.095629791,0.095629791
2014/11/8,0.008876103,0.012832002,0.073571981,0.039223635,0.039223635
2014/11/9,0.023906116,0.034666244,0.006132819,0.009946944,0.009946944
2014/11/10,0.016479428,0.05382397,0.002128834,0.003424437,0.003424437
2014/11/11,0.022911819,0.053923738,0.003319568,0.003598728,0.003598728
2014/11/12,0.044495347,0.221967968,0.012112115,0.024900635,0.024900635
2014/11/13,0.036259916,0.128790409,0.009740249,0.005995122,0.005995122
2014/11/14,0.009212662,0.018471884,0.009150969,0.005610084,0.005610084
2014/11/15,0.002847991,0.001731347,0.006873182,0.004620862,0.004620862
2014/11/16,0.003114127,0.002346062,0.008430522,0.005197601,0.005197601
2014/11/17,0.001310843,0.001264899,0.007070408,0.004695468,0.004695468
2014/11/18,0.000920927,0.001541185,0.009275551,0.005051238,0.005051238
2014/11/19,0.005080571,0.011975211,0.002352644,6.43E-04,0.000642752
2014/11/20,0.00121422,0.002743842,0.010726168,0.00583876,0.00583876
2014/11/21,1.48E-05,8.43E-06,0.001010077,1.74E-04,0.000174009
2014/11/22,0.000177166,0.000359782,0.00101928,5.43E-04,0.000543087
2014/11/23,0.000229753,0.000420996,0.00104971,7.45E-04,0.000745009
2014/11/24,2.57E-05,9.86E-05,0.000758268,4.31E-04,0.000431122
2014/11/25,6.13E-05,3.37E-05,0.002779041,5.61E-04,0.000561087
2014/11/26,0.000122797,3.23E-10,8.44E-06,0,0
2014/11/27,0,7.76E-07,1.84E-05,3.35E-05,3.35E-05
2014/11/28,4.85E-05,6.39E-06,0.000212514,5.72E-05,5.72E-05
2014/11/29,0,0,0,0,0
2014/11/30,0,0,0,0,0
2014/12/1,0.004695078,0.000790465,0,0,0
2014/12/2,0.004955438,0.003457117,0,0,0
2014/12/3,0,0,0,0,0
2014/12/4,0,0,0,0,0
2014/12/5,2.90E-07,0,2.88E-05,1.75E-05,1.75E-05
2014/12/6,0,0,0,0,0
2014/12/7,0,0,0,2.69E-06,2.69E-06
2014/12/8,6.45E-08,1.04E-05,1.64E-08,7.14E-07,7.14E-07
2014/12/9,0,0,0.021959972,0.010338997,0.010338997
2014/12/10,0,1.86E-05,0.094324584,0.010966529,0.010966529
2014/12/11,0,0,0.001869571,4.42E-04,0.000442252
2014/12/12,0,0,4.15E-05,0,0
2014/12/13,0,0,5.45E-06,0,0
2014/12/14,0,0,0,0,0
2014/12/15,0,0,0,0,0
2014/12/16,0,0,0,0,0
2014/12/17,0,0,2.58E-05,1.87E-05,1.87E-05
2014/12/18,0,0,0,0,0
2014/12/19,0,0,0,0,0
2014/12/20,0,0,0,0,0
2014/12/21,1.43E-07,0,9.42E-07,4.76E-05,4.76E-05
2014/12/22,4.15E-13,0,2.43E-06,9.28E-10,9.28E-10
2014/12/23,0,0,2.42E-07,0,0
2014/12/24,0,0,6.75E-06,1.97E-05,1.97E-05
2014/12/25,0,0,2.45E-08,1.53E-10,1.53E-10
2014/12/26,0,0,1.82E-05,1.29E-08,1.29E-08
2014/12/27,0,0,1.61E-06,3.02E-07,3.02E-07
2014/12/28,0.000819435,0.001167725,0.000148338,1.57E-06,1.57E-06
2014/12/29,0.018023819,0.030973363,2.24E-10,2.41E-10,2.41E-10
2014/12/30,0.041590007,0.090704659,0,0,0
2014/12/31,0.011903381,0.052386783,1.96E-07,0,0
2015/1/1,1.09E-06,0,2.93E-05,6.01E-05,6.01E-05
2015/1/2,2.72E-11,0,5.66E-05,1.94E-06,1.94E-06
2015/1/3,4.68E-05,0,0.003423816,4.23E-04,0.000422875
2015/1/4,0,0,0,0,0
2015/1/5,0,0,1.34E-06,0,0
2015/1/6,0,0,6.32E-06,2.29E-07,2.29E-07
2015/1/7,0,0,7.60E-07,5.77E-08,5.77E-08
2015/1/8,0,0,1.98E-05,0,0
2015/1/9,1.38E-05,8.93E-08,0.000213863,3.52E-05,3.52E-05
2015/1/10,3.00E-05,3.31E-06,0.002024375,3.71E-04,0.000371012
2015/1/11,6.87E-05,6.00E-06,0.001112341,3.87E-04,0.000387305
2015/1/12,1.34E-06,0,0.000278568,4.60E-06,4.60E-06
2015/1/13,1.30E-05,0,0.000355396,1.09E-04,0.000109192
2015/1/14,6.03E-06,2.00E-05,0.001129252,0,0
2015/1/15,0,0,0.000336957,1.94E-06,1.94E-06
2015/1/16,1.49E-09,0,2.20E-05,4.62E-07,4.62E-07
2015/1/17,8.78E-05,0.000176409,1.41E-06,0,0
2015/1/18,8.03E-07,0,0.000369156,4.19E-05,4.19E-05
2015/1/19,2.84E-09,0,0.000257317,9.15E-06,9.15E-06
2015/1/20,1.08E-06,0,0.000353689,6.98E-05,6.98E-05
2015/1/21,1.75E-05,3.10E-05,0.009138189,0.011851572,0.011851572
2015/1/22,8.67E-06,6.50E-07,0.236175374,0.116767916,0.116767916
2015/1/23,3.71E-07,0,0.040210125,0.013304793,0.013304793
2015/1/24,5.49E-07,0,0.038885533,0.003997041,0.003997041
2015/1/25,0,0,0.164593122,0.011529334,0.011529334
2015/1/26,0,0,0.016057602,1.36E-04,0.00013626
2015/1/27,0,0,0.001931677,0,0
2015/1/28,0,0,8.04E-05,0,0
2015/1/29,0,0,0,0,0
2015/1/30,0,0,1.21E-05,0,0
2015/1/31,0,4.22E-06,1.62E-05,3.06E-06,3.06E-06
2015/2/1,2.77E-07,1.37E-05,9.65E-06,2.11E-05,2.11E-05
2015/2/2,4.61E-08,0,8.69E-06,4.51E-07,4.51E-07
2015/2/3,2.89E-07,0,7.60E-06,2.51E-05,2.51E-05
2015/2/4,0.000154831,1.15E-05,0.000979015,8.67E-04,0.000867487
2015/2/5,0.000250835,0.000187635,0.002678643,8.40E-04,0.000839537
2015/2/6,0.000144599,3.76E-06,0.000358864,5.78E-04,0.000577923
2015/2/7,1.47E-05,2.27E-06,0.000219619,1.65E-04,0.000165412
2015/2/8,0.000402555,3.55E-05,0.001833566,0.001464708,0.001464708
2015/2/9,0.000667944,0.000379091,0.00647402,0.0028506,0.0028506
2015/2/10,0.001069927,0.00089736,0.004235443,0.002627581,0.002627581
2015/2/11,0.000109625,0.000421345,0.002126943,4.87E-04,0.000486825
2015/2/12,0.000695841,0.00025904,0.005235699,0.003589683,0.003589683
2015/2/13,0.002342797,0.00041337,0.037250212,0.011295458,0.011295458
2015/2/14,0.00010166,0.000392881,0.012059676,6.03E-04,0.000602519
2015/2/15,0.000125911,8.54E-05,0.000785674,8.09E-04,0.000808899
2015/2/16,0.00093431,0.000843272,0.008166257,0.004196833,0.004196833
2015/2/17,0.003106309,0.017059679,0.004570205,0.002761352,0.002761352
2015/2/18,0.006528619,0.020637088,0.004824162,0.004011703,0.004011703
2015/2/19,0.000828424,0.003090962,0.016428517,0.001502496,0.001502496
2015/2/20,0.002846006,0.001223968,7.20E-05,7.35E-07,7.35E-07
2015/2/21,0.013922464,0.019379405,8.04E-08,0,0
2015/2/22,0.044425205,0.153123022,0.003748143,0.003395194,0.003395194
2015/2/23,0.0181016,0.085146969,0.069536419,0.078478206,0.078478206
2015/2/24,0.000160893,0.00411994,0.013289541,0.00924427,0.00924427
2015/2/25,7.75E-07,2.71E-05,0.000106684,1.10E-04,0.00010968
2015/2/26,0.000174618,0.000204503,0.000380085,4.20E-04,0.000420059
2015/2/27,0.000293795,0.000603031,0.000269628,9.88E-04,0.000987835
2015/2/28,0.000138042,1.75E-05,0.000678194,2.84E-04,0.000284053
2015/3/1,0.000203929,0.000166666,0.005253277,0.001425321,0.001425321
2015/3/2,0.000183611,0.00031975,0.000179802,2.55E-04,0.00025455
2015/3/3,0.00337453,0.007038596,0.002427424,0.001234558,0.001234558
2015/3/4,0.003155079,0.016876014,0.007687392,0.003681901,0.003681901
2015/3/5,0.000491099,0.005021773,0.007999391,0.006764405,0.006764405
2015/3/6,5.16E-05,0.001635962,0.008458102,0.013876636,0.013876636
2015/3/7,5.59E-06,0.000336005,0.000648191,0.001314683,0.001314683
2015/3/8,2.83E-05,0.000335624,0.035483305,0.098534934,0.098534934
2015/3/9,0.00015165,0.000679792,0.158647179,0.044683706,0.044683706
2015/3/10,0.000714625,0.000477109,0.017152897,0.004369548,0.004369548
2015/3/11,0.003680235,0.001793843,0.06053941,0.016852319,0.016852319
2015/3/12,0.006730356,0.00525067,0.119347155,0.030958595,0.030958595
2015/3/13,0.002004205,0.002291899,0.451247934,0.188604365,0.188604365
2015/3/14,0.001304502,0.020822332,0.815639504,0.85876794,0.85876794
2015/3/15,0.001026535,0.008706279,0.134103357,0.059070507,0.059070507
2015/3/16,0.001499188,0.001715568,0.025340077,0.007670724,0.007670724
2015/3/17,0.000740221,0.003590439,0.065023498,0.035253837,0.035253837
2015/3/18,0.001840039,0.00372277,0.066629134,0.019951665,0.019951665
2015/3/19,0.000668514,0.002328559,0.030445196,0.007865749,0.007865749
2015/3/20,0.001214655,0.006173143,0.05669285,0.00782361,0.00782361
2015/3/21,0.002294513,0.006680938,0.033980322,0.012266852,0.012266852
2015/3/22,0.006063858,0.009472197,0.144227156,0.055934153,0.055934153
2015/3/23,0.034802483,0.036619785,0.399362629,0.184216173,0.184216173
2015/3/24,0.101235495,0.141146053,1.282143895,0.562793561,0.562793561
2015/3/25,0.410885544,0.523189655,1.582814771,0.893572918,0.893572918
2015/3/26,0.091543479,0.095908168,0.441566897,0.218263072,0.218263072
2015/3/27,0.030837508,0.181461761,0.816196366,0.701278805,0.701278805
2015/3/28,0.035854228,0.234097408,0.582185469,0.713599727,0.713599727
2015/3/29,0.015997094,0.119825716,0.402889681,0.276300367,0.276300367
2015/3/30,0.005036897,0.108564004,0.418526296,0.549049359,0.549049359
2015/3/31,0.016570088,0.104079976,0.30831087,0.303291582,0.303291582
2015/4/1,0.010828061,0.10332221,0.110018184,0.053018791,0.053018791
2015/4/2,0.019652496,0.078811254,0.09460661,0.062629841,0.062629841
2015/4/3,0.001316173,0.033328214,0.088677081,0.042461898,0.042461898
2015/4/4,0.000599593,0.033811305,0.126894184,0.067223746,0.067223746
2015/4/5,0.002618593,0.043854326,0.311826344,0.113037333,0.113037333
2015/4/6,0.006987591,0.069577396,0.402849742,0.210557736,0.210557736
2015/4/7,0.016034643,0.177422065,0.729484381,0.492937486,0.492937486
2015/4/8,0.014233196,0.271737896,0.916896961,0.734719662,0.734719662
2015/4/9,0.022196075,0.974102477,1.495266075,1.919474689,1.919474689
2015/4/10,0.034129105,1.774640391,2.909658473,2.833704799,2.833704799
2015/4/11,0.037206058,1.358756382,2.72573072,2.521874901,2.521874901
2015/4/12,0.120135781,0.636869698,3.528893191,1.686797191,1.686797191
2015/4/13,0.240864215,0.522966612,2.260163461,1.323554525,1.323554525
2015/4/14,0.128161783,0.13503277,1.38527808,0.734366118,0.734366118
2015/4/15,0.016266549,0.229275753,0.889766654,0.674824905,0.674824905
2015/4/16,0.054555537,0.738164773,1.03301387,1.36666728,1.36666728
2015/4/17,0.168708525,0.916438727,1.141723505,1.241594332,1.241594332
2015/4/18,0.031133671,1.11828156,2.524451247,1.263450893,1.263450893
2015/4/19,0.148187357,2.385487071,3.276058991,2.160833535,2.160833535
2015/4/20,0.356104167,2.611983051,4.345387029,2.947382849,2.947382849
2015/4/21,0.689231935,2.089448151,4.937701789,2.936312154,2.936312154
2015/4/22,0.503446379,1.500229359,5.810371592,2.9976517,2.9976517
2015/4/23,0.715598759,1.707020568,8.686617786,3.841146332,3.841146332
2015/4/24,1.121467277,2.510974632,8.601647289,4.741445349,4.741445349
2015/4/25,1.117325907,2.688620535,5.623594609,3.818382877,3.818382877
2015/4/26,0.873730868,2.835971877,4.914340758,3.080710453,3.080710453
2015/4/27,1.30702844,3.864243032,4.73552162,3.858098836,3.858098836
2015/4/28,1.831717061,4.557954081,2.251436532,3.109249031,3.109249031
2015/4/29,1.78280543,3.9369184,2.059701195,1.821939546,1.821939546
2015/4/30,1.057957522,2.144176306,1.731057227,1.013398141,1.013398141
2015/5/1,0.706166016,1.453603498,3.497704758,1.849538561,1.849538561
2015/5/2,0.691496674,1.268504476,1.525323932,1.261390461,1.261390461
2015/5/3,0.698621688,1.722713062,2.78762474,2.655710808,2.655710808
2015/5/4,0.742539664,2.332346178,4.269204246,3.546586879,3.546586879
2015/5/5,0.896578311,2.945569382,4.086062703,3.945310577,3.945310577
2015/5/6,1.263743739,2.842406569,2.248439628,2.838482259,2.838482259
2015/5/7,2.541816145,3.648476512,3.45207958,3.49480526,3.49480526
2015/5/8,3.949505905,5.227365886,5.572875824,5.676667742,5.676667742
2015/5/9,3.969793042,6.787058033,7.12790396,7.554412145,7.554412145
2015/5/10,4.934922558,7.502168034,8.419959974,8.491694438,8.491694438
2015/5/11,5.262947071,8.037377427,5.607122996,8.39511096,8.39511096
2015/5/12,4.137015961,5.918832454,2.807113948,5.849862956,5.849862956
2015/5/13,2.594784587,4.73038901,3.801682396,6.252807413,6.252807413
2015/5/14,3.09322601,4.605350438,3.973879477,5.88642901,5.88642901
2015/5/15,2.833988017,4.441371532,3.782559906,6.010106795,6.010106795
2015/5/16,3.634479344,4.359794876,2.256666602,5.027750353,5.027750353
2015/5/17,4.232459374,4.072256503,2.718307067,5.248958194,5.248958194
2015/5/18,5.396935043,4.305260263,3.581688692,5.523621308,5.523621308
2015/5/19,5.293869576,4.092175169,4.048005964,5.664305892,5.664305892
2015/5/20,3.698024063,3.741986416,3.717294369,4.599969662,4.599969662
2015/5/21,3.048448808,2.920361011,3.697330311,4.376492033,4.376492033
2015/5/22,2.121796297,2.065055075,2.994030934,3.144492316,3.144492316
2015/5/23,2.513063601,2.256381356,2.431001335,3.016319958,3.016319958
2015/5/24,3.32343827,2.33657867,2.047360075,2.655926456,2.655926456
2015/5/25,3.457080357,2.322529028,1.540852916,2.254236517,2.254236517
2015/5/26,3.683316511,2.149957124,1.480281503,2.169148059,2.169148059
2015/5/27,4.815015773,1.925134029,1.407288479,2.189754214,2.189754214
2015/5/28,6.004121504,1.870951429,1.218275572,2.165652631,2.165652631
2015/5/29,6.533447566,1.685993273,0.940873434,1.950401351,1.950401351
2015/5/30,6.311188738,1.353345089,0.799728032,1.866046716,1.866046716
2015/5/31,6.019200007,1.315187605,0.630771068,1.732003041,1.732003041
2015/6/1,5.099196761,1.197291455,0.595325146,1.157905264,1.157905264
2015/6/2,5.221240212,1.227788374,0.623869894,0.934403689,0.934403689
2015/6/3,5.458671483,1.474826625,0.518521708,0.879178245,0.879178245
2015/6/4,5.200658271,1.27524801,0.377786508,0.774922289,0.774922289
2015/6/5,4.801918053,0.945551848,0.349583988,0.678544678,0.678544678
2015/6/6,4.232047573,0.838938645,0.319574216,0.556835281,0.556835281
2015/6/7,3.351012099,0.69395566,0.303389734,0.428207568,0.428207568
2015/6/8,2.609409774,0.508580811,0.280307511,0.336218364,0.336218364
2015/6/9,2.000645849,0.362857078,0.233454725,0.289932818,0.289932818
2015/6/10,1.348624644,0.261550115,0.181823379,0.225838981,0.225838981
2015/6/11,1.062790633,0.225890662,0.15155036,0.212017156,0.212017156
2015/6/12,0.781548989,0.186568168,0.127974593,0.154953988,0.154953988
2015/6/13,0.555284712,0.133921137,0.127708326,0.125192631,0.125192631
2015/6/14,0.441203719,0.08225129,0.136237172,0.084568121,0.084568121
2015/6/15,0.347478226,0.056017098,0.109417808,0.051445871,0.051445871
2015/6/16,0.267344651,0.044920582,0.089287223,0.032188545,0.032188545
2015/6/17,0.311572404,0.041367107,0.079958219,0.033271066,0.033271066
2015/6/18,0.226286903,0.049597416,0.062380065,0.028311189,0.028311189
2015/6/19,0.167184773,0.042664955,0.051640208,0.031937441,0.031937441
2015/6/20,0.103831791,0.036523586,0.068898643,0.024154195,0.024154195
2015/6/21,0.070269111,0.031508336,0.077533623,0.014677861,0.014677861
2015/6/22,0.052266082,0.02831291,0.061005844,0.007891371,0.007891371
2015/6/23,0.054590378,0.027815974,0.052215151,0.005096011,0.005096011
2015/6/24,0.031837604,0.024711574,0.047292434,0.003759994,0.003759994
2015/6/25,0.024963864,0.023397241,0.035269091,0.002404009,0.002404009
2015/6/26,0.044170057,0.023524814,0.030542427,0.001610331,0.001610331
2015/6/27,0.076448869,0.017756342,0.026679044,0.00129635,0.00129635
2015/6/28,0.1368346,0.0311606,0.02389411,0.001132761,0.001132761
2015/6/29,0.08513782,0.029667695,0.016903855,6.65E-04,0.000664908
2015/6/30,0.051226866,0.022604434,0.016862837,5.41E-04,0.000541494
2015/7/1,0.018005975,0.019201593,0.013736671,3.04E-04,0.000303514
2015/7/2,0.00512491,0.027098563,0.011435763,4.54E-04,0.000453738
2015/7/3,0.003573369,0.024836705,0.013514821,6.22E-04,0.000622102
2015/7/4,0.009261519,0.085847213,0.012789286,0.052305261,0.052305261
2015/7/5,0.027098734,0.257322976,0.013741733,0.124285427,0.124285427
2015/7/6,0.040065733,0.120045139,0.012064791,0.068333864,0.068333864
2015/7/7,0.036254597,0.057573632,0.010137722,0.034567305,0.034567305
2015/7/8,0.013395812,0.03707235,0.008222741,0.019063773,0.019063773
2015/7/9,0.006427256,0.0201394,0.006124819,0.005402415,0.005402415
2015/7/10,0.00310188,0.018784541,0.003985402,0.001577146,0.001577146
2015/7/11,0.000922315,0.018206096,0.004246365,6.71E-04,0.000670515
2015/7/12,0.002855406,0.017750936,0.004012726,0.003375649,0.003375649
2015/7/13,0.023744169,0.018095037,0.003759616,0.022950539,0.022950539
2015/7/14,0.02197672,0.01410015,0.003133473,0.017480156,0.017480156
2015/7/15,0.016231996,0.012785093,0.002630567,0.010721404,0.010721404
2015/7/16,0.008672344,0.010530944,0.003672161,0.006660309,0.006660309
2015/7/17,0.003988659,0.018740754,0.012093164,0.002299738,0.002299738
2015/7/18,0.001500046,0.014713033,0.008221454,7.16E-04,0.000716143
2015/7/19,0.000455659,0.013058198,0.003302715,1.16E-04,0.000115828
2015/7/20,0.000119888,0.016016332,0.002860917,5.94E-05,5.94E-05
2015/7/21,4.01E-05,0.008244018,0.001746816,2.33E-05,2.33E-05
2015/7/22,0.000147937,0.008387593,0.002262859,8.00E-06,8.00E-06
2015/7/23,0.00026536,0.009950358,0.002092156,7.96E-06,7.96E-06
2015/7/24,0.000132806,0.012100273,0.002499981,4.15E-05,4.15E-05
2015/7/25,7.33E-05,0.008944025,0.002462202,5.44E-05,5.44E-05
2015/7/26,0.001950508,0.008332036,0.002486948,6.51E-05,6.51E-05
2015/7/27,0.002348107,0.009050047,0.003225177,2.52E-05,2.52E-05
2015/7/28,0.001512875,0.011556504,0.002814032,1.28E-04,0.000128421
2015/7/29,0.000792918,0.012086145,0.002575082,1.27E-04,0.000127005
2015/7/30,0.001083283,0.01642638,0.002404672,3.66E-04,0.000366371
2015/7/31,0.0013429,0.020198663,0.002051904,4.99E-04,0.000499044
2015/8/1,0.002141207,0.015268434,0.002330064,3.30E-04,0.000330356
2015/8/2,0.001379841,0.015463012,0.002081856,1.05E-04,0.000105411
2015/8/3,0.000699795,0.011877084,0.001528254,7.48E-05,7.48E-05
2015/8/4,0.000377035,0.00874023,0.001710975,8.04E-05,8.04E-05
2015/8/5,0.000270169,0.009567517,0.002506944,2.91E-05,2.91E-05
2015/8/6,0.003340539,0.008796546,0.002490817,1.02E-05,1.02E-05
2015/8/7,0.020314857,0.009633313,0.003057781,3.39E-06,3.39E-06
2015/8/8,0.022910324,0.007519655,0.001801371,2.15E-06,2.15E-06
2015/8/9,0.009790088,0.008121918,0.001570904,2.04E-05,2.04E-05
2015/8/10,0.003786904,0.011624536,0.002606722,3.19E-05,3.19E-05
2015/8/11,0.004879559,0.010970987,0.00257388,1.51E-04,0.000150819
2015/8/12,0.01383903,0.015197947,0.002538329,0.001482505,0.001482505
2015/8/13,0.039820958,0.018494769,0.000805555,9.09E-04,0.000908978
2015/8/14,0.061972588,0.022930376,0.000291198,0.003309818,0.003309818
2015/8/15,0.050689085,0.019369662,0.00510096,0.008987732,0.008987732
2015/8/16,0.067120473,0.026103519,0.009154008,0.030425464,0.030425464
2015/8/17,0.107530487,0.024667274,0.009613814,0.073424877,0.073424877
2015/8/18,0.116658747,0.032466174,0.007933732,0.06612207,0.06612207
2015/8/19,0.111876804,0.024654395,0.004629626,0.046520005,0.046520005
2015/8/20,0.158804378,0.018835289,0.002655371,0.023555203,0.023555203
2015/8/21,0.125279406,0.012323362,0.011976545,0.009711948,0.009711948
2015/8/22,0.161757856,0.012311009,0.022926061,0.003198289,0.003198289
2015/8/23,0.187131334,0.020904313,0.02014802,0.001545647,0.001545647
2015/8/24,0.087925847,0.024722341,0.010587177,0.00104457,0.00104457
2015/8/25,0.039994902,0.02170612,0.003762308,0.001104665,0.001104665
2015/8/26,0.028975392,0.018329239,0.001530537,0.001274988,0.001274988
2015/8/27,0.045411704,0.014452334,0.001417652,4.23E-04,0.000422794
2015/8/28,0.058945117,0.038616922,0.00442311,0.006297292,0.006297292
2015/8/29,0.089341726,0.089225819,0.006214522,0.027941542,0.027941542
2015/8/30,0.105550081,0.111517653,0.009385274,0.056324515,0.056324515
2015/8/31,0.067870586,0.121644851,0.019599587,0.088045812,0.088045812
2015/9/1,0.129496139,0.208150184,0.040824913,0.082956451,0.082956451
2015/9/2,0.206611465,0.451632694,0.066734535,0.12617503,0.12617503
2015/9/3,0.281582648,0.660721712,0.087621158,0.18368162,0.18368162
2015/9/4,0.325051812,0.557100039,0.123786621,0.164117368,0.164117368
2015/9/5,0.285609302,0.392080567,0.155614232,0.153168208,0.153168208
2015/9/6,0.301651121,0.254973018,0.167172965,0.146349239,0.146349239
2015/9/7,0.284409096,0.197866055,0.105917446,0.126238761,0.126238761
2015/9/8,0.268202229,0.139165654,0.076731634,0.082046491,0.082046491
2015/9/9,0.254063338,0.108856492,0.055785037,0.060937545,0.060937545
2015/9/10,0.243375308,0.096421793,0.045892674,0.051041394,0.051041394
2015/9/11,0.252990309,0.103699312,0.028830427,0.034025948,0.034025948
2015/9/12,0.267020657,0.08639076,0.020549511,0.021198106,0.021198106
2015/9/13,0.187705976,0.112289259,0.012672423,0.039746979,0.039746979
2015/9/14,0.149022876,0.180912553,0.053477483,0.091321117,0.091321117
2015/9/15,0.146886582,0.177265668,0.137106871,0.103609767,0.103609767
2015/9/16,0.20907181,0.198463223,0.19896048,0.144029691,0.144029691
2015/9/17,0.271351033,0.249212172,0.203262848,0.20280031,0.20280031
2015/9/18,0.277476256,0.290870259,0.221609973,0.224434278,0.224434278
2015/9/19,0.206897694,0.182141619,0.209571877,0.199339671,0.199339671
2015/9/20,0.218195231,0.200747349,0.212350217,0.217036392,0.217036392
2015/9/21,0.276426135,0.258921609,0.22856864,0.202970872,0.202970872
2015/9/22,0.336913808,0.215974707,0.213250781,0.139594164,0.139594164
2015/9/23,0.305206172,0.201789784,0.29280772,0.165976372,0.165976372
2015/9/24,0.171075914,0.254560168,0.432549316,0.205768504,0.205768504
2015/9/25,0.20685688,0.355145485,0.338037616,0.234158234,0.234158234
2015/9/26,0.133517607,0.250261663,0.334724098,0.233113961,0.233113961
2015/9/27,0.109184721,0.23088578,0.380780305,0.284965543,0.284965543
2015/9/28,0.220789578,0.95736207,0.446836036,0.72702784,0.72702784
2015/9/29,0.414451704,1.320292633,0.353484018,0.883435771,0.883435771
2015/9/30,0.413619902,1.006146503,0.429986899,0.801289212,0.801289212
2015/10/1,0.152416394,0.405207234,0.595895847,0.570590907,0.570590907
2015/10/2,0.151296011,0.530735927,0.671934338,0.564255424,0.564255424
2015/10/3,0.188449413,0.704878088,1.557712343,0.743511208,0.743511208
2015/10/4,0.234392207,0.845793894,2.259873741,1.019416319,1.019416319
2015/10/5,0.467516913,1.348696592,1.124804659,0.974435043,0.974435043
2015/10/6,0.456882192,0.670040252,0.729424452,0.380945944,0.380945944
2015/10/7,0.268715777,0.299806604,0.653847033,0.348213346,0.348213346
2015/10/8,0.252835007,0.228016031,0.729671458,0.33410683,0.33410683
2015/10/9,0.281623432,0.26764264,1.044086958,0.690298163,0.690298163
2015/10/10,0.23461715,0.468449879,0.803928738,1.000227466,1.000227466
2015/10/11,0.176781512,0.392519463,0.579769723,0.464570451,0.464570451
2015/10/12,0.215700704,0.363986322,0.202174811,0.43005183,0.43005183
2015/10/13,0.167619466,0.397556484,0.100742469,0.397005159,0.397005159
2015/10/14,0.169862008,0.396175907,0.049808777,0.232359389,0.232359389
2015/10/15,0.140303475,0.2224193,0.024325711,0.123295492,0.123295492
2015/10/16,0.026371891,0.126276533,0.049484581,0.193524415,0.193524415
2015/10/17,0.017323591,0.676463891,0.062331285,0.368309739,0.368309739
2015/10/18,0.01296432,0.637864583,0.085253932,0.34306694,0.34306694
2015/10/19,0.012018679,0.321503992,0.070398996,0.142230013,0.142230013
2015/10/20,0.008631494,0.121143966,0.134991805,0.105920713,0.105920713
2015/10/21,0.012007879,0.058686238,0.305341174,0.194446991,0.194446991
2015/10/22,0.020251817,0.253661823,0.133941752,0.334455099,0.334455099
2015/10/23,0.010587758,0.122975765,0.061758767,0.108778555,0.108778555
2015/10/24,0.007862903,0.035151439,0.024356709,0.032574976,0.032574976
2015/10/25,0.00621779,0.051666651,0.016673413,0.031242733,0.031242733
2015/10/26,0.005518363,0.038352133,0.041789464,0.041158973,0.041158973
2015/10/27,0.001681946,0.025182609,0.055927301,0.047094402,0.047094402
2015/10/28,0.001894465,0.021133743,0.048665131,0.059311843,0.059311843
2015/10/29,0.003537846,0.020274526,0.120257343,0.061502489,0.061502489
2015/10/30,0.012113869,0.023580637,0.330836449,0.148306873,0.148306873
2015/10/31,0.024153504,0.031489941,0.315057921,0.155426759,0.155426759
2015/11/1,0.039234053,0.039586572,0.140707469,0.104454237,0.104454237
2015/11/2,0.04724406,0.067404161,0.13564723,0.0865508,0.0865508
2015/11/3,0.004644703,0.012652438,0.026470075,0.005591042,0.005591042
2015/11/4,0.006286107,0.02473688,0.022149212,0.006984928,0.006984928
2015/11/5,0.005510043,0.018818941,0.018284337,0.00579891,0.00579891
2015/11/6,0.001871196,0.004109547,0.01569949,0.014489677,0.014489677
2015/11/7,0.00198808,0.006294723,0.06336291,0.035403471,0.035403471
2015/11/8,0.013124605,0.034745,0.044563888,0.018240319,0.018240319
2015/11/9,0.002999858,0.006977717,0.032028857,0.017556617,0.017556617
2015/11/10,0.001423724,0.002473301,0.014914712,0.007865854,0.007865854
2015/11/11,0.002802024,0.003686568,0.02132917,0.011757358,0.011757358
2015/11/12,0.002139541,0.00229873,0.018542274,0.01367792,0.01367792
2015/11/13,0.000756379,0.000375556,0.007511736,0.006806524,0.006806524
2015/11/14,6.41E-05,8.43E-07,0.0065924,0.004458727,0.004458727
2015/11/15,1.45E-05,3.09E-06,0.000857064,2.67E-04,0.000267363
2015/11/16,2.24E-05,2.31E-06,0.000505468,5.12E-04,0.000511814
2015/11/17,2.92E-05,3.37E-05,0.00017128,9.24E-05,9.24E-05
2015/11/18,2.29E-05,5.67E-06,4.04E-05,5.83E-05,5.83E-05
2015/11/19,0.0015098,0.000154799,1.82E-05,5.27E-05,5.27E-05
2015/11/20,0.00012232,0.000121086,0,0,0
2015/11/21,1.30E-06,0.000133942,0.000121061,0.00133076,0.00133076
2015/11/22,0,6.49E-05,0.00020757,7.34E-04,0.000734415
2015/11/23,0.000666734,2.77E-05,5.99E-06,0,0
2015/11/24,0.003050434,0.000651144,5.15E-07,3.06E-04,0.000306214
2015/11/25,0.000161775,0.000113098,0.000597846,4.80E-04,0.000479807
2015/11/26,6.03E-05,4.37E-05,0.000535524,8.68E-04,0.00086767
2015/11/27,1.52E-06,0.000208528,0.000380276,5.40E-04,0.000539709
2015/11/28,3.29E-05,0.000320781,0.000804422,7.90E-04,0.000790197
2015/11/29,7.55E-05,0.00015471,0.00250555,0.002503686,0.002503686
2015/11/30,2.79E-07,2.08E-06,0.001551728,4.03E-04,0.00040344
2015/12/1,1.77E-08,0,0.000428238,5.59E-07,5.59E-07
2015/12/2,0,5.09E-08,0.002191138,3.27E-05,3.27E-05
2015/12/3,0,0,0.001599449,7.02E-05,7.02E-05
2015/12/4,7.63E-06,0,0.002516152,5.97E-04,0.000597092
2015/12/5,6.60E-05,0.000109775,0.000424828,6.47E-04,0.000647388
2015/12/6,8.76E-05,0.0001147,0.000418255,3.68E-04,0.000367998
2015/12/7,1.20E-05,1.65E-05,0.000489928,3.18E-04,0.000318453
2015/12/8,1.82E-09,0,1.67E-05,8.13E-06,8.13E-06
2015/12/9,0,0,9.53E-06,1.60E-04,0.00015973
2015/12/10,1.83E-05,8.85E-06,0.000103789,1.80E-04,0.000179994
2015/12/11,4.79E-05,1.52E-06,0.000244589,3.18E-04,0.000317891
2015/12/12,0,5.49E-06,1.34E-05,5.39E-06,5.39E-06
2015/12/13,0,0,0,1.37E-06,1.37E-06
2015/12/14,0,0,0,8.02E-08,8.02E-08
2015/12/15,0,0,0,5.40E-06,5.40E-06
2015/12/16,0,0,1.20E-05,1.39E-05,1.39E-05
2015/12/17,2.06E-06,1.07E-08,3.13E-06,4.28E-05,4.28E-05
2015/12/18,1.58E-05,2.92E-06,8.39E-05,1.28E-04,0.000127923
2015/12/19,1.26E-05,6.45E-06,0,3.63E-05,3.63E-05
2015/12/20,8.47E-07,1.52E-06,0,0,0
2015/12/21,1.24E-11,-5.41E-11,0,0,0
2015/12/22,0,0,0,0,0
2015/12/23,0,0,0,0,0
2015/12/24,0,0,0,0,0
2015/12/25,1.23E-07,0,6.83E-05,1.23E-05,1.23E-05
2015/12/26,0,0,0,8.89E-09,8.89E-09
2015/12/27,0,0,1.44E-06,1.72E-06,1.72E-06
2015/12/28,2.45E-07,0,5.12E-07,0,0
2015/12/29,1.66E-05,0.004586666,0,7.40E-05,7.40E-05
2015/12/30,0.012348196,0.03267999,2.56E-07,0,0
2015/12/31,0.001503767,0.001492617,0.00037171,1.34E-04,0.000134319
2016/1/1,4.10E-10,0,0.000141336,7.13E-07,7.13E-07
2016/1/2,0,0,1.48E-05,0,0
2016/1/3,0.000179295,0.000890541,0,0,0
2016/1/4,4.27E-05,1.85E-05,0,0,0
2016/1/5,0.001609212,0.001314787,0,0,0
2016/1/6,0.000205072,0.000349294,0,0,0
2016/1/7,0,0,0,0,0
2016/1/8,0,0,0,0,0
2016/1/9,0,0,0,0,0
2016/1/10,0,0,2.69E-06,0,0
2016/1/11,0,0,0,0,0
2016/1/12,0,0,0,0,0
2016/1/13,0,0,2.01E-05,0,0
2016/1/14,0,0,0,0,0
2016/1/15,0,0,0,0,0
2016/1/16,0,0,0,0,0
2016/1/17,0,0,0,0,0
2016/1/18,0,0,0,0,0
2016/1/19,0,0,0,0,0
2016/1/20,0,0,0,0,0
2016/1/21,0,0,0,0,0
2016/1/22,0,0,0,0,0
2016/1/23,0,0,4.45E-06,0,0
2016/1/24,0,0,0,0,0
2016/1/25,0,0,0,0,0
2016/1/26,0,0,0.017249569,0.011920401,0.011920401
2016/1/27,0,0,0.009318996,0.006391887,0.006391887
2016/1/28,0,0,0.102649777,0.022288633,0.022288633
2016/1/29,0,0,0.075810716,0.008188902,0.008188902
2016/1/30,0,0,0.000503032,4.46E-05,4.46E-05
2016/1/31,0.006497485,0.003364155,0,0,0
2016/2/1,0.002576796,0.001651143,0.00013778,0,0
2016/2/2,1.35E-06,0,6.90E-10,7.04E-05,7.04E-05
2016/2/3,0,0,2.64E-07,0,0
2016/2/4,0,0,2.58E-06,0,0
2016/2/5,2.73E-06,0,0.005990578,0.002440143,0.002440143
2016/2/6,1.67E-05,0,0.001850676,4.00E-04,0.00040031
2016/2/7,0.000211686,1.56E-05,0.002652887,0.002553742,0.002553742
2016/2/8,0.001210521,0.000419141,0.022830942,0.009872511,0.009872511
2016/2/9,0.004121751,0.001985526,0.154983271,0.034077617,0.034077617
2016/2/10,0.003177568,0.002672165,0.064552574,0.01834126,0.01834126
2016/2/11,0,0,0.001454146,0,0
2016/2/12,0,0,3.96E-06,0,0
2016/2/13,0,0,0.000954693,1.23E-04,0.000122921
2016/2/14,0,0,0.000532946,3.05E-07,3.05E-07
2016/2/15,1.25E-06,0,0.00046707,7.88E-06,7.88E-06
2016/2/16,3.89E-05,1.42E-05,0.005173369,0.001000037,0.001000037
2016/2/17,4.32E-06,0,0.001686009,1.53E-05,1.53E-05
2016/2/18,0,1.97E-06,0.001330782,3.57E-06,3.57E-06
2016/2/19,0,0,0.001063559,0,0
2016/2/20,9.19E-06,0,0.000670516,1.50E-04,0.00015043
2016/2/21,0,0,0.00019755,0,0
2016/2/22,0,0,0.000903789,0,0
2016/2/23,0,0,0.000629252,2.85E-06,2.85E-06
2016/2/24,2.26E-07,0,0.001311787,3.00E-04,0.000300461
2016/2/25,8.24E-05,1.74E-05,0.018335015,0.008762148,0.008762148
2016/2/26,0.001097611,0.000769981,0.122925306,0.023448094,0.023448094
2016/2/27,0.002229485,0.004172565,0.12036078,0.035375378,0.035375378
2016/2/28,0.003381071,0.001584121,0.061791328,0.035976433,0.035976433
2016/2/29,0.001066911,0.003568136,0.079332552,0.021302567,0.021302567
2016/3/1,0.002383479,0.003706046,0.088692597,0.024600392,0.024600392
2016/3/2,0.005165151,0.007313762,0.125874816,0.056659473,0.056659473
2016/3/3,0.001576752,0.001587345,0.065460623,0.015923181,0.015923181
2016/3/4,0.000121129,0,0.000721615,2.71E-04,0.000270517
2016/3/5,0.000168897,5.16E-05,0.008596503,7.90E-04,0.000790282
2016/3/6,5.33E-06,0,0.001281001,4.33E-04,0.000433406
2016/3/7,0,0,0.001758346,5.93E-05,5.93E-05
2016/3/8,1.98E-05,2.69E-08,0.001650944,3.39E-04,0.000338699
2016/3/9,3.50E-06,4.99E-05,0.002548865,5.14E-04,0.000513946
2016/3/10,5.18E-05,7.63E-05,0.009283262,0.002537495,0.002537495
2016/3/11,0.000151294,9.24E-05,0.023317014,0.007705854,0.007705854
2016/3/12,0.000123693,0.000273944,0.065257489,0.025754669,0.025754669
2016/3/13,0.000836595,0.001123536,0.056168021,0.044531064,0.044531064
2016/3/14,0.0052989,0.006792198,0.186938673,0.065274024,0.065274024
2016/3/15,0.025110915,0.019642745,0.230006525,0.108880233,0.108880233
2016/3/16,0.005290784,0.004841073,0.111529807,0.041206469,0.041206469
2016/3/17,0.008670488,0.003342078,0.059577931,0.038234325,0.038234325
2016/3/18,0.022687703,0.012924324,0.116523463,0.070246997,0.070246997
2016/3/19,0.042843346,0.04280429,0.272768851,0.147552742,0.147552742
2016/3/20,0.064845231,0.058073223,0.387907914,0.172240757,0.172240757
2016/3/21,0.024555559,0.040622486,1.188696626,0.374313167,0.374313167
2016/3/22,0.021639839,0.053640512,0.520763229,0.227081874,0.227081874
2016/3/23,0.062189566,0.112837187,0.674822494,0.324910163,0.324910163
2016/3/24,0.100250749,0.134729343,0.395158808,0.293064765,0.293064765
2016/3/25,0.084416841,0.218325273,0.516064055,0.4002564,0.4002564
2016/3/26,0.103622946,0.345472707,0.996084778,0.512118503,0.512118503
2016/3/27,0.043368219,0.184550848,0.204947852,0.33376115,0.33376115
2016/3/28,0.008020996,0.353349685,0.437222552,0.691990057,0.691990057
2016/3/29,0.0451944,0.59638992,0.935956895,1.431890835,1.431890835
2016/3/30,0.047196287,0.822938735,1.119918512,1.533964851,1.533964851
2016/3/31,0.005858434,0.886098642,1.148483089,1.168324346,1.168324346
2016/4/1,0.010742944,0.798366607,1.320454907,1.149330148,1.149330148
2016/4/2,0.026079722,0.611427103,1.63979851,1.043075382,1.043075382
2016/4/3,0.04415042,0.351140594,1.99237731,0.652240492,0.652240492
2016/4/4,0.066491426,0.325381596,3.255770519,0.714254556,0.714254556
2016/4/5,0.055396483,0.243789134,2.433206314,0.712197679,0.712197679
2016/4/6,0.016052489,0.319403933,1.759984413,0.852619231,0.852619231
2016/4/7,0.036753229,0.419877146,1.591558937,0.770632791,0.770632791
2016/4/8,0.074268924,0.589068817,1.694249123,1.143217123,1.143217123
2016/4/9,0.091819274,0.865703029,1.992897399,1.374528149,1.374528149
2016/4/10,0.079653476,0.94816723,1.628290528,1.040139152,1.040139152
2016/4/11,0.066370181,0.911311047,1.143069663,0.635748925,0.635748925
2016/4/12,0.0952174,0.654621651,0.869106484,0.531676266,0.531676266
2016/4/13,0.084999236,0.330024443,0.998984295,0.420496556,0.420496556
2016/4/14,0.091571915,0.389060307,1.661787067,0.800648904,0.800648904
2016/4/15,0.106518977,0.42238927,2.495470274,0.839425772,0.839425772
2016/4/16,0.095385238,0.580789779,5.254266239,2.376206362,2.376206362
2016/4/17,0.132966905,1.432989885,7.418724448,4.607454747,4.607454747
2016/4/18,0.236772374,3.106058237,8.989760749,7.444114553,7.444114553
2016/4/19,0.310055131,2.749923942,6.138012359,4.617653822,4.617653822
2016/4/20,0.328851834,1.481377996,1.756684211,1.741699192,1.741699192
2016/4/21,0.248292016,1.438989579,2.640723208,1.809441201,1.809441201
2016/4/22,0.234064214,1.921108553,4.801971892,4.277368615,4.277368615
2016/4/23,0.282404683,3.057811371,4.941042623,5.038569505,5.038569505
2016/4/24,0.350869254,3.557900363,3.283297846,4.349932018,4.349932018
2016/4/25,0.559268024,3.475239351,2.308441485,3.668453988,3.668453988
2016/4/26,0.839116206,3.947378578,2.313382405,3.995051912,3.995051912
2016/4/27,2.234046695,4.541052598,3.590563656,4.820654315,4.820654315
2016/4/28,2.767560753,5.860290276,4.404103368,5.041194943,5.041194943
2016/4/29,3.100921149,6.954590246,2.375826662,4.645125968,4.645125968
2016/4/30,3.107722752,6.112820537,1.384328956,2.879520162,2.879520162
2016/5/1,2.946633647,4.978410111,1.444393327,2.003502722,2.003502722
2016/5/2,2.774256898,5.179582747,1.560686994,3.087922758,3.087922758
2016/5/3,2.600095508,5.140135405,1.115417697,2.637588649,2.637588649
2016/5/4,1.971201603,2.67014785,1.169805575,1.495172984,1.495172984
2016/5/5,1.666642627,1.702713964,1.892045413,1.427013459,1.427013459
2016/5/6,1.523652595,1.772349078,2.639874236,1.94867519,1.94867519
2016/5/7,1.455862114,2.209463995,1.940337535,2.368679766,2.368679766
2016/5/8,1.519833054,2.048403277,1.081098383,1.798010257,1.798010257
2016/5/9,2.220055685,2.149722194,0.657261382,1.855165885,1.855165885
2016/5/10,2.798277107,2.002204145,0.422158263,1.16476691,1.16476691
2016/5/11,2.246175805,1.893024356,0.728028703,1.189965435,1.189965435
2016/5/12,3.106052604,1.951117568,1.163562497,1.208408302,1.208408302
2016/5/13,3.753943512,1.99815389,2.310273169,1.903295959,1.903295959
2016/5/14,3.48338262,2.49754181,3.520679404,2.995988564,2.995988564
2016/5/15,2.990338839,2.95462112,1.801921941,3.238268131,3.238268131
2016/5/16,3.403110281,2.643978463,1.488792375,2.726377946,2.726377946
2016/5/17,2.642690408,2.509800885,1.528150454,2.53686084,2.53686084
2016/5/18,2.037090614,2.423007718,1.682856351,2.547543781,2.547543781
2016/5/19,2.229577911,2.556338162,2.003628041,2.630901007,2.630901007
2016/5/20,3.512717064,3.560774376,3.219444751,4.011944938,4.011944938
2016/5/21,3.718708009,4.12122144,4.204488466,5.471905948,5.471905948
2016/5/22,4.131736475,4.386527752,4.218648369,5.359769952,5.359769952
2016/5/23,3.060967178,3.143019715,1.7943051,2.34729118,2.34729118
2016/5/24,2.663983878,1.900222053,1.053760879,1.355999599,1.355999599
2016/5/25,2.356285722,1.531784153,1.014571942,1.509423168,1.509423168
2016/5/26,2.367430131,1.654595739,1.107579014,1.821508452,1.821508452
2016/5/27,2.808971231,1.67394185,1.166145289,2.091044203,2.091044203
2016/5/28,4.346403081,2.111859677,1.2749659,1.961084464,1.961084464
2016/5/29,5.611595082,2.377825814,0.843986172,2.093129216,2.093129216
2016/5/30,5.131141187,2.981954589,0.961101874,2.686286308,2.686286308
2016/5/31,5.51948366,3.282456026,1.381513079,3.072159849,3.072159849
2016/6/1,5.835601552,2.91449071,1.056344847,2.763708023,2.763708023
2016/6/2,4.893444767,2.346324596,0.83519361,2.314042232,2.314042232
2016/6/3,4.13222152,2.013666458,0.690013426,2.05403215,2.05403215
2016/6/4,3.158263222,1.596786711,0.585262863,1.831203047,1.831203047
2016/6/5,3.287609375,1.889016124,0.521444841,2.131468072,2.131468072
2016/6/6,3.831632972,1.963600004,0.500356893,2.263245842,2.263245842
2016/6/7,3.702356484,1.394208114,0.340390886,1.518362619,1.518362619
2016/6/8,2.453928242,1.080793368,0.274103656,1.111508593,1.111508593
2016/6/9,2.082691352,1.011432176,0.253068292,0.908370426,0.908370426
2016/6/10,2.475307237,0.910929394,0.21101242,0.694245209,0.694245209
2016/6/11,1.389510111,0.541386984,0.172254326,0.505606342,0.505606342
2016/6/12,0.923162856,0.34333934,0.144307137,0.396534885,0.396534885
2016/6/13,0.748209251,0.269277398,0.125508063,0.38666699,0.38666699
2016/6/14,0.674413089,0.198282592,0.0931743,0.336258135,0.336258135
2016/6/15,0.541814312,0.150159285,0.10620223,0.287490295,0.287490295
2016/6/16,0.415417163,0.152480214,0.177091755,0.263251349,0.263251349
2016/6/17,0.363817859,0.135619883,0.258379371,0.197451846,0.197451846
2016/6/18,0.288459352,0.108752878,0.23115433,0.137352551,0.137352551
2016/6/19,0.268965719,0.098434417,0.147588406,0.094411379,0.094411379
2016/6/20,0.221993266,0.075117005,0.069186328,0.071589085,0.071589085
2016/6/21,0.214457658,0.066714144,0.038489628,0.067981928,0.067981928
2016/6/22,0.188141149,0.066798794,0.046191279,0.060470461,0.060470461
2016/6/23,0.13885118,0.062775351,0.049679304,0.042093969,0.042093969
2016/6/24,0.089071541,0.055982081,0.041795328,0.03610428,0.03610428
2016/6/25,0.074052893,0.045695361,0.031936489,0.032684159,0.032684159
2016/6/26,0.062464722,0.04629957,0.034673916,0.022857069,0.022857069
2016/6/27,0.048354422,0.042314405,0.040001634,0.012672989,0.012672989
2016/6/28,0.022375818,0.040278109,0.041920433,0.006530073,0.006530073
2016/6/29,0.007378004,0.038113923,0.038197928,0.004588403,0.004588403
2016/6/30,0.002327485,0.032164401,0.030441152,0.003042505,0.003042505
2016/7/1,0.001496709,0.032463249,0.023127986,0.001794821,0.001794821
2016/7/2,0.001084006,0.029379183,0.021536727,0.001192609,0.001192609
2016/7/3,0.001245211,0.030836581,0.020261889,0.001229569,0.001229569
2016/7/4,0.004929552,0.02830199,0.020417458,0.00124225,0.00124225
2016/7/5,0.013719353,0.025088655,0.019660628,9.25E-04,0.000925487
2016/7/6,0.029003004,0.021645141,0.014936885,6.89E-04,0.000689039
2016/7/7,0.018748621,0.02003983,0.015999658,6.74E-04,0.000674399
2016/7/8,0.032691538,0.024307648,0.015997416,3.79E-04,0.000378773
2016/7/9,0.057865656,0.020098502,0.016467818,1.98E-04,0.000197631
2016/7/10,0.034620649,0.017230013,0.016001299,9.88E-05,9.88E-05
2016/7/11,0.018931059,0.028830325,0.014528591,5.32E-05,5.32E-05
2016/7/12,0.029686293,0.032094504,0.01165213,3.80E-05,3.80E-05
2016/7/13,0.042563355,0.024780293,0.009282098,2.62E-05,2.62E-05
2016/7/14,0.055166526,0.023256078,0.008158911,1.35E-05,1.35E-05
2016/7/15,0.051156037,0.024913013,0.007280931,7.19E-06,7.19E-06
2016/7/16,0.021099227,0.029002842,0.005715031,8.50E-06,8.50E-06
2016/7/17,0.007026832,0.024281758,0.005098394,1.46E-05,1.46E-05
2016/7/18,0.002466611,0.030079543,0.003736502,7.06E-06,7.06E-06
2016/7/19,0.001422593,0.030747738,0.003067051,2.18E-06,2.18E-06
2016/7/20,0.004840532,0.026543508,0.003475096,7.22E-07,7.22E-07
2016/7/21,0.02023147,0.026379446,0.003053832,9.47E-06,9.47E-06
2016/7/22,0.019692907,0.023177784,0.002612408,7.63E-06,7.63E-06
2016/7/23,0.01139004,0.02079136,0.00263803,2.34E-05,2.34E-05
2016/7/24,0.018967121,0.018297249,0.002466683,1.04E-04,0.000103927
2016/7/25,0.019882074,0.021203449,0.002723712,4.37E-05,4.37E-05
2016/7/26,0.012019435,0.019480101,0.002298563,1.75E-05,1.75E-05
2016/7/27,0.004166036,0.015575954,0.002744543,7.09E-06,7.09E-06
2016/7/28,0.001101917,0.017935906,0.003477837,3.54E-06,3.54E-06
2016/7/29,0.000342303,0.011845799,0.002540482,4.97E-06,4.97E-06
2016/7/30,0.003548756,0.011213494,0.002297718,5.59E-06,5.59E-06
2016/7/31,0.004839023,0.009831811,0.002260066,2.22E-05,2.22E-05
2016/8/1,0.003102567,0.008550888,0.002168353,9.56E-06,9.56E-06
2016/8/2,0.00159946,0.010093054,0.002277107,3.33E-06,3.33E-06
2016/8/3,0.013474124,0.01353598,0.002408643,4.47E-06,4.47E-06
2016/8/4,0.033556086,0.012985835,0.002690322,5.00E-06,5.00E-06
2016/8/5,0.020468975,0.016656626,0.002010776,2.41E-06,2.41E-06
2016/8/6,0.014122622,0.025414442,0.003024479,1.46E-06,1.46E-06
2016/8/7,0.006451773,0.024188546,0.003161086,1.28E-06,1.28E-06
2016/8/8,0.002159682,0.020376265,0.002957598,1.41E-06,1.41E-06
2016/8/9,0.000849241,0.019875093,0.003269897,6.38E-05,6.38E-05
2016/8/10,0.002731862,0.009709385,0.002680341,9.73E-04,0.000972844
2016/8/11,0.011385482,0.010722885,0.003156108,9.03E-04,0.000902983
2016/8/12,0.021267687,0.021134107,0.003452721,8.87E-04,0.000886715
2016/8/13,0.01919616,0.018584823,0.002936101,7.45E-04,0.000744984
2016/8/14,0.020289668,0.013728964,0.003030932,3.01E-04,0.000300548
2016/8/15,0.015022939,0.007879824,0.002863996,1.51E-04,0.000150615
2016/8/16,0.006066585,0.006884394,0.002582495,8.28E-05,8.28E-05
2016/8/17,0.002004394,0.005662471,0.002065531,3.65E-05,3.65E-05
2016/8/18,0.000863147,0.004620191,0.001592698,3.45E-05,3.45E-05
2016/8/19,0.002206836,0.006110457,0.002861249,5.26E-05,5.26E-05
2016/8/20,0.009742316,0.00600618,0.001569014,4.72E-05,4.72E-05
2016/8/21,0.024269404,0.00620297,0.000452865,1.94E-04,0.000193884
2016/8/22,0.036765638,0.016861869,0.03319252,0.005201333,0.005201333
2016/8/23,0.04158123,0.025685507,0.073336595,0.012941346,0.012941346
2016/8/24,0.072887808,0.044510578,0.038723116,0.017056653,0.017056653
2016/8/25,0.106314299,0.061390732,0.019433605,0.00992062,0.00992062
2016/8/26,0.048651813,0.044471296,0.008540183,0.005609275,0.005609275
2016/8/27,0.125050853,0.062873958,0.004402319,0.015529929,0.015529929
2016/8/28,0.365283709,0.138037006,0.006822653,0.018578013,0.018578013
2016/8/29,0.520902037,0.181604281,0.013471545,0.029418388,0.029418388
2016/8/30,0.54640764,0.103198784,0.024119801,0.109185658,0.109185658
2016/8/31,0.420885492,0.064701762,0.019584765,0.163062392,0.163062392
2016/9/1,0.224409804,0.081398515,0.017534858,0.163214591,0.163214591
2016/9/2,0.138780516,0.088409681,0.024375244,0.142248587,0.142248587
2016/9/3,0.117091059,0.104469204,0.048885684,0.128394207,0.128394207
2016/9/4,0.097806679,0.095288109,0.045261425,0.135160913,0.135160913
2016/9/5,0.067328171,0.072872081,0.03808116,0.11613287,0.11613287
2016/9/6,0.044142905,0.05119161,0.028291163,0.087337413,0.087337413
2016/9/7,0.051063171,0.050145415,0.017403784,0.063825591,0.063825591
2016/9/8,0.094711462,0.065618937,0.015866855,0.039983553,0.039983553
2016/9/9,0.136526682,0.074619857,0.018416895,0.049359437,0.049359437
2016/9/10,0.165743475,0.125083416,0.027397908,0.192848984,0.192848984
2016/9/11,0.153166049,0.133033773,0.015267904,0.120195621,0.120195621
2016/9/12,0.109505343,0.140752735,0.027443076,0.115543364,0.115543364
2016/9/13,0.059575654,0.129817309,0.042326823,0.103084868,0.103084868
2016/9/14,0.080019259,0.170072056,0.024017892,0.030435013,0.030435013
2016/9/15,0.097396405,0.28959934,0.015121789,0.022378839,0.022378839
2016/9/16,0.256280835,0.470872431,0.010317977,0.018365231,0.018365231
2016/9/17,0.436618557,0.335107726,0.006090315,0.015129576,0.015129576
2016/9/18,0.357477502,0.147520999,0.011088157,0.01265544,0.01265544
2016/9/19,0.122751259,0.061291854,0.010171563,0.01026813,0.01026813
2016/9/20,0.161658016,0.090915154,0.012836898,0.006995258,0.006995258
2016/9/21,0.299502981,0.090047368,0.010403693,0.004336113,0.004336113
2016/9/22,0.249360628,0.071860285,0.009810494,0.011562417,0.011562417
2016/9/23,0.24426444,0.083415275,0.015661575,0.039438641,0.039438641
2016/9/24,0.195078762,0.084292161,0.019608913,0.04591487,0.04591487
2016/9/25,0.146360184,0.099991119,0.028941808,0.071564492,0.071564492
2016/9/26,0.336249613,0.099356037,0.045129131,0.138190457,0.138190457
2016/9/27,0.270626281,0.221327165,0.053409329,0.111951888,0.111951888
2016/9/28,0.126779189,0.241524933,0.04746436,0.118442069,0.118442069
2016/9/29,0.155618423,0.246496495,0.039137254,0.082084694,0.082084694
2016/9/30,0.144126607,0.14894936,0.029941084,0.059942994,0.059942994
2016/10/1,0.090320827,0.134424489,0.048333168,0.05480585,0.05480585
2016/10/2,0.043375784,0.111951161,0.100424935,0.110815596,0.110815596
2016/10/3,0.031190283,0.118431941,0.182709219,0.160572236,0.160572236
2016/10/4,0.029191332,0.064534982,0.071675753,0.055913722,0.055913722
2016/10/5,0.032662066,0.048857688,0.075445527,0.057398822,0.057398822
2016/10/6,0.048265195,0.066345938,0.076829093,0.068797883,0.068797883
2016/10/7,0.106733578,0.061924503,0.069024823,0.069913876,0.069913876
2016/10/8,0.174470463,0.065035729,0.056821338,0.066998332,0.066998332
2016/10/9,0.161995719,0.076957363,0.087954806,0.086629221,0.086629221
2016/10/10,0.114025542,0.082136613,0.109562827,0.113993128,0.113993128
2016/10/11,0.092358671,0.085452492,0.185698363,0.174769435,0.174769435
2016/10/12,0.050109315,0.082011537,0.232811412,0.196785237,0.196785237
2016/10/13,0.056595519,0.09481197,0.139533936,0.207348876,0.207348876
2016/10/14,0.072910617,0.062787216,0.117156366,0.102363364,0.102363364
2016/10/15,0.015432752,0.011361956,0.038944282,0.016165064,0.016165064
2016/10/16,0.012801134,0.025706317,0.079794783,0.042995711,0.042995711
2016/10/17,0.011421198,0.021214427,0.102293703,0.067244171,0.067244171
2016/10/18,0.003079429,0.020178318,0.105717617,0.086278915,0.086278915
2016/10/19,0.007172968,0.027506302,0.157825981,0.118267996,0.118267996
2016/10/20,0.00502605,0.057297433,0.231788815,0.188820783,0.188820783
2016/10/21,0.004448075,0.07444871,0.21384755,0.207889563,0.207889563
2016/10/22,0.026973241,0.039534739,0.179601997,0.177114644,0.177114644
2016/10/23,0.028490275,0.183121065,0.12153523,0.294936851,0.294936851
2016/10/24,0.00398077,0.03127248,0.19520686,0.132701314,0.132701314
2016/10/25,0.00205234,0.020595957,0.043104906,0.067149481,0.067149481
2016/10/26,0.00289691,0.023174554,0.108608761,0.156391639,0.156391639
2016/10/27,0.001146685,0.013554649,0.054415012,0.076586777,0.076586777
2016/10/28,0.00154501,0.016475735,0.069449235,0.073884135,0.073884135
2016/10/29,0.01039067,0.084445283,0.105175813,0.087620091,0.087620091
2016/10/30,0.000790797,0.007424472,0.056432532,0.034531663,0.034531663
2016/10/31,0.000571501,0.006122771,0.016073185,0.009832207,0.009832207
2016/11/1,0.000851399,0.004424313,0.010854562,0.009495334,0.009495334
2016/11/2,0.001713154,0.00327218,0.057241853,0.048316463,0.048316463
2016/11/3,0.014066474,0.013711983,0.441091761,0.286866972,0.286866972
2016/11/4,0.011387804,0.015235165,0.422542702,0.459679656,0.459679656
2016/11/5,0.001395418,0.034457837,0.327927774,0.331571623,0.331571623
2016/11/6,1.59E-06,0.033705712,0.15531131,0.213069655,0.213069655
2016/11/7,1.14E-05,0.000199172,0.067703833,0.057710019,0.057710019
2016/11/8,0.000295029,0.110520998,0.683299988,0.449634508,0.449634508
2016/11/9,0.001504345,0.095539824,0.294978914,0.451728871,0.451728871
2016/11/10,0,0.006377082,0.041187517,0.100329243,0.100329243
2016/11/11,5.05E-05,0.051165601,0.167723002,0.169350726,0.169350726
2016/11/12,3.59E-06,0.021554286,0.090170988,0.125050619,0.125050619
2016/11/13,2.01E-08,0.00016488,0.095099061,0.011790328,0.011790328
2016/11/14,0,0.001510945,0.036633887,0.046018844,0.046018844
2016/11/15,2.94E-07,0.001365191,0.01015274,0.025748639,0.025748639
2016/11/16,9.51E-06,3.38E-07,0.006769615,0.00112315,0.00112315
2016/11/17,2.18E-05,0,7.78E-05,9.22E-05,9.22E-05
2016/11/18,0,0,0.001186723,0,0
2016/11/19,0,0,8.19E-05,0,0
2016/11/20,0,0,0.000152946,0,0
2016/11/21,0,0,0.001792139,5.43E-08,5.43E-08
2016/11/22,0,0,0.000978429,0,0
2016/11/23,0,0,0.000618228,0,0
2016/11/24,0,0,0.000518429,8.70E-05,8.70E-05
2016/11/25,0,0,0.000669864,4.58E-08,4.58E-08
2016/11/26,0,0,5.32E-05,5.31E-11,5.31E-11
2016/11/27,2.86E-05,2.83E-05,0.002307246,4.51E-04,0.000450699
2016/11/28,3.41E-05,4.53E-06,0.001833673,5.71E-04,0.000571273
2016/11/29,4.28E-05,4.08E-06,0.000512791,2.97E-04,0.000296733
2016/11/30,1.60E-06,0,4.19E-05,1.34E-04,0.00013389
2016/12/1,8.28E-05,0.000216399,0.004936431,0.002342051,0.002342051
2016/12/2,0.000245877,0.000323274,0.006534439,0.002010271,0.002010271
2016/12/3,2.65E-05,0,4.53E-06,5.67E-05,5.67E-05
2016/12/4,0,0,2.17E-05,2.26E-06,2.26E-06
2016/12/5,2.56E-07,0,1.06E-05,1.47E-04,0.000147341
2016/12/6,1.91E-08,0,6.78E-05,3.50E-05,3.50E-05
2016/12/7,0,0,0,0,0
2016/12/8,8.70E-06,0,1.27E-05,8.90E-06,8.90E-06
2016/12/9,0,0,0.000202257,2.24E-05,2.24E-05
2016/12/10,0,0,2.56E-07,2.91E-06,2.91E-06
2016/12/11,1.43E-06,0,1.63E-06,1.09E-05,1.09E-05
2016/12/12,0,0,0,0,0
2016/12/13,0,0,0,0,0
2016/12/14,0.000181906,0,1.72E-10,3.25E-06,3.25E-06
2016/12/15,0.00138043,5.45E-05,2.85E-05,1.63E-05,1.63E-05
2016/12/16,0.002445276,0.001868625,0.000680382,4.36E-04,0.000435997
2016/12/17,0.00062119,0.001111858,0.001729405,3.96E-04,0.000396349
2016/12/18,9.72E-05,3.39E-05,0.002189814,0.001226897,0.001226897
2016/12/19,3.67E-06,0,4.73E-05,1.51E-04,0.000150596
2016/12/20,0,0,0,0,0
2016/12/21,0,0,0,0,0
2016/12/22,0,0,0,0,0
2016/12/23,0,0,1.26E-06,0,0
2016/12/24,0,0,0,0,0
2016/12/25,0,0,0,0,0
2016/12/26,0,0,0,0,0
2016/12/27,0,0,0,0,0
2016/12/28,0,0,0,0,0
2016/12/29,0.024071229,0.029080071,6.87E-05,9.24E-06,9.24E-06
2016/12/30,0.006695681,0.01679743,6.00E-06,2.31E-07,2.31E-07
2016/12/31,0.000359485,5.00E-06,0,0,0
2017/1/1,0.025177085,0.019321418,1.80E-06,1.43E-06,1.43E-06
2017/1/2,0.0456834,0.090205896,8.33E-06,0,0
2017/1/3,0.010005762,0.019604672,0.001924599,7.12E-05,7.12E-05
2017/1/4,0.000110156,0.000392183,0.000339768,7.15E-05,7.15E-05
2017/1/5,1.80E-06,0,0.000383057,2.32E-05,2.32E-05
2017/1/6,2.04E-09,0,0.000508557,3.43E-05,3.43E-05
2017/1/7,0,0,0,0,0
2017/1/8,0,0,0,0,0
2017/1/9,0,0,0,0,0
2017/1/10,0,0,0,0,0
2017/1/11,0,0,0,0,0
2017/1/12,1.44E-07,0,0,1.79E-05,1.79E-05
2017/1/13,3.21E-06,0,0,1.21E-05,1.21E-05
2017/1/14,0,0,6.43E-05,3.69E-06,3.69E-06
2017/1/15,0,0,0,0,0
2017/1/16,0,6.31E-05,0.024547913,0.020000969,0.020000969
2017/1/17,0,1.05E-05,0.129795342,0.066006485,0.066006485
2017/1/18,0,0,0.010643255,2.62E-04,0.000262388
2017/1/19,0,0,7.21E-05,0,0
2017/1/20,0,0,0.000365233,0,0
2017/1/21,0,0,0,0,0
2017/1/22,0,0,2.55E-06,4.29E-07,4.29E-07
2017/1/23,0,0,0.000123814,2.01E-06,2.01E-06
2017/1/24,2.82E-05,0,0.001321981,6.93E-04,0.000692826
2017/1/25,2.03E-05,0,0.000187521,1.08E-04,0.00010756
2017/1/26,0,0,0.000576997,4.50E-05,4.50E-05
2017/1/27,1.06E-06,0,0.003098,8.71E-04,0.0008711
2017/1/28,0,0,0.034201497,0.0310002,0.0310002
2017/1/29,0,0,0.033699902,0.004814089,0.004814089
2017/1/30,9.15E-05,7.83E-08,5.01E-06,0,0
2017/1/31,5.04E-05,2.12E-07,6.65E-05,2.18E-06,2.18E-06
2017/2/1,2.05E-05,0,0.000192051,3.82E-05,3.82E-05
2017/2/2,3.26E-05,9.55E-06,0.001271816,4.95E-04,0.000494704
2017/2/3,8.08E-05,0,0.001322758,0.001307838,0.001307838
2017/2/4,5.55E-05,0,0.000954073,7.83E-04,0.000783192
2017/2/5,2.70E-05,0,0,9.17E-05,9.17E-05
2017/2/6,0,0,0,0,0
2017/2/7,0,0,6.10E-05,9.95E-07,9.95E-07
2017/2/8,6.81E-06,0,3.17E-05,2.60E-04,0.000259507
2017/2/9,0.000100062,0,0.000612501,0.001384795,0.001384795
2017/2/10,0.000101841,0,0.001789505,0.001208822,0.001208822
2017/2/11,0.000321631,0,0.004303089,0.002255747,0.002255747
2017/2/12,0.000731448,6.78E-06,0.03147745,0.015354814,0.015354814
2017/2/13,0.000159817,0.000123469,0.053217112,0.03159009,0.03159009
2017/2/14,0.000280669,0.003428457,0.298266293,0.287673745,0.287673745
2017/2/15,3.65E-06,0.00132793,0.257063139,0.259130765,0.259130765
2017/2/16,0,0.013616029,0.254850733,0.369681824,0.369681824
2017/2/17,5.94E-09,0.000708115,0.018052511,0.004387947,0.004387947
2017/2/18,7.85E-05,2.72E-06,0.01585577,0.007211604,0.007211604
2017/2/19,5.88E-07,0,0.000444559,4.37E-05,4.37E-05
2017/2/20,1.65E-05,5.20E-05,0.000634861,6.91E-04,0.000691006
2017/2/21,6.57E-05,3.19E-05,0.004848613,3.62E-04,0.000362097
2017/2/22,6.30E-05,9.25E-05,0.000586596,2.50E-04,0.000249693
2017/2/23,0.002372588,0.000578283,0.00935558,0.002975285,0.002975285
2017/2/24,0.005859794,0.011183087,0.049908999,0.007189927,0.007189927
2017/2/25,0.00250117,0.000891773,0.092125194,0.019804846,0.019804846
2017/2/26,0.00262895,0.000962953,0.051281893,0.009604592,0.009604592
2017/2/27,0.000333659,0.000131838,0.022359911,0.009915527,0.009915527
2017/2/28,0.000199081,0.002352033,0.023266277,0.015149801,0.015149801
2017/3/1,0.003021044,0.004542287,0.116733396,0.05689179,0.05689179
2017/3/2,0.003203763,0.005822578,0.137307078,0.04502244,0.04502244
2017/3/3,0.000421868,0.001102199,0.027147681,0.016249502,0.016249502
2017/3/4,0.000105819,0.000368681,0.011420329,0.00649625,0.00649625
2017/3/5,0.000272073,0.0011767,0.022179464,0.01225538,0.01225538
2017/3/6,0.002887419,0.002631682,0.037890814,0.033772512,0.033772512
2017/3/7,0.008001,0.006184625,0.047373762,0.046653997,0.046653997
2017/3/8,0.008422952,0.006960947,0.08650538,0.048106209,0.048106209
2017/3/9,0.014788859,0.014328995,0.150513015,0.060206269,0.060206269
2017/3/10,0.006259205,0.003708581,0.005983379,0.004338563,0.004338563
2017/3/11,0.00188535,0.001040933,0.012707001,0.007089534,0.007089534
2017/3/12,0.004479126,0.003697733,0.051344863,0.019262771,0.019262771
2017/3/13,0.008218098,0.007360812,0.103989698,0.047229987,0.047229987
2017/3/14,0.015037103,0.011359279,0.249850916,0.078200638,0.078200638
2017/3/15,0.027332929,0.018062487,0.231941609,0.175368076,0.175368076
2017/3/16,0.025130888,0.010847701,0.04785647,0.051706454,0.051706454
2017/3/17,0.006064695,0.00105648,0.015432774,0.007123012,0.007123012
2017/3/18,0.001284667,0.001086167,0.025143644,0.005921261,0.005921261
2017/3/19,0.003012026,0.003105257,0.051402924,0.017611612,0.017611612
2017/3/20,0.013958282,0.00799515,0.074175559,0.045765539,0.045765539
2017/3/21,0.011118331,0.007397486,0.053664159,0.029358238,0.029358238
2017/3/22,0.008601014,0.004409789,0.051922689,0.021917457,0.021917457
2017/3/23,0.010788612,0.00711192,0.054763336,0.036618038,0.036618038
2017/3/24,0.008903138,0.014616354,0.111736457,0.062655575,0.062655575
2017/3/25,0.010572686,0.011967974,0.160283277,0.066768844,0.066768844
2017/3/26,0.025658515,0.029490255,0.326319321,0.14894655,0.14894655
2017/3/27,0.029491933,0.052728267,0.356825446,0.20162597,0.20162597
2017/3/28,0.022880761,0.043442544,0.704231034,0.29873508,0.29873508
2017/3/29,0.036008486,0.119935139,2.221601861,1.010246038,1.010246038
2017/3/30,0.325699769,0.351348272,2.782239372,1.554897961,1.554897961
2017/3/31,0.347977249,0.757950072,1.742574356,2.000238097,2.000238097
2017/4/1,0.168114973,0.872216279,1.161386713,1.908620097,1.908620097
2017/4/2,0.227311988,0.592323329,0.404358999,1.21808714,1.21808714
2017/4/3,0.110572951,0.182019819,0.121495583,0.331396875,0.331396875
2017/4/4,0.044051128,0.133108559,0.116002713,0.282299654,0.282299654
2017/4/5,0.039921469,0.265266469,0.265332529,0.563292266,0.563292266
2017/4/6,0.053506638,0.738248977,0.975940894,1.507409616,1.507409616
2017/4/7,0.04151437,0.248912903,0.532036623,0.593772898,0.593772898
2017/4/8,0.07057555,0.14493692,0.34450485,0.216245452,0.216245452
2017/4/9,0.051179422,0.181607725,0.736163542,0.42291536,0.42291536
2017/4/10,0.018799775,0.28598524,0.90898686,0.515709584,0.515709584
2017/4/11,0.071520668,0.64705505,1.654790266,0.514007966,0.514007966
2017/4/12,0.139805452,0.826360237,3.785155066,1.490779564,1.490779564
2017/4/13,0.165014115,0.692436891,3.187635071,0.908796436,0.908796436
2017/4/14,0.18372851,0.797586743,1.409247535,0.772292985,0.772292985
2017/4/15,0.131114664,0.763547366,2.45233602,0.781936235,0.781936235
2017/4/16,0.067160107,0.366132143,2.158091235,0.860253637,0.860253637
2017/4/17,0.104774731,0.40089606,2.206627701,1.093741912,1.093741912
2017/4/18,0.137387505,0.214653452,0.903530636,0.607109163,0.607109163
2017/4/19,0.084894587,0.138029624,0.85487594,0.378091787,0.378091787
2017/4/20,0.227433984,0.232019061,0.731814763,0.517977297,0.517977297
2017/4/21,0.514813618,0.257470478,0.805157315,0.387396246,0.387396246
2017/4/22,0.900198316,0.414545079,0.854348197,0.597770067,0.597770067
2017/4/23,0.858689592,0.748613047,1.876933337,0.871187484,0.871187484
2017/4/24,0.584986866,1.48663789,4.18640926,2.075540394,2.075540394
2017/4/25,0.962809498,2.323749108,8.401885566,3.888087955,3.888087955
2017/4/26,1.031058557,3.185701564,9.774557052,5.872678311,5.872678311
2017/4/27,1.723831397,3.677236703,8.794610698,5.511499255,5.511499255
2017/4/28,1.180170133,3.209919939,5.091117892,4.37983506,4.37983506
2017/4/29,0.725524705,3.434018779,4.080562116,2.979987344,2.979987344
2017/4/30,0.889686094,2.946171033,1.749213564,2.413215742,2.413215742
2017/5/1,0.872052816,2.682193168,0.778571374,1.40965851,1.40965851
2017/5/2,1.114359476,2.761479444,1.021508897,1.415959177,1.415959177
2017/5/3,0.93894709,2.646955665,2.051721958,2.231998912,2.231998912
2017/5/4,0.67850815,3.177307797,2.705722684,1.135740788,1.135740788
2017/5/5,0.824152544,3.558891704,3.060464675,1.430980304,1.430980304
2017/5/6,1.031745222,3.421607865,3.658354471,2.465539824,2.465539824
2017/5/7,1.618910051,4.12844453,3.605504479,3.872508414,3.872508414
2017/5/8,2.381081221,4.117632055,2.76808596,2.252711973,2.252711973
2017/5/9,2.652705763,4.332237487,1.988309956,2.557183154,2.557183154
2017/5/10,3.270699441,4.119891667,2.46091588,2.344599071,2.344599071
2017/5/11,3.35607137,3.818724522,5.497085123,4.163753922,4.163753922
2017/5/12,4.476212863,3.997381104,7.871925296,5.849333041,5.849333041
2017/5/13,6.942374953,4.688950635,5.116348003,4.429782431,4.429782431
2017/5/14,5.701689133,4.126672455,3.814853851,3.990003251,3.990003251
2017/5/15,5.845849413,3.954258844,2.821582912,3.316208482,3.316208482
2017/5/16,5.362562112,3.357496754,1.057806562,2.281304985,2.281304985
2017/5/17,4.217589425,2.803414713,0.830116266,1.839211545,1.839211545
2017/5/18,3.67003222,1.937536689,1.066764855,1.94498582,1.94498582
2017/5/19,2.948169656,1.382398938,1.178073133,1.605562078,1.605562078
2017/5/20,2.211455357,1.211870139,1.565399915,2.364831535,2.364831535
2017/5/21,1.834370062,1.58327909,2.101920025,3.769961874,3.769961874
2017/5/22,1.621028531,1.381314058,4.063033434,4.225619694,4.225619694
2017/5/23,2.610335955,1.987389243,4.981868649,4.333137863,4.333137863
2017/5/24,3.892305428,2.298009845,3.145930138,3.253418537,3.253418537
2017/5/25,5.122180784,2.449560298,1.938769219,3.097411135,3.097411135
2017/5/26,4.024705108,1.993955051,1.561007034,3.023921945,3.023921945
2017/5/27,3.112693033,2.151503377,1.804107272,4.39544001,4.39544001
2017/5/28,2.767943515,1.766939112,2.621542447,5.234715412,5.234715412
2017/5/29,3.043733232,2.011962957,3.076918134,5.160897511,5.160897511
2017/5/30,4.121324187,2.319325519,2.435297842,4.621672589,4.621672589
2017/5/31,5.687156168,2.407551549,1.7963892,3.9710291,3.9710291
2017/6/1,5.350704023,1.763983064,1.050467116,2.067390146,2.067390146
2017/6/2,3.739298345,2.207837033,0.71839655,2.290807585,2.290807585
2017/6/3,3.436178224,2.856680537,0.61577192,2.687263606,2.687263606
2017/6/4,3.641091671,3.933775304,0.567703756,2.88160133,2.88160133
2017/6/5,2.894987582,2.533204279,0.459458165,2.040545244,2.040545244
2017/6/6,2.925528842,1.53388874,0.415622817,1.726594921,1.726594921
2017/6/7,3.347501218,1.20458155,0.438482694,1.501703351,1.501703351
2017/6/8,3.367246973,1.065712603,0.43812904,1.242512253,1.242512253
2017/6/9,3.293427804,0.87828825,0.299598149,1.035187406,1.035187406
2017/6/10,4.190912813,1.075051008,0.310470083,1.300269231,1.300269231
2017/6/11,2.788143729,0.439567496,0.30941433,0.33266926,0.33266926
2017/6/12,2.065455128,0.388427822,0.285894103,0.319896244,0.319896244
2017/6/13,2.319304422,0.608744196,0.193719005,0.37937813,0.37937813
2017/6/14,1.612661479,0.36043386,0.172165178,0.151775145,0.151775145
2017/6/15,1.528144938,0.324152046,0.126886147,0.1149438,0.1149438
2017/6/16,1.225110413,0.195683849,0.13028038,0.070154105,0.070154105
2017/6/17,0.962706963,0.132475915,0.078321792,0.07811618,0.07811618
2017/6/18,0.740811428,0.205954746,0.088838559,0.182100254,0.182100254
2017/6/19,0.680130909,0.124092943,0.087622979,0.088654346,0.088654346
2017/6/20,0.622038898,0.069272629,0.101438637,0.047945568,0.047945568
2017/6/21,0.429824486,0.056046369,0.057528396,0.066519051,0.066519051
2017/6/22,0.270641526,0.058999409,0.065709954,0.112202824,0.112202824
2017/6/23,0.164226508,0.058108147,0.078802705,0.055773308,0.055773308
2017/6/24,0.123812299,0.053637623,0.066792344,0.021344623,0.021344623
2017/6/25,0.106038788,0.051943172,0.075811812,0.011631894,0.011631894
2017/6/26,0.103136848,0.053750059,0.073002861,0.009045767,0.009045767
2017/6/27,0.075723118,0.049643961,0.050373921,0.006761433,0.006761433
2017/6/28,0.035571499,0.046544249,0.047132829,0.005335222,0.005335222
2017/6/29,0.024913008,0.040674029,0.048209738,0.004394799,0.004394799
2017/6/30,0.07005161,0.043639062,0.038496764,0.003823628,0.003823628
2017/7/1,0.058650231,0.040736288,0.030240578,0.003314204,0.003314204
2017/7/2,0.022010814,0.041288018,0.033628972,0.003968382,0.003968382
2017/7/3,0.021891068,0.045007403,0.03701487,0.004806147,0.004806147
2017/7/4,0.02482067,0.063798777,0.019360587,0.022242787,0.022242787
2017/7/5,0.019293544,0.054876064,0.030171786,0.0374806,0.0374806
2017/7/6,0.043797906,0.041331866,0.034195274,0.019911305,0.019911305
2017/7/7,0.075858467,0.03785159,0.034497051,0.00763798,0.00763798
2017/7/8,0.019758551,0.037988512,0.034901698,0.003722819,0.003722819
2017/7/9,0.011968733,0.024264858,0.02350158,0.001789343,0.001789343
2017/7/10,0.004300666,0.020446895,0.022181573,0.032236837,0.032236837
2017/7/11,0.003300384,0.034000695,0.01513321,0.069490974,0.069490974
2017/7/12,0.001206462,0.038687613,0.019042181,0.044223378,0.044223378
2017/7/13,0.000611706,0.034844772,0.02356524,0.016233778,0.016233778
2017/7/14,0.000351813,0.028603814,0.021688394,0.005880657,0.005880657
2017/7/15,0.00050134,0.029160856,0.018660018,0.00240952,0.00240952
2017/7/16,0.000765088,0.034064698,0.015893228,0.001520409,0.001520409
2017/7/17,0.000559694,0.033169002,0.020656009,0.002109396,0.002109396
2017/7/18,0.000561136,0.027257924,0.019970215,0.002123243,0.002123243
2017/7/19,0.003705305,0.017572448,0.014534576,0.001467268,0.001467268
2017/7/20,0.006462218,0.019953122,0.014624581,0.002092195,0.002092195
2017/7/21,0.019140404,0.019736848,0.013408218,0.001634272,0.001634272
2017/7/22,0.031176925,0.026753258,0.011059375,0.001126434,0.001126434
2017/7/23,0.022032415,0.017522603,0.014616822,0.006483379,0.006483379
2017/7/24,0.011692954,0.018258813,0.015924138,0.008289475,0.008289475
2017/7/25,0.006651003,0.018131547,0.013186387,0.003236,0.003236
2017/7/26,0.002233553,0.02235685,0.009208287,9.57E-04,0.000957114
2017/7/27,0.001577492,0.018994413,0.009660522,3.68E-04,0.000368392
2017/7/28,0.005449518,0.019923987,0.007589349,1.71E-04,0.000170784
2017/7/29,0.023946661,0.022145728,0.005501899,1.01E-04,0.000100649
2017/7/30,0.040942029,0.01984746,0.005368017,5.56E-05,5.56E-05
2017/7/31,0.028159437,0.014913084,0.005886316,3.26E-05,3.26E-05
2017/8/1,0.016575637,0.011033413,0.004384209,2.21E-05,2.21E-05
2017/8/2,0.003072446,0.0089662,0.003793685,5.14E-05,5.14E-05
2017/8/3,0.00115091,0.014688865,0.004119243,1.27E-04,0.00012741
2017/8/4,0.003788495,0.011420292,0.002765394,6.52E-05,6.52E-05
2017/8/5,0.004927488,0.007575949,0.002084333,2.58E-05,2.58E-05
2017/8/6,0.003775783,0.010817645,0.002738749,8.65E-06,8.65E-06
2017/8/7,0.001865698,0.009067042,0.003405308,3.40E-06,3.40E-06
2017/8/8,0.000422813,0.007245583,0.002038896,1.57E-06,1.57E-06
2017/8/9,0.019606909,0.007850604,0.001050429,0.001464326,0.001464326
2017/8/10,0.037762252,0.009666072,0.00199124,0.005640491,0.005640491
2017/8/11,0.02506334,0.008284805,0.002129709,0.002669392,0.002669392
2017/8/12,0.014229875,0.010627236,0.002509435,0.001130048,0.001130048
2017/8/13,0.00647888,0.013852582,0.002760248,0.002477077,0.002477077
2017/8/14,0.002935312,0.018318494,0.001831126,0.002096814,0.002096814
2017/8/15,0.004378232,0.024921292,0.001120751,0.00150465,0.00150465
2017/8/16,0.009885435,0.015182707,0.002247969,9.36E-04,0.000936133
2017/8/17,0.006742594,0.011491061,0.002512769,6.06E-04,0.000606043
2017/8/18,0.003808521,0.010900014,0.002641424,0.010166577,0.010166577
2017/8/19,0.005317761,0.017635417,0.003177087,0.012442626,0.012442626
2017/8/20,0.012197412,0.02854212,0.003089393,0.01413583,0.01413583
2017/8/21,0.013408835,0.023278001,0.003231581,0.01027454,0.01027454
2017/8/22,0.034826359,0.020709586,0.004217356,0.010575173,0.010575173
2017/8/23,0.02477713,0.015782016,0.002244937,0.007677788,0.007677788
2017/8/24,0.042983711,0.02048466,0.002431004,0.021430026,0.021430026
2017/8/25,0.040626831,0.016215617,0.003565838,0.015084626,0.015084626
2017/8/26,0.062036268,0.02404018,0.004639696,0.01152294,0.01152294
2017/8/27,0.093429796,0.039255821,0.007127725,0.013610052,0.013610052
2017/8/28,0.155814755,0.03939839,0.008896054,0.018301118,0.018301118
2017/8/29,0.370520631,0.091732185,0.016942836,0.032584631,0.032584631
2017/8/30,0.301297566,0.103793658,0.01642061,0.02868455,0.02868455
2017/8/31,0.179324993,0.083364668,0.012381502,0.018231153,0.018231153
2017/9/1,0.149964643,0.064094639,0.009201662,0.010900011,0.010900011
2017/9/2,0.134183554,0.038748816,0.00377344,0.004802154,0.004802154
2017/9/3,0.105050021,0.02176107,0.001592331,0.003086512,0.003086512
2017/9/4,0.0676458,0.025298575,0.003400293,0.005224711,0.005224711
2017/9/5,0.067106437,0.027632167,0.004913003,0.004215787,0.004215787
2017/9/6,0.095268296,0.065626209,0.007688962,0.011766425,0.011766425
2017/9/7,0.185535245,0.113268171,0.008603325,0.02566457,0.02566457
2017/9/8,0.145766839,0.067225178,0.01038426,0.04358025,0.04358025
2017/9/9,0.138972788,0.084211513,0.019843935,0.060997711,0.060997711
2017/9/10,0.16029767,0.11337093,0.036329842,0.086842163,0.086842163
2017/9/11,0.253234268,0.140834958,0.061324936,0.160033581,0.160033581
2017/9/12,0.425322522,0.153130418,0.047371182,0.164618883,0.164618883
2017/9/13,0.446009167,0.124711535,0.077893857,0.139487781,0.139487781
2017/9/14,0.327156682,0.104054487,0.147685228,0.155946733,0.155946733
2017/9/15,0.192488435,0.093670866,0.237505136,0.17635957,0.17635957
2017/9/16,0.205875297,0.10902901,0.235091883,0.178125672,0.178125672
2017/9/17,0.301536966,0.085159256,0.268907716,0.14659813,0.14659813
2017/9/18,0.2491518,0.07369011,0.393960455,0.153274004,0.153274004
2017/9/19,0.210298198,0.095161728,0.47835022,0.248109587,0.248109587
2017/9/20,0.309346964,0.133872,0.282703433,0.208981136,0.208981136
2017/9/21,0.516317513,0.141467883,0.245845473,0.210893528,0.210893528
2017/9/22,0.592875895,0.25889696,0.215869183,0.24053364,0.24053364
2017/9/23,0.494922249,0.257954001,0.274070736,0.244407793,0.244407793
2017/9/24,0.458802233,0.137840361,0.320586249,0.153797916,0.153797916
2017/9/25,0.331952408,0.107704597,0.35365932,0.128811094,0.128811094
2017/9/26,0.282423379,0.088258131,0.357473884,0.134844036,0.134844036
2017/9/27,0.265183344,0.089798394,0.323079337,0.150085816,0.150085816
2017/9/28,0.381322356,0.187618065,0.268417892,0.218697508,0.218697508
2017/9/29,0.22531595,0.117937865,0.27115676,0.172774508,0.172774508
2017/9/30,0.119617192,0.073140783,0.229377553,0.139986299,0.139986299
2017/10/1,0.088645111,0.163548491,0.247993218,0.140626334,0.140626334
2017/10/2,0.088537869,0.237348817,0.353660847,0.276550707,0.276550707
2017/10/3,0.159751539,0.325412953,0.450920595,0.324789077,0.324789077
2017/10/4,0.265612437,0.465453338,0.470859953,0.440628578,0.440628578
2017/10/5,0.258392237,0.342160335,0.348648251,0.28376161,0.28376161
2017/10/6,0.129088814,0.179515323,0.229050825,0.158065864,0.158065864
2017/10/7,0.058310846,0.160556909,0.336284309,0.207600758,0.207600758
2017/10/8,0.056159829,0.117299274,0.321085726,0.29065272,0.29065272
2017/10/9,0.074680431,0.118248299,0.605014958,0.380731133,0.380731133
2017/10/10,0.04786344,0.253728536,0.644164424,0.424414409,0.424414409
2017/10/11,0.036031473,0.172670167,0.168547416,0.149310314,0.149310314
2017/10/12,0.033647714,0.09872441,0.111780572,0.091766993,0.091766993
2017/10/13,0.023188127,0.106139948,0.080362134,0.069672938,0.069672938
2017/10/14,0.029785936,0.103244767,0.133903843,0.132926346,0.132926346
2017/10/15,0.03268942,0.062920414,0.324494119,0.229362476,0.229362476
2017/10/16,0.028940853,0.100682092,0.570537471,0.523135934,0.523135934
2017/10/17,0.047517471,0.184722759,0.580169564,0.482156154,0.482156154
2017/10/18,0.054542616,0.231494517,0.257076651,0.364001254,0.364001254
2017/10/19,0.057287825,0.197362033,0.355498921,0.257082015,0.257082015
2017/10/20,0.02620357,0.16265654,0.50030312,0.446227276,0.446227276
2017/10/21,0.026930016,0.218088113,0.539191926,0.488873148,0.488873148
2017/10/22,0.038743074,0.135647772,0.527065213,0.366782201,0.366782201
2017/10/23,0.055878545,0.126424309,0.201466657,0.332853342,0.332853342
2017/10/24,0.023588302,0.051993317,0.508997691,0.252940668,0.252940668
2017/10/25,0.040380674,0.084774209,0.18438235,0.14707639,0.14707639
2017/10/26,0.027132331,0.05791646,0.042090948,0.066518967,0.066518967
2017/10/27,0.008128932,0.237728349,0.259447981,0.663702933,0.663702933
2017/10/28,0.042085694,0.443874,0.463502846,1.298916282,1.298916282
2017/10/29,0.022654909,0.150986443,0.110634433,0.126134007,0.126134007
2017/10/30,0.023853805,0.102301185,0.074131744,0.070703911,0.070703911
2017/10/31,0.007140711,0.053923183,0.112483628,0.123734296,0.123734296
2017/11/1,0.002796089,0.023135607,0.258442434,0.118865305,0.118865305
2017/11/2,0.005352031,0.040836391,0.212671592,0.154891843,0.154891843
2017/11/3,0.012490108,0.043901794,0.325293389,0.12800612,0.12800612
2017/11/4,0.024085311,0.047844608,0.33188567,0.214437715,0.214437715
2017/11/5,0.01204262,0.011398365,0.030997994,0.019441578,0.019441578
2017/11/6,0.003808569,0.004582097,0.013627421,0.012057308,0.012057308
2017/11/7,0.003518005,0.006096223,0.023084125,0.022629282,0.022629282
2017/11/8,0.002095782,0.002274087,0.008523439,0.006142818,0.006142818
2017/11/9,0.002015797,0.002879784,0.003799706,0.006356414,0.006356414
2017/11/10,0.000585465,0.00222515,0.006599023,0.006329522,0.006329522
2017/11/11,0.003562139,0.004160108,0.005359275,0.003622843,0.003622843
2017/11/12,0.010988927,0.030241251,0.000538558,1.87E-05,1.87E-05
2017/11/13,3.15E-06,9.40E-08,1.34E-05,5.73E-04,0.000573304
2017/11/14,3.44E-05,1.88E-06,0.000767661,8.47E-04,0.000847393
2017/11/15,0.000189802,2.91E-05,0.000648583,0.001663402,0.001663402
2017/11/16,0.005687418,0.003103755,0.000133495,3.14E-04,0.000313504
2017/11/17,0.002035624,0.002548379,9.92E-05,4.10E-04,0.000409928
2017/11/18,2.62E-05,1.11E-05,0.000158592,8.06E-04,0.000806385
2017/11/19,0.000351246,0.000369123,0.001626703,6.93E-04,0.000692759
2017/11/20,0.000496098,0.000609102,0.001647821,0.001124483,0.001124483
2017/11/21,2.76E-06,-2.27E-10,3.27E-06,6.37E-04,0.000636897
2017/11/22,0,0,0.005898395,2.70E-04,0.000269872
2017/11/23,9.04E-06,2.22E-08,0.033127311,5.41E-04,0.000540663
2017/11/24,1.04E-05,4.60E-05,0.001621155,8.87E-04,0.000886925
2017/11/25,9.83E-06,0.000170087,0.001482484,0.001483914,0.001483914
2017/11/26,0.000286076,0.000382901,0.003579148,0.003308395,0.003308395
2017/11/27,0,0,6.79E-05,8.79E-05,8.79E-05
2017/11/28,0,0,0.000243415,6.64E-05,6.64E-05
2017/11/29,0,0,3.25E-05,1.76E-04,0.000175775
2017/11/30,0,8.85E-08,8.19E-05,3.56E-04,0.00035598
2017/12/1,3.22E-07,9.98E-07,6.96E-05,2.17E-04,0.000216883
2017/12/2,0.001268775,4.46E-05,5.28E-05,2.17E-04,0.000216672
2017/12/3,0,0,0.000123732,1.52E-04,0.000151876
2017/12/4,0,0,9.34E-05,1.91E-04,0.000190972
2017/12/5,2.78E-07,1.64E-07,7.67E-05,1.50E-04,0.00014982
2017/12/6,0,5.27E-07,0.000294544,2.21E-04,0.000220778
2017/12/7,0,3.37E-05,5.52E-05,0.002724392,0.002724392
2017/12/8,0,6.39E-05,0.000249491,1.21E-04,0.000120579
2017/12/9,1.68E-07,1.39E-05,0.005783014,0.016940451,0.016940451
2017/12/10,4.46E-06,0.002052902,0.034526275,0.077101669,0.077101669
2017/12/11,0,0.000123985,0.023181648,0.010094304,0.010094304
2017/12/12,1.29E-05,0.000344044,0.003402411,0.020813187,0.020813187
2017/12/13,0.002002812,0.006784558,5.20E-05,0,0
2017/12/14,5.30E-06,0.003283418,0.007632883,0.008861599,0.008861599
2017/12/15,0,2.19E-05,0.022712166,0.012808172,0.012808172
2017/12/16,0,0,8.00E-08,1.23E-05,1.23E-05
2017/12/17,0,0,1.31E-06,6.30E-05,6.30E-05
2017/12/18,0,0,3.38E-07,3.60E-05,3.60E-05
2017/12/19,0.00451303,0.001411591,1.21E-05,1.59E-04,0.000158521
2017/12/20,1.19E-06,0,8.63E-05,3.62E-04,0.000361663
2017/12/21,0.001052533,4.16E-05,2.87E-05,8.88E-06,8.88E-06
2017/12/22,0.000170522,1.28E-06,0,0,0
2017/12/23,0.009426489,0.003668406,0,9.06E-06,9.06E-06
2017/12/24,0.002585678,0.000945032,1.83E-05,1.10E-04,0.000109527
2017/12/25,0,0,4.33E-06,1.81E-04,0.000180932
2017/12/26,2.03E-06,0,0.000264423,0.001538406,0.001538406
2017/12/27,9.22E-05,0,0.002704797,9.14E-04,0.00091392
2017/12/28,0,0,2.89E-05,0,0
2017/12/29,0,0,0,3.01E-08,3.01E-08
2017/12/30,0,0,0,1.48E-06,1.48E-06
2017/12/31,0,0,0,0,0
2018/1/1,7.25E-05,2.71E-06,0,0,0
2018/1/2,0,0,7.22E-05,0,0
2018/1/3,0,0,4.44E-05,0,0
2018/1/4,0,0,0.000183097,0,0
2018/1/5,0,0,0.000475646,0,0
2018/1/6,0,0,4.95E-05,0,0
2018/1/7,0,0,7.53E-06,1.95E-08,1.95E-08
2018/1/8,0,0,7.90E-05,5.69E-06,5.69E-06
2018/1/9,0,0,1.02E-05,3.95E-05,3.95E-05
2018/1/10,8.75E-07,0,2.54E-05,1.46E-04,0.000145587
2018/1/11,0,0,0.000114773,3.47E-04,0.000347098
2018/1/12,0,0,2.49E-05,1.21E-07,1.21E-07
2018/1/13,0,0,8.89E-06,3.27E-08,3.27E-08
2018/1/14,2.69E-05,8.92E-06,9.68E-05,2.04E-05,2.04E-05
2018/1/15,0.004120253,0.008506957,0.000436516,5.47E-04,0.000546506
2018/1/16,0.000616537,0.000145991,0.000987356,1.44E-05,1.44E-05
2018/1/17,0,4.14E-06,0.00105607,5.39E-04,0.000539304
2018/1/18,0,0,0,5.23E-05,5.23E-05
2018/1/19,0,0,0,4.27E-05,4.27E-05
2018/1/20,0,0,1.65E-06,8.70E-08,8.70E-08
2018/1/21,0,0,1.79E-05,0,0
2018/1/22,0,0,3.39E-05,0,0
2018/1/23,0,0,3.82E-06,0,0
2018/1/24,0,0,2.67E-05,0,0
2018/1/25,0,0,0,0,0
2018/1/26,0,0,0,0,0
2018/1/27,0,0,0,0,0
2018/1/28,0,0,0,0,0
2018/1/29,0,0,0.000175939,0,0
2018/1/30,6.67E-06,9.80E-08,4.42E-05,1.22E-05,1.22E-05
2018/1/31,0,0,3.08E-05,8.94E-05,8.94E-05
2018/2/1,0,0,6.16E-05,1.83E-04,0.000183198
2018/2/2,0,0,0.000172845,3.09E-04,0.000308773
2018/2/3,3.71E-07,0,0.000266064,4.25E-04,0.000424957
2018/2/4,9.71E-06,2.92E-06,0.000662225,1.70E-04,0.000169641
2018/2/5,2.80E-05,0,0.000582263,5.06E-04,0.000506437
2018/2/6,8.32E-06,0,0.000548448,1.71E-04,0.000171259
2018/2/7,4.29E-06,7.34E-08,0.00065978,1.09E-04,0.000108669
2018/2/8,0,0,0,6.90E-07,6.90E-07
2018/2/9,9.46E-06,2.08E-07,5.04E-05,2.97E-04,0.000297472
2018/2/10,6.24E-05,1.52E-05,0.000856929,0.001525477,0.001525477
2018/2/11,0.003823553,0.001126871,0.003642067,0.002749468,0.002749468
2018/2/12,0.002591185,0.001718487,0.007633578,0.005855207,0.005855207
2018/2/13,0.000108332,7.14E-05,0.004144467,0.002342759,0.002342759
2018/2/14,0.000921942,0.000287999,0.004740559,0.003803978,0.003803978
2018/2/15,0.00042545,0.000127241,0.006920079,0.002910068,0.002910068
2018/2/16,0.000507462,0.000184757,0.004754033,0.004342543,0.004342543
2018/2/17,3.06E-06,7.05E-07,0.000643983,1.35E-04,0.000134974
2018/2/18,1.75E-05,0,0.000456139,9.40E-05,9.40E-05
2018/2/19,7.32E-05,8.16E-05,0.003590705,4.86E-04,0.000486212
2018/2/20,0.002141474,0.000122192,0.001917635,3.09E-04,0.000309025
2018/2/21,0.000410969,1.34E-05,0.001225315,0.001387052,0.001387052
2018/2/22,0.004476765,0.004304048,0.003449438,9.83E-04,0.000982622
2018/2/23,7.03E-05,1.34E-05,0.001841487,0.002687921,0.002687921
2018/2/24,0.000655533,0.000482361,0.023364888,0.006757043,0.006757043
2018/2/25,0.000803021,8.26E-05,0.048359686,0.010078614,0.010078614
2018/2/26,0.000694974,0.000113358,0.010863484,0.004661544,0.004661544
2018/2/27,0.000414319,4.41E-05,0.022896288,0.007897816,0.007897816
2018/2/28,7.01E-05,6.35E-05,0.00309429,0.003729058,0.003729058
2018/3/1,0.001253275,0.000466601,0.027723864,0.016042876,0.016042876
2018/3/2,0.00066725,0.00021112,0.057550577,0.010820904,0.010820904
2018/3/3,0.000264915,5.26E-05,0.001789734,6.64E-04,0.000663527
2018/3/4,0.000125918,1.36E-05,0.000911863,5.51E-04,0.000550969
2018/3/5,0.000827913,0.000199912,0.004465474,0.002815068,0.002815068
2018/3/6,0.000157989,0.000194179,0.001393675,0.002426343,0.002426343
2018/3/7,0.001921263,0.00155021,0.013820043,0.012229653,0.012229653
2018/3/8,0.006957316,0.005297823,0.151694102,0.058670231,0.058670231
2018/3/9,0.004935565,0.004345053,0.091127031,0.030042393,0.030042393
2018/3/10,0.01202196,0.007976947,0.132795837,0.062370628,0.062370628
2018/3/11,0.033068245,0.03071086,0.222727658,0.107299924,0.107299924
2018/3/12,0.020064262,0.023791539,0.12461428,0.112902625,0.112902625
2018/3/13,0.004059572,0.018367413,0.11900726,0.210287713,0.210287713
2018/3/14,0.000118929,0.029315947,0.040729396,0.117485091,0.117485091
2018/3/15,0.004049438,0.032334612,0.033195493,0.064436941,0.064436941
2018/3/16,0.012518943,0.019615522,0.117208706,0.088320501,0.088320501
2018/3/17,0.014987804,0.014308499,0.117562001,0.063968028,0.063968028
2018/3/18,0.016870511,0.018177002,0.118633253,0.062759127,0.062759127
2018/3/19,0.027660104,0.029687488,0.168913942,0.135934499,0.135934499
2018/3/20,0.039016768,0.039394778,0.239648681,0.191027976,0.191027976
2018/3/21,0.022176973,0.012523506,0.07666551,0.052117188,0.052117188
2018/3/22,0.025158423,0.046278771,0.297027982,0.208446169,0.208446169
2018/3/23,0.064241301,0.156551327,1.417520415,0.569053669,0.569053669
2018/3/24,0.173205539,0.334162972,1.439201674,0.966393037,0.966393037
2018/3/25,0.136590265,0.124380703,0.245096299,0.27474828,0.27474828
2018/3/26,0.054315647,0.079918617,0.178973062,0.244410681,0.244410681
2018/3/27,0.007207934,0.00941657,0.037106637,0.02384249,0.02384249
2018/3/28,0.013897849,0.02403971,0.106441769,0.06803102,0.06803102
2018/3/29,0.048979465,0.075566575,0.26049838,0.171537034,0.171537034
2018/3/30,0.069575909,0.106838728,0.599025734,0.310982549,0.310982549
2018/3/31,0.115564506,0.112322896,0.211464058,0.234064357,0.234064357
2018/4/1,0.00305102,0.000727684,0.007714473,0.00405419,0.00405419
2018/4/2,0.000995835,9.19E-05,0.002654062,0.001242974,0.001242974
2018/4/3,0.001143788,0.001039705,0.011086238,0.007571475,0.007571475
2018/4/4,0.004482607,0.001155763,0.25059007,0.024978387,0.024978387
2018/4/5,0.004972144,0.001100511,0.178060258,0.018668691,0.018668691
2018/4/6,0.008326797,0.009861735,0.156537973,0.058195338,0.058195338
2018/4/7,0.038644364,0.054485619,0.674373332,0.277538878,0.277538878
2018/4/8,0.066168942,0.114099521,0.735302067,0.428000281,0.428000281
2018/4/9,0.02407657,0.045206708,0.382763082,0.108283904,0.108283904
2018/4/10,0.017296889,0.091796543,0.623845493,0.172792613,0.172792613
2018/4/11,0.036592825,0.203270512,0.878696563,0.167314791,0.167314791
2018/4/12,0.036659664,0.447837252,0.460279827,0.144748464,0.144748464
2018/4/13,0.069499823,0.565382954,2.145377174,0.691616955,0.691616955
2018/4/14,0.760684017,0.951915795,3.342188757,1.981184801,1.981184801
2018/4/15,0.739995146,0.483876718,0.781112248,0.899497043,0.899497043
2018/4/16,0.183836312,0.241979213,0.47191078,0.466773061,0.466773061
2018/4/17,0.158443405,0.384449875,1.436402817,0.790833041,0.790833041
2018/4/18,0.261261217,0.432043799,0.181711117,0.357822957,0.357822957
2018/4/19,0.16932413,0.322170653,0.434241951,0.931023641,0.931023641
2018/4/20,0.070401731,0.673768471,0.990372654,2.090759585,2.090759585
2018/4/21,0.066011499,0.364965092,2.44781097,1.543557386,1.543557386
2018/4/22,1.121040506,1.051732736,5.409746213,2.699414061,2.699414061
2018/4/23,2.121812227,1.871735376,3.635144244,2.894417564,2.894417564
2018/4/24,0.682774222,2.520049038,3.731284887,3.80702951,3.80702951
2018/4/25,0.609011315,2.72865209,4.549771114,3.694881182,3.694881182
2018/4/26,0.816369647,3.672308917,5.929113459,5.575072879,5.575072879
2018/4/27,1.188253092,3.555255732,4.255793012,5.117299988,5.117299988
2018/4/28,0.469944297,2.419056277,4.34391521,3.813256597,3.813256597
2018/4/29,0.235272934,1.844711063,5.671122164,3.616251801,3.616251801
2018/4/30,0.860390141,2.624579933,6.479068292,4.101812441,4.101812441
2018/5/1,2.557566954,3.83145888,5.320260994,4.21042039,4.21042039
2018/5/2,2.996768885,3.761908886,3.26960172,4.316284421,4.316284421
2018/5/3,2.349450473,2.186885937,1.531653,2.129365326,2.129365326
2018/5/4,2.20854731,2.393652674,1.487403915,1.194940187,1.194940187
2018/5/5,2.108581642,4.337919627,1.731220913,2.688766123,2.688766123
2018/5/6,2.232329904,5.450456813,2.210804985,3.77700228,3.77700228
2018/5/7,2.871049565,3.679097474,2.146488306,2.802423682,2.802423682
2018/5/8,2.502791236,3.69487529,2.265009983,2.436303963,2.436303963
2018/5/9,2.475381272,5.254159131,2.719572594,3.045058499,3.045058499
2018/5/10,1.919901253,6.590582219,2.709261044,3.158005221,3.158005221
2018/5/11,1.512199575,5.411117092,3.297092037,3.261523994,3.261523994
2018/5/12,1.69363524,4.19814239,3.416435386,3.294195347,3.294195347
2018/5/13,1.334453013,3.044492502,2.966019201,2.950321777,2.950321777
2018/5/14,1.613999814,2.855210505,2.444470581,2.74613201,2.74613201
2018/5/15,2.111416792,2.649217252,3.105929745,2.168842653,2.168842653
2018/5/16,3.517592026,3.37956581,2.103242135,2.708020267,2.708020267
2018/5/17,4.21434153,3.774197805,1.488625146,2.814199103,2.814199103
2018/5/18,4.085874601,4.231379196,1.123310224,2.409094775,2.409094775
2018/5/19,4.231959145,3.868237424,2.033680467,2.89113209,2.89113209
2018/5/20,4.393198775,3.65007826,4.415459682,3.391252193,3.391252193
2018/5/21,4.581440781,3.455989007,5.672100922,3.015311936,3.015311936
2018/5/22,5.263650172,4.060315152,3.845523855,3.807708396,3.807708396
2018/5/23,5.861358537,3.712257408,3.145578858,3.965446524,3.965446524
2018/5/24,6.438718626,2.757011832,2.437719759,2.697346953,2.697346953
2018/5/25,5.348547429,2.001217438,2.410466029,1.771807393,1.771807393
2018/5/26,6.02849513,2.627810699,1.587821136,1.960710401,1.960710401
2018/5/27,5.115502614,2.918639819,1.559758381,2.930902112,2.930902112
2018/5/28,4.191769092,2.615839195,2.431188738,3.116035121,3.116035121
2018/5/29,3.829402977,2.50632096,3.412845831,3.285935397,3.285935397
2018/5/30,4.175797972,2.443433152,2.888601823,3.087639349,3.087639349
2018/5/31,3.479123329,1.90648968,3.349938719,3.238246249,3.238246249
2018/6/1,2.964048366,1.70625554,2.959170024,3.762240056,3.762240056
2018/6/2,3.324035491,2.592819831,4.756566625,5.76848228,5.76848228
2018/6/3,5.065511496,3.18685468,3.811178665,5.800669842,5.800669842
2018/6/4,3.721422114,2.267223169,1.535171128,3.476279841,3.476279841
2018/6/5,4.192237203,3.519119039,1.251326548,4.041269768,4.041269768
2018/6/6,4.660449757,3.675728593,0.955343065,3.420263465,3.420263465
2018/6/7,4.667960902,2.783319406,0.838700079,3.415734618,3.415734618
2018/6/8,4.606564378,2.282841263,0.560029361,2.983127683,2.983127683
2018/6/9,4.279150113,2.018719263,0.349104975,2.924517849,2.924517849
2018/6/10,2.714602271,1.363877712,0.196329045,1.904391788,1.904391788
2018/6/11,2.960547072,1.332486333,0.170730284,2.139237066,2.139237066
2018/6/12,2.650675074,1.090604743,0.160483464,1.504281622,1.504281622
2018/6/13,2.330975274,1.095256909,0.165751707,1.064000926,1.064000926
2018/6/14,1.990182392,1.228982695,0.147977803,0.843665499,0.843665499
2018/6/15,1.577669199,0.865452365,0.106948054,0.558859484,0.558859484
2018/6/16,1.122121504,0.468279628,0.082858605,0.350899391,0.350899391
2018/6/17,0.920848449,0.327467364,0.087427323,0.321760356,0.321760356
2018/6/18,0.652582426,0.271140847,0.093592683,0.251000971,0.251000971
2018/6/19,0.404897797,0.278599084,0.085068734,0.290553653,0.290553653
2018/6/20,0.292465921,0.236063306,0.077283851,0.236123867,0.236123867
2018/6/21,0.222588486,0.221173173,0.063517741,0.200135098,0.200135098
2018/6/22,0.211492442,0.192718712,0.057187893,0.191924034,0.191924034
2018/6/23,0.15503339,0.135350073,0.043994585,0.165116729,0.165116729
2018/6/24,0.128326262,0.12132945,0.041108406,0.139675043,0.139675043
2018/6/25,0.097097822,0.10369765,0.040797005,0.115829515,0.115829515
2018/6/26,0.066449102,0.092336799,0.045499959,0.15237993,0.15237993
2018/6/27,0.065395448,0.087208017,0.046196284,0.177837361,0.177837361
2018/6/28,0.060314339,0.077906611,0.036428763,0.123685335,0.123685335
2018/6/29,0.038630289,0.070883919,0.033623304,0.073870466,0.073870466
2018/6/30,0.051116891,0.064856183,0.035104955,0.036495851,0.036495851
2018/7/1,0.074669784,0.065850189,0.034307395,0.01595415,0.01595415
2018/7/2,0.07691682,0.069487594,0.060773445,0.009589877,0.009589877
2018/7/3,0.047094728,0.06718385,0.11718664,0.00569879,0.00569879
2018/7/4,0.012868894,0.063514718,0.109815002,0.003737981,0.003737981
2018/7/5,0.005545244,0.068870332,0.06431191,0.004002884,0.004002884
2018/7/6,0.00721802,0.06277004,0.037667001,0.004766459,0.004766459
2018/7/7,0.004847888,0.06368233,0.026719754,0.00755224,0.00755224
2018/7/8,0.004191914,0.061302605,0.022084034,0.006374622,0.006374622
2018/7/9,0.01129414,0.03816194,0.016373428,0.002318945,0.002318945
2018/7/10,0.006960309,0.032434463,0.012037797,9.78E-04,0.0009777
2018/7/11,0.005990381,0.026076419,0.010016571,6.12E-04,0.000611724
2018/7/12,0.00398569,0.027523031,0.010812275,9.90E-04,0.000990273
2018/7/13,0.001778885,0.026623776,0.01193948,0.002247074,0.002247074
2018/7/14,0.000579877,0.018883009,0.010071787,0.001486582,0.001486582
2018/7/15,0.000197773,0.017242571,0.008255746,5.55E-04,0.000555381
2018/7/16,0.000104164,0.023999102,0.009280159,5.82E-04,0.000582357
2018/7/17,0.003193318,0.0217271,0.007848096,3.67E-04,0.000366789
2018/7/18,0.023862237,0.021432703,0.005995224,4.35E-04,0.000434905
2018/7/19,0.087547469,0.023740338,0.007875443,6.83E-04,0.000683009
2018/7/20,0.110307662,0.028254608,0.006005041,5.26E-04,0.000525601
2018/7/21,0.055720989,0.028246515,0.049399874,2.28E-04,0.000228268
2018/7/22,0.018007789,0.026407124,0.057122336,8.23E-05,8.23E-05
2018/7/23,0.005373488,0.024376142,0.019520699,2.29E-05,2.29E-05
2018/7/24,0.006892515,0.02078354,0.008540609,9.07E-06,9.07E-06
2018/7/25,0.004087808,0.022751802,0.004387594,0.00343409,0.00343409
2018/7/26,0.007966997,0.040263693,0.005474865,0.005400348,0.005400348
2018/7/27,0.006972095,0.039179564,0.004434494,0.00313451,0.00313451
2018/7/28,0.004747505,0.033632106,0.003604639,0.001241316,0.001241316
2018/7/29,0.002218582,0.035227212,0.00281956,4.23E-04,0.000422879
2018/7/30,0.00354332,0.023582037,0.002872177,1.45E-04,0.000144563
2018/7/31,0.006385494,0.021804994,0.002648103,6.79E-05,6.79E-05
2018/8/1,0.005871269,0.02328811,0.002923484,4.03E-05,4.03E-05
2018/8/2,0.004458518,0.0205808,0.00286627,0.001701646,0.001701646
2018/8/3,0.024290602,0.016812142,0.002944655,8.82E-04,0.000882157
2018/8/4,0.037826434,0.027598054,0.003302035,7.36E-04,0.000735834
2018/8/5,0.021404185,0.031064878,0.002687059,2.85E-04,0.000285225
2018/8/6,0.006603093,0.032795467,0.00327649,1.35E-04,0.000135214
2018/8/7,0.004952586,0.020709596,0.0031221,4.82E-05,4.82E-05
2018/8/8,0.00930936,0.020091897,0.002962363,1.02E-04,0.000101857
2018/8/9,0.01933031,0.022697909,0.002644247,1.55E-04,0.000154614
2018/8/10,0.045544868,0.023607965,0.002087233,2.04E-04,0.000204018
2018/8/11,0.058610387,0.019243836,0.002271015,1.22E-04,0.000122076
2018/8/12,0.046050015,0.01854367,0.002076441,5.84E-05,5.84E-05
2018/8/13,0.022316268,0.022916866,0.003362769,3.17E-04,0.000316729
2018/8/14,0.02596582,0.01704281,0.003023336,0.003813467,0.003813467
2018/8/15,0.084709839,0.018628779,0.001882311,0.003800793,0.003800793
2018/8/16,0.088624249,0.012109786,0.001483145,0.002384466,0.002384466
2018/8/17,0.020144909,0.009390191,0.000837543,0.002128604,0.002128604
2018/8/18,0.011383321,0.006674912,0.00043064,0.00162751,0.00162751
2018/8/19,0.006715088,0.003755837,0.000666862,7.54E-04,0.000753782
2018/8/20,0.023176936,0.006069286,0.001382986,3.47E-04,0.000346658
2018/8/21,0.133500603,0.011785384,0.001593696,1.31E-04,0.000130825
2018/8/22,0.114149456,0.018177757,0.002830293,3.23E-05,3.23E-05
2018/8/23,0.115276545,0.040830853,0.002288537,1.31E-05,1.31E-05
2018/8/24,0.112925605,0.04029,0.008588666,4.31E-05,4.31E-05
2018/8/25,0.067542118,0.026521389,0.008373252,6.21E-04,0.000621237
2018/8/26,0.044352942,0.014057558,0.004135062,0.00238577,0.00238577
2018/8/27,0.032902753,0.014874729,0.010756974,0.001722094,0.001722094
2018/8/28,0.049052449,0.014448724,0.01217628,0.00168509,0.00168509
2018/8/29,0.047120498,0.013606975,0.004888632,0.001710926,0.001710926
2018/8/30,0.037964028,0.018509454,0.002569469,0.009070751,0.009070751
2018/8/31,0.032825134,0.059934359,0.00392334,0.028964069,0.028964069
2018/9/1,0.104538928,0.09133335,0.007936043,0.038247552,0.038247552
2018/9/2,0.077500228,0.081585505,0.009240004,0.046175755,0.046175755
2018/9/3,0.152178116,0.094545627,0.033402925,0.068911648,0.068911648
2018/9/4,0.245176044,0.170613093,0.079212444,0.096705306,0.096705306
2018/9/5,0.18972141,0.125834085,0.078376845,0.118732386,0.118732386
2018/9/6,0.231906999,0.145585911,0.051895733,0.101217503,0.101217503
2018/9/7,0.167629175,0.109044656,0.023829606,0.066996143,0.066996143
2018/9/8,0.193497152,0.078099432,0.014306987,0.045139081,0.045139081
2018/9/9,0.212161363,0.074523865,0.010740347,0.046115773,0.046115773
2018/9/10,0.336724965,0.095605409,0.027795551,0.067620692,0.067620692
2018/9/11,0.465170406,0.102610992,0.031397854,0.051776987,0.051776987
2018/9/12,0.524395924,0.138795106,0.125176684,0.107182148,0.107182148
2018/9/13,0.664499875,0.155601254,0.222405437,0.176737314,0.176737314
2018/9/14,0.564705815,0.214940486,0.581961163,0.353423719,0.353423719
2018/9/15,0.680133525,0.312232195,1.014618364,0.618215151,0.618215151
2018/9/16,0.628874267,0.404509369,0.368315038,0.483200735,0.483200735
2018/9/17,0.645654358,0.393484018,0.273695728,0.376704831,0.376704831
2018/9/18,0.707277558,0.205575597,0.249650926,0.271655878,0.271655878
2018/9/19,0.657413092,0.127004461,0.224559742,0.196812136,0.196812136
2018/9/20,0.426001632,0.125438547,0.202348805,0.225822511,0.225822511
2018/9/21,0.388903558,0.201667991,0.310154113,0.26264226,0.26264226
2018/9/22,0.41451495,0.286251485,0.33153448,0.270970766,0.270970766
2018/9/23,0.407041087,0.358765441,0.376181756,0.271181037,0.271181037
2018/9/24,0.361108234,0.339008476,0.423854732,0.292765826,0.292765826
2018/9/25,0.348843936,0.338175034,0.362655968,0.258640419,0.258640419
2018/9/26,0.311982345,0.240330521,0.306232534,0.221435362,0.221435362
2018/9/27,0.276684033,0.161125865,0.120161158,0.138125647,0.138125647
2018/9/28,0.301014872,0.151934989,0.082304109,0.21619448,0.21619448
2018/9/29,0.319931586,0.119571653,0.080346874,0.164412225,0.164412225
2018/9/30,0.445025731,0.15847161,0.084909396,0.142493425,0.142493425
2018/10/1,0.306552327,0.12869777,0.057461321,0.125894675,0.125894675
2018/10/2,0.247152019,0.141913542,0.043133226,0.131201589,0.131201589
2018/10/3,0.21161795,0.10319532,0.063594286,0.113449701,0.113449701
2018/10/4,0.130965732,0.121464199,0.084983586,0.23085274,0.23085274
2018/10/5,0.197729026,0.160980471,0.124292078,0.28341504,0.28341504
2018/10/6,0.339665748,0.13369567,0.190795756,0.25715643,0.25715643
2018/10/7,0.253958918,0.112446307,0.153269764,0.203189758,0.203189758
2018/10/8,0.261379377,0.116272164,0.152333346,0.197547026,0.197547026
2018/10/9,0.223936543,0.191910089,0.36574436,0.431338053,0.431338053
2018/10/10,0.287095462,0.306404981,0.384025519,0.570256041,0.570256041
2018/10/11,0.317989015,0.325520856,0.402678573,0.600205205,0.600205205
2018/10/12,0.362489498,0.416023421,0.213896381,0.416039027,0.416039027
2018/10/13,0.257639473,0.337991475,0.179108822,0.37587757,0.37587757
2018/10/14,0.205793595,0.392225644,0.188397767,0.439764063,0.439764063
2018/10/15,0.124438931,0.296422139,0.258769441,0.687231535,0.687231535
2018/10/16,0.141824088,0.486132082,0.28614828,0.490089648,0.490089648
2018/10/17,0.147176207,0.366260715,0.374408465,0.501868273,0.501868273
2018/10/18,0.09119678,0.241684485,0.175129294,0.339962573,0.339962573
2018/10/19,0.055754835,0.10278838,0.26064917,0.250159999,0.250159999
2018/10/20,0.037873901,0.199168796,0.308654516,0.231821556,0.231821556
2018/10/21,0.028622256,0.125301479,0.136442695,0.147183875,0.147183875
2018/10/22,0.02682888,0.123511045,0.169789514,0.135659341,0.135659341
2018/10/23,0.021066333,0.204559675,0.582087409,0.540113026,0.540113026
2018/10/24,0.032890311,0.217694038,1.46757687,0.617624128,0.617624128
2018/10/25,0.012473212,0.14987861,2.109891983,1.247772458,1.247772458
2018/10/26,0.018137698,0.723036774,2.099127566,2.899743179,2.899743179
2018/10/27,0.148287195,0.520395632,0.958747295,1.102872084,1.102872084
2018/10/28,0.05890717,0.13959758,0.889472359,0.559762618,0.559762618
2018/10/29,0.053764248,0.088499469,0.48322854,0.31883921,0.31883921
2018/10/30,0.049368886,0.043561911,0.150490516,0.091500615,0.091500615
2018/10/31,0.035814021,0.033595318,0.150780679,0.088298232,0.088298232
2018/11/1,0.029621119,0.025483757,0.061647139,0.051797852,0.051797852
2018/11/2,0.001067072,0.002128038,0.035958841,0.009998528,0.009998528
2018/11/3,0.000190958,0.00034797,0.037796612,0.001466943,0.001466943
2018/11/4,0.000845412,0.001179595,0.012811574,0.002642981,0.002642981
2018/11/5,0.001715174,0.001063018,0.00169281,0.001592297,0.001592297
2018/11/6,0.011734323,0.030604794,0.017780724,0.02820084,0.02820084
2018/11/7,0.004135311,0.011805644,0.083898961,0.027562059,0.027562059
2018/11/8,0.001317442,0.002559613,0.009499709,0.008273612,0.008273612
2018/11/9,0.001402144,0.003151504,0.01393657,0.012140505,0.012140505
2018/11/10,0.00277223,0.00469044,0.017704844,0.012320732,0.012320732
2018/11/11,0.003083165,0.003765124,0.017823661,0.012320717,0.012320717
2018/11/12,0.001470017,0.002767845,0.014794914,0.014460214,0.014460214
2018/11/13,9.53E-05,0.000398057,0.003267002,0.001857515,0.001857515
2018/11/14,7.55E-05,0.000144064,0.004919117,0.001180093,0.001180093
2018/11/15,2.89E-05,9.14E-06,0.000611856,1.73E-05,1.73E-05
2018/11/16,0.000113587,8.81E-05,0.000226938,3.52E-04,0.000352476
2018/11/17,0.00210976,0.000633272,0.000149401,1.84E-04,0.000184296
2018/11/18,0.002525383,0.00606911,0.001297883,0.005494068,0.005494068
2018/11/19,0.001592925,0.006831054,0.013395114,0.034626697,0.034626697
2018/11/20,0,1.30E-05,0.001765421,5.08E-04,0.000507652
2018/11/21,0,2.80E-07,0.001936906,5.00E-04,0.00049985
2018/11/22,6.26E-05,0.000214399,0.002004151,2.65E-04,0.000265348
2018/11/23,0.000108988,0.0001978,0.000572667,7.86E-04,0.000785768
2018/11/24,0.000551132,0.000759235,0.003158518,0.007987126,0.007987126
2018/11/25,8.78E-05,0.000159776,0.004022578,0.001224032,0.001224032
2018/11/26,2.90E-10,1.36E-10,0.003570707,0.00198001,0.00198001
2018/11/27,0,0,0.003341467,1.14E-04,0.000114342
2018/11/28,0,0,0.003013514,5.01E-06,5.01E-06
2018/11/29,2.89E-05,2.15E-05,0.000508492,6.38E-04,0.000638428
2018/11/30,7.35E-05,5.19E-05,0.001138977,0.003506447,0.003506447
2018/12/1,0.026803415,0.095445914,0.004820277,0.004390447,0.004390447
2018/12/2,0.000280322,0.000381136,0,0,0
2018/12/3,0.000109741,3.26E-05,0,0,0
2018/12/4,0,0,0,0,0
2018/12/5,2.91E-06,1.04E-05,0,0,0
2018/12/6,0.000177907,0.003398585,0,0,0
2018/12/7,0,0,3.19E-06,0,0
2018/12/8,0,0,6.94E-06,0,0
2018/12/9,0,0,2.58E-05,0,0
2018/12/10,0,0,4.21E-06,0,0
2018/12/11,0,0,9.00E-10,0,0
2018/12/12,0,0,0,0,0
2018/12/13,0,0,0,0,0
2018/12/14,0,3.79E-07,0.000666836,6.95E-07,6.95E-07
2018/12/15,0,0,0,5.15E-07,5.15E-07
2018/12/16,2.51E-08,0.000475597,1.52E-06,1.23E-05,1.23E-05
2018/12/17,4.52E-07,7.08E-05,0.000108645,3.29E-06,3.29E-06
2018/12/18,2.94E-06,1.79E-06,1.63E-05,1.21E-05,1.21E-05
2018/12/19,0,0,1.68E-05,8.77E-06,8.77E-06
2018/12/20,0,0,0,0,0
2018/12/21,0,0,0,0,0
2018/12/22,0,0,0,0,0
2018/12/23,0,0,0,0,0
2018/12/24,0,0,2.30E-06,0,0
2018/12/25,0,0,0,0,0
2018/12/26,0,0,0,0,0
2018/12/27,0,0,0,0,0
2018/12/28,0,0,8.36E-07,0,0
2018/12/29,0,0,0,0,0
2018/12/30,0,0,0,0,0
2018/12/31,1.15E-05,1.57E-05,0,0,0
2019/1/1,0,0,0,0,0
2019/1/2,0,0,0.04027385,0.020089299,0.020089299
2019/1/3,0,0,0.000616179,4.62E-06,4.62E-06
2019/1/4,0,0,0,0,0
2019/1/5,0,0,0,0,0
2019/1/6,0,0,0,0,0
2019/1/7,0,0,0,0,0
2019/1/8,0,0,0,0,0
2019/1/9,1.46E-06,5.28E-06,3.60E-05,4.87E-05,4.87E-05
2019/1/10,2.28E-06,4.15E-06,2.17E-05,4.94E-05,4.94E-05
2019/1/11,0,1.31E-05,0.000527793,1.12E-05,1.12E-05
2019/1/12,0,0,0.004704582,2.30E-04,0.000230219
2019/1/13,0,5.22E-07,5.16E-06,1.45E-08,1.45E-08
2019/1/14,3.34E-06,0,1.39E-06,0,0
2019/1/15,0.008412727,0.004605065,0,0,0
2019/1/16,0.000416903,0.000143589,2.10E-05,8.72E-06,8.72E-06
2019/1/17,0,0,1.51E-05,0,0
2019/1/18,0,0,0,9.07E-08,9.07E-08
2019/1/19,0,0,8.08E-05,1.04E-05,1.04E-05
2019/1/20,1.38E-06,1.17E-05,9.08E-05,4.92E-05,4.92E-05
2019/1/21,4.80E-05,7.05E-05,0.000548061,4.11E-04,0.000410553
2019/1/22,0.000361128,0.000289953,0.001910118,0.001168516,0.001168516
2019/1/23,1.84E-05,1.91E-05,6.94E-06,7.70E-06,7.70E-06
2019/1/24,7.56E-05,6.80E-05,4.48E-05,4.55E-05,4.55E-05
2019/1/25,0.000190664,0.000103665,0.000158978,1.46E-04,0.000145992
2019/1/26,4.83E-05,0.000103992,0.032836387,0.013833942,0.013833942
2019/1/27,0.021719606,0.041121295,0.038830356,0.013699291,0.013699291
2019/1/28,0.003238416,0.004172054,0.000817791,3.58E-04,0.000358154
2019/1/29,1.45E-06,7.68E-06,0,0,0
2019/1/30,0,0,0,0,0
2019/1/31,0,0,0.000197329,6.08E-05,6.08E-05
2019/2/1,2.25E-05,7.17E-05,0.000914609,3.62E-04,0.000362375
2019/2/2,0,0,0,0,0
2019/2/3,0,0,0,0,0
2019/2/4,0,0,0,4.85E-08,4.85E-08
2019/2/5,0,0,0,0,0
2019/2/6,0,0,0,0,0
2019/2/7,0.023541103,0.040421001,0,0,0
2019/2/8,0.022728296,0.149944925,0,0,0
2019/2/9,0.000507422,0.00054391,0,2.78E-06,2.78E-06
2019/2/10,0.012255109,0.017235017,0,0,0
2019/2/11,0,1.27E-05,0,0,0
2019/2/12,0,0,0,0,0
2019/2/13,0,0,0,0,0
2019/2/14,0,6.94E-06,6.84E-05,2.94E-06,2.94E-06
2019/2/15,1.70E-06,0,0.000510285,8.46E-06,8.46E-06
2019/2/16,3.77E-06,5.72E-05,0.001008011,7.90E-05,7.90E-05
2019/2/17,8.67E-05,0.000347568,0.002700659,6.64E-04,0.000663555
2019/2/18,0.001377796,0.000924671,0.005866191,0.003814606,0.003814606
2019/2/19,0.002613648,0.001617696,0.008724381,0.006101282,0.006101282
2019/2/20,0.003291758,0.002376263,0.01512675,0.008955451,0.008955451
2019/2/21,0.004918335,0.003948377,0.02588316,0.01411203,0.01411203
2019/2/22,0.005538353,0.004527397,0.022207962,0.01808679,0.01808679
2019/2/23,0.00043595,0.000504218,0.00938497,0.004601353,0.004601353
2019/2/24,0.001276714,0.001342679,0.021674661,0.007222795,0.007222795
2019/2/25,0.003565769,0.003405103,0.030267105,0.015889976,0.015889976
2019/2/26,0.015387176,0.006576367,0.037730967,0.018512236,0.018512236
2019/2/27,0.009241731,0.007376321,0.048875611,0.021961916,0.021961916
2019/2/28,0.005851407,0.006497984,0.046488699,0.027070483,0.027070483
2019/3/1,0.011813942,0.011447283,0.057419813,0.039738232,0.039738232
2019/3/2,0.015527894,0.012156536,0.05546503,0.047243195,0.047243195
2019/3/3,0.014864299,0.01417402,0.067246008,0.048372768,0.048372768
2019/3/4,0.011729629,0.017625101,0.069858061,0.046806757,0.046806757
2019/3/5,0.023521196,0.027132394,0.084822828,0.055282384,0.055282384
2019/3/6,0.023272532,0.032529933,0.107698055,0.065584686,0.065584686
2019/3/7,0.01752714,0.013430019,0.023003676,0.026168845,0.026168845
2019/3/8,0.00069894,0.001972193,0.01352427,0.006438578,0.006438578
2019/3/9,0.00375226,0.006486234,0.02978,0.017662728,0.017662728
2019/3/10,0.001555589,0.003859017,0.012593572,0.008019399,0.008019399
2019/3/11,0.002917745,0.008189082,0.02207183,0.017076738,0.017076738
2019/3/12,0.004527701,0.010178137,0.053638866,0.023937988,0.023937988
2019/3/13,0.00542868,0.01349819,0.164605829,0.042518776,0.042518776
2019/3/14,0.019195709,0.036521676,0.167902117,0.087177627,0.087177627
2019/3/15,0.031080056,0.062820983,0.497385216,0.175864362,0.175864362
2019/3/16,0.041947802,0.082830874,0.586787213,0.224483551,0.224483551
2019/3/17,0.056282515,0.237955417,0.38262785,0.603885797,0.603885797
2019/3/18,0.131832887,1.003849295,0.517028717,1.43864264,1.43864264
2019/3/19,0.201110875,1.634208035,0.843390312,2.384106803,2.384106803
2019/3/20,0.066967178,0.836072165,0.666449061,1.651197471,1.651197471
2019/3/21,0.023373549,0.81691591,0.68477674,1.282028145,1.282028145
2019/3/22,0.01737083,0.830265613,0.785869302,1.6292729,1.6292729
2019/3/23,0.014700235,0.635422761,0.382469341,0.458167676,0.458167676
2019/3/24,0.051735171,0.724436526,0.441760814,0.587235878,0.587235878
2019/3/25,0.164392126,1.01211131,0.61292077,0.840386337,0.840386337
2019/3/26,0.096115132,0.939349918,0.483370326,0.710723905,0.710723905
2019/3/27,0.051525975,0.608867139,0.204395029,0.33255832,0.33255832
2019/3/28,0.033368893,0.37960697,0.332137615,0.423327935,0.423327935
2019/3/29,0.027105892,0.497992602,0.433261539,0.639423131,0.639423131
2019/3/30,0.037525075,0.345809565,0.697178372,0.622891428,0.622891428
2019/3/31,0.108820932,0.720523975,1.020513032,0.733201978,0.733201978
2019/4/1,0.144326005,0.999864768,1.642250399,0.933663617,0.933663617
2019/4/2,0.132350489,0.695602295,0.647955098,0.696317736,0.696317736
2019/4/3,0.099443417,0.266198682,0.207764972,0.503286583,0.503286583
2019/4/4,0.05363037,0.127053614,0.218478581,0.559962709,0.559962709
2019/4/5,0.047784453,0.12220223,0.427882071,0.575443568,0.575443568
2019/4/6,0.028086501,0.082162739,0.219479809,0.277789887,0.277789887
2019/4/7,0.023608444,0.114041195,0.52186293,0.379043729,0.379043729
2019/4/8,0.04444687,0.678725837,1.475288768,1.03302823,1.03302823
2019/4/9,0.061356227,1.105972478,1.390728335,0.964978925,0.964978925
2019/4/10,0.086279302,1.260765194,1.02401343,1.018472876,1.018472876
2019/4/11,0.12973406,1.417597497,0.945206704,1.009317332,1.009317332
2019/4/12,0.118364709,1.55395249,1.665231295,0.94576074,0.94576074
2019/4/13,0.093383718,1.54340835,0.907227609,0.889071008,0.889071008
2019/4/14,0.117992527,0.963953752,0.662308762,0.862773734,0.862773734
2019/4/15,0.111920864,0.583208048,0.135211609,0.591569478,0.591569478
2019/4/16,0.059458141,0.39421155,0.121862914,0.350038212,0.350038212
2019/4/17,0.027538089,0.699491373,0.208802863,0.624651066,0.624651066
2019/4/18,0.085132813,0.802241157,0.664082935,0.77221192,0.77221192
2019/4/19,0.02263531,0.499074456,0.176336834,0.49503731,0.49503731
2019/4/20,0.045789604,0.247962491,0.175532349,0.328889132,0.328889132
2019/4/21,0.156161729,0.523332468,0.630421855,0.552177153,0.552177153
2019/4/22,0.211655946,1.328024207,1.942924095,1.396975308,1.396975308
2019/4/23,0.205402969,0.971477894,2.381093943,1.119979753,1.119979753
2019/4/24,0.408730469,0.318238564,1.140405742,0.499181337,0.499181337
2019/4/25,0.911766572,0.436183226,2.076839658,0.728711932,0.728711932
2019/4/26,1.039734379,0.913801819,2.789251455,1.402136259,1.402136259
2019/4/27,1.077112893,1.271406353,1.850982633,1.594720884,1.594720884
2019/4/28,1.125715606,0.989955497,0.384163518,0.488657403,0.488657403
2019/4/29,0.532744173,1.110099877,0.519412596,0.392730054,0.392730054
2019/4/30,0.49683128,2.088753833,4.692634861,1.749113794,1.749113794
2019/5/1,1.218676152,4.126722044,3.897886446,3.727939776,3.727939776
2019/5/2,1.664080336,2.287302793,1.694350404,1.274293522,1.274293522
2019/5/3,0.84614623,0.92106142,4.636386578,2.854688241,2.854688241
2019/5/4,1.418771545,2.056741315,8.889690193,6.104643413,6.104643413
2019/5/5,2.188095193,2.773176641,9.646738122,6.094055407,6.094055407
2019/5/6,2.124873412,3.16575161,8.868703864,6.177283455,6.177283455
2019/5/7,2.121419266,3.398000261,8.724513473,4.919329323,4.919329323
2019/5/8,2.905741786,4.875186936,3.124469165,3.932332914,3.932332914
2019/5/9,4.310892884,5.660798417,2.110906836,3.903970607,3.903970607
2019/5/10,4.840084639,4.989579522,3.064125959,3.988862592,3.988862592
2019/5/11,4.628789163,4.012431473,2.796650733,3.055382011,3.055382011
2019/5/12,4.318397268,3.336351507,1.514644869,1.493395914,1.493395914
2019/5/13,3.210582662,2.968988319,1.158541684,1.832004876,1.832004876
2019/5/14,3.765643361,3.414714241,1.259867041,1.673792508,1.673792508
2019/5/15,3.913002232,3.620625181,1.382337747,1.702509247,1.702509247
2019/5/16,3.43228489,3.866097685,1.348126915,2.085786612,2.085786612
2019/5/17,2.893484832,3.731876847,2.322528698,3.037010801,3.037010801
2019/5/18,2.426161072,3.801448446,3.56124187,3.993585256,3.993585256
2019/5/19,2.788863366,4.4915963,5.103131675,5.324009078,5.324009078
2019/5/20,3.639192182,4.830716291,5.142721256,5.949564104,5.949564104
2019/5/21,5.113383593,4.864014188,4.392712777,6.243172888,6.243172888
2019/5/22,5.741572321,3.909477971,2.91120616,4.088353205,4.088353205
2019/5/23,5.13625744,2.637920976,1.903495337,2.382138771,2.382138771
2019/5/24,3.845536316,2.178926166,2.798691731,3.089689971,3.089689971
2019/5/25,3.7235637,2.414863745,4.08714007,4.004714588,4.004714588
2019/5/26,5.558003259,2.995263978,3.554768011,4.020157055,4.020157055
2019/5/27,4.608651393,2.044277336,1.874847587,2.652547299,2.652547299
2019/5/28,3.551932104,2.112801383,2.248949941,2.818333814,2.818333814
2019/5/29,3.63415108,2.120088775,2.534451496,3.323407126,3.323407126
2019/5/30,3.877900147,1.860541193,2.019974896,2.304468008,2.304468008
2019/5/31,3.746393661,1.413065281,1.098145602,1.162475557,1.162475557
2019/6/1,3.409882046,1.317031335,1.027058219,1.356419191,1.356419191
2019/6/2,3.66700019,1.252079788,0.745792885,1.214418818,1.214418818
2019/6/3,3.616495797,1.417013827,0.671267095,1.509515715,1.509515715
2019/6/4,2.994562829,1.296321858,0.523951708,1.304422289,1.304422289
2019/6/5,2.956531311,1.471137934,0.434626494,1.385923204,1.385923204
2019/6/6,2.971193148,1.565156842,0.415731091,1.356980159,1.356980159
2019/6/7,2.810245483,1.567871117,0.367327635,1.358413989,1.358413989
2019/6/8,2.604719756,1.382207666,0.345734448,1.147461318,1.147461318
2019/6/9,1.777290844,1.01662846,0.306145392,0.822410949,0.822410949
2019/6/10,1.294915584,0.690324577,0.292029733,0.565034871,0.565034871
2019/6/11,0.901647917,0.443729964,0.277819725,0.415692906,0.415692906
2019/6/12,0.849380345,0.437182157,0.247165303,0.378906978,0.378906978
2019/6/13,1.337134956,0.628458244,0.21827814,0.521812721,0.521812721
2019/6/14,0.774834248,0.30825348,0.192573512,0.256042918,0.256042918
2019/6/15,0.555596007,0.341603111,0.147217859,0.234628955,0.234628955
2019/6/16,0.865987626,0.315957036,0.142213231,0.177365763,0.177365763
2019/6/17,0.741581132,0.236941184,0.123086396,0.12469049,0.12469049
2019/6/18,0.809410279,0.305795617,0.099709419,0.160796394,0.160796394
2019/6/19,1.042456134,0.288058764,0.088302388,0.154712153,0.154712153
2019/6/20,0.449833438,0.183522391,0.105116873,0.103635045,0.103635045
2019/6/21,0.678089168,0.143383906,0.211740142,0.082343441,0.082343441
2019/6/22,0.579378087,0.077583921,0.211741222,0.030952193,0.030952193
2019/6/23,0.383643375,0.054194099,0.161440182,0.01191099,0.01191099
2019/6/24,0.462709035,0.044884471,0.10136899,0.006245239,0.006245239
2019/6/25,0.293799976,0.055475216,0.076533039,0.01501189,0.01501189
2019/6/26,0.25173835,0.076983183,0.07020102,0.046672194,0.046672194
2019/6/27,0.327875994,0.067650327,0.042311432,0.032755719,0.032755719
2019/6/28,0.285032277,0.040141548,0.034263973,0.011347025,0.011347025
2019/6/29,0.182175149,0.032363071,0.037500546,0.004161494,0.004161494
2019/6/30,0.164100946,0.027651749,0.036028381,0.001729286,0.001729286
2019/7/1,0.152388743,0.03925799,0.022172595,0.001339465,0.001339465
2019/7/2,0.12836496,0.043182019,0.015415654,7.84E-04,0.000784251
2019/7/3,0.095244789,0.042239456,0.009596177,0.001264365,0.001264365
2019/7/4,0.062966951,0.041118944,0.007290238,4.04E-04,0.000404468
2019/7/5,0.041474653,0.036482776,0.007198672,8.77E-05,8.77E-05
2019/7/6,0.024889488,0.024831593,0.005959379,2.20E-05,2.20E-05
2019/7/7,0.013263113,0.018863719,0.003811684,5.87E-06,5.87E-06
2019/7/8,0.00974787,0.022667557,0.003351319,6.47E-06,6.47E-06
2019/7/9,0.003980745,0.017133983,0.00346963,3.83E-04,0.000382644
2019/7/10,0.002651947,0.014069612,0.002904444,4.35E-04,0.000435079
2019/7/11,0.004419915,0.019610964,0.002574726,0.001111973,0.001111973
2019/7/12,0.003459865,0.023898818,0.003759252,0.001297883,0.001297883
2019/7/13,0.002169332,0.022616752,0.003088904,5.63E-04,0.000563217
2019/7/14,0.001013826,0.01419368,0.002723456,2.19E-04,0.000218729
2019/7/15,0.000540259,0.011301262,0.00270519,6.54E-05,6.54E-05
2019/7/16,0.000298835,0.010927637,0.00263661,1.57E-05,1.57E-05
2019/7/17,0.000256114,0.014630198,0.002257437,1.07E-05,1.07E-05
2019/7/18,0.009709542,0.020285115,0.004247156,1.95E-05,1.95E-05
2019/7/19,0.042801256,0.01916309,0.007762447,5.24E-06,5.24E-06
2019/7/20,0.085088606,0.026255384,0.02244843,1.46E-06,1.46E-06
2019/7/21,0.136019373,0.031626392,0.012341208,1.03E-06,1.03E-06
2019/7/22,0.055349548,0.029783909,0.004410802,1.27E-06,1.27E-06
2019/7/23,0.085038917,0.030080122,0.003548442,1.60E-06,1.60E-06
2019/7/24,0.092291282,0.017835292,0.002550445,1.94E-06,1.94E-06
2019/7/25,0.041540875,0.018626697,0.002024232,1.57E-04,0.000156648
2019/7/26,0.026978201,0.023107901,0.002833076,5.22E-04,0.000522385
2019/7/27,0.010706594,0.016909492,0.002755699,0.00179518,0.00179518
2019/7/28,0.00454552,0.016543665,0.002429527,0.001538083,0.001538083
2019/7/29,0.010634331,0.019306458,0.002244673,0.0019331,0.0019331
2019/7/30,0.028507971,0.018739875,0.002110116,0.001286665,0.001286665
2019/7/31,0.035548585,0.011318094,0.001262415,5.23E-04,0.000523221
2019/8/1,0.030354704,0.01081728,0.002233077,2.15E-04,0.000215272
2019/8/2,0.017176588,0.009173877,0.00202022,1.15E-04,0.000115209
2019/8/3,0.022434758,0.013305507,0.002314201,4.54E-05,4.54E-05
2019/8/4,0.029996794,0.015450797,0.002509359,1.51E-05,1.51E-05
2019/8/5,0.018299626,0.020452489,0.003158508,4.00E-06,4.00E-06
2019/8/6,0.010078059,0.023897514,0.003395417,1.55E-06,1.55E-06
2019/8/7,0.010035557,0.02368694,0.003302985,1.02E-06,1.02E-06
2019/8/8,0.009521671,0.01768137,0.001544258,0.00729474,0.00729474
2019/8/9,0.007204291,0.013479479,0.000627118,0.018822792,0.018822792
2019/8/10,0.005264552,0.010631829,0.000429486,0.014984551,0.014984551
2019/8/11,0.007257178,0.012767198,0.00120313,0.010219432,0.010219432
2019/8/12,0.006241466,0.009210124,0.000979129,0.005471151,0.005471151
2019/8/13,0.003247877,0.011139306,0.001080227,0.001994847,0.001994847
2019/8/14,0.001683073,0.01694149,0.002461961,7.00E-04,0.000700352
2019/8/15,0.002809494,0.024309313,0.003516146,2.20E-04,0.000219674
2019/8/16,0.006266078,0.021542188,0.001901805,7.91E-05,7.91E-05
2019/8/17,0.011565156,0.032090753,0.00295087,7.90E-04,0.00078984
2019/8/18,0.048838087,0.064741348,0.02135282,0.036390207,0.036390207
2019/8/19,0.120890518,0.123560264,0.101244905,0.179426643,0.179426643
2019/8/20,0.170529071,0.20636954,0.132900102,0.353187968,0.353187968
2019/8/21,0.196849937,0.295085539,0.144444211,0.711195625,0.711195625
2019/8/22,0.158808148,0.296149895,0.06604032,0.526621492,0.526621492
2019/8/23,0.112706621,0.151538684,0.031260194,0.364788816,0.364788816
2019/8/24,0.080985557,0.098347377,0.022823076,0.29605403,0.29605403
2019/8/25,0.085734439,0.074105785,0.009564594,0.127389712,0.127389712
2019/8/26,0.062867577,0.042054867,0.004465674,0.053942863,0.053942863
2019/8/27,0.037743145,0.026547548,0.0054896,0.038777064,0.038777064
2019/8/28,0.02156737,0.017567929,0.003032842,0.023065286,0.023065286
2019/8/29,0.024640898,0.010189108,0.001046957,0.009350067,0.009350067
2019/8/30,0.034781125,0.005988663,0.000317937,0.003781364,0.003781364
2019/8/31,0.047959694,0.004637963,0.000136784,0.001520578,0.001520578
2019/9/1,0.043231425,0.004052092,7.50E-05,5.48E-04,0.000548348
2019/9/2,0.044050538,0.006001058,0.000216928,2.22E-04,0.000221845
2019/9/3,0.041984981,0.009189807,0.002375779,1.12E-04,0.000112443
2019/9/4,0.046587484,0.00847959,0.001364014,4.94E-05,4.94E-05
2019/9/5,0.061444886,0.006101352,0.000640165,1.03E-04,0.000102974
2019/9/6,0.052716219,0.004134324,0.000230593,3.57E-04,0.000357324
2019/9/7,0.065074006,0.00513717,0.001910588,0.005929126,0.005929126
2019/9/8,0.119301104,0.015755463,0.00865148,0.035193285,0.035193285
2019/9/9,0.128283183,0.012637873,0.007487092,0.014604903,0.014604903
2019/9/10,0.106523611,0.012962975,0.007298099,0.017875613,0.017875613
2019/9/11,0.102616328,0.014988209,0.006251748,0.024278211,0.024278211
2019/9/12,0.124534523,0.047236136,0.020492752,0.056403758,0.056403758
2019/9/13,0.142639595,0.099618397,0.126536606,0.220245502,0.220245502
2019/9/14,0.165059863,0.091830237,0.228926011,0.201350162,0.201350162
2019/9/15,0.250470051,0.200556214,0.436214355,0.318018452,0.318018452
2019/9/16,0.38939048,0.280144938,0.468251691,0.571530868,0.571530868
2019/9/17,0.650571775,0.455632538,0.754490297,1.061034564,1.061034564
2019/9/18,0.631131965,0.419578005,0.31027919,0.526999525,0.526999525
2019/9/19,0.842918319,0.32579495,0.119323652,0.200297117,0.200297117
2019/9/20,1.136672471,0.425903614,0.058603269,0.165756504,0.165756504
2019/9/21,1.253481188,0.503270364,0.059722565,0.156714162,0.156714162
2019/9/22,0.900429312,0.316741625,0.032377892,0.1259691,0.1259691
2019/9/23,0.408313673,0.308780075,0.030167001,0.17849057,0.17849057
2019/9/24,0.271917055,0.311984596,0.059491877,0.204796759,0.204796759
2019/9/25,0.311461914,0.255828501,0.044815817,0.168721394,0.168721394
2019/9/26,0.344975423,0.279951208,0.051140814,0.159551341,0.159551341
2019/9/27,0.213690118,0.235553256,0.052764839,0.137918942,0.137918942
2019/9/28,0.161540922,0.229574418,0.079542852,0.150379758,0.150379758
2019/9/29,0.114557803,0.301653665,0.123068745,0.234650344,0.234650344
2019/9/30,0.240196564,0.454245618,0.226670726,0.314177788,0.314177788
2019/10/1,0.219938196,0.350860932,0.33140692,0.397854888,0.397854888
2019/10/2,0.181696502,0.35172872,0.422390382,0.411589704,0.411589704
2019/10/3,0.300765621,0.432135693,0.852524754,0.697682656,0.697682656
2019/10/4,0.398012471,0.422686077,0.692851629,0.545280086,0.545280086
2019/10/5,0.318589727,0.340494463,0.27201711,0.306090461,0.306090461
2019/10/6,0.274716223,0.337365216,0.221285844,0.351947079,0.351947079
2019/10/7,0.138077518,0.249374535,0.509257803,0.500638053,0.500638053
2019/10/8,0.141549532,0.280049504,0.134605576,0.242339506,0.242339506
2019/10/9,0.064487761,0.310996635,0.026693197,0.077590974,0.077590974
2019/10/10,0.05246511,0.244827036,0.039497045,0.142602157,0.142602157
2019/10/11,0.013996037,0.125423008,0.053458015,0.127401665,0.127401665
2019/10/12,0.040387455,0.246555502,0.140795572,0.356327148,0.356327148
2019/10/13,0.038012082,0.197142816,0.098694186,0.288816376,0.288816376
2019/10/14,0.092632658,0.176181653,0.192731473,0.332483271,0.332483271
2019/10/15,0.344433181,0.3545247,0.298449032,0.526387668,0.526387668
2019/10/16,0.802626087,0.387798282,0.485988838,0.462641351,0.462641351
2019/10/17,0.706116555,0.451681983,0.422839758,0.510682644,0.510682644
2019/10/18,0.48565052,0.344986263,0.197540439,0.452851921,0.452851921
2019/10/19,0.199134168,0.141567403,0.061942176,0.168855659,0.168855659
2019/10/20,0.107762025,0.11329212,0.107487482,0.099504113,0.099504113
2019/10/21,0.054296364,0.056724981,0.094140062,0.133130195,0.133130195
2019/10/22,0.004661856,0.032818895,0.24769047,0.135657446,0.135657446
2019/10/23,0.006983611,0.021886315,0.08642628,0.101964278,0.101964278
2019/10/24,0.007707242,0.052652703,0.260222395,0.250440603,0.250440603
2019/10/25,0.012212431,0.030730856,0.179431183,0.099696048,0.099696048
2019/10/26,0.03979087,0.099419159,0.751530989,0.393147045,0.393147045
2019/10/27,0.044326692,0.345863352,1.570545963,0.517582485,0.517582485
2019/10/28,0.060126009,0.582501369,1.597330676,0.312618439,0.312618439
2019/10/29,0.099503762,0.51266348,1.83210056,0.878989744,0.878989744
2019/10/30,0.051471153,0.205639007,0.20412474,0.288614732,0.288614732
2019/10/31,0.039142323,0.117230229,0.241146079,0.299814988,0.299814988
2019/11/1,0.044385792,0.091045501,0.406180815,0.267024615,0.267024615
2019/11/2,0.04961957,0.151390121,0.703828229,0.419028391,0.419028391
2019/11/3,0.031672213,0.028426663,0.090665403,0.085982254,0.085982254
2019/11/4,0.0027446,0.004237219,0.034689448,0.027346733,0.027346733
2019/11/5,0.008400456,0.014207516,0.044422314,0.047405783,0.047405783
2019/11/6,0.006832783,0.015459103,0.16811381,0.054788629,0.054788629
2019/11/7,0.012976418,0.024208151,0.608209338,0.059478612,0.059478612
2019/11/8,0.017711443,0.022322001,0.133832738,0.05134464,0.05134464
2019/11/9,0.009926123,0.011427195,0.037930835,0.033344084,0.033344084
2019/11/10,0.002957956,0.003779843,0.003417206,0.003506361,0.003506361
2019/11/11,0.023817746,0.053893632,0.000369951,6.78E-04,0.000678442
2019/11/12,0.000980513,0.000518145,1.40E-05,1.26E-04,0.000125939
2019/11/13,3.51E-07,1.19E-05,0.003958318,5.18E-04,0.000517654
2019/11/14,2.47E-05,0.000108762,0.000974561,0.004989324,0.004989324
2019/11/15,5.23E-05,3.77E-05,0.013833248,0.001140478,0.001140478
2019/11/16,0,0,0.007019671,0.002341558,0.002341558
2019/11/17,0,0,0.178933332,0.006125781,0.006125781
2019/11/18,4.63E-07,0,0.037158298,0.002023725,0.002023725
2019/11/19,2.55E-05,0,0.001107238,8.97E-04,0.000897369
2019/11/20,7.48E-05,0.007432507,0.00167958,0.00875847,0.00875847
2019/11/21,0.00030867,0.007096507,0.020024453,0.125350619,0.125350619
2019/11/22,0,0.000145713,0.006680954,0.026086903,0.026086903
2019/11/23,0,6.57E-08,0.118137565,0.029685668,0.029685668
2019/11/24,0,-8.82E-13,0.002851643,3.73E-04,0.000372558
2019/11/25,1.58E-05,0,6.87E-05,4.94E-05,4.94E-05
2019/11/26,0.019550138,0.017856259,1.81E-06,0,0
2019/11/27,0.021024683,0.072037203,9.86E-06,2.90E-06,2.90E-06
2019/11/28,0.000128646,0.002091322,1.42E-07,7.65E-06,7.65E-06
2019/11/29,0,0,0,0,0
2019/11/30,0,0,0,0,0
2019/12/1,0,0,0,0,0
2019/12/2,0,1.66E-07,1.32E-06,5.12E-05,5.12E-05
2019/12/3,0,6.57E-07,5.68E-05,2.23E-05,2.23E-05
2019/12/4,5.56E-06,5.00E-11,1.51E-05,1.04E-06,1.04E-06
2019/12/5,4.16E-07,0,8.45E-06,9.85E-05,9.85E-05
2019/12/6,3.69E-07,0,0.000179377,4.34E-04,0.000434105
2019/12/7,0.001886991,0.000951939,0.000312135,6.40E-04,0.000640456
2019/12/8,0.001104665,0.000336929,0.000340517,3.99E-04,0.000398564
2019/12/9,0.001542529,0.001370517,5.25E-05,2.22E-05,2.22E-05
2019/12/10,0.005709216,0.010421857,7.29E-05,2.35E-04,0.000235198
2019/12/11,9.31E-07,5.24E-05,4.63E-05,5.56E-04,0.000556037
2019/12/12,6.55E-07,4.96E-08,4.97E-05,2.33E-05,2.33E-05
2019/12/13,1.30E-05,0,0.000304335,1.02E-04,0.000101649
2019/12/14,1.18E-06,0,7.59E-05,4.49E-05,4.49E-05
2019/12/15,0,0,1.25E-06,3.61E-06,3.61E-06
2019/12/16,0,0,-3.51E-10,7.32E-11,7.32E-11
2019/12/17,0,0,0.000117663,0,0
2019/12/18,0,0,2.07E-06,0,0
2019/12/19,0,0,1.08E-07,4.93E-06,4.93E-06
2019/12/20,0,0,0,3.08E-09,3.08E-09
2019/12/21,0,0,0,0,0
2019/12/22,0,0,0,0,0
2019/12/23,0,0,0,0,0
2019/12/24,0,0,0,0,0
2019/12/25,0,0,0,0,0
2019/12/26,0,0,8.24E-10,6.48E-06,6.48E-06
2019/12/27,0,0,4.36E-06,0,0
2019/12/28,0,0,0.000130788,2.40E-04,0.000239523
2019/12/29,0,0,0.000351267,3.91E-04,0.000391283
2019/12/30,0,0,0,0,0
2019/12/31,0,0,5.44E-06,0,0
2020/1/1,0,0,1.57E-06,6.87E-06,6.87E-06
2020/1/2,1.12E-08,0,2.07E-05,1.47E-04,0.000146655
2020/1/3,1.36E-08,0,0.00019532,1.48E-04,0.000148076
2020/1/4,3.25E-07,1.14E-05,0.000263298,4.79E-05,4.79E-05
2020/1/5,0,0,8.91E-08,0,0
2020/1/6,3.14E-07,0,2.76E-06,1.79E-05,1.79E-05
2020/1/7,2.72E-07,0,6.69E-07,1.81E-05,1.81E-05
2020/1/8,0,0,5.47E-07,1.08E-07,1.08E-07
2020/1/9,0,0,1.98E-07,0,0
2020/1/10,0,0,1.34E-06,0,0
2020/1/11,0,0,0,0,0
2020/1/12,0,0,1.79E-07,0,0
2020/1/13,0,0,1.02E-06,0,0
2020/1/14,1.73E-07,0,1.71E-06,1.88E-05,1.88E-05
2020/1/15,1.99E-07,0,0,1.45E-05,1.45E-05
2020/1/16,1.68E-07,0,5.17E-06,8.61E-05,8.61E-05
2020/1/17,0,0,1.91E-05,4.82E-05,4.82E-05
2020/1/18,0,0,0,0,0
2020/1/19,0,0,0,0,0
2020/1/20,3.18E-07,0,1.58E-07,4.21E-05,4.21E-05
2020/1/21,4.93E-08,0,5.73E-05,3.51E-05,3.51E-05
2020/1/22,0,0,4.85E-05,6.18E-05,6.18E-05
2020/1/23,0,0,2.50E-05,3.88E-06,3.88E-06
2020/1/24,1.09E-07,0,0.00035872,8.99E-05,8.99E-05
2020/1/25,8.70E-06,0.000120864,0.001820148,4.21E-04,0.000420975
2020/1/26,7.43E-05,0.000306645,0.002462165,0.001120853,0.001120853
2020/1/27,0.000182444,0.000357242,0.007760808,0.002311566,0.002311566
2020/1/28,3.85E-05,3.19E-05,0.001186494,7.53E-04,0.000753451
2020/1/29,2.12E-05,0,0.000425003,5.18E-04,0.000517746
2020/1/30,2.41E-05,4.67E-05,0.000895637,5.08E-04,0.000508249
2020/1/31,0,0,6.32E-05,0,0
2020/2/1,0,0,0,0,0
2020/2/2,0,0,1.01E-06,0,0
2020/2/3,0.000106323,0,0.000117927,5.75E-04,0.000575332
2020/2/4,7.78E-05,0,0.000109035,6.84E-04,0.000683914
2020/2/5,0.000157098,0,0.00161044,9.99E-04,0.000999117
2020/2/6,0.000451429,6.99E-06,0.003262941,0.001861712,0.001861712
2020/2/7,0.000195283,3.95E-05,0.002949944,0.00120515,0.00120515
2020/2/8,0.000300912,7.03E-05,0.007564988,0.0024246,0.0024246
2020/2/9,0.002162835,0.001596398,0.057596901,0.021452142,0.021452142
2020/2/10,0.006859885,0.00724843,0.099411848,0.045661891,0.045661891
2020/2/11,0.005931163,0.005566618,0.0855491,0.035324969,0.035324969
2020/2/12,1.08E-05,0,1.94E-07,1.02E-04,0.000102447
2020/2/13,8.24E-07,0,6.09E-06,1.99E-05,1.99E-05
2020/2/14,1.68E-06,0,5.39E-05,2.91E-05,2.91E-05
2020/2/15,0.000614577,8.91E-06,0.000601772,6.40E-04,0.000639976
2020/2/16,0.001287406,0.000402223,0.008047664,0.004477249,0.004477249
2020/2/17,0.001257817,0.000287066,0.009216057,0.004620762,0.004620762
2020/2/18,0.000669529,0.00029168,0.006674387,0.002583261,0.002583261
2020/2/19,0.000189149,0.000521254,0.006860265,0.008380198,0.008380198
2020/2/20,7.52E-05,1.32E-05,0.000538652,1.51E-04,0.0001505
2020/2/21,6.85E-06,2.29E-05,0.004486448,1.37E-04,0.000137279
2020/2/22,0.000367753,0.000540816,0.017490942,0.006132753,0.006132753
2020/2/23,0.006699091,0.000736591,0.039211074,0.021334343,0.021334343
2020/2/24,0.000301174,0.000321651,0.000825524,0.001156942,0.001156942
2020/2/25,0.000522742,0.000390311,0.002454732,0.002000691,0.002000691
2020/2/26,0.000977043,0.000394681,0.004014455,0.003116723,0.003116723
2020/2/27,0.000253554,2.56E-05,0.013848311,0.002608086,0.002608086
2020/2/28,0.000332557,0.000141977,0.010693579,0.004928868,0.004928868
2020/2/29,0.00075869,0.000749566,0.009434671,0.00189807,0.00189807
2020/3/1,0.000198722,4.53E-05,0.004319939,0.001784079,0.001784079
2020/3/2,2.65E-05,5.44E-06,0.002230134,2.35E-04,0.000234852
2020/3/3,0.0001877,5.12E-05,0.003799671,0.001578846,0.001578846
2020/3/4,0.001455784,7.41E-06,0.006381822,0.013403752,0.013403752
2020/3/5,0.000476667,0.000525164,0.014346995,0.00293546,0.00293546
2020/3/6,0.001107111,0.000773562,0.040665414,0.013540868,0.013540868
2020/3/7,0.000389504,0.000145122,0.005772335,0.001601536,0.001601536
2020/3/8,0,0,1.74E-05,0,0
2020/3/9,2.56E-06,6.97E-06,0.000588111,4.32E-04,0.000432112
2020/3/10,0.000337362,0.00026962,0.021531192,0.007656364,0.007656364
2020/3/11,0,4.17E-05,0.031005966,0.011272222,0.011272222
2020/3/12,0.000501297,0.010966445,0.5605708,0.18860152,0.18860152
2020/3/13,0.001138177,0.064974891,0.899436629,0.465141116,0.465141116
2020/3/14,0.017018632,0.043113063,0.920618184,0.408016994,0.408016994
2020/3/15,0.019102059,0.02154728,0.471179061,0.149891462,0.149891462
2020/3/16,0.020755785,0.034149211,0.457436874,0.169616973,0.169616973
2020/3/17,0.022835703,0.027344598,0.182652783,0.144875823,0.144875823
2020/3/18,0.009459354,0.008773281,0.069234058,0.070607508,0.070607508
2020/3/19,0.007621737,0.006436158,0.090371126,0.036904587,0.036904587
2020/3/20,0.010698241,0.009065721,0.080215833,0.041673374,0.041673374
2020/3/21,0.016936472,0.024469362,0.166490161,0.100378296,0.100378296
2020/3/22,0.060468496,0.086195877,0.67788011,0.281135574,0.281135574
2020/3/23,0.073550201,0.067401337,0.172588552,0.166609092,0.166609092
2020/3/24,0.011426197,0.020551205,0.018994256,0.018275453,0.018275453
2020/3/25,0.019249062,0.046974017,0.029492457,3.37E-04,0.000336887
2020/3/26,0.011041073,0.033002902,0.003088941,0.00156248,0.00156248
2020/3/27,0.000927246,0.001556051,0.030180387,0.013311204,0.013311204
2020/3/28,0.005240234,0.009641214,0.113420374,0.048436813,0.048436813
2020/3/29,0.00764801,0.013780158,0.527429609,0.142780531,0.142780531
2020/3/30,0.000897536,0.001376355,1.131336559,0.093783656,0.093783656
2020/3/31,0.002277029,0.007730268,1.458474389,0.16859599,0.16859599
2020/4/1,0.021568026,0.041214449,1.872234726,0.266822263,0.266822263
2020/4/2,0.053012551,0.088200239,2.882797949,0.735146191,0.735146191
2020/4/3,0.071779841,0.14965055,2.703053716,0.718932837,0.718932837
2020/4/4,0.10645245,0.219466202,1.615237772,0.829107429,0.829107429
2020/4/5,0.041799235,0.174409255,1.021130223,0.633226113,0.633226113
2020/4/6,0.017640971,0.074849645,0.889342859,0.47082006,0.47082006
2020/4/7,0.131314715,0.206137404,3.432797644,1.315080854,1.315080854
2020/4/8,0.401207982,0.560193081,3.844341279,1.890977232,1.890977232
2020/4/9,0.900140384,0.704260286,2.093769372,1.313066678,1.313066678
2020/4/10,0.814011133,0.686399423,2.163158141,1.400980365,1.400980365
2020/4/11,0.41063886,0.642677744,2.511641987,1.655613013,1.655613013
2020/4/12,0.262857233,0.261216931,3.452236736,1.58411335,1.58411335
2020/4/13,0.44872138,0.720427257,3.703891871,1.939122631,1.939122631
2020/4/14,0.718239062,1.224355433,5.000474272,2.8547977,2.8547977
2020/4/15,0.722209711,2.42391806,5.375339992,3.298192494,3.298192494
2020/4/16,0.836425395,3.636856772,5.742120358,4.696342872,4.696342872
2020/4/17,0.450325397,3.399377236,6.377200115,4.952814841,4.952814841
2020/4/18,0.55730653,4.103287735,5.450039956,4.305634244,4.305634244
2020/4/19,0.430527242,4.530533734,4.646286147,5.092507429,5.092507429
2020/4/20,0.377880363,3.530505398,3.848358825,4.258304611,4.258304611
2020/4/21,0.44673289,2.496607894,4.635274771,3.853365196,3.853365196
2020/4/22,0.629897906,1.95318635,7.426266661,5.70841342,5.70841342
2020/4/23,1.12301714,2.648914757,8.89372509,6.615307349,6.615307349
2020/4/24,1.351702647,2.085012114,6.583844468,4.931885242,4.931885242
2020/4/25,2.798125494,2.46635704,7.289784915,5.790916054,5.790916054
2020/4/26,2.209136733,2.089172246,4.079721144,4.137423751,4.137423751
2020/4/27,1.564554946,2.150984796,5.345235329,5.642359501,5.642359501
2020/4/28,2.005336622,3.475158001,4.861033513,7.089298903,7.089298903
2020/4/29,1.563886163,3.635064513,4.617414651,7.020988005,7.020988005
2020/4/30,0.927823676,2.063253356,2.444600472,4.19986326,4.19986326
2020/5/1,0.632724873,1.664156151,1.140406338,2.778758745,2.778758745
2020/5/2,0.539686041,2.990605595,2.322834566,3.458054906,3.458054906
2020/5/3,0.893632153,3.161309763,2.404476011,4.799587422,4.799587422
2020/5/4,1.169729244,3.121667937,2.284197004,4.55529555,4.55529555
2020/5/5,2.090387005,5.189978425,1.392944004,4.182391913,4.182391913
2020/5/6,2.191621171,6.808535481,1.483446813,4.012653443,4.012653443
2020/5/7,2.354002019,7.71248674,1.706511358,4.465222566,4.465222566
2020/5/8,2.474187611,7.951565691,1.539879033,4.615738013,4.615738013
2020/5/9,3.602200186,7.155476941,2.543607487,5.142408288,5.142408288
2020/5/10,2.907649257,7.325434594,1.346023078,3.4193299,3.4193299
2020/5/11,3.38344217,8.357895807,1.351194355,3.967536738,3.967536738
2020/5/12,2.783963449,6.042116532,1.26283664,3.70506674,3.70506674
2020/5/13,2.940550046,3.578247203,1.030814617,2.857127872,2.857127872
2020/5/14,4.032652226,2.322522693,0.917349282,1.664168549,1.664168549
2020/5/15,5.988929833,3.01841964,1.221406798,2.195444546,2.195444546
2020/5/16,7.089319746,3.454060853,1.692920069,3.412958729,3.412958729
2020/5/17,7.549977592,2.72755965,1.450729882,2.857784372,2.857784372
2020/5/18,7.350266388,2.997308126,1.406411497,2.982707419,2.982707419
2020/5/19,7.540615737,3.393541362,1.238882122,2.973820248,2.973820248
2020/5/20,7.460935569,3.885878997,1.14184042,2.815452993,2.815452993
2020/5/21,7.167675182,4.624731319,0.764893874,2.117367594,2.117367594
2020/5/22,6.731082264,4.590016878,0.671785575,1.889592141,1.889592141
2020/5/23,6.373818657,4.088749294,0.89432114,2.004859895,2.004859895
2020/5/24,6.561398972,3.733085177,0.937107924,1.959097762,1.959097762
2020/5/25,5.408152075,3.08975068,0.89897572,1.461209168,1.461209168
2020/5/26,4.753970509,2.990709862,0.511405695,1.102897329,1.102897329
2020/5/27,3.751809091,2.439782389,0.383896365,0.993871146,0.993871146
2020/5/28,2.806543023,1.75242923,0.473471917,1.055543249,1.055543249
2020/5/29,2.734536021,2.023789623,0.904119329,1.316367192,1.316367192
2020/5/30,2.726280441,2.408630673,1.202500158,1.172666507,1.172666507
2020/5/31,2.827019575,1.882733283,0.955792432,1.060742723,1.060742723
2020/6/1,2.450396122,1.71367121,0.44440048,0.689527092,0.689527092
2020/6/2,2.38091372,1.535139022,0.386341596,0.590253892,0.590253892
2020/6/3,2.286783787,1.326147632,0.331364889,0.520967758,0.520967758
2020/6/4,2.264444627,1.194053375,0.32250213,0.482992808,0.482992808
2020/6/5,2.173872308,1.160890647,0.394455762,0.508968094,0.508968094
2020/6/6,1.99271452,1.156030232,0.498755532,0.482301533,0.482301533
2020/6/7,1.665394442,1.04166077,0.435402902,0.524730826,0.524730826
2020/6/8,1.300474245,0.785694917,0.338464902,0.450952739,0.450952739
2020/6/9,1.195276572,0.744960585,0.300653986,0.392918382,0.392918382
2020/6/10,0.907524063,0.688103654,0.48437532,0.343409461,0.343409461
2020/6/11,0.803052728,0.735792861,0.482414832,0.303894237,0.303894237
2020/6/12,0.615097955,0.621017016,0.488599716,0.217988466,0.217988466
2020/6/13,0.522343909,0.516681465,0.458367163,0.191720116,0.191720116
2020/6/14,0.359396989,0.398567113,0.304229246,0.123819941,0.123819941
2020/6/15,0.283698595,0.295814325,0.293085817,0.092958073,0.092958073
2020/6/16,0.179429465,0.312132995,0.2651756,0.088308745,0.088308745
2020/6/17,0.119649787,0.287463802,0.274211206,0.077620087,0.077620087
2020/6/18,0.078033392,0.211596315,0.318061023,0.070266271,0.070266271
2020/6/19,0.085628238,0.2108293,0.357951087,0.064486192,0.064486192
2020/6/20,0.057139251,0.169079024,0.325164345,0.042756377,0.042756377
2020/6/21,0.034945013,0.123325144,0.306249687,0.08635489,0.08635489
2020/6/22,0.065558785,0.150975013,0.296481823,0.187581454,0.187581454
2020/6/23,0.092967198,0.176021518,0.349226726,0.215075327,0.215075327
2020/6/24,0.058692111,0.133919057,0.259864552,0.120460113,0.120460113
2020/6/25,0.02372457,0.084617552,0.205512469,0.037084051,0.037084051
2020/6/26,0.010496227,0.064531251,0.181177473,0.017248548,0.017248548
2020/6/27,0.005903355,0.056841409,0.153270834,0.010600297,0.010600297
2020/6/28,0.007981238,0.040026598,0.126382872,0.00773118,0.00773118
2020/6/29,0.008087448,0.042466287,0.137869604,0.010894602,0.010894602
2020/6/30,0.010276936,0.042606311,0.123369056,0.010351103,0.010351103
2020/7/1,0.016779297,0.050013283,0.089321873,0.008322399,0.008322399
2020/7/2,0.048205897,0.047262416,0.102898548,0.004753893,0.004753893
2020/7/3,0.078189686,0.043677578,0.117026258,0.003138056,0.003138056
2020/7/4,0.031362873,0.044689463,0.092310676,0.002538757,0.002538757
2020/7/5,0.02422418,0.040043879,0.097128172,0.002179133,0.002179133
2020/7/6,0.024669811,0.036903319,0.087203562,0.001585023,0.001585023
2020/7/7,0.021229532,0.033187412,0.064915647,0.001308369,0.001308369
2020/7/8,0.015298228,0.028402607,0.056303141,0.001331362,0.001331362
2020/7/9,0.007638456,0.023536103,0.047307215,0.001674018,0.001674018
2020/7/10,0.002302766,0.021659241,0.046249842,0.001066912,0.001066912
2020/7/11,0.001052988,0.021695244,0.039534971,6.19E-04,0.000619461
2020/7/12,0.000508213,0.020282409,0.029365946,6.83E-04,0.00068257
2020/7/13,0.000386018,0.01799922,0.027473927,4.79E-04,0.000479414
2020/7/14,0.000238859,0.012089127,0.020482567,4.34E-04,0.000434032
2020/7/15,0.000155858,0.022070819,0.022527452,4.53E-04,0.000453241
2020/7/16,0.000733932,0.024249252,0.021154701,2.63E-04,0.00026276
2020/7/17,0.001011421,0.02025374,0.019614669,1.62E-04,0.000161515
2020/7/18,0.00053431,0.019116673,0.012992979,6.93E-05,6.93E-05
2020/7/19,0.001970305,0.01604687,0.014966168,4.26E-05,4.26E-05
2020/7/20,0.002162176,0.018483934,0.013406243,3.52E-05,3.52E-05
2020/7/21,0.004580274,0.021859769,0.014435001,2.84E-05,2.84E-05
2020/7/22,0.009082796,0.017731369,0.011543052,2.01E-05,2.01E-05
2020/7/23,0.015048306,0.017749895,0.00947524,8.97E-05,8.97E-05
2020/7/24,0.012192458,0.009659874,0.007644418,5.88E-05,5.88E-05
2020/7/25,0.005157552,0.010922374,0.00896191,2.44E-05,2.44E-05
2020/7/26,0.001921571,0.012766108,0.008259278,1.01E-04,0.000101201
2020/7/27,0.000754386,0.021929474,0.005284012,5.78E-04,0.000578289
2020/7/28,0.000447079,0.019958751,0.004017461,0.001046447,0.001046447
2020/7/29,0.000365988,0.018841895,0.003136884,5.69E-04,0.0005686
2020/7/30,0.002937626,0.014094361,0.003060444,2.41E-04,0.000240682
2020/7/31,0.001389106,0.006856702,0.002291591,4.50E-04,0.000450203
2020/8/1,0.002657558,0.010675485,0.00386065,0.002353352,0.002353352
2020/8/2,0.00306665,0.016347363,0.002835198,0.001993509,0.001993509
2020/8/3,0.00162905,0.013330585,0.002270396,9.78E-04,0.00097751
2020/8/4,0.004074071,0.011479371,0.00231815,3.44E-04,0.000343676
2020/8/5,0.005209656,0.012876283,0.001865692,1.30E-04,0.000130134
2020/8/6,0.003279826,0.009621883,0.001295338,4.16E-05,4.16E-05
2020/8/7,0.001523406,0.004246246,0.002916113,2.51E-05,2.51E-05
2020/8/8,0.000936178,0.003936129,0.003225143,1.62E-04,0.000162316
2020/8/9,0.000687406,0.007415202,0.003483441,0.002345643,0.002345643
2020/8/10,0.001857399,0.015516107,0.004925413,0.006473557,0.006473557
2020/8/11,0.007115585,0.010704207,0.003440002,0.018020945,0.018020945
2020/8/12,0.014067013,0.007631499,0.008189254,0.042783525,0.042783525
2020/8/13,0.040053088,0.00932846,0.009571561,0.03745072,0.03745072
2020/8/14,0.041852599,0.011048966,0.004320414,0.013141885,0.013141885
2020/8/15,0.045295073,0.01829951,0.004874148,0.011076666,0.011076666
2020/8/16,0.037914643,0.020934399,0.002537173,0.00814917,0.00814917
2020/8/17,0.034652003,0.018487035,0.001955432,0.004609446,0.004609446
2020/8/18,0.028646138,0.016881039,0.00149593,0.001629287,0.001629287
2020/8/19,0.019287043,0.018259534,0.000728777,5.03E-04,0.000502576
2020/8/20,0.014387393,0.022944008,0.001617664,1.90E-04,0.000189827
2020/8/21,0.047949211,0.01567329,0.002554677,1.23E-04,0.000123457
2020/8/22,0.092597423,0.014805346,0.002454942,1.65E-04,0.000164624
2020/8/23,0.107205251,0.009022811,0.002590155,5.95E-05,5.95E-05
2020/8/24,0.165771108,0.0075935,0.002378615,1.37E-04,0.000137223
2020/8/25,0.277701212,0.006559859,0.002205401,4.67E-04,0.000466634
2020/8/26,0.267810845,0.022972879,0.002233733,0.011663009,0.011663009
2020/8/27,0.183571595,0.017366037,0.001354342,0.010373268,0.010373268
2020/8/28,0.119720124,0.014178374,0.001731487,0.009271424,0.009271424
2020/8/29,0.079415932,0.041011197,0.003264737,0.010790272,0.010790272
2020/8/30,0.049838332,0.0343725,0.010339019,0.019208967,0.019208967
2020/8/31,0.048297255,0.06327909,0.020554431,0.032229143,0.032229143
2020/9/1,0.048746606,0.086457488,0.014079688,0.0238351,0.0238351
2020/9/2,0.044041642,0.057299596,0.005294714,0.009911969,0.009911969
2020/9/3,0.041736395,0.03893098,0.003362678,0.005211403,0.005211403
2020/9/4,0.031209679,0.035460105,0.00195242,0.004686458,0.004686458
2020/9/5,0.043475088,0.050634459,0.00445437,0.01611883,0.01611883
2020/9/6,0.049402559,0.050119939,0.004206332,0.015097026,0.015097026
2020/9/7,0.059458207,0.054354337,0.013129142,0.025921207,0.025921207
2020/9/8,0.076898583,0.053438778,0.018148508,0.023364316,0.023364316
2020/9/9,0.053402421,0.038026636,0.020939284,0.034832627,0.034832627
2020/9/10,0.062501838,0.053166007,0.012281014,0.031501387,0.031501387
2020/9/11,0.067410267,0.085241317,0.009367886,0.04798306,0.04798306
2020/9/12,0.064530312,0.131411165,0.008878427,0.072003319,0.072003319
2020/9/13,0.077968851,0.154800339,0.017797114,0.083751092,0.083751092
2020/9/14,0.101992585,0.163785018,0.047588019,0.123040584,0.123040584
2020/9/15,0.191354609,0.196232617,0.070412314,0.139702387,0.139702387
2020/9/16,0.22336701,0.176602516,0.061212994,0.11784625,0.11784625
2020/9/17,0.243261792,0.15567545,0.03941441,0.090555071,0.090555071
2020/9/18,0.25414721,0.133823574,0.01925506,0.070596852,0.070596852
2020/9/19,0.212098517,0.097011106,0.009419365,0.05353947,0.05353947
2020/9/20,0.110474815,0.065556274,0.00732904,0.036449433,0.036449433
2020/9/21,0.131646043,0.061306281,0.042984653,0.054589386,0.054589386
2020/9/22,0.174699168,0.061632253,0.039093549,0.052548518,0.052548518
2020/9/23,0.176341403,0.053106094,0.032948936,0.048776277,0.048776277
2020/9/24,0.182838011,0.097282074,0.022246405,0.063807129,0.063807129
2020/9/25,0.155697755,0.102212634,0.03375731,0.052930931,0.052930931
2020/9/26,0.16154996,0.123365471,0.147324767,0.119568158,0.119568158
2020/9/27,0.167418033,0.115823562,0.084207294,0.114953221,0.114953221
2020/9/28,0.188048088,0.211186805,0.096070146,0.250092758,0.250092758
2020/9/29,0.222594716,0.19195957,0.065934754,0.164821656,0.164821656
2020/9/30,0.186764562,0.173987356,0.108299022,0.235085256,0.235085256
2020/10/1,0.215410215,0.21516152,0.102638308,0.207869693,0.207869693
2020/10/2,0.223165585,0.243413885,0.157911199,0.320558207,0.320558207
2020/10/3,0.26947053,0.268248381,0.36507842,0.454972425,0.454972425
2020/10/4,0.433885894,0.199672068,0.371800164,0.363068341,0.363068341
2020/10/5,0.516508807,0.210278117,0.385611878,0.404504075,0.404504075
2020/10/6,0.316740687,0.233268315,0.324418217,0.274956444,0.274956444
2020/10/7,0.13569309,0.146521222,0.155253973,0.147178694,0.147178694
2020/10/8,0.092249664,0.111984299,0.227080594,0.163616378,0.163616378
2020/10/9,0.04037999,0.098836772,0.150659875,0.125868321,0.125868321
2020/10/10,0.038115547,0.08797701,0.134354147,0.087852294,0.087852294
2020/10/11,0.0476951,0.078101568,0.171767003,0.189569909,0.189569909
2020/10/12,0.080004233,0.047604663,0.420118931,0.372236033,0.372236033
2020/10/13,0.02893327,0.031828743,0.664381223,0.394664028,0.394664028
2020/10/14,0.049145523,0.122491072,1.570066079,0.818926366,0.818926366
2020/10/15,0.046154648,0.093370126,1.087044602,0.311005192,0.311005192
2020/10/16,0.04529172,0.079927839,0.302369039,0.288965393,0.288965393
2020/10/17,0.016778524,0.063403841,0.973642696,0.373131668,0.373131668
2020/10/18,0.084197274,0.222509888,1.202314533,0.896940328,0.896940328
2020/10/19,0.07188554,0.082642365,0.113642395,0.171692815,0.171692815
2020/10/20,0.004944673,0.008508875,0.259844112,0.038037329,0.038037329
2020/10/21,0.008304734,0.024002343,0.93400175,0.248871744,0.248871744
2020/10/22,0.049605451,0.100739106,0.944894664,0.378173056,0.378173056
2020/10/23,0.142711163,0.144018527,0.325063757,0.292214673,0.292214673
2020/10/24,0.083452523,0.12915375,0.218711123,0.185591269,0.185591269
2020/10/25,0.042515346,0.096787634,0.049061188,0.037804301,0.037804301
2020/10/26,0.016163783,0.033512217,0.021163149,0.083063991,0.083063991
2020/10/27,0.007413388,0.022900161,0.326088519,0.112354546,0.112354546
2020/10/28,0.020458828,0.041949426,0.226844119,0.121721337,0.121721337
2020/10/29,0.025783951,0.062960049,0.692838511,0.423937998,0.423937998
2020/10/30,0.02641326,0.215762823,0.533261407,0.605724044,0.605724044
2020/10/31,0.010125695,0.107650667,0.092640161,0.097286678,0.097286678
2020/11/1,0.00115591,0.01233555,0.247522678,0.034936591,0.034936591
2020/11/2,0.00161832,0.005729056,0.38201987,0.092535388,0.092535388
2020/11/3,0.004181163,0.007464785,0.334947295,0.035957468,0.035957468
2020/11/4,0.0181271,0.242542388,0.343850935,0.484189664,0.484189664
2020/11/5,0.012491985,0.091946698,0.645573581,0.290143441,0.290143441
2020/11/6,0.033146088,0.116959509,0.268467319,0.153727968,0.153727968
2020/11/7,0.019016388,0.068488363,0.764528648,0.146929463,0.146929463
2020/11/8,0.006921144,0.02365266,1.171566572,0.223611843,0.223611843
2020/11/9,0.025076241,0.057226242,0.603677332,0.213442432,0.213442432
2020/11/10,0.071102789,0.229491207,0.123032998,0.059352118,0.059352118
2020/11/11,0.018114437,0.060658541,0.02231522,0.017042664,0.017042664
2020/11/12,0.004042932,0.006353382,0.030710668,0.026145473,0.026145473
2020/11/13,0.01023542,0.010543194,0.038041254,0.027628407,0.027628407
2020/11/14,0.00227609,0.00155849,0.006793121,0.005952299,0.005952299
2020/11/15,0.002193154,0.001894419,0.010510313,0.010126046,0.010126046
2020/11/16,0.000472122,0.002097042,0.004366849,0.003773793,0.003773793
2020/11/17,0.000549348,0.00061876,0.001355203,0.002988216,0.002988216
2020/11/18,0.000356177,0.000294802,0.003428563,0.001389362,0.001389362
2020/11/19,1.69E-08,0,4.40E-06,3.37E-05,3.37E-05
2020/11/20,0.001479201,0.005192295,0.000216553,0.002289268,0.002289268
2020/11/21,0.001147923,0.002321947,0.000208951,5.46E-04,0.000546422
2020/11/22,1.81E-05,1.49E-06,0.00028038,6.97E-04,0.000696896
2020/11/23,0.000176934,0.000358157,0.002504478,0.001641109,0.001641109
2020/11/24,0.01463843,0.013949739,3.51E-05,2.24E-05,2.24E-05
2020/11/25,0.021353464,0.046078238,0.00021473,1.96E-04,0.000196254
2020/11/26,0.000171613,8.78E-05,0.000295742,3.93E-04,0.000392969
2020/11/27,0,2.06E-06,0.000167239,5.51E-04,0.00055149
2020/11/28,3.15E-05,1.32E-05,7.62E-05,6.56E-04,0.000656494
2020/11/29,0,0,5.62E-06,8.70E-05,8.70E-05
2020/11/30,0,0,0.000191196,3.61E-04,0.000360654
2020/12/1,0,0,5.32E-05,1.40E-04,0.00014007
2020/12/2,0.001481819,0.067151492,0.081601785,0.50518788,0.50518788
2020/12/3,0.012973931,0.160415348,0.002510378,0.092964479,0.092964479
2020/12/4,7.57E-05,0.00292557,0.030562834,0.006095226,0.006095226
2020/12/5,0,1.57E-06,0.116284359,0.06564783,0.06564783
2020/12/6,0,9.29E-06,0.134065229,0.085029994,0.085029994
2020/12/7,0,0,0.402167544,0.183618803,0.183618803
2020/12/8,0,0,0.109640984,0.073485977,0.073485977
2020/12/9,0,0,4.96E-05,2.89E-06,2.89E-06
2020/12/10,0,0,6.35E-05,0,0
2020/12/11,0,0,0,0,0
2020/12/12,0,0,0,0,0
2020/12/13,0,0,0,0,0
2020/12/14,0,0,1.91E-05,0,0
2020/12/15,0,0,0,0,0
2020/12/16,0,0,0,0,0
2020/12/17,0,0,0,0,0
2020/12/18,0,0,1.82E-06,0,0
2020/12/19,0,0,0.000191476,2.32E-05,2.32E-05
2020/12/20,0,0,0.0002924,2.79E-05,2.79E-05
2020/12/21,1.34E-06,1.24E-07,0.000105708,2.80E-05,2.80E-05
2020/12/22,0.007746855,0.007486451,0,0,0
2020/12/23,2.60E-05,3.80E-05,0,0,0
2020/12/24,0,0,0,0,0
2020/12/25,2.73E-09,0,1.65E-05,2.78E-06,2.78E-06
2020/12/26,0,0,0,0,0
2020/12/27,0,0,0,0,0
2020/12/28,0,0,4.35E-06,0,0
2020/12/29,0,0,4.65E-06,0,0
2020/12/30,0,0,1.12E-05,0,0
2020/12/31,0,0,3.18E-05,0,0
2021/1/1,0,0,0,0,0
2021/1/2,0,0,3.36E-05,0,0
2021/1/3,0,0,0,0,0
2021/1/4,0,0,7.74E-06,0,0
2021/1/5,0,0,3.36E-06,0,0
2021/1/6,0,0,4.93E-11,0,0
2021/1/7,0,0,6.39E-05,0,0
2021/1/8,0,0,5.21E-05,0,0
2021/1/9,0,0,7.03E-05,0,0
2021/1/10,0,0,6.27E-05,0,0
2021/1/11,0,0,0.000584126,2.47E-05,2.47E-05
2021/1/12,0,0,0.001378632,1.29E-04,0.000128646
2021/1/13,0,0,0,0,0
2021/1/14,0,0,0,0,0
2021/1/15,0,0,9.86E-05,0,0
2021/1/16,0,0,0,0,0
2021/1/17,0,0,1.30E-08,8.16E-07,8.16E-07
2021/1/18,1.64E-05,0,0.000793887,4.03E-04,0.000403271
2021/1/19,1.13E-06,7.74E-06,0.003118729,4.33E-04,0.000433457
2021/1/20,5.32E-05,8.17E-05,0.00755735,7.63E-04,0.000763162
2021/1/21,0.001780651,0.015589106,0.003050428,9.66E-04,0.000965834
2021/1/22,0.019243338,0.088766764,0.002179223,3.67E-04,0.000367123
2021/1/23,0.001776394,0.012536687,0.004577618,0.001136599,0.001136599
2021/1/24,0,0,0,0,0
2021/1/25,0,0,0,0,0
2021/1/26,0,0,4.85E-09,0,0
2021/1/27,0,0,0,0,0
2021/1/28,0,0,0,0,0
2021/1/29,0,0,3.68E-05,7.32E-08,7.32E-08
2021/1/30,4.08E-06,1.25E-05,0.000764414,3.70E-05,3.70E-05
2021/1/31,3.54E-07,1.50E-10,7.31E-05,1.82E-05,1.82E-05
2021/2/1,4.76E-09,0,0.000154532,8.25E-07,8.25E-07
2021/2/2,2.62E-05,9.91E-06,0.000549885,4.53E-04,0.000452988
2021/2/3,7.41E-05,0,0.000632378,4.97E-04,0.000497228
2021/2/4,8.85E-05,5.25E-05,0.003923217,0.00201201,0.00201201
2021/2/5,0.000237976,7.05E-05,0.004415452,0.002117385,0.002117385
2021/2/6,9.55E-07,0,0.001595806,3.20E-04,0.000319747
2021/2/7,0.00014771,8.77E-06,0.006318922,0.001912409,0.001912409
2021/2/8,0.000403914,2.40E-05,0.011052083,0.004623469,0.004623469
2021/2/9,0.001985527,0.000357804,0.016292015,0.012650708,0.012650708
2021/2/10,0.001522462,0.00221925,0.050423733,0.016694801,0.016694801
2021/2/11,7.42E-06,0,0.001003882,4.74E-05,4.74E-05
2021/2/12,4.30E-06,0,9.10E-05,5.36E-06,5.36E-06
2021/2/13,0,0,1.18E-05,6.58E-05,6.58E-05
2021/2/14,1.42E-05,8.72E-06,2.08E-05,1.82E-04,0.000181695
2021/2/15,0.000163537,9.39E-05,0.000911858,0.002564495,0.002564495
2021/2/16,0.000353983,0.000476756,0.004889096,0.005092675,0.005092675
2021/2/17,0.002349068,0.001511129,0.032618996,0.018940081,0.018940081
2021/2/18,0.003622953,0.00329815,0.074680001,0.024475988,0.024475988
2021/2/19,0.009659456,0.005326193,0.044012177,0.042900507,0.042900507
2021/2/20,0.008999751,0.010756047,0.106707031,0.030878226,0.030878226
2021/2/21,1.08E-05,3.05E-05,0.010121419,4.97E-04,0.000497204
2021/2/22,0.000412159,0.000124589,0.012515863,0.002577952,0.002577952
2021/2/23,0.000148714,0.000405118,0.009332634,0.001426707,0.001426707
2021/2/24,0.000330279,0.000296314,0.007719535,0.00400883,0.00400883
2021/2/25,0.001728846,0.001061226,0.041890047,0.011733936,0.011733936
2021/2/26,0.000122506,0.002126492,0.01229168,0.003499761,0.003499761
2021/2/27,2.03E-05,0,1.39E-05,7.70E-06,7.70E-06
2021/2/28,1.21E-05,0,0.002161467,1.46E-04,0.000146446
2021/3/1,6.14E-06,1.04E-06,0.00198583,1.29E-04,0.000128882
2021/3/2,0.00068593,0.00075096,0.027992476,0.006575375,0.006575375
2021/3/3,0.001184825,0.001635275,0.037178072,0.006039575,0.006039575
2021/3/4,9.50E-05,0.000205836,0.001791525,7.48E-04,0.000748338
2021/3/5,0.000449046,0.000331634,0.021888593,0.003632466,0.003632466
2021/3/6,0.002567903,0.001861062,0.104191156,0.050674378,0.050674378
2021/3/7,0.004142933,0.005096028,0.069215353,0.024359366,0.024359366
2021/3/8,0.008312569,0.007923809,0.075810694,0.033775517,0.033775517
2021/3/9,0.00904298,0.010021966,0.068970818,0.033803845,0.033803845
2021/3/10,0.008717486,0.008344037,0.055880444,0.033098767,0.033098767
2021/3/11,0.01746069,0.019498779,0.087554434,0.065061012,0.065061012
2021/3/12,0.032067228,0.039523015,0.094735863,0.094900676,0.094900676
2021/3/13,0.048002543,0.05768955,0.157285363,0.11187986,0.11187986
2021/3/14,0.005352573,0.006765615,0.079449794,0.011459627,0.011459627
2021/3/15,0.000357788,0.000184706,0.01021412,0.003204393,0.003204393
2021/3/16,0.001108801,0.000656588,0.012340845,0.004722442,0.004722442
2021/3/17,0.002503708,0.001205775,0.092963308,0.028517051,0.028517051
2021/3/18,0.001791979,0.000932443,0.244562993,0.166448031,0.166448031
2021/3/19,0.00133651,0.042561716,0.332827756,0.571828999,0.571828999
2021/3/20,0.002203722,0.010889027,0.119901182,0.165549802,0.165549802
2021/3/21,0.006484977,0.007468089,0.103573179,0.049008407,0.049008407
2021/3/22,0.031040577,0.038519486,0.26288338,0.142614611,0.142614611
2021/3/23,0.020722116,0.032636712,0.223433659,0.11267304,0.11267304
2021/3/24,0.049566546,0.053460364,0.193588349,0.127909604,0.127909604
2021/3/25,0.021492141,0.022743326,0.080470048,0.05712078,0.05712078
2021/3/26,0.011425418,0.0149302,0.180191228,0.066968221,0.066968221
2021/3/27,0.008285624,0.008357079,0.054928705,0.028883162,0.028883162
2021/3/28,0.008360675,0.01180337,0.256228532,0.066201659,0.066201659
2021/3/29,0.028752457,0.040476496,0.343031797,0.157763809,0.157763809
2021/3/30,0.040921422,0.046234086,0.230201536,0.187923371,0.187923371
2021/3/31,0.016132974,0.020579981,0.100422804,0.04822519,0.04822519
2021/4/1,0.008622622,0.005871263,0.373655778,0.126500538,0.126500538
2021/4/2,0.005518596,0.009496471,0.337518359,0.120655209,0.120655209
2021/4/3,0.009614076,0.014753402,0.627197597,0.103339899,0.103339899
2021/4/4,0.025031857,0.046459622,1.402660353,0.4386952,0.4386952
2021/4/5,0.03181914,0.085667357,1.908634085,0.754010481,0.754010481
2021/4/6,0.04762687,0.13222873,3.489578786,1.060377754,1.060377754
2021/4/7,0.190546896,0.381082235,3.224546882,1.507650093,1.507650093
2021/4/8,0.284855551,0.454659081,1.533168397,1.105612391,1.105612391
2021/4/9,0.100551587,0.305098962,1.713904818,1.028639162,1.028639162
2021/4/10,0.026910059,0.35223771,1.750741966,1.062700847,1.062700847
2021/4/11,0.00581377,0.222473379,3.21255201,1.326413452,1.326413452
2021/4/12,0.008199615,0.200048783,2.417805881,1.160631482,1.160631482
2021/4/13,0.036470744,0.359519787,2.083266266,1.263385668,1.263385668
2021/4/14,0.047614766,1.072714928,3.579591688,3.040003356,3.040003356
2021/4/15,0.154144141,1.836214129,5.395826675,3.913079223,3.913079223
2021/4/16,0.192749163,1.838515403,3.214638308,3.27480296,3.27480296
2021/4/17,0.340189017,1.756933328,1.619671418,2.392753124,2.392753124
2021/4/18,0.342712666,2.074175665,0.405218772,1.021612916,1.021612916
2021/4/19,0.519355504,3.142476544,0.47797368,1.28402722,1.28402722
2021/4/20,0.477949682,2.795341839,0.849861747,2.290597441,2.290597441
2021/4/21,0.484942233,0.875781201,1.063130472,1.803963181,1.803963181
2021/4/22,0.300739605,1.259859874,0.843208841,1.10556612,1.10556612
2021/4/23,0.214722232,2.187461738,1.217119663,1.134422859,1.134422859
2021/4/24,0.632505853,2.844329116,1.86637678,1.536702368,1.536702368
2021/4/25,1.026415294,3.506548682,2.990499975,2.222794408,2.222794408
2021/4/26,0.87722358,3.234381612,2.610862475,1.641907892,1.641907892
2021/4/27,0.753244103,1.421208725,2.444820196,1.472402675,1.472402675
2021/4/28,0.434436663,1.00365372,3.878946773,2.105848238,2.105848238
2021/4/29,0.588379194,1.568454014,4.44654098,2.649962896,2.649962896
2021/4/30,1.458250897,1.755646149,4.802101987,3.900325435,3.900325435
2021/5/1,2.318914863,1.99929621,4.732116667,3.64833269,3.64833269
2021/5/2,3.205465058,2.89091498,4.547128338,3.396554036,3.396554036
2021/5/3,3.691418367,2.853145268,4.534927514,2.730881359,2.730881359
2021/5/4,4.048322216,4.101475078,3.701434623,3.063892466,3.063892466
2021/5/5,3.897107742,4.744466602,2.015107867,3.442666608,3.442666608
2021/5/6,3.214433947,5.181977341,4.874834482,5.046618051,5.046618051
2021/5/7,3.56615755,6.546418355,4.962795008,6.015701663,6.015701663
2021/5/8,4.686535947,7.169889078,4.494398364,6.196476058,6.196476058
2021/5/9,5.002814613,7.169859591,4.637304074,6.551767775,6.551767775
2021/5/10,4.177729498,7.360416685,4.751629398,6.733731219,6.733731219
2021/5/11,3.793319319,4.762422852,4.377402812,5.32651045,5.32651045
2021/5/12,3.73967758,4.495578558,2.959154916,4.307189823,4.307189823
2021/5/13,4.227964429,4.309069563,3.499172354,4.894310612,4.894310612
2021/5/14,4.836581579,3.654482331,2.950301145,4.192489136,4.192489136
2021/5/15,4.398233228,3.060302808,2.612389156,3.18950868,3.18950868
2021/5/16,4.133442863,2.613497942,2.071576948,2.549134254,2.549134254
2021/5/17,3.434187367,2.016121539,1.602016434,2.045077661,2.045077661
2021/5/18,2.48916464,1.740692465,1.185054743,1.966155177,1.966155177
2021/5/19,2.21461382,2.042996339,0.809713865,2.110939833,2.110939833
2021/5/20,2.461587467,2.33459189,0.782872442,2.142119983,2.142119983
2021/5/21,3.374883063,2.875823055,1.268804477,2.608515145,2.608515145
2021/5/22,3.278820274,3.473351414,2.265166825,3.85279435,3.85279435
2021/5/23,4.710621898,4.931784246,4.508138059,6.399114668,6.399114668
2021/5/24,4.786975182,3.14564042,3.497960899,5.035973945,5.035973945
2021/5/25,4.208673171,2.182206698,1.649408265,2.387402541,2.387402541
2021/5/26,4.564430527,2.595865929,1.284251592,2.427482945,2.427482945
2021/5/27,4.627349956,3.386568174,1.813024692,3.375583433,3.375583433
2021/5/28,4.618639938,3.725218079,1.40050575,3.774898826,3.774898826
2021/5/29,4.196589902,2.887563456,0.768928953,2.582953033,2.582953033
2021/5/30,3.992067057,3.098544977,1.208189656,3.168214997,3.168214997
2021/5/31,3.927265805,3.376280105,2.134703025,4.49127577,4.49127577
2021/6/1,4.425503083,3.787208435,2.535216915,5.89232526,5.89232526
2021/6/2,3.497620568,2.916965548,2.143178491,4.137724909,4.137724909
2021/6/3,3.166849547,2.543223762,1.547564827,3.274054276,3.274054276
2021/6/4,2.626151898,2.036718805,1.013811008,2.312405729,2.312405729
2021/6/5,2.177655531,1.705919925,0.781579607,2.107371737,2.107371737
2021/6/6,1.503259639,1.111300496,0.56607897,1.580421257,1.580421257
2021/6/7,1.128341616,1.106059443,0.622970229,1.859056237,1.859056237
2021/6/8,1.128517378,1.210130735,0.717442509,1.852211733,1.852211733
2021/6/9,1.227063979,1.078337428,0.664847474,1.693391778,1.693391778
2021/6/10,1.151504457,0.914796885,0.530796696,1.35409612,1.35409612
2021/6/11,0.977511541,0.766689076,0.442957696,1.17889541,1.17889541
2021/6/12,0.831552386,0.612933835,0.435789667,0.99897977,0.99897977
2021/6/13,0.844657571,0.532763325,0.464624172,0.835989539,0.835989539
2021/6/14,0.84125672,0.480956257,0.532285116,0.737539721,0.737539721
2021/6/15,0.822441858,0.346534499,0.432594045,0.611976151,0.611976151
2021/6/16,0.84300032,0.304961804,0.342777241,0.448503913,0.448503913
2021/6/17,0.759207143,0.286828738,0.329673379,0.408672782,0.408672782
2021/6/18,0.739927126,0.266398525,0.31421932,0.312093329,0.312093329
2021/6/19,0.569839154,0.241129674,0.306765545,0.260147419,0.260147419
2021/6/20,0.429626175,0.185298608,0.306344758,0.198966662,0.198966662
2021/6/21,0.245752424,0.138350614,0.318674624,0.184643369,0.184643369
2021/6/22,0.277944169,0.145803798,0.290954218,0.147190466,0.147190466
2021/6/23,0.229233443,0.149822423,0.208603478,0.136307902,0.136307902
2021/6/24,0.226950649,0.136071112,0.172874239,0.118478816,0.118478816
2021/6/25,0.182407342,0.125688565,0.175041257,0.111530948,0.111530948
2021/6/26,0.089478046,0.113117432,0.175271342,0.091713911,0.091713911
2021/6/27,0.07967177,0.110613575,0.148555923,0.072889757,0.072889757
2021/6/28,0.076484332,0.098919948,0.124762155,0.07240077,0.07240077
2021/6/29,0.068955874,0.095371994,0.097113438,0.047633674,0.047633674
2021/6/30,0.055823694,0.077666953,0.067232117,0.026940176,0.026940176
2021/7/1,0.049866817,0.074082938,0.062118469,0.020832801,0.020832801
2021/7/2,0.033623311,0.07014645,0.069472391,0.019761578,0.019761578
2021/7/3,0.029753683,0.061551237,0.060765286,0.018709279,0.018709279
2021/7/4,0.019064224,0.054799411,0.065784613,0.018012121,0.018012121
2021/7/5,0.012099015,0.0560463,0.065549563,0.016147417,0.016147417
2021/7/6,0.006441156,0.04702581,0.057217329,0.012948262,0.012948262
2021/7/7,0.003823764,0.039045137,0.046690611,0.009804463,0.009804463
2021/7/8,0.001954492,0.029703446,0.038539934,0.007055143,0.007055143
2021/7/9,0.001911404,0.025738836,0.041670062,0.007229839,0.007229839
2021/7/10,0.003414882,0.02051305,0.037257774,0.005933499,0.005933499
2021/7/11,0.003240785,0.017735163,0.029794347,0.004699127,0.004699127
2021/7/12,0.001248472,0.018861843,0.025547995,0.003854614,0.003854614
2021/7/13,0.000798505,0.023158316,0.032056514,0.004468012,0.004468012
2021/7/14,0.000604389,0.026750798,0.035550335,0.004780678,0.004780678
2021/7/15,0.013870493,0.038092244,0.023758986,0.003120485,0.003120485
2021/7/16,0.030467244,0.04234697,0.029035651,0.003885887,0.003885887
2021/7/17,0.024200023,0.039016122,0.035506993,0.006316729,0.006316729
2021/7/18,0.014860098,0.029006983,0.030900435,0.00630651,0.00630651
2021/7/19,0.008304256,0.023234594,0.039396221,0.004247091,0.004247091
2021/7/20,0.002927669,0.020616187,0.038520859,0.002839492,0.002839492
2021/7/21,0.000458253,0.01595947,0.036017393,0.001952105,0.001952105
2021/7/22,0.000113087,0.011897672,0.027219331,0.001587226,0.001587226
2021/7/23,8.73E-05,0.01519457,0.021448478,0.001268002,0.001268002
2021/7/24,4.27E-05,0.016571183,0.024123627,0.001112734,0.001112734
2021/7/25,5.66E-05,0.02109908,0.023992903,8.97E-04,0.000896744
2021/7/26,5.63E-05,0.02277954,0.022090575,7.47E-04,0.000747452
2021/7/27,0.000419025,0.016341306,0.016856833,5.22E-04,0.000521571
2021/7/28,0.004674679,0.014369767,0.01657159,4.07E-04,0.000407424
2021/7/29,0.021204334,0.014406968,0.017115313,3.47E-04,0.000346982
2021/7/30,0.032357832,0.01073934,0.015277147,2.51E-04,0.000251166
2021/7/31,0.084547467,0.007880718,0.016235443,1.59E-04,0.000158715
2021/8/1,0.076183827,0.006441136,0.015761366,9.89E-05,9.89E-05
2021/8/2,0.062826497,0.006361502,0.013369681,1.35E-04,0.000134907
2021/8/3,0.067024122,0.023693871,0.009724462,8.10E-04,0.000809754
2021/8/4,0.230992613,0.020338821,0.006739605,3.34E-04,0.000334017
2021/8/5,0.326334452,0.017829795,0.007586026,1.56E-04,0.000155523
2021/8/6,0.090939035,0.027593517,0.005485548,8.95E-05,8.95E-05
2021/8/7,0.027136824,0.032117038,0.006456666,6.65E-04,0.000665253
2021/8/8,0.008371675,0.01807765,0.00634112,5.68E-04,0.000568226
2021/8/9,0.005660944,0.012904066,0.004673063,2.28E-04,0.000227736
2021/8/10,0.018490907,0.020150575,0.003513173,2.85E-04,0.000284796
2021/8/11,0.013086029,0.019106557,0.003408696,3.06E-04,0.000306061
2021/8/12,0.005290058,0.025669601,0.003994272,2.40E-04,0.000240303
2021/8/13,0.005440202,0.024452228,0.004432564,2.29E-04,0.000228968
2021/8/14,0.006247849,0.016771234,0.003652836,1.31E-04,0.000130523
2021/8/15,0.009252424,0.017020147,0.00305437,0.002132942,0.002132942
2021/8/16,0.009347867,0.018998873,0.002793586,0.006208047,0.006208047
2021/8/17,0.007413902,0.016344268,0.002611799,0.003606971,0.003606971
2021/8/18,0.009206736,0.013973658,0.003297827,0.006039321,0.006039321
2021/8/19,0.016555483,0.012349298,0.003320527,0.005346982,0.005346982
2021/8/20,0.020259988,0.01431084,0.001922083,0.002503237,0.002503237
2021/8/21,0.041913055,0.044712764,0.005813931,0.015895086,0.015895086
2021/8/22,0.134043817,0.101477065,0.039303812,0.110068643,0.110068643
2021/8/23,0.142735528,0.078081942,0.072588665,0.119894395,0.119894395
2021/8/24,0.097405236,0.048048065,0.066112342,0.068320484,0.068320484
2021/8/25,0.060046893,0.025072045,0.037758875,0.031823007,0.031823007
2021/8/26,0.046409784,0.015737574,0.018071472,0.022098964,0.022098964
2021/8/27,0.039161756,0.022409182,0.011044007,0.023566111,0.023566111
2021/8/28,0.042425229,0.046970467,0.007719695,0.023338661,0.023338661
2021/8/29,0.045768259,0.093447615,0.007179454,0.040481925,0.040481925
2021/8/30,0.047151723,0.100171735,0.009187088,0.126685532,0.126685532
2021/8/31,0.042517136,0.067699451,0.011750733,0.085308504,0.085308504
2021/9/1,0.045383435,0.031197286,0.043238121,0.050529172,0.050529172
2021/9/2,0.038833544,0.015576809,0.056551112,0.02093898,0.02093898
2021/9/3,0.044687811,0.012573378,0.043350933,0.012241205,0.012241205
2021/9/4,0.101475436,0.032647617,0.039322629,0.022638258,0.022638258
2021/9/5,0.149962459,0.04949204,0.025269081,0.027343914,0.027343914
2021/9/6,0.282705976,0.063325435,0.018234741,0.029373451,0.029373451
2021/9/7,0.239354679,0.040077384,0.014518315,0.02522343,0.02522343
2021/9/8,0.138520139,0.029564697,0.013531705,0.027769564,0.027769564
2021/9/9,0.115119043,0.02608453,0.010217727,0.020486576,0.020486576
2021/9/10,0.082301061,0.022547547,0.00783324,0.018760793,0.018760793
2021/9/11,0.068200911,0.019915682,0.004814897,0.013783274,0.013783274
2021/9/12,0.124694471,0.014181874,0.002961742,0.009265795,0.009265795
2021/9/13,0.414641682,0.012963956,0.004037171,0.019129603,0.019129603
2021/9/14,0.406012211,0.021125569,0.006718673,0.030428333,0.030428333
2021/9/15,0.318317539,0.051487689,0.017529219,0.059519191,0.059519191
2021/9/16,0.172582615,0.098639329,0.024694636,0.075155303,0.075155303
2021/9/17,0.237784951,0.119576214,0.031991566,0.061924669,0.061924669
2021/9/18,0.271157884,0.118793914,0.097808498,0.128454355,0.128454355
2021/9/19,0.188507276,0.223966889,0.204125367,0.266579156,0.266579156
2021/9/20,0.254999616,0.189091059,0.118200984,0.143113994,0.143113994
2021/9/21,0.34217992,0.255373147,0.189802206,0.267718654,0.267718654
2021/9/22,0.444906616,0.181653201,0.133798576,0.162071496,0.162071496
2021/9/23,0.433127518,0.137928522,0.086466116,0.149215366,0.149215366
2021/9/24,0.382693452,0.265606424,0.184879395,0.421494328,0.421494328
2021/9/25,0.34822865,0.186666671,0.320816997,0.327124616,0.327124616
2021/9/26,0.252049912,0.178723067,0.31574274,0.409112112,0.409112112
2021/9/27,0.138689574,0.172545171,0.282701707,0.399788064,0.399788064
2021/9/28,0.118622283,0.30920761,0.300727566,0.40942825,0.40942825
2021/9/29,0.113391445,0.274218197,0.302856825,0.38414043,0.38414043
2021/9/30,0.120252029,0.248291069,0.403734814,0.39260261,0.39260261
2021/10/1,0.156261739,0.369164427,0.35698016,0.347675162,0.347675162
2021/10/2,0.174776037,0.31453659,0.315305145,0.299804394,0.299804394
2021/10/3,0.17437073,0.226667019,0.257172149,0.227676959,0.227676959
2021/10/4,0.074516257,0.200629019,0.221989618,0.228558905,0.228558905
2021/10/5,0.175342486,0.412246838,0.237272762,0.338264018,0.338264018
2021/10/6,0.330284118,0.542993192,0.381212836,0.665053049,0.665053049
2021/10/7,0.292456595,0.505198208,0.491085721,0.591276425,0.591276425
2021/10/8,0.284327718,0.506648617,0.842917309,0.648660194,0.648660194
2021/10/9,0.37640383,0.617157972,0.884826367,0.715587654,0.715587654
2021/10/10,0.293017862,0.453877958,0.325499543,0.340704469,0.340704469
2021/10/11,0.131356655,0.206360605,0.243174106,0.228926849,0.228926849
2021/10/12,0.05564294,0.103200075,0.146321923,0.139941376,0.139941376
2021/10/13,0.067000143,0.291088174,0.173395295,0.192521548,0.192521548
2021/10/14,0.060825878,0.270251469,0.269668467,0.307928805,0.307928805
2021/10/15,0.076855454,0.200777421,0.49338612,0.516388007,0.516388007
2021/10/16,0.045870716,0.141897997,0.538984896,0.460914333,0.460914333
2021/10/17,0.193957448,0.187696389,0.396406518,0.402988382,0.402988382
2021/10/18,0.175624791,0.140303675,0.297973677,0.285868285,0.285868285
2021/10/19,0.125678395,0.159355226,0.431894831,0.352973296,0.352973296
2021/10/20,0.332357793,0.391719008,0.554667822,0.544285308,0.544285308
2021/10/21,0.455509639,0.625681296,0.505221402,0.482366237,0.482366237
2021/10/22,0.276214537,0.532483836,0.483707585,0.475831071,0.475831071
2021/10/23,0.169055968,0.408334347,0.518888211,0.56699644,0.56699644
2021/10/24,0.114061786,0.194665964,0.723693454,0.428397763,0.428397763
2021/10/25,0.165213495,0.277855044,0.537816295,0.365380545,0.365380545
2021/10/26,0.091581387,0.21890726,0.391867048,0.353306182,0.353306182
2021/10/27,0.07188493,0.116941622,0.150584141,0.172804701,0.172804701
2021/10/28,0.038327305,0.04167654,0.02725634,0.04423567,0.04423567
2021/10/29,0.00447223,0.024937458,0.032532302,0.047707836,0.047707836
2021/10/30,0.005938091,0.021260116,0.03706665,0.050015604,0.050015604
2021/10/31,0.00833353,0.029375054,0.043228473,0.045184958,0.045184958
2021/11/1,0.007746238,0.023152988,0.042504649,0.044828294,0.044828294
2021/11/2,0.003682532,0.014727109,0.021516842,0.023928104,0.023928104
2021/11/3,0.006566494,0.012740382,0.048386735,0.023166564,0.023166564
2021/11/4,0.006875454,0.015401208,0.045320393,0.023826698,0.023826698
2021/11/5,0.000862272,0.007012659,0.064436636,0.031545107,0.031545107
2021/11/6,0.005582908,0.143763856,0.403901337,0.494366507,0.494366507
2021/11/7,0.002436382,0.165868436,0.435668671,0.397337585,0.397337585
2021/11/8,0.00069609,0.005507864,0.055427264,0.038401936,0.038401936
2021/11/9,0.003991224,0.006321488,0.040740579,0.028123772,0.028123772
2021/11/10,0.002016385,0.00380771,0.0503173,0.019092566,0.019092566
2021/11/11,0.003178941,0.004378619,0.029043034,0.02177062,0.02177062
2021/11/12,0.003468846,0.004880145,0.020541023,0.015858385,0.015858385
2021/11/13,0.002006664,0.003307406,0.018981839,0.014361054,0.014361054
2021/11/14,0.001683299,0.003485155,0.023414794,0.017361379,0.017361379
2021/11/15,0.001805989,0.003401629,0.017499328,0.012969472,0.012969472
2021/11/16,0.001238894,0.001257155,0.003620674,0.002928239,0.002928239
2021/11/17,0.000130769,0.000159384,0.000848295,0.001320797,0.001320797
2021/11/18,7.69E-05,0.000115459,0.000727092,1.64E-04,0.000163939
2021/11/19,5.70E-05,0.000186804,0.00058748,1.33E-04,0.000132815
2021/11/20,1.77E-08,1.14E-06,9.23E-07,2.32E-05,2.32E-05
2021/11/21,0,0,1.31E-05,3.11E-04,0.000310773
2021/11/22,2.96E-05,1.35E-05,0.000778913,8.60E-04,0.000860253
2021/11/23,0.000382341,0.000315585,0.002154499,0.001852252,0.001852252
2021/11/24,0.000493102,0.00054645,0.003327765,0.002736502,0.002736502
2021/11/25,0.000345049,0.000473066,0.012464304,0.014447737,0.014447737
2021/11/26,0.001671898,0.002487559,0.019858087,0.007063932,0.007063932
2021/11/27,1.36E-06,0,4.55E-06,5.08E-06,5.08E-06
2021/11/28,4.60E-11,0,0.009802932,3.08E-07,3.08E-07
2021/11/29,1.26E-07,9.80E-06,0.002044438,1.10E-04,0.000110244
2021/11/30,2.28E-06,4.79E-06,0.001489148,0.002043198,0.002043198
2021/12/1,0.000124382,0.000244511,0.054077451,0.004320169,0.004320169
2021/12/2,5.26E-05,5.67E-05,0.099630503,0.001872688,0.001872688
2021/12/3,0.000324692,0.000723646,0.005564486,0.002791515,0.002791515
2021/12/4,0.0007643,0.000976716,0.003014832,0.002715922,0.002715922
2021/12/5,0.000628902,0.000167165,0.000573563,8.72E-04,0.000871516
2021/12/6,0.000542519,0.000464472,0.002947551,0.00191943,0.00191943
2021/12/7,0.000578242,0.000645581,0.006391842,0.003231966,0.003231966
2021/12/8,0.000177022,0.00013002,0.000500198,8.17E-04,0.000816825
2021/12/9,1.04E-05,0,9.56E-05,6.26E-05,6.26E-05
2021/12/10,0,0,0,0,0
2021/12/11,0,0,0,0,0
2021/12/12,0,0,7.10E-05,2.04E-05,2.04E-05
2021/12/13,4.74E-05,0.000106077,0.000292673,1.06E-04,0.000105975
2021/12/14,0,0,0,0,0
2021/12/15,0,0,0,0,0
2021/12/16,0,0,0,0,0
2021/12/17,0,0,0,0,0
2021/12/18,0,0,0,1.65E-08,1.65E-08
2021/12/19,0.027171426,0.04817236,0.000447586,1.48E-04,0.000147828
2021/12/20,0.053784843,0.258589038,0.000270668,2.96E-04,0.00029567
2021/12/21,6.03E-07,3.79E-05,3.41E-05,7.87E-06,7.87E-06
2021/12/22,0.000231409,5.27E-05,0,0,0
2021/12/23,0.002148051,0.000321915,0,2.85E-07,2.85E-07
2021/12/24,4.42E-09,0,0,2.97E-06,2.97E-06
2021/12/25,0.016169916,0.013240094,0,8.53E-08,8.53E-08
2021/12/26,0.097672222,0.514404796,0,0,0
2021/12/27,0.045315522,0.444083551,1.97E-05,2.26E-05,2.26E-05
2021/12/28,0.027791254,0.05283677,0,6.75E-08,6.75E-08
2021/12/29,0.005502129,0.035153567,0,8.13E-08,8.13E-08
2021/12/30,1.35E-08,0,0,6.75E-06,6.75E-06
2021/12/31,0,0,0,0,0
2022/1/1,0,0,0,0,0
2022/1/2,0,0,0,4.07E-06,4.07E-06
2022/1/3,0,0,0,9.19E-07,9.19E-07
2022/1/4,6.76E-08,0,0.000210024,6.22E-05,6.22E-05
2022/1/5,3.79E-07,6.98E-07,1.07E-06,3.06E-05,3.06E-05
2022/1/6,2.30E-05,3.73E-05,7.35E-05,2.18E-04,0.0002178
2022/1/7,7.90E-05,5.21E-07,0.000127817,3.12E-04,0.00031156
2022/1/8,3.76E-06,-1.20E-10,2.77E-05,6.61E-05,6.61E-05
2022/1/9,0,0,0,5.03E-06,5.03E-06
2022/1/10,0,0,3.12E-06,1.71E-05,1.71E-05
2022/1/11,0,0,0,3.77E-06,3.77E-06
2022/1/12,0,0,0,7.04E-09,7.04E-09
2022/1/13,3.37E-07,0,7.69E-06,6.80E-05,6.80E-05
2022/1/14,0,0,9.72E-07,4.31E-06,4.31E-06
2022/1/15,0,0,0.000303023,1.37E-04,0.00013743
2022/1/16,1.53E-06,3.73E-07,4.72E-05,2.99E-05,2.99E-05
2022/1/17,1.95E-05,4.75E-07,0.000282696,5.59E-04,0.000559354
2022/1/18,0.000374668,7.13E-05,0.002273736,0.001340493,0.001340493
2022/1/19,9.13E-05,4.62E-07,0.000318402,4.14E-04,0.000414333
2022/1/20,9.72E-05,1.31E-05,0.000228624,3.70E-04,0.000370071
2022/1/21,8.23E-07,3.08E-06,1.86E-05,8.79E-06,8.79E-06
2022/1/22,0,0,0.006630171,1.40E-05,1.40E-05
2022/1/23,0,0,0.014752763,8.14E-04,0.000813914
2022/1/24,0.002176991,0.010186603,0.000178887,8.45E-05,8.45E-05
2022/1/25,8.53E-05,0.001461073,2.12E-06,1.05E-06,1.05E-06
2022/1/26,0,0,0.000254348,0,0
2022/1/27,0,0,0,0,0
2022/1/28,0,0,1.74E-05,0,0
2022/1/29,0,8.18E-07,-2.61E-10,3.67E-10,3.67E-10
2022/1/30,0,0,0,3.22E-07,3.22E-07
2022/1/31,0,0,0,3.01E-06,3.01E-06
2022/2/1,0,0,4.46E-07,9.69E-07,9.69E-07
2022/2/2,0,0,6.29E-10,4.02E-06,4.02E-06
2022/2/3,3.44E-08,0,2.65E-06,5.49E-06,5.49E-06
2022/2/4,9.95E-06,0,0.000194124,1.65E-05,1.65E-05
2022/2/5,0,3.89E-06,1.43E-05,6.21E-06,6.21E-06
2022/2/6,7.02E-05,0,5.98E-05,2.32E-04,0.000231514
2022/2/7,0.00019805,0.000122662,0.036440635,0.005648876,0.005648876
2022/2/8,0.000342868,0.000404043,0.005861372,0.001368124,0.001368124
2022/2/9,8.05E-06,1.78E-06,0.021374483,0.001562431,0.001562431
2022/2/10,-3.63E-12,1.18E-05,0.135930046,0.024667563,0.024667563
2022/2/11,7.08E-05,2.84E-06,4.58E-05,1.05E-04,0.00010514
2022/2/12,1.94E-05,0,0.000202728,2.93E-05,2.93E-05
2022/2/13,0,0,6.24E-05,6.01E-06,6.01E-06
2022/2/14,0,0,7.51E-08,0,0
2022/2/15,8.29E-08,0,0.000120048,8.22E-06,8.22E-06
2022/2/16,6.41E-06,1.22E-05,6.01E-05,1.26E-04,0.000125783
2022/2/17,9.78E-07,3.02E-05,0.000208917,0,0
2022/2/18,1.21E-08,9.77E-06,1.16E-05,6.00E-05,6.00E-05
2022/2/19,3.79E-06,2.72E-07,5.61E-05,5.79E-05,5.79E-05
2022/2/20,2.46E-06,0,5.00E-05,9.30E-05,9.30E-05
2022/2/21,0.000359182,1.18E-05,0.002461818,4.23E-04,0.000422674
2022/2/22,0.000285204,0.000293298,0.002079441,0.001465643,0.001465643
2022/2/23,0.006061158,0.003799619,0.012544025,0.005486841,0.005486841
2022/2/24,0.038423668,0.067489785,0.014782843,0.007136523,0.007136523
2022/2/25,0.017183795,0.032185019,0.010915598,0.006614222,0.006614222
2022/2/26,0.013785213,0.024912185,0.036335688,0.014689243,0.014689243
2022/2/27,0.000518538,0.004841651,0.001242045,0.001079419,0.001079419
2022/2/28,0.000579041,0.000441948,0.004937604,0.004713005,0.004713005
2022/3/1,0.001519526,0.002329741,0.026484493,0.012347996,0.012347996
2022/3/2,0.001846626,0.00276163,0.040916036,0.009996943,0.009996943
2022/3/3,0.000214536,0.000561245,0.001302751,7.63E-04,0.000762992
2022/3/4,0.00065805,0.000528646,0.002798426,0.003052834,0.003052834
2022/3/5,0.002381346,0.002778709,0.025696294,0.016589831,0.016589831
2022/3/6,0.004097557,0.006193554,0.076461575,0.026706979,0.026706979
2022/3/7,0.027682921,0.040275358,0.309487438,0.137435723,0.137435723
2022/3/8,0.04305764,0.054409621,0.223799456,0.132484689,0.132484689
2022/3/9,0.012192534,0.010176577,0.064268629,0.030698213,0.030698213
2022/3/10,0.006979673,0.005457733,0.047087895,0.021604559,0.021604559
2022/3/11,0.000663186,0.000476353,0.020193821,0.0051594,0.0051594
2022/3/12,0.001056652,0.000644145,0.009100325,0.006928089,0.006928089
2022/3/13,0.001090508,0.001218863,0.015523661,0.011672679,0.011672679
2022/3/14,0.00115779,0.000612851,0.011894234,0.010185061,0.010185061
2022/3/15,9.85E-06,0.000117324,0.0020626,0.001384422,0.001384422
2022/3/16,0.001360329,0.000694808,0.003328644,0.00347674,0.00347674
2022/3/17,0.001061278,0.001165288,0.027163645,0.010190991,0.010190991
2022/3/18,0.001035678,0.001515251,0.039614624,0.010108343,0.010108343
2022/3/19,0.000407852,0.000967895,0.022481894,0.0065925,0.0065925
2022/3/20,0.000437726,0.000875775,0.048195174,0.012025176,0.012025176
2022/3/21,0.002036385,0.003455341,0.049041508,0.032166172,0.032166172
2022/3/22,0.006893381,0.006872873,0.131807136,0.026354328,0.026354328
2022/3/23,0.009263274,0.008449897,0.702308237,0.203575003,0.203575003
2022/3/24,0.004209001,0.001394032,0.042727804,0.031122374,0.031122374
2022/3/25,0.004783692,0.002489876,0.018274543,0.008567207,0.008567207
2022/3/26,0.00225215,0.002875615,0.023895313,0.013704466,0.013704466
2022/3/27,0.012302594,0.013456664,0.080018353,0.04974065,0.04974065
2022/3/28,0.002702175,0.005541066,0.028851346,0.019699979,0.019699979
2022/3/29,0.005156447,0.010171119,0.091192828,0.039801075,0.039801075
2022/3/30,0.01351759,0.016721674,0.21065533,0.081035718,0.081035718
2022/3/31,0.025577598,0.02717831,0.162160184,0.068042062,0.068042062
2022/4/1,0.033745465,0.044190506,0.634379515,0.185706788,0.185706788
2022/4/2,0.064528845,0.100360406,0.673350993,0.326908783,0.326908783
2022/4/3,0.036674169,0.04671254,0.180501791,0.170784107,0.170784107
2022/4/4,0.028857597,0.063364871,0.936304795,0.349218205,0.349218205
2022/4/5,0.080001913,0.282719482,3.015196469,1.030716684,1.030716684
2022/4/6,0.142100712,0.43693362,3.279601953,1.189959997,1.189959997
2022/4/7,0.18047244,0.506027536,2.102487486,1.38527686,1.38527686
2022/4/8,0.108318596,0.346809123,0.828946864,1.081114451,1.081114451
2022/4/9,0.028882669,0.06675667,0.403219824,0.274259596,0.274259596
2022/4/10,0.003998013,0.014045385,0.372426675,0.186620578,0.186620578
2022/4/11,0.027554035,0.069426272,0.916206817,0.608555358,0.608555358
2022/4/12,0.039644346,0.202417323,1.209858657,0.911847997,0.911847997
2022/4/13,0.057744709,0.288245928,1.830958811,1.054157005,1.054157005
2022/4/14,0.086203181,0.469239261,3.254115229,1.675281046,1.675281046
2022/4/15,0.089458094,0.329089155,4.530441717,1.822681986,1.822681986
2022/4/16,0.160253423,0.55110883,7.40026776,3.11437489,3.11437489
2022/4/17,0.805821802,1.086364989,5.837803515,2.699320844,2.699320844
2022/4/18,0.565092467,0.918680251,2.378330023,1.70809892,1.70809892
2022/4/19,0.145953327,0.216719021,0.937124639,0.609038607,0.609038607
2022/4/20,0.040671327,0.109289855,1.32493826,0.481310535,0.481310535
2022/4/21,0.060061595,0.193349768,0.603003374,0.25569914,0.25569914
2022/4/22,0.078308342,0.378359508,1.082551783,0.712730272,0.712730272
2022/4/23,0.103930679,0.805058888,0.587290783,0.884460338,0.884460338
2022/4/24,0.306900199,1.833819367,0.961076187,0.921775542,0.921775542
2022/4/25,0.473510489,2.842856047,2.553284602,1.748342809,1.748342809
2022/4/26,0.455805018,3.638882707,3.856434033,3.154983094,3.154983094
2022/4/27,0.338512596,3.676749238,5.789798292,4.182794096,4.182794096
2022/4/28,0.276133064,2.284845886,7.907085712,3.603360573,3.603360573
2022/4/29,1.205509691,3.196856828,11.65777808,5.122662452,5.122662452
2022/4/30,2.517139299,4.358986615,7.20348841,4.513062283,4.513062283
2022/5/1,1.985272185,4.792142084,4.374803725,4.243327708,4.243327708
2022/5/2,1.995724578,4.983570396,2.520075664,3.325704437,3.325704437
2022/5/3,1.95801966,4.603692451,2.273221793,3.620580219,3.620580219
2022/5/4,1.878452348,4.979409063,4.152709813,5.035918912,5.035918912
2022/5/5,1.822524348,4.561006982,4.385453707,5.076937655,5.076937655
2022/5/6,2.223861371,4.534603838,5.218197176,4.483627509,4.483627509
2022/5/7,2.956897633,4.729673349,3.845849908,5.654483203,5.654483203
2022/5/8,2.391077964,3.509506239,2.240893934,3.524736172,3.524736172
2022/5/9,1.928526232,2.772986541,2.647030291,3.618298755,3.618298755
2022/5/10,1.685961115,2.086332295,3.526963854,4.995308133,4.995308133
2022/5/11,3.568542439,3.794922204,4.462458651,7.275921969,7.275921969
2022/5/12,5.312320811,6.194228429,4.965946576,8.692969608,8.692969608
2022/5/13,5.855559313,7.094057385,5.143314925,9.302284481,9.302284481
2022/5/14,4.889627136,5.8621324,4.553003869,8.338694983,8.338694983
2022/5/15,4.686161509,5.075523352,4.471057899,6.815045969,6.815045969
2022/5/16,5.731671829,4.844141074,3.86158119,5.630793976,5.630793976
2022/5/17,5.677903962,4.988082403,3.964327517,5.351928291,5.351928291
2022/5/18,5.681043807,5.006732725,2.768510919,4.740529934,4.740529934
2022/5/19,5.793126229,5.456672571,2.012711768,3.940509992,3.940509992
2022/5/20,6.318317544,5.927831832,1.557978681,3.866616549,3.866616549
2022/5/21,5.710663041,5.842351202,1.299415491,4.069077138,4.069077138
2022/5/22,5.109732452,5.17762483,1.410184547,4.003850578,4.003850578
2022/5/23,4.994960316,4.13816997,1.31938266,4.26299972,4.26299972
2022/5/24,4.221396349,3.845951788,1.153001811,3.195470907,3.195470907
2022/5/25,4.18489895,4.004077549,1.060839481,2.896488002,2.896488002
2022/5/26,3.100018107,3.330452979,0.97547849,2.487100059,2.487100059
2022/5/27,2.867230706,3.050577967,0.798352797,2.365269367,2.365269367
2022/5/28,3.367649818,2.774748879,0.676059394,2.380868344,2.380868344
2022/5/29,3.837929027,2.817066103,0.67593913,2.217540909,2.217540909
2022/5/30,3.861132518,3.073597309,0.808555874,2.4583139,2.4583139
2022/5/31,3.480055819,3.060118008,0.90065298,2.545882732,2.545882732
2022/6/1,3.404144342,2.841777797,0.934360395,2.573357128,2.573357128
2022/6/2,3.671924247,2.678379231,0.973924958,2.607000083,2.607000083
2022/6/3,3.548197933,2.470463893,1.052077872,2.670061694,2.670061694
2022/6/4,2.892001322,2.120007394,1.206790194,2.46632846,2.46632846
2022/6/5,2.094974524,1.773360405,1.277471358,2.41079285,2.41079285
2022/6/6,1.777914129,1.635478976,1.137091557,1.967747238,1.967747238
2022/6/7,1.472365163,1.220201645,0.859135519,1.520708798,1.520708798
2022/6/8,1.155423832,0.959179116,0.77949437,1.384889793,1.384889793
2022/6/9,1.045557436,0.781508757,0.763409073,1.092657808,1.092657808
2022/6/10,1.059766799,0.663705658,0.769872175,0.866309993,0.866309993
2022/6/11,1.004723389,0.575251549,0.626660808,0.661903233,0.661903233
2022/6/12,0.817585718,0.454311219,0.422297322,0.406341441,0.406341441
2022/6/13,0.593221323,0.454084631,0.410451134,0.464106499,0.464106499
2022/6/14,0.467460886,0.425804112,0.478203395,0.510341492,0.510341492
2022/6/15,0.354296262,0.372998048,0.546284404,0.451554027,0.451554027
2022/6/16,0.23693998,0.341930267,0.552440453,0.384988325,0.384988325
2022/6/17,0.138743342,0.304725739,0.509735373,0.327724295,0.327724295
2022/6/18,0.091986391,0.262009428,0.477569408,0.254327988,0.254327988
2022/6/19,0.05538866,0.199325835,0.439110733,0.199978859,0.199978859
2022/6/20,0.042859413,0.150853981,0.406697631,0.148821918,0.148821918
2022/6/21,0.031811855,0.123061369,0.340670954,0.110447199,0.110447199
2022/6/22,0.018397191,0.11600836,0.323557629,0.09642231,0.09642231
2022/6/23,0.010297331,0.106508244,0.208196987,0.16540155,0.16540155
2022/6/24,0.015073801,0.09812171,0.280061542,0.105325689,0.105325689
2022/6/25,0.011411859,0.091406124,0.28665386,0.076267794,0.076267794
2022/6/26,0.006146734,0.086542713,0.315217298,0.055377044,0.055377044
2022/6/27,0.004977994,0.086077486,0.308990588,0.046226695,0.046226695
2022/6/28,0.005458431,0.081243675,0.301494201,0.035915603,0.035915603
2022/6/29,0.003980672,0.076670262,0.190766465,0.026974322,0.026974322
2022/6/30,0.003111963,0.072057164,0.225800921,0.020537358,0.020537358
2022/7/1,0.000883454,0.070634661,0.2046305,0.014692708,0.014692708
2022/7/2,0.000388546,0.061705684,0.184121227,0.011932811,0.011932811
2022/7/3,0.000721638,0.053880062,0.174591906,0.011517228,0.011517228
2022/7/4,0.003196767,0.049875998,0.153449181,0.010538357,0.010538357
2022/7/5,0.002361607,0.043394669,0.136428809,0.007688355,0.007688355
2022/7/6,0.001233983,0.041249053,0.130130474,0.006165487,0.006165487
2022/7/7,0.000933387,0.032349553,0.116293278,0.00470602,0.00470602
2022/7/8,0.003187937,0.022848753,0.098314786,0.003367712,0.003367712
2022/7/9,0.007876329,0.023841766,0.076618304,0.003376359,0.003376359
2022/7/10,0.005758585,0.027028209,0.064314401,0.004534303,0.004534303
2022/7/11,0.002679851,0.026939181,0.062806911,0.002620447,0.002620447
2022/7/12,0.001336448,0.027731332,0.049673541,0.001769904,0.001769904
2022/7/13,0.004453722,0.025242421,0.031986903,0.012822113,0.012822113
2022/7/14,0.011937319,0.026765067,0.030095402,0.015081231,0.015081231
2022/7/15,0.011979325,0.023604922,0.034180467,0.007195378,0.007195378
2022/7/16,0.006860966,0.022773402,0.026128239,0.002750317,0.002750317
2022/7/17,0.002692917,0.021384626,0.020864253,0.001002178,0.001002178
2022/7/18,0.012825606,0.019835145,0.020022285,5.64E-04,0.000563562
2022/7/19,0.015570844,0.015043679,0.018733834,5.22E-04,0.000522055
2022/7/20,0.03055464,0.015092775,0.014174108,9.58E-04,0.000957971
2022/7/21,0.014785428,0.013656624,0.010487534,7.63E-04,0.000762743
2022/7/22,0.00894389,0.011328832,0.012124401,7.08E-04,0.000708453
2022/7/23,0.01565708,0.011200074,0.012881791,3.14E-04,0.000314242
2022/7/24,0.004761275,0.007835676,0.009974625,1.90E-04,0.000190199
2022/7/25,0.001096186,0.013252292,0.015147305,2.17E-04,0.000216594
2022/7/26,0.001238166,0.028579122,0.016481402,8.91E-05,8.91E-05
2022/7/27,0.006498521,0.009192833,0.013615372,6.10E-05,6.10E-05
2022/7/28,0.005945362,0.010095757,0.00940909,6.12E-05,6.12E-05
2022/7/29,0.007559198,0.00735683,0.010053898,3.50E-05,3.50E-05
2022/7/30,0.005930806,0.006235529,0.010438021,2.38E-05,2.38E-05
2022/7/31,0.002432395,0.012524179,0.009737391,2.09E-05,2.09E-05
2022/8/1,0.000891561,0.011111368,0.009178238,2.15E-05,2.15E-05
2022/8/2,0.000448367,0.017731337,0.007169661,4.48E-05,4.48E-05
2022/8/3,0.000138879,0.02737017,0.006216228,2.36E-04,0.00023572
2022/8/4,5.46E-05,0.013194531,0.00652273,4.19E-04,0.000419105
2022/8/5,4.46E-05,0.011921061,0.005477531,2.06E-04,0.000205602
2022/8/6,0.001812832,0.017018626,0.006330096,1.77E-04,0.000177161
2022/8/7,0.006841344,0.014878604,0.004709948,1.28E-04,0.000127898
2022/8/8,0.014962336,0.017101869,0.003676651,5.31E-05,5.31E-05
2022/8/9,0.019127395,0.039783809,0.003080643,2.18E-05,2.18E-05
2022/8/10,0.037332845,0.075869318,0.00257747,0.001283085,0.001283085
2022/8/11,0.039704893,0.082059344,0.003625953,0.003422573,0.003422573
2022/8/12,0.022613441,0.064414547,0.002898677,0.001781282,0.001781282
2022/8/13,0.009669938,0.023710242,0.003304477,5.22E-04,0.000522061
2022/8/14,0.003488044,0.012329882,0.002982019,1.42E-04,0.000142143
2022/8/15,0.003061931,0.008411811,0.002484772,4.41E-05,4.41E-05
2022/8/16,0.002204396,0.005418281,0.001614654,1.91E-05,1.91E-05
2022/8/17,0.004907109,0.011646077,0.003215329,4.30E-04,0.000429782
2022/8/18,0.008104171,0.015652381,0.003182165,0.007315974,0.007315974
2022/8/19,0.015444855,0.030882392,0.007931195,0.025889515,0.025889515
2022/8/20,0.026091626,0.028994271,0.007610029,0.03086513,0.03086513
2022/8/21,0.042975097,0.036396343,0.007617282,0.035217848,0.035217848
2022/8/22,0.038229948,0.026653405,0.0047761,0.026080937,0.026080937
2022/8/23,0.02850809,0.022713557,0.006651931,0.029137555,0.029137555
2022/8/24,0.027514864,0.02556365,0.006980212,0.019648574,0.019648574
2022/8/25,0.067229206,0.020270202,0.007884246,0.013894597,0.013894597
2022/8/26,0.056072903,0.012641257,0.004339419,0.008587564,0.008587564
2022/8/27,0.029433512,0.009612904,0.002909957,0.005560943,0.005560943
2022/8/28,0.02348061,0.008524384,0.002470669,0.003099057,0.003099057
2022/8/29,0.056910279,0.032982234,0.02390045,0.054224663,0.054224663
2022/8/30,0.138156714,0.074124417,0.038967749,0.073831455,0.073831455
2022/8/31,0.142155461,0.077580651,0.03182413,0.070289298,0.070289298
2022/9/1,0.22705474,0.066358798,0.017934966,0.048497963,0.048497963
2022/9/2,0.16607755,0.033975833,0.009227489,0.020712319,0.020712319
2022/9/3,0.148180613,0.038562427,0.007103144,0.014224367,0.014224367
2022/9/4,0.158400731,0.036255308,0.009827026,0.019940082,0.019940082
2022/9/5,0.260352575,0.056827186,0.012811457,0.026018221,0.026018221
2022/9/6,0.323604215,0.049370759,0.008591528,0.017197199,0.017197199
2022/9/7,0.33770745,0.042584149,0.004462386,0.00942319,0.00942319
2022/9/8,0.335000237,0.071072709,0.003173259,0.005007181,0.005007181
2022/9/9,0.189146028,0.073762404,0.006628148,0.021317115,0.021317115
2022/9/10,0.151760117,0.063652409,0.01097999,0.022281487,0.022281487
2022/9/11,0.118094493,0.048754217,0.006206454,0.021027614,0.021027614
2022/9/12,0.128857496,0.051233496,0.002900926,0.021016835,0.021016835
2022/9/13,0.210894879,0.048113166,0.001674752,0.024017443,0.024017443
2022/9/14,0.214778063,0.040358097,0.00310575,0.016925972,0.016925972
2022/9/15,0.274882151,0.05210586,0.007497437,0.026357254,0.026357254
2022/9/16,0.188399003,0.067171411,0.024953361,0.060618663,0.060618663
2022/9/17,0.166178574,0.108542454,0.032635475,0.07677695,0.07677695
2022/9/18,0.289604265,0.088120387,0.041461786,0.076559458,0.076559458
2022/9/19,0.282977301,0.10777457,0.037902614,0.092124203,0.092124203
2022/9/20,0.277153196,0.150686418,0.04127675,0.086915369,0.086915369
2022/9/21,0.369993427,0.19093862,0.070067031,0.129476318,0.129476318
2022/9/22,0.380058652,0.261395308,0.258243268,0.333311521,0.333311521
2022/9/23,0.479611446,0.391444282,0.115681651,0.225075406,0.225075406
2022/9/24,0.550015313,0.28994016,0.061529956,0.110944219,0.110944219
2022/9/25,0.446081814,0.243091049,0.078816994,0.102537586,0.102537586
2022/9/26,0.277928537,0.278151844,0.162771981,0.2144931,0.2144931
2022/9/27,0.250374477,0.290749766,0.109816002,0.10874097,0.10874097
2022/9/28,0.131787988,0.181106297,0.128992745,0.108628615,0.108628615
2022/9/29,0.171065195,0.305714292,0.299695245,0.167745247,0.167745247
2022/9/30,0.27972139,0.352961881,0.134157437,0.139930904,0.139930904
2022/10/1,0.153485815,0.192149593,0.059347794,0.04117092,0.04117092
2022/10/2,0.044727833,0.133629315,0.047111087,0.056616611,0.056616611
2022/10/3,0.034616463,0.165879526,0.173921429,0.177022457,0.177022457
2022/10/4,0.075370299,0.212554837,0.311476206,0.212394978,0.212394978
2022/10/5,0.094665362,0.27280624,0.413793604,0.298121001,0.298121001
2022/10/6,0.26624621,0.358380289,0.336489243,0.244423074,0.244423074
2022/10/7,0.438166994,0.365200629,0.341738303,0.264782237,0.264782237
2022/10/8,0.241410043,0.384636502,0.560772764,0.611625359,0.611625359
2022/10/9,0.461574525,0.506327916,0.8579992,0.588643084,0.588643084
2022/10/10,0.439838995,0.408704746,1.393709816,0.623773521,0.623773521
2022/10/11,0.418836876,0.375971515,0.991087254,0.62920899,0.62920899
2022/10/12,0.429749947,0.32208344,0.494831535,0.391121882,0.391121882
2022/10/13,0.279586367,0.446917189,0.249395377,0.408111447,0.408111447
2022/10/14,0.121185546,0.158810506,0.084209201,0.129576219,0.129576219
2022/10/15,0.090026371,0.052249357,0.066152543,0.094448722,0.094448722
2022/10/16,0.02515152,0.304956962,0.120540581,0.349319483,0.349319483
2022/10/17,0.092749524,0.630879922,0.191584196,0.364209146,0.364209146
2022/10/18,0.12120773,0.554656948,0.297320985,0.32774418,0.32774418
2022/10/19,0.156193786,0.51417849,0.167985914,0.258146814,0.258146814
2022/10/20,0.092149594,0.284880566,0.160655994,0.18825382,0.18825382
2022/10/21,0.062971624,0.096510645,0.213418483,0.179378134,0.179378134
2022/10/22,0.055789454,0.124280371,0.619270592,0.278220364,0.278220364
2022/10/23,0.248061086,0.274701575,0.748477502,0.510990495,0.510990495
2022/10/24,0.194037803,0.128023423,0.118032076,0.156001952,0.156001952
2022/10/25,0.00277806,0.008423751,0.072041038,0.049076866,0.049076866
2022/10/26,0.015686932,0.019477288,0.038537336,0.037551373,0.037551373
2022/10/27,0.023889172,0.062475585,0.209027297,0.205703066,0.205703066
2022/10/28,0.033973842,0.077894557,0.118481038,0.14029578,0.14029578
2022/10/29,0.020623753,0.015282141,0.06727008,0.055677368,0.055677368
2022/10/30,0.002940584,0.00848216,0.126923842,0.076631049,0.076631049
2022/10/31,0.001431573,0.007731737,0.035174356,0.03586326,0.03586326
2022/11/1,0.002540753,0.007571344,0.104184812,0.025370067,0.025370067
2022/11/2,0.001989297,0.008807353,0.265072413,0.038168676,0.038168676
2022/11/3,0.002563989,0.009527305,0.066849186,0.033991535,0.033991535
2022/11/4,0.004493827,0.009914933,0.051802576,0.042735638,0.042735638
2022/11/5,0.006346926,0.01506525,0.058285867,0.043227968,0.043227968
2022/11/6,0.00581078,0.012178253,0.064682323,0.041053364,0.041053364
2022/11/7,0.010721483,0.012025275,0.053507193,0.043612817,0.043612817
2022/11/8,0.056848633,0.135341858,0.045929998,0.027930268,0.027930268
2022/11/9,0.006416091,0.015358111,0.027139406,0.014920319,0.014920319
2022/11/10,0.00076031,0.001670693,0.004872863,0.004174214,0.004174214
2022/11/11,0.000458092,0.001200035,0.019029021,0.013393414,0.013393414
2022/11/12,0.000189413,0.00031724,0.004585427,0.008280049,0.008280049
2022/11/13,0.000334829,0.000636546,0.009361897,0.00636968,0.00636968
2022/11/14,0.000602912,0.002176456,0.026625585,0.040023525,0.040023525
2022/11/15,0.002013946,0.003417494,0.055202971,0.026976993,0.026976993
2022/11/16,0.001283847,0.002904923,0.025611912,0.01020622,0.01020622
2022/11/17,0.023093103,0.032552374,0.019529574,0.010635469,0.010635469
2022/11/18,0.027704725,0.061268155,0.001466387,7.19E-04,0.000719495
2022/11/19,0.002503692,0.00500933,0.000936836,1.33E-04,0.000132567
2022/11/20,6.96E-06,2.35E-05,0.0014856,0.001095349,0.001095349
2022/11/21,7.44E-05,6.37E-05,0.007102872,0.006451542,0.006451542
2022/11/22,0.000205958,0.000273914,0.020916581,0.013039506,0.013039506
2022/11/23,4.58E-05,1.05E-05,0.00391558,0.001806492,0.001806492
2022/11/24,4.98E-05,0.00010628,0.104982057,0.037391743,0.037391743
2022/11/25,0,0,0.038742308,0.025503017,0.025503017
2022/11/26,0,0,0.000310717,1.47E-06,1.47E-06
2022/11/27,0,0,1.07E-06,0,0
2022/11/28,0,0,0,0,0
2022/11/29,0,0,0,0,0
2022/11/30,0.001107322,5.81E-06,0,0,0
2022/12/1,2.01E-05,1.54E-07,0,0,0
2022/12/2,0.000394386,1.08E-05,0,0,0
2022/12/3,0.008206513,0.002932426,0,0,0
2022/12/4,0.0124991,0.005955751,8.05E-06,2.30E-04,0.000230215
2022/12/5,0.022806512,0.036414408,0,0,0
2022/12/6,2.52E-05,0,0,0,0
2022/12/7,0,0,0,0,0
2022/12/8,0,0,0,0,0
2022/12/9,0,0,0,0,0
2022/12/10,0,0,0,0,0
2022/12/11,0.001897835,0.000184307,0,0,0
2022/12/12,0,0,0,0,0
2022/12/13,0,0,6.15E-06,0,0
2022/12/14,0,0,0,0,0
2022/12/15,0,0,0,0,0
2022/12/16,0,0,0,0,0
2022/12/17,0,0,0,0,0
2022/12/18,0,0,6.27E-07,7.15E-06,7.15E-06
2022/12/19,0,0,0,0,0
2022/12/20,0,0,0,0,0
2022/12/21,0,0,8.07E-07,3.58E-09,3.58E-09
2022/12/22,7.90E-06,0,0.000101421,4.37E-05,4.37E-05
2022/12/23,7.15E-07,0,-3.18E-10,5.36E-06,5.36E-06
2022/12/24,0,0,0,0,0
2022/12/25,0,0,0,0,0
2022/12/26,0,0,5.87E-07,0,0
2022/12/27,0,0,2.21E-12,0,0
2022/12/28,0,0,0,0,0
2022/12/29,0,0,0,0,0
2022/12/30,0,0,0,0,0
2022/12/31,0,0,0,0,0
2023/1/1,0,0,0,0,0
2023/1/2,0,0,0,0,0
2023/1/3,0,0,0,0,0
2023/1/4,0,0,0,0,0
2023/1/5,0,0,0,0,0
2023/1/6,5.98E-08,0,1.18E-08,2.08E-04,0.000208099
2023/1/7,2.77E-05,0,0.001013405,6.84E-04,0.000684494
2023/1/8,3.38E-05,0,0.000122037,3.67E-04,0.000367192
2023/1/9,7.17E-06,6.94E-06,0.000404617,1.33E-04,0.000132665
2023/1/10,2.04E-05,6.83E-06,0.001293637,8.21E-04,0.000820724
2023/1/11,4.00E-05,3.54E-06,0.002412386,0.001117026,0.001117026
2023/1/12,0,0,0,0,0
2023/1/13,0,0,0,0,0
2023/1/14,0,0,3.41E-07,0,0
2023/1/15,0,0,1.32E-08,0,0
2023/1/16,0,0,0,0,0
2023/1/17,0,0,0,0,0
2023/1/18,0,0,0,0,0
2023/1/19,0,0,0,0,0
2023/1/20,0,0,0,0,0
2023/1/21,0,0,0.00887246,0.009313474,0.009313474
2023/1/22,0,0,0.000152074,0,0
2023/1/23,0,0,0,0,0
2023/1/24,0,0,0,0,0
2023/1/25,0,0,0.004976754,0.001719367,0.001719367
2023/1/26,0,0.00296785,0.088043106,0.053263444,0.053263444
2023/1/27,0,1.56E-05,0.00020201,1.40E-05,1.40E-05
2023/1/28,1.09E-05,0,0.000275742,1.29E-04,0.000129267
2023/1/29,6.58E-05,1.48E-05,0.005195099,0.001246856,0.001246856
2023/1/30,0.008466509,0.012802746,0.000801696,6.76E-04,0.000676212
2023/1/31,0.000741696,0.003396754,1.11E-05,5.75E-06,5.75E-06
2023/2/1,1.10E-05,0,9.88E-05,2.47E-04,0.000247052
2023/2/2,9.76E-05,0,0.001796568,9.44E-04,0.000943891
2023/2/3,6.47E-05,0,0.000789133,6.19E-04,0.000618752
2023/2/4,0.000220234,0,0.002140244,0.001487707,0.001487707
2023/2/5,0.000172751,5.64E-08,0.001412414,0.001047157,0.001047157
2023/2/6,3.31E-05,0,0.000228256,8.51E-06,8.51E-06
2023/2/7,1.97E-05,0,0.000220813,5.91E-04,0.000591463
2023/2/8,9.40E-05,2.12E-05,0.001461609,0.001033557,0.001033557
2023/2/9,0.000174306,1.10E-05,0.001039041,5.50E-04,0.000550246
2023/2/10,0.000174513,1.92E-05,0.002764546,9.71E-04,0.000971407
2023/2/11,1.85E-05,0,0.000868544,8.10E-05,8.10E-05
2023/2/12,0.000271136,0,0.001932733,0.001916843,0.001916843
2023/2/13,0.000285611,2.56E-05,0.000843244,0.001485401,0.001485401
2023/2/14,0.000311606,2.94E-05,0.00246916,0.001457335,0.001457335
2023/2/15,3.18E-06,5.95E-05,0.005876174,9.99E-05,9.99E-05
2023/2/16,4.21E-05,1.96E-07,0.000965674,2.16E-04,0.000216476
2023/2/17,5.98E-06,0,0.000615858,1.09E-04,0.000108666
2023/2/18,2.51E-07,0,0.000124428,0,0
2023/2/19,0.000683757,0.000241376,0.012503251,0.003220907,0.003220907
2023/2/20,0.000817068,0.000701657,0.009701011,0.005576592,0.005576592
2023/2/21,0.001331015,0.00048772,0.02796251,0.007151662,0.007151662
2023/2/22,0.006042292,0.002395765,0.022118667,0.00493411,0.00493411
2023/2/23,0.031404395,0.074262285,0.017906417,0.00617891,0.00617891
2023/2/24,0.00265164,0.001795883,0.031431728,0.017591035,0.017591035
2023/2/25,0.010641772,0.004629992,0.061353143,0.040344671,0.040344671
2023/2/26,0.018776252,0.017994735,0.138107779,0.055116857,0.055116857
2023/2/27,0.000237904,0.000192771,1.86E-05,9.10E-05,9.10E-05
2023/2/28,0.000232385,0.000187544,0.007047995,0.001535577,0.001535577
2023/3/1,0.002629769,0.001041628,0.037986931,0.015901946,0.015901946
2023/3/2,0.008725265,0.010215031,0.134610618,0.050770954,0.050770954
2023/3/3,0.024378993,0.025346522,0.227650129,0.113843019,0.113843019
2023/3/4,0.037540641,0.037113032,0.170141776,0.110094837,0.110094837
2023/3/5,0.0104336,0.013886224,0.068976177,0.034477423,0.034477423
2023/3/6,0.01910893,0.013761942,0.051371546,0.046332562,0.046332562
2023/3/7,0.024140827,0.020577787,0.042897303,0.041210349,0.041210349
2023/3/8,0.014843215,0.021402377,0.093283423,0.097158851,0.097158851
2023/3/9,0.016447636,0.023662213,0.046664141,0.038965659,0.038965659
2023/3/10,0.000812349,0.000590322,0.035074598,0.006067835,0.006067835
2023/3/11,0.00019422,9.99E-05,0.051195911,0.006520648,0.006520648
2023/3/12,0.003582081,0.003072735,0.050206053,0.029096692,0.029096692
2023/3/13,0.004163797,0.029340171,0.263301893,0.192077887,0.192077887
2023/3/14,0.000552787,0.001272494,0.028355483,0.012069382,0.012069382
2023/3/15,0.001727645,0.006840751,0.070931243,0.027135551,0.027135551
2023/3/16,0.001988912,0.010454472,0.152574224,0.075778241,0.075778241
2023/3/17,0.010256318,0.014984822,0.167459097,0.141367946,0.141367946
2023/3/18,0.017222288,0.015964623,0.194151597,0.086868029,0.086868029
2023/3/19,0.020894792,0.025244174,0.272523389,0.107053995,0.107053995
2023/3/20,0.037885975,0.025235327,0.113412153,0.069553,0.069553
2023/3/21,4.24E-07,0.000396534,0.000431021,4.67E-05,4.67E-05
2023/3/22,5.06E-05,0.001842729,0.227082905,0.053179739,0.053179739
2023/3/23,0.000175336,4.66E-05,0.004553557,0.002825265,0.002825265
2023/3/24,0.00563068,0.009322411,0.315064733,0.098718543,0.098718543
2023/3/25,0.006717507,0.008886337,1.183389855,0.136952181,0.136952181
2023/3/26,0.021845172,0.031934306,2.089556852,0.504196804,0.504196804
2023/3/27,0.05739575,0.123946892,2.201382032,0.610748768,0.610748768
2023/3/28,0.074504942,0.141563992,1.276523941,0.411523752,0.411523752
2023/3/29,0.071947775,0.187149397,2.323393458,0.620135159,0.620135159
2023/3/30,0.164953155,0.289728864,1.277177575,0.866656893,0.866656893
2023/3/31,0.168581315,0.067654328,0.019613729,0.051990112,0.051990112
2023/4/1,0.078174957,0.029519616,0.34646742,0.12558882,0.12558882
2023/4/2,0.00061574,0.029066608,0.750499805,0.335854632,0.335854632
2023/4/3,0.000551636,0.000383071,0.536416823,0.037105593,0.037105593
2023/4/4,0.001512165,0.00305517,0.041117413,0.02324042,0.02324042
2023/4/5,0.004475876,0.006521246,0.321587787,0.059246396,0.059246396
2023/4/6,0.003555052,0.041780034,0.265967141,0.37124301,0.37124301
2023/4/7,0.035981815,0.621203625,0.949985172,1.615848562,1.615848562
2023/4/8,0.104331509,0.815219683,0.671923055,1.652005522,1.652005522
2023/4/9,0.008862518,0.513915249,0.739253999,1.50375437,1.50375437
2023/4/10,0.001298636,0.245879818,0.454281753,1.197028822,1.197028822
2023/4/11,0.006874134,0.101071492,0.290842978,0.455509849,0.455509849
2023/4/12,0.022031834,0.050365988,0.268291349,0.253979373,0.253979373
2023/4/13,0.012891195,0.013035021,0.241816947,0.287964182,0.287964182
2023/4/14,0.008988759,0.025206821,0.498670954,0.443696458,0.443696458
2023/4/15,0.03909988,0.106621214,0.429396075,0.728479985,0.728479985
2023/4/16,0.031493743,0.449821967,0.555174972,1.230104978,1.230104978
2023/4/17,0.055777364,0.659485176,0.489576836,1.48827643,1.48827643
2023/4/18,0.065013244,0.42930878,0.357541657,0.875835007,0.875835007
2023/4/19,0.021120495,0.301409593,0.055553146,0.215291986,0.215291986
2023/4/20,0.067056338,0.580512912,0.250786036,0.369967637,0.369967637
2023/4/21,0.213314275,0.979351801,0.958751032,0.857570647,0.857570647
2023/4/22,0.233889136,1.368984708,1.897772875,1.445399688,1.445399688
2023/4/23,0.173590222,0.899041279,3.100665867,1.850265727,1.850265727
2023/4/24,0.095794302,0.536733488,2.127038723,1.181083241,1.181083241
2023/4/25,0.194894127,0.761900402,2.643360496,1.70950424,1.70950424
2023/4/26,0.283317319,0.67210052,1.574125679,1.240805541,1.240805541
2023/4/27,0.217313664,1.129826306,3.099393858,1.69933936,1.69933936
2023/4/28,0.484243231,2.000669873,5.462306394,2.420842918,2.420842918
2023/4/29,0.951508426,3.126197652,5.384378373,3.472230088,3.472230088
2023/4/30,1.38381129,4.100133776,2.373281564,3.462692525,3.462692525
2023/5/1,1.599094714,4.804297787,1.726718004,2.478978497,2.478978497
2023/5/2,1.677700835,5.126914155,2.834563772,3.763743142,3.763743142
2023/5/3,1.250651177,4.23214476,5.111875939,3.78083101,3.78083101
2023/5/4,1.168250166,3.079083703,8.352752141,5.616540269,5.616540269
2023/5/5,2.268721262,4.342113499,9.430700109,5.884855219,5.884855219
2023/5/6,3.170580368,5.901140668,8.507199332,6.558542137,6.558542137
2023/5/7,2.337950908,4.921123489,8.980434798,6.887192498,6.887192498
2023/5/8,2.152234665,5.358066878,11.11619677,7.950233831,7.950233831
2023/5/9,3.331946327,5.941636517,5.712118731,6.137589382,6.137589382
2023/5/10,3.724428468,6.269642597,2.91906221,4.738815387,4.738815387
2023/5/11,4.218626391,5.606117623,2.508865389,3.529587701,3.529587701
2023/5/12,3.169857134,5.431004077,2.367080492,3.579143711,3.579143711
2023/5/13,2.438135335,5.686937996,1.712359732,3.967298351,3.967298351
2023/5/14,2.781218604,4.998739842,1.556028159,2.694472564,2.694472564
2023/5/15,3.5962894,4.662661687,1.704275557,3.218877092,3.218877092
2023/5/16,4.049336474,4.296572372,1.755685906,2.897164735,2.897164735
2023/5/17,4.516813084,4.522803224,1.935298336,4.006760362,4.006760362
2023/5/18,4.686899618,5.893914483,2.304940411,4.62892314,4.62892314
2023/5/19,5.007819209,6.313842183,4.364034771,5.820120164,5.820120164
2023/5/20,7.229340702,6.295001305,6.096529924,7.212342211,7.212342211
2023/5/21,4.882792628,5.47804104,5.29578206,5.611859413,5.611859413
2023/5/22,4.075871358,3.832120641,3.235027543,3.802628481,3.802628481
2023/5/23,4.087343724,2.861866173,2.506221743,3.308671723,3.308671723
2023/5/24,3.746024371,2.347539831,0.980398224,1.976080313,1.976080313
2023/5/25,3.49121902,2.266434406,1.123738395,2.124133535,2.124133535
2023/5/26,4.13266743,2.17893523,1.499787747,2.273646066,2.273646066
2023/5/27,5.820327397,2.259922245,1.843599669,2.58512056,2.58512056
2023/5/28,7.100109818,2.712548909,1.865205795,2.722553399,2.722553399
2023/5/29,7.529920181,2.594162282,1.748303369,2.554569277,2.554569277
2023/5/30,6.851393186,2.398794966,1.542457673,2.478992303,2.478992303
2023/5/31,6.29857008,2.389948362,1.294117031,2.437105993,2.437105993
2023/6/1,6.571092162,2.292626243,1.198222778,2.313169917,2.313169917
2023/6/2,7.051810863,2.312557149,1.116590562,2.584741109,2.584741109
2023/6/3,5.681957829,2.086036447,0.722399054,1.743865728,1.743865728
2023/6/4,4.302610124,1.943391319,0.488814733,1.372303855,1.372303855
2023/6/5,3.629161022,1.673398093,0.401758901,1.21971363,1.21971363
2023/6/6,3.119584804,1.369510442,0.316972779,1.079221775,1.079221775
2023/6/7,3.06536471,1.207137703,0.27671407,1.064063994,1.064063994
2023/6/8,2.569742993,1.062317581,0.247976585,0.863636086,0.863636086
2023/6/9,2.115215694,0.918729632,0.214129172,0.761451676,0.761451676
2023/6/10,1.578299378,0.80854588,0.176539911,0.735752294,0.735752294
2023/6/11,1.596368945,0.587136064,0.141336869,0.588615592,0.588615592
2023/6/12,0.93429912,0.521583708,0.109994894,0.411537737,0.411537737
2023/6/13,1.105344112,0.519831124,0.093858997,0.403697113,0.403697113
2023/6/14,0.909503335,0.371922799,0.098947826,0.313688209,0.313688209
2023/6/15,0.878223431,0.342783017,0.087840338,0.304357761,0.304357761
2023/6/16,0.593870286,0.312302405,0.074367053,0.277330327,0.277330327
2023/6/17,0.542594946,0.279066878,0.065997574,0.261574185,0.261574185
2023/6/18,0.475667328,0.26983798,0.093964438,0.301099168,0.301099168
2023/6/19,0.380081306,0.242115394,0.1698702,0.248668233,0.248668233
2023/6/20,0.214867145,0.210011005,0.20757186,0.178143316,0.178143316
2023/6/21,0.202081044,0.202895831,0.213577366,0.116050705,0.116050705
2023/6/22,0.179425964,0.181393124,0.264426885,0.074701277,0.074701277
2023/6/23,0.138221018,0.185809463,0.284859791,0.047364753,0.047364753
2023/6/24,0.07503835,0.149016219,0.255922746,0.031485136,0.031485136
2023/6/25,0.068812256,0.120806654,0.199934108,0.02685447,0.02685447
2023/6/26,0.069090381,0.118468678,0.133209166,0.033527891,0.033527891
2023/6/27,0.050736819,0.100900303,0.088282273,0.025570057,0.025570057
2023/6/28,0.032723373,0.095344429,0.058288422,0.018321834,0.018321834
2023/6/29,0.042603628,0.078945419,0.039034542,0.011203197,0.011203197
2023/6/30,0.031982032,0.05966811,0.032665235,0.009704377,0.009704377
2023/7/1,0.036377663,0.071052209,0.02730769,0.008954124,0.008954124
2023/7/2,0.0301037,0.088943377,0.033581133,0.017914612,0.017914612
2023/7/3,0.023898058,0.063446689,0.044368698,0.011314703,0.011314703
2023/7/4,0.018109144,0.050404119,0.032620491,0.006300489,0.006300489
2023/7/5,0.015701372,0.046542228,0.031863431,0.004789203,0.004789203
2023/7/6,0.009178582,0.050560351,0.032310049,0.004177671,0.004177671
2023/7/7,0.006042301,0.055478094,0.029887181,0.002918064,0.002918064
2023/7/8,0.005986333,0.037600937,0.023082478,0.001788819,0.001788819
2023/7/9,0.024054675,0.029022405,0.017402461,0.001133397,0.001133397
2023/7/10,0.082383103,0.028132901,0.016070301,6.03E-04,0.000602527
2023/7/11,0.141089403,0.029743975,0.014578388,4.23E-04,0.000422648
2023/7/12,0.07028445,0.040679935,0.011901387,5.81E-04,0.000580931
2023/7/13,0.019409198,0.040514486,0.012415665,3.39E-04,0.000338516
2023/7/14,0.012882301,0.03721953,0.010706758,1.26E-04,0.000125857
2023/7/15,0.012897672,0.029475309,0.007561506,4.40E-05,4.40E-05
2023/7/16,0.007447225,0.026553872,0.005825749,1.43E-05,1.43E-05
2023/7/17,0.00612398,0.021991918,0.005786874,5.83E-06,5.83E-06
2023/7/18,0.003418652,0.02601707,0.004722227,3.12E-06,3.12E-06
2023/7/19,0.00476026,0.034403658,0.003948564,2.51E-06,2.51E-06
2023/7/20,0.003838477,0.022386629,0.00293433,1.79E-06,1.79E-06
2023/7/21,0.002145531,0.015090219,0.003189593,4.59E-07,4.59E-07
2023/7/22,0.000723661,0.031861008,0.003048782,1.65E-06,1.65E-06
2023/7/23,0.000191887,0.042563897,0.002670246,1.10E-06,1.10E-06
2023/7/24,7.72E-05,0.035056426,0.002435508,1.28E-06,1.28E-06
2023/7/25,6.98E-05,0.027895637,0.001350934,1.42E-06,1.42E-06
2023/7/26,6.73E-05,0.025352867,0.004683642,1.69E-06,1.69E-06
2023/7/27,0.000422345,0.023010465,0.004574334,1.29E-06,1.29E-06
2023/7/28,0.001419548,0.019586164,0.003339302,1.46E-06,1.46E-06
2023/7/29,0.004076806,0.015529041,0.002447275,1.42E-06,1.42E-06
2023/7/30,0.0044202,0.021829971,0.001869906,1.62E-06,1.62E-06
2023/7/31,0.006390359,0.027639935,0.002605018,1.72E-06,1.72E-06
2023/8/1,0.00443727,0.028325035,0.00362463,1.64E-06,1.64E-06
2023/8/2,0.002096335,0.0235943,0.002866338,1.43E-06,1.43E-06
2023/8/3,0.000986742,0.017608031,0.002424293,1.44E-06,1.44E-06
2023/8/4,0.000387839,0.014219143,0.002744114,1.32E-06,1.32E-06
2023/8/5,0.003451761,0.01117741,0.00214423,2.28E-08,2.28E-08
2023/8/6,0.017913502,0.013164976,0.002388899,9.67E-07,9.67E-07
2023/8/7,0.069405533,0.015601445,0.002867523,1.25E-06,1.25E-06
2023/8/8,0.109330795,0.017792948,0.003233603,1.40E-06,1.40E-06
2023/8/9,0.086738025,0.018214648,0.002151833,1.21E-06,1.21E-06
2023/8/10,0.031958712,0.011073048,0.00271796,1.51E-06,1.51E-06
2023/8/11,0.008072542,0.009220185,0.002172359,1.06E-06,1.06E-06
2023/8/12,0.00195488,0.007060697,0.002025787,3.01E-05,3.01E-05
2023/8/13,0.000516721,0.006950774,0.002388331,3.91E-04,0.000391497
2023/8/14,0.001788189,0.010802571,0.003026647,0.009627732,0.009627732
2023/8/15,0.00154989,0.009258014,0.002692475,0.007004524,0.007004524
2023/8/16,0.003617237,0.014459461,0.003462651,0.007486223,0.007486223
2023/8/17,0.009300277,0.038661348,0.00375265,0.020071622,0.020071622
2023/8/18,0.008848869,0.033131674,0.005964773,0.016682715,0.016682715
2023/8/19,0.005667455,0.020478838,0.012274317,0.00839719,0.00839719
2023/8/20,0.00557381,0.012450309,0.008059832,0.003738906,0.003738906
2023/8/21,0.015864239,0.009646232,0.004310028,0.001383759,0.001383759
2023/8/22,0.016669199,0.005561209,0.00200517,4.89E-04,0.000489112
2023/8/23,0.038009067,0.003965207,0.000828945,0.001400003,0.001400003
2023/8/24,0.033040556,0.006499629,0.00186944,7.82E-04,0.000782083
2023/8/25,0.024879565,0.010993349,0.00236314,3.81E-04,0.000381277
2023/8/26,0.018372619,0.016188838,0.002795228,1.46E-04,0.000145798
2023/8/27,0.011215422,0.021982304,0.001813639,4.78E-05,4.78E-05
2023/8/28,0.003900688,0.028455109,0.00194822,1.37E-05,1.37E-05
2023/8/29,0.003717987,0.022379043,0.002538923,4.34E-06,4.34E-06
2023/8/30,0.013397729,0.01237575,0.002968929,2.01E-06,2.01E-06
2023/8/31,0.013919535,0.005333325,0.002779381,5.69E-06,5.69E-06
2023/9/1,0.018614883,0.012558503,0.003135016,1.79E-05,1.79E-05
2023/9/2,0.053412765,0.023153987,0.002213339,4.96E-04,0.000496381
2023/9/3,0.133387921,0.062518479,0.001776788,0.004000648,0.004000648
2023/9/4,0.190355946,0.070638094,0.002185233,0.005767389,0.005767389
2023/9/5,0.288913292,0.061502282,0.003449457,0.005962058,0.005962058
2023/9/6,0.341297112,0.046393749,0.002528083,0.005430127,0.005430127
2023/9/7,0.437823101,0.052181598,0.00314648,0.016104894,0.016104894
2023/9/8,0.408204745,0.058588503,0.006273393,0.027841571,0.027841571
2023/9/9,0.576777268,0.131543322,0.006395861,0.032614793,0.032614793
2023/9/10,0.528741542,0.097076002,0.00653394,0.025147311,0.025147311
2023/9/11,0.476434909,0.079672024,0.005141146,0.017672681,0.017672681
2023/9/12,0.427343243,0.054074536,0.004808094,0.011909215,0.011909215
2023/9/13,0.416042103,0.067244553,0.005888702,0.014240876,0.014240876
2023/9/14,0.562564109,0.068030571,0.00893201,0.024726139,0.024726139
2023/9/15,0.389280531,0.117420812,0.008557544,0.034467853,0.034467853
2023/9/16,0.421437493,0.112574624,0.009959051,0.03553663,0.03553663
2023/9/17,0.186113968,0.06548777,0.014416294,0.051862728,0.051862728
2023/9/18,0.195280177,0.063419038,0.017772136,0.054869741,0.054869741
2023/9/19,0.148846709,0.057881937,0.016164582,0.04864925,0.04864925
2023/9/20,0.213379404,0.060608642,0.026810524,0.042550534,0.042550534
2023/9/21,0.425788784,0.119109912,0.035397909,0.056524168,0.056524168
2023/9/22,0.540090068,0.166458642,0.028858426,0.067298413,0.067298413
2023/9/23,0.493658028,0.151890602,0.016187916,0.074007393,0.074007393
2023/9/24,0.372725767,0.121796263,0.034755608,0.095693984,0.095693984
2023/9/25,0.367452044,0.119125735,0.053866802,0.103714282,0.103714282
2023/9/26,0.276355588,0.192273302,0.138300297,0.248303395,0.248303395
2023/9/27,0.406431524,0.279263136,0.140613825,0.290844108,0.290844108
2023/9/28,0.350652959,0.27367648,0.123376144,0.262529125,0.262529125
2023/9/29,0.346982384,0.242237204,0.115505486,0.22340275,0.22340275
2023/9/30,0.188402247,0.234230528,0.097068554,0.219828048,0.219828048
2023/10/1,0.242318002,0.206186167,0.10685882,0.212627679,0.212627679
2023/10/2,0.251309695,0.187497533,0.278350817,0.319950957,0.319950957
2023/10/3,0.3922992,0.320319039,0.706914033,0.597718034,0.597718034
2023/10/4,0.226859605,0.264307875,0.402256479,0.453568256,0.453568256
2023/10/5,0.205303431,0.226397629,0.269832623,0.431268822,0.431268822
2023/10/6,0.854552442,0.823601689,0.190187526,0.970394556,0.970394556
2023/10/7,0.657558626,0.626770207,0.149159601,0.631348179,0.631348179
2023/10/8,0.606096002,0.767668132,0.092620668,0.47599706,0.47599706
2023/10/9,0.887572927,0.504272243,0.070028953,0.28461808,0.28461808
2023/10/10,1.51892797,0.573792772,0.052172935,0.168812364,0.168812364
2023/10/11,0.892552477,0.278839518,0.036850464,0.112704501,0.112704501
2023/10/12,0.295610971,0.187900645,0.035564869,0.118360787,0.118360787
2023/10/13,0.183725267,0.553882168,0.409669793,0.409412904,0.409412904
2023/10/14,0.083301455,0.439829959,0.333218011,0.479510946,0.479510946
2023/10/15,0.131292907,0.409449388,0.30814125,0.336883257,0.336883257
2023/10/16,0.092414175,0.373894562,0.317914127,0.562623263,0.562623263
2023/10/17,0.065469897,0.456197285,0.403512215,0.437846782,0.437846782
2023/10/18,0.201842954,0.503844095,0.534511924,0.869856807,0.869856807
2023/10/19,0.609365175,0.407415726,0.641460439,0.66860087,0.66860087
2023/10/20,0.218076612,0.231807237,0.437116072,0.409892173,0.409892173
2023/10/21,0.039106369,0.089109564,0.230224505,0.156728371,0.156728371
2023/10/22,0.087268056,0.071188076,0.171183962,0.173312699,0.173312699
2023/10/23,0.031403529,0.067629631,0.210059011,0.110169707,0.110169707
2023/10/24,0.03300488,0.041333621,0.024541524,0.05652112,0.05652112
2023/10/25,0.004718029,0.01217479,0.062264912,0.025440068,0.025440068
2023/10/26,0.026727938,0.07708872,1.248005051,0.223603362,0.223603362
2023/10/27,0.16944998,0.24094129,0.333136671,0.373515609,0.373515609
2023/10/28,0.043697321,0.058490219,0.018596209,0.018819972,0.018819972
2023/10/29,0.010723148,0.055293873,0.01110748,0.012471621,0.012471621
2023/10/30,0.006763654,0.065515827,0.038430049,0.050282542,0.050282542
2023/10/31,0.015091641,0.068149447,0.107601726,0.097423755,0.097423755
2023/11/1,0.004499461,0.020024143,0.054037953,0.037128663,0.037128663
2023/11/2,0.000783352,0.005927847,0.016435275,0.011379401,0.011379401
2023/11/3,0.000730468,0.002088622,0.12976836,0.025275721,0.025275721
2023/11/4,4.86E-05,0.00011894,0.025169117,0.002984081,0.002984081
2023/11/5,0.000280605,0.00076581,0.052366574,0.003054104,0.003054104
2023/11/6,4.86E-05,0.001678235,0.046221327,0.003888167,0.003888167
2023/11/7,0.000939288,0.005628913,0.022834538,0.038350586,0.038350586
2023/11/8,0.000997167,0.003828927,0.014654982,0.012242233,0.012242233
2023/11/9,1.27E-05,0.002102935,0.022767898,0.020899302,0.020899302
2023/11/10,2.89E-05,0.003559973,0.016771026,0.019464051,0.019464051
2023/11/11,6.74E-05,0.003244256,0.073395348,0.013374654,0.013374654
2023/11/12,0.002205239,0.002049381,0.047591892,0.01288505,0.01288505
2023/11/13,0.011198905,0.014572787,0.011157638,0.007419286,0.007419286
2023/11/14,0.000574376,0.000788109,0.199935324,0.018626931,0.018626931
2023/11/15,0.012902083,0.018613628,0.544245614,0.108294453,0.108294453
2023/11/16,0.002663239,0.007159999,0.181369532,0.032038867,0.032038867
2023/11/17,0.001660537,0.003560285,0.074456058,0.020602558,0.020602558
2023/11/18,0.003566611,0.01152688,0.272012467,0.092318581,0.092318581
2023/11/19,0.010070062,0.052630638,0.602089361,0.215724118,0.215724118
2023/11/20,0.001716267,0.003956058,0.020623882,0.005403712,0.005403712
2023/11/21,0.000312653,0.000218664,0.003751676,0.001112306,0.001112306
2023/11/22,0,0,0.00298581,3.18E-04,0.000317865
2023/11/23,0.002169458,0.000818714,0.001451821,0.001393879,0.001393879
2023/11/24,0.00454304,0.005623448,0.005154648,0.020175758,0.020175758
2023/11/25,0.007544333,0.004822704,0.001396745,0.005865495,0.005865495
2023/11/26,0.003399649,0.001614849,0.004485841,0.002771763,0.002771763
2023/11/27,0.000356608,0.000246785,0.004722902,0.031226257,0.031226257
2023/11/28,0,1.42E-06,0.001325532,0.003081846,0.003081846
2023/11/29,0,1.10E-08,0.000453968,0.002387492,0.002387492
2023/11/30,0,5.94E-06,9.13E-05,0.002233784,0.002233784
2023/12/1,2.27E-05,6.58E-06,0.000311861,7.47E-04,0.000746803
2023/12/2,9.75E-05,2.25E-05,0.00127026,6.66E-04,0.000665732
2023/12/3,4.56E-06,7.08E-06,0.000548781,0.002158531,0.002158531
2023/12/4,0.000118497,3.99E-05,0.001093544,5.71E-04,0.000570853
2023/12/5,0,0,0.010909915,0.001662577,0.001662577
2023/12/6,3.92E-06,3.54E-06,0.001419551,0.003586679,0.003586679
2023/12/7,0.000117562,4.92E-05,0.004250261,2.58E-04,0.000257658
2023/12/8,0,0,1.09E-07,0,0
2023/12/9,0,0,0,0,0
2023/12/10,0,0,9.62E-06,0,0
2023/12/11,0,0,0.000146556,0,0
2023/12/12,0,0,2.83E-05,0,0
2023/12/13,0,0.000189306,0.002740823,0.008879888,0.008879888
2023/12/14,0,0,0.000968609,0.001187007,0.001187007
2023/12/15,0,0,0.001006065,2.19E-04,0.000218987
2023/12/16,0,0,0.000761135,7.84E-06,7.84E-06
2023/12/17,0,0,0.000587668,0,0
2023/12/18,0,0,0.000192043,0,0
2023/12/19,0,0,4.37E-06,0,0
2023/12/20,0,0,0.00589507,1.59E-08,1.59E-08
2023/12/21,0,0,0.003227109,3.96E-06,3.96E-06
2023/12/22,0,0,0.042272729,0.002354868,0.002354868
2023/12/23,0,0,0.002923225,1.32E-04,0.000132074
2023/12/24,0,0,0.0001763,2.82E-04,0.000281526
2023/12/25,1.10E-05,0,6.30E-06,4.21E-04,0.000421034
2023/12/26,0,0,0.002586152,0.005752306,0.005752306
2023/12/27,2.30E-06,8.73E-06,0.000596895,0.001226017,0.001226017
2023/12/28,2.41E-06,0,0.001022108,1.35E-04,0.000135446
2023/12/29,0,0,0.001817165,1.70E-04,0.000169513
2023/12/30,0,0,0.003274242,2.96E-04,0.000296007
2023/12/31,2.30E-07,3.27E-08,0.000916324,1.43E-04,0.000143296
2024/1/1,0,0,0.000439097,2.14E-05,2.14E-05
2024/1/2,0,0,0.000414994,8.10E-05,8.10E-05
2024/1/3,0,6.14E-08,3.76E-05,1.96E-05,1.96E-05
2024/1/4,0,0,0.000347404,4.40E-05,4.40E-05
2024/1/5,0,0,6.46E-05,1.35E-04,0.000135431
2024/1/6,0,0,3.05E-07,1.35E-04,0.000134767
2024/1/7,0.001617171,0.000532067,2.60E-05,7.05E-05,7.05E-05
2024/1/8,0,0,0,1.26E-04,0.000125628
2024/1/9,0,0,1.72E-06,2.34E-04,0.000233871
2024/1/10,7.59E-07,0,0.000101539,9.04E-04,0.000903847
2024/1/11,0.002171378,0.000267556,3.47E-06,1.30E-05,1.30E-05
2024/1/12,0.01367574,0.013574187,5.70E-05,2.80E-05,2.80E-05
2024/1/13,0.017467118,0.019196694,0,0,0
2024/1/14,0.001859422,0.000853606,1.36E-06,0.001014083,0.001014083
2024/1/15,0.002631916,0.000854003,0.00030708,9.43E-05,9.43E-05
2024/1/16,0.002741997,0.001691555,6.42E-06,1.82E-05,1.82E-05
2024/1/17,0,0,0,0,0
2024/1/18,0,0,0,0,0
2024/1/19,0,0,0,0,0
2024/1/20,0,0,0,0,0
2024/1/21,0,0,0,0,0
2024/1/22,0,0,0,0,0
2024/1/23,0,0,0.000160203,0,0
2024/1/24,0,0,0.000161374,0,0
2024/1/25,0,0,0.00045707,0,0
2024/1/26,0,0,0.00100881,7.42E-07,7.42E-07
2024/1/27,2.00E-05,0,0.042465599,0.004214344,0.004214344
2024/1/28,6.23E-06,7.69E-07,0.242401949,0.084751,0.084751
2024/1/29,0,0.003959937,0.408814767,0.476391445,0.476391445
2024/1/30,2.54E-10,0.008501458,0.548374551,0.707495961,0.707495961
2024/1/31,0,5.23E-07,0.134340271,0.262298044,0.262298044
2024/2/1,0,0,0.098713638,0.018058342,0.018058342
2024/2/2,0,0,0.050235715,1.80E-04,0.000179871
2024/2/3,0,0,0.002391026,2.43E-07,2.43E-07
2024/2/4,0,0,0.00264058,0.001156248,0.001156248
2024/2/5,7.52E-05,0,0.000619093,3.77E-05,3.77E-05
2024/2/6,1.19E-05,0,0.001641368,2.18E-04,0.000217844
2024/2/7,5.98E-05,1.47E-06,0.000225501,1.27E-05,1.27E-05
2024/2/8,4.17E-06,0,0.001679364,2.86E-04,0.000286015
2024/2/9,2.94E-05,0,0.000989428,0.001024055,0.001024055
2024/2/10,0.000103354,5.31E-05,0.032604075,0.011795499,0.011795499
2024/2/11,0.00191278,0.002764265,0.059436294,0.029748419,0.029748419
2024/2/12,0.000653918,0.002056696,0.10608355,0.019728861,0.019728861
2024/2/13,0.003522376,0.014208631,0.005671716,0.002753106,0.002753106
2024/2/14,0.004921791,0.036892367,0.003531856,0.00149865,0.00149865
2024/2/15,5.41E-05,0.000316261,0.005637972,0.003501281,0.003501281
2024/2/16,0.000225128,0.000927147,0.109325257,0.021589739,0.021589739
2024/2/17,0,0,0.02063968,0.009708453,0.009708453
2024/2/18,0,0,0.006825735,7.52E-05,7.52E-05
2024/2/19,2.10E-06,0,0.007572834,2.36E-04,0.000236064
2024/2/20,0,0.000174969,0.012220611,0.002691961,0.002691961
2024/2/21,0,0.002919511,0.015482346,0.006197519,0.006197519
2024/2/22,3.08E-07,7.26E-07,0.027246728,0.012515718,0.012515718
2024/2/23,3.38E-06,0,0.009981208,3.64E-04,0.000364127
2024/2/24,1.74E-06,0,0.001718324,0.001005474,0.001005474
2024/2/25,2.26E-07,2.33E-05,6.52E-05,3.69E-08,3.69E-08
2024/2/26,7.89E-06,1.93E-06,0,5.27E-06,5.27E-06
2024/2/27,0,0,7.95E-05,1.61E-06,1.61E-06
2024/2/28,3.89E-06,0,8.21E-05,0,0
2024/2/29,2.71E-06,0,0.000100099,0,0
2024/3/1,8.51E-05,4.21E-05,0.001127517,1.26E-04,0.000125906
2024/3/2,0.000351212,0.000196265,0.005958276,0.002515861,0.002515861
2024/3/3,6.28E-05,0.000136182,0.001305244,7.15E-04,0.000715099
2024/3/4,6.19E-05,0.000126606,0.000526332,7.71E-04,0.000771176
2024/3/5,0.000468318,0.000239801,0.010581915,0.00286377,0.00286377
2024/3/6,0.000701039,0.000390153,0.008107701,0.001251414,0.001251414
2024/3/7,0.002201028,0.000782568,0.037533727,0.019358476,0.019358476
2024/3/8,0.006240625,0.005091678,0.169180135,0.05194952,0.05194952
2024/3/9,0.009903203,0.007030403,0.305807692,0.12118211,0.12118211
2024/3/10,0.004198478,0.004186532,0.179548103,0.058361874,0.058361874
2024/3/11,0.013386191,0.008523308,0.161534956,0.104187847,0.104187847
2024/3/12,0.024616211,0.023467522,0.402618762,0.140854223,0.140854223
2024/3/13,0.033030955,0.025588208,0.355885165,0.176951313,0.176951313
2024/3/14,0.013699622,0.004414751,0.190196451,0.167529874,0.167529874
2024/3/15,0.004212792,0.004203309,0.21981878,0.122374919,0.122374919
2024/3/16,0.00540232,0.007508501,0.294189856,0.07823754,0.07823754
2024/3/17,0.003139159,0.064536008,1.059233331,0.665176428,0.665176428
2024/3/18,0.000881136,0.033011045,0.304831787,0.123859966,0.123859966
2024/3/19,0.013472074,0.022616321,0.358330206,0.124155121,0.124155121
2024/3/20,0.035596954,0.046630489,0.389223947,0.193251574,0.193251574
2024/3/21,0.041279785,0.077486213,0.227349371,0.116411403,0.116411403
2024/3/22,0.028025389,0.106973802,0.065796114,0.025862474,0.025862474
2024/3/23,0.005996375,0.033070909,0.118684188,0.028501378,0.028501378
2024/3/24,0.019932309,0.105101515,0.140842109,0.081968171,0.081968171
2024/3/25,0.049864938,0.216385792,0.242981605,0.151093748,0.151093748
2024/3/26,0.046210085,0.256194851,0.175011772,0.176441996,0.176441996
2024/3/27,0.016375564,0.197337236,0.075077567,0.062813551,0.062813551
2024/3/28,0.012779693,0.058378133,0.153344097,0.134611526,0.134611526
2024/3/29,0.033578334,0.075121866,0.270845937,0.240694971,0.240694971
2024/3/30,0.067723303,0.097653168,0.492547406,0.331127328,0.331127328
2024/3/31,0.067841477,0.11725781,0.514132375,0.360292329,0.360292329
2024/4/1,0.010915268,0.080751649,0.16575954,0.246616756,0.246616756
2024/4/2,0.021623827,0.040936255,0.766808776,0.395200431,0.395200431
2024/4/3,0.043584403,0.054914608,1.11883845,0.509380098,0.509380098
2024/4/4,0.042990328,0.085511259,2.697634054,0.447157505,0.447157505
2024/4/5,0.06530412,0.209896197,3.691932411,0.915663323,0.915663323
2024/4/6,0.152724521,0.456250474,2.378921672,1.121620284,1.121620284
2024/4/7,0.160332305,0.734125041,2.098996483,1.743014029,1.743014029
2024/4/8,0.141486701,0.882736394,0.506881626,1.429507155,1.429507155
2024/4/9,0.135261963,0.769505206,0.942222482,1.538984822,1.538984822
2024/4/10,0.144981719,0.58639364,1.762555128,1.332703174,1.332703174
2024/4/11,0.129026051,0.569795653,0.565113015,0.947895971,0.947895971
2024/4/12,0.137793254,0.685177049,0.720672915,0.933036982,0.933036982
2024/4/13,0.062032406,0.939604555,0.402799941,0.760981257,0.760981257
2024/4/14,0.053506244,0.66250031,1.126309882,0.949490633,0.949490633
2024/4/15,0.147418241,0.442588963,3.050209022,1.485087438,1.485087438
2024/4/16,0.335847159,0.589330634,1.589249301,1.446682538,1.446682538
2024/4/17,0.209626339,0.689071528,1.834804364,0.956268577,0.956268577
2024/4/18,0.473778932,1.668087789,3.223603411,0.935845478,0.935845478
2024/4/19,0.692023475,3.150555941,2.805762573,1.67137388,1.67137388
2024/4/20,1.254726364,3.337543207,2.1138748,1.870082921,1.870082921
2024/4/21,1.189230085,3.473483993,1.966248452,1.881986705,1.881986705
2024/4/22,0.983257348,2.800309691,0.922250315,1.859521818,1.859521818
2024/4/23,1.545334695,2.351122592,0.704913845,1.265400352,1.265400352
2024/4/24,1.306601779,2.562296563,0.402436795,0.966060376,0.966060376
2024/4/25,0.482189587,2.475978811,0.485736823,0.786339635,0.786339635
2024/4/26,0.364152382,2.41605711,1.15273221,0.735141908,0.735141908
2024/4/27,0.320811509,2.094221916,4.210016075,2.185155155,2.185155155
2024/4/28,0.466401285,1.741566305,4.578585527,2.125584021,2.125584021
2024/4/29,0.710863159,2.333263293,2.839604818,2.70517034,2.70517034
2024/4/30,0.811531961,2.680235879,0.832426441,2.296056293,2.296056293
2024/5/1,1.032673901,2.456625765,0.479719911,1.449634801,1.449634801
2024/5/2,0.94768865,2.266801412,0.609564905,1.355977112,1.355977112
2024/5/3,1.0738134,2.687698839,1.839809,2.071498061,2.071498061
2024/5/4,2.098749954,3.977299194,2.136778747,3.156510762,3.156510762
2024/5/5,3.284327502,5.176246547,4.265162645,4.2053055,4.2053055
2024/5/6,6.090770575,7.109738078,3.935866594,5.249785724,5.249785724
2024/5/7,5.384134364,4.936855471,3.478798157,2.543595595,2.543595595
2024/5/8,2.866501674,3.587660484,3.482490006,2.532755257,2.532755257
2024/5/9,2.561136345,3.120857906,7.328838967,4.624373066,4.624373066
2024/5/10,2.382981789,2.46800513,6.736603639,4.330729236,4.330729236
2024/5/11,2.895785388,2.877553084,5.870832391,4.136259285,4.136259285
2024/5/12,2.587506731,2.910384287,5.850894632,4.572523406,4.572523406
2024/5/13,2.420578987,3.112374258,6.593748295,4.770830099,4.770830099
2024/5/14,3.58003729,3.527411783,5.106839182,2.968860615,2.968860615
2024/5/15,3.931187267,4.462184874,2.068308279,2.887436607,2.887436607
2024/5/16,4.474455773,3.679589692,2.332414015,2.842479153,2.842479153
2024/5/17,2.428164752,2.542580142,2.748473082,3.099146909,3.099146909
2024/5/18,2.300465556,2.399367688,3.889081644,3.284397463,3.284397463
2024/5/19,2.896530726,2.984126873,2.622463769,3.191574167,3.191574167
2024/5/20,3.314196285,4.354824687,3.18546024,5.914805212,5.914805212
2024/5/21,4.008663145,3.065788189,4.158018993,6.01351639,6.01351639
2024/5/22,6.975108144,3.286014555,3.907345426,5.333806773,5.333806773
2024/5/23,7.863761733,2.949320689,2.484440315,3.050321941,3.050321941
2024/5/24,6.435734741,2.725812047,1.476135393,2.991208207,2.991208207
2024/5/25,5.74850196,2.963916538,1.449193553,3.342243696,3.342243696
2024/5/26,3.905979401,2.403776102,1.309474686,2.996848493,2.996848493
2024/5/27,4.959585694,2.592511837,1.840655694,3.42849659,3.42849659
2024/5/28,4.964889611,1.823315782,0.707633254,1.641483359,1.641483359
2024/5/29,4.226871046,1.829653701,1.030754885,2.043170697,2.043170697
2024/5/30,3.878958517,1.683825329,0.576038484,1.307428716,1.307428716
2024/5/31,3.22006805,1.767769666,1.109696621,1.979890657,1.979890657
2024/6/1,2.618927445,1.622052676,1.212352983,2.609246687,2.609246687
2024/6/2,2.34118603,1.760549664,1.268657766,2.646758124,2.646758124
2024/6/3,2.025538185,1.838707063,0.778723839,2.55465506,2.55465506
2024/6/4,1.460080956,1.904164931,0.676039786,2.915756647,2.915756647
2024/6/5,1.403514042,2.013217567,0.620618274,2.814776271,2.814776271
2024/6/6,1.407326635,1.742055986,0.593035332,2.274550737,2.274550737
2024/6/7,1.609486219,2.157925497,0.500897883,2.312648752,2.312648752
2024/6/8,2.259817159,2.586238124,0.522064565,2.911047357,2.911047357
2024/6/9,2.581520631,2.117731359,0.417612173,2.404670045,2.404670045
2024/6/10,2.593179858,1.71654957,0.363634786,1.743704791,1.743704791
2024/6/11,2.602282296,1.20012153,0.278856842,1.150709612,1.150709612
2024/6/12,1.901494457,0.828023288,0.177655855,0.759821787,0.759821787
2024/6/13,1.748789289,0.764579366,0.16591492,0.514649785,0.514649785
2024/6/14,1.162834605,0.672866602,0.164977527,0.397016974,0.397016974
2024/6/15,1.103372277,0.403909715,0.157892603,0.279011483,0.279011483
2024/6/16,1.015775101,0.382410147,0.208344206,0.236149425,0.236149425
2024/6/17,0.972106014,0.336864925,0.172468532,0.184227308,0.184227308
2024/6/18,0.879246672,0.314448283,0.161591507,0.151422244,0.151422244
2024/6/19,0.599001817,0.219548626,0.162011725,0.113386534,0.113386534
2024/6/20,0.362436555,0.178015804,0.169781224,0.089922012,0.089922012
2024/6/21,0.392187356,0.178202008,0.249033605,0.083332553,0.083332553
2024/6/22,0.604654223,0.169060121,0.190210809,0.07014565,0.07014565
2024/6/23,0.781373408,0.167794058,0.156599872,0.065889503,0.065889503
2024/6/24,0.796763826,0.138190916,0.10329445,0.041756472,0.041756472
2024/6/25,0.659277537,0.123854904,0.098573205,0.032683078,0.032683078
2024/6/26,0.539242119,0.112471461,0.108961544,0.026757782,0.026757782
2024/6/27,0.375764125,0.098790072,0.090166453,0.021310763,0.021310763
2024/6/28,0.310921956,0.094267905,0.08905114,0.018867103,0.018867103
2024/6/29,0.11816426,0.090581666,0.084871964,0.016839507,0.016839507
2024/6/30,0.11196842,0.084599724,0.073144357,0.013553158,0.013553158
2024/7/1,0.114040546,0.075846809,0.057496179,0.009734458,0.009734458
2024/7/2,0.075327226,0.056171589,0.042533626,0.006871117,0.006871117
2024/7/3,0.062927781,0.060656635,0.037573459,0.006005703,0.006005703
2024/7/4,0.071924111,0.059017179,0.045774748,0.006684467,0.006684467
2024/7/5,0.073021302,0.05510672,0.043373609,0.005636146,0.005636146
2024/7/6,0.028719878,0.052686709,0.040429718,0.005261525,0.005261525
2024/7/7,0.039804503,0.05291084,0.046713636,0.006791564,0.006791564
2024/7/8,0.036545689,0.053991614,0.047637704,0.006594114,0.006594114
2024/7/9,0.038570778,0.048075057,0.033174885,0.00449222,0.00449222
2024/7/10,0.035273852,0.040147267,0.034852292,0.003583375,0.003583375
2024/7/11,0.020123092,0.037465018,0.033595017,0.003258279,0.003258279
2024/7/12,0.018068182,0.033782436,0.028241166,0.002572179,0.002572179
2024/7/13,0.00928198,0.028360128,0.020780751,0.001990662,0.001990662
2024/7/14,0.006895828,0.039270702,0.020618132,0.001552262,0.001552262
2024/7/15,0.007222075,0.027483454,0.023396635,0.001639977,0.001639977
2024/7/16,0.004013147,0.023016609,0.027212259,0.002436064,0.002436064
2024/7/17,0.001400416,0.016283132,0.021187755,0.001425413,0.001425413
2024/7/18,0.000631772,0.023625883,0.033693301,0.002449953,0.002449953
2024/7/19,0.000288807,0.017795579,0.025796242,0.001675799,0.001675799
2024/7/20,0.00017764,0.023541224,0.035816563,0.002527906,0.002527906
2024/7/21,0.000105814,0.028599912,0.036578788,0.002606298,0.002606298
2024/7/22,9.52E-05,0.044718503,0.035001282,0.002928632,0.002928632
2024/7/23,0.000102775,0.033968575,0.016896783,0.001950809,0.001950809
2024/7/24,0.000152807,0.045097102,0.025115974,0.024402304,0.024402304
2024/7/25,0.006244494,0.048793728,0.02174324,0.01791592,0.01791592
2024/7/26,0.028035827,0.027645591,0.024687156,0.010720517,0.010720517
2024/7/27,0.077102098,0.020376868,0.014554695,0.00315207,0.00315207
2024/7/28,0.092168662,0.014639326,0.013307977,0.001551962,0.001551962
2024/7/29,0.051247891,0.010112076,0.011193933,8.46E-04,0.000846301
2024/7/30,0.021490506,0.012402176,0.013605327,6.60E-04,0.000659893
2024/7/31,0.033239464,0.019366381,0.010590332,7.38E-04,0.00073839
2024/8/1,0.077505519,0.022675522,0.010430459,0.001047814,0.001047814
2024/8/2,0.128428648,0.023838054,0.010281339,9.17E-04,0.000917245
2024/8/3,0.135311042,0.023231384,0.011485064,6.73E-04,0.000672914
2024/8/4,0.07443588,0.015822749,0.011333715,4.21E-04,0.000421106
2024/8/5,0.027385972,0.009363728,0.010787534,2.29E-04,0.000228683
2024/8/6,0.011818502,0.007689313,0.009387825,1.01E-04,0.000101041
2024/8/7,0.007487255,0.008632467,0.00747259,4.31E-05,4.31E-05
2024/8/8,0.003512261,0.012028562,0.006881333,1.87E-05,1.87E-05
2024/8/9,0.001225419,0.02050467,0.005552111,7.56E-06,7.56E-06
2024/8/10,0.000560674,0.014487334,0.007368178,4.76E-06,4.76E-06
2024/8/11,0.001564593,0.023928971,0.003180554,7.15E-06,7.15E-06
2024/8/12,0.013601488,0.026469829,0.004161942,4.77E-05,4.77E-05
2024/8/13,0.029687422,0.023376603,0.002473413,4.69E-04,0.000469399
2024/8/14,0.056003076,0.025235123,0.001669808,0.002007746,0.002007746
2024/8/15,0.090043949,0.021156006,0.00172519,0.001844682,0.001844682
2024/8/16,0.086030893,0.018030899,0.000665851,9.65E-04,0.000964863
2024/8/17,0.051734577,0.015415962,0.000701733,4.68E-04,0.000468226
2024/8/18,0.034578827,0.012846527,0.001190072,1.67E-04,0.000167053
2024/8/19,0.013323013,0.011122519,0.00145016,4.57E-05,4.57E-05
2024/8/20,0.020973387,0.016144906,0.001773723,5.17E-04,0.000516502
2024/8/21,0.032386534,0.01872073,0.000401086,9.37E-04,0.000936949
2024/8/22,0.068685933,0.024165348,0.000214816,6.35E-04,0.000635335
2024/8/23,0.051035377,0.028134647,0.001637673,9.92E-04,0.000992221
2024/8/24,0.038080952,0.032330863,0.000788571,4.93E-04,0.000492538
2024/8/25,0.027327384,0.035447655,0.007202641,0.00779566,0.00779566
2024/8/26,0.016474463,0.045946826,0.007697918,0.012244198,0.012244198
2024/8/27,0.022379408,0.028589924,0.003433522,0.004669122,0.004669122
2024/8/28,0.058749394,0.023700189,0.008270767,0.003400488,0.003400488
2024/8/29,0.12607946,0.014629303,0.005181626,0.001146327,0.001146327
2024/8/30,0.165993041,0.011173498,0.003599777,7.32E-04,0.000731793
2024/8/31,0.111976249,0.007898227,0.003100835,4.30E-04,0.000430441
2024/9/1,0.075136089,0.008679192,0.002498676,2.67E-04,0.00026685
2024/9/2,0.061214263,0.025950125,0.00189514,0.003947732,0.003947732
2024/9/3,0.080119275,0.034915975,0.002639748,0.011165242,0.011165242
2024/9/4,0.097440332,0.034780126,0.001735795,0.014936256,0.014936256
2024/9/5,0.120771718,0.027935795,0.003649848,0.011164246,0.011164246
2024/9/6,0.123505059,0.029692034,0.003372993,0.011201358,0.011201358
2024/9/7,0.119304186,0.031042003,0.003137242,0.016155397,0.016155397
2024/9/8,0.176592085,0.051135232,0.004482047,0.030828103,0.030828103
2024/9/9,0.237321476,0.079239366,0.009399553,0.05040474,0.05040474
2024/9/10,0.300699962,0.12872282,0.026594558,0.090229187,0.090229187
2024/9/11,0.248459503,0.12611502,0.056017244,0.151727172,0.151727172
2024/9/12,0.351280459,0.187824055,0.058760289,0.192059641,0.192059641
2024/9/13,0.294171297,0.202102679,0.041701711,0.134053127,0.134053127
2024/9/14,0.252271733,0.151346562,0.026439843,0.125530211,0.125530211
2024/9/15,0.23328945,0.189443556,0.077283745,0.178808211,0.178808211
2024/9/16,0.234687127,0.231533288,0.125640996,0.250501187,0.250501187
2024/9/17,0.34786067,0.334528831,0.228442744,0.436262769,0.436262769
2024/9/18,0.20006205,0.291870266,0.176422112,0.386791085,0.386791085
2024/9/19,0.337808609,0.45335906,0.212856701,0.545509483,0.545509483
2024/9/20,0.507765169,0.474669369,0.154836141,0.435521532,0.435521532
2024/9/21,0.560681632,0.41644102,0.110770566,0.354998278,0.354998278
2024/9/22,0.443920005,0.285091741,0.085089665,0.303109178,0.303109178
2024/9/23,0.434438181,0.243021041,0.045663726,0.249573191,0.249573191
2024/9/24,0.585575367,0.239191883,0.028303229,0.127078982,0.127078982
2024/9/25,0.647647524,0.199861028,0.035194986,0.114951969,0.114951969
2024/9/26,0.505174367,0.168090086,0.075721278,0.092330092,0.092330092
2024/9/27,0.517968273,0.185342655,0.144690513,0.129616864,0.129616864
2024/9/28,0.395091619,0.210816647,0.160652246,0.186854308,0.186854308
2024/9/29,0.40629171,0.227962991,0.193023894,0.258401823,0.258401823
2024/9/30,0.431234627,0.273503087,0.280357827,0.263330914,0.263330914
2024/10/1,0.44709677,0.398290311,0.528023277,0.475798341,0.475798341
2024/10/2,0.572557865,0.342670533,0.31953872,0.357835916,0.357835916
2024/10/3,0.203297962,0.139643732,0.195140039,0.241833638,0.241833638
2024/10/4,0.157977282,0.125155123,0.153475212,0.191466866,0.191466866
2024/10/5,0.143783665,0.180350992,0.326903157,0.341811762,0.341811762
2024/10/6,0.178660116,0.308723297,0.355957534,0.333532429,0.333532429
2024/10/7,0.15527049,0.240834838,0.41957083,0.493378759,0.493378759
2024/10/8,0.141114486,0.188051477,0.201374799,0.25839974,0.25839974
2024/10/9,0.044847773,0.095218183,0.182386473,0.129494415,0.129494415
2024/10/10,0.088723975,0.099848721,0.045346692,0.102772705,0.102772705
2024/10/11,0.211631007,0.14975523,0.059074827,0.107264111,0.107264111
2024/10/12,0.11259421,0.125318288,0.097974509,0.182607503,0.182607503
2024/10/13,0.0832674,0.165776999,0.104291451,0.326558781,0.326558781
2024/10/14,0.062422296,0.137662606,0.113437324,0.231752307,0.231752307
2024/10/15,0.048093291,0.091449733,0.123077476,0.142468827,0.142468827
2024/10/16,0.087765485,0.039894644,0.096136008,0.115308929,0.115308929
2024/10/17,0.048710402,0.055930275,0.056932595,0.100033727,0.100033727
2024/10/18,0.008980791,0.037023654,0.067611486,0.087369579,0.087369579
2024/10/19,0.058104235,0.203073325,0.143058152,0.25135672,0.25135672
2024/10/20,0.042641455,0.165447635,0.229082939,0.384206287,0.384206287
2024/10/21,0.063455376,0.652016183,0.3287314,0.156569908,0.156569908
2024/10/22,0.020392438,0.109024808,0.286348032,0.120729818,0.120729818
2024/10/23,0.030679167,0.05956592,0.370562873,0.241983966,0.241983966
2024/10/24,0.040128652,0.078481463,0.658055966,0.393854243,0.393854243
2024/10/25,0.021856899,0.078967958,1.143328536,0.507871904,0.507871904
2024/10/26,0.038577457,0.095922655,1.551168055,0.491197577,0.491197577
2024/10/27,0.048257828,0.089155431,0.915118274,0.362849876,0.362849876
2024/10/28,0.043905277,0.077020544,0.451313457,0.201749581,0.201749581
2024/10/29,0.038790589,0.042868917,0.282347296,0.124657879,0.124657879
2024/10/30,0.026730502,0.025907748,0.129253608,0.060843408,0.060843408
2024/10/31,0.005319899,0.009362243,0.062523445,0.030552922,0.030552922
2024/11/1,0.010001274,0.008841628,0.041927353,0.026719909,0.026719909
2024/11/2,0.004210648,0.004519765,0.032750456,0.020785667,0.020785667
2024/11/3,0.001848634,0.002579314,0.403347234,0.149058474,0.149058474
2024/11/4,0.008393004,0.034437752,1.183045112,0.474140541,0.474140541
2024/11/5,0.019420778,0.037818766,0.213657517,0.101280271,0.101280271
2024/11/6,0.017195325,0.029079891,0.135956602,0.156004331,0.156004331
2024/11/7,0.024886907,0.033692727,0.553311185,0.12513498,0.12513498
2024/11/8,0.012876923,0.017914498,0.545271817,0.348461562,0.348461562
2024/11/9,0.001630708,0.016428457,0.144148604,0.137656265,0.137656265
2024/11/10,0.001099067,0.002092704,0.022586287,0.014441623,0.014441623
2024/11/11,0.002335653,0.00424569,0.018915489,0.010753543,0.010753543
2024/11/12,0.002273366,0.005213625,0.030783592,0.009470463,0.009470463
2024/11/13,0.000704827,0.002362311,0.006348009,0.00233674,0.00233674
2024/11/14,0.000323358,0.000601774,0.005456534,0.002360902,0.002360902
2024/11/15,6.66E-06,1.02E-06,0.003375559,3.10E-04,0.000310126
2024/11/16,2.97E-05,2.76E-05,0.001519169,0.002127958,0.002127958
2024/11/17,0.00071584,0.001221938,0.005636639,0.004244204,0.004244204
2024/11/18,0.000595419,0.001590028,0.013787325,0.005629443,0.005629443
2024/11/19,0.00118166,0.002850383,0.04487895,0.009252617,0.009252617
2024/11/20,0.001054572,0.003007479,0.027520611,0.008053439,0.008053439
2024/11/21,0.004831058,0.008717162,0.046791116,0.02496288,0.02496288
2024/11/22,0.003038579,0.005723048,0.022180437,0.010729449,0.010729449
2024/11/23,0.001259817,0.001922964,0.006583351,0.003377902,0.003377902
2024/11/24,0.022076728,0.04038944,0.012132327,0.055803872,0.055803872
2024/11/25,0.005684686,0.005982136,5.69E-05,8.56E-04,0.000856208
2024/11/26,4.07E-05,0.000309455,0.000929775,0.001605543,0.001605543
2024/11/27,0.000144533,0.002326654,0.002084087,0.007463442,0.007463442
2024/11/28,0.000424506,0.001385607,0.006729454,0.004000599,0.004000599
2024/11/29,0.00080614,0.001425545,0.009530855,0.005007685,0.005007685
2024/11/30,0.000124466,5.63E-05,0.002690187,0.001473701,0.001473701
2024/12/1,0,6.82E-06,0.0002441,8.38E-04,0.000837936
2024/12/2,9.09E-06,1.51E-06,0.001562869,2.61E-05,2.61E-05
2024/12/3,1.40E-06,1.06E-05,0.0050474,3.65E-04,0.000365354
2024/12/4,1.79E-07,0,0.03569066,5.96E-05,5.96E-05
2024/12/5,3.50E-06,0.002479052,0.070477151,0.01817045,0.01817045
2024/12/6,3.31E-07,3.66E-05,0.203520726,0.066178251,0.066178251
2024/12/7,4.21E-07,4.33E-06,0.022709344,0.002335194,0.002335194
2024/12/8,2.70E-06,3.49E-06,2.35E-05,1.25E-05,1.25E-05
2024/12/9,0.048198855,0.118852922,1.91E-05,0,0
2024/12/10,0.044527605,0.159676553,6.20E-05,0,0
2024/12/11,0.01802011,0.038539641,6.62E-05,0,0
2024/12/12,0.001037908,0.001113699,0.000190279,1.89E-06,1.89E-06
2024/12/13,0,0,7.76E-05,0,0
2024/12/14,0,0,0.000126972,0,0
2024/12/15,2.16E-09,1.88E-06,4.91E-06,3.89E-05,3.89E-05
2024/12/16,3.62E-06,0,2.05E-08,0,0
2024/12/17,5.31E-06,0,3.67E-05,0,0
2024/12/18,0,0,0,0,0
2024/12/19,0,0,0,0,0
2024/12/20,0,0,0.000120809,0,0
2024/12/21,0,0,1.62E-05,2.44E-06,2.44E-06
2024/12/22,0,0,2.43E-05,0,0
2024/12/23,0,0,0.000905365,0.001169497,0.001169497
2024/12/24,0,0,0.000218497,3.90E-05,3.90E-05
2024/12/25,0,0,0,0,0
2024/12/26,0,0,2.68E-06,0,0
2024/12/27,0,0,1.00E-05,0,0
2024/12/28,0,0,3.82E-09,0,0
2024/12/29,0,0,9.67E-06,0,0
2024/12/30,0,0,3.17E-06,0,0
2024/12/31,4.20E-08,0,9.83E-11,5.86E-05,5.86E-05
2025/1/1,0,0,0,0,0
2025/1/2,0,0,0,2.07E-06,2.07E-06
2025/1/3,0,0,0,0,0
2025/1/4,0,0,0,0,0
2025/1/5,0,0,0,3.27E-07,3.27E-07
2025/1/6,9.11E-07,0,4.33E-06,3.61E-07,3.61E-07
2025/1/7,5.50E-09,0,0.001858522,0.001225831,0.001225831
2025/1/8,3.31E-07,0,0.003076002,0.001126493,0.001126493
2025/1/9,0,0,2.34E-06,2.52E-06,2.52E-06
2025/1/10,0,0,0.00766601,0.003820182,0.003820182
2025/1/11,0.001422271,0.000219738,0,0,0
2025/1/12,0.006381436,0.014247401,4.03E-06,5.65E-08,5.65E-08
2025/1/13,0.005912306,0.021835614,1.34E-06,0,0
2025/1/14,0,0,0.074201982,0.045210398,0.045210398
2025/1/15,1.54E-05,0,0.041757975,0.007164889,0.007164889
2025/1/16,2.05E-06,3.67E-06,0.003015888,2.48E-04,0.000248214
2025/1/17,0.005752123,0.004339396,0.000179014,2.55E-05,2.55E-05
2025/1/18,0.065413464,0.15396388,0.00144923,5.63E-04,0.000562541
2025/1/19,0.041803969,0.136192596,0.004256908,8.39E-04,0.00083856
2025/1/20,0.002579596,0.007049939,0.002231597,7.36E-04,0.00073569
2025/1/21,0.003872407,0.009583547,0.001550675,3.49E-04,0.000349196
2025/1/22,0.001901082,0.002227186,0.002272575,7.34E-04,0.000733897
2025/1/23,0.003853483,0.00580321,0.002474116,0.001205903,0.001205903
2025/1/24,0.038793349,0.196413759,0,0,0
2025/1/25,0.011810564,0.042337897,0,0,0
2025/1/26,0.012695255,0.012227361,0.003046766,0.004664568,0.004664568
2025/1/27,7.10E-06,0.005021089,0.000989832,6.97E-04,0.000696939
2025/1/28,0,0,0.001286686,9.89E-05,9.89E-05
2025/1/29,0,0,0.000260147,4.15E-10,4.15E-10
2025/1/30,0,0,5.99E-06,0,0
2025/1/31,0,0,1.88E-06,4.39E-05,4.39E-05
2025/2/1,0,0,0,0,0
2025/2/2,0,0,0,0,0
2025/2/3,9.32E-05,0,0,0,0
2025/2/4,0.002805478,0.000185493,1.66E-08,0,0
2025/2/5,0.000594172,5.83E-05,1.17E-06,9.72E-07,9.72E-07
2025/2/6,0.000222673,0,3.94E-05,3.04E-05,3.04E-05
2025/2/7,5.13E-06,0,4.70E-05,1.66E-04,0.000166258
2025/2/8,8.08E-06,0,9.91E-05,3.35E-04,0.000335055
2025/2/9,0.000183201,3.61E-06,1.06E-05,5.33E-08,5.33E-08
2025/2/10,0.002199575,0.000829378,0,0,0
2025/2/11,0.005150516,0.003165571,2.51E-05,5.15E-05,5.15E-05
2025/2/12,0.003222639,0.001586514,0.000607523,0.001213642,0.001213642
2025/2/13,0.000844648,0.000462316,0.015403817,0.006099854,0.006099854
2025/2/14,8.95E-05,0.000359687,0.016960498,0.00247375,0.00247375
2025/2/15,7.46E-06,5.23E-06,0.000542811,1.13E-04,0.000113259
2025/2/16,0.000163231,4.95E-07,0.00141966,6.75E-04,0.000674713
2025/2/17,0.000133522,4.91E-08,0.000938103,5.17E-04,0.000517304
2025/2/18,4.36E-05,4.28E-09,0.001438313,9.00E-04,0.000899655
2025/2/19,3.37E-05,4.07E-09,0.001551845,6.44E-04,0.000644368
2025/2/20,3.19E-05,2.34E-07,0.000909124,4.07E-04,0.000406504
2025/2/21,0.000101268,2.32E-06,0.000680261,4.99E-04,0.000499138
2025/2/22,0.000272633,3.36E-05,0.012259575,9.77E-04,0.000976982
2025/2/23,0.000229477,5.08E-05,0.023509368,0.002013425,0.002013425
2025/2/24,0.000170851,6.77E-05,0.002465776,0.001824833,0.001824833
2025/2/25,0.000303061,0.000103808,0.007257265,0.003315043,0.003315043
2025/2/26,0.001686097,0.000618521,0.044819233,0.012654526,0.012654526
2025/2/27,0.00250016,0.001851485,0.102547848,0.01791212,0.01791212
2025/2/28,0.000602994,0.000170511,0.009945278,0.00285793,0.00285793
2025/3/1,0.000703337,0.000565473,0.045379886,0.009832788,0.009832788
2025/3/2,0.001770444,0.000848147,0.079536433,0.011651379,0.011651379
2025/3/3,0.002274731,0.022513349,0.026546897,0.006801412,0.006801412
2025/3/4,0.005550005,0.048686764,0.027036149,0.00891063,0.00891063
2025/3/5,0.008708936,0.033349369,0.064448021,0.012632299,0.012632299
2025/3/6,0.006373927,0.018530125,0.030312135,0.009582226,0.009582226
2025/3/7,0.002566222,0.001845278,0.051665866,0.017780955,0.017780955
2025/3/8,0.010700202,0.007939279,0.098432683,0.038841961,0.038841961
2025/3/9,0.001775492,0.001493059,0.012712092,0.006809556,0.006809556
2025/3/10,0.001338191,0.001479202,0.029291306,0.010324655,0.010324655
2025/3/11,0.000603089,0.000362766,0.00243962,0.002271869,0.002271869
2025/3/12,0.002073344,0.003394428,0.023534559,0.006953936,0.006953936
2025/3/13,0.001077123,0.001724707,0.013258408,0.002228144,0.002228144
2025/3/14,0.000501971,0.00063327,0.082849433,0.010930862,0.010930862
2025/3/15,0.001287623,0.055624747,1.153379059,0.42661895,0.42661895
2025/3/16,0.002708504,0.002777832,0.169677512,0.031494568,0.031494568
2025/3/17,0.014156677,0.012691865,0.668882108,0.088349172,0.088349172
2025/3/18,0.02527932,0.031291002,0.889725521,0.190772924,0.190772924
2025/3/19,0.043338223,0.108239962,1.874781858,0.604610696,0.604610696
2025/3/20,0.15331138,0.285414755,1.80815393,0.840614092,0.840614092
2025/3/21,0.140143357,0.277782616,1.588648169,0.727175651,0.727175651
2025/3/22,0.113974178,0.138813029,0.485308055,0.36253564,0.36253564
2025/3/23,0.00155111,0.003037288,0.027307782,0.014861466,0.014861466
2025/3/24,0.002316356,0.00252583,0.048255305,0.028994632,0.028994632
2025/3/25,0.005146332,0.003837222,0.079857692,0.027286299,0.027286299
2025/3/26,0.000521977,0.000258692,0.074704373,0.008042269,0.008042269
2025/3/27,0.000525372,0.022296946,0.610193775,0.267686601,0.267686601
2025/3/28,0.003547799,0.103215146,0.835750508,0.565632623,0.565632623
2025/3/29,0.011856466,0.358212255,1.900142348,1.096948471,1.096948471
2025/3/30,0.030847122,0.48337144,2.574779356,1.39182704,1.39182704
2025/3/31,0.028344695,0.180492009,3.157447705,1.14420572,1.14420572
2025/4/1,0.053364001,0.104619683,1.382592474,0.435834484,0.435834484
2025/4/2,0.088476681,0.191122174,0.927231469,0.378265827,0.378265827
2025/4/3,0.094512314,0.247942819,0.354011682,0.066656145,0.066656145
2025/4/4,0.024985542,0.367391724,1.740377051,0.498090872,0.498090872
2025/4/5,0.205578975,1.037825892,2.17604746,1.559607029,1.559607029
2025/4/6,0.225557497,1.233764083,1.041827533,1.413143375,1.413143375
2025/4/7,0.316683752,1.224398788,1.913450179,1.675218288,1.675218288
2025/4/8,0.290437246,1.557176234,1.32245899,1.734875783,1.734875783
2025/4/9,0.165220693,1.27881635,1.218923383,2.030484284,2.030484284
2025/4/10,0.109639557,1.325166299,1.667427326,1.736127233,1.736127233
2025/4/11,0.105838413,0.778715955,4.119818982,1.445836812,1.445836812
2025/4/12,0.085351513,0.673253766,5.929793827,1.763044143,1.763044143
2025/4/13,0.281656611,1.152954378,4.604175015,2.879012371,2.879012371
2025/4/14,0.310303345,1.23075287,3.160925314,2.133568255,2.133568255
2025/4/15,0.229435788,0.983238438,2.408970186,2.207608232,2.207608232
2025/4/16,0.114419449,0.650361531,1.757420372,0.876395084,0.876395084
2025/4/17,0.340283718,1.720097077,0.993179839,0.691596485,0.691596485
2025/4/18,0.597394873,2.286268805,1.704627452,1.78185926,1.78185926
2025/4/19,0.781777703,0.967545868,1.152338734,1.292077641,1.292077641
2025/4/20,0.840589688,0.470584774,0.202301004,0.167140455,0.167140455
2025/4/21,0.72822047,0.357320927,0.326497125,0.347519614,0.347519614
2025/4/22,0.290825622,0.633228559,0.705604363,0.540782171,0.540782171
2025/4/23,0.376301562,0.646706912,0.579766786,0.74026382,0.74026382
2025/4/24,0.3086676,0.635343158,0.83475491,0.927610551,0.927610551
2025/4/25,0.39559511,0.706858368,2.521383481,2.012227642,2.012227642
2025/4/26,0.585010418,0.96625325,1.989890865,1.331632544,1.331632544
2025/4/27,0.775131996,1.663238707,3.272785133,1.34370361,1.34370361
2025/4/28,0.867363428,1.969957078,4.316220861,1.765629703,1.765629703
2025/4/29,0.783328683,2.046667419,6.194376274,3.701185684,3.701185684
2025/4/30,0.78029033,2.017977403,3.707133367,1.80742856,1.80742856
2025/5/1,1.248116006,2.490203103,4.254564638,2.5511596,2.5511596
2025/5/2,1.154607649,3.447384775,5.710860157,5.762300286,5.762300286
2025/5/3,1.031325334,2.842580057,5.259600546,5.292891531,5.292891531
2025/5/4,0.967277282,2.940418228,5.329346504,4.554855127,4.554855127
2025/5/5,1.157012446,2.959766223,6.098847143,4.907840011,4.907840011
2025/5/6,1.765300821,3.568899104,7.546625464,6.882169214,6.882169214
2025/5/7,2.168723016,4.48875,7.675863997,7.597515996,7.597515996
2025/5/8,3.159868402,4.877682859,6.142881689,7.018274539,7.018274539
2025/5/9,3.904048353,5.280518008,4.816157826,5.911946499,5.911946499
2025/5/10,3.824480813,5.079591484,2.989257151,3.393143219,3.393143219
2025/5/11,4.289094476,4.623030499,1.54302058,3.736022955,3.736022955
2025/5/12,4.631087332,3.330305417,1.071892231,2.915199187,2.915199187
2025/5/13,4.485880285,2.24203022,1.04694528,2.328051349,2.328051349
2025/5/14,4.300541384,1.876800094,1.104208195,2.666409531,2.666409531
2025/5/15,3.009672002,2.105391195,1.592886142,3.809183058,3.809183058
2025/5/16,2.345930398,3.352757886,2.456620502,4.859148098,4.859148098
2025/5/17,2.573904075,5.509412803,3.317185715,5.929949253,5.929949253
2025/5/18,3.472972278,6.487608608,3.332163831,5.032458928,5.032458928
2025/5/19,4.554625511,5.828507543,2.051553191,3.249137094,3.249137094
2025/5/20,5.750570733,6.175496606,1.949760839,4.07625382,4.07625382
2025/5/21,6.780528066,6.923720705,3.719365201,6.393007212,6.393007212
2025/5/22,9.24855065,7.520931256,4.807428271,7.774729389,7.774729389
2025/5/23,9.767865981,5.637814508,2.617068102,4.291567121,4.291567121
2025/5/24,6.420853978,5.109243754,3.182284741,3.848230587,3.848230587
2025/5/25,6.570170423,4.624246811,2.009633679,3.498170286,3.498170286
2025/5/26,5.576367714,3.714676189,1.268479809,2.133248438,2.133248438
2025/5/27,5.585223869,3.228424153,1.037224629,1.797054349,1.797054349
2025/5/28,4.146769031,2.836917968,1.172693739,2.164759697,2.164759697
2025/5/29,3.14450559,3.049465772,1.161065996,2.59515389,2.59515389
2025/5/30,2.436763972,2.198589541,0.962864288,1.746279751,1.746279751
2025/5/31,2.653659976,2.461083719,1.167611073,2.384203106,2.384203106
2025/6/1,2.429804849,2.348609676,1.185947455,2.863498846,2.863498846
2025/6/2,2.764225223,2.263704761,1.076747927,2.380915115,2.380915115
2025/6/3,2.954560381,2.255647962,0.768722412,2.463160191,2.463160191
2025/6/4,3.025643345,2.237499112,0.778551022,2.742950172,2.742950172
2025/6/5,3.437724477,2.355552028,0.709388756,3.108009777,3.108009777
2025/6/6,4.000560437,1.99219869,0.587189261,2.712287007,2.712287007
2025/6/7,3.659699261,1.350745258,0.383889176,1.641280382,1.641280382
2025/6/8,2.733514433,1.042648618,0.41245991,1.049860373,1.049860373
2025/6/9,2.276352114,0.961499113,0.297760852,0.78804648,0.78804648
2025/6/10,2.081248851,0.859640194,0.224925477,0.700121216,0.700121216
2025/6/11,1.959478941,0.89363174,0.250923296,0.701099617,0.701099617
2025/6/12,1.833901453,0.782165212,0.277509654,0.514496339,0.514496339
2025/6/13,1.261488902,0.602961592,0.207796188,0.317065403,0.317065403
2025/6/14,1.005943059,0.489034454,0.207337462,0.252476962,0.252476962
2025/6/15,0.731324635,0.417021036,0.198146091,0.222541246,0.222541246
2025/6/16,0.742439946,0.355971378,0.188372589,0.177042907,0.177042907
2025/6/17,0.752380496,0.29266381,0.154466817,0.153719292,0.153719292
2025/6/18,0.457083071,0.23501171,0.151312623,0.129211765,0.129211765
2025/6/19,0.364833151,0.217456593,0.143492817,0.123388078,0.123388078
2025/6/20,0.354260654,0.196133299,0.151736432,0.103017304,0.103017304
2025/6/21,0.219161216,0.170304594,0.150430696,0.078665762,0.078665762
2025/6/22,0.198701056,0.141919313,0.130221033,0.05223635,0.05223635
2025/6/23,0.093991809,0.115949174,0.095397333,0.033280041,0.033280041
2025/6/24,0.092009861,0.093568747,0.076497985,0.022581816,0.022581816
2025/6/25,0.074582046,0.088035565,0.068329822,0.020051474,0.020051474
2025/6/26,0.101220412,0.075775217,0.056894674,0.016115425,0.016115425
2025/6/27,0.116499046,0.063616184,0.049180988,0.01308038,0.01308038
2025/6/28,0.081405229,0.065208727,0.052458006,0.013163481,0.013163481
2025/6/29,0.055100068,0.059597992,0.049649311,0.011508719,0.011508719
2025/6/30,0.061521889,0.057110134,0.043920206,0.009602662,0.009602662
2025/7/1,0.111589602,0.051095508,0.044550571,0.00987066,0.00987066
2025/7/2,0.165762894,0.044011415,0.039212434,0.008229659,0.008229659
2025/7/3,0.137300463,0.048699903,0.039292451,0.029945822,0.029945822
2025/7/4,0.051500818,0.054077564,0.045520013,0.046719267,0.046719267
2025/7/5,0.016850686,0.048729118,0.04130114,0.023099393,0.023099393
2025/7/6,0.005734659,0.042104236,0.030197636,0.011283715,0.011283715
2025/7/7,0.003898267,0.039229391,0.035341435,0.007242677,0.007242677
2025/7/8,0.003267775,0.034263609,0.02229053,0.005177987,0.005177987
2025/7/9,0.005400184,0.035409637,0.031829825,0.092059057,0.092059057
2025/7/10,0.01487895,0.025839506,0.036379085,0.125715038,0.125715038
2025/7/11,0.012996039,0.02078314,0.019382366,0.045335991,0.045335991
2025/7/12,0.005624709,0.030988019,0.031325265,0.016424853,0.016424853
2025/7/13,0.002277354,0.030193816,0.028309294,0.007628425,0.007628425
2025/7/14,0.00237555,0.029800455,0.037526763,0.005737477,0.005737477
2025/7/15,0.003289481,0.023768127,0.03353272,0.003795762,0.003795762
2025/7/16,0.002538331,0.025736397,0.033687276,0.003208929,0.003208929
2025/7/17,0.000851016,0.026744162,0.036269316,0.00288953,0.00288953
2025/7/18,0.000235449,0.026131373,0.039619337,0.003273217,0.003273217
2025/7/19,0.000342116,0.030801379,0.041740165,0.003270981,0.003270981
2025/7/20,0.000336976,0.031899082,0.040250096,0.003086355,0.003086355
2025/7/21,0.001260241,0.038878942,0.038027505,0.016433468,0.016433468
2025/7/22,0.014913293,0.041889183,0.045040336,0.018904653,0.018904653
2025/7/23,0.007039322,0.022984564,0.033705731,0.004521953,0.004521953
2025/7/24,0.01140053,0.028414222,0.021824175,0.008350551,0.008350551
2025/7/25,0.007259011,0.021058341,0.018089053,0.005302977,0.005302977
2025/7/26,0.002844747,0.01788884,0.020172065,0.002537062,0.002537062
2025/7/27,0.000787389,0.013950654,0.01848768,9.65E-04,0.000964774
2025/7/28,0.000153508,0.012832208,0.017979494,3.67E-04,0.000366752
2025/7/29,6.84E-05,0.01197338,0.015965307,1.28E-04,0.00012825
2025/7/30,4.68E-05,0.01124045,0.016824919,6.35E-05,6.35E-05
2025/7/31,2.89E-05,0.013058473,0.015975617,3.84E-05,3.84E-05
2025/8/1,5.06E-05,0.017143645,0.012087498,2.20E-05,2.20E-05
2025/8/2,0.000702789,0.011643128,0.011075582,2.09E-05,2.09E-05
2025/8/3,0.0063415,0.007503403,0.008077009,1.63E-05,1.63E-05
2025/8/4,0.003628497,0.007575709,0.00734978,0.001829909,0.001829909
2025/8/5,0.003096105,0.012439306,0.008673733,0.005063343,0.005063343
2025/8/6,0.00527483,0.011660408,0.009543661,0.006266641,0.006266641
2025/8/7,0.012257558,0.007266692,0.007115416,0.002983621,0.002983621
2025/8/8,0.03225027,0.01218231,0.005680201,0.001277659,0.001277659
2025/8/9,0.036857014,0.014307178,0.00474112,5.64E-04,0.000564491
2025/8/10,0.028429549,0.020250633,0.005716929,0.003789791,0.003789791
2025/8/11,0.022171225,0.025290361,0.005700176,0.003795744,0.003795744
2025/8/12,0.011708575,0.021561301,0.005668202,0.002389497,0.002389497
2025/8/13,0.007712043,0.011050824,0.003148409,0.002657677,0.002657677
2025/8/14,0.009453876,0.00577418,0.002943377,0.001331155,0.001331155
2025/8/15,0.018814347,0.007531001,0.001636661,4.62E-04,0.000462348
2025/8/16,0.033002712,0.028213171,0.002673166,0.001457089,0.001457089
2025/8/17,0.033020129,0.053904573,0.002663325,6.99E-04,0.000698814
2025/8/18,0.023994752,0.032721449,0.001959914,3.54E-04,0.000354087
2025/8/19,0.030898228,0.017905477,0.001461283,7.12E-04,0.000711536
2025/8/20,0.033160465,0.012084762,0.002775774,0.019955904,0.019955904
2025/8/21,0.019202354,0.007330672,0.003353539,0.035536256,0.035536256
2025/8/22,0.010231272,0.004515718,0.001705793,0.017754654,0.017754654
2025/8/23,0.0047578,0.003742469,0.001977519,0.008188995,0.008188995
2025/8/24,0.002990552,0.007159986,0.00116428,0.00261551,0.00261551
2025/8/25,0.004867144,0.009004493,0.00107537,6.64E-04,0.00066393
2025/8/26,0.004460238,0.007264453,0.001281272,2.06E-04,0.000205747
2025/8/27,0.003066279,0.007345553,0.000931149,4.71E-05,4.71E-05
2025/8/28,0.006692244,0.010220284,0.001191459,4.29E-04,0.000428943
2025/8/29,0.007476318,0.017904559,0.001231982,7.50E-04,0.000750066
2025/8/30,0.010747523,0.034475274,0.00148521,5.81E-04,0.000581003
2025/8/31,0.014450302,0.043835409,0.001232308,0.014932171,0.014932171
2025/9/1,0.026584379,0.071185557,0.010727123,0.089187729,0.089187729
2025/9/2,0.043308903,0.077899677,0.010636736,0.093889289,0.093889289
2025/9/3,0.038248298,0.055656933,0.015021868,0.092064048,0.092064048
2025/9/4,0.050703422,0.059154483,0.014060792,0.093945201,0.093945201
2025/9/5,0.055110201,0.045755624,0.011298095,0.0835019,0.0835019
2025/9/6,0.067995801,0.042554921,0.016864447,0.079687957,0.079687957
2025/9/7,0.097838149,0.0401504,0.025397489,0.067880018,0.067880018
2025/9/8,0.080641311,0.029350942,0.01901964,0.037953625,0.037953625
2025/9/9,0.073912219,0.016836958,0.013674899,0.022745048,0.022745048
2025/9/10,0.091348505,0.01846657,0.009683259,0.021246738,0.021246738
2025/9/11,0.078388963,0.01527448,0.006350197,0.012085114,0.012085114
2025/9/12,0.106921996,0.030835202,0.012178134,0.043035285,0.043035285
2025/9/13,0.092751022,0.052591475,0.008420262,0.0401436,0.0401436
2025/9/14,0.098951346,0.082197883,0.011077511,0.064605921,0.064605921
2025/9/15,0.220581484,0.125414957,0.040984498,0.139484311,0.139484311
2025/9/16,0.175665238,0.123854237,0.038783029,0.102139044,0.102139044
2025/9/17,0.193103601,0.092169555,0.027927792,0.069282015,0.069282015
2025/9/18,0.138516236,0.076179951,0.022110563,0.053069392,0.053069392
2025/9/19,0.130521052,0.066725098,0.017001832,0.040966924,0.040966924
2025/9/20,0.162382744,0.065800135,0.023210289,0.048869013,0.048869013
2025/9/21,0.160574655,0.093032886,0.020063784,0.048972941,0.048972941
2025/9/22,0.312877215,0.107564905,0.021792597,0.087979949,0.087979949
2025/9/23,0.586058049,0.157540477,0.039343189,0.096173576,0.096173576
2025/9/24,0.887478226,0.1460201,0.030784972,0.077195694,0.077195694
2025/9/25,1.365219922,0.109713694,0.020702271,0.079412319,0.079412319
2025/9/26,0.575906892,0.090722144,0.014923381,0.053987689,0.053987689
2025/9/27,0.465018997,0.065238534,0.052245877,0.076021651,0.076021651
2025/9/28,0.2985648,0.092514521,0.04727729,0.101936237,0.101936237
2025/9/29,0.206861304,0.128382645,0.073899585,0.079168548,0.079168548
2025/9/30,0.123919562,0.133894435,0.183150245,0.230842141,0.230842141
2025/10/1,0.094129333,0.117435478,0.508063964,0.320518475,0.320518475
2025/10/2,0.107914345,0.160274609,0.456283828,0.210014515,0.210014515
2025/10/3,0.148931839,0.35112042,0.243967046,0.208262222,0.208262222
2025/10/4,0.104737363,0.34499123,0.164233344,0.153779762,0.153779762
2025/10/5,0.100804342,0.538660741,0.200222411,0.206506018,0.206506018
2025/10/6,0.139286208,0.550771572,0.189064888,0.331284805,0.331284805
2025/10/7,0.16158576,0.65337445,0.234605235,0.233732162,0.233732162
2025/10/8,0.532876172,1.182557282,0.195714315,0.308298265,0.308298265
2025/10/9,0.30605095,0.538921968,0.153713469,0.334968412,0.334968412
2025/10/10,0.02171778,0.107378448,0.092668929,0.144236515,0.144236515
2025/10/11,0.006502783,0.073400965,0.050741687,0.062459906,0.062459906
2025/10/12,0.012359652,0.094641524,0.035500051,0.044484304,0.044484304
2025/10/13,0.037444987,0.189896396,0.037179014,0.064194563,0.064194563
2025/10/14,0.033719031,0.29141317,0.090098486,0.258305551,0.258305551
2025/10/15,0.035571574,0.358648044,0.117595707,0.232246238,0.232246238
2025/10/16,0.017503041,0.20340967,0.190222533,0.167896419,0.167896419
2025/10/17,0.01518663,0.222041195,0.086965252,0.144327203,0.144327203
2025/10/18,0.015383845,0.059227901,0.073147635,0.075038957,0.075038957
2025/10/19,0.016496246,0.044463379,0.112619578,0.09400236,0.09400236
2025/10/20,0.020052562,0.045975074,0.165060885,0.128855382,0.128855382
2025/10/21,0.029193226,0.070363589,0.239778105,0.229620558,0.229620558
2025/10/22,0.034933714,0.08896364,0.457844065,0.401846627,0.401846627
2025/10/23,0.094748115,0.38535479,0.517110498,0.404298712,0.404298712
2025/10/24,0.120643001,0.318249765,0.352187825,0.297752177,0.297752177
2025/10/25,0.027652175,0.074334817,0.203427668,0.171486309,0.171486309
2025/10/26,0.012109333,0.055808675,0.317173393,0.177650209,0.177650209
2025/10/27,0.014216085,0.063506173,0.198201512,0.194144131,0.194144131
2025/10/28,0.015478198,0.066202615,0.157817173,0.138840208,0.138840208
2025/10/29,0.006365806,0.020928774,0.34611561,0.100104652,0.100104652
2025/10/30,0.010444126,0.053353993,0.793872348,0.35101652,0.35101652
2025/10/31,0.017457196,0.055811948,0.731322367,0.411228643,0.411228643
2025/11/1,0.037846465,0.183914412,0.845355732,0.494605896,0.494605896
2025/11/2,0.03026604,0.086170626,0.405232914,0.196301426,0.196301426
2025/11/3,0.006920847,0.022917264,0.061343782,0.050438937,0.050438937
2025/11/4,0.014720107,0.023651986,0.094276534,0.066373104,0.066373104
2025/11/5,0.01487186,0.017783094,0.068021911,0.047738906,0.047738906
2025/11/6,0.005304266,0.007374616,0.049393591,0.017927217,0.017927217
2025/11/7,0.000394028,0.000430122,0.018846036,0.00568478,0.00568478
2025/11/8,0.000365805,0.002150023,0.009801963,0.007742218,0.007742218
2025/11/9,0.000471198,0.000966102,0.092974488,0.023231133,0.023231133
2025/11/10,0.002418471,0.028486438,0.335061008,0.207234042,0.207234042
2025/11/11,0.003287097,0.009877123,0.02196866,0.053512431,0.053512431
2025/11/12,0.000473854,0.001122045,0.01876413,0.007975585,0.007975585
2025/11/13,0.001894033,0.003022431,0.018828378,0.012843052,0.012843052
2025/11/14,0.002485974,0.021291922,0.305259156,0.150315863,0.150315863
2025/11/15,0.000776607,0.081842943,0.818391259,0.395151008,0.395151008
2025/11/16,1.56E-05,0.015615624,0.767806634,0.477209341,0.477209341
2025/11/17,0.00095024,0.000322158,0.008947998,0.005495428,0.005495428
2025/11/18,0.002475732,0.001494693,0.039979259,0.008486144,0.008486144
2025/11/19,0.000310796,0.018967293,0.806801327,0.406606636,0.406606636
2025/11/20,0.000389527,0.000852275,0.064304251,0.017266121,0.017266121
2025/11/21,0.001389855,0.001232836,0.070201413,0.020300987,0.020300987
2025/11/22,0.000996499,0.000870258,0.016410964,0.007667359,0.007667359
2025/11/23,5.35E-07,8.74E-08,0.002776939,6.17E-05,6.17E-05
2025/11/24,0,5.05E-07,0.000755522,1.57E-04,0.000156824
2025/11/25,7.17E-06,1.60E-05,0.022699911,9.12E-04,0.000912254
2025/11/26,0,4.04E-05,0.001464415,3.41E-04,0.000340611
2025/11/27,0.00024249,0.000348797,0.00423969,0.002956829,0.002956829
2025/11/28,1.07E-06,5.00E-07,3.77E-07,6.21E-05,6.21E-05
2025/11/29,4.09E-08,2.46E-06,0.000151233,6.21E-06,6.21E-06
2025/11/30,0,3.08E-05,0.003955706,7.17E-04,0.000716886
2025/12/1,0,0,5.32E-05,2.85E-06,2.85E-06
2025/12/2,0,0,4.74E-06,0,0
2025/12/3,0,0,1.31E-05,8.71E-06,8.71E-06
2025/12/4,0,0,0.000534167,1.35E-04,0.000134562
2025/12/5,0,0,0.000203045,2.89E-05,2.89E-05
2025/12/6,0,0,0,0,0
2025/12/7,0,0,0,2.50E-08,2.50E-08
2025/12/8,0,0,5.53E-05,1.73E-05,1.73E-05
2025/12/9,0,0,0,4.66E-07,4.66E-07
2025/12/10,0,0,1.83E-05,0,0
2025/12/11,0,0,0,0,0
2025/12/12,8.39E-07,0,0,0,0
2025/12/13,0,0,0.000113096,1.16E-05,1.16E-05
2025/12/14,0.000352964,0,0.000903348,1.16E-04,0.000115813
2025/12/15,8.55E-06,0,0.015076725,5.80E-05,5.80E-05
2025/12/16,1.19E-05,0,0.00185291,1.42E-04,0.000142078
2025/12/17,1.82E-05,7.08E-06,0.001057386,0.001100779,0.001100779
2025/12/18,0,0,0.000849894,0,0
2025/12/19,0,0,0,0,0
2025/12/20,0,0,0,0,0
2025/12/21,0,0,7.67E-10,0,0
2025/12/22,0,0,0,0,0
2025/12/23,0,0,0,0,0
2025/12/24,0.000368577,1.22E-05,0,0,0
2025/12/25,4.38E-06,0,1.76E-06,5.17E-05,5.17E-05
2025/12/26,1.34E-06,0,1.59E-06,3.12E-05,3.12E-05
2025/12/27,4.90E-08,0,0.000422088,5.03E-04,0.000503375
2025/12/28,0,0,0,0,0
2025/12/29,0,0,1.11E-07,7.91E-10,7.91E-10
2025/12/30,0,0,0,0,0
2025/12/31,0,0,0,0,0
