ID	lon	lat	DOC	POC	discharge	QlagDOC	QlagPOC	FID_1
417866	-135.175	69.225	NA	NA	153.883721	NA	NA	NA
417867	-135.125	69.225	125.443458	147.842251	152.694436	27.250978	4.852185	NA
424387	-135.125	69.175	125.866306	148.00854	152.388376	26.52207	4.379836	NA
424388	-135.075	69.175	126.003982	147.257848	155.20812	29.204138	7.950272	NA
424389	-135.025	69.175	NA	NA	153.094196	NA	NA	NA
424390	-134.975	69.175	NA	NA	150.363507	NA	NA	NA
430908	-135.075	69.125	NA	NA	153.087393	NA	NA	NA
430909	-135.025	69.125	NA	NA	153.038819	NA	NA	NA
430910	-134.975	69.125	NA	NA	151.254457	NA	NA	NA
437428	-135.075	69.075	124.644748	142.9987	154.777822	30.133074	11.779122	NA
437429	-135.025	69.075	125.039735	145.022938	154.584387	29.544652	9.561449	NA
443949	-135.025	69.025	124.615691	143.54403	154.598279	29.982588	11.05425	NA
443950	-134.975	69.025	124.352577	140.503887	154.370773	30.018196	13.866886	NA
443951	-134.925	69.025	NA	NA	154.417707	NA	NA	NA
443952	-134.875	69.025	NA	NA	150.098325	NA	NA	NA
450472	-134.875	68.975	124.126385	137.866005	154.223165	30.096781	16.35716	NA
450473	-134.825	68.975	123.982002	137.862598	154.786253	30.804252	16.923655	NA
456993	-134.825	68.925	NA	NA	143.212119	NA	NA	NA
456994	-134.775	68.925	124.233725	139.371611	143.211099	18.977374	3.839488	NA
456995	-134.725	68.925	124.277263	138.219742	143.208987	18.931724	4.989245	NA
463515	-134.725	68.875	123.960216	139.510094	147.757588	23.797372	8.247494	NA
463516	-134.675	68.875	123.954502	139.253545	143.20688	19.252378	3.953335	NA
463517	-134.625	68.875	124.014812	138.887727	143.201394	19.186581	4.313667	NA
470037	-134.625	68.825	124.658332	139.370137	143.19978	18.541448	3.829643	NA
476557	-134.625	68.775	124.287705	134.980215	147.439383	23.151678	12.459168	NA
476558	-134.575	68.775	124.139702	137.326173	143.194041	19.054339	5.867868	NA
476559	-134.525	68.775	124.032622	137.758899	143.18837	19.155748	5.42947	NA
483079	-134.525	68.725	124.183323	137.761842	147.050987	22.867663	9.289145	NA
483080	-134.475	68.725	124.513316	138.982926	143.186882	18.673566	4.203956	NA
489600	-134.475	68.675	NA	NA	143.181752	NA	NA	NA
489601	-134.425	68.675	124.308925	138.027846	143.176257	18.867332	5.148411	NA
489602	-134.375	68.675	125.300306	140.196987	143.174867	17.874561	2.97788	NA
489603	-134.325	68.675	124.530966	138.130404	143.173137	18.64217	5.042733	NA
489604	-134.275	68.675	123.974082	138.877879	143.170869	19.196787	4.29299	NA
489605	-134.225	68.675	124.012229	137.996458	143.169218	19.156989	5.17276	NA
496125	-134.225	68.625	124.081948	136.323047	145.928165	21.846217	9.605118	NA
496126	-134.175	68.625	123.970542	137.486191	143.167458	19.196916	5.681267	NA
502645	-134.225	68.575	124.19769	137.821669	147.050381	22.852691	9.228712	NA
502646	-134.175	68.575	124.119219	137.515379	143.161463	19.042245	5.646084	NA
509165	-134.225	68.525	124.343577	135.802295	147.376643	23.033066	11.574348	NA
509166	-134.175	68.525	124.280928	138.563547	145.502763	21.221835	6.939216	NA
509167	-134.125	68.525	124.972338	139.555284	143.156259	18.183921	3.600975	NA
515685	-134.225	68.475	124.365338	138.253005	146.878167	22.512828	8.625162	NA
515686	-134.175	68.475	124.193258	138.146961	143.14456	18.951303	4.997599	NA
515687	-134.125	68.475	124.511295	137.778584	143.145749	18.634454	5.367164	NA
522206	-134.175	68.425	125.255836	142.192227	143.138198	17.882362	0.945971	NA
522207	-134.125	68.425	124.291918	138.508165	143.136393	18.844474	4.628228	NA
522208	-134.075	68.425	124.116593	138.609966	143.134438	19.017845	4.524471	NA
528725	-134.225	68.375	124.827335	139.484681	143.123783	18.296448	3.639102	NA
528726	-134.175	68.375	124.878354	137.74073	143.125773	18.247418	5.385042	NA
528727	-134.125	68.375	125.163479	138.370855	143.127817	17.964338	4.756963	NA
528728	-134.075	68.375	124.487797	138.893419	143.132793	18.644996	4.239373	NA
535244	-134.275	68.325	124.394335	136.075791	145.242379	20.848043	9.166588	NA
535245	-134.225	68.325	124.220539	136.992243	143.122311	18.901773	6.130068	NA
541761	-134.425	68.275	124.256871	135.481967	143.107719	18.850848	7.625752	NA
541762	-134.375	68.275	124.060454	134.804823	143.108917	19.048464	8.304094	NA
541763	-134.325	68.275	NA	NA	143.111219	NA	NA	NA
541764	-134.275	68.275	NA	NA	143.117013	NA	NA	NA
548281	-134.425	68.225	124.455239	136.606282	143.106497	18.651258	6.500215	NA
548282	-134.375	68.225	124.546329	137.011959	145.145239	20.598909	8.13328	NA
554801	-134.425	68.175	124.443652	136.963823	143.101488	18.657836	6.137665	NA
561320	-134.475	68.125	124.260247	136.525612	144.311987	20.05174	7.786374	NA
561321	-134.425	68.125	124.200576	135.675357	143.094751	18.894175	7.419394	NA
567840	-134.475	68.075	124.201885	136.457721	143.08936	18.887475	6.631639	NA
574360	-134.475	68.025	123.964557	138.903364	143.082932	19.118375	4.179568	NA
580880	-134.475	67.975	123.9537	139.479464	143.076551	19.122851	3.597086	NA
580881	-134.425	67.975	124.115872	140.159415	143.07251	18.956638	2.913095	NA
587401	-134.425	67.925	124.179002	140.722522	143.070056	18.891054	2.347533	NA
587402	-134.375	67.925	124.038266	138.962467	143.064486	19.02622	4.10202	NA
587403	-134.325	67.925	NA	NA	142.103194	NA	NA	NA
593923	-134.325	67.875	123.975969	139.148657	143.062599	19.08663	3.913942	NA
593924	-134.275	67.875	124.015106	139.288855	142.331428	18.316322	3.042572	NA
593925	-134.225	67.875	NA	NA	141.193267	NA	NA	NA
600445	-134.225	67.825	124.19265	138.918541	142.330255	18.137605	3.411714	NA
606965	-134.225	67.775	124.106168	137.478612	142.324856	18.218688	4.846244	NA
611377	86.375	67.775	136.768041	123.83607	147.844687	11.076646	24.008617	NA
613485	-134.225	67.725	124.046712	138.521124	142.316929	18.270218	3.795805	NA
613486	-134.175	67.725	124.069012	138.865088	142.313343	18.244332	3.448255	NA
617895	86.275	67.725	NA	NA	159.231697	NA	NA	NA
617896	86.325	67.725	136.991354	123.964005	147.841968	10.850615	23.877963	NA
620006	-134.175	67.675	124.565845	141.179064	142.312545	17.746701	1.133481	NA
620007	-134.125	67.675	126.834033	146.93714	140.296907	13.462874	-6.640233	NA
624415	86.275	67.675	137.04518	124.288385	147.825981	10.780801	23.537595	NA
630935	86.275	67.625	137.032365	123.835095	147.786683	10.754318	23.951588	NA
734911	69.075	66.825	127.132756	126.167472	157.011788	29.879032	30.844316	NA
734915	69.275	66.825	126.466542	123.011131	160.768285	34.301742	37.757154	NA
741424	68.725	66.775	NA	NA	146.739419	NA	NA	NA
741425	68.775	66.775	127.177694	125.279815	146.74102	19.563325	21.461205	NA
741426	68.825	66.775	127.055566	124.377061	146.742471	19.686905	22.36541	NA
741427	68.875	66.775	126.438605	123.128038	146.745865	20.30726	23.617827	NA
741428	68.925	66.775	127.612426	124.079641	146.748136	19.13571	22.668495	NA
741429	68.975	66.775	127.387505	124.506179	146.750811	19.363306	22.244632	NA
741430	69.025	66.775	127.354276	125.199046	146.753367	19.399091	21.554321	NA
741431	69.075	66.775	127.132756	126.167472	146.75548	19.622723	20.588007	NA
747942	68.625	66.725	126.971821	127.51107	153.869394	26.897572	26.358324	NA
747943	68.675	66.725	126.66784	127.620162	146.728046	20.060205	19.107884	NA
747944	68.725	66.725	126.823571	126.831497	146.73278	19.909209	19.901283	NA
754436	67.325	66.675	126.963777	123.556788	162.192947	35.22917	38.63616	NA
754437	67.375	66.675	127.238278	125.305793	146.466099	19.227821	21.160306	NA
754438	67.425	66.675	126.958386	124.157786	146.509259	19.550873	22.351473	NA
754460	68.525	66.675	126.397262	123.477459	154.46535	28.068088	30.987891	NA
754461	68.575	66.675	127.53083	124.207135	146.583132	19.052301	22.375996	NA
754462	68.625	66.675	NA	NA	146.58845	NA	NA	NA
756688	-146.075	66.625	NA	NA	133.903646	NA	NA	NA
756689	-146.025	66.625	NA	NA	159.381621	NA	NA	NA
756690	-145.975	66.625	NA	NA	159.345358	NA	NA	NA
756691	-145.925	66.625	NA	NA	159.328967	NA	NA	NA
756692	-145.875	66.625	NA	NA	126.26068	NA	NA	NA
756693	-145.825	66.625	NA	NA	147.268784	NA	NA	NA
756694	-145.775	66.625	NA	NA	128.052064	NA	NA	NA
756695	-145.725	66.625	NA	NA	132.08209	NA	NA	NA
756696	-145.675	66.625	NA	NA	132.465921	NA	NA	NA
756697	-145.625	66.625	NA	NA	133.235554	NA	NA	NA
756698	-145.575	66.625	NA	NA	134.000565	NA	NA	NA
756699	-145.525	66.625	NA	NA	134.181478	NA	NA	NA
756700	-145.475	66.625	NA	NA	130.672331	NA	NA	NA
756701	-145.425	66.625	NA	NA	130.305417	NA	NA	NA
756702	-145.375	66.625	NA	NA	130.205929	NA	NA	NA
756703	-145.325	66.625	NA	NA	131.654078	NA	NA	NA
760939	66.475	66.625	127.546611	124.645783	151.67161	24.125	27.025827	NA
760940	66.525	66.625	126.984444	123.831089	146.381915	19.397471	22.550825	NA
760941	66.575	66.625	127.557893	125.046378	146.387263	18.82937	21.340885	NA
760942	66.625	66.625	NA	NA	146.389242	NA	NA	NA
760943	66.675	66.625	NA	NA	146.394036	NA	NA	NA
760944	66.725	66.625	126.982422	125.25653	146.397349	19.414927	21.140819	NA
760945	66.775	66.625	126.392252	123.586624	146.400376	20.008124	22.813752	NA
760946	66.825	66.625	125.906006	123.027053	146.404232	20.498226	23.377179	NA
760947	66.875	66.625	125.986717	122.980875	146.407484	20.420767	23.426609	NA
760954	67.225	66.625	125.612421	122.890607	151.046468	25.434047	28.155861	NA
760955	67.275	66.625	126.79241	124.1113	146.428855	19.636444	22.317555	NA
760956	67.325	66.625	NA	NA	146.43289	NA	NA	NA
760958	67.425	66.625	NA	NA	156.553221	NA	NA	NA
760959	67.475	66.625	127.106991	124.097431	146.511036	19.404046	22.413605	NA
760960	67.525	66.625	126.885794	126.121793	146.515546	19.629752	20.393753	NA
760961	67.575	66.625	127.114985	125.753832	146.520444	19.405459	20.766612	NA
760962	67.625	66.625	126.580874	124.905548	146.524571	19.943696	21.619022	NA
760963	67.675	66.625	126.730302	123.592418	154.402743	27.672441	30.810325	NA
760979	68.475	66.625	126.10826	123.242555	146.576373	20.468113	23.333818	NA
760980	68.525	66.625	126.723962	123.189984	146.58169	19.857729	23.391706	NA
763204	-146.275	66.575	NA	NA	149.681927	NA	NA	NA
763205	-146.225	66.575	136.75336	135.827429	149.67162	12.91826	13.844191	NA
763206	-146.175	66.575	136.821218	135.783204	149.6658	12.844581	13.882596	NA
763207	-146.125	66.575	NA	NA	149.64518	NA	NA	NA
763208	-146.075	66.575	NA	NA	149.627359	NA	NA	NA
763223	-145.325	66.575	136.216012	130.715274	148.996061	12.780049	18.280787	NA
763224	-145.275	66.575	136.229324	130.725509	148.990055	12.76073	18.264545	NA
763225	-145.225	66.575	NA	NA	149.499321	NA	NA	NA
767459	66.475	66.575	127.195514	125.694754	146.379131	19.183617	20.684376	NA
767467	66.875	66.575	126.460793	123.225228	156.776167	30.315374	33.55094	NA
767468	66.925	66.575	126.32166	123.09108	146.408484	20.086825	23.317404	NA
767469	66.975	66.575	126.956054	125.584092	146.410822	19.454768	20.82673	NA
767470	67.025	66.575	126.350513	124.435469	146.415015	20.064503	21.979547	NA
767471	67.075	66.575	124.847031	123.027714	146.418152	21.571121	23.390437	NA
767472	67.125	66.575	126.059697	124.346047	146.422579	20.362883	22.076532	NA
767473	67.175	66.575	126.011874	123.206614	146.423903	20.412029	23.217289	NA
767474	67.225	66.575	125.224751	122.645851	146.427494	21.202743	23.781642	NA
767483	67.675	66.575	126.730302	123.592418	146.529987	19.799685	22.93757	NA
767484	67.725	66.575	126.633663	123.364219	146.531891	19.898228	23.167672	NA
767485	67.775	66.575	NA	NA	146.533164	NA	NA	NA
767486	67.825	66.575	126.0631	122.945932	146.538459	20.475359	23.592526	NA
767487	67.875	66.575	124.696425	122.567938	151.687718	26.991293	29.11978	NA
767496	68.325	66.575	126.12424	123.166902	146.570014	20.445774	23.403113	NA
767497	68.375	66.575	126.554421	123.236703	146.571133	20.016712	23.33443	NA
767498	68.425	66.575	127.333911	124.162726	146.574639	19.240728	22.411913	NA
767499	68.475	66.575	127.176691	124.285465	156.338792	29.162101	32.053327	NA
769713	-146.825	66.525	NA	NA	144.066404	NA	NA	NA
769714	-146.775	66.525	NA	NA	136.147675	NA	NA	NA
769715	-146.725	66.525	135.730453	128.416623	135.120415	-0.610038	6.703792	NA
769716	-146.675	66.525	NA	NA	137.334305	NA	NA	NA
769717	-146.625	66.525	135.520995	130.737015	149.730115	14.20912	18.993099	NA
769718	-146.575	66.525	136.663236	133.114626	149.708822	13.045586	16.594197	NA
769719	-146.525	66.525	NA	NA	149.704127	NA	NA	NA
769720	-146.475	66.525	NA	NA	149.699621	NA	NA	NA
769721	-146.425	66.525	NA	NA	149.694664	NA	NA	NA
769722	-146.375	66.525	NA	NA	149.69845	NA	NA	NA
769723	-146.325	66.525	NA	NA	149.690199	NA	NA	NA
769724	-146.275	66.525	NA	NA	128.25169	NA	NA	NA
769745	-145.225	66.525	134.248385	134.4031	148.814504	14.566119	14.411404	NA
769746	-145.175	66.525	135.049899	135.797191	126.214414	-8.835485	-9.582777	NA
773978	66.425	66.525	127.098703	125.91664	154.004588	26.905884	28.087948	NA
773979	66.475	66.525	127.248001	125.492184	146.230082	18.982081	20.737898	NA
774007	67.875	66.525	124.696425	122.567938	146.54049	21.844065	23.972552	NA
774008	67.925	66.525	125.003271	122.494839	146.541929	21.538658	24.04709	NA
774009	67.975	66.525	125.483542	122.873538	146.544331	21.060789	23.670793	NA
774010	68.025	66.525	125.89116	122.974479	146.546116	20.654956	23.571637	NA
774011	68.075	66.525	126.761742	123.80075	146.558281	19.796539	22.757531	NA
774012	68.125	66.525	127.33349	125.230803	146.561897	19.228407	21.331094	NA
774013	68.175	66.525	127.774872	124.709769	146.563463	18.78859	21.853694	NA
774014	68.225	66.525	126.9521	123.533765	146.564576	19.612476	23.030811	NA
774015	68.275	66.525	125.654141	122.908949	146.568515	20.914374	23.659566	NA
774016	68.325	66.525	126.12424	123.166902	157.44359	31.31935	34.276689	NA
776228	-147.075	66.475	136.12496	132.718109	138.413062	2.288102	5.694953	NA
776229	-147.025	66.475	136.642901	132.516653	131.202257	-5.440644	-1.314395	NA
776230	-146.975	66.475	NA	NA	149.723919	NA	NA	NA
776231	-146.925	66.475	NA	NA	143.996803	NA	NA	NA
776232	-146.875	66.475	NA	NA	143.997852	NA	NA	NA
776233	-146.825	66.475	NA	NA	149.706723	NA	NA	NA
776266	-145.175	66.475	NA	NA	148.81079	NA	NA	NA
776267	-145.125	66.475	NA	NA	148.792463	NA	NA	NA
776268	-145.075	66.475	135.530652	130.064316	148.785412	13.25476	18.721096	NA
776269	-145.025	66.475	NA	NA	130.302011	NA	NA	NA
780497	66.375	66.475	126.720789	126.030971	146.171455	19.450667	20.140484	NA
780498	66.425	66.475	126.845118	126.518096	146.202413	19.357295	19.684317	NA
782745	-147.225	66.425	NA	NA	136.885725	NA	NA	NA
782746	-147.175	66.425	NA	NA	137.455781	NA	NA	NA
782747	-147.125	66.425	135.348708	131.946524	149.763058	14.41435	17.816534	NA
782748	-147.075	66.425	136.12496	132.718109	149.747173	13.622213	17.029064	NA
782789	-145.025	66.425	133.886729	136.531889	148.781729	14.895	12.24984	NA
782790	-144.975	66.425	134.176615	137.729769	148.769731	14.593116	11.039962	NA
782791	-144.925	66.425	133.867036	140.314553	148.764719	14.897683	8.450166	NA
782792	-144.875	66.425	135.433281	137.986456	148.759091	13.32581	10.772635	NA
787015	66.275	66.425	127.130411	124.850723	146.091504	18.961093	21.240781	NA
787016	66.325	66.425	126.886846	126.528642	146.138746	19.2519	19.610104	NA
787017	66.375	66.425	126.720789	126.030971	146.164208	19.443419	20.133236	NA
789259	-147.525	66.375	NA	NA	129.537119	NA	NA	NA
789260	-147.475	66.375	136.55597	129.957683	134.906885	-1.649086	4.949201	NA
789261	-147.425	66.375	136.057115	130.096389	149.875185	13.818071	19.778797	NA
789262	-147.375	66.375	134.952472	133.933809	137.460657	2.508185	3.526847	NA
789263	-147.325	66.375	NA	NA	149.837309	NA	NA	NA
789264	-147.275	66.375	NA	NA	137.0744	NA	NA	NA
789265	-147.225	66.375	135.82859	126.884508	149.791126	13.962535	22.906618	NA
789312	-144.875	66.375	134.230266	137.249953	148.754685	14.524419	11.504732	NA
789313	-144.825	66.375	137.164352	135.593271	130.283076	-6.881277	-5.310196	NA
793535	66.275	66.375	127.085407	124.080397	146.081952	18.996545	22.001555	NA
795776	-147.675	66.325	137.318327	132.052809	134.498637	-2.81969	2.445828	NA
795777	-147.625	66.325	136.5601	129.04903	149.916433	13.356333	20.867402	NA
795778	-147.575	66.325	NA	NA	149.898035	NA	NA	NA
795779	-147.525	66.325	NA	NA	149.891343	NA	NA	NA
795833	-144.825	66.325	137.12876	135.57587	148.747545	11.618785	13.171675	NA
795834	-144.775	66.325	135.289103	136.368459	148.741352	13.452249	12.372893	NA
800053	66.175	66.325	125.223317	123.012347	146.033284	20.809967	23.020936	NA
800054	66.225	66.325	126.554641	124.171753	146.059485	19.504843	21.887732	NA
800055	66.275	66.325	127.515024	124.655237	155.350145	27.835121	30.694907	NA
802287	-148.125	66.275	NA	NA	133.333166	NA	NA	NA
802288	-148.075	66.275	136.655346	130.426038	149.99357	13.338224	19.567532	NA
802289	-148.025	66.275	135.997663	129.866027	149.976742	13.979079	20.110714	NA
802292	-147.875	66.275	135.577377	122.596342	127.301221	-8.276157	4.704879	NA
802293	-147.825	66.275	NA	NA	149.951293	NA	NA	NA
802294	-147.775	66.275	NA	NA	129.249339	NA	NA	NA
802295	-147.725	66.275	NA	NA	149.900872	NA	NA	NA
802296	-147.675	66.275	137.318327	132.052809	149.878806	12.560479	17.825997	NA
802354	-144.775	66.275	134.451163	136.014	128.235573	-6.21559	-7.778427	NA
802355	-144.725	66.275	NA	NA	148.736567	NA	NA	NA
802356	-144.675	66.275	NA	NA	129.551233	NA	NA	NA
806570	66.025	66.275	126.810299	126.416401	145.89194	19.08164	19.475538	NA
806571	66.075	66.275	126.734212	126.236138	145.900808	19.166597	19.66467	NA
806572	66.125	66.275	126.866073	125.971135	145.921669	19.055596	19.950534	NA
806573	66.175	66.275	NA	NA	153.912852	NA	NA	NA
808799	-148.525	66.225	136.245044	128.630311	135.411674	-0.83337	6.781363	NA
808800	-148.475	66.225	136.136462	131.096378	131.148896	-4.987566	0.052518	NA
808801	-148.425	66.225	136.732876	134.769747	135.758117	-0.974759	0.988369	NA
808802	-148.375	66.225	NA	NA	135.588049	NA	NA	NA
808803	-148.325	66.225	NA	NA	135.785693	NA	NA	NA
808804	-148.275	66.225	136.656898	129.700397	150.042759	13.38586	20.342362	NA
808805	-148.225	66.225	135.714394	129.323379	150.015629	14.301234	20.692249	NA
808806	-148.175	66.225	135.859841	127.620477	150.014806	14.154965	22.394329	NA
808807	-148.125	66.225	136.565204	130.68007	150.006184	13.44098	19.326114	NA
808809	-148.025	66.225	135.726004	130.243407	141.906417	6.180413	11.66301	NA
808810	-147.975	66.225	135.86206	129.864707	149.971232	14.109172	20.106526	NA
808811	-147.925	66.225	136.139365	126.561854	149.955749	13.816384	23.393895	NA
808812	-147.875	66.225	135.8298	124.115931	149.951402	14.121601	25.835471	NA
808876	-144.675	66.225	NA	NA	148.712902	NA	NA	NA
808877	-144.625	66.225	133.78883	137.163779	125.558949	-8.229881	-11.60483	NA
813087	65.875	66.225	127.19247	124.697935	145.849732	18.657262	21.151797	NA
813088	65.925	66.225	126.943038	124.654524	145.859012	18.915974	21.204488	NA
813089	65.975	66.225	127.191351	124.988676	145.884162	18.692811	20.895487	NA
813090	66.025	66.225	127.180074	125.343723	152.499987	25.319913	27.156264	NA
815317	-148.625	66.175	135.666961	129.705005	128.152712	-7.514249	-1.552293	NA
815318	-148.575	66.175	NA	NA	133.310332	NA	NA	NA
815319	-148.525	66.175	136.245044	128.630311	150.086595	13.841551	21.456284	NA
815397	-144.625	66.175	NA	NA	148.701599	NA	NA	NA
815398	-144.575	66.175	133.442597	139.77915	148.690473	15.247876	8.911323	NA
819605	65.775	66.175	125.961928	123.291049	145.826083	19.864155	22.535034	NA
819606	65.825	66.175	126.994489	124.923396	145.833652	18.839163	20.910256	NA
819607	65.875	66.175	127.19247	124.697935	145.845665	18.653195	21.14773	NA
821836	-148.675	66.125	136.656353	132.381827	150.106049	13.449695	17.724221	NA
821837	-148.625	66.125	136.22118	130.669402	150.09804	13.87686	19.428638	NA
821918	-144.575	66.125	NA	NA	134.496992	NA	NA	NA
821919	-144.525	66.125	135.77669	136.54658	148.68624	12.90955	12.13966	NA
821920	-144.475	66.125	NA	NA	148.673975	NA	NA	NA
821921	-144.425	66.125	NA	NA	148.667746	NA	NA	NA
821922	-144.375	66.125	NA	NA	133.193309	NA	NA	NA
826123	65.675	66.125	125.719327	123.301731	158.382857	32.66353	35.081126	NA
826124	65.725	66.125	126.758203	124.578028	145.820622	19.062419	21.242594	NA
826125	65.775	66.125	125.237542	122.870847	145.630803	20.39326	22.759956	NA
826126	65.825	66.125	124.707372	122.956056	145.622434	20.915062	22.666378	NA
826127	65.875	66.125	NA	NA	155.564844	NA	NA	NA
826555	87.275	66.125	137.299605	123.95431	146.501292	9.201687	22.546982	NA
826556	87.325	66.125	137.622452	124.034927	146.223723	8.60127	22.188796	NA
828350	-148.975	66.075	136.257309	130.774118	150.249729	13.992419	19.475611	NA
828351	-148.925	66.075	NA	NA	133.882209	NA	NA	NA
828352	-148.875	66.075	136.444022	129.504805	150.203469	13.759447	20.698664	NA
828353	-148.825	66.075	135.681255	125.502097	150.182725	14.50147	24.680628	NA
828354	-148.775	66.075	135.054912	121.335384	150.132664	15.077752	28.797281	NA
828355	-148.725	66.075	136.067769	125.526901	150.144721	14.076952	24.617819	NA
828356	-148.675	66.075	NA	NA	132.755053	NA	NA	NA
828442	-144.375	66.075	134.133591	138.138095	148.664693	14.531102	10.526597	NA
828443	-144.325	66.075	133.790982	133.236607	148.648871	14.85789	15.412264	NA
832642	65.625	66.075	125.803852	123.012343	156.136659	30.332807	33.124317	NA
832643	65.675	66.075	125.909878	123.204155	158.386158	32.47628	35.182003	NA
832647	65.875	66.075	125.465325	123.084844	145.615743	20.150418	22.530899	NA
832648	65.925	66.075	NA	NA	154.03429	NA	NA	NA
833080	87.525	66.075	133.75935	123.814598	146.162812	12.403463	22.348214	NA
833081	87.575	66.075	133.853317	123.550698	146.145959	12.292642	22.59526	NA
833082	87.625	66.075	135.945489	124.036522	146.135709	10.19022	22.099187	NA
834866	-149.175	66.025	135.572787	131.580113	127.707423	-7.865364	-3.87269	NA
834867	-149.125	66.025	135.017637	131.706245	150.304196	15.28656	18.597951	NA
834868	-149.075	66.025	NA	NA	133.875733	NA	NA	NA
834869	-149.025	66.025	136.271303	127.823166	130.366797	-5.904505	2.543631	NA
834870	-148.975	66.025	136.094543	127.66168	150.25824	14.163697	22.596559	NA
834963	-144.325	66.025	133.81409	133.079567	132.974947	-0.839143	-0.104621	NA
834964	-144.275	66.025	134.185433	133.552721	148.648612	14.463179	15.095891	NA
834965	-144.225	66.025	134.378409	137.672833	148.630984	14.252575	10.958151	NA
834966	-144.175	66.025	NA	NA	148.625925	NA	NA	NA
839161	65.575	66.025	126.260909	123.789638	158.184673	31.923764	34.395035	NA
839162	65.625	66.025	125.388751	122.825818	158.289409	32.900659	35.463591	NA
839168	65.925	66.025	125.627702	123.031602	145.57756	19.949857	22.545958	NA
841385	-149.225	65.975	136.513125	128.707269	150.31296	13.799835	21.605691	NA
841386	-149.175	65.975	136.372136	128.094703	150.30925	13.937114	22.214547	NA
841486	-144.175	65.975	134.425859	137.054179	148.620252	14.194393	11.566073	NA
841487	-144.125	65.975	134.206239	137.762075	148.609827	14.403588	10.847752	NA
841488	-144.075	65.975	134.237135	138.38437	148.602842	14.365708	10.218472	NA
845680	65.525	65.975	125.267944	123.413678	158.162419	32.894475	34.748741	NA
845681	65.575	65.975	125.208449	123.532383	154.968309	29.75986	31.435926	NA
845687	65.875	65.975	NA	NA	145.550947	NA	NA	NA
845688	65.925	65.975	125.76841	122.710708	145.567004	19.798594	22.856296	NA
847905	-149.225	65.925	136.01037	126.242462	150.271691	14.261321	24.029229	NA
848008	-144.075	65.925	134.211834	138.557334	122.301712	-11.910122	-16.255622	NA
848009	-144.025	65.925	134.420563	139.68304	148.59879	14.178227	8.915751	NA
852199	65.475	65.925	126.477595	123.51885	158.083207	31.605611	34.564357	NA
852200	65.525	65.925	NA	NA	150.449022	NA	NA	NA
852207	65.875	65.925	126.36762	123.106252	145.548385	19.180765	22.442133	NA
852670	89.025	65.925	NA	NA	154.845169	NA	NA	NA
852671	89.075	65.925	NA	NA	154.248015	NA	NA	NA
852672	89.125	65.925	NA	NA	152.257667	NA	NA	NA
854411	-149.925	65.875	NA	NA	150.407482	NA	NA	NA
854412	-149.875	65.875	135.306373	121.61392	150.299433	14.99306	28.685513	NA
854413	-149.825	65.875	NA	NA	150.309429	NA	NA	NA
854414	-149.775	65.875	136.442947	127.328325	150.307493	13.864546	22.979168	NA
854415	-149.725	65.875	136.293696	131.329311	150.306087	14.012392	18.976776	NA
854416	-149.675	65.875	136.711226	133.173561	150.30421	13.592984	17.130649	NA
854417	-149.625	65.875	136.682101	131.45555	150.302664	13.620563	18.847114	NA
854418	-149.575	65.875	136.833704	135.802709	150.299641	13.465938	14.496933	NA
854419	-149.525	65.875	136.874405	135.417339	150.291237	13.416832	14.873898	NA
854420	-149.475	65.875	136.385	129.341612	150.289267	13.904267	20.947655	NA
854421	-149.425	65.875	135.894756	129.262889	150.286691	14.391935	21.023802	NA
854422	-149.375	65.875	135.022121	133.689444	150.283881	15.26176	16.594437	NA
854423	-149.325	65.875	NA	NA	150.282039	NA	NA	NA
854424	-149.275	65.875	133.046053	113.956887	150.280171	17.234119	36.323284	NA
854425	-149.225	65.875	134.239453	118.647789	150.275604	16.036151	31.627816	NA
854529	-144.025	65.875	134.131905	139.407933	148.591866	14.459961	9.183933	NA
858712	65.125	65.875	NA	NA	160.359132	NA	NA	NA
858713	65.175	65.875	126.003215	123.403736	159.380686	33.377471	35.97695	NA
858714	65.225	65.875	126.424223	123.473822	159.423454	32.99923	35.949631	NA
858715	65.275	65.875	126.697818	123.603493	159.450407	32.752589	35.846913	NA
858716	65.325	65.875	126.638237	124.140967	159.503737	32.8655	35.362769	NA
858717	65.375	65.875	125.694642	123.333495	158.449036	32.754394	35.115541	NA
858718	65.425	65.875	126.824932	124.547233	158.518229	31.693297	33.970995	NA
858719	65.475	65.875	126.582149	124.078169	153.462348	26.880199	29.384179	NA
858727	65.875	65.875	125.466445	122.618908	145.527205	20.06076	22.908297	NA
859192	89.125	65.875	NA	NA	154.241121	NA	NA	NA
859193	89.175	65.875	NA	NA	154.223981	NA	NA	NA
859194	89.225	65.875	NA	NA	154.216858	NA	NA	NA
859195	89.275	65.875	NA	NA	151.771879	NA	NA	NA
860928	-150.075	65.825	NA	NA	150.311028	NA	NA	NA
860929	-150.025	65.825	134.720688	123.306703	150.306606	15.585918	26.999903	NA
860930	-149.975	65.825	134.337379	119.010477	150.3042	15.966821	31.293723	NA
860931	-149.925	65.825	NA	NA	150.302851	NA	NA	NA
861049	-144.025	65.825	NA	NA	131.397746	NA	NA	NA
861353	-128.825	65.825	NA	NA	141.557213	NA	NA	NA
865228	64.925	65.825	125.384914	123.612508	160.352784	34.96787	36.740276	NA
865229	64.975	65.825	125.65041	123.466542	160.328336	34.677925	36.861794	NA
865230	65.025	65.825	125.185015	123.170963	149.307799	24.122784	26.136837	NA
865231	65.075	65.825	126.026716	123.731564	150.759107	24.732391	27.027544	NA
865232	65.125	65.825	125.731344	123.336132	153.829085	28.097741	30.492952	NA
865246	65.825	65.825	125.707673	122.495329	145.493235	19.785563	22.997906	NA
865247	65.875	65.825	125.568279	122.556157	145.504672	19.936392	22.948514	NA
865715	89.275	65.825	NA	NA	154.213027	NA	NA	NA
865716	89.325	65.825	NA	NA	154.193488	NA	NA	NA
867447	-150.125	65.775	NA	NA	150.313146	NA	NA	NA
867448	-150.075	65.775	134.734725	116.479203	150.316244	15.58152	33.837041	NA
867449	-150.025	65.775	NA	NA	150.317703	NA	NA	NA
867450	-149.975	65.775	135.815541	128.613107	150.319133	14.503591	21.706025	NA
867451	-149.925	65.775	136.607688	132.993444	150.321259	13.713571	17.327815	NA
867452	-149.875	65.775	136.101789	128.867603	150.321469	14.21968	21.453865	NA
867453	-149.825	65.775	NA	NA	150.33057	NA	NA	NA
867568	-144.075	65.775	NA	NA	136.361977	NA	NA	NA
867569	-144.025	65.775	135.561495	135.124464	148.557871	12.996376	13.433407	NA
871746	64.825	65.775	126.369772	123.909575	160.332456	33.962684	36.422881	NA
871747	64.875	65.775	125.159744	123.139565	160.41555	35.255807	37.275986	NA
871748	64.925	65.775	NA	NA	152.775303	NA	NA	NA
871765	65.775	65.775	126.259951	123.210307	152.850549	26.590598	29.640242	NA
871766	65.825	65.775	125.981797	122.723554	145.489376	19.507579	22.765821	NA
872206	87.825	65.775	NA	NA	145.89429	NA	NA	NA
873973	-149.825	65.725	134.874589	124.817821	150.338316	15.463726	25.520495	NA
874088	-144.075	65.725	136.324303	133.528462	148.551013	12.22671	15.022551	NA
878264	64.725	65.725	125.620668	123.506311	160.387983	34.767314	36.881671	NA
878265	64.775	65.725	126.463689	123.9636	160.419723	33.956034	36.456123	NA
878266	64.825	65.725	NA	NA	149.51858	NA	NA	NA
878284	65.725	65.725	126.351577	122.759411	145.43512	19.083543	22.675709	NA
878285	65.775	65.725	125.411624	122.883741	145.446011	20.034388	22.56227	NA
878762	89.625	65.725	NA	NA	154.170099	NA	NA	NA
878763	89.675	65.725	NA	NA	154.151522	NA	NA	NA
878764	89.725	65.725	NA	NA	154.146808	NA	NA	NA
878765	89.775	65.725	NA	NA	150.429656	NA	NA	NA
880487	-150.125	65.675	136.825007	130.86738	150.346473	13.521466	19.479093	NA
880488	-150.075	65.675	135.82547	130.067455	150.34297	14.5175	20.275515	NA
880489	-150.025	65.675	135.082487	125.96951	150.342018	15.259531	24.372507	NA
880490	-149.975	65.675	135.934327	124.630098	150.340635	14.406307	25.710537	NA
880493	-149.825	65.675	135.332303	123.762298	150.327403	14.9951	26.565105	NA
880608	-144.075	65.675	135.4743	133.074206	148.551807	13.077507	15.477601	NA
880609	-144.025	65.675	135.644217	132.327897	137.34321	1.698993	5.015314	NA
880915	-128.725	65.675	124.067929	138.187608	141.297794	17.229866	3.110186	NA
880916	-128.675	65.675	124.048914	136.802756	141.184119	17.135204	4.381362	NA
884782	64.625	65.675	125.735948	123.64683	160.334043	34.598095	36.687213	NA
884783	64.675	65.675	125.939221	123.791728	160.395823	34.456603	36.604095	NA
884784	64.725	65.675	125.457736	123.409069	150.100646	24.64291	26.691577	NA
884804	65.725	65.675	125.277405	122.341452	145.431473	20.154068	23.090021	NA
885285	89.775	65.675	NA	NA	154.142827	NA	NA	NA
885286	89.825	65.675	NA	NA	154.130023	NA	NA	NA
885287	89.875	65.675	NA	NA	154.128022	NA	NA	NA
885288	89.925	65.675	NA	NA	154.121345	NA	NA	NA
885289	89.975	65.675	NA	NA	150.641786	NA	NA	NA
887006	-150.175	65.625	135.174423	121.11799	150.352783	15.17836	29.234793	NA
887007	-150.125	65.625	136.36508	128.094764	139.132586	2.767505	11.037821	NA
887010	-149.975	65.625	135.934327	124.630098	141.45482	5.520492	16.824722	NA
887011	-149.925	65.625	135.467497	121.123575	150.337952	14.870455	29.214377	NA
887012	-149.875	65.625	135.691042	125.12181	150.331517	14.640474	25.209706	NA
887013	-149.825	65.625	135.2925	123.613841	150.3294	15.0369	26.715559	NA
887129	-144.025	65.625	134.704963	135.468771	148.547919	13.842956	13.079148	NA
887436	-128.675	65.625	124.552766	137.121213	130.671843	6.119076	-6.44937	NA
887437	-128.625	65.625	125.378161	137.194216	130.86086	5.482699	-6.333356	NA
887438	-128.575	65.625	125.638821	141.517654	141.180166	15.541345	-0.337488	NA
887439	-128.525	65.625	123.996597	137.576384	141.178171	17.181574	3.601787	NA
887440	-128.475	65.625	NA	NA	141.176966	NA	NA	NA
887441	-128.425	65.625	NA	NA	141.17581	NA	NA	NA
887442	-128.375	65.625	NA	NA	141.174768	NA	NA	NA
887443	-128.325	65.625	NA	NA	141.173572	NA	NA	NA
887444	-128.275	65.625	125.511929	138.768781	141.171528	15.659599	2.402747	NA
887445	-128.225	65.625	125.111877	139.110712	141.169816	16.057938	2.059104	NA
887446	-128.175	65.625	125.272163	139.519221	141.169551	15.897389	1.650331	NA
887447	-128.125	65.625	124.013363	133.736002	141.165923	17.15256	7.429922	NA
887448	-128.075	65.625	123.723977	138.608699	141.164149	17.440173	2.55545	NA
887449	-128.025	65.625	124.10698	136.337705	141.163011	17.05603	4.825305	NA
891302	64.625	65.625	NA	NA	153.457846	NA	NA	NA
891323	65.675	65.625	126.090471	123.353344	146.129612	20.039141	22.776269	NA
891324	65.725	65.625	126.164884	123.426874	145.414278	19.249394	21.987403	NA
891809	89.975	65.625	NA	NA	154.119592	NA	NA	NA
891810	90.025	65.625	NA	NA	154.11067	NA	NA	NA
893526	-150.175	65.575	135.253743	121.443031	150.354186	15.100443	28.911155	NA
893527	-150.125	65.575	135.881953	120.813997	150.359838	14.477884	29.545841	NA
893649	-144.025	65.575	NA	NA	134.019489	NA	NA	NA
893650	-143.975	65.575	133.699124	135.41165	148.542357	14.843233	13.130706	NA
893651	-143.925	65.575	133.522862	134.820315	148.536825	15.013963	13.71651	NA
893652	-143.875	65.575	133.868426	131.658518	148.536151	14.667725	16.877633	NA
893653	-143.825	65.575	133.136323	134.600935	148.531126	15.394803	13.930192	NA
893654	-143.775	65.575	134.157964	133.70864	148.528786	14.370821	14.820146	NA
893655	-143.725	65.575	135.305503	135.809486	138.51906	3.213557	2.709574	NA
893969	-128.025	65.575	124.098152	137.815045	132.227007	8.128855	-5.588038	NA
893970	-127.975	65.575	124.016329	139.712215	141.162154	17.145825	1.449939	NA
893971	-127.925	65.575	124.104981	137.671481	141.158209	17.053228	3.486728	NA
893972	-127.875	65.575	123.98221	138.8591	141.157097	17.174888	2.297998	NA
893973	-127.825	65.575	124.022229	137.655511	141.153039	17.13081	3.497528	NA
893974	-127.775	65.575	124.122112	137.506898	133.308545	9.186432	-4.198353	NA
897822	64.625	65.575	NA	NA	153.38051	NA	NA	NA
897823	64.675	65.575	NA	NA	149.727782	NA	NA	NA
897842	65.625	65.575	NA	NA	150.393018	NA	NA	NA
897843	65.675	65.575	126.364778	123.094618	145.398483	19.033705	22.303865	NA
898330	90.025	65.575	NA	NA	154.197797	NA	NA	NA
900044	-150.275	65.525	NA	NA	150.071861	NA	NA	NA
900045	-150.225	65.525	NA	NA	149.778087	NA	NA	NA
900046	-150.175	65.525	NA	NA	150.363441	NA	NA	NA
900047	-150.125	65.525	NA	NA	150.35981	NA	NA	NA
900175	-143.725	65.525	135.396842	135.513228	148.52768	13.130837	13.014452	NA
900176	-143.675	65.525	135.258652	133.412308	148.523432	13.26478	15.111124	NA
900494	-127.775	65.525	124.122112	137.506898	141.14992	17.027807	3.643022	NA
900495	-127.725	65.525	124.069368	137.324083	141.146149	17.076781	3.822066	NA
900496	-127.675	65.525	123.857675	138.014574	141.144625	17.286951	3.130052	NA
904343	64.675	65.525	125.175996	123.050682	152.218789	27.042794	29.168107	NA
904362	65.625	65.525	NA	NA	145.367891	NA	NA	NA
904849	89.975	65.525	NA	NA	154.174958	NA	NA	NA
904850	90.025	65.525	NA	NA	154.195358	NA	NA	NA
906555	-150.725	65.475	NA	NA	147.570635	NA	NA	NA
906556	-150.675	65.475	135.522141	123.877917	150.387086	14.864945	26.509169	NA
906557	-150.625	65.475	NA	NA	150.380747	NA	NA	NA
906558	-150.575	65.475	NA	NA	150.378823	NA	NA	NA
906559	-150.525	65.475	NA	NA	150.375732	NA	NA	NA
906560	-150.475	65.475	NA	NA	150.373747	NA	NA	NA
906561	-150.425	65.475	136.441038	128.426487	150.371739	13.930701	21.945252	NA
906562	-150.375	65.475	NA	NA	150.370299	NA	NA	NA
906563	-150.325	65.475	NA	NA	150.368397	NA	NA	NA
906564	-150.275	65.475	NA	NA	150.366558	NA	NA	NA
906696	-143.675	65.475	135.453207	134.513652	148.519827	13.06662	14.006175	NA
907016	-127.675	65.475	NA	NA	128.989112	NA	NA	NA
907017	-127.625	65.475	124.035904	138.738406	141.143904	17.108	2.405498	NA
907018	-127.575	65.475	124.192385	137.854805	141.136917	16.944533	3.282113	NA
910863	64.675	65.475	126.260241	123.563782	152.143733	25.883492	28.579951	NA
910882	65.625	65.475	125.562842	122.551458	146.761832	21.19899	24.210374	NA
911369	89.975	65.475	132.041884	124.471859	154.170198	22.128314	29.698339	NA
913071	-150.925	65.425	NA	NA	148.801412	NA	NA	NA
913072	-150.875	65.425	134.02876	115.563347	150.399059	16.370299	34.835712	NA
913073	-150.825	65.425	NA	NA	150.38909	NA	NA	NA
913074	-150.775	65.425	135.76076	125.479961	150.388275	14.627515	24.908314	NA
913075	-150.725	65.425	NA	NA	150.390245	NA	NA	NA
913216	-143.675	65.425	133.107814	133.828644	137.074116	3.966302	3.245472	NA
913217	-143.625	65.425	133.679647	134.017882	148.51151	14.831863	14.493628	NA
913218	-143.575	65.425	134.155473	135.930602	148.509354	14.353881	12.578752	NA
913219	-143.525	65.425	133.597846	136.433107	148.507926	14.91008	12.074819	NA
913538	-127.575	65.425	123.918409	138.431653	141.136174	17.217765	2.704521	NA
913539	-127.525	65.425	123.958877	138.906517	141.132846	17.173969	2.22633	NA
913540	-127.475	65.425	123.965602	140.21147	141.131989	17.166387	0.920519	NA
913541	-127.425	65.425	124.101668	138.206329	141.131068	17.0294	2.924739	NA
917383	64.675	65.425	NA	NA	151.975522	NA	NA	NA
917384	64.725	65.425	NA	NA	151.872277	NA	NA	NA
917401	65.575	65.425	NA	NA	150.081953	NA	NA	NA
917402	65.625	65.425	126.248087	122.948977	145.330915	19.082828	22.381937	NA
917889	89.975	65.425	132.370701	124.886392	154.158556	21.787855	29.272164	NA
919589	-151.025	65.375	NA	NA	149.08668	NA	NA	NA
919590	-150.975	65.375	NA	NA	150.400857	NA	NA	NA
919591	-150.925	65.375	NA	NA	150.397236	NA	NA	NA
919739	-143.525	65.375	133.769186	136.051015	135.472276	1.70309	-0.578738	NA
919740	-143.475	65.375	135.129261	126.243825	148.511562	13.382301	22.267737	NA
919741	-143.425	65.375	NA	NA	148.498842	NA	NA	NA
919742	-143.375	65.375	NA	NA	148.49391	NA	NA	NA
919743	-143.325	65.375	135.160469	133.560158	148.492798	13.33233	14.932641	NA
919744	-143.275	65.375	134.083885	128.584864	148.493063	14.409178	19.908199	NA
919745	-143.225	65.375	134.097164	130.953197	148.491799	14.394635	17.538602	NA
919746	-143.175	65.375	NA	NA	148.490226	NA	NA	NA
919747	-143.125	65.375	134.183412	126.050891	148.489579	14.306167	22.438688	NA
919748	-143.075	65.375	NA	NA	148.490681	NA	NA	NA
919749	-143.025	65.375	NA	NA	148.486294	NA	NA	NA
919750	-142.975	65.375	NA	NA	148.478757	NA	NA	NA
919756	-142.675	65.375	133.899959	124.718528	148.423874	14.523914	23.705346	NA
919757	-142.625	65.375	134.972745	135.736047	148.420042	13.447297	12.683994	NA
919758	-142.575	65.375	133.496845	137.949641	148.416607	14.919762	10.466967	NA
919759	-142.525	65.375	134.922557	132.092185	148.413576	13.491019	16.321392	NA
919760	-142.475	65.375	135.879337	127.739075	148.411709	12.532372	20.672634	NA
920061	-127.425	65.375	124.074468	138.178316	141.136963	17.062495	2.958646	NA
920062	-127.375	65.375	123.959701	138.579955	141.133131	17.17343	2.553176	NA
920063	-127.325	65.375	123.963884	139.368917	141.131366	17.167482	1.762449	NA
923904	64.725	65.375	NA	NA	151.888241	NA	NA	NA
923919	65.475	65.375	126.506988	123.544971	145.283265	18.776277	21.738293	NA
923920	65.525	65.375	125.991148	123.152262	145.289072	19.297924	22.13681	NA
923921	65.575	65.375	126.735971	123.92159	145.313627	18.577656	21.392037	NA
924409	89.975	65.375	132.356432	124.96425	154.130509	21.774077	29.166259	NA
926107	-151.125	65.325	134.909101	128.471772	150.406339	15.497238	21.934567	NA
926108	-151.075	65.325	NA	NA	150.402737	NA	NA	NA
926109	-151.025	65.325	134.915701	130.626346	150.401232	15.485531	19.774885	NA
926270	-142.975	65.325	134.3809	133.588054	128.731166	-5.649734	-4.856889	NA
926271	-142.925	65.325	134.722782	135.522292	148.476706	13.753924	12.954414	NA
926272	-142.875	65.325	134.488303	133.357928	148.470095	13.981792	15.112167	NA
926273	-142.825	65.325	134.681515	136.256403	148.471744	13.790228	12.215341	NA
926274	-142.775	65.325	135.332791	136.192718	148.468627	13.135836	12.275909	NA
926275	-142.725	65.325	135.167735	129.123391	148.428379	13.260644	19.304988	NA
926276	-142.675	65.325	NA	NA	148.425841	NA	NA	NA
926280	-142.475	65.325	133.910566	131.557294	148.424921	14.514356	16.867628	NA
926281	-142.425	65.325	134.067836	132.892123	148.421882	14.354046	15.529759	NA
926282	-142.375	65.325	NA	NA	148.4207	NA	NA	NA
926283	-142.325	65.325	NA	NA	148.419501	NA	NA	NA
926284	-142.275	65.325	NA	NA	148.427831	NA	NA	NA
926285	-142.225	65.325	NA	NA	148.426775	NA	NA	NA
926286	-142.175	65.325	NA	NA	148.425366	NA	NA	NA
926287	-142.125	65.325	133.617688	136.877053	148.422279	14.804591	11.545226	NA
926288	-142.075	65.325	134.281912	133.268801	148.419699	14.137786	15.150898	NA
926583	-127.325	65.325	123.976127	139.468973	130.324265	6.348137	-9.144708	NA
926584	-127.275	65.325	123.968966	139.350728	141.13071	17.161745	1.779982	NA
926585	-127.225	65.325	123.975866	139.75414	141.124737	17.148871	1.370597	NA
926586	-127.175	65.325	124.048157	140.147208	141.123096	17.074939	0.975888	NA
926587	-127.125	65.325	124.858539	142.082799	128.362899	3.504361	-13.7199	NA
926588	-127.075	65.325	NA	NA	130.949951	NA	NA	NA
930424	64.725	65.325	NA	NA	151.677419	NA	NA	NA
930425	64.775	65.325	NA	NA	151.558502	NA	NA	NA
930438	65.425	65.325	126.749466	123.478394	145.263145	18.51368	21.784751	NA
930439	65.475	65.325	125.619529	122.776093	145.275641	19.656112	22.499548	NA
930929	89.975	65.325	NA	NA	154.116392	NA	NA	NA
932621	-151.425	65.275	NA	NA	146.121973	NA	NA	NA
932622	-151.375	65.275	133.29915	118.987336	150.41709	17.11794	31.429754	NA
932623	-151.325	65.275	133.048768	122.45992	150.41256	17.363792	27.95264	NA
932624	-151.275	65.275	131.166669	118.928186	150.412119	19.24545	31.483934	NA
932625	-151.225	65.275	130.347318	118.608709	150.410521	20.063203	31.801812	NA
932626	-151.175	65.275	132.84686	123.554539	150.409783	17.562923	26.855244	NA
932627	-151.125	65.275	134.230837	125.340507	150.407247	16.17641	25.06674	NA
932808	-142.075	65.275	NA	NA	137.834897	NA	NA	NA
932809	-142.025	65.275	NA	NA	148.418526	NA	NA	NA
932810	-141.975	65.275	132.672847	132.828674	148.411248	15.738402	15.582574	NA
932811	-141.925	65.275	132.969535	137.881861	148.41121	15.441675	10.529349	NA
933108	-127.075	65.275	NA	NA	141.118749	NA	NA	NA
933109	-127.025	65.275	NA	NA	129.352489	NA	NA	NA
933110	-126.975	65.275	123.971691	139.667195	141.113543	17.141852	1.446348	NA
933111	-126.925	65.275	124.226498	138.413215	141.112861	16.886364	2.699646	NA
933112	-126.875	65.275	124.048406	139.20407	141.109351	17.060945	1.905281	NA
933113	-126.825	65.275	123.985124	139.167068	141.10881	17.123686	1.941743	NA
933114	-126.775	65.275	123.962683	139.278269	141.107253	17.14457	1.828984	NA
933115	-126.725	65.275	123.962959	138.966688	135.112468	11.14951	-3.85422	NA
936944	64.725	65.275	125.258951	123.095461	151.55084	26.291889	28.455379	NA
936945	64.775	65.275	125.292217	123.277041	149.907581	24.615364	26.63054	NA
936957	65.375	65.275	125.436163	122.952707	145.258767	19.822604	22.306059	NA
936958	65.425	65.275	NA	NA	148.45899	NA	NA	NA
937449	89.975	65.275	NA	NA	154.098954	NA	NA	NA
939132	-151.875	65.225	132.858403	119.328903	142.715905	9.857502	23.387002	NA
939133	-151.825	65.225	132.705473	122.946124	150.444495	17.739022	27.498371	NA
939134	-151.775	65.225	133.362469	123.82664	150.441303	17.078834	26.614663	NA
939135	-151.725	65.225	135.517108	125.072702	144.68286	9.165752	19.610158	NA
939140	-151.475	65.225	132.909899	113.739532	146.32734	13.417441	32.587809	NA
939141	-151.425	65.225	132.722643	113.065791	150.42042	17.697777	37.354628	NA
939331	-141.925	65.225	133.711571	134.812537	148.409904	14.698333	13.597366	NA
939332	-141.875	65.225	132.636282	134.964202	148.405214	15.768932	13.441011	NA
939333	-141.825	65.225	132.469138	135.29968	148.407801	15.938663	13.108121	NA
939334	-141.775	65.225	132.582277	136.164117	148.408672	15.826395	12.244555	NA
939335	-141.725	65.225	130.782179	131.67623	136.702725	5.920546	5.026495	NA
939635	-126.725	65.225	123.729549	139.752897	141.101497	17.371948	1.3486	NA
939636	-126.675	65.225	123.777801	139.924485	141.099319	17.321518	1.174834	NA
939637	-126.625	65.225	124.023409	139.019762	141.100267	17.076858	2.080505	NA
939638	-126.575	65.225	124.020262	139.36609	141.097968	17.077706	1.731878	NA
939639	-126.525	65.225	124.039907	138.963438	141.096988	17.057081	2.13355	NA
943465	64.775	65.225	125.481105	123.830909	148.361978	22.880873	24.531069	NA
943466	64.825	65.225	124.913204	123.442686	148.350354	23.43715	24.907667	NA
943467	64.875	65.225	NA	NA	148.254169	NA	NA	NA
943475	65.275	65.225	126.096985	122.842883	150.022707	23.925722	27.179824	NA
943476	65.325	65.225	125.160555	122.544043	145.218737	20.058182	22.674694	NA
943477	65.375	65.225	NA	NA	145.227576	NA	NA	NA
943969	89.975	65.225	NA	NA	151.84342	NA	NA	NA
943970	90.025	65.225	NA	NA	154.066371	NA	NA	NA
945626	-153.175	65.175	135.704997	127.920972	149.927619	14.222622	22.006647	NA
945627	-153.125	65.175	135.679107	126.250118	149.916836	14.237728	23.666718	NA
945628	-153.075	65.175	134.903497	125.940248	149.915118	15.011621	23.97487	NA
945629	-153.025	65.175	136.278105	132.850685	149.914832	13.636727	17.064146	NA
945630	-152.975	65.175	135.44914	134.397001	149.908096	14.458956	15.511095	NA
945631	-152.925	65.175	135.189899	132.762879	149.900294	14.710394	17.137415	NA
945632	-152.875	65.175	135.356301	130.450623	149.898961	14.542659	19.448337	NA
945633	-152.825	65.175	134.990261	133.549146	149.897068	14.906806	16.347922	NA
945634	-152.775	65.175	134.716305	136.352369	149.903138	15.186833	13.550769	NA
945635	-152.725	65.175	NA	NA	149.899666	NA	NA	NA
945636	-152.675	65.175	135.266562	130.445012	149.892842	14.62628	19.44783	NA
945642	-152.375	65.175	136.078107	130.938235	143.112436	7.034329	12.1742	NA
945643	-152.325	65.175	135.630019	130.283138	149.873478	14.243459	19.59034	NA
945644	-152.275	65.175	136.740617	130.569619	149.879109	13.138491	19.30949	NA
945645	-152.225	65.175	136.218104	123.995247	149.877303	13.659199	25.882056	NA
945646	-152.175	65.175	135.932502	127.640059	149.87622	13.943718	22.236161	NA
945647	-152.125	65.175	135.662382	134.290857	149.873123	14.210741	15.582266	NA
945648	-152.075	65.175	136.283862	133.825155	149.870624	13.586762	16.045468	NA
945649	-152.025	65.175	134.863969	125.422261	149.867848	15.003879	24.445587	NA
945650	-151.975	65.175	134.345769	118.690765	149.867782	15.522013	31.177017	NA
945651	-151.925	65.175	135.00539	119.456281	149.865766	14.860377	30.409485	NA
945652	-151.875	65.175	132.858403	119.328903	150.447438	17.589036	31.118536	NA
945655	-151.725	65.175	135.517108	125.072702	150.435588	14.91848	25.362886	NA
945656	-151.675	65.175	136.132415	126.29754	150.428647	14.296232	24.131107	NA
945657	-151.625	65.175	134.888205	119.02634	150.42669	15.538485	31.400351	NA
945658	-151.575	65.175	133.79854	116.674046	150.425191	16.626651	33.751145	NA
945659	-151.525	65.175	132.941321	112.6555	150.423487	17.482166	37.767987	NA
945660	-151.475	65.175	132.909899	113.739532	150.421789	17.51189	36.682258	NA
945855	-141.725	65.175	130.842809	131.231014	148.407637	17.564827	17.176623	NA
945856	-141.675	65.175	133.641955	132.048216	148.406084	14.764129	16.357868	NA
946159	-126.525	65.175	124.039907	138.963438	134.174123	10.134216	-4.789316	NA
946160	-126.475	65.175	124.068954	137.533991	141.096221	17.027267	3.56223	NA
946161	-126.425	65.175	123.998723	138.320534	141.093729	17.095006	2.773195	NA
946162	-126.375	65.175	124.037158	139.226073	134.298672	10.261514	-4.927401	NA
949986	64.825	65.175	124.956359	123.445303	148.125381	23.169021	24.680077	NA
949987	64.875	65.175	124.956044	123.43631	147.563798	22.607754	24.127489	NA
949995	65.275	65.175	125.748504	123.00449	145.205456	19.456953	22.200967	NA
950489	89.975	65.175	NA	NA	160.594931	NA	NA	NA
950490	90.025	65.175	131.135601	124.200381	154.052424	22.916823	29.852043	NA
952135	-153.725	65.125	NA	NA	146.717661	NA	NA	NA
952136	-153.675	65.125	136.420393	127.786927	149.952634	13.532242	22.165707	NA
952137	-153.625	65.125	136.367529	129.318506	149.948634	13.581105	20.630128	NA
952138	-153.575	65.125	135.818062	128.131978	149.947462	14.129399	21.815484	NA
952139	-153.525	65.125	135.531049	123.208919	149.946773	14.415725	26.737855	NA
952140	-153.475	65.125	135.475929	123.134499	149.943712	14.467783	26.809212	NA
952141	-153.425	65.125	135.577986	124.981526	149.942743	14.364757	24.961217	NA
952142	-153.375	65.125	136.165416	131.373598	149.938791	13.773375	18.565193	NA
952143	-153.325	65.125	135.64967	132.903196	149.937556	14.287885	17.03436	NA
952144	-153.275	65.125	NA	NA	149.93199	NA	NA	NA
952145	-153.225	65.125	136.412917	127.679589	149.930052	13.517135	22.250462	NA
952146	-153.175	65.125	135.704997	127.920972	149.929086	14.224089	22.008114	NA
952156	-152.675	65.125	135.266562	130.445012	149.891731	14.625169	19.446719	NA
952157	-152.625	65.125	NA	NA	149.882519	NA	NA	NA
952158	-152.575	65.125	NA	NA	149.879563	NA	NA	NA
952159	-152.525	65.125	135.160365	136.906753	149.878333	14.717969	12.97158	NA
952160	-152.475	65.125	135.732992	132.793241	149.87516	14.142168	17.081919	NA
952161	-152.425	65.125	135.561006	128.113752	149.868907	14.307901	21.755154	NA
952162	-152.375	65.125	136.078107	130.938235	149.866899	13.788792	18.928663	NA
952376	-141.675	65.125	133.404862	133.665054	148.406463	15.001601	14.741409	NA
952377	-141.625	65.125	NA	NA	148.403125	NA	NA	NA
952378	-141.575	65.125	NA	NA	148.401742	NA	NA	NA
952379	-141.525	65.125	NA	NA	148.399405	NA	NA	NA
952380	-141.475	65.125	131.343782	134.733212	148.398773	17.054991	13.665561	NA
952381	-141.425	65.125	129.824143	135.050396	148.400573	18.57643	13.350177	NA
952682	-126.375	65.125	124.029892	138.774529	141.092387	17.062495	2.317858	NA
952683	-126.325	65.125	124.007021	139.270313	141.088478	17.081457	1.818165	NA
952684	-126.275	65.125	124.007694	139.574201	141.08714	17.079446	1.512939	NA
952685	-126.225	65.125	NA	NA	135.182844	NA	NA	NA
956506	64.825	65.125	125.013739	123.443074	147.840188	22.826449	24.397114	NA
956507	64.875	65.125	124.808049	123.3525	146.996074	22.188025	23.643574	NA
956514	65.225	65.125	124.376011	122.830393	149.69487	25.318859	26.864477	NA
957009	89.975	65.125	131.73157	124.665356	154.013055	22.281485	29.347699	NA
958650	-153.975	65.075	135.584223	135.699787	145.703481	10.119258	10.003693	NA
958651	-153.925	65.075	NA	NA	141.457268	NA	NA	NA
958652	-153.875	65.075	135.981942	133.364912	132.644931	-3.337011	-0.719981	NA
958653	-153.825	65.075	136.165076	133.060619	149.961714	13.796638	16.901095	NA
958654	-153.775	65.075	135.754095	123.639759	149.958305	14.20421	26.318546	NA
958655	-153.725	65.075	135.64092	119.907385	149.955657	14.314737	30.048273	NA
958901	-141.425	65.075	NA	NA	135.680373	NA	NA	NA
958902	-141.375	65.075	134.758187	129.909049	148.39857	13.640383	18.489521	NA
959205	-126.225	65.075	124.108658	138.053017	141.08555	16.976892	3.032532	NA
959206	-126.175	65.075	124.207024	137.050218	141.080604	16.87358	4.030386	NA
963027	64.875	65.075	124.956684	123.250196	146.209741	21.253057	22.959545	NA
963028	64.925	65.075	124.794511	123.157111	147.886329	23.091818	24.729218	NA
963529	89.975	65.075	NA	NA	153.984177	NA	NA	NA
963530	90.025	65.075	NA	NA	153.975115	NA	NA	NA
963531	90.075	65.075	NA	NA	153.970205	NA	NA	NA
963532	90.125	65.075	NA	NA	153.966175	NA	NA	NA
963533	90.175	65.075	NA	NA	153.962235	NA	NA	NA
965167	-154.125	65.025	135.131071	126.698932	147.85118	12.720109	21.152248	NA
965168	-154.075	65.025	135.073395	128.354946	149.975074	14.901679	21.620128	NA
965169	-154.025	65.025	135.570743	136.298881	149.971866	14.401123	13.672986	NA
965170	-153.975	65.025	135.584223	135.699787	149.970874	14.386651	14.271086	NA
965422	-141.375	65.025	135.104055	133.379887	148.388766	13.284711	15.008879	NA
965423	-141.325	65.025	135.086874	133.39004	148.396513	13.309639	15.006473	NA
965726	-126.175	65.025	124.223711	137.234319	141.080473	16.856763	3.846154	NA
965727	-126.125	65.025	124.196239	139.199071	141.077505	16.881266	1.878434	NA
965728	-126.075	65.025	NA	NA	135.683843	NA	NA	NA
970053	90.175	65.025	NA	NA	157.123543	NA	NA	NA
970054	90.225	65.025	NA	NA	153.956546	NA	NA	NA
971681	-154.425	64.975	136.573525	126.19333	145.951433	9.377908	19.758103	NA
971682	-154.375	64.975	136.667999	126.052527	149.724628	13.056629	23.672102	NA
971683	-154.325	64.975	136.285166	128.448823	141.178877	4.893711	12.730054	NA
971684	-154.275	64.975	135.496702	134.218625	149.714686	14.217983	15.496061	NA
971685	-154.225	64.975	135.348033	127.033008	149.974623	14.626589	22.941615	NA
971686	-154.175	64.975	135.647286	123.494878	149.972537	14.32525	26.477659	NA
971687	-154.125	64.975	NA	NA	149.970385	NA	NA	NA
971942	-141.375	64.975	NA	NA	148.335112	NA	NA	NA
971945	-141.225	64.975	132.923317	134.467709	148.322693	15.399376	13.854984	NA
971946	-141.175	64.975	133.759189	133.696779	148.318912	14.559723	14.622134	NA
972248	-126.075	64.975	124.359274	139.675715	141.077386	16.718112	1.401671	NA
972249	-126.025	64.975	124.022525	138.206296	134.968287	10.945762	-3.238009	NA
976574	90.225	64.975	NA	NA	155.364756	NA	NA	NA
976575	90.275	64.975	NA	NA	153.940771	NA	NA	NA
978194	-154.775	64.925	135.50096	128.632561	149.739682	14.238722	21.107121	NA
978195	-154.725	64.925	134.011896	125.621203	149.738558	15.726662	24.117354	NA
978196	-154.675	64.925	134.078278	128.686723	149.73689	15.658613	21.050167	NA
978197	-154.625	64.925	133.574283	126.734429	149.739102	16.16482	23.004673	NA
978198	-154.575	64.925	133.049404	122.794376	149.737655	16.688251	26.943279	NA
978199	-154.525	64.925	136.587448	127.453556	149.734648	13.1472	22.281091	NA
978200	-154.475	64.925	135.947336	127.751019	149.730007	13.782672	21.978989	NA
978201	-154.425	64.925	135.366966	124.592269	149.726979	14.360012	25.13471	NA
978462	-141.375	64.925	NA	NA	148.333296	NA	NA	NA
978463	-141.325	64.925	134.603387	127.221346	148.329599	13.726212	21.108253	NA
978464	-141.275	64.925	135.20277	133.185109	148.322977	13.120207	15.137869	NA
978465	-141.225	64.925	133.515324	135.890842	133.100985	-0.414338	-2.789857	NA
978466	-141.175	64.925	133.759189	133.696779	148.317893	14.558703	14.621114	NA
978769	-126.025	64.925	124.022525	138.206296	141.074901	17.052376	2.868605	NA
978770	-125.975	64.925	124.012525	138.572394	141.072047	17.059523	2.499654	NA
978771	-125.925	64.925	123.790989	138.917339	141.070827	17.279838	2.153487	NA
978772	-125.875	64.925	124.063696	138.154818	141.052437	16.988741	2.897618	NA
978773	-125.825	64.925	123.979119	139.013723	141.051726	17.072607	2.038003	NA
978774	-125.775	64.925	123.880905	138.718131	141.050637	17.169732	2.332506	NA
978775	-125.725	64.925	123.762053	136.397143	141.051569	17.289516	4.654426	NA
983095	90.275	64.925	132.033809	124.454569	153.917404	21.883595	29.462835	NA
984651	-157.925	64.875	NA	NA	141.678533	NA	NA	NA
984652	-157.875	64.875	135.64947	131.896368	150.188243	14.538773	18.291875	NA
984653	-157.825	64.875	135.397549	131.641115	150.180314	14.782765	18.539199	NA
984654	-157.775	64.875	135.817544	130.366378	150.179738	14.362194	19.813361	NA
984655	-157.725	64.875	137.164983	127.994628	150.176828	13.011845	22.1822	NA
984656	-157.675	64.875	137.246842	127.829276	150.171527	12.924685	22.342251	NA
984657	-157.625	64.875	137.375585	127.876818	149.895114	12.51953	22.018297	NA
984658	-157.575	64.875	136.146323	133.843731	149.891767	13.745444	16.048036	NA
984659	-157.525	64.875	NA	NA	149.886941	NA	NA	NA
984705	-155.225	64.875	133.738919	120.86178	143.882717	10.143798	23.020937	NA
984706	-155.175	64.875	135.260544	121.160313	149.751263	14.490718	28.59095	NA
984707	-155.125	64.875	135.639044	123.42533	149.747255	14.108211	26.321925	NA
984708	-155.075	64.875	135.705051	125.173991	149.750213	14.045162	24.576221	NA
984709	-155.025	64.875	135.771456	124.643635	149.748935	13.977479	25.1053	NA
984710	-154.975	64.875	136.005035	127.869304	149.746825	13.74179	21.877521	NA
984711	-154.925	64.875	135.177919	134.621068	149.744603	14.566684	15.123535	NA
984712	-154.875	64.875	135.445907	133.035287	129.465638	-5.980269	-3.569649	NA
984713	-154.825	64.875	137.054861	131.11236	132.76954	-4.285321	1.657179	NA
984714	-154.775	64.875	NA	NA	138.517229	NA	NA	NA
984986	-141.175	64.875	NA	NA	148.315679	NA	NA	NA
984987	-141.125	64.875	NA	NA	148.312665	NA	NA	NA
984988	-141.075	64.875	134.506727	127.739641	148.31158	13.804854	20.571939	NA
985295	-125.725	64.875	123.762053	136.397143	137.724546	13.962493	1.327403	NA
985296	-125.675	64.875	123.792789	137.860536	141.049798	17.257009	3.189262	NA
985297	-125.625	64.875	NA	NA	141.04869	NA	NA	NA
985298	-125.575	64.875	124.080439	138.37832	141.904973	17.824534	3.526653	NA
985299	-125.525	64.875	NA	NA	141.902915	NA	NA	NA
985300	-125.475	64.875	NA	NA	141.901786	NA	NA	NA
985301	-125.425	64.875	124.02843	138.103555	141.899251	17.870821	3.795696	NA
985302	-125.375	64.875	123.915839	139.520629	141.898026	17.982186	2.377396	NA
985303	-125.325	64.875	124.000322	139.785323	141.896528	17.896207	2.111205	NA
985304	-125.275	64.875	123.781353	140.069271	141.894879	18.113526	1.825608	NA
985305	-125.225	64.875	124.232539	138.27497	141.892631	17.660092	3.617661	NA
985306	-125.175	64.875	124.147843	137.935893	141.89078	17.742937	3.954887	NA
985307	-125.125	64.875	124.127593	137.843203	141.88857	17.760977	4.045367	NA
989615	90.275	64.875	NA	NA	153.891223	NA	NA	NA
989616	90.325	64.875	131.618209	123.963729	153.861755	22.243546	29.898027	NA
991170	-157.975	64.825	136.762348	132.943291	142.032382	5.270034	9.089091	NA
991171	-157.925	64.825	136.490694	126.944541	150.19771	13.707016	23.253169	NA
991179	-157.525	64.825	136.206369	130.156577	133.056899	-3.14947	2.900322	NA
991180	-157.475	64.825	136.034512	128.590989	149.884463	13.84995	21.293473	NA
991181	-157.425	64.825	NA	NA	149.863415	NA	NA	NA
991221	-155.425	64.825	NA	NA	143.047445	NA	NA	NA
991222	-155.375	64.825	NA	NA	139.890017	NA	NA	NA
991223	-155.325	64.825	132.478725	117.709207	149.746554	17.267829	32.037348	NA
991224	-155.275	64.825	135.120712	120.791039	149.753885	14.633173	28.962845	NA
991225	-155.225	64.825	135.427109	120.592232	149.752845	14.325736	29.160613	NA
991506	-141.175	64.825	134.296293	123.480793	148.307281	14.010987	24.826488	NA
991507	-141.125	64.825	134.832568	125.48221	148.312233	13.479665	22.830023	NA
991827	-125.125	64.825	124.200442	136.47091	141.887395	17.686953	5.416485	NA
996136	90.325	64.825	NA	NA	156.352721	NA	NA	NA
996137	90.375	64.825	NA	NA	153.858395	NA	NA	NA
996138	90.425	64.825	NA	NA	157.039108	NA	NA	NA
997689	-158.025	64.775	136.330832	127.51531	143.265552	6.93472	15.750242	NA
997690	-157.975	64.775	136.616681	130.150575	150.203818	13.587137	20.053243	NA
997701	-157.425	64.775	NA	NA	139.004676	NA	NA	NA
997702	-157.375	64.775	NA	NA	138.062844	NA	NA	NA
997703	-157.325	64.775	NA	NA	136.825141	NA	NA	NA
997704	-157.275	64.775	NA	NA	149.853419	NA	NA	NA
997705	-157.225	64.775	135.336836	132.765018	149.843642	14.506806	17.078624	NA
997706	-157.175	64.775	NA	NA	138.667127	NA	NA	NA
997707	-157.125	64.775	NA	NA	138.756812	NA	NA	NA
997708	-157.075	64.775	135.439399	132.142777	135.909908	0.470509	3.767131	NA
997709	-157.025	64.775	135.654674	134.498688	149.822807	14.168133	15.324118	NA
997733	-155.825	64.775	134.861271	129.110959	142.354757	7.493486	13.243798	NA
997734	-155.775	64.775	134.47284	134.064301	149.75425	15.28141	15.689949	NA
997735	-155.725	64.775	134.356214	139.133757	149.750842	15.394628	10.617085	NA
997736	-155.675	64.775	134.709184	138.95566	149.750092	15.040908	10.794432	NA
997740	-155.475	64.775	135.537755	120.040655	149.738724	14.200968	29.698069	NA
997741	-155.425	64.775	135.860261	123.120732	149.752056	13.891795	26.631324	NA
998026	-141.175	64.775	NA	NA	148.306665	NA	NA	NA
998027	-141.125	64.775	NA	NA	148.310068	NA	NA	NA
998028	-141.075	64.775	NA	NA	148.308209	NA	NA	NA
998029	-141.025	64.775	133.623683	121.640118	148.306812	14.683129	26.666694	NA
998347	-125.125	64.775	124.210071	137.703152	141.886618	17.676547	4.183466	NA
998348	-125.075	64.775	124.210342	137.707122	132.247444	8.037101	-5.459678	NA
1002658	90.425	64.775	NA	NA	153.839042	NA	NA	NA
1002659	90.475	64.775	NA	NA	153.828563	NA	NA	NA
1002660	90.525	64.775	NA	NA	153.822519	NA	NA	NA
1002661	90.575	64.775	NA	NA	153.810755	NA	NA	NA
1002662	90.625	64.775	NA	NA	153.806607	NA	NA	NA
1002663	90.675	64.775	NA	NA	153.801496	NA	NA	NA
1004207	-158.125	64.725	136.897676	133.034345	150.208454	13.310778	17.174108	NA
1004208	-158.075	64.725	136.948623	131.852259	150.202871	13.254248	18.350612	NA
1004209	-158.025	64.725	136.461841	127.67412	150.201264	13.739423	22.527144	NA
1004224	-157.275	64.725	NA	NA	143.482368	NA	NA	NA
1004225	-157.225	64.725	NA	NA	138.474805	NA	NA	NA
1004229	-157.025	64.725	136.332002	135.108791	136.533929	0.201927	1.425138	NA
1004230	-156.975	64.725	135.760313	135.331613	149.809936	14.049624	14.478323	NA
1004231	-156.925	64.725	134.448304	133.097805	149.796187	15.347882	16.698381	NA
1004232	-156.875	64.725	NA	NA	149.789245	NA	NA	NA
1004233	-156.825	64.725	134.495936	133.037826	149.784688	15.288753	16.746862	NA
1004234	-156.775	64.725	134.178248	136.602164	149.781094	15.602845	13.17893	NA
1004244	-156.275	64.725	134.952551	127.102679	142.52391	7.571358	15.421231	NA
1004245	-156.225	64.725	135.037534	128.317409	149.733352	14.695818	21.415943	NA
1004246	-156.175	64.725	132.756577	122.442052	149.72929	16.972713	27.287238	NA
1004247	-156.125	64.725	133.327942	127.73231	149.725997	16.398055	21.993687	NA
1004248	-156.075	64.725	132.711559	130.96034	149.760976	17.049417	18.800636	NA
1004249	-156.025	64.725	134.323762	133.724239	149.75954	15.435778	16.035301	NA
1004250	-155.975	64.725	134.834019	129.447287	149.758154	14.924135	20.310867	NA
1004251	-155.925	64.725	133.226011	128.839167	149.754198	16.528187	20.915031	NA
1004252	-155.875	64.725	133.588557	132.042465	149.751772	16.163215	17.709307	NA
1004253	-155.825	64.725	134.682506	129.538422	149.75631	15.073804	20.217889	NA
1004256	-155.675	64.725	134.709184	138.95566	138.215073	3.50589	-0.740587	NA
1004257	-155.625	64.725	135.420372	136.800023	149.748919	14.328547	12.948896	NA
1004258	-155.575	64.725	135.638007	136.229973	149.744513	14.106506	13.51454	NA
1004259	-155.525	64.725	136.238498	124.111232	149.743189	13.504691	25.631957	NA
1004549	-141.025	64.725	131.54219	112.050466	148.31013	16.76794	36.259663	NA
1004868	-125.075	64.725	124.213192	140.421587	141.87554	17.662347	1.453953	NA
1004869	-125.025	64.725	123.991294	135.165122	133.335833	9.344539	-1.829289	NA
1004870	-124.975	64.725	123.991294	135.165122	133.933498	9.942204	-1.231624	NA
1009183	90.675	64.725	NA	NA	154.131117	NA	NA	NA
1009184	90.725	64.725	NA	NA	153.715446	NA	NA	NA
1009185	90.775	64.725	NA	NA	153.701947	NA	NA	NA
1009186	90.825	64.725	131.734835	124.615967	153.698716	21.963881	29.082749	NA
1010726	-158.175	64.675	137.071541	132.520101	150.221156	13.149615	17.701055	NA
1010727	-158.125	64.675	137.236771	132.937255	150.219641	12.98287	17.282386	NA
1010754	-156.775	64.675	136.163929	132.188199	149.777312	13.613383	17.589113	NA
1010755	-156.725	64.675	135.96194	129.118793	138.771569	2.809629	9.652775	NA
1010757	-156.625	64.675	135.709996	131.12583	140.058751	4.348755	8.932921	NA
1010758	-156.575	64.675	135.488625	125.340605	149.747483	14.258858	24.406878	NA
1010759	-156.525	64.675	135.056926	131.731732	149.743382	14.686456	18.011649	NA
1010760	-156.475	64.675	135.32267	131.737199	149.74106	14.41839	18.003861	NA
1010761	-156.425	64.675	134.999136	124.635328	149.737811	14.738676	25.102484	NA
1010762	-156.375	64.675	136.104564	126.653696	149.738499	13.633935	23.084803	NA
1010763	-156.325	64.675	135.806251	125.647529	149.73742	13.931169	24.089892	NA
1010764	-156.275	64.675	132.748531	121.17558	149.735499	16.986968	28.559919	NA
1011069	-141.025	64.675	NA	NA	148.308182	NA	NA	NA
1011070	-140.975	64.675	NA	NA	148.307514	NA	NA	NA
1011071	-140.925	64.675	131.538558	118.237045	148.30725	16.768692	30.070206	NA
1011072	-140.875	64.675	133.883872	121.087686	148.306511	14.422639	27.218825	NA
1011390	-124.975	64.675	124.269799	137.291775	141.870792	17.600994	4.579017	NA
1011391	-124.925	64.675	124.378058	136.376102	141.870046	17.491988	5.493944	NA
1011392	-124.875	64.675	124.648963	138.408519	141.868122	17.219159	3.459603	NA
1015706	90.825	64.675	132.347942	124.805029	154.990962	22.64302	30.185934	NA
1015707	90.875	64.675	132.193069	124.755058	153.69268	21.499612	28.937623	NA
1017275	-156.725	64.625	135.879866	129.182161	149.751044	13.871178	20.568883	NA
1017276	-156.675	64.625	136.063108	129.563485	149.750265	13.687156	20.18678	NA
1017277	-156.625	64.625	135.709996	131.12583	149.749286	14.03929	18.623456	NA
1017592	-140.875	64.625	133.164999	119.510457	148.30639	15.14139	28.795932	NA
1017593	-140.825	64.625	NA	NA	148.30353	NA	NA	NA
1017594	-140.775	64.625	132.216832	121.956652	148.303979	16.087146	26.347326	NA
1017595	-140.725	64.625	131.808571	125.069806	148.304044	16.495474	23.234239	NA
1017596	-140.675	64.625	NA	NA	131.847189	NA	NA	NA
1017911	-124.925	64.625	124.247966	136.580216	141.86761	17.619644	5.287394	NA
1017912	-124.875	64.625	124.773914	138.362181	141.86521	17.091296	3.503029	NA
1022227	90.875	64.625	132.370784	124.958866	153.677844	21.30706	28.718978	NA
1022228	90.925	64.625	132.372693	124.968704	153.666809	21.294117	28.698105	NA
1024116	-140.675	64.575	NA	NA	148.303657	NA	NA	NA
1024117	-140.625	64.575	132.388375	124.66575	148.28969	15.901315	23.623941	NA
1024118	-140.575	64.575	132.160036	118.361398	134.163726	2.00369	15.802328	NA
1024431	-124.925	64.575	124.209176	139.349542	141.86473	17.655554	2.515188	NA
1024432	-124.875	64.575	124.004174	135.568038	140.452166	16.447992	4.884127	NA
1028748	90.925	64.575	NA	NA	153.660728	NA	NA	NA
1028749	90.975	64.575	NA	NA	153.647669	NA	NA	NA
1028750	91.025	64.575	NA	NA	153.643556	NA	NA	NA
1028751	91.075	64.575	NA	NA	154.384708	NA	NA	NA
1030638	-140.575	64.525	132.975126	124.749751	148.28741	15.312284	23.53766	NA
1030639	-140.525	64.525	NA	NA	148.284721	NA	NA	NA
1030640	-140.475	64.525	NA	NA	148.284663	NA	NA	NA
1030641	-140.425	64.525	133.436699	127.465065	148.283501	14.846802	20.818436	NA
1030951	-124.925	64.525	124.286591	140.989682	141.866505	17.579914	0.876823	NA
1035271	91.075	64.525	NA	NA	153.637679	NA	NA	NA
1035272	91.125	64.525	NA	NA	153.611294	NA	NA	NA
1035273	91.175	64.525	131.669434	124.087978	153.607484	21.93805	29.519506	NA
1035274	91.225	64.525	131.669434	124.087978	153.591887	21.922453	29.503909	NA
1035275	91.275	64.525	131.548551	124.04916	157.021922	25.473371	32.972762	NA
1037160	-140.475	64.475	135.142239	130.575251	148.27008	13.127841	17.694828	NA
1037161	-140.425	64.475	133.323686	123.681775	148.282759	14.959073	24.600984	NA
1037471	-124.925	64.475	NA	NA	141.860331	NA	NA	NA
1037472	-124.875	64.475	124.095221	138.192673	141.857856	17.762635	3.665183	NA
1037473	-124.825	64.475	124.14871	137.844831	141.856013	17.707303	4.011182	NA
1037474	-124.775	64.475	NA	NA	141.855307	NA	NA	NA
1041795	91.275	64.475	NA	NA	153.575984	NA	NA	NA
1041796	91.325	64.475	132.096779	124.378741	153.572907	21.476128	29.194166	NA
1041797	91.375	64.475	NA	NA	153.56328	NA	NA	NA
1041798	91.425	64.475	NA	NA	153.558217	NA	NA	NA
1041799	91.475	64.475	NA	NA	153.551754	NA	NA	NA
1041800	91.525	64.475	NA	NA	153.547934	NA	NA	NA
1041801	91.575	64.475	NA	NA	153.544292	NA	NA	NA
1041802	91.625	64.475	129.387227	123.810044	153.53674	24.149513	29.726696	NA
1041803	91.675	64.475	128.344951	123.543944	153.533522	25.188571	29.989578	NA
1041804	91.725	64.475	128.042938	123.391971	153.52908	25.486142	30.137109	NA
1041805	91.775	64.475	130.746679	124.054734	153.524338	22.777659	29.469604	NA
1041806	91.825	64.475	NA	NA	152.501688	NA	NA	NA
1043679	-140.525	64.425	135.092119	129.048462	148.270108	13.177989	19.221645	NA
1043680	-140.475	64.425	133.810867	121.023596	134.615266	0.804399	13.591669	NA
1043994	-124.775	64.425	124.725345	141.15465	141.854716	17.129371	0.700066	NA
1048326	91.825	64.425	131.40711	123.756567	153.518819	22.111709	29.762252	NA
1048327	91.875	64.425	132.392803	124.268081	153.499491	21.106688	29.231411	NA
1048328	91.925	64.425	132.263501	123.998668	153.490458	21.226958	29.49179	NA
1048329	91.975	64.425	132.784035	125.07016	153.485628	20.701592	28.415468	NA
1048330	92.025	64.425	132.590889	124.710865	153.476411	20.885522	28.765546	NA
1048337	92.375	64.425	NA	NA	154.376891	NA	NA	NA
1048338	92.425	64.425	NA	NA	153.409261	NA	NA	NA
1048339	92.475	64.425	127.117007	123.281599	153.398842	26.281834	30.117243	NA
1050199	-140.525	64.375	NA	NA	148.585499	NA	NA	NA
1050200	-140.475	64.375	133.993067	132.12802	148.584283	14.591215	16.456262	NA
1050201	-140.425	64.375	133.589702	129.671652	148.582141	14.992439	18.910489	NA
1050202	-140.375	64.375	NA	NA	148.581336	NA	NA	NA
1050203	-140.325	64.375	NA	NA	148.57911	NA	NA	NA
1050204	-140.275	64.375	133.093623	123.995694	148.578387	15.484764	24.582693	NA
1050514	-124.775	64.375	124.680802	140.721007	140.891226	16.210424	0.170219	NA
1050515	-124.725	64.375	124.34615	140.212316	140.888019	16.541868	0.675703	NA
1054850	92.025	64.375	132.376226	124.430853	154.002446	21.62622	29.571594	NA
1054851	92.075	64.375	132.569388	124.67685	153.472229	20.902841	28.795379	NA
1054852	92.125	64.375	132.176548	124.451561	153.458815	21.282267	29.007254	NA
1054856	92.325	64.375	132.599421	125.109959	153.422629	20.823208	28.312669	NA
1054857	92.375	64.375	NA	NA	153.414012	NA	NA	NA
1054861	92.575	64.375	NA	NA	153.386355	NA	NA	NA
1054862	92.625	64.375	NA	NA	153.375054	NA	NA	NA
1054863	92.675	64.375	132.716962	124.573732	153.362179	20.645217	28.788447	NA
1054864	92.725	64.375	NA	NA	153.358078	NA	NA	NA
1054865	92.775	64.375	NA	NA	153.353215	NA	NA	NA
1056724	-140.275	64.325	NA	NA	148.581438	NA	NA	NA
1056725	-140.225	64.325	NA	NA	148.577119	NA	NA	NA
1056726	-140.175	64.325	NA	NA	148.576595	NA	NA	NA
1056727	-140.125	64.325	NA	NA	148.578571	NA	NA	NA
1056728	-140.075	64.325	NA	NA	148.577682	NA	NA	NA
1056729	-140.025	64.325	NA	NA	148.576409	NA	NA	NA
1056730	-139.975	64.325	133.394043	133.510987	148.580403	15.18636	15.069416	NA
1056731	-139.925	64.325	132.974478	131.989829	148.578798	15.60432	16.588969	NA
1056732	-139.875	64.325	132.51858	133.34339	148.573576	16.054995	15.230186	NA
1056733	-139.825	64.325	NA	NA	152.173838	NA	NA	NA
1057035	-124.725	64.325	124.26214	138.660322	140.885839	16.623699	2.225517	NA
1057036	-124.675	64.325	124.151684	138.681422	140.883176	16.731492	2.201754	NA
1057037	-124.625	64.325	123.80923	134.52468	140.882378	17.073147	6.357697	NA
1057038	-124.575	64.325	124.279094	138.4902	140.881854	16.60276	2.391654	NA
1061372	92.125	64.325	NA	NA	152.857887	NA	NA	NA
1061373	92.175	64.325	NA	NA	153.455169	NA	NA	NA
1061374	92.225	64.325	132.520693	124.952913	153.438693	20.918	28.485781	NA
1061375	92.275	64.325	NA	NA	153.4347	NA	NA	NA
1061376	92.325	64.325	NA	NA	153.427687	NA	NA	NA
1063251	-139.925	64.275	133.44464	126.489444	148.577679	15.133039	22.088235	NA
1063252	-139.875	64.275	132.51858	133.34339	135.26801	2.74943	1.92462	NA
1063253	-139.825	64.275	133.265895	126.781011	148.570655	15.30476	21.789644	NA
1063254	-139.775	64.275	NA	NA	148.550365	NA	NA	NA
1063255	-139.725	64.275	132.505944	128.288806	148.549324	16.04338	20.260518	NA
1063256	-139.675	64.275	NA	NA	135.694538	NA	NA	NA
1063257	-139.625	64.275	NA	NA	148.550924	NA	NA	NA
1063258	-139.575	64.275	NA	NA	151.879703	NA	NA	NA
1063558	-124.575	64.275	124.279094	138.4902	150.475989	26.196895	11.985789	NA
1063559	-124.525	64.275	124.142428	137.645554	140.881395	16.738967	3.23584	NA
1063560	-124.475	64.275	124.096598	137.816925	140.586704	16.490106	2.769779	NA
1069778	-139.575	64.225	131.739761	113.87292	148.529527	16.789766	34.656607	NA
1070080	-124.475	64.225	124.088278	137.69683	140.585347	16.497069	2.888517	NA
1070081	-124.425	64.225	124.504276	138.27205	140.582943	16.078667	2.310894	NA
1076298	-139.575	64.175	NA	NA	148.529334	NA	NA	NA
1076299	-139.525	64.175	NA	NA	148.526639	NA	NA	NA
1076601	-124.425	64.175	124.839192	140.762917	140.582237	15.743046	-0.18068	NA
1082819	-139.525	64.125	NA	NA	136.764099	NA	NA	NA
1082820	-139.475	64.125	133.041557	121.804654	148.533292	15.491735	26.728638	NA
1082821	-139.425	64.125	132.896	121.24322	134.447252	1.551252	13.204033	NA
1083121	-124.425	64.125	124.166892	138.297874	140.58068	16.413788	2.282805	NA
1089341	-139.425	64.075	132.964353	125.793943	148.531846	15.567493	22.737903	NA
1089641	-124.425	64.075	124.225313	138.661555	140.576707	16.351394	1.915153	NA
1095857	-139.625	64.025	NA	NA	148.526182	NA	NA	NA
1095858	-139.575	64.025	132.558613	134.539408	148.527094	15.968481	13.987686	NA
1095859	-139.525	64.025	133.211387	129.169017	148.52745	15.316064	19.358433	NA
1095860	-139.475	64.025	NA	NA	148.531472	NA	NA	NA
1095861	-139.425	64.025	NA	NA	148.484794	NA	NA	NA
1096161	-124.425	64.025	124.002533	136.676374	140.574063	16.57153	3.89769	NA
1096162	-124.375	64.025	NA	NA	140.570608	NA	NA	NA
1102376	-139.675	63.975	NA	NA	148.537702	NA	NA	NA
1102377	-139.625	63.975	NA	NA	134.940536	NA	NA	NA
1102682	-124.375	63.975	124.401988	140.465818	140.56977	16.167782	0.103952	NA
1102683	-124.325	63.975	124.128267	138.714872	140.547949	16.419681	1.833076	NA
1102684	-124.275	63.975	124.965988	140.456836	140.547323	15.581335	0.090487	NA
1102685	-124.225	63.975	124.124351	138.885591	140.54768	16.423329	1.662089	NA
1102686	-124.175	63.975	NA	NA	132.871897	NA	NA	NA
1108895	-139.725	63.925	NA	NA	148.53756	NA	NA	NA
1108896	-139.675	63.925	NA	NA	135.941428	NA	NA	NA
1109206	-124.175	63.925	124.032291	139.55264	140.544836	16.512545	0.992196	NA
1109207	-124.125	63.925	124.217252	138.440001	140.517443	16.30019	2.077441	NA
1115415	-139.725	63.875	NA	NA	148.539119	NA	NA	NA
1115727	-124.125	63.875	124.217252	138.440001	140.516263	16.299011	2.076262	NA
1115728	-124.075	63.875	124.603627	137.948304	140.514267	15.910641	2.565963	NA
1115729	-124.025	63.875	124.908617	139.877609	140.513826	15.60521	0.636217	NA
1121935	-139.725	63.825	133.603924	127.56855	148.535653	14.931729	20.967102	NA
1122249	-124.025	63.825	124.46836	138.478113	140.512628	16.044268	2.034516	NA
1122250	-123.975	63.825	124.035004	138.121446	135.890527	11.855523	-2.230918	NA
1128455	-139.725	63.775	NA	NA	148.594069	NA	NA	NA
1128770	-123.975	63.775	124.203615	136.235871	140.50786	16.304246	4.271989	NA
1134975	-139.725	63.725	NA	NA	148.594306	NA	NA	NA
1134976	-139.675	63.725	133.439174	135.751451	148.593165	15.15399	12.841713	NA
1135290	-123.975	63.725	124.381535	135.414262	136.392419	12.010884	0.978157	NA
1135291	-123.925	63.725	124.123473	136.466779	140.505751	16.382278	4.038972	NA
1135292	-123.875	63.725	123.795423	134.703338	140.495073	16.699649	5.791734	NA
1141495	-139.725	63.675	131.875494	115.770068	148.590915	16.715421	32.820847	NA
1141812	-123.875	63.675	124.722382	139.188839	140.494542	15.77216	1.305703	NA
1141813	-123.825	63.675	124.83933	139.233643	140.492083	15.652753	1.25844	NA
1148015	-139.725	63.625	132.555584	122.845137	148.587323	16.031739	25.742185	NA
1148333	-123.825	63.625	124.469803	138.189221	140.491034	16.021232	2.301813	NA
1148334	-123.775	63.625	124.159866	137.115768	136.879142	12.719276	-0.236626	NA
1154535	-139.725	63.575	NA	NA	148.586067	NA	NA	NA
1154854	-123.775	63.575	124.531579	138.818897	140.484057	15.952478	1.665159	NA
1161055	-139.725	63.525	NA	NA	148.648715	NA	NA	NA
1161374	-123.775	63.525	125.05473	140.82633	137.510974	12.456244	-3.315355	NA
1161375	-123.725	63.525	124.792408	139.302071	140.481315	15.688907	1.179243	NA
1167575	-139.725	63.475	133.927531	124.803677	148.651859	14.724328	23.848182	NA
1167576	-139.675	63.475	NA	NA	138.668485	NA	NA	NA
1167895	-123.725	63.475	124.716422	140.225528	140.476087	15.759665	0.250559	NA
1174096	-139.675	63.425	NA	NA	148.656443	NA	NA	NA
1174097	-139.625	63.425	NA	NA	148.651021	NA	NA	NA
1174098	-139.575	63.425	NA	NA	148.650234	NA	NA	NA
1174415	-123.725	63.425	124.742123	138.816168	137.301568	12.559445	-1.5146	NA
1174416	-123.675	63.425	124.780356	138.917971	140.468632	15.688276	1.550661	NA
1180618	-139.575	63.375	133.220192	134.555509	148.650636	15.430444	14.095127	NA
1180619	-139.525	63.375	133.257334	133.445202	148.650194	15.39286	15.204992	NA
1180620	-139.475	63.375	NA	NA	134.414069	NA	NA	NA
1180936	-123.675	63.375	123.972013	136.477863	140.465147	16.493133	3.987283	NA
1187140	-139.475	63.325	NA	NA	148.65062	NA	NA	NA
1187141	-139.425	63.325	NA	NA	148.646449	NA	NA	NA
1187456	-123.675	63.325	124.296651	135.67927	140.462018	16.165367	4.782748	NA
1187457	-123.625	63.325	NA	NA	136.477654	NA	NA	NA
1193659	-139.525	63.275	NA	NA	137.657677	NA	NA	NA
1193660	-139.475	63.275	NA	NA	147.66156	NA	NA	NA
1193661	-139.425	63.275	NA	NA	147.664944	NA	NA	NA
1193977	-123.625	63.275	124.151273	135.902438	140.459657	16.308384	4.557218	NA
1193978	-123.575	63.275	124.155331	136.764941	140.455805	16.300473	3.690864	NA
1200178	-139.575	63.225	NA	NA	147.655733	NA	NA	NA
1200179	-139.525	63.225	NA	NA	147.661338	NA	NA	NA
1200498	-123.575	63.225	124.07062	136.250475	140.455222	16.384602	4.204748	NA
1200499	-123.525	63.225	124.247895	137.911157	140.44848	16.200584	2.537323	NA
1200500	-123.475	63.225	124.313268	138.092468	140.448361	16.135094	2.355894	NA
1200501	-123.425	63.225	NA	NA	136.252786	NA	NA	NA
1206698	-139.575	63.175	NA	NA	147.656366	NA	NA	NA
1206699	-139.525	63.175	NA	NA	139.464658	NA	NA	NA
1207021	-123.425	63.175	124.822383	137.014573	140.445313	15.62293	3.43074	NA
1207022	-123.375	63.175	123.930859	136.912203	140.442209	16.51135	3.530007	NA
1207023	-123.325	63.175	124.032113	136.515475	140.441345	16.409232	3.92587	NA
1213219	-139.525	63.125	NA	NA	146.826443	NA	NA	NA
1213543	-123.325	63.125	124.128926	136.932754	140.440561	16.311635	3.507807	NA
1213544	-123.275	63.125	124.358243	137.300575	140.438183	16.07994	3.137608	NA
1219739	-139.525	63.075	NA	NA	146.825307	NA	NA	NA
1219740	-139.475	63.075	NA	NA	146.824884	NA	NA	NA
1220064	-123.275	63.075	124.979072	136.947353	140.437447	15.458374	3.490094	NA
1226259	-139.525	63.025	NA	NA	146.830768	NA	NA	NA
1226260	-139.475	63.025	NA	NA	146.828527	NA	NA	NA
1226584	-123.275	63.025	124.536571	135.635091	140.435366	15.898795	4.800275	NA
1232780	-139.475	62.975	NA	NA	146.835747	NA	NA	NA
1232781	-139.425	62.975	NA	NA	146.841359	NA	NA	NA
1232782	-139.375	62.975	NA	NA	146.840303	NA	NA	NA
1232783	-139.325	62.975	NA	NA	146.841653	NA	NA	NA
1232784	-139.275	62.975	135.276569	126.601589	146.84102	11.564451	20.239431	NA
1233104	-123.275	62.975	125.863896	134.721634	140.432189	14.568292	5.710555	NA
1233105	-123.225	62.975	125.436176	134.046389	140.42947	14.993293	6.38308	NA
1239304	-139.275	62.925	NA	NA	132.122733	NA	NA	NA
1239305	-139.225	62.925	NA	NA	146.838826	NA	NA	NA
1239306	-139.175	62.925	NA	NA	146.83211	NA	NA	NA
1239307	-139.125	62.925	NA	NA	146.830273	NA	NA	NA
1239308	-139.075	62.925	NA	NA	146.828493	NA	NA	NA
1239309	-139.025	62.925	NA	NA	146.827216	NA	NA	NA
1239625	-123.225	62.925	124.630303	137.814245	140.428715	15.798412	2.61447	NA
1245829	-139.025	62.875	NA	NA	132.060079	NA	NA	NA
1245830	-138.975	62.875	NA	NA	146.853779	NA	NA	NA
1245831	-138.925	62.875	NA	NA	146.856122	NA	NA	NA
1245832	-138.875	62.875	NA	NA	146.855298	NA	NA	NA
1245833	-138.825	62.875	NA	NA	146.853178	NA	NA	NA
1245834	-138.775	62.875	NA	NA	146.849602	NA	NA	NA
1245835	-138.725	62.875	NA	NA	146.852032	NA	NA	NA
1245836	-138.675	62.875	NA	NA	146.850532	NA	NA	NA
1245837	-138.625	62.875	NA	NA	146.855279	NA	NA	NA
1246145	-123.225	62.875	124.187026	136.701416	140.416924	16.229899	3.715508	NA
1252357	-138.625	62.825	NA	NA	131.212118	NA	NA	NA
1252358	-138.575	62.825	NA	NA	146.85032	NA	NA	NA
1252359	-138.525	62.825	NA	NA	146.847777	NA	NA	NA
1252360	-138.475	62.825	NA	NA	146.851817	NA	NA	NA
1252361	-138.425	62.825	NA	NA	146.850696	NA	NA	NA
1252367	-138.125	62.825	NA	NA	146.901665	NA	NA	NA
1252368	-138.075	62.825	NA	NA	146.900333	NA	NA	NA
1252369	-138.025	62.825	NA	NA	146.901878	NA	NA	NA
1252370	-137.975	62.825	NA	NA	146.899649	NA	NA	NA
1252374	-137.775	62.825	NA	NA	146.888762	NA	NA	NA
1252375	-137.725	62.825	NA	NA	146.88319	NA	NA	NA
1252376	-137.675	62.825	NA	NA	146.880555	NA	NA	NA
1252377	-137.625	62.825	NA	NA	146.878541	NA	NA	NA
1252378	-137.575	62.825	NA	NA	146.882365	NA	NA	NA
1252379	-137.525	62.825	NA	NA	146.88256	NA	NA	NA
1252380	-137.475	62.825	NA	NA	146.879405	NA	NA	NA
1252381	-137.425	62.825	NA	NA	117.203447	NA	NA	NA
1252665	-123.225	62.825	124.232183	137.294163	140.412681	16.180499	3.118518	NA
1258881	-138.425	62.775	NA	NA	146.848645	NA	NA	NA
1258882	-138.375	62.775	NA	NA	146.845237	NA	NA	NA
1258883	-138.325	62.775	NA	NA	146.843744	NA	NA	NA
1258884	-138.275	62.775	NA	NA	134.784099	NA	NA	NA
1258885	-138.225	62.775	NA	NA	131.905183	NA	NA	NA
1258886	-138.175	62.775	NA	NA	133.028528	NA	NA	NA
1258887	-138.125	62.775	NA	NA	132.471858	NA	NA	NA
1258890	-137.975	62.775	NA	NA	132.775316	NA	NA	NA
1258891	-137.925	62.775	NA	NA	146.898544	NA	NA	NA
1258892	-137.875	62.775	NA	NA	146.890361	NA	NA	NA
1258893	-137.825	62.775	NA	NA	146.890017	NA	NA	NA
1258894	-137.775	62.775	NA	NA	135.834411	NA	NA	NA
1258901	-137.425	62.775	NA	NA	146.877383	NA	NA	NA
1258902	-137.375	62.775	NA	NA	146.870904	NA	NA	NA
1258903	-137.325	62.775	NA	NA	144.425215	NA	NA	NA
1259185	-123.225	62.775	124.117981	136.982791	140.407796	16.289815	3.425005	NA
1265423	-137.325	62.725	NA	NA	144.423835	NA	NA	NA
1265424	-137.275	62.725	NA	NA	144.421695	NA	NA	NA
1265425	-137.225	62.725	NA	NA	136.185482	NA	NA	NA
1265705	-123.225	62.725	124.665168	137.267281	140.408803	15.743635	3.141522	NA
1271945	-137.225	62.675	NA	NA	144.465756	NA	NA	NA
1271946	-137.175	62.675	NA	NA	144.46483	NA	NA	NA
1271947	-137.125	62.675	NA	NA	144.464355	NA	NA	NA
1271948	-137.075	62.675	NA	NA	144.463729	NA	NA	NA
1272225	-123.225	62.675	124.17179	136.267357	140.400596	16.228806	4.133239	NA
1278468	-137.075	62.625	NA	NA	132.584654	NA	NA	NA
1278469	-137.025	62.625	NA	NA	144.466264	NA	NA	NA
1278470	-136.975	62.625	NA	NA	144.464179	NA	NA	NA
1278471	-136.925	62.625	NA	NA	144.606457	NA	NA	NA
1278745	-123.225	62.625	124.489186	136.187885	140.397399	15.908213	4.209515	NA
1284991	-136.925	62.575	NA	NA	132.694274	NA	NA	NA
1284992	-136.875	62.575	NA	NA	144.606127	NA	NA	NA
1284993	-136.825	62.575	NA	NA	144.60779	NA	NA	NA
1285264	-123.275	62.575	123.755963	135.675329	140.390366	16.634403	4.715037	NA
1285265	-123.225	62.575	NA	NA	140.393387	NA	NA	NA
1291513	-136.825	62.525	NA	NA	144.607248	NA	NA	NA
1291514	-136.775	62.525	NA	NA	144.606186	NA	NA	NA
1291515	-136.725	62.525	NA	NA	138.415778	NA	NA	NA
1291784	-123.275	62.525	123.762366	135.102566	140.38422	16.621854	5.281654	NA
1298035	-136.725	62.475	NA	NA	144.608949	NA	NA	NA
1298036	-136.675	62.475	NA	NA	144.605036	NA	NA	NA
1298304	-123.275	62.475	123.935675	136.584557	140.383731	16.448056	3.799174	NA
1304556	-136.675	62.425	NA	NA	135.179834	NA	NA	NA
1304557	-136.625	62.425	NA	NA	144.607847	NA	NA	NA
1304823	-123.325	62.425	124.001517	134.419388	140.377906	16.376388	5.958517	NA
1304824	-123.275	62.425	123.970155	136.152005	140.380427	16.410272	4.228422	NA
1311077	-136.625	62.375	NA	NA	144.605024	NA	NA	NA
1311078	-136.575	62.375	NA	NA	144.603857	NA	NA	NA
1311079	-136.525	62.375	NA	NA	144.611671	NA	NA	NA
1311080	-136.475	62.375	NA	NA	144.621304	NA	NA	NA
1311342	-123.375	62.375	NA	NA	140.152498	NA	NA	NA
1311343	-123.325	62.375	124.404076	133.052458	140.155442	15.751366	7.102984	NA
1317600	-136.475	62.325	NA	NA	144.611119	NA	NA	NA
1317601	-136.425	62.325	NA	NA	144.618412	NA	NA	NA
1317602	-136.375	62.325	NA	NA	144.616621	NA	NA	NA
1317603	-136.325	62.325	NA	NA	136.152296	NA	NA	NA
1317862	-123.375	62.325	124.147788	134.851819	140.149036	16.001249	5.297217	NA
1324122	-136.375	62.275	NA	NA	144.644827	NA	NA	NA
1324123	-136.325	62.275	NA	NA	144.616005	NA	NA	NA
1324382	-123.375	62.275	123.790295	135.389843	140.146423	16.356128	4.75658	NA
1324383	-123.325	62.275	123.885245	135.309878	140.140891	16.255646	4.831013	NA
1330642	-136.375	62.225	NA	NA	131.653964	NA	NA	NA
1330643	-136.325	62.225	NA	NA	144.644925	NA	NA	NA
1330903	-123.325	62.225	123.8707	135.102853	150.825148	26.954448	15.722295	NA
1330904	-123.275	62.225	123.800797	135.883368	139.802535	16.001738	3.919167	NA
1330905	-123.225	62.225	123.942096	135.274174	139.799902	15.857806	4.525728	NA
1330906	-123.175	62.225	123.684436	136.691219	135.334826	11.65039	-1.356392	NA
1337163	-136.325	62.175	NA	NA	144.64268	NA	NA	NA
1337426	-123.175	62.175	123.684436	136.691219	139.798975	16.114539	3.107756	NA
1337427	-123.125	62.175	123.714714	137.059129	139.795132	16.080418	2.736004	NA
1337428	-123.075	62.175	123.653508	136.444078	139.793984	16.140477	3.349906	NA
1337429	-123.025	62.175	123.71635	136.498532	139.793045	16.076694	3.294513	NA
1337430	-122.975	62.175	124.926726	130.632595	139.791242	14.864515	9.158646	NA
1337431	-122.925	62.175	NA	NA	139.790929	NA	NA	NA
1337435	-122.725	62.175	123.909988	135.27554	137.77267	13.862682	2.497129	NA
1337436	-122.675	62.175	124.655497	136.745203	137.715522	13.060025	0.970319	NA
1337437	-122.625	62.175	124.257802	134.058197	137.971188	13.713386	3.912991	NA
1337438	-122.575	62.175	124.115559	135.115326	138.19406	14.0785	3.078734	NA
1343683	-136.325	62.125	NA	NA	144.644349	NA	NA	NA
1343684	-136.275	62.125	NA	NA	145.063822	NA	NA	NA
1343685	-136.225	62.125	NA	NA	145.063429	NA	NA	NA
1343686	-136.175	62.125	NA	NA	145.069048	NA	NA	NA
1343687	-136.125	62.125	NA	NA	129.810657	NA	NA	NA
1343951	-122.925	62.125	123.66721	135.913639	138.868222	15.201011	2.954583	NA
1343952	-122.875	62.125	123.948049	135.871152	139.789413	15.841364	3.91826	NA
1343953	-122.825	62.125	123.836415	136.745974	139.786507	15.950091	3.040533	NA
1343954	-122.775	62.125	123.741327	137.42276	139.785036	16.043709	2.362277	NA
1343955	-122.725	62.125	124.670504	135.891064	139.783855	15.113351	3.892792	NA
1343958	-122.575	62.125	124.018586	136.79426	139.780591	15.762005	2.986331	NA
1343959	-122.525	62.125	123.929991	136.647169	139.778838	15.848846	3.131668	NA
1343960	-122.475	62.125	124.040299	136.318647	139.777587	15.737289	3.45894	NA
1343961	-122.425	62.125	124.204297	136.122138	139.77661	15.572312	3.654472	NA
1343962	-122.375	62.125	124.16605	136.18802	139.775199	15.609149	3.587179	NA
1343963	-122.325	62.125	123.951545	136.535625	139.77437	15.822825	3.238745	NA
1343964	-122.275	62.125	123.931422	136.449539	139.773176	15.841754	3.323637	NA
1350207	-136.125	62.075	NA	NA	145.072451	NA	NA	NA
1350208	-136.075	62.075	NA	NA	145.081335	NA	NA	NA
1350209	-136.025	62.075	NA	NA	145.09194	NA	NA	NA
1350210	-135.975	62.075	NA	NA	145.094585	NA	NA	NA
1350211	-135.925	62.075	NA	NA	145.097009	NA	NA	NA
1350216	-135.675	62.075	NA	NA	145.238007	NA	NA	NA
1350217	-135.625	62.075	NA	NA	130.276839	NA	NA	NA
1350484	-122.275	62.075	123.991992	136.658116	139.772382	15.78039	3.114266	NA
1350485	-122.225	62.075	124.028156	136.573912	139.769648	15.741492	3.195736	NA
1350486	-122.175	62.075	123.935229	136.855428	139.770443	15.835214	2.915015	NA
1350487	-122.125	62.075	123.869285	137.673474	139.769633	15.900348	2.096159	NA
1350488	-122.075	62.075	123.853191	137.507981	139.767873	15.914682	2.259892	NA
1350489	-122.025	62.075	123.962556	136.781118	139.766771	15.804214	2.985653	NA
1350490	-121.975	62.075	123.882594	137.01534	139.765402	15.882808	2.750062	NA
1356730	-135.975	62.025	NA	NA	145.096252	NA	NA	NA
1356731	-135.925	62.025	NA	NA	145.101703	NA	NA	NA
1356732	-135.875	62.025	NA	NA	145.103096	NA	NA	NA
1356733	-135.825	62.025	NA	NA	145.118041	NA	NA	NA
1356734	-135.775	62.025	NA	NA	145.119854	NA	NA	NA
1356735	-135.725	62.025	NA	NA	145.21575	NA	NA	NA
1356736	-135.675	62.025	NA	NA	127.032448	NA	NA	NA
1356737	-135.625	62.025	NA	NA	145.252309	NA	NA	NA
1356738	-135.575	62.025	NA	NA	145.253438	NA	NA	NA
1356739	-135.525	62.025	NA	NA	145.403823	NA	NA	NA
1356740	-135.475	62.025	NA	NA	129.363941	NA	NA	NA
1356861	-129.425	62.025	NA	NA	162.436001	NA	NA	NA
1356862	-129.375	62.025	NA	NA	162.605156	NA	NA	NA
1356863	-129.325	62.025	NA	NA	163.257982	NA	NA	NA
1356864	-129.275	62.025	NA	NA	163.894229	NA	NA	NA
1356865	-129.225	62.025	NA	NA	164.162315	NA	NA	NA
1356866	-129.175	62.025	NA	NA	164.45568	NA	NA	NA
1356867	-129.125	62.025	NA	NA	165.51976	NA	NA	NA
1356868	-129.075	62.025	NA	NA	165.333032	NA	NA	NA
1357010	-121.975	62.025	124.086786	136.633274	135.086473	10.999687	-1.546801	NA
1357011	-121.925	62.025	124.272839	136.35816	139.764315	15.491475	3.406154	NA
1357012	-121.875	62.025	123.945524	137.113579	139.762029	15.816505	2.64845	NA
1357013	-121.825	62.025	123.865501	137.706409	139.760589	15.895088	2.05418	NA
1363380	-129.475	61.975	NA	NA	161.667633	NA	NA	NA
1363381	-129.425	61.975	NA	NA	160.777564	NA	NA	NA
1363533	-121.825	61.975	123.865501	137.706409	139.760318	15.894816	2.053908	NA
1363534	-121.775	61.975	123.861806	136.930905	139.757168	15.895363	2.826264	NA
1363535	-121.725	61.975	123.957755	137.079041	139.756608	15.798853	2.677567	NA
1363536	-121.675	61.975	123.967532	136.842755	139.75538	15.787848	2.912624	NA
1363537	-121.625	61.975	124.397069	135.672601	139.755952	15.358883	4.083351	NA
1369898	-129.575	61.925	NA	NA	160.855808	NA	NA	NA
1369899	-129.525	61.925	124.727452	134.438505	160.921645	36.194193	26.48314	NA
1369900	-129.475	61.925	125.139742	143.371638	161.376032	36.236289	18.004394	NA
1370057	-121.625	61.925	124.397069	135.672601	137.869359	13.47229	2.196758	NA
1370058	-121.575	61.925	123.980421	136.247219	139.754127	15.773706	3.506908	NA
1370059	-121.525	61.925	123.937559	137.059446	139.755376	15.817817	2.69593	NA
1370060	-121.475	61.925	123.82439	137.582078	139.754256	15.929866	2.172178	NA
1370061	-121.425	61.925	NA	NA	132.347808	NA	NA	NA
1376418	-129.575	61.875	124.280575	125.807468	160.55844	36.277865	34.750972	NA
1376581	-121.425	61.875	123.985829	136.602735	139.752691	15.766862	3.149956	NA
1376582	-121.375	61.875	123.920453	137.834631	139.749569	15.829116	1.914938	NA
1376583	-121.325	61.875	123.833007	137.545512	139.748786	15.915779	2.203275	NA
1376584	-121.275	61.875	124.046288	136.649193	139.758397	15.712109	3.109204	NA
1376585	-121.225	61.875	123.984117	136.580433	131.196136	7.21202	-5.384297	NA
1376586	-121.175	61.875	124.008507	136.793432	127.244838	3.236332	-9.548594	NA
1382937	-129.625	61.825	NA	NA	157.730908	NA	NA	NA
1382938	-129.575	61.825	NA	NA	154.79224	NA	NA	NA
1383104	-121.275	61.825	124.083252	136.363599	149.67297	25.589718	13.309371	NA
1383106	-121.175	61.825	124.008507	136.793432	131.196858	7.188352	-5.596574	NA
1383107	-121.125	61.825	124.417971	136.412025	131.199705	6.781733	-5.212321	NA
1383108	-121.075	61.825	124.46471	136.19717	131.200174	6.735464	-4.996997	NA
1383109	-121.025	61.825	124.056118	136.148384	131.200759	7.14464	-4.947626	NA
1383110	-120.975	61.825	123.960757	136.66093	131.201677	7.24092	-5.459252	NA
1383111	-120.925	61.825	124.110063	136.4324	131.202232	7.092169	-5.230169	NA
1383112	-120.875	61.825	124.510552	135.030168	131.203623	6.693071	-3.826546	NA
1383113	-120.825	61.825	124.744093	135.666909	131.20457	6.460478	-4.462339	NA
1383114	-120.775	61.825	124.385747	136.320758	131.206803	6.821056	-5.113955	NA
1389456	-129.675	61.775	NA	NA	157.472621	NA	NA	NA
1389457	-129.625	61.775	NA	NA	149.163338	NA	NA	NA
1389624	-121.275	61.775	NA	NA	127.602531	NA	NA	NA
1389625	-121.225	61.775	124.55609	133.557688	149.668093	25.112003	16.110405	NA
1389626	-121.175	61.775	124.795231	134.131577	149.652706	24.857475	15.521129	NA
1389634	-120.775	61.775	NA	NA	126.381919	NA	NA	NA
1389635	-120.725	61.775	124.215227	136.929631	131.208848	6.993622	-5.720783	NA
1389636	-120.675	61.775	NA	NA	129.137341	NA	NA	NA
1395976	-129.675	61.725	NA	NA	157.137293	NA	NA	NA
1396144	-121.275	61.725	124.852984	135.29595	149.64811	24.795126	14.35216	NA
1396145	-121.225	61.725	124.35588	134.643918	149.660659	25.304779	15.016741	NA
1396156	-120.675	61.725	124.610372	136.002455	131.228753	6.618381	-4.773702	NA
1402495	-129.725	61.675	NA	NA	156.256985	NA	NA	NA
1402496	-129.675	61.675	NA	NA	145.453823	NA	NA	NA
1402660	-121.475	61.675	124.766593	129.808637	149.624585	24.857992	19.815948	NA
1402661	-121.425	61.675	124.151186	129.889987	149.630009	25.478823	19.740022	NA
1402662	-121.375	61.675	124.289281	129.672568	149.632875	25.343594	19.960307	NA
1402663	-121.325	61.675	124.161958	130.367414	149.641947	25.47999	19.274534	NA
1402664	-121.275	61.675	124.852984	135.29595	138.356609	13.503625	3.060659	NA
1409015	-129.725	61.625	NA	NA	155.396412	NA	NA	NA
1409180	-121.475	61.625	124.955479	134.70702	149.619404	24.663925	14.912384	NA
1409181	-121.425	61.625	NA	NA	136.974758	NA	NA	NA
1415535	-129.725	61.575	125.524016	140.584956	155.30864	29.784625	14.723684	NA
1415701	-121.425	61.575	124.821552	136.063276	149.59797	24.776418	13.534694	NA
1422055	-129.725	61.525	124.976695	135.992026	155.230455	30.25376	19.238429	NA
1422056	-129.675	61.525	124.878086	135.071921	155.025422	30.147336	19.953501	NA
1422220	-121.475	61.525	125.037391	134.005839	149.564116	24.526725	15.558277	NA
1428576	-129.675	61.475	124.939777	133.225236	154.017831	29.078054	20.792595	NA
1435096	-129.675	61.425	NA	NA	155.962866	NA	NA	NA
1435097	-129.625	61.425	124.898493	131.45897	154.239308	29.340815	22.780338	NA
1435254	-121.775	61.425	124.645274	134.955524	149.507175	24.861901	14.551652	NA
1441617	-129.625	61.375	124.927161	135.477833	154.194625	29.267464	18.716792	NA
1441618	-129.575	61.375	124.835377	133.573027	154.190015	29.354638	20.616988	NA
1441768	-122.075	61.375	NA	NA	149.500659	NA	NA	NA
1441769	-122.025	61.375	NA	NA	149.502658	NA	NA	NA
1441770	-121.975	61.375	NA	NA	149.509291	NA	NA	NA
1441771	-121.925	61.375	NA	NA	149.514705	NA	NA	NA
1448138	-129.575	61.325	124.995932	132.27349	154.132563	29.136632	21.859073	NA
1448139	-129.525	61.325	124.720976	130.084454	154.067066	29.34609	23.982613	NA
1448140	-129.475	61.325	124.966534	134.975635	154.075992	29.109458	19.100356	NA
1448281	-122.425	61.325	124.058957	134.421866	149.459182	25.400225	15.037315	NA
1448282	-122.375	61.325	124.714062	135.160839	149.46615	24.752088	14.30531	NA
1448283	-122.325	61.325	124.862627	136.556096	149.479058	24.616431	12.922962	NA
1448284	-122.275	61.325	125.141201	136.314715	149.483389	24.342187	13.168673	NA
1448285	-122.225	61.325	125.074585	135.47456	149.489509	24.414925	14.014949	NA
1448286	-122.175	61.325	124.961485	135.233826	149.494174	24.532689	14.260348	NA
1448287	-122.125	61.325	NA	NA	149.506632	NA	NA	NA
1448288	-122.075	61.325	NA	NA	139.575917	NA	NA	NA
1454660	-129.475	61.275	124.966534	134.975635	154.049687	29.083153	19.074052	NA
1454661	-129.425	61.275	124.779749	132.86931	154.03735	29.257601	21.16804	NA
1454662	-129.375	61.275	124.695161	135.174057	153.993145	29.297984	18.819089	NA
1454663	-129.325	61.275	124.699144	132.937638	155.485958	30.786814	22.54832	NA
1454664	-129.275	61.275	NA	NA	155.456285	NA	NA	NA
1454798	-122.575	61.275	NA	NA	149.424735	NA	NA	NA
1454799	-122.525	61.275	123.924341	134.113036	149.432533	25.508192	15.319497	NA
1454800	-122.475	61.275	124.241648	134.040979	149.438593	25.196944	15.397614	NA
1454801	-122.425	61.275	124.228231	133.774497	149.463288	25.235057	15.688792	NA
1461184	-129.275	61.225	125.112484	132.927564	157.889887	32.777403	24.962323	NA
1461314	-122.775	61.225	124.420103	132.592189	149.395331	24.975227	16.803142	NA
1461315	-122.725	61.225	124.174551	134.20225	149.398948	25.224396	15.196698	NA
1461316	-122.675	61.225	123.793765	134.028144	149.405321	25.611556	15.377177	NA
1461317	-122.625	61.225	124.028219	133.947415	149.418808	25.390589	15.471393	NA
1461318	-122.575	61.225	123.884418	134.507762	138.855082	14.970664	4.34732	NA
1467704	-129.275	61.175	NA	NA	143.783179	NA	NA	NA
1467705	-129.225	61.175	NA	NA	157.832729	NA	NA	NA
1467833	-122.825	61.175	124.314565	132.82691	149.376869	25.062304	16.549959	NA
1467834	-122.775	61.175	124.345132	132.789734	149.389732	25.0446	16.599998	NA
1474225	-129.225	61.125	NA	NA	157.819674	NA	NA	NA
1474346	-123.175	61.125	123.978726	133.374857	149.352682	25.373956	15.977825	NA
1474347	-123.125	61.125	123.850616	129.4032	149.353863	25.503247	19.950664	NA
1474348	-123.075	61.125	124.105626	131.334887	149.356921	25.251295	18.022034	NA
1474351	-122.925	61.125	124.570685	134.242709	138.516759	13.946074	4.27405	NA
1474352	-122.875	61.125	124.649333	130.758291	149.373788	24.724456	18.615497	NA
1474353	-122.825	61.125	123.904309	132.39753	136.717947	12.813638	4.320417	NA
1480745	-129.225	61.075	NA	NA	146.111538	NA	NA	NA
1480746	-129.175	61.075	NA	NA	157.714836	NA	NA	NA
1480863	-123.325	61.075	NA	NA	149.317892	NA	NA	NA
1480864	-123.275	61.075	123.854583	132.809225	149.321184	25.466601	16.511959	NA
1480865	-123.225	61.075	123.432463	129.582782	149.32719	25.894727	19.744408	NA
1480866	-123.175	61.075	123.973798	133.908763	149.332233	25.358435	15.42347	NA
1480867	-123.125	61.075	124.025217	131.394314	149.347692	25.322476	17.953378	NA
1480868	-123.075	61.075	NA	NA	139.841448	NA	NA	NA
1480869	-123.025	61.075	123.820323	131.409581	149.359608	25.539285	17.950027	NA
1480870	-122.975	61.075	123.826916	130.759879	149.364273	25.537357	18.604394	NA
1480871	-122.925	61.075	124.570685	134.242709	149.350729	24.780044	15.10802	NA
1487265	-129.225	61.025	NA	NA	157.305346	NA	NA	NA
1487266	-129.175	61.025	NA	NA	157.43795	NA	NA	NA
1487383	-123.325	61.025	124.368163	132.872864	136.912686	12.544523	4.039821	NA
1487384	-123.275	61.025	125.278128	133.640442	148.627851	23.349723	14.98741	NA
1492007	107.875	61.025	NA	NA	138.118403	NA	NA	NA
1493785	-129.225	60.975	NA	NA	157.295305	NA	NA	NA
1493903	-123.325	60.975	124.133876	133.92337	148.62879	24.494914	14.70542	NA
1493904	-123.275	60.975	124.220138	132.09636	148.633602	24.413464	16.537241	NA
1498527	107.875	60.975	NA	NA	138.101606	NA	NA	NA
1500305	-129.225	60.925	NA	NA	154.347444	NA	NA	NA
1500306	-129.175	60.925	NA	NA	156.733846	NA	NA	NA
1500307	-129.125	60.925	NA	NA	156.656067	NA	NA	NA
1500419	-123.525	60.925	124.391924	135.343928	148.587278	24.195355	13.24335	NA
1500420	-123.475	60.925	123.29696	133.45028	138.096495	14.799536	4.646215	NA
1500423	-123.325	60.925	124.037042	130.163036	148.618393	24.58135	18.455357	NA
1505046	107.825	60.925	NA	NA	138.096774	NA	NA	NA
1505047	107.875	60.925	NA	NA	138.073323	NA	NA	NA
1505048	107.925	60.925	NA	NA	138.062864	NA	NA	NA
1505049	107.975	60.925	NA	NA	138.051723	NA	NA	NA
1506827	-129.125	60.875	NA	NA	156.628024	NA	NA	NA
1506938	-123.575	60.875	124.882859	132.568358	148.550151	23.667292	15.981793	NA
1506939	-123.525	60.875	124.812068	133.520182	148.565069	23.753001	15.044887	NA
1506940	-123.475	60.875	124.51148	133.064776	148.590671	24.079191	15.525895	NA
1506941	-123.425	60.875	124.325257	131.171271	148.593139	24.267882	17.421868	NA
1506942	-123.375	60.875	123.569039	127.495001	148.601768	25.032729	21.106766	NA
1506943	-123.325	60.875	125.152339	132.465034	137.306998	12.154659	4.841965	NA
1511569	107.975	60.875	NA	NA	138.054956	NA	NA	NA
1513347	-129.125	60.825	NA	NA	148.226608	NA	NA	NA
1513348	-129.075	60.825	NA	NA	156.5799	NA	NA	NA
1513458	-123.575	60.825	124.224015	130.96329	148.545429	24.321414	17.582139	NA
1513459	-123.525	60.825	123.931532	131.789479	148.516304	24.584772	16.726824	NA
1513461	-123.425	60.825	124.298498	130.493728	138.376122	14.077625	7.882394	NA
1513462	-123.375	60.825	123.73285	132.931951	148.469134	24.736285	15.537184	NA
1513463	-123.325	60.825	NA	NA	136.980308	NA	NA	NA
1518089	107.975	60.825	NA	NA	138.025848	NA	NA	NA
1519979	-123.525	60.775	123.982546	132.219153	137.008982	13.026436	4.789829	NA
1519980	-123.475	60.775	123.878402	131.790838	148.510159	24.631756	16.719321	NA
1519981	-123.425	60.775	124.298498	130.493728	148.476464	24.177966	17.982736	NA
1519983	-123.325	60.775	124.275492	130.25184	148.461493	24.186	18.209653	NA
1524608	107.925	60.775	NA	NA	137.960542	NA	NA	NA
1524609	107.975	60.775	NA	NA	137.983327	NA	NA	NA
1526499	-123.525	60.725	124.623746	132.515468	148.427373	23.803627	15.911906	NA
1526500	-123.475	60.725	123.700429	132.007748	148.432112	24.731682	16.424363	NA
1526501	-123.425	60.725	123.638066	131.245287	148.43671	24.798644	17.191423	NA
1526502	-123.375	60.725	124.65076	132.071857	148.442673	23.791913	16.370816	NA
1526503	-123.325	60.725	124.939579	133.623096	148.453223	23.513644	14.830127	NA
1531127	107.875	60.725	NA	NA	137.901091	NA	NA	NA
1531128	107.925	60.725	NA	NA	137.942932	NA	NA	NA
1531272	115.125	60.725	123.917625	139.721673	148.92649	25.008865	9.204817	NA
1531273	115.175	60.725	125.414614	140.72785	148.930419	23.515805	8.202569	NA
1531274	115.225	60.725	128.51494	143.317218	148.934407	20.419467	5.617189	NA
1531275	115.275	60.725	126.466164	140.697906	148.924514	22.45835	8.226608	NA
1531276	115.325	60.725	126.343628	141.701607	148.92727	22.583642	7.225663	NA
1531277	115.375	60.725	127.84391	142.115547	148.929572	21.085663	6.814025	NA
1531278	115.425	60.725	126.558849	138.573226	148.930662	22.371813	10.357436	NA
1531279	115.475	60.725	127.693369	144.064398	148.931769	21.238401	4.867371	NA
1531280	115.525	60.725	126.61039	140.329003	148.932102	22.321712	8.603099	NA
1531281	115.575	60.725	129.340745	144.587621	148.937609	19.596864	4.349987	NA
1531282	115.625	60.725	126.256083	134.799313	143.523755	17.267672	8.724442	NA
1531283	115.675	60.725	124.942656	130.446835	148.951534	24.008879	18.5047	NA
1531284	115.725	60.725	127.035376	139.766479	148.954144	21.918768	9.187665	NA
1531285	115.775	60.725	125.657179	135.248752	148.96099	23.303811	13.712238	NA
1533019	-123.525	60.675	124.176908	132.207984	148.421881	24.244973	16.213898	NA
1537645	107.775	60.675	NA	NA	135.797455	NA	NA	NA
1537646	107.825	60.675	NA	NA	137.911648	NA	NA	NA
1537647	107.875	60.675	NA	NA	134.857336	NA	NA	NA
1537805	115.775	60.675	125.657179	135.248752	142.390282	16.733104	7.141531	NA
1537806	115.825	60.675	124.130183	134.932247	148.962562	24.832379	14.030315	NA
1537807	115.875	60.675	124.873736	129.846084	148.972764	24.099029	19.126681	NA
1544165	107.775	60.625	NA	NA	135.661604	NA	NA	NA
1544166	107.825	60.625	NA	NA	135.899931	NA	NA	NA
1544167	107.875	60.625	NA	NA	137.910515	NA	NA	NA
1544305	114.775	60.625	NA	NA	148.894923	NA	NA	NA
1544327	115.875	60.625	NA	NA	140.423908	NA	NA	NA
1544328	115.925	60.625	125.053133	131.492317	148.978938	23.925805	17.486621	NA
1550686	107.825	60.575	NA	NA	137.883509	NA	NA	NA
1550687	107.875	60.575	NA	NA	137.90368	NA	NA	NA
1550848	115.925	60.575	125.146706	131.973712	143.081315	17.934609	11.107603	NA
1550849	115.975	60.575	125.207302	136.414211	148.980503	23.773201	12.566293	NA
1550850	116.025	60.575	124.930641	139.434288	148.986523	24.055882	9.552235	NA
1550851	116.075	60.575	124.823148	137.315173	148.990885	24.167737	11.675712	NA
1550852	116.125	60.575	125.318713	136.324383	149.002785	23.684072	12.678402	NA
1557206	107.825	60.525	NA	NA	137.842665	NA	NA	NA
1557207	107.875	60.525	NA	NA	137.860099	NA	NA	NA
1557372	116.125	60.525	125.205422	133.360331	149.003589	23.798166	15.643257	NA
1557373	116.175	60.525	124.273853	128.7136	149.004916	24.731063	20.291316	NA
1557374	116.225	60.525	122.934163	138.731883	149.00748	26.073318	10.275598	NA
1557375	116.275	60.525	125.614936	138.95058	149.008823	23.393887	10.058243	NA
1557376	116.325	60.525	126.941915	135.410686	148.502739	21.560824	13.092053	NA
1557377	116.375	60.525	128.644024	142.345869	148.51091	19.866886	6.165041	NA
1563725	107.775	60.475	NA	NA	137.823447	NA	NA	NA
1563726	107.825	60.475	NA	NA	137.83371	NA	NA	NA
1563897	116.375	60.475	NA	NA	138.329851	NA	NA	NA
1563898	116.425	60.475	126.391295	138.09894	148.513071	22.121776	10.414132	NA
1563899	116.475	60.475	126.506216	138.247146	148.517715	22.011499	10.270569	NA
1563900	116.525	60.475	125.0513	138.202182	148.52019	23.46889	10.318009	NA
1563901	116.575	60.475	126.422603	136.848664	148.524948	22.102345	11.676284	NA
1563902	116.625	60.475	126.414771	137.993505	148.530914	22.116143	10.537409	NA
1570245	107.775	60.425	NA	NA	137.784585	NA	NA	NA
1570246	107.825	60.425	NA	NA	137.824015	NA	NA	NA
1570422	116.625	60.425	126.414771	137.993505	140.668278	14.253507	2.674772	NA
1570423	116.675	60.425	125.219757	131.977642	148.533029	23.313272	16.555387	NA
1570424	116.725	60.425	124.900031	136.532488	148.464565	23.564534	11.932076	NA
1570425	116.775	60.425	123.993732	125.121102	148.466227	24.472496	23.345126	NA
1570426	116.825	60.425	125.135074	124.757598	148.469274	23.3342	23.711676	NA
1570427	116.875	60.425	126.309548	133.404441	148.477	22.167452	15.072558	NA
1576764	107.725	60.375	NA	NA	136.719007	NA	NA	NA
1576765	107.775	60.375	NA	NA	137.75693	NA	NA	NA
1576947	116.875	60.375	NA	NA	138.263787	NA	NA	NA
1576948	116.925	60.375	125.328444	133.444967	148.488266	23.159822	15.043299	NA
1576949	116.975	60.375	125.793819	137.145359	140.301248	14.507429	3.155889	NA
1583284	107.725	60.325	NA	NA	138.426006	NA	NA	NA
1583285	107.775	60.325	NA	NA	137.762368	NA	NA	NA
1583469	116.975	60.325	125.557581	136.835553	148.489759	22.932177	11.654205	NA
1583470	117.025	60.325	NA	NA	148.496906	NA	NA	NA
1583543	120.675	60.325	125.011236	134.045576	152.032861	27.021625	17.987285	NA
1583544	120.725	60.325	124.927457	130.438213	152.040978	27.11352	21.602764	NA
1583545	120.775	60.325	NA	NA	141.950619	NA	NA	NA
1583546	120.825	60.325	NA	NA	152.026567	NA	NA	NA
1583547	120.875	60.325	NA	NA	152.015545	NA	NA	NA
1583548	120.925	60.325	124.129359	139.965475	150.369307	26.239948	10.403832	NA
1583549	120.975	60.325	NA	NA	150.364706	NA	NA	NA
1583550	121.025	60.325	NA	NA	150.389776	NA	NA	NA
1589805	107.775	60.275	NA	NA	137.469471	NA	NA	NA
1589806	107.825	60.275	NA	NA	137.447842	NA	NA	NA
1589807	107.875	60.275	NA	NA	137.440916	NA	NA	NA
1589808	107.925	60.275	NA	NA	137.428187	NA	NA	NA
1589809	107.975	60.275	NA	NA	135.907525	NA	NA	NA
1589990	117.025	60.275	125.41139	129.099721	148.476849	23.065459	19.377128	NA
1590063	120.675	60.275	124.558984	136.955316	152.030611	27.471627	15.075295	NA
1590064	120.725	60.275	124.286084	137.326456	152.020888	27.734803	14.694432	NA
1590065	120.775	60.275	125.318373	139.378482	152.019897	26.701525	12.641415	NA
1590070	121.025	60.275	NA	NA	141.344475	NA	NA	NA
1590071	121.075	60.275	124.808987	123.008818	150.385977	25.57699	27.377158	NA
1590072	121.125	60.275	125.001252	123.46524	150.367982	25.36673	26.902741	NA
1596328	107.925	60.225	NA	NA	135.016931	NA	NA	NA
1596329	107.975	60.225	NA	NA	137.408735	NA	NA	NA
1596330	108.025	60.225	NA	NA	137.394289	NA	NA	NA
1596331	108.075	60.225	NA	NA	137.388489	NA	NA	NA
1596454	114.225	60.225	125.410581	131.261326	145.298877	19.888296	14.037551	NA
1596510	117.025	60.225	126.218623	135.933519	148.479132	22.260509	12.545613	NA
1596511	117.075	60.225	125.534061	135.326818	148.486327	22.952266	13.159509	NA
1596584	120.725	60.225	NA	NA	140.365367	NA	NA	NA
1596592	121.125	60.225	125.12723	125.433841	150.366046	25.238816	24.932205	NA
1596593	121.175	60.225	124.498859	124.511428	150.352559	25.853701	25.841132	NA
1602851	108.075	60.175	NA	NA	137.380613	NA	NA	NA
1602852	108.125	60.175	NA	NA	136.659811	NA	NA	NA
1603031	117.075	60.175	125.747647	134.307029	148.492813	22.745166	14.185785	NA
1603113	121.175	60.175	124.597823	124.550419	150.349564	25.751742	25.799146	NA
1609370	108.025	60.125	NA	NA	137.335237	NA	NA	NA
1609371	108.075	60.125	NA	NA	137.368622	NA	NA	NA
1609551	117.075	60.125	124.752877	138.906909	148.493622	23.740745	9.586712	NA
1609552	117.125	60.125	125.665764	135.706847	148.499256	22.833491	12.792409	NA
1609632	121.125	60.125	NA	NA	143.015598	NA	NA	NA
1609633	121.175	60.125	NA	NA	150.380967	NA	NA	NA
1615890	108.025	60.075	NA	NA	137.325624	NA	NA	NA
1615891	108.075	60.075	NA	NA	137.321507	NA	NA	NA
1616072	117.125	60.075	126.726884	136.379346	148.502445	21.775561	12.123099	NA
1616073	117.175	60.075	125.333437	132.855452	148.50468	23.171243	15.649228	NA
1616074	117.225	60.075	124.577196	128.953094	148.507342	23.930146	19.554249	NA
1616075	117.275	60.075	126.193469	135.930769	148.520363	22.326894	12.589594	NA
1616076	117.325	60.075	125.204237	139.045549	137.697525	12.493288	-1.348023	NA
1616152	121.125	60.075	NA	NA	150.36496	NA	NA	NA
1622411	108.075	60.025	NA	NA	137.304856	NA	NA	NA
1622412	108.125	60.025	NA	NA	137.254819	NA	NA	NA
1622596	117.325	60.025	125.200443	137.430173	148.745816	23.545373	11.315644	NA
1622597	117.375	60.025	125.100297	132.934553	148.753431	23.653134	15.818878	NA
1622672	121.125	60.025	NA	NA	150.33413	NA	NA	NA
1628932	108.125	59.975	NA	NA	137.249572	NA	NA	NA
1629117	117.375	59.975	124.437202	135.586058	148.754186	24.316984	13.168128	NA
1629118	117.425	59.975	124.676301	133.368489	148.75484	24.078539	15.386351	NA
1629119	117.475	59.975	124.634308	123.618708	148.760953	24.126645	25.142245	NA
1629192	121.125	59.975	NA	NA	150.327846	NA	NA	NA
1629193	121.175	59.975	NA	NA	150.322718	NA	NA	NA
1629194	121.225	59.975	NA	NA	150.318079	NA	NA	NA
1629195	121.275	59.975	NA	NA	150.314446	NA	NA	NA
1635451	108.075	59.925	NA	NA	137.182987	NA	NA	NA
1635452	108.125	59.925	NA	NA	137.271147	NA	NA	NA
1635639	117.475	59.925	NA	NA	139.398653	NA	NA	NA
1635640	117.525	59.925	125.224168	137.544601	148.762905	23.538737	11.218304	NA
1635641	117.575	59.925	125.881865	141.591332	148.76538	22.883516	7.174049	NA
1635642	117.625	59.925	124.125207	138.092545	148.770377	24.64517	10.677832	NA
1635715	121.275	59.925	123.781104	137.338343	150.385079	26.603975	13.046736	NA
1635716	121.325	59.925	125.020599	132.944989	150.380279	25.359681	17.43529	NA
1641971	108.075	59.875	NA	NA	133.981478	NA	NA	NA
1641972	108.125	59.875	NA	NA	137.170385	NA	NA	NA
1641973	108.175	59.875	NA	NA	137.141401	NA	NA	NA
1642162	117.625	59.875	124.125207	138.092545	143.110319	18.985113	5.017774	NA
1642163	117.675	59.875	123.461827	137.140074	148.767665	25.305839	11.627591	NA
1642164	117.725	59.875	124.039816	132.333598	148.768148	24.728332	16.434549	NA
1642165	117.775	59.875	NA	NA	148.778389	NA	NA	NA
1642236	121.325	59.875	125.327257	131.56629	150.379036	25.051779	18.812746	NA
1642237	121.375	59.875	125.100676	128.435282	150.369305	25.268629	21.934023	NA
1648492	108.125	59.825	NA	NA	137.130021	NA	NA	NA
1648493	108.175	59.825	NA	NA	137.309242	NA	NA	NA
1648685	117.775	59.825	124.816652	130.80475	140.769655	15.953003	9.964905	NA
1648686	117.825	59.825	124.659656	130.854239	148.788086	24.12843	17.933847	NA
1648687	117.875	59.825	124.638885	134.621209	148.791066	24.152181	14.169857	NA
1648688	117.925	59.825	124.886731	136.739649	148.79951	23.912779	12.059861	NA
1648689	117.975	59.825	124.500513	137.698727	139.63041	15.129897	1.931683	NA
1648699	118.475	59.825	124.87121	136.192663	136.384562	11.513353	0.191899	NA
1648757	121.375	59.825	124.819238	132.802102	142.764076	17.944838	9.961974	NA
1648758	121.425	59.825	NA	NA	150.372801	NA	NA	NA
1648759	121.475	59.825	125.180926	132.670626	150.331384	25.150459	17.660759	NA
1655010	108.025	59.775	NA	NA	133.979465	NA	NA	NA
1655011	108.075	59.775	NA	NA	137.079903	NA	NA	NA
1655012	108.125	59.775	NA	NA	135.475523	NA	NA	NA
1655209	117.975	59.775	124.665651	137.010693	148.798505	24.132854	11.787812	NA
1655210	118.025	59.775	124.288099	135.827584	148.805601	24.517502	12.978017	NA
1655219	118.475	59.775	125.289045	136.575149	148.845995	23.556949	12.270846	NA
1661528	107.925	59.725	NA	NA	136.964784	NA	NA	NA
1661529	107.975	59.725	NA	NA	136.973268	NA	NA	NA
1661530	108.025	59.725	NA	NA	136.99339	NA	NA	NA
1661730	118.025	59.725	NA	NA	138.128649	NA	NA	NA
1661731	118.075	59.725	124.576601	133.905275	148.807825	24.231224	14.90255	NA
1661732	118.125	59.725	124.852298	135.036858	148.811743	23.959445	13.774885	NA
1661737	118.375	59.725	126.228605	139.986269	148.832034	22.603429	8.845765	NA
1661738	118.425	59.725	127.131412	140.210582	148.83368	21.702269	8.623098	NA
1661739	118.475	59.725	125.468235	134.425232	148.838309	23.370074	14.413077	NA
1663397	-124.625	59.675	NA	NA	150.668614	NA	NA	NA
1668047	107.875	59.675	NA	NA	136.960753	NA	NA	NA
1668048	107.925	59.675	NA	NA	136.984317	NA	NA	NA
1668252	118.125	59.675	124.836802	134.868271	148.814293	23.977491	13.946022	NA
1668253	118.175	59.675	125.224769	133.469205	148.816567	23.591798	15.347362	NA
1668254	118.225	59.675	125.024502	135.319613	148.818787	23.794286	13.499174	NA
1668255	118.275	59.675	126.965584	141.264126	148.822449	21.856865	7.558323	NA
1668256	118.325	59.675	126.517415	140.152706	148.824163	22.306748	8.671457	NA
1668257	118.375	59.675	126.228605	139.986269	148.828211	22.599606	8.841942	NA
1669916	-124.675	59.625	NA	NA	150.668568	NA	NA	NA
1676436	-124.675	59.575	NA	NA	150.688778	NA	NA	NA
1682921	-126.425	59.525	NA	NA	150.792049	NA	NA	NA
1682922	-126.375	59.525	NA	NA	150.788959	NA	NA	NA
1682923	-126.325	59.525	NA	NA	134.103965	NA	NA	NA
1682954	-124.775	59.525	NA	NA	150.683235	NA	NA	NA
1682955	-124.725	59.525	NA	NA	150.686092	NA	NA	NA
1689453	-125.825	59.475	NA	NA	150.659098	NA	NA	NA
1689454	-125.775	59.475	NA	NA	143.006857	NA	NA	NA
1689473	-124.825	59.475	NA	NA	150.686206	NA	NA	NA
1689474	-124.775	59.475	NA	NA	140.089705	NA	NA	NA
1695974	-125.775	59.425	122.940988	129.750163	150.653939	27.712951	20.903776	NA
1695993	-124.825	59.425	NA	NA	150.685971	NA	NA	NA
1702497	-125.625	59.375	NA	NA	150.633477	NA	NA	NA
1702498	-125.575	59.375	NA	NA	131.749735	NA	NA	NA
1702509	-125.025	59.375	NA	NA	150.514846	NA	NA	NA
1702510	-124.975	59.375	NA	NA	150.505829	NA	NA	NA
1702511	-124.925	59.375	NA	NA	150.495921	NA	NA	NA
1702512	-124.875	59.375	NA	NA	150.504379	NA	NA	NA
1702513	-124.825	59.375	NA	NA	153.093864	NA	NA	NA
1709020	-125.475	59.325	NA	NA	150.605175	NA	NA	NA
1709021	-125.425	59.325	NA	NA	137.43152	NA	NA	NA
1709026	-125.175	59.325	NA	NA	150.573692	NA	NA	NA
1709027	-125.125	59.325	NA	NA	150.569712	NA	NA	NA
1709028	-125.075	59.325	NA	NA	150.569629	NA	NA	NA
1709029	-125.025	59.325	NA	NA	150.570399	NA	NA	NA
1709030	-124.975	59.325	NA	NA	138.089137	NA	NA	NA
1709031	-124.925	59.325	NA	NA	138.538373	NA	NA	NA
1715542	-125.375	59.275	NA	NA	150.594396	NA	NA	NA
1715543	-125.325	59.275	NA	NA	150.588192	NA	NA	NA
1715544	-125.275	59.275	NA	NA	150.587741	NA	NA	NA
1715545	-125.225	59.275	NA	NA	150.589229	NA	NA	NA
1720555	125.275	59.275	NA	NA	137.062724	NA	NA	NA
1720556	125.325	59.275	NA	NA	147.269152	NA	NA	NA
1720557	125.375	59.275	NA	NA	147.283587	NA	NA	NA
1720558	125.425	59.275	NA	NA	147.290818	NA	NA	NA
1720559	125.475	59.275	NA	NA	147.293154	NA	NA	NA
1720560	125.525	59.275	NA	NA	147.302686	NA	NA	NA
1727075	125.275	59.225	NA	NA	147.281151	NA	NA	NA
1727076	125.325	59.225	NA	NA	147.263633	NA	NA	NA
1727080	125.525	59.225	NA	NA	137.554181	NA	NA	NA
1727081	125.575	59.225	NA	NA	147.29671	NA	NA	NA
1733596	125.325	59.175	124.522233	134.234539	147.262318	22.740085	13.027779	NA
1740116	125.325	59.125	124.894098	132.447032	147.258246	22.364148	14.811214	NA
1746636	125.325	59.075	123.825738	138.084097	147.255057	23.429319	9.17096	NA
1753153	125.175	59.025	123.87739	138.904034	147.447811	23.570421	8.543777	NA
1753154	125.225	59.025	NA	NA	147.456553	NA	NA	NA
1753155	125.275	59.025	NA	NA	147.45479	NA	NA	NA
1753156	125.325	59.025	NA	NA	147.236843	NA	NA	NA
1759421	112.575	58.975	124.564758	124.571592	142.20945	17.644692	17.637858	NA
1759422	112.625	58.975	124.632504	125.578988	151.840829	27.208325	26.261841	NA
1759423	112.675	58.975	NA	NA	151.838958	NA	NA	NA
1759424	112.725	58.975	124.799825	124.170389	151.837918	27.038094	27.66753	NA
1759425	112.775	58.975	124.903196	128.372954	151.839971	26.936775	23.467018	NA
1759426	112.825	58.975	NA	NA	151.837362	NA	NA	NA
1759427	112.875	58.975	NA	NA	151.840738	NA	NA	NA
1759672	125.125	58.975	NA	NA	147.438357	NA	NA	NA
1759673	125.175	58.975	NA	NA	147.496003	NA	NA	NA
1765947	112.875	58.925	124.620938	128.196819	151.841213	27.220274	23.644394	NA
1765948	112.925	58.925	NA	NA	151.839362	NA	NA	NA
1766189	124.975	58.925	NA	NA	137.714423	NA	NA	NA
1766190	125.025	58.925	NA	NA	147.506971	NA	NA	NA
1766191	125.075	58.925	NA	NA	147.508748	NA	NA	NA
1766192	125.125	58.925	NA	NA	147.515284	NA	NA	NA
1766193	125.175	58.925	124.66035	133.256407	147.492124	22.831774	14.235717	NA
1766478	139.425	58.925	NA	NA	158.712338	NA	NA	NA
1772467	112.875	58.875	124.221277	130.945272	147.263028	23.041751	16.317756	NA
1772468	112.925	58.875	NA	NA	151.820975	NA	NA	NA
1772641	121.575	58.875	NA	NA	150.415087	NA	NA	NA
1772642	121.625	58.875	NA	NA	140.661253	NA	NA	NA
1773012	140.125	58.875	NA	NA	162.97736	NA	NA	NA
1778987	112.875	58.825	124.693518	125.269485	151.818413	27.124895	26.548928	NA
1778988	112.925	58.825	124.321976	127.164437	148.211476	23.889501	21.047039	NA
1779160	121.525	58.825	NA	NA	150.397863	NA	NA	NA
1779161	121.575	58.825	NA	NA	150.412671	NA	NA	NA
1785508	112.925	58.775	124.346457	127.223297	151.811415	27.464958	24.588118	NA
1785509	112.975	58.775	125.180255	136.679944	146.880014	21.699759	10.20007	NA
1785679	121.475	58.775	NA	NA	150.404319	NA	NA	NA
1785680	121.525	58.775	NA	NA	141.644035	NA	NA	NA
1792029	112.975	58.725	124.978195	136.633442	151.805124	26.82693	15.171683	NA
1792199	121.475	58.725	NA	NA	150.393703	NA	NA	NA
1798548	112.925	58.675	124.779823	126.763213	151.788324	27.008501	25.02511	NA
1798549	112.975	58.675	NA	NA	148.597294	NA	NA	NA
1798719	121.475	58.675	NA	NA	150.395744	NA	NA	NA
1805068	112.925	58.625	124.895135	126.672546	151.781257	26.886122	25.108711	NA
1805239	121.475	58.625	NA	NA	150.42154	NA	NA	NA
1805240	121.525	58.625	NA	NA	143.333381	NA	NA	NA
1811588	112.925	58.575	124.914598	128.620003	151.776816	26.862218	23.156813	NA
1811760	121.525	58.575	124.718343	137.121311	150.310071	25.591728	13.18876	NA
1811761	121.575	58.575	125.544727	135.770718	150.297603	24.752876	14.526885	NA
1818107	112.875	58.525	125.19988	132.072852	151.770115	26.570235	19.697263	NA
1818108	112.925	58.525	NA	NA	151.772269	NA	NA	NA
1818281	121.575	58.525	125.628409	135.518677	150.300251	24.671841	14.781574	NA
1818282	121.625	58.525	124.802686	136.262128	150.28959	25.486904	14.027462	NA
1818543	134.675	58.525	NA	NA	153.114753	NA	NA	NA
1818544	134.725	58.525	NA	NA	153.100292	NA	NA	NA
1818596	137.325	58.525	NA	NA	153.758139	NA	NA	NA
1818597	137.375	58.525	NA	NA	153.706558	NA	NA	NA
1824626	112.825	58.475	NA	NA	151.761327	NA	NA	NA
1824627	112.875	58.475	125.2819	131.707464	151.765689	26.483789	20.058225	NA
1824802	121.625	58.475	NA	NA	150.289417	NA	NA	NA
1825064	134.725	58.475	NA	NA	153.101105	NA	NA	NA
1825115	137.275	58.475	NA	NA	153.794529	NA	NA	NA
1825116	137.325	58.475	NA	NA	153.761747	NA	NA	NA
1831146	112.825	58.425	125.150608	131.087175	151.761815	26.611207	20.67464	NA
1831322	121.625	58.425	NA	NA	150.281635	NA	NA	NA
1831634	137.225	58.425	NA	NA	153.792774	NA	NA	NA
1831635	137.275	58.425	NA	NA	153.776169	NA	NA	NA
1831636	137.325	58.425	NA	NA	145.570391	NA	NA	NA
1837666	112.825	58.375	124.959825	124.187796	151.761923	26.802099	27.574128	NA
1837841	121.575	58.375	NA	NA	150.28111	NA	NA	NA
1837842	121.625	58.375	NA	NA	145.089267	NA	NA	NA
1838153	137.175	58.375	NA	NA	153.784809	NA	NA	NA
1838154	137.225	58.375	NA	NA	153.773191	NA	NA	NA
1838155	137.275	58.375	NA	NA	153.773304	NA	NA	NA
1844186	112.825	58.325	NA	NA	149.23057	NA	NA	NA
1844187	112.875	58.325	124.679367	131.807948	151.760014	27.080647	19.952066	NA
1844188	112.925	58.325	124.381361	135.305688	151.749209	27.367847	16.443521	NA
1844361	121.575	58.325	NA	NA	150.266306	NA	NA	NA
1844409	123.975	58.325	NA	NA	147.923816	NA	NA	NA
1844410	124.025	58.325	NA	NA	147.958938	NA	NA	NA
1844411	124.075	58.325	NA	NA	147.98046	NA	NA	NA
1844412	124.125	58.325	NA	NA	147.994388	NA	NA	NA
1844672	137.125	58.325	NA	NA	153.722494	NA	NA	NA
1844673	137.175	58.325	NA	NA	153.708646	NA	NA	NA
1850708	112.925	58.275	124.381361	135.305688	151.544121	27.162759	16.238433	NA
1850709	112.975	58.275	NA	NA	151.789782	NA	NA	NA
1850710	113.025	58.275	NA	NA	151.787882	NA	NA	NA
1850881	121.575	58.275	NA	NA	150.257587	NA	NA	NA
1850928	123.925	58.275	NA	NA	147.644758	NA	NA	NA
1850929	123.975	58.275	NA	NA	147.65504	NA	NA	NA
1850930	124.025	58.275	NA	NA	147.919875	NA	NA	NA
1851190	137.025	58.275	NA	NA	147.478496	NA	NA	NA
1851191	137.075	58.275	NA	NA	148.624722	NA	NA	NA
1851192	137.125	58.275	NA	NA	153.725227	NA	NA	NA
1857230	113.025	58.225	NA	NA	144.642257	NA	NA	NA
1857231	113.075	58.225	NA	NA	151.788825	NA	NA	NA
1857232	113.125	58.225	124.900387	123.644046	151.785087	26.8847	28.141041	NA
1857233	113.175	58.225	124.719714	122.591094	151.787199	27.067485	29.196105	NA
1857234	113.225	58.225	124.990382	128.513866	151.787443	26.797061	23.273577	NA
1857235	113.275	58.225	NA	NA	151.78898	NA	NA	NA
1857236	113.325	58.225	124.776699	127.025552	151.7886	27.011901	24.763048	NA
1857401	121.575	58.225	NA	NA	150.251046	NA	NA	NA
1857402	121.625	58.225	NA	NA	147.237008	NA	NA	NA
1857448	123.925	58.225	NA	NA	138.94867	NA	NA	NA
1857449	123.975	58.225	NA	NA	147.78105	NA	NA	NA
1857672	135.125	58.225	NA	NA	153.219087	NA	NA	NA
1857708	136.925	58.225	NA	NA	153.69472	NA	NA	NA
1857709	136.975	58.225	NA	NA	153.695322	NA	NA	NA
1857710	137.025	58.225	NA	NA	153.707163	NA	NA	NA
1863756	113.325	58.175	NA	NA	143.579494	NA	NA	NA
1863757	113.375	58.175	125.2234	130.556993	151.790785	26.567385	21.233792	NA
1863922	121.625	58.175	NA	NA	150.225413	NA	NA	NA
1863965	123.775	58.175	NA	NA	140.568042	NA	NA	NA
1863966	123.825	58.175	NA	NA	147.555956	NA	NA	NA
1863967	123.875	58.175	NA	NA	147.560027	NA	NA	NA
1863968	123.925	58.175	NA	NA	147.557309	NA	NA	NA
1863969	123.975	58.175	NA	NA	147.755546	NA	NA	NA
1864194	135.225	58.175	NA	NA	153.200619	NA	NA	NA
1864195	135.275	58.175	NA	NA	153.195359	NA	NA	NA
1864221	136.575	58.175	NA	NA	143.250926	NA	NA	NA
1864222	136.625	58.175	NA	NA	153.686008	NA	NA	NA
1864223	136.675	58.175	NA	NA	153.700425	NA	NA	NA
1864224	136.725	58.175	NA	NA	153.695802	NA	NA	NA
1864225	136.775	58.175	NA	NA	153.681533	NA	NA	NA
1864226	136.825	58.175	NA	NA	153.714328	NA	NA	NA
1864227	136.875	58.175	NA	NA	153.710021	NA	NA	NA
1864228	136.925	58.175	NA	NA	153.709312	NA	NA	NA
1870275	113.275	58.125	125.544664	135.487804	143.119118	17.574454	7.631315	NA
1870276	113.325	58.125	125.333141	133.350617	151.865592	26.532451	18.514975	NA
1870277	113.375	58.125	NA	NA	147.011077	NA	NA	NA
1870442	121.625	58.125	NA	NA	150.210058	NA	NA	NA
1870443	121.675	58.125	NA	NA	150.19771	NA	NA	NA
1870484	123.725	58.125	NA	NA	147.548136	NA	NA	NA
1870485	123.775	58.125	NA	NA	147.568578	NA	NA	NA
1870740	136.525	58.125	NA	NA	153.510949	NA	NA	NA
1870741	136.575	58.125	NA	NA	153.693224	NA	NA	NA
1870744	136.725	58.125	NA	NA	145.576748	NA	NA	NA
1870745	136.775	58.125	NA	NA	153.692029	NA	NA	NA
1876795	113.275	58.075	125.462884	132.816489	151.862218	26.399334	19.045729	NA
1876963	121.675	58.075	NA	NA	150.195719	NA	NA	NA
1877004	123.725	58.075	NA	NA	147.535858	NA	NA	NA
1883315	113.275	58.025	NA	NA	141.247121	NA	NA	NA
1883316	113.325	58.025	NA	NA	151.861528	NA	NA	NA
1883317	113.375	58.025	125.159195	129.343673	151.8565	26.697305	22.512827	NA
1883318	113.425	58.025	NA	NA	141.749718	NA	NA	NA
1883483	121.675	58.025	NA	NA	142.963947	NA	NA	NA
1883484	121.725	58.025	125.348869	135.304477	150.055665	24.706796	14.751187	NA
1883524	123.725	58.025	NA	NA	147.601573	NA	NA	NA
1883778	136.425	58.025	NA	NA	153.431372	NA	NA	NA
1889838	113.425	57.975	125.321763	134.763168	151.869389	26.547626	17.106222	NA
1889839	113.475	57.975	125.275925	133.783603	151.865237	26.589313	18.081635	NA
1890003	121.675	57.975	NA	NA	150.044165	NA	NA	NA
1890044	123.725	57.975	NA	NA	147.592401	NA	NA	NA
1890297	136.375	57.975	NA	NA	153.456577	NA	NA	NA
1896359	113.475	57.925	NA	NA	145.523442	NA	NA	NA
1896360	113.525	57.925	NA	NA	151.869155	NA	NA	NA
1896361	113.575	57.925	NA	NA	151.851247	NA	NA	NA
1896362	113.625	57.925	125.232684	131.628197	151.848856	26.616172	20.220658	NA
1896363	113.675	57.925	NA	NA	141.599659	NA	NA	NA
1896523	121.675	57.925	NA	NA	150.032274	NA	NA	NA
1896524	121.725	57.925	NA	NA	150.025377	NA	NA	NA
1896564	123.725	57.925	NA	NA	147.591648	NA	NA	NA
1896565	123.775	57.925	NA	NA	147.590819	NA	NA	NA
1896816	136.325	57.925	NA	NA	153.456043	NA	NA	NA
1896817	136.375	57.925	NA	NA	153.447744	NA	NA	NA
1902883	113.675	57.875	125.09017	129.780793	151.850744	26.760574	22.069951	NA
1903044	121.725	57.875	NA	NA	150.023508	NA	NA	NA
1903085	123.775	57.875	NA	NA	147.788559	NA	NA	NA
1903336	136.325	57.875	NA	NA	153.39824	NA	NA	NA
1903337	136.375	57.875	NA	NA	143.117507	NA	NA	NA
1909403	113.675	57.825	125.181857	134.772824	151.858039	26.676182	17.085215	NA
1909404	113.725	57.825	NA	NA	151.85249	NA	NA	NA
1909405	113.775	57.825	NA	NA	151.851785	NA	NA	NA
1909406	113.825	57.825	124.965908	133.485002	151.858551	26.892642	18.373549	NA
1909407	113.875	57.825	NA	NA	151.864503	NA	NA	NA
1909408	113.925	57.825	NA	NA	138.430964	NA	NA	NA
1909409	113.975	57.825	124.842376	133.486883	151.861809	27.019432	18.374926	NA
1909410	114.025	57.825	NA	NA	151.871463	NA	NA	NA
1909411	114.075	57.825	NA	NA	151.95951	NA	NA	NA
1909563	121.675	57.825	NA	NA	150.013309	NA	NA	NA
1909564	121.725	57.825	NA	NA	150.004459	NA	NA	NA
1909605	123.775	57.825	NA	NA	147.750773	NA	NA	NA
1909606	123.825	57.825	NA	NA	147.738528	NA	NA	NA
1909854	136.225	57.825	NA	NA	144.528742	NA	NA	NA
1909855	136.275	57.825	NA	NA	154.162995	NA	NA	NA
1909856	136.325	57.825	NA	NA	154.145295	NA	NA	NA
1915927	113.875	57.775	NA	NA	140.905985	NA	NA	NA
1915928	113.925	57.775	125.208413	130.494928	151.866245	26.657832	21.371317	NA
1916084	121.725	57.775	NA	NA	149.990649	NA	NA	NA
1916126	123.825	57.775	NA	NA	147.741105	NA	NA	NA
1916127	123.875	57.775	NA	NA	147.717225	NA	NA	NA
1916374	136.225	57.775	NA	NA	154.199016	NA	NA	NA
1922603	121.675	57.725	NA	NA	150.067663	NA	NA	NA
1922604	121.725	57.725	NA	NA	149.980535	NA	NA	NA
1922645	123.775	57.725	NA	NA	147.734018	NA	NA	NA
1922646	123.825	57.725	NA	NA	147.745918	NA	NA	NA
1922893	136.175	57.725	NA	NA	154.213321	NA	NA	NA
1922894	136.225	57.725	NA	NA	143.726949	NA	NA	NA
1929160	123.525	57.675	NA	NA	149.247446	NA	NA	NA
1929161	123.575	57.675	NA	NA	149.238569	NA	NA	NA
1929162	123.625	57.675	NA	NA	149.206477	NA	NA	NA
1929163	123.675	57.675	NA	NA	149.190566	NA	NA	NA
1929164	123.725	57.675	NA	NA	149.174842	NA	NA	NA
1929165	123.775	57.675	NA	NA	147.749574	NA	NA	NA
1929399	135.475	57.675	NA	NA	153.322666	NA	NA	NA
1929413	136.175	57.675	NA	NA	154.138754	NA	NA	NA
1935679	123.475	57.625	NA	NA	149.402029	NA	NA	NA
1935680	123.525	57.625	NA	NA	149.3531	NA	NA	NA
1935919	135.475	57.625	NA	NA	151.749805	NA	NA	NA
1935920	135.525	57.625	NA	NA	153.952774	NA	NA	NA
1935921	135.575	57.625	NA	NA	153.94111	NA	NA	NA
1935922	135.625	57.625	NA	NA	153.937826	NA	NA	NA
1935923	135.675	57.625	NA	NA	153.933373	NA	NA	NA
1935931	136.075	57.625	NA	NA	154.134095	NA	NA	NA
1935932	136.125	57.625	NA	NA	154.125662	NA	NA	NA
1935933	136.175	57.625	NA	NA	154.123509	NA	NA	NA
1942199	123.475	57.575	NA	NA	149.465397	NA	NA	NA
1942200	123.525	57.575	NA	NA	149.453046	NA	NA	NA
1942448	135.925	57.575	NA	NA	153.90647	NA	NA	NA
1942449	135.975	57.575	NA	NA	144.293429	NA	NA	NA
1942450	136.025	57.575	NA	NA	153.913774	NA	NA	NA
1942451	136.075	57.575	NA	NA	154.13408	NA	NA	NA
1948720	123.525	57.525	NA	NA	149.539635	NA	NA	NA
1948721	123.575	57.525	NA	NA	149.542323	NA	NA	NA
1948722	123.625	57.525	NA	NA	149.551464	NA	NA	NA
1948968	135.925	57.525	NA	NA	153.956222	NA	NA	NA
1948969	135.975	57.525	NA	NA	153.897198	NA	NA	NA
1948970	136.025	57.525	NA	NA	145.013828	NA	NA	NA
1948971	136.075	57.525	NA	NA	148.23489	NA	NA	NA
1955241	123.575	57.475	NA	NA	149.722381	NA	NA	NA
1955242	123.625	57.475	NA	NA	149.586022	NA	NA	NA
1961761	123.575	57.425	NA	NA	149.751855	NA	NA	NA
1968280	123.525	57.375	NA	NA	149.928549	NA	NA	NA
1968281	123.575	57.375	NA	NA	149.872141	NA	NA	NA
1974800	123.525	57.325	NA	NA	150.047998	NA	NA	NA
1981319	123.475	57.275	NA	NA	150.10977	NA	NA	NA
1981320	123.525	57.275	NA	NA	150.025058	NA	NA	NA
1987839	123.475	57.225	NA	NA	150.189181	NA	NA	NA
1987840	123.525	57.225	NA	NA	150.181548	NA	NA	NA
1994356	123.325	57.175	NA	NA	150.415965	NA	NA	NA
1994357	123.375	57.175	NA	NA	150.402411	NA	NA	NA
1994358	123.425	57.175	NA	NA	150.399397	NA	NA	NA
1994359	123.475	57.175	NA	NA	150.35202	NA	NA	NA
2000875	123.275	57.125	NA	NA	146.564992	NA	NA	NA
2000876	123.325	57.125	NA	NA	150.565255	NA	NA	NA
2007394	123.225	57.075	NA	NA	150.937543	NA	NA	NA
2007395	123.275	57.075	NA	NA	150.921926	NA	NA	NA
2013913	123.175	57.025	NA	NA	151.128047	NA	NA	NA
2013914	123.225	57.025	NA	NA	151.118641	NA	NA	NA
2143967	105.875	56.025	NA	NA	142.757264	NA	NA	NA
2150486	105.825	55.975	NA	NA	141.997131	NA	NA	NA
2150487	105.875	55.975	NA	NA	141.851579	NA	NA	NA
2157005	105.775	55.925	NA	NA	142.654551	NA	NA	NA
2157006	105.825	55.925	NA	NA	141.972789	NA	NA	NA
2163525	105.775	55.875	NA	NA	141.946445	NA	NA	NA
2170045	105.775	55.825	NA	NA	141.812739	NA	NA	NA
2176565	105.775	55.775	124.296655	127.552842	141.747949	17.451295	14.195108	NA
2183083	105.675	55.725	NA	NA	141.646664	NA	NA	NA
2183084	105.725	55.725	NA	NA	141.689335	NA	NA	NA
2183085	105.775	55.725	NA	NA	140.777975	NA	NA	NA
2189602	105.625	55.675	NA	NA	141.600214	NA	NA	NA
2189603	105.675	55.675	NA	NA	141.626023	NA	NA	NA
2326744	116.725	54.625	NA	NA	143.745	NA	NA	NA
2326745	116.775	54.625	NA	NA	143.75826	NA	NA	NA
2333263	116.675	54.575	NA	NA	143.71885	NA	NA	NA
2333264	116.725	54.575	NA	NA	143.725162	NA	NA	NA
2333265	116.775	54.575	NA	NA	143.744861	NA	NA	NA
2339773	116.175	54.525	NA	NA	144.396284	NA	NA	NA
2339775	116.275	54.525	NA	NA	144.390779	NA	NA	NA
2339776	116.325	54.525	NA	NA	138.782934	NA	NA	NA
2339777	116.375	54.525	NA	NA	144.409253	NA	NA	NA
2339778	116.425	54.525	NA	NA	139.728156	NA	NA	NA
2339780	116.525	54.525	NA	NA	143.696055	NA	NA	NA
2339781	116.575	54.525	NA	NA	143.699912	NA	NA	NA
2339782	116.625	54.525	NA	NA	143.697	NA	NA	NA
2339783	116.675	54.525	NA	NA	143.699359	NA	NA	NA
2339784	116.725	54.525	NA	NA	143.717911	NA	NA	NA
2346286	115.825	54.475	NA	NA	144.423708	NA	NA	NA
2346287	115.875	54.475	NA	NA	144.424723	NA	NA	NA
2346288	115.925	54.475	NA	NA	144.426477	NA	NA	NA
2346289	115.975	54.475	NA	NA	144.430888	NA	NA	NA
2346290	116.025	54.475	NA	NA	144.365948	NA	NA	NA
2346291	116.075	54.475	NA	NA	144.365304	NA	NA	NA
2346292	116.125	54.475	NA	NA	144.376528	NA	NA	NA
2346293	116.175	54.475	NA	NA	138.627074	NA	NA	NA
2346294	116.225	54.475	NA	NA	144.407979	NA	NA	NA
2346295	116.275	54.475	NA	NA	138.028873	NA	NA	NA
2346296	116.325	54.475	NA	NA	144.396286	NA	NA	NA
2346298	116.425	54.475	NA	NA	144.40271	NA	NA	NA
2346299	116.475	54.475	NA	NA	144.41741	NA	NA	NA
2346300	116.525	54.475	NA	NA	143.685466	NA	NA	NA
2352801	115.575	54.425	NA	NA	138.631275	NA	NA	NA
2352802	115.625	54.425	NA	NA	144.407322	NA	NA	NA
2352803	115.675	54.425	NA	NA	144.416337	NA	NA	NA
2352804	115.725	54.425	NA	NA	144.411882	NA	NA	NA
2352805	115.775	54.425	NA	NA	144.412703	NA	NA	NA
2352806	115.825	54.425	NA	NA	144.419189	NA	NA	NA
2359319	115.475	54.375	NA	NA	144.401333	NA	NA	NA
2359320	115.525	54.375	NA	NA	144.406697	NA	NA	NA
2359321	115.575	54.375	NA	NA	144.400535	NA	NA	NA
2365839	115.475	54.325	NA	NA	144.371697	NA	NA	NA
2365840	115.525	54.325	NA	NA	144.407479	NA	NA	NA
2372356	115.325	54.275	NA	NA	144.369333	NA	NA	NA
2372357	115.375	54.275	NA	NA	144.356918	NA	NA	NA
2372358	115.425	54.275	NA	NA	144.37047	NA	NA	NA
2372359	115.475	54.275	NA	NA	139.418219	NA	NA	NA
2378873	115.175	54.225	NA	NA	138.646018	NA	NA	NA
2378874	115.225	54.225	NA	NA	144.33776	NA	NA	NA
2378875	115.275	54.225	NA	NA	144.333582	NA	NA	NA
2378876	115.325	54.225	NA	NA	144.349346	NA	NA	NA
2385393	115.175	54.175	NA	NA	144.335924	NA	NA	NA
2385394	115.225	54.175	NA	NA	144.349292	NA	NA	NA
2391911	115.075	54.125	NA	NA	139.206741	NA	NA	NA
2391912	115.125	54.125	NA	NA	144.344666	NA	NA	NA
2391913	115.175	54.125	NA	NA	144.355161	NA	NA	NA
2398430	115.025	54.075	NA	NA	144.337857	NA	NA	NA
2398431	115.075	54.075	NA	NA	144.347727	NA	NA	NA
2404949	114.975	54.025	NA	NA	144.411939	NA	NA	NA
2404950	115.025	54.025	NA	NA	144.31948	NA	NA	NA
2411465	114.775	53.975	NA	NA	144.404665	NA	NA	NA
2411466	114.825	53.975	NA	NA	144.442742	NA	NA	NA
2411467	114.875	53.975	NA	NA	144.405786	NA	NA	NA
2411468	114.925	53.975	NA	NA	144.418116	NA	NA	NA
2411469	114.975	53.975	NA	NA	144.42793	NA	NA	NA
2417981	114.575	53.925	NA	NA	144.385999	NA	NA	NA
2417982	114.625	53.925	NA	NA	144.383887	NA	NA	NA
2417983	114.675	53.925	NA	NA	144.396827	NA	NA	NA
2417984	114.725	53.925	NA	NA	144.402576	NA	NA	NA
2417985	114.775	53.925	NA	NA	144.447094	NA	NA	NA
2417986	114.825	53.925	NA	NA	138.374775	NA	NA	NA
2424500	114.525	53.875	NA	NA	144.405008	NA	NA	NA
2424501	114.575	53.875	NA	NA	144.382145	NA	NA	NA
2431017	114.375	53.825	NA	NA	144.390691	NA	NA	NA
2431018	114.425	53.825	NA	NA	144.384955	NA	NA	NA
2431019	114.475	53.825	NA	NA	144.394999	NA	NA	NA
2431020	114.525	53.825	NA	NA	144.411682	NA	NA	NA
2437532	114.125	53.775	NA	NA	144.304813	NA	NA	NA
2437533	114.175	53.775	NA	NA	144.321304	NA	NA	NA
2437534	114.225	53.775	NA	NA	144.345866	NA	NA	NA
2437535	114.275	53.775	NA	NA	144.377283	NA	NA	NA
2437536	114.325	53.775	NA	NA	144.37365	NA	NA	NA
2437537	114.375	53.775	NA	NA	144.38747	NA	NA	NA
2444048	113.925	53.725	NA	NA	139.619182	NA	NA	NA
2444049	113.975	53.725	NA	NA	144.319197	NA	NA	NA
2444050	114.025	53.725	NA	NA	144.3277	NA	NA	NA
2444051	114.075	53.725	NA	NA	144.336773	NA	NA	NA
2444052	114.125	53.725	NA	NA	144.314983	NA	NA	NA
2444053	114.175	53.725	NA	NA	144.341583	NA	NA	NA
2444054	114.225	53.725	NA	NA	139.173821	NA	NA	NA
2444055	114.275	53.725	NA	NA	144.359447	NA	NA	NA
2450567	113.875	53.675	NA	NA	139.323985	NA	NA	NA
2450568	113.925	53.675	NA	NA	138.704198	NA	NA	NA
2450569	113.975	53.675	NA	NA	144.30344	NA	NA	NA
2457085	113.775	53.625	NA	NA	140.65844	NA	NA	NA
2457086	113.825	53.625	NA	NA	144.641674	NA	NA	NA
2457087	113.875	53.625	NA	NA	144.646227	NA	NA	NA
2457088	113.925	53.625	NA	NA	144.647276	NA	NA	NA
2457089	113.975	53.625	NA	NA	144.28671	NA	NA	NA
2463604	113.725	53.575	NA	NA	144.649679	NA	NA	NA
2463605	113.775	53.575	NA	NA	144.640685	NA	NA	NA
2470119	113.475	53.525	NA	NA	140.916327	NA	NA	NA
2470120	113.525	53.525	NA	NA	146.370228	NA	NA	NA
2470121	113.575	53.525	NA	NA	144.640698	NA	NA	NA
2470122	113.625	53.525	NA	NA	144.651329	NA	NA	NA
2470123	113.675	53.525	NA	NA	144.658489	NA	NA	NA
2476633	113.175	53.475	NA	NA	140.755411	NA	NA	NA
2476634	113.225	53.475	NA	NA	146.30588	NA	NA	NA
2476636	113.325	53.475	NA	NA	140.262978	NA	NA	NA
2476637	113.375	53.475	NA	NA	146.33603	NA	NA	NA
2476638	113.425	53.475	NA	NA	146.334525	NA	NA	NA
2476639	113.475	53.475	NA	NA	146.359955	NA	NA	NA
2483151	113.075	53.425	NA	NA	146.318556	NA	NA	NA
2483152	113.125	53.425	NA	NA	146.322794	NA	NA	NA
2483153	113.175	53.425	NA	NA	146.346282	NA	NA	NA
2483154	113.225	53.425	NA	NA	139.82824	NA	NA	NA
2489668	112.925	53.375	NA	NA	139.991325	NA	NA	NA
2489669	112.975	53.375	NA	NA	146.334185	NA	NA	NA
2489670	113.025	53.375	NA	NA	146.335167	NA	NA	NA
2489671	113.075	53.375	NA	NA	146.351325	NA	NA	NA
2496187	112.875	53.325	NA	NA	146.327323	NA	NA	NA
2496188	112.925	53.325	NA	NA	146.301699	NA	NA	NA
2496189	112.975	53.325	NA	NA	146.317119	NA	NA	NA
2502707	112.875	53.275	NA	NA	139.593594	NA	NA	NA
2646037	107.375	52.175	NA	NA	117.285714	NA	NA	NA
2646038	107.425	52.175	NA	NA	142.052177	NA	NA	NA
2652541	106.575	52.125	NA	NA	142.223871	NA	NA	NA
2652542	106.625	52.125	129.238807	124.295163	142.195081	12.956274	17.899918	NA
2652549	106.975	52.125	NA	NA	142.108663	NA	NA	NA
2652550	107.025	52.125	129.239087	124.382181	142.099357	12.86027	17.717176	NA
2652551	107.075	52.125	NA	NA	142.095073	NA	NA	NA
2652552	107.125	52.125	NA	NA	142.085386	NA	NA	NA
2652553	107.175	52.125	NA	NA	142.078801	NA	NA	NA
2652554	107.225	52.125	NA	NA	142.071799	NA	NA	NA
2652555	107.275	52.125	NA	NA	142.064966	NA	NA	NA
2652556	107.325	52.125	NA	NA	142.062917	NA	NA	NA
2652557	107.375	52.125	NA	NA	142.057609	NA	NA	NA
2652558	107.425	52.125	NA	NA	111.125	NA	NA	NA
2652559	107.475	52.125	127.758458	124.068813	142.041088	14.28263	17.972276	NA
2659062	106.625	52.075	129.391977	124.526203	142.182396	12.790419	17.656194	NA
2659063	106.675	52.075	NA	NA	142.153314	NA	NA	NA
2659067	106.875	52.075	129.187061	124.417052	142.131702	12.944641	17.714649	NA
2659068	106.925	52.075	NA	NA	142.113492	NA	NA	NA
2659069	106.975	52.075	NA	NA	121.441577	NA	NA	NA
2659070	107.025	52.075	NA	NA	126.616014	NA	NA	NA
2659079	107.475	52.075	125.268177	123.631727	142.114789	16.846612	18.483062	NA
2659080	107.525	52.075	124.897752	123.644854	117.285714	-7.612037	-6.35914	NA
2665583	106.675	52.025	NA	NA	123.123452	NA	NA	NA
2665584	106.725	52.025	NA	NA	122.459486	NA	NA	NA
2665585	106.775	52.025	NA	NA	142.152956	NA	NA	NA
2665586	106.825	52.025	NA	NA	142.134963	NA	NA	NA
2665587	106.875	52.025	129.187061	124.417052	122.151138	-7.035923	-2.265914	NA
2665599	107.475	52.025	123.952955	123.679277	142.096309	18.143354	18.417032	NA
2665600	107.525	52.025	NA	NA	142.106077	NA	NA	NA
2730606	97.825	51.525	NA	NA	152.128783	NA	NA	NA
2730607	97.875	51.525	NA	NA	152.089193	NA	NA	NA
2730608	97.925	51.525	NA	NA	152.096074	NA	NA	NA
2730609	97.975	51.525	NA	NA	152.042354	NA	NA	NA
2730610	98.025	51.525	NA	NA	152.055004	NA	NA	NA
2730611	98.075	51.525	NA	NA	152.062708	NA	NA	NA
2737123	97.675	51.475	NA	NA	158.165242	NA	NA	NA
2737124	97.725	51.475	NA	NA	152.114828	NA	NA	NA
2737125	97.775	51.475	NA	NA	152.109169	NA	NA	NA
2737126	97.825	51.475	NA	NA	139.757636	NA	NA	NA
2737127	97.875	51.475	NA	NA	140.874963	NA	NA	NA
2737129	97.975	51.475	NA	NA	134.790507	NA	NA	NA
2737130	98.025	51.475	NA	NA	150.158297	NA	NA	NA
2737131	98.075	51.475	NA	NA	150.846761	NA	NA	NA
2737132	98.125	51.475	NA	NA	150.860078	NA	NA	NA
2737133	98.175	51.475	NA	NA	150.873979	NA	NA	NA
2737134	98.225	51.475	NA	NA	150.8828	NA	NA	NA
2743640	97.525	51.425	NA	NA	139.825084	NA	NA	NA
2743641	97.575	51.425	NA	NA	152.108827	NA	NA	NA
2743642	97.625	51.425	NA	NA	152.110963	NA	NA	NA
2743643	97.675	51.425	NA	NA	152.166181	NA	NA	NA
2750123	95.675	51.375	NA	NA	148.192154	NA	NA	NA
2750124	95.725	51.375	NA	NA	148.882914	NA	NA	NA
2750130	96.025	51.375	NA	NA	149.051299	NA	NA	NA
2750138	96.425	51.375	NA	NA	127.799412	NA	NA	NA
2750139	96.475	51.375	NA	NA	128.99557	NA	NA	NA
2750142	96.625	51.375	NA	NA	149.721543	NA	NA	NA
2750152	97.125	51.375	NA	NA	151.141927	NA	NA	NA
2750153	97.175	51.375	NA	NA	151.836563	NA	NA	NA
2750155	97.275	51.375	NA	NA	151.945837	NA	NA	NA
2750156	97.325	51.375	NA	NA	151.9653	NA	NA	NA
2750157	97.375	51.375	NA	NA	151.979398	NA	NA	NA
2750158	97.425	51.375	NA	NA	151.931915	NA	NA	NA
2750159	97.475	51.375	NA	NA	152.006463	NA	NA	NA
2750160	97.525	51.375	NA	NA	152.03042	NA	NA	NA
2750161	97.575	51.375	NA	NA	152.061087	NA	NA	NA
2756644	95.725	51.325	NA	NA	148.881549	NA	NA	NA
2756646	95.825	51.325	NA	NA	126.759137	NA	NA	NA
2756647	95.875	51.325	NA	NA	148.873109	NA	NA	NA
2756648	95.925	51.325	NA	NA	148.863388	NA	NA	NA
2756649	95.975	51.325	NA	NA	149.049838	NA	NA	NA
2756650	96.025	51.325	NA	NA	149.04769	NA	NA	NA
2756658	96.425	51.325	NA	NA	149.563818	NA	NA	NA
2756659	96.475	51.325	NA	NA	149.622236	NA	NA	NA
2756660	96.525	51.325	NA	NA	149.620029	NA	NA	NA
2756661	96.575	51.325	NA	NA	149.711324	NA	NA	NA
2756662	96.625	51.325	NA	NA	126.112954	NA	NA	NA
2756671	97.075	51.325	NA	NA	151.825636	NA	NA	NA
2756672	97.125	51.325	NA	NA	151.82675	NA	NA	NA
2756673	97.175	51.325	NA	NA	151.838404	NA	NA	NA
2756674	97.225	51.325	NA	NA	151.889382	NA	NA	NA
2756675	97.275	51.325	NA	NA	151.908981	NA	NA	NA
2763164	95.725	51.275	NA	NA	125.144979	NA	NA	NA
2763165	95.775	51.275	NA	NA	148.846942	NA	NA	NA
2763166	95.825	51.275	NA	NA	148.836656	NA	NA	NA
2808615	86.275	50.925	NA	NA	145.430162	NA	NA	NA
2808616	86.325	50.925	NA	NA	145.426649	NA	NA	NA
2815136	86.325	50.875	NA	NA	145.433305	NA	NA	NA
2815137	86.375	50.875	NA	NA	145.433424	NA	NA	NA
2821658	86.425	50.825	NA	NA	145.428534	NA	NA	NA
2841219	86.475	50.675	NA	NA	145.953215	NA	NA	NA
2841220	86.525	50.675	NA	NA	145.950343	NA	NA	NA
2847740	86.525	50.625	NA	NA	145.953085	NA	NA	NA
2854260	86.525	50.575	NA	NA	145.984638	NA	NA	NA
2860781	86.575	50.525	NA	NA	145.995933	NA	NA	NA
2893362	85.625	50.275	NA	NA	142.182018	NA	NA	NA
2893363	85.675	50.275	NA	NA	142.167901	NA	NA	NA
2893364	85.725	50.275	NA	NA	142.048002	NA	NA	NA
2899881	85.575	50.225	NA	NA	146.588728	NA	NA	NA
2899884	85.725	50.225	NA	NA	142.050603	NA	NA	NA
2899885	85.775	50.225	NA	NA	141.909857	NA	NA	NA
2899886	85.825	50.225	NA	NA	141.789581	NA	NA	NA
2899887	85.875	50.225	NA	NA	141.924445	NA	NA	NA
2899888	85.925	50.225	NA	NA	135.673424	NA	NA	NA
2906408	85.925	50.175	NA	NA	141.801385	NA	NA	NA
2906409	85.975	50.175	NA	NA	141.884616	NA	NA	NA
2906410	86.025	50.175	NA	NA	141.842827	NA	NA	NA
2912930	86.025	50.125	NA	NA	141.87996	NA	NA	NA
2912931	86.075	50.125	NA	NA	141.841779	NA	NA	NA
2925958	85.425	50.025	NA	NA	147.941968	NA	NA	NA
2932478	85.425	49.975	NA	NA	148.142136	NA	NA	NA
2938998	85.425	49.925	NA	NA	148.377243	NA	NA	NA
2938999	85.475	49.925	NA	NA	148.403357	NA	NA	NA
2945519	85.475	49.875	NA	NA	148.279283	NA	NA	NA
