ID	lon	lat	DOC	POC	discharge	QlagDOC	QlagPOC	FID
846144	88.725	65.975	NA	NA	154.878364	NA	NA	NA
846145	88.775	65.975	123.675194	123.112241	154.866871	31.191676	31.754629	NA
846146	88.825	65.975	124.004958	123.127238	154.862951	30.857993	31.735713	NA
846147	88.875	65.975	NA	NA	154.858417	NA	NA	NA
846148	88.925	65.975	NA	NA	154.852529	NA	NA	NA
846149	88.975	65.975	127.964216	122.845802	154.8489	26.884684	32.003098	NA
852659	88.475	65.925	129.068735	122.97529	154.914026	25.845291	31.938736	NA
852660	88.525	65.925	130.660789	123.156726	154.898251	24.237462	31.741525	NA
852661	88.575	65.925	NA	NA	154.897332	NA	NA	NA
852662	88.625	65.925	NA	NA	154.893916	NA	NA	NA
852663	88.675	65.925	NA	NA	154.886679	NA	NA	NA
852669	88.975	65.925	127.964216	122.845802	150.345795	22.381579	27.499994	NA
859166	87.825	65.875	137.144776	124.670604	145.930476	8.7857	21.259872	NA
859178	88.425	65.875	126.266676	122.993454	154.932246	28.66557	31.938793	NA
859179	88.475	65.875	NA	NA	154.917424	NA	NA	NA
865686	87.825	65.825	136.022948	123.924413	145.923329	9.900382	21.998916	NA
865691	88.075	65.825	133.68437	123.347205	154.989525	21.305155	31.64232	NA
865692	88.125	65.825	128.812154	122.971659	154.973529	26.161374	32.00187	NA
865693	88.175	65.825	127.116421	122.943913	154.962587	27.846167	32.018675	NA
865694	88.225	65.825	124.819863	122.872068	154.956477	30.136614	32.084409	NA
865695	88.275	65.825	130.08874	123.184409	154.949247	24.860506	31.764837	NA
865696	88.325	65.825	127.173088	123.062547	154.945375	27.772288	31.882828	NA
865697	88.375	65.825	131.74398	124.165651	154.941265	23.197286	30.775614	NA
865698	88.425	65.825	124.168379	122.986848	154.934572	30.766193	31.947724	NA
872207	87.875	65.775	139.657095	127.215241	145.698407	6.041312	18.483165	NA
872208	87.925	65.775	139.657915	127.411002	145.684492	6.026577	18.273489	NA
872209	87.975	65.775	135.21383	123.958478	145.678462	10.464632	21.719983	NA
872210	88.025	65.775	135.316076	124.063813	155.003513	19.687437	30.9397	NA
872211	88.075	65.775	133.68437	123.347205	147.451764	13.767393	24.104558	NA
872236	89.325	65.775	NA	NA	153.073944	NA	NA	NA
872237	89.375	65.775	NA	NA	154.200357	NA	NA	NA
872238	89.425	65.775	NA	NA	154.185492	NA	NA	NA
872239	89.475	65.775	NA	NA	154.180494	NA	NA	NA
872240	89.525	65.775	NA	NA	154.174135	NA	NA	NA
878730	88.025	65.725	135.875582	124.092718	141.278836	5.403254	17.186118	NA
878760	89.525	65.725	NA	NA	152.583579	NA	NA	NA
878761	89.575	65.725	NA	NA	152.672472	NA	NA	NA
885250	88.025	65.675	136.173988	123.899971	141.217175	5.043186	17.317204	NA
891770	88.025	65.625	136.21122	124.118631	145.619217	9.407998	21.500586	NA
898290	88.025	65.575	137.004903	124.193596	141.185772	4.180869	16.992176	NA
904809	87.975	65.525	137.79401	124.278944	144.182727	6.388718	19.903783	NA
904810	88.025	65.525	137.740489	124.281755	141.170959	3.430471	16.889204	NA
911329	87.975	65.475	136.647863	124.157738	141.142082	4.494219	16.984344	NA
917849	87.975	65.425	136.797022	124.48179	141.102162	4.305139	16.620371	NA
924369	87.975	65.375	133.660424	123.425435	141.055325	7.394901	17.62989	NA
930888	87.925	65.325	135.336468	123.833821	145.185713	9.849245	21.351892	NA
930889	87.975	65.325	135.245724	123.849422	141.031029	5.785305	17.181606	NA
937408	87.925	65.275	137.167066	124.093981	141.003814	3.836748	16.909833	NA
943927	87.875	65.225	137.486566	124.199398	140.947618	3.461052	16.748221	NA
943928	87.925	65.225	137.233209	124.574616	140.976168	3.742958	16.401552	NA
950447	87.875	65.175	136.883633	124.266726	140.934386	4.050753	16.66766	NA
956515	65.275	65.125	125.313309	123.021434	145.20127	19.887961	22.179836	NA
956967	87.875	65.125	135.133156	124.288865	140.654333	5.521177	16.365468	NA
963034	65.225	65.075	125.737323	123.043167	145.169157	19.431834	22.12599	NA
963487	87.875	65.075	136.281757	123.88436	140.612699	4.330942	16.728339	NA
969548	64.925	65.025	124.876131	123.130361	148.019123	23.142991	24.888762	NA
969549	64.975	65.025	124.580557	122.764736	147.910161	23.329604	25.145425	NA
969550	65.025	65.025	124.64232	123.026231	146.319254	21.676934	23.293023	NA
969554	65.225	65.025	NA	NA	148.691534	NA	NA	NA
969555	65.275	65.025	125.515764	122.830495	145.162718	19.646954	22.332223	NA
969556	65.325	65.025	124.90695	122.380493	145.1364	20.22945	22.755906	NA
969561	65.575	65.025	NA	NA	144.958746	NA	NA	NA
969562	65.625	65.025	NA	NA	144.95321	NA	NA	NA
970006	87.825	65.025	136.670005	123.822921	144.200392	7.530387	20.377471	NA
970007	87.875	65.025	NA	NA	140.594508	NA	NA	NA
976069	64.975	64.975	124.882072	123.14256	153.0303	28.148228	29.88774	NA
976076	65.325	64.975	NA	NA	150.457954	NA	NA	NA
976077	65.375	64.975	125.037504	123.280425	145.013541	19.976038	21.733117	NA
976078	65.425	64.975	124.689495	122.567225	144.998575	20.30908	22.43135	NA
976079	65.475	64.975	124.727941	122.423445	147.742366	23.014425	25.318921	NA
976080	65.525	64.975	NA	NA	150.591808	NA	NA	NA
976081	65.575	64.975	NA	NA	150.524504	NA	NA	NA
976082	65.625	64.975	NA	NA	150.609787	NA	NA	NA
976083	65.675	64.975	125.04725	122.568143	144.947614	19.900364	22.379472	NA
976526	87.825	64.975	137.329783	123.842786	140.560152	3.230369	16.717365	NA
982589	64.975	64.925	124.726697	123.066372	146.998515	22.271818	23.932143	NA
982590	65.025	64.925	124.86652	123.182041	153.103762	28.237242	29.921721	NA
982601	65.575	64.925	126.969011	123.426958	144.812209	17.843199	21.385251	NA
982602	65.625	64.925	125.515392	123.046244	144.821225	19.305833	21.774981	NA
982603	65.675	64.925	125.426886	123.22021	144.84159	19.414704	21.621379	NA
983046	87.825	64.925	135.753135	123.767024	140.510438	4.757303	16.743415	NA
989110	65.025	64.875	124.999639	123.219513	149.445723	24.446083	26.22621	NA
989111	65.075	64.875	NA	NA	152.923249	NA	NA	NA
989112	65.125	64.875	NA	NA	152.953072	NA	NA	NA
989113	65.175	64.875	NA	NA	152.966094	NA	NA	NA
989114	65.225	64.875	124.602635	122.970067	153.016479	28.413844	30.046412	NA
989115	65.275	64.875	124.757763	123.094952	152.967664	28.209901	29.872712	NA
989120	65.525	64.875	126.803782	123.456655	144.791553	17.987771	21.334898	NA
989121	65.575	64.875	126.935887	123.331991	144.801557	17.86567	21.469566	NA
989566	87.825	64.875	135.943452	123.871801	140.490115	4.546663	16.618314	NA
995634	65.225	64.825	125.453906	123.915969	150.818286	25.36438	26.902316	NA
995635	65.275	64.825	NA	NA	147.27376	NA	NA	NA
995640	65.525	64.825	125.8727	122.87804	144.788134	18.915434	21.910094	NA
995641	65.575	64.825	125.607701	122.787532	144.771563	19.163861	21.984031	NA
996085	87.775	64.825	136.603694	124.076349	143.781613	7.17792	19.705264	NA
996086	87.825	64.825	136.499024	123.921511	140.463533	3.964509	16.542022	NA
1002154	65.225	64.775	125.297997	122.937231	150.417015	25.119018	27.479784	NA
1002160	65.525	64.775	125.484027	122.997651	144.7583	19.274274	21.76065	NA
1002161	65.575	64.775	125.522189	123.019107	144.768247	19.246058	21.74914	NA
1002604	87.725	64.775	137.565143	124.18239	144.28668	6.721537	20.10429	NA
1002605	87.775	64.775	136.978974	124.126502	140.432879	3.453905	16.306378	NA
1008674	65.225	64.725	125.107819	123.169315	150.201328	25.093509	27.032013	NA
1008680	65.525	64.725	124.804796	122.771525	144.751273	19.946477	21.979748	NA
1009122	87.625	64.725	NA	NA	144.076527	NA	NA	NA
1009123	87.675	64.725	136.834503	124.201755	140.381716	3.547212	16.179961	NA
1009124	87.725	64.725	137.38017	124.126829	140.410929	3.03076	16.284101	NA
1015194	65.225	64.675	125.294501	123.424764	149.830147	24.535646	26.405383	NA
1015195	65.275	64.675	NA	NA	149.41827	NA	NA	NA
1015200	65.525	64.675	124.736818	122.862982	144.736455	19.999637	21.873474	NA
1015201	65.575	64.675	125.131158	123.277401	144.718659	19.587501	21.441258	NA
1015202	65.625	64.675	125.655254	123.576054	144.712908	19.057654	21.136854	NA
1015203	65.675	64.675	126.17368	123.712333	144.70981	18.53613	20.997477	NA
1015641	87.575	64.675	135.562597	123.95488	140.357407	4.79481	16.402527	NA
1015642	87.625	64.675	136.921823	124.144157	140.361667	3.439845	16.21751	NA
1021714	65.225	64.625	124.982348	123.375415	149.598577	24.616229	26.223162	NA
1021715	65.275	64.625	124.599721	123.353947	146.394391	21.794669	23.040444	NA
1021723	65.675	64.625	126.17368	123.712333	148.249102	22.075422	24.53677	NA
1021724	65.725	64.625	125.153361	123.080196	144.691968	19.538607	21.611772	NA
1021725	65.775	64.625	125.805296	123.373515	144.683095	18.8778	21.30958	NA
1022160	87.525	64.625	135.601033	123.888668	145.240793	9.63976	21.352126	NA
1022161	87.575	64.625	135.775417	123.810218	140.3423	4.566884	16.532082	NA
1028235	65.275	64.575	124.496293	122.967681	147.679592	23.183299	24.711911	NA
1028236	65.325	64.575	124.401564	122.924601	147.995931	23.594367	25.07133	NA
1028237	65.375	64.575	124.570569	123.029706	149.553689	24.983119	26.523983	NA
1028243	65.675	64.575	125.954137	123.378131	144.646464	18.692328	21.268334	NA
1028244	65.725	64.575	126.210643	123.418915	144.656513	18.44587	21.237598	NA
1028245	65.775	64.575	NA	NA	144.6733	NA	NA	NA
1028680	87.525	64.575	135.473788	123.634674	147.473992	12.000204	23.839318	NA
1034757	65.375	64.525	NA	NA	148.254799	NA	NA	NA
1034758	65.425	64.525	124.528418	122.670522	150.010072	25.481654	27.33955	NA
1034763	65.675	64.525	125.075185	122.889709	144.630374	19.555189	21.740664	NA
1034764	65.725	64.525	125.406225	123.017959	144.611286	19.205061	21.593327	NA
1034765	65.775	64.525	125.080635	122.918964	144.603032	19.522397	21.684068	NA
1035199	87.475	64.525	135.682813	124.244447	146.344208	10.661395	22.099761	NA
1035200	87.525	64.525	136.324358	124.159115	144.881465	8.557107	20.72235	NA
1041277	65.375	64.475	124.815739	122.8024	150.011739	25.196001	27.209339	NA
1041278	65.425	64.475	124.722255	122.730588	149.546978	24.824724	26.81639	NA
1041285	65.775	64.475	125.08145	122.922925	147.430522	22.349072	24.507597	NA
1041286	65.825	64.475	125.160349	123.205957	144.594859	19.43451	21.388902	NA
1041287	65.875	64.475	NA	NA	144.574896	NA	NA	NA
1041719	87.475	64.475	133.726516	124.79536	144.714239	10.987724	19.91888	NA
1041720	87.525	64.475	134.023486	124.70733	140.27221	6.248724	15.564879	NA
1047797	65.375	64.425	124.568924	122.939227	149.738857	25.169933	26.79963	NA
1047807	65.875	64.425	125.109501	123.024386	144.571743	19.462243	21.547357	NA
1048240	87.525	64.425	136.148011	123.68297	140.252401	4.10439	16.569431	NA
1054317	65.375	64.375	124.419705	122.714162	148.716915	24.29721	26.002753	NA
1054318	65.425	64.375	124.730677	122.746375	149.594511	24.863834	26.848135	NA
1054327	65.875	64.375	124.967221	122.672585	144.553227	19.586006	21.880643	NA
1054328	65.925	64.375	124.897215	123.525646	149.422668	24.525453	25.897022	NA
1054760	87.525	64.375	135.273411	123.743102	142.017834	6.744422	18.274732	NA
1054761	87.575	64.375	134.590773	123.915129	140.234145	5.643372	16.319017	NA
1060838	65.425	64.325	125.03922	122.880265	148.851095	23.811875	25.97083	NA
1060839	65.475	64.325	125.092481	122.993235	149.32611	24.23363	26.332875	NA
1060848	65.925	64.325	124.92036	123.15708	147.044723	22.124363	23.887642	NA
1060849	65.975	64.325	124.651383	123.041102	149.393909	24.742526	26.352807	NA
1061281	87.575	64.325	137.625163	123.806528	140.198981	2.573818	16.392453	NA
1067359	65.475	64.275	125.276709	123.068778	146.024805	20.748096	22.956026	NA
1067360	65.525	64.275	124.800144	123.070527	144.273942	19.473798	21.203415	NA
1067367	65.875	64.275	NA	NA	149.229313	NA	NA	NA
1067368	65.925	64.275	124.755538	123.054458	149.310897	24.555359	26.256439	NA
1067369	65.975	64.275	124.670821	122.884776	145.062875	20.392054	22.178099	NA
1067801	87.575	64.275	138.184585	124.071036	140.178895	1.99431	16.107859	NA
1073878	65.425	64.225	NA	NA	144.239868	NA	NA	NA
1073879	65.475	64.225	125.245051	122.887613	144.264815	19.019764	21.377202	NA
1073887	65.875	64.225	NA	NA	149.196938	NA	NA	NA
1073888	65.925	64.225	125.492429	123.505318	149.115374	23.622945	25.610056	NA
1073889	65.975	64.225	124.91206	122.914299	149.083824	24.171764	26.169525	NA
1073890	66.025	64.225	124.746273	122.882942	149.0538	24.307527	26.170858	NA
1074320	87.525	64.225	135.304282	124.040894	142.374004	7.069722	18.33311	NA
1074321	87.575	64.225	135.317615	124.039502	140.137251	4.819636	16.09775	NA
1080398	65.425	64.175	124.914908	122.894473	147.939736	23.024828	25.045263	NA
1080410	66.025	64.175	NA	NA	149.045525	NA	NA	NA
1080411	66.075	64.175	124.88	122.833408	148.961637	24.081638	26.128229	NA
1080840	87.525	64.175	137.228426	123.822145	140.100145	2.871719	16.278	NA
1086917	65.375	64.125	124.628997	122.91127	143.85489	19.225893	20.94362	NA
1086918	65.425	64.125	124.779002	123.004201	147.873254	23.094252	24.869053	NA
1086930	66.025	64.125	NA	NA	148.868599	NA	NA	NA
1086931	66.075	64.125	124.994251	122.844348	148.939831	23.94558	26.095483	NA
1087360	87.525	64.125	136.482649	123.854153	140.093134	3.610485	16.23898	NA
1093436	65.325	64.075	124.923647	123.032469	145.255561	20.331914	22.223092	NA
1093437	65.375	64.075	124.726182	123.141579	147.819125	23.092944	24.677546	NA
1093449	65.975	64.075	NA	NA	148.801423	NA	NA	NA
1093450	66.025	64.075	NA	NA	148.84055	NA	NA	NA
1093880	87.525	64.075	136.03288	123.581729	139.90828	3.875399	16.32655	NA
1099955	65.275	64.025	124.874017	122.935082	147.704691	22.830674	24.76961	NA
1099956	65.325	64.025	124.926696	123.04861	147.762474	22.835778	24.713864	NA
1099968	65.925	64.025	124.7806	122.855886	148.787581	24.006981	25.931696	NA
1099969	65.975	64.025	NA	NA	146.527362	NA	NA	NA
1100400	87.525	64.025	135.316238	123.508797	141.794203	6.477965	18.285406	NA
1100401	87.575	64.025	133.869588	123.886882	139.865577	5.995989	15.978695	NA
1106472	65.125	63.975	125.258469	123.424457	147.590283	22.331814	24.165826	NA
1106473	65.175	63.975	124.855888	122.884582	147.614374	22.758486	24.729792	NA
1106474	65.225	63.975	125.087223	123.075143	147.639679	22.552456	24.564537	NA
1106475	65.275	63.975	125.226822	123.446784	147.687471	22.46065	24.240687	NA
1106488	65.925	63.975	124.7806	122.855886	148.697369	23.916768	25.841483	NA
1106921	87.575	63.975	135.830974	123.927377	139.846599	4.015625	15.919222	NA
1112991	65.075	63.925	125.261489	123.729116	147.564418	22.302929	23.835302	NA
1112992	65.125	63.925	125.138692	123.685998	145.442333	20.303641	21.756335	NA
1113007	65.875	63.925	124.889503	122.9988	148.552208	23.662705	25.553408	NA
1113008	65.925	63.925	NA	NA	148.62294	NA	NA	NA
1113440	87.525	63.925	137.465672	124.242235	139.79446	2.328788	15.552225	NA
1113441	87.575	63.925	137.699538	124.152817	139.82983	2.130293	15.677013	NA
1119509	64.975	63.875	125.04511	123.934466	145.254874	20.209765	21.320409	NA
1119510	65.025	63.875	125.140112	123.902014	147.551415	22.411303	23.649402	NA
1119511	65.075	63.875	125.291686	123.795888	147.586264	22.294577	23.790375	NA
1119528	65.925	63.875	124.976655	123.281769	148.425476	23.448821	25.143707	NA
1119529	65.975	63.875	124.989257	123.281036	148.400596	23.411339	25.11956	NA
1119959	87.475	63.875	134.781216	124.294412	138.833475	4.052259	14.539063	NA
1119960	87.525	63.875	137.190972	123.978793	139.768171	2.577199	15.789378	NA
1126027	64.875	63.825	125.22958	123.205995	147.478125	22.248545	24.27213	NA
1126028	64.925	63.825	125.201404	123.51864	147.498021	22.296617	23.979381	NA
1126029	64.975	63.825	NA	NA	147.539337	NA	NA	NA
1126048	65.925	63.825	124.681407	122.989672	145.507958	20.826551	22.518286	NA
1126049	65.975	63.825	NA	NA	148.381448	NA	NA	NA
1126478	87.425	63.825	135.419334	124.108076	140.459865	5.040531	16.35179	NA
1126479	87.475	63.825	136.621608	123.847743	139.745502	3.123894	15.897758	NA
1132546	64.825	63.775	125.236785	123.139267	147.417501	22.180716	24.278235	NA
1132547	64.875	63.775	125.246183	123.433672	147.466202	22.220019	24.03253	NA
1132565	65.775	63.775	124.381573	122.860296	146.346941	21.965368	23.486645	NA
1132566	65.825	63.775	125.20781	123.115475	146.237434	21.029624	23.121959	NA
1132567	65.875	63.775	124.888855	122.75896	146.084259	21.195404	23.325299	NA
1132568	65.925	63.775	124.736825	123.30487	144.883783	20.146959	21.578913	NA
1132996	87.325	63.775	NA	NA	141.059982	NA	NA	NA
1132997	87.375	63.775	135.149956	123.877404	139.695999	4.546043	15.818595	NA
1132998	87.425	63.775	135.859748	123.853288	139.721484	3.861736	15.868196	NA
1139065	64.775	63.725	125.382543	123.469505	147.389039	22.006496	23.919534	NA
1139066	64.825	63.725	125.254287	123.19619	147.414893	22.160606	24.218703	NA
1139085	65.775	63.725	124.57323	122.876908	145.240738	20.667508	22.36383	NA
1139516	87.325	63.725	137.120152	124.060044	139.688791	2.568638	15.628746	NA
1145585	64.775	63.675	125.360588	123.478388	147.385539	22.024951	23.907151	NA
1145586	64.825	63.675	NA	NA	144.254043	NA	NA	NA
1145605	65.775	63.675	124.942138	122.986651	145.184555	20.242417	22.197905	NA
1146036	87.325	63.675	134.655037	123.755991	139.661304	5.006268	15.905314	NA
1152042	61.625	63.625	NA	NA	143.154205	NA	NA	NA
1152043	61.675	63.625	NA	NA	143.181465	NA	NA	NA
1152044	61.725	63.625	NA	NA	143.194002	NA	NA	NA
1152045	61.775	63.625	NA	NA	143.207559	NA	NA	NA
1152046	61.825	63.625	NA	NA	143.219176	NA	NA	NA
1152047	61.875	63.625	NA	NA	147.468103	NA	NA	NA
1152048	61.925	63.625	NA	NA	147.484103	NA	NA	NA
1152049	61.975	63.625	NA	NA	147.500038	NA	NA	NA
1152050	62.025	63.625	NA	NA	147.515234	NA	NA	NA
1152051	62.075	63.625	125.464091	123.260716	147.521853	22.057762	24.261137	NA
1152052	62.125	63.625	125.459036	123.301604	147.553335	22.0943	24.251731	NA
1152105	64.775	63.625	NA	NA	147.345839	NA	NA	NA
1152106	64.825	63.625	NA	NA	143.285278	NA	NA	NA
1152107	64.875	63.625	NA	NA	144.506751	NA	NA	NA
1152125	65.775	63.625	125.07882	123.004791	144.336301	19.257481	21.33151	NA
1152556	87.325	63.625	135.476941	123.708347	139.641993	4.165052	15.933647	NA
1158561	61.575	63.575	NA	NA	143.112497	NA	NA	NA
1158562	61.625	63.575	NA	NA	143.143165	NA	NA	NA
1158572	62.125	63.575	NA	NA	147.534763	NA	NA	NA
1158573	62.175	63.575	125.369448	123.335685	147.565755	22.196307	24.23007	NA
1158574	62.225	63.575	125.524633	123.175323	140.155118	14.630485	16.979794	NA
1158625	64.775	63.575	NA	NA	147.335051	NA	NA	NA
1158626	64.825	63.575	NA	NA	144.098588	NA	NA	NA
1158645	65.775	63.575	124.875282	123.01395	143.138667	18.263386	20.124717	NA
1158646	65.825	63.575	124.659032	122.942851	144.184317	19.525285	21.241466	NA
1159076	87.325	63.575	135.596759	123.386751	138.360346	2.763587	14.973595	NA
1159077	87.375	63.575	NA	NA	139.620749	NA	NA	NA
1165080	61.525	63.525	NA	NA	143.072812	NA	NA	NA
1165081	61.575	63.525	NA	NA	143.104251	NA	NA	NA
1165094	62.225	63.525	125.086787	123.036321	147.552352	22.465565	24.51603	NA
1165095	62.275	63.525	NA	NA	140.935648	NA	NA	NA
1165145	64.775	63.525	125.374801	123.842624	147.300794	21.925994	23.458171	NA
1165146	64.825	63.525	125.383596	123.833307	144.113242	18.729646	20.279935	NA
1165162	65.625	63.525	125.16759	123.002459	141.106755	15.939165	18.104296	NA
1165163	65.675	63.525	124.737448	122.855939	143.42243	18.684982	20.566491	NA
1165164	65.725	63.525	124.861094	123.025194	143.038718	18.177623	20.013524	NA
1165165	65.775	63.525	124.921069	122.98119	143.954298	19.03323	20.973108	NA
1165166	65.825	63.525	124.960205	122.883527	144.250826	19.290621	21.3673	NA
1165596	87.325	63.525	135.196854	124.477981	139.604676	4.407822	15.126695	NA
1171599	61.475	63.475	NA	NA	143.007958	NA	NA	NA
1171600	61.525	63.475	NA	NA	143.064223	NA	NA	NA
1171615	62.275	63.475	125.708699	123.136865	147.555352	21.846653	24.418487	NA
1171616	62.325	63.475	125.692741	123.345058	147.565765	21.873024	24.220706	NA
1171617	62.375	63.475	125.133245	123.095861	147.570455	22.43721	24.474595	NA
1171618	62.425	63.475	NA	NA	147.601192	NA	NA	NA
1171619	62.475	63.475	NA	NA	140.981402	NA	NA	NA
1171665	64.775	63.475	125.198325	123.868037	139.026345	13.82802	15.158308	NA
1171679	65.475	63.475	125.127334	122.64255	140.673341	15.546007	18.03079	NA
1171680	65.525	63.475	126.270351	123.017529	138.750539	12.480188	15.73301	NA
1171681	65.575	63.475	126.036003	123.258422	140.643128	14.607125	17.384706	NA
1171682	65.625	63.475	125.16759	123.002459	143.662156	18.494566	20.659698	NA
1172115	87.275	63.475	137.675698	123.956956	139.570148	1.89445	15.613192	NA
1172116	87.325	63.475	134.927533	124.684296	139.586907	4.659374	14.902611	NA
1178119	61.475	63.425	NA	NA	142.934895	NA	NA	NA
1178120	61.525	63.425	NA	NA	142.916038	NA	NA	NA
1178139	62.475	63.425	124.173702	122.943104	147.573095	23.399393	24.62999	NA
1178140	62.525	63.425	124.624898	123.092907	147.591692	22.966794	24.498786	NA
1178141	62.575	63.425	NA	NA	140.998712	NA	NA	NA
1178142	62.625	63.425	125.24147	123.035607	141.685017	16.443548	18.649411	NA
1178183	64.675	63.425	125.651877	124.481617	147.22934	21.577463	22.747723	NA
1178184	64.725	63.425	126.036255	124.968008	147.237425	21.20117	22.269416	NA
1178185	64.775	63.425	124.90379	123.077339	147.261952	22.358162	24.184613	NA
1178199	65.475	63.425	125.349215	122.648243	144.391095	19.04188	21.742852	NA
1178200	65.525	63.425	124.486498	122.801464	144.05783	19.571332	21.256366	NA
1178201	65.575	63.425	NA	NA	144.034185	NA	NA	NA
1178634	87.225	63.425	136.816331	124.025128	139.568804	2.752473	15.543676	NA
1178635	87.275	63.425	137.493657	124.224687	136.958153	-0.535503	12.733466	NA
1184639	61.475	63.375	NA	NA	142.860529	NA	NA	NA
1184640	61.525	63.375	NA	NA	142.903063	NA	NA	NA
1184662	62.625	63.375	125.24147	123.035607	147.580636	22.339166	24.545029	NA
1184663	62.675	63.375	NA	NA	147.587395	NA	NA	NA
1184664	62.725	63.375	NA	NA	147.607299	NA	NA	NA
1184665	62.775	63.375	NA	NA	147.619951	NA	NA	NA
1184666	62.825	63.375	NA	NA	147.627449	NA	NA	NA
1184667	62.875	63.375	NA	NA	147.630896	NA	NA	NA
1184668	62.925	63.375	NA	NA	147.638982	NA	NA	NA
1184669	62.975	63.375	124.608884	122.335853	147.63993	23.031046	25.304077	NA
1184670	63.025	63.375	124.454617	122.346239	147.646835	23.192218	25.300596	NA
1184671	63.075	63.375	NA	NA	147.64204	NA	NA	NA
1184701	64.575	63.375	125.527861	124.031814	147.188052	21.660191	23.156238	NA
1184702	64.625	63.375	125.218352	123.692031	147.208216	21.989864	23.516185	NA
1184703	64.675	63.375	125.564325	124.452062	142.884044	17.31972	18.431983	NA
1184720	65.525	63.375	125.141226	122.911909	143.569075	18.427849	20.657166	NA
1184721	65.575	63.375	125.060785	122.835157	143.649644	18.58886	20.814488	NA
1185154	87.225	63.375	137.332935	124.275061	139.535741	2.202807	15.260681	NA
1185155	87.275	63.375	138.176884	123.670364	139.516128	1.339244	15.845764	NA
1185156	87.325	63.375	137.962848	123.312932	139.542758	1.579909	16.229826	NA
1191157	61.375	63.325	NA	NA	142.704359	NA	NA	NA
1191158	61.425	63.325	NA	NA	142.742908	NA	NA	NA
1191159	61.475	63.325	NA	NA	140.39557	NA	NA	NA
1191160	61.525	63.325	NA	NA	142.849987	NA	NA	NA
1191191	63.075	63.325	125.02756	122.431083	147.665924	22.638363	25.234841	NA
1191220	64.525	63.325	125.442508	124.112641	147.157104	21.714596	23.044463	NA
1191221	64.575	63.325	125.511239	124.008152	147.180415	21.669176	23.172263	NA
1191237	65.375	63.325	NA	NA	141.556531	NA	NA	NA
1191238	65.425	63.325	125.038095	122.775765	143.065734	18.027639	20.289968	NA
1191239	65.475	63.325	125.243895	122.745401	143.442436	18.198542	20.697035	NA
1191240	65.525	63.325	125.550328	122.867739	144.237347	18.68702	21.369609	NA
1191676	87.325	63.325	137.962848	123.312932	135.923409	-2.039439	12.610477	NA
1191677	87.375	63.325	137.103883	123.592976	139.537066	2.433182	15.94409	NA
1191678	87.425	63.325	135.705655	123.562982	139.520069	3.814414	15.957087	NA
1191679	87.475	63.325	134.342559	123.398211	139.509612	5.167052	16.111401	NA
1191680	87.525	63.325	136.701151	123.626249	139.503963	2.802812	15.877714	NA
1197676	61.325	63.275	NA	NA	142.695567	NA	NA	NA
1197677	61.375	63.275	NA	NA	142.648525	NA	NA	NA
1197679	61.475	63.275	NA	NA	142.787054	NA	NA	NA
1197711	63.075	63.275	124.174191	122.414926	139.270346	15.096156	16.85542	NA
1197712	63.125	63.275	124.950847	122.599191	147.716977	22.76613	25.117785	NA
1197713	63.175	63.275	125.23961	122.81245	140.580843	15.341234	17.768393	NA
1197739	64.475	63.275	125.718092	124.292882	147.12717	21.409078	22.834289	NA
1197740	64.525	63.275	125.722952	124.098446	147.149407	21.426455	23.050961	NA
1197755	65.275	63.275	124.967157	122.852732	140.314491	15.347334	17.461759	NA
1197756	65.325	63.275	125.41233	122.836308	142.612319	17.199989	19.77601	NA
1197757	65.375	63.275	125.836808	122.861048	143.049133	17.212325	20.188084	NA
1198200	87.525	63.275	133.158633	124.9177	136.89651	3.737876	11.97881	NA
1198201	87.575	63.275	133.68241	124.597876	139.488657	5.806247	14.89078	NA
1198202	87.625	63.275	135.961682	124.213085	139.477033	3.51535	15.263948	NA
1198203	87.675	63.275	136.769575	123.779835	139.468667	2.699091	15.688831	NA
1204195	61.275	63.225	NA	NA	142.610977	NA	NA	NA
1204196	61.325	63.225	NA	NA	142.644133	NA	NA	NA
1204233	63.175	63.225	125.249911	123.006653	147.726121	22.47621	24.719468	NA
1204234	63.225	63.225	125.112251	123.272744	147.737454	22.625203	24.46471	NA
1204235	63.275	63.225	124.96148	123.139223	147.489638	22.528159	24.350415	NA
1204236	63.325	63.225	124.200695	122.541276	147.523788	23.323093	24.982513	NA
1204237	63.375	63.225	124.186878	122.689524	140.443455	16.256578	17.753931	NA
1204257	64.375	63.225	NA	NA	147.108846	NA	NA	NA
1204258	64.425	63.225	125.519503	124.080548	147.143153	21.62365	23.062604	NA
1204259	64.475	63.225	125.680822	124.284503	139.990175	14.309352	15.705672	NA
1204274	65.225	63.225	124.97393	122.744989	140.497954	15.524025	17.752966	NA
1204275	65.275	63.225	124.955885	122.842712	140.793492	15.837606	17.950779	NA
1204723	87.675	63.225	136.769575	123.779835	139.464279	2.694704	15.684444	NA
1204724	87.725	63.225	136.407771	124.274183	139.433553	3.025782	15.159371	NA
1204725	87.775	63.225	135.13024	123.586529	139.421195	4.290955	15.834666	NA
1204726	87.825	63.225	130.695981	123.167316	139.616245	8.920264	16.448929	NA
1210715	61.275	63.175	NA	NA	142.597848	NA	NA	NA
1210757	63.375	63.175	NA	NA	147.532109	NA	NA	NA
1210758	63.425	63.175	125.035799	123.054406	147.530443	22.494644	24.476037	NA
1210759	63.475	63.175	125.410714	122.901361	147.544956	22.134242	24.643594	NA
1210760	63.525	63.175	125.210983	123.0934	147.565136	22.354153	24.471737	NA
1210761	63.575	63.175	NA	NA	147.575593	NA	NA	NA
1210762	63.625	63.175	125.370851	123.057112	147.585791	22.21494	24.528679	NA
1210763	63.675	63.175	125.587804	123.922162	147.556917	21.969114	23.634755	NA
1210764	63.725	63.175	125.066047	122.774171	147.560695	22.494648	24.786523	NA
1210765	63.775	63.175	124.685085	122.706837	147.57597	22.890886	24.869134	NA
1210766	63.825	63.175	125.43238	122.96295	147.639396	22.207016	24.676446	NA
1210776	64.325	63.175	125.235957	123.020476	147.764575	22.528618	24.744099	NA
1210777	64.375	63.175	125.022156	123.372014	147.763867	22.741711	24.391853	NA
1210794	65.225	63.175	124.664187	123.037586	140.684219	16.020031	17.646633	NA
1211246	87.825	63.175	NA	NA	136.107433	NA	NA	NA
1211247	87.875	63.175	132.118516	123.080641	139.608671	7.490154	16.52803	NA
1211248	87.925	63.175	136.695379	123.752916	139.58778	2.892401	15.834863	NA
1211249	87.975	63.175	133.444415	123.45436	137.74623	4.301816	14.29187	NA
1217235	61.275	63.125	NA	NA	141.931739	NA	NA	NA
1217286	63.825	63.125	125.395802	123.100077	147.701513	22.305711	24.601436	NA
1217287	63.875	63.125	NA	NA	139.934317	NA	NA	NA
1217289	63.975	63.125	125.487862	123.248146	147.589187	22.101325	24.341042	NA
1217290	64.025	63.125	125.43368	123.024841	141.21056	15.77688	18.185719	NA
1217291	64.075	63.125	125.29377	123.052485	140.101544	14.807774	17.049059	NA
1217292	64.125	63.125	125.474222	123.936077	140.675803	15.201581	16.739726	NA
1217293	64.175	63.125	125.466225	123.593597	147.66376	22.197535	24.070163	NA
1217294	64.225	63.125	NA	NA	147.685067	NA	NA	NA
1217295	64.275	63.125	NA	NA	147.707713	NA	NA	NA
1217296	64.325	63.125	125.235957	123.020476	147.757998	22.522041	24.737521	NA
1217314	65.225	63.125	124.857528	122.953401	141.414366	16.556838	18.460965	NA
1217769	87.975	63.125	132.778578	123.358824	139.589204	6.810625	16.230379	NA
1217770	88.025	63.125	129.666966	123.248294	137.710431	8.043465	14.462137	NA
1223755	61.275	63.075	NA	NA	140.957057	NA	NA	NA
1223756	61.325	63.075	NA	NA	141.881737	NA	NA	NA
1223807	63.875	63.075	125.452488	123.322689	147.715686	22.263198	24.392997	NA
1223808	63.925	63.075	NA	NA	147.542704	NA	NA	NA
1223809	63.975	63.075	125.414714	123.167758	147.584182	22.169469	24.416424	NA
1224290	88.025	63.075	129.985301	123.28204	139.57206	9.58676	16.29002	NA
1224291	88.075	63.075	133.756933	124.152748	139.529918	5.772986	15.377171	NA
1230276	61.325	63.025	NA	NA	139.957465	NA	NA	NA
1230277	61.375	63.025	NA	NA	141.837375	NA	NA	NA
1230278	61.425	63.025	NA	NA	141.774731	NA	NA	NA
1230279	61.475	63.025	NA	NA	141.763841	NA	NA	NA
1230328	63.925	63.025	126.490387	124.828292	141.462379	14.971993	16.634087	NA
1230329	63.975	63.025	NA	NA	141.316203	NA	NA	NA
1230811	88.075	63.025	136.108693	123.653857	135.00801	-1.100683	11.354153	NA
1230812	88.125	63.025	135.8555	123.621105	139.522471	3.666971	15.901366	NA
1236798	61.425	62.975	NA	NA	141.730109	NA	NA	NA
1236799	61.475	62.975	NA	NA	141.756461	NA	NA	NA
1237332	88.125	62.975	134.07831	123.238293	139.496926	5.418616	16.258633	NA
1237333	88.175	62.975	133.134267	123.78859	139.481056	6.346789	15.692467	NA
1243318	61.425	62.925	NA	NA	141.718687	NA	NA	NA
1243319	61.475	62.925	NA	NA	141.68274	NA	NA	NA
1243853	88.175	62.925	134.211336	124.37025	133.4288	-0.782536	9.058551	NA
1243854	88.225	62.925	135.638037	123.801376	139.472658	3.834622	15.671283	NA
1243855	88.275	62.925	135.396488	123.243671	139.442617	4.046129	16.198945	NA
1249839	61.475	62.875	NA	NA	139.45555	NA	NA	NA
1249840	61.525	62.875	NA	NA	141.675408	NA	NA	NA
1249841	61.575	62.875	NA	NA	141.618781	NA	NA	NA
1249842	61.625	62.875	NA	NA	141.590575	NA	NA	NA
1250375	88.275	62.875	134.483846	123.806465	133.079597	-1.404249	9.273132	NA
1250376	88.325	62.875	135.547619	123.389958	139.43855	3.890931	16.048592	NA
1250377	88.375	62.875	134.132967	122.752377	139.424714	5.291747	16.672337	NA
1250378	88.425	62.875	133.895415	123.114683	139.419382	5.523967	16.304699	NA
1256361	61.575	62.825	NA	NA	141.59957	NA	NA	NA
1256362	61.625	62.825	NA	NA	141.6233	NA	NA	NA
1256898	88.425	62.825	133.895415	123.114683	132.482214	-1.413201	9.367531	NA
1256899	88.475	62.825	134.241851	123.430883	139.417551	5.1757	15.986668	NA
1262882	61.625	62.775	NA	NA	141.58841	NA	NA	NA
1262883	61.675	62.775	NA	NA	141.52844	NA	NA	NA
1263419	88.475	62.775	134.311825	123.393401	139.408363	5.096538	16.014962	NA
1269402	61.625	62.725	NA	NA	141.489432	NA	NA	NA
1269403	61.675	62.725	NA	NA	141.515484	NA	NA	NA
1269939	88.475	62.725	131.606382	123.748187	139.381715	7.775333	15.633528	NA
1269940	88.525	62.725	135.952876	124.141182	131.993678	-3.959198	7.852496	NA
1275922	61.625	62.675	NA	NA	141.482601	NA	NA	NA
1275923	61.675	62.675	NA	NA	141.444979	NA	NA	NA
1276460	88.525	62.675	135.678208	123.551634	139.357835	3.679627	15.8062	NA
1276461	88.575	62.675	136.772624	123.504948	139.31842	2.545796	15.813472	NA
1282442	61.625	62.625	NA	NA	141.380785	NA	NA	NA
1282443	61.675	62.625	NA	NA	141.397337	NA	NA	NA
1282981	88.575	62.625	135.655709	123.137007	139.309806	3.654097	16.172799	NA
1282982	88.625	62.625	131.887263	124.136443	139.279967	7.392703	15.143524	NA
1288962	61.625	62.575	NA	NA	141.369689	NA	NA	NA
1289502	88.625	62.575	131.887263	124.136443	130.010507	-1.876756	5.874064	NA
1289503	88.675	62.575	135.572588	123.603709	139.274827	3.702239	15.671118	NA
1295480	61.525	62.525	NA	NA	139.306005	NA	NA	NA
1295481	61.575	62.525	NA	NA	141.538161	NA	NA	NA
1295482	61.625	62.525	NA	NA	141.566502	NA	NA	NA
1296023	88.675	62.525	NA	NA	129.918115	NA	NA	NA
1296024	88.725	62.525	136.692485	124.119717	139.245982	2.553497	15.126265	NA
1296025	88.775	62.525	135.961068	123.963632	139.228387	3.267318	15.264754	NA
1302000	61.525	62.475	NA	NA	141.526123	NA	NA	NA
1302545	88.775	62.475	136.464991	123.863332	130.272705	-6.192286	6.409372	NA
1302546	88.825	62.475	131.806131	124.304396	139.224202	7.418071	14.919806	NA
1302547	88.875	62.475	133.644259	124.656743	139.204914	5.560655	14.548171	NA
1302548	88.925	62.475	133.462492	124.159587	139.197687	5.735195	15.0381	NA
1302549	88.975	62.475	134.144062	123.923934	139.22124	5.077178	15.297306	NA
1308519	61.475	62.425	NA	NA	138.797426	NA	NA	NA
1309069	88.975	62.425	134.123812	123.443225	129.461567	-4.662245	6.018342	NA
1309070	89.025	62.425	134.766671	123.372856	138.370224	3.603553	14.997369	NA
1315590	89.025	62.375	135.629051	123.284727	138.356326	2.727275	15.071599	NA
1315650	92.025	62.375	128.248497	123.467126	145.829991	17.581494	22.362865	NA
1315651	92.075	62.375	127.087162	123.450132	145.812651	18.725489	22.362519	NA
1322110	89.025	62.325	134.118491	123.180314	138.338759	4.220268	15.158444	NA
1322167	91.875	62.325	128.988276	123.465731	146.048084	17.059808	22.582353	NA
1322168	91.925	62.325	129.011752	123.499816	146.033864	17.022112	22.534048	NA
1322169	91.975	62.325	129.70577	123.646833	146.02951	16.32374	22.382677	NA
1322170	92.025	62.325	128.248497	123.467126	144.553828	16.305331	21.086702	NA
1322171	92.075	62.325	127.033873	123.294003	145.806763	18.77289	22.51276	NA
1322172	92.125	62.325	127.657109	123.536338	145.789809	18.1327	22.253471	NA
1328630	89.025	62.275	129.705955	123.314409	138.317907	8.611952	15.003498	NA
1328686	91.825	62.275	126.622764	123.437182	146.070382	19.447618	22.6332	NA
1328687	91.875	62.275	128.38567	122.832366	144.344665	15.958995	21.512299	NA
1328692	92.125	62.275	127.880086	123.271228	145.781221	17.901134	22.509993	NA
1335150	89.025	62.225	134.869953	124.242074	138.291077	3.421125	14.049003	NA
1335151	89.075	62.225	135.097521	123.286196	138.278456	3.180935	14.99226	NA
1335206	91.825	62.225	NA	NA	144.26308	NA	NA	NA
1335212	92.125	62.225	127.949557	123.532387	145.765054	17.815498	22.232668	NA
1341671	89.075	62.175	134.779613	123.145214	132.203117	-2.576496	9.057903	NA
1341672	89.125	62.175	132.833882	122.927221	138.274931	5.441049	15.34771	NA
1341725	91.775	62.175	125.689512	123.590032	146.102918	20.413407	22.512887	NA
1341726	91.825	62.175	NA	NA	144.481269	NA	NA	NA
1341734	92.225	62.175	124.275253	123.370264	145.548287	21.273034	22.178023	NA
1341735	92.275	62.175	NA	NA	147.672755	NA	NA	NA
1348240	91.525	62.125	129.516025	123.357509	146.397146	16.881121	23.039636	NA
1348241	91.575	62.125	128.795683	123.669992	146.133303	17.337621	22.463311	NA
1348242	91.625	62.125	130.663074	122.948251	146.124897	15.461824	23.176646	NA
1348243	91.675	62.125	129.169387	123.193928	146.118809	16.949421	22.924881	NA
1348244	91.725	62.125	130.33673	123.266376	146.112314	15.775584	22.845938	NA
1348245	91.775	62.125	130.043494	122.897033	145.894226	15.850733	22.997194	NA
1354759	91.475	62.075	129.284147	123.549343	146.412011	17.127864	22.862668	NA
1354760	91.525	62.075	128.847937	123.154948	145.227119	16.379182	22.072171	NA
1361279	91.475	62.025	128.453521	123.358751	146.430746	17.977225	23.071995	NA
1361344	94.725	62.025	NA	NA	144.512606	NA	NA	NA
1361345	94.775	62.025	NA	NA	144.481538	NA	NA	NA
1361346	94.825	62.025	NA	NA	144.476665	NA	NA	NA
1363260	-135.475	61.975	NA	NA	145.409835	NA	NA	NA
1363261	-135.425	61.975	NA	NA	145.411172	NA	NA	NA
1363262	-135.375	61.975	NA	NA	145.443915	NA	NA	NA
1363263	-135.325	61.975	NA	NA	145.447982	NA	NA	NA
1363264	-135.275	61.975	NA	NA	145.451976	NA	NA	NA
1363265	-135.225	61.975	NA	NA	145.456506	NA	NA	NA
1367798	91.425	61.975	NA	NA	144.883247	NA	NA	NA
1367799	91.475	61.975	129.225948	123.380346	146.478877	17.25293	23.098532	NA
1367862	94.625	61.975	NA	NA	144.554812	NA	NA	NA
1367863	94.675	61.975	NA	NA	144.531758	NA	NA	NA
1367869	94.975	61.975	NA	NA	144.417793	NA	NA	NA
1369785	-135.225	61.925	NA	NA	145.458516	NA	NA	NA
1369786	-135.175	61.925	NA	NA	145.465869	NA	NA	NA
1369787	-135.125	61.925	NA	NA	145.468155	NA	NA	NA
1369788	-135.075	61.925	NA	NA	145.492852	NA	NA	NA
1369789	-135.025	61.925	NA	NA	145.495229	NA	NA	NA
1369790	-134.975	61.925	NA	NA	145.502028	NA	NA	NA
1369791	-134.925	61.925	NA	NA	145.527642	NA	NA	NA
1374318	91.425	61.925	126.446949	123.657967	146.493726	20.046777	22.835759	NA
1374364	93.725	61.925	NA	NA	144.633346	NA	NA	NA
1374365	93.775	61.925	NA	NA	144.812416	NA	NA	NA
1374381	94.575	61.925	NA	NA	144.576381	NA	NA	NA
1374382	94.625	61.925	NA	NA	144.778609	NA	NA	NA
1374394	95.225	61.925	NA	NA	144.377769	NA	NA	NA
1376311	-134.925	61.875	NA	NA	145.601474	NA	NA	NA
1380838	91.425	61.875	129.536159	123.928151	146.513043	16.976884	22.584892	NA
1380883	93.675	61.875	NA	NA	144.831034	NA	NA	NA
1380884	93.725	61.875	NA	NA	144.816774	NA	NA	NA
1380885	93.775	61.875	NA	NA	143.159409	NA	NA	NA
1380886	93.825	61.875	NA	NA	144.799914	NA	NA	NA
1380887	93.875	61.875	NA	NA	144.780871	NA	NA	NA
1380888	93.925	61.875	NA	NA	144.775616	NA	NA	NA
1380889	93.975	61.875	NA	NA	144.77071	NA	NA	NA
1380890	94.025	61.875	NA	NA	144.764079	NA	NA	NA
1380895	94.275	61.875	128.124261	123.587406	144.697636	16.573375	21.11023	NA
1380896	94.325	61.875	NA	NA	144.683333	NA	NA	NA
1380900	94.525	61.875	NA	NA	144.641794	NA	NA	NA
1382830	-134.975	61.825	NA	NA	145.570686	NA	NA	NA
1382831	-134.925	61.825	NA	NA	134.921612	NA	NA	NA
1387358	91.425	61.825	127.932543	124.13604	146.536386	18.603843	22.400346	NA
1387359	91.475	61.825	126.894545	123.082132	142.049719	15.155174	18.967587	NA
1387393	93.175	61.825	NA	NA	145.266936	NA	NA	NA
1387394	93.225	61.825	NA	NA	145.24937	NA	NA	NA
1387395	93.275	61.825	NA	NA	145.244341	NA	NA	NA
1387396	93.325	61.825	NA	NA	145.220903	NA	NA	NA
1387397	93.375	61.825	NA	NA	145.211653	NA	NA	NA
1387398	93.425	61.825	NA	NA	145.204908	NA	NA	NA
1387399	93.475	61.825	NA	NA	145.199159	NA	NA	NA
1387400	93.525	61.825	NA	NA	145.193121	NA	NA	NA
1387403	93.675	61.825	NA	NA	145.111145	NA	NA	NA
1387404	93.725	61.825	NA	NA	145.147051	NA	NA	NA
1387410	94.025	61.825	NA	NA	142.552708	NA	NA	NA
1387411	94.075	61.825	NA	NA	144.758433	NA	NA	NA
1387412	94.125	61.825	NA	NA	144.742532	NA	NA	NA
1387413	94.175	61.825	130.051702	123.651078	144.709863	14.658161	21.058785	NA
1387414	94.225	61.825	129.250595	123.576902	144.705986	15.455391	21.129084	NA
1387415	94.275	61.825	128.124261	123.587406	144.543047	16.418786	20.955642	NA
1387416	94.325	61.825	NA	NA	146.415992	NA	NA	NA
1387417	94.375	61.825	NA	NA	144.677975	NA	NA	NA
1389350	-134.975	61.775	NA	NA	145.60784	NA	NA	NA
1389351	-134.925	61.775	NA	NA	145.615878	NA	NA	NA
1393879	91.475	61.775	126.835889	123.352779	146.546737	19.710849	23.193959	NA
1395871	-134.925	61.725	NA	NA	145.621393	NA	NA	NA
1395872	-134.875	61.725	NA	NA	145.632141	NA	NA	NA
1400399	91.475	61.725	126.137439	123.301537	146.560873	20.423434	23.259336	NA
1402392	-134.875	61.675	NA	NA	145.636814	NA	NA	NA
1402393	-134.825	61.675	NA	NA	145.646982	NA	NA	NA
1402675	-120.725	61.675	125.334475	138.001323	131.23064	5.896165	-6.770683	NA
1402676	-120.675	61.675	125.23101	136.034409	131.229715	5.998705	-4.804694	NA
1406917	91.375	61.675	125.956027	123.659403	146.574465	20.618438	22.915062	NA
1406918	91.425	61.675	124.998465	123.541626	146.561498	21.563034	23.019873	NA
1406919	91.475	61.675	131.514886	123.539252	146.554302	15.039416	23.015051	NA
1406920	91.525	61.675	NA	NA	146.560881	NA	NA	NA
1407016	96.325	61.675	NA	NA	143.819316	NA	NA	NA
1407017	96.375	61.675	NA	NA	143.780834	NA	NA	NA
1407018	96.425	61.675	NA	NA	140.604838	NA	NA	NA
1408912	-134.875	61.625	NA	NA	145.669933	NA	NA	NA
1408913	-134.825	61.625	NA	NA	145.664758	NA	NA	NA
1409195	-120.725	61.625	125.318797	136.433133	131.231319	5.912521	-5.201814	NA
1413430	91.025	61.625	128.476385	124.121661	137.117743	8.641358	12.996081	NA
1413433	91.175	61.625	126.600705	123.651791	146.559368	19.958664	22.907578	NA
1413434	91.225	61.625	126.678635	123.973968	146.540995	19.86236	22.567027	NA
1413435	91.275	61.625	128.565566	124.509161	146.536897	17.971331	22.027736	NA
1413436	91.325	61.625	NA	NA	146.578407	NA	NA	NA
1413437	91.375	61.625	124.092521	123.540815	141.879063	17.786541	18.338247	NA
1413534	96.225	61.625	NA	NA	143.839673	NA	NA	NA
1413535	96.275	61.625	NA	NA	143.840647	NA	NA	NA
1413536	96.325	61.625	NA	NA	143.826016	NA	NA	NA
1413538	96.425	61.625	NA	NA	143.775086	NA	NA	NA
1413539	96.475	61.625	NA	NA	143.751924	NA	NA	NA
1413540	96.525	61.625	NA	NA	143.73794	NA	NA	NA
1415432	-134.875	61.575	NA	NA	145.672644	NA	NA	NA
1415715	-120.725	61.575	124.893389	134.843771	131.232668	6.339278	-3.611103	NA
1415716	-120.675	61.575	124.935373	135.036392	131.233585	6.298212	-3.802807	NA
1420058	96.425	61.575	NA	NA	142.151648	NA	NA	NA
1420059	96.475	61.575	NA	NA	142.173726	NA	NA	NA
1420060	96.525	61.575	NA	NA	142.455052	NA	NA	NA
1421952	-134.875	61.525	NA	NA	154.270669	NA	NA	NA
1421953	-134.825	61.525	NA	NA	154.273851	NA	NA	NA
1421954	-134.775	61.525	NA	NA	154.279914	NA	NA	NA
1422221	-121.425	61.525	125.185473	134.013403	149.57375	24.388277	15.560347	NA
1422236	-120.675	61.525	NA	NA	126.70093	NA	NA	NA
1422237	-120.625	61.525	124.730405	136.08944	131.237563	6.507158	-4.851877	NA
1422238	-120.575	61.525	124.402468	136.533718	131.266526	6.864057	-5.267193	NA
1426578	96.425	61.525	NA	NA	142.142203	NA	NA	NA
1426579	96.475	61.525	NA	NA	142.121966	NA	NA	NA
1428474	-134.775	61.475	NA	NA	154.310401	NA	NA	NA
1428475	-134.725	61.475	NA	NA	154.31505	NA	NA	NA
1428476	-134.675	61.475	NA	NA	154.328782	NA	NA	NA
1428738	-121.575	61.475	124.172799	135.009202	137.723672	13.550873	2.714471	NA
1428739	-121.525	61.475	124.128813	134.247577	149.54939	25.420577	15.301813	NA
1428740	-121.475	61.475	124.727534	134.943255	149.559595	24.832061	14.61634	NA
1428758	-120.575	61.475	125.263696	136.621621	126.676174	1.412478	-9.945447	NA
1428759	-120.525	61.475	125.220856	134.922738	131.267249	6.046392	-3.655489	NA
1428760	-120.475	61.475	125.245512	136.201196	131.268311	6.0228	-4.932885	NA
1428761	-120.425	61.475	124.432301	135.268812	125.114613	0.682311	-10.1542	NA
1428809	-118.025	61.475	124.228713	138.337426	131.714702	7.48599	-6.622724	NA
1433098	96.425	61.475	NA	NA	142.089453	NA	NA	NA
1433099	96.475	61.475	NA	NA	142.105034	NA	NA	NA
1434996	-134.675	61.425	NA	NA	154.415468	NA	NA	NA
1434997	-134.625	61.425	NA	NA	134.160557	NA	NA	NA
1435255	-121.725	61.425	124.568662	138.119463	149.516245	24.947583	11.396782	NA
1435256	-121.675	61.425	124.871303	133.70299	149.522125	24.650822	15.819136	NA
1435257	-121.625	61.425	124.512158	134.397753	149.531761	25.019603	15.134008	NA
1435258	-121.575	61.425	124.258713	136.984743	149.546019	25.287305	12.561276	NA
1435281	-120.425	61.425	124.432301	135.268812	131.268995	6.836693	-3.999818	NA
1435282	-120.375	61.425	NA	NA	131.27019	NA	NA	NA
1435283	-120.325	61.425	NA	NA	131.270985	NA	NA	NA
1435284	-120.275	61.425	NA	NA	131.271394	NA	NA	NA
1435285	-120.225	61.425	NA	NA	131.2723	NA	NA	NA
1435286	-120.175	61.425	125.035886	134.55376	131.273003	6.237118	-3.280757	NA
1439618	96.425	61.425	NA	NA	142.046547	NA	NA	NA
1439619	96.475	61.425	NA	NA	142.040159	NA	NA	NA
1439620	96.525	61.425	NA	NA	142.034584	NA	NA	NA
1439621	96.575	61.425	NA	NA	142.024817	NA	NA	NA
1441516	-134.675	61.375	NA	NA	154.431928	NA	NA	NA
1441517	-134.625	61.375	NA	NA	131.082099	NA	NA	NA
1441772	-121.875	61.375	NA	NA	149.519276	NA	NA	NA
1441773	-121.825	61.375	124.567253	134.326135	149.501692	24.934439	15.175558	NA
1441774	-121.775	61.375	NA	NA	135.527094	NA	NA	NA
1441806	-120.175	61.375	NA	NA	124.971541	NA	NA	NA
1441807	-120.125	61.375	124.59483	135.261515	131.273661	6.67883	-3.987855	NA
1441808	-120.075	61.375	124.371701	135.465294	131.274519	6.902818	-4.190776	NA
1441809	-120.025	61.375	124.380696	134.597146	131.275297	6.894601	-3.321849	NA
1441841	-118.425	61.375	124.401519	134.619244	131.582347	7.180828	-3.036897	NA
1441856	-117.675	61.375	124.475552	137.271194	131.735251	7.259699	-5.535942	NA
1446140	96.525	61.375	NA	NA	142.018001	NA	NA	NA
1446141	96.575	61.375	NA	NA	140.840287	NA	NA	NA
1448036	-134.675	61.325	NA	NA	154.5884	NA	NA	NA
1448037	-134.625	61.325	NA	NA	133.510232	NA	NA	NA
1448329	-120.025	61.325	125.195283	136.305925	124.163963	-1.03132	-12.141963	NA
1448330	-119.975	61.325	124.282055	136.489452	131.276763	6.994708	-5.212689	NA
1448331	-119.925	61.325	123.981612	137.871067	131.278866	7.297255	-6.5922	NA
1448332	-119.875	61.325	124.24532	137.321743	131.280181	7.034861	-6.041563	NA
1448333	-119.825	61.325	NA	NA	131.345693	NA	NA	NA
1448359	-118.525	61.325	124.241796	137.351502	131.575417	7.333622	-5.776085	NA
1448360	-118.475	61.325	124.397812	136.941057	131.576777	7.178965	-5.36428	NA
1448361	-118.425	61.325	124.177265	135.546763	131.580491	7.403226	-3.966272	NA
1448377	-117.625	61.325	124.846078	137.409659	131.736565	6.890487	-5.673094	NA
1452660	96.525	61.325	NA	NA	138.67363	NA	NA	NA
1452662	96.625	61.325	NA	NA	141.890898	NA	NA	NA
1452663	96.675	61.325	NA	NA	141.873249	NA	NA	NA
1452664	96.725	61.325	NA	NA	141.514503	NA	NA	NA
1454557	-134.625	61.275	NA	NA	154.634913	NA	NA	NA
1454558	-134.575	61.275	NA	NA	154.652408	NA	NA	NA
1454853	-119.825	61.275	NA	NA	128.910488	NA	NA	NA
1454854	-119.775	61.275	NA	NA	131.348831	NA	NA	NA
1454855	-119.725	61.275	NA	NA	131.351079	NA	NA	NA
1454856	-119.675	61.275	NA	NA	131.35443	NA	NA	NA
1454857	-119.625	61.275	124.794934	136.482044	131.356276	6.561342	-5.125768	NA
1454858	-119.575	61.275	124.360245	136.20011	131.364506	7.004261	-4.835604	NA
1454872	-118.875	61.275	NA	NA	131.461746	NA	NA	NA
1454873	-118.825	61.275	123.975497	137.59241	131.463993	7.488497	-6.128416	NA
1454874	-118.775	61.275	124.008483	137.09579	131.482649	7.474167	-5.61314	NA
1454875	-118.725	61.275	NA	NA	131.487502	NA	NA	NA
1454876	-118.675	61.275	NA	NA	122.933364	NA	NA	NA
1454877	-118.625	61.275	NA	NA	123.45972	NA	NA	NA
1454878	-118.575	61.275	NA	NA	123.193974	NA	NA	NA
1454879	-118.525	61.275	124.241796	137.351502	122.777583	-1.464213	-14.573919	NA
1454897	-117.625	61.275	124.621517	137.660006	124.5643	-0.057217	-13.095706	NA
1454899	-117.525	61.275	124.199868	136.381367	131.745017	7.545149	-4.636349	NA
1454900	-117.475	61.275	124.219881	137.546416	131.750976	7.531095	-5.795441	NA
1454979	-113.525	61.275	124.64451	135.92273	131.475272	6.830762	-4.447458	NA
1454980	-113.475	61.275	124.043089	137.100476	131.475001	7.431912	-5.625475	NA
1454981	-113.425	61.275	123.807374	136.527613	131.474539	7.667166	-5.053074	NA
1454982	-113.375	61.275	123.729039	135.846175	131.473838	7.744799	-4.372336	NA
1454985	-113.225	61.275	NA	NA	128.703377	NA	NA	NA
1454986	-113.175	61.275	NA	NA	129.23788	NA	NA	NA
1459181	96.575	61.275	NA	NA	141.903574	NA	NA	NA
1459182	96.625	61.275	NA	NA	141.896656	NA	NA	NA
1459183	96.675	61.275	NA	NA	141.848539	NA	NA	NA
1459184	96.725	61.275	NA	NA	141.865073	NA	NA	NA
1461078	-134.575	61.225	NA	NA	154.771808	NA	NA	NA
1461079	-134.525	61.225	NA	NA	155.069911	NA	NA	NA
1461080	-134.475	61.225	NA	NA	155.077117	NA	NA	NA
1461081	-134.425	61.225	NA	NA	134.692846	NA	NA	NA
1461378	-119.575	61.225	124.640344	135.03198	122.03714	-2.603203	-12.99484	NA
1461379	-119.525	61.225	124.2834	136.348991	131.371221	7.08782	-4.977771	NA
1461380	-119.475	61.225	125.128753	138.166693	131.374741	6.245988	-6.791953	NA
1461381	-119.425	61.225	126.451368	139.12878	131.377018	4.92565	-7.751762	NA
1461382	-119.375	61.225	NA	NA	131.378753	NA	NA	NA
1461383	-119.325	61.225	124.791556	134.464331	131.412796	6.62124	-3.051535	NA
1461384	-119.275	61.225	124.180825	135.665012	131.414038	7.233212	-4.250974	NA
1461385	-119.225	61.225	124.306294	136.35069	131.431103	7.124809	-4.919587	NA
1461386	-119.175	61.225	125.257687	137.194256	131.435551	6.177864	-5.758704	NA
1461387	-119.125	61.225	124.610237	135.020465	131.437822	6.827585	-3.582643	NA
1461388	-119.075	61.225	124.268473	135.667101	131.439116	7.170643	-4.227985	NA
1461389	-119.025	61.225	124.167285	136.939854	131.441672	7.274387	-5.498182	NA
1461390	-118.975	61.225	NA	NA	131.451253	NA	NA	NA
1461391	-118.925	61.225	123.989126	138.045641	131.458183	7.469057	-6.587457	NA
1461392	-118.875	61.225	124.019927	137.956115	121.905287	-2.11464	-16.050828	NA
1461420	-117.475	61.225	124.379787	136.83946	131.752356	7.372569	-5.087104	NA
1461422	-117.375	61.225	124.38522	138.793747	135.613274	11.228053	-3.180473	NA
1461502	-113.375	61.225	124.007265	137.099546	131.473392	7.466128	-5.626154	NA
1461503	-113.325	61.225	NA	NA	131.472266	NA	NA	NA
1461504	-113.275	61.225	124.364659	136.87606	128.956251	4.591592	-7.91981	NA
1461505	-113.225	61.225	124.515777	136.102986	128.962206	4.446429	-7.14078	NA
1461506	-113.175	61.225	124.421186	136.416816	127.451313	3.030127	-8.965503	NA
1465703	96.675	61.225	NA	NA	141.841819	NA	NA	NA
1467601	-134.425	61.175	NA	NA	155.083493	NA	NA	NA
1467602	-134.375	61.175	NA	NA	155.103386	NA	NA	NA
1467942	-117.375	61.175	124.385201	138.802849	123.565064	-0.820137	-15.237785	NA
1468025	-113.225	61.175	NA	NA	131.471431	NA	NA	NA
1468026	-113.175	61.175	123.892926	134.234868	131.471179	7.578252	-2.763689	NA
1468027	-113.125	61.175	124.464412	135.395294	131.471166	7.006754	-3.924128	NA
1472223	96.675	61.175	NA	NA	141.823339	NA	NA	NA
1474122	-134.375	61.125	NA	NA	132.894176	NA	NA	NA
1474123	-134.325	61.125	NA	NA	155.1319	NA	NA	NA
1474124	-134.275	61.125	NA	NA	135.383904	NA	NA	NA
1474545	-113.225	61.125	124.801931	136.196492	131.470092	6.668161	-4.7264	NA
1474546	-113.175	61.125	124.752543	135.87448	131.471107	6.718564	-4.403372	NA
1478743	96.675	61.125	NA	NA	141.777187	NA	NA	NA
1478744	96.725	61.125	NA	NA	140.98692	NA	NA	NA
1480644	-134.275	61.075	NA	NA	155.163231	NA	NA	NA
1480645	-134.225	61.075	NA	NA	155.165873	NA	NA	NA
1480646	-134.175	61.075	NA	NA	149.828926	NA	NA	NA
1481065	-113.225	61.075	NA	NA	131.471539	NA	NA	NA
1481066	-113.175	61.075	NA	NA	131.470652	NA	NA	NA
1481067	-113.125	61.075	NA	NA	131.471224	NA	NA	NA
1485264	96.725	61.075	NA	NA	141.750356	NA	NA	NA
1485265	96.775	61.075	NA	NA	141.729688	NA	NA	NA
1487166	-134.175	61.025	NA	NA	155.42076	NA	NA	NA
1487167	-134.125	61.025	NA	NA	150.531196	NA	NA	NA
1487585	-113.225	61.025	NA	NA	125.570867	NA	NA	NA
1487586	-113.175	61.025	124.802946	134.622732	131.472359	6.669413	-3.150373	NA
1487587	-113.125	61.025	124.013076	135.247695	131.472755	7.459679	-3.77494	NA
1491785	96.775	61.025	NA	NA	141.716415	NA	NA	NA
1491786	96.825	61.025	NA	NA	141.70216	NA	NA	NA
1491787	96.875	61.025	NA	NA	141.422712	NA	NA	NA
1493687	-134.125	60.975	NA	NA	155.429649	NA	NA	NA
1493688	-134.075	60.975	NA	NA	131.636604	NA	NA	NA
1494104	-113.275	60.975	123.860852	137.374027	125.125994	1.265142	-12.248033	NA
1494105	-113.225	60.975	124.569261	136.512511	131.472431	6.903169	-5.04008	NA
1498307	96.875	60.975	NA	NA	141.697558	NA	NA	NA
1498308	96.925	60.975	NA	NA	141.677075	NA	NA	NA
1498309	96.975	60.975	NA	NA	141.662451	NA	NA	NA
1498310	97.025	60.975	NA	NA	141.642175	NA	NA	NA
1498311	97.075	60.975	NA	NA	141.011647	NA	NA	NA
1500208	-134.075	60.925	NA	NA	155.492697	NA	NA	NA
1500209	-134.025	60.925	NA	NA	155.507533	NA	NA	NA
1500210	-133.975	60.925	NA	NA	155.531871	NA	NA	NA
1500624	-113.275	60.925	124.967772	137.49162	131.471463	6.503692	-6.020157	NA
1504831	97.075	60.925	NA	NA	141.635351	NA	NA	NA
1506730	-133.975	60.875	NA	NA	155.538582	NA	NA	NA
1506731	-133.925	60.875	NA	NA	155.549154	NA	NA	NA
1507144	-113.275	60.875	124.127209	135.182173	131.470812	7.343604	-3.711361	NA
1511351	97.075	60.875	NA	NA	140.149373	NA	NA	NA
1511352	97.125	60.875	NA	NA	141.612502	NA	NA	NA
1511353	97.175	60.875	NA	NA	141.591127	NA	NA	NA
1511354	97.225	60.875	NA	NA	141.58103	NA	NA	NA
1511355	97.275	60.875	NA	NA	141.574631	NA	NA	NA
1511356	97.325	60.875	NA	NA	141.568872	NA	NA	NA
1511357	97.375	60.875	NA	NA	141.560343	NA	NA	NA
1511358	97.425	60.875	NA	NA	141.545685	NA	NA	NA
1513251	-133.925	60.825	NA	NA	155.629979	NA	NA	NA
1513252	-133.875	60.825	NA	NA	155.630454	NA	NA	NA
1513253	-133.825	60.825	NA	NA	144.250153	NA	NA	NA
1513664	-113.275	60.825	124.930724	135.854564	131.473861	6.543137	-4.380703	NA
1513669	-113.025	60.825	124.359453	137.344197	131.472758	7.113305	-5.871439	NA
1513670	-112.975	60.825	125.002924	136.495428	131.470684	6.46776	-5.024745	NA
1513671	-112.925	60.825	124.82571	135.885811	131.47048	6.64477	-4.41533	NA
1517878	97.425	60.825	NA	NA	141.539233	NA	NA	NA
1519773	-133.825	60.775	NA	NA	155.760491	NA	NA	NA
1519774	-133.775	60.775	NA	NA	155.777212	NA	NA	NA
1519775	-133.725	60.775	NA	NA	155.785927	NA	NA	NA
1519868	-129.075	60.775	NA	NA	156.560267	NA	NA	NA
1520184	-113.275	60.775	124.976884	136.187514	123.174006	-1.802877	-13.013507	NA
1520185	-113.225	60.775	124.288058	136.498812	131.47678	7.188722	-5.022032	NA
1520188	-113.075	60.775	125.410768	137.103036	131.473976	6.063209	-5.62906	NA
1520189	-113.025	60.775	123.668601	134.820455	131.469385	7.800783	-3.35107	NA
1520190	-112.975	60.775	124.643046	135.754371	131.470153	6.827106	-4.284218	NA
1520191	-112.925	60.775	124.82571	135.885811	131.46798	6.64227	-4.41783	NA
1524398	97.425	60.775	NA	NA	141.524682	NA	NA	NA
1524399	97.475	60.775	NA	NA	141.505982	NA	NA	NA
1524400	97.525	60.775	NA	NA	142.466387	NA	NA	NA
1526295	-133.725	60.725	NA	NA	135.347027	NA	NA	NA
1526296	-133.675	60.725	NA	NA	155.815729	NA	NA	NA
1526387	-129.125	60.725	NA	NA	146.173778	NA	NA	NA
1526388	-129.075	60.725	NA	NA	156.232547	NA	NA	NA
1526705	-113.225	60.725	NA	NA	123.53668	NA	NA	NA
1526706	-113.175	60.725	125.197767	136.881581	131.475531	6.277764	-5.406049	NA
1526707	-113.125	60.725	125.625337	138.96504	131.474324	5.848987	-7.490716	NA
1526708	-113.075	60.725	NA	NA	123.668529	NA	NA	NA
1526710	-112.975	60.725	124.144841	135.151283	131.469687	7.324846	-3.681596	NA
1526711	-112.925	60.725	NA	NA	123.241198	NA	NA	NA
1526712	-112.875	60.725	123.667301	135.913893	131.466866	7.799565	-4.447027	NA
1530920	97.525	60.725	NA	NA	141.488685	NA	NA	NA
1531267	114.875	60.725	125.558057	140.792444	142.151984	16.593926	1.359539	NA
1531268	114.925	60.725	123.717185	139.728341	148.90428	25.187095	9.175939	NA
1531269	114.975	60.725	126.161445	140.455296	148.915785	22.754341	8.46049	NA
1531270	115.025	60.725	123.631968	140.040491	148.92014	25.288172	8.879649	NA
1531271	115.075	60.725	123.870522	138.207682	148.923645	25.053123	10.715963	NA
1532816	-133.675	60.675	NA	NA	135.641162	NA	NA	NA
1532817	-133.625	60.675	NA	NA	155.911764	NA	NA	NA
1532818	-133.575	60.675	NA	NA	132.1866	NA	NA	NA
1532906	-129.175	60.675	NA	NA	156.2186	NA	NA	NA
1532907	-129.125	60.675	NA	NA	156.220782	NA	NA	NA
1533232	-112.875	60.675	124.216528	135.528327	131.474784	7.258257	-4.053542	NA
1537439	97.475	60.675	NA	NA	137.243106	NA	NA	NA
1537440	97.525	60.675	NA	NA	141.631422	NA	NA	NA
1537785	114.775	60.675	125.788874	134.441933	148.896788	23.107914	14.454855	NA
1537786	114.825	60.675	125.207936	138.747201	148.898103	23.690167	10.150902	NA
1537787	114.875	60.675	125.558057	140.792444	148.89983	23.341773	8.107386	NA
1539338	-133.575	60.625	NA	NA	155.939895	NA	NA	NA
1539339	-133.525	60.625	NA	NA	155.982256	NA	NA	NA
1539340	-133.475	60.625	NA	NA	141.9513	NA	NA	NA
1539426	-129.175	60.625	NA	NA	155.866827	NA	NA	NA
1539539	-123.525	60.625	125.017905	133.669445	148.415088	23.397183	14.745643	NA
1539752	-112.875	60.625	123.692001	134.144254	131.475121	7.783121	-2.669132	NA
1539753	-112.825	60.625	124.088991	137.458995	131.473899	7.384909	-5.985096	NA
1543959	97.475	60.625	NA	NA	141.60629	NA	NA	NA
1543960	97.525	60.625	NA	NA	141.587254	NA	NA	NA
1543961	97.575	60.625	NA	NA	141.5554	NA	NA	NA
1543962	97.625	60.625	NA	NA	141.538588	NA	NA	NA
1543963	97.675	60.625	NA	NA	141.528643	NA	NA	NA
1543964	97.725	60.625	NA	NA	141.523119	NA	NA	NA
1543965	97.775	60.625	NA	NA	142.484774	NA	NA	NA
1543966	97.825	60.625	NA	NA	141.506866	NA	NA	NA
1543967	97.875	60.625	NA	NA	141.042199	NA	NA	NA
1544301	114.575	60.625	124.695736	138.483842	141.775924	17.080188	3.292082	NA
1544302	114.625	60.625	125.528936	140.446001	148.882782	23.353846	8.436781	NA
1544303	114.675	60.625	126.28714	141.754084	148.890665	22.603525	7.136581	NA
1544304	114.725	60.625	125.729185	139.423921	148.891215	23.16203	9.467294	NA
1545860	-133.475	60.575	NA	NA	156.030572	NA	NA	NA
1545861	-133.425	60.575	NA	NA	156.042498	NA	NA	NA
1545946	-129.175	60.575	NA	NA	155.860515	NA	NA	NA
1546059	-123.525	60.575	124.083066	132.396987	148.402512	24.319446	16.005525	NA
1546273	-112.825	60.575	124.337787	138.28174	124.34494	0.007154	-13.9368	NA
1546274	-112.775	60.575	124.536893	137.814406	131.473826	6.936932	-6.34058	NA
1546275	-112.725	60.575	NA	NA	131.473249	NA	NA	NA
1550480	97.525	60.575	NA	NA	141.580434	NA	NA	NA
1550481	97.575	60.575	NA	NA	141.561728	NA	NA	NA
1550484	97.725	60.575	NA	NA	141.520337	NA	NA	NA
1550485	97.775	60.575	NA	NA	141.507422	NA	NA	NA
1550487	97.875	60.575	NA	NA	141.496324	NA	NA	NA
1550488	97.925	60.575	NA	NA	141.481898	NA	NA	NA
1550489	97.975	60.575	NA	NA	141.476038	NA	NA	NA
1550819	114.475	60.575	125.364195	139.688847	143.278439	17.914244	3.589593	NA
1550820	114.525	60.575	125.988606	138.985142	148.878003	22.889397	9.89286	NA
1550821	114.575	60.575	124.86318	138.512062	148.882365	24.019185	10.370304	NA
1552381	-133.425	60.525	NA	NA	156.05717	NA	NA	NA
1552382	-133.375	60.525	NA	NA	156.566749	NA	NA	NA
1552383	-133.325	60.525	NA	NA	132.850813	NA	NA	NA
1552466	-129.175	60.525	NA	NA	155.843802	NA	NA	NA
1552467	-129.125	60.525	NA	NA	155.83773	NA	NA	NA
1552579	-123.525	60.525	NA	NA	148.39233	NA	NA	NA
1552580	-123.475	60.525	NA	NA	148.384136	NA	NA	NA
1552795	-112.725	60.525	NA	NA	123.844763	NA	NA	NA
1552796	-112.675	60.525	123.976132	136.462955	123.869285	-0.106848	-12.593671	NA
1552797	-112.625	60.525	NA	NA	123.635645	NA	NA	NA
1552798	-112.575	60.525	124.408945	135.332781	131.473522	7.064577	-3.85926	NA
1552799	-112.525	60.525	124.072318	132.595778	123.914475	-0.157843	-8.681303	NA
1552800	-112.475	60.525	NA	NA	123.950874	NA	NA	NA
1557009	97.975	60.525	NA	NA	141.470965	NA	NA	NA
1557010	98.025	60.525	NA	NA	141.462214	NA	NA	NA
1557338	114.425	60.525	125.673791	134.663926	148.881044	23.207253	14.217118	NA
1557339	114.475	60.525	125.527431	135.3393	148.884835	23.357404	13.545536	NA
1558903	-133.325	60.475	NA	NA	156.587177	NA	NA	NA
1558904	-133.275	60.475	NA	NA	156.582748	NA	NA	NA
1558986	-129.175	60.475	NA	NA	143.053186	NA	NA	NA
1558987	-129.125	60.475	NA	NA	155.803116	NA	NA	NA
1559100	-123.475	60.475	NA	NA	148.375912	NA	NA	NA
1559101	-123.425	60.475	NA	NA	138.013568	NA	NA	NA
1559319	-112.525	60.475	124.257114	136.869048	131.47408	7.216966	-5.394968	NA
1559320	-112.475	60.475	124.452643	135.705592	131.472676	7.020033	-4.232916	NA
1563530	98.025	60.475	NA	NA	138.657357	NA	NA	NA
1563531	98.075	60.475	NA	NA	141.456065	NA	NA	NA
1563532	98.125	60.475	NA	NA	141.444303	NA	NA	NA
1563533	98.175	60.475	NA	NA	141.440502	NA	NA	NA
1563857	114.375	60.475	125.744623	137.617906	148.87444	23.129818	11.256534	NA
1563858	114.425	60.475	125.801038	135.471576	148.880548	23.07951	13.408971	NA
1565424	-133.275	60.425	NA	NA	147.187622	NA	NA	NA
1565425	-133.225	60.425	138.313126	125.606007	156.599591	18.286465	30.993584	NA
1565505	-129.225	60.425	NA	NA	155.7368	NA	NA	NA
1565506	-129.175	60.425	NA	NA	155.769393	NA	NA	NA
1565621	-123.425	60.425	124.043826	133.528093	148.374995	24.33117	14.846902	NA
1565840	-112.475	60.425	124.72304	133.748453	131.473873	6.750834	-2.274579	NA
1565841	-112.425	60.425	125.145277	135.500557	131.473087	6.32781	-4.02747	NA
1570053	98.175	60.425	NA	NA	141.435428	NA	NA	NA
1570054	98.225	60.425	NA	NA	141.420931	NA	NA	NA
1570088	99.925	60.425	NA	NA	141.533584	NA	NA	NA
1570089	99.975	60.425	NA	NA	136.953099	NA	NA	NA
1570122	101.625	60.425	NA	NA	138.342985	NA	NA	NA
1570123	101.675	60.425	NA	NA	141.577589	NA	NA	NA
1570124	101.725	60.425	NA	NA	141.556425	NA	NA	NA
1570125	101.775	60.425	NA	NA	141.541184	NA	NA	NA
1570126	101.825	60.425	NA	NA	138.08438	NA	NA	NA
1570376	114.325	60.425	125.059529	132.122667	148.871956	23.812427	16.749289	NA
1570377	114.375	60.425	125.777053	132.705744	138.462101	12.685048	5.756357	NA
1571945	-133.225	60.375	NA	NA	145.675616	NA	NA	NA
1571946	-133.175	60.375	138.965968	129.31805	153.925621	14.959652	24.607571	NA
1571947	-133.125	60.375	139.08851	129.641874	153.870005	14.781495	24.228131	NA
1572025	-129.225	60.375	NA	NA	155.73106	NA	NA	NA
1572026	-129.175	60.375	NA	NA	140.098748	NA	NA	NA
1572141	-123.425	60.375	123.839016	134.126997	134.276378	10.437363	0.149382	NA
1572142	-123.375	60.375	124.895006	134.032616	148.355842	23.460836	14.323226	NA
1572356	-112.675	60.375	NA	NA	123.78047	NA	NA	NA
1572357	-112.625	60.375	125.394473	133.940359	123.789558	-1.604915	-10.150801	NA
1572358	-112.575	60.375	124.264903	134.019304	123.776334	-0.488569	-10.24297	NA
1572359	-112.525	60.375	123.932545	135.190436	131.474248	7.541703	-3.716187	NA
1572360	-112.475	60.375	124.180417	137.292189	131.474777	7.29436	-5.817411	NA
1576574	98.225	60.375	NA	NA	138.208101	NA	NA	NA
1576575	98.275	60.375	NA	NA	141.426562	NA	NA	NA
1576576	98.325	60.375	NA	NA	141.409271	NA	NA	NA
1576577	98.375	60.375	NA	NA	141.4016	NA	NA	NA
1576578	98.425	60.375	NA	NA	141.390424	NA	NA	NA
1576590	99.025	60.375	NA	NA	141.680415	NA	NA	NA
1576591	99.075	60.375	NA	NA	136.550095	NA	NA	NA
1576606	99.825	60.375	NA	NA	141.571032	NA	NA	NA
1576607	99.875	60.375	NA	NA	141.54444	NA	NA	NA
1576608	99.925	60.375	NA	NA	141.539477	NA	NA	NA
1576609	99.975	60.375	NA	NA	141.523221	NA	NA	NA
1576610	100.025	60.375	NA	NA	141.45648	NA	NA	NA
1576630	101.025	60.375	NA	NA	141.790025	NA	NA	NA
1576631	101.075	60.375	NA	NA	136.888785	NA	NA	NA
1576632	101.125	60.375	NA	NA	141.727358	NA	NA	NA
1576636	101.325	60.375	NA	NA	141.639624	NA	NA	NA
1576637	101.375	60.375	NA	NA	141.609098	NA	NA	NA
1576638	101.425	60.375	NA	NA	141.603625	NA	NA	NA
1576639	101.475	60.375	NA	NA	141.602138	NA	NA	NA
1576640	101.525	60.375	NA	NA	141.594727	NA	NA	NA
1576641	101.575	60.375	NA	NA	141.58456	NA	NA	NA
1576642	101.625	60.375	NA	NA	141.567452	NA	NA	NA
1576646	101.825	60.375	NA	NA	141.532029	NA	NA	NA
1576647	101.875	60.375	NA	NA	141.445493	NA	NA	NA
1576648	101.925	60.375	NA	NA	141.421579	NA	NA	NA
1576649	101.975	60.375	NA	NA	141.431434	NA	NA	NA
1576896	114.325	60.375	125.533197	133.625504	148.869149	23.335952	15.243645	NA
1578467	-133.125	60.325	139.063206	129.665361	148.765169	9.701963	19.099808	NA
1578468	-133.075	60.325	138.8638	128.366911	153.862511	14.998711	25.4956	NA
1578469	-133.025	60.325	139.016472	130.045285	151.288719	12.272246	21.243434	NA
1578545	-129.225	60.325	NA	NA	155.706475	NA	NA	NA
1578546	-129.175	60.325	NA	NA	155.694572	NA	NA	NA
1578662	-123.375	60.325	124.669773	131.755993	148.347038	23.677265	16.591045	NA
1578663	-123.325	60.325	123.662338	127.721319	148.338084	24.675745	20.616764	NA
1578876	-112.675	60.325	124.192439	133.464694	123.70936	-0.483079	-9.755335	NA
1578877	-112.625	60.325	124.040962	135.112299	123.714381	-0.326581	-11.397918	NA
1578878	-112.575	60.325	123.732765	134.939423	131.572918	7.840152	-3.366506	NA
1578879	-112.525	60.325	123.379453	133.686387	131.572391	8.192939	-2.113996	NA
1578880	-112.475	60.325	123.891847	136.295103	131.572147	7.680301	-4.722955	NA
1578881	-112.425	60.325	123.930276	135.95698	131.572718	7.642442	-4.384261	NA
1578882	-112.375	60.325	NA	NA	125.123963	NA	NA	NA
1583097	98.375	60.325	NA	NA	141.368703	NA	NA	NA
1583098	98.425	60.325	NA	NA	141.389306	NA	NA	NA
1583110	99.025	60.325	NA	NA	141.69589	NA	NA	NA
1583111	99.075	60.325	NA	NA	141.665913	NA	NA	NA
1583112	99.125	60.325	NA	NA	141.651392	NA	NA	NA
1583113	99.175	60.325	NA	NA	141.624332	NA	NA	NA
1583114	99.225	60.325	NA	NA	141.605163	NA	NA	NA
1583115	99.275	60.325	NA	NA	141.595587	NA	NA	NA
1583116	99.325	60.325	NA	NA	141.587691	NA	NA	NA
1583117	99.375	60.325	NA	NA	141.652552	NA	NA	NA
1583118	99.425	60.325	NA	NA	141.631018	NA	NA	NA
1583119	99.475	60.325	NA	NA	141.604678	NA	NA	NA
1583120	99.525	60.325	NA	NA	141.594275	NA	NA	NA
1583121	99.575	60.325	NA	NA	141.588937	NA	NA	NA
1583122	99.625	60.325	NA	NA	141.60978	NA	NA	NA
1583123	99.675	60.325	NA	NA	141.605399	NA	NA	NA
1583124	99.725	60.325	NA	NA	141.610644	NA	NA	NA
1583125	99.775	60.325	NA	NA	141.603477	NA	NA	NA
1583126	99.825	60.325	NA	NA	141.606675	NA	NA	NA
1583127	99.875	60.325	NA	NA	141.578607	NA	NA	NA
1583128	99.925	60.325	NA	NA	141.489604	NA	NA	NA
1583129	99.975	60.325	NA	NA	141.462971	NA	NA	NA
1583130	100.025	60.325	NA	NA	141.43406	NA	NA	NA
1583148	100.925	60.325	NA	NA	141.804777	NA	NA	NA
1583149	100.975	60.325	NA	NA	141.795776	NA	NA	NA
1583150	101.025	60.325	NA	NA	135.908628	NA	NA	NA
1583151	101.075	60.325	NA	NA	141.750897	NA	NA	NA
1583152	101.125	60.325	NA	NA	135.933029	NA	NA	NA
1583153	101.175	60.325	NA	NA	141.706114	NA	NA	NA
1583154	101.225	60.325	NA	NA	141.675651	NA	NA	NA
1583155	101.275	60.325	NA	NA	141.668561	NA	NA	NA
1583156	101.325	60.325	NA	NA	141.64967	NA	NA	NA
1583166	101.825	60.325	NA	NA	141.510487	NA	NA	NA
1583169	101.975	60.325	NA	NA	141.441213	NA	NA	NA
1583170	102.025	60.325	NA	NA	141.42105	NA	NA	NA
1583171	102.075	60.325	NA	NA	141.414746	NA	NA	NA
1583172	102.125	60.325	NA	NA	141.405664	NA	NA	NA
1583173	102.175	60.325	NA	NA	141.387996	NA	NA	NA
1583174	102.225	60.325	NA	NA	136.35645	NA	NA	NA
1583175	102.275	60.325	NA	NA	141.338187	NA	NA	NA
1583176	102.325	60.325	NA	NA	141.307725	NA	NA	NA
1583415	114.275	60.325	126.058294	134.782878	148.861782	22.803489	14.078904	NA
1583416	114.325	60.325	125.511517	137.161008	143.439952	17.928435	6.278944	NA
1584989	-133.025	60.275	139.034852	130.090404	153.853694	14.818842	23.76329	NA
1584990	-132.975	60.275	139.027525	129.797432	153.787499	14.759975	23.990068	NA
1585066	-129.175	60.275	NA	NA	153.772082	NA	NA	NA
1585067	-129.125	60.275	NA	NA	153.751987	NA	NA	NA
1585180	-123.475	60.275	NA	NA	135.799807	NA	NA	NA
1585181	-123.425	60.275	124.473647	132.146093	148.448035	23.974388	16.301942	NA
1585182	-123.375	60.275	123.790307	131.762532	148.460766	24.670459	16.698234	NA
1585183	-123.325	60.275	NA	NA	136.14593	NA	NA	NA
1585402	-112.375	60.275	124.185905	135.607029	131.579514	7.393609	-4.027515	NA
1585403	-112.325	60.275	NA	NA	131.578851	NA	NA	NA
1589617	98.375	60.275	NA	NA	138.265769	NA	NA	NA
1589618	98.425	60.275	NA	NA	141.380886	NA	NA	NA
1589619	98.475	60.275	NA	NA	141.364945	NA	NA	NA
1589620	98.525	60.275	NA	NA	141.622863	NA	NA	NA
1589621	98.575	60.275	NA	NA	141.618222	NA	NA	NA
1589622	98.625	60.275	NA	NA	141.590741	NA	NA	NA
1589623	98.675	60.275	NA	NA	141.58849	NA	NA	NA
1589624	98.725	60.275	NA	NA	141.582843	NA	NA	NA
1589625	98.775	60.275	NA	NA	141.575081	NA	NA	NA
1589626	98.825	60.275	NA	NA	141.573331	NA	NA	NA
1589627	98.875	60.275	NA	NA	141.569229	NA	NA	NA
1589628	98.925	60.275	NA	NA	141.626505	NA	NA	NA
1589629	98.975	60.275	NA	NA	141.611177	NA	NA	NA
1589630	99.025	60.275	NA	NA	141.698777	NA	NA	NA
1589637	99.375	60.275	NA	NA	141.650781	NA	NA	NA
1589650	100.025	60.275	NA	NA	141.40938	NA	NA	NA
1589651	100.075	60.275	NA	NA	141.398362	NA	NA	NA
1589652	100.125	60.275	NA	NA	141.390793	NA	NA	NA
1589653	100.175	60.275	NA	NA	141.381233	NA	NA	NA
1589654	100.225	60.275	NA	NA	141.374058	NA	NA	NA
1589655	100.275	60.275	NA	NA	141.36798	NA	NA	NA
1589656	100.325	60.275	NA	NA	141.363872	NA	NA	NA
1589657	100.375	60.275	NA	NA	141.399252	NA	NA	NA
1589658	100.425	60.275	NA	NA	141.386477	NA	NA	NA
1589659	100.475	60.275	NA	NA	141.380588	NA	NA	NA
1589665	100.775	60.275	NA	NA	141.623123	NA	NA	NA
1589666	100.825	60.275	NA	NA	141.607725	NA	NA	NA
1589667	100.875	60.275	NA	NA	141.601076	NA	NA	NA
1589668	100.925	60.275	NA	NA	136.836876	NA	NA	NA
1589693	102.175	60.275	NA	NA	141.373913	NA	NA	NA
1589694	102.225	60.275	NA	NA	141.348907	NA	NA	NA
1589696	102.325	60.275	NA	NA	136.684787	NA	NA	NA
1589697	102.375	60.275	NA	NA	141.350024	NA	NA	NA
1589934	114.225	60.275	125.767276	134.49537	148.851867	23.08459	14.356496	NA
1589935	114.275	60.275	126.04823	133.612445	148.855555	22.807325	15.24311	NA
1591510	-132.975	60.225	139.005911	129.367563	127.801933	-11.203978	-1.565631	NA
1591511	-132.925	60.225	139.038879	130.036974	153.797568	14.758689	23.760594	NA
1591512	-132.875	60.225	138.974285	129.905051	146.561036	7.586751	16.655985	NA
1591587	-129.125	60.225	NA	NA	153.554253	NA	NA	NA
1591588	-129.075	60.225	NA	NA	153.562725	NA	NA	NA
1591698	-123.575	60.225	NA	NA	148.972352	NA	NA	NA
1591699	-123.525	60.225	123.863653	130.560496	148.979199	25.115546	18.418703	NA
1591700	-123.475	60.225	124.553894	132.833212	148.446226	23.892332	15.613014	NA
1591923	-112.325	60.225	123.870317	136.763519	131.578956	7.70864	-5.184563	NA
1591924	-112.275	60.225	124.320533	136.360377	131.57877	7.258237	-4.781606	NA
1596179	100.475	60.225	NA	NA	136.446296	NA	NA	NA
1596180	100.525	60.225	NA	NA	141.373668	NA	NA	NA
1596181	100.575	60.225	NA	NA	141.680973	NA	NA	NA
1596182	100.625	60.225	NA	NA	141.674476	NA	NA	NA
1596183	100.675	60.225	NA	NA	141.664723	NA	NA	NA
1596184	100.725	60.225	NA	NA	141.657326	NA	NA	NA
1596185	100.775	60.225	NA	NA	141.644134	NA	NA	NA
1596217	102.375	60.225	NA	NA	141.303114	NA	NA	NA
1596449	113.975	60.225	125.507069	136.343971	142.902651	17.395582	6.55868	NA
1596450	114.025	60.225	NA	NA	148.867266	NA	NA	NA
1596451	114.075	60.225	124.764446	140.461325	148.869375	24.104928	8.408049	NA
1596452	114.125	60.225	125.349734	139.656875	148.84497	23.495236	9.188096	NA
1596453	114.175	60.225	125.869302	136.504473	148.850657	22.981355	12.346184	NA
1598032	-132.875	60.175	138.983995	129.902447	153.857706	14.873711	23.955259	NA
1598033	-132.825	60.175	138.919082	129.970366	153.823951	14.904869	23.853586	NA
1598034	-132.775	60.175	138.948562	129.766872	153.81185	14.863288	24.044977	NA
1598035	-132.725	60.175	138.968889	129.01755	153.785358	14.816469	24.767807	NA
1598108	-129.075	60.175	NA	NA	153.516546	NA	NA	NA
1598109	-129.025	60.175	NA	NA	153.428586	NA	NA	NA
1598110	-128.975	60.175	NA	NA	153.436214	NA	NA	NA
1598215	-123.725	60.175	124.81808	131.172309	148.968489	24.150409	17.79618	NA
1598216	-123.675	60.175	124.976356	130.654544	148.970273	23.993917	18.315729	NA
1598217	-123.625	60.175	NA	NA	148.978621	NA	NA	NA
1598218	-123.575	60.175	NA	NA	138.078545	NA	NA	NA
1598444	-112.275	60.175	124.052313	135.173291	131.581669	7.529356	-3.591622	NA
1598445	-112.225	60.175	125.178087	136.824155	124.069855	-1.108232	-12.7543	NA
1602734	102.225	60.175	NA	NA	136.094569	NA	NA	NA
1602735	102.275	60.175	NA	NA	141.260443	NA	NA	NA
1602736	102.325	60.175	NA	NA	141.28417	NA	NA	NA
1602737	102.375	60.175	NA	NA	137.551526	NA	NA	NA
1602968	113.925	60.175	125.098447	130.302792	148.861294	23.762847	18.558502	NA
1602969	113.975	60.175	125.507069	136.343971	148.865723	23.358654	12.521752	NA
1604555	-132.725	60.125	138.859648	127.934685	154.346296	15.486649	26.411611	NA
1604556	-132.675	60.125	138.875325	128.802623	154.22712	15.351795	25.424497	NA
1604557	-132.625	60.125	NA	NA	154.195731	NA	NA	NA
1604629	-129.025	60.125	NA	NA	153.431586	NA	NA	NA
1604630	-128.975	60.125	NA	NA	153.423949	NA	NA	NA
1604631	-128.925	60.125	NA	NA	153.34718	NA	NA	NA
1604734	-123.775	60.125	124.001031	133.026319	148.942643	24.941611	15.916323	NA
1604735	-123.725	60.125	NA	NA	134.924264	NA	NA	NA
1604965	-112.225	60.125	124.138749	135.575477	131.581681	7.442933	-3.993795	NA
1609254	102.225	60.125	NA	NA	141.189494	NA	NA	NA
1609255	102.275	60.125	NA	NA	141.362355	NA	NA	NA
1609487	113.875	60.125	125.94975	131.514093	148.867742	22.917991	17.353648	NA
1609488	113.925	60.125	125.834433	139.099735	148.860731	23.026298	9.760996	NA
1611077	-132.625	60.075	138.658337	127.657351	138.125647	-0.53269	10.468295	NA
1611078	-132.575	60.075	138.608113	127.329966	154.513102	15.904989	27.183136	NA
1611079	-132.525	60.075	138.656895	127.437204	154.501184	15.844289	27.06398	NA
1611150	-128.975	60.075	NA	NA	137.921596	NA	NA	NA
1611151	-128.925	60.075	NA	NA	153.303243	NA	NA	NA
1611152	-128.875	60.075	NA	NA	153.159009	NA	NA	NA
1611252	-123.875	60.075	NA	NA	148.932735	NA	NA	NA
1611253	-123.825	60.075	NA	NA	148.934374	NA	NA	NA
1611254	-123.775	60.075	123.641679	132.58145	148.934519	25.29284	16.35307	NA
1611485	-112.225	60.075	124.47378	136.437588	131.632351	7.158571	-4.805237	NA
1611486	-112.175	60.075	124.106562	133.70515	131.631505	7.524944	-2.073644	NA
1615775	102.275	60.075	NA	NA	141.21528	NA	NA	NA
1615776	102.325	60.075	NA	NA	141.183204	NA	NA	NA
1616006	113.825	60.075	125.418221	131.760098	148.861956	23.443736	17.101858	NA
1616007	113.875	60.075	126.342948	131.16349	148.865705	22.522757	17.702215	NA
1617599	-132.525	60.025	138.644909	127.422752	154.495367	15.850459	27.072616	NA
1617600	-132.475	60.025	138.820859	128.355935	154.455257	15.634397	26.099322	NA
1617601	-132.425	60.025	138.896424	128.438098	154.451279	15.554855	26.01318	NA
1617671	-128.925	60.025	NA	NA	153.152025	NA	NA	NA
1617672	-128.875	60.025	NA	NA	153.160219	NA	NA	NA
1617673	-128.825	60.025	NA	NA	153.163169	NA	NA	NA
1617674	-128.775	60.025	NA	NA	153.050444	NA	NA	NA
1617675	-128.725	60.025	NA	NA	152.954785	NA	NA	NA
1617676	-128.675	60.025	NA	NA	152.953256	NA	NA	NA
1617677	-128.625	60.025	NA	NA	152.953962	NA	NA	NA
1617678	-128.575	60.025	NA	NA	127.044221	NA	NA	NA
1617773	-123.825	60.025	124.098231	133.353413	148.934073	24.835842	15.58066	NA
1617774	-123.775	60.025	NA	NA	148.928215	NA	NA	NA
1618006	-112.175	60.025	123.554131	133.154599	131.631946	8.077815	-1.522653	NA
1618007	-112.125	60.025	123.685486	134.40181	131.631696	7.94621	-2.770115	NA
1618008	-112.075	60.025	123.746929	131.857273	131.631913	7.884984	-0.22536	NA
1618009	-112.025	60.025	123.846807	130.958821	131.631918	7.785112	0.673097	NA
1618010	-111.975	60.025	123.924585	132.392138	131.632001	7.707416	-0.760137	NA
1618011	-111.925	60.025	123.815933	135.889982	131.632074	7.816141	-4.257908	NA
1618012	-111.875	60.025	123.579459	135.476576	131.632017	8.052558	-3.844559	NA
1618013	-111.825	60.025	123.805242	135.913064	131.632323	7.827081	-4.280741	NA
1622296	102.325	60.025	NA	NA	141.207243	NA	NA	NA
1622297	102.375	60.025	NA	NA	141.182781	NA	NA	NA
1622523	113.675	60.025	126.92496	140.071795	148.854315	21.929356	8.782521	NA
1622524	113.725	60.025	127.304143	137.922111	148.856085	21.551941	10.933974	NA
1622525	113.775	60.025	126.643368	136.165766	148.861793	22.218424	12.696027	NA
1622526	113.825	60.025	NA	NA	142.378986	NA	NA	NA
1624121	-132.425	59.975	138.980964	128.40006	154.444941	15.463978	26.044881	NA
1624122	-132.375	59.975	139.026562	129.098754	154.358122	15.33156	25.259368	NA
1624198	-128.575	59.975	NA	NA	152.948257	NA	NA	NA
1624199	-128.525	59.975	NA	NA	152.943399	NA	NA	NA
1624212	-127.875	59.975	NA	NA	151.749777	NA	NA	NA
1624213	-127.825	59.975	NA	NA	151.648501	NA	NA	NA
1624214	-127.775	59.975	NA	NA	151.648581	NA	NA	NA
1624215	-127.725	59.975	NA	NA	151.620458	NA	NA	NA
1624216	-127.675	59.975	NA	NA	151.611305	NA	NA	NA
1624217	-127.625	59.975	NA	NA	151.605047	NA	NA	NA
1624218	-127.575	59.975	NA	NA	151.614846	NA	NA	NA
1624219	-127.525	59.975	NA	NA	128.816911	NA	NA	NA
1624293	-123.825	59.975	124.743005	133.045516	148.925687	24.182682	15.880171	NA
1624294	-123.775	59.975	124.442864	132.882539	137.706027	13.263163	4.823487	NA
1624533	-111.825	59.975	NA	NA	131.632513	NA	NA	NA
1624534	-111.775	59.975	123.302283	136.180433	131.63204	8.329757	-4.548393	NA
1624535	-111.725	59.975	123.621404	133.970577	131.632462	8.011058	-2.338115	NA
1628816	102.325	59.975	NA	NA	137.413154	NA	NA	NA
1628817	102.375	59.975	NA	NA	141.321759	NA	NA	NA
1628818	102.425	59.975	NA	NA	141.292308	NA	NA	NA
1628820	102.525	59.975	NA	NA	141.23893	NA	NA	NA
1628821	102.575	59.975	NA	NA	141.202232	NA	NA	NA
1629042	113.625	59.975	125.728455	135.783039	148.851488	23.123033	13.068449	NA
1629043	113.675	59.975	126.476501	137.623513	148.855932	22.379431	11.232419	NA
1630642	-132.375	59.925	138.997236	128.960767	154.338926	15.341691	25.37816	NA
1630643	-132.325	59.925	139.052091	129.271147	126.368463	-12.683629	-2.902685	NA
1630719	-128.525	59.925	NA	NA	152.250338	NA	NA	NA
1630720	-128.475	59.925	NA	NA	152.254983	NA	NA	NA
1630721	-128.425	59.925	NA	NA	152.253005	NA	NA	NA
1630722	-128.375	59.925	NA	NA	152.250806	NA	NA	NA
1630723	-128.325	59.925	124.880695	138.179957	152.248719	27.368024	14.068762	NA
1630730	-127.975	59.925	124.409794	137.282896	151.762428	27.352634	14.479532	NA
1630731	-127.925	59.925	NA	NA	151.759841	NA	NA	NA
1630732	-127.875	59.925	NA	NA	151.754704	NA	NA	NA
1630739	-127.525	59.925	NA	NA	151.60775	NA	NA	NA
1630740	-127.475	59.925	NA	NA	151.57257	NA	NA	NA
1630741	-127.425	59.925	NA	NA	128.943711	NA	NA	NA
1630813	-123.825	59.925	125.028925	133.469903	148.918238	23.889313	15.448336	NA
1631055	-111.725	59.925	123.389295	135.11153	131.64284	8.253545	-3.46869	NA
1631056	-111.675	59.925	123.595273	133.874779	131.642727	8.047454	-2.232052	NA
1631057	-111.625	59.925	123.619698	135.875961	131.64322	8.023522	-4.232741	NA
1635338	102.425	59.925	NA	NA	141.281386	NA	NA	NA
1635339	102.475	59.925	NA	NA	141.249597	NA	NA	NA
1635340	102.525	59.925	NA	NA	136.756277	NA	NA	NA
1635341	102.575	59.925	NA	NA	136.51427	NA	NA	NA
1635342	102.625	59.925	NA	NA	141.193107	NA	NA	NA
1635343	102.675	59.925	NA	NA	141.177956	NA	NA	NA
1635344	102.725	59.925	NA	NA	141.163195	NA	NA	NA
1635560	113.525	59.925	127.153248	140.201694	140.628952	13.475704	0.427257	NA
1635561	113.575	59.925	126.115974	137.472267	148.849621	22.733647	11.377354	NA
1635562	113.625	59.925	125.855182	137.915649	143.592187	17.737005	5.676538	NA
1637163	-132.325	59.875	139.001022	129.238017	154.341049	15.340026	25.103032	NA
1637243	-128.325	59.875	NA	NA	152.18461	NA	NA	NA
1637244	-128.275	59.875	NA	NA	152.192642	NA	NA	NA
1637245	-128.225	59.875	NA	NA	152.202988	NA	NA	NA
1637246	-128.175	59.875	NA	NA	151.893965	NA	NA	NA
1637248	-128.075	59.875	NA	NA	123.830265	NA	NA	NA
1637249	-128.025	59.875	124.665478	134.773172	151.759001	27.093524	16.985829	NA
1637250	-127.975	59.875	124.416917	137.220182	151.770912	27.353995	14.55073	NA
1637260	-127.475	59.875	NA	NA	128.666543	NA	NA	NA
1637261	-127.425	59.875	NA	NA	151.561345	NA	NA	NA
1637333	-123.825	59.875	124.571197	134.489383	148.881404	24.310208	14.392021	NA
1637577	-111.625	59.875	123.435548	132.876753	131.645316	8.209769	-1.231437	NA
1637578	-111.575	59.875	123.946651	133.159315	131.645332	7.698682	-1.513983	NA
1641863	102.675	59.875	NA	NA	136.591298	NA	NA	NA
1641864	102.725	59.875	NA	NA	141.162239	NA	NA	NA
1641865	102.775	59.875	NA	NA	141.111132	NA	NA	NA
1641866	102.825	59.875	NA	NA	141.084657	NA	NA	NA
1641867	102.875	59.875	NA	NA	141.084586	NA	NA	NA
1641868	102.925	59.875	NA	NA	141.066437	NA	NA	NA
1641869	102.975	59.875	NA	NA	141.118482	NA	NA	NA
1641870	103.025	59.875	NA	NA	137.174903	NA	NA	NA
1642079	113.475	59.875	126.127706	135.029519	148.837047	22.709341	13.807528	NA
1642080	113.525	59.875	124.894056	123.722378	148.842479	23.948423	25.120102	NA
1643683	-132.325	59.825	138.978334	129.074085	127.466777	-11.511556	-1.607308	NA
1643684	-132.275	59.825	139.072322	129.474391	154.340751	15.26843	24.86636	NA
1643764	-128.275	59.825	NA	NA	152.202815	NA	NA	NA
1643766	-128.175	59.825	NA	NA	151.895339	NA	NA	NA
1643767	-128.125	59.825	NA	NA	151.862884	NA	NA	NA
1643768	-128.075	59.825	NA	NA	151.866988	NA	NA	NA
1643769	-128.025	59.825	NA	NA	151.773866	NA	NA	NA
1643779	-127.525	59.825	NA	NA	127.046192	NA	NA	NA
1643780	-127.475	59.825	NA	NA	151.602174	NA	NA	NA
1643852	-123.875	59.825	123.782822	133.278874	148.892796	25.109974	15.613922	NA
1643853	-123.825	59.825	124.619809	133.015993	134.580579	9.960769	1.564585	NA
1644098	-111.575	59.825	124.286125	136.0496	131.6447	7.358575	-4.4049	NA
1648390	103.025	59.825	NA	NA	141.107387	NA	NA	NA
1648597	113.375	59.825	125.588396	130.614926	148.829172	23.240776	18.214246	NA
1648598	113.425	59.825	126.25117	131.592293	148.835133	22.583963	17.242841	NA
1648599	113.475	59.825	125.656795	137.053824	141.54496	15.888165	4.491136	NA
1650204	-132.275	59.775	139.078845	129.253948	155.58098	16.502135	26.327032	NA
1650205	-132.225	59.775	139.047393	128.792972	153.916796	14.869403	25.123824	NA
1650300	-127.475	59.775	NA	NA	151.602445	NA	NA	NA
1650372	-123.875	59.775	124.240192	135.044143	148.874299	24.634107	13.830156	NA
1650373	-123.825	59.775	124.150777	134.777717	148.881708	24.730931	14.103991	NA
1650618	-111.575	59.775	NA	NA	124.534434	NA	NA	NA
1650619	-111.525	59.775	124.05894	135.299247	131.642457	7.583517	-3.65679	NA
1654910	103.025	59.775	NA	NA	141.171323	NA	NA	NA
1654911	103.075	59.775	NA	NA	141.278242	NA	NA	NA
1654912	103.125	59.775	NA	NA	141.270211	NA	NA	NA
1655114	113.225	59.775	127.698261	136.961453	148.825976	21.127714	11.864522	NA
1655115	113.275	59.775	126.321672	131.619554	148.827125	22.505454	17.207571	NA
1655116	113.325	59.775	127.299553	138.373637	148.828411	21.528859	10.454775	NA
1655117	113.375	59.775	125.947892	136.176911	148.831965	22.884073	12.655054	NA
1656725	-132.225	59.725	139.024291	129.175552	153.821531	14.79724	24.645979	NA
1656726	-132.175	59.725	138.944162	128.434902	153.211639	14.267477	24.776737	NA
1656819	-127.525	59.725	NA	NA	151.574901	NA	NA	NA
1656820	-127.475	59.725	NA	NA	151.578061	NA	NA	NA
1656821	-127.425	59.725	NA	NA	151.578202	NA	NA	NA
1656822	-127.375	59.725	NA	NA	151.578107	NA	NA	NA
1656823	-127.325	59.725	NA	NA	151.588375	NA	NA	NA
1656824	-127.275	59.725	NA	NA	151.594475	NA	NA	NA
1656825	-127.225	59.725	NA	NA	151.599719	NA	NA	NA
1656879	-124.525	59.725	NA	NA	150.666302	NA	NA	NA
1656880	-124.475	59.725	NA	NA	150.663586	NA	NA	NA
1656881	-124.425	59.725	NA	NA	150.666145	NA	NA	NA
1656882	-124.375	59.725	NA	NA	150.668401	NA	NA	NA
1656883	-124.325	59.725	123.870928	133.65978	150.533999	26.663071	16.874219	NA
1656891	-123.925	59.725	124.084058	134.004181	134.713076	10.629018	0.708895	NA
1656892	-123.875	59.725	124.107021	131.081867	148.871029	24.764008	17.789162	NA
1657139	-111.525	59.725	124.376021	137.255815	131.640734	7.264713	-5.615081	NA
1661431	103.075	59.725	NA	NA	141.26913	NA	NA	NA
1661432	103.125	59.725	NA	NA	141.237479	NA	NA	NA
1661433	103.175	59.725	NA	NA	141.192633	NA	NA	NA
1661434	103.225	59.725	NA	NA	141.15868	NA	NA	NA
1661435	103.275	59.725	NA	NA	141.14479	NA	NA	NA
1661631	113.075	59.725	126.253379	137.053478	148.829051	22.575672	11.775573	NA
1661632	113.125	59.725	126.515771	137.192244	148.829044	22.313273	11.636799	NA
1661633	113.175	59.725	126.125362	134.502154	148.823541	22.698179	14.321386	NA
1661634	113.225	59.725	NA	NA	137.958053	NA	NA	NA
1663246	-132.175	59.675	139.011581	128.509489	153.25405	14.242469	24.744561	NA
1663247	-132.125	59.675	139.094995	129.285331	155.881269	16.786274	26.595938	NA
1663343	-127.325	59.675	NA	NA	127.107091	NA	NA	NA
1663344	-127.275	59.675	NA	NA	151.596478	NA	NA	NA
1663345	-127.225	59.675	NA	NA	151.598546	NA	NA	NA
1663346	-127.175	59.675	NA	NA	151.605014	NA	NA	NA
1663347	-127.125	59.675	NA	NA	135.611727	NA	NA	NA
1663350	-126.975	59.675	NA	NA	151.120002	NA	NA	NA
1663398	-124.575	59.675	NA	NA	150.673517	NA	NA	NA
1663399	-124.525	59.675	NA	NA	139.351279	NA	NA	NA
1663403	-124.325	59.675	123.870928	133.65978	150.529401	26.658473	16.86962	NA
1663404	-124.275	59.675	NA	NA	150.531857	NA	NA	NA
1663405	-124.225	59.675	NA	NA	150.540486	NA	NA	NA
1663410	-123.975	59.675	123.798911	132.912488	136.508502	12.709591	3.596014	NA
1663411	-123.925	59.675	124.094116	133.971097	148.861092	24.766977	14.889995	NA
1663659	-111.525	59.675	NA	NA	131.638668	NA	NA	NA
1663660	-111.475	59.675	123.930541	135.744153	131.637318	7.706777	-4.106834	NA
1663661	-111.425	59.675	124.130212	135.780097	123.656224	-0.473988	-12.123873	NA
1667952	103.125	59.675	NA	NA	141.218934	NA	NA	NA
1667953	103.175	59.675	NA	NA	136.716575	NA	NA	NA
1667954	103.225	59.675	NA	NA	141.399451	NA	NA	NA
1667955	103.275	59.675	NA	NA	141.445224	NA	NA	NA
1668145	112.775	59.675	124.117908	137.18813	137.154141	13.036233	-0.033989	NA
1668146	112.825	59.675	124.787635	131.27215	148.832732	24.045097	17.560582	NA
1668147	112.875	59.675	125.44332	134.911219	148.825101	23.381781	13.913883	NA
1668148	112.925	59.675	125.586235	136.954736	148.82619	23.239955	11.871454	NA
1668149	112.975	59.675	124.981971	129.538379	148.827107	23.845136	19.288727	NA
1668150	113.025	59.675	125.014605	127.516513	148.826665	23.81206	21.310152	NA
1668151	113.075	59.675	126.253379	137.053478	135.66562	9.41224	-1.387859	NA
1669767	-132.125	59.625	NA	NA	149.400946	NA	NA	NA
1669768	-132.075	59.625	NA	NA	155.912577	NA	NA	NA
1669769	-132.025	59.625	NA	NA	155.929287	NA	NA	NA
1669770	-131.975	59.625	NA	NA	144.71936	NA	NA	NA
1669772	-131.875	59.625	NA	NA	156.260002	NA	NA	NA
1669773	-131.825	59.625	NA	NA	154.112825	NA	NA	NA
1669867	-127.125	59.625	NA	NA	151.598318	NA	NA	NA
1669868	-127.075	59.625	NA	NA	151.4548	NA	NA	NA
1669869	-127.025	59.625	NA	NA	151.44147	NA	NA	NA
1669870	-126.975	59.625	NA	NA	151.446863	NA	NA	NA
1669871	-126.925	59.625	NA	NA	151.122495	NA	NA	NA
1669872	-126.875	59.625	124.08844	133.368776	151.115109	27.02667	17.746334	NA
1669873	-126.825	59.625	NA	NA	151.113043	NA	NA	NA
1669874	-126.775	59.625	NA	NA	151.119422	NA	NA	NA
1669917	-124.625	59.625	NA	NA	144.208393	NA	NA	NA
1669925	-124.225	59.625	NA	NA	140.161004	NA	NA	NA
1669926	-124.175	59.625	NA	NA	150.54703	NA	NA	NA
1669927	-124.125	59.625	NA	NA	150.538851	NA	NA	NA
1669929	-124.025	59.625	123.161741	136.049848	135.552256	12.390515	-0.497592	NA
1669930	-123.975	59.625	124.238241	133.548381	148.851366	24.613126	15.302986	NA
1670181	-111.425	59.625	125.11718	136.50628	131.637438	6.520259	-4.868841	NA
1674474	103.225	59.625	NA	NA	136.751253	NA	NA	NA
1674475	103.275	59.625	NA	NA	141.392063	NA	NA	NA
1674476	103.325	59.625	NA	NA	141.376621	NA	NA	NA
1674477	103.375	59.625	NA	NA	141.35731	NA	NA	NA
1674568	107.925	59.625	NA	NA	136.951908	NA	NA	NA
1674569	107.975	59.625	NA	NA	136.919853	NA	NA	NA
1674570	108.025	59.625	NA	NA	136.906338	NA	NA	NA
1674571	108.075	59.625	NA	NA	136.895791	NA	NA	NA
1674664	112.725	59.625	124.888919	140.614907	148.827863	23.938944	8.212956	NA
1674665	112.775	59.625	124.674955	140.218676	148.831943	24.156988	8.613267	NA
1676290	-131.975	59.575	NA	NA	155.970969	NA	NA	NA
1676291	-131.925	59.575	NA	NA	156.101662	NA	NA	NA
1676292	-131.875	59.575	NA	NA	156.22166	NA	NA	NA
1676293	-131.825	59.575	NA	NA	156.352549	NA	NA	NA
1676394	-126.775	59.575	NA	NA	132.688525	NA	NA	NA
1676395	-126.725	59.575	NA	NA	151.118244	NA	NA	NA
1676396	-126.675	59.575	NA	NA	151.106125	NA	NA	NA
1676397	-126.625	59.575	NA	NA	151.113193	NA	NA	NA
1676398	-126.575	59.575	NA	NA	151.114004	NA	NA	NA
1676399	-126.525	59.575	NA	NA	151.115903	NA	NA	NA
1676400	-126.475	59.575	NA	NA	139.402715	NA	NA	NA
1676445	-124.225	59.575	NA	NA	150.524755	NA	NA	NA
1676446	-124.175	59.575	NA	NA	150.532329	NA	NA	NA
1676447	-124.125	59.575	123.786703	133.899679	150.562033	26.77533	16.662355	NA
1676449	-124.025	59.575	124.034343	134.900683	148.838178	24.803835	13.937495	NA
1676701	-111.425	59.575	124.059932	136.722206	131.660997	7.601065	-5.061209	NA
1680996	103.325	59.575	NA	NA	141.408788	NA	NA	NA
1680997	103.375	59.575	NA	NA	136.884912	NA	NA	NA
1680998	103.425	59.575	NA	NA	141.349651	NA	NA	NA
1681070	107.025	59.575	NA	NA	137.326654	NA	NA	NA
1681071	107.075	59.575	NA	NA	137.344908	NA	NA	NA
1681072	107.125	59.575	NA	NA	137.33325	NA	NA	NA
1681090	108.025	59.575	NA	NA	135.943973	NA	NA	NA
1681091	108.075	59.575	NA	NA	136.886337	NA	NA	NA
1681182	112.625	59.575	125.929849	136.917622	149.289535	23.359686	12.371913	NA
1681183	112.675	59.575	126.645097	135.292294	149.290229	22.645131	13.997935	NA
1681184	112.725	59.575	126.834682	139.813522	149.294176	22.459494	9.480653	NA
1682813	-131.825	59.525	NA	NA	156.408668	NA	NA	NA
1682814	-131.775	59.525	NA	NA	156.474977	NA	NA	NA
1682815	-131.725	59.525	NA	NA	156.51766	NA	NA	NA
1682833	-130.825	59.525	136.915353	144.057574	157.622053	20.7067	13.56448	NA
1682834	-130.775	59.525	137.735381	138.63313	157.781419	20.046038	19.14829	NA
1682920	-126.475	59.525	NA	NA	150.782646	NA	NA	NA
1682956	-124.675	59.525	NA	NA	150.686055	NA	NA	NA
1682967	-124.125	59.525	123.720784	133.900361	150.567562	26.846778	16.667201	NA
1682968	-124.075	59.525	NA	NA	150.476461	NA	NA	NA
1682969	-124.025	59.525	NA	NA	150.504864	NA	NA	NA
1683220	-111.475	59.525	124.435748	136.445134	131.660499	7.224752	-4.784635	NA
1683221	-111.425	59.525	124.45946	136.497716	131.659575	7.200115	-4.838141	NA
1687516	103.325	59.525	NA	NA	137.080198	NA	NA	NA
1687517	103.375	59.525	NA	NA	141.30691	NA	NA	NA
1687518	103.425	59.525	NA	NA	137.672571	NA	NA	NA
1687584	106.725	59.525	NA	NA	133.535754	NA	NA	NA
1687585	106.775	59.525	NA	NA	137.199417	NA	NA	NA
1687586	106.825	59.525	NA	NA	137.234313	NA	NA	NA
1687587	106.875	59.525	NA	NA	137.272452	NA	NA	NA
1687588	106.925	59.525	NA	NA	137.277056	NA	NA	NA
1687589	106.975	59.525	NA	NA	137.30757	NA	NA	NA
1687590	107.025	59.525	NA	NA	135.445514	NA	NA	NA
1687592	107.125	59.525	NA	NA	135.532565	NA	NA	NA
1687593	107.175	59.525	NA	NA	137.342946	NA	NA	NA
1687594	107.225	59.525	NA	NA	137.370315	NA	NA	NA
1687595	107.275	59.525	NA	NA	135.971262	NA	NA	NA
1687610	108.025	59.525	NA	NA	136.881372	NA	NA	NA
1687611	108.075	59.525	NA	NA	136.84021	NA	NA	NA
1687701	112.575	59.525	125.505977	137.198988	149.287904	23.781927	12.088916	NA
1687702	112.625	59.525	124.567649	139.700369	135.07448	10.506831	-4.625889	NA
1689335	-131.725	59.475	NA	NA	148.06812	NA	NA	NA
1689336	-131.675	59.475	NA	NA	156.626503	NA	NA	NA
1689337	-131.625	59.475	NA	NA	156.66423	NA	NA	NA
1689338	-131.575	59.475	NA	NA	156.701536	NA	NA	NA
1689339	-131.525	59.475	NA	NA	156.727784	NA	NA	NA
1689352	-130.875	59.475	138.301091	136.240011	151.048591	12.7475	14.808581	NA
1689353	-130.825	59.475	NA	NA	157.267053	NA	NA	NA
1689354	-130.775	59.475	NA	NA	152.96743	NA	NA	NA
1689355	-130.725	59.475	NA	NA	158.651853	NA	NA	NA
1689356	-130.675	59.475	NA	NA	159.234295	NA	NA	NA
1689443	-126.325	59.475	NA	NA	150.67302	NA	NA	NA
1689444	-126.275	59.475	NA	NA	150.676327	NA	NA	NA
1689740	-111.475	59.475	123.897743	136.691822	131.659434	7.761691	-5.032387	NA
1694037	103.375	59.475	NA	NA	141.251489	NA	NA	NA
1694038	103.425	59.475	NA	NA	141.3749	NA	NA	NA
1694039	103.475	59.475	NA	NA	141.389352	NA	NA	NA
1694040	103.525	59.475	NA	NA	141.329752	NA	NA	NA
1694102	106.625	59.475	NA	NA	137.141682	NA	NA	NA
1694103	106.675	59.475	NA	NA	137.147604	NA	NA	NA
1694104	106.725	59.475	NA	NA	137.161473	NA	NA	NA
1694105	106.775	59.475	NA	NA	137.188184	NA	NA	NA
1694106	106.825	59.475	NA	NA	137.258725	NA	NA	NA
1694115	107.275	59.475	NA	NA	137.380128	NA	NA	NA
1694116	107.325	59.475	NA	NA	137.410796	NA	NA	NA
1694117	107.375	59.475	NA	NA	135.109393	NA	NA	NA
1694129	107.975	59.475	NA	NA	136.806306	NA	NA	NA
1694130	108.025	59.475	NA	NA	136.830715	NA	NA	NA
1694131	108.075	59.475	NA	NA	136.763971	NA	NA	NA
1694221	112.575	59.475	124.806501	138.382797	149.282423	24.475922	10.899627	NA
1694222	112.625	59.475	124.868636	133.045235	134.903115	10.034479	1.85788	NA
1694223	112.675	59.475	124.778797	131.977814	137.128661	12.349865	5.150847	NA
1695859	-131.525	59.425	NA	NA	156.778964	NA	NA	NA
1695860	-131.475	59.425	NA	NA	156.789172	NA	NA	NA
1695861	-131.425	59.425	NA	NA	156.844344	NA	NA	NA
1695862	-131.375	59.425	NA	NA	156.884948	NA	NA	NA
1695863	-131.325	59.425	NA	NA	157.00022	NA	NA	NA
1695864	-131.275	59.425	NA	NA	157.020076	NA	NA	NA
1695871	-130.925	59.425	NA	NA	155.832933	NA	NA	NA
1695872	-130.875	59.425	138.11255	139.071012	156.813002	18.700452	17.741989	NA
1695873	-130.825	59.425	NA	NA	157.158317	NA	NA	NA
1695876	-130.675	59.425	NA	NA	159.424462	NA	NA	NA
1695877	-130.625	59.425	NA	NA	159.582152	NA	NA	NA
1695878	-130.575	59.425	NA	NA	159.961577	NA	NA	NA
1695964	-126.275	59.425	NA	NA	137.544613	NA	NA	NA
1695965	-126.225	59.425	NA	NA	150.657849	NA	NA	NA
1695966	-126.175	59.425	NA	NA	150.659361	NA	NA	NA
1695967	-126.125	59.425	NA	NA	150.639755	NA	NA	NA
1695968	-126.075	59.425	NA	NA	150.666887	NA	NA	NA
1695969	-126.025	59.425	NA	NA	150.654726	NA	NA	NA
1695970	-125.975	59.425	NA	NA	150.653745	NA	NA	NA
1695971	-125.925	59.425	NA	NA	150.653235	NA	NA	NA
1695972	-125.875	59.425	NA	NA	150.663277	NA	NA	NA
1695973	-125.825	59.425	NA	NA	129.367875	NA	NA	NA
1696260	-111.475	59.425	124.247897	136.781239	131.657786	7.409889	-5.123453	NA
1700559	103.475	59.425	NA	NA	137.540761	NA	NA	NA
1700560	103.525	59.425	NA	NA	141.375924	NA	NA	NA
1700561	103.575	59.425	NA	NA	141.310911	NA	NA	NA
1700562	103.625	59.425	NA	NA	141.300363	NA	NA	NA
1700563	103.675	59.425	NA	NA	141.289416	NA	NA	NA
1700564	103.725	59.425	NA	NA	137.534507	NA	NA	NA
1700565	103.775	59.425	NA	NA	141.268948	NA	NA	NA
1700566	103.825	59.425	NA	NA	141.273124	NA	NA	NA
1700620	106.525	59.425	NA	NA	137.119081	NA	NA	NA
1700621	106.575	59.425	NA	NA	137.126888	NA	NA	NA
1700622	106.625	59.425	NA	NA	137.138326	NA	NA	NA
1700637	107.375	59.425	NA	NA	137.417605	NA	NA	NA
1700638	107.425	59.425	NA	NA	137.431213	NA	NA	NA
1700639	107.475	59.425	NA	NA	137.4773	NA	NA	NA
1700649	107.975	59.425	NA	NA	135.767789	NA	NA	NA
1700650	108.025	59.425	NA	NA	136.799839	NA	NA	NA
1700651	108.075	59.425	NA	NA	136.73076	NA	NA	NA
1700652	108.125	59.425	NA	NA	134.895092	NA	NA	NA
1700741	112.575	59.425	123.860261	136.62487	146.479902	22.619641	9.855032	NA
1700743	112.675	59.425	124.778797	131.977814	151.793827	27.015031	19.816014	NA
1700744	112.725	59.425	124.846652	135.550189	151.794965	26.948313	16.244776	NA
1700745	112.775	59.425	124.574627	125.293167	151.793342	27.218715	26.500175	NA
1702384	-131.275	59.375	NA	NA	157.001207	NA	NA	NA
1702385	-131.225	59.375	NA	NA	156.968807	NA	NA	NA
1702386	-131.175	59.375	NA	NA	157.031156	NA	NA	NA
1702387	-131.125	59.375	NA	NA	156.995039	NA	NA	NA
1702388	-131.075	59.375	NA	NA	157.03739	NA	NA	NA
1702389	-131.025	59.375	NA	NA	157.039209	NA	NA	NA
1702390	-130.975	59.375	138.320208	138.000936	157.027311	18.707103	19.026375	NA
1702391	-130.925	59.375	NA	NA	157.10453	NA	NA	NA
1702398	-130.575	59.375	NA	NA	160.259064	NA	NA	NA
1702399	-130.525	59.375	NA	NA	159.410227	NA	NA	NA
1702400	-130.475	59.375	NA	NA	159.782196	NA	NA	NA
1702488	-126.075	59.375	NA	NA	133.283875	NA	NA	NA
1702489	-126.025	59.375	NA	NA	150.654861	NA	NA	NA
1702493	-125.825	59.375	NA	NA	139.870594	NA	NA	NA
1702494	-125.775	59.375	NA	NA	150.648161	NA	NA	NA
1702495	-125.725	59.375	NA	NA	150.65235	NA	NA	NA
1702496	-125.675	59.375	NA	NA	150.637046	NA	NA	NA
1702780	-111.475	59.375	124.253418	134.864043	131.682015	7.428597	-3.182029	NA
1702781	-111.425	59.375	124.192288	135.051557	131.679626	7.487338	-3.371931	NA
1707083	103.675	59.375	NA	NA	137.87018	NA	NA	NA
1707084	103.725	59.375	NA	NA	141.297244	NA	NA	NA
1707086	103.825	59.375	NA	NA	141.540106	NA	NA	NA
1707087	103.875	59.375	NA	NA	141.562332	NA	NA	NA
1707088	103.925	59.375	NA	NA	141.55721	NA	NA	NA
1707089	103.975	59.375	NA	NA	141.543213	NA	NA	NA
1707137	106.375	59.375	NA	NA	136.449608	NA	NA	NA
1707138	106.425	59.375	NA	NA	137.062695	NA	NA	NA
1707139	106.475	59.375	NA	NA	137.068749	NA	NA	NA
1707140	106.525	59.375	NA	NA	137.100461	NA	NA	NA
1707158	107.425	59.375	NA	NA	135.50752	NA	NA	NA
1707159	107.475	59.375	NA	NA	137.491302	NA	NA	NA
1707160	107.525	59.375	NA	NA	137.505777	NA	NA	NA
1707161	107.575	59.375	NA	NA	137.534248	NA	NA	NA
1707171	108.075	59.375	NA	NA	136.708858	NA	NA	NA
1707172	108.125	59.375	NA	NA	136.676858	NA	NA	NA
1707173	108.175	59.375	NA	NA	136.662898	NA	NA	NA
1707260	112.525	59.375	125.337991	135.774001	146.482541	21.14455	10.70854	NA
1707261	112.575	59.375	124.817735	133.835811	137.273497	12.455761	3.437686	NA
1707265	112.775	59.375	124.575554	125.324571	137.967407	13.391853	12.642836	NA
1707266	112.825	59.375	124.555069	125.679362	151.804628	27.249559	26.125266	NA
1708920	-130.475	59.325	NA	NA	159.068148	NA	NA	NA
1708921	-130.425	59.325	NA	NA	158.459475	NA	NA	NA
1708922	-130.375	59.325	NA	NA	158.206735	NA	NA	NA
1709018	-125.575	59.325	NA	NA	150.634391	NA	NA	NA
1709019	-125.525	59.325	NA	NA	150.623337	NA	NA	NA
1709301	-111.425	59.325	123.933608	135.168059	131.678812	7.745204	-3.489247	NA
1713609	103.975	59.325	NA	NA	141.544165	NA	NA	NA
1713610	104.025	59.325	NA	NA	141.559415	NA	NA	NA
1713611	104.075	59.325	NA	NA	137.79713	NA	NA	NA
1713656	106.325	59.325	NA	NA	137.022617	NA	NA	NA
1713657	106.375	59.325	NA	NA	137.057585	NA	NA	NA
1713681	107.575	59.325	NA	NA	137.54747	NA	NA	NA
1713682	107.625	59.325	NA	NA	137.562142	NA	NA	NA
1713683	107.675	59.325	NA	NA	137.566572	NA	NA	NA
1713684	107.725	59.325	NA	NA	137.608187	NA	NA	NA
1713685	107.775	59.325	NA	NA	136.234409	NA	NA	NA
1713686	107.825	59.325	NA	NA	135.737239	NA	NA	NA
1713693	108.175	59.325	NA	NA	136.650733	NA	NA	NA
1713694	108.225	59.325	NA	NA	136.633533	NA	NA	NA
1713779	112.475	59.325	125.38209	134.736756	146.465101	21.083011	11.728345	NA
1713780	112.525	59.325	125.404257	137.022055	146.477546	21.073289	9.455492	NA
1713786	112.825	59.325	124.958389	132.155499	151.84367	26.885281	19.688171	NA
1715541	-125.425	59.275	NA	NA	150.601816	NA	NA	NA
1715546	-125.175	59.275	NA	NA	141.509716	NA	NA	NA
1715820	-111.475	59.275	124.514691	133.819719	131.673288	7.158597	-2.146432	NA
1715821	-111.425	59.275	124.333974	133.884232	131.676478	7.342504	-2.207754	NA
1720131	104.075	59.275	NA	NA	141.560097	NA	NA	NA
1720177	106.375	59.275	NA	NA	136.934629	NA	NA	NA
1720178	106.425	59.275	NA	NA	136.880669	NA	NA	NA
1720179	106.475	59.275	NA	NA	136.823703	NA	NA	NA
1720180	106.525	59.275	NA	NA	136.80587	NA	NA	NA
1720205	107.775	59.275	NA	NA	137.615433	NA	NA	NA
1720206	107.825	59.275	NA	NA	137.624477	NA	NA	NA
1720207	107.875	59.275	NA	NA	137.638547	NA	NA	NA
1720208	107.925	59.275	NA	NA	137.652609	NA	NA	NA
1720209	107.975	59.275	NA	NA	137.662498	NA	NA	NA
1720210	108.025	59.275	NA	NA	137.698913	NA	NA	NA
1720211	108.075	59.275	NA	NA	134.682884	NA	NA	NA
1720213	108.175	59.275	NA	NA	136.625768	NA	NA	NA
1720214	108.225	59.275	NA	NA	136.588867	NA	NA	NA
1720297	112.375	59.275	125.829611	128.82126	146.450487	20.620876	17.629227	NA
1720298	112.425	59.275	126.306237	133.634461	146.459901	20.153664	12.82544	NA
1720299	112.475	59.275	125.448176	127.806712	146.463675	21.015498	18.656963	NA
1720305	112.775	59.275	124.871147	127.012787	151.850352	26.979205	24.837565	NA
1720306	112.825	59.275	124.999952	131.454293	151.853809	26.853857	20.399516	NA
1722340	-111.475	59.225	124.030099	135.860149	131.67287	7.642771	-4.187279	NA
1722341	-111.425	59.225	123.743193	134.045141	131.671096	7.927902	-2.374046	NA
1722342	-111.375	59.225	123.585125	135.543851	131.670581	8.085456	-3.87327	NA
1726652	104.125	59.225	NA	NA	141.568143	NA	NA	NA
1726700	106.525	59.225	NA	NA	134.905948	NA	NA	NA
1726701	106.575	59.225	NA	NA	136.799571	NA	NA	NA
1726702	106.625	59.225	NA	NA	136.781346	NA	NA	NA
1726703	106.675	59.225	NA	NA	136.788438	NA	NA	NA
1726704	106.725	59.225	NA	NA	136.798619	NA	NA	NA
1726705	106.775	59.225	NA	NA	136.785636	NA	NA	NA
1726731	108.075	59.225	NA	NA	137.706302	NA	NA	NA
1726732	108.125	59.225	NA	NA	137.724814	NA	NA	NA
1726733	108.175	59.225	NA	NA	137.783416	NA	NA	NA
1726734	108.225	59.225	NA	NA	134.489942	NA	NA	NA
1726807	111.875	59.225	124.9336	130.077639	146.456492	21.522893	16.378854	NA
1726808	111.925	59.225	124.749658	133.693288	146.457152	21.707494	12.763864	NA
1726809	111.975	59.225	124.86719	124.433474	146.456902	21.589712	22.023428	NA
1726813	112.175	59.225	125.989013	129.338521	135.45872	9.469707	6.120199	NA
1726814	112.225	59.225	NA	NA	146.469604	NA	NA	NA
1726815	112.275	59.225	127.128635	132.171055	146.474907	19.346271	14.303852	NA
1726816	112.325	59.225	126.649698	128.842376	146.482898	19.8332	17.640522	NA
1726817	112.375	59.225	NA	NA	146.497007	NA	NA	NA
1726824	112.725	59.225	124.99899	130.724733	151.855315	26.856325	21.130583	NA
1726825	112.775	59.225	125.002129	133.76295	151.859033	26.856905	18.096083	NA
1727082	125.625	59.225	NA	NA	147.330645	NA	NA	NA
1727083	125.675	59.225	NA	NA	136.83805	NA	NA	NA
1728836	-112.675	59.175	124.172364	136.6672	132.248108	8.075744	-4.419092	NA
1728837	-112.625	59.175	124.116326	136.314213	132.251341	8.135015	-4.062873	NA
1728838	-112.575	59.175	123.714972	136.208224	132.254294	8.539322	-3.95393	NA
1728839	-112.525	59.175	124.138889	135.384396	132.263254	8.124364	-3.121142	NA
1728861	-111.425	59.175	124.186188	134.46938	131.678769	7.492581	-2.790611	NA
1728862	-111.375	59.175	123.675423	134.332508	123.341482	-0.33394	-10.991026	NA
1733225	106.775	59.175	NA	NA	136.765048	NA	NA	NA
1733226	106.825	59.175	NA	NA	136.747672	NA	NA	NA
1733227	106.875	59.175	NA	NA	135.04001	NA	NA	NA
1733228	106.925	59.175	NA	NA	135.041389	NA	NA	NA
1733324	111.725	59.175	NA	NA	135.728256	NA	NA	NA
1733325	111.775	59.175	NA	NA	146.515273	NA	NA	NA
1733326	111.825	59.175	125.535903	130.839193	146.460899	20.924996	15.621706	NA
1733327	111.875	59.175	125.222287	138.857038	136.228661	11.006374	-2.628377	NA
1733343	112.675	59.175	124.749691	135.528898	139.642069	14.892378	4.113171	NA
1733344	112.725	59.175	124.763306	125.501536	151.85914	27.095834	26.357604	NA
1733603	125.675	59.175	124.676857	134.870168	147.323512	22.646655	12.453343	NA
1733604	125.725	59.175	NA	NA	147.335641	NA	NA	NA
1735353	-112.825	59.125	123.335844	135.615549	132.230035	8.894191	-3.385514	NA
1735354	-112.775	59.125	124.035188	134.35376	132.232854	8.197666	-2.120906	NA
1735355	-112.725	59.125	124.187515	135.212062	132.246866	8.059352	-2.965196	NA
1735356	-112.675	59.125	124.161621	136.561812	124.240156	0.078536	-12.321656	NA
1735359	-112.525	59.125	124.134715	135.274804	124.655582	0.520867	-10.619222	NA
1735360	-112.475	59.125	123.876377	134.00719	132.266206	8.389829	-1.740984	NA
1735361	-112.425	59.125	123.926776	134.650622	132.269541	8.342765	-2.381081	NA
1735362	-112.375	59.125	124.43522	136.079252	132.27273	7.83751	-3.806522	NA
1735363	-112.325	59.125	123.618991	134.732439	132.273324	8.654334	-2.459114	NA
1735364	-112.275	59.125	NA	NA	132.282905	NA	NA	NA
1735365	-112.225	59.125	123.626783	134.902586	123.760944	0.134161	-11.141642	NA
1735369	-112.025	59.125	123.405387	136.090558	132.30279	8.897404	-3.787768	NA
1735370	-111.975	59.125	123.104992	135.255536	132.305264	9.200272	-2.950272	NA
1735371	-111.925	59.125	123.769455	135.087089	132.312238	8.542783	-2.774852	NA
1735381	-111.425	59.125	123.840794	134.925935	131.676381	7.835588	-3.249553	NA
1739748	106.925	59.125	NA	NA	136.769441	NA	NA	NA
1739749	106.975	59.125	NA	NA	134.290194	NA	NA	NA
1739843	111.675	59.125	NA	NA	135.154416	NA	NA	NA
1739844	111.725	59.125	125.341917	130.285045	146.516343	21.174427	16.231298	NA
1739861	112.575	59.125	NA	NA	138.999746	NA	NA	NA
1739862	112.625	59.125	124.949146	127.755584	151.85789	26.908744	24.102306	NA
1739863	112.675	59.125	124.834508	129.342375	151.866505	27.031997	22.52413	NA
1740124	125.725	59.125	NA	NA	147.284504	NA	NA	NA
1741872	-112.875	59.075	124.199987	133.313444	132.221677	8.02169	-1.091767	NA
1741873	-112.825	59.075	123.469002	134.071342	132.227442	8.75844	-1.843901	NA
1741885	-112.225	59.075	123.541857	135.870096	132.283881	8.742024	-3.586216	NA
1741886	-112.175	59.075	123.897599	135.341617	132.285671	8.388072	-3.055946	NA
1741887	-112.125	59.075	123.568836	134.908573	132.287367	8.718531	-2.621206	NA
1741888	-112.075	59.075	124.145167	136.652214	132.290853	8.145687	-4.36136	NA
1741889	-112.025	59.075	124.10703	136.992306	132.301826	8.194796	-4.69048	NA
1741891	-111.925	59.075	123.794184	135.842211	132.319247	8.525063	-3.522964	NA
1741901	-111.425	59.075	124.070255	134.158409	131.674519	7.604264	-2.48389	NA
1746268	106.925	59.075	NA	NA	136.767552	NA	NA	NA
1746269	106.975	59.075	NA	NA	136.745224	NA	NA	NA
1746270	107.025	59.075	NA	NA	136.732249	NA	NA	NA
1746271	107.075	59.075	NA	NA	136.722172	NA	NA	NA
1746362	111.625	59.075	125.797797	129.473215	146.501144	20.703347	17.02793	NA
1746363	111.675	59.075	125.439263	129.546148	146.505522	21.066258	16.959374	NA
1746380	112.525	59.075	124.04798	127.438347	151.838662	27.790682	24.400315	NA
1746381	112.575	59.075	124.275546	126.043934	151.862175	27.58663	25.818241	NA
1746644	125.725	59.075	NA	NA	136.280554	NA	NA	NA
1746645	125.775	59.075	NA	NA	147.163219	NA	NA	NA
1746646	125.825	59.075	NA	NA	147.168191	NA	NA	NA
1746647	125.875	59.075	NA	NA	147.174222	NA	NA	NA
1746648	125.925	59.075	NA	NA	147.175527	NA	NA	NA
1746649	125.975	59.075	NA	NA	147.184458	NA	NA	NA
1748392	-112.875	59.025	124.448247	134.604791	132.219955	7.771708	-2.384836	NA
1748408	-112.075	59.025	NA	NA	132.325819	NA	NA	NA
1748409	-112.025	59.025	124.539582	133.944746	132.322422	7.78284	-1.622324	NA
1748410	-111.975	59.025	124.334462	137.035507	132.321249	7.986787	-4.714258	NA
1748411	-111.925	59.025	123.899523	135.855107	122.867066	-1.032457	-12.988042	NA
1748421	-111.425	59.025	123.935524	134.205469	131.671956	7.736433	-2.533513	NA
1752736	104.325	59.025	NA	NA	141.518403	NA	NA	NA
1752737	104.375	59.025	NA	NA	141.503224	NA	NA	NA
1752790	107.025	59.025	NA	NA	136.726016	NA	NA	NA
1752791	107.075	59.025	NA	NA	134.782165	NA	NA	NA
1752879	111.475	59.025	124.77518	129.683954	146.483083	21.707903	16.799128	NA
1752880	111.525	59.025	NA	NA	146.48471	NA	NA	NA
1752881	111.575	59.025	NA	NA	146.500196	NA	NA	NA
1752882	111.625	59.025	NA	NA	136.768539	NA	NA	NA
1752900	112.525	59.025	124.345079	122.004183	151.838613	27.493534	29.83443	NA
1752901	112.575	59.025	124.34894	124.851421	151.835656	27.486717	26.984235	NA
1753169	125.975	59.025	NA	NA	147.209456	NA	NA	NA
1753170	126.025	59.025	NA	NA	147.212712	NA	NA	NA
1753171	126.075	59.025	NA	NA	147.211554	NA	NA	NA
1753172	126.125	59.025	NA	NA	147.217265	NA	NA	NA
1753173	126.175	59.025	NA	NA	147.218494	NA	NA	NA
1753174	126.225	59.025	NA	NA	147.232126	NA	NA	NA
1754911	-112.925	58.975	123.714942	134.867004	132.214508	8.499566	-2.652496	NA
1754912	-112.875	58.975	125.30252	136.527302	124.384459	-0.91806	-12.142843	NA
1754928	-112.075	58.975	123.902716	135.726548	132.334115	8.431399	-3.392433	NA
1754933	-111.825	58.975	124.258676	134.935313	132.353494	8.094818	-2.581819	NA
1754934	-111.775	58.975	NA	NA	124.315291	NA	NA	NA
1754935	-111.725	58.975	NA	NA	132.360586	NA	NA	NA
1754938	-111.575	58.975	NA	NA	118.507616	NA	NA	NA
1754939	-111.525	58.975	123.802072	133.959074	132.379823	8.577751	-1.579251	NA
1754940	-111.475	58.975	123.891893	135.183846	132.382773	8.49088	-2.801073	NA
1754941	-111.425	58.975	124.710176	134.769695	132.389126	7.67895	-2.380569	NA
1754942	-111.375	58.975	124.267515	135.270313	130.023665	5.75615	-5.246648	NA
1754943	-111.325	58.975	NA	NA	130.036017	NA	NA	NA
1754944	-111.275	58.975	NA	NA	124.3522	NA	NA	NA
1759191	101.075	58.975	NA	NA	132.186802	NA	NA	NA
1759192	101.125	58.975	NA	NA	119.029068	NA	NA	NA
1759193	101.175	58.975	NA	NA	119.573356	NA	NA	NA
1759197	101.375	58.975	NA	NA	126.504103	NA	NA	NA
1759198	101.425	58.975	NA	NA	121.057801	NA	NA	NA
1759199	101.475	58.975	NA	NA	126.504186	NA	NA	NA
1759200	101.525	58.975	NA	NA	126.503629	NA	NA	NA
1759201	101.575	58.975	NA	NA	126.502578	NA	NA	NA
1759202	101.625	58.975	NA	NA	126.50116	NA	NA	NA
1759257	104.375	58.975	NA	NA	141.489325	NA	NA	NA
1759309	106.975	58.975	NA	NA	136.75592	NA	NA	NA
1759310	107.025	58.975	NA	NA	133.503332	NA	NA	NA
1759397	111.375	58.975	NA	NA	146.681745	NA	NA	NA
1759398	111.425	58.975	NA	NA	132.135667	NA	NA	NA
1759399	111.475	58.975	125.169704	129.318758	146.674329	21.504625	17.35557	NA
1759694	126.225	58.975	NA	NA	147.20338	NA	NA	NA
1759695	126.275	58.975	NA	NA	147.181232	NA	NA	NA
1761427	-113.125	58.925	124.688808	133.765688	132.187462	7.498654	-1.578226	NA
1761428	-113.075	58.925	124.332724	132.888797	123.655446	-0.677278	-9.233351	NA
1761429	-113.025	58.925	124.676282	132.841809	123.855404	-0.820878	-8.986405	NA
1761430	-112.975	58.925	124.817755	134.957122	132.195691	7.377936	-2.761431	NA
1761431	-112.925	58.925	124.713556	136.301412	132.200625	7.487069	-4.100787	NA
1761448	-112.075	58.925	NA	NA	123.445633	NA	NA	NA
1761449	-112.025	58.925	NA	NA	132.337473	NA	NA	NA
1761450	-111.975	58.925	123.244539	131.004448	132.341073	9.096534	1.336625	NA
1761451	-111.925	58.925	123.325646	129.350383	132.344514	9.018868	2.994131	NA
1761452	-111.875	58.925	123.007886	128.297834	132.349952	9.342066	4.052119	NA
1761453	-111.825	58.925	123.957277	132.832248	117.308271	-6.649007	-15.523977	NA
1761454	-111.775	58.925	123.404812	134.933057	132.356772	8.95196	-2.576284	NA
1761455	-111.725	58.925	NA	NA	116.219443	NA	NA	NA
1761456	-111.675	58.925	124.295793	132.394127	132.362659	8.066866	-0.031469	NA
1761457	-111.625	58.925	123.510357	134.689755	132.366623	8.856266	-2.323132	NA
1761458	-111.575	58.925	124.589828	133.765026	132.376313	7.786485	-1.388713	NA
1761464	-111.275	58.925	NA	NA	130.038888	NA	NA	NA
1761465	-111.225	58.925	NA	NA	130.046182	NA	NA	NA
1761466	-111.175	58.925	NA	NA	130.050473	NA	NA	NA
1765709	100.975	58.925	132.570885	123.953345	126.545978	-6.024908	2.592632	NA
1765710	101.025	58.925	132.063464	123.797082	126.540823	-5.52264	2.743742	NA
1765711	101.075	58.925	131.50491	124.182142	126.527594	-4.977316	2.345452	NA
1765713	101.175	58.925	131.413454	123.998953	126.530087	-4.883368	2.531134	NA
1765714	101.225	58.925	132.78119	123.526145	126.530676	-6.250513	3.004531	NA
1765715	101.275	58.925	132.281768	123.594234	126.530323	-5.751445	2.936089	NA
1765716	101.325	58.925	132.09915	123.80642	126.50546	-5.59369	2.69904	NA
1765717	101.375	58.925	NA	NA	131.103145	NA	NA	NA
1765725	101.775	58.925	132.15824	124.231006	126.49906	-5.65918	2.268053	NA
1765726	101.825	58.925	132.602999	124.133506	126.49767	-6.105329	2.364164	NA
1765727	101.875	58.925	132.001421	124.1354	126.499588	-5.501833	2.364188	NA
1765728	101.925	58.925	132.802559	124.049015	126.490134	-6.312425	2.441118	NA
1765729	101.975	58.925	132.507994	124.333686	126.492122	-6.015872	2.158437	NA
1765730	102.025	58.925	131.30157	123.782807	126.491578	-4.809992	2.708771	NA
1765731	102.075	58.925	126.994613	123.388517	126.493449	-0.501164	3.104932	NA
1765732	102.125	58.925	128.66404	123.583212	133.902901	5.238861	10.319688	NA
1765733	102.175	58.925	131.22144	123.631155	134.472211	3.250771	10.841056	NA
1765734	102.225	58.925	131.104168	123.620955	134.949773	3.845605	11.328817	NA
1765735	102.275	58.925	132.061658	124.221318	134.872995	2.811337	10.651677	NA
1765777	104.375	58.925	NA	NA	141.46348	NA	NA	NA
1765828	106.925	58.925	NA	NA	136.684579	NA	NA	NA
1765829	106.975	58.925	NA	NA	136.712993	NA	NA	NA
1765915	111.275	58.925	NA	NA	146.690395	NA	NA	NA
1765916	111.325	58.925	NA	NA	146.679693	NA	NA	NA
1765917	111.375	58.925	NA	NA	132.515448	NA	NA	NA
1766215	126.275	58.925	NA	NA	147.177359	NA	NA	NA
1766216	126.325	58.925	NA	NA	147.183377	NA	NA	NA
1766217	126.375	58.925	NA	NA	147.184196	NA	NA	NA
1766218	126.425	58.925	NA	NA	147.194298	NA	NA	NA
1767947	-113.125	58.875	124.248868	133.956329	132.178352	7.929484	-1.777977	NA
1767948	-113.075	58.875	124.230432	133.250654	132.189183	7.958751	-1.061471	NA
1767949	-113.025	58.875	124.677666	132.882849	132.194264	7.516598	-0.688585	NA
1767984	-111.275	58.875	NA	NA	130.072758	NA	NA	NA
1767985	-111.225	58.875	NA	NA	130.065146	NA	NA	NA
1767986	-111.175	58.875	NA	NA	125.50864	NA	NA	NA
1772228	100.925	58.875	133.016706	123.771833	130.61747	-2.399236	6.845637	NA
1772229	100.975	58.875	132.942047	123.707582	126.575598	-6.366448	2.868016	NA
1772255	102.275	58.875	132.061658	124.221318	121.076183	-10.985475	-3.145136	NA
1772256	102.325	58.875	131.060208	123.795955	130.701644	-0.358564	6.905689	NA
1772257	102.375	58.875	130.122654	124.03795	132.558169	2.435516	8.520219	NA
1772258	102.425	58.875	129.746458	124.361488	135.125633	5.379175	10.764145	NA
1772348	106.925	58.875	NA	NA	136.680263	NA	NA	NA
1772349	106.975	58.875	NA	NA	136.662768	NA	NA	NA
1772433	111.175	58.875	NA	NA	134.888638	NA	NA	NA
1772434	111.225	58.875	NA	NA	146.684356	NA	NA	NA
1772435	111.275	58.875	NA	NA	146.688	NA	NA	NA
1774465	-113.225	58.825	124.455364	132.978961	132.157665	7.702302	-0.821296	NA
1774466	-113.175	58.825	124.754469	133.456537	132.161987	7.407518	-1.29455	NA
1774467	-113.125	58.825	124.541026	134.661416	132.173112	7.632086	-2.488304	NA
1774468	-113.075	58.825	NA	NA	123.470329	NA	NA	NA
1774504	-111.275	58.825	NA	NA	130.079978	NA	NA	NA
1778748	100.925	58.825	132.950682	123.779779	126.576522	-6.374161	2.796742	NA
1778781	102.575	58.825	131.337213	124.27901	138.408996	7.071783	14.129986	NA
1778869	106.975	58.825	NA	NA	136.671268	NA	NA	NA
1778870	107.025	58.825	NA	NA	133.504269	NA	NA	NA
1778953	111.175	58.825	NA	NA	146.68399	NA	NA	NA
1778954	111.225	58.825	124.409576	121.329207	146.686648	22.277072	25.35744	NA
1780981	-113.425	58.775	123.691135	135.324366	132.133402	8.442267	-3.190964	NA
1780982	-113.375	58.775	123.373346	130.161085	132.138113	8.764768	1.977029	NA
1780983	-113.325	58.775	123.506051	133.655385	132.143199	8.637148	-1.512186	NA
1780984	-113.275	58.775	124.228429	131.488992	132.153136	7.924706	0.664144	NA
1780985	-113.225	58.775	124.455364	132.978961	124.182402	-0.272962	-8.796559	NA
1781024	-111.275	58.775	NA	NA	130.090941	NA	NA	NA
1781025	-111.225	58.775	NA	NA	130.09816	NA	NA	NA
1785267	100.875	58.775	132.557733	124.010582	126.577988	-5.979745	2.567406	NA
1785268	100.925	58.775	133.165624	123.653206	126.5763	-6.589324	2.923094	NA
1785302	102.625	58.775	129.992892	123.701811	138.404196	8.411303	14.702385	NA
1785388	106.925	58.775	NA	NA	136.687582	NA	NA	NA
1785389	106.975	58.775	NA	NA	136.634863	NA	NA	NA
1785390	107.025	58.775	NA	NA	136.622205	NA	NA	NA
1785467	110.875	58.775	NA	NA	134.088087	NA	NA	NA
1785468	110.925	58.775	NA	NA	134.030634	NA	NA	NA
1785469	110.975	58.775	124.954759	123.33704	146.775898	21.821139	23.438858	NA
1785470	111.025	58.775	NA	NA	134.128223	NA	NA	NA
1785471	111.075	58.775	NA	NA	146.790677	NA	NA	NA
1787492	-113.875	58.725	NA	NA	131.644133	NA	NA	NA
1787493	-113.825	58.725	123.692098	133.657233	132.06525	8.373152	-1.591983	NA
1787494	-113.775	58.725	124.272387	134.676197	132.067835	7.795448	-2.608362	NA
1787495	-113.725	58.725	NA	NA	132.075991	NA	NA	NA
1787496	-113.675	58.725	NA	NA	122.923014	NA	NA	NA
1787497	-113.625	58.725	NA	NA	132.09696	NA	NA	NA
1787499	-113.525	58.725	123.94044	132.819664	132.115808	8.175368	-0.703856	NA
1787500	-113.475	58.725	NA	NA	132.119839	NA	NA	NA
1787501	-113.425	58.725	NA	NA	123.435134	NA	NA	NA
1787502	-113.375	58.725	123.997563	134.604533	132.130824	8.13326	-2.47371	NA
1787545	-111.225	58.725	124.202362	137.204028	130.103958	5.901595	-7.100071	NA
1787546	-111.175	58.725	NA	NA	130.685423	NA	NA	NA
1787552	-110.875	58.725	NA	NA	136.339441	NA	NA	NA
1787553	-110.825	58.725	NA	NA	136.364135	NA	NA	NA
1787554	-110.775	58.725	NA	NA	136.35786	NA	NA	NA
1791749	98.975	58.725	128.640701	124.369275	127.056919	-1.583782	2.687645	NA
1791750	99.025	58.725	127.094428	124.45864	127.054351	-0.040078	2.595711	NA
1791751	99.075	58.725	125.491604	124.469875	127.050284	1.55868	2.580409	NA
1791752	99.125	58.725	127.012024	124.802628	127.049375	0.037351	2.246746	NA
1791784	100.725	58.725	133.315826	123.025677	126.603505	-6.712321	3.577828	NA
1791785	100.775	58.725	133.079086	123.790798	126.602633	-6.476453	2.811835	NA
1791786	100.825	58.725	133.63249	123.682764	126.601641	-7.030849	2.918877	NA
1791787	100.875	58.725	132.888434	123.887858	131.708439	-1.179994	7.820582	NA
1791822	102.625	58.725	129.680599	123.665959	125.802715	-3.877884	2.136756	NA
1791908	106.925	58.725	NA	NA	136.647368	NA	NA	NA
1791909	106.975	58.725	NA	NA	136.615986	NA	NA	NA
1794012	-113.875	58.675	123.590931	132.778739	132.062536	8.471605	-0.716203	NA
1794015	-113.725	58.675	124.924017	134.77161	132.078117	7.1541	-2.693493	NA
1794016	-113.675	58.675	124.050716	132.291925	132.088779	8.038063	-0.203146	NA
1794017	-113.625	58.675	123.631584	133.667017	132.100782	8.469198	-1.566235	NA
1794018	-113.575	58.675	NA	NA	132.105207	NA	NA	NA
1794019	-113.525	58.675	124.423315	134.771304	132.113198	7.689883	-2.658105	NA
1794020	-113.475	58.675	NA	NA	124.295439	NA	NA	NA
1794021	-113.425	58.675	NA	NA	132.124525	NA	NA	NA
1794066	-111.175	58.675	123.915246	135.981079	116.609012	-7.306234	-19.372067	NA
1794067	-111.125	58.675	123.821112	136.560661	136.325921	12.504809	-0.23474	NA
1794068	-111.075	58.675	124.029154	136.996668	121.566878	-2.462275	-15.42979	NA
1794069	-111.025	58.675	123.871858	136.738722	113.959066	-9.912792	-22.779657	NA
1794070	-110.975	58.675	123.823497	137.303349	116.282939	-7.540559	-21.02041	NA
1794071	-110.925	58.675	123.862296	137.752064	120.790823	-3.071473	-16.961241	NA
1794072	-110.875	58.675	123.944081	137.996305	120.261828	-3.682254	-17.734477	NA
1794074	-110.775	58.675	124.106987	137.012338	122.89867	-1.208316	-14.113668	NA
1798266	98.825	58.675	127.360284	124.8549	127.600825	0.240541	2.745925	NA
1798267	98.875	58.675	127.300147	124.590862	127.062122	-0.238026	2.47126	NA
1798268	98.925	58.675	125.967946	124.168486	127.059919	1.091973	2.891433	NA
1798269	98.975	58.675	128.695718	123.97999	129.21309	0.517372	5.2331	NA
1798273	99.175	58.675	NA	NA	127.046461	NA	NA	NA
1798274	99.225	58.675	125.732896	123.677859	127.044093	1.311197	3.366235	NA
1798275	99.275	58.675	128.821992	123.770611	127.043366	-1.778626	3.272755	NA
1798276	99.325	58.675	131.049518	123.793628	127.044635	-4.004883	3.251007	NA
1798303	100.675	58.675	132.061744	123.695121	126.605689	-5.456054	2.910568	NA
1798304	100.725	58.675	132.478502	123.763114	126.603312	-5.87519	2.840197	NA
1798342	102.625	58.675	129.367349	123.903833	133.987176	4.619827	10.083343	NA
1798343	102.675	58.675	130.15098	124.016054	125.803355	-4.347625	1.7873	NA
1798392	105.125	58.675	NA	NA	139.011398	NA	NA	NA
1798393	105.175	58.675	NA	NA	139.489384	NA	NA	NA
1798394	105.225	58.675	NA	NA	139.907004	NA	NA	NA
1798395	105.275	58.675	NA	NA	140.534065	NA	NA	NA
1798427	106.875	58.675	NA	NA	135.390793	NA	NA	NA
1798428	106.925	58.675	NA	NA	136.607012	NA	NA	NA
1798429	106.975	58.675	NA	NA	133.164181	NA	NA	NA
1800593	-110.825	58.625	NA	NA	138.348706	NA	NA	NA
1800594	-110.775	58.625	NA	NA	124.859157	NA	NA	NA
1804783	98.675	58.625	127.859535	125.205822	127.603127	-0.256407	2.397306	NA
1804784	98.725	58.625	128.452937	125.194605	127.601257	-0.851681	2.406652	NA
1804785	98.775	58.625	128.008181	124.94858	127.601607	-0.406574	2.653027	NA
1804786	98.825	58.625	127.360284	124.8549	127.596998	0.236715	2.742098	NA
1804820	100.525	58.625	131.542735	123.847885	126.603964	-4.938771	2.756079	NA
1804821	100.575	58.625	131.51621	123.842347	126.602689	-4.913521	2.760342	NA
1804822	100.625	58.625	131.64555	123.646372	126.605501	-5.040049	2.959129	NA
1804823	100.675	58.625	131.847337	123.660818	125.226457	-6.62088	1.565639	NA
1804863	102.675	58.625	NA	NA	125.798577	NA	NA	NA
1804864	102.725	58.625	129.190458	124.168811	125.797404	-3.393055	1.628592	NA
1804912	105.125	58.625	NA	NA	139.057355	NA	NA	NA
1804913	105.175	58.625	NA	NA	138.220041	NA	NA	NA
1804946	106.825	58.625	NA	NA	136.604014	NA	NA	NA
1804947	106.875	58.625	NA	NA	136.638253	NA	NA	NA
1805009	109.975	58.625	NA	NA	132.138912	NA	NA	NA
1805010	110.025	58.625	124.82276	129.931461	146.906864	22.084104	16.975403	NA
1805011	110.075	58.625	124.901653	135.415223	146.907392	22.005739	11.492169	NA
1807113	-110.825	58.575	NA	NA	138.330527	NA	NA	NA
1807114	-110.775	58.575	NA	NA	125.104009	NA	NA	NA
1811302	98.625	58.575	126.209347	124.263258	127.67881	1.469462	3.415552	NA
1811303	98.675	58.575	126.745581	124.718999	127.607177	0.861596	2.888178	NA
1811339	100.475	58.575	131.180415	123.985009	126.599472	-4.580943	2.614462	NA
1811340	100.525	58.575	NA	NA	126.601478	NA	NA	NA
1811384	102.725	58.575	127.511403	124.091672	125.79702	-1.714383	1.705348	NA
1811385	102.775	58.575	126.516866	123.625025	125.796639	-0.720227	2.171614	NA
1811418	104.425	58.575	NA	NA	141.023629	NA	NA	NA
1811419	104.475	58.575	NA	NA	140.990183	NA	NA	NA
1811433	105.175	58.575	NA	NA	138.897367	NA	NA	NA
1811466	106.825	58.575	NA	NA	136.604812	NA	NA	NA
1811467	106.875	58.575	NA	NA	133.641215	NA	NA	NA
1811525	109.775	58.575	NA	NA	146.910954	NA	NA	NA
1811526	109.825	58.575	NA	NA	146.908473	NA	NA	NA
1811527	109.875	58.575	125.121067	129.198994	146.911421	21.790354	17.712428	NA
1811528	109.925	58.575	NA	NA	146.912978	NA	NA	NA
1811529	109.975	58.575	NA	NA	146.918871	NA	NA	NA
1813633	-110.825	58.525	124.73907	134.582753	124.169578	-0.569492	-10.413175	NA
1817822	98.625	58.525	125.962881	123.202072	126.808402	0.845521	3.606329	NA
1817823	98.675	58.525	125.965422	123.201398	127.610182	1.64476	4.408784	NA
1817844	99.725	58.525	133.353189	123.47988	126.921519	-6.43167	3.44164	NA
1817845	99.775	58.525	132.971291	124.078365	126.923	-6.048291	2.844635	NA
1817846	99.825	58.525	131.906714	124.070309	131.962613	0.055899	7.892304	NA
1817847	99.875	58.525	126.76485	123.308541	133.23629	6.471441	9.927749	NA
1817905	102.775	58.525	125.577365	124.099171	125.799228	0.221863	1.700057	NA
1817939	104.475	58.525	NA	NA	140.90593	NA	NA	NA
1817953	105.175	58.525	NA	NA	138.811063	NA	NA	NA
1817955	105.275	58.525	NA	NA	138.497234	NA	NA	NA
1817956	105.325	58.525	NA	NA	138.52393	NA	NA	NA
1817957	105.375	58.525	NA	NA	138.45654	NA	NA	NA
1817985	106.775	58.525	NA	NA	134.087987	NA	NA	NA
1817986	106.825	58.525	NA	NA	136.585271	NA	NA	NA
1818045	109.775	58.525	124.950934	136.813835	147.26725	22.316316	10.453415	NA
1820146	-111.175	58.475	NA	NA	138.480811	NA	NA	NA
1820147	-111.125	58.475	NA	NA	138.502695	NA	NA	NA
1820148	-111.075	58.475	NA	NA	138.509663	NA	NA	NA
1820152	-110.875	58.475	NA	NA	138.309528	NA	NA	NA
1820153	-110.825	58.475	124.616326	134.524184	138.301148	13.684822	3.776964	NA
1824343	98.675	58.475	127.069754	122.845562	126.481747	-0.588007	3.636185	NA
1824367	99.875	58.475	126.556356	123.482348	126.921215	0.364859	3.438867	NA
1824368	99.925	58.475	NA	NA	126.922122	NA	NA	NA
1824379	100.475	58.475	128.673852	123.614696	126.615503	-2.058349	3.000807	NA
1824425	102.775	58.475	125.037823	123.618993	125.796186	0.758363	2.177193	NA
1824426	102.825	58.475	123.553567	123.714172	125.794115	2.240548	2.079943	NA
1824459	104.475	58.475	NA	NA	140.053373	NA	NA	NA
1824460	104.525	58.475	NA	NA	140.883429	NA	NA	NA
1824473	105.175	58.475	NA	NA	138.727975	NA	NA	NA
1824475	105.275	58.475	NA	NA	138.584003	NA	NA	NA
1824477	105.375	58.475	NA	NA	135.557207	NA	NA	NA
1824478	105.425	58.475	NA	NA	138.174578	NA	NA	NA
1824504	106.725	58.475	NA	NA	133.714452	NA	NA	NA
1824505	106.775	58.475	NA	NA	136.606965	NA	NA	NA
1824564	109.725	58.475	124.748691	121.846484	147.254355	22.505664	25.407872	NA
1824565	109.775	58.475	124.400693	131.928515	147.263679	22.862986	15.335165	NA
1826659	-111.525	58.425	NA	NA	138.689216	NA	NA	NA
1826660	-111.475	58.425	NA	NA	138.692773	NA	NA	NA
1826661	-111.425	58.425	NA	NA	138.698867	NA	NA	NA
1826662	-111.375	58.425	NA	NA	138.70292	NA	NA	NA
1826663	-111.325	58.425	NA	NA	138.707752	NA	NA	NA
1826664	-111.275	58.425	124.554291	133.068078	138.711288	14.156997	5.64321	NA
1826665	-111.225	58.425	NA	NA	138.471066	NA	NA	NA
1826666	-111.175	58.425	NA	NA	138.49596	NA	NA	NA
1826667	-111.125	58.425	NA	NA	112.744867	NA	NA	NA
1826668	-111.075	58.425	NA	NA	111.850901	NA	NA	NA
1826669	-111.025	58.425	124.587634	134.943398	138.511767	13.924132	3.568368	NA
1826670	-110.975	58.425	124.762699	134.527404	138.323241	13.560542	3.795837	NA
1826671	-110.925	58.425	NA	NA	138.323052	NA	NA	NA
1826672	-110.875	58.425	NA	NA	138.302874	NA	NA	NA
1830946	102.825	58.425	119.441913	124.10931	125.761658	6.319745	1.652348	NA
1830980	104.525	58.425	NA	NA	140.02204	NA	NA	NA
1830981	104.575	58.425	NA	NA	139.86246	NA	NA	NA
1830993	105.175	58.425	NA	NA	138.721085	NA	NA	NA
1830994	105.225	58.425	NA	NA	138.783798	NA	NA	NA
1830995	105.275	58.425	NA	NA	137.313394	NA	NA	NA
1830998	105.425	58.425	NA	NA	138.016128	NA	NA	NA
1830999	105.475	58.425	NA	NA	135.628896	NA	NA	NA
1831084	109.725	58.425	125.496559	129.782534	147.251557	21.754998	17.469023	NA
1831085	109.775	58.425	125.315517	127.69055	133.048962	7.733445	5.358412	NA
1833179	-111.525	58.375	124.739168	133.38932	138.685856	13.946688	5.296536	NA
1837418	100.425	58.375	128.342156	123.952425	126.61695	-1.725206	2.664525	NA
1837419	100.475	58.375	125.416792	123.583583	133.167942	7.75115	9.58436	NA
1837466	102.825	58.375	124.68662	124.232751	132.007641	7.321022	7.774891	NA
1837496	104.325	58.375	NA	NA	139.571473	NA	NA	NA
1837497	104.375	58.375	NA	NA	139.696615	NA	NA	NA
1837498	104.425	58.375	NA	NA	139.722691	NA	NA	NA
1837499	104.475	58.375	NA	NA	139.754818	NA	NA	NA
1837500	104.525	58.375	NA	NA	139.791083	NA	NA	NA
1837501	104.575	58.375	NA	NA	139.845887	NA	NA	NA
1837519	105.475	58.375	NA	NA	138.016714	NA	NA	NA
1837520	105.525	58.375	NA	NA	135.224758	NA	NA	NA
1837603	109.675	58.375	124.746253	125.619222	147.36476	22.618507	21.745538	NA
1837604	109.725	58.375	NA	NA	147.366394	NA	NA	NA
1837605	109.775	58.375	NA	NA	147.24571	NA	NA	NA
1839699	-111.525	58.325	124.541926	133.255234	138.676318	14.134393	5.421084	NA
1843934	100.225	58.325	128.992651	123.906024	126.910475	-2.082176	3.004451	NA
1843935	100.275	58.325	132.214015	123.925648	126.911416	-5.302599	2.985768	NA
1843936	100.325	58.325	134.370341	123.858923	126.912348	-7.457993	3.053426	NA
1843937	100.375	58.325	133.948529	124.185183	126.619184	-7.329345	2.434001	NA
1843938	100.425	58.325	133.622341	124.43482	126.618569	-7.003772	2.183749	NA
1843986	102.825	58.325	126.071828	124.644289	132.043889	5.972061	7.399601	NA
1844016	104.325	58.325	NA	NA	139.560047	NA	NA	NA
1844039	105.475	58.325	NA	NA	136.921907	NA	NA	NA
1844040	105.525	58.325	NA	NA	136.980929	NA	NA	NA
1844044	105.725	58.325	NA	NA	137.004966	NA	NA	NA
1844045	105.775	58.325	NA	NA	136.971249	NA	NA	NA
1844122	109.625	58.325	124.644221	133.966768	134.639945	9.995724	0.673177	NA
1844123	109.675	58.325	125.324604	136.689669	147.364823	22.040219	10.675154	NA
1846219	-111.525	58.275	124.679196	132.458821	124.682842	0.003646	-7.775978	NA
1846220	-111.475	58.275	124.567361	134.680151	138.663146	14.095785	3.982995	NA
1846221	-111.425	58.275	124.46919	133.016526	138.644228	14.175038	5.627703	NA
1850506	102.825	58.275	121.217996	122.836343	125.633699	4.415703	2.797356	NA
1850507	102.875	58.275	121.221102	122.841286	125.632728	4.411626	2.791442	NA
1850536	104.325	58.275	NA	NA	139.507578	NA	NA	NA
1850560	105.525	58.275	NA	NA	136.982397	NA	NA	NA
1850561	105.575	58.275	NA	NA	136.917019	NA	NA	NA
1850562	105.625	58.275	NA	NA	136.908049	NA	NA	NA
1850563	105.675	58.275	NA	NA	136.923474	NA	NA	NA
1850564	105.725	58.275	NA	NA	136.905779	NA	NA	NA
1850565	105.775	58.275	NA	NA	136.933642	NA	NA	NA
1850566	105.825	58.275	NA	NA	136.725776	NA	NA	NA
1850567	105.875	58.275	NA	NA	136.731457	NA	NA	NA
1850568	105.925	58.275	NA	NA	136.752675	NA	NA	NA
1850631	109.075	58.275	124.609274	131.375682	147.259467	22.650193	15.883786	NA
1850632	109.125	58.275	NA	NA	147.261599	NA	NA	NA
1850633	109.175	58.275	124.505211	133.387758	147.270021	22.76481	13.882263	NA
1852740	-111.475	58.225	124.55135	134.729293	138.660819	14.109468	3.931526	NA
1852741	-111.425	58.225	124.426006	133.093114	138.648512	14.222507	5.555398	NA
1852742	-111.375	58.225	NA	NA	125.161523	NA	NA	NA
1857026	102.825	58.225	121.113751	122.8703	125.628956	4.515205	2.758656	NA
1857027	102.875	58.225	121.115733	122.926338	132.68618	11.570447	9.759842	NA
1857056	104.325	58.225	NA	NA	139.378238	NA	NA	NA
1857057	104.375	58.225	NA	NA	139.296236	NA	NA	NA
1857088	105.925	58.225	NA	NA	136.759212	NA	NA	NA
1857089	105.975	58.225	NA	NA	136.669385	NA	NA	NA
1857149	108.975	58.225	NA	NA	147.465719	NA	NA	NA
1857150	109.025	58.225	125.73586	133.509898	147.474493	21.738633	13.964595	NA
1859262	-111.375	58.175	125.204162	135.165681	138.643751	13.439588	3.478069	NA
1863546	102.825	58.175	121.741179	123.456631	125.628586	3.887407	2.171955	NA
1863577	104.375	58.175	NA	NA	138.784845	NA	NA	NA
1863578	104.425	58.175	NA	NA	139.279962	NA	NA	NA
1865782	-111.375	58.125	NA	NA	138.645326	NA	NA	NA
1870065	102.775	58.125	122.22247	123.700412	125.588749	3.366279	1.888336	NA
1870066	102.825	58.125	NA	NA	137.473179	NA	NA	NA
1870091	104.075	58.125	NA	NA	138.806934	NA	NA	NA
1870092	104.125	58.125	NA	NA	138.822863	NA	NA	NA
1870093	104.175	58.125	NA	NA	138.844236	NA	NA	NA
1870094	104.225	58.125	NA	NA	138.846076	NA	NA	NA
1870095	104.275	58.125	NA	NA	138.84597	NA	NA	NA
1870096	104.325	58.125	NA	NA	138.733328	NA	NA	NA
1870097	104.375	58.125	NA	NA	138.759021	NA	NA	NA
1870185	108.775	58.125	124.833426	139.774808	147.492111	22.658685	7.717303	NA
1876584	102.725	58.075	122.5529	124.675086	131.215263	8.662363	6.540176	NA
1876585	102.775	58.075	123.242086	124.170513	125.576251	2.334165	1.405738	NA
1876611	104.075	58.075	NA	NA	138.218565	NA	NA	NA
1876612	104.125	58.075	NA	NA	138.190726	NA	NA	NA
1876702	108.625	58.075	124.457388	140.623695	147.530583	23.073195	6.906887	NA
1876703	108.675	58.075	124.74401	140.183105	147.548786	22.804777	7.365681	NA
1883103	102.675	58.025	NA	NA	125.557775	NA	NA	NA
1883104	102.725	58.025	122.518744	124.330603	125.574713	3.055969	1.24411	NA
1883132	104.125	58.025	NA	NA	138.17104	NA	NA	NA
1883133	104.175	58.025	NA	NA	138.039184	NA	NA	NA
1883221	108.575	58.025	124.544997	140.354844	147.546892	23.001895	7.192048	NA
1883222	108.625	58.025	124.457388	140.623695	147.548525	23.091137	6.92483	NA
1889623	102.675	57.975	130.166221	124.470531	125.552806	-4.613415	1.082275	NA
1889653	104.175	57.975	NA	NA	138.019022	NA	NA	NA
1889654	104.225	57.975	NA	NA	138.012916	NA	NA	NA
1889740	108.525	57.975	124.714773	139.630598	147.643976	22.929203	8.013378	NA
1889741	108.575	57.975	124.266445	139.960795	134.949959	10.683514	-5.010836	NA
1896143	102.675	57.925	133.742277	123.425882	125.86402	-7.878257	2.438138	NA
1896175	104.275	57.925	NA	NA	137.971577	NA	NA	NA
1896176	104.325	57.925	NA	NA	138.07056	NA	NA	NA
1896258	108.425	57.925	NA	NA	147.667171	NA	NA	NA
1896259	108.475	57.925	NA	NA	147.684657	NA	NA	NA
1896376	114.325	57.925	NA	NA	140.747945	NA	NA	NA
1902662	102.625	57.875	127.396153	123.562685	130.422299	3.026146	6.859614	NA
1902663	102.675	57.875	134.331165	123.374414	125.860072	-8.471093	2.485658	NA
1902777	108.375	57.875	NA	NA	147.701302	NA	NA	NA
1909182	102.625	57.825	132.967247	124.124043	130.12592	-2.841327	6.001878	NA
1915702	102.625	57.775	130.599528	123.484771	125.792367	-4.807161	2.307596	NA
1930680	-126.475	57.625	NA	NA	155.560398	NA	NA	NA
1930681	-126.425	57.625	NA	NA	155.508358	NA	NA	NA
1930682	-126.375	57.625	NA	NA	155.450185	NA	NA	NA
1930683	-126.325	57.625	NA	NA	155.422314	NA	NA	NA
1930684	-126.275	57.625	NA	NA	155.395949	NA	NA	NA
1930685	-126.225	57.625	NA	NA	155.226559	NA	NA	NA
1930686	-126.175	57.625	NA	NA	155.207308	NA	NA	NA
1930687	-126.125	57.625	NA	NA	155.188583	NA	NA	NA
1937198	-126.575	57.575	NA	NA	142.483207	NA	NA	NA
1937199	-126.525	57.575	NA	NA	155.653684	NA	NA	NA
1937200	-126.475	57.575	NA	NA	155.438949	NA	NA	NA
1937207	-126.125	57.575	NA	NA	155.093906	NA	NA	NA
1943718	-126.575	57.525	NA	NA	155.704392	NA	NA	NA
1943719	-126.525	57.525	NA	NA	155.651447	NA	NA	NA
1943727	-126.125	57.525	NA	NA	151.949923	NA	NA	NA
1943728	-126.075	57.525	NA	NA	155.005082	NA	NA	NA
1943729	-126.025	57.525	NA	NA	154.987502	NA	NA	NA
1943730	-125.975	57.525	NA	NA	154.982904	NA	NA	NA
1950239	-126.525	57.475	NA	NA	155.602774	NA	NA	NA
1950250	-125.975	57.475	NA	NA	154.939094	NA	NA	NA
1950251	-125.925	57.475	NA	NA	154.918513	NA	NA	NA
1954927	107.875	57.475	NA	NA	140.961935	NA	NA	NA
1956758	-126.575	57.425	NA	NA	155.608368	NA	NA	NA
1956759	-126.525	57.425	NA	NA	155.596265	NA	NA	NA
1956771	-125.925	57.425	NA	NA	154.864087	NA	NA	NA
1956772	-125.875	57.425	NA	NA	154.844445	NA	NA	NA
1956773	-125.825	57.425	NA	NA	154.798786	NA	NA	NA
1956774	-125.775	57.425	NA	NA	154.707858	NA	NA	NA
1956778	-125.575	57.425	NA	NA	138.299807	NA	NA	NA
1963279	-126.525	57.375	NA	NA	155.733574	NA	NA	NA
1963299	-125.525	57.375	NA	NA	153.386933	NA	NA	NA
1969798	-126.575	57.325	NA	NA	155.749289	NA	NA	NA
1969799	-126.525	57.325	NA	NA	155.729614	NA	NA	NA
1969820	-125.475	57.325	NA	NA	153.318413	NA	NA	NA
1969821	-125.425	57.325	NA	NA	153.070551	NA	NA	NA
1974472	107.125	57.325	NA	NA	144.200222	NA	NA	NA
1974473	107.175	57.325	NA	NA	144.218164	NA	NA	NA
1974478	107.425	57.325	NA	NA	144.202583	NA	NA	NA
1974479	107.475	57.325	NA	NA	144.211889	NA	NA	NA
1974480	107.525	57.325	NA	NA	144.215382	NA	NA	NA
1974481	107.575	57.325	NA	NA	144.228612	NA	NA	NA
1976316	-126.675	57.275	NA	NA	155.764068	NA	NA	NA
1976317	-126.625	57.275	NA	NA	155.70628	NA	NA	NA
1976318	-126.575	57.275	NA	NA	155.784567	NA	NA	NA
1980993	107.175	57.275	NA	NA	140.360688	NA	NA	NA
1980994	107.225	57.275	NA	NA	144.160121	NA	NA	NA
1980996	107.325	57.275	NA	NA	144.172953	NA	NA	NA
1980997	107.375	57.275	NA	NA	144.180106	NA	NA	NA
1980998	107.425	57.275	NA	NA	144.182926	NA	NA	NA
1980999	107.475	57.275	NA	NA	144.203048	NA	NA	NA
1982834	-126.775	57.225	NA	NA	155.956061	NA	NA	NA
1982835	-126.725	57.225	NA	NA	155.832704	NA	NA	NA
1982836	-126.675	57.225	NA	NA	155.808196	NA	NA	NA
1987514	107.225	57.225	NA	NA	141.543408	NA	NA	NA
1987515	107.275	57.225	NA	NA	144.162967	NA	NA	NA
1987516	107.325	57.225	NA	NA	144.166502	NA	NA	NA
1989352	-126.875	57.175	NA	NA	145.781651	NA	NA	NA
1989353	-126.825	57.175	NA	NA	156.000482	NA	NA	NA
1989354	-126.775	57.175	NA	NA	141.518608	NA	NA	NA
1989384	-125.275	57.175	NA	NA	152.6614	NA	NA	NA
1989385	-125.225	57.175	NA	NA	139.894933	NA	NA	NA
1994027	106.875	57.175	NA	NA	144.14215	NA	NA	NA
1994028	106.925	57.175	NA	NA	144.120345	NA	NA	NA
1995871	-126.925	57.125	NA	NA	156.162295	NA	NA	NA
1995872	-126.875	57.125	NA	NA	156.082874	NA	NA	NA
1995906	-125.175	57.125	NA	NA	144.890175	NA	NA	NA
2000546	106.825	57.125	NA	NA	139.98937	NA	NA	NA
2000547	106.875	57.125	NA	NA	144.090947	NA	NA	NA
2000548	106.925	57.125	NA	NA	144.115526	NA	NA	NA
2002391	-126.925	57.075	NA	NA	153.94029	NA	NA	NA
2002392	-126.875	57.075	NA	NA	153.799612	NA	NA	NA
2007056	106.325	57.075	NA	NA	143.762733	NA	NA	NA
2007066	106.825	57.075	NA	NA	144.083511	NA	NA	NA
2008912	-126.875	57.025	124.813715	133.437879	153.897245	29.08353	20.459366	NA
2008948	-125.075	57.025	NA	NA	156.962997	NA	NA	NA
2013574	106.225	57.025	NA	NA	143.735208	NA	NA	NA
2013575	106.275	57.025	NA	NA	143.750009	NA	NA	NA
2013576	106.325	57.025	NA	NA	143.775111	NA	NA	NA
2013577	106.375	57.025	NA	NA	143.778854	NA	NA	NA
2013578	106.425	57.025	NA	NA	143.786759	NA	NA	NA
2013579	106.475	57.025	NA	NA	143.798826	NA	NA	NA
2013580	106.525	57.025	NA	NA	144.020906	NA	NA	NA
2013581	106.575	57.025	NA	NA	144.028892	NA	NA	NA
2013582	106.625	57.025	NA	NA	144.037456	NA	NA	NA
2013583	106.675	57.025	NA	NA	144.040478	NA	NA	NA
2013584	106.725	57.025	NA	NA	144.046939	NA	NA	NA
2013585	106.775	57.025	NA	NA	144.058477	NA	NA	NA
2013586	106.825	57.025	NA	NA	144.073373	NA	NA	NA
2013587	106.875	57.025	NA	NA	142.034448	NA	NA	NA
2015432	-126.875	56.975	124.603644	131.833105	153.90289	29.299247	22.069785	NA
2015469	-125.025	56.975	124.153195	134.342267	152.790727	28.637532	18.44846	NA
2015470	-124.975	56.975	NA	NA	152.797569	NA	NA	NA
2020093	106.175	56.975	NA	NA	143.729058	NA	NA	NA
2020094	106.225	56.975	NA	NA	142.945904	NA	NA	NA
2021951	-126.925	56.925	124.814147	134.163854	155.339183	30.525036	21.17533	NA
2021952	-126.875	56.925	124.711941	134.254577	155.258509	30.546567	21.003931	NA
2021991	-124.925	56.925	NA	NA	153.742801	NA	NA	NA
2026612	106.125	56.925	NA	NA	143.706269	NA	NA	NA
2026613	106.175	56.925	NA	NA	143.506516	NA	NA	NA
2028468	-127.075	56.875	124.46825	130.429788	157.022107	32.553856	26.592318	NA
2028469	-127.025	56.875	124.755654	131.746166	156.678359	31.922705	24.932194	NA
2028470	-126.975	56.875	124.783835	134.453735	156.50486	31.721025	22.051125	NA
2028471	-126.925	56.875	124.860369	134.103017	156.256502	31.396133	22.153485	NA
2033131	106.075	56.875	NA	NA	144.095992	NA	NA	NA
2033132	106.125	56.875	NA	NA	143.689395	NA	NA	NA
2034987	-127.125	56.825	124.439797	132.629206	156.992477	32.55268	24.363271	NA
2034988	-127.075	56.825	124.468606	130.476288	157.059309	32.590703	26.583021	NA
2039647	105.875	56.825	NA	NA	143.623373	NA	NA	NA
2039648	105.925	56.825	NA	NA	143.09701	NA	NA	NA
2039649	105.975	56.825	NA	NA	143.63739	NA	NA	NA
2039650	106.025	56.825	NA	NA	143.645478	NA	NA	NA
2039651	106.075	56.825	NA	NA	143.665537	NA	NA	NA
2046162	105.625	56.775	NA	NA	143.174896	NA	NA	NA
2046163	105.675	56.775	NA	NA	143.594348	NA	NA	NA
2046164	105.725	56.775	NA	NA	143.598898	NA	NA	NA
2046165	105.775	56.775	NA	NA	143.598172	NA	NA	NA
2046166	105.825	56.775	NA	NA	143.611082	NA	NA	NA
2046167	105.875	56.775	NA	NA	141.813752	NA	NA	NA
2046168	105.925	56.775	NA	NA	143.626427	NA	NA	NA
2052682	105.625	56.725	NA	NA	143.707739	NA	NA	NA
2054596	-124.675	56.675	NA	NA	136.467263	NA	NA	NA
2059202	105.625	56.675	NA	NA	139.692832	NA	NA	NA
2059203	105.675	56.675	NA	NA	143.690674	NA	NA	NA
2059204	105.725	56.675	NA	NA	143.670679	NA	NA	NA
2059205	105.775	56.675	NA	NA	143.666103	NA	NA	NA
2059206	105.825	56.675	NA	NA	143.656322	NA	NA	NA
2059207	105.875	56.675	NA	NA	143.65012	NA	NA	NA
2059208	105.925	56.675	NA	NA	143.638444	NA	NA	NA
2059209	105.975	56.675	NA	NA	143.615558	NA	NA	NA
2059210	106.025	56.675	NA	NA	143.599492	NA	NA	NA
2059211	106.075	56.675	NA	NA	143.575213	NA	NA	NA
2059212	106.125	56.675	NA	NA	143.553313	NA	NA	NA
2059213	106.175	56.675	NA	NA	143.54168	NA	NA	NA
2059399	115.475	56.675	NA	NA	150.450097	NA	NA	NA
2059400	115.525	56.675	NA	NA	150.459309	NA	NA	NA
2059401	115.575	56.675	NA	NA	149.454058	NA	NA	NA
2061117	-124.625	56.625	124.546675	136.183738	153.557039	29.010364	17.373302	NA
2065733	106.175	56.625	NA	NA	143.300541	NA	NA	NA
2065734	106.225	56.625	NA	NA	143.53089	NA	NA	NA
2065735	106.275	56.625	NA	NA	143.501736	NA	NA	NA
2065918	115.425	56.625	124.748748	125.713464	150.443941	25.695193	24.730477	NA
2072255	106.275	56.575	NA	NA	143.496147	NA	NA	NA
2072438	115.425	56.575	125.033846	136.451418	150.463832	25.429986	14.012413	NA
2072439	115.475	56.575	NA	NA	150.451562	NA	NA	NA
2072440	115.525	56.575	124.889652	138.472379	150.44387	25.554218	11.971491	NA
2072441	115.575	56.575	125.611792	139.614856	150.438219	24.826427	10.823362	NA
2072442	115.625	56.575	125.864293	138.323842	150.43328	24.568987	12.109438	NA
2072443	115.675	56.575	125.093377	136.973797	150.423949	25.330572	13.450152	NA
2078775	106.275	56.525	NA	NA	143.483614	NA	NA	NA
2078963	115.675	56.525	124.332342	136.387671	150.406803	26.074461	14.019132	NA
2085295	106.275	56.475	NA	NA	143.44065	NA	NA	NA
2085483	115.675	56.475	NA	NA	150.378189	NA	NA	NA
2085484	115.725	56.475	124.551972	136.813494	150.325276	25.773305	13.511782	NA
2085485	115.775	56.475	124.702451	137.353238	150.317519	25.615067	12.964281	NA
2091814	106.225	56.425	124.655848	126.045245	143.382186	18.726338	17.336942	NA
2091815	106.275	56.425	NA	NA	143.397314	NA	NA	NA
2092003	115.675	56.425	124.899499	133.376539	149.77539	24.875891	16.398852	NA
2092004	115.725	56.425	124.450741	137.206754	149.794558	25.343817	12.587804	NA
2092005	115.775	56.425	124.192949	137.532672	149.81343	25.620481	12.280759	NA
2092006	115.825	56.425	124.367879	137.747151	149.792294	25.424416	12.045143	NA
2098332	106.125	56.375	NA	NA	143.35225	NA	NA	NA
2098333	106.175	56.375	NA	NA	143.357901	NA	NA	NA
2098334	106.225	56.375	NA	NA	143.375071	NA	NA	NA
2098523	115.675	56.375	125.112052	134.559394	149.022246	23.910195	14.462853	NA
2104845	105.775	56.325	NA	NA	143.150289	NA	NA	NA
2104846	105.825	56.325	NA	NA	143.157834	NA	NA	NA
2104847	105.875	56.325	NA	NA	143.173125	NA	NA	NA
2104848	105.925	56.325	NA	NA	143.181847	NA	NA	NA
2104849	105.975	56.325	NA	NA	143.188463	NA	NA	NA
2104850	106.025	56.325	NA	NA	143.299179	NA	NA	NA
2104851	106.075	56.325	NA	NA	143.34433	NA	NA	NA
2104852	106.125	56.325	NA	NA	144.296546	NA	NA	NA
2105043	115.675	56.325	125.860667	137.908778	148.990009	23.129342	11.081231	NA
2111363	105.675	56.275	NA	NA	143.065076	NA	NA	NA
2111364	105.725	56.275	NA	NA	143.138845	NA	NA	NA
2111365	105.775	56.275	NA	NA	144.393661	NA	NA	NA
2111563	115.675	56.275	NA	NA	148.952151	NA	NA	NA
2111564	115.725	56.275	NA	NA	136.835842	NA	NA	NA
2117883	105.675	56.225	NA	NA	143.058134	NA	NA	NA
2124402	105.625	56.175	NA	NA	143.046693	NA	NA	NA
2124403	105.675	56.175	NA	NA	143.028498	NA	NA	NA
2130923	105.675	56.125	NA	NA	143.023368	NA	NA	NA
2130924	105.725	56.125	124.48804	126.637666	142.851094	18.363054	16.213428	NA
2130925	105.775	56.125	NA	NA	142.841141	NA	NA	NA
2130926	105.825	56.125	NA	NA	142.830257	NA	NA	NA
2137446	105.825	56.075	NA	NA	142.822672	NA	NA	NA
2143966	105.825	56.025	NA	NA	142.163895	NA	NA	NA
2196122	105.625	55.625	NA	NA	141.590347	NA	NA	NA
2202640	105.525	55.575	NA	NA	143.16962	NA	NA	NA
2202641	105.575	55.575	NA	NA	141.469466	NA	NA	NA
2202642	105.625	55.575	NA	NA	141.805043	NA	NA	NA
2209160	105.525	55.525	NA	NA	141.185645	NA	NA	NA
2209161	105.575	55.525	NA	NA	141.158449	NA	NA	NA
2215679	105.475	55.475	NA	NA	141.958968	NA	NA	NA
2215680	105.525	55.475	NA	NA	141.147479	NA	NA	NA
2222199	105.475	55.425	NA	NA	141.051898	NA	NA	NA
2228719	105.475	55.375	124.192955	127.811949	141.016442	16.823487	13.204493	NA
2235238	105.425	55.325	NA	NA	142.163097	NA	NA	NA
2235239	105.475	55.325	NA	NA	140.980062	NA	NA	NA
2241758	105.425	55.275	NA	NA	140.951076	NA	NA	NA
2248278	105.425	55.225	124.08911	124.637026	140.80539	16.71628	16.168364	NA
2254794	105.225	55.175	NA	NA	141.49044	NA	NA	NA
2254795	105.275	55.175	NA	NA	140.745009	NA	NA	NA
2254796	105.325	55.175	NA	NA	140.752542	NA	NA	NA
2254797	105.375	55.175	NA	NA	140.755602	NA	NA	NA
2254798	105.425	55.175	NA	NA	140.788263	NA	NA	NA
2261312	105.125	55.125	NA	NA	140.677786	NA	NA	NA
2261313	105.175	55.125	NA	NA	140.71284	NA	NA	NA
2261314	105.225	55.125	NA	NA	140.736183	NA	NA	NA
2267831	105.075	55.075	124.499868	121.528279	140.645714	16.145846	19.117435	NA
2267832	105.125	55.075	NA	NA	140.670997	NA	NA	NA
2274351	105.075	55.025	124.450906	121.863448	140.219382	15.768476	18.355934	NA
2274352	105.125	55.025	NA	NA	140.197482	NA	NA	NA
2280871	105.075	54.975	NA	NA	140.189673	NA	NA	NA
2287390	105.025	54.925	NA	NA	140.145554	NA	NA	NA
2287391	105.075	54.925	NA	NA	140.168787	NA	NA	NA
2293910	105.025	54.875	NA	NA	140.138871	NA	NA	NA
2293911	105.075	54.875	NA	NA	139.360155	NA	NA	NA
2300431	105.075	54.825	NA	NA	140.112433	NA	NA	NA
2300432	105.125	54.825	NA	NA	140.076629	NA	NA	NA
2300433	105.175	54.825	NA	NA	140.0677	NA	NA	NA
2300434	105.225	54.825	NA	NA	140.061166	NA	NA	NA
2306954	105.225	54.775	NA	NA	140.049601	NA	NA	NA
2313474	105.225	54.725	NA	NA	139.482973	NA	NA	NA
2319994	105.225	54.675	NA	NA	139.459249	NA	NA	NA
2326514	105.225	54.625	NA	NA	139.436282	NA	NA	NA
2333034	105.225	54.575	NA	NA	139.41555	NA	NA	NA
2339554	105.225	54.525	NA	NA	139.374705	NA	NA	NA
2346073	105.175	54.475	NA	NA	140.674355	NA	NA	NA
2346074	105.225	54.475	NA	NA	139.3504	NA	NA	NA
2352593	105.175	54.425	NA	NA	139.326667	NA	NA	NA
2359113	105.175	54.375	NA	NA	139.295287	NA	NA	NA
2359114	105.225	54.375	NA	NA	139.255796	NA	NA	NA
2359115	105.275	54.375	NA	NA	139.646759	NA	NA	NA
2365635	105.275	54.325	NA	NA	139.248242	NA	NA	NA
2365636	105.325	54.325	NA	NA	139.216668	NA	NA	NA
2365637	105.375	54.325	NA	NA	139.211145	NA	NA	NA
2372157	105.375	54.275	NA	NA	139.204043	NA	NA	NA
2372158	105.425	54.275	NA	NA	140.837045	NA	NA	NA
2372203	107.675	54.275	NA	NA	148.961088	NA	NA	NA
2372204	107.725	54.275	NA	NA	149.704413	NA	NA	NA
2372205	107.775	54.275	NA	NA	149.97552	NA	NA	NA
2372206	107.825	54.275	NA	NA	150.550456	NA	NA	NA
2372207	107.875	54.275	NA	NA	146.097362	NA	NA	NA
2372210	108.025	54.275	NA	NA	152.183014	NA	NA	NA
2378678	105.425	54.225	NA	NA	139.183201	NA	NA	NA
2378679	105.475	54.225	NA	NA	139.134696	NA	NA	NA
2378721	107.575	54.225	NA	NA	148.076124	NA	NA	NA
2378722	107.625	54.225	NA	NA	148.714665	NA	NA	NA
2378723	107.675	54.225	NA	NA	141.959612	NA	NA	NA
2378727	107.875	54.225	NA	NA	151.217023	NA	NA	NA
2378728	107.925	54.225	NA	NA	151.691791	NA	NA	NA
2378729	107.975	54.225	NA	NA	151.881579	NA	NA	NA
2378730	108.025	54.225	NA	NA	152.060062	NA	NA	NA
2378731	108.075	54.225	NA	NA	152.786411	NA	NA	NA
2385199	105.475	54.175	NA	NA	139.120271	NA	NA	NA
2385200	105.525	54.175	NA	NA	138.624375	NA	NA	NA
2385239	107.475	54.175	NA	NA	146.2253	NA	NA	NA
2385240	107.525	54.175	NA	NA	147.874696	NA	NA	NA
2385241	107.575	54.175	NA	NA	147.985243	NA	NA	NA
2385251	108.075	54.175	NA	NA	152.834137	NA	NA	NA
2385252	108.125	54.175	NA	NA	151.757634	NA	NA	NA
2391720	105.525	54.125	NA	NA	139.101288	NA	NA	NA
2391721	105.575	54.125	NA	NA	139.078804	NA	NA	NA
2391759	107.475	54.125	NA	NA	140.494223	NA	NA	NA
2398241	105.575	54.075	NA	NA	138.951452	NA	NA	NA
2398278	107.425	54.075	NA	NA	145.309433	NA	NA	NA
2398279	107.475	54.075	NA	NA	142.189766	NA	NA	NA
2404761	105.575	54.025	NA	NA	138.937416	NA	NA	NA
2404762	105.625	54.025	NA	NA	138.921321	NA	NA	NA
2404763	105.675	54.025	NA	NA	138.913718	NA	NA	NA
2404764	105.725	54.025	NA	NA	137.587001	NA	NA	NA
2404795	107.275	54.025	NA	NA	145.183861	NA	NA	NA
2404796	107.325	54.025	NA	NA	145.214188	NA	NA	NA
2404797	107.375	54.025	NA	NA	145.264538	NA	NA	NA
2404798	107.425	54.025	NA	NA	140.83415	NA	NA	NA
2411313	107.175	53.975	NA	NA	145.042499	NA	NA	NA
2411314	107.225	53.975	NA	NA	145.086164	NA	NA	NA
2411315	107.275	53.975	NA	NA	137.320066	NA	NA	NA
2417833	107.175	53.925	NA	NA	144.09478	NA	NA	NA
2424329	105.975	53.875	NA	NA	139.574049	NA	NA	NA
2424330	106.025	53.875	NA	NA	141.37758	NA	NA	NA
2424331	106.075	53.875	NA	NA	141.381586	NA	NA	NA
2424333	106.175	53.875	NA	NA	141.382601	NA	NA	NA
2424334	106.225	53.875	NA	NA	141.417079	NA	NA	NA
2424335	106.275	53.875	NA	NA	141.421868	NA	NA	NA
2424336	106.325	53.875	NA	NA	141.423998	NA	NA	NA
2424337	106.375	53.875	NA	NA	130.593554	NA	NA	NA
2424340	106.525	53.875	NA	NA	142.832025	NA	NA	NA
2424341	106.575	53.875	NA	NA	142.834573	NA	NA	NA
2424342	106.625	53.875	NA	NA	143.040704	NA	NA	NA
2424343	106.675	53.875	NA	NA	143.054329	NA	NA	NA
2424344	106.725	53.875	NA	NA	143.149477	NA	NA	NA
2424345	106.775	53.875	NA	NA	143.184739	NA	NA	NA
2424346	106.825	53.875	NA	NA	143.269118	NA	NA	NA
2424347	106.875	53.875	NA	NA	143.511342	NA	NA	NA
2424348	106.925	53.875	NA	NA	143.628409	NA	NA	NA
2424349	106.975	53.875	NA	NA	143.748457	NA	NA	NA
2424352	107.125	53.875	NA	NA	144.284363	NA	NA	NA
2424353	107.175	53.875	NA	NA	144.289183	NA	NA	NA
2430851	106.075	53.825	NA	NA	134.005951	NA	NA	NA
2430852	106.125	53.825	NA	NA	129.755851	NA	NA	NA
2430853	106.175	53.825	NA	NA	129.459241	NA	NA	NA
2430857	106.375	53.825	NA	NA	141.585424	NA	NA	NA
2430858	106.425	53.825	NA	NA	141.708305	NA	NA	NA
2430859	106.475	53.825	NA	NA	142.399755	NA	NA	NA
2430860	106.525	53.825	NA	NA	142.818767	NA	NA	NA
2430866	106.825	53.825	NA	NA	133.574599	NA	NA	NA
2430869	106.975	53.825	NA	NA	143.767296	NA	NA	NA
2430870	107.025	53.825	NA	NA	143.881983	NA	NA	NA
2430871	107.075	53.825	NA	NA	144.086159	NA	NA	NA
2430872	107.125	53.825	NA	NA	140.964013	NA	NA	NA
2470124	113.725	53.525	NA	NA	139.131719	NA	NA	NA
2476640	113.525	53.475	NA	NA	144.630929	NA	NA	NA
2483155	113.275	53.425	NA	NA	146.312113	NA	NA	NA
2483156	113.325	53.425	NA	NA	146.326552	NA	NA	NA
2483157	113.375	53.425	NA	NA	146.330975	NA	NA	NA
2496179	112.475	53.325	NA	NA	147.703941	NA	NA	NA
2496180	112.525	53.325	NA	NA	147.719962	NA	NA	NA
2502700	112.525	53.275	NA	NA	147.727674	NA	NA	NA
2502701	112.575	53.275	NA	NA	147.76837	NA	NA	NA
2502702	112.625	53.275	NA	NA	147.800323	NA	NA	NA
2502705	112.775	53.275	NA	NA	146.290343	NA	NA	NA
2502706	112.825	53.275	NA	NA	146.326913	NA	NA	NA
2509222	112.625	53.225	NA	NA	147.780214	NA	NA	NA
2509223	112.675	53.225	NA	NA	147.790989	NA	NA	NA
2509224	112.725	53.225	NA	NA	147.802755	NA	NA	NA
2509225	112.775	53.225	NA	NA	146.534191	NA	NA	NA
2509226	112.825	53.225	NA	NA	146.274574	NA	NA	NA
2541639	103.475	52.975	129.515121	124.707187	121.714459	-7.800662	-2.992728	NA
2541640	103.525	52.975	129.524694	124.7276	121.717313	-7.807381	-3.010287	NA
2548161	103.575	52.925	128.801292	124.593397	117.712096	-11.089196	-6.881301	NA
2573997	91.375	52.725	123.646976	124.167689	148.000067	24.353091	23.832378	NA
2580517	91.375	52.675	127.356223	124.485749	147.997086	20.640863	23.511337	NA
2580518	91.425	52.675	127.541901	123.990811	147.995548	20.453647	24.004737	NA
2580519	91.475	52.675	130.217043	125.287724	127.858576	-2.358466	2.570852	NA
2580520	91.525	52.675	127.382973	124.237627	147.988425	20.605451	23.750798	NA
2580521	91.575	52.675	128.984647	124.618658	147.990361	19.005715	23.371703	NA
2580522	91.625	52.675	128.814436	125.021051	147.989819	19.175383	22.968769	NA
2580523	91.675	52.675	122.150867	124.593433	147.995183	25.844316	23.401751	NA
2580524	91.725	52.675	125.085241	124.710046	147.992386	22.907145	23.28234	NA
2580525	91.775	52.675	NA	NA	132.739906	NA	NA	NA
2587038	91.425	52.625	NA	NA	123.37645	NA	NA	NA
2587039	91.475	52.625	130.217043	125.287724	147.99134	17.774297	22.703616	NA
2587044	91.725	52.625	129.830718	124.379421	148.028159	18.19744	23.648738	NA
2587045	91.775	52.625	131.469102	124.743045	148.041177	16.572076	23.298132	NA
2587048	91.925	52.625	126.787954	124.130475	148.076305	21.288351	23.94583	NA
2587049	91.975	52.625	123.745805	124.363797	134.160892	10.415087	9.797095	NA
2587053	92.175	52.625	125.769274	124.284735	148.09814	22.328866	23.813405	NA
2587054	92.225	52.625	124.693684	124.507345	148.093587	23.399903	23.586241	NA
2587055	92.275	52.625	NA	NA	140.133076	NA	NA	NA
2593564	91.725	52.575	127.27158	124.379632	148.086165	20.814585	23.706534	NA
2593565	91.775	52.575	NA	NA	148.075686	NA	NA	NA
2593566	91.825	52.575	128.017596	124.212219	148.07443	20.056834	23.862211	NA
2593567	91.875	52.575	126.741563	124.246241	148.073283	21.331719	23.827042	NA
2593568	91.925	52.575	NA	NA	136.912751	NA	NA	NA
2593569	91.975	52.575	124.199643	124.58295	148.051955	23.852312	23.469005	NA
2593570	92.025	52.575	125.263887	124.961925	148.042614	22.778727	23.080689	NA
2593571	92.075	52.575	126.768761	124.837035	148.037543	21.268782	23.200507	NA
2593572	92.125	52.575	125.518068	124.465378	148.092834	22.574766	23.627456	NA
2593573	92.175	52.575	NA	NA	148.099407	NA	NA	NA
2593575	92.275	52.575	125.118847	124.783705	148.090684	22.971837	23.306979	NA
2593576	92.325	52.575	125.332297	124.566599	148.08741	22.755113	23.520812	NA
2600025	88.775	52.525	NA	NA	127.807338	NA	NA	NA
2600095	92.275	52.525	126.564871	124.508552	148.192706	21.627835	23.684154	NA
2600329	103.975	52.525	NA	NA	120.638064	NA	NA	NA
2606544	88.725	52.475	NA	NA	128.921279	NA	NA	NA
2606849	103.975	52.475	NA	NA	120.642577	NA	NA	NA
2606850	104.025	52.475	126.244734	123.973274	120.644722	-5.600012	-3.328552	NA
2606851	104.075	52.475	127.166211	124.050581	120.646487	-6.519724	-3.404094	NA
2613371	104.075	52.425	NA	NA	127.708549	NA	NA	NA
2626100	88.525	52.325	NA	NA	126.647271	NA	NA	NA
2626101	88.575	52.325	NA	NA	129.087842	NA	NA	NA
2626179	92.475	52.325	123.982079	123.776656	148.15479	24.172711	24.378133	NA
2632619	88.475	52.275	NA	NA	131.481341	NA	NA	NA
2632620	88.525	52.275	NA	NA	130.377969	NA	NA	NA
2632698	92.425	52.275	124.231971	123.658812	148.13835	23.906378	24.479538	NA
2632935	104.275	52.275	123.658256	123.052068	120.627295	-3.03096	-2.424772	NA
2632936	104.325	52.275	123.909409	122.90851	125.747025	1.837616	2.838515	NA
2639138	88.425	52.225	NA	NA	133.550822	NA	NA	NA
2639139	88.475	52.225	NA	NA	129.210292	NA	NA	NA
2639217	92.375	52.225	NA	NA	148.111482	NA	NA	NA
2639218	92.425	52.225	NA	NA	118.733813	NA	NA	NA
2639456	104.325	52.225	126.859442	123.740868	120.16686	-6.692581	-3.574008	NA
2639457	104.375	52.225	130.010821	123.609918	120.171558	-9.839263	-3.438361	NA
2639458	104.425	52.225	NA	NA	123.455505	NA	NA	NA
2645658	88.425	52.175	NA	NA	137.288172	NA	NA	NA
2645736	92.325	52.175	128.0766	124.107627	148.087723	20.011123	23.980096	NA
2645737	92.375	52.175	126.00391	123.674434	148.096662	22.092752	24.422228	NA
2645978	104.425	52.175	130.580349	123.675762	120.180965	-10.399384	-3.494798	NA
2652254	92.225	52.125	128.59453	124.316429	114.837386	-13.757144	-9.479043	NA
2652255	92.275	52.125	130.049532	124.345894	148.081067	18.031535	23.735173	NA
2652256	92.325	52.125	130.142718	124.437687	145.203637	15.060919	20.765949	NA
2652498	104.425	52.125	NA	NA	123.664781	NA	NA	NA
2652499	104.475	52.125	130.289986	123.491443	135.040983	4.750997	11.54954	NA
2652500	104.525	52.125	130.436746	123.820121	123.315424	-7.121321	-0.504696	NA
2658774	92.225	52.075	130.282875	124.368478	148.134859	17.851984	23.766382	NA
2659020	104.525	52.075	128.253798	123.930539	135.063694	6.809895	11.133155	NA
2659021	104.575	52.075	129.860686	124.66865	135.070254	5.209568	10.401605	NA
2665541	104.575	52.025	129.08621	124.533759	125.369298	-3.716912	0.835539	NA
2665542	104.625	52.025	127.518457	124.705176	135.075538	7.557081	10.370361	NA
2672062	104.625	51.975	128.043415	124.774047	135.08511	7.041696	10.311064	NA
2672063	104.675	51.975	126.613057	124.286994	135.08708	8.474024	10.800086	NA
2672064	104.725	51.975	127.038544	124.127208	130.287867	3.249324	6.160659	NA
2672119	107.475	51.975	NA	NA	142.078189	NA	NA	NA
2678584	104.725	51.925	126.421409	124.313261	135.089613	8.668204	10.776353	NA
2678585	104.775	51.925	123.877264	124.113131	135.09215	11.214886	10.979019	NA
2678586	104.825	51.925	121.856222	124.017517	135.938008	14.081786	11.920491	NA
2678640	107.525	51.925	NA	NA	123.943789	NA	NA	NA
2685106	104.825	51.875	125.259752	123.570124	135.093586	9.833834	11.523462	NA
2710805	85.775	51.675	NA	NA	144.306358	NA	NA	NA
2717324	85.725	51.625	NA	NA	133.471287	NA	NA	NA
2717325	85.775	51.625	NA	NA	144.312707	NA	NA	NA
2717326	85.825	51.625	NA	NA	126.398733	NA	NA	NA
2723846	85.825	51.575	NA	NA	144.704788	NA	NA	NA
2723847	85.875	51.575	NA	NA	144.708455	NA	NA	NA
2723848	85.925	51.575	NA	NA	144.736766	NA	NA	NA
2724000	93.525	51.575	NA	NA	147.517452	NA	NA	NA
2724001	93.575	51.575	NA	NA	147.510462	NA	NA	NA
2724002	93.625	51.575	NA	NA	147.500167	NA	NA	NA
2724003	93.675	51.575	NA	NA	147.491224	NA	NA	NA
2724004	93.725	51.575	NA	NA	147.483729	NA	NA	NA
2724005	93.775	51.575	NA	NA	147.475053	NA	NA	NA
2724006	93.825	51.575	NA	NA	147.466002	NA	NA	NA
2724007	93.875	51.575	NA	NA	147.458635	NA	NA	NA
2724008	93.925	51.575	NA	NA	147.44546	NA	NA	NA
2730368	85.925	51.525	NA	NA	144.737904	NA	NA	NA
2730369	85.975	51.525	NA	NA	128.621299	NA	NA	NA
2736889	85.975	51.475	NA	NA	144.81334	NA	NA	NA
2743409	85.975	51.425	NA	NA	144.987694	NA	NA	NA
2749929	85.975	51.375	NA	NA	145.021254	NA	NA	NA
2749930	86.025	51.375	NA	NA	145.021003	NA	NA	NA
2750349	106.975	51.375	NA	NA	142.013384	NA	NA	NA
2756450	86.025	51.325	NA	NA	145.16603	NA	NA	NA
2756869	106.975	51.325	NA	NA	142.000394	NA	NA	NA
2762970	86.025	51.275	NA	NA	145.220078	NA	NA	NA
2762971	86.075	51.275	NA	NA	145.220116	NA	NA	NA
2763387	106.875	51.275	NA	NA	142.322871	NA	NA	NA
2763388	106.925	51.275	NA	NA	142.342371	NA	NA	NA
2763389	106.975	51.275	NA	NA	138.873457	NA	NA	NA
2769491	86.075	51.225	NA	NA	145.262185	NA	NA	NA
2769905	106.775	51.225	NA	NA	142.303868	NA	NA	NA
2769906	106.825	51.225	NA	NA	142.308553	NA	NA	NA
2769907	106.875	51.225	NA	NA	142.317061	NA	NA	NA
2776011	86.075	51.175	NA	NA	145.289062	NA	NA	NA
2776012	86.125	51.175	NA	NA	145.288124	NA	NA	NA
2776013	86.175	51.175	NA	NA	145.290086	NA	NA	NA
2776424	106.725	51.175	NA	NA	142.275711	NA	NA	NA
2776425	106.775	51.175	NA	NA	142.290788	NA	NA	NA
2782532	86.125	51.125	NA	NA	132.357848	NA	NA	NA
2782533	86.175	51.125	NA	NA	145.343907	NA	NA	NA
2782944	106.725	51.125	NA	NA	142.268602	NA	NA	NA
2789052	86.125	51.075	NA	NA	130.674863	NA	NA	NA
2789053	86.175	51.075	NA	NA	145.396841	NA	NA	NA
2789054	86.225	51.075	NA	NA	126.708123	NA	NA	NA
2789463	106.675	51.075	NA	NA	142.244947	NA	NA	NA
2795574	86.225	51.025	NA	NA	145.399938	NA	NA	NA
2795982	106.625	51.025	NA	NA	142.916278	NA	NA	NA
2802094	86.225	50.975	NA	NA	134.470095	NA	NA	NA
2802095	86.275	50.975	NA	NA	145.405734	NA	NA	NA
2815138	86.425	50.875	NA	NA	145.42454	NA	NA	NA
2821659	86.475	50.825	NA	NA	145.436867	NA	NA	NA
2828179	86.475	50.775	NA	NA	145.438378	NA	NA	NA
2828180	86.525	50.775	NA	NA	145.903099	NA	NA	NA
2834700	86.525	50.725	NA	NA	145.949594	NA	NA	NA
2854261	86.575	50.575	NA	NA	145.991465	NA	NA	NA
2860782	86.625	50.525	NA	NA	146.001118	NA	NA	NA
2867302	86.625	50.475	NA	NA	145.995667	NA	NA	NA
2873822	86.625	50.425	NA	NA	146.011292	NA	NA	NA
2873823	86.675	50.425	NA	NA	140.431799	NA	NA	NA
2880343	86.675	50.375	NA	NA	146.007988	NA	NA	NA
2886863	86.675	50.325	NA	NA	145.622341	NA	NA	NA
2886864	86.725	50.325	NA	NA	145.621516	NA	NA	NA
2893361	85.575	50.275	NA	NA	137.036605	NA	NA	NA
2899880	85.525	50.225	NA	NA	146.64228	NA	NA	NA
2906399	85.475	50.175	NA	NA	146.877149	NA	NA	NA
2906400	85.525	50.175	NA	NA	120.662455	NA	NA	NA
2912919	85.475	50.125	NA	NA	146.912768	NA	NA	NA
2919438	85.425	50.075	NA	NA	128.318683	NA	NA	NA
2919439	85.475	50.075	NA	NA	147.827287	NA	NA	NA
2952039	85.475	49.825	NA	NA	147.651591	NA	NA	NA
2952040	85.525	49.825	NA	NA	147.743113	NA	NA	NA
2958560	85.525	49.775	NA	NA	147.784878	NA	NA	NA
2958561	85.575	49.775	NA	NA	148.199607	NA	NA	NA
2965081	85.575	49.725	NA	NA	148.143502	NA	NA	NA
2965082	85.625	49.725	NA	NA	144.921841	NA	NA	NA
2965099	86.475	49.725	NA	NA	160.232628	NA	NA	NA
2971602	85.625	49.675	NA	NA	148.405824	NA	NA	NA
2971603	85.675	49.675	NA	NA	151.923063	NA	NA	NA
2971604	85.725	49.675	NA	NA	151.794436	NA	NA	NA
2971618	86.425	49.675	NA	NA	162.915956	NA	NA	NA
2971619	86.475	49.675	NA	NA	159.983534	NA	NA	NA
2978124	85.725	49.625	NA	NA	152.220593	NA	NA	NA
2978127	85.875	49.625	NA	NA	153.742351	NA	NA	NA
2978131	86.075	49.625	NA	NA	155.830666	NA	NA	NA
2978132	86.125	49.625	NA	NA	154.73085	NA	NA	NA
2978133	86.175	49.625	NA	NA	154.482712	NA	NA	NA
2978134	86.225	49.625	NA	NA	155.269993	NA	NA	NA
2978135	86.275	49.625	NA	NA	156.032605	NA	NA	NA
2978136	86.325	49.625	NA	NA	155.689035	NA	NA	NA
2978137	86.375	49.625	NA	NA	156.961121	NA	NA	NA
2978138	86.425	49.625	NA	NA	158.151647	NA	NA	NA
2984644	85.725	49.575	NA	NA	153.179968	NA	NA	NA
2984645	85.775	49.575	NA	NA	153.343318	NA	NA	NA
2984646	85.825	49.575	NA	NA	153.455472	NA	NA	NA
2984647	85.875	49.575	NA	NA	153.672721	NA	NA	NA
2984648	85.925	49.575	NA	NA	153.42805	NA	NA	NA
2984649	85.975	49.575	NA	NA	153.520998	NA	NA	NA
2984650	86.025	49.575	NA	NA	153.658754	NA	NA	NA
2984651	86.075	49.575	NA	NA	153.837101	NA	NA	NA
2997997	101.375	49.475	NA	NA	137.727913	NA	NA	NA
3004512	101.125	49.425	NA	NA	138.030411	NA	NA	NA
3004513	101.175	49.425	NA	NA	146.204295	NA	NA	NA
3004514	101.225	49.425	NA	NA	146.218145	NA	NA	NA
3004515	101.275	49.425	NA	NA	146.22891	NA	NA	NA
3004516	101.325	49.425	NA	NA	146.252887	NA	NA	NA
3004517	101.375	49.425	NA	NA	146.258596	NA	NA	NA
3004518	101.425	49.425	NA	NA	146.256301	NA	NA	NA
3004519	101.475	49.425	NA	NA	146.26686	NA	NA	NA
3004520	101.525	49.425	NA	NA	146.278483	NA	NA	NA
3004521	101.575	49.425	NA	NA	135.580616	NA	NA	NA
3004525	101.775	49.425	NA	NA	146.25093	NA	NA	NA
3004526	101.825	49.425	NA	NA	146.302738	NA	NA	NA
3004527	101.875	49.425	NA	NA	146.333358	NA	NA	NA
3004528	101.925	49.425	NA	NA	146.34913	NA	NA	NA
3004529	101.975	49.425	NA	NA	146.212459	NA	NA	NA
3004530	102.025	49.425	NA	NA	146.220964	NA	NA	NA
3004563	103.675	49.425	NA	NA	142.920778	NA	NA	NA
3011031	101.075	49.375	NA	NA	138.373379	NA	NA	NA
3011032	101.125	49.375	NA	NA	146.194379	NA	NA	NA
3011035	101.275	49.375	NA	NA	146.244655	NA	NA	NA
3011040	101.525	49.375	NA	NA	146.2905	NA	NA	NA
3011041	101.575	49.375	NA	NA	146.30028	NA	NA	NA
3011042	101.625	49.375	NA	NA	146.311117	NA	NA	NA
3011043	101.675	49.375	NA	NA	146.319165	NA	NA	NA
3011044	101.725	49.375	NA	NA	146.228708	NA	NA	NA
3011045	101.775	49.375	NA	NA	146.244666	NA	NA	NA
3011046	101.825	49.375	NA	NA	146.324772	NA	NA	NA
3011047	101.875	49.375	NA	NA	139.097143	NA	NA	NA
3011048	101.925	49.375	NA	NA	132.481894	NA	NA	NA
3011049	101.975	49.375	NA	NA	146.361111	NA	NA	NA
3011050	102.025	49.375	NA	NA	146.23171	NA	NA	NA
3011051	102.075	49.375	NA	NA	146.246376	NA	NA	NA
3011052	102.125	49.375	NA	NA	146.260492	NA	NA	NA
3011056	102.325	49.375	NA	NA	146.323448	NA	NA	NA
3011057	102.375	49.375	NA	NA	146.335832	NA	NA	NA
3011060	102.525	49.375	NA	NA	146.378965	NA	NA	NA
3011061	102.575	49.375	NA	NA	145.825695	NA	NA	NA
3011062	102.625	49.375	NA	NA	145.83212	NA	NA	NA
3011063	102.675	49.375	NA	NA	145.862465	NA	NA	NA
3011064	102.725	49.375	NA	NA	145.874145	NA	NA	NA
3011065	102.775	49.375	NA	NA	145.888206	NA	NA	NA
3011066	102.825	49.375	NA	NA	145.918704	NA	NA	NA
3011067	102.875	49.375	NA	NA	145.943711	NA	NA	NA
3011068	102.925	49.375	NA	NA	145.953507	NA	NA	NA
3011069	102.975	49.375	NA	NA	145.91	NA	NA	NA
3011070	103.025	49.375	NA	NA	130.981424	NA	NA	NA
3011079	103.475	49.375	NA	NA	133.28777	NA	NA	NA
3011080	103.525	49.375	NA	NA	145.974257	NA	NA	NA
3011081	103.575	49.375	NA	NA	145.983624	NA	NA	NA
3011082	103.625	49.375	NA	NA	142.9018	NA	NA	NA
3011083	103.675	49.375	NA	NA	142.915626	NA	NA	NA
3017549	100.975	49.325	NA	NA	146.200931	NA	NA	NA
3017550	101.025	49.325	NA	NA	146.222437	NA	NA	NA
3017551	101.075	49.325	NA	NA	146.238632	NA	NA	NA
3017572	102.125	49.325	NA	NA	146.266492	NA	NA	NA
3017573	102.175	49.325	NA	NA	146.277723	NA	NA	NA
3017574	102.225	49.325	NA	NA	146.288431	NA	NA	NA
3017575	102.275	49.325	NA	NA	146.302304	NA	NA	NA
3017576	102.325	49.325	NA	NA	146.315299	NA	NA	NA
3017577	102.375	49.325	NA	NA	140.336256	NA	NA	NA
3017578	102.425	49.325	NA	NA	140.357752	NA	NA	NA
3017579	102.475	49.325	NA	NA	140.379816	NA	NA	NA
3017580	102.525	49.325	NA	NA	140.415643	NA	NA	NA
3017585	102.775	49.325	NA	NA	145.893416	NA	NA	NA
3017586	102.825	49.325	NA	NA	145.90721	NA	NA	NA
3017590	103.025	49.325	NA	NA	145.945623	NA	NA	NA
3017591	103.075	49.325	NA	NA	145.861548	NA	NA	NA
3017592	103.125	49.325	NA	NA	145.873165	NA	NA	NA
3017593	103.175	49.325	NA	NA	145.885841	NA	NA	NA
3017594	103.225	49.325	NA	NA	145.902871	NA	NA	NA
3017595	103.275	49.325	NA	NA	145.91341	NA	NA	NA
3017596	103.325	49.325	NA	NA	145.920562	NA	NA	NA
3017597	103.375	49.325	NA	NA	145.933635	NA	NA	NA
3017598	103.425	49.325	NA	NA	145.94766	NA	NA	NA
3017599	103.475	49.325	NA	NA	145.96574	NA	NA	NA
3024063	100.675	49.275	NA	NA	146.120929	NA	NA	NA
3024064	100.725	49.275	NA	NA	146.132125	NA	NA	NA
3024065	100.775	49.275	NA	NA	146.142191	NA	NA	NA
3024066	100.825	49.275	NA	NA	146.151489	NA	NA	NA
3024067	100.875	49.275	NA	NA	146.163476	NA	NA	NA
3024068	100.925	49.275	NA	NA	146.173386	NA	NA	NA
3024069	100.975	49.275	NA	NA	146.189579	NA	NA	NA
3030583	100.675	49.225	NA	NA	147.189981	NA	NA	NA
3037103	100.675	49.175	NA	NA	147.172639	NA	NA	NA
3043621	100.575	49.125	NA	NA	138.579161	NA	NA	NA
3043622	100.625	49.125	NA	NA	146.469072	NA	NA	NA
3043623	100.675	49.125	NA	NA	147.865437	NA	NA	NA
3050139	100.475	49.075	NA	NA	140.23712	NA	NA	NA
3050140	100.525	49.075	NA	NA	146.423374	NA	NA	NA
3050141	100.575	49.075	NA	NA	146.46248	NA	NA	NA
3056656	100.325	49.025	NA	NA	137.96413	NA	NA	NA
3056657	100.375	49.025	NA	NA	146.432331	NA	NA	NA
3056658	100.425	49.025	NA	NA	146.470451	NA	NA	NA
3056659	100.475	49.025	NA	NA	146.416741	NA	NA	NA
3063174	100.225	48.975	NA	NA	146.381106	NA	NA	NA
3063175	100.275	48.975	NA	NA	146.39507	NA	NA	NA
3063176	100.325	48.975	NA	NA	146.404171	NA	NA	NA
3069690	100.025	48.925	NA	NA	146.348808	NA	NA	NA
3069691	100.075	48.925	NA	NA	146.344259	NA	NA	NA
3069692	100.125	48.925	NA	NA	146.34587	NA	NA	NA
3069693	100.175	48.925	NA	NA	146.364756	NA	NA	NA
3069694	100.225	48.925	NA	NA	146.369231	NA	NA	NA
3076208	99.925	48.875	NA	NA	146.310426	NA	NA	NA
3076209	99.975	48.875	NA	NA	146.32743	NA	NA	NA
3076210	100.025	48.875	NA	NA	146.36807	NA	NA	NA
3082725	99.775	48.825	NA	NA	146.681406	NA	NA	NA
3082726	99.825	48.825	NA	NA	146.681828	NA	NA	NA
3082727	99.875	48.825	NA	NA	146.374735	NA	NA	NA
3082728	99.925	48.825	NA	NA	133.821842	NA	NA	NA
3089207	97.875	48.775	NA	NA	135.700945	NA	NA	NA
3089208	97.925	48.775	NA	NA	148.321719	NA	NA	NA
3089209	97.975	48.775	NA	NA	148.129724	NA	NA	NA
3089210	98.025	48.775	NA	NA	129.727963	NA	NA	NA
3089242	99.625	48.775	NA	NA	146.863443	NA	NA	NA
3089243	99.675	48.775	NA	NA	146.884631	NA	NA	NA
3089244	99.725	48.775	NA	NA	146.895205	NA	NA	NA
3089245	99.775	48.775	NA	NA	146.909762	NA	NA	NA
3095724	97.725	48.725	NA	NA	148.607258	NA	NA	NA
3095725	97.775	48.725	NA	NA	148.690015	NA	NA	NA
3095726	97.825	48.725	NA	NA	148.718675	NA	NA	NA
3095727	97.875	48.725	NA	NA	148.747534	NA	NA	NA
3095730	98.025	48.725	NA	NA	147.79039	NA	NA	NA
3095731	98.075	48.725	NA	NA	147.802782	NA	NA	NA
3095732	98.125	48.725	NA	NA	147.779048	NA	NA	NA
3095733	98.175	48.725	NA	NA	147.722143	NA	NA	NA
3095760	99.525	48.725	NA	NA	146.887346	NA	NA	NA
3095761	99.575	48.725	NA	NA	146.878076	NA	NA	NA
3095762	99.625	48.725	NA	NA	146.851225	NA	NA	NA
3102243	97.675	48.675	NA	NA	147.834964	NA	NA	NA
3102244	97.725	48.675	NA	NA	148.530165	NA	NA	NA
3102278	99.425	48.675	NA	NA	146.8442	NA	NA	NA
3102279	99.475	48.675	NA	NA	146.860397	NA	NA	NA
3102280	99.525	48.675	NA	NA	146.882048	NA	NA	NA
3108761	97.575	48.625	NA	NA	147.867035	NA	NA	NA
3108762	97.625	48.625	NA	NA	148.03684	NA	NA	NA
3108763	97.675	48.625	NA	NA	123.36457	NA	NA	NA
3115280	97.525	48.575	NA	NA	147.802391	NA	NA	NA
3115281	97.575	48.575	NA	NA	147.847758	NA	NA	NA
3121799	97.475	48.525	NA	NA	147.849536	NA	NA	NA
3121800	97.525	48.525	NA	NA	147.837447	NA	NA	NA
3128318	97.425	48.475	NA	NA	148.226046	NA	NA	NA
3128319	97.475	48.475	NA	NA	148.169244	NA	NA	NA
3134838	97.425	48.425	NA	NA	151.157706	NA	NA	NA
3134839	97.475	48.425	NA	NA	134.444923	NA	NA	NA
3141359	97.475	48.375	NA	NA	151.258812	NA	NA	NA
3147878	97.425	48.325	NA	NA	136.637025	NA	NA	NA
3147879	97.475	48.325	NA	NA	151.877778	NA	NA	NA
3154398	97.425	48.275	NA	NA	152.790231	NA	NA	NA
3160917	97.375	48.225	NA	NA	153.238117	NA	NA	NA
3160918	97.425	48.225	NA	NA	141.877786	NA	NA	NA
3167437	97.375	48.175	NA	NA	153.680163	NA	NA	NA
3167438	97.425	48.175	NA	NA	141.518519	NA	NA	NA
3173958	97.425	48.125	NA	NA	153.896135	NA	NA	NA
3173959	97.475	48.125	NA	NA	153.699316	NA	NA	NA
3173960	97.525	48.125	NA	NA	154.237817	NA	NA	NA
3219447	89.875	47.775	NA	NA	163.233173	NA	NA	NA
3219448	89.925	47.775	NA	NA	162.685393	NA	NA	NA
3219449	89.975	47.775	NA	NA	163.553935	NA	NA	NA
3225964	89.725	47.725	NA	NA	161.921217	NA	NA	NA
3225965	89.775	47.725	NA	NA	161.774398	NA	NA	NA
3225966	89.825	47.725	NA	NA	162.664164	NA	NA	NA
3225967	89.875	47.725	NA	NA	156.980225	NA	NA	NA
3232484	89.725	47.675	NA	NA	161.54367	NA	NA	NA
3232485	89.775	47.675	NA	NA	161.031271	NA	NA	NA
3239004	89.725	47.625	NA	NA	160.809983	NA	NA	NA
3239005	89.775	47.625	NA	NA	161.671943	NA	NA	NA
3245523	89.675	47.575	NA	NA	159.43179	NA	NA	NA
3245524	89.725	47.575	NA	NA	160.537993	NA	NA	NA
3252042	89.625	47.525	NA	NA	150.657809	NA	NA	NA
3252043	89.675	47.525	NA	NA	159.051936	NA	NA	NA
