ID	lon	lat	DOC	POC	discharge	QlagDOC	QlagPOC	FID_1
1428803	-118.325	61.475	NA	NA	131.601303	NA	NA	NA
1428804	-118.275	61.475	NA	NA	126.031046	NA	NA	NA
1428805	-118.225	61.475	125.308814	140.646159	125.803644	0.49483	-14.842514	NA
1428806	-118.175	61.475	NA	NA	131.627448	NA	NA	NA
1428807	-118.125	61.475	124.714001	142.548833	131.6309	6.916898	-10.917934	NA
1428808	-118.075	61.475	124.563947	140.743097	131.632734	7.068787	-9.110364	NA
1435322	-118.375	61.425	NA	NA	124.790435	NA	NA	NA
1435323	-118.325	61.425	124.109669	138.541792	131.591409	7.48174	-6.950383	NA
1435329	-118.025	61.425	124.228713	138.337426	124.453247	0.224534	-13.884179	NA
1435330	-117.975	61.425	124.158249	138.19607	131.719224	7.560975	-6.476846	NA
1435331	-117.925	61.425	124.205753	137.836311	131.724097	7.518344	-6.112214	NA
1435332	-117.875	61.425	124.555369	136.551059	131.726358	7.170989	-4.824701	NA
1441842	-118.375	61.375	124.120788	135.939324	131.588026	7.467238	-4.351297	NA
1441852	-117.875	61.375	NA	NA	124.539413	NA	NA	NA
1441853	-117.825	61.375	124.426931	137.330117	131.728034	7.301103	-5.602083	NA
1441854	-117.775	61.375	124.877366	137.715932	131.730485	6.853118	-5.985448	NA
1441855	-117.725	61.375	124.5896	137.316734	131.733011	7.143411	-5.583723	NA
1448376	-117.675	61.325	124.399322	137.263945	124.026941	-0.372381	-13.237004	NA
1448446	-114.175	61.325	NA	NA	142.923667	NA	NA	NA
1448447	-114.125	61.325	NA	NA	141.94164	NA	NA	NA
1448448	-114.075	61.325	NA	NA	143.126614	NA	NA	NA
1448449	-114.025	61.325	NA	NA	142.152263	NA	NA	NA
1448450	-113.975	61.325	NA	NA	141.164698	NA	NA	NA
1448451	-113.925	61.325	124.137238	139.082264	127.041808	2.90457	-12.040456	NA
1448452	-113.875	61.325	NA	NA	139.85643	NA	NA	NA
1448453	-113.825	61.325	NA	NA	139.305715	NA	NA	NA
1448454	-113.775	61.325	123.667111	138.336937	142.281731	18.61462	3.944793	NA
1448455	-113.725	61.325	123.723533	138.34397	141.17343	17.449897	2.82946	NA
1448456	-113.675	61.325	124.736461	139.983042	141.105667	16.369206	1.122625	NA
1454898	-117.575	61.275	124.188291	137.417814	131.739775	7.551484	-5.678039	NA
1454965	-114.225	61.275	NA	NA	144.14597	NA	NA	NA
1454966	-114.175	61.275	NA	NA	143.586654	NA	NA	NA
1454976	-113.675	61.275	124.736461	139.983042	139.910472	15.174011	-0.07257	NA
1454977	-113.625	61.275	NA	NA	136.471996	NA	NA	NA
1454978	-113.575	61.275	NA	NA	131.476501	NA	NA	NA
1461421	-117.425	61.225	124.439698	138.438268	131.754822	7.315124	-6.683445	NA
1461482	-114.375	61.225	124.027926	139.074551	143.705395	19.677469	4.630844	NA
1461483	-114.325	61.225	124.077841	139.00451	144.189129	20.111288	5.184619	NA
1461484	-114.275	61.225	NA	NA	143.068735	NA	NA	NA
1461485	-114.225	61.225	NA	NA	143.771847	NA	NA	NA
1467943	-117.325	61.175	124.317391	138.665909	135.611611	11.29422	-3.054298	NA
1467944	-117.275	61.175	124.471426	139.018501	135.606988	11.135562	-3.411513	NA
1467999	-114.525	61.175	NA	NA	143.43578	NA	NA	NA
1468000	-114.475	61.175	NA	NA	143.140867	NA	NA	NA
1468001	-114.425	61.175	124.006216	138.91248	142.833085	18.826868	3.920605	NA
1468002	-114.375	61.175	124.026054	139.039926	141.527293	17.501239	2.487368	NA
1474464	-117.275	61.125	124.470267	138.939221	124.205728	-0.264539	-14.733493	NA
1474465	-117.225	61.125	124.546971	139.250994	135.604859	11.057889	-3.646135	NA
1474466	-117.175	61.125	124.479028	139.339036	135.597044	11.118016	-3.741992	NA
1474467	-117.125	61.125	124.491174	139.402577	135.593396	11.102223	-3.809181	NA
1474514	-114.775	61.125	NA	NA	143.618981	NA	NA	NA
1474515	-114.725	61.125	NA	NA	133.771024	NA	NA	NA
1474516	-114.675	61.125	NA	NA	143.063354	NA	NA	NA
1474517	-114.625	61.125	123.952303	138.715307	137.717678	13.765375	-0.997629	NA
1474518	-114.575	61.125	123.962135	138.741386	134.198316	10.236181	-4.54307	NA
1474519	-114.525	61.125	124.007279	138.859063	139.115256	15.107977	0.256193	NA
1480987	-117.125	61.075	124.491174	139.402577	123.162036	-1.329138	-16.240541	NA
1480988	-117.075	61.075	124.5023	139.352992	135.434219	10.931919	-3.918773	NA
1480989	-117.025	61.075	124.5915	139.375688	128.746308	4.154808	-10.62938	NA
1480990	-116.975	61.075	124.587063	139.326246	128.567588	3.980525	-10.758658	NA
1480991	-116.925	61.075	124.76112	139.53401	128.964894	4.203774	-10.569116	NA
1480992	-116.875	61.075	124.652035	139.195995	128.780002	4.127967	-10.415993	NA
1480993	-116.825	61.075	124.98097	139.413686	128.30239	3.32142	-11.111296	NA
1480994	-116.775	61.075	125.166144	139.575984	128.215293	3.049149	-11.360692	NA
1480995	-116.725	61.075	125.286728	139.749989	128.589736	3.303008	-11.160253	NA
1480996	-116.675	61.075	125.316402	138.930277	128.332292	3.01589	-10.597984	NA
1480997	-116.625	61.075	125.294848	138.59296	138.67446	13.379612	0.0815	NA
1480998	-116.575	61.075	125.199161	138.503794	138.359778	13.160617	-0.144016	NA
1481029	-115.025	61.075	NA	NA	143.193652	NA	NA	NA
1481030	-114.975	61.075	NA	NA	137.449194	NA	NA	NA
1481031	-114.925	61.075	NA	NA	137.297848	NA	NA	NA
1481032	-114.875	61.075	NA	NA	137.00202	NA	NA	NA
1481033	-114.825	61.075	NA	NA	136.749109	NA	NA	NA
1481034	-114.775	61.075	NA	NA	136.352999	NA	NA	NA
1487518	-116.575	61.025	125.199161	138.503794	129.545818	4.346657	-8.957976	NA
1487519	-116.525	61.025	125.014977	137.364392	132.407352	7.392375	-4.95704	NA
1487520	-116.475	61.025	124.774384	137.241529	131.356728	6.582344	-5.884801	NA
1487521	-116.425	61.025	124.648655	137.730307	131.736858	7.088203	-5.993449	NA
1487522	-116.375	61.025	NA	NA	132.464746	NA	NA	NA
1487545	-115.225	61.025	NA	NA	134.920961	NA	NA	NA
1487546	-115.175	61.025	NA	NA	133.950081	NA	NA	NA
1487547	-115.125	61.025	NA	NA	134.549185	NA	NA	NA
1487548	-115.075	61.025	NA	NA	134.350854	NA	NA	NA
1487549	-115.025	61.025	NA	NA	141.200918	NA	NA	NA
1494042	-116.375	60.975	124.601317	139.008524	129.594705	4.993388	-9.413819	NA
1494043	-116.325	60.975	124.661764	139.405689	131.744215	7.082451	-7.661474	NA
1494044	-116.275	60.975	124.601113	138.822884	123.528595	-1.072518	-15.294289	NA
1494045	-116.225	60.975	124.527239	138.63511	124.166823	-0.360415	-14.468286	NA
1494046	-116.175	60.975	124.448551	138.112078	126.743771	2.29522	-11.368308	NA
1494047	-116.125	60.975	NA	NA	129.936963	NA	NA	NA
1494048	-116.075	60.975	NA	NA	130.975791	NA	NA	NA
1494049	-116.025	60.975	NA	NA	131.132184	NA	NA	NA
1494050	-115.975	60.975	124.369435	137.946173	125.918228	1.548793	-12.027945	NA
1494051	-115.925	60.975	124.295274	137.332076	132.255077	7.959802	-5.076999	NA
1494052	-115.875	60.975	NA	NA	131.072234	NA	NA	NA
1494053	-115.825	60.975	124.275551	137.414207	137.628666	13.353115	0.214458	NA
1494054	-115.775	60.975	124.306746	137.424364	137.567746	13.261	0.143382	NA
1494055	-115.725	60.975	NA	NA	131.643318	NA	NA	NA
1494056	-115.675	60.975	NA	NA	130.253758	NA	NA	NA
1494057	-115.625	60.975	NA	NA	131.73523	NA	NA	NA
1494058	-115.575	60.975	NA	NA	131.798901	NA	NA	NA
1494059	-115.525	60.975	124.202348	137.313602	125.410229	1.207881	-11.903373	NA
1494060	-115.475	60.975	NA	NA	126.133787	NA	NA	NA
1494061	-115.425	60.975	NA	NA	131.330139	NA	NA	NA
1494062	-115.375	60.975	NA	NA	129.762415	NA	NA	NA
1494063	-115.325	60.975	124.184344	138.202954	130.627614	6.443271	-7.575339	NA
1494064	-115.275	60.975	NA	NA	131.31207	NA	NA	NA
1494065	-115.225	60.975	124.069836	137.838836	132.113251	8.043416	-5.725585	NA
1523841	69.575	60.775	124.43099	122.676683	139.690946	15.259956	17.014263	NA
1523842	69.625	60.775	NA	NA	139.671465	NA	NA	NA
1524246	89.825	60.775	135.29593	124.295949	135.819142	0.523212	11.523193	NA
1524247	89.875	60.775	133.951714	124.112381	133.135081	-0.816633	9.0227	NA
1524248	89.925	60.775	131.4405	124.537476	133.120585	1.680085	8.583109	NA
1530363	69.675	60.725	124.297005	122.62957	139.652321	15.355316	17.022751	NA
1530364	69.725	60.725	124.456015	122.604728	138.849456	14.393441	16.244729	NA
1530768	89.925	60.725	133.789277	124.622958	133.115591	-0.673686	8.492633	NA
1530769	89.975	60.725	134.642082	124.454489	133.105628	-1.536454	8.651139	NA
1536884	69.725	60.675	NA	NA	138.84248	NA	NA	NA
1536885	69.775	60.675	NA	NA	138.819425	NA	NA	NA
1536886	69.825	60.675	NA	NA	142.236319	NA	NA	NA
1536887	69.875	60.675	124.66245	122.825302	142.215185	17.552735	19.389882	NA
1537289	89.975	60.675	134.053827	124.390633	133.099375	-0.954452	8.708742	NA
1543406	69.825	60.625	124.414749	122.619849	138.805284	14.390535	16.185434	NA
1543809	89.975	60.625	132.769554	125.00593	133.043375	0.273821	8.037445	NA
1549925	69.775	60.575	123.854651	122.4586	138.767299	14.912649	16.308699	NA
1549926	69.825	60.575	124.394545	122.593529	138.785712	14.391167	16.192183	NA
1550329	89.975	60.575	132.924933	124.648559	133.027523	0.10259	8.378964	NA
1550330	90.025	60.575	127.230281	124.519062	139.857498	12.627217	15.338436	NA
1556445	69.775	60.525	124.163238	122.526727	138.759175	14.595937	16.232448	NA
1556850	90.025	60.525	134.465967	124.553481	133.001463	-1.464504	8.447982	NA
1562965	69.775	60.475	124.518856	122.734289	136.224325	11.705469	13.490036	NA
1562966	69.825	60.475	124.88167	122.894905	138.735692	13.854022	15.840787	NA
1563370	90.025	60.475	132.781078	124.830299	132.967018	0.18594	8.136719	NA
1569485	69.775	60.425	124.613528	122.646862	131.889371	7.275843	9.242508	NA
1569486	69.825	60.425	124.899318	122.890399	138.715057	13.815739	15.824658	NA
1569890	90.025	60.425	132.909964	124.896048	135.934818	3.024854	11.03877	NA
1569891	90.075	60.425	130.396752	124.559253	132.960744	2.563992	8.401491	NA
1569892	90.125	60.425	133.032748	125.008252	143.391345	10.358597	18.383093	NA
1576004	69.725	60.375	NA	NA	138.665323	NA	NA	NA
1576005	69.775	60.375	124.513552	122.733509	138.696099	14.182546	15.96259	NA
1576006	69.825	60.375	NA	NA	140.687604	NA	NA	NA
1576007	69.875	60.375	NA	NA	140.852319	NA	NA	NA
1576412	90.125	60.375	132.116844	124.655687	132.943336	0.826492	8.287649	NA
1576413	90.175	60.375	131.567805	124.216074	132.891333	1.323528	8.67526	NA
1582524	69.725	60.325	NA	NA	135.526348	NA	NA	NA
1582525	69.775	60.325	NA	NA	138.656093	NA	NA	NA
1582527	69.875	60.325	124.557513	122.718455	140.367519	15.810006	17.649064	NA
1582930	90.025	60.325	133.611712	125.297672	132.859222	-0.752491	7.56155	NA
1582931	90.075	60.325	134.045497	125.211084	132.846068	-1.199429	7.634984	NA
1582932	90.125	60.325	133.694988	125.069307	132.878232	-0.816756	7.808924	NA
1589045	69.775	60.275	NA	NA	138.634369	NA	NA	NA
1589046	69.825	60.275	NA	NA	139.504514	NA	NA	NA
1589047	69.875	60.275	124.629462	122.683592	140.189506	15.560044	17.505915	NA
1589048	69.925	60.275	124.479583	122.68168	140.372584	15.893002	17.690905	NA
1589451	90.075	60.275	132.979175	125.434008	138.383106	5.403931	12.949098	NA
1589452	90.125	60.275	132.831509	125.203202	132.340766	-0.490743	7.137564	NA
1589453	90.175	60.275	134.080433	125.464443	132.31316	-1.767273	6.848718	NA
1589454	90.225	60.275	134.957611	124.637193	132.310191	-2.64742	7.672998	NA
1589455	90.275	60.275	NA	NA	132.306925	NA	NA	NA
1595565	69.775	60.225	NA	NA	138.592835	NA	NA	NA
1595566	69.825	60.225	124.649876	122.763468	138.615423	13.965547	15.851955	NA
1595567	69.875	60.225	124.356809	122.877881	137.213712	12.856903	14.335831	NA
1595568	69.925	60.225	NA	NA	140.030741	NA	NA	NA
1595975	90.275	60.225	134.783713	124.35868	132.304036	-2.479677	7.945357	NA
1595976	90.325	60.225	133.781227	123.915901	132.297705	-1.483522	8.381804	NA
1595977	90.375	60.225	130.801603	123.92854	132.201364	1.399762	8.272824	NA
1602083	69.675	60.175	124.951314	122.456475	134.011291	9.059978	11.554816	NA
1602084	69.725	60.175	124.823306	122.784096	138.582155	13.758849	15.798058	NA
1602085	69.775	60.175	NA	NA	138.292552	NA	NA	NA
1602497	90.375	60.175	131.374973	123.524081	132.199568	0.824594	8.675486	NA
1602498	90.425	60.175	135.114363	124.1784	132.186182	-2.928181	8.007782	NA
1608603	69.675	60.125	NA	NA	138.580095	NA	NA	NA
1608605	69.775	60.125	124.41795	122.703606	138.548783	14.130833	15.845177	NA
1608606	69.825	60.125	124.795024	122.732757	138.540659	13.745635	15.807902	NA
1609018	90.425	60.125	135.128822	124.170792	135.86018	0.731359	11.689388	NA
1609019	90.475	60.125	133.720583	124.257673	132.178903	-1.54168	7.92123	NA
1609020	90.525	60.125	NA	NA	136.366342	NA	NA	NA
1615123	69.675	60.075	NA	NA	138.600272	NA	NA	NA
1615124	69.725	60.075	123.69049	122.241512	138.569924	14.879434	16.328412	NA
1615125	69.775	60.075	124.719107	122.892696	138.668476	13.949369	15.77578	NA
1615126	69.825	60.075	124.409584	122.616964	139.095122	14.685538	16.478158	NA
1615127	69.875	60.075	124.817556	122.905257	138.53556	13.718004	15.630303	NA
1615128	69.925	60.075	NA	NA	138.524079	NA	NA	NA
1615540	90.525	60.075	129.953636	124.399406	132.162401	2.208765	7.762996	NA
1615541	90.575	60.075	130.521291	124.453452	132.147439	1.626148	7.693988	NA
1621648	69.925	60.025	NA	NA	138.519418	NA	NA	NA
1622061	90.575	60.025	132.32534	124.550805	132.076195	-0.249145	7.52539	NA
1622062	90.625	60.025	132.089991	124.256345	132.072248	-0.017743	7.815903	NA
1628167	69.875	59.975	NA	NA	138.513619	NA	NA	NA
1628168	69.925	59.975	NA	NA	138.509482	NA	NA	NA
1628582	90.625	59.975	131.529261	124.365746	134.3374	2.808139	9.971654	NA
1628583	90.675	59.975	128.791958	124.271713	132.002951	3.210993	7.731238	NA
1634686	69.825	59.925	124.739261	122.853787	138.475897	13.736636	15.62211	NA
1634687	69.875	59.925	124.832199	122.861411	138.480067	13.647868	15.618656	NA
1634688	69.925	59.925	NA	NA	138.495837	NA	NA	NA
1635103	90.675	59.925	132.501969	124.669442	131.983836	-0.518134	7.314394	NA
1635104	90.725	59.925	134.899995	124.533496	138.543032	3.643037	14.009536	NA
1641206	69.825	59.875	124.805353	123.034203	138.429325	13.623973	15.395123	NA
1641207	69.875	59.875	124.695446	122.826748	138.469332	13.773886	15.642585	NA
1641208	69.925	59.875	124.34882	122.545793	138.450449	14.10163	15.904657	NA
1641624	90.725	59.875	133.599242	124.437787	131.978716	-1.620526	7.540929	NA
1641625	90.775	59.875	126.756171	124.295511	131.965699	5.209528	7.670187	NA
1647725	69.775	59.825	124.678614	122.816137	138.412161	13.733547	15.596024	NA
1647726	69.825	59.825	124.714793	122.841719	136.383049	11.668256	13.541329	NA
1647727	69.875	59.825	124.569689	122.744623	138.434188	13.864499	15.689565	NA
1647728	69.925	59.825	124.60335	122.852441	138.436402	13.833052	15.583961	NA
1647729	69.975	59.825	124.581178	122.831676	138.447469	13.866291	15.615793	NA
1648145	90.775	59.825	131.414272	124.453692	131.963964	0.549692	7.510272	NA
1654241	69.575	59.775	124.858336	122.843706	138.326904	13.468568	15.483198	NA
1654242	69.625	59.775	124.896358	122.972672	138.338337	13.441979	15.365664	NA
1654243	69.675	59.775	124.976593	122.915202	138.348961	13.372369	15.43376	NA
1654244	69.725	59.775	NA	NA	137.103663	NA	NA	NA
1654245	69.775	59.775	124.668491	122.756971	138.38613	13.71764	15.629159	NA
1654246	69.825	59.775	124.661391	122.802081	138.51088	13.849489	15.708799	NA
1654665	90.775	59.775	130.185888	124.738626	131.88096	1.695072	7.142335	NA
1660759	69.475	59.725	NA	NA	138.287361	NA	NA	NA
1660760	69.525	59.725	124.908682	122.717671	138.315027	13.406345	15.597357	NA
1660761	69.575	59.725	NA	NA	139.062851	NA	NA	NA
1660764	69.725	59.725	NA	NA	138.353064	NA	NA	NA
1660765	69.775	59.725	NA	NA	138.36034	NA	NA	NA
1661185	90.775	59.725	NA	NA	133.340487	NA	NA	NA
1661186	90.825	59.725	128.348625	124.823049	131.871232	3.522607	7.048183	NA
1661187	90.875	59.725	130.059753	124.733742	131.855256	1.795503	7.121514	NA
1667277	69.375	59.675	124.096507	122.626841	138.265685	14.169178	15.638844	NA
1667278	69.425	59.675	124.922388	122.98629	138.26899	13.346603	15.282701	NA
1667279	69.475	59.675	125.157164	122.817722	138.277099	13.119934	15.459376	NA
1667707	90.875	59.675	132.398892	124.641656	131.85326	-0.545632	7.211604	NA
1673795	69.275	59.625	124.958526	122.878837	138.248	13.289474	15.369162	NA
1673796	69.325	59.625	125.145393	122.913841	138.260369	13.114976	15.346528	NA
1673797	69.375	59.625	NA	NA	136.70878	NA	NA	NA
1674227	90.875	59.625	130.5062	124.604709	131.843165	1.336965	7.238455	NA
1680311	69.075	59.575	124.616959	122.927965	137.972493	13.355534	15.044528	NA
1680312	69.125	59.575	NA	NA	137.982579	NA	NA	NA
1680313	69.175	59.575	NA	NA	137.993589	NA	NA	NA
1680314	69.225	59.575	124.574208	122.861798	138.005871	13.431663	15.144073	NA
1680315	69.275	59.575	124.650214	122.677169	138.228877	13.578664	15.551708	NA
1680316	69.325	59.575	124.309635	122.718818	138.244249	13.934614	15.525431	NA
1680747	90.875	59.575	129.238137	124.915526	131.833065	2.594929	6.917539	NA
1686831	69.075	59.525	124.693324	122.898689	137.964457	13.271133	15.065768	NA
1687035	79.275	59.525	NA	NA	133.943942	NA	NA	NA
1687036	79.325	59.525	124.927605	122.904373	140.835983	15.908378	17.931609	NA
1687037	79.375	59.525	124.598725	122.724051	140.818265	16.21954	18.094214	NA
1687038	79.425	59.525	124.976916	123.006886	134.933889	9.956973	11.927003	NA
1687039	79.475	59.525	125.308346	122.976879	140.802043	15.493697	17.825164	NA
1687040	79.525	59.525	125.395127	123.103636	140.79278	15.397653	17.689144	NA
1687041	79.575	59.525	125.127627	123.011399	135.476675	10.349048	12.465276	NA
1687267	90.875	59.525	NA	NA	132.914248	NA	NA	NA
1687268	90.925	59.525	132.92653	125.217473	131.824024	-1.102506	6.606551	NA
1687269	90.975	59.525	128.539099	124.707947	131.64966	3.110561	6.941713	NA
1693347	68.875	59.475	124.727651	122.774292	137.883588	13.155937	15.109296	NA
1693348	68.925	59.475	124.647994	122.758363	137.908856	13.260862	15.150494	NA
1693349	68.975	59.475	124.485099	122.922726	137.529313	13.044214	14.606586	NA
1693350	69.025	59.475	124.420232	122.826548	134.884869	10.464636	12.058321	NA
1693351	69.075	59.475	124.650694	122.802806	137.947005	13.29631	15.144199	NA
1693557	79.375	59.475	NA	NA	134.639444	NA	NA	NA
1693558	79.425	59.475	124.546211	122.789382	140.811786	16.265574	18.022404	NA
1693561	79.575	59.475	125.147859	123.036635	140.778332	15.630473	17.741696	NA
1693562	79.625	59.475	125.343813	122.937095	140.748008	15.404195	17.810914	NA
1693563	79.675	59.475	125.757646	123.343087	135.930043	10.172397	12.586955	NA
1693789	90.975	59.475	125.97617	124.103693	131.74342	5.767249	7.639727	NA
1693790	91.025	59.475	131.192172	124.201749	131.646611	0.454439	7.444862	NA
1693791	91.075	59.475	133.248804	124.608259	135.904916	2.656112	11.296657	NA
1699867	68.875	59.425	124.746635	122.793643	137.876941	13.130306	15.083298	NA
1699868	68.925	59.425	124.524786	122.88488	137.85753	13.332744	14.97265	NA
1699869	68.975	59.425	124.485099	122.922726	137.913544	13.428445	14.990818	NA
1699870	69.025	59.425	124.258586	122.78985	137.932649	13.674062	15.142798	NA
1700083	79.675	59.425	125.513174	123.074371	140.73282	15.219646	17.65845	NA
1700084	79.725	59.425	125.337304	122.948899	140.687701	15.350398	17.738802	NA
1700085	79.775	59.425	125.635009	123.068215	140.67857	15.043562	17.610355	NA
1700086	79.825	59.425	125.321866	122.953127	140.665298	15.343432	17.712171	NA
1700087	79.875	59.425	125.359072	122.903619	140.647978	15.288906	17.744359	NA
1700088	79.925	59.425	125.213553	122.874043	140.636739	15.423186	17.762696	NA
1700089	79.975	59.425	125.427801	122.948209	140.59451	15.166709	17.646301	NA
1700090	80.025	59.425	125.362205	122.991488	140.567117	15.204912	17.575629	NA
1700091	80.075	59.425	125.479798	122.865641	140.293241	14.813443	17.4276	NA
1700311	91.075	59.425	130.210354	124.695094	131.633089	1.422736	6.937995	NA
1700312	91.125	59.425	129.339046	124.285501	136.080957	6.741911	11.795456	NA
1706387	68.875	59.375	124.603225	122.833353	137.823285	13.22006	14.989932	NA
1706388	68.925	59.375	124.2415	122.715613	137.849078	13.607578	15.133465	NA
1706603	79.675	59.375	NA	NA	140.694276	NA	NA	NA
1706604	79.725	59.375	125.337304	122.948899	135.006017	9.668714	12.057118	NA
1706608	79.925	59.375	125.170079	122.865806	134.367762	9.197683	11.501956	NA
1706609	79.975	59.375	125.448287	122.959382	140.621756	15.173469	17.662374	NA
1706611	80.075	59.375	125.4745	122.861034	134.960945	9.486445	12.099911	NA
1706612	80.125	59.375	124.990736	122.752455	140.276306	15.28557	17.523851	NA
1706613	80.175	59.375	125.356853	122.813752	140.233787	14.876934	17.420035	NA
1706832	91.125	59.375	127.827011	124.180767	131.609576	3.782564	7.428809	NA
1706833	91.175	59.375	130.186713	123.825226	131.592319	1.405606	7.767093	NA
1712907	68.875	59.325	124.709731	122.705764	137.815062	13.105331	15.109299	NA
1713132	80.125	59.325	125.202582	122.975608	131.194482	5.9919	8.218874	NA
1713133	80.175	59.325	125.289474	123.042881	134.477031	9.187557	11.43415	NA
1713135	80.275	59.325	NA	NA	140.204475	NA	NA	NA
1713136	80.325	59.325	125.324421	123.004115	140.146192	14.821771	17.142077	NA
1713137	80.375	59.325	125.333492	122.959881	140.108673	14.775181	17.148792	NA
1713138	80.425	59.325	125.539381	122.943742	140.091838	14.552457	17.148096	NA
1713139	80.475	59.325	125.212812	122.809912	140.077355	14.864544	17.267444	NA
1713140	80.525	59.325	125.60467	123.049016	140.064013	14.459342	17.014997	NA
1713353	91.175	59.325	132.419899	125.175833	132.057151	-0.362749	6.881317	NA
1713354	91.225	59.325	133.244238	124.612263	131.589486	-1.654752	6.977223	NA
1713355	91.275	59.325	130.531885	124.529688	131.560686	1.028801	7.030999	NA
1719425	68.775	59.275	124.443009	122.533413	137.768087	13.325078	15.234675	NA
1719426	68.825	59.275	124.654569	122.830902	137.787753	13.133184	14.956851	NA
1719427	68.875	59.275	NA	NA	138.813962	NA	NA	NA
1719652	80.125	59.275	124.977735	122.958183	134.923369	9.945634	11.965186	NA
1719653	80.175	59.275	124.92489	122.912503	133.060576	8.135686	10.148073	NA
1719654	80.225	59.275	124.463932	122.534536	140.171093	15.707161	17.636557	NA
1719655	80.275	59.275	125.33311	122.777696	140.153024	14.819914	17.375328	NA
1719660	80.525	59.275	125.215309	122.773912	140.051435	14.836126	17.277522	NA
1719875	91.275	59.275	NA	NA	130.305309	NA	NA	NA
1719876	91.325	59.275	130.689381	124.370393	131.556904	0.867523	7.186511	NA
1725945	68.775	59.225	NA	NA	138.502608	NA	NA	NA
1725946	68.825	59.225	124.64609	122.772985	137.762795	13.116705	14.98981	NA
1726179	80.475	59.225	125.319408	122.92599	140.022126	14.702718	17.096136	NA
1726180	80.525	59.225	125.252355	122.869459	139.988644	14.736289	17.119185	NA
1726181	80.575	59.225	125.235903	122.862349	139.975466	14.739563	17.113117	NA
1726182	80.625	59.225	125.166118	122.964864	134.445306	9.279188	11.480442	NA
1726396	91.325	59.225	129.103575	124.36623	131.546305	2.44273	7.180075	NA
1732465	68.775	59.175	124.651931	122.865703	137.744091	13.092159	14.878388	NA
1732466	68.825	59.175	124.598935	122.896002	137.727757	13.128822	14.831755	NA
1732467	68.875	59.175	124.319002	122.924678	137.715299	13.396296	14.790621	NA
1732468	68.925	59.175	124.349479	122.771589	137.708921	13.359442	14.937332	NA
1732702	80.625	59.175	125.285848	122.839768	139.962143	14.676295	17.122375	NA
1732703	80.675	59.175	125.129266	122.835446	139.995025	14.865759	17.159578	NA
1732704	80.725	59.175	NA	NA	139.983457	NA	NA	NA
1732916	91.325	59.175	129.180647	124.367706	131.539968	2.359321	7.172262	NA
1732917	91.375	59.175	131.743021	124.336294	131.531959	-0.211062	7.195665	NA
1732918	91.425	59.175	128.075869	124.201666	131.528969	3.4531	7.327302	NA
1732919	91.475	59.175	NA	NA	132.69598	NA	NA	NA
1738985	68.775	59.125	NA	NA	138.614289	NA	NA	NA
1738986	68.825	59.125	124.717867	122.984398	137.680929	12.963062	14.696531	NA
1738987	68.875	59.125	124.515337	122.871459	137.689464	13.174127	14.818005	NA
1738988	68.925	59.125	124.503388	122.757536	137.703501	13.200113	14.945966	NA
1739224	80.725	59.125	125.236733	122.97493	139.971575	14.734842	16.996645	NA
1739225	80.775	59.125	125.098781	122.874095	139.938849	14.840068	17.064754	NA
1739226	80.825	59.125	125.236615	122.956871	134.407912	9.171297	11.451042	NA
1739231	81.075	59.125	125.108306	122.864186	139.839816	14.731511	16.975631	NA
1739232	81.125	59.125	125.098914	122.759236	139.819006	14.720092	17.05977	NA
1739233	81.175	59.125	124.827562	122.662821	139.805631	14.97807	17.142811	NA
1739234	81.225	59.125	124.735423	122.763394	139.793576	15.058153	17.030182	NA
1739439	91.475	59.125	127.981401	124.098684	131.527004	3.545603	7.42832	NA
1739440	91.525	59.125	129.919153	124.464225	131.322933	1.40378	6.858707	NA
1745506	68.825	59.075	124.568719	122.98991	137.622325	13.053605	14.632415	NA
1745746	80.825	59.075	125.11293	122.68141	139.921556	14.808626	17.240146	NA
1745747	80.875	59.075	124.943522	122.883901	139.89912	14.955597	17.015219	NA
1745748	80.925	59.075	125.531859	123.120268	139.890902	14.359043	16.770634	NA
1745749	80.975	59.075	126.211999	122.99719	139.876494	13.664495	16.879304	NA
1745750	81.025	59.075	125.376761	122.872498	139.861416	14.484655	16.988918	NA
1745751	81.075	59.075	125.406434	122.733223	139.851124	14.44469	17.117902	NA
1745754	81.225	59.075	124.824323	122.737115	136.271406	11.447083	13.53429	NA
1745755	81.275	59.075	125.138889	122.789027	139.782851	14.643961	16.993823	NA
1745756	81.325	59.075	125.192633	122.925781	139.745653	14.55302	16.819872	NA
1745960	91.525	59.075	132.699488	124.715777	130.192452	-2.507036	5.476675	NA
1745961	91.575	59.075	131.28374	124.865129	131.320056	0.036315	6.454927	NA
1745962	91.625	59.075	132.160214	124.300573	131.313499	-0.846715	7.012926	NA
1745963	91.675	59.075	130.9148	124.799183	131.308887	0.394087	6.509704	NA
1752024	68.725	59.025	NA	NA	137.58083	NA	NA	NA
1752025	68.775	59.025	124.496407	122.848213	137.598481	13.102073	14.750268	NA
1752026	68.825	59.025	124.404818	122.871603	133.65801	9.253193	10.786407	NA
1752027	68.875	59.025	NA	NA	134.678124	NA	NA	NA
1752276	81.325	59.025	125.077147	122.843242	139.738743	14.661596	16.895501	NA
1752277	81.375	59.025	124.931054	122.638794	139.708946	14.777892	17.070151	NA
1752278	81.425	59.025	124.903165	122.683388	139.695377	14.792212	17.011989	NA
1752483	91.675	59.025	130.76872	124.722663	131.306105	0.537385	6.583443	NA
1752484	91.725	59.025	129.554111	124.625763	143.366859	13.812748	18.741096	NA
1758544	68.725	58.975	NA	NA	135.52514	NA	NA	NA
1758545	68.775	58.975	124.608822	122.820684	137.578834	12.970012	14.75815	NA
1758546	68.825	58.975	124.519365	122.880375	137.553443	13.034078	14.673068	NA
1758547	68.875	58.975	NA	NA	134.595784	NA	NA	NA
1758798	81.425	58.975	125.148076	122.846732	139.682618	14.534542	16.835887	NA
1759004	91.725	58.975	127.479221	124.460263	130.491568	3.012347	6.031306	NA
1765064	68.725	58.925	124.578122	122.705084	137.51003	12.931909	14.804947	NA
1765065	68.775	58.925	124.458741	122.676071	137.516622	13.057881	14.840551	NA
1765318	81.425	58.925	125.053242	122.996005	139.654671	14.601428	16.658665	NA
1765319	81.475	58.925	NA	NA	139.624317	NA	NA	NA
1765320	81.525	58.925	124.788767	122.748351	139.609495	14.820727	16.861144	NA
1765524	91.725	58.925	131.311305	124.361621	130.480711	-0.830594	6.11909	NA
1771583	68.675	58.875	NA	NA	137.498984	NA	NA	NA
1771584	68.725	58.875	124.512939	122.896173	137.475959	12.96302	14.579785	NA
1771840	81.525	58.875	124.834022	122.793109	139.611478	14.777456	16.818369	NA
1772044	91.725	58.875	131.556005	124.813824	130.473861	-1.082144	5.660038	NA
1772045	91.775	58.875	130.7885	124.601009	130.468077	-0.320423	5.867068	NA
1772046	91.825	58.875	132.784111	124.365228	130.464768	-2.319343	6.09954	NA
1772047	91.875	58.875	130.462015	124.413984	130.460793	-0.001221	6.046809	NA
1772048	91.925	58.875	129.630283	123.958044	130.460087	0.829803	6.502042	NA
1772049	91.975	58.875	128.884586	124.338436	130.457	1.572414	6.118564	NA
1772050	92.025	58.875	130.254992	124.140711	130.453506	0.198514	6.312795	NA
1778103	68.675	58.825	124.691422	122.886199	137.463468	12.772046	14.577269	NA
1778104	68.725	58.825	NA	NA	137.44174	NA	NA	NA
1778105	68.775	58.825	124.297718	122.712136	137.429682	13.131964	14.717547	NA
1778360	81.525	58.825	124.839332	122.846991	139.571717	14.732386	16.724727	NA
1778361	81.575	58.825	124.888415	122.970115	139.539607	14.651191	16.569491	NA
1778362	81.625	58.825	124.955818	122.939751	139.522013	14.566195	16.582262	NA
1778363	81.675	58.825	125.068239	122.711244	139.507526	14.439287	16.796282	NA
1778570	92.025	58.825	129.684196	123.986105	129.42773	-0.256466	5.441625	NA
1778571	92.075	58.825	127.680666	124.299157	130.452389	2.771722	6.153232	NA
1784621	68.575	58.775	124.792648	122.952919	137.386411	12.593762	14.433492	NA
1784622	68.625	58.775	124.509133	122.723673	137.395474	12.886341	14.6718	NA
1784624	68.725	58.775	124.529775	122.678198	137.408612	12.878837	14.730414	NA
1784625	68.775	58.775	124.374098	122.704909	137.418541	13.044443	14.713632	NA
1784880	81.525	58.775	124.630425	122.61755	139.438419	14.807995	16.82087	NA
1784881	81.575	58.775	124.77421	122.631502	139.449761	14.675551	16.818259	NA
1784882	81.625	58.775	124.821811	122.626951	139.491422	14.669611	16.864471	NA
1784883	81.675	58.775	124.712284	122.626551	131.705575	6.993291	9.079024	NA
1785089	91.975	58.775	131.214006	124.977301	130.428564	-0.785442	5.451263	NA
1785090	92.025	58.775	133.146304	124.746869	130.43037	-2.715934	5.683501	NA
1785091	92.075	58.775	130.603841	124.950334	130.430845	-0.172995	5.480511	NA
1791141	68.575	58.725	124.712516	122.817568	137.379869	12.667354	14.562301	NA
1791142	68.625	58.725	124.341982	122.692008	135.68657	11.344588	12.994562	NA
1791143	68.675	58.725	124.265162	122.526295	137.404247	13.139085	14.877952	NA
1791144	68.725	58.725	124.39221	122.655423	136.999443	12.607233	14.34402	NA
1791400	81.525	58.725	124.493273	122.787832	139.422406	14.929133	16.634573	NA
1791401	81.575	58.725	124.631457	122.924162	139.495262	14.863805	16.571099	NA
1791402	81.625	58.725	124.706514	122.846343	139.483385	14.776871	16.637042	NA
1791403	81.675	58.725	124.822312	122.797388	134.624517	9.802206	11.827129	NA
1791609	91.975	58.725	130.527271	124.896843	130.425881	-0.10139	5.529038	NA
1791610	92.025	58.725	130.953994	125.380398	130.423285	-0.530709	5.042887	NA
1791611	92.075	58.725	131.594857	125.243437	127.831552	-3.763305	2.588115	NA
1797661	68.575	58.675	124.684031	122.845268	137.368866	12.684834	14.523598	NA
1797923	81.675	58.675	124.807642	122.843534	139.473099	14.665457	16.629565	NA
1797924	81.725	58.675	NA	NA	139.447184	NA	NA	NA
1797926	81.825	58.675	124.786468	122.737308	139.370975	14.584507	16.633667	NA
1797927	81.875	58.675	124.921104	122.787119	139.356412	14.435308	16.569293	NA
1797928	81.925	58.675	NA	NA	139.347507	NA	NA	NA
1798131	92.075	58.675	127.9122	124.752345	130.419878	2.507678	5.667533	NA
1804181	68.575	58.625	123.904325	122.750044	137.359204	13.454879	14.60916	NA
1804182	68.625	58.625	124.167946	122.565916	137.348127	13.180181	14.782211	NA
1804443	81.675	58.625	NA	NA	133.962772	NA	NA	NA
1804444	81.725	58.625	NA	NA	133.904256	NA	NA	NA
1804445	81.775	58.625	NA	NA	132.896556	NA	NA	NA
1804446	81.825	58.625	NA	NA	134.885763	NA	NA	NA
1804448	81.925	58.625	124.804344	122.750995	139.338728	14.534384	16.587733	NA
1804651	92.075	58.625	127.184459	124.58945	130.416321	3.231862	5.826871	NA
1810701	68.575	58.575	124.601713	122.825484	137.322209	12.720496	14.496726	NA
1810702	68.625	58.575	124.467839	122.849057	137.34517	12.877331	14.496113	NA
1810968	81.925	58.575	124.864272	122.656656	139.304884	14.440612	16.648228	NA
1810969	81.975	58.575	NA	NA	139.269222	NA	NA	NA
1810970	82.025	58.575	124.895213	122.913852	139.257171	14.361958	16.343319	NA
1810971	82.075	58.575	124.929623	122.849879	139.245117	14.315494	16.395238	NA
1810972	82.125	58.575	125.021995	122.763961	139.233596	14.211601	16.469635	NA
1810973	82.175	58.575	124.978529	122.739257	139.218863	14.240334	16.479606	NA
1810974	82.225	58.575	124.900929	122.724031	139.214081	14.313152	16.490051	NA
1811171	92.075	58.575	131.337208	125.614522	130.405797	-0.931412	4.791275	NA
1817217	68.375	58.525	NA	NA	133.06872	NA	NA	NA
1817218	68.425	58.525	NA	NA	137.273933	NA	NA	NA
1817219	68.475	58.525	124.665707	122.990253	137.289651	12.623945	14.299398	NA
1817220	68.525	58.525	124.60877	122.959786	137.565587	12.956817	14.605801	NA
1817221	68.575	58.525	124.617114	122.975869	137.319987	12.702873	14.344118	NA
1817222	68.625	58.525	124.137803	122.671555	137.307379	13.169576	14.635824	NA
1817493	82.175	58.525	124.803638	122.748941	139.197773	14.394134	16.448832	NA
1817494	82.225	58.525	124.867057	122.768915	139.174461	14.307404	16.405547	NA
1817691	92.075	58.525	NA	NA	130.401291	NA	NA	NA
1817692	92.125	58.525	130.40819	125.27179	130.394899	-0.013291	5.123109	NA
1817777	96.375	58.525	133.642265	124.463942	128.058389	-5.583876	3.594448	NA
1817778	96.425	58.525	131.109443	124.715558	128.05713	-3.052313	3.341571	NA
1823736	68.325	58.475	NA	NA	135.327229	NA	NA	NA
1823737	68.375	58.475	124.448431	122.720302	137.265445	12.817013	14.545143	NA
1823740	68.525	58.475	124.587005	122.965384	137.294804	12.7078	14.32942	NA
1823741	68.575	58.475	124.610981	122.898426	137.303899	12.692919	14.405473	NA
1823742	68.625	58.475	124.137803	122.671555	136.273441	12.135638	13.601885	NA
1824014	82.225	58.475	124.861016	122.774461	132.698626	7.83761	9.924165	NA
1824015	82.275	58.475	124.685991	122.563921	139.157361	14.471371	16.59344	NA
1824016	82.325	58.475	NA	NA	139.123183	NA	NA	NA
1824212	92.125	58.475	130.297199	125.365644	130.413908	0.116709	5.048264	NA
1824213	92.175	58.475	129.095762	124.406339	130.41027	1.314508	6.003931	NA
1824214	92.225	58.475	130.517496	125.536344	130.409515	-0.10798	4.873171	NA
1824215	92.275	58.475	129.590893	125.085722	130.407985	0.817092	5.322263	NA
1824281	95.575	58.475	134.756571	124.059334	128.544275	-6.212296	4.484942	NA
1824282	95.625	58.475	133.827816	123.913504	131.792141	-2.035676	7.878637	NA
1830256	68.325	58.425	124.569207	122.954238	137.236826	12.667619	14.282589	NA
1830257	68.375	58.425	NA	NA	133.465971	NA	NA	NA
1830536	82.325	58.425	124.591741	122.67128	139.104684	14.512943	16.433405	NA
1830537	82.375	58.425	124.669819	122.59265	139.069738	14.39992	16.477089	NA
1830538	82.425	58.425	124.833276	122.670618	139.05243	14.219154	16.381812	NA
1830735	92.275	58.425	130.432292	125.406867	130.409898	-0.022394	5.003031	NA
1830799	95.475	58.425	130.578517	123.48318	128.558931	-2.019587	5.075751	NA
1830800	95.525	58.425	133.745719	123.524187	128.557673	-5.188046	5.033486	NA
1830845	97.775	58.425	129.664748	124.287947	127.714435	-1.950313	3.426488	NA
1830846	97.825	58.425	129.645269	124.135232	127.710501	-1.934768	3.575269	NA
1830847	97.875	58.425	129.493101	123.758382	127.707904	-1.785197	3.949522	NA
1830848	97.925	58.425	129.702498	123.960505	127.706044	-1.996454	3.745539	NA
1830849	97.975	58.425	130.407003	124.093067	127.704844	-2.702159	3.611776	NA
1830850	98.025	58.425	131.718512	124.076989	127.702008	-4.016503	3.625019	NA
1830851	98.075	58.425	132.181253	124.399005	127.700886	-4.480366	3.301881	NA
1830852	98.125	58.425	131.092116	124.607474	127.698205	-3.393911	3.090731	NA
1830853	98.175	58.425	128.534689	123.984639	127.69559	-0.839099	3.710951	NA
1830854	98.225	58.425	129.950722	123.595564	127.693549	-2.257174	4.097985	NA
1830855	98.275	58.425	127.097997	124.452956	127.692101	0.594104	3.239145	NA
1836776	68.325	58.375	124.241258	122.668849	137.197377	12.956119	14.528527	NA
1836777	68.375	58.375	124.603829	122.888327	137.210341	12.606511	14.322013	NA
1837058	82.425	58.375	124.779103	122.693273	139.037987	14.258884	16.344714	NA
1837059	82.475	58.375	124.660128	122.773402	134.821263	10.161135	12.047862	NA
1837060	82.525	58.375	124.656929	122.660243	138.974503	14.317574	16.31426	NA
1837061	82.575	58.375	124.689968	122.674904	138.952654	14.262686	16.27775	NA
1837064	82.725	58.375	124.754409	122.844831	138.928241	14.173831	16.083409	NA
1837065	82.775	58.375	124.496755	122.901258	138.904302	14.407547	16.003044	NA
1837066	82.825	58.375	NA	NA	138.888937	NA	NA	NA
1837255	92.275	58.375	NA	NA	116.201476	NA	NA	NA
1837256	92.325	58.375	130.159659	125.086652	130.408286	0.248627	5.321634	NA
1837257	92.375	58.375	130.375552	124.84048	130.401948	0.026396	5.561468	NA
1837258	92.425	58.375	129.049417	125.036402	130.399568	1.350151	5.363167	NA
1837259	92.475	58.375	NA	NA	120.2227	NA	NA	NA
1837316	95.325	58.375	134.165359	124.852248	128.613811	-5.551548	3.761563	NA
1837317	95.375	58.375	134.423611	124.568943	128.608827	-5.814784	4.039885	NA
1837365	97.775	58.375	129.664748	124.287947	128.614594	-1.050155	4.326646	NA
1843292	68.125	58.325	124.328545	122.869263	131.257039	6.928494	8.387776	NA
1843293	68.175	58.325	124.568746	122.818944	131.293326	6.724579	8.474381	NA
1843294	68.225	58.325	124.643581	122.846856	131.423203	6.779623	8.576348	NA
1843295	68.275	58.325	124.680451	123.015607	137.191539	12.511087	14.175932	NA
1843296	68.325	58.325	NA	NA	132.404058	NA	NA	NA
1843578	82.425	58.325	NA	NA	139.011816	NA	NA	NA
1843579	82.475	58.325	NA	NA	138.992716	NA	NA	NA
1843581	82.575	58.325	124.85033	122.624376	134.507062	9.656732	11.882686	NA
1843582	82.625	58.325	124.835916	122.778559	138.940918	14.105002	16.162358	NA
1843583	82.675	58.325	124.623453	122.759339	138.941563	14.31811	16.182224	NA
1843584	82.725	58.325	NA	NA	132.736323	NA	NA	NA
1843586	82.825	58.325	124.586917	122.697913	138.773976	14.187059	16.076063	NA
1843587	82.875	58.325	124.224618	122.311562	128.889433	4.664815	6.57787	NA
1843588	82.925	58.325	123.545649	122.357142	138.740327	15.194678	16.383185	NA
1843589	82.975	58.325	123.895584	122.399018	138.732214	14.83663	16.333196	NA
1843778	92.425	58.325	128.714622	125.094743	130.398219	1.683598	5.303476	NA
1843779	92.475	58.325	NA	NA	120.335209	NA	NA	NA
1843833	95.175	58.325	134.963116	124.67419	128.62433	-6.338786	3.95014	NA
1843834	95.225	58.325	132.770036	124.363607	128.617415	-4.152622	4.253808	NA
1843835	95.275	58.325	135.233997	124.285755	128.615837	-6.61816	4.330082	NA
1849813	68.175	58.275	NA	NA	136.658063	NA	NA	NA
1849814	68.225	58.275	123.885576	122.571251	137.175473	13.289897	14.604222	NA
1850106	82.825	58.275	124.244562	122.364425	133.735603	9.491041	11.371177	NA
1850107	82.875	58.275	124.207646	122.283888	138.756158	14.548512	16.472269	NA
1850108	82.925	58.275	124.193252	122.30259	138.722781	14.529529	16.42019	NA
1850109	82.975	58.275	124.475287	122.373812	138.729156	14.253869	16.355344	NA
1850298	92.425	58.275	129.792516	125.053436	130.390684	0.598168	5.337248	NA
1850299	92.475	58.275	129.336494	124.991295	130.385345	1.04885	5.394049	NA
1850350	95.025	58.275	134.306314	124.543411	132.030822	-2.275492	7.487411	NA
1850351	95.075	58.275	134.072838	124.776573	128.644818	-5.42802	3.868245	NA
1850352	95.125	58.275	135.206414	124.601408	128.637846	-6.568568	4.036438	NA
1850353	95.175	58.275	135.23805	124.566821	128.63592	-6.60213	4.069099	NA
1856334	68.225	58.225	123.801254	122.529338	137.159602	13.358347	14.630263	NA
1856628	82.925	58.225	124.584718	122.544283	138.715073	14.130355	16.17079	NA
1856819	92.475	58.225	129.318876	124.981705	116.043057	-13.275819	-8.938649	NA
1856820	92.525	58.225	128.58639	124.866029	130.3841	1.79771	5.518071	NA
1856869	94.975	58.225	134.107025	124.896654	128.661193	-5.445831	3.764539	NA
1856870	95.025	58.225	134.79156	124.67354	128.656953	-6.134606	3.983414	NA
1862854	68.225	58.175	124.090568	122.781424	137.131683	13.041114	14.350259	NA
1862855	68.275	58.175	NA	NA	136.519037	NA	NA	NA
1862856	68.325	58.175	NA	NA	136.51357	NA	NA	NA
1863148	82.925	58.175	124.338736	122.481487	138.698473	14.359737	16.216986	NA
1863149	82.975	58.175	124.299037	122.209072	138.682572	14.383534	16.473499	NA
1863150	83.025	58.175	124.271338	122.407557	138.675703	14.404365	16.268147	NA
1863340	92.525	58.175	NA	NA	114.94066	NA	NA	NA
1863341	92.575	58.175	130.128283	125.064065	130.380653	0.252369	5.316588	NA
1863342	92.625	58.175	130.358126	124.743102	130.37375	0.015624	5.630648	NA
1863354	93.225	58.175	136.164205	124.16105	131.704324	-4.459881	7.543274	NA
1863355	93.275	58.175	136.385169	124.156813	131.697008	-4.688161	7.540195	NA
1863356	93.325	58.175	135.7534	124.077389	131.693221	-4.060179	7.615832	NA
1863357	93.375	58.175	133.27003	123.546402	131.685697	-1.584333	8.139295	NA
1863358	93.425	58.175	134.702707	123.920257	131.682921	-3.019786	7.762664	NA
1863359	93.475	58.175	135.357853	123.463499	131.355978	-4.001875	7.892479	NA
1863388	94.925	58.175	134.232873	124.88815	128.666312	-5.566561	3.778161	NA
1863389	94.975	58.175	133.890301	124.510815	128.662873	-5.227427	4.152059	NA
1869374	68.225	58.125	NA	NA	138.55726	NA	NA	NA
1869375	68.275	58.125	NA	NA	134.312911	NA	NA	NA
1869376	68.325	58.125	NA	NA	133.30873	NA	NA	NA
1869377	68.375	58.125	NA	NA	132.60479	NA	NA	NA
1869378	68.425	58.125	NA	NA	136.499017	NA	NA	NA
1869379	68.475	58.125	NA	NA	136.486636	NA	NA	NA
1869380	68.525	58.125	NA	NA	136.47679	NA	NA	NA
1869381	68.575	58.125	NA	NA	136.469244	NA	NA	NA
1869382	68.625	58.125	NA	NA	136.462958	NA	NA	NA
1869670	83.025	58.125	124.277613	122.40988	138.667232	14.389619	16.257352	NA
1869671	83.075	58.125	124.43247	122.561492	138.651537	14.219067	16.090045	NA
1869672	83.125	58.125	124.763403	122.69593	138.644826	13.881423	15.948896	NA
1869673	83.175	58.125	NA	NA	138.635899	NA	NA	NA
1869674	83.225	58.125	NA	NA	138.629771	NA	NA	NA
1869862	92.625	58.125	131.153419	124.780775	117.220265	-13.933154	-7.56051	NA
1869863	92.675	58.125	129.289703	124.853445	130.373506	1.083803	5.52006	NA
1869864	92.725	58.125	129.842789	124.744557	130.369701	0.526912	5.625144	NA
1869865	92.775	58.125	133.752682	124.409899	130.369042	-3.38364	5.959143	NA
1869866	92.825	58.125	133.3724	124.429961	130.369573	-3.002827	5.939611	NA
1869867	92.875	58.125	131.847296	124.903235	130.366815	-1.480481	5.46358	NA
1869868	92.925	58.125	127.970038	124.727904	130.362239	2.392201	5.634335	NA
1869869	92.975	58.125	125.997812	124.684199	130.357062	4.35925	5.672863	NA
1869873	93.175	58.125	133.259022	123.946331	131.709516	-1.549506	7.763185	NA
1869874	93.225	58.125	136.059289	124.143606	131.706127	-4.353161	7.562522	NA
1869879	93.475	58.125	135.357853	123.463499	131.6809	-3.676953	8.217401	NA
1869880	93.525	58.125	135.163483	124.770538	131.664751	-3.498732	6.894213	NA
1869881	93.575	58.125	134.278569	123.844129	131.662648	-2.615922	7.818519	NA
1869900	94.525	58.125	133.509509	125.180677	128.722629	-4.78688	3.541952	NA
1869901	94.575	58.125	135.336144	124.584899	128.72057	-6.615575	4.13567	NA
1869902	94.625	58.125	134.158316	124.680823	128.692534	-5.465783	4.011711	NA
1869903	94.675	58.125	134.263266	123.491751	128.686486	-5.57678	5.194734	NA
1869904	94.725	58.125	136.027405	122.657792	128.68193	-7.345474	6.024139	NA
1869905	94.775	58.125	134.63259	124.613997	128.680945	-5.951645	4.066948	NA
1869906	94.825	58.125	132.447814	124.441618	128.676949	-3.770864	4.235332	NA
1869907	94.875	58.125	134.51091	124.482766	128.675063	-5.835847	4.192298	NA
1869908	94.925	58.125	134.094402	124.941884	131.420613	-2.673789	6.478728	NA
1875902	68.625	58.075	NA	NA	136.458133	NA	NA	NA
1875903	68.675	58.075	124.220657	122.789381	136.447366	12.226709	13.657985	NA
1875904	68.725	58.075	NA	NA	136.429552	NA	NA	NA
1875913	69.175	58.075	NA	NA	136.204651	NA	NA	NA
1875914	69.225	58.075	NA	NA	133.0914	NA	NA	NA
1876194	83.225	58.075	124.572088	122.664056	138.626728	14.05464	15.962672	NA
1876389	92.975	58.075	128.171715	125.212408	127.896043	-0.275672	2.683634	NA
1876390	93.025	58.075	NA	NA	131.721762	NA	NA	NA
1876391	93.075	58.075	131.886243	124.45509	131.718613	-0.16763	7.263523	NA
1876392	93.125	58.075	131.967995	124.353962	131.716945	-0.25105	7.362983	NA
1876393	93.175	58.075	130.918666	124.486561	131.711835	0.793169	7.225274	NA
1882424	68.725	58.025	NA	NA	136.368877	NA	NA	NA
1882425	68.775	58.025	124.151356	122.638381	136.412197	12.260841	13.773817	NA
1882426	68.825	58.025	NA	NA	136.295493	NA	NA	NA
1882427	68.875	58.025	124.060923	122.732478	136.255327	12.194404	13.522849	NA
1882428	68.925	58.025	124.056258	122.698651	136.239298	12.18304	13.540647	NA
1882431	69.075	58.025	NA	NA	136.230048	NA	NA	NA
1882432	69.125	58.025	124.090473	122.946272	136.212848	12.122374	13.266575	NA
1882433	69.175	58.025	NA	NA	132.778439	NA	NA	NA
1882434	69.225	58.025	124.321265	122.812423	136.189048	11.867783	13.376625	NA
1882435	69.275	58.025	NA	NA	134.462816	NA	NA	NA
1882436	69.325	58.025	NA	NA	136.15204	NA	NA	NA
1882437	69.375	58.025	NA	NA	136.077361	NA	NA	NA
1882438	69.425	58.025	NA	NA	136.047684	NA	NA	NA
1882439	69.475	58.025	NA	NA	136.026813	NA	NA	NA
1882447	69.875	58.025	NA	NA	133.277984	NA	NA	NA
1882448	69.925	58.025	124.16134	122.744519	133.749269	9.587929	11.00475	NA
1882449	69.975	58.025	124.021937	122.453285	135.779337	11.757401	13.326052	NA
1882450	70.025	58.025	NA	NA	135.748178	NA	NA	NA
1882451	70.075	58.025	NA	NA	135.733397	NA	NA	NA
1882714	83.225	58.025	124.505656	122.694589	138.619091	14.113435	15.924502	NA
1882715	83.275	58.025	NA	NA	126.454764	NA	NA	NA
1882909	92.975	58.025	129.381708	125.081338	127.897335	-1.484373	2.815996	NA
1882910	93.025	58.025	126.077594	124.346684	127.898584	1.82099	3.5519	NA
1882911	93.075	58.025	128.411362	124.991791	127.899463	-0.511899	2.907672	NA
1882912	93.125	58.025	129.423363	124.727123	127.899903	-1.52346	3.17278	NA
1882913	93.175	58.025	127.721926	124.714555	127.900814	0.178888	3.186258	NA
1882914	93.225	58.025	127.418124	124.663748	127.901357	0.483233	3.237609	NA
1888945	68.775	57.975	124.151356	122.638381	136.3494	12.198044	13.71102	NA
1888946	68.825	57.975	NA	NA	136.316146	NA	NA	NA
1888947	68.875	57.975	NA	NA	136.220907	NA	NA	NA
1888948	68.925	57.975	124.305214	122.840568	136.18166	11.876447	13.341092	NA
1888949	68.975	57.975	NA	NA	136.171219	NA	NA	NA
1888950	69.025	57.975	NA	NA	136.242917	NA	NA	NA
1888951	69.075	57.975	NA	NA	132.478656	NA	NA	NA
1888954	69.225	57.975	NA	NA	127.336826	NA	NA	NA
1888955	69.275	57.975	NA	NA	136.179692	NA	NA	NA
1888956	69.325	57.975	NA	NA	136.124911	NA	NA	NA
1888957	69.375	57.975	124.300892	122.781237	136.096696	11.795804	13.315459	NA
1888959	69.475	57.975	NA	NA	136.003593	NA	NA	NA
1888960	69.525	57.975	NA	NA	135.976208	NA	NA	NA
1888961	69.575	57.975	NA	NA	135.953619	NA	NA	NA
1888962	69.625	57.975	NA	NA	135.940869	NA	NA	NA
1888963	69.675	57.975	NA	NA	129.75064	NA	NA	NA
1888964	69.725	57.975	NA	NA	135.863166	NA	NA	NA
1888965	69.775	57.975	NA	NA	135.828971	NA	NA	NA
1888966	69.825	57.975	NA	NA	135.809815	NA	NA	NA
1888967	69.875	57.975	NA	NA	135.793937	NA	NA	NA
1888968	69.925	57.975	124.16134	122.744519	135.782076	11.620736	13.037557	NA
1888969	69.975	57.975	124.486004	122.82181	135.759899	11.273895	12.938089	NA
1888970	70.025	57.975	NA	NA	131.910045	NA	NA	NA
1888971	70.075	57.975	NA	NA	135.727375	NA	NA	NA
1888972	70.125	57.975	NA	NA	135.716427	NA	NA	NA
1888973	70.175	57.975	NA	NA	135.708671	NA	NA	NA
1888974	70.225	57.975	NA	NA	135.671451	NA	NA	NA
1888975	70.275	57.975	NA	NA	135.651994	NA	NA	NA
1888977	70.375	57.975	NA	NA	135.613464	NA	NA	NA
1888978	70.425	57.975	NA	NA	135.599124	NA	NA	NA
1889235	83.275	57.975	124.480391	122.691244	138.606269	14.125878	15.915024	NA
1889236	83.325	57.975	124.444481	122.645462	138.58693	14.142448	15.941467	NA
1889433	93.175	57.975	127.033592	124.812508	127.902593	0.869	3.090084	NA
1889434	93.225	57.975	127.405536	124.672571	114.17024	-13.235295	-10.502331	NA
1895483	69.675	57.925	NA	NA	135.920976	NA	NA	NA
1895484	69.725	57.925	NA	NA	135.879901	NA	NA	NA
1895485	69.775	57.925	NA	NA	131.894355	NA	NA	NA
1895492	70.125	57.925	NA	NA	135.70174	NA	NA	NA
1895493	70.175	57.925	NA	NA	135.683708	NA	NA	NA
1895495	70.275	57.925	NA	NA	135.640451	NA	NA	NA
1895496	70.325	57.925	NA	NA	135.62539	NA	NA	NA
1895497	70.375	57.925	NA	NA	135.583326	NA	NA	NA
1895498	70.425	57.925	NA	NA	135.592932	NA	NA	NA
1895755	83.275	57.925	124.500129	122.671784	119.896773	-4.603356	-2.775011	NA
1895756	83.325	57.925	124.49714	122.67241	138.578374	14.081234	15.905964	NA
1895953	93.175	57.925	126.479128	124.611148	127.903574	1.424446	3.292426	NA
1895954	93.225	57.925	127.631316	124.723139	111.323404	-16.307912	-13.399735	NA
1898268	-117.075	57.875	122.808879	133.074673	131.848771	9.039891	-1.225902	NA
1898269	-117.025	57.875	122.856281	133.752457	131.843978	8.987697	-1.908479	NA
1902017	70.375	57.875	NA	NA	135.564281	NA	NA	NA
1902018	70.425	57.875	NA	NA	135.543758	NA	NA	NA
1902019	70.475	57.875	NA	NA	135.520055	NA	NA	NA
1902020	70.525	57.875	NA	NA	135.500867	NA	NA	NA
1902021	70.575	57.875	NA	NA	133.3244	NA	NA	NA
1902022	70.625	57.875	NA	NA	135.442107	NA	NA	NA
1902275	83.275	57.875	124.30837	122.560574	138.57247	14.2641	16.011896	NA
1902302	84.625	57.875	NA	NA	124.914634	NA	NA	NA
1902305	84.775	57.875	124.294686	122.838845	128.661213	4.366528	5.822368	NA
1902306	84.825	57.875	NA	NA	138.919647	NA	NA	NA
1902307	84.875	57.875	124.144217	122.74227	123.794317	-0.3499	1.052047	NA
1902474	93.225	57.875	127.772686	124.98667	127.905257	0.13257	2.918587	NA
1902475	93.275	57.875	126.660114	125.011235	116.988255	-9.671859	-8.02298	NA
1904787	-117.125	57.825	123.608633	133.090547	131.865848	8.257215	-1.224699	NA
1904788	-117.075	57.825	123.675939	132.637339	131.866356	8.190418	-0.770982	NA
1904789	-117.025	57.825	123.795686	131.99599	131.871039	8.075352	-0.124951	NA
1908538	70.425	57.825	NA	NA	135.535386	NA	NA	NA
1908541	70.575	57.825	NA	NA	135.491902	NA	NA	NA
1908542	70.625	57.825	NA	NA	135.451693	NA	NA	NA
1908543	70.675	57.825	NA	NA	135.420976	NA	NA	NA
1908544	70.725	57.825	NA	NA	135.387212	NA	NA	NA
1908795	83.275	57.825	123.974032	122.298165	121.479607	-2.494425	-0.818558	NA
1908796	83.325	57.825	124.061883	122.296531	138.562186	14.500303	16.265655	NA
1908797	83.375	57.825	NA	NA	138.553361	NA	NA	NA
1908811	84.075	57.825	NA	NA	139.18525	NA	NA	NA
1908812	84.125	57.825	124.008981	122.545168	125.313041	1.30406	2.767873	NA
1908813	84.175	57.825	124.082288	122.608759	139.140776	15.058489	16.532018	NA
1908814	84.225	57.825	NA	NA	139.101386	NA	NA	NA
1908815	84.275	57.825	NA	NA	139.086045	NA	NA	NA
1908816	84.325	57.825	124.307468	122.803685	139.071635	14.764167	16.26795	NA
1908817	84.375	57.825	124.169356	122.791159	139.063468	14.894112	16.27231	NA
1908818	84.425	57.825	NA	NA	139.048416	NA	NA	NA
1908819	84.475	57.825	124.099661	122.642825	139.006969	14.907308	16.364145	NA
1908820	84.525	57.825	124.546427	122.808011	138.99615	14.449723	16.188139	NA
1908821	84.575	57.825	NA	NA	138.985039	NA	NA	NA
1908822	84.625	57.825	NA	NA	138.96928	NA	NA	NA
1908823	84.675	57.825	NA	NA	138.952137	NA	NA	NA
1908824	84.725	57.825	124.391232	122.870902	138.937842	14.546611	16.06694	NA
1908825	84.775	57.825	124.234452	122.766069	138.928836	14.694384	16.162767	NA
1908827	84.875	57.825	124.225816	122.68345	138.894531	14.668716	16.211081	NA
1908828	84.925	57.825	124.231968	122.820377	138.865415	14.633448	16.045039	NA
1908829	84.975	57.825	124.272929	122.783854	138.847701	14.574772	16.063847	NA
1908830	85.025	57.825	NA	NA	138.835069	NA	NA	NA
1908831	85.075	57.825	124.088321	122.81366	138.820079	14.731758	16.006419	NA
1908995	93.275	57.825	126.544584	124.838846	127.908928	1.364344	3.070082	NA
1911307	-117.125	57.775	123.278984	131.71048	131.865279	8.586295	0.154799	NA
1911308	-117.075	57.775	122.947444	132.370139	123.096748	0.149304	-9.273392	NA
1911309	-117.025	57.775	123.383116	133.849907	123.118501	-0.264615	-10.731407	NA
1911310	-116.975	57.775	NA	NA	123.135442	NA	NA	NA
1915063	70.675	57.775	NA	NA	130.372704	NA	NA	NA
1915064	70.725	57.775	NA	NA	135.377525	NA	NA	NA
1915065	70.775	57.775	NA	NA	135.343056	NA	NA	NA
1915066	70.825	57.775	NA	NA	135.295411	NA	NA	NA
1915067	70.875	57.775	NA	NA	135.265628	NA	NA	NA
1915068	70.925	57.775	NA	NA	135.250018	NA	NA	NA
1915069	70.975	57.775	NA	NA	135.237021	NA	NA	NA
1915070	71.025	57.775	NA	NA	134.410195	NA	NA	NA
1915071	71.075	57.775	NA	NA	135.211045	NA	NA	NA
1915317	83.375	57.775	124.073954	122.412095	138.550758	14.476803	16.138663	NA
1915318	83.425	57.775	124.000086	122.417865	138.545408	14.545322	16.127543	NA
1915327	83.875	57.775	124.630202	122.745874	139.293387	14.663186	16.547513	NA
1915328	83.925	57.775	NA	NA	121.49379	NA	NA	NA
1915330	84.025	57.775	124.33189	122.958301	139.220807	14.888917	16.262506	NA
1915331	84.075	57.775	124.372282	123.020489	139.199814	14.827532	16.179325	NA
1915332	84.125	57.775	123.967817	122.757923	139.172525	15.204708	16.414603	NA
1915338	84.425	57.775	124.243753	122.881074	139.032416	14.788664	16.151342	NA
1915339	84.475	57.775	124.140741	122.685114	139.023287	14.882546	16.338174	NA
1915351	85.075	57.775	124.057772	122.612934	128.184735	4.126963	5.571801	NA
1915352	85.125	57.775	124.294598	122.627855	138.803762	14.509164	16.175907	NA
1915353	85.175	57.775	124.070195	122.643443	138.771194	14.700999	16.12775	NA
1915354	85.225	57.775	NA	NA	138.731386	NA	NA	NA
1915355	85.275	57.775	124.033418	122.655524	138.678888	14.645469	16.023364	NA
1915356	85.325	57.775	NA	NA	138.699294	NA	NA	NA
1915357	85.375	57.775	NA	NA	138.619376	NA	NA	NA
1915515	93.275	57.775	127.699338	125.181906	127.910077	0.210739	2.728171	NA
1917827	-117.125	57.725	122.872284	133.039998	132.054762	9.182478	-0.985236	NA
1917828	-117.075	57.725	122.7801	133.139661	132.057053	9.276953	-1.082608	NA
1917829	-117.025	57.725	123.413651	133.23939	111.88312	-11.530531	-21.35627	NA
1917830	-116.975	57.725	NA	NA	122.849619	NA	NA	NA
1921586	70.825	57.725	NA	NA	135.327954	NA	NA	NA
1921589	70.975	57.725	NA	NA	131.933307	NA	NA	NA
1921590	71.025	57.725	NA	NA	135.230589	NA	NA	NA
1921591	71.075	57.725	NA	NA	135.198151	NA	NA	NA
1921592	71.125	57.725	NA	NA	135.186261	NA	NA	NA
1921593	71.175	57.725	NA	NA	135.177452	NA	NA	NA
1921594	71.225	57.725	NA	NA	135.393745	NA	NA	NA
1921595	71.275	57.725	NA	NA	135.372068	NA	NA	NA
1921596	71.325	57.725	NA	NA	135.364452	NA	NA	NA
1921597	71.375	57.725	NA	NA	135.349375	NA	NA	NA
1921598	71.425	57.725	NA	NA	135.323462	NA	NA	NA
1921599	71.475	57.725	NA	NA	135.314815	NA	NA	NA
1921838	83.425	57.725	123.964802	122.486043	138.543005	14.578202	16.056961	NA
1921839	83.475	57.725	123.952092	122.400808	138.538441	14.586349	16.137632	NA
1921840	83.525	57.725	124.098429	122.612156	138.535998	14.437569	15.923842	NA
1921845	83.775	57.725	124.307097	122.585393	138.49206	14.184963	15.906667	NA
1921846	83.825	57.725	124.34162	122.683772	138.476845	14.135224	15.793073	NA
1921847	83.875	57.725	124.62965	122.724841	138.22394	13.594291	15.4991	NA
1921848	83.925	57.725	124.471781	122.75646	139.270806	14.799026	16.514346	NA
1921849	83.975	57.725	124.308021	122.70456	139.234886	14.926865	16.530326	NA
1921850	84.025	57.725	NA	NA	126.005244	NA	NA	NA
1921875	85.275	57.725	NA	NA	138.65427	NA	NA	NA
1921876	85.325	57.725	NA	NA	138.639581	NA	NA	NA
1921877	85.375	57.725	NA	NA	138.63579	NA	NA	NA
1921878	85.425	57.725	NA	NA	138.581836	NA	NA	NA
1921879	85.475	57.725	NA	NA	138.539239	NA	NA	NA
1921880	85.525	57.725	NA	NA	138.519679	NA	NA	NA
1922035	93.275	57.725	127.966463	125.133769	127.91698	-0.049482	2.783211	NA
1922036	93.325	57.725	128.636858	125.048392	127.919748	-0.717111	2.871356	NA
1924348	-117.075	57.675	122.960588	129.544182	132.057241	9.096653	2.513059	NA
1928113	71.175	57.675	NA	NA	135.168552	NA	NA	NA
1928117	71.375	57.675	NA	NA	132.785531	NA	NA	NA
1928118	71.425	57.675	NA	NA	135.342041	NA	NA	NA
1928119	71.475	57.675	NA	NA	135.304118	NA	NA	NA
1928120	71.525	57.675	NA	NA	135.295296	NA	NA	NA
1928122	71.625	57.675	NA	NA	134.052308	NA	NA	NA
1928123	71.675	57.675	NA	NA	135.200509	NA	NA	NA
1928360	83.525	57.675	NA	NA	123.834318	NA	NA	NA
1928361	83.575	57.675	123.982231	122.413315	123.308735	-0.673496	0.89542	NA
1928362	83.625	57.675	123.864776	122.151408	138.529407	14.664631	16.377999	NA
1928363	83.675	57.675	124.152981	122.347799	138.506956	14.353975	16.159157	NA
1928364	83.725	57.675	124.07141	122.494513	138.500453	14.429042	16.00594	NA
1928365	83.775	57.675	NA	NA	122.040011	NA	NA	NA
1928366	83.825	57.675	124.170919	122.5772	120.251608	-3.919311	-2.325592	NA
1928367	83.875	57.675	124.208659	122.461389	138.214848	14.006189	15.753459	NA
1928400	85.525	57.675	NA	NA	138.608473	NA	NA	NA
1928401	85.575	57.675	NA	NA	138.636573	NA	NA	NA
1928555	93.275	57.675	127.258571	124.923954	105.747131	-21.51144	-19.176823	NA
1928556	93.325	57.675	127.255998	124.925135	127.925049	0.669051	2.999914	NA
1930867	-117.125	57.625	NA	NA	132.057867	NA	NA	NA
1930868	-117.075	57.625	122.980088	131.213058	132.057752	9.077664	0.844694	NA
1934639	71.475	57.625	NA	NA	135.274508	NA	NA	NA
1934640	71.525	57.625	NA	NA	135.248404	NA	NA	NA
1934641	71.575	57.625	NA	NA	135.237226	NA	NA	NA
1934642	71.625	57.625	NA	NA	135.217996	NA	NA	NA
1934643	71.675	57.625	NA	NA	132.88786	NA	NA	NA
1934644	71.725	57.625	NA	NA	135.176789	NA	NA	NA
1934645	71.775	57.625	NA	NA	135.159786	NA	NA	NA
1934646	71.825	57.625	NA	NA	135.146023	NA	NA	NA
1934885	83.775	57.625	124.064387	122.591789	138.189994	14.125608	15.598205	NA
1934886	83.825	57.625	124.224061	122.542635	138.205449	13.981388	15.662814	NA
1934921	85.575	57.625	NA	NA	133.126666	NA	NA	NA
1934922	85.625	57.625	NA	NA	138.628519	NA	NA	NA
1934923	85.675	57.625	124.078444	122.669252	138.59534	14.516896	15.926089	NA
1935075	93.275	57.625	126.896416	124.785104	127.925287	1.028871	3.140184	NA
1935076	93.325	57.625	125.285365	124.378501	108.295816	-16.989549	-16.082685	NA
1937388	-117.075	57.575	123.020124	132.423063	132.057775	9.037651	-0.365288	NA
1937389	-117.025	57.575	NA	NA	132.056623	NA	NA	NA
1937390	-116.975	57.575	NA	NA	132.056137	NA	NA	NA
1937391	-116.925	57.575	NA	NA	132.055818	NA	NA	NA
1941164	71.725	57.575	NA	NA	134.346316	NA	NA	NA
1941166	71.825	57.575	NA	NA	135.129785	NA	NA	NA
1941167	71.875	57.575	NA	NA	135.093766	NA	NA	NA
1941168	71.925	57.575	NA	NA	135.080127	NA	NA	NA
1941169	71.975	57.575	NA	NA	135.063283	NA	NA	NA
1941170	72.025	57.575	NA	NA	135.044904	NA	NA	NA
1941171	72.075	57.575	NA	NA	135.003421	NA	NA	NA
1941172	72.125	57.575	NA	NA	134.984454	NA	NA	NA
1941173	72.175	57.575	NA	NA	134.945406	NA	NA	NA
1941174	72.225	57.575	NA	NA	134.922479	NA	NA	NA
1941175	72.275	57.575	NA	NA	134.908671	NA	NA	NA
1941176	72.325	57.575	NA	NA	134.891082	NA	NA	NA
1941177	72.375	57.575	124.146223	122.733295	134.878363	10.73214	12.145068	NA
1941178	72.425	57.575	NA	NA	132.128077	NA	NA	NA
1941179	72.475	57.575	NA	NA	134.826259	NA	NA	NA
1941180	72.525	57.575	NA	NA	135.818584	NA	NA	NA
1941405	83.775	57.575	NA	NA	122.022799	NA	NA	NA
1941406	83.825	57.575	124.259851	122.599849	138.180951	13.9211	15.581102	NA
1941407	83.875	57.575	NA	NA	138.171311	NA	NA	NA
1941443	85.675	57.575	NA	NA	138.591527	NA	NA	NA
1941444	85.725	57.575	123.896886	122.346391	138.573909	14.677022	16.227518	NA
1941445	85.775	57.575	NA	NA	138.567333	NA	NA	NA
1941596	93.325	57.575	126.338548	124.70481	127.926766	1.588218	3.221956	NA
1943907	-117.125	57.525	NA	NA	132.053042	NA	NA	NA
1943908	-117.075	57.525	122.80204	128.456132	132.053551	9.25151	3.597419	NA
1943909	-117.025	57.525	NA	NA	132.053862	NA	NA	NA
1943910	-116.975	57.525	123.757257	132.657991	132.054196	8.29694	-0.603794	NA
1943911	-116.925	57.525	NA	NA	132.055002	NA	NA	NA
1947690	72.025	57.525	NA	NA	131.964755	NA	NA	NA
1947691	72.075	57.525	NA	NA	135.022567	NA	NA	NA
1947692	72.125	57.525	NA	NA	132.304025	NA	NA	NA
1947693	72.175	57.525	NA	NA	134.973182	NA	NA	NA
1947697	72.375	57.525	124.060143	122.703188	129.593907	5.533763	6.890719	NA
1947698	72.425	57.525	123.652342	122.481455	134.865633	11.213291	12.384178	NA
1947700	72.525	57.525	NA	NA	134.781214	NA	NA	NA
1947701	72.575	57.525	NA	NA	131.457464	NA	NA	NA
1947702	72.625	57.525	NA	NA	134.728927	NA	NA	NA
1947927	83.875	57.525	124.250541	122.726206	138.167554	13.917013	15.441348	NA
1947965	85.775	57.525	NA	NA	138.556162	NA	NA	NA
1947966	85.825	57.525	NA	NA	138.64478	NA	NA	NA
1947967	85.875	57.525	NA	NA	134.111647	NA	NA	NA
1948029	88.975	57.525	NA	NA	139.05456	NA	NA	NA
1948030	89.025	57.525	NA	NA	139.039964	NA	NA	NA
1948033	89.175	57.525	NA	NA	138.94553	NA	NA	NA
1948034	89.225	57.525	NA	NA	135.486154	NA	NA	NA
1948038	89.425	57.525	NA	NA	138.900693	NA	NA	NA
1948039	89.475	57.525	NA	NA	138.88024	NA	NA	NA
1948040	89.525	57.525	NA	NA	138.872312	NA	NA	NA
1948041	89.575	57.525	NA	NA	138.863392	NA	NA	NA
1948042	89.625	57.525	NA	NA	138.833489	NA	NA	NA
1948043	89.675	57.525	NA	NA	138.781059	NA	NA	NA
1948045	89.775	57.525	NA	NA	138.740535	NA	NA	NA
1948115	93.275	57.525	125.127381	124.442514	127.928603	2.801222	3.486089	NA
1948116	93.325	57.525	125.826018	124.612391	127.928157	2.102138	3.315766	NA
1950427	-117.125	57.475	NA	NA	132.052905	NA	NA	NA
1950428	-117.075	57.475	NA	NA	132.061714	NA	NA	NA
1950429	-117.025	57.475	NA	NA	132.063326	NA	NA	NA
1954220	72.525	57.475	NA	NA	134.758456	NA	NA	NA
1954221	72.575	57.475	NA	NA	134.737808	NA	NA	NA
1954222	72.625	57.475	NA	NA	133.1103	NA	NA	NA
1954223	72.675	57.475	NA	NA	134.690623	NA	NA	NA
1954224	72.725	57.475	NA	NA	134.655526	NA	NA	NA
1954225	72.775	57.475	NA	NA	134.640383	NA	NA	NA
1954226	72.825	57.475	NA	NA	134.624308	NA	NA	NA
1954227	72.875	57.475	NA	NA	129.646315	NA	NA	NA
1954228	72.925	57.475	NA	NA	134.570987	NA	NA	NA
1954229	72.975	57.475	NA	NA	134.544718	NA	NA	NA
1954447	83.875	57.475	124.281438	122.680208	138.158662	13.877224	15.478454	NA
1954448	83.925	57.475	124.136362	122.567302	138.150936	14.014574	15.583634	NA
1954449	83.975	57.475	NA	NA	125.721414	NA	NA	NA
1954486	85.825	57.475	NA	NA	138.635964	NA	NA	NA
1954487	85.875	57.475	NA	NA	138.65395	NA	NA	NA
1954540	88.525	57.475	NA	NA	134.208787	NA	NA	NA
1954541	88.575	57.475	NA	NA	139.249367	NA	NA	NA
1954542	88.625	57.475	NA	NA	139.205569	NA	NA	NA
1954544	88.725	57.475	NA	NA	139.14771	NA	NA	NA
1954545	88.775	57.475	NA	NA	139.115134	NA	NA	NA
1954546	88.825	57.475	NA	NA	139.107919	NA	NA	NA
1954547	88.875	57.475	NA	NA	139.095037	NA	NA	NA
1954548	88.925	57.475	NA	NA	139.08511	NA	NA	NA
1954549	88.975	57.475	NA	NA	139.055277	NA	NA	NA
1954550	89.025	57.475	NA	NA	139.022713	NA	NA	NA
1954551	89.075	57.475	NA	NA	139.005421	NA	NA	NA
1954552	89.125	57.475	NA	NA	138.964564	NA	NA	NA
1954553	89.175	57.475	NA	NA	138.955465	NA	NA	NA
1954554	89.225	57.475	NA	NA	138.925796	NA	NA	NA
1954555	89.275	57.475	NA	NA	138.966102	NA	NA	NA
1954556	89.325	57.475	NA	NA	138.954372	NA	NA	NA
1954557	89.375	57.475	NA	NA	138.937203	NA	NA	NA
1954558	89.425	57.475	NA	NA	138.922174	NA	NA	NA
1954559	89.475	57.475	NA	NA	138.911638	NA	NA	NA
1954560	89.525	57.475	NA	NA	134.286476	NA	NA	NA
1954561	89.575	57.475	NA	NA	138.845178	NA	NA	NA
1954562	89.625	57.475	NA	NA	138.809379	NA	NA	NA
1954563	89.675	57.475	NA	NA	138.787874	NA	NA	NA
1954564	89.725	57.475	NA	NA	138.763714	NA	NA	NA
1954565	89.775	57.475	NA	NA	138.721748	NA	NA	NA
1954566	89.825	57.475	NA	NA	138.711553	NA	NA	NA
1954567	89.875	57.475	NA	NA	138.694979	NA	NA	NA
1954568	89.925	57.475	NA	NA	138.678625	NA	NA	NA
1954569	89.975	57.475	NA	NA	138.683111	NA	NA	NA
1954570	90.025	57.475	NA	NA	138.673968	NA	NA	NA
1954571	90.075	57.475	NA	NA	138.666803	NA	NA	NA
1954635	93.275	57.475	125.050551	124.25482	127.929184	2.878633	3.674364	NA
1956948	-117.075	57.425	122.70179	128.407648	132.066024	9.364234	3.658377	NA
1956949	-117.025	57.425	NA	NA	132.068229	NA	NA	NA
1960746	72.825	57.425	NA	NA	134.612146	NA	NA	NA
1960747	72.875	57.425	NA	NA	134.58761	NA	NA	NA
1960749	72.975	57.425	NA	NA	134.537165	NA	NA	NA
1960750	73.025	57.425	NA	NA	134.524604	NA	NA	NA
1960751	73.075	57.425	NA	NA	134.510861	NA	NA	NA
1960752	73.125	57.425	NA	NA	134.498479	NA	NA	NA
1960753	73.175	57.425	NA	NA	134.468503	NA	NA	NA
1960969	83.975	57.425	124.34696	122.714878	118.574969	-5.77199	-4.139909	NA
1961006	85.825	57.425	NA	NA	133.064265	NA	NA	NA
1961007	85.875	57.425	NA	NA	138.620975	NA	NA	NA
1961008	85.925	57.425	NA	NA	138.597552	NA	NA	NA
1961009	85.975	57.425	124.019583	122.649374	138.588002	14.56842	15.938628	NA
1961010	86.025	57.425	NA	NA	138.568255	NA	NA	NA
1961055	88.275	57.425	NA	NA	139.300849	NA	NA	NA
1961056	88.325	57.425	NA	NA	139.285392	NA	NA	NA
1961057	88.375	57.425	NA	NA	139.278593	NA	NA	NA
1961058	88.425	57.425	NA	NA	139.266755	NA	NA	NA
1961059	88.475	57.425	NA	NA	139.258385	NA	NA	NA
1961060	88.525	57.425	NA	NA	139.248171	NA	NA	NA
1961061	88.575	57.425	NA	NA	139.226764	NA	NA	NA
1961062	88.625	57.425	NA	NA	139.181435	NA	NA	NA
1961063	88.675	57.425	NA	NA	139.150943	NA	NA	NA
1961064	88.725	57.425	NA	NA	134.870241	NA	NA	NA
1961091	90.075	57.425	NA	NA	138.662803	NA	NA	NA
1961092	90.125	57.425	NA	NA	138.648313	NA	NA	NA
1961093	90.175	57.425	NA	NA	138.647298	NA	NA	NA
1961094	90.225	57.425	NA	NA	138.636699	NA	NA	NA
1961154	93.225	57.425	NA	NA	110.356238	NA	NA	NA
1961155	93.275	57.425	124.936749	123.940673	127.93736	3.000611	3.996687	NA
1963467	-117.125	57.375	123.581531	131.923427	132.068116	8.486585	0.144689	NA
1963468	-117.075	57.375	NA	NA	122.079266	NA	NA	NA
1967272	73.125	57.375	NA	NA	134.487607	NA	NA	NA
1967273	73.175	57.375	NA	NA	134.447537	NA	NA	NA
1967274	73.225	57.375	NA	NA	134.398267	NA	NA	NA
1967275	73.275	57.375	NA	NA	134.376394	NA	NA	NA
1967276	73.325	57.375	NA	NA	134.362513	NA	NA	NA
1967489	83.975	57.375	124.34163	122.721554	138.141596	13.799966	15.420042	NA
1967490	84.025	57.375	124.542538	122.758764	138.150666	13.608128	15.391902	NA
1967491	84.075	57.375	124.618079	122.76163	138.14505	13.526971	15.38342	NA
1967529	85.975	57.375	124.170504	122.731354	138.565735	14.395231	15.83438	NA
1967573	88.175	57.375	NA	NA	139.365576	NA	NA	NA
1967574	88.225	57.375	NA	NA	139.327554	NA	NA	NA
1967575	88.275	57.375	NA	NA	139.312169	NA	NA	NA
1967611	90.075	57.375	NA	NA	135.260738	NA	NA	NA
1967614	90.225	57.375	NA	NA	138.627442	NA	NA	NA
1967615	90.275	57.375	NA	NA	138.615232	NA	NA	NA
1967674	93.225	57.375	NA	NA	127.938085	NA	NA	NA
1967675	93.275	57.375	124.53161	124.066	127.939015	3.407406	3.873015	NA
1969986	-117.175	57.325	NA	NA	132.058699	NA	NA	NA
1969987	-117.125	57.325	123.749077	132.301659	132.061193	8.312116	-0.240466	NA
1973793	73.175	57.325	NA	NA	132.415568	NA	NA	NA
1973794	73.225	57.325	NA	NA	134.423006	NA	NA	NA
1973796	73.325	57.325	NA	NA	134.350204	NA	NA	NA
1973797	73.375	57.325	NA	NA	134.308175	NA	NA	NA
1973798	73.425	57.325	NA	NA	134.282539	NA	NA	NA
1973799	73.475	57.325	NA	NA	134.246312	NA	NA	NA
1974011	84.075	57.325	124.667469	122.72524	138.139126	13.471656	15.413885	NA
1974012	84.125	57.325	NA	NA	138.124515	NA	NA	NA
1974049	85.975	57.325	NA	NA	138.561793	NA	NA	NA
1974089	87.975	57.325	NA	NA	139.408303	NA	NA	NA
1974090	88.025	57.325	NA	NA	139.394426	NA	NA	NA
1974091	88.075	57.325	NA	NA	139.386091	NA	NA	NA
1974092	88.125	57.325	NA	NA	139.370133	NA	NA	NA
1974093	88.175	57.325	NA	NA	139.364898	NA	NA	NA
1974134	90.225	57.325	NA	NA	134.736859	NA	NA	NA
1974135	90.275	57.325	NA	NA	138.607627	NA	NA	NA
1974136	90.325	57.325	NA	NA	138.609161	NA	NA	NA
1974137	90.375	57.325	NA	NA	138.595363	NA	NA	NA
1974138	90.425	57.325	NA	NA	138.585569	NA	NA	NA
1974139	90.475	57.325	NA	NA	138.577985	NA	NA	NA
1974195	93.275	57.325	124.81693	124.278409	127.939432	3.122503	3.661023	NA
1974196	93.325	57.325	124.412809	124.13401	127.942496	3.529688	3.808487	NA
1976506	-117.175	57.275	NA	NA	121.510934	NA	NA	NA
1976507	-117.125	57.275	NA	NA	132.061072	NA	NA	NA
1976508	-117.075	57.275	123.235719	132.329856	132.393251	9.157532	0.063395	NA
1980316	73.325	57.275	NA	NA	134.327703	NA	NA	NA
1980317	73.375	57.275	NA	NA	132.116478	NA	NA	NA
1980318	73.425	57.275	NA	NA	134.236935	NA	NA	NA
1980319	73.475	57.275	NA	NA	134.209446	NA	NA	NA
1980320	73.525	57.275	NA	NA	134.190504	NA	NA	NA
1980321	73.575	57.275	NA	NA	134.174159	NA	NA	NA
1980322	73.625	57.275	NA	NA	132.338833	NA	NA	NA
1980323	73.675	57.275	NA	NA	132.986492	NA	NA	NA
1980532	84.125	57.275	124.445011	122.655166	115.688418	-8.756593	-6.966748	NA
1980533	84.175	57.275	124.510326	122.791217	138.120214	13.609887	15.328996	NA
1980534	84.225	57.275	124.395674	122.625299	138.102043	13.706369	15.476744	NA
1980535	84.275	57.275	124.276938	122.497178	138.095321	13.818382	15.598143	NA
1980569	85.975	57.275	NA	NA	134.626557	NA	NA	NA
1980570	86.025	57.275	NA	NA	134.726794	NA	NA	NA
1980571	86.075	57.275	NA	NA	135.043224	NA	NA	NA
1980605	87.775	57.275	NA	NA	139.527667	NA	NA	NA
1980606	87.825	57.275	NA	NA	139.498761	NA	NA	NA
1980607	87.875	57.275	NA	NA	139.490203	NA	NA	NA
1980608	87.925	57.275	NA	NA	139.485363	NA	NA	NA
1980609	87.975	57.275	NA	NA	139.469432	NA	NA	NA
1980658	90.425	57.275	NA	NA	134.349665	NA	NA	NA
1980659	90.475	57.275	NA	NA	138.5655	NA	NA	NA
1980660	90.525	57.275	NA	NA	138.51749	NA	NA	NA
1980716	93.325	57.275	124.112369	124.193793	127.942903	3.830534	3.74911	NA
1980717	93.375	57.275	124.908494	124.558699	127.943009	3.034515	3.38431	NA
1980718	93.425	57.275	124.585466	124.690782	127.943836	3.35837	3.253054	NA
1983027	-117.125	57.225	NA	NA	118.972599	NA	NA	NA
1983028	-117.075	57.225	NA	NA	132.394368	NA	NA	NA
1986842	73.625	57.225	NA	NA	134.163479	NA	NA	NA
1986843	73.675	57.225	NA	NA	134.116905	NA	NA	NA
1986844	73.725	57.225	NA	NA	134.009961	NA	NA	NA
1986845	73.775	57.225	NA	NA	133.991419	NA	NA	NA
1987055	84.275	57.225	124.276938	122.497178	121.783791	-2.493147	-0.713387	NA
1987056	84.325	57.225	124.04062	122.468293	138.089398	14.048778	15.621106	NA
1987057	84.375	57.225	124.407029	122.822001	138.067061	13.660032	15.24506	NA
1987089	85.975	57.225	NA	NA	138.502029	NA	NA	NA
1987090	86.025	57.225	124.535079	122.806197	138.462361	13.927282	15.656164	NA
1987091	86.075	57.225	NA	NA	130.411311	NA	NA	NA
1987122	87.625	57.225	NA	NA	139.563287	NA	NA	NA
1987123	87.675	57.225	NA	NA	139.547939	NA	NA	NA
1987124	87.725	57.225	NA	NA	139.5339	NA	NA	NA
1987125	87.775	57.225	NA	NA	139.523699	NA	NA	NA
1987178	90.425	57.225	NA	NA	133.779599	NA	NA	NA
1987179	90.475	57.225	NA	NA	138.546074	NA	NA	NA
1987180	90.525	57.225	NA	NA	138.484484	NA	NA	NA
1987238	93.425	57.225	124.191448	124.309447	127.944127	3.752679	3.63468	NA
1989547	-117.125	57.175	NA	NA	132.394633	NA	NA	NA
1989548	-117.075	57.175	NA	NA	132.391672	NA	NA	NA
1993365	73.775	57.175	NA	NA	130.900695	NA	NA	NA
1993366	73.825	57.175	NA	NA	133.978947	NA	NA	NA
1993368	73.925	57.175	NA	NA	132.622126	NA	NA	NA
1993369	73.975	57.175	NA	NA	133.904654	NA	NA	NA
1993370	74.025	57.175	NA	NA	133.859347	NA	NA	NA
1993371	74.075	57.175	NA	NA	132.456211	NA	NA	NA
1993577	84.375	57.175	124.033225	122.609672	138.058116	14.024891	15.448444	NA
1993610	86.025	57.175	NA	NA	138.452354	NA	NA	NA
1993639	87.475	57.175	NA	NA	139.659925	NA	NA	NA
1993640	87.525	57.175	NA	NA	139.609026	NA	NA	NA
1993641	87.575	57.175	NA	NA	139.583075	NA	NA	NA
1993642	87.625	57.175	NA	NA	139.571967	NA	NA	NA
1993700	90.525	57.175	NA	NA	139.044316	NA	NA	NA
1993758	93.425	57.175	124.46446	124.499617	127.945103	3.480643	3.445486	NA
1993759	93.475	57.175	124.414953	124.512429	114.946407	-9.468547	-9.566022	NA
1996064	-117.275	57.125	NA	NA	132.400759	NA	NA	NA
1996065	-117.225	57.125	122.569759	130.828105	132.402576	9.832818	1.574472	NA
1996066	-117.175	57.125	122.747655	132.023934	132.402792	9.655137	0.378858	NA
1996067	-117.125	57.125	NA	NA	132.405776	NA	NA	NA
1999886	73.825	57.125	NA	NA	125.547705	NA	NA	NA
1999887	73.875	57.125	NA	NA	133.948745	NA	NA	NA
1999888	73.925	57.125	NA	NA	133.920728	NA	NA	NA
1999891	74.075	57.125	NA	NA	133.8494	NA	NA	NA
1999892	74.125	57.125	NA	NA	133.82958	NA	NA	NA
1999893	74.175	57.125	NA	NA	133.821042	NA	NA	NA
2000097	84.375	57.125	124.333029	122.704717	138.046265	13.713236	15.341548	NA
2000098	84.425	57.125	124.2929	122.814597	138.030674	13.737774	15.216077	NA
2000099	84.475	57.125	124.046513	122.689501	138.025388	13.978875	15.335887	NA
2000130	86.025	57.125	123.969993	122.549599	138.42729	14.457297	15.877692	NA
2000131	86.075	57.125	124.048244	122.614161	138.394963	14.34672	15.780802	NA
2000132	86.125	57.125	NA	NA	138.377182	NA	NA	NA
2000157	87.375	57.125	NA	NA	139.699747	NA	NA	NA
2000158	87.425	57.125	NA	NA	139.684163	NA	NA	NA
2000159	87.475	57.125	NA	NA	139.676428	NA	NA	NA
2000160	87.525	57.125	NA	NA	139.642678	NA	NA	NA
2000220	90.525	57.125	NA	NA	139.025537	NA	NA	NA
2000221	90.575	57.125	NA	NA	138.990165	NA	NA	NA
2000222	90.625	57.125	NA	NA	134.429003	NA	NA	NA
2000279	93.475	57.125	124.080368	124.467381	127.948624	3.868257	3.481244	NA
2002584	-117.275	57.075	NA	NA	121.449533	NA	NA	NA
2002585	-117.225	57.075	123.341373	132.109919	132.40207	9.060698	0.292151	NA
2002586	-117.175	57.075	NA	NA	132.400621	NA	NA	NA
2006412	74.125	57.075	NA	NA	133.754067	NA	NA	NA
2006413	74.175	57.075	NA	NA	133.814824	NA	NA	NA
2006618	84.425	57.075	124.088547	122.694418	138.001231	13.912685	15.306813	NA
2006619	84.475	57.075	123.920574	122.461015	138.021668	14.101094	15.560653	NA
2006652	86.125	57.075	NA	NA	133.801146	NA	NA	NA
2006653	86.175	57.075	NA	NA	138.374162	NA	NA	NA
2006654	86.225	57.075	123.657882	122.466938	138.361895	14.704013	15.894957	NA
2006673	87.175	57.075	NA	NA	139.753665	NA	NA	NA
2006674	87.225	57.075	NA	NA	139.720881	NA	NA	NA
2006675	87.275	57.075	NA	NA	139.724062	NA	NA	NA
2006676	87.325	57.075	NA	NA	139.712285	NA	NA	NA
2006677	87.375	57.075	NA	NA	139.704705	NA	NA	NA
2006741	90.575	57.075	NA	NA	138.980053	NA	NA	NA
2006742	90.625	57.075	NA	NA	138.944798	NA	NA	NA
2006798	93.425	57.075	124.382683	124.434532	127.949725	3.567042	3.515193	NA
2006799	93.475	57.075	124.179257	124.367817	127.949618	3.77036	3.581801	NA
2009105	-117.225	57.025	122.651646	129.974449	132.408184	9.756538	2.433736	NA
2012932	74.125	57.025	NA	NA	133.718187	NA	NA	NA
2012933	74.175	57.025	NA	NA	133.709892	NA	NA	NA
2012934	74.225	57.025	NA	NA	129.583068	NA	NA	NA
2013138	84.425	57.025	124.188099	122.839746	137.996586	13.808487	15.15684	NA
2013174	86.225	57.025	124.168724	122.680613	129.963321	5.794598	7.282708	NA
2013175	86.275	57.025	124.144329	122.7034	138.355929	14.2116	15.652529	NA
2013189	86.975	57.025	NA	NA	134.960292	NA	NA	NA
2013190	87.025	57.025	NA	NA	139.818049	NA	NA	NA
2013192	87.125	57.025	NA	NA	139.797637	NA	NA	NA
2013193	87.175	57.025	NA	NA	139.7653	NA	NA	NA
2013194	87.225	57.025	NA	NA	133.584574	NA	NA	NA
2013262	90.625	57.025	NA	NA	138.926232	NA	NA	NA
2013263	90.675	57.025	NA	NA	138.890259	NA	NA	NA
2013317	93.375	57.025	123.640611	124.19904	127.950975	4.310364	3.751935	NA
2013318	93.425	57.025	NA	NA	111.585178	NA	NA	NA
2015625	-117.225	56.975	122.961295	131.203045	132.411691	9.450396	1.208646	NA
2019454	74.225	56.975	NA	NA	133.691506	NA	NA	NA
2019455	74.275	56.975	NA	NA	133.649058	NA	NA	NA
2019456	74.325	56.975	NA	NA	133.634288	NA	NA	NA
2019457	74.375	56.975	NA	NA	133.621533	NA	NA	NA
2019458	74.425	56.975	NA	NA	133.615687	NA	NA	NA
2019658	84.425	56.975	124.260887	122.714387	137.969996	13.709109	15.255608	NA
2019695	86.275	56.975	124.251942	122.782364	138.322744	14.070802	15.54038	NA
2019696	86.325	56.975	NA	NA	138.299993	NA	NA	NA
2019697	86.375	56.975	NA	NA	138.281727	NA	NA	NA
2019698	86.425	56.975	NA	NA	138.641217	NA	NA	NA
2019704	86.725	56.975	NA	NA	140.011476	NA	NA	NA
2019705	86.775	56.975	NA	NA	139.97626	NA	NA	NA
2019706	86.825	56.975	NA	NA	139.90914	NA	NA	NA
2019707	86.875	56.975	NA	NA	139.871577	NA	NA	NA
2019708	86.925	56.975	NA	NA	139.83657	NA	NA	NA
2019709	86.975	56.975	NA	NA	139.83656	NA	NA	NA
2019710	87.025	56.975	NA	NA	139.82709	NA	NA	NA
2019711	87.075	56.975	NA	NA	139.800256	NA	NA	NA
2019712	87.125	56.975	NA	NA	133.277367	NA	NA	NA
2019783	90.675	56.975	NA	NA	138.884277	NA	NA	NA
2019837	93.375	56.975	126.007646	124.25389	127.953611	1.945965	3.699721	NA
2022144	-117.275	56.925	122.791682	132.081917	132.41232	9.620638	0.330403	NA
2022145	-117.225	56.925	122.370509	127.872659	132.410399	10.03989	4.53774	NA
2025977	74.375	56.925	NA	NA	130.266094	NA	NA	NA
2025978	74.425	56.925	NA	NA	129.723121	NA	NA	NA
2025979	74.475	56.925	NA	NA	133.611175	NA	NA	NA
2026178	84.425	56.925	124.184742	122.714095	137.964579	13.779837	15.250484	NA
2026218	86.425	56.925	NA	NA	138.632759	NA	NA	NA
2026219	86.475	56.925	NA	NA	138.606461	NA	NA	NA
2026223	86.675	56.925	NA	NA	140.030771	NA	NA	NA
2026224	86.725	56.925	NA	NA	140.017844	NA	NA	NA
2026225	86.775	56.925	NA	NA	139.999235	NA	NA	NA
2026226	86.825	56.925	NA	NA	139.950603	NA	NA	NA
2026227	86.875	56.925	NA	NA	133.030616	NA	NA	NA
2026228	86.925	56.925	NA	NA	139.857093	NA	NA	NA
2026302	90.625	56.925	NA	NA	138.894039	NA	NA	NA
2026303	90.675	56.925	NA	NA	138.920774	NA	NA	NA
2026357	93.375	56.925	127.831429	124.539033	127.954628	0.1232	3.415595	NA
2026358	93.425	56.925	125.62549	124.219056	127.96911	2.34362	3.750055	NA
2028663	-117.325	56.875	122.98072	132.201891	132.431696	9.450976	0.229805	NA
2028664	-117.275	56.875	122.781737	132.075499	132.431585	9.649848	0.356087	NA
2028665	-117.225	56.875	122.471744	132.387765	132.433953	9.962209	0.046188	NA
2032499	74.475	56.875	NA	NA	133.601295	NA	NA	NA
2032500	74.525	56.875	NA	NA	133.595553	NA	NA	NA
2032501	74.575	56.875	NA	NA	133.576089	NA	NA	NA
2032698	84.425	56.875	124.178694	122.737539	145.013184	20.83449	22.275645	NA
2032739	86.475	56.875	NA	NA	133.842505	NA	NA	NA
2032740	86.525	56.875	NA	NA	138.604122	NA	NA	NA
2032741	86.575	56.875	NA	NA	138.560069	NA	NA	NA
2032742	86.625	56.875	NA	NA	140.064118	NA	NA	NA
2032743	86.675	56.875	NA	NA	140.046783	NA	NA	NA
2032822	90.625	56.875	NA	NA	138.876614	NA	NA	NA
2032823	90.675	56.875	NA	NA	138.887009	NA	NA	NA
2032878	93.425	56.875	126.775534	124.17975	127.969791	1.194257	3.79004	NA
2032879	93.475	56.875	124.933263	123.926637	112.211008	-12.722255	-11.715629	NA
2035184	-117.275	56.825	122.457973	131.673469	132.435455	9.977482	0.761986	NA
2039020	74.525	56.825	NA	NA	133.265586	NA	NA	NA
2039021	74.575	56.825	NA	NA	133.571442	NA	NA	NA
2039218	84.425	56.825	124.112598	122.793101	145.008841	20.896244	22.21574	NA
2039219	84.475	56.825	124.060883	122.69402	114.285172	-9.77571	-8.408848	NA
2039220	84.525	56.825	123.82085	122.579012	131.871149	8.050299	9.292136	NA
2039221	84.575	56.825	NA	NA	131.846008	NA	NA	NA
2039222	84.625	56.825	124.285543	122.661067	131.834792	7.549249	9.173725	NA
2039261	86.575	56.825	NA	NA	134.04841	NA	NA	NA
2039262	86.625	56.825	NA	NA	138.554452	NA	NA	NA
2039342	90.625	56.825	NA	NA	138.867078	NA	NA	NA
2039343	90.675	56.825	NA	NA	138.876083	NA	NA	NA
2039399	93.475	56.825	127.852106	124.494518	127.971234	0.119127	3.476716	NA
2039400	93.525	56.825	124.733324	124.799145	127.972188	3.238864	3.173043	NA
2039556	101.325	56.825	126.059088	123.692591	130.059543	4.000455	6.366952	NA
2039557	101.375	56.825	126.76004	123.819145	123.911648	-2.848393	0.092502	NA
2041704	-117.275	56.775	122.447791	132.473177	132.447797	10.000007	-0.02538	NA
2041705	-117.225	56.775	NA	NA	132.447186	NA	NA	NA
2041706	-117.175	56.775	NA	NA	123.062333	NA	NA	NA
2045541	74.575	56.775	NA	NA	133.558982	NA	NA	NA
2045738	84.425	56.775	124.043253	122.767355	144.997163	20.95391	22.229808	NA
2045740	84.525	56.775	124.305774	122.476356	131.85514	7.549366	9.378784	NA
2045741	84.575	56.775	124.478026	122.60389	121.221619	-3.256407	-1.382271	NA
2045742	84.625	56.775	124.39915	122.655381	119.731873	-4.667276	-2.923508	NA
2045743	84.675	56.775	124.464336	122.767579	131.827282	7.362946	9.059703	NA
2045862	90.625	56.775	NA	NA	138.832867	NA	NA	NA
2045863	90.675	56.775	NA	NA	138.857917	NA	NA	NA
2045920	93.525	56.775	126.682165	124.158184	107.637855	-19.04431	-16.520329	NA
2045921	93.575	56.775	124.357696	124.262239	127.979924	3.622229	3.717686	NA
2045922	93.625	56.775	123.978151	124.583465	127.975224	3.997073	3.39176	NA
2048224	-117.275	56.725	NA	NA	132.445936	NA	NA	NA
2048225	-117.225	56.725	122.098488	127.926497	132.447211	10.348723	4.520714	NA
2048226	-117.175	56.725	NA	NA	132.446266	NA	NA	NA
2052060	74.525	56.725	NA	NA	133.231438	NA	NA	NA
2052061	74.575	56.725	NA	NA	133.498893	NA	NA	NA
2052062	74.625	56.725	NA	NA	133.530116	NA	NA	NA
2052256	84.325	56.725	NA	NA	123.00257	NA	NA	NA
2052257	84.375	56.725	124.074593	122.742366	144.988419	20.913826	22.246053	NA
2052258	84.425	56.725	NA	NA	114.807195	NA	NA	NA
2052263	84.675	56.725	124.21589	122.662733	131.797522	7.581632	9.13479	NA
2052381	90.575	56.725	NA	NA	138.867093	NA	NA	NA
2052382	90.625	56.725	NA	NA	138.838145	NA	NA	NA
2052441	93.575	56.725	NA	NA	111.922994	NA	NA	NA
2052442	93.625	56.725	126.772554	124.677421	127.997258	1.224705	3.319838	NA
2054745	-117.225	56.675	122.244505	129.015284	132.490659	10.246155	3.475375	NA
2054746	-117.175	56.675	NA	NA	132.488943	NA	NA	NA
2054747	-117.125	56.675	NA	NA	132.621709	NA	NA	NA
2058581	74.575	56.675	NA	NA	133.488786	NA	NA	NA
2058582	74.625	56.675	NA	NA	133.457937	NA	NA	NA
2058775	84.275	56.675	124.088951	122.664849	144.96949	20.880539	22.304641	NA
2058776	84.325	56.675	124.139758	122.658261	144.973595	20.833838	22.315334	NA
2058783	84.675	56.675	124.348603	122.576485	121.500629	-2.847974	-1.075856	NA
2058784	84.725	56.675	124.089226	122.703419	131.780967	7.691741	9.077548	NA
2058900	90.525	56.675	NA	NA	138.810951	NA	NA	NA
2058901	90.575	56.675	NA	NA	138.829643	NA	NA	NA
2058902	90.625	56.675	NA	NA	133.457083	NA	NA	NA
2058962	93.625	56.675	128.233902	124.558373	127.998096	-0.235805	3.439723	NA
2058963	93.675	56.675	124.157942	125.025858	127.999289	3.841347	2.973431	NA
2061267	-117.125	56.625	122.442522	127.644534	132.747855	10.305333	5.103321	NA
2065101	74.575	56.625	NA	NA	133.334191	NA	NA	NA
2065102	74.625	56.625	124.11935	122.692244	133.370988	9.251638	10.678744	NA
2065103	74.675	56.625	NA	NA	134.767529	NA	NA	NA
2065294	84.225	56.625	124.084088	122.699903	144.969779	20.885691	22.269875	NA
2065295	84.275	56.625	124.259264	122.590578	124.774634	0.51537	2.184057	NA
2065304	84.725	56.625	123.79736	122.380635	126.732337	2.934977	4.351702	NA
2065305	84.775	56.625	124.072166	122.596344	131.76381	7.691644	9.167466	NA
2065419	90.475	56.625	NA	NA	133.054387	NA	NA	NA
2065420	90.525	56.625	NA	NA	139.113565	NA	NA	NA
2065483	93.675	56.625	NA	NA	107.092189	NA	NA	NA
2065484	93.725	56.625	126.011125	124.537878	128.000616	1.989491	3.462738	NA
2065485	93.775	56.625	NA	NA	116.532949	NA	NA	NA
2067787	-117.125	56.575	123.035708	128.57701	132.746717	9.711009	4.169707	NA
2067788	-117.075	56.575	122.434935	128.13107	132.744799	10.309864	4.613729	NA
2067882	-112.375	56.575	NA	NA	142.081181	NA	NA	NA
2067883	-112.325	56.575	NA	NA	142.081833	NA	NA	NA
2067884	-112.275	56.575	NA	NA	142.086402	NA	NA	NA
2067885	-112.225	56.575	NA	NA	142.096259	NA	NA	NA
2067886	-112.175	56.575	NA	NA	131.643099	NA	NA	NA
2067887	-112.125	56.575	NA	NA	142.08283	NA	NA	NA
2067888	-112.075	56.575	NA	NA	142.085104	NA	NA	NA
2067889	-112.025	56.575	NA	NA	142.078624	NA	NA	NA
2067890	-111.975	56.575	NA	NA	142.080556	NA	NA	NA
2071622	74.625	56.575	NA	NA	133.323914	NA	NA	NA
2071623	74.675	56.575	NA	NA	133.272986	NA	NA	NA
2071813	84.175	56.575	123.953755	122.550658	144.959321	21.005566	22.408663	NA
2071814	84.225	56.575	123.965271	122.609615	122.375499	-1.589772	-0.234116	NA
2071825	84.775	56.575	124.022223	122.553371	131.742779	7.720556	9.189408	NA
2071826	84.825	56.575	124.239466	122.696567	131.719754	7.480288	9.023187	NA
2071827	84.875	56.575	NA	NA	131.713657	NA	NA	NA
2071828	84.925	56.575	123.185342	122.357892	131.703388	8.518046	9.345496	NA
2071938	90.425	56.575	NA	NA	139.067963	NA	NA	NA
2071939	90.475	56.575	NA	NA	139.099419	NA	NA	NA
2072005	93.775	56.575	126.557599	124.602779	128.001828	1.444229	3.399048	NA
2074308	-117.075	56.525	122.494541	128.240268	132.741679	10.247138	4.501411	NA
2074397	-112.625	56.525	NA	NA	142.063009	NA	NA	NA
2074398	-112.575	56.525	NA	NA	142.068062	NA	NA	NA
2074399	-112.525	56.525	NA	NA	142.070408	NA	NA	NA
2074400	-112.475	56.525	NA	NA	142.071988	NA	NA	NA
2074401	-112.425	56.525	NA	NA	142.074625	NA	NA	NA
2074402	-112.375	56.525	NA	NA	142.082253	NA	NA	NA
2074405	-112.225	56.525	NA	NA	131.893676	NA	NA	NA
2074406	-112.175	56.525	NA	NA	142.08106	NA	NA	NA
2078142	74.625	56.525	NA	NA	133.263664	NA	NA	NA
2078143	74.675	56.525	NA	NA	133.244003	NA	NA	NA
2078144	74.725	56.525	NA	NA	133.237135	NA	NA	NA
2078331	84.075	56.525	124.116743	122.69888	144.945674	20.828931	22.246794	NA
2078332	84.125	56.525	123.720948	122.660543	144.947246	21.226297	22.286703	NA
2078333	84.175	56.525	123.327085	122.411474	144.947539	21.620454	22.536065	NA
2078348	84.925	56.525	123.111178	122.302386	131.706482	8.595304	9.404096	NA
2078459	90.475	56.525	NA	NA	139.112711	NA	NA	NA
2078524	93.725	56.525	124.406133	124.476586	125.201319	0.795186	0.724733	NA
2078525	93.775	56.525	124.781036	124.542915	128.009344	3.228308	3.466429	NA
2080827	-117.125	56.475	NA	NA	132.736387	NA	NA	NA
2080828	-117.075	56.475	NA	NA	123.41519	NA	NA	NA
2080916	-112.675	56.475	NA	NA	142.085388	NA	NA	NA
2080917	-112.625	56.475	NA	NA	142.090841	NA	NA	NA
2084663	74.675	56.475	NA	NA	133.216336	NA	NA	NA
2084664	74.725	56.475	NA	NA	134.29362	NA	NA	NA
2084851	84.075	56.475	124.023406	122.63973	144.945943	20.922538	22.306213	NA
2084868	84.925	56.475	123.404229	122.468375	131.694812	8.290584	9.226437	NA
2084978	90.425	56.475	NA	NA	133.683225	NA	NA	NA
2084979	90.475	56.475	NA	NA	139.09236	NA	NA	NA
2085043	93.675	56.475	125.183341	124.288852	125.207356	0.024016	0.918505	NA
2085044	93.725	56.475	124.507927	124.457963	125.204166	0.696239	0.746203	NA
2087200	-124.475	56.425	124.602531	135.685976	153.731499	29.128968	18.045523	NA
2087201	-124.425	56.425	124.558811	135.351146	153.775971	29.21716	18.424826	NA
2087346	-117.175	56.425	122.22648	128.701935	132.74135	10.51487	4.039416	NA
2087347	-117.125	56.425	121.946975	128.504851	132.744087	10.797112	4.239236	NA
2087435	-112.725	56.425	NA	NA	142.084329	NA	NA	NA
2087436	-112.675	56.425	NA	NA	142.090596	NA	NA	NA
2091183	74.675	56.425	NA	NA	133.170648	NA	NA	NA
2091184	74.725	56.425	NA	NA	133.147395	NA	NA	NA
2091185	74.775	56.425	NA	NA	133.138267	NA	NA	NA
2091371	84.075	56.425	124.079381	122.613582	144.939961	20.86058	22.326379	NA
2091388	84.925	56.425	NA	NA	124.056588	NA	NA	NA
2091389	84.975	56.425	124.237874	122.715165	131.696539	7.458665	8.981374	NA
2091498	90.425	56.425	NA	NA	133.525202	NA	NA	NA
2091499	90.475	56.425	NA	NA	139.079132	NA	NA	NA
2091563	93.675	56.425	124.7153	124.273348	125.215559	0.500259	0.942211	NA
2093721	-124.425	56.375	124.517895	134.921612	153.802017	29.284122	18.880405	NA
2093866	-117.175	56.375	122.067059	128.854577	132.744131	10.677072	3.889554	NA
2093956	-112.675	56.375	NA	NA	142.086175	NA	NA	NA
2093957	-112.625	56.375	NA	NA	131.91703	NA	NA	NA
2097704	74.725	56.375	NA	NA	133.077934	NA	NA	NA
2097705	74.775	56.375	NA	NA	133.120142	NA	NA	NA
2097706	74.825	56.375	NA	NA	133.318754	NA	NA	NA
2097891	84.075	56.375	123.950449	122.562989	144.929766	20.979317	22.366777	NA
2097907	84.875	56.375	NA	NA	122.546584	NA	NA	NA
2097908	84.925	56.375	NA	NA	131.680556	NA	NA	NA
2097909	84.975	56.375	NA	NA	131.702028	NA	NA	NA
2098018	90.425	56.375	NA	NA	139.148839	NA	NA	NA
2098019	90.475	56.375	NA	NA	139.136844	NA	NA	NA
2098081	93.575	56.375	123.462319	124.094673	125.219604	1.757285	1.12493	NA
2098082	93.625	56.375	123.472619	124.283039	125.217569	1.74495	0.93453	NA
2098083	93.675	56.375	123.553702	123.616127	109.956797	-13.596905	-13.65933	NA
2100241	-124.425	56.325	NA	NA	153.823402	NA	NA	NA
2100242	-124.375	56.325	124.364851	135.097672	153.829294	29.464443	18.731622	NA
2100345	-119.225	56.325	NA	NA	121.975291	NA	NA	NA
2100346	-119.175	56.325	NA	NA	129.395423	NA	NA	NA
2100347	-119.125	56.325	NA	NA	129.397455	NA	NA	NA
2100384	-117.275	56.325	122.245557	131.396016	132.751655	10.506099	1.355639	NA
2100385	-117.225	56.325	NA	NA	132.751795	NA	NA	NA
2100386	-117.175	56.325	NA	NA	123.729956	NA	NA	NA
2100477	-112.625	56.325	NA	NA	142.080342	NA	NA	NA
2100478	-112.575	56.325	NA	NA	142.09522	NA	NA	NA
2104224	74.725	56.325	NA	NA	133.056249	NA	NA	NA
2104225	74.775	56.325	NA	NA	133.016599	NA	NA	NA
2104410	84.025	56.325	123.986938	122.65393	144.918881	20.931943	22.264951	NA
2104411	84.075	56.325	124.116431	122.717106	144.92376	20.807329	22.206653	NA
2104427	84.875	56.325	NA	NA	122.809389	NA	NA	NA
2104428	84.925	56.325	124.429162	122.88182	131.720117	7.290955	8.838297	NA
2104429	84.975	56.325	NA	NA	121.245203	NA	NA	NA
2104539	90.475	56.325	NA	NA	139.199723	NA	NA	NA
2104599	93.475	56.325	123.881318	124.549166	125.227594	1.346276	0.678428	NA
2104600	93.525	56.325	NA	NA	125.225188	NA	NA	NA
2104601	93.575	56.325	123.215683	124.33855	125.221929	2.006246	0.883379	NA
2106762	-124.375	56.275	NA	NA	153.831898	NA	NA	NA
2106763	-124.325	56.275	124.48768	134.639803	153.883937	29.396257	19.244133	NA
2106764	-124.275	56.275	124.522521	134.516157	114.219694	-10.302827	-20.296463	NA
2106824	-121.275	56.275	NA	NA	122.382785	NA	NA	NA
2106825	-121.225	56.275	NA	NA	123.958659	NA	NA	NA
2106826	-121.175	56.275	NA	NA	123.957981	NA	NA	NA
2106863	-119.325	56.275	NA	NA	129.409221	NA	NA	NA
2106864	-119.275	56.275	NA	NA	129.395465	NA	NA	NA
2106865	-119.225	56.275	NA	NA	129.393852	NA	NA	NA
2106867	-119.125	56.275	NA	NA	129.398686	NA	NA	NA
2106868	-119.075	56.275	NA	NA	129.399559	NA	NA	NA
2106869	-119.025	56.275	NA	NA	129.396832	NA	NA	NA
2106870	-118.975	56.275	122.456581	126.581227	129.402398	6.945817	2.821171	NA
2106903	-117.325	56.275	NA	NA	132.750452	NA	NA	NA
2106904	-117.275	56.275	122.781273	129.696907	132.752005	9.970732	3.055097	NA
2106998	-112.575	56.275	NA	NA	142.093513	NA	NA	NA
2106999	-112.525	56.275	NA	NA	132.525397	NA	NA	NA
2110744	74.725	56.275	NA	NA	132.960122	NA	NA	NA
2110745	74.775	56.275	NA	NA	132.983766	NA	NA	NA
2110929	83.975	56.275	123.754338	122.609099	144.91601	21.161672	22.306911	NA
2110930	84.025	56.275	123.783544	122.605689	116.404714	-7.37883	-6.200976	NA
2110948	84.925	56.275	124.049524	122.740746	131.694721	7.645197	8.953976	NA
2110949	84.975	56.275	NA	NA	122.231658	NA	NA	NA
2111053	90.175	56.275	NA	NA	139.188058	NA	NA	NA
2111055	90.275	56.275	NA	NA	139.226769	NA	NA	NA
2111056	90.325	56.275	NA	NA	139.21971	NA	NA	NA
2111057	90.375	56.275	123.103768	122.172447	139.24466	16.140891	17.072213	NA
2111058	90.425	56.275	123.081749	122.200193	139.250849	16.169101	17.050656	NA
2111059	90.475	56.275	NA	NA	139.216935	NA	NA	NA
2111118	93.425	56.275	126.31866	123.974459	125.229558	-1.089102	1.255099	NA
2111119	93.475	56.275	NA	NA	113.91311	NA	NA	NA
2113284	-124.275	56.225	124.456329	134.45246	153.86272	29.406391	19.41026	NA
2113285	-124.225	56.225	124.404559	134.808858	153.87876	29.474201	19.069902	NA
2113340	-121.475	56.225	NA	NA	123.968095	NA	NA	NA
2113341	-121.425	56.225	NA	NA	123.967204	NA	NA	NA
2113342	-121.375	56.225	NA	NA	123.966477	NA	NA	NA
2113343	-121.325	56.225	NA	NA	123.965129	NA	NA	NA
2113344	-121.275	56.225	NA	NA	123.964232	NA	NA	NA
2113346	-121.175	56.225	NA	NA	121.324955	NA	NA	NA
2113347	-121.125	56.225	NA	NA	123.957078	NA	NA	NA
2113348	-121.075	56.225	NA	NA	123.955917	NA	NA	NA
2113349	-121.025	56.225	NA	NA	123.955196	NA	NA	NA
2113350	-120.975	56.225	NA	NA	123.953762	NA	NA	NA
2113351	-120.925	56.225	NA	NA	124.044535	NA	NA	NA
2113378	-119.575	56.225	NA	NA	122.084059	NA	NA	NA
2113379	-119.525	56.225	NA	NA	129.409254	NA	NA	NA
2113380	-119.475	56.225	NA	NA	129.406394	NA	NA	NA
2113381	-119.425	56.225	NA	NA	129.406142	NA	NA	NA
2113382	-119.375	56.225	NA	NA	129.411092	NA	NA	NA
2113383	-119.325	56.225	NA	NA	121.798671	NA	NA	NA
2113390	-118.975	56.225	121.916705	127.185363	129.380157	7.463451	2.194793	NA
2113423	-117.325	56.225	122.824749	130.83508	124.315437	1.490689	-6.519643	NA
2113424	-117.275	56.225	122.824772	130.827474	132.753016	9.928244	1.925543	NA
2113519	-112.525	56.225	NA	NA	142.091193	NA	NA	NA
2117263	74.675	56.225	NA	NA	132.939692	NA	NA	NA
2117264	74.725	56.225	NA	NA	132.908904	NA	NA	NA
2117449	83.975	56.225	124.050301	122.6902	122.866491	-1.18381	0.176291	NA
2117450	84.025	56.225	124.048186	122.68898	144.910638	20.862452	22.221658	NA
2117467	84.875	56.225	123.897515	122.755627	131.647766	7.750252	8.892139	NA
2117468	84.925	56.225	124.358592	122.828587	131.681735	7.323143	8.853148	NA
2117570	90.025	56.225	NA	NA	132.285359	NA	NA	NA
2117571	90.075	56.225	NA	NA	139.157255	NA	NA	NA
2117572	90.125	56.225	NA	NA	139.173343	NA	NA	NA
2117573	90.175	56.225	NA	NA	131.482515	NA	NA	NA
2117574	90.225	56.225	NA	NA	139.220002	NA	NA	NA
2117575	90.275	56.225	NA	NA	130.879609	NA	NA	NA
2117638	93.425	56.225	125.859357	123.620568	125.238195	-0.621163	1.617626	NA
2119805	-124.225	56.175	124.384946	134.762889	153.901818	29.516872	19.138929	NA
2119806	-124.175	56.175	124.498244	133.965629	153.973722	29.475479	20.008094	NA
2119857	-121.625	56.175	NA	NA	121.406452	NA	NA	NA
2119858	-121.575	56.175	NA	NA	122.861743	NA	NA	NA
2119859	-121.525	56.175	NA	NA	122.860418	NA	NA	NA
2119860	-121.475	56.175	NA	NA	122.859285	NA	NA	NA
2119871	-120.925	56.175	NA	NA	124.044099	NA	NA	NA
2119872	-120.875	56.175	NA	NA	124.043254	NA	NA	NA
2119873	-120.825	56.175	NA	NA	124.042344	NA	NA	NA
2119874	-120.775	56.175	NA	NA	124.041115	NA	NA	NA
2119875	-120.725	56.175	NA	NA	124.041193	NA	NA	NA
2119893	-119.825	56.175	NA	NA	129.583395	NA	NA	NA
2119894	-119.775	56.175	NA	NA	129.584403	NA	NA	NA
2119895	-119.725	56.175	NA	NA	129.425152	NA	NA	NA
2119896	-119.675	56.175	NA	NA	129.407862	NA	NA	NA
2119897	-119.625	56.175	NA	NA	129.409381	NA	NA	NA
2119898	-119.575	56.175	NA	NA	129.414097	NA	NA	NA
2119910	-118.975	56.175	NA	NA	129.382268	NA	NA	NA
2119911	-118.925	56.175	NA	NA	129.395912	NA	NA	NA
2119941	-117.425	56.175	NA	NA	129.146811	NA	NA	NA
2119942	-117.375	56.175	122.395463	130.828101	129.147997	6.752534	-1.680103	NA
2119943	-117.325	56.175	NA	NA	132.846546	NA	NA	NA
2120038	-112.575	56.175	NA	NA	132.131992	NA	NA	NA
2120039	-112.525	56.175	NA	NA	142.079312	NA	NA	NA
2123784	74.725	56.175	NA	NA	132.896456	NA	NA	NA
2123969	83.975	56.175	123.89031	122.71155	144.903245	21.012935	22.191695	NA
2123970	84.025	56.175	124.124539	122.785175	116.594506	-7.530033	-6.190669	NA
2123987	84.875	56.175	123.93539	122.73654	131.621948	7.686558	8.885409	NA
2123988	84.925	56.175	123.837032	122.683361	131.626905	7.789873	8.943544	NA
2124080	89.525	56.175	NA	NA	131.248827	NA	NA	NA
2124081	89.575	56.175	NA	NA	139.051905	NA	NA	NA
2124082	89.625	56.175	NA	NA	139.084283	NA	NA	NA
2124085	89.775	56.175	NA	NA	133.512253	NA	NA	NA
2124086	89.825	56.175	NA	NA	139.123207	NA	NA	NA
2124087	89.875	56.175	NA	NA	139.128793	NA	NA	NA
2124088	89.925	56.175	NA	NA	139.134798	NA	NA	NA
2124089	89.975	56.175	NA	NA	139.146108	NA	NA	NA
2124090	90.025	56.175	NA	NA	139.159972	NA	NA	NA
2124152	93.125	56.175	NA	NA	106.058135	NA	NA	NA
2124153	93.175	56.175	124.557914	123.42583	125.261004	0.70309	1.835174	NA
2124154	93.225	56.175	NA	NA	104.589951	NA	NA	NA
2124156	93.325	56.175	NA	NA	125.24649	NA	NA	NA
2124157	93.375	56.175	125.421482	123.875191	125.244002	-0.17748	1.368811	NA
2124158	93.425	56.175	NA	NA	113.906365	NA	NA	NA
2126326	-124.175	56.125	124.49921	133.041907	106.914101	-17.585109	-26.127807	NA
2126327	-124.125	56.125	124.548475	132.970716	154.047666	29.499191	21.07695	NA
2126328	-124.075	56.125	124.534676	133.070577	112.917471	-11.617205	-20.153106	NA
2126373	-121.825	56.125	NA	NA	121.437424	NA	NA	NA
2126374	-121.775	56.125	NA	NA	122.868029	NA	NA	NA
2126375	-121.725	56.125	NA	NA	122.868348	NA	NA	NA
2126376	-121.675	56.125	NA	NA	122.866538	NA	NA	NA
2126377	-121.625	56.125	NA	NA	122.863961	NA	NA	NA
2126395	-120.725	56.125	NA	NA	129.982127	NA	NA	NA
2126396	-120.675	56.125	NA	NA	129.977511	NA	NA	NA
2126397	-120.625	56.125	NA	NA	129.977938	NA	NA	NA
2126398	-120.575	56.125	NA	NA	129.976032	NA	NA	NA
2126399	-120.525	56.125	NA	NA	129.976799	NA	NA	NA
2126400	-120.475	56.125	NA	NA	129.967194	NA	NA	NA
2126401	-120.425	56.125	NA	NA	129.969272	NA	NA	NA
2126402	-120.375	56.125	NA	NA	131.624312	NA	NA	NA
2126403	-120.325	56.125	NA	NA	130.084257	NA	NA	NA
2126404	-120.275	56.125	NA	NA	130.083286	NA	NA	NA
2126405	-120.225	56.125	NA	NA	123.136733	NA	NA	NA
2126407	-120.125	56.125	NA	NA	123.304173	NA	NA	NA
2126408	-120.075	56.125	NA	NA	129.825444	NA	NA	NA
2126409	-120.025	56.125	NA	NA	129.827064	NA	NA	NA
2126410	-119.975	56.125	NA	NA	129.819812	NA	NA	NA
2126411	-119.925	56.125	NA	NA	129.587406	NA	NA	NA
2126412	-119.875	56.125	NA	NA	129.589767	NA	NA	NA
2126413	-119.825	56.125	NA	NA	121.605726	NA	NA	NA
2126431	-118.925	56.125	NA	NA	129.398836	NA	NA	NA
2126432	-118.875	56.125	NA	NA	129.403228	NA	NA	NA
2126459	-117.525	56.125	NA	NA	129.153245	NA	NA	NA
2126460	-117.475	56.125	NA	NA	129.154494	NA	NA	NA
2126461	-117.425	56.125	NA	NA	142.60874	NA	NA	NA
2126558	-112.575	56.125	NA	NA	142.183855	NA	NA	NA
2130302	74.625	56.125	NA	NA	129.504697	NA	NA	NA
2130303	74.675	56.125	NA	NA	128.951905	NA	NA	NA
2130304	74.725	56.125	NA	NA	128.451155	NA	NA	NA
2130305	74.775	56.125	NA	NA	132.859471	NA	NA	NA
2130488	83.925	56.125	124.251082	122.751002	144.893647	20.642565	22.142646	NA
2130489	83.975	56.125	124.090907	122.735061	144.898036	20.80713	22.162975	NA
2130508	84.925	56.125	124.520774	122.733812	120.233255	-4.287518	-2.500557	NA
2130509	84.975	56.125	124.348671	122.77165	131.594123	7.245452	8.822473	NA
2130599	89.475	56.125	NA	NA	139.028466	NA	NA	NA
2130600	89.525	56.125	NA	NA	139.046011	NA	NA	NA
2130601	89.575	56.125	NA	NA	139.073058	NA	NA	NA
2130602	89.625	56.125	NA	NA	139.085623	NA	NA	NA
2130603	89.675	56.125	NA	NA	139.088432	NA	NA	NA
2130604	89.725	56.125	NA	NA	139.107824	NA	NA	NA
2130605	89.775	56.125	NA	NA	139.118062	NA	NA	NA
2130609	89.975	56.125	NA	NA	140.314387	NA	NA	NA
2130610	90.025	56.125	NA	NA	140.307329	NA	NA	NA
2130672	93.125	56.125	124.295597	123.137387	125.262571	0.966974	2.125184	NA
2130673	93.175	56.125	125.401044	123.379359	125.266427	-0.134617	1.887067	NA
2130674	93.225	56.125	124.557672	123.700965	125.259603	0.701931	1.558638	NA
2130675	93.275	56.125	122.451402	123.940723	125.249547	2.798145	1.308824	NA
2130676	93.325	56.125	NA	NA	116.837873	NA	NA	NA
2132848	-124.075	56.075	124.548152	133.146896	153.525519	28.977366	20.378623	NA
2132849	-124.025	56.075	124.533944	133.50422	153.532019	28.998075	20.027798	NA
2132892	-121.875	56.075	NA	NA	122.084176	NA	NA	NA
2132893	-121.825	56.075	121.80371	127.057426	122.870509	1.066799	-4.186917	NA
2132922	-120.375	56.075	NA	NA	130.083458	NA	NA	NA
2132923	-120.325	56.075	NA	NA	123.114856	NA	NA	NA
2132924	-120.275	56.075	NA	NA	123.299722	NA	NA	NA
2132925	-120.225	56.075	NA	NA	130.083753	NA	NA	NA
2132926	-120.175	56.075	NA	NA	129.869632	NA	NA	NA
2132927	-120.125	56.075	NA	NA	129.869805	NA	NA	NA
2132951	-118.925	56.075	NA	NA	129.401813	NA	NA	NA
2132952	-118.875	56.075	NA	NA	122.391203	NA	NA	NA
2132976	-117.675	56.075	123.014378	129.167851	123.910897	0.896519	-5.256954	NA
2132977	-117.625	56.075	122.186669	130.883183	129.152478	6.965809	-1.730706	NA
2132978	-117.575	56.075	NA	NA	129.155749	NA	NA	NA
2132979	-117.525	56.075	NA	NA	123.630905	NA	NA	NA
2133077	-112.625	56.075	NA	NA	142.18532	NA	NA	NA
2133078	-112.575	56.075	NA	NA	142.187973	NA	NA	NA
2136824	74.725	56.075	123.87524	122.590163	132.067055	8.191815	9.476892	NA
2136825	74.775	56.075	NA	NA	132.84291	NA	NA	NA
2137007	83.875	56.075	124.346	122.780382	144.897143	20.551143	22.11676	NA
2137008	83.925	56.075	124.29076	122.756372	116.63934	-7.651419	-6.117032	NA
2137027	84.875	56.075	124.462118	122.832557	120.409439	-4.05268	-2.423118	NA
2137028	84.925	56.075	124.359204	122.804754	131.584702	7.225499	8.779949	NA
2137029	84.975	56.075	NA	NA	131.559718	NA	NA	NA
2137115	89.275	56.075	NA	NA	139.052531	NA	NA	NA
2137116	89.325	56.075	NA	NA	139.004397	NA	NA	NA
2137117	89.375	56.075	NA	NA	139.010736	NA	NA	NA
2137118	89.425	56.075	NA	NA	139.014162	NA	NA	NA
2137119	89.475	56.075	NA	NA	139.024285	NA	NA	NA
2137124	89.725	56.075	NA	NA	140.310989	NA	NA	NA
2137125	89.775	56.075	NA	NA	140.298991	NA	NA	NA
2137126	89.825	56.075	NA	NA	140.336119	NA	NA	NA
2137127	89.875	56.075	NA	NA	140.331112	NA	NA	NA
2137128	89.925	56.075	NA	NA	140.321272	NA	NA	NA
2137129	89.975	56.075	NA	NA	132.535939	NA	NA	NA
2137130	90.025	56.075	NA	NA	140.300759	NA	NA	NA
2137131	90.075	56.075	NA	NA	140.301577	NA	NA	NA
2137132	90.125	56.075	NA	NA	140.341043	NA	NA	NA
2137133	90.175	56.075	NA	NA	140.35061	NA	NA	NA
2137134	90.225	56.075	NA	NA	140.354905	NA	NA	NA
2137135	90.275	56.075	123.434435	122.415259	140.335935	16.9015	17.920676	NA
2137136	90.325	56.075	123.2887	122.353117	140.339206	17.050506	17.986089	NA
2137137	90.375	56.075	NA	NA	140.333144	NA	NA	NA
2137190	93.025	56.075	122.924559	123.036528	125.281482	2.356923	2.244954	NA
2137191	93.075	56.075	123.303063	123.039228	125.279375	1.976312	2.240147	NA
2137192	93.125	56.075	125.1458	123.437089	125.27052	0.12472	1.833431	NA
2137193	93.175	56.075	123.979266	123.103598	125.268036	1.28877	2.164438	NA
2139369	-124.025	56.025	124.656423	133.969765	153.567196	28.910773	19.59743	NA
2139370	-123.975	56.025	124.533894	132.565641	153.641831	29.107937	21.07619	NA
2139371	-123.925	56.025	NA	NA	112.064842	NA	NA	NA
2139471	-118.925	56.025	NA	NA	129.401921	NA	NA	NA
2139472	-118.875	56.025	NA	NA	129.355202	NA	NA	NA
2139473	-118.825	56.025	122.511123	129.593131	129.360018	6.848894	-0.233114	NA
2139494	-117.775	56.025	NA	NA	129.150385	NA	NA	NA
2139495	-117.725	56.025	NA	NA	129.152994	NA	NA	NA
2139496	-117.675	56.025	121.865168	127.844389	129.154823	7.289655	1.310434	NA
2139597	-112.625	56.025	NA	NA	142.186635	NA	NA	NA
2143344	74.725	56.025	123.841647	122.680227	132.826013	8.984366	10.145786	NA
2143527	83.875	56.025	124.200002	122.71246	144.883644	20.683642	22.171184	NA
2143547	84.875	56.025	124.173359	122.776187	131.573099	7.39974	8.796913	NA
2143548	84.925	56.025	124.420585	122.875335	131.558354	7.137768	8.683018	NA
2143634	89.225	56.025	NA	NA	139.101801	NA	NA	NA
2143635	89.275	56.025	NA	NA	139.114303	NA	NA	NA
2143637	89.375	56.025	NA	NA	139.007907	NA	NA	NA
2143640	89.525	56.025	NA	NA	133.912389	NA	NA	NA
2143641	89.575	56.025	NA	NA	140.311993	NA	NA	NA
2143642	89.625	56.025	NA	NA	140.301739	NA	NA	NA
2143643	89.675	56.025	NA	NA	140.298278	NA	NA	NA
2143644	89.725	56.025	NA	NA	132.369637	NA	NA	NA
2143654	90.225	56.025	NA	NA	140.350112	NA	NA	NA
2143655	90.275	56.025	NA	NA	140.343825	NA	NA	NA
2143657	90.375	56.025	NA	NA	123.982957	NA	NA	NA
2143658	90.425	56.025	NA	NA	140.34964	NA	NA	NA
2143659	90.475	56.025	NA	NA	140.400264	NA	NA	NA
2143660	90.525	56.025	NA	NA	140.413228	NA	NA	NA
2143661	90.575	56.025	NA	NA	140.411342	NA	NA	NA
2143662	90.625	56.025	NA	NA	140.401588	NA	NA	NA
2143663	90.675	56.025	NA	NA	140.398348	NA	NA	NA
2143664	90.725	56.025	NA	NA	141.929112	NA	NA	NA
2143665	90.775	56.025	NA	NA	141.940511	NA	NA	NA
2143666	90.825	56.025	NA	NA	141.959596	NA	NA	NA
2143667	90.875	56.025	NA	NA	141.942264	NA	NA	NA
2143668	90.925	56.025	NA	NA	141.956003	NA	NA	NA
2143669	90.975	56.025	NA	NA	141.99842	NA	NA	NA
2143670	91.025	56.025	NA	NA	131.678016	NA	NA	NA
2143707	92.875	56.025	122.544327	123.0187	125.295101	2.750774	2.276401	NA
2143708	92.925	56.025	122.486436	122.826308	125.289518	2.803082	2.463211	NA
2143709	92.975	56.025	NA	NA	125.285968	NA	NA	NA
2143710	93.025	56.025	NA	NA	117.237178	NA	NA	NA
2145993	-118.825	55.975	122.458699	128.285389	129.365753	6.907054	1.080364	NA
2145994	-118.775	55.975	NA	NA	122.40379	NA	NA	NA
2146012	-117.875	55.975	NA	NA	129.149998	NA	NA	NA
2146013	-117.825	55.975	NA	NA	129.147414	NA	NA	NA
2146014	-117.775	55.975	NA	NA	129.149941	NA	NA	NA
2146116	-112.675	55.975	NA	NA	142.175728	NA	NA	NA
2146117	-112.625	55.975	NA	NA	142.180386	NA	NA	NA
2149863	74.675	55.975	NA	NA	132.793285	NA	NA	NA
2149864	74.725	55.975	NA	NA	133.272582	NA	NA	NA
2150046	83.825	55.975	124.272052	122.738705	144.874289	20.602237	22.135584	NA
2150047	83.875	55.975	124.272104	122.738584	144.885921	20.613817	22.147337	NA
2150068	84.925	55.975	124.52297	122.732343	131.524653	7.001684	8.79231	NA
2150069	84.975	55.975	124.384999	122.626703	131.615235	7.230236	8.988532	NA
2150154	89.225	55.975	NA	NA	131.291452	NA	NA	NA
2150155	89.275	55.975	NA	NA	139.138634	NA	NA	NA
2150157	89.375	55.975	NA	NA	140.122177	NA	NA	NA
2150158	89.425	55.975	NA	NA	140.317532	NA	NA	NA
2150159	89.475	55.975	NA	NA	140.313801	NA	NA	NA
2150160	89.525	55.975	NA	NA	140.311271	NA	NA	NA
2150190	91.025	55.975	NA	NA	142.007012	NA	NA	NA
2150191	91.075	55.975	NA	NA	142.230876	NA	NA	NA
2150216	92.325	55.975	123.494138	124.005268	124.936421	1.442283	0.931154	NA
2150217	92.375	55.975	123.142711	124.044759	124.934713	1.792002	0.889955	NA
2150218	92.425	55.975	123.074503	124.076309	124.933211	1.858707	0.856902	NA
2150219	92.475	55.975	123.209853	123.996175	125.323613	2.113759	1.327438	NA
2150220	92.525	55.975	122.778411	124.029457	125.322457	2.544046	1.293	NA
2150221	92.575	55.975	122.515417	123.875843	125.319978	2.804561	1.444135	NA
2150222	92.625	55.975	121.888682	123.827453	125.318744	3.430062	1.491291	NA
2150223	92.675	55.975	122.681249	123.563021	125.3171	2.635851	1.754079	NA
2150224	92.725	55.975	122.131217	123.3381	125.31539	3.184174	1.97729	NA
2150225	92.775	55.975	122.426558	123.011997	125.312248	2.885689	2.30025	NA
2150226	92.825	55.975	122.566496	122.802229	125.309368	2.742872	2.507139	NA
2150227	92.875	55.975	122.454222	123.004875	118.515926	-3.938296	-4.48895	NA
2152514	-118.775	55.925	NA	NA	129.365987	NA	NA	NA
2152515	-118.725	55.925	NA	NA	129.366481	NA	NA	NA
2152516	-118.675	55.925	NA	NA	129.332327	NA	NA	NA
2152517	-118.625	55.925	NA	NA	129.243856	NA	NA	NA
2152518	-118.575	55.925	NA	NA	129.24341	NA	NA	NA
2152519	-118.525	55.925	NA	NA	129.241705	NA	NA	NA
2152520	-118.475	55.925	NA	NA	129.2428	NA	NA	NA
2152521	-118.425	55.925	NA	NA	129.242718	NA	NA	NA
2152522	-118.375	55.925	NA	NA	129.241966	NA	NA	NA
2152523	-118.325	55.925	NA	NA	129.24184	NA	NA	NA
2152524	-118.275	55.925	NA	NA	129.242889	NA	NA	NA
2152525	-118.225	55.925	NA	NA	129.240319	NA	NA	NA
2152526	-118.175	55.925	NA	NA	129.22516	NA	NA	NA
2152527	-118.125	55.925	NA	NA	129.154521	NA	NA	NA
2152528	-118.075	55.925	NA	NA	129.154948	NA	NA	NA
2152529	-118.025	55.925	122.324945	131.055162	129.155536	6.830591	-1.899626	NA
2152530	-117.975	55.925	122.726523	131.189704	129.156427	6.429904	-2.033278	NA
2152531	-117.925	55.925	NA	NA	129.155298	NA	NA	NA
2152532	-117.875	55.925	NA	NA	129.156534	NA	NA	NA
2152636	-112.675	55.925	NA	NA	142.171991	NA	NA	NA
2152637	-112.625	55.925	NA	NA	142.177503	NA	NA	NA
2156382	74.625	55.925	NA	NA	132.772484	NA	NA	NA
2156383	74.675	55.925	NA	NA	130.865103	NA	NA	NA
2156567	83.875	55.925	124.376399	122.720159	144.871328	20.494929	22.151169	NA
2156589	84.975	55.925	124.33335	122.579082	120.040948	-4.292402	-2.538134	NA
2156590	85.025	55.925	124.293797	122.512436	131.60844	7.314643	9.096005	NA
2156675	89.275	55.925	NA	NA	139.146017	NA	NA	NA
2156676	89.325	55.925	NA	NA	140.131493	NA	NA	NA
2156677	89.375	55.925	NA	NA	140.126457	NA	NA	NA
2156710	91.025	55.925	NA	NA	142.265339	NA	NA	NA
2156711	91.075	55.925	NA	NA	142.280419	NA	NA	NA
2156735	92.275	55.925	129.658066	124.43451	124.938191	-4.719875	0.503681	NA
2156736	92.325	55.925	124.022882	124.04019	119.871629	-4.151253	-4.168561	NA
2159156	-112.675	55.875	NA	NA	142.179969	NA	NA	NA
2159157	-112.625	55.875	NA	NA	142.175148	NA	NA	NA
2162900	74.525	55.875	NA	NA	132.71143	NA	NA	NA
2162901	74.575	55.875	NA	NA	132.730646	NA	NA	NA
2162902	74.625	55.875	NA	NA	132.527	NA	NA	NA
2163086	83.825	55.875	123.910082	122.620122	113.539579	-10.370504	-9.080543	NA
2163087	83.875	55.875	124.068945	122.669108	144.856372	20.787427	22.187264	NA
2163109	84.975	55.875	124.39223	122.750647	131.520389	7.128159	8.769742	NA
2163110	85.025	55.875	124.486802	122.775242	131.559341	7.072539	8.784099	NA
2163230	91.025	55.875	NA	NA	142.283492	NA	NA	NA
2163231	91.075	55.875	NA	NA	142.256963	NA	NA	NA
2163254	92.225	55.875	128.649318	124.25175	137.817241	9.167923	13.56549	NA
2163255	92.275	55.875	129.806826	124.262102	137.822597	8.015771	13.560495	NA
2165677	-112.625	55.825	NA	NA	142.174819	NA	NA	NA
2169418	74.425	55.825	123.924764	122.527942	133.270543	9.345778	10.742601	NA
2169419	74.475	55.825	NA	NA	132.693909	NA	NA	NA
2169420	74.525	55.825	NA	NA	132.703914	NA	NA	NA
2169605	83.775	55.825	124.062479	122.404334	113.045473	-11.017006	-9.35886	NA
2169606	83.825	55.825	124.048641	122.566939	144.847796	20.799154	22.280856	NA
2169628	84.925	55.825	124.260706	122.75671	131.511284	7.250578	8.754574	NA
2169629	84.975	55.825	124.423576	122.76329	119.694161	-4.729415	-3.069129	NA
2169750	91.025	55.825	NA	NA	142.418948	NA	NA	NA
2169774	92.225	55.825	128.143138	124.247436	137.825483	9.682346	13.578048	NA
2169775	92.275	55.825	126.860338	124.325776	137.820616	10.960278	13.49484	NA
2172197	-112.625	55.775	NA	NA	142.209263	NA	NA	NA
2175938	74.425	55.775	124.112292	122.708332	132.687901	8.575609	9.979569	NA
2176124	83.725	55.775	123.972947	122.618383	144.833539	20.860592	22.215156	NA
2176125	83.775	55.775	123.835663	122.516054	144.839689	21.004026	22.323635	NA
2176148	84.925	55.775	123.791262	122.602637	131.469467	7.678205	8.86683	NA
2176269	90.975	55.775	NA	NA	132.924277	NA	NA	NA
2176270	91.025	55.775	NA	NA	142.395826	NA	NA	NA
2176295	92.275	55.775	126.086044	124.143475	137.81881	11.732766	13.675335	NA
2176296	92.325	55.775	128.621426	124.44508	137.813298	9.191872	13.368218	NA
2176297	92.375	55.775	130.425025	124.387359	137.809262	7.384236	13.421903	NA
2176298	92.425	55.775	130.886439	124.446945	137.809486	6.923047	13.362541	NA
2178716	-112.675	55.725	NA	NA	142.230607	NA	NA	NA
2178717	-112.625	55.725	NA	NA	142.23252	NA	NA	NA
2178718	-112.575	55.725	NA	NA	131.646411	NA	NA	NA
2182448	73.925	55.725	NA	NA	133.774383	NA	NA	NA
2182449	73.975	55.725	NA	NA	132.575723	NA	NA	NA
2182450	74.025	55.725	NA	NA	132.584361	NA	NA	NA
2182451	74.075	55.725	NA	NA	132.59369	NA	NA	NA
2182452	74.125	55.725	NA	NA	132.605323	NA	NA	NA
2182453	74.175	55.725	NA	NA	132.616655	NA	NA	NA
2182454	74.225	55.725	NA	NA	132.624606	NA	NA	NA
2182455	74.275	55.725	NA	NA	132.636263	NA	NA	NA
2182456	74.325	55.725	NA	NA	132.642221	NA	NA	NA
2182457	74.375	55.725	NA	NA	132.658569	NA	NA	NA
2182458	74.425	55.725	NA	NA	133.330899	NA	NA	NA
2182642	83.625	55.725	NA	NA	144.835021	NA	NA	NA
2182643	83.675	55.725	123.818188	122.501563	144.837198	21.019009	22.335635	NA
2182644	83.725	55.725	NA	NA	144.830029	NA	NA	NA
2182668	84.925	55.725	123.466422	122.481236	119.600183	-3.866238	-2.881053	NA
2182669	84.975	55.725	123.727444	122.45253	131.448773	7.72133	8.996244	NA
2182670	85.025	55.725	NA	NA	131.440302	NA	NA	NA
2182671	85.075	55.725	NA	NA	131.431313	NA	NA	NA
2182677	85.375	55.725	NA	NA	121.200359	NA	NA	NA
2182678	85.425	55.725	NA	NA	131.362864	NA	NA	NA
2182679	85.475	55.725	NA	NA	131.354204	NA	NA	NA
2182789	90.975	55.725	NA	NA	142.44381	NA	NA	NA
2182790	91.025	55.725	NA	NA	142.563517	NA	NA	NA
2182791	91.075	55.725	NA	NA	142.564276	NA	NA	NA
2182818	92.425	55.725	130.886439	124.446945	106.715415	-24.171024	-17.73153	NA
2182819	92.475	55.725	127.313099	124.059327	137.806852	10.493754	13.747525	NA
2185234	-112.775	55.675	NA	NA	142.221029	NA	NA	NA
2185235	-112.725	55.675	NA	NA	142.223823	NA	NA	NA
2185236	-112.675	55.675	NA	NA	142.229475	NA	NA	NA
2188967	73.875	55.675	NA	NA	132.549405	NA	NA	NA
2188968	73.925	55.675	NA	NA	132.563221	NA	NA	NA
2189162	83.625	55.675	124.137928	122.718549	144.82706	20.689132	22.10851	NA
2189191	85.075	55.675	NA	NA	120.019527	NA	NA	NA
2189192	85.125	55.675	NA	NA	131.429841	NA	NA	NA
2189193	85.175	55.675	NA	NA	131.402543	NA	NA	NA
2189194	85.225	55.675	NA	NA	131.389097	NA	NA	NA
2189195	85.275	55.675	NA	NA	131.376912	NA	NA	NA
2189196	85.325	55.675	NA	NA	131.374453	NA	NA	NA
2189197	85.375	55.675	NA	NA	131.373433	NA	NA	NA
2189199	85.475	55.675	NA	NA	121.036137	NA	NA	NA
2189200	85.525	55.675	124.073414	122.729362	131.338854	7.26544	8.609492	NA
2189201	85.575	55.675	NA	NA	131.307221	NA	NA	NA
2189202	85.625	55.675	NA	NA	131.293565	NA	NA	NA
2189310	91.025	55.675	NA	NA	142.579281	NA	NA	NA
2189311	91.075	55.675	NA	NA	142.565745	NA	NA	NA
2189339	92.475	55.675	128.742398	124.113529	137.802861	9.060463	13.689332	NA
2191754	-112.775	55.625	NA	NA	142.228724	NA	NA	NA
2195482	73.625	55.625	NA	NA	132.506136	NA	NA	NA
2195483	73.675	55.625	NA	NA	132.514801	NA	NA	NA
2195484	73.725	55.625	NA	NA	132.522419	NA	NA	NA
2195485	73.775	55.625	NA	NA	132.530191	NA	NA	NA
2195486	73.825	55.625	NA	NA	132.543882	NA	NA	NA
2195487	73.875	55.625	NA	NA	132.160823	NA	NA	NA
2195682	83.625	55.625	123.936595	122.560444	144.813494	20.876899	22.25305	NA
2195683	83.675	55.625	123.98149	122.613391	144.819235	20.837744	22.205843	NA
2195722	85.625	55.625	NA	NA	120.860319	NA	NA	NA
2195723	85.675	55.625	NA	NA	131.309658	NA	NA	NA
2195724	85.725	55.625	NA	NA	131.279071	NA	NA	NA
2195830	91.025	55.625	NA	NA	142.587089	NA	NA	NA
2195831	91.075	55.625	NA	NA	142.586721	NA	NA	NA
2195835	91.275	55.625	NA	NA	135.426125	NA	NA	NA
2195859	92.475	55.625	128.484059	124.115974	137.798415	9.314356	13.682441	NA
2198274	-112.775	55.575	NA	NA	142.222534	NA	NA	NA
2201999	73.475	55.575	NA	NA	132.415905	NA	NA	NA
2202000	73.525	55.575	NA	NA	132.421907	NA	NA	NA
2202001	73.575	55.575	NA	NA	132.437434	NA	NA	NA
2202002	73.625	55.575	NA	NA	131.964167	NA	NA	NA
2202200	83.525	55.575	123.638568	122.217613	144.804412	21.165844	22.586799	NA
2202201	83.575	55.575	123.556949	122.248636	144.812612	21.255663	22.563976	NA
2202202	83.625	55.575	NA	NA	115.463421	NA	NA	NA
2202244	85.725	55.575	NA	NA	119.809583	NA	NA	NA
2202245	85.775	55.575	NA	NA	131.377713	NA	NA	NA
2202246	85.825	55.575	NA	NA	131.362086	NA	NA	NA
2202351	91.075	55.575	NA	NA	133.45602	NA	NA	NA
2202352	91.125	55.575	NA	NA	132.241802	NA	NA	NA
2202353	91.175	55.575	NA	NA	142.660864	NA	NA	NA
2202354	91.225	55.575	NA	NA	142.678159	NA	NA	NA
2202355	91.275	55.575	NA	NA	142.781202	NA	NA	NA
2202356	91.325	55.575	NA	NA	142.799244	NA	NA	NA
2202357	91.375	55.575	NA	NA	142.802738	NA	NA	NA
2202358	91.425	55.575	NA	NA	142.880697	NA	NA	NA
2202359	91.475	55.575	NA	NA	132.687955	NA	NA	NA
2202378	92.425	55.575	130.317085	124.395428	137.787851	7.470766	13.392423	NA
2202379	92.475	55.575	NA	NA	137.79204	NA	NA	NA
2204794	-112.775	55.525	NA	NA	142.214098	NA	NA	NA
2208518	73.425	55.525	NA	NA	135.645536	NA	NA	NA
2208519	73.475	55.525	123.777686	122.410516	132.405806	8.62812	9.99529	NA
2208718	83.425	55.525	NA	NA	144.796925	NA	NA	NA
2208719	83.475	55.525	123.637458	122.355139	144.798443	21.160985	22.443304	NA
2208720	83.525	55.525	123.879095	122.285883	144.801757	20.922663	22.515874	NA
2208766	85.825	55.525	NA	NA	131.368951	NA	NA	NA
2208767	85.875	55.525	NA	NA	131.346669	NA	NA	NA
2208768	85.925	55.525	NA	NA	121.484528	NA	NA	NA
2208879	91.475	55.525	NA	NA	142.936818	NA	NA	NA
2208880	91.525	55.525	NA	NA	142.935997	NA	NA	NA
2208881	91.575	55.525	NA	NA	134.811209	NA	NA	NA
2208898	92.425	55.525	131.61564	124.445712	137.791279	6.175638	13.345567	NA
2211314	-112.775	55.475	NA	NA	142.203389	NA	NA	NA
2215036	73.325	55.475	NA	NA	132.36137	NA	NA	NA
2215037	73.375	55.475	NA	NA	132.369204	NA	NA	NA
2215038	73.425	55.475	NA	NA	132.374623	NA	NA	NA
2215039	73.475	55.475	NA	NA	132.390606	NA	NA	NA
2215234	83.225	55.475	123.824747	122.423316	113.464299	-10.360448	-8.959017	NA
2215235	83.275	55.475	123.641737	122.459261	144.787679	21.145942	22.328418	NA
2215236	83.325	55.475	123.87381	122.472377	144.790985	20.917174	22.318608	NA
2215237	83.375	55.475	123.940935	122.302993	111.290423	-12.650512	-11.01257	NA
2215238	83.425	55.475	124.014774	122.474021	115.767756	-8.247017	-6.706265	NA
2215288	85.925	55.475	NA	NA	131.371942	NA	NA	NA
2215401	91.575	55.475	NA	NA	143.126907	NA	NA	NA
2215402	91.625	55.475	NA	NA	143.11444	NA	NA	NA
2215417	92.375	55.475	131.04039	123.596509	137.787862	6.747472	14.191352	NA
2215418	92.425	55.475	NA	NA	112.415131	NA	NA	NA
2217834	-112.775	55.425	NA	NA	132.626218	NA	NA	NA
2217835	-112.725	55.425	NA	NA	142.205258	NA	NA	NA
2221554	73.225	55.425	NA	NA	130.010608	NA	NA	NA
2221555	73.275	55.425	NA	NA	132.331889	NA	NA	NA
2221556	73.325	55.425	NA	NA	132.34198	NA	NA	NA
2221746	82.825	55.425	123.980086	122.610681	144.769517	20.789431	22.158836	NA
2221747	82.875	55.425	123.814719	122.54157	144.769594	20.954876	22.228024	NA
2221748	82.925	55.425	123.806387	122.630822	144.769859	20.963472	22.139038	NA
2221749	82.975	55.425	123.967651	122.578725	113.299326	-10.668325	-9.279399	NA
2221750	83.025	55.425	124.142943	122.650455	144.776979	20.634036	22.126524	NA
2221751	83.075	55.425	123.791564	122.638656	144.779867	20.988304	22.141211	NA
2221752	83.125	55.425	123.611607	122.627746	144.784081	21.172474	22.156335	NA
2221753	83.175	55.425	123.65167	122.561294	144.786	21.13433	22.224706	NA
2221754	83.225	55.425	123.721813	122.37051	144.786264	21.064451	22.415754	NA
2221808	85.925	55.425	123.715377	122.474372	131.345256	7.629879	8.870884	NA
2221809	85.975	55.425	123.886188	122.543757	119.547464	-4.338724	-2.996292	NA
2221921	91.575	55.425	NA	NA	143.124151	NA	NA	NA
2221936	92.325	55.425	129.824953	121.995752	137.791914	7.966961	15.796162	NA
2221937	92.375	55.425	130.218832	122.243223	102.608935	-27.609897	-19.634288	NA
2224355	-112.725	55.375	NA	NA	142.199081	NA	NA	NA
2228073	73.175	55.375	NA	NA	132.304819	NA	NA	NA
2228074	73.225	55.375	123.744777	122.45607	132.326235	8.581458	9.870165	NA
2228266	82.825	55.375	123.6617	122.726083	144.823399	21.161699	22.097316	NA
2228329	85.975	55.375	122.929948	122.400295	131.328517	8.398569	8.928222	NA
2228330	86.025	55.375	NA	NA	131.287941	NA	NA	NA
2228331	86.075	55.375	NA	NA	131.272634	NA	NA	NA
2228332	86.125	55.375	123.151107	122.296805	131.322607	8.1715	9.025802	NA
2228333	86.175	55.375	NA	NA	131.311237	NA	NA	NA
2228334	86.225	55.375	123.79028	122.473301	131.306079	7.515799	8.832778	NA
2228441	91.575	55.375	NA	NA	143.214408	NA	NA	NA
2228442	91.625	55.375	NA	NA	143.130967	NA	NA	NA
2228455	92.275	55.375	129.629649	122.070545	104.171069	-25.45858	-17.899476	NA
2228456	92.325	55.375	130.081277	122.069323	137.782278	7.701001	15.712955	NA
2230875	-112.725	55.325	NA	NA	133.346017	NA	NA	NA
2230876	-112.675	55.325	NA	NA	142.186616	NA	NA	NA
2234590	73.025	55.325	123.628398	122.447661	132.270748	8.64235	9.823087	NA
2234591	73.075	55.325	123.683291	122.479177	132.27973	8.596439	9.800553	NA
2234592	73.125	55.325	NA	NA	132.287514	NA	NA	NA
2234593	73.175	55.325	NA	NA	132.298416	NA	NA	NA
2234786	82.825	55.325	123.640334	122.614562	144.8101	21.169766	22.195537	NA
2234787	82.875	55.325	123.419188	122.587982	144.798621	21.379433	22.210639	NA
2234854	86.225	55.325	123.871181	122.673176	131.361519	7.490338	8.688343	NA
2234959	91.475	55.325	NA	NA	131.533729	NA	NA	NA
2234960	91.525	55.325	NA	NA	143.211856	NA	NA	NA
2234961	91.575	55.325	NA	NA	143.216093	NA	NA	NA
2234974	92.225	55.325	129.582086	121.959744	137.759346	8.17726	15.799602	NA
2234975	92.275	55.325	129.523793	122.07114	137.787036	8.263243	15.715896	NA
2237375	-113.725	55.275	NA	NA	142.440258	NA	NA	NA
2237376	-113.675	55.275	NA	NA	142.447103	NA	NA	NA
2237394	-112.775	55.275	NA	NA	142.17366	NA	NA	NA
2237395	-112.725	55.275	NA	NA	142.180192	NA	NA	NA
2237396	-112.675	55.275	NA	NA	132.869757	NA	NA	NA
2241109	72.975	55.275	123.70837	122.378077	131.942364	8.233994	9.564287	NA
2241110	73.025	55.275	123.664732	122.441907	132.262094	8.597363	9.820187	NA
2241111	73.075	55.275	NA	NA	132.193415	NA	NA	NA
2241112	73.125	55.275	NA	NA	132.179515	NA	NA	NA
2241113	73.175	55.275	NA	NA	132.157925	NA	NA	NA
2241307	82.875	55.275	123.619405	122.557839	144.796896	21.177491	22.239056	NA
2241374	86.225	55.275	124.261695	122.728456	119.844647	-4.417047	-2.883808	NA
2241375	86.275	55.275	NA	NA	131.349732	NA	NA	NA
2241476	91.325	55.275	NA	NA	143.625443	NA	NA	NA
2241477	91.375	55.275	NA	NA	143.628208	NA	NA	NA
2241478	91.425	55.275	NA	NA	143.603136	NA	NA	NA
2241479	91.475	55.275	NA	NA	143.523268	NA	NA	NA
2241493	92.175	55.275	129.613317	121.952768	137.749216	8.135899	15.796449	NA
2241494	92.225	55.275	129.558021	122.180562	137.756868	8.198846	15.576306	NA
2243892	-113.875	55.225	NA	NA	130.038864	NA	NA	NA
2243893	-113.825	55.225	NA	NA	142.431654	NA	NA	NA
2243894	-113.775	55.225	NA	NA	142.435872	NA	NA	NA
2243895	-113.725	55.225	NA	NA	130.708791	NA	NA	NA
2243896	-113.675	55.225	NA	NA	142.455192	NA	NA	NA
2243897	-113.625	55.225	NA	NA	142.446733	NA	NA	NA
2243913	-112.825	55.225	NA	NA	142.171627	NA	NA	NA
2243914	-112.775	55.225	NA	NA	131.664488	NA	NA	NA
2247629	72.975	55.225	NA	NA	132.241463	NA	NA	NA
2247630	73.025	55.225	NA	NA	132.221884	NA	NA	NA
2247631	73.075	55.225	NA	NA	132.206132	NA	NA	NA
2247633	73.175	55.225	NA	NA	132.148028	NA	NA	NA
2247634	73.225	55.225	NA	NA	129.411422	NA	NA	NA
2247827	82.875	55.225	122.929484	122.425847	144.803991	21.874507	22.378144	NA
2247895	86.275	55.225	124.253333	122.715411	131.328252	7.074919	8.612841	NA
2247896	86.325	55.225	124.442864	122.877667	131.304991	6.862127	8.427325	NA
2247992	91.125	55.225	NA	NA	143.698661	NA	NA	NA
2247993	91.175	55.225	NA	NA	143.69836	NA	NA	NA
2247994	91.225	55.225	NA	NA	143.684433	NA	NA	NA
2247995	91.275	55.225	NA	NA	143.621025	NA	NA	NA
2247996	91.325	55.225	NA	NA	143.629075	NA	NA	NA
2248011	92.075	55.225	130.257684	122.199065	137.716466	7.458781	15.517401	NA
2248012	92.125	55.225	129.572265	121.928599	137.71812	8.145855	15.789521	NA
2248013	92.175	55.225	129.630903	121.832613	137.742756	8.111853	15.910144	NA
2250408	-114.075	55.175	NA	NA	142.414469	NA	NA	NA
2250409	-114.025	55.175	NA	NA	142.419218	NA	NA	NA
2250410	-113.975	55.175	NA	NA	142.417273	NA	NA	NA
2250411	-113.925	55.175	NA	NA	142.423739	NA	NA	NA
2250412	-113.875	55.175	NA	NA	142.435738	NA	NA	NA
2250417	-113.625	55.175	NA	NA	142.458417	NA	NA	NA
2250418	-113.575	55.175	NA	NA	142.463157	NA	NA	NA
2250433	-112.825	55.175	NA	NA	142.162336	NA	NA	NA
2254153	73.175	55.175	123.41365	122.361243	132.115631	8.701981	9.754389	NA
2254154	73.225	55.175	123.529804	122.330274	132.134416	8.604611	9.804142	NA
2254346	82.825	55.175	122.750841	122.555223	144.801797	22.050955	22.246574	NA
2254347	82.875	55.175	122.908343	122.047582	144.800276	21.891933	22.752694	NA
2254416	86.325	55.175	NA	NA	120.101006	NA	NA	NA
2254417	86.375	55.175	124.207178	122.728461	131.293735	7.086557	8.565275	NA
2254420	86.525	55.175	NA	NA	120.938634	NA	NA	NA
2254421	86.575	55.175	NA	NA	131.435498	NA	NA	NA
2254422	86.625	55.175	NA	NA	131.412702	NA	NA	NA
2254504	90.725	55.175	NA	NA	144.003267	NA	NA	NA
2254510	91.025	55.175	NA	NA	143.840066	NA	NA	NA
2254511	91.075	55.175	NA	NA	143.850787	NA	NA	NA
2254512	91.125	55.175	NA	NA	127.036395	NA	NA	NA
2254527	91.875	55.175	131.202747	122.747373	137.679782	6.477035	14.932408	NA
2254528	91.925	55.175	130.833783	122.221288	137.696306	6.862522	15.475017	NA
2254529	91.975	55.175	130.437546	122.162311	137.700202	7.262655	15.53789	NA
2254530	92.025	55.175	130.735655	122.312626	137.702417	6.966762	15.389792	NA
2254531	92.075	55.175	130.26683	122.195551	137.709738	7.442907	15.514186	NA
2256928	-114.075	55.125	NA	NA	143.954393	NA	NA	NA
2256929	-114.025	55.125	NA	NA	131.553569	NA	NA	NA
2256938	-113.575	55.125	NA	NA	142.468602	NA	NA	NA
2256952	-112.875	55.125	NA	NA	142.155865	NA	NA	NA
2256953	-112.825	55.125	NA	NA	142.160615	NA	NA	NA
2260672	73.125	55.125	123.360014	122.315645	132.085886	8.725871	9.770241	NA
2260673	73.175	55.125	123.464029	122.438943	132.106439	8.64241	9.667496	NA
2260865	82.775	55.125	122.630406	122.726973	144.800521	22.170114	22.073548	NA
2260866	82.825	55.125	122.721152	122.606618	110.328777	-12.392376	-12.277841	NA
2260936	86.325	55.125	124.434911	122.865751	131.289683	6.854772	8.423932	NA
2260937	86.375	55.125	NA	NA	119.488729	NA	NA	NA
2260938	86.425	55.125	NA	NA	131.453795	NA	NA	NA
2260939	86.475	55.125	NA	NA	131.435092	NA	NA	NA
2260940	86.525	55.125	NA	NA	131.427894	NA	NA	NA
2260942	86.625	55.125	NA	NA	131.402325	NA	NA	NA
2260943	86.675	55.125	NA	NA	131.387971	NA	NA	NA
2260944	86.725	55.125	NA	NA	131.402243	NA	NA	NA
2260945	86.775	55.125	NA	NA	121.702165	NA	NA	NA
2261008	89.925	55.125	NA	NA	144.659118	NA	NA	NA
2261009	89.975	55.125	NA	NA	144.659782	NA	NA	NA
2261010	90.025	55.125	NA	NA	144.661531	NA	NA	NA
2261011	90.075	55.125	NA	NA	144.657581	NA	NA	NA
2261012	90.125	55.125	NA	NA	144.649477	NA	NA	NA
2261013	90.175	55.125	NA	NA	129.995817	NA	NA	NA
2261014	90.225	55.125	NA	NA	130.34675	NA	NA	NA
2261020	90.525	55.125	NA	NA	131.119154	NA	NA	NA
2261021	90.575	55.125	NA	NA	144.171044	NA	NA	NA
2261022	90.625	55.125	NA	NA	144.004703	NA	NA	NA
2261023	90.675	55.125	NA	NA	143.988317	NA	NA	NA
2261024	90.725	55.125	NA	NA	144.014345	NA	NA	NA
2261025	90.775	55.125	NA	NA	143.840778	NA	NA	NA
2261026	90.825	55.125	NA	NA	143.842131	NA	NA	NA
2261027	90.875	55.125	NA	NA	127.810091	NA	NA	NA
2261028	90.925	55.125	NA	NA	143.828286	NA	NA	NA
2261029	90.975	55.125	NA	NA	143.828182	NA	NA	NA
2261030	91.025	55.125	NA	NA	143.83349	NA	NA	NA
2261041	91.575	55.125	NA	NA	137.630402	NA	NA	NA
2261042	91.625	55.125	NA	NA	137.638875	NA	NA	NA
2261043	91.675	55.125	128.081388	122.268012	137.65133	9.569943	15.383319	NA
2261044	91.725	55.125	128.999453	122.270022	137.663754	8.664301	15.393732	NA
2261045	91.775	55.125	129.257308	122.226406	137.670679	8.41337	15.444272	NA
2261046	91.825	55.125	131.06693	122.176163	137.674742	6.607812	15.498579	NA
2261047	91.875	55.125	NA	NA	135.290096	NA	NA	NA
2263448	-114.075	55.075	NA	NA	143.944089	NA	NA	NA
2263458	-113.575	55.075	NA	NA	142.47624	NA	NA	NA
2263459	-113.525	55.075	NA	NA	142.479825	NA	NA	NA
2263460	-113.475	55.075	NA	NA	142.485403	NA	NA	NA
2263472	-112.875	55.075	NA	NA	142.152629	NA	NA	NA
2263473	-112.825	55.075	NA	NA	132.622731	NA	NA	NA
2267192	73.125	55.075	NA	NA	134.480358	NA	NA	NA
2267193	73.175	55.075	123.349903	122.283119	132.029722	8.679819	9.746602	NA
2267385	82.775	55.075	122.340436	122.668846	144.794025	22.453588	22.125179	NA
2267386	82.825	55.075	122.482309	122.575115	144.785787	22.303478	22.210672	NA
2267456	86.325	55.075	NA	NA	131.283157	NA	NA	NA
2267457	86.375	55.075	NA	NA	131.25583	NA	NA	NA
2267465	86.775	55.075	NA	NA	131.457633	NA	NA	NA
2267466	86.825	55.075	NA	NA	131.386496	NA	NA	NA
2267532	90.125	55.075	NA	NA	129.807736	NA	NA	NA
2267533	90.175	55.075	NA	NA	144.616295	NA	NA	NA
2267534	90.225	55.075	NA	NA	144.598933	NA	NA	NA
2267535	90.275	55.075	NA	NA	144.602867	NA	NA	NA
2267536	90.325	55.075	NA	NA	144.603852	NA	NA	NA
2267537	90.375	55.075	NA	NA	144.604093	NA	NA	NA
2267538	90.425	55.075	NA	NA	144.413047	NA	NA	NA
2267539	90.475	55.075	NA	NA	144.404017	NA	NA	NA
2267540	90.525	55.075	NA	NA	144.385455	NA	NA	NA
2267547	90.875	55.075	NA	NA	143.847793	NA	NA	NA
2267552	91.125	55.075	130.663772	122.79025	137.570088	6.906316	14.779839	NA
2267553	91.175	55.075	NA	NA	137.573465	NA	NA	NA
2267554	91.225	55.075	NA	NA	137.579109	NA	NA	NA
2267555	91.275	55.075	131.015074	123.603319	137.58344	6.568366	13.980121	NA
2267556	91.325	55.075	130.783262	123.139813	137.583766	6.800504	14.443953	NA
2267557	91.375	55.075	130.252802	122.828249	137.596659	7.343857	14.76841	NA
2267558	91.425	55.075	129.323195	122.222406	137.601461	8.278267	15.379055	NA
2267559	91.475	55.075	NA	NA	137.61758	NA	NA	NA
2267560	91.525	55.075	127.818794	122.451185	103.111181	-24.707613	-19.340005	NA
2267561	91.575	55.075	NA	NA	108.537687	NA	NA	NA
2269966	-114.175	55.025	NA	NA	143.95066	NA	NA	NA
2269967	-114.125	55.025	NA	NA	143.94083	NA	NA	NA
2269968	-114.075	55.025	NA	NA	132.866911	NA	NA	NA
2269980	-113.475	55.025	NA	NA	142.492981	NA	NA	NA
2269993	-112.825	55.025	NA	NA	142.214828	NA	NA	NA
2269994	-112.775	55.025	NA	NA	142.207132	NA	NA	NA
2269995	-112.725	55.025	NA	NA	142.205996	NA	NA	NA
2273713	73.175	55.025	NA	NA	132.002133	NA	NA	NA
2273714	73.225	55.025	NA	NA	131.980048	NA	NA	NA
2273715	73.275	55.025	NA	NA	131.977035	NA	NA	NA
2273716	73.325	55.025	NA	NA	131.976604	NA	NA	NA
2273906	82.825	55.025	122.449604	122.530692	144.784625	22.335022	22.253933	NA
2273907	82.875	55.025	122.170555	122.287414	144.784135	22.61358	22.496721	NA
2273908	82.925	55.025	122.221715	122.170336	144.796377	22.574662	22.626041	NA
2273986	86.825	55.025	124.480575	122.785128	131.382768	6.902193	8.59764	NA
2273987	86.875	55.025	NA	NA	131.416233	NA	NA	NA
2273988	86.925	55.025	NA	NA	131.354887	NA	NA	NA
2273989	86.975	55.025	NA	NA	131.360303	NA	NA	NA
2273990	87.025	55.025	NA	NA	131.344257	NA	NA	NA
2273991	87.075	55.025	123.618324	122.45883	131.335185	7.716861	8.876355	NA
2274070	91.025	55.025	130.492483	122.934933	104.088719	-26.403764	-18.846214	NA
2274071	91.075	55.025	130.45819	122.781954	137.56339	7.105201	14.781436	NA
2274072	91.125	55.025	130.551217	122.773928	104.424853	-26.126364	-18.349074	NA
2276485	-114.225	54.975	NA	NA	135.054115	NA	NA	NA
2276486	-114.175	54.975	NA	NA	143.941211	NA	NA	NA
2276500	-113.475	54.975	NA	NA	142.495743	NA	NA	NA
2276501	-113.425	54.975	NA	NA	142.508592	NA	NA	NA
2276510	-112.975	54.975	NA	NA	134.063358	NA	NA	NA
2276511	-112.925	54.975	NA	NA	142.536743	NA	NA	NA
2276512	-112.875	54.975	NA	NA	142.540956	NA	NA	NA
2276513	-112.825	54.975	NA	NA	142.545181	NA	NA	NA
2276514	-112.775	54.975	NA	NA	142.547801	NA	NA	NA
2276515	-112.725	54.975	NA	NA	142.554514	NA	NA	NA
2280236	73.325	54.975	NA	NA	120.785542	NA	NA	NA
2280237	73.375	54.975	NA	NA	131.976323	NA	NA	NA
2280428	82.925	54.975	122.517367	122.177902	144.819894	22.302527	22.641992	NA
2280429	82.975	54.975	122.447926	122.458791	144.839315	22.391388	22.380523	NA
2280430	83.025	54.975	122.264564	122.718202	144.846293	22.581729	22.12809	NA
2280511	87.075	54.975	NA	NA	131.414218	NA	NA	NA
2280589	90.975	54.975	131.394329	123.92674	137.544248	6.149919	13.617508	NA
2280590	91.025	54.975	131.066923	123.50929	137.556824	6.489902	14.047534	NA
2283006	-114.175	54.925	NA	NA	143.926504	NA	NA	NA
2283021	-113.425	54.925	NA	NA	142.510096	NA	NA	NA
2283028	-113.075	54.925	NA	NA	142.521759	NA	NA	NA
2283029	-113.025	54.925	122.875948	129.587753	142.524201	19.648253	12.936448	NA
2283030	-112.975	54.925	NA	NA	142.530352	NA	NA	NA
2286756	73.325	54.925	NA	NA	131.848028	NA	NA	NA
2286757	73.375	54.925	NA	NA	131.863215	NA	NA	NA
2286950	83.025	54.925	122.676008	122.639508	145.478361	22.802352	22.838852	NA
2287031	87.075	54.925	NA	NA	119.892734	NA	NA	NA
2287032	87.125	54.925	NA	NA	131.513822	NA	NA	NA
2287109	90.975	54.925	131.21905	123.975282	137.540784	6.321734	13.565501	NA
2289525	-114.225	54.875	NA	NA	143.912917	NA	NA	NA
2289526	-114.175	54.875	NA	NA	143.916312	NA	NA	NA
2289541	-113.425	54.875	NA	NA	142.505599	NA	NA	NA
2289545	-113.225	54.875	NA	NA	142.505458	NA	NA	NA
2289546	-113.175	54.875	NA	NA	142.508774	NA	NA	NA
2289547	-113.125	54.875	NA	NA	142.519029	NA	NA	NA
2289548	-113.075	54.875	NA	NA	133.893156	NA	NA	NA
2293276	73.325	54.875	NA	NA	131.843919	NA	NA	NA
2293470	83.025	54.875	122.42279	122.572503	145.486723	23.063933	22.91422	NA
2293551	87.075	54.875	NA	NA	131.500474	NA	NA	NA
2293628	90.925	54.875	NA	NA	95.742273	NA	NA	NA
2293629	90.975	54.875	131.337345	122.9948	137.535496	6.198151	14.540696	NA
2296044	-114.275	54.825	NA	NA	143.91259	NA	NA	NA
2296045	-114.225	54.825	NA	NA	134.31881	NA	NA	NA
2296060	-113.475	54.825	NA	NA	142.514862	NA	NA	NA
2296061	-113.425	54.825	NA	NA	142.512024	NA	NA	NA
2296065	-113.225	54.825	NA	NA	142.502585	NA	NA	NA
2299796	73.325	54.825	NA	NA	131.858503	NA	NA	NA
2299797	73.375	54.825	NA	NA	131.846448	NA	NA	NA
2299798	73.425	54.825	NA	NA	131.836208	NA	NA	NA
2299799	73.475	54.825	NA	NA	131.82799	NA	NA	NA
2299800	73.525	54.825	NA	NA	131.813657	NA	NA	NA
2299801	73.575	54.825	NA	NA	116.065914	NA	NA	NA
2299989	82.975	54.825	124.753841	124.964351	145.482985	20.729144	20.518634	NA
2299990	83.025	54.825	NA	NA	123.792742	NA	NA	NA
2300070	87.025	54.825	NA	NA	131.48308	NA	NA	NA
2300071	87.075	54.825	NA	NA	131.470722	NA	NA	NA
2300148	90.925	54.825	131.218205	123.802674	137.515827	6.297622	13.713153	NA
2302564	-114.275	54.775	NA	NA	143.897544	NA	NA	NA
2302580	-113.475	54.775	NA	NA	142.500739	NA	NA	NA
2302581	-113.425	54.775	NA	NA	142.507081	NA	NA	NA
2302582	-113.375	54.775	NA	NA	142.514241	NA	NA	NA
2302584	-113.275	54.775	NA	NA	142.49776	NA	NA	NA
2302585	-113.225	54.775	NA	NA	142.491006	NA	NA	NA
2306321	73.575	54.775	NA	NA	131.806051	NA	NA	NA
2306322	73.625	54.775	NA	NA	118.427785	NA	NA	NA
2306507	82.875	54.775	124.644769	128.054341	113.674258	-10.970511	-14.380082	NA
2306508	82.925	54.775	124.81198	127.349371	140.406912	15.594932	13.05754	NA
2306509	82.975	54.775	125.117499	125.797605	140.443927	15.326429	14.646323	NA
2306590	87.025	54.775	NA	NA	122.209084	NA	NA	NA
2306591	87.075	54.775	NA	NA	131.455194	NA	NA	NA
2306668	90.925	54.775	131.032528	123.404454	137.500251	6.467723	14.095797	NA
2309084	-114.275	54.725	123.100159	128.462392	143.881977	20.781818	15.419585	NA
2309102	-113.375	54.725	NA	NA	134.805863	NA	NA	NA
2309103	-113.325	54.725	NA	NA	142.520138	NA	NA	NA
2309104	-113.275	54.725	NA	NA	142.489321	NA	NA	NA
2312842	73.625	54.725	123.45048	122.3263	131.790869	8.34039	9.46457	NA
2312843	73.675	54.725	123.46559	122.335589	131.793927	8.328338	9.458338	NA
2313025	82.775	54.725	124.766222	127.4807	140.271466	15.505244	12.790766	NA
2313026	82.825	54.725	124.733553	127.847241	140.305408	15.571855	12.458167	NA
2313027	82.875	54.725	124.739362	127.890525	140.384953	15.645591	12.494427	NA
2313110	87.025	54.725	NA	NA	131.43587	NA	NA	NA
2313111	87.075	54.725	123.776501	122.270246	123.98002	0.203519	1.709775	NA
2313188	90.925	54.725	130.465404	122.54102	137.48889	7.023486	14.94787	NA
2315603	-114.325	54.675	NA	NA	144.462548	NA	NA	NA
2315604	-114.275	54.675	NA	NA	133.098176	NA	NA	NA
2319363	73.675	54.675	123.460874	122.328161	117.740142	-5.720732	-4.588019	NA
2319364	73.725	54.675	123.468922	122.437564	131.790053	8.321131	9.352489	NA
2319365	73.775	54.675	NA	NA	131.780773	NA	NA	NA
2319366	73.825	54.675	NA	NA	131.774776	NA	NA	NA
2319367	73.875	54.675	NA	NA	116.689475	NA	NA	NA
2319543	82.675	54.675	124.897207	125.870865	111.826395	-13.070811	-14.04447	NA
2319544	82.725	54.675	124.854204	126.450896	140.182314	15.32811	13.731417	NA
2319545	82.775	54.675	124.770909	127.48316	140.231105	15.460197	12.747946	NA
2319631	87.075	54.675	123.776501	122.270246	131.42152	7.645019	9.151274	NA
2319632	87.125	54.675	NA	NA	131.382811	NA	NA	NA
2319633	87.175	54.675	NA	NA	131.373556	NA	NA	NA
2319634	87.225	54.675	NA	NA	131.402317	NA	NA	NA
2319635	87.275	54.675	NA	NA	131.391	NA	NA	NA
2319636	87.325	54.675	NA	NA	131.385538	NA	NA	NA
2319637	87.375	54.675	NA	NA	123.984892	NA	NA	NA
2319708	90.925	54.675	129.695706	122.541356	137.473009	7.777303	14.931653	NA
2322123	-114.325	54.625	NA	NA	144.446476	NA	NA	NA
2325887	73.875	54.625	NA	NA	131.771164	NA	NA	NA
2325888	73.925	54.625	123.519911	122.453734	131.759882	8.239971	9.306148	NA
2325889	73.975	54.625	123.492085	122.537008	131.753891	8.261806	9.216883	NA
2326060	82.525	54.625	124.899781	126.181802	111.373153	-13.526627	-14.808648	NA
2326061	82.575	54.625	124.882283	126.215194	110.99365	-13.888632	-15.221544	NA
2326062	82.625	54.625	124.899929	126.02424	110.742015	-14.157914	-15.282225	NA
2326063	82.675	54.625	124.923091	125.993789	140.166461	15.243371	14.172672	NA
2326157	87.375	54.625	NA	NA	131.39235	NA	NA	NA
2326158	87.425	54.625	NA	NA	131.378223	NA	NA	NA
2326159	87.475	54.625	NA	NA	131.379091	NA	NA	NA
2326228	90.925	54.625	129.992391	123.228352	137.438084	7.445693	14.209732	NA
2326229	90.975	54.625	130.217971	123.909709	137.426147	7.208176	13.516438	NA
2326230	91.025	54.625	129.803583	124.353598	137.419762	7.61618	13.066164	NA
2326231	91.075	54.625	130.265383	124.521873	107.785996	-22.479388	-16.735878	NA
2328643	-114.325	54.575	121.883033	125.787671	144.439362	22.556329	18.651691	NA
2332409	73.975	54.575	NA	NA	112.082886	NA	NA	NA
2332410	74.025	54.575	123.44957	122.432637	131.749515	8.299945	9.316878	NA
2332411	74.075	54.575	NA	NA	131.740569	NA	NA	NA
2332412	74.125	54.575	123.575638	122.34621	131.735624	8.159986	9.389414	NA
2332413	74.175	54.575	NA	NA	131.730248	NA	NA	NA
2332414	74.225	54.575	NA	NA	131.725428	NA	NA	NA
2332415	74.275	54.575	NA	NA	109.932788	NA	NA	NA
2332578	82.425	54.575	124.904947	124.802533	109.751808	-15.153139	-15.050725	NA
2332579	82.475	54.575	124.905918	125.926794	140.037648	15.131731	14.110854	NA
2332580	82.525	54.575	124.894776	126.133158	140.059526	15.164751	13.926368	NA
2332679	87.475	54.575	NA	NA	131.375062	NA	NA	NA
2332751	91.075	54.575	130.299571	124.517462	137.416814	7.117242	12.899352	NA
2332752	91.125	54.575	131.390155	124.484009	137.408322	6.018166	12.924313	NA
2332753	91.175	54.575	131.629233	124.019058	104.579135	-27.050098	-19.439923	NA
2335162	-114.375	54.525	NA	NA	144.40618	NA	NA	NA
2335163	-114.325	54.525	NA	NA	144.416829	NA	NA	NA
2338935	74.275	54.525	123.66101	122.589075	131.717943	8.056933	9.128868	NA
2338936	74.325	54.525	123.67005	122.570211	131.709239	8.039189	9.139028	NA
2338937	74.375	54.525	NA	NA	108.250774	NA	NA	NA
2339096	82.325	54.525	125.047104	123.556806	139.975859	14.928755	16.419053	NA
2339097	82.375	54.525	124.931777	124.223752	139.98051	15.048733	15.756758	NA
2339098	82.425	54.525	124.88691	124.679781	140.010766	15.123856	15.330985	NA
2339199	87.475	54.525	NA	NA	131.293092	NA	NA	NA
2339200	87.525	54.525	NA	NA	119.823764	NA	NA	NA
2339273	91.175	54.525	131.916115	124.299275	137.40718	5.491066	13.107905	NA
2339274	91.225	54.525	132.247527	123.810394	137.388854	5.141327	13.578459	NA
2339275	91.275	54.525	NA	NA	106.518353	NA	NA	NA
2339514	103.225	54.525	127.981325	124.68149	121.224109	-6.757216	-3.457381	NA
2341680	-114.475	54.475	NA	NA	135.319008	NA	NA	NA
2341681	-114.425	54.475	NA	NA	144.395396	NA	NA	NA
2341682	-114.375	54.475	NA	NA	144.405613	NA	NA	NA
2345457	74.375	54.475	123.508558	122.537686	131.7026	8.194043	9.164914	NA
2345615	82.275	54.475	124.228842	121.833124	139.965953	15.737111	18.132829	NA
2345616	82.325	54.475	124.903838	122.681727	107.803909	-17.099929	-14.877819	NA
2345720	87.525	54.475	NA	NA	131.260914	NA	NA	NA
2345795	91.275	54.475	131.742317	123.242338	137.386055	5.643738	14.143718	NA
2346034	103.225	54.475	130.662546	124.42102	121.234231	-9.428314	-3.186789	NA
2348199	-114.525	54.425	NA	NA	144.435695	NA	NA	NA
2348200	-114.475	54.425	NA	NA	144.447071	NA	NA	NA
2351977	74.375	54.425	123.559896	122.499826	131.691832	8.131936	9.192006	NA
2351978	74.425	54.425	NA	NA	131.672386	NA	NA	NA
2351979	74.475	54.425	NA	NA	107.714286	NA	NA	NA
2352133	82.175	54.425	123.314029	122.049914	139.88245	16.56842	17.832536	NA
2352134	82.225	54.425	123.30918	121.892507	139.915132	16.605952	18.022625	NA
2352135	82.275	54.425	NA	NA	107.202524	NA	NA	NA
2352240	87.525	54.425	NA	NA	131.284777	NA	NA	NA
2352315	91.275	54.425	131.374073	122.445159	137.370452	5.996379	14.925293	NA
2352554	103.225	54.425	128.874911	123.78577	121.243373	-7.631537	-2.542397	NA
2354718	-114.575	54.375	NA	NA	144.4287	NA	NA	NA
2354719	-114.525	54.375	NA	NA	144.434779	NA	NA	NA
2358499	74.475	54.375	NA	NA	131.668299	NA	NA	NA
2358500	74.525	54.375	NA	NA	131.66	NA	NA	NA
2358501	74.575	54.375	123.695395	122.4774	131.652325	7.95693	9.174925	NA
2358502	74.625	54.375	123.465259	122.342979	131.647168	8.181909	9.304189	NA
2358651	82.075	54.375	123.35489	121.697653	139.849374	16.494484	18.151721	NA
2358652	82.125	54.375	123.239027	122.206849	139.865643	16.626616	17.658794	NA
2358653	82.175	54.375	NA	NA	109.724059	NA	NA	NA
2358760	87.525	54.375	NA	NA	131.256495	NA	NA	NA
2358835	91.275	54.375	131.261939	122.493043	137.35734	6.095401	14.864297	NA
2358836	91.325	54.375	131.192731	122.396645	137.320893	6.128161	14.924247	NA
2359072	103.125	54.375	131.813664	125.342753	118.913071	-12.900593	-6.429682	NA
2359073	103.175	54.375	131.504766	125.028931	121.282355	-10.22241	-3.746575	NA
2359074	103.225	54.375	132.639538	124.301732	121.270828	-11.36871	-3.030904	NA
2361230	-114.975	54.325	NA	NA	144.719643	NA	NA	NA
2361231	-114.925	54.325	NA	NA	144.721394	NA	NA	NA
2361232	-114.875	54.325	NA	NA	144.725591	NA	NA	NA
2361233	-114.825	54.325	NA	NA	144.446178	NA	NA	NA
2361234	-114.775	54.325	NA	NA	144.450391	NA	NA	NA
2361235	-114.725	54.325	NA	NA	144.410751	NA	NA	NA
2361236	-114.675	54.325	NA	NA	144.414924	NA	NA	NA
2361237	-114.625	54.325	NA	NA	144.417265	NA	NA	NA
2361238	-114.575	54.325	NA	NA	144.425235	NA	NA	NA
2365022	74.625	54.325	123.59369	122.428467	131.64392	8.05023	9.215453	NA
2365166	81.825	54.325	123.385052	122.043328	139.789683	16.404631	17.746355	NA
2365167	81.875	54.325	123.2481	122.242337	139.797776	16.549676	17.555439	NA
2365168	81.925	54.325	124.118191	122.049914	139.805843	15.687652	17.755929	NA
2365169	81.975	54.325	123.95613	121.789343	139.819959	15.863828	18.030616	NA
2365170	82.025	54.325	123.802067	121.768524	113.100705	-10.701362	-8.667819	NA
2365171	82.075	54.325	NA	NA	109.699708	NA	NA	NA
2365278	87.425	54.325	NA	NA	121.598283	NA	NA	NA
2365279	87.475	54.325	NA	NA	131.256783	NA	NA	NA
2365280	87.525	54.325	NA	NA	121.785579	NA	NA	NA
2365356	91.325	54.325	130.745597	122.344334	137.315504	6.569907	14.97117	NA
2365357	91.375	54.325	130.802289	122.411961	137.328893	6.526605	14.916932	NA
2365591	103.075	54.325	131.734475	124.899561	122.391166	-9.343309	-2.508395	NA
2365592	103.125	54.325	131.522729	125.295332	121.298908	-10.22382	-3.996424	NA
2367724	-116.275	54.275	NA	NA	130.031702	NA	NA	NA
2367725	-116.225	54.275	NA	NA	146.890587	NA	NA	NA
2367749	-115.025	54.275	NA	NA	133.676423	NA	NA	NA
2367750	-114.975	54.275	NA	NA	144.743775	NA	NA	NA
2367751	-114.925	54.275	NA	NA	144.749816	NA	NA	NA
2371542	74.625	54.275	123.554023	122.442542	131.637574	8.083552	9.195033	NA
2371543	74.675	54.275	123.479259	122.325673	131.622191	8.142932	9.296518	NA
2371684	81.725	54.275	123.553239	121.77198	139.754801	16.201562	17.982821	NA
2371685	81.775	54.275	123.614622	122.115561	139.779378	16.164756	17.663816	NA
2371686	81.825	54.275	123.385052	122.043328	112.087912	-11.29714	-9.955416	NA
2371798	87.425	54.275	NA	NA	131.352873	NA	NA	NA
2371799	87.475	54.275	NA	NA	131.325807	NA	NA	NA
2371877	91.375	54.275	130.628914	122.376974	102.42815	-28.200764	-19.948824	NA
2371878	91.425	54.275	130.41768	122.104625	137.313765	6.896085	15.20914	NA
2372110	103.025	54.275	131.629637	124.760144	120.903719	-10.725918	-3.856424	NA
2372111	103.075	54.275	132.216088	124.663954	121.308031	-10.908057	-3.355923	NA
2374240	-116.475	54.225	NA	NA	147.179633	NA	NA	NA
2374241	-116.425	54.225	NA	NA	147.165344	NA	NA	NA
2374242	-116.375	54.225	NA	NA	147.159692	NA	NA	NA
2374243	-116.325	54.225	NA	NA	147.01963	NA	NA	NA
2374244	-116.275	54.225	NA	NA	147.016166	NA	NA	NA
2374245	-116.225	54.225	NA	NA	146.658622	NA	NA	NA
2374246	-116.175	54.225	NA	NA	146.661188	NA	NA	NA
2374247	-116.125	54.225	NA	NA	146.646488	NA	NA	NA
2374248	-116.075	54.225	NA	NA	146.630996	NA	NA	NA
2374249	-116.025	54.225	NA	NA	131.878657	NA	NA	NA
2374267	-115.125	54.225	NA	NA	144.737537	NA	NA	NA
2374268	-115.075	54.225	NA	NA	144.738882	NA	NA	NA
2374269	-115.025	54.225	NA	NA	144.749014	NA	NA	NA
2378063	74.675	54.225	123.504402	122.418343	131.618491	8.114088	9.200148	NA
2378064	74.725	54.225	123.552061	122.428144	131.610121	8.058059	9.181976	NA
2378203	81.675	54.225	123.547966	121.853327	139.749941	16.201975	17.896614	NA
2378204	81.725	54.225	123.429867	121.920181	112.107372	-11.322495	-9.812808	NA
2378319	87.475	54.225	NA	NA	120.920757	NA	NA	NA
2378320	87.525	54.225	NA	NA	130.763057	NA	NA	NA
2378398	91.425	54.225	130.218886	121.984207	96.707261	-33.511625	-25.276946	NA
2378399	91.475	54.225	129.682982	121.831411	137.275164	7.592182	15.443753	NA
2378629	102.975	54.225	132.859309	125.184785	119.566347	-13.292962	-5.618439	NA
2378630	103.025	54.225	NA	NA	121.319811	NA	NA	NA
2380757	-116.625	54.175	NA	NA	131.198807	NA	NA	NA
2380758	-116.575	54.175	NA	NA	147.202899	NA	NA	NA
2380759	-116.525	54.175	NA	NA	147.197775	NA	NA	NA
2380760	-116.475	54.175	NA	NA	147.195517	NA	NA	NA
2380769	-116.025	54.175	NA	NA	146.539367	NA	NA	NA
2380770	-115.975	54.175	NA	NA	146.534343	NA	NA	NA
2380771	-115.925	54.175	NA	NA	146.477188	NA	NA	NA
2380772	-115.875	54.175	NA	NA	146.471674	NA	NA	NA
2380773	-115.825	54.175	NA	NA	146.467077	NA	NA	NA
2380774	-115.775	54.175	NA	NA	146.466482	NA	NA	NA
2380775	-115.725	54.175	NA	NA	144.794949	NA	NA	NA
2380776	-115.675	54.175	NA	NA	144.806343	NA	NA	NA
2380777	-115.625	54.175	NA	NA	144.812425	NA	NA	NA
2380778	-115.575	54.175	NA	NA	144.815187	NA	NA	NA
2380779	-115.525	54.175	NA	NA	144.814074	NA	NA	NA
2380780	-115.475	54.175	NA	NA	144.819106	NA	NA	NA
2380781	-115.425	54.175	NA	NA	144.818171	NA	NA	NA
2380782	-115.375	54.175	NA	NA	144.806548	NA	NA	NA
2380783	-115.325	54.175	NA	NA	144.735601	NA	NA	NA
2380784	-115.275	54.175	NA	NA	144.742017	NA	NA	NA
2380785	-115.225	54.175	NA	NA	144.744701	NA	NA	NA
2380786	-115.175	54.175	NA	NA	144.74727	NA	NA	NA
2380787	-115.125	54.175	NA	NA	144.747081	NA	NA	NA
2384584	74.725	54.175	NA	NA	131.606279	NA	NA	NA
2384585	74.775	54.175	NA	NA	131.598699	NA	NA	NA
2384722	81.625	54.175	123.720952	122.122054	139.688713	15.967761	17.566659	NA
2384723	81.675	54.175	123.545814	121.967879	139.710766	16.164953	17.742888	NA
2384839	87.475	54.175	NA	NA	121.103372	NA	NA	NA
2384840	87.525	54.175	NA	NA	130.457735	NA	NA	NA
2384891	90.075	54.175	NA	NA	136.860295	NA	NA	NA
2384892	90.125	54.175	NA	NA	136.358087	NA	NA	NA
2384919	91.475	54.175	129.224564	121.9269	137.229973	8.005409	15.303072	NA
2384920	91.525	54.175	128.408203	121.998877	94.895562	-33.512642	-27.103316	NA
2385148	102.925	54.175	131.35493	125.50694	121.185616	-10.169314	-4.321325	NA
2385149	102.975	54.175	131.558444	125.009674	121.333713	-10.224731	-3.675962	NA
2387274	-116.775	54.125	NA	NA	131.009858	NA	NA	NA
2387275	-116.725	54.125	NA	NA	147.581668	NA	NA	NA
2387276	-116.675	54.125	NA	NA	147.5538	NA	NA	NA
2387277	-116.625	54.125	NA	NA	147.548404	NA	NA	NA
2387294	-115.775	54.125	NA	NA	140.03361	NA	NA	NA
2387295	-115.725	54.125	NA	NA	139.977501	NA	NA	NA
2387300	-115.475	54.125	NA	NA	133.307645	NA	NA	NA
2387301	-115.425	54.125	NA	NA	144.816028	NA	NA	NA
2391105	74.775	54.125	NA	NA	112.831439	NA	NA	NA
2391106	74.825	54.125	NA	NA	131.59998	NA	NA	NA
2391107	74.875	54.125	NA	NA	131.58984	NA	NA	NA
2391240	81.525	54.125	NA	NA	139.657762	NA	NA	NA
2391241	81.575	54.125	123.568832	122.312061	139.666749	16.097917	17.354688	NA
2391242	81.625	54.125	123.849321	122.090529	139.68152	15.832199	17.590991	NA
2391359	87.475	54.125	NA	NA	130.460724	NA	NA	NA
2391408	89.925	54.125	NA	NA	137.047322	NA	NA	NA
2391409	89.975	54.125	NA	NA	136.940563	NA	NA	NA
2391410	90.025	54.125	NA	NA	136.993865	NA	NA	NA
2391411	90.075	54.125	NA	NA	137.427549	NA	NA	NA
2391412	90.125	54.125	NA	NA	137.032341	NA	NA	NA
2391440	91.525	54.125	127.488464	122.247072	137.187114	9.698649	14.940042	NA
2391441	91.575	54.125	NA	NA	103.756607	NA	NA	NA
2391668	102.925	54.125	133.077126	125.942247	120.952978	-12.124148	-4.989269	NA
2391669	102.975	54.125	132.697095	125.165198	121.354214	-11.34288	-3.810984	NA
2393794	-116.775	54.075	NA	NA	147.587552	NA	NA	NA
2397627	74.875	54.075	NA	NA	104.900266	NA	NA	NA
2397628	74.925	54.075	NA	NA	131.586119	NA	NA	NA
2397758	81.425	54.075	123.320324	122.072006	139.633419	16.313095	17.561413	NA
2397759	81.475	54.075	123.519532	121.669133	139.651581	16.132049	17.982449	NA
2397760	81.525	54.075	123.667352	122.510918	106.738737	-16.928615	-15.772181	NA
2397878	87.425	54.075	NA	NA	130.434649	NA	NA	NA
2397879	87.475	54.075	NA	NA	130.446144	NA	NA	NA
2397927	89.875	54.075	NA	NA	137.091661	NA	NA	NA
2397928	89.925	54.075	NA	NA	137.024477	NA	NA	NA
2397961	91.575	54.075	126.971981	123.140226	137.136885	10.164904	13.996659	NA
2398189	102.975	54.075	130.782379	125.039309	117.505132	-13.277248	-7.534177	NA
2398190	103.025	54.075	129.596473	124.453303	121.369886	-8.226587	-3.083417	NA
2400313	-116.825	54.025	NA	NA	147.655716	NA	NA	NA
2400314	-116.775	54.025	NA	NA	147.640559	NA	NA	NA
2404147	74.875	54.025	123.714337	122.458669	131.566733	7.852395	9.108064	NA
2404148	74.925	54.025	123.715729	122.458694	131.576066	7.860338	9.117373	NA
2404275	81.275	54.025	NA	NA	107.251927	NA	NA	NA
2404276	81.325	54.025	123.472277	121.893472	139.575868	16.103591	17.682396	NA
2404277	81.375	54.025	123.424523	122.137688	139.607415	16.182892	17.469726	NA
2404278	81.425	54.025	123.320324	122.072006	105.678746	-17.641578	-16.393259	NA
2404396	87.325	54.025	NA	NA	130.401262	NA	NA	NA
2404397	87.375	54.025	NA	NA	130.419477	NA	NA	NA
2404398	87.425	54.025	NA	NA	130.428595	NA	NA	NA
2404480	91.525	54.025	127.401224	123.447675	107.795466	-19.605758	-15.652208	NA
2404481	91.575	54.025	126.648129	123.452235	137.113269	10.465141	13.661034	NA
2404710	103.025	54.025	130.81385	124.810779	122.430515	-8.383335	-2.380265	NA
2404711	103.075	54.025	131.640236	124.526414	121.38241	-10.257827	-3.144004	NA
2406830	-116.975	53.975	NA	NA	150.66851	NA	NA	NA
2406831	-116.925	53.975	NA	NA	150.528125	NA	NA	NA
2406832	-116.875	53.975	NA	NA	150.519296	NA	NA	NA
2406833	-116.825	53.975	NA	NA	132.408458	NA	NA	NA
2410667	74.875	53.975	NA	NA	108.612133	NA	NA	NA
2410668	74.925	53.975	123.567522	122.496221	131.560718	7.993195	9.064497	NA
2410669	74.975	53.975	NA	NA	131.534799	NA	NA	NA
2410670	75.025	53.975	123.579965	122.476837	131.528811	7.948846	9.051974	NA
2410671	75.075	53.975	123.653926	122.473547	109.560498	-14.093429	-12.913049	NA
2410795	81.275	53.975	123.633958	122.169186	139.567268	15.93331	17.398082	NA
2410915	87.275	53.975	NA	NA	130.399131	NA	NA	NA
2410916	87.325	53.975	NA	NA	120.23775	NA	NA	NA
2410999	91.475	53.975	127.218102	122.770689	107.44355	-19.774552	-15.327139	NA
2411000	91.525	53.975	127.012653	123.416833	137.097561	10.084908	13.680728	NA
2411231	103.075	53.975	131.131037	124.088591	116.536299	-14.594738	-7.552292	NA
2411232	103.125	53.975	131.610685	123.936528	121.407224	-10.203461	-2.529304	NA
2413348	-117.075	53.925	NA	NA	150.704443	NA	NA	NA
2413349	-117.025	53.925	NA	NA	150.691365	NA	NA	NA
2413350	-116.975	53.925	NA	NA	150.67908	NA	NA	NA
2417190	75.025	53.925	123.615442	122.440671	110.136919	-13.478523	-12.303752	NA
2417191	75.075	53.925	123.654941	122.471357	131.524485	7.869544	9.053128	NA
2417315	81.275	53.925	123.634402	122.217838	139.539556	15.905155	17.321718	NA
2417316	81.325	53.925	123.508812	122.160646	105.369602	-18.13921	-16.791044	NA
2417434	87.225	53.925	123.218205	122.323864	130.649698	7.431493	8.325834	NA
2417435	87.275	53.925	NA	NA	130.699889	NA	NA	NA
2417518	91.425	53.925	126.164186	123.437365	99.277218	-26.886969	-24.160147	NA
2417519	91.475	53.925	126.671947	122.769562	133.425709	6.753762	10.656147	NA
2417752	103.125	53.925	NA	NA	119.735182	NA	NA	NA
2417753	103.175	53.925	130.89665	124.543183	118.920541	-11.976108	-5.622642	NA
2419867	-117.125	53.875	NA	NA	150.782423	NA	NA	NA
2419868	-117.075	53.875	NA	NA	132.546627	NA	NA	NA
2423710	75.025	53.875	123.771732	122.479896	131.499516	7.727784	9.01962	NA
2423836	81.325	53.875	123.46363	122.34985	139.512386	16.048756	17.162536	NA
2423952	87.125	53.875	123.121421	122.479643	130.637621	7.5162	8.157978	NA
2423953	87.175	53.875	NA	NA	130.663354	NA	NA	NA
2423954	87.225	53.875	NA	NA	116.927442	NA	NA	NA
2424038	91.425	53.875	126.109013	123.424264	133.423515	7.314503	9.999251	NA
2424273	103.175	53.875	130.197997	123.726256	122.734071	-7.463926	-0.992185	NA
2424274	103.225	53.875	131.075463	123.567707	117.271763	-13.8037	-6.295944	NA
2426386	-117.175	53.825	NA	NA	150.822823	NA	NA	NA
2426387	-117.125	53.825	NA	NA	131.013816	NA	NA	NA
2430230	75.025	53.825	123.728291	122.490205	131.486078	7.757787	8.995874	NA
2430356	81.325	53.825	123.429783	122.38108	139.496197	16.066414	17.115117	NA
2430357	81.375	53.825	NA	NA	106.866527	NA	NA	NA
2430365	81.775	53.825	123.391987	122.31291	117.559602	-5.832385	-4.753308	NA
2430366	81.825	53.825	NA	NA	139.383617	NA	NA	NA
2430472	87.125	53.825	122.786807	122.288686	130.636032	7.849226	8.347346	NA
2430477	87.375	53.825	NA	NA	118.125122	NA	NA	NA
2430478	87.425	53.825	NA	NA	132.715465	NA	NA	NA
2430479	87.475	53.825	NA	NA	132.693437	NA	NA	NA
2430480	87.525	53.825	NA	NA	123.66587	NA	NA	NA
2430481	87.575	53.825	NA	NA	120.84061	NA	NA	NA
2430558	91.425	53.825	126.308901	123.820625	133.418076	7.109175	9.597451	NA
2430794	103.225	53.825	131.97628	123.611985	119.202741	-12.773539	-4.409244	NA
2432906	-117.175	53.775	NA	NA	150.882859	NA	NA	NA
2436749	74.975	53.775	123.56842	122.332206	131.461939	7.893518	9.129733	NA
2436750	75.025	53.775	123.789842	122.468082	131.473797	7.683956	9.005716	NA
2436877	81.375	53.775	123.482471	121.94753	139.471302	15.988832	17.523772	NA
2436878	81.425	53.775	123.500693	122.455095	139.4454	15.944707	16.990305	NA
2436879	81.475	53.775	123.513307	122.45616	139.438946	15.925639	16.982786	NA
2436880	81.525	53.775	123.659052	122.186851	139.430132	15.771081	17.243281	NA
2436881	81.575	53.775	123.825518	122.397606	139.425104	15.599586	17.027498	NA
2436882	81.625	53.775	NA	NA	139.414468	NA	NA	NA
2436883	81.675	53.775	NA	NA	139.403483	NA	NA	NA
2436884	81.725	53.775	NA	NA	139.39675	NA	NA	NA
2436885	81.775	53.775	123.694378	122.485431	139.396777	15.702399	16.911345	NA
2436886	81.825	53.775	123.578204	122.469147	139.37311	15.794906	16.903963	NA
2436992	87.125	53.775	122.240742	122.143204	130.616644	8.375903	8.473441	NA
2436993	87.175	53.775	122.624685	122.289564	130.733278	8.108594	8.443714	NA
2436994	87.225	53.775	123.031974	122.419176	117.519621	-5.512353	-4.899555	NA
2436996	87.325	53.775	NA	NA	132.720113	NA	NA	NA
2436997	87.375	53.775	NA	NA	132.70509	NA	NA	NA
2436999	87.475	53.775	NA	NA	116.906306	NA	NA	NA
2437000	87.525	53.775	NA	NA	132.846733	NA	NA	NA
2437001	87.575	53.775	NA	NA	132.838053	NA	NA	NA
2437002	87.625	53.775	NA	NA	132.831524	NA	NA	NA
2437003	87.675	53.775	NA	NA	132.872184	NA	NA	NA
2437004	87.725	53.775	NA	NA	132.868097	NA	NA	NA
2437005	87.775	53.775	NA	NA	132.896358	NA	NA	NA
2437078	91.425	53.775	NA	NA	120.06264	NA	NA	NA
2437079	91.475	53.775	125.857157	123.469383	133.434652	7.577495	9.965269	NA
2437314	103.225	53.775	131.435955	122.883861	116.838688	-14.597267	-6.045174	NA
2437315	103.275	53.775	131.203532	122.684447	121.501659	-9.701873	-1.182788	NA
2439426	-117.175	53.725	NA	NA	150.959948	NA	NA	NA
2443269	74.975	53.725	NA	NA	107.501906	NA	NA	NA
2443270	75.025	53.725	123.52558	122.474964	131.44834	7.92276	8.973376	NA
2443271	75.075	53.725	NA	NA	131.4268	NA	NA	NA
2443406	81.825	53.725	NA	NA	110.469021	NA	NA	NA
2443407	81.875	53.725	124.135234	122.675749	139.36632	15.231086	16.690571	NA
2443408	81.925	53.725	123.552504	122.377752	139.346381	15.793877	16.968628	NA
2443409	81.975	53.725	NA	NA	139.332742	NA	NA	NA
2443410	82.025	53.725	NA	NA	139.324696	NA	NA	NA
2443411	82.075	53.725	123.387376	122.353841	139.320444	15.933068	16.966603	NA
2443412	82.125	53.725	123.731315	122.386059	139.309729	15.578413	16.923669	NA
2443413	82.175	53.725	123.598024	122.384508	139.302664	15.70464	16.918156	NA
2443514	87.225	53.725	NA	NA	132.742445	NA	NA	NA
2443515	87.275	53.725	NA	NA	132.7213	NA	NA	NA
2443516	87.325	53.725	NA	NA	132.727056	NA	NA	NA
2443525	87.775	53.725	NA	NA	121.380677	NA	NA	NA
2443526	87.825	53.725	NA	NA	128.552355	NA	NA	NA
2443599	91.475	53.725	NA	NA	142.726215	NA	NA	NA
2443600	91.525	53.725	NA	NA	133.431929	NA	NA	NA
2443601	91.575	53.725	NA	NA	126.616299	NA	NA	NA
2443835	103.275	53.725	131.055605	122.485456	109.302714	-21.752892	-13.182743	NA
2443836	103.325	53.725	NA	NA	121.524968	NA	NA	NA
2445946	-117.175	53.675	NA	NA	151.538791	NA	NA	NA
2449791	75.075	53.675	NA	NA	105.806289	NA	NA	NA
2449792	75.125	53.675	123.431648	122.402014	131.422381	7.990733	9.020367	NA
2449933	82.175	53.675	123.766714	122.507465	139.309594	15.54288	16.802128	NA
2449934	82.225	53.675	123.891409	122.52706	139.298882	15.407474	16.771823	NA
2450046	87.825	53.675	NA	NA	128.515276	NA	NA	NA
2450120	91.525	53.675	NA	NA	118.872625	NA	NA	NA
2450121	91.575	53.675	124.419817	123.562294	126.626826	2.207008	3.064532	NA
2450356	103.325	53.675	NA	NA	119.650834	NA	NA	NA
2450357	103.375	53.675	NA	NA	121.563848	NA	NA	NA
2452464	-117.275	53.625	NA	NA	132.48997	NA	NA	NA
2452465	-117.225	53.625	NA	NA	151.683917	NA	NA	NA
2452466	-117.175	53.625	NA	NA	151.564329	NA	NA	NA
2456312	75.125	53.625	123.517719	122.416596	131.397402	7.879683	8.980806	NA
2456313	75.175	53.625	123.668433	122.367046	131.389727	7.721293	9.022681	NA
2456454	82.225	53.625	123.888059	122.511215	139.30342	15.415361	16.792205	NA
2456455	82.275	53.625	123.982094	122.451571	139.28738	15.305286	16.835809	NA
2456456	82.325	53.625	123.755143	122.378827	139.266717	15.511574	16.88789	NA
2456566	87.825	53.625	NA	NA	128.492096	NA	NA	NA
2456640	91.525	53.625	NA	NA	126.632022	NA	NA	NA
2456641	91.575	53.625	NA	NA	126.637007	NA	NA	NA
2456642	91.625	53.625	NA	NA	126.639701	NA	NA	NA
2456877	103.375	53.625	131.064266	122.641073	121.58848	-9.475786	-1.052593	NA
2458983	-117.325	53.575	NA	NA	151.892408	NA	NA	NA
2458984	-117.275	53.575	NA	NA	151.889455	NA	NA	NA
2462832	75.125	53.575	123.648937	122.318503	131.385406	7.736469	9.066903	NA
2462833	75.175	53.575	123.702293	122.309097	131.374061	7.671768	9.064964	NA
2462976	82.325	53.575	123.508036	122.28478	108.818706	-14.689331	-13.466075	NA
2462977	82.375	53.575	123.66245	122.340335	139.260142	15.597692	16.919806	NA
2463085	87.775	53.575	NA	NA	128.488155	NA	NA	NA
2463086	87.825	53.575	NA	NA	128.497064	NA	NA	NA
2463162	91.625	53.575	NA	NA	126.642315	NA	NA	NA
2463397	103.375	53.575	132.161962	123.833831	115.489951	-16.672011	-8.34388	NA
2469353	75.175	53.525	123.686368	122.295591	131.366426	7.680057	9.070835	NA
2469354	75.225	53.525	NA	NA	131.356369	NA	NA	NA
2469355	75.275	53.525	123.29001	122.22947	131.352067	8.062057	9.122597	NA
2469356	75.325	53.525	123.344715	122.281442	131.341653	7.996939	9.060212	NA
2469357	75.375	53.525	123.562449	122.387952	131.336769	7.77432	8.948817	NA
2469497	82.375	53.525	123.874588	122.354977	139.236365	15.361777	16.881388	NA
2469498	82.425	53.525	123.825692	122.322265	114.685252	-9.14044	-7.637014	NA
2469512	83.125	53.525	123.484368	122.317084	139.06534	15.580972	16.748256	NA
2469513	83.175	53.525	123.844812	122.371964	139.026182	15.18137	16.654218	NA
2469514	83.225	53.525	123.776474	122.395606	140.509366	16.732892	18.113759	NA
2469605	87.775	53.525	NA	NA	128.51304	NA	NA	NA
2469606	87.825	53.525	NA	NA	124.097422	NA	NA	NA
2469682	91.625	53.525	NA	NA	101.807104	NA	NA	NA
2469683	91.675	53.525	NA	NA	126.648619	NA	NA	NA
2469684	91.725	53.525	123.728012	123.034694	126.655043	2.92703	3.620349	NA
2469685	91.775	53.525	124.39715	123.053196	126.658562	2.261411	3.605366	NA
2469917	103.375	53.525	132.08634	124.7932	121.635331	-10.451008	-3.157869	NA
2475877	75.375	53.475	NA	NA	131.331654	NA	NA	NA
2475878	75.425	53.475	123.67404	122.420143	131.323247	7.649207	8.903104	NA
2475879	75.475	53.475	123.325037	122.286257	105.2694	-18.055637	-17.016857	NA
2476018	82.425	53.475	123.659634	122.300456	139.220051	15.560416	16.919595	NA
2476019	82.475	53.475	123.366514	122.13735	139.186274	15.819761	17.048925	NA
2476029	82.975	53.475	123.984474	122.500813	113.769171	-10.215302	-8.731641	NA
2476030	83.025	53.475	123.225044	122.301723	139.092705	15.867661	16.790982	NA
2476031	83.075	53.475	123.377238	122.269078	139.081699	15.704461	16.812621	NA
2476032	83.125	53.475	123.50388	122.194266	139.070286	15.566407	16.87602	NA
2476034	83.225	53.475	124.463793	122.603886	120.468963	-3.99483	-2.134923	NA
2476035	83.275	53.475	123.538788	122.31029	140.496502	16.957714	18.186212	NA
2476126	87.825	53.475	NA	NA	128.560167	NA	NA	NA
2476127	87.875	53.475	NA	NA	123.977138	NA	NA	NA
2476128	87.925	53.475	NA	NA	128.721095	NA	NA	NA
2476129	87.975	53.475	NA	NA	128.676774	NA	NA	NA
2476205	91.775	53.475	NA	NA	126.663569	NA	NA	NA
2476206	91.825	53.475	NA	NA	126.666846	NA	NA	NA
2476207	91.875	53.475	NA	NA	126.673052	NA	NA	NA
2476208	91.925	53.475	NA	NA	111.279286	NA	NA	NA
2476437	103.375	53.475	132.149015	125.269948	121.646676	-10.502339	-3.623272	NA
2482399	75.475	53.425	123.375327	122.263393	131.318409	7.943081	9.055015	NA
2482539	82.475	53.425	123.23542	122.040652	119.757053	-3.478366	-2.283599	NA
2482540	82.525	53.425	123.385458	122.227648	139.168369	15.782911	16.940721	NA
2482541	82.575	53.425	123.323799	122.300754	139.154642	15.830843	16.853888	NA
2482542	82.625	53.425	123.325191	122.072958	139.145558	15.820367	17.0726	NA
2482543	82.675	53.425	123.248077	122.125542	139.161226	15.91315	17.035684	NA
2482544	82.725	53.425	123.345614	122.002859	139.145561	15.799948	17.142702	NA
2482545	82.775	53.425	123.193953	122.077563	139.134609	15.940657	17.057046	NA
2482546	82.825	53.425	123.179943	122.220464	139.121657	15.941714	16.901193	NA
2482547	82.875	53.425	NA	NA	139.116658	NA	NA	NA
2482548	82.925	53.425	123.569665	122.429851	139.1096	15.539935	16.679749	NA
2482549	82.975	53.425	123.454364	122.201334	139.102473	15.648109	16.901139	NA
2482555	83.275	53.425	123.535232	122.252767	120.400084	-3.135147	-1.852683	NA
2482556	83.325	53.425	123.472506	122.289281	140.497535	17.025029	18.208254	NA
2482557	83.375	53.425	123.969526	122.484478	140.486933	16.517406	18.002455	NA
2482558	83.425	53.425	123.523491	122.230083	140.478799	16.955308	18.248716	NA
2482559	83.475	53.425	123.405786	122.197381	140.474859	17.069073	18.277478	NA
2482560	83.525	53.425	123.396394	122.262273	140.467801	17.071407	18.205528	NA
2482561	83.575	53.425	123.498466	122.356372	140.463064	16.964598	18.106692	NA
2482562	83.625	53.425	123.687978	122.542253	140.453622	16.765644	17.911369	NA
2482563	83.675	53.425	123.383538	122.130876	140.477868	17.094329	18.346991	NA
2482564	83.725	53.425	123.295859	122.114695	140.476883	17.181024	18.362188	NA
2482565	83.775	53.425	122.951688	122.151844	140.466175	17.514487	18.314331	NA
2482647	87.875	53.425	NA	NA	128.580725	NA	NA	NA
2482648	87.925	53.425	NA	NA	128.581721	NA	NA	NA
2482649	87.975	53.425	NA	NA	128.719029	NA	NA	NA
2482650	88.025	53.425	NA	NA	125.597546	NA	NA	NA
2482728	91.925	53.425	NA	NA	126.676468	NA	NA	NA
2482729	91.975	53.425	NA	NA	132.223714	NA	NA	NA
2482957	103.375	53.425	131.74285	124.583152	121.656747	-10.086102	-2.926405	NA
2488919	75.475	53.375	123.457113	122.244016	131.302314	7.8452	9.058298	NA
2488920	75.525	53.375	NA	NA	131.292074	NA	NA	NA
2489085	83.775	53.375	122.951688	122.151844	117.179277	-5.772411	-4.972568	NA
2489086	83.825	53.375	122.898094	122.254079	140.476852	17.578757	18.222773	NA
2489170	88.025	53.375	NA	NA	128.718583	NA	NA	NA
2489171	88.075	53.375	NA	NA	128.682028	NA	NA	NA
2489172	88.125	53.375	NA	NA	128.677748	NA	NA	NA
2489173	88.175	53.375	NA	NA	128.675253	NA	NA	NA
2489174	88.225	53.375	NA	NA	128.65718	NA	NA	NA
2489175	88.275	53.375	NA	NA	128.649301	NA	NA	NA
2489176	88.325	53.375	NA	NA	128.642129	NA	NA	NA
2489177	88.375	53.375	NA	NA	128.634707	NA	NA	NA
2489248	91.925	53.375	NA	NA	126.446316	NA	NA	NA
2489249	91.975	53.375	NA	NA	99.073741	NA	NA	NA
2489477	103.375	53.375	131.134584	124.465562	121.666554	-9.46803	-2.799008	NA
2495439	75.475	53.325	NA	NA	131.287281	NA	NA	NA
2495440	75.525	53.325	NA	NA	131.27735	NA	NA	NA
2495441	75.575	53.325	NA	NA	131.26673	NA	NA	NA
2495605	83.775	53.325	NA	NA	140.498907	NA	NA	NA
2495606	83.825	53.325	123.047239	122.270132	140.531652	17.484414	18.26152	NA
2495697	88.375	53.325	NA	NA	128.47488	NA	NA	NA
2495698	88.425	53.325	NA	NA	128.498161	NA	NA	NA
2495766	91.825	53.325	NA	NA	105.679837	NA	NA	NA
2495767	91.875	53.325	NA	NA	126.464412	NA	NA	NA
2495768	91.925	53.325	NA	NA	126.455589	NA	NA	NA
2495997	103.375	53.325	129.933283	124.573987	121.674543	-8.258739	-2.899444	NA
2501961	75.575	53.275	124.334766	122.665215	131.262359	6.927593	8.597144	NA
2501962	75.625	53.275	124.296815	122.643918	131.254639	6.957824	8.610721	NA
2502125	83.775	53.275	123.291722	122.34664	140.61213	17.320408	18.26549	NA
2502216	88.325	53.275	NA	NA	128.435753	NA	NA	NA
2502217	88.375	53.275	NA	NA	128.459456	NA	NA	NA
2502517	103.375	53.275	129.599572	124.539765	121.681038	-7.918534	-2.858727	NA
2508482	75.625	53.225	NA	NA	104.504951	NA	NA	NA
2508483	75.675	53.225	123.711437	122.286408	131.250282	7.538845	8.963875	NA
2508645	83.775	53.225	123.463828	122.210629	140.60192	17.138092	18.391291	NA
2508646	83.825	53.225	123.562974	122.362924	140.596764	17.033789	18.23384	NA
2508736	88.325	53.225	NA	NA	128.426336	NA	NA	NA
2509037	103.375	53.225	130.109842	124.790898	121.682106	-8.427735	-3.108792	NA
2515003	75.675	53.175	NA	NA	107.808705	NA	NA	NA
2515004	75.725	53.175	NA	NA	131.233958	NA	NA	NA
2515005	75.775	53.175	123.597026	122.403909	131.219461	7.622435	8.815551	NA
2515165	83.775	53.175	NA	NA	140.608026	NA	NA	NA
2515166	83.825	53.175	123.435364	122.319123	123.005735	-0.429629	0.686612	NA
2515167	83.875	53.175	NA	NA	122.912612	NA	NA	NA
2515256	88.325	53.175	NA	NA	127.75767	NA	NA	NA
2515257	88.375	53.175	NA	NA	127.777937	NA	NA	NA
2515319	91.475	53.175	NA	NA	118.128143	NA	NA	NA
2515320	91.525	53.175	NA	NA	117.56403	NA	NA	NA
2515321	91.575	53.175	NA	NA	111.719619	NA	NA	NA
2515322	91.625	53.175	NA	NA	113.996234	NA	NA	NA
2515323	91.675	53.175	NA	NA	126.506046	NA	NA	NA
2515324	91.725	53.175	NA	NA	126.497835	NA	NA	NA
2515557	103.375	53.175	129.993084	124.539407	121.68998	-8.303104	-2.849427	NA
2521525	75.775	53.125	123.92978	122.426254	131.213601	7.28382	8.787347	NA
2521526	75.825	53.125	NA	NA	131.204392	NA	NA	NA
2521685	83.775	53.125	123.920227	122.466637	140.589368	16.669141	18.122731	NA
2521686	83.825	53.125	123.590022	122.399911	120.918958	-2.671063	-1.480953	NA
2521776	88.325	53.125	NA	NA	127.783966	NA	NA	NA
2521777	88.375	53.125	NA	NA	127.806608	NA	NA	NA
2521838	91.425	53.125	122.777632	123.1427	126.527077	3.749445	3.384377	NA
2521839	91.475	53.125	NA	NA	126.521254	NA	NA	NA
2521841	91.575	53.125	NA	NA	126.514836	NA	NA	NA
2521842	91.625	53.125	NA	NA	126.509898	NA	NA	NA
2522077	103.375	53.125	128.875558	124.580136	121.691518	-7.184039	-2.888617	NA
2528046	75.825	53.075	NA	NA	131.197804	NA	NA	NA
2528047	75.875	53.075	NA	NA	131.182781	NA	NA	NA
2528051	76.075	53.075	NA	NA	131.147985	NA	NA	NA
2528052	76.125	53.075	NA	NA	131.135432	NA	NA	NA
2528203	83.675	53.075	123.350956	122.298536	140.504712	17.153757	18.206177	NA
2528204	83.725	53.075	123.431689	122.349817	140.548023	17.116334	18.198205	NA
2528205	83.775	53.075	NA	NA	120.897194	NA	NA	NA
2528206	83.825	53.075	NA	NA	120.896022	NA	NA	NA
2528296	88.325	53.075	NA	NA	126.672225	NA	NA	NA
2528297	88.375	53.075	NA	NA	127.80646	NA	NA	NA
2528298	88.425	53.075	NA	NA	127.778293	NA	NA	NA
2528358	91.425	53.075	NA	NA	126.537535	NA	NA	NA
2528597	103.375	53.075	127.31794	123.996913	121.696369	-5.62157	-2.300544	NA
2534567	75.875	53.025	NA	NA	131.176849	NA	NA	NA
2534568	75.925	53.025	NA	NA	131.168356	NA	NA	NA
2534569	75.975	53.025	NA	NA	131.16093	NA	NA	NA
2534570	76.025	53.025	124.079091	122.49782	131.154358	7.075266	8.656538	NA
2534571	76.075	53.025	NA	NA	103.797814	NA	NA	NA
2534572	76.125	53.025	NA	NA	131.129694	NA	NA	NA
2534573	76.175	53.025	NA	NA	131.121557	NA	NA	NA
2534574	76.225	53.025	NA	NA	131.111753	NA	NA	NA
2534722	83.625	53.025	123.272053	122.484446	140.486605	17.214552	18.002159	NA
2534723	83.675	53.025	NA	NA	108.50622	NA	NA	NA
2534817	88.375	53.025	NA	NA	127.791805	NA	NA	NA
2534818	88.425	53.025	NA	NA	127.768192	NA	NA	NA
2534878	91.425	53.025	NA	NA	124.660671	NA	NA	NA
2534879	91.475	53.025	NA	NA	126.542601	NA	NA	NA
2534880	91.525	53.025	NA	NA	129.243818	NA	NA	NA
2541094	76.225	52.975	NA	NA	131.109868	NA	NA	NA
2541242	83.625	52.975	123.443731	122.438444	140.470712	17.026982	18.032268	NA
2541337	88.375	52.975	NA	NA	127.59364	NA	NA	NA
2541338	88.425	52.975	NA	NA	127.765083	NA	NA	NA
2541399	91.475	52.975	122.510005	122.755065	126.542422	4.032417	3.787357	NA
2541400	91.525	52.975	122.450748	122.757069	126.543671	4.092922	3.786602	NA
2541641	103.575	52.975	129.22944	124.772352	121.720599	-7.508841	-3.051753	NA
2547614	76.225	52.925	NA	NA	131.088461	NA	NA	NA
2547615	76.275	52.925	123.46708	122.178736	131.071426	7.604346	8.89269	NA
2547616	76.325	52.925	NA	NA	131.054411	NA	NA	NA
2547617	76.375	52.925	NA	NA	131.037372	NA	NA	NA
2547618	76.425	52.925	123.55023	122.219983	131.025362	7.475131	8.805379	NA
2547762	83.625	52.925	123.674155	122.413837	140.450443	16.776288	18.036606	NA
2547857	88.375	52.925	NA	NA	127.572432	NA	NA	NA
2547858	88.425	52.925	NA	NA	127.591198	NA	NA	NA
2547919	91.475	52.925	121.979782	123.081594	126.541172	4.56139	3.459578	NA
2548162	103.625	52.925	128.690023	124.41249	121.724194	-6.965829	-2.688296	NA
2548163	103.675	52.925	128.579671	124.352013	121.726365	-6.853305	-2.625648	NA
2554137	76.375	52.875	123.589531	122.26925	104.190442	-19.399089	-18.078807	NA
2554138	76.425	52.875	123.506504	122.232812	131.014803	7.508299	8.781991	NA
2554139	76.475	52.875	123.420222	122.18525	130.996301	7.576079	8.811051	NA
2554282	83.625	52.875	123.495564	122.338275	140.453728	16.958164	18.115453	NA
2554377	88.375	52.875	NA	NA	127.572536	NA	NA	NA
2554378	88.425	52.875	NA	NA	127.569915	NA	NA	NA
2554438	91.425	52.875	NA	NA	126.550107	NA	NA	NA
2554439	91.475	52.875	NA	NA	126.549721	NA	NA	NA
2554683	103.675	52.875	128.085051	124.270915	121.203139	-6.881911	-3.067776	NA
2554684	103.725	52.875	128.260627	124.043978	121.20634	-7.054287	-2.837638	NA
2560658	76.425	52.825	NA	NA	130.984205	NA	NA	NA
2560659	76.475	52.825	NA	NA	130.958587	NA	NA	NA
2560660	76.525	52.825	123.700115	122.283661	130.947982	7.247866	8.664321	NA
2560661	76.575	52.825	123.603851	122.332899	130.937963	7.334111	8.605064	NA
2560802	83.625	52.825	123.365736	122.391764	141.033924	17.668187	18.64216	NA
2560803	83.675	52.825	123.377513	122.329516	141.009504	17.631991	18.679988	NA
2560898	88.425	52.825	NA	NA	127.870838	NA	NA	NA
2560899	88.475	52.825	NA	NA	127.670262	NA	NA	NA
2560956	91.325	52.825	126.373028	123.959634	127.440954	1.067926	3.48132	NA
2560957	91.375	52.825	125.461826	123.649701	126.553703	1.091877	2.904002	NA
2560958	91.425	52.825	NA	NA	126.551292	NA	NA	NA
2561204	103.725	52.825	127.325005	124.056524	121.207244	-6.117761	-2.84928	NA
2567181	76.575	52.775	123.603851	122.332899	130.924796	7.320944	8.591897	NA
2567182	76.625	52.775	123.067597	122.163974	130.909341	7.841744	8.745367	NA
2567323	83.675	52.775	123.350198	122.314687	140.991448	17.64125	18.676761	NA
2567419	88.475	52.775	NA	NA	128.01356	NA	NA	NA
2567420	88.525	52.775	NA	NA	128.03919	NA	NA	NA
2567421	88.575	52.775	NA	NA	128.05942	NA	NA	NA
2567476	91.325	52.775	126.235962	123.92477	147.792202	21.55624	23.867432	NA
2573702	76.625	52.725	123.197917	122.161557	130.897238	7.699321	8.735681	NA
2573703	76.675	52.725	NA	NA	130.874916	NA	NA	NA
2573842	83.625	52.725	123.126806	122.207991	141.018264	17.891458	18.810273	NA
2573843	83.675	52.725	123.152626	122.193991	140.949757	17.79713	18.755766	NA
2573996	91.325	52.725	124.519972	123.906493	147.841499	23.321527	23.935006	NA
2580222	76.625	52.675	NA	NA	107.13899	NA	NA	NA
2580223	76.675	52.675	123.147907	122.085804	130.87027	7.722362	8.784465	NA
2580362	83.625	52.675	123.281546	122.336827	117.547511	-5.734034	-4.789316	NA
2580363	83.675	52.675	123.123251	122.120601	141.013842	17.890591	18.893241	NA
2580768	103.925	52.675	127.474993	123.989357	129.77431	2.299317	5.784953	NA
2586742	76.625	52.625	123.408777	122.153258	130.860216	7.451438	8.706958	NA
2586743	76.675	52.625	NA	NA	130.832191	NA	NA	NA
2586744	76.725	52.625	NA	NA	130.823421	NA	NA	NA
2586882	83.625	52.625	123.192983	122.335295	140.995912	17.802929	18.660617	NA
2587289	103.975	52.625	NA	NA	129.584491	NA	NA	NA
2593264	76.725	52.575	NA	NA	130.816836	NA	NA	NA
2593265	76.775	52.575	NA	NA	130.795644	NA	NA	NA
2593402	83.625	52.575	123.240175	122.288027	140.982017	17.741842	18.69399	NA
2593809	103.975	52.575	127.946164	124.262673	120.634585	-7.311579	-3.628088	NA
2599785	76.775	52.525	123.109907	122.110726	130.789317	7.67941	8.678591	NA
2599922	83.625	52.525	123.192594	122.318882	140.961477	17.768883	18.642595	NA
2599923	83.675	52.525	NA	NA	106.530319	NA	NA	NA
2600096	92.325	52.525	126.986465	124.486971	148.200341	21.213876	23.71337	NA
2606305	76.775	52.475	NA	NA	130.782137	NA	NA	NA
2606306	76.825	52.475	NA	NA	112.859705	NA	NA	NA
2606443	83.675	52.475	123.24969	122.210205	140.948712	17.699022	18.738507	NA
2606473	85.175	52.475	NA	NA	141.861579	NA	NA	NA
2606474	85.225	52.475	NA	NA	143.1285	NA	NA	NA
2606475	85.275	52.475	123.230315	122.425267	143.113524	19.883209	20.688257	NA
2606476	85.325	52.475	123.140543	122.415865	143.095017	19.954474	20.679152	NA
2606477	85.375	52.475	NA	NA	143.082249	NA	NA	NA
2612824	76.725	52.425	NA	NA	130.763029	NA	NA	NA
2612825	76.775	52.425	NA	NA	130.73827	NA	NA	NA
2612826	76.825	52.425	NA	NA	105.300275	NA	NA	NA
2612963	83.675	52.425	123.165116	122.293431	140.931479	17.766363	18.638048	NA
2612977	84.375	52.425	123.306451	122.046888	141.783862	18.477411	19.736974	NA
2612978	84.425	52.425	123.244366	121.592188	141.765007	18.520641	20.172819	NA
2612979	84.475	52.425	123.354362	121.870738	141.75441	18.400048	19.883672	NA
2612980	84.525	52.425	123.409102	122.494295	141.739079	18.329977	19.244784	NA
2612981	84.575	52.425	123.321028	122.341153	141.728324	18.407297	19.387171	NA
2612982	84.625	52.425	123.168461	122.245232	141.714005	18.545544	19.468773	NA
2612983	84.675	52.425	123.207994	122.190958	141.698339	18.490345	19.50738	NA
2612984	84.725	52.425	123.208319	122.001048	141.689097	18.480777	19.688049	NA
2612985	84.775	52.425	123.314821	122.239677	142.122744	18.807923	19.883067	NA
2612986	84.825	52.425	123.081506	122.254204	142.104027	19.022521	19.849823	NA
2612987	84.875	52.425	123.115846	122.128682	142.444769	19.328923	20.316087	NA
2612988	84.925	52.425	123.102281	122.510741	142.509951	19.40767	19.99921	NA
2612989	84.975	52.425	122.87311	122.511471	142.49224	19.61913	19.980769	NA
2612990	85.025	52.425	123.124101	122.419999	142.477322	19.353222	20.057323	NA
2612991	85.075	52.425	NA	NA	142.85838	NA	NA	NA
2612992	85.125	52.425	NA	NA	142.834938	NA	NA	NA
2612993	85.175	52.425	NA	NA	143.148636	NA	NA	NA
2612997	85.375	52.425	NA	NA	120.170378	NA	NA	NA
2612998	85.425	52.425	NA	NA	143.075276	NA	NA	NA
2612999	85.475	52.425	123.261803	122.386387	143.062275	19.800472	20.675888	NA
2613000	85.525	52.425	NA	NA	143.062942	NA	NA	NA
2613001	85.575	52.425	NA	NA	143.078345	NA	NA	NA
2613002	85.625	52.425	NA	NA	143.073895	NA	NA	NA
2613003	85.675	52.425	NA	NA	143.064848	NA	NA	NA
2613004	85.725	52.425	NA	NA	143.061481	NA	NA	NA
2613372	104.125	52.425	126.833909	123.814562	120.649353	-6.184556	-3.165208	NA
2613373	104.175	52.425	126.453606	123.744866	128.709114	2.255509	4.964249	NA
2619344	76.725	52.375	NA	NA	115.686764	NA	NA	NA
2619345	76.775	52.375	NA	NA	130.728528	NA	NA	NA
2619346	76.825	52.375	NA	NA	130.71124	NA	NA	NA
2619483	83.675	52.375	123.141358	122.285153	106.121011	-17.020347	-16.164142	NA
2619484	83.725	52.375	123.22543	122.244142	140.920648	17.695218	18.676506	NA
2619485	83.775	52.375	123.648959	122.335968	142.044825	18.395866	19.708856	NA
2619486	83.825	52.375	123.519471	122.244175	110.20226	-13.317211	-12.041915	NA
2619493	84.175	52.375	123.483465	122.480009	111.650351	-11.833115	-10.829658	NA
2619494	84.225	52.375	123.154969	122.084803	141.855493	18.700524	19.77069	NA
2619495	84.275	52.375	123.184249	122.19908	141.830343	18.646095	19.631263	NA
2619496	84.325	52.375	123.176693	122.133425	141.817061	18.640368	19.683636	NA
2619497	84.375	52.375	123.287986	122.031054	141.80288	18.514894	19.771826	NA
2619524	85.725	52.375	NA	NA	143.059469	NA	NA	NA
2619525	85.775	52.375	NA	NA	143.05181	NA	NA	NA
2619892	104.125	52.375	NA	NA	120.629303	NA	NA	NA
2619893	104.175	52.375	126.453606	123.744866	120.629966	-5.82364	-3.1149	NA
2619894	104.225	52.375	125.226023	123.363177	120.631494	-4.594529	-2.731683	NA
2619895	104.275	52.375	124.747706	123.197851	120.631641	-4.116065	-2.56621	NA
2625866	76.825	52.325	NA	NA	130.7028	NA	NA	NA
2625867	76.875	52.325	122.942506	122.132439	130.687235	7.744729	8.554796	NA
2625868	76.925	52.325	122.634625	122.084558	119.577948	-3.056676	-2.50661	NA
2626006	83.825	52.325	NA	NA	142.016161	NA	NA	NA
2626007	83.875	52.325	123.235278	122.193309	141.990769	18.755491	19.797461	NA
2626008	83.925	52.325	123.2331	122.292004	141.961462	18.728363	19.669459	NA
2626009	83.975	52.325	123.232944	122.095642	141.945542	18.712599	19.8499	NA
2626010	84.025	52.325	123.282962	122.24185	141.925042	18.64208	19.683192	NA
2626011	84.075	52.325	123.297506	122.090509	141.912124	18.614619	19.821615	NA
2626012	84.125	52.325	123.360028	122.054625	141.89785	18.537822	19.843225	NA
2626013	84.175	52.325	123.261593	121.998188	141.881131	18.619539	19.882944	NA
2626045	85.775	52.325	NA	NA	121.300821	NA	NA	NA
2626046	85.825	52.325	NA	NA	143.059568	NA	NA	NA
2626415	104.275	52.325	NA	NA	120.632512	NA	NA	NA
2632388	76.925	52.275	122.854762	122.141664	130.682702	7.82794	8.541038	NA
2632566	85.825	52.275	NA	NA	143.054683	NA	NA	NA
2632969	105.975	52.275	NA	NA	138.356039	NA	NA	NA
2632970	106.025	52.275	125.633171	122.14703	142.582332	16.949162	20.435302	NA
2632971	106.075	52.275	126.784617	122.15218	142.536372	15.751755	20.384192	NA
2632972	106.125	52.275	126.764201	122.200161	142.490304	15.726102	20.290143	NA
2632973	106.175	52.275	128.797506	122.282622	142.444209	13.646703	20.161588	NA
2632974	106.225	52.275	132.369202	124.103806	142.398047	10.028846	18.294241	NA
2638907	76.875	52.225	NA	NA	130.661561	NA	NA	NA
2638908	76.925	52.225	123.025866	122.183446	130.648399	7.622533	8.464953	NA
2639086	85.825	52.225	NA	NA	144.006002	NA	NA	NA
2639087	85.875	52.225	NA	NA	126.616552	NA	NA	NA
2639488	105.925	52.225	NA	NA	126.711212	NA	NA	NA
2639489	105.975	52.225	NA	NA	138.399983	NA	NA	NA
2645428	76.925	52.175	122.987882	122.183242	130.635446	7.647564	8.452204	NA
2645429	76.975	52.175	123.008621	122.186133	130.619268	7.610647	8.433136	NA
2645607	85.875	52.175	NA	NA	143.994794	NA	NA	NA
2646006	105.825	52.175	NA	NA	128.648293	NA	NA	NA
2646007	105.875	52.175	125.022276	122.133858	129.11473	4.092455	6.980872	NA
2646008	105.925	52.175	124.928419	122.106023	138.475868	13.54745	16.369845	NA
2651948	76.925	52.125	122.84364	122.12367	130.590588	7.746948	8.466918	NA
2651949	76.975	52.125	122.981555	122.177858	130.61153	7.629974	8.433671	NA
2652127	85.875	52.125	NA	NA	143.982427	NA	NA	NA
2652525	105.775	52.125	NA	NA	131.30819	NA	NA	NA
2652526	105.825	52.125	NA	NA	131.356575	NA	NA	NA
2658469	76.975	52.075	122.855758	122.148962	130.581626	7.725868	8.432664	NA
2658470	77.025	52.075	NA	NA	99.324817	NA	NA	NA
2658647	85.875	52.075	NA	NA	123.843256	NA	NA	NA
2658648	85.925	52.075	NA	NA	143.975145	NA	NA	NA
2659044	105.725	52.075	NA	NA	129.321526	NA	NA	NA
2659045	105.775	52.075	NA	NA	130.391762	NA	NA	NA
2664990	77.025	52.025	NA	NA	130.552091	NA	NA	NA
2664991	77.075	52.025	123.074797	122.20544	106.963692	-16.111105	-15.241748	NA
2665167	85.875	52.025	NA	NA	144.189393	NA	NA	NA
2665168	85.925	52.025	NA	NA	143.979469	NA	NA	NA
2665562	105.625	52.025	NA	NA	125.274324	NA	NA	NA
2665563	105.675	52.025	NA	NA	126.884976	NA	NA	NA
2665564	105.725	52.025	NA	NA	127.02765	NA	NA	NA
2671511	77.075	51.975	123.056992	122.19737	130.532843	7.475851	8.335473	NA
2671512	77.125	51.975	123.059548	122.186668	130.509067	7.449519	8.322399	NA
2671513	77.175	51.975	NA	NA	104.656379	NA	NA	NA
2671686	85.825	51.975	NA	NA	144.178173	NA	NA	NA
2671687	85.875	51.975	NA	NA	144.185177	NA	NA	NA
2672081	105.575	51.975	NA	NA	125.54989	NA	NA	NA
2672082	105.625	51.975	NA	NA	125.461996	NA	NA	NA
2678032	77.125	51.925	NA	NA	105.940306	NA	NA	NA
2678033	77.175	51.925	NA	NA	130.494755	NA	NA	NA
2678034	77.225	51.925	123.085907	122.23466	130.470644	7.384737	8.235984	NA
2678035	77.275	51.925	123.103445	122.229512	130.458315	7.354871	8.228803	NA
2678036	77.325	51.925	NA	NA	130.45095	NA	NA	NA
2678206	85.825	51.925	NA	NA	144.208661	NA	NA	NA
2678207	85.875	51.925	NA	NA	144.205	NA	NA	NA
2678600	105.525	51.925	NA	NA	126.169192	NA	NA	NA
2678601	105.575	51.925	NA	NA	125.918563	NA	NA	NA
2684556	77.325	51.875	NA	NA	105.660053	NA	NA	NA
2684557	77.375	51.875	123.199898	122.227494	130.445605	7.245707	8.218111	NA
2684724	85.725	51.875	NA	NA	144.209541	NA	NA	NA
2684725	85.775	51.875	NA	NA	144.211614	NA	NA	NA
2684726	85.825	51.875	NA	NA	144.21139	NA	NA	NA
2684727	85.875	51.875	NA	NA	144.204533	NA	NA	NA
2685118	105.425	51.875	NA	NA	131.380172	NA	NA	NA
2685119	105.475	51.875	NA	NA	129.833167	NA	NA	NA
2685120	105.525	51.875	NA	NA	130.253406	NA	NA	NA
2691077	77.375	51.825	NA	NA	99.552448	NA	NA	NA
2691078	77.425	51.825	123.172305	122.243651	130.419052	7.246746	8.1754	NA
2691244	85.725	51.825	NA	NA	144.286956	NA	NA	NA
2691245	85.775	51.825	NA	NA	144.275664	NA	NA	NA
2691626	104.825	51.825	128.107489	122.608404	135.095732	6.988243	12.487328	NA
2691627	104.875	51.825	NA	NA	130.865875	NA	NA	NA
2691636	105.325	51.825	NA	NA	131.640104	NA	NA	NA
2691637	105.375	51.825	NA	NA	130.998675	NA	NA	NA
2691638	105.425	51.825	NA	NA	138.390352	NA	NA	NA
2697598	77.425	51.775	123.266568	122.244746	130.388831	7.122264	8.144085	NA
2697599	77.475	51.775	123.190527	122.249236	130.404353	7.213826	8.155117	NA
2697764	85.725	51.775	NA	NA	144.27844	NA	NA	NA
2698147	104.875	51.775	NA	NA	128.506943	NA	NA	NA
2698148	104.925	51.775	NA	NA	129.041507	NA	NA	NA
2698154	105.225	51.775	127.223153	122.17496	131.990615	4.767462	9.815655	NA
2698155	105.275	51.775	NA	NA	138.050437	NA	NA	NA
2698156	105.325	51.775	NA	NA	138.056497	NA	NA	NA
2704118	77.425	51.725	123.185242	122.2281	130.381035	7.195793	8.152935	NA
2704284	85.725	51.725	NA	NA	144.273114	NA	NA	NA
2704285	85.775	51.725	NA	NA	144.268111	NA	NA	NA
2704668	104.925	51.725	NA	NA	126.985364	NA	NA	NA
2704669	104.975	51.725	NA	NA	127.665303	NA	NA	NA
2704670	105.025	51.725	NA	NA	137.758102	NA	NA	NA
2704671	105.075	51.725	127.378625	122.339718	137.803517	10.424892	15.463799	NA
2704672	105.125	51.725	127.235419	122.487655	138.012406	10.776986	15.524751	NA
2704673	105.175	51.725	127.252963	122.365159	138.020926	10.767963	15.655768	NA
2704674	105.225	51.725	127.223153	122.17496	138.035336	10.812183	15.860376	NA
2710638	77.425	51.675	123.194356	122.29492	130.361843	7.167486	8.066923	NA
2710804	85.725	51.675	NA	NA	128.0874	NA	NA	NA
2717158	77.425	51.625	123.148088	122.274826	130.348812	7.200724	8.073986	NA
2723678	77.425	51.575	NA	NA	130.333597	NA	NA	NA
2723679	77.475	51.575	123.220323	122.22646	130.321389	7.101065	8.094929	NA
2723680	77.525	51.575	123.220323	122.22646	103.146732	-20.073591	-19.079727	NA
2730199	77.475	51.525	123.295355	122.22796	130.317346	7.021991	8.089387	NA
2730200	77.525	51.525	123.29461	122.227909	130.308378	7.013768	8.080469	NA
2730201	77.575	51.525	123.230517	122.235049	130.303709	7.073192	8.068661	NA
2730202	77.625	51.525	NA	NA	130.292692	NA	NA	NA
2730203	77.675	51.525	NA	NA	130.285165	NA	NA	NA
2736723	77.675	51.475	123.236804	122.328853	130.277549	7.040745	7.948696	NA
2736724	77.725	51.475	123.256522	122.312553	130.258021	7.001499	7.945469	NA
2736725	77.775	51.475	NA	NA	130.251263	NA	NA	NA
2743245	77.775	51.425	NA	NA	106.097561	NA	NA	NA
2743246	77.825	51.425	123.207859	122.278049	130.244663	7.036804	7.966614	NA
2749766	77.825	51.375	123.24345	122.271806	106.156983	-17.086467	-16.114823	NA
2749767	77.875	51.375	123.206289	122.301077	130.220338	7.014049	7.919261	NA
2756287	77.875	51.325	123.208504	122.301426	105.799509	-17.408995	-16.501917	NA
2756288	77.925	51.325	123.21687	122.378315	130.207255	6.990385	7.82894	NA
2756289	77.975	51.325	NA	NA	130.193295	NA	NA	NA
2762809	77.975	51.275	NA	NA	130.189165	NA	NA	NA
2762810	78.025	51.275	123.229877	122.279888	130.181126	6.951248	7.901238	NA
2762811	78.075	51.275	NA	NA	130.175795	NA	NA	NA
2769330	78.025	51.225	NA	NA	130.167817	NA	NA	NA
2769331	78.075	51.225	NA	NA	130.173184	NA	NA	NA
2775850	78.025	51.175	NA	NA	130.155645	NA	NA	NA
2775851	78.075	51.175	123.162421	122.344389	130.141701	6.97928	7.797312	NA
2775852	78.125	51.175	123.176073	122.334405	130.129221	6.953148	7.794816	NA
2782371	78.075	51.125	123.21269	122.367112	130.11574	6.903051	7.748628	NA
2788891	78.075	51.075	NA	NA	130.096535	NA	NA	NA
2788892	78.125	51.075	123.214714	122.313966	130.084853	6.870139	7.770887	NA
2795412	78.125	51.025	123.206411	122.303603	130.0796	6.873189	7.775997	NA
2795413	78.175	51.025	NA	NA	130.06804	NA	NA	NA
2801933	78.175	50.975	123.122472	122.394139	130.062729	6.940258	7.66859	NA
2801934	78.225	50.975	123.119661	122.417857	130.051815	6.932154	7.633958	NA
2808454	78.225	50.925	123.129095	122.380392	130.045921	6.916826	7.665529	NA
2808455	78.275	50.925	123.140085	122.406164	104.907357	-18.232728	-17.498807	NA
2814975	78.275	50.875	123.139962	122.39958	130.033501	6.893539	7.633921	NA
2814976	78.325	50.875	123.082684	122.40641	130.007757	6.925073	7.601347	NA
2814977	78.375	50.875	123.099141	122.377301	130.149344	7.050203	7.772042	NA
2821497	78.375	50.825	123.095017	122.356838	104.46447	-18.630546	-17.892367	NA
2821498	78.425	50.825	123.111568	122.334704	130.143073	7.031505	7.808369	NA
2821499	78.475	50.825	123.141499	122.45876	130.123669	6.98217	7.664909	NA
2821500	78.525	50.825	NA	NA	104.742655	NA	NA	NA
2828020	78.525	50.775	123.039677	122.374593	130.100367	7.06069	7.725774	NA
2828021	78.575	50.775	123.01616	122.351399	130.134321	7.118161	7.782921	NA
2834541	78.575	50.725	123.015316	122.414673	103.068817	-19.946499	-19.345855	NA
2834542	78.625	50.725	123.027504	122.382652	130.180009	7.152505	7.797357	NA
2834543	78.675	50.725	123.154937	122.427345	130.162454	7.007517	7.73511	NA
2841063	78.675	50.675	123.154539	122.427788	102.928977	-20.225562	-19.498811	NA
2841064	78.725	50.675	123.133947	122.450705	130.157381	7.023434	7.706676	NA
2841065	78.775	50.675	NA	NA	130.133392	NA	NA	NA
2841072	79.125	50.675	NA	NA	130.076851	NA	NA	NA
2841073	79.175	50.675	NA	NA	130.060136	NA	NA	NA
2841074	79.225	50.675	NA	NA	130.051148	NA	NA	NA
2841076	79.325	50.675	NA	NA	130.679464	NA	NA	NA
2847585	78.775	50.625	123.089549	122.42259	130.125229	7.03568	7.702639	NA
2847586	78.825	50.625	123.190883	122.44595	130.132	6.941117	7.68605	NA
2847587	78.875	50.625	123.041054	122.252543	130.116614	7.075559	7.864071	NA
2847588	78.925	50.625	NA	NA	130.112598	NA	NA	NA
2847589	78.975	50.625	NA	NA	130.103437	NA	NA	NA
2847590	79.025	50.625	NA	NA	130.101211	NA	NA	NA
2847591	79.075	50.625	NA	NA	130.09034	NA	NA	NA
2847592	79.125	50.625	NA	NA	130.082269	NA	NA	NA
2847594	79.225	50.625	NA	NA	130.043275	NA	NA	NA
2847595	79.275	50.625	NA	NA	130.033455	NA	NA	NA
2847596	79.325	50.625	NA	NA	130.684921	NA	NA	NA
2847597	79.375	50.625	NA	NA	130.672723	NA	NA	NA
2847598	79.425	50.625	NA	NA	130.663556	NA	NA	NA
2847599	79.475	50.625	NA	NA	130.659681	NA	NA	NA
2854119	79.475	50.575	NA	NA	98.583354	NA	NA	NA
2854120	79.525	50.575	NA	NA	130.654622	NA	NA	NA
2854121	79.575	50.575	NA	NA	130.645621	NA	NA	NA
2860641	79.575	50.525	NA	NA	100.755553	NA	NA	NA
2860642	79.625	50.525	NA	NA	130.647599	NA	NA	NA
2860643	79.675	50.525	NA	NA	130.63903	NA	NA	NA
2860644	79.725	50.525	NA	NA	130.619054	NA	NA	NA
2860651	80.075	50.525	NA	NA	130.593021	NA	NA	NA
2867163	79.675	50.475	NA	NA	130.627931	NA	NA	NA
2867164	79.725	50.475	NA	NA	130.611927	NA	NA	NA
2867165	79.775	50.475	NA	NA	130.603819	NA	NA	NA
2867166	79.825	50.475	NA	NA	130.59736	NA	NA	NA
2867167	79.875	50.475	NA	NA	130.585629	NA	NA	NA
2867168	79.925	50.475	NA	NA	130.582484	NA	NA	NA
2867169	79.975	50.475	NA	NA	130.572354	NA	NA	NA
2867170	80.025	50.475	NA	NA	130.56477	NA	NA	NA
2867171	80.075	50.475	NA	NA	130.58544	NA	NA	NA
2867172	80.125	50.475	NA	NA	130.583209	NA	NA	NA
2867173	80.175	50.475	NA	NA	130.58174	NA	NA	NA
2867174	80.225	50.475	NA	NA	106.504963	NA	NA	NA
2873694	80.225	50.425	NA	NA	130.605551	NA	NA	NA
2873709	80.975	50.425	NA	NA	131.303649	NA	NA	NA
2873710	81.025	50.425	NA	NA	103.170155	NA	NA	NA
2873711	81.075	50.425	NA	NA	131.302145	NA	NA	NA
2880214	80.225	50.375	NA	NA	114.392868	NA	NA	NA
2880215	80.275	50.375	122.69729	122.164185	130.607932	7.910643	8.443747	NA
2880216	80.325	50.375	122.69729	122.164185	130.604695	7.907405	8.44051	NA
2880217	80.375	50.375	NA	NA	130.596512	NA	NA	NA
2880218	80.425	50.375	NA	NA	130.58313	NA	NA	NA
2880219	80.475	50.375	NA	NA	130.580217	NA	NA	NA
2880220	80.525	50.375	NA	NA	130.599291	NA	NA	NA
2880221	80.575	50.375	NA	NA	130.595225	NA	NA	NA
2880222	80.625	50.375	NA	NA	130.592616	NA	NA	NA
2880223	80.675	50.375	NA	NA	130.592508	NA	NA	NA
2880224	80.725	50.375	NA	NA	130.586915	NA	NA	NA
2880225	80.775	50.375	NA	NA	98.512736	NA	NA	NA
2880226	80.825	50.375	NA	NA	130.572634	NA	NA	NA
2880227	80.875	50.375	NA	NA	130.588739	NA	NA	NA
2880228	80.925	50.375	NA	NA	131.307363	NA	NA	NA
2880229	80.975	50.375	NA	NA	131.30323	NA	NA	NA
2880230	81.025	50.375	NA	NA	131.3087	NA	NA	NA
2880231	81.075	50.375	123.159136	122.531774	103.028516	-20.130621	-19.503259	NA
2880232	81.125	50.375	123.607605	122.784874	131.296244	7.688638	8.51137	NA
2880233	81.175	50.375	123.798467	122.827121	131.288615	7.490149	8.461494	NA
2886744	80.725	50.325	NA	NA	99.965675	NA	NA	NA
2886745	80.775	50.325	NA	NA	130.577795	NA	NA	NA
2886753	81.175	50.325	123.704613	122.760143	100.821434	-22.883178	-21.938708	NA
2886754	81.225	50.325	125.49641	124.306949	131.332346	5.835936	7.025397	NA
2886755	81.275	50.325	125.363308	124.774098	131.317212	5.953905	6.543114	NA
2886756	81.325	50.325	125.207039	125.109187	131.287549	6.08051	6.178362	NA
2886757	81.375	50.325	124.983072	124.31857	131.494889	6.511817	7.176319	NA
2886758	81.425	50.325	NA	NA	131.483014	NA	NA	NA
2886759	81.475	50.325	NA	NA	131.458244	NA	NA	NA
2886760	81.525	50.325	NA	NA	131.445454	NA	NA	NA
2886761	81.575	50.325	NA	NA	102.869836	NA	NA	NA
2893281	81.575	50.275	123.764796	122.859536	131.43949	7.674694	8.579955	NA
2893282	81.625	50.275	123.990393	122.974137	131.394879	7.404486	8.420742	NA
2893284	81.725	50.275	123.87687	123.373913	131.951445	8.074575	8.577531	NA
2899802	81.625	50.225	NA	NA	103.355369	NA	NA	NA
2899803	81.675	50.225	123.566563	122.706623	103.063981	-20.502582	-19.642642	NA
2899804	81.725	50.225	123.261318	122.937843	104.058553	-19.202765	-18.87929	NA
2899805	81.775	50.225	123.402892	122.634506	131.957885	8.554992	9.323379	NA
2899807	81.875	50.225	NA	NA	132.003761	NA	NA	NA
2899808	81.925	50.225	NA	NA	132.002519	NA	NA	NA
2899809	81.975	50.225	NA	NA	132.002505	NA	NA	NA
2899810	82.025	50.225	NA	NA	132.036313	NA	NA	NA
2899811	82.075	50.225	NA	NA	108.768262	NA	NA	NA
2899812	82.125	50.225	NA	NA	132.075421	NA	NA	NA
2899813	82.175	50.225	NA	NA	132.098784	NA	NA	NA
2899814	82.225	50.225	NA	NA	132.101204	NA	NA	NA
2899815	82.275	50.225	NA	NA	132.198469	NA	NA	NA
2906325	81.775	50.175	NA	NA	104.863323	NA	NA	NA
2906326	81.825	50.175	NA	NA	131.952141	NA	NA	NA
2906327	81.875	50.175	NA	NA	107.761073	NA	NA	NA
2906330	82.025	50.175	NA	NA	108.326249	NA	NA	NA
2906331	82.075	50.175	NA	NA	132.042793	NA	NA	NA
2906335	82.275	50.175	NA	NA	132.205405	NA	NA	NA
2912855	82.275	50.125	NA	NA	132.21473	NA	NA	NA
2912856	82.325	50.125	NA	NA	132.216793	NA	NA	NA
2919376	82.325	50.075	NA	NA	132.303159	NA	NA	NA
2919377	82.375	50.075	NA	NA	132.303474	NA	NA	NA
2919378	82.425	50.075	NA	NA	107.489239	NA	NA	NA
2925898	82.425	50.025	NA	NA	132.640904	NA	NA	NA
2925899	82.475	50.025	NA	NA	132.631345	NA	NA	NA
2925900	82.525	50.025	NA	NA	132.649831	NA	NA	NA
2932420	82.525	49.975	NA	NA	132.667042	NA	NA	NA
2932421	82.575	49.975	NA	NA	132.668613	NA	NA	NA
2938941	82.575	49.925	NA	NA	132.674964	NA	NA	NA
2938942	82.625	49.925	NA	NA	132.8399	NA	NA	NA
2938943	82.675	49.925	NA	NA	132.85977	NA	NA	NA
2938944	82.725	49.925	123.236424	122.337757	133.224004	9.98758	10.886247	NA
2938945	82.775	49.925	123.566278	122.488335	133.229732	9.663454	10.741398	NA
2945463	82.675	49.875	NA	NA	112.742325	NA	NA	NA
2945464	82.725	49.875	122.873347	122.121475	132.869488	9.996141	10.748013	NA
2945465	82.775	49.875	NA	NA	133.234819	NA	NA	NA
2945466	82.825	49.875	124.366454	122.564169	133.245274	8.87882	10.681105	NA
2945467	82.875	49.875	124.153131	122.562168	133.257562	9.104431	10.695395	NA
2951987	82.875	49.825	124.146615	122.573139	133.306986	9.160372	10.733847	NA
2951988	82.925	49.825	123.783719	122.551503	133.312284	9.528566	10.760781	NA
2958508	82.925	49.775	123.126561	122.347547	133.36082	10.234259	11.013273	NA
2958509	82.975	49.775	123.143207	122.332578	133.365533	10.222326	11.032955	NA
2965029	82.975	49.725	122.93927	122.18108	133.400461	10.46119	11.21938	NA
2965030	83.025	49.725	NA	NA	133.40993	NA	NA	NA
2971550	83.025	49.675	NA	NA	133.483967	NA	NA	NA
2971551	83.075	49.675	NA	NA	133.71084	NA	NA	NA
2971552	83.125	49.675	NA	NA	133.769981	NA	NA	NA
2971553	83.175	49.675	NA	NA	133.775205	NA	NA	NA
2971554	83.225	49.675	122.034811	122.81784	133.779414	11.744603	10.961574	NA
2971555	83.275	49.675	122.186102	123.011453	133.824463	11.638361	10.81301	NA
2971556	83.325	49.675	122.646815	122.843928	133.831225	11.18441	10.987297	NA
2971557	83.375	49.675	NA	NA	133.884567	NA	NA	NA
2978076	83.325	49.625	NA	NA	113.477772	NA	NA	NA
2978077	83.375	49.625	123.942284	122.651558	139.601559	15.659275	16.950001	NA
2978078	83.425	49.625	124.46159	122.912924	139.590944	15.129355	16.67802	NA
2984598	83.425	49.575	124.579739	123.036548	116.015995	-8.563744	-7.020552	NA
2984599	83.475	49.575	125.338717	125.164654	139.594496	14.25578	14.429843	NA
2984600	83.525	49.575	125.159744	126.467778	139.747538	14.587794	13.27976	NA
2984601	83.575	49.575	124.721828	127.733575	139.753517	15.031689	12.019941	NA
2991121	83.575	49.525	124.455571	128.326321	140.896495	16.440924	12.570173	NA
2991122	83.625	49.525	124.593724	127.560527	140.888709	16.294985	13.328182	NA
2991123	83.675	49.525	NA	NA	104.972207	NA	NA	NA
2997643	83.675	49.475	124.821572	125.136245	140.8908	16.069227	15.754555	NA
2997644	83.725	49.475	125.016715	127.253581	141.044032	16.027317	13.790451	NA
2997645	83.775	49.475	125.265879	125.771716	141.039825	15.773946	15.26811	NA
2997646	83.825	49.475	125.186162	123.746896	141.042295	15.856133	17.295399	NA
3004166	83.825	49.425	125.186162	123.746896	112.788098	-12.398064	-10.958798	NA
3004167	83.875	49.425	124.63322	122.746775	141.050863	16.417643	18.304088	NA
3004168	83.925	49.425	124.870775	122.706684	141.059939	16.189163	18.353255	NA
3010688	83.925	49.375	124.925152	122.643441	109.779382	-15.145769	-12.864059	NA
3010689	83.975	49.375	124.362991	122.566206	141.092753	16.729762	18.526546	NA
3010690	84.025	49.375	123.916213	122.669358	141.20951	17.293297	18.540152	NA
3017210	84.025	49.325	123.86083	122.661215	141.213211	17.35238	18.551995	NA
3017211	84.075	49.325	124.374833	122.74241	141.228324	16.853491	18.485913	NA
3023731	84.075	49.275	124.530502	122.804132	107.169673	-17.360829	-15.634459	NA
3023732	84.125	49.275	125.424177	123.066879	141.2339	15.809723	18.167021	NA
3023733	84.175	49.275	125.131317	123.034429	141.237364	16.106047	18.202935	NA
3030253	84.175	49.225	126.120143	124.942185	141.238	15.117857	16.295815	NA
3030254	84.225	49.225	125.229411	127.516018	141.252254	16.022843	13.736236	NA
3036774	84.225	49.175	125.098943	127.687798	141.233576	16.134633	13.545778	NA
3043292	84.125	49.125	124.627428	127.900927	107.933667	-16.693761	-19.96726	NA
3043293	84.175	49.125	124.439834	128.233616	142.316886	17.877053	14.08327	NA
3043294	84.225	49.125	124.21354	128.714886	142.445999	18.232458	13.731112	NA
3049808	83.925	49.075	125.26252	126.873395	105.824049	-19.438471	-21.049346	NA
3049809	83.975	49.075	125.250951	126.319667	142.338352	17.087402	16.018685	NA
3049810	84.025	49.075	125.345976	126.086303	142.341627	16.995651	16.255324	NA
3049811	84.075	49.075	124.974851	127.229828	142.30657	17.331719	15.076742	NA
3049812	84.125	49.075	124.627428	127.900927	142.310124	17.682696	14.409196	NA
3056324	83.725	49.025	125.658986	126.090425	101.497607	-24.161379	-24.592818	NA
3056325	83.775	49.025	125.436316	126.597286	142.261393	16.825077	15.664108	NA
3056326	83.825	49.025	125.177221	127.137829	142.323586	17.146365	15.185757	NA
3056327	83.875	49.025	124.97792	127.319297	142.318785	17.340865	14.999489	NA
3056328	83.925	49.025	125.037822	127.289368	142.31287	17.275048	15.023502	NA
3062841	83.575	48.975	125.954788	125.24881	142.268016	16.313228	17.019206	NA
3062842	83.625	48.975	125.591	126.14321	142.120536	16.529537	15.977327	NA
3062843	83.675	48.975	125.504767	126.346397	142.151107	16.646339	15.80471	NA
3062844	83.725	48.975	125.409654	126.59952	142.233628	16.823974	15.634108	NA
3069360	83.525	48.925	125.60741	124.128689	142.224427	16.617017	18.095738	NA
3069361	83.575	48.925	125.659479	124.794997	142.25101	16.591531	17.456012	NA
3075879	83.475	48.875	125.90037	124.413125	142.23436	16.33399	17.821236	NA
3075880	83.525	48.875	125.771997	124.308583	98.852528	-26.919469	-25.456055	NA
3082398	83.425	48.825	125.832355	123.861339	99.099349	-26.733005	-24.761989	NA
3082399	83.475	48.825	125.887493	124.185954	142.231639	16.344146	18.045685	NA
3088918	83.425	48.775	124.68434	122.971345	142.569056	17.884715	19.59771	NA
3095438	83.425	48.725	123.83082	122.904443	142.45118	18.62036	19.546737	NA
3101958	83.425	48.675	123.732161	123.067327	100.176456	-23.555705	-22.890872	NA
3101959	83.475	48.675	124.653871	123.205026	142.348654	17.694783	19.143628	NA
3108479	83.475	48.625	125.547481	124.338395	142.315548	16.768067	17.977153	NA
3114999	83.475	48.575	125.153663	125.332819	142.66371	17.510046	17.330891	NA
3121519	83.475	48.525	124.600281	127.612784	143.6075	19.007219	15.994716	NA
3128039	83.475	48.475	124.386029	128.029037	143.550235	19.164205	15.521197	NA
3128040	83.525	48.475	124.670034	126.579386	143.465022	18.794988	16.885636	NA
3134560	83.525	48.425	124.936108	126.028523	143.397956	18.461848	17.369433	NA
3134561	83.575	48.425	124.560437	126.434827	143.308889	18.748451	16.874062	NA
3141081	83.575	48.375	124.697546	125.510248	98.132008	-26.565538	-27.37824	NA
3141082	83.625	48.375	124.742748	124.797189	143.274173	18.531425	18.476984	NA
3147600	83.525	48.325	123.647326	122.883911	143.615606	19.96828	20.731695	NA
3147601	83.575	48.325	124.400219	123.847206	143.725991	19.325772	19.878785	NA
3154119	83.475	48.275	122.883426	122.630597	143.577372	20.693946	20.946775	NA
3154120	83.525	48.275	123.046608	122.538693	99.124693	-23.921915	-23.414	NA
3160639	83.475	48.225	124.012367	123.807357	114.969913	-9.042454	-8.837444	NA
3167159	83.475	48.175	NA	NA	114.914891	NA	NA	NA
3167160	83.525	48.175	124.042449	128.646611	146.973331	22.930882	18.32672	NA
3173680	83.525	48.125	NA	NA	100.442462	NA	NA	NA
3173681	83.575	48.125	124.015288	128.418826	146.822654	22.807366	18.403827	NA
3173682	83.625	48.125	124.042906	128.272693	146.636988	22.594082	18.364295	NA
3180202	83.625	48.075	123.937832	128.465291	96.777936	-27.159896	-31.687355	NA
3180203	83.675	48.075	NA	NA	99.354091	NA	NA	NA
3180204	83.725	48.075	NA	NA	146.268372	NA	NA	NA
3186724	83.725	48.025	NA	NA	128.001288	NA	NA	NA
3186725	83.775	48.025	NA	NA	98.989362	NA	NA	NA
3186726	83.825	48.025	NA	NA	99.025277	NA	NA	NA
3186727	83.875	48.025	NA	NA	146.975923	NA	NA	NA
3186754	85.225	48.025	NA	NA	146.231436	NA	NA	NA
3186755	85.275	48.025	NA	NA	97.390841	NA	NA	NA
3186756	85.325	48.025	NA	NA	146.173293	NA	NA	NA
3186757	85.375	48.025	NA	NA	99.215859	NA	NA	NA
3186758	85.425	48.025	NA	NA	146.731912	NA	NA	NA
3186759	85.475	48.025	NA	NA	146.797059	NA	NA	NA
3186760	85.525	48.025	NA	NA	146.788925	NA	NA	NA
3186761	85.575	48.025	NA	NA	146.768138	NA	NA	NA
3186762	85.625	48.025	122.765335	122.123997	147.37926	24.613925	25.255263	NA
3186763	85.675	48.025	NA	NA	147.335481	NA	NA	NA
3193247	83.875	47.975	NA	NA	100.211996	NA	NA	NA
3193248	83.925	47.975	123.911792	127.68678	100.028211	-23.883581	-27.658569	NA
3193249	83.975	47.975	123.866899	127.730547	146.688891	22.821992	18.958344	NA
3193270	85.025	47.975	122.804028	122.125351	144.885307	22.081279	22.759957	NA
3193271	85.075	47.975	NA	NA	145.151762	NA	NA	NA
3193272	85.125	47.975	NA	NA	145.129311	NA	NA	NA
3193273	85.175	47.975	NA	NA	145.109878	NA	NA	NA
3193274	85.225	47.975	NA	NA	95.799734	NA	NA	NA
3193275	85.275	47.975	NA	NA	146.194414	NA	NA	NA
3193276	85.325	47.975	NA	NA	97.985435	NA	NA	NA
3193277	85.375	47.975	NA	NA	146.263004	NA	NA	NA
3193282	85.625	47.975	NA	NA	147.414407	NA	NA	NA
3193283	85.675	47.975	NA	NA	147.321559	NA	NA	NA
3193284	85.725	47.975	NA	NA	147.293602	NA	NA	NA
3193285	85.775	47.975	NA	NA	148.006167	NA	NA	NA
3193286	85.825	47.975	NA	NA	147.996814	NA	NA	NA
3193287	85.875	47.975	NA	NA	148.098108	NA	NA	NA
3193288	85.925	47.975	NA	NA	148.086074	NA	NA	NA
3193289	85.975	47.975	NA	NA	148.097886	NA	NA	NA
3199769	83.975	47.925	NA	NA	103.828443	NA	NA	NA
3199770	84.025	47.925	123.945853	127.345588	146.204577	22.258724	18.858989	NA
3199771	84.075	47.925	123.972003	127.512489	146.015573	22.04357	18.503083	NA
3199772	84.125	47.925	NA	NA	145.84485	NA	NA	NA
3199788	84.925	47.925	NA	NA	144.931178	NA	NA	NA
3199789	84.975	47.925	NA	NA	144.912491	NA	NA	NA
3199790	85.025	47.925	122.864756	122.12297	95.301461	-27.563295	-26.821509	NA
3199807	85.875	47.925	NA	NA	148.082507	NA	NA	NA
3199809	85.975	47.925	NA	NA	148.142478	NA	NA	NA
3199810	86.025	47.925	NA	NA	148.120731	NA	NA	NA
3199811	86.075	47.925	NA	NA	148.108269	NA	NA	NA
3199812	86.125	47.925	NA	NA	148.093284	NA	NA	NA
3206292	84.125	47.875	NA	NA	101.194406	NA	NA	NA
3206293	84.175	47.875	NA	NA	100.653549	NA	NA	NA
3206294	84.225	47.875	NA	NA	101.196633	NA	NA	NA
3206295	84.275	47.875	NA	NA	145.291358	NA	NA	NA
3206303	84.675	47.875	NA	NA	145.047671	NA	NA	NA
3206304	84.725	47.875	NA	NA	145.021223	NA	NA	NA
3206305	84.775	47.875	NA	NA	145.000554	NA	NA	NA
3206306	84.825	47.875	NA	NA	144.98159	NA	NA	NA
3206307	84.875	47.875	NA	NA	144.9588	NA	NA	NA
3206308	84.925	47.875	NA	NA	96.018226	NA	NA	NA
3206331	86.075	47.875	NA	NA	96.958111	NA	NA	NA
3206332	86.125	47.875	NA	NA	148.083148	NA	NA	NA
3206333	86.175	47.875	NA	NA	148.078994	NA	NA	NA
3206334	86.225	47.875	NA	NA	149.856536	NA	NA	NA
3206335	86.275	47.875	NA	NA	150.560165	NA	NA	NA
3206336	86.325	47.875	NA	NA	150.545621	NA	NA	NA
3206337	86.375	47.875	NA	NA	150.575063	NA	NA	NA
3206338	86.425	47.875	NA	NA	150.555803	NA	NA	NA
3206339	86.475	47.875	NA	NA	150.524377	NA	NA	NA
3206340	86.525	47.875	NA	NA	150.515837	NA	NA	NA
3206341	86.575	47.875	NA	NA	151.045626	NA	NA	NA
3206342	86.625	47.875	NA	NA	95.52087	NA	NA	NA
3212815	84.275	47.825	NA	NA	98.399635	NA	NA	NA
3212816	84.325	47.825	124.258143	126.719175	144.897079	20.638936	18.177904	NA
3212817	84.375	47.825	NA	NA	145.420944	NA	NA	NA
3212818	84.425	47.825	NA	NA	145.222834	NA	NA	NA
3212819	84.475	47.825	NA	NA	145.184073	NA	NA	NA
3212820	84.525	47.825	123.762507	122.332923	145.155221	21.392713	22.822298	NA
3212821	84.575	47.825	NA	NA	145.128901	NA	NA	NA
3212822	84.625	47.825	NA	NA	145.098664	NA	NA	NA
3212823	84.675	47.825	NA	NA	145.070673	NA	NA	NA
3212854	86.225	47.825	NA	NA	134.407907	NA	NA	NA
3212855	86.275	47.825	NA	NA	150.568343	NA	NA	NA
3212857	86.375	47.825	NA	NA	150.530945	NA	NA	NA
3212861	86.575	47.825	NA	NA	151.03127	NA	NA	NA
3212862	86.625	47.825	NA	NA	151.00748	NA	NA	NA
3212863	86.675	47.825	NA	NA	151.012814	NA	NA	NA
3212864	86.725	47.825	NA	NA	151.009588	NA	NA	NA
3219384	86.725	47.775	NA	NA	151.004549	NA	NA	NA
3219385	86.775	47.775	NA	NA	150.994025	NA	NA	NA
3225905	86.775	47.725	NA	NA	150.980941	NA	NA	NA
3225906	86.825	47.725	NA	NA	150.968328	NA	NA	NA
3232426	86.825	47.675	NA	NA	98.234417	NA	NA	NA
3232427	86.875	47.675	NA	NA	150.02129	NA	NA	NA
3232428	86.925	47.675	NA	NA	150.011388	NA	NA	NA
3232429	86.975	47.675	NA	NA	89.383117	NA	NA	NA
3238948	86.925	47.625	NA	NA	149.998981	NA	NA	NA
3238949	86.975	47.625	NA	NA	149.989454	NA	NA	NA
3238950	87.025	47.625	NA	NA	149.980389	NA	NA	NA
3245470	87.025	47.575	NA	NA	149.966424	NA	NA	NA
3245471	87.075	47.575	NA	NA	149.95472	NA	NA	NA
3245472	87.125	47.575	NA	NA	149.947354	NA	NA	NA
3245473	87.175	47.575	NA	NA	149.948885	NA	NA	NA
3245474	87.225	47.575	NA	NA	149.914098	NA	NA	NA
3245475	87.275	47.575	NA	NA	149.887633	NA	NA	NA
3245476	87.325	47.575	NA	NA	151.69664	NA	NA	NA
3251996	87.325	47.525	NA	NA	151.66013	NA	NA	NA
3258516	87.325	47.475	NA	NA	151.627609	NA	NA	NA
3258517	87.375	47.475	NA	NA	151.614916	NA	NA	NA
3258518	87.425	47.475	NA	NA	151.607811	NA	NA	NA
3258519	87.475	47.475	NA	NA	151.594532	NA	NA	NA
3258520	87.525	47.475	NA	NA	151.572364	NA	NA	NA
3258521	87.575	47.475	NA	NA	151.549957	NA	NA	NA
3265039	87.475	47.425	NA	NA	86.060241	NA	NA	NA
3265040	87.525	47.425	NA	NA	88.882353	NA	NA	NA
3265041	87.575	47.425	NA	NA	151.524173	NA	NA	NA
3265042	87.625	47.425	NA	NA	151.467906	NA	NA	NA
3265043	87.675	47.425	NA	NA	151.447367	NA	NA	NA
3265044	87.725	47.425	NA	NA	151.426749	NA	NA	NA
3271564	87.725	47.375	NA	NA	151.384576	NA	NA	NA
3271565	87.775	47.375	NA	NA	151.369067	NA	NA	NA
3271566	87.825	47.375	NA	NA	151.370642	NA	NA	NA
3271567	87.875	47.375	NA	NA	151.340462	NA	NA	NA
3271568	87.925	47.375	NA	NA	86	NA	NA	NA
3278088	87.925	47.325	NA	NA	151.324911	NA	NA	NA
3278089	87.975	47.325	NA	NA	151.30319	NA	NA	NA
3278090	88.025	47.325	NA	NA	151.283426	NA	NA	NA
3278091	88.075	47.325	NA	NA	151.266817	NA	NA	NA
3278092	88.125	47.325	NA	NA	151.247885	NA	NA	NA
3284612	88.125	47.275	NA	NA	84.6	NA	NA	NA
3284613	88.175	47.275	NA	NA	151.235814	NA	NA	NA
3284614	88.225	47.275	NA	NA	151.178766	NA	NA	NA
3284615	88.275	47.275	NA	NA	151.16445	NA	NA	NA
3284616	88.325	47.275	NA	NA	151.388655	NA	NA	NA
3284617	88.375	47.275	NA	NA	151.368278	NA	NA	NA
3284618	88.425	47.275	NA	NA	94.727778	NA	NA	NA
3291136	88.325	47.225	NA	NA	151.378495	NA	NA	NA
3291137	88.375	47.225	NA	NA	85	NA	NA	NA
3291138	88.425	47.225	NA	NA	151.34714	NA	NA	NA
3291139	88.475	47.225	NA	NA	151.323881	NA	NA	NA
3291140	88.525	47.225	NA	NA	151.303629	NA	NA	NA
3291141	88.575	47.225	NA	NA	151.372004	NA	NA	NA
3291142	88.625	47.225	NA	NA	151.338095	NA	NA	NA
3291143	88.675	47.225	NA	NA	151.327947	NA	NA	NA
3291144	88.725	47.225	NA	NA	102.805541	NA	NA	NA
3297664	88.725	47.175	NA	NA	151.335046	NA	NA	NA
3297665	88.775	47.175	NA	NA	151.281365	NA	NA	NA
3297666	88.825	47.175	NA	NA	151.253336	NA	NA	NA
3304186	88.825	47.125	NA	NA	151.254594	NA	NA	NA
3304187	88.875	47.125	NA	NA	151.213921	NA	NA	NA
3304188	88.925	47.125	NA	NA	151.178961	NA	NA	NA
3304189	88.975	47.125	NA	NA	153.332033	NA	NA	NA
3310709	88.975	47.075	NA	NA	153.311258	NA	NA	NA
3310710	89.025	47.075	NA	NA	153.249905	NA	NA	NA
3310711	89.075	47.075	NA	NA	153.20951	NA	NA	NA
3317231	89.075	47.025	NA	NA	95.405216	NA	NA	NA
3317232	89.125	47.025	NA	NA	153.166138	NA	NA	NA
3317233	89.175	47.025	NA	NA	153.120604	NA	NA	NA
3317234	89.225	47.025	NA	NA	153.55314	NA	NA	NA
3317235	89.275	47.025	NA	NA	153.507543	NA	NA	NA
3317236	89.325	47.025	NA	NA	153.50976	NA	NA	NA
3317241	89.575	47.025	NA	NA	154.514474	NA	NA	NA
