ID	lon	lat	DOC	POC	discharge	QlagDOC	QlagPOC	FID_1
5842	127.625	72.425	124.221962	143.232046	157.852249	33.630287	14.620203	NA
5843	127.675	72.425	124.931764	144.494797	159.456033	34.524269	14.961236	NA
12345	126.775	72.375	127.133705	144.958163	157.97301	30.839305	13.014847	NA
12365	127.775	72.375	128.817666	145.749943	158.09133	29.273664	12.341387	NA
12366	127.825	72.375	130.896674	148.559927	159.879651	28.982976	11.319724	NA
18867	126.875	72.325	NA	NA	157.963028	NA	NA	NA
18888	127.925	72.325	131.593693	150.809934	158.104514	26.510822	7.29458	NA
18889	127.975	72.325	NA	NA	158.11482	NA	NA	NA
25411	128.075	72.275	131.101161	150.624157	158.131072	27.029911	7.506915	NA
31908	126.925	72.225	125.728147	143.508412	157.947491	32.219344	14.439078	NA
38428	126.925	72.175	127.89348	147.186285	157.936021	30.042541	10.749736	NA
44980	128.525	72.125	NA	NA	162.260233	NA	NA	NA
57990	127.025	72.025	126.088707	144.770677	157.825067	31.73636	13.05439	NA
57991	127.075	72.025	125.138906	143.458953	157.823448	32.684543	14.364496	NA
64511	127.075	71.975	125.032897	144.816486	156.80485	31.771952	11.988364	NA
64514	127.225	71.975	124.81484	143.631859	157.813908	32.999068	14.182048	NA
90594	127.225	71.775	NA	NA	154.907111	NA	NA	NA
97114	127.225	71.725	123.065522	142.968279	157.72778	34.662258	14.759501	NA
103635	127.275	71.675	NA	NA	155.148703	NA	NA	NA
110155	127.275	71.625	123.929654	141.911149	157.668606	33.738952	15.757456	NA
116675	127.275	71.575	125.694678	145.154748	157.638147	31.943468	12.483399	NA
116676	127.325	71.575	126.949596	145.32111	157.628232	30.678636	12.307122	NA
123196	127.325	71.525	125.445928	144.293844	157.625119	32.179191	13.331275	NA
129716	127.325	71.475	124.254374	143.165158	157.614603	33.360229	14.449445	NA
136236	127.325	71.425	126.559762	144.663898	157.586061	31.026299	12.922163	NA
142755	127.275	71.375	129.080668	145.474363	157.550043	28.469374	12.075679	NA
142756	127.325	71.375	127.772847	145.252383	154.018299	26.245452	8.765917	NA
149275	127.275	71.325	129.662169	147.028472	157.511981	27.849812	10.483508	NA
155795	127.275	71.275	NA	NA	157.483337	NA	NA	NA
155796	127.325	71.275	NA	NA	154.319676	NA	NA	NA
162316	127.325	71.225	125.01243	143.977524	157.458803	32.446373	13.481279	NA
168836	127.325	71.175	125.833946	144.274339	157.456743	31.622797	13.182404	NA
168837	127.375	71.175	NA	NA	153.459282	NA	NA	NA
175357	127.375	71.125	126.797747	145.479083	157.440705	30.642959	11.961622	NA
175358	127.425	71.125	130.205386	147.608646	157.406531	27.201145	9.797885	NA
181878	127.425	71.075	128.137279	146.700791	155.39336	27.256081	8.692569	NA
181879	127.475	71.075	127.443528	146.170691	157.404139	29.960611	11.233448	NA
181880	127.525	71.075	125.128138	144.300467	157.390225	32.262087	13.089758	NA
188400	127.525	71.025	124.863514	144.130674	153.984326	29.120812	9.853652	NA
188401	127.575	71.025	NA	NA	157.387255	NA	NA	NA
194920	127.525	70.975	126.411233	144.683262	157.358929	30.947696	12.675667	NA
194921	127.575	70.975	125.700062	143.052111	157.377169	31.677107	14.325058	NA
201439	127.475	70.925	132.299483	150.626101	157.349219	25.049736	6.723118	NA
201440	127.525	70.925	126.240982	144.706371	157.356972	31.115989	12.6506	NA
207959	127.475	70.875	132.526242	150.81296	157.346251	24.820009	6.53329	NA
207960	127.525	70.875	130.209831	148.293344	157.341789	27.131959	9.048445	NA
214480	127.525	70.825	127.904513	146.293289	154.221867	26.317354	7.928578	NA
214481	127.575	70.825	128.362539	146.108824	157.338222	28.975683	11.229398	NA
214482	127.625	70.825	129.15336	146.874253	157.329768	28.176408	10.455514	NA
221000	127.525	70.775	129.834822	148.537952	157.293351	27.458529	8.755399	NA
221001	127.575	70.775	130.581287	149.042972	157.295202	26.713915	8.252231	NA
221002	127.625	70.775	129.481333	147.974441	157.327605	27.846271	9.353164	NA
227517	127.375	70.725	127.595504	145.097452	157.268728	29.673225	12.171276	NA
227518	127.425	70.725	127.815256	146.382079	157.271619	29.456363	10.88954	NA
227519	127.475	70.725	127.325307	145.8718	157.287524	29.962218	11.415724	NA
227520	127.525	70.725	129.834822	148.537952	152.256206	22.421384	3.718254	NA
234034	127.225	70.675	132.759072	151.18146	154.395916	21.636844	3.214457	NA
234035	127.275	70.675	131.771022	150.561338	157.25439	25.483368	6.693052	NA
234036	127.325	70.675	126.534577	145.424248	157.266607	30.73203	11.842359	NA
234037	127.375	70.675	126.927838	145.580286	153.396144	26.468306	7.815858	NA
240553	127.175	70.625	131.330227	149.787626	157.240702	25.910475	7.453076	NA
240554	127.225	70.625	132.673169	150.979292	157.250147	24.576978	6.270854	NA
247071	127.075	70.575	132.552518	151.205454	157.215757	24.663239	6.010303	NA
247072	127.125	70.575	132.65329	151.183456	157.236356	24.583066	6.0529	NA
247073	127.175	70.575	NA	NA	159.71553	NA	NA	NA
253568	125.925	70.525	132.385737	149.938713	154.224675	21.838938	4.285962	NA
253569	125.975	70.525	132.531838	151.277601	157.07649	24.544652	5.798889	NA
253570	126.025	70.525	133.448301	152.487645	157.081996	23.633695	4.594351	NA
253571	126.075	70.525	NA	NA	157.085634	NA	NA	NA
253572	126.125	70.525	133.893104	152.792432	157.089675	23.196571	4.297244	NA
253573	126.175	70.525	133.249929	152.318437	157.098865	23.848937	4.780428	NA
253574	126.225	70.525	133.237743	152.134162	157.104909	23.867166	4.970747	NA
253575	126.275	70.525	133.893983	152.597892	157.110718	23.216736	4.512826	NA
253576	126.325	70.525	134.023766	153.442048	157.123164	23.099398	3.681116	NA
253577	126.375	70.525	134.309435	153.895203	157.130118	22.820683	3.234915	NA
253578	126.425	70.525	134.395205	153.388491	157.134335	22.739131	3.745844	NA
253579	126.475	70.525	132.774303	150.809074	157.138034	24.36373	6.32896	NA
253580	126.525	70.525	131.392814	149.626199	157.142994	25.75018	7.516795	NA
253581	126.575	70.525	NA	NA	157.146913	NA	NA	NA
253582	126.625	70.525	127.146848	147.239218	157.150342	30.003495	9.911124	NA
253583	126.675	70.525	132.129781	151.679656	157.15444	25.024659	5.474784	NA
253584	126.725	70.525	133.416855	152.54851	157.161867	23.745012	4.613358	NA
253585	126.775	70.525	133.15219	152.764327	157.16808	24.01589	4.403754	NA
253586	126.825	70.525	133.62012	153.423669	157.182057	23.561937	3.758388	NA
253587	126.875	70.525	133.543101	153.264616	157.187617	23.644516	3.923001	NA
253588	126.925	70.525	133.451954	153.187563	157.192194	23.740239	4.004631	NA
253589	126.975	70.525	133.433683	153.144028	157.196439	23.762756	4.05241	NA
253590	127.025	70.525	133.43951	152.595414	157.20042	23.76091	4.605006	NA
253591	127.075	70.525	132.552518	151.205454	157.212122	24.659604	6.006669	NA
260086	125.825	70.475	133.552143	152.356347	157.060102	23.507959	4.703755	NA
260087	125.875	70.475	132.520674	150.443892	157.063333	24.542659	6.61944	NA
260088	125.925	70.475	127.140407	144.890522	157.073985	29.933578	12.183463	NA
266605	125.775	70.425	127.803245	146.50318	157.049553	29.246309	10.546374	NA
266606	125.825	70.425	130.715848	148.070945	157.057907	26.342059	8.986962	NA
273125	125.775	70.375	133.475767	152.442915	157.047012	23.571245	4.604097	NA
273126	125.825	70.375	134.242241	153.634639	157.037315	22.795073	3.402676	NA
279646	125.825	70.325	134.256461	153.618813	157.030927	22.774467	3.412114	NA
279647	125.875	70.325	126.512245	144.73224	157.018956	30.506711	12.286716	NA
279648	125.925	70.325	129.931696	148.295029	156.993867	27.06217	8.698838	NA
279649	125.975	70.325	133.302886	151.484624	152.378344	19.075459	0.89372	NA
286169	125.975	70.275	133.302886	151.484624	156.987522	23.684636	5.502898	NA
286170	126.025	70.275	130.531963	148.492951	156.974531	26.442568	8.48158	NA
286171	126.075	70.275	130.986351	148.365878	151.687943	20.701592	3.322065	NA
292690	126.025	70.225	132.070844	150.129854	150.265664	18.19482	0.13581	NA
292691	126.075	70.225	131.180493	149.543247	156.971392	25.790899	7.428145	NA
299209	125.975	70.175	131.735269	150.196163	149.901586	18.166317	-0.294577	NA
299210	126.025	70.175	131.879372	150.310394	156.948283	25.068912	6.637889	NA
305728	125.925	70.125	134.033676	153.388367	156.87788	22.844204	3.489514	NA
305729	125.975	70.125	132.33009	151.13436	156.916624	24.586534	5.782264	NA
312246	125.825	70.075	132.270982	151.599648	156.840284	24.569302	5.240636	NA
312247	125.875	70.075	133.650515	153.560391	156.870268	23.219753	3.309877	NA
312248	125.925	70.075	NA	NA	149.190777	NA	NA	NA
318763	125.675	70.025	127.057781	145.516182	156.825054	29.767274	11.308873	NA
318764	125.725	70.025	128.19193	146.648022	149.855647	21.663717	3.207625	NA
318765	125.775	70.025	132.007599	150.289787	150.364175	18.356576	0.074388	NA
318766	125.825	70.025	132.000441	150.982084	150.110247	18.109807	-0.871836	NA
325281	125.575	69.975	126.049633	142.402316	149.520895	23.471262	7.118579	NA
325282	125.625	69.975	126.126023	142.668801	149.498438	23.372415	6.829637	NA
325283	125.675	69.975	124.01122	140.38733	149.483088	25.471868	9.095758	NA
331792	125.125	69.925	133.539703	152.706386	151.408061	17.868358	-1.298326	NA
331793	125.175	69.925	133.512805	153.205814	156.692832	23.180027	3.487018	NA
331794	125.225	69.925	133.41765	152.90649	156.700649	23.282999	3.794159	NA
331795	125.275	69.925	133.567429	153.486565	156.727333	23.159904	3.240767	NA
331796	125.325	69.925	133.26405	153.145957	156.73781	23.47376	3.591853	NA
331797	125.375	69.925	131.774203	150.481765	156.753215	24.979012	6.27145	NA
331798	125.425	69.925	128.820983	146.443491	148.584073	19.763089	2.140581	NA
331799	125.475	69.925	125.262099	142.358285	148.657453	23.395353	6.299168	NA
331800	125.525	69.925	127.211211	142.69698	148.864923	21.653713	6.167943	NA
331801	125.575	69.925	132.305125	150.679738	149.452938	17.147813	-1.2268	NA
338311	125.075	69.875	133.211837	152.200017	156.665955	23.454118	4.465938	NA
338312	125.125	69.875	133.509414	152.742323	156.686939	23.177526	3.944616	NA
344831	125.075	69.825	133.061625	151.412996	156.665371	23.603747	5.252375	NA
350548	84.925	69.775	137.233514	123.651633	148.510374	11.27686	24.858741	NA
350549	84.975	69.775	136.994407	123.757315	148.499596	11.505189	24.742281	NA
350550	85.025	69.775	136.905835	123.6813	148.496695	11.590861	24.815396	NA
350551	85.075	69.775	136.309477	123.327628	148.492611	12.183134	25.164983	NA
350552	85.125	69.775	136.971249	123.774886	148.488589	11.51734	24.713703	NA
350553	85.175	69.775	137.186079	123.683487	148.484004	11.297925	24.800516	NA
350554	85.225	69.775	136.912604	123.304255	148.447915	11.535311	25.14366	NA
350555	85.275	69.775	136.594603	123.502267	148.443702	11.849099	24.941435	NA
350556	85.325	69.775	136.465882	123.464443	148.436207	11.970325	24.971763	NA
350557	85.375	69.775	136.595518	123.694635	148.433306	11.837788	24.738671	NA
350558	85.425	69.775	135.172813	124.026818	148.426365	13.253552	24.399547	NA
350559	85.475	69.775	133.494109	124.098888	148.422526	14.928416	24.323637	NA
350560	85.525	69.775	135.507088	123.701474	148.419827	12.912739	24.718353	NA
351351	125.075	69.775	132.921435	151.108629	156.647488	23.726053	5.538858	NA
357064	84.725	69.725	NA	NA	148.540958	NA	NA	NA
357065	84.775	69.725	137.530503	123.301056	148.522785	10.992282	25.221728	NA
357066	84.825	69.725	137.636306	123.520785	148.519437	10.883132	24.998652	NA
357067	84.875	69.725	137.564377	123.275582	148.514388	10.950011	25.238806	NA
357068	84.925	69.725	137.233514	123.651633	163.40536	26.171846	39.753726	NA
357080	85.525	69.725	135.507088	123.701474	148.417747	12.910659	24.716273	NA
357081	85.575	69.725	136.651123	123.675883	148.410967	11.759844	24.735084	NA
357082	85.625	69.725	136.551039	123.824238	148.406835	11.855796	24.582597	NA
357870	125.025	69.725	130.990635	147.366281	156.600282	25.609647	9.234001	NA
357871	125.075	69.725	133.06537	150.986913	156.620263	23.554894	5.633351	NA
363581	84.575	69.675	135.739447	124.035927	148.554271	12.814824	24.518344	NA
363582	84.625	69.675	136.942326	123.421189	148.547462	11.605135	25.126273	NA
363583	84.675	69.675	137.539297	123.098724	148.545854	11.006557	25.44713	NA
363584	84.725	69.675	137.593933	122.695126	162.605541	25.011608	39.910415	NA
363602	85.625	69.675	NA	NA	162.989076	NA	NA	NA
363603	85.675	69.675	134.819477	123.806826	148.404363	13.584887	24.597537	NA
363604	85.725	69.675	134.370076	123.939668	148.397112	14.027037	24.457444	NA
364389	124.975	69.675	132.833842	151.300684	156.565862	23.73202	5.265178	NA
364390	125.025	69.675	132.771883	150.557255	156.590007	23.818124	6.032751	NA
370101	84.575	69.625	135.546787	123.998932	163.738937	28.19215	39.740004	NA
370124	85.725	69.625	135.089649	123.915408	148.395206	13.305557	24.479798	NA
370125	85.775	69.625	137.126506	123.477468	148.380113	11.253607	24.902645	NA
370908	124.925	69.625	132.743075	150.669622	156.560338	23.817263	5.890716	NA
370909	124.975	69.625	132.821809	151.763399	145.953746	13.131937	-5.809653	NA
376645	85.775	69.575	137.511448	123.819894	148.367822	10.856374	24.547927	NA
376646	85.825	69.575	137.160861	124.148477	148.377447	11.216586	24.22897	NA
377427	124.875	69.575	129.198451	146.528314	156.606367	27.407916	10.078053	NA
377428	124.925	69.575	133.713595	152.703341	156.6206	22.907005	3.917259	NA
383166	85.825	69.525	134.291795	124.035538	148.364259	14.072464	24.328721	NA
383167	85.875	69.525	134.499294	124.150162	148.351462	13.852168	24.2013	NA
383168	85.925	69.525	134.891649	123.8482	148.343305	13.451656	24.495104	NA
383946	124.825	69.525	132.221463	151.314841	156.603262	24.381799	5.288421	NA
383947	124.875	69.525	130.357295	149.216932	147.709345	17.35205	-1.507586	NA
389688	85.925	69.475	135.475573	123.766416	161.694169	26.218595	37.927753	NA
389689	85.975	69.475	135.35534	123.762914	148.341159	12.985819	24.578244	NA
389690	86.025	69.475	134.931571	123.781807	148.333783	13.402212	24.551976	NA
389691	86.075	69.475	134.240078	124.521298	148.329443	14.089365	23.808145	NA
390464	124.725	69.475	132.583634	150.011974	156.55518	23.971545	6.543205	NA
390465	124.775	69.475	132.599297	150.679197	156.572978	23.973681	5.893781	NA
390466	124.825	69.475	133.55529	152.751904	147.60863	14.05334	-5.143274	NA
396211	86.075	69.425	134.063392	124.57851	161.354231	27.290839	36.775721	NA
396212	86.125	69.425	133.431302	124.283751	148.326795	14.895493	24.043044	NA
396983	124.675	69.425	127.050336	140.653331	147.777395	20.727059	7.124064	NA
396984	124.725	69.425	132.662325	150.660325	156.550682	23.888358	5.890357	NA
402731	86.075	69.375	137.022805	123.909516	148.202056	11.179251	24.29254	NA
402732	86.125	69.375	135.913103	124.107017	148.21077	12.297667	24.103753	NA
403503	124.675	69.375	127.446388	141.657343	156.518026	29.071638	14.860682	NA
409249	85.975	69.325	NA	NA	148.174515	NA	NA	NA
409250	86.025	69.325	136.336863	123.844149	148.196477	11.859614	24.352328	NA
409251	86.075	69.325	137.025422	123.933165	159.644557	22.619135	35.711392	NA
410021	124.575	69.325	NA	NA	145.827241	NA	NA	NA
410022	124.625	69.325	131.522414	148.744631	156.506792	24.984378	7.762161	NA
410023	124.675	69.325	129.795186	146.949531	156.517861	26.722675	9.568331	NA
415769	85.975	69.275	136.623897	124.054022	148.16903	11.545133	24.115008	NA
416539	124.475	69.275	133.069695	151.384023	145.311021	12.241325	-6.073003	NA
416540	124.525	69.275	131.911958	148.880753	156.488002	24.576044	7.60725	NA
416541	124.575	69.275	132.148278	149.512047	156.503184	24.354906	6.991137	NA
422287	85.875	69.225	136.435754	123.818544	148.138973	11.703218	24.320429	NA
422288	85.925	69.225	137.6032	123.792616	148.154881	10.551682	24.362265	NA
422289	85.975	69.225	NA	NA	161.446727	NA	NA	NA
423056	124.325	69.225	NA	NA	145.049022	NA	NA	NA
423057	124.375	69.225	133.039036	150.601697	156.459283	23.420247	5.857586	NA
423058	124.425	69.225	133.460285	151.313892	156.465175	23.00489	5.151283	NA
423059	124.475	69.225	133.082454	151.423589	156.483484	23.40103	5.059895	NA
428807	85.875	69.175	133.211241	124.260494	148.134894	14.923654	23.874401	NA
428808	85.925	69.175	136.152832	123.844564	148.123587	11.970755	24.279023	NA
428809	85.975	69.175	132.7574	124.476343	148.121108	15.363708	23.644764	NA
429574	124.225	69.175	132.871473	151.420003	147.532889	14.661416	-3.887113	NA
429575	124.275	69.175	129.769746	146.753296	156.444341	26.674595	9.691044	NA
429576	124.325	69.175	128.322208	145.812307	156.455122	28.132914	10.642815	NA
430319	161.475	69.175	129.371634	134.57815	158.877183	29.505549	24.299033	NA
435329	85.975	69.125	132.7574	124.476343	161.853959	29.096559	37.377615	NA
435330	86.025	69.125	134.411041	123.755616	148.118771	13.707731	24.363156	NA
435331	86.075	69.125	135.65288	124.007472	148.111837	12.458957	24.104366	NA
436092	124.125	69.125	133.598589	152.382938	145.84134	12.242751	-6.541598	NA
436093	124.175	69.125	133.111384	151.908913	156.429693	23.318309	4.52078	NA
436094	124.225	69.125	132.871473	151.420003	156.441719	23.570245	5.021716	NA
436839	161.475	69.125	128.385894	133.567412	158.866026	30.480132	25.298614	NA
441851	86.075	69.075	136.28216	123.734822	157.603505	21.321345	33.868683	NA
442611	124.075	69.075	NA	NA	156.407832	NA	NA	NA
442612	124.125	69.075	133.522581	152.109484	156.426942	22.904362	4.317459	NA
448370	86.025	69.025	135.77603	123.974039	162.133409	26.35738	38.15937	NA
448371	86.075	69.025	135.747696	123.70451	148.093986	12.34629	24.389476	NA
449130	124.025	69.025	130.683516	147.642854	144.889301	14.205785	-2.753553	NA
449131	124.075	69.025	130.9581	148.421803	156.405005	25.446904	7.983202	NA
449879	161.475	69.025	NA	NA	148.871954	NA	NA	NA
454889	85.975	68.975	137.358331	123.602636	148.037526	10.679195	24.43489	NA
454890	86.025	68.975	136.123707	123.955372	148.05983	11.936123	24.104458	NA
455650	124.025	68.975	128.40075	145.918116	156.376576	27.975826	10.458459	NA
461408	85.925	68.925	134.193714	123.93331	158.115554	23.921841	34.182244	NA
461409	85.975	68.925	136.308697	123.901055	148.032105	11.723408	24.13105	NA
462170	124.025	68.925	130.905009	147.579206	156.355155	25.450146	8.775949	NA
467928	85.925	68.875	135.974544	124.230637	148.016469	12.041925	23.785832	NA
468689	123.975	68.875	128.47922	144.64499	145.268623	16.789403	0.623632	NA
468690	124.025	68.875	128.238305	144.359993	156.342576	28.104272	11.982583	NA
469439	161.475	68.875	127.487653	131.703035	158.675488	31.187834	26.972453	NA
469440	161.525	68.875	127.384639	130.88032	158.728216	31.343577	27.847896	NA
474448	85.925	68.825	135.948335	124.219889	147.99337	12.045035	23.773482	NA
475209	123.975	68.825	131.480657	149.411438	156.314189	24.833532	6.902751	NA
475958	161.425	68.825	127.57874	131.2885	158.648656	31.069916	27.360157	NA
475959	161.475	68.825	NA	NA	155.25737	NA	NA	NA
480968	85.925	68.775	137.08052	123.868889	147.973766	10.893246	24.104877	NA
480969	85.975	68.775	136.967862	123.736433	147.965554	10.997693	24.229121	NA
480970	86.025	68.775	136.118101	124.098732	157.893141	21.77504	33.794409	NA
481729	123.975	68.775	130.911117	149.120377	156.311805	25.400688	7.191428	NA
482418	158.425	68.775	127.70983	131.871287	156.081577	28.371747	24.21029	NA
482419	158.475	68.775	127.293401	130.752155	156.179322	28.885921	25.427167	NA
482420	158.525	68.775	127.08032	131.024782	156.191795	29.111475	25.167013	NA
482421	158.575	68.775	127.100992	131.676022	156.204296	29.103305	24.528274	NA
482422	158.625	68.775	128.425417	132.87698	156.238134	27.812716	23.361153	NA
482423	158.675	68.775	130.640446	134.521865	151.865561	21.225115	17.343697	NA
482433	159.175	68.775	129.129872	132.44167	157.614592	28.48472	25.172922	NA
482434	159.225	68.775	128.548373	132.154077	158.111737	29.563365	25.957661	NA
482476	161.325	68.775	127.834363	132.258829	158.596527	30.762164	26.337697	NA
482477	161.375	68.775	NA	NA	150.631225	NA	NA	NA
487490	86.025	68.725	136.2458	124.318358	147.963119	11.717319	23.644761	NA
487491	86.075	68.725	133.020073	123.862384	147.951452	14.931378	24.089068	NA
487492	86.125	68.725	136.141732	123.806067	147.947441	11.805709	24.141375	NA
487493	86.175	68.725	136.696617	123.550337	161.502061	24.805444	37.951724	NA
488249	123.975	68.725	128.272574	144.468957	156.265863	27.99329	11.796906	NA
488937	158.375	68.725	127.181801	130.280792	156.140032	28.958231	25.85924	NA
488938	158.425	68.725	128.250986	132.114631	156.167688	27.916702	24.053058	NA
488943	158.675	68.725	129.143249	133.123942	156.25315	27.109901	23.129208	NA
488944	158.725	68.725	128.234732	131.882232	157.446286	29.211554	25.564054	NA
488945	158.775	68.725	127.720794	134.104178	157.459452	29.738658	23.355274	NA
488946	158.825	68.725	NA	NA	157.472433	NA	NA	NA
488947	158.875	68.725	127.374948	133.185912	157.481895	30.106947	24.295983	NA
488948	158.925	68.725	127.45828	133.989239	157.494158	30.035879	23.504919	NA
488949	158.975	68.725	127.644774	134.249731	157.505137	29.860363	23.255406	NA
488950	159.025	68.725	NA	NA	157.515526	NA	NA	NA
488951	159.075	68.725	NA	NA	157.563256	NA	NA	NA
488952	159.125	68.725	NA	NA	155.630343	NA	NA	NA
488953	159.175	68.725	128.029936	132.842394	157.630131	29.600195	24.787737	NA
488954	159.225	68.725	127.959381	131.988655	157.642018	29.682637	25.653363	NA
488996	161.325	68.725	NA	NA	157.366611	NA	NA	NA
494013	86.175	68.675	136.30313	123.879004	147.944637	11.641507	24.065633	NA
494014	86.225	68.675	136.415087	123.962077	147.936989	11.521902	23.974912	NA
494015	86.275	68.675	136.910066	124.486079	147.930052	11.019986	23.443973	NA
494769	123.975	68.675	130.417063	147.690581	156.238214	25.821151	8.547633	NA
495455	158.275	68.675	127.401408	131.776207	156.097381	28.695973	24.321174	NA
495456	158.325	68.675	127.01423	130.813739	156.105261	29.09103	25.291522	NA
495457	158.375	68.675	127.137519	130.574407	156.13407	28.996552	25.559664	NA
495473	159.175	68.675	128.378457	132.939171	157.716597	29.33814	24.777426	NA
495515	161.275	68.675	127.213442	130.710974	158.463938	31.250496	27.752964	NA
500535	86.275	68.625	136.868409	124.388803	157.786678	20.918269	33.397875	NA
500536	86.325	68.625	135.860872	124.295722	147.889448	12.028576	23.593726	NA
501288	123.925	68.625	131.258861	148.113171	145.075801	13.81694	-3.03737	NA
501289	123.975	68.625	131.257777	148.110334	156.225079	24.967303	8.114746	NA
501969	157.975	68.625	NA	NA	156.011792	NA	NA	NA
501970	158.025	68.625	127.105429	131.381161	156.021108	28.915679	24.639946	NA
501971	158.075	68.625	127.181638	131.384339	156.034289	28.852651	24.64995	NA
501972	158.125	68.625	127.509641	131.329675	156.047605	28.537965	24.71793	NA
501973	158.175	68.625	127.619819	131.337976	156.061348	28.441529	24.723372	NA
501974	158.225	68.625	127.579965	132.132704	156.083417	28.503452	23.950713	NA
501975	158.275	68.625	128.268907	132.563681	153.228392	24.959485	20.664711	NA
501993	159.175	68.625	128.295812	132.694813	157.772313	29.476501	25.0775	NA
501994	159.225	68.625	126.992898	131.634205	157.779303	30.786405	26.145098	NA
501995	159.275	68.625	126.968397	129.950593	157.78715	30.818753	27.836556	NA
501996	159.325	68.625	127.243967	130.210866	157.80038	30.556413	27.589514	NA
501997	159.375	68.625	127.213248	130.118515	157.811296	30.598049	27.692781	NA
501998	159.425	68.625	128.835507	131.957844	157.831858	28.99635	25.874014	NA
501999	159.475	68.625	127.094913	130.097536	154.552203	27.45729	24.454667	NA
502034	161.225	68.625	128.509486	132.821812	158.449219	29.939733	25.627406	NA
502035	161.275	68.625	128.065886	132.498016	148.882223	20.816337	16.384207	NA
507056	86.325	68.575	NA	NA	155.966897	NA	NA	NA
507057	86.375	68.575	137.645383	123.923635	147.88143	10.236048	23.957795	NA
507808	123.925	68.575	130.383336	147.523524	156.2075	25.824164	8.683976	NA
508489	157.975	68.575	130.250236	134.318809	156.009554	25.759317	21.690744	NA
508519	159.475	68.575	127.094913	130.097536	157.837385	30.742472	27.739849	NA
508520	159.525	68.575	127.19928	130.3666	157.850107	30.650827	27.483507	NA
508521	159.575	68.575	127.309509	130.315848	157.865949	30.55644	27.5501	NA
508522	159.625	68.575	127.240175	130.208007	157.883582	30.643406	27.675574	NA
508523	159.675	68.575	127.066094	129.819304	157.895024	30.828929	28.07572	NA
508524	159.725	68.575	127.139536	130.182517	157.910403	30.770867	27.727886	NA
508525	159.775	68.575	127.297181	130.904359	157.927474	30.630293	27.023116	NA
508526	159.825	68.575	NA	NA	157.936976	NA	NA	NA
508527	159.875	68.575	126.585614	130.554242	157.953581	31.367967	27.399339	NA
508528	159.925	68.575	126.62281	130.478219	157.981063	31.358253	27.502844	NA
508529	159.975	68.575	126.933347	130.513782	154.660254	27.726907	24.146472	NA
508553	161.175	68.575	127.464101	130.883902	158.393145	30.929044	27.509242	NA
508554	161.225	68.575	129.903998	134.996412	147.45782	17.553822	12.461408	NA
513577	86.375	68.525	137.880283	123.962859	147.865568	9.985285	23.902709	NA
513770	96.025	68.525	NA	NA	166.716789	NA	NA	NA
513771	96.075	68.525	NA	NA	166.845693	NA	NA	NA
514328	123.925	68.525	127.012915	143.218321	156.190947	29.178032	12.972626	NA
515009	157.975	68.525	NA	NA	153.585442	NA	NA	NA
515010	158.025	68.525	129.032278	132.240396	155.994842	26.962565	23.754447	NA
515049	159.975	68.525	127.482763	130.131617	157.994232	30.511469	27.862616	NA
515050	160.025	68.525	127.289201	130.064833	158.003195	30.713993	27.938361	NA
515051	160.075	68.525	126.824825	130.23229	158.011144	31.18632	27.778854	NA
515052	160.125	68.525	127.229805	130.53788	158.023707	30.793902	27.485827	NA
515053	160.175	68.525	127.15585	131.150456	158.034703	30.878853	26.884247	NA
515054	160.225	68.525	127.028106	130.619677	158.049739	31.021633	27.430062	NA
515055	160.275	68.525	127.197158	131.49456	158.060968	30.863809	26.566407	NA
515056	160.325	68.525	127.406707	132.01315	158.071418	30.664711	26.058268	NA
515057	160.375	68.525	128.845174	133.423711	158.085713	29.240538	24.662001	NA
515058	160.425	68.525	130.4291	134.629817	158.128042	27.698942	23.498225	NA
515061	160.575	68.525	127.644438	131.543567	154.991478	27.347041	23.447911	NA
515062	160.625	68.525	127.89321	131.875875	158.210117	30.316907	26.334242	NA
515063	160.675	68.525	127.150803	130.956497	158.228416	31.077613	27.271919	NA
515064	160.725	68.525	NA	NA	158.241342	NA	NA	NA
515065	160.775	68.525	127.040925	130.481072	158.257112	31.216187	27.77604	NA
515066	160.825	68.525	127.031082	130.647257	158.274989	31.243907	27.627732	NA
515070	161.025	68.525	127.143591	132.277524	158.281419	31.137828	26.003895	NA
515071	161.075	68.525	127.458397	131.640136	158.292353	30.833956	26.652217	NA
515072	161.125	68.525	128.074663	131.731721	158.340908	30.266244	26.609187	NA
515073	161.175	68.525	127.848346	130.831124	152.436339	24.587992	21.605214	NA
520096	86.325	68.475	138.079015	124.018583	147.826506	9.747491	23.807923	NA
520097	86.375	68.475	138.139854	123.89823	158.400109	20.260255	34.501879	NA
520232	93.125	68.475	129.473798	124.301973	165.868857	36.39506	41.566884	NA
520233	93.175	68.475	127.860447	124.011652	162.042179	34.181731	38.030527	NA
520234	93.225	68.475	128.965108	123.332344	162.004158	33.03905	38.671815	NA
520235	93.275	68.475	125.335065	123.380966	161.977622	36.642557	38.596656	NA
520236	93.325	68.475	126.48999	123.589779	161.965372	35.475382	38.375593	NA
520290	96.025	68.475	NA	NA	166.026298	NA	NA	NA
520847	123.875	68.475	NA	NA	142.439959	NA	NA	NA
520848	123.925	68.475	131.477816	148.972614	156.173979	24.696163	7.201365	NA
521529	157.975	68.475	129.337166	133.047442	150.561329	21.224163	17.513886	NA
521530	158.025	68.475	NA	NA	155.9813	NA	NA	NA
521578	160.425	68.475	128.439823	133.043984	158.13778	29.697957	25.093796	NA
521579	160.475	68.475	127.319698	131.202887	158.150901	30.831204	26.948015	NA
521580	160.525	68.475	127.21175	131.273908	158.16105	30.9493	26.887143	NA
521581	160.575	68.475	127.736618	131.783621	158.199597	30.462979	26.415976	NA
526616	86.325	68.425	137.599927	123.693136	147.809389	10.209462	24.116253	NA
526749	92.975	68.425	130.655359	124.56868	159.575313	28.919955	35.006633	NA
526750	93.025	68.425	130.489501	123.996792	162.1302	31.640699	38.133408	NA
526751	93.075	68.425	130.475995	123.726851	162.088971	31.612976	38.36212	NA
526752	93.125	68.425	129.473798	124.301973	162.076655	32.602858	37.774682	NA
526756	93.325	68.425	126.48999	123.589779	167.376733	40.886743	43.786955	NA
526757	93.375	68.425	127.371693	123.58733	161.952611	34.580918	38.36528	NA
526758	93.425	68.425	130.469027	123.20093	161.899785	31.430758	38.698855	NA
526759	93.475	68.425	129.442558	123.31634	161.879505	32.436946	38.563165	NA
526760	93.525	68.425	127.942346	123.591154	161.868067	33.925721	38.276913	NA
526761	93.575	68.425	127.720638	123.768921	161.800611	34.079973	38.03169	NA
526762	93.625	68.425	130.332913	123.652844	161.791928	31.459015	38.139084	NA
526763	93.675	68.425	NA	NA	161.772189	NA	NA	NA
526764	93.725	68.425	130.570633	123.659752	161.753692	31.183058	38.09394	NA
526765	93.775	68.425	130.701912	123.54852	161.746458	31.044546	38.197938	NA
526766	93.825	68.425	NA	NA	161.738404	NA	NA	NA
526810	96.025	68.425	NA	NA	165.691051	NA	NA	NA
527367	123.875	68.425	129.751282	147.266048	156.147294	26.396012	8.881245	NA
528048	157.925	68.425	127.423223	129.841698	151.764475	24.341252	21.922777	NA
528049	157.975	68.425	128.638331	132.48205	155.956951	27.318621	23.474901	NA
533136	86.325	68.375	138.068906	123.63877	157.205534	19.136628	33.566764	NA
533137	86.375	68.375	138.059613	123.290409	147.777026	9.717413	24.486617	NA
533268	92.925	68.375	130.224583	124.687111	159.315108	29.090525	34.627997	NA
533269	92.975	68.375	129.994048	124.403062	162.151907	32.157859	37.748846	NA
533286	93.825	68.375	NA	NA	161.704216	NA	NA	NA
533287	93.875	68.375	NA	NA	161.683573	NA	NA	NA
533288	93.925	68.375	NA	NA	161.654981	NA	NA	NA
533289	93.975	68.375	NA	NA	161.653684	NA	NA	NA
533290	94.025	68.375	NA	NA	161.604971	NA	NA	NA
533291	94.075	68.375	NA	NA	161.602318	NA	NA	NA
533292	94.125	68.375	NA	NA	161.589519	NA	NA	NA
533293	94.175	68.375	NA	NA	161.58764	NA	NA	NA
533294	94.225	68.375	NA	NA	160.949335	NA	NA	NA
533330	96.025	68.375	NA	NA	165.300276	NA	NA	NA
533331	96.075	68.375	NA	NA	164.725118	NA	NA	NA
533887	123.875	68.375	131.127233	148.834154	156.130578	25.003346	7.296424	NA
534566	157.825	68.375	127.93086	130.852234	155.915834	27.984973	25.0636	NA
534567	157.875	68.375	128.685255	130.959385	155.920819	27.235564	24.961434	NA
534568	157.925	68.375	128.154352	131.694095	155.953019	27.798667	24.258924	NA
539657	86.375	68.325	137.813056	123.24643	147.758264	9.945208	24.511834	NA
539658	86.425	68.325	136.857227	123.495055	147.743771	10.886545	24.248716	NA
539659	86.475	68.325	136.523204	123.920964	147.738642	11.215437	23.817677	NA
539660	86.525	68.325	136.585669	123.992139	147.734194	11.148525	23.742055	NA
539786	92.825	68.325	130.99172	124.327144	162.306147	31.314427	37.979003	NA
539787	92.875	68.325	NA	NA	162.256712	NA	NA	NA
539788	92.925	68.325	130.281337	124.722102	162.247765	31.966428	37.525662	NA
539814	94.225	68.325	NA	NA	154.927266	NA	NA	NA
539815	94.275	68.325	NA	NA	160.942053	NA	NA	NA
539851	96.075	68.325	NA	NA	164.891014	NA	NA	NA
539852	96.125	68.325	NA	NA	162.908236	NA	NA	NA
539853	96.175	68.325	NA	NA	162.398136	NA	NA	NA
540405	123.775	68.325	130.610516	146.895107	156.106305	25.495789	9.211197	NA
540406	123.825	68.325	131.212215	149.209629	156.110256	24.898041	6.900627	NA
540407	123.875	68.325	134.473404	151.424028	156.121366	21.647962	4.697338	NA
541084	157.725	68.325	127.981349	130.157625	155.893991	27.912643	25.736367	NA
541085	157.775	68.325	128.03101	130.840157	155.90826	27.877251	25.068103	NA
541086	157.825	68.325	127.935723	130.793684	151.53333	23.597607	20.739646	NA
546180	86.525	68.275	135.544515	123.98095	147.731958	12.187444	23.751008	NA
546181	86.575	68.275	132.552043	123.780801	147.724314	15.172271	23.943513	NA
546305	92.775	68.275	130.296759	123.844719	162.382657	32.085898	38.537937	NA
546306	92.825	68.275	130.406875	123.938802	163.811852	33.404977	39.87305	NA
546335	94.275	68.275	NA	NA	160.926104	NA	NA	NA
546336	94.325	68.275	NA	NA	160.908812	NA	NA	NA
546373	96.175	68.275	NA	NA	164.400462	NA	NA	NA
546374	96.225	68.275	NA	NA	163.889846	NA	NA	NA
546375	96.275	68.275	NA	NA	163.855606	NA	NA	NA
546924	123.725	68.275	129.731579	147.668472	156.08739	26.355811	8.418918	NA
546925	123.775	68.275	129.844792	147.375257	156.101573	26.256781	8.726316	NA
547603	157.675	68.275	130.687318	133.26965	155.894555	25.207237	22.624906	NA
547604	157.725	68.275	128.917369	131.945653	152.057534	23.140166	20.111881	NA
552701	86.575	68.225	134.489512	124.101312	157.656517	23.167005	33.555205	NA
552825	92.775	68.225	131.203793	124.200245	162.624177	31.420384	38.423932	NA
552856	94.325	68.225	NA	NA	159.980928	NA	NA	NA
552857	94.375	68.225	NA	NA	160.897172	NA	NA	NA
552895	96.275	68.225	NA	NA	163.670411	NA	NA	NA
552896	96.325	68.225	NA	NA	157.635063	NA	NA	NA
553443	123.675	68.225	133.381724	151.284835	145.304582	11.922858	-5.980253	NA
553444	123.725	68.225	131.658894	149.706105	156.087986	24.429092	6.381881	NA
554123	157.675	68.225	131.477684	133.815948	150.433771	18.956086	16.617822	NA
559220	86.525	68.175	138.853326	126.680767	147.957842	9.104516	21.277076	NA
559221	86.575	68.175	137.967777	124.555338	147.709119	9.741342	23.153781	NA
559343	92.675	68.175	131.185981	123.682548	160.725937	29.539957	37.04339	NA
559344	92.725	68.175	131.47758	124.000408	162.810029	31.332448	38.809621	NA
559345	92.775	68.175	129.992245	124.121675	162.641639	32.649394	38.519964	NA
559377	94.375	68.175	NA	NA	160.88519	NA	NA	NA
559416	96.325	68.175	NA	NA	163.281949	NA	NA	NA
559960	123.525	68.175	139.620964	154.652343	156.026163	16.405199	1.37382	NA
559961	123.575	68.175	134.2005	152.706555	156.032998	21.832499	3.326443	NA
559962	123.625	68.175	137.488852	152.948192	156.042496	18.553644	3.094303	NA
559963	123.675	68.175	133.33571	151.821241	156.047026	22.711316	4.225785	NA
560642	157.625	68.175	NA	NA	149.616598	NA	NA	NA
560643	157.675	68.175	NA	NA	155.851156	NA	NA	NA
565739	86.475	68.125	137.549393	124.668597	147.95509	10.405697	23.286492	NA
565740	86.525	68.125	137.457047	124.339312	131.061854	-6.395193	6.722541	NA
565861	92.575	68.125	NA	NA	165.699545	NA	NA	NA
565862	92.625	68.125	NA	NA	162.906699	NA	NA	NA
565863	92.675	68.125	NA	NA	162.82885	NA	NA	NA
565897	94.375	68.125	NA	NA	160.79816	NA	NA	NA
565936	96.325	68.125	NA	NA	163.093942	NA	NA	NA
566477	123.375	68.125	133.45767	152.183947	155.989794	22.532124	3.805846	NA
566478	123.425	68.125	133.22164	151.767105	155.996276	22.774636	4.229171	NA
566479	123.475	68.125	132.439133	149.999421	156.019226	23.580094	6.019806	NA
566480	123.525	68.125	130.875937	149.334387	142.955771	12.079835	-6.378616	NA
567161	157.575	68.125	NA	NA	149.467529	NA	NA	NA
567162	157.625	68.125	NA	NA	149.146075	NA	NA	NA
572258	86.425	68.075	137.355869	124.079166	147.945146	10.589277	23.86598	NA
572259	86.475	68.075	NA	NA	156.766542	NA	NA	NA
572379	92.475	68.075	130.647407	124.143441	161.871335	31.223929	37.727895	NA
572380	92.525	68.075	131.324604	124.026173	163.026659	31.702054	39.000485	NA
572381	92.575	68.075	129.574413	124.250399	162.940465	33.366052	38.690066	NA
572417	94.375	68.075	NA	NA	160.659277	NA	NA	NA
572418	94.425	68.075	131.65766	124.251016	160.646063	28.988403	36.395046	NA
572456	96.325	68.075	NA	NA	163.01806	NA	NA	NA
572457	96.375	68.075	NA	NA	162.809547	NA	NA	NA
572993	123.175	68.075	NA	NA	143.173379	NA	NA	NA
572994	123.225	68.075	126.399687	142.020745	144.262124	17.862437	2.241379	NA
572995	123.275	68.075	130.307426	147.12253	146.339147	16.031722	-0.783383	NA
572996	123.325	68.075	130.929525	149.129505	155.952904	25.02338	6.823399	NA
572997	123.375	68.075	133.45767	152.183947	155.982889	22.525219	3.798942	NA
573679	157.475	68.075	127.446035	130.523838	147.442832	19.996798	16.918994	NA
573680	157.525	68.075	127.466581	130.577954	155.820741	28.35416	25.242787	NA
573681	157.575	68.075	127.735931	129.879804	155.824005	28.088075	25.944201	NA
578778	86.425	68.025	137.284956	123.77897	147.912491	10.627535	24.133521	NA
578895	92.275	68.025	NA	NA	164.212803	NA	NA	NA
578896	92.325	68.025	NA	NA	164.651274	NA	NA	NA
578897	92.375	68.025	NA	NA	163.095052	NA	NA	NA
578898	92.425	68.025	NA	NA	163.045239	NA	NA	NA
578899	92.475	68.025	NA	NA	163.03679	NA	NA	NA
578938	94.425	68.025	NA	NA	160.629121	NA	NA	NA
578939	94.475	68.025	129.63379	123.042183	160.580757	30.946967	37.538574	NA
578976	96.325	68.025	NA	NA	162.523203	NA	NA	NA
578977	96.375	68.025	NA	NA	155.864378	NA	NA	NA
579513	123.175	68.025	131.479013	147.637092	147.217492	15.738479	-0.4196	NA
580190	157.025	68.025	128.611745	131.778071	155.78136	27.169615	24.003289	NA
580191	157.075	68.025	127.32573	129.79921	155.784877	28.459147	25.985666	NA
580192	157.125	68.025	127.404077	130.170378	155.779529	28.375452	25.609151	NA
580193	157.175	68.025	126.883899	130.146805	155.783448	28.899549	25.636643	NA
580194	157.225	68.025	126.909122	129.984845	155.787633	28.878511	25.802788	NA
580195	157.275	68.025	127.534983	129.863903	155.795765	28.260782	25.931861	NA
580196	157.325	68.025	127.447219	129.495321	155.796693	28.349474	26.301372	NA
580197	157.375	68.025	127.395659	130.139526	155.801199	28.40554	25.661673	NA
580198	157.425	68.025	127.242774	130.088734	155.804806	28.562032	25.716072	NA
580199	157.475	68.025	128.85521	131.552378	155.816564	26.961354	24.264187	NA
585298	86.425	67.975	136.556795	123.82334	147.90874	11.351945	24.0854	NA
585413	92.175	67.975	NA	NA	161.119645	NA	NA	NA
585414	92.225	67.975	NA	NA	163.238343	NA	NA	NA
585415	92.275	67.975	NA	NA	163.115105	NA	NA	NA
585459	94.475	67.975	NA	NA	162.09502	NA	NA	NA
585460	94.525	67.975	130.500874	123.356781	160.573068	30.072194	37.216286	NA
585461	94.575	67.975	131.228238	123.634107	160.503098	29.274861	36.868991	NA
585496	96.325	67.975	NA	NA	162.476555	NA	NA	NA
585497	96.375	67.975	NA	NA	162.319504	NA	NA	NA
586032	123.125	67.975	132.683184	150.669541	147.189783	14.506598	-3.479759	NA
586033	123.175	67.975	132.484127	149.907025	156.097087	23.61296	6.190062	NA
586694	156.225	67.975	127.462951	129.639613	155.67383	28.21088	26.034217	NA
586695	156.275	67.975	127.476595	129.308011	155.683131	28.206536	26.375121	NA
586696	156.325	67.975	127.511761	129.483433	155.691894	28.180133	26.208461	NA
586697	156.375	67.975	127.376472	130.185635	155.698754	28.322282	25.513119	NA
586698	156.425	67.975	126.980716	129.994302	155.697434	28.716718	25.703133	NA
586699	156.475	67.975	127.126243	129.660456	155.710445	28.584201	26.049988	NA
586700	156.525	67.975	128.606831	130.673358	148.928588	20.321757	18.25523	NA
586701	156.575	67.975	NA	NA	148.997529	NA	NA	NA
586706	156.825	67.975	127.556044	130.753199	155.750129	28.194084	24.99693	NA
586707	156.875	67.975	127.737525	130.807364	155.761455	28.02393	24.954091	NA
586708	156.925	67.975	127.542829	130.89807	150.186156	22.643327	19.288086	NA
586709	156.975	67.975	127.474499	130.126809	155.777488	28.302989	25.650679	NA
586710	157.025	67.975	128.611745	131.778071	151.947341	23.335596	20.16927	NA
591818	86.425	67.925	133.991248	123.702163	147.895921	13.904673	24.193758	NA
591819	86.475	67.925	133.543886	123.937542	147.888107	14.344221	23.950565	NA
591820	86.525	67.925	132.5829	124.451481	147.885572	15.302672	23.434091	NA
591930	92.025	67.925	NA	NA	163.719216	NA	NA	NA
591931	92.075	67.925	NA	NA	157.231223	NA	NA	NA
591932	92.125	67.925	NA	NA	163.306785	NA	NA	NA
591933	92.175	67.925	NA	NA	163.263497	NA	NA	NA
591981	94.575	67.925	131.212034	123.830253	160.495132	29.283098	36.664879	NA
591982	94.625	67.925	131.510206	124.405169	160.445512	28.935306	36.040344	NA
592017	96.375	67.925	NA	NA	162.243865	NA	NA	NA
592552	123.125	67.925	128.937297	145.352174	156.068569	27.131273	10.716396	NA
593213	156.175	67.925	127.642579	130.109591	155.663711	28.021131	25.55412	NA
593214	156.225	67.925	127.462951	129.639613	148.60587	21.14292	18.966257	NA
593221	156.575	67.925	NA	NA	155.71963	NA	NA	NA
593222	156.625	67.925	127.267977	129.207445	155.72338	28.455403	26.515935	NA
593223	156.675	67.925	127.624536	129.600596	155.733371	28.108835	26.132775	NA
593224	156.725	67.925	126.982153	129.232401	155.735602	28.753449	26.503201	NA
593225	156.775	67.925	127.722925	130.034638	155.746577	28.023652	25.711939	NA
593226	156.825	67.925	127.526622	130.718174	151.64128	24.114659	20.923107	NA
598340	86.525	67.875	133.054919	124.090013	158.438032	25.383114	34.348019	NA
598341	86.575	67.875	135.539253	123.614477	147.883776	12.344523	24.269299	NA
598448	91.925	67.875	NA	NA	162.683714	NA	NA	NA
598449	91.975	67.875	NA	NA	163.373523	NA	NA	NA
598450	92.025	67.875	129.853026	123.903429	163.323708	33.470682	39.420278	NA
598502	94.625	67.875	131.352881	124.24251	160.434372	29.08149	36.191862	NA
598503	94.675	67.875	NA	NA	161.362952	NA	NA	NA
598537	96.375	67.875	NA	NA	158.656056	NA	NA	NA
598538	96.425	67.875	NA	NA	162.007323	NA	NA	NA
599072	123.125	67.875	130.357842	147.793108	156.042006	25.684164	8.248898	NA
599733	156.175	67.875	127.889511	130.015041	155.639263	27.749752	25.624222	NA
604858	86.425	67.825	136.341121	124.011458	159.100865	22.759744	35.089407	NA
604859	86.475	67.825	135.999605	123.865045	147.855939	11.856335	23.990894	NA
604860	86.525	67.825	134.504031	123.72531	147.868454	13.364423	24.143144	NA
604861	86.575	67.825	136.669847	124.131493	161.090473	24.420626	36.95898	NA
604967	91.875	67.825	NA	NA	163.449824	NA	NA	NA
604968	91.925	67.825	132.033388	122.919544	163.400287	31.366899	40.480743	NA
605023	94.675	67.825	131.145721	124.028187	160.365621	29.2199	36.337434	NA
605024	94.725	67.825	NA	NA	156.392221	NA	NA	NA
605058	96.425	67.825	NA	NA	161.864799	NA	NA	NA
605059	96.475	67.825	NA	NA	161.864808	NA	NA	NA
605592	123.125	67.825	128.769032	146.310719	156.018658	27.249626	9.707939	NA
606253	156.175	67.825	NA	NA	149.75651	NA	NA	NA
606254	156.225	67.825	130.279687	132.914956	155.620298	25.340611	22.705342	NA
611378	86.425	67.775	NA	NA	147.853888	NA	NA	NA
611486	91.825	67.775	NA	NA	160.248628	NA	NA	NA
611487	91.875	67.775	129.758831	123.147584	163.488976	33.730145	40.341392	NA
611544	94.725	67.775	131.014119	123.187329	160.309666	29.295548	37.122337	NA
611545	94.775	67.775	130.938525	122.903541	160.223686	29.285161	37.320145	NA
611579	96.475	67.775	NA	NA	161.736212	NA	NA	NA
611580	96.525	67.775	NA	NA	161.747787	NA	NA	NA
611581	96.575	67.775	NA	NA	156.634276	NA	NA	NA
612112	123.125	67.775	127.965537	143.496976	155.988283	28.022746	12.491308	NA
612774	156.225	67.775	NA	NA	147.51858	NA	NA	NA
612775	156.275	67.775	NA	NA	155.601599	NA	NA	NA
617897	86.375	67.725	137.318108	124.133041	156.611651	19.293543	32.47861	NA
618005	91.775	67.725	NA	NA	162.246314	NA	NA	NA
618006	91.825	67.725	130.533824	124.616892	163.524113	32.99029	38.907221	NA
618065	94.775	67.725	130.938525	122.903541	158.158215	27.21969	35.254674	NA
618066	94.825	67.725	131.58256	122.84484	160.211152	28.628593	37.366312	NA
618067	94.875	67.725	132.985298	123.142198	160.116439	27.131141	36.974241	NA
618101	96.575	67.725	NA	NA	161.720621	NA	NA	NA
618102	96.625	67.725	NA	NA	157.025526	NA	NA	NA
618632	123.125	67.725	128.627159	146.249612	155.945203	27.318044	9.69559	NA
619294	156.225	67.725	NA	NA	147.853129	NA	NA	NA
624524	91.725	67.675	NA	NA	153.023627	NA	NA	NA
624525	91.775	67.675	NA	NA	163.518354	NA	NA	NA
624587	94.875	67.675	NA	NA	160.090055	NA	NA	NA
624588	94.925	67.675	NA	NA	160.057422	NA	NA	NA
624622	96.625	67.675	NA	NA	161.536034	NA	NA	NA
624623	96.675	67.675	NA	NA	161.531586	NA	NA	NA
625151	123.075	67.675	131.261601	147.857905	141.548172	10.286571	-6.309732	NA
625152	123.125	67.675	128.450661	146.06956	155.92851	27.477849	9.858949	NA
625814	156.225	67.675	127.677618	129.535197	146.167557	18.489939	16.632361	NA
626527	-134.125	67.625	125.290577	143.552491	142.309152	17.018575	-1.243339	NA
626528	-134.075	67.625	125.310153	144.818192	141.952177	16.642024	-2.866014	NA
631042	91.625	67.625	131.26144	124.99005	156.399155	25.137715	31.409105	NA
631043	91.675	67.625	131.262214	124.863446	163.527898	32.265684	38.664453	NA
631044	91.725	67.625	131.065516	124.747698	163.508991	32.443475	38.761293	NA
631108	94.925	67.625	NA	NA	161.460244	NA	NA	NA
631109	94.975	67.625	132.22364	124.632237	160.007172	27.783532	35.374935	NA
631110	95.025	67.625	NA	NA	159.964284	NA	NA	NA
631143	96.675	67.625	NA	NA	161.498039	NA	NA	NA
631144	96.725	67.625	NA	NA	161.501825	NA	NA	NA
631145	96.775	67.625	NA	NA	156.603121	NA	NA	NA
631671	123.075	67.625	132.243115	148.934224	155.893186	23.650071	6.958962	NA
632310	155.025	67.625	NA	NA	155.609792	NA	NA	NA
632311	155.075	67.625	127.748623	131.145425	155.615491	27.866868	24.470066	NA
632312	155.125	67.625	127.606193	130.9999	155.619582	28.013389	24.619682	NA
632313	155.175	67.625	127.853243	131.902213	155.624213	27.77097	23.722001	NA
632314	155.225	67.625	127.924004	131.130286	155.63001	27.706006	24.499724	NA
632315	155.275	67.625	127.930085	130.717105	155.638971	27.708886	24.921866	NA
632316	155.325	67.625	127.687307	129.992231	155.644504	27.957197	25.652273	NA
632317	155.375	67.625	127.701484	129.713112	155.364106	27.662622	25.650994	NA
632318	155.425	67.625	127.74903	129.878533	155.372142	27.623113	25.49361	NA
632319	155.475	67.625	127.388169	129.52294	155.381415	27.993246	25.858475	NA
632320	155.525	67.625	127.093008	129.351998	155.38951	28.296502	26.037512	NA
632321	155.575	67.625	129.069533	131.449016	155.417556	26.348023	23.968539	NA
632322	155.625	67.625	131.544818	134.518875	146.767563	15.222745	12.248688	NA
632323	155.675	67.625	NA	NA	146.700885	NA	NA	NA
632327	155.875	67.625	NA	NA	146.888464	NA	NA	NA
632328	155.925	67.625	130.553786	133.229411	147.270703	16.716917	14.041292	NA
632329	155.975	67.625	127.306809	129.309196	145.875132	18.568323	16.565936	NA
632330	156.025	67.625	128.797645	130.96154	155.486121	26.688476	24.524581	NA
632331	156.075	67.625	130.443968	132.563489	155.495514	25.051546	22.932025	NA
632332	156.125	67.625	130.047688	131.709107	155.502005	25.454317	23.792898	NA
632333	156.175	67.625	127.668515	129.424983	155.508264	27.839748	26.08328	NA
632334	156.225	67.625	127.14043	129.025956	155.513915	28.373485	26.487959	NA
633048	-134.075	67.575	124.219476	140.377317	142.305828	18.086353	1.928512	NA
633049	-134.025	67.575	124.690303	142.626545	142.303291	17.612988	-0.323254	NA
633050	-133.975	67.575	124.316203	142.593279	142.30145	17.985247	-0.291829	NA
633051	-133.925	67.575	125.540061	145.875872	142.300687	16.760626	-3.575185	NA
637455	86.275	67.575	137.403405	123.91775	147.777639	10.374233	23.859888	NA
637456	86.325	67.575	134.478566	124.069663	147.759785	13.281219	23.690122	NA
637560	91.525	67.575	NA	NA	157.708967	NA	NA	NA
637561	91.575	67.575	131.566948	124.757303	163.552835	31.985887	38.795533	NA
637562	91.625	67.575	NA	NA	163.52808	NA	NA	NA
637630	95.025	67.575	NA	NA	159.961576	NA	NA	NA
637631	95.075	67.575	NA	NA	159.945086	NA	NA	NA
637665	96.775	67.575	NA	NA	161.344119	NA	NA	NA
637666	96.825	67.575	NA	NA	160.671383	NA	NA	NA
638190	123.025	67.575	133.623076	151.07852	155.848745	22.225669	4.770225	NA
638191	123.075	67.575	133.62112	151.0735	155.885816	22.264695	4.812316	NA
638827	154.875	67.575	128.074052	130.163298	155.590668	27.516616	25.42737	NA
638828	154.925	67.575	131.155709	135.136033	155.595146	24.439437	20.459113	NA
638829	154.975	67.575	128.773109	132.95149	155.595724	26.822615	22.644234	NA
638830	155.025	67.575	NA	NA	155.606861	NA	NA	NA
638843	155.675	67.575	NA	NA	155.435021	NA	NA	NA
638844	155.725	67.575	NA	NA	155.442523	NA	NA	NA
638845	155.775	67.575	NA	NA	155.452051	NA	NA	NA
638846	155.825	67.575	NA	NA	155.46179	NA	NA	NA
638847	155.875	67.575	NA	NA	155.463706	NA	NA	NA
639571	-133.925	67.525	NA	NA	142.300146	NA	NA	NA
639572	-133.875	67.525	124.842838	143.327368	142.297855	17.455017	-1.029513	NA
639573	-133.825	67.525	125.765701	146.261891	142.297084	16.531383	-3.964807	NA
643976	86.325	67.525	135.286601	123.620474	147.747482	12.460881	24.127008	NA
643977	86.375	67.525	137.147632	124.114034	160.128296	22.980663	36.014262	NA
644078	91.425	67.525	NA	NA	154.279237	NA	NA	NA
644079	91.475	67.525	NA	NA	163.563791	NA	NA	NA
644080	91.525	67.525	NA	NA	163.549199	NA	NA	NA
644151	95.075	67.525	NA	NA	159.937848	NA	NA	NA
644152	95.125	67.525	NA	NA	159.938319	NA	NA	NA
644186	96.825	67.525	NA	NA	160.654401	NA	NA	NA
644710	123.025	67.525	133.606411	150.821572	155.840667	22.234256	5.019095	NA
645330	154.025	67.525	128.014682	130.169315	155.459855	27.445173	25.29054	NA
645331	154.075	67.525	128.006621	129.774956	155.463319	27.456699	25.688363	NA
645332	154.125	67.525	127.746597	129.418272	155.470694	27.724097	26.052423	NA
645333	154.175	67.525	127.569466	130.137183	155.474437	27.904971	25.337254	NA
645334	154.225	67.525	127.431211	130.688883	155.47724	28.046029	24.788357	NA
645335	154.275	67.525	128.088619	130.914466	155.482169	27.39355	24.567703	NA
645336	154.325	67.525	127.775808	130.392702	155.487876	27.712068	25.095174	NA
645337	154.375	67.525	127.828495	130.00594	155.492571	27.664076	25.486632	NA
645338	154.425	67.525	127.617208	129.317364	155.48592	27.868712	26.168556	NA
645339	154.475	67.525	127.121212	129.112943	155.492365	28.371153	26.379422	NA
645340	154.525	67.525	127.47714	130.620357	155.497539	28.020399	24.877182	NA
645341	154.575	67.525	127.72647	131.538747	155.502047	27.775577	23.963299	NA
645342	154.625	67.525	127.486143	130.496421	155.513024	28.026881	25.016603	NA
645343	154.675	67.525	128.017346	130.568128	155.54346	27.526114	24.975331	NA
645344	154.725	67.525	129.469824	131.76167	146.988983	17.519159	15.227313	NA
645345	154.775	67.525	NA	NA	146.505685	NA	NA	NA
645346	154.825	67.525	NA	NA	155.595513	NA	NA	NA
645347	154.875	67.525	NA	NA	149.860353	NA	NA	NA
646093	-133.825	67.475	124.420188	138.727094	142.29656	17.876373	3.569467	NA
646094	-133.775	67.475	124.559456	140.72043	142.292204	17.732748	1.571774	NA
646095	-133.725	67.475	125.598421	145.243011	142.01952	16.421099	-3.223491	NA
646096	-133.675	67.475	126.241187	146.402122	142.018537	15.77735	-4.383585	NA
646097	-133.625	67.475	124.359411	137.854559	142.01701	17.657599	4.162451	NA
646098	-133.575	67.475	125.062844	143.721865	142.015148	16.952304	-1.706717	NA
646099	-133.525	67.475	NA	NA	141.704909	NA	NA	NA
646138	-131.575	67.475	126.036852	142.79916	147.115592	21.078741	4.316432	NA
646139	-131.525	67.475	125.557117	142.524599	141.871032	16.313914	-0.653567	NA
646140	-131.475	67.475	124.118697	135.63261	141.866667	17.74797	6.234058	NA
646141	-131.425	67.475	124.418118	138.934908	141.865205	17.447087	2.930297	NA
646142	-131.375	67.475	124.086146	141.456498	141.862273	17.776126	0.405774	NA
646143	-131.325	67.475	124.505893	143.514387	141.857107	17.351214	-1.657281	NA
646144	-131.275	67.475	124.863219	144.156608	141.85506	16.991841	-2.301548	NA
646145	-131.225	67.475	124.717678	139.147287	140.495853	15.778175	1.348566	NA
646146	-131.175	67.475	125.379511	139.455064	141.845431	16.46592	2.390367	NA
646147	-131.125	67.475	125.73226	142.285951	141.835736	16.103476	-0.450215	NA
646148	-131.075	67.475	125.053448	141.173366	141.834227	16.780779	0.660861	NA
646149	-131.025	67.475	124.488998	140.397807	141.833085	17.344087	1.435278	NA
646150	-130.975	67.475	124.696413	140.914173	141.831979	17.135566	0.917807	NA
646151	-130.925	67.475	124.383536	139.468275	141.830699	17.447164	2.362424	NA
646152	-130.875	67.475	NA	NA	143.002435	NA	NA	NA
650497	86.375	67.475	136.704478	124.031667	147.729488	11.02501	23.697821	NA
650498	86.425	67.475	137.524461	124.95738	153.912233	16.387773	28.954853	NA
650589	90.975	67.475	NA	NA	158.545676	NA	NA	NA
650590	91.025	67.475	130.815079	124.158183	163.475616	32.660538	39.317433	NA
650591	91.075	67.475	130.112921	123.895554	163.459495	33.346574	39.563941	NA
650592	91.125	67.475	NA	NA	163.454385	NA	NA	NA
650593	91.175	67.475	NA	NA	163.504075	NA	NA	NA
650594	91.225	67.475	NA	NA	163.503565	NA	NA	NA
650595	91.275	67.475	NA	NA	163.486651	NA	NA	NA
650596	91.325	67.475	NA	NA	163.509061	NA	NA	NA
650597	91.375	67.475	NA	NA	163.507539	NA	NA	NA
650598	91.425	67.475	NA	NA	163.505706	NA	NA	NA
650672	95.125	67.475	NA	NA	159.942066	NA	NA	NA
650673	95.175	67.475	NA	NA	159.900471	NA	NA	NA
650705	96.775	67.475	NA	NA	160.511165	NA	NA	NA
650706	96.825	67.475	NA	NA	160.616711	NA	NA	NA
651230	123.025	67.475	132.958135	150.544317	155.808906	22.850771	5.264588	NA
651231	123.075	67.475	131.961831	149.679571	155.798648	23.836817	6.119077	NA
651844	153.725	67.475	NA	NA	155.386148	NA	NA	NA
651845	153.775	67.475	NA	NA	155.401005	NA	NA	NA
651846	153.825	67.475	NA	NA	155.412164	NA	NA	NA
651847	153.875	67.475	127.623113	129.935907	155.426509	27.803396	25.490602	NA
651848	153.925	67.475	128.057961	131.085989	155.440872	27.382912	24.354883	NA
651849	153.975	67.475	129.493338	132.129716	155.445408	25.952071	23.315692	NA
651850	154.025	67.475	130.386234	133.347513	155.455792	25.069559	22.108279	NA
652619	-133.525	67.425	124.544292	143.311488	142.01346	17.469167	-1.298028	NA
652654	-131.775	67.425	NA	NA	139.721532	NA	NA	NA
652655	-131.725	67.425	124.071763	137.411942	141.886881	17.815117	4.474938	NA
652656	-131.675	67.425	124.068675	136.610112	141.88139	17.812715	5.271278	NA
652657	-131.625	67.425	124.538555	138.537445	141.879864	17.34131	3.342419	NA
652658	-131.575	67.425	126.036852	142.79916	141.873105	15.836254	-0.926055	NA
652672	-130.875	67.425	124.366131	139.024388	141.827805	17.461675	2.803417	NA
652673	-130.825	67.425	NA	NA	140.674767	NA	NA	NA
657018	86.425	67.425	137.233454	123.681658	147.719735	10.486281	24.038077	NA
657019	86.475	67.425	137.586518	123.859711	147.708722	10.122204	23.849011	NA
657020	86.525	67.425	137.087166	124.287846	147.690026	10.60286	23.40218	NA
657021	86.575	67.425	136.10418	124.112789	147.684195	11.580015	23.571406	NA
657102	90.625	67.425	130.250038	124.593014	158.597937	28.347899	34.004923	NA
657103	90.675	67.425	NA	NA	163.557232	NA	NA	NA
657104	90.725	67.425	130.213202	124.460508	163.219299	33.006097	38.758791	NA
657105	90.775	67.425	NA	NA	163.190446	NA	NA	NA
657106	90.825	67.425	NA	NA	163.184701	NA	NA	NA
657107	90.875	67.425	130.593962	124.383687	163.18552	32.591558	38.801834	NA
657108	90.925	67.425	NA	NA	163.183144	NA	NA	NA
657109	90.975	67.425	NA	NA	163.462256	NA	NA	NA
657193	95.175	67.425	NA	NA	154.396638	NA	NA	NA
657194	95.225	67.425	NA	NA	159.92854	NA	NA	NA
657195	95.275	67.425	NA	NA	159.903048	NA	NA	NA
657225	96.775	67.425	NA	NA	160.374115	NA	NA	NA
657751	123.075	67.425	131.276706	148.966029	143.526421	12.249715	-5.439608	NA
657752	123.125	67.425	131.264696	148.782379	155.789568	24.524873	7.007189	NA
658363	153.675	67.425	127.58829	129.353575	155.358876	27.770585	26.005301	NA
658364	153.725	67.425	127.505747	129.243509	155.38695	27.881203	26.143441	NA
659139	-133.525	67.375	124.329195	139.888224	142.007294	17.678099	2.11907	NA
659140	-133.475	67.375	124.068747	138.532682	142.0033	17.934554	3.470618	NA
659141	-133.425	67.375	124.016427	137.827559	139.888218	15.871791	2.060659	NA
659167	-132.125	67.375	124.991514	140.46433	138.897341	13.905827	-1.566989	NA
659168	-132.075	67.375	124.673295	142.775445	141.909805	17.23651	-0.86564	NA
659169	-132.025	67.375	124.067933	137.908888	141.905093	17.83716	3.996206	NA
659170	-131.975	67.375	124.426632	142.654465	141.903416	17.476784	-0.751048	NA
659171	-131.925	67.375	124.093307	136.754284	141.900818	17.80751	5.146534	NA
659172	-131.875	67.375	124.034774	137.788865	141.898766	17.863992	4.109901	NA
659173	-131.825	67.375	123.151077	138.230461	141.89668	18.745603	3.666219	NA
659174	-131.775	67.375	124.059884	139.327023	141.890673	17.830789	2.56365	NA
659193	-130.825	67.375	124.608387	140.518643	141.818896	17.210509	1.300253	NA
659194	-130.775	67.375	124.590227	140.687141	139.823003	15.232776	-0.864138	NA
663541	86.575	67.375	136.910566	123.90139	147.643767	10.733201	23.742377	NA
663619	90.475	67.375	130.563975	123.979359	155.851473	25.287498	31.872114	NA
663620	90.525	67.375	130.287458	124.425182	163.942565	33.655108	39.517383	NA
663621	90.575	67.375	130.183086	124.325999	163.271197	33.08811	38.945197	NA
663622	90.625	67.375	NA	NA	163.220408	NA	NA	NA
663715	95.275	67.375	NA	NA	159.897425	NA	NA	NA
663716	95.325	67.375	NA	NA	159.899579	NA	NA	NA
663744	96.725	67.375	NA	NA	156.477295	NA	NA	NA
663745	96.775	67.375	NA	NA	160.298629	NA	NA	NA
664272	123.125	67.375	132.240003	150.233313	155.748429	23.508426	5.515116	NA
664880	153.525	67.375	129.077974	131.705235	155.341537	26.263563	23.636302	NA
664881	153.575	67.375	127.594622	130.331604	155.344523	27.749901	25.012919	NA
664882	153.625	67.375	127.74559	130.76643	155.35147	27.60588	24.58504	NA
664883	153.675	67.375	NA	NA	149.849177	NA	NA	NA
665661	-133.425	67.325	124.016427	137.827559	141.997941	17.981514	4.170382	NA
665662	-133.375	67.325	124.092088	140.503813	141.989179	17.897091	1.485367	NA
665663	-133.325	67.325	123.932031	141.612982	141.984165	18.052134	0.371183	NA
665664	-133.275	67.325	124.253059	140.867459	141.96642	17.713361	1.098961	NA
665680	-132.475	67.325	123.99417	130.779457	141.068738	17.074568	10.289281	NA
665681	-132.425	67.325	123.962079	137.413333	141.928816	17.966737	4.515483	NA
665682	-132.375	67.325	124.004758	138.92146	141.921438	17.916681	2.999978	NA
665683	-132.325	67.325	124.066939	136.596207	141.920191	17.853252	5.323983	NA
665684	-132.275	67.325	124.086365	138.649638	141.917662	17.831297	3.268024	NA
665685	-132.225	67.325	124.167863	139.534124	141.915233	17.74737	2.381109	NA
665686	-132.175	67.325	125.681293	143.394234	141.913074	16.231781	-1.481161	NA
665687	-132.125	67.325	124.991514	140.46433	141.911235	16.91972	1.446904	NA
665714	-130.775	67.325	124.585362	141.218034	141.81816	17.232798	0.600126	NA
665715	-130.725	67.325	125.361494	143.996905	141.814119	16.452625	-2.182786	NA
665716	-130.675	67.325	124.868488	142.323748	141.81239	16.943902	-0.511358	NA
665717	-130.625	67.325	124.034173	137.98819	141.810688	17.776515	3.822498	NA
665718	-130.575	67.325	124.042552	139.947409	141.808366	17.765813	1.860957	NA
665719	-130.525	67.325	124.195827	141.223729	141.805853	17.610026	0.582124	NA
665720	-130.475	67.325	124.037285	140.617324	141.80409	17.766805	1.186765	NA
665721	-130.425	67.325	124.04739	139.725275	141.136152	17.088761	1.410877	NA
670061	86.575	67.325	137.267141	124.178381	147.59413	10.326989	23.415749	NA
670137	90.375	67.325	129.930461	123.957764	158.859204	28.928743	34.90144	NA
670138	90.425	67.325	130.150892	124.178472	163.32043	33.169538	39.141958	NA
670139	90.475	67.325	130.387299	124.113761	163.295839	32.90854	39.182078	NA
670236	95.325	67.325	NA	NA	159.896777	NA	NA	NA
670237	95.375	67.325	NA	NA	159.879084	NA	NA	NA
670264	96.725	67.325	NA	NA	160.305222	NA	NA	NA
670792	123.125	67.325	131.645762	148.548235	144.391349	12.745588	-4.156886	NA
670793	123.175	67.325	133.620105	151.296371	155.711373	22.091269	4.415002	NA
671400	153.525	67.325	129.074049	131.673643	155.339587	26.265538	23.665944	NA
671401	153.575	67.325	127.370477	129.43812	155.327816	27.957339	25.889696	NA
672184	-133.275	67.275	124.253059	140.867459	141.982502	17.729443	1.115043	NA
672185	-133.225	67.275	124.134328	139.517161	141.978485	17.844157	2.461324	NA
672186	-133.175	67.275	124.011996	139.007575	141.976892	17.964896	2.969317	NA
672187	-133.125	67.275	124.248166	137.833978	141.975376	17.727211	4.141399	NA
672188	-133.075	67.275	NA	NA	140.009606	NA	NA	NA
672197	-132.625	67.275	124.178759	134.46936	141.93738	17.75862	7.46802	NA
672198	-132.575	67.275	123.991105	136.91869	141.929665	17.938561	5.010975	NA
672199	-132.525	67.275	124.193539	134.037977	141.933301	17.739762	7.895324	NA
672200	-132.475	67.275	124.121937	131.744206	141.93105	17.809113	10.186844	NA
672241	-130.425	67.275	124.229871	138.741541	141.80254	17.572669	3.060999	NA
672242	-130.375	67.275	124.458667	140.621608	141.796896	17.338229	1.175288	NA
672243	-130.325	67.275	NA	NA	140.779824	NA	NA	NA
676581	86.575	67.275	138.046134	124.16409	147.585294	9.53916	23.421204	NA
676652	90.125	67.275	NA	NA	159.724313	NA	NA	NA
676653	90.175	67.275	NA	NA	163.80228	NA	NA	NA
676654	90.225	67.275	NA	NA	163.351371	NA	NA	NA
676655	90.275	67.275	NA	NA	163.323113	NA	NA	NA
676656	90.325	67.275	129.955155	124.51429	163.319906	33.364751	38.805616	NA
676657	90.375	67.275	129.930461	123.957764	163.307101	33.37664	39.349337	NA
676757	95.375	67.275	NA	NA	156.917959	NA	NA	NA
676758	95.425	67.275	NA	NA	159.859351	NA	NA	NA
676759	95.475	67.275	NA	NA	159.875691	NA	NA	NA
676760	95.525	67.275	NA	NA	159.866283	NA	NA	NA
676782	96.625	67.275	NA	NA	155.783614	NA	NA	NA
676783	96.675	67.275	NA	NA	160.219718	NA	NA	NA
676784	96.725	67.275	NA	NA	160.185223	NA	NA	NA
677313	123.175	67.275	133.738282	151.483502	141.639646	7.901364	-9.843856	NA
677314	123.225	67.275	132.355338	149.460837	155.691976	23.336638	6.231139	NA
677921	153.575	67.275	127.754274	129.575702	143.660339	15.906065	14.084637	NA
677922	153.625	67.275	127.521088	128.693445	155.325723	27.804635	26.632278	NA
678708	-133.075	67.225	124.172875	140.773414	141.968857	17.795982	1.195443	NA
678709	-133.025	67.225	124.214744	138.097032	141.967552	17.752808	3.87052	NA
678710	-132.975	67.225	124.123174	136.523276	141.96552	17.842346	5.442244	NA
678711	-132.925	67.225	124.042753	134.550837	141.964296	17.921544	7.413459	NA
678712	-132.875	67.225	123.777148	130.165419	139.272171	15.495022	9.106752	NA
678713	-132.825	67.225	124.011887	134.202287	141.956531	17.944644	7.754243	NA
678714	-132.775	67.225	124.053244	137.252532	141.943813	17.890569	4.691281	NA
678715	-132.725	67.225	124.257912	137.005235	141.942729	17.684817	4.937494	NA
678716	-132.675	67.225	124.639775	140.078506	141.941248	17.301473	1.862742	NA
678717	-132.625	67.225	124.316773	136.202111	141.9394	17.622627	5.737289	NA
678763	-130.325	67.225	124.025222	139.080831	141.795611	17.770389	2.71478	NA
678764	-130.275	67.225	124.236317	139.656593	141.786473	17.550156	2.12988	NA
683101	86.575	67.225	134.70449	124.034612	151.71106	17.00657	27.676448	NA
683170	90.025	67.225	NA	NA	157.966202	NA	NA	NA
683171	90.075	67.225	129.57659	123.670967	163.399924	33.823334	39.728958	NA
683172	90.125	67.225	129.833617	123.820402	163.3631	33.529483	39.542699	NA
683280	95.525	67.225	NA	NA	156.647996	NA	NA	NA
683281	95.575	67.225	NA	NA	159.929906	NA	NA	NA
683282	95.625	67.225	NA	NA	159.902535	NA	NA	NA
683283	95.675	67.225	NA	NA	159.894762	NA	NA	NA
683301	96.575	67.225	NA	NA	160.075738	NA	NA	NA
683302	96.625	67.225	NA	NA	160.057773	NA	NA	NA
683834	123.225	67.225	132.287266	149.760997	155.681632	23.394366	5.920635	NA
683835	123.275	67.225	132.845712	150.624755	155.66783	22.822119	5.043076	NA
684442	153.625	67.225	126.624567	127.743006	144.512822	17.888255	16.769816	NA
684443	153.675	67.225	127.734089	129.255697	155.315157	27.581068	26.05946	NA
685284	-130.275	67.175	NA	NA	141.784942	NA	NA	NA
685285	-130.225	67.175	124.059906	139.217224	141.779182	17.719276	2.561958	NA
689621	86.575	67.175	136.42262	124.294481	147.530154	11.107533	23.235673	NA
689686	89.825	67.175	NA	NA	155.768163	NA	NA	NA
689687	89.875	67.175	128.455705	122.822128	163.443544	34.987838	40.621416	NA
689688	89.925	67.175	128.8279	123.198258	163.413623	34.585723	40.215365	NA
689689	89.975	67.175	129.143124	123.402299	163.40821	34.265087	40.005911	NA
689690	90.025	67.175	131.228594	123.472016	163.406846	32.178253	39.93483	NA
689803	95.675	67.175	NA	NA	150.288652	NA	NA	NA
689804	95.725	67.175	NA	NA	159.930905	NA	NA	NA
689805	95.775	67.175	NA	NA	159.941899	NA	NA	NA
689820	96.525	67.175	NA	NA	160.084394	NA	NA	NA
689821	96.575	67.175	NA	NA	156.87647	NA	NA	NA
690355	123.275	67.175	129.052215	147.799593	155.664954	26.612739	7.865361	NA
690958	153.425	67.175	127.512521	130.493411	155.285196	27.772675	24.791785	NA
690959	153.475	67.175	127.313652	129.923901	155.291519	27.977867	25.367619	NA
690960	153.525	67.175	127.857156	130.188205	155.296072	27.438917	25.107868	NA
690961	153.575	67.175	127.993571	130.185756	155.299089	27.305518	25.113333	NA
690962	153.625	67.175	127.387572	129.770021	155.302832	27.91526	25.53281	NA
690963	153.675	67.175	127.914661	130.999012	155.303745	27.389083	24.304733	NA
691805	-130.225	67.125	124.192258	138.340473	141.772138	17.57988	3.431665	NA
696141	86.575	67.125	135.2324	124.440197	151.656945	16.424545	27.216748	NA
696142	86.625	67.125	136.286311	124.459271	147.495205	11.208894	23.035934	NA
696143	86.675	67.125	136.551749	124.203659	147.453637	10.901889	23.249979	NA
696201	89.575	67.125	130.277816	122.81327	160.753229	30.475412	37.939959	NA
696202	89.625	67.125	138.353195	129.039593	163.523946	25.170751	34.484353	NA
696203	89.675	67.125	137.087327	127.0518	163.517523	26.430197	36.465724	NA
696204	89.725	67.125	136.961343	127.783745	163.523384	26.562042	35.739639	NA
696205	89.775	67.125	131.562033	123.087554	163.521614	31.959581	40.43406	NA
696206	89.825	67.125	132.891545	123.36452	163.473751	30.582206	40.109231	NA
696325	95.775	67.125	NA	NA	159.941141	NA	NA	NA
696326	95.825	67.125	NA	NA	159.904395	NA	NA	NA
696327	95.875	67.125	NA	NA	162.167264	NA	NA	NA
696338	96.425	67.125	NA	NA	159.923195	NA	NA	NA
696339	96.475	67.125	NA	NA	159.920931	NA	NA	NA
696340	96.525	67.125	NA	NA	159.98112	NA	NA	NA
696875	123.275	67.125	131.368812	148.403394	143.824643	12.455831	-4.578751	NA
696876	123.325	67.125	131.564281	148.623321	155.65137	24.087088	7.028049	NA
697472	153.125	67.125	131.103224	134.232205	155.245879	24.142655	21.013675	NA
697473	153.175	67.125	127.527861	130.416264	155.252322	27.72446	24.836058	NA
697474	153.225	67.125	127.600031	130.504941	155.263002	27.662972	24.758061	NA
697475	153.275	67.125	128.038984	130.824885	155.266504	27.22752	24.441619	NA
697476	153.325	67.125	127.632559	131.159415	155.271522	27.638963	24.112107	NA
697477	153.375	67.125	127.621483	132.228017	155.276287	27.654805	23.04827	NA
697478	153.425	67.125	131.909468	136.393083	145.473284	13.563816	9.080202	NA
698325	-130.225	67.075	124.213376	139.315707	141.769914	17.556538	2.454206	NA
702663	86.675	67.075	136.802585	123.94538	147.447628	10.645043	23.502248	NA
702718	89.425	67.075	NA	NA	154.873304	NA	NA	NA
702719	89.475	67.075	128.904322	122.75839	154.188437	25.284116	31.430047	NA
702720	89.525	67.075	129.615023	123.541174	163.572802	33.957779	40.031628	NA
702721	89.575	67.075	130.540594	122.935046	163.545963	33.005369	40.610917	NA
702847	95.875	67.075	NA	NA	158.735342	NA	NA	NA
702848	95.925	67.075	NA	NA	158.723939	NA	NA	NA
702854	96.225	67.075	NA	NA	159.833113	NA	NA	NA
702855	96.275	67.075	NA	NA	159.83079	NA	NA	NA
702856	96.325	67.075	NA	NA	159.835863	NA	NA	NA
702857	96.375	67.075	NA	NA	159.85241	NA	NA	NA
702858	96.425	67.075	NA	NA	159.893011	NA	NA	NA
703396	123.325	67.075	132.26198	149.116022	144.503156	12.241176	-4.612866	NA
703990	153.025	67.075	129.296813	131.308998	155.241427	25.944614	23.93243	NA
703991	153.075	67.075	127.677873	129.492619	139.920547	12.242673	10.427928	NA
703992	153.125	67.075	128.967832	131.439726	145.281255	16.313424	13.841529	NA
704845	-130.225	67.025	124.285501	140.326364	141.764362	17.478861	1.437998	NA
709183	86.675	67.025	137.649168	124.1822	147.381536	9.732368	23.199336	NA
709219	88.475	67.025	NA	NA	158.31505	NA	NA	NA
709220	88.525	67.025	NA	NA	158.085792	NA	NA	NA
709221	88.575	67.025	133.62801	122.836968	163.494998	29.866988	40.65803	NA
709222	88.625	67.025	133.855965	122.44428	163.394529	29.538564	40.950249	NA
709223	88.675	67.025	134.855289	123.125923	163.377645	28.522355	40.251722	NA
709224	88.725	67.025	133.617421	122.93959	163.348897	29.731476	40.409308	NA
709225	88.775	67.025	132.663833	123.80461	163.281402	30.617569	39.476792	NA
709226	88.825	67.025	129.745168	123.483069	163.226229	33.481062	39.74316	NA
709227	88.875	67.025	130.251361	123.294776	163.219205	32.967844	39.92443	NA
709228	88.925	67.025	133.080388	123.387682	163.202833	30.122446	39.815152	NA
709229	88.975	67.025	133.883714	122.905405	163.186146	29.302432	40.280741	NA
709230	89.025	67.025	133.571919	122.67317	155.736376	22.164457	33.063206	NA
709231	89.075	67.025	132.401148	122.717163	155.158966	22.757818	32.441802	NA
709232	89.125	67.025	132.928579	123.028094	163.106873	30.178293	40.078779	NA
709233	89.175	67.025	132.184142	125.333965	163.066447	30.882305	37.732482	NA
709234	89.225	67.025	NA	NA	163.046096	NA	NA	NA
709235	89.275	67.025	130.153685	123.230771	163.106607	32.952923	39.875836	NA
709236	89.325	67.025	130.285689	123.224678	163.081305	32.795616	39.856627	NA
709237	89.375	67.025	NA	NA	163.0632	NA	NA	NA
709238	89.425	67.025	NA	NA	163.048296	NA	NA	NA
709368	95.925	67.025	NA	NA	158.733732	NA	NA	NA
709369	95.975	67.025	NA	NA	158.794299	NA	NA	NA
709370	96.025	67.025	NA	NA	158.831068	NA	NA	NA
709371	96.075	67.025	NA	NA	150.199794	NA	NA	NA
709372	96.125	67.025	NA	NA	159.790729	NA	NA	NA
709373	96.175	67.025	NA	NA	159.795135	NA	NA	NA
709374	96.225	67.025	NA	NA	159.830397	NA	NA	NA
709916	123.325	67.025	131.170179	148.032989	144.668592	13.498413	-3.364397	NA
709917	123.375	67.025	133.196795	151.475366	142.228105	9.03131	-9.247262	NA
710509	152.975	67.025	NA	NA	144.307172	NA	NA	NA
710510	153.025	67.025	128.059693	130.119425	155.267736	27.208043	25.148311	NA
711365	-130.225	66.975	124.58861	139.173091	141.756771	17.168161	2.58368	NA
711366	-130.175	66.975	124.280046	138.073342	137.715065	13.43502	-0.358277	NA
715703	86.675	66.975	NA	NA	150.997713	NA	NA	NA
715735	88.275	66.975	131.105811	123.97057	156.794727	25.688916	32.824157	NA
715736	88.325	66.975	133.395503	123.201808	156.348441	22.952939	33.146633	NA
715737	88.375	66.975	130.870481	123.4116	163.548712	32.678231	40.137111	NA
715738	88.425	66.975	128.888511	122.877471	163.531804	34.643293	40.654333	NA
715739	88.475	66.975	129.820808	123.802845	163.523412	33.702604	39.720567	NA
715890	96.025	66.975	NA	NA	158.837449	NA	NA	NA
715891	96.075	66.975	NA	NA	158.859453	NA	NA	NA
716437	123.375	66.975	131.605474	149.755143	141.409744	9.80427	-8.345399	NA
716438	123.425	66.975	125.966333	142.811506	155.585882	29.619549	12.774375	NA
717024	152.725	66.975	NA	NA	143.890015	NA	NA	NA
717025	152.775	66.975	127.992231	130.215085	141.968665	13.976434	11.753579	NA
717026	152.825	66.975	127.656606	130.108496	140.720722	13.064116	10.612227	NA
717027	152.875	66.975	NA	NA	142.676886	NA	NA	NA
717028	152.925	66.975	NA	NA	155.28014	NA	NA	NA
717029	152.975	66.975	128.275217	130.228787	155.262885	26.987668	25.034099	NA
717886	-130.175	66.925	124.143828	137.635956	141.750183	17.606355	4.114227	NA
722223	86.675	66.925	137.245335	124.202918	147.28264	10.037305	23.079722	NA
722254	88.225	66.925	NA	NA	156.378536	NA	NA	NA
722255	88.275	66.925	130.837417	124.001671	153.137132	22.299715	29.135461	NA
722958	123.425	66.925	130.495332	147.375494	155.548534	25.053202	8.17304	NA
723542	152.625	66.925	NA	NA	144.670356	NA	NA	NA
723543	152.675	66.925	NA	NA	144.830819	NA	NA	NA
723544	152.725	66.925	NA	NA	155.263155	NA	NA	NA
724406	-130.175	66.875	124.212286	137.368158	141.736344	17.524057	4.368186	NA
724407	-130.125	66.875	124.209213	138.842837	141.728932	17.519719	2.886094	NA
728743	86.675	66.875	134.136785	123.663179	147.268379	13.131595	23.6052	NA
728744	86.725	66.875	NA	NA	147.240012	NA	NA	NA
728774	88.225	66.875	NA	NA	156.372687	NA	NA	NA
728775	88.275	66.875	NA	NA	156.371297	NA	NA	NA
729478	123.425	66.875	133.884825	152.099453	155.510775	21.625951	3.411322	NA
730062	152.625	66.875	NA	NA	144.685494	NA	NA	NA
730927	-130.125	66.825	124.229919	135.725983	136.36394	12.134021	0.637958	NA
730928	-130.075	66.825	124.192317	138.117964	141.727518	17.535201	3.609554	NA
735264	86.725	66.825	134.917538	124.251505	147.235615	12.318078	22.98411	NA
735295	88.275	66.825	NA	NA	156.370324	NA	NA	NA
735998	123.425	66.825	131.981003	149.329471	155.476031	23.495028	6.146561	NA
736580	152.525	66.825	NA	NA	145.013988	NA	NA	NA
736581	152.575	66.825	NA	NA	155.328692	NA	NA	NA
736582	152.625	66.825	NA	NA	155.235267	NA	NA	NA
737448	-130.075	66.775	124.210206	137.361519	136.98389	12.773684	-0.377629	NA
737449	-130.025	66.775	124.295855	140.369156	141.720256	17.424401	1.3511	NA
737450	-129.975	66.775	124.029446	137.97094	141.739068	17.709622	3.768128	NA
737451	-129.925	66.775	124.117247	136.471766	141.737861	17.620614	5.266095	NA
737452	-129.875	66.775	124.503743	141.032723	141.736903	17.233159	0.70418	NA
737453	-129.825	66.775	NA	NA	140.838912	NA	NA	NA
741435	69.275	66.775	126.466542	123.011131	159.390822	32.92428	36.379691	NA
741436	69.325	66.775	127.288937	124.019721	158.847788	31.558852	34.828068	NA
741437	69.375	66.775	127.459393	123.778371	158.628773	31.16938	34.850402	NA
741438	69.425	66.775	126.459774	123.036939	159.692705	33.232931	36.655766	NA
741439	69.475	66.775	126.338875	122.594881	160.315571	33.976696	37.72069	NA
741783	86.675	66.775	137.570148	123.816006	150.006346	12.436198	26.19034	NA
741784	86.725	66.775	NA	NA	147.217769	NA	NA	NA
741813	88.175	66.775	NA	NA	154.308208	NA	NA	NA
741814	88.225	66.775	NA	NA	151.614239	NA	NA	NA
741815	88.275	66.775	NA	NA	156.292851	NA	NA	NA
742518	123.425	66.775	127.148638	144.982113	155.436459	28.287821	10.454346	NA
743099	152.475	66.775	NA	NA	144.992707	NA	NA	NA
743100	152.525	66.775	NA	NA	140.668543	NA	NA	NA
743973	-129.825	66.725	124.083529	138.142618	141.736086	17.652557	3.593467	NA
743974	-129.775	66.725	124.149011	135.95011	141.733345	17.584334	5.783235	NA
743975	-129.725	66.725	124.508516	136.038257	141.732007	17.223491	5.693749	NA
743976	-129.675	66.725	124.525896	138.38904	141.729065	17.203168	3.340025	NA
743977	-129.625	66.725	124.199478	139.2207	141.72728	17.527802	2.50658	NA
743978	-129.575	66.725	125.226307	142.244001	141.726269	16.499963	-0.517732	NA
743979	-129.525	66.725	125.186258	140.66562	139.446112	14.259853	-1.219508	NA
743980	-129.475	66.725	125.186006	140.499695	139.721611	14.535605	-0.778084	NA
748300	86.525	66.725	138.343842	125.461789	147.155002	8.81116	21.693213	NA
748301	86.575	66.725	138.310119	125.614703	147.163284	8.853165	21.548581	NA
748302	86.625	66.725	137.657113	124.177512	147.169072	9.511959	22.99156	NA
748303	86.675	66.725	139.739615	127.065831	147.188676	7.44906	20.122845	NA
748333	88.175	66.725	NA	NA	156.27003	NA	NA	NA
748679	105.475	66.725	NA	NA	154.387077	NA	NA	NA
748680	105.525	66.725	NA	NA	155.775919	NA	NA	NA
748681	105.575	66.725	NA	NA	155.799167	NA	NA	NA
748682	105.625	66.725	NA	NA	155.989208	NA	NA	NA
748683	105.675	66.725	NA	NA	156.033108	NA	NA	NA
748684	105.725	66.725	NA	NA	156.070479	NA	NA	NA
748685	105.775	66.725	NA	NA	156.523033	NA	NA	NA
749038	123.425	66.725	NA	NA	140.367468	NA	NA	NA
749039	123.475	66.725	130.193863	147.653164	155.417294	25.223432	7.76413	NA
749618	152.425	66.725	128.587667	130.310763	139.919331	11.331664	9.608568	NA
749619	152.475	66.725	128.224788	130.053405	140.100721	11.875933	10.047316	NA
750500	-129.475	66.675	125.210293	140.78159	141.722703	16.51241	0.941114	NA
750501	-129.425	66.675	124.098168	139.110831	141.721371	17.623203	2.610541	NA
754816	86.325	66.675	137.750902	124.075059	147.103124	9.352222	23.028065	NA
754817	86.375	66.675	137.652314	123.836715	147.111863	9.45955	23.275148	NA
754818	86.425	66.675	136.977926	122.916464	147.1286	10.150674	24.212136	NA
754819	86.475	66.675	140.718182	128.084315	149.623272	8.90509	21.538957	NA
754820	86.525	66.675	138.343842	125.461789	150.787404	12.443562	25.325615	NA
754849	87.975	66.675	NA	NA	151.404982	NA	NA	NA
754850	88.025	66.675	NA	NA	156.25851	NA	NA	NA
754851	88.075	66.675	NA	NA	156.248542	NA	NA	NA
754852	88.125	66.675	NA	NA	156.268034	NA	NA	NA
754853	88.175	66.675	NA	NA	156.266427	NA	NA	NA
755198	105.425	66.675	NA	NA	155.717854	NA	NA	NA
755199	105.475	66.675	NA	NA	155.731526	NA	NA	NA
755205	105.775	66.675	NA	NA	152.479513	NA	NA	NA
755206	105.825	66.675	124.171423	141.436959	157.379604	33.208181	15.942645	NA
755207	105.875	66.675	124.158218	141.130897	157.358098	33.19988	16.227201	NA
755559	123.475	66.675	NA	NA	139.787452	NA	NA	NA
755560	123.525	66.675	129.126039	147.088114	155.379396	26.253357	8.291282	NA
756138	152.425	66.675	128.526721	130.547945	139.965922	11.439202	9.417977	NA
757021	-129.425	66.625	123.996451	137.012029	141.720587	17.724136	4.708558	NA
757022	-129.375	66.625	124.002268	138.313201	141.718592	17.716325	3.405392	NA
757023	-129.325	66.625	124.094419	138.408384	141.717613	17.623194	3.309229	NA
757024	-129.275	66.625	124.276553	139.519314	142.626565	18.350013	3.107251	NA
761335	86.275	66.625	137.60151	124.294393	147.097595	9.496085	22.803203	NA
761336	86.325	66.625	137.525289	124.430191	148.511265	10.985976	24.081074	NA
761343	86.675	66.625	138.840242	124.959801	147.007428	8.167185	22.047626	NA
761344	86.725	66.625	139.873122	126.935082	146.983143	7.11002	20.048061	NA
761345	86.775	66.625	139.405095	125.615313	146.977282	7.572187	21.361969	NA
761346	86.825	66.625	139.452366	124.800133	146.961169	7.508802	22.161036	NA
761347	86.875	66.625	139.0183	125.327514	146.952539	7.934239	21.625025	NA
761366	87.825	66.625	NA	NA	153.394085	NA	NA	NA
761367	87.875	66.625	NA	NA	156.252369	NA	NA	NA
761368	87.925	66.625	NA	NA	156.238884	NA	NA	NA
761369	87.975	66.625	NA	NA	156.243755	NA	NA	NA
761718	105.425	66.625	NA	NA	155.695796	NA	NA	NA
761724	105.725	66.625	126.407695	143.914706	156.763944	30.35625	12.849239	NA
761725	105.775	66.625	NA	NA	156.798036	NA	NA	NA
762080	123.525	66.625	128.859015	143.833554	155.336357	26.477342	11.502803	NA
762081	123.575	66.625	132.65041	149.902181	155.30453	22.65412	5.402349	NA
762657	152.375	66.625	128.684403	130.654233	155.271677	26.587275	24.617445	NA
762658	152.425	66.625	128.439784	130.465511	155.275645	26.835861	24.810135	NA
763544	-129.275	66.575	124.276553	139.519314	141.714288	17.437735	2.194974	NA
763545	-129.225	66.575	124.575233	140.886709	141.711079	17.135846	0.824369	NA
763546	-129.175	66.575	124.833021	140.281858	139.513009	14.679987	-0.76885	NA
767855	86.275	66.575	137.752124	123.91753	147.074032	9.321908	23.156502	NA
767856	86.325	66.575	138.070964	123.661592	147.049888	8.978924	23.388296	NA
767859	86.475	66.575	NA	NA	147.033181	NA	NA	NA
767860	86.525	66.575	NA	NA	147.026667	NA	NA	NA
767861	86.575	66.575	138.038679	123.954398	147.021782	8.983103	23.067384	NA
767862	86.625	66.575	138.208757	124.264375	147.016637	8.80788	22.752263	NA
767863	86.675	66.575	138.840242	124.959801	149.572995	10.732753	24.613193	NA
767867	86.875	66.575	139.0183	125.327514	149.034978	10.016679	23.707464	NA
767868	86.925	66.575	138.145529	123.946768	146.935837	8.790308	22.989069	NA
767869	86.975	66.575	138.11055	123.722297	146.911815	8.801265	23.189518	NA
767870	87.025	66.575	135.111578	123.757877	146.902589	11.791012	23.144712	NA
767878	87.425	66.575	133.715684	124.454463	150.106575	16.390891	25.652111	NA
767879	87.475	66.575	134.281669	124.564919	156.106471	21.824803	31.541552	NA
767880	87.525	66.575	133.662759	124.594602	150.746243	17.083484	26.151641	NA
767885	87.775	66.575	NA	NA	150.572323	NA	NA	NA
767886	87.825	66.575	NA	NA	156.134219	NA	NA	NA
768238	105.425	66.575	NA	NA	155.582336	NA	NA	NA
768244	105.725	66.575	125.829322	144.069913	156.705043	30.875721	12.63513	NA
768245	105.775	66.575	124.06449	142.035533	157.535675	33.471185	15.500142	NA
768246	105.825	66.575	NA	NA	157.652024	NA	NA	NA
768247	105.875	66.575	NA	NA	157.904453	NA	NA	NA
768248	105.925	66.575	NA	NA	158.09132	NA	NA	NA
768249	105.975	66.575	NA	NA	158.372709	NA	NA	NA
768250	106.025	66.575	NA	NA	158.61759	NA	NA	NA
768251	106.075	66.575	NA	NA	158.799427	NA	NA	NA
768252	106.125	66.575	NA	NA	159.001804	NA	NA	NA
768253	106.175	66.575	NA	NA	159.233595	NA	NA	NA
768601	123.575	66.575	133.5525	151.064475	155.288229	21.735729	4.223754	NA
768602	123.625	66.575	133.642688	150.821982	155.26656	21.623872	4.444579	NA
769173	152.175	66.575	130.427909	134.183557	155.256459	24.82855	21.072902	NA
769174	152.225	66.575	NA	NA	155.253344	NA	NA	NA
769175	152.275	66.575	130.003153	133.945737	155.258214	25.255061	21.312477	NA
769176	152.325	66.575	130.833052	134.786325	155.27047	24.437418	20.484145	NA
769177	152.375	66.575	127.580875	129.689958	145.878564	18.297689	16.188606	NA
770066	-129.175	66.525	124.833021	140.281858	141.708609	16.875587	1.42675	NA
770067	-129.125	66.525	124.332481	137.913779	141.704116	17.371636	3.790337	NA
770068	-129.075	66.525	124.042296	135.982191	141.702235	17.659939	5.720044	NA
770069	-129.025	66.525	NA	NA	137.48356	NA	NA	NA
774376	86.325	66.525	138.694493	124.567115	148.817167	10.122674	24.250052	NA
774377	86.375	66.525	NA	NA	149.42817	NA	NA	NA
774378	86.425	66.525	NA	NA	148.942001	NA	NA	NA
774379	86.475	66.525	NA	NA	148.748155	NA	NA	NA
774390	87.025	66.525	135.111578	123.757877	146.896781	11.785203	23.138903	NA
774391	87.075	66.525	136.346634	123.701383	146.872995	10.526361	23.171612	NA
774392	87.125	66.525	137.101529	123.742009	146.862324	9.760795	23.120314	NA
774396	87.325	66.525	NA	NA	150.16433	NA	NA	NA
774397	87.375	66.525	131.263577	124.0775	156.126101	24.862524	32.048602	NA
774398	87.425	66.525	133.851662	124.641801	156.111843	22.260181	31.470042	NA
774400	87.525	66.525	133.051219	124.42838	156.083731	23.032512	31.65535	NA
774401	87.575	66.525	132.166055	123.917737	156.068152	23.902097	32.150415	NA
774402	87.625	66.525	133.882951	124.515027	156.064016	22.181064	31.548989	NA
774403	87.675	66.525	133.973553	123.67081	156.148756	22.175203	32.477946	NA
774404	87.725	66.525	NA	NA	156.142445	NA	NA	NA
774405	87.775	66.525	NA	NA	156.137958	NA	NA	NA
774758	105.425	66.525	124.399579	141.404525	154.931628	30.532049	13.527103	NA
775122	123.625	66.525	133.669856	150.844673	139.660059	5.990203	-11.184614	NA
775123	123.675	66.525	133.638735	151.256543	155.257643	21.618909	4.001101	NA
775124	123.725	66.525	NA	NA	144.564946	NA	NA	NA
775688	151.925	66.525	129.670082	131.422616	155.307442	25.637359	23.884825	NA
775689	151.975	66.525	128.465868	129.984585	155.312584	26.846716	25.327999	NA
775690	152.025	66.525	NA	NA	155.316463	NA	NA	NA
775691	152.075	66.525	127.421187	129.622889	155.240993	27.819806	25.618104	NA
775692	152.125	66.525	NA	NA	144.309535	NA	NA	NA
775693	152.175	66.525	130.427909	134.183557	145.366441	14.938532	11.182885	NA
776589	-129.025	66.475	124.47233	138.270802	141.699665	17.227334	3.428863	NA
776590	-128.975	66.475	NA	NA	143.587972	NA	NA	NA
780912	87.125	66.475	NA	NA	149.090368	NA	NA	NA
780913	87.175	66.475	138.195111	123.59298	146.851842	8.65673	23.258862	NA
780914	87.225	66.475	138.188216	124.059521	146.818217	8.630001	22.758696	NA
780915	87.275	66.475	132.333269	123.59756	156.130627	23.797357	32.533067	NA
780916	87.325	66.475	132.345349	123.79516	156.130362	23.785014	32.335203	NA
781278	105.425	66.475	NA	NA	154.925631	NA	NA	NA
781279	105.475	66.475	NA	NA	155.614493	NA	NA	NA
781280	105.525	66.475	NA	NA	155.628773	NA	NA	NA
781644	123.725	66.475	132.360921	150.052997	140.143731	7.78281	-9.909266	NA
781645	123.775	66.475	NA	NA	145.808205	NA	NA	NA
782207	151.875	66.475	128.577778	130.148206	155.305405	26.727627	25.157199	NA
782208	151.925	66.475	128.385479	130.406888	141.185669	12.800191	10.778781	NA
783110	-128.975	66.425	124.504056	139.246714	141.689943	17.185887	2.443229	NA
783111	-128.925	66.425	NA	NA	136.146104	NA	NA	NA
787434	87.225	66.425	NA	NA	148.79596	NA	NA	NA
787435	87.275	66.425	134.282844	123.366542	146.414339	12.131495	23.047797	NA
787436	87.325	66.425	136.243026	123.770487	146.383397	10.140371	22.612911	NA
787437	87.375	66.425	134.399435	124.184512	146.377681	11.978245	22.193169	NA
787438	87.425	66.425	135.265641	123.97936	146.371599	11.105958	22.392239	NA
787800	105.525	66.425	NA	NA	155.640472	NA	NA	NA
788165	123.775	66.425	130.136893	147.272729	142.846036	12.709143	-4.426693	NA
788726	151.825	66.425	129.116036	131.085811	155.299404	26.183368	24.213593	NA
788727	151.875	66.425	NA	NA	144.091904	NA	NA	NA
789631	-128.925	66.375	124.255499	137.003063	141.68243	17.426931	4.679367	NA
789632	-128.875	66.375	124.098722	134.65439	141.678286	17.579564	7.023895	NA
789633	-128.825	66.375	124.320503	137.845378	141.67723	17.356727	3.831852	NA
789634	-128.775	66.375	NA	NA	141.67492	NA	NA	NA
789635	-128.725	66.375	124.24334	138.255521	141.672446	17.429106	3.416926	NA
793958	87.425	66.375	133.607365	124.751271	148.638893	15.031527	23.887621	NA
793959	87.475	66.375	136.244807	124.260962	146.364752	10.119945	22.103791	NA
793960	87.525	66.375	137.960793	124.11955	146.350042	8.389249	22.230492	NA
794320	105.525	66.375	NA	NA	155.633417	NA	NA	NA
794685	123.775	66.375	131.332398	147.948574	141.479338	10.14694	-6.469237	NA
795246	151.825	66.375	130.20767	132.706643	155.288522	25.080852	22.581879	NA
796155	-128.725	66.325	124.252878	138.234726	141.669155	17.416277	3.434429	NA
796156	-128.675	66.325	124.13439	136.857153	141.665	17.53061	4.807847	NA
800479	87.475	66.325	137.552314	124.566988	146.339987	8.787672	21.772999	NA
800480	87.525	66.325	137.311423	123.946556	150.289827	12.978404	26.343271	NA
800839	105.475	66.325	NA	NA	155.829611	NA	NA	NA
800840	105.525	66.325	NA	NA	155.808992	NA	NA	NA
801205	123.775	66.325	129.656035	146.68208	155.103555	25.44752	8.421475	NA
801206	123.825	66.325	126.353017	143.155138	155.091801	28.738784	11.936664	NA
801764	151.725	66.325	128.995489	131.381412	142.539029	13.54354	11.157617	NA
801765	151.775	66.325	129.685571	132.14255	155.26766	25.582089	23.125111	NA
801766	151.825	66.325	130.139927	132.497602	155.273427	25.133501	22.775825	NA
802676	-128.675	66.275	124.34875	138.546328	141.621866	17.273117	3.075538	NA
802677	-128.625	66.275	124.297271	138.541064	141.664754	17.367484	3.12369	NA
806995	87.275	66.275	137.832945	123.997222	146.293662	8.460718	22.29644	NA
806996	87.325	66.275	136.552499	124.392931	146.299033	9.746534	21.906101	NA
806997	87.375	66.275	136.692301	124.46906	146.305136	9.612836	21.836076	NA
806998	87.425	66.275	136.396184	124.531117	146.323652	9.927469	21.792536	NA
806999	87.475	66.275	138.666439	125.516909	149.644031	10.977592	24.127121	NA
807355	105.275	66.275	NA	NA	155.889471	NA	NA	NA
807356	105.325	66.275	NA	NA	155.860703	NA	NA	NA
807357	105.375	66.275	NA	NA	155.855773	NA	NA	NA
807358	105.425	66.275	NA	NA	155.848798	NA	NA	NA
807359	105.475	66.275	NA	NA	155.829425	NA	NA	NA
807726	123.825	66.275	126.917144	143.535451	155.084948	28.167804	11.549497	NA
807727	123.875	66.275	130.983111	148.40049	155.058994	24.075882	6.658503	NA
807728	123.925	66.275	131.334357	148.876148	155.066094	23.731737	6.189946	NA
808283	151.675	66.275	129.231438	132.243524	155.249579	26.018141	23.006055	NA
808284	151.725	66.275	129.018924	131.401507	155.266653	26.247729	23.865145	NA
809192	-128.875	66.225	125.377692	146.003951	141.612642	16.234951	-4.391308	NA
809193	-128.825	66.225	124.331342	142.08489	141.613933	17.282591	-0.470957	NA
809194	-128.775	66.225	124.157613	138.003744	141.615545	17.457932	3.611801	NA
809195	-128.725	66.225	124.059191	138.70367	141.617771	17.55858	2.914101	NA
809196	-128.675	66.225	124.157987	138.387013	141.620718	17.462732	3.233705	NA
813514	87.225	66.225	NA	NA	146.273228	NA	NA	NA
813515	87.275	66.225	135.967693	124.108985	146.287971	10.320279	22.178986	NA
813874	105.225	66.225	NA	NA	155.875199	NA	NA	NA
813875	105.275	66.225	NA	NA	155.890125	NA	NA	NA
814248	123.925	66.225	132.107808	149.521791	155.055166	22.947359	5.533376	NA
814791	151.075	66.225	NA	NA	155.156212	NA	NA	NA
814792	151.125	66.225	128.086512	130.688304	155.163761	27.077249	24.475457	NA
814793	151.175	66.225	128.230975	131.150552	155.16877	26.937795	24.018218	NA
814794	151.225	66.225	130.244319	133.353011	155.192767	24.948448	21.839756	NA
814798	151.425	66.225	128.695756	130.789388	155.238956	26.5432	24.449567	NA
814799	151.475	66.225	128.681473	130.555269	155.242238	26.560765	24.68697	NA
814800	151.525	66.225	128.091779	129.87919	155.245194	27.153415	25.366004	NA
814801	151.575	66.225	127.208975	129.850861	155.249138	28.040163	25.398277	NA
814802	151.625	66.225	128.443464	130.360081	155.257495	26.814032	24.897414	NA
814803	151.675	66.225	128.660595	130.452284	140.435959	11.775364	9.983675	NA
814804	151.725	66.225	128.772184	130.687663	155.245922	26.473737	24.558258	NA
815709	-129.025	66.175	123.9724	137.244603	141.606543	17.634143	4.36194	NA
815710	-128.975	66.175	123.967314	138.41138	141.607593	17.640279	3.196213	NA
815711	-128.925	66.175	124.432765	141.78855	141.610947	17.178182	-0.177602	NA
815712	-128.875	66.175	125.377692	146.003951	136.123316	10.745624	-9.880635	NA
820034	87.225	66.175	NA	NA	146.268552	NA	NA	NA
820035	87.275	66.175	136.736848	124.17522	146.230492	9.493644	22.055272	NA
820393	105.175	66.175	NA	NA	155.910273	NA	NA	NA
820394	105.225	66.175	NA	NA	155.880862	NA	NA	NA
820768	123.925	66.175	131.961526	149.745324	140.823568	8.862042	-8.921756	NA
820769	123.975	66.175	130.392406	147.712862	155.015866	24.62346	7.303004	NA
821311	151.075	66.175	128.530574	130.442594	155.186137	26.655562	24.743542	NA
821314	151.225	66.175	129.356059	131.498859	155.196175	25.840116	23.697316	NA
821315	151.275	66.175	127.206873	129.068838	155.20453	27.997657	26.135692	NA
821316	151.325	66.175	127.417339	129.106148	155.211619	27.79428	26.105471	NA
821317	151.375	66.175	128.05594	130.734437	155.216539	27.1606	24.482103	NA
821318	151.425	66.175	128.695756	130.789388	155.23347	26.537714	24.444082	NA
821322	151.625	66.175	129.454017	130.939155	143.916765	14.462748	12.977611	NA
821323	151.675	66.175	129.080288	130.724561	155.225217	26.14493	24.500657	NA
822228	-129.075	66.125	124.072645	138.185857	141.588224	17.51558	3.402367	NA
822229	-129.025	66.125	123.992191	137.510713	141.590253	17.598062	4.07954	NA
826557	87.375	66.125	136.784755	124.073342	146.183101	9.398346	22.109759	NA
826558	87.425	66.125	135.122933	123.603322	146.176345	11.053412	22.573023	NA
826559	87.475	66.125	NA	NA	146.168723	NA	NA	NA
826560	87.525	66.125	NA	NA	147.964529	NA	NA	NA
826913	105.175	66.125	NA	NA	155.952816	NA	NA	NA
826914	105.225	66.125	NA	NA	156.005642	NA	NA	NA
827289	123.975	66.125	132.341443	150.113983	154.988404	22.646961	4.874422	NA
827824	150.725	66.125	128.422262	129.92411	155.126075	26.703814	25.201965	NA
827825	150.775	66.125	127.172199	128.979303	155.137842	27.965643	26.158539	NA
827826	150.825	66.125	126.876683	128.745973	155.14132	28.264638	26.395347	NA
827827	150.875	66.125	NA	NA	155.145122	NA	NA	NA
827828	150.925	66.125	127.720331	129.964969	155.150301	27.429971	25.185332	NA
827829	150.975	66.125	127.856653	130.939145	155.155953	27.2993	24.216808	NA
827830	151.025	66.125	127.660755	129.450122	155.16036	27.499606	25.710239	NA
827831	151.075	66.125	128.448025	130.075767	155.184783	26.736758	25.109016	NA
828748	-129.075	66.075	124.08028	138.007132	141.587059	17.506779	3.579927	NA
833083	87.675	66.075	130.298191	122.840594	146.117983	15.819792	23.27739	NA
833084	87.725	66.075	134.874476	123.576357	146.109981	11.235504	22.533624	NA
833085	87.775	66.075	137.579362	124.303776	146.100851	8.521489	21.797075	NA
833086	87.825	66.075	137.91158	124.451381	146.093774	8.182195	21.642393	NA
833087	87.875	66.075	138.223241	124.28627	146.082967	7.859725	21.796697	NA
833088	87.925	66.075	136.863248	124.237046	146.061021	9.197772	21.823975	NA
833089	87.975	66.075	137.578538	124.184566	146.047638	8.469099	21.863072	NA
833434	105.225	66.075	NA	NA	156.021904	NA	NA	NA
833809	123.975	66.075	128.226333	143.758813	154.959799	26.733466	11.200986	NA
833810	124.025	66.075	127.084946	141.863325	141.281043	14.196097	-0.582281	NA
833811	124.075	66.075	126.291134	143.084084	142.629405	16.338271	-0.454679	NA
834344	150.725	66.075	127.397247	129.518446	138.948994	11.551747	9.430547	NA
834345	150.775	66.075	127.654619	129.720097	155.137686	27.483068	25.417589	NA
835268	-129.075	66.025	123.891705	138.59777	141.583781	17.692076	2.986011	NA
839609	87.975	66.025	137.875834	124.121419	146.038611	8.162777	21.917191	NA
839954	105.225	66.025	NA	NA	156.008516	NA	NA	NA
840331	124.075	66.025	126.595139	143.595025	141.880625	15.285486	-1.7144	NA
840332	124.125	66.025	126.633613	144.438184	141.926102	15.292489	-2.512082	NA
840333	124.175	66.025	127.182028	144.594446	140.420919	13.238891	-4.173527	NA
840865	150.775	66.025	128.089653	130.289148	155.099996	27.010343	24.810848	NA
840866	150.825	66.025	127.069014	129.882449	155.115642	28.046628	25.233193	NA
841788	-129.075	65.975	124.001083	138.64741	141.577886	17.576803	2.930476	NA
846128	87.925	65.975	136.819762	123.941821	147.964274	11.144512	24.022452	NA
846129	87.975	65.975	137.961294	124.412969	146.020719	8.059425	21.60775	NA
846143	88.675	65.975	NA	NA	152.561086	NA	NA	NA
846474	105.225	65.975	NA	NA	155.976021	NA	NA	NA
846475	105.275	65.975	NA	NA	155.967743	NA	NA	NA
846476	105.325	65.975	NA	NA	155.968949	NA	NA	NA
846853	124.175	65.975	126.849929	144.547933	141.455399	14.605471	-3.092533	NA
846854	124.225	65.975	125.866485	143.139776	140.952016	15.08553	-2.18776	NA
847385	150.775	65.975	127.50772	129.946165	155.089013	27.581293	25.142848	NA
848308	-129.075	65.925	123.971821	138.04093	141.576952	17.605131	3.536022	NA
848309	-129.025	65.925	124.004989	137.704797	137.914512	13.909524	0.209715	NA
852647	87.875	65.925	137.858592	124.338043	147.982481	10.123888	23.644438	NA
852648	87.925	65.925	137.081889	124.354628	145.961144	8.879255	21.606516	NA
852995	105.275	65.925	NA	NA	155.896485	NA	NA	NA
852996	105.325	65.925	NA	NA	151.722196	NA	NA	NA
853374	124.225	65.925	126.333437	143.146188	139.722477	13.38904	-3.423711	NA
853905	150.775	65.925	127.12578	129.285694	155.066038	27.940258	25.780344	NA
854829	-129.025	65.875	123.949891	137.905598	141.566001	17.61611	3.660403	NA
854830	-128.975	65.875	123.991195	140.855161	141.565375	17.574181	0.710215	NA
854831	-128.925	65.875	NA	NA	141.563347	NA	NA	NA
859167	87.875	65.875	136.800897	124.252979	145.955022	9.154125	21.702043	NA
859516	105.325	65.875	NA	NA	155.894769	NA	NA	NA
859517	105.375	65.875	NA	NA	155.842311	NA	NA	NA
859518	105.425	65.875	NA	NA	155.837749	NA	NA	NA
859519	105.475	65.875	NA	NA	155.721616	NA	NA	NA
859520	105.525	65.875	NA	NA	155.731201	NA	NA	NA
859894	124.225	65.875	130.945936	148.647069	154.742595	23.796659	6.095526	NA
860425	150.775	65.875	126.421929	128.36409	155.03179	28.609861	26.667699	NA
860426	150.825	65.875	126.249443	128.182884	155.048953	28.79951	26.866069	NA
861351	-128.925	65.825	123.87808	139.479163	141.562498	17.684417	2.083335	NA
861352	-128.875	65.825	123.924852	139.063872	141.558982	17.63413	2.49511	NA
866040	105.525	65.825	NA	NA	155.738104	NA	NA	NA
866041	105.575	65.825	NA	NA	155.774901	NA	NA	NA
866414	124.225	65.825	133.961186	151.804655	154.731037	20.769851	2.926382	NA
866946	150.825	65.825	NA	NA	154.99545	NA	NA	NA
866947	150.875	65.825	126.857016	128.939992	137.640676	10.78366	8.700684	NA
867873	-128.825	65.775	124.110561	138.127026	141.565573	17.455011	3.438547	NA
872559	105.475	65.775	NA	NA	155.730654	NA	NA	NA
872560	105.525	65.775	NA	NA	155.778006	NA	NA	NA
872934	124.225	65.775	NA	NA	154.690653	NA	NA	NA
872935	124.275	65.775	132.313468	149.236694	154.649649	22.336181	5.412955	NA
873467	150.875	65.775	126.581299	128.678516	154.987965	28.406666	26.309449	NA
873468	150.925	65.775	126.313116	128.483509	138.821047	12.507931	10.337538	NA
874393	-128.825	65.725	124.18423	139.431218	141.568662	17.384433	2.137445	NA
879080	105.525	65.725	NA	NA	154.299452	NA	NA	NA
879081	105.575	65.725	NA	NA	154.289006	NA	NA	NA
879082	105.625	65.725	NA	NA	154.309447	NA	NA	NA
879455	124.275	65.725	130.523917	147.077329	154.63501	24.111093	7.557681	NA
879988	150.925	65.725	127.113873	129.473807	154.97294	27.859067	25.499133	NA
879989	150.975	65.725	NA	NA	154.999499	NA	NA	NA
880913	-128.825	65.675	123.967906	137.312539	141.562953	17.595047	4.250414	NA
880914	-128.775	65.675	124.107643	137.657759	141.298722	17.191079	3.640963	NA
885602	105.625	65.675	NA	NA	154.311473	NA	NA	NA
885603	105.675	65.675	NA	NA	154.382468	NA	NA	NA
885604	105.725	65.675	NA	NA	149.243118	NA	NA	NA
885975	124.275	65.675	130.904523	148.329113	154.550486	23.645963	6.221374	NA
886509	150.975	65.675	NA	NA	155.017207	NA	NA	NA
886510	151.025	65.675	127.89134	129.750121	154.992011	27.100671	25.24189	NA
892124	105.725	65.625	126.547605	142.718521	154.324025	27.77642	11.605504	NA
892125	105.775	65.625	124.401301	139.880407	154.382421	29.981119	14.502014	NA
892126	105.825	65.625	NA	NA	151.153242	NA	NA	NA
892152	107.125	65.625	NA	NA	154.731501	NA	NA	NA
892153	107.175	65.625	NA	NA	154.764944	NA	NA	NA
892154	107.225	65.625	NA	NA	154.773006	NA	NA	NA
892155	107.275	65.625	NA	NA	154.777805	NA	NA	NA
892156	107.325	65.625	NA	NA	154.780245	NA	NA	NA
892157	107.375	65.625	NA	NA	154.823189	NA	NA	NA
892158	107.425	65.625	NA	NA	151.403177	NA	NA	NA
892159	107.475	65.625	NA	NA	154.847624	NA	NA	NA
892160	107.525	65.625	NA	NA	154.837899	NA	NA	NA
892161	107.575	65.625	NA	NA	154.967281	NA	NA	NA
892162	107.625	65.625	NA	NA	151.525481	NA	NA	NA
892163	107.675	65.625	NA	NA	152.100468	NA	NA	NA
892495	124.275	65.625	137.664164	151.868555	139.194214	1.53005	-12.674341	NA
893030	151.025	65.625	NA	NA	139.584624	NA	NA	NA
893031	151.075	65.625	127.782384	129.639587	138.272417	10.490033	8.63283	NA
893032	151.125	65.625	127.794126	129.958291	137.998622	10.204496	8.040331	NA
893033	151.175	65.625	NA	NA	154.960539	NA	NA	NA
893034	151.225	65.625	NA	NA	140.069394	NA	NA	NA
898646	105.825	65.575	NA	NA	154.368829	NA	NA	NA
898647	105.875	65.575	NA	NA	154.354601	NA	NA	NA
898665	106.775	65.575	NA	NA	154.658081	NA	NA	NA
898666	106.825	65.575	NA	NA	154.672322	NA	NA	NA
898667	106.875	65.575	NA	NA	154.677405	NA	NA	NA
898668	106.925	65.575	NA	NA	154.678755	NA	NA	NA
898669	106.975	65.575	NA	NA	154.676206	NA	NA	NA
898670	107.025	65.575	NA	NA	154.6798	NA	NA	NA
898671	107.075	65.575	NA	NA	154.688211	NA	NA	NA
898672	107.125	65.575	NA	NA	154.759549	NA	NA	NA
898683	107.675	65.575	NA	NA	154.973974	NA	NA	NA
898684	107.725	65.575	NA	NA	154.995354	NA	NA	NA
898685	107.775	65.575	NA	NA	154.998227	NA	NA	NA
898686	107.825	65.575	NA	NA	152.901613	NA	NA	NA
899015	124.275	65.575	NA	NA	140.088163	NA	NA	NA
899554	151.225	65.575	127.296644	129.294924	154.930221	27.633577	25.635297	NA
905167	105.875	65.525	NA	NA	154.355213	NA	NA	NA
905168	105.925	65.525	NA	NA	154.389334	NA	NA	NA
905185	106.775	65.525	NA	NA	154.427136	NA	NA	NA
905206	107.825	65.525	NA	NA	155.027531	NA	NA	NA
905207	107.875	65.525	NA	NA	153.649484	NA	NA	NA
905535	124.275	65.525	128.39649	145.70263	140.879147	12.482657	-4.823483	NA
906074	151.225	65.525	127.272393	129.308481	154.922717	27.650324	25.614235	NA
906075	151.275	65.525	128.92427	131.41692	154.908494	25.984224	23.491574	NA
906076	151.325	65.525	NA	NA	154.900287	NA	NA	NA
911688	105.925	65.475	NA	NA	154.433032	NA	NA	NA
911692	106.125	65.475	NA	NA	154.330597	NA	NA	NA
911693	106.175	65.475	NA	NA	150.712042	NA	NA	NA
911701	106.575	65.475	NA	NA	152.203019	NA	NA	NA
911702	106.625	65.475	NA	NA	154.41676	NA	NA	NA
911703	106.675	65.475	NA	NA	154.416721	NA	NA	NA
911704	106.725	65.475	NA	NA	154.41055	NA	NA	NA
911705	106.775	65.475	NA	NA	154.42641	NA	NA	NA
911726	107.825	65.475	NA	NA	155.029961	NA	NA	NA
911727	107.875	65.475	NA	NA	150.993268	NA	NA	NA
912055	124.275	65.475	127.592218	144.213821	154.50334	26.911122	10.289518	NA
912596	151.325	65.475	126.683603	128.588925	154.900873	28.217271	26.311948	NA
912597	151.375	65.475	127.799476	129.908717	154.886202	27.086726	24.977485	NA
918208	105.925	65.425	NA	NA	154.361549	NA	NA	NA
918209	105.975	65.425	NA	NA	154.336294	NA	NA	NA
918210	106.025	65.425	NA	NA	154.339074	NA	NA	NA
918211	106.075	65.425	NA	NA	154.345177	NA	NA	NA
918212	106.125	65.425	NA	NA	154.354617	NA	NA	NA
918213	106.175	65.425	NA	NA	154.306818	NA	NA	NA
918214	106.225	65.425	NA	NA	154.309859	NA	NA	NA
918215	106.275	65.425	123.513705	137.98867	154.313227	30.799522	16.324557	NA
918216	106.325	65.425	NA	NA	154.31407	NA	NA	NA
918217	106.375	65.425	NA	NA	154.309992	NA	NA	NA
918218	106.425	65.425	NA	NA	154.333453	NA	NA	NA
918219	106.475	65.425	NA	NA	154.37176	NA	NA	NA
918220	106.525	65.425	NA	NA	154.38635	NA	NA	NA
918221	106.575	65.425	NA	NA	154.401789	NA	NA	NA
918247	107.875	65.425	NA	NA	155.074428	NA	NA	NA
918575	124.275	65.425	126.40414	143.177641	139.049601	12.645461	-4.12804	NA
918576	124.325	65.425	127.521512	143.861523	154.486427	26.964915	10.624905	NA
919117	151.375	65.425	127.771956	129.887978	154.884443	27.112487	24.996465	NA
919118	151.425	65.425	128.826115	130.794288	141.682096	12.855981	10.887808	NA
924767	107.875	65.375	NA	NA	155.083669	NA	NA	NA
924768	107.925	65.375	NA	NA	152.97217	NA	NA	NA
925096	124.325	65.375	132.373138	149.679596	140.883576	8.510439	-8.796019	NA
925637	151.375	65.375	127.29643	129.276697	140.825003	13.528573	11.548307	NA
925638	151.425	65.375	127.191609	129.170252	154.87146	27.679851	25.701209	NA
931288	107.925	65.325	NA	NA	155.061176	NA	NA	NA
931289	107.975	65.325	NA	NA	155.062582	NA	NA	NA
931290	108.025	65.325	NA	NA	155.077742	NA	NA	NA
931291	108.075	65.325	NA	NA	154.863193	NA	NA	NA
931292	108.125	65.325	NA	NA	154.86653	NA	NA	NA
931293	108.175	65.325	NA	NA	154.868649	NA	NA	NA
931294	108.225	65.325	NA	NA	154.87304	NA	NA	NA
931295	108.275	65.325	NA	NA	154.875829	NA	NA	NA
931296	108.325	65.325	NA	NA	154.878251	NA	NA	NA
931297	108.375	65.325	NA	NA	154.88122	NA	NA	NA
931616	124.325	65.325	NA	NA	141.533328	NA	NA	NA
931617	124.375	65.325	130.302455	146.518118	154.424794	24.12234	7.906676	NA
932158	151.425	65.325	NA	NA	140.673385	NA	NA	NA
932159	151.475	65.325	126.937774	129.033597	154.874223	27.936449	25.840626	NA
932160	151.525	65.325	127.547204	129.671288	154.860307	27.313102	25.189018	NA
937809	107.975	65.275	NA	NA	155.079307	NA	NA	NA
937810	108.025	65.275	NA	NA	154.858771	NA	NA	NA
937817	108.375	65.275	NA	NA	149.547925	NA	NA	NA
937818	108.425	65.275	NA	NA	154.98325	NA	NA	NA
937819	108.475	65.275	NA	NA	154.997395	NA	NA	NA
938137	124.375	65.275	NA	NA	140.630965	NA	NA	NA
938138	124.425	65.275	127.665406	144.759242	154.391479	26.726073	9.632237	NA
938680	151.525	65.275	127.583548	129.3932	154.858835	27.275287	25.465635	NA
938681	151.575	65.275	127.806595	129.745495	142.954063	15.147468	13.208568	NA
944339	108.475	65.225	NA	NA	148.678938	NA	NA	NA
944340	108.525	65.225	NA	NA	154.978508	NA	NA	NA
944341	108.575	65.225	NA	NA	154.992279	NA	NA	NA
944342	108.625	65.225	NA	NA	154.917187	NA	NA	NA
944658	124.425	65.225	NA	NA	137.830293	NA	NA	NA
944659	124.475	65.225	133.037437	150.379346	154.366144	21.328708	3.986798	NA
945200	151.525	65.225	NA	NA	154.852265	NA	NA	NA
945201	151.575	65.225	128.793214	130.316004	154.838268	26.045055	24.522265	NA
945202	151.625	65.225	128.042238	129.596898	154.832858	26.79062	25.23596	NA
945203	151.675	65.225	NA	NA	154.83386	NA	NA	NA
945204	151.725	65.225	NA	NA	154.831635	NA	NA	NA
950862	108.625	65.175	123.894341	139.071773	154.962485	31.068145	15.890712	NA
950863	108.675	65.175	123.92275	139.068733	154.963343	31.040593	15.894609	NA
950864	108.725	65.175	NA	NA	154.973922	NA	NA	NA
950869	108.975	65.175	NA	NA	152.165159	NA	NA	NA
950870	109.025	65.175	NA	NA	155.00512	NA	NA	NA
950871	109.075	65.175	NA	NA	155.027302	NA	NA	NA
951179	124.475	65.175	129.500582	145.880333	137.76911	8.268528	-8.111223	NA
951180	124.525	65.175	NA	NA	139.751357	NA	NA	NA
951724	151.725	65.175	NA	NA	154.830801	NA	NA	NA
951725	151.775	65.175	NA	NA	155.036437	NA	NA	NA
951726	151.825	65.175	NA	NA	155.030606	NA	NA	NA
957384	108.725	65.125	NA	NA	154.977385	NA	NA	NA
957385	108.775	65.125	NA	NA	154.983952	NA	NA	NA
957386	108.825	65.125	NA	NA	152.492913	NA	NA	NA
957388	108.925	65.125	NA	NA	155.000043	NA	NA	NA
957389	108.975	65.125	NA	NA	155.004579	NA	NA	NA
957391	109.075	65.125	NA	NA	151.525	NA	NA	NA
957392	109.125	65.125	NA	NA	155.017083	NA	NA	NA
957393	109.175	65.125	NA	NA	155.036625	NA	NA	NA
957700	124.525	65.125	132.20724	148.358116	139.015736	6.808496	-9.34238	NA
957701	124.575	65.125	131.628901	147.6024	137.781626	6.152726	-9.820774	NA
957702	124.625	65.125	131.989916	148.26088	138.229178	6.239261	-10.031702	NA
957703	124.675	65.125	136.037512	151.22518	154.270474	18.232962	3.045294	NA
958246	151.825	65.125	130.117311	132.969572	155.126679	25.009368	22.157107	NA
958247	151.875	65.125	130.68083	133.489102	155.110961	24.430131	21.621859	NA
963906	108.825	65.075	NA	NA	154.985941	NA	NA	NA
963907	108.875	65.075	NA	NA	154.982422	NA	NA	NA
963908	108.925	65.075	NA	NA	154.999462	NA	NA	NA
963913	109.175	65.075	NA	NA	150.001243	NA	NA	NA
963914	109.225	65.075	NA	NA	155.050331	NA	NA	NA
964223	124.675	65.075	132.671886	148.095887	138.151055	5.479169	-9.944832	NA
964224	124.725	65.075	129.988983	147.564124	154.234539	24.245557	6.670415	NA
964225	124.775	65.075	132.918847	150.298246	154.205855	21.287009	3.907609	NA
964767	151.875	65.075	131.150035	134.383553	141.753092	10.603056	7.369539	NA
964768	151.925	65.075	130.11287	132.693806	155.116608	25.003738	22.422802	NA
964769	151.975	65.075	129.239177	131.380502	155.109732	25.870555	23.72923	NA
970434	109.225	65.025	NA	NA	154.297172	NA	NA	NA
970435	109.275	65.025	NA	NA	154.301782	NA	NA	NA
970436	109.325	65.025	NA	NA	154.306679	NA	NA	NA
970437	109.375	65.025	NA	NA	154.360413	NA	NA	NA
970745	124.775	65.025	129.471555	146.450266	154.190434	24.718879	7.740169	NA
970746	124.825	65.025	129.669606	147.158526	154.155809	24.486204	6.997284	NA
971289	151.975	65.025	129.210117	131.320859	155.108408	25.898291	23.78755	NA
971290	152.025	65.025	128.035827	130.116929	155.106501	27.070673	24.989572	NA
976957	109.375	64.975	NA	NA	154.364459	NA	NA	NA
976958	109.425	64.975	NA	NA	154.369292	NA	NA	NA
976959	109.475	64.975	NA	NA	154.368967	NA	NA	NA
977266	124.825	64.975	NA	NA	154.11199	NA	NA	NA
977267	124.875	64.975	131.895788	149.544485	154.086908	22.191121	4.542423	NA
977810	152.025	64.975	128.664666	132.472626	155.105954	26.441288	22.633328	NA
977811	152.075	64.975	NA	NA	155.104314	NA	NA	NA
977812	152.125	64.975	NA	NA	155.104968	NA	NA	NA
977813	152.175	64.975	NA	NA	155.100722	NA	NA	NA
977814	152.225	64.975	NA	NA	140.27104	NA	NA	NA
983479	109.475	64.925	NA	NA	154.375086	NA	NA	NA
983787	124.875	64.925	134.48865	151.297536	141.815005	7.326355	-9.482531	NA
983788	124.925	64.925	133.009428	150.113646	154.080356	21.070928	3.96671	NA
983789	124.975	64.925	NA	NA	154.036318	NA	NA	NA
984334	152.225	64.925	NA	NA	155.101931	NA	NA	NA
984335	152.275	64.925	NA	NA	155.096886	NA	NA	NA
989999	109.475	64.875	NA	NA	154.368296	NA	NA	NA
990309	124.975	64.875	NA	NA	137.914485	NA	NA	NA
990310	125.025	64.875	127.366068	143.286878	139.210329	11.844261	-4.076549	NA
990311	125.075	64.875	127.387746	143.379244	154.014478	26.626732	10.635234	NA
990855	152.275	64.875	129.357084	131.3964	144.114781	14.757697	12.718382	NA
990856	152.325	64.875	129.380256	131.417468	155.090881	25.710626	23.673413	NA
990857	152.375	64.875	NA	NA	155.083512	NA	NA	NA
996517	109.375	64.825	NA	NA	154.384811	NA	NA	NA
996518	109.425	64.825	NA	NA	154.371909	NA	NA	NA
996519	109.475	64.825	NA	NA	154.370574	NA	NA	NA
996831	125.075	64.825	125.383349	141.43176	139.178407	13.795058	-2.253353	NA
996832	125.125	64.825	124.928242	137.600997	137.931028	13.002786	0.330031	NA
996833	125.175	64.825	131.586776	146.978077	137.684736	6.09796	-9.293341	NA
997377	152.375	64.825	NA	NA	140.30621	NA	NA	NA
997378	152.425	64.825	NA	NA	140.903462	NA	NA	NA
997379	152.475	64.825	127.472815	130.109739	155.072726	27.599911	24.962988	NA
997380	152.525	64.825	127.548291	131.588528	155.063913	27.515622	23.475385	NA
997381	152.575	64.825	NA	NA	155.062455	NA	NA	NA
997382	152.625	64.825	NA	NA	155.061349	NA	NA	NA
997383	152.675	64.825	NA	NA	155.060208	NA	NA	NA
997384	152.725	64.825	NA	NA	155.069614	NA	NA	NA
997385	152.775	64.825	NA	NA	140.18557	NA	NA	NA
997386	152.825	64.825	NA	NA	140.548088	NA	NA	NA
997387	152.875	64.825	NA	NA	146.682985	NA	NA	NA
997388	152.925	64.825	126.624788	129.214664	146.697592	20.072804	17.482928	NA
1003036	109.325	64.775	NA	NA	154.3994	NA	NA	NA
1003037	109.375	64.775	NA	NA	154.386818	NA	NA	NA
1003353	125.175	64.775	131.586776	146.978077	138.202764	6.615988	-8.775313	NA
1003354	125.225	64.775	130.206255	145.923255	138.23578	8.029525	-7.687475	NA
1003355	125.275	64.775	130.033806	146.258278	138.261235	8.227429	-7.997043	NA
1003356	125.325	64.775	128.684079	144.63025	138.012771	9.328692	-6.617479	NA
1003357	125.375	64.775	124.807265	141.420491	136.736261	11.928996	-4.684231	NA
1003358	125.425	64.775	130.615029	147.217094	153.918553	23.303524	6.701459	NA
1003908	152.925	64.775	126.624788	129.214664	155.059373	28.434586	25.84471	NA
1003909	152.975	64.775	NA	NA	155.057995	NA	NA	NA
1004260	-155.475	64.725	135.537755	120.040655	149.741821	14.204065	29.701166	NA
1009556	109.325	64.725	NA	NA	154.404214	NA	NA	NA
1009878	125.425	64.725	126.671124	143.804108	136.218057	9.546933	-7.586051	NA
1009879	125.475	64.725	131.427886	149.010689	153.89764	22.469754	4.886951	NA
1010429	152.975	64.725	NA	NA	145.599874	NA	NA	NA
1010430	153.025	64.725	NA	NA	138.654338	NA	NA	NA
1010431	153.075	64.725	129.46219	131.971041	155.055848	25.593659	23.084807	NA
1010441	153.575	64.725	NA	NA	144.098114	NA	NA	NA
1010442	153.625	64.725	NA	NA	155.064989	NA	NA	NA
1010443	153.675	64.725	NA	NA	155.0604	NA	NA	NA
1010444	153.725	64.725	NA	NA	155.058165	NA	NA	NA
1010445	153.775	64.725	NA	NA	155.056491	NA	NA	NA
1010446	153.825	64.725	NA	NA	144.323106	NA	NA	NA
1010447	153.875	64.725	NA	NA	140.697532	NA	NA	NA
1010448	153.925	64.725	NA	NA	143.180457	NA	NA	NA
1010449	153.975	64.725	NA	NA	155.100999	NA	NA	NA
1010450	154.025	64.725	NA	NA	151.032008	NA	NA	NA
1016076	109.325	64.675	NA	NA	154.434521	NA	NA	NA
1016077	109.375	64.675	NA	NA	154.439272	NA	NA	NA
1016078	109.425	64.675	NA	NA	154.455591	NA	NA	NA
1016079	109.475	64.675	NA	NA	150.084899	NA	NA	NA
1016399	125.475	64.675	129.889391	146.735356	135.741691	5.852301	-10.993665	NA
1016400	125.525	64.675	130.389122	147.301989	153.864715	23.475593	6.562726	NA
1016951	153.075	64.675	NA	NA	144.621873	NA	NA	NA
1016952	153.125	64.675	NA	NA	147.996161	NA	NA	NA
1016953	153.175	64.675	NA	NA	147.966249	NA	NA	NA
1016954	153.225	64.675	NA	NA	155.079696	NA	NA	NA
1016955	153.275	64.675	NA	NA	155.079041	NA	NA	NA
1016956	153.325	64.675	NA	NA	155.075607	NA	NA	NA
1016959	153.475	64.675	NA	NA	146.790864	NA	NA	NA
1016960	153.525	64.675	129.645917	132.17408	155.065567	25.41965	22.891487	NA
1016961	153.575	64.675	129.817336	132.030968	155.062453	25.245118	23.031486	NA
1016970	154.025	64.675	NA	NA	155.616544	NA	NA	NA
1017244	-158.275	64.625	137.22915	130.881935	150.233759	13.004609	19.351824	NA
1017245	-158.225	64.625	NA	NA	139.241353	NA	NA	NA
1017246	-158.175	64.625	NA	NA	136.278458	NA	NA	NA
1022599	109.475	64.625	NA	NA	154.465446	NA	NA	NA
1022600	109.525	64.625	NA	NA	154.47163	NA	NA	NA
1022601	109.575	64.625	NA	NA	154.472528	NA	NA	NA
1022602	109.625	64.625	NA	NA	154.482462	NA	NA	NA
1022920	125.525	64.625	126.990958	143.565555	153.83599	26.845032	10.270435	NA
1022921	125.575	64.625	125.940159	143.108317	135.095875	9.155715	-8.012442	NA
1023476	153.325	64.625	NA	NA	146.430014	NA	NA	NA
1023477	153.375	64.625	127.000895	130.160492	144.708242	17.707348	14.54775	NA
1023478	153.425	64.625	NA	NA	155.071471	NA	NA	NA
1023479	153.475	64.625	NA	NA	155.067668	NA	NA	NA
1023480	153.525	64.625	NA	NA	155.066748	NA	NA	NA
1023490	154.025	64.625	129.705711	132.544479	155.600401	25.89469	23.055922	NA
1023491	154.075	64.625	130.5734	134.039091	147.046441	16.473042	13.00735	NA
1023762	-158.375	64.575	137.390103	129.299073	150.239434	12.849332	20.940362	NA
1023763	-158.325	64.575	136.400846	127.461419	150.234896	13.83405	22.773478	NA
1023764	-158.275	64.575	NA	NA	138.006633	NA	NA	NA
1029120	109.525	64.575	NA	NA	154.506332	NA	NA	NA
1029121	109.575	64.575	NA	NA	154.482703	NA	NA	NA
1029122	109.625	64.575	NA	NA	154.477374	NA	NA	NA
1029441	125.575	64.575	NA	NA	153.870621	NA	NA	NA
1029442	125.625	64.575	133.761157	151.308248	153.843318	20.082161	2.535069	NA
1029443	125.675	64.575	134.242216	151.041365	153.825143	19.582926	2.783778	NA
1029444	125.725	64.575	131.709503	148.424452	153.807277	22.097774	5.382825	NA
1030011	154.075	64.575	128.781867	131.433802	155.600769	26.818902	24.166967	NA
1030281	-158.425	64.525	136.140419	130.047766	150.241298	14.100879	20.193532	NA
1030282	-158.375	64.525	137.408204	129.101345	138.835213	1.427009	9.733868	NA
1035636	109.325	64.525	NA	NA	147.287207	NA	NA	NA
1035637	109.375	64.525	NA	NA	154.521219	NA	NA	NA
1035638	109.425	64.525	NA	NA	154.502026	NA	NA	NA
1035639	109.475	64.525	NA	NA	154.508108	NA	NA	NA
1035640	109.525	64.525	NA	NA	154.504052	NA	NA	NA
1035964	125.725	64.525	131.709503	148.424452	135.067763	3.35826	-13.356689	NA
1035965	125.775	64.525	128.858196	146.271339	137.208699	8.350503	-9.06264	NA
1035966	125.825	64.525	NA	NA	135.424701	NA	NA	NA
1035967	125.875	64.525	NA	NA	135.380408	NA	NA	NA
1035968	125.925	64.525	125.006777	138.076213	135.249084	10.242307	-2.82713	NA
1035969	125.975	64.525	128.091097	142.522458	153.78237	25.691272	11.259912	NA
1036531	154.075	64.525	128.491485	130.809819	155.594963	27.103478	24.785144	NA
1036799	-158.525	64.475	NA	NA	144.958997	NA	NA	NA
1036800	-158.475	64.475	134.563594	124.808167	150.245974	15.682379	25.437806	NA
1036801	-158.425	64.475	135.944822	127.506485	138.222496	2.277674	10.716011	NA
1042156	109.325	64.475	NA	NA	154.508406	NA	NA	NA
1042157	109.375	64.475	NA	NA	148.163072	NA	NA	NA
1042489	125.975	64.475	128.733623	143.556117	135.461043	6.72742	-8.095073	NA
1042490	126.025	64.475	131.34636	148.095576	153.75671	22.410349	5.661133	NA
1042491	126.075	64.475	131.782142	148.591565	153.722182	21.94004	5.130617	NA
1043051	154.075	64.475	NA	NA	155.591079	NA	NA	NA
1043052	154.125	64.475	NA	NA	155.616828	NA	NA	NA
1043317	-158.625	64.425	136.566241	129.369748	144.799617	8.233376	15.429869	NA
1043318	-158.575	64.425	NA	NA	142.698593	NA	NA	NA
1043319	-158.525	64.425	NA	NA	150.256161	NA	NA	NA
1048340	92.525	64.425	131.320376	124.231089	153.396278	22.075903	29.165189	NA
1048341	92.575	64.425	NA	NA	151.117903	NA	NA	NA
1048345	92.775	64.425	NA	NA	156.657118	NA	NA	NA
1048346	92.825	64.425	NA	NA	153.275123	NA	NA	NA
1048347	92.875	64.425	NA	NA	153.26231	NA	NA	NA
1048348	92.925	64.425	132.312748	124.333624	153.255431	20.942683	28.921807	NA
1048349	92.975	64.425	132.36606	124.177519	153.248621	20.882561	29.071102	NA
1048350	93.025	64.425	132.577554	124.390522	153.244023	20.666469	28.853501	NA
1048351	93.075	64.425	132.735444	124.394272	153.23847	20.503026	28.844198	NA
1048677	109.375	64.425	NA	NA	154.51153	NA	NA	NA
1048678	109.425	64.425	NA	NA	154.513887	NA	NA	NA
1049011	126.075	64.425	129.380524	143.611025	135.869885	6.489361	-7.74114	NA
1049012	126.125	64.425	130.338531	147.318214	153.708609	23.370078	6.390395	NA
1049013	126.175	64.425	133.174914	151.022801	153.682742	20.507828	2.659941	NA
1049014	126.225	64.425	133.526803	150.754888	153.668613	20.14181	2.913725	NA
1049015	126.275	64.425	132.149297	149.255111	153.657613	21.508316	4.402502	NA
1049016	126.325	64.425	133.708016	150.367774	153.638579	19.930563	3.270805	NA
1049017	126.375	64.425	133.558692	149.839097	153.630212	20.07152	3.791115	NA
1049572	154.125	64.425	128.239376	130.622056	155.614888	27.375512	24.992832	NA
1049836	-158.675	64.375	136.284038	131.601593	150.265122	13.981083	18.663528	NA
1049837	-158.625	64.375	136.567481	129.356251	150.260228	13.692748	20.903977	NA
1054871	93.075	64.375	132.735444	124.394272	150.375342	17.639898	25.98107	NA
1054872	93.125	64.375	132.178184	123.726056	153.234382	21.056197	29.508325	NA
1054873	93.175	64.375	131.928945	123.805902	153.215034	21.286089	29.409132	NA
1054874	93.225	64.375	130.074488	123.409459	153.208039	23.133551	29.79858	NA
1054875	93.275	64.375	NA	NA	151.758832	NA	NA	NA
1055197	109.375	64.375	NA	NA	149.277733	NA	NA	NA
1055198	109.425	64.375	NA	NA	154.515933	NA	NA	NA
1055537	126.375	64.375	133.675895	150.169606	135.993362	2.317468	-14.176244	NA
1055538	126.425	64.375	132.398437	147.768034	153.625947	21.22751	5.857913	NA
1055539	126.475	64.375	130.330353	146.484586	153.87754	23.547187	7.392953	NA
1055540	126.525	64.375	125.717167	142.596504	153.872579	28.155411	11.276075	NA
1056092	154.125	64.375	NA	NA	155.607223	NA	NA	NA
1056093	154.175	64.375	NA	NA	155.604018	NA	NA	NA
1056094	154.225	64.375	NA	NA	155.600555	NA	NA	NA
1056095	154.275	64.375	NA	NA	147.994026	NA	NA	NA
1056356	-158.675	64.325	136.696838	132.245558	140.806886	4.110047	8.561328	NA
1061395	93.275	64.325	131.043621	123.801443	153.202694	22.159073	29.401251	NA
1061396	93.325	64.325	131.964368	124.175867	153.185467	21.221098	29.0096	NA
1061397	93.375	64.325	132.059656	123.894521	151.461928	19.402272	27.567407	NA
1061712	109.125	64.325	NA	NA	154.560724	NA	NA	NA
1061713	109.175	64.325	NA	NA	154.546125	NA	NA	NA
1061714	109.225	64.325	NA	NA	154.542937	NA	NA	NA
1061715	109.275	64.325	NA	NA	148.030269	NA	NA	NA
1061716	109.325	64.325	NA	NA	154.522326	NA	NA	NA
1061717	109.375	64.325	NA	NA	154.509308	NA	NA	NA
1062058	126.425	64.325	126.229402	140.665376	134.446961	8.217559	-6.218414	NA
1062060	126.525	64.325	127.866504	144.373947	134.187524	6.32102	-10.186423	NA
1062061	126.575	64.325	133.620602	150.739907	153.869768	20.249166	3.129862	NA
1062062	126.625	64.325	133.556046	150.443104	143.931567	10.37552	-6.511537	NA
1062615	154.275	64.325	NA	NA	155.607415	NA	NA	NA
1062616	154.325	64.325	NA	NA	155.59911	NA	NA	NA
1062617	154.375	64.325	NA	NA	139.701176	NA	NA	NA
1062618	154.425	64.325	NA	NA	141.627155	NA	NA	NA
1062876	-158.675	64.275	136.621317	127.452644	150.274381	13.653064	22.821737	NA
1067917	93.375	64.275	132.088087	123.90619	153.180828	21.092741	29.274637	NA
1067918	93.425	64.275	131.557241	123.948175	153.169559	21.612319	29.221385	NA
1067919	93.475	64.275	131.865598	123.826619	153.164487	21.298889	29.337868	NA
1067920	93.525	64.275	130.682162	123.592765	153.157813	22.47565	29.565047	NA
1067921	93.575	64.275	128.361265	123.240893	150.100942	21.739677	26.860049	NA
1068053	100.175	64.275	NA	NA	150.326711	NA	NA	NA
1068054	100.225	64.275	NA	NA	144.547868	NA	NA	NA
1068055	100.275	64.275	NA	NA	144.541627	NA	NA	NA
1068056	100.325	64.275	NA	NA	144.537061	NA	NA	NA
1068057	100.375	64.275	NA	NA	144.530466	NA	NA	NA
1068232	109.125	64.275	NA	NA	154.570836	NA	NA	NA
1068578	126.425	64.275	127.142864	141.538631	151.6723	24.529436	10.133669	NA
1068582	126.625	64.275	133.896257	150.82765	153.856888	19.960631	3.029238	NA
1068583	126.675	64.275	132.113496	148.438911	143.947198	11.833702	-4.491713	NA
1068584	126.725	64.275	129.448042	146.209988	144.014249	14.566207	-2.195739	NA
1068585	126.775	64.275	128.837318	145.579041	144.029304	15.191986	-1.549737	NA
1069138	154.425	64.275	NA	NA	155.599076	NA	NA	NA
1069139	154.475	64.275	NA	NA	155.597436	NA	NA	NA
1069396	-158.675	64.225	135.344017	123.889496	150.275779	14.931762	26.386284	NA
1074441	93.575	64.225	128.361265	123.240893	153.153161	24.791896	29.912268	NA
1074442	93.625	64.225	127.912906	123.058782	153.136997	25.224091	30.078216	NA
1074443	93.675	64.225	129.668126	123.28554	153.129213	23.461087	29.843674	NA
1074444	93.725	64.225	131.572176	123.856919	153.122004	21.549828	29.265085	NA
1074445	93.775	64.225	132.47023	123.841745	153.113264	20.643033	29.271519	NA
1074457	94.375	64.225	NA	NA	153.745144	NA	NA	NA
1074458	94.425	64.225	NA	NA	150.888094	NA	NA	NA
1074459	94.475	64.225	NA	NA	152.284588	NA	NA	NA
1074570	100.025	64.225	NA	NA	150.345027	NA	NA	NA
1074571	100.075	64.225	NA	NA	150.332686	NA	NA	NA
1074572	100.125	64.225	NA	NA	150.330635	NA	NA	NA
1074573	100.175	64.225	NA	NA	142.04677	NA	NA	NA
1074577	100.375	64.225	NA	NA	144.516014	NA	NA	NA
1074578	100.425	64.225	NA	NA	144.502825	NA	NA	NA
1074579	100.475	64.225	NA	NA	144.496954	NA	NA	NA
1074580	100.525	64.225	NA	NA	140.593343	NA	NA	NA
1074598	101.425	64.225	NA	NA	147.91147	NA	NA	NA
1074599	101.475	64.225	NA	NA	144.28055	NA	NA	NA
1074600	101.525	64.225	NA	NA	144.262784	NA	NA	NA
1074601	101.575	64.225	NA	NA	144.24758	NA	NA	NA
1074751	109.075	64.225	NA	NA	154.56833	NA	NA	NA
1074752	109.125	64.225	NA	NA	154.560871	NA	NA	NA
1075097	126.375	64.225	126.542076	141.939497	151.609494	25.067418	9.669997	NA
1075098	126.425	64.225	126.453465	141.7527	151.642718	25.189254	9.890018	NA
1075105	126.775	64.225	128.837318	145.579041	134.181788	5.344469	-11.397253	NA
1075106	126.825	64.225	131.130035	148.02354	144.028775	12.898739	-3.994765	NA
1075107	126.875	64.225	126.216754	142.974376	144.05763	17.840875	1.083254	NA
1075659	154.475	64.225	128.541154	131.400363	155.596228	27.055073	24.195864	NA
1075916	-158.675	64.175	136.554725	130.237963	133.35924	-3.195484	3.121277	NA
1080965	93.775	64.175	132.259441	124.065402	149.450897	17.191456	25.385496	NA
1080966	93.825	64.175	131.210342	123.611822	152.395211	21.184869	28.783389	NA
1080967	93.875	64.175	132.470341	124.096452	152.378035	19.907694	28.281583	NA
1080968	93.925	64.175	132.482647	124.130807	152.195572	19.712924	28.064765	NA
1080970	94.025	64.175	132.651889	124.190522	149.077171	16.425282	24.886649	NA
1080971	94.075	64.175	130.212052	123.595123	152.344721	22.132668	28.749597	NA
1080972	94.125	64.175	129.793424	123.416423	152.333173	22.539749	28.91675	NA
1080973	94.175	64.175	131.882637	123.256891	152.331928	20.44929	29.075037	NA
1080974	94.225	64.175	128.99733	123.080977	152.321234	23.323904	29.240257	NA
1080975	94.275	64.175	NA	NA	152.310578	NA	NA	NA
1080976	94.325	64.175	129.770072	123.843238	152.301041	22.530969	28.457802	NA
1080977	94.375	64.175	132.022171	124.027405	152.294771	20.2726	28.267366	NA
1080979	94.475	64.175	131.396915	123.360304	152.273204	20.87629	28.9129	NA
1080980	94.525	64.175	127.653949	123.128954	152.262894	24.608946	29.13394	NA
1080981	94.575	64.175	NA	NA	152.256598	NA	NA	NA
1080982	94.625	64.175	NA	NA	152.248962	NA	NA	NA
1080983	94.675	64.175	NA	NA	152.242561	NA	NA	NA
1080984	94.725	64.175	128.563258	123.118521	152.231248	23.66799	29.112728	NA
1081053	98.175	64.175	NA	NA	150.402199	NA	NA	NA
1081054	98.225	64.175	NA	NA	150.387821	NA	NA	NA
1081055	98.275	64.175	NA	NA	150.380827	NA	NA	NA
1081056	98.325	64.175	NA	NA	150.376009	NA	NA	NA
1081057	98.375	64.175	NA	NA	145.885834	NA	NA	NA
1081064	98.725	64.175	NA	NA	152.952008	NA	NA	NA
1081065	98.775	64.175	NA	NA	150.309425	NA	NA	NA
1081066	98.825	64.175	NA	NA	150.294416	NA	NA	NA
1081073	99.175	64.175	NA	NA	150.618463	NA	NA	NA
1081074	99.225	64.175	NA	NA	150.101434	NA	NA	NA
1081089	99.975	64.175	NA	NA	150.378204	NA	NA	NA
1081090	100.025	64.175	NA	NA	142.660321	NA	NA	NA
1081100	100.525	64.175	NA	NA	144.491958	NA	NA	NA
1081101	100.575	64.175	NA	NA	144.475073	NA	NA	NA
1081102	100.625	64.175	NA	NA	144.471321	NA	NA	NA
1081103	100.675	64.175	NA	NA	144.463336	NA	NA	NA
1081104	100.725	64.175	NA	NA	144.458264	NA	NA	NA
1081105	100.775	64.175	NA	NA	144.452361	NA	NA	NA
1081106	100.825	64.175	NA	NA	144.446119	NA	NA	NA
1081107	100.875	64.175	NA	NA	144.440851	NA	NA	NA
1081116	101.325	64.175	NA	NA	144.321507	NA	NA	NA
1081117	101.375	64.175	NA	NA	144.303854	NA	NA	NA
1081118	101.425	64.175	NA	NA	144.298452	NA	NA	NA
1081121	101.575	64.175	NA	NA	144.241147	NA	NA	NA
1081122	101.625	64.175	NA	NA	144.224838	NA	NA	NA
1081123	101.675	64.175	NA	NA	144.218577	NA	NA	NA
1081124	101.725	64.175	NA	NA	144.209889	NA	NA	NA
1081125	101.775	64.175	NA	NA	144.200918	NA	NA	NA
1081271	109.075	64.175	NA	NA	154.571197	NA	NA	NA
1081275	109.275	64.175	NA	NA	154.613802	NA	NA	NA
1081276	109.325	64.175	NA	NA	154.616815	NA	NA	NA
1081277	109.375	64.175	NA	NA	154.644699	NA	NA	NA
1081278	109.425	64.175	NA	NA	148.369685	NA	NA	NA
1081279	109.475	64.175	NA	NA	148.364747	NA	NA	NA
1081280	109.525	64.175	NA	NA	149.465119	NA	NA	NA
1081615	126.275	64.175	NA	NA	133.295563	NA	NA	NA
1081616	126.325	64.175	125.846517	141.236885	151.565538	25.719021	10.328653	NA
1081617	126.375	64.175	127.156526	142.759925	151.591792	24.435266	8.831866	NA
1081627	126.875	64.175	130.163147	146.374291	144.121482	13.958335	-2.25281	NA
1081628	126.925	64.175	131.166225	147.671057	143.890468	12.724243	-3.78059	NA
1082178	154.425	64.175	NA	NA	155.778164	NA	NA	NA
1082179	154.475	64.175	NA	NA	155.750876	NA	NA	NA
1082180	154.525	64.175	NA	NA	155.740761	NA	NA	NA
1082181	154.575	64.175	NA	NA	143.509399	NA	NA	NA
1082435	-158.725	64.125	136.786622	130.219286	138.367002	1.58038	8.147717	NA
1082436	-158.675	64.125	136.807075	130.087547	150.332564	13.525489	20.245017	NA
1087488	93.925	64.125	132.482647	124.130807	152.373626	19.890979	28.242819	NA
1087489	93.975	64.125	132.834609	124.039411	152.354164	19.519554	28.314752	NA
1087490	94.025	64.125	132.651889	124.190522	152.349182	19.697292	28.158659	NA
1087504	94.725	64.125	NA	NA	150.733848	NA	NA	NA
1087505	94.775	64.125	131.523177	123.869334	152.226292	20.703115	28.356957	NA
1087506	94.825	64.125	132.198381	124.20402	152.208639	20.010257	28.004619	NA
1087507	94.875	64.125	132.304779	124.039246	147.594123	15.289344	23.554877	NA
1087571	98.075	64.125	131.158367	123.531791	150.709453	19.551086	27.177662	NA
1087572	98.125	64.125	130.665147	123.314055	150.408747	19.7436	27.094693	NA
1087573	98.175	64.125	NA	NA	145.996907	NA	NA	NA
1087577	98.375	64.125	NA	NA	150.367778	NA	NA	NA
1087578	98.425	64.125	132.437109	124.472561	150.351889	17.91478	25.879328	NA
1087579	98.475	64.125	NA	NA	150.346178	NA	NA	NA
1087580	98.525	64.125	NA	NA	150.340095	NA	NA	NA
1087581	98.575	64.125	NA	NA	150.334988	NA	NA	NA
1087582	98.625	64.125	NA	NA	150.330906	NA	NA	NA
1087583	98.675	64.125	132.759807	124.743372	150.325988	17.56618	25.582615	NA
1087584	98.725	64.125	NA	NA	150.320317	NA	NA	NA
1087586	98.825	64.125	NA	NA	150.851394	NA	NA	NA
1087587	98.875	64.125	NA	NA	150.289019	NA	NA	NA
1087588	98.925	64.125	NA	NA	150.27467	NA	NA	NA
1087589	98.975	64.125	NA	NA	150.264832	NA	NA	NA
1087590	99.025	64.125	NA	NA	150.2549	NA	NA	NA
1087591	99.075	64.125	NA	NA	150.247244	NA	NA	NA
1087592	99.125	64.125	NA	NA	150.242662	NA	NA	NA
1087593	99.175	64.125	NA	NA	150.237065	NA	NA	NA
1087594	99.225	64.125	NA	NA	150.230796	NA	NA	NA
1087595	99.275	64.125	NA	NA	150.222697	NA	NA	NA
1087596	99.325	64.125	NA	NA	150.216706	NA	NA	NA
1087597	99.375	64.125	NA	NA	150.211387	NA	NA	NA
1087598	99.425	64.125	129.935622	124.075992	150.205297	20.269675	26.129305	NA
1087599	99.475	64.125	NA	NA	150.201887	NA	NA	NA
1087600	99.525	64.125	NA	NA	150.196595	NA	NA	NA
1087601	99.575	64.125	NA	NA	150.198348	NA	NA	NA
1087602	99.625	64.125	NA	NA	150.193671	NA	NA	NA
1087603	99.675	64.125	NA	NA	150.186531	NA	NA	NA
1087604	99.725	64.125	NA	NA	150.180541	NA	NA	NA
1087605	99.775	64.125	NA	NA	150.175474	NA	NA	NA
1087606	99.825	64.125	131.537386	123.780514	150.171142	18.633756	26.390628	NA
1087607	99.875	64.125	NA	NA	150.169063	NA	NA	NA
1087608	99.925	64.125	131.144016	123.424681	150.166812	19.022796	26.742131	NA
1087609	99.975	64.125	131.133887	123.414857	146.655659	15.521771	23.240802	NA
1087627	100.875	64.125	NA	NA	144.436311	NA	NA	NA
1087628	100.925	64.125	NA	NA	144.421232	NA	NA	NA
1087629	100.975	64.125	NA	NA	144.416547	NA	NA	NA
1087630	101.025	64.125	NA	NA	144.405908	NA	NA	NA
1087631	101.075	64.125	NA	NA	144.526314	NA	NA	NA
1087634	101.225	64.125	NA	NA	144.349168	NA	NA	NA
1087635	101.275	64.125	NA	NA	144.337117	NA	NA	NA
1087636	101.325	64.125	NA	NA	144.33129	NA	NA	NA
1087645	101.775	64.125	NA	NA	144.196852	NA	NA	NA
1087646	101.825	64.125	NA	NA	144.185992	NA	NA	NA
1087647	101.875	64.125	NA	NA	144.174402	NA	NA	NA
1087661	102.575	64.125	NA	NA	145.022721	NA	NA	NA
1087662	102.625	64.125	NA	NA	143.976493	NA	NA	NA
1087663	102.675	64.125	NA	NA	143.955913	NA	NA	NA
1087664	102.725	64.125	NA	NA	143.948866	NA	NA	NA
1087791	109.075	64.125	NA	NA	154.592115	NA	NA	NA
1087792	109.125	64.125	NA	NA	154.595186	NA	NA	NA
1087793	109.175	64.125	NA	NA	154.599424	NA	NA	NA
1087794	109.225	64.125	NA	NA	154.60204	NA	NA	NA
1087795	109.275	64.125	NA	NA	154.615062	NA	NA	NA
1087800	109.525	64.125	NA	NA	154.652233	NA	NA	NA
1087801	109.575	64.125	NA	NA	154.658846	NA	NA	NA
1088134	126.225	64.125	126.426253	142.512121	151.483676	25.057423	8.971554	NA
1088135	126.275	64.125	125.945945	142.198214	151.552824	25.606879	9.354609	NA
1088148	126.925	64.125	NA	NA	153.804757	NA	NA	NA
1088149	126.975	64.125	128.506225	145.189898	153.90536	25.399135	8.715462	NA
1088150	127.025	64.125	130.078286	146.174829	153.89346	23.815175	7.718631	NA
1088698	154.425	64.125	NA	NA	155.758191	NA	NA	NA
1088699	154.475	64.125	NA	NA	155.754375	NA	NA	NA
1088700	154.525	64.125	NA	NA	155.733116	NA	NA	NA
1088701	154.575	64.125	NA	NA	155.738911	NA	NA	NA
1088954	-158.775	64.075	NA	NA	146.496233	NA	NA	NA
1088955	-158.725	64.075	137.003402	132.075608	150.339266	13.335864	18.263658	NA
1094027	94.875	64.075	131.949289	123.612599	152.19975	20.250461	28.58715	NA
1094028	94.925	64.075	131.929313	123.855861	152.175772	20.246459	28.319911	NA
1094029	94.975	64.075	132.255151	124.439297	152.170833	19.915682	27.731536	NA
1094030	95.025	64.075	132.130568	123.895307	152.160236	20.029669	28.26493	NA
1094091	98.075	64.075	130.964827	123.660613	150.715396	19.750569	27.054783	NA
1094092	98.125	64.075	NA	NA	150.719916	NA	NA	NA
1094093	98.175	64.075	NA	NA	150.73748	NA	NA	NA
1094094	98.225	64.075	NA	NA	148.407539	NA	NA	NA
1094151	101.075	64.075	NA	NA	144.400622	NA	NA	NA
1094152	101.125	64.075	NA	NA	144.366287	NA	NA	NA
1094153	101.175	64.075	NA	NA	144.362226	NA	NA	NA
1094154	101.225	64.075	NA	NA	144.35453	NA	NA	NA
1094167	101.875	64.075	NA	NA	144.166585	NA	NA	NA
1094168	101.925	64.075	NA	NA	144.152174	NA	NA	NA
1094169	101.975	64.075	NA	NA	144.145998	NA	NA	NA
1094170	102.025	64.075	NA	NA	144.14015	NA	NA	NA
1094171	102.075	64.075	NA	NA	144.121976	NA	NA	NA
1094172	102.125	64.075	NA	NA	144.11529	NA	NA	NA
1094173	102.175	64.075	NA	NA	144.105997	NA	NA	NA
1094174	102.225	64.075	NA	NA	144.096209	NA	NA	NA
1094175	102.275	64.075	NA	NA	144.07967	NA	NA	NA
1094180	102.525	64.075	NA	NA	143.986326	NA	NA	NA
1094181	102.575	64.075	NA	NA	143.98093	NA	NA	NA
1094184	102.725	64.075	NA	NA	142.370153	NA	NA	NA
1094185	102.775	64.075	NA	NA	143.941178	NA	NA	NA
1094186	102.825	64.075	NA	NA	143.919281	NA	NA	NA
1094187	102.875	64.075	NA	NA	143.902182	NA	NA	NA
1094188	102.925	64.075	NA	NA	143.895253	NA	NA	NA
1094189	102.975	64.075	NA	NA	143.885416	NA	NA	NA
1094317	109.375	64.075	NA	NA	145.800628	NA	NA	NA
1094318	109.425	64.075	NA	NA	154.220159	NA	NA	NA
1094319	109.475	64.075	NA	NA	154.204686	NA	NA	NA
1094320	109.525	64.075	NA	NA	154.201945	NA	NA	NA
1094321	109.575	64.075	NA	NA	154.196939	NA	NA	NA
1094602	123.625	64.075	124.082312	140.714702	150.874724	26.792412	10.160021	NA
1094603	123.675	64.075	123.723258	141.294651	150.880169	27.156911	9.585518	NA
1094604	123.725	64.075	124.765297	140.449114	150.886495	26.121198	10.437381	NA
1094605	123.775	64.075	127.1031	142.289007	150.896754	23.793653	8.607746	NA
1094606	123.825	64.075	125.785095	142.904448	150.904098	25.119003	7.999649	NA
1094607	123.875	64.075	124.672029	142.625523	150.926633	26.254604	8.30111	NA
1094608	123.925	64.075	NA	NA	140.570385	NA	NA	NA
1094609	123.975	64.075	NA	NA	140.927073	NA	NA	NA
1094610	124.025	64.075	NA	NA	141.811698	NA	NA	NA
1094611	124.075	64.075	NA	NA	142.003915	NA	NA	NA
1094612	124.125	64.075	NA	NA	141.076396	NA	NA	NA
1094613	124.175	64.075	NA	NA	140.937622	NA	NA	NA
1094614	124.225	64.075	NA	NA	138.946719	NA	NA	NA
1094615	124.275	64.075	NA	NA	138.024783	NA	NA	NA
1094616	124.325	64.075	NA	NA	137.910837	NA	NA	NA
1094651	126.075	64.075	125.472198	140.286548	133.538104	8.065906	-6.748444	NA
1094652	126.125	64.075	128.133946	144.332387	151.407842	23.273897	7.075456	NA
1094653	126.175	64.075	126.647498	140.542228	151.421362	24.773865	10.879135	NA
1094654	126.225	64.075	127.370249	143.602168	151.468163	24.097914	7.865996	NA
1094670	127.025	64.075	129.621824	147.164285	132.543594	2.92177	-14.620691	NA
1094671	127.075	64.075	132.111429	149.232295	153.883354	21.771924	4.651058	NA
1094672	127.125	64.075	133.851392	150.721244	153.854722	20.00333	3.133479	NA
1095217	154.375	64.075	NA	NA	142.323568	NA	NA	NA
1095218	154.425	64.075	NA	NA	155.757689	NA	NA	NA
1095219	154.475	64.075	NA	NA	155.765999	NA	NA	NA
1095220	154.525	64.075	NA	NA	150.597886	NA	NA	NA
1095472	-158.875	64.025	135.254946	123.181516	145.322775	10.067829	22.141259	NA
1095473	-158.825	64.025	132.528488	119.556076	150.311729	17.783241	30.755654	NA
1095474	-158.775	64.025	134.180679	124.150527	150.308366	16.127687	26.157839	NA
1100550	95.025	64.025	130.551623	123.687537	153.036785	22.485162	29.349248	NA
1100551	95.075	64.025	132.245893	123.842376	152.151555	19.905662	28.309179	NA
1100552	95.125	64.025	NA	NA	152.137635	NA	NA	NA
1100553	95.175	64.025	132.14726	123.729405	152.127453	19.980192	28.398048	NA
1100554	95.225	64.025	131.960112	123.719374	152.121981	20.161869	28.402608	NA
1100555	95.275	64.025	131.88194	123.858102	152.116358	20.234418	28.258255	NA
1100556	95.325	64.025	132.60518	124.20512	152.112809	19.507629	27.907688	NA
1100557	95.375	64.025	133.990248	123.845533	152.108508	18.11826	28.262975	NA
1100558	95.425	64.025	132.647965	123.496569	152.101926	19.453961	28.605358	NA
1100559	95.475	64.025	NA	NA	152.089225	NA	NA	NA
1100560	95.525	64.025	NA	NA	152.084032	NA	NA	NA
1100561	95.575	64.025	NA	NA	152.077897	NA	NA	NA
1100562	95.625	64.025	132.059262	123.955063	151.941181	19.881919	27.986118	NA
1100613	98.175	64.025	132.202478	124.596169	150.756885	18.554407	26.160716	NA
1100614	98.225	64.025	132.523583	125.143392	150.745055	18.221472	25.601663	NA
1100695	102.275	64.025	NA	NA	144.213153	NA	NA	NA
1100696	102.325	64.025	NA	NA	144.055367	NA	NA	NA
1100697	102.375	64.025	NA	NA	144.037156	NA	NA	NA
1100698	102.425	64.025	NA	NA	144.023749	NA	NA	NA
1100699	102.475	64.025	NA	NA	144.016026	NA	NA	NA
1100700	102.525	64.025	NA	NA	145.57461	NA	NA	NA
1100709	102.975	64.025	NA	NA	143.879343	NA	NA	NA
1100710	103.025	64.025	NA	NA	143.860297	NA	NA	NA
1100711	103.075	64.025	NA	NA	143.80496	NA	NA	NA
1100837	109.375	64.025	NA	NA	154.171258	NA	NA	NA
1101118	123.425	64.025	NA	NA	150.856242	NA	NA	NA
1101119	123.475	64.025	125.814421	141.083457	150.859064	25.044644	9.775607	NA
1101120	123.525	64.025	NA	NA	150.861424	NA	NA	NA
1101121	123.575	64.025	125.898554	137.618939	150.872228	24.973674	13.253289	NA
1101122	123.625	64.025	125.294168	135.297906	138.352053	13.057886	3.054148	NA
1101136	124.325	64.025	NA	NA	150.809029	NA	NA	NA
1101137	124.375	64.025	NA	NA	150.817213	NA	NA	NA
1101138	124.425	64.025	NA	NA	150.794159	NA	NA	NA
1101139	124.475	64.025	124.046362	138.252059	150.802767	26.756405	12.550708	NA
1101140	124.525	64.025	NA	NA	150.80628	NA	NA	NA
1101141	124.575	64.025	125.59999	142.777079	150.81665	25.216661	8.039571	NA
1101142	124.625	64.025	124.823191	139.248374	150.820053	25.996862	11.571679	NA
1101170	126.025	64.025	NA	NA	151.3363	NA	NA	NA
1101171	126.075	64.025	125.290685	139.885067	151.391974	26.10129	11.506908	NA
1101192	127.125	64.025	NA	NA	153.84461	NA	NA	NA
1101193	127.175	64.025	133.989362	151.234734	153.816408	19.827046	2.581674	NA
1101194	127.225	64.025	NA	NA	141.515699	NA	NA	NA
1101735	154.275	64.025	NA	NA	142.385104	NA	NA	NA
1101736	154.325	64.025	127.934626	130.188062	155.753108	27.818481	25.565045	NA
1101737	154.375	64.025	NA	NA	155.757529	NA	NA	NA
1101990	-158.975	63.975	134.692658	124.297312	145.658471	10.965813	21.361159	NA
1101991	-158.925	63.975	135.576463	131.226405	150.3182	14.741737	19.091795	NA
1101992	-158.875	63.975	135.254946	123.181516	150.314927	15.059981	27.133411	NA
1107082	95.625	63.975	132.059262	123.955063	144.723739	12.664477	20.768676	NA
1107083	95.675	63.975	130.607831	123.507734	151.937806	21.329974	28.430072	NA
1107084	95.725	63.975	NA	NA	151.921578	NA	NA	NA
1107132	98.125	63.975	NA	NA	150.774427	NA	NA	NA
1107133	98.175	63.975	NA	NA	150.761915	NA	NA	NA
1107231	103.075	63.975	NA	NA	143.799765	NA	NA	NA
1107232	103.125	63.975	NA	NA	143.772618	NA	NA	NA
1107357	109.375	63.975	NA	NA	154.133215	NA	NA	NA
1107358	109.425	63.975	NA	NA	154.130498	NA	NA	NA
1107359	109.475	63.975	NA	NA	146.770853	NA	NA	NA
1107635	123.275	63.975	NA	NA	150.855035	NA	NA	NA
1107636	123.325	63.975	NA	NA	150.867934	NA	NA	NA
1107637	123.375	63.975	NA	NA	150.880781	NA	NA	NA
1107638	123.425	63.975	124.768233	140.82908	138.747595	13.979362	-2.081484	NA
1107662	124.625	63.975	127.321126	143.836944	150.84959	23.528464	7.012646	NA
1107663	124.675	63.975	NA	NA	150.872603	NA	NA	NA
1107664	124.725	63.975	125.09046	133.39076	150.881878	25.791418	17.491118	NA
1107665	124.775	63.975	NA	NA	150.887033	NA	NA	NA
1107666	124.825	63.975	124.304196	141.819892	150.859621	26.555425	9.039729	NA
1107667	124.875	63.975	NA	NA	140.558181	NA	NA	NA
1107688	125.925	63.975	125.751341	143.048596	151.273059	25.521718	8.224463	NA
1107689	125.975	63.975	124.699341	142.388781	151.321493	26.622152	8.932712	NA
1107690	126.025	63.975	126.605481	142.057999	133.446954	6.841472	-8.611045	NA
1107714	127.225	63.975	133.390456	149.847927	153.821778	20.431321	3.973851	NA
1107715	127.275	63.975	133.885246	150.56207	153.77952	19.894274	3.21745	NA
1107716	127.325	63.975	132.75014	149.523836	153.769288	21.019148	4.245452	NA
1108252	154.125	63.975	NA	NA	156.11999	NA	NA	NA
1108253	154.175	63.975	NA	NA	156.12262	NA	NA	NA
1108254	154.225	63.975	NA	NA	155.732952	NA	NA	NA
1108255	154.275	63.975	NA	NA	155.748481	NA	NA	NA
1108507	-159.125	63.925	NA	NA	141.496334	NA	NA	NA
1108508	-159.075	63.925	NA	NA	136.159954	NA	NA	NA
1108509	-159.025	63.925	135.529199	126.763925	150.334091	14.804891	23.570166	NA
1108510	-158.975	63.925	136.895328	127.948595	150.322421	13.427093	22.373826	NA
1113604	95.725	63.925	132.782109	124.268629	149.994796	17.212687	25.726167	NA
1113605	95.775	63.925	131.895225	123.991083	151.917014	20.021789	27.925931	NA
1113606	95.825	63.925	131.315233	124.017882	151.904002	20.588768	27.886119	NA
1113607	95.875	63.925	132.000791	123.795231	151.899447	19.898656	28.104216	NA
1113648	97.925	63.925	133.24799	124.933128	150.813992	17.566002	25.880864	NA
1113649	97.975	63.925	NA	NA	150.798097	NA	NA	NA
1113650	98.025	63.925	NA	NA	150.790822	NA	NA	NA
1113651	98.075	63.925	NA	NA	150.77805	NA	NA	NA
1113652	98.125	63.925	NA	NA	150.275121	NA	NA	NA
1113752	103.125	63.925	NA	NA	143.753861	NA	NA	NA
1113753	103.175	63.925	NA	NA	143.717454	NA	NA	NA
1113754	103.225	63.925	NA	NA	143.71083	NA	NA	NA
1113755	103.275	63.925	NA	NA	143.697473	NA	NA	NA
1113879	109.475	63.925	NA	NA	146.965474	NA	NA	NA
1114145	122.775	63.925	125.511412	142.078825	150.800376	25.288964	8.721552	NA
1114146	122.825	63.925	127.143996	140.516277	150.807896	23.6639	10.291619	NA
1114147	122.875	63.925	124.748825	139.001005	150.809513	26.060688	11.808508	NA
1114148	122.925	63.925	124.969682	137.49585	150.821848	25.852166	13.325998	NA
1114149	122.975	63.925	124.529626	139.758984	141.925627	17.396001	2.166643	NA
1114150	123.025	63.925	NA	NA	141.994171	NA	NA	NA
1114151	123.075	63.925	127.044189	141.701027	139.637457	12.593268	-2.06357	NA
1114152	123.125	63.925	129.116073	143.795498	150.855522	21.739449	7.060024	NA
1114153	123.175	63.925	125.515401	143.235038	150.834261	25.31886	7.599223	NA
1114154	123.225	63.925	124.165465	142.761402	150.847282	26.681816	8.08588	NA
1114155	123.275	63.925	NA	NA	141.184071	NA	NA	NA
1114187	124.875	63.925	123.712761	141.78018	150.860074	27.147313	9.079894	NA
1114188	124.925	63.925	124.225676	130.914987	150.873315	26.64764	19.958328	NA
1114189	124.975	63.925	125.208509	138.414695	150.887723	25.679215	12.473028	NA
1114190	125.025	63.925	123.330446	141.422834	150.898333	27.567888	9.475499	NA
1114191	125.075	63.925	NA	NA	150.926734	NA	NA	NA
1114200	125.525	63.925	127.289729	140.706655	151.143382	23.853653	10.436727	NA
1114201	125.575	63.925	126.394718	143.265112	151.150739	24.756021	7.885627	NA
1114202	125.625	63.925	125.584784	140.408758	151.171552	25.586768	10.762794	NA
1114203	125.675	63.925	125.048332	138.087705	151.156546	26.108213	13.06884	NA
1114204	125.725	63.925	124.297381	135.064574	151.1665	26.869119	16.101926	NA
1114205	125.775	63.925	126.007441	142.381886	151.192627	25.185187	8.810741	NA
1114206	125.825	63.925	127.716447	144.141348	151.21713	23.500683	7.075782	NA
1114207	125.875	63.925	126.271949	142.111053	151.260484	24.988535	9.149431	NA
1114208	125.925	63.925	NA	NA	132.166801	NA	NA	NA
1114236	127.325	63.925	NA	NA	135.145903	NA	NA	NA
1114237	127.375	63.925	129.85956	147.011887	131.567616	1.708056	-15.444271	NA
1114238	127.425	63.925	132.709331	148.941387	153.754532	21.045201	4.813145	NA
1114239	127.475	63.925	126.512882	143.288772	131.528469	5.015587	-11.760303	NA
1114769	153.975	63.925	NA	NA	156.149281	NA	NA	NA
1114770	154.025	63.925	NA	NA	156.150838	NA	NA	NA
1114771	154.075	63.925	NA	NA	156.154859	NA	NA	NA
1114772	154.125	63.925	NA	NA	147.815052	NA	NA	NA
1115026	-159.175	63.875	137.011734	132.928052	150.356862	13.345128	17.42881	NA
1115027	-159.125	63.875	NA	NA	150.351372	NA	NA	NA
1120127	95.875	63.875	132.000791	123.795231	146.730514	14.729723	22.935283	NA
1120128	95.925	63.875	132.166733	123.930502	151.896512	19.72978	27.96601	NA
1120129	95.975	63.875	NA	NA	151.880711	NA	NA	NA
1120130	96.025	63.875	130.503082	123.432581	151.867112	21.364031	28.434531	NA
1120131	96.075	63.875	131.892225	123.678005	151.859772	19.967547	28.181767	NA
1120132	96.125	63.875	132.207501	123.88758	151.850139	19.642638	27.96256	NA
1120133	96.175	63.875	132.314751	124.187157	151.844632	19.529881	27.657474	NA
1120134	96.225	63.875	132.181216	123.717919	151.819431	19.638216	28.101513	NA
1120135	96.275	63.875	NA	NA	151.814722	NA	NA	NA
1120136	96.325	63.875	NA	NA	151.808427	NA	NA	NA
1120137	96.375	63.875	132.167085	124.281428	151.799022	19.631936	27.517594	NA
1120166	97.825	63.875	129.309156	123.304706	152.339138	23.029983	29.034433	NA
1120167	97.875	63.875	132.054263	124.309085	150.819219	18.764955	26.510134	NA
1120168	97.925	63.875	132.987933	124.873204	142.894807	9.906875	18.021604	NA
1120275	103.275	63.875	NA	NA	138.68046	NA	NA	NA
1120276	103.325	63.875	NA	NA	143.692066	NA	NA	NA
1120277	103.375	63.875	NA	NA	143.676323	NA	NA	NA
1120399	109.475	63.875	NA	NA	154.14394	NA	NA	NA
1120400	109.525	63.875	NA	NA	154.156151	NA	NA	NA
1120401	109.575	63.875	NA	NA	154.173831	NA	NA	NA
1120646	121.825	63.875	124.912185	139.790332	150.685448	25.773263	10.895116	NA
1120647	121.875	63.875	NA	NA	150.690852	NA	NA	NA
1120648	121.925	63.875	NA	NA	150.701062	NA	NA	NA
1120649	121.975	63.875	NA	NA	150.704889	NA	NA	NA
1120650	122.025	63.875	NA	NA	150.713646	NA	NA	NA
1120651	122.075	63.875	128.171187	142.974329	150.716165	22.544978	7.741837	NA
1120652	122.125	63.875	126.556513	140.540638	150.720695	24.164181	10.180057	NA
1120653	122.175	63.875	NA	NA	150.731311	NA	NA	NA
1120654	122.225	63.875	125.93993	140.687885	150.73975	24.79982	10.051865	NA
1120655	122.275	63.875	124.704075	138.486865	150.747954	26.043879	12.261089	NA
1120656	122.325	63.875	NA	NA	150.755787	NA	NA	NA
1120657	122.375	63.875	126.593528	143.037664	150.754512	24.160983	7.716848	NA
1120658	122.425	63.875	127.445802	143.561798	150.770562	23.324759	7.208764	NA
1120659	122.475	63.875	NA	NA	150.780928	NA	NA	NA
1120660	122.525	63.875	123.800809	138.56967	137.681743	13.880934	-0.887927	NA
1120661	122.575	63.875	124.043674	137.876631	150.798417	26.754743	12.921786	NA
1120662	122.625	63.875	126.285908	140.776722	150.807122	24.521214	10.030399	NA
1120663	122.675	63.875	126.085647	140.684505	150.786026	24.700378	10.101521	NA
1120664	122.725	63.875	129.354894	144.763402	137.364937	8.010043	-7.398466	NA
1120665	122.775	63.875	125.511412	142.078825	139.909452	14.398039	-2.169373	NA
1120711	125.075	63.875	NA	NA	140.6363	NA	NA	NA
1120712	125.125	63.875	124.45873	136.691457	150.943086	26.484356	14.251629	NA
1120713	125.175	63.875	126.775353	143.423349	150.976732	24.20138	7.553383	NA
1120714	125.225	63.875	127.185558	144.769484	150.995523	23.809965	6.226039	NA
1120715	125.275	63.875	127.354952	144.402324	151.014027	23.659074	6.611702	NA
1120716	125.325	63.875	124.572962	143.375501	151.030284	26.457323	7.654783	NA
1120717	125.375	63.875	125.128582	143.293778	151.056213	25.927631	7.762435	NA
1120718	125.425	63.875	NA	NA	132.702692	NA	NA	NA
1120719	125.475	63.875	126.484619	137.988554	151.131562	24.646943	13.143008	NA
1120720	125.525	63.875	127.289729	140.706655	132.405769	5.11604	-8.300886	NA
1120759	127.475	63.875	127.174233	144.015813	153.723721	26.549488	9.707908	NA
1120760	127.525	63.875	131.631839	148.561672	153.693676	22.061837	5.132004	NA
1120761	127.575	63.875	133.418971	150.240334	153.689123	20.270152	3.448789	NA
1120762	127.625	63.875	132.933317	149.35187	153.682662	20.749346	4.330793	NA
1120763	127.675	63.875	131.077938	147.274722	153.677752	22.599813	6.40303	NA
1120764	127.725	63.875	130.100325	147.030973	153.66532	23.564995	6.634347	NA
1121280	153.525	63.875	NA	NA	147.640408	NA	NA	NA
1121281	153.575	63.875	NA	NA	156.097658	NA	NA	NA
1121282	153.625	63.875	NA	NA	156.09773	NA	NA	NA
1121283	153.675	63.875	NA	NA	156.107483	NA	NA	NA
1121284	153.725	63.875	126.549691	129.157573	156.111727	29.562036	26.954154	NA
1121285	153.775	63.875	NA	NA	156.117773	NA	NA	NA
1121286	153.825	63.875	NA	NA	156.120809	NA	NA	NA
1121287	153.875	63.875	NA	NA	156.134998	NA	NA	NA
1121288	153.925	63.875	NA	NA	143.569317	NA	NA	NA
1121289	153.975	63.875	NA	NA	143.463864	NA	NA	NA
1121545	-159.225	63.825	135.26928	124.795007	150.361645	15.092365	25.566638	NA
1121546	-159.175	63.825	NA	NA	141.79091	NA	NA	NA
1126657	96.375	63.825	132.106305	124.365499	143.74898	11.642674	19.38348	NA
1126658	96.425	63.825	132.526338	124.676932	151.794817	19.268479	27.117885	NA
1126666	96.825	63.825	133.167818	123.839844	151.84037	18.672553	28.000526	NA
1126667	96.875	63.825	133.868993	124.291587	151.825334	17.956341	27.533746	NA
1126668	96.925	63.825	133.037904	124.119539	151.819222	18.781317	27.699682	NA
1126669	96.975	63.825	NA	NA	151.81228	NA	NA	NA
1126670	97.025	63.825	129.727972	123.007478	151.805584	22.077612	28.798106	NA
1126671	97.075	63.825	NA	NA	151.79463	NA	NA	NA
1126672	97.125	63.825	NA	NA	151.783416	NA	NA	NA
1126673	97.175	63.825	130.486911	123.318742	151.754602	21.26769	28.43586	NA
1126674	97.225	63.825	131.442903	123.505177	151.749542	20.306639	28.244365	NA
1126675	97.275	63.825	NA	NA	151.743663	NA	NA	NA
1126676	97.325	63.825	131.644272	123.939353	151.780948	20.136676	27.841596	NA
1126687	97.875	63.825	NA	NA	152.343473	NA	NA	NA
1126688	97.925	63.825	132.137509	124.368776	152.348671	20.211162	27.979895	NA
1126689	97.975	63.825	132.417756	124.334969	152.35227	19.934515	28.017301	NA
1126690	98.025	63.825	132.279438	124.359519	152.364697	20.085259	28.005178	NA
1126797	103.375	63.825	NA	NA	141.570434	NA	NA	NA
1126798	103.425	63.825	NA	NA	143.664346	NA	NA	NA
1126799	103.475	63.825	NA	NA	143.622855	NA	NA	NA
1126800	103.525	63.825	NA	NA	143.614326	NA	NA	NA
1126801	103.575	63.825	NA	NA	143.605319	NA	NA	NA
1126919	109.475	63.825	NA	NA	154.126802	NA	NA	NA
1126920	109.525	63.825	NA	NA	154.111705	NA	NA	NA
1126921	109.575	63.825	NA	NA	154.099872	NA	NA	NA
1127164	121.725	63.825	123.941811	130.067719	150.679849	26.738038	20.61213	NA
1127165	121.775	63.825	125.591513	140.661808	150.677899	25.086386	10.016091	NA
1127166	121.825	63.825	NA	NA	136.231419	NA	NA	NA
1127284	127.725	63.825	135.028203	150.689527	131.100506	-3.927697	-19.589021	NA
1127285	127.775	63.825	130.844134	147.273008	153.660026	22.815892	6.387018	NA
1127798	153.425	63.825	NA	NA	146.107132	NA	NA	NA
1127799	153.475	63.825	NA	NA	146.099312	NA	NA	NA
1127800	153.525	63.825	NA	NA	156.096251	NA	NA	NA
1128063	-159.325	63.775	135.991085	127.606721	150.361183	14.370097	22.754461	NA
1128064	-159.275	63.775	135.72027	128.251825	150.356052	14.635782	22.104228	NA
1128065	-159.225	63.775	134.718911	123.252353	150.354162	15.635251	27.101809	NA
1133178	96.425	63.775	132.394677	123.981868	145.647368	13.252691	21.6655	NA
1133179	96.475	63.775	132.70617	124.204247	151.782094	19.075923	27.577847	NA
1133180	96.525	63.775	132.128582	123.317647	151.89861	19.770027	28.580963	NA
1133181	96.575	63.775	NA	NA	151.893855	NA	NA	NA
1133182	96.625	63.775	131.605682	123.935652	151.88525	20.279567	27.949598	NA
1133183	96.675	63.775	131.38312	124.035937	151.877587	20.494466	27.84165	NA
1133184	96.725	63.775	133.917336	123.519543	151.869896	17.95256	28.350353	NA
1133185	96.775	63.775	132.699166	123.9726	148.082824	15.383658	24.110224	NA
1133186	96.825	63.775	131.609288	123.915339	149.231309	17.622021	25.315969	NA
1133196	97.325	63.775	131.644272	123.939353	148.354834	16.710562	24.415482	NA
1133197	97.375	63.775	131.936871	124.131545	151.775451	19.83858	27.643906	NA
1133198	97.425	63.775	132.051417	124.411144	151.76325	19.711833	27.352106	NA
1133199	97.475	63.775	132.678107	124.81406	151.757599	19.079492	26.943539	NA
1133200	97.525	63.775	NA	NA	151.743448	NA	NA	NA
1133201	97.575	63.775	NA	NA	151.734553	NA	NA	NA
1133202	97.625	63.775	132.487194	124.894917	151.726831	19.239636	26.831913	NA
1133203	97.675	63.775	132.553978	125.0047	151.719	19.165022	26.714299	NA
1133204	97.725	63.775	132.115247	124.523476	151.714201	19.598954	27.190725	NA
1133210	98.025	63.775	132.366573	124.117522	152.369159	20.002586	28.251638	NA
1133321	103.575	63.775	NA	NA	142.581032	NA	NA	NA
1133322	103.625	63.775	NA	NA	143.596534	NA	NA	NA
1133323	103.675	63.775	NA	NA	139.44557	NA	NA	NA
1133324	103.725	63.775	NA	NA	143.530413	NA	NA	NA
1133325	103.775	63.775	NA	NA	143.508864	NA	NA	NA
1133439	109.475	63.775	NA	NA	154.140169	NA	NA	NA
1133671	121.075	63.775	NA	NA	150.649742	NA	NA	NA
1133672	121.125	63.775	NA	NA	150.6536	NA	NA	NA
1133673	121.175	63.775	NA	NA	150.661418	NA	NA	NA
1133674	121.225	63.775	126.519099	136.686567	150.667456	24.148357	13.980888	NA
1133675	121.275	63.775	124.997035	134.671212	150.677667	25.680631	16.006454	NA
1133676	121.325	63.775	127.324341	140.59111	150.680355	23.356014	10.089245	NA
1133677	121.375	63.775	NA	NA	150.685689	NA	NA	NA
1133678	121.425	63.775	124.573986	139.220537	150.692108	26.118122	11.471571	NA
1133679	121.475	63.775	124.549314	138.425766	150.689689	26.140375	12.263923	NA
1133680	121.525	63.775	124.53634	132.437247	150.631615	26.095276	18.194368	NA
1133681	121.575	63.775	125.239022	139.48887	150.639781	25.400758	11.15091	NA
1133682	121.625	63.775	126.862578	141.731635	150.641346	23.778768	8.909711	NA
1133683	121.675	63.775	126.069128	134.9875	150.673658	24.604531	15.686158	NA
1133684	121.725	63.775	123.801334	129.250694	138.481897	14.680563	9.231203	NA
1133805	127.775	63.775	NA	NA	130.80094	NA	NA	NA
1133806	127.825	63.775	130.558034	146.791195	153.639701	23.081667	6.848506	NA
1133807	127.875	63.775	129.979944	145.949915	153.608177	23.628233	7.658262	NA
1134317	153.375	63.775	NA	NA	146.449735	NA	NA	NA
1134318	153.425	63.775	NA	NA	156.113166	NA	NA	NA
1134583	-159.325	63.725	136.048394	130.468309	136.42486	0.376466	5.956551	NA
1139724	97.725	63.725	132.115247	124.523476	151.709186	19.593938	27.185709	NA
1139725	97.775	63.725	132.093129	124.058659	151.697966	19.604837	27.639307	NA
1139726	97.825	63.725	NA	NA	151.691296	NA	NA	NA
1139727	97.875	63.725	NA	NA	151.685766	NA	NA	NA
1139728	97.925	63.725	NA	NA	151.677751	NA	NA	NA
1139729	97.975	63.725	132.229096	123.701798	151.671376	19.442281	27.969579	NA
1139730	98.025	63.725	132.392722	123.794566	151.662576	19.269854	27.86801	NA
1139844	103.725	63.725	NA	NA	143.384088	NA	NA	NA
1139845	103.775	63.725	NA	NA	143.431371	NA	NA	NA
1139955	109.275	63.725	124.486786	136.201065	146.548514	22.061728	10.347449	NA
1139956	109.325	63.725	124.169726	138.249268	154.092386	29.92266	15.843118	NA
1139957	109.375	63.725	NA	NA	154.090374	NA	NA	NA
1139958	109.425	63.725	NA	NA	154.082751	NA	NA	NA
1139959	109.475	63.725	NA	NA	154.137026	NA	NA	NA
1140187	120.875	63.725	125.994396	140.550251	150.8309	24.836504	10.280649	NA
1140188	120.925	63.725	124.534213	138.45886	150.792065	26.257852	12.333205	NA
1140189	120.975	63.725	125.368567	138.399434	150.798896	25.430329	12.399463	NA
1140190	121.025	63.725	NA	NA	150.814765	NA	NA	NA
1140191	121.075	63.725	NA	NA	150.646101	NA	NA	NA
1140327	127.875	63.725	130.657394	146.447259	130.671849	0.014454	-15.77541	NA
1140328	127.925	63.725	133.493161	147.797297	130.736938	-2.756223	-17.060359	NA
1140329	127.975	63.725	129.11889	145.432802	153.60717	24.48828	8.174368	NA
1140330	128.025	63.725	129.213654	145.870545	153.598196	24.384542	7.72765	NA
1140836	153.325	63.725	NA	NA	144.058138	NA	NA	NA
1140837	153.375	63.725	NA	NA	156.112755	NA	NA	NA
1141102	-159.375	63.675	NA	NA	150.389464	NA	NA	NA
1141103	-159.325	63.675	NA	NA	140.064448	NA	NA	NA
1146364	103.725	63.675	NA	NA	143.378827	NA	NA	NA
1146365	103.775	63.675	NA	NA	143.351292	NA	NA	NA
1146366	103.825	63.675	NA	NA	140.29962	NA	NA	NA
1146473	109.175	63.675	NA	NA	154.151426	NA	NA	NA
1146474	109.225	63.675	NA	NA	154.122688	NA	NA	NA
1146475	109.275	63.675	NA	NA	154.117116	NA	NA	NA
1146706	120.825	63.675	126.84226	141.887359	150.826611	23.984351	8.939252	NA
1146707	120.875	63.675	127.787702	141.700871	135.285193	7.49749	-6.415679	NA
1146850	128.025	63.675	130.574623	147.098243	153.587863	23.013241	6.48962	NA
1146851	128.075	63.675	132.111826	146.525062	153.558988	21.447163	7.033926	NA
1147353	153.175	63.675	NA	NA	156.10112	NA	NA	NA
1147354	153.225	63.675	NA	NA	156.109784	NA	NA	NA
1147355	153.275	63.675	NA	NA	156.109486	NA	NA	NA
1147356	153.325	63.675	NA	NA	156.106691	NA	NA	NA
1147622	-159.375	63.625	136.695778	135.884052	150.407267	13.711489	14.523215	NA
1152886	103.825	63.625	NA	NA	143.33784	NA	NA	NA
1152887	103.875	63.625	NA	NA	143.304652	NA	NA	NA
1152890	104.025	63.625	NA	NA	143.243224	NA	NA	NA
1152891	104.075	63.625	NA	NA	143.222243	NA	NA	NA
1152892	104.125	63.625	NA	NA	143.213357	NA	NA	NA
1152893	104.175	63.625	NA	NA	143.203347	NA	NA	NA
1152993	109.175	63.625	NA	NA	154.156393	NA	NA	NA
1152994	109.225	63.625	NA	NA	154.16113	NA	NA	NA
1152995	109.275	63.625	NA	NA	154.168348	NA	NA	NA
1152996	109.325	63.625	NA	NA	154.171645	NA	NA	NA
1153219	120.475	63.625	126.937953	141.017356	150.770261	23.832308	9.752905	NA
1153220	120.525	63.625	126.101015	139.061302	150.776079	24.675064	11.714777	NA
1153221	120.575	63.625	NA	NA	150.785906	NA	NA	NA
1153222	120.625	63.625	NA	NA	150.790846	NA	NA	NA
1153223	120.675	63.625	129.064461	144.833311	150.797783	21.733322	5.964472	NA
1153224	120.725	63.625	NA	NA	150.806388	NA	NA	NA
1153225	120.775	63.625	127.949886	142.919172	150.818759	22.868872	7.899586	NA
1153226	120.825	63.625	NA	NA	137.206236	NA	NA	NA
1153371	128.075	63.625	NA	NA	131.410848	NA	NA	NA
1153372	128.125	63.625	128.066359	144.251522	153.544142	25.477784	9.292621	NA
1153872	153.125	63.625	NA	NA	156.093724	NA	NA	NA
1153873	153.175	63.625	NA	NA	156.110997	NA	NA	NA
1154141	-159.425	63.575	137.192189	134.421167	150.420397	13.228208	15.99923	NA
1154142	-159.375	63.575	NA	NA	141.091737	NA	NA	NA
1159406	103.825	63.575	NA	NA	143.293846	NA	NA	NA
1159407	103.875	63.575	NA	NA	143.267757	NA	NA	NA
1159408	103.925	63.575	NA	NA	143.262024	NA	NA	NA
1159409	103.975	63.575	NA	NA	143.253648	NA	NA	NA
1159410	104.025	63.575	NA	NA	143.230075	NA	NA	NA
1159413	104.175	63.575	NA	NA	139.276069	NA	NA	NA
1159414	104.225	63.575	NA	NA	143.194377	NA	NA	NA
1159416	104.325	63.575	NA	NA	143.133952	NA	NA	NA
1159417	104.375	63.575	NA	NA	143.111534	NA	NA	NA
1159418	104.425	63.575	NA	NA	143.103853	NA	NA	NA
1159463	106.675	63.575	NA	NA	141.589326	NA	NA	NA
1159464	106.725	63.575	NA	NA	141.570577	NA	NA	NA
1159465	106.775	63.575	NA	NA	141.563921	NA	NA	NA
1159466	106.825	63.575	NA	NA	141.554906	NA	NA	NA
1159516	109.325	63.575	NA	NA	145.63332	NA	NA	NA
1159517	109.375	63.575	NA	NA	154.187746	NA	NA	NA
1159724	119.725	63.575	NA	NA	150.753161	NA	NA	NA
1159725	119.775	63.575	128.182551	141.10876	150.76234	22.579789	9.653579	NA
1159726	119.825	63.575	125.847463	136.940628	150.770921	24.923458	13.830292	NA
1159727	119.875	63.575	124.552013	137.326922	150.623611	26.071598	13.296689	NA
1159728	119.925	63.575	126.302862	138.492538	150.637897	24.335035	12.145359	NA
1159729	119.975	63.575	124.857905	136.563808	150.646878	25.788972	14.08307	NA
1159730	120.025	63.575	124.367298	137.306099	150.654054	26.286756	13.347955	NA
1159731	120.075	63.575	124.318704	135.460679	150.674575	26.355871	15.213896	NA
1159732	120.125	63.575	NA	NA	134.367547	NA	NA	NA
1159739	120.475	63.575	125.085878	140.337583	150.776428	25.69055	10.438846	NA
1159892	128.125	63.575	128.036012	144.738213	153.50342	25.467408	8.765207	NA
1159893	128.175	63.575	129.725447	145.953159	153.478608	23.753161	7.525449	NA
1159894	128.225	63.575	127.848042	144.694184	153.46761	25.619568	8.773426	NA
1159908	128.925	63.575	NA	NA	153.318837	NA	NA	NA
1159909	128.975	63.575	128.422709	144.154304	153.302008	24.879299	9.147704	NA
1159910	129.025	63.575	124.756482	140.283943	153.295536	28.539054	13.011593	NA
1159911	129.075	63.575	123.796031	138.619688	153.291452	29.49542	14.671764	NA
1159912	129.125	63.575	NA	NA	131.358449	NA	NA	NA
1160391	153.075	63.575	NA	NA	156.098096	NA	NA	NA
1160392	153.125	63.575	NA	NA	156.084663	NA	NA	NA
1160660	-159.475	63.525	136.013935	134.340957	150.440134	14.426199	16.099177	NA
1160661	-159.425	63.525	136.382406	132.304175	140.110945	3.728539	7.806769	NA
1165934	104.225	63.525	NA	NA	141.174113	NA	NA	NA
1165935	104.275	63.525	NA	NA	143.161177	NA	NA	NA
1165936	104.325	63.525	NA	NA	143.141911	NA	NA	NA
1165938	104.425	63.525	NA	NA	139.628638	NA	NA	NA
1165939	104.475	63.525	NA	NA	143.094735	NA	NA	NA
1165940	104.525	63.525	NA	NA	143.060487	NA	NA	NA
1165941	104.575	63.525	NA	NA	143.049815	NA	NA	NA
1165942	104.625	63.525	NA	NA	143.041673	NA	NA	NA
1165943	104.675	63.525	NA	NA	142.255398	NA	NA	NA
1165944	104.725	63.525	NA	NA	138.877424	NA	NA	NA
1165945	104.775	63.525	NA	NA	143.023031	NA	NA	NA
1165946	104.825	63.525	NA	NA	143.00653	NA	NA	NA
1165947	104.875	63.525	NA	NA	142.993378	NA	NA	NA
1165948	104.925	63.525	NA	NA	142.980197	NA	NA	NA
1165949	104.975	63.525	NA	NA	142.970568	NA	NA	NA
1165971	106.075	63.525	NA	NA	141.839499	NA	NA	NA
1165972	106.125	63.525	NA	NA	141.823211	NA	NA	NA
1165973	106.175	63.525	NA	NA	141.815724	NA	NA	NA
1165974	106.225	63.525	NA	NA	141.805664	NA	NA	NA
1165978	106.425	63.525	NA	NA	141.674314	NA	NA	NA
1165979	106.475	63.525	NA	NA	141.646151	NA	NA	NA
1165980	106.525	63.525	NA	NA	141.629137	NA	NA	NA
1165981	106.575	63.525	NA	NA	141.61805	NA	NA	NA
1165982	106.625	63.525	NA	NA	141.601896	NA	NA	NA
1165983	106.675	63.525	NA	NA	139.302969	NA	NA	NA
1165984	106.725	63.525	NA	NA	138.844669	NA	NA	NA
1165985	106.775	63.525	NA	NA	139.508276	NA	NA	NA
1165986	106.825	63.525	NA	NA	138.814854	NA	NA	NA
1165987	106.875	63.525	NA	NA	141.548292	NA	NA	NA
1166037	109.375	63.525	NA	NA	154.188833	NA	NA	NA
1166038	109.425	63.525	NA	NA	154.20095	NA	NA	NA
1166039	109.475	63.525	NA	NA	145.850185	NA	NA	NA
1166234	119.225	63.525	127.775239	140.591834	135.916067	8.140828	-4.675767	NA
1166235	119.275	63.525	124.472237	131.267293	136.618852	12.146615	5.351559	NA
1166236	119.325	63.525	NA	NA	136.664829	NA	NA	NA
1166237	119.375	63.525	NA	NA	137.479565	NA	NA	NA
1166238	119.425	63.525	123.983996	122.674464	137.268405	13.28441	14.593942	NA
1166239	119.475	63.525	125.85467	132.826075	133.617974	7.763304	0.791899	NA
1166240	119.525	63.525	124.861837	135.242511	133.960838	9.099001	-1.281673	NA
1166241	119.575	63.525	126.816568	139.465367	150.951535	24.134967	11.486168	NA
1166242	119.625	63.525	127.668248	139.574799	150.955316	23.287068	11.380517	NA
1166243	119.675	63.525	129.286017	144.106831	150.96665	21.680633	6.859819	NA
1166244	119.725	63.525	129.49192	144.138245	137.492352	8.000432	-6.645893	NA
1166252	120.125	63.525	124.374313	134.117086	150.681625	26.307312	16.564539	NA
1166253	120.175	63.525	124.092213	137.079694	150.691982	26.599768	13.612288	NA
1166254	120.225	63.525	126.877057	140.291576	150.714885	23.837828	10.423309	NA
1166255	120.275	63.525	127.20616	137.167278	135.03887	7.83271	-2.128408	NA
1166259	120.475	63.525	124.693162	139.336601	150.754032	26.06087	11.417431	NA
1166414	128.225	63.525	128.177209	143.267936	130.363873	2.186664	-12.904064	NA
1166415	128.275	63.525	131.036238	146.2656	153.456291	22.420052	7.190691	NA
1166416	128.325	63.525	132.273087	148.147536	132.583273	0.310186	-15.564263	NA
1166417	128.375	63.525	126.165655	143.208323	132.237177	6.071522	-10.971147	NA
1166418	128.425	63.525	126.372238	142.442781	132.186789	5.81455	-10.255993	NA
1166419	128.475	63.525	129.54289	145.82876	132.591151	3.048261	-13.237609	NA
1166420	128.525	63.525	132.807749	150.009384	131.398284	-1.409465	-18.6111	NA
1166421	128.575	63.525	132.863499	150.237205	153.327087	20.463588	3.089882	NA
1166422	128.625	63.525	133.489484	150.552377	153.283908	19.794425	2.731532	NA
1166423	128.675	63.525	133.886734	150.277491	153.277334	19.3906	2.999843	NA
1166424	128.725	63.525	133.150533	149.206497	153.343415	20.192882	4.136918	NA
1166425	128.775	63.525	132.742156	149.016083	153.333827	20.591671	4.317744	NA
1166426	128.825	63.525	129.0032	143.225911	153.328007	24.324807	10.102096	NA
1166427	128.875	63.525	131.45552	146.943064	153.325703	21.870183	6.382639	NA
1166428	128.925	63.525	133.627149	149.463279	130.575669	-3.051481	-18.887611	NA
1166432	129.125	63.525	124.85101	135.619334	153.283924	28.432914	17.664591	NA
1166433	129.175	63.525	126.31179	139.375246	153.253798	26.942008	13.878552	NA
1166434	129.225	63.525	125.776956	137.724291	153.239861	27.462905	15.51557	NA
1166435	129.275	63.525	131.805072	147.447502	153.232191	21.427119	5.784689	NA
1166909	152.975	63.525	NA	NA	156.093321	NA	NA	NA
1166910	153.025	63.525	NA	NA	143.822982	NA	NA	NA
1166911	153.075	63.525	NA	NA	149.216236	NA	NA	NA
1167180	-159.475	63.475	135.662732	126.72701	150.454719	14.791987	23.727708	NA
1172469	104.975	63.475	NA	NA	138.754543	NA	NA	NA
1172470	105.025	63.475	131.347873	123.260811	139.032467	7.684594	15.771656	NA
1172471	105.075	63.475	NA	NA	142.944242	NA	NA	NA
1172472	105.125	63.475	NA	NA	142.919507	NA	NA	NA
1172473	105.175	63.475	NA	NA	142.224516	NA	NA	NA
1172491	106.075	63.475	NA	NA	141.873467	NA	NA	NA
1172494	106.225	63.475	NA	NA	141.79752	NA	NA	NA
1172497	106.375	63.475	NA	NA	141.723352	NA	NA	NA
1172498	106.425	63.475	NA	NA	139.04213	NA	NA	NA
1172507	106.875	63.475	NA	NA	138.387869	NA	NA	NA
1172508	106.925	63.475	NA	NA	141.527943	NA	NA	NA
1172559	109.475	63.475	NA	NA	153.323034	NA	NA	NA
1172560	109.525	63.475	NA	NA	153.325369	NA	NA	NA
1172561	109.575	63.475	NA	NA	153.343894	NA	NA	NA
1172562	109.625	63.475	NA	NA	153.363601	NA	NA	NA
1172563	109.675	63.475	124.87287	135.428018	153.38728	28.51441	17.959261	NA
1172564	109.725	63.475	125.164918	136.173085	144.864235	19.699317	8.69115	NA
1172565	109.775	63.475	127.47827	141.139455	153.449613	25.971343	12.310157	NA
1172566	109.825	63.475	124.853049	138.86672	144.473634	19.620585	5.606913	NA
1172570	110.025	63.475	124.208892	139.08038	153.574719	29.365827	14.494339	NA
1172571	110.075	63.475	NA	NA	153.580999	NA	NA	NA
1172572	110.125	63.475	NA	NA	153.482687	NA	NA	NA
1172573	110.175	63.475	125.290457	139.293057	153.481428	28.190971	14.188371	NA
1172574	110.225	63.475	128.327997	142.456126	153.492933	25.164936	11.036807	NA
1172575	110.275	63.475	NA	NA	153.5013	NA	NA	NA
1172576	110.325	63.475	NA	NA	153.522989	NA	NA	NA
1172746	118.825	63.475	NA	NA	136.9175	NA	NA	NA
1172747	118.875	63.475	125.43721	134.950844	150.848205	25.410995	15.897361	NA
1172748	118.925	63.475	NA	NA	150.864905	NA	NA	NA
1172749	118.975	63.475	NA	NA	150.885518	NA	NA	NA
1172750	119.025	63.475	NA	NA	150.898822	NA	NA	NA
1172751	119.075	63.475	NA	NA	150.898992	NA	NA	NA
1172752	119.125	63.475	126.3052	136.555318	150.901736	24.596537	14.346418	NA
1172753	119.175	63.475	125.916546	133.722955	150.907377	24.990831	17.184422	NA
1172754	119.225	63.475	127.775239	140.591834	150.911979	23.136739	10.320145	NA
1172775	120.275	63.475	126.487384	137.817961	150.718112	24.230728	12.900152	NA
1172776	120.325	63.475	124.861712	139.222367	150.731744	25.870032	11.509377	NA
1172777	120.375	63.475	126.130691	140.815784	150.720249	24.589559	9.904465	NA
1172778	120.425	63.475	125.762098	139.906298	150.727437	24.965339	10.821139	NA
1172779	120.475	63.475	125.703759	140.378156	150.712303	25.008544	10.334147	NA
1172955	129.275	63.475	131.805072	147.447502	131.208167	-0.596904	-16.239335	NA
1172956	129.325	63.475	135.187286	148.902951	130.365849	-4.821437	-18.537102	NA
1172957	129.375	63.475	133.414695	148.105382	153.213672	19.798977	5.10829	NA
1172958	129.425	63.475	131.447272	147.129192	153.21128	21.764008	6.082088	NA
1172959	129.475	63.475	130.12309	146.361094	154.549999	24.426909	8.188905	NA
1172960	129.525	63.475	133.528936	148.349394	154.52801	20.999075	6.178616	NA
1172961	129.575	63.475	NA	NA	155.198895	NA	NA	NA
1173428	152.925	63.475	NA	NA	156.093744	NA	NA	NA
1173429	152.975	63.475	NA	NA	156.085146	NA	NA	NA
1173699	-159.525	63.425	136.728316	127.844537	150.449804	13.721488	22.605267	NA
1173700	-159.475	63.425	136.742643	127.355759	150.441265	13.698622	23.085506	NA
1178993	105.175	63.425	NA	NA	138.683756	NA	NA	NA
1178994	105.225	63.425	NA	NA	142.211637	NA	NA	NA
1179003	105.675	63.425	NA	NA	142.018962	NA	NA	NA
1179004	105.725	63.425	NA	NA	142.003509	NA	NA	NA
1179005	105.775	63.425	NA	NA	141.998489	NA	NA	NA
1179006	105.825	63.425	NA	NA	141.988485	NA	NA	NA
1179011	106.075	63.425	NA	NA	141.898885	NA	NA	NA
1179014	106.225	63.425	NA	NA	141.780151	NA	NA	NA
1179015	106.275	63.425	NA	NA	141.755935	NA	NA	NA
1179016	106.325	63.425	NA	NA	141.748564	NA	NA	NA
1179017	106.375	63.425	NA	NA	139.246709	NA	NA	NA
1179027	106.875	63.425	NA	NA	141.431509	NA	NA	NA
1179028	106.925	63.425	NA	NA	141.438735	NA	NA	NA
1179029	106.975	63.425	NA	NA	141.462912	NA	NA	NA
1179086	109.825	63.425	NA	NA	153.459091	NA	NA	NA
1179087	109.875	63.425	NA	NA	153.480884	NA	NA	NA
1179088	109.925	63.425	128.26098	143.427989	153.49355	25.232569	10.065561	NA
1179089	109.975	63.425	125.670662	141.205186	153.563291	27.892629	12.358105	NA
1179090	110.025	63.425	NA	NA	145.698172	NA	NA	NA
1179096	110.325	63.425	125.21871	135.611598	153.596603	28.377893	17.985005	NA
1179097	110.375	63.425	NA	NA	146.870437	NA	NA	NA
1179266	118.825	63.425	NA	NA	150.167029	NA	NA	NA
1179267	118.875	63.425	NA	NA	132.001449	NA	NA	NA
1179478	129.425	63.425	132.348074	147.763404	152.085765	19.737691	4.322361	NA
1179479	129.475	63.425	130.301901	146.041377	131.666622	1.364721	-14.374754	NA
1179481	129.575	63.425	137.05818	151.186016	154.507668	17.449488	3.321651	NA
1179482	129.625	63.425	131.586328	145.780269	154.422573	22.836245	8.642304	NA
1179483	129.675	63.425	128.380407	142.198516	154.405528	26.025121	12.207012	NA
1179484	129.725	63.425	127.811481	138.856314	154.384006	26.572525	15.527693	NA
1179485	129.775	63.425	133.116352	148.953109	154.375665	21.259313	5.422556	NA
1179486	129.825	63.425	134.129768	150.493189	154.364822	20.235054	3.871633	NA
1179487	129.875	63.425	131.356377	147.421606	154.349239	22.992862	6.927633	NA
1179488	129.925	63.425	126.306064	142.28284	154.339183	28.033119	12.056343	NA
1179489	129.975	63.425	128.403171	144.616587	154.334097	25.930926	9.71751	NA
1179490	130.025	63.425	129.637197	145.394014	154.324341	24.687144	8.930326	NA
1179947	152.875	63.425	NA	NA	156.084603	NA	NA	NA
1179948	152.925	63.425	NA	NA	156.092214	NA	NA	NA
1180218	-159.575	63.375	135.81023	129.397711	150.45991	14.64968	21.062199	NA
1180219	-159.525	63.375	136.42413	127.510749	136.070269	-0.353862	8.559519	NA
1185514	105.225	63.375	NA	NA	142.177751	NA	NA	NA
1185515	105.275	63.375	NA	NA	142.157887	NA	NA	NA
1185516	105.325	63.375	NA	NA	142.15087	NA	NA	NA
1185522	105.625	63.375	NA	NA	142.06082	NA	NA	NA
1185523	105.675	63.375	NA	NA	142.034285	NA	NA	NA
1185526	105.825	63.375	NA	NA	139.473409	NA	NA	NA
1185527	105.875	63.375	NA	NA	141.980216	NA	NA	NA
1185528	105.925	63.375	NA	NA	141.953622	NA	NA	NA
1185529	105.975	63.375	NA	NA	141.940683	NA	NA	NA
1185530	106.025	63.375	NA	NA	141.906793	NA	NA	NA
1185531	106.075	63.375	NA	NA	138.903184	NA	NA	NA
1185532	106.125	63.375	NA	NA	138.89858	NA	NA	NA
1185533	106.175	63.375	NA	NA	138.740903	NA	NA	NA
1185545	106.775	63.375	NA	NA	141.385899	NA	NA	NA
1185546	106.825	63.375	NA	NA	141.394323	NA	NA	NA
1185547	106.875	63.375	NA	NA	141.420296	NA	NA	NA
1185617	110.375	63.375	125.48812	136.127415	153.544627	28.056507	17.417212	NA
1185618	110.425	63.375	NA	NA	153.596995	NA	NA	NA
1185787	118.875	63.375	NA	NA	150.141926	NA	NA	NA
1185788	118.925	63.375	125.414825	138.086107	150.10587	24.691045	12.019764	NA
1185999	129.475	63.375	NA	NA	152.018303	NA	NA	NA
1186000	129.525	63.375	128.843902	144.990257	132.923166	4.079264	-12.067091	NA
1186010	130.025	63.375	129.637197	145.394014	154.316137	24.67894	8.922122	NA
1186011	130.075	63.375	129.164515	145.1924	154.298305	25.13379	9.105905	NA
1186012	130.125	63.375	129.297547	145.770862	154.285543	24.987996	8.514681	NA
1186013	130.175	63.375	128.183773	144.083564	154.275597	26.091824	10.192033	NA
1186014	130.225	63.375	128.459041	144.418987	154.267777	25.808735	9.84879	NA
1186015	130.275	63.375	129.136653	144.730357	154.253901	25.117247	9.523543	NA
1186034	131.225	63.375	129.793487	144.922446	153.835657	24.042171	8.913211	NA
1186035	131.275	63.375	131.887888	146.639477	153.823865	21.935977	7.184388	NA
1186036	131.325	63.375	137.323663	150.627224	153.831877	16.508214	3.204653	NA
1186037	131.375	63.375	135.348889	149.631727	153.806331	18.457443	4.174604	NA
1186038	131.425	63.375	128.117727	141.865281	153.786542	25.668815	11.921262	NA
1186039	131.475	63.375	128.87264	144.04484	153.772283	24.899643	9.727443	NA
1186040	131.525	63.375	126.961519	142.175248	153.756755	26.795236	11.581507	NA
1186041	131.575	63.375	125.321348	139.928844	153.738714	28.417366	13.809871	NA
1186042	131.625	63.375	127.051079	141.716504	153.713355	26.662276	11.996851	NA
1186065	132.775	63.375	127.310091	142.000162	153.489733	26.179642	11.489571	NA
1186066	132.825	63.375	127.952991	144.226057	153.470091	25.5171	9.244034	NA
1186067	132.875	63.375	126.392479	143.392133	153.462095	27.069617	10.069963	NA
1186068	132.925	63.375	127.529765	143.964298	153.452776	25.923011	9.488478	NA
1186069	132.975	63.375	127.002065	142.001175	153.446988	26.444923	11.445813	NA
1186070	133.025	63.375	126.392628	141.581455	153.440357	27.047729	11.858903	NA
1186071	133.075	63.375	NA	NA	153.431207	NA	NA	NA
1186072	133.125	63.375	124.319758	137.577001	153.424204	29.104446	15.847203	NA
1186073	133.175	63.375	126.933289	139.580156	153.413786	26.480497	13.83363	NA
1186074	133.225	63.375	126.189699	138.58738	153.408355	27.218656	14.820975	NA
1186466	152.825	63.375	NA	NA	156.082245	NA	NA	NA
1186467	152.875	63.375	NA	NA	147.182133	NA	NA	NA
1186737	-159.625	63.325	136.238454	132.713965	150.465416	14.226962	17.751451	NA
1186738	-159.575	63.325	135.681733	128.550967	141.625848	5.944115	13.074881	NA
1192036	105.325	63.325	NA	NA	142.162349	NA	NA	NA
1192037	105.375	63.325	NA	NA	142.107319	NA	NA	NA
1192038	105.425	63.325	NA	NA	142.094349	NA	NA	NA
1192039	105.475	63.325	130.707453	123.516614	142.085022	11.377569	18.568408	NA
1192040	105.525	63.325	NA	NA	142.078744	NA	NA	NA
1192041	105.575	63.325	NA	NA	142.071772	NA	NA	NA
1192042	105.625	63.325	NA	NA	142.106747	NA	NA	NA
1192051	106.075	63.325	NA	NA	139.7094	NA	NA	NA
1192052	106.125	63.325	NA	NA	139.65665	NA	NA	NA
1192065	106.775	63.325	NA	NA	138.624211	NA	NA	NA
1192066	106.825	63.325	NA	NA	141.374227	NA	NA	NA
1192067	106.875	63.325	NA	NA	141.332025	NA	NA	NA
1192068	106.925	63.325	NA	NA	141.318302	NA	NA	NA
1192069	106.975	63.325	NA	NA	141.306863	NA	NA	NA
1192070	107.025	63.325	NA	NA	141.285538	NA	NA	NA
1192071	107.075	63.325	NA	NA	141.273558	NA	NA	NA
1192072	107.125	63.325	NA	NA	141.257638	NA	NA	NA
1192073	107.175	63.325	NA	NA	141.241121	NA	NA	NA
1192138	110.425	63.325	125.839304	139.458908	139.311719	13.472415	-0.147189	NA
1192302	118.625	63.325	NA	NA	134.600126	NA	NA	NA
1192303	118.675	63.325	124.630343	132.342709	135.550833	10.92049	3.208124	NA
1192304	118.725	63.325	126.0107	134.812989	150.085363	24.074662	15.272374	NA
1192305	118.775	63.325	124.561439	134.986391	150.088466	25.527026	15.102074	NA
1192306	118.825	63.325	NA	NA	150.09166	NA	NA	NA
1192307	118.875	63.325	NA	NA	150.099991	NA	NA	NA
1192520	129.525	63.325	130.007707	145.944916	152.009563	22.001856	6.064647	NA
1192521	129.575	63.325	130.221017	146.554148	151.979793	21.758776	5.425645	NA
1192535	130.275	63.325	129.151604	144.716872	154.240028	25.088424	9.523156	NA
1192536	130.325	63.325	125.64883	140.802801	154.215988	28.567158	13.413187	NA
1192537	130.375	63.325	124.665407	139.231831	154.19529	29.529883	14.963459	NA
1192538	130.425	63.325	126.471284	141.80069	154.203751	27.732467	12.40306	NA
1192539	130.475	63.325	129.629989	145.178545	154.18356	24.553571	9.005015	NA
1192540	130.525	63.325	132.651095	148.759286	154.166884	21.515788	5.407598	NA
1192541	130.575	63.325	132.847896	148.733751	154.142803	21.294908	5.409052	NA
1192542	130.625	63.325	132.067219	147.715905	154.121547	22.054328	6.405642	NA
1192543	130.675	63.325	131.092921	145.586353	154.112622	23.019701	8.526269	NA
1192544	130.725	63.325	125.630133	138.640416	154.088883	28.45875	15.448467	NA
1192545	130.775	63.325	124.634892	135.009464	131.247182	6.612291	-3.762281	NA
1192552	131.125	63.325	128.926946	144.484625	130.6595	1.732554	-13.825124	NA
1192553	131.175	63.325	127.553825	142.063177	153.870416	26.316591	11.807239	NA
1192554	131.225	63.325	130.064262	144.546351	153.843537	23.779275	9.297186	NA
1192562	131.625	63.325	127.051079	141.716504	131.747402	4.696323	-9.969102	NA
1192563	131.675	63.325	127.322122	142.759275	153.686627	26.364505	10.927352	NA
1192564	131.725	63.325	125.571987	136.675566	153.668387	28.0964	16.992822	NA
1192565	131.775	63.325	125.060431	131.122643	153.677933	28.617502	22.55529	NA
1192566	131.825	63.325	127.783679	141.802947	153.666897	25.883218	11.86395	NA
1192567	131.875	63.325	125.809853	139.286284	153.650254	27.840401	14.36397	NA
1192568	131.925	63.325	126.200144	139.746276	153.671766	27.471621	13.925489	NA
1192569	131.975	63.325	125.640252	136.702713	153.65188	28.011628	16.949166	NA
1192577	132.375	63.325	126.205017	140.364476	153.566931	27.361913	13.202454	NA
1192578	132.425	63.325	126.268592	139.48121	153.548511	27.279919	14.067301	NA
1192579	132.475	63.325	125.867564	140.134999	153.542921	27.675357	13.407923	NA
1192580	132.525	63.325	125.816544	139.724779	153.529911	27.713367	13.805132	NA
1192581	132.575	63.325	124.402965	136.776174	153.52652	29.123555	16.750346	NA
1192582	132.625	63.325	126.302072	140.252801	153.516422	27.214349	13.263621	NA
1192583	132.675	63.325	127.507537	142.498123	153.510085	26.002548	11.011962	NA
1192584	132.725	63.325	127.683984	142.507275	153.501702	25.817718	10.994427	NA
1192585	132.775	63.325	126.246722	140.478026	140.273144	14.026423	-0.204881	NA
1192594	133.225	63.325	125.48315	137.589611	153.386549	27.903399	15.796938	NA
1192981	152.575	63.325	NA	NA	156.098071	NA	NA	NA
1192982	152.625	63.325	127.309652	129.085031	156.098828	28.789176	27.013797	NA
1192983	152.675	63.325	127.47983	128.908523	156.101176	28.621346	27.192653	NA
1192984	152.725	63.325	NA	NA	156.0928	NA	NA	NA
1192985	152.775	63.325	NA	NA	156.104452	NA	NA	NA
1192986	152.825	63.325	NA	NA	146.902835	NA	NA	NA
1193256	-159.675	63.275	136.486655	131.987593	150.47426	13.987605	18.486667	NA
1193257	-159.625	63.275	137.610094	135.161857	150.468804	12.85871	15.306946	NA
1198593	107.175	63.275	NA	NA	141.233761	NA	NA	NA
1198594	107.225	63.275	NA	NA	141.28191	NA	NA	NA
1198595	107.275	63.275	NA	NA	141.262098	NA	NA	NA
1198596	107.325	63.275	NA	NA	141.246218	NA	NA	NA
1198597	107.375	63.275	NA	NA	141.237899	NA	NA	NA
1198598	107.425	63.275	NA	NA	141.228626	NA	NA	NA
1198658	110.425	63.275	129.435231	144.69208	153.686986	24.251755	8.994906	NA
1198807	117.875	63.275	NA	NA	137.196659	NA	NA	NA
1198808	117.925	63.275	NA	NA	140.447775	NA	NA	NA
1198809	117.975	63.275	NA	NA	140.381607	NA	NA	NA
1198810	118.025	63.275	NA	NA	139.814682	NA	NA	NA
1198811	118.075	63.275	NA	NA	150.062378	NA	NA	NA
1198812	118.125	63.275	NA	NA	136.999192	NA	NA	NA
1198813	118.175	63.275	NA	NA	136.755691	NA	NA	NA
1198814	118.225	63.275	NA	NA	136.159143	NA	NA	NA
1198815	118.275	63.275	124.175157	136.365769	150.034262	25.859105	13.668492	NA
1198816	118.325	63.275	123.890127	136.979238	150.031184	26.141057	13.051946	NA
1198817	118.375	63.275	NA	NA	150.039393	NA	NA	NA
1198818	118.425	63.275	NA	NA	150.052211	NA	NA	NA
1198819	118.475	63.275	NA	NA	150.063937	NA	NA	NA
1198820	118.525	63.275	NA	NA	150.077837	NA	NA	NA
1198821	118.575	63.275	NA	NA	150.089029	NA	NA	NA
1198822	118.625	63.275	NA	NA	150.098911	NA	NA	NA
1199041	129.575	63.275	127.325995	144.257818	132.728426	5.402432	-11.529392	NA
1199042	129.625	63.275	129.803594	146.042866	151.950388	22.146795	5.907522	NA
1199065	130.775	63.275	130.298427	146.021815	154.068601	23.770174	8.046787	NA
1199066	130.825	63.275	131.076917	146.629929	153.994603	22.917687	7.364674	NA
1199067	130.875	63.275	132.681797	148.549905	153.97688	21.295083	5.426975	NA
1199068	130.925	63.275	131.765665	147.863296	153.962479	22.196814	6.099183	NA
1199069	130.975	63.275	128.010229	144.54487	153.947499	25.937269	9.402628	NA
1199070	131.025	63.275	129.49017	146.090323	153.931713	24.441543	7.84139	NA
1199071	131.075	63.275	126.515975	135.183978	153.924173	27.408198	18.740195	NA
1199072	131.125	63.275	128.573854	143.066534	153.896826	25.322973	10.830293	NA
1199089	131.975	63.275	124.720051	135.831457	131.185114	6.465063	-4.646342	NA
1199090	132.025	63.275	124.862092	137.532092	153.641162	28.77907	16.10907	NA
1199091	132.075	63.275	124.752678	134.520753	153.617165	28.864488	19.096412	NA
1199092	132.125	63.275	124.863746	138.633394	153.60877	28.745024	14.975376	NA
1199093	132.175	63.275	127.278789	143.376563	153.601776	26.322987	10.225212	NA
1199094	132.225	63.275	128.517446	144.963093	153.589932	25.072486	8.626838	NA
1199095	132.275	63.275	128.304032	142.618522	153.581929	25.277897	10.963407	NA
1199096	132.325	63.275	128.2017	142.551711	153.574763	25.373063	11.023052	NA
1199097	132.375	63.275	126.964403	141.549075	142.788953	15.82455	1.239878	NA
1199114	133.225	63.275	125.054019	137.850333	153.380563	28.326543	15.53023	NA
1199501	152.575	63.275	NA	NA	156.109134	NA	NA	NA
1199775	-159.725	63.225	136.49438	133.410148	150.481293	13.986913	17.071145	NA
1199776	-159.675	63.225	136.487325	133.889732	140.34319	3.855865	6.453458	NA
1205117	107.375	63.225	NA	NA	141.210038	NA	NA	NA
1205118	107.425	63.225	NA	NA	141.184592	NA	NA	NA
1205119	107.475	63.225	NA	NA	141.175088	NA	NA	NA
1205120	107.525	63.225	NA	NA	141.157287	NA	NA	NA
1205121	107.575	63.225	NA	NA	141.150153	NA	NA	NA
1205130	108.025	63.225	NA	NA	140.814704	NA	NA	NA
1205131	108.075	63.225	NA	NA	140.77539	NA	NA	NA
1205132	108.125	63.225	NA	NA	140.768739	NA	NA	NA
1205133	108.175	63.225	NA	NA	140.623118	NA	NA	NA
1205178	110.425	63.225	129.25218	143.620584	153.71776	24.46558	10.097176	NA
1205202	111.625	63.225	NA	NA	151.63501	NA	NA	NA
1205203	111.675	63.225	128.702092	143.123363	151.634155	22.932063	8.510792	NA
1205204	111.725	63.225	127.562536	141.685079	151.641886	24.07935	9.956807	NA
1205205	111.775	63.225	126.866604	141.563151	151.64661	24.780006	10.083459	NA
1205206	111.825	63.225	125.893052	137.146074	151.657018	25.763967	14.510945	NA
1205207	111.875	63.225	127.249748	140.420306	151.685833	24.436084	11.265526	NA
1205242	113.625	63.225	NA	NA	150.867126	NA	NA	NA
1205243	113.675	63.225	NA	NA	150.82016	NA	NA	NA
1205244	113.725	63.225	NA	NA	150.823762	NA	NA	NA
1205245	113.775	63.225	NA	NA	150.826496	NA	NA	NA
1205246	113.825	63.225	NA	NA	150.828745	NA	NA	NA
1205247	113.875	63.225	NA	NA	150.834906	NA	NA	NA
1205249	113.975	63.225	NA	NA	150.864244	NA	NA	NA
1205250	114.025	63.225	NA	NA	150.871752	NA	NA	NA
1205251	114.075	63.225	NA	NA	150.876167	NA	NA	NA
1205252	114.125	63.225	NA	NA	150.883887	NA	NA	NA
1205324	117.725	63.225	NA	NA	137.612666	NA	NA	NA
1205325	117.775	63.225	NA	NA	150.029687	NA	NA	NA
1205326	117.825	63.225	NA	NA	150.035961	NA	NA	NA
1205327	117.875	63.225	NA	NA	150.041867	NA	NA	NA
1205562	129.625	63.225	128.948784	145.386247	151.91717	22.968386	6.530923	NA
1205634	133.225	63.225	125.665365	139.672494	153.365164	27.699799	13.69267	NA
1206021	152.575	63.225	127.74952	129.860255	156.104293	28.354772	26.244038	NA
1206295	-159.725	63.175	135.912711	128.130915	150.485847	14.573136	22.354932	NA
1211641	107.575	63.175	NA	NA	137.84592	NA	NA	NA
1211642	107.625	63.175	NA	NA	141.137969	NA	NA	NA
1211644	107.725	63.175	NA	NA	141.048065	NA	NA	NA
1211645	107.775	63.175	NA	NA	141.030329	NA	NA	NA
1211646	107.825	63.175	NA	NA	141.023565	NA	NA	NA
1211649	107.975	63.175	NA	NA	140.833307	NA	NA	NA
1211650	108.025	63.175	NA	NA	137.776078	NA	NA	NA
1211653	108.175	63.175	NA	NA	140.761182	NA	NA	NA
1211654	108.225	63.175	NA	NA	140.744745	NA	NA	NA
1211698	110.425	63.175	127.634966	141.197234	153.610959	25.975994	12.413726	NA
1211699	110.475	63.175	127.804462	140.495479	153.627544	25.823082	13.132065	NA
1211722	111.625	63.175	125.335167	136.144361	151.642667	26.3075	15.498306	NA
1211727	111.875	63.175	131.527087	146.39406	151.707586	20.180499	5.313526	NA
1211728	111.925	63.175	127.77425	141.422395	151.691036	23.916787	10.268641	NA
1211760	113.525	63.175	NA	NA	144.558935	NA	NA	NA
1211761	113.575	63.175	NA	NA	150.863585	NA	NA	NA
1211762	113.625	63.175	NA	NA	143.604318	NA	NA	NA
1211767	113.875	63.175	NA	NA	150.836991	NA	NA	NA
1211768	113.925	63.175	NA	NA	150.838156	NA	NA	NA
1211769	113.975	63.175	NA	NA	150.856594	NA	NA	NA
1211772	114.125	63.175	NA	NA	150.893622	NA	NA	NA
1211777	114.375	63.175	NA	NA	150.914693	NA	NA	NA
1211778	114.425	63.175	NA	NA	150.917319	NA	NA	NA
1211779	114.475	63.175	NA	NA	150.834671	NA	NA	NA
1211780	114.525	63.175	NA	NA	150.845439	NA	NA	NA
1211781	114.575	63.175	NA	NA	150.845608	NA	NA	NA
1211782	114.625	63.175	NA	NA	150.854248	NA	NA	NA
1211783	114.675	63.175	NA	NA	150.85034	NA	NA	NA
1211842	117.625	63.175	125.483234	125.471549	150.001644	24.51841	24.530095	NA
1211843	117.675	63.175	NA	NA	150.012394	NA	NA	NA
1211844	117.725	63.175	NA	NA	150.026522	NA	NA	NA
1212082	129.625	63.175	125.134502	141.825154	129.521459	4.386956	-12.303696	NA
1212153	133.175	63.175	127.663967	140.698125	153.302974	25.639006	12.604848	NA
1212154	133.225	63.175	NA	NA	141.100886	NA	NA	NA
1212540	152.525	63.175	126.969125	129.665388	156.097468	29.128343	26.43208	NA
1212541	152.575	63.175	128.120656	130.493307	156.103074	27.982418	25.609767	NA
1212814	-159.775	63.125	NA	NA	133.307002	NA	NA	NA
1212815	-159.725	63.125	136.140403	128.673205	150.505649	14.365247	21.832444	NA
1218162	107.625	63.125	NA	NA	141.117948	NA	NA	NA
1218163	107.675	63.125	NA	NA	141.076706	NA	NA	NA
1218164	107.725	63.125	NA	NA	141.057796	NA	NA	NA
1218166	107.825	63.125	NA	NA	141.01794	NA	NA	NA
1218168	107.925	63.125	NA	NA	140.865458	NA	NA	NA
1218169	107.975	63.125	NA	NA	140.840574	NA	NA	NA
1218174	108.225	63.125	NA	NA	140.734512	NA	NA	NA
1218175	108.275	63.125	NA	NA	140.710823	NA	NA	NA
1218219	110.475	63.125	127.810958	140.528629	142.542603	14.731645	2.013973	NA
1218220	110.525	63.125	128.936802	138.473842	133.02022	4.083418	-5.453622	NA
1218241	111.575	63.125	126.796829	138.553708	142.676821	15.879992	4.123113	NA
1218242	111.625	63.125	128.211658	141.737968	151.632781	23.421124	9.894814	NA
1218247	111.875	63.125	126.498736	137.328664	151.734951	25.236215	14.406287	NA
1218278	113.425	63.125	NA	NA	144.081562	NA	NA	NA
1218279	113.475	63.125	NA	NA	150.847938	NA	NA	NA
1218280	113.525	63.125	NA	NA	150.855365	NA	NA	NA
1218292	114.125	63.125	NA	NA	150.897742	NA	NA	NA
1218293	114.175	63.125	NA	NA	150.895093	NA	NA	NA
1218294	114.225	63.125	NA	NA	150.901281	NA	NA	NA
1218295	114.275	63.125	NA	NA	150.904951	NA	NA	NA
1218296	114.325	63.125	NA	NA	150.914084	NA	NA	NA
1218297	114.375	63.125	NA	NA	144.422148	NA	NA	NA
1218302	114.625	63.125	NA	NA	150.856012	NA	NA	NA
1218303	114.675	63.125	NA	NA	150.853422	NA	NA	NA
1218361	117.575	63.125	126.029372	131.176173	149.998255	23.968882	18.822082	NA
1218362	117.625	63.125	125.483234	125.471549	149.998414	24.51518	24.526866	NA
1218602	129.625	63.125	129.670224	146.01726	151.847961	22.177737	5.830701	NA
1218673	133.175	63.125	126.235456	139.919823	153.279841	27.044385	13.360018	NA
1218682	133.625	63.125	126.460397	138.052447	153.193707	26.733311	15.141261	NA
1218683	133.675	63.125	126.267509	139.788436	153.181488	26.913979	13.393051	NA
1218684	133.725	63.125	125.691983	139.56593	153.176612	27.484629	13.610682	NA
1218685	133.775	63.125	127.202625	141.133021	153.173219	25.970594	12.040198	NA
1218686	133.825	63.125	127.383706	142.156986	153.164287	25.780581	11.007301	NA
1218687	133.875	63.125	126.49735	141.375855	153.154077	26.656727	11.778222	NA
1218688	133.925	63.125	124.688089	139.419003	153.14455	28.456461	13.725547	NA
1218689	133.975	63.125	125.044137	135.468265	153.13339	28.089253	17.665126	NA
1218690	134.025	63.125	125.553387	136.573044	153.128089	27.574702	16.555045	NA
1219060	152.525	63.125	126.635266	129.330818	156.096232	29.460965	26.765414	NA
1219332	-159.875	63.075	NA	NA	149.2949	NA	NA	NA
1219333	-159.825	63.075	NA	NA	148.947475	NA	NA	NA
1219334	-159.775	63.075	135.445416	122.353641	150.516664	15.071248	28.163023	NA
1224686	107.825	63.075	NA	NA	140.984688	NA	NA	NA
1224687	107.875	63.075	NA	NA	140.95784	NA	NA	NA
1224688	107.925	63.075	NA	NA	138.49851	NA	NA	NA
1224689	107.975	63.075	NA	NA	140.892649	NA	NA	NA
1224692	108.125	63.075	NA	NA	138.126193	NA	NA	NA
1224693	108.175	63.075	NA	NA	140.646844	NA	NA	NA
1224694	108.225	63.075	NA	NA	140.659931	NA	NA	NA
1224695	108.275	63.075	NA	NA	140.70116	NA	NA	NA
1224740	110.525	63.075	129.477781	142.096302	129.541881	0.064101	-12.554421	NA
1224741	110.575	63.075	132.35193	151.238899	153.819254	21.467324	2.580356	NA
1224754	111.225	63.075	NA	NA	151.526675	NA	NA	NA
1224755	111.275	63.075	132.160573	151.234069	151.537422	19.376849	0.303353	NA
1224756	111.325	63.075	131.365821	149.858498	151.549051	20.183229	1.690553	NA
1224757	111.375	63.075	NA	NA	151.560037	NA	NA	NA
1224758	111.425	63.075	126.157668	137.367114	151.560863	25.403195	14.193749	NA
1224759	111.475	63.075	NA	NA	151.565265	NA	NA	NA
1224760	111.525	63.075	NA	NA	151.569985	NA	NA	NA
1224761	111.575	63.075	126.75369	137.724129	151.590399	24.836709	13.86627	NA
1224767	111.875	63.075	127.771131	142.290088	151.783154	24.012024	9.493067	NA
1224777	112.375	63.075	128.700447	143.105665	151.909198	23.208752	8.803533	NA
1224778	112.425	63.075	128.332699	142.507509	151.942627	23.609927	9.435117	NA
1224779	112.475	63.075	NA	NA	145.409474	NA	NA	NA
1224785	112.775	63.075	NA	NA	142.664796	NA	NA	NA
1224786	112.825	63.075	NA	NA	151.207188	NA	NA	NA
1224787	112.875	63.075	NA	NA	151.210319	NA	NA	NA
1224788	112.925	63.075	NA	NA	151.213646	NA	NA	NA
1224789	112.975	63.075	NA	NA	151.233024	NA	NA	NA
1224796	113.325	63.075	NA	NA	151.351796	NA	NA	NA
1224797	113.375	63.075	NA	NA	151.353806	NA	NA	NA
1224798	113.425	63.075	NA	NA	151.361129	NA	NA	NA
1224799	113.475	63.075	NA	NA	144.067447	NA	NA	NA
1224822	114.625	63.075	NA	NA	150.878951	NA	NA	NA
1224830	115.025	63.075	NA	NA	150.917128	NA	NA	NA
1224831	115.075	63.075	NA	NA	150.914438	NA	NA	NA
1224832	115.125	63.075	NA	NA	150.927538	NA	NA	NA
1224880	117.525	63.075	126.996738	136.953965	149.992693	22.995954	13.038727	NA
1224881	117.575	63.075	125.663433	133.585264	140.768294	15.104861	7.183029	NA
1225122	129.625	63.075	129.482545	145.521916	151.808763	22.326218	6.286847	NA
1225193	133.175	63.075	NA	NA	142.328866	NA	NA	NA
1225194	133.225	63.075	125.031392	137.299157	153.26744	28.236047	15.968283	NA
1225195	133.275	63.075	126.909241	141.21648	153.231691	26.32245	12.015211	NA
1225196	133.325	63.075	127.061098	142.281088	141.137963	14.076865	-1.143125	NA
1225197	133.375	63.075	NA	NA	142.192394	NA	NA	NA
1225198	133.425	63.075	NA	NA	143.800674	NA	NA	NA
1225199	133.475	63.075	125.044497	134.151641	140.934006	15.889509	6.782365	NA
1225200	133.525	63.075	125.4406	138.226526	153.223673	27.783073	14.997148	NA
1225201	133.575	63.075	125.385281	137.625525	153.202966	27.817685	15.577441	NA
1225202	133.625	63.075	126.460397	138.052447	143.903611	17.443214	5.851164	NA
1225209	133.975	63.075	126.27578	140.245472	153.143942	26.868162	12.898471	NA
1225210	134.025	63.075	125.714955	135.496785	153.157359	27.442404	17.660575	NA
1225580	152.525	63.075	NA	NA	156.124705	NA	NA	NA
1225851	-159.925	63.025	134.555212	124.720587	150.535631	15.980419	25.815044	NA
1225852	-159.875	63.025	135.62462	127.565761	150.527822	14.903202	22.962061	NA
1231207	107.875	63.025	NA	NA	140.950046	NA	NA	NA
1231208	107.925	63.025	NA	NA	140.920178	NA	NA	NA
1231209	107.975	63.025	NA	NA	140.907228	NA	NA	NA
1231212	108.125	63.025	NA	NA	140.618922	NA	NA	NA
1231261	110.575	63.025	127.620907	140.78593	153.817434	26.196527	13.031504	NA
1231262	110.625	63.025	125.294911	135.780604	153.842123	28.547212	18.061519	NA
1231263	110.675	63.025	130.849619	145.217774	153.859451	23.009832	8.641677	NA
1231264	110.725	63.025	129.953773	146.26055	153.887115	23.933343	7.626565	NA
1231265	110.775	63.025	126.824306	140.385817	143.856995	17.032689	3.471177	NA
1231272	111.125	63.025	128.110552	141.247653	151.558987	23.448434	10.311334	NA
1231273	111.175	63.025	128.241102	143.606491	143.547411	15.306309	-0.05908	NA
1231274	111.225	63.025	NA	NA	148.213819	NA	NA	NA
1231286	111.825	63.025	130.330904	147.811711	151.825073	21.494168	4.013362	NA
1231287	111.875	63.025	132.733558	150.22519	151.793248	19.05969	1.568058	NA
1231294	112.225	63.025	127.638439	142.836802	151.849653	24.211215	9.012851	NA
1231295	112.275	63.025	127.97941	143.019191	151.856064	23.876654	8.836873	NA
1231296	112.325	63.025	128.155468	142.598609	151.86231	23.706842	9.263701	NA
1231297	112.375	63.025	128.294816	143.229064	151.897563	23.602747	8.668499	NA
1231299	112.475	63.025	125.389555	137.625338	152.242856	26.853301	14.617517	NA
1231300	112.525	63.025	NA	NA	152.250748	NA	NA	NA
1231301	112.575	63.025	NA	NA	144.448632	NA	NA	NA
1231305	112.775	63.025	NA	NA	151.204948	NA	NA	NA
1231309	112.975	63.025	NA	NA	151.229132	NA	NA	NA
1231310	113.025	63.025	NA	NA	151.241863	NA	NA	NA
1231315	113.275	63.025	NA	NA	151.350262	NA	NA	NA
1231316	113.325	63.025	NA	NA	144.034336	NA	NA	NA
1231342	114.625	63.025	NA	NA	141.697011	NA	NA	NA
1231343	114.675	63.025	NA	NA	150.881624	NA	NA	NA
1231344	114.725	63.025	NA	NA	150.893294	NA	NA	NA
1231345	114.775	63.025	NA	NA	140.738178	NA	NA	NA
1231346	114.825	63.025	NA	NA	141.618451	NA	NA	NA
1231349	114.975	63.025	NA	NA	150.904854	NA	NA	NA
1231350	115.025	63.025	NA	NA	150.911676	NA	NA	NA
1231352	115.125	63.025	NA	NA	150.806747	NA	NA	NA
1231353	115.175	63.025	NA	NA	150.808944	NA	NA	NA
1231354	115.225	63.025	NA	NA	150.808562	NA	NA	NA
1231400	117.525	63.025	124.697194	137.530255	150.118356	25.421162	12.588101	NA
1231642	129.625	63.025	125.39118	142.470618	128.133962	2.742782	-14.336656	NA
1231643	129.675	63.025	129.203874	145.435463	151.776139	22.572264	6.340675	NA
1231717	133.375	63.025	127.322016	141.197711	153.195266	25.873251	11.997555	NA
1231718	133.425	63.025	126.000979	135.637012	153.188394	27.187415	17.551382	NA
1231729	133.975	63.025	126.246495	139.500775	134.416705	8.170211	-5.08407	NA
1231730	134.025	63.025	126.956288	140.954954	153.134364	26.178077	12.17941	NA
1232100	152.525	63.025	NA	NA	138.672287	NA	NA	NA
1232101	152.575	63.025	NA	NA	156.11446	NA	NA	NA
1232283	-164.325	62.975	136.661184	140.951615	142.897062	6.235878	1.945447	NA
1232284	-164.275	62.975	136.767117	139.688634	150.688314	13.921197	10.99968	NA
1232285	-164.225	62.975	136.727173	140.057436	150.675603	13.94843	10.618167	NA
1232370	-159.975	62.975	135.927099	131.991041	150.535044	14.607945	18.544003	NA
1232371	-159.925	62.975	135.608512	133.04733	139.160548	3.552036	6.113218	NA
1237732	108.125	62.975	NA	NA	138.37226	NA	NA	NA
1237733	108.175	62.975	NA	NA	140.584	NA	NA	NA
1237734	108.225	62.975	NA	NA	140.546592	NA	NA	NA
1237735	108.275	62.975	NA	NA	140.539071	NA	NA	NA
1237736	108.325	62.975	NA	NA	140.541471	NA	NA	NA
1237737	108.375	62.975	NA	NA	140.535622	NA	NA	NA
1237738	108.425	62.975	NA	NA	140.527857	NA	NA	NA
1237740	108.525	62.975	NA	NA	140.620399	NA	NA	NA
1237741	108.575	62.975	NA	NA	140.427123	NA	NA	NA
1237785	110.775	62.975	NA	NA	153.899355	NA	NA	NA
1237786	110.825	62.975	NA	NA	153.899576	NA	NA	NA
1237787	110.875	62.975	125.524459	137.789273	153.911592	28.387133	16.122319	NA
1237788	110.925	62.975	126.88906	135.135747	153.926158	27.037098	18.790411	NA
1237789	110.975	62.975	NA	NA	139.853835	NA	NA	NA
1237791	111.075	62.975	NA	NA	151.468226	NA	NA	NA
1237792	111.125	62.975	127.997283	141.11917	145.320046	17.322763	4.200876	NA
1237806	111.825	62.975	129.99894	147.80767	137.334639	7.335698	-10.473032	NA
1237814	112.225	62.975	127.032669	141.338729	152.243287	25.210619	10.904558	NA
1237821	112.575	62.975	NA	NA	152.248095	NA	NA	NA
1237822	112.625	62.975	NA	NA	152.249297	NA	NA	NA
1237823	112.675	62.975	NA	NA	152.246926	NA	NA	NA
1237824	112.725	62.975	NA	NA	152.268253	NA	NA	NA
1237825	112.775	62.975	NA	NA	145.0172	NA	NA	NA
1237830	113.025	62.975	NA	NA	151.242056	NA	NA	NA
1237831	113.075	62.975	NA	NA	151.245369	NA	NA	NA
1237832	113.125	62.975	NA	NA	151.247954	NA	NA	NA
1237833	113.175	62.975	NA	NA	151.251381	NA	NA	NA
1237834	113.225	62.975	NA	NA	151.288531	NA	NA	NA
1237835	113.275	62.975	NA	NA	151.349525	NA	NA	NA
1237836	113.325	62.975	NA	NA	151.339618	NA	NA	NA
1237837	113.375	62.975	NA	NA	151.329844	NA	NA	NA
1237866	114.825	62.975	NA	NA	150.891513	NA	NA	NA
1237867	114.875	62.975	NA	NA	150.892081	NA	NA	NA
1237868	114.925	62.975	NA	NA	150.895355	NA	NA	NA
1237869	114.975	62.975	NA	NA	150.902917	NA	NA	NA
1237874	115.225	62.975	NA	NA	150.813694	NA	NA	NA
1237875	115.275	62.975	NA	NA	150.824264	NA	NA	NA
1237920	117.525	62.975	NA	NA	150.088728	NA	NA	NA
1238163	129.675	62.975	130.969519	146.511389	151.735902	20.766383	5.224513	NA
1238164	129.725	62.975	129.941761	145.549327	131.129547	1.187786	-14.41978	NA
1238249	133.975	62.975	127.853312	142.165183	153.097295	25.243983	10.932113	NA
1238250	134.025	62.975	127.601991	141.857301	153.077522	25.475531	11.220221	NA
1238251	134.075	62.975	132.043697	145.739757	153.072378	21.028682	7.332621	NA
1238252	134.125	62.975	129.26618	144.246053	153.066114	23.799935	8.820061	NA
1238253	134.175	62.975	125.91663	138.090902	153.057278	27.140648	14.966376	NA
1238620	152.525	62.975	128.640946	131.04326	156.106692	27.465745	25.063431	NA
1238621	152.575	62.975	NA	NA	156.109051	NA	NA	NA
1238805	-164.225	62.925	NA	NA	142.468534	NA	NA	NA
1238806	-164.175	62.925	137.050729	139.615603	150.670411	13.619682	11.054808	NA
1238807	-164.125	62.925	136.884229	139.460664	150.660443	13.776214	11.199779	NA
1238889	-160.025	62.925	NA	NA	150.544267	NA	NA	NA
1238890	-159.975	62.925	NA	NA	140.750633	NA	NA	NA
1244256	108.325	62.925	NA	NA	140.502199	NA	NA	NA
1244257	108.375	62.925	NA	NA	140.522248	NA	NA	NA
1244258	108.425	62.925	NA	NA	140.461812	NA	NA	NA
1244259	108.475	62.925	NA	NA	140.444693	NA	NA	NA
1244260	108.525	62.925	NA	NA	140.43169	NA	NA	NA
1244261	108.575	62.925	NA	NA	140.565937	NA	NA	NA
1244262	108.625	62.925	NA	NA	139.218837	NA	NA	NA
1244263	108.675	62.925	NA	NA	140.19752	NA	NA	NA
1244309	110.975	62.925	NA	NA	153.98179	NA	NA	NA
1244310	111.025	62.925	127.712178	142.630597	130.315219	2.603041	-12.315378	NA
1244311	111.075	62.925	NA	NA	151.405808	NA	NA	NA
1244326	111.825	62.925	136.107781	153.452333	152.056071	15.94829	-1.396262	NA
1244327	111.875	62.925	129.091509	142.136132	152.067247	22.975738	9.931115	NA
1244334	112.225	62.925	NA	NA	152.217794	NA	NA	NA
1244354	113.225	62.925	NA	NA	143.554764	NA	NA	NA
1244357	113.375	62.925	NA	NA	151.322093	NA	NA	NA
1244358	113.425	62.925	NA	NA	151.307251	NA	NA	NA
1244395	115.275	62.925	NA	NA	150.838323	NA	NA	NA
1244439	117.475	62.925	NA	NA	145.097382	NA	NA	NA
1244440	117.525	62.925	124.744802	134.757691	150.303509	25.558708	15.545818	NA
1244684	129.725	62.925	126.415263	144.065544	151.71173	25.296467	7.646185	NA
1244773	134.175	62.925	126.721103	139.14707	153.017229	26.296126	13.870158	NA
1245139	152.475	62.925	128.842761	131.500402	156.0963	27.253538	24.595898	NA
1245140	152.525	62.925	127.261543	129.753638	156.108204	28.846662	26.354566	NA
1245327	-164.125	62.875	136.805992	139.212113	150.658702	13.85271	11.446588	NA
1245409	-160.025	62.875	NA	NA	139.788387	NA	NA	NA
1250775	108.275	62.875	NA	NA	140.322433	NA	NA	NA
1250776	108.325	62.875	NA	NA	140.34419	NA	NA	NA
1250777	108.375	62.875	NA	NA	140.496502	NA	NA	NA
1250780	108.525	62.875	NA	NA	140.387576	NA	NA	NA
1250781	108.575	62.875	NA	NA	140.42377	NA	NA	NA
1250782	108.625	62.875	NA	NA	140.619438	NA	NA	NA
1250783	108.675	62.875	NA	NA	140.254993	NA	NA	NA
1250847	111.875	62.875	126.722323	137.33037	152.072226	25.349903	14.741855	NA
1250848	111.925	62.875	126.737869	138.466182	152.067662	25.329793	13.60148	NA
1250849	111.975	62.875	NA	NA	152.094461	NA	NA	NA
1250850	112.025	62.875	NA	NA	137.867927	NA	NA	NA
1250851	112.075	62.875	127.658608	141.807178	140.557653	12.899045	-1.249525	NA
1250852	112.125	62.875	129.624536	145.462507	152.132534	22.507997	6.670027	NA
1250853	112.175	62.875	NA	NA	152.132333	NA	NA	NA
1250854	112.225	62.875	NA	NA	152.190707	NA	NA	NA
1250874	113.225	62.875	NA	NA	151.311664	NA	NA	NA
1250875	113.275	62.875	NA	NA	140.927934	NA	NA	NA
1250877	113.375	62.875	NA	NA	142.171451	NA	NA	NA
1250878	113.425	62.875	NA	NA	151.315723	NA	NA	NA
1250914	115.225	62.875	NA	NA	150.823297	NA	NA	NA
1250915	115.275	62.875	NA	NA	150.813266	NA	NA	NA
1250959	117.475	62.875	124.761229	139.362442	150.260922	25.499693	10.898479	NA
1251204	129.725	62.875	130.208909	146.669949	127.560353	-2.648555	-19.109596	NA
1251205	129.775	62.875	NA	NA	151.653527	NA	NA	NA
1251293	134.175	62.875	125.958477	140.75406	153.006786	27.048309	12.252726	NA
1251294	134.225	62.875	125.723523	140.899208	152.982409	27.258886	12.083202	NA
1251659	152.475	62.875	NA	NA	156.309315	NA	NA	NA
1251847	-164.125	62.825	NA	NA	150.645872	NA	NA	NA
1251848	-164.075	62.825	136.995887	139.639177	150.633546	13.637659	10.994369	NA
1251928	-160.075	62.825	NA	NA	150.565359	NA	NA	NA
1251929	-160.025	62.825	NA	NA	140.492557	NA	NA	NA
1257294	108.225	62.825	NA	NA	140.308725	NA	NA	NA
1257295	108.275	62.825	NA	NA	139.200086	NA	NA	NA
1257297	108.375	62.825	NA	NA	140.357322	NA	NA	NA
1257298	108.425	62.825	NA	NA	140.36331	NA	NA	NA
1257299	108.475	62.825	NA	NA	140.379742	NA	NA	NA
1257300	108.525	62.825	NA	NA	139.832704	NA	NA	NA
1257395	113.275	62.825	NA	NA	151.310603	NA	NA	NA
1257396	113.325	62.825	NA	NA	151.31392	NA	NA	NA
1257397	113.375	62.825	NA	NA	151.300354	NA	NA	NA
1257434	115.225	62.825	NA	NA	150.823645	NA	NA	NA
1257435	115.275	62.825	NA	NA	150.827041	NA	NA	NA
1257436	115.325	62.825	NA	NA	150.839554	NA	NA	NA
1257437	115.375	62.825	NA	NA	139.215582	NA	NA	NA
1257478	117.425	62.825	NA	NA	150.259526	NA	NA	NA
1257479	117.475	62.825	NA	NA	150.248195	NA	NA	NA
1257725	129.775	62.825	127.553338	144.732053	128.036805	0.483467	-16.695248	NA
1257814	134.225	62.825	124.810385	140.230679	152.975008	28.164623	12.744329	NA
1257815	134.275	62.825	124.896358	140.473381	152.945899	28.049541	12.472517	NA
1257816	134.325	62.825	NA	NA	152.929693	NA	NA	NA
1258179	152.475	62.825	NA	NA	144.247368	NA	NA	NA
1258180	152.525	62.825	131.828056	135.615564	156.30262	24.474565	20.687057	NA
1258368	-164.075	62.775	NA	NA	150.629478	NA	NA	NA
1258369	-164.025	62.775	NA	NA	150.618371	NA	NA	NA
1258448	-160.075	62.775	NA	NA	150.579588	NA	NA	NA
1263812	108.125	62.775	NA	NA	140.261049	NA	NA	NA
1263813	108.175	62.775	NA	NA	140.285097	NA	NA	NA
1263814	108.225	62.775	NA	NA	140.973773	NA	NA	NA
1263819	108.475	62.775	NA	NA	140.170762	NA	NA	NA
1263820	108.525	62.775	NA	NA	140.152694	NA	NA	NA
1263821	108.575	62.775	NA	NA	140.146223	NA	NA	NA
1263956	115.325	62.775	NA	NA	150.848003	NA	NA	NA
1263957	115.375	62.775	NA	NA	150.83734	NA	NA	NA
1263999	117.475	62.775	NA	NA	150.265896	NA	NA	NA
1264245	129.775	62.775	128.615993	144.987859	151.605499	22.989506	6.61764	NA
1264336	134.325	62.775	124.595464	138.931187	141.701267	17.105803	2.77008	NA
1264337	134.375	62.775	125.790193	138.771584	152.921733	27.13154	14.150149	NA
1264338	134.425	62.775	126.627877	140.153312	136.832574	10.204696	-3.320739	NA
1264339	134.475	62.775	125.34746	139.01699	137.565488	12.218028	-1.451501	NA
1264340	134.525	62.775	126.698673	142.191247	152.869145	26.170472	10.677898	NA
1264341	134.575	62.775	NA	NA	141.058313	NA	NA	NA
1264700	152.525	62.775	NA	NA	144.105798	NA	NA	NA
1264889	-164.025	62.725	NA	NA	141.751785	NA	NA	NA
1264968	-160.075	62.725	NA	NA	136.143676	NA	NA	NA
1270332	108.125	62.725	NA	NA	140.253661	NA	NA	NA
1270333	108.175	62.725	NA	NA	140.231642	NA	NA	NA
1270334	108.225	62.725	NA	NA	140.222073	NA	NA	NA
1270335	108.275	62.725	NA	NA	140.215577	NA	NA	NA
1270336	108.325	62.725	NA	NA	140.209123	NA	NA	NA
1270337	108.375	62.725	NA	NA	140.197126	NA	NA	NA
1270338	108.425	62.725	NA	NA	140.178054	NA	NA	NA
1270339	108.475	62.725	NA	NA	137.595953	NA	NA	NA
1270341	108.575	62.725	NA	NA	140.140185	NA	NA	NA
1270342	108.625	62.725	NA	NA	140.134628	NA	NA	NA
1270476	115.325	62.725	NA	NA	139.85969	NA	NA	NA
1270518	117.425	62.725	NA	NA	150.264688	NA	NA	NA
1270519	117.475	62.725	NA	NA	150.247668	NA	NA	NA
1270765	129.775	62.725	127.209253	143.889359	151.568144	24.358892	7.678786	NA
1270766	129.825	62.725	NA	NA	151.532301	NA	NA	NA
1270857	134.375	62.725	126.116207	138.586525	139.619774	13.503568	1.03325	NA
1270858	134.425	62.725	126.627877	140.153312	142.174776	15.546899	2.021464	NA
1270861	134.575	62.725	NA	NA	152.848817	NA	NA	NA
1270862	134.625	62.725	124.723749	129.586737	152.818391	28.094642	23.231654	NA
1270863	134.675	62.725	124.997588	139.410449	152.811273	27.813685	13.400824	NA
1271219	152.475	62.725	NA	NA	143.602797	NA	NA	NA
1271220	152.525	62.725	NA	NA	156.382722	NA	NA	NA
1271409	-164.025	62.675	NA	NA	140.828334	NA	NA	NA
1271487	-160.125	62.675	NA	NA	137.090621	NA	NA	NA
1271488	-160.075	62.675	NA	NA	140.736413	NA	NA	NA
1276861	108.575	62.675	NA	NA	140.105556	NA	NA	NA
1276862	108.625	62.675	NA	NA	140.126581	NA	NA	NA
1276996	115.325	62.675	NA	NA	150.85779	NA	NA	NA
1276997	115.375	62.675	NA	NA	139.804828	NA	NA	NA
1277038	117.425	62.675	124.587778	137.920372	150.310634	25.722856	12.390262	NA
1277286	129.825	62.675	126.964058	142.844271	127.134591	0.170533	-15.70968	NA
1277287	129.875	62.675	129.593038	144.606367	151.52156	21.928522	6.915193	NA
1277383	134.675	62.675	NA	NA	144.786554	NA	NA	NA
1277384	134.725	62.675	126.453025	141.7314	152.548396	26.095371	10.816996	NA
1277385	134.775	62.675	126.128885	141.105319	152.51793	26.389045	11.412611	NA
1277386	134.825	62.675	126.360115	141.92942	140.323263	13.963148	-1.606157	NA
1277391	135.075	62.675	124.773768	138.003605	138.333024	13.559256	0.329418	NA
1277392	135.125	62.675	124.362913	138.366622	137.684312	13.321398	-0.68231	NA
1277393	135.175	62.675	124.881427	136.373629	137.756508	12.875082	1.382879	NA
1277397	135.375	62.675	127.204347	140.1704	152.901881	25.697533	12.731481	NA
1277398	135.425	62.675	NA	NA	152.885068	NA	NA	NA
1277399	135.475	62.675	NA	NA	152.873218	NA	NA	NA
1277400	135.525	62.675	123.868297	135.75914	152.865329	28.997032	17.106189	NA
1277707	150.875	62.675	NA	NA	156.370819	NA	NA	NA
1277708	150.925	62.675	NA	NA	156.373886	NA	NA	NA
1277709	150.975	62.675	NA	NA	156.369342	NA	NA	NA
1277710	151.025	62.675	NA	NA	143.21789	NA	NA	NA
1277711	151.075	62.675	NA	NA	148.45141	NA	NA	NA
1277712	151.125	62.675	NA	NA	156.303182	NA	NA	NA
1277713	151.175	62.675	NA	NA	143.730234	NA	NA	NA
1277738	152.425	62.675	NA	NA	143.490317	NA	NA	NA
1277739	152.475	62.675	NA	NA	156.386407	NA	NA	NA
1277929	-164.025	62.625	NA	NA	139.870932	NA	NA	NA
1278006	-160.175	62.625	NA	NA	150.57718	NA	NA	NA
1278007	-160.125	62.625	135.403268	131.237788	137.067724	1.664456	5.829936	NA
1283371	108.075	62.625	NA	NA	138.431959	NA	NA	NA
1283372	108.125	62.625	NA	NA	139.927525	NA	NA	NA
1283373	108.175	62.625	NA	NA	139.934519	NA	NA	NA
1283374	108.225	62.625	NA	NA	139.942127	NA	NA	NA
1283375	108.275	62.625	NA	NA	139.949055	NA	NA	NA
1283376	108.325	62.625	NA	NA	139.968255	NA	NA	NA
1283378	108.425	62.625	NA	NA	140.042902	NA	NA	NA
1283379	108.475	62.625	NA	NA	140.071504	NA	NA	NA
1283380	108.525	62.625	NA	NA	140.101452	NA	NA	NA
1283381	108.575	62.625	NA	NA	138.87151	NA	NA	NA
1283517	115.375	62.625	NA	NA	150.859719	NA	NA	NA
1283518	115.425	62.625	NA	NA	150.861596	NA	NA	NA
1283519	115.475	62.625	NA	NA	150.874822	NA	NA	NA
1283558	117.425	62.625	124.762879	131.197483	150.288451	25.525572	19.090968	NA
1283807	129.875	62.625	129.391135	144.637983	151.472002	22.080867	6.834019	NA
1283906	134.825	62.625	126.360115	141.92942	152.518666	26.158551	10.589246	NA
1283907	134.875	62.625	127.704086	144.000779	152.504075	24.799989	8.503296	NA
1283908	134.925	62.625	126.681479	137.781948	152.498641	25.817161	14.716693	NA
1283909	134.975	62.625	124.694836	137.524826	152.988586	28.29375	15.46376	NA
1283910	135.025	62.625	124.452369	137.559961	152.981399	28.52903	15.421438	NA
1283911	135.075	62.625	124.773768	138.003605	152.969232	28.195464	14.965626	NA
1283913	135.175	62.625	124.881427	136.373629	152.953684	28.072257	16.580055	NA
1283914	135.225	62.625	NA	NA	139.015965	NA	NA	NA
1283915	135.275	62.625	125.131557	138.764654	134.644231	9.512674	-4.120423	NA
1283916	135.325	62.625	126.164475	140.633286	152.921134	26.756658	12.287848	NA
1283917	135.375	62.625	127.221754	140.205477	143.236679	16.014925	3.031202	NA
1283920	135.525	62.625	123.868297	135.75914	152.847177	28.97888	17.088038	NA
1283921	135.575	62.625	124.357014	137.2799	152.860681	28.503667	15.580781	NA
1284224	150.725	62.625	NA	NA	156.88628	NA	NA	NA
1284225	150.775	62.625	NA	NA	156.886372	NA	NA	NA
1284226	150.825	62.625	NA	NA	156.887824	NA	NA	NA
1284227	150.875	62.625	NA	NA	151.641132	NA	NA	NA
1284233	151.175	62.625	NA	NA	156.298078	NA	NA	NA
1284234	151.225	62.625	NA	NA	156.295284	NA	NA	NA
1284235	151.275	62.625	NA	NA	156.298632	NA	NA	NA
1284236	151.325	62.625	NA	NA	149.684537	NA	NA	NA
1284257	152.375	62.625	NA	NA	156.350871	NA	NA	NA
1284258	152.425	62.625	NA	NA	156.366404	NA	NA	NA
1284449	-164.025	62.575	135.283958	134.701433	140.406233	5.122275	5.7048	NA
1284450	-163.975	62.575	135.548272	134.403818	150.581172	15.032901	16.177354	NA
1284526	-160.175	62.575	135.869752	131.18232	150.590898	14.721146	19.408578	NA
1289887	107.875	62.575	NA	NA	139.792992	NA	NA	NA
1289888	107.925	62.575	NA	NA	139.80068	NA	NA	NA
1289889	107.975	62.575	NA	NA	139.836193	NA	NA	NA
1289891	108.075	62.575	NA	NA	139.92179	NA	NA	NA
1289896	108.325	62.575	NA	NA	137.684498	NA	NA	NA
1289897	108.375	62.575	NA	NA	140.008768	NA	NA	NA
1289898	108.425	62.575	NA	NA	140.031307	NA	NA	NA
1290039	115.475	62.575	NA	NA	150.879431	NA	NA	NA
1290040	115.525	62.575	NA	NA	150.894205	NA	NA	NA
1290041	115.575	62.575	NA	NA	150.89879	NA	NA	NA
1290042	115.625	62.575	NA	NA	150.903021	NA	NA	NA
1290043	115.675	62.575	NA	NA	150.917912	NA	NA	NA
1290044	115.725	62.575	NA	NA	150.931221	NA	NA	NA
1290045	115.775	62.575	NA	NA	150.938097	NA	NA	NA
1290078	117.425	62.575	NA	NA	150.262668	NA	NA	NA
1290327	129.875	62.575	126.58937	144.324857	151.379917	24.790547	7.05506	NA
1290328	129.925	62.575	126.621089	143.965269	151.366743	24.745654	7.401474	NA
1290441	135.575	62.575	124.299252	139.68999	152.835654	28.536402	13.145664	NA
1290442	135.625	62.575	124.028086	140.381573	136.093182	12.065096	-4.288391	NA
1290744	150.725	62.575	NA	NA	150.378581	NA	NA	NA
1290745	150.775	62.575	NA	NA	156.914648	NA	NA	NA
1290746	150.825	62.575	NA	NA	150.065781	NA	NA	NA
1290756	151.325	62.575	NA	NA	156.295492	NA	NA	NA
1290757	151.375	62.575	NA	NA	156.296249	NA	NA	NA
1290758	151.425	62.575	NA	NA	156.297153	NA	NA	NA
1290759	151.475	62.575	NA	NA	156.287099	NA	NA	NA
1290760	151.525	62.575	NA	NA	156.288182	NA	NA	NA
1290761	151.575	62.575	NA	NA	156.292881	NA	NA	NA
1290767	151.875	62.575	NA	NA	147.845895	NA	NA	NA
1290768	151.925	62.575	NA	NA	156.3076	NA	NA	NA
1290769	151.975	62.575	NA	NA	156.309338	NA	NA	NA
1290770	152.025	62.575	NA	NA	156.314884	NA	NA	NA
1290777	152.375	62.575	NA	NA	156.344874	NA	NA	NA
1290970	-163.975	62.525	135.56713	136.365237	139.862109	4.294979	3.496872	NA
1290971	-163.925	62.525	135.403001	136.055264	150.581	15.177999	14.525736	NA
1291046	-160.175	62.525	135.677215	133.71367	150.562806	14.885591	16.849135	NA
1291047	-160.125	62.525	135.867227	134.26549	135.318152	-0.549075	1.052662	NA
1296407	107.875	62.525	NA	NA	139.78182	NA	NA	NA
1296409	107.975	62.525	NA	NA	139.845993	NA	NA	NA
1296410	108.025	62.525	NA	NA	139.857979	NA	NA	NA
1296411	108.075	62.525	NA	NA	139.883656	NA	NA	NA
1296564	115.725	62.525	NA	NA	142.205339	NA	NA	NA
1296565	115.775	62.525	NA	NA	150.717178	NA	NA	NA
1296598	117.425	62.525	124.322586	137.593528	150.244223	25.921637	12.650694	NA
1296599	117.475	62.525	NA	NA	137.212002	NA	NA	NA
1296848	129.925	62.525	NA	NA	127.779494	NA	NA	NA
1296849	129.975	62.525	126.456684	143.495552	151.347053	24.890369	7.851501	NA
1296962	135.625	62.525	124.579854	137.956331	152.805417	28.225563	14.849085	NA
1297266	150.825	62.525	NA	NA	156.913194	NA	NA	NA
1297281	151.575	62.525	NA	NA	149.710105	NA	NA	NA
1297282	151.625	62.525	NA	NA	156.283907	NA	NA	NA
1297283	151.675	62.525	NA	NA	156.291933	NA	NA	NA
1297286	151.825	62.525	NA	NA	147.431364	NA	NA	NA
1297287	151.875	62.525	129.345861	132.751354	156.309015	26.963154	23.557662	NA
1297290	152.025	62.525	NA	NA	156.315831	NA	NA	NA
1297295	152.275	62.525	130.513283	134.226777	156.335797	25.822514	22.10902	NA
1297296	152.325	62.525	130.526007	134.248993	156.337171	25.811164	22.088178	NA
1297297	152.375	62.525	NA	NA	156.343018	NA	NA	NA
1297491	-163.925	62.475	135.417371	136.813198	140.929599	5.512228	4.116401	NA
1297492	-163.875	62.475	NA	NA	150.560434	NA	NA	NA
1297567	-160.125	62.475	135.816982	133.931188	150.560758	14.743776	16.62957	NA
1297568	-160.075	62.475	135.223835	135.496323	150.565386	15.341551	15.069063	NA
1302927	107.875	62.475	NA	NA	139.680337	NA	NA	NA
1302928	107.925	62.475	NA	NA	139.69933	NA	NA	NA
1303084	115.725	62.475	NA	NA	150.730726	NA	NA	NA
1303085	115.775	62.475	NA	NA	137.527462	NA	NA	NA
1303119	117.475	62.475	NA	NA	150.232968	NA	NA	NA
1303120	117.525	62.475	123.32476	138.933844	150.216644	26.891884	11.2828	NA
1303369	129.975	62.475	NA	NA	151.322476	NA	NA	NA
1303370	130.025	62.475	128.658607	144.649097	128.844327	0.18572	-15.804769	NA
1303482	135.625	62.475	NA	NA	152.680501	NA	NA	NA
1303483	135.675	62.475	126.539266	140.98221	141.80594	15.266674	0.82373	NA
1303785	150.775	62.475	NA	NA	156.909176	NA	NA	NA
1303786	150.825	62.475	NA	NA	156.921077	NA	NA	NA
1303803	151.675	62.475	NA	NA	156.294312	NA	NA	NA
1303806	151.825	62.475	NA	NA	156.303515	NA	NA	NA
1303810	152.025	62.475	NA	NA	156.321109	NA	NA	NA
1303813	152.175	62.475	NA	NA	156.351102	NA	NA	NA
1303814	152.225	62.475	NA	NA	156.356197	NA	NA	NA
1303815	152.275	62.475	NA	NA	145.269133	NA	NA	NA
1303816	152.325	62.475	NA	NA	156.338293	NA	NA	NA
1304012	-163.875	62.425	134.552981	133.963201	139.001627	4.448646	5.038427	NA
1304088	-160.075	62.425	135.395385	130.642432	150.56619	15.170804	19.923758	NA
1304089	-160.025	62.425	NA	NA	150.582216	NA	NA	NA
1309448	107.925	62.425	NA	NA	139.673577	NA	NA	NA
1309453	108.175	62.425	NA	NA	139.530601	NA	NA	NA
1309454	108.225	62.425	NA	NA	136.370477	NA	NA	NA
1309455	108.275	62.425	NA	NA	139.467353	NA	NA	NA
1309604	115.725	62.425	NA	NA	136.102419	NA	NA	NA
1309605	115.775	62.425	NA	NA	150.724545	NA	NA	NA
1309640	117.525	62.425	125.369366	135.902977	150.361734	24.992368	14.458757	NA
1309890	130.025	62.425	124.909022	141.988878	151.293576	26.384554	9.304698	NA
1309891	130.075	62.425	124.846587	142.463885	127.18803	2.341443	-15.275855	NA
1310003	135.675	62.425	127.086585	142.173199	152.67218	25.585595	10.498982	NA
1310004	135.725	62.425	125.913577	139.070857	140.733685	14.820108	1.662828	NA
1310005	135.775	62.425	NA	NA	143.221206	NA	NA	NA
1310305	150.775	62.425	NA	NA	156.909984	NA	NA	NA
1310323	151.675	62.425	NA	NA	156.290721	NA	NA	NA
1310324	151.725	62.425	NA	NA	156.292499	NA	NA	NA
1310325	151.775	62.425	NA	NA	156.291686	NA	NA	NA
1310326	151.825	62.425	NA	NA	156.29448	NA	NA	NA
1310330	152.025	62.425	NA	NA	156.323156	NA	NA	NA
1310331	152.075	62.425	NA	NA	156.33776	NA	NA	NA
1310332	152.125	62.425	NA	NA	156.353294	NA	NA	NA
1310333	152.175	62.425	NA	NA	146.435822	NA	NA	NA
1310335	152.275	62.425	NA	NA	156.349583	NA	NA	NA
1310336	152.325	62.425	NA	NA	156.354428	NA	NA	NA
1310532	-163.875	62.375	NA	NA	140.331273	NA	NA	NA
1310609	-160.025	62.375	134.912833	128.350483	150.5863	15.673467	22.235817	NA
1315968	107.925	62.375	NA	NA	139.647741	NA	NA	NA
1315969	107.975	62.375	NA	NA	139.618275	NA	NA	NA
1315973	108.175	62.375	NA	NA	139.540121	NA	NA	NA
1315975	108.275	62.375	NA	NA	139.463594	NA	NA	NA
1316124	115.725	62.375	NA	NA	150.727574	NA	NA	NA
1316125	115.775	62.375	NA	NA	150.733594	NA	NA	NA
1316126	115.825	62.375	NA	NA	150.739714	NA	NA	NA
1316127	115.875	62.375	NA	NA	150.744927	NA	NA	NA
1316128	115.925	62.375	NA	NA	138.367938	NA	NA	NA
1316160	117.525	62.375	123.856418	137.951612	134.164634	10.308217	-3.786978	NA
1316411	130.075	62.375	129.681174	145.027681	151.289025	21.607851	6.261344	NA
1316525	135.775	62.375	125.232993	136.327226	152.65081	27.417817	16.323584	NA
1316526	135.825	62.375	NA	NA	159.759076	NA	NA	NA
1316825	150.775	62.375	NA	NA	156.989533	NA	NA	NA
1316851	152.075	62.375	NA	NA	156.33781	NA	NA	NA
1316852	152.125	62.375	NA	NA	156.344791	NA	NA	NA
1317052	-163.875	62.325	134.731808	133.180141	150.509708	15.7779	17.329567	NA
1317129	-160.025	62.325	134.830633	132.741044	137.299841	2.469208	4.558797	NA
1317130	-159.975	62.325	134.874598	133.000359	150.613997	15.739399	17.613637	NA
1322489	107.975	62.325	NA	NA	139.61265	NA	NA	NA
1322490	108.025	62.325	NA	NA	139.596681	NA	NA	NA
1322491	108.075	62.325	NA	NA	139.587418	NA	NA	NA
1322492	108.125	62.325	NA	NA	136.475154	NA	NA	NA
1322493	108.175	62.325	NA	NA	136.76468	NA	NA	NA
1322495	108.275	62.325	NA	NA	139.404953	NA	NA	NA
1322648	115.925	62.325	NA	NA	150.742533	NA	NA	NA
1322649	115.975	62.325	NA	NA	150.742766	NA	NA	NA
1322650	116.025	62.325	NA	NA	150.747281	NA	NA	NA
1322651	116.075	62.325	NA	NA	150.757701	NA	NA	NA
1322652	116.125	62.325	NA	NA	138.57417	NA	NA	NA
1322680	117.525	62.325	NA	NA	150.37819	NA	NA	NA
1322681	117.575	62.325	NA	NA	135.838369	NA	NA	NA
1322930	130.025	62.325	124.993631	140.682426	125.334182	0.340551	-15.348244	NA
1322931	130.075	62.325	127.847625	142.758032	151.260792	23.413167	8.50276	NA
1323046	135.825	62.325	125.211725	138.53441	152.431449	27.219724	13.897039	NA
1323345	150.775	62.325	NA	NA	156.980514	NA	NA	NA
1323572	-163.875	62.275	134.980273	132.6521	150.502041	15.521768	17.849941	NA
1323650	-159.975	62.275	135.15652	134.591096	150.621074	15.464555	16.029978	NA
1323651	-159.925	62.275	NA	NA	137.787042	NA	NA	NA
1329015	108.275	62.275	NA	NA	139.290578	NA	NA	NA
1329016	108.325	62.275	NA	NA	136.254856	NA	NA	NA
1329172	116.125	62.275	NA	NA	150.783509	NA	NA	NA
1329173	116.175	62.275	NA	NA	135.427663	NA	NA	NA
1329201	117.575	62.275	NA	NA	150.395041	NA	NA	NA
1329202	117.625	62.275	123.394379	125.839941	150.378453	26.984073	24.538511	NA
1329449	129.975	62.275	125.827407	142.025175	151.221356	25.393949	9.196181	NA
1329450	130.025	62.275	NA	NA	151.230063	NA	NA	NA
1329566	135.825	62.275	125.119942	138.649586	142.247175	17.127233	3.597589	NA
1329567	135.875	62.275	124.693675	137.87787	152.42206	27.728386	14.544191	NA
1329796	147.325	62.275	NA	NA	160.384053	NA	NA	NA
1329797	147.375	62.275	NA	NA	160.295021	NA	NA	NA
1329798	147.425	62.275	NA	NA	160.268544	NA	NA	NA
1329799	147.475	62.275	NA	NA	160.23549	NA	NA	NA
1329800	147.525	62.275	NA	NA	160.234877	NA	NA	NA
1329801	147.575	62.275	NA	NA	160.233512	NA	NA	NA
1329802	147.625	62.275	NA	NA	160.121563	NA	NA	NA
1329803	147.675	62.275	NA	NA	148.066373	NA	NA	NA
1329804	147.725	62.275	NA	NA	160.11958	NA	NA	NA
1329805	147.775	62.275	NA	NA	156.997911	NA	NA	NA
1329865	150.775	62.275	NA	NA	157.17854	NA	NA	NA
1329866	150.825	62.275	NA	NA	157.193572	NA	NA	NA
1330092	-163.875	62.225	NA	NA	141.982205	NA	NA	NA
1330171	-159.925	62.225	NA	NA	150.603325	NA	NA	NA
1330172	-159.875	62.225	134.282441	135.399913	150.606178	16.323736	15.206265	NA
1330173	-159.825	62.225	135.29656	135.241043	150.60942	15.31286	15.368377	NA
1330174	-159.775	62.225	135.186153	131.439924	150.612035	15.425882	19.172111	NA
1335535	108.275	62.225	NA	NA	135.935818	NA	NA	NA
1335536	108.325	62.225	NA	NA	139.280093	NA	NA	NA
1335692	116.125	62.225	NA	NA	150.770626	NA	NA	NA
1335693	116.175	62.225	NA	NA	150.755994	NA	NA	NA
1335722	117.625	62.225	NA	NA	150.373292	NA	NA	NA
1335723	117.675	62.225	NA	NA	150.359392	NA	NA	NA
1335724	117.725	62.225	123.569055	124.337957	138.571483	15.002428	14.233526	NA
1335968	129.925	62.225	127.4717	144.34095	151.167575	23.695875	6.826625	NA
1335969	129.975	62.225	125.827407	142.025175	151.204087	25.37668	9.178912	NA
1336086	135.825	62.225	125.845706	138.105298	152.389916	26.54421	14.284618	NA
1336087	135.875	62.225	124.733379	137.722021	152.399083	27.665704	14.677062	NA
1336316	147.325	62.225	NA	NA	160.426078	NA	NA	NA
1336325	147.775	62.225	NA	NA	158.455993	NA	NA	NA
1336326	147.825	62.225	NA	NA	158.454335	NA	NA	NA
1336327	147.875	62.225	NA	NA	158.463913	NA	NA	NA
1336328	147.925	62.225	NA	NA	148.192231	NA	NA	NA
1336329	147.975	62.225	NA	NA	147.760625	NA	NA	NA
1336384	150.725	62.225	NA	NA	157.184685	NA	NA	NA
1336385	150.775	62.225	NA	NA	153.141164	NA	NA	NA
1336612	-163.875	62.175	NA	NA	141.56076	NA	NA	NA
1336694	-159.775	62.175	NA	NA	133.910205	NA	NA	NA
1342054	108.225	62.175	NA	NA	139.210767	NA	NA	NA
1342055	108.275	62.175	NA	NA	139.251307	NA	NA	NA
1342212	116.125	62.175	NA	NA	150.772119	NA	NA	NA
1342243	117.675	62.175	NA	NA	150.500187	NA	NA	NA
1342244	117.725	62.175	124.577604	133.068147	150.360776	25.783172	17.292629	NA
1342487	129.875	62.175	125.593183	142.846246	151.159695	25.566512	8.313449	NA
1342488	129.925	62.175	124.003898	141.479812	125.880909	1.877012	-15.598902	NA
1342602	135.625	62.175	NA	NA	144.460095	NA	NA	NA
1342603	135.675	62.175	126.537518	140.578419	152.36356	25.826041	11.78514	NA
1342604	135.725	62.175	126.956902	140.23659	152.373021	25.416119	12.136431	NA
1342605	135.775	62.175	127.520291	141.160291	152.376501	24.85621	11.21621	NA
1342606	135.825	62.175	125.382087	137.393914	152.386088	27.004001	14.992174	NA
1342834	147.225	62.175	NA	NA	160.707617	NA	NA	NA
1342835	147.275	62.175	NA	NA	160.712824	NA	NA	NA
1342836	147.325	62.175	NA	NA	152.252691	NA	NA	NA
1342849	147.975	62.175	NA	NA	158.403863	NA	NA	NA
1342850	148.025	62.175	NA	NA	158.416641	NA	NA	NA
1342904	150.725	62.175	NA	NA	157.187566	NA	NA	NA
1343132	-163.875	62.125	NA	NA	136.978229	NA	NA	NA
1343133	-163.825	62.125	134.15968	133.306875	140.910402	6.750722	7.603526	NA
1343213	-159.825	62.125	135.651826	134.779747	137.254288	1.602462	2.47454	NA
1343214	-159.775	62.125	135.722239	133.745096	150.077611	14.355371	16.332515	NA
1348573	108.175	62.125	NA	NA	139.183967	NA	NA	NA
1348574	108.225	62.125	NA	NA	139.158568	NA	NA	NA
1348732	116.125	62.125	NA	NA	150.777759	NA	NA	NA
1348733	116.175	62.125	NA	NA	150.806211	NA	NA	NA
1348734	116.225	62.125	NA	NA	137.608702	NA	NA	NA
1348760	117.525	62.125	NA	NA	150.759333	NA	NA	NA
1348761	117.575	62.125	NA	NA	136.515607	NA	NA	NA
1348762	117.625	62.125	NA	NA	150.49538	NA	NA	NA
1348763	117.675	62.125	NA	NA	150.472771	NA	NA	NA
1349007	129.875	62.125	127.138259	143.44432	151.123017	23.984758	7.678697	NA
1349122	135.625	62.125	124.789847	131.036405	152.355945	27.566098	21.31954	NA
1349123	135.675	62.125	125.506513	135.347241	152.344888	26.838375	16.997647	NA
1349354	147.225	62.125	NA	NA	160.73139	NA	NA	NA
1349370	148.025	62.125	NA	NA	158.408878	NA	NA	NA
1349371	148.075	62.125	NA	NA	158.328515	NA	NA	NA
1349377	148.375	62.125	NA	NA	158.221019	NA	NA	NA
1349378	148.425	62.125	NA	NA	158.222197	NA	NA	NA
1349379	148.475	62.125	NA	NA	158.232455	NA	NA	NA
1349421	150.575	62.125	NA	NA	157.523948	NA	NA	NA
1349422	150.625	62.125	NA	NA	157.182008	NA	NA	NA
1349423	150.675	62.125	NA	NA	157.18711	NA	NA	NA
1349424	150.725	62.125	NA	NA	152.318403	NA	NA	NA
1349653	-163.825	62.075	134.732551	132.832397	150.423214	15.690663	17.590817	NA
1349654	-163.775	62.075	135.256537	134.380179	150.415974	15.159437	16.035795	NA
1349655	-163.725	62.075	134.85827	135.997329	150.418269	15.559999	14.42094	NA
1349656	-163.675	62.075	134.598179	136.346817	150.416152	15.817973	14.069335	NA
1349657	-163.625	62.075	134.431508	136.4339	150.407765	15.976257	13.973865	NA
1349658	-163.575	62.075	134.090691	135.483831	150.404485	16.313793	14.920654	NA
1349659	-163.525	62.075	135.020498	135.588043	150.398573	15.378075	14.81053	NA
1349660	-163.475	62.075	135.047739	134.059251	150.393978	15.346239	16.334727	NA
1349661	-163.425	62.075	134.826258	133.700596	150.390004	15.563746	16.689408	NA
1349729	-160.025	62.075	NA	NA	139.38525	NA	NA	NA
1349730	-159.975	62.075	135.363221	133.177097	150.106639	14.743418	16.929542	NA
1349731	-159.925	62.075	NA	NA	150.10067	NA	NA	NA
1349732	-159.875	62.075	NA	NA	150.094548	NA	NA	NA
1349733	-159.825	62.075	135.651826	134.779747	150.089916	14.43809	15.310169	NA
1355094	108.225	62.075	NA	NA	139.153317	NA	NA	NA
1355095	108.275	62.075	NA	NA	139.097584	NA	NA	NA
1355254	116.225	62.075	NA	NA	150.808498	NA	NA	NA
1355255	116.275	62.075	NA	NA	150.76878	NA	NA	NA
1355256	116.325	62.075	NA	NA	150.773137	NA	NA	NA
1355257	116.375	62.075	NA	NA	150.784345	NA	NA	NA
1355279	117.475	62.075	NA	NA	150.736397	NA	NA	NA
1355280	117.525	62.075	NA	NA	150.748267	NA	NA	NA
1355282	117.625	62.075	NA	NA	150.46274	NA	NA	NA
1355283	117.675	62.075	NA	NA	150.467539	NA	NA	NA
1355527	129.875	62.075	130.614576	146.305255	125.069063	-5.545512	-21.236192	NA
1355643	135.675	62.075	125.986569	136.866207	152.341594	26.355026	15.475388	NA
1355644	135.725	62.075	126.376038	138.663752	152.326742	25.950705	13.662991	NA
1355645	135.775	62.075	126.330464	139.878819	152.306863	25.976399	12.428044	NA
1355874	147.225	62.075	NA	NA	160.747165	NA	NA	NA
1355891	148.075	62.075	NA	NA	145.109195	NA	NA	NA
1355892	148.125	62.075	NA	NA	158.32788	NA	NA	NA
1355894	148.225	62.075	NA	NA	158.218218	NA	NA	NA
1355895	148.275	62.075	NA	NA	158.218213	NA	NA	NA
1355896	148.325	62.075	NA	NA	158.240846	NA	NA	NA
1355897	148.375	62.075	NA	NA	146.26737	NA	NA	NA
1355899	148.475	62.075	NA	NA	158.226962	NA	NA	NA
1355900	148.525	62.075	NA	NA	158.159175	NA	NA	NA
1355901	148.575	62.075	NA	NA	158.15673	NA	NA	NA
1355931	150.075	62.075	126.308135	131.570615	157.491809	31.183674	25.921194	NA
1355932	150.125	62.075	126.399555	131.829487	157.495374	31.095818	25.665887	NA
1355933	150.175	62.075	129.000412	135.347835	157.494694	28.494282	22.14686	NA
1355934	150.225	62.075	130.235943	136.075535	157.505041	27.269098	21.429506	NA
1355935	150.275	62.075	127.93034	132.575889	157.509643	29.579303	24.933753	NA
1355936	150.325	62.075	127.231979	131.374192	157.514523	30.282544	26.140331	NA
1355937	150.375	62.075	127.746828	132.089677	157.519891	29.773063	25.430214	NA
1355938	150.425	62.075	NA	NA	157.52728	NA	NA	NA
1355939	150.475	62.075	NA	NA	157.527041	NA	NA	NA
1355940	150.525	62.075	NA	NA	157.522252	NA	NA	NA
1355941	150.575	62.075	NA	NA	157.528624	NA	NA	NA
1356181	-163.425	62.025	NA	NA	140.89998	NA	NA	NA
1356182	-163.375	62.025	135.2035	132.914567	141.329528	6.126029	8.414961	NA
1356183	-163.325	62.025	134.44676	131.619183	150.385319	15.938559	18.766136	NA
1356184	-163.275	62.025	135.325995	133.368274	150.379539	15.053544	17.011265	NA
1356185	-163.225	62.025	135.619921	133.379543	147.881876	12.261955	14.502333	NA
1356197	-162.625	62.025	136.224989	135.102003	141.410039	5.18505	6.308036	NA
1356198	-162.575	62.025	136.278098	137.180453	146.446364	10.168266	9.26591	NA
1356199	-162.525	62.025	136.719281	134.733556	150.370792	13.651512	15.637236	NA
1356200	-162.475	62.025	136.33661	133.856641	150.354136	14.017525	16.497495	NA
1356249	-160.025	62.025	136.158192	132.419435	150.109628	13.951436	17.690193	NA
1361614	108.225	62.025	NA	NA	139.058289	NA	NA	NA
1361615	108.275	62.025	NA	NA	139.084044	NA	NA	NA
1361777	116.375	62.025	NA	NA	132.249247	NA	NA	NA
1361778	116.425	62.025	NA	NA	150.772743	NA	NA	NA
1361779	116.475	62.025	NA	NA	135.365433	NA	NA	NA
1361780	116.525	62.025	NA	NA	136.70003	NA	NA	NA
1361781	116.575	62.025	NA	NA	137.383586	NA	NA	NA
1361782	116.625	62.025	NA	NA	136.827934	NA	NA	NA
1361798	117.425	62.025	NA	NA	135.718475	NA	NA	NA
1361799	117.475	62.025	NA	NA	150.732339	NA	NA	NA
1362046	129.825	62.025	126.807718	143.325161	126.849134	0.041416	-16.476027	NA
1362047	129.875	62.025	127.044459	143.319868	151.102251	24.057792	7.782383	NA
1362163	135.675	62.025	127.565156	138.596263	143.157557	15.592401	4.561294	NA
1362164	135.725	62.025	126.422237	137.128762	152.304293	25.882056	15.175531	NA
1362165	135.775	62.025	125.255498	138.277164	152.323788	27.06829	14.046623	NA
1362394	147.225	62.025	NA	NA	160.805762	NA	NA	NA
1362395	147.275	62.025	NA	NA	160.830255	NA	NA	NA
1362412	148.125	62.025	NA	NA	147.867899	NA	NA	NA
1362413	148.175	62.025	NA	NA	158.210348	NA	NA	NA
1362414	148.225	62.025	NA	NA	158.216116	NA	NA	NA
1362421	148.575	62.025	NA	NA	158.129925	NA	NA	NA
1362422	148.625	62.025	NA	NA	158.120281	NA	NA	NA
1362449	149.975	62.025	126.049424	131.452366	157.445778	31.396354	25.993411	NA
1362450	150.025	62.025	126.20384	131.680055	157.463276	31.259436	25.783221	NA
1362451	150.075	62.025	126.132289	131.960205	157.485382	31.353093	25.525177	NA
1362705	-163.225	61.975	135.59584	133.318518	150.40865	14.81281	17.090132	NA
1362706	-163.175	61.975	NA	NA	141.395374	NA	NA	NA
1362716	-162.675	61.975	135.994139	133.170183	150.393065	14.398926	17.222881	NA
1362717	-162.625	61.975	136.20751	135.013553	150.381464	14.173954	15.367911	NA
1362720	-162.475	61.975	136.33661	133.856641	139.833571	3.496961	5.97693	NA
1362721	-162.425	61.975	135.690872	134.839475	150.34989	14.659018	15.510416	NA
1362722	-162.375	61.975	NA	NA	140.768426	NA	NA	NA
1362723	-162.325	61.975	135.453165	133.503203	150.32559	14.872425	16.822387	NA
1362724	-162.275	61.975	134.528963	131.205395	150.310709	15.781746	19.105314	NA
1362725	-162.225	61.975	134.260347	130.46727	150.306156	16.045809	19.838886	NA
1362726	-162.175	61.975	NA	NA	150.30115	NA	NA	NA
1362752	-160.875	61.975	135.634439	133.933527	150.142852	14.508413	16.209325	NA
1362753	-160.825	61.975	135.513279	133.079065	150.139548	14.626269	17.060483	NA
1362754	-160.775	61.975	135.491384	134.192972	150.13819	14.646806	15.945218	NA
1362755	-160.725	61.975	135.510133	134.913872	150.13522	14.625087	15.221348	NA
1362756	-160.675	61.975	135.63013	134.385632	150.139938	14.509807	15.754306	NA
1362757	-160.625	61.975	135.319864	132.446019	150.134753	14.814888	17.688734	NA
1362758	-160.575	61.975	134.035162	130.116639	141.225448	7.190286	11.10881	NA
1362759	-160.525	61.975	132.41723	131.249833	144.382177	11.964947	13.132344	NA
1362760	-160.475	61.975	131.444997	136.071861	141.081205	9.636208	5.009344	NA
1362761	-160.425	61.975	133.020826	138.314462	150.116833	17.096007	11.802371	NA
1362762	-160.375	61.975	133.707866	137.26875	150.112181	16.404316	12.843431	NA
1362763	-160.325	61.975	135.06195	135.453177	150.108177	15.046227	14.655	NA
1362764	-160.275	61.975	135.097425	130.186426	150.105817	15.008393	19.919391	NA
1362765	-160.225	61.975	NA	NA	150.103411	NA	NA	NA
1362766	-160.175	61.975	NA	NA	150.102061	NA	NA	NA
1362767	-160.125	61.975	NA	NA	138.047895	NA	NA	NA
1362768	-160.075	61.975	135.074749	130.943291	138.041121	2.966371	7.097829	NA
1362769	-160.025	61.975	136.096633	132.237408	150.120821	14.024188	17.883413	NA
1368132	108.125	61.975	NA	NA	139.021272	NA	NA	NA
1368133	108.175	61.975	NA	NA	139.050209	NA	NA	NA
1368134	108.225	61.975	NA	NA	137.509149	NA	NA	NA
1368302	116.625	61.975	NA	NA	150.737334	NA	NA	NA
1368303	116.675	61.975	NA	NA	150.738094	NA	NA	NA
1368304	116.725	61.975	NA	NA	150.743986	NA	NA	NA
1368305	116.775	61.975	NA	NA	150.747788	NA	NA	NA
1368306	116.825	61.975	NA	NA	150.75533	NA	NA	NA
1368307	116.875	61.975	NA	NA	150.763033	NA	NA	NA
1368308	116.925	61.975	NA	NA	150.764939	NA	NA	NA
1368309	116.975	61.975	NA	NA	138.455948	NA	NA	NA
1368310	117.025	61.975	NA	NA	136.960091	NA	NA	NA
1368315	117.275	61.975	NA	NA	150.778313	NA	NA	NA
1368316	117.325	61.975	NA	NA	150.786257	NA	NA	NA
1368317	117.375	61.975	NA	NA	150.789835	NA	NA	NA
1368318	117.425	61.975	NA	NA	150.720636	NA	NA	NA
1368566	129.825	61.975	128.663709	144.661474	126.385108	-2.278601	-18.276365	NA
1368680	135.525	61.975	124.454614	138.852124	140.707137	16.252522	1.855012	NA
1368681	135.575	61.975	125.920257	139.799078	152.284065	26.363808	12.484987	NA
1368682	135.625	61.975	127.055098	140.641934	152.279644	25.224546	11.63771	NA
1368683	135.675	61.975	128.540299	142.1132	152.298817	23.758518	10.185617	NA
1368915	147.275	61.975	NA	NA	149.759424	NA	NA	NA
1368916	147.325	61.975	NA	NA	160.907631	NA	NA	NA
1368917	147.375	61.975	NA	NA	160.91648	NA	NA	NA
1368942	148.625	61.975	NA	NA	158.115619	NA	NA	NA
1368943	148.675	61.975	NA	NA	158.093593	NA	NA	NA
1368966	149.825	61.975	126.202258	131.105891	157.376982	31.174724	26.271091	NA
1368967	149.875	61.975	125.434527	130.408298	157.413397	31.97887	27.005098	NA
1368968	149.925	61.975	125.852028	131.14652	157.424584	31.572556	26.278064	NA
1368969	149.975	61.975	126.049424	131.452366	157.438582	31.389158	25.986215	NA
1369226	-163.175	61.925	135.034993	134.222735	150.393011	15.358019	16.170276	NA
1369227	-163.125	61.925	NA	NA	150.388576	NA	NA	NA
1369231	-162.925	61.925	NA	NA	150.371315	NA	NA	NA
1369232	-162.875	61.925	135.239927	134.493125	150.383034	15.143106	15.889908	NA
1369233	-162.825	61.925	134.564307	133.188192	150.411793	15.847486	17.2236	NA
1369234	-162.775	61.925	135.576477	133.892485	150.405862	14.829385	16.513377	NA
1369235	-162.725	61.925	NA	NA	141.462661	NA	NA	NA
1369236	-162.675	61.925	135.289965	132.710132	150.389905	15.09994	17.679773	NA
1369241	-162.425	61.925	NA	NA	150.337301	NA	NA	NA
1369242	-162.375	61.925	NA	NA	150.329964	NA	NA	NA
1369246	-162.175	61.925	132.642244	128.950536	138.268483	5.626238	9.317946	NA
1369247	-162.125	61.925	NA	NA	150.313524	NA	NA	NA
1369266	-161.175	61.925	NA	NA	144.719962	NA	NA	NA
1369267	-161.125	61.925	133.95291	129.933101	144.583858	10.630948	14.650757	NA
1369268	-161.075	61.925	133.638271	128.847317	144.974924	11.336654	16.127607	NA
1369269	-161.025	61.925	134.275631	133.366414	150.148901	15.87327	16.782487	NA
1369270	-160.975	61.925	134.082054	140.025621	150.146236	16.064182	10.120615	NA
1369271	-160.925	61.925	NA	NA	150.146545	NA	NA	NA
1369272	-160.875	61.925	135.634439	133.933527	150.145489	14.51105	16.211962	NA
1374650	108.025	61.925	NA	NA	139.010833	NA	NA	NA
1374651	108.075	61.925	NA	NA	136.007255	NA	NA	NA
1374652	108.125	61.925	NA	NA	138.919954	NA	NA	NA
1374830	117.025	61.925	NA	NA	150.767646	NA	NA	NA
1374831	117.075	61.925	NA	NA	150.765511	NA	NA	NA
1374832	117.125	61.925	NA	NA	150.767147	NA	NA	NA
1374833	117.175	61.925	NA	NA	150.772417	NA	NA	NA
1374834	117.225	61.925	NA	NA	150.769894	NA	NA	NA
1374835	117.275	61.925	NA	NA	150.77935	NA	NA	NA
1375085	129.775	61.925	124.311941	141.01808	151.062915	26.750974	10.044835	NA
1375086	129.825	61.925	128.333587	144.644476	151.017686	22.6841	6.37321	NA
1375200	135.525	61.925	125.803533	139.747899	152.269186	26.465654	12.521287	NA
1375437	147.375	61.925	NA	NA	161.193004	NA	NA	NA
1375438	147.425	61.925	NA	NA	161.204845	NA	NA	NA
1375462	148.625	61.925	NA	NA	158.102479	NA	NA	NA
1375463	148.675	61.925	NA	NA	158.096757	NA	NA	NA
1375484	149.725	61.925	NA	NA	157.349788	NA	NA	NA
1375485	149.775	61.925	126.004238	130.931744	157.368974	31.364735	26.43723	NA
1375486	149.825	61.925	126.014997	130.68984	147.78754	21.772543	17.0977	NA
1375747	-163.125	61.875	135.47688	131.436096	139.406008	3.929128	7.969913	NA
1375748	-163.075	61.875	135.469272	131.519678	139.06238	3.593107	7.542701	NA
1375749	-163.025	61.875	135.349465	133.086007	136.302865	0.953399	3.216858	NA
1375750	-162.975	61.875	135.840887	133.640636	134.645643	-1.195244	1.005008	NA
1375751	-162.925	61.875	135.55754	135.21919	139.710796	4.153256	4.491605	NA
1375767	-162.125	61.875	132.346316	128.328829	150.300681	17.954365	21.971852	NA
1375784	-161.275	61.875	135.38761	131.608544	150.182827	14.795217	18.574283	NA
1375785	-161.225	61.875	135.128369	132.15705	150.171986	15.043617	18.014937	NA
1375786	-161.175	61.875	NA	NA	150.16421	NA	NA	NA
1381170	108.025	61.875	NA	NA	138.955105	NA	NA	NA
1381171	108.075	61.875	NA	NA	138.929335	NA	NA	NA
1381172	108.125	61.875	NA	NA	138.874333	NA	NA	NA
1381604	129.725	61.875	124.35959	140.978236	151.039144	26.679555	10.060909	NA
1381605	129.775	61.875	NA	NA	128.307177	NA	NA	NA
1381720	135.525	61.875	125.053793	139.025756	152.233812	27.180019	13.208056	NA
1381917	145.375	61.875	NA	NA	163.920266	NA	NA	NA
1381918	145.425	61.875	NA	NA	163.7867	NA	NA	NA
1381919	145.475	61.875	NA	NA	164.068035	NA	NA	NA
1381920	145.525	61.875	NA	NA	163.887557	NA	NA	NA
1381921	145.575	61.875	NA	NA	163.847217	NA	NA	NA
1381922	145.625	61.875	NA	NA	163.802409	NA	NA	NA
1381923	145.675	61.875	NA	NA	163.735611	NA	NA	NA
1381924	145.725	61.875	NA	NA	163.714099	NA	NA	NA
1381925	145.775	61.875	NA	NA	163.652872	NA	NA	NA
1381926	145.825	61.875	NA	NA	163.66001	NA	NA	NA
1381927	145.875	61.875	NA	NA	162.541045	NA	NA	NA
1381958	147.425	61.875	NA	NA	161.209277	NA	NA	NA
1381982	148.625	61.875	NA	NA	158.115111	NA	NA	NA
1381983	148.675	61.875	NA	NA	155.493191	NA	NA	NA
1382002	149.625	61.875	125.714376	130.08495	157.329288	31.614913	27.244338	NA
1382003	149.675	61.875	125.486565	129.227661	157.355168	31.868604	28.127508	NA
1382004	149.725	61.875	125.506424	129.647037	146.664876	21.158452	17.017839	NA
1382287	-162.125	61.825	NA	NA	150.29895	NA	NA	NA
1382288	-162.075	61.825	133.641683	130.635355	135.227928	1.586245	4.592573	NA
1382303	-161.325	61.825	134.643308	137.281686	150.186336	15.543028	12.904651	NA
1382304	-161.275	61.825	135.434596	131.42521	138.494608	3.060013	7.069398	NA
1387691	108.075	61.825	NA	NA	138.855736	NA	NA	NA
1387692	108.125	61.825	NA	NA	137.7867	NA	NA	NA
1388123	129.675	61.825	125.520136	142.155407	150.995788	25.475652	8.840381	NA
1388124	129.725	61.825	124.461624	140.930322	125.574012	1.112387	-15.35631	NA
1388240	135.525	61.825	125.729991	139.150898	152.221382	26.491391	13.070485	NA
1388436	145.325	61.825	NA	NA	164.316752	NA	NA	NA
1388437	145.375	61.825	NA	NA	164.226367	NA	NA	NA
1388438	145.425	61.825	NA	NA	164.188784	NA	NA	NA
1388447	145.875	61.825	NA	NA	163.536747	NA	NA	NA
1388448	145.925	61.825	NA	NA	163.538942	NA	NA	NA
1388449	145.975	61.825	NA	NA	162.458111	NA	NA	NA
1388478	147.425	61.825	NA	NA	161.33143	NA	NA	NA
1388503	148.675	61.825	NA	NA	158.108816	NA	NA	NA
1388504	148.725	61.825	NA	NA	153.382145	NA	NA	NA
1388521	149.575	61.825	126.163404	130.936879	157.338581	31.175178	26.401702	NA
1388522	149.625	61.825	126.257201	130.672124	143.857106	17.599905	13.184982	NA
1388808	-162.075	61.775	NA	NA	150.283786	NA	NA	NA
1388809	-162.025	61.775	133.83965	129.311021	150.268848	16.429198	20.957827	NA
1388823	-161.325	61.775	135.997291	132.130896	150.18855	14.191259	18.057654	NA
1394209	107.975	61.775	NA	NA	138.743126	NA	NA	NA
1394210	108.025	61.775	NA	NA	138.770272	NA	NA	NA
1394211	108.075	61.775	NA	NA	136.676705	NA	NA	NA
1394643	129.675	61.775	127.850442	144.510131	150.959315	23.108873	6.449185	NA
1394754	135.225	61.775	126.306416	138.726416	152.168867	25.862451	13.442452	NA
1394755	135.275	61.775	127.325011	138.781182	152.174847	24.849836	13.393665	NA
1394756	135.325	61.775	128.243861	140.891088	152.181129	23.937268	11.290041	NA
1394757	135.375	61.775	124.534124	139.035201	152.188659	27.654535	13.153458	NA
1394758	135.425	61.775	125.170405	139.01514	152.192956	27.022551	13.177816	NA
1394759	135.475	61.775	126.705889	141.188545	152.196027	25.490137	11.007482	NA
1394760	135.525	61.775	126.27147	140.741894	152.203682	25.932212	11.461788	NA
1394941	144.575	61.775	NA	NA	165.678711	NA	NA	NA
1394942	144.625	61.775	NA	NA	164.992076	NA	NA	NA
1394943	144.675	61.775	NA	NA	164.88596	NA	NA	NA
1394952	145.125	61.775	NA	NA	163.208595	NA	NA	NA
1394953	145.175	61.775	NA	NA	164.859054	NA	NA	NA
1394954	145.225	61.775	NA	NA	164.837662	NA	NA	NA
1394955	145.275	61.775	NA	NA	164.817435	NA	NA	NA
1394956	145.325	61.775	NA	NA	162.358756	NA	NA	NA
1394969	145.975	61.775	NA	NA	163.449108	NA	NA	NA
1394970	146.025	61.775	NA	NA	163.455132	NA	NA	NA
1394971	146.075	61.775	NA	NA	163.461119	NA	NA	NA
1394972	146.125	61.775	NA	NA	162.600154	NA	NA	NA
1394998	147.425	61.775	NA	NA	161.37582	NA	NA	NA
1395024	148.725	61.775	NA	NA	158.108929	NA	NA	NA
1395025	148.775	61.775	NA	NA	158.113498	NA	NA	NA
1395041	149.575	61.775	126.17251	131.067804	157.327475	31.154966	26.259671	NA
1395329	-162.025	61.725	133.530113	130.154244	139.477674	5.947561	9.323431	NA
1395330	-161.975	61.725	134.17839	131.657379	150.265185	16.086796	18.607806	NA
1395343	-161.325	61.725	135.277407	130.849155	150.207743	14.930336	19.358588	NA
1400728	107.925	61.725	NA	NA	138.724515	NA	NA	NA
1400729	107.975	61.725	NA	NA	138.725323	NA	NA	NA
1400730	108.025	61.725	NA	NA	138.712179	NA	NA	NA
1401162	129.625	61.725	128.466053	144.685241	150.938484	22.472431	6.253243	NA
1401163	129.675	61.725	128.776706	145.805405	121.602581	-7.174125	-24.202825	NA
1401273	135.175	61.725	126.067675	136.566807	152.165364	26.097689	15.598556	NA
1401274	135.225	61.725	125.821875	135.099994	152.155215	26.333341	17.055221	NA
1401463	144.675	61.725	NA	NA	166.240484	NA	NA	NA
1401464	144.725	61.725	NA	NA	165.610654	NA	NA	NA
1401469	144.975	61.725	NA	NA	165.11979	NA	NA	NA
1401470	145.025	61.725	NA	NA	165.067304	NA	NA	NA
1401471	145.075	61.725	NA	NA	165.087194	NA	NA	NA
1401472	145.125	61.725	NA	NA	164.906637	NA	NA	NA
1401492	146.125	61.725	NA	NA	163.376397	NA	NA	NA
1401493	146.175	61.725	NA	NA	163.38177	NA	NA	NA
1401518	147.425	61.725	NA	NA	161.410227	NA	NA	NA
1401545	148.775	61.725	NA	NA	158.12309	NA	NA	NA
1401560	149.525	61.725	126.715602	132.378801	150.616351	23.900749	18.23755	NA
1401561	149.575	61.725	126.665716	132.10128	157.240825	30.575109	25.139545	NA
1401850	-161.975	61.675	134.310501	131.886844	139.323933	5.013432	7.437089	NA
1401851	-161.925	61.675	135.131738	133.707611	150.255938	15.1242	16.548327	NA
1401859	-161.525	61.675	NA	NA	146.9848	NA	NA	NA
1401860	-161.475	61.675	NA	NA	141.974903	NA	NA	NA
1401861	-161.425	61.675	NA	NA	137.947665	NA	NA	NA
1401862	-161.375	61.675	NA	NA	150.191969	NA	NA	NA
1401863	-161.325	61.675	134.864786	130.488702	137.790158	2.925372	7.301456	NA
1407249	107.975	61.675	NA	NA	138.701805	NA	NA	NA
1407250	108.025	61.675	NA	NA	138.657264	NA	NA	NA
1407680	129.525	61.675	NA	NA	120.298153	NA	NA	NA
1407681	129.575	61.675	126.413388	142.76153	150.897437	24.484049	8.135907	NA
1407682	129.625	61.675	129.500991	145.213497	150.919704	21.418713	5.706207	NA
1407794	135.225	61.675	124.859644	135.361084	152.149656	27.290012	16.788572	NA
1407795	135.275	61.675	126.266743	139.060046	152.133134	25.866391	13.073088	NA
1407984	144.725	61.675	NA	NA	165.605494	NA	NA	NA
1407985	144.775	61.675	NA	NA	165.479448	NA	NA	NA
1407986	144.825	61.675	NA	NA	165.415302	NA	NA	NA
1407987	144.875	61.675	NA	NA	165.351445	NA	NA	NA
1407988	144.925	61.675	NA	NA	165.254669	NA	NA	NA
1407989	144.975	61.675	NA	NA	165.189838	NA	NA	NA
1408013	146.175	61.675	NA	NA	161.607332	NA	NA	NA
1408014	146.225	61.675	NA	NA	163.340499	NA	NA	NA
1408038	147.425	61.675	NA	NA	152.310127	NA	NA	NA
1408039	147.475	61.675	NA	NA	161.455207	NA	NA	NA
1408065	148.775	61.675	NA	NA	143.249166	NA	NA	NA
1408066	148.825	61.675	NA	NA	143.161863	NA	NA	NA
1408067	148.875	61.675	128.575896	136.526994	157.68251	29.106614	21.155516	NA
1408068	148.925	61.675	130.034862	134.086373	157.687644	27.652782	23.601271	NA
1408069	148.975	61.675	130.046872	134.878953	157.69284	27.645969	22.813887	NA
1408070	149.025	61.675	NA	NA	157.692445	NA	NA	NA
1408071	149.075	61.675	NA	NA	157.694707	NA	NA	NA
1408072	149.125	61.675	126.967871	131.20329	157.709936	30.742065	26.506647	NA
1408073	149.175	61.675	128.477597	134.480404	153.450814	24.973217	18.97041	NA
1408074	149.225	61.675	127.992282	134.511345	150.802323	22.810041	16.290978	NA
1408075	149.275	61.675	130.687646	136.626491	157.739426	27.05178	21.112935	NA
1408076	149.325	61.675	128.153016	133.809518	157.754933	29.601918	23.945416	NA
1408077	149.375	61.675	129.597908	135.441633	157.771685	28.173777	22.330052	NA
1408078	149.425	61.675	128.097086	133.730046	147.936685	19.839599	14.206639	NA
1408079	149.475	61.675	NA	NA	157.201158	NA	NA	NA
1408080	149.525	61.675	126.917093	132.871607	157.230119	30.313025	24.358512	NA
1408371	-161.925	61.625	134.525518	131.964604	138.582059	4.056541	6.617455	NA
1408373	-161.825	61.625	134.720007	130.884215	141.624451	6.904445	10.740236	NA
1408374	-161.775	61.625	134.338865	131.483893	150.215904	15.877039	18.732012	NA
1408375	-161.725	61.625	134.152919	131.384869	150.210862	16.057943	18.825993	NA
1408376	-161.675	61.625	NA	NA	150.208266	NA	NA	NA
1408377	-161.625	61.625	NA	NA	150.203146	NA	NA	NA
1408378	-161.575	61.625	131.59635	135.698937	150.201022	18.604672	14.502085	NA
1408379	-161.525	61.625	NA	NA	150.19932	NA	NA	NA
1413769	107.975	61.625	NA	NA	138.492671	NA	NA	NA
1413770	108.025	61.625	NA	NA	138.508243	NA	NA	NA
1413771	108.075	61.625	NA	NA	138.554752	NA	NA	NA
1413772	108.125	61.625	NA	NA	138.586704	NA	NA	NA
1413773	108.175	61.625	NA	NA	138.619715	NA	NA	NA
1414198	129.425	61.625	130.893686	146.519657	150.853517	19.959832	4.33386	NA
1414199	129.475	61.625	129.334308	145.439796	150.872436	21.538128	5.432641	NA
1414200	129.525	61.625	131.351582	147.37923	150.877955	19.526374	3.498725	NA
1414315	135.275	61.625	NA	NA	139.6799	NA	NA	NA
1414316	135.325	61.625	NA	NA	152.126324	NA	NA	NA
1414317	135.375	61.625	NA	NA	152.109454	NA	NA	NA
1414318	135.425	61.625	NA	NA	152.125846	NA	NA	NA
1414319	135.475	61.625	125.83068	138.718548	152.115001	26.284321	13.396453	NA
1414320	135.525	61.625	126.268111	137.913519	152.104364	25.836253	14.190845	NA
1414534	146.225	61.625	NA	NA	160.728248	NA	NA	NA
1414535	146.275	61.625	NA	NA	163.256394	NA	NA	NA
1414536	146.325	61.625	NA	NA	163.257172	NA	NA	NA
1414557	147.375	61.625	NA	NA	157.818998	NA	NA	NA
1414558	147.425	61.625	NA	NA	162.14534	NA	NA	NA
1414598	149.425	61.625	127.988509	134.733538	157.780042	29.791533	23.046504	NA
1414599	149.475	61.625	126.69386	132.946017	157.191941	30.498081	24.245924	NA
1414891	-161.925	61.575	133.890128	128.679938	150.232883	16.342754	21.552945	NA
1414892	-161.875	61.575	134.178733	129.689103	150.222941	16.044207	20.533837	NA
1414893	-161.825	61.575	134.7765	130.994469	150.220516	15.444017	19.226048	NA
1420289	107.975	61.575	NA	NA	138.483265	NA	NA	NA
1420290	108.025	61.575	NA	NA	135.304345	NA	NA	NA
1420291	108.075	61.575	NA	NA	135.316189	NA	NA	NA
1420292	108.125	61.575	NA	NA	138.581358	NA	NA	NA
1420715	129.275	61.575	125.713227	142.665084	150.785598	25.072371	8.120514	NA
1420716	129.325	61.575	125.372124	141.350143	150.829852	25.457728	9.479708	NA
1420717	129.375	61.575	129.294933	145.414254	131.800017	2.505084	-13.614237	NA
1420718	129.425	61.575	131.719904	147.18359	121.144231	-10.575673	-26.039359	NA
1420840	135.525	61.575	126.706726	139.286111	152.080424	25.373698	12.794313	NA
1421056	146.325	61.575	NA	NA	163.204047	NA	NA	NA
1421057	146.375	61.575	NA	NA	163.204462	NA	NA	NA
1421076	147.325	61.575	NA	NA	153.562634	NA	NA	NA
1421077	147.375	61.575	NA	NA	162.326811	NA	NA	NA
1426809	107.975	61.525	NA	NA	135.301678	NA	NA	NA
1426810	108.025	61.525	NA	NA	138.45972	NA	NA	NA
1427234	129.225	61.525	133.399083	148.35831	150.772186	17.373103	2.413876	NA
1427235	129.275	61.525	126.443511	143.005054	119.412283	-7.031227	-23.592771	NA
1427357	135.375	61.525	127.379869	142.605925	152.050933	24.671064	9.445007	NA
1427358	135.425	61.525	127.67109	142.65717	152.05665	24.38556	9.399481	NA
1427359	135.475	61.525	128.142079	143.326516	152.059343	23.917264	8.732827	NA
1427360	135.525	61.525	129.757821	145.08872	152.067748	22.309927	6.979028	NA
1427577	146.375	61.525	NA	NA	162.339744	NA	NA	NA
1427578	146.425	61.525	NA	NA	163.07143	NA	NA	NA
1427579	146.475	61.525	NA	NA	163.079625	NA	NA	NA
1427590	147.025	61.525	NA	NA	160.014333	NA	NA	NA
1427591	147.075	61.525	NA	NA	159.689743	NA	NA	NA
1427593	147.175	61.525	NA	NA	162.43082	NA	NA	NA
1427594	147.225	61.525	NA	NA	162.42174	NA	NA	NA
1427595	147.275	61.525	NA	NA	162.384502	NA	NA	NA
1427596	147.325	61.525	NA	NA	162.361148	NA	NA	NA
1433329	107.975	61.475	NA	NA	138.413861	NA	NA	NA
1433330	108.025	61.475	NA	NA	138.431554	NA	NA	NA
1433752	129.125	61.475	127.401452	143.99905	150.708929	23.307477	6.709879	NA
1433753	129.175	61.475	129.685994	145.90254	150.742092	21.056098	4.839553	NA
1433754	129.225	61.475	134.709561	149.919	121.800928	-12.908633	-28.118072	NA
1433876	135.325	61.475	124.862191	139.120681	152.031591	27.1694	12.910911	NA
1433877	135.375	61.475	127.381322	142.625079	152.042948	24.661627	9.41787	NA
1434099	146.475	61.475	NA	NA	163.075422	NA	NA	NA
1434100	146.525	61.475	NA	NA	163.081659	NA	NA	NA
1434101	146.575	61.475	NA	NA	162.294681	NA	NA	NA
1434107	146.875	61.475	NA	NA	162.676775	NA	NA	NA
1434108	146.925	61.475	NA	NA	162.656729	NA	NA	NA
1434109	146.975	61.475	NA	NA	162.581823	NA	NA	NA
1434110	147.025	61.475	NA	NA	162.529619	NA	NA	NA
1434111	147.075	61.475	NA	NA	162.496556	NA	NA	NA
1434112	147.125	61.475	NA	NA	162.46134	NA	NA	NA
1434113	147.175	61.475	NA	NA	162.449566	NA	NA	NA
1439849	107.975	61.425	NA	NA	138.400166	NA	NA	NA
1440270	129.025	61.425	129.576479	144.204156	150.687039	21.110561	6.482884	NA
1440271	129.075	61.425	NA	NA	150.703816	NA	NA	NA
1440272	129.125	61.425	127.378203	143.970986	119.233493	-8.14471	-24.737493	NA
1440396	135.325	61.425	126.034749	139.375663	152.022922	25.988173	12.647258	NA
1440397	135.375	61.425	125.113292	138.641615	140.198035	15.084743	1.556421	NA
1440621	146.575	61.425	NA	NA	163.063752	NA	NA	NA
1440622	146.625	61.425	NA	NA	163.046437	NA	NA	NA
1440623	146.675	61.425	NA	NA	163.009536	NA	NA	NA
1440624	146.725	61.425	NA	NA	162.771724	NA	NA	NA
1440625	146.775	61.425	NA	NA	162.764687	NA	NA	NA
1440626	146.825	61.425	NA	NA	162.723133	NA	NA	NA
1440627	146.875	61.425	NA	NA	162.714196	NA	NA	NA
1446369	107.975	61.375	NA	NA	136.232841	NA	NA	NA
1446370	108.025	61.375	NA	NA	138.383027	NA	NA	NA
1446787	128.875	61.375	132.019209	147.321746	150.659672	18.640463	3.337926	NA
1446788	128.925	61.375	130.911687	146.600584	150.665368	19.753681	4.064784	NA
1446789	128.975	61.375	129.498789	144.756189	150.681533	21.182743	5.925343	NA
1446790	129.025	61.375	127.865127	144.849284	122.476233	-5.388894	-22.373051	NA
1446917	135.375	61.375	127.963775	142.150321	152.004127	24.040352	9.853806	NA
1446918	135.425	61.375	126.364723	140.252686	151.989161	25.624438	11.736476	NA
1446919	135.475	61.375	126.71915	140.58508	151.98324	25.26409	11.39816	NA
1446920	135.525	61.375	124.842762	136.79465	151.988577	27.145814	15.193926	NA
1452890	108.025	61.325	NA	NA	138.355635	NA	NA	NA
1452891	108.075	61.325	NA	NA	135.351267	NA	NA	NA
1453304	128.725	61.325	127.136769	141.869315	123.344575	-3.792194	-18.52474	NA
1453305	128.775	61.325	128.031005	144.23844	150.640378	22.609373	6.401938	NA
1453306	128.825	61.325	130.323053	145.846317	150.654854	20.331801	4.808537	NA
1453307	128.875	61.325	133.533815	148.187903	121.058645	-12.47517	-27.129259	NA
1453439	135.475	61.325	126.931784	140.303742	151.974582	25.042798	11.67084	NA
1453440	135.525	61.325	126.202858	137.839091	151.984485	25.781628	14.145394	NA
1459410	108.025	61.275	NA	NA	138.371811	NA	NA	NA
1459959	135.475	61.275	126.466879	139.418279	151.971233	25.504354	12.552954	NA
1465928	107.925	61.225	NA	NA	138.336674	NA	NA	NA
1465929	107.975	61.225	NA	NA	138.259055	NA	NA	NA
1465930	108.025	61.225	NA	NA	135.625121	NA	NA	NA
1466479	135.475	61.225	125.339597	138.703716	151.969036	26.629439	13.26532	NA
1472449	107.975	61.175	NA	NA	135.386597	NA	NA	NA
1472450	108.025	61.175	NA	NA	138.258995	NA	NA	NA
1472999	135.475	61.175	NA	NA	142.044127	NA	NA	NA
1473000	135.525	61.175	NA	NA	151.949271	NA	NA	NA
1478969	107.975	61.125	NA	NA	138.162685	NA	NA	NA
1478970	108.025	61.125	NA	NA	138.19032	NA	NA	NA
1479520	135.525	61.125	126.783516	140.951455	151.934335	25.150819	10.98288	NA
1485487	107.875	61.075	NA	NA	133.968558	NA	NA	NA
1485488	107.925	61.075	NA	NA	134.228134	NA	NA	NA
1485489	107.975	61.075	NA	NA	135.000654	NA	NA	NA
1485490	108.025	61.075	NA	NA	134.448011	NA	NA	NA
1486038	135.425	61.075	NA	NA	139.987943	NA	NA	NA
1486039	135.475	61.075	126.743387	140.441465	151.922692	25.179305	11.481227	NA
1486040	135.525	61.075	NA	NA	138.805744	NA	NA	NA
1492558	135.425	61.025	126.462128	139.75074	151.906889	25.444761	12.156149	NA
1499077	135.375	60.975	127.331864	141.629857	151.938746	24.606882	10.308888	NA
1499078	135.425	60.975	127.239684	141.702836	151.948991	24.709307	10.246154	NA
1505596	135.325	60.925	126.002533	139.745363	138.122019	12.119487	-1.623344	NA
1505597	135.375	60.925	125.584903	139.627546	151.934898	26.349995	12.307352	NA
1512116	135.325	60.875	125.466818	139.253808	151.913528	26.446709	12.659719	NA
1512117	135.375	60.875	126.408216	139.466898	151.927311	25.519095	12.460413	NA
1518632	135.125	60.825	125.056329	137.678958	139.212961	14.156632	1.534003	NA
1518633	135.175	60.825	127.409866	140.554324	151.903244	24.493378	11.34892	NA
1518634	135.225	60.825	128.684132	143.395374	151.89734	23.213207	8.501966	NA
1518635	135.275	60.825	125.813648	139.857328	151.912075	26.098427	12.054747	NA
1518636	135.325	60.825	127.218729	140.552831	141.844636	14.625907	1.291804	NA
1525152	135.125	60.775	124.620267	137.037391	151.887879	27.267612	14.850488	NA
1531668	134.925	60.725	125.818253	139.058857	139.807124	13.98887	0.748267	NA
1531669	134.975	60.725	126.801757	140.520802	151.82915	25.027392	11.308347	NA
1531670	135.025	60.725	128.809392	142.828497	151.841549	23.032158	9.013052	NA
1531671	135.075	60.725	127.737233	141.812943	151.846346	24.109113	10.033403	NA
1531672	135.125	60.725	127.041617	140.632141	151.861038	24.819421	11.228897	NA
1538188	134.925	60.675	126.236022	139.579529	151.817708	25.581686	12.238179	NA
1544708	134.925	60.625	125.935617	139.246666	151.802692	25.867075	12.556026	NA
1551228	134.925	60.575	NA	NA	136.557847	NA	NA	NA
1551229	134.975	60.575	127.253035	140.905381	151.806695	24.55366	10.901313	NA
1551230	135.025	60.575	128.776651	143.27076	151.791041	23.01439	8.520281	NA
1557497	122.375	60.525	124.949609	141.868833	149.9424	24.992791	8.073567	NA
1557498	122.425	60.525	123.701395	137.535921	149.949257	26.247862	12.413337	NA
1557499	122.475	60.525	NA	NA	149.954934	NA	NA	NA
1557500	122.525	60.525	124.178274	133.145502	149.960224	25.78195	16.814723	NA
1557501	122.575	60.525	126.674071	140.639692	149.968893	23.294821	9.329201	NA
1557502	122.625	60.525	132.451802	147.87031	131.9423	-0.509502	-15.92801	NA
1557750	135.025	60.525	128.230706	142.513845	139.67149	11.440784	-2.842355	NA
1557751	135.075	60.525	126.501862	138.173127	151.782059	25.280197	13.608932	NA
1564262	134.625	60.475	129.770998	143.73657	151.561733	21.790734	7.825163	NA
1564263	134.675	60.475	128.642506	143.238758	151.56845	22.925944	8.329692	NA
1564264	134.725	60.475	129.819422	144.744977	151.572629	21.753208	6.827652	NA
1564265	134.775	60.475	128.393469	141.148128	151.586655	23.193186	10.438527	NA
1564271	135.075	60.475	125.037108	129.418814	140.094654	15.057546	10.675841	NA
1564272	135.125	60.475	125.527599	136.668754	151.745835	26.218236	15.077081	NA
1564273	135.175	60.475	125.002644	138.233325	151.714443	26.711799	13.481118	NA
1570780	134.525	60.425	128.325461	141.410238	150.612773	22.287312	9.202535	NA
1570781	134.575	60.425	126.420147	139.726057	151.549193	25.129046	11.823135	NA
1570782	134.625	60.425	129.770998	143.73657	151.562662	21.791664	7.826092	NA
1570785	134.775	60.425	128.393469	141.148128	137.352222	8.958753	-3.795906	NA
1570786	134.825	60.425	126.696943	137.876222	151.59063	24.893687	13.714408	NA
1570787	134.875	60.425	126.498728	138.573441	151.60374	25.105012	13.030298	NA
1570793	135.175	60.425	125.367036	138.291717	151.704879	26.337843	13.413162	NA
1577298	134.425	60.375	126.253712	139.653565	137.730045	11.476333	-1.92352	NA
1577299	134.475	60.375	127.793109	141.079429	150.603901	22.810792	9.524471	NA
1577300	134.525	60.375	NA	NA	136.149533	NA	NA	NA
1577301	134.575	60.375	125.078583	136.710107	153.470561	28.391978	16.760454	NA
1577302	134.625	60.375	NA	NA	153.428194	NA	NA	NA
1577307	134.875	60.375	124.661345	137.690537	151.609714	26.948368	13.919177	NA
1577308	134.925	60.375	125.554329	138.236134	151.615206	26.060877	13.379072	NA
1577309	134.975	60.375	126.638467	138.617456	151.628181	24.989714	13.010725	NA
1577312	135.125	60.375	126.422676	141.376949	151.666384	25.243708	10.289435	NA
1577313	135.175	60.375	126.575091	139.94002	140.967713	14.392623	1.027693	NA
1583817	134.375	60.325	128.574117	140.785855	150.572005	21.997888	9.786151	NA
1583818	134.425	60.325	129.293706	142.40087	150.593015	21.299309	8.192145	NA
1583821	134.575	60.325	125.082019	137.821942	153.404141	28.322122	15.582198	NA
1583822	134.625	60.325	124.849782	139.295401	153.423229	28.573446	14.127828	NA
1583829	134.975	60.325	126.80438	139.144664	139.204009	12.399629	0.059345	NA
1583830	135.025	60.325	126.321731	138.506077	151.636427	25.314696	13.13035	NA
1583831	135.075	60.325	127.042024	141.028956	151.661637	24.619613	10.632681	NA
1583832	135.125	60.325	125.568253	139.37453	148.814847	23.246595	9.440317	NA
1590335	134.275	60.275	127.894012	141.229202	150.557297	22.663285	9.328095	NA
1590336	134.325	60.275	128.221007	140.316728	150.574085	22.353077	10.257356	NA
1590337	134.375	60.275	NA	NA	138.233153	NA	NA	NA
1590341	134.575	60.275	124.646839	137.176897	153.399185	28.752345	16.222287	NA
1590342	134.625	60.275	NA	NA	139.34564	NA	NA	NA
1596853	134.175	60.225	128.60816	142.804242	150.531291	21.923131	7.72705	NA
1596854	134.225	60.225	129.711374	143.079882	150.548906	20.837532	7.469024	NA
1596855	134.275	60.225	129.156292	143.110862	136.863315	7.707023	-6.247547	NA
1596862	134.625	60.225	124.893706	137.594433	153.401407	28.507701	15.806974	NA
1596863	134.675	60.225	NA	NA	153.387132	NA	NA	NA
1596864	134.725	60.225	NA	NA	153.383373	NA	NA	NA
1603371	134.075	60.175	128.411565	141.842005	150.507688	22.096124	8.665683	NA
1603372	134.125	60.175	128.71035	142.487892	150.525396	21.815046	8.037503	NA
1603373	134.175	60.175	128.442571	142.08524	139.692537	11.249966	-2.392703	NA
1603384	134.725	60.175	124.555093	138.337855	153.368881	28.813788	15.031026	NA
1603385	134.775	60.175	NA	NA	153.37892	NA	NA	NA
1609889	133.975	60.125	129.250227	142.939157	150.471342	21.221116	7.532185	NA
1609890	134.025	60.125	129.275203	142.742197	150.504262	21.229059	7.762065	NA
1609891	134.075	60.125	128.624078	142.281554	138.926864	10.302786	-3.35469	NA
1609905	134.775	60.125	NA	NA	153.371051	NA	NA	NA
1609906	134.825	60.125	NA	NA	139.284272	NA	NA	NA
1616409	133.975	60.075	126.509547	136.765001	150.469006	23.959459	13.704005	NA
1616425	134.775	60.075	NA	NA	153.32548	NA	NA	NA
1616426	134.825	60.075	NA	NA	139.648243	NA	NA	NA
1622926	133.825	60.025	129.00014	142.641325	138.471304	9.471165	-4.17002	NA
1622927	133.875	60.025	129.066949	141.415861	150.428704	21.361755	9.012843	NA
1622928	133.925	60.025	129.444156	141.831515	150.434227	20.990071	8.602712	NA
1622929	133.975	60.025	NA	NA	150.448839	NA	NA	NA
1622946	134.825	60.025	124.523212	137.545718	153.315014	28.791802	15.769297	NA
1629445	133.775	59.975	128.456112	141.940581	150.373172	21.91706	8.432591	NA
1629446	133.825	59.975	127.550469	138.833037	150.402291	22.851822	11.569254	NA
1629465	134.775	59.975	124.67887	137.703715	139.295115	14.616245	1.5914	NA
1629466	134.825	59.975	125.054503	137.426075	153.293411	28.238909	15.867336	NA
1635963	133.675	59.925	127.999617	141.089425	141.811397	13.81178	0.721972	NA
1635964	133.725	59.925	128.456731	141.930944	150.351863	21.895131	8.420919	NA
1635965	133.775	59.925	128.53726	142.149136	150.363906	21.826645	8.21477	NA
1635985	134.775	59.925	124.161936	137.893463	153.420478	29.258542	15.527015	NA
1642482	133.625	59.875	128.135305	135.924337	150.34951	22.214205	14.425173	NA
1642483	133.675	59.875	125.820703	133.142518	150.355171	24.534468	17.212653	NA
1642505	134.775	59.875	123.930458	138.244526	153.402652	29.472194	15.158126	NA
1649001	133.575	59.825	126.429283	140.91169	150.344419	23.915135	9.432729	NA
1649002	133.625	59.825	128.905261	140.144978	140.661891	11.75663	0.516913	NA
1649025	134.775	59.825	124.027604	137.760453	153.360902	29.333297	15.600449	NA
1649026	134.825	59.825	123.967587	138.137113	138.032296	14.06471	-0.104817	NA
1655279	121.475	59.775	125.149425	132.498977	150.328679	25.179254	17.829702	NA
1655280	121.525	59.775	125.042511	132.1185	150.322931	25.280419	18.204431	NA
1655519	133.475	59.775	128.251201	138.569173	150.267355	22.016154	11.698182	NA
1655520	133.525	59.775	127.276008	140.221228	150.291004	23.014996	10.069776	NA
1655521	133.575	59.775	125.6468	139.827601	139.77126	14.124459	-0.056341	NA
1655546	134.825	59.775	124.398867	138.061971	153.335866	28.936999	15.273895	NA
1655547	134.875	59.775	124.998641	139.767599	153.505698	28.507057	13.738099	NA
1655548	134.925	59.775	124.656215	132.935617	153.499426	28.843211	20.563809	NA
1661799	121.475	59.725	124.48848	130.001079	150.348499	25.860019	20.347421	NA
1661800	121.525	59.725	NA	NA	150.33496	NA	NA	NA
1662037	133.375	59.725	126.647457	139.149262	150.233616	23.586159	11.084353	NA
1662038	133.425	59.725	127.445827	134.490099	150.255653	22.809827	15.765554	NA
1662039	133.475	59.725	NA	NA	140.459318	NA	NA	NA
1662068	134.925	59.725	NA	NA	153.497348	NA	NA	NA
1662069	134.975	59.725	124.657595	137.0378	153.486899	28.829304	16.4491	NA
1668319	121.475	59.675	123.980778	135.282623	150.33739	26.356612	15.054768	NA
1668320	121.525	59.675	NA	NA	143.379653	NA	NA	NA
1668555	133.275	59.675	127.649171	137.034609	150.227549	22.578378	13.192939	NA
1668556	133.325	59.675	125.142889	135.121146	150.210507	25.067619	15.089362	NA
1668557	133.375	59.675	126.479098	140.050962	150.223355	23.744256	10.172393	NA
1668589	134.975	59.675	NA	NA	139.500758	NA	NA	NA
1668590	135.025	59.675	124.811093	137.208504	153.471119	28.660026	16.262614	NA
1674839	121.475	59.625	123.926925	134.575895	150.332054	26.40513	15.756159	NA
1674840	121.525	59.625	NA	NA	150.306463	NA	NA	NA
1675071	133.075	59.625	NA	NA	142.681111	NA	NA	NA
1675072	133.125	59.625	126.22167	137.742955	150.176341	23.954671	12.433386	NA
1675073	133.175	59.625	128.658378	142.068667	150.189346	21.530969	8.120679	NA
1675074	133.225	59.625	128.666064	141.240116	150.209251	21.543187	8.969135	NA
1675075	133.275	59.625	127.649171	137.034609	140.146418	12.497247	3.111808	NA
1675110	135.025	59.625	124.83812	135.71359	153.45163	28.61351	17.73804	NA
1681359	121.475	59.575	NA	NA	150.304833	NA	NA	NA
1681360	121.525	59.575	NA	NA	141.375875	NA	NA	NA
1681591	133.075	59.575	NA	NA	150.221025	NA	NA	NA
1681630	135.025	59.575	124.998437	135.074081	153.43399	28.435553	18.359909	NA
1681631	135.075	59.575	124.671568	135.191105	142.898326	18.226758	7.707221	NA
1687877	121.375	59.525	NA	NA	150.312666	NA	NA	NA
1687878	121.425	59.525	NA	NA	150.291631	NA	NA	NA
1687879	121.475	59.525	NA	NA	142.590119	NA	NA	NA
1688111	133.075	59.525	NA	NA	150.129676	NA	NA	NA
1688151	135.075	59.525	124.772103	134.64394	153.41147	28.639367	18.76753	NA
1694396	121.325	59.475	NA	NA	150.294226	NA	NA	NA
1694397	121.375	59.475	NA	NA	150.306545	NA	NA	NA
1694631	133.075	59.475	124.647375	139.290919	150.122463	25.475089	10.831544	NA
1694671	135.075	59.475	124.781555	134.397498	153.383074	28.60152	18.985577	NA
1700915	121.275	59.425	NA	NA	150.289104	NA	NA	NA
1700916	121.325	59.425	NA	NA	150.296655	NA	NA	NA
1701150	133.025	59.425	126.496552	139.90144	150.081122	23.58457	10.179682	NA
1701151	133.075	59.425	126.349795	140.191334	150.09502	23.745224	9.903686	NA
1701191	135.075	59.425	124.567456	132.7812	153.345589	28.778133	20.564389	NA
1707433	121.175	59.375	124.794525	138.310892	150.289061	25.494536	11.978169	NA
1707434	121.225	59.375	NA	NA	150.303191	NA	NA	NA
1707435	121.275	59.375	NA	NA	142.739224	NA	NA	NA
1707663	132.675	59.375	125.95756	131.666538	150.039775	24.082215	18.373236	NA
1707664	132.725	59.375	127.176353	132.467184	150.047707	22.871354	17.580523	NA
1707665	132.775	59.375	127.898033	140.276812	150.02119	22.123157	9.744378	NA
1707666	132.825	59.375	126.407988	137.007112	150.029189	23.621201	13.022077	NA
1707667	132.875	59.375	127.675486	140.023096	150.038447	22.36296	10.015351	NA
1707668	132.925	59.375	126.057439	137.975081	150.058624	24.001185	12.083542	NA
1707669	132.975	59.375	127.018862	139.187622	150.065868	23.047006	10.878245	NA
1707670	133.025	59.375	126.82149	139.480895	150.076009	23.254519	10.595114	NA
1707711	135.075	59.375	124.864242	136.042648	153.309734	28.445492	17.267086	NA
1713950	121.025	59.325	NA	NA	150.27024	NA	NA	NA
1713951	121.075	59.325	NA	NA	150.274646	NA	NA	NA
1713952	121.125	59.325	NA	NA	150.276543	NA	NA	NA
1713953	121.175	59.325	NA	NA	150.285543	NA	NA	NA
1713956	121.325	59.325	NA	NA	150.311528	NA	NA	NA
1713957	121.375	59.325	NA	NA	150.304656	NA	NA	NA
1714182	132.625	59.325	126.657694	135.707026	150.034228	23.376534	14.327202	NA
1714183	132.675	59.325	125.501692	132.84052	142.732392	17.2307	9.891872	NA
1714230	135.025	59.325	124.694768	137.746038	153.283988	28.58922	15.53795	NA
1714231	135.075	59.325	124.915083	136.796386	153.298323	28.38324	16.501937	NA
1714303	138.675	59.325	NA	NA	155.849314	NA	NA	NA
1714304	138.725	59.325	NA	NA	156.131107	NA	NA	NA
1714305	138.775	59.325	NA	NA	156.130549	NA	NA	NA
1714306	138.825	59.325	NA	NA	156.628731	NA	NA	NA
1714307	138.875	59.325	NA	NA	156.645492	NA	NA	NA
1714308	138.925	59.325	NA	NA	156.673863	NA	NA	NA
1720469	120.975	59.275	NA	NA	150.291294	NA	NA	NA
1720470	121.025	59.275	NA	NA	138.424388	NA	NA	NA
1720473	121.175	59.275	NA	NA	142.323088	NA	NA	NA
1720474	121.225	59.275	125.068773	134.165879	150.324531	25.255758	16.158652	NA
1720475	121.275	59.275	123.843012	134.234906	150.314461	26.471448	16.079555	NA
1720476	121.325	59.275	NA	NA	150.315083	NA	NA	NA
1720477	121.375	59.275	NA	NA	142.271472	NA	NA	NA
1720478	121.425	59.275	NA	NA	150.303007	NA	NA	NA
1720479	121.475	59.275	125.434929	133.865494	150.290724	24.855796	16.42523	NA
1720480	121.525	59.275	125.271564	133.370738	150.276215	25.004651	16.905476	NA
1720481	121.575	59.275	124.690232	127.798925	150.27207	25.581839	22.473146	NA
1720482	121.625	59.275	124.626441	120.783414	150.272494	25.646053	29.48908	NA
1720483	121.675	59.275	NA	NA	150.272863	NA	NA	NA
1720698	132.425	59.275	125.556973	138.904511	149.984673	24.4277	11.080162	NA
1720699	132.475	59.275	124.550294	134.202566	149.993754	25.44346	15.791188	NA
1720700	132.525	59.275	125.218815	135.908754	149.981856	24.763041	14.073102	NA
1720701	132.575	59.275	127.445625	135.020166	149.9944	22.548775	14.974234	NA
1720702	132.625	59.275	NA	NA	142.544478	NA	NA	NA
1720750	135.025	59.275	124.891721	136.056608	153.321876	28.430155	17.265268	NA
1720822	138.625	59.275	NA	NA	155.558575	NA	NA	NA
1720823	138.675	59.275	NA	NA	148.31792	NA	NA	NA
1720828	138.925	59.275	NA	NA	151.280044	NA	NA	NA
1720829	138.975	59.275	NA	NA	156.714315	NA	NA	NA
1720830	139.025	59.275	NA	NA	156.738852	NA	NA	NA
1720832	139.125	59.275	NA	NA	156.799035	NA	NA	NA
1726990	121.025	59.225	NA	NA	150.276229	NA	NA	NA
1726991	121.075	59.225	NA	NA	150.26387	NA	NA	NA
1726992	121.125	59.225	NA	NA	150.330567	NA	NA	NA
1726993	121.175	59.225	NA	NA	150.3254	NA	NA	NA
1727003	121.675	59.225	125.041054	134.236608	150.267364	25.22631	16.030756	NA
1727004	121.725	59.225	NA	NA	144.134282	NA	NA	NA
1727214	132.225	59.225	126.09829	138.617955	140.740288	14.641998	2.122333	NA
1727215	132.275	59.225	128.369992	142.124227	149.948601	21.578609	7.824374	NA
1727216	132.325	59.225	126.584934	140.955969	149.956738	23.371804	9.000768	NA
1727217	132.375	59.225	127.435937	138.850454	149.98398	22.548043	11.133526	NA
1727218	132.425	59.225	NA	NA	140.223204	NA	NA	NA
1727270	135.025	59.225	124.649938	135.122468	153.283377	28.633439	18.160909	NA
1727271	135.075	59.225	124.724684	135.785727	141.911564	17.18688	6.125837	NA
1727341	138.575	59.225	NA	NA	155.568578	NA	NA	NA
1727342	138.625	59.225	NA	NA	149.003405	NA	NA	NA
1727350	139.025	59.225	NA	NA	156.791806	NA	NA	NA
1727351	139.075	59.225	NA	NA	156.810744	NA	NA	NA
1727352	139.125	59.225	NA	NA	156.783179	NA	NA	NA
1727353	139.175	59.225	NA	NA	156.797658	NA	NA	NA
1727354	139.225	59.225	NA	NA	153.949413	NA	NA	NA
1733524	121.725	59.175	NA	NA	150.262491	NA	NA	NA
1733525	121.775	59.175	NA	NA	150.244672	NA	NA	NA
1733728	131.925	59.175	125.115667	137.372497	149.859448	24.743781	12.486951	NA
1733729	131.975	59.175	125.32804	138.854328	149.879126	24.551087	11.024798	NA
1733730	132.025	59.175	124.557182	135.051748	149.894258	25.337076	14.84251	NA
1733731	132.075	59.175	124.923106	138.474145	138.688186	13.765081	0.214042	NA
1733733	132.175	59.175	125.717016	136.348618	149.931191	24.214175	13.582573	NA
1733734	132.225	59.175	125.334819	138.38389	149.947716	24.612898	11.563826	NA
1733791	135.075	59.175	124.76111	135.847171	153.272718	28.511608	17.425547	NA
1733792	135.125	59.175	124.770815	135.455085	153.25916	28.488346	17.804075	NA
1733793	135.175	59.175	NA	NA	153.254625	NA	NA	NA
1733794	135.225	59.175	NA	NA	153.248098	NA	NA	NA
1733795	135.275	59.175	NA	NA	151.803844	NA	NA	NA
1733860	138.525	59.175	NA	NA	149.395485	NA	NA	NA
1733861	138.575	59.175	NA	NA	155.513033	NA	NA	NA
1733862	138.625	59.175	NA	NA	155.509137	NA	NA	NA
1733874	139.225	59.175	NA	NA	156.803655	NA	NA	NA
1733875	139.275	59.175	NA	NA	156.952389	NA	NA	NA
1740045	121.775	59.125	NA	NA	143.507439	NA	NA	NA
1740046	121.825	59.125	NA	NA	150.258497	NA	NA	NA
1740248	131.925	59.125	124.934497	138.133627	149.910678	24.976181	11.777051	NA
1740249	131.975	59.125	125.209746	139.64	149.878621	24.668875	10.238621	NA
1740251	132.075	59.125	125.003785	138.09701	149.898326	24.894541	11.801316	NA
1740252	132.125	59.125	126.742773	138.732647	149.915793	23.173019	11.183146	NA
1740253	132.175	59.125	125.937185	136.526512	138.512611	12.575426	1.986099	NA
1740315	135.275	59.125	NA	NA	143.001013	NA	NA	NA
1740316	135.325	59.125	NA	NA	151.797327	NA	NA	NA
1740379	138.475	59.125	NA	NA	155.342205	NA	NA	NA
1740380	138.525	59.125	NA	NA	155.332971	NA	NA	NA
1740395	139.275	59.125	NA	NA	156.98175	NA	NA	NA
1740396	139.325	59.125	NA	NA	157.282056	NA	NA	NA
1746566	121.825	59.075	NA	NA	150.265965	NA	NA	NA
1746766	131.825	59.075	125.459546	140.060343	140.982657	15.523111	0.922314	NA
1746767	131.875	59.075	126.090701	139.882769	149.859679	23.768978	9.97691	NA
1746768	131.925	59.075	127.118394	141.116982	149.87282	22.754425	8.755838	NA
1746836	135.325	59.075	NA	NA	151.812678	NA	NA	NA
1746898	138.425	59.075	NA	NA	155.285486	NA	NA	NA
1746899	138.475	59.075	NA	NA	155.28289	NA	NA	NA
1746916	139.325	59.075	NA	NA	157.730687	NA	NA	NA
1746917	139.375	59.075	NA	NA	157.749274	NA	NA	NA
1753084	121.725	59.025	NA	NA	150.318381	NA	NA	NA
1753085	121.775	59.025	NA	NA	150.297059	NA	NA	NA
1753086	121.825	59.025	NA	NA	150.302138	NA	NA	NA
1753284	131.725	59.025	127.316786	139.414293	149.908965	22.592179	10.494672	NA
1753285	131.775	59.025	NA	NA	149.826424	NA	NA	NA
1753286	131.825	59.025	125.312443	139.387974	149.874144	24.561701	10.48617	NA
1753355	135.275	59.025	124.995544	132.915234	144.332605	19.337061	11.417371	NA
1753356	135.325	59.025	124.995115	133.08379	151.805418	26.810303	18.721628	NA
1753417	138.375	59.025	NA	NA	155.295394	NA	NA	NA
1753418	138.425	59.025	NA	NA	155.282173	NA	NA	NA
1753437	139.375	59.025	NA	NA	153.95815	NA	NA	NA
1753438	139.425	59.025	NA	NA	158.309593	NA	NA	NA
1759604	121.725	58.975	NA	NA	150.317174	NA	NA	NA
1759791	131.075	58.975	NA	NA	149.651977	NA	NA	NA
1759792	131.125	58.975	125.413506	138.804344	149.676428	24.262922	10.872084	NA
1759793	131.175	58.975	NA	NA	140.29554	NA	NA	NA
1759795	131.275	58.975	125.675369	138.280055	149.776115	24.100746	11.49606	NA
1759796	131.325	58.975	124.768359	137.748953	149.787155	25.018796	12.038202	NA
1759797	131.375	58.975	124.765764	133.41165	149.809227	25.043463	16.397577	NA
1759798	131.425	58.975	NA	NA	138.182923	NA	NA	NA
1759800	131.525	58.975	126.161567	135.12189	149.854644	23.693077	14.732754	NA
1759801	131.575	58.975	126.848506	135.268321	149.863531	23.015025	14.59521	NA
1759802	131.625	58.975	125.418371	137.061361	149.871847	24.453475	12.810486	NA
1759803	131.675	58.975	125.553434	138.797253	149.896028	24.342593	11.098774	NA
1759804	131.725	58.975	126.45274	138.027006	139.829707	13.376967	1.802702	NA
1759871	135.075	58.975	NA	NA	151.826423	NA	NA	NA
1759872	135.125	58.975	NA	NA	151.831949	NA	NA	NA
1759873	135.175	58.975	NA	NA	151.774198	NA	NA	NA
1759874	135.225	58.975	NA	NA	151.779153	NA	NA	NA
1759875	135.275	58.975	124.841641	131.309546	151.792355	26.950713	20.482809	NA
1759936	138.325	58.975	NA	NA	155.195892	NA	NA	NA
1759937	138.375	58.975	NA	NA	155.225329	NA	NA	NA
1759958	139.425	58.975	NA	NA	158.449593	NA	NA	NA
1759962	139.625	58.975	NA	NA	156.508685	NA	NA	NA
1759963	139.675	58.975	NA	NA	159.640407	NA	NA	NA
1759964	139.725	58.975	NA	NA	159.808964	NA	NA	NA
1759965	139.775	58.975	NA	NA	160.488729	NA	NA	NA
1759966	139.825	58.975	NA	NA	160.575909	NA	NA	NA
1759967	139.875	58.975	NA	NA	160.660195	NA	NA	NA
1759968	139.925	58.975	NA	NA	160.685504	NA	NA	NA
1759969	139.975	58.975	NA	NA	160.853138	NA	NA	NA
1759970	140.025	58.975	NA	NA	159.950621	NA	NA	NA
1766122	121.625	58.925	NA	NA	150.412136	NA	NA	NA
1766123	121.675	58.925	NA	NA	150.310915	NA	NA	NA
1766124	121.725	58.925	NA	NA	141.643367	NA	NA	NA
1766307	130.875	58.925	125.582351	137.239308	140.204733	14.622382	2.965424	NA
1766308	130.925	58.925	NA	NA	149.621172	NA	NA	NA
1766309	130.975	58.925	128.286043	142.387185	149.634544	21.348501	7.247359	NA
1766310	131.025	58.925	126.881432	139.631848	149.648903	22.76747	10.017055	NA
1766311	131.075	58.925	124.9487	139.134858	149.671576	24.722877	10.536719	NA
1766313	131.175	58.925	125.020555	134.18487	149.696971	24.676416	15.512102	NA
1766314	131.225	58.925	124.986777	137.998417	149.737262	24.750485	11.738845	NA
1766315	131.275	58.925	125.350886	134.747347	136.462089	11.111203	1.714742	NA
1766316	131.325	58.925	125.781387	136.196735	149.769998	23.988611	13.573263	NA
1766318	131.425	58.925	124.838957	131.158037	149.821232	24.982275	18.663195	NA
1766319	131.475	58.925	124.951052	136.230633	149.845205	24.894153	13.614572	NA
1766320	131.525	58.925	NA	NA	139.123467	NA	NA	NA
1766380	134.525	58.925	NA	NA	151.842706	NA	NA	NA
1766381	134.575	58.925	NA	NA	151.840263	NA	NA	NA
1766382	134.625	58.925	124.660175	138.082547	151.846149	27.185973	13.763602	NA
1766383	134.675	58.925	NA	NA	151.832521	NA	NA	NA
1766384	134.725	58.925	NA	NA	151.837662	NA	NA	NA
1766385	134.775	58.925	125.209165	138.264663	151.842506	26.633341	13.577843	NA
1766386	134.825	58.925	NA	NA	151.824274	NA	NA	NA
1766387	134.875	58.925	NA	NA	151.83138	NA	NA	NA
1766388	134.925	58.925	NA	NA	151.832089	NA	NA	NA
1766389	134.975	58.925	NA	NA	151.843146	NA	NA	NA
1766390	135.025	58.925	NA	NA	151.826122	NA	NA	NA
1766391	135.075	58.925	NA	NA	144.686169	NA	NA	NA
1766455	138.275	58.925	NA	NA	155.193396	NA	NA	NA
1766456	138.325	58.925	NA	NA	155.166207	NA	NA	NA
1766479	139.475	58.925	NA	NA	158.742666	NA	NA	NA
1766480	139.525	58.925	NA	NA	159.095011	NA	NA	NA
1766481	139.575	58.925	NA	NA	159.374824	NA	NA	NA
1766482	139.625	58.925	NA	NA	159.478019	NA	NA	NA
1766490	140.025	58.925	NA	NA	161.797944	NA	NA	NA
1766491	140.075	58.925	NA	NA	161.667708	NA	NA	NA
1772709	124.975	58.875	NA	NA	147.501515	NA	NA	NA
1772710	125.025	58.875	NA	NA	147.492663	NA	NA	NA
1772738	126.425	58.875	NA	NA	141.030569	NA	NA	NA
1772739	126.475	58.875	NA	NA	147.201792	NA	NA	NA
1772740	126.525	58.875	NA	NA	147.203749	NA	NA	NA
1772741	126.575	58.875	NA	NA	147.216524	NA	NA	NA
1772762	127.625	58.875	NA	NA	149.324209	NA	NA	NA
1772763	127.675	58.875	NA	NA	149.335172	NA	NA	NA
1772775	128.275	58.875	NA	NA	149.558772	NA	NA	NA
1772776	128.325	58.875	NA	NA	149.550004	NA	NA	NA
1772777	128.375	58.875	NA	NA	149.564541	NA	NA	NA
1772822	130.625	58.875	125.954799	140.604974	140.922779	14.96798	0.317805	NA
1772823	130.675	58.875	125.576553	139.393562	149.544802	23.968249	10.151239	NA
1772824	130.725	58.875	125.549761	139.983554	149.550731	24.00097	9.567177	NA
1772825	130.775	58.875	125.811234	140.139931	149.557884	23.74665	9.417953	NA
1772826	130.825	58.875	NA	NA	149.569156	NA	NA	NA
1772827	130.875	58.875	125.582351	137.239308	149.615113	24.032762	12.375805	NA
1772834	131.225	58.875	125.289395	138.787526	149.72785	24.438454	10.940324	NA
1772835	131.275	58.875	125.867163	140.101581	149.750548	23.883385	9.648967	NA
1772896	134.325	58.875	NA	NA	145.43742	NA	NA	NA
1772897	134.375	58.875	NA	NA	151.821401	NA	NA	NA
1772898	134.425	58.875	NA	NA	151.825066	NA	NA	NA
1772899	134.475	58.875	NA	NA	151.838479	NA	NA	NA
1772900	134.525	58.875	NA	NA	141.277205	NA	NA	NA
1772975	138.275	58.875	NA	NA	155.163734	NA	NA	NA
1772976	138.325	58.875	NA	NA	149.171175	NA	NA	NA
1773011	140.075	58.875	NA	NA	162.314818	NA	NA	NA
1779225	124.775	58.825	NA	NA	147.545108	NA	NA	NA
1779226	124.825	58.825	NA	NA	147.551065	NA	NA	NA
1779227	124.875	58.825	NA	NA	147.478004	NA	NA	NA
1779228	124.925	58.825	NA	NA	147.479721	NA	NA	NA
1779229	124.975	58.825	NA	NA	147.486007	NA	NA	NA
1779261	126.575	58.825	NA	NA	143.079303	NA	NA	NA
1779262	126.625	58.825	NA	NA	147.224372	NA	NA	NA
1779263	126.675	58.825	NA	NA	147.206742	NA	NA	NA
1779264	126.725	58.825	NA	NA	147.216019	NA	NA	NA
1779265	126.775	58.825	NA	NA	147.224576	NA	NA	NA
1779266	126.825	58.825	NA	NA	147.229812	NA	NA	NA
1779267	126.875	58.825	NA	NA	147.24512	NA	NA	NA
1779275	127.275	58.825	NA	NA	149.30478	NA	NA	NA
1779276	127.325	58.825	NA	NA	149.316114	NA	NA	NA
1779277	127.375	58.825	NA	NA	144.670431	NA	NA	NA
1779280	127.525	58.825	NA	NA	144.849978	NA	NA	NA
1779281	127.575	58.825	NA	NA	149.356347	NA	NA	NA
1779282	127.625	58.825	NA	NA	149.366708	NA	NA	NA
1779283	127.675	58.825	NA	NA	142.839806	NA	NA	NA
1779284	127.725	58.825	NA	NA	149.334679	NA	NA	NA
1779285	127.775	58.825	NA	NA	149.347455	NA	NA	NA
1779292	128.125	58.825	NA	NA	143.792196	NA	NA	NA
1779293	128.175	58.825	123.95332	123.398504	149.440262	25.486942	26.041758	NA
1779294	128.225	58.825	NA	NA	149.454141	NA	NA	NA
1779295	128.275	58.825	124.017927	137.199257	142.445199	18.427273	5.245943	NA
1779296	128.325	58.825	NA	NA	149.551972	NA	NA	NA
1779297	128.375	58.825	124.449868	136.999228	144.235592	19.785724	7.236364	NA
1779298	128.425	58.825	NA	NA	149.584778	NA	NA	NA
1779299	128.475	58.825	124.793	125.799235	149.590814	24.797814	23.791579	NA
1779300	128.525	58.825	124.769561	126.679586	149.606065	24.836504	22.926478	NA
1779341	130.575	58.825	125.2618	138.856316	149.549079	24.287279	10.692764	NA
1779342	130.625	58.825	125.279588	134.841699	149.565581	24.285993	14.723881	NA
1779416	134.325	58.825	124.424534	127.019289	151.848008	27.423474	24.828719	NA
1779493	138.175	58.825	NA	NA	149.834483	NA	NA	NA
1779494	138.225	58.825	NA	NA	154.822406	NA	NA	NA
1779495	138.275	58.825	NA	NA	154.815513	NA	NA	NA
1779496	138.325	58.825	NA	NA	155.077557	NA	NA	NA
1785745	124.775	58.775	NA	NA	147.579439	NA	NA	NA
1785787	126.875	58.775	NA	NA	143.887041	NA	NA	NA
1785788	126.925	58.775	NA	NA	147.251618	NA	NA	NA
1785789	126.975	58.775	NA	NA	147.252251	NA	NA	NA
1785790	127.025	58.775	NA	NA	147.273294	NA	NA	NA
1785794	127.225	58.775	125.330772	130.497125	149.313499	23.982726	18.816374	NA
1785795	127.275	58.775	NA	NA	145.964276	NA	NA	NA
1785797	127.375	58.775	NA	NA	149.336445	NA	NA	NA
1785798	127.425	58.775	NA	NA	149.342367	NA	NA	NA
1785799	127.475	58.775	NA	NA	149.34404	NA	NA	NA
1785800	127.525	58.775	NA	NA	149.357338	NA	NA	NA
1785805	127.775	58.775	NA	NA	149.350726	NA	NA	NA
1785806	127.825	58.775	NA	NA	149.379432	NA	NA	NA
1785810	128.025	58.775	NA	NA	144.605657	NA	NA	NA
1785811	128.075	58.775	NA	NA	149.418725	NA	NA	NA
1785812	128.125	58.775	NA	NA	149.432772	NA	NA	NA
1785814	128.225	58.775	NA	NA	141.878458	NA	NA	NA
1785815	128.275	58.775	123.718379	138.168616	149.484006	25.765626	11.31539	NA
1785816	128.325	58.775	NA	NA	143.334402	NA	NA	NA
1785817	128.375	58.775	124.226768	137.433602	149.536781	25.310013	12.103179	NA
1785818	128.425	58.775	NA	NA	145.487254	NA	NA	NA
1785820	128.525	58.775	124.760069	127.389189	149.629999	24.869929	22.24081	NA
1785861	130.575	58.775	125.014303	138.275223	149.70182	24.687517	11.426597	NA
1785862	130.625	58.775	125.155688	132.212181	149.077017	23.921329	16.864836	NA
1785863	130.675	58.775	125.262097	137.504827	149.059377	23.79728	11.55455	NA
1785934	134.225	58.775	125.024171	131.799205	151.811645	26.787473	20.012439	NA
1785935	134.275	58.775	NA	NA	151.814391	NA	NA	NA
1785936	134.325	58.775	NA	NA	151.824471	NA	NA	NA
1786009	137.975	58.775	NA	NA	151.087399	NA	NA	NA
1786010	138.025	58.775	NA	NA	154.762161	NA	NA	NA
1786011	138.075	58.775	NA	NA	154.760882	NA	NA	NA
1786012	138.125	58.775	NA	NA	154.81267	NA	NA	NA
1786013	138.175	58.775	NA	NA	154.809779	NA	NA	NA
1786014	138.225	58.775	NA	NA	154.819471	NA	NA	NA
1792259	124.475	58.725	NA	NA	138.889902	NA	NA	NA
1792260	124.525	58.725	NA	NA	147.548054	NA	NA	NA
1792261	124.575	58.725	NA	NA	147.540903	NA	NA	NA
1792262	124.625	58.725	NA	NA	147.5445	NA	NA	NA
1792263	124.675	58.725	NA	NA	147.550526	NA	NA	NA
1792264	124.725	58.725	NA	NA	147.55447	NA	NA	NA
1792265	124.775	58.725	NA	NA	147.565664	NA	NA	NA
1792310	127.025	58.725	NA	NA	143.545252	NA	NA	NA
1792311	127.075	58.725	NA	NA	147.285678	NA	NA	NA
1792312	127.125	58.725	NA	NA	147.291685	NA	NA	NA
1792313	127.175	58.725	NA	NA	149.300631	NA	NA	NA
1792314	127.225	58.725	NA	NA	145.218125	NA	NA	NA
1792325	127.775	58.725	NA	NA	149.376278	NA	NA	NA
1792326	127.825	58.725	NA	NA	149.385566	NA	NA	NA
1792327	127.875	58.725	NA	NA	144.901148	NA	NA	NA
1792330	128.025	58.725	NA	NA	149.425975	NA	NA	NA
1792335	128.275	58.725	123.966192	137.774891	143.543905	19.577712	5.769014	NA
1792336	128.325	58.725	NA	NA	149.485967	NA	NA	NA
1792337	128.375	58.725	NA	NA	149.518622	NA	NA	NA
1792340	128.525	58.725	124.440394	125.636769	149.650936	25.210542	24.014167	NA
1792382	130.625	58.725	124.620799	128.598369	150.332554	25.711755	21.734185	NA
1792383	130.675	58.725	125.260975	137.58751	149.051074	23.790099	11.463565	NA
1792384	130.725	58.725	125.133458	132.157416	149.034351	23.900893	16.876935	NA
1792385	130.775	58.725	NA	NA	139.126923	NA	NA	NA
1792454	134.225	58.725	124.71753	133.866365	153.201439	28.483909	19.335074	NA
1792528	137.925	58.725	NA	NA	150.717151	NA	NA	NA
1792529	137.975	58.725	NA	NA	154.708463	NA	NA	NA
1798779	124.475	58.675	NA	NA	147.585905	NA	NA	NA
1798780	124.525	58.675	NA	NA	147.598685	NA	NA	NA
1798847	127.875	58.675	NA	NA	149.389057	NA	NA	NA
1798848	127.925	58.675	NA	NA	149.392214	NA	NA	NA
1798849	127.975	58.675	NA	NA	149.402154	NA	NA	NA
1798850	128.025	58.675	NA	NA	145.362254	NA	NA	NA
1798860	128.525	58.675	NA	NA	149.619072	NA	NA	NA
1798861	128.575	58.675	124.589103	137.65626	149.624954	25.035852	11.968694	NA
1798862	128.625	58.675	125.355998	138.169508	149.62986	24.273862	11.460353	NA
1798863	128.675	58.675	NA	NA	149.646304	NA	NA	NA
1798902	130.625	58.675	124.859966	136.261106	150.310257	25.450291	14.049151	NA
1798905	130.775	58.675	125.093236	126.225561	149.030341	23.937105	22.80478	NA
1798973	134.175	58.675	124.472896	138.107932	153.188705	28.715809	15.080773	NA
1798974	134.225	58.675	125.041116	135.46931	153.192141	28.151025	17.722831	NA
1799043	137.675	58.675	NA	NA	154.296742	NA	NA	NA
1799044	137.725	58.675	NA	NA	150.298714	NA	NA	NA
1799047	137.875	58.675	NA	NA	154.448772	NA	NA	NA
1799048	137.925	58.675	NA	NA	154.702487	NA	NA	NA
1805297	124.375	58.625	NA	NA	139.41346	NA	NA	NA
1805298	124.425	58.625	NA	NA	147.574252	NA	NA	NA
1805299	124.475	58.625	NA	NA	147.582487	NA	NA	NA
1805383	128.675	58.625	124.860602	135.755868	143.08857	18.227967	7.332702	NA
1805384	128.725	58.625	124.866924	135.850001	149.663339	24.796414	13.813338	NA
1805410	130.025	58.625	124.722799	138.516476	150.080416	25.357617	11.56394	NA
1805411	130.075	58.625	124.979624	136.297293	150.14259	25.162966	13.845297	NA
1805412	130.125	58.625	NA	NA	150.16031	NA	NA	NA
1805413	130.175	58.625	123.664339	131.685371	150.170062	26.505723	18.484691	NA
1805414	130.225	58.625	125.239474	137.38836	150.18507	24.945595	12.79671	NA
1805415	130.275	58.625	125.789198	137.281129	150.178772	24.389574	12.897642	NA
1805416	130.325	58.625	125.314782	135.832725	150.186169	24.871387	14.353443	NA
1805417	130.375	58.625	124.92533	134.667727	150.236379	25.311048	15.568652	NA
1805418	130.425	58.625	125.007447	132.850795	138.708937	13.70149	5.858142	NA
1805421	130.575	58.625	126.20981	135.524087	150.278556	24.068745	14.754468	NA
1805422	130.625	58.625	125.353493	136.635523	139.039592	13.686099	2.404069	NA
1805425	130.775	58.625	NA	NA	149.018084	NA	NA	NA
1805426	130.825	58.625	125.639202	130.089203	149.006653	23.36745	18.91745	NA
1805494	134.225	58.625	NA	NA	141.579083	NA	NA	NA
1805495	134.275	58.625	NA	NA	153.191232	NA	NA	NA
1805496	134.325	58.625	NA	NA	153.173625	NA	NA	NA
1805561	137.575	58.625	NA	NA	154.296634	NA	NA	NA
1805562	137.625	58.625	NA	NA	154.29027	NA	NA	NA
1805563	137.675	58.625	NA	NA	154.300481	NA	NA	NA
1805564	137.725	58.625	NA	NA	154.286677	NA	NA	NA
1805565	137.775	58.625	NA	NA	154.273265	NA	NA	NA
1805566	137.825	58.625	NA	NA	154.268971	NA	NA	NA
1805567	137.875	58.625	NA	NA	154.276044	NA	NA	NA
1811817	124.375	58.575	NA	NA	147.56277	NA	NA	NA
1811904	128.725	58.575	124.886494	135.670775	149.682869	24.796375	14.012094	NA
1811916	129.325	58.575	NA	NA	150.009698	NA	NA	NA
1811917	129.375	58.575	NA	NA	150.01815	NA	NA	NA
1811918	129.425	58.575	124.061622	139.138707	141.622972	17.561351	2.484265	NA
1811929	129.975	58.575	124.991402	137.998844	139.285988	14.294586	1.287144	NA
1811930	130.025	58.575	124.513893	138.48089	150.077102	25.563208	11.596212	NA
1811938	130.425	58.575	NA	NA	150.23957	NA	NA	NA
1811939	130.475	58.575	125.989468	138.614335	150.241607	24.252139	11.627272	NA
1811940	130.525	58.575	127.857246	141.458819	150.24491	22.387664	8.78609	NA
1811941	130.575	58.575	126.37118	138.736405	150.2545	23.883321	11.518095	NA
1811945	130.775	58.575	125.241487	136.713153	148.990571	23.749083	12.277418	NA
1811946	130.825	58.575	124.697021	121.404616	149.004164	24.307144	27.599548	NA
1811947	130.875	58.575	NA	NA	145.436912	NA	NA	NA
1811948	130.925	58.575	125.135304	138.794931	148.967812	23.832508	10.172881	NA
1811949	130.975	58.575	126.18114	132.833288	148.958766	22.777626	16.125478	NA
1811950	131.025	58.575	NA	NA	148.955458	NA	NA	NA
1811951	131.075	58.575	124.738271	126.270713	148.953144	24.214873	22.682431	NA
1811952	131.125	58.575	124.905116	124.656772	148.948278	24.043162	24.291506	NA
1811953	131.175	58.575	125.233879	128.985146	148.944405	23.710526	19.959259	NA
1811954	131.225	58.575	125.349499	129.000249	148.937044	23.587545	19.936795	NA
1812016	134.325	58.575	NA	NA	153.173027	NA	NA	NA
1812021	134.575	58.575	NA	NA	153.114269	NA	NA	NA
1812077	137.375	58.575	NA	NA	154.26248	NA	NA	NA
1812078	137.425	58.575	NA	NA	154.238121	NA	NA	NA
1812079	137.475	58.575	NA	NA	154.24401	NA	NA	NA
1812080	137.525	58.575	NA	NA	154.24098	NA	NA	NA
1812081	137.575	58.575	NA	NA	154.301324	NA	NA	NA
1818335	124.275	58.525	NA	NA	147.642358	NA	NA	NA
1818336	124.325	58.525	NA	NA	147.64553	NA	NA	NA
1818337	124.375	58.525	NA	NA	147.664592	NA	NA	NA
1818338	124.425	58.525	NA	NA	140.241539	NA	NA	NA
1818424	128.725	58.525	124.89842	135.854791	149.670565	24.772145	13.815774	NA
1818425	128.775	58.525	NA	NA	149.689205	NA	NA	NA
1818426	128.825	58.525	NA	NA	149.70973	NA	NA	NA
1818427	128.875	58.525	125.88913	139.23035	149.87017	23.981039	10.63982	NA
1818428	128.925	58.525	125.022167	139.101508	149.876972	24.854805	10.775463	NA
1818429	128.975	58.525	125.078223	138.586537	149.882742	24.804519	11.296205	NA
1818430	129.025	58.525	124.993431	137.791191	149.895935	24.902504	12.104743	NA
1818431	129.075	58.525	124.608184	136.691286	149.913699	25.305515	13.222413	NA
1818432	129.125	58.525	125.083728	136.2883	144.280092	19.196364	7.991792	NA
1818434	129.225	58.525	124.813153	137.337182	150.010533	25.19738	12.673351	NA
1818435	129.275	58.525	123.731031	139.439209	150.002339	26.271308	10.56313	NA
1818436	129.325	58.525	NA	NA	138.439461	NA	NA	NA
1818438	129.425	58.525	124.061622	139.138707	150.022405	25.960783	10.883698	NA
1818439	129.475	58.525	125.472003	138.86696	150.027535	24.555531	11.160575	NA
1818440	129.525	58.525	125.425726	137.7017	150.027049	24.601322	12.325348	NA
1818441	129.575	58.525	125.189397	134.384843	150.038228	24.848831	15.653385	NA
1818442	129.625	58.525	124.86377	132.80667	140.250355	15.386585	7.443684	NA
1818447	129.875	58.525	125.837122	134.031325	142.461389	16.624268	8.430065	NA
1818448	129.925	58.525	125.819723	136.149445	150.064807	24.245083	13.915362	NA
1818449	129.975	58.525	126.215337	136.592388	150.070645	23.855308	13.478257	NA
1818466	130.825	58.525	NA	NA	148.98344	NA	NA	NA
1818467	130.875	58.525	NA	NA	148.971866	NA	NA	NA
1818474	131.225	58.525	125.301953	130.346593	148.926545	23.624592	18.579952	NA
1818475	131.275	58.525	125.340405	133.098495	142.484548	17.144143	9.386053	NA
1818536	134.325	58.525	NA	NA	141.250918	NA	NA	NA
1818537	134.375	58.525	NA	NA	153.169459	NA	NA	NA
1818538	134.425	58.525	NA	NA	153.149886	NA	NA	NA
1818539	134.475	58.525	NA	NA	153.136845	NA	NA	NA
1818540	134.525	58.525	NA	NA	153.12089	NA	NA	NA
1818541	134.575	58.525	NA	NA	141.805514	NA	NA	NA
1818542	134.625	58.525	124.973688	129.130985	153.119195	28.145507	23.988209	NA
1824855	124.275	58.475	NA	NA	147.901016	NA	NA	NA
1824856	124.325	58.475	NA	NA	147.880281	NA	NA	NA
1824952	129.125	58.475	125.07067	136.304357	149.904304	24.833634	13.599947	NA
1824953	129.175	58.475	124.784034	137.814028	149.910596	25.126562	12.096569	NA
1824954	129.225	58.475	124.760252	137.465135	150.007801	25.247549	12.542666	NA
1824962	129.625	58.475	124.86377	132.80667	150.040305	25.176535	17.233635	NA
1824963	129.675	58.475	124.874238	126.882377	150.056684	25.182446	23.174306	NA
1824964	129.725	58.475	125.58626	135.387993	150.061195	24.474934	14.673202	NA
1824965	129.775	58.475	126.486677	140.897629	150.066054	23.579377	9.168426	NA
1824966	129.825	58.475	127.290865	139.94287	150.066962	22.776096	10.124091	NA
1824967	129.875	58.475	125.868975	134.405789	150.077378	24.208403	15.671589	NA
1824992	131.125	58.475	124.952328	122.023687	144.849388	19.89706	22.8257	NA
1824993	131.175	58.475	124.762239	138.506652	148.914246	24.152007	10.407593	NA
1824994	131.225	58.475	125.18745	137.851649	148.937421	23.749971	11.085772	NA
1825062	134.625	58.475	NA	NA	153.122208	NA	NA	NA
1825063	134.675	58.475	NA	NA	142.949779	NA	NA	NA
1831372	124.125	58.425	NA	NA	148.005104	NA	NA	NA
1831373	124.175	58.425	NA	NA	148.00863	NA	NA	NA
1831374	124.225	58.425	NA	NA	148.035407	NA	NA	NA
1831375	124.275	58.425	NA	NA	139.104007	NA	NA	NA
1831376	124.325	58.425	NA	NA	147.874111	NA	NA	NA
1831512	131.125	58.425	125.296334	126.272839	148.910427	23.614092	22.637587	NA
1831513	131.175	58.425	NA	NA	143.39821	NA	NA	NA
1831584	134.725	58.425	NA	NA	153.091843	NA	NA	NA
1831585	134.775	58.425	NA	NA	153.07221	NA	NA	NA
1837890	124.025	58.375	NA	NA	147.973897	NA	NA	NA
1837891	124.075	58.375	NA	NA	140.730045	NA	NA	NA
1837893	124.175	58.375	NA	NA	148.003588	NA	NA	NA
1837895	124.275	58.375	NA	NA	148.034848	NA	NA	NA
1837896	124.325	58.375	NA	NA	148.030506	NA	NA	NA
1838033	131.175	58.375	125.076154	126.701494	148.888117	23.811962	22.186623	NA
1838105	134.775	58.375	NA	NA	153.069258	NA	NA	NA
1838106	134.825	58.375	NA	NA	153.260478	NA	NA	NA
1844413	124.175	58.325	NA	NA	140.436566	NA	NA	NA
1844553	131.175	58.325	125.826864	135.593799	148.868809	23.041946	13.27501	NA
1844626	134.825	58.325	124.764557	136.516796	153.253243	28.488687	16.736447	NA
1844627	134.875	58.325	NA	NA	144.066536	NA	NA	NA
1851072	131.125	58.275	NA	NA	148.846236	NA	NA	NA
1851073	131.175	58.275	125.501305	129.716809	148.855231	23.353926	19.138422	NA
1851147	134.875	58.275	NA	NA	153.250995	NA	NA	NA
1851148	134.925	58.275	NA	NA	144.506721	NA	NA	NA
1857592	131.125	58.225	NA	NA	143.189998	NA	NA	NA
1857593	131.175	58.225	NA	NA	148.843327	NA	NA	NA
1857668	134.925	58.225	NA	NA	153.243275	NA	NA	NA
1857669	134.975	58.225	NA	NA	153.227333	NA	NA	NA
1857670	135.025	58.225	NA	NA	153.225197	NA	NA	NA
1857671	135.075	58.225	NA	NA	153.228702	NA	NA	NA
1857711	137.075	58.225	NA	NA	153.709383	NA	NA	NA
1864113	131.175	58.175	NA	NA	148.808759	NA	NA	NA
1864192	135.125	58.175	124.961436	136.212752	153.212547	28.25111	16.999794	NA
1864193	135.175	58.175	124.820837	137.4351	153.20336	28.382523	15.76826	NA
1870633	131.175	58.125	NA	NA	148.774444	NA	NA	NA
1870714	135.225	58.125	NA	NA	143.535931	NA	NA	NA
1870715	135.275	58.125	NA	NA	153.368164	NA	NA	NA
1870739	136.475	58.125	NA	NA	142.718741	NA	NA	NA
1877153	131.175	58.075	NA	NA	146.1519	NA	NA	NA
1877154	131.225	58.075	NA	NA	148.764346	NA	NA	NA
1877235	135.275	58.075	NA	NA	153.351809	NA	NA	NA
1877236	135.325	58.075	124.675061	137.74317	153.338657	28.663595	15.595487	NA
1877258	136.425	58.075	NA	NA	144.644936	NA	NA	NA
1877259	136.475	58.075	NA	NA	153.522218	NA	NA	NA
1883674	131.225	58.025	NA	NA	148.762847	NA	NA	NA
1883756	135.325	58.025	125.143	135.57581	153.333851	28.190851	17.758041	NA
1883757	135.375	58.025	NA	NA	153.376647	NA	NA	NA
1883777	136.375	58.025	NA	NA	153.469064	NA	NA	NA
1890193	131.175	57.975	125.266861	133.925133	148.752588	23.485726	14.827455	NA
1890194	131.225	57.975	NA	NA	143.779984	NA	NA	NA
1890276	135.325	57.975	NA	NA	153.349748	NA	NA	NA
1890277	135.375	57.975	NA	NA	153.373631	NA	NA	NA
1890296	136.325	57.975	NA	NA	153.452888	NA	NA	NA
1896377	114.375	57.925	NA	NA	152.052088	NA	NA	NA
1896378	114.425	57.925	NA	NA	147.564521	NA	NA	NA
1896379	114.475	57.925	NA	NA	152.033155	NA	NA	NA
1896713	131.175	57.925	NA	NA	148.747293	NA	NA	NA
1896796	135.325	57.925	NA	NA	153.345788	NA	NA	NA
1896797	135.375	57.925	NA	NA	153.340655	NA	NA	NA
1902894	114.225	57.875	NA	NA	152.078378	NA	NA	NA
1902895	114.275	57.875	124.870912	134.560476	152.055612	27.184701	17.495136	NA
1902896	114.325	57.875	NA	NA	152.053737	NA	NA	NA
1902898	114.425	57.875	NA	NA	152.046214	NA	NA	NA
1902899	114.475	57.875	NA	NA	140.688676	NA	NA	NA
1902900	114.525	57.875	NA	NA	152.022994	NA	NA	NA
1902901	114.575	57.875	NA	NA	141.6023	NA	NA	NA
1902906	114.825	57.875	NA	NA	145.019078	NA	NA	NA
1902907	114.875	57.875	NA	NA	152.00008	NA	NA	NA
1902908	114.925	57.875	125.368336	130.760627	151.994556	26.626219	21.233928	NA
1903231	131.075	57.875	NA	NA	148.717161	NA	NA	NA
1903232	131.125	57.875	125.430586	134.936539	148.736312	23.305727	13.799773	NA
1903233	131.175	57.875	NA	NA	143.530057	NA	NA	NA
1903317	135.375	57.875	NA	NA	153.327447	NA	NA	NA
1903318	135.425	57.875	NA	NA	153.315711	NA	NA	NA
1909412	114.125	57.825	NA	NA	151.959903	NA	NA	NA
1909413	114.175	57.825	NA	NA	151.959769	NA	NA	NA
1909414	114.225	57.825	NA	NA	152.080105	NA	NA	NA
1909421	114.575	57.825	NA	NA	152.018731	NA	NA	NA
1909422	114.625	57.825	NA	NA	152.016501	NA	NA	NA
1909426	114.825	57.825	NA	NA	151.999841	NA	NA	NA
1909428	114.925	57.825	123.333923	138.965209	152.040544	28.706622	13.075335	NA
1909429	114.975	57.825	NA	NA	152.035919	NA	NA	NA
1909430	115.025	57.825	NA	NA	152.042224	NA	NA	NA
1909745	130.775	57.825	NA	NA	148.741674	NA	NA	NA
1909746	130.825	57.825	NA	NA	148.747312	NA	NA	NA
1909747	130.875	57.825	NA	NA	148.750833	NA	NA	NA
1909748	130.925	57.825	NA	NA	148.726651	NA	NA	NA
1909749	130.975	57.825	NA	NA	148.730026	NA	NA	NA
1909750	131.025	57.825	NA	NA	148.732934	NA	NA	NA
1909751	131.075	57.825	NA	NA	147.390077	NA	NA	NA
1909838	135.425	57.825	NA	NA	153.30575	NA	NA	NA
1915942	114.625	57.775	NA	NA	145.228204	NA	NA	NA
1915943	114.675	57.775	125.678032	136.64432	152.012709	26.334676	15.368389	NA
1915944	114.725	57.775	NA	NA	152.005195	NA	NA	NA
1915945	114.775	57.775	NA	NA	152.001385	NA	NA	NA
1915946	114.825	57.775	NA	NA	152.002319	NA	NA	NA
1915950	115.025	57.775	125.50886	130.98372	139.462379	13.95352	8.478659	NA
1915951	115.075	57.775	125.039337	125.924321	152.040102	27.000765	26.115781	NA
1915970	116.025	57.775	NA	NA	151.976775	NA	NA	NA
1915971	116.075	57.775	NA	NA	151.970457	NA	NA	NA
1915972	116.125	57.775	NA	NA	151.94042	NA	NA	NA
1915973	116.175	57.775	NA	NA	151.937143	NA	NA	NA
1916263	130.675	57.775	NA	NA	148.722421	NA	NA	NA
1916264	130.725	57.775	NA	NA	148.730281	NA	NA	NA
1916265	130.775	57.775	NA	NA	139.837192	NA	NA	NA
1916358	135.425	57.775	NA	NA	153.297074	NA	NA	NA
1922471	115.075	57.725	NA	NA	143.495949	NA	NA	NA
1922472	115.125	57.725	NA	NA	152.035931	NA	NA	NA
1922473	115.175	57.725	NA	NA	152.031827	NA	NA	NA
1922474	115.225	57.725	NA	NA	152.030284	NA	NA	NA
1922475	115.275	57.725	NA	NA	152.048391	NA	NA	NA
1922490	116.025	57.725	125.55517	132.485317	151.988904	26.433734	19.503587	NA
1922493	116.175	57.725	NA	NA	149.525263	NA	NA	NA
1922494	116.225	57.725	NA	NA	151.935153	NA	NA	NA
1922495	116.275	57.725	NA	NA	151.926104	NA	NA	NA
1922496	116.325	57.725	NA	NA	151.920023	NA	NA	NA
1922782	130.625	57.725	NA	NA	148.704621	NA	NA	NA
1922783	130.675	57.725	NA	NA	148.715628	NA	NA	NA
1922878	135.425	57.725	NA	NA	153.338197	NA	NA	NA
1928994	115.225	57.675	NA	NA	152.046907	NA	NA	NA
1929010	116.025	57.675	125.28705	128.920433	151.995932	26.708882	23.075498	NA
1929016	116.325	57.675	NA	NA	151.918089	NA	NA	NA
1929017	116.375	57.675	NA	NA	151.894657	NA	NA	NA
1929018	116.425	57.675	125.650216	134.989759	147.974852	22.324636	12.985093	NA
1929124	121.725	57.675	NA	NA	149.960658	NA	NA	NA
1929302	130.625	57.675	NA	NA	148.698944	NA	NA	NA
1929398	135.425	57.675	NA	NA	153.316111	NA	NA	NA
1935514	115.225	57.625	NA	NA	152.04934	NA	NA	NA
1935515	115.275	57.625	NA	NA	143.542445	NA	NA	NA
1935529	115.975	57.625	NA	NA	152.006819	NA	NA	NA
1935530	116.025	57.625	NA	NA	150.010676	NA	NA	NA
1935538	116.425	57.625	125.694168	135.918115	151.89683	26.202661	15.978715	NA
1935539	116.475	57.625	126.010416	137.273269	144.031092	18.020676	6.757823	NA
1935643	121.675	57.625	NA	NA	149.926475	NA	NA	NA
1935644	121.725	57.625	NA	NA	149.941612	NA	NA	NA
1935821	130.575	57.625	NA	NA	148.885844	NA	NA	NA
1935822	130.625	57.625	NA	NA	148.895194	NA	NA	NA
1935924	135.725	57.625	NA	NA	153.928712	NA	NA	NA
1935925	135.775	57.625	NA	NA	153.929984	NA	NA	NA
1942035	115.275	57.575	125.244127	129.774933	152.049632	26.805505	22.274699	NA
1942044	115.725	57.575	NA	NA	144.62494	NA	NA	NA
1942045	115.775	57.575	NA	NA	152.017647	NA	NA	NA
1942046	115.825	57.575	NA	NA	152.006801	NA	NA	NA
1942047	115.875	57.575	NA	NA	152.004702	NA	NA	NA
1942048	115.925	57.575	NA	NA	152.002988	NA	NA	NA
1942049	115.975	57.575	NA	NA	149.851254	NA	NA	NA
1942059	116.475	57.575	126.011335	137.29408	151.872479	25.861143	14.578399	NA
1942060	116.525	57.575	NA	NA	151.849418	NA	NA	NA
1942061	116.575	57.575	NA	NA	152.516122	NA	NA	NA
1942162	121.625	57.575	NA	NA	149.911398	NA	NA	NA
1942163	121.675	57.575	NA	NA	149.92163	NA	NA	NA
1942164	121.725	57.575	NA	NA	149.477481	NA	NA	NA
1942341	130.575	57.575	NA	NA	148.888226	NA	NA	NA
1942342	130.625	57.575	NA	NA	140.49588	NA	NA	NA
1942445	135.775	57.575	NA	NA	153.936517	NA	NA	NA
1942446	135.825	57.575	NA	NA	153.927965	NA	NA	NA
1942447	135.875	57.575	NA	NA	153.926243	NA	NA	NA
1948555	115.275	57.525	125.029036	135.396628	152.015121	26.986085	16.618493	NA
1948559	115.475	57.525	NA	NA	152.003592	NA	NA	NA
1948560	115.525	57.525	125.615164	140.217754	151.996163	26.380999	11.778408	NA
1948561	115.575	57.525	126.065948	138.020219	151.997132	25.931184	13.976913	NA
1948562	115.625	57.525	126.290423	139.328446	152.016364	25.725941	12.687918	NA
1948563	115.675	57.525	126.035305	139.082249	152.0118	25.976495	12.929551	NA
1948564	115.725	57.525	NA	NA	152.019966	NA	NA	NA
1948580	116.525	57.525	124.470599	137.841413	148.504157	24.033558	10.662745	NA
1948581	116.575	57.525	NA	NA	151.844855	NA	NA	NA
1948681	121.575	57.525	NA	NA	149.897242	NA	NA	NA
1948682	121.625	57.525	NA	NA	149.908042	NA	NA	NA
1948862	130.625	57.525	NA	NA	148.880647	NA	NA	NA
1948863	130.675	57.525	NA	NA	140.579799	NA	NA	NA
1948967	135.875	57.525	NA	NA	143.185848	NA	NA	NA
1955075	115.275	57.475	NA	NA	152.00865	NA	NA	NA
1955076	115.325	57.475	125.477996	137.405057	152.002357	26.524361	14.5973	NA
1955077	115.375	57.475	125.65534	135.502606	151.989317	26.333978	16.486712	NA
1955078	115.425	57.475	NA	NA	151.98795	NA	NA	NA
1955079	115.475	57.475	NA	NA	142.612537	NA	NA	NA
1955099	116.475	57.475	125.541496	139.211802	151.761948	26.220451	12.550146	NA
1955100	116.525	57.475	125.250241	136.532233	151.772571	26.52233	15.240338	NA
1955201	121.575	57.475	NA	NA	149.862351	NA	NA	NA
1955383	130.675	57.475	NA	NA	148.879421	NA	NA	NA
1955384	130.725	57.475	124.538389	134.568162	148.859411	24.321021	14.291249	NA
1955385	130.775	57.475	123.846622	133.743701	140.870994	17.024372	7.127293	NA
1961619	116.475	57.425	125.472878	139.089599	151.759842	26.286965	12.670244	NA
1961720	121.525	57.425	NA	NA	149.847526	NA	NA	NA
1961721	121.575	57.425	NA	NA	149.855241	NA	NA	NA
1961905	130.775	57.425	125.161071	131.08732	148.875836	23.714765	17.788515	NA
1961906	130.825	57.425	NA	NA	148.852918	NA	NA	NA
1961907	130.875	57.425	NA	NA	148.860434	NA	NA	NA
1961908	130.925	57.425	124.78499	137.796372	148.849714	24.064724	11.053342	NA
1968139	116.475	57.375	NA	NA	151.75594	NA	NA	NA
1968239	121.475	57.375	NA	NA	149.8405	NA	NA	NA
1968240	121.525	57.375	NA	NA	149.831316	NA	NA	NA
1968428	130.925	57.375	NA	NA	148.839361	NA	NA	NA
1968429	130.975	57.375	NA	NA	148.826731	NA	NA	NA
1968430	131.025	57.375	NA	NA	148.823096	NA	NA	NA
1968431	131.075	57.375	124.30558	137.257754	148.819145	24.513565	11.561391	NA
1968432	131.125	57.375	NA	NA	148.812143	NA	NA	NA
1968433	131.175	57.375	NA	NA	148.804842	NA	NA	NA
1968434	131.225	57.375	NA	NA	148.7939	NA	NA	NA
1968435	131.275	57.375	124.19472	135.432074	148.797597	24.602877	13.365523	NA
1974659	116.475	57.325	NA	NA	151.762122	NA	NA	NA
1974660	116.525	57.325	NA	NA	151.751978	NA	NA	NA
1974759	121.475	57.325	NA	NA	149.767247	NA	NA	NA
1974760	121.525	57.325	NA	NA	149.779103	NA	NA	NA
1974953	131.175	57.325	123.236926	137.734721	147.736009	24.499083	10.001288	NA
1974954	131.225	57.325	123.640583	137.796053	147.742372	24.101789	9.946319	NA
1974955	131.275	57.325	123.757334	137.532263	148.400388	24.643054	10.868126	NA
1981178	116.425	57.275	NA	NA	140.534722	NA	NA	NA
1981179	116.475	57.275	NA	NA	151.754879	NA	NA	NA
1981180	116.525	57.275	NA	NA	143.23286	NA	NA	NA
1981270	121.025	57.275	NA	NA	149.513821	NA	NA	NA
1981271	121.075	57.275	NA	NA	149.523295	NA	NA	NA
1981272	121.125	57.275	NA	NA	149.529006	NA	NA	NA
1981273	121.175	57.275	NA	NA	149.533093	NA	NA	NA
1981274	121.225	57.275	NA	NA	149.544477	NA	NA	NA
1981275	121.275	57.275	NA	NA	149.547915	NA	NA	NA
1981276	121.325	57.275	NA	NA	149.715206	NA	NA	NA
1981277	121.375	57.275	NA	NA	149.723798	NA	NA	NA
1981278	121.425	57.275	NA	NA	149.729181	NA	NA	NA
1981279	121.475	57.275	NA	NA	149.744973	NA	NA	NA
1981469	130.975	57.275	NA	NA	139.847647	NA	NA	NA
1981470	131.025	57.275	124.229298	137.861553	147.71292	23.483622	9.851367	NA
1981471	131.075	57.275	124.317874	130.948485	147.70959	23.391716	16.761105	NA
1981472	131.125	57.275	NA	NA	147.718536	NA	NA	NA
1981473	131.175	57.275	124.941547	131.253417	149.255828	24.31428	18.002411	NA
1987698	116.425	57.225	126.197688	137.892374	151.728848	25.531159	13.836473	NA
1987699	116.475	57.225	126.280075	137.859855	151.752425	25.472351	13.89257	NA
1987789	120.975	57.225	NA	NA	158.873805	NA	NA	NA
1987790	121.025	57.225	NA	NA	149.5055	NA	NA	NA
1987989	130.975	57.225	123.976802	137.440557	147.717077	23.740275	10.27652	NA
1987990	131.025	57.225	124.057128	137.830621	141.426082	17.368954	3.595461	NA
1994216	116.325	57.175	NA	NA	150.907544	NA	NA	NA
1994217	116.375	57.175	NA	NA	150.927827	NA	NA	NA
1994218	116.425	57.175	NA	NA	162.353039	NA	NA	NA
1994308	120.925	57.175	NA	NA	149.400468	NA	NA	NA
1994309	120.975	57.175	NA	NA	149.408229	NA	NA	NA
1994505	130.775	57.175	NA	NA	147.621634	NA	NA	NA
1994506	130.825	57.175	NA	NA	147.630243	NA	NA	NA
1994507	130.875	57.175	NA	NA	147.63432	NA	NA	NA
1994508	130.925	57.175	NA	NA	147.63347	NA	NA	NA
1994509	130.975	57.175	NA	NA	147.636399	NA	NA	NA
1994510	131.025	57.175	NA	NA	147.65745	NA	NA	NA
2000732	116.125	57.125	NA	NA	150.846992	NA	NA	NA
2000733	116.175	57.125	NA	NA	150.864896	NA	NA	NA
2000734	116.225	57.125	NA	NA	150.868586	NA	NA	NA
2000735	116.275	57.125	NA	NA	150.881037	NA	NA	NA
2000736	116.325	57.125	NA	NA	150.906272	NA	NA	NA
2000829	120.975	57.125	NA	NA	149.391365	NA	NA	NA
2000830	121.025	57.125	NA	NA	149.379243	NA	NA	NA
2001020	130.525	57.125	NA	NA	147.57418	NA	NA	NA
2001021	130.575	57.125	NA	NA	147.610119	NA	NA	NA
2001022	130.625	57.125	NA	NA	143.896632	NA	NA	NA
2001025	130.775	57.125	NA	NA	147.620313	NA	NA	NA
2001026	130.825	57.125	NA	NA	147.628264	NA	NA	NA
2007251	116.075	57.075	NA	NA	150.84326	NA	NA	NA
2007252	116.125	57.075	NA	NA	157.105531	NA	NA	NA
2007349	120.975	57.075	NA	NA	149.365409	NA	NA	NA
2007350	121.025	57.075	NA	NA	149.373503	NA	NA	NA
2007539	130.475	57.075	NA	NA	147.550883	NA	NA	NA
2007540	130.525	57.075	NA	NA	147.577882	NA	NA	NA
2007542	130.625	57.075	NA	NA	147.612925	NA	NA	NA
2007543	130.675	57.075	NA	NA	147.628679	NA	NA	NA
2007544	130.725	57.075	NA	NA	147.622502	NA	NA	NA
2007545	130.775	57.075	NA	NA	147.615256	NA	NA	NA
2013766	115.825	57.025	NA	NA	150.729028	NA	NA	NA
2013767	115.875	57.025	NA	NA	150.75058	NA	NA	NA
2013768	115.925	57.025	NA	NA	150.781651	NA	NA	NA
2013769	115.975	57.025	NA	NA	150.79192	NA	NA	NA
2013770	116.025	57.025	NA	NA	150.815982	NA	NA	NA
2013771	116.075	57.025	NA	NA	149.669338	NA	NA	NA
2013870	121.025	57.025	NA	NA	149.361935	NA	NA	NA
2013871	121.075	57.025	124.241469	129.746369	146.248638	22.00717	16.502269	NA
2014054	130.225	57.025	NA	NA	146.019467	NA	NA	NA
2014055	130.275	57.025	NA	NA	147.457945	NA	NA	NA
2014056	130.325	57.025	NA	NA	147.45694	NA	NA	NA
2014057	130.375	57.025	NA	NA	147.465001	NA	NA	NA
2014058	130.425	57.025	NA	NA	147.48262	NA	NA	NA
2014059	130.475	57.025	NA	NA	144.07026	NA	NA	NA
2014060	130.525	57.025	NA	NA	147.553977	NA	NA	NA
2014061	130.575	57.025	NA	NA	147.541452	NA	NA	NA
2020284	115.725	56.975	124.447656	138.863176	150.702191	26.254535	11.839016	NA
2020285	115.775	56.975	124.526807	141.435106	150.717216	26.190409	9.282111	NA
2020286	115.825	56.975	NA	NA	150.412335	NA	NA	NA
2020391	121.075	56.975	124.241641	129.746612	148.508168	24.266527	18.761556	NA
2020392	121.125	56.975	124.327124	129.866917	148.480428	24.153303	18.61351	NA
2020433	123.175	56.975	NA	NA	151.546188	NA	NA	NA
2020556	129.325	56.975	NA	NA	147.11934	NA	NA	NA
2020557	129.375	56.975	NA	NA	147.002302	NA	NA	NA
2020559	129.475	56.975	NA	NA	147.177142	NA	NA	NA
2020560	129.525	56.975	NA	NA	147.19182	NA	NA	NA
2020561	129.575	56.975	NA	NA	147.196966	NA	NA	NA
2020562	129.625	56.975	NA	NA	147.237857	NA	NA	NA
2020563	129.675	56.975	NA	NA	147.24375	NA	NA	NA
2020564	129.725	56.975	NA	NA	147.287538	NA	NA	NA
2020573	130.175	56.975	NA	NA	147.449861	NA	NA	NA
2020574	130.225	56.975	NA	NA	147.462469	NA	NA	NA
2020579	130.475	56.975	NA	NA	147.475017	NA	NA	NA
2020580	130.525	56.975	NA	NA	147.488347	NA	NA	NA
2020581	130.575	56.975	NA	NA	147.534602	NA	NA	NA
2026802	115.625	56.925	NA	NA	150.686507	NA	NA	NA
2026803	115.675	56.925	NA	NA	150.68914	NA	NA	NA
2026804	115.725	56.925	NA	NA	150.696324	NA	NA	NA
2026912	121.125	56.925	124.289396	136.111096	148.475467	24.186071	12.364371	NA
2026952	123.125	56.925	NA	NA	151.625273	NA	NA	NA
2026953	123.175	56.925	NA	NA	151.568151	NA	NA	NA
2027072	129.125	56.925	NA	NA	147.04905	NA	NA	NA
2027073	129.175	56.925	NA	NA	147.063099	NA	NA	NA
2027074	129.225	56.925	NA	NA	147.073971	NA	NA	NA
2027075	129.275	56.925	NA	NA	147.080981	NA	NA	NA
2027076	129.325	56.925	NA	NA	147.10355	NA	NA	NA
2027077	129.375	56.925	NA	NA	147.124588	NA	NA	NA
2027078	129.425	56.925	NA	NA	147.135403	NA	NA	NA
2027079	129.475	56.925	NA	NA	147.16367	NA	NA	NA
2027084	129.725	56.925	NA	NA	150.097195	NA	NA	NA
2027085	129.775	56.925	NA	NA	147.297269	NA	NA	NA
2027086	129.825	56.925	NA	NA	147.302683	NA	NA	NA
2027087	129.875	56.925	NA	NA	147.319587	NA	NA	NA
2027088	129.925	56.925	NA	NA	147.423585	NA	NA	NA
2027089	129.975	56.925	NA	NA	147.441199	NA	NA	NA
2027090	130.025	56.925	NA	NA	147.439826	NA	NA	NA
2027091	130.075	56.925	NA	NA	147.454061	NA	NA	NA
2027093	130.175	56.925	NA	NA	147.449587	NA	NA	NA
2027094	130.225	56.925	NA	NA	144.779177	NA	NA	NA
2033321	115.575	56.875	NA	NA	150.631134	NA	NA	NA
2033322	115.625	56.875	NA	NA	150.682531	NA	NA	NA
2033432	121.125	56.875	NA	NA	148.470925	NA	NA	NA
2033433	121.175	56.875	NA	NA	148.12201	NA	NA	NA
2033472	123.125	56.875	NA	NA	151.790974	NA	NA	NA
2033473	123.175	56.875	NA	NA	151.86852	NA	NA	NA
2033588	128.925	56.875	NA	NA	146.007564	NA	NA	NA
2033589	128.975	56.875	NA	NA	145.516062	NA	NA	NA
2033590	129.025	56.875	NA	NA	147.007454	NA	NA	NA
2033591	129.075	56.875	NA	NA	147.027482	NA	NA	NA
2033592	129.125	56.875	NA	NA	145.461027	NA	NA	NA
2033607	129.875	56.875	NA	NA	147.318036	NA	NA	NA
2033608	129.925	56.875	NA	NA	147.42056	NA	NA	NA
2033611	130.075	56.875	NA	NA	147.459027	NA	NA	NA
2033612	130.125	56.875	NA	NA	147.436805	NA	NA	NA
2033613	130.175	56.875	NA	NA	147.448429	NA	NA	NA
2039841	115.575	56.825	NA	NA	150.567366	NA	NA	NA
2039842	115.625	56.825	NA	NA	157.44317	NA	NA	NA
2039952	121.125	56.825	NA	NA	148.458236	NA	NA	NA
2039953	121.175	56.825	NA	NA	148.450022	NA	NA	NA
2039992	123.125	56.825	NA	NA	152.069142	NA	NA	NA
2039993	123.175	56.825	NA	NA	152.03926	NA	NA	NA
2040106	128.825	56.825	NA	NA	146.744291	NA	NA	NA
2040107	128.875	56.825	NA	NA	146.781648	NA	NA	NA
2040108	128.925	56.825	NA	NA	146.792156	NA	NA	NA
2040109	128.975	56.825	NA	NA	146.810382	NA	NA	NA
2040110	129.025	56.825	NA	NA	149.321297	NA	NA	NA
2046361	115.575	56.775	NA	NA	144.288473	NA	NA	NA
2046362	115.625	56.775	NA	NA	150.471412	NA	NA	NA
2046473	121.175	56.775	124.437514	136.596232	148.170211	23.732697	11.573979	NA
2046474	121.225	56.775	123.813447	138.037579	148.448124	24.634678	10.410545	NA
2046512	123.125	56.775	NA	NA	152.168671	NA	NA	NA
2046513	123.175	56.775	NA	NA	152.263699	NA	NA	NA
2046625	128.775	56.775	NA	NA	146.72094	NA	NA	NA
2046626	128.825	56.775	NA	NA	146.728129	NA	NA	NA
2052881	115.575	56.725	NA	NA	150.465324	NA	NA	NA
2052994	121.225	56.725	124.011556	137.639899	148.25965	24.248094	10.619752	NA
2052995	121.275	56.725	123.926056	138.47612	148.241878	24.315822	9.765758	NA
2053031	123.075	56.725	NA	NA	152.352761	NA	NA	NA
2053032	123.125	56.725	NA	NA	152.225267	NA	NA	NA
2053143	128.675	56.725	NA	NA	146.793908	NA	NA	NA
2053144	128.725	56.725	NA	NA	146.712584	NA	NA	NA
2053145	128.775	56.725	NA	NA	146.717324	NA	NA	NA
2059398	115.425	56.675	NA	NA	150.446409	NA	NA	NA
2059515	121.275	56.675	123.898074	138.610094	148.23533	24.337255	9.625236	NA
2059516	121.325	56.675	NA	NA	148.094167	NA	NA	NA
2059517	121.375	56.675	124.21206	135.880894	148.088331	23.876271	12.207437	NA
2059551	123.075	56.675	NA	NA	152.497744	NA	NA	NA
2059552	123.125	56.675	NA	NA	149.039318	NA	NA	NA
2059655	128.275	56.675	NA	NA	149.012768	NA	NA	NA
2059656	128.325	56.675	NA	NA	146.763022	NA	NA	NA
2059657	128.375	56.675	NA	NA	141.513662	NA	NA	NA
2059658	128.425	56.675	NA	NA	146.745285	NA	NA	NA
2059659	128.475	56.675	NA	NA	146.767855	NA	NA	NA
2059660	128.525	56.675	NA	NA	146.761728	NA	NA	NA
2059661	128.575	56.675	NA	NA	146.751045	NA	NA	NA
2059662	128.625	56.675	NA	NA	146.76041	NA	NA	NA
2059663	128.675	56.675	NA	NA	146.787241	NA	NA	NA
2066036	121.325	56.625	NA	NA	149.147578	NA	NA	NA
2066037	121.375	56.625	123.642827	138.594668	148.084671	24.441844	9.490003	NA
2066070	123.025	56.625	NA	NA	147.168105	NA	NA	NA
2066071	123.075	56.625	NA	NA	152.730918	NA	NA	NA
2066174	128.225	56.625	NA	NA	143.869453	NA	NA	NA
2066175	128.275	56.625	NA	NA	145.833531	NA	NA	NA
2066176	128.325	56.625	NA	NA	141.610694	NA	NA	NA
2066177	128.375	56.625	NA	NA	146.743151	NA	NA	NA
2072557	121.375	56.575	NA	NA	148.427286	NA	NA	NA
2072558	121.425	56.575	NA	NA	148.073524	NA	NA	NA
2072559	121.475	56.575	NA	NA	148.052086	NA	NA	NA
2072560	121.525	56.575	123.982815	136.007875	148.047407	24.064593	12.039532	NA
2072561	121.575	56.575	NA	NA	148.042595	NA	NA	NA
2072590	123.025	56.575	NA	NA	153.097659	NA	NA	NA
2072591	123.075	56.575	NA	NA	153.622548	NA	NA	NA
2072592	123.125	56.575	NA	NA	153.734823	NA	NA	NA
2072593	123.175	56.575	NA	NA	153.989733	NA	NA	NA
2072594	123.225	56.575	NA	NA	154.493921	NA	NA	NA
2072595	123.275	56.575	NA	NA	154.576511	NA	NA	NA
2072596	123.325	56.575	NA	NA	154.62486	NA	NA	NA
2072597	123.375	56.575	NA	NA	154.967919	NA	NA	NA
2072688	127.925	56.575	NA	NA	145.673572	NA	NA	NA
2072689	127.975	56.575	NA	NA	145.712516	NA	NA	NA
2072693	128.175	56.575	NA	NA	145.797684	NA	NA	NA
2072694	128.225	56.575	NA	NA	145.821298	NA	NA	NA
2072695	128.275	56.575	NA	NA	144.537131	NA	NA	NA
2079080	121.525	56.525	NA	NA	146.676137	NA	NA	NA
2079081	121.575	56.525	NA	NA	147.834058	NA	NA	NA
2079117	123.375	56.525	NA	NA	154.917396	NA	NA	NA
2079118	123.425	56.525	NA	NA	155.009258	NA	NA	NA
2079119	123.475	56.525	NA	NA	155.185941	NA	NA	NA
2079120	123.525	56.525	NA	NA	155.217376	NA	NA	NA
2079121	123.575	56.525	NA	NA	155.123446	NA	NA	NA
2079207	127.875	56.525	NA	NA	147.427097	NA	NA	NA
2079208	127.925	56.525	NA	NA	145.64879	NA	NA	NA
2079209	127.975	56.525	NA	NA	145.713865	NA	NA	NA
2079210	128.025	56.525	NA	NA	145.731836	NA	NA	NA
2079211	128.075	56.525	NA	NA	148.23635	NA	NA	NA
2079212	128.125	56.525	NA	NA	145.755784	NA	NA	NA
2079213	128.175	56.525	NA	NA	145.790829	NA	NA	NA
2085600	121.525	56.475	NA	NA	147.811855	NA	NA	NA
2085601	121.575	56.475	NA	NA	147.78213	NA	NA	NA
2085641	123.575	56.475	NA	NA	155.196799	NA	NA	NA
2085642	123.625	56.475	NA	NA	154.149919	NA	NA	NA
2085643	123.675	56.475	NA	NA	154.211551	NA	NA	NA
2085644	123.725	56.475	NA	NA	154.582405	NA	NA	NA
2085645	123.775	56.475	NA	NA	154.891587	NA	NA	NA
2085711	127.075	56.475	NA	NA	145.000492	NA	NA	NA
2085712	127.125	56.475	NA	NA	145.132551	NA	NA	NA
2085713	127.175	56.475	NA	NA	145.138862	NA	NA	NA
2085714	127.225	56.475	NA	NA	145.14389	NA	NA	NA
2085715	127.275	56.475	NA	NA	145.251086	NA	NA	NA
2085716	127.325	56.475	NA	NA	141.92878	NA	NA	NA
2085717	127.375	56.475	NA	NA	145.277493	NA	NA	NA
2085721	127.575	56.475	NA	NA	145.393556	NA	NA	NA
2085722	127.625	56.475	NA	NA	145.408637	NA	NA	NA
2085723	127.675	56.475	NA	NA	145.481856	NA	NA	NA
2085725	127.775	56.475	NA	NA	145.609549	NA	NA	NA
2085726	127.825	56.475	NA	NA	145.615065	NA	NA	NA
2085727	127.875	56.475	NA	NA	145.627456	NA	NA	NA
2085729	127.975	56.475	NA	NA	145.354428	NA	NA	NA
2085730	128.025	56.475	NA	NA	145.622333	NA	NA	NA
2085731	128.075	56.475	NA	NA	145.726034	NA	NA	NA
2085732	128.125	56.475	NA	NA	145.74478	NA	NA	NA
2092119	121.475	56.425	NA	NA	147.738541	NA	NA	NA
2092120	121.525	56.425	NA	NA	147.758947	NA	NA	NA
2092121	121.575	56.425	123.834435	138.35421	147.776241	23.941806	9.422031	NA
2092228	126.925	56.425	NA	NA	145.007522	NA	NA	NA
2092229	126.975	56.425	NA	NA	145.02869	NA	NA	NA
2092230	127.025	56.425	NA	NA	145.032308	NA	NA	NA
2092231	127.075	56.425	NA	NA	145.005327	NA	NA	NA
2092232	127.125	56.425	NA	NA	141.594089	NA	NA	NA
2092235	127.275	56.425	NA	NA	145.207164	NA	NA	NA
2092236	127.325	56.425	NA	NA	145.237352	NA	NA	NA
2092237	127.375	56.425	NA	NA	145.286355	NA	NA	NA
2092238	127.425	56.425	NA	NA	145.308826	NA	NA	NA
2092239	127.475	56.425	NA	NA	145.316723	NA	NA	NA
2092240	127.525	56.425	NA	NA	145.368805	NA	NA	NA
2092241	127.575	56.425	NA	NA	144.137602	NA	NA	NA
2092243	127.675	56.425	NA	NA	142.962008	NA	NA	NA
2092244	127.725	56.425	NA	NA	145.477761	NA	NA	NA
2092245	127.775	56.425	NA	NA	145.490927	NA	NA	NA
2098639	121.475	56.375	NA	NA	147.734848	NA	NA	NA
2098640	121.525	56.375	NA	NA	147.727839	NA	NA	NA
2098641	121.575	56.375	NA	NA	148.534498	NA	NA	NA
2098746	126.825	56.375	NA	NA	146.538284	NA	NA	NA
2098747	126.875	56.375	NA	NA	144.932192	NA	NA	NA
2098748	126.925	56.375	NA	NA	141.326375	NA	NA	NA
2105160	121.525	56.325	NA	NA	147.709065	NA	NA	NA
2105161	121.575	56.325	NA	NA	147.723525	NA	NA	NA
2105266	126.825	56.325	NA	NA	144.486481	NA	NA	NA
2111681	121.575	56.275	NA	NA	147.369422	NA	NA	NA
2111784	126.725	56.275	NA	NA	147.055819	NA	NA	NA
2111785	126.775	56.275	NA	NA	144.460646	NA	NA	NA
2111786	126.825	56.275	NA	NA	144.478584	NA	NA	NA
2118084	115.725	56.225	124.608611	137.337694	148.931739	24.323129	11.594045	NA
2118085	115.775	56.225	NA	NA	139.513002	NA	NA	NA
2118201	121.575	56.225	NA	NA	147.351495	NA	NA	NA
2118202	121.625	56.225	NA	NA	147.331223	NA	NA	NA
2118203	121.675	56.225	NA	NA	147.315697	NA	NA	NA
2118304	126.725	56.225	NA	NA	144.356484	NA	NA	NA
2124605	115.775	56.175	NA	NA	148.915701	NA	NA	NA
2124606	115.825	56.175	NA	NA	148.907829	NA	NA	NA
2124722	121.625	56.175	NA	NA	147.31166	NA	NA	NA
2124723	121.675	56.175	NA	NA	147.404468	NA	NA	NA
2124819	126.475	56.175	NA	NA	144.283181	NA	NA	NA
2124820	126.525	56.175	NA	NA	144.300081	NA	NA	NA
2124821	126.575	56.175	NA	NA	144.295925	NA	NA	NA
2124822	126.625	56.175	NA	NA	144.310861	NA	NA	NA
2124823	126.675	56.175	NA	NA	144.347832	NA	NA	NA
2124824	126.725	56.175	NA	NA	144.368079	NA	NA	NA
2131125	115.775	56.125	NA	NA	148.843694	NA	NA	NA
2131126	115.825	56.125	NA	NA	148.905514	NA	NA	NA
2131242	121.625	56.125	NA	NA	147.292169	NA	NA	NA
2131337	126.375	56.125	NA	NA	144.110578	NA	NA	NA
2131338	126.425	56.125	NA	NA	144.152892	NA	NA	NA
2131339	126.475	56.125	124.925879	142.105266	142.463285	17.537407	0.358019	NA
2137645	115.775	56.075	NA	NA	148.839511	NA	NA	NA
2137761	121.575	56.075	NA	NA	147.228726	NA	NA	NA
2137762	121.625	56.075	NA	NA	147.264021	NA	NA	NA
2137857	126.375	56.075	NA	NA	144.19838	NA	NA	NA
2144165	115.775	56.025	NA	NA	148.752416	NA	NA	NA
2144281	121.575	56.025	NA	NA	147.201694	NA	NA	NA
2144282	121.625	56.025	NA	NA	147.189535	NA	NA	NA
2144377	126.375	56.025	NA	NA	144.203492	NA	NA	NA
2144378	126.425	56.025	NA	NA	144.22609	NA	NA	NA
2150685	115.775	55.975	NA	NA	148.744737	NA	NA	NA
2150686	115.825	55.975	NA	NA	148.738552	NA	NA	NA
2150687	115.875	55.975	NA	NA	148.735676	NA	NA	NA
2150800	121.525	55.975	NA	NA	147.155048	NA	NA	NA
2150801	121.575	55.975	NA	NA	147.184362	NA	NA	NA
2150895	126.275	55.975	NA	NA	144.169747	NA	NA	NA
2150896	126.325	55.975	NA	NA	144.135206	NA	NA	NA
2150897	126.375	55.975	NA	NA	144.200037	NA	NA	NA
2157207	115.875	55.925	NA	NA	148.731521	NA	NA	NA
2157208	115.925	55.925	NA	NA	142.788621	NA	NA	NA
2157319	121.475	55.925	NA	NA	147.131377	NA	NA	NA
2157320	121.525	55.925	NA	NA	147.147402	NA	NA	NA
2157406	125.825	55.925	NA	NA	144.061623	NA	NA	NA
2157407	125.875	55.925	NA	NA	143.982986	NA	NA	NA
2157408	125.925	55.925	NA	NA	143.991812	NA	NA	NA
2157409	125.975	55.925	NA	NA	143.984952	NA	NA	NA
2157410	126.025	55.925	NA	NA	144.007554	NA	NA	NA
2157411	126.075	55.925	NA	NA	144.015835	NA	NA	NA
2157412	126.125	55.925	NA	NA	144.08822	NA	NA	NA
2157413	126.175	55.925	NA	NA	143.993553	NA	NA	NA
2157414	126.225	55.925	NA	NA	144.062638	NA	NA	NA
2157415	126.275	55.925	NA	NA	144.159659	NA	NA	NA
2163726	115.825	55.875	NA	NA	148.733277	NA	NA	NA
2163727	115.875	55.875	NA	NA	148.741384	NA	NA	NA
2163840	121.525	55.875	NA	NA	147.125978	NA	NA	NA
2163841	121.575	55.875	NA	NA	147.110101	NA	NA	NA
2163920	125.525	55.875	NA	NA	144.270167	NA	NA	NA
2163921	125.575	55.875	NA	NA	144.301176	NA	NA	NA
2163922	125.625	55.875	NA	NA	144.193487	NA	NA	NA
2163923	125.675	55.875	NA	NA	144.51135	NA	NA	NA
2163924	125.725	55.875	NA	NA	144.314518	NA	NA	NA
2163925	125.775	55.875	NA	NA	144.251994	NA	NA	NA
2163926	125.825	55.875	NA	NA	144.178501	NA	NA	NA
2170246	115.825	55.825	123.82337	126.991911	148.732077	24.908707	21.740166	NA
2170361	121.575	55.825	NA	NA	147.084312	NA	NA	NA
2170362	121.625	55.825	NA	NA	147.101536	NA	NA	NA
2170440	125.525	55.825	NA	NA	146.299717	NA	NA	NA
2170443	125.675	55.825	NA	NA	143.66868	NA	NA	NA
2170444	125.725	55.825	NA	NA	143.680683	NA	NA	NA
2176766	115.825	55.775	123.524488	129.276849	148.72798	25.203491	19.45113	NA
2176767	115.875	55.775	NA	NA	139.491198	NA	NA	NA
2176880	121.525	55.775	NA	NA	147.063134	NA	NA	NA
2176881	121.575	55.775	NA	NA	147.076841	NA	NA	NA
2176960	125.525	55.775	NA	NA	147.280822	NA	NA	NA
2183286	115.825	55.725	NA	NA	148.474974	NA	NA	NA
2183287	115.875	55.725	124.003347	134.876789	148.47995	24.476603	13.603161	NA
2183395	121.275	55.725	NA	NA	147.022285	NA	NA	NA
2183397	121.375	55.725	NA	NA	145.749569	NA	NA	NA
2183400	121.525	55.725	NA	NA	147.047946	NA	NA	NA
2183401	121.575	55.725	NA	NA	147.061645	NA	NA	NA
2189806	115.825	55.675	NA	NA	148.468266	NA	NA	NA
2189807	115.875	55.675	124.011702	132.920054	148.457601	24.445898	15.537546	NA
2189808	115.925	55.675	NA	NA	148.449372	NA	NA	NA
2189912	121.125	55.675	NA	NA	146.996433	NA	NA	NA
2189913	121.175	55.675	NA	NA	147.006572	NA	NA	NA
2189914	121.225	55.675	NA	NA	147.011948	NA	NA	NA
2189915	121.275	55.675	NA	NA	147.025331	NA	NA	NA
2189916	121.325	55.675	NA	NA	147.026258	NA	NA	NA
2189917	121.375	55.675	NA	NA	147.028749	NA	NA	NA
2189918	121.425	55.675	NA	NA	147.033014	NA	NA	NA
2189919	121.475	55.675	NA	NA	147.047265	NA	NA	NA
2189920	121.525	55.675	NA	NA	145.419157	NA	NA	NA
2196327	115.875	55.625	NA	NA	148.472316	NA	NA	NA
2196328	115.925	55.625	NA	NA	142.322065	NA	NA	NA
2196426	120.825	55.625	NA	NA	146.848563	NA	NA	NA
2196427	120.875	55.625	NA	NA	146.870594	NA	NA	NA
2196428	120.925	55.625	NA	NA	145.04642	NA	NA	NA
2196429	120.975	55.625	NA	NA	146.902848	NA	NA	NA
2196430	121.025	55.625	NA	NA	146.924489	NA	NA	NA
2196431	121.075	55.625	NA	NA	146.969926	NA	NA	NA
2196432	121.125	55.625	NA	NA	146.984622	NA	NA	NA
2202847	115.875	55.575	NA	NA	148.459204	NA	NA	NA
2202848	115.925	55.575	NA	NA	148.438146	NA	NA	NA
2202945	120.775	55.575	NA	NA	146.831721	NA	NA	NA
2202946	120.825	55.575	NA	NA	146.842354	NA	NA	NA
2202947	120.875	55.575	NA	NA	146.841864	NA	NA	NA
2202948	120.925	55.575	NA	NA	146.885075	NA	NA	NA
2202949	120.975	55.575	NA	NA	144.585883	NA	NA	NA
2202950	121.025	55.575	NA	NA	146.916285	NA	NA	NA
2209367	115.875	55.525	124.168605	136.796104	148.434774	24.266169	11.638671	NA
2209463	120.675	55.525	NA	NA	145.519781	NA	NA	NA
2209464	120.725	55.525	NA	NA	146.815836	NA	NA	NA
2209465	120.775	55.525	NA	NA	146.8263	NA	NA	NA
2215887	115.875	55.475	NA	NA	148.417818	NA	NA	NA
2215888	115.925	55.475	NA	NA	148.408408	NA	NA	NA
2215889	115.975	55.475	NA	NA	143.406221	NA	NA	NA
2215981	120.575	55.475	123.814332	137.291978	146.77948	22.965148	9.487502	NA
2215982	120.625	55.475	123.806666	137.255953	146.788066	22.981401	9.532114	NA
2215983	120.675	55.475	NA	NA	146.811588	NA	NA	NA
2222408	115.925	55.425	NA	NA	148.397105	NA	NA	NA
2222409	115.975	55.425	NA	NA	148.404717	NA	NA	NA
2222492	120.125	55.425	NA	NA	147.247066	NA	NA	NA
2222493	120.175	55.425	NA	NA	147.251008	NA	NA	NA
2222494	120.225	55.425	NA	NA	147.256738	NA	NA	NA
2222495	120.275	55.425	NA	NA	147.693469	NA	NA	NA
2222496	120.325	55.425	NA	NA	147.695232	NA	NA	NA
2222497	120.375	55.425	NA	NA	147.699905	NA	NA	NA
2222498	120.425	55.425	NA	NA	144.70624	NA	NA	NA
2222500	120.525	55.425	NA	NA	146.749576	NA	NA	NA
2222501	120.575	55.425	NA	NA	146.766451	NA	NA	NA
2222502	120.625	55.425	NA	NA	145.122095	NA	NA	NA
2228928	115.925	55.375	NA	NA	148.398427	NA	NA	NA
2228929	115.975	55.375	NA	NA	148.538056	NA	NA	NA
2228930	116.025	55.375	NA	NA	148.534504	NA	NA	NA
2228931	116.075	55.375	NA	NA	148.518214	NA	NA	NA
2228932	116.125	55.375	NA	NA	148.497036	NA	NA	NA
2228933	116.175	55.375	NA	NA	148.493743	NA	NA	NA
2228934	116.225	55.375	NA	NA	148.498333	NA	NA	NA
2228935	116.275	55.375	NA	NA	148.496201	NA	NA	NA
2228936	116.325	55.375	NA	NA	144.386968	NA	NA	NA
2228937	116.375	55.375	NA	NA	144.383156	NA	NA	NA
2229011	120.075	55.375	NA	NA	147.221269	NA	NA	NA
2229012	120.125	55.375	NA	NA	147.234337	NA	NA	NA
2229018	120.425	55.375	NA	NA	147.701457	NA	NA	NA
2229019	120.475	55.375	NA	NA	147.724941	NA	NA	NA
2229020	120.525	55.375	NA	NA	145.146858	NA	NA	NA
2235451	116.075	55.325	NA	NA	141.361428	NA	NA	NA
2235452	116.125	55.325	NA	NA	148.512184	NA	NA	NA
2235457	116.375	55.325	NA	NA	140.774621	NA	NA	NA
2235458	116.425	55.325	NA	NA	144.379619	NA	NA	NA
2235459	116.475	55.325	NA	NA	144.368206	NA	NA	NA
2235528	119.925	55.325	NA	NA	146.135282	NA	NA	NA
2235529	119.975	55.325	NA	NA	147.225237	NA	NA	NA
2235530	120.025	55.325	NA	NA	147.222899	NA	NA	NA
2235531	120.075	55.325	NA	NA	147.219115	NA	NA	NA
2241978	116.425	55.275	NA	NA	144.369984	NA	NA	NA
2241979	116.475	55.275	NA	NA	144.3445	NA	NA	NA
2242048	119.925	55.275	NA	NA	147.224071	NA	NA	NA
2242049	119.975	55.275	NA	NA	147.196859	NA	NA	NA
2248499	116.475	55.225	NA	NA	144.371204	NA	NA	NA
2248500	116.525	55.225	NA	NA	144.358712	NA	NA	NA
2248566	119.825	55.225	NA	NA	146.146859	NA	NA	NA
2248567	119.875	55.225	NA	NA	147.186815	NA	NA	NA
2248568	119.925	55.225	NA	NA	147.190415	NA	NA	NA
2248569	119.975	55.225	NA	NA	147.205333	NA	NA	NA
2255020	116.525	55.175	NA	NA	139.94607	NA	NA	NA
2255021	116.575	55.175	NA	NA	144.357942	NA	NA	NA
2255022	116.625	55.175	NA	NA	144.343584	NA	NA	NA
2255086	119.825	55.175	NA	NA	147.161593	NA	NA	NA
2261542	116.625	55.125	NA	NA	144.319142	NA	NA	NA
2261543	116.675	55.125	NA	NA	144.310788	NA	NA	NA
2261544	116.725	55.125	NA	NA	144.304585	NA	NA	NA
2261545	116.775	55.125	NA	NA	144.300377	NA	NA	NA
2261604	119.725	55.125	NA	NA	147.164926	NA	NA	NA
2261605	119.775	55.125	NA	NA	147.16727	NA	NA	NA
2261606	119.825	55.125	NA	NA	147.140068	NA	NA	NA
2268065	116.775	55.075	NA	NA	143.702231	NA	NA	NA
2268066	116.825	55.075	NA	NA	143.688701	NA	NA	NA
2268123	119.675	55.075	NA	NA	147.146519	NA	NA	NA
2268124	119.725	55.075	NA	NA	147.161394	NA	NA	NA
2274586	116.825	55.025	NA	NA	143.688275	NA	NA	NA
2274641	119.575	55.025	NA	NA	148.266576	NA	NA	NA
2274642	119.625	55.025	NA	NA	147.180668	NA	NA	NA
2274643	119.675	55.025	NA	NA	144.949567	NA	NA	NA
2274644	119.725	55.025	NA	NA	144.934111	NA	NA	NA
2281106	116.825	54.975	NA	NA	143.686462	NA	NA	NA
2281107	116.875	54.975	NA	NA	143.682528	NA	NA	NA
2281160	119.525	54.975	NA	NA	146.528009	NA	NA	NA
2281161	119.575	54.975	NA	NA	146.529415	NA	NA	NA
2281162	119.625	54.975	NA	NA	146.546815	NA	NA	NA
2287627	116.875	54.925	NA	NA	143.687638	NA	NA	NA
2287679	119.475	54.925	NA	NA	146.687197	NA	NA	NA
2287680	119.525	54.925	NA	NA	146.530522	NA	NA	NA
2294147	116.875	54.875	NA	NA	143.704041	NA	NA	NA
2294148	116.925	54.875	NA	NA	143.691307	NA	NA	NA
2294195	119.275	54.875	NA	NA	146.697631	NA	NA	NA
2294196	119.325	54.875	NA	NA	146.698237	NA	NA	NA
2294197	119.375	54.875	NA	NA	146.71155	NA	NA	NA
2294198	119.425	54.875	NA	NA	144.699589	NA	NA	NA
2294199	119.475	54.875	NA	NA	144.098857	NA	NA	NA
2300667	116.875	54.825	NA	NA	143.663986	NA	NA	NA
2300668	116.925	54.825	NA	NA	143.685846	NA	NA	NA
2300715	119.275	54.825	NA	NA	146.687502	NA	NA	NA
2307186	116.825	54.775	NA	NA	143.751806	NA	NA	NA
2307187	116.875	54.775	NA	NA	143.764976	NA	NA	NA
2307188	116.925	54.775	NA	NA	140.692841	NA	NA	NA
2307235	119.275	54.775	NA	NA	146.714716	NA	NA	NA
2307236	119.325	54.775	NA	NA	146.710432	NA	NA	NA
2313706	116.825	54.725	NA	NA	143.744169	NA	NA	NA
2313707	116.875	54.725	NA	NA	143.74784	NA	NA	NA
2313755	119.275	54.725	NA	NA	146.70962	NA	NA	NA
2313756	119.325	54.725	NA	NA	145.733996	NA	NA	NA
2320224	116.725	54.675	NA	NA	143.762553	NA	NA	NA
2320225	116.775	54.675	NA	NA	143.759	NA	NA	NA
2320226	116.825	54.675	NA	NA	143.739324	NA	NA	NA
2320273	119.175	54.675	NA	NA	146.783443	NA	NA	NA
2320274	119.225	54.675	NA	NA	146.709991	NA	NA	NA
2320275	119.275	54.675	NA	NA	146.282688	NA	NA	NA
2326791	119.075	54.625	NA	NA	146.790266	NA	NA	NA
2326792	119.125	54.625	NA	NA	146.77316	NA	NA	NA
2326793	119.175	54.625	NA	NA	146.783273	NA	NA	NA
2333311	119.075	54.575	NA	NA	146.819832	NA	NA	NA
2339830	119.025	54.525	NA	NA	146.815346	NA	NA	NA
2339831	119.075	54.525	NA	NA	146.825753	NA	NA	NA
2346348	118.925	54.475	NA	NA	143.838704	NA	NA	NA
2346349	118.975	54.475	NA	NA	146.84044	NA	NA	NA
2346350	119.025	54.475	NA	NA	146.849425	NA	NA	NA
2352867	118.875	54.425	NA	NA	144.452976	NA	NA	NA
2352868	118.925	54.425	NA	NA	146.904556	NA	NA	NA
2359381	118.575	54.375	NA	NA	147.005951	NA	NA	NA
2359382	118.625	54.375	NA	NA	147.017269	NA	NA	NA
2359383	118.675	54.375	NA	NA	146.991453	NA	NA	NA
2359384	118.725	54.375	NA	NA	146.967497	NA	NA	NA
2359385	118.775	54.375	NA	NA	146.963018	NA	NA	NA
2359386	118.825	54.375	NA	NA	146.877435	NA	NA	NA
2359387	118.875	54.375	NA	NA	146.951933	NA	NA	NA
2365775	112.275	54.325	NA	NA	153.5556	NA	NA	NA
2365776	112.325	54.325	NA	NA	153.324455	NA	NA	NA
2365777	112.375	54.325	NA	NA	153.311104	NA	NA	NA
2365778	112.425	54.325	NA	NA	151.008445	NA	NA	NA
2365897	118.375	54.325	NA	NA	147.184271	NA	NA	NA
2365898	118.425	54.325	NA	NA	147.045138	NA	NA	NA
2365899	118.475	54.325	NA	NA	147.019367	NA	NA	NA
2365900	118.525	54.325	NA	NA	147.010914	NA	NA	NA
2365901	118.575	54.325	NA	NA	147.004523	NA	NA	NA
2365903	118.675	54.325	NA	NA	146.98591	NA	NA	NA
2365904	118.725	54.325	NA	NA	146.985436	NA	NA	NA
2372288	111.925	54.275	NA	NA	151.789254	NA	NA	NA
2372289	111.975	54.275	NA	NA	154.299235	NA	NA	NA
2372290	112.025	54.275	NA	NA	154.260961	NA	NA	NA
2372291	112.075	54.275	NA	NA	153.878366	NA	NA	NA
2372292	112.125	54.275	NA	NA	153.830388	NA	NA	NA
2372293	112.175	54.275	NA	NA	153.730894	NA	NA	NA
2372294	112.225	54.275	NA	NA	153.739416	NA	NA	NA
2372295	112.275	54.275	NA	NA	144.46212	NA	NA	NA
2372298	112.425	54.275	NA	NA	150.923578	NA	NA	NA
2372411	118.075	54.275	NA	NA	145.635131	NA	NA	NA
2372412	118.125	54.275	NA	NA	147.401807	NA	NA	NA
2372413	118.175	54.275	NA	NA	147.393148	NA	NA	NA
2372414	118.225	54.275	NA	NA	147.224992	NA	NA	NA
2372415	118.275	54.275	NA	NA	147.219107	NA	NA	NA
2372416	118.325	54.275	NA	NA	147.227652	NA	NA	NA
2372417	118.375	54.275	NA	NA	147.091796	NA	NA	NA
2378806	111.825	54.225	NA	NA	155.377374	NA	NA	NA
2378807	111.875	54.225	NA	NA	155.376144	NA	NA	NA
2378808	111.925	54.225	NA	NA	155.052696	NA	NA	NA
2378810	112.025	54.225	NA	NA	143.438128	NA	NA	NA
2378811	112.075	54.225	NA	NA	143.676942	NA	NA	NA
2378814	112.225	54.225	NA	NA	150.635876	NA	NA	NA
2378815	112.275	54.225	NA	NA	150.641757	NA	NA	NA
2378816	112.325	54.225	NA	NA	150.873659	NA	NA	NA
2378817	112.375	54.225	NA	NA	150.872753	NA	NA	NA
2378818	112.425	54.225	NA	NA	150.876658	NA	NA	NA
2378930	118.025	54.225	NA	NA	147.494291	NA	NA	NA
2378931	118.075	54.225	NA	NA	147.431508	NA	NA	NA
2385324	111.725	54.175	NA	NA	156.602236	NA	NA	NA
2385325	111.775	54.175	NA	NA	156.176332	NA	NA	NA
2385326	111.825	54.175	NA	NA	155.901521	NA	NA	NA
2385333	112.175	54.175	NA	NA	150.601286	NA	NA	NA
2385334	112.225	54.175	NA	NA	150.636585	NA	NA	NA
2385335	112.275	54.175	NA	NA	144.329264	NA	NA	NA
2385450	118.025	54.175	NA	NA	147.643318	NA	NA	NA
2391843	111.675	54.125	NA	NA	157.581942	NA	NA	NA
2391844	111.725	54.125	NA	NA	156.821319	NA	NA	NA
2391845	111.775	54.125	NA	NA	156.516755	NA	NA	NA
2391851	112.075	54.125	NA	NA	150.577559	NA	NA	NA
2391852	112.125	54.125	NA	NA	150.56639	NA	NA	NA
2391853	112.175	54.125	NA	NA	144.033861	NA	NA	NA
2391968	117.925	54.125	NA	NA	148.262522	NA	NA	NA
2391969	117.975	54.125	NA	NA	147.70337	NA	NA	NA
2391970	118.025	54.125	NA	NA	146.122128	NA	NA	NA
2398360	111.525	54.075	NA	NA	160.179644	NA	NA	NA
2398361	111.575	54.075	NA	NA	158.988768	NA	NA	NA
2398362	111.625	54.075	NA	NA	158.061234	NA	NA	NA
2398363	111.675	54.075	NA	NA	157.942711	NA	NA	NA
2398370	112.025	54.075	NA	NA	150.542699	NA	NA	NA
2398371	112.075	54.075	NA	NA	150.523012	NA	NA	NA
2398487	117.875	54.075	NA	NA	148.401231	NA	NA	NA
2398488	117.925	54.075	NA	NA	148.37276	NA	NA	NA
2404877	111.375	54.025	NA	NA	162.36054	NA	NA	NA
2404878	111.425	54.025	NA	NA	161.674504	NA	NA	NA
2404879	111.475	54.025	NA	NA	160.402153	NA	NA	NA
2404880	111.525	54.025	NA	NA	152.925906	NA	NA	NA
2404889	111.975	54.025	NA	NA	150.480951	NA	NA	NA
2404890	112.025	54.025	NA	NA	150.461821	NA	NA	NA
2405006	117.825	54.025	NA	NA	148.611623	NA	NA	NA
2405007	117.875	54.025	NA	NA	148.582066	NA	NA	NA
2411396	111.325	53.975	NA	NA	163.471715	NA	NA	NA
2411397	111.375	53.975	NA	NA	163.000156	NA	NA	NA
2411408	111.925	53.975	NA	NA	150.43736	NA	NA	NA
2411409	111.975	53.975	NA	NA	150.458811	NA	NA	NA
2411525	117.775	53.975	NA	NA	148.847129	NA	NA	NA
2411526	117.825	53.975	NA	NA	148.791215	NA	NA	NA
2417915	111.275	53.925	NA	NA	164.172595	NA	NA	NA
2417916	111.325	53.925	NA	NA	163.946211	NA	NA	NA
2417928	111.925	53.925	NA	NA	150.398445	NA	NA	NA
2417987	114.875	53.925	NA	NA	139.427243	NA	NA	NA
2418040	117.525	53.925	NA	NA	149.389423	NA	NA	NA
2418041	117.575	53.925	NA	NA	149.292839	NA	NA	NA
2418042	117.625	53.925	NA	NA	149.369745	NA	NA	NA
2418043	117.675	53.925	NA	NA	149.188784	NA	NA	NA
2418044	117.725	53.925	NA	NA	149.081315	NA	NA	NA
2418045	117.775	53.925	NA	NA	149.014674	NA	NA	NA
2424433	111.175	53.875	NA	NA	167.026807	NA	NA	NA
2424434	111.225	53.875	NA	NA	165.801992	NA	NA	NA
2424435	111.275	53.875	NA	NA	164.500947	NA	NA	NA
2424447	111.875	53.875	NA	NA	150.317039	NA	NA	NA
2424448	111.925	53.875	NA	NA	150.317413	NA	NA	NA
2424557	117.375	53.875	NA	NA	149.668489	NA	NA	NA
2424558	117.425	53.875	NA	NA	149.551655	NA	NA	NA
2424559	117.475	53.875	NA	NA	149.482685	NA	NA	NA
2424560	117.525	53.875	NA	NA	149.4336	NA	NA	NA
2430966	111.825	53.825	NA	NA	143.564183	NA	NA	NA
2430967	111.875	53.825	NA	NA	150.290667	NA	NA	NA
2431076	117.325	53.825	NA	NA	149.994947	NA	NA	NA
2431077	117.375	53.825	NA	NA	149.694306	NA	NA	NA
2437487	111.875	53.775	NA	NA	150.297147	NA	NA	NA
2444007	111.875	53.725	NA	NA	150.245848	NA	NA	NA
2444008	111.925	53.725	NA	NA	150.261028	NA	NA	NA
2450528	111.925	53.675	NA	NA	150.248452	NA	NA	NA
2457048	111.925	53.625	NA	NA	149.683926	NA	NA	NA
2457049	111.975	53.625	NA	NA	149.639639	NA	NA	NA
2463566	111.825	53.575	NA	NA	149.645011	NA	NA	NA
2463567	111.875	53.575	NA	NA	149.637506	NA	NA	NA
2463568	111.925	53.575	NA	NA	143.133387	NA	NA	NA
2470084	111.725	53.525	NA	NA	149.459212	NA	NA	NA
2470085	111.775	53.525	NA	NA	149.450948	NA	NA	NA
2470086	111.825	53.525	NA	NA	149.440813	NA	NA	NA
2476604	111.725	53.475	NA	NA	148.319497	NA	NA	NA
2483122	111.625	53.425	NA	NA	148.297234	NA	NA	NA
2483123	111.675	53.425	NA	NA	148.289429	NA	NA	NA
2483124	111.725	53.425	NA	NA	141.08301	NA	NA	NA
2489642	111.625	53.375	NA	NA	148.299628	NA	NA	NA
2489655	112.275	53.375	NA	NA	147.836352	NA	NA	NA
2489656	112.325	53.375	NA	NA	147.846624	NA	NA	NA
2489657	112.375	53.375	NA	NA	147.843415	NA	NA	NA
2489658	112.425	53.375	NA	NA	147.681835	NA	NA	NA
2496161	111.575	53.325	NA	NA	148.193938	NA	NA	NA
2496162	111.625	53.325	NA	NA	148.207044	NA	NA	NA
2496175	112.275	53.325	NA	NA	147.796662	NA	NA	NA
2496176	112.325	53.325	NA	NA	147.832462	NA	NA	NA
2496178	112.425	53.325	NA	NA	147.695762	NA	NA	NA
2502682	111.625	53.275	NA	NA	148.201771	NA	NA	NA
2502683	111.675	53.275	NA	NA	142.936077	NA	NA	NA
2502689	111.975	53.275	NA	NA	147.775302	NA	NA	NA
2502690	112.025	53.275	NA	NA	147.774146	NA	NA	NA
2502691	112.075	53.275	NA	NA	147.786967	NA	NA	NA
2502692	112.125	53.275	NA	NA	147.792329	NA	NA	NA
2502693	112.175	53.275	NA	NA	147.793593	NA	NA	NA
2502694	112.225	53.275	NA	NA	147.794103	NA	NA	NA
2502695	112.275	53.275	NA	NA	147.815828	NA	NA	NA
2509203	111.675	53.225	NA	NA	148.202234	NA	NA	NA
2509204	111.725	53.225	NA	NA	148.235873	NA	NA	NA
2509205	111.775	53.225	NA	NA	147.763088	NA	NA	NA
2509206	111.825	53.225	NA	NA	147.759838	NA	NA	NA
2509207	111.875	53.225	NA	NA	147.766672	NA	NA	NA
2509208	111.925	53.225	NA	NA	147.750738	NA	NA	NA
2509209	111.975	53.225	NA	NA	147.771307	NA	NA	NA
2515724	111.725	53.175	NA	NA	147.736464	NA	NA	NA
2515725	111.775	53.175	NA	NA	147.742162	NA	NA	NA
2737135	98.275	51.475	NA	NA	155.815371	NA	NA	NA
2737139	98.475	51.475	NA	NA	150.006331	NA	NA	NA
2737140	98.525	51.475	NA	NA	149.974339	NA	NA	NA
2737141	98.575	51.475	NA	NA	149.242295	NA	NA	NA
2737142	98.625	51.475	NA	NA	148.725728	NA	NA	NA
2737143	98.675	51.475	NA	NA	148.725521	NA	NA	NA
2737144	98.725	51.475	NA	NA	148.685983	NA	NA	NA
2737145	98.775	51.475	NA	NA	148.464743	NA	NA	NA
2737146	98.825	51.475	NA	NA	148.466747	NA	NA	NA
2737147	98.875	51.475	NA	NA	148.418093	NA	NA	NA
2737148	98.925	51.475	NA	NA	148.433867	NA	NA	NA
2737149	98.975	51.475	NA	NA	148.335536	NA	NA	NA
2737150	99.025	51.475	NA	NA	148.291306	NA	NA	NA
2737151	99.075	51.475	NA	NA	143.889587	NA	NA	NA
2743655	98.275	51.425	NA	NA	150.825039	NA	NA	NA
2743656	98.325	51.425	NA	NA	150.778723	NA	NA	NA
2743657	98.375	51.425	NA	NA	150.687953	NA	NA	NA
2743658	98.425	51.425	NA	NA	150.691991	NA	NA	NA
2743659	98.475	51.425	NA	NA	150.017382	NA	NA	NA
2743660	98.525	51.425	NA	NA	149.248654	NA	NA	NA
2743661	98.575	51.425	NA	NA	147.454766	NA	NA	NA
2743671	99.075	51.425	NA	NA	143.896282	NA	NA	NA
2743672	99.125	51.425	NA	NA	143.892868	NA	NA	NA
2743673	99.175	51.425	128.920048	123.520656	143.936051	15.016002	20.415395	NA
2743674	99.225	51.425	128.107259	123.848539	143.970037	15.862778	20.121498	NA
2743675	99.275	51.425	129.092457	124.15668	144.000185	14.907728	19.843506	NA
2743676	99.325	51.425	130.502015	124.700764	144.015962	13.513947	19.315198	NA
2750196	99.325	51.375	130.392086	124.756186	144.165601	13.773514	19.409415	NA
2750197	99.375	51.375	135.695933	124.607936	144.113767	8.417834	19.50583	NA
2756717	99.375	51.325	135.695933	124.607936	130.992106	-4.703826	6.38417	NA
2756718	99.425	51.325	NA	NA	142.730054	NA	NA	NA
2756719	99.475	51.325	NA	NA	142.68546	NA	NA	NA
2763238	99.425	51.275	NA	NA	142.63909	NA	NA	NA
2763239	99.475	51.275	NA	NA	142.682493	NA	NA	NA
2769758	99.425	51.225	128.186992	123.902625	142.879452	14.692459	18.976827	NA
2776278	99.425	51.175	NA	NA	142.881093	NA	NA	NA
2776279	99.475	51.175	NA	NA	142.97012	NA	NA	NA
2782799	99.475	51.125	NA	NA	140.197077	NA	NA	NA
2782800	99.525	51.125	NA	NA	143.020072	NA	NA	NA
2789318	99.425	51.075	NA	NA	140.240812	NA	NA	NA
2789319	99.475	51.075	NA	NA	140.167212	NA	NA	NA
2795838	99.425	51.025	NA	NA	140.362062	NA	NA	NA
2802358	99.425	50.975	NA	NA	140.434572	NA	NA	NA
2808877	99.375	50.925	NA	NA	140.637746	NA	NA	NA
2808878	99.425	50.925	NA	NA	133.260749	NA	NA	NA
2815397	99.375	50.875	NA	NA	141.450272	NA	NA	NA
2821916	99.325	50.825	NA	NA	142.099094	NA	NA	NA
2821917	99.375	50.825	NA	NA	141.47821	NA	NA	NA
2828433	99.175	50.775	NA	NA	142.761275	NA	NA	NA
2828434	99.225	50.775	NA	NA	142.682751	NA	NA	NA
2828435	99.275	50.775	NA	NA	142.490928	NA	NA	NA
2828436	99.325	50.775	NA	NA	138.091449	NA	NA	NA
2834943	98.675	50.725	NA	NA	151.675211	NA	NA	NA
2834954	99.225	50.725	NA	NA	140.460074	NA	NA	NA
2841463	98.675	50.675	NA	NA	149.257405	NA	NA	NA
2841464	98.725	50.675	NA	NA	148.162001	NA	NA	NA
2841465	98.775	50.675	131.76264	123.935104	144.418136	12.655497	20.483033	NA
2841474	99.225	50.675	NA	NA	140.700545	NA	NA	NA
2847985	98.775	50.625	132.122709	124.63744	146.890784	14.768076	22.253344	NA
2847986	98.825	50.625	NA	NA	146.526355	NA	NA	NA
2847992	99.125	50.625	NA	NA	141.388968	NA	NA	NA
2847993	99.175	50.625	NA	NA	141.147817	NA	NA	NA
2847994	99.225	50.625	NA	NA	140.945584	NA	NA	NA
2854506	98.825	50.575	NA	NA	145.55404	NA	NA	NA
2854507	98.875	50.575	NA	NA	145.182486	NA	NA	NA
2854508	98.925	50.575	NA	NA	144.504598	NA	NA	NA
2854509	98.975	50.575	NA	NA	143.781048	NA	NA	NA
2854510	99.025	50.575	NA	NA	139.221762	NA	NA	NA
2854511	99.075	50.575	NA	NA	141.638728	NA	NA	NA
2854512	99.125	50.575	NA	NA	138.345087	NA	NA	NA
2861030	99.025	50.525	NA	NA	143.157789	NA	NA	NA
2861031	99.075	50.525	NA	NA	141.948709	NA	NA	NA
2893383	86.675	50.275	NA	NA	136.889799	NA	NA	NA
2893384	86.725	50.275	NA	NA	145.629485	NA	NA	NA
2899903	86.675	50.225	NA	NA	145.641599	NA	NA	NA
2906415	86.275	50.175	NA	NA	122.352156	NA	NA	NA
2906416	86.325	50.175	NA	NA	142.897422	NA	NA	NA
2906417	86.375	50.175	NA	NA	142.898085	NA	NA	NA
2906418	86.425	50.175	NA	NA	142.905826	NA	NA	NA
2906420	86.525	50.175	NA	NA	143.06107	NA	NA	NA
2906421	86.575	50.175	NA	NA	143.054181	NA	NA	NA
2906422	86.625	50.175	NA	NA	143.067706	NA	NA	NA
2906423	86.675	50.175	NA	NA	158.282654	NA	NA	NA
2912932	86.125	50.125	NA	NA	141.824799	NA	NA	NA
2912933	86.175	50.125	NA	NA	142.578647	NA	NA	NA
2912934	86.225	50.125	NA	NA	142.557851	NA	NA	NA
2912935	86.275	50.125	NA	NA	142.560799	NA	NA	NA
2912937	86.375	50.125	NA	NA	142.898682	NA	NA	NA
2912938	86.425	50.125	NA	NA	128.875257	NA	NA	NA
2912939	86.475	50.125	NA	NA	142.894347	NA	NA	NA
2912940	86.525	50.125	NA	NA	143.043773	NA	NA	NA
2958580	86.525	49.775	NA	NA	169.847685	NA	NA	NA
2965100	86.525	49.725	NA	NA	164.377825	NA	NA	NA
3095734	98.225	48.725	NA	NA	147.754047	NA	NA	NA
3095735	98.275	48.725	NA	NA	148.097326	NA	NA	NA
3095736	98.325	48.725	NA	NA	148.106958	NA	NA	NA
3095737	98.375	48.725	NA	NA	148.119054	NA	NA	NA
3095738	98.425	48.725	NA	NA	148.093619	NA	NA	NA
3095739	98.475	48.725	NA	NA	148.037355	NA	NA	NA
3095740	98.525	48.725	NA	NA	148.073369	NA	NA	NA
3095741	98.575	48.725	NA	NA	148.034404	NA	NA	NA
3095742	98.625	48.725	NA	NA	148.064363	NA	NA	NA
3095743	98.675	48.725	NA	NA	148.091867	NA	NA	NA
3095744	98.725	48.725	NA	NA	148.173769	NA	NA	NA
3095745	98.775	48.725	NA	NA	147.747155	NA	NA	NA
3095746	98.825	48.725	NA	NA	147.783136	NA	NA	NA
3095747	98.875	48.725	NA	NA	142.157001	NA	NA	NA
3102267	98.875	48.675	NA	NA	147.568746	NA	NA	NA
3102268	98.925	48.675	NA	NA	147.569763	NA	NA	NA
3102269	98.975	48.675	NA	NA	147.570241	NA	NA	NA
3102270	99.025	48.675	NA	NA	147.582155	NA	NA	NA
3102277	99.375	48.675	NA	NA	146.892824	NA	NA	NA
3108790	99.025	48.625	NA	NA	147.364653	NA	NA	NA
3108791	99.075	48.625	NA	NA	147.381081	NA	NA	NA
3108792	99.125	48.625	NA	NA	147.388773	NA	NA	NA
3108793	99.175	48.625	NA	NA	147.225515	NA	NA	NA
3108794	99.225	48.625	NA	NA	147.361091	NA	NA	NA
3108796	99.325	48.625	NA	NA	136.221862	NA	NA	NA
3108797	99.375	48.625	NA	NA	146.884697	NA	NA	NA
3115314	99.225	48.575	NA	NA	134.263722	NA	NA	NA
3115315	99.275	48.575	NA	NA	147.348422	NA	NA	NA
3115316	99.325	48.575	NA	NA	147.364955	NA	NA	NA
3180480	97.525	48.075	NA	NA	154.534005	NA	NA	NA
3180481	97.575	48.075	NA	NA	154.641522	NA	NA	NA
3180482	97.625	48.075	NA	NA	154.214603	NA	NA	NA
3187002	97.625	48.025	NA	NA	151.067498	NA	NA	NA
3187003	97.675	48.025	NA	NA	155.060634	NA	NA	NA
3187004	97.725	48.025	NA	NA	155.396879	NA	NA	NA
3187005	97.775	48.025	NA	NA	155.402218	NA	NA	NA
3187006	97.825	48.025	NA	NA	154.855956	NA	NA	NA
3187007	97.875	48.025	NA	NA	155.381973	NA	NA	NA
3193527	97.875	47.975	NA	NA	155.637143	NA	NA	NA
3193528	97.925	47.975	NA	NA	155.635156	NA	NA	NA
3193529	97.975	47.975	NA	NA	156.172692	NA	NA	NA
3200049	97.975	47.925	NA	NA	154.985684	NA	NA	NA
3206411	90.075	47.875	NA	NA	165.922209	NA	NA	NA
3212929	89.975	47.825	NA	NA	165.460734	NA	NA	NA
3212930	90.025	47.825	NA	NA	164.818316	NA	NA	NA
3212931	90.075	47.825	NA	NA	166.625653	NA	NA	NA
