ID	lon	lat	DOC	POC	discharge	QlagDOC	QlagPOC	FID
1217313	65.175	63.125	124.831529	122.987915	139.373855	14.542326	16.38594	NA
1223832	65.125	63.075	NA	NA	142.134821	NA	NA	NA
1223833	65.175	63.075	NA	NA	144.073169	NA	NA	NA
1230350	65.025	63.025	126.709722	123.064172	143.26347	16.553748	20.199298	NA
1230351	65.075	63.025	124.744788	122.747014	144.300275	19.555488	21.553261	NA
1230352	65.125	63.025	NA	NA	144.028916	NA	NA	NA
1236870	65.025	62.975	126.734836	123.04935	143.247301	16.512465	20.197951	NA
1236871	65.075	62.975	124.643539	122.676262	143.221207	18.577668	20.544945	NA
1243391	65.075	62.925	124.268669	122.786421	136.73578	12.467111	13.949359	NA
1243392	65.125	62.925	124.452891	122.851626	143.217519	18.764629	20.365894	NA
1243393	65.175	62.925	124.96419	122.897237	143.205156	18.240966	20.307919	NA
1243394	65.225	62.925	125.208156	123.043095	143.201596	17.993439	20.1585	NA
1249914	65.225	62.875	125.126478	123.086577	141.100205	15.973727	18.013628	NA
1249915	65.275	62.875	125.967981	122.985309	143.199277	17.231296	20.213968	NA
1249916	65.325	62.875	124.874203	122.794543	143.189987	18.315783	20.395443	NA
1256436	65.325	62.825	125.110639	122.824491	137.769412	12.658772	14.94492	NA
1256437	65.375	62.825	125.710227	122.509711	143.187235	17.477008	20.677524	NA
1262957	65.375	62.775	125.267102	122.874175	143.181802	17.9147	20.307627	NA
1262958	65.425	62.775	125.029668	123.099522	143.588184	18.558517	20.488662	NA
1269478	65.425	62.725	124.84148	123.063332	143.175016	18.333536	20.111684	NA
1269479	65.475	62.725	124.839975	123.26476	143.146065	18.30609	19.881305	NA
1269480	65.525	62.725	124.448502	123.183526	143.137455	18.688953	19.953929	NA
1276000	65.525	62.675	124.558218	123.251739	139.325547	14.767329	16.073808	NA
1276001	65.575	62.675	124.922661	122.868313	143.134887	18.212226	20.266574	NA
1276002	65.625	62.675	125.109277	122.590345	143.126261	18.016984	20.535917	NA
1282522	65.625	62.625	125.152124	122.562419	138.694972	13.542847	16.132552	NA
1282523	65.675	62.625	124.703408	123.151742	143.123877	18.420469	19.972135	NA
1289043	65.675	62.575	124.833607	123.220563	138.616248	13.782641	15.395686	NA
1289044	65.725	62.575	125.332335	123.280895	143.113977	17.781642	19.833082	NA
1289045	65.775	62.575	125.260198	122.775652	143.105241	17.845043	20.329589	NA
1295565	65.775	62.525	124.766358	122.761873	143.102486	18.336128	20.340613	NA
1295566	65.825	62.525	125.426359	122.806743	143.095168	17.668808	20.288424	NA
1295567	65.875	62.525	124.746627	123.351064	143.090789	18.344162	19.739725	NA
1302087	65.875	62.475	124.783625	123.168111	141.755787	16.972162	18.587676	NA
1302088	65.925	62.475	125.493905	122.898093	143.095731	17.601826	20.197638	NA
1302089	65.975	62.475	124.783532	123.366483	143.087194	18.303663	19.720711	NA
1308520	61.525	62.425	NA	NA	141.516349	NA	NA	NA
1308609	65.975	62.425	124.783532	123.366483	140.112403	15.328871	16.74592	NA
1308610	66.025	62.425	124.702943	123.098265	143.081425	18.378483	19.98316	NA
1308611	66.075	62.425	NA	NA	143.075445	NA	NA	NA
1308612	66.125	62.425	124.688661	123.434891	143.066579	18.377917	19.631687	NA
1308613	66.175	62.425	NA	NA	143.059912	NA	NA	NA
1308614	66.225	62.425	125.712317	122.896298	143.055944	17.343627	20.159646	NA
1308615	66.275	62.425	125.529093	122.95564	143.051672	17.522579	20.096033	NA
1308616	66.325	62.425	125.913399	122.855538	143.0486	17.135201	20.193061	NA
1308617	66.375	62.425	125.459649	122.690441	143.039257	17.579608	20.348817	NA
1315039	61.475	62.375	NA	NA	141.484247	NA	NA	NA
1315137	66.375	62.375	126.010112	122.862689	139.239716	13.229604	16.377027	NA
1315138	66.425	62.375	124.873159	122.952228	143.036185	18.163025	20.083956	NA
1315139	66.475	62.375	NA	NA	143.027686	NA	NA	NA
1321559	61.475	62.325	NA	NA	143.268706	NA	NA	NA
1321659	66.475	62.325	125.112797	122.895612	143.02532	17.912524	20.129708	NA
1328079	61.475	62.275	NA	NA	143.276071	NA	NA	NA
1328080	61.525	62.275	NA	NA	138.981355	NA	NA	NA
1328179	66.475	62.275	NA	NA	139.321726	NA	NA	NA
1328180	66.525	62.275	125.719868	122.885362	143.019591	17.299723	20.134229	NA
1328181	66.575	62.275	125.318779	122.954243	143.008263	17.689484	20.054021	NA
1328182	66.625	62.275	125.373664	123.038301	143.00432	17.630657	19.966019	NA
1328183	66.675	62.275	125.114032	123.134797	143.000806	17.886775	19.866009	NA
1334600	61.525	62.225	NA	NA	138.97216	NA	NA	NA
1334703	66.675	62.225	125.114032	123.134797	142.997713	17.883681	19.862916	NA
1334704	66.725	62.225	125.858938	123.170632	142.989226	17.130287	19.818593	NA
1334705	66.775	62.225	125.418939	123.023832	142.999588	17.580649	19.975756	NA
1334706	66.825	62.225	125.584335	123.035337	142.99544	17.411106	19.960104	NA
1334707	66.875	62.225	124.995508	123.176816	142.989964	17.994457	19.813148	NA
1334708	66.925	62.225	126.598001	123.347726	142.986092	16.388091	19.638366	NA
1334709	66.975	62.225	125.517696	123.586629	142.983494	17.465798	19.396866	NA
1334710	67.025	62.225	125.316863	122.970454	142.981082	17.664219	20.010628	NA
1334711	67.075	62.225	125.033847	122.872237	142.978809	17.944962	20.106572	NA
1341119	61.475	62.175	NA	NA	138.924763	NA	NA	NA
1341120	61.525	62.175	NA	NA	137.780087	NA	NA	NA
1341231	67.075	62.175	125.011103	122.902228	139.160873	14.149771	16.258645	NA
1341232	67.125	62.175	124.975111	122.868024	142.976186	18.001075	20.108162	NA
1341233	67.175	62.175	125.137837	122.862786	142.970371	17.832534	20.107585	NA
1341732	92.125	62.175	128.277889	123.560543	145.568035	17.290146	22.007492	NA
1341733	92.175	62.175	126.130405	123.489681	145.553723	19.423318	22.064042	NA
1347638	61.425	62.125	NA	NA	138.455359	NA	NA	NA
1347639	61.475	62.125	NA	NA	138.895065	NA	NA	NA
1347753	67.175	62.125	124.429096	123.214886	140.360898	15.931802	17.146012	NA
1347754	67.225	62.125	124.835061	123.345219	142.96567	18.130609	19.620451	NA
1347755	67.275	62.125	124.930699	123.142941	142.955472	18.024773	19.812531	NA
1348192	89.125	62.125	135.533893	123.429656	138.261846	2.727953	14.83219	NA
1348255	92.275	62.125	NA	NA	145.54293	NA	NA	NA
1348256	92.325	62.125	NA	NA	145.51484	NA	NA	NA
1348257	92.375	62.125	NA	NA	145.507662	NA	NA	NA
1354158	61.425	62.075	NA	NA	138.43754	NA	NA	NA
1354275	67.275	62.075	124.77123	123.129029	135.699763	10.928533	12.570733	NA
1354276	67.325	62.075	124.86154	122.988283	142.952869	18.091329	19.964586	NA
1354277	67.375	62.075	NA	NA	140.469709	NA	NA	NA
1354712	89.125	62.075	NA	NA	129.927724	NA	NA	NA
1354713	89.175	62.075	135.764306	123.821779	138.244908	2.480602	14.423129	NA
1354777	92.375	62.075	NA	NA	145.437642	NA	NA	NA
1354778	92.425	62.075	NA	NA	145.413404	NA	NA	NA
1360678	61.425	62.025	NA	NA	138.365578	NA	NA	NA
1360797	67.375	62.025	125.069626	122.903272	142.945383	17.875757	20.042112	NA
1361233	89.175	62.025	132.430845	123.13527	138.222803	5.791958	15.087532	NA
1361234	89.225	62.025	135.879378	123.478731	138.182934	2.303556	14.704202	NA
1361298	92.425	62.025	NA	NA	145.406885	NA	NA	NA
1361299	92.475	62.025	NA	NA	145.392274	NA	NA	NA
1367198	61.425	61.975	NA	NA	138.370945	NA	NA	NA
1367317	67.375	61.975	124.95008	123.051498	142.936425	17.986345	19.884927	NA
1367754	89.225	61.975	134.779188	123.475568	138.180905	3.401718	14.705338	NA
1367819	92.475	61.975	NA	NA	145.381649	NA	NA	NA
1367864	94.725	61.975	NA	NA	144.624301	NA	NA	NA
1367866	94.825	61.975	NA	NA	144.470729	NA	NA	NA
1367867	94.875	61.975	NA	NA	144.435581	NA	NA	NA
1367868	94.925	61.975	NA	NA	144.427622	NA	NA	NA
1373717	61.375	61.925	NA	NA	138.315908	NA	NA	NA
1373718	61.425	61.925	NA	NA	138.291978	NA	NA	NA
1373837	67.375	61.925	124.741076	123.227348	136.385177	11.644101	13.157829	NA
1373838	67.425	61.925	124.713247	123.230849	142.911258	18.198011	19.680409	NA
1374274	89.225	61.925	134.784612	123.230658	131.422966	-3.361647	8.192308	NA
1374275	89.275	61.925	133.653766	122.997252	138.172965	4.519198	15.175713	NA
1374339	92.475	61.925	NA	NA	145.367432	NA	NA	NA
1374340	92.525	61.925	124.007919	123.526746	145.351355	21.343436	21.824609	NA
1374341	92.575	61.925	124.041697	123.541293	145.346981	21.305285	21.805688	NA
1374342	92.625	61.925	124.383018	123.828525	145.340878	20.95786	21.512353	NA
1374343	92.675	61.925	125.518206	123.680739	145.329533	19.811328	21.648794	NA
1374389	94.975	61.925	NA	NA	144.412975	NA	NA	NA
1374390	95.025	61.925	NA	NA	144.401839	NA	NA	NA
1374391	95.075	61.925	NA	NA	144.396827	NA	NA	NA
1374392	95.125	61.925	NA	NA	144.390956	NA	NA	NA
1374393	95.175	61.925	NA	NA	144.383801	NA	NA	NA
1380237	61.375	61.875	NA	NA	138.280254	NA	NA	NA
1380238	61.425	61.875	NA	NA	138.270633	NA	NA	NA
1380358	67.425	61.875	125.286472	122.99844	142.90318	17.616708	19.90474	NA
1380359	67.475	61.875	125.128356	122.835446	142.893957	17.765601	20.058511	NA
1380795	89.275	61.875	129.835635	123.031051	138.15817	8.322535	15.12712	NA
1380796	89.325	61.875	133.950465	123.169062	138.145594	4.195128	14.976532	NA
1380797	89.375	61.875	132.021051	122.823744	138.15127	6.130219	15.327526	NA
1380798	89.425	61.875	130.172994	122.689219	131.888143	1.71515	9.198924	NA
1380863	92.675	61.875	126.276637	123.764099	143.907569	17.630932	20.14347	NA
1380864	92.725	61.875	126.452173	123.568565	145.32499	18.872817	21.756426	NA
1380865	92.775	61.875	126.046704	123.530491	145.307577	19.260873	21.777086	NA
1380901	94.575	61.875	NA	NA	144.587538	NA	NA	NA
1380914	95.225	61.875	NA	NA	144.276761	NA	NA	NA
1380915	95.275	61.875	NA	NA	144.262795	NA	NA	NA
1380916	95.325	61.875	NA	NA	144.250334	NA	NA	NA
1380917	95.375	61.875	NA	NA	148.72092	NA	NA	NA
1380921	95.575	61.875	NA	NA	144.183554	NA	NA	NA
1380922	95.625	61.875	NA	NA	144.173745	NA	NA	NA
1380923	95.675	61.875	NA	NA	144.116051	NA	NA	NA
1380924	95.725	61.875	NA	NA	144.104316	NA	NA	NA
1380925	95.775	61.875	NA	NA	144.095848	NA	NA	NA
1386758	61.425	61.825	NA	NA	138.257359	NA	NA	NA
1386759	61.475	61.825	NA	NA	138.206942	NA	NA	NA
1386879	67.475	61.825	124.939323	122.963758	137.745345	12.806022	14.781586	NA
1386880	67.525	61.825	124.983339	123.065618	142.890649	17.90731	19.825031	NA
1387318	89.425	61.825	130.368894	122.749774	138.1483	7.779407	15.398527	NA
1387319	89.475	61.825	130.009924	123.185248	138.140926	8.131002	14.955678	NA
1387385	92.775	61.825	126.945476	123.435789	145.842879	18.897402	22.40709	NA
1387386	92.825	61.825	NA	NA	145.363481	NA	NA	NA
1387387	92.875	61.825	NA	NA	145.327075	NA	NA	NA
1387388	92.925	61.825	NA	NA	145.31691	NA	NA	NA
1387389	92.975	61.825	NA	NA	145.310541	NA	NA	NA
1387418	94.425	61.825	NA	NA	144.665068	NA	NA	NA
1387419	94.475	61.825	NA	NA	144.659202	NA	NA	NA
1387420	94.525	61.825	NA	NA	144.652373	NA	NA	NA
1387437	95.375	61.825	NA	NA	144.247063	NA	NA	NA
1387438	95.425	61.825	NA	NA	144.222216	NA	NA	NA
1387439	95.475	61.825	NA	NA	144.217733	NA	NA	NA
1387440	95.525	61.825	NA	NA	144.208023	NA	NA	NA
1387441	95.575	61.825	NA	NA	146.606327	NA	NA	NA
1387445	95.775	61.825	NA	NA	143.993936	NA	NA	NA
1387446	95.825	61.825	NA	NA	143.960163	NA	NA	NA
1387447	95.875	61.825	NA	NA	143.955976	NA	NA	NA
1393279	61.475	61.775	NA	NA	138.20439	NA	NA	NA
1393280	61.525	61.775	NA	NA	138.248446	NA	NA	NA
1393400	67.525	61.775	125.08817	123.153259	139.154849	14.066679	16.00159	NA
1393839	89.475	61.775	NA	NA	130.211087	NA	NA	NA
1393840	89.525	61.775	130.705179	122.622483	138.137921	7.432742	15.515438	NA
1393841	89.575	61.775	135.635758	123.293855	138.128111	2.492354	14.834257	NA
1393842	89.625	61.775	134.274755	123.127171	138.123016	3.848261	14.995844	NA
1393843	89.675	61.775	136.281193	123.355057	138.115042	1.833849	14.759985	NA
1393844	89.725	61.775	135.938568	123.80581	135.015468	-0.9231	11.209659	NA
1393909	92.975	61.775	NA	NA	145.301713	NA	NA	NA
1393910	93.025	61.775	NA	NA	145.287874	NA	NA	NA
1393911	93.075	61.775	NA	NA	145.284346	NA	NA	NA
1393912	93.125	61.775	NA	NA	145.27802	NA	NA	NA
1393913	93.175	61.775	NA	NA	145.272807	NA	NA	NA
1393920	93.525	61.775	NA	NA	145.188734	NA	NA	NA
1393921	93.575	61.775	NA	NA	145.177112	NA	NA	NA
1393922	93.625	61.775	NA	NA	145.169464	NA	NA	NA
1393923	93.675	61.775	NA	NA	145.165016	NA	NA	NA
1393939	94.475	61.775	NA	NA	149.38532	NA	NA	NA
1393940	94.525	61.775	NA	NA	151.078887	NA	NA	NA
1393967	95.875	61.775	NA	NA	143.948677	NA	NA	NA
1393968	95.925	61.775	NA	NA	146.671524	NA	NA	NA
1399800	61.525	61.725	NA	NA	138.159351	NA	NA	NA
1399801	61.575	61.725	NA	NA	138.116957	NA	NA	NA
1399802	61.625	61.725	NA	NA	138.137255	NA	NA	NA
1399803	61.675	61.725	NA	NA	138.130793	NA	NA	NA
1399920	67.525	61.725	125.363336	122.946339	142.868623	17.505287	19.922284	NA
1400364	89.725	61.725	136.123875	123.448057	138.118018	1.994143	14.669961	NA
1400365	89.775	61.725	132.01244	123.014371	138.10239	6.08995	15.08802	NA
1400382	90.625	61.725	125.300302	123.806174	146.61138	21.311079	22.805206	NA
1400383	90.675	61.725	125.467714	123.601931	146.591259	21.123545	22.989328	NA
1400384	90.725	61.725	129.853751	123.935513	146.577665	16.723914	22.642152	NA
1400487	95.875	61.725	NA	NA	143.93178	NA	NA	NA
1400488	95.925	61.725	NA	NA	143.91611	NA	NA	NA
1400489	95.975	61.725	NA	NA	147.546452	NA	NA	NA
1406323	61.675	61.675	NA	NA	138.113503	NA	NA	NA
1406324	61.725	61.675	NA	NA	138.079549	NA	NA	NA
1406325	61.775	61.675	NA	NA	138.091842	NA	NA	NA
1406440	67.525	61.675	124.822863	122.987517	138.964596	14.141733	15.977079	NA
1406441	67.575	61.675	124.629258	123.206309	142.86061	18.231352	19.654302	NA
1406885	89.775	61.675	134.181	123.41135	138.094127	3.913128	14.682777	NA
1406894	90.225	61.675	NA	NA	146.688802	NA	NA	NA
1406895	90.275	61.675	NA	NA	146.66802	NA	NA	NA
1406896	90.325	61.675	130.298605	122.772632	146.654933	16.356328	23.882301	NA
1406897	90.375	61.675	127.078856	123.272919	146.649846	19.57099	23.376927	NA
1406898	90.425	61.675	127.302602	123.620291	146.635038	19.332436	23.014748	NA
1406899	90.475	61.675	124.6499	123.373837	146.625589	21.975689	23.251752	NA
1406900	90.525	61.675	130.016194	123.043764	146.62081	16.604616	23.577046	NA
1406901	90.575	61.675	127.282176	123.422402	146.614306	19.33213	23.191903	NA
1406902	90.625	61.675	125.300302	123.806174	140.253359	14.953057	16.447185	NA
1406904	90.725	61.675	128.27052	123.839981	138.804677	10.534157	14.964696	NA
1406905	90.775	61.675	126.814908	124.176446	146.560218	19.74531	22.383772	NA
1406906	90.825	61.675	131.978049	124.239336	146.604786	14.626737	22.365449	NA
1406907	90.875	61.675	NA	NA	146.597276	NA	NA	NA
1407009	95.975	61.675	NA	NA	143.905925	NA	NA	NA
1412845	61.775	61.625	NA	NA	138.052495	NA	NA	NA
1412846	61.825	61.625	NA	NA	138.049153	NA	NA	NA
1412859	62.475	61.625	NA	NA	138.802797	NA	NA	NA
1412860	62.525	61.625	NA	NA	138.81462	NA	NA	NA
1412861	62.575	61.625	NA	NA	138.814021	NA	NA	NA
1412862	62.625	61.625	NA	NA	138.873888	NA	NA	NA
1412961	67.575	61.625	124.539988	123.676963	134.408362	9.868374	10.731399	NA
1412962	67.625	61.625	125.46099	123.457405	142.84913	17.38814	19.391725	NA
1412963	67.675	61.625	125.101588	123.106501	142.836979	17.735391	19.730478	NA
1412964	67.725	61.625	126.359773	123.681927	142.829762	16.469988	19.147835	NA
1412965	67.775	61.625	125.473063	123.127377	142.825293	17.35223	19.697916	NA
1412966	67.825	61.625	124.956094	122.664843	142.821365	17.865271	20.156522	NA
1412967	67.875	61.625	125.67802	122.837179	142.81717	17.13915	19.979991	NA
1412968	67.925	61.625	125.740924	122.931787	138.140117	12.399193	15.20833	NA
1413405	89.775	61.625	131.327443	123.331575	138.073299	6.745856	14.741724	NA
1413408	89.925	61.625	131.162569	123.683566	138.009541	6.846972	14.325975	NA
1413409	89.975	61.625	135.435873	123.687264	138.001594	2.565721	14.31433	NA
1413410	90.025	61.625	134.132176	123.513122	137.998371	3.866195	14.485249	NA
1413411	90.075	61.625	135.619001	123.954063	128.9037	-6.715301	4.949637	NA
1413413	90.175	61.625	125.876244	123.296542	146.717647	20.841403	23.421105	NA
1413414	90.225	61.625	124.22816	123.440254	138.467866	14.239706	15.027612	NA
1413427	90.875	61.625	126.211909	123.38284	138.889663	12.677754	15.506823	NA
1413428	90.925	61.625	128.968548	123.876493	146.590433	17.621886	22.71394	NA
1413429	90.975	61.625	127.766527	123.639679	146.58904	18.822514	22.949361	NA
1413529	95.975	61.625	NA	NA	143.873194	NA	NA	NA
1413530	96.025	61.625	NA	NA	143.863735	NA	NA	NA
1413531	96.075	61.625	NA	NA	143.858824	NA	NA	NA
1413532	96.125	61.625	NA	NA	143.851923	NA	NA	NA
1413533	96.175	61.625	NA	NA	143.846184	NA	NA	NA
1419366	61.825	61.575	NA	NA	138.06199	NA	NA	NA
1419367	61.875	61.575	NA	NA	138.06273	NA	NA	NA
1419368	61.925	61.575	NA	NA	138.06651	NA	NA	NA
1419375	62.275	61.575	NA	NA	138.038838	NA	NA	NA
1419376	62.325	61.575	NA	NA	138.579846	NA	NA	NA
1419377	62.375	61.575	NA	NA	138.591418	NA	NA	NA
1419378	62.425	61.575	NA	NA	138.633099	NA	NA	NA
1419379	62.475	61.575	NA	NA	138.664839	NA	NA	NA
1419382	62.625	61.575	NA	NA	138.066692	NA	NA	NA
1419383	62.675	61.575	NA	NA	138.887918	NA	NA	NA
1419384	62.725	61.575	NA	NA	138.690196	NA	NA	NA
1419385	62.775	61.575	NA	NA	138.892301	NA	NA	NA
1419386	62.825	61.575	NA	NA	142.732093	NA	NA	NA
1419488	67.925	61.575	125.740924	122.931787	142.813823	17.072899	19.882036	NA
1419489	67.975	61.575	125.189159	122.673372	142.807277	17.618118	20.133904	NA
1419490	68.025	61.575	124.701234	122.989775	142.802131	18.100896	19.812356	NA
1419491	68.075	61.575	124.608606	123.12426	142.799056	18.19045	19.674795	NA
1419925	89.775	61.575	127.676406	123.502312	138.034673	10.358267	14.53236	NA
1419926	89.825	61.575	133.666127	123.071821	138.02227	4.356143	14.950449	NA
1419927	89.875	61.575	135.245322	123.772874	138.016161	2.770839	14.243287	NA
1419928	89.925	61.575	130.559876	123.721176	138.012051	7.452176	14.290875	NA
1419931	90.075	61.575	135.619001	123.954063	137.992598	2.373597	14.038535	NA
1419932	90.125	61.575	133.075895	123.684703	137.982676	4.906781	14.297973	NA
1419933	90.175	61.575	128.014501	123.894293	133.898339	5.883838	10.004046	NA
1419934	90.225	61.575	132.844047	125.149038	133.895651	1.051603	8.746613	NA
1419950	91.025	61.575	128.435473	123.795019	146.587656	18.152183	22.792637	NA
1419951	91.075	61.575	127.815088	123.115693	146.570262	18.755173	23.454568	NA
1419952	91.125	61.575	125.956014	123.393253	146.562667	20.606653	23.169414	NA
1419953	91.175	61.575	126.600705	123.651791	139.504383	12.903678	15.852593	NA
1425888	61.925	61.525	NA	NA	137.061101	NA	NA	NA
1425889	61.975	61.525	NA	NA	138.094077	NA	NA	NA
1425890	62.025	61.525	NA	NA	138.079614	NA	NA	NA
1425891	62.075	61.525	NA	NA	138.218491	NA	NA	NA
1425892	62.125	61.525	NA	NA	138.190366	NA	NA	NA
1425893	62.175	61.525	NA	NA	138.208222	NA	NA	NA
1425894	62.225	61.525	NA	NA	138.400133	NA	NA	NA
1425895	62.275	61.525	NA	NA	138.427271	NA	NA	NA
1425905	62.775	61.525	NA	NA	142.425768	NA	NA	NA
1425906	62.825	61.525	NA	NA	142.337519	NA	NA	NA
1425907	62.875	61.525	NA	NA	142.396426	NA	NA	NA
1425908	62.925	61.525	NA	NA	142.475951	NA	NA	NA
1426011	68.075	61.525	124.674189	123.180482	135.167204	10.493016	11.986722	NA
1426012	68.125	61.525	125.128493	122.668112	142.796798	17.668306	20.128686	NA
1426013	68.175	61.525	124.844571	122.926636	142.786691	17.94212	19.860055	NA
1426453	90.175	61.525	131.511492	124.317244	135.240618	3.729126	10.923373	NA
1426454	90.225	61.525	133.250859	124.317546	133.893265	0.642405	9.575719	NA
1432428	62.925	61.475	NA	NA	142.466299	NA	NA	NA
1432533	68.175	61.475	124.813955	122.951643	142.784213	17.970258	19.83257	NA
1432534	68.225	61.475	124.787982	122.683021	142.779325	17.991344	20.096305	NA
1432535	68.275	61.475	NA	NA	142.776498	NA	NA	NA
1432971	90.075	61.475	132.769919	123.431796	133.862169	1.092251	10.430373	NA
1432972	90.125	61.475	134.276153	123.466644	133.869081	-0.407072	10.402437	NA
1432973	90.175	61.475	131.40204	124.262233	133.877269	2.475229	9.615036	NA
1439055	68.275	61.425	124.828107	122.78639	142.772896	17.944788	19.986506	NA
1439056	68.325	61.425	NA	NA	137.047311	NA	NA	NA
1439484	89.725	61.425	138.039801	122.297526	133.823743	-4.216058	11.526218	NA
1439485	89.775	61.425	138.405421	123.15142	133.825992	-4.579429	10.674572	NA
1439486	89.825	61.425	137.448963	123.796029	133.829097	-3.619867	10.033068	NA
1439487	89.875	61.425	134.200728	124.601573	133.830906	-0.369821	9.229334	NA
1439488	89.925	61.425	129.166399	123.543526	133.838923	4.672524	10.295397	NA
1439489	89.975	61.425	131.728553	123.050262	133.846451	2.117898	10.796189	NA
1439490	90.025	61.425	129.187604	123.276001	140.343928	11.156324	17.067927	NA
1439491	90.075	61.425	132.769919	123.431796	133.859691	1.089772	10.427895	NA
1439617	96.375	61.425	NA	NA	142.080029	NA	NA	NA
1445576	68.325	61.375	124.718947	122.780602	142.767797	18.04885	19.987195	NA
1446002	89.625	61.375	NA	NA	139.426232	NA	NA	NA
1446003	89.675	61.375	131.281302	124.543986	133.811173	2.529871	9.267187	NA
1446004	89.725	61.375	137.476892	124.195398	133.820655	-3.656237	9.625257	NA
1452095	68.275	61.325	125.370764	122.855972	142.741004	17.370239	19.885032	NA
1452096	68.325	61.325	125.299621	122.898651	142.758714	17.459092	19.860063	NA
1452148	70.925	61.325	NA	NA	137.999098	NA	NA	NA
1452149	70.975	61.325	NA	NA	137.995789	NA	NA	NA
1452522	89.625	61.325	135.258404	124.394063	133.778169	-1.480234	9.384106	NA
1452659	96.475	61.325	NA	NA	142.004205	NA	NA	NA
1458614	68.225	61.275	125.573756	122.631806	142.728894	17.155138	20.097088	NA
1458615	68.275	61.275	125.722231	122.825757	142.738044	17.015813	19.912287	NA
1458637	69.375	61.275	NA	NA	134.86027	NA	NA	NA
1458638	69.425	61.275	124.96951	123.277	143.638993	18.669483	20.361993	NA
1458639	69.475	61.275	124.904602	123.66701	143.616344	18.711741	19.949334	NA
1458640	69.525	61.275	125.685807	123.313251	143.610493	17.924686	20.297242	NA
1458642	69.625	61.275	NA	NA	133.638757	NA	NA	NA
1458643	69.675	61.275	125.662311	123.734857	143.579327	17.917016	19.84447	NA
1458644	69.725	61.275	125.418502	123.15749	143.55963	18.141128	20.402139	NA
1458645	69.775	61.275	125.107469	122.772396	143.54861	18.44114	20.776213	NA
1458646	69.825	61.275	125.132168	123.129186	143.53895	18.406782	20.409763	NA
1458647	69.875	61.275	NA	NA	143.539465	NA	NA	NA
1458654	70.225	61.275	124.995069	123.049879	143.562411	18.567342	20.512532	NA
1458655	70.275	61.275	124.495583	122.932888	143.545273	19.049689	20.612385	NA
1458656	70.325	61.275	125.077709	122.757832	135.41174	10.33403	12.653907	NA
1458657	70.375	61.275	125.467113	122.889627	143.514906	18.047793	20.625279	NA
1458658	70.425	61.275	NA	NA	143.49283	NA	NA	NA
1458659	70.475	61.275	125.1627	123.03062	143.485258	18.322558	20.454638	NA
1458660	70.525	61.275	124.84138	123.229727	143.481756	18.640376	20.252029	NA
1458661	70.575	61.275	125.00976	123.301848	143.472766	18.463005	20.170918	NA
1458662	70.625	61.275	124.992265	123.023473	143.464264	18.472	20.440791	NA
1458663	70.675	61.275	124.767582	123.108316	143.457181	18.689599	20.348865	NA
1458664	70.725	61.275	125.180986	122.801844	143.450669	18.269683	20.648826	NA
1458665	70.775	61.275	125.257756	123.205912	143.442204	18.184448	20.236292	NA
1458666	70.825	61.275	125.034959	123.179022	143.434471	18.399512	20.255449	NA
1458667	70.875	61.275	125.331075	123.040861	143.426331	18.095256	20.385469	NA
1458668	70.925	61.275	124.873301	122.947183	143.418709	18.545407	20.471526	NA
1458669	70.975	61.275	NA	NA	143.409253	NA	NA	NA
1458670	71.025	61.275	NA	NA	143.402715	NA	NA	NA
1458671	71.075	61.275	124.819169	123.072489	143.395657	18.576488	20.323168	NA
1458672	71.125	61.275	124.757705	123.02279	143.36644	18.608734	20.34365	NA
1458673	71.175	61.275	NA	NA	143.345586	NA	NA	NA
1458674	71.225	61.275	NA	NA	137.01963	NA	NA	NA
1458682	71.625	61.275	NA	NA	136.755492	NA	NA	NA
1458683	71.675	61.275	125.564791	122.726523	143.354035	17.789243	20.627512	NA
1458684	71.725	61.275	125.324227	122.894255	143.340842	18.016615	20.446587	NA
1458685	71.775	61.275	124.747735	122.957066	143.395772	18.648037	20.438706	NA
1458686	71.825	61.275	125.336154	122.868871	143.390606	18.054451	20.521734	NA
1458687	71.875	61.275	125.399738	122.967915	143.382838	17.9831	20.414923	NA
1458688	71.925	61.275	125.054338	122.873297	143.374669	18.320331	20.501372	NA
1458689	71.975	61.275	NA	NA	142.147175	NA	NA	NA
1458693	72.175	61.275	NA	NA	138.400528	NA	NA	NA
1458694	72.225	61.275	125.14371	122.994707	143.324082	18.180371	20.329375	NA
1458695	72.275	61.275	125.329677	122.648007	143.305904	17.976227	20.657898	NA
1458696	72.325	61.275	124.996355	122.412633	143.296463	18.300108	20.88383	NA
1458697	72.375	61.275	124.955483	122.687052	143.290596	18.335113	20.603544	NA
1458698	72.425	61.275	125.165009	122.924536	143.280611	18.115602	20.356075	NA
1458699	72.475	61.275	125.433096	123.069407	143.271519	17.838423	20.202112	NA
1458700	72.525	61.275	124.935333	123.075854	143.260442	18.325109	20.184588	NA
1459041	89.575	61.275	NA	NA	134.908069	NA	NA	NA
1459042	89.625	61.275	133.623341	124.676711	133.775618	0.152278	9.098907	NA
1459180	96.525	61.275	NA	NA	141.980556	NA	NA	NA
1459811	128.075	61.275	NA	NA	129.990729	NA	NA	NA
1459812	128.125	61.275	131.785758	146.261122	129.414917	-2.37084	-16.846205	NA
1459813	128.175	61.275	131.970572	146.772562	128.893637	-3.076934	-17.878925	NA
1459814	128.225	61.275	131.485255	145.595939	128.226884	-3.258371	-17.369055	NA
1459815	128.275	61.275	131.01845	145.788774	128.185276	-2.833174	-17.603498	NA
1459816	128.325	61.275	NA	NA	127.856581	NA	NA	NA
1459817	128.375	61.275	NA	NA	127.663156	NA	NA	NA
1459818	128.425	61.275	128.615799	144.048215	127.932604	-0.683194	-16.11561	NA
1459819	128.475	61.275	128.296718	144.590459	127.76681	-0.529908	-16.823649	NA
1459820	128.525	61.275	129.817275	145.631797	127.511906	-2.305369	-18.119891	NA
1459821	128.575	61.275	NA	NA	127.150192	NA	NA	NA
1459822	128.625	61.275	131.985242	146.019216	150.699857	18.714615	4.680641	NA
1459823	128.675	61.275	129.722684	145.03541	150.707914	20.98523	5.672504	NA
1459824	128.725	61.275	127.136769	141.869315	150.621626	23.484857	8.752311	NA
1465134	68.225	61.225	125.298598	122.756836	142.725703	17.427106	19.968867	NA
1465151	69.075	61.225	125.131787	123.461108	132.446925	7.315138	8.985816	NA
1465152	69.125	61.225	125.125084	123.180449	143.725845	18.600761	20.545396	NA
1465153	69.175	61.225	125.313735	123.035814	130.405142	5.091407	7.369328	NA
1465155	69.275	61.225	124.971833	123.217325	132.743742	7.771909	9.526417	NA
1465156	69.325	61.225	126.238495	123.425105	143.67386	17.435365	20.248755	NA
1465157	69.375	61.225	125.215054	123.554315	143.647846	18.432792	20.093531	NA
1465160	69.525	61.225	NA	NA	132.643404	NA	NA	NA
1465161	69.575	61.225	124.736157	123.287135	143.615833	18.879676	20.328698	NA
1465162	69.625	61.225	124.905914	123.615554	143.589189	18.683275	19.973635	NA
1465167	69.875	61.225	125.162518	123.259972	143.531217	18.368699	20.271245	NA
1465168	69.925	61.225	125.412274	123.035246	143.509659	18.097385	20.474412	NA
1465169	69.975	61.225	125.673086	123.145171	143.502302	17.829216	20.357132	NA
1465170	70.025	61.225	124.875874	122.567357	143.489514	18.61364	20.922156	NA
1465171	70.075	61.225	124.727306	122.920283	143.479292	18.751986	20.55901	NA
1465172	70.125	61.225	124.954487	122.792021	143.469455	18.514968	20.677434	NA
1465173	70.175	61.225	124.798973	122.985017	143.460316	18.661343	20.475299	NA
1465174	70.225	61.225	124.576757	122.912335	143.45052	18.873763	20.538185	NA
1465176	70.325	61.225	125.082772	122.926575	143.53617	18.453398	20.609595	NA
1465194	71.225	61.225	124.857502	123.182075	143.33947	18.481968	20.157395	NA
1465195	71.275	61.225	124.652911	123.368224	143.315128	18.662217	19.946905	NA
1465196	71.325	61.225	125.090916	123.047918	143.30935	18.218434	20.261431	NA
1465197	71.375	61.225	125.853522	123.129413	143.301608	17.448086	20.172195	NA
1465198	71.425	61.225	124.700378	123.220975	143.29563	18.595252	20.074655	NA
1465199	71.475	61.225	124.799208	123.146925	143.287517	18.48831	20.140593	NA
1465200	71.525	61.225	125.188139	123.136993	143.379972	18.191832	20.242979	NA
1465201	71.575	61.225	125.029417	123.176646	143.372658	18.343241	20.196012	NA
1465202	71.625	61.225	125.032991	122.915641	143.364441	18.33145	20.448801	NA
1465209	71.975	61.225	124.87494	123.14124	143.379283	18.504344	20.238043	NA
1465210	72.025	61.225	125.750148	122.830581	143.356272	17.606123	20.525691	NA
1465211	72.075	61.225	125.043342	122.92943	143.348924	18.305582	20.419494	NA
1465212	72.125	61.225	124.787236	123.058292	143.339318	18.552082	20.281026	NA
1465213	72.175	61.225	125.021827	123.062532	143.329827	18.308	20.267295	NA
1465220	72.525	61.225	124.735313	122.917003	136.152224	11.41691	13.235221	NA
1465221	72.575	61.225	125.128483	122.642379	143.258099	18.129616	20.61572	NA
1465222	72.625	61.225	125.568849	122.669113	143.235552	17.666704	20.566439	NA
1465223	72.675	61.225	125.393192	122.72263	143.227284	17.834092	20.504654	NA
1465224	72.725	61.225	125.499651	122.745705	143.215224	17.715573	20.469519	NA
1465225	72.775	61.225	125.144974	122.797685	143.205489	18.060515	20.407803	NA
1465226	72.825	61.225	124.734139	122.932515	143.177594	18.443455	20.245078	NA
1465227	72.875	61.225	124.778487	122.914886	143.155521	18.377034	20.240635	NA
1465228	72.925	61.225	124.967632	122.929443	143.148013	18.180381	20.21857	NA
1465229	72.975	61.225	125.06662	122.850255	143.136133	18.069513	20.285878	NA
1465230	73.025	61.225	NA	NA	143.129744	NA	NA	NA
1465231	73.075	61.225	124.618633	122.754786	143.119268	18.500635	20.364482	NA
1465232	73.125	61.225	123.951971	122.692008	143.111983	19.160012	20.419975	NA
1465233	73.175	61.225	124.459833	122.718137	143.104152	18.644319	20.386015	NA
1465234	73.225	61.225	124.954184	122.889805	143.094456	18.140273	20.204651	NA
1465235	73.275	61.225	124.932012	122.760301	143.087798	18.155785	20.327497	NA
1465236	73.325	61.225	124.540114	122.636003	143.079607	18.539493	20.443603	NA
1465237	73.375	61.225	124.881431	122.513455	143.07006	18.188629	20.556605	NA
1465238	73.425	61.225	125.149404	122.43239	143.059576	17.910172	20.627187	NA
1465239	73.475	61.225	123.931261	122.374189	143.055044	19.123783	20.680855	NA
1465240	73.525	61.225	124.538529	122.951401	143.048666	18.510137	20.097265	NA
1465241	73.575	61.225	124.928157	123.008014	143.046533	18.118376	20.038519	NA
1465242	73.625	61.225	125.08053	123.411491	143.033552	17.953022	19.622061	NA
1465243	73.675	61.225	124.806581	123.07084	143.02524	18.218659	19.9544	NA
1465244	73.725	61.225	125.104763	123.278014	143.019901	17.915138	19.741887	NA
1465245	73.775	61.225	NA	NA	143.018715	NA	NA	NA
1465246	73.825	61.225	124.938285	123.054314	143.010147	18.071862	19.955833	NA
1465247	73.875	61.225	124.906865	122.708916	143.002457	18.095592	20.293541	NA
1465248	73.925	61.225	124.775594	123.197852	139.355835	14.580241	16.157983	NA
1465254	74.225	61.225	124.999705	122.845989	142.899194	17.899489	20.053205	NA
1465255	74.275	61.225	125.139401	122.678928	142.873986	17.734584	20.195058	NA
1465256	74.325	61.225	125.417943	122.61938	142.864842	17.446899	20.245462	NA
1465258	74.425	61.225	125.132814	122.934067	142.812742	17.679928	19.878675	NA
1465259	74.475	61.225	125.209578	122.845895	142.792542	17.582964	19.946647	NA
1465260	74.525	61.225	125.031898	122.679214	138.577791	13.545893	15.898577	NA
1465561	89.575	61.225	137.110202	124.222109	133.765452	-3.34475	9.543343	NA
1466324	127.725	61.225	NA	NA	122.827765	NA	NA	NA
1466325	127.775	61.225	124.260242	141.620263	122.552323	-1.707919	-19.067939	NA
1466326	127.825	61.225	128.66535	145.357739	122.08418	-6.58117	-23.273559	NA
1466327	127.875	61.225	128.474931	144.752856	131.902061	3.427129	-12.850796	NA
1466328	127.925	61.225	127.689814	142.413171	131.078328	3.388514	-11.334843	NA
1466329	127.975	61.225	124.240344	139.781911	150.602838	26.362494	10.820927	NA
1466330	128.025	61.225	129.329558	145.006292	150.608664	21.279106	5.602372	NA
1466331	128.075	61.225	131.579996	146.688537	150.616056	19.036059	3.927519	NA
1471654	68.225	61.175	125.635811	122.706532	142.707498	17.071687	20.000966	NA
1471655	68.275	61.175	125.170518	122.728341	142.693798	17.52328	19.965457	NA
1471656	68.325	61.175	124.860452	123.02308	142.689984	17.829532	19.666904	NA
1471667	68.875	61.175	125.759058	123.300642	143.703318	17.944259	20.402675	NA
1471668	68.925	61.175	125.699146	123.157229	143.691956	17.992811	20.534728	NA
1471669	68.975	61.175	125.09565	123.242333	143.750597	18.654947	20.508264	NA
1471670	69.025	61.175	125.219103	123.092828	143.744124	18.525021	20.651295	NA
1471671	69.075	61.175	125.193052	123.470434	143.735483	18.542431	20.265049	NA
1471673	69.175	61.175	125.15929	123.156686	143.709242	18.549951	20.552555	NA
1471674	69.225	61.175	124.672285	123.185032	143.687393	19.015108	20.502361	NA
1471675	69.275	61.175	124.91932	123.22482	143.681036	18.761717	20.456217	NA
1471768	73.925	61.175	124.775594	123.197852	142.991129	18.215535	19.793277	NA
1471769	73.975	61.175	124.913631	122.653813	142.967193	18.053562	20.31338	NA
1471770	74.025	61.175	125.184971	122.129527	142.956438	17.771467	20.826912	NA
1471771	74.075	61.175	125.752981	122.724705	142.947564	17.194583	20.222859	NA
1471772	74.125	61.175	125.453525	122.706019	142.935266	17.481742	20.229247	NA
1471773	74.175	61.175	125.187593	122.584202	142.923768	17.736174	20.339566	NA
1471774	74.225	61.175	124.999705	122.845989	142.91211	17.912405	20.06612	NA
1471776	74.325	61.175	125.417943	122.61938	142.852522	17.434579	20.233142	NA
1471777	74.375	61.175	124.833556	122.893469	142.829901	17.996345	19.936432	NA
1471778	74.425	61.175	124.799406	122.813374	142.818984	18.019578	20.00561	NA
1471780	74.525	61.175	125.031898	122.679214	142.669804	17.637906	19.990591	NA
1471781	74.575	61.175	125.788274	122.615653	142.640655	16.852381	20.025002	NA
1471782	74.625	61.175	125.86934	123.043228	142.63055	16.76121	19.587322	NA
1471783	74.675	61.175	125.066711	122.840584	142.618923	17.552212	19.778339	NA
1471784	74.725	61.175	125.151644	122.817783	142.609677	17.458032	19.791894	NA
1471785	74.775	61.175	124.844095	122.796325	142.610409	17.766314	19.814084	NA
1471786	74.825	61.175	125.502105	123.016122	142.604486	17.102381	19.588364	NA
1471787	74.875	61.175	125.492622	123.042306	142.596074	17.103451	19.553768	NA
1471788	74.925	61.175	NA	NA	142.585992	NA	NA	NA
1472081	89.575	61.175	135.470238	124.030563	133.755146	-1.715092	9.724583	NA
1472082	89.625	61.175	135.603717	124.039958	138.551846	2.948129	14.511888	NA
1472840	127.525	61.175	124.855122	139.594283	127.773174	2.918051	-11.82111	NA
1472841	127.575	61.175	124.864409	140.915544	150.553033	25.688625	9.637489	NA
1472842	127.625	61.175	127.886393	143.978481	150.558025	22.671633	6.579544	NA
1472843	127.675	61.175	125.594387	141.938762	150.561943	24.967557	8.623181	NA
1472844	127.725	61.175	NA	NA	150.568259	NA	NA	NA
1478176	68.325	61.125	NA	NA	137.393173	NA	NA	NA
1478177	68.375	61.125	125.100256	122.536725	142.68718	17.586924	20.150455	NA
1478178	68.425	61.125	125.226556	122.801903	142.680925	17.454369	19.879022	NA
1478179	68.475	61.125	124.571624	123.223788	137.843489	13.271865	14.619701	NA
1478186	68.825	61.125	125.684398	122.902132	143.711986	18.027588	20.809854	NA
1478187	68.875	61.125	125.101649	122.889109	143.705536	18.603887	20.816427	NA
1478308	74.925	61.125	NA	NA	138.520188	NA	NA	NA
1478309	74.975	61.125	125.035171	122.72677	142.578428	17.543256	19.851657	NA
1478310	75.025	61.125	125.393003	122.904941	142.561244	17.168241	19.656302	NA
1478311	75.075	61.125	125.131825	122.782878	142.550652	17.418827	19.767774	NA
1478312	75.125	61.125	124.601346	122.682284	142.542397	17.94105	19.860113	NA
1478313	75.175	61.125	125.46059	122.674207	142.530552	17.069961	19.856345	NA
1478314	75.225	61.125	125.388012	123.087315	142.521241	17.133229	19.433925	NA
1478315	75.275	61.125	125.000928	123.065935	142.513888	17.51296	19.447953	NA
1478316	75.325	61.125	125.577005	123.032533	142.501206	16.924201	19.468673	NA
1478317	75.375	61.125	125.113945	122.651581	142.489441	17.375496	19.83786	NA
1478602	89.625	61.125	134.145781	124.150944	133.737803	-0.407977	9.586859	NA
1479341	126.575	61.125	124.836658	139.639195	128.046508	3.20985	-11.592687	NA
1479342	126.625	61.125	125.652988	140.503711	128.092297	2.439309	-12.411413	NA
1479343	126.675	61.125	128.02738	143.479047	124.387052	-3.640328	-19.091995	NA
1479344	126.725	61.125	130.281598	146.377055	150.423863	20.142265	4.046808	NA
1479345	126.775	61.125	131.577892	148.224779	150.434856	18.856964	2.210077	NA
1479346	126.825	61.125	133.00752	149.205247	150.442487	17.434967	1.237241	NA
1479347	126.875	61.125	133.476357	149.421763	150.449502	16.973145	1.027739	NA
1479348	126.925	61.125	133.437021	149.447997	150.455422	17.018401	1.007425	NA
1479349	126.975	61.125	135.515448	150.062867	121.003813	-14.511635	-29.059054	NA
1479353	127.175	61.125	127.178503	145.413909	121.603537	-5.574966	-23.810372	NA
1479354	127.225	61.125	135.040996	150.755879	121.442636	-13.59836	-29.313243	NA
1479355	127.275	61.125	134.982305	150.214995	150.51304	15.530735	0.298045	NA
1479356	127.325	61.125	132.479631	148.758963	150.519145	18.039514	1.760182	NA
1479357	127.375	61.125	127.256671	143.245075	150.523775	23.267104	7.2787	NA
1479358	127.425	61.125	124.532657	140.811122	150.528386	25.995729	9.717264	NA
1479359	127.475	61.125	NA	NA	150.531706	NA	NA	NA
1479360	127.525	61.125	NA	NA	150.540941	NA	NA	NA
1484699	68.475	61.075	124.571624	123.223788	142.677059	18.105435	19.453271	NA
1484700	68.525	61.075	125.345543	123.030341	142.664693	17.31915	19.634352	NA
1484701	68.575	61.075	125.404823	122.868956	142.664482	17.259659	19.795526	NA
1484702	68.625	61.075	126.726437	123.824726	142.655072	15.928636	18.830346	NA
1484703	68.675	61.075	126.218477	123.36208	142.645455	16.426978	19.283374	NA
1484704	68.725	61.075	125.267315	122.776901	142.642201	17.374886	19.865301	NA
1484705	68.775	61.075	125.801614	122.900794	142.638877	16.837263	19.738083	NA
1484706	68.825	61.075	125.874649	122.915602	142.636086	16.761438	19.720484	NA
1484707	68.875	61.075	124.780856	122.777769	139.900996	15.12014	17.123227	NA
1484708	68.925	61.075	124.836454	123.079841	139.893943	15.057489	16.814101	NA
1484837	75.375	61.075	125.113945	122.651581	138.951897	13.837952	16.300316	NA
1484838	75.425	61.075	124.969017	122.875124	142.476761	17.507744	19.601638	NA
1484839	75.475	61.075	125.201802	122.841544	142.448145	17.246344	19.606602	NA
1484840	75.525	61.075	125.255414	123.31144	139.00178	13.746366	15.690339	NA
1484845	75.775	61.075	124.941494	123.068028	140.410808	15.469314	17.34278	NA
1484846	75.825	61.075	124.895812	122.852286	138.142548	13.246736	15.290261	NA
1484847	75.875	61.075	124.959954	122.941605	140.622883	15.662928	17.681278	NA
1485122	89.625	61.075	135.285184	124.78881	133.726577	-1.558607	8.937767	NA
1485853	126.175	61.075	127.699375	144.188861	124.75962	-2.939756	-19.429241	NA
1485854	126.225	61.075	131.064864	147.336592	150.354022	19.289158	3.01743	NA
1485855	126.275	61.075	132.09557	147.438523	150.359817	18.264247	2.921293	NA
1485856	126.325	61.075	126.946768	142.299376	150.366658	23.41989	8.067282	NA
1485857	126.375	61.075	128.317906	143.835087	150.375555	22.057649	6.540468	NA
1485858	126.425	61.075	125.93849	141.202527	150.380221	24.441731	9.177694	NA
1485859	126.475	61.075	129.421447	145.490639	150.385674	20.964227	4.895035	NA
1485860	126.525	61.075	125.320024	140.257756	150.390923	25.0709	10.133168	NA
1485861	126.575	61.075	124.836658	139.639195	150.396061	25.559402	10.756865	NA
1485869	126.975	61.075	135.515448	150.062867	150.462658	14.94721	0.399791	NA
1485870	127.025	61.075	134.115267	148.920727	150.469041	16.353774	1.548314	NA
1485871	127.075	61.075	128.51105	145.736052	150.475171	21.964121	4.739119	NA
1485872	127.125	61.075	125.102659	141.025411	150.479792	25.377133	9.454381	NA
1485873	127.175	61.075	127.178503	145.413909	150.486813	23.308309	5.072903	NA
1491228	68.925	61.025	125.019208	122.976923	139.887881	14.868673	16.910959	NA
1491229	68.975	61.025	124.198992	122.595454	139.85914	15.660148	17.263686	NA
1491360	75.525	61.025	125.175068	123.25979	142.44509	17.270022	19.1853	NA
1491361	75.575	61.025	124.993241	123.242694	142.420579	17.427339	19.177885	NA
1491362	75.625	61.025	NA	NA	138.924783	NA	NA	NA
1491364	75.725	61.025	NA	NA	139.901956	NA	NA	NA
1491365	75.775	61.025	125.143985	123.053446	142.405362	17.261377	19.351915	NA
1491367	75.875	61.025	125.237539	122.9768	142.370595	17.133056	19.393795	NA
1491368	75.925	61.025	124.88054	122.973871	142.358547	17.478007	19.384676	NA
1491369	75.975	61.025	124.337173	123.034719	142.347077	18.009904	19.312359	NA
1491370	76.025	61.025	124.830424	123.153617	142.334299	17.503875	19.180682	NA
1491371	76.075	61.025	125.072761	122.678712	142.324066	17.251304	19.645354	NA
1491372	76.125	61.025	124.8028	122.769596	135.266712	10.463911	12.497115	NA
1491373	76.175	61.025	NA	NA	140.334091	NA	NA	NA
1491374	76.225	61.025	NA	NA	140.603917	NA	NA	NA
1491642	89.625	61.025	135.832345	124.691414	133.701422	-2.130924	9.010008	NA
1491643	89.675	61.025	131.069311	124.371796	137.469275	6.399963	13.097479	NA
1492371	126.075	61.025	131.233988	147.097895	150.333732	19.099744	3.235837	NA
1492372	126.125	61.025	128.314813	144.470371	150.336717	22.021905	5.866347	NA
1492373	126.175	61.025	127.87215	144.484602	150.348582	22.476432	5.863979	NA
1497749	68.975	60.975	124.069639	122.976926	139.851065	15.781426	16.874138	NA
1497750	69.025	60.975	123.724227	122.658159	139.830585	16.106358	17.172427	NA
1497751	69.075	60.975	124.154077	122.561131	139.828848	15.674771	17.267717	NA
1497752	69.125	60.975	124.627807	122.994045	139.828193	15.200386	16.834147	NA
1497753	69.175	60.975	124.710516	122.931208	139.825118	15.114602	16.89391	NA
1497754	69.225	60.975	124.460207	122.994952	130.929803	6.469596	7.934851	NA
1497755	69.275	60.975	124.596914	123.103315	139.789914	15.192999	16.686598	NA
1497756	69.325	60.975	124.854808	122.784675	139.769379	14.914571	16.984704	NA
1497882	75.625	60.975	126.274526	123.152329	142.4088	16.134274	19.256472	NA
1497883	75.675	60.975	125.745643	122.935884	142.383633	16.63799	19.447749	NA
1497884	75.725	60.975	126.028039	123.499017	142.408973	16.380934	18.909956	NA
1497894	76.225	60.975	NA	NA	138.130382	NA	NA	NA
1498163	89.675	60.975	133.881974	125.27527	133.675004	-0.20697	8.399734	NA
1498888	125.925	60.975	131.378178	147.057342	126.512636	-4.865543	-20.544706	NA
1498889	125.975	60.975	129.7356	146.250716	150.310528	20.574927	4.059812	NA
1498890	126.025	60.975	129.686574	146.011081	150.325891	20.639317	4.314811	NA
1498891	126.075	60.975	130.818068	147.244004	129.165416	-1.652652	-18.078588	NA
1504276	69.325	60.925	124.854808	122.784675	140.527253	15.672445	17.742579	NA
1504277	69.375	60.925	NA	NA	139.764747	NA	NA	NA
1504278	69.425	60.925	NA	NA	139.7408	NA	NA	NA
1504279	69.475	60.925	NA	NA	139.731757	NA	NA	NA
1504280	69.525	60.925	124.801576	122.858135	139.722145	14.920569	16.86401	NA
1504414	76.225	60.925	NA	NA	142.275647	NA	NA	NA
1504415	76.275	60.925	125.400477	122.66193	142.277706	16.877229	19.615776	NA
1504416	76.325	60.925	125.41686	122.609357	142.267432	16.850572	19.658075	NA
1504420	76.525	60.925	124.144414	122.589733	142.199166	18.054752	19.609434	NA
1504421	76.575	60.925	124.236163	122.619539	142.187464	17.951301	19.567925	NA
1504422	76.625	60.925	NA	NA	132.781276	NA	NA	NA
1504683	89.675	60.925	133.920264	125.288982	133.659613	-0.26065	8.370631	NA
1504684	89.725	60.925	134.391911	125.199621	136.543606	2.151695	11.343985	NA
1505405	125.775	60.925	136.981148	150.304398	125.552323	-11.428825	-24.752075	NA
1505406	125.825	60.925	130.678852	147.03108	150.294127	19.615275	3.263047	NA
1505407	125.875	60.925	127.934405	144.681412	150.297335	22.36293	5.615923	NA
1505408	125.925	60.925	131.321708	147.025496	150.306237	18.984529	3.280741	NA
1510799	69.475	60.875	124.631006	122.660933	139.697802	15.066796	17.036869	NA
1510800	69.525	60.875	125.036754	122.709037	139.715349	14.678595	17.006311	NA
1510936	76.325	60.875	125.032774	122.879477	142.255473	17.2227	19.375996	NA
1510937	76.375	60.875	125.173025	123.073725	142.230551	17.057526	19.156826	NA
1510938	76.425	60.875	125.417359	122.804702	142.218416	16.801057	19.413714	NA
1510939	76.475	60.875	124.934963	122.580115	142.207858	17.272895	19.627744	NA
1510940	76.525	60.875	124.704211	122.660061	140.319104	15.614893	17.659043	NA
1510942	76.625	60.875	125.030622	122.720314	142.183039	17.152417	19.462725	NA
1511204	89.725	60.875	134.325593	124.926457	133.343106	-0.982487	8.416649	NA
1511205	89.775	60.875	135.399043	124.610218	134.232636	-1.166408	9.622418	NA
1511921	125.575	60.875	129.850204	145.657212	125.714727	-4.135477	-19.942485	NA
1511922	125.625	60.875	129.794528	145.539359	150.261399	20.466872	4.722041	NA
1511923	125.675	60.875	130.448999	146.270154	150.270877	19.821879	4.000723	NA
1511924	125.725	60.875	129.298605	145.854006	150.274983	20.976378	4.420977	NA
1511925	125.775	60.875	134.256118	149.058799	150.288104	16.031986	1.229305	NA
1517320	69.525	60.825	124.595438	122.836232	139.689548	15.094109	16.853316	NA
1517321	69.575	60.825	124.438692	122.676173	139.668068	15.229375	16.991894	NA
1517462	76.625	60.825	125.298169	122.605287	136.420763	11.122594	13.815477	NA
1517463	76.675	60.825	125.049149	122.861201	142.169551	17.120402	19.30835	NA
1517464	76.725	60.825	125.007348	122.541113	142.142425	17.135077	19.601311	NA
1517465	76.775	60.825	NA	NA	142.134137	NA	NA	NA
1517725	89.775	60.825	135.447001	124.481251	133.319314	-2.127687	8.838063	NA
1517726	89.825	60.825	135.29593	124.295949	133.284163	-2.011767	8.988213	NA
1518438	125.425	60.825	131.681745	146.733931	150.226456	18.544711	3.492525	NA
1518439	125.475	60.825	130.142661	145.201452	150.231128	20.088467	5.029676	NA
1518440	125.525	60.825	130.110224	145.540543	150.237736	20.127512	4.697192	NA
1518441	125.575	60.825	129.850204	145.657212	150.255559	20.405355	4.598347	NA
1523843	69.675	60.775	NA	NA	139.661669	NA	NA	NA
1523985	76.775	60.775	125.436199	122.886452	141.906452	16.470253	19.02	NA
1523986	76.825	60.775	124.667319	122.791351	141.876106	17.208787	19.084755	NA
1524949	124.975	60.775	133.166397	147.429775	150.163573	16.997176	2.733797	NA
1524950	125.025	60.775	131.08358	146.982492	150.170647	19.087067	3.188154	NA
1524951	125.075	60.775	127.691522	143.850761	150.182868	22.491346	6.332107	NA
1524952	125.125	60.775	129.60785	145.299745	150.192696	20.584846	4.892952	NA
1524953	125.175	60.775	128.095847	144.784232	150.197771	22.101925	5.41354	NA
1524954	125.225	60.775	126.48373	141.950937	150.202071	23.718341	8.251134	NA
1524955	125.275	60.775	124.681088	141.181584	150.20601	25.524922	9.024426	NA
1524956	125.325	60.775	125.557111	142.820019	150.210368	24.653256	7.390349	NA
1524957	125.375	60.775	131.090064	146.887279	150.220699	19.130635	3.33342	NA
1524958	125.425	60.775	131.681745	146.733931	135.175332	3.493587	-11.558599	NA
1530506	76.825	60.725	125.131889	122.789816	138.099832	12.967942	15.310016	NA
1530507	76.875	60.725	124.703422	122.987213	137.029893	12.326471	14.04268	NA
1530508	76.925	60.725	124.784887	123.014839	141.861413	17.076526	18.846575	NA
1530509	76.975	60.725	124.805994	122.837761	141.829149	17.023155	18.991388	NA
1530510	77.025	60.725	125.328372	122.497182	141.819421	16.491049	19.322239	NA
1530511	77.075	60.725	125.154355	122.650557	141.80591	16.651555	19.155353	NA
1530512	77.125	60.725	125.025832	122.882199	141.792394	16.766562	18.910196	NA
1530513	77.175	60.725	125.050568	122.789745	141.782572	16.732004	18.992827	NA
1531467	124.875	60.725	129.140921	145.011054	150.139598	20.998677	5.128545	NA
1531468	124.925	60.725	130.407341	146.013171	150.144375	19.737034	4.131204	NA
1531469	124.975	60.725	129.679627	145.041193	150.15968	20.480053	5.118487	NA
1537030	77.025	60.675	125.328372	122.497182	137.823391	12.495018	15.326208	NA
1537031	77.075	60.675	125.154355	122.650557	137.669395	12.51504	15.018838	NA
1537033	77.175	60.675	125.050568	122.789745	141.775405	16.724836	18.98566	NA
1537034	77.225	60.675	125.150502	122.65012	141.760753	16.61025	19.110633	NA
1537035	77.275	60.675	124.9639	123.392243	141.755495	16.791595	18.363252	NA
1537036	77.325	60.675	125.006842	123.691167	136.108066	11.101224	12.416899	NA
1537039	77.475	60.675	125.084217	122.946107	138.782724	13.698507	15.836617	NA
1537040	77.525	60.675	125.028219	123.131932	138.414094	13.385874	15.282161	NA
1537041	77.575	60.675	125.018014	123.236703	135.925015	10.907	12.688312	NA
1537977	124.375	60.675	124.637198	138.141622	150.072611	25.435413	11.930988	NA
1537978	124.425	60.675	127.396599	143.031733	150.07818	22.681581	7.046447	NA
1537979	124.475	60.675	130.493932	145.8494	150.086026	19.592094	4.236626	NA
1537980	124.525	60.675	130.567886	145.324505	150.093855	19.525968	4.76935	NA
1537981	124.575	60.675	126.020062	139.966004	150.100909	24.080847	10.134905	NA
1537982	124.625	60.675	125.353855	140.66609	150.107407	24.753552	9.441317	NA
1537983	124.675	60.675	125.146412	137.415065	150.114391	24.967979	12.699326	NA
1537984	124.725	60.675	124.125058	137.069168	150.117973	25.992915	13.048805	NA
1537985	124.775	60.675	127.995956	142.580725	150.12281	22.126854	7.542085	NA
1537986	124.825	60.675	128.785711	143.65288	150.12609	21.340379	6.47321	NA
1537987	124.875	60.675	129.140921	145.011054	150.134253	20.993332	5.123199	NA
1543556	77.325	60.625	NA	NA	141.731401	NA	NA	NA
1543557	77.375	60.625	124.70985	122.704875	141.725428	17.015578	19.020554	NA
1543558	77.425	60.625	124.901146	122.874508	141.709983	16.808838	18.835476	NA
1543559	77.475	60.625	NA	NA	141.705452	NA	NA	NA
1543561	77.575	60.625	NA	NA	141.68602	NA	NA	NA
1543562	77.625	60.625	125.089741	122.790711	141.677299	16.587558	18.886588	NA
1543563	77.675	60.625	125.720908	122.961761	141.665593	15.944684	18.703831	NA
1544432	121.125	60.625	129.791498	145.528963	149.840706	20.049208	4.311743	NA
1544433	121.175	60.625	131.321705	146.831385	149.844511	18.522806	3.013126	NA
1544434	121.225	60.625	130.590719	145.741725	149.85101	19.260291	4.109285	NA
1544435	121.275	60.625	130.821211	146.51925	149.748087	18.926876	3.228837	NA
1544436	121.325	60.625	128.297629	144.257236	149.758295	21.460666	5.501059	NA
1544437	121.375	60.625	129.23949	143.321737	149.764921	20.525432	6.443184	NA
1544438	121.425	60.625	127.304663	141.053733	149.770244	22.465581	8.716511	NA
1544439	121.475	60.625	129.255302	145.850725	149.775551	20.520249	3.924827	NA
1544440	121.525	60.625	129.568476	144.38631	149.781845	20.213369	5.395535	NA
1544441	121.575	60.625	129.386669	145.845667	149.793435	20.406767	3.947768	NA
1544442	121.625	60.625	129.460465	144.176522	122.351186	-7.10928	-21.825336	NA
1544494	124.225	60.625	129.12896	144.916134	150.048793	20.919833	5.132658	NA
1544495	124.275	60.625	125.895615	140.499551	150.055958	24.160342	9.556407	NA
1544496	124.325	60.625	126.862641	141.533769	150.065718	23.203077	8.531949	NA
1544497	124.375	60.625	NA	NA	123.796333	NA	NA	NA
1550083	77.675	60.575	125.224494	122.784891	135.848491	10.623997	13.0636	NA
1550084	77.725	60.575	125.22995	122.782086	141.659426	16.429476	18.877339	NA
1550948	120.925	60.575	129.020269	145.081742	122.433749	-6.58652	-22.647993	NA
1550949	120.975	60.575	129.651449	144.782795	149.804343	20.152893	5.021547	NA
1550950	121.025	60.575	128.309241	143.384291	149.808072	21.498831	6.423781	NA
1550951	121.075	60.575	126.964699	142.664195	149.811996	22.847297	7.147801	NA
1550952	121.125	60.575	129.422975	145.268547	149.820628	20.397653	4.552081	NA
1550962	121.625	60.575	129.460465	144.176522	149.798393	20.337928	5.621872	NA
1550963	121.675	60.575	127.797093	142.091677	149.803363	22.00627	7.711686	NA
1550964	121.725	60.575	124.964705	132.372728	149.809802	24.845097	17.437074	NA
1550965	121.775	60.575	124.494132	128.337068	149.826497	25.332365	21.489429	NA
1550966	121.825	60.575	124.500869	133.80343	149.831492	25.330624	16.028062	NA
1550967	121.875	60.575	125.106305	134.752062	149.841618	24.735312	15.089556	NA
1550968	121.925	60.575	127.579195	140.192601	149.849964	22.270769	9.657363	NA
1550969	121.975	60.575	125.229613	137.059987	149.856404	24.626791	12.796417	NA
1550970	122.025	60.575	125.442399	139.296074	149.87019	24.427791	10.574116	NA
1550971	122.075	60.575	125.582562	140.467739	149.890304	24.307742	9.422566	NA
1550972	122.125	60.575	125.473138	139.03575	149.894946	24.421808	10.859197	NA
1550973	122.175	60.575	124.66676	132.564582	149.898348	25.231587	17.333766	NA
1550974	122.225	60.575	129.037991	140.17526	149.906382	20.86839	9.731122	NA
1550975	122.275	60.575	129.024982	144.59413	149.91674	20.891758	5.32261	NA
1550976	122.325	60.575	129.241163	144.384112	149.92292	20.681758	5.538809	NA
1550977	122.375	60.575	124.949609	141.868833	149.93192	24.982311	8.063087	NA
1550982	122.625	60.575	132.451802	147.87031	149.975031	17.523229	2.104721	NA
1550983	122.675	60.575	131.698932	147.385731	149.983619	18.284688	2.597889	NA
1550984	122.725	60.575	132.054156	147.828717	149.992618	17.938462	2.163901	NA
1550985	122.775	60.575	133.107447	148.057783	149.999431	16.891984	1.941648	NA
1550986	122.825	60.575	130.868403	146.61404	149.992194	19.123791	3.378155	NA
1550987	122.875	60.575	128.00867	144.054707	149.997868	21.989199	5.943162	NA
1550988	122.925	60.575	132.135778	147.41652	150.004278	17.8685	2.587758	NA
1550989	122.975	60.575	131.293598	147.199479	150.024478	18.730881	2.824999	NA
1550990	123.025	60.575	128.714773	145.507846	150.029421	21.314648	4.521576	NA
1550991	123.075	60.575	129.847291	146.65867	150.035744	20.188453	3.377074	NA
1550992	123.125	60.575	132.726818	148.122735	150.040509	17.313691	1.917774	NA
1550993	123.175	60.575	131.554167	147.195114	150.046046	18.491879	2.850932	NA
1550994	123.225	60.575	131.980228	147.264995	150.052514	18.072286	2.787519	NA
1550995	123.275	60.575	129.66596	144.517131	150.052262	20.386302	5.535131	NA
1550996	123.325	60.575	126.730818	142.875176	150.058008	23.32719	7.182831	NA
1550997	123.375	60.575	128.550967	144.681452	150.066223	21.515256	5.384772	NA
1550998	123.425	60.575	130.615569	145.552104	150.071362	19.455793	4.519258	NA
1550999	123.475	60.575	130.434079	146.328532	150.077985	19.643906	3.749452	NA
1551000	123.525	60.575	133.315644	148.369115	150.082951	16.767307	1.713836	NA
1551001	123.575	60.575	133.282019	148.608511	150.08832	16.806301	1.479809	NA
1551002	123.625	60.575	132.700853	148.307853	150.095202	17.394349	1.787348	NA
1551003	123.675	60.575	132.084599	147.407771	150.100164	18.015565	2.692393	NA
1551004	123.725	60.575	129.044151	145.309076	150.107672	21.063521	4.798596	NA
1551005	123.775	60.575	133.078947	148.672925	150.12039	17.041444	1.447465	NA
1551006	123.825	60.575	132.323049	147.998419	150.127568	17.804519	2.129149	NA
1551007	123.875	60.575	132.293003	146.194211	150.134212	17.84121	3.940002	NA
1551008	123.925	60.575	NA	NA	150.140686	NA	NA	NA
1551009	123.975	60.575	NA	NA	150.146571	NA	NA	NA
1551010	124.025	60.575	130.518995	146.187654	150.153461	19.634466	3.965807	NA
1551011	124.075	60.575	128.815488	144.994821	150.156743	21.341254	5.161921	NA
1551012	124.125	60.575	130.330472	146.438419	150.162515	19.832043	3.724096	NA
1551013	124.175	60.575	130.833541	147.120314	150.189218	19.355677	3.068904	NA
1551014	124.225	60.575	129.510252	145.024687	126.59226	-2.917991	-18.432427	NA
1556603	77.675	60.525	125.076918	122.871383	141.628299	16.551381	18.756916	NA
1556604	77.725	60.525	125.060693	123.076056	141.631098	16.570405	18.555042	NA
1557465	120.775	60.525	128.608538	143.682477	137.732132	9.123594	-5.950345	NA
1557466	120.825	60.525	127.299292	142.270851	149.765909	22.466617	7.495058	NA
1557467	120.875	60.525	127.783691	142.126374	149.773168	21.989477	7.646795	NA
1557468	120.925	60.525	128.842215	144.772911	149.796305	20.95409	5.023395	NA
1563124	77.725	60.475	125.285487	122.84433	136.23433	10.948843	13.39	NA
1563125	77.775	60.475	124.977054	122.983292	141.622768	16.645714	18.639476	NA
1563126	77.825	60.475	125.237975	122.616721	141.590499	16.352524	18.973778	NA
1563127	77.875	60.475	125.097399	122.891713	133.433584	8.336186	10.541871	NA
1563984	120.725	60.475	126.185718	139.113189	149.748174	23.562457	10.634985	NA
1563985	120.775	60.475	127.630891	141.668071	149.761083	22.130192	8.093012	NA
1569647	77.875	60.425	125.036125	122.865292	141.581339	16.545214	18.716046	NA
1569648	77.925	60.425	124.829729	123.002844	141.561025	16.731296	18.558181	NA
1569649	77.975	60.425	124.95933	122.747908	141.580642	16.621311	18.832734	NA
1569650	78.025	60.425	125.134498	122.655907	141.573	16.438502	18.917093	NA
1569653	78.175	60.425	125.006388	122.881345	141.521476	16.515088	18.64013	NA
1569654	78.225	60.425	125.666408	122.752323	141.496583	15.830175	18.74426	NA
1569655	78.275	60.425	125.43418	122.69276	141.486387	16.052207	18.793628	NA
1569656	78.325	60.425	125.159545	122.947181	141.477048	16.317503	18.529868	NA
1570503	120.675	60.425	126.100586	140.306886	136.424583	10.323997	-3.882303	NA
1570504	120.725	60.425	125.326865	135.149611	149.747288	24.420423	14.597677	NA
1576170	78.025	60.375	NA	NA	134.358652	NA	NA	NA
1576171	78.075	60.375	125.46258	122.987292	141.562668	16.100088	18.575375	NA
1576172	78.125	60.375	NA	NA	141.541567	NA	NA	NA
1576173	78.175	60.375	NA	NA	141.529171	NA	NA	NA
1576176	78.325	60.375	125.15095	122.806312	141.469291	16.318341	18.662979	NA
1576177	78.375	60.375	125.129863	122.620152	141.437216	16.307352	18.817064	NA
1577015	120.275	60.375	131.381691	146.574522	148.917661	17.53597	2.343139	NA
1577016	120.325	60.375	133.444119	148.134106	148.920165	15.476046	0.786059	NA
1577017	120.375	60.375	129.454678	144.995496	148.921556	19.466878	3.92606	NA
1577018	120.425	60.375	131.272579	144.663703	148.926911	17.654332	4.263208	NA
1577019	120.475	60.375	130.459685	145.010896	148.929416	18.469731	3.91852	NA
1577020	120.525	60.375	127.370157	142.011995	148.93397	21.563813	6.921976	NA
1577021	120.575	60.375	NA	NA	148.937724	NA	NA	NA
1577022	120.625	60.375	127.807286	143.723861	148.942676	21.13539	5.218816	NA
1577023	120.675	60.375	127.330754	141.983683	149.73801	22.407255	7.754327	NA
1582697	78.375	60.325	124.904734	122.821956	141.421121	16.516387	18.599165	NA
1582698	78.425	60.325	124.905776	122.698803	141.402786	16.49701	18.703983	NA
1583533	120.175	60.325	131.800619	146.583706	148.910304	17.109684	2.326598	NA
1583534	120.225	60.325	132.043465	146.968399	148.913111	16.869645	1.944712	NA
1583535	120.275	60.325	131.381691	146.574522	148.920999	17.539308	2.346477	NA
1589218	78.425	60.275	124.8974	122.699109	136.748446	11.851046	14.049337	NA
1589219	78.475	60.275	124.932347	122.676826	141.396922	16.464575	18.720097	NA
1589220	78.525	60.275	NA	NA	141.372749	NA	NA	NA
1590051	120.075	60.275	NA	NA	138.800056	NA	NA	NA
1590052	120.125	60.275	127.919321	142.827709	148.906879	20.987558	6.07917	NA
1590053	120.175	60.275	131.820551	146.555626	138.526859	6.706307	-8.028767	NA
1595739	78.475	60.225	124.940724	122.734406	136.572906	11.632182	13.8385	NA
1595740	78.525	60.225	NA	NA	135.468812	NA	NA	NA
1595741	78.575	60.225	125.205033	122.66491	141.36663	16.161597	18.70172	NA
1595742	78.625	60.225	125.033534	122.833818	135.257184	10.22365	12.423366	NA
1596557	119.375	60.225	126.815271	142.156874	148.900026	22.084755	6.743152	NA
1596558	119.425	60.225	128.60519	144.639203	148.908064	20.302874	4.268861	NA
1596559	119.475	60.225	126.895619	143.64763	148.910403	22.014785	5.262773	NA
1596560	119.525	60.225	127.169808	144.432211	148.913704	21.743896	4.481493	NA
1596561	119.575	60.225	131.032575	146.168736	148.917039	17.884465	2.748303	NA
1596562	119.625	60.225	127.538928	143.542186	148.846912	21.307984	5.304726	NA
1596563	119.675	60.225	125.212937	142.415702	148.849796	23.636859	6.434094	NA
1596564	119.725	60.225	127.400441	144.425913	148.855342	21.454901	4.429428	NA
1596565	119.775	60.225	131.901182	147.580181	148.861468	16.960286	1.281287	NA
1596566	119.825	60.225	NA	NA	148.8652	NA	NA	NA
1596567	119.875	60.225	127.915914	143.68886	148.86819	20.952276	5.179331	NA
1596568	119.925	60.225	123.478536	132.071471	141.321453	17.842917	9.249982	NA
1596569	119.975	60.225	124.965502	139.720105	136.484146	11.518644	-3.235959	NA
1596570	120.025	60.225	127.243662	143.867263	148.878358	21.634695	5.011094	NA
1596571	120.075	60.225	125.216316	141.603105	148.89302	23.676704	7.289916	NA
1602259	78.475	60.175	124.940724	122.734406	136.442152	11.501429	13.707746	NA
1602260	78.525	60.175	NA	NA	136.303659	NA	NA	NA
1602262	78.625	60.175	125.033534	122.833818	141.34103	16.307496	18.507212	NA
1602263	78.675	60.175	125.119568	122.67636	141.306123	16.186555	18.629763	NA
1602264	78.725	60.175	125.080982	122.801874	136.580206	11.499224	13.778332	NA
1603075	119.275	60.175	126.04999	142.965427	148.892068	22.842078	5.926641	NA
1603076	119.325	60.175	126.646014	142.986314	148.897665	22.251651	5.911351	NA
1603077	119.375	60.175	126.312514	139.157542	140.197078	13.884563	1.039535	NA
1603088	119.925	60.175	123.478536	132.071471	148.870094	25.391558	16.798622	NA
1603089	119.975	60.175	124.965502	139.720105	148.871747	23.906245	9.151642	NA
1608784	78.725	60.125	125.395931	122.760283	141.292454	15.896523	18.532171	NA
1608785	78.775	60.125	125.482962	122.968365	141.255944	15.772983	18.28758	NA
1608786	78.825	60.125	125.979534	123.155634	138.524572	12.545039	15.368939	NA
1608787	78.875	60.125	125.330619	122.789633	138.497998	13.167379	15.708365	NA
1608788	78.925	60.125	125.05503	122.880609	138.512996	13.457965	15.632387	NA
1609594	119.225	60.125	127.248702	141.616399	148.88262	21.633917	7.26622	NA
1609595	119.275	60.125	125.540733	137.321041	148.888057	23.347324	11.567016	NA
1615306	78.825	60.075	125.047647	122.955381	141.256807	16.20916	18.301426	NA
1615307	78.875	60.075	125.173448	122.894726	141.226668	16.05322	18.331942	NA
1615308	78.925	60.075	125.072122	122.620001	141.210188	16.138066	18.590187	NA
1616113	119.175	60.075	125.329532	137.9255	148.905802	23.57627	10.980302	NA
1616114	119.225	60.075	NA	NA	140.146845	NA	NA	NA
1621828	78.925	60.025	125.074868	122.614372	135.893103	10.818235	13.27873	NA
1621829	78.975	60.025	125.365241	122.774115	141.202119	15.836878	18.428004	NA
1621830	79.025	60.025	125.286693	122.788952	141.17235	15.885657	18.383398	NA
1621831	79.075	60.025	125.126501	122.784679	141.156399	16.029897	18.37172	NA
1622631	119.075	60.025	NA	NA	148.890204	NA	NA	NA
1622632	119.125	60.025	125.739932	138.255312	148.897257	23.157324	10.641944	NA
1622633	119.175	60.025	NA	NA	142.405215	NA	NA	NA
1628348	78.925	59.975	NA	NA	141.126452	NA	NA	NA
1628349	78.975	59.975	125.349027	123.079717	141.137151	15.788125	18.057435	NA
1628350	79.025	59.975	125.379284	123.327015	141.151775	15.772491	17.824761	NA
1629149	118.975	59.975	127.453183	141.536953	148.883754	21.430571	7.346801	NA
1629150	119.025	59.975	127.345834	142.048144	148.885224	21.53939	6.837079	NA
1629151	119.075	59.975	125.094018	128.018319	148.888798	23.79478	20.870479	NA
1634869	78.975	59.925	125.309648	122.957375	141.113951	15.804303	18.156576	NA
1635662	118.625	59.925	123.785849	139.598923	140.85315	17.067301	1.254227	NA
1635663	118.675	59.925	126.783213	142.308983	148.858446	22.075233	6.549463	NA
1635664	118.725	59.925	128.349552	143.569937	148.863252	20.5137	5.293315	NA
1635665	118.775	59.925	125.981258	138.482341	148.86613	22.884872	10.383789	NA
1635666	118.825	59.925	125.961908	139.716559	148.872843	22.910935	9.156284	NA
1635667	118.875	59.925	128.681021	144.507724	148.874485	20.193463	4.366761	NA
1635668	118.925	59.925	126.774703	141.354435	148.876567	22.101864	7.522132	NA
1635669	118.975	59.925	126.782681	137.190234	148.88118	22.098499	11.690947	NA
1641389	78.975	59.875	125.350706	122.837706	141.082313	15.731607	18.244607	NA
1641390	79.025	59.875	125.426696	123.091941	141.054978	15.628283	17.963038	NA
1642180	118.525	59.875	125.519089	138.427875	148.849039	23.32995	10.421164	NA
1642181	118.575	59.875	125.7803	133.512149	148.853694	23.073394	15.341545	NA
1642182	118.625	59.875	124.189256	139.548712	148.856764	24.667508	9.308052	NA
1647910	79.025	59.825	125.448723	123.057324	141.045096	15.596373	17.987772	NA
1647911	79.075	59.825	125.386906	122.850669	141.018572	15.631666	18.167903	NA
1647912	79.125	59.825	125.409234	122.864273	141.009782	15.600548	18.145509	NA
1648700	118.525	59.825	125.194472	132.723029	148.851736	23.657265	16.128707	NA
1654432	79.125	59.775	125.324294	122.832629	133.883548	8.559253	11.050918	NA
1654433	79.175	59.775	125.454085	123.011757	141.015466	15.56138	18.003708	NA
1660952	79.125	59.725	125.262792	122.927373	131.778258	6.515465	8.850885	NA
1660953	79.175	59.725	125.260969	122.995998	140.979146	15.718177	17.983148	NA
1667472	79.125	59.675	125.37805	123.272444	140.949274	15.571224	17.67683	NA
1667473	79.175	59.675	125.254148	123.415545	140.919306	15.665158	17.503761	NA
1673993	79.175	59.625	125.25784	123.43202	134.097852	8.840012	10.665832	NA
1673994	79.225	59.625	125.086506	123.04467	140.905085	15.818579	17.860415	NA
1680514	79.225	59.575	NA	NA	133.620669	NA	NA	NA
1680515	79.275	59.575	125.094463	122.931099	140.872339	15.777876	17.94124	NA
1694036	103.325	59.475	NA	NA	141.280768	NA	NA	NA
1726651	104.075	59.225	NA	NA	141.595963	NA	NA	NA
1733171	104.075	59.175	NA	NA	141.573935	NA	NA	NA
1733172	104.125	59.175	NA	NA	139.674696	NA	NA	NA
1733329	111.975	59.175	124.934498	124.487245	146.458618	21.524121	21.971373	NA
1733330	112.025	59.175	124.537383	120.692528	146.459176	21.921793	25.766648	NA
1733331	112.075	59.175	125.098937	137.029058	146.461688	21.36275	9.43263	NA
1733332	112.125	59.175	126.74272	138.078962	146.458275	19.715555	8.379313	NA
1733333	112.175	59.175	125.989013	129.338521	146.464145	20.475132	17.125624	NA
1739692	104.125	59.125	NA	NA	139.592487	NA	NA	NA
1739693	104.175	59.125	NA	NA	140.377596	NA	NA	NA
1746213	104.175	59.075	NA	NA	141.524047	NA	NA	NA
1746214	104.225	59.075	NA	NA	141.516149	NA	NA	NA
1752734	104.225	59.025	NA	NA	141.515036	NA	NA	NA
1752735	104.275	59.025	NA	NA	141.5104	NA	NA	NA
1765718	101.425	58.925	132.01306	123.76233	126.505399	-5.50766	2.743069	NA
1765719	101.475	58.925	NA	NA	124.605473	NA	NA	NA
1765720	101.525	58.925	NA	NA	121.081949	NA	NA	NA
1765721	101.575	58.925	NA	NA	126.503569	NA	NA	NA
1765722	101.625	58.925	132.425359	123.705293	126.499541	-5.925817	2.794248	NA
1765723	101.675	58.925	131.502591	124.051318	126.496982	-5.005609	2.445663	NA
1765724	101.725	58.925	NA	NA	126.498092	NA	NA	NA
1765776	104.325	58.925	NA	NA	139.880655	NA	NA	NA
1765918	111.425	58.925	NA	NA	146.687735	NA	NA	NA
1772296	104.325	58.875	NA	NA	139.736846	NA	NA	NA
1772297	104.375	58.875	NA	NA	141.393136	NA	NA	NA
1778778	102.425	58.825	131.993834	123.75945	126.464148	-5.529686	2.704698	NA
1778779	102.475	58.825	128.326631	123.732557	126.465528	-1.861103	2.732972	NA
1778780	102.525	58.825	126.931701	123.653817	138.402956	11.471255	14.749139	NA
1778815	104.275	58.825	NA	NA	141.307723	NA	NA	NA
1778816	104.325	58.825	NA	NA	141.32924	NA	NA	NA
1778817	104.375	58.825	NA	NA	141.377278	NA	NA	NA
1785301	102.575	58.775	131.25542	124.239219	125.88338	-5.372039	1.644162	NA
1785334	104.225	58.775	NA	NA	141.298842	NA	NA	NA
1785335	104.275	58.775	NA	NA	141.877548	NA	NA	NA
1785474	111.225	58.775	124.898774	127.679279	146.761543	21.862769	19.082263	NA
1791854	104.225	58.725	NA	NA	141.32625	NA	NA	NA
1791855	104.275	58.725	NA	NA	141.305046	NA	NA	NA
1791856	104.325	58.725	NA	NA	141.288238	NA	NA	NA
1791857	104.375	58.725	NA	NA	141.274919	NA	NA	NA
1791987	110.875	58.725	NA	NA	146.74141	NA	NA	NA
1791988	110.925	58.725	NA	NA	146.750754	NA	NA	NA
1791989	110.975	58.725	NA	NA	146.777427	NA	NA	NA
1791990	111.025	58.725	NA	NA	146.785363	NA	NA	NA
1791991	111.075	58.725	NA	NA	133.534462	NA	NA	NA
1791992	111.125	58.725	125.044784	128.662542	146.789936	21.745152	18.127394	NA
1791993	111.175	58.725	126.254349	137.090203	146.749125	20.494777	9.658922	NA
1791994	111.225	58.725	125.302375	129.085656	146.754261	21.451885	17.668605	NA
1794009	-114.025	58.675	123.842193	133.83895	132.045871	8.203677	-1.793079	NA
1794010	-113.975	58.675	123.771638	134.548135	132.049923	8.278284	-2.498213	NA
1794011	-113.925	58.675	123.434482	136.367871	132.054759	8.620276	-4.313113	NA
1798272	99.125	58.675	NA	NA	128.879364	NA	NA	NA
1798377	104.375	58.675	NA	NA	141.218879	NA	NA	NA
1798498	110.425	58.675	NA	NA	146.841294	NA	NA	NA
1798499	110.475	58.675	NA	NA	146.842164	NA	NA	NA
1798500	110.525	58.675	125.2474	134.123824	146.719176	21.471777	12.595353	NA
1798502	110.625	58.675	NA	NA	146.724233	NA	NA	NA
1798503	110.675	58.675	125.906526	133.553656	146.728904	20.822378	13.175249	NA
1798504	110.725	58.675	125.490299	127.716655	146.728642	21.238343	19.011987	NA
1798505	110.775	58.675	125.43117	134.255318	146.731984	21.300814	12.476666	NA
1798506	110.825	58.675	125.101524	134.085574	133.621386	8.519862	-0.464188	NA
1798508	110.925	58.675	125.917988	131.22099	146.754749	20.836762	15.533759	NA
1800524	-114.275	58.625	123.633165	132.498526	132.029436	8.396271	-0.46909	NA
1800525	-114.225	58.625	123.415176	134.399219	132.031683	8.616507	-2.367536	NA
1800526	-114.175	58.625	123.181187	134.618866	132.033257	8.85207	-2.585609	NA
1800527	-114.125	58.625	123.513845	134.605092	132.036746	8.522901	-2.568346	NA
1800528	-114.075	58.625	123.57852	134.612799	132.042259	8.46374	-2.57054	NA
1800529	-114.025	58.625	123.842193	133.83895	123.100184	-0.74201	-10.738766	NA
1804796	99.325	58.625	132.069435	123.75939	125.573349	-6.496086	1.813959	NA
1804797	99.375	58.625	133.66825	123.524311	126.937408	-6.730843	3.413096	NA
1804897	104.375	58.625	NA	NA	141.301099	NA	NA	NA
1804898	104.425	58.625	NA	NA	141.179103	NA	NA	NA
1805014	110.225	58.625	126.453687	134.823075	146.856592	20.402904	12.033517	NA
1805015	110.275	58.625	126.36864	135.037482	146.856741	20.488101	11.819258	NA
1805016	110.325	58.625	125.330984	126.934515	146.860186	21.529202	19.925671	NA
1805017	110.375	58.625	125.404131	126.386118	146.859595	21.455463	20.473476	NA
1805018	110.425	58.625	NA	NA	146.857604	NA	NA	NA
1805020	110.525	58.625	125.2474	134.123824	146.722526	21.475126	12.598702	NA
1805021	110.575	58.625	125.889138	138.544256	146.730752	20.841613	8.186495	NA
1805022	110.625	58.625	NA	NA	134.544828	NA	NA	NA
1805026	110.825	58.625	125.101524	134.085574	146.732542	21.631018	12.646968	NA
1805027	110.875	58.625	126.308456	138.276654	146.7436	20.435144	8.466945	NA
1805028	110.925	58.625	NA	NA	135.831397	NA	NA	NA
1807040	-114.475	58.575	124.244907	132.077994	132.004732	7.759825	-0.073262	NA
1807041	-114.425	58.575	NA	NA	134.574827	NA	NA	NA
1807042	-114.375	58.575	123.911638	134.98906	132.019254	8.107616	-2.969805	NA
1807043	-114.325	58.575	124.837618	135.34118	132.02124	7.183622	-3.31994	NA
1807044	-114.275	58.575	123.515125	132.344119	132.026606	8.511482	-0.317512	NA
1811317	99.375	58.575	NA	NA	125.89767	NA	NA	NA
1811318	99.425	58.575	132.20598	123.998617	126.937545	-5.268436	2.938928	NA
1811319	99.475	58.575	132.61508	123.915667	126.935864	-5.679216	3.020197	NA
1811338	100.425	58.575	131.46212	123.955896	126.604336	-4.857783	2.648441	NA
1811417	104.375	58.575	NA	NA	140.98935	NA	NA	NA
1811531	110.075	58.575	NA	NA	133.906207	NA	NA	NA
1811532	110.125	58.575	NA	NA	146.903008	NA	NA	NA
1811533	110.175	58.575	127.803611	130.196616	146.906727	19.103116	16.710111	NA
1811534	110.225	58.575	NA	NA	134.475306	NA	NA	NA
1813558	-114.575	58.525	123.153047	134.912964	120.814282	-2.338765	-14.098682	NA
1813559	-114.525	58.525	123.571211	133.850658	131.99568	8.424468	-1.854979	NA
1813560	-114.475	58.525	124.244907	132.077994	120.019752	-4.225155	-12.058242	NA
1813561	-114.425	58.525	NA	NA	132.011393	NA	NA	NA
1813562	-114.375	58.525	123.911638	134.98906	121.534707	-2.376931	-13.454353	NA
1817762	95.625	58.525	134.056054	123.931594	128.543311	-5.512743	4.611717	NA
1817763	95.675	58.525	132.675047	123.719426	128.537591	-4.137456	4.818164	NA
1817764	95.725	58.525	130.69821	124.476072	128.532921	-2.165289	4.056849	NA
1817765	95.775	58.525	133.523688	124.329531	128.530346	-4.993342	4.200815	NA
1817766	95.825	58.525	131.581946	124.619559	128.528973	-3.052973	3.909414	NA
1817767	95.875	58.525	131.903484	123.890557	128.526779	-3.376705	4.636222	NA
1817768	95.925	58.525	128.225571	123.764329	128.116858	-0.108713	4.352529	NA
1817769	95.975	58.525	129.532545	123.23737	128.115279	-1.417266	4.877909	NA
1817770	96.025	58.525	132.547476	124.23401	128.108428	-4.439048	3.874419	NA
1817771	96.075	58.525	132.562411	124.162484	128.106816	-4.455595	3.944332	NA
1817772	96.125	58.525	132.079791	124.860191	128.103009	-3.976783	3.242818	NA
1817774	96.225	58.525	131.831695	124.908867	131.151799	-0.679896	6.242932	NA
1817775	96.275	58.525	133.02722	124.771649	128.068917	-4.958303	3.297268	NA
1817776	96.325	58.525	133.48691	124.556138	128.059684	-5.427227	3.503546	NA
1817779	96.475	58.525	131.275589	124.618985	128.053581	-3.222009	3.434595	NA
1817780	96.525	58.525	133.291635	124.274233	128.052215	-5.23942	3.777982	NA
1817781	96.575	58.525	129.978971	123.688887	128.051142	-1.92783	4.362254	NA
1817839	99.475	58.525	132.720074	123.881011	123.243424	-9.47665	-0.637587	NA
1817840	99.525	58.525	132.952202	123.449795	126.937063	-6.015139	3.487267	NA
1817841	99.575	58.525	133.252529	123.263822	126.930937	-6.321592	3.667115	NA
1817842	99.625	58.525	134.023756	124.370455	126.932295	-7.091461	2.56184	NA
1817843	99.675	58.525	133.45235	123.298247	126.92008	-6.53227	3.621834	NA
1817858	100.425	58.525	131.215067	123.846277	126.610409	-4.604658	2.764132	NA
1820051	-115.925	58.475	123.796234	138.364845	131.820894	8.02466	-6.543951	NA
1820052	-115.875	58.475	123.622589	136.055207	131.822595	8.200006	-4.232611	NA
1820053	-115.825	58.475	123.238519	133.334844	131.828992	8.590474	-1.505852	NA
1820078	-114.575	58.475	123.272078	134.949383	131.986755	8.714678	-2.962627	NA
1824280	95.525	58.475	NA	NA	128.555604	NA	NA	NA
1824292	96.125	58.475	132.079791	124.860191	128.101501	-3.97829	3.24131	NA
1824293	96.175	58.475	128.434233	124.824304	128.096164	-0.338069	3.27186	NA
1824294	96.225	58.475	131.831695	124.908867	128.093715	-3.73798	3.184847	NA
1824301	96.575	58.475	129.978971	123.688887	129.522631	-0.45634	5.833744	NA
1824302	96.625	58.475	129.837362	123.239578	128.594427	-1.242936	5.354848	NA
1824303	96.675	58.475	132.900361	123.9081	128.048327	-4.852034	4.140227	NA
1824304	96.725	58.475	129.169826	123.027141	128.044099	-1.125727	5.016958	NA
1824305	96.775	58.475	131.252068	124.170144	128.04148	-3.210588	3.871336	NA
1824306	96.825	58.475	130.940805	125.209913	127.756146	-3.18466	2.546233	NA
1824307	96.875	58.475	NA	NA	127.755702	NA	NA	NA
1824341	98.575	58.475	127.206842	123.992909	127.684249	0.477407	3.69134	NA
1824342	98.625	58.475	128.0543	123.045224	127.609934	-0.444366	4.56471	NA
1824378	100.425	58.475	131.071561	123.818081	134.983078	3.911517	11.164997	NA
1826566	-116.175	58.425	NA	NA	131.814733	NA	NA	NA
1826567	-116.125	58.425	NA	NA	131.817246	NA	NA	NA
1826570	-115.975	58.425	123.6919	136.929672	131.823574	8.131673	-5.106098	NA
1826571	-115.925	58.425	NA	NA	121.551494	NA	NA	NA
1826573	-115.825	58.425	123.406128	134.713243	120.968885	-2.437243	-13.744358	NA
1826574	-115.775	58.425	123.24466	133.899528	131.839395	8.594735	-2.060133	NA
1826575	-115.725	58.425	123.446902	133.567464	121.513064	-1.933838	-12.0544	NA
1826577	-115.625	58.425	123.621874	133.481754	126.588205	2.966331	-6.893549	NA
1826578	-115.575	58.425	123.965612	134.190458	131.866871	7.90126	-2.323587	NA
1826579	-115.525	58.425	123.192397	133.959457	131.869124	8.676727	-2.090333	NA
1826580	-115.475	58.425	123.466958	132.885565	131.875066	8.408108	-1.0105	NA
1826593	-114.825	58.425	NA	NA	122.479479	NA	NA	NA
1826594	-114.775	58.425	123.267284	135.2984	131.960532	8.693248	-3.337867	NA
1826595	-114.725	58.425	123.617442	135.547984	131.967459	8.350017	-3.580525	NA
1826596	-114.675	58.425	123.707238	135.632312	131.970547	8.263309	-3.661765	NA
1826597	-114.625	58.425	123.686451	135.386804	131.978496	8.292045	-3.408308	NA
1826598	-114.575	58.425	NA	NA	122.777943	NA	NA	NA
1830797	95.375	58.425	134.06033	124.243218	128.589109	-5.471221	4.345892	NA
1830798	95.425	58.425	132.634441	123.771559	128.581808	-4.052634	4.810249	NA
1830827	96.875	58.425	129.137299	124.619504	127.753538	-1.383761	3.134034	NA
1830828	96.925	58.425	131.056447	124.1505	126.625537	-4.430911	2.475037	NA
1830831	97.075	58.425	130.385532	125.045949	120.369988	-10.015543	-4.675961	NA
1830832	97.125	58.425	131.801579	124.59769	127.736825	-4.064754	3.139135	NA
1830833	97.175	58.425	131.90856	124.134899	127.734045	-4.174515	3.599146	NA
1830834	97.225	58.425	132.788623	124.649827	127.733067	-5.055556	3.08324	NA
1830835	97.275	58.425	131.43998	124.632269	127.732241	-3.70774	3.099972	NA
1830836	97.325	58.425	128.504422	123.825749	127.730408	-0.774014	3.904659	NA
1830838	97.425	58.425	130.518188	124.38998	126.518155	-4.000032	2.128176	NA
1830839	97.475	58.425	128.958346	124.668722	127.291827	-1.666519	2.623104	NA
1830840	97.525	58.425	129.45056	124.376326	122.67981	-6.77075	-1.696516	NA
1830856	98.325	58.425	128.225357	124.402852	127.68904	-0.536317	3.286188	NA
1830857	98.375	58.425	129.800269	124.717805	127.688122	-2.112147	2.970317	NA
1830858	98.425	58.425	128.424246	125.45225	127.687166	-0.737081	2.234915	NA
1830859	98.475	58.425	126.771185	124.867337	127.685436	0.914251	2.818099	NA
1830860	98.525	58.425	127.394078	123.646066	127.685197	0.291119	4.039131	NA
1830861	98.575	58.425	NA	NA	129.536183	NA	NA	NA
1830888	99.925	58.425	126.593037	123.245571	126.237429	-0.355608	2.991858	NA
1830889	99.975	58.425	131.521338	124.060336	126.920689	-4.600649	2.860353	NA
1830899	100.475	58.425	130.155475	123.899728	126.614464	-3.541011	2.714736	NA
1831024	106.725	58.425	NA	NA	136.568129	NA	NA	NA
1831025	106.775	58.425	NA	NA	136.513535	NA	NA	NA
1831026	106.825	58.425	NA	NA	136.501298	NA	NA	NA
1833085	-116.225	58.375	123.728842	137.375731	131.811805	8.082963	-5.563926	NA
1833086	-116.175	58.375	123.693096	138.607598	114.661513	-9.031583	-23.946085	NA
1833087	-116.125	58.375	NA	NA	122.751684	NA	NA	NA
1833088	-116.075	58.375	123.554015	136.397902	131.818715	8.2647	-4.579187	NA
1833089	-116.025	58.375	NA	NA	131.820002	NA	NA	NA
1833090	-115.975	58.375	NA	NA	122.531878	NA	NA	NA
1833095	-115.725	58.375	123.422794	133.788162	131.841581	8.418787	-1.946581	NA
1833096	-115.675	58.375	NA	NA	131.848388	NA	NA	NA
1833097	-115.625	58.375	123.621874	133.481754	131.864199	8.242325	-1.617555	NA
1833100	-115.475	58.375	NA	NA	121.433156	NA	NA	NA
1833101	-115.425	58.375	123.255722	133.320497	131.877486	8.621765	-1.44301	NA
1833102	-115.375	58.375	123.43905	134.128988	131.879558	8.440508	-2.24943	NA
1833103	-115.325	58.375	123.378557	134.740399	131.914911	8.536355	-2.825488	NA
1833104	-115.275	58.375	123.042371	134.403126	131.917853	8.875482	-2.485273	NA
1833105	-115.225	58.375	122.900595	134.164344	131.921236	9.020641	-2.243108	NA
1833106	-115.175	58.375	123.175619	135.128912	131.925909	8.75029	-3.203003	NA
1833107	-115.125	58.375	123.275932	134.79256	131.934333	8.658402	-2.858227	NA
1833108	-115.075	58.375	123.651995	135.046815	131.940667	8.288671	-3.106149	NA
1833109	-115.025	58.375	123.487294	135.015493	131.944505	8.45721	-3.070989	NA
1833110	-114.975	58.375	123.027621	134.956762	131.947551	8.91993	-3.009211	NA
1833111	-114.925	58.375	123.340026	132.842935	131.954619	8.614593	-0.888316	NA
1833112	-114.875	58.375	123.428788	134.521953	131.95842	8.529632	-2.563533	NA
1833113	-114.825	58.375	123.488234	135.643395	131.964554	8.47632	-3.678841	NA
1837315	95.275	58.375	130.686596	124.651403	132.73428	2.047683	8.082876	NA
1837348	96.925	58.375	131.961979	124.397627	127.743538	-4.218441	3.345911	NA
1837349	96.975	58.375	129.461857	124.534523	127.740828	-1.721029	3.206305	NA
1837350	97.025	58.375	126.386511	124.529744	127.739563	1.353052	3.20982	NA
1837351	97.075	58.375	130.019937	125.034961	127.736828	-2.283109	2.701867	NA
1837356	97.325	58.375	128.504422	123.825749	126.431094	-2.073328	2.605345	NA
1837357	97.375	58.375	131.080177	124.274628	127.729818	-3.35036	3.455189	NA
1837358	97.425	58.375	130.518188	124.38998	127.726636	-2.791552	3.336657	NA
1837360	97.525	58.375	129.45056	124.376326	127.723891	-1.726668	3.347565	NA
1837361	97.575	58.375	129.358045	123.347822	127.723012	-1.635033	4.37519	NA
1837362	97.625	58.375	129.61628	123.620295	127.722377	-1.893903	4.102082	NA
1837363	97.675	58.375	129.55944	123.746128	127.721565	-1.837875	3.975437	NA
1837364	97.725	58.375	129.404813	123.943064	127.720422	-1.684391	3.777358	NA
1837409	99.975	58.375	132.80013	123.72296	126.915903	-5.884227	3.192942	NA
1837410	100.025	58.375	129.466476	123.876014	133.282509	3.816034	9.406495	NA
1837543	106.675	58.375	NA	NA	136.73134	NA	NA	NA
1837544	106.725	58.375	NA	NA	136.666026	NA	NA	NA
1837545	106.775	58.375	NA	NA	136.482713	NA	NA	NA
1837546	106.825	58.375	NA	NA	133.61451	NA	NA	NA
1839599	-116.525	58.325	123.990393	135.322751	131.799469	7.809076	-3.523281	NA
1839600	-116.475	58.325	NA	NA	121.486746	NA	NA	NA
1839602	-116.375	58.325	123.848469	137.904957	131.804892	7.956423	-6.100065	NA
1839603	-116.325	58.325	123.966179	135.693804	131.805839	7.839661	-3.887964	NA
1839604	-116.275	58.325	124.088925	138.166063	131.80813	7.719205	-6.357933	NA
1839605	-116.225	58.325	124.359099	134.80101	122.629863	-1.729236	-12.171147	NA
1843930	100.025	58.325	132.377207	123.827182	126.9175	-5.459707	3.090319	NA
1843931	100.075	58.325	130.627879	123.788736	126.915619	-3.712261	3.126883	NA
1843932	100.125	58.325	134.649997	123.534112	126.916054	-7.733943	3.381943	NA
1843933	100.175	58.325	131.236973	123.706475	126.910789	-4.326184	3.204314	NA
1844058	106.425	58.325	NA	NA	136.725407	NA	NA	NA
1844059	106.475	58.325	NA	NA	136.729411	NA	NA	NA
1844060	106.525	58.325	NA	NA	136.64005	NA	NA	NA
1844061	106.575	58.325	NA	NA	136.647176	NA	NA	NA
1844062	106.625	58.325	NA	NA	136.645131	NA	NA	NA
1844063	106.675	58.325	NA	NA	136.65675	NA	NA	NA
1844064	106.725	58.325	NA	NA	136.662261	NA	NA	NA
1846116	-116.675	58.275	NA	NA	131.796694	NA	NA	NA
1846117	-116.625	58.275	NA	NA	131.797129	NA	NA	NA
1846118	-116.575	58.275	123.442956	134.628671	131.798111	8.355155	-2.83056	NA
1846119	-116.525	58.275	123.990393	135.322751	131.799636	7.809243	-3.523114	NA
1846120	-116.475	58.275	123.297143	136.40493	131.801095	8.503951	-4.603835	NA
1846121	-116.425	58.275	123.623569	136.663787	131.801951	8.178382	-4.861836	NA
1846122	-116.375	58.275	123.848362	138.097073	131.803014	7.954652	-6.294059	NA
1850576	106.325	58.275	NA	NA	136.615784	NA	NA	NA
1850577	106.375	58.275	NA	NA	136.619313	NA	NA	NA
1850578	106.425	58.275	NA	NA	136.717524	NA	NA	NA
1850634	109.225	58.275	124.518753	123.331876	135.05873	10.539977	11.726854	NA
1850641	109.575	58.275	125.405156	130.984197	147.34915	21.943994	16.364953	NA
1850642	109.625	58.275	125.138742	136.376263	147.37385	22.235108	10.997587	NA
1852636	-116.675	58.225	124.151509	133.421586	131.793169	7.64166	-1.628417	NA
1852637	-116.625	58.225	123.768006	135.114278	131.792802	8.024795	-3.321476	NA
1852638	-116.575	58.225	123.56864	133.632561	131.789611	8.220972	-1.84295	NA
1852640	-116.475	58.225	123.351996	135.98379	131.801654	8.449658	-4.182136	NA
1852641	-116.425	58.225	123.58639	136.414907	122.405273	-1.181117	-14.009634	NA
1857090	106.025	58.225	NA	NA	136.673942	NA	NA	NA
1857091	106.075	58.225	NA	NA	136.654028	NA	NA	NA
1857092	106.125	58.225	NA	NA	136.734823	NA	NA	NA
1857093	106.175	58.225	NA	NA	136.759073	NA	NA	NA
1857094	106.225	58.225	NA	NA	132.329598	NA	NA	NA
1857095	106.275	58.225	NA	NA	136.646236	NA	NA	NA
1857096	106.325	58.225	NA	NA	136.639745	NA	NA	NA
1857151	109.075	58.225	124.609274	131.375682	134.79941	10.190136	3.423729	NA
1857154	109.225	58.225	124.5882	124.585549	147.26068	22.67248	22.67513	NA
1857155	109.275	58.225	124.89371	131.233764	147.261939	22.368229	16.028176	NA
1857156	109.325	58.225	125.873913	136.850536	147.267528	21.393615	10.416992	NA
1857159	109.475	58.225	NA	NA	147.057735	NA	NA	NA
1857160	109.525	58.225	125.652471	132.886073	147.053245	21.400774	14.167172	NA
1857161	109.575	58.225	125.405156	130.984197	147.347917	21.942761	16.36372	NA
1859157	-116.625	58.175	124.097894	132.848677	131.78969	7.691796	-1.058987	NA
1859158	-116.575	58.175	123.877759	133.844711	131.787378	7.909619	-2.057333	NA
1863612	106.125	58.175	NA	NA	136.69245	NA	NA	NA
1863613	106.175	58.175	NA	NA	136.733738	NA	NA	NA
1863614	106.225	58.175	NA	NA	136.786318	NA	NA	NA
1863668	108.925	58.175	124.842836	137.650267	147.49712	22.654284	9.846853	NA
1863669	108.975	58.175	124.769033	125.260623	147.502768	22.733735	22.242145	NA
1863676	109.325	58.175	NA	NA	147.058503	NA	NA	NA
1863677	109.375	58.175	NA	NA	147.060878	NA	NA	NA
1863678	109.425	58.175	NA	NA	147.05604	NA	NA	NA
1863679	109.475	58.175	NA	NA	137.956916	NA	NA	NA
1865671	-116.925	58.125	123.615254	134.053034	131.793234	8.177979	-2.2598	NA
1865672	-116.875	58.125	123.273662	132.994694	131.79615	8.522488	-1.198544	NA
1865678	-116.575	58.125	123.465259	134.173573	122.13473	-1.330529	-12.038843	NA
1865679	-116.525	58.125	123.782317	134.369946	131.787052	8.004735	-2.582894	NA
1869882	93.625	58.125	128.881288	124.355245	131.655072	2.773784	7.299827	NA
1869883	93.675	58.125	130.945493	124.500714	131.651116	0.705623	7.150403	NA
1869884	93.725	58.125	128.169036	124.443772	131.64689	3.477854	7.203119	NA
1869885	93.775	58.125	132.910108	124.460817	131.644889	-1.265219	7.184071	NA
1869886	93.825	58.125	131.402458	124.515366	131.64321	0.240752	7.127844	NA
1869887	93.875	58.125	129.034451	124.23425	128.847886	-0.186565	4.613636	NA
1869889	93.975	58.125	135.886918	124.376012	128.825425	-7.061493	4.449413	NA
1869890	94.025	58.125	136.261849	123.779451	128.824102	-7.437747	5.044651	NA
1869891	94.075	58.125	134.960843	124.021757	128.8221	-6.138743	4.800344	NA
1869892	94.125	58.125	134.183361	123.777996	128.76431	-5.419051	4.986314	NA
1869893	94.175	58.125	135.565256	123.333031	128.752138	-6.813118	5.419107	NA
1869894	94.225	58.125	136.219644	122.955603	128.748586	-7.471058	5.792984	NA
1869895	94.275	58.125	133.671158	123.879398	128.746111	-4.925047	4.866713	NA
1869896	94.325	58.125	134.053677	123.769892	128.744367	-5.30931	4.974475	NA
1869897	94.375	58.125	134.676367	124.051475	128.742578	-5.933789	4.691103	NA
1869898	94.425	58.125	134.026086	124.018714	128.726473	-5.299613	4.707759	NA
1869899	94.475	58.125	128.847844	124.225936	128.724633	-0.123211	4.498697	NA
1870186	108.825	58.125	124.273675	140.629495	147.492293	23.218618	6.862798	NA
1870187	108.875	58.125	124.543999	139.923708	147.492823	22.948824	7.569115	NA
1870188	108.925	58.125	124.842836	137.650267	147.496945	22.654109	9.846678	NA
1872188	-117.075	58.075	123.680404	133.326205	118.557888	-5.122516	-14.768317	NA
1872189	-117.025	58.075	122.988556	133.042897	131.788744	8.800188	-1.254153	NA
1872190	-116.975	58.075	123.786607	134.370543	131.789195	8.002588	-2.581348	NA
1872191	-116.925	58.075	124.242614	133.972105	131.791927	7.549313	-2.180178	NA
1872192	-116.875	58.075	NA	NA	122.808429	NA	NA	NA
1872193	-116.825	58.075	123.593423	134.124285	131.789978	8.196554	-2.334308	NA
1872194	-116.775	58.075	123.822794	132.917834	131.788628	7.965834	-1.129206	NA
1872195	-116.725	58.075	123.34422	134.296896	131.789831	8.445611	-2.507066	NA
1872196	-116.675	58.075	124.184992	133.818384	131.789063	7.604071	-2.029321	NA
1872197	-116.625	58.075	NA	NA	131.789676	NA	NA	NA
1872198	-116.575	58.075	123.642902	136.384896	131.795362	8.15246	-4.589534	NA
1872302	-111.375	58.075	NA	NA	138.637719	NA	NA	NA
1876407	93.875	58.075	NA	NA	140.550684	NA	NA	NA
1876408	93.925	58.075	NA	NA	140.535061	NA	NA	NA
1876409	93.975	58.075	NA	NA	140.544898	NA	NA	NA
1876704	108.725	58.075	124.726087	134.077155	147.553542	22.827454	13.476387	NA
1876705	108.775	58.075	NA	NA	133.468448	NA	NA	NA
1878707	-117.125	58.025	124.14639	133.56619	131.784602	7.638212	-1.781588	NA
1878708	-117.075	58.025	123.680404	133.326205	131.788806	8.108402	-1.537399	NA
1878822	-111.375	58.025	NA	NA	138.638405	NA	NA	NA
1878823	-111.325	58.025	124.789047	133.973478	138.63033	13.841283	4.656851	NA
1885226	-117.175	57.975	123.587632	133.687774	119.829673	-3.757958	-13.858101	NA
1885227	-117.125	57.975	123.283313	134.939399	131.783651	8.500338	-3.155748	NA
1885341	-111.425	57.975	124.460918	133.97504	138.681253	14.220336	4.706213	NA
1885342	-111.375	57.975	125.028557	135.570337	138.646865	13.618308	3.076528	NA
1891746	-117.175	57.925	123.200681	134.365059	131.781584	8.580903	-2.583475	NA
1891747	-117.125	57.925	123.240773	133.986511	131.779961	8.539187	-2.20655	NA
1891748	-117.075	57.925	NA	NA	122.514117	NA	NA	NA
1891861	-111.425	57.925	124.40894	133.729849	138.684878	14.275938	4.955029	NA
1896174	104.225	57.925	NA	NA	137.986557	NA	NA	NA
1896260	108.525	57.925	124.535667	138.664892	132.194425	7.658758	-6.470466	NA
1898381	-111.425	57.875	124.543859	134.177071	138.680802	14.136943	4.503731	NA
1898382	-111.375	57.875	125.11894	136.212082	138.674654	13.555713	2.462572	NA
1902696	104.325	57.875	NA	NA	138.080723	NA	NA	NA
1902697	104.375	57.875	NA	NA	138.027799	NA	NA	NA
1902778	108.425	57.875	124.502436	134.644667	147.7071	23.204665	13.062434	NA
1904902	-111.375	57.825	124.961308	135.736025	138.669903	13.708595	2.933878	NA
1909217	104.375	57.825	NA	NA	137.982971	NA	NA	NA
1909295	108.275	57.825	NA	NA	147.695076	NA	NA	NA
1909296	108.325	57.825	NA	NA	147.695826	NA	NA	NA
1909297	108.375	57.825	NA	NA	147.700539	NA	NA	NA
1911422	-111.375	57.775	124.944471	135.208728	138.670068	13.725597	3.461339	NA
1915737	104.375	57.775	NA	NA	137.94003	NA	NA	NA
1915738	104.425	57.775	NA	NA	137.929879	NA	NA	NA
1915809	107.975	57.775	NA	NA	144.627182	NA	NA	NA
1915810	108.025	57.775	123.551767	138.598273	144.649257	21.09749	6.050984	NA
1915811	108.075	57.775	123.16518	137.604617	144.653099	21.48792	7.048483	NA
1915812	108.125	57.775	123.39821	137.616291	147.686941	24.288731	10.07065	NA
1915813	108.175	57.775	NA	NA	147.691774	NA	NA	NA
1915814	108.225	57.775	124.444173	129.182043	147.693837	23.249664	18.511794	NA
1915815	108.275	57.775	124.525715	134.057632	147.683744	23.158029	13.626111	NA
1915816	108.325	57.775	124.540813	133.355711	147.694698	23.153885	14.338987	NA
1917941	-111.425	57.725	125.023849	133.593257	124.823491	-0.200358	-8.769766	NA
1917942	-111.375	57.725	124.8516	135.054746	139.262485	14.410885	4.207739	NA
1922221	102.575	57.725	131.689923	124.42904	125.723193	-5.966729	1.294153	NA
1922222	102.625	57.725	129.13077	124.019689	125.723784	-3.406987	1.704095	NA
1922258	104.425	57.725	NA	NA	137.92346	NA	NA	NA
1922259	104.475	57.725	NA	NA	137.850492	NA	NA	NA
1922329	107.975	57.725	NA	NA	137.619117	NA	NA	NA
1922330	108.025	57.725	124.008051	135.824826	144.628217	20.620167	8.803391	NA
1924461	-111.425	57.675	124.846284	133.440475	139.248949	14.402665	5.808474	NA
1928740	102.525	57.675	130.959026	124.210697	128.282099	-2.676927	4.071402	NA
1928741	102.575	57.675	133.400306	124.747046	125.723197	-7.677109	0.976152	NA
1928779	104.475	57.675	NA	NA	137.838721	NA	NA	NA
1928780	104.525	57.675	NA	NA	137.640341	NA	NA	NA
1928845	107.775	57.675	NA	NA	144.534426	NA	NA	NA
1928846	107.825	57.675	NA	NA	144.542027	NA	NA	NA
1928847	107.875	57.675	124.306863	120.736791	144.551102	20.244239	23.814311	NA
1928848	107.925	57.675	124.155916	121.05914	144.560089	20.404172	23.500949	NA
1928849	107.975	57.675	124.112021	125.569091	144.580007	20.467986	19.010916	NA
1928850	108.025	57.675	124.350949	128.753324	144.605018	20.254069	15.851694	NA
1930980	-111.475	57.625	124.558542	133.563237	139.25817	14.699628	5.694933	NA
1930981	-111.425	57.625	124.683742	133.392209	124.110848	-0.572893	-9.28136	NA
1935259	102.475	57.625	133.212129	123.985634	124.005627	-9.206502	0.019994	NA
1935260	102.525	57.625	133.952733	123.754206	124.01076	-9.941973	0.256554	NA
1935363	107.675	57.625	124.701161	130.962481	139.554952	14.85379	8.59247	NA
1935364	107.725	57.625	124.637618	130.807268	144.486099	19.84848	13.678831	NA
1935365	107.775	57.625	NA	NA	144.527928	NA	NA	NA
1935366	107.825	57.625	NA	NA	144.427565	NA	NA	NA
1935367	107.875	57.625	NA	NA	139.384527	NA	NA	NA
1937499	-111.525	57.575	124.483988	132.710949	139.272147	14.788158	6.561198	NA
1937500	-111.475	57.575	NA	NA	124.460006	NA	NA	NA
1941778	102.425	57.575	131.00354	123.48979	124.004768	-6.998773	0.514978	NA
1941779	102.475	57.575	134.03956	123.638256	128.726252	-5.313308	5.087996	NA
1941883	107.675	57.575	124.823944	126.163996	144.487794	19.663849	18.323798	NA
1941884	107.725	57.575	123.750047	128.823891	144.46611	20.716063	15.642218	NA
1941885	107.775	57.575	NA	NA	144.453966	NA	NA	NA
1941886	107.825	57.575	NA	NA	144.444715	NA	NA	NA
1941887	107.875	57.575	NA	NA	144.412446	NA	NA	NA
1944019	-111.525	57.525	125.224437	134.082345	139.26504	14.040603	5.182695	NA
1948297	102.375	57.525	133.128764	122.979	124.006044	-9.122719	1.027045	NA
1948298	102.425	57.525	126.845053	123.221937	131.304196	4.459143	8.08226	NA
1948407	107.875	57.525	124.082364	138.961733	144.396802	20.314437	5.435069	NA
1950537	-111.625	57.475	124.145037	130.816436	124.963356	0.818319	-5.85308	NA
1950538	-111.575	57.475	124.779012	133.016999	139.261116	14.482103	6.244117	NA
1950539	-111.525	57.475	NA	NA	124.412933	NA	NA	NA
1954817	102.375	57.475	132.697967	121.819464	124.012604	-8.685363	2.19314	NA
1954923	107.675	57.475	NA	NA	140.899215	NA	NA	NA
1954924	107.725	57.475	NA	NA	144.298206	NA	NA	NA
1954925	107.775	57.475	NA	NA	144.30555	NA	NA	NA
1954926	107.825	57.475	NA	NA	144.358436	NA	NA	NA
1956775	-125.725	57.425	NA	NA	154.686954	NA	NA	NA
1956776	-125.675	57.425	NA	NA	153.66823	NA	NA	NA
1956777	-125.625	57.425	NA	NA	153.472869	NA	NA	NA
1957056	-111.675	57.425	124.226189	132.191237	126.635672	2.409484	-5.555565	NA
1957057	-111.625	57.425	124.386088	132.702845	139.276465	14.890377	6.573621	NA
1961336	102.325	57.425	131.427613	122.000329	132.107395	0.679782	10.107066	NA
1961337	102.375	57.425	131.598341	122.120128	124.016659	-7.581682	1.89653	NA
1961440	107.525	57.425	NA	NA	140.170786	NA	NA	NA
1961441	107.575	57.425	NA	NA	144.254403	NA	NA	NA
1961442	107.625	57.425	NA	NA	144.275616	NA	NA	NA
1961443	107.675	57.425	NA	NA	144.292334	NA	NA	NA
1963298	-125.575	57.375	NA	NA	153.393956	NA	NA	NA
1963576	-111.675	57.375	124.495736	133.173151	139.294898	14.799162	6.121746	NA
1967856	102.325	57.375	130.215292	121.173877	120.244851	-9.970442	-0.929026	NA
1967960	107.525	57.375	NA	NA	144.238441	NA	NA	NA
1967962	107.625	57.375	NA	NA	144.269786	NA	NA	NA
1969819	-125.525	57.325	NA	NA	127.35142	NA	NA	NA
1970096	-111.675	57.325	124.550044	132.649303	139.281742	14.731697	6.632439	NA
1974376	102.325	57.325	130.597632	122.299384	124.026228	-6.571404	1.726844	NA
1974469	106.975	57.325	NA	NA	144.181086	NA	NA	NA
1974470	107.025	57.325	NA	NA	144.185768	NA	NA	NA
1974471	107.075	57.325	NA	NA	144.190974	NA	NA	NA
1976340	-125.475	57.275	NA	NA	153.056151	NA	NA	NA
1976341	-125.425	57.275	NA	NA	153.045103	NA	NA	NA
1976616	-111.675	57.275	124.217089	130.815973	139.515493	15.298404	8.69952	NA
1976617	-111.625	57.275	NA	NA	120.791806	NA	NA	NA
1980896	102.325	57.275	129.879233	123.27222	123.949044	-5.93019	0.676824	NA
1980988	106.925	57.275	NA	NA	144.160302	NA	NA	NA
1980989	106.975	57.275	NA	NA	144.171657	NA	NA	NA
1982861	-125.425	57.225	NA	NA	152.944373	NA	NA	NA
1982862	-125.375	57.225	NA	NA	152.917666	NA	NA	NA
1983137	-111.625	57.225	124.154883	130.239788	139.509401	15.354518	9.269613	NA
1987416	102.325	57.225	129.588865	124.205573	123.955184	-5.633681	-0.250389	NA
1987507	106.875	57.225	NA	NA	144.143364	NA	NA	NA
1987508	106.925	57.225	NA	NA	144.157949	NA	NA	NA
1989382	-125.375	57.175	NA	NA	127.942314	NA	NA	NA
1989383	-125.325	57.175	NA	NA	152.814308	NA	NA	NA
1989657	-111.625	57.175	124.341119	131.598414	139.5022	15.16108	7.903786	NA
1993936	102.325	57.175	132.646006	122.837559	123.963126	-8.68288	1.125567	NA
1995904	-125.275	57.125	NA	NA	152.63265	NA	NA	NA
1995905	-125.225	57.125	NA	NA	152.586901	NA	NA	NA
1996177	-111.625	57.125	123.96156	130.720639	139.901631	15.940071	9.180992	NA
1996178	-111.575	57.125	123.702658	130.353446	140.030915	16.328256	9.677469	NA
2000456	102.325	57.125	131.642969	123.358551	123.936391	-7.706578	0.57784	NA
2002426	-125.175	57.075	NA	NA	152.510647	NA	NA	NA
2002698	-111.575	57.075	NA	NA	140.026717	NA	NA	NA
2002699	-111.525	57.075	123.861324	129.396682	140.020637	16.159313	10.623955	NA
2006976	102.325	57.075	128.628838	124.471903	123.929398	-4.69944	-0.542505	NA
2008946	-125.175	57.025	NA	NA	152.527189	NA	NA	NA
2008947	-125.125	57.025	NA	NA	152.765702	NA	NA	NA
2009219	-111.525	57.025	123.977678	128.091815	122.994394	-0.983284	-5.09742	NA
2009220	-111.475	57.025	123.26269	127.884824	140.057728	16.795038	12.172904	NA
2013482	101.625	57.025	133.201455	121.073194	123.891748	-9.309708	2.818554	NA
2013483	101.675	57.025	129.431536	123.457659	123.892827	-5.538709	0.435167	NA
2013484	101.725	57.025	127.139494	123.493889	123.893607	-3.245887	0.399718	NA
2013496	102.325	57.025	132.649779	124.653374	123.916364	-8.733415	-0.73701	NA
2013497	102.375	57.025	129.865525	124.679972	123.917185	-5.94834	-0.762787	NA
2015468	-125.075	56.975	NA	NA	152.751812	NA	NA	NA
2015740	-111.475	56.975	123.355024	127.734926	140.184778	16.829754	12.449852	NA
2015741	-111.425	56.975	123.457822	129.871145	140.195061	16.73724	10.323917	NA
2019997	101.375	56.975	129.611227	123.824227	123.907088	-5.70414	0.08286	NA
2019998	101.425	56.975	123.738933	122.771518	123.90206	0.163127	1.130543	NA
2019999	101.475	56.975	130.323144	121.700356	123.899827	-6.423316	2.199471	NA
2020000	101.525	56.975	133.301358	122.623889	123.89583	-9.405528	1.271941	NA
2020001	101.575	56.975	131.394417	121.274286	123.893314	-7.501102	2.619029	NA
2020002	101.625	56.975	132.834576	121.754758	132.884937	0.050361	11.130179	NA
2020004	101.725	56.975	127.139494	123.493889	123.892303	-3.24719	0.398415	NA
2020005	101.775	56.975	131.366416	123.914944	123.888783	-7.477633	-0.026161	NA
2020006	101.825	56.975	131.39549	123.355868	128.29316	-3.10233	4.937292	NA
2020016	102.325	56.975	131.337859	124.304524	123.906371	-7.431487	-0.398153	NA
2020017	102.375	56.975	NA	NA	123.917195	NA	NA	NA
2021990	-124.975	56.925	NA	NA	152.808551	NA	NA	NA
2022261	-111.425	56.925	123.596485	130.680473	140.184491	16.588006	9.504017	NA
2026516	101.325	56.925	127.420313	123.841307	131.606737	4.186424	7.76543	NA
2026517	101.375	56.925	128.901045	123.667402	123.909388	-4.991657	0.241986	NA
2026526	101.825	56.925	NA	NA	123.883179	NA	NA	NA
2026527	101.875	56.925	NA	NA	123.877086	NA	NA	NA
2026528	101.925	56.925	NA	NA	126.991826	NA	NA	NA
2026529	101.975	56.925	130.919091	123.157244	130.494902	-0.424189	7.337658	NA
2026536	102.325	56.925	127.947006	124.26824	123.908897	-4.038109	-0.359343	NA
2028510	-124.975	56.875	123.930141	136.362434	152.765553	28.835412	16.403119	NA
2028511	-124.925	56.875	123.709776	135.597594	152.885872	29.176095	17.288278	NA
2028781	-111.425	56.875	123.779942	131.057505	140.232581	16.452639	9.175076	NA
2033037	101.375	56.875	127.205617	124.002562	123.908781	-3.296835	-0.09378	NA
2033049	101.975	56.875	130.919091	123.157244	123.867551	-7.05154	0.710307	NA
2033050	102.025	56.875	128.302311	123.847779	123.877603	-4.424708	0.029824	NA
2033051	102.075	56.875	128.936481	124.115654	123.876728	-5.059754	-0.238927	NA
2033052	102.125	56.875	131.149763	124.746132	123.881848	-7.267915	-0.864284	NA
2033053	102.175	56.875	128.467237	124.708527	131.575175	3.107938	6.866648	NA
2033054	102.225	56.875	130.870646	124.728373	123.886949	-6.983697	-0.841425	NA
2033055	102.275	56.875	131.881466	124.677859	123.90134	-7.980126	-0.776519	NA
2033056	102.325	56.875	129.979732	124.591236	134.737553	4.757821	10.146317	NA
2034985	-127.225	56.825	124.933557	137.681105	158.547029	33.613472	20.865924	NA
2034986	-127.175	56.825	124.58943	135.658609	157.62595	33.036521	21.967341	NA
2035031	-124.925	56.825	123.587576	135.545564	152.900007	29.312431	17.354444	NA
2035032	-124.875	56.825	123.635891	135.255281	152.957797	29.321905	17.702515	NA
2035301	-111.425	56.825	123.805448	131.418872	140.211791	16.406343	8.792919	NA
2039558	101.425	56.825	126.946121	123.96087	123.913507	-3.032614	-0.047363	NA
2039559	101.475	56.825	127.444146	123.745931	123.674513	-3.769633	-0.071418	NA
2039560	101.525	56.825	125.459382	123.333573	123.67505	-1.784331	0.341477	NA
2039561	101.575	56.825	123.342877	123.425698	123.674846	0.331969	0.249147	NA
2041501	-127.425	56.775	NA	NA	164.641819	NA	NA	NA
2041502	-127.375	56.775	NA	NA	162.771906	NA	NA	NA
2041503	-127.325	56.775	NA	NA	161.548118	NA	NA	NA
2041504	-127.275	56.775	NA	NA	160.837819	NA	NA	NA
2041505	-127.225	56.775	125.132442	135.733176	157.899175	32.766733	22.165999	NA
2041552	-124.875	56.775	123.681389	134.536851	155.699277	32.017888	21.162426	NA
2041553	-124.825	56.775	123.837802	134.813436	153.451504	29.613702	18.638068	NA
2041821	-111.425	56.775	123.838981	131.837003	140.203288	16.364306	8.366285	NA
2041822	-111.375	56.775	123.760934	132.023502	140.19944	16.438506	8.175939	NA
2046081	101.575	56.775	NA	NA	133.289287	NA	NA	NA
2046082	101.625	56.775	123.31783	124.263092	123.676584	0.358755	-0.586507	NA
2046083	101.675	56.775	NA	NA	131.425801	NA	NA	NA
2048020	-127.475	56.725	NA	NA	164.162913	NA	NA	NA
2048073	-124.825	56.725	NA	NA	128.274602	NA	NA	NA
2048074	-124.775	56.725	124.080073	134.424162	153.522568	29.442494	19.098406	NA
2048341	-111.425	56.725	NA	NA	142.011461	NA	NA	NA
2048342	-111.375	56.725	NA	NA	142.009413	NA	NA	NA
2052603	101.675	56.725	124.179361	124.246304	123.674947	-0.504414	-0.571357	NA
2052604	101.725	56.725	122.451027	123.829834	133.888259	11.437233	10.058426	NA
2054594	-124.775	56.675	124.119136	134.419853	136.282051	12.162915	1.862198	NA
2054595	-124.725	56.675	124.160116	134.809599	153.554986	29.39487	18.745388	NA
2054857	-111.625	56.675	NA	NA	129.505871	NA	NA	NA
2054858	-111.575	56.675	NA	NA	142.094185	NA	NA	NA
2054859	-111.525	56.675	123.845192	132.100161	142.094051	18.248859	9.99389	NA
2054860	-111.475	56.675	123.804789	133.096435	142.011194	18.206405	8.914759	NA
2054861	-111.425	56.675	NA	NA	129.308769	NA	NA	NA
2059124	101.725	56.675	123.015713	123.984153	123.674982	0.659269	-0.309171	NA
2059125	101.775	56.675	122.714281	123.888501	123.671927	0.957646	-0.216573	NA
2059126	101.825	56.675	121.71473	123.347324	132.74852	11.033791	9.401196	NA
2061116	-124.675	56.625	124.332529	135.474143	153.539382	29.206853	18.065239	NA
2061374	-111.775	56.625	NA	NA	142.089229	NA	NA	NA
2061375	-111.725	56.625	NA	NA	142.089968	NA	NA	NA
2061376	-111.675	56.625	NA	NA	142.091547	NA	NA	NA
2061377	-111.625	56.625	123.778447	130.5928	142.091428	18.312981	11.498627	NA
2065646	101.825	56.625	122.836586	124.362038	123.659276	0.82269	-0.702762	NA
2067637	-124.625	56.575	124.54362	136.280345	153.564926	29.021305	17.284581	NA
2067638	-124.575	56.575	124.463146	135.843729	153.649265	29.186119	17.805537	NA
2067891	-111.925	56.575	NA	NA	142.080476	NA	NA	NA
2067892	-111.875	56.575	NA	NA	142.085115	NA	NA	NA
2067893	-111.825	56.575	NA	NA	142.0842	NA	NA	NA
2067894	-111.775	56.575	NA	NA	142.090954	NA	NA	NA
2072166	101.825	56.575	122.876044	124.400448	123.601222	0.725178	-0.799226	NA
2074158	-124.575	56.525	124.533963	135.839053	115.47256	-9.061403	-20.366493	NA
2074159	-124.525	56.525	124.504621	135.888679	153.683001	29.17838	17.794322	NA
2078685	101.775	56.525	NA	NA	131.272398	NA	NA	NA
2078686	101.825	56.525	121.273351	123.752801	123.607053	2.333702	-0.145748	NA
2080679	-124.525	56.475	NA	NA	142.994934	NA	NA	NA
2080680	-124.475	56.475	124.590139	135.801976	153.706186	29.116047	17.90421	NA
2085205	101.775	56.475	NA	NA	123.59171	NA	NA	NA
2091725	101.775	56.425	NA	NA	123.590379	NA	NA	NA
2091726	101.825	56.425	123.343195	123.822644	123.592791	0.249596	-0.229853	NA
2098246	101.825	56.375	123.600399	124.537722	123.594943	-0.005455	-0.942778	NA
2104766	101.825	56.325	124.698427	124.181844	123.599259	-1.099168	-0.582585	NA
2111285	101.775	56.275	128.065836	123.295829	123.603453	-4.462383	0.307625	NA
2111286	101.825	56.275	NA	NA	126.528	NA	NA	NA
2117805	101.775	56.225	129.644827	121.043384	123.610141	-6.034686	2.566757	NA
2124325	101.775	56.175	128.956605	122.126305	123.630864	-5.325741	1.504559	NA
2124333	102.175	56.175	NA	NA	115.998141	NA	NA	NA
2124334	102.225	56.175	NA	NA	120.541638	NA	NA	NA
2124335	102.275	56.175	129.525281	121.158235	120.567696	-8.957586	-0.590539	NA
2124336	102.325	56.175	130.084193	121.225502	120.585791	-9.498403	-0.639711	NA
2124337	102.375	56.175	129.904349	121.254745	120.60467	-9.299678	-0.650075	NA
2124338	102.425	56.175	129.806518	121.420438	120.623908	-9.18261	-0.79653	NA
2124339	102.475	56.175	NA	NA	114.034312	NA	NA	NA
2124340	102.525	56.175	NA	NA	120.671749	NA	NA	NA
2124341	102.575	56.175	130.322787	122.191186	114.484236	-15.83855	-7.706949	NA
2124342	102.625	56.175	129.47185	124.070131	120.704682	-8.767168	-3.365448	NA
2124343	102.675	56.175	131.462074	124.46565	120.726034	-10.736041	-3.739616	NA
2124344	102.725	56.175	NA	NA	120.744141	NA	NA	NA
2126356	-122.675	56.125	123.67177	127.703469	151.097472	27.425702	23.394003	NA
2126357	-122.625	56.125	123.661994	127.682958	151.096745	27.434751	23.413787	NA
2126358	-122.575	56.125	123.733957	128.160943	151.097958	27.364001	22.937015	NA
2126359	-122.525	56.125	123.651977	127.745059	151.113458	27.461481	23.368399	NA
2126360	-122.475	56.125	123.429873	126.490182	151.117243	27.68737	24.627061	NA
2126361	-122.425	56.125	123.695744	127.798027	151.122975	27.427231	23.324948	NA
2126362	-122.375	56.125	123.99088	128.702049	151.129891	27.139011	22.427843	NA
2130845	101.775	56.125	128.460449	123.140043	124.374674	-4.085774	1.234632	NA
2130846	101.825	56.125	NA	NA	125.164632	NA	NA	NA
2130848	101.925	56.125	130.237179	123.000489	121.087933	-9.149246	-1.912556	NA
2130849	101.975	56.125	130.619884	123.288645	120.984918	-9.634966	-2.303727	NA
2130850	102.025	56.125	129.803265	122.683364	120.472737	-9.330527	-2.210627	NA
2130851	102.075	56.125	NA	NA	120.492248	NA	NA	NA
2130852	102.125	56.125	129.005803	121.089961	120.506577	-8.499226	-0.583384	NA
2130853	102.175	56.125	128.963619	121.015434	120.523765	-8.439854	-0.491669	NA
2130864	102.725	56.125	NA	NA	118.428444	NA	NA	NA
2130865	102.775	56.125	128.075569	123.683286	116.104035	-11.971534	-7.579251	NA
2130866	102.825	56.125	128.877401	123.75978	116.288705	-12.588696	-7.471075	NA
2130867	102.875	56.125	129.819412	123.821166	120.794083	-9.025329	-3.027083	NA
2132868	-123.075	56.075	124.907804	131.56045	151.044273	26.13647	19.483823	NA
2132869	-123.025	56.075	124.200785	130.35037	151.04823	26.847445	20.69786	NA
2132870	-122.975	56.075	124.035754	129.247408	151.044148	27.008394	21.79674	NA
2132871	-122.925	56.075	124.020049	128.806983	151.052085	27.032036	22.245102	NA
2132872	-122.875	56.075	124.085816	128.863373	151.055222	26.969406	22.191849	NA
2132873	-122.825	56.075	123.840288	128.070016	151.058972	27.218684	22.988956	NA
2132874	-122.775	56.075	123.722893	127.827083	151.077931	27.355038	23.250848	NA
2132875	-122.725	56.075	123.762543	128.039596	151.09468	27.332136	23.055083	NA
2132876	-122.675	56.075	123.645906	127.723173	135.550215	11.904309	7.827042	NA
2132882	-122.375	56.075	123.99088	128.702049	128.666615	4.675734	-0.035434	NA
2132883	-122.325	56.075	123.897536	128.934185	151.133277	27.235741	22.199092	NA
2132884	-122.275	56.075	123.869928	128.700069	151.139788	27.26986	22.439719	NA
2132885	-122.225	56.075	123.933465	128.605155	151.183641	27.250176	22.578486	NA
2137366	101.825	56.075	NA	NA	124.397715	NA	NA	NA
2137367	101.875	56.075	NA	NA	124.721953	NA	NA	NA
2137368	101.925	56.075	NA	NA	120.436862	NA	NA	NA
2137387	102.875	56.075	130.217213	123.691942	119.824363	-10.392851	-3.867579	NA
2137388	102.925	56.075	131.444544	122.783642	120.827737	-10.616807	-1.955905	NA
2139372	-123.875	56.025	124.192717	130.671572	150.861795	26.669078	20.190223	NA
2139373	-123.825	56.025	124.090799	129.643413	150.865374	26.774575	21.221961	NA
2139374	-123.775	56.025	124.017904	127.620588	150.86341	26.845506	23.242822	NA
2139375	-123.725	56.025	123.874988	123.326502	150.865356	26.990368	27.538854	NA
2139376	-123.675	56.025	124.010793	129.350814	150.894752	26.883958	21.543938	NA
2139377	-123.625	56.025	124.213378	129.874639	150.899092	26.685714	21.024453	NA
2139378	-123.575	56.025	124.354234	128.28035	150.902711	26.548477	22.622361	NA
2139379	-123.525	56.025	124.397267	129.908108	150.916451	26.519185	21.008343	NA
2139380	-123.475	56.025	124.776718	129.557605	150.924754	26.148036	21.367149	NA
2139381	-123.425	56.025	124.798039	127.509373	150.929461	26.131422	23.420088	NA
2139382	-123.375	56.025	124.832717	132.052377	150.945332	26.112615	18.892956	NA
2139383	-123.325	56.025	125.347272	133.275885	150.960664	25.613392	17.684779	NA
2139387	-123.125	56.025	124.968482	132.126104	150.994472	26.025989	18.868368	NA
2139388	-123.075	56.025	124.784574	129.209641	151.001753	26.217179	21.792112	NA
2139405	-122.225	56.025	124.333374	130.641163	122.834448	-1.498926	-7.806715	NA
2139406	-122.175	56.025	124.309048	130.314734	151.181927	26.872879	20.867193	NA
2139410	-121.975	56.025	NA	NA	122.877922	NA	NA	NA
2139411	-121.925	56.025	NA	NA	122.876619	NA	NA	NA
2139412	-121.875	56.025	NA	NA	122.875245	NA	NA	NA
2143908	102.925	56.025	126.15065	123.379523	115.211439	-10.939211	-8.168084	NA
2143909	102.975	56.025	131.458312	122.99526	120.855783	-10.602529	-2.139477	NA
2145903	-123.325	55.975	125.233386	132.639948	145.319146	20.08576	12.679198	NA
2145904	-123.275	55.975	125.130755	132.484677	150.959967	25.829211	18.47529	NA
2145905	-123.225	55.975	125.026683	132.15232	150.987109	25.960426	18.83479	NA
2145906	-123.175	55.975	124.956755	131.73675	150.985366	26.028611	19.248616	NA
2145907	-123.125	55.975	124.968482	132.126104	150.991776	26.023294	18.865672	NA
2145925	-122.225	55.975	NA	NA	122.834504	NA	NA	NA
2145926	-122.175	55.975	NA	NA	122.834075	NA	NA	NA
2145927	-122.125	55.975	120.690831	123.125567	122.878645	2.187815	-0.246922	NA
2145928	-122.075	55.975	NA	NA	122.877011	NA	NA	NA
2145929	-122.025	55.975	122.441497	126.27711	122.875223	0.433725	-3.401887	NA
2145930	-121.975	55.975	122.447306	126.275089	122.87832	0.431014	-3.396769	NA
2150429	102.975	55.975	132.229602	122.476283	120.871764	-11.357838	-1.604518	NA
2156949	102.975	55.925	126.116067	123.629918	120.891725	-5.224342	-2.738194	NA
2156950	103.025	55.925	126.009612	123.613516	124.447368	-1.562244	0.833852	NA
2163470	103.025	55.875	126.658825	123.127869	118.292722	-8.366102	-4.835146	NA
2169990	103.025	55.825	128.616702	123.139995	120.926432	-7.69027	-2.213563	NA
2169991	103.075	55.825	130.413693	123.339258	120.939567	-9.474126	-2.399691	NA
2176511	103.075	55.775	127.14888	123.476527	121.910454	-5.238426	-1.566072	NA
2176512	103.125	55.775	131.317208	123.772297	120.944348	-10.372859	-2.827949	NA
2183032	103.125	55.725	NA	NA	121.419779	NA	NA	NA
2183033	103.175	55.725	132.229759	123.791176	120.954465	-11.275294	-2.836711	NA
2189553	103.175	55.675	132.930255	124.910483	117.395057	-15.535198	-7.515426	NA
2196073	103.175	55.625	131.348282	124.170568	120.992524	-10.355758	-3.178044	NA
2202593	103.175	55.575	129.32283	124.536432	120.999045	-8.323785	-3.537386	NA
2209113	103.175	55.525	127.995612	124.130778	121.009002	-6.98661	-3.121776	NA
2215633	103.175	55.475	130.486877	123.722419	121.021365	-9.465512	-2.701054	NA
2222153	103.175	55.425	127.430104	123.757674	120.274855	-7.155248	-3.482819	NA
2222154	103.225	55.425	130.225438	123.440039	121.033132	-9.192306	-2.406907	NA
2228674	103.225	55.375	NA	NA	116.465339	NA	NA	NA
2228675	103.275	55.375	131.679965	124.118552	121.048472	-10.631494	-3.070081	NA
2235195	103.275	55.325	129.259666	124.126934	121.316043	-7.943623	-2.81089	NA
2235196	103.325	55.325	131.943245	124.571318	121.065203	-10.878041	-3.506115	NA
2241716	103.325	55.275	133.031358	124.918345	121.075409	-11.955949	-3.842936	NA
2248236	103.325	55.225	128.348834	124.611783	121.085225	-7.263609	-3.526558	NA
2254756	103.325	55.175	129.993081	124.689039	121.094822	-8.89826	-3.594217	NA
2261007	89.875	55.125	NA	NA	125.340427	NA	NA	NA
2261276	103.325	55.125	130.657008	124.79399	121.104491	-9.552517	-3.689499	NA
2267527	89.875	55.075	NA	NA	144.675776	NA	NA	NA
2267795	103.275	55.075	127.200152	124.582792	121.118802	-6.08135	-3.46399	NA
2267796	103.325	55.075	NA	NA	121.112261	NA	NA	NA
2274046	89.825	55.025	NA	NA	129.310626	NA	NA	NA
2274047	89.875	55.025	NA	NA	144.674439	NA	NA	NA
2274314	103.225	55.025	128.493641	124.653806	121.376589	-7.117052	-3.277217	NA
2274315	103.275	55.025	130.028923	124.7555	121.122046	-8.906877	-3.633454	NA
2280566	89.825	54.975	NA	NA	144.706881	NA	NA	NA
2280832	103.125	54.975	129.53532	124.600426	126.489552	-3.045768	1.889127	NA
2280833	103.175	54.975	131.519477	124.738551	121.136769	-10.382708	-3.601782	NA
2280834	103.225	54.975	130.796854	124.815013	121.129574	-9.667281	-3.685439	NA
2287086	89.825	54.925	NA	NA	144.301486	NA	NA	NA
2287351	103.075	54.925	131.63291	124.842395	121.152719	-10.480191	-3.689676	NA
2287352	103.125	54.925	130.390461	124.629957	121.144327	-9.246134	-3.485629	NA
2293605	89.775	54.875	NA	NA	144.371806	NA	NA	NA
2293606	89.825	54.875	NA	NA	144.294664	NA	NA	NA
2293871	103.075	54.875	127.755621	124.643939	121.154438	-6.601182	-3.4895	NA
2300125	89.775	54.825	NA	NA	144.378393	NA	NA	NA
2300390	103.025	54.825	130.55074	124.673441	122.263999	-8.286741	-2.409442	NA
2300391	103.075	54.825	129.653129	124.379007	121.161997	-8.491132	-3.21701	NA
2306644	89.725	54.775	NA	NA	124.641163	NA	NA	NA
2306645	89.775	54.775	NA	NA	124.83005	NA	NA	NA
2306646	89.825	54.775	NA	NA	145.086477	NA	NA	NA
2306647	89.875	54.775	NA	NA	128.516678	NA	NA	NA
2306910	103.025	54.775	129.733856	124.675649	120.651107	-9.082749	-4.024542	NA
2313166	89.825	54.725	NA	NA	145.376312	NA	NA	NA
2313167	89.875	54.725	NA	NA	145.376753	NA	NA	NA
2313430	103.025	54.725	126.1215	124.416721	125.515456	-0.606044	1.098735	NA
2313431	103.075	54.725	129.195094	124.68391	121.177603	-8.017491	-3.506307	NA
2313432	103.125	54.725	133.192422	124.679825	121.187716	-12.004707	-3.492109	NA
2319685	89.775	54.675	NA	NA	145.419856	NA	NA	NA
2319686	89.825	54.675	NA	NA	145.379767	NA	NA	NA
2319952	103.125	54.675	132.210942	124.628196	126.385292	-5.82565	1.757096	NA
2319953	103.175	54.675	132.965735	124.98166	121.19228	-11.773455	-3.789381	NA
2319954	103.225	54.675	128.742193	124.855326	121.198237	-7.543957	-3.65709	NA
2326202	89.625	54.625	NA	NA	124.290533	NA	NA	NA
2326203	89.675	54.625	NA	NA	145.651719	NA	NA	NA
2326204	89.725	54.625	NA	NA	145.424845	NA	NA	NA
2326205	89.775	54.625	NA	NA	125.411743	NA	NA	NA
2326474	103.225	54.625	128.282292	124.679294	121.202923	-7.079369	-3.476371	NA
2332719	89.475	54.575	NA	NA	127.51693	NA	NA	NA
2332720	89.525	54.575	NA	NA	145.675107	NA	NA	NA
2332721	89.575	54.575	NA	NA	145.660756	NA	NA	NA
2332722	89.625	54.575	NA	NA	145.63608	NA	NA	NA
2332994	103.225	54.575	130.773416	124.772735	121.21288	-9.560536	-3.559855	NA
2339238	89.425	54.525	NA	NA	145.741903	NA	NA	NA
2339239	89.475	54.525	NA	NA	145.74733	NA	NA	NA
2345758	89.425	54.475	NA	NA	146.124033	NA	NA	NA
2345759	89.475	54.475	NA	NA	132.49781	NA	NA	NA
2352278	89.425	54.425	NA	NA	146.22996	NA	NA	NA
2352279	89.475	54.425	NA	NA	146.197144	NA	NA	NA
2358799	89.475	54.375	NA	NA	146.465462	NA	NA	NA
2365319	89.475	54.325	NA	NA	146.536558	NA	NA	NA
2365320	89.525	54.325	NA	NA	146.591457	NA	NA	NA
2371840	89.525	54.275	NA	NA	146.806722	NA	NA	NA
2371841	89.575	54.275	NA	NA	146.815691	NA	NA	NA
2378360	89.525	54.225	NA	NA	147.403819	NA	NA	NA
2378361	89.575	54.225	NA	NA	146.842181	NA	NA	NA
2384880	89.525	54.175	NA	NA	147.441121	NA	NA	NA
2391399	89.475	54.125	NA	NA	147.614299	NA	NA	NA
2391400	89.525	54.125	NA	NA	145.060471	NA	NA	NA
2391772	108.125	54.125	NA	NA	154.325096	NA	NA	NA
2391773	108.175	54.125	NA	NA	155.067555	NA	NA	NA
2397920	89.525	54.075	NA	NA	145.274414	NA	NA	NA
2397921	89.575	54.075	NA	NA	137.486835	NA	NA	NA
2397925	89.775	54.075	NA	NA	137.013692	NA	NA	NA
2397926	89.825	54.075	NA	NA	135.813057	NA	NA	NA
2398291	108.075	54.075	NA	NA	152.142223	NA	NA	NA
2398292	108.125	54.075	NA	NA	155.320227	NA	NA	NA
2398293	108.175	54.075	NA	NA	155.245627	NA	NA	NA
2404441	89.575	54.025	NA	NA	139.12184	NA	NA	NA
2404442	89.625	54.025	NA	NA	139.072313	NA	NA	NA
2404443	89.675	54.025	NA	NA	137.977068	NA	NA	NA
2404444	89.725	54.025	NA	NA	137.321204	NA	NA	NA
2404445	89.775	54.025	NA	NA	137.083002	NA	NA	NA
2404765	105.775	54.025	NA	NA	138.878228	NA	NA	NA
2404808	107.925	54.025	NA	NA	153.057176	NA	NA	NA
2404809	107.975	54.025	NA	NA	153.273549	NA	NA	NA
2404810	108.025	54.025	NA	NA	154.246382	NA	NA	NA
2404811	108.075	54.025	NA	NA	155.336025	NA	NA	NA
2411284	105.725	53.975	NA	NA	138.906686	NA	NA	NA
2411285	105.775	53.975	NA	NA	138.886807	NA	NA	NA
2411286	105.825	53.975	NA	NA	138.862542	NA	NA	NA
2411287	105.875	53.975	NA	NA	138.845601	NA	NA	NA
2417807	105.875	53.925	NA	NA	139.500626	NA	NA	NA
2417808	105.925	53.925	NA	NA	139.501759	NA	NA	NA
2424328	105.925	53.875	NA	NA	139.538821	NA	NA	NA
2465501	-117.425	53.525	NA	NA	134.19045	NA	NA	NA
2465502	-117.375	53.525	NA	NA	151.977185	NA	NA	NA
2465503	-117.325	53.525	NA	NA	151.964813	NA	NA	NA
2472019	-117.525	53.475	NA	NA	130.508432	NA	NA	NA
2472020	-117.475	53.475	NA	NA	152.151328	NA	NA	NA
2472021	-117.425	53.475	NA	NA	152.066081	NA	NA	NA
2478537	-117.625	53.425	NA	NA	130.477558	NA	NA	NA
2478538	-117.575	53.425	NA	NA	152.296589	NA	NA	NA
2478539	-117.525	53.425	NA	NA	152.207407	NA	NA	NA
2485054	-117.775	53.375	NA	NA	152.66628	NA	NA	NA
2485055	-117.725	53.375	NA	NA	152.627372	NA	NA	NA
2485056	-117.675	53.375	NA	NA	152.411603	NA	NA	NA
2485057	-117.625	53.375	NA	NA	152.353779	NA	NA	NA
2491572	-117.875	53.325	121.252321	123.037466	128.754855	7.502533	5.717388	NA
2491573	-117.825	53.325	121.288108	122.324852	152.686132	31.398024	30.36128	NA
2491574	-117.775	53.325	NA	NA	129.356356	NA	NA	NA
2498092	-117.875	53.275	121.421236	120.647173	152.983668	31.562432	32.336495	NA
2502286	91.825	53.275	NA	NA	126.468656	NA	NA	NA
2504610	-117.975	53.225	NA	NA	153.324226	NA	NA	NA
2504611	-117.925	53.225	NA	NA	153.187559	NA	NA	NA
2504612	-117.875	53.225	NA	NA	153.002594	NA	NA	NA
2508805	91.775	53.225	NA	NA	126.482377	NA	NA	NA
2508806	91.825	53.225	NA	NA	100.239399	NA	NA	NA
2511130	-117.975	53.175	NA	NA	153.488006	NA	NA	NA
2515325	91.775	53.175	NA	NA	114.885394	NA	NA	NA
2517649	-118.025	53.125	121.671808	118.621267	153.710501	32.038692	35.089234	NA
2517650	-117.975	53.125	122.2348	122.944262	153.525884	31.291084	30.581622	NA
2524168	-118.075	53.075	NA	NA	153.883463	NA	NA	NA
2524169	-118.025	53.075	122.038852	120.277615	153.780963	31.742111	33.503347	NA
2530688	-118.075	53.025	NA	NA	153.988014	NA	NA	NA
2535117	103.375	53.025	128.672962	124.336177	121.70173	-6.971232	-2.634448	NA
2537208	-118.075	52.975	NA	NA	154.106685	NA	NA	NA
2537209	-118.025	52.975	NA	NA	154.183909	NA	NA	NA
2541637	103.375	52.975	128.980239	124.369879	126.306207	-2.674032	1.936328	NA
2541638	103.425	52.975	128.695754	124.266488	121.708016	-6.987739	-2.558472	NA
2543728	-118.075	52.925	NA	NA	154.042942	NA	NA	NA
2543729	-118.025	52.925	NA	NA	154.237078	NA	NA	NA
2550248	-118.075	52.875	NA	NA	154.195843	NA	NA	NA
2556768	-118.075	52.825	NA	NA	154.860703	NA	NA	NA
2556769	-118.025	52.825	NA	NA	154.923593	NA	NA	NA
2563289	-118.025	52.775	NA	NA	154.972062	NA	NA	NA
2563290	-117.975	52.775	NA	NA	154.863126	NA	NA	NA
2567724	103.725	52.775	129.296154	124.7979	121.210551	-8.085603	-3.587349	NA
2569810	-117.975	52.725	NA	NA	155.118849	NA	NA	NA
2569811	-117.925	52.725	NA	NA	155.315707	NA	NA	NA
2569812	-117.875	52.725	NA	NA	155.530854	NA	NA	NA
2573941	88.575	52.725	NA	NA	128.089015	NA	NA	NA
2573942	88.625	52.725	NA	NA	128.096955	NA	NA	NA
2574244	103.725	52.725	128.468812	124.387896	121.214095	-7.254717	-3.173801	NA
2574245	103.775	52.725	NA	NA	121.216771	NA	NA	NA
2576332	-117.875	52.675	NA	NA	155.653941	NA	NA	NA
2580461	88.575	52.675	NA	NA	128.141247	NA	NA	NA
2580462	88.625	52.675	NA	NA	128.292642	NA	NA	NA
2580463	88.675	52.675	NA	NA	128.317093	NA	NA	NA
2580765	103.775	52.675	127.904471	124.177529	121.21767	-6.686801	-2.95986	NA
2580766	103.825	52.675	127.817862	124.056815	121.220363	-6.597499	-2.836452	NA
2580767	103.875	52.675	128.210741	124.193506	121.221953	-6.988789	-2.971554	NA
2582852	-117.875	52.625	NA	NA	155.833369	NA	NA	NA
2582853	-117.825	52.625	NA	NA	156.185243	NA	NA	NA
2586983	88.675	52.625	NA	NA	128.322943	NA	NA	NA
2586984	88.725	52.625	NA	NA	128.46715	NA	NA	NA
2586985	88.775	52.625	NA	NA	127.383737	NA	NA	NA
2587288	103.925	52.625	127.474993	123.989357	120.631492	-6.843501	-3.357865	NA
2589373	-117.825	52.575	NA	NA	156.269065	NA	NA	NA
2589374	-117.775	52.575	NA	NA	156.170605	NA	NA	NA
2589375	-117.725	52.575	NA	NA	156.423698	NA	NA	NA
2593504	88.725	52.575	NA	NA	128.549557	NA	NA	NA
2593505	88.775	52.575	NA	NA	128.482026	NA	NA	NA
2595895	-117.725	52.525	NA	NA	150.332495	NA	NA	NA
2595896	-117.675	52.525	NA	NA	156.749827	NA	NA	NA
2595897	-117.625	52.525	NA	NA	157.963592	NA	NA	NA
2595898	-117.575	52.525	NA	NA	158.427825	NA	NA	NA
2595899	-117.525	52.525	NA	NA	157.190183	NA	NA	NA
2600024	88.725	52.525	NA	NA	128.717324	NA	NA	NA
2602419	-117.525	52.475	NA	NA	158.620288	NA	NA	NA
2602420	-117.475	52.475	NA	NA	158.729983	NA	NA	NA
2606542	88.625	52.475	NA	NA	128.308102	NA	NA	NA
2606543	88.675	52.475	NA	NA	129.047589	NA	NA	NA
2606615	92.275	52.475	124.284568	124.37781	148.188474	23.903905	23.810664	NA
2606616	92.325	52.475	123.452102	124.295154	148.179321	24.72722	23.884167	NA
2608940	-117.475	52.425	NA	NA	155.376165	NA	NA	NA
2608941	-117.425	52.425	NA	NA	159.05468	NA	NA	NA
2608942	-117.375	52.425	NA	NA	159.08148	NA	NA	NA
2613061	88.575	52.425	NA	NA	129.173536	NA	NA	NA
2613062	88.625	52.425	NA	NA	129.078548	NA	NA	NA
2613063	88.675	52.425	NA	NA	129.172554	NA	NA	NA
2613136	92.325	52.425	124.357296	124.09364	148.17504	23.817744	24.0814	NA
2613137	92.375	52.425	124.869281	124.021953	148.174672	23.305391	24.152719	NA
2615462	-117.375	52.375	NA	NA	159.632897	NA	NA	NA
2619580	88.525	52.375	NA	NA	128.854829	NA	NA	NA
2619581	88.575	52.375	NA	NA	128.882693	NA	NA	NA
2619657	92.375	52.375	124.325787	123.91369	129.963419	5.637632	6.049729	NA
2619658	92.425	52.375	124.66978	124.061008	148.168926	23.499146	24.107918	NA
2619659	92.475	52.375	124.4474	123.92467	148.152086	23.704686	24.227416	NA
2621983	-117.325	52.325	NA	NA	160.480866	NA	NA	NA
2626178	92.425	52.325	124.58592	123.646459	116.26612	-8.3198	-7.380339	NA
2628503	-117.325	52.275	NA	NA	160.763693	NA	NA	NA
2628504	-117.275	52.275	NA	NA	161.759521	NA	NA	NA
2632975	106.275	52.275	NA	NA	142.352167	NA	NA	NA
2635024	-117.275	52.225	NA	NA	162.424667	NA	NA	NA
2635025	-117.225	52.225	NA	NA	162.71937	NA	NA	NA
2639495	106.275	52.225	NA	NA	129.290132	NA	NA	NA
2639496	106.325	52.225	NA	NA	142.333161	NA	NA	NA
2639497	106.375	52.225	129.10161	124.715127	142.308759	13.207149	17.593632	NA
2639498	106.425	52.225	NA	NA	142.2985	NA	NA	NA
2639499	106.475	52.225	NA	NA	142.280277	NA	NA	NA
2646019	106.475	52.175	NA	NA	109.977303	NA	NA	NA
2646020	106.525	52.175	NA	NA	142.26016	NA	NA	NA
2646021	106.575	52.175	NA	NA	142.2354	NA	NA	NA
2658772	92.125	52.075	126.659174	123.83451	148.117502	21.458328	24.282992	NA
2658773	92.175	52.075	129.096446	124.241224	148.121984	19.025538	23.88076	NA
2665290	92.025	52.025	124.692693	123.476951	148.095634	23.402941	24.618683	NA
2665291	92.075	52.025	124.308724	123.321407	148.10077	23.792046	24.779364	NA
2665292	92.125	52.025	127.951616	123.80088	148.113279	20.161663	24.312399	NA
2671809	91.975	51.975	NA	NA	148.092525	NA	NA	NA
2671810	92.025	51.975	124.692693	123.476951	122.234022	-2.45867	-1.242929	NA
2678329	91.975	51.925	NA	NA	148.075808	NA	NA	NA
2678639	107.475	51.925	NA	NA	142.069795	NA	NA	NA
2684849	91.975	51.875	NA	NA	120.327855	NA	NA	NA
2684850	92.025	51.875	NA	NA	148.067602	NA	NA	NA
2684851	92.075	51.875	NA	NA	148.055892	NA	NA	NA
2685159	107.475	51.875	NA	NA	113.627002	NA	NA	NA
2685160	107.525	51.875	123.632523	122.61133	142.028261	18.395738	19.416931	NA
2685161	107.575	51.875	NA	NA	123.443796	NA	NA	NA
2691371	92.075	51.825	NA	NA	116.674699	NA	NA	NA
2691372	92.125	51.825	NA	NA	148.052417	NA	NA	NA
2691681	107.575	51.825	NA	NA	142.036591	NA	NA	NA
2697892	92.125	51.775	NA	NA	148.047095	NA	NA	NA
2697893	92.175	51.775	NA	NA	148.038463	NA	NA	NA
2698199	107.475	51.775	NA	NA	126.784421	NA	NA	NA
2698200	107.525	51.775	126.568395	123.71206	142.184842	15.616447	18.472783	NA
2698201	107.575	51.775	126.190236	123.976088	122.803483	-3.386754	-1.172605	NA
2704413	92.175	51.725	125.835456	122.069053	148.032557	22.197102	25.963504	NA
2704414	92.225	51.725	NA	NA	147.830014	NA	NA	NA
2704415	92.275	51.725	NA	NA	147.82422	NA	NA	NA
2704416	92.325	51.725	NA	NA	147.819636	NA	NA	NA
2704417	92.375	51.725	NA	NA	132.880435	NA	NA	NA
2704456	94.325	51.725	NA	NA	108.756757	NA	NA	NA
2704457	94.375	51.725	NA	NA	147.352302	NA	NA	NA
2704458	94.425	51.725	NA	NA	147.342134	NA	NA	NA
2704459	94.475	51.725	NA	NA	147.346614	NA	NA	NA
2704460	94.525	51.725	NA	NA	148.040552	NA	NA	NA
2704461	94.575	51.725	NA	NA	148.05148	NA	NA	NA
2704462	94.625	51.725	NA	NA	148.044167	NA	NA	NA
2704463	94.675	51.725	NA	NA	148.043817	NA	NA	NA
2704464	94.725	51.725	NA	NA	148.039149	NA	NA	NA
2704718	107.425	51.725	NA	NA	127.094475	NA	NA	NA
2704719	107.475	51.725	NA	NA	142.162334	NA	NA	NA
2710937	92.375	51.675	128.661391	123.250964	147.815488	19.154097	24.564524	NA
2710938	92.425	51.675	133.848387	124.805902	119.675988	-14.172399	-5.129915	NA
2710975	94.275	51.675	NA	NA	147.382614	NA	NA	NA
2710976	94.325	51.675	NA	NA	147.361321	NA	NA	NA
2710982	94.625	51.675	NA	NA	121.470037	NA	NA	NA
2710984	94.725	51.675	NA	NA	148.031805	NA	NA	NA
2710985	94.775	51.675	NA	NA	148.025743	NA	NA	NA
2710986	94.825	51.675	NA	NA	148.018571	NA	NA	NA
2711237	107.375	51.675	NA	NA	142.120787	NA	NA	NA
2711238	107.425	51.675	NA	NA	142.140815	NA	NA	NA
2717458	92.425	51.625	134.069683	124.715816	147.809205	13.739522	23.093389	NA
2717459	92.475	51.625	133.552445	124.649921	147.784207	14.231762	23.134286	NA
2717460	92.525	51.625	NA	NA	147.759666	NA	NA	NA
2717461	92.575	51.625	NA	NA	120.156471	NA	NA	NA
2717462	92.625	51.625	130.864991	125.734219	116.259736	-14.605256	-9.474483	NA
2717492	94.125	51.625	NA	NA	117.866667	NA	NA	NA
2717493	94.175	51.625	NA	NA	147.407768	NA	NA	NA
2717494	94.225	51.625	NA	NA	147.39017	NA	NA	NA
2717495	94.275	51.625	NA	NA	120.768432	NA	NA	NA
2717506	94.825	51.625	NA	NA	126.73667	NA	NA	NA
2717507	94.875	51.625	NA	NA	148.022616	NA	NA	NA
2717508	94.925	51.625	NA	NA	148.084481	NA	NA	NA
2717509	94.975	51.625	NA	NA	148.076715	NA	NA	NA
2717510	95.025	51.625	NA	NA	148.064855	NA	NA	NA
2717511	95.075	51.625	NA	NA	148.043925	NA	NA	NA
2717512	95.125	51.625	NA	NA	126.81592	NA	NA	NA
2717757	107.375	51.625	127.506425	124.333241	142.116145	14.60972	17.782904	NA
2723982	92.625	51.575	130.697898	125.56433	147.683905	16.986007	22.119575	NA
2723983	92.675	51.575	130.118067	124.897262	147.659503	17.541436	22.762241	NA
2723984	92.725	51.575	129.052234	124.311772	147.645099	18.592865	23.333327	NA
2723985	92.775	51.575	129.590833	125.495329	147.636256	18.045423	22.140927	NA
2723986	92.825	51.575	NA	NA	147.626792	NA	NA	NA
2723987	92.875	51.575	129.388416	124.757179	147.620251	18.231835	22.863073	NA
2723988	92.925	51.575	NA	NA	147.614074	NA	NA	NA
2723989	92.975	51.575	128.897181	124.202959	147.605768	18.708588	23.402809	NA
2723990	93.025	51.575	128.013152	123.836892	147.596581	19.58343	23.75969	NA
2723991	93.075	51.575	NA	NA	147.591168	NA	NA	NA
2723992	93.125	51.575	128.328266	124.257954	147.584989	19.256722	23.327035	NA
2723993	93.175	51.575	128.668062	124.501371	147.571998	18.903936	23.070627	NA
2723994	93.225	51.575	128.401895	124.332907	147.565853	19.163958	23.232946	NA
2723995	93.275	51.575	NA	NA	147.560209	NA	NA	NA
2723996	93.325	51.575	NA	NA	147.55481	NA	NA	NA
2723997	93.375	51.575	NA	NA	147.545586	NA	NA	NA
2723998	93.425	51.575	NA	NA	147.537605	NA	NA	NA
2723999	93.475	51.575	NA	NA	147.530079	NA	NA	NA
2724009	93.975	51.575	NA	NA	147.439094	NA	NA	NA
2724010	94.025	51.575	NA	NA	147.414296	NA	NA	NA
2724011	94.075	51.575	NA	NA	147.409186	NA	NA	NA
2724012	94.125	51.575	NA	NA	147.413864	NA	NA	NA
2724032	95.125	51.575	NA	NA	148.031364	NA	NA	NA
2724033	95.175	51.575	NA	NA	148.031904	NA	NA	NA
2724034	95.225	51.575	NA	NA	148.025727	NA	NA	NA
2724035	95.275	51.575	NA	NA	123.286177	NA	NA	NA
2724276	107.325	51.575	127.033769	123.982468	122.116072	-4.917697	-1.866396	NA
2724277	107.375	51.575	127.366982	124.241401	142.107695	14.740713	17.866295	NA
2730555	95.275	51.525	NA	NA	148.060284	NA	NA	NA
2730556	95.325	51.525	NA	NA	148.047815	NA	NA	NA
2730557	95.375	51.525	NA	NA	148.040875	NA	NA	NA
2730558	95.425	51.525	NA	NA	148.087134	NA	NA	NA
2730559	95.475	51.525	NA	NA	148.091946	NA	NA	NA
2730560	95.525	51.525	NA	NA	148.09256	NA	NA	NA
2730793	107.175	51.525	NA	NA	142.049736	NA	NA	NA
2730794	107.225	51.525	NA	NA	142.075212	NA	NA	NA
2730795	107.275	51.525	NA	NA	142.078863	NA	NA	NA
2730796	107.325	51.525	NA	NA	142.095262	NA	NA	NA
2737080	95.525	51.475	NA	NA	148.113537	NA	NA	NA
2737081	95.575	51.475	NA	NA	148.09713	NA	NA	NA
2737082	95.625	51.475	NA	NA	125.40755	NA	NA	NA
2737311	107.075	51.475	NA	NA	142.038935	NA	NA	NA
2737312	107.125	51.475	NA	NA	142.042625	NA	NA	NA
2737313	107.175	51.475	NA	NA	117.398477	NA	NA	NA
2743602	95.625	51.425	NA	NA	148.095556	NA	NA	NA
2743603	95.675	51.425	NA	NA	125.142021	NA	NA	NA
2743829	106.975	51.425	NA	NA	125.183887	NA	NA	NA
2743830	107.025	51.425	NA	NA	142.032443	NA	NA	NA
2743831	107.075	51.425	NA	NA	115.681034	NA	NA	NA
2750131	96.075	51.375	NA	NA	149.040826	NA	NA	NA
2750132	96.125	51.375	NA	NA	149.063669	NA	NA	NA
2750133	96.175	51.375	NA	NA	149.063703	NA	NA	NA
2750134	96.225	51.375	NA	NA	129.286213	NA	NA	NA
2750143	96.675	51.375	NA	NA	149.737986	NA	NA	NA
2750144	96.725	51.375	NA	NA	149.735256	NA	NA	NA
2750145	96.775	51.375	NA	NA	149.771612	NA	NA	NA
2750146	96.825	51.375	NA	NA	149.775969	NA	NA	NA
2750147	96.875	51.375	NA	NA	134.591308	NA	NA	NA
2756654	96.225	51.325	NA	NA	149.063265	NA	NA	NA
2756655	96.275	51.325	NA	NA	149.572091	NA	NA	NA
2756656	96.325	51.325	NA	NA	149.563702	NA	NA	NA
2756657	96.375	51.325	NA	NA	149.561953	NA	NA	NA
2756667	96.875	51.325	NA	NA	149.788667	NA	NA	NA
2756668	96.925	51.325	NA	NA	149.778122	NA	NA	NA
2756669	96.975	51.325	NA	NA	149.786921	NA	NA	NA
2756670	97.025	51.325	NA	NA	151.804113	NA	NA	NA
2782943	106.675	51.125	NA	NA	142.252153	NA	NA	NA
2789462	106.625	51.075	NA	NA	124.692076	NA	NA	NA
2795978	106.425	51.025	NA	NA	142.878208	NA	NA	NA
2795979	106.475	51.025	NA	NA	142.887889	NA	NA	NA
2795980	106.525	51.025	NA	NA	142.895743	NA	NA	NA
2795981	106.575	51.025	NA	NA	142.903228	NA	NA	NA
2802496	106.325	50.975	NA	NA	142.879004	NA	NA	NA
2802497	106.375	50.975	NA	NA	142.897301	NA	NA	NA
2802498	106.425	50.975	NA	NA	129.774194	NA	NA	NA
2809015	106.275	50.925	NA	NA	142.868352	NA	NA	NA
2809016	106.325	50.925	NA	NA	128.971429	NA	NA	NA
2815535	106.275	50.875	NA	NA	142.877537	NA	NA	NA
2822055	106.275	50.825	NA	NA	142.863312	NA	NA	NA
2828575	106.275	50.775	NA	NA	142.851812	NA	NA	NA
2835095	106.275	50.725	NA	NA	142.840308	NA	NA	NA
2835096	106.325	50.725	NA	NA	143.510151	NA	NA	NA
2841615	106.275	50.675	NA	NA	143.494024	NA	NA	NA
2841616	106.325	50.675	NA	NA	143.50335	NA	NA	NA
2848133	106.175	50.625	NA	NA	138.686181	NA	NA	NA
2848134	106.225	50.625	NA	NA	143.488892	NA	NA	NA
2848135	106.275	50.625	NA	NA	134.192308	NA	NA	NA
2854653	106.175	50.575	NA	NA	143.457811	NA	NA	NA
2854654	106.225	50.575	NA	NA	143.44387	NA	NA	NA
2854655	106.275	50.575	NA	NA	125.36377	NA	NA	NA
2861172	106.125	50.525	NA	NA	123.544305	NA	NA	NA
2861173	106.175	50.525	NA	NA	143.410518	NA	NA	NA
2861174	106.225	50.525	NA	NA	143.419964	NA	NA	NA
2861175	106.275	50.525	NA	NA	143.434856	NA	NA	NA
2867691	106.075	50.475	NA	NA	118.111111	NA	NA	NA
2867692	106.125	50.475	NA	NA	143.395004	NA	NA	NA
2874211	106.075	50.425	NA	NA	143.371612	NA	NA	NA
2880731	106.075	50.375	NA	NA	143.350639	NA	NA	NA
2887251	106.075	50.325	NA	NA	143.34016	NA	NA	NA
2887252	106.125	50.325	NA	NA	143.325416	NA	NA	NA
2893772	106.125	50.275	NA	NA	143.318058	NA	NA	NA
2900291	106.075	50.225	NA	NA	143.46208	NA	NA	NA
2900292	106.125	50.225	NA	NA	143.477362	NA	NA	NA
2906809	105.975	50.175	NA	NA	143.440197	NA	NA	NA
2906810	106.025	50.175	NA	NA	143.455312	NA	NA	NA
2906811	106.075	50.175	NA	NA	118.010929	NA	NA	NA
2913326	105.825	50.125	NA	NA	143.397123	NA	NA	NA
2913327	105.875	50.125	NA	NA	143.413199	NA	NA	NA
2913328	105.925	50.125	NA	NA	143.427757	NA	NA	NA
2913329	105.975	50.125	NA	NA	143.435194	NA	NA	NA
2919845	105.775	50.075	NA	NA	143.390781	NA	NA	NA
2919846	105.825	50.075	NA	NA	111.442307	NA	NA	NA
2926363	105.675	50.025	NA	NA	131.029412	NA	NA	NA
2926364	105.725	50.025	NA	NA	143.351732	NA	NA	NA
2926365	105.775	50.025	NA	NA	143.372176	NA	NA	NA
2932880	105.525	49.975	NA	NA	143.298941	NA	NA	NA
2932881	105.575	49.975	NA	NA	143.323851	NA	NA	NA
2932882	105.625	49.975	NA	NA	143.33101	NA	NA	NA
2932883	105.675	49.975	NA	NA	143.340395	NA	NA	NA
2939398	105.425	49.925	NA	NA	143.272655	NA	NA	NA
2939399	105.475	49.925	NA	NA	143.28142	NA	NA	NA
2939400	105.525	49.925	NA	NA	143.293154	NA	NA	NA
2945918	105.425	49.875	NA	NA	143.276687	NA	NA	NA
2952433	105.175	49.825	NA	NA	143.217768	NA	NA	NA
2952434	105.225	49.825	NA	NA	143.233201	NA	NA	NA
2952435	105.275	49.825	NA	NA	143.241115	NA	NA	NA
2952436	105.325	49.825	NA	NA	143.247652	NA	NA	NA
2952437	105.375	49.825	NA	NA	143.259218	NA	NA	NA
2952438	105.425	49.825	NA	NA	124.4125	NA	NA	NA
2958950	105.025	49.775	NA	NA	143.169055	NA	NA	NA
2958951	105.075	49.775	NA	NA	143.191319	NA	NA	NA
2958952	105.125	49.775	NA	NA	143.199044	NA	NA	NA
2958953	105.175	49.775	NA	NA	143.210522	NA	NA	NA
2965466	104.825	49.725	NA	NA	129.104484	NA	NA	NA
2965467	104.875	49.725	NA	NA	143.123498	NA	NA	NA
2965468	104.925	49.725	NA	NA	143.129422	NA	NA	NA
2965469	104.975	49.725	NA	NA	143.149483	NA	NA	NA
2965470	105.025	49.725	NA	NA	123.827084	NA	NA	NA
2965471	105.075	49.725	NA	NA	143.184169	NA	NA	NA
2971981	104.575	49.675	NA	NA	137.775001	NA	NA	NA
2971982	104.625	49.675	NA	NA	143.091016	NA	NA	NA
2971983	104.675	49.675	NA	NA	143.097852	NA	NA	NA
2971984	104.725	49.675	NA	NA	143.099307	NA	NA	NA
2971985	104.775	49.675	NA	NA	143.107681	NA	NA	NA
2971986	104.825	49.675	NA	NA	143.116862	NA	NA	NA
2978499	104.475	49.625	NA	NA	123.402344	NA	NA	NA
2978500	104.525	49.625	NA	NA	143.066631	NA	NA	NA
2978501	104.575	49.625	NA	NA	143.072299	NA	NA	NA
2978502	104.625	49.625	NA	NA	143.086016	NA	NA	NA
2985018	104.425	49.575	NA	NA	143.033252	NA	NA	NA
2985019	104.475	49.575	NA	NA	143.05198	NA	NA	NA
2991536	104.325	49.525	NA	NA	143.015038	NA	NA	NA
2991537	104.375	49.525	NA	NA	143.022082	NA	NA	NA
2991538	104.425	49.525	NA	NA	131.421966	NA	NA	NA
2998046	103.825	49.475	NA	NA	142.943818	NA	NA	NA
2998047	103.875	49.475	NA	NA	142.948994	NA	NA	NA
2998048	103.925	49.475	NA	NA	142.954186	NA	NA	NA
2998049	103.975	49.475	NA	NA	142.956502	NA	NA	NA
2998050	104.025	49.475	NA	NA	142.965828	NA	NA	NA
2998051	104.075	49.475	NA	NA	142.970777	NA	NA	NA
2998052	104.125	49.475	NA	NA	142.968975	NA	NA	NA
2998053	104.175	49.475	NA	NA	142.985408	NA	NA	NA
2998054	104.225	49.475	NA	NA	142.997093	NA	NA	NA
2998055	104.275	49.475	NA	NA	143.009551	NA	NA	NA
2998056	104.325	49.475	NA	NA	143.005359	NA	NA	NA
3004564	103.725	49.425	NA	NA	142.927017	NA	NA	NA
3004565	103.775	49.425	NA	NA	142.940568	NA	NA	NA
3004566	103.825	49.425	NA	NA	129.504244	NA	NA	NA
3004574	104.225	49.425	NA	NA	142.746989	NA	NA	NA
3004575	104.275	49.425	NA	NA	143.003638	NA	NA	NA
3258562	89.625	47.475	NA	NA	157.85968	NA	NA	NA
3265082	89.625	47.425	NA	NA	157.177485	NA	NA	NA
3271602	89.625	47.375	NA	NA	137.776351	NA	NA	NA
3271603	89.675	47.375	NA	NA	157.026647	NA	NA	NA
3278123	89.675	47.325	NA	NA	154.501957	NA	NA	NA
3284642	89.625	47.275	NA	NA	154.361246	NA	NA	NA
3284643	89.675	47.275	NA	NA	154.268872	NA	NA	NA
3291163	89.675	47.225	NA	NA	154.184823	NA	NA	NA
3291164	89.725	47.225	NA	NA	155.756568	NA	NA	NA
3297683	89.675	47.175	124.197667	122.766502	155.350291	31.152625	32.58379	NA
3297684	89.725	47.175	124.153713	122.631056	155.358742	31.205028	32.727686	NA
3304202	89.625	47.125	NA	NA	155.234034	NA	NA	NA
3304203	89.675	47.125	NA	NA	155.333643	NA	NA	NA
3310720	89.525	47.075	NA	NA	155.150843	NA	NA	NA
3310721	89.575	47.075	NA	NA	155.147869	NA	NA	NA
3310722	89.625	47.075	NA	NA	155.203689	NA	NA	NA
