Arctic_continuous,Arctic_discontinuous,Arctic_isolated,Arctic_no_permafrost,Arctic_sporadic
33.630287,NA,14.542326,NA,NA
34.524269,27.250978,NA,NA,31.191676
30.839305,26.52207,NA,0.49483,30.857993
29.273664,29.204138,16.553748,NA,NA
28.982976,NA,19.555488,6.916898,NA
NA,NA,NA,7.068787,26.884684
26.510822,NA,16.512465,NA,25.845291
NA,NA,18.577668,7.48174,24.237462
27.029911,NA,12.467111,0.224534,NA
32.219344,30.133074,18.764629,7.560975,NA
30.042541,29.544652,18.240966,7.518344,NA
NA,29.982588,17.993439,7.170989,22.381579
31.73636,30.018196,15.973727,7.467238,8.7857
32.684543,NA,17.231296,NA,28.66557
31.771952,NA,18.315783,7.301103,NA
32.999068,30.096781,12.658772,6.853118,9.900382
NA,30.804252,17.477008,7.143411,21.305155
34.662258,NA,17.9147,-0.372381,26.161374
NA,18.977374,18.558517,NA,27.846167
33.738952,18.931724,18.333536,NA,30.136614
31.943468,23.797372,18.30609,NA,24.860506
30.678636,19.252378,18.688953,NA,27.772288
32.179191,19.186581,14.767329,NA,23.197286
33.360229,18.541448,18.212226,2.90457,30.766193
31.026299,23.151678,18.016984,NA,6.041312
28.469374,19.054339,13.542847,NA,6.026577
26.245452,19.155748,18.420469,18.61462,10.464632
27.849812,22.867663,13.782641,17.449897,19.687437
NA,18.673566,17.781642,16.369206,13.767393
NA,NA,17.845043,7.551484,NA
32.446373,18.867332,18.336128,NA,NA
31.622797,17.874561,17.668808,NA,NA
NA,18.64217,18.344162,15.174011,NA
30.642959,19.196787,16.972162,NA,NA
27.201145,19.156989,17.601826,NA,5.403254
27.256081,21.846217,18.303663,7.315124,NA
29.960611,19.196916,NA,19.677469,NA
32.262087,22.852691,15.328871,20.111288,5.043186
29.120812,19.042245,18.378483,NA,9.407998
NA,23.033066,NA,NA,4.180869
30.947696,21.221835,18.377917,11.29422,6.388718
31.677107,18.183921,NA,11.135562,3.430471
25.049736,22.512828,17.343627,NA,4.494219
31.115989,18.951303,17.522579,NA,4.305139
24.820009,18.634454,17.135201,18.826868,7.394901
27.131959,17.882362,17.579608,17.501239,9.849245
26.317354,18.844474,NA,-0.264539,5.785305
28.975683,19.017845,13.229604,11.057889,3.836748
28.176408,18.296448,18.163025,11.118016,3.461052
27.458529,18.247418,NA,11.102223,3.742958
26.713915,17.964338,NA,NA,4.050753
27.846271,18.644996,17.912524,NA,19.887961
29.673225,20.848043,NA,NA,5.521177
29.456363,18.901773,NA,13.765375,19.431834
29.962218,18.850848,NA,10.236181,4.330942
22.421384,19.048464,17.299723,15.107977,23.142991
21.636844,NA,17.689484,-1.329138,23.329604
25.483368,NA,17.630657,10.931919,21.676934
30.73203,18.651258,17.886775,4.154808,NA
26.468306,20.598909,NA,3.980525,19.646954
25.910475,18.657836,17.883681,4.203774,20.22945
24.576978,20.05174,17.130287,4.127967,NA
24.663239,18.894175,17.580649,3.32142,NA
24.583066,18.887475,17.411106,3.049149,7.530387
NA,19.118375,17.994457,3.303008,NA
21.838938,19.122851,16.388091,3.01589,28.148228
24.544652,18.956638,17.465798,13.379612,NA
23.633695,18.891054,17.664219,13.160617,19.976038
NA,19.02622,17.944962,NA,20.30908
23.196571,NA,NA,NA,23.014425
23.848937,19.08663,NA,NA,NA
23.867166,18.316322,14.149771,NA,NA
23.216736,NA,18.001075,NA,NA
23.099398,18.137605,17.832534,NA,19.900364
22.820683,18.218688,17.290146,4.346657,3.230369
22.739131,11.076646,19.423318,7.392375,22.271818
24.36373,18.270218,NA,6.582344,28.237242
25.75018,18.244332,NA,7.088203,17.843199
NA,NA,15.931802,NA,19.305833
30.003495,10.850615,18.130609,NA,19.414704
25.024659,17.746701,18.024773,NA,4.757303
23.745012,13.462874,2.727953,NA,24.446083
24.01589,10.780801,NA,NA,NA
23.561937,10.754318,NA,NA,NA
23.644516,29.879032,NA,4.993388,NA
23.740239,34.301742,NA,7.082451,28.413844
23.762756,NA,10.928533,-1.072518,28.209901
23.76091,19.563325,18.091329,-0.360415,17.987771
24.659604,19.686905,NA,2.29522,17.86567
23.507959,20.30726,NA,NA,4.546663
24.542659,19.13571,2.480602,NA,25.36438
29.933578,19.363306,NA,NA,NA
29.246309,19.399091,NA,1.548793,18.915434
26.342059,19.622723,NA,7.959802,19.163861
23.571245,26.897572,17.875757,NA,7.17792
22.795073,20.060205,5.791958,13.353115,3.964509
22.774467,19.909209,2.303556,13.261,25.119018
30.506711,35.22917,NA,NA,19.274274
27.06217,19.227821,NA,NA,19.246058
19.075459,19.550873,NA,NA,6.721537
23.684636,28.068088,17.986345,NA,3.453905
26.442568,19.052301,3.401718,1.207881,25.093509
20.701592,NA,NA,NA,19.946477
18.19482,NA,NA,NA,NA
25.790899,NA,NA,NA,3.547212
18.166317,NA,NA,6.443271,3.03076
25.068912,NA,NA,NA,24.535646
22.844204,NA,NA,8.043416,NA
24.586534,NA,NA,15.259956,19.999637
24.569302,NA,11.644101,NA,19.587501
23.219753,NA,18.198011,0.523212,19.057654
NA,NA,-3.361647,-0.816633,18.53613
29.767274,NA,4.519198,1.680085,4.79481
21.663717,NA,NA,15.355316,3.439845
18.356576,NA,21.343436,14.393441,24.616229
18.109807,NA,21.305285,-0.673686,21.794669
23.471262,NA,20.95786,-1.536454,22.075422
23.372415,NA,19.811328,NA,19.538607
25.471868,NA,NA,NA,18.8778
17.868358,24.125,NA,NA,9.63976
23.180027,19.397471,NA,17.552735,4.566884
23.282999,18.82937,NA,-0.954452,23.183299
23.159904,NA,NA,14.390535,23.594367
23.47376,NA,NA,0.273821,24.983119
24.979012,19.414927,NA,14.912649,18.692328
19.763089,20.008124,17.616708,14.391167,18.44587
23.395353,20.498226,17.765601,0.10259,NA
21.653713,20.420767,8.322535,12.627217,12.000204
17.147813,25.434047,4.195128,14.595937,NA
23.454118,19.636444,6.130219,-1.464504,25.481654
23.177526,NA,1.71515,11.705469,19.555189
23.603747,NA,17.630932,13.854022,19.205061
11.27686,19.404046,18.872817,0.18594,19.522397
11.505189,19.629752,19.260873,7.275843,10.661395
11.590861,19.405459,NA,13.815739,8.557107
12.183134,19.943696,NA,3.024854,25.196001
11.51734,27.672441,NA,2.563992,24.824724
11.297925,20.468113,NA,10.358597,22.349072
11.535311,19.857729,NA,NA,19.43451
11.849099,NA,NA,14.182546,NA
11.970325,12.91826,NA,NA,10.987724
11.837788,12.844581,NA,NA,6.248724
13.253552,NA,NA,0.826492,25.169933
14.928416,NA,NA,1.323528,19.462243
12.912739,12.780049,NA,NA,4.10439
23.726053,12.76073,NA,NA,24.29721
NA,NA,12.806022,15.810006,24.863834
10.992282,19.183617,17.90731,-0.752491,19.586006
10.883132,30.315374,7.779407,-1.199429,24.525453
10.950011,20.086825,8.131002,-0.816756,6.744422
26.171846,19.454768,18.897402,NA,5.643372
12.910659,20.064503,NA,NA,23.811875
11.759844,21.571121,NA,15.560044,24.23363
11.855796,20.362883,NA,15.893002,22.124363
25.609647,20.412029,NA,5.403931,24.742526
23.554894,21.202743,NA,-0.490743,2.573818
12.814824,19.799685,NA,-1.767273,20.748096
11.605135,19.898228,NA,-2.64742,19.473798
11.006557,NA,NA,NA,NA
25.011608,20.475359,NA,NA,24.555359
NA,26.991293,NA,13.965547,20.392054
13.584887,20.445774,NA,12.856903,1.99431
14.027037,20.016712,NA,NA,NA
23.73202,19.240728,NA,-2.479677,19.019764
23.818124,29.162101,NA,-1.483522,NA
28.19215,NA,NA,1.399762,23.622945
13.305557,NA,NA,9.059978,24.171764
11.253607,-0.610038,NA,13.758849,24.307527
23.817263,NA,14.066679,NA,7.069722
13.131937,14.20912,NA,0.824594,4.819636
10.856374,13.045586,7.432742,-2.928181,23.024828
11.216586,NA,2.492354,NA,NA
27.407916,NA,3.848261,14.130833,24.081638
22.907005,NA,1.833849,13.745635,2.871719
14.072464,NA,-0.9231,0.731359,19.225893
13.852168,NA,NA,-1.54168,23.094252
13.451656,NA,NA,NA,NA
24.381799,14.566119,NA,NA,23.94558
17.35205,-8.835485,NA,14.879434,3.610485
26.218595,26.905884,NA,13.949369,20.331914
12.985819,18.982081,NA,14.685538,23.092944
13.402212,21.844065,NA,13.718004,NA
14.089365,21.538658,NA,NA,NA
23.971545,21.060789,NA,2.208765,3.875399
23.973681,20.654956,NA,1.626148,22.830674
14.05334,19.796539,NA,NA,22.835778
27.290839,19.228407,NA,-0.249145,24.006981
14.895493,18.78859,NA,-0.017743,NA
20.727059,19.612476,NA,NA,6.477965
23.888358,20.914374,NA,NA,5.995989
11.179251,31.31935,NA,2.808139,22.331814
12.297667,2.288102,NA,3.210993,22.758486
29.071638,-5.440644,17.505287,13.736636,22.552456
NA,NA,1.994143,13.647868,22.46065
11.859614,NA,6.08995,NA,23.916768
22.619135,NA,21.311079,-0.518134,4.015625
NA,NA,21.123545,3.643037,22.302929
24.984378,NA,16.723914,13.623973,20.303641
26.722675,NA,NA,13.773886,23.662705
11.545133,13.25476,NA,14.10163,NA
12.241325,NA,NA,-1.620526,2.328788
24.576044,19.450667,NA,5.209528,2.130293
24.354906,19.357295,NA,13.733547,20.209765
11.703218,NA,NA,11.668256,22.411303
10.551682,NA,14.141733,13.864499,22.294577
NA,14.41435,18.231352,13.833052,23.448821
NA,13.622213,3.913128,13.866291,23.411339
23.420247,14.895,NA,0.549692,4.052259
23.00489,14.593116,NA,13.468568,2.577199
23.40103,14.897683,16.356328,13.441979,22.248545
14.923654,13.32581,19.57099,13.372369,22.296617
11.970755,18.961093,19.332436,NA,NA
15.363708,19.2519,21.975689,13.71764,20.826551
14.661416,19.443419,16.604616,13.849489,NA
26.674595,NA,19.33213,1.695072,5.040531
28.132914,-1.649086,14.953057,NA,3.123894
29.505549,13.818071,10.534157,13.406345,22.180716
29.096559,2.508185,19.74531,NA,22.220019
13.707731,NA,14.626737,NA,21.965368
12.458957,NA,NA,NA,21.029624
12.242751,13.962535,NA,NA,21.195404
23.318309,14.524419,NA,3.522607,20.146959
23.570245,-6.881277,NA,1.795503,NA
30.480132,18.996545,NA,14.169178,4.546043
21.321345,-2.81969,NA,13.346603,3.861736
NA,13.356333,NA,13.119934,22.006496
22.904362,NA,NA,-0.545632,22.160606
26.35738,NA,9.868374,13.289474,20.667508
12.34629,11.618785,17.38814,13.114976,2.568638
14.205785,13.452249,17.735391,NA,22.024951
25.446904,20.809967,16.469988,1.336965,NA
NA,19.504843,17.35223,13.355534,20.242417
10.679195,27.835121,17.865271,NA,5.006268
11.936123,NA,17.13915,NA,NA
27.975826,13.338224,12.399193,13.431663,NA
23.921841,13.979079,6.745856,13.578664,NA
11.723408,-8.276157,6.846972,13.934614,NA
25.450146,NA,2.565721,2.594929,NA
12.041925,NA,3.866195,13.271133,NA
16.789403,NA,-6.715301,NA,NA
28.104272,12.560479,20.841403,15.908378,NA
31.187834,-6.21559,14.239706,16.21954,NA
31.343577,NA,12.677754,9.956973,22.057762
12.045035,NA,17.621886,15.493697,22.0943
24.833532,19.08164,18.822514,15.397653,NA
31.069916,19.166597,NA,10.349048,NA
NA,19.055596,NA,NA,NA
10.893246,NA,NA,-1.102506,19.257481
10.997693,-0.83337,NA,3.110561,4.165052
21.77504,-4.987566,NA,13.155937,NA
25.400688,-0.974759,NA,13.260862,NA
28.371747,NA,NA,13.044214,NA
28.885921,NA,NA,10.464636,22.196307
29.111475,13.38586,NA,13.29631,14.630485
29.103305,14.301234,NA,NA,NA
27.812716,14.154965,NA,16.265574,NA
21.225115,13.44098,NA,15.630473,18.263386
28.48472,6.180413,NA,15.404195,19.525285
29.563365,14.109172,NA,10.172397,2.763587
30.762164,13.816384,NA,5.767249,NA
NA,14.121601,NA,0.454439,NA
11.717319,NA,NA,2.656112,NA
14.931378,-8.229881,NA,13.130306,22.465565
11.805709,18.657262,17.072899,13.332744,NA
24.805444,18.915974,17.618118,13.428445,21.925994
27.99329,18.692811,18.100896,13.674062,18.729646
28.958231,25.319913,18.19045,15.219646,15.939165
27.916702,-7.514249,10.358267,15.350398,18.684982
27.109901,NA,4.356143,15.043562,18.177623
29.211554,13.841551,2.770839,15.343432,19.03323
29.738658,NA,7.452176,15.288906,19.290621
NA,15.247876,2.373597,15.423186,4.407822
30.106947,19.864155,4.906781,15.166709,NA
30.035879,18.839163,5.883838,15.204912,NA
29.860363,18.653195,1.051603,14.813443,21.846653
NA,13.449695,18.152183,1.422736,21.873024
NA,13.87686,18.755173,6.741911,22.43721
NA,NA,20.606653,13.22006,NA
29.600195,12.90955,12.903678,13.607578,NA
29.682637,NA,NA,NA,13.82802
NA,NA,NA,9.668714,15.546007
11.641507,NA,NA,9.197683,12.480188
11.521902,32.66353,NA,15.173469,14.607125
11.019986,19.062419,NA,9.486445,18.494566
25.821151,20.39326,NA,15.28557,1.89445
28.695973,20.915062,NA,14.876934,4.659374
29.09103,NA,NA,3.782564,NA
28.996552,9.201687,NA,1.405606,NA
29.33814,8.60127,NA,13.105331,23.399393
31.250496,13.992419,NA,5.9919,22.966794
20.918269,NA,NA,9.187557,NA
12.028576,13.759447,10.493016,NA,16.443548
13.81694,14.50147,17.668306,14.821771,21.577463
24.967303,15.077752,17.94212,14.775181,21.20117
NA,14.076952,3.729126,14.552457,22.358162
28.915679,NA,0.642405,14.864544,19.04188
28.852651,14.531102,NA,14.459342,19.571332
28.537965,14.85789,17.970258,-0.362749,NA
28.441529,30.332807,17.991344,-1.654752,2.752473
28.503452,32.47628,NA,1.028801,-0.535503
24.959485,20.150418,1.092251,13.325078,NA
29.476501,NA,-0.407072,13.133184,NA
30.786405,12.403463,2.475229,NA,22.339166
30.818753,12.292642,17.944788,9.945634,NA
30.556413,10.19022,NA,8.135686,NA
30.598049,-7.865364,-4.216058,15.707161,NA
28.99635,15.28656,-4.579429,14.819914,NA
27.45729,NA,-3.619867,14.836126,NA
29.939733,-5.904505,-0.369821,NA,NA
20.816337,14.163697,4.672524,0.867523,23.031046
NA,-0.839143,2.117898,NA,23.192218
10.236048,14.463179,11.156324,13.116705,NA
25.824164,14.252575,1.089772,14.702718,21.660191
25.759317,NA,NA,14.736289,21.989864
30.742472,31.923764,18.04885,14.739563,17.31972
30.650827,32.900659,NA,9.279188,18.427849
30.55644,19.949857,2.529871,2.44273,18.58886
30.643406,13.799835,-3.656237,13.092159,2.202807
30.828929,13.937114,17.370239,13.128822,1.339244
30.770867,14.194393,17.459092,13.396296,1.579909
30.630293,14.403588,NA,13.359442,NA
NA,14.365708,NA,14.676295,NA
31.367967,32.894475,-1.480234,14.865759,NA
31.358253,29.75986,NA,NA,NA
27.726907,NA,17.155138,2.359321,22.638363
30.929044,19.798594,17.015813,-0.211062,21.714596
17.553822,14.261321,NA,3.4531,21.669176
9.985285,-11.910122,18.669483,NA,NA
NA,14.178227,18.711741,NA,18.027639
NA,31.605611,17.924686,12.963062,18.198542
29.178032,NA,NA,13.174127,18.68702
NA,19.180765,17.917016,13.200113,-2.039439
26.962565,NA,18.141128,14.734842,2.433182
30.511469,NA,18.44114,14.840068,3.814414
30.713993,NA,18.406782,9.171297,5.167052
31.18632,NA,NA,14.731511,2.802812
30.793902,14.99306,18.567342,14.720092,NA
30.878853,NA,19.049689,14.97807,NA
31.021633,13.864546,10.33403,15.058153,NA
30.863809,14.012392,18.047793,3.545603,15.096156
30.664711,13.592984,NA,1.40378,22.76613
29.240538,13.620563,18.322558,13.053605,15.341234
27.698942,13.465938,18.640376,14.808626,21.409078
27.347041,13.416832,18.463005,14.955597,21.426455
30.316907,13.904267,18.472,14.359043,15.347334
31.077613,14.391935,18.689599,13.664495,17.199989
NA,15.26176,18.269683,14.484655,17.212325
31.216187,NA,18.184448,14.44469,3.737876
31.243907,17.234119,18.399512,11.447083,5.806247
31.137828,16.036151,18.095256,14.643961,3.51535
30.833956,14.459961,18.545407,14.55302,2.699091
30.266244,NA,NA,-2.507036,NA
24.587992,33.377471,NA,0.036315,NA
9.747491,32.99923,18.576488,-0.846715,22.47621
20.260255,32.752589,18.608734,0.394087,22.625203
36.39506,32.8655,NA,NA,22.528159
34.181731,32.754394,NA,13.102073,23.323093
33.03905,31.693297,NA,9.253193,16.256578
36.642557,26.880199,17.789243,NA,NA
35.475382,20.06076,18.016615,14.661596,21.62365
NA,NA,18.648037,14.777892,14.309352
NA,NA,18.054451,14.792212,15.524025
24.696163,NA,17.9831,0.537385,15.837606
21.224163,NA,18.320331,13.812748,2.694704
NA,NA,NA,NA,3.025782
29.697957,15.585918,NA,12.970012,4.290955
30.831204,15.966821,18.180371,13.034078,8.920264
30.9493,NA,17.976227,NA,NA
30.462979,NA,18.300108,14.534542,NA
10.209462,NA,18.335113,3.012347,22.494644
28.919955,34.96787,18.115602,12.931909,22.134242
31.640699,34.677925,17.838423,13.057881,22.354153
31.612976,24.122784,18.325109,14.601428,NA
32.602858,24.732391,NA,NA,22.21494
40.886743,28.097741,0.152278,14.820727,21.969114
34.580918,19.785563,NA,-0.830594,22.494648
31.430758,19.936392,NA,NA,22.890886
32.436946,NA,-2.37084,12.96302,22.207016
33.925721,NA,-3.076934,14.777456,22.528618
34.079973,NA,-3.258371,-1.082144,22.741711
31.459015,15.58152,-2.833174,-0.320423,16.020031
NA,NA,NA,-2.319343,NA
31.183058,14.503591,NA,-0.001221,7.490154
31.044546,13.713571,-0.683194,0.829803,2.892401
NA,14.21968,-0.529908,1.572414,4.301816
NA,NA,-2.305369,0.198514,NA
26.396012,NA,NA,12.772046,22.305711
24.341252,12.996376,18.714615,NA,NA
27.318621,33.962684,20.98523,13.131964,22.101325
19.136628,35.255807,23.484857,14.732386,15.77688
9.717413,NA,17.427106,14.651191,14.807774
29.090525,26.590598,7.315138,14.566195,15.201581
32.157859,19.507579,18.600761,14.439287,22.197535
NA,NA,5.091407,-0.256466,NA
NA,15.463726,7.771909,2.771722,NA
NA,12.22671,17.435365,12.593762,22.522041
NA,34.767314,18.432792,12.886341,16.556838
NA,33.956034,NA,12.878837,6.810625
NA,NA,18.879676,13.044443,8.043465
NA,19.083543,18.683275,14.807995,NA
NA,20.034388,18.368699,14.675551,NA
NA,NA,18.097385,14.669611,22.263198
NA,NA,17.829216,6.993291,NA
NA,NA,18.61364,-0.785442,22.169469
25.003346,NA,18.751986,-2.715934,9.58676
27.984973,13.521466,18.514968,-0.172995,5.772986
27.235564,14.5175,18.661343,12.667354,NA
27.798667,15.259531,18.873763,11.344588,NA
9.945208,14.406307,18.453398,13.139085,NA
10.886545,14.9951,18.481968,12.607233,NA
11.215437,13.077507,18.662217,14.929133,14.971993
11.148525,1.698993,18.218434,14.863805,NA
31.314427,17.229866,17.448086,14.776871,-1.100683
NA,17.135204,18.595252,9.802206,3.666971
31.966428,34.598095,18.48831,-0.10139,NA
NA,34.456603,18.191832,-0.530709,NA
NA,24.64291,18.343241,-3.763305,5.418616
NA,20.154068,18.33145,12.684834,6.346789
NA,NA,18.504344,14.665457,NA
NA,NA,17.606123,NA,NA
25.495789,NA,18.305582,14.584507,-0.782536
24.898041,NA,18.552082,14.435308,3.834622
21.647962,NA,18.308,NA,4.046129
27.912643,15.17836,11.41691,2.507678,NA
27.877251,2.767505,18.129616,13.454879,NA
23.597607,5.520492,17.666704,13.180181,NA
12.187444,14.870455,17.834092,NA,NA
15.172271,14.640474,17.715573,NA,-1.404249
32.085898,15.0369,18.060515,NA,3.890931
33.404977,13.842956,18.443455,NA,5.291747
NA,6.119076,18.377034,14.534384,5.523967
NA,5.482699,18.180381,3.231862,NA
NA,15.541345,18.069513,12.720496,NA
NA,17.181574,NA,12.877331,-1.413201
NA,NA,18.500635,14.440612,5.1757
26.355811,NA,19.160012,NA,NA
26.256781,NA,18.644319,14.361958,NA
25.207237,NA,18.140273,14.315494,5.096538
23.140166,15.659599,18.155785,14.211601,NA
23.167005,16.057938,18.539493,14.240334,NA
31.420384,15.897389,18.188629,14.313152,7.775333
NA,17.15256,17.910172,-0.931412,-3.959198
NA,17.440173,19.123783,NA,NA
NA,17.05603,18.510137,NA,NA
NA,NA,18.118376,12.623945,3.679627
11.922858,20.039141,17.953022,12.956817,2.545796
24.429092,19.249394,18.218659,12.702873,NA
18.956086,NA,17.915138,13.169576,NA
9.104516,NA,NA,14.394134,3.654097
9.741342,15.100443,18.071862,14.307404,7.392703
29.539957,14.477884,18.095592,NA,NA
31.332448,NA,14.580241,-0.013291,-1.876756
32.649394,14.843233,17.899489,-5.583876,3.702239
NA,15.013963,17.734584,-3.052313,NA
NA,14.667725,17.446899,NA,NA
16.405199,15.394803,17.679928,12.817013,NA
21.832499,14.370821,17.582964,12.7078,NA
18.553644,3.213557,13.545893,12.692919,2.553497
22.711316,8.128855,-3.34475,12.135638,3.267318
NA,17.145825,NA,7.83761,NA
NA,17.053228,-1.707919,14.471371,-6.192286
10.405697,17.174888,-6.58117,NA,7.418071
-6.395193,17.13081,3.427129,0.116709,5.560655
NA,9.186432,3.388514,1.314508,5.735195
NA,NA,26.362494,-0.10798,5.077178
NA,NA,21.279106,0.817092,NA
NA,NA,19.036059,-6.212296,-4.662245
NA,19.033705,17.071687,-2.035676,3.603553
22.532124,NA,17.52328,12.667619,2.727275
22.774636,NA,17.829532,NA,17.581494
23.580094,NA,17.944259,14.512943,18.725489
12.079835,NA,17.992811,14.39992,4.220268
NA,NA,18.654947,14.219154,17.059808
NA,13.130837,18.525021,-0.022394,17.022112
10.589277,13.26478,18.542431,-2.019587,16.32374
NA,17.027807,18.549951,-5.188046,16.305331
31.223929,17.076781,19.015108,-1.950313,18.77289
31.702054,17.286951,18.761717,-1.934768,18.1327
33.366052,27.042794,18.215535,-1.785197,8.611952
NA,NA,18.053562,-1.996454,19.447618
28.988403,NA,17.771467,-2.702159,15.958995
NA,NA,17.194583,-4.016503,17.901134
NA,NA,17.481742,-4.480366,3.421125
NA,14.864945,17.736174,-3.393911,3.180935
17.862437,NA,17.912405,-0.839099,NA
16.031722,NA,17.434579,-2.257174,17.815498
25.02338,NA,17.996345,0.594104,-2.576496
22.525219,NA,18.019578,12.956119,5.441049
19.996798,13.930701,17.637906,12.606511,20.413407
28.35416,NA,16.852381,14.258884,NA
28.088075,NA,16.76121,10.161135,21.273034
10.627535,NA,17.552212,14.317574,NA
NA,13.06662,17.458032,14.262686,16.881121
NA,NA,17.766314,14.173831,17.337621
NA,17.108,17.102381,14.407547,15.461824
NA,16.944533,17.103451,NA,16.949421
NA,25.883492,NA,NA,15.775584
NA,21.19899,-1.715092,0.248627,15.850733
30.946967,22.128314,2.948129,0.026396,17.127864
NA,NA,2.918051,1.350151,16.379182
NA,16.370299,25.688625,NA,17.977225
15.738479,NA,22.671633,-5.551548,NA
27.169615,14.627515,24.967557,-5.814784,NA
28.459147,NA,NA,-1.050155,NA
28.375452,3.966302,NA,6.928494,NA
28.899549,14.831863,17.586924,6.724579,NA
28.878511,14.353881,17.454369,6.779623,NA
28.260782,14.91008,13.271865,12.511087,NA
28.349474,17.217765,18.027588,NA,NA
28.40554,17.173969,18.603887,NA,NA
28.562032,17.166387,NA,NA,NA
26.961354,17.0294,17.543256,9.656732,17.25293
11.351945,NA,17.168241,14.105002,NA
NA,NA,17.418827,14.31811,NA
NA,NA,17.94105,NA,NA
NA,19.082828,17.069961,14.187059,NA
NA,21.787855,17.133229,4.664815,NA
30.072194,NA,17.51296,15.194678,NA
29.274861,NA,16.924201,14.83663,NA
NA,NA,17.375496,1.683598,NA
NA,1.70309,-0.407977,NA,NA
14.506598,13.382301,3.20985,-6.338786,NA
23.61296,NA,2.439309,-4.152622,20.046777
28.21088,NA,-3.640328,-6.61816,NA
28.206536,13.33233,20.142265,NA,NA
28.180133,14.409178,18.856964,13.289897,NA
28.322282,14.394635,17.434967,9.491041,NA
28.716718,NA,16.973145,14.548512,NA
28.584201,14.306167,17.018401,14.529529,NA
20.321757,NA,-14.511635,14.253869,16.976884
NA,NA,-5.574966,0.598168,NA
28.194084,NA,-13.59836,1.04885,NA
28.02393,14.523914,15.530735,-2.275492,NA
22.643327,13.447297,18.039514,-5.42802,NA
28.302989,14.919762,23.267104,-6.568568,NA
23.335596,13.491019,25.995729,-6.60213,NA
13.904673,12.532372,NA,13.358347,NA
14.344221,17.062495,NA,14.130355,NA
15.302672,17.17343,18.105435,-13.275819,16.573375
NA,17.167482,17.31915,1.79771,NA
NA,NA,17.259659,-5.445831,NA
NA,18.776277,15.928636,-6.134606,NA
NA,19.297924,16.426978,13.041114,NA
29.283098,18.577656,17.374886,NA,18.603843
28.935306,21.774077,16.837263,NA,15.155174
NA,15.497238,16.761438,14.359737,NA
27.131273,NA,15.12014,14.383534,NA
28.021131,15.485531,15.057489,14.404365,NA
21.14292,-5.649734,13.837952,NA,NA
NA,13.753924,17.507744,0.252369,NA
28.455403,13.981792,17.246344,0.015624,NA
28.108835,13.790228,13.746366,-4.459881,NA
28.753449,13.135836,15.469314,-4.688161,NA
28.023652,13.260644,13.246736,-4.060179,NA
24.114659,NA,15.662928,-1.584333,NA
25.383114,14.514356,-1.558607,-3.019786,NA
12.344523,14.354046,-2.939756,-4.001875,NA
NA,NA,19.289158,-5.566561,NA
NA,NA,18.264247,-5.227427,14.658161
33.470682,NA,23.41989,NA,15.455391
29.08149,NA,22.057649,NA,16.418786
NA,NA,24.441731,NA,NA
NA,14.804591,20.964227,NA,NA
NA,14.137786,25.0709,NA,NA
25.684164,6.348137,25.559402,NA,NA
27.749752,17.161745,14.94721,NA,19.710849
22.759744,17.148871,16.353774,NA,NA
11.856335,17.074939,21.964121,NA,NA
13.364423,3.504361,25.377133,14.389619,20.423434
24.420626,NA,23.308309,14.219067,NA
NA,NA,14.868673,13.881423,NA
31.366899,NA,15.660148,NA,5.896165
29.2199,18.51368,17.270022,NA,5.998705
NA,19.656112,17.427339,-13.933154,20.618438
NA,NA,NA,1.083803,21.563034
NA,NA,NA,0.526912,15.039416
27.249626,17.11794,17.261377,-3.38364,NA
NA,17.363792,17.133056,-3.002827,NA
25.340611,19.24545,17.478007,-1.480481,NA
NA,20.063203,18.009904,2.392201,NA
NA,17.562923,17.503875,4.35925,NA
33.730145,16.17641,17.251304,-1.549506,NA
29.295548,NA,10.463911,-4.353161,5.912521
29.285161,NA,NA,-3.676953,8.641358
NA,15.738402,NA,-3.498732,19.958664
NA,15.441675,-2.130924,-2.615922,19.86236
NA,NA,6.399963,-4.78688,17.971331
28.022746,NA,19.099744,-6.615575,NA
NA,17.141852,22.021905,-5.465783,17.786541
NA,16.886364,22.476432,-5.57678,NA
19.293543,17.060945,15.781426,-7.345474,NA
NA,17.123686,16.106358,-5.951645,NA
32.99029,17.14457,15.674771,-3.770864,NA
27.21969,11.14951,15.200386,-5.835847,NA
28.628593,26.291889,15.114602,-2.673789,NA
27.131141,24.615364,6.469596,NA,NA
NA,19.822604,15.192999,12.226709,6.339278
NA,NA,14.914571,NA,6.298212
27.318044,NA,16.134274,NA,NA
NA,9.857502,16.63799,NA,NA
NA,17.739022,16.380934,14.05464,NA
NA,17.078834,NA,-0.275672,NA
NA,9.165752,-0.20697,NA,NA
NA,13.417441,-4.865543,-0.16763,NA
NA,17.697777,20.574927,-0.25105,24.388277
NA,14.698333,20.639317,0.793169,NA
10.286571,15.768932,-1.652652,NA,6.507158
27.477849,15.938663,15.672445,12.260841,6.864057
18.489939,15.826395,NA,NA,NA
17.018575,5.920546,NA,12.194404,NA
16.642024,17.371948,NA,12.18304,NA
25.137715,17.321518,14.920569,NA,NA
32.265684,17.076858,NA,12.122374,NA
32.443475,17.077706,16.877229,NA,13.550873
NA,17.057081,16.850572,11.867783,25.420577
27.783532,22.880873,18.054752,NA,24.832061
NA,23.43715,17.951301,NA,1.412478
NA,NA,NA,NA,6.046392
NA,23.925722,-0.26065,NA,6.0228
NA,20.058182,2.151695,NA,0.682311
23.650071,NA,-11.428825,NA,7.48599
NA,NA,19.615275,9.587929,NA
27.866868,NA,22.36293,11.757401,NA
28.013389,14.222622,18.984529,NA,NA
27.77097,14.237728,15.066796,NA,NA
27.706006,15.011621,14.678595,14.113435,24.947583
27.708886,13.636727,17.2227,NA,24.650822
27.957197,14.458956,17.057526,-1.484373,25.019603
27.662622,14.710394,16.801057,1.82099,25.287305
27.623113,14.542659,17.272895,-0.511899,6.836693
27.993246,14.906806,15.614893,-1.52346,NA
28.296502,15.186833,17.152417,0.178888,NA
26.348023,NA,-0.982487,0.483233,NA
15.222745,14.62628,-1.166408,12.198044,NA
NA,7.034329,-4.135477,NA,6.237118
NA,14.243459,20.466872,NA,NA
16.716917,13.138491,19.821879,11.876447,NA
18.568323,13.659199,20.976378,NA,NA
26.688476,13.943718,16.031986,NA,NA
25.051546,14.210741,15.094109,NA,NA
25.454317,13.586762,15.229375,NA,NA
27.839748,15.003879,11.122594,NA,NA
28.373485,15.522013,17.120402,NA,24.934439
18.086353,14.860377,17.135077,11.795804,NA
17.612988,17.589036,NA,NA,NA
17.985247,14.91848,-2.127687,NA,6.67883
16.760626,14.296232,-2.011767,NA,6.902818
10.374233,15.538485,18.544711,NA,6.894601
13.281219,16.626651,20.088467,NA,7.180828
NA,17.482166,20.127512,NA,7.259699
31.985887,17.51189,20.405355,NA,NA
NA,17.564827,NA,NA,NA
NA,14.764129,16.470253,NA,NA
NA,10.134216,17.208787,11.620736,NA
NA,17.027267,16.997176,11.273895,-1.03132
NA,17.095006,19.087067,NA,6.994708
22.225669,10.261514,22.491346,NA,7.297255
22.264695,23.169021,20.584846,NA,7.034861
27.516616,22.607754,22.101925,NA,NA
24.439437,19.456953,23.718341,NA,7.333622
26.822615,NA,25.524922,NA,7.178965
NA,22.916823,24.653256,NA,7.403226
NA,NA,19.130635,NA,6.890487
NA,13.532242,3.493587,14.125878,NA
NA,13.581105,12.967942,14.142448,NA
NA,14.129399,12.326471,0.869,NA
NA,14.415725,17.076526,-13.235295,NA
NA,14.467783,17.023155,NA,NA
17.455017,14.364757,16.491049,NA,NA
16.531383,13.773375,16.651555,NA,NA
12.460881,14.287885,16.766562,NA,NA
22.980663,NA,16.732004,NA,NA
NA,13.517135,20.998677,NA,NA
NA,14.224089,19.737034,NA,6.561342
NA,14.625169,20.480053,NA,7.004261
NA,NA,12.495018,NA,NA
NA,NA,12.51504,-4.603356,7.488497
NA,14.717969,16.724836,14.081234,7.474167
22.234256,14.142168,16.61025,1.424446,NA
27.445173,14.307901,16.791595,-16.307912,NA
27.456699,13.788792,11.101224,9.039891,NA
27.724097,15.001601,13.698507,8.987697,NA
27.904971,NA,13.385874,NA,-1.464213
28.046029,NA,10.907,NA,-0.057217
27.39355,NA,25.435413,NA,7.545149
27.712068,17.054991,22.681581,NA,7.531095
27.664076,18.57643,19.592094,NA,6.830762
27.868712,17.062495,19.525968,NA,7.431912
28.371153,17.081457,24.080847,14.2641,7.667166
28.020399,17.079446,24.753552,NA,7.744799
27.775577,NA,24.967979,4.366528,NA
28.026881,22.826449,25.992915,NA,NA
27.526114,22.188025,22.126854,-0.3499,NA
17.519159,25.318859,21.340379,0.13257,NA
NA,22.281485,20.993332,-9.671859,NA
NA,10.119258,NA,8.257215,NA
NA,NA,17.015578,8.190418,NA
17.876373,-3.337011,16.808838,8.075352,NA
17.732748,13.796638,NA,NA,NA
16.421099,14.20421,NA,NA,NA
15.77735,14.314737,16.587558,NA,-2.603203
17.657599,NA,15.944684,NA,7.08782
16.952304,13.640383,20.049208,NA,6.245988
NA,16.976892,18.522806,-2.494425,4.92565
21.078741,16.87358,19.260291,14.500303,NA
16.313914,21.253057,18.926876,NA,6.62124
17.74797,23.091818,21.460666,NA,7.233212
17.447087,NA,20.525432,1.30406,7.124809
17.776126,NA,22.465581,15.058489,6.177864
17.351214,NA,20.520249,NA,6.827585
16.991841,NA,20.213369,NA,7.170643
15.778175,NA,20.406767,14.764167,7.274387
16.46592,12.720109,-7.10928,14.894112,NA
16.103476,14.901679,20.919833,NA,7.469057
16.780779,14.401123,24.160342,14.907308,-2.11464
17.344087,14.386651,23.203077,14.449723,7.372569
17.135566,13.284711,NA,NA,11.228053
17.447164,13.309639,10.623997,NA,7.466128
NA,16.856763,16.429476,NA,NA
11.02501,16.881266,-6.58652,14.546611,4.591592
16.387773,NA,20.152893,14.694384,4.446429
NA,NA,21.498831,14.668716,3.030127
32.660538,NA,22.847297,14.633448,NA
33.346574,9.377908,20.397653,14.574772,NA
NA,13.056629,20.337928,NA,NA
NA,4.893711,22.00627,14.731758,-0.820137
NA,14.217983,24.845097,1.364344,NA
NA,14.626589,25.332365,8.586295,7.578252
NA,14.32525,25.330624,0.149304,7.006754
NA,NA,24.735312,-0.264615,NA
NA,NA,22.270769,NA,NA
NA,15.399376,24.626791,NA,NA
NA,14.559723,24.427791,NA,NA
NA,16.718112,24.307742,NA,6.668161
NA,10.945762,24.421808,NA,6.718564
22.850771,NA,25.231587,NA,NA
23.836817,NA,20.86839,NA,NA
NA,14.238722,20.891758,NA,NA
NA,15.726662,20.681758,NA,NA
NA,15.658613,24.982311,NA,NA
27.803396,16.16482,17.523229,14.476803,NA
27.382912,16.688251,18.284688,14.545322,NA
25.952071,13.1472,17.938462,14.663186,NA
25.069559,13.782672,16.891984,NA,NA
17.469167,14.360012,19.123791,14.888917,NA
NA,NA,21.989199,14.827532,NA
17.815117,13.726212,17.8685,15.204708,NA
17.812715,13.120207,18.730881,14.788664,NA
17.34131,-0.414338,21.314648,14.882546,6.669413
15.836254,14.558703,20.188453,4.126963,7.459679
17.461675,17.052376,17.313691,14.509164,NA
NA,17.059523,18.491879,14.700999,NA
10.486281,17.279838,18.072286,NA,NA
10.122204,16.988741,20.386302,14.645469,NA
10.60286,17.072607,23.32719,NA,NA
11.580015,17.169732,21.515256,NA,1.265142
28.347899,17.289516,19.455793,0.210739,6.903169
NA,21.883595,19.643906,9.182478,NA
33.006097,NA,16.767307,9.276953,NA
NA,14.538773,16.806301,-11.530531,NA
NA,14.782765,17.394349,NA,NA
32.591558,14.362194,18.015565,NA,NA
NA,13.011845,21.063521,NA,NA
NA,12.924685,17.041444,NA,NA
NA,12.51953,17.804519,NA,NA
NA,13.745444,17.84121,NA,6.503692
NA,NA,NA,NA,NA
NA,10.143798,NA,NA,NA
12.249715,14.490718,19.634466,NA,NA
24.524873,14.108211,21.341254,NA,7.343604
27.770585,14.045162,19.832043,NA,NA
27.881203,13.977479,19.355677,NA,NA
17.678099,13.74179,-2.917991,NA,NA
17.934554,14.566684,16.551381,14.578202,NA
15.871791,-5.980269,16.570405,14.586349,NA
13.905827,-4.285321,9.123594,14.437569,NA
17.23651,NA,22.466617,14.184963,NA
17.83716,NA,21.989477,14.135224,NA
17.476784,NA,20.95409,13.594291,NA
17.80751,13.804854,10.948843,14.799026,NA
17.863992,13.962493,16.645714,14.926865,NA
18.745603,17.257009,16.352524,NA,6.543137
17.830789,NA,8.336186,NA,7.113305
17.210509,17.824534,23.562457,NA,6.46776
15.232776,NA,22.130192,NA,6.64477
10.733201,NA,16.545214,NA,NA
25.287498,17.870821,16.731296,NA,NA
33.655108,17.982186,16.621311,NA,NA
33.08811,17.896207,16.438502,-0.049482,NA
NA,18.113526,16.515088,-0.717111,NA
NA,17.660092,15.830175,9.096653,-1.802877
NA,17.742937,16.052207,NA,7.188722
NA,17.760977,16.317503,NA,6.063209
NA,NA,10.323997,NA,7.800783
23.508426,22.243546,24.420423,NA,6.827106
26.263563,5.270034,NA,NA,6.64227
27.749901,13.707016,16.100088,NA,NA
27.60588,-3.14947,NA,NA,NA
NA,13.84995,NA,NA,NA
17.981514,NA,16.318341,-0.673496,NA
17.897091,NA,16.307352,14.664631,NA
18.052134,NA,17.53597,14.353975,NA
17.713361,17.267829,15.476046,14.429042,NA
17.074568,14.633173,19.466878,NA,NA
17.966737,14.325736,17.654332,-3.919311,6.277764
17.916681,14.010987,18.469731,14.006189,5.848987
17.853252,13.479665,21.563813,NA,NA
17.831297,17.686953,NA,NA,7.324846
17.74737,NA,21.13539,-21.51144,NA
16.231781,NA,22.407255,0.669051,7.799565
16.91972,NA,16.516387,NA,NA
17.232798,6.93472,16.49701,9.077664,16.593926
16.452625,13.587137,17.109684,NA,25.187095
16.943902,NA,16.869645,NA,22.754341
17.776515,NA,17.539308,NA,25.288172
17.765813,NA,11.851046,NA,25.053123
17.610026,NA,16.464575,NA,NA
17.766805,14.506806,NA,NA,NA
17.088761,NA,NA,NA,NA
10.326989,NA,20.987558,NA,NA
28.928743,0.470509,6.706307,14.125608,NA
33.169538,14.168133,11.632182,13.981388,7.258257
32.90854,7.493486,NA,NA,NA
NA,15.28141,16.161597,NA,NA
NA,15.394628,10.22365,14.516896,23.107914
NA,15.040908,22.084755,1.028871,23.690167
12.745588,14.200968,20.302874,-16.989549,23.341773
22.091269,13.891795,22.014785,9.037651,NA
26.265538,NA,21.743896,NA,NA
27.957339,NA,17.884465,NA,NA
17.729443,NA,21.307984,NA,NA
17.844157,14.683129,23.636859,NA,23.397183
17.964896,17.676547,21.454901,NA,7.783121
17.727211,8.037101,16.960286,NA,7.384909
NA,NA,NA,NA,NA
17.75862,NA,20.952276,NA,NA
17.938561,NA,17.842917,NA,NA
17.739762,NA,11.518644,NA,NA
17.809113,NA,21.634695,NA,NA
17.572669,NA,23.676704,NA,NA
17.338229,13.310778,11.501429,NA,NA
NA,13.254248,NA,NA,NA
9.53916,13.739423,16.307496,NA,NA
NA,NA,16.186555,10.73214,17.080188
NA,NA,11.499224,NA,23.353846
NA,0.201927,22.842078,NA,22.603525
NA,14.049624,22.251651,NA,23.16203
33.364751,15.347882,13.884563,NA,NA
33.37664,NA,25.391558,13.9211,NA
NA,15.288753,23.906245,NA,NA
NA,15.602845,15.896523,NA,24.319446
NA,7.571358,15.772983,14.677022,0.007154
NA,14.695818,12.545039,NA,6.936932
NA,16.972713,13.167379,1.588218,NA
NA,16.398055,13.457965,NA,NA
NA,17.049417,21.633917,9.25151,NA
7.901364,15.435778,23.347324,NA,NA
23.336638,14.924135,16.20916,8.29694,NA
15.906065,16.528187,16.05322,NA,NA
27.804635,16.163215,16.138066,NA,NA
17.795982,15.073804,23.57627,NA,NA
17.752808,3.50589,NA,NA,17.914244
17.842346,14.328547,10.818235,NA,22.889397
17.921544,14.106506,15.836878,5.533763,24.019185
15.495022,13.504691,15.885657,11.213291,NA
17.944644,16.76794,16.029897,NA,NA
17.890569,17.662347,NA,NA,NA
17.684817,9.344539,23.157324,NA,NA
17.301473,9.942204,NA,13.917013,NA
17.622627,NA,NA,NA,NA
17.770389,NA,15.788125,NA,NA
17.550156,NA,15.772491,NA,NA
17.00657,21.963881,21.430571,NA,-0.106848
NA,13.149615,21.53939,NA,NA
33.823334,12.98287,23.79478,NA,7.064577
33.529483,13.613383,15.804303,NA,-0.157843
NA,2.809629,17.067301,NA,NA
NA,4.348755,22.075233,NA,NA
NA,14.258858,20.5137,NA,NA
NA,14.686456,22.884872,NA,23.207253
NA,14.41839,22.910935,NA,23.357404
NA,14.738676,20.193463,NA,NA
23.394366,13.633935,22.101864,NA,NA
22.822119,13.931169,22.098499,2.801222,NA
17.888255,16.986968,15.731607,2.102138,NA
27.581068,NA,15.628283,NA,NA
NA,NA,23.32995,NA,NA
17.719276,16.768692,23.073394,NA,7.216966
11.107533,14.422639,24.667508,NA,7.020033
NA,17.600994,15.596373,NA,NA
34.987838,17.491988,15.631666,NA,NA
34.585723,17.219159,15.600548,NA,NA
34.265087,22.64302,23.657265,NA,NA
32.178253,21.499612,8.559253,NA,23.129818
NA,13.871178,15.56138,NA,23.07951
NA,13.687156,6.515465,NA,NA
NA,14.03929,15.718177,NA,18.286465
NA,15.14139,15.571224,NA,NA
NA,NA,15.665158,13.877224,NA
26.612739,16.087146,8.840012,14.014574,24.33117
27.772675,16.495474,15.818579,NA,6.750834
27.977867,NA,NA,NA,6.32781
27.438917,17.619644,15.777876,NA,NA
27.305518,17.091296,NA,NA,NA
27.91526,21.30706,NA,NA,NA
27.389083,21.294117,NA,NA,NA
17.57988,NA,NA,NA,NA
16.424545,15.901315,21.524121,NA,NA
11.208894,2.00369,21.921793,NA,NA
10.901889,17.655554,21.36275,NA,NA
30.475412,16.447992,19.715555,NA,NA
25.170751,NA,20.475132,NA,23.812427
26.430197,NA,NA,NA,12.685048
26.562042,NA,NA,NA,NA
31.959581,NA,NA,NA,14.959652
30.582206,15.312284,NA,NA,14.781495
NA,NA,NA,NA,NA
NA,NA,NA,NA,NA
NA,14.846802,-5.50766,NA,10.437363
NA,17.579914,NA,NA,23.460836
NA,NA,NA,NA,NA
NA,NA,NA,NA,-1.604915
12.455831,21.93805,-5.925817,NA,-0.488569
24.087088,21.922453,-5.005609,NA,7.541703
24.142655,25.473371,NA,NA,7.29436
27.72446,13.127841,NA,NA,NA
27.662972,14.959073,NA,NA,NA
27.22752,NA,NA,NA,NA
27.638963,17.762635,NA,NA,NA
27.654805,17.707303,-5.529686,NA,NA
13.563816,NA,-1.861103,NA,NA
17.556538,NA,11.471255,NA,NA
10.645043,21.476128,NA,NA,NA
NA,NA,NA,NA,NA
25.284116,NA,NA,2.878633,NA
33.957779,NA,-5.372039,9.364234,NA
33.005369,NA,NA,NA,NA
NA,NA,NA,NA,NA
NA,24.149513,21.862769,NA,NA
NA,25.188571,NA,NA,NA
NA,25.486142,NA,NA,NA
NA,22.777659,NA,NA,NA
NA,NA,NA,NA,NA
NA,13.177989,NA,NA,NA
12.241176,0.804399,NA,-5.77199,NA
25.944614,17.129371,NA,NA,NA
12.242673,22.111709,NA,NA,NA
16.313424,21.106688,NA,NA,NA
17.478861,21.226958,21.745152,14.56842,NA
9.732368,20.701592,20.494777,NA,NA
NA,20.885522,21.451885,NA,NA
NA,NA,8.203677,NA,23.335952
29.866988,NA,8.278284,NA,9.701963
29.538564,26.281834,8.620276,NA,14.998711
28.522355,NA,NA,NA,12.272246
29.731476,14.591215,NA,NA,NA
30.617569,14.992439,NA,NA,NA
33.481062,NA,NA,NA,23.677265
32.967844,NA,21.471777,NA,24.675745
30.122446,15.484764,NA,NA,-0.483079
29.302432,16.210424,20.822378,NA,-0.326581
22.164457,16.541868,21.238343,NA,7.840152
22.757818,21.62622,21.300814,NA,8.192939
30.178293,20.902841,8.519862,NA,7.680301
30.882305,21.282267,20.836762,NA,7.642442
NA,20.823208,8.396271,3.000611,NA
32.952923,NA,8.616507,8.486585,NA
32.795616,NA,8.85207,NA,NA
NA,NA,8.522901,NA,NA
NA,20.645217,8.46374,NA,NA
NA,NA,-0.74201,NA,NA
NA,NA,-6.496086,NA,NA
NA,NA,-6.730843,NA,NA
NA,NA,NA,13.799966,NA
NA,NA,NA,13.608128,NA
NA,NA,20.402904,13.526971,NA
NA,NA,20.488101,14.395231,NA
13.498413,NA,21.529202,NA,NA
9.03131,15.18636,21.455463,NA,NA
NA,15.60432,NA,NA,NA
27.208043,16.054995,21.475126,NA,NA
17.168161,NA,20.841613,NA,NA
13.43502,16.623699,NA,NA,NA
NA,16.731492,21.631018,NA,NA
25.688916,17.073147,20.435144,3.407406,NA
22.952939,16.60276,NA,NA,NA
32.678231,NA,7.759825,8.312116,NA
34.643293,NA,NA,NA,NA
33.702604,20.918,8.107616,NA,NA
NA,NA,7.183622,NA,NA
NA,NA,8.511482,NA,NA
9.80427,15.133039,NA,NA,NA
29.619549,2.74943,-5.268436,NA,NA
NA,15.30476,-5.679216,13.471656,NA
13.976434,NA,-4.857783,NA,NA
13.064116,16.04338,NA,NA,NA
NA,NA,NA,NA,NA
NA,NA,NA,NA,NA
26.987668,NA,19.103116,NA,NA
17.606355,26.196895,NA,NA,NA
10.037305,16.738967,-2.338765,NA,NA
NA,16.490106,8.424468,NA,NA
22.299715,16.789766,-4.225155,NA,NA
25.053202,16.497069,NA,NA,NA
NA,16.078667,-2.376931,NA,NA
NA,NA,-5.512743,NA,NA
NA,NA,-4.137456,NA,NA
17.524057,15.743046,-2.165289,3.122503,22.803489
17.519719,NA,-4.993342,3.529688,17.928435
13.131595,15.491735,-3.052973,NA,14.818842
NA,1.551252,-3.376705,NA,14.759975
NA,16.413788,-0.108713,9.157532,NA
NA,15.567493,-1.417266,NA,NA
21.625951,16.351394,-4.439048,NA,NA
NA,NA,-4.455595,NA,23.974388
12.134021,15.968481,-3.976783,NA,24.670459
17.535201,15.316064,-0.679896,NA,NA
12.318078,NA,-4.958303,NA,7.393609
NA,NA,-5.427227,NA,NA
23.495028,16.57153,-3.222009,NA,NA
NA,NA,-5.23942,-8.756593,NA
NA,NA,-1.92783,13.609887,NA
NA,NA,-9.47665,13.706369,NA
12.773684,16.167782,-6.015139,13.818382,NA
17.424401,16.419681,-6.321592,NA,NA
17.709622,15.581335,-7.091461,NA,NA
17.620614,16.423329,-6.53227,NA,NA
17.233159,NA,-4.604658,NA,NA
NA,NA,8.02466,NA,NA
32.92428,NA,8.200006,NA,NA
31.558852,16.512545,8.590474,NA,NA
31.16938,16.30019,8.714678,NA,NA
33.232931,NA,NA,NA,NA
33.976696,16.299011,-3.97829,NA,NA
12.436198,15.910641,-0.338069,NA,NA
NA,15.60521,-3.73798,3.830534,NA
NA,14.931729,-0.45634,3.034515,NA
NA,16.044268,-1.242936,3.35837,NA
NA,11.855523,-4.852034,NA,NA
28.287821,NA,-1.125727,NA,NA
NA,16.304246,-3.210588,NA,NA
NA,NA,-3.18466,NA,NA
17.652557,15.15399,NA,NA,NA
17.584334,12.010884,0.477407,NA,NA
17.223491,16.382278,-0.444366,-2.493147,NA
17.203168,16.699649,3.911517,14.048778,NA
17.527802,16.715421,NA,13.660032,NA
16.499963,15.77216,NA,NA,NA
14.259853,15.652753,8.131673,13.927282,NA
14.535605,16.031739,NA,NA,NA
8.81116,16.021232,-2.437243,NA,NA
8.853165,12.719276,8.594735,NA,NA
9.511959,NA,-1.933838,NA,23.08459
7.44906,15.952478,2.966331,NA,22.807325
NA,NA,7.90126,NA,-11.203978
NA,12.456244,8.676727,NA,14.758689
NA,15.688907,8.408108,NA,7.586751
NA,14.724328,NA,3.752679,NA
NA,NA,8.693248,NA,NA
NA,15.759665,8.350017,NA,NA
NA,NA,8.263309,NA,25.115546
NA,NA,8.292045,NA,23.892332
NA,NA,NA,NA,7.70864
25.223432,12.559445,-5.471221,NA,7.258237
11.331664,15.688276,-4.052634,NA,NA
11.875933,15.430444,-1.383761,NA,NA
16.51241,15.39286,-4.430911,14.024891,NA
17.623203,NA,-10.015543,NA,NA
9.352222,16.493133,-4.064754,NA,NA
9.45955,NA,-4.174515,NA,NA
10.150674,NA,-5.055556,NA,NA
8.90509,16.165367,-3.70774,NA,NA
12.443562,NA,-0.774014,NA,17.395582
NA,NA,-4.000032,3.480643,NA
NA,NA,-1.666519,-9.468547,24.104928
NA,NA,-6.77075,NA,23.495236
NA,16.308384,-0.536317,9.832818,22.981355
NA,16.300473,-2.112147,9.655137,14.873711
NA,NA,-0.737081,NA,14.904869
NA,NA,0.914251,NA,14.863288
NA,16.384602,0.291119,NA,14.816469
33.208181,16.200584,NA,NA,NA
33.19988,16.135094,-0.355608,NA,NA
NA,NA,-4.600649,NA,NA
26.253357,NA,-3.541011,NA,24.150409
11.439202,NA,NA,13.713236,23.993917
17.724136,15.62293,NA,13.737774,NA
17.716325,16.51135,NA,13.978875,NA
17.623194,16.409232,8.082963,14.457297,7.529356
18.350013,NA,-9.031583,14.34672,-1.108232
9.496085,16.311635,NA,NA,NA
10.985976,16.07994,8.2647,NA,NA
8.167185,NA,NA,NA,NA
7.11002,NA,NA,NA,NA
7.572187,15.458374,8.418787,NA,23.762847
7.508802,NA,NA,NA,23.358654
7.934239,NA,8.242325,NA,15.486649
NA,15.898795,NA,NA,15.351795
NA,NA,8.621765,3.868257,NA
NA,NA,8.440508,NA,NA
NA,NA,8.536355,9.060698,NA
NA,NA,8.875482,NA,NA
30.35625,11.564451,9.020641,NA,24.941611
NA,14.568292,8.75029,NA,NA
26.477342,14.993293,8.658402,13.912685,7.442933
22.65412,NA,8.288671,14.101094,NA
26.587275,NA,8.45721,NA,NA
26.835861,NA,8.91993,NA,22.917991
17.437735,NA,8.614593,14.704013,23.026298
17.135846,NA,8.529632,NA,-0.53269
14.679987,NA,8.47632,NA,15.904989
9.321908,15.798412,2.047683,NA,15.844289
8.978924,NA,-4.218441,NA,NA
NA,NA,-1.721029,NA,NA
NA,NA,1.353052,NA,NA
8.983103,NA,-2.283109,NA,NA
8.80788,NA,-2.073328,3.567042,NA
10.732753,NA,-3.35036,3.77036,25.29284
10.016679,NA,-2.791552,9.756538,7.158571
8.790308,NA,-1.726668,NA,7.524944
8.801265,NA,-1.635033,NA,NA
11.791012,16.229899,-1.893903,NA,NA
16.390891,NA,-1.837875,13.808487,23.443736
21.824803,NA,-1.684391,5.794598,22.522757
17.083484,NA,-5.884227,14.2116,15.850459
NA,NA,3.816034,NA,15.634397
NA,NA,NA,NA,15.554855
NA,NA,NA,NA,NA
30.875721,NA,NA,NA,NA
33.471185,NA,NA,NA,NA
NA,NA,7.809076,NA,NA
NA,NA,NA,NA,NA
NA,NA,7.956423,4.310364,NA
NA,NA,7.839661,NA,NA
NA,NA,7.719205,9.450396,NA
NA,NA,-1.729236,NA,24.835842
NA,NA,-5.459707,NA,NA
NA,NA,-3.712261,NA,8.077815
21.735729,NA,-7.733943,NA,7.94621
21.623872,16.180499,-4.326184,NA,7.884984
24.82855,NA,NA,13.709109,7.785112
NA,NA,NA,14.070802,7.707416
25.255061,NA,NA,NA,7.816141
24.437418,NA,NA,NA,8.052558
18.297689,NA,NA,NA,7.827081
16.875587,NA,NA,NA,NA
17.371636,NA,NA,NA,NA
17.659939,NA,NA,NA,21.929356
NA,NA,NA,NA,21.551941
10.122674,NA,8.355155,NA,22.218424
NA,NA,7.809243,NA,NA
NA,NA,8.503951,NA,15.463978
NA,NA,8.178382,NA,15.33156
11.785203,NA,7.954652,NA,NA
10.526361,NA,NA,NA,NA
9.760795,16.289815,NA,1.945965,NA
NA,NA,NA,9.620638,NA
24.862524,NA,10.539977,10.03989,NA
22.260181,NA,21.943994,NA,NA
23.032512,15.743635,22.235108,NA,NA
23.902097,NA,7.64166,NA,NA
22.181064,NA,8.024795,13.779837,NA
22.175203,NA,8.220972,NA,NA
NA,NA,8.449658,NA,24.182682
NA,16.228806,-1.181117,NA,13.263163
30.532049,NA,NA,NA,NA
5.990203,NA,NA,NA,8.329757
21.618909,NA,NA,NA,8.011058
NA,NA,NA,NA,NA
25.637359,15.908213,NA,NA,NA
26.846716,NA,NA,NA,NA
NA,NA,NA,NA,NA
27.819806,NA,10.190136,0.1232,NA
NA,16.634403,22.67248,2.34362,23.123033
14.938532,NA,22.368229,9.450976,22.379431
17.227334,NA,21.393615,9.649848,15.341691
NA,NA,NA,9.962209,-12.683629
NA,NA,21.400774,NA,NA
8.65673,16.621854,21.942761,NA,NA
8.630001,NA,7.691796,NA,NA
23.797357,NA,7.909619,20.83449,NA
23.785014,16.448056,NA,NA,27.368024
NA,NA,NA,NA,27.352634
NA,NA,NA,NA,NA
NA,16.376388,22.654284,NA,NA
7.78281,16.410272,22.733735,NA,NA
NA,NA,NA,NA,NA
26.727627,NA,NA,NA,NA
12.800191,NA,NA,1.194257,23.889313
17.185887,NA,NA,-12.722255,8.253545
NA,NA,8.177979,9.977482,8.047454
NA,15.751366,8.522488,NA,8.023522
12.131495,NA,-1.330529,NA,NA
10.140371,NA,8.004735,20.896244,NA
11.978245,NA,2.773784,-9.77571,NA
11.105958,NA,0.705623,8.050299,NA
NA,16.001249,3.477854,NA,NA
12.709143,NA,-1.265219,7.549249,NA
26.183368,NA,0.240752,NA,NA
NA,16.356128,-0.186565,NA,13.475704
17.426931,16.255646,-7.061493,NA,22.733647
17.579564,NA,-7.437747,NA,17.737005
17.356727,NA,-6.138743,0.119127,15.340026
NA,26.954448,-5.419051,3.238864,NA
17.429106,16.001738,-6.813118,4.000455,NA
15.031527,15.857806,-7.471058,-2.848393,NA
10.119945,11.65039,-4.925047,10.000007,NA
8.389249,NA,-5.30931,NA,NA
NA,16.114539,-5.933789,NA,27.093524
10.14694,16.080418,-5.299613,NA,27.353995
25.080852,16.140477,-0.123211,20.95391,NA
17.416277,16.076694,23.218618,7.549366,NA
17.53061,14.864515,22.948824,-3.256407,24.310208
8.787672,NA,22.654109,-4.667276,8.209769
12.978404,13.862682,-5.122516,7.362946,7.698682
NA,13.060025,8.800188,NA,NA
NA,13.713386,8.002588,NA,NA
25.44752,14.0785,7.549313,-19.04431,NA
28.738784,NA,NA,3.622229,NA
13.54354,NA,8.196554,3.997073,NA
25.582089,NA,7.965834,NA,NA
25.133501,NA,8.445611,10.348723,NA
17.273117,NA,7.604071,NA,NA
17.367484,15.201011,NA,NA,22.709341
8.460718,15.841364,8.15246,NA,23.948423
9.746534,15.950091,NA,NA,-11.511556
9.612836,16.043709,NA,NA,15.26843
9.927469,15.113351,NA,20.913826,NA
10.977592,15.762005,NA,NA,NA
NA,15.848846,22.827454,7.581632,NA
NA,15.737289,NA,NA,NA
NA,15.572312,7.638212,NA,NA
NA,15.609149,8.108402,NA,NA
NA,15.822825,NA,1.224705,NA
28.167804,15.841754,13.841283,10.246155,25.109974
24.075882,NA,-3.757958,NA,9.960769
23.731737,NA,8.500338,NA,7.358575
26.018141,NA,14.220336,NA,NA
26.247729,NA,13.618308,NA,23.240776
16.234951,NA,8.580903,20.880539,22.583963
17.282591,NA,8.539187,20.833838,15.888165
17.457932,NA,NA,-2.847974,16.502135
17.55858,15.78039,14.275938,7.691741,14.869403
17.462732,15.741492,NA,NA,NA
NA,15.835214,7.658758,NA,24.634107
10.320279,15.900348,14.136943,NA,24.730931
NA,15.914682,13.555713,-0.235805,NA
NA,15.804214,NA,3.841347,7.583517
22.947359,15.882808,NA,10.305333,NA
NA,NA,23.204665,NA,NA
27.077249,NA,13.708595,9.251638,NA
26.937795,NA,NA,NA,21.127714
24.948448,NA,NA,20.885691,22.505454
26.5432,NA,NA,0.51537,21.528859
26.560765,NA,NA,2.934977,22.884073
27.153415,NA,13.725597,7.691644,14.79724
28.040163,NA,NA,NA,14.267477
26.814032,NA,NA,NA,NA
11.775364,NA,NA,NA,NA
26.473737,NA,21.09749,1.989491,NA
17.634143,NA,21.48792,NA,NA
17.640279,NA,24.288731,9.711009,NA
17.178182,NA,NA,10.309864,NA
10.745624,NA,23.249664,NA,NA
NA,NA,23.158029,NA,NA
9.493644,NA,23.153885,NA,NA
NA,NA,-0.200358,NA,NA
NA,NA,14.410885,NA,NA
8.862042,10.999687,-5.966729,NA,26.663071
24.62346,15.491475,-3.406987,NA,10.629018
26.655562,15.816505,NA,NA,24.764008
25.840116,15.895088,NA,NA,7.264713
27.997657,NA,NA,NA,NA
27.79428,NA,20.620167,NA,NA
27.1606,15.894816,14.402665,21.005566,NA
26.537714,15.895363,-2.676927,-1.589772,NA
14.462748,15.798853,-7.677109,7.720556,NA
26.14493,15.787848,NA,7.480288,22.575672
17.51558,15.358883,NA,NA,22.313273
17.598062,NA,NA,8.518046,22.698179
9.398346,36.194193,NA,NA,NA
11.053412,36.236289,20.244239,NA,14.242469
NA,13.47229,20.404172,1.444229,16.786274
NA,15.773706,20.467986,10.247138,NA
NA,15.817817,20.254069,NA,NA
NA,15.929866,14.699628,NA,NA
22.646961,NA,-0.572893,NA,NA
26.703814,36.277865,-9.206502,NA,NA
27.965643,15.766862,-9.941973,NA,NA
28.264638,15.829116,14.85379,NA,NA
NA,15.915779,19.84848,NA,NA
27.429971,15.712109,NA,NA,26.658473
27.2993,7.21202,NA,NA,NA
27.499606,3.236332,NA,NA,NA
26.736758,NA,14.788158,NA,12.709591
17.506779,NA,NA,20.828931,24.766977
15.819792,25.589718,-6.998773,21.226297,NA
11.235504,7.188352,-5.313308,21.620454,7.706777
8.521489,6.781733,19.663849,8.595304,-0.473988
8.182195,6.735464,20.716063,NA,NA
7.859725,7.14464,NA,0.795186,NA
9.197772,7.24092,NA,3.228308,NA
8.469099,7.092169,NA,NA,NA
NA,6.693071,14.040603,NA,13.036233
26.733466,6.460478,-9.122719,NA,24.045097
14.196097,6.821056,4.459143,NA,23.381781
16.338271,NA,20.314437,NA,23.239955
11.551747,NA,0.818319,NA,23.845136
27.483068,NA,14.482103,20.922538,23.81206
17.692076,25.112003,NA,8.290584,9.41224
8.162777,24.857475,-8.685363,NA,NA
NA,NA,NA,NA,NA
15.285486,6.993622,NA,0.024016,NA
15.292489,NA,NA,0.696239,NA
13.238891,NA,NA,29.128968,NA
27.010343,24.795126,NA,29.21716,NA
28.046628,25.304779,NA,10.51487,NA
17.576803,6.618381,NA,10.797112,NA
11.144512,NA,2.409484,NA,NA
8.059425,NA,14.890377,NA,NA
NA,24.857992,0.679782,NA,NA
NA,25.478823,-7.581682,NA,27.02667
NA,25.343594,NA,NA,NA
NA,25.47999,NA,20.86058,NA
14.605471,13.503625,NA,NA,NA
15.08553,NA,NA,7.458665,NA
27.581293,24.663925,NA,NA,NA
17.605131,NA,14.799162,NA,NA
13.909524,29.784625,-9.970442,0.500259,12.390515
10.123888,24.776418,NA,29.284122,24.613126
8.879255,30.25376,NA,10.677072,6.520259
NA,30.147336,NA,NA,NA
NA,24.526725,14.731697,NA,NA
13.38904,29.078054,-6.571404,NA,NA
27.940258,NA,NA,NA,NA
17.61611,29.340815,NA,NA,NA
17.574181,24.861901,NA,20.979317,NA
NA,29.267464,NA,NA,NA
9.154125,29.354638,NA,NA,NA
NA,NA,15.298404,NA,23.938944
NA,NA,NA,NA,24.156988
NA,NA,-5.93019,NA,NA
NA,NA,NA,1.757285,NA
NA,29.136632,NA,1.74495,NA
23.796659,29.34609,NA,-13.596905,NA
28.609861,29.109458,NA,NA,NA
28.79951,25.400225,15.354518,29.464443,NA
17.684417,24.752088,-5.633681,NA,NA
17.63413,24.616431,NA,NA,NA
NA,24.342187,NA,NA,NA
NA,24.414925,NA,10.506099,NA
20.769851,24.532689,NA,NA,NA
NA,NA,15.16108,NA,NA
10.78366,NA,-8.68288,NA,NA
17.455011,29.083153,NA,NA,26.77533
NA,29.257601,NA,NA,24.803835
NA,29.297984,15.940071,NA,7.601065
NA,30.786814,16.328256,20.931943,NA
22.336181,NA,-7.706578,20.807329,NA
28.406666,NA,NA,NA,NA
12.507931,25.508192,NA,7.290955,NA
17.384433,25.196944,16.159313,NA,NA
NA,25.235057,-4.69944,NA,NA
NA,32.777403,NA,1.346276,NA
NA,24.975227,NA,NA,NA
24.111093,25.224396,-0.983284,2.006246,23.359686
27.859067,25.611556,16.795038,NA,22.645131
NA,25.390589,-9.309708,29.396257,22.459494
17.595047,14.970664,-5.538709,-10.302827,NA
17.191079,NA,-3.245887,NA,NA
NA,NA,-8.733415,NA,NA
NA,25.062304,-5.94834,NA,20.7067
NA,25.0446,NA,NA,20.046038
23.645963,NA,16.829754,NA,NA
NA,25.373956,16.73724,NA,NA
27.100671,25.503247,-5.70414,NA,26.846778
27.77642,25.251295,0.163127,NA,NA
29.981119,13.946074,-6.423316,NA,NA
NA,24.724456,-9.405528,6.945817,7.224752
NA,12.813638,-7.501102,NA,7.200115
NA,NA,0.050361,9.970732,NA
NA,NA,-3.24719,NA,NA
NA,NA,-7.477633,NA,NA
NA,25.466601,-3.10233,NA,NA
NA,25.894727,-7.431487,NA,NA
NA,25.358435,NA,21.161672,NA
NA,25.322476,NA,-7.37883,NA
NA,NA,16.588006,7.645197,NA
NA,25.539285,4.186424,NA,NA
NA,25.537357,-4.991657,NA,NA
NA,24.780044,NA,NA,NA
1.53005,NA,NA,NA,NA
NA,NA,NA,16.140891,NA
10.490033,12.544523,-0.424189,16.169101,NA
10.204496,23.349723,-4.038109,NA,NA
NA,NA,28.835412,-1.089102,NA
NA,NA,29.176095,NA,23.781927
NA,24.494914,16.452639,29.406391,10.506831
NA,24.413464,-3.296835,29.474201,NA
NA,NA,-7.05154,NA,NA
NA,NA,-4.424708,NA,NA
NA,NA,-5.059754,NA,NA
NA,NA,-7.267915,NA,NA
NA,24.195355,3.107938,NA,12.7475
NA,14.799536,-6.983697,NA,NA
NA,24.58135,-7.980126,NA,NA
NA,NA,4.757821,NA,NA
NA,NA,33.613472,NA,NA
NA,NA,33.036521,NA,NA
NA,NA,29.312431,NA,NA
NA,NA,29.321905,NA,7.761691
NA,23.667292,16.406343,NA,NA
27.633577,23.753001,-3.032614,NA,NA
NA,24.079191,-3.769633,NA,NA
NA,24.267882,-1.784331,NA,NA
NA,25.032729,0.331969,NA,NA
NA,12.154659,NA,7.463451,NA
NA,NA,NA,1.490689,NA
12.482657,NA,NA,9.928244,NA
27.650324,NA,NA,NA,NA
25.984224,24.321414,32.766733,NA,NA
NA,24.584772,32.017888,NA,NA
NA,14.077625,29.613702,-1.18381,NA
NA,24.736285,16.364306,20.862452,NA
NA,NA,16.438506,7.750252,NA
NA,NA,NA,7.323143,NA
NA,13.026436,0.358755,NA,24.475922
NA,24.631756,NA,NA,10.034479
NA,24.177966,NA,NA,12.349865
NA,24.186,NA,NA,NA
NA,NA,29.442494,NA,NA
NA,NA,NA,NA,NA
26.911122,23.803627,NA,-0.621163,NA
28.217271,24.731682,-0.504414,29.516872,NA
27.086726,24.798644,11.437233,29.475479,NA
NA,23.791913,12.162915,NA,NA
NA,23.513644,29.39487,NA,18.700452
NA,NA,NA,NA,NA
NA,NA,NA,NA,NA
NA,25.008865,18.248859,NA,NA
NA,23.515805,18.206405,NA,NA
NA,20.419467,NA,NA,NA
30.799522,22.45835,0.659269,NA,NA
NA,22.583642,0.957646,NA,NA
NA,21.085663,11.033791,NA,NA
NA,22.371813,29.206853,NA,NA
NA,21.238401,NA,NA,NA
NA,22.321712,NA,NA,NA
NA,19.596864,NA,NA,NA
NA,17.267672,18.312981,NA,NA
12.645461,24.008879,0.82269,NA,NA
26.964915,21.918768,29.021305,NA,7.409889
27.112487,23.303811,29.186119,NA,NA
12.855981,24.244973,NA,6.752534,NA
NA,NA,NA,NA,NA
NA,NA,NA,NA,NA
8.510439,NA,NA,NA,NA
13.528573,16.733104,0.725178,NA,NA
27.679851,24.832379,-9.061403,21.012935,NA
NA,24.099029,29.17838,-7.530033,NA
NA,NA,NA,7.686558,NA
NA,NA,2.333702,7.789873,NA
NA,NA,NA,NA,NA
NA,NA,29.116047,NA,NA
NA,NA,NA,NA,NA
NA,23.925805,NA,NA,NA
NA,NA,0.249596,NA,NA
NA,NA,-0.005455,NA,NA
NA,17.934609,-1.099168,NA,NA
NA,23.773201,-4.462383,NA,NA
24.12234,24.055882,NA,NA,22.619641
NA,24.167737,-6.034686,NA,27.015031
27.936449,23.684072,-5.325741,0.70309,26.948313
27.313102,NA,NA,NA,27.218715
NA,NA,NA,NA,NA
NA,23.798166,-8.957586,-0.17748,NA
NA,24.731063,-9.498403,NA,NA
NA,26.073318,-9.299678,-17.585109,NA
NA,23.393887,-9.18261,29.499191,NA
NA,21.560824,NA,-11.617205,NA
26.726073,19.866886,NA,NA,18.707103
27.275287,NA,-15.83855,NA,NA
15.147468,NA,-8.767168,NA,NA
NA,NA,-10.736041,NA,NA
NA,22.121776,NA,NA,NA
NA,22.011499,27.425702,NA,NA
NA,23.46889,27.434751,NA,NA
NA,22.102345,27.364001,NA,NA
21.328708,22.116143,27.461481,NA,NA
NA,NA,27.68737,NA,NA
26.045055,NA,27.427231,NA,NA
26.79062,14.253507,27.139011,NA,7.428597
NA,23.313272,-4.085774,NA,7.487338
NA,23.564534,NA,NA,NA
31.068145,24.472496,-9.149246,NA,NA
31.040593,23.3342,-9.634966,NA,NA
NA,22.167452,-9.330527,NA,NA
NA,NA,NA,NA,NA
NA,NA,-8.499226,NA,NA
NA,NA,-8.439854,NA,NA
8.268528,23.159822,NA,NA,NA
NA,14.507429,-11.971534,NA,NA
NA,NA,-12.588696,NA,NA
NA,NA,-9.025329,NA,NA
NA,22.932177,26.13647,NA,NA
NA,NA,26.847445,NA,NA
NA,27.021625,27.008394,NA,NA
NA,27.11352,27.032036,NA,NA
NA,NA,26.969406,NA,NA
NA,NA,27.218684,NA,NA
NA,NA,27.355038,NA,21.14455
NA,26.239948,27.332136,NA,12.455761
NA,NA,11.904309,NA,13.391853
6.808496,NA,4.675734,20.642565,27.249559
6.152726,NA,27.235741,20.80713,NA
6.239261,NA,27.26986,-4.287518,NA
18.232962,NA,27.250176,7.245452,NA
25.009368,NA,NA,NA,NA
24.430131,NA,NA,NA,NA
NA,23.065459,NA,NA,7.745204
NA,27.471627,-10.392851,NA,NA
NA,27.734803,-10.616807,NA,NA
NA,26.701525,26.669078,NA,NA
NA,NA,26.774575,NA,NA
5.479169,25.57699,26.845506,NA,NA
24.245557,25.36673,26.990368,NA,NA
21.287009,NA,26.883958,0.966974,NA
10.603056,NA,26.685714,-0.134617,NA
25.003738,NA,26.548477,0.701931,NA
25.870555,NA,26.519185,2.798145,NA
NA,19.888296,26.148036,NA,NA
NA,22.260509,26.131422,28.977366,NA
NA,22.952266,26.112615,28.998075,NA
NA,NA,25.613392,NA,21.083011
24.718879,25.238816,26.025989,1.066799,21.073289
24.486204,25.853701,26.217179,NA,26.885281
25.898291,NA,-1.498926,NA,NA
27.070673,NA,26.872879,NA,NA
NA,22.745166,NA,NA,7.158597
NA,25.751742,NA,NA,7.342504
NA,NA,NA,NA,NA
NA,NA,-10.939211,NA,NA
22.191121,23.740745,-10.602529,NA,NA
26.441288,22.833491,20.08576,0.896519,NA
NA,NA,25.829211,6.965809,NA
NA,NA,25.960426,NA,NA
NA,NA,26.028611,NA,NA
NA,NA,26.023294,NA,NA
NA,21.775561,NA,NA,NA
7.326355,23.171243,NA,8.191815,NA
21.070928,23.930146,2.187815,NA,NA
NA,22.326894,NA,20.551143,NA
NA,12.493288,0.433725,-7.651419,NA
NA,NA,0.431014,-4.05268,NA
NA,NA,-11.357838,7.225499,20.620876
NA,NA,-5.224342,NA,20.153664
11.844261,23.545373,-1.562244,NA,21.015498
26.626732,23.653134,-8.366102,NA,26.979205
14.757697,NA,-7.69027,NA,26.853857
25.710626,NA,-9.474126,NA,7.642771
NA,24.316984,-5.238426,NA,7.927902
NA,24.078539,-10.372859,NA,8.085456
NA,24.126645,NA,NA,NA
NA,NA,-11.275294,NA,NA
13.795058,NA,-15.535198,NA,NA
13.002786,NA,-10.355758,NA,NA
6.09796,NA,-8.323785,NA,NA
NA,NA,-6.98661,NA,NA
NA,NA,-9.465512,NA,NA
27.599911,NA,-7.155248,NA,NA
27.515622,23.538737,-9.192306,NA,NA
NA,22.883516,NA,NA,NA
NA,24.64517,-10.631494,16.9015,NA
NA,26.603975,-7.943623,17.050506,21.522893
NA,25.359681,-10.878041,NA,21.707494
NA,NA,-11.955949,2.356923,21.589712
NA,NA,-7.263609,1.976312,9.469707
NA,NA,-8.89826,0.12472,NA
20.072804,18.985113,NA,1.28877,19.346271
NA,25.305839,-9.552517,28.910773,19.8332
NA,24.728332,NA,29.107937,NA
6.615988,NA,-6.08135,NA,26.856325
8.029525,25.051779,NA,NA,26.856905
8.227429,25.268629,NA,NA,NA
9.328692,NA,NA,6.848894,NA
11.928996,NA,-7.117052,NA,8.075744
23.303524,15.953003,-8.906877,NA,8.135015
28.434586,24.12843,NA,7.289655,8.539322
NA,24.152181,-3.045768,NA,8.124364
14.204065,23.912779,-10.382708,8.984366,7.492581
NA,15.129897,-9.667281,20.683642,-0.33394
9.546933,11.513353,NA,7.39974,NA
22.469754,17.944838,-10.480191,7.137768,NA
NA,NA,-9.246134,NA,NA
NA,25.150459,NA,NA,NA
25.593659,NA,NA,NA,NA
NA,NA,-6.601182,NA,NA
NA,NA,NA,NA,20.924996
NA,24.132854,-8.286741,NA,11.006374
NA,24.517502,-8.491132,NA,14.892378
NA,23.556949,NA,NA,27.095834
NA,NA,NA,NA,22.646655
NA,NA,NA,NA,NA
NA,NA,NA,NA,8.894191
NA,NA,-9.082749,NA,8.197666
NA,24.231224,NA,NA,8.059352
NA,23.959445,NA,NA,0.078536
NA,22.603429,-0.606044,NA,0.520867
NA,21.702269,-8.017491,NA,8.389829
NA,23.370074,-12.004707,NA,8.342765
5.852301,NA,NA,NA,7.83751
23.475593,NA,NA,NA,8.654334
NA,NA,-5.82565,NA,NA
NA,23.977491,-11.773455,NA,0.134161
NA,23.591798,-7.543957,NA,8.897404
NA,23.794286,NA,NA,9.200272
NA,21.856865,NA,NA,8.542783
NA,22.306748,NA,2.750774,7.835588
NA,22.599606,NA,2.803082,NA
25.41965,NA,-7.079369,NA,NA
25.245118,NA,NA,NA,NA
NA,NA,NA,6.907054,21.174427
13.004609,NA,NA,NA,NA
NA,NA,NA,NA,26.908744
NA,NA,-9.560536,NA,27.031997
NA,NA,NA,NA,NA
NA,NA,NA,NA,8.02169
NA,NA,NA,NA,8.75844
NA,NA,NA,NA,8.742024
26.845032,NA,NA,NA,8.388072
9.155715,27.712951,NA,20.602237,8.718531
NA,NA,NA,20.613817,8.145687
17.707348,NA,NA,7.001684,8.194796
NA,NA,NA,7.230236,8.525063
NA,NA,NA,NA,7.604264
NA,NA,NA,NA,NA
25.89469,NA,NA,NA,NA
16.473042,NA,NA,NA,NA
12.849332,NA,NA,NA,NA
13.83405,NA,NA,NA,20.703347
NA,NA,NA,NA,21.066258
NA,NA,NA,NA,27.790682
NA,NA,NA,1.442283,27.58663
NA,NA,NA,1.792002,NA
NA,NA,NA,1.858707,NA
20.082161,NA,NA,2.113759,NA
19.582926,NA,NA,2.544046,NA
22.097774,NA,NA,2.804561,NA
26.818902,NA,NA,3.430062,NA
14.100879,NA,NA,2.635851,7.771708
1.427009,NA,NA,3.184174,NA
NA,NA,NA,2.885689,7.78284
NA,NA,NA,2.742872,7.986787
NA,NA,NA,-3.938296,-1.032457
NA,NA,NA,NA,7.736433
NA,NA,NA,NA,NA
3.35826,NA,NA,NA,NA
8.350503,NA,NA,NA,NA
NA,NA,NA,NA,NA
NA,NA,NA,NA,21.707903
10.242307,NA,NA,NA,NA
25.691272,22.740085,NA,NA,NA
27.103478,22.364148,NA,NA,NA
NA,23.429319,NA,NA,27.493534
15.682379,23.570421,NA,NA,27.486717
2.277674,NA,NA,NA,NA
NA,NA,NA,NA,NA
NA,NA,NA,NA,NA
6.72742,17.644692,NA,NA,NA
22.410349,27.208325,NA,6.830591,NA
21.94004,NA,NA,6.429904,NA
NA,27.038094,NA,NA,8.499566
NA,26.936775,NA,NA,-0.91806
8.233376,NA,NA,NA,8.431399
NA,NA,NA,NA,8.094818
NA,NA,NA,NA,NA
22.075903,NA,NA,NA,NA
NA,27.220274,NA,20.494929,NA
NA,NA,NA,-4.292402,8.577751
NA,NA,NA,7.314643,8.49088
NA,NA,7.502533,NA,7.67895
20.942683,NA,31.398024,NA,5.75615
20.882561,NA,NA,NA,NA
20.666469,22.831774,31.562432,NA,NA
20.503026,NA,NA,NA,NA
NA,23.041751,NA,-4.719875,NA
NA,NA,NA,-4.151253,NA
6.489361,NA,NA,NA,NA
23.370078,NA,NA,NA,NA
20.507828,NA,NA,NA,NA
20.14181,27.124895,NA,NA,NA
21.508316,23.889501,NA,NA,NA
19.930563,NA,32.038692,-10.370504,NA
20.07152,NA,31.291084,20.787427,NA
27.375512,27.464958,NA,7.128159,NA
13.981083,21.699759,31.742111,7.072539,NA
13.692748,NA,NA,NA,NA
17.639898,NA,-6.971232,NA,NA
21.056197,26.82693,NA,9.167923,21.504625
21.286089,NA,NA,8.015771,NA
23.133551,27.008501,-2.674032,NA,NA
NA,NA,-6.987739,9.345778,7.498654
NA,NA,NA,NA,-0.677278
NA,26.886122,NA,NA,-0.820878
2.317468,NA,NA,-11.017006,7.377936
21.22751,NA,NA,20.799154,7.487069
23.547187,26.862218,NA,7.250578,NA
28.155411,25.591728,NA,-4.729415,NA
NA,24.752876,NA,NA,9.096534
NA,26.570235,-8.085603,9.682346,9.018868
NA,NA,NA,10.960278,9.342066
NA,24.671841,NA,NA,-6.649007
4.110047,25.486904,NA,8.575609,8.95196
22.159073,NA,NA,20.860592,NA
21.221098,NA,NA,21.004026,8.066866
19.402272,NA,-7.254717,7.678205,8.856266
NA,NA,NA,NA,7.786485
NA,NA,NA,NA,NA
NA,26.483789,NA,11.732766,NA
NA,NA,NA,9.191872,NA
NA,NA,NA,7.384236,-6.024908
NA,NA,-6.686801,6.923047,-5.52264
8.217559,NA,-6.597499,NA,-4.977316
6.32102,26.611207,-6.988789,NA,-4.883368
20.249166,NA,NA,NA,-6.250513
10.37552,NA,NA,NA,-5.751445
NA,NA,NA,NA,-5.59369
NA,NA,NA,NA,NA
NA,26.802099,NA,NA,-5.65918
NA,NA,-6.843501,NA,-6.105329
13.653064,NA,NA,NA,-5.501833
21.092741,NA,NA,NA,-6.312425
21.612319,NA,NA,NA,-6.015872
21.298889,NA,NA,NA,-4.809992
22.47565,NA,NA,NA,-0.501164
21.739677,27.080647,NA,NA,5.238861
NA,27.367847,NA,NA,3.250771
NA,NA,NA,21.019009,3.845605
NA,NA,NA,NA,2.811337
NA,NA,NA,-3.866238,NA
NA,NA,NA,7.72133,NA
NA,NA,NA,NA,NA
24.529436,NA,NA,NA,NA
19.960631,NA,NA,NA,NA
11.833702,27.162759,NA,NA,NA
14.566207,NA,23.903905,NA,NA
15.191986,NA,24.72722,NA,NA
NA,NA,NA,NA,NA
NA,NA,NA,NA,NA
14.931762,NA,NA,-24.171024,7.929484
24.791896,NA,NA,10.493754,7.958751
25.224091,NA,NA,NA,7.516598
23.461087,NA,NA,NA,NA
21.549828,NA,23.817744,NA,NA
20.643033,NA,23.305391,NA,NA
NA,NA,NA,NA,-2.399236
NA,26.8847,NA,20.689132,-6.366448
NA,27.067485,NA,NA,-10.985475
NA,26.797061,5.637632,NA,-0.358564
NA,NA,23.499146,NA,2.435516
NA,27.011901,23.704686,NA,5.379175
NA,NA,NA,NA,NA
NA,NA,-8.3198,NA,NA
NA,NA,NA,NA,NA
NA,NA,NA,NA,NA
NA,NA,NA,7.26544,NA
NA,NA,NA,NA,7.702302
NA,NA,NA,NA,7.407518
NA,NA,NA,NA,7.632086
NA,NA,NA,NA,NA
NA,26.567385,13.207149,9.060463,NA
NA,NA,NA,NA,-6.374161
25.067418,NA,NA,NA,7.071783
25.189254,NA,NA,NA,NA
5.344469,NA,NA,NA,NA
12.898739,NA,NA,NA,NA
17.840875,NA,21.458328,NA,22.277072
27.055073,NA,19.025538,NA,8.442267
-3.195484,NA,23.402941,20.876899,8.764768
17.191456,NA,23.792046,20.837744,8.637148
21.184869,NA,20.161663,NA,7.924706
19.907694,NA,NA,NA,-0.272962
19.712924,NA,-2.45867,NA,NA
16.425282,NA,NA,NA,NA
22.132668,NA,NA,NA,-5.979745
22.539749,NA,NA,NA,-6.589324
20.44929,NA,NA,9.314356,8.411303
23.323904,17.574454,NA,NA,NA
NA,26.532451,NA,NA,NA
22.530969,NA,18.395738,NA,NA
20.2726,NA,NA,NA,NA
20.87629,NA,NA,NA,NA
24.608946,NA,NA,21.165844,21.821139
NA,NA,NA,21.255663,NA
NA,NA,NA,NA,NA
NA,NA,NA,NA,NA
23.66799,NA,NA,NA,8.373152
NA,NA,15.616447,NA,7.795448
NA,26.399334,-3.386754,NA,NA
NA,NA,22.197102,NA,NA
NA,NA,NA,NA,NA
NA,NA,NA,NA,8.175368
NA,NA,NA,NA,NA
NA,26.697305,NA,NA,NA
NA,NA,NA,NA,8.13326
NA,NA,NA,NA,5.901595
NA,24.706796,NA,NA,NA
NA,NA,NA,7.470766,NA
NA,NA,NA,NA,NA
NA,26.547626,NA,NA,NA
NA,26.589313,NA,NA,-1.583782
NA,NA,NA,8.62812,-0.040078
NA,NA,NA,NA,1.55868
NA,NA,NA,21.160985,0.037351
NA,NA,NA,20.922663,-6.712321
NA,NA,19.154097,NA,-6.476453
NA,NA,-14.172399,NA,-7.030849
NA,26.616172,NA,NA,-1.179994
NA,NA,NA,NA,-3.877884
NA,NA,NA,NA,NA
NA,NA,NA,NA,NA
NA,NA,NA,6.175638,8.471605
NA,NA,NA,NA,7.1541
NA,NA,NA,NA,8.038063
NA,NA,NA,NA,8.469198
NA,26.760574,13.739522,NA,NA
NA,NA,14.231762,NA,7.689883
NA,NA,NA,-10.360448,NA
NA,NA,NA,21.145942,NA
NA,NA,-14.605256,20.917174,-7.306234
NA,26.676182,NA,-12.650512,12.504809
NA,NA,NA,-8.247017,-2.462275
NA,NA,NA,NA,-9.912792
25.719021,26.892642,NA,NA,-7.540559
24.435266,NA,NA,NA,-3.071473
13.958335,NA,NA,6.747472,-3.682254
12.724243,27.019432,NA,NA,-1.208316
NA,NA,NA,NA,0.240541
NA,NA,NA,NA,-0.238026
NA,NA,NA,NA,1.091973
NA,NA,NA,NA,0.517372
1.58038,NA,14.60972,NA,NA
13.525489,NA,16.986007,20.789431,1.311197
19.890979,NA,17.541436,20.954876,-1.778626
19.519554,NA,18.592865,20.963472,-4.004883
19.697292,NA,18.045423,-10.668325,-5.456054
NA,NA,NA,20.634036,-5.87519
20.703115,26.657832,18.231835,20.988304,4.619827
20.010257,NA,NA,21.172474,-4.347625
15.289344,NA,18.708588,21.13433,NA
19.551086,NA,19.58343,21.064451,NA
19.7436,NA,NA,7.629879,NA
NA,NA,19.256722,-4.338724,NA
NA,NA,18.903936,NA,NA
17.91478,NA,19.163958,7.966961,NA
NA,NA,NA,-27.609897,NA
NA,NA,NA,NA,NA
NA,NA,NA,NA,NA
NA,NA,NA,8.581458,-0.256407
17.56618,NA,NA,21.161699,-0.851681
NA,NA,NA,8.398569,-0.406574
NA,NA,NA,NA,0.236715
NA,NA,NA,NA,-4.938771
NA,NA,NA,8.1715,-4.913521
NA,NA,NA,NA,-5.040049
NA,NA,NA,7.515799,-6.62088
NA,NA,NA,NA,NA
NA,NA,NA,NA,-3.393055
NA,NA,-4.917697,-25.45858,NA
NA,NA,14.740713,7.701001,NA
NA,NA,NA,NA,NA
NA,NA,NA,NA,NA
NA,NA,NA,8.64235,NA
20.269675,NA,NA,8.596439,22.084104
NA,NA,NA,NA,22.005739
NA,NA,NA,NA,NA
NA,NA,NA,21.169766,NA
NA,NA,NA,21.379433,1.469462
NA,NA,NA,7.490338,0.861596
NA,NA,NA,NA,-4.580943
NA,NA,NA,NA,NA
18.633756,NA,NA,NA,-1.714383
NA,NA,NA,8.17726,-0.720227
19.022796,NA,NA,8.263243,NA
15.521771,NA,NA,NA,NA
NA,NA,NA,NA,NA
NA,NA,NA,NA,NA
NA,NA,NA,NA,NA
NA,NA,NA,NA,NA
NA,NA,NA,8.233994,NA
NA,NA,NA,8.597363,21.790354
NA,NA,NA,NA,NA
NA,NA,NA,NA,NA
NA,NA,NA,NA,-0.569492
NA,NA,NA,21.177491,0.845521
NA,NA,NA,-4.417047,1.64476
NA,NA,NA,NA,-6.43167
NA,NA,NA,NA,-6.048291
NA,NA,NA,NA,0.055899
NA,NA,NA,NA,6.471441
NA,NA,NA,NA,0.221863
NA,NA,NA,8.135899,NA
NA,NA,NA,8.198846,NA
NA,NA,NA,NA,NA
NA,NA,NA,NA,NA
NA,NA,NA,NA,NA
NA,NA,NA,NA,NA
25.057423,NA,NA,NA,NA
25.606879,NA,NA,NA,22.316316
NA,NA,NA,NA,NA
25.399135,NA,NA,NA,NA
23.815175,NA,NA,NA,NA
NA,NA,NA,NA,NA
NA,NA,NA,NA,13.684822
NA,NA,NA,NA,-0.588007
NA,NA,NA,NA,0.364859
NA,17.451295,NA,21.874507,NA
13.335864,NA,NA,7.074919,-2.058349
20.250461,NA,NA,6.862127,0.758363
20.246459,NA,NA,NA,2.240548
19.915682,NA,NA,NA,NA
20.029669,NA,NA,NA,NA
19.750569,NA,NA,NA,NA
NA,NA,NA,NA,NA
NA,NA,NA,7.458781,NA
NA,NA,NA,8.145855,NA
NA,NA,NA,8.111853,NA
NA,NA,NA,NA,NA
NA,NA,NA,NA,22.505664
NA,NA,NA,NA,22.862986
NA,NA,NA,NA,NA
NA,NA,NA,NA,NA
NA,NA,NA,NA,NA
NA,NA,NA,NA,NA
NA,NA,NA,NA,NA
NA,NA,NA,8.701981,14.156997
NA,NA,NA,8.604611,NA
NA,NA,NA,22.050955,NA
NA,NA,NA,21.891933,NA
NA,NA,NA,NA,NA
NA,NA,NA,7.086557,13.924132
NA,NA,NA,NA,13.560542
NA,NA,NA,NA,NA
NA,NA,NA,NA,NA
NA,NA,NA,NA,6.319745
NA,NA,NA,NA,NA
NA,NA,NA,NA,NA
NA,NA,NA,NA,NA
NA,NA,NA,6.477035,NA
NA,NA,NA,6.862522,NA
NA,NA,NA,7.262655,NA
NA,NA,NA,6.966762,NA
26.792412,NA,NA,7.442907,21.754998
27.156911,NA,NA,NA,7.733445
26.121198,NA,NA,NA,13.946688
23.793653,NA,NA,NA,-1.725206
25.119003,NA,NA,NA,7.75115
26.254604,NA,NA,NA,7.321022
NA,NA,NA,8.725871,NA
NA,NA,NA,8.64241,NA
NA,NA,NA,22.170114,NA
NA,NA,NA,-12.392376,NA
NA,NA,NA,6.854772,NA
NA,NA,NA,NA,NA
NA,NA,NA,NA,NA
NA,NA,NA,NA,NA
NA,NA,NA,NA,22.618507
8.065906,NA,NA,NA,NA
23.273897,NA,NA,NA,NA
24.773865,NA,NA,NA,14.134393
24.097914,NA,NA,NA,-2.082176
2.92177,NA,NA,NA,-5.302599
21.771924,NA,NA,NA,-7.457993
20.00333,NA,NA,NA,-7.329345
NA,NA,NA,NA,-7.003772
NA,NA,NA,NA,5.972061
NA,NA,NA,NA,NA
NA,NA,NA,NA,NA
10.067829,NA,NA,NA,NA
17.783241,NA,NA,NA,NA
16.127687,NA,NA,NA,NA
22.485162,NA,NA,NA,9.995724
19.905662,NA,NA,NA,22.040219
NA,NA,NA,NA,0.003646
19.980192,NA,NA,NA,14.095785
20.161869,NA,NA,NA,14.175038
20.234418,NA,NA,NA,4.415703
19.507629,NA,NA,NA,4.411626
18.11826,NA,NA,NA,NA
19.453961,NA,NA,NA,NA
NA,NA,NA,NA,NA
NA,NA,NA,9.569943,NA
NA,NA,NA,8.664301,NA
19.881919,NA,NA,8.41337,NA
18.554407,NA,NA,6.607812,NA
18.221472,NA,NA,NA,NA
NA,NA,NA,NA,NA
NA,NA,NA,NA,NA
NA,NA,NA,NA,22.650193
NA,NA,NA,NA,NA
NA,NA,NA,NA,22.76481
NA,NA,NA,NA,14.109468
NA,NA,NA,NA,14.222507
NA,NA,NA,8.679819,NA
NA,NA,NA,22.453588,4.515205
NA,NA,NA,22.303478,11.570447
NA,NA,NA,NA,NA
25.044644,NA,NA,NA,NA
NA,NA,NA,NA,NA
24.973674,NA,NA,NA,NA
13.057886,NA,NA,NA,NA
NA,NA,NA,NA,21.738633
NA,NA,NA,NA,13.439588
NA,NA,NA,NA,3.887407
26.756405,NA,NA,NA,NA
NA,NA,NA,NA,NA
25.216661,NA,NA,NA,NA
25.996862,NA,NA,NA,3.366279
NA,NA,NA,NA,NA
26.10129,NA,NA,NA,NA
NA,NA,NA,6.906316,NA
19.827046,NA,31.152625,NA,NA
NA,NA,31.205028,NA,NA
NA,NA,NA,6.568366,NA
27.818481,NA,NA,6.800504,NA
NA,NA,NA,7.343857,NA
10.965813,NA,NA,8.278267,22.658685
14.741737,NA,NA,NA,8.662363
15.059981,NA,NA,-24.707613,2.334165
12.664477,NA,NA,NA,NA
21.329974,NA,NA,NA,NA
NA,NA,NA,NA,23.073195
NA,NA,NA,NA,22.804777
NA,NA,NA,NA,NA
NA,NA,NA,NA,3.055969
NA,NA,NA,NA,NA
NA,NA,NA,NA,NA
NA,NA,NA,NA,23.001895
NA,NA,NA,NA,23.091137
NA,NA,NA,NA,-4.613415
NA,NA,NA,NA,NA
NA,NA,NA,22.335022,NA
13.979362,NA,NA,22.61358,22.929203
23.528464,NA,NA,22.574662,10.683514
NA,NA,NA,6.902193,-7.878257
25.791418,NA,NA,NA,NA
NA,12.956274,NA,NA,NA
26.555425,NA,NA,NA,NA
NA,12.86027,NA,NA,NA
25.521718,NA,NA,7.716861,NA
26.622152,NA,NA,-26.403764,3.026146
6.841472,NA,NA,7.105201,-8.471093
20.431321,NA,NA,-26.126364,NA
19.894274,NA,NA,NA,-2.841327
21.019148,NA,NA,NA,-4.807161
NA,NA,NA,NA,NA
NA,NA,NA,NA,NA
NA,14.28263,NA,NA,NA
NA,12.790419,NA,NA,NA
NA,NA,NA,NA,NA
NA,12.944641,NA,NA,NA
14.804891,NA,NA,NA,NA
13.427093,NA,NA,NA,NA
17.212687,NA,NA,NA,NA
20.021789,16.846612,NA,NA,NA
20.588768,-7.612037,NA,22.302527,NA
19.898656,NA,NA,22.391388,NA
17.566002,NA,NA,22.581729,NA
NA,NA,NA,NA,NA
NA,NA,NA,6.149919,NA
NA,-7.035923,NA,6.489902,NA
NA,18.143354,NA,NA,NA
NA,NA,NA,NA,NA
NA,NA,NA,NA,NA
NA,NA,NA,19.648253,NA
NA,NA,NA,NA,NA
NA,NA,NA,NA,NA
25.288964,NA,NA,NA,NA
23.6639,NA,NA,22.802352,NA
26.060688,NA,NA,NA,NA
25.852166,NA,NA,NA,NA
17.396001,NA,NA,6.321734,NA
NA,NA,NA,NA,NA
12.593268,NA,NA,NA,NA
21.739449,NA,NA,NA,NA
25.31886,NA,NA,NA,NA
26.681816,NA,NA,NA,NA
NA,NA,NA,NA,NA
27.147313,NA,NA,NA,NA
26.64764,NA,NA,NA,NA
25.679215,NA,NA,23.063933,NA
27.567888,NA,NA,NA,NA
NA,NA,NA,NA,NA
23.853653,NA,NA,6.198151,NA
24.756021,NA,NA,NA,NA
25.586768,NA,NA,NA,NA
26.108213,NA,NA,NA,NA
26.869119,NA,NA,NA,NA
25.185187,NA,NA,NA,NA
23.500683,NA,NA,NA,NA
24.988535,NA,NA,NA,NA
NA,NA,NA,NA,NA
NA,NA,NA,NA,NA
1.708056,NA,NA,NA,NA
21.045201,NA,NA,NA,NA
5.015587,NA,NA,20.729144,NA
NA,NA,NA,NA,NA
NA,NA,NA,NA,NA
NA,NA,NA,NA,NA
NA,NA,NA,6.297622,NA
13.345128,NA,NA,NA,NA
NA,NA,NA,NA,NA
14.729723,NA,NA,NA,NA
19.72978,NA,NA,NA,NA
NA,NA,NA,NA,NA
21.364031,NA,NA,NA,NA
19.967547,NA,NA,NA,NA
19.642638,NA,NA,NA,NA
19.529881,NA,NA,-10.970511,NA
19.638216,NA,NA,15.594932,NA
NA,NA,NA,15.326429,NA
NA,NA,NA,NA,NA
19.631936,NA,NA,NA,NA
23.029983,NA,NA,6.467723,NA
18.764955,NA,NA,20.781818,NA
9.906875,NA,NA,NA,NA
NA,NA,NA,NA,NA
NA,NA,NA,NA,NA
NA,NA,NA,8.34039,29.08353
NA,NA,NA,8.328338,NA
NA,NA,NA,15.505244,NA
NA,NA,NA,15.571855,NA
25.773263,NA,NA,15.645591,NA
NA,NA,NA,NA,NA
NA,NA,NA,0.203519,NA
NA,NA,NA,7.023486,NA
NA,NA,NA,NA,NA
22.544978,NA,NA,NA,NA
24.164181,NA,NA,-5.720732,NA
NA,NA,NA,8.321131,NA
24.79982,NA,NA,NA,NA
26.043879,NA,NA,NA,NA
NA,NA,NA,NA,NA
24.160983,NA,NA,-13.070811,NA
23.324759,NA,NA,15.32811,29.299247
NA,NA,NA,15.460197,28.637532
13.880934,NA,NA,7.645019,NA
26.754743,NA,NA,NA,NA
24.521214,NA,NA,NA,NA
24.700378,NA,NA,NA,30.525036
8.010043,NA,NA,NA,30.546567
14.398039,NA,NA,NA,NA
NA,NA,NA,NA,NA
26.484356,NA,NA,7.777303,NA
24.20138,NA,NA,NA,32.553856
23.809965,NA,NA,NA,31.922705
23.659074,NA,NA,8.239971,31.721025
26.457323,NA,NA,8.261806,31.396133
25.927631,NA,NA,-13.526627,NA
NA,NA,NA,-13.888632,NA
24.646943,NA,NA,-14.157914,32.55268
5.11604,NA,NA,15.243371,32.590703
26.549488,NA,NA,NA,NA
22.061837,NA,NA,NA,NA
20.270152,NA,NA,NA,NA
20.749346,NA,NA,7.445693,NA
22.599813,NA,NA,7.208176,NA
23.564995,NA,NA,7.61618,NA
NA,NA,NA,-22.479388,NA
NA,NA,NA,22.556329,NA
NA,NA,NA,NA,NA
NA,NA,NA,8.299945,NA
29.562036,NA,NA,NA,NA
NA,NA,NA,8.159986,NA
NA,NA,NA,NA,NA
NA,NA,NA,NA,NA
NA,NA,NA,NA,NA
NA,NA,NA,-15.153139,NA
15.092365,NA,NA,15.131731,NA
NA,NA,NA,15.164751,NA
11.642674,NA,NA,NA,NA
19.268479,NA,NA,7.117242,NA
18.672553,NA,NA,6.018166,NA
17.956341,NA,NA,-27.050098,NA
18.781317,NA,NA,NA,NA
NA,NA,NA,NA,NA
22.077612,NA,NA,8.056933,NA
NA,NA,NA,8.039189,NA
NA,NA,NA,NA,NA
21.26769,NA,NA,14.928755,NA
20.306639,NA,NA,15.048733,NA
NA,NA,NA,15.123856,29.010364
20.136676,NA,NA,NA,NA
NA,NA,NA,NA,NA
20.211162,NA,NA,5.491066,NA
19.934515,NA,NA,5.141327,25.695193
20.085259,NA,NA,NA,NA
NA,NA,NA,-6.757216,25.429986
NA,NA,NA,NA,NA
NA,NA,NA,NA,25.554218
NA,NA,NA,NA,24.826427
NA,NA,NA,8.194043,24.568987
NA,NA,NA,15.737111,25.330572
NA,NA,NA,-17.099929,NA
NA,NA,NA,NA,26.074461
26.738038,NA,NA,5.643738,NA
25.086386,NA,NA,-9.428314,NA
NA,NA,NA,NA,25.773305
-3.927697,NA,NA,NA,25.615067
22.815892,NA,NA,8.131936,18.726338
NA,NA,NA,NA,NA
NA,NA,NA,NA,24.875891
NA,NA,NA,16.56842,25.343817
14.370097,NA,NA,16.605952,25.620481
14.635782,NA,NA,NA,25.424416
15.635251,NA,NA,NA,NA
13.252691,NA,NA,5.996379,NA
19.075923,NA,NA,-7.631537,NA
19.770027,NA,NA,NA,23.910195
NA,NA,NA,NA,NA
20.279567,NA,NA,NA,NA
20.494466,NA,NA,NA,NA
17.95256,NA,NA,7.95693,NA
15.383658,NA,NA,8.181909,NA
17.622021,NA,NA,16.494484,NA
16.710562,NA,NA,16.626616,NA
19.83858,NA,NA,NA,NA
19.711833,NA,NA,NA,23.129342
19.079492,NA,NA,6.095401,NA
NA,NA,NA,6.128161,NA
NA,NA,NA,-12.900593,NA
19.239636,NA,NA,-10.22241,NA
19.165022,NA,NA,-11.36871,NA
19.598954,NA,NA,NA,NA
20.002586,NA,NA,NA,NA
NA,NA,NA,NA,NA
NA,NA,NA,NA,NA
NA,NA,NA,NA,18.363054
NA,NA,NA,NA,NA
NA,NA,NA,NA,NA
NA,NA,NA,NA,NA
NA,NA,NA,NA,NA
NA,NA,NA,8.05023,NA
NA,NA,NA,16.404631,NA
24.148357,NA,NA,16.549676,NA
25.680631,NA,NA,15.687652,NA
23.356014,NA,NA,15.863828,NA
NA,NA,NA,-10.701362,NA
26.118122,NA,NA,NA,NA
26.140375,NA,NA,NA,NA
26.095276,NA,NA,NA,NA
25.400758,NA,NA,NA,16.823487
23.778768,NA,NA,6.569907,NA
24.604531,NA,NA,6.526605,NA
14.680563,NA,NA,-9.343309,NA
NA,NA,NA,-10.22382,16.71628
23.081667,NA,NA,NA,NA
23.628233,NA,NA,NA,NA
NA,NA,NA,NA,NA
NA,NA,NA,NA,NA
0.376466,NA,NA,NA,NA
19.593938,NA,NA,8.083552,NA
19.604837,NA,NA,8.142932,NA
NA,NA,NA,16.201562,NA
NA,NA,NA,16.164756,16.145846
NA,NA,NA,-11.29714,NA
19.442281,NA,NA,NA,15.768476
19.269854,NA,NA,NA,NA
NA,NA,NA,-28.200764,NA
NA,NA,NA,6.896085,NA
22.061728,NA,NA,-10.725918,NA
29.92266,NA,NA,-10.908057,NA
NA,NA,NA,NA,NA
NA,NA,NA,NA,NA
NA,NA,NA,NA,NA
24.836504,NA,NA,NA,NA
26.257852,NA,NA,NA,NA
25.430329,NA,NA,NA,NA
NA,NA,NA,NA,NA
NA,NA,NA,NA,NA
0.014454,NA,NA,NA,NA
-2.756223,NA,NA,NA,NA
24.48828,NA,NA,NA,NA
24.384542,NA,NA,NA,NA
NA,NA,NA,NA,NA
NA,NA,NA,8.114088,NA
NA,NA,NA,8.058059,NA
NA,NA,NA,16.201975,NA
NA,NA,NA,-11.322495,NA
NA,NA,NA,NA,NA
NA,NA,NA,NA,NA
NA,NA,NA,-33.511625,NA
NA,NA,NA,7.592182,NA
NA,NA,NA,-13.292962,NA
23.984351,NA,NA,NA,NA
7.49749,NA,NA,NA,NA
23.013241,NA,NA,NA,NA
21.447163,NA,NA,NA,NA
NA,NA,NA,NA,NA
NA,NA,NA,NA,NA
NA,NA,NA,NA,NA
NA,NA,NA,NA,NA
13.711489,NA,NA,NA,NA
NA,NA,NA,NA,NA
NA,NA,NA,NA,NA
NA,NA,NA,NA,NA
NA,NA,NA,NA,NA
NA,NA,NA,NA,NA
NA,NA,NA,NA,NA
NA,NA,NA,NA,NA
NA,NA,NA,NA,NA
NA,NA,NA,NA,NA
NA,NA,NA,NA,NA
23.832308,NA,NA,NA,NA
24.675064,NA,NA,NA,NA
NA,NA,NA,NA,NA
NA,NA,NA,NA,NA
21.733322,NA,NA,NA,NA
NA,NA,NA,NA,NA
22.868872,NA,NA,NA,NA
NA,NA,NA,15.967761,NA
NA,NA,NA,16.164953,NA
25.477784,NA,NA,NA,NA
NA,NA,NA,NA,NA
NA,NA,NA,NA,NA
13.228208,NA,NA,NA,NA
NA,NA,NA,8.005409,NA
NA,NA,NA,-33.512642,NA
NA,NA,NA,-10.169314,NA
NA,NA,NA,-10.224731,NA
NA,NA,NA,NA,NA
NA,NA,NA,NA,NA
NA,NA,NA,NA,NA
NA,NA,NA,NA,NA
NA,NA,NA,NA,NA
NA,NA,NA,NA,NA
NA,NA,NA,NA,NA
NA,NA,NA,NA,NA
NA,NA,NA,NA,NA
NA,NA,NA,NA,NA
NA,NA,NA,NA,NA
NA,NA,NA,NA,NA
NA,NA,NA,16.097917,NA
NA,NA,NA,15.832199,NA
22.579789,NA,NA,NA,NA
24.923458,NA,NA,NA,NA
26.071598,NA,NA,NA,NA
24.335035,NA,NA,NA,NA
25.788972,NA,NA,NA,NA
26.286756,NA,NA,NA,NA
26.355871,NA,NA,9.698649,NA
NA,NA,NA,NA,NA
25.69055,NA,NA,-12.124148,NA
25.467408,NA,NA,-11.34288,NA
23.753161,NA,NA,NA,NA
25.619568,NA,NA,NA,NA
NA,NA,NA,NA,NA
24.879299,NA,NA,16.313095,NA
28.539054,NA,NA,16.132049,NA
29.49542,NA,NA,-16.928615,NA
NA,NA,NA,NA,NA
NA,NA,NA,NA,NA
NA,NA,NA,NA,NA
14.426199,NA,NA,NA,NA
3.728539,NA,NA,10.164904,NA
NA,NA,NA,-13.277248,NA
NA,NA,NA,-8.226587,NA
NA,NA,NA,NA,NA
NA,NA,NA,NA,NA
NA,NA,NA,7.852395,NA
NA,NA,NA,7.860338,NA
NA,NA,NA,NA,NA
NA,NA,NA,16.103591,NA
NA,NA,NA,16.182892,NA
NA,NA,NA,-17.641578,NA
NA,NA,NA,NA,NA
NA,NA,NA,NA,NA
NA,NA,NA,NA,NA
NA,NA,NA,-19.605758,NA
NA,NA,NA,10.465141,NA
NA,NA,NA,-8.383335,NA
NA,NA,NA,-10.257827,NA
NA,NA,NA,NA,NA
NA,NA,NA,NA,NA
NA,NA,NA,NA,-7.800662
NA,NA,NA,NA,-7.807381
NA,NA,NA,NA,-11.089196
NA,NA,NA,7.993195,24.353091
NA,NA,NA,NA,20.640863
NA,NA,NA,7.948846,20.453647
NA,NA,NA,-14.093429,-2.358466
NA,NA,NA,15.93331,20.605451
NA,NA,NA,NA,19.005715
NA,NA,NA,NA,19.175383
NA,NA,NA,-19.774552,25.844316
NA,NA,NA,10.084908,22.907145
NA,NA,NA,-14.594738,NA
8.140828,NA,NA,-10.203461,NA
12.146615,NA,NA,NA,17.774297
NA,NA,NA,NA,18.19744
NA,NA,NA,NA,16.572076
13.28441,NA,NA,-13.478523,21.288351
7.763304,NA,NA,7.869544,10.415087
9.099001,NA,NA,15.905155,22.328866
24.134967,NA,NA,-18.13921,23.399903
23.287068,NA,NA,7.431493,NA
21.680633,NA,NA,NA,20.814585
8.000432,NA,NA,-26.886969,NA
26.307312,NA,NA,6.753762,20.056834
26.599768,NA,NA,NA,21.331719
23.837828,NA,NA,-11.976108,NA
7.83271,NA,NA,NA,23.852312
26.06087,NA,NA,NA,22.778727
2.186664,NA,NA,7.727784,21.268782
22.420052,NA,NA,16.048756,22.574766
0.310186,NA,NA,7.5162,NA
6.071522,NA,NA,NA,22.971837
5.81455,NA,NA,NA,22.755113
3.048261,NA,NA,7.314503,NA
-1.409465,NA,NA,-7.463926,21.627835
20.463588,NA,NA,-13.8037,NA
19.794425,NA,NA,NA,NA
19.3906,NA,NA,NA,NA
20.192882,NA,NA,7.757787,-5.600012
20.591671,NA,NA,16.066414,-6.519724
24.324807,NA,NA,NA,NA
21.870183,NA,NA,-5.832385,NA
-3.051481,NA,NA,NA,NA
28.432914,NA,NA,7.849226,24.172711
26.942008,NA,NA,NA,NA
27.462905,NA,NA,NA,NA
21.427119,NA,NA,NA,23.906378
NA,NA,NA,NA,-3.03096
NA,NA,NA,NA,1.837616
NA,NA,NA,7.109175,NA
14.791987,NA,NA,-12.773539,NA
NA,NA,NA,NA,NA
7.684594,NA,NA,7.893518,NA
NA,NA,NA,7.683956,-6.692581
NA,NA,NA,15.988832,-9.839263
NA,NA,NA,15.944707,NA
NA,NA,NA,15.925639,NA
NA,NA,NA,15.771081,20.011123
NA,NA,NA,15.599586,22.092752
NA,NA,NA,NA,-10.399384
NA,NA,NA,NA,-13.757144
NA,NA,NA,NA,18.031535
NA,NA,NA,15.702399,15.060919
NA,NA,NA,15.794906,NA
NA,NA,NA,8.375903,4.750997
NA,NA,NA,8.108594,-7.121321
28.51441,NA,NA,-5.512353,17.851984
19.699317,NA,NA,NA,6.809895
25.971343,NA,NA,NA,5.209568
19.620585,NA,NA,NA,-3.716912
29.365827,NA,NA,NA,7.557081
NA,NA,NA,NA,7.041696
NA,NA,NA,NA,8.474024
28.190971,NA,NA,NA,3.249324
25.164936,NA,NA,NA,NA
NA,NA,NA,NA,8.668204
NA,NA,NA,NA,11.214886
NA,NA,NA,7.577495,14.081786
25.410995,NA,NA,-14.597267,NA
NA,NA,NA,-9.701873,9.833834
NA,NA,NA,NA,NA
NA,NA,NA,NA,NA
NA,NA,NA,7.92276,NA
24.596537,NA,NA,NA,NA
24.990831,NA,NA,NA,NA
23.136739,NA,NA,15.231086,NA
24.230728,NA,NA,15.793877,NA
25.870032,NA,NA,NA,NA
24.589559,NA,NA,NA,NA
24.965339,NA,NA,15.933068,NA
25.008544,NA,NA,15.578413,NA
-0.596904,NA,NA,15.70464,NA
-4.821437,NA,NA,NA,NA
19.798977,NA,NA,NA,NA
21.764008,NA,NA,NA,NA
24.426909,NA,NA,NA,NA
20.999075,NA,NA,NA,NA
NA,NA,NA,NA,NA
NA,NA,NA,NA,NA
NA,NA,NA,NA,NA
13.721488,NA,NA,-21.752892,NA
13.698622,NA,NA,NA,NA
NA,NA,NA,NA,NA
NA,NA,NA,NA,NA
NA,NA,NA,7.990733,NA
NA,NA,NA,15.54288,NA
NA,NA,NA,15.407474,NA
NA,NA,NA,NA,NA
NA,NA,NA,NA,NA
NA,NA,NA,2.207008,NA
NA,NA,NA,NA,NA
NA,NA,NA,NA,NA
NA,NA,NA,NA,NA
NA,NA,NA,NA,NA
NA,NA,NA,NA,NA
NA,NA,NA,7.879683,NA
NA,NA,NA,7.721293,NA
NA,NA,NA,15.415361,NA
25.232569,NA,NA,15.305286,NA
27.892629,NA,NA,15.511574,NA
NA,NA,NA,NA,NA
28.377893,NA,NA,NA,NA
NA,NA,NA,NA,NA
NA,NA,NA,NA,NA
NA,NA,NA,-9.475786,NA
19.737691,NA,NA,NA,NA
1.364721,NA,NA,NA,NA
17.449488,NA,NA,7.736469,NA
22.836245,NA,NA,7.671768,NA
26.025121,NA,NA,-14.689331,NA
26.572525,NA,NA,15.597692,NA
21.259313,NA,NA,NA,NA
20.235054,NA,NA,NA,NA
22.992862,NA,NA,NA,NA
28.033119,NA,NA,-16.672011,NA
25.930926,NA,NA,7.680057,NA
24.687144,NA,NA,NA,NA
NA,NA,NA,8.062057,NA
NA,NA,NA,7.996939,NA
14.64968,NA,NA,7.77432,NA
-0.353862,NA,NA,15.361777,NA
NA,NA,NA,-9.14044,NA
NA,NA,NA,15.580972,NA
NA,NA,NA,15.18137,NA
NA,NA,NA,16.732892,NA
NA,NA,NA,NA,NA
NA,NA,NA,NA,NA
NA,NA,NA,NA,NA
NA,NA,NA,NA,NA
NA,NA,NA,2.92703,NA
NA,NA,NA,2.261411,NA
NA,NA,NA,-10.451008,NA
NA,NA,NA,NA,NA
NA,NA,NA,7.649207,NA
NA,NA,NA,-18.055637,NA
NA,NA,NA,15.560416,NA
NA,NA,NA,15.819761,NA
28.056507,NA,NA,-10.215302,NA
NA,NA,NA,15.867661,NA
NA,NA,NA,15.704461,NA
24.691045,NA,NA,15.566407,NA
NA,NA,NA,-3.99483,NA
4.079264,NA,NA,16.957714,NA
24.67894,NA,NA,NA,NA
25.13379,NA,NA,NA,NA
24.987996,NA,NA,NA,NA
26.091824,NA,NA,NA,NA
25.808735,NA,NA,NA,NA
25.117247,NA,NA,NA,NA
24.042171,NA,NA,NA,NA
21.935977,NA,NA,NA,NA
16.508214,NA,NA,-10.502339,NA
18.457443,NA,NA,7.943081,NA
25.668815,NA,NA,-3.478366,NA
24.899643,NA,NA,15.782911,NA
26.795236,NA,NA,15.830843,NA
28.417366,NA,NA,15.820367,NA
26.662276,NA,NA,15.91315,NA
26.179642,NA,NA,15.799948,NA
25.5171,NA,NA,15.940657,NA
27.069617,NA,NA,15.941714,NA
25.923011,NA,NA,NA,NA
26.444923,NA,NA,15.539935,NA
27.047729,NA,NA,15.648109,NA
NA,NA,NA,-3.135147,NA
29.104446,NA,NA,17.025029,NA
26.480497,NA,NA,16.517406,NA
27.218656,NA,NA,16.955308,NA
NA,NA,NA,17.069073,NA
NA,NA,NA,17.071407,NA
14.226962,NA,NA,16.964598,NA
5.944115,NA,NA,16.765644,NA
NA,NA,NA,17.094329,NA
NA,NA,NA,17.181024,NA
NA,NA,NA,17.514487,NA
11.377569,NA,NA,NA,NA
NA,NA,NA,NA,NA
NA,NA,NA,NA,NA
NA,NA,NA,NA,NA
NA,NA,NA,NA,NA
NA,NA,NA,NA,NA
NA,NA,NA,-10.086102,NA
NA,NA,NA,7.8452,NA
NA,NA,NA,NA,NA
NA,NA,NA,-5.772411,NA
NA,NA,NA,17.578757,NA
NA,NA,NA,NA,NA
NA,NA,NA,NA,NA
NA,NA,NA,NA,NA
NA,NA,NA,NA,NA
13.472415,NA,NA,NA,NA
NA,NA,NA,NA,NA
10.92049,NA,NA,NA,NA
24.074662,NA,NA,NA,NA
25.527026,NA,NA,NA,NA
NA,NA,NA,NA,NA
NA,NA,NA,-9.46803,NA
22.001856,NA,NA,NA,NA
21.758776,NA,NA,NA,NA
25.088424,NA,NA,NA,NA
28.567158,NA,NA,NA,NA
29.529883,NA,NA,17.484414,NA
27.732467,NA,NA,NA,NA
24.553571,NA,NA,NA,NA
21.515788,NA,NA,NA,NA
21.294908,NA,NA,NA,NA
22.054328,NA,NA,NA,NA
23.019701,NA,NA,-8.258739,NA
28.45875,NA,NA,6.927593,NA
6.612291,NA,NA,6.957824,NA
1.732554,NA,NA,17.320408,NA
26.316591,NA,NA,NA,NA
23.779275,NA,NA,NA,NA
4.696323,NA,NA,-7.918534,NA
26.364505,NA,NA,NA,NA
28.0964,NA,NA,7.538845,NA
28.617502,NA,NA,17.138092,NA
25.883218,NA,NA,17.033789,NA
27.840401,NA,NA,NA,NA
27.471621,NA,NA,-8.427735,NA
28.011628,NA,NA,NA,NA
27.361913,NA,NA,NA,NA
27.279919,NA,NA,7.622435,NA
27.675357,NA,NA,NA,NA
27.713367,NA,NA,-0.429629,NA
29.123555,NA,NA,NA,NA
27.214349,NA,NA,NA,NA
26.002548,NA,NA,NA,NA
25.817718,NA,NA,NA,NA
14.026423,NA,NA,NA,NA
27.903399,NA,NA,NA,NA
NA,NA,NA,NA,NA
28.789176,NA,NA,NA,NA
28.621346,NA,NA,NA,NA
NA,NA,NA,-8.303104,NA
NA,NA,NA,7.28382,NA
NA,NA,NA,NA,NA
13.987605,NA,NA,16.669141,NA
12.85871,NA,NA,-2.671063,NA
NA,NA,NA,NA,NA
NA,NA,NA,NA,NA
NA,NA,NA,3.749445,NA
NA,NA,NA,NA,NA
NA,NA,NA,NA,NA
NA,NA,NA,NA,NA
24.251755,NA,NA,-7.184039,NA
NA,NA,NA,NA,NA
NA,NA,NA,NA,NA
NA,NA,NA,NA,NA
NA,NA,NA,NA,NA
NA,NA,NA,17.153757,NA
NA,NA,NA,17.116334,NA
NA,NA,NA,NA,NA
NA,NA,NA,NA,NA
25.859105,NA,NA,NA,NA
26.141057,NA,NA,NA,NA
NA,NA,NA,NA,NA
NA,NA,NA,NA,NA
NA,NA,NA,-5.62157,NA
NA,NA,NA,NA,NA
NA,NA,NA,NA,NA
NA,NA,NA,NA,NA
5.402432,NA,NA,7.075266,NA
22.146795,NA,NA,NA,NA
23.770174,NA,NA,NA,NA
22.917687,NA,NA,NA,NA
21.295083,NA,NA,NA,NA
22.196814,NA,NA,17.214552,NA
25.937269,NA,NA,NA,NA
24.441543,NA,NA,NA,NA
27.408198,NA,NA,NA,NA
25.322973,NA,NA,NA,NA
6.465063,NA,NA,NA,NA
28.77907,NA,NA,NA,NA
28.864488,NA,NA,NA,NA
28.745024,NA,NA,17.026982,NA
26.322987,NA,NA,NA,NA
25.072486,NA,NA,NA,NA
25.277897,NA,NA,4.032417,NA
25.373063,NA,NA,4.092922,NA
15.82455,NA,NA,-7.508841,NA
28.326543,NA,NA,NA,NA
NA,NA,NA,7.604346,NA
13.986913,NA,NA,NA,NA
3.855865,NA,NA,NA,NA
NA,NA,NA,7.475131,NA
NA,NA,NA,16.776288,NA
NA,NA,NA,NA,NA
NA,NA,NA,NA,NA
NA,NA,NA,4.56139,NA
NA,NA,NA,-6.965829,NA
NA,NA,NA,-6.853305,NA
NA,NA,NA,-19.399089,NA
NA,NA,NA,7.508299,NA
24.46558,NA,NA,7.576079,NA
NA,NA,NA,16.958164,NA
22.932063,NA,NA,NA,NA
24.07935,NA,NA,NA,NA
24.780006,NA,NA,NA,NA
25.763967,NA,NA,NA,NA
24.436084,NA,NA,-6.881911,NA
NA,NA,NA,-7.054287,NA
NA,NA,NA,NA,NA
NA,NA,NA,NA,NA
NA,NA,NA,7.247866,NA
NA,NA,NA,7.334111,NA
NA,NA,NA,17.668187,NA
NA,NA,NA,17.631991,NA
NA,NA,NA,NA,NA
NA,NA,NA,NA,NA
NA,NA,NA,1.067926,NA
NA,NA,NA,1.091877,NA
NA,NA,NA,NA,NA
NA,NA,NA,-6.117761,NA
NA,NA,NA,7.320944,NA
22.968386,NA,NA,7.841744,NA
27.699799,NA,NA,17.64125,NA
28.354772,NA,NA,NA,NA
14.573136,NA,NA,NA,NA
NA,NA,NA,NA,NA
NA,NA,NA,21.55624,NA
NA,NA,NA,7.699321,NA
NA,NA,NA,NA,NA
NA,NA,NA,17.891458,NA
NA,NA,NA,17.79713,NA
NA,NA,NA,23.321527,NA
NA,NA,NA,NA,NA
NA,NA,NA,7.722362,NA
25.975994,NA,NA,-5.734034,NA
25.823082,NA,NA,17.890591,NA
26.3075,NA,NA,2.299317,NA
20.180499,NA,NA,7.451438,NA
23.916787,NA,NA,NA,NA
NA,NA,NA,NA,NA
NA,NA,NA,17.802929,NA
NA,NA,NA,NA,NA
NA,NA,NA,NA,NA
NA,NA,NA,NA,NA
NA,NA,NA,17.741842,NA
NA,NA,NA,-7.311579,NA
NA,NA,NA,7.67941,NA
NA,NA,NA,17.768883,NA
NA,NA,NA,NA,NA
NA,NA,NA,21.213876,NA
NA,NA,NA,NA,NA
NA,NA,NA,NA,NA
NA,NA,NA,17.699022,NA
24.51841,NA,NA,NA,NA
NA,NA,NA,NA,NA
NA,NA,NA,19.883209,NA
4.386956,NA,NA,19.954474,NA
25.639006,NA,NA,NA,NA
NA,NA,NA,NA,NA
29.128343,NA,NA,NA,NA
27.982418,NA,NA,NA,NA
NA,NA,NA,17.766363,NA
14.365247,NA,NA,18.477411,NA
NA,NA,NA,18.520641,NA
NA,NA,NA,18.400048,NA
NA,NA,NA,18.329977,NA
NA,NA,NA,18.407297,NA
NA,NA,NA,18.545544,NA
NA,NA,NA,18.490345,NA
NA,NA,NA,18.480777,NA
NA,NA,NA,18.807923,NA
14.731645,NA,NA,19.022521,NA
4.083418,NA,NA,19.328923,NA
15.879992,NA,NA,19.40767,NA
23.421124,NA,NA,19.61913,NA
25.236215,NA,NA,19.353222,NA
NA,NA,NA,NA,NA
NA,NA,NA,NA,NA
NA,NA,NA,NA,NA
NA,NA,NA,NA,NA
NA,NA,NA,NA,NA
NA,NA,NA,19.800472,NA
NA,NA,NA,NA,NA
NA,NA,NA,NA,NA
NA,NA,NA,NA,NA
NA,NA,NA,NA,NA
NA,NA,NA,NA,NA
23.968882,NA,NA,-6.184556,NA
24.51518,NA,NA,2.255509,NA
22.177737,NA,NA,NA,NA
27.044385,NA,NA,NA,NA
26.733311,NA,NA,NA,NA
26.913979,NA,NA,-17.020347,NA
27.484629,NA,NA,17.695218,NA
25.970594,NA,NA,18.395866,NA
25.780581,NA,NA,-13.317211,NA
26.656727,NA,NA,-11.833115,NA
28.456461,NA,NA,18.700524,NA
28.089253,NA,NA,18.646095,NA
27.574702,NA,NA,18.640368,NA
29.460965,NA,NA,18.514894,NA
NA,NA,NA,NA,NA
NA,NA,NA,NA,NA
15.071248,NA,NA,NA,NA
NA,NA,NA,-5.82364,NA
NA,NA,NA,-4.594529,NA
NA,NA,NA,-4.116065,NA
NA,NA,NA,NA,NA
NA,NA,NA,7.744729,NA
NA,NA,NA,-3.056676,NA
NA,NA,NA,NA,NA
NA,NA,NA,18.755491,NA
0.064101,NA,NA,18.728363,NA
21.467324,NA,NA,18.712599,NA
NA,NA,NA,18.64208,NA
19.376849,NA,NA,18.614619,NA
20.183229,NA,NA,18.537822,NA
NA,NA,NA,18.619539,NA
25.403195,NA,NA,NA,NA
NA,NA,NA,NA,NA
NA,NA,NA,NA,NA
24.836709,NA,NA,7.82794,NA
24.012024,NA,NA,NA,NA
23.208752,NA,NA,NA,NA
23.609927,NA,NA,16.949162,NA
NA,NA,NA,15.751755,NA
NA,NA,NA,15.726102,NA
NA,NA,NA,13.646703,NA
NA,NA,NA,10.028846,NA
NA,NA,NA,NA,NA
NA,NA,NA,7.622533,NA
NA,NA,NA,NA,NA
NA,NA,NA,NA,NA
NA,NA,NA,NA,NA
NA,NA,NA,NA,NA
NA,NA,NA,7.647564,NA
NA,NA,NA,7.610647,NA
NA,NA,NA,NA,NA
NA,NA,NA,NA,NA
22.995954,NA,NA,4.092455,NA
15.104861,NA,NA,13.54745,NA
22.326218,NA,NA,7.746948,NA
NA,NA,NA,7.629974,NA
28.236047,NA,NA,NA,NA
26.32245,NA,NA,NA,NA
14.076865,NA,NA,NA,NA
NA,NA,NA,7.725868,NA
NA,NA,NA,NA,NA
15.889509,NA,NA,NA,NA
27.783073,NA,NA,NA,NA
27.817685,NA,NA,NA,NA
17.443214,NA,NA,NA,NA
26.868162,NA,NA,NA,NA
27.442404,NA,NA,-16.111105,NA
NA,NA,NA,NA,NA
15.980419,NA,NA,NA,NA
14.903202,NA,NA,NA,NA
NA,NA,NA,NA,NA
NA,NA,NA,NA,NA
NA,NA,NA,7.475851,NA
NA,NA,NA,7.449519,NA
26.196527,NA,NA,NA,NA
28.547212,NA,NA,NA,NA
23.009832,NA,NA,NA,NA
23.933343,NA,NA,NA,NA
17.032689,NA,NA,NA,NA
23.448434,NA,NA,NA,NA
15.306309,NA,NA,NA,NA
NA,NA,NA,7.384737,NA
21.494168,NA,NA,7.354871,NA
19.05969,NA,NA,NA,NA
24.211215,NA,NA,NA,NA
23.876654,NA,NA,NA,NA
23.706842,NA,NA,NA,NA
23.602747,NA,NA,NA,NA
26.853301,NA,NA,NA,NA
NA,NA,NA,7.245707,NA
NA,NA,NA,NA,NA
NA,NA,NA,NA,NA
NA,NA,NA,NA,NA
NA,NA,NA,NA,NA
NA,NA,NA,NA,NA
NA,NA,NA,NA,NA
NA,NA,NA,NA,NA
NA,NA,NA,NA,NA
NA,NA,NA,7.246746,NA
NA,NA,NA,NA,NA
NA,NA,NA,NA,NA
NA,NA,NA,6.988243,NA
NA,NA,NA,NA,NA
NA,NA,NA,NA,NA
NA,NA,NA,NA,NA
NA,NA,NA,NA,NA
25.421162,NA,NA,7.122264,NA
2.742782,NA,NA,7.213826,NA
22.572264,NA,NA,NA,NA
25.873251,NA,NA,NA,NA
27.187415,NA,NA,NA,NA
8.170211,NA,NA,4.767462,NA
26.178077,NA,NA,NA,NA
NA,NA,NA,NA,NA
NA,NA,NA,7.195793,NA
6.235878,NA,NA,NA,NA
13.921197,NA,NA,NA,NA
13.94843,NA,NA,NA,NA
14.607945,NA,NA,NA,NA
3.552036,NA,NA,NA,NA
NA,NA,NA,10.424892,NA
NA,NA,NA,10.776986,NA
NA,NA,NA,10.767963,NA
NA,NA,NA,10.812183,NA
NA,NA,NA,7.167486,NA
NA,NA,NA,NA,NA
NA,NA,NA,7.200724,NA
NA,NA,NA,NA,NA
NA,NA,NA,7.101065,NA
NA,NA,NA,-20.073591,NA
NA,NA,NA,7.021991,NA
28.387133,NA,NA,7.013768,NA
27.037098,NA,NA,7.073192,NA
NA,NA,NA,NA,NA
NA,NA,NA,NA,NA
17.322763,NA,NA,7.040745,NA
7.335698,NA,NA,7.001499,NA
25.210619,NA,NA,NA,NA
NA,NA,NA,NA,NA
NA,NA,NA,7.036804,NA
NA,NA,NA,-17.086467,NA
NA,NA,NA,7.014049,NA
NA,NA,NA,-17.408995,NA
NA,NA,NA,6.990385,NA
NA,NA,NA,NA,NA
NA,NA,NA,NA,NA
NA,NA,NA,6.951248,NA
NA,NA,NA,NA,NA
NA,NA,NA,NA,NA
NA,NA,NA,NA,NA
NA,NA,NA,NA,NA
NA,NA,NA,6.97928,NA
NA,NA,NA,6.953148,NA
NA,NA,NA,6.903051,NA
NA,NA,NA,NA,NA
NA,NA,NA,6.870139,NA
NA,NA,NA,6.873189,NA
NA,NA,NA,NA,NA
20.766383,NA,NA,6.940258,NA
1.187786,NA,NA,6.932154,NA
25.243983,NA,NA,6.916826,NA
25.475531,NA,NA,-18.232728,NA
21.028682,NA,NA,6.893539,NA
23.799935,NA,NA,6.925073,NA
27.140648,NA,NA,7.050203,NA
27.465745,NA,NA,-18.630546,NA
NA,NA,NA,7.031505,NA
NA,NA,NA,6.98217,NA
13.619682,NA,NA,NA,NA
13.776214,NA,NA,7.06069,NA
NA,NA,NA,7.118161,NA
NA,NA,NA,-19.946499,NA
NA,NA,NA,7.152505,NA
NA,NA,NA,7.007517,NA
NA,NA,NA,-20.225562,NA
NA,NA,NA,7.023434,NA
NA,NA,NA,NA,NA
NA,NA,NA,NA,NA
NA,NA,NA,NA,NA
NA,NA,NA,NA,NA
NA,NA,NA,NA,NA
2.603041,NA,NA,7.03568,NA
NA,NA,NA,6.941117,NA
15.94829,NA,NA,7.075559,NA
22.975738,NA,NA,NA,NA
NA,NA,NA,NA,NA
NA,NA,NA,NA,NA
NA,NA,NA,NA,NA
NA,NA,NA,NA,NA
NA,NA,NA,NA,NA
NA,NA,NA,NA,NA
25.558708,NA,NA,NA,NA
25.296467,NA,NA,NA,NA
26.296126,NA,NA,NA,NA
27.253538,NA,NA,NA,NA
28.846662,NA,NA,NA,NA
13.85271,NA,NA,NA,NA
NA,NA,NA,NA,NA
NA,NA,NA,NA,NA
NA,NA,NA,NA,NA
NA,NA,NA,NA,NA
NA,NA,NA,NA,NA
NA,NA,NA,NA,NA
NA,NA,NA,NA,NA
NA,NA,NA,NA,NA
25.349903,NA,NA,NA,NA
25.329793,NA,NA,NA,NA
NA,NA,NA,NA,NA
NA,NA,NA,NA,NA
12.899045,NA,NA,NA,NA
22.507997,NA,NA,NA,NA
NA,NA,NA,NA,NA
NA,NA,NA,NA,NA
NA,NA,NA,NA,NA
NA,NA,NA,NA,NA
NA,NA,NA,NA,NA
NA,NA,NA,NA,NA
NA,NA,NA,NA,NA
NA,NA,NA,NA,NA
25.499693,NA,NA,NA,NA
-2.648555,NA,NA,7.910643,NA
NA,NA,NA,7.907405,NA
27.048309,NA,NA,NA,NA
27.258886,NA,NA,NA,NA
NA,NA,NA,NA,NA
NA,NA,NA,NA,NA
13.637659,NA,NA,NA,NA
NA,NA,NA,NA,NA
NA,NA,NA,NA,NA
NA,NA,NA,NA,NA
NA,NA,NA,NA,NA
NA,NA,NA,NA,NA
NA,NA,NA,NA,NA
NA,NA,NA,NA,NA
NA,NA,NA,NA,NA
NA,NA,NA,NA,NA
NA,NA,NA,-20.130621,NA
NA,NA,NA,7.688638,NA
NA,NA,NA,7.490149,NA
NA,NA,NA,NA,NA
NA,NA,NA,NA,NA
NA,NA,NA,-22.883178,NA
NA,NA,NA,5.835936,NA
NA,NA,NA,5.953905,NA
0.483467,NA,NA,6.08051,NA
28.164623,NA,NA,6.511817,NA
28.049541,NA,NA,NA,NA
NA,NA,NA,NA,NA
NA,NA,NA,NA,NA
24.474565,NA,NA,NA,NA
NA,NA,NA,7.674694,NA
NA,NA,NA,7.404486,NA
NA,NA,NA,8.074575,NA
NA,NA,NA,NA,NA
NA,NA,NA,-20.502582,NA
NA,NA,NA,-19.202765,NA
NA,NA,NA,8.554992,NA
NA,NA,NA,NA,NA
NA,NA,NA,NA,NA
NA,NA,NA,NA,NA
NA,NA,NA,NA,NA
NA,NA,NA,NA,NA
22.989506,NA,NA,NA,NA
17.105803,NA,NA,NA,NA
27.13154,NA,NA,NA,NA
10.204696,NA,NA,NA,NA
12.218028,NA,NA,NA,NA
26.170472,NA,NA,NA,NA
NA,NA,NA,NA,NA
NA,NA,NA,NA,NA
NA,NA,NA,NA,NA
NA,NA,NA,NA,NA
NA,NA,NA,NA,NA
NA,NA,NA,NA,NA
NA,NA,NA,NA,NA
NA,NA,NA,NA,NA
NA,NA,NA,NA,NA
NA,NA,NA,NA,NA
NA,NA,NA,NA,NA
NA,NA,NA,NA,NA
NA,NA,NA,NA,NA
NA,NA,NA,NA,NA
NA,NA,NA,NA,NA
NA,NA,NA,NA,NA
NA,NA,NA,NA,NA
24.358892,NA,NA,9.98758,NA
NA,NA,NA,9.663454,NA
13.503568,NA,NA,NA,NA
15.546899,NA,NA,9.996141,NA
NA,NA,NA,NA,NA
28.094642,NA,NA,8.87882,NA
27.813685,NA,NA,9.104431,NA
NA,NA,NA,9.160372,NA
NA,NA,NA,9.528566,NA
NA,NA,NA,10.234259,NA
NA,NA,NA,10.222326,NA
NA,NA,NA,10.46119,NA
NA,NA,NA,NA,NA
NA,NA,NA,NA,NA
NA,NA,NA,NA,NA
NA,NA,NA,NA,NA
25.722856,NA,NA,NA,NA
0.170533,NA,NA,11.744603,NA
21.928522,NA,NA,11.638361,NA
NA,NA,NA,11.18441,NA
26.095371,NA,NA,NA,NA
26.389045,NA,NA,NA,NA
13.963148,NA,NA,15.659275,NA
13.559256,NA,NA,15.129355,NA
13.321398,NA,NA,-8.563744,NA
12.875082,NA,NA,14.25578,NA
25.697533,NA,NA,14.587794,NA
NA,NA,NA,15.031689,NA
NA,NA,NA,16.440924,NA
28.997032,NA,NA,16.294985,NA
NA,NA,NA,NA,NA
NA,NA,NA,16.069227,NA
NA,NA,NA,16.027317,NA
NA,NA,NA,15.773946,NA
NA,NA,NA,15.856133,NA
NA,NA,NA,-12.398064,NA
NA,NA,NA,16.417643,NA
NA,NA,NA,16.189163,NA
NA,NA,NA,-15.145769,NA
NA,NA,NA,16.729762,NA
NA,NA,NA,17.293297,NA
1.664456,NA,NA,17.35238,NA
NA,NA,NA,16.853491,NA
NA,NA,NA,-17.360829,NA
NA,NA,NA,15.809723,NA
NA,NA,NA,16.106047,NA
NA,NA,NA,15.117857,NA
NA,NA,NA,16.022843,NA
NA,NA,NA,16.134633,NA
NA,NA,NA,-16.693761,NA
NA,NA,NA,17.877053,NA
NA,NA,NA,18.232458,NA
NA,NA,NA,-19.438471,NA
NA,NA,NA,17.087402,NA
NA,NA,NA,16.995651,NA
25.525572,NA,NA,17.331719,NA
22.080867,NA,NA,17.682696,NA
26.158551,NA,NA,-24.161379,NA
24.799989,NA,NA,16.825077,NA
25.817161,NA,NA,17.146365,NA
28.29375,NA,NA,17.340865,NA
28.52903,NA,NA,17.275048,NA
28.195464,NA,NA,16.313228,NA
28.072257,NA,NA,16.529537,NA
NA,NA,NA,16.646339,NA
9.512674,NA,NA,16.823974,NA
26.756658,NA,NA,16.617017,NA
16.014925,NA,NA,16.591531,NA
28.97888,NA,NA,16.33399,NA
28.503667,NA,NA,-26.919469,NA
NA,NA,NA,-26.733005,NA
NA,NA,NA,16.344146,NA
NA,NA,NA,17.884715,NA
NA,NA,NA,18.62036,NA
NA,NA,NA,-23.555705,NA
NA,NA,NA,17.694783,NA
NA,NA,NA,16.768067,NA
NA,NA,NA,17.510046,NA
NA,NA,NA,19.007219,NA
NA,NA,NA,19.164205,NA
5.122275,NA,NA,18.794988,NA
15.032901,NA,NA,18.461848,NA
14.721146,NA,NA,18.748451,NA
NA,NA,NA,-26.565538,NA
NA,NA,NA,18.531425,NA
NA,NA,NA,19.96828,NA
NA,NA,NA,19.325772,NA
NA,NA,NA,20.693946,NA
NA,NA,NA,-23.921915,NA
NA,NA,NA,-9.042454,NA
NA,NA,NA,NA,NA
NA,NA,NA,22.930882,NA
NA,NA,NA,NA,NA
NA,NA,NA,22.807366,NA
NA,NA,NA,22.594082,NA
NA,NA,NA,-27.159896,NA
NA,NA,NA,NA,NA
NA,NA,NA,NA,NA
24.790547,NA,NA,NA,NA
24.745654,NA,NA,NA,NA
28.536402,NA,NA,NA,NA
12.065096,NA,NA,NA,NA
NA,NA,NA,NA,NA
NA,NA,NA,NA,NA
NA,NA,NA,NA,NA
NA,NA,NA,NA,NA
NA,NA,NA,NA,NA
NA,NA,NA,NA,NA
NA,NA,NA,NA,NA
NA,NA,NA,NA,NA
NA,NA,NA,24.613925,NA
NA,NA,NA,NA,NA
NA,NA,NA,NA,NA
NA,NA,NA,-23.883581,NA
NA,NA,NA,22.821992,NA
NA,NA,NA,22.081279,NA
4.294979,NA,NA,NA,NA
15.177999,NA,NA,NA,NA
14.885591,NA,NA,NA,NA
-0.549075,NA,NA,NA,NA
NA,NA,NA,NA,NA
NA,NA,NA,NA,NA
NA,NA,NA,NA,NA
NA,NA,NA,NA,NA
NA,NA,NA,NA,NA
NA,NA,NA,NA,NA
25.921637,NA,NA,NA,NA
NA,NA,NA,NA,NA
NA,NA,NA,NA,NA
24.890369,NA,NA,NA,NA
28.225563,NA,NA,NA,NA
NA,NA,NA,NA,NA
NA,NA,NA,22.258724,NA
NA,NA,NA,22.04357,NA
NA,NA,NA,NA,NA
NA,NA,NA,NA,NA
26.963154,NA,NA,NA,NA
NA,NA,NA,-27.563295,NA
25.822514,NA,NA,NA,NA
25.811164,NA,NA,NA,NA
NA,NA,NA,NA,NA
5.512228,NA,NA,NA,NA
NA,NA,NA,NA,NA
14.743776,NA,NA,NA,NA
15.341551,NA,NA,NA,NA
NA,NA,NA,NA,NA
NA,NA,NA,NA,NA
NA,NA,NA,NA,NA
NA,NA,NA,NA,NA
NA,NA,NA,NA,NA
26.891884,NA,NA,NA,NA
NA,NA,NA,NA,NA
0.18572,NA,NA,NA,NA
NA,NA,NA,NA,NA
15.266674,NA,NA,NA,NA
NA,NA,NA,NA,NA
NA,NA,NA,NA,NA
NA,NA,NA,NA,NA
NA,NA,NA,NA,NA
NA,NA,NA,NA,NA
NA,NA,NA,NA,NA
NA,NA,NA,NA,NA
NA,NA,NA,NA,NA
NA,NA,NA,NA,NA
4.448646,NA,NA,NA,NA
15.170804,NA,NA,NA,NA
NA,NA,NA,20.638936,NA
NA,NA,NA,NA,NA
NA,NA,NA,NA,NA
NA,NA,NA,NA,NA
NA,NA,NA,21.392713,NA
NA,NA,NA,NA,NA
NA,NA,NA,NA,NA
24.992368,NA,NA,NA,NA
26.384554,NA,NA,NA,NA
2.341443,NA,NA,NA,NA
25.585595,NA,NA,NA,NA
14.820108,NA,NA,NA,NA
NA,NA,NA,NA,NA
NA,NA,NA,NA,NA
NA,NA,NA,NA,NA
NA,NA,NA,NA,NA
NA,NA,NA,NA,NA
NA,NA,NA,NA,NA
NA,NA,NA,NA,NA
NA,NA,NA,NA,NA
NA,NA,NA,NA,NA
NA,NA,NA,NA,NA
NA,NA,NA,NA,NA
NA,NA,NA,NA,NA
NA,NA,NA,NA,NA
15.673467,NA,NA,NA,NA
NA,NA,NA,NA,NA
NA,NA,NA,NA,NA
NA,NA,NA,NA,NA
NA,NA,NA,NA,NA
NA,NA,NA,NA,NA
NA,NA,NA,NA,NA
NA,NA,NA,NA,NA
NA,NA,NA,NA,NA
NA,NA,NA,NA,NA
10.308217,NA,NA,NA,NA
21.607851,NA,NA,NA,NA
27.417817,NA,NA,NA,NA
NA,NA,NA,NA,NA
NA,NA,NA,NA,NA
NA,NA,NA,NA,NA
NA,NA,NA,NA,NA
15.7779,NA,NA,NA,NA
2.469208,NA,NA,NA,NA
15.739399,NA,NA,NA,NA
NA,NA,NA,NA,NA
NA,NA,NA,NA,NA
NA,NA,NA,NA,NA
NA,NA,NA,NA,NA
NA,NA,NA,NA,NA
NA,NA,NA,NA,NA
NA,NA,NA,NA,NA
NA,NA,NA,NA,NA
NA,NA,NA,NA,NA
NA,NA,NA,NA,NA
NA,NA,NA,NA,NA
NA,NA,NA,NA,NA
NA,NA,NA,NA,NA
0.340551,NA,NA,NA,NA
23.413167,NA,NA,NA,NA
27.219724,NA,NA,NA,NA
NA,NA,NA,NA,NA
15.521768,NA,NA,NA,NA
15.464555,NA,NA,NA,NA
NA,NA,NA,NA,NA
NA,NA,NA,NA,NA
NA,NA,NA,NA,NA
NA,NA,NA,NA,NA
NA,NA,NA,NA,NA
NA,NA,NA,NA,NA
26.984073,NA,NA,NA,NA
25.393949,NA,NA,NA,NA
NA,NA,NA,NA,NA
17.127233,NA,NA,NA,NA
27.728386,NA,NA,NA,NA
NA,NA,NA,NA,NA
NA,NA,NA,NA,NA
NA,NA,NA,NA,NA
NA,NA,NA,NA,NA
NA,NA,NA,NA,NA
NA,NA,NA,NA,NA
NA,NA,NA,NA,NA
NA,NA,NA,NA,NA
NA,NA,NA,NA,NA
NA,NA,NA,NA,NA
NA,NA,NA,NA,NA
NA,NA,NA,NA,NA
NA,NA,NA,NA,NA
NA,NA,NA,NA,NA
16.323736,NA,NA,NA,NA
15.31286,NA,NA,NA,NA
15.425882,NA,NA,NA,NA
NA,NA,NA,NA,NA
NA,NA,NA,NA,NA
NA,NA,NA,NA,NA
NA,NA,NA,NA,NA
NA,NA,NA,NA,NA
NA,NA,NA,NA,NA
15.002428,NA,NA,NA,NA
23.695875,NA,NA,NA,NA
25.37668,NA,NA,NA,NA
26.54421,NA,NA,NA,NA
27.665704,NA,NA,NA,NA
NA,NA,NA,NA,NA
NA,NA,NA,NA,NA
NA,NA,NA,NA,NA
NA,NA,NA,NA,NA
NA,NA,NA,NA,NA
NA,NA,NA,NA,NA
NA,NA,NA,NA,NA
NA,NA,NA,NA,NA
NA,NA,NA,NA,NA
NA,NA,NA,NA,NA
NA,NA,NA,NA,NA
NA,NA,NA,NA,NA
NA,NA,NA,NA,NA
NA,NA,NA,NA,NA
25.783172,NA,NA,NA,NA
25.566512,NA,NA,NA,NA
1.877012,NA,NA,NA,NA
NA,NA,NA,NA,NA
25.826041,NA,NA,NA,NA
25.416119,NA,NA,NA,NA
24.85621,NA,NA,NA,NA
27.004001,NA,NA,NA,NA
NA,NA,NA,NA,NA
NA,NA,NA,NA,NA
NA,NA,NA,NA,NA
NA,NA,NA,NA,NA
NA,NA,NA,NA,NA
NA,NA,NA,NA,NA
NA,NA,NA,NA,NA
6.750722,NA,NA,NA,NA
1.602462,NA,NA,NA,NA
14.355371,NA,NA,NA,NA
NA,NA,NA,NA,NA
NA,NA,NA,NA,NA
NA,NA,NA,NA,NA
NA,NA,NA,NA,NA
NA,NA,NA,NA,NA
NA,NA,NA,NA,NA
NA,NA,NA,NA,NA
NA,NA,NA,NA,NA
NA,NA,NA,NA,NA
23.984758,NA,NA,NA,NA
27.566098,NA,NA,NA,NA
26.838375,NA,NA,NA,NA
NA,NA,NA,NA,NA
NA,NA,NA,NA,NA
NA,NA,NA,NA,NA
NA,NA,NA,NA,NA
NA,NA,NA,NA,NA
NA,NA,NA,NA,NA
NA,NA,NA,NA,NA
NA,NA,NA,NA,NA
NA,NA,NA,NA,NA
NA,NA,NA,NA,NA
15.690663,NA,NA,NA,NA
15.159437,NA,NA,NA,NA
15.559999,NA,NA,NA,NA
15.817973,NA,NA,NA,NA
15.976257,NA,NA,NA,NA
16.313793,NA,NA,NA,NA
15.378075,NA,NA,NA,NA
15.346239,NA,NA,NA,NA
15.563746,NA,NA,NA,NA
NA,NA,NA,NA,NA
14.743418,NA,NA,NA,NA
NA,NA,NA,NA,NA
NA,NA,NA,NA,NA
14.43809,NA,NA,NA,NA
NA,NA,NA,NA,NA
NA,NA,NA,NA,NA
NA,NA,NA,NA,NA
NA,NA,NA,NA,NA
NA,NA,NA,NA,NA
NA,NA,NA,NA,NA
NA,NA,NA,NA,NA
NA,NA,NA,NA,NA
NA,NA,NA,NA,NA
NA,NA,NA,NA,NA
-5.545512,NA,NA,NA,NA
26.355026,NA,NA,NA,NA
25.950705,NA,NA,NA,NA
25.976399,NA,NA,NA,NA
NA,NA,NA,NA,NA
NA,NA,NA,NA,NA
NA,NA,NA,NA,NA
NA,NA,NA,NA,NA
NA,NA,NA,NA,NA
NA,NA,NA,NA,NA
NA,NA,NA,NA,NA
NA,NA,NA,NA,NA
NA,NA,NA,NA,NA
NA,NA,NA,NA,NA
31.183674,NA,NA,NA,NA
31.095818,NA,NA,NA,NA
28.494282,NA,NA,NA,NA
27.269098,NA,NA,NA,NA
29.579303,NA,NA,NA,NA
30.282544,NA,NA,NA,NA
29.773063,NA,NA,NA,NA
NA,NA,NA,NA,NA
NA,NA,NA,NA,NA
NA,NA,NA,NA,NA
NA,NA,NA,NA,NA
NA,NA,NA,NA,NA
6.126029,NA,NA,NA,NA
15.938559,NA,NA,NA,NA
15.053544,NA,NA,NA,NA
12.261955,NA,NA,NA,NA
5.18505,NA,NA,NA,NA
10.168266,NA,NA,NA,NA
13.651512,NA,NA,NA,NA
14.017525,NA,NA,NA,NA
13.951436,NA,NA,NA,NA
NA,NA,NA,NA,NA
NA,NA,NA,NA,NA
NA,NA,NA,NA,NA
NA,NA,NA,NA,NA
NA,NA,NA,NA,NA
NA,NA,NA,NA,NA
NA,NA,NA,NA,NA
NA,NA,NA,NA,NA
NA,NA,NA,NA,NA
NA,NA,NA,NA,NA
0.041416,NA,NA,NA,NA
24.057792,NA,NA,NA,NA
15.592401,NA,NA,NA,NA
25.882056,NA,NA,NA,NA
27.06829,NA,NA,NA,NA
NA,NA,NA,NA,NA
NA,NA,NA,NA,NA
NA,NA,NA,NA,NA
NA,NA,NA,NA,NA
NA,NA,NA,NA,NA
NA,NA,NA,NA,NA
NA,NA,NA,NA,NA
31.396354,NA,NA,NA,NA
31.259436,NA,NA,NA,NA
31.353093,NA,NA,NA,NA
14.81281,NA,NA,NA,NA
NA,NA,NA,NA,NA
14.398926,NA,NA,NA,NA
14.173954,NA,NA,NA,NA
3.496961,NA,NA,NA,NA
14.659018,NA,NA,NA,NA
NA,NA,NA,NA,NA
14.872425,NA,NA,NA,NA
15.781746,NA,NA,NA,NA
16.045809,NA,NA,NA,NA
NA,NA,NA,NA,NA
14.508413,NA,NA,NA,NA
14.626269,NA,NA,NA,NA
14.646806,NA,NA,NA,NA
14.625087,NA,NA,NA,NA
14.509807,NA,NA,NA,NA
14.814888,NA,NA,NA,NA
7.190286,NA,NA,NA,NA
11.964947,NA,NA,NA,NA
9.636208,NA,NA,NA,NA
17.096007,NA,NA,NA,NA
16.404316,NA,NA,NA,NA
15.046227,NA,NA,NA,NA
15.008393,NA,NA,NA,NA
NA,NA,NA,NA,NA
NA,NA,NA,NA,NA
NA,NA,NA,NA,NA
2.966371,NA,NA,NA,NA
14.024188,NA,NA,NA,NA
NA,NA,NA,NA,NA
NA,NA,NA,NA,NA
NA,NA,NA,NA,NA
NA,NA,NA,NA,NA
NA,NA,NA,NA,NA
NA,NA,NA,NA,NA
NA,NA,NA,NA,NA
NA,NA,NA,NA,NA
NA,NA,NA,NA,NA
NA,NA,NA,NA,NA
NA,NA,NA,NA,NA
NA,NA,NA,NA,NA
NA,NA,NA,NA,NA
NA,NA,NA,NA,NA
NA,NA,NA,NA,NA
NA,NA,NA,NA,NA
-2.278601,NA,NA,NA,NA
16.252522,NA,NA,NA,NA
26.363808,NA,NA,NA,NA
25.224546,NA,NA,NA,NA
23.758518,NA,NA,NA,NA
NA,NA,NA,NA,NA
NA,NA,NA,NA,NA
NA,NA,NA,NA,NA
NA,NA,NA,NA,NA
NA,NA,NA,NA,NA
31.174724,NA,NA,NA,NA
31.97887,NA,NA,NA,NA
31.572556,NA,NA,NA,NA
31.389158,NA,NA,NA,NA
15.358019,NA,NA,NA,NA
NA,NA,NA,NA,NA
NA,NA,NA,NA,NA
15.143106,NA,NA,NA,NA
15.847486,NA,NA,NA,NA
14.829385,NA,NA,NA,NA
NA,NA,NA,NA,NA
15.09994,NA,NA,NA,NA
NA,NA,NA,NA,NA
NA,NA,NA,NA,NA
5.626238,NA,NA,NA,NA
NA,NA,NA,NA,NA
NA,NA,NA,NA,NA
10.630948,NA,NA,NA,NA
11.336654,NA,NA,NA,NA
15.87327,NA,NA,NA,NA
16.064182,NA,NA,NA,NA
NA,NA,NA,NA,NA
14.51105,NA,NA,NA,NA
NA,NA,NA,NA,NA
NA,NA,NA,NA,NA
NA,NA,NA,NA,NA
NA,NA,NA,NA,NA
NA,NA,NA,NA,NA
NA,NA,NA,NA,NA
NA,NA,NA,NA,NA
NA,NA,NA,NA,NA
NA,NA,NA,NA,NA
26.750974,NA,NA,NA,NA
22.6841,NA,NA,NA,NA
26.465654,NA,NA,NA,NA
NA,NA,NA,NA,NA
NA,NA,NA,NA,NA
NA,NA,NA,NA,NA
NA,NA,NA,NA,NA
NA,NA,NA,NA,NA
31.364735,NA,NA,NA,NA
21.772543,NA,NA,NA,NA
3.929128,NA,NA,NA,NA
3.593107,NA,NA,NA,NA
0.953399,NA,NA,NA,NA
-1.195244,NA,NA,NA,NA
4.153256,NA,NA,NA,NA
17.954365,NA,NA,NA,NA
14.795217,NA,NA,NA,NA
15.043617,NA,NA,NA,NA
NA,NA,NA,NA,NA
NA,NA,NA,NA,NA
NA,NA,NA,NA,NA
NA,NA,NA,NA,NA
26.679555,NA,NA,NA,NA
NA,NA,NA,NA,NA
27.180019,NA,NA,NA,NA
NA,NA,NA,NA,NA
NA,NA,NA,NA,NA
NA,NA,NA,NA,NA
NA,NA,NA,NA,NA
NA,NA,NA,NA,NA
NA,NA,NA,NA,NA
NA,NA,NA,NA,NA
NA,NA,NA,NA,NA
NA,NA,NA,NA,NA
NA,NA,NA,NA,NA
NA,NA,NA,NA,NA
NA,NA,NA,NA,NA
NA,NA,NA,NA,NA
NA,NA,NA,NA,NA
31.614913,NA,NA,NA,NA
31.868604,NA,NA,NA,NA
21.158452,NA,NA,NA,NA
NA,NA,NA,NA,NA
1.586245,NA,NA,NA,NA
15.543028,NA,NA,NA,NA
3.060013,NA,NA,NA,NA
NA,NA,NA,NA,NA
NA,NA,NA,NA,NA
25.475652,NA,NA,NA,NA
1.112387,NA,NA,NA,NA
26.491391,NA,NA,NA,NA
NA,NA,NA,NA,NA
NA,NA,NA,NA,NA
NA,NA,NA,NA,NA
NA,NA,NA,NA,NA
NA,NA,NA,NA,NA
NA,NA,NA,NA,NA
NA,NA,NA,NA,NA
NA,NA,NA,NA,NA
NA,NA,NA,NA,NA
31.175178,NA,NA,NA,NA
17.599905,NA,NA,NA,NA
NA,NA,NA,NA,NA
16.429198,NA,NA,NA,NA
14.191259,NA,NA,NA,NA
NA,NA,NA,NA,NA
NA,NA,NA,NA,NA
NA,NA,NA,NA,NA
23.108873,NA,NA,NA,NA
25.862451,NA,NA,NA,NA
24.849836,NA,NA,NA,NA
23.937268,NA,NA,NA,NA
27.654535,NA,NA,NA,NA
27.022551,NA,NA,NA,NA
25.490137,NA,NA,NA,NA
25.932212,NA,NA,NA,NA
NA,NA,NA,NA,NA
NA,NA,NA,NA,NA
NA,NA,NA,NA,NA
NA,NA,NA,NA,NA
NA,NA,NA,NA,NA
NA,NA,NA,NA,NA
NA,NA,NA,NA,NA
NA,NA,NA,NA,NA
NA,NA,NA,NA,NA
NA,NA,NA,NA,NA
NA,NA,NA,NA,NA
NA,NA,NA,NA,NA
NA,NA,NA,NA,NA
NA,NA,NA,NA,NA
NA,NA,NA,NA,NA
31.154966,NA,NA,NA,NA
5.947561,NA,NA,NA,NA
16.086796,NA,NA,NA,NA
14.930336,NA,NA,NA,NA
NA,NA,NA,NA,NA
NA,NA,NA,NA,NA
NA,NA,NA,NA,NA
22.472431,NA,NA,NA,NA
-7.174125,NA,NA,NA,NA
26.097689,NA,NA,NA,NA
26.333341,NA,NA,NA,NA
NA,NA,NA,NA,NA
NA,NA,NA,NA,NA
NA,NA,NA,NA,NA
NA,NA,NA,NA,NA
NA,NA,NA,NA,NA
NA,NA,NA,NA,NA
NA,NA,NA,NA,NA
NA,NA,NA,NA,NA
NA,NA,NA,NA,NA
NA,NA,NA,NA,NA
23.900749,NA,NA,NA,NA
30.575109,NA,NA,NA,NA
5.013432,NA,NA,NA,NA
15.1242,NA,NA,NA,NA
NA,NA,NA,NA,NA
NA,NA,NA,NA,NA
NA,NA,NA,NA,NA
NA,NA,NA,NA,NA
2.925372,NA,NA,NA,NA
NA,NA,NA,NA,NA
NA,NA,NA,NA,NA
NA,NA,NA,NA,NA
24.484049,NA,NA,NA,NA
21.418713,NA,NA,NA,NA
27.290012,NA,NA,NA,NA
25.866391,NA,NA,NA,NA
NA,NA,NA,NA,NA
NA,NA,NA,NA,NA
NA,NA,NA,NA,NA
NA,NA,NA,NA,NA
NA,NA,NA,NA,NA
NA,NA,NA,NA,NA
NA,NA,NA,NA,NA
NA,NA,NA,NA,NA
NA,NA,NA,NA,NA
NA,NA,NA,NA,NA
NA,NA,NA,NA,NA
NA,NA,NA,NA,NA
29.106614,NA,NA,NA,NA
27.652782,NA,NA,NA,NA
27.645969,NA,NA,NA,NA
NA,NA,NA,NA,NA
NA,NA,NA,NA,NA
30.742065,NA,NA,NA,NA
24.973217,NA,NA,NA,NA
22.810041,NA,NA,NA,NA
27.05178,NA,NA,NA,NA
29.601918,NA,NA,NA,NA
28.173777,NA,NA,NA,NA
19.839599,NA,NA,NA,NA
NA,NA,NA,NA,NA
30.313025,NA,NA,NA,NA
4.056541,NA,NA,NA,NA
6.904445,NA,NA,NA,NA
15.877039,NA,NA,NA,NA
16.057943,NA,NA,NA,NA
NA,NA,NA,NA,NA
NA,NA,NA,NA,NA
18.604672,NA,NA,NA,NA
NA,NA,NA,NA,NA
NA,NA,NA,NA,NA
NA,NA,NA,NA,NA
NA,NA,NA,NA,NA
NA,NA,NA,NA,NA
NA,NA,NA,NA,NA
19.959832,NA,NA,NA,NA
21.538128,NA,NA,NA,NA
19.526374,NA,NA,NA,NA
NA,NA,NA,NA,NA
NA,NA,NA,NA,NA
NA,NA,NA,NA,NA
NA,NA,NA,NA,NA
26.284321,NA,NA,NA,NA
25.836253,NA,NA,NA,NA
NA,NA,NA,NA,NA
NA,NA,NA,NA,NA
NA,NA,NA,NA,NA
NA,NA,NA,NA,NA
NA,NA,NA,NA,NA
29.791533,NA,NA,NA,NA
30.498081,NA,NA,NA,NA
16.342754,NA,NA,NA,NA
16.044207,NA,NA,NA,NA
15.444017,NA,NA,NA,NA
NA,NA,NA,NA,NA
NA,NA,NA,NA,NA
NA,NA,NA,NA,NA
NA,NA,NA,NA,NA
25.072371,NA,NA,NA,NA
25.457728,NA,NA,NA,NA
2.505084,NA,NA,NA,NA
-10.575673,NA,NA,NA,NA
25.373698,NA,NA,NA,NA
NA,NA,NA,NA,NA
NA,NA,NA,NA,NA
NA,NA,NA,NA,NA
NA,NA,NA,NA,NA
NA,NA,NA,NA,NA
NA,NA,NA,NA,NA
17.373103,NA,NA,NA,NA
-7.031227,NA,NA,NA,NA
24.671064,NA,NA,NA,NA
24.38556,NA,NA,NA,NA
23.917264,NA,NA,NA,NA
22.309927,NA,NA,NA,NA
NA,NA,NA,NA,NA
NA,NA,NA,NA,NA
NA,NA,NA,NA,NA
NA,NA,NA,NA,NA
NA,NA,NA,NA,NA
NA,NA,NA,NA,NA
NA,NA,NA,NA,NA
NA,NA,NA,NA,NA
NA,NA,NA,NA,NA
NA,NA,NA,NA,NA
NA,NA,NA,NA,NA
23.307477,NA,NA,NA,NA
21.056098,NA,NA,NA,NA
-12.908633,NA,NA,NA,NA
27.1694,NA,NA,NA,NA
24.661627,NA,NA,NA,NA
NA,NA,NA,NA,NA
NA,NA,NA,NA,NA
NA,NA,NA,NA,NA
NA,NA,NA,NA,NA
NA,NA,NA,NA,NA
NA,NA,NA,NA,NA
NA,NA,NA,NA,NA
NA,NA,NA,NA,NA
NA,NA,NA,NA,NA
NA,NA,NA,NA,NA
NA,NA,NA,NA,NA
21.110561,NA,NA,NA,NA
NA,NA,NA,NA,NA
-8.14471,NA,NA,NA,NA
25.988173,NA,NA,NA,NA
15.084743,NA,NA,NA,NA
NA,NA,NA,NA,NA
NA,NA,NA,NA,NA
NA,NA,NA,NA,NA
NA,NA,NA,NA,NA
NA,NA,NA,NA,NA
NA,NA,NA,NA,NA
NA,NA,NA,NA,NA
NA,NA,NA,NA,NA
NA,NA,NA,NA,NA
18.640463,NA,NA,NA,NA
19.753681,NA,NA,NA,NA
21.182743,NA,NA,NA,NA
-5.388894,NA,NA,NA,NA
24.040352,NA,NA,NA,NA
25.624438,NA,NA,NA,NA
25.26409,NA,NA,NA,NA
27.145814,NA,NA,NA,NA
NA,NA,NA,NA,NA
NA,NA,NA,NA,NA
-3.792194,NA,NA,NA,NA
22.609373,NA,NA,NA,NA
20.331801,NA,NA,NA,NA
-12.47517,NA,NA,NA,NA
25.042798,NA,NA,NA,NA
25.781628,NA,NA,NA,NA
NA,NA,NA,NA,NA
25.504354,NA,NA,NA,NA
NA,NA,NA,NA,NA
NA,NA,NA,NA,NA
NA,NA,NA,NA,NA
26.629439,NA,NA,NA,NA
NA,NA,NA,NA,NA
NA,NA,NA,NA,NA
NA,NA,NA,NA,NA
NA,NA,NA,NA,NA
NA,NA,NA,NA,NA
NA,NA,NA,NA,NA
25.150819,NA,NA,NA,NA
NA,NA,NA,NA,NA
NA,NA,NA,NA,NA
NA,NA,NA,NA,NA
NA,NA,NA,NA,NA
NA,NA,NA,NA,NA
25.179305,NA,NA,NA,NA
NA,NA,NA,NA,NA
25.444761,NA,NA,NA,NA
24.606882,NA,NA,NA,NA
24.709307,NA,NA,NA,NA
12.119487,NA,NA,NA,NA
26.349995,NA,NA,NA,NA
26.446709,NA,NA,NA,NA
25.519095,NA,NA,NA,NA
14.156632,NA,NA,NA,NA
24.493378,NA,NA,NA,NA
23.213207,NA,NA,NA,NA
26.098427,NA,NA,NA,NA
14.625907,NA,NA,NA,NA
27.267612,NA,NA,NA,NA
13.98887,NA,NA,NA,NA
25.027392,NA,NA,NA,NA
23.032158,NA,NA,NA,NA
24.109113,NA,NA,NA,NA
24.819421,NA,NA,NA,NA
25.581686,NA,NA,NA,NA
25.867075,NA,NA,NA,NA
NA,NA,NA,NA,NA
24.55366,NA,NA,NA,NA
23.01439,NA,NA,NA,NA
24.992791,NA,NA,NA,NA
26.247862,NA,NA,NA,NA
NA,NA,NA,NA,NA
25.78195,NA,NA,NA,NA
23.294821,NA,NA,NA,NA
-0.509502,NA,NA,NA,NA
11.440784,NA,NA,NA,NA
25.280197,NA,NA,NA,NA
21.790734,NA,NA,NA,NA
22.925944,NA,NA,NA,NA
21.753208,NA,NA,NA,NA
23.193186,NA,NA,NA,NA
15.057546,NA,NA,NA,NA
26.218236,NA,NA,NA,NA
26.711799,NA,NA,NA,NA
22.287312,NA,NA,NA,NA
25.129046,NA,NA,NA,NA
21.791664,NA,NA,NA,NA
8.958753,NA,NA,NA,NA
24.893687,NA,NA,NA,NA
25.105012,NA,NA,NA,NA
26.337843,NA,NA,NA,NA
11.476333,NA,NA,NA,NA
22.810792,NA,NA,NA,NA
NA,NA,NA,NA,NA
28.391978,NA,NA,NA,NA
NA,NA,NA,NA,NA
26.948368,NA,NA,NA,NA
26.060877,NA,NA,NA,NA
24.989714,NA,NA,NA,NA
25.243708,NA,NA,NA,NA
14.392623,NA,NA,NA,NA
21.997888,NA,NA,NA,NA
21.299309,NA,NA,NA,NA
28.322122,NA,NA,NA,NA
28.573446,NA,NA,NA,NA
12.399629,NA,NA,NA,NA
25.314696,NA,NA,NA,NA
24.619613,NA,NA,NA,NA
23.246595,NA,NA,NA,NA
22.663285,NA,NA,NA,NA
22.353077,NA,NA,NA,NA
NA,NA,NA,NA,NA
28.752345,NA,NA,NA,NA
NA,NA,NA,NA,NA
21.923131,NA,NA,NA,NA
20.837532,NA,NA,NA,NA
7.707023,NA,NA,NA,NA
28.507701,NA,NA,NA,NA
NA,NA,NA,NA,NA
NA,NA,NA,NA,NA
22.096124,NA,NA,NA,NA
21.815046,NA,NA,NA,NA
11.249966,NA,NA,NA,NA
28.813788,NA,NA,NA,NA
NA,NA,NA,NA,NA
21.221116,NA,NA,NA,NA
21.229059,NA,NA,NA,NA
10.302786,NA,NA,NA,NA
NA,NA,NA,NA,NA
NA,NA,NA,NA,NA
23.959459,NA,NA,NA,NA
NA,NA,NA,NA,NA
NA,NA,NA,NA,NA
9.471165,NA,NA,NA,NA
21.361755,NA,NA,NA,NA
20.990071,NA,NA,NA,NA
NA,NA,NA,NA,NA
28.791802,NA,NA,NA,NA
21.91706,NA,NA,NA,NA
22.851822,NA,NA,NA,NA
14.616245,NA,NA,NA,NA
28.238909,NA,NA,NA,NA
13.81178,NA,NA,NA,NA
21.895131,NA,NA,NA,NA
21.826645,NA,NA,NA,NA
29.258542,NA,NA,NA,NA
22.214205,NA,NA,NA,NA
24.534468,NA,NA,NA,NA
29.472194,NA,NA,NA,NA
23.915135,NA,NA,NA,NA
11.75663,NA,NA,NA,NA
29.333297,NA,NA,NA,NA
14.06471,NA,NA,NA,NA
25.179254,NA,NA,NA,NA
25.280419,NA,NA,NA,NA
22.016154,NA,NA,NA,NA
23.014996,NA,NA,NA,NA
14.124459,NA,NA,NA,NA
28.936999,NA,NA,NA,NA
28.507057,NA,NA,NA,NA
28.843211,NA,NA,NA,NA
25.860019,NA,NA,NA,NA
NA,NA,NA,NA,NA
23.586159,NA,NA,NA,NA
22.809827,NA,NA,NA,NA
NA,NA,NA,NA,NA
NA,NA,NA,NA,NA
28.829304,NA,NA,NA,NA
26.356612,NA,NA,NA,NA
NA,NA,NA,NA,NA
22.578378,NA,NA,NA,NA
25.067619,NA,NA,NA,NA
23.744256,NA,NA,NA,NA
NA,NA,NA,NA,NA
28.660026,NA,NA,NA,NA
26.40513,NA,NA,NA,NA
NA,NA,NA,NA,NA
NA,NA,NA,NA,NA
23.954671,NA,NA,NA,NA
21.530969,NA,NA,NA,NA
21.543187,NA,NA,NA,NA
12.497247,NA,NA,NA,NA
28.61351,NA,NA,NA,NA
NA,NA,NA,NA,NA
NA,NA,NA,NA,NA
NA,NA,NA,NA,NA
28.435553,NA,NA,NA,NA
18.226758,NA,NA,NA,NA
NA,NA,NA,NA,NA
NA,NA,NA,NA,NA
NA,NA,NA,NA,NA
NA,NA,NA,NA,NA
28.639367,NA,NA,NA,NA
NA,NA,NA,NA,NA
NA,NA,NA,NA,NA
25.475089,NA,NA,NA,NA
28.60152,NA,NA,NA,NA
NA,NA,NA,NA,NA
NA,NA,NA,NA,NA
23.58457,NA,NA,NA,NA
23.745224,NA,NA,NA,NA
28.778133,NA,NA,NA,NA
25.494536,NA,NA,NA,NA
NA,NA,NA,NA,NA
NA,NA,NA,NA,NA
24.082215,NA,NA,NA,NA
22.871354,NA,NA,NA,NA
22.123157,NA,NA,NA,NA
23.621201,NA,NA,NA,NA
22.36296,NA,NA,NA,NA
24.001185,NA,NA,NA,NA
23.047006,NA,NA,NA,NA
23.254519,NA,NA,NA,NA
28.445492,NA,NA,NA,NA
NA,NA,NA,NA,NA
NA,NA,NA,NA,NA
NA,NA,NA,NA,NA
NA,NA,NA,NA,NA
NA,NA,NA,NA,NA
NA,NA,NA,NA,NA
23.376534,NA,NA,NA,NA
17.2307,NA,NA,NA,NA
28.58922,NA,NA,NA,NA
28.38324,NA,NA,NA,NA
NA,NA,NA,NA,NA
NA,NA,NA,NA,NA
NA,NA,NA,NA,NA
NA,NA,NA,NA,NA
NA,NA,NA,NA,NA
NA,NA,NA,NA,NA
NA,NA,NA,NA,NA
NA,NA,NA,NA,NA
NA,NA,NA,NA,NA
25.255758,NA,NA,NA,NA
26.471448,NA,NA,NA,NA
NA,NA,NA,NA,NA
NA,NA,NA,NA,NA
NA,NA,NA,NA,NA
24.855796,NA,NA,NA,NA
25.004651,NA,NA,NA,NA
25.581839,NA,NA,NA,NA
25.646053,NA,NA,NA,NA
NA,NA,NA,NA,NA
24.4277,NA,NA,NA,NA
25.44346,NA,NA,NA,NA
24.763041,NA,NA,NA,NA
22.548775,NA,NA,NA,NA
NA,NA,NA,NA,NA
28.430155,NA,NA,NA,NA
NA,NA,NA,NA,NA
NA,NA,NA,NA,NA
NA,NA,NA,NA,NA
NA,NA,NA,NA,NA
NA,NA,NA,NA,NA
NA,NA,NA,NA,NA
NA,NA,NA,NA,NA
NA,NA,NA,NA,NA
NA,NA,NA,NA,NA
NA,NA,NA,NA,NA
25.22631,NA,NA,NA,NA
NA,NA,NA,NA,NA
14.641998,NA,NA,NA,NA
21.578609,NA,NA,NA,NA
23.371804,NA,NA,NA,NA
22.548043,NA,NA,NA,NA
NA,NA,NA,NA,NA
28.633439,NA,NA,NA,NA
17.18688,NA,NA,NA,NA
NA,NA,NA,NA,NA
NA,NA,NA,NA,NA
NA,NA,NA,NA,NA
NA,NA,NA,NA,NA
NA,NA,NA,NA,NA
NA,NA,NA,NA,NA
NA,NA,NA,NA,NA
NA,NA,NA,NA,NA
NA,NA,NA,NA,NA
24.743781,NA,NA,NA,NA
24.551087,NA,NA,NA,NA
25.337076,NA,NA,NA,NA
13.765081,NA,NA,NA,NA
24.214175,NA,NA,NA,NA
24.612898,NA,NA,NA,NA
28.511608,NA,NA,NA,NA
28.488346,NA,NA,NA,NA
NA,NA,NA,NA,NA
NA,NA,NA,NA,NA
NA,NA,NA,NA,NA
NA,NA,NA,NA,NA
NA,NA,NA,NA,NA
NA,NA,NA,NA,NA
NA,NA,NA,NA,NA
NA,NA,NA,NA,NA
NA,NA,NA,NA,NA
NA,NA,NA,NA,NA
24.976181,NA,NA,NA,NA
24.668875,NA,NA,NA,NA
24.894541,NA,NA,NA,NA
23.173019,NA,NA,NA,NA
12.575426,NA,NA,NA,NA
NA,NA,NA,NA,NA
NA,NA,NA,NA,NA
NA,NA,NA,NA,NA
NA,NA,NA,NA,NA
NA,NA,NA,NA,NA
NA,NA,NA,NA,NA
NA,NA,NA,NA,NA
15.523111,NA,NA,NA,NA
23.768978,NA,NA,NA,NA
22.754425,NA,NA,NA,NA
NA,NA,NA,NA,NA
NA,NA,NA,NA,NA
NA,NA,NA,NA,NA
NA,NA,NA,NA,NA
NA,NA,NA,NA,NA
NA,NA,NA,NA,NA
NA,NA,NA,NA,NA
NA,NA,NA,NA,NA
22.592179,NA,NA,NA,NA
NA,NA,NA,NA,NA
24.561701,NA,NA,NA,NA
19.337061,NA,NA,NA,NA
26.810303,NA,NA,NA,NA
NA,NA,NA,NA,NA
NA,NA,NA,NA,NA
NA,NA,NA,NA,NA
NA,NA,NA,NA,NA
NA,NA,NA,NA,NA
NA,NA,NA,NA,NA
24.262922,NA,NA,NA,NA
NA,NA,NA,NA,NA
24.100746,NA,NA,NA,NA
25.018796,NA,NA,NA,NA
25.043463,NA,NA,NA,NA
NA,NA,NA,NA,NA
23.693077,NA,NA,NA,NA
23.015025,NA,NA,NA,NA
24.453475,NA,NA,NA,NA
24.342593,NA,NA,NA,NA
13.376967,NA,NA,NA,NA
NA,NA,NA,NA,NA
NA,NA,NA,NA,NA
NA,NA,NA,NA,NA
NA,NA,NA,NA,NA
26.950713,NA,NA,NA,NA
NA,NA,NA,NA,NA
NA,NA,NA,NA,NA
NA,NA,NA,NA,NA
NA,NA,NA,NA,NA
NA,NA,NA,NA,NA
NA,NA,NA,NA,NA
NA,NA,NA,NA,NA
NA,NA,NA,NA,NA
NA,NA,NA,NA,NA
NA,NA,NA,NA,NA
NA,NA,NA,NA,NA
NA,NA,NA,NA,NA
NA,NA,NA,NA,NA
NA,NA,NA,NA,NA
NA,NA,NA,NA,NA
14.622382,NA,NA,NA,NA
NA,NA,NA,NA,NA
21.348501,NA,NA,NA,NA
22.76747,NA,NA,NA,NA
24.722877,NA,NA,NA,NA
24.676416,NA,NA,NA,NA
24.750485,NA,NA,NA,NA
11.111203,NA,NA,NA,NA
23.988611,NA,NA,NA,NA
24.982275,NA,NA,NA,NA
24.894153,NA,NA,NA,NA
NA,NA,NA,NA,NA
NA,NA,NA,NA,NA
NA,NA,NA,NA,NA
27.185973,NA,NA,NA,NA
NA,NA,NA,NA,NA
NA,NA,NA,NA,NA
26.633341,NA,NA,NA,NA
NA,NA,NA,NA,NA
NA,NA,NA,NA,NA
NA,NA,NA,NA,NA
NA,NA,NA,NA,NA
NA,NA,NA,NA,NA
NA,NA,NA,NA,NA
NA,NA,NA,NA,NA
NA,NA,NA,NA,NA
NA,NA,NA,NA,NA
NA,NA,NA,NA,NA
NA,NA,NA,NA,NA
NA,NA,NA,NA,NA
NA,NA,NA,NA,NA
NA,NA,NA,NA,NA
NA,NA,NA,NA,NA
NA,NA,NA,NA,NA
NA,NA,NA,NA,NA
NA,NA,NA,NA,NA
NA,NA,NA,NA,NA
NA,NA,NA,NA,NA
NA,NA,NA,NA,NA
NA,NA,NA,NA,NA
NA,NA,NA,NA,NA
NA,NA,NA,NA,NA
NA,NA,NA,NA,NA
14.96798,NA,NA,NA,NA
23.968249,NA,NA,NA,NA
24.00097,NA,NA,NA,NA
23.74665,NA,NA,NA,NA
NA,NA,NA,NA,NA
24.032762,NA,NA,NA,NA
24.438454,NA,NA,NA,NA
23.883385,NA,NA,NA,NA
NA,NA,NA,NA,NA
NA,NA,NA,NA,NA
NA,NA,NA,NA,NA
NA,NA,NA,NA,NA
NA,NA,NA,NA,NA
NA,NA,NA,NA,NA
NA,NA,NA,NA,NA
NA,NA,NA,NA,NA
NA,NA,NA,NA,NA
NA,NA,NA,NA,NA
NA,NA,NA,NA,NA
NA,NA,NA,NA,NA
NA,NA,NA,NA,NA
NA,NA,NA,NA,NA
NA,NA,NA,NA,NA
NA,NA,NA,NA,NA
NA,NA,NA,NA,NA
NA,NA,NA,NA,NA
NA,NA,NA,NA,NA
NA,NA,NA,NA,NA
NA,NA,NA,NA,NA
NA,NA,NA,NA,NA
NA,NA,NA,NA,NA
NA,NA,NA,NA,NA
NA,NA,NA,NA,NA
NA,NA,NA,NA,NA
NA,NA,NA,NA,NA
NA,NA,NA,NA,NA
NA,NA,NA,NA,NA
NA,NA,NA,NA,NA
25.486942,NA,NA,NA,NA
NA,NA,NA,NA,NA
18.427273,NA,NA,NA,NA
NA,NA,NA,NA,NA
19.785724,NA,NA,NA,NA
NA,NA,NA,NA,NA
24.797814,NA,NA,NA,NA
24.836504,NA,NA,NA,NA
24.287279,NA,NA,NA,NA
24.285993,NA,NA,NA,NA
27.423474,NA,NA,NA,NA
NA,NA,NA,NA,NA
NA,NA,NA,NA,NA
NA,NA,NA,NA,NA
NA,NA,NA,NA,NA
NA,NA,NA,NA,NA
NA,NA,NA,NA,NA
NA,NA,NA,NA,NA
NA,NA,NA,NA,NA
NA,NA,NA,NA,NA
23.982726,NA,NA,NA,NA
NA,NA,NA,NA,NA
NA,NA,NA,NA,NA
NA,NA,NA,NA,NA
NA,NA,NA,NA,NA
NA,NA,NA,NA,NA
NA,NA,NA,NA,NA
NA,NA,NA,NA,NA
NA,NA,NA,NA,NA
NA,NA,NA,NA,NA
NA,NA,NA,NA,NA
NA,NA,NA,NA,NA
25.765626,NA,NA,NA,NA
NA,NA,NA,NA,NA
25.310013,NA,NA,NA,NA
NA,NA,NA,NA,NA
24.869929,NA,NA,NA,NA
24.687517,NA,NA,NA,NA
23.921329,NA,NA,NA,NA
23.79728,NA,NA,NA,NA
26.787473,NA,NA,NA,NA
NA,NA,NA,NA,NA
NA,NA,NA,NA,NA
NA,NA,NA,NA,NA
NA,NA,NA,NA,NA
NA,NA,NA,NA,NA
NA,NA,NA,NA,NA
NA,NA,NA,NA,NA
NA,NA,NA,NA,NA
NA,NA,NA,NA,NA
NA,NA,NA,NA,NA
NA,NA,NA,NA,NA
NA,NA,NA,NA,NA
NA,NA,NA,NA,NA
NA,NA,NA,NA,NA
NA,NA,NA,NA,NA
NA,NA,NA,NA,NA
NA,NA,NA,NA,NA
NA,NA,NA,NA,NA
NA,NA,NA,NA,NA
NA,NA,NA,NA,NA
NA,NA,NA,NA,NA
NA,NA,NA,NA,NA
NA,NA,NA,NA,NA
NA,NA,NA,NA,NA
19.577712,NA,NA,NA,NA
NA,NA,NA,NA,NA
NA,NA,NA,NA,NA
25.210542,NA,NA,NA,NA
25.711755,NA,NA,NA,NA
23.790099,NA,NA,NA,NA
23.900893,NA,NA,NA,NA
NA,NA,NA,NA,NA
28.483909,NA,NA,NA,NA
NA,NA,NA,NA,NA
NA,NA,NA,NA,NA
NA,NA,NA,NA,NA
NA,NA,NA,NA,NA
NA,NA,NA,NA,NA
NA,NA,NA,NA,NA
NA,NA,NA,NA,NA
NA,NA,NA,NA,NA
NA,NA,NA,NA,NA
25.035852,NA,NA,NA,NA
24.273862,NA,NA,NA,NA
NA,NA,NA,NA,NA
25.450291,NA,NA,NA,NA
23.937105,NA,NA,NA,NA
28.715809,NA,NA,NA,NA
28.151025,NA,NA,NA,NA
NA,NA,NA,NA,NA
NA,NA,NA,NA,NA
NA,NA,NA,NA,NA
NA,NA,NA,NA,NA
NA,NA,NA,NA,NA
NA,NA,NA,NA,NA
NA,NA,NA,NA,NA
18.227967,NA,NA,NA,NA
24.796414,NA,NA,NA,NA
25.357617,NA,NA,NA,NA
25.162966,NA,NA,NA,NA
NA,NA,NA,NA,NA
26.505723,NA,NA,NA,NA
24.945595,NA,NA,NA,NA
24.389574,NA,NA,NA,NA
24.871387,NA,NA,NA,NA
25.311048,NA,NA,NA,NA
13.70149,NA,NA,NA,NA
24.068745,NA,NA,NA,NA
13.686099,NA,NA,NA,NA
NA,NA,NA,NA,NA
23.36745,NA,NA,NA,NA
NA,NA,NA,NA,NA
NA,NA,NA,NA,NA
NA,NA,NA,NA,NA
NA,NA,NA,NA,NA
NA,NA,NA,NA,NA
NA,NA,NA,NA,NA
NA,NA,NA,NA,NA
NA,NA,NA,NA,NA
NA,NA,NA,NA,NA
NA,NA,NA,NA,NA
NA,NA,NA,NA,NA
24.796375,NA,NA,NA,NA
NA,NA,NA,NA,NA
NA,NA,NA,NA,NA
17.561351,NA,NA,NA,NA
14.294586,NA,NA,NA,NA
25.563208,NA,NA,NA,NA
NA,NA,NA,NA,NA
24.252139,NA,NA,NA,NA
22.387664,NA,NA,NA,NA
23.883321,NA,NA,NA,NA
23.749083,NA,NA,NA,NA
24.307144,NA,NA,NA,NA
NA,NA,NA,NA,NA
23.832508,NA,NA,NA,NA
22.777626,NA,NA,NA,NA
NA,NA,NA,NA,NA
24.214873,NA,NA,NA,NA
24.043162,NA,NA,NA,NA
23.710526,NA,NA,NA,NA
23.587545,NA,NA,NA,NA
NA,NA,NA,NA,NA
NA,NA,NA,NA,NA
NA,NA,NA,NA,NA
NA,NA,NA,NA,NA
NA,NA,NA,NA,NA
NA,NA,NA,NA,NA
NA,NA,NA,NA,NA
NA,NA,NA,NA,NA
NA,NA,NA,NA,NA
NA,NA,NA,NA,NA
NA,NA,NA,NA,NA
24.772145,NA,NA,NA,NA
NA,NA,NA,NA,NA
NA,NA,NA,NA,NA
23.981039,NA,NA,NA,NA
24.854805,NA,NA,NA,NA
24.804519,NA,NA,NA,NA
24.902504,NA,NA,NA,NA
25.305515,NA,NA,NA,NA
19.196364,NA,NA,NA,NA
25.19738,NA,NA,NA,NA
26.271308,NA,NA,NA,NA
NA,NA,NA,NA,NA
25.960783,NA,NA,NA,NA
24.555531,NA,NA,NA,NA
24.601322,NA,NA,NA,NA
24.848831,NA,NA,NA,NA
15.386585,NA,NA,NA,NA
16.624268,NA,NA,NA,NA
24.245083,NA,NA,NA,NA
23.855308,NA,NA,NA,NA
NA,NA,NA,NA,NA
NA,NA,NA,NA,NA
23.624592,NA,NA,NA,NA
17.144143,NA,NA,NA,NA
NA,NA,NA,NA,NA
NA,NA,NA,NA,NA
NA,NA,NA,NA,NA
NA,NA,NA,NA,NA
NA,NA,NA,NA,NA
NA,NA,NA,NA,NA
28.145507,NA,NA,NA,NA
NA,NA,NA,NA,NA
NA,NA,NA,NA,NA
24.833634,NA,NA,NA,NA
25.126562,NA,NA,NA,NA
25.247549,NA,NA,NA,NA
25.176535,NA,NA,NA,NA
25.182446,NA,NA,NA,NA
24.474934,NA,NA,NA,NA
23.579377,NA,NA,NA,NA
22.776096,NA,NA,NA,NA
24.208403,NA,NA,NA,NA
19.89706,NA,NA,NA,NA
24.152007,NA,NA,NA,NA
23.749971,NA,NA,NA,NA
NA,NA,NA,NA,NA
NA,NA,NA,NA,NA
NA,NA,NA,NA,NA
NA,NA,NA,NA,NA
NA,NA,NA,NA,NA
NA,NA,NA,NA,NA
NA,NA,NA,NA,NA
23.614092,NA,NA,NA,NA
NA,NA,NA,NA,NA
NA,NA,NA,NA,NA
NA,NA,NA,NA,NA
NA,NA,NA,NA,NA
NA,NA,NA,NA,NA
NA,NA,NA,NA,NA
NA,NA,NA,NA,NA
NA,NA,NA,NA,NA
23.811962,NA,NA,NA,NA
NA,NA,NA,NA,NA
NA,NA,NA,NA,NA
NA,NA,NA,NA,NA
23.041946,NA,NA,NA,NA
28.488687,NA,NA,NA,NA
NA,NA,NA,NA,NA
NA,NA,NA,NA,NA
23.353926,NA,NA,NA,NA
NA,NA,NA,NA,NA
NA,NA,NA,NA,NA
NA,NA,NA,NA,NA
NA,NA,NA,NA,NA
NA,NA,NA,NA,NA
NA,NA,NA,NA,NA
NA,NA,NA,NA,NA
NA,NA,NA,NA,NA
NA,NA,NA,NA,NA
NA,NA,NA,NA,NA
28.25111,NA,NA,NA,NA
28.382523,NA,NA,NA,NA
NA,NA,NA,NA,NA
NA,NA,NA,NA,NA
NA,NA,NA,NA,NA
NA,NA,NA,NA,NA
NA,NA,NA,NA,NA
NA,NA,NA,NA,NA
NA,NA,NA,NA,NA
28.663595,NA,NA,NA,NA
NA,NA,NA,NA,NA
NA,NA,NA,NA,NA
NA,NA,NA,NA,NA
28.190851,NA,NA,NA,NA
NA,NA,NA,NA,NA
NA,NA,NA,NA,NA
23.485726,NA,NA,NA,NA
NA,NA,NA,NA,NA
NA,NA,NA,NA,NA
NA,NA,NA,NA,NA
NA,NA,NA,NA,NA
NA,NA,NA,NA,NA
NA,NA,NA,NA,NA
NA,NA,NA,NA,NA
NA,NA,NA,NA,NA
NA,NA,NA,NA,NA
NA,NA,NA,NA,NA
NA,NA,NA,NA,NA
27.184701,NA,NA,NA,NA
NA,NA,NA,NA,NA
NA,NA,NA,NA,NA
NA,NA,NA,NA,NA
NA,NA,NA,NA,NA
NA,NA,NA,NA,NA
NA,NA,NA,NA,NA
NA,NA,NA,NA,NA
26.626219,NA,NA,NA,NA
NA,NA,NA,NA,NA
23.305727,NA,NA,NA,NA
NA,NA,NA,NA,NA
NA,NA,NA,NA,NA
NA,NA,NA,NA,NA
NA,NA,NA,NA,NA
NA,NA,NA,NA,NA
NA,NA,NA,NA,NA
NA,NA,NA,NA,NA
NA,NA,NA,NA,NA
NA,NA,NA,NA,NA
28.706622,NA,NA,NA,NA
NA,NA,NA,NA,NA
NA,NA,NA,NA,NA
NA,NA,NA,NA,NA
NA,NA,NA,NA,NA
NA,NA,NA,NA,NA
NA,NA,NA,NA,NA
NA,NA,NA,NA,NA
NA,NA,NA,NA,NA
NA,NA,NA,NA,NA
NA,NA,NA,NA,NA
NA,NA,NA,NA,NA
26.334676,NA,NA,NA,NA
NA,NA,NA,NA,NA
NA,NA,NA,NA,NA
NA,NA,NA,NA,NA
13.95352,NA,NA,NA,NA
27.000765,NA,NA,NA,NA
NA,NA,NA,NA,NA
NA,NA,NA,NA,NA
NA,NA,NA,NA,NA
NA,NA,NA,NA,NA
NA,NA,NA,NA,NA
NA,NA,NA,NA,NA
NA,NA,NA,NA,NA
NA,NA,NA,NA,NA
NA,NA,NA,NA,NA
NA,NA,NA,NA,NA
NA,NA,NA,NA,NA
NA,NA,NA,NA,NA
NA,NA,NA,NA,NA
26.433734,NA,NA,NA,NA
NA,NA,NA,NA,NA
NA,NA,NA,NA,NA
NA,NA,NA,NA,NA
NA,NA,NA,NA,NA
NA,NA,NA,NA,NA
NA,NA,NA,NA,NA
NA,NA,NA,NA,NA
NA,NA,NA,NA,NA
26.708882,NA,NA,NA,NA
NA,NA,NA,NA,NA
NA,NA,NA,NA,NA
22.324636,NA,NA,NA,NA
NA,NA,NA,NA,NA
NA,NA,NA,NA,NA
NA,NA,NA,NA,NA
NA,NA,NA,NA,NA
NA,NA,NA,NA,NA
NA,NA,NA,NA,NA
NA,NA,NA,NA,NA
26.202661,NA,NA,NA,NA
18.020676,NA,NA,NA,NA
NA,NA,NA,NA,NA
NA,NA,NA,NA,NA
NA,NA,NA,NA,NA
NA,NA,NA,NA,NA
NA,NA,NA,NA,NA
NA,NA,NA,NA,NA
26.805505,NA,NA,NA,NA
NA,NA,NA,NA,NA
NA,NA,NA,NA,NA
NA,NA,NA,NA,NA
NA,NA,NA,NA,NA
NA,NA,NA,NA,NA
NA,NA,NA,NA,NA
25.861143,NA,NA,NA,NA
NA,NA,NA,NA,NA
NA,NA,NA,NA,NA
NA,NA,NA,NA,NA
NA,NA,NA,NA,NA
NA,NA,NA,NA,NA
NA,NA,NA,NA,NA
NA,NA,NA,NA,NA
NA,NA,NA,NA,NA
NA,NA,NA,NA,NA
NA,NA,NA,NA,NA
26.986085,NA,NA,NA,NA
NA,NA,NA,NA,NA
26.380999,NA,NA,NA,NA
25.931184,NA,NA,NA,NA
25.725941,NA,NA,NA,NA
25.976495,NA,NA,NA,NA
NA,NA,NA,NA,NA
24.033558,NA,NA,NA,NA
NA,NA,NA,NA,NA
NA,NA,NA,NA,NA
NA,NA,NA,NA,NA
NA,NA,NA,NA,NA
NA,NA,NA,NA,NA
NA,NA,NA,NA,NA
NA,NA,NA,NA,NA
26.524361,NA,NA,NA,NA
26.333978,NA,NA,NA,NA
NA,NA,NA,NA,NA
NA,NA,NA,NA,NA
26.220451,NA,NA,NA,NA
26.52233,NA,NA,NA,NA
NA,NA,NA,NA,NA
NA,NA,NA,NA,NA
24.321021,NA,NA,NA,NA
17.024372,NA,NA,NA,NA
26.286965,NA,NA,NA,NA
NA,NA,NA,NA,NA
NA,NA,NA,NA,NA
23.714765,NA,NA,NA,NA
NA,NA,NA,NA,NA
NA,NA,NA,NA,NA
24.064724,NA,NA,NA,NA
NA,NA,NA,NA,NA
NA,NA,NA,NA,NA
NA,NA,NA,NA,NA
NA,NA,NA,NA,NA
NA,NA,NA,NA,NA
NA,NA,NA,NA,NA
24.513565,NA,NA,NA,NA
NA,NA,NA,NA,NA
NA,NA,NA,NA,NA
NA,NA,NA,NA,NA
24.602877,NA,NA,NA,NA
NA,NA,NA,NA,NA
NA,NA,NA,NA,NA
NA,NA,NA,NA,NA
NA,NA,NA,NA,NA
24.499083,NA,NA,NA,NA
24.101789,NA,NA,NA,NA
24.643054,NA,NA,NA,NA
NA,NA,NA,NA,NA
NA,NA,NA,NA,NA
NA,NA,NA,NA,NA
NA,NA,NA,NA,NA
NA,NA,NA,NA,NA
NA,NA,NA,NA,NA
NA,NA,NA,NA,NA
NA,NA,NA,NA,NA
NA,NA,NA,NA,NA
NA,NA,NA,NA,NA
NA,NA,NA,NA,NA
NA,NA,NA,NA,NA
NA,NA,NA,NA,NA
NA,NA,NA,NA,NA
23.483622,NA,NA,NA,NA
23.391716,NA,NA,NA,NA
NA,NA,NA,NA,NA
24.31428,NA,NA,NA,NA
25.531159,NA,NA,NA,NA
25.472351,NA,NA,NA,NA
NA,NA,NA,NA,NA
NA,NA,NA,NA,NA
23.740275,NA,NA,NA,NA
17.368954,NA,NA,NA,NA
NA,NA,NA,NA,NA
NA,NA,NA,NA,NA
NA,NA,NA,NA,NA
NA,NA,NA,NA,NA
NA,NA,NA,NA,NA
NA,NA,NA,NA,NA
NA,NA,NA,NA,NA
NA,NA,NA,NA,NA
NA,NA,NA,NA,NA
NA,NA,NA,NA,NA
NA,NA,NA,NA,NA
NA,NA,NA,NA,NA
NA,NA,NA,NA,NA
NA,NA,NA,NA,NA
NA,NA,NA,NA,NA
NA,NA,NA,NA,NA
NA,NA,NA,NA,NA
NA,NA,NA,NA,NA
NA,NA,NA,NA,NA
NA,NA,NA,NA,NA
NA,NA,NA,NA,NA
NA,NA,NA,NA,NA
NA,NA,NA,NA,NA
NA,NA,NA,NA,NA
NA,NA,NA,NA,NA
NA,NA,NA,NA,NA
NA,NA,NA,NA,NA
NA,NA,NA,NA,NA
NA,NA,NA,NA,NA
NA,NA,NA,NA,NA
NA,NA,NA,NA,NA
NA,NA,NA,NA,NA
NA,NA,NA,NA,NA
NA,NA,NA,NA,NA
NA,NA,NA,NA,NA
NA,NA,NA,NA,NA
NA,NA,NA,NA,NA
NA,NA,NA,NA,NA
NA,NA,NA,NA,NA
NA,NA,NA,NA,NA
22.00717,NA,NA,NA,NA
NA,NA,NA,NA,NA
NA,NA,NA,NA,NA
NA,NA,NA,NA,NA
NA,NA,NA,NA,NA
NA,NA,NA,NA,NA
NA,NA,NA,NA,NA
NA,NA,NA,NA,NA
NA,NA,NA,NA,NA
26.254535,NA,NA,NA,NA
26.190409,NA,NA,NA,NA
NA,NA,NA,NA,NA
24.266527,NA,NA,NA,NA
24.153303,NA,NA,NA,NA
NA,NA,NA,NA,NA
NA,NA,NA,NA,NA
NA,NA,NA,NA,NA
NA,NA,NA,NA,NA
NA,NA,NA,NA,NA
NA,NA,NA,NA,NA
NA,NA,NA,NA,NA
NA,NA,NA,NA,NA
NA,NA,NA,NA,NA
NA,NA,NA,NA,NA
NA,NA,NA,NA,NA
NA,NA,NA,NA,NA
NA,NA,NA,NA,NA
NA,NA,NA,NA,NA
NA,NA,NA,NA,NA
NA,NA,NA,NA,NA
NA,NA,NA,NA,NA
24.186071,NA,NA,NA,NA
NA,NA,NA,NA,NA
NA,NA,NA,NA,NA
NA,NA,NA,NA,NA
NA,NA,NA,NA,NA
NA,NA,NA,NA,NA
NA,NA,NA,NA,NA
NA,NA,NA,NA,NA
NA,NA,NA,NA,NA
NA,NA,NA,NA,NA
NA,NA,NA,NA,NA
NA,NA,NA,NA,NA
NA,NA,NA,NA,NA
NA,NA,NA,NA,NA
NA,NA,NA,NA,NA
NA,NA,NA,NA,NA
NA,NA,NA,NA,NA
NA,NA,NA,NA,NA
NA,NA,NA,NA,NA
NA,NA,NA,NA,NA
NA,NA,NA,NA,NA
NA,NA,NA,NA,NA
NA,NA,NA,NA,NA
NA,NA,NA,NA,NA
NA,NA,NA,NA,NA
NA,NA,NA,NA,NA
NA,NA,NA,NA,NA
NA,NA,NA,NA,NA
NA,NA,NA,NA,NA
NA,NA,NA,NA,NA
NA,NA,NA,NA,NA
NA,NA,NA,NA,NA
NA,NA,NA,NA,NA
NA,NA,NA,NA,NA
NA,NA,NA,NA,NA
NA,NA,NA,NA,NA
NA,NA,NA,NA,NA
NA,NA,NA,NA,NA
NA,NA,NA,NA,NA
NA,NA,NA,NA,NA
NA,NA,NA,NA,NA
NA,NA,NA,NA,NA
NA,NA,NA,NA,NA
NA,NA,NA,NA,NA
NA,NA,NA,NA,NA
NA,NA,NA,NA,NA
NA,NA,NA,NA,NA
NA,NA,NA,NA,NA
NA,NA,NA,NA,NA
NA,NA,NA,NA,NA
23.732697,NA,NA,NA,NA
24.634678,NA,NA,NA,NA
NA,NA,NA,NA,NA
NA,NA,NA,NA,NA
NA,NA,NA,NA,NA
NA,NA,NA,NA,NA
NA,NA,NA,NA,NA
24.248094,NA,NA,NA,NA
24.315822,NA,NA,NA,NA
NA,NA,NA,NA,NA
NA,NA,NA,NA,NA
NA,NA,NA,NA,NA
NA,NA,NA,NA,NA
NA,NA,NA,NA,NA
NA,NA,NA,NA,NA
24.337255,NA,NA,NA,NA
NA,NA,NA,NA,NA
23.876271,NA,NA,NA,NA
NA,NA,NA,NA,NA
NA,NA,NA,NA,NA
NA,NA,NA,NA,NA
NA,NA,NA,NA,NA
NA,NA,NA,NA,NA
NA,NA,NA,NA,NA
NA,NA,NA,NA,NA
NA,NA,NA,NA,NA
NA,NA,NA,NA,NA
NA,NA,NA,NA,NA
NA,NA,NA,NA,NA
NA,NA,NA,NA,NA
24.441844,NA,NA,NA,NA
NA,NA,NA,NA,NA
NA,NA,NA,NA,NA
NA,NA,NA,NA,NA
NA,NA,NA,NA,NA
NA,NA,NA,NA,NA
NA,NA,NA,NA,NA
NA,NA,NA,NA,NA
NA,NA,NA,NA,NA
NA,NA,NA,NA,NA
24.064593,NA,NA,NA,NA
NA,NA,NA,NA,NA
NA,NA,NA,NA,NA
NA,NA,NA,NA,NA
NA,NA,NA,NA,NA
NA,NA,NA,NA,NA
NA,NA,NA,NA,NA
NA,NA,NA,NA,NA
NA,NA,NA,NA,NA
NA,NA,NA,NA,NA
NA,NA,NA,NA,NA
NA,NA,NA,NA,NA
NA,NA,NA,NA,NA
NA,NA,NA,NA,NA
NA,NA,NA,NA,NA
NA,NA,NA,NA,NA
NA,NA,NA,NA,NA
NA,NA,NA,NA,NA
NA,NA,NA,NA,NA
NA,NA,NA,NA,NA
NA,NA,NA,NA,NA
NA,NA,NA,NA,NA
NA,NA,NA,NA,NA
NA,NA,NA,NA,NA
NA,NA,NA,NA,NA
NA,NA,NA,NA,NA
NA,NA,NA,NA,NA
NA,NA,NA,NA,NA
NA,NA,NA,NA,NA
NA,NA,NA,NA,NA
NA,NA,NA,NA,NA
NA,NA,NA,NA,NA
NA,NA,NA,NA,NA
NA,NA,NA,NA,NA
NA,NA,NA,NA,NA
NA,NA,NA,NA,NA
NA,NA,NA,NA,NA
NA,NA,NA,NA,NA
NA,NA,NA,NA,NA
NA,NA,NA,NA,NA
NA,NA,NA,NA,NA
NA,NA,NA,NA,NA
NA,NA,NA,NA,NA
NA,NA,NA,NA,NA
NA,NA,NA,NA,NA
NA,NA,NA,NA,NA
NA,NA,NA,NA,NA
NA,NA,NA,NA,NA
NA,NA,NA,NA,NA
NA,NA,NA,NA,NA
NA,NA,NA,NA,NA
NA,NA,NA,NA,NA
NA,NA,NA,NA,NA
NA,NA,NA,NA,NA
NA,NA,NA,NA,NA
23.941806,NA,NA,NA,NA
NA,NA,NA,NA,NA
NA,NA,NA,NA,NA
NA,NA,NA,NA,NA
NA,NA,NA,NA,NA
NA,NA,NA,NA,NA
NA,NA,NA,NA,NA
NA,NA,NA,NA,NA
NA,NA,NA,NA,NA
NA,NA,NA,NA,NA
NA,NA,NA,NA,NA
NA,NA,NA,NA,NA
NA,NA,NA,NA,NA
NA,NA,NA,NA,NA
NA,NA,NA,NA,NA
NA,NA,NA,NA,NA
NA,NA,NA,NA,NA
NA,NA,NA,NA,NA
NA,NA,NA,NA,NA
NA,NA,NA,NA,NA
NA,NA,NA,NA,NA
NA,NA,NA,NA,NA
NA,NA,NA,NA,NA
NA,NA,NA,NA,NA
NA,NA,NA,NA,NA
NA,NA,NA,NA,NA
NA,NA,NA,NA,NA
NA,NA,NA,NA,NA
NA,NA,NA,NA,NA
24.323129,NA,NA,NA,NA
NA,NA,NA,NA,NA
NA,NA,NA,NA,NA
NA,NA,NA,NA,NA
NA,NA,NA,NA,NA
NA,NA,NA,NA,NA
NA,NA,NA,NA,NA
NA,NA,NA,NA,NA
NA,NA,NA,NA,NA
NA,NA,NA,NA,NA
NA,NA,NA,NA,NA
NA,NA,NA,NA,NA
NA,NA,NA,NA,NA
NA,NA,NA,NA,NA
NA,NA,NA,NA,NA
NA,NA,NA,NA,NA
NA,NA,NA,NA,NA
NA,NA,NA,NA,NA
NA,NA,NA,NA,NA
NA,NA,NA,NA,NA
NA,NA,NA,NA,NA
17.537407,NA,NA,NA,NA
NA,NA,NA,NA,NA
NA,NA,NA,NA,NA
NA,NA,NA,NA,NA
NA,NA,NA,NA,NA
NA,NA,NA,NA,NA
NA,NA,NA,NA,NA
NA,NA,NA,NA,NA
NA,NA,NA,NA,NA
NA,NA,NA,NA,NA
NA,NA,NA,NA,NA
NA,NA,NA,NA,NA
NA,NA,NA,NA,NA
NA,NA,NA,NA,NA
NA,NA,NA,NA,NA
NA,NA,NA,NA,NA
NA,NA,NA,NA,NA
NA,NA,NA,NA,NA
NA,NA,NA,NA,NA
NA,NA,NA,NA,NA
NA,NA,NA,NA,NA
NA,NA,NA,NA,NA
NA,NA,NA,NA,NA
NA,NA,NA,NA,NA
NA,NA,NA,NA,NA
NA,NA,NA,NA,NA
NA,NA,NA,NA,NA
NA,NA,NA,NA,NA
NA,NA,NA,NA,NA
NA,NA,NA,NA,NA
NA,NA,NA,NA,NA
NA,NA,NA,NA,NA
NA,NA,NA,NA,NA
NA,NA,NA,NA,NA
NA,NA,NA,NA,NA
NA,NA,NA,NA,NA
NA,NA,NA,NA,NA
NA,NA,NA,NA,NA
NA,NA,NA,NA,NA
NA,NA,NA,NA,NA
NA,NA,NA,NA,NA
NA,NA,NA,NA,NA
NA,NA,NA,NA,NA
24.908707,NA,NA,NA,NA
NA,NA,NA,NA,NA
NA,NA,NA,NA,NA
NA,NA,NA,NA,NA
NA,NA,NA,NA,NA
NA,NA,NA,NA,NA
25.203491,NA,NA,NA,NA
NA,NA,NA,NA,NA
NA,NA,NA,NA,NA
NA,NA,NA,NA,NA
NA,NA,NA,NA,NA
NA,NA,NA,NA,NA
24.476603,NA,NA,NA,NA
NA,NA,NA,NA,NA
NA,NA,NA,NA,NA
NA,NA,NA,NA,NA
NA,NA,NA,NA,NA
NA,NA,NA,NA,NA
24.445898,NA,NA,NA,NA
NA,NA,NA,NA,NA
NA,NA,NA,NA,NA
NA,NA,NA,NA,NA
NA,NA,NA,NA,NA
NA,NA,NA,NA,NA
NA,NA,NA,NA,NA
NA,NA,NA,NA,NA
NA,NA,NA,NA,NA
NA,NA,NA,NA,NA
NA,NA,NA,NA,NA
NA,NA,NA,NA,NA
NA,NA,NA,NA,NA
NA,NA,NA,NA,NA
NA,NA,NA,NA,NA
NA,NA,NA,NA,NA
NA,NA,NA,NA,NA
NA,NA,NA,NA,NA
NA,NA,NA,NA,NA
NA,NA,NA,NA,NA
NA,NA,NA,NA,NA
NA,NA,NA,NA,NA
NA,NA,NA,NA,NA
NA,NA,NA,NA,NA
NA,NA,NA,NA,NA
NA,NA,NA,NA,NA
NA,NA,NA,NA,NA
NA,NA,NA,NA,NA
24.266169,NA,NA,NA,NA
NA,NA,NA,NA,NA
NA,NA,NA,NA,NA
NA,NA,NA,NA,NA
NA,NA,NA,NA,NA
NA,NA,NA,NA,NA
NA,NA,NA,NA,NA
22.965148,NA,NA,NA,NA
22.981401,NA,NA,NA,NA
NA,NA,NA,NA,NA
NA,NA,NA,NA,NA
NA,NA,NA,NA,NA
NA,NA,NA,NA,NA
NA,NA,NA,NA,NA
NA,NA,NA,NA,NA
NA,NA,NA,NA,NA
NA,NA,NA,NA,NA
NA,NA,NA,NA,NA
NA,NA,NA,NA,NA
NA,NA,NA,NA,NA
NA,NA,NA,NA,NA
NA,NA,NA,NA,NA
NA,NA,NA,NA,NA
NA,NA,NA,NA,NA
NA,NA,NA,NA,NA
NA,NA,NA,NA,NA
NA,NA,NA,NA,NA
NA,NA,NA,NA,NA
NA,NA,NA,NA,NA
NA,NA,NA,NA,NA
NA,NA,NA,NA,NA
NA,NA,NA,NA,NA
NA,NA,NA,NA,NA
NA,NA,NA,NA,NA
NA,NA,NA,NA,NA
NA,NA,NA,NA,NA
NA,NA,NA,NA,NA
NA,NA,NA,NA,NA
NA,NA,NA,NA,NA
NA,NA,NA,NA,NA
NA,NA,NA,NA,NA
NA,NA,NA,NA,NA
NA,NA,NA,NA,NA
NA,NA,NA,NA,NA
NA,NA,NA,NA,NA
NA,NA,NA,NA,NA
NA,NA,NA,NA,NA
NA,NA,NA,NA,NA
NA,NA,NA,NA,NA
NA,NA,NA,NA,NA
NA,NA,NA,NA,NA
NA,NA,NA,NA,NA
NA,NA,NA,NA,NA
NA,NA,NA,NA,NA
NA,NA,NA,NA,NA
NA,NA,NA,NA,NA
NA,NA,NA,NA,NA
NA,NA,NA,NA,NA
NA,NA,NA,NA,NA
NA,NA,NA,NA,NA
NA,NA,NA,NA,NA
NA,NA,NA,NA,NA
NA,NA,NA,NA,NA
NA,NA,NA,NA,NA
NA,NA,NA,NA,NA
NA,NA,NA,NA,NA
NA,NA,NA,NA,NA
NA,NA,NA,NA,NA
NA,NA,NA,NA,NA
NA,NA,NA,NA,NA
NA,NA,NA,NA,NA
NA,NA,NA,NA,NA
NA,NA,NA,NA,NA
NA,NA,NA,NA,NA
NA,NA,NA,NA,NA
NA,NA,NA,NA,NA
NA,NA,NA,NA,NA
NA,NA,NA,NA,NA
NA,NA,NA,NA,NA
NA,NA,NA,NA,NA
NA,NA,NA,NA,NA
NA,NA,NA,NA,NA
NA,NA,NA,NA,NA
NA,NA,NA,NA,NA
NA,NA,NA,NA,NA
NA,NA,NA,NA,NA
NA,NA,NA,NA,NA
NA,NA,NA,NA,NA
NA,NA,NA,NA,NA
NA,NA,NA,NA,NA
NA,NA,NA,NA,NA
NA,NA,NA,NA,NA
NA,NA,NA,NA,NA
NA,NA,NA,NA,NA
NA,NA,NA,NA,NA
NA,NA,NA,NA,NA
NA,NA,NA,NA,NA
NA,NA,NA,NA,NA
NA,NA,NA,NA,NA
NA,NA,NA,NA,NA
NA,NA,NA,NA,NA
NA,NA,NA,NA,NA
NA,NA,NA,NA,NA
NA,NA,NA,NA,NA
NA,NA,NA,NA,NA
NA,NA,NA,NA,NA
NA,NA,NA,NA,NA
NA,NA,NA,NA,NA
NA,NA,NA,NA,NA
NA,NA,NA,NA,NA
NA,NA,NA,NA,NA
NA,NA,NA,NA,NA
NA,NA,NA,NA,NA
NA,NA,NA,NA,NA
NA,NA,NA,NA,NA
NA,NA,NA,NA,NA
NA,NA,NA,NA,NA
NA,NA,NA,NA,NA
NA,NA,NA,NA,NA
NA,NA,NA,NA,NA
NA,NA,NA,NA,NA
NA,NA,NA,NA,NA
NA,NA,NA,NA,NA
NA,NA,NA,NA,NA
NA,NA,NA,NA,NA
NA,NA,NA,NA,NA
NA,NA,NA,NA,NA
NA,NA,NA,NA,NA
NA,NA,NA,NA,NA
NA,NA,NA,NA,NA
NA,NA,NA,NA,NA
NA,NA,NA,NA,NA
NA,NA,NA,NA,NA
NA,NA,NA,NA,NA
NA,NA,NA,NA,NA
NA,NA,NA,NA,NA
NA,NA,NA,NA,NA
NA,NA,NA,NA,NA
NA,NA,NA,NA,NA
NA,NA,NA,NA,NA
NA,NA,NA,NA,NA
NA,NA,NA,NA,NA
NA,NA,NA,NA,NA
NA,NA,NA,NA,NA
NA,NA,NA,NA,NA
NA,NA,NA,NA,NA
NA,NA,NA,NA,NA
NA,NA,NA,NA,NA
NA,NA,NA,NA,NA
NA,NA,NA,NA,NA
NA,NA,NA,NA,NA
NA,NA,NA,NA,NA
NA,NA,NA,NA,NA
NA,NA,NA,NA,NA
NA,NA,NA,NA,NA
NA,NA,NA,NA,NA
NA,NA,NA,NA,NA
NA,NA,NA,NA,NA
NA,NA,NA,NA,NA
NA,NA,NA,NA,NA
NA,NA,NA,NA,NA
NA,NA,NA,NA,NA
NA,NA,NA,NA,NA
NA,NA,NA,NA,NA
NA,NA,NA,NA,NA
NA,NA,NA,NA,NA
NA,NA,NA,NA,NA
NA,NA,NA,NA,NA
NA,NA,NA,NA,NA
NA,NA,NA,NA,NA
NA,NA,NA,NA,NA
NA,NA,NA,NA,NA
NA,NA,NA,NA,NA
NA,NA,NA,NA,NA
NA,NA,NA,NA,NA
NA,NA,NA,NA,NA
NA,NA,NA,NA,NA
NA,NA,NA,NA,NA
NA,NA,NA,NA,NA
NA,NA,NA,NA,NA
NA,NA,NA,NA,NA
NA,NA,NA,NA,NA
NA,NA,NA,NA,NA
NA,NA,NA,NA,NA
NA,NA,NA,NA,NA
NA,NA,NA,NA,NA
NA,NA,NA,NA,NA
NA,NA,NA,NA,NA
NA,NA,NA,NA,NA
NA,NA,NA,NA,NA
NA,NA,NA,NA,NA
NA,NA,NA,NA,NA
NA,NA,NA,NA,NA
NA,NA,NA,NA,NA
NA,NA,NA,NA,NA
NA,NA,NA,NA,NA
NA,NA,NA,NA,NA
NA,NA,NA,NA,NA
NA,NA,NA,NA,NA
NA,NA,NA,NA,NA
NA,NA,NA,NA,NA
NA,NA,NA,NA,NA
NA,NA,NA,NA,NA
NA,NA,NA,NA,NA
NA,NA,NA,NA,NA
NA,NA,NA,NA,NA
NA,NA,NA,NA,NA
NA,NA,NA,NA,NA
NA,NA,NA,NA,NA
NA,NA,NA,NA,NA
NA,NA,NA,NA,NA
NA,NA,NA,NA,NA
NA,NA,NA,NA,NA
NA,NA,NA,NA,NA
NA,NA,NA,NA,NA
NA,NA,NA,NA,NA
NA,NA,NA,NA,NA
NA,NA,NA,NA,NA
NA,NA,NA,NA,NA
NA,NA,NA,NA,NA
NA,NA,NA,NA,NA
NA,NA,NA,NA,NA
NA,NA,NA,NA,NA
NA,NA,NA,NA,NA
NA,NA,NA,NA,NA
NA,NA,NA,NA,NA
NA,NA,NA,NA,NA
NA,NA,NA,NA,NA
NA,NA,NA,NA,NA
NA,NA,NA,NA,NA
NA,NA,NA,NA,NA
NA,NA,NA,NA,NA
NA,NA,NA,NA,NA
NA,NA,NA,NA,NA
NA,NA,NA,NA,NA
NA,NA,NA,NA,NA
NA,NA,NA,NA,NA
NA,NA,NA,NA,NA
NA,NA,NA,NA,NA
NA,NA,NA,NA,NA
NA,NA,NA,NA,NA
NA,NA,NA,NA,NA
NA,NA,NA,NA,NA
NA,NA,NA,NA,NA
NA,NA,NA,NA,NA
NA,NA,NA,NA,NA
NA,NA,NA,NA,NA
NA,NA,NA,NA,NA
NA,NA,NA,NA,NA
NA,NA,NA,NA,NA
NA,NA,NA,NA,NA
NA,NA,NA,NA,NA
NA,NA,NA,NA,NA
NA,NA,NA,NA,NA
NA,NA,NA,NA,NA
NA,NA,NA,NA,NA
NA,NA,NA,NA,NA
NA,NA,NA,NA,NA
NA,NA,NA,NA,NA
NA,NA,NA,NA,NA
NA,NA,NA,NA,NA
NA,NA,NA,NA,NA
NA,NA,NA,NA,NA
NA,NA,NA,NA,NA
NA,NA,NA,NA,NA
NA,NA,NA,NA,NA
NA,NA,NA,NA,NA
NA,NA,NA,NA,NA
NA,NA,NA,NA,NA
NA,NA,NA,NA,NA
NA,NA,NA,NA,NA
NA,NA,NA,NA,NA
NA,NA,NA,NA,NA
NA,NA,NA,NA,NA
NA,NA,NA,NA,NA
NA,NA,NA,NA,NA
NA,NA,NA,NA,NA
NA,NA,NA,NA,NA
NA,NA,NA,NA,NA
NA,NA,NA,NA,NA
NA,NA,NA,NA,NA
NA,NA,NA,NA,NA
NA,NA,NA,NA,NA
NA,NA,NA,NA,NA
NA,NA,NA,NA,NA
NA,NA,NA,NA,NA
NA,NA,NA,NA,NA
NA,NA,NA,NA,NA
NA,NA,NA,NA,NA
NA,NA,NA,NA,NA
NA,NA,NA,NA,NA
NA,NA,NA,NA,NA
NA,NA,NA,NA,NA
NA,NA,NA,NA,NA
15.016002,NA,NA,NA,NA
15.862778,NA,NA,NA,NA
14.907728,NA,NA,NA,NA
13.513947,NA,NA,NA,NA
13.773514,NA,NA,NA,NA
8.417834,NA,NA,NA,NA
-4.703826,NA,NA,NA,NA
NA,NA,NA,NA,NA
NA,NA,NA,NA,NA
NA,NA,NA,NA,NA
NA,NA,NA,NA,NA
14.692459,NA,NA,NA,NA
NA,NA,NA,NA,NA
NA,NA,NA,NA,NA
NA,NA,NA,NA,NA
NA,NA,NA,NA,NA
NA,NA,NA,NA,NA
NA,NA,NA,NA,NA
NA,NA,NA,NA,NA
NA,NA,NA,NA,NA
NA,NA,NA,NA,NA
NA,NA,NA,NA,NA
NA,NA,NA,NA,NA
NA,NA,NA,NA,NA
NA,NA,NA,NA,NA
NA,NA,NA,NA,NA
NA,NA,NA,NA,NA
NA,NA,NA,NA,NA
NA,NA,NA,NA,NA
NA,NA,NA,NA,NA
NA,NA,NA,NA,NA
NA,NA,NA,NA,NA
NA,NA,NA,NA,NA
12.655497,NA,NA,NA,NA
NA,NA,NA,NA,NA
14.768076,NA,NA,NA,NA
NA,NA,NA,NA,NA
NA,NA,NA,NA,NA
NA,NA,NA,NA,NA
NA,NA,NA,NA,NA
NA,NA,NA,NA,NA
NA,NA,NA,NA,NA
NA,NA,NA,NA,NA
NA,NA,NA,NA,NA
NA,NA,NA,NA,NA
NA,NA,NA,NA,NA
NA,NA,NA,NA,NA
NA,NA,NA,NA,NA
NA,NA,NA,NA,NA
NA,NA,NA,NA,NA
NA,NA,NA,NA,NA
NA,NA,NA,NA,NA
NA,NA,NA,NA,NA
NA,NA,NA,NA,NA
NA,NA,NA,NA,NA
NA,NA,NA,NA,NA
NA,NA,NA,NA,NA
NA,NA,NA,NA,NA
NA,NA,NA,NA,NA
NA,NA,NA,NA,NA
NA,NA,NA,NA,NA
NA,NA,NA,NA,NA
NA,NA,NA,NA,NA
NA,NA,NA,NA,NA
NA,NA,NA,NA,NA
NA,NA,NA,NA,NA
NA,NA,NA,NA,NA
NA,NA,NA,NA,NA
NA,NA,NA,NA,NA
NA,NA,NA,NA,NA
NA,NA,NA,NA,NA
NA,NA,NA,NA,NA
NA,NA,NA,NA,NA
NA,NA,NA,NA,NA
NA,NA,NA,NA,NA
NA,NA,NA,NA,NA
NA,NA,NA,NA,NA
NA,NA,NA,NA,NA
NA,NA,NA,NA,NA
NA,NA,NA,NA,NA
NA,NA,NA,NA,NA
NA,NA,NA,NA,NA
NA,NA,NA,NA,NA
NA,NA,NA,NA,NA
NA,NA,NA,NA,NA
NA,NA,NA,NA,NA
NA,NA,NA,NA,NA
NA,NA,NA,NA,NA
NA,NA,NA,NA,NA
NA,NA,NA,NA,NA
NA,NA,NA,NA,NA
NA,NA,NA,NA,NA
NA,NA,NA,NA,NA
NA,NA,NA,NA,NA
NA,NA,NA,NA,NA
NA,NA,NA,NA,NA
NA,NA,NA,NA,NA
NA,NA,NA,NA,NA
NA,NA,NA,NA,NA
NA,NA,NA,NA,NA
NA,NA,NA,NA,NA
NA,NA,NA,NA,NA
NA,NA,NA,NA,NA
NA,NA,NA,NA,NA
NA,NA,NA,NA,NA
NA,NA,NA,NA,NA
NA,NA,NA,NA,NA
NA,NA,NA,NA,NA
NA,NA,NA,NA,NA
NA,NA,NA,NA,NA
NA,NA,NA,NA,NA
NA,NA,NA,NA,NA
NA,NA,NA,NA,NA
NA,NA,NA,NA,NA
NA,NA,NA,NA,NA
NA,NA,NA,NA,NA
