ID	lon	lat	centroid_day
5824	126.725	72.425	157.995358921537
5825	126.775	72.425	157.997941565501
5826	126.825	72.425	157.999913484282
5827	126.875	72.425	158.001804973199
5828	126.925	72.425	158.004558452546
5829	126.975	72.425	158.010319590435
5830	127.025	72.425	158.01436547824
5831	127.075	72.425	158.017814782253
5832	127.125	72.425	158.020346975702
5833	127.175	72.425	158.024893612309
5834	127.225	72.425	158.027650260511
5835	127.275	72.425	158.035054356534
5836	127.325	72.425	158.039205428115
5837	127.375	72.425	158.042679856011
5838	127.425	72.425	158.045913446819
5839	127.475	72.425	158.049010040126
5840	127.525	72.425	158.062150421218
5841	127.575	72.425	157.839751642883
5842	127.625	72.425	157.852248919892
5843	127.675	72.425	159.456032996426
12344	126.725	72.375	157.982557882555
12345	126.775	72.375	157.973009598978
12363	127.675	72.375	158.073024204211
12364	127.725	72.375	158.079042187028
12365	127.775	72.375	158.09132986845
12366	127.825	72.375	159.879650831256
18865	126.775	72.325	157.868948941067
18866	126.825	72.325	157.971966473692
18867	126.875	72.325	157.963027726374
18886	127.825	72.325	158.096952285865
18887	127.875	72.325	158.101243290712
18888	127.925	72.325	158.104514480969
18889	127.975	72.325	158.114819790233
25387	126.875	72.275	157.961202492662
25409	127.975	72.275	158.117710037422
25410	128.025	72.275	158.120155308072
25411	128.075	72.275	158.131071833577
31907	126.875	72.225	159.752939493509
31908	126.925	72.225	157.947490829276
31931	128.075	72.225	164.500745462351
31932	128.125	72.225	158.136711298491
31933	128.175	72.225	158.159502642055
31934	128.225	72.225	160.695097181842
31935	128.275	72.225	164.553323956009
38428	126.925	72.175	157.936021097084
38455	128.275	72.175	158.179542730677
38456	128.325	72.175	158.200829397426
38457	128.375	72.175	159.672057922717
38458	128.425	72.175	162.786164552814
44948	126.925	72.125	158.770951805638
44978	128.425	72.125	158.220329565753
44979	128.475	72.125	163.792829566085
44980	128.525	72.125	162.260232506785
51468	126.925	72.075	157.852166030126
51500	128.525	72.075	158.244526515869
57988	126.925	72.025	157.846233833037
57989	126.975	72.025	157.829028265922
57990	127.025	72.025	157.825066657978
57991	127.075	72.025	157.823448358666
58020	128.525	72.025	166.227259350027
58021	128.575	72.025	158.260486473202
64511	127.075	71.975	156.804849674594
64512	127.125	71.975	157.821926146285
64513	127.175	71.975	157.816224688901
64514	127.225	71.975	157.813907622914
71034	127.225	71.925	155.576436090091
71035	127.275	71.925	157.811954477964
77554	127.225	71.875	157.800497190686
77555	127.275	71.875	156.440107536123
84074	127.225	71.825	157.75715320403
90594	127.225	71.775	154.907110648066
97114	127.225	71.725	157.727779791148
103634	127.225	71.675	157.704399625725
103635	127.275	71.675	155.148702640927
110155	127.275	71.625	157.668605817262
116675	127.275	71.575	157.638146520259
116676	127.325	71.575	157.628231890301
123196	127.325	71.525	157.62511891784
129716	127.325	71.475	157.614603149724
136236	127.325	71.425	157.586060867729
142755	127.275	71.375	157.550042826681
142756	127.325	71.375	154.018299427957
149275	127.275	71.325	157.511980662604
155795	127.275	71.275	157.483337334243
155796	127.325	71.275	154.319676399689
162316	127.325	71.225	157.458803107825
168836	127.325	71.175	157.456742959055
168837	127.375	71.175	153.45928150223
175357	127.375	71.125	157.440705235413
175358	127.425	71.125	157.406531257444
181878	127.425	71.075	155.393359993322
181879	127.475	71.075	157.40413867199
181880	127.525	71.075	157.390224809149
188400	127.525	71.025	153.984325847829
188401	127.575	71.025	157.387255151665
194920	127.525	70.975	157.358928783517
194921	127.575	70.975	157.377168912328
201439	127.475	70.925	157.349219323215
201440	127.525	70.925	157.35697151601
207959	127.475	70.875	157.346250607369
207960	127.525	70.875	157.341789405783
214480	127.525	70.825	154.221867303935
214481	127.575	70.825	157.338221685969
214482	127.625	70.825	157.329767838523
221000	127.525	70.775	157.293351003142
221001	127.575	70.775	157.295202242879
221002	127.625	70.775	157.327604612771
227517	127.375	70.725	157.268728263302
227518	127.425	70.725	157.271618627475
227519	127.475	70.725	157.287524243533
227520	127.525	70.725	152.256205933633
234034	127.225	70.675	154.395916455654
234035	127.275	70.675	157.254390123665
234036	127.325	70.675	157.26660688174
234037	127.375	70.675	153.396143654789
240553	127.175	70.625	157.240702458451
240554	127.225	70.625	157.250146592833
247071	127.075	70.575	157.215757082899
247072	127.125	70.575	157.236355736934
247073	127.175	70.575	159.715529830501
253568	125.925	70.525	154.224674977162
253569	125.975	70.525	157.076490160889
253570	126.025	70.525	157.081995835962
253571	126.075	70.525	157.085634128782
253572	126.125	70.525	157.089675407115
253573	126.175	70.525	157.098865430759
253574	126.225	70.525	157.104908736464
253575	126.275	70.525	157.110718184761
253576	126.325	70.525	157.123164480449
253577	126.375	70.525	157.130118072604
253578	126.425	70.525	157.13433536829
253579	126.475	70.525	157.138033631076
253580	126.525	70.525	157.142993771651
253581	126.575	70.525	157.146912702
253582	126.625	70.525	157.150342191759
253583	126.675	70.525	157.154440196999
253584	126.725	70.525	157.161867311172
253585	126.775	70.525	157.168080291414
253586	126.825	70.525	157.182057389593
253587	126.875	70.525	157.187617177521
253588	126.925	70.525	157.192193584769
253589	126.975	70.525	157.196438516098
253590	127.025	70.525	157.200420208132
253591	127.075	70.525	157.212122493723
260086	125.825	70.475	157.060102496197
260087	125.875	70.475	157.063332771771
260088	125.925	70.475	157.073984796864
266605	125.775	70.425	157.049553382755
266606	125.825	70.425	157.05790696073
273125	125.775	70.375	157.047011972832
273126	125.825	70.375	157.037314675094
279646	125.825	70.325	157.03092748395
279647	125.875	70.325	157.018955647422
279648	125.925	70.325	156.993866581498
279649	125.975	70.325	152.378344345808
286169	125.975	70.275	156.987521874783
286170	126.025	70.275	156.974530963054
286171	126.075	70.275	151.687942658265
292690	126.025	70.225	150.265664177477
292691	126.075	70.225	156.97139200285
299209	125.975	70.175	149.901585832656
299210	126.025	70.175	156.948283113723
305728	125.925	70.125	156.877880253591
305729	125.975	70.125	156.916623667808
312246	125.825	70.075	156.840283613219
312247	125.875	70.075	156.870268212191
312248	125.925	70.075	149.190777104501
318763	125.675	70.025	156.825054357618
318764	125.725	70.025	149.85564712789
318765	125.775	70.025	150.364174755064
318766	125.825	70.025	150.110247467241
325281	125.575	69.975	149.520894961345
325282	125.625	69.975	149.498437626662
325283	125.675	69.975	149.483087690158
331792	125.125	69.925	151.408060666885
331793	125.175	69.925	156.692832201895
331794	125.225	69.925	156.700649277342
331795	125.275	69.925	156.727332501523
331796	125.325	69.925	156.737809865223
331797	125.375	69.925	156.753215447393
331798	125.425	69.925	148.58407275172
331799	125.475	69.925	148.657452973558
331800	125.525	69.925	148.864923403614
331801	125.575	69.925	149.452937770588
338311	125.075	69.875	156.665955279167
338312	125.125	69.875	156.686939439893
344831	125.075	69.825	156.665371399447
350548	84.925	69.775	148.510374163244
350549	84.975	69.775	148.499595824006
350550	85.025	69.775	148.496695244418
350551	85.075	69.775	148.492611011311
350552	85.125	69.775	148.488588820934
350553	85.175	69.775	148.484003542263
350554	85.225	69.775	148.44791494826
350555	85.275	69.775	148.443702336974
350556	85.325	69.775	148.436206647854
350557	85.375	69.775	148.433305821222
350558	85.425	69.775	148.426365088685
350559	85.475	69.775	148.422525703842
350560	85.525	69.775	148.419826814322
351351	125.075	69.775	156.647487617125
357064	84.725	69.725	148.540958402142
357065	84.775	69.725	148.52278486232
357066	84.825	69.725	148.519437331082
357067	84.875	69.725	148.514387941319
357068	84.925	69.725	163.405359712321
357080	85.525	69.725	148.417747116247
357081	85.575	69.725	148.410967076921
357082	85.625	69.725	148.406835363728
357870	125.025	69.725	156.600281964116
357871	125.075	69.725	156.620263445007
363581	84.575	69.675	148.554270601604
363582	84.625	69.675	148.547461977502
363583	84.675	69.675	148.545854095042
363584	84.725	69.675	162.605541083025
363602	85.625	69.675	162.989076461354
363603	85.675	69.675	148.404363318376
363604	85.725	69.675	148.397112423706
364389	124.975	69.675	156.565862244925
364390	125.025	69.675	156.590006956559
370100	84.525	69.625	148.557743405085
370101	84.575	69.625	163.7389366777
370124	85.725	69.625	148.395206143646
370125	85.775	69.625	148.380113151057
370908	124.925	69.625	156.560337797172
370909	124.975	69.625	145.95374594169
376645	85.775	69.575	148.367821518766
376646	85.825	69.575	148.377446818283
377427	124.875	69.575	156.606367322447
377428	124.925	69.575	156.620600073794
383166	85.825	69.525	148.364258619546
383167	85.875	69.525	148.351462036263
383168	85.925	69.525	148.343304502925
383946	124.825	69.525	156.603262427932
383947	124.875	69.525	147.70934526013
389688	85.925	69.475	161.694168531899
389689	85.975	69.475	148.341158800079
389690	86.025	69.475	148.333782821647
389691	86.075	69.475	148.329443151159
390464	124.725	69.475	156.55517992933
390465	124.775	69.475	156.572977919591
390466	124.825	69.475	147.608630143412
396211	86.075	69.425	161.354231268373
396212	86.125	69.425	148.326795122282
396983	124.675	69.425	147.777395494946
396984	124.725	69.425	156.550682396562
402731	86.075	69.375	148.202056363253
402732	86.125	69.375	148.210770031289
403503	124.675	69.375	156.518025578665
404238	161.425	69.375	159.083270519569
409249	85.975	69.325	148.174514693046
409250	86.025	69.325	148.196476752921
409251	86.075	69.325	159.644557308392
410021	124.575	69.325	145.827241066953
410022	124.625	69.325	156.506791704653
410023	124.675	69.325	156.517861445936
410758	161.425	69.325	159.067944443013
415769	85.975	69.275	148.169030044728
416539	124.475	69.275	145.31102051172
416540	124.525	69.275	156.488002122696
416541	124.575	69.275	156.503183966914
417278	161.425	69.275	158.975224643159
417866	-135.175	69.225	153.883720876402
417867	-135.125	69.225	152.694435987298
422287	85.875	69.225	148.13897258532
422288	85.925	69.225	148.154881457154
422289	85.975	69.225	161.446726694459
423056	124.325	69.225	145.049022359791
423057	124.375	69.225	156.459282969664
423058	124.425	69.225	156.465174617842
423059	124.475	69.225	156.483484215577
423798	161.425	69.225	158.913219569887
424387	-135.125	69.175	152.388376084787
424388	-135.075	69.175	155.208119849639
424389	-135.025	69.175	153.094196219149
424390	-134.975	69.175	150.363507487861
428807	85.875	69.175	148.134894390851
428808	85.925	69.175	148.12358683549
428809	85.975	69.175	148.121107559007
429574	124.225	69.175	147.532889380538
429575	124.275	69.175	156.444340660844
429576	124.325	69.175	156.455121687917
430318	161.425	69.175	158.902604031843
430319	161.475	69.175	158.877182920165
430908	-135.075	69.125	153.087393222332
430909	-135.025	69.125	153.038818592186
430910	-134.975	69.125	151.254457457763
435329	85.975	69.125	161.853958603208
435330	86.025	69.125	148.118771176185
435331	86.075	69.125	148.111837371269
436092	124.125	69.125	145.841339947007
436093	124.175	69.125	156.429693481357
436094	124.225	69.125	156.441718508695
436839	161.475	69.125	158.866026186389
437428	-135.075	69.075	154.777822122497
437429	-135.025	69.075	154.584386892122
441851	86.075	69.075	157.603504976397
442611	124.075	69.075	156.407831605183
442612	124.125	69.075	156.426942411975
443359	161.475	69.075	158.853810616756
443949	-135.025	69.025	154.598279330981
443950	-134.975	69.025	154.370773206902
443951	-134.925	69.025	154.417706879215
443952	-134.875	69.025	150.098324822686
448370	86.025	69.025	162.133409475953
448371	86.075	69.025	148.093986054624
449130	124.025	69.025	144.889301000936
449131	124.075	69.025	156.405004574503
449879	161.475	69.025	148.871953627805
449880	161.525	69.025	158.804554979096
450472	-134.875	68.975	154.223165488402
450473	-134.825	68.975	154.786253333565
454889	85.975	68.975	148.037526305893
454890	86.025	68.975	148.05982959354
455650	124.025	68.975	156.376575564855
456400	161.525	68.975	158.780661447307
456993	-134.825	68.925	143.21211945829
456994	-134.775	68.925	143.211098997991
456995	-134.725	68.925	143.208986538525
461408	85.925	68.925	158.115554286298
461409	85.975	68.925	148.032104989396
462170	124.025	68.925	156.355154955986
462920	161.525	68.925	148.866555645555
463515	-134.725	68.875	147.757588095617
463516	-134.675	68.875	143.206879855365
463517	-134.625	68.875	143.201393540395
467928	85.925	68.875	148.016469021328
468689	123.975	68.875	145.268622619442
468690	124.025	68.875	156.34257612151
469439	161.475	68.875	158.67548761104
469440	161.525	68.875	158.728216363791
470037	-134.625	68.825	143.199779999228
474448	85.925	68.825	147.993370079323
475209	123.975	68.825	156.314189077091
475957	161.375	68.825	158.608139046074
475958	161.425	68.825	158.648656367366
475959	161.475	68.825	155.257370004897
476557	-134.625	68.775	147.439382698438
476558	-134.575	68.775	143.194041260456
476559	-134.525	68.775	143.188369795361
480968	85.925	68.775	147.973765737579
480969	85.975	68.775	147.965554306488
480970	86.025	68.775	157.893140885187
481729	123.975	68.775	156.311804909669
482418	158.425	68.775	156.081576794561
482419	158.475	68.775	156.179321951604
482420	158.525	68.775	156.191795292875
482421	158.575	68.775	156.20429629262
482422	158.625	68.775	156.238133525995
482423	158.675	68.775	151.865561305595
482433	159.175	68.775	157.614591511428
482434	159.225	68.775	158.111737300111
482476	161.325	68.775	158.596526707534
482477	161.375	68.775	150.631224635841
483079	-134.525	68.725	147.05098655652
483080	-134.475	68.725	143.186881769234
487490	86.025	68.725	147.963118704805
487491	86.075	68.725	147.951451886393
487492	86.125	68.725	147.947441389647
487493	86.175	68.725	161.50206088336
488249	123.975	68.725	156.265863151324
488937	158.375	68.725	156.140032086238
488938	158.425	68.725	156.167688350474
488943	158.675	68.725	156.253149964095
488944	158.725	68.725	157.44628614877
488945	158.775	68.725	157.45945179236
488946	158.825	68.725	157.472432888133
488947	158.875	68.725	157.481895410395
488948	158.925	68.725	157.494158445047
488949	158.975	68.725	157.505137489816
488950	159.025	68.725	157.51552631241
488951	159.075	68.725	157.563255881797
488952	159.125	68.725	155.630343073973
488953	159.175	68.725	157.630130991381
488954	159.225	68.725	157.642018093791
488995	161.275	68.725	158.565481147829
488996	161.325	68.725	157.366610553729
489600	-134.475	68.675	143.181751726858
489601	-134.425	68.675	143.176257055999
489602	-134.375	68.675	143.174866734506
489603	-134.325	68.675	143.173136757495
489604	-134.275	68.675	143.170868974004
489605	-134.225	68.675	143.169217737941
494013	86.175	68.675	147.944636576263
494014	86.225	68.675	147.936988732563
494015	86.275	68.675	147.930051698164
494769	123.975	68.675	156.238213921293
495455	158.275	68.675	156.097381002938
495456	158.325	68.675	156.105260924595
495457	158.375	68.675	156.134070300462
495473	159.175	68.675	157.716596591793
495515	161.275	68.675	158.463937713823
496125	-134.225	68.625	145.928165144959
496126	-134.175	68.625	143.167458278144
500535	86.275	68.625	157.78667830091
500536	86.325	68.625	147.889447546353
501288	123.925	68.625	145.075801121111
501289	123.975	68.625	156.225079378409
501969	157.975	68.625	156.011791754611
501970	158.025	68.625	156.021107846568
501971	158.075	68.625	156.034288908404
501972	158.125	68.625	156.047605466493
501973	158.175	68.625	156.061348065987
501974	158.225	68.625	156.083417029262
501975	158.275	68.625	153.228392083558
501993	159.175	68.625	157.772312777212
501994	159.225	68.625	157.779302733184
501995	159.275	68.625	157.787149828598
501996	159.325	68.625	157.800380192337
501997	159.375	68.625	157.811296232717
501998	159.425	68.625	157.831857558098
501999	159.475	68.625	154.552203311151
502034	161.225	68.625	158.449218917402
502035	161.275	68.625	148.882222790561
502645	-134.225	68.575	147.050381362061
502646	-134.175	68.575	143.161463332269
507056	86.325	68.575	155.966897315101
507057	86.375	68.575	147.881430362844
507808	123.925	68.575	156.207500029907
508489	157.975	68.575	156.00955350874
508519	159.475	68.575	157.837385349974
508520	159.525	68.575	157.850107153706
508521	159.575	68.575	157.865948610689
508522	159.625	68.575	157.883581603796
508523	159.675	68.575	157.89502359152
508524	159.725	68.575	157.910403390155
508525	159.775	68.575	157.927474259286
508526	159.825	68.575	157.936975747675
508527	159.875	68.575	157.953580633644
508528	159.925	68.575	157.981063256848
508529	159.975	68.575	154.660253971328
508553	161.175	68.575	158.393144800571
508554	161.225	68.575	147.457819985095
509165	-134.225	68.525	147.376642865592
509166	-134.175	68.525	145.502763026457
509167	-134.125	68.525	143.156259085993
513577	86.375	68.525	147.865567991078
513770	96.025	68.525	166.716788853386
513771	96.075	68.525	166.845692876549
514328	123.925	68.525	156.190946660592
515009	157.975	68.525	153.585441511929
515010	158.025	68.525	155.994842340148
515049	159.975	68.525	157.994232471533
515050	160.025	68.525	158.003194572622
515051	160.075	68.525	158.011144264258
515052	160.125	68.525	158.02370689162
515053	160.175	68.525	158.034703115755
515054	160.225	68.525	158.049738786133
515055	160.275	68.525	158.060967670478
515056	160.325	68.525	158.071418388138
515057	160.375	68.525	158.08571258713
515058	160.425	68.525	158.128042318563
515061	160.575	68.525	154.991478376889
515062	160.625	68.525	158.210116760338
515063	160.675	68.525	158.228415720294
515064	160.725	68.525	158.241341608463
515065	160.775	68.525	158.257111837944
515066	160.825	68.525	158.274989049694
515067	160.875	68.525	158.285917819391
515068	160.925	68.525	158.150834748921
515069	160.975	68.525	158.269516166043
515070	161.025	68.525	158.281419020039
515071	161.075	68.525	158.292353047426
515072	161.125	68.525	158.340907740257
515073	161.175	68.525	152.436338600695
515685	-134.225	68.475	146.878166566597
515686	-134.175	68.475	143.144560331131
515687	-134.125	68.475	143.145748816427
520096	86.325	68.475	147.826505803971
520097	86.375	68.475	158.400109300574
520232	93.125	68.475	165.868857082648
520233	93.175	68.475	162.042178561834
520234	93.225	68.475	162.004158417169
520235	93.275	68.475	161.977621952208
520236	93.325	68.475	161.96537199488
520290	96.025	68.475	166.026297909738
520847	123.875	68.475	142.439959036138
520848	123.925	68.475	156.173978872329
521529	157.975	68.475	150.561328848141
521530	158.025	68.475	155.981300072781
521578	160.425	68.475	158.137780153007
521579	160.475	68.475	158.150901409149
521580	160.525	68.475	158.161050376873
521581	160.575	68.475	158.19959674449
522206	-134.175	68.425	143.138197922917
522207	-134.125	68.425	143.136392812402
522208	-134.075	68.425	143.134437689975
526616	86.325	68.425	147.809389010134
526749	92.975	68.425	159.575313273283
526750	93.025	68.425	162.130200003435
526751	93.075	68.425	162.088971136667
526752	93.125	68.425	162.076655315393
526756	93.325	68.425	167.376733237641
526757	93.375	68.425	161.95261075804
526758	93.425	68.425	161.899784864026
526759	93.475	68.425	161.879504612435
526760	93.525	68.425	161.868066854475
526761	93.575	68.425	161.800610938746
526762	93.625	68.425	161.791928418876
526763	93.675	68.425	161.772189139988
526764	93.725	68.425	161.753691749241
526765	93.775	68.425	161.746458133752
526766	93.825	68.425	161.738404375413
526810	96.025	68.425	165.691051088833
527367	123.875	68.425	156.147293596393
528048	157.925	68.425	151.764475388616
528049	157.975	68.425	155.956951343952
528725	-134.225	68.375	143.123782980873
528726	-134.175	68.375	143.125772509063
528727	-134.125	68.375	143.127817455489
528728	-134.075	68.375	143.132792692793
533136	86.325	68.375	157.205533984632
533137	86.375	68.375	147.777025732245
533268	92.925	68.375	159.315108272289
533269	92.975	68.375	162.151907242954
533286	93.825	68.375	161.704215571385
533287	93.875	68.375	161.683572650249
533288	93.925	68.375	161.654981444296
533289	93.975	68.375	161.65368440683
533290	94.025	68.375	161.604971054665
533291	94.075	68.375	161.602317745259
533292	94.125	68.375	161.589519136931
533293	94.175	68.375	161.587639862623
533294	94.225	68.375	160.949335492153
533330	96.025	68.375	165.300275740258
533331	96.075	68.375	164.725118348534
533887	123.875	68.375	156.130578331116
534566	157.825	68.375	155.91583385815
534567	157.875	68.375	155.92081913031
534568	157.925	68.375	155.953018619898
535244	-134.275	68.325	145.242378638143
535245	-134.225	68.325	143.122311363444
539657	86.375	68.325	147.758263836454
539658	86.425	68.325	147.743771403821
539659	86.475	68.325	147.738641552983
539660	86.525	68.325	147.734194315579
539786	92.825	68.325	162.306146591358
539787	92.875	68.325	162.256712380047
539788	92.925	68.325	162.247764821451
539814	94.225	68.325	154.927265787975
539815	94.275	68.325	160.942053047721
539851	96.075	68.325	164.891013881991
539852	96.125	68.325	162.908236353273
539853	96.175	68.325	162.398135809853
540405	123.775	68.325	156.106304548034
540406	123.825	68.325	156.110255984562
540407	123.875	68.325	156.121366321945
541084	157.725	68.325	155.89399124186
541085	157.775	68.325	155.908260042297
541086	157.825	68.325	151.533329582063
541761	-134.425	68.275	143.107719286046
541762	-134.375	68.275	143.108917499851
541763	-134.325	68.275	143.111218724526
541764	-134.275	68.275	143.117013094501
546180	86.525	68.275	147.731958397599
546181	86.575	68.275	147.724313850188
546305	92.775	68.275	162.382656571179
546306	92.825	68.275	163.811851752369
546335	94.275	68.275	160.926103629328
546336	94.325	68.275	160.908811698084
546373	96.175	68.275	164.400462283709
546374	96.225	68.275	163.88984633651
546375	96.275	68.275	163.855605719474
546924	123.725	68.275	156.08738983877
546925	123.775	68.275	156.101573093423
547603	157.675	68.275	155.894555379782
547604	157.725	68.275	152.057534276503
548281	-134.425	68.225	143.106496540223
548282	-134.375	68.225	145.145238550582
552701	86.575	68.225	157.65651688249
552825	92.775	68.225	162.624176763153
552856	94.325	68.225	159.980927938606
552857	94.375	68.225	160.89717205854
552895	96.275	68.225	163.670410757503
552896	96.325	68.225	157.635062638541
553443	123.675	68.225	145.304582226699
553444	123.725	68.225	156.087986401887
554123	157.675	68.225	150.433770869834
554801	-134.425	68.175	143.101488265105
559220	86.525	68.175	147.957842470199
559221	86.575	68.175	147.709118625682
559343	92.675	68.175	160.72593732071
559344	92.725	68.175	162.810028810553
559345	92.775	68.175	162.641638608344
559377	94.375	68.175	160.885190125625
559416	96.325	68.175	163.281949073286
559960	123.525	68.175	156.026162838978
559961	123.575	68.175	156.032998014355
559962	123.625	68.175	156.042495529557
559963	123.675	68.175	156.047025832045
560642	157.625	68.175	149.616598275589
560643	157.675	68.175	155.851155730686
561320	-134.475	68.125	144.311986582813
561321	-134.425	68.125	143.094750848303
565739	86.475	68.125	147.955089674341
565740	86.525	68.125	131.061853503824
565861	92.575	68.125	165.699545001548
565862	92.625	68.125	162.906699045364
565863	92.675	68.125	162.828850308918
565897	94.375	68.125	160.798159978836
565936	96.325	68.125	163.093942289487
566477	123.375	68.125	155.989793965078
566478	123.425	68.125	155.996276255609
566479	123.475	68.125	156.019226305352
566480	123.525	68.125	142.955771074279
567161	157.575	68.125	149.467529242136
567162	157.625	68.125	149.146075156655
567840	-134.475	68.075	143.089359583005
572258	86.425	68.075	147.945146126235
572259	86.475	68.075	156.766542273917
572379	92.475	68.075	161.871335374669
572380	92.525	68.075	163.026658535476
572381	92.575	68.075	162.940464763527
572417	94.375	68.075	160.659276859156
572418	94.425	68.075	160.646062547901
572456	96.325	68.075	163.018059638931
572457	96.375	68.075	162.809546710264
572993	123.175	68.075	143.173378615002
572994	123.225	68.075	144.262124112529
572995	123.275	68.075	146.339147358853
572996	123.325	68.075	155.952904205295
572997	123.375	68.075	155.982889184326
573679	157.475	68.075	147.442832366835
573680	157.525	68.075	155.820741069361
573681	157.575	68.075	155.824005393388
574360	-134.475	68.025	143.082932025472
578778	86.425	68.025	147.912490942835
578895	92.275	68.025	164.212803337478
578896	92.325	68.025	164.651273946084
578897	92.375	68.025	163.095051700713
578898	92.425	68.025	163.045239498925
578899	92.475	68.025	163.036789970595
578938	94.425	68.025	160.629121199788
578939	94.475	68.025	160.580757215598
578976	96.325	68.025	162.523202823163
578977	96.375	68.025	155.864377512991
579513	123.175	68.025	147.217492297073
580190	157.025	68.025	155.781360115901
580191	157.075	68.025	155.784876535208
580192	157.125	68.025	155.779529161608
580193	157.175	68.025	155.78344820514
580194	157.225	68.025	155.787633137043
580195	157.275	68.025	155.795764515199
580196	157.325	68.025	155.796693182383
580197	157.375	68.025	155.801199325878
580198	157.425	68.025	155.804805809599
580199	157.475	68.025	155.816564380846
580880	-134.475	67.975	143.076550664343
580881	-134.425	67.975	143.072509736236
585298	86.425	67.975	147.908739891954
585413	92.175	67.975	161.119645326604
585414	92.225	67.975	163.238342619508
585415	92.275	67.975	163.115105295244
585459	94.475	67.975	162.09501993202
585460	94.525	67.975	160.57306787089
585461	94.575	67.975	160.503098481614
585496	96.325	67.975	162.476555388315
585497	96.375	67.975	162.319504428998
586032	123.125	67.975	147.189782724638
586033	123.175	67.975	156.097086993176
586694	156.225	67.975	155.673830448329
586695	156.275	67.975	155.683131292131
586696	156.325	67.975	155.691893908741
586697	156.375	67.975	155.698754014193
586698	156.425	67.975	155.697434236553
586699	156.475	67.975	155.710444592718
586700	156.525	67.975	148.928588146142
586701	156.575	67.975	148.997528908256
586706	156.825	67.975	155.750128689405
586707	156.875	67.975	155.761454974431
586708	156.925	67.975	150.18615639356
586709	156.975	67.975	155.777487847389
586710	157.025	67.975	151.947341222252
587401	-134.425	67.925	143.070055568296
587402	-134.375	67.925	143.064486432702
587403	-134.325	67.925	142.103193530687
591818	86.425	67.925	147.895920738126
591819	86.475	67.925	147.888107055692
591820	86.525	67.925	147.885571798601
591930	92.025	67.925	163.719215714532
591931	92.075	67.925	157.231223276037
591932	92.125	67.925	163.306784771414
591933	92.175	67.925	163.26349742425
591981	94.575	67.925	160.495131925726
591982	94.625	67.925	160.445512285022
592017	96.375	67.925	162.243865049952
592552	123.125	67.925	156.068569405174
593213	156.175	67.925	155.663710587316
593214	156.225	67.925	148.605870300578
593221	156.575	67.925	155.71963041622
593222	156.625	67.925	155.723380359681
593223	156.675	67.925	155.733371152103
593224	156.725	67.925	155.735602117699
593225	156.775	67.925	155.746576782573
593226	156.825	67.925	151.641280397843
593923	-134.325	67.875	143.062599280826
593924	-134.275	67.875	142.331427769319
593925	-134.225	67.875	141.193267297688
598340	86.525	67.875	158.438032257864
598341	86.575	67.875	147.883776097811
598448	91.925	67.875	162.683714385011
598449	91.975	67.875	163.373522732416
598450	92.025	67.875	163.323707572686
598502	94.625	67.875	160.434371828338
598503	94.675	67.875	161.362951602629
598537	96.375	67.875	158.656055895442
598538	96.425	67.875	162.007323036136
599072	123.125	67.875	156.042005960266
599733	156.175	67.875	155.639262880046
600445	-134.225	67.825	142.330254838121
604858	86.425	67.825	159.10086513715
604859	86.475	67.825	147.855939447004
604860	86.525	67.825	147.868454336505
604861	86.575	67.825	161.090472947408
604967	91.875	67.825	163.44982400733
604968	91.925	67.825	163.400286862913
605023	94.675	67.825	160.365621406388
605024	94.725	67.825	156.392221486149
605058	96.425	67.825	161.864798531234
605059	96.475	67.825	161.864807540112
605592	123.125	67.825	156.018657568434
606253	156.175	67.825	149.756509629082
606254	156.225	67.825	155.620297762215
606965	-134.225	67.775	142.324855810551
611377	86.375	67.775	147.844687206476
611378	86.425	67.775	147.853887652599
611486	91.825	67.775	160.248627844813
611487	91.875	67.775	163.488976067992
611544	94.725	67.775	160.309666432102
611545	94.775	67.775	160.22368595317
611579	96.475	67.775	161.736212421774
611580	96.525	67.775	161.74778662826
611581	96.575	67.775	156.63427615853
612112	123.125	67.775	155.988283297893
612774	156.225	67.775	147.518580407625
612775	156.275	67.775	155.601598854973
613485	-134.225	67.725	142.316929375454
613486	-134.175	67.725	142.313343359229
617895	86.275	67.725	159.231697333207
617896	86.325	67.725	147.841968231726
617897	86.375	67.725	156.611651266634
618005	91.775	67.725	162.246314023197
618006	91.825	67.725	163.524113293296
618065	94.775	67.725	158.158215159564
618066	94.825	67.725	160.211152294294
618067	94.875	67.725	160.116439072123
618101	96.575	67.725	161.72062106722
618102	96.625	67.725	157.025526068603
618632	123.125	67.725	155.945202822047
619294	156.225	67.725	147.853129382865
620006	-134.175	67.675	142.312545231386
620007	-134.125	67.675	140.296907000484
624415	86.275	67.675	147.825980890451
624524	91.725	67.675	153.023626975931
624525	91.775	67.675	163.518354474244
624587	94.875	67.675	160.090055338696
624588	94.925	67.675	160.057422077338
624622	96.625	67.675	161.53603402839
624623	96.675	67.675	161.531586237085
625151	123.075	67.675	141.548172396253
625152	123.125	67.675	155.928509740625
625814	156.225	67.675	146.167557365282
626527	-134.125	67.625	142.309151572042
626528	-134.075	67.625	141.95217738072
630935	86.275	67.625	147.786683075526
631042	91.625	67.625	156.39915494513
631043	91.675	67.625	163.527898067541
631044	91.725	67.625	163.508990642507
631108	94.925	67.625	161.460243847432
631109	94.975	67.625	160.007172485384
631110	95.025	67.625	159.964284119425
631143	96.675	67.625	161.498038804519
631144	96.725	67.625	161.501824725672
631145	96.775	67.625	156.60312126519
631671	123.075	67.625	155.893186189829
632310	155.025	67.625	155.609791831652
632311	155.075	67.625	155.615491083826
632312	155.125	67.625	155.619581755405
632313	155.175	67.625	155.624213387624
632314	155.225	67.625	155.630010448651
632315	155.275	67.625	155.638970917076
632316	155.325	67.625	155.644503866219
632317	155.375	67.625	155.364106217309
632318	155.425	67.625	155.372142488078
632319	155.475	67.625	155.381414886739
632320	155.525	67.625	155.389509873696
632321	155.575	67.625	155.417555715171
632322	155.625	67.625	146.767563351876
632323	155.675	67.625	146.700884829153
632327	155.875	67.625	146.888464195149
632328	155.925	67.625	147.270702801724
632329	155.975	67.625	145.875131999022
632330	156.025	67.625	155.486121051318
632331	156.075	67.625	155.495513573891
632332	156.125	67.625	155.502005172316
632333	156.175	67.625	155.508263604838
632334	156.225	67.625	155.513914774115
633048	-134.075	67.575	142.305828296503
633049	-134.025	67.575	142.303291488568
633050	-133.975	67.575	142.30145010375
633051	-133.925	67.575	142.300686831752
637455	86.275	67.575	147.777638558711
637456	86.325	67.575	147.759785369524
637560	91.525	67.575	157.708967372815
637561	91.575	67.575	163.55283533988
637562	91.625	67.575	163.528079715846
637630	95.025	67.575	159.961576497153
637631	95.075	67.575	159.945085977275
637665	96.775	67.575	161.344118523619
637666	96.825	67.575	160.671383123509
638190	123.025	67.575	155.848744560235
638191	123.075	67.575	155.885815797269
638827	154.875	67.575	155.590668318728
638828	154.925	67.575	155.595146035573
638829	154.975	67.575	155.595724012484
638830	155.025	67.575	155.606860829427
638843	155.675	67.575	155.435021415056
638844	155.725	67.575	155.442523267792
638845	155.775	67.575	155.452050857903
638846	155.825	67.575	155.461789738682
638847	155.875	67.575	155.463706069833
639571	-133.925	67.525	142.300146200039
639572	-133.875	67.525	142.2978546306
639573	-133.825	67.525	142.297083634467
643976	86.325	67.525	147.747482178356
643977	86.375	67.525	160.128295535073
644078	91.425	67.525	154.279237400922
644079	91.475	67.525	163.563790976371
644080	91.525	67.525	163.549199481081
644151	95.075	67.525	159.937847991685
644152	95.125	67.525	159.938319236832
644186	96.825	67.525	160.654400794801
644710	123.025	67.525	155.840666987613
645330	154.025	67.525	155.459855464088
645331	154.075	67.525	155.463319298781
645332	154.125	67.525	155.470694143822
645333	154.175	67.525	155.474436651135
645334	154.225	67.525	155.47724031945
645335	154.275	67.525	155.482168647912
645336	154.325	67.525	155.487875731524
645337	154.375	67.525	155.492571344728
645338	154.425	67.525	155.485920395966
645339	154.475	67.525	155.49236513411
645340	154.525	67.525	155.497539204597
645341	154.575	67.525	155.502046699563
645342	154.625	67.525	155.513024308713
645343	154.675	67.525	155.543459813271
645344	154.725	67.525	146.988982941712
645345	154.775	67.525	146.50568466758
645346	154.825	67.525	155.595512967771
645347	154.875	67.525	149.860353438354
646093	-133.825	67.475	142.296560391904
646094	-133.775	67.475	142.292203510446
646095	-133.725	67.475	142.019520081153
646096	-133.675	67.475	142.018537052741
646097	-133.625	67.475	142.017010145895
646098	-133.575	67.475	142.015148072085
646099	-133.525	67.475	141.704909023742
646138	-131.575	67.475	147.115592425811
646139	-131.525	67.475	141.871031798406
646140	-131.475	67.475	141.866667462388
646141	-131.425	67.475	141.865204622275
646142	-131.375	67.475	141.862272577995
646143	-131.325	67.475	141.857106778599
646144	-131.275	67.475	141.855059728929
646145	-131.225	67.475	140.495853374604
646146	-131.175	67.475	141.8454307093
646147	-131.125	67.475	141.835736151293
646148	-131.075	67.475	141.834226564869
646149	-131.025	67.475	141.833085328739
646150	-130.975	67.475	141.831979325329
646151	-130.925	67.475	141.830699379914
646152	-130.875	67.475	143.002435086529
650497	86.375	67.475	147.729488145845
650498	86.425	67.475	153.912233472119
650589	90.975	67.475	158.545675713806
650590	91.025	67.475	163.475616030808
650591	91.075	67.475	163.459494820951
650592	91.125	67.475	163.454385141081
650593	91.175	67.475	163.50407532023
650594	91.225	67.475	163.503564990028
650595	91.275	67.475	163.486651356099
650596	91.325	67.475	163.509061059877
650597	91.375	67.475	163.507539079889
650598	91.425	67.475	163.505706281995
650672	95.125	67.475	159.942066496141
650673	95.175	67.475	159.900471179854
650705	96.775	67.475	160.51116488993
650706	96.825	67.475	160.616710986664
651230	123.025	67.475	155.80890551315
651231	123.075	67.475	155.798648099994
651844	153.725	67.475	155.386148431896
651845	153.775	67.475	155.401004828184
651846	153.825	67.475	155.412163818588
651847	153.875	67.475	155.426508964183
651848	153.925	67.475	155.440872152881
651849	153.975	67.475	155.445408243584
651850	154.025	67.475	155.455792353794
652619	-133.525	67.425	142.01345959827
652654	-131.775	67.425	139.721531701765
652655	-131.725	67.425	141.886880619346
652656	-131.675	67.425	141.881389960913
652657	-131.625	67.425	141.87986406248
652658	-131.575	67.425	141.873105298864
652672	-130.875	67.425	141.827805244242
652673	-130.825	67.425	140.674766949136
657018	86.425	67.425	147.719735218523
657019	86.475	67.425	147.7087222524
657020	86.525	67.425	147.690025968529
657021	86.575	67.425	147.684194929313
657102	90.625	67.425	158.597937152683
657103	90.675	67.425	163.557231601885
657104	90.725	67.425	163.21929918583
657105	90.775	67.425	163.190446387894
657106	90.825	67.425	163.184701278033
657107	90.875	67.425	163.1855200686
657108	90.925	67.425	163.183144432463
657109	90.975	67.425	163.462256037846
657193	95.175	67.425	154.396637713841
657194	95.225	67.425	159.928539673533
657195	95.275	67.425	159.903048276827
657225	96.775	67.425	160.374115378177
657751	123.075	67.425	143.526420577503
657752	123.125	67.425	155.789568348116
658363	153.675	67.425	155.358875817482
658364	153.725	67.425	155.386950224309
659139	-133.525	67.375	142.007294006703
659140	-133.475	67.375	142.003300424798
659141	-133.425	67.375	139.888217934653
659167	-132.125	67.375	138.897341406122
659168	-132.075	67.375	141.909804804406
659169	-132.025	67.375	141.905093298603
659170	-131.975	67.375	141.903416458415
659171	-131.925	67.375	141.900817503636
659172	-131.875	67.375	141.898766269403
659173	-131.825	67.375	141.896680174679
659174	-131.775	67.375	141.890672576607
659193	-130.825	67.375	141.818896175208
659194	-130.775	67.375	139.823003227153
663541	86.575	67.375	147.64376715669
663619	90.475	67.375	155.851473221729
663620	90.525	67.375	163.942565139246
663621	90.575	67.375	163.271196698755
663622	90.625	67.375	163.220408269008
663715	95.275	67.375	159.897424754344
663716	95.325	67.375	159.899578712002
663744	96.725	67.375	156.477295476108
663745	96.775	67.375	160.298629066608
664272	123.125	67.375	155.748429347694
664880	153.525	67.375	155.341536943869
664881	153.575	67.375	155.3445232683
664882	153.625	67.375	155.351469584481
664883	153.675	67.375	149.849176982669
665661	-133.425	67.325	141.99794057773
665662	-133.375	67.325	141.989179050597
665663	-133.325	67.325	141.984165055868
665664	-133.275	67.325	141.966420062518
665680	-132.475	67.325	141.068737650858
665681	-132.425	67.325	141.928816289671
665682	-132.375	67.325	141.921438342781
665683	-132.325	67.325	141.920190757054
665684	-132.275	67.325	141.917661978953
665685	-132.225	67.325	141.915232502689
665686	-132.175	67.325	141.913073586286
665687	-132.125	67.325	141.911234517018
665714	-130.775	67.325	141.818160327173
665715	-130.725	67.325	141.814119110698
665716	-130.675	67.325	141.812390115176
665717	-130.625	67.325	141.810687762663
665718	-130.575	67.325	141.808365648586
665719	-130.525	67.325	141.805853019269
665720	-130.475	67.325	141.804089610114
665721	-130.425	67.325	141.136151591449
670061	86.575	67.325	147.594130486129
670137	90.375	67.325	158.859204220626
670138	90.425	67.325	163.320430052141
670139	90.475	67.325	163.29583938567
670236	95.325	67.325	159.896777255482
670237	95.375	67.325	159.879083783493
670264	96.725	67.325	160.305221689004
670792	123.125	67.325	144.39134947437
670793	123.175	67.325	155.71137307984
671400	153.525	67.325	155.339586762385
671401	153.575	67.325	155.327815969104
672184	-133.275	67.275	141.982501992864
672185	-133.225	67.275	141.978484986616
672186	-133.175	67.275	141.976891947321
672187	-133.125	67.275	141.97537648428
672188	-133.075	67.275	140.009606152213
672197	-132.625	67.275	141.937379701757
672198	-132.575	67.275	141.92966515333
672199	-132.525	67.275	141.933301160065
672200	-132.475	67.275	141.931050466292
672241	-130.425	67.275	141.802540130494
672242	-130.375	67.275	141.796895590009
672243	-130.325	67.275	140.779823660339
676581	86.575	67.275	147.585294464258
676652	90.125	67.275	159.724312875822
676653	90.175	67.275	163.80228020104
676654	90.225	67.275	163.351371388411
676655	90.275	67.275	163.323113342045
676656	90.325	67.275	163.319906196027
676657	90.375	67.275	163.307101224126
676757	95.375	67.275	156.917959292278
676758	95.425	67.275	159.859350521601
676759	95.475	67.275	159.875690577127
676760	95.525	67.275	159.866283419381
676782	96.625	67.275	155.783614162632
676783	96.675	67.275	160.219718094993
676784	96.725	67.275	160.185222872732
677313	123.175	67.275	141.639645670952
677314	123.225	67.275	155.691975999085
677921	153.575	67.275	143.660338849693
677922	153.625	67.275	155.325722837584
678708	-133.075	67.225	141.968857492269
678709	-133.025	67.225	141.967551905608
678710	-132.975	67.225	141.965519854615
678711	-132.925	67.225	141.964296323294
678712	-132.875	67.225	139.272170533965
678713	-132.825	67.225	141.956530691941
678714	-132.775	67.225	141.943813193278
678715	-132.725	67.225	141.942728985748
678716	-132.675	67.225	141.941247954793
678717	-132.625	67.225	141.939399810586
678763	-130.325	67.225	141.795610784413
678764	-130.275	67.225	141.786473072289
683101	86.575	67.225	151.711059805781
683170	90.025	67.225	157.96620198952
683171	90.075	67.225	163.399924391282
683172	90.125	67.225	163.363100315183
683280	95.525	67.225	156.647996056371
683281	95.575	67.225	159.929905641552
683282	95.625	67.225	159.902534638333
683283	95.675	67.225	159.894762488803
683301	96.575	67.225	160.075738299236
683302	96.625	67.225	160.057772514023
683834	123.225	67.225	155.681631775175
683835	123.275	67.225	155.667830320343
684442	153.625	67.225	144.512822498496
684443	153.675	67.225	155.31515672257
685284	-130.275	67.175	141.784942380912
685285	-130.225	67.175	141.779182092286
689621	86.575	67.175	147.530153575159
689686	89.825	67.175	155.768162732722
689687	89.875	67.175	163.443543615958
689688	89.925	67.175	163.413622690225
689689	89.975	67.175	163.408210206036
689690	90.025	67.175	163.40684635853
689803	95.675	67.175	150.288651534042
689804	95.725	67.175	159.930904624328
689805	95.775	67.175	159.94189861135
689820	96.525	67.175	160.084394409107
689821	96.575	67.175	156.876469698325
690355	123.275	67.175	155.664953973514
690958	153.425	67.175	155.285196368514
690959	153.475	67.175	155.291519450288
690960	153.525	67.175	155.296072302172
690961	153.575	67.175	155.299089282544
690962	153.625	67.175	155.302831631185
690963	153.675	67.175	155.303744515355
691805	-130.225	67.125	141.772137866324
696141	86.575	67.125	151.656944727006
696142	86.625	67.125	147.495205318905
696143	86.675	67.125	147.453637232682
696201	89.575	67.125	160.7532289267
696202	89.625	67.125	163.523946231537
696203	89.675	67.125	163.517523489532
696204	89.725	67.125	163.523384121501
696205	89.775	67.125	163.521614033905
696206	89.825	67.125	163.473751187877
696325	95.775	67.125	159.941141452522
696326	95.825	67.125	159.904395256387
696327	95.875	67.125	162.167264260773
696338	96.425	67.125	159.923195081589
696339	96.475	67.125	159.92093086296
696340	96.525	67.125	159.981120425067
696875	123.275	67.125	143.824642796996
696876	123.325	67.125	155.651369936119
697472	153.125	67.125	155.245879385338
697473	153.175	67.125	155.252321642755
697474	153.225	67.125	155.263002097503
697475	153.275	67.125	155.266504012771
697476	153.325	67.125	155.271521847085
697477	153.375	67.125	155.276287396554
697478	153.425	67.125	145.473284065739
698325	-130.225	67.075	141.769913782488
702663	86.675	67.075	147.44762847849
702718	89.425	67.075	154.873303874786
702719	89.475	67.075	154.18843711021
702720	89.525	67.075	163.572802020927
702721	89.575	67.075	163.545963276728
702847	95.875	67.075	158.73534199583
702848	95.925	67.075	158.723938747076
702854	96.225	67.075	159.83311282292
702855	96.275	67.075	159.830789863863
702856	96.325	67.075	159.835863119235
702857	96.375	67.075	159.852410050859
702858	96.425	67.075	159.893010755392
703396	123.325	67.075	144.503156012406
703990	153.025	67.075	155.241427394384
703991	153.075	67.075	139.920546509221
703992	153.125	67.075	145.28125538454
704845	-130.225	67.025	141.764361755942
709183	86.675	67.025	147.381536062814
709219	88.475	67.025	158.31505026482
709220	88.525	67.025	158.085791996131
709221	88.575	67.025	163.494997800436
709222	88.625	67.025	163.394528964614
709223	88.675	67.025	163.377644637882
709224	88.725	67.025	163.348897355068
709225	88.775	67.025	163.281401680663
709226	88.825	67.025	163.226229374225
709227	88.875	67.025	163.219205127763
709228	88.925	67.025	163.202833196989
709229	88.975	67.025	163.186145994427
709230	89.025	67.025	155.736376194584
709231	89.075	67.025	155.158965955178
709232	89.125	67.025	163.10687252415
709233	89.175	67.025	163.066446798974
709234	89.225	67.025	163.046096220437
709235	89.275	67.025	163.106607386221
709236	89.325	67.025	163.081305040951
709237	89.375	67.025	163.063200078329
709238	89.425	67.025	163.048295568953
709368	95.925	67.025	158.73373174247
709369	95.975	67.025	158.794299007681
709370	96.025	67.025	158.831067695658
709371	96.075	67.025	150.199794430455
709372	96.125	67.025	159.790728965073
709373	96.175	67.025	159.795134891687
709374	96.225	67.025	159.830396641486
709916	123.325	67.025	144.668591578088
709917	123.375	67.025	142.228104544175
710509	152.975	67.025	144.307172410907
710510	153.025	67.025	155.267735667839
711365	-130.225	66.975	141.756771141071
711366	-130.175	66.975	137.71506519965
715703	86.675	66.975	150.99771286131
715735	88.275	66.975	156.794726885497
715736	88.325	66.975	156.348441213169
715737	88.375	66.975	163.548711644362
715738	88.425	66.975	163.531803583063
715739	88.475	66.975	163.523412101879
715890	96.025	66.975	158.837448868002
715891	96.075	66.975	158.859452603465
716437	123.375	66.975	141.409744059333
716438	123.425	66.975	155.585881766733
717024	152.725	66.975	143.890015246944
717025	152.775	66.975	141.968664522359
717026	152.825	66.975	140.720722280238
717027	152.875	66.975	142.676885895067
717028	152.925	66.975	155.280140219014
717029	152.975	66.975	155.262885416048
717886	-130.175	66.925	141.750183237017
722223	86.675	66.925	147.282639663779
722254	88.225	66.925	156.378535589193
722255	88.275	66.925	153.137131867763
722958	123.425	66.925	155.548534103399
723542	152.625	66.925	144.670356446104
723543	152.675	66.925	144.830818699418
723544	152.725	66.925	155.263154928251
724406	-130.175	66.875	141.736343696545
724407	-130.125	66.875	141.728931531876
728743	86.675	66.875	147.268379171355
728744	86.725	66.875	147.240011545826
728774	88.225	66.875	156.372686836085
728775	88.275	66.875	156.371296623639
729478	123.425	66.875	155.510775172177
730062	152.625	66.875	144.685494450067
730927	-130.125	66.825	136.363940149585
730928	-130.075	66.825	141.7275180186
734911	69.075	66.825	157.01178798843
734912	69.125	66.825	157.048515750064
734913	69.175	66.825	157.499477578372
734914	69.225	66.825	155.549711298548
734915	69.275	66.825	160.768284958325
735264	86.725	66.825	147.235615262683
735295	88.275	66.825	156.37032357294
735998	123.425	66.825	155.476031309056
736580	152.525	66.825	145.013987671016
736581	152.575	66.825	155.328691529017
736582	152.625	66.825	155.235266758442
737448	-130.075	66.775	136.983890206286
737449	-130.025	66.775	141.720255803985
737450	-129.975	66.775	141.73906847978
737451	-129.925	66.775	141.737861405697
737452	-129.875	66.775	141.736902606983
737453	-129.825	66.775	140.838912444802
741424	68.725	66.775	146.739419132819
741425	68.775	66.775	146.741019560416
741426	68.825	66.775	146.742471289546
741427	68.875	66.775	146.745864977981
741428	68.925	66.775	146.748135871785
741429	68.975	66.775	146.750811481287
741430	69.025	66.775	146.753367115213
741431	69.075	66.775	146.755479840137
741435	69.275	66.775	159.390822188764
741436	69.325	66.775	158.847788469157
741437	69.375	66.775	158.628772834471
741438	69.425	66.775	159.692705207605
741439	69.475	66.775	160.31557113957
741440	69.525	66.775	158.369429247705
741441	69.575	66.775	160.35688555073
741442	69.625	66.775	160.4031461687
741443	69.675	66.775	160.95201650253
741444	69.725	66.775	160.986085609565
741445	69.775	66.775	161.003519576489
741446	69.825	66.775	161.064949481593
741447	69.875	66.775	161.104977080942
741448	69.925	66.775	161.171539765507
741449	69.975	66.775	161.159290293445
741783	86.675	66.775	150.006346440322
741784	86.725	66.775	147.217768842193
741813	88.175	66.775	154.308208056562
741814	88.225	66.775	151.614238619387
741815	88.275	66.775	156.292850518674
742518	123.425	66.775	155.436458579685
743099	152.475	66.775	144.992707396192
743100	152.525	66.775	140.668543000459
743973	-129.825	66.725	141.736085761793
743974	-129.775	66.725	141.733344952701
743975	-129.725	66.725	141.732006746524
743976	-129.675	66.725	141.729064627395
743977	-129.625	66.725	141.727280234587
743978	-129.575	66.725	141.72626943359
743979	-129.525	66.725	139.446111753235
743980	-129.475	66.725	139.721610928028
747942	68.625	66.725	153.869393563191
747943	68.675	66.725	146.728045675567
747944	68.725	66.725	146.732780088612
748300	86.525	66.725	147.155001581608
748301	86.575	66.725	147.163283958492
748302	86.625	66.725	147.169072060147
748303	86.675	66.725	147.188675564266
748333	88.175	66.725	156.270029574656
748679	105.475	66.725	154.387077128707
748680	105.525	66.725	155.775918630916
748681	105.575	66.725	155.799166953033
748682	105.625	66.725	155.989207586228
748683	105.675	66.725	156.033107906001
748684	105.725	66.725	156.070478823341
748685	105.775	66.725	156.52303317491
749038	123.425	66.725	140.367467950592
749039	123.475	66.725	155.417294344852
749618	152.425	66.725	139.919330932792
749619	152.475	66.725	140.100721262317
750500	-129.475	66.675	141.722703423305
750501	-129.425	66.675	141.721371360579
754436	67.325	66.675	162.19294724892
754437	67.375	66.675	146.466098752535
754438	67.425	66.675	146.50925927516
754460	68.525	66.675	154.465350061855
754461	68.575	66.675	146.583131776301
754462	68.625	66.675	146.588449928571
754816	86.325	66.675	147.103123699399
754817	86.375	66.675	147.111863300677
754818	86.425	66.675	147.128600260675
754819	86.475	66.675	149.623272288165
754820	86.525	66.675	150.787403715544
754849	87.975	66.675	151.404981954496
754850	88.025	66.675	156.258510070995
754851	88.075	66.675	156.248541874602
754852	88.125	66.675	156.268034398273
754853	88.175	66.675	156.266427166055
755198	105.425	66.675	155.717853543064
755199	105.475	66.675	155.7315256992
755205	105.775	66.675	152.479513093337
755206	105.825	66.675	157.379603956675
755207	105.875	66.675	157.358097986367
755559	123.475	66.675	139.787451823886
755560	123.525	66.675	155.379395826365
756138	152.425	66.675	139.965922244932
756688	-146.075	66.625	133.903645937994
756689	-146.025	66.625	159.381621124397
756690	-145.975	66.625	159.345357845349
756691	-145.925	66.625	159.328967418537
756692	-145.875	66.625	126.260679920231
756693	-145.825	66.625	147.268784431584
756694	-145.775	66.625	128.052064437329
756695	-145.725	66.625	132.082089652938
756696	-145.675	66.625	132.465921062215
756697	-145.625	66.625	133.235554477859
756698	-145.575	66.625	134.000564533758
756699	-145.525	66.625	134.181477860683
756700	-145.475	66.625	130.672330541395
756701	-145.425	66.625	130.305416726478
756702	-145.375	66.625	130.205928714885
756703	-145.325	66.625	131.654078075953
757021	-129.425	66.625	141.720587326559
757022	-129.375	66.625	141.718592445849
757023	-129.325	66.625	141.717613121689
757024	-129.275	66.625	142.626565459833
760939	66.475	66.625	151.671610299424
760940	66.525	66.625	146.381914525538
760941	66.575	66.625	146.387263307976
760942	66.625	66.625	146.389241900275
760943	66.675	66.625	146.394036454432
760944	66.725	66.625	146.397348511471
760945	66.775	66.625	146.400375518261
760946	66.825	66.625	146.404231991635
760947	66.875	66.625	146.407483904535
760954	67.225	66.625	151.046468345574
760955	67.275	66.625	146.428854711564
760956	67.325	66.625	146.432890062285
760958	67.425	66.625	156.553220645623
760959	67.475	66.625	146.511036414067
760960	67.525	66.625	146.515545677739
760961	67.575	66.625	146.520443710888
760962	67.625	66.625	146.524570664114
760963	67.675	66.625	154.402743011674
760979	68.475	66.625	146.576372704073
760980	68.525	66.625	146.581690479489
761335	86.275	66.625	147.097595421915
761336	86.325	66.625	148.511264920599
761343	86.675	66.625	147.007427526706
761344	86.725	66.625	146.98314277888
761345	86.775	66.625	146.977282333694
761346	86.825	66.625	146.961168679787
761347	86.875	66.625	146.952539100402
761366	87.825	66.625	153.394084707082
761367	87.875	66.625	156.252369046155
761368	87.925	66.625	156.23888379839
761369	87.975	66.625	156.243754911003
761718	105.425	66.625	155.69579568322
761724	105.725	66.625	156.763944454008
761725	105.775	66.625	156.798036188358
762080	123.525	66.625	155.336356504844
762081	123.575	66.625	155.304530066526
762657	152.375	66.625	155.271677149643
762658	152.425	66.625	155.275645370469
763204	-146.275	66.575	149.681926552666
763205	-146.225	66.575	149.671619610791
763206	-146.175	66.575	149.665799579753
763207	-146.125	66.575	149.645179896332
763208	-146.075	66.575	149.627359428025
763223	-145.325	66.575	148.996061421624
763224	-145.275	66.575	148.99005455667
763225	-145.225	66.575	149.49932133421
763544	-129.275	66.575	141.714288239694
763545	-129.225	66.575	141.711078592612
763546	-129.175	66.575	139.513008563634
767459	66.475	66.575	146.379130705345
767467	66.875	66.575	156.776167261563
767468	66.925	66.575	146.408484456583
767469	66.975	66.575	146.410821821183
767470	67.025	66.575	146.415015227299
767471	67.075	66.575	146.418151753642
767472	67.125	66.575	146.422579142863
767473	67.175	66.575	146.423902657928
767474	67.225	66.575	146.427493628525
767483	67.675	66.575	146.529987288735
767484	67.725	66.575	146.531891487674
767485	67.775	66.575	146.533163902523
767486	67.825	66.575	146.538458660998
767487	67.875	66.575	151.687717560848
767496	68.325	66.575	146.570014469833
767497	68.375	66.575	146.571132721445
767498	68.425	66.575	146.574639461719
767499	68.475	66.575	156.338791819764
767855	86.275	66.575	147.074032093813
767856	86.325	66.575	147.049887854001
767859	86.475	66.575	147.033180976693
767860	86.525	66.575	147.026666556672
767861	86.575	66.575	147.021782452208
767862	86.625	66.575	147.016637259896
767863	86.675	66.575	149.572994636637
767867	86.875	66.575	149.034978271786
767868	86.925	66.575	146.935837419212
767869	86.975	66.575	146.911815134774
767870	87.025	66.575	146.902589295073
767878	87.425	66.575	150.106574623004
767879	87.475	66.575	156.106471258397
767880	87.525	66.575	150.746242900547
767885	87.775	66.575	150.572322564677
767886	87.825	66.575	156.134218841299
768238	105.425	66.575	155.582336486481
768244	105.725	66.575	156.705042620098
768245	105.775	66.575	157.535674870741
768246	105.825	66.575	157.652024052971
768247	105.875	66.575	157.904452717997
768248	105.925	66.575	158.091320171569
768249	105.975	66.575	158.372708661805
768250	106.025	66.575	158.617589682859
768251	106.075	66.575	158.799427400836
768252	106.125	66.575	159.001804453146
768253	106.175	66.575	159.233594765644
768601	123.575	66.575	155.288228813454
768602	123.625	66.575	155.266560496992
769173	152.175	66.575	155.256458710628
769174	152.225	66.575	155.253343925681
769175	152.275	66.575	155.258213706713
769176	152.325	66.575	155.270469627882
769177	152.375	66.575	145.878564268525
769713	-146.825	66.525	144.066403759775
769714	-146.775	66.525	136.147675203296
769715	-146.725	66.525	135.120414979881
769716	-146.675	66.525	137.334305185868
769717	-146.625	66.525	149.730114776337
769718	-146.575	66.525	149.708822428553
769719	-146.525	66.525	149.704126847205
769720	-146.475	66.525	149.699620756265
769721	-146.425	66.525	149.694663993176
769722	-146.375	66.525	149.698450084009
769723	-146.325	66.525	149.69019868021
769724	-146.275	66.525	128.251689577392
769745	-145.225	66.525	148.814504150513
769746	-145.175	66.525	126.214413866154
770066	-129.175	66.525	141.708608776943
770067	-129.125	66.525	141.704116324741
770068	-129.075	66.525	141.702235317977
770069	-129.025	66.525	137.483560264543
773978	66.425	66.525	154.004587726036
773979	66.475	66.525	146.230081831761
774007	67.875	66.525	146.540489689672
774008	67.925	66.525	146.541929443475
774009	67.975	66.525	146.544331250086
774010	68.025	66.525	146.546116439655
774011	68.075	66.525	146.558281156591
774012	68.125	66.525	146.56189683493
774013	68.175	66.525	146.563462876041
774014	68.225	66.525	146.564575822113
774015	68.275	66.525	146.568514996297
774016	68.325	66.525	157.443590427423
774376	86.325	66.525	148.817167120089
774377	86.375	66.525	149.428169702324
774378	86.425	66.525	148.942000564991
774379	86.475	66.525	148.748155375698
774390	87.025	66.525	146.89678061636
774391	87.075	66.525	146.872995142204
774392	87.125	66.525	146.862323725621
774396	87.325	66.525	150.164330264724
774397	87.375	66.525	156.126101097196
774398	87.425	66.525	156.111843254917
774400	87.525	66.525	156.083730501078
774401	87.575	66.525	156.068152213905
774402	87.625	66.525	156.064015859888
774403	87.675	66.525	156.148756071781
774404	87.725	66.525	156.142444633277
774405	87.775	66.525	156.137957762334
774758	105.425	66.525	154.931627592293
775122	123.625	66.525	139.6600586324
775123	123.675	66.525	155.257643440024
775124	123.725	66.525	144.564946268489
775688	151.925	66.525	155.307441746917
775689	151.975	66.525	155.312583912021
775690	152.025	66.525	155.316462831266
775691	152.075	66.525	155.240992886991
775692	152.125	66.525	144.309534967045
775693	152.175	66.525	145.366441277873
776228	-147.075	66.475	138.413062142853
776229	-147.025	66.475	131.202257251228
776230	-146.975	66.475	149.723918544312
776231	-146.925	66.475	143.996802732324
776232	-146.875	66.475	143.997851850391
776233	-146.825	66.475	149.706722924955
776266	-145.175	66.475	148.810789549985
776267	-145.125	66.475	148.792462704689
776268	-145.075	66.475	148.785412019548
776269	-145.025	66.475	130.30201093812
776589	-129.025	66.475	141.69966452391
776590	-128.975	66.475	143.58797204086
780497	66.375	66.475	146.171455282398
780498	66.425	66.475	146.202412699757
780912	87.125	66.475	149.090367992005
780913	87.175	66.475	146.851841891047
780914	87.225	66.475	146.818217020652
780915	87.275	66.475	156.130626525575
780916	87.325	66.475	156.130362415131
781278	105.425	66.475	154.925630670771
781279	105.475	66.475	155.614493281175
781280	105.525	66.475	155.628772564284
781644	123.725	66.475	140.143731254027
781645	123.775	66.475	145.80820486646
782207	151.875	66.475	155.305404890622
782208	151.925	66.475	141.18566902887
782745	-147.225	66.425	136.885724906816
782746	-147.175	66.425	137.455781407948
782747	-147.125	66.425	149.76305817291
782748	-147.075	66.425	149.747172878016
782789	-145.025	66.425	148.781728894112
782790	-144.975	66.425	148.769731487823
782791	-144.925	66.425	148.764719159914
782792	-144.875	66.425	148.759090616867
783110	-128.975	66.425	141.689942905559
783111	-128.925	66.425	136.146104495088
787015	66.275	66.425	146.091504460042
787016	66.325	66.425	146.138745985639
787017	66.375	66.425	146.164207922127
787434	87.225	66.425	148.795960255035
787435	87.275	66.425	146.414339183319
787436	87.325	66.425	146.383397300287
787437	87.375	66.425	146.377680530641
787438	87.425	66.425	146.371598824091
787800	105.525	66.425	155.640472181226
788165	123.775	66.425	142.846035816077
788726	151.825	66.425	155.299404277901
788727	151.875	66.425	144.091903737974
789259	-147.525	66.375	129.537118633722
789260	-147.475	66.375	134.906884713153
789261	-147.425	66.375	149.87518532456
789262	-147.375	66.375	137.460656619744
789263	-147.325	66.375	149.837308958763
789264	-147.275	66.375	137.074400114311
789265	-147.225	66.375	149.791125764468
789312	-144.875	66.375	148.754685145365
789313	-144.825	66.375	130.283075539549
789631	-128.925	66.375	141.68242982131
789632	-128.875	66.375	141.678285530019
789633	-128.825	66.375	141.677229747032
789634	-128.775	66.375	141.674919869615
789635	-128.725	66.375	141.672446379209
793535	66.275	66.375	146.081952107221
793958	87.425	66.375	148.638892616914
793959	87.475	66.375	146.364752477383
793960	87.525	66.375	146.350042054898
794320	105.525	66.375	155.633417298634
794685	123.775	66.375	141.479337609687
795246	151.825	66.375	155.288521558164
795776	-147.675	66.325	134.498636548253
795777	-147.625	66.325	149.916432856263
795778	-147.575	66.325	149.898034759578
795779	-147.525	66.325	149.891343341725
795833	-144.825	66.325	148.747544964114
795834	-144.775	66.325	148.741352168471
796155	-128.725	66.325	141.669154881176
796156	-128.675	66.325	141.664999704042
800053	66.175	66.325	146.033283578735
800054	66.225	66.325	146.059484581697
800055	66.275	66.325	155.350144627502
800479	87.475	66.325	146.339986651397
800480	87.525	66.325	150.289826519488
800839	105.475	66.325	155.829610819616
800840	105.525	66.325	155.808992201138
801205	123.775	66.325	155.103555253059
801206	123.825	66.325	155.091801426825
801764	151.725	66.325	142.539028955441
801765	151.775	66.325	155.267660146091
801766	151.825	66.325	155.27342727667
802287	-148.125	66.275	133.333166076336
802288	-148.075	66.275	149.993570253876
802289	-148.025	66.275	149.97674180374
802292	-147.875	66.275	127.301220790608
802293	-147.825	66.275	149.951293122122
802294	-147.775	66.275	129.249338964271
802295	-147.725	66.275	149.900871921628
802296	-147.675	66.275	149.878805546113
802354	-144.775	66.275	128.235573322565
802355	-144.725	66.275	148.736566784238
802356	-144.675	66.275	129.551232704379
802676	-128.675	66.275	141.621866098623
802677	-128.625	66.275	141.664754468963
806570	66.025	66.275	145.89193967681
806571	66.075	66.275	145.900808462394
806572	66.125	66.275	145.921669294585
806573	66.175	66.275	153.912852020847
806995	87.275	66.275	146.293662157192
806996	87.325	66.275	146.299032560241
806997	87.375	66.275	146.305136387473
806998	87.425	66.275	146.323652357317
806999	87.475	66.275	149.644030587835
807355	105.275	66.275	155.889471466837
807356	105.325	66.275	155.860702796338
807357	105.375	66.275	155.855773431733
807358	105.425	66.275	155.848797989794
807359	105.475	66.275	155.829424849719
807726	123.825	66.275	155.084948335161
807727	123.875	66.275	155.058993596583
807728	123.925	66.275	155.066094061456
808283	151.675	66.275	155.249578848487
808284	151.725	66.275	155.266652506316
808799	-148.525	66.225	135.411673550601
808800	-148.475	66.225	131.148896218921
808801	-148.425	66.225	135.758116955013
808802	-148.375	66.225	135.588048952859
808803	-148.325	66.225	135.785692912129
808804	-148.275	66.225	150.042758646971
808805	-148.225	66.225	150.01562855073
808806	-148.175	66.225	150.014805794178
808807	-148.125	66.225	150.006184339647
808809	-148.025	66.225	141.906416971221
808810	-147.975	66.225	149.971232490163
808811	-147.925	66.225	149.955749196497
808812	-147.875	66.225	149.951401893558
808876	-144.675	66.225	148.712902224277
808877	-144.625	66.225	125.558949156519
809192	-128.875	66.225	141.612642376038
809193	-128.825	66.225	141.613933112402
809194	-128.775	66.225	141.615545205539
809195	-128.725	66.225	141.617771084338
809196	-128.675	66.225	141.6207184294
813087	65.875	66.225	145.849731948928
813088	65.925	66.225	145.859011843328
813089	65.975	66.225	145.884162323813
813090	66.025	66.225	152.499987443383
813514	87.225	66.225	146.273227641033
813515	87.275	66.225	146.287971356448
813874	105.225	66.225	155.87519936063
813875	105.275	66.225	155.890125071562
814248	123.925	66.225	155.0551664849
814791	151.075	66.225	155.156212191724
814792	151.125	66.225	155.163760563229
814793	151.175	66.225	155.168770117051
814794	151.225	66.225	155.192766906746
814798	151.425	66.225	155.238955514937
814799	151.475	66.225	155.242238390832
814800	151.525	66.225	155.245193564261
814801	151.575	66.225	155.249137778416
814802	151.625	66.225	155.257495372257
814803	151.675	66.225	140.435959364398
814804	151.725	66.225	155.24592180488
815317	-148.625	66.175	128.152712191182
815318	-148.575	66.175	133.310332060898
815319	-148.525	66.175	150.086594798112
815397	-144.625	66.175	148.701599475763
815398	-144.575	66.175	148.690472815281
815709	-129.025	66.175	141.606543042439
815710	-128.975	66.175	141.60759263831
815711	-128.925	66.175	141.610947435704
815712	-128.875	66.175	136.123315566484
819605	65.775	66.175	145.826083170211
819606	65.825	66.175	145.833651719791
819607	65.875	66.175	145.845664661117
820034	87.225	66.175	146.268551977405
820035	87.275	66.175	146.230492195358
820393	105.175	66.175	155.910273030844
820394	105.225	66.175	155.880861968771
820768	123.925	66.175	140.823567683417
820769	123.975	66.175	155.015865925877
821311	151.075	66.175	155.186136779296
821314	151.225	66.175	155.196175012309
821315	151.275	66.175	155.204530361654
821316	151.325	66.175	155.211619087756
821317	151.375	66.175	155.216539194909
821318	151.425	66.175	155.233470084906
821322	151.625	66.175	143.916765159451
821323	151.675	66.175	155.225217335238
821836	-148.675	66.125	150.106048514558
821837	-148.625	66.125	150.098039960087
821918	-144.575	66.125	134.496992494137
821919	-144.525	66.125	148.686240030612
821920	-144.475	66.125	148.673975170418
821921	-144.425	66.125	148.667746147587
821922	-144.375	66.125	133.193308528649
822228	-129.075	66.125	141.588224200788
822229	-129.025	66.125	141.590253025075
826123	65.675	66.125	158.382857441945
826124	65.725	66.125	145.820621957024
826125	65.775	66.125	145.630802609217
826126	65.825	66.125	145.622433648418
826127	65.875	66.125	155.56484409151
826555	87.275	66.125	146.501291664491
826556	87.325	66.125	146.223722858487
826557	87.375	66.125	146.183100981424
826558	87.425	66.125	146.176344773887
826559	87.475	66.125	146.168723317465
826560	87.525	66.125	147.964528709522
826913	105.175	66.125	155.952815664636
826914	105.225	66.125	156.005641732269
827289	123.975	66.125	154.988404202905
827824	150.725	66.125	155.126075402631
827825	150.775	66.125	155.137842116995
827826	150.825	66.125	155.141320449618
827827	150.875	66.125	155.145121883613
827828	150.925	66.125	155.150301492584
827829	150.975	66.125	155.155953119011
827830	151.025	66.125	155.16036044297
827831	151.075	66.125	155.184782676768
828350	-148.975	66.075	150.249728674518
828351	-148.925	66.075	133.882208716554
828352	-148.875	66.075	150.203468629394
828353	-148.825	66.075	150.182724942731
828354	-148.775	66.075	150.132664296701
828355	-148.725	66.075	150.14472085276
828356	-148.675	66.075	132.75505332532
828442	-144.375	66.075	148.664692554472
828443	-144.325	66.075	148.648871404806
828748	-129.075	66.075	141.587058827703
832642	65.625	66.075	156.136659416345
832643	65.675	66.075	158.386158239632
832647	65.875	66.075	145.615743150715
832648	65.925	66.075	154.034290238939
833080	87.525	66.075	146.162812452445
833081	87.575	66.075	146.145958554194
833082	87.625	66.075	146.135709044427
833083	87.675	66.075	146.117983489922
833084	87.725	66.075	146.109980692971
833085	87.775	66.075	146.100850536986
833086	87.825	66.075	146.093774404535
833087	87.875	66.075	146.082966500633
833088	87.925	66.075	146.06102072239
833089	87.975	66.075	146.047637849149
833434	105.225	66.075	156.021904098812
833809	123.975	66.075	154.959798895723
833810	124.025	66.075	141.281043171006
833811	124.075	66.075	142.629405085348
834344	150.725	66.075	138.948993878842
834345	150.775	66.075	155.137686126351
834866	-149.175	66.025	127.707423041889
834867	-149.125	66.025	150.304196313908
834868	-149.075	66.025	133.875732690889
834869	-149.025	66.025	130.366797389098
834870	-148.975	66.025	150.258239730302
834963	-144.325	66.025	132.974946652489
834964	-144.275	66.025	148.648611876318
834965	-144.225	66.025	148.630983989257
834966	-144.175	66.025	148.625925335769
835268	-129.075	66.025	141.583781274015
839161	65.575	66.025	158.184673396113
839162	65.625	66.025	158.289409221302
839168	65.925	66.025	145.577559673904
839609	87.975	66.025	146.038610749092
839954	105.225	66.025	156.008516301994
840331	124.075	66.025	141.880625278871
840332	124.125	66.025	141.926102155859
840333	124.175	66.025	140.42091865005
840865	150.775	66.025	155.099996314609
840866	150.825	66.025	155.11564168928
841385	-149.225	65.975	150.312960059585
841386	-149.175	65.975	150.309250253492
841486	-144.175	65.975	148.620251853384
841487	-144.125	65.975	148.609827032026
841488	-144.075	65.975	148.602842477185
841788	-129.075	65.975	141.577886408819
845680	65.525	65.975	158.16241911582
845681	65.575	65.975	154.968308922476
845687	65.875	65.975	145.550946572649
845688	65.925	65.975	145.567004002535
846128	87.925	65.975	147.96427390486
846129	87.975	65.975	146.020718974408
846143	88.675	65.975	152.561086329759
846144	88.725	65.975	154.878364421538
846145	88.775	65.975	154.866870706596
846146	88.825	65.975	154.862951224088
846147	88.875	65.975	154.858417474021
846148	88.925	65.975	154.852529218593
846149	88.975	65.975	154.848899612067
846474	105.225	65.975	155.976020963382
846475	105.275	65.975	155.967743087117
846476	105.325	65.975	155.968949388912
846853	124.175	65.975	141.455399474923
846854	124.225	65.975	140.952015794941
847385	150.775	65.975	155.089012686455
847905	-149.225	65.925	150.271691253056
848008	-144.075	65.925	122.301711982191
848009	-144.025	65.925	148.598790392711
848308	-129.075	65.925	141.576952371415
848309	-129.025	65.925	137.914512311376
852199	65.475	65.925	158.08320687118
852200	65.525	65.925	150.449022471227
852207	65.875	65.925	145.548385365571
852647	87.875	65.925	147.982480555651
852648	87.925	65.925	145.96114422608
852659	88.475	65.925	154.91402568845
852660	88.525	65.925	154.898250986808
852661	88.575	65.925	154.897332499242
852662	88.625	65.925	154.893915845355
852663	88.675	65.925	154.886679468915
852669	88.975	65.925	150.345795100755
852670	89.025	65.925	154.845169272226
852671	89.075	65.925	154.248015238323
852672	89.125	65.925	152.257667352207
852995	105.275	65.925	155.896484847169
852996	105.325	65.925	151.722196144528
853374	124.225	65.925	139.722477265135
853905	150.775	65.925	155.066037861941
854411	-149.925	65.875	150.407481906351
854412	-149.875	65.875	150.299433267072
854413	-149.825	65.875	150.309429176573
854414	-149.775	65.875	150.307493239543
854415	-149.725	65.875	150.306087411075
854416	-149.675	65.875	150.304210262508
854417	-149.625	65.875	150.302664114794
854418	-149.575	65.875	150.299641369434
854419	-149.525	65.875	150.291236510512
854420	-149.475	65.875	150.289266957286
854421	-149.425	65.875	150.286691244767
854422	-149.375	65.875	150.283881382467
854423	-149.325	65.875	150.282039193162
854424	-149.275	65.875	150.280171448102
854425	-149.225	65.875	150.275604309626
854529	-144.025	65.875	148.591865938387
854829	-129.025	65.875	141.56600092222
854830	-128.975	65.875	141.565375431729
854831	-128.925	65.875	141.563347011338
858712	65.125	65.875	160.359132100834
858713	65.175	65.875	159.380686133264
858714	65.225	65.875	159.423453517842
858715	65.275	65.875	159.45040668807
858716	65.325	65.875	159.503736872019
858717	65.375	65.875	158.449036049714
858718	65.425	65.875	158.518228848532
858719	65.475	65.875	153.462347962566
858727	65.875	65.875	145.527205278027
859166	87.825	65.875	145.930476035158
859167	87.875	65.875	145.95502168536
859178	88.425	65.875	154.932246481429
859179	88.475	65.875	154.917423828265
859192	89.125	65.875	154.24112124594
859193	89.175	65.875	154.223981312717
859194	89.225	65.875	154.216858187213
859195	89.275	65.875	151.771878684753
859516	105.325	65.875	155.894769376181
859517	105.375	65.875	155.842311029218
859518	105.425	65.875	155.837748985453
859519	105.475	65.875	155.721616133077
859520	105.525	65.875	155.73120078537
859894	124.225	65.875	154.742594941497
860425	150.775	65.875	155.031789693504
860426	150.825	65.875	155.048952878912
860928	-150.075	65.825	150.311027591166
860929	-150.025	65.825	150.30660633013
860930	-149.975	65.825	150.304200014267
860931	-149.925	65.825	150.302850802431
861049	-144.025	65.825	131.397746169837
861351	-128.925	65.825	141.56249756134
861352	-128.875	65.825	141.558981706527
861353	-128.825	65.825	141.557212674685
865228	64.925	65.825	160.352783937253
865229	64.975	65.825	160.32833592636
865230	65.025	65.825	149.307799486103
865231	65.075	65.825	150.759107476348
865232	65.125	65.825	153.829084619157
865246	65.825	65.825	145.493235431866
865247	65.875	65.825	145.504671553224
865686	87.825	65.825	145.923329200225
865691	88.075	65.825	154.989525131209
865692	88.125	65.825	154.973528562047
865693	88.175	65.825	154.962587365625
865694	88.225	65.825	154.956476931707
865695	88.275	65.825	154.949246625462
865696	88.325	65.825	154.945375189425
865697	88.375	65.825	154.941265371531
865698	88.425	65.825	154.93457158765
865715	89.275	65.825	154.213026938136
865716	89.325	65.825	154.193487871217
866040	105.525	65.825	155.73810365217
866041	105.575	65.825	155.774901149097
866414	124.225	65.825	154.731037368587
866946	150.825	65.825	154.995450188323
866947	150.875	65.825	137.640675953512
867447	-150.125	65.775	150.313146348954
867448	-150.075	65.775	150.316244450109
867449	-150.025	65.775	150.317702707636
867450	-149.975	65.775	150.319132776631
867451	-149.925	65.775	150.321258947821
867452	-149.875	65.775	150.321468570373
867453	-149.825	65.775	150.330569504835
867568	-144.075	65.775	136.361976774906
867569	-144.025	65.775	148.557870863424
867873	-128.825	65.775	141.565572535807
871746	64.825	65.775	160.332455813298
871747	64.875	65.775	160.415550369887
871748	64.925	65.775	152.775303461047
871765	65.775	65.775	152.850548752946
871766	65.825	65.775	145.489375567847
872206	87.825	65.775	145.894289840318
872207	87.875	65.775	145.698406836076
872208	87.925	65.775	145.684491808977
872209	87.975	65.775	145.678461812452
872210	88.025	65.775	155.003512849887
872211	88.075	65.775	147.451763524655
872236	89.325	65.775	153.073943719701
872237	89.375	65.775	154.200356590315
872238	89.425	65.775	154.185492350751
872239	89.475	65.775	154.180494101015
872240	89.525	65.775	154.174135256199
872559	105.475	65.775	155.730653558737
872560	105.525	65.775	155.778006354018
872934	124.225	65.775	154.690653086241
872935	124.275	65.775	154.649649395095
873467	150.875	65.775	154.987965208329
873468	150.925	65.775	138.821047164867
873973	-149.825	65.725	150.33831571817
874088	-144.075	65.725	148.551013166926
874393	-128.825	65.725	141.568662244682
878264	64.725	65.725	160.387982576391
878265	64.775	65.725	160.41972334127
878266	64.825	65.725	149.518579868671
878284	65.725	65.725	145.43512028166
878285	65.775	65.725	145.446011118664
878730	88.025	65.725	141.278836050448
878760	89.525	65.725	152.583579363871
878761	89.575	65.725	152.672472109803
878762	89.625	65.725	154.170099205688
878763	89.675	65.725	154.151521774214
878764	89.725	65.725	154.146807838646
878765	89.775	65.725	150.429656020266
879080	105.525	65.725	154.299452482712
879081	105.575	65.725	154.289006280632
879082	105.625	65.725	154.309446584297
879455	124.275	65.725	154.635010120871
879988	150.925	65.725	154.972939902482
879989	150.975	65.725	154.999499219731
880487	-150.125	65.675	150.346473192997
880488	-150.075	65.675	150.342970081577
880489	-150.025	65.675	150.342017638323
880490	-149.975	65.675	150.340634659562
880493	-149.825	65.675	150.32740306716
880608	-144.075	65.675	148.551806905808
880609	-144.025	65.675	137.343210452422
880913	-128.825	65.675	141.562953331094
880914	-128.775	65.675	141.298721805528
880915	-128.725	65.675	141.297794320321
880916	-128.675	65.675	141.184118559917
884782	64.625	65.675	160.334043072575
884783	64.675	65.675	160.395823431385
884784	64.725	65.675	150.100646093095
884804	65.725	65.675	145.431472825577
885250	88.025	65.675	141.21717461611
885285	89.775	65.675	154.142826721938
885286	89.825	65.675	154.130023319744
885287	89.875	65.675	154.128022094893
885288	89.925	65.675	154.121344948021
885289	89.975	65.675	150.641786157718
885602	105.625	65.675	154.311473168953
885603	105.675	65.675	154.382468412737
885604	105.725	65.675	149.243118166557
885975	124.275	65.675	154.550486225519
886509	150.975	65.675	155.017207129735
886510	151.025	65.675	154.99201127012
887006	-150.175	65.625	150.352783176117
887007	-150.125	65.625	139.132585734055
887010	-149.975	65.625	141.454819636244
887011	-149.925	65.625	150.337952280915
887012	-149.875	65.625	150.331516563879
887013	-149.825	65.625	150.329399697187
887129	-144.025	65.625	148.547918732605
887436	-128.675	65.625	130.671842516878
887437	-128.625	65.625	130.860859967446
887438	-128.575	65.625	141.180166050285
887439	-128.525	65.625	141.178171230959
887440	-128.475	65.625	141.176965619508
887441	-128.425	65.625	141.175809732209
887442	-128.375	65.625	141.17476815574
887443	-128.325	65.625	141.173571873599
887444	-128.275	65.625	141.171527584007
887445	-128.225	65.625	141.169815866338
887446	-128.175	65.625	141.169551471706
887447	-128.125	65.625	141.16592341739
887448	-128.075	65.625	141.164149219682
887449	-128.025	65.625	141.163010563715
891302	64.625	65.625	153.457845817952
891323	65.675	65.625	146.129612357849
891324	65.725	65.625	145.4142775441
891770	88.025	65.625	145.619217434407
891809	89.975	65.625	154.119592483107
891810	90.025	65.625	154.110669937783
892124	105.725	65.625	154.324024588975
892125	105.775	65.625	154.382420648069
892126	105.825	65.625	151.153242164662
892152	107.125	65.625	154.731500770157
892153	107.175	65.625	154.764944156519
892154	107.225	65.625	154.773005528499
892155	107.275	65.625	154.777804968185
892156	107.325	65.625	154.780245084858
892157	107.375	65.625	154.823188921025
892158	107.425	65.625	151.403176757232
892159	107.475	65.625	154.8476242079
892160	107.525	65.625	154.837898999987
892161	107.575	65.625	154.967280916205
892162	107.625	65.625	151.525481229303
892163	107.675	65.625	152.100467837565
892495	124.275	65.625	139.194213966897
893030	151.025	65.625	139.584623577343
893031	151.075	65.625	138.272416813656
893032	151.125	65.625	137.998622163467
893033	151.175	65.625	154.960538768489
893034	151.225	65.625	140.069393940174
893526	-150.175	65.575	150.354186443116
893527	-150.125	65.575	150.35983763029
893649	-144.025	65.575	134.019489015963
893650	-143.975	65.575	148.542356922871
893651	-143.925	65.575	148.536824846342
893652	-143.875	65.575	148.536151137735
893653	-143.825	65.575	148.531126371935
893654	-143.775	65.575	148.528785870177
893655	-143.725	65.575	138.519060017594
893969	-128.025	65.575	132.2270068983
893970	-127.975	65.575	141.162154311214
893971	-127.925	65.575	141.158208631108
893972	-127.875	65.575	141.157097441594
893973	-127.825	65.575	141.153038533675
893974	-127.775	65.575	133.308544772977
897822	64.625	65.575	153.380510215213
897823	64.675	65.575	149.727781805272
897842	65.625	65.575	150.393018012095
897843	65.675	65.575	145.398483084219
898290	88.025	65.575	141.185772168834
898330	90.025	65.575	154.197796789071
898646	105.825	65.575	154.368828690594
898647	105.875	65.575	154.354600752286
898665	106.775	65.575	154.658080568282
898666	106.825	65.575	154.672322098486
898667	106.875	65.575	154.677405127023
898668	106.925	65.575	154.678755059123
898669	106.975	65.575	154.676206483664
898670	107.025	65.575	154.679800016418
898671	107.075	65.575	154.68821087033
898672	107.125	65.575	154.759549004068
898683	107.675	65.575	154.973973561875
898684	107.725	65.575	154.995353600965
898685	107.775	65.575	154.998227212337
898686	107.825	65.575	152.901613150309
899015	124.275	65.575	140.088163461931
899554	151.225	65.575	154.930220972685
900044	-150.275	65.525	150.071861264954
900045	-150.225	65.525	149.778086559474
900046	-150.175	65.525	150.363441400012
900047	-150.125	65.525	150.359810051217
900175	-143.725	65.525	148.527679502447
900176	-143.675	65.525	148.52343205421
900494	-127.775	65.525	141.149919753642
900495	-127.725	65.525	141.14614850246
900496	-127.675	65.525	141.144625284917
904343	64.675	65.525	152.218789347747
904362	65.625	65.525	145.367891187998
904809	87.975	65.525	144.182727354559
904810	88.025	65.525	141.170959250607
904849	89.975	65.525	154.174957888208
904850	90.025	65.525	154.195358247945
905167	105.875	65.525	154.355213109782
905168	105.925	65.525	154.389333634776
905185	106.775	65.525	154.42713620919
905206	107.825	65.525	155.027531413605
905207	107.875	65.525	153.649484001439
905535	124.275	65.525	140.879147066879
906074	151.225	65.525	154.922716910069
906075	151.275	65.525	154.908493979313
906076	151.325	65.525	154.900286649409
906555	-150.725	65.475	147.570635279944
906556	-150.675	65.475	150.387085875371
906557	-150.625	65.475	150.380746798475
906558	-150.575	65.475	150.378822741846
906559	-150.525	65.475	150.375731685901
906560	-150.475	65.475	150.373747238883
906561	-150.425	65.475	150.371739076145
906562	-150.375	65.475	150.370298945552
906563	-150.325	65.475	150.368397041338
906564	-150.275	65.475	150.366558245101
906696	-143.675	65.475	148.519826928475
907016	-127.675	65.475	128.989111631569
907017	-127.625	65.475	141.143904230851
907018	-127.575	65.475	141.136917221201
910863	64.675	65.475	152.143732790354
910882	65.625	65.475	146.761831693114
911329	87.975	65.475	141.142081987456
911369	89.975	65.475	154.170197626704
911688	105.925	65.475	154.433031899369
911692	106.125	65.475	154.330596903143
911693	106.175	65.475	150.712041799142
911701	106.575	65.475	152.203018821179
911702	106.625	65.475	154.416760320563
911703	106.675	65.475	154.416721256175
911704	106.725	65.475	154.410550498561
911705	106.775	65.475	154.426409571202
911726	107.825	65.475	155.029961062822
911727	107.875	65.475	150.993267600127
912055	124.275	65.475	154.503339669003
912596	151.325	65.475	154.900873467918
912597	151.375	65.475	154.886201801783
913071	-150.925	65.425	148.801411556172
913072	-150.875	65.425	150.399059479507
913073	-150.825	65.425	150.389089690279
913074	-150.775	65.425	150.388275246036
913075	-150.725	65.425	150.390244817955
913216	-143.675	65.425	137.074115835904
913217	-143.625	65.425	148.511509714133
913218	-143.575	65.425	148.509354037149
913219	-143.525	65.425	148.507926449589
913538	-127.575	65.425	141.136174105493
913539	-127.525	65.425	141.132846282105
913540	-127.475	65.425	141.1319889609
913541	-127.425	65.425	141.1310681123
917383	64.675	65.425	151.975522215808
917384	64.725	65.425	151.872276521418
917401	65.575	65.425	150.081953011878
917402	65.625	65.425	145.330914603232
917849	87.975	65.425	141.102161562769
917889	89.975	65.425	154.158556116736
918208	105.925	65.425	154.361548989343
918209	105.975	65.425	154.336293964963
918210	106.025	65.425	154.339073927314
918211	106.075	65.425	154.345176652662
918212	106.125	65.425	154.354616899741
918213	106.175	65.425	154.306818107988
918214	106.225	65.425	154.309859320203
918215	106.275	65.425	154.313227082273
918216	106.325	65.425	154.314069828471
918217	106.375	65.425	154.309992171089
918218	106.425	65.425	154.333452734188
918219	106.475	65.425	154.37175990064
918220	106.525	65.425	154.386349507682
918221	106.575	65.425	154.401788776628
918247	107.875	65.425	155.074428113514
918575	124.275	65.425	139.049601177419
918576	124.325	65.425	154.486427491466
919117	151.375	65.425	154.884442973323
919118	151.425	65.425	141.682095843324
919589	-151.025	65.375	149.086679852749
919590	-150.975	65.375	150.400856549652
919591	-150.925	65.375	150.397236345363
919739	-143.525	65.375	135.472276413222
919740	-143.475	65.375	148.511561799416
919741	-143.425	65.375	148.498841973412
919742	-143.375	65.375	148.493910163011
919743	-143.325	65.375	148.492798453788
919744	-143.275	65.375	148.493063248302
919745	-143.225	65.375	148.491799044747
919746	-143.175	65.375	148.490226085978
919747	-143.125	65.375	148.48957897145
919748	-143.075	65.375	148.490680604729
919749	-143.025	65.375	148.486294322324
919750	-142.975	65.375	148.478756679579
919756	-142.675	65.375	148.423873669851
919757	-142.625	65.375	148.420041758592
919758	-142.575	65.375	148.416607479834
919759	-142.525	65.375	148.413576496718
919760	-142.475	65.375	148.411708690545
920061	-127.425	65.375	141.136962963174
920062	-127.375	65.375	141.133131012764
920063	-127.325	65.375	141.131365590173
923904	64.725	65.375	151.888240512857
923919	65.475	65.375	145.283264860486
923920	65.525	65.375	145.289071538667
923921	65.575	65.375	145.313627010499
924369	87.975	65.375	141.055324961707
924409	89.975	65.375	154.130509010545
924767	107.875	65.375	155.083669419629
924768	107.925	65.375	152.972169948991
925096	124.325	65.375	140.883576452951
925637	151.375	65.375	140.825003359771
925638	151.425	65.375	154.871460374276
926107	-151.125	65.325	150.406338915376
926108	-151.075	65.325	150.402736892745
926109	-151.025	65.325	150.401231725888
926270	-142.975	65.325	128.731165733458
926271	-142.925	65.325	148.476706114021
926272	-142.875	65.325	148.470094831454
926273	-142.825	65.325	148.471743720053
926274	-142.775	65.325	148.468627111202
926275	-142.725	65.325	148.428378642441
926276	-142.675	65.325	148.42584126799
926280	-142.475	65.325	148.424921417986
926281	-142.425	65.325	148.421882037857
926282	-142.375	65.325	148.420700387592
926283	-142.325	65.325	148.419500508228
926284	-142.275	65.325	148.427830641902
926285	-142.225	65.325	148.426775208851
926286	-142.175	65.325	148.425366305028
926287	-142.125	65.325	148.422278712733
926288	-142.075	65.325	148.419698811666
926583	-127.325	65.325	130.324264685796
926584	-127.275	65.325	141.130710372867
926585	-127.225	65.325	141.12473686274
926586	-127.175	65.325	141.123096370186
926587	-127.125	65.325	128.362899199931
926588	-127.075	65.325	130.949950690062
930424	64.725	65.325	151.677419295861
930425	64.775	65.325	151.558501545119
930438	65.425	65.325	145.263145464773
930439	65.475	65.325	145.275640771615
930888	87.925	65.325	145.185712923249
930889	87.975	65.325	141.031028783659
930929	89.975	65.325	154.11639185871
931288	107.925	65.325	155.061176336405
931289	107.975	65.325	155.062581836061
931290	108.025	65.325	155.077742272575
931291	108.075	65.325	154.863192501095
931292	108.125	65.325	154.866530338621
931293	108.175	65.325	154.868649483523
931294	108.225	65.325	154.873039712829
931295	108.275	65.325	154.875828764364
931296	108.325	65.325	154.878250751792
931297	108.375	65.325	154.881220420261
931616	124.325	65.325	141.533328272327
931617	124.375	65.325	154.424794360341
932158	151.425	65.325	140.673385176281
932159	151.475	65.325	154.874222872677
932160	151.525	65.325	154.860306679902
932621	-151.425	65.275	146.12197320413
932622	-151.375	65.275	150.417089727769
932623	-151.325	65.275	150.412560142098
932624	-151.275	65.275	150.412119469619
932625	-151.225	65.275	150.410521494348
932626	-151.175	65.275	150.409782792205
932627	-151.125	65.275	150.407247063983
932808	-142.075	65.275	137.834896853169
932809	-142.025	65.275	148.418525695796
932810	-141.975	65.275	148.411248479128
932811	-141.925	65.275	148.411209855299
933108	-127.075	65.275	141.118748879382
933109	-127.025	65.275	129.352489154647
933110	-126.975	65.275	141.11354292735
933111	-126.925	65.275	141.112861166598
933112	-126.875	65.275	141.109351104953
933113	-126.825	65.275	141.108810364819
933114	-126.775	65.275	141.107252652275
933115	-126.725	65.275	135.112468496706
936944	64.725	65.275	151.550839950656
936945	64.775	65.275	149.907580928661
936957	65.375	65.275	145.258766598626
936958	65.425	65.275	148.458990181696
937408	87.925	65.275	141.003813912314
937449	89.975	65.275	154.098953519317
937809	107.975	65.275	155.079307341609
937810	108.025	65.275	154.85877107279
937817	108.375	65.275	149.547924980111
937818	108.425	65.275	154.983250220814
937819	108.475	65.275	154.997394681813
938137	124.375	65.275	140.630964950333
938138	124.425	65.275	154.391478744231
938680	151.525	65.275	154.858835122518
938681	151.575	65.275	142.954063185166
939132	-151.875	65.225	142.715904921337
939133	-151.825	65.225	150.444495093174
939134	-151.775	65.225	150.441302874586
939135	-151.725	65.225	144.682860003187
939140	-151.475	65.225	146.327340353836
939141	-151.425	65.225	150.420419605752
939331	-141.925	65.225	148.409903722768
939332	-141.875	65.225	148.405213515574
939333	-141.825	65.225	148.407801108617
939334	-141.775	65.225	148.408672237295
939335	-141.725	65.225	136.702724878931
939635	-126.725	65.225	141.101496934485
939636	-126.675	65.225	141.099319173529
939637	-126.625	65.225	141.100266989578
939638	-126.575	65.225	141.097968340967
939639	-126.525	65.225	141.096987919088
943465	64.775	65.225	148.361978064424
943466	64.825	65.225	148.350353760065
943467	64.875	65.225	148.254168752333
943475	65.275	65.225	150.022706645467
943476	65.325	65.225	145.218736953142
943477	65.375	65.225	145.227576442882
943927	87.875	65.225	140.9476182661
943928	87.925	65.225	140.976167526201
943969	89.975	65.225	151.84342042952
943970	90.025	65.225	154.066370611304
944339	108.475	65.225	148.678937878894
944340	108.525	65.225	154.978507802641
944341	108.575	65.225	154.992278781868
944342	108.625	65.225	154.917187491422
944658	124.425	65.225	137.830292532585
944659	124.475	65.225	154.366144057335
945200	151.525	65.225	154.852264732183
945201	151.575	65.225	154.838268479524
945202	151.625	65.225	154.832858082249
945203	151.675	65.225	154.833859863098
945204	151.725	65.225	154.831634985632
945626	-153.175	65.175	149.92761876919
945627	-153.125	65.175	149.916835527348
945628	-153.075	65.175	149.915117580202
945629	-153.025	65.175	149.914831770163
945630	-152.975	65.175	149.9080964654
945631	-152.925	65.175	149.900293532268
945632	-152.875	65.175	149.898960982933
945633	-152.825	65.175	149.897067784221
945634	-152.775	65.175	149.903137952078
945635	-152.725	65.175	149.8996657229
945636	-152.675	65.175	149.892842088441
945642	-152.375	65.175	143.112435516938
945643	-152.325	65.175	149.873477593807
945644	-152.275	65.175	149.87910866272
945645	-152.225	65.175	149.87730260106
945646	-152.175	65.175	149.876219696567
945647	-152.125	65.175	149.873122733289
945648	-152.075	65.175	149.870623614341
945649	-152.025	65.175	149.867848236487
945650	-151.975	65.175	149.867781997502
945651	-151.925	65.175	149.865766353407
945652	-151.875	65.175	150.447438493412
945655	-151.725	65.175	150.435587940191
945656	-151.675	65.175	150.428646797557
945657	-151.625	65.175	150.426690336099
945658	-151.575	65.175	150.425190958597
945659	-151.525	65.175	150.423486698185
945660	-151.475	65.175	150.42178928413
945855	-141.725	65.175	148.407636882856
945856	-141.675	65.175	148.406084194255
946159	-126.525	65.175	134.174122668458
946160	-126.475	65.175	141.096221005524
946161	-126.425	65.175	141.093728961081
946162	-126.375	65.175	134.298671617068
949986	64.825	65.175	148.125380698946
949987	64.875	65.175	147.563798352948
949995	65.275	65.175	145.205456482163
950447	87.875	65.175	140.934386262912
950489	89.975	65.175	160.594931443352
950490	90.025	65.175	154.052423973898
950862	108.625	65.175	154.96248527134
950863	108.675	65.175	154.963342787226
950864	108.725	65.175	154.973922065884
950869	108.975	65.175	152.165159255712
950870	109.025	65.175	155.005119867772
950871	109.075	65.175	155.027302009624
951179	124.475	65.175	137.769110106781
951180	124.525	65.175	139.751356769268
951724	151.725	65.175	154.830800979502
951725	151.775	65.175	155.036436907768
951726	151.825	65.175	155.030606169539
952135	-153.725	65.125	146.717660995953
952136	-153.675	65.125	149.952634232709
952137	-153.625	65.125	149.94863410331
952138	-153.575	65.125	149.947461626007
952139	-153.525	65.125	149.946773417712
952140	-153.475	65.125	149.943711840082
952141	-153.425	65.125	149.942743468185
952142	-153.375	65.125	149.938791008896
952143	-153.325	65.125	149.937555831844
952144	-153.275	65.125	149.931989698914
952145	-153.225	65.125	149.930051857703
952146	-153.175	65.125	149.929086051488
952156	-152.675	65.125	149.891731059414
952157	-152.625	65.125	149.882518770998
952158	-152.575	65.125	149.879563002864
952159	-152.525	65.125	149.87833349436
952160	-152.475	65.125	149.875159910548
952161	-152.425	65.125	149.868906754471
952162	-152.375	65.125	149.866898562771
952376	-141.675	65.125	148.406462878401
952377	-141.625	65.125	148.403124788659
952378	-141.575	65.125	148.40174188774
952379	-141.525	65.125	148.399404919176
952380	-141.475	65.125	148.398773224092
952381	-141.425	65.125	148.400572931984
952682	-126.375	65.125	141.09238737587
952683	-126.325	65.125	141.088478462282
952684	-126.275	65.125	141.087140308535
952685	-126.225	65.125	135.182844446558
956506	64.825	65.125	147.840188015992
956507	64.875	65.125	146.996073613761
956514	65.225	65.125	149.694869750344
956515	65.275	65.125	145.201270023809
956967	87.875	65.125	140.654332610969
957009	89.975	65.125	154.013055116457
957384	108.725	65.125	154.977385160761
957385	108.775	65.125	154.983952202679
957386	108.825	65.125	152.492912929875
957388	108.925	65.125	155.000042732082
957389	108.975	65.125	155.004579071503
957391	109.075	65.125	151.52500022147
957392	109.125	65.125	155.017083268453
957393	109.175	65.125	155.036625073923
957700	124.525	65.125	139.015735699254
957701	124.575	65.125	137.781626273327
957702	124.625	65.125	138.229177714667
957703	124.675	65.125	154.270474198932
958246	151.825	65.125	155.126678880229
958247	151.875	65.125	155.110961497995
958650	-153.975	65.075	145.703480646147
958651	-153.925	65.075	141.457268453477
958652	-153.875	65.075	132.644931234385
958653	-153.825	65.075	149.961713874446
958654	-153.775	65.075	149.958305055864
958655	-153.725	65.075	149.955657456559
958901	-141.425	65.075	135.680372808228
958902	-141.375	65.075	148.398570077048
959205	-126.225	65.075	141.085549795942
959206	-126.175	65.075	141.080604459988
963027	64.875	65.075	146.20974060555
963028	64.925	65.075	147.886328948232
963034	65.225	65.075	145.169156980675
963487	87.875	65.075	140.612699437843
963529	89.975	65.075	153.984176541897
963530	90.025	65.075	153.975115393785
963531	90.075	65.075	153.970205331993
963532	90.125	65.075	153.966174984086
963533	90.175	65.075	153.962235152195
963906	108.825	65.075	154.985940638977
963907	108.875	65.075	154.982422421087
963908	108.925	65.075	154.999461783132
963913	109.175	65.075	150.001243033978
963914	109.225	65.075	155.050331218936
964223	124.675	65.075	138.151055079223
964224	124.725	65.075	154.234539093743
964225	124.775	65.075	154.205855379687
964767	151.875	65.075	141.753091738058
964768	151.925	65.075	155.116608384238
964769	151.975	65.075	155.109731871715
965167	-154.125	65.025	147.851179705903
965168	-154.075	65.025	149.975073903284
965169	-154.025	65.025	149.971866373993
965170	-153.975	65.025	149.970873674471
965422	-141.375	65.025	148.388766041227
965423	-141.325	65.025	148.396512903047
965726	-126.175	65.025	141.08047316237
965727	-126.125	65.025	141.077505206635
965728	-126.075	65.025	135.683842969924
969548	64.925	65.025	148.019122583057
969549	64.975	65.025	147.910160914767
969550	65.025	65.025	146.319253836652
969554	65.225	65.025	148.691534215178
969555	65.275	65.025	145.162718387269
969556	65.325	65.025	145.13639953206
969561	65.575	65.025	144.958745533176
969562	65.625	65.025	144.953209600036
970006	87.825	65.025	144.200391722213
970007	87.875	65.025	140.59450840361
970053	90.175	65.025	157.123543177742
970054	90.225	65.025	153.956546089297
970434	109.225	65.025	154.297171850515
970435	109.275	65.025	154.301781509072
970436	109.325	65.025	154.306678699455
970437	109.375	65.025	154.360413007567
970745	124.775	65.025	154.19043430711
970746	124.825	65.025	154.155809327337
971289	151.975	65.025	155.108408428955
971290	152.025	65.025	155.106500716295
971681	-154.425	64.975	145.951433136635
971682	-154.375	64.975	149.724628295994
971683	-154.325	64.975	141.178876870836
971684	-154.275	64.975	149.714685717774
971685	-154.225	64.975	149.974622549416
971686	-154.175	64.975	149.972536759448
971687	-154.125	64.975	149.970384611114
971942	-141.375	64.975	148.335112411916
971945	-141.225	64.975	148.322692581242
971946	-141.175	64.975	148.318912420899
972248	-126.075	64.975	141.077385906701
972249	-126.025	64.975	134.968286884922
976069	64.975	64.975	153.030299791307
976076	65.325	64.975	150.457954225966
976077	65.375	64.975	145.013541345278
976078	65.425	64.975	144.99857483753
976079	65.475	64.975	147.742366104721
976080	65.525	64.975	150.591807549333
976081	65.575	64.975	150.52450362668
976082	65.625	64.975	150.609787104529
976083	65.675	64.975	144.947614468333
976526	87.825	64.975	140.560151503931
976574	90.225	64.975	155.364756354429
976575	90.275	64.975	153.940771366548
976957	109.375	64.975	154.36445926842
976958	109.425	64.975	154.369291611411
976959	109.475	64.975	154.368967163218
977266	124.825	64.975	154.111989915127
977267	124.875	64.975	154.086908167738
977810	152.025	64.975	155.105953835111
977811	152.075	64.975	155.104313658314
977812	152.125	64.975	155.104967914025
977813	152.175	64.975	155.100722303144
977814	152.225	64.975	140.271040244501
978194	-154.775	64.925	149.739682105453
978195	-154.725	64.925	149.738557681345
978196	-154.675	64.925	149.736890300672
978197	-154.625	64.925	149.739102326109
978198	-154.575	64.925	149.737655204465
978199	-154.525	64.925	149.734647603141
978200	-154.475	64.925	149.730007285666
978201	-154.425	64.925	149.726978577126
978462	-141.375	64.925	148.333296357472
978463	-141.325	64.925	148.329598949459
978464	-141.275	64.925	148.322977176609
978465	-141.225	64.925	133.100985325723
978466	-141.175	64.925	148.317892602761
978769	-126.025	64.925	141.074901142662
978770	-125.975	64.925	141.072047382302
978771	-125.925	64.925	141.07082651902
978772	-125.875	64.925	141.052436811467
978773	-125.825	64.925	141.051725622035
978774	-125.775	64.925	141.050636513177
978775	-125.725	64.925	141.051568729743
982589	64.975	64.925	146.99851491471
982590	65.025	64.925	153.103761852932
982601	65.575	64.925	144.812209335459
982602	65.625	64.925	144.821225338489
982603	65.675	64.925	144.841589500757
983046	87.825	64.925	140.510438427014
983095	90.275	64.925	153.91740427888
983479	109.475	64.925	154.375085660299
983787	124.875	64.925	141.815005165356
983788	124.925	64.925	154.080355658239
983789	124.975	64.925	154.036318465455
984334	152.225	64.925	155.101931056527
984335	152.275	64.925	155.096886341011
984651	-157.925	64.875	141.67853292695
984652	-157.875	64.875	150.188242532157
984653	-157.825	64.875	150.180313988985
984654	-157.775	64.875	150.179738497115
984655	-157.725	64.875	150.176827981074
984656	-157.675	64.875	150.171526865934
984657	-157.625	64.875	149.89511448898
984658	-157.575	64.875	149.891766889515
984659	-157.525	64.875	149.886941280811
984705	-155.225	64.875	143.882717025384
984706	-155.175	64.875	149.751262796036
984707	-155.125	64.875	149.747254987344
984708	-155.075	64.875	149.75021287454
984709	-155.025	64.875	149.748934792343
984710	-154.975	64.875	149.746825220403
984711	-154.925	64.875	149.744603041488
984712	-154.875	64.875	129.465638139128
984713	-154.825	64.875	132.76953963446
984714	-154.775	64.875	138.517229366795
984986	-141.175	64.875	148.315679095827
984987	-141.125	64.875	148.312664950225
984988	-141.075	64.875	148.311580241865
985295	-125.725	64.875	137.724546045688
985296	-125.675	64.875	141.049798005828
985297	-125.625	64.875	141.048689540814
985298	-125.575	64.875	141.904973299701
985299	-125.525	64.875	141.902914795071
985300	-125.475	64.875	141.901785673121
985301	-125.425	64.875	141.899251244703
985302	-125.375	64.875	141.898025605018
985303	-125.325	64.875	141.89652833864
985304	-125.275	64.875	141.894878841656
985305	-125.225	64.875	141.892631402458
985306	-125.175	64.875	141.890779651777
985307	-125.125	64.875	141.888569683235
989110	65.025	64.875	149.445722667203
989111	65.075	64.875	152.92324934364
989112	65.125	64.875	152.953071834207
989113	65.175	64.875	152.966094414585
989114	65.225	64.875	153.01647936326
989115	65.275	64.875	152.967663932223
989120	65.525	64.875	144.791553088712
989121	65.575	64.875	144.801557026759
989566	87.825	64.875	140.490114952045
989615	90.275	64.875	153.89122310327
989616	90.325	64.875	153.861755204791
989999	109.475	64.875	154.368295575769
990309	124.975	64.875	137.914485063378
990310	125.025	64.875	139.210328525719
990311	125.075	64.875	154.014477947017
990855	152.275	64.875	144.114781258854
990856	152.325	64.875	155.090881395205
990857	152.375	64.875	155.083512034764
991170	-157.975	64.825	142.032382126142
991171	-157.925	64.825	150.197709748036
991179	-157.525	64.825	133.056898919073
991180	-157.475	64.825	149.884462609992
991181	-157.425	64.825	149.863415070366
991221	-155.425	64.825	143.047444972141
991222	-155.375	64.825	139.890017016208
991223	-155.325	64.825	149.746554307661
991224	-155.275	64.825	149.753884731321
991225	-155.225	64.825	149.752845012549
991506	-141.175	64.825	148.307280501122
991507	-141.125	64.825	148.312233214008
991827	-125.125	64.825	141.887394922766
995634	65.225	64.825	150.818285507867
995635	65.275	64.825	147.273759924055
995640	65.525	64.825	144.788133856853
995641	65.575	64.825	144.771562583995
996085	87.775	64.825	143.781613210643
996086	87.825	64.825	140.463533103193
996136	90.325	64.825	156.352720998505
996137	90.375	64.825	153.858395383933
996138	90.425	64.825	157.03910807887
996517	109.375	64.825	154.384810604151
996518	109.425	64.825	154.371909121916
996519	109.475	64.825	154.370574385355
996831	125.075	64.825	139.178407135047
996832	125.125	64.825	137.93102800133
996833	125.175	64.825	137.684736215756
997377	152.375	64.825	140.306210440128
997378	152.425	64.825	140.903461703349
997379	152.475	64.825	155.072726066227
997380	152.525	64.825	155.063913470759
997381	152.575	64.825	155.062454547554
997382	152.625	64.825	155.061348814177
997383	152.675	64.825	155.060208048321
997384	152.725	64.825	155.069613759052
997385	152.775	64.825	140.185570323043
997386	152.825	64.825	140.548087505628
997387	152.875	64.825	146.682985085519
997388	152.925	64.825	146.697591820163
997689	-158.025	64.775	143.265552331094
997690	-157.975	64.775	150.203818040637
997701	-157.425	64.775	139.004675512309
997702	-157.375	64.775	138.062844494971
997703	-157.325	64.775	136.825140534608
997704	-157.275	64.775	149.853418998494
997705	-157.225	64.775	149.843642314779
997706	-157.175	64.775	138.667126902553
997707	-157.125	64.775	138.756812149206
997708	-157.075	64.775	135.909907986327
997709	-157.025	64.775	149.822806702516
997733	-155.825	64.775	142.354757003751
997734	-155.775	64.775	149.754249848171
997735	-155.725	64.775	149.750841872559
997736	-155.675	64.775	149.750091903443
997740	-155.475	64.775	149.738723551277
997741	-155.425	64.775	149.752055984838
998026	-141.175	64.775	148.306665193183
998027	-141.125	64.775	148.310068344399
998028	-141.075	64.775	148.308208571073
998029	-141.025	64.775	148.306811846809
998347	-125.125	64.775	141.88661808606
998348	-125.075	64.775	132.247443613273
1002154	65.225	64.775	150.41701465236
1002160	65.525	64.775	144.758300493692
1002161	65.575	64.775	144.768246795713
1002604	87.725	64.775	144.286679898723
1002605	87.775	64.775	140.432879493578
1002658	90.425	64.775	153.839041680843
1002659	90.475	64.775	153.828562984155
1002660	90.525	64.775	153.822519132007
1002661	90.575	64.775	153.810755205343
1002662	90.625	64.775	153.806607159207
1002663	90.675	64.775	153.801496361546
1003036	109.325	64.775	154.399400483395
1003037	109.375	64.775	154.386818019624
1003353	125.175	64.775	138.202764481493
1003354	125.225	64.775	138.235779789391
1003355	125.275	64.775	138.261235154848
1003356	125.325	64.775	138.012771322146
1003357	125.375	64.775	136.73626063501
1003358	125.425	64.775	153.918553086474
1003908	152.925	64.775	155.059373468717
1003909	152.975	64.775	155.057995421108
1004207	-158.125	64.725	150.208453698674
1004208	-158.075	64.725	150.202870729207
1004209	-158.025	64.725	150.201263844507
1004224	-157.275	64.725	143.48236802251
1004225	-157.225	64.725	138.474804708065
1004229	-157.025	64.725	136.533928966128
1004230	-156.975	64.725	149.809936413404
1004231	-156.925	64.725	149.796186626307
1004232	-156.875	64.725	149.789244667948
1004233	-156.825	64.725	149.784688453895
1004234	-156.775	64.725	149.781093503363
1004244	-156.275	64.725	142.523909645865
1004245	-156.225	64.725	149.733352027978
1004246	-156.175	64.725	149.729289998381
1004247	-156.125	64.725	149.725997262759
1004248	-156.075	64.725	149.760975617669
1004249	-156.025	64.725	149.75954009239
1004250	-155.975	64.725	149.758154271619
1004251	-155.925	64.725	149.754198014877
1004252	-155.875	64.725	149.751771920567
1004253	-155.825	64.725	149.756310497295
1004256	-155.675	64.725	138.215073409337
1004257	-155.625	64.725	149.748918512754
1004258	-155.575	64.725	149.744513278103
1004259	-155.525	64.725	149.743188880713
1004260	-155.475	64.725	149.74182050144
1004549	-141.025	64.725	148.310129840976
1004868	-125.075	64.725	141.87553952852
1004869	-125.025	64.725	133.335833328853
1004870	-124.975	64.725	133.933498121284
1008674	65.225	64.725	150.201328265532
1008680	65.525	64.725	144.751272915596
1009122	87.625	64.725	144.076527443443
1009123	87.675	64.725	140.381715646317
1009124	87.725	64.725	140.410929301023
1009183	90.675	64.725	154.13111670471
1009184	90.725	64.725	153.715446299194
1009185	90.775	64.725	153.701946816108
1009186	90.825	64.725	153.698715910071
1009556	109.325	64.725	154.404214163637
1009878	125.425	64.725	136.218056816046
1009879	125.475	64.725	153.897640180903
1010429	152.975	64.725	145.599873661667
1010430	153.025	64.725	138.65433844341
1010431	153.075	64.725	155.055848268715
1010441	153.575	64.725	144.098114217927
1010442	153.625	64.725	155.064989012129
1010443	153.675	64.725	155.060400399703
1010444	153.725	64.725	155.058165397642
1010445	153.775	64.725	155.056490948868
1010446	153.825	64.725	144.323105893103
1010447	153.875	64.725	140.697532341422
1010448	153.925	64.725	143.1804573242
1010449	153.975	64.725	155.100999143208
1010450	154.025	64.725	151.032007650647
1010726	-158.175	64.675	150.221156281317
1010727	-158.125	64.675	150.219641245516
1010754	-156.775	64.675	149.777311967554
1010755	-156.725	64.675	138.771568591727
1010757	-156.625	64.675	140.058751108789
1010758	-156.575	64.675	149.747483422474
1010759	-156.525	64.675	149.74338157931
1010760	-156.475	64.675	149.741059889074
1010761	-156.425	64.675	149.737811435374
1010762	-156.375	64.675	149.738498512154
1010763	-156.325	64.675	149.737420308603
1010764	-156.275	64.675	149.735498558979
1011069	-141.025	64.675	148.308181670686
1011070	-140.975	64.675	148.307513997477
1011071	-140.925	64.675	148.307250048963
1011072	-140.875	64.675	148.306510934152
1011390	-124.975	64.675	141.870792367247
1011391	-124.925	64.675	141.870045848312
1011392	-124.875	64.675	141.868121781511
1015194	65.225	64.675	149.830147047619
1015195	65.275	64.675	149.418270356098
1015200	65.525	64.675	144.736455488261
1015201	65.575	64.675	144.718658992505
1015202	65.625	64.675	144.712908007528
1015203	65.675	64.675	144.709809889856
1015641	87.575	64.675	140.35740665871
1015642	87.625	64.675	140.361667403619
1015706	90.825	64.675	154.990962292017
1015707	90.875	64.675	153.692680490202
1016076	109.325	64.675	154.434520813239
1016077	109.375	64.675	154.439271860966
1016078	109.425	64.675	154.4555905601
1016079	109.475	64.675	150.084898553186
1016399	125.475	64.675	135.741691444716
1016400	125.525	64.675	153.864715489059
1016951	153.075	64.675	144.621872713808
1016952	153.125	64.675	147.996161079772
1016953	153.175	64.675	147.966248526677
1016954	153.225	64.675	155.079695811558
1016955	153.275	64.675	155.0790411728
1016956	153.325	64.675	155.075606935345
1016959	153.475	64.675	146.790863840557
1016960	153.525	64.675	155.065566852735
1016961	153.575	64.675	155.062453305371
1016970	154.025	64.675	155.616544337219
1017244	-158.275	64.625	150.233759283767
1017245	-158.225	64.625	139.241352989288
1017246	-158.175	64.625	136.278458356972
1017275	-156.725	64.625	149.751044285891
1017276	-156.675	64.625	149.750264741376
1017277	-156.625	64.625	149.749286321505
1017592	-140.875	64.625	148.306389877633
1017593	-140.825	64.625	148.30352988347
1017594	-140.775	64.625	148.30397852604
1017595	-140.725	64.625	148.304044346391
1017596	-140.675	64.625	131.847188777908
1017911	-124.925	64.625	141.867610472216
1017912	-124.875	64.625	141.865209987413
1021714	65.225	64.625	149.598577242098
1021715	65.275	64.625	146.394390641657
1021723	65.675	64.625	148.249102338053
1021724	65.725	64.625	144.691967687784
1021725	65.775	64.625	144.683095120616
1022160	87.525	64.625	145.240793425483
1022161	87.575	64.625	140.342300150907
1022227	90.875	64.625	153.677844086873
1022228	90.925	64.625	153.666809216549
1022599	109.475	64.625	154.465446176736
1022600	109.525	64.625	154.471629806308
1022601	109.575	64.625	154.472527894195
1022602	109.625	64.625	154.48246237522
1022920	125.525	64.625	153.835989994048
1022921	125.575	64.625	135.095874703148
1023476	153.325	64.625	146.430013637485
1023477	153.375	64.625	144.708242143532
1023478	153.425	64.625	155.071471140423
1023479	153.475	64.625	155.067667510957
1023480	153.525	64.625	155.066748440182
1023490	154.025	64.625	155.600400771664
1023491	154.075	64.625	147.046441226603
1023762	-158.375	64.575	150.23943436797
1023763	-158.325	64.575	150.234896250742
1023764	-158.275	64.575	138.006632761037
1024116	-140.675	64.575	148.303656691214
1024117	-140.625	64.575	148.289690285593
1024118	-140.575	64.575	134.163726083523
1024431	-124.925	64.575	141.864729737351
1024432	-124.875	64.575	140.452165543641
1028235	65.275	64.575	147.679591596681
1028236	65.325	64.575	147.995931125142
1028237	65.375	64.575	149.553688762021
1028243	65.675	64.575	144.646464420065
1028244	65.725	64.575	144.656512930065
1028245	65.775	64.575	144.673300049084
1028680	87.525	64.575	147.473991769379
1028748	90.925	64.575	153.660728468971
1028749	90.975	64.575	153.647668787513
1028750	91.025	64.575	153.643555782254
1028751	91.075	64.575	154.384707693319
1029120	109.525	64.575	154.506331940245
1029121	109.575	64.575	154.482703361514
1029122	109.625	64.575	154.477373949961
1029441	125.575	64.575	153.870620751942
1029442	125.625	64.575	153.843317538357
1029443	125.675	64.575	153.825142547154
1029444	125.725	64.575	153.807277478113
1030011	154.075	64.575	155.600768996158
1030281	-158.425	64.525	150.241298019325
1030282	-158.375	64.525	138.835212851116
1030638	-140.575	64.525	148.287410496496
1030639	-140.525	64.525	148.284721399343
1030640	-140.475	64.525	148.284662995459
1030641	-140.425	64.525	148.283501212714
1030951	-124.925	64.525	141.866505185845
1034757	65.375	64.525	148.254799169988
1034758	65.425	64.525	150.010071797563
1034763	65.675	64.525	144.630373859158
1034764	65.725	64.525	144.61128601689
1034765	65.775	64.525	144.60303196569
1035199	87.475	64.525	146.344208158584
1035200	87.525	64.525	144.881465185504
1035271	91.075	64.525	153.637678712807
1035272	91.125	64.525	153.611294236596
1035273	91.175	64.525	153.607483565806
1035274	91.225	64.525	153.591887223263
1035275	91.275	64.525	157.02192150056
1035636	109.325	64.525	147.287206672379
1035637	109.375	64.525	154.521218507757
1035638	109.425	64.525	154.502025978811
1035639	109.475	64.525	154.508108326061
1035640	109.525	64.525	154.504052372938
1035964	125.725	64.525	135.067763167789
1035965	125.775	64.525	137.208698895089
1035966	125.825	64.525	135.424700520184
1035967	125.875	64.525	135.380408365174
1035968	125.925	64.525	135.249083507425
1035969	125.975	64.525	153.782369807064
1036531	154.075	64.525	155.594962981351
1036799	-158.525	64.475	144.958997373517
1036800	-158.475	64.475	150.245973545718
1036801	-158.425	64.475	138.222496176491
1037160	-140.475	64.475	148.270079844605
1037161	-140.425	64.475	148.282758808139
1037471	-124.925	64.475	141.860330925366
1037472	-124.875	64.475	141.857855685567
1037473	-124.825	64.475	141.856012938743
1037474	-124.775	64.475	141.855306519384
1041277	65.375	64.475	150.011739182098
1041278	65.425	64.475	149.546978122974
1041285	65.775	64.475	147.430521808118
1041286	65.825	64.475	144.594859004028
1041287	65.875	64.475	144.57489576067
1041719	87.475	64.475	144.714239430009
1041720	87.525	64.475	140.272209831685
1041795	91.275	64.475	153.575984358158
1041796	91.325	64.475	153.572907392319
1041797	91.375	64.475	153.563280138297
1041798	91.425	64.475	153.558217189956
1041799	91.475	64.475	153.55175384373
1041800	91.525	64.475	153.547934148213
1041801	91.575	64.475	153.544292163721
1041802	91.625	64.475	153.536740052363
1041803	91.675	64.475	153.533522001068
1041804	91.725	64.475	153.529079679861
1041805	91.775	64.475	153.524338076022
1041806	91.825	64.475	152.501688079707
1042156	109.325	64.475	154.508405528029
1042157	109.375	64.475	148.163071753572
1042489	125.975	64.475	135.461043222795
1042490	126.025	64.475	153.756709667463
1042491	126.075	64.475	153.722181639264
1043051	154.075	64.475	155.591078804782
1043052	154.125	64.475	155.616827586178
1043317	-158.625	64.425	144.799616995498
1043318	-158.575	64.425	142.698593172661
1043319	-158.525	64.425	150.256161461076
1043679	-140.525	64.425	148.270107674153
1043680	-140.475	64.425	134.615265699472
1043994	-124.775	64.425	141.854716008154
1047797	65.375	64.425	149.738856721895
1047807	65.875	64.425	144.571743409795
1048240	87.525	64.425	140.252400891033
1048326	91.825	64.425	153.518819047926
1048327	91.875	64.425	153.499491317824
1048328	91.925	64.425	153.490458191186
1048329	91.975	64.425	153.485627902444
1048330	92.025	64.425	153.476411303802
1048337	92.375	64.425	154.376891135357
1048338	92.425	64.425	153.40926140489
1048339	92.475	64.425	153.398841514029
1048340	92.525	64.425	153.39627802345
1048341	92.575	64.425	151.117903442963
1048345	92.775	64.425	156.657118403928
1048346	92.825	64.425	153.275123042826
1048347	92.875	64.425	153.262309720159
1048348	92.925	64.425	153.255430870402
1048349	92.975	64.425	153.248621137001
1048350	93.025	64.425	153.244022521944
1048351	93.075	64.425	153.238470319161
1048677	109.375	64.425	154.511529664988
1048678	109.425	64.425	154.513886886145
1049011	126.075	64.425	135.86988510399
1049012	126.125	64.425	153.708608995397
1049013	126.175	64.425	153.682742038931
1049014	126.225	64.425	153.668613352316
1049015	126.275	64.425	153.657612795612
1049016	126.325	64.425	153.638578620905
1049017	126.375	64.425	153.63021205086
1049572	154.125	64.425	155.614888347928
1049836	-158.675	64.375	150.265121514348
1049837	-158.625	64.375	150.26022831273
1050199	-140.525	64.375	148.585499313421
1050200	-140.475	64.375	148.584282743515
1050201	-140.425	64.375	148.582140932275
1050202	-140.375	64.375	148.581336199245
1050203	-140.325	64.375	148.579109800942
1050204	-140.275	64.375	148.578386976926
1050514	-124.775	64.375	140.891226228281
1050515	-124.725	64.375	140.888018953409
1054317	65.375	64.375	148.716914958522
1054318	65.425	64.375	149.594510579383
1054327	65.875	64.375	144.553227109551
1054328	65.925	64.375	149.422667633701
1054760	87.525	64.375	142.017833583515
1054761	87.575	64.375	140.234145477645
1054850	92.025	64.375	154.002446420038
1054851	92.075	64.375	153.472229120921
1054852	92.125	64.375	153.45881509985
1054856	92.325	64.375	153.422628634562
1054857	92.375	64.375	153.414011939151
1054861	92.575	64.375	153.38635469611
1054862	92.625	64.375	153.375054316666
1054863	92.675	64.375	153.362178804268
1054864	92.725	64.375	153.358078437959
1054865	92.775	64.375	153.353215016468
1054871	93.075	64.375	150.375342065887
1054872	93.125	64.375	153.234381555396
1054873	93.175	64.375	153.215033849217
1054874	93.225	64.375	153.208038846619
1054875	93.275	64.375	151.758831618664
1055197	109.375	64.375	149.277732961308
1055198	109.425	64.375	154.515933360936
1055537	126.375	64.375	135.99336238925
1055538	126.425	64.375	153.625947165549
1055539	126.475	64.375	153.877539668096
1055540	126.525	64.375	153.872578756965
1056092	154.125	64.375	155.607223088813
1056093	154.175	64.375	155.604017513816
1056094	154.225	64.375	155.600555189518
1056095	154.275	64.375	147.99402635453
1056356	-158.675	64.325	140.806885754093
1056724	-140.275	64.325	148.581438112345
1056725	-140.225	64.325	148.577118621551
1056726	-140.175	64.325	148.57659531097
1056727	-140.125	64.325	148.578571325296
1056728	-140.075	64.325	148.577681935524
1056729	-140.025	64.325	148.576408622614
1056730	-139.975	64.325	148.580402531566
1056731	-139.925	64.325	148.578797885813
1056732	-139.875	64.325	148.573575575791
1056733	-139.825	64.325	152.173837532159
1057035	-124.725	64.325	140.885839251312
1057036	-124.675	64.325	140.883175993046
1057037	-124.625	64.325	140.882377626706
1057038	-124.575	64.325	140.881854221773
1060838	65.425	64.325	148.851094679472
1060839	65.475	64.325	149.326110195806
1060848	65.925	64.325	147.044722535819
1060849	65.975	64.325	149.3939091304
1061281	87.575	64.325	140.19898056213
1061372	92.125	64.325	152.857886825746
1061373	92.175	64.325	153.455168976509
1061374	92.225	64.325	153.438693152655
1061375	92.275	64.325	153.434699662515
1061376	92.325	64.325	153.427687403712
1061395	93.275	64.325	153.202693974629
1061396	93.325	64.325	153.185466594181
1061397	93.375	64.325	151.461928113008
1061712	109.125	64.325	154.560723635779
1061713	109.175	64.325	154.546124835868
1061714	109.225	64.325	154.542936638496
1061715	109.275	64.325	148.030269484598
1061716	109.325	64.325	154.522325951969
1061717	109.375	64.325	154.509307804188
1062058	126.425	64.325	134.44696111206
1062060	126.525	64.325	134.187523949327
1062061	126.575	64.325	153.869768424924
1062062	126.625	64.325	143.931566788108
1062615	154.275	64.325	155.607414535505
1062616	154.325	64.325	155.599110112023
1062617	154.375	64.325	139.701176398738
1062618	154.425	64.325	141.62715479862
1062876	-158.675	64.275	150.274380664607
1063251	-139.925	64.275	148.577678988503
1063252	-139.875	64.275	135.268009860215
1063253	-139.825	64.275	148.570654803009
1063254	-139.775	64.275	148.550364995527
1063255	-139.725	64.275	148.549323717395
1063256	-139.675	64.275	135.694537664515
1063257	-139.625	64.275	148.550924201792
1063258	-139.575	64.275	151.879703110255
1063558	-124.575	64.275	150.475989350332
1063559	-124.525	64.275	140.881394512214
1063560	-124.475	64.275	140.586704031315
1067359	65.475	64.275	146.024804681888
1067360	65.525	64.275	144.273941987847
1067367	65.875	64.275	149.229312899218
1067368	65.925	64.275	149.310897061339
1067369	65.975	64.275	145.062875354923
1067801	87.575	64.275	140.178895152168
1067917	93.375	64.275	153.180827597194
1067918	93.425	64.275	153.169559461351
1067919	93.475	64.275	153.164487333944
1067920	93.525	64.275	153.157812576925
1067921	93.575	64.275	150.100941741203
1068053	100.175	64.275	150.326710953403
1068054	100.225	64.275	144.547868176234
1068055	100.275	64.275	144.541627350549
1068056	100.325	64.275	144.53706072329
1068057	100.375	64.275	144.530465880289
1068232	109.125	64.275	154.570835509237
1068578	126.425	64.275	151.672299819902
1068582	126.625	64.275	153.856888325232
1068583	126.675	64.275	143.947197706669
1068584	126.725	64.275	144.014248907879
1068585	126.775	64.275	144.029303988383
1069138	154.425	64.275	155.599076311209
1069139	154.475	64.275	155.597435626243
1069396	-158.675	64.225	150.275779090194
1069778	-139.575	64.225	148.529526745618
1070080	-124.475	64.225	140.585347201852
1070081	-124.425	64.225	140.582943226288
1073878	65.425	64.225	144.239868204852
1073879	65.475	64.225	144.264814698541
1073887	65.875	64.225	149.196938257464
1073888	65.925	64.225	149.115373768508
1073889	65.975	64.225	149.083824016966
1073890	66.025	64.225	149.053800220497
1074320	87.525	64.225	142.374003851991
1074321	87.575	64.225	140.137251101844
1074441	93.575	64.225	153.153161178135
1074442	93.625	64.225	153.136997230703
1074443	93.675	64.225	153.129213128827
1074444	93.725	64.225	153.122003618736
1074445	93.775	64.225	153.113263662111
1074457	94.375	64.225	153.745144270858
1074458	94.425	64.225	150.88809391357
1074459	94.475	64.225	152.284587633845
1074570	100.025	64.225	150.345026899965
1074571	100.075	64.225	150.332685523674
1074572	100.125	64.225	150.330634566642
1074573	100.175	64.225	142.046769683673
1074577	100.375	64.225	144.51601448293
1074578	100.425	64.225	144.502824910784
1074579	100.475	64.225	144.496954201541
1074580	100.525	64.225	140.593342917879
1074598	101.425	64.225	147.911470431656
1074599	101.475	64.225	144.280550142642
1074600	101.525	64.225	144.262784044644
1074601	101.575	64.225	144.247579667501
1074751	109.075	64.225	154.568330228856
1074752	109.125	64.225	154.560870584515
1075097	126.375	64.225	151.609494484361
1075098	126.425	64.225	151.642718414794
1075105	126.775	64.225	134.181787756245
1075106	126.825	64.225	144.02877453693
1075107	126.875	64.225	144.057629862375
1075659	154.475	64.225	155.596227567498
1075916	-158.675	64.175	133.359240352479
1076298	-139.575	64.175	148.529333767245
1076299	-139.525	64.175	148.52663912801
1076601	-124.425	64.175	140.582237172293
1080398	65.425	64.175	147.939735933212
1080410	66.025	64.175	149.045524651942
1080411	66.075	64.175	148.961637470706
1080840	87.525	64.175	140.100144638257
1080965	93.775	64.175	149.450897353033
1080966	93.825	64.175	152.395210721432
1080967	93.875	64.175	152.378034609638
1080968	93.925	64.175	152.195571533164
1080970	94.025	64.175	149.077171223841
1080971	94.075	64.175	152.34472057503
1080972	94.125	64.175	152.33317330775
1080973	94.175	64.175	152.331927787613
1080974	94.225	64.175	152.321234461388
1080975	94.275	64.175	152.31057796909
1080976	94.325	64.175	152.301040746025
1080977	94.375	64.175	152.294770983443
1080979	94.475	64.175	152.273204143278
1080980	94.525	64.175	152.262894463183
1080981	94.575	64.175	152.256597747202
1080982	94.625	64.175	152.248961966946
1080983	94.675	64.175	152.242560507024
1080984	94.725	64.175	152.231248445389
1081053	98.175	64.175	150.402199312106
1081054	98.225	64.175	150.387821151328
1081055	98.275	64.175	150.380827265101
1081056	98.325	64.175	150.376009261351
1081057	98.375	64.175	145.885834425392
1081064	98.725	64.175	152.952007624587
1081065	98.775	64.175	150.309424935453
1081066	98.825	64.175	150.294415839661
1081073	99.175	64.175	150.618462752461
1081074	99.225	64.175	150.101433984345
1081089	99.975	64.175	150.378203827664
1081090	100.025	64.175	142.660320866067
1081100	100.525	64.175	144.491958216468
1081101	100.575	64.175	144.475073467751
1081102	100.625	64.175	144.471321279577
1081103	100.675	64.175	144.463335976772
1081104	100.725	64.175	144.458264369042
1081105	100.775	64.175	144.452361009446
1081106	100.825	64.175	144.446119412228
1081107	100.875	64.175	144.440851461764
1081116	101.325	64.175	144.321507494499
1081117	101.375	64.175	144.30385369192
1081118	101.425	64.175	144.298452481434
1081121	101.575	64.175	144.241147181589
1081122	101.625	64.175	144.224837679411
1081123	101.675	64.175	144.218576698793
1081124	101.725	64.175	144.20988943891
1081125	101.775	64.175	144.200918133572
1081271	109.075	64.175	154.571197326323
1081275	109.275	64.175	154.613801640393
1081276	109.325	64.175	154.61681471271
1081277	109.375	64.175	154.644698727833
1081278	109.425	64.175	148.369685034091
1081279	109.475	64.175	148.364747277807
1081280	109.525	64.175	149.465118686137
1081615	126.275	64.175	133.295562796826
1081616	126.325	64.175	151.565537885603
1081617	126.375	64.175	151.591791583512
1081627	126.875	64.175	144.121481637802
1081628	126.925	64.175	143.890467894534
1082178	154.425	64.175	155.778163847299
1082179	154.475	64.175	155.750875787772
1082180	154.525	64.175	155.740760735392
1082181	154.575	64.175	143.509399480779
1082435	-158.725	64.125	138.367002255031
1082436	-158.675	64.125	150.332563854711
1082819	-139.525	64.125	136.76409908492
1082820	-139.475	64.125	148.533292182126
1082821	-139.425	64.125	134.447252174218
1083121	-124.425	64.125	140.580679577859
1086917	65.375	64.125	143.854890169946
1086918	65.425	64.125	147.873253869705
1086930	66.025	64.125	148.868599134995
1086931	66.075	64.125	148.939830923106
1087360	87.525	64.125	140.093133650121
1087488	93.925	64.125	152.373626114998
1087489	93.975	64.125	152.354163602802
1087490	94.025	64.125	152.349181607994
1087504	94.725	64.125	150.733847533341
1087505	94.775	64.125	152.226291819562
1087506	94.825	64.125	152.20863862658
1087507	94.875	64.125	147.594122825537
1087571	98.075	64.125	150.709453365918
1087572	98.125	64.125	150.4087473125
1087573	98.175	64.125	145.996906870721
1087577	98.375	64.125	150.367778098801
1087578	98.425	64.125	150.351889307684
1087579	98.475	64.125	150.346177928981
1087580	98.525	64.125	150.34009495313
1087581	98.575	64.125	150.334988079248
1087582	98.625	64.125	150.330905573565
1087583	98.675	64.125	150.325987877274
1087584	98.725	64.125	150.320316562107
1087586	98.825	64.125	150.851393647297
1087587	98.875	64.125	150.289018893563
1087588	98.925	64.125	150.274670215164
1087589	98.975	64.125	150.264831548227
1087590	99.025	64.125	150.25490022228
1087591	99.075	64.125	150.247244153658
1087592	99.125	64.125	150.242661523077
1087593	99.175	64.125	150.237064926952
1087594	99.225	64.125	150.230796067204
1087595	99.275	64.125	150.22269748901
1087596	99.325	64.125	150.216705625949
1087597	99.375	64.125	150.211387336562
1087598	99.425	64.125	150.20529710334
1087599	99.475	64.125	150.201886831637
1087600	99.525	64.125	150.196595049315
1087601	99.575	64.125	150.198347745585
1087602	99.625	64.125	150.193670893037
1087603	99.675	64.125	150.186531360404
1087604	99.725	64.125	150.180541115985
1087605	99.775	64.125	150.175473819877
1087606	99.825	64.125	150.171141618635
1087607	99.875	64.125	150.169063047624
1087608	99.925	64.125	150.166812260241
1087609	99.975	64.125	146.655658703322
1087627	100.875	64.125	144.436310554597
1087628	100.925	64.125	144.421231937703
1087629	100.975	64.125	144.416547136537
1087630	101.025	64.125	144.405907832017
1087631	101.075	64.125	144.526314201218
1087634	101.225	64.125	144.349168215614
1087635	101.275	64.125	144.337117119536
1087636	101.325	64.125	144.331290484296
1087645	101.775	64.125	144.196852468957
1087646	101.825	64.125	144.185992059319
1087647	101.875	64.125	144.174402121742
1087661	102.575	64.125	145.022721290439
1087662	102.625	64.125	143.976492501006
1087663	102.675	64.125	143.955913457237
1087664	102.725	64.125	143.948866024365
1087791	109.075	64.125	154.592115419288
1087792	109.125	64.125	154.595185535137
1087793	109.175	64.125	154.599424383703
1087794	109.225	64.125	154.602039649792
1087795	109.275	64.125	154.615062089705
1087800	109.525	64.125	154.652233474593
1087801	109.575	64.125	154.65884637684
1088134	126.225	64.125	151.483675822486
1088135	126.275	64.125	151.552823558088
1088148	126.925	64.125	153.804756620313
1088149	126.975	64.125	153.905359830566
1088150	127.025	64.125	153.893460125173
1088698	154.425	64.125	155.758191210856
1088699	154.475	64.125	155.754374735547
1088700	154.525	64.125	155.733115605169
1088701	154.575	64.125	155.738911003702
1088954	-158.775	64.075	146.496233389504
1088955	-158.725	64.075	150.339266060697
1089341	-139.425	64.075	148.531846025721
1089641	-124.425	64.075	140.576707278181
1093436	65.325	64.075	145.255561134286
1093437	65.375	64.075	147.81912518512
1093449	65.975	64.075	148.801423103166
1093450	66.025	64.075	148.840550118022
1093880	87.525	64.075	139.908279738391
1094027	94.875	64.075	152.199749503437
1094028	94.925	64.075	152.175772211951
1094029	94.975	64.075	152.170832810402
1094030	95.025	64.075	152.160236325689
1094091	98.075	64.075	150.715396395174
1094092	98.125	64.075	150.719915530616
1094093	98.175	64.075	150.737480404742
1094094	98.225	64.075	148.407538589498
1094151	101.075	64.075	144.400621715733
1094152	101.125	64.075	144.366287432562
1094153	101.175	64.075	144.362226078843
1094154	101.225	64.075	144.354530060045
1094167	101.875	64.075	144.16658526064
1094168	101.925	64.075	144.152173877226
1094169	101.975	64.075	144.145998432339
1094170	102.025	64.075	144.140150080982
1094171	102.075	64.075	144.121975691052
1094172	102.125	64.075	144.115290262936
1094173	102.175	64.075	144.105996733501
1094174	102.225	64.075	144.096208933082
1094175	102.275	64.075	144.079669883599
1094180	102.525	64.075	143.986325673735
1094181	102.575	64.075	143.980930348258
1094184	102.725	64.075	142.370152623054
1094185	102.775	64.075	143.941177976721
1094186	102.825	64.075	143.919281378138
1094187	102.875	64.075	143.90218243449
1094188	102.925	64.075	143.895253114655
1094189	102.975	64.075	143.885415830335
1094317	109.375	64.075	145.800628205969
1094318	109.425	64.075	154.22015872723
1094319	109.475	64.075	154.204685734661
1094320	109.525	64.075	154.201944771771
1094321	109.575	64.075	154.196938856648
1094602	123.625	64.075	150.874723510504
1094603	123.675	64.075	150.880168924799
1094604	123.725	64.075	150.886495173633
1094605	123.775	64.075	150.896753573007
1094606	123.825	64.075	150.9040975379
1094607	123.875	64.075	150.926633308843
1094608	123.925	64.075	140.570384699463
1094609	123.975	64.075	140.927072729322
1094610	124.025	64.075	141.81169845031
1094611	124.075	64.075	142.003915264394
1094612	124.125	64.075	141.076396034753
1094613	124.175	64.075	140.937622062736
1094614	124.225	64.075	138.946718932028
1094615	124.275	64.075	138.024782664417
1094616	124.325	64.075	137.910837208895
1094651	126.075	64.075	133.538103896083
1094652	126.125	64.075	151.407842412412
1094653	126.175	64.075	151.421362339319
1094654	126.225	64.075	151.468163340499
1094670	127.025	64.075	132.543593909058
1094671	127.075	64.075	153.883353534759
1094672	127.125	64.075	153.85472222189
1095217	154.375	64.075	142.323567626613
1095218	154.425	64.075	155.757689201152
1095219	154.475	64.075	155.765999078815
1095220	154.525	64.075	150.597886214652
1095472	-158.875	64.025	145.322774546952
1095473	-158.825	64.025	150.311729281451
1095474	-158.775	64.025	150.308366344449
1095857	-139.625	64.025	148.526182467257
1095858	-139.575	64.025	148.527093637773
1095859	-139.525	64.025	148.527450238093
1095860	-139.475	64.025	148.531471598981
1095861	-139.425	64.025	148.484793637043
1096161	-124.425	64.025	140.57406324236
1096162	-124.375	64.025	140.570607747373
1099955	65.275	64.025	147.704691105955
1099956	65.325	64.025	147.762473640127
1099968	65.925	64.025	148.787581322601
1099969	65.975	64.025	146.527361793068
1100400	87.525	64.025	141.794203125321
1100401	87.575	64.025	139.865576631931
1100550	95.025	64.025	153.036785170944
1100551	95.075	64.025	152.151555366804
1100552	95.125	64.025	152.137634599298
1100553	95.175	64.025	152.127452527557
1100554	95.225	64.025	152.121981146007
1100555	95.275	64.025	152.116357830793
1100556	95.325	64.025	152.112808913823
1100557	95.375	64.025	152.108508214708
1100558	95.425	64.025	152.101926260514
1100559	95.475	64.025	152.089224916842
1100560	95.525	64.025	152.084031516298
1100561	95.575	64.025	152.077896934899
1100562	95.625	64.025	151.941181172488
1100613	98.175	64.025	150.756884609715
1100614	98.225	64.025	150.745054583121
1100695	102.275	64.025	144.213152631781
1100696	102.325	64.025	144.055367360095
1100697	102.375	64.025	144.037156189631
1100698	102.425	64.025	144.023749196493
1100699	102.475	64.025	144.016025903533
1100700	102.525	64.025	145.574609625573
1100709	102.975	64.025	143.879343331337
1100710	103.025	64.025	143.860296983474
1100711	103.075	64.025	143.804959834387
1100837	109.375	64.025	154.171258400559
1101118	123.425	64.025	150.856242376195
1101119	123.475	64.025	150.859064344158
1101120	123.525	64.025	150.861423931087
1101121	123.575	64.025	150.872228235446
1101122	123.625	64.025	138.352053485323
1101136	124.325	64.025	150.809029011553
1101137	124.375	64.025	150.817212560592
1101138	124.425	64.025	150.794159417048
1101139	124.475	64.025	150.802767494458
1101140	124.525	64.025	150.806280384939
1101141	124.575	64.025	150.816650474359
1101142	124.625	64.025	150.820052895361
1101170	126.025	64.025	151.336299552202
1101171	126.075	64.025	151.39197447254
1101192	127.125	64.025	153.844610312185
1101193	127.175	64.025	153.81640799852
1101194	127.225	64.025	141.515699405882
1101735	154.275	64.025	142.385104396664
1101736	154.325	64.025	155.753107595948
1101737	154.375	64.025	155.757529178949
1101990	-158.975	63.975	145.658471112251
1101991	-158.925	63.975	150.318199600986
1101992	-158.875	63.975	150.314926599593
1102376	-139.675	63.975	148.53770165856
1102377	-139.625	63.975	134.940536121442
1102682	-124.375	63.975	140.569769939578
1102683	-124.325	63.975	140.54794862751
1102684	-124.275	63.975	140.547322702332
1102685	-124.225	63.975	140.547680177321
1102686	-124.175	63.975	132.871896545129
1106472	65.125	63.975	147.590283161418
1106473	65.175	63.975	147.614374203
1106474	65.225	63.975	147.639679220968
1106475	65.275	63.975	147.687471116189
1106488	65.925	63.975	148.69736868422
1106921	87.575	63.975	139.846599476528
1107082	95.625	63.975	144.723738908079
1107083	95.675	63.975	151.937805601996
1107084	95.725	63.975	151.921577865379
1107132	98.125	63.975	150.774427234857
1107133	98.175	63.975	150.761915394795
1107231	103.075	63.975	143.799765319654
1107232	103.125	63.975	143.772618494828
1107357	109.375	63.975	154.133215468424
1107358	109.425	63.975	154.130498432783
1107359	109.475	63.975	146.770852761388
1107635	123.275	63.975	150.855034694179
1107636	123.325	63.975	150.867934196272
1107637	123.375	63.975	150.880780859361
1107638	123.425	63.975	138.747595163122
1107662	124.625	63.975	150.849589975664
1107663	124.675	63.975	150.872602622899
1107664	124.725	63.975	150.881878038997
1107665	124.775	63.975	150.887032974588
1107666	124.825	63.975	150.859620544736
1107667	124.875	63.975	140.558180713477
1107688	125.925	63.975	151.273058816898
1107689	125.975	63.975	151.321492819211
1107690	126.025	63.975	133.446953534534
1107714	127.225	63.975	153.821777615801
1107715	127.275	63.975	153.779520485462
1107716	127.325	63.975	153.769287978521
1108252	154.125	63.975	156.119989700029
1108253	154.175	63.975	156.122620292897
1108254	154.225	63.975	155.732952312599
1108255	154.275	63.975	155.748481379585
1108507	-159.125	63.925	141.496334300678
1108508	-159.075	63.925	136.159954290683
1108509	-159.025	63.925	150.33409067324
1108510	-158.975	63.925	150.322421004232
1108895	-139.725	63.925	148.537559674673
1108896	-139.675	63.925	135.941427509812
1109206	-124.175	63.925	140.544835889408
1109207	-124.125	63.925	140.51744285664
1112991	65.075	63.925	147.564418248233
1112992	65.125	63.925	145.442333016637
1113007	65.875	63.925	148.552208019861
1113008	65.925	63.925	148.622940217725
1113440	87.525	63.925	139.794460106496
1113441	87.575	63.925	139.82983043463
1113604	95.725	63.925	149.994796087127
1113605	95.775	63.925	151.917014350488
1113606	95.825	63.925	151.904001524002
1113607	95.875	63.925	151.899446908034
1113648	97.925	63.925	150.813991629172
1113649	97.975	63.925	150.798096670091
1113650	98.025	63.925	150.790822177425
1113651	98.075	63.925	150.778049576858
1113652	98.125	63.925	150.275121082211
1113752	103.125	63.925	143.753861273787
1113753	103.175	63.925	143.717453598786
1113754	103.225	63.925	143.710830492916
1113755	103.275	63.925	143.697472874345
1113879	109.475	63.925	146.965474038165
1114145	122.775	63.925	150.800376405356
1114146	122.825	63.925	150.807896058382
1114147	122.875	63.925	150.80951338403
1114148	122.925	63.925	150.821847963152
1114149	122.975	63.925	141.925627032192
1114150	123.025	63.925	141.994171471157
1114151	123.075	63.925	139.637457237631
1114152	123.125	63.925	150.855522318227
1114153	123.175	63.925	150.834260984901
1114154	123.225	63.925	150.847281661083
1114155	123.275	63.925	141.184070948504
1114187	124.875	63.925	150.860074446454
1114188	124.925	63.925	150.873315379257
1114189	124.975	63.925	150.887723400709
1114190	125.025	63.925	150.898333282524
1114191	125.075	63.925	150.926733681646
1114200	125.525	63.925	151.143382128658
1114201	125.575	63.925	151.150739192479
1114202	125.625	63.925	151.171551994174
1114203	125.675	63.925	151.156545528404
1114204	125.725	63.925	151.166500489231
1114205	125.775	63.925	151.192627475526
1114206	125.825	63.925	151.217130101086
1114207	125.875	63.925	151.260483873571
1114208	125.925	63.925	132.166801452373
1114236	127.325	63.925	135.145903398111
1114237	127.375	63.925	131.567615772414
1114238	127.425	63.925	153.754532296649
1114239	127.475	63.925	131.528469400511
1114769	153.975	63.925	156.1492812025
1114770	154.025	63.925	156.150838355135
1114771	154.075	63.925	156.154858616956
1114772	154.125	63.925	147.81505231336
1115026	-159.175	63.875	150.356861545658
1115027	-159.125	63.875	150.351371770818
1115415	-139.725	63.875	148.539119217322
1115727	-124.125	63.875	140.516263058485
1115728	-124.075	63.875	140.514267149445
1115729	-124.025	63.875	140.51382630627
1119509	64.975	63.875	145.254874438998
1119510	65.025	63.875	147.551415371896
1119511	65.075	63.875	147.586263775625
1119528	65.925	63.875	148.425476138803
1119529	65.975	63.875	148.400596163532
1119959	87.475	63.875	138.833474994461
1119960	87.525	63.875	139.768171146058
1120127	95.875	63.875	146.730513835895
1120128	95.925	63.875	151.896512330325
1120129	95.975	63.875	151.88071102375
1120130	96.025	63.875	151.867112312675
1120131	96.075	63.875	151.859771505427
1120132	96.125	63.875	151.850139275173
1120133	96.175	63.875	151.844631764867
1120134	96.225	63.875	151.819431485907
1120135	96.275	63.875	151.814722084957
1120136	96.325	63.875	151.808426771486
1120137	96.375	63.875	151.799021668479
1120166	97.825	63.875	152.339138443671
1120167	97.875	63.875	150.819218702971
1120168	97.925	63.875	142.894807344696
1120275	103.275	63.875	138.680459654793
1120276	103.325	63.875	143.692066073899
1120277	103.375	63.875	143.67632326547
1120399	109.475	63.875	154.143939749641
1120400	109.525	63.875	154.156150512146
1120401	109.575	63.875	154.17383116344
1120646	121.825	63.875	150.685447502354
1120647	121.875	63.875	150.690851560679
1120648	121.925	63.875	150.701061616006
1120649	121.975	63.875	150.704889113054
1120650	122.025	63.875	150.713645759309
1120651	122.075	63.875	150.716165236708
1120652	122.125	63.875	150.720694533021
1120653	122.175	63.875	150.731310968463
1120654	122.225	63.875	150.739749852624
1120655	122.275	63.875	150.747953603424
1120656	122.325	63.875	150.75578700443
1120657	122.375	63.875	150.754511619352
1120658	122.425	63.875	150.770561737592
1120659	122.475	63.875	150.780928112944
1120660	122.525	63.875	137.681742898261
1120661	122.575	63.875	150.798416897515
1120662	122.625	63.875	150.807121600749
1120663	122.675	63.875	150.786025539078
1120664	122.725	63.875	137.364936635265
1120665	122.775	63.875	139.909451803388
1120711	125.075	63.875	140.636299806523
1120712	125.125	63.875	150.943085523555
1120713	125.175	63.875	150.976732109679
1120714	125.225	63.875	150.995523112319
1120715	125.275	63.875	151.014026686231
1120716	125.325	63.875	151.030284394569
1120717	125.375	63.875	151.05621341292
1120718	125.425	63.875	132.702691668734
1120719	125.475	63.875	151.131561783934
1120720	125.525	63.875	132.40576878306
1120759	127.475	63.875	153.723721077629
1120760	127.525	63.875	153.693675799252
1120761	127.575	63.875	153.689123211076
1120762	127.625	63.875	153.682662387946
1120763	127.675	63.875	153.67775158568
1120764	127.725	63.875	153.665319924752
1121280	153.525	63.875	147.640407655202
1121281	153.575	63.875	156.097658251971
1121282	153.625	63.875	156.097729852849
1121283	153.675	63.875	156.107482553594
1121284	153.725	63.875	156.111727243384
1121285	153.775	63.875	156.117772732037
1121286	153.825	63.875	156.120809341792
1121287	153.875	63.875	156.134998204277
1121288	153.925	63.875	143.569317377081
1121289	153.975	63.875	143.463864453468
1121545	-159.225	63.825	150.361645350649
1121546	-159.175	63.825	141.790910040261
1121935	-139.725	63.825	148.535652667693
1122249	-124.025	63.825	140.512628396072
1122250	-123.975	63.825	135.890527190163
1126027	64.875	63.825	147.478125046558
1126028	64.925	63.825	147.498021239869
1126029	64.975	63.825	147.539337399859
1126048	65.925	63.825	145.507958209685
1126049	65.975	63.825	148.381448431528
1126478	87.425	63.825	140.459865261214
1126479	87.475	63.825	139.745501882373
1126657	96.375	63.825	143.748979584078
1126658	96.425	63.825	151.794816970336
1126666	96.825	63.825	151.840370260083
1126667	96.875	63.825	151.825333700443
1126668	96.925	63.825	151.819221744969
1126669	96.975	63.825	151.812280306033
1126670	97.025	63.825	151.805584139041
1126671	97.075	63.825	151.794630443561
1126672	97.125	63.825	151.783416403917
1126673	97.175	63.825	151.754601620879
1126674	97.225	63.825	151.749542108475
1126675	97.275	63.825	151.743662867757
1126676	97.325	63.825	151.780948194467
1126687	97.875	63.825	152.343473130658
1126688	97.925	63.825	152.348670824185
1126689	97.975	63.825	152.352270298244
1126690	98.025	63.825	152.364697242457
1126797	103.375	63.825	141.570434495825
1126798	103.425	63.825	143.664345816198
1126799	103.475	63.825	143.622854664775
1126800	103.525	63.825	143.614325771566
1126801	103.575	63.825	143.605319439934
1126919	109.475	63.825	154.126801872657
1126920	109.525	63.825	154.111704526576
1126921	109.575	63.825	154.099872190984
1127164	121.725	63.825	150.679849235832
1127165	121.775	63.825	150.677899223752
1127166	121.825	63.825	136.231419298007
1127284	127.725	63.825	131.100506448861
1127285	127.775	63.825	153.660025698859
1127798	153.425	63.825	146.107132375047
1127799	153.475	63.825	146.099312321848
1127800	153.525	63.825	156.096250660991
1128063	-159.325	63.775	150.361182629446
1128064	-159.275	63.775	150.356052128421
1128065	-159.225	63.775	150.35416208997
1128455	-139.725	63.775	148.594069241234
1128770	-123.975	63.775	140.507860345354
1132546	64.825	63.775	147.417501410568
1132547	64.875	63.775	147.466201621653
1132565	65.775	63.775	146.346940587475
1132566	65.825	63.775	146.237434482215
1132567	65.875	63.775	146.08425938559
1132568	65.925	63.775	144.883783227083
1132996	87.325	63.775	141.0599817167
1132997	87.375	63.775	139.695998913601
1132998	87.425	63.775	139.72148394366
1133178	96.425	63.775	145.647367637704
1133179	96.475	63.775	151.782093690427
1133180	96.525	63.775	151.898609781565
1133181	96.575	63.775	151.893855489096
1133182	96.625	63.775	151.885249636039
1133183	96.675	63.775	151.877586517361
1133184	96.725	63.775	151.869895974695
1133185	96.775	63.775	148.082824364837
1133186	96.825	63.775	149.231308622029
1133196	97.325	63.775	148.354834115548
1133197	97.375	63.775	151.775451406275
1133198	97.425	63.775	151.763249872685
1133199	97.475	63.775	151.757599052017
1133200	97.525	63.775	151.743448306931
1133201	97.575	63.775	151.73455323149
1133202	97.625	63.775	151.726830682642
1133203	97.675	63.775	151.718999607252
1133204	97.725	63.775	151.714200925219
1133210	98.025	63.775	152.369159336636
1133321	103.575	63.775	142.58103165843
1133322	103.625	63.775	143.596534152024
1133323	103.675	63.775	139.445569773455
1133324	103.725	63.775	143.530412790109
1133325	103.775	63.775	143.508864162461
1133439	109.475	63.775	154.140168515404
1133671	121.075	63.775	150.649742150154
1133672	121.125	63.775	150.653600261944
1133673	121.175	63.775	150.661418249872
1133674	121.225	63.775	150.66745553224
1133675	121.275	63.775	150.677666691721
1133676	121.325	63.775	150.680355138751
1133677	121.375	63.775	150.685688613897
1133678	121.425	63.775	150.692107915231
1133679	121.475	63.775	150.68968887333
1133680	121.525	63.775	150.631615259029
1133681	121.575	63.775	150.639780510944
1133682	121.625	63.775	150.641346093402
1133683	121.675	63.775	150.673658412538
1133684	121.725	63.775	138.48189695322
1133805	127.775	63.775	130.800940490333
1133806	127.825	63.775	153.639700834989
1133807	127.875	63.775	153.60817693303
1134317	153.375	63.775	146.449734783416
1134318	153.425	63.775	156.113166154148
1134583	-159.325	63.725	136.424860130247
1134975	-139.725	63.725	148.594306159723
1134976	-139.675	63.725	148.593164503537
1135290	-123.975	63.725	136.392418719374
1135291	-123.925	63.725	140.505750776792
1135292	-123.875	63.725	140.495072513705
1139065	64.775	63.725	147.389038710727
1139066	64.825	63.725	147.414893160352
1139085	65.775	63.725	145.240738361233
1139516	87.325	63.725	139.688790511572
1139724	97.725	63.725	151.709185592013
1139725	97.775	63.725	151.697965846405
1139726	97.825	63.725	151.69129611516
1139727	97.875	63.725	151.685766359803
1139728	97.925	63.725	151.677751137675
1139729	97.975	63.725	151.671376420089
1139730	98.025	63.725	151.662575534315
1139844	103.725	63.725	143.384088208084
1139845	103.775	63.725	143.431370989178
1139955	109.275	63.725	146.548514122194
1139956	109.325	63.725	154.092386339787
1139957	109.375	63.725	154.090373794833
1139958	109.425	63.725	154.082751476089
1139959	109.475	63.725	154.137025503887
1140187	120.875	63.725	150.830900005322
1140188	120.925	63.725	150.792065002488
1140189	120.975	63.725	150.798896207274
1140190	121.025	63.725	150.814765312601
1140191	121.075	63.725	150.64610063485
1140327	127.875	63.725	130.67184874803
1140328	127.925	63.725	130.736938147133
1140329	127.975	63.725	153.607170230889
1140330	128.025	63.725	153.598195780404
1140836	153.325	63.725	144.05813810651
1140837	153.375	63.725	156.112755140479
1141102	-159.375	63.675	150.389463619317
1141103	-159.325	63.675	140.064448371102
1141495	-139.725	63.675	148.590914827136
1141812	-123.875	63.675	140.494542348775
1141813	-123.825	63.675	140.492082929013
1145585	64.775	63.675	147.385539238348
1145586	64.825	63.675	144.254043279653
1145605	65.775	63.675	145.184555475705
1146036	87.325	63.675	139.661304372737
1146364	103.725	63.675	143.378827074631
1146365	103.775	63.675	143.351291828939
1146366	103.825	63.675	140.299620041276
1146473	109.175	63.675	154.151426404472
1146474	109.225	63.675	154.122687643529
1146475	109.275	63.675	154.117116032842
1146706	120.825	63.675	150.826610890509
1146707	120.875	63.675	135.285192597322
1146850	128.025	63.675	153.587863224085
1146851	128.075	63.675	153.55898816013
1147353	153.175	63.675	156.101119945848
1147354	153.225	63.675	156.109783982622
1147355	153.275	63.675	156.109485858365
1147356	153.325	63.675	156.10669121019
1147622	-159.375	63.625	150.40726669364
1148015	-139.725	63.625	148.587322703818
1148333	-123.825	63.625	140.4910340999
1148334	-123.775	63.625	136.879142040378
1152042	61.625	63.625	143.154204924434
1152043	61.675	63.625	143.181464571142
1152044	61.725	63.625	143.194002346749
1152045	61.775	63.625	143.207558905798
1152046	61.825	63.625	143.219175927919
1152047	61.875	63.625	147.468102749952
1152048	61.925	63.625	147.484102683338
1152049	61.975	63.625	147.500037927568
1152050	62.025	63.625	147.515234340443
1152051	62.075	63.625	147.521852595245
1152052	62.125	63.625	147.553335278035
1152105	64.775	63.625	147.345839413025
1152106	64.825	63.625	143.285278156867
1152107	64.875	63.625	144.506750562798
1152125	65.775	63.625	144.336301127339
1152556	87.325	63.625	139.641993331321
1152886	103.825	63.625	143.337839769602
1152887	103.875	63.625	143.304651519574
1152890	104.025	63.625	143.243224008555
1152891	104.075	63.625	143.222243032141
1152892	104.125	63.625	143.213356601713
1152893	104.175	63.625	143.203346639739
1152993	109.175	63.625	154.156392779269
1152994	109.225	63.625	154.161129558248
1152995	109.275	63.625	154.168348328553
1152996	109.325	63.625	154.171645458649
1153219	120.475	63.625	150.770261026817
1153220	120.525	63.625	150.77607914363
1153221	120.575	63.625	150.785906278449
1153222	120.625	63.625	150.790845798818
1153223	120.675	63.625	150.797783021171
1153224	120.725	63.625	150.80638813373
1153225	120.775	63.625	150.818758581729
1153226	120.825	63.625	137.206236156035
1153371	128.075	63.625	131.41084834303
1153372	128.125	63.625	153.544142491685
1153872	153.125	63.625	156.093724177614
1153873	153.175	63.625	156.110996616471
1154141	-159.425	63.575	150.420397042878
1154142	-159.375	63.575	141.091736625605
1154535	-139.725	63.575	148.586066976516
1154854	-123.775	63.575	140.484056615592
1158561	61.575	63.575	143.112496604408
1158562	61.625	63.575	143.143165427628
1158572	62.125	63.575	147.534762635355
1158573	62.175	63.575	147.565754717975
1158574	62.225	63.575	140.155117707746
1158625	64.775	63.575	147.335050726571
1158626	64.825	63.575	144.098588150042
1158645	65.775	63.575	143.138667341372
1158646	65.825	63.575	144.184317112198
1159076	87.325	63.575	138.360346467708
1159077	87.375	63.575	139.620748603642
1159406	103.825	63.575	143.293846042976
1159407	103.875	63.575	143.267756826828
1159408	103.925	63.575	143.262024147837
1159409	103.975	63.575	143.253648481971
1159410	104.025	63.575	143.230074732689
1159413	104.175	63.575	139.276069442338
1159414	104.225	63.575	143.19437662457
1159416	104.325	63.575	143.133951759165
1159417	104.375	63.575	143.111534379649
1159418	104.425	63.575	143.103853211747
1159463	106.675	63.575	141.589325706741
1159464	106.725	63.575	141.57057685762
1159465	106.775	63.575	141.563920705505
1159466	106.825	63.575	141.554906096026
1159516	109.325	63.575	145.633320357378
1159517	109.375	63.575	154.187746261941
1159724	119.725	63.575	150.753160662271
1159725	119.775	63.575	150.762339798419
1159726	119.825	63.575	150.770920737542
1159727	119.875	63.575	150.623610938808
1159728	119.925	63.575	150.637897133662
1159729	119.975	63.575	150.646877677563
1159730	120.025	63.575	150.654053935401
1159731	120.075	63.575	150.674575110975
1159732	120.125	63.575	134.36754684901
1159739	120.475	63.575	150.776428317879
1159892	128.125	63.575	153.503419652224
1159893	128.175	63.575	153.478607752057
1159894	128.225	63.575	153.467609644696
1159908	128.925	63.575	153.318837475627
1159909	128.975	63.575	153.302007953829
1159910	129.025	63.575	153.295535819043
1159911	129.075	63.575	153.291451691752
1159912	129.125	63.575	131.358448549938
1160391	153.075	63.575	156.098095620936
1160392	153.125	63.575	156.084663440262
1160660	-159.475	63.525	150.440133787338
1160661	-159.425	63.525	140.11094492359
1161055	-139.725	63.525	148.648714507168
1161374	-123.775	63.525	137.510974180376
1161375	-123.725	63.525	140.481314758384
1165080	61.525	63.525	143.072812320268
1165081	61.575	63.525	143.104250764302
1165094	62.225	63.525	147.552351626108
1165095	62.275	63.525	140.935648109879
1165145	64.775	63.525	147.300794278602
1165146	64.825	63.525	144.113242143056
1165162	65.625	63.525	141.106754858205
1165163	65.675	63.525	143.422430038589
1165164	65.725	63.525	143.03871796294
1165165	65.775	63.525	143.954298352746
1165166	65.825	63.525	144.250826040421
1165596	87.325	63.525	139.604675964687
1165934	104.225	63.525	141.174112985215
1165935	104.275	63.525	143.161177011236
1165936	104.325	63.525	143.141911451582
1165938	104.425	63.525	139.628638010507
1165939	104.475	63.525	143.09473528537
1165940	104.525	63.525	143.060487464724
1165941	104.575	63.525	143.04981511146
1165942	104.625	63.525	143.041672583843
1165943	104.675	63.525	142.255398038972
1165944	104.725	63.525	138.877424184856
1165945	104.775	63.525	143.023031305468
1165946	104.825	63.525	143.00653009292
1165947	104.875	63.525	142.993378282013
1165948	104.925	63.525	142.980196877665
1165949	104.975	63.525	142.970568495614
1165971	106.075	63.525	141.839498511264
1165972	106.125	63.525	141.823210708016
1165973	106.175	63.525	141.815723522742
1165974	106.225	63.525	141.805664345801
1165978	106.425	63.525	141.674313955564
1165979	106.475	63.525	141.646151435457
1165980	106.525	63.525	141.62913721402
1165981	106.575	63.525	141.61804965104
1165982	106.625	63.525	141.601896048967
1165983	106.675	63.525	139.302968902125
1165984	106.725	63.525	138.844669180082
1165985	106.775	63.525	139.50827582362
1165986	106.825	63.525	138.814854381593
1165987	106.875	63.525	141.548291703211
1166037	109.375	63.525	154.188832684773
1166038	109.425	63.525	154.20095018654
1166039	109.475	63.525	145.850185381861
1166234	119.225	63.525	135.916067053256
1166235	119.275	63.525	136.618852202143
1166236	119.325	63.525	136.664828775189
1166237	119.375	63.525	137.479564518737
1166238	119.425	63.525	137.26840538932
1166239	119.475	63.525	133.617974061641
1166240	119.525	63.525	133.960837776286
1166241	119.575	63.525	150.951534864931
1166242	119.625	63.525	150.955316022144
1166243	119.675	63.525	150.966650497001
1166244	119.725	63.525	137.492351646899
1166252	120.125	63.525	150.681624710595
1166253	120.175	63.525	150.691981558671
1166254	120.225	63.525	150.71488547799
1166255	120.275	63.525	135.038870055285
1166259	120.475	63.525	150.754032447777
1166414	128.225	63.525	130.363872771224
1166415	128.275	63.525	153.456290746579
1166416	128.325	63.525	132.583272753317
1166417	128.375	63.525	132.237176635669
1166418	128.425	63.525	132.186788507921
1166419	128.475	63.525	132.591151101617
1166420	128.525	63.525	131.398284166849
1166421	128.575	63.525	153.327087172665
1166422	128.625	63.525	153.283908327599
1166423	128.675	63.525	153.277333757182
1166424	128.725	63.525	153.343414747379
1166425	128.775	63.525	153.333827000556
1166426	128.825	63.525	153.328007068447
1166427	128.875	63.525	153.325702600873
1166428	128.925	63.525	130.575668528525
1166432	129.125	63.525	153.283924479122
1166433	129.175	63.525	153.253798142464
1166434	129.225	63.525	153.23986148711
1166435	129.275	63.525	153.232190807263
1166909	152.975	63.525	156.093321070056
1166910	153.025	63.525	143.822982365501
1166911	153.075	63.525	149.216235653104
1167180	-159.475	63.475	150.454718547609
1167575	-139.725	63.475	148.651859276333
1167576	-139.675	63.475	138.668484552214
1167895	-123.725	63.475	140.476087174219
1171599	61.475	63.475	143.007958403729
1171600	61.525	63.475	143.064222927571
1171615	62.275	63.475	147.555351841062
1171616	62.325	63.475	147.565764772852
1171617	62.375	63.475	147.570455143562
1171618	62.425	63.475	147.601192236918
1171619	62.475	63.475	140.981402088186
1171665	64.775	63.475	139.026344644514
1171679	65.475	63.475	140.673340883605
1171680	65.525	63.475	138.750539020922
1171681	65.575	63.475	140.643127835555
1171682	65.625	63.475	143.66215646311
1172115	87.275	63.475	139.570148300655
1172116	87.325	63.475	139.586906691716
1172469	104.975	63.475	138.754543060588
1172470	105.025	63.475	139.03246698343
1172471	105.075	63.475	142.944241798191
1172472	105.125	63.475	142.919507228964
1172473	105.175	63.475	142.224515824896
1172491	106.075	63.475	141.873466526328
1172494	106.225	63.475	141.797520423295
1172497	106.375	63.475	141.723351830453
1172498	106.425	63.475	139.042130072979
1172507	106.875	63.475	138.387869243534
1172508	106.925	63.475	141.527942777916
1172559	109.475	63.475	153.323033808103
1172560	109.525	63.475	153.325368638482
1172561	109.575	63.475	153.343894072985
1172562	109.625	63.475	153.36360146252
1172563	109.675	63.475	153.387279511512
1172564	109.725	63.475	144.864234941193
1172565	109.775	63.475	153.4496128462
1172566	109.825	63.475	144.473633570792
1172570	110.025	63.475	153.574718846437
1172571	110.075	63.475	153.580999183573
1172572	110.125	63.475	153.482686718396
1172573	110.175	63.475	153.481428401777
1172574	110.225	63.475	153.492932546106
1172575	110.275	63.475	153.501300183117
1172576	110.325	63.475	153.522988844437
1172746	118.825	63.475	136.917500459854
1172747	118.875	63.475	150.848205068121
1172748	118.925	63.475	150.864905332065
1172749	118.975	63.475	150.88551801103
1172750	119.025	63.475	150.898822383781
1172751	119.075	63.475	150.898991786317
1172752	119.125	63.475	150.901736215131
1172753	119.175	63.475	150.907377481328
1172754	119.225	63.475	150.911978694249
1172775	120.275	63.475	150.718112482794
1172776	120.325	63.475	150.731744036892
1172777	120.375	63.475	150.720249246258
1172778	120.425	63.475	150.7274368146
1172779	120.475	63.475	150.712303322389
1172955	129.275	63.475	131.20816732558
1172956	129.325	63.475	130.365849437025
1172957	129.375	63.475	153.213671793157
1172958	129.425	63.475	153.211279623414
1172959	129.475	63.475	154.549998866801
1172960	129.525	63.475	154.528010061
1172961	129.575	63.475	155.19889466366
1173428	152.925	63.475	156.09374352437
1173429	152.975	63.475	156.08514639141
1173699	-159.525	63.425	150.449804099135
1173700	-159.475	63.425	150.441264897005
1174096	-139.675	63.425	148.656442540378
1174097	-139.625	63.425	148.651021440209
1174098	-139.575	63.425	148.650234431912
1174415	-123.725	63.425	137.301567988114
1174416	-123.675	63.425	140.468631965846
1178119	61.475	63.425	142.934894613845
1178120	61.525	63.425	142.916037797204
1178139	62.475	63.425	147.573094785751
1178140	62.525	63.425	147.591692142845
1178141	62.575	63.425	140.998712266565
1178142	62.625	63.425	141.685017474389
1178183	64.675	63.425	147.229339754205
1178184	64.725	63.425	147.237424600405
1178185	64.775	63.425	147.261952062711
1178199	65.475	63.425	144.39109464334
1178200	65.525	63.425	144.05783020939
1178201	65.575	63.425	144.034185341472
1178634	87.225	63.425	139.56880412093
1178635	87.275	63.425	136.958153186774
1178993	105.175	63.425	138.683755844692
1178994	105.225	63.425	142.211637089636
1179003	105.675	63.425	142.01896216701
1179004	105.725	63.425	142.003508657059
1179005	105.775	63.425	141.998488954751
1179006	105.825	63.425	141.98848499552
1179011	106.075	63.425	141.898884527462
1179014	106.225	63.425	141.780150816834
1179015	106.275	63.425	141.755934770743
1179016	106.325	63.425	141.748564345726
1179017	106.375	63.425	139.246709135219
1179027	106.875	63.425	141.431508860707
1179028	106.925	63.425	141.438735485991
1179029	106.975	63.425	141.462911847778
1179086	109.825	63.425	153.459091393524
1179087	109.875	63.425	153.480884212467
1179088	109.925	63.425	153.493549623866
1179089	109.975	63.425	153.563291496804
1179090	110.025	63.425	145.698172182965
1179096	110.325	63.425	153.596602909227
1179097	110.375	63.425	146.870437432222
1179266	118.825	63.425	150.167029342189
1179267	118.875	63.425	132.001448741666
1179478	129.425	63.425	152.085764807489
1179479	129.475	63.425	131.66662221316
1179481	129.575	63.425	154.507667607861
1179482	129.625	63.425	154.422573134032
1179483	129.675	63.425	154.405528422584
1179484	129.725	63.425	154.384006442882
1179485	129.775	63.425	154.375664905347
1179486	129.825	63.425	154.364822078894
1179487	129.875	63.425	154.34923930913
1179488	129.925	63.425	154.339182642853
1179489	129.975	63.425	154.334096826564
1179490	130.025	63.425	154.324340543833
1179947	152.875	63.425	156.08460284097
1179948	152.925	63.425	156.092214472714
1180218	-159.575	63.375	150.459909703105
1180219	-159.525	63.375	136.070268626132
1180618	-139.575	63.375	148.650636058845
1180619	-139.525	63.375	148.650193764419
1180620	-139.475	63.375	134.414068814748
1180936	-123.675	63.375	140.465146672175
1184639	61.475	63.375	142.8605290179
1184640	61.525	63.375	142.903063324197
1184662	62.625	63.375	147.580635661202
1184663	62.675	63.375	147.587395238707
1184664	62.725	63.375	147.6072993417
1184665	62.775	63.375	147.619950638256
1184666	62.825	63.375	147.627448643099
1184667	62.875	63.375	147.630895615282
1184668	62.925	63.375	147.638982249155
1184669	62.975	63.375	147.639929753636
1184670	63.025	63.375	147.646834812422
1184671	63.075	63.375	147.642040469923
1184701	64.575	63.375	147.188051877213
1184702	64.625	63.375	147.208216138194
1184703	64.675	63.375	142.884044458494
1184720	65.525	63.375	143.569075000638
1184721	65.575	63.375	143.649644474807
1185154	87.225	63.375	139.535741454296
1185155	87.275	63.375	139.51612777307
1185156	87.325	63.375	139.542757718675
1185514	105.225	63.375	142.177750521453
1185515	105.275	63.375	142.15788725792
1185516	105.325	63.375	142.150870434535
1185522	105.625	63.375	142.060820356643
1185523	105.675	63.375	142.0342850977
1185526	105.825	63.375	139.473409044259
1185527	105.875	63.375	141.980216399213
1185528	105.925	63.375	141.953622136444
1185529	105.975	63.375	141.940683312012
1185530	106.025	63.375	141.906792525353
1185531	106.075	63.375	138.903183773053
1185532	106.125	63.375	138.898579567606
1185533	106.175	63.375	138.740902514384
1185545	106.775	63.375	141.385899395433
1185546	106.825	63.375	141.394323237385
1185547	106.875	63.375	141.420295773581
1185617	110.375	63.375	153.544626993832
1185618	110.425	63.375	153.596994658838
1185787	118.875	63.375	150.141926099067
1185788	118.925	63.375	150.105870453351
1185999	129.475	63.375	152.018303007232
1186000	129.525	63.375	132.923165731225
1186010	130.025	63.375	154.316136617778
1186011	130.075	63.375	154.298305407004
1186012	130.125	63.375	154.285543130106
1186013	130.175	63.375	154.275596764451
1186014	130.225	63.375	154.267776625541
1186015	130.275	63.375	154.253900562771
1186034	131.225	63.375	153.835657088538
1186035	131.275	63.375	153.823864790573
1186036	131.325	63.375	153.831877248071
1186037	131.375	63.375	153.806331498822
1186038	131.425	63.375	153.786542460829
1186039	131.475	63.375	153.77228315193
1186040	131.525	63.375	153.756755381933
1186041	131.575	63.375	153.738714214744
1186042	131.625	63.375	153.713354873584
1186065	132.775	63.375	153.489732824646
1186066	132.825	63.375	153.470091294178
1186067	132.875	63.375	153.462095338696
1186068	132.925	63.375	153.45277584489
1186069	132.975	63.375	153.446988132141
1186070	133.025	63.375	153.440357418851
1186071	133.075	63.375	153.431206560113
1186072	133.125	63.375	153.424203910454
1186073	133.175	63.375	153.413786333062
1186074	133.225	63.375	153.408354961372
1186466	152.825	63.375	156.082245382921
1186467	152.875	63.375	147.182133264001
1186737	-159.625	63.325	150.465416190259
1186738	-159.575	63.325	141.625847994135
1187140	-139.475	63.325	148.650620179615
1187141	-139.425	63.325	148.646449185976
1187456	-123.675	63.325	140.462017634016
1187457	-123.625	63.325	136.477654466876
1191157	61.375	63.325	142.704359259451
1191158	61.425	63.325	142.742907764907
1191159	61.475	63.325	140.395569609534
1191160	61.525	63.325	142.84998720427
1191191	63.075	63.325	147.665923779882
1191220	64.525	63.325	147.157104287205
1191221	64.575	63.325	147.180415197581
1191237	65.375	63.325	141.5565310445
1191238	65.425	63.325	143.065733942067
1191239	65.475	63.325	143.442436468717
1191240	65.525	63.325	144.23734742799
1191676	87.325	63.325	135.923409041416
1191677	87.375	63.325	139.537065909505
1191678	87.425	63.325	139.520068929212
1191679	87.475	63.325	139.509611662447
1191680	87.525	63.325	139.503963149199
1192036	105.325	63.325	142.162349116062
1192037	105.375	63.325	142.107319135318
1192038	105.425	63.325	142.09434852649
1192039	105.475	63.325	142.085022312938
1192040	105.525	63.325	142.078744243835
1192041	105.575	63.325	142.071771881266
1192042	105.625	63.325	142.106747388421
1192051	106.075	63.325	139.709399688276
1192052	106.125	63.325	139.656650204406
1192065	106.775	63.325	138.624211337545
1192066	106.825	63.325	141.374227445158
1192067	106.875	63.325	141.332024527148
1192068	106.925	63.325	141.318302298045
1192069	106.975	63.325	141.3068633788
1192070	107.025	63.325	141.285538135617
1192071	107.075	63.325	141.273558039838
1192072	107.125	63.325	141.257638119955
1192073	107.175	63.325	141.241121178886
1192138	110.425	63.325	139.311718847119
1192302	118.625	63.325	134.600126280788
1192303	118.675	63.325	135.550832787942
1192304	118.725	63.325	150.08536286643
1192305	118.775	63.325	150.088465599595
1192306	118.825	63.325	150.091660018596
1192307	118.875	63.325	150.099991316625
1192520	129.525	63.325	152.009562986453
1192521	129.575	63.325	151.979792868913
1192535	130.275	63.325	154.24002809019
1192536	130.325	63.325	154.215987794773
1192537	130.375	63.325	154.195290454009
1192538	130.425	63.325	154.203750614865
1192539	130.475	63.325	154.183560131529
1192540	130.525	63.325	154.166883546003
1192541	130.575	63.325	154.142803327726
1192542	130.625	63.325	154.121546857022
1192543	130.675	63.325	154.112622040547
1192544	130.725	63.325	154.0888833985
1192545	130.775	63.325	131.247182252588
1192552	131.125	63.325	130.659500411523
1192553	131.175	63.325	153.87041593515
1192554	131.225	63.325	153.843537357781
1192562	131.625	63.325	131.747402086975
1192563	131.675	63.325	153.686627340432
1192564	131.725	63.325	153.668387368479
1192565	131.775	63.325	153.677932958528
1192566	131.825	63.325	153.666896711742
1192567	131.875	63.325	153.650254364484
1192568	131.925	63.325	153.671765575587
1192569	131.975	63.325	153.65187984948
1192577	132.375	63.325	153.566930552524
1192578	132.425	63.325	153.548511054167
1192579	132.475	63.325	153.542921472435
1192580	132.525	63.325	153.5299105845
1192581	132.575	63.325	153.526519772851
1192582	132.625	63.325	153.51642168678
1192583	132.675	63.325	153.51008500904
1192584	132.725	63.325	153.501701995855
1192585	132.775	63.325	140.273144274195
1192594	133.225	63.325	153.386549121007
1192981	152.575	63.325	156.098070813236
1192982	152.625	63.325	156.098828390759
1192983	152.675	63.325	156.101176089674
1192984	152.725	63.325	156.092800105009
1192985	152.775	63.325	156.10445154377
1192986	152.825	63.325	146.902835205657
1193256	-159.675	63.275	150.47425974147
1193257	-159.625	63.275	150.468803503299
1193659	-139.525	63.275	137.657676917746
1193660	-139.475	63.275	147.661560364491
1193661	-139.425	63.275	147.664944019161
1193977	-123.625	63.275	140.459656648505
1193978	-123.575	63.275	140.455804699629
1197676	61.325	63.275	142.69556720377
1197677	61.375	63.275	142.648524966304
1197679	61.475	63.275	142.787053978473
1197711	63.075	63.275	139.270346432256
1197712	63.125	63.275	147.71697662347
1197713	63.175	63.275	140.580843178887
1197739	64.475	63.275	147.127170200919
1197740	64.525	63.275	147.149406677696
1197755	65.275	63.275	140.314491412426
1197756	65.325	63.275	142.612318723276
1197757	65.375	63.275	143.049132566115
1198200	87.525	63.275	136.896509512962
1198201	87.575	63.275	139.488656724649
1198202	87.625	63.275	139.477032507084
1198203	87.675	63.275	139.468666514962
1198593	107.175	63.275	141.233761157551
1198594	107.225	63.275	141.281909991846
1198595	107.275	63.275	141.262097700728
1198596	107.325	63.275	141.246217753779
1198597	107.375	63.275	141.237898759202
1198598	107.425	63.275	141.228626488785
1198658	110.425	63.275	153.686986052663
1198807	117.875	63.275	137.19665853447
1198808	117.925	63.275	140.447774908381
1198809	117.975	63.275	140.381606987506
1198810	118.025	63.275	139.81468179512
1198811	118.075	63.275	150.062378289247
1198812	118.125	63.275	136.999192432982
1198813	118.175	63.275	136.755691419724
1198814	118.225	63.275	136.159142585924
1198815	118.275	63.275	150.034261644148
1198816	118.325	63.275	150.031184172305
1198817	118.375	63.275	150.039392613097
1198818	118.425	63.275	150.052210548384
1198819	118.475	63.275	150.063937445974
1198820	118.525	63.275	150.077836910704
1198821	118.575	63.275	150.089028689438
1198822	118.625	63.275	150.098911088787
1199041	129.575	63.275	132.728426364331
1199042	129.625	63.275	151.950388376632
1199065	130.775	63.275	154.068601113044
1199066	130.825	63.275	153.994603221809
1199067	130.875	63.275	153.976880307831
1199068	130.925	63.275	153.962478891644
1199069	130.975	63.275	153.947498506783
1199070	131.025	63.275	153.931713247974
1199071	131.075	63.275	153.924173270124
1199072	131.125	63.275	153.896826330365
1199089	131.975	63.275	131.185114308928
1199090	132.025	63.275	153.641161810613
1199091	132.075	63.275	153.617165469414
1199092	132.125	63.275	153.608770295233
1199093	132.175	63.275	153.601775590243
1199094	132.225	63.275	153.589931624797
1199095	132.275	63.275	153.581928813596
1199096	132.325	63.275	153.574762742293
1199097	132.375	63.275	142.788952631158
1199114	133.225	63.275	153.380562556547
1199501	152.575	63.275	156.109133693044
1199775	-159.725	63.225	150.481292687524
1199776	-159.675	63.225	140.343190346
1200178	-139.575	63.225	147.655733334704
1200179	-139.525	63.225	147.661337913466
1200498	-123.575	63.225	140.4552222009
1200499	-123.525	63.225	140.44847959113
1200500	-123.475	63.225	140.448361439982
1200501	-123.425	63.225	136.252786489567
1204195	61.275	63.225	142.610977294899
1204196	61.325	63.225	142.64413305411
1204233	63.175	63.225	147.726120999779
1204234	63.225	63.225	147.737454345865
1204235	63.275	63.225	147.489638438123
1204236	63.325	63.225	147.523788265369
1204237	63.375	63.225	140.44345536277
1204257	64.375	63.225	147.108845675139
1204258	64.425	63.225	147.143152914728
1204259	64.475	63.225	139.990174957501
1204274	65.225	63.225	140.497954478821
1204275	65.275	63.225	140.793491570026
1204723	87.675	63.225	139.464278860051
1204724	87.725	63.225	139.433553482766
1204725	87.775	63.225	139.421195243432
1204726	87.825	63.225	139.616245253924
1205117	107.375	63.225	141.210038083566
1205118	107.425	63.225	141.184592482255
1205119	107.475	63.225	141.175087879259
1205120	107.525	63.225	141.157287160971
1205121	107.575	63.225	141.150152712542
1205130	108.025	63.225	140.814704086354
1205131	108.075	63.225	140.775390334336
1205132	108.125	63.225	140.768738949827
1205133	108.175	63.225	140.62311765423
1205178	110.425	63.225	153.717760006717
1205202	111.625	63.225	151.635009584248
1205203	111.675	63.225	151.634154832001
1205204	111.725	63.225	151.641886137896
1205205	111.775	63.225	151.646610471893
1205206	111.825	63.225	151.657018479207
1205207	111.875	63.225	151.685832545729
1205242	113.625	63.225	150.867126474023
1205243	113.675	63.225	150.820160007166
1205244	113.725	63.225	150.823762278557
1205245	113.775	63.225	150.82649637936
1205246	113.825	63.225	150.828744862574
1205247	113.875	63.225	150.834906072915
1205249	113.975	63.225	150.864244424152
1205250	114.025	63.225	150.871752384431
1205251	114.075	63.225	150.876166869723
1205252	114.125	63.225	150.88388743985
1205324	117.725	63.225	137.612665969661
1205325	117.775	63.225	150.029686787658
1205326	117.825	63.225	150.035961431769
1205327	117.875	63.225	150.041866708051
1205562	129.625	63.225	151.917170434297
1205634	133.225	63.225	153.365163950732
1206021	152.575	63.225	156.104292501651
1206295	-159.725	63.175	150.485846614859
1206698	-139.575	63.175	147.656366418929
1206699	-139.525	63.175	139.464657732309
1207021	-123.425	63.175	140.445312735099
1207022	-123.375	63.175	140.44220939343
1207023	-123.325	63.175	140.441345003463
1210715	61.275	63.175	142.597848445096
1210757	63.375	63.175	147.532109388251
1210758	63.425	63.175	147.530442821237
1210759	63.475	63.175	147.544955584804
1210760	63.525	63.175	147.565136245231
1210761	63.575	63.175	147.575593145466
1210762	63.625	63.175	147.585791312104
1210763	63.675	63.175	147.556917265733
1210764	63.725	63.175	147.560694639943
1210765	63.775	63.175	147.5759704994
1210766	63.825	63.175	147.639396247398
1210776	64.325	63.175	147.764575465725
1210777	64.375	63.175	147.763867276696
1210794	65.225	63.175	140.684218618797
1211246	87.825	63.175	136.107432751871
1211247	87.875	63.175	139.608670576051
1211248	87.925	63.175	139.587779706512
1211249	87.975	63.175	137.746230317103
1211641	107.575	63.175	137.845919982789
1211642	107.625	63.175	141.137968861786
1211644	107.725	63.175	141.048065209546
1211645	107.775	63.175	141.030329203071
1211646	107.825	63.175	141.023564851155
1211649	107.975	63.175	140.833306864379
1211650	108.025	63.175	137.776078113682
1211653	108.175	63.175	140.761182158242
1211654	108.225	63.175	140.744745293907
1211698	110.425	63.175	153.61095940574
1211699	110.475	63.175	153.627543858422
1211722	111.625	63.175	151.642666675673
1211727	111.875	63.175	151.707586192576
1211728	111.925	63.175	151.691036352305
1211760	113.525	63.175	144.558934811885
1211761	113.575	63.175	150.863584983359
1211762	113.625	63.175	143.604318308953
1211767	113.875	63.175	150.836991299064
1211768	113.925	63.175	150.838156152319
1211769	113.975	63.175	150.856593931195
1211772	114.125	63.175	150.893621544226
1211777	114.375	63.175	150.9146933649
1211778	114.425	63.175	150.917318622727
1211779	114.475	63.175	150.834670700796
1211780	114.525	63.175	150.845439109442
1211781	114.575	63.175	150.845607970518
1211782	114.625	63.175	150.85424823086
1211783	114.675	63.175	150.850340188911
1211842	117.625	63.175	150.001643843129
1211843	117.675	63.175	150.01239366307
1211844	117.725	63.175	150.026521877731
1212082	129.625	63.175	129.521458586316
1212153	133.175	63.175	153.302973548992
1212154	133.225	63.175	141.100885983729
1212540	152.525	63.175	156.097468276818
1212541	152.575	63.175	156.103073979941
1212814	-159.775	63.125	133.307002239394
1212815	-159.725	63.125	150.505649197901
1213219	-139.525	63.125	146.826442940446
1213543	-123.325	63.125	140.440560803626
1213544	-123.275	63.125	140.4381829214
1217235	61.275	63.125	141.931738644866
1217286	63.825	63.125	147.701512807326
1217287	63.875	63.125	139.934316730345
1217289	63.975	63.125	147.589187050594
1217290	64.025	63.125	141.210560238899
1217291	64.075	63.125	140.101543770665
1217292	64.125	63.125	140.675802560214
1217293	64.175	63.125	147.663760334484
1217294	64.225	63.125	147.685066953032
1217295	64.275	63.125	147.707713423063
1217296	64.325	63.125	147.757997500815
1217313	65.175	63.125	139.373855022862
1217314	65.225	63.125	141.414366069085
1217769	87.975	63.125	139.589203801216
1217770	88.025	63.125	137.710431344963
1218162	107.625	63.125	141.117947538143
1218163	107.675	63.125	141.076706324119
1218164	107.725	63.125	141.057795847421
1218166	107.825	63.125	141.017940039654
1218168	107.925	63.125	140.865457750863
1218169	107.975	63.125	140.840573502948
1218174	108.225	63.125	140.734511649154
1218175	108.275	63.125	140.710822636693
1218219	110.475	63.125	142.542602664173
1218220	110.525	63.125	133.02021982823
1218241	111.575	63.125	142.67682090446
1218242	111.625	63.125	151.63278146141
1218247	111.875	63.125	151.734950921279
1218278	113.425	63.125	144.08156200889
1218279	113.475	63.125	150.847938403035
1218280	113.525	63.125	150.855365338232
1218292	114.125	63.125	150.897741521764
1218293	114.175	63.125	150.895092890932
1218294	114.225	63.125	150.901281248973
1218295	114.275	63.125	150.904951262739
1218296	114.325	63.125	150.914083758105
1218297	114.375	63.125	144.422148386656
1218302	114.625	63.125	150.85601224295
1218303	114.675	63.125	150.853422461704
1218361	117.575	63.125	149.998254637242
1218362	117.625	63.125	149.998414231482
1218602	129.625	63.125	151.847960900972
1218673	133.175	63.125	153.279840858947
1218682	133.625	63.125	153.193707397828
1218683	133.675	63.125	153.181487901988
1218684	133.725	63.125	153.176611859709
1218685	133.775	63.125	153.173218906294
1218686	133.825	63.125	153.164287357151
1218687	133.875	63.125	153.154076578252
1218688	133.925	63.125	153.144549708527
1218689	133.975	63.125	153.133390263901
1218690	134.025	63.125	153.128088898704
1219060	152.525	63.125	156.09623172275
1219332	-159.875	63.075	149.294900299608
1219333	-159.825	63.075	148.947475393327
1219334	-159.775	63.075	150.516664104587
1219739	-139.525	63.075	146.825306992215
1219740	-139.475	63.075	146.824883925921
1220064	-123.275	63.075	140.437446503985
1223755	61.275	63.075	140.95705747847
1223756	61.325	63.075	141.881736574733
1223807	63.875	63.075	147.715685865361
1223808	63.925	63.075	147.542703793373
1223809	63.975	63.075	147.584182446374
1223832	65.125	63.075	142.134820695822
1223833	65.175	63.075	144.073168578204
1224290	88.025	63.075	139.57206038757
1224291	88.075	63.075	139.529918280393
1224686	107.825	63.075	140.984687554819
1224687	107.875	63.075	140.957839912257
1224688	107.925	63.075	138.498509938705
1224689	107.975	63.075	140.892649132579
1224692	108.125	63.075	138.12619288678
1224693	108.175	63.075	140.646844363091
1224694	108.225	63.075	140.659930645904
1224695	108.275	63.075	140.701160486595
1224740	110.525	63.075	129.541881302928
1224741	110.575	63.075	153.819254325968
1224754	111.225	63.075	151.526674812435
1224755	111.275	63.075	151.537422019444
1224756	111.325	63.075	151.549050929971
1224757	111.375	63.075	151.560036529026
1224758	111.425	63.075	151.560862614355
1224759	111.475	63.075	151.565264896605
1224760	111.525	63.075	151.569984918846
1224761	111.575	63.075	151.590399428445
1224767	111.875	63.075	151.783154335916
1224777	112.375	63.075	151.909198434062
1224778	112.425	63.075	151.942626678243
1224779	112.475	63.075	145.409473618859
1224785	112.775	63.075	142.664796313151
1224786	112.825	63.075	151.207187723208
1224787	112.875	63.075	151.210318591247
1224788	112.925	63.075	151.213646258021
1224789	112.975	63.075	151.233023810856
1224796	113.325	63.075	151.35179605065
1224797	113.375	63.075	151.353806377124
1224798	113.425	63.075	151.361128819886
1224799	113.475	63.075	144.067447098558
1224822	114.625	63.075	150.878950743898
1224830	115.025	63.075	150.917128273178
1224831	115.075	63.075	150.914438360228
1224832	115.125	63.075	150.927538127623
1224880	117.525	63.075	149.992692785844
1224881	117.575	63.075	140.768293520801
1225122	129.625	63.075	151.808762823646
1225193	133.175	63.075	142.328866025532
1225194	133.225	63.075	153.267439694967
1225195	133.275	63.075	153.231691157232
1225196	133.325	63.075	141.137962850188
1225197	133.375	63.075	142.192393683132
1225198	133.425	63.075	143.800674139432
1225199	133.475	63.075	140.934006170204
1225200	133.525	63.075	153.223673399816
1225201	133.575	63.075	153.202965962073
1225202	133.625	63.075	143.903610921867
1225209	133.975	63.075	153.143942405739
1225210	134.025	63.075	153.157359388499
1225580	152.525	63.075	156.124704640649
1225761	-164.425	63.025	150.707575303031
1225762	-164.375	63.025	150.70099612786
1225763	-164.325	63.025	150.694439301846
1225851	-159.925	63.025	150.535630889224
1225852	-159.875	63.025	150.52782201747
1226259	-139.525	63.025	146.830767694737
1226260	-139.475	63.025	146.82852658713
1226584	-123.275	63.025	140.435366181967
1230276	61.325	63.025	139.957464820205
1230277	61.375	63.025	141.837374890879
1230278	61.425	63.025	141.774730985534
1230279	61.475	63.025	141.763840908725
1230328	63.925	63.025	141.462379419993
1230329	63.975	63.025	141.316203497072
1230350	65.025	63.025	143.263469811598
1230351	65.075	63.025	144.300275138472
1230352	65.125	63.025	144.028915620541
1230811	88.075	63.025	135.008009737665
1230812	88.125	63.025	139.522470601793
1231207	107.875	63.025	140.950046121623
1231208	107.925	63.025	140.920178069012
1231209	107.975	63.025	140.907228133525
1231212	108.125	63.025	140.618922469104
1231261	110.575	63.025	153.817434020528
1231262	110.625	63.025	153.842123045534
1231263	110.675	63.025	153.859450854798
1231264	110.725	63.025	153.887115436718
1231265	110.775	63.025	143.856994639672
1231272	111.125	63.025	151.558986637776
1231273	111.175	63.025	143.547410831399
1231274	111.225	63.025	148.213819127194
1231286	111.825	63.025	151.825072982363
1231287	111.875	63.025	151.793247890475
1231294	112.225	63.025	151.849653145795
1231295	112.275	63.025	151.85606396274
1231296	112.325	63.025	151.86231042985
1231297	112.375	63.025	151.897562917785
1231299	112.475	63.025	152.242855680958
1231300	112.525	63.025	152.250748476697
1231301	112.575	63.025	144.448631868677
1231305	112.775	63.025	151.204947793694
1231309	112.975	63.025	151.2291324602
1231310	113.025	63.025	151.241863294524
1231315	113.275	63.025	151.35026239713
1231316	113.325	63.025	144.034335759176
1231342	114.625	63.025	141.697011312339
1231343	114.675	63.025	150.881623976459
1231344	114.725	63.025	150.893294109849
1231345	114.775	63.025	140.738177972568
1231346	114.825	63.025	141.618451388589
1231349	114.975	63.025	150.904853595623
1231350	115.025	63.025	150.911675940794
1231352	115.125	63.025	150.806746926358
1231353	115.175	63.025	150.808944269877
1231354	115.225	63.025	150.808561827329
1231400	117.525	63.025	150.118355704334
1231642	129.625	63.025	128.133962039831
1231643	129.675	63.025	151.776138523882
1231717	133.375	63.025	153.195266166629
1231718	133.425	63.025	153.188394421132
1231729	133.975	63.025	134.416705451857
1231730	134.025	63.025	153.134364415813
1232100	152.525	63.025	138.672287110843
1232101	152.575	63.025	156.114460443327
1232283	-164.325	62.975	142.897062097051
1232284	-164.275	62.975	150.688313685438
1232285	-164.225	62.975	150.675602848648
1232370	-159.975	62.975	150.535044329992
1232371	-159.925	62.975	139.160548049146
1232780	-139.475	62.975	146.835747445121
1232781	-139.425	62.975	146.841359248417
1232782	-139.375	62.975	146.840302688976
1232783	-139.325	62.975	146.841652891683
1232784	-139.275	62.975	146.84102044449
1233104	-123.275	62.975	140.432188621736
1233105	-123.225	62.975	140.429469780429
1236798	61.425	62.975	141.730108901906
1236799	61.475	62.975	141.756460602682
1236870	65.025	62.975	143.24730083368
1236871	65.075	62.975	143.221206932534
1237332	88.125	62.975	139.496926001097
1237333	88.175	62.975	139.481056408731
1237732	108.125	62.975	138.372260201365
1237733	108.175	62.975	140.584000298637
1237734	108.225	62.975	140.546592000696
1237735	108.275	62.975	140.539071102193
1237736	108.325	62.975	140.541471418941
1237737	108.375	62.975	140.53562179186
1237738	108.425	62.975	140.527857139071
1237740	108.525	62.975	140.620398690304
1237741	108.575	62.975	140.427123104676
1237785	110.775	62.975	153.899354660898
1237786	110.825	62.975	153.899576276308
1237787	110.875	62.975	153.911592065702
1237788	110.925	62.975	153.926157707267
1237789	110.975	62.975	139.853835470052
1237791	111.075	62.975	151.468225883741
1237792	111.125	62.975	145.320046197986
1237806	111.825	62.975	137.334638570821
1237814	112.225	62.975	152.243287206131
1237821	112.575	62.975	152.248095044705
1237822	112.625	62.975	152.249297256118
1237823	112.675	62.975	152.246925727074
1237824	112.725	62.975	152.26825283045
1237825	112.775	62.975	145.017199795371
1237830	113.025	62.975	151.242055789231
1237831	113.075	62.975	151.245368869268
1237832	113.125	62.975	151.247953795401
1237833	113.175	62.975	151.251380710124
1237834	113.225	62.975	151.288531041892
1237835	113.275	62.975	151.349524715096
1237836	113.325	62.975	151.33961849101
1237837	113.375	62.975	151.329843850458
1237866	114.825	62.975	150.891512935429
1237867	114.875	62.975	150.892080638309
1237868	114.925	62.975	150.895355135152
1237869	114.975	62.975	150.902917296141
1237874	115.225	62.975	150.81369423536
1237875	115.275	62.975	150.824263892444
1237920	117.525	62.975	150.088728381214
1238163	129.675	62.975	151.735901782787
1238164	129.725	62.975	131.12954688724
1238249	133.975	62.975	153.097295278511
1238250	134.025	62.975	153.07752216384
1238251	134.075	62.975	153.072378450896
1238252	134.125	62.975	153.066114472044
1238253	134.175	62.975	153.057278084338
1238620	152.525	62.975	156.106691658098
1238621	152.575	62.975	156.109051238404
1238805	-164.225	62.925	142.468534400342
1238806	-164.175	62.925	150.670410522927
1238807	-164.125	62.925	150.660442767541
1238889	-160.025	62.925	150.544266681149
1238890	-159.975	62.925	140.750632946636
1239304	-139.275	62.925	132.122732997267
1239305	-139.225	62.925	146.838826456674
1239306	-139.175	62.925	146.832110379513
1239307	-139.125	62.925	146.830273448458
1239308	-139.075	62.925	146.828493383076
1239309	-139.025	62.925	146.827216375632
1239625	-123.225	62.925	140.428714858706
1243318	61.425	62.925	141.71868700504
1243319	61.475	62.925	141.682740197503
1243391	65.075	62.925	136.735780316254
1243392	65.125	62.925	143.217519434942
1243393	65.175	62.925	143.205155905843
1243394	65.225	62.925	143.201595526878
1243853	88.175	62.925	133.428800254007
1243854	88.225	62.925	139.472658325889
1243855	88.275	62.925	139.442616541206
1244256	108.325	62.925	140.502198838595
1244257	108.375	62.925	140.522248129786
1244258	108.425	62.925	140.461812132585
1244259	108.475	62.925	140.444693020101
1244260	108.525	62.925	140.431689986233
1244261	108.575	62.925	140.565937296834
1244262	108.625	62.925	139.218836733691
1244263	108.675	62.925	140.197520048687
1244309	110.975	62.925	153.981790179778
1244310	111.025	62.925	130.31521948182
1244311	111.075	62.925	151.405808463504
1244326	111.825	62.925	152.056070612437
1244327	111.875	62.925	152.067246608582
1244334	112.225	62.925	152.217794133245
1244354	113.225	62.925	143.55476437007
1244357	113.375	62.925	151.322092783004
1244358	113.425	62.925	151.307250572888
1244395	115.275	62.925	150.838322555471
1244439	117.475	62.925	145.097382046045
1244440	117.525	62.925	150.303509402555
1244684	129.725	62.925	151.711729666499
1244773	134.175	62.925	153.017228719825
1245139	152.475	62.925	156.096299520874
1245140	152.525	62.925	156.10820427277
1245327	-164.125	62.875	150.658701515313
1245409	-160.025	62.875	139.788387248903
1245829	-139.025	62.875	132.060078743757
1245830	-138.975	62.875	146.85377947873
1245831	-138.925	62.875	146.856122349064
1245832	-138.875	62.875	146.855297852649
1245833	-138.825	62.875	146.853177837261
1245834	-138.775	62.875	146.849601967981
1245835	-138.725	62.875	146.852032118976
1245836	-138.675	62.875	146.850532189051
1245837	-138.625	62.875	146.855278645368
1246145	-123.225	62.875	140.41692416588
1249839	61.475	62.875	139.455550170239
1249840	61.525	62.875	141.675408041407
1249841	61.575	62.875	141.618781196559
1249842	61.625	62.875	141.59057536814
1249914	65.225	62.875	141.100205302405
1249915	65.275	62.875	143.199277090659
1249916	65.325	62.875	143.189986644622
1250375	88.275	62.875	133.07959662141
1250376	88.325	62.875	139.438549968741
1250377	88.375	62.875	139.424713763204
1250378	88.425	62.875	139.41938172439
1250775	108.275	62.875	140.322433157775
1250776	108.325	62.875	140.344190110828
1250777	108.375	62.875	140.496502132263
1250780	108.525	62.875	140.387576164403
1250781	108.575	62.875	140.423769663791
1250782	108.625	62.875	140.619437878261
1250783	108.675	62.875	140.254993417754
1250847	111.875	62.875	152.072225590938
1250848	111.925	62.875	152.067662268217
1250849	111.975	62.875	152.094461477063
1250850	112.025	62.875	137.867927299136
1250851	112.075	62.875	140.557652845432
1250852	112.125	62.875	152.13253358579
1250853	112.175	62.875	152.132332715117
1250854	112.225	62.875	152.190707484425
1250874	113.225	62.875	151.311663879263
1250875	113.275	62.875	140.927933931528
1250877	113.375	62.875	142.171450882278
1250878	113.425	62.875	151.315722787077
1250914	115.225	62.875	150.823297457099
1250915	115.275	62.875	150.813265853499
1250959	117.475	62.875	150.26092171431
1251204	129.725	62.875	127.560353427117
1251205	129.775	62.875	151.653527114216
1251293	134.175	62.875	153.006785812766
1251294	134.225	62.875	152.98240909768
1251659	152.475	62.875	156.309315017701
1251847	-164.125	62.825	150.645872121116
1251848	-164.075	62.825	150.633545827672
1251928	-160.075	62.825	150.5653590483
1251929	-160.025	62.825	140.492556933859
1252357	-138.625	62.825	131.212118212501
1252358	-138.575	62.825	146.850319959554
1252359	-138.525	62.825	146.847777160157
1252360	-138.475	62.825	146.851817188888
1252361	-138.425	62.825	146.850695778767
1252367	-138.125	62.825	146.901664724492
1252368	-138.075	62.825	146.900332593854
1252369	-138.025	62.825	146.901877969681
1252370	-137.975	62.825	146.89964876866
1252374	-137.775	62.825	146.888762145923
1252375	-137.725	62.825	146.88318995254
1252376	-137.675	62.825	146.88055484636
1252377	-137.625	62.825	146.878540529352
1252378	-137.575	62.825	146.882364591579
1252379	-137.525	62.825	146.882560490898
1252380	-137.475	62.825	146.879405242286
1252381	-137.425	62.825	117.203446544642
1252665	-123.225	62.825	140.412681045762
1256361	61.575	62.825	141.599569654207
1256362	61.625	62.825	141.623300252343
1256436	65.325	62.825	137.769411584921
1256437	65.375	62.825	143.187235297885
1256898	88.425	62.825	132.482214183592
1256899	88.475	62.825	139.417550910783
1257294	108.225	62.825	140.308724842327
1257295	108.275	62.825	139.200085874286
1257297	108.375	62.825	140.357322039982
1257298	108.425	62.825	140.363310102375
1257299	108.475	62.825	140.379741771166
1257300	108.525	62.825	139.832703686916
1257395	113.275	62.825	151.310602777268
1257396	113.325	62.825	151.313919746046
1257397	113.375	62.825	151.300353769952
1257434	115.225	62.825	150.823645480128
1257435	115.275	62.825	150.827041079557
1257436	115.325	62.825	150.839553580323
1257437	115.375	62.825	139.215582135253
1257478	117.425	62.825	150.259525930792
1257479	117.475	62.825	150.248195308424
1257725	129.775	62.825	128.036805041555
1257814	134.225	62.825	152.975007881827
1257815	134.275	62.825	152.945898659802
1257816	134.325	62.825	152.929693167823
1258179	152.475	62.825	144.247368036178
1258180	152.525	62.825	156.302620389764
1258368	-164.075	62.775	150.62947767916
1258369	-164.025	62.775	150.618370511076
1258448	-160.075	62.775	150.579587698438
1258881	-138.425	62.775	146.848644674697
1258882	-138.375	62.775	146.845237010786
1258883	-138.325	62.775	146.843744081878
1258884	-138.275	62.775	134.78409889212
1258885	-138.225	62.775	131.905182745414
1258886	-138.175	62.775	133.028527792118
1258887	-138.125	62.775	132.471857608022
1258890	-137.975	62.775	132.775315739525
1258891	-137.925	62.775	146.898544363291
1258892	-137.875	62.775	146.89036074471
1258893	-137.825	62.775	146.890016713633
1258894	-137.775	62.775	135.834410634019
1258901	-137.425	62.775	146.877382747523
1258902	-137.375	62.775	146.870904304928
1258903	-137.325	62.775	144.425214627249
1259185	-123.225	62.775	140.407795903197
1262882	61.625	62.775	141.588410119194
1262883	61.675	62.775	141.528439593969
1262957	65.375	62.775	143.181802107292
1262958	65.425	62.775	143.588184222632
1263419	88.475	62.775	139.40836319289
1263812	108.125	62.775	140.261049020186
1263813	108.175	62.775	140.285096822707
1263814	108.225	62.775	140.973772773477
1263819	108.475	62.775	140.170761979117
1263820	108.525	62.775	140.152694039714
1263821	108.575	62.775	140.146222728546
1263956	115.325	62.775	150.848002612337
1263957	115.375	62.775	150.837339836951
1263999	117.475	62.775	150.265896042639
1264245	129.775	62.775	151.605498827376
1264336	134.325	62.775	141.701267473958
1264337	134.375	62.775	152.921732922351
1264338	134.425	62.775	136.832573672292
1264339	134.475	62.775	137.565488293036
1264340	134.525	62.775	152.869144547685
1264341	134.575	62.775	141.058313355539
1264700	152.525	62.775	144.105798041211
1264889	-164.025	62.725	141.75178541562
1264968	-160.075	62.725	136.14367620054
1265423	-137.325	62.725	144.423834914086
1265424	-137.275	62.725	144.421694996058
1265425	-137.225	62.725	136.185481908529
1265705	-123.225	62.725	140.408802762676
1269402	61.625	62.725	141.489431865614
1269403	61.675	62.725	141.515483553241
1269478	65.425	62.725	143.175015635485
1269479	65.475	62.725	143.146065169172
1269480	65.525	62.725	143.137455271115
1269939	88.475	62.725	139.381714793321
1269940	88.525	62.725	131.993678119853
1270332	108.125	62.725	140.253660580413
1270333	108.175	62.725	140.231641658721
1270334	108.225	62.725	140.222072532346
1270335	108.275	62.725	140.215577143689
1270336	108.325	62.725	140.20912312527
1270337	108.375	62.725	140.197125655316
1270338	108.425	62.725	140.178053603367
1270339	108.475	62.725	137.595953295771
1270341	108.575	62.725	140.140185429908
1270342	108.625	62.725	140.134628139938
1270476	115.325	62.725	139.859690377834
1270518	117.425	62.725	150.264688296224
1270519	117.475	62.725	150.247667581437
1270765	129.775	62.725	151.568144302035
1270766	129.825	62.725	151.532301334968
1270857	134.375	62.725	139.619774488919
1270858	134.425	62.725	142.174776185046
1270861	134.575	62.725	152.848816601781
1270862	134.625	62.725	152.818391092629
1270863	134.675	62.725	152.811272668774
1271219	152.475	62.725	143.602796864338
1271220	152.525	62.725	156.382722161212
1271409	-164.025	62.675	140.828333989807
1271487	-160.125	62.675	137.090620609732
1271488	-160.075	62.675	140.736413409569
1271945	-137.225	62.675	144.465755757563
1271946	-137.175	62.675	144.464829664808
1271947	-137.125	62.675	144.464354764028
1271948	-137.075	62.675	144.463728532784
1272225	-123.225	62.675	140.400595756828
1275922	61.625	62.675	141.482600565964
1275923	61.675	62.675	141.44497856875
1276000	65.525	62.675	139.325546522732
1276001	65.575	62.675	143.134886874943
1276002	65.625	62.675	143.126261405536
1276460	88.525	62.675	139.357834577548
1276461	88.575	62.675	139.318419648164
1276861	108.575	62.675	140.105556457498
1276862	108.625	62.675	140.126581492704
1276996	115.325	62.675	150.857790398803
1276997	115.375	62.675	139.804827973836
1277038	117.425	62.675	150.310633939836
1277286	129.825	62.675	127.134590878692
1277287	129.875	62.675	151.521559582528
1277383	134.675	62.675	144.786553820628
1277384	134.725	62.675	152.54839619767
1277385	134.775	62.675	152.517930306969
1277386	134.825	62.675	140.323263115086
1277391	135.075	62.675	138.333023549273
1277392	135.125	62.675	137.684311642247
1277393	135.175	62.675	137.75650841078
1277397	135.375	62.675	152.901880561352
1277398	135.425	62.675	152.885067764901
1277399	135.475	62.675	152.873217569232
1277400	135.525	62.675	152.865329204767
1277707	150.875	62.675	156.370818994531
1277708	150.925	62.675	156.373886309815
1277709	150.975	62.675	156.369342340795
1277710	151.025	62.675	143.217890434423
1277711	151.075	62.675	148.451409774992
1277712	151.125	62.675	156.303182471507
1277713	151.175	62.675	143.730233940322
1277738	152.425	62.675	143.490316517512
1277739	152.475	62.675	156.38640688212
1277929	-164.025	62.625	139.870931593531
1278006	-160.175	62.625	150.577179621576
1278007	-160.125	62.625	137.067723525764
1278468	-137.075	62.625	132.584653713121
1278469	-137.025	62.625	144.466263596337
1278470	-136.975	62.625	144.464179271438
1278471	-136.925	62.625	144.606457187266
1278745	-123.225	62.625	140.397399144369
1282442	61.625	62.625	141.380785394301
1282443	61.675	62.625	141.397337318142
1282522	65.625	62.625	138.694971508312
1282523	65.675	62.625	143.123876809737
1282981	88.575	62.625	139.309806179136
1282982	88.625	62.625	139.27996663446
1283371	108.075	62.625	138.431958616144
1283372	108.125	62.625	139.927525470915
1283373	108.175	62.625	139.934518758913
1283374	108.225	62.625	139.942126680087
1283375	108.275	62.625	139.949054764086
1283376	108.325	62.625	139.968254569726
1283378	108.425	62.625	140.042901986618
1283379	108.475	62.625	140.07150381228
1283380	108.525	62.625	140.101451514403
1283381	108.575	62.625	138.871509718907
1283517	115.375	62.625	150.859719224995
1283518	115.425	62.625	150.861595585921
1283519	115.475	62.625	150.874821524798
1283558	117.425	62.625	150.288451358312
1283807	129.875	62.625	151.472002258994
1283906	134.825	62.625	152.518665708211
1283907	134.875	62.625	152.504074854068
1283908	134.925	62.625	152.498640642537
1283909	134.975	62.625	152.988586192488
1283910	135.025	62.625	152.981398512799
1283911	135.075	62.625	152.969231775014
1283913	135.175	62.625	152.953683958019
1283914	135.225	62.625	139.01596452774
1283915	135.275	62.625	134.644230836228
1283916	135.325	62.625	152.921133919161
1283917	135.375	62.625	143.236678507154
1283920	135.525	62.625	152.847177402175
1283921	135.575	62.625	152.860681290452
1284224	150.725	62.625	156.886279580304
1284225	150.775	62.625	156.886372018233
1284226	150.825	62.625	156.887823874481
1284227	150.875	62.625	151.641132123589
1284233	151.175	62.625	156.298078411165
1284234	151.225	62.625	156.295283718826
1284235	151.275	62.625	156.298631866452
1284236	151.325	62.625	149.684537076078
1284257	152.375	62.625	156.350871019948
1284258	152.425	62.625	156.366403519453
1284449	-164.025	62.575	140.406233093145
1284450	-163.975	62.575	150.581172260261
1284526	-160.175	62.575	150.590897955376
1284991	-136.925	62.575	132.694274052388
1284992	-136.875	62.575	144.606127263771
1284993	-136.825	62.575	144.60779034572
1285264	-123.275	62.575	140.390366259966
1285265	-123.225	62.575	140.393387365875
1288962	61.625	62.575	141.369689451902
1289043	65.675	62.575	138.616248492571
1289044	65.725	62.575	143.113977068127
1289045	65.775	62.575	143.105241374359
1289502	88.625	62.575	130.010506800036
1289503	88.675	62.575	139.274827264127
1289887	107.875	62.575	139.792991557968
1289888	107.925	62.575	139.800679994819
1289889	107.975	62.575	139.836192927913
1289891	108.075	62.575	139.921789592921
1289896	108.325	62.575	137.684498332176
1289897	108.375	62.575	140.008768344281
1289898	108.425	62.575	140.031307357967
1290039	115.475	62.575	150.879430763107
1290040	115.525	62.575	150.894205171693
1290041	115.575	62.575	150.898789709769
1290042	115.625	62.575	150.903020566519
1290043	115.675	62.575	150.917911962782
1290044	115.725	62.575	150.931220646873
1290045	115.775	62.575	150.938097079903
1290078	117.425	62.575	150.262668000772
1290327	129.875	62.575	151.379917151603
1290328	129.925	62.575	151.366742576732
1290441	135.575	62.575	152.835653794344
1290442	135.625	62.575	136.093181874769
1290744	150.725	62.575	150.378581342134
1290745	150.775	62.575	156.914648117123
1290746	150.825	62.575	150.065781310342
1290756	151.325	62.575	156.295491777349
1290757	151.375	62.575	156.296248650353
1290758	151.425	62.575	156.297152590987
1290759	151.475	62.575	156.28709879368
1290760	151.525	62.575	156.288182283862
1290761	151.575	62.575	156.292880649668
1290767	151.875	62.575	147.845895132429
1290768	151.925	62.575	156.307600079529
1290769	151.975	62.575	156.309338454719
1290770	152.025	62.575	156.314883674692
1290777	152.375	62.575	156.344873985821
1290970	-163.975	62.525	139.862109112992
1290971	-163.925	62.525	150.580999866023
1291046	-160.175	62.525	150.562805505166
1291047	-160.125	62.525	135.318152112356
1291513	-136.825	62.525	144.607247661782
1291514	-136.775	62.525	144.606185598415
1291515	-136.725	62.525	138.415778283913
1291784	-123.275	62.525	140.384220108238
1295480	61.525	62.525	139.306004935856
1295481	61.575	62.525	141.538160748219
1295482	61.625	62.525	141.566502342344
1295565	65.775	62.525	143.102485935441
1295566	65.825	62.525	143.095167710109
1295567	65.875	62.525	143.090789161461
1296023	88.675	62.525	129.918114808769
1296024	88.725	62.525	139.245982402381
1296025	88.775	62.525	139.228386798122
1296407	107.875	62.525	139.781819621981
1296409	107.975	62.525	139.845993283397
1296410	108.025	62.525	139.857979043536
1296411	108.075	62.525	139.883655877349
1296564	115.725	62.525	142.205338862714
1296565	115.775	62.525	150.717177584079
1296598	117.425	62.525	150.244222695133
1296599	117.475	62.525	137.212002151189
1296848	129.925	62.525	127.779493703432
1296849	129.975	62.525	151.347052650344
1296962	135.625	62.525	152.805416533747
1297266	150.825	62.525	156.913194422523
1297281	151.575	62.525	149.710105204914
1297282	151.625	62.525	156.283906845886
1297283	151.675	62.525	156.291933383156
1297286	151.825	62.525	147.431364281311
1297287	151.875	62.525	156.309015192256
1297290	152.025	62.525	156.315830807172
1297295	152.275	62.525	156.335796533024
1297296	152.325	62.525	156.337170818132
1297297	152.375	62.525	156.343017669645
1297491	-163.925	62.475	140.929598980604
1297492	-163.875	62.475	150.560434030918
1297567	-160.125	62.475	150.56075800592
1297568	-160.075	62.475	150.565386126963
1298035	-136.725	62.475	144.608948589673
1298036	-136.675	62.475	144.605035591167
1298304	-123.275	62.475	140.383730932031
1302000	61.525	62.475	141.526123397234
1302087	65.875	62.475	141.755786989408
1302088	65.925	62.475	143.095730963731
1302089	65.975	62.475	143.087194398986
1302545	88.775	62.475	130.27270459489
1302546	88.825	62.475	139.224201856261
1302547	88.875	62.475	139.204914217481
1302548	88.925	62.475	139.197687248529
1302549	88.975	62.475	139.221239968803
1302927	107.875	62.475	139.680336644325
1302928	107.925	62.475	139.699329899293
1303084	115.725	62.475	150.730726083723
1303085	115.775	62.475	137.527462363738
1303119	117.475	62.475	150.232967734955
1303120	117.525	62.475	150.216644469313
1303369	129.975	62.475	151.322475678838
1303370	130.025	62.475	128.844327283173
1303482	135.625	62.475	152.680500775314
1303483	135.675	62.475	141.805940254889
1303785	150.775	62.475	156.909175662807
1303786	150.825	62.475	156.921076715334
1303803	151.675	62.475	156.294311582542
1303806	151.825	62.475	156.303514953852
1303810	152.025	62.475	156.321109418645
1303813	152.175	62.475	156.351102410612
1303814	152.225	62.475	156.356196905015
1303815	152.275	62.475	145.269132937899
1303816	152.325	62.475	156.338292747801
1304012	-163.875	62.425	139.001627232432
1304088	-160.075	62.425	150.566189734381
1304089	-160.025	62.425	150.582215953756
1304556	-136.675	62.425	135.179833900109
1304557	-136.625	62.425	144.607847137441
1304823	-123.325	62.425	140.37790561426
1304824	-123.275	62.425	140.380426916825
1308519	61.475	62.425	138.797426121754
1308520	61.525	62.425	141.516348781569
1308609	65.975	62.425	140.112403115216
1308610	66.025	62.425	143.081425481845
1308611	66.075	62.425	143.075444856961
1308612	66.125	62.425	143.066578546088
1308613	66.175	62.425	143.059911665378
1308614	66.225	62.425	143.055944023079
1308615	66.275	62.425	143.051672310002
1308616	66.325	62.425	143.048599863383
1308617	66.375	62.425	143.039257455028
1309069	88.975	62.425	129.461566914923
1309070	89.025	62.425	138.370224119606
1309448	107.925	62.425	139.673577344965
1309453	108.175	62.425	139.530601118429
1309454	108.225	62.425	136.3704772694
1309455	108.275	62.425	139.467352810222
1309604	115.725	62.425	136.102419047898
1309605	115.775	62.425	150.724545403457
1309640	117.525	62.425	150.361733711162
1309890	130.025	62.425	151.293575939392
1309891	130.075	62.425	127.188029965813
1310003	135.675	62.425	152.672180492862
1310004	135.725	62.425	140.733685380557
1310005	135.775	62.425	143.221206294831
1310305	150.775	62.425	156.909984012821
1310323	151.675	62.425	156.290721129043
1310324	151.725	62.425	156.292498860349
1310325	151.775	62.425	156.291686223721
1310326	151.825	62.425	156.294480150489
1310330	152.025	62.425	156.323156320465
1310331	152.075	62.425	156.337759761886
1310332	152.125	62.425	156.353293693509
1310333	152.175	62.425	146.435822437233
1310335	152.275	62.425	156.349582875743
1310336	152.325	62.425	156.35442844062
1310532	-163.875	62.375	140.331273420857
1310609	-160.025	62.375	150.586300005377
1311077	-136.625	62.375	144.605024030713
1311078	-136.575	62.375	144.603856778008
1311079	-136.525	62.375	144.611670781351
1311080	-136.475	62.375	144.621304184752
1311342	-123.375	62.375	140.152497828824
1311343	-123.325	62.375	140.15544218827
1315039	61.475	62.375	141.48424709121
1315137	66.375	62.375	139.239715916966
1315138	66.425	62.375	143.036184679532
1315139	66.475	62.375	143.027685592088
1315590	89.025	62.375	138.356326485312
1315650	92.025	62.375	145.829990945315
1315651	92.075	62.375	145.812650835945
1315968	107.925	62.375	139.647740826061
1315969	107.975	62.375	139.618274706963
1315973	108.175	62.375	139.540121479039
1315975	108.275	62.375	139.463593748514
1316124	115.725	62.375	150.727573504506
1316125	115.775	62.375	150.733593580631
1316126	115.825	62.375	150.73971379694
1316127	115.875	62.375	150.744927345972
1316128	115.925	62.375	138.367938296873
1316160	117.525	62.375	134.164634489786
1316411	130.075	62.375	151.289024597871
1316525	135.775	62.375	152.650810136927
1316526	135.825	62.375	159.759075669445
1316825	150.775	62.375	156.98953327655
1316851	152.075	62.375	156.337810152891
1316852	152.125	62.375	156.344791205754
1317052	-163.875	62.325	150.509707863833
1317129	-160.025	62.325	137.299840704587
1317130	-159.975	62.325	150.613996593562
1317600	-136.475	62.325	144.611119364351
1317601	-136.425	62.325	144.618412260933
1317602	-136.375	62.325	144.616620840611
1317603	-136.325	62.325	136.152296259168
1317862	-123.375	62.325	140.149036495769
1321559	61.475	62.325	143.268706070082
1321659	66.475	62.325	143.025320204144
1322110	89.025	62.325	138.338758613585
1322167	91.875	62.325	146.048083915231
1322168	91.925	62.325	146.0338637123
1322169	91.975	62.325	146.029510042274
1322170	92.025	62.325	144.553828295238
1322171	92.075	62.325	145.806763118538
1322172	92.125	62.325	145.789809122894
1322489	107.975	62.325	139.612650208718
1322490	108.025	62.325	139.596680855268
1322491	108.075	62.325	139.587417532234
1322492	108.125	62.325	136.475154088285
1322493	108.175	62.325	136.764680136367
1322495	108.275	62.325	139.404952894487
1322648	115.925	62.325	150.742533287976
1322649	115.975	62.325	150.742766087635
1322650	116.025	62.325	150.747280568208
1322651	116.075	62.325	150.757701328962
1322652	116.125	62.325	138.574170340417
1322680	117.525	62.325	150.378190126859
1322681	117.575	62.325	135.838368923534
1322930	130.025	62.325	125.334182052337
1322931	130.075	62.325	151.260791555611
1323046	135.825	62.325	152.43144901264
1323345	150.775	62.325	156.980513731768
1323572	-163.875	62.275	150.502040637094
1323650	-159.975	62.275	150.621074288668
1323651	-159.925	62.275	137.787042190549
1324122	-136.375	62.275	144.644826744641
1324123	-136.325	62.275	144.616004751761
1324382	-123.375	62.275	140.146422645041
1324383	-123.325	62.275	140.140890624788
1328079	61.475	62.275	143.276071305513
1328080	61.525	62.275	138.981355442443
1328179	66.475	62.275	139.321725866258
1328180	66.525	62.275	143.019591457767
1328181	66.575	62.275	143.008263488178
1328182	66.625	62.275	143.004320396566
1328183	66.675	62.275	143.000806046491
1328630	89.025	62.275	138.317906942761
1328686	91.825	62.275	146.070381772504
1328687	91.875	62.275	144.344664634919
1328692	92.125	62.275	145.781220757931
1329015	108.275	62.275	139.290578196912
1329016	108.325	62.275	136.254855789543
1329172	116.125	62.275	150.783509077242
1329173	116.175	62.275	135.427662860033
1329201	117.575	62.275	150.395041389985
1329202	117.625	62.275	150.378452529221
1329449	129.975	62.275	151.22135611032
1329450	130.025	62.275	151.230062530339
1329566	135.825	62.275	142.247174786645
1329567	135.875	62.275	152.422060296593
1329796	147.325	62.275	160.384053474191
1329797	147.375	62.275	160.295021379922
1329798	147.425	62.275	160.268544447052
1329799	147.475	62.275	160.235490085709
1329800	147.525	62.275	160.234876700121
1329801	147.575	62.275	160.233512084527
1329802	147.625	62.275	160.121563499222
1329803	147.675	62.275	148.066372568024
1329804	147.725	62.275	160.119579600283
1329805	147.775	62.275	156.997911222762
1329865	150.775	62.275	157.178540202973
1329866	150.825	62.275	157.193572484834
1330092	-163.875	62.225	141.982205081648
1330171	-159.925	62.225	150.60332455396
1330172	-159.875	62.225	150.606177558686
1330173	-159.825	62.225	150.609419962615
1330174	-159.775	62.225	150.612035334318
1330642	-136.375	62.225	131.653964158933
1330643	-136.325	62.225	144.644925320531
1330903	-123.325	62.225	150.825148089255
1330904	-123.275	62.225	139.802535004458
1330905	-123.225	62.225	139.799901537796
1330906	-123.175	62.225	135.334826361375
1334600	61.525	62.225	138.972159853367
1334703	66.675	62.225	142.99771298467
1334704	66.725	62.225	142.989225727894
1334705	66.775	62.225	142.999587668974
1334706	66.825	62.225	142.995440438979
1334707	66.875	62.225	142.989964407068
1334708	66.925	62.225	142.986092463005
1334709	66.975	62.225	142.983494097351
1334710	67.025	62.225	142.981082062101
1334711	67.075	62.225	142.978809077022
1335150	89.025	62.225	138.291077456843
1335151	89.075	62.225	138.27845608904
1335206	91.825	62.225	144.26308018905
1335212	92.125	62.225	145.765054437336
1335535	108.275	62.225	135.935817677006
1335536	108.325	62.225	139.280093303361
1335692	116.125	62.225	150.770626335185
1335693	116.175	62.225	150.755994022216
1335722	117.625	62.225	150.37329166447
1335723	117.675	62.225	150.359392377751
1335724	117.725	62.225	138.571482877306
1335968	129.925	62.225	151.16757519356
1335969	129.975	62.225	151.204087396506
1336086	135.825	62.225	152.389915761888
1336087	135.875	62.225	152.399083221098
1336316	147.325	62.225	160.4260784923
1336325	147.775	62.225	158.455993190488
1336326	147.825	62.225	158.454334892865
1336327	147.875	62.225	158.463912600797
1336328	147.925	62.225	148.192231408726
1336329	147.975	62.225	147.760624703498
1336384	150.725	62.225	157.184685186496
1336385	150.775	62.225	153.141164242633
1336612	-163.875	62.175	141.560760276134
1336694	-159.775	62.175	133.910205299411
1337163	-136.325	62.175	144.642680473857
1337426	-123.175	62.175	139.798974702761
1337427	-123.125	62.175	139.795132420121
1337428	-123.075	62.175	139.793984393152
1337429	-123.025	62.175	139.793044726558
1337430	-122.975	62.175	139.791241641521
1337431	-122.925	62.175	139.790928692154
1337435	-122.725	62.175	137.772669926996
1337436	-122.675	62.175	137.715521936401
1337437	-122.625	62.175	137.971187817027
1337438	-122.575	62.175	138.194059720621
1341119	61.475	62.175	138.924762657746
1341120	61.525	62.175	137.780086780084
1341231	67.075	62.175	139.160873216412
1341232	67.125	62.175	142.976186045468
1341233	67.175	62.175	142.970371354769
1341671	89.075	62.175	132.203117144124
1341672	89.125	62.175	138.274931026606
1341725	91.775	62.175	146.102918411455
1341726	91.825	62.175	144.48126927181
1341732	92.125	62.175	145.568035263923
1341733	92.175	62.175	145.553723143427
1341734	92.225	62.175	145.548286837725
1341735	92.275	62.175	147.672754831079
1342054	108.225	62.175	139.210766918975
1342055	108.275	62.175	139.251306582482
1342212	116.125	62.175	150.772119027548
1342243	117.675	62.175	150.500186501526
1342244	117.725	62.175	150.360776072408
1342487	129.875	62.175	151.159695296342
1342488	129.925	62.175	125.880909305611
1342602	135.625	62.175	144.460095440431
1342603	135.675	62.175	152.363559703403
1342604	135.725	62.175	152.373021256462
1342605	135.775	62.175	152.376501353549
1342606	135.825	62.175	152.386087819051
1342834	147.225	62.175	160.707616509959
1342835	147.275	62.175	160.712823953124
1342836	147.325	62.175	152.252690599094
1342849	147.975	62.175	158.403862998937
1342850	148.025	62.175	158.416640514594
1342904	150.725	62.175	157.187565671486
1343132	-163.875	62.125	136.97822865597
1343133	-163.825	62.125	140.910401627943
1343213	-159.825	62.125	137.254287651397
1343214	-159.775	62.125	150.07761051682
1343683	-136.325	62.125	144.644348865174
1343684	-136.275	62.125	145.063821817322
1343685	-136.225	62.125	145.0634292335
1343686	-136.175	62.125	145.069048439018
1343687	-136.125	62.125	129.810656878624
1343951	-122.925	62.125	138.86822185439
1343952	-122.875	62.125	139.789412602038
1343953	-122.825	62.125	139.78650689021
1343954	-122.775	62.125	139.785036423813
1343955	-122.725	62.125	139.783855216108
1343958	-122.575	62.125	139.780590842517
1343959	-122.525	62.125	139.778837578583
1343960	-122.475	62.125	139.777587124389
1343961	-122.425	62.125	139.77660959997
1343962	-122.375	62.125	139.775198724343
1343963	-122.325	62.125	139.774369962447
1343964	-122.275	62.125	139.773176340685
1347638	61.425	62.125	138.455359331177
1347639	61.475	62.125	138.895065372761
1347753	67.175	62.125	140.360898294711
1347754	67.225	62.125	142.965670205432
1347755	67.275	62.125	142.955471603017
1348192	89.125	62.125	138.261845975447
1348240	91.525	62.125	146.397145613249
1348241	91.575	62.125	146.133303303616
1348242	91.625	62.125	146.124897423393
1348243	91.675	62.125	146.118808903645
1348244	91.725	62.125	146.112314075748
1348245	91.775	62.125	145.894226341063
1348255	92.275	62.125	145.542929897897
1348256	92.325	62.125	145.514839889366
1348257	92.375	62.125	145.507662425619
1348573	108.175	62.125	139.183967114032
1348574	108.225	62.125	139.158567885506
1348732	116.125	62.125	150.777759256877
1348733	116.175	62.125	150.806210695477
1348734	116.225	62.125	137.608702477562
1348760	117.525	62.125	150.759332907446
1348761	117.575	62.125	136.515606709495
1348762	117.625	62.125	150.495380289924
1348763	117.675	62.125	150.472770509646
1349007	129.875	62.125	151.123017156006
1349122	135.625	62.125	152.355945007035
1349123	135.675	62.125	152.344887972849
1349354	147.225	62.125	160.73139021381
1349370	148.025	62.125	158.408877967864
1349371	148.075	62.125	158.328514674129
1349377	148.375	62.125	158.221019078452
1349378	148.425	62.125	158.222197329392
1349379	148.475	62.125	158.232455004602
1349421	150.575	62.125	157.523948199319
1349422	150.625	62.125	157.182007603463
1349423	150.675	62.125	157.187109860559
1349424	150.725	62.125	152.318402990158
1349653	-163.825	62.075	150.423214093992
1349654	-163.775	62.075	150.41597427363
1349655	-163.725	62.075	150.418269245486
1349656	-163.675	62.075	150.416151866634
1349657	-163.625	62.075	150.407764988941
1349658	-163.575	62.075	150.404484634839
1349659	-163.525	62.075	150.39857273584
1349660	-163.475	62.075	150.39397812076
1349661	-163.425	62.075	150.390004205534
1349729	-160.025	62.075	139.385249915589
1349730	-159.975	62.075	150.106639200175
1349731	-159.925	62.075	150.100669697372
1349732	-159.875	62.075	150.09454837318
1349733	-159.825	62.075	150.089915850074
1350207	-136.125	62.075	145.072451330721
1350208	-136.075	62.075	145.081334819098
1350209	-136.025	62.075	145.091940304424
1350210	-135.975	62.075	145.094584844553
1350211	-135.925	62.075	145.09700876445
1350216	-135.675	62.075	145.238006790937
1350217	-135.625	62.075	130.27683887089
1350484	-122.275	62.075	139.772382110272
1350485	-122.225	62.075	139.769647928903
1350486	-122.175	62.075	139.770443126628
1350487	-122.125	62.075	139.769632953798
1350488	-122.075	62.075	139.767873108382
1350489	-122.025	62.075	139.766770923072
1350490	-121.975	62.075	139.765402210051
1354158	61.425	62.075	138.437539897558
1354275	67.275	62.075	135.699762652763
1354276	67.325	62.075	142.952869402713
1354277	67.375	62.075	140.469708947468
1354712	89.125	62.075	129.927723630328
1354713	89.175	62.075	138.24490761711
1354759	91.475	62.075	146.412011168427
1354760	91.525	62.075	145.227119072769
1354777	92.375	62.075	145.437641785879
1354778	92.425	62.075	145.413403512556
1355094	108.225	62.075	139.153316799394
1355095	108.275	62.075	139.097584310809
1355254	116.225	62.075	150.808498217023
1355255	116.275	62.075	150.768780023481
1355256	116.325	62.075	150.773137030258
1355257	116.375	62.075	150.784344641983
1355279	117.475	62.075	150.736397162045
1355280	117.525	62.075	150.748267385606
1355282	117.625	62.075	150.462739521705
1355283	117.675	62.075	150.467539107631
1355527	129.875	62.075	125.069063316333
1355643	135.675	62.075	152.341594417399
1355644	135.725	62.075	152.326742410232
1355645	135.775	62.075	152.306862644942
1355874	147.225	62.075	160.747164731178
1355891	148.075	62.075	145.109194684637
1355892	148.125	62.075	158.327880384967
1355894	148.225	62.075	158.218217522135
1355895	148.275	62.075	158.218213090303
1355896	148.325	62.075	158.240846256596
1355897	148.375	62.075	146.267370165516
1355899	148.475	62.075	158.226962355885
1355900	148.525	62.075	158.159175005492
1355901	148.575	62.075	158.156730478946
1355931	150.075	62.075	157.49180899458
1355932	150.125	62.075	157.495373515374
1355933	150.175	62.075	157.494694494596
1355934	150.225	62.075	157.505040828237
1355935	150.275	62.075	157.509642727695
1355936	150.325	62.075	157.514522517774
1355937	150.375	62.075	157.51989091764
1355938	150.425	62.075	157.527280172985
1355939	150.475	62.075	157.527041064202
1355940	150.525	62.075	157.522252152483
1355941	150.575	62.075	157.528623590517
1356181	-163.425	62.025	140.899980097952
1356182	-163.375	62.025	141.329528350176
1356183	-163.325	62.025	150.385319020045
1356184	-163.275	62.025	150.379538763306
1356185	-163.225	62.025	147.881875944772
1356197	-162.625	62.025	141.410039195376
1356198	-162.575	62.025	146.44636374615
1356199	-162.525	62.025	150.370792306388
1356200	-162.475	62.025	150.354135828999
1356249	-160.025	62.025	150.109627748014
1356730	-135.975	62.025	145.096252223736
1356731	-135.925	62.025	145.101703107712
1356732	-135.875	62.025	145.103095742495
1356733	-135.825	62.025	145.118041203512
1356734	-135.775	62.025	145.119853829132
1356735	-135.725	62.025	145.215749698674
1356736	-135.675	62.025	127.032447638191
1356737	-135.625	62.025	145.252308843687
1356738	-135.575	62.025	145.253438216444
1356739	-135.525	62.025	145.403822778746
1356740	-135.475	62.025	129.363940942239
1356861	-129.425	62.025	162.43600104946
1356862	-129.375	62.025	162.605155850333
1356863	-129.325	62.025	163.257981675834
1356864	-129.275	62.025	163.894228504213
1356865	-129.225	62.025	164.162315487397
1356866	-129.175	62.025	164.455679768026
1356867	-129.125	62.025	165.519760405795
1356868	-129.075	62.025	165.333032375948
1357010	-121.975	62.025	135.086472967418
1357011	-121.925	62.025	139.764314554913
1357012	-121.875	62.025	139.762028971434
1357013	-121.825	62.025	139.76058916639
1360678	61.425	62.025	138.3655783171
1360797	67.375	62.025	142.945383328827
1361233	89.175	62.025	138.222802830427
1361234	89.225	62.025	138.18293370396
1361279	91.475	62.025	146.4307456321
1361298	92.425	62.025	145.406885074507
1361299	92.475	62.025	145.392274049534
1361344	94.725	62.025	144.512606462072
1361345	94.775	62.025	144.481537619849
1361346	94.825	62.025	144.476664790598
1361614	108.225	62.025	139.058289450491
1361615	108.275	62.025	139.084043651445
1361777	116.375	62.025	132.249247028595
1361778	116.425	62.025	150.772742633599
1361779	116.475	62.025	135.365433152683
1361780	116.525	62.025	136.700029790658
1361781	116.575	62.025	137.383586240858
1361782	116.625	62.025	136.827934432675
1361798	117.425	62.025	135.718475248565
1361799	117.475	62.025	150.732339017808
1362046	129.825	62.025	126.849133678535
1362047	129.875	62.025	151.102251364387
1362163	135.675	62.025	143.157556950674
1362164	135.725	62.025	152.304292930602
1362165	135.775	62.025	152.323787694338
1362394	147.225	62.025	160.805762350725
1362395	147.275	62.025	160.830255185206
1362412	148.125	62.025	147.867899454199
1362413	148.175	62.025	158.210348238124
1362414	148.225	62.025	158.216115671159
1362421	148.575	62.025	158.129924864924
1362422	148.625	62.025	158.120280502497
1362449	149.975	62.025	157.445777815013
1362450	150.025	62.025	157.463276043698
1362451	150.075	62.025	157.485381613827
1362705	-163.225	61.975	150.408649971306
1362706	-163.175	61.975	141.395374421799
1362716	-162.675	61.975	150.393064583115
1362717	-162.625	61.975	150.38146407498
1362720	-162.475	61.975	139.833571331821
1362721	-162.425	61.975	150.34989048416
1362722	-162.375	61.975	140.768426333208
1362723	-162.325	61.975	150.325589773855
1362724	-162.275	61.975	150.310709317891
1362725	-162.225	61.975	150.306156186837
1362726	-162.175	61.975	150.301149601241
1362752	-160.875	61.975	150.142852190518
1362753	-160.825	61.975	150.13954775072
1362754	-160.775	61.975	150.138190342348
1362755	-160.725	61.975	150.135219984116
1362756	-160.675	61.975	150.139937606839
1362757	-160.625	61.975	150.134752607449
1362758	-160.575	61.975	141.225448449229
1362759	-160.525	61.975	144.382176671672
1362760	-160.475	61.975	141.081205078201
1362761	-160.425	61.975	150.116832567448
1362762	-160.375	61.975	150.112181317248
1362763	-160.325	61.975	150.108177128364
1362764	-160.275	61.975	150.105817422172
1362765	-160.225	61.975	150.103410769651
1362766	-160.175	61.975	150.102060594878
1362767	-160.125	61.975	138.047894736844
1362768	-160.075	61.975	138.041120538426
1362769	-160.025	61.975	150.120820839892
1363260	-135.475	61.975	145.409834572374
1363261	-135.425	61.975	145.411172146224
1363262	-135.375	61.975	145.443915005304
1363263	-135.325	61.975	145.447981539952
1363264	-135.275	61.975	145.451976214068
1363265	-135.225	61.975	145.456506368883
1363380	-129.475	61.975	161.667633188825
1363381	-129.425	61.975	160.777564360768
1363533	-121.825	61.975	139.760317625864
1363534	-121.775	61.975	139.757168274772
1363535	-121.725	61.975	139.756607655097
1363536	-121.675	61.975	139.755379911916
1363537	-121.625	61.975	139.755952149638
1367198	61.425	61.975	138.370944757121
1367317	67.375	61.975	142.936425363881
1367754	89.225	61.975	138.180905385193
1367798	91.425	61.975	144.883247014206
1367799	91.475	61.975	146.478877499454
1367819	92.475	61.975	145.381649000396
1367862	94.625	61.975	144.554811950717
1367863	94.675	61.975	144.531757974239
1367864	94.725	61.975	144.624301454119
1367866	94.825	61.975	144.470729018698
1367867	94.875	61.975	144.435580911654
1367868	94.925	61.975	144.427622050702
1367869	94.975	61.975	144.417793208371
1368132	108.125	61.975	139.02127151605
1368133	108.175	61.975	139.050208524939
1368134	108.225	61.975	137.509149115308
1368302	116.625	61.975	150.737334354648
1368303	116.675	61.975	150.738094091983
1368304	116.725	61.975	150.743985978958
1368305	116.775	61.975	150.747788114473
1368306	116.825	61.975	150.75533045148
1368307	116.875	61.975	150.763032814937
1368308	116.925	61.975	150.764938817724
1368309	116.975	61.975	138.455948441763
1368310	117.025	61.975	136.960091394785
1368315	117.275	61.975	150.778313095468
1368316	117.325	61.975	150.786257375227
1368317	117.375	61.975	150.789835201111
1368318	117.425	61.975	150.720636364322
1368566	129.825	61.975	126.385108493718
1368680	135.525	61.975	140.707136809195
1368681	135.575	61.975	152.284065343859
1368682	135.625	61.975	152.279644126156
1368683	135.675	61.975	152.298816751488
1368915	147.275	61.975	149.759424206996
1368916	147.325	61.975	160.907631154066
1368917	147.375	61.975	160.916480178388
1368942	148.625	61.975	158.115618853636
1368943	148.675	61.975	158.093592577505
1368966	149.825	61.975	157.376981504972
1368967	149.875	61.975	157.413396572014
1368968	149.925	61.975	157.424584343077
1368969	149.975	61.975	157.438581935084
1369226	-163.175	61.925	150.39301120325
1369227	-163.125	61.925	150.388576034078
1369231	-162.925	61.925	150.371314634898
1369232	-162.875	61.925	150.38303361675
1369233	-162.825	61.925	150.411792535848
1369234	-162.775	61.925	150.405861865951
1369235	-162.725	61.925	141.462661489514
1369236	-162.675	61.925	150.389905399156
1369241	-162.425	61.925	150.337300521586
1369242	-162.375	61.925	150.329964157941
1369246	-162.175	61.925	138.268482557907
1369247	-162.125	61.925	150.313523979801
1369266	-161.175	61.925	144.719961822844
1369267	-161.125	61.925	144.583858059568
1369268	-161.075	61.925	144.974924213149
1369269	-161.025	61.925	150.148901227385
1369270	-160.975	61.925	150.146235888062
1369271	-160.925	61.925	150.146545219767
1369272	-160.875	61.925	150.145489217516
1369785	-135.225	61.925	145.45851589332
1369786	-135.175	61.925	145.465869086747
1369787	-135.125	61.925	145.468155452488
1369788	-135.075	61.925	145.492851899869
1369789	-135.025	61.925	145.495229147772
1369790	-134.975	61.925	145.502028420992
1369791	-134.925	61.925	145.527641534623
1369898	-129.575	61.925	160.855807551063
1369899	-129.525	61.925	160.921645069016
1369900	-129.475	61.925	161.37603160248
1370057	-121.625	61.925	137.869359139505
1370058	-121.575	61.925	139.754127019748
1370059	-121.525	61.925	139.755375767167
1370060	-121.475	61.925	139.75425552878
1370061	-121.425	61.925	132.347808396776
1373717	61.375	61.925	138.315908021897
1373718	61.425	61.925	138.291977820816
1373837	67.375	61.925	136.385177152025
1373838	67.425	61.925	142.911258135837
1374274	89.225	61.925	131.422965768732
1374275	89.275	61.925	138.172964642357
1374318	91.425	61.925	146.49372638584
1374339	92.475	61.925	145.367432039151
1374340	92.525	61.925	145.351354912281
1374341	92.575	61.925	145.346981107438
1374342	92.625	61.925	145.340878322874
1374343	92.675	61.925	145.329533248917
1374364	93.725	61.925	144.633346434649
1374365	93.775	61.925	144.812416423509
1374381	94.575	61.925	144.576381219273
1374382	94.625	61.925	144.778609325129
1374389	94.975	61.925	144.412975183163
1374390	95.025	61.925	144.401838583704
1374391	95.075	61.925	144.396827167319
1374392	95.125	61.925	144.39095617495
1374393	95.175	61.925	144.383800872798
1374394	95.225	61.925	144.377769260413
1374650	108.025	61.925	139.01083313035
1374651	108.075	61.925	136.007254658017
1374652	108.125	61.925	138.91995417549
1374830	117.025	61.925	150.767646374365
1374831	117.075	61.925	150.765510884892
1374832	117.125	61.925	150.767146551525
1374833	117.175	61.925	150.772417184926
1374834	117.225	61.925	150.769893907008
1374835	117.275	61.925	150.779349853221
1375085	129.775	61.925	151.062914836489
1375086	129.825	61.925	151.017686270737
1375200	135.525	61.925	152.269186131524
1375437	147.375	61.925	161.193003721721
1375438	147.425	61.925	161.204845219474
1375462	148.625	61.925	158.102478994696
1375463	148.675	61.925	158.096757464723
1375484	149.725	61.925	157.349788173076
1375485	149.775	61.925	157.368973665057
1375486	149.825	61.925	147.787539642984
1375747	-163.125	61.875	139.406008466983
1375748	-163.075	61.875	139.062379840481
1375749	-163.025	61.875	136.302864634945
1375750	-162.975	61.875	134.645643138431
1375751	-162.925	61.875	139.710795753581
1375767	-162.125	61.875	150.300681293172
1375784	-161.275	61.875	150.182827081767
1375785	-161.225	61.875	150.171986077631
1375786	-161.175	61.875	150.164210255031
1376311	-134.925	61.875	145.601474305897
1376418	-129.575	61.875	160.55843998508
1376581	-121.425	61.875	139.75269128918
1376582	-121.375	61.875	139.749569038369
1376583	-121.325	61.875	139.748786428523
1376584	-121.275	61.875	139.758396793094
1376585	-121.225	61.875	131.196136498088
1376586	-121.175	61.875	127.244838283184
1380237	61.375	61.875	138.280254254841
1380238	61.425	61.875	138.270632552514
1380358	67.425	61.875	142.903179789523
1380359	67.475	61.875	142.893957132308
1380795	89.275	61.875	138.15817049123
1380796	89.325	61.875	138.145593519987
1380797	89.375	61.875	138.151270247327
1380798	89.425	61.875	131.888143310997
1380838	91.425	61.875	146.513043011855
1380863	92.675	61.875	143.907569491172
1380864	92.725	61.875	145.324990173467
1380865	92.775	61.875	145.307577181453
1380883	93.675	61.875	144.831034001218
1380884	93.725	61.875	144.816774300218
1380885	93.775	61.875	143.159408686434
1380886	93.825	61.875	144.79991449974
1380887	93.875	61.875	144.780870969285
1380888	93.925	61.875	144.775615963085
1380889	93.975	61.875	144.770709768327
1380890	94.025	61.875	144.76407885347
1380895	94.275	61.875	144.697635527716
1380896	94.325	61.875	144.683333272816
1380900	94.525	61.875	144.641793551327
1380901	94.575	61.875	144.587537747548
1380914	95.225	61.875	144.276760811893
1380915	95.275	61.875	144.262794606227
1380916	95.325	61.875	144.250334489187
1380917	95.375	61.875	148.720919654996
1380921	95.575	61.875	144.183554434957
1380922	95.625	61.875	144.173745242563
1380923	95.675	61.875	144.116050508556
1380924	95.725	61.875	144.104316237833
1380925	95.775	61.875	144.095847688403
1381170	108.025	61.875	138.955104549053
1381171	108.075	61.875	138.929335089532
1381172	108.125	61.875	138.874332802693
1381604	129.725	61.875	151.039144419547
1381605	129.775	61.875	128.307176533048
1381720	135.525	61.875	152.233812464839
1381917	145.375	61.875	163.920266358578
1381918	145.425	61.875	163.786699617257
1381919	145.475	61.875	164.068034874312
1381920	145.525	61.875	163.887556838908
1381921	145.575	61.875	163.847216624154
1381922	145.625	61.875	163.802409142463
1381923	145.675	61.875	163.735611047252
1381924	145.725	61.875	163.714099072439
1381925	145.775	61.875	163.652871794814
1381926	145.825	61.875	163.660010134332
1381927	145.875	61.875	162.541045071379
1381958	147.425	61.875	161.209276829705
1381982	148.625	61.875	158.115110900171
1381983	148.675	61.875	155.493190900795
1382002	149.625	61.875	157.32928832457
1382003	149.675	61.875	157.355168378062
1382004	149.725	61.875	146.664875793968
1382287	-162.125	61.825	150.298949860272
1382288	-162.075	61.825	135.227928198838
1382303	-161.325	61.825	150.186336429212
1382304	-161.275	61.825	138.494608261851
1382830	-134.975	61.825	145.570685695459
1382831	-134.925	61.825	134.921612315876
1382937	-129.625	61.825	157.730908365436
1382938	-129.575	61.825	154.792239933456
1383104	-121.275	61.825	149.672970233789
1383106	-121.175	61.825	131.19685834845
1383107	-121.125	61.825	131.199704721492
1383108	-121.075	61.825	131.200173518246
1383109	-121.025	61.825	131.200758509737
1383110	-120.975	61.825	131.201677400737
1383111	-120.925	61.825	131.202231651834
1383112	-120.875	61.825	131.20362267564
1383113	-120.825	61.825	131.204570222829
1383114	-120.775	61.825	131.206803277429
1386758	61.425	61.825	138.257359082096
1386759	61.475	61.825	138.206942030367
1386879	67.475	61.825	137.745344677029
1386880	67.525	61.825	142.89064896417
1387318	89.425	61.825	138.148300497352
1387319	89.475	61.825	138.140925749598
1387358	91.425	61.825	146.536386163289
1387359	91.475	61.825	142.049718734036
1387385	92.775	61.825	145.84287863854
1387386	92.825	61.825	145.363480624159
1387387	92.875	61.825	145.327074811236
1387388	92.925	61.825	145.316909904309
1387389	92.975	61.825	145.310540772428
1387393	93.175	61.825	145.266935810143
1387394	93.225	61.825	145.249369550051
1387395	93.275	61.825	145.244340749276
1387396	93.325	61.825	145.220903324922
1387397	93.375	61.825	145.211652761561
1387398	93.425	61.825	145.204907854297
1387399	93.475	61.825	145.199158637097
1387400	93.525	61.825	145.193121048893
1387403	93.675	61.825	145.111144769018
1387404	93.725	61.825	145.147051213742
1387410	94.025	61.825	142.552707738796
1387411	94.075	61.825	144.758433327222
1387412	94.125	61.825	144.742531619024
1387413	94.175	61.825	144.709862888138
1387414	94.225	61.825	144.705986301027
1387415	94.275	61.825	144.543047206902
1387416	94.325	61.825	146.415991565166
1387417	94.375	61.825	144.677975481467
1387418	94.425	61.825	144.66506821749
1387419	94.475	61.825	144.659201863172
1387420	94.525	61.825	144.652373236165
1387437	95.375	61.825	144.247063390498
1387438	95.425	61.825	144.222215889516
1387439	95.475	61.825	144.217732656952
1387440	95.525	61.825	144.208023238359
1387441	95.575	61.825	146.606327224944
1387445	95.775	61.825	143.993935794318
1387446	95.825	61.825	143.960163484276
1387447	95.875	61.825	143.95597621971
1387691	108.075	61.825	138.855735756836
1387692	108.125	61.825	137.786700087893
1388123	129.675	61.825	150.99578796748
1388124	129.725	61.825	125.574011702078
1388240	135.525	61.825	152.221382245091
1388436	145.325	61.825	164.316751910191
1388437	145.375	61.825	164.226367401218
1388438	145.425	61.825	164.188783851766
1388447	145.875	61.825	163.53674687233
1388448	145.925	61.825	163.538942321833
1388449	145.975	61.825	162.458110802038
1388478	147.425	61.825	161.331430299526
1388503	148.675	61.825	158.108816274119
1388504	148.725	61.825	153.382144775489
1388521	149.575	61.825	157.338581495344
1388522	149.625	61.825	143.857106005737
1388808	-162.075	61.775	150.28378619517
1388809	-162.025	61.775	150.268848001217
1388823	-161.325	61.775	150.188549724848
1389350	-134.975	61.775	145.607839681838
1389351	-134.925	61.775	145.615877929532
1389456	-129.675	61.775	157.4726211788
1389457	-129.625	61.775	149.163337522979
1389624	-121.275	61.775	127.602531086296
1389625	-121.225	61.775	149.668092863185
1389626	-121.175	61.775	149.652705977281
1389634	-120.775	61.775	126.381919444684
1389635	-120.725	61.775	131.208848152274
1389636	-120.675	61.775	129.137340798168
1393279	61.475	61.775	138.204389666038
1393280	61.525	61.775	138.248445591919
1393400	67.525	61.775	139.154848766258
1393839	89.475	61.775	130.211087292301
1393840	89.525	61.775	138.137920955929
1393841	89.575	61.775	138.128111160716
1393842	89.625	61.775	138.123015639752
1393843	89.675	61.775	138.115042274196
1393844	89.725	61.775	135.015468258465
1393879	91.475	61.775	146.546737452312
1393909	92.975	61.775	145.301713487309
1393910	93.025	61.775	145.287873627743
1393911	93.075	61.775	145.284346186234
1393912	93.125	61.775	145.27802046333
1393913	93.175	61.775	145.272806617447
1393920	93.525	61.775	145.188734324563
1393921	93.575	61.775	145.177112012608
1393922	93.625	61.775	145.16946386649
1393923	93.675	61.775	145.165015685747
1393939	94.475	61.775	149.385320108712
1393940	94.525	61.775	151.078887383147
1393967	95.875	61.775	143.948676688588
1393968	95.925	61.775	146.671523677044
1394209	107.975	61.775	138.74312572952
1394210	108.025	61.775	138.770271962522
1394211	108.075	61.775	136.676705044168
1394643	129.675	61.775	150.959315416047
1394754	135.225	61.775	152.168867313159
1394755	135.275	61.775	152.174847294878
1394756	135.325	61.775	152.181129103119
1394757	135.375	61.775	152.188659109827
1394758	135.425	61.775	152.192956133312
1394759	135.475	61.775	152.19602659503
1394760	135.525	61.775	152.203681674568
1394941	144.575	61.775	165.67871089062
1394942	144.625	61.775	164.992076067539
1394943	144.675	61.775	164.885960353764
1394952	145.125	61.775	163.208595224949
1394953	145.175	61.775	164.859054173905
1394954	145.225	61.775	164.837661638469
1394955	145.275	61.775	164.8174352196
1394956	145.325	61.775	162.358755989744
1394969	145.975	61.775	163.449107836503
1394970	146.025	61.775	163.455132134622
1394971	146.075	61.775	163.461119370268
1394972	146.125	61.775	162.60015443113
1394998	147.425	61.775	161.375819901317
1395024	148.725	61.775	158.108929157939
1395025	148.775	61.775	158.113497576749
1395041	149.575	61.775	157.327475308407
1395329	-162.025	61.725	139.477674488509
1395330	-161.975	61.725	150.265185455547
1395343	-161.325	61.725	150.207743480193
1395871	-134.925	61.725	145.621392923844
1395872	-134.875	61.725	145.632141449806
1395976	-129.675	61.725	157.137292594171
1396144	-121.275	61.725	149.648109698519
1396145	-121.225	61.725	149.660658847387
1396156	-120.675	61.725	131.228753389154
1399800	61.525	61.725	138.159351350049
1399801	61.575	61.725	138.116956892904
1399802	61.625	61.725	138.137254947936
1399803	61.675	61.725	138.1307927415
1399920	67.525	61.725	142.868623029948
1400364	89.725	61.725	138.118017771583
1400365	89.775	61.725	138.102390452748
1400382	90.625	61.725	146.611380452931
1400383	90.675	61.725	146.591259002645
1400384	90.725	61.725	146.577665246689
1400399	91.475	61.725	146.560873009283
1400487	95.875	61.725	143.931779639803
1400488	95.925	61.725	143.916109968381
1400489	95.975	61.725	147.546451614555
1400728	107.925	61.725	138.724514915717
1400729	107.975	61.725	138.725323433933
1400730	108.025	61.725	138.712178571102
1401162	129.625	61.725	150.938483858919
1401163	129.675	61.725	121.602580624222
1401273	135.175	61.725	152.165363537356
1401274	135.225	61.725	152.155215401279
1401463	144.675	61.725	166.240483908613
1401464	144.725	61.725	165.610654295025
1401469	144.975	61.725	165.119790094376
1401470	145.025	61.725	165.067303831777
1401471	145.075	61.725	165.087193896262
1401472	145.125	61.725	164.90663654478
1401492	146.125	61.725	163.376397095748
1401493	146.175	61.725	163.381769646053
1401518	147.425	61.725	161.410227487376
1401545	148.775	61.725	158.123089897319
1401560	149.525	61.725	150.616351014385
1401561	149.575	61.725	157.2408249146
1401850	-161.975	61.675	139.323933002619
1401851	-161.925	61.675	150.255937996648
1401859	-161.525	61.675	146.984800149416
1401860	-161.475	61.675	141.974903308844
1401861	-161.425	61.675	137.947664927105
1401862	-161.375	61.675	150.191969038014
1401863	-161.325	61.675	137.790157795515
1402392	-134.875	61.675	145.636813651543
1402393	-134.825	61.675	145.646981531863
1402495	-129.725	61.675	156.256984989347
1402496	-129.675	61.675	145.453823395417
1402660	-121.475	61.675	149.624585271335
1402661	-121.425	61.675	149.6300086085
1402662	-121.375	61.675	149.632874633916
1402663	-121.325	61.675	149.641947233083
1402664	-121.275	61.675	138.35660864979
1402675	-120.725	61.675	131.230640125796
1402676	-120.675	61.675	131.229714968732
1406323	61.675	61.675	138.113502532438
1406324	61.725	61.675	138.079549343272
1406325	61.775	61.675	138.091841749494
1406440	67.525	61.675	138.964595661847
1406441	67.575	61.675	142.860610338437
1406885	89.775	61.675	138.094127267103
1406894	90.225	61.675	146.68880198058
1406895	90.275	61.675	146.668019516952
1406896	90.325	61.675	146.654932954407
1406897	90.375	61.675	146.64984615508
1406898	90.425	61.675	146.635038471466
1406899	90.475	61.675	146.625589177374
1406900	90.525	61.675	146.620809997082
1406901	90.575	61.675	146.614305714192
1406902	90.625	61.675	140.253359218675
1406904	90.725	61.675	138.804676993361
1406905	90.775	61.675	146.560217744631
1406906	90.825	61.675	146.604785504819
1406907	90.875	61.675	146.597276060834
1406917	91.375	61.675	146.574464732007
1406918	91.425	61.675	146.561498312862
1406919	91.475	61.675	146.554302365594
1406920	91.525	61.675	146.560880554756
1407009	95.975	61.675	143.905925383814
1407016	96.325	61.675	143.819316266062
1407017	96.375	61.675	143.780833929116
1407018	96.425	61.675	140.604837699238
1407249	107.975	61.675	138.701805403686
1407250	108.025	61.675	138.657263866892
1407680	129.525	61.675	120.298153016928
1407681	129.575	61.675	150.897437147887
1407682	129.625	61.675	150.91970402748
1407794	135.225	61.675	152.149655534701
1407795	135.275	61.675	152.133133726544
1407984	144.725	61.675	165.605494086549
1407985	144.775	61.675	165.479448411671
1407986	144.825	61.675	165.415301756243
1407987	144.875	61.675	165.351444738772
1407988	144.925	61.675	165.254668716372
1407989	144.975	61.675	165.189838224679
1408013	146.175	61.675	161.607331517214
1408014	146.225	61.675	163.340498592309
1408038	147.425	61.675	152.31012727055
1408039	147.475	61.675	161.455206993791
1408065	148.775	61.675	143.24916580278
1408066	148.825	61.675	143.161862721695
1408067	148.875	61.675	157.682510161615
1408068	148.925	61.675	157.687644335918
1408069	148.975	61.675	157.692840415888
1408070	149.025	61.675	157.692445226814
1408071	149.075	61.675	157.694706995625
1408072	149.125	61.675	157.709936453475
1408073	149.175	61.675	153.450814044246
1408074	149.225	61.675	150.802323015317
1408075	149.275	61.675	157.739425803189
1408076	149.325	61.675	157.754933458133
1408077	149.375	61.675	157.771685293493
1408078	149.425	61.675	147.936684647289
1408079	149.475	61.675	157.201157559095
1408080	149.525	61.675	157.230118589319
1408371	-161.925	61.625	138.582059103298
1408373	-161.825	61.625	141.62445145654
1408374	-161.775	61.625	150.215904389225
1408375	-161.725	61.625	150.210861904313
1408376	-161.675	61.625	150.208265783904
1408377	-161.625	61.625	150.203146266017
1408378	-161.575	61.625	150.201021830351
1408379	-161.525	61.625	150.1993202115
1408912	-134.875	61.625	145.669933357224
1408913	-134.825	61.625	145.664757826629
1409015	-129.725	61.625	155.39641212913
1409180	-121.475	61.625	149.619404215783
1409181	-121.425	61.625	136.974757768287
1409195	-120.725	61.625	131.231318586253
1412845	61.775	61.625	138.052494550946
1412846	61.825	61.625	138.049153483871
1412859	62.475	61.625	138.802797081115
1412860	62.525	61.625	138.814619633886
1412861	62.575	61.625	138.814021306898
1412862	62.625	61.625	138.873887634972
1412961	67.575	61.625	134.408362006995
1412962	67.625	61.625	142.849130005199
1412963	67.675	61.625	142.836979029302
1412964	67.725	61.625	142.829761598431
1412965	67.775	61.625	142.825293034748
1412966	67.825	61.625	142.821364535156
1412967	67.875	61.625	142.817170086524
1412968	67.925	61.625	138.140117115658
1413405	89.775	61.625	138.073298741976
1413408	89.925	61.625	138.009540673807
1413409	89.975	61.625	138.001593897866
1413410	90.025	61.625	137.998371120132
1413411	90.075	61.625	128.903700189915
1413413	90.175	61.625	146.71764710966
1413414	90.225	61.625	138.467866049335
1413427	90.875	61.625	138.889663030525
1413428	90.925	61.625	146.590433392795
1413429	90.975	61.625	146.589040196744
1413430	91.025	61.625	137.11774282322
1413433	91.175	61.625	146.559368334627
1413434	91.225	61.625	146.540994739796
1413435	91.275	61.625	146.536896874142
1413436	91.325	61.625	146.578406663277
1413437	91.375	61.625	141.879062750023
1413529	95.975	61.625	143.873194492084
1413530	96.025	61.625	143.863735148084
1413531	96.075	61.625	143.858823956146
1413532	96.125	61.625	143.851923381226
1413533	96.175	61.625	143.846184083455
1413534	96.225	61.625	143.839672822849
1413535	96.275	61.625	143.84064657605
1413536	96.325	61.625	143.826016065492
1413538	96.425	61.625	143.775085915156
1413539	96.475	61.625	143.75192411603
1413540	96.525	61.625	143.737939902695
1413769	107.975	61.625	138.49267117229
1413770	108.025	61.625	138.508242674396
1413771	108.075	61.625	138.554751678659
1413772	108.125	61.625	138.586704459213
1413773	108.175	61.625	138.619715041895
1414198	129.425	61.625	150.853517302489
1414199	129.475	61.625	150.872436341291
1414200	129.525	61.625	150.877955006305
1414315	135.275	61.625	139.679900026218
1414316	135.325	61.625	152.126324163816
1414317	135.375	61.625	152.109453659894
1414318	135.425	61.625	152.125846168037
1414319	135.475	61.625	152.115000943362
1414320	135.525	61.625	152.104363901917
1414534	146.225	61.625	160.728248270572
1414535	146.275	61.625	163.2563940669
1414536	146.325	61.625	163.257172070963
1414557	147.375	61.625	157.81899773113
1414558	147.425	61.625	162.145339898255
1414598	149.425	61.625	157.780041610632
1414599	149.475	61.625	157.191940919312
1414891	-161.925	61.575	150.232882912156
1414892	-161.875	61.575	150.222940551242
1414893	-161.825	61.575	150.220516485182
1415432	-134.875	61.575	145.672643657805
1415535	-129.725	61.575	155.308640138301
1415701	-121.425	61.575	149.597970012563
1415715	-120.725	61.575	131.232667850766
1415716	-120.675	61.575	131.233584982943
1419366	61.825	61.575	138.061989973324
1419367	61.875	61.575	138.062729975798
1419368	61.925	61.575	138.066510011721
1419375	62.275	61.575	138.038838109159
1419376	62.325	61.575	138.579846332162
1419377	62.375	61.575	138.591418081934
1419378	62.425	61.575	138.633099320854
1419379	62.475	61.575	138.664838696417
1419382	62.625	61.575	138.06669209742
1419383	62.675	61.575	138.887917521283
1419384	62.725	61.575	138.690196123125
1419385	62.775	61.575	138.892301251809
1419386	62.825	61.575	142.732093318258
1419488	67.925	61.575	142.81382284803
1419489	67.975	61.575	142.807276674522
1419490	68.025	61.575	142.802130651164
1419491	68.075	61.575	142.799055704395
1419925	89.775	61.575	138.034672845117
1419926	89.825	61.575	138.022270125779
1419927	89.875	61.575	138.016160980516
1419928	89.925	61.575	138.012051252515
1419931	90.075	61.575	137.992597908488
1419932	90.125	61.575	137.982676254547
1419933	90.175	61.575	133.898338885455
1419934	90.225	61.575	133.895650909622
1419950	91.025	61.575	146.587656159928
1419951	91.075	61.575	146.570261772081
1419952	91.125	61.575	146.562667042505
1419953	91.175	61.575	139.504383225124
1420058	96.425	61.575	142.151647788602
1420059	96.475	61.575	142.173726350095
1420060	96.525	61.575	142.455052242407
1420289	107.975	61.575	138.48326485133
1420290	108.025	61.575	135.304344827753
1420291	108.075	61.575	135.316188909517
1420292	108.125	61.575	138.5813583535
1420715	129.275	61.575	150.785598128488
1420716	129.325	61.575	150.829851777359
1420717	129.375	61.575	131.800016979398
1420718	129.425	61.575	121.144230875986
1420840	135.525	61.575	152.080424199231
1421056	146.325	61.575	163.204046687483
1421057	146.375	61.575	163.204462471187
1421076	147.325	61.575	153.562633941152
1421077	147.375	61.575	162.326810863279
1421952	-134.875	61.525	154.270668672663
1421953	-134.825	61.525	154.273850987287
1421954	-134.775	61.525	154.279914172957
1422055	-129.725	61.525	155.230454513923
1422056	-129.675	61.525	155.025422080843
1422220	-121.475	61.525	149.564115578155
1422221	-121.425	61.525	149.573750084606
1422236	-120.675	61.525	126.70093000077
1422237	-120.625	61.525	131.2375625345
1422238	-120.575	61.525	131.266525533934
1425888	61.925	61.525	137.061100553483
1425889	61.975	61.525	138.094077170924
1425890	62.025	61.525	138.079613967482
1425891	62.075	61.525	138.218490501346
1425892	62.125	61.525	138.190365905601
1425893	62.175	61.525	138.208222106871
1425894	62.225	61.525	138.400133089932
1425895	62.275	61.525	138.427270586612
1425905	62.775	61.525	142.425768190055
1425906	62.825	61.525	142.337519395799
1425907	62.875	61.525	142.396426337807
1425908	62.925	61.525	142.475950798378
1426011	68.075	61.525	135.167204106116
1426012	68.125	61.525	142.796798181584
1426013	68.175	61.525	142.786691481526
1426453	90.175	61.525	135.24061753457
1426454	90.225	61.525	133.893264748526
1426578	96.425	61.525	142.142202574282
1426579	96.475	61.525	142.121965746343
1426809	107.975	61.525	135.301677587611
1426810	108.025	61.525	138.459719875121
1427234	129.225	61.525	150.772186308764
1427235	129.275	61.525	119.412283410906
1427357	135.375	61.525	152.050932757699
1427358	135.425	61.525	152.056650260828
1427359	135.475	61.525	152.059343309332
1427360	135.525	61.525	152.067748124609
1427577	146.375	61.525	162.339743542145
1427578	146.425	61.525	163.071429891351
1427579	146.475	61.525	163.079624640393
1427590	147.025	61.525	160.014332951523
1427591	147.075	61.525	159.689743393093
1427593	147.175	61.525	162.430820465377
1427594	147.225	61.525	162.421739787555
1427595	147.275	61.525	162.384502003553
1427596	147.325	61.525	162.3611479055
1428474	-134.775	61.475	154.310401138194
1428475	-134.725	61.475	154.315050469022
1428476	-134.675	61.475	154.328782440921
1428576	-129.675	61.475	154.017830829021
1428738	-121.575	61.475	137.723672119985
1428739	-121.525	61.475	149.549390092254
1428740	-121.475	61.475	149.559594630509
1428758	-120.575	61.475	126.676174177933
1428759	-120.525	61.475	131.267248662797
1428760	-120.475	61.475	131.268311203423
1428761	-120.425	61.475	125.114612526942
1428803	-118.325	61.475	131.601303439952
1428804	-118.275	61.475	126.031046240499
1428805	-118.225	61.475	125.80364419305
1428806	-118.175	61.475	131.62744821768
1428807	-118.125	61.475	131.630899717479
1428808	-118.075	61.475	131.632733661205
1428809	-118.025	61.475	131.714702388105
1432428	62.925	61.475	142.466298631384
1432533	68.175	61.475	142.784213260577
1432534	68.225	61.475	142.779325494183
1432535	68.275	61.475	142.776497695756
1432971	90.075	61.475	133.862169336867
1432972	90.125	61.475	133.869081052055
1432973	90.175	61.475	133.877268891845
1433098	96.425	61.475	142.089453020651
1433099	96.475	61.475	142.105034368805
1433329	107.975	61.475	138.413860770456
1433330	108.025	61.475	138.431554369674
1433752	129.125	61.475	150.708929110998
1433753	129.175	61.475	150.742092460068
1433754	129.225	61.475	121.800928204698
1433876	135.325	61.475	152.031591128176
1433877	135.375	61.475	152.042948040574
1434099	146.475	61.475	163.075421510022
1434100	146.525	61.475	163.081659108771
1434101	146.575	61.475	162.294680956651
1434107	146.875	61.475	162.676774545557
1434108	146.925	61.475	162.656728799907
1434109	146.975	61.475	162.581822758457
1434110	147.025	61.475	162.529618730896
1434111	147.075	61.475	162.4965557751
1434112	147.125	61.475	162.461340492631
1434113	147.175	61.475	162.449566125783
1434996	-134.675	61.425	154.415468260277
1434997	-134.625	61.425	134.160557250107
1435096	-129.675	61.425	155.962865569951
1435097	-129.625	61.425	154.239307827952
1435254	-121.775	61.425	149.507175384891
1435255	-121.725	61.425	149.516245356727
1435256	-121.675	61.425	149.522125338681
1435257	-121.625	61.425	149.53176145938
1435258	-121.575	61.425	149.546018812647
1435281	-120.425	61.425	131.26899466764
1435282	-120.375	61.425	131.270189611334
1435283	-120.325	61.425	131.270985260061
1435284	-120.275	61.425	131.271393672491
1435285	-120.225	61.425	131.272299785778
1435286	-120.175	61.425	131.273003075777
1435322	-118.375	61.425	124.790434937515
1435323	-118.325	61.425	131.591409030892
1435329	-118.025	61.425	124.453247074896
1435330	-117.975	61.425	131.719224237059
1435331	-117.925	61.425	131.724096543771
1435332	-117.875	61.425	131.726357942657
1439055	68.275	61.425	142.772895808419
1439056	68.325	61.425	137.047310819519
1439484	89.725	61.425	133.823743290854
1439485	89.775	61.425	133.825992172806
1439486	89.825	61.425	133.829096780854
1439487	89.875	61.425	133.830906271376
1439488	89.925	61.425	133.83892288658
1439489	89.975	61.425	133.846450630429
1439490	90.025	61.425	140.343927947053
1439491	90.075	61.425	133.859690857065
1439617	96.375	61.425	142.080028677973
1439618	96.425	61.425	142.04654701345
1439619	96.475	61.425	142.040159082094
1439620	96.525	61.425	142.034583990353
1439621	96.575	61.425	142.024817260972
1439849	107.975	61.425	138.400165655993
1440270	129.025	61.425	150.687039443345
1440271	129.075	61.425	150.703816240964
1440272	129.125	61.425	119.233493415218
1440396	135.325	61.425	152.022921780556
1440397	135.375	61.425	140.198035249541
1440621	146.575	61.425	163.063751530596
1440622	146.625	61.425	163.046437081231
1440623	146.675	61.425	163.009536108849
1440624	146.725	61.425	162.771723869429
1440625	146.775	61.425	162.764686749988
1440626	146.825	61.425	162.723133351922
1440627	146.875	61.425	162.714195644964
1441516	-134.675	61.375	154.4319283081
1441517	-134.625	61.375	131.082099047086
1441617	-129.625	61.375	154.194624879656
1441618	-129.575	61.375	154.190014633532
1441768	-122.075	61.375	149.500658806986
1441769	-122.025	61.375	149.502658220297
1441770	-121.975	61.375	149.509291422542
1441771	-121.925	61.375	149.514705377186
1441772	-121.875	61.375	149.519276314427
1441773	-121.825	61.375	149.501692147819
1441774	-121.775	61.375	135.527094259219
1441806	-120.175	61.375	124.971541341325
1441807	-120.125	61.375	131.273660507922
1441808	-120.075	61.375	131.274518921467
1441809	-120.025	61.375	131.275296906264
1441841	-118.425	61.375	131.582347156876
1441842	-118.375	61.375	131.588026311201
1441852	-117.875	61.375	124.539413302596
1441853	-117.825	61.375	131.728033959157
1441854	-117.775	61.375	131.730484644553
1441855	-117.725	61.375	131.733011044084
1441856	-117.675	61.375	131.735251410432
1445576	68.325	61.375	142.767797325815
1446002	89.625	61.375	139.426231526714
1446003	89.675	61.375	133.811172733466
1446004	89.725	61.375	133.820655337906
1446140	96.525	61.375	142.018001067226
1446141	96.575	61.375	140.840286665629
1446369	107.975	61.375	136.232840818178
1446370	108.025	61.375	138.383027447797
1446787	128.875	61.375	150.659672312326
1446788	128.925	61.375	150.665367978703
1446789	128.975	61.375	150.681532544841
1446790	129.025	61.375	122.476232661408
1446917	135.375	61.375	152.004127080865
1446918	135.425	61.375	151.989161165528
1446919	135.475	61.375	151.983239914449
1446920	135.525	61.375	151.98857686729
1448036	-134.675	61.325	154.588399534227
1448037	-134.625	61.325	133.510231865971
1448138	-129.575	61.325	154.132563347478
1448139	-129.525	61.325	154.067066394556
1448140	-129.475	61.325	154.075991636652
1448281	-122.425	61.325	149.459181659423
1448282	-122.375	61.325	149.466149752165
1448283	-122.325	61.325	149.479058274673
1448284	-122.275	61.325	149.483388568062
1448285	-122.225	61.325	149.489509213247
1448286	-122.175	61.325	149.494173700305
1448287	-122.125	61.325	149.506632414918
1448288	-122.075	61.325	139.575916821727
1448329	-120.025	61.325	124.163962670242
1448330	-119.975	61.325	131.276762861238
1448331	-119.925	61.325	131.278866494211
1448332	-119.875	61.325	131.280180580081
1448333	-119.825	61.325	131.345692611835
1448359	-118.525	61.325	131.575417185294
1448360	-118.475	61.325	131.576776928025
1448361	-118.425	61.325	131.580490848766
1448376	-117.675	61.325	124.026940752468
1448377	-117.625	61.325	131.736564748124
1448446	-114.175	61.325	142.92366715608
1448447	-114.125	61.325	141.941640224074
1448448	-114.075	61.325	143.126613734184
1448449	-114.025	61.325	142.152262553621
1448450	-113.975	61.325	141.164697829724
1448451	-113.925	61.325	127.041807576865
1448452	-113.875	61.325	139.856429566556
1448453	-113.825	61.325	139.305715160015
1448454	-113.775	61.325	142.281730692193
1448455	-113.725	61.325	141.173430403994
1448456	-113.675	61.325	141.105667339267
1452095	68.275	61.325	142.741003809724
1452096	68.325	61.325	142.758713663822
1452148	70.925	61.325	137.999097845373
1452149	70.975	61.325	137.995788990562
1452522	89.625	61.325	133.778169465388
1452659	96.475	61.325	142.004205013108
1452660	96.525	61.325	138.673630211448
1452662	96.625	61.325	141.890898490833
1452663	96.675	61.325	141.873248705832
1452664	96.725	61.325	141.51450283696
1452890	108.025	61.325	138.355635023864
1452891	108.075	61.325	135.351266840809
1453304	128.725	61.325	123.344575425866
1453305	128.775	61.325	150.640378000088
1453306	128.825	61.325	150.654853903603
1453307	128.875	61.325	121.058644647385
1453439	135.475	61.325	151.974582079577
1453440	135.525	61.325	151.984485473529
1454557	-134.625	61.275	154.634913184457
1454558	-134.575	61.275	154.652408248997
1454660	-129.475	61.275	154.049687066191
1454661	-129.425	61.275	154.037349746596
1454662	-129.375	61.275	153.993145421605
1454663	-129.325	61.275	155.485957872091
1454664	-129.275	61.275	155.456284760252
1454798	-122.575	61.275	149.42473504599
1454799	-122.525	61.275	149.432533039334
1454800	-122.475	61.275	149.438592725192
1454801	-122.425	61.275	149.463288214584
1454853	-119.825	61.275	128.910487927091
1454854	-119.775	61.275	131.348831359888
1454855	-119.725	61.275	131.351079362481
1454856	-119.675	61.275	131.354429687177
1454857	-119.625	61.275	131.356275915903
1454858	-119.575	61.275	131.364505905835
1454872	-118.875	61.275	131.461745627437
1454873	-118.825	61.275	131.463993227678
1454874	-118.775	61.275	131.482649298132
1454875	-118.725	61.275	131.487502322892
1454876	-118.675	61.275	122.933363516493
1454877	-118.625	61.275	123.459719882916
1454878	-118.575	61.275	123.193973695549
1454879	-118.525	61.275	122.777582935446
1454897	-117.625	61.275	124.564300106699
1454898	-117.575	61.275	131.739774912388
1454899	-117.525	61.275	131.745017173672
1454900	-117.475	61.275	131.750975748463
1454965	-114.225	61.275	144.145970015016
1454966	-114.175	61.275	143.58665441442
1454976	-113.675	61.275	139.910472280849
1454977	-113.625	61.275	136.47199585826
1454978	-113.575	61.275	131.476500946118
1454979	-113.525	61.275	131.475271846758
1454980	-113.475	61.275	131.475000951311
1454981	-113.425	61.275	131.474539140908
1454982	-113.375	61.275	131.473838170829
1454985	-113.225	61.275	128.703376770584
1454986	-113.175	61.275	129.237879642536
1458614	68.225	61.275	142.728894096364
1458615	68.275	61.275	142.738044101808
1458637	69.375	61.275	134.860269775664
1458638	69.425	61.275	143.638993177768
1458639	69.475	61.275	143.616343562293
1458640	69.525	61.275	143.610493059376
1458642	69.625	61.275	133.638757334109
1458643	69.675	61.275	143.579326757007
1458644	69.725	61.275	143.559629679547
1458645	69.775	61.275	143.548609670807
1458646	69.825	61.275	143.538949663377
1458647	69.875	61.275	143.539465166548
1458654	70.225	61.275	143.562410865097
1458655	70.275	61.275	143.545272506567
1458656	70.325	61.275	135.411739556878
1458657	70.375	61.275	143.514905567581
1458658	70.425	61.275	143.492829804654
1458659	70.475	61.275	143.485258091436
1458660	70.525	61.275	143.481755950836
1458661	70.575	61.275	143.472765640961
1458662	70.625	61.275	143.464264400201
1458663	70.675	61.275	143.457181452594
1458664	70.725	61.275	143.450669373088
1458665	70.775	61.275	143.442204172881
1458666	70.825	61.275	143.434471216167
1458667	70.875	61.275	143.42633087254
1458668	70.925	61.275	143.418708607705
1458669	70.975	61.275	143.409253181411
1458670	71.025	61.275	143.402715156385
1458671	71.075	61.275	143.395656815468
1458672	71.125	61.275	143.366439735223
1458673	71.175	61.275	143.345586446709
1458674	71.225	61.275	137.019629945985
1458682	71.625	61.275	136.755492058801
1458683	71.675	61.275	143.354034804178
1458684	71.725	61.275	143.340842038482
1458685	71.775	61.275	143.395771729269
1458686	71.825	61.275	143.390605544659
1458687	71.875	61.275	143.382838437675
1458688	71.925	61.275	143.374669281564
1458689	71.975	61.275	142.147174690628
1458693	72.175	61.275	138.400527762278
1458694	72.225	61.275	143.32408177691
1458695	72.275	61.275	143.30590410183
1458696	72.325	61.275	143.296462865503
1458697	72.375	61.275	143.290596408291
1458698	72.425	61.275	143.280610710015
1458699	72.475	61.275	143.271519278288
1458700	72.525	61.275	143.260442252421
1459041	89.575	61.275	134.908068826502
1459042	89.625	61.275	133.775618239585
1459180	96.525	61.275	141.980556494842
1459181	96.575	61.275	141.90357425949
1459182	96.625	61.275	141.896655714252
1459183	96.675	61.275	141.848539017666
1459184	96.725	61.275	141.865073225635
1459410	108.025	61.275	138.371811063489
1459811	128.075	61.275	129.990729064327
1459812	128.125	61.275	129.414917162072
1459813	128.175	61.275	128.893637420878
1459814	128.225	61.275	128.226883988695
1459815	128.275	61.275	128.185276381459
1459816	128.325	61.275	127.856580847607
1459817	128.375	61.275	127.663155606849
1459818	128.425	61.275	127.932604266793
1459819	128.475	61.275	127.766809968619
1459820	128.525	61.275	127.511905736157
1459821	128.575	61.275	127.15019244239
1459822	128.625	61.275	150.699856758659
1459823	128.675	61.275	150.707914224783
1459824	128.725	61.275	150.621626350795
1459959	135.475	61.275	151.971232697084
1461078	-134.575	61.225	154.77180781662
1461079	-134.525	61.225	155.069910502906
1461080	-134.475	61.225	155.077117148499
1461081	-134.425	61.225	134.692845609023
1461184	-129.275	61.225	157.88988660879
1461314	-122.775	61.225	149.395330626444
1461315	-122.725	61.225	149.398947694936
1461316	-122.675	61.225	149.405320942877
1461317	-122.625	61.225	149.418808031176
1461318	-122.575	61.225	138.855081601094
1461378	-119.575	61.225	122.037140373325
1461379	-119.525	61.225	131.371220722773
1461380	-119.475	61.225	131.374740647771
1461381	-119.425	61.225	131.377017970848
1461382	-119.375	61.225	131.378752600491
1461383	-119.325	61.225	131.41279614541
1461384	-119.275	61.225	131.414037822102
1461385	-119.225	61.225	131.431103406802
1461386	-119.175	61.225	131.435551242381
1461387	-119.125	61.225	131.437821779606
1461388	-119.075	61.225	131.439115887188
1461389	-119.025	61.225	131.441672407811
1461390	-118.975	61.225	131.451253006886
1461391	-118.925	61.225	131.458183085701
1461392	-118.875	61.225	121.905287249222
1461420	-117.475	61.225	131.752355999369
1461421	-117.425	61.225	131.754822487468
1461422	-117.375	61.225	135.613273927731
1461482	-114.375	61.225	143.705394757026
1461483	-114.325	61.225	144.189128890743
1461484	-114.275	61.225	143.068734680458
1461485	-114.225	61.225	143.77184711632
1461502	-113.375	61.225	131.473392393455
1461503	-113.325	61.225	131.472265787259
1461504	-113.275	61.225	128.95625065062
1461505	-113.225	61.225	128.962205622382
1461506	-113.175	61.225	127.451313076884
1465134	68.225	61.225	142.725703427402
1465151	69.075	61.225	132.446924771683
1465152	69.125	61.225	143.725845308735
1465153	69.175	61.225	130.405142398286
1465155	69.275	61.225	132.743742203053
1465156	69.325	61.225	143.673860387459
1465157	69.375	61.225	143.647845575167
1465160	69.525	61.225	132.643403837268
1465161	69.575	61.225	143.615833412926
1465162	69.625	61.225	143.589189082613
1465167	69.875	61.225	143.531216984105
1465168	69.925	61.225	143.509658702557
1465169	69.975	61.225	143.502302376761
1465170	70.025	61.225	143.489513581703
1465171	70.075	61.225	143.479292486539
1465172	70.125	61.225	143.46945538789
1465173	70.175	61.225	143.460315792144
1465174	70.225	61.225	143.450519957693
1465176	70.325	61.225	143.536170279778
1465194	71.225	61.225	143.339470395837
1465195	71.275	61.225	143.315128498117
1465196	71.325	61.225	143.309349714807
1465197	71.375	61.225	143.301607981799
1465198	71.425	61.225	143.295630049503
1465199	71.475	61.225	143.287517498702
1465200	71.525	61.225	143.379971679655
1465201	71.575	61.225	143.372658255202
1465202	71.625	61.225	143.364441118241
1465209	71.975	61.225	143.379283421498
1465210	72.025	61.225	143.356271597767
1465211	72.075	61.225	143.348924392868
1465212	72.125	61.225	143.339318092439
1465213	72.175	61.225	143.329826993094
1465220	72.525	61.225	136.152223685314
1465221	72.575	61.225	143.258099204882
1465222	72.625	61.225	143.235552366549
1465223	72.675	61.225	143.227283604461
1465224	72.725	61.225	143.215224224457
1465225	72.775	61.225	143.205488763518
1465226	72.825	61.225	143.177593836652
1465227	72.875	61.225	143.155520952115
1465228	72.925	61.225	143.148013030184
1465229	72.975	61.225	143.136133062421
1465230	73.025	61.225	143.129744395509
1465231	73.075	61.225	143.119268197055
1465232	73.125	61.225	143.111983112553
1465233	73.175	61.225	143.104152173484
1465234	73.225	61.225	143.094456245765
1465235	73.275	61.225	143.087797756521
1465236	73.325	61.225	143.079606514005
1465237	73.375	61.225	143.070060197655
1465238	73.425	61.225	143.059576461631
1465239	73.475	61.225	143.055043540085
1465240	73.525	61.225	143.048665739709
1465241	73.575	61.225	143.046532986532
1465242	73.625	61.225	143.033552039149
1465243	73.675	61.225	143.025240119939
1465244	73.725	61.225	143.019901345231
1465245	73.775	61.225	143.018714653188
1465246	73.825	61.225	143.010147044848
1465247	73.875	61.225	143.002456722473
1465248	73.925	61.225	139.355834917457
1465254	74.225	61.225	142.899193703283
1465255	74.275	61.225	142.873985543879
1465256	74.325	61.225	142.864842162307
1465258	74.425	61.225	142.812741796748
1465259	74.475	61.225	142.792541584334
1465260	74.525	61.225	138.577791105147
1465561	89.575	61.225	133.765451719268
1465703	96.675	61.225	141.841819437248
1465928	107.925	61.225	138.336673974928
1465929	107.975	61.225	138.259055124941
1465930	108.025	61.225	135.625120695926
1466324	127.725	61.225	122.827764654372
1466325	127.775	61.225	122.552323479359
1466326	127.825	61.225	122.084180096247
1466327	127.875	61.225	131.902060686665
1466328	127.925	61.225	131.07832809873
1466329	127.975	61.225	150.602837739226
1466330	128.025	61.225	150.608664030828
1466331	128.075	61.225	150.616055513508
1466479	135.475	61.225	151.969035947145
1467601	-134.425	61.175	155.08349328137
1467602	-134.375	61.175	155.103385548636
1467704	-129.275	61.175	143.783178939877
1467705	-129.225	61.175	157.83272857376
1467833	-122.825	61.175	149.376868542591
1467834	-122.775	61.175	149.389732057769
1467942	-117.375	61.175	123.565063731898
1467943	-117.325	61.175	135.611611335708
1467944	-117.275	61.175	135.606987921269
1467999	-114.525	61.175	143.435780183281
1468000	-114.475	61.175	143.140867478143
1468001	-114.425	61.175	142.83308488115
1468002	-114.375	61.175	141.527293067497
1468025	-113.225	61.175	131.47143106969
1468026	-113.175	61.175	131.47117865131
1468027	-113.125	61.175	131.471165739466
1471654	68.225	61.175	142.707497873061
1471655	68.275	61.175	142.693797944127
1471656	68.325	61.175	142.689983904514
1471667	68.875	61.175	143.703317544473
1471668	68.925	61.175	143.691956295397
1471669	68.975	61.175	143.750596520389
1471670	69.025	61.175	143.744123624791
1471671	69.075	61.175	143.73548317028
1471673	69.175	61.175	143.709241589126
1471674	69.225	61.175	143.687392962714
1471675	69.275	61.175	143.681036264487
1471768	73.925	61.175	142.991128635663
1471769	73.975	61.175	142.967192928272
1471770	74.025	61.175	142.956438290459
1471771	74.075	61.175	142.947564431344
1471772	74.125	61.175	142.935266120683
1471773	74.175	61.175	142.923767615111
1471774	74.225	61.175	142.912109558692
1471776	74.325	61.175	142.852521998853
1471777	74.375	61.175	142.82990051455
1471778	74.425	61.175	142.818984109167
1471780	74.525	61.175	142.669804362219
1471781	74.575	61.175	142.640655286917
1471782	74.625	61.175	142.630549954477
1471783	74.675	61.175	142.618922861931
1471784	74.725	61.175	142.609676722313
1471785	74.775	61.175	142.610408707723
1471786	74.825	61.175	142.60448605995
1471787	74.875	61.175	142.596073601945
1471788	74.925	61.175	142.5859920416
1472081	89.575	61.175	133.755146107438
1472082	89.625	61.175	138.551846038756
1472223	96.675	61.175	141.823339215752
1472449	107.975	61.175	135.386596878145
1472450	108.025	61.175	138.258995097962
1472840	127.525	61.175	127.773173544142
1472841	127.575	61.175	150.553033325782
1472842	127.625	61.175	150.55802537709
1472843	127.675	61.175	150.561943275322
1472844	127.725	61.175	150.568259051779
1472999	135.475	61.175	142.04412671699
1473000	135.525	61.175	151.949270674395
1474122	-134.375	61.125	132.8941758519
1474123	-134.325	61.125	155.131900399859
1474124	-134.275	61.125	135.383903979354
1474225	-129.225	61.125	157.819674327056
1474346	-123.175	61.125	149.352682257704
1474347	-123.125	61.125	149.353863264195
1474348	-123.075	61.125	149.35692130916
1474351	-122.925	61.125	138.516758900117
1474352	-122.875	61.125	149.373788251077
1474353	-122.825	61.125	136.71794729251
1474464	-117.275	61.125	124.205727599374
1474465	-117.225	61.125	135.60485948463
1474466	-117.175	61.125	135.597044180048
1474467	-117.125	61.125	135.593396112264
1474514	-114.775	61.125	143.618981238683
1474515	-114.725	61.125	133.771024499157
1474516	-114.675	61.125	143.063354033806
1474517	-114.625	61.125	137.717678015104
1474518	-114.575	61.125	134.198315590398
1474519	-114.525	61.125	139.115255950149
1474545	-113.225	61.125	131.470092151322
1474546	-113.175	61.125	131.471107278435
1478176	68.325	61.125	137.393173244336
1478177	68.375	61.125	142.687179600975
1478178	68.425	61.125	142.680925098902
1478179	68.475	61.125	137.843489408854
1478186	68.825	61.125	143.711985774255
1478187	68.875	61.125	143.705536216998
1478308	74.925	61.125	138.520188123141
1478309	74.975	61.125	142.578427515506
1478310	75.025	61.125	142.56124359127
1478311	75.075	61.125	142.550652169155
1478312	75.125	61.125	142.542396690238
1478313	75.175	61.125	142.530551521718
1478314	75.225	61.125	142.521240839686
1478315	75.275	61.125	142.51388817314
1478316	75.325	61.125	142.501206216432
1478317	75.375	61.125	142.489441109745
1478602	89.625	61.125	133.737803240316
1478743	96.675	61.125	141.777186630432
1478744	96.725	61.125	140.986920095674
1478969	107.975	61.125	138.162684641992
1478970	108.025	61.125	138.19032033027
1479341	126.575	61.125	128.0465080549
1479342	126.625	61.125	128.092297317941
1479343	126.675	61.125	124.387052331958
1479344	126.725	61.125	150.423862782013
1479345	126.775	61.125	150.4348562628
1479346	126.825	61.125	150.442487479207
1479347	126.875	61.125	150.449502124931
1479348	126.925	61.125	150.455422354447
1479349	126.975	61.125	121.003812553908
1479353	127.175	61.125	121.60353730706
1479354	127.225	61.125	121.442635709082
1479355	127.275	61.125	150.513039810734
1479356	127.325	61.125	150.519144697447
1479357	127.375	61.125	150.523774707852
1479358	127.425	61.125	150.52838592714
1479359	127.475	61.125	150.531706016459
1479360	127.525	61.125	150.540941116661
1479520	135.525	61.125	151.934335050197
1480644	-134.275	61.075	155.163230629228
1480645	-134.225	61.075	155.165872688591
1480646	-134.175	61.075	149.828925613564
1480745	-129.225	61.075	146.111537833701
1480746	-129.175	61.075	157.7148359507
1480863	-123.325	61.075	149.317891797679
1480864	-123.275	61.075	149.32118381161
1480865	-123.225	61.075	149.327190102954
1480866	-123.175	61.075	149.332232917189
1480867	-123.125	61.075	149.347692131921
1480868	-123.075	61.075	139.841448457632
1480869	-123.025	61.075	149.359607502884
1480870	-122.975	61.075	149.364272828001
1480871	-122.925	61.075	149.350728750478
1480987	-117.125	61.075	123.162036037358
1480988	-117.075	61.075	135.434218591157
1480989	-117.025	61.075	128.746308229545
1480990	-116.975	61.075	128.567587705835
1480991	-116.925	61.075	128.964894356259
1480992	-116.875	61.075	128.780001723783
1480993	-116.825	61.075	128.302390413547
1480994	-116.775	61.075	128.215292798371
1480995	-116.725	61.075	128.589736264994
1480996	-116.675	61.075	128.332292470647
1480997	-116.625	61.075	138.674460469679
1480998	-116.575	61.075	138.359777921927
1481029	-115.025	61.075	143.19365177051
1481030	-114.975	61.075	137.44919446111
1481031	-114.925	61.075	137.297848011062
1481032	-114.875	61.075	137.002020478986
1481033	-114.825	61.075	136.74910899284
1481034	-114.775	61.075	136.352998769816
1481065	-113.225	61.075	131.471538508171
1481066	-113.175	61.075	131.470651565542
1481067	-113.125	61.075	131.471224134006
1484699	68.475	61.075	142.677058825544
1484700	68.525	61.075	142.664693085418
1484701	68.575	61.075	142.664482275921
1484702	68.625	61.075	142.655072232316
1484703	68.675	61.075	142.645454741635
1484704	68.725	61.075	142.64220139202
1484705	68.775	61.075	142.638877315064
1484706	68.825	61.075	142.636086378374
1484707	68.875	61.075	139.900995810542
1484708	68.925	61.075	139.893942613812
1484837	75.375	61.075	138.951897334521
1484838	75.425	61.075	142.47676130336
1484839	75.475	61.075	142.448145363247
1484840	75.525	61.075	139.00177951918
1484845	75.775	61.075	140.410808148744
1484846	75.825	61.075	138.142547505372
1484847	75.875	61.075	140.622882892885
1485122	89.625	61.075	133.726576683223
1485264	96.725	61.075	141.75035637666
1485265	96.775	61.075	141.729688338119
1485487	107.875	61.075	133.968558356361
1485488	107.925	61.075	134.228133686352
1485489	107.975	61.075	135.000653756442
1485490	108.025	61.075	134.448010545325
1485853	126.175	61.075	124.759619943448
1485854	126.225	61.075	150.354021963845
1485855	126.275	61.075	150.359816511196
1485856	126.325	61.075	150.366658025844
1485857	126.375	61.075	150.375555259205
1485858	126.425	61.075	150.380220711974
1485859	126.475	61.075	150.385674048599
1485860	126.525	61.075	150.390923449136
1485861	126.575	61.075	150.396060671134
1485869	126.975	61.075	150.462657541508
1485870	127.025	61.075	150.46904052667
1485871	127.075	61.075	150.475171184453
1485872	127.125	61.075	150.479791949072
1485873	127.175	61.075	150.486812615708
1486038	135.425	61.075	139.987943484857
1486039	135.475	61.075	151.922692281376
1486040	135.525	61.075	138.805743661671
1487166	-134.175	61.025	155.420759541332
1487167	-134.125	61.025	150.531195559638
1487265	-129.225	61.025	157.305345692915
1487266	-129.175	61.025	157.437950450695
1487383	-123.325	61.025	136.912685639163
1487384	-123.275	61.025	148.627851397847
1487518	-116.575	61.025	129.545817802918
1487519	-116.525	61.025	132.407352173751
1487520	-116.475	61.025	131.356727744176
1487521	-116.425	61.025	131.736858372007
1487522	-116.375	61.025	132.464745670395
1487545	-115.225	61.025	134.920961260253
1487546	-115.175	61.025	133.950080522771
1487547	-115.125	61.025	134.549185320197
1487548	-115.075	61.025	134.350853968757
1487549	-115.025	61.025	141.200918099614
1487585	-113.225	61.025	125.570866842674
1487586	-113.175	61.025	131.472358922714
1487587	-113.125	61.025	131.472754632351
1491228	68.925	61.025	139.887881393975
1491229	68.975	61.025	139.859140380017
1491360	75.525	61.025	142.445090133628
1491361	75.575	61.025	142.420579294887
1491362	75.625	61.025	138.924783441621
1491364	75.725	61.025	139.90195627826
1491365	75.775	61.025	142.405361764181
1491367	75.875	61.025	142.370594766317
1491368	75.925	61.025	142.358546998269
1491369	75.975	61.025	142.347077119339
1491370	76.025	61.025	142.334298925743
1491371	76.075	61.025	142.324065715494
1491372	76.125	61.025	135.266711549293
1491373	76.175	61.025	140.334090518767
1491374	76.225	61.025	140.603917159869
1491642	89.625	61.025	133.701421505732
1491643	89.675	61.025	137.469274820534
1491785	96.775	61.025	141.71641529387
1491786	96.825	61.025	141.702160431961
1491787	96.875	61.025	141.42271152558
1492007	107.875	61.025	138.118402850512
1492371	126.075	61.025	150.333731777313
1492372	126.125	61.025	150.336717359906
1492373	126.175	61.025	150.348581577235
1492558	135.425	61.025	151.90688860853
1493687	-134.125	60.975	155.429648911934
1493688	-134.075	60.975	131.636604065384
1493785	-129.225	60.975	157.295304669713
1493903	-123.325	60.975	148.628789537944
1493904	-123.275	60.975	148.633601700533
1494042	-116.375	60.975	129.594705226891
1494043	-116.325	60.975	131.744214995254
1494044	-116.275	60.975	123.528595354785
1494045	-116.225	60.975	124.166823429463
1494046	-116.175	60.975	126.743770523433
1494047	-116.125	60.975	129.936962757728
1494048	-116.075	60.975	130.97579057898
1494049	-116.025	60.975	131.132184087045
1494050	-115.975	60.975	125.918228084882
1494051	-115.925	60.975	132.255076562296
1494052	-115.875	60.975	131.07223364173
1494053	-115.825	60.975	137.628665590248
1494054	-115.775	60.975	137.567746218917
1494055	-115.725	60.975	131.643318454547
1494056	-115.675	60.975	130.253757591853
1494057	-115.625	60.975	131.735230103321
1494058	-115.575	60.975	131.798901343003
1494059	-115.525	60.975	125.410228828583
1494060	-115.475	60.975	126.133787114586
1494061	-115.425	60.975	131.330139202896
1494062	-115.375	60.975	129.762414531898
1494063	-115.325	60.975	130.627614291318
1494064	-115.275	60.975	131.312070265089
1494065	-115.225	60.975	132.113251309778
1494104	-113.275	60.975	125.125994452078
1494105	-113.225	60.975	131.47243051537
1497749	68.975	60.975	139.851064837278
1497750	69.025	60.975	139.830585485102
1497751	69.075	60.975	139.828847765394
1497752	69.125	60.975	139.828192850461
1497753	69.175	60.975	139.825118014393
1497754	69.225	60.975	130.929803491183
1497755	69.275	60.975	139.789913641299
1497756	69.325	60.975	139.769378932727
1497882	75.625	60.975	142.408800435649
1497883	75.675	60.975	142.383633234358
1497884	75.725	60.975	142.40897305915
1497894	76.225	60.975	138.130382110273
1498163	89.675	60.975	133.675004153031
1498307	96.875	60.975	141.697558231032
1498308	96.925	60.975	141.677075019129
1498309	96.975	60.975	141.66245111854
1498310	97.025	60.975	141.642174809
1498311	97.075	60.975	141.011646935091
1498527	107.875	60.975	138.101606105927
1498888	125.925	60.975	126.512635557692
1498889	125.975	60.975	150.310527839461
1498890	126.025	60.975	150.325891468831
1498891	126.075	60.975	129.165415567023
1499077	135.375	60.975	151.938745703492
1499078	135.425	60.975	151.948990507507
1500208	-134.075	60.925	155.492697476799
1500209	-134.025	60.925	155.507533073259
1500210	-133.975	60.925	155.53187084722
1500305	-129.225	60.925	154.347444273941
1500306	-129.175	60.925	156.733845506876
1500307	-129.125	60.925	156.656066561929
1500419	-123.525	60.925	148.58727821232
1500420	-123.475	60.925	138.096495300619
1500423	-123.325	60.925	148.6183927452
1500624	-113.275	60.925	131.471463424651
1504276	69.325	60.925	140.527253200024
1504277	69.375	60.925	139.764746889178
1504278	69.425	60.925	139.740800265101
1504279	69.475	60.925	139.731756675153
1504280	69.525	60.925	139.722144885273
1504414	76.225	60.925	142.275647378546
1504415	76.275	60.925	142.277706464168
1504416	76.325	60.925	142.267431964121
1504420	76.525	60.925	142.199166342365
1504421	76.575	60.925	142.187464030511
1504422	76.625	60.925	132.781276251883
1504683	89.675	60.925	133.659613037083
1504684	89.725	60.925	136.543605521317
1504831	97.075	60.925	141.635351032637
1505046	107.825	60.925	138.096773638536
1505047	107.875	60.925	138.073322752152
1505048	107.925	60.925	138.062864113122
1505049	107.975	60.925	138.051722954163
1505405	125.775	60.925	125.552323173617
1505406	125.825	60.925	150.294127209531
1505407	125.875	60.925	150.297335262896
1505408	125.925	60.925	150.306237472618
1505596	135.325	60.925	138.122019221407
1505597	135.375	60.925	151.934898496137
1506730	-133.975	60.875	155.538581593572
1506731	-133.925	60.875	155.549153704343
1506827	-129.125	60.875	156.628024150401
1506938	-123.575	60.875	148.550151208086
1506939	-123.525	60.875	148.565069072776
1506940	-123.475	60.875	148.590671393004
1506941	-123.425	60.875	148.593139217566
1506942	-123.375	60.875	148.601767650506
1506943	-123.325	60.875	137.306998358298
1507144	-113.275	60.875	131.470812381621
1510799	69.475	60.875	139.697801844841
1510800	69.525	60.875	139.715348972032
1510936	76.325	60.875	142.255473332545
1510937	76.375	60.875	142.230550676341
1510938	76.425	60.875	142.218416054343
1510939	76.475	60.875	142.207858406218
1510940	76.525	60.875	140.319104060822
1510942	76.625	60.875	142.183039490841
1511204	89.725	60.875	133.343106191448
1511205	89.775	60.875	134.232635589157
1511351	97.075	60.875	140.149372620536
1511352	97.125	60.875	141.612502272613
1511353	97.175	60.875	141.591126549487
1511354	97.225	60.875	141.581030063084
1511355	97.275	60.875	141.574631219087
1511356	97.325	60.875	141.568872001037
1511357	97.375	60.875	141.560343134366
1511358	97.425	60.875	141.545685261016
1511569	107.975	60.875	138.054955799929
1511921	125.575	60.875	125.714726762071
1511922	125.625	60.875	150.261399219208
1511923	125.675	60.875	150.270877436707
1511924	125.725	60.875	150.274982766949
1511925	125.775	60.875	150.288103924373
1512116	135.325	60.875	151.913527801131
1512117	135.375	60.875	151.927310682843
1513251	-133.925	60.825	155.629978652357
1513252	-133.875	60.825	155.630453790259
1513253	-133.825	60.825	144.250152768976
1513347	-129.125	60.825	148.226607957939
1513348	-129.075	60.825	156.579900089268
1513458	-123.575	60.825	148.54542884828
1513459	-123.525	60.825	148.516303607772
1513461	-123.425	60.825	138.376122020653
1513462	-123.375	60.825	148.469134446935
1513463	-123.325	60.825	136.980308050637
1513664	-113.275	60.825	131.47386115604
1513669	-113.025	60.825	131.472757801619
1513670	-112.975	60.825	131.470683793671
1513671	-112.925	60.825	131.470480289028
1517320	69.525	60.825	139.689547793577
1517321	69.575	60.825	139.668067593742
1517462	76.625	60.825	136.420763371754
1517463	76.675	60.825	142.169551062712
1517464	76.725	60.825	142.14242460963
1517465	76.775	60.825	142.134136810696
1517725	89.775	60.825	133.319313726431
1517726	89.825	60.825	133.28416281327
1517878	97.425	60.825	141.539232603506
1518089	107.975	60.825	138.025848269314
1518438	125.425	60.825	150.226456170009
1518439	125.475	60.825	150.231127875948
1518440	125.525	60.825	150.237735749436
1518441	125.575	60.825	150.255558578018
1518632	135.125	60.825	139.212960809581
1518633	135.175	60.825	151.90324420589
1518634	135.225	60.825	151.897339908373
1518635	135.275	60.825	151.912075043747
1518636	135.325	60.825	141.844635538876
1519773	-133.825	60.775	155.760490550736
1519774	-133.775	60.775	155.777211854391
1519775	-133.725	60.775	155.785927370396
1519868	-129.075	60.775	156.560266798605
1519979	-123.525	60.775	137.008982311575
1519980	-123.475	60.775	148.510158846414
1519981	-123.425	60.775	148.476463738887
1519983	-123.325	60.775	148.461492770869
1520184	-113.275	60.775	123.174006291215
1520185	-113.225	60.775	131.476780183545
1520188	-113.075	60.775	131.473976084266
1520189	-113.025	60.775	131.469384528763
1520190	-112.975	60.775	131.470152746211
1520191	-112.925	60.775	131.467980175563
1523841	69.575	60.775	139.690946022323
1523842	69.625	60.775	139.671464815893
1523843	69.675	60.775	139.661669496874
1523985	76.775	60.775	141.90645223241
1523986	76.825	60.775	141.876105851442
1524246	89.825	60.775	135.819142343093
1524247	89.875	60.775	133.135081134992
1524248	89.925	60.775	133.120585169553
1524398	97.425	60.775	141.524681753789
1524399	97.475	60.775	141.505981686922
1524400	97.525	60.775	142.46638653617
1524608	107.925	60.775	137.960541999408
1524609	107.975	60.775	137.983327146659
1524949	124.975	60.775	150.16357281132
1524950	125.025	60.775	150.17064667194
1524951	125.075	60.775	150.182867844877
1524952	125.125	60.775	150.19269619237
1524953	125.175	60.775	150.197771361943
1524954	125.225	60.775	150.202070970712
1524955	125.275	60.775	150.206009910189
1524956	125.325	60.775	150.210367568096
1524957	125.375	60.775	150.220698873337
1524958	125.425	60.775	135.175332434448
1525152	135.125	60.775	151.887878864103
1526295	-133.725	60.725	135.347026651635
1526296	-133.675	60.725	155.815728639198
1526387	-129.125	60.725	146.1737779549
1526388	-129.075	60.725	156.232547179153
1526499	-123.525	60.725	148.427373105138
1526500	-123.475	60.725	148.432111512969
1526501	-123.425	60.725	148.436709669682
1526502	-123.375	60.725	148.44267306414
1526503	-123.325	60.725	148.453223134887
1526705	-113.225	60.725	123.536679866166
1526706	-113.175	60.725	131.475531039754
1526707	-113.125	60.725	131.474323989997
1526708	-113.075	60.725	123.668529296503
1526710	-112.975	60.725	131.469687007365
1526711	-112.925	60.725	123.241198257819
1526712	-112.875	60.725	131.46686606035
1530363	69.675	60.725	139.652321003859
1530364	69.725	60.725	138.849456464109
1530506	76.825	60.725	138.099831849885
1530507	76.875	60.725	137.029893176518
1530508	76.925	60.725	141.861413257794
1530509	76.975	60.725	141.829149366209
1530510	77.025	60.725	141.819421140478
1530511	77.075	60.725	141.805910128823
1530512	77.125	60.725	141.792394347086
1530513	77.175	60.725	141.782572221761
1530768	89.925	60.725	133.115591280258
1530769	89.975	60.725	133.105627891579
1530920	97.525	60.725	141.488685473848
1531127	107.875	60.725	137.901090764355
1531128	107.925	60.725	137.942931850171
1531267	114.875	60.725	142.151983609446
1531268	114.925	60.725	148.904279767438
1531269	114.975	60.725	148.915785238847
1531270	115.025	60.725	148.920139694422
1531271	115.075	60.725	148.923645063166
1531272	115.125	60.725	148.926490078914
1531273	115.175	60.725	148.930418836815
1531274	115.225	60.725	148.934407101161
1531275	115.275	60.725	148.924514224352
1531276	115.325	60.725	148.927270355832
1531277	115.375	60.725	148.929572494093
1531278	115.425	60.725	148.930662198926
1531279	115.475	60.725	148.931769254221
1531280	115.525	60.725	148.932102147565
1531281	115.575	60.725	148.937608674423
1531282	115.625	60.725	143.523755269821
1531283	115.675	60.725	148.95153410027
1531284	115.725	60.725	148.954143521081
1531285	115.775	60.725	148.960989701583
1531467	124.875	60.725	150.139598109163
1531468	124.925	60.725	150.14437501922
1531469	124.975	60.725	150.159680306047
1531668	134.925	60.725	139.807123625711
1531669	134.975	60.725	151.82914959154
1531670	135.025	60.725	151.84154912506
1531671	135.075	60.725	151.846345957558
1531672	135.125	60.725	151.861038186209
1532816	-133.675	60.675	135.641161977507
1532817	-133.625	60.675	155.911764026676
1532818	-133.575	60.675	132.186600391856
1532906	-129.175	60.675	156.218600038618
1532907	-129.125	60.675	156.220781664907
1533019	-123.525	60.675	148.421881431183
1533232	-112.875	60.675	131.474784316456
1536884	69.725	60.675	138.842480132902
1536885	69.775	60.675	138.819424997184
1536886	69.825	60.675	142.236319051743
1536887	69.875	60.675	142.215184626349
1537030	77.025	60.675	137.823390672785
1537031	77.075	60.675	137.669395085513
1537033	77.175	60.675	141.775404860546
1537034	77.225	60.675	141.76075272008
1537035	77.275	60.675	141.755495055705
1537036	77.325	60.675	136.108065998868
1537039	77.475	60.675	138.78272408969
1537040	77.525	60.675	138.414093573698
1537041	77.575	60.675	135.925014671285
1537289	89.975	60.675	133.099375167881
1537439	97.475	60.675	137.24310573422
1537440	97.525	60.675	141.631421503556
1537645	107.775	60.675	135.797455208522
1537646	107.825	60.675	137.911647702398
1537647	107.875	60.675	134.857335556661
1537785	114.775	60.675	148.896788196722
1537786	114.825	60.675	148.898102970615
1537787	114.875	60.675	148.899830025926
1537805	115.775	60.675	142.390282401651
1537806	115.825	60.675	148.962561563969
1537807	115.875	60.675	148.972764291736
1537977	124.375	60.675	150.072610842025
1537978	124.425	60.675	150.078180098223
1537979	124.475	60.675	150.086026324741
1537980	124.525	60.675	150.093854557181
1537981	124.575	60.675	150.100909019927
1537982	124.625	60.675	150.107406791728
1537983	124.675	60.675	150.114390955336
1537984	124.725	60.675	150.117973109457
1537985	124.775	60.675	150.122809701653
1537986	124.825	60.675	150.126090191428
1537987	124.875	60.675	150.134252806671
1538188	134.925	60.675	151.817707552713
1539338	-133.575	60.625	155.93989508428
1539339	-133.525	60.625	155.982255888184
1539340	-133.475	60.625	141.951300423407
1539426	-129.175	60.625	155.866826997985
1539539	-123.525	60.625	148.415088357084
1539752	-112.875	60.625	131.4751214908
1539753	-112.825	60.625	131.473899377847
1543406	69.825	60.625	138.805283611287
1543556	77.325	60.625	141.731401432549
1543557	77.375	60.625	141.725428279856
1543558	77.425	60.625	141.709983351671
1543559	77.475	60.625	141.705452367994
1543561	77.575	60.625	141.686020256177
1543562	77.625	60.625	141.67729882808
1543563	77.675	60.625	141.665592651952
1543809	89.975	60.625	133.043375044165
1543959	97.475	60.625	141.60629014624
1543960	97.525	60.625	141.587253764162
1543961	97.575	60.625	141.555400497388
1543962	97.625	60.625	141.538588494099
1543963	97.675	60.625	141.52864274352
1543964	97.725	60.625	141.523119457527
1543965	97.775	60.625	142.484773892443
1543966	97.825	60.625	141.50686564085
1543967	97.875	60.625	141.042199387189
1544165	107.775	60.625	135.661604023118
1544166	107.825	60.625	135.899931311145
1544167	107.875	60.625	137.910514720233
1544301	114.575	60.625	141.775923619737
1544302	114.625	60.625	148.882782056067
1544303	114.675	60.625	148.89066524445
1544304	114.725	60.625	148.891214626357
1544305	114.775	60.625	148.894922749631
1544327	115.875	60.625	140.423907917938
1544328	115.925	60.625	148.97893809455
1544432	121.125	60.625	149.840706064514
1544433	121.175	60.625	149.844510772563
1544434	121.225	60.625	149.851010099986
1544435	121.275	60.625	149.748087358804
1544436	121.325	60.625	149.758295398379
1544437	121.375	60.625	149.764921293279
1544438	121.425	60.625	149.770243716465
1544439	121.475	60.625	149.775551255345
1544440	121.525	60.625	149.781845089588
1544441	121.575	60.625	149.793435390326
1544442	121.625	60.625	122.35118560076
1544494	124.225	60.625	150.048792590286
1544495	124.275	60.625	150.055957600724
1544496	124.325	60.625	150.065717727614
1544497	124.375	60.625	123.796333359649
1544708	134.925	60.625	151.802692042442
1545860	-133.475	60.575	156.030571537995
1545861	-133.425	60.575	156.042497685755
1545946	-129.175	60.575	155.860514975731
1546059	-123.525	60.575	148.40251183341
1546273	-112.825	60.575	124.344940157345
1546274	-112.775	60.575	131.473825505204
1546275	-112.725	60.575	131.473248998237
1549925	69.775	60.575	138.767299254513
1549926	69.825	60.575	138.78571167523
1550083	77.675	60.575	135.848491063441
1550084	77.725	60.575	141.659425603346
1550329	89.975	60.575	133.027522790171
1550330	90.025	60.575	139.857497840692
1550480	97.525	60.575	141.580434243618
1550481	97.575	60.575	141.56172777418
1550484	97.725	60.575	141.520336974683
1550485	97.775	60.575	141.507421661946
1550487	97.875	60.575	141.496323585855
1550488	97.925	60.575	141.481897852098
1550489	97.975	60.575	141.476037532698
1550686	107.825	60.575	137.883508854832
1550687	107.875	60.575	137.903679817339
1550819	114.475	60.575	143.278439182541
1550820	114.525	60.575	148.878002550519
1550821	114.575	60.575	148.882365490478
1550848	115.925	60.575	143.081315164023
1550849	115.975	60.575	148.980503187099
1550850	116.025	60.575	148.986522568393
1550851	116.075	60.575	148.990885224124
1550852	116.125	60.575	149.002784780188
1550948	120.925	60.575	122.433749155717
1550949	120.975	60.575	149.804342501401
1550950	121.025	60.575	149.808071915356
1550951	121.075	60.575	149.811996210315
1550952	121.125	60.575	149.820628043
1550962	121.625	60.575	149.798393262915
1550963	121.675	60.575	149.8033629193
1550964	121.725	60.575	149.80980233205
1550965	121.775	60.575	149.826496855434
1550966	121.825	60.575	149.831492437127
1550967	121.875	60.575	149.841617609583
1550968	121.925	60.575	149.849963698422
1550969	121.975	60.575	149.856403582684
1550970	122.025	60.575	149.870190383171
1550971	122.075	60.575	149.890304437676
1550972	122.125	60.575	149.894946446991
1550973	122.175	60.575	149.898347973622
1550974	122.225	60.575	149.906381651722
1550975	122.275	60.575	149.91673963901
1550976	122.325	60.575	149.922920444819
1550977	122.375	60.575	149.931919939785
1550982	122.625	60.575	149.975031002634
1550983	122.675	60.575	149.983619491047
1550984	122.725	60.575	149.992617616192
1550985	122.775	60.575	149.999430575747
1550986	122.825	60.575	149.992194394021
1550987	122.875	60.575	149.997868490839
1550988	122.925	60.575	150.004278171304
1550989	122.975	60.575	150.024478076541
1550990	123.025	60.575	150.029421387635
1550991	123.075	60.575	150.035743666396
1550992	123.125	60.575	150.040509078322
1550993	123.175	60.575	150.046045820965
1550994	123.225	60.575	150.052514301446
1550995	123.275	60.575	150.052262011151
1550996	123.325	60.575	150.058007562122
1550997	123.375	60.575	150.06622332807
1550998	123.425	60.575	150.071361762533
1550999	123.475	60.575	150.077984513568
1551000	123.525	60.575	150.082951182506
1551001	123.575	60.575	150.08831988866
1551002	123.625	60.575	150.095201550164
1551003	123.675	60.575	150.100164499537
1551004	123.725	60.575	150.10767188198
1551005	123.775	60.575	150.120390333965
1551006	123.825	60.575	150.127567851206
1551007	123.875	60.575	150.134212190068
1551008	123.925	60.575	150.140686171899
1551009	123.975	60.575	150.146571180975
1551010	124.025	60.575	150.15346056389
1551011	124.075	60.575	150.156742615231
1551012	124.125	60.575	150.162514572831
1551013	124.175	60.575	150.18921766966
1551014	124.225	60.575	126.592260265053
1551228	134.925	60.575	136.557847299798
1551229	134.975	60.575	151.806694758547
1551230	135.025	60.575	151.791040877312
1552381	-133.425	60.525	156.057169544334
1552382	-133.375	60.525	156.566748608412
1552383	-133.325	60.525	132.850812783142
1552466	-129.175	60.525	155.843801780838
1552467	-129.125	60.525	155.837730226569
1552579	-123.525	60.525	148.392330379687
1552580	-123.475	60.525	148.384136263749
1552795	-112.725	60.525	123.844763294834
1552796	-112.675	60.525	123.869284694913
1552797	-112.625	60.525	123.635645310635
1552798	-112.575	60.525	131.473521570173
1552799	-112.525	60.525	123.914475057072
1552800	-112.475	60.525	123.950874404332
1556445	69.775	60.525	138.759175100612
1556603	77.675	60.525	141.628298822596
1556604	77.725	60.525	141.631097808474
1556850	90.025	60.525	133.001463050639
1557009	97.975	60.525	141.470965134996
1557010	98.025	60.525	141.462213877967
1557206	107.825	60.525	137.842665377443
1557207	107.875	60.525	137.860098600583
1557338	114.425	60.525	148.881044063942
1557339	114.475	60.525	148.884835435732
1557372	116.125	60.525	149.003588761982
1557373	116.175	60.525	149.004915512002
1557374	116.225	60.525	149.007480376806
1557375	116.275	60.525	149.008822834265
1557376	116.325	60.525	148.502739097287
1557377	116.375	60.525	148.510909816986
1557465	120.775	60.525	137.732132260043
1557466	120.825	60.525	149.765909304187
1557467	120.875	60.525	149.773168271366
1557468	120.925	60.525	149.796305221453
1557497	122.375	60.525	149.942400238028
1557498	122.425	60.525	149.94925747402
1557499	122.475	60.525	149.95493408205
1557500	122.525	60.525	149.960224177954
1557501	122.575	60.525	149.968892501516
1557502	122.625	60.525	131.942300015016
1557750	135.025	60.525	139.671489959501
1557751	135.075	60.525	151.782058972821
1558903	-133.325	60.475	156.587177184772
1558904	-133.275	60.475	156.582748297545
1558986	-129.175	60.475	143.053185913922
1558987	-129.125	60.475	155.803115936389
1559100	-123.475	60.475	148.37591222839
1559101	-123.425	60.475	138.013568162999
1559319	-112.525	60.475	131.47408036159
1559320	-112.475	60.475	131.472676241326
1562965	69.775	60.475	136.224324890966
1562966	69.825	60.475	138.735691997453
1563124	77.725	60.475	136.234329697318
1563125	77.775	60.475	141.622767852564
1563126	77.825	60.475	141.5904988794
1563127	77.875	60.475	133.43358449084
1563370	90.025	60.475	132.967018380589
1563530	98.025	60.475	138.657356614831
1563531	98.075	60.475	141.456064698691
1563532	98.125	60.475	141.444303323914
1563533	98.175	60.475	141.44050238108
1563725	107.775	60.475	137.823446573834
1563726	107.825	60.475	137.833710016568
1563857	114.375	60.475	148.874440297513
1563858	114.425	60.475	148.880547584119
1563897	116.375	60.475	138.329851141134
1563898	116.425	60.475	148.513071424704
1563899	116.475	60.475	148.517715336927
1563900	116.525	60.475	148.520190349616
1563901	116.575	60.475	148.524948030361
1563902	116.625	60.475	148.530914164681
1563984	120.725	60.475	149.748174449394
1563985	120.775	60.475	149.76108251909
1564262	134.625	60.475	151.561732700107
1564263	134.675	60.475	151.568450356811
1564264	134.725	60.475	151.57262926489
1564265	134.775	60.475	151.586654812615
1564271	135.075	60.475	140.094654330079
1564272	135.125	60.475	151.74583517042
1564273	135.175	60.475	151.714443218327
1565424	-133.275	60.425	147.187621562175
1565425	-133.225	60.425	156.599590930604
1565505	-129.225	60.425	155.736799794763
1565506	-129.175	60.425	155.769393134936
1565621	-123.425	60.425	148.374995356489
1565840	-112.475	60.425	131.473873456974
1565841	-112.425	60.425	131.473086993364
1569485	69.775	60.425	131.889370516039
1569486	69.825	60.425	138.715057088365
1569647	77.875	60.425	141.581338741454
1569648	77.925	60.425	141.5610248308
1569649	77.975	60.425	141.580641809753
1569650	78.025	60.425	141.573000396119
1569653	78.175	60.425	141.521475875153
1569654	78.225	60.425	141.496583347136
1569655	78.275	60.425	141.486387246052
1569656	78.325	60.425	141.477048174769
1569890	90.025	60.425	135.93481773611
1569891	90.075	60.425	132.960743622445
1569892	90.125	60.425	143.391345279522
1570053	98.175	60.425	141.435428193402
1570054	98.225	60.425	141.420930781431
1570088	99.925	60.425	141.533583978366
1570089	99.975	60.425	136.953098669584
1570122	101.625	60.425	138.342985251687
1570123	101.675	60.425	141.577588636687
1570124	101.725	60.425	141.55642515963
1570125	101.775	60.425	141.54118360124
1570126	101.825	60.425	138.084380490112
1570245	107.775	60.425	137.784584638424
1570246	107.825	60.425	137.824015385717
1570376	114.325	60.425	148.871955812834
1570377	114.375	60.425	138.462101264171
1570422	116.625	60.425	140.668277812218
1570423	116.675	60.425	148.533028981755
1570424	116.725	60.425	148.464564712079
1570425	116.775	60.425	148.466227455035
1570426	116.825	60.425	148.469273955433
1570427	116.875	60.425	148.476999691225
1570503	120.675	60.425	136.424583042388
1570504	120.725	60.425	149.747287801566
1570780	134.525	60.425	150.612772556509
1570781	134.575	60.425	151.54919257383
1570782	134.625	60.425	151.562662060465
1570785	134.775	60.425	137.352221766141
1570786	134.825	60.425	151.590630028404
1570787	134.875	60.425	151.603739768072
1570793	135.175	60.425	151.704879176067
1571945	-133.225	60.375	145.675615633053
1571946	-133.175	60.375	153.925620524549
1571947	-133.125	60.375	153.870004827027
1572025	-129.225	60.375	155.731059716001
1572026	-129.175	60.375	140.09874783921
1572141	-123.425	60.375	134.27637827009
1572142	-123.375	60.375	148.355842148186
1572356	-112.675	60.375	123.780469945107
1572357	-112.625	60.375	123.789557901407
1572358	-112.575	60.375	123.776334348021
1572359	-112.525	60.375	131.474248428011
1572360	-112.475	60.375	131.474777389651
1576004	69.725	60.375	138.665323454814
1576005	69.775	60.375	138.696098735859
1576006	69.825	60.375	140.68760415392
1576007	69.875	60.375	140.852319387717
1576170	78.025	60.375	134.358651986522
1576171	78.075	60.375	141.562667735927
1576172	78.125	60.375	141.541567330716
1576173	78.175	60.375	141.529170985973
1576176	78.325	60.375	141.469290736119
1576177	78.375	60.375	141.43721551307
1576412	90.125	60.375	132.943335979773
1576413	90.175	60.375	132.891333045698
1576574	98.225	60.375	138.208100603718
1576575	98.275	60.375	141.426562011358
1576576	98.325	60.375	141.409270871587
1576577	98.375	60.375	141.401600206093
1576578	98.425	60.375	141.3904235846
1576590	99.025	60.375	141.680414551328
1576591	99.075	60.375	136.550094533204
1576606	99.825	60.375	141.571032058396
1576607	99.875	60.375	141.544439587862
1576608	99.925	60.375	141.539476980055
1576609	99.975	60.375	141.523220666994
1576610	100.025	60.375	141.456479880798
1576630	101.025	60.375	141.79002494895
1576631	101.075	60.375	136.888784909252
1576632	101.125	60.375	141.727358276633
1576636	101.325	60.375	141.639624186265
1576637	101.375	60.375	141.60909802605
1576638	101.425	60.375	141.603625146352
1576639	101.475	60.375	141.602138450233
1576640	101.525	60.375	141.594727387263
1576641	101.575	60.375	141.584559523231
1576642	101.625	60.375	141.567451691984
1576646	101.825	60.375	141.532029087179
1576647	101.875	60.375	141.445493359144
1576648	101.925	60.375	141.421578923954
1576649	101.975	60.375	141.431433882514
1576764	107.725	60.375	136.719006827434
1576765	107.775	60.375	137.756929716726
1576896	114.325	60.375	148.869149106706
1576947	116.875	60.375	138.263787155073
1576948	116.925	60.375	148.488266000347
1576949	116.975	60.375	140.301248370399
1577015	120.275	60.375	148.917661316179
1577016	120.325	60.375	148.920164906581
1577017	120.375	60.375	148.92155604609
1577018	120.425	60.375	148.92691098346
1577019	120.475	60.375	148.929416115097
1577020	120.525	60.375	148.933970071069
1577021	120.575	60.375	148.93772352151
1577022	120.625	60.375	148.942676281852
1577023	120.675	60.375	149.738009536259
1577298	134.425	60.375	137.730045285972
1577299	134.475	60.375	150.603900567838
1577300	134.525	60.375	136.14953267778
1577301	134.575	60.375	153.470561141385
1577302	134.625	60.375	153.42819397554
1577307	134.875	60.375	151.609713781129
1577308	134.925	60.375	151.615206088369
1577309	134.975	60.375	151.628180655633
1577312	135.125	60.375	151.666383750591
1577313	135.175	60.375	140.967713413047
1578467	-133.125	60.325	148.765169036563
1578468	-133.075	60.325	153.862511112144
1578469	-133.025	60.325	151.288718776047
1578545	-129.225	60.325	155.706474985208
1578546	-129.175	60.325	155.694571945976
1578662	-123.375	60.325	148.347037931298
1578663	-123.325	60.325	148.338083753188
1578876	-112.675	60.325	123.709359521526
1578877	-112.625	60.325	123.714381140357
1578878	-112.575	60.325	131.572917777209
1578879	-112.525	60.325	131.572391204178
1578880	-112.475	60.325	131.57214735073
1578881	-112.425	60.325	131.572718440517
1578882	-112.375	60.325	125.123962983336
1582524	69.725	60.325	135.526347564698
1582525	69.775	60.325	138.65609281766
1582527	69.875	60.325	140.367518836956
1582697	78.375	60.325	141.42112092728
1582698	78.425	60.325	141.402785796849
1582930	90.025	60.325	132.859221569429
1582931	90.075	60.325	132.846067507698
1582932	90.125	60.325	132.878231869616
1583097	98.375	60.325	141.368702726432
1583098	98.425	60.325	141.389306399263
1583110	99.025	60.325	141.695890225497
1583111	99.075	60.325	141.665912927186
1583112	99.125	60.325	141.651391772827
1583113	99.175	60.325	141.624332042182
1583114	99.225	60.325	141.60516264794
1583115	99.275	60.325	141.595587013324
1583116	99.325	60.325	141.587690716721
1583117	99.375	60.325	141.652551909861
1583118	99.425	60.325	141.631018398038
1583119	99.475	60.325	141.604677676404
1583120	99.525	60.325	141.594274858032
1583121	99.575	60.325	141.588936762491
1583122	99.625	60.325	141.609780190233
1583123	99.675	60.325	141.605399173077
1583124	99.725	60.325	141.610643794928
1583125	99.775	60.325	141.603476816793
1583126	99.825	60.325	141.606675078426
1583127	99.875	60.325	141.578607043143
1583128	99.925	60.325	141.489603712098
1583129	99.975	60.325	141.462971039408
1583130	100.025	60.325	141.434060249461
1583148	100.925	60.325	141.804776580962
1583149	100.975	60.325	141.795776122501
1583150	101.025	60.325	135.908628249002
1583151	101.075	60.325	141.750897376358
1583152	101.125	60.325	135.93302914547
1583153	101.175	60.325	141.70611427818
1583154	101.225	60.325	141.675651415813
1583155	101.275	60.325	141.668561388917
1583156	101.325	60.325	141.649670307599
1583166	101.825	60.325	141.510486717216
1583169	101.975	60.325	141.44121274206
1583170	102.025	60.325	141.421049615843
1583171	102.075	60.325	141.414745768317
1583172	102.125	60.325	141.405664463081
1583173	102.175	60.325	141.38799591666
1583174	102.225	60.325	136.35644968292
1583175	102.275	60.325	141.338187181132
1583176	102.325	60.325	141.307725297065
1583284	107.725	60.325	138.426006126018
1583285	107.775	60.325	137.762368212756
1583415	114.275	60.325	148.861782478734
1583416	114.325	60.325	143.439951978526
1583469	116.975	60.325	148.489758822197
1583470	117.025	60.325	148.496905562394
1583533	120.175	60.325	148.910303726652
1583534	120.225	60.325	148.913110738848
1583535	120.275	60.325	148.920999023169
1583543	120.675	60.325	152.032861409601
1583544	120.725	60.325	152.04097768785
1583545	120.775	60.325	141.950619444327
1583546	120.825	60.325	152.026567385558
1583547	120.875	60.325	152.015544877969
1583548	120.925	60.325	150.369306939039
1583549	120.975	60.325	150.364706286908
1583550	121.025	60.325	150.389775730603
1583817	134.375	60.325	150.572005248256
1583818	134.425	60.325	150.593014997967
1583821	134.575	60.325	153.40414060001
1583822	134.625	60.325	153.423228628667
1583829	134.975	60.325	139.204009461008
1583830	135.025	60.325	151.636426992391
1583831	135.075	60.325	151.661637005534
1583832	135.125	60.325	148.814847160325
1584989	-133.025	60.275	153.853693974207
1584990	-132.975	60.275	153.787499390022
1585066	-129.175	60.275	153.77208194599
1585067	-129.125	60.275	153.751987060858
1585180	-123.475	60.275	135.799806628387
1585181	-123.425	60.275	148.448034823602
1585182	-123.375	60.275	148.460766335559
1585183	-123.325	60.275	136.145930448978
1585402	-112.375	60.275	131.579514117058
1585403	-112.325	60.275	131.578851287452
1589045	69.775	60.275	138.634368732684
1589046	69.825	60.275	139.50451350823
1589047	69.875	60.275	140.189506131015
1589048	69.925	60.275	140.372584270044
1589218	78.425	60.275	136.748445689524
1589219	78.475	60.275	141.396922234362
1589220	78.525	60.275	141.372749135184
1589451	90.075	60.275	138.383106180072
1589452	90.125	60.275	132.340765911151
1589453	90.175	60.275	132.31316020814
1589454	90.225	60.275	132.310190857465
1589455	90.275	60.275	132.306925287138
1589617	98.375	60.275	138.265769387421
1589618	98.425	60.275	141.380886320479
1589619	98.475	60.275	141.364944867839
1589620	98.525	60.275	141.622863014116
1589621	98.575	60.275	141.618222091384
1589622	98.625	60.275	141.590741127451
1589623	98.675	60.275	141.58848950232
1589624	98.725	60.275	141.582842694336
1589625	98.775	60.275	141.575080663756
1589626	98.825	60.275	141.573331232925
1589627	98.875	60.275	141.569228900408
1589628	98.925	60.275	141.626504671058
1589629	98.975	60.275	141.611177417998
1589630	99.025	60.275	141.698777006929
1589637	99.375	60.275	141.650781362747
1589650	100.025	60.275	141.409379756273
1589651	100.075	60.275	141.398361892983
1589652	100.125	60.275	141.390792869548
1589653	100.175	60.275	141.381232877965
1589654	100.225	60.275	141.374057698808
1589655	100.275	60.275	141.367980178978
1589656	100.325	60.275	141.363872166125
1589657	100.375	60.275	141.399251539719
1589658	100.425	60.275	141.386477134571
1589659	100.475	60.275	141.380587819579
1589665	100.775	60.275	141.623123064304
1589666	100.825	60.275	141.607725310299
1589667	100.875	60.275	141.601076414001
1589668	100.925	60.275	136.836876439483
1589693	102.175	60.275	141.373913278138
1589694	102.225	60.275	141.348906933555
1589696	102.325	60.275	136.684786932471
1589697	102.375	60.275	141.350024114299
1589805	107.775	60.275	137.46947134279
1589806	107.825	60.275	137.447842300676
1589807	107.875	60.275	137.440915834175
1589808	107.925	60.275	137.428186668818
1589809	107.975	60.275	135.907524777152
1589934	114.225	60.275	148.85186667868
1589935	114.275	60.275	148.855555129774
1589990	117.025	60.275	148.476849424344
1590051	120.075	60.275	138.800056008378
1590052	120.125	60.275	148.906878557659
1590053	120.175	60.275	138.526858872246
1590063	120.675	60.275	152.030611259367
1590064	120.725	60.275	152.020887566415
1590065	120.775	60.275	152.019897321653
1590070	121.025	60.275	141.344474874336
1590071	121.075	60.275	150.385976502381
1590072	121.125	60.275	150.367981610163
1590335	134.275	60.275	150.55729710606
1590336	134.325	60.275	150.574084561124
1590337	134.375	60.275	138.233152862085
1590341	134.575	60.275	153.399184513668
1590342	134.625	60.275	139.345640148499
1591510	-132.975	60.225	127.801932544708
1591511	-132.925	60.225	153.797568430827
1591512	-132.875	60.225	146.561036116176
1591587	-129.125	60.225	153.554253262994
1591588	-129.075	60.225	153.562725252006
1591698	-123.575	60.225	148.972352081084
1591699	-123.525	60.225	148.979198930651
1591700	-123.475	60.225	148.44622598266
1591923	-112.325	60.225	131.578956093471
1591924	-112.275	60.225	131.578770349976
1595565	69.775	60.225	138.592834585436
1595566	69.825	60.225	138.615422630912
1595567	69.875	60.225	137.213712438373
1595568	69.925	60.225	140.030740887724
1595739	78.475	60.225	136.572905952724
1595740	78.525	60.225	135.468812428961
1595741	78.575	60.225	141.366629991636
1595742	78.625	60.225	135.257183855169
1595975	90.275	60.225	132.304036182164
1595976	90.325	60.225	132.297705087572
1595977	90.375	60.225	132.20136424371
1596179	100.475	60.225	136.446295537105
1596180	100.525	60.225	141.373667750137
1596181	100.575	60.225	141.680973453755
1596182	100.625	60.225	141.674476119325
1596183	100.675	60.225	141.664722528905
1596184	100.725	60.225	141.657326305596
1596185	100.775	60.225	141.644134280861
1596217	102.375	60.225	141.303114117243
1596328	107.925	60.225	135.016931127308
1596329	107.975	60.225	137.408734933569
1596330	108.025	60.225	137.394288885443
1596331	108.075	60.225	137.388489494776
1596449	113.975	60.225	142.902650881735
1596450	114.025	60.225	148.867266217289
1596451	114.075	60.225	148.869374736566
1596452	114.125	60.225	148.844970487371
1596453	114.175	60.225	148.850657351054
1596454	114.225	60.225	145.298876783897
1596510	117.025	60.225	148.479132009538
1596511	117.075	60.225	148.486326986804
1596557	119.375	60.225	148.90002581261
1596558	119.425	60.225	148.908064420091
1596559	119.475	60.225	148.910403499935
1596560	119.525	60.225	148.913703808712
1596561	119.575	60.225	148.917039239102
1596562	119.625	60.225	148.846912018162
1596563	119.675	60.225	148.849796062228
1596564	119.725	60.225	148.855341877483
1596565	119.775	60.225	148.861468055615
1596566	119.825	60.225	148.865200093747
1596567	119.875	60.225	148.868190375693
1596568	119.925	60.225	141.321453216883
1596569	119.975	60.225	136.484145980378
1596570	120.025	60.225	148.878357667816
1596571	120.075	60.225	148.893020107868
1596584	120.725	60.225	140.365366651248
1596592	121.125	60.225	150.366045944418
1596593	121.175	60.225	150.352559320175
1596853	134.175	60.225	150.531291229352
1596854	134.225	60.225	150.548906043646
1596855	134.275	60.225	136.86331486884
1596862	134.625	60.225	153.401406567717
1596863	134.675	60.225	153.387131915208
1596864	134.725	60.225	153.38337282022
1598032	-132.875	60.175	153.85770568275
1598033	-132.825	60.175	153.823951074667
1598034	-132.775	60.175	153.811849848116
1598035	-132.725	60.175	153.785357539911
1598108	-129.075	60.175	153.516546491922
1598109	-129.025	60.175	153.428586204483
1598110	-128.975	60.175	153.436214297413
1598215	-123.725	60.175	148.968489028051
1598216	-123.675	60.175	148.970273112117
1598217	-123.625	60.175	148.978621481864
1598218	-123.575	60.175	138.07854472246
1598444	-112.275	60.175	131.581668884636
1598445	-112.225	60.175	124.069854705273
1602083	69.675	60.175	134.011291387339
1602084	69.725	60.175	138.582154673591
1602085	69.775	60.175	138.292551874222
1602259	78.475	60.175	136.442152464663
1602260	78.525	60.175	136.303658986158
1602262	78.625	60.175	141.341029828878
1602263	78.675	60.175	141.306122989003
1602264	78.725	60.175	136.580205927122
1602497	90.375	60.175	132.199567538399
1602498	90.425	60.175	132.186182295161
1602734	102.225	60.175	136.09456897318
1602735	102.275	60.175	141.260443090652
1602736	102.325	60.175	141.284169790935
1602737	102.375	60.175	137.551525635927
1602851	108.075	60.175	137.380612571959
1602852	108.125	60.175	136.659811367174
1602968	113.925	60.175	148.861294094309
1602969	113.975	60.175	148.865722805233
1603031	117.075	60.175	148.492813170595
1603075	119.275	60.175	148.892068224385
1603076	119.325	60.175	148.897664790084
1603077	119.375	60.175	140.197077755695
1603088	119.925	60.175	148.870093543841
1603089	119.975	60.175	148.871747183045
1603113	121.175	60.175	150.349564404527
1603371	134.075	60.175	150.507688052813
1603372	134.125	60.175	150.525395575365
1603373	134.175	60.175	139.692536554084
1603384	134.725	60.175	153.368881373011
1603385	134.775	60.175	153.378919539822
1604555	-132.725	60.125	154.346296470683
1604556	-132.675	60.125	154.227119922659
1604557	-132.625	60.125	154.195730770672
1604629	-129.025	60.125	153.431586014339
1604630	-128.975	60.125	153.423948513763
1604631	-128.925	60.125	153.347180388618
1604734	-123.775	60.125	148.942642716504
1604735	-123.725	60.125	134.924263765443
1604965	-112.225	60.125	131.581681474007
1608603	69.675	60.125	138.580095389461
1608605	69.775	60.125	138.548783358745
1608606	69.825	60.125	138.540658977003
1608784	78.725	60.125	141.292454492827
1608785	78.775	60.125	141.255944499167
1608786	78.825	60.125	138.524572461487
1608787	78.875	60.125	138.497997753333
1608788	78.925	60.125	138.512995752942
1609018	90.425	60.125	135.86018044677
1609019	90.475	60.125	132.178902617054
1609020	90.525	60.125	136.366341647168
1609254	102.225	60.125	141.189493640295
1609255	102.275	60.125	141.362355172988
1609370	108.025	60.125	137.335237335182
1609371	108.075	60.125	137.368622018319
1609487	113.875	60.125	148.86774153113
1609488	113.925	60.125	148.860731156466
1609551	117.075	60.125	148.493621980653
1609552	117.125	60.125	148.499255647346
1609594	119.225	60.125	148.882619589895
1609595	119.275	60.125	148.888057273772
1609632	121.125	60.125	143.015597710352
1609633	121.175	60.125	150.380966952804
1609889	133.975	60.125	150.471342262532
1609890	134.025	60.125	150.504262036085
1609891	134.075	60.125	138.926863886931
1609905	134.775	60.125	153.371051444066
1609906	134.825	60.125	139.284271695921
1611077	-132.625	60.075	138.125646542463
1611078	-132.575	60.075	154.5131021327
1611079	-132.525	60.075	154.501183972053
1611150	-128.975	60.075	137.921596136478
1611151	-128.925	60.075	153.303243026944
1611152	-128.875	60.075	153.159008820921
1611252	-123.875	60.075	148.932734667084
1611253	-123.825	60.075	148.934373630071
1611254	-123.775	60.075	148.934519181688
1611485	-112.225	60.075	131.632350870514
1611486	-112.175	60.075	131.631505420114
1615123	69.675	60.075	138.600271590922
1615124	69.725	60.075	138.569924268175
1615125	69.775	60.075	138.668475602367
1615126	69.825	60.075	139.095121651724
1615127	69.875	60.075	138.535560050225
1615128	69.925	60.075	138.524079110559
1615306	78.825	60.075	141.256807151911
1615307	78.875	60.075	141.226668258965
1615308	78.925	60.075	141.210187921644
1615540	90.525	60.075	132.162401446576
1615541	90.575	60.075	132.147439391219
1615775	102.275	60.075	141.21528045171
1615776	102.325	60.075	141.183204313151
1615890	108.025	60.075	137.325623639513
1615891	108.075	60.075	137.321506642127
1616006	113.825	60.075	148.861956487014
1616007	113.875	60.075	148.865705375368
1616072	117.125	60.075	148.502444926375
1616073	117.175	60.075	148.504680020451
1616074	117.225	60.075	148.507342480529
1616075	117.275	60.075	148.520362983431
1616076	117.325	60.075	137.697525217823
1616113	119.175	60.075	148.905802145453
1616114	119.225	60.075	140.146844541372
1616152	121.125	60.075	150.364960460497
1616409	133.975	60.075	150.469006256517
1616425	134.775	60.075	153.325479652836
1616426	134.825	60.075	139.648242842717
1617599	-132.525	60.025	154.495367392981
1617600	-132.475	60.025	154.455256558639
1617601	-132.425	60.025	154.451278835926
1617671	-128.925	60.025	153.152024989681
1617672	-128.875	60.025	153.160218692805
1617673	-128.825	60.025	153.163168550898
1617674	-128.775	60.025	153.050444400891
1617675	-128.725	60.025	152.954785227068
1617676	-128.675	60.025	152.953255751273
1617677	-128.625	60.025	152.953962145555
1617678	-128.575	60.025	127.044220997067
1617773	-123.825	60.025	148.93407309413
1617774	-123.775	60.025	148.928215492089
1618006	-112.175	60.025	131.631946118003
1618007	-112.125	60.025	131.631695825106
1618008	-112.075	60.025	131.631912909403
1618009	-112.025	60.025	131.631918137562
1618010	-111.975	60.025	131.632001232919
1618011	-111.925	60.025	131.632073752895
1618012	-111.875	60.025	131.632017074926
1618013	-111.825	60.025	131.632322931473
1621648	69.925	60.025	138.519417505595
1621828	78.925	60.025	135.893102579488
1621829	78.975	60.025	141.202119031035
1621830	79.025	60.025	141.17234998205
1621831	79.075	60.025	141.156398711958
1622061	90.575	60.025	132.076195250938
1622062	90.625	60.025	132.072247937915
1622296	102.325	60.025	141.207243016594
1622297	102.375	60.025	141.182781447458
1622411	108.075	60.025	137.304855883098
1622412	108.125	60.025	137.254819062187
1622523	113.675	60.025	148.85431541367
1622524	113.725	60.025	148.856084542296
1622525	113.775	60.025	148.861792559833
1622526	113.825	60.025	142.378986158693
1622596	117.325	60.025	148.745816409264
1622597	117.375	60.025	148.753430593406
1622631	119.075	60.025	148.890204474903
1622632	119.125	60.025	148.897256667081
1622633	119.175	60.025	142.405215277304
1622672	121.125	60.025	150.334130199653
1622926	133.825	60.025	138.471304456823
1622927	133.875	60.025	150.428704208467
1622928	133.925	60.025	150.434227413866
1622929	133.975	60.025	150.448839329334
1622946	134.825	60.025	153.315014397055
1624121	-132.425	59.975	154.444941176748
1624122	-132.375	59.975	154.358121807506
1624198	-128.575	59.975	152.94825725233
1624199	-128.525	59.975	152.943398939773
1624212	-127.875	59.975	151.749776783445
1624213	-127.825	59.975	151.648501357965
1624214	-127.775	59.975	151.648581390537
1624215	-127.725	59.975	151.620458427777
1624216	-127.675	59.975	151.611304934404
1624217	-127.625	59.975	151.605046837323
1624218	-127.575	59.975	151.614846386795
1624219	-127.525	59.975	128.816911175973
1624293	-123.825	59.975	148.925687479971
1624294	-123.775	59.975	137.706026512595
1624533	-111.825	59.975	131.632512935419
1624534	-111.775	59.975	131.632040064912
1624535	-111.725	59.975	131.632461850065
1628167	69.875	59.975	138.513618750665
1628168	69.925	59.975	138.509482372994
1628348	78.925	59.975	141.126451792792
1628349	78.975	59.975	141.137151417419
1628350	79.025	59.975	141.151775400392
1628582	90.625	59.975	134.337400064289
1628583	90.675	59.975	132.002950585101
1628816	102.325	59.975	137.413153909486
1628817	102.375	59.975	141.321759147982
1628818	102.425	59.975	141.292307650349
1628820	102.525	59.975	141.238930059932
1628821	102.575	59.975	141.202231578902
1628932	108.125	59.975	137.249571878763
1629042	113.625	59.975	148.851487772511
1629043	113.675	59.975	148.855932071941
1629117	117.375	59.975	148.754186089889
1629118	117.425	59.975	148.754839955531
1629119	117.475	59.975	148.760952865072
1629149	118.975	59.975	148.883753946425
1629150	119.025	59.975	148.885223532138
1629151	119.075	59.975	148.888798097403
1629192	121.125	59.975	150.327846389149
1629193	121.175	59.975	150.322717914381
1629194	121.225	59.975	150.318078801263
1629195	121.275	59.975	150.314446041084
1629445	133.775	59.975	150.373172218779
1629446	133.825	59.975	150.402290859825
1629465	134.775	59.975	139.295115070864
1629466	134.825	59.975	153.293411390892
1630642	-132.375	59.925	154.338926259598
1630643	-132.325	59.925	126.368462819987
1630719	-128.525	59.925	152.250338242233
1630720	-128.475	59.925	152.254982745577
1630721	-128.425	59.925	152.253005163088
1630722	-128.375	59.925	152.250806228081
1630723	-128.325	59.925	152.248718594166
1630730	-127.975	59.925	151.762428232928
1630731	-127.925	59.925	151.759841180188
1630732	-127.875	59.925	151.754704072373
1630739	-127.525	59.925	151.607750332412
1630740	-127.475	59.925	151.572570102222
1630741	-127.425	59.925	128.943710922156
1630813	-123.825	59.925	148.918238440255
1631055	-111.725	59.925	131.642840208028
1631056	-111.675	59.925	131.64272733753
1631057	-111.625	59.925	131.643220096981
1634686	69.825	59.925	138.475897238226
1634687	69.875	59.925	138.480067345163
1634688	69.925	59.925	138.495836995714
1634869	78.975	59.925	141.113950854405
1635103	90.675	59.925	131.983835658262
1635104	90.725	59.925	138.543032094376
1635338	102.425	59.925	141.281385709586
1635339	102.475	59.925	141.249596877958
1635340	102.525	59.925	136.756276596408
1635341	102.575	59.925	136.514269526215
1635342	102.625	59.925	141.193106974804
1635343	102.675	59.925	141.177956367341
1635344	102.725	59.925	141.163195055477
1635451	108.075	59.925	137.182987313394
1635452	108.125	59.925	137.271146920814
1635560	113.525	59.925	140.628951508344
1635561	113.575	59.925	148.84962077172
1635562	113.625	59.925	143.592186994623
1635639	117.475	59.925	139.398652758045
1635640	117.525	59.925	148.76290510178
1635641	117.575	59.925	148.765380295628
1635642	117.625	59.925	148.770376915284
1635662	118.625	59.925	140.853150066502
1635663	118.675	59.925	148.858446457916
1635664	118.725	59.925	148.863251500741
1635665	118.775	59.925	148.866130457675
1635666	118.825	59.925	148.872842994689
1635667	118.875	59.925	148.874484524481
1635668	118.925	59.925	148.876566748696
1635669	118.975	59.925	148.88118044347
1635715	121.275	59.925	150.385078913066
1635716	121.325	59.925	150.380279313175
1635963	133.675	59.925	141.811396998902
1635964	133.725	59.925	150.351862724462
1635965	133.775	59.925	150.363905802121
1635985	134.775	59.925	153.420477620955
1637163	-132.325	59.875	154.3410487783
1637243	-128.325	59.875	152.184610453946
1637244	-128.275	59.875	152.19264173125
1637245	-128.225	59.875	152.202988083352
1637246	-128.175	59.875	151.8939648938
1637248	-128.075	59.875	123.830265470374
1637249	-128.025	59.875	151.759001292502
1637250	-127.975	59.875	151.770912329229
1637260	-127.475	59.875	128.666543415195
1637261	-127.425	59.875	151.561344716625
1637333	-123.825	59.875	148.88140416404
1637577	-111.625	59.875	131.645316141103
1637578	-111.575	59.875	131.64533238935
1641206	69.825	59.875	138.429325395724
1641207	69.875	59.875	138.469332280739
1641208	69.925	59.875	138.450449471743
1641389	78.975	59.875	141.082313120273
1641390	79.025	59.875	141.05497827106
1641624	90.725	59.875	131.978716077224
1641625	90.775	59.875	131.965698596623
1641863	102.675	59.875	136.591297981154
1641864	102.725	59.875	141.162239196768
1641865	102.775	59.875	141.111131854665
1641866	102.825	59.875	141.084656552852
1641867	102.875	59.875	141.084585539109
1641868	102.925	59.875	141.066437188755
1641869	102.975	59.875	141.118482042165
1641870	103.025	59.875	137.17490266486
1641971	108.075	59.875	133.981477634669
1641972	108.125	59.875	137.170385209862
1641973	108.175	59.875	137.141400583
1642079	113.475	59.875	148.8370467762
1642080	113.525	59.875	148.842479136336
1642162	117.625	59.875	143.110319308582
1642163	117.675	59.875	148.767665234592
1642164	117.725	59.875	148.768147868358
1642165	117.775	59.875	148.778389004532
1642180	118.525	59.875	148.84903874589
1642181	118.575	59.875	148.853693717924
1642182	118.625	59.875	148.85676436944
1642236	121.325	59.875	150.379035947735
1642237	121.375	59.875	150.369305232294
1642482	133.625	59.875	150.349509928553
1642483	133.675	59.875	150.35517071677
1642505	134.775	59.875	153.402652162025
1643683	-132.325	59.825	127.466777468481
1643684	-132.275	59.825	154.340751228387
1643764	-128.275	59.825	152.202814547657
1643766	-128.175	59.825	151.895338644746
1643767	-128.125	59.825	151.862884221334
1643768	-128.075	59.825	151.866988286596
1643769	-128.025	59.825	151.773865870313
1643779	-127.525	59.825	127.046191794351
1643780	-127.475	59.825	151.602173727287
1643852	-123.875	59.825	148.892795571647
1643853	-123.825	59.825	134.58057853357
1644098	-111.575	59.825	131.644699925828
1647725	69.775	59.825	138.412160942084
1647726	69.825	59.825	136.383048659324
1647727	69.875	59.825	138.434187546235
1647728	69.925	59.825	138.436402236161
1647729	69.975	59.825	138.447469387363
1647910	79.025	59.825	141.045095925619
1647911	79.075	59.825	141.018572043798
1647912	79.125	59.825	141.009781563325
1648145	90.775	59.825	131.963963892198
1648390	103.025	59.825	141.107386974586
1648492	108.125	59.825	137.13002068172
1648493	108.175	59.825	137.30924159787
1648597	113.375	59.825	148.829172439126
1648598	113.425	59.825	148.835133187494
1648599	113.475	59.825	141.544960026325
1648685	117.775	59.825	140.769655347491
1648686	117.825	59.825	148.788085910081
1648687	117.875	59.825	148.791065809279
1648688	117.925	59.825	148.799510246666
1648689	117.975	59.825	139.630410493006
1648699	118.475	59.825	136.38456232573
1648700	118.525	59.825	148.851736401189
1648757	121.375	59.825	142.764075814559
1648758	121.425	59.825	150.372801302904
1648759	121.475	59.825	150.331384219683
1649001	133.575	59.825	150.344418505681
1649002	133.625	59.825	140.661890955914
1649025	134.775	59.825	153.360901563372
1649026	134.825	59.825	138.032296205831
1650204	-132.275	59.775	155.580980084802
1650205	-132.225	59.775	153.916795595393
1650300	-127.475	59.775	151.60244455448
1650372	-123.875	59.775	148.874298878427
1650373	-123.825	59.775	148.881707800111
1650618	-111.575	59.775	124.534433552933
1650619	-111.525	59.775	131.642456574873
1654241	69.575	59.775	138.32690357725
1654242	69.625	59.775	138.33833657647
1654243	69.675	59.775	138.348961419802
1654244	69.725	59.775	137.103663401526
1654245	69.775	59.775	138.386130331268
1654246	69.825	59.775	138.510879975623
1654432	79.125	59.775	133.883547609013
1654433	79.175	59.775	141.015465520896
1654665	90.775	59.775	131.880960170029
1654910	103.025	59.775	141.171323190052
1654911	103.075	59.775	141.278241632807
1654912	103.125	59.775	141.270210521612
1655010	108.025	59.775	133.979464651363
1655011	108.075	59.775	137.07990309312
1655012	108.125	59.775	135.475523233398
1655114	113.225	59.775	148.825975607189
1655115	113.275	59.775	148.827125344642
1655116	113.325	59.775	148.828411332713
1655117	113.375	59.775	148.831965009803
1655209	117.975	59.775	148.798505218459
1655210	118.025	59.775	148.80560052039
1655219	118.475	59.775	148.845994728825
1655279	121.475	59.775	150.328678758479
1655280	121.525	59.775	150.322930630756
1655519	133.475	59.775	150.267355420526
1655520	133.525	59.775	150.291004398776
1655521	133.575	59.775	139.771259895663
1655546	134.825	59.775	153.33586627231
1655547	134.875	59.775	153.505697928295
1655548	134.925	59.775	153.499425658573
1656725	-132.225	59.725	153.821530826688
1656726	-132.175	59.725	153.211639037217
1656819	-127.525	59.725	151.574900986309
1656820	-127.475	59.725	151.578061056104
1656821	-127.425	59.725	151.578201870964
1656822	-127.375	59.725	151.57810703175
1656823	-127.325	59.725	151.588375425385
1656824	-127.275	59.725	151.594474536472
1656825	-127.225	59.725	151.599719257987
1656879	-124.525	59.725	150.666301659396
1656880	-124.475	59.725	150.663585771039
1656881	-124.425	59.725	150.66614492478
1656882	-124.375	59.725	150.668401284283
1656883	-124.325	59.725	150.533999125804
1656891	-123.925	59.725	134.713076365036
1656892	-123.875	59.725	148.871028748536
1657139	-111.525	59.725	131.640733706988
1660759	69.475	59.725	138.287360884174
1660760	69.525	59.725	138.315027344348
1660761	69.575	59.725	139.062850880146
1660764	69.725	59.725	138.353063624216
1660765	69.775	59.725	138.360340234266
1660952	79.125	59.725	131.778257680587
1660953	79.175	59.725	140.979145774654
1661185	90.775	59.725	133.340486842092
1661186	90.825	59.725	131.871232067248
1661187	90.875	59.725	131.85525571816
1661431	103.075	59.725	141.269130433481
1661432	103.125	59.725	141.237478830088
1661433	103.175	59.725	141.192632671944
1661434	103.225	59.725	141.158680279133
1661435	103.275	59.725	141.144790227262
1661528	107.925	59.725	136.964783558267
1661529	107.975	59.725	136.973268037432
1661530	108.025	59.725	136.993389843402
1661631	113.075	59.725	148.829051015523
1661632	113.125	59.725	148.829043909935
1661633	113.175	59.725	148.823540664272
1661634	113.225	59.725	137.95805306439
1661730	118.025	59.725	138.12864909971
1661731	118.075	59.725	148.80782494031
1661732	118.125	59.725	148.811742671968
1661737	118.375	59.725	148.832034170584
1661738	118.425	59.725	148.833680434849
1661739	118.475	59.725	148.838308807085
1661799	121.475	59.725	150.348499299354
1661800	121.525	59.725	150.334959798967
1662037	133.375	59.725	150.233615531621
1662038	133.425	59.725	150.255653446806
1662039	133.475	59.725	140.4593184487
1662068	134.925	59.725	153.497348379067
1662069	134.975	59.725	153.486899473842
1663246	-132.175	59.675	153.254049991485
1663247	-132.125	59.675	155.881268693653
1663343	-127.325	59.675	127.10709111922
1663344	-127.275	59.675	151.596477735114
1663345	-127.225	59.675	151.598545706801
1663346	-127.175	59.675	151.605014028555
1663347	-127.125	59.675	135.61172703559
1663350	-126.975	59.675	151.120002361778
1663397	-124.625	59.675	150.668614357812
1663398	-124.575	59.675	150.673517140588
1663399	-124.525	59.675	139.351279206918
1663403	-124.325	59.675	150.529400798944
1663404	-124.275	59.675	150.531856569707
1663405	-124.225	59.675	150.540486343983
1663410	-123.975	59.675	136.508501752664
1663411	-123.925	59.675	148.861092390832
1663659	-111.525	59.675	131.638667832611
1663660	-111.475	59.675	131.637318297727
1663661	-111.425	59.675	123.656224124636
1667277	69.375	59.675	138.265685221762
1667278	69.425	59.675	138.268990388165
1667279	69.475	59.675	138.277098783397
1667472	79.125	59.675	140.949273856335
1667473	79.175	59.675	140.919305983303
1667707	90.875	59.675	131.853259998848
1667952	103.125	59.675	141.218934431716
1667953	103.175	59.675	136.716575210977
1667954	103.225	59.675	141.399451043691
1667955	103.275	59.675	141.445223652807
1668047	107.875	59.675	136.960753466944
1668048	107.925	59.675	136.984317466428
1668145	112.775	59.675	137.154141230973
1668146	112.825	59.675	148.832731764908
1668147	112.875	59.675	148.82510141541
1668148	112.925	59.675	148.826189908161
1668149	112.975	59.675	148.827106534005
1668150	113.025	59.675	148.826665017482
1668151	113.075	59.675	135.665619563276
1668252	118.125	59.675	148.814292969506
1668253	118.175	59.675	148.816567055683
1668254	118.225	59.675	148.818787220497
1668255	118.275	59.675	148.822449049815
1668256	118.325	59.675	148.824162891088
1668257	118.375	59.675	148.82821115774
1668319	121.475	59.675	150.337390354585
1668320	121.525	59.675	143.37965341406
1668555	133.275	59.675	150.227548637115
1668556	133.325	59.675	150.210507303499
1668557	133.375	59.675	150.223354623948
1668589	134.975	59.675	139.50075766146
1668590	135.025	59.675	153.471118670111
1669767	-132.125	59.625	149.400945518564
1669768	-132.075	59.625	155.912577233353
1669769	-132.025	59.625	155.929286804344
1669770	-131.975	59.625	144.719359720174
1669772	-131.875	59.625	156.26000179068
1669773	-131.825	59.625	154.112824756866
1669867	-127.125	59.625	151.598318172116
1669868	-127.075	59.625	151.454799851555
1669869	-127.025	59.625	151.441470264616
1669870	-126.975	59.625	151.446862526755
1669871	-126.925	59.625	151.122494635755
1669872	-126.875	59.625	151.11510945595
1669873	-126.825	59.625	151.113042829584
1669874	-126.775	59.625	151.119421981342
1669916	-124.675	59.625	150.668568047612
1669917	-124.625	59.625	144.20839338348
1669925	-124.225	59.625	140.161003819346
1669926	-124.175	59.625	150.547029896502
1669927	-124.125	59.625	150.538850940877
1669929	-124.025	59.625	135.552256438806
1669930	-123.975	59.625	148.851366417739
1670181	-111.425	59.625	131.637438472605
1673795	69.275	59.625	138.247999660585
1673796	69.325	59.625	138.260369043871
1673797	69.375	59.625	136.708779985135
1673993	79.175	59.625	134.09785204413
1673994	79.225	59.625	140.905084933844
1674227	90.875	59.625	131.843164719163
1674474	103.225	59.625	136.751253357402
1674475	103.275	59.625	141.39206254342
1674476	103.325	59.625	141.376620579182
1674477	103.375	59.625	141.357309959695
1674568	107.925	59.625	136.951907839864
1674569	107.975	59.625	136.919852709641
1674570	108.025	59.625	136.906337551188
1674571	108.075	59.625	136.895791088864
1674664	112.725	59.625	148.827863069277
1674665	112.775	59.625	148.831942682904
1674839	121.475	59.625	150.332054128903
1674840	121.525	59.625	150.306463262642
1675071	133.075	59.625	142.681110927155
1675072	133.125	59.625	150.176340939317
1675073	133.175	59.625	150.189346215871
1675074	133.225	59.625	150.209250751864
1675075	133.275	59.625	140.146417530256
1675110	135.025	59.625	153.451630074716
1676290	-131.975	59.575	155.970968707785
1676291	-131.925	59.575	156.101662109197
1676292	-131.875	59.575	156.221659967375
1676293	-131.825	59.575	156.35254906147
1676394	-126.775	59.575	132.68852532902
1676395	-126.725	59.575	151.118244309767
1676396	-126.675	59.575	151.106125118618
1676397	-126.625	59.575	151.113193352926
1676398	-126.575	59.575	151.114004397935
1676399	-126.525	59.575	151.11590318033
1676400	-126.475	59.575	139.402714960442
1676436	-124.675	59.575	150.68877762154
1676445	-124.225	59.575	150.524755029417
1676446	-124.175	59.575	150.532329249376
1676447	-124.125	59.575	150.562033100129
1676449	-124.025	59.575	148.83817774361
1676701	-111.425	59.575	131.660996726839
1680311	69.075	59.575	137.972493272387
1680312	69.125	59.575	137.982579428601
1680313	69.175	59.575	137.993589199732
1680314	69.225	59.575	138.005871110487
1680315	69.275	59.575	138.228877276816
1680316	69.325	59.575	138.244249193301
1680514	79.225	59.575	133.620668667174
1680515	79.275	59.575	140.872339008641
1680747	90.875	59.575	131.833065428549
1680996	103.325	59.575	141.408788416943
1680997	103.375	59.575	136.884911823342
1680998	103.425	59.575	141.349651042975
1681070	107.025	59.575	137.326653901561
1681071	107.075	59.575	137.344908199471
1681072	107.125	59.575	137.333250023027
1681090	108.025	59.575	135.943972827505
1681091	108.075	59.575	136.886336804794
1681182	112.625	59.575	149.289535056266
1681183	112.675	59.575	149.290228606782
1681184	112.725	59.575	149.294175592386
1681359	121.475	59.575	150.304833396742
1681360	121.525	59.575	141.375875487729
1681591	133.075	59.575	150.221025052187
1681630	135.025	59.575	153.433990171769
1681631	135.075	59.575	142.898325987809
1682813	-131.825	59.525	156.408668353729
1682814	-131.775	59.525	156.47497688042
1682815	-131.725	59.525	156.517660342078
1682833	-130.825	59.525	157.622053091846
1682834	-130.775	59.525	157.781419451127
1682920	-126.475	59.525	150.7826456305
1682921	-126.425	59.525	150.792049353348
1682922	-126.375	59.525	150.788958650744
1682923	-126.325	59.525	134.103965320657
1682954	-124.775	59.525	150.683235215368
1682955	-124.725	59.525	150.686092407799
1682956	-124.675	59.525	150.686054668057
1682967	-124.125	59.525	150.567561902952
1682968	-124.075	59.525	150.476461460436
1682969	-124.025	59.525	150.504864437605
1683220	-111.475	59.525	131.660499444616
1683221	-111.425	59.525	131.659574941188
1686831	69.075	59.525	137.964457371867
1687035	79.275	59.525	133.943942387315
1687036	79.325	59.525	140.83598286854
1687037	79.375	59.525	140.818265425678
1687038	79.425	59.525	134.933889059044
1687039	79.475	59.525	140.802042857071
1687040	79.525	59.525	140.792780000093
1687041	79.575	59.525	135.476674636345
1687267	90.875	59.525	132.914248144101
1687268	90.925	59.525	131.824024375113
1687269	90.975	59.525	131.649660084983
1687516	103.325	59.525	137.080197874115
1687517	103.375	59.525	141.306910362257
1687518	103.425	59.525	137.67257145525
1687584	106.725	59.525	133.535754365739
1687585	106.775	59.525	137.199417206989
1687586	106.825	59.525	137.234312573356
1687587	106.875	59.525	137.272452350925
1687588	106.925	59.525	137.27705606226
1687589	106.975	59.525	137.307569846748
1687590	107.025	59.525	135.445513702336
1687592	107.125	59.525	135.532564650594
1687593	107.175	59.525	137.342945976659
1687594	107.225	59.525	137.370315109767
1687595	107.275	59.525	135.971261716642
1687610	108.025	59.525	136.881372310284
1687611	108.075	59.525	136.840210292004
1687701	112.575	59.525	149.287903782558
1687702	112.625	59.525	135.074480187325
1687877	121.375	59.525	150.312666462359
1687878	121.425	59.525	150.291630698577
1687879	121.475	59.525	142.59011896179
1688111	133.075	59.525	150.129676112497
1688151	135.075	59.525	153.411469884929
1689335	-131.725	59.475	148.068120127649
1689336	-131.675	59.475	156.626502809
1689337	-131.625	59.475	156.664230014472
1689338	-131.575	59.475	156.701536390611
1689339	-131.525	59.475	156.727783840548
1689352	-130.875	59.475	151.048591479044
1689353	-130.825	59.475	157.267053071069
1689354	-130.775	59.475	152.9674297166
1689355	-130.725	59.475	158.651853164415
1689356	-130.675	59.475	159.234294988396
1689443	-126.325	59.475	150.673020430578
1689444	-126.275	59.475	150.676326781221
1689453	-125.825	59.475	150.659098104243
1689454	-125.775	59.475	143.006857116679
1689473	-124.825	59.475	150.686205767409
1689474	-124.775	59.475	140.089704576333
1689740	-111.475	59.475	131.659434287061
1693347	68.875	59.475	137.883588206284
1693348	68.925	59.475	137.908856401727
1693349	68.975	59.475	137.529312641834
1693350	69.025	59.475	134.884868628238
1693351	69.075	59.475	137.94700466908
1693557	79.375	59.475	134.639443538033
1693558	79.425	59.475	140.811785809009
1693561	79.575	59.475	140.778331806999
1693562	79.625	59.475	140.748008476466
1693563	79.675	59.475	135.930042773043
1693789	90.975	59.475	131.743419758498
1693790	91.025	59.475	131.64661147569
1693791	91.075	59.475	135.904916158352
1694036	103.325	59.475	141.280767532127
1694037	103.375	59.475	141.251488723032
1694038	103.425	59.475	141.374899865804
1694039	103.475	59.475	141.389351621639
1694040	103.525	59.475	141.329751849372
1694102	106.625	59.475	137.141682246941
1694103	106.675	59.475	137.147603629803
1694104	106.725	59.475	137.161472913668
1694105	106.775	59.475	137.188184249272
1694106	106.825	59.475	137.258724801456
1694115	107.275	59.475	137.380128401424
1694116	107.325	59.475	137.410795644279
1694117	107.375	59.475	135.109392658676
1694129	107.975	59.475	136.806306442771
1694130	108.025	59.475	136.830714976642
1694131	108.075	59.475	136.76397073864
1694221	112.575	59.475	149.28242335544
1694222	112.625	59.475	134.903115171792
1694223	112.675	59.475	137.128661173529
1694396	121.325	59.475	150.294226295931
1694397	121.375	59.475	150.306544806723
1694631	133.075	59.475	150.122463267047
1694671	135.075	59.475	153.383074418658
1695859	-131.525	59.425	156.778964372813
1695860	-131.475	59.425	156.789171517328
1695861	-131.425	59.425	156.84434366391
1695862	-131.375	59.425	156.884947733426
1695863	-131.325	59.425	157.000220487419
1695864	-131.275	59.425	157.020075593736
1695871	-130.925	59.425	155.83293322407
1695872	-130.875	59.425	156.813001851899
1695873	-130.825	59.425	157.158316949369
1695876	-130.675	59.425	159.424461530415
1695877	-130.625	59.425	159.582152280125
1695878	-130.575	59.425	159.961577239757
1695964	-126.275	59.425	137.544613186177
1695965	-126.225	59.425	150.657849118856
1695966	-126.175	59.425	150.659360794024
1695967	-126.125	59.425	150.63975543433
1695968	-126.075	59.425	150.666887165994
1695969	-126.025	59.425	150.654725921264
1695970	-125.975	59.425	150.653745328934
1695971	-125.925	59.425	150.65323524054
1695972	-125.875	59.425	150.663277197701
1695973	-125.825	59.425	129.367875127017
1695974	-125.775	59.425	150.653938728879
1695993	-124.825	59.425	150.685970612036
1696260	-111.475	59.425	131.657786055229
1699867	68.875	59.425	137.87694091979
1699868	68.925	59.425	137.857530426646
1699869	68.975	59.425	137.913543812523
1699870	69.025	59.425	137.932648729886
1700083	79.675	59.425	140.732820181896
1700084	79.725	59.425	140.687701117618
1700085	79.775	59.425	140.678570267653
1700086	79.825	59.425	140.665298139499
1700087	79.875	59.425	140.64797815568
1700088	79.925	59.425	140.63673884202
1700089	79.975	59.425	140.594510174019
1700090	80.025	59.425	140.567116580854
1700091	80.075	59.425	140.293241063523
1700311	91.075	59.425	131.633089254619
1700312	91.125	59.425	136.080956744345
1700559	103.475	59.425	137.540760888785
1700560	103.525	59.425	141.375924183196
1700561	103.575	59.425	141.31091086488
1700562	103.625	59.425	141.300363081665
1700563	103.675	59.425	141.289416420289
1700564	103.725	59.425	137.534506703131
1700565	103.775	59.425	141.268947872049
1700566	103.825	59.425	141.273123930314
1700620	106.525	59.425	137.119081327055
1700621	106.575	59.425	137.126887632386
1700622	106.625	59.425	137.138325656149
1700637	107.375	59.425	137.417605451054
1700638	107.425	59.425	137.431212531704
1700639	107.475	59.425	137.477299819221
1700649	107.975	59.425	135.767789303641
1700650	108.025	59.425	136.799839470451
1700651	108.075	59.425	136.730759557847
1700652	108.125	59.425	134.895091671198
1700741	112.575	59.425	146.479902403239
1700743	112.675	59.425	151.7938274887
1700744	112.725	59.425	151.794965017545
1700745	112.775	59.425	151.793342415017
1700915	121.275	59.425	150.289104301332
1700916	121.325	59.425	150.296654925726
1701150	133.025	59.425	150.081122118806
1701151	133.075	59.425	150.095019648071
1701191	135.075	59.425	153.345589215108
1702384	-131.275	59.375	157.00120657458
1702385	-131.225	59.375	156.968806948842
1702386	-131.175	59.375	157.031155758157
1702387	-131.125	59.375	156.995038746187
1702388	-131.075	59.375	157.037390467375
1702389	-131.025	59.375	157.039209455493
1702390	-130.975	59.375	157.027311021618
1702391	-130.925	59.375	157.104530181688
1702398	-130.575	59.375	160.25906365196
1702399	-130.525	59.375	159.410227367325
1702400	-130.475	59.375	159.782195608271
1702488	-126.075	59.375	133.283875464368
1702489	-126.025	59.375	150.654861213947
1702493	-125.825	59.375	139.870593644422
1702494	-125.775	59.375	150.648161195844
1702495	-125.725	59.375	150.652350149391
1702496	-125.675	59.375	150.637046234672
1702497	-125.625	59.375	150.633476996891
1702498	-125.575	59.375	131.74973549025
1702509	-125.025	59.375	150.514845600105
1702510	-124.975	59.375	150.505828646162
1702511	-124.925	59.375	150.49592127155
1702512	-124.875	59.375	150.504378545803
1702513	-124.825	59.375	153.09386442804
1702780	-111.475	59.375	131.682014815341
1702781	-111.425	59.375	131.679625929742
1706387	68.875	59.375	137.823284840808
1706388	68.925	59.375	137.849078040754
1706603	79.675	59.375	140.694276481798
1706604	79.725	59.375	135.006017472704
1706608	79.925	59.375	134.367761945883
1706609	79.975	59.375	140.621755911452
1706611	80.075	59.375	134.960944913225
1706612	80.125	59.375	140.276306455159
1706613	80.175	59.375	140.233786797638
1706832	91.125	59.375	131.609575768044
1706833	91.175	59.375	131.592319106619
1707083	103.675	59.375	137.870179905227
1707084	103.725	59.375	141.297244095519
1707086	103.825	59.375	141.54010605612
1707087	103.875	59.375	141.562331760335
1707088	103.925	59.375	141.557209701482
1707089	103.975	59.375	141.543212681649
1707137	106.375	59.375	136.449608017459
1707138	106.425	59.375	137.062695142756
1707139	106.475	59.375	137.068749180956
1707140	106.525	59.375	137.100461077602
1707158	107.425	59.375	135.507519866867
1707159	107.475	59.375	137.491301531453
1707160	107.525	59.375	137.505776821186
1707161	107.575	59.375	137.534248171667
1707171	108.075	59.375	136.708858053649
1707172	108.125	59.375	136.676858203115
1707173	108.175	59.375	136.662898231722
1707260	112.525	59.375	146.482541043316
1707261	112.575	59.375	137.273496638904
1707265	112.775	59.375	137.967406707693
1707266	112.825	59.375	151.804627973137
1707433	121.175	59.375	150.28906077498
1707434	121.225	59.375	150.303190963371
1707435	121.275	59.375	142.739224497295
1707663	132.675	59.375	150.039774753567
1707664	132.725	59.375	150.04770696514
1707665	132.775	59.375	150.021189986262
1707666	132.825	59.375	150.029188913692
1707667	132.875	59.375	150.038446691521
1707668	132.925	59.375	150.058623556443
1707669	132.975	59.375	150.065867535596
1707670	133.025	59.375	150.076009084596
1707711	135.075	59.375	153.309733897406
1708920	-130.475	59.325	159.06814769361
1708921	-130.425	59.325	158.459475111197
1708922	-130.375	59.325	158.206734890379
1709018	-125.575	59.325	150.634390530942
1709019	-125.525	59.325	150.623336866415
1709020	-125.475	59.325	150.605174673573
1709021	-125.425	59.325	137.431520191765
1709026	-125.175	59.325	150.573691610333
1709027	-125.125	59.325	150.569711531853
1709028	-125.075	59.325	150.569628960007
1709029	-125.025	59.325	150.570398617573
1709030	-124.975	59.325	138.089136771161
1709031	-124.925	59.325	138.538372920903
1709301	-111.425	59.325	131.678812265126
1712907	68.875	59.325	137.815062331635
1713132	80.125	59.325	131.194482145917
1713133	80.175	59.325	134.477030966227
1713135	80.275	59.325	140.204474647173
1713136	80.325	59.325	140.146192086872
1713137	80.375	59.325	140.108672536965
1713138	80.425	59.325	140.091837933965
1713139	80.475	59.325	140.077355392573
1713140	80.525	59.325	140.064012749451
1713353	91.175	59.325	132.057150595549
1713354	91.225	59.325	131.58948610465
1713355	91.275	59.325	131.560686453873
1713609	103.975	59.325	141.544165300145
1713610	104.025	59.325	141.559414951939
1713611	104.075	59.325	137.797129551589
1713656	106.325	59.325	137.022617337155
1713657	106.375	59.325	137.057584993652
1713681	107.575	59.325	137.547469764863
1713682	107.625	59.325	137.562142081195
1713683	107.675	59.325	137.566572170483
1713684	107.725	59.325	137.608186625264
1713685	107.775	59.325	136.234409269579
1713686	107.825	59.325	135.737238548948
1713693	108.175	59.325	136.650732723509
1713694	108.225	59.325	136.633532500179
1713779	112.475	59.325	146.465101425635
1713780	112.525	59.325	146.477546337046
1713786	112.825	59.325	151.843669948101
1713950	121.025	59.325	150.270240140895
1713951	121.075	59.325	150.274646496613
1713952	121.125	59.325	150.276542845729
1713953	121.175	59.325	150.285542899848
1713956	121.325	59.325	150.311528096022
1713957	121.375	59.325	150.304655817387
1714182	132.625	59.325	150.034227997476
1714183	132.675	59.325	142.732392054287
1714230	135.025	59.325	153.283987933672
1714231	135.075	59.325	153.298323200401
1714303	138.675	59.325	155.849313834279
1714304	138.725	59.325	156.131107212665
1714305	138.775	59.325	156.130548832329
1714306	138.825	59.325	156.628731309286
1714307	138.875	59.325	156.645492189894
1714308	138.925	59.325	156.673863148765
1715541	-125.425	59.275	150.601815999081
1715542	-125.375	59.275	150.594395736994
1715543	-125.325	59.275	150.588191542516
1715544	-125.275	59.275	150.587741188854
1715545	-125.225	59.275	150.589228531581
1715546	-125.175	59.275	141.509716251028
1715820	-111.475	59.275	131.673287655549
1715821	-111.425	59.275	131.676478047488
1719425	68.775	59.275	137.768087168227
1719426	68.825	59.275	137.787752843012
1719427	68.875	59.275	138.813961941672
1719652	80.125	59.275	134.923369187203
1719653	80.175	59.275	133.060576046527
1719654	80.225	59.275	140.171093097678
1719655	80.275	59.275	140.153023816466
1719660	80.525	59.275	140.051434671883
1719875	91.275	59.275	130.305308650564
1719876	91.325	59.275	131.556904106316
1720131	104.075	59.275	141.560097260785
1720177	106.375	59.275	136.934629142327
1720178	106.425	59.275	136.880669213914
1720179	106.475	59.275	136.823703135097
1720180	106.525	59.275	136.805869981635
1720205	107.775	59.275	137.615433278105
1720206	107.825	59.275	137.624477200491
1720207	107.875	59.275	137.638547332187
1720208	107.925	59.275	137.652608756624
1720209	107.975	59.275	137.662497866107
1720210	108.025	59.275	137.698913461602
1720211	108.075	59.275	134.682884181651
1720213	108.175	59.275	136.625768011848
1720214	108.225	59.275	136.588867418738
1720297	112.375	59.275	146.450487138642
1720298	112.425	59.275	146.459901281686
1720299	112.475	59.275	146.463674809179
1720305	112.775	59.275	151.850352347411
1720306	112.825	59.275	151.853808756894
1720469	120.975	59.275	150.291294453094
1720470	121.025	59.275	138.424387788669
1720473	121.175	59.275	142.323087927857
1720474	121.225	59.275	150.324530950955
1720475	121.275	59.275	150.31446058901
1720476	121.325	59.275	150.315082852712
1720477	121.375	59.275	142.271472211759
1720478	121.425	59.275	150.303007115375
1720479	121.475	59.275	150.290724444937
1720480	121.525	59.275	150.27621484652
1720481	121.575	59.275	150.272070217988
1720482	121.625	59.275	150.272493879674
1720483	121.675	59.275	150.27286304365
1720555	125.275	59.275	137.062723996809
1720556	125.325	59.275	147.269151749171
1720557	125.375	59.275	147.28358697717
1720558	125.425	59.275	147.290818454954
1720559	125.475	59.275	147.293153639468
1720560	125.525	59.275	147.302685779546
1720698	132.425	59.275	149.984672884064
1720699	132.475	59.275	149.993753831537
1720700	132.525	59.275	149.981856076976
1720701	132.575	59.275	149.994399718796
1720702	132.625	59.275	142.544478362463
1720750	135.025	59.275	153.321875718013
1720822	138.625	59.275	155.558575048869
1720823	138.675	59.275	148.317919593157
1720828	138.925	59.275	151.28004353676
1720829	138.975	59.275	156.714315179504
1720830	139.025	59.275	156.73885175034
1720832	139.125	59.275	156.799035147684
1722340	-111.475	59.225	131.672870000979
1722341	-111.425	59.225	131.671095756581
1722342	-111.375	59.225	131.670581162256
1725945	68.775	59.225	138.502608221346
1725946	68.825	59.225	137.762794789548
1726179	80.475	59.225	140.022126467507
1726180	80.525	59.225	139.988644001577
1726181	80.575	59.225	139.975466140108
1726182	80.625	59.225	134.445306216653
1726396	91.325	59.225	131.546304901749
1726651	104.075	59.225	141.595963442182
1726652	104.125	59.225	141.568142614972
1726700	106.525	59.225	134.905947767054
1726701	106.575	59.225	136.799571296186
1726702	106.625	59.225	136.781345529479
1726703	106.675	59.225	136.788438207578
1726704	106.725	59.225	136.798618785418
1726705	106.775	59.225	136.785636399426
1726731	108.075	59.225	137.706301845024
1726732	108.125	59.225	137.724813631567
1726733	108.175	59.225	137.783416293149
1726734	108.225	59.225	134.489941888873
1726807	111.875	59.225	146.456492128214
1726808	111.925	59.225	146.457151876715
1726809	111.975	59.225	146.456901599069
1726813	112.175	59.225	135.45871957891
1726814	112.225	59.225	146.469603749246
1726815	112.275	59.225	146.474906776473
1726816	112.325	59.225	146.482897978843
1726817	112.375	59.225	146.497006542788
1726824	112.725	59.225	151.855315307559
1726825	112.775	59.225	151.859033054576
1726990	121.025	59.225	150.276229106301
1726991	121.075	59.225	150.263870276453
1726992	121.125	59.225	150.330567385226
1726993	121.175	59.225	150.325400036125
1727003	121.675	59.225	150.267363804698
1727004	121.725	59.225	144.134282408488
1727075	125.275	59.225	147.281151231482
1727076	125.325	59.225	147.263633369937
1727080	125.525	59.225	137.554181050691
1727081	125.575	59.225	147.296709918826
1727082	125.625	59.225	147.330644865831
1727083	125.675	59.225	136.838050489105
1727214	132.225	59.225	140.740287511566
1727215	132.275	59.225	149.948600876631
1727216	132.325	59.225	149.956737749509
1727217	132.375	59.225	149.983979890359
1727218	132.425	59.225	140.223204185272
1727270	135.025	59.225	153.283376910938
1727271	135.075	59.225	141.91156401671
1727341	138.575	59.225	155.568577544729
1727342	138.625	59.225	149.003404510432
1727350	139.025	59.225	156.791805705092
1727351	139.075	59.225	156.81074423491
1727352	139.125	59.225	156.783178887822
1727353	139.175	59.225	156.797658242181
1727354	139.225	59.225	153.949413493025
1728836	-112.675	59.175	132.248108164102
1728837	-112.625	59.175	132.251340777833
1728838	-112.575	59.175	132.254294167082
1728839	-112.525	59.175	132.263253503853
1728861	-111.425	59.175	131.678769380476
1728862	-111.375	59.175	123.341482228805
1732465	68.775	59.175	137.744090836422
1732466	68.825	59.175	137.727757002265
1732467	68.875	59.175	137.715298550256
1732468	68.925	59.175	137.708920901017
1732702	80.625	59.175	139.962142790648
1732703	80.675	59.175	139.995024596146
1732704	80.725	59.175	139.983456568062
1732916	91.325	59.175	131.539968373409
1732917	91.375	59.175	131.531959019859
1732918	91.425	59.175	131.528968708144
1732919	91.475	59.175	132.695980204947
1733171	104.075	59.175	141.573935198789
1733172	104.125	59.175	139.674696315105
1733225	106.775	59.175	136.765048306496
1733226	106.825	59.175	136.747671929638
1733227	106.875	59.175	135.040010327796
1733228	106.925	59.175	135.041388550524
1733324	111.725	59.175	135.728255687214
1733325	111.775	59.175	146.515273087745
1733326	111.825	59.175	146.460899101213
1733327	111.875	59.175	136.228660729994
1733329	111.975	59.175	146.458618094204
1733330	112.025	59.175	146.459176314639
1733331	112.075	59.175	146.46168761209
1733332	112.125	59.175	146.458274892784
1733333	112.175	59.175	146.464144630719
1733343	112.675	59.175	139.642068653332
1733344	112.725	59.175	151.859140100474
1733524	121.725	59.175	150.26249071877
1733525	121.775	59.175	150.244671894882
1733596	125.325	59.175	147.2623182812
1733603	125.675	59.175	147.323511907263
1733604	125.725	59.175	147.335640771907
1733728	131.925	59.175	149.85944771956
1733729	131.975	59.175	149.879126180547
1733730	132.025	59.175	149.894258380948
1733731	132.075	59.175	138.688186344513
1733733	132.175	59.175	149.931191046917
1733734	132.225	59.175	149.947716288419
1733791	135.075	59.175	153.272718220074
1733792	135.125	59.175	153.259160337311
1733793	135.175	59.175	153.254625184423
1733794	135.225	59.175	153.248097852622
1733795	135.275	59.175	151.803843723855
1733860	138.525	59.175	149.395485074688
1733861	138.575	59.175	155.51303283337
1733862	138.625	59.175	155.509136726499
1733874	139.225	59.175	156.803654646906
1733875	139.275	59.175	156.952388656802
1735353	-112.825	59.125	132.23003526068
1735354	-112.775	59.125	132.232854051007
1735355	-112.725	59.125	132.24686648701
1735356	-112.675	59.125	124.240156211955
1735359	-112.525	59.125	124.655582009889
1735360	-112.475	59.125	132.26620599212
1735361	-112.425	59.125	132.269540545447
1735362	-112.375	59.125	132.272730210407
1735363	-112.325	59.125	132.27332444282
1735364	-112.275	59.125	132.282905337002
1735365	-112.225	59.125	123.760943746534
1735369	-112.025	59.125	132.302790068959
1735370	-111.975	59.125	132.305263560303
1735371	-111.925	59.125	132.312237785476
1735381	-111.425	59.125	131.676381493806
1738985	68.775	59.125	138.614288645514
1738986	68.825	59.125	137.68092892049
1738987	68.875	59.125	137.689464135278
1738988	68.925	59.125	137.703501312892
1739224	80.725	59.125	139.9715748213
1739225	80.775	59.125	139.938848711393
1739226	80.825	59.125	134.407912396663
1739231	81.075	59.125	139.839816431028
1739232	81.125	59.125	139.819006128489
1739233	81.175	59.125	139.805631152163
1739234	81.225	59.125	139.79357589657
1739439	91.475	59.125	131.527003870996
1739440	91.525	59.125	131.322932520628
1739692	104.125	59.125	139.592486830333
1739693	104.175	59.125	140.377595784186
1739748	106.925	59.125	136.769441029425
1739749	106.975	59.125	134.290193849075
1739843	111.675	59.125	135.154416146788
1739844	111.725	59.125	146.516343229327
1739861	112.575	59.125	138.999746252409
1739862	112.625	59.125	151.857889673883
1739863	112.675	59.125	151.866505161519
1740045	121.775	59.125	143.507438614545
1740046	121.825	59.125	150.258496503582
1740116	125.325	59.125	147.258245772458
1740124	125.725	59.125	147.284504345135
1740248	131.925	59.125	149.910678211774
1740249	131.975	59.125	149.878620889082
1740251	132.075	59.125	149.898326485945
1740252	132.125	59.125	149.915792596512
1740253	132.175	59.125	138.512611230547
1740315	135.275	59.125	143.001013086709
1740316	135.325	59.125	151.797327244437
1740379	138.475	59.125	155.342205438675
1740380	138.525	59.125	155.332971473577
1740395	139.275	59.125	156.981750347312
1740396	139.325	59.125	157.282056422044
1741872	-112.875	59.075	132.221676825114
1741873	-112.825	59.075	132.227441679092
1741885	-112.225	59.075	132.283880584207
1741886	-112.175	59.075	132.285670908901
1741887	-112.125	59.075	132.287366961391
1741888	-112.075	59.075	132.290853074028
1741889	-112.025	59.075	132.30182551926
1741891	-111.925	59.075	132.319247402475
1741901	-111.425	59.075	131.674518910232
1745506	68.825	59.075	137.622324553044
1745746	80.825	59.075	139.921555953015
1745747	80.875	59.075	139.899119533216
1745748	80.925	59.075	139.890901967428
1745749	80.975	59.075	139.87649400551
1745750	81.025	59.075	139.861415825941
1745751	81.075	59.075	139.851124351035
1745754	81.225	59.075	136.271405692949
1745755	81.275	59.075	139.7828505564
1745756	81.325	59.075	139.745652882044
1745960	91.525	59.075	130.192451833755
1745961	91.575	59.075	131.320055579645
1745962	91.625	59.075	131.31349880838
1745963	91.675	59.075	131.308886951475
1746213	104.175	59.075	141.524047181937
1746214	104.225	59.075	141.516148752025
1746268	106.925	59.075	136.767552468025
1746269	106.975	59.075	136.745224212944
1746270	107.025	59.075	136.732249272527
1746271	107.075	59.075	136.72217186428
1746362	111.625	59.075	146.501144204646
1746363	111.675	59.075	146.505521869196
1746380	112.525	59.075	151.838662010956
1746381	112.575	59.075	151.862175395664
1746566	121.825	59.075	150.265965222158
1746636	125.325	59.075	147.25505653453
1746644	125.725	59.075	136.280554410179
1746645	125.775	59.075	147.163218817263
1746646	125.825	59.075	147.168190667589
1746647	125.875	59.075	147.174221768821
1746648	125.925	59.075	147.17552701418
1746649	125.975	59.075	147.184458425868
1746766	131.825	59.075	140.982657343891
1746767	131.875	59.075	149.859679182752
1746768	131.925	59.075	149.872819727059
1746836	135.325	59.075	151.812677574876
1746898	138.425	59.075	155.285485696066
1746899	138.475	59.075	155.28288971481
1746916	139.325	59.075	157.730687199115
1746917	139.375	59.075	157.749273944113
1748392	-112.875	59.025	132.219954613433
1748408	-112.075	59.025	132.325819490938
1748409	-112.025	59.025	132.322421673214
1748410	-111.975	59.025	132.321249046698
1748411	-111.925	59.025	122.867065720953
1748421	-111.425	59.025	131.671956172698
1752024	68.725	59.025	137.580829686987
1752025	68.775	59.025	137.598480830135
1752026	68.825	59.025	133.658010388373
1752027	68.875	59.025	134.678124422455
1752276	81.325	59.025	139.738742865722
1752277	81.375	59.025	139.708945633302
1752278	81.425	59.025	139.695376808965
1752483	91.675	59.025	131.306105172599
1752484	91.725	59.025	143.366858601157
1752734	104.225	59.025	141.515035591689
1752735	104.275	59.025	141.510399594773
1752736	104.325	59.025	141.518402978138
1752737	104.375	59.025	141.503224079728
1752790	107.025	59.025	136.726016239813
1752791	107.075	59.025	134.782165163298
1752879	111.475	59.025	146.483082704364
1752880	111.525	59.025	146.484710334418
1752881	111.575	59.025	146.500195967926
1752882	111.625	59.025	136.768538709247
1752900	112.525	59.025	151.838612832117
1752901	112.575	59.025	151.835656180596
1753084	121.725	59.025	150.318381357692
1753085	121.775	59.025	150.297058793756
1753086	121.825	59.025	150.302137736018
1753153	125.175	59.025	147.447810747273
1753154	125.225	59.025	147.456553447292
1753155	125.275	59.025	147.454790219353
1753156	125.325	59.025	147.23684266845
1753169	125.975	59.025	147.209455841719
1753170	126.025	59.025	147.212712179913
1753171	126.075	59.025	147.211553716376
1753172	126.125	59.025	147.217265462872
1753173	126.175	59.025	147.218493560651
1753174	126.225	59.025	147.232125581593
1753284	131.725	59.025	149.908965147122
1753285	131.775	59.025	149.826424264372
1753286	131.825	59.025	149.874144473211
1753355	135.275	59.025	144.332604799249
1753356	135.325	59.025	151.80541842143
1753417	138.375	59.025	155.295394271064
1753418	138.425	59.025	155.282173255685
1753437	139.375	59.025	153.958149758602
1753438	139.425	59.025	158.309593302627
1754911	-112.925	58.975	132.214507990058
1754912	-112.875	58.975	124.384459445815
1754928	-112.075	58.975	132.334114807685
1754933	-111.825	58.975	132.353494233163
1754934	-111.775	58.975	124.315290950613
1754935	-111.725	58.975	132.360586152707
1754938	-111.575	58.975	118.507616099173
1754939	-111.525	58.975	132.379822984617
1754940	-111.475	58.975	132.382772995284
1754941	-111.425	58.975	132.389126040206
1754942	-111.375	58.975	130.023665070115
1754943	-111.325	58.975	130.036017258065
1754944	-111.275	58.975	124.352199706126
1758544	68.725	58.975	135.5251398055
1758545	68.775	58.975	137.578833778096
1758546	68.825	58.975	137.553443113793
1758547	68.875	58.975	134.595784253983
1758798	81.425	58.975	139.682618463
1759004	91.725	58.975	130.491568318576
1759191	101.075	58.975	132.186802348402
1759192	101.125	58.975	119.029068155871
1759193	101.175	58.975	119.573356437559
1759197	101.375	58.975	126.504103058361
1759198	101.425	58.975	121.057800878814
1759199	101.475	58.975	126.504186438589
1759200	101.525	58.975	126.503628925827
1759201	101.575	58.975	126.502578096178
1759202	101.625	58.975	126.501160155326
1759257	104.375	58.975	141.489325453602
1759309	106.975	58.975	136.75592004635
1759310	107.025	58.975	133.503332126941
1759397	111.375	58.975	146.681745174135
1759398	111.425	58.975	132.13566728342
1759399	111.475	58.975	146.674328532573
1759421	112.575	58.975	142.209449835063
1759422	112.625	58.975	151.840828944677
1759423	112.675	58.975	151.838958268789
1759424	112.725	58.975	151.837918414361
1759425	112.775	58.975	151.839971042166
1759426	112.825	58.975	151.837362319151
1759427	112.875	58.975	151.840738116027
1759604	121.725	58.975	150.317174245468
1759672	125.125	58.975	147.438356936967
1759673	125.175	58.975	147.496002899783
1759694	126.225	58.975	147.203379541969
1759695	126.275	58.975	147.181231761109
1759791	131.075	58.975	149.651976535357
1759792	131.125	58.975	149.676427873085
1759793	131.175	58.975	140.29553977833
1759795	131.275	58.975	149.776114860935
1759796	131.325	58.975	149.787155095015
1759797	131.375	58.975	149.809226991345
1759798	131.425	58.975	138.182923131688
1759800	131.525	58.975	149.854644014432
1759801	131.575	58.975	149.863531119667
1759802	131.625	58.975	149.87184670028
1759803	131.675	58.975	149.896027512967
1759804	131.725	58.975	139.829707445415
1759871	135.075	58.975	151.826422856059
1759872	135.125	58.975	151.83194852553
1759873	135.175	58.975	151.774198234467
1759874	135.225	58.975	151.779152754666
1759875	135.275	58.975	151.792354798002
1759936	138.325	58.975	155.195892088138
1759937	138.375	58.975	155.225328821023
1759958	139.425	58.975	158.449592992906
1759962	139.625	58.975	156.508684993625
1759963	139.675	58.975	159.640406758376
1759964	139.725	58.975	159.808963579232
1759965	139.775	58.975	160.488729383888
1759966	139.825	58.975	160.575909107878
1759967	139.875	58.975	160.660195030225
1759968	139.925	58.975	160.685504362272
1759969	139.975	58.975	160.853137541941
1759970	140.025	58.975	159.950620800374
1761427	-113.125	58.925	132.187461806489
1761428	-113.075	58.925	123.655445528222
1761429	-113.025	58.925	123.855404168341
1761430	-112.975	58.925	132.195691062004
1761431	-112.925	58.925	132.200624838475
1761448	-112.075	58.925	123.445632969225
1761449	-112.025	58.925	132.337473065525
1761450	-111.975	58.925	132.341072868964
1761451	-111.925	58.925	132.344514120824
1761452	-111.875	58.925	132.349952282892
1761453	-111.825	58.925	117.308270585361
1761454	-111.775	58.925	132.356772455033
1761455	-111.725	58.925	116.219442520684
1761456	-111.675	58.925	132.362658710925
1761457	-111.625	58.925	132.366622616068
1761458	-111.575	58.925	132.376313005251
1761464	-111.275	58.925	130.038888392795
1761465	-111.225	58.925	130.046182443621
1761466	-111.175	58.925	130.050472610684
1765064	68.725	58.925	137.510030350071
1765065	68.775	58.925	137.516622250029
1765318	81.425	58.925	139.654670735825
1765319	81.475	58.925	139.624317002631
1765320	81.525	58.925	139.609494958891
1765524	91.725	58.925	130.48071139063
1765709	100.975	58.925	126.545977559297
1765710	101.025	58.925	126.540823404148
1765711	101.075	58.925	126.527594032919
1765713	101.175	58.925	126.530086862419
1765714	101.225	58.925	126.530676405099
1765715	101.275	58.925	126.530322744084
1765716	101.325	58.925	126.505460325809
1765717	101.375	58.925	131.103145057252
1765718	101.425	58.925	126.505399181368
1765719	101.475	58.925	124.605472615822
1765720	101.525	58.925	121.08194851404
1765721	101.575	58.925	126.503569156535
1765722	101.625	58.925	126.499541447392
1765723	101.675	58.925	126.496981671686
1765724	101.725	58.925	126.498092209541
1765725	101.775	58.925	126.499059681597
1765726	101.825	58.925	126.497669725382
1765727	101.875	58.925	126.499587859394
1765728	101.925	58.925	126.490133770003
1765729	101.975	58.925	126.49212214178
1765730	102.025	58.925	126.491577768859
1765731	102.075	58.925	126.493448852596
1765732	102.125	58.925	133.902900515496
1765733	102.175	58.925	134.472211364469
1765734	102.225	58.925	134.949772789369
1765735	102.275	58.925	134.872995329025
1765776	104.325	58.925	139.880655436514
1765777	104.375	58.925	141.463479938469
1765828	106.925	58.925	136.684578607365
1765829	106.975	58.925	136.712992526366
1765915	111.275	58.925	146.690395288734
1765916	111.325	58.925	146.679693201043
1765917	111.375	58.925	132.515447577704
1765918	111.425	58.925	146.687734511111
1765947	112.875	58.925	151.841212696711
1765948	112.925	58.925	151.839362402453
1766122	121.625	58.925	150.412136380492
1766123	121.675	58.925	150.310915352428
1766124	121.725	58.925	141.643366516596
1766189	124.975	58.925	137.714423367913
1766190	125.025	58.925	147.506971166801
1766191	125.075	58.925	147.508748448262
1766192	125.125	58.925	147.515283768288
1766193	125.175	58.925	147.492124080036
1766215	126.275	58.925	147.177359042014
1766216	126.325	58.925	147.183377179413
1766217	126.375	58.925	147.184196011339
1766218	126.425	58.925	147.194297553839
1766307	130.875	58.925	140.204732834309
1766308	130.925	58.925	149.621172481325
1766309	130.975	58.925	149.634544224959
1766310	131.025	58.925	149.648902829668
1766311	131.075	58.925	149.671576468425
1766313	131.175	58.925	149.696971386143
1766314	131.225	58.925	149.737261641602
1766315	131.275	58.925	136.462089043479
1766316	131.325	58.925	149.769998153263
1766318	131.425	58.925	149.821231713989
1766319	131.475	58.925	149.845205135324
1766320	131.525	58.925	139.123467106028
1766380	134.525	58.925	151.842706303632
1766381	134.575	58.925	151.840262525689
1766382	134.625	58.925	151.84614878381
1766383	134.675	58.925	151.8325208711
1766384	134.725	58.925	151.837661903397
1766385	134.775	58.925	151.842505840861
1766386	134.825	58.925	151.824273781187
1766387	134.875	58.925	151.831380157664
1766388	134.925	58.925	151.832089263728
1766389	134.975	58.925	151.843146356975
1766390	135.025	58.925	151.826121903749
1766391	135.075	58.925	144.686169036076
1766455	138.275	58.925	155.193395819432
1766456	138.325	58.925	155.166207372325
1766478	139.425	58.925	158.712338095427
1766479	139.475	58.925	158.742666028983
1766480	139.525	58.925	159.09501131615
1766481	139.575	58.925	159.374823792758
1766482	139.625	58.925	159.47801868436
1766490	140.025	58.925	161.797943966662
1766491	140.075	58.925	161.667707976488
1767947	-113.125	58.875	132.178351889374
1767948	-113.075	58.875	132.189182791265
1767949	-113.025	58.875	132.194264378425
1767984	-111.275	58.875	130.072757765365
1767985	-111.225	58.875	130.065146448563
1767986	-111.175	58.875	125.508639852542
1771583	68.675	58.875	137.498984091368
1771584	68.725	58.875	137.475958636629
1771840	81.525	58.875	139.611477831173
1772044	91.725	58.875	130.473861291373
1772045	91.775	58.875	130.468076963024
1772046	91.825	58.875	130.46476792567
1772047	91.875	58.875	130.460793334114
1772048	91.925	58.875	130.46008668881
1772049	91.975	58.875	130.457000382197
1772050	92.025	58.875	130.453505789539
1772228	100.925	58.875	130.617470091807
1772229	100.975	58.875	126.575598191704
1772255	102.275	58.875	121.076182718812
1772256	102.325	58.875	130.701644143599
1772257	102.375	58.875	132.558169300492
1772258	102.425	58.875	135.125632996508
1772296	104.325	58.875	139.736845812768
1772297	104.375	58.875	141.393136063904
1772348	106.925	58.875	136.680262922242
1772349	106.975	58.875	136.662768040569
1772433	111.175	58.875	134.888637950423
1772434	111.225	58.875	146.684355841321
1772435	111.275	58.875	146.687999875166
1772467	112.875	58.875	147.263027851455
1772468	112.925	58.875	151.820975151844
1772641	121.575	58.875	150.415086697071
1772642	121.625	58.875	140.661253068299
1772709	124.975	58.875	147.501514660015
1772710	125.025	58.875	147.492663111724
1772738	126.425	58.875	141.030569427567
1772739	126.475	58.875	147.201791925475
1772740	126.525	58.875	147.203749240462
1772741	126.575	58.875	147.216524305638
1772762	127.625	58.875	149.324209408909
1772763	127.675	58.875	149.335172202688
1772775	128.275	58.875	149.558771625571
1772776	128.325	58.875	149.550003978377
1772777	128.375	58.875	149.564541177815
1772822	130.625	58.875	140.922778803007
1772823	130.675	58.875	149.54480166573
1772824	130.725	58.875	149.550730556364
1772825	130.775	58.875	149.557884066198
1772826	130.825	58.875	149.569155952424
1772827	130.875	58.875	149.615113043397
1772834	131.225	58.875	149.727849547861
1772835	131.275	58.875	149.750548103571
1772896	134.325	58.875	145.437419851658
1772897	134.375	58.875	151.821401186272
1772898	134.425	58.875	151.825065839568
1772899	134.475	58.875	151.838479006724
1772900	134.525	58.875	141.277205066626
1772975	138.275	58.875	155.163733857914
1772976	138.325	58.875	149.171175458609
1773011	140.075	58.875	162.314817657095
1773012	140.125	58.875	162.97735995751
1774465	-113.225	58.825	132.157665298839
1774466	-113.175	58.825	132.161986955952
1774467	-113.125	58.825	132.173111778494
1774468	-113.075	58.825	123.47032897709
1774504	-111.275	58.825	130.079978083878
1778103	68.675	58.825	137.463468168026
1778104	68.725	58.825	137.441740019964
1778105	68.775	58.825	137.42968217575
1778360	81.525	58.825	139.571717469671
1778361	81.575	58.825	139.539606871627
1778362	81.625	58.825	139.522013192389
1778363	81.675	58.825	139.507525945599
1778570	92.025	58.825	129.42773041843
1778571	92.075	58.825	130.452388714161
1778748	100.925	58.825	126.576521635397
1778778	102.425	58.825	126.464148256164
1778779	102.475	58.825	126.465528446075
1778780	102.525	58.825	138.402956225718
1778781	102.575	58.825	138.40899630593
1778815	104.275	58.825	141.307722999141
1778816	104.325	58.825	141.32923984532
1778817	104.375	58.825	141.377277768076
1778869	106.975	58.825	136.671268045831
1778870	107.025	58.825	133.504269172525
1778953	111.175	58.825	146.683990316599
1778954	111.225	58.825	146.686647601887
1778987	112.875	58.825	151.818413444669
1778988	112.925	58.825	148.211476104728
1779160	121.525	58.825	150.397862688074
1779161	121.575	58.825	150.412670804159
1779225	124.775	58.825	147.545108393712
1779226	124.825	58.825	147.551064738621
1779227	124.875	58.825	147.478003721751
1779228	124.925	58.825	147.479721313823
1779229	124.975	58.825	147.486007115649
1779261	126.575	58.825	143.079302803713
1779262	126.625	58.825	147.224371690076
1779263	126.675	58.825	147.20674221224
1779264	126.725	58.825	147.21601858273
1779265	126.775	58.825	147.224576106609
1779266	126.825	58.825	147.229811735321
1779267	126.875	58.825	147.245119990654
1779275	127.275	58.825	149.30477995928
1779276	127.325	58.825	149.316113889384
1779277	127.375	58.825	144.670431267335
1779280	127.525	58.825	144.849978005902
1779281	127.575	58.825	149.356346771952
1779282	127.625	58.825	149.366708032281
1779283	127.675	58.825	142.839805980379
1779284	127.725	58.825	149.334679011243
1779285	127.775	58.825	149.34745524277
1779292	128.125	58.825	143.79219620404
1779293	128.175	58.825	149.440261796908
1779294	128.225	58.825	149.454141342956
1779295	128.275	58.825	142.445199486702
1779296	128.325	58.825	149.551971974974
1779297	128.375	58.825	144.235591660561
1779298	128.425	58.825	149.58477826631
1779299	128.475	58.825	149.590814458921
1779300	128.525	58.825	149.606064706783
1779341	130.575	58.825	149.549079077228
1779342	130.625	58.825	149.565580751173
1779416	134.325	58.825	151.848008457681
1779493	138.175	58.825	149.834483447687
1779494	138.225	58.825	154.822405660157
1779495	138.275	58.825	154.815512527923
1779496	138.325	58.825	155.077557427664
1780981	-113.425	58.775	132.133401635841
1780982	-113.375	58.775	132.138113454471
1780983	-113.325	58.775	132.143198691102
1780984	-113.275	58.775	132.153135752976
1780985	-113.225	58.775	124.182401886092
1781024	-111.275	58.775	130.090940855206
1781025	-111.225	58.775	130.098159877779
1784621	68.575	58.775	137.386410532742
1784622	68.625	58.775	137.395473925664
1784624	68.725	58.775	137.408612381693
1784625	68.775	58.775	137.418540903409
1784880	81.525	58.775	139.438419456562
1784881	81.575	58.775	139.449761240056
1784882	81.625	58.775	139.491421966052
1784883	81.675	58.775	131.705575140453
1785089	91.975	58.775	130.428564038417
1785090	92.025	58.775	130.430369946034
1785091	92.075	58.775	130.430845060249
1785267	100.875	58.775	126.577987926399
1785268	100.925	58.775	126.576299656341
1785301	102.575	58.775	125.883380244122
1785302	102.625	58.775	138.404195507876
1785334	104.225	58.775	141.298841909868
1785335	104.275	58.775	141.877547962493
1785388	106.925	58.775	136.687581991225
1785389	106.975	58.775	136.634862848157
1785390	107.025	58.775	136.622205278073
1785467	110.875	58.775	134.088086598894
1785468	110.925	58.775	134.030633510789
1785469	110.975	58.775	146.775898176481
1785470	111.025	58.775	134.128223110262
1785471	111.075	58.775	146.790677296341
1785474	111.225	58.775	146.761542504854
1785508	112.925	58.775	151.811414762459
1785509	112.975	58.775	146.880013604054
1785679	121.475	58.775	150.404319054661
1785680	121.525	58.775	141.64403532827
1785745	124.775	58.775	147.579438508164
1785787	126.875	58.775	143.887040871117
1785788	126.925	58.775	147.251618423391
1785789	126.975	58.775	147.252250964702
1785790	127.025	58.775	147.273294076251
1785794	127.225	58.775	149.313498530806
1785795	127.275	58.775	145.964275501573
1785797	127.375	58.775	149.33644459741
1785798	127.425	58.775	149.342366801026
1785799	127.475	58.775	149.344039686865
1785800	127.525	58.775	149.357337767115
1785805	127.775	58.775	149.350725606435
1785806	127.825	58.775	149.37943238101
1785810	128.025	58.775	144.605656755308
1785811	128.075	58.775	149.418724502699
1785812	128.125	58.775	149.432772048801
1785814	128.225	58.775	141.87845836791
1785815	128.275	58.775	149.484005935621
1785816	128.325	58.775	143.334401647797
1785817	128.375	58.775	149.536780987296
1785818	128.425	58.775	145.487253734564
1785820	128.525	58.775	149.629998933491
1785861	130.575	58.775	149.701819535004
1785862	130.625	58.775	149.077017237239
1785863	130.675	58.775	149.059377201613
1785934	134.225	58.775	151.811644635971
1785935	134.275	58.775	151.814390727107
1785936	134.325	58.775	151.82447072871
1786009	137.975	58.775	151.087398982947
1786010	138.025	58.775	154.762160917945
1786011	138.075	58.775	154.760881502233
1786012	138.125	58.775	154.812670035077
1786013	138.175	58.775	154.809778942962
1786014	138.225	58.775	154.819471268729
1787492	-113.875	58.725	131.644132544196
1787493	-113.825	58.725	132.065249576495
1787494	-113.775	58.725	132.067835221823
1787495	-113.725	58.725	132.075990838719
1787496	-113.675	58.725	122.923013669119
1787497	-113.625	58.725	132.096960471357
1787499	-113.525	58.725	132.115808019168
1787500	-113.475	58.725	132.119838800769
1787501	-113.425	58.725	123.43513380861
1787502	-113.375	58.725	132.130823542474
1787545	-111.225	58.725	130.103957662906
1787546	-111.175	58.725	130.685423042276
1787552	-110.875	58.725	136.339441446463
1787553	-110.825	58.725	136.364134673339
1787554	-110.775	58.725	136.357860315575
1791141	68.575	58.725	137.379869126277
1791142	68.625	58.725	135.686569948998
1791143	68.675	58.725	137.404247222513
1791144	68.725	58.725	136.999442710186
1791400	81.525	58.725	139.422405597398
1791401	81.575	58.725	139.495261676154
1791402	81.625	58.725	139.483385430105
1791403	81.675	58.725	134.62451728798
1791609	91.975	58.725	130.425880967047
1791610	92.025	58.725	130.423285052777
1791611	92.075	58.725	127.83155219487
1791749	98.975	58.725	127.056919410299
1791750	99.025	58.725	127.05435051403
1791751	99.075	58.725	127.050283680319
1791752	99.125	58.725	127.049374770323
1791784	100.725	58.725	126.60350485569
1791785	100.775	58.725	126.602632613964
1791786	100.825	58.725	126.601641462758
1791787	100.875	58.725	131.708439343697
1791822	102.625	58.725	125.802715123015
1791854	104.225	58.725	141.326249795585
1791855	104.275	58.725	141.305045964866
1791856	104.325	58.725	141.288237593919
1791857	104.375	58.725	141.27491935032
1791908	106.925	58.725	136.647367809297
1791909	106.975	58.725	136.615986072818
1791987	110.875	58.725	146.741409691874
1791988	110.925	58.725	146.750754367973
1791989	110.975	58.725	146.777426902915
1791990	111.025	58.725	146.785363147573
1791991	111.075	58.725	133.534462483325
1791992	111.125	58.725	146.78993618403
1791993	111.175	58.725	146.749125294226
1791994	111.225	58.725	146.754260732788
1792029	112.975	58.725	151.805124362286
1792199	121.475	58.725	150.393702606693
1792259	124.475	58.725	138.889902294419
1792260	124.525	58.725	147.548054241349
1792261	124.575	58.725	147.540902721492
1792262	124.625	58.725	147.544500226382
1792263	124.675	58.725	147.550525929317
1792264	124.725	58.725	147.554469651466
1792265	124.775	58.725	147.565663506804
1792310	127.025	58.725	143.545251762894
1792311	127.075	58.725	147.285678416568
1792312	127.125	58.725	147.291685034837
1792313	127.175	58.725	149.300631061266
1792314	127.225	58.725	145.218124937386
1792325	127.775	58.725	149.37627759244
1792326	127.825	58.725	149.385565748222
1792327	127.875	58.725	144.901148248615
1792330	128.025	58.725	149.425975132041
1792335	128.275	58.725	143.543904576626
1792336	128.325	58.725	149.485967351109
1792337	128.375	58.725	149.518622028802
1792340	128.525	58.725	149.650935675337
1792382	130.625	58.725	150.332554153915
1792383	130.675	58.725	149.051074190049
1792384	130.725	58.725	149.034351156744
1792385	130.775	58.725	139.126922883531
1792454	134.225	58.725	153.201439038403
1792528	137.925	58.725	150.717151444743
1792529	137.975	58.725	154.708462683585
1794009	-114.025	58.675	132.045870556388
1794010	-113.975	58.675	132.049922509684
1794011	-113.925	58.675	132.054758533228
1794012	-113.875	58.675	132.062536128833
1794015	-113.725	58.675	132.078117489822
1794016	-113.675	58.675	132.088779462717
1794017	-113.625	58.675	132.100782076527
1794018	-113.575	58.675	132.105206602297
1794019	-113.525	58.675	132.113198446119
1794020	-113.475	58.675	124.295439116799
1794021	-113.425	58.675	132.124524614156
1794066	-111.175	58.675	116.609011883645
1794067	-111.125	58.675	136.325921279998
1794068	-111.075	58.675	121.566878353956
1794069	-111.025	58.675	113.9590657816
1794070	-110.975	58.675	116.282938923878
1794071	-110.925	58.675	120.790822596927
1794072	-110.875	58.675	120.261827513556
1794074	-110.775	58.675	122.898670221828
1797661	68.575	58.675	137.368865523926
1797923	81.675	58.675	139.473098978855
1797924	81.725	58.675	139.44718366634
1797926	81.825	58.675	139.370974527957
1797927	81.875	58.675	139.356412202246
1797928	81.925	58.675	139.34750666181
1798131	92.075	58.675	130.419878052005
1798266	98.825	58.675	127.600824555201
1798267	98.875	58.675	127.062121618957
1798268	98.925	58.675	127.059918824893
1798269	98.975	58.675	129.213090034607
1798272	99.125	58.675	128.879363800551
1798273	99.175	58.675	127.046460599322
1798274	99.225	58.675	127.044093459951
1798275	99.275	58.675	127.043366202085
1798276	99.325	58.675	127.044635482834
1798303	100.675	58.675	126.605689355263
1798304	100.725	58.675	126.603311558281
1798342	102.625	58.675	133.987176155279
1798343	102.675	58.675	125.803354538151
1798377	104.375	58.675	141.218879131059
1798392	105.125	58.675	139.011398210453
1798393	105.175	58.675	139.489383531421
1798394	105.225	58.675	139.907003897187
1798395	105.275	58.675	140.534065048683
1798427	106.875	58.675	135.390792667567
1798428	106.925	58.675	136.607012081497
1798429	106.975	58.675	133.164181023164
1798498	110.425	58.675	146.841293745194
1798499	110.475	58.675	146.842164258154
1798500	110.525	58.675	146.719176327779
1798502	110.625	58.675	146.724233023834
1798503	110.675	58.675	146.728904446517
1798504	110.725	58.675	146.728642211432
1798505	110.775	58.675	146.731984355625
1798506	110.825	58.675	133.621385904014
1798508	110.925	58.675	146.754749466702
1798548	112.925	58.675	151.788323805301
1798549	112.975	58.675	148.597293570901
1798719	121.475	58.675	150.395743794332
1798779	124.475	58.675	147.585905266642
1798780	124.525	58.675	147.59868465053
1798847	127.875	58.675	149.389056884004
1798848	127.925	58.675	149.392214006469
1798849	127.975	58.675	149.402154295719
1798850	128.025	58.675	145.36225403803
1798860	128.525	58.675	149.619071859503
1798861	128.575	58.675	149.624954070054
1798862	128.625	58.675	149.629860372449
1798863	128.675	58.675	149.646303853933
1798902	130.625	58.675	150.310257334862
1798905	130.775	58.675	149.030340896123
1798973	134.175	58.675	153.188705170538
1798974	134.225	58.675	153.192140791727
1799043	137.675	58.675	154.296742202533
1799044	137.725	58.675	150.298714397478
1799047	137.875	58.675	154.44877188785
1799048	137.925	58.675	154.702486770598
1800524	-114.275	58.625	132.029436369146
1800525	-114.225	58.625	132.031683314955
1800526	-114.175	58.625	132.033257078165
1800527	-114.125	58.625	132.036746052346
1800528	-114.075	58.625	132.042259199429
1800529	-114.025	58.625	123.10018388734
1800593	-110.825	58.625	138.34870630636
1800594	-110.775	58.625	124.859157394755
1804181	68.575	58.625	137.359203976859
1804182	68.625	58.625	137.34812734762
1804443	81.675	58.625	133.962772075199
1804444	81.725	58.625	133.904255661942
1804445	81.775	58.625	132.896556089985
1804446	81.825	58.625	134.885762650142
1804448	81.925	58.625	139.338728199681
1804651	92.075	58.625	130.416320942126
1804783	98.675	58.625	127.603127423108
1804784	98.725	58.625	127.601256672328
1804785	98.775	58.625	127.601607281968
1804786	98.825	58.625	127.596998378447
1804796	99.325	58.625	125.573349026048
1804797	99.375	58.625	126.937407660457
1804820	100.525	58.625	126.603963980073
1804821	100.575	58.625	126.602688733965
1804822	100.625	58.625	126.605500648065
1804823	100.675	58.625	125.226457107647
1804863	102.675	58.625	125.798576695368
1804864	102.725	58.625	125.797403509619
1804897	104.375	58.625	141.301098573166
1804898	104.425	58.625	141.179103226934
1804912	105.125	58.625	139.057355157089
1804913	105.175	58.625	138.220041490751
1804946	106.825	58.625	136.604014111645
1804947	106.875	58.625	136.638253353067
1805009	109.975	58.625	132.138912284348
1805010	110.025	58.625	146.906863670575
1805011	110.075	58.625	146.907392210246
1805014	110.225	58.625	146.856591904251
1805015	110.275	58.625	146.856740610234
1805016	110.325	58.625	146.860186222854
1805017	110.375	58.625	146.859594510355
1805018	110.425	58.625	146.857603764526
1805020	110.525	58.625	146.722526075482
1805021	110.575	58.625	146.730751623892
1805022	110.625	58.625	134.544827885164
1805026	110.825	58.625	146.732541530189
1805027	110.875	58.625	146.743599619541
1805028	110.925	58.625	135.831396601539
1805068	112.925	58.625	151.781256968693
1805239	121.475	58.625	150.42153988764
1805240	121.525	58.625	143.333380969022
1805297	124.375	58.625	139.413459640121
1805298	124.425	58.625	147.574252242163
1805299	124.475	58.625	147.582486718359
1805383	128.675	58.625	143.088569721153
1805384	128.725	58.625	149.663338827136
1805410	130.025	58.625	150.080416095964
1805411	130.075	58.625	150.142590232556
1805412	130.125	58.625	150.160309649049
1805413	130.175	58.625	150.170061802235
1805414	130.225	58.625	150.185069832603
1805415	130.275	58.625	150.178771523371
1805416	130.325	58.625	150.186168545966
1805417	130.375	58.625	150.23637892325
1805418	130.425	58.625	138.708937043585
1805421	130.575	58.625	150.278555671049
1805422	130.625	58.625	139.039592338552
1805425	130.775	58.625	149.018083690981
1805426	130.825	58.625	149.006652850226
1805494	134.225	58.625	141.579083481552
1805495	134.275	58.625	153.191232272278
1805496	134.325	58.625	153.17362461897
1805561	137.575	58.625	154.296633563777
1805562	137.625	58.625	154.290270415163
1805563	137.675	58.625	154.30048092341
1805564	137.725	58.625	154.286676725373
1805565	137.775	58.625	154.273264766635
1805566	137.825	58.625	154.268971432361
1805567	137.875	58.625	154.276044468572
1807040	-114.475	58.575	132.004732108355
1807041	-114.425	58.575	134.574826568334
1807042	-114.375	58.575	132.019254380896
1807043	-114.325	58.575	132.02124027831
1807044	-114.275	58.575	132.026606418478
1807113	-110.825	58.575	138.330526928287
1807114	-110.775	58.575	125.104009260687
1810701	68.575	58.575	137.322209382721
1810702	68.625	58.575	137.34517038818
1810968	81.925	58.575	139.304883836481
1810969	81.975	58.575	139.2692219273
1810970	82.025	58.575	139.257170961638
1810971	82.075	58.575	139.245116876049
1810972	82.125	58.575	139.233595621464
1810973	82.175	58.575	139.218863193608
1810974	82.225	58.575	139.214081101039
1811171	92.075	58.575	130.405796909296
1811302	98.625	58.575	127.678809814191
1811303	98.675	58.575	127.607176945504
1811317	99.375	58.575	125.897670454931
1811318	99.425	58.575	126.937544518884
1811319	99.475	58.575	126.935863574394
1811338	100.425	58.575	126.604336451948
1811339	100.475	58.575	126.599471735189
1811340	100.525	58.575	126.601478166661
1811384	102.725	58.575	125.797020253447
1811385	102.775	58.575	125.796639046939
1811417	104.375	58.575	140.989349837087
1811418	104.425	58.575	141.023628728244
1811419	104.475	58.575	140.990182676584
1811433	105.175	58.575	138.897366975537
1811466	106.825	58.575	136.604811814556
1811467	106.875	58.575	133.641215222359
1811525	109.775	58.575	146.910954299127
1811526	109.825	58.575	146.908472767725
1811527	109.875	58.575	146.911421227278
1811528	109.925	58.575	146.912978282249
1811529	109.975	58.575	146.918870966476
1811531	110.075	58.575	133.906207203689
1811532	110.125	58.575	146.903008273006
1811533	110.175	58.575	146.906726855463
1811534	110.225	58.575	134.475305586804
1811588	112.925	58.575	151.776816472583
1811760	121.525	58.575	150.31007127943
1811761	121.575	58.575	150.297603073621
1811817	124.375	58.575	147.562770108584
1811904	128.725	58.575	149.68286890015
1811916	129.325	58.575	150.009697717906
1811917	129.375	58.575	150.018149787841
1811918	129.425	58.575	141.622972261169
1811929	129.975	58.575	139.285988368312
1811930	130.025	58.575	150.077101646829
1811938	130.425	58.575	150.239569620409
1811939	130.475	58.575	150.241607092875
1811940	130.525	58.575	150.2449095004
1811941	130.575	58.575	150.254500180153
1811945	130.775	58.575	148.990570584528
1811946	130.825	58.575	149.00416425753
1811947	130.875	58.575	145.436912353073
1811948	130.925	58.575	148.967812074707
1811949	130.975	58.575	148.95876582127
1811950	131.025	58.575	148.955458134193
1811951	131.075	58.575	148.953143750053
1811952	131.125	58.575	148.94827756525
1811953	131.175	58.575	148.944404739116
1811954	131.225	58.575	148.937044271885
1812016	134.325	58.575	153.173026879933
1812021	134.575	58.575	153.114268511293
1812077	137.375	58.575	154.262479657313
1812078	137.425	58.575	154.23812132575
1812079	137.475	58.575	154.244009862322
1812080	137.525	58.575	154.24098047815
1812081	137.575	58.575	154.301323831059
1813558	-114.575	58.525	120.814281897445
1813559	-114.525	58.525	131.995679645259
1813560	-114.475	58.525	120.019752089426
1813561	-114.425	58.525	132.011392635382
1813562	-114.375	58.525	121.534707160276
1813633	-110.825	58.525	124.169578070338
1817217	68.375	58.525	133.068719970248
1817218	68.425	58.525	137.273933225781
1817219	68.475	58.525	137.289651412867
1817220	68.525	58.525	137.565586899106
1817221	68.575	58.525	137.319986523519
1817222	68.625	58.525	137.307379018698
1817493	82.175	58.525	139.197772761153
1817494	82.225	58.525	139.174461254647
1817691	92.075	58.525	130.401291438723
1817692	92.125	58.525	130.394898636759
1817762	95.625	58.525	128.543310932757
1817763	95.675	58.525	128.537590650899
1817764	95.725	58.525	128.532921431905
1817765	95.775	58.525	128.530345743646
1817766	95.825	58.525	128.528972895836
1817767	95.875	58.525	128.526779095078
1817768	95.925	58.525	128.116858405839
1817769	95.975	58.525	128.115279446663
1817770	96.025	58.525	128.108428328174
1817771	96.075	58.525	128.106815560869
1817772	96.125	58.525	128.103008501414
1817774	96.225	58.525	131.151799107225
1817775	96.275	58.525	128.068917217639
1817776	96.325	58.525	128.05968354057
1817777	96.375	58.525	128.058389380169
1817778	96.425	58.525	128.057129666387
1817779	96.475	58.525	128.05358080739
1817780	96.525	58.525	128.052214894577
1817781	96.575	58.525	128.051141769897
1817822	98.625	58.525	126.808401612358
1817823	98.675	58.525	127.610181826264
1817839	99.475	58.525	123.243424176167
1817840	99.525	58.525	126.937062586009
1817841	99.575	58.525	126.93093708397
1817842	99.625	58.525	126.932294985763
1817843	99.675	58.525	126.920080265616
1817844	99.725	58.525	126.921519468825
1817845	99.775	58.525	126.922999877987
1817846	99.825	58.525	131.962612999046
1817847	99.875	58.525	133.236290228568
1817858	100.425	58.525	126.610409247072
1817905	102.775	58.525	125.799227922388
1817939	104.475	58.525	140.905929922447
1817953	105.175	58.525	138.811062701385
1817955	105.275	58.525	138.497233960958
1817956	105.325	58.525	138.523929840524
1817957	105.375	58.525	138.456539976471
1817985	106.775	58.525	134.087986810859
1817986	106.825	58.525	136.585270601825
1818045	109.775	58.525	147.267250094239
1818107	112.875	58.525	151.770115099613
1818108	112.925	58.525	151.772268998351
1818281	121.575	58.525	150.300250759204
1818282	121.625	58.525	150.289589982982
1818335	124.275	58.525	147.64235800806
1818336	124.325	58.525	147.645530238397
1818337	124.375	58.525	147.664591727686
1818338	124.425	58.525	140.241539045743
1818424	128.725	58.525	149.670565084897
1818425	128.775	58.525	149.689205174304
1818426	128.825	58.525	149.709730177792
1818427	128.875	58.525	149.870169961742
1818428	128.925	58.525	149.876971677025
1818429	128.975	58.525	149.882742209884
1818430	129.025	58.525	149.895934809992
1818431	129.075	58.525	149.913699013804
1818432	129.125	58.525	144.280091938274
1818434	129.225	58.525	150.010533158356
1818435	129.275	58.525	150.002339007483
1818436	129.325	58.525	138.439460890665
1818438	129.425	58.525	150.02240488308
1818439	129.475	58.525	150.027534859454
1818440	129.525	58.525	150.027048606465
1818441	129.575	58.525	150.038227719864
1818442	129.625	58.525	140.250354624811
1818447	129.875	58.525	142.461389208631
1818448	129.925	58.525	150.064806765609
1818449	129.975	58.525	150.070644878252
1818466	130.825	58.525	148.983439857985
1818467	130.875	58.525	148.971866198374
1818474	131.225	58.525	148.926545213799
1818475	131.275	58.525	142.484548122666
1818536	134.325	58.525	141.250917756411
1818537	134.375	58.525	153.169458982176
1818538	134.425	58.525	153.149885671251
1818539	134.475	58.525	153.136845350751
1818540	134.525	58.525	153.120889647696
1818541	134.575	58.525	141.805514124532
1818542	134.625	58.525	153.119194545842
1818543	134.675	58.525	153.114753009613
1818544	134.725	58.525	153.100291554691
1818596	137.325	58.525	153.758138543179
1818597	137.375	58.525	153.706558058331
1820051	-115.925	58.475	131.820893837374
1820052	-115.875	58.475	131.822595293099
1820053	-115.825	58.475	131.828992407741
1820078	-114.575	58.475	131.986755360628
1820146	-111.175	58.475	138.48081107567
1820147	-111.125	58.475	138.502695159231
1820148	-111.075	58.475	138.509663076999
1820152	-110.875	58.475	138.309527867549
1820153	-110.825	58.475	138.301148368723
1823736	68.325	58.475	135.327229456966
1823737	68.375	58.475	137.265444512647
1823740	68.525	58.475	137.294804328875
1823741	68.575	58.475	137.303899398442
1823742	68.625	58.475	136.273440602651
1824014	82.225	58.475	132.698625559508
1824015	82.275	58.475	139.157361097544
1824016	82.325	58.475	139.123182802832
1824212	92.125	58.475	130.413907885552
1824213	92.175	58.475	130.410270124584
1824214	92.225	58.475	130.409515344473
1824215	92.275	58.475	130.407984572469
1824280	95.525	58.475	128.555603640681
1824281	95.575	58.475	128.544275461589
1824282	95.625	58.475	131.792140535259
1824292	96.125	58.475	128.101500807235
1824293	96.175	58.475	128.096163752535
1824294	96.225	58.475	128.093714739652
1824301	96.575	58.475	129.522630997644
1824302	96.625	58.475	128.594426819451
1824303	96.675	58.475	128.048327336991
1824304	96.725	58.475	128.044098824052
1824305	96.775	58.475	128.041479986395
1824306	96.825	58.475	127.756145553257
1824307	96.875	58.475	127.755701510892
1824341	98.575	58.475	127.684249263465
1824342	98.625	58.475	127.609933779134
1824343	98.675	58.475	126.481747103187
1824367	99.875	58.475	126.921215341149
1824368	99.925	58.475	126.922121668361
1824378	100.425	58.475	134.983077659694
1824379	100.475	58.475	126.61550302961
1824425	102.775	58.475	125.796185961637
1824426	102.825	58.475	125.794114939592
1824459	104.475	58.475	140.053372857982
1824460	104.525	58.475	140.8834288988
1824473	105.175	58.475	138.727975005532
1824475	105.275	58.475	138.584003356263
1824477	105.375	58.475	135.557207297941
1824478	105.425	58.475	138.17457757148
1824504	106.725	58.475	133.714452265301
1824505	106.775	58.475	136.606965018253
1824564	109.725	58.475	147.254355484424
1824565	109.775	58.475	147.263679141533
1824626	112.825	58.475	151.7613274623
1824627	112.875	58.475	151.765689357227
1824802	121.625	58.475	150.289416573022
1824855	124.275	58.475	147.901016414803
1824856	124.325	58.475	147.880281009128
1824952	129.125	58.475	149.904304008402
1824953	129.175	58.475	149.910596427953
1824954	129.225	58.475	150.007801022313
1824962	129.625	58.475	150.040305202281
1824963	129.675	58.475	150.056683574998
1824964	129.725	58.475	150.061194584327
1824965	129.775	58.475	150.066054340575
1824966	129.825	58.475	150.066961508558
1824967	129.875	58.475	150.077378096085
1824992	131.125	58.475	144.849387708802
1824993	131.175	58.475	148.914245534852
1824994	131.225	58.475	148.937420686474
1825062	134.625	58.475	153.122208388077
1825063	134.675	58.475	142.949779239903
1825064	134.725	58.475	153.101105066865
1825115	137.275	58.475	153.794529033763
1825116	137.325	58.475	153.761747346072
1826566	-116.175	58.425	131.814733123525
1826567	-116.125	58.425	131.817246030007
1826570	-115.975	58.425	131.823573802941
1826571	-115.925	58.425	121.551494451996
1826573	-115.825	58.425	120.968884759702
1826574	-115.775	58.425	131.83939466842
1826575	-115.725	58.425	121.513063694895
1826577	-115.625	58.425	126.588205022361
1826578	-115.575	58.425	131.866871174168
1826579	-115.525	58.425	131.86912416913
1826580	-115.475	58.425	131.875065615768
1826593	-114.825	58.425	122.479478936953
1826594	-114.775	58.425	131.960532193192
1826595	-114.725	58.425	131.967459010067
1826596	-114.675	58.425	131.970547400852
1826597	-114.625	58.425	131.978495875397
1826598	-114.575	58.425	122.777942535865
1826659	-111.525	58.425	138.689216483697
1826660	-111.475	58.425	138.692773352587
1826661	-111.425	58.425	138.698866882566
1826662	-111.375	58.425	138.70292017393
1826663	-111.325	58.425	138.707752329056
1826664	-111.275	58.425	138.711287740101
1826665	-111.225	58.425	138.471065909453
1826666	-111.175	58.425	138.495960178972
1826667	-111.125	58.425	112.744866886882
1826668	-111.075	58.425	111.850900706947
1826669	-111.025	58.425	138.511766508537
1826670	-110.975	58.425	138.323240803189
1826671	-110.925	58.425	138.323052088263
1826672	-110.875	58.425	138.302874086521
1830256	68.325	58.425	137.236826495344
1830257	68.375	58.425	133.465970899886
1830536	82.325	58.425	139.104684454305
1830537	82.375	58.425	139.069738325231
1830538	82.425	58.425	139.052430029414
1830735	92.275	58.425	130.409898066193
1830797	95.375	58.425	128.589109387448
1830798	95.425	58.425	128.581807525139
1830799	95.475	58.425	128.55893079312
1830800	95.525	58.425	128.557672954308
1830827	96.875	58.425	127.753538229928
1830828	96.925	58.425	126.625536691104
1830831	97.075	58.425	120.369988339305
1830832	97.125	58.425	127.736824760727
1830833	97.175	58.425	127.73404487201
1830834	97.225	58.425	127.733067099378
1830835	97.275	58.425	127.732240852588
1830836	97.325	58.425	127.730408106815
1830838	97.425	58.425	126.518155440885
1830839	97.475	58.425	127.291826691532
1830840	97.525	58.425	122.679809598854
1830845	97.775	58.425	127.714434768838
1830846	97.825	58.425	127.710501394643
1830847	97.875	58.425	127.707904028664
1830848	97.925	58.425	127.706043943961
1830849	97.975	58.425	127.70484364182
1830850	98.025	58.425	127.702008378331
1830851	98.075	58.425	127.700886483616
1830852	98.125	58.425	127.69820490497
1830853	98.175	58.425	127.695590069367
1830854	98.225	58.425	127.693548857327
1830855	98.275	58.425	127.692101095355
1830856	98.325	58.425	127.689040242178
1830857	98.375	58.425	127.68812172152
1830858	98.425	58.425	127.687165610341
1830859	98.475	58.425	127.685435818592
1830860	98.525	58.425	127.685197101636
1830861	98.575	58.425	129.536182707049
1830888	99.925	58.425	126.237428972823
1830889	99.975	58.425	126.92068880672
1830899	100.475	58.425	126.614464354195
1830946	102.825	58.425	125.761657537709
1830980	104.525	58.425	140.022040092787
1830981	104.575	58.425	139.862459686137
1830993	105.175	58.425	138.721085062382
1830994	105.225	58.425	138.783798078139
1830995	105.275	58.425	137.313393719074
1830998	105.425	58.425	138.016127943559
1830999	105.475	58.425	135.628896200922
1831024	106.725	58.425	136.568128973918
1831025	106.775	58.425	136.51353467677
1831026	106.825	58.425	136.501297882082
1831084	109.725	58.425	147.251557426886
1831085	109.775	58.425	133.048961998046
1831146	112.825	58.425	151.761814969611
1831322	121.625	58.425	150.281634891387
1831372	124.125	58.425	148.005104069221
1831373	124.175	58.425	148.008629776185
1831374	124.225	58.425	148.035407292493
1831375	124.275	58.425	139.104007492531
1831376	124.325	58.425	147.874110755534
1831512	131.125	58.425	148.910426662199
1831513	131.175	58.425	143.398209669075
1831584	134.725	58.425	153.091842696482
1831585	134.775	58.425	153.072209951853
1831634	137.225	58.425	153.792774140692
1831635	137.275	58.425	153.776169164181
1831636	137.325	58.425	145.570391389035
1833085	-116.225	58.375	131.811804837152
1833086	-116.175	58.375	114.66151289843
1833087	-116.125	58.375	122.751684270913
1833088	-116.075	58.375	131.818714937918
1833089	-116.025	58.375	131.820001990378
1833090	-115.975	58.375	122.531877793562
1833095	-115.725	58.375	131.841580565389
1833096	-115.675	58.375	131.84838799068
1833097	-115.625	58.375	131.864199152418
1833100	-115.475	58.375	121.433156048594
1833101	-115.425	58.375	131.877486069937
1833102	-115.375	58.375	131.879558121359
1833103	-115.325	58.375	131.914911480131
1833104	-115.275	58.375	131.917853224231
1833105	-115.225	58.375	131.921236149889
1833106	-115.175	58.375	131.925908989955
1833107	-115.125	58.375	131.934333429932
1833108	-115.075	58.375	131.940666669556
1833109	-115.025	58.375	131.944504578898
1833110	-114.975	58.375	131.947551185193
1833111	-114.925	58.375	131.954619298328
1833112	-114.875	58.375	131.958419844934
1833113	-114.825	58.375	131.964553988187
1833179	-111.525	58.375	138.685855869685
1836776	68.325	58.375	137.197376705556
1836777	68.375	58.375	137.210340948227
1837058	82.425	58.375	139.037986920796
1837059	82.475	58.375	134.821263268102
1837060	82.525	58.375	138.974502807134
1837061	82.575	58.375	138.952654007445
1837064	82.725	58.375	138.928240513972
1837065	82.775	58.375	138.904302152049
1837066	82.825	58.375	138.888937058844
1837255	92.275	58.375	116.201476034704
1837256	92.325	58.375	130.408285984655
1837257	92.375	58.375	130.401948387634
1837258	92.425	58.375	130.399568481989
1837259	92.475	58.375	120.222699683245
1837315	95.275	58.375	132.734279596438
1837316	95.325	58.375	128.613810831847
1837317	95.375	58.375	128.608827049808
1837348	96.925	58.375	127.743538347707
1837349	96.975	58.375	127.740828299025
1837350	97.025	58.375	127.739563265399
1837351	97.075	58.375	127.736828021328
1837356	97.325	58.375	126.431093982235
1837357	97.375	58.375	127.729817793981
1837358	97.425	58.375	127.726636256885
1837360	97.525	58.375	127.723891052566
1837361	97.575	58.375	127.723012302878
1837362	97.625	58.375	127.722376938364
1837363	97.675	58.375	127.721565009179
1837364	97.725	58.375	127.72042243446
1837365	97.775	58.375	128.614593619601
1837409	99.975	58.375	126.915902775553
1837410	100.025	58.375	133.282509347996
1837418	100.425	58.375	126.616950019806
1837419	100.475	58.375	133.16794230186
1837466	102.825	58.375	132.007641214124
1837496	104.325	58.375	139.571473361229
1837497	104.375	58.375	139.696615183724
1837498	104.425	58.375	139.722690637833
1837499	104.475	58.375	139.754817736145
1837500	104.525	58.375	139.791082740012
1837501	104.575	58.375	139.845886976424
1837519	105.475	58.375	138.016713909953
1837520	105.525	58.375	135.224757850193
1837543	106.675	58.375	136.731339781143
1837544	106.725	58.375	136.666026359247
1837545	106.775	58.375	136.48271282302
1837546	106.825	58.375	133.614510380248
1837603	109.675	58.375	147.364759885069
1837604	109.725	58.375	147.366393639673
1837605	109.775	58.375	147.245709622888
1837666	112.825	58.375	151.761923435849
1837841	121.575	58.375	150.281110148371
1837842	121.625	58.375	145.089267440184
1837890	124.025	58.375	147.973896594907
1837891	124.075	58.375	140.730044752541
1837893	124.175	58.375	148.003588149213
1837895	124.275	58.375	148.034848229304
1837896	124.325	58.375	148.030506470174
1838033	131.175	58.375	148.88811673296
1838105	134.775	58.375	153.069257540007
1838106	134.825	58.375	153.260477984107
1838153	137.175	58.375	153.784808584016
1838154	137.225	58.375	153.773190611497
1838155	137.275	58.375	153.773304083568
1839599	-116.525	58.325	131.799469296046
1839600	-116.475	58.325	121.486746400175
1839602	-116.375	58.325	131.804892263448
1839603	-116.325	58.325	131.805839436624
1839604	-116.275	58.325	131.808129972464
1839605	-116.225	58.325	122.629863092622
1839699	-111.525	58.325	138.676318261579
1843292	68.125	58.325	131.257038549655
1843293	68.175	58.325	131.293325608471
1843294	68.225	58.325	131.42320341773
1843295	68.275	58.325	137.191538546922
1843296	68.325	58.325	132.404057997414
1843578	82.425	58.325	139.011815921703
1843579	82.475	58.325	138.992715814472
1843581	82.575	58.325	134.507061878446
1843582	82.625	58.325	138.940917900815
1843583	82.675	58.325	138.941563046682
1843584	82.725	58.325	132.736323451219
1843586	82.825	58.325	138.773975725156
1843587	82.875	58.325	128.889432875493
1843588	82.925	58.325	138.740327178793
1843589	82.975	58.325	138.73221406961
1843778	92.425	58.325	130.398219175865
1843779	92.475	58.325	120.335209351557
1843833	95.175	58.325	128.624329704394
1843834	95.225	58.325	128.617414844502
1843835	95.275	58.325	128.615837393878
1843930	100.025	58.325	126.917500286268
1843931	100.075	58.325	126.915618769732
1843932	100.125	58.325	126.91605414351
1843933	100.175	58.325	126.910788929453
1843934	100.225	58.325	126.910474810266
1843935	100.275	58.325	126.911416158362
1843936	100.325	58.325	126.91234837446
1843937	100.375	58.325	126.619184203629
1843938	100.425	58.325	126.618569020983
1843986	102.825	58.325	132.043889253291
1844016	104.325	58.325	139.560046870417
1844039	105.475	58.325	136.92190739881
1844040	105.525	58.325	136.980929112598
1844044	105.725	58.325	137.004966160478
1844045	105.775	58.325	136.97124874381
1844058	106.425	58.325	136.725407343492
1844059	106.475	58.325	136.72941114246
1844060	106.525	58.325	136.640050292366
1844061	106.575	58.325	136.647176196975
1844062	106.625	58.325	136.64513120875
1844063	106.675	58.325	136.656750005283
1844064	106.725	58.325	136.662261457528
1844122	109.625	58.325	134.639945163636
1844123	109.675	58.325	147.364822861999
1844186	112.825	58.325	149.230569664126
1844187	112.875	58.325	151.760014182187
1844188	112.925	58.325	151.749208735575
1844361	121.575	58.325	150.266305729528
1844409	123.975	58.325	147.923816415453
1844410	124.025	58.325	147.958937670939
1844411	124.075	58.325	147.980459505918
1844412	124.125	58.325	147.994387568399
1844413	124.175	58.325	140.436565743796
1844553	131.175	58.325	148.868809362258
1844626	134.825	58.325	153.25324343066
1844627	134.875	58.325	144.066536189239
1844672	137.125	58.325	153.722493927859
1844673	137.175	58.325	153.708646073573
1846116	-116.675	58.275	131.796693574584
1846117	-116.625	58.275	131.797129327801
1846118	-116.575	58.275	131.798111344935
1846119	-116.525	58.275	131.799636300273
1846120	-116.475	58.275	131.801094687492
1846121	-116.425	58.275	131.801951373222
1846122	-116.375	58.275	131.803013914136
1846219	-111.525	58.275	124.68284241472
1846220	-111.475	58.275	138.663145744381
1846221	-111.425	58.275	138.644228142839
1849813	68.175	58.275	136.658062692768
1849814	68.225	58.275	137.175473060738
1850106	82.825	58.275	133.735602580583
1850107	82.875	58.275	138.756157706384
1850108	82.925	58.275	138.722780665106
1850109	82.975	58.275	138.729155901338
1850298	92.425	58.275	130.39068414678
1850299	92.475	58.275	130.385344809709
1850350	95.025	58.275	132.030821828353
1850351	95.075	58.275	128.644817873009
1850352	95.125	58.275	128.637846291759
1850353	95.175	58.275	128.635919875048
1850506	102.825	58.275	125.633699308565
1850507	102.875	58.275	125.632728150618
1850536	104.325	58.275	139.507578465375
1850560	105.525	58.275	136.98239708765
1850561	105.575	58.275	136.9170194374
1850562	105.625	58.275	136.90804907551
1850563	105.675	58.275	136.923473651892
1850564	105.725	58.275	136.905778752392
1850565	105.775	58.275	136.933642135568
1850566	105.825	58.275	136.725775563311
1850567	105.875	58.275	136.731457314748
1850568	105.925	58.275	136.752675003767
1850576	106.325	58.275	136.615784109761
1850577	106.375	58.275	136.619313035996
1850578	106.425	58.275	136.717523890971
1850631	109.075	58.275	147.259467376165
1850632	109.125	58.275	147.261598545127
1850633	109.175	58.275	147.270020747866
1850634	109.225	58.275	135.058729993986
1850641	109.575	58.275	147.349149869605
1850642	109.625	58.275	147.373849915907
1850708	112.925	58.275	151.544120537805
1850709	112.975	58.275	151.789781824716
1850710	113.025	58.275	151.787881920261
1850881	121.575	58.275	150.25758693257
1850928	123.925	58.275	147.644757933288
1850929	123.975	58.275	147.655040294673
1850930	124.025	58.275	147.919875457257
1851072	131.125	58.275	148.846236297293
1851073	131.175	58.275	148.8552314978
1851147	134.875	58.275	153.250994724031
1851148	134.925	58.275	144.506721282097
1851190	137.025	58.275	147.47849623262
1851191	137.075	58.275	148.624722226883
1851192	137.125	58.275	153.725226813146
1852636	-116.675	58.225	131.793168704214
1852637	-116.625	58.225	131.792801579924
1852638	-116.575	58.225	131.789611377605
1852640	-116.475	58.225	131.801654305586
1852641	-116.425	58.225	122.405273190957
1852740	-111.475	58.225	138.66081855728
1852741	-111.425	58.225	138.648512144004
1852742	-111.375	58.225	125.161523363168
1856334	68.225	58.225	137.15960151212
1856628	82.925	58.225	138.71507322705
1856819	92.475	58.225	116.043056655594
1856820	92.525	58.225	130.384100159846
1856869	94.975	58.225	128.661193479484
1856870	95.025	58.225	128.656953413416
1857026	102.825	58.225	125.62895586495
1857027	102.875	58.225	132.686179996163
1857056	104.325	58.225	139.378237903684
1857057	104.375	58.225	139.296235682271
1857088	105.925	58.225	136.759212374873
1857089	105.975	58.225	136.669385303956
1857090	106.025	58.225	136.673941650838
1857091	106.075	58.225	136.654027718974
1857092	106.125	58.225	136.734822982579
1857093	106.175	58.225	136.759073232364
1857094	106.225	58.225	132.329597670065
1857095	106.275	58.225	136.646235614444
1857096	106.325	58.225	136.639745487568
1857149	108.975	58.225	147.465719358619
1857150	109.025	58.225	147.474493084626
1857151	109.075	58.225	134.799410375396
1857154	109.225	58.225	147.260679504147
1857155	109.275	58.225	147.261939407297
1857156	109.325	58.225	147.267527957689
1857159	109.475	58.225	147.057735374568
1857160	109.525	58.225	147.053244616918
1857161	109.575	58.225	147.347917216301
1857230	113.025	58.225	144.642256648879
1857231	113.075	58.225	151.788824678867
1857232	113.125	58.225	151.785087136553
1857233	113.175	58.225	151.787198777502
1857234	113.225	58.225	151.787442710717
1857235	113.275	58.225	151.788979610143
1857236	113.325	58.225	151.788600359745
1857401	121.575	58.225	150.251045876543
1857402	121.625	58.225	147.23700824379
1857448	123.925	58.225	138.948669913506
1857449	123.975	58.225	147.781049797874
1857592	131.125	58.225	143.189998274035
1857593	131.175	58.225	148.843326996693
1857668	134.925	58.225	153.243275398496
1857669	134.975	58.225	153.227332956502
1857670	135.025	58.225	153.225196556455
1857671	135.075	58.225	153.228701808431
1857672	135.125	58.225	153.219087312914
1857708	136.925	58.225	153.694719873439
1857709	136.975	58.225	153.695322358595
1857710	137.025	58.225	153.707163343617
1857711	137.075	58.225	153.709383256675
1859157	-116.625	58.175	131.78968960829
1859158	-116.575	58.175	131.787377718987
1859262	-111.375	58.175	138.643750525332
1862854	68.225	58.175	137.131682729955
1862855	68.275	58.175	136.519037129453
1862856	68.325	58.175	136.513570297682
1863148	82.925	58.175	138.698472944132
1863149	82.975	58.175	138.682571537487
1863150	83.025	58.175	138.675703379456
1863340	92.525	58.175	114.940660172182
1863341	92.575	58.175	130.380652871948
1863342	92.625	58.175	130.373750248998
1863354	93.225	58.175	131.704323661809
1863355	93.275	58.175	131.697007787952
1863356	93.325	58.175	131.693220905166
1863357	93.375	58.175	131.685697379437
1863358	93.425	58.175	131.682920862731
1863359	93.475	58.175	131.355977632378
1863388	94.925	58.175	128.666311604194
1863389	94.975	58.175	128.662873489419
1863546	102.825	58.175	125.628585581986
1863577	104.375	58.175	138.78484498961
1863578	104.425	58.175	139.279961961859
1863612	106.125	58.175	136.692450119827
1863613	106.175	58.175	136.733737734383
1863614	106.225	58.175	136.786317812865
1863668	108.925	58.175	147.497119785711
1863669	108.975	58.175	147.502768310827
1863676	109.325	58.175	147.058502661429
1863677	109.375	58.175	147.060878303151
1863678	109.425	58.175	147.05603966703
1863679	109.475	58.175	137.956915730289
1863756	113.325	58.175	143.57949401462
1863757	113.375	58.175	151.790785422697
1863922	121.625	58.175	150.225413251289
1863965	123.775	58.175	140.568041944622
1863966	123.825	58.175	147.555956085948
1863967	123.875	58.175	147.560026958119
1863968	123.925	58.175	147.557309188615
1863969	123.975	58.175	147.755546316697
1864113	131.175	58.175	148.808759013631
1864192	135.125	58.175	153.212546652108
1864193	135.175	58.175	153.203359784891
1864194	135.225	58.175	153.200619308579
1864195	135.275	58.175	153.195358623118
1864221	136.575	58.175	143.250925609919
1864222	136.625	58.175	153.686007606734
1864223	136.675	58.175	153.700425476412
1864224	136.725	58.175	153.695802346334
1864225	136.775	58.175	153.681533468536
1864226	136.825	58.175	153.714327554754
1864227	136.875	58.175	153.710020883349
1864228	136.925	58.175	153.709311716233
1865671	-116.925	58.125	131.793233587988
1865672	-116.875	58.125	131.796149797344
1865678	-116.575	58.125	122.134730345393
1865679	-116.525	58.125	131.787051979875
1865782	-111.375	58.125	138.645325540332
1869374	68.225	58.125	138.557260367984
1869375	68.275	58.125	134.312911444708
1869376	68.325	58.125	133.308729563213
1869377	68.375	58.125	132.604790307994
1869378	68.425	58.125	136.49901664271
1869379	68.475	58.125	136.48663617009
1869380	68.525	58.125	136.476790456924
1869381	68.575	58.125	136.469244438737
1869382	68.625	58.125	136.462958188974
1869670	83.025	58.125	138.667231960597
1869671	83.075	58.125	138.651536718341
1869672	83.125	58.125	138.644826057628
1869673	83.175	58.125	138.635899292896
1869674	83.225	58.125	138.629770936734
1869862	92.625	58.125	117.220265423909
1869863	92.675	58.125	130.373505727096
1869864	92.725	58.125	130.369701233187
1869865	92.775	58.125	130.369042381112
1869866	92.825	58.125	130.369572844533
1869867	92.875	58.125	130.366815098439
1869868	92.925	58.125	130.362238748706
1869869	92.975	58.125	130.357061599862
1869873	93.175	58.125	131.709516468514
1869874	93.225	58.125	131.706127262161
1869879	93.475	58.125	131.680899672705
1869880	93.525	58.125	131.66475099738
1869881	93.575	58.125	131.662647617665
1869882	93.625	58.125	131.6550720521
1869883	93.675	58.125	131.651116038547
1869884	93.725	58.125	131.646890489191
1869885	93.775	58.125	131.644888820412
1869886	93.825	58.125	131.643209641169
1869887	93.875	58.125	128.847886003004
1869889	93.975	58.125	128.825424739456
1869890	94.025	58.125	128.82410213744
1869891	94.075	58.125	128.822100296408
1869892	94.125	58.125	128.76430978409
1869893	94.175	58.125	128.752138089628
1869894	94.225	58.125	128.748586453545
1869895	94.275	58.125	128.746110776424
1869896	94.325	58.125	128.744367322759
1869897	94.375	58.125	128.742577636716
1869898	94.425	58.125	128.726472771872
1869899	94.475	58.125	128.724633346991
1869900	94.525	58.125	128.722629131009
1869901	94.575	58.125	128.720569785282
1869902	94.625	58.125	128.692533755915
1869903	94.675	58.125	128.686485769592
1869904	94.725	58.125	128.681930260018
1869905	94.775	58.125	128.680945359437
1869906	94.825	58.125	128.676949456129
1869907	94.875	58.125	128.675063352765
1869908	94.925	58.125	131.420612660543
1870065	102.775	58.125	125.588748580454
1870066	102.825	58.125	137.473178786162
1870091	104.075	58.125	138.80693376448
1870092	104.125	58.125	138.822862735726
1870093	104.175	58.125	138.844235761412
1870094	104.225	58.125	138.846075681455
1870095	104.275	58.125	138.845969699668
1870096	104.325	58.125	138.733328055941
1870097	104.375	58.125	138.759020628504
1870185	108.775	58.125	147.492111246625
1870186	108.825	58.125	147.492292615803
1870187	108.875	58.125	147.492823120074
1870188	108.925	58.125	147.496944810417
1870275	113.275	58.125	143.119118296755
1870276	113.325	58.125	151.865591808316
1870277	113.375	58.125	147.011076990886
1870442	121.625	58.125	150.210058466792
1870443	121.675	58.125	150.197709500186
1870484	123.725	58.125	147.548136388146
1870485	123.775	58.125	147.568577883513
1870633	131.175	58.125	148.774444316254
1870714	135.225	58.125	143.535931343177
1870715	135.275	58.125	153.368164495396
1870739	136.475	58.125	142.718741319685
1870740	136.525	58.125	153.51094933751
1870741	136.575	58.125	153.693224067679
1870744	136.725	58.125	145.576748452843
1870745	136.775	58.125	153.692029393079
1872188	-117.075	58.075	118.557887879783
1872189	-117.025	58.075	131.788743886967
1872190	-116.975	58.075	131.789195445848
1872191	-116.925	58.075	131.791927001532
1872192	-116.875	58.075	122.808429020137
1872193	-116.825	58.075	131.789977742318
1872194	-116.775	58.075	131.788627932999
1872195	-116.725	58.075	131.789830791826
1872196	-116.675	58.075	131.789063023855
1872197	-116.625	58.075	131.789675889799
1872198	-116.575	58.075	131.795362221059
1872302	-111.375	58.075	138.63771938312
1875902	68.625	58.075	136.458133214267
1875903	68.675	58.075	136.44736599442
1875904	68.725	58.075	136.429552222408
1875913	69.175	58.075	136.204650838781
1875914	69.225	58.075	133.091400249963
1876194	83.225	58.075	138.626727859606
1876389	92.975	58.075	127.896042539789
1876390	93.025	58.075	131.721762421198
1876391	93.075	58.075	131.718613221353
1876392	93.125	58.075	131.716945170104
1876393	93.175	58.075	131.711834772413
1876407	93.875	58.075	140.550684028661
1876408	93.925	58.075	140.535060864178
1876409	93.975	58.075	140.544898054772
1876584	102.725	58.075	131.215262726308
1876585	102.775	58.075	125.576250513439
1876611	104.075	58.075	138.21856460631
1876612	104.125	58.075	138.190725886461
1876702	108.625	58.075	147.530582752024
1876703	108.675	58.075	147.548786450818
1876704	108.725	58.075	147.553541801707
1876705	108.775	58.075	133.468448473285
1876795	113.275	58.075	151.862218335596
1876963	121.675	58.075	150.195718658432
1877004	123.725	58.075	147.535857725655
1877153	131.175	58.075	146.151900006561
1877154	131.225	58.075	148.764345736649
1877235	135.275	58.075	153.35180911331
1877236	135.325	58.075	153.338656503717
1877258	136.425	58.075	144.64493560812
1877259	136.475	58.075	153.522218171385
1878707	-117.125	58.025	131.784601829836
1878708	-117.075	58.025	131.788806210346
1878822	-111.375	58.025	138.6384052182
1878823	-111.325	58.025	138.630329944977
1882424	68.725	58.025	136.368877128829
1882425	68.775	58.025	136.412197083476
1882426	68.825	58.025	136.295493233155
1882427	68.875	58.025	136.255327097835
1882428	68.925	58.025	136.239297835581
1882431	69.075	58.025	136.230048478518
1882432	69.125	58.025	136.212847734222
1882433	69.175	58.025	132.778439152421
1882434	69.225	58.025	136.189047962473
1882435	69.275	58.025	134.462815762832
1882436	69.325	58.025	136.152040429104
1882437	69.375	58.025	136.077361336321
1882438	69.425	58.025	136.047684093891
1882439	69.475	58.025	136.026812765613
1882447	69.875	58.025	133.277984229294
1882448	69.925	58.025	133.749269250143
1882449	69.975	58.025	135.779337124585
1882450	70.025	58.025	135.748178111353
1882451	70.075	58.025	135.7333968457
1882714	83.225	58.025	138.619091268398
1882715	83.275	58.025	126.454764185843
1882909	92.975	58.025	127.897334648597
1882910	93.025	58.025	127.8985838723
1882911	93.075	58.025	127.899463301506
1882912	93.125	58.025	127.899902733942
1882913	93.175	58.025	127.900813696701
1882914	93.225	58.025	127.901357149137
1883103	102.675	58.025	125.557775437236
1883104	102.725	58.025	125.574713292625
1883132	104.125	58.025	138.171039750037
1883133	104.175	58.025	138.039183851144
1883221	108.575	58.025	147.546891575286
1883222	108.625	58.025	147.548524909106
1883315	113.275	58.025	141.247121137843
1883316	113.325	58.025	151.861527747723
1883317	113.375	58.025	151.856500027365
1883318	113.425	58.025	141.749718282044
1883483	121.675	58.025	142.963947371521
1883484	121.725	58.025	150.055664546148
1883524	123.725	58.025	147.601572692476
1883674	131.225	58.025	148.762846736951
1883756	135.325	58.025	153.333850821279
1883757	135.375	58.025	153.376646922913
1883777	136.375	58.025	153.469063847036
1883778	136.425	58.025	153.431371721472
1885226	-117.175	57.975	119.829673270983
1885227	-117.125	57.975	131.783651315969
1885341	-111.425	57.975	138.681253184832
1885342	-111.375	57.975	138.6468654694
1888945	68.775	57.975	136.349400369855
1888946	68.825	57.975	136.316146363857
1888947	68.875	57.975	136.220907431061
1888948	68.925	57.975	136.181660403699
1888949	68.975	57.975	136.171219414885
1888950	69.025	57.975	136.24291729091
1888951	69.075	57.975	132.478656337753
1888954	69.225	57.975	127.336826142319
1888955	69.275	57.975	136.179691811656
1888956	69.325	57.975	136.124911112297
1888957	69.375	57.975	136.096695981403
1888959	69.475	57.975	136.003593377676
1888960	69.525	57.975	135.976207635602
1888961	69.575	57.975	135.953618594547
1888962	69.625	57.975	135.940868852804
1888963	69.675	57.975	129.750639622806
1888964	69.725	57.975	135.863166090784
1888965	69.775	57.975	135.828971470393
1888966	69.825	57.975	135.809815412127
1888967	69.875	57.975	135.793937231344
1888968	69.925	57.975	135.782075924003
1888969	69.975	57.975	135.759899397252
1888970	70.025	57.975	131.910044877685
1888971	70.075	57.975	135.727375295425
1888972	70.125	57.975	135.716427193356
1888973	70.175	57.975	135.708671120906
1888974	70.225	57.975	135.671451458668
1888975	70.275	57.975	135.651994096672
1888977	70.375	57.975	135.613464273497
1888978	70.425	57.975	135.599124432413
1889235	83.275	57.975	138.606268595798
1889236	83.325	57.975	138.586929521602
1889433	93.175	57.975	127.902592571336
1889434	93.225	57.975	114.170240493074
1889623	102.675	57.975	125.552806001378
1889653	104.175	57.975	138.019022344155
1889654	104.225	57.975	138.012915701612
1889740	108.525	57.975	147.643975723245
1889741	108.575	57.975	134.949958995936
1889838	113.425	57.975	151.869389255374
1889839	113.475	57.975	151.865237387282
1890003	121.675	57.975	150.044165260795
1890044	123.725	57.975	147.592400760521
1890193	131.175	57.975	148.752587720115
1890194	131.225	57.975	143.779983680386
1890276	135.325	57.975	153.349747942571
1890277	135.375	57.975	153.373631062234
1890296	136.325	57.975	153.452888181296
1890297	136.375	57.975	153.45657713445
1891746	-117.175	57.925	131.781583787713
1891747	-117.125	57.925	131.779960809479
1891748	-117.075	57.925	122.514116798304
1891861	-111.425	57.925	138.684878165196
1895483	69.675	57.925	135.920975775665
1895484	69.725	57.925	135.87990128071
1895485	69.775	57.925	131.894354859794
1895492	70.125	57.925	135.701740408768
1895493	70.175	57.925	135.683707542421
1895495	70.275	57.925	135.640451055855
1895496	70.325	57.925	135.625389972628
1895497	70.375	57.925	135.583326380632
1895498	70.425	57.925	135.592932068635
1895755	83.275	57.925	119.896772778167
1895756	83.325	57.925	138.57837394313
1895953	93.175	57.925	127.903574309164
1895954	93.225	57.925	111.323404197088
1896143	102.675	57.925	125.864019652417
1896174	104.225	57.925	137.986557481691
1896175	104.275	57.925	137.971576854667
1896176	104.325	57.925	138.070559729435
1896258	108.425	57.925	147.667171233782
1896259	108.475	57.925	147.684657368424
1896260	108.525	57.925	132.194425408177
1896359	113.475	57.925	145.523442102044
1896360	113.525	57.925	151.869154835428
1896361	113.575	57.925	151.851247139735
1896362	113.625	57.925	151.848855533534
1896363	113.675	57.925	141.599658541246
1896376	114.325	57.925	140.747944817786
1896377	114.375	57.925	152.052087603583
1896378	114.425	57.925	147.564521303084
1896379	114.475	57.925	152.033154523109
1896523	121.675	57.925	150.032273878119
1896524	121.725	57.925	150.025377053834
1896564	123.725	57.925	147.591647631607
1896565	123.775	57.925	147.590818539288
1896713	131.175	57.925	148.747292629078
1896796	135.325	57.925	153.34578761813
1896797	135.375	57.925	153.340655240073
1896816	136.325	57.925	153.456043486557
1896817	136.375	57.925	153.447743838103
1898268	-117.075	57.875	131.848770718759
1898269	-117.025	57.875	131.84397798543
1898381	-111.425	57.875	138.680802410313
1898382	-111.375	57.875	138.674653596952
1902017	70.375	57.875	135.564281042776
1902018	70.425	57.875	135.54375767847
1902019	70.475	57.875	135.52005457746
1902020	70.525	57.875	135.500866576589
1902021	70.575	57.875	133.324400027364
1902022	70.625	57.875	135.442107246452
1902275	83.275	57.875	138.572469712785
1902302	84.625	57.875	124.914634153337
1902305	84.775	57.875	128.661213290699
1902306	84.825	57.875	138.919646898242
1902307	84.875	57.875	123.794316963178
1902474	93.225	57.875	127.905256529289
1902475	93.275	57.875	116.98825515565
1902662	102.625	57.875	130.422298863613
1902663	102.675	57.875	125.860071818771
1902696	104.325	57.875	138.080723059636
1902697	104.375	57.875	138.027798659617
1902777	108.375	57.875	147.701302013893
1902778	108.425	57.875	147.707100409187
1902883	113.675	57.875	151.850743997006
1902894	114.225	57.875	152.078378469901
1902895	114.275	57.875	152.05561246846
1902896	114.325	57.875	152.053736567792
1902898	114.425	57.875	152.046213723164
1902899	114.475	57.875	140.688675714521
1902900	114.525	57.875	152.022994310103
1902901	114.575	57.875	141.602299505359
1902906	114.825	57.875	145.019078135495
1902907	114.875	57.875	152.000080377858
1902908	114.925	57.875	151.994555544426
1903044	121.725	57.875	150.023507822517
1903085	123.775	57.875	147.788558619792
1903231	131.075	57.875	148.71716100402
1903232	131.125	57.875	148.736312195781
1903233	131.175	57.875	143.530057008999
1903317	135.375	57.875	153.327446672791
1903318	135.425	57.875	153.315710574371
1903336	136.325	57.875	153.398240414368
1903337	136.375	57.875	143.117507229261
1904787	-117.125	57.825	131.865848039756
1904788	-117.075	57.825	131.866356409058
1904789	-117.025	57.825	131.871038785458
1904902	-111.375	57.825	138.669902616469
1908538	70.425	57.825	135.535385841302
1908541	70.575	57.825	135.491901909804
1908542	70.625	57.825	135.451692507329
1908543	70.675	57.825	135.420976182154
1908544	70.725	57.825	135.387211951074
1908795	83.275	57.825	121.479606598524
1908796	83.325	57.825	138.56218587708
1908797	83.375	57.825	138.55336128134
1908811	84.075	57.825	139.185250269254
1908812	84.125	57.825	125.313040715341
1908813	84.175	57.825	139.140776295413
1908814	84.225	57.825	139.101385573223
1908815	84.275	57.825	139.086044619036
1908816	84.325	57.825	139.071635198409
1908817	84.375	57.825	139.063468482075
1908818	84.425	57.825	139.048416192819
1908819	84.475	57.825	139.006969099191
1908820	84.525	57.825	138.996150406054
1908821	84.575	57.825	138.985039190647
1908822	84.625	57.825	138.969280334415
1908823	84.675	57.825	138.952136991494
1908824	84.725	57.825	138.937842243643
1908825	84.775	57.825	138.928835932605
1908827	84.875	57.825	138.894531332168
1908828	84.925	57.825	138.86541530074
1908829	84.975	57.825	138.847700546309
1908830	85.025	57.825	138.83506894556
1908831	85.075	57.825	138.820078678786
1908995	93.275	57.825	127.908928067478
1909182	102.625	57.825	130.125920369959
1909217	104.375	57.825	137.982970699581
1909295	108.275	57.825	147.69507560838
1909296	108.325	57.825	147.695826395295
1909297	108.375	57.825	147.700538851084
1909403	113.675	57.825	151.858038862733
1909404	113.725	57.825	151.852490208338
1909405	113.775	57.825	151.851785184759
1909406	113.825	57.825	151.858550670887
1909407	113.875	57.825	151.864502601015
1909408	113.925	57.825	138.4309637767
1909409	113.975	57.825	151.861808729337
1909410	114.025	57.825	151.871462905828
1909411	114.075	57.825	151.959510160279
1909412	114.125	57.825	151.959902714217
1909413	114.175	57.825	151.95976907421
1909414	114.225	57.825	152.080105201803
1909421	114.575	57.825	152.018731061221
1909422	114.625	57.825	152.016501090445
1909426	114.825	57.825	151.999841311052
1909428	114.925	57.825	152.040544279718
1909429	114.975	57.825	152.035919410369
1909430	115.025	57.825	152.042224461928
1909563	121.675	57.825	150.013309242327
1909564	121.725	57.825	150.004458798046
1909605	123.775	57.825	147.750772570485
1909606	123.825	57.825	147.738528316949
1909745	130.775	57.825	148.7416740403
1909746	130.825	57.825	148.747311840504
1909747	130.875	57.825	148.7508330017
1909748	130.925	57.825	148.726650804536
1909749	130.975	57.825	148.73002562135
1909750	131.025	57.825	148.732933691792
1909751	131.075	57.825	147.39007668485
1909838	135.425	57.825	153.305749789324
1909854	136.225	57.825	144.528741882405
1909855	136.275	57.825	154.162995425743
1909856	136.325	57.825	154.145294584821
1911307	-117.125	57.775	131.865278950091
1911308	-117.075	57.775	123.096747863283
1911309	-117.025	57.775	123.11850064634
1911310	-116.975	57.775	123.135442318469
1911422	-111.375	57.775	138.670067634818
1915063	70.675	57.775	130.372703901035
1915064	70.725	57.775	135.377524829734
1915065	70.775	57.775	135.343055835319
1915066	70.825	57.775	135.295411034363
1915067	70.875	57.775	135.265627702464
1915068	70.925	57.775	135.250018089539
1915069	70.975	57.775	135.237021330064
1915070	71.025	57.775	134.410194934923
1915071	71.075	57.775	135.211044560893
1915317	83.375	57.775	138.550757511094
1915318	83.425	57.775	138.545408301202
1915327	83.875	57.775	139.293387466881
1915328	83.925	57.775	121.493790095631
1915330	84.025	57.775	139.22080680609
1915331	84.075	57.775	139.199814018667
1915332	84.125	57.775	139.172525473029
1915338	84.425	57.775	139.032416379029
1915339	84.475	57.775	139.023287345046
1915351	85.075	57.775	128.184735481754
1915352	85.125	57.775	138.803762024748
1915353	85.175	57.775	138.771193501688
1915354	85.225	57.775	138.731386047132
1915355	85.275	57.775	138.678887749368
1915356	85.325	57.775	138.699294177305
1915357	85.375	57.775	138.619376283719
1915515	93.275	57.775	127.91007702201
1915702	102.625	57.775	125.792366909348
1915737	104.375	57.775	137.940029891745
1915738	104.425	57.775	137.929879401343
1915809	107.975	57.775	144.627181619998
1915810	108.025	57.775	144.649256883094
1915811	108.075	57.775	144.653099229221
1915812	108.125	57.775	147.686940911441
1915813	108.175	57.775	147.691773587991
1915814	108.225	57.775	147.693837133754
1915815	108.275	57.775	147.683743740109
1915816	108.325	57.775	147.69469798031
1915927	113.875	57.775	140.90598515478
1915928	113.925	57.775	151.866244974451
1915942	114.625	57.775	145.228204484636
1915943	114.675	57.775	152.012708533848
1915944	114.725	57.775	152.005194599456
1915945	114.775	57.775	152.001385256461
1915946	114.825	57.775	152.002318965635
1915950	115.025	57.775	139.462379222686
1915951	115.075	57.775	152.040102111227
1915970	116.025	57.775	151.976774774478
1915971	116.075	57.775	151.97045665759
1915972	116.125	57.775	151.940419909037
1915973	116.175	57.775	151.937143262884
1916084	121.725	57.775	149.990649241852
1916126	123.825	57.775	147.741104903527
1916127	123.875	57.775	147.717224535816
1916263	130.675	57.775	148.722420591987
1916264	130.725	57.775	148.730281347036
1916265	130.775	57.775	139.837191602578
1916358	135.425	57.775	153.297074231111
1916374	136.225	57.775	154.199015851467
1917827	-117.125	57.725	132.054762172633
1917828	-117.075	57.725	132.057053240592
1917829	-117.025	57.725	111.883120303244
1917830	-116.975	57.725	122.849618685171
1917941	-111.425	57.725	124.823491039792
1917942	-111.375	57.725	139.26248510729
1921586	70.825	57.725	135.327954406315
1921589	70.975	57.725	131.93330677402
1921590	71.025	57.725	135.230589175012
1921591	71.075	57.725	135.198150635891
1921592	71.125	57.725	135.186261389236
1921593	71.175	57.725	135.177451881253
1921594	71.225	57.725	135.393744612047
1921595	71.275	57.725	135.372068211035
1921596	71.325	57.725	135.364452044622
1921597	71.375	57.725	135.349375056963
1921598	71.425	57.725	135.323462124662
1921599	71.475	57.725	135.314814618884
1921838	83.425	57.725	138.543004847402
1921839	83.475	57.725	138.538440687465
1921840	83.525	57.725	138.535997966187
1921845	83.775	57.725	138.492059840677
1921846	83.825	57.725	138.476844712522
1921847	83.875	57.725	138.223940384434
1921848	83.925	57.725	139.270806254986
1921849	83.975	57.725	139.234885945461
1921850	84.025	57.725	126.005243855719
1921875	85.275	57.725	138.654269538739
1921876	85.325	57.725	138.639580702236
1921877	85.375	57.725	138.635789601392
1921878	85.425	57.725	138.581836168155
1921879	85.475	57.725	138.539238525958
1921880	85.525	57.725	138.519679437622
1922035	93.275	57.725	127.91698025837
1922036	93.325	57.725	127.919747594807
1922221	102.575	57.725	125.723193440526
1922222	102.625	57.725	125.723783891244
1922258	104.425	57.725	137.923460156021
1922259	104.475	57.725	137.85049165637
1922329	107.975	57.725	137.619117230327
1922330	108.025	57.725	144.62821738884
1922471	115.075	57.725	143.495949483476
1922472	115.125	57.725	152.035931289166
1922473	115.175	57.725	152.031827265029
1922474	115.225	57.725	152.030283963642
1922475	115.275	57.725	152.048390595681
1922490	116.025	57.725	151.988903747973
1922493	116.175	57.725	149.525263276158
1922494	116.225	57.725	151.935152890821
1922495	116.275	57.725	151.926104437953
1922496	116.325	57.725	151.92002260751
1922603	121.675	57.725	150.06766289372
1922604	121.725	57.725	149.980534688026
1922645	123.775	57.725	147.734017673933
1922646	123.825	57.725	147.745917607734
1922782	130.625	57.725	148.704621077075
1922783	130.675	57.725	148.715628498802
1922878	135.425	57.725	153.338197176327
1922893	136.175	57.725	154.213320566272
1922894	136.225	57.725	143.726948923544
1924348	-117.075	57.675	132.057241008366
1924461	-111.425	57.675	139.248948687237
1928113	71.175	57.675	135.168551891308
1928117	71.375	57.675	132.785531168509
1928118	71.425	57.675	135.342041158389
1928119	71.475	57.675	135.304117962324
1928120	71.525	57.675	135.295295526698
1928122	71.625	57.675	134.052308497959
1928123	71.675	57.675	135.200508564631
1928360	83.525	57.675	123.834317637151
1928361	83.575	57.675	123.308734838353
1928362	83.625	57.675	138.529406702731
1928363	83.675	57.675	138.506955550017
1928364	83.725	57.675	138.500452683293
1928365	83.775	57.675	122.040010551813
1928366	83.825	57.675	120.251607995608
1928367	83.875	57.675	138.214848120028
1928400	85.525	57.675	138.60847309454
1928401	85.575	57.675	138.636573132532
1928555	93.275	57.675	105.747130859233
1928556	93.325	57.675	127.925049238557
1928740	102.525	57.675	128.282098514488
1928741	102.575	57.675	125.723197458066
1928779	104.475	57.675	137.838721465693
1928780	104.525	57.675	137.640340915218
1928845	107.775	57.675	144.534426363006
1928846	107.825	57.675	144.54202704992
1928847	107.875	57.675	144.551101808557
1928848	107.925	57.675	144.560088829544
1928849	107.975	57.675	144.580007199258
1928850	108.025	57.675	144.605017939239
1928994	115.225	57.675	152.046907474042
1929010	116.025	57.675	151.995931552562
1929016	116.325	57.675	151.918089270382
1929017	116.375	57.675	151.894656637843
1929018	116.425	57.675	147.974852478023
1929124	121.725	57.675	149.960657779251
1929160	123.525	57.675	149.247446441642
1929161	123.575	57.675	149.238569217853
1929162	123.625	57.675	149.206477384055
1929163	123.675	57.675	149.190566193068
1929164	123.725	57.675	149.174841725006
1929165	123.775	57.675	147.749573953185
1929302	130.625	57.675	148.698943795322
1929398	135.425	57.675	153.316110775564
1929399	135.475	57.675	153.322666187546
1929413	136.175	57.675	154.138754103959
1930680	-126.475	57.625	155.560397834726
1930681	-126.425	57.625	155.508358429762
1930682	-126.375	57.625	155.450185258179
1930683	-126.325	57.625	155.422313928802
1930684	-126.275	57.625	155.395949204994
1930685	-126.225	57.625	155.226558902324
1930686	-126.175	57.625	155.207307627931
1930687	-126.125	57.625	155.188583086058
1930867	-117.125	57.625	132.057866505249
1930868	-117.075	57.625	132.057751928903
1930980	-111.475	57.625	139.258170274579
1930981	-111.425	57.625	124.110848196436
1934639	71.475	57.625	135.274508067762
1934640	71.525	57.625	135.248403979879
1934641	71.575	57.625	135.237225781191
1934642	71.625	57.625	135.217996365427
1934643	71.675	57.625	132.887860476574
1934644	71.725	57.625	135.176788682924
1934645	71.775	57.625	135.159785716561
1934646	71.825	57.625	135.146022768739
1934885	83.775	57.625	138.189994354449
1934886	83.825	57.625	138.205448635474
1934921	85.575	57.625	133.126666104808
1934922	85.625	57.625	138.628518720136
1934923	85.675	57.625	138.595340289668
1935075	93.275	57.625	127.925287049268
1935076	93.325	57.625	108.295816380343
1935259	102.475	57.625	124.005627224737
1935260	102.525	57.625	124.010760026716
1935363	107.675	57.625	139.55495166248
1935364	107.725	57.625	144.486098991525
1935365	107.775	57.625	144.527928383754
1935366	107.825	57.625	144.427564605143
1935367	107.875	57.625	139.384526541324
1935514	115.225	57.625	152.049339714629
1935515	115.275	57.625	143.542445267219
1935529	115.975	57.625	152.006818657655
1935530	116.025	57.625	150.010676202457
1935538	116.425	57.625	151.896829784572
1935539	116.475	57.625	144.031091856067
1935643	121.675	57.625	149.926474523021
1935644	121.725	57.625	149.941612181057
1935679	123.475	57.625	149.402028925078
1935680	123.525	57.625	149.353099939539
1935821	130.575	57.625	148.88584396639
1935822	130.625	57.625	148.895193808851
1935919	135.475	57.625	151.74980453328
1935920	135.525	57.625	153.952773724644
1935921	135.575	57.625	153.941110001537
1935922	135.625	57.625	153.937825928335
1935923	135.675	57.625	153.9333733878
1935924	135.725	57.625	153.928711539256
1935925	135.775	57.625	153.929983750173
1935931	136.075	57.625	154.134094749395
1935932	136.125	57.625	154.125661609905
1935933	136.175	57.625	154.12350876521
1937198	-126.575	57.575	142.483206765992
1937199	-126.525	57.575	155.653683952789
1937200	-126.475	57.575	155.438948841497
1937207	-126.125	57.575	155.093905607385
1937388	-117.075	57.575	132.057775430591
1937389	-117.025	57.575	132.056623291135
1937390	-116.975	57.575	132.056136874591
1937391	-116.925	57.575	132.055817676584
1937499	-111.525	57.575	139.272146903531
1937500	-111.475	57.575	124.460005610232
1941164	71.725	57.575	134.346315715763
1941166	71.825	57.575	135.12978468153
1941167	71.875	57.575	135.093765841784
1941168	71.925	57.575	135.080127402163
1941169	71.975	57.575	135.063282569734
1941170	72.025	57.575	135.044904355576
1941171	72.075	57.575	135.003420965815
1941172	72.125	57.575	134.984453880648
1941173	72.175	57.575	134.94540594776
1941174	72.225	57.575	134.922479373196
1941175	72.275	57.575	134.908670941039
1941176	72.325	57.575	134.891081850839
1941177	72.375	57.575	134.878362749811
1941178	72.425	57.575	132.128076668295
1941179	72.475	57.575	134.826258974925
1941180	72.525	57.575	135.818583786144
1941405	83.775	57.575	122.022799288551
1941406	83.825	57.575	138.180951059906
1941407	83.875	57.575	138.171310899699
1941443	85.675	57.575	138.591527045356
1941444	85.725	57.575	138.573908796105
1941445	85.775	57.575	138.567333219691
1941596	93.325	57.575	127.926766104524
1941778	102.425	57.575	124.004767711408
1941779	102.475	57.575	128.726251882706
1941883	107.675	57.575	144.487793916092
1941884	107.725	57.575	144.466109564161
1941885	107.775	57.575	144.453966226595
1941886	107.825	57.575	144.444715085848
1941887	107.875	57.575	144.412446063376
1942035	115.275	57.575	152.04963187906
1942044	115.725	57.575	144.624940476929
1942045	115.775	57.575	152.017647203625
1942046	115.825	57.575	152.006801393349
1942047	115.875	57.575	152.00470191857
1942048	115.925	57.575	152.00298764625
1942049	115.975	57.575	149.851253584983
1942059	116.475	57.575	151.872478653551
1942060	116.525	57.575	151.849418418247
1942061	116.575	57.575	152.516122154519
1942162	121.625	57.575	149.911397702281
1942163	121.675	57.575	149.921629936473
1942164	121.725	57.575	149.477480591624
1942199	123.475	57.575	149.465397129782
1942200	123.525	57.575	149.453045918082
1942341	130.575	57.575	148.888225529712
1942342	130.625	57.575	140.495879551956
1942445	135.775	57.575	153.936517435054
1942446	135.825	57.575	153.927965136825
1942447	135.875	57.575	153.926242835995
1942448	135.925	57.575	153.906470148609
1942449	135.975	57.575	144.293428998746
1942450	136.025	57.575	153.913774054764
1942451	136.075	57.575	154.134080464913
1943718	-126.575	57.525	155.704391805643
1943719	-126.525	57.525	155.651446715155
1943727	-126.125	57.525	151.949922582663
1943728	-126.075	57.525	155.005082446771
1943729	-126.025	57.525	154.98750224145
1943730	-125.975	57.525	154.982903867857
1943907	-117.125	57.525	132.053042381165
1943908	-117.075	57.525	132.053550699393
1943909	-117.025	57.525	132.053861632832
1943910	-116.975	57.525	132.054196461852
1943911	-116.925	57.525	132.055001732484
1944019	-111.525	57.525	139.265039653673
1947690	72.025	57.525	131.964755128689
1947691	72.075	57.525	135.022567492173
1947692	72.125	57.525	132.304025423881
1947693	72.175	57.525	134.973181906819
1947697	72.375	57.525	129.593906802786
1947698	72.425	57.525	134.865633127214
1947700	72.525	57.525	134.781214185983
1947701	72.575	57.525	131.45746440113
1947702	72.625	57.525	134.728927280739
1947927	83.875	57.525	138.167553984778
1947965	85.775	57.525	138.556161625002
1947966	85.825	57.525	138.644779667204
1947967	85.875	57.525	134.111647176996
1948029	88.975	57.525	139.054560139548
1948030	89.025	57.525	139.039963557751
1948033	89.175	57.525	138.945529807921
1948034	89.225	57.525	135.486154459768
1948038	89.425	57.525	138.900693442458
1948039	89.475	57.525	138.880239847184
1948040	89.525	57.525	138.87231198138
1948041	89.575	57.525	138.863391931916
1948042	89.625	57.525	138.833489056862
1948043	89.675	57.525	138.781058667679
1948045	89.775	57.525	138.740535098189
1948115	93.275	57.525	127.928603376034
1948116	93.325	57.525	127.928156568616
1948297	102.375	57.525	124.006044139841
1948298	102.425	57.525	131.30419607733
1948407	107.875	57.525	144.396801557891
1948555	115.275	57.525	152.015120946739
1948559	115.475	57.525	152.003592028273
1948560	115.525	57.525	151.996162590745
1948561	115.575	57.525	151.997131949928
1948562	115.625	57.525	152.016363887385
1948563	115.675	57.525	152.011800473441
1948564	115.725	57.525	152.019965545562
1948580	116.525	57.525	148.504157205529
1948581	116.575	57.525	151.844855460428
1948681	121.575	57.525	149.897242078469
1948682	121.625	57.525	149.90804180379
1948720	123.525	57.525	149.539634566282
1948721	123.575	57.525	149.54232331128
1948722	123.625	57.525	149.551463854068
1948862	130.625	57.525	148.880647237368
1948863	130.675	57.525	140.579798512464
1948967	135.875	57.525	143.185847847262
1948968	135.925	57.525	153.956222358943
1948969	135.975	57.525	153.897198160685
1948970	136.025	57.525	145.01382823878
1948971	136.075	57.525	148.234889988777
1950239	-126.525	57.475	155.602773825013
1950250	-125.975	57.475	154.939093666144
1950251	-125.925	57.475	154.918513232689
1950427	-117.125	57.475	132.052905078917
1950428	-117.075	57.475	132.061714202381
1950429	-117.025	57.475	132.063325884604
1950537	-111.625	57.475	124.963356404164
1950538	-111.575	57.475	139.261115921
1950539	-111.525	57.475	124.412932602178
1954220	72.525	57.475	134.75845560848
1954221	72.575	57.475	134.737807543708
1954222	72.625	57.475	133.110299501994
1954223	72.675	57.475	134.690623454198
1954224	72.725	57.475	134.655526321492
1954225	72.775	57.475	134.640382915689
1954226	72.825	57.475	134.624307765389
1954227	72.875	57.475	129.646315364502
1954228	72.925	57.475	134.570987346705
1954229	72.975	57.475	134.544717776797
1954447	83.875	57.475	138.158661566552
1954448	83.925	57.475	138.150935799677
1954449	83.975	57.475	125.721413749473
1954486	85.825	57.475	138.635964137643
1954487	85.875	57.475	138.653950014864
1954540	88.525	57.475	134.208787430264
1954541	88.575	57.475	139.249367304339
1954542	88.625	57.475	139.205568671614
1954544	88.725	57.475	139.147710422099
1954545	88.775	57.475	139.11513409188
1954546	88.825	57.475	139.1079193474
1954547	88.875	57.475	139.095037061315
1954548	88.925	57.475	139.085110082231
1954549	88.975	57.475	139.055277110626
1954550	89.025	57.475	139.02271269261
1954551	89.075	57.475	139.005420660506
1954552	89.125	57.475	138.964563734172
1954553	89.175	57.475	138.955464671976
1954554	89.225	57.475	138.925796090021
1954555	89.275	57.475	138.966101762782
1954556	89.325	57.475	138.954372109692
1954557	89.375	57.475	138.937202888144
1954558	89.425	57.475	138.922174243134
1954559	89.475	57.475	138.911638375346
1954560	89.525	57.475	134.28647639397
1954561	89.575	57.475	138.845178434125
1954562	89.625	57.475	138.809378649453
1954563	89.675	57.475	138.787874126974
1954564	89.725	57.475	138.763714121974
1954565	89.775	57.475	138.721747603683
1954566	89.825	57.475	138.711552573509
1954567	89.875	57.475	138.694979167243
1954568	89.925	57.475	138.678625281732
1954569	89.975	57.475	138.68311129034
1954570	90.025	57.475	138.673968365999
1954571	90.075	57.475	138.666803250197
1954635	93.275	57.475	127.929184206055
1954817	102.375	57.475	124.012603959332
1954923	107.675	57.475	140.899214952136
1954924	107.725	57.475	144.298205547255
1954925	107.775	57.475	144.305549681903
1954926	107.825	57.475	144.358436297854
1954927	107.875	57.475	140.961934636593
1955075	115.275	57.475	152.00865047177
1955076	115.325	57.475	152.00235736583
1955077	115.375	57.475	151.989317176695
1955078	115.425	57.475	151.987950068843
1955079	115.475	57.475	142.612536994342
1955099	116.475	57.475	151.761947656425
1955100	116.525	57.475	151.772571106111
1955201	121.575	57.475	149.86235071929
1955241	123.575	57.475	149.722381498296
1955242	123.625	57.475	149.586021929549
1955383	130.675	57.475	148.879421024822
1955384	130.725	57.475	148.859410734843
1955385	130.775	57.475	140.870994287849
1956758	-126.575	57.425	155.608368047386
1956759	-126.525	57.425	155.596264778907
1956771	-125.925	57.425	154.864087183698
1956772	-125.875	57.425	154.844444858533
1956773	-125.825	57.425	154.798786458422
1956774	-125.775	57.425	154.707858265792
1956775	-125.725	57.425	154.686954284289
1956776	-125.675	57.425	153.668230198647
1956777	-125.625	57.425	153.472869126085
1956778	-125.575	57.425	138.299806708615
1956948	-117.075	57.425	132.066024410356
1956949	-117.025	57.425	132.06822899645
1957056	-111.675	57.425	126.635672181144
1957057	-111.625	57.425	139.276465267805
1960746	72.825	57.425	134.612146135605
1960747	72.875	57.425	134.587609832959
1960749	72.975	57.425	134.537164775923
1960750	73.025	57.425	134.52460398028
1960751	73.075	57.425	134.510860513487
1960752	73.125	57.425	134.498478533994
1960753	73.175	57.425	134.468502582184
1960969	83.975	57.425	118.574969232231
1961006	85.825	57.425	133.064264674027
1961007	85.875	57.425	138.62097532472
1961008	85.925	57.425	138.597551721874
1961009	85.975	57.425	138.588002483117
1961010	86.025	57.425	138.568254672976
1961055	88.275	57.425	139.300849114998
1961056	88.325	57.425	139.285392132238
1961057	88.375	57.425	139.278593119151
1961058	88.425	57.425	139.266754975438
1961059	88.475	57.425	139.258384962245
1961060	88.525	57.425	139.248170682834
1961061	88.575	57.425	139.22676438917
1961062	88.625	57.425	139.181434739188
1961063	88.675	57.425	139.150943370982
1961064	88.725	57.425	134.870241286886
1961091	90.075	57.425	138.662803176397
1961092	90.125	57.425	138.648312938272
1961093	90.175	57.425	138.647297776914
1961094	90.225	57.425	138.63669857324
1961154	93.225	57.425	110.35623818006
1961155	93.275	57.425	127.937359590599
1961336	102.325	57.425	132.107394890003
1961337	102.375	57.425	124.016658748334
1961440	107.525	57.425	140.170786434906
1961441	107.575	57.425	144.254402865554
1961442	107.625	57.425	144.275615588039
1961443	107.675	57.425	144.292334037696
1961619	116.475	57.425	151.759842354422
1961720	121.525	57.425	149.847525682048
1961721	121.575	57.425	149.855240736329
1961761	123.575	57.425	149.75185541286
1961905	130.775	57.425	148.875835653302
1961906	130.825	57.425	148.852917880655
1961907	130.875	57.425	148.860434439709
1961908	130.925	57.425	148.849713982861
1963279	-126.525	57.375	155.733573796167
1963298	-125.575	57.375	153.393956321853
1963299	-125.525	57.375	153.386933187487
1963467	-117.125	57.375	132.068116341237
1963468	-117.075	57.375	122.079266285825
1963576	-111.675	57.375	139.294897565223
1967272	73.125	57.375	134.487606653933
1967273	73.175	57.375	134.447537014713
1967274	73.225	57.375	134.398267203311
1967275	73.275	57.375	134.376394427832
1967276	73.325	57.375	134.362512796743
1967489	83.975	57.375	138.141596263498
1967490	84.025	57.375	138.150666050904
1967491	84.075	57.375	138.145049641388
1967529	85.975	57.375	138.565734815911
1967573	88.175	57.375	139.365576411202
1967574	88.225	57.375	139.327554024837
1967575	88.275	57.375	139.312168782153
1967611	90.075	57.375	135.260738339536
1967614	90.225	57.375	138.627442199098
1967615	90.275	57.375	138.615231747449
1967674	93.225	57.375	127.938085073037
1967675	93.275	57.375	127.939015040629
1967856	102.325	57.375	120.244850636226
1967960	107.525	57.375	144.238441424482
1967962	107.625	57.375	144.269785651964
1968139	116.475	57.375	151.755939806644
1968239	121.475	57.375	149.840500182543
1968240	121.525	57.375	149.831316498669
1968280	123.525	57.375	149.928548555141
1968281	123.575	57.375	149.872140761358
1968428	130.925	57.375	148.839360990434
1968429	130.975	57.375	148.826731314114
1968430	131.025	57.375	148.823095564517
1968431	131.075	57.375	148.81914507697
1968432	131.125	57.375	148.812142586913
1968433	131.175	57.375	148.804841526741
1968434	131.225	57.375	148.793899705916
1968435	131.275	57.375	148.797596808026
1969798	-126.575	57.325	155.749288718948
1969799	-126.525	57.325	155.729613805801
1969819	-125.525	57.325	127.351419845925
1969820	-125.475	57.325	153.318412903067
1969821	-125.425	57.325	153.070551429097
1969986	-117.175	57.325	132.058698901817
1969987	-117.125	57.325	132.061193094847
1970096	-111.675	57.325	139.281741899643
1973793	73.175	57.325	132.415568407505
1973794	73.225	57.325	134.42300632077
1973796	73.325	57.325	134.350204203701
1973797	73.375	57.325	134.3081752898
1973798	73.425	57.325	134.282539121879
1973799	73.475	57.325	134.24631165041
1974011	84.075	57.325	138.139125586502
1974012	84.125	57.325	138.124515275207
1974049	85.975	57.325	138.56179250224
1974089	87.975	57.325	139.408303371028
1974090	88.025	57.325	139.394425502377
1974091	88.075	57.325	139.386090674878
1974092	88.125	57.325	139.37013328483
1974093	88.175	57.325	139.36489808595
1974134	90.225	57.325	134.7368592341
1974135	90.275	57.325	138.607627177358
1974136	90.325	57.325	138.609160913177
1974137	90.375	57.325	138.595362841612
1974138	90.425	57.325	138.585569022351
1974139	90.475	57.325	138.57798488544
1974195	93.275	57.325	127.939432126351
1974196	93.325	57.325	127.942496491322
1974376	102.325	57.325	124.026228038811
1974469	106.975	57.325	144.181086445875
1974470	107.025	57.325	144.185767828751
1974471	107.075	57.325	144.190973784744
1974472	107.125	57.325	144.200222391359
1974473	107.175	57.325	144.218163604693
1974478	107.425	57.325	144.202582974339
1974479	107.475	57.325	144.211889099739
1974480	107.525	57.325	144.215381919993
1974481	107.575	57.325	144.228612421013
1974659	116.475	57.325	151.762121781308
1974660	116.525	57.325	151.751977956151
1974759	121.475	57.325	149.767247357403
1974760	121.525	57.325	149.779102669876
1974800	123.525	57.325	150.047997614404
1974953	131.175	57.325	147.736008979275
1974954	131.225	57.325	147.742371920487
1974955	131.275	57.325	148.40038822059
1976316	-126.675	57.275	155.764068159045
1976317	-126.625	57.275	155.706280293392
1976318	-126.575	57.275	155.784566926769
1976340	-125.475	57.275	153.05615068283
1976341	-125.425	57.275	153.045103033525
1976506	-117.175	57.275	121.51093440715
1976507	-117.125	57.275	132.061072291153
1976508	-117.075	57.275	132.393251124554
1976616	-111.675	57.275	139.515493383456
1976617	-111.625	57.275	120.791805821637
1980316	73.325	57.275	134.327703465901
1980317	73.375	57.275	132.116478367815
1980318	73.425	57.275	134.236934915238
1980319	73.475	57.275	134.209446369748
1980320	73.525	57.275	134.190504141412
1980321	73.575	57.275	134.174158977601
1980322	73.625	57.275	132.338832913046
1980323	73.675	57.275	132.986492001812
1980532	84.125	57.275	115.688418016744
1980533	84.175	57.275	138.120213604248
1980534	84.225	57.275	138.102042950351
1980535	84.275	57.275	138.095320748825
1980569	85.975	57.275	134.626556556129
1980570	86.025	57.275	134.726794388499
1980571	86.075	57.275	135.043223874578
1980605	87.775	57.275	139.527666887738
1980606	87.825	57.275	139.498760799297
1980607	87.875	57.275	139.490202860876
1980608	87.925	57.275	139.485362701863
1980609	87.975	57.275	139.469431661708
1980658	90.425	57.275	134.349665164231
1980659	90.475	57.275	138.565499770581
1980660	90.525	57.275	138.517490387154
1980716	93.325	57.275	127.94290286826
1980717	93.375	57.275	127.943009024581
1980718	93.425	57.275	127.943835871083
1980896	102.325	57.275	123.949043711789
1980988	106.925	57.275	144.160301733021
1980989	106.975	57.275	144.171656863102
1980993	107.175	57.275	140.360688338639
1980994	107.225	57.275	144.160121071361
1980996	107.325	57.275	144.172953159651
1980997	107.375	57.275	144.180105940614
1980998	107.425	57.275	144.182926237494
1980999	107.475	57.275	144.203048446828
1981178	116.425	57.275	140.534722301812
1981179	116.475	57.275	151.75487875142
1981180	116.525	57.275	143.232859736412
1981270	121.025	57.275	149.513821352467
1981271	121.075	57.275	149.523295210288
1981272	121.125	57.275	149.529005524619
1981273	121.175	57.275	149.533092993817
1981274	121.225	57.275	149.544477181166
1981275	121.275	57.275	149.547915325204
1981276	121.325	57.275	149.715206363847
1981277	121.375	57.275	149.723797514367
1981278	121.425	57.275	149.729180816471
1981279	121.475	57.275	149.744972744926
1981319	123.475	57.275	150.109769759481
1981320	123.525	57.275	150.025057961737
1981469	130.975	57.275	139.847647199763
1981470	131.025	57.275	147.712920186822
1981471	131.075	57.275	147.709590188424
1981472	131.125	57.275	147.718536240155
1981473	131.175	57.275	149.25582754234
1982834	-126.775	57.225	155.956061332848
1982835	-126.725	57.225	155.832704406267
1982836	-126.675	57.225	155.808195683955
1982861	-125.425	57.225	152.94437315061
1982862	-125.375	57.225	152.91766575499
1983027	-117.125	57.225	118.972598575661
1983028	-117.075	57.225	132.394367521058
1983137	-111.625	57.225	139.50940080238
1986842	73.625	57.225	134.163478829822
1986843	73.675	57.225	134.11690536722
1986844	73.725	57.225	134.009961423378
1986845	73.775	57.225	133.991418757405
1987055	84.275	57.225	121.78379140054
1987056	84.325	57.225	138.089398303919
1987057	84.375	57.225	138.06706083308
1987089	85.975	57.225	138.502029238011
1987090	86.025	57.225	138.46236098474
1987091	86.075	57.225	130.411311114677
1987122	87.625	57.225	139.563287212337
1987123	87.675	57.225	139.547939005068
1987124	87.725	57.225	139.533900309218
1987125	87.775	57.225	139.523698914519
1987178	90.425	57.225	133.779599358304
1987179	90.475	57.225	138.546074333533
1987180	90.525	57.225	138.484484246365
1987238	93.425	57.225	127.944126824409
1987416	102.325	57.225	123.955184444544
1987507	106.875	57.225	144.143364237932
1987508	106.925	57.225	144.157949006524
1987514	107.225	57.225	141.543408099935
1987515	107.275	57.225	144.162966854918
1987516	107.325	57.225	144.16650214096
1987698	116.425	57.225	151.728847559754
1987699	116.475	57.225	151.752425492852
1987789	120.975	57.225	158.873804783385
1987790	121.025	57.225	149.505500039975
1987839	123.475	57.225	150.189180850304
1987840	123.525	57.225	150.181548286779
1987989	130.975	57.225	147.71707748011
1987990	131.025	57.225	141.426082001264
1989352	-126.875	57.175	145.781651413761
1989353	-126.825	57.175	156.000482334269
1989354	-126.775	57.175	141.51860826355
1989382	-125.375	57.175	127.942314369478
1989383	-125.325	57.175	152.814307776341
1989384	-125.275	57.175	152.661399661065
1989385	-125.225	57.175	139.894933417877
1989547	-117.125	57.175	132.394632672827
1989548	-117.075	57.175	132.391671524635
1989657	-111.625	57.175	139.502199558386
1993365	73.775	57.175	130.900695402296
1993366	73.825	57.175	133.978946506929
1993368	73.925	57.175	132.622126047906
1993369	73.975	57.175	133.90465400976
1993370	74.025	57.175	133.859346866959
1993371	74.075	57.175	132.456211094779
1993577	84.375	57.175	138.058115937899
1993610	86.025	57.175	138.45235393241
1993639	87.475	57.175	139.65992466367
1993640	87.525	57.175	139.609025989032
1993641	87.575	57.175	139.583074780105
1993642	87.625	57.175	139.571966942957
1993700	90.525	57.175	139.044316039839
1993758	93.425	57.175	127.945103258316
1993759	93.475	57.175	114.946406869698
1993936	102.325	57.175	123.963125908143
1994027	106.875	57.175	144.142149715151
1994028	106.925	57.175	144.120345460612
1994216	116.325	57.175	150.907544169117
1994217	116.375	57.175	150.927826760883
1994218	116.425	57.175	162.353039381423
1994308	120.925	57.175	149.400468440606
1994309	120.975	57.175	149.408228655886
1994356	123.325	57.175	150.415964621244
1994357	123.375	57.175	150.402410903904
1994358	123.425	57.175	150.399397393515
1994359	123.475	57.175	150.352020399863
1994505	130.775	57.175	147.62163435842
1994506	130.825	57.175	147.630243351988
1994507	130.875	57.175	147.634320020489
1994508	130.925	57.175	147.633470320133
1994509	130.975	57.175	147.636399204836
1994510	131.025	57.175	147.657449663809
1995871	-126.925	57.125	156.16229496616
1995872	-126.875	57.125	156.082874073984
1995904	-125.275	57.125	152.632650009173
1995905	-125.225	57.125	152.586901007875
1995906	-125.175	57.125	144.890174604874
1996064	-117.275	57.125	132.400758875372
1996065	-117.225	57.125	132.402576275439
1996066	-117.175	57.125	132.402791894597
1996067	-117.125	57.125	132.405776124869
1996177	-111.625	57.125	139.901630845407
1996178	-111.575	57.125	140.030914814983
1999886	73.825	57.125	125.547704660104
1999887	73.875	57.125	133.948744624096
1999888	73.925	57.125	133.920727618431
1999891	74.075	57.125	133.849400313062
1999892	74.125	57.125	133.829580421875
1999893	74.175	57.125	133.821042447038
2000097	84.375	57.125	138.046265467914
2000098	84.425	57.125	138.030673993887
2000099	84.475	57.125	138.025388170584
2000130	86.025	57.125	138.427290460876
2000131	86.075	57.125	138.394963163921
2000132	86.125	57.125	138.37718232905
2000157	87.375	57.125	139.69974730899
2000158	87.425	57.125	139.684162860812
2000159	87.475	57.125	139.676427839847
2000160	87.525	57.125	139.642678217482
2000220	90.525	57.125	139.025537295671
2000221	90.575	57.125	138.990165312718
2000222	90.625	57.125	134.429003029698
2000279	93.475	57.125	127.948624436386
2000456	102.325	57.125	123.936391357267
2000546	106.825	57.125	139.989370008054
2000547	106.875	57.125	144.090946560885
2000548	106.925	57.125	144.115525727521
2000732	116.125	57.125	150.84699215399
2000733	116.175	57.125	150.86489616386
2000734	116.225	57.125	150.868585948119
2000735	116.275	57.125	150.8810365654
2000736	116.325	57.125	150.906272239873
2000829	120.975	57.125	149.391364884555
2000830	121.025	57.125	149.379242992354
2000875	123.275	57.125	146.564992451926
2000876	123.325	57.125	150.565255205021
2001020	130.525	57.125	147.574180108758
2001021	130.575	57.125	147.610118504071
2001022	130.625	57.125	143.896632451475
2001025	130.775	57.125	147.620313271273
2001026	130.825	57.125	147.628264452805
2002391	-126.925	57.075	153.940289511218
2002392	-126.875	57.075	153.799611988398
2002426	-125.175	57.075	152.51064720023
2002584	-117.275	57.075	121.449533018029
2002585	-117.225	57.075	132.402070103053
2002586	-117.175	57.075	132.400621256162
2002698	-111.575	57.075	140.026716691474
2002699	-111.525	57.075	140.020637488642
2006412	74.125	57.075	133.754067125426
2006413	74.175	57.075	133.814824093513
2006618	84.425	57.075	138.0012312844
2006619	84.475	57.075	138.021668237024
2006652	86.125	57.075	133.801145518581
2006653	86.175	57.075	138.374161906853
2006654	86.225	57.075	138.361894865741
2006673	87.175	57.075	139.753664504566
2006674	87.225	57.075	139.720881207774
2006675	87.275	57.075	139.72406248619
2006676	87.325	57.075	139.712285128228
2006677	87.375	57.075	139.704705292918
2006741	90.575	57.075	138.980052677368
2006742	90.625	57.075	138.944797930405
2006798	93.425	57.075	127.949725241786
2006799	93.475	57.075	127.949617659439
2006976	102.325	57.075	123.929398034102
2007056	106.325	57.075	143.762732813739
2007066	106.825	57.075	144.083511421839
2007251	116.075	57.075	150.843260314048
2007252	116.125	57.075	157.105531449829
2007349	120.975	57.075	149.365408930459
2007350	121.025	57.075	149.373503051916
2007394	123.225	57.075	150.93754317031
2007395	123.275	57.075	150.92192596469
2007539	130.475	57.075	147.550882508392
2007540	130.525	57.075	147.577881537188
2007542	130.625	57.075	147.612925185368
2007543	130.675	57.075	147.62867929817
2007544	130.725	57.075	147.622502482136
2007545	130.775	57.075	147.615256265678
2008912	-126.875	57.025	153.89724491432
2008946	-125.175	57.025	152.527188779169
2008947	-125.125	57.025	152.765702285642
2008948	-125.075	57.025	156.96299679534
2009105	-117.225	57.025	132.408184289909
2009219	-111.525	57.025	122.994394423112
2009220	-111.475	57.025	140.057727846234
2012932	74.125	57.025	133.718187261329
2012933	74.175	57.025	133.709892137057
2012934	74.225	57.025	129.583067885157
2013138	84.425	57.025	137.996586154481
2013174	86.225	57.025	129.963321469946
2013175	86.275	57.025	138.355928571063
2013189	86.975	57.025	134.960292138401
2013190	87.025	57.025	139.818049309257
2013192	87.125	57.025	139.797637037216
2013193	87.175	57.025	139.765300078626
2013194	87.225	57.025	133.584574236235
2013262	90.625	57.025	138.926231755049
2013263	90.675	57.025	138.890258945994
2013317	93.375	57.025	127.950975201412
2013318	93.425	57.025	111.585178403714
2013482	101.625	57.025	123.891747620778
2013483	101.675	57.025	123.892826950281
2013484	101.725	57.025	123.893606818669
2013496	102.325	57.025	123.91636372815
2013497	102.375	57.025	123.917185043304
2013574	106.225	57.025	143.735207535491
2013575	106.275	57.025	143.750009136819
2013576	106.325	57.025	143.77511079377
2013577	106.375	57.025	143.778853641087
2013578	106.425	57.025	143.786758869313
2013579	106.475	57.025	143.798825946554
2013580	106.525	57.025	144.020906083202
2013581	106.575	57.025	144.028892194259
2013582	106.625	57.025	144.037455985714
2013583	106.675	57.025	144.040478336925
2013584	106.725	57.025	144.046939309206
2013585	106.775	57.025	144.058476855365
2013586	106.825	57.025	144.073372798516
2013587	106.875	57.025	142.034447710577
2013766	115.825	57.025	150.729028143717
2013767	115.875	57.025	150.75058040829
2013768	115.925	57.025	150.781650580311
2013769	115.975	57.025	150.79191996761
2013770	116.025	57.025	150.81598154181
2013771	116.075	57.025	149.669337999668
2013870	121.025	57.025	149.361935028573
2013871	121.075	57.025	146.248638312526
2013913	123.175	57.025	151.128047100248
2013914	123.225	57.025	151.118640867965
2014054	130.225	57.025	146.019467001651
2014055	130.275	57.025	147.457945169626
2014056	130.325	57.025	147.456939699116
2014057	130.375	57.025	147.465001443891
2014058	130.425	57.025	147.482620100276
2014059	130.475	57.025	144.070259682043
2014060	130.525	57.025	147.553977119782
2014061	130.575	57.025	147.541452272585
2015432	-126.875	56.975	153.902890268271
2015468	-125.075	56.975	152.751811839751
2015469	-125.025	56.975	152.79072742354
2015470	-124.975	56.975	152.797568940565
2015625	-117.225	56.975	132.411690991312
2015740	-111.475	56.975	140.184778064509
2015741	-111.425	56.975	140.195061273331
2019454	74.225	56.975	133.691506042113
2019455	74.275	56.975	133.649058367894
2019456	74.325	56.975	133.634287563638
2019457	74.375	56.975	133.621533235072
2019458	74.425	56.975	133.615686523629
2019658	84.425	56.975	137.969995557736
2019695	86.275	56.975	138.322744037821
2019696	86.325	56.975	138.299993019089
2019697	86.375	56.975	138.2817267459
2019698	86.425	56.975	138.641217176438
2019704	86.725	56.975	140.01147646154
2019705	86.775	56.975	139.976260179318
2019706	86.825	56.975	139.909139788648
2019707	86.875	56.975	139.871577389324
2019708	86.925	56.975	139.836570404289
2019709	86.975	56.975	139.836560243796
2019710	87.025	56.975	139.827090090544
2019711	87.075	56.975	139.800256089884
2019712	87.125	56.975	133.277367297231
2019783	90.675	56.975	138.88427660402
2019837	93.375	56.975	127.953610625641
2019997	101.375	56.975	123.907087596746
2019998	101.425	56.975	123.902060474116
2019999	101.475	56.975	123.899827212861
2020000	101.525	56.975	123.895829972067
2020001	101.575	56.975	123.893314386374
2020002	101.625	56.975	132.884937395821
2020004	101.725	56.975	123.892303277034
2020005	101.775	56.975	123.88878272853
2020006	101.825	56.975	128.293160005148
2020016	102.325	56.975	123.90637143108
2020017	102.375	56.975	123.91719458637
2020093	106.175	56.975	143.729058166414
2020094	106.225	56.975	142.945904359939
2020284	115.725	56.975	150.702191398223
2020285	115.775	56.975	150.717216394776
2020286	115.825	56.975	150.412334615372
2020391	121.075	56.975	148.508168023101
2020392	121.125	56.975	148.480427885686
2020433	123.175	56.975	151.546188177957
2020556	129.325	56.975	147.119340223311
2020557	129.375	56.975	147.002301721278
2020559	129.475	56.975	147.177141590873
2020560	129.525	56.975	147.191819687678
2020561	129.575	56.975	147.196965749543
2020562	129.625	56.975	147.237857130851
2020563	129.675	56.975	147.243750259409
2020564	129.725	56.975	147.287537561426
2020573	130.175	56.975	147.449860738043
2020574	130.225	56.975	147.462469186003
2020579	130.475	56.975	147.475017223121
2020580	130.525	56.975	147.488346567682
2020581	130.575	56.975	147.534601674132
2021951	-126.925	56.925	155.339183408113
2021952	-126.875	56.925	155.258508501828
2021990	-124.975	56.925	152.808550914985
2021991	-124.925	56.925	153.74280116631
2022144	-117.275	56.925	132.41232012698
2022145	-117.225	56.925	132.410399493189
2022261	-111.425	56.925	140.184490675072
2025977	74.375	56.925	130.266094004091
2025978	74.425	56.925	129.723121266935
2025979	74.475	56.925	133.611175086344
2026178	84.425	56.925	137.964579454581
2026218	86.425	56.925	138.632758500387
2026219	86.475	56.925	138.606460976732
2026223	86.675	56.925	140.030771448532
2026224	86.725	56.925	140.017843540303
2026225	86.775	56.925	139.999234650781
2026226	86.825	56.925	139.950602698789
2026227	86.875	56.925	133.030616144075
2026228	86.925	56.925	139.857093381593
2026302	90.625	56.925	138.894038762045
2026303	90.675	56.925	138.920774095038
2026357	93.375	56.925	127.954628482661
2026358	93.425	56.925	127.969110222059
2026516	101.325	56.925	131.606736968372
2026517	101.375	56.925	123.909388467827
2026526	101.825	56.925	123.883178736904
2026527	101.875	56.925	123.877086244912
2026528	101.925	56.925	126.991826043269
2026529	101.975	56.925	130.494901919752
2026536	102.325	56.925	123.908897146906
2026612	106.125	56.925	143.706268582158
2026613	106.175	56.925	143.506516127505
2026802	115.625	56.925	150.686507340878
2026803	115.675	56.925	150.689140291683
2026804	115.725	56.925	150.696323534668
2026912	121.125	56.925	148.475467168341
2026952	123.125	56.925	151.625273075067
2026953	123.175	56.925	151.56815057044
2027072	129.125	56.925	147.049050232039
2027073	129.175	56.925	147.063099262583
2027074	129.225	56.925	147.073970930609
2027075	129.275	56.925	147.080981271138
2027076	129.325	56.925	147.103550376195
2027077	129.375	56.925	147.1245882077
2027078	129.425	56.925	147.135402583979
2027079	129.475	56.925	147.163669512952
2027084	129.725	56.925	150.097195109711
2027085	129.775	56.925	147.297269238999
2027086	129.825	56.925	147.302682637477
2027087	129.875	56.925	147.319587202726
2027088	129.925	56.925	147.423585442379
2027089	129.975	56.925	147.441198972565
2027090	130.025	56.925	147.439825766582
2027091	130.075	56.925	147.454061214988
2027093	130.175	56.925	147.449587405263
2027094	130.225	56.925	144.779177489836
2028468	-127.075	56.875	157.022106736624
2028469	-127.025	56.875	156.678359405008
2028470	-126.975	56.875	156.50486019647
2028471	-126.925	56.875	156.256502123443
2028510	-124.975	56.875	152.765552541959
2028511	-124.925	56.875	152.885871753782
2028663	-117.325	56.875	132.431695964479
2028664	-117.275	56.875	132.431585283557
2028665	-117.225	56.875	132.433953181409
2028781	-111.425	56.875	140.23258106904
2032499	74.475	56.875	133.60129490142
2032500	74.525	56.875	133.595553022486
2032501	74.575	56.875	133.576088675034
2032698	84.425	56.875	145.0131839687
2032739	86.475	56.875	133.842504785823
2032740	86.525	56.875	138.604121525291
2032741	86.575	56.875	138.56006922197
2032742	86.625	56.875	140.06411792539
2032743	86.675	56.875	140.046783351563
2032822	90.625	56.875	138.876613634114
2032823	90.675	56.875	138.887009402775
2032878	93.425	56.875	127.969790866451
2032879	93.475	56.875	112.211008340842
2033037	101.375	56.875	123.908781416354
2033049	101.975	56.875	123.867551191293
2033050	102.025	56.875	123.877602995023
2033051	102.075	56.875	123.876727599785
2033052	102.125	56.875	123.881848401795
2033053	102.175	56.875	131.575174859172
2033054	102.225	56.875	123.886948526029
2033055	102.275	56.875	123.901339937297
2033056	102.325	56.875	134.737553125256
2033131	106.075	56.875	144.095992403055
2033132	106.125	56.875	143.689394744011
2033321	115.575	56.875	150.631133620258
2033322	115.625	56.875	150.682531045023
2033432	121.125	56.875	148.470925120524
2033433	121.175	56.875	148.122009803461
2033472	123.125	56.875	151.790974031362
2033473	123.175	56.875	151.86851990405
2033588	128.925	56.875	146.007563780722
2033589	128.975	56.875	145.516062356226
2033590	129.025	56.875	147.007454312222
2033591	129.075	56.875	147.027481856954
2033592	129.125	56.875	145.461027162349
2033607	129.875	56.875	147.318035751066
2033608	129.925	56.875	147.420560254219
2033611	130.075	56.875	147.459026602995
2033612	130.125	56.875	147.436804905728
2033613	130.175	56.875	147.448428724427
2034985	-127.225	56.825	158.547028954807
2034986	-127.175	56.825	157.625950180599
2034987	-127.125	56.825	156.992476638045
2034988	-127.075	56.825	157.05930901202
2035031	-124.925	56.825	152.900007362919
2035032	-124.875	56.825	152.957796597562
2035184	-117.275	56.825	132.435455130137
2035301	-111.425	56.825	140.211790876481
2039020	74.525	56.825	133.26558615591
2039021	74.575	56.825	133.571441962843
2039218	84.425	56.825	145.00884128265
2039219	84.475	56.825	114.285172229017
2039220	84.525	56.825	131.871148554051
2039221	84.575	56.825	131.846007605855
2039222	84.625	56.825	131.8347923416
2039261	86.575	56.825	134.048409506228
2039262	86.625	56.825	138.554451795914
2039342	90.625	56.825	138.867077557018
2039343	90.675	56.825	138.876082665439
2039399	93.475	56.825	127.971233596469
2039400	93.525	56.825	127.972187521095
2039556	101.325	56.825	130.059543251781
2039557	101.375	56.825	123.911647667314
2039558	101.425	56.825	123.913506886375
2039559	101.475	56.825	123.67451301527
2039560	101.525	56.825	123.675050199367
2039561	101.575	56.825	123.674845647398
2039647	105.875	56.825	143.623372553475
2039648	105.925	56.825	143.097009712506
2039649	105.975	56.825	143.637390212261
2039650	106.025	56.825	143.645478156102
2039651	106.075	56.825	143.665536846058
2039841	115.575	56.825	150.567366078259
2039842	115.625	56.825	157.443169674379
2039952	121.125	56.825	148.45823640603
2039953	121.175	56.825	148.450021920212
2039992	123.125	56.825	152.069141810472
2039993	123.175	56.825	152.039259637017
2040106	128.825	56.825	146.744291324991
2040107	128.875	56.825	146.781648383299
2040108	128.925	56.825	146.79215624064
2040109	128.975	56.825	146.810382032846
2040110	129.025	56.825	149.321296554334
2041501	-127.425	56.775	164.641818916502
2041502	-127.375	56.775	162.771905587372
2041503	-127.325	56.775	161.548117651087
2041504	-127.275	56.775	160.837818871871
2041505	-127.225	56.775	157.899174986777
2041552	-124.875	56.775	155.699277140685
2041553	-124.825	56.775	153.451504095284
2041704	-117.275	56.775	132.447797203935
2041705	-117.225	56.775	132.447186293987
2041706	-117.175	56.775	123.062332748031
2041821	-111.425	56.775	140.20328751469
2041822	-111.375	56.775	140.199440260407
2045541	74.575	56.775	133.558981973407
2045738	84.425	56.775	144.997162889334
2045740	84.525	56.775	131.855140369008
2045741	84.575	56.775	121.221619196533
2045742	84.625	56.775	119.731873464362
2045743	84.675	56.775	131.827281909624
2045862	90.625	56.775	138.832866520431
2045863	90.675	56.775	138.857916849019
2045920	93.525	56.775	107.637855196231
2045921	93.575	56.775	127.979924417121
2045922	93.625	56.775	127.975224424413
2046081	101.575	56.775	133.289287044136
2046082	101.625	56.775	123.676584373409
2046083	101.675	56.775	131.425800920015
2046162	105.625	56.775	143.174895931748
2046163	105.675	56.775	143.594347781225
2046164	105.725	56.775	143.598898099107
2046165	105.775	56.775	143.598172014443
2046166	105.825	56.775	143.611081920382
2046167	105.875	56.775	141.813751956491
2046168	105.925	56.775	143.626427282533
2046361	115.575	56.775	144.288472869556
2046362	115.625	56.775	150.471411690709
2046473	121.175	56.775	148.170210889059
2046474	121.225	56.775	148.448124494007
2046512	123.125	56.775	152.168670759002
2046513	123.175	56.775	152.263699462449
2046625	128.775	56.775	146.720939598186
2046626	128.825	56.775	146.728128965174
2048019	-127.525	56.725	165.915224488382
2048020	-127.475	56.725	164.162913112745
2048021	-127.425	56.725	163.379761241681
2048073	-124.825	56.725	128.274601587414
2048074	-124.775	56.725	153.522567771659
2048224	-117.275	56.725	132.445936453355
2048225	-117.225	56.725	132.44721108846
2048226	-117.175	56.725	132.446265636097
2048341	-111.425	56.725	142.011461264711
2048342	-111.375	56.725	142.009413283377
2052060	74.525	56.725	133.231438052545
2052061	74.575	56.725	133.498893482515
2052062	74.625	56.725	133.530116335162
2052256	84.325	56.725	123.002570031576
2052257	84.375	56.725	144.988418960133
2052258	84.425	56.725	114.807195212208
2052263	84.675	56.725	131.797522144148
2052381	90.575	56.725	138.86709283744
2052382	90.625	56.725	138.838145133114
2052441	93.575	56.725	111.922994461918
2052442	93.625	56.725	127.997258321962
2052603	101.675	56.725	123.67494687714
2052604	101.725	56.725	133.888259366917
2052682	105.625	56.725	143.707738843475
2052881	115.575	56.725	150.465324040382
2052994	121.225	56.725	148.25965028618
2052995	121.275	56.725	148.241877671129
2053031	123.075	56.725	152.352761363151
2053032	123.125	56.725	152.22526737056
2053143	128.675	56.725	146.793908022672
2053144	128.725	56.725	146.712584271904
2053145	128.775	56.725	146.717323959784
2054594	-124.775	56.675	136.282050506988
2054595	-124.725	56.675	153.554986408996
2054596	-124.675	56.675	136.46726276653
2054745	-117.225	56.675	132.490659453882
2054746	-117.175	56.675	132.488943434531
2054747	-117.125	56.675	132.621708704626
2054857	-111.625	56.675	129.505871008188
2054858	-111.575	56.675	142.09418454407
2054859	-111.525	56.675	142.094050933371
2054860	-111.475	56.675	142.011193889976
2054861	-111.425	56.675	129.308769392469
2058581	74.575	56.675	133.488786235333
2058582	74.625	56.675	133.457936728061
2058775	84.275	56.675	144.969489943031
2058776	84.325	56.675	144.973595265842
2058783	84.675	56.675	121.500628620831
2058784	84.725	56.675	131.780967240441
2058900	90.525	56.675	138.810951409991
2058901	90.575	56.675	138.82964331011
2058902	90.625	56.675	133.457083476824
2058962	93.625	56.675	127.998096120763
2058963	93.675	56.675	127.999289417151
2059124	101.725	56.675	123.674981624579
2059125	101.775	56.675	123.671927280536
2059126	101.825	56.675	132.748520431826
2059202	105.625	56.675	139.692831734559
2059203	105.675	56.675	143.690673874389
2059204	105.725	56.675	143.670678882121
2059205	105.775	56.675	143.666103383728
2059206	105.825	56.675	143.65632169179
2059207	105.875	56.675	143.650119620909
2059208	105.925	56.675	143.638443862609
2059209	105.975	56.675	143.615557747599
2059210	106.025	56.675	143.599491926747
2059211	106.075	56.675	143.575212593287
2059212	106.125	56.675	143.553313299744
2059213	106.175	56.675	143.541679842365
2059398	115.425	56.675	150.446408998124
2059399	115.475	56.675	150.450097469127
2059400	115.525	56.675	150.459309449709
2059401	115.575	56.675	149.454058433782
2059515	121.275	56.675	148.235329918117
2059516	121.325	56.675	148.094167392993
2059517	121.375	56.675	148.088331152882
2059551	123.075	56.675	152.497744132583
2059552	123.125	56.675	149.03931840071
2059655	128.275	56.675	149.012767618806
2059656	128.325	56.675	146.763021935471
2059657	128.375	56.675	141.513661682717
2059658	128.425	56.675	146.745285012145
2059659	128.475	56.675	146.76785467335
2059660	128.525	56.675	146.761727515737
2059661	128.575	56.675	146.75104463723
2059662	128.625	56.675	146.7604101338
2059663	128.675	56.675	146.787240951362
2061116	-124.675	56.625	153.539382279343
2061117	-124.625	56.625	153.557039206332
2061267	-117.125	56.625	132.747854598638
2061374	-111.775	56.625	142.08922889577
2061375	-111.725	56.625	142.089967662801
2061376	-111.675	56.625	142.09154696794
2061377	-111.625	56.625	142.091427771794
2065101	74.575	56.625	133.334191000499
2065102	74.625	56.625	133.370987926166
2065103	74.675	56.625	134.767528506872
2065294	84.225	56.625	144.969778658084
2065295	84.275	56.625	124.774634091883
2065304	84.725	56.625	126.732337127605
2065305	84.775	56.625	131.763810147759
2065419	90.475	56.625	133.054386567293
2065420	90.525	56.625	139.113565320056
2065483	93.675	56.625	107.092188801624
2065484	93.725	56.625	128.000616463802
2065485	93.775	56.625	116.532948815529
2065646	101.825	56.625	123.659276127682
2065733	106.175	56.625	143.300540837487
2065734	106.225	56.625	143.530890048682
2065735	106.275	56.625	143.501736467235
2065918	115.425	56.625	150.443940830866
2066036	121.325	56.625	149.147578450516
2066037	121.375	56.625	148.084671166401
2066070	123.025	56.625	147.168104682614
2066071	123.075	56.625	152.730917704771
2066174	128.225	56.625	143.86945303359
2066175	128.275	56.625	145.833530578435
2066176	128.325	56.625	141.610694179194
2066177	128.375	56.625	146.743151054752
2067637	-124.625	56.575	153.564925522403
2067638	-124.575	56.575	153.649265340134
2067787	-117.125	56.575	132.746717453008
2067788	-117.075	56.575	132.744798951388
2067882	-112.375	56.575	142.081181137544
2067883	-112.325	56.575	142.081832968947
2067884	-112.275	56.575	142.086401869393
2067885	-112.225	56.575	142.096258704587
2067886	-112.175	56.575	131.643098992186
2067887	-112.125	56.575	142.082830172799
2067888	-112.075	56.575	142.085104041378
2067889	-112.025	56.575	142.078623898471
2067890	-111.975	56.575	142.080556351992
2067891	-111.925	56.575	142.080476408934
2067892	-111.875	56.575	142.085115435494
2067893	-111.825	56.575	142.084200256817
2067894	-111.775	56.575	142.090954351785
2071622	74.625	56.575	133.32391387159
2071623	74.675	56.575	133.272985802027
2071813	84.175	56.575	144.959321397436
2071814	84.225	56.575	122.375498996342
2071825	84.775	56.575	131.742778708313
2071826	84.825	56.575	131.719754227142
2071827	84.875	56.575	131.713657139866
2071828	84.925	56.575	131.703387946043
2071938	90.425	56.575	139.067963482505
2071939	90.475	56.575	139.099418777109
2072005	93.775	56.575	128.00182759397
2072166	101.825	56.575	123.601221772905
2072255	106.275	56.575	143.496146947925
2072438	115.425	56.575	150.463831667265
2072439	115.475	56.575	150.451562234907
2072440	115.525	56.575	150.443870473739
2072441	115.575	56.575	150.438218843478
2072442	115.625	56.575	150.433279670304
2072443	115.675	56.575	150.423949462563
2072557	121.375	56.575	148.427286255604
2072558	121.425	56.575	148.073524124487
2072559	121.475	56.575	148.052086038136
2072560	121.525	56.575	148.047407379039
2072561	121.575	56.575	148.042595476415
2072590	123.025	56.575	153.097658583333
2072591	123.075	56.575	153.622547743171
2072592	123.125	56.575	153.734823148271
2072593	123.175	56.575	153.989732865322
2072594	123.225	56.575	154.493921195323
2072595	123.275	56.575	154.576510916532
2072596	123.325	56.575	154.624859767699
2072597	123.375	56.575	154.967918561756
2072688	127.925	56.575	145.673571546881
2072689	127.975	56.575	145.71251604136
2072693	128.175	56.575	145.797683660137
2072694	128.225	56.575	145.821297694438
2072695	128.275	56.575	144.537130577312
2074158	-124.575	56.525	115.472560358117
2074159	-124.525	56.525	153.683001347375
2074308	-117.075	56.525	132.741679375627
2074397	-112.625	56.525	142.063009311405
2074398	-112.575	56.525	142.068061811568
2074399	-112.525	56.525	142.070408138537
2074400	-112.475	56.525	142.071988028527
2074401	-112.425	56.525	142.074624551593
2074402	-112.375	56.525	142.08225315642
2074405	-112.225	56.525	131.893676208603
2074406	-112.175	56.525	142.081060491025
2078142	74.625	56.525	133.263663611284
2078143	74.675	56.525	133.244003484134
2078144	74.725	56.525	133.237135265196
2078331	84.075	56.525	144.945674043542
2078332	84.125	56.525	144.947245806872
2078333	84.175	56.525	144.947539244787
2078348	84.925	56.525	131.706481847213
2078459	90.475	56.525	139.112710760376
2078524	93.725	56.525	125.201318589323
2078525	93.775	56.525	128.009344074235
2078685	101.775	56.525	131.272397912761
2078686	101.825	56.525	123.607053179202
2078775	106.275	56.525	143.483613876328
2078963	115.675	56.525	150.406803211839
2079080	121.525	56.525	146.676136807808
2079081	121.575	56.525	147.834057649055
2079117	123.375	56.525	154.917395979782
2079118	123.425	56.525	155.009257685672
2079119	123.475	56.525	155.185940920345
2079120	123.525	56.525	155.217375770422
2079121	123.575	56.525	155.12344621674
2079207	127.875	56.525	147.427097328467
2079208	127.925	56.525	145.648790113396
2079209	127.975	56.525	145.713865091639
2079210	128.025	56.525	145.731835914681
2079211	128.075	56.525	148.23634979064
2079212	128.125	56.525	145.755783642625
2079213	128.175	56.525	145.790828636934
2080679	-124.525	56.475	142.994934218263
2080680	-124.475	56.475	153.7061860058
2080827	-117.125	56.475	132.736387431537
2080828	-117.075	56.475	123.41518990304
2080916	-112.675	56.475	142.085387555584
2080917	-112.625	56.475	142.090840535117
2084663	74.675	56.475	133.216336190352
2084664	74.725	56.475	134.293620484669
2084851	84.075	56.475	144.945943236814
2084868	84.925	56.475	131.694812233725
2084978	90.425	56.475	133.683224624952
2084979	90.475	56.475	139.092359798622
2085043	93.675	56.475	125.207356426479
2085044	93.725	56.475	125.204165736176
2085205	101.775	56.475	123.591710388974
2085295	106.275	56.475	143.44065019766
2085483	115.675	56.475	150.378188668198
2085484	115.725	56.475	150.325276396101
2085485	115.775	56.475	150.317518553636
2085600	121.525	56.475	147.811855021229
2085601	121.575	56.475	147.782129715087
2085641	123.575	56.475	155.196798608515
2085642	123.625	56.475	154.149919169581
2085643	123.675	56.475	154.211550776564
2085644	123.725	56.475	154.582405257097
2085645	123.775	56.475	154.891587288697
2085711	127.075	56.475	145.000491628582
2085712	127.125	56.475	145.132550681535
2085713	127.175	56.475	145.138861906836
2085714	127.225	56.475	145.143890384032
2085715	127.275	56.475	145.251086248804
2085716	127.325	56.475	141.928779826369
2085717	127.375	56.475	145.277493420019
2085721	127.575	56.475	145.393556002033
2085722	127.625	56.475	145.408637073097
2085723	127.675	56.475	145.481856051609
2085725	127.775	56.475	145.609548999429
2085726	127.825	56.475	145.615064740672
2085727	127.875	56.475	145.627455805128
2085729	127.975	56.475	145.354427724394
2085730	128.025	56.475	145.622332552601
2085731	128.075	56.475	145.726033904925
2085732	128.125	56.475	145.744779526746
2087200	-124.475	56.425	153.731499225482
2087201	-124.425	56.425	153.775971478618
2087346	-117.175	56.425	132.741350486786
2087347	-117.125	56.425	132.744086647512
2087435	-112.725	56.425	142.084329024716
2087436	-112.675	56.425	142.090596257243
2091183	74.675	56.425	133.170648412943
2091184	74.725	56.425	133.147395253412
2091185	74.775	56.425	133.13826741788
2091371	84.075	56.425	144.939961228174
2091388	84.925	56.425	124.056588295103
2091389	84.975	56.425	131.696539414794
2091498	90.425	56.425	133.525201516933
2091499	90.475	56.425	139.07913218383
2091563	93.675	56.425	125.215559133295
2091725	101.775	56.425	123.590379140663
2091726	101.825	56.425	123.592791269513
2091814	106.225	56.425	143.382186478413
2091815	106.275	56.425	143.397314317303
2092003	115.675	56.425	149.775390448092
2092004	115.725	56.425	149.794558247382
2092005	115.775	56.425	149.813430483095
2092006	115.825	56.425	149.792294326843
2092119	121.475	56.425	147.738540857998
2092120	121.525	56.425	147.758946748621
2092121	121.575	56.425	147.776241217001
2092228	126.925	56.425	145.007522258075
2092229	126.975	56.425	145.028690376291
2092230	127.025	56.425	145.032307752966
2092231	127.075	56.425	145.0053270277
2092232	127.125	56.425	141.594089157938
2092235	127.275	56.425	145.207164286923
2092236	127.325	56.425	145.237352494155
2092237	127.375	56.425	145.286355002675
2092238	127.425	56.425	145.3088263185
2092239	127.475	56.425	145.316723180699
2092240	127.525	56.425	145.368805057977
2092241	127.575	56.425	144.137601568282
2092243	127.675	56.425	142.96200758029
2092244	127.725	56.425	145.477761377395
2092245	127.775	56.425	145.490926881698
2093721	-124.425	56.375	153.802017114171
2093866	-117.175	56.375	132.744131477886
2093956	-112.675	56.375	142.086174599146
2093957	-112.625	56.375	131.917029928841
2097704	74.725	56.375	133.077933532504
2097705	74.775	56.375	133.120142095784
2097706	74.825	56.375	133.318753818451
2097891	84.075	56.375	144.929766429868
2097907	84.875	56.375	122.546584358444
2097908	84.925	56.375	131.680556253381
2097909	84.975	56.375	131.70202833708
2098018	90.425	56.375	139.148839377162
2098019	90.475	56.375	139.136844428358
2098081	93.575	56.375	125.219603581123
2098082	93.625	56.375	125.217568867323
2098083	93.675	56.375	109.956797452691
2098246	101.825	56.375	123.594943465965
2098332	106.125	56.375	143.352249672149
2098333	106.175	56.375	143.357900997391
2098334	106.225	56.375	143.375070728668
2098523	115.675	56.375	149.022246442935
2098639	121.475	56.375	147.734848165237
2098640	121.525	56.375	147.727839105299
2098641	121.575	56.375	148.534498287143
2098746	126.825	56.375	146.538283742268
2098747	126.875	56.375	144.932192041231
2098748	126.925	56.375	141.326375025655
2100241	-124.425	56.325	153.823402316018
2100242	-124.375	56.325	153.829293819336
2100345	-119.225	56.325	121.975290636695
2100346	-119.175	56.325	129.395422547971
2100347	-119.125	56.325	129.397454580506
2100384	-117.275	56.325	132.751655125045
2100385	-117.225	56.325	132.751795158766
2100386	-117.175	56.325	123.729955658202
2100477	-112.625	56.325	142.080342245794
2100478	-112.575	56.325	142.095219706066
2104224	74.725	56.325	133.05624949406
2104225	74.775	56.325	133.016599398495
2104410	84.025	56.325	144.918881029684
2104411	84.075	56.325	144.923759712672
2104427	84.875	56.325	122.809388657586
2104428	84.925	56.325	131.720116932435
2104429	84.975	56.325	121.245202977074
2104539	90.475	56.325	139.199722937251
2104599	93.475	56.325	125.227593855329
2104600	93.525	56.325	125.225188246408
2104601	93.575	56.325	125.221928800869
2104766	101.825	56.325	123.599259324908
2104845	105.775	56.325	143.150289307575
2104846	105.825	56.325	143.157834241583
2104847	105.875	56.325	143.173124710589
2104848	105.925	56.325	143.181847497616
2104849	105.975	56.325	143.188463116962
2104850	106.025	56.325	143.299178884082
2104851	106.075	56.325	143.344329521807
2104852	106.125	56.325	144.296546265405
2105043	115.675	56.325	148.990008823929
2105160	121.525	56.325	147.709065277632
2105161	121.575	56.325	147.723525426911
2105266	126.825	56.325	144.486480945293
2106762	-124.375	56.275	153.831898450243
2106763	-124.325	56.275	153.883936707482
2106764	-124.275	56.275	114.219693963019
2106824	-121.275	56.275	122.382784918894
2106825	-121.225	56.275	123.958659109779
2106826	-121.175	56.275	123.957980558073
2106863	-119.325	56.275	129.409221155084
2106864	-119.275	56.275	129.39546534946
2106865	-119.225	56.275	129.393851864926
2106867	-119.125	56.275	129.398686270068
2106868	-119.075	56.275	129.399559235001
2106869	-119.025	56.275	129.39683197934
2106870	-118.975	56.275	129.402398024979
2106903	-117.325	56.275	132.750451648783
2106904	-117.275	56.275	132.752004657881
2106998	-112.575	56.275	142.093513474907
2106999	-112.525	56.275	132.525396624278
2110744	74.725	56.275	132.960122465768
2110745	74.775	56.275	132.983765550593
2110929	83.975	56.275	144.916009713203
2110930	84.025	56.275	116.404713588698
2110948	84.925	56.275	131.694721332553
2110949	84.975	56.275	122.231658207992
2111053	90.175	56.275	139.188057912474
2111055	90.275	56.275	139.22676850594
2111056	90.325	56.275	139.219709942132
2111057	90.375	56.275	139.244659718293
2111058	90.425	56.275	139.250849412964
2111059	90.475	56.275	139.216934680514
2111118	93.425	56.275	125.22955784658
2111119	93.475	56.275	113.91310987701
2111285	101.775	56.275	123.603453399156
2111286	101.825	56.275	126.527999570727
2111363	105.675	56.275	143.065076391953
2111364	105.725	56.275	143.138845054859
2111365	105.775	56.275	144.393660703553
2111563	115.675	56.275	148.952150514191
2111564	115.725	56.275	136.835841998728
2111681	121.575	56.275	147.369421527964
2111784	126.725	56.275	147.055818759466
2111785	126.775	56.275	144.460646308487
2111786	126.825	56.275	144.478584190175
2113284	-124.275	56.225	153.862720391677
2113285	-124.225	56.225	153.87875952599
2113340	-121.475	56.225	123.968095230328
2113341	-121.425	56.225	123.96720447484
2113342	-121.375	56.225	123.966477428682
2113343	-121.325	56.225	123.965128758188
2113344	-121.275	56.225	123.964232163707
2113346	-121.175	56.225	121.324954623869
2113347	-121.125	56.225	123.95707847615
2113348	-121.075	56.225	123.955917414485
2113349	-121.025	56.225	123.955195840557
2113350	-120.975	56.225	123.953761650021
2113351	-120.925	56.225	124.044534512161
2113378	-119.575	56.225	122.084058535509
2113379	-119.525	56.225	129.409254084836
2113380	-119.475	56.225	129.406393742504
2113381	-119.425	56.225	129.406141972244
2113382	-119.375	56.225	129.411091992305
2113383	-119.325	56.225	121.798670804615
2113390	-118.975	56.225	129.380156591545
2113423	-117.325	56.225	124.315437055884
2113424	-117.275	56.225	132.753016204173
2113519	-112.525	56.225	142.091193067427
2117263	74.675	56.225	132.939692414184
2117264	74.725	56.225	132.908903787234
2117449	83.975	56.225	122.866491197339
2117450	84.025	56.225	144.910638334191
2117467	84.875	56.225	131.647766093884
2117468	84.925	56.225	131.681734799791
2117570	90.025	56.225	132.28535850541
2117571	90.075	56.225	139.15725479097
2117572	90.125	56.225	139.173342933464
2117573	90.175	56.225	131.48251547289
2117574	90.225	56.225	139.2200016129
2117575	90.275	56.225	130.879609457683
2117638	93.425	56.225	125.238194626041
2117805	101.775	56.225	123.610141375839
2117883	105.675	56.225	143.058134332366
2118084	115.725	56.225	148.931739207672
2118085	115.775	56.225	139.51300248293
2118201	121.575	56.225	147.351495399246
2118202	121.625	56.225	147.331223186411
2118203	121.675	56.225	147.315696735466
2118304	126.725	56.225	144.356483688932
2119805	-124.225	56.175	153.901817830085
2119806	-124.175	56.175	153.973722366967
2119857	-121.625	56.175	121.406452116177
2119858	-121.575	56.175	122.86174314301
2119859	-121.525	56.175	122.860417705917
2119860	-121.475	56.175	122.859284570008
2119871	-120.925	56.175	124.044099295012
2119872	-120.875	56.175	124.043254068617
2119873	-120.825	56.175	124.042343594402
2119874	-120.775	56.175	124.041115456024
2119875	-120.725	56.175	124.041192851465
2119893	-119.825	56.175	129.583394706081
2119894	-119.775	56.175	129.584403130661
2119895	-119.725	56.175	129.425151600663
2119896	-119.675	56.175	129.407861667446
2119897	-119.625	56.175	129.409380611427
2119898	-119.575	56.175	129.414097250806
2119910	-118.975	56.175	129.382267840285
2119911	-118.925	56.175	129.395912224074
2119941	-117.425	56.175	129.14681083998
2119942	-117.375	56.175	129.147997103241
2119943	-117.325	56.175	132.846546268405
2120038	-112.575	56.175	132.131991525369
2120039	-112.525	56.175	142.079312115343
2123784	74.725	56.175	132.896456284187
2123969	83.975	56.175	144.903244930983
2123970	84.025	56.175	116.594505790812
2123987	84.875	56.175	131.621948174944
2123988	84.925	56.175	131.626905251187
2124080	89.525	56.175	131.248826576759
2124081	89.575	56.175	139.051904791604
2124082	89.625	56.175	139.084282910895
2124085	89.775	56.175	133.512252605221
2124086	89.825	56.175	139.123207441304
2124087	89.875	56.175	139.128793177778
2124088	89.925	56.175	139.134798203817
2124089	89.975	56.175	139.146108000333
2124090	90.025	56.175	139.159971918214
2124152	93.125	56.175	106.058135179629
2124153	93.175	56.175	125.261004105989
2124154	93.225	56.175	104.589950505551
2124156	93.325	56.175	125.246490483436
2124157	93.375	56.175	125.244002123732
2124158	93.425	56.175	113.906365191434
2124325	101.775	56.175	123.63086419666
2124333	102.175	56.175	115.998140933713
2124334	102.225	56.175	120.541638329983
2124335	102.275	56.175	120.567695857044
2124336	102.325	56.175	120.585790580664
2124337	102.375	56.175	120.60467040456
2124338	102.425	56.175	120.623907922445
2124339	102.475	56.175	114.034311629098
2124340	102.525	56.175	120.671748510849
2124341	102.575	56.175	114.484236471075
2124342	102.625	56.175	120.704682385309
2124343	102.675	56.175	120.726033592752
2124344	102.725	56.175	120.744141436715
2124402	105.625	56.175	143.046692806316
2124403	105.675	56.175	143.028497941747
2124605	115.775	56.175	148.915701003242
2124606	115.825	56.175	148.907828566566
2124722	121.625	56.175	147.311659705242
2124723	121.675	56.175	147.404467767477
2124819	126.475	56.175	144.283180500821
2124820	126.525	56.175	144.300081422797
2124821	126.575	56.175	144.29592497769
2124822	126.625	56.175	144.310860956283
2124823	126.675	56.175	144.347832407558
2124824	126.725	56.175	144.368078954694
2126326	-124.175	56.125	106.914100604804
2126327	-124.125	56.125	154.047666048808
2126328	-124.075	56.125	112.917471193328
2126356	-122.675	56.125	151.097472302184
2126357	-122.625	56.125	151.096744919373
2126358	-122.575	56.125	151.097957850025
2126359	-122.525	56.125	151.113457537826
2126360	-122.475	56.125	151.11724316933
2126361	-122.425	56.125	151.12297474295
2126362	-122.375	56.125	151.12989135226
2126373	-121.825	56.125	121.43742443477
2126374	-121.775	56.125	122.868028519004
2126375	-121.725	56.125	122.868348134801
2126376	-121.675	56.125	122.866538030133
2126377	-121.625	56.125	122.863961415047
2126395	-120.725	56.125	129.982127345467
2126396	-120.675	56.125	129.977511494169
2126397	-120.625	56.125	129.977937683636
2126398	-120.575	56.125	129.976032146788
2126399	-120.525	56.125	129.976799304091
2126400	-120.475	56.125	129.96719396443
2126401	-120.425	56.125	129.969272412209
2126402	-120.375	56.125	131.624311690735
2126403	-120.325	56.125	130.084256947293
2126404	-120.275	56.125	130.083286297342
2126405	-120.225	56.125	123.13673270783
2126407	-120.125	56.125	123.304172604733
2126408	-120.075	56.125	129.825443601697
2126409	-120.025	56.125	129.827063900486
2126410	-119.975	56.125	129.819811694917
2126411	-119.925	56.125	129.587405646275
2126412	-119.875	56.125	129.589767138328
2126413	-119.825	56.125	121.605726322051
2126431	-118.925	56.125	129.398835553148
2126432	-118.875	56.125	129.403228002308
2126459	-117.525	56.125	129.15324547016
2126460	-117.475	56.125	129.154493686
2126461	-117.425	56.125	142.608740012669
2126558	-112.575	56.125	142.183854774479
2130302	74.625	56.125	129.504697327562
2130303	74.675	56.125	128.951904830156
2130304	74.725	56.125	128.451154667512
2130305	74.775	56.125	132.859470623529
2130488	83.925	56.125	144.893647435389
2130489	83.975	56.125	144.89803624315
2130508	84.925	56.125	120.233255293589
2130509	84.975	56.125	131.594123044608
2130599	89.475	56.125	139.028466167625
2130600	89.525	56.125	139.046011117179
2130601	89.575	56.125	139.073057760447
2130602	89.625	56.125	139.085623384746
2130603	89.675	56.125	139.08843191317
2130604	89.725	56.125	139.107823612964
2130605	89.775	56.125	139.118062264627
2130609	89.975	56.125	140.314387150518
2130610	90.025	56.125	140.307329454199
2130672	93.125	56.125	125.262571023232
2130673	93.175	56.125	125.266426722164
2130674	93.225	56.125	125.259603111483
2130675	93.275	56.125	125.249547229057
2130676	93.325	56.125	116.837872672565
2130845	101.775	56.125	124.374674444299
2130846	101.825	56.125	125.16463191652
2130848	101.925	56.125	121.087933169054
2130849	101.975	56.125	120.984918185452
2130850	102.025	56.125	120.472737421049
2130851	102.075	56.125	120.492248236097
2130852	102.125	56.125	120.506576624434
2130853	102.175	56.125	120.523764743509
2130864	102.725	56.125	118.428444233723
2130865	102.775	56.125	116.104034529654
2130866	102.825	56.125	116.288704585562
2130867	102.875	56.125	120.794083081348
2130923	105.675	56.125	143.023367983772
2130924	105.725	56.125	142.851094156653
2130925	105.775	56.125	142.84114133884
2130926	105.825	56.125	142.830257483003
2131125	115.775	56.125	148.84369375228
2131126	115.825	56.125	148.905514274394
2131242	121.625	56.125	147.292168993261
2131337	126.375	56.125	144.110578285303
2131338	126.425	56.125	144.152891965476
2131339	126.475	56.125	142.463285307167
2132848	-124.075	56.075	153.525518704537
2132849	-124.025	56.075	153.532018694886
2132868	-123.075	56.075	151.044273153491
2132869	-123.025	56.075	151.048230044358
2132870	-122.975	56.075	151.044148033212
2132871	-122.925	56.075	151.05208466607
2132872	-122.875	56.075	151.055222185831
2132873	-122.825	56.075	151.058971876448
2132874	-122.775	56.075	151.07793058747
2132875	-122.725	56.075	151.094679711736
2132876	-122.675	56.075	135.550214888304
2132882	-122.375	56.075	128.666614731008
2132883	-122.325	56.075	151.133277220993
2132884	-122.275	56.075	151.139788210544
2132885	-122.225	56.075	151.183640868716
2132892	-121.875	56.075	122.084175636368
2132893	-121.825	56.075	122.870509024803
2132922	-120.375	56.075	130.083458243353
2132923	-120.325	56.075	123.114856343315
2132924	-120.275	56.075	123.299722430022
2132925	-120.225	56.075	130.083752741475
2132926	-120.175	56.075	129.86963176573
2132927	-120.125	56.075	129.86980501416
2132951	-118.925	56.075	129.401813133001
2132952	-118.875	56.075	122.391203227927
2132976	-117.675	56.075	123.910897014556
2132977	-117.625	56.075	129.152477631883
2132978	-117.575	56.075	129.155748510811
2132979	-117.525	56.075	123.630904942212
2133077	-112.625	56.075	142.185319911421
2133078	-112.575	56.075	142.187973414455
2136824	74.725	56.075	132.0670545189
2136825	74.775	56.075	132.842909505102
2137007	83.875	56.075	144.89714259585
2137008	83.925	56.075	116.639340358288
2137027	84.875	56.075	120.409438633532
2137028	84.925	56.075	131.584702454058
2137029	84.975	56.075	131.559717689171
2137115	89.275	56.075	139.052531210393
2137116	89.325	56.075	139.004397086186
2137117	89.375	56.075	139.010735550527
2137118	89.425	56.075	139.014161521647
2137119	89.475	56.075	139.024285085559
2137124	89.725	56.075	140.310988968832
2137125	89.775	56.075	140.298991344158
2137126	89.825	56.075	140.336119094966
2137127	89.875	56.075	140.331111673507
2137128	89.925	56.075	140.321271711266
2137129	89.975	56.075	132.535938595547
2137130	90.025	56.075	140.300758879968
2137131	90.075	56.075	140.301577043132
2137132	90.125	56.075	140.341042744936
2137133	90.175	56.075	140.350609781493
2137134	90.225	56.075	140.354904587538
2137135	90.275	56.075	140.335934707799
2137136	90.325	56.075	140.339206206989
2137137	90.375	56.075	140.33314414372
2137190	93.025	56.075	125.281482143232
2137191	93.075	56.075	125.279374649503
2137192	93.125	56.075	125.270520086941
2137193	93.175	56.075	125.268035866485
2137366	101.825	56.075	124.397715196081
2137367	101.875	56.075	124.721952850695
2137368	101.925	56.075	120.436862150526
2137387	102.875	56.075	119.824362636542
2137388	102.925	56.075	120.827736522432
2137446	105.825	56.075	142.82267246135
2137645	115.775	56.075	148.839510719366
2137761	121.575	56.075	147.228726068928
2137762	121.625	56.075	147.264021353773
2137857	126.375	56.075	144.198379835137
2139369	-124.025	56.025	153.567195827037
2139370	-123.975	56.025	153.641830646501
2139371	-123.925	56.025	112.064841798177
2139372	-123.875	56.025	150.861794984252
2139373	-123.825	56.025	150.865373980307
2139374	-123.775	56.025	150.863410088255
2139375	-123.725	56.025	150.865356291002
2139376	-123.675	56.025	150.894751914263
2139377	-123.625	56.025	150.899092235446
2139378	-123.575	56.025	150.902711237146
2139379	-123.525	56.025	150.916451167864
2139380	-123.475	56.025	150.924753517184
2139381	-123.425	56.025	150.92946074259
2139382	-123.375	56.025	150.945332416056
2139383	-123.325	56.025	150.96066429152
2139387	-123.125	56.025	150.994471757227
2139388	-123.075	56.025	151.001752992143
2139405	-122.225	56.025	122.834448174941
2139406	-122.175	56.025	151.181927013088
2139410	-121.975	56.025	122.877921770029
2139411	-121.925	56.025	122.876619032349
2139412	-121.875	56.025	122.875245278396
2139471	-118.925	56.025	129.401921219853
2139472	-118.875	56.025	129.355202101325
2139473	-118.825	56.025	129.36001757305
2139494	-117.775	56.025	129.150385486914
2139495	-117.725	56.025	129.152993532684
2139496	-117.675	56.025	129.154823060647
2139597	-112.625	56.025	142.186634952859
2143344	74.725	56.025	132.826013067532
2143527	83.875	56.025	144.883643700394
2143547	84.875	56.025	131.573099374357
2143548	84.925	56.025	131.558353548463
2143634	89.225	56.025	139.101800784691
2143635	89.275	56.025	139.114303357887
2143637	89.375	56.025	139.007907499093
2143640	89.525	56.025	133.912389025082
2143641	89.575	56.025	140.311993098427
2143642	89.625	56.025	140.30173859682
2143643	89.675	56.025	140.298277785359
2143644	89.725	56.025	132.369636664357
2143654	90.225	56.025	140.350112312249
2143655	90.275	56.025	140.343825170416
2143657	90.375	56.025	123.982957325592
2143658	90.425	56.025	140.349639776731
2143659	90.475	56.025	140.400263952056
2143660	90.525	56.025	140.413228036679
2143661	90.575	56.025	140.411341746073
2143662	90.625	56.025	140.401587500709
2143663	90.675	56.025	140.398348476976
2143664	90.725	56.025	141.929111698923
2143665	90.775	56.025	141.940511333694
2143666	90.825	56.025	141.959596432178
2143667	90.875	56.025	141.942264118169
2143668	90.925	56.025	141.956002537076
2143669	90.975	56.025	141.998420356074
2143670	91.025	56.025	131.67801642635
2143707	92.875	56.025	125.295100860204
2143708	92.925	56.025	125.289518173899
2143709	92.975	56.025	125.285967881371
2143710	93.025	56.025	117.237178323625
2143908	102.925	56.025	115.211438859071
2143909	102.975	56.025	120.855783431847
2143966	105.825	56.025	142.163895238597
2143967	105.875	56.025	142.757263965672
2144165	115.775	56.025	148.752415829108
2144281	121.575	56.025	147.201693653789
2144282	121.625	56.025	147.18953500948
2144377	126.375	56.025	144.2034915842
2144378	126.425	56.025	144.226090461782
2145903	-123.325	55.975	145.31914572172
2145904	-123.275	55.975	150.959966676603
2145905	-123.225	55.975	150.987109496695
2145906	-123.175	55.975	150.98536569319
2145907	-123.125	55.975	150.991776297072
2145925	-122.225	55.975	122.834504489356
2145926	-122.175	55.975	122.834074931755
2145927	-122.125	55.975	122.878645245257
2145928	-122.075	55.975	122.877011246764
2145929	-122.025	55.975	122.875222703188
2145930	-121.975	55.975	122.878319953552
2145993	-118.825	55.975	129.365753473211
2145994	-118.775	55.975	122.403790342641
2146012	-117.875	55.975	129.149997746831
2146013	-117.825	55.975	129.147414397201
2146014	-117.775	55.975	129.149940889031
2146116	-112.675	55.975	142.175728140873
2146117	-112.625	55.975	142.180385513683
2149863	74.675	55.975	132.793284674284
2149864	74.725	55.975	133.272582384848
2150046	83.825	55.975	144.874289159927
2150047	83.875	55.975	144.885920822052
2150068	84.925	55.975	131.524653457035
2150069	84.975	55.975	131.615234970064
2150154	89.225	55.975	131.291451946815
2150155	89.275	55.975	139.138634019057
2150157	89.375	55.975	140.122176745481
2150158	89.425	55.975	140.317531698337
2150159	89.475	55.975	140.313800581566
2150160	89.525	55.975	140.311270867976
2150190	91.025	55.975	142.007011567101
2150191	91.075	55.975	142.230875718028
2150216	92.325	55.975	124.936421475252
2150217	92.375	55.975	124.934713353986
2150218	92.425	55.975	124.933210546602
2150219	92.475	55.975	125.323612603675
2150220	92.525	55.975	125.322456736901
2150221	92.575	55.975	125.319977589087
2150222	92.625	55.975	125.318743663362
2150223	92.675	55.975	125.317099909624
2150224	92.725	55.975	125.315390410351
2150225	92.775	55.975	125.312247516922
2150226	92.825	55.975	125.309367995172
2150227	92.875	55.975	118.515925967991
2150429	102.975	55.975	120.871764416307
2150486	105.825	55.975	141.997131435551
2150487	105.875	55.975	141.85157880561
2150685	115.775	55.975	148.744737051363
2150686	115.825	55.975	148.738551545761
2150687	115.875	55.975	148.735676332569
2150800	121.525	55.975	147.155048462225
2150801	121.575	55.975	147.184361928574
2150895	126.275	55.975	144.169746611399
2150896	126.325	55.975	144.135205868135
2150897	126.375	55.975	144.200036931168
2152514	-118.775	55.925	129.365986705619
2152515	-118.725	55.925	129.366480976591
2152516	-118.675	55.925	129.332326685828
2152517	-118.625	55.925	129.243855689069
2152518	-118.575	55.925	129.243410105511
2152519	-118.525	55.925	129.241704506389
2152520	-118.475	55.925	129.242799926628
2152521	-118.425	55.925	129.242718477307
2152522	-118.375	55.925	129.241965594492
2152523	-118.325	55.925	129.24183981294
2152524	-118.275	55.925	129.242888790077
2152525	-118.225	55.925	129.240318926784
2152526	-118.175	55.925	129.225160056295
2152527	-118.125	55.925	129.154521151348
2152528	-118.075	55.925	129.154947948693
2152529	-118.025	55.925	129.155535694612
2152530	-117.975	55.925	129.156426556406
2152531	-117.925	55.925	129.155298413254
2152532	-117.875	55.925	129.156534004591
2152636	-112.675	55.925	142.171990748602
2152637	-112.625	55.925	142.177503336299
2156382	74.625	55.925	132.77248421687
2156383	74.675	55.925	130.865103312842
2156567	83.875	55.925	144.871327802356
2156589	84.975	55.925	120.040947863675
2156590	85.025	55.925	131.608440350284
2156675	89.275	55.925	139.146016921652
2156676	89.325	55.925	140.131492779224
2156677	89.375	55.925	140.126456638712
2156710	91.025	55.925	142.265338992739
2156711	91.075	55.925	142.28041862549
2156735	92.275	55.925	124.938191447971
2156736	92.325	55.925	119.871629495044
2156949	102.975	55.925	120.891724861928
2156950	103.025	55.925	124.447368230056
2157005	105.775	55.925	142.654550667092
2157006	105.825	55.925	141.972788605779
2157207	115.875	55.925	148.731521471302
2157208	115.925	55.925	142.788621431961
2157319	121.475	55.925	147.131377395824
2157320	121.525	55.925	147.14740225531
2157406	125.825	55.925	144.061622790445
2157407	125.875	55.925	143.982985714473
2157408	125.925	55.925	143.991811704246
2157409	125.975	55.925	143.984952261331
2157410	126.025	55.925	144.007553984021
2157411	126.075	55.925	144.015834922872
2157412	126.125	55.925	144.088220053455
2157413	126.175	55.925	143.993553019234
2157414	126.225	55.925	144.062637503989
2157415	126.275	55.925	144.159658618273
2159156	-112.675	55.875	142.17996882206
2159157	-112.625	55.875	142.175148230365
2162900	74.525	55.875	132.711430482809
2162901	74.575	55.875	132.730645575267
2162902	74.625	55.875	132.526999680042
2163086	83.825	55.875	113.53957886204
2163087	83.875	55.875	144.856371593432
2163109	84.975	55.875	131.520388926143
2163110	85.025	55.875	131.559341411869
2163230	91.025	55.875	142.283492151243
2163231	91.075	55.875	142.256962738244
2163254	92.225	55.875	137.817240611249
2163255	92.275	55.875	137.822596950573
2163470	103.025	55.875	118.292722244992
2163525	105.775	55.875	141.94644452611
2163726	115.825	55.875	148.733276874249
2163727	115.875	55.875	148.74138449867
2163840	121.525	55.875	147.12597808655
2163841	121.575	55.875	147.110100865511
2163920	125.525	55.875	144.270167086459
2163921	125.575	55.875	144.301175612427
2163922	125.625	55.875	144.193487180064
2163923	125.675	55.875	144.511349537589
2163924	125.725	55.875	144.31451836831
2163925	125.775	55.875	144.251993777661
2163926	125.825	55.875	144.178501079335
2165677	-112.625	55.825	142.174818976384
2169418	74.425	55.825	133.270542771599
2169419	74.475	55.825	132.693908918963
2169420	74.525	55.825	132.703913779774
2169605	83.775	55.825	113.045473427115
2169606	83.825	55.825	144.847795865124
2169628	84.925	55.825	131.511284414075
2169629	84.975	55.825	119.694160755275
2169750	91.025	55.825	142.418947919595
2169774	92.225	55.825	137.825483439525
2169775	92.275	55.825	137.820615851564
2169990	103.025	55.825	120.926431836144
2169991	103.075	55.825	120.939567044749
2170045	105.775	55.825	141.812739023965
2170246	115.825	55.825	148.732076594289
2170361	121.575	55.825	147.084312295695
2170362	121.625	55.825	147.101536009321
2170440	125.525	55.825	146.299716613668
2170443	125.675	55.825	143.668679972837
2170444	125.725	55.825	143.680683250521
2172197	-112.625	55.775	142.209263315596
2175938	74.425	55.775	132.687901378038
2176124	83.725	55.775	144.833538921368
2176125	83.775	55.775	144.839689211594
2176148	84.925	55.775	131.469467299223
2176269	90.975	55.775	132.924277162108
2176270	91.025	55.775	142.395826275784
2176295	92.275	55.775	137.818810105285
2176296	92.325	55.775	137.813298470828
2176297	92.375	55.775	137.809261552378
2176298	92.425	55.775	137.809486096742
2176511	103.075	55.775	121.910454264509
2176512	103.125	55.775	120.944348415021
2176565	105.775	55.775	141.747949452647
2176766	115.825	55.775	148.727979720684
2176767	115.875	55.775	139.491198491274
2176880	121.525	55.775	147.063134493072
2176881	121.575	55.775	147.076840941368
2176960	125.525	55.775	147.280821706244
2178716	-112.675	55.725	142.230606956239
2178717	-112.625	55.725	142.232519753765
2178718	-112.575	55.725	131.646410772382
2182448	73.925	55.725	133.774383489977
2182449	73.975	55.725	132.575723273454
2182450	74.025	55.725	132.584360831087
2182451	74.075	55.725	132.593689554902
2182452	74.125	55.725	132.605323437523
2182453	74.175	55.725	132.616655156192
2182454	74.225	55.725	132.624606438964
2182455	74.275	55.725	132.636262954019
2182456	74.325	55.725	132.64222138333
2182457	74.375	55.725	132.658569468941
2182458	74.425	55.725	133.330898518495
2182642	83.625	55.725	144.835020881761
2182643	83.675	55.725	144.837197887483
2182644	83.725	55.725	144.83002854728
2182668	84.925	55.725	119.60018348502
2182669	84.975	55.725	131.448773386548
2182670	85.025	55.725	131.440301573211
2182671	85.075	55.725	131.431313178337
2182677	85.375	55.725	121.200359101625
2182678	85.425	55.725	131.362864390288
2182679	85.475	55.725	131.354203518167
2182789	90.975	55.725	142.443809826155
2182790	91.025	55.725	142.563516656905
2182791	91.075	55.725	142.564275542845
2182818	92.425	55.725	106.715414761031
2182819	92.475	55.725	137.80685243679
2183032	103.125	55.725	121.419779419811
2183033	103.175	55.725	120.954465184663
2183083	105.675	55.725	141.646664129473
2183084	105.725	55.725	141.689335435049
2183085	105.775	55.725	140.777974652197
2183286	115.825	55.725	148.474973563951
2183287	115.875	55.725	148.479949923024
2183395	121.275	55.725	147.022285283216
2183397	121.375	55.725	145.749568676418
2183400	121.525	55.725	147.047945822269
2183401	121.575	55.725	147.061645336126
2185234	-112.775	55.675	142.221028585392
2185235	-112.725	55.675	142.223823229624
2185236	-112.675	55.675	142.229474700906
2188967	73.875	55.675	132.549405346086
2188968	73.925	55.675	132.563221486694
2189162	83.625	55.675	144.827059608879
2189191	85.075	55.675	120.019527129673
2189192	85.125	55.675	131.429841251724
2189193	85.175	55.675	131.402543300488
2189194	85.225	55.675	131.38909692923
2189195	85.275	55.675	131.376912112059
2189196	85.325	55.675	131.374453422517
2189197	85.375	55.675	131.373433495677
2189199	85.475	55.675	121.03613706204
2189200	85.525	55.675	131.338854279605
2189201	85.575	55.675	131.307220806007
2189202	85.625	55.675	131.293565453055
2189310	91.025	55.675	142.579281462017
2189311	91.075	55.675	142.56574516725
2189339	92.475	55.675	137.802861221156
2189553	103.175	55.675	117.395057052294
2189602	105.625	55.675	141.600214014301
2189603	105.675	55.675	141.626023074452
2189806	115.825	55.675	148.468266140263
2189807	115.875	55.675	148.45760071075
2189808	115.925	55.675	148.449371915738
2189912	121.125	55.675	146.996433115715
2189913	121.175	55.675	147.006572004901
2189914	121.225	55.675	147.011947593234
2189915	121.275	55.675	147.025331423895
2189916	121.325	55.675	147.02625789107
2189917	121.375	55.675	147.028749359393
2189918	121.425	55.675	147.033014353596
2189919	121.475	55.675	147.047264521248
2189920	121.525	55.675	145.419157032342
2191754	-112.775	55.625	142.228723985046
2195482	73.625	55.625	132.506135625336
2195483	73.675	55.625	132.514801312374
2195484	73.725	55.625	132.522418831902
2195485	73.775	55.625	132.530190804202
2195486	73.825	55.625	132.543882233312
2195487	73.875	55.625	132.160823073336
2195682	83.625	55.625	144.813494298978
2195683	83.675	55.625	144.81923457658
2195722	85.625	55.625	120.860318666214
2195723	85.675	55.625	131.309658297628
2195724	85.725	55.625	131.279070741212
2195830	91.025	55.625	142.587088904779
2195831	91.075	55.625	142.586721308226
2195835	91.275	55.625	135.426125460499
2195859	92.475	55.625	137.79841491387
2196073	103.175	55.625	120.992524256953
2196122	105.625	55.625	141.590347093738
2196327	115.875	55.625	148.472315932966
2196328	115.925	55.625	142.322065189611
2196426	120.825	55.625	146.848563245489
2196427	120.875	55.625	146.870594129105
2196428	120.925	55.625	145.046419853047
2196429	120.975	55.625	146.902847646312
2196430	121.025	55.625	146.9244894266
2196431	121.075	55.625	146.969925968823
2196432	121.125	55.625	146.984622131268
2198274	-112.775	55.575	142.222533687538
2201999	73.475	55.575	132.41590452855
2202000	73.525	55.575	132.42190680333
2202001	73.575	55.575	132.437433612163
2202002	73.625	55.575	131.964166906486
2202200	83.525	55.575	144.804411885505
2202201	83.575	55.575	144.812611737721
2202202	83.625	55.575	115.46342088154
2202244	85.725	55.575	119.80958279356
2202245	85.775	55.575	131.377713052969
2202246	85.825	55.575	131.362085797096
2202351	91.075	55.575	133.456019575883
2202352	91.125	55.575	132.241801719946
2202353	91.175	55.575	142.660863801135
2202354	91.225	55.575	142.678159488066
2202355	91.275	55.575	142.781202285041
2202356	91.325	55.575	142.799243583206
2202357	91.375	55.575	142.802738470887
2202358	91.425	55.575	142.880697019258
2202359	91.475	55.575	132.687954564376
2202378	92.425	55.575	137.787850810565
2202379	92.475	55.575	137.792039803884
2202593	103.175	55.575	120.999045455387
2202640	105.525	55.575	143.169619522245
2202641	105.575	55.575	141.469465575073
2202642	105.625	55.575	141.805042829837
2202847	115.875	55.575	148.459204325433
2202848	115.925	55.575	148.438145726522
2202945	120.775	55.575	146.831720629906
2202946	120.825	55.575	146.842353799633
2202947	120.875	55.575	146.841863583131
2202948	120.925	55.575	146.885075258245
2202949	120.975	55.575	144.585882888521
2202950	121.025	55.575	146.916285174993
2204794	-112.775	55.525	142.214097579303
2208518	73.425	55.525	135.64553608321
2208519	73.475	55.525	132.405805786685
2208718	83.425	55.525	144.796924972269
2208719	83.475	55.525	144.798443322461
2208720	83.525	55.525	144.801757350638
2208766	85.825	55.525	131.368950862064
2208767	85.875	55.525	131.34666898264
2208768	85.925	55.525	121.484527863571
2208879	91.475	55.525	142.936817915452
2208880	91.525	55.525	142.935996643916
2208881	91.575	55.525	134.81120936208
2208898	92.425	55.525	137.791278635134
2209113	103.175	55.525	121.009002135592
2209160	105.525	55.525	141.185645040645
2209161	105.575	55.525	141.158449098323
2209367	115.875	55.525	148.434774474772
2209463	120.675	55.525	145.519781065954
2209464	120.725	55.525	146.815836217962
2209465	120.775	55.525	146.826299902086
2211314	-112.775	55.475	142.203389006675
2215036	73.325	55.475	132.361369839046
2215037	73.375	55.475	132.369204390222
2215038	73.425	55.475	132.374623423287
2215039	73.475	55.475	132.390606031644
2215234	83.225	55.475	113.464298983658
2215235	83.275	55.475	144.787678960756
2215236	83.325	55.475	144.790984515941
2215237	83.375	55.475	111.290423194349
2215238	83.425	55.475	115.76775649689
2215288	85.925	55.475	131.371941971991
2215401	91.575	55.475	143.126906953384
2215402	91.625	55.475	143.114440463106
2215417	92.375	55.475	137.787861599435
2215418	92.425	55.475	112.415130569441
2215633	103.175	55.475	121.021364971238
2215679	105.475	55.475	141.958968018755
2215680	105.525	55.475	141.147478663929
2215887	115.875	55.475	148.41781842802
2215888	115.925	55.475	148.408407887114
2215889	115.975	55.475	143.40622125424
2215981	120.575	55.475	146.779480126438
2215982	120.625	55.475	146.788066364377
2215983	120.675	55.475	146.811587820273
2217834	-112.775	55.425	132.626218435504
2217835	-112.725	55.425	142.205258409894
2221554	73.225	55.425	130.010608458127
2221555	73.275	55.425	132.331889078738
2221556	73.325	55.425	132.341980465259
2221746	82.825	55.425	144.769516885332
2221747	82.875	55.425	144.769594138361
2221748	82.925	55.425	144.769859349693
2221749	82.975	55.425	113.299325749509
2221750	83.025	55.425	144.776978937927
2221751	83.075	55.425	144.779867064355
2221752	83.125	55.425	144.784080691703
2221753	83.175	55.425	144.786000226703
2221754	83.225	55.425	144.78626372902
2221808	85.925	55.425	131.345256105935
2221809	85.975	55.425	119.547464356504
2221921	91.575	55.425	143.124151486825
2221936	92.325	55.425	137.791913888714
2221937	92.375	55.425	102.608934984936
2222153	103.175	55.425	120.274855234346
2222154	103.225	55.425	121.033132283304
2222199	105.475	55.425	141.051898088901
2222408	115.925	55.425	148.39710488142
2222409	115.975	55.425	148.404717447167
2222492	120.125	55.425	147.247066127663
2222493	120.175	55.425	147.251008228946
2222494	120.225	55.425	147.25673760666
2222495	120.275	55.425	147.693468996278
2222496	120.325	55.425	147.6952324779
2222497	120.375	55.425	147.699904592446
2222498	120.425	55.425	144.706239782467
2222500	120.525	55.425	146.749575758122
2222501	120.575	55.425	146.76645071195
2222502	120.625	55.425	145.122095273461
2224355	-112.725	55.375	142.19908101907
2228073	73.175	55.375	132.30481914155
2228074	73.225	55.375	132.326234888714
2228266	82.825	55.375	144.823398754233
2228329	85.975	55.375	131.328517384645
2228330	86.025	55.375	131.287940844006
2228331	86.075	55.375	131.272634105783
2228332	86.125	55.375	131.322606989404
2228333	86.175	55.375	131.311236899672
2228334	86.225	55.375	131.306079048198
2228441	91.575	55.375	143.214407991319
2228442	91.625	55.375	143.130966749012
2228455	92.275	55.375	104.17106891272
2228456	92.325	55.375	137.782278118041
2228674	103.225	55.375	116.465339195336
2228675	103.275	55.375	121.048471513985
2228719	105.475	55.375	141.016442068606
2228928	115.925	55.375	148.398426601605
2228929	115.975	55.375	148.538056039348
2228930	116.025	55.375	148.534504305285
2228931	116.075	55.375	148.518214236828
2228932	116.125	55.375	148.497035668445
2228933	116.175	55.375	148.493742723979
2228934	116.225	55.375	148.498332910578
2228935	116.275	55.375	148.496201216518
2228936	116.325	55.375	144.386968016557
2228937	116.375	55.375	144.383155637561
2229011	120.075	55.375	147.221269366665
2229012	120.125	55.375	147.234336803063
2229018	120.425	55.375	147.7014569659
2229019	120.475	55.375	147.72494052911
2229020	120.525	55.375	145.146857999669
2230875	-112.725	55.325	133.346017102025
2230876	-112.675	55.325	142.186615648022
2234590	73.025	55.325	132.2707478432
2234591	73.075	55.325	132.279730033131
2234592	73.125	55.325	132.287514253633
2234593	73.175	55.325	132.298415830171
2234786	82.825	55.325	144.810099771895
2234787	82.875	55.325	144.798621484359
2234854	86.225	55.325	131.361518635963
2234959	91.475	55.325	131.533729096426
2234960	91.525	55.325	143.211856494941
2234961	91.575	55.325	143.216092587418
2234974	92.225	55.325	137.759345943447
2234975	92.275	55.325	137.787035887679
2235195	103.275	55.325	121.316043382374
2235196	103.325	55.325	121.065203349677
2235238	105.425	55.325	142.163096602582
2235239	105.475	55.325	140.980062023984
2235451	116.075	55.325	141.36142769361
2235452	116.125	55.325	148.512183561119
2235457	116.375	55.325	140.774620650876
2235458	116.425	55.325	144.379619269659
2235459	116.475	55.325	144.368206307592
2235528	119.925	55.325	146.135282206295
2235529	119.975	55.325	147.225236930248
2235530	120.025	55.325	147.222898979588
2235531	120.075	55.325	147.219115017771
2237375	-113.725	55.275	142.440258312482
2237376	-113.675	55.275	142.447102977675
2237394	-112.775	55.275	142.173659853541
2237395	-112.725	55.275	142.180192163839
2237396	-112.675	55.275	132.869757311681
2241109	72.975	55.275	131.942363759788
2241110	73.025	55.275	132.262094238462
2241111	73.075	55.275	132.193414858398
2241112	73.125	55.275	132.179515000358
2241113	73.175	55.275	132.157924677428
2241307	82.875	55.275	144.796895633092
2241374	86.225	55.275	119.844647156193
2241375	86.275	55.275	131.349731599085
2241476	91.325	55.275	143.625442890909
2241477	91.375	55.275	143.628207862381
2241478	91.425	55.275	143.603136142795
2241479	91.475	55.275	143.523267565084
2241493	92.175	55.275	137.749216125025
2241494	92.225	55.275	137.756867821999
2241716	103.325	55.275	121.075409431572
2241758	105.425	55.275	140.951075539324
2241978	116.425	55.275	144.369983812902
2241979	116.475	55.275	144.344500125595
2242048	119.925	55.275	147.224071317538
2242049	119.975	55.275	147.19685944365
2243892	-113.875	55.225	130.038863504105
2243893	-113.825	55.225	142.431653597596
2243894	-113.775	55.225	142.435872269488
2243895	-113.725	55.225	130.7087912112
2243896	-113.675	55.225	142.45519198706
2243897	-113.625	55.225	142.446732977262
2243913	-112.825	55.225	142.171626597795
2243914	-112.775	55.225	131.664488255059
2247629	72.975	55.225	132.241462797395
2247630	73.025	55.225	132.221883553028
2247631	73.075	55.225	132.206131797025
2247633	73.175	55.225	132.148028236264
2247634	73.225	55.225	129.411422278175
2247827	82.875	55.225	144.803991213976
2247895	86.275	55.225	131.328252277999
2247896	86.325	55.225	131.304991403761
2247992	91.125	55.225	143.698661173599
2247993	91.175	55.225	143.698360209993
2247994	91.225	55.225	143.684432825432
2247995	91.275	55.225	143.621025017673
2247996	91.325	55.225	143.629075454313
2248011	92.075	55.225	137.716465972329
2248012	92.125	55.225	137.718120154084
2248013	92.175	55.225	137.742756070638
2248236	103.325	55.225	121.085225073519
2248278	105.425	55.225	140.805389879491
2248499	116.475	55.225	144.371204156856
2248500	116.525	55.225	144.358711723483
2248566	119.825	55.225	146.146859219927
2248567	119.875	55.225	147.186814712989
2248568	119.925	55.225	147.190415364104
2248569	119.975	55.225	147.205332806803
2250408	-114.075	55.175	142.414469474375
2250409	-114.025	55.175	142.419217772741
2250410	-113.975	55.175	142.417273366309
2250411	-113.925	55.175	142.423738873054
2250412	-113.875	55.175	142.435738430899
2250417	-113.625	55.175	142.458416733847
2250418	-113.575	55.175	142.463157266652
2250433	-112.825	55.175	142.162336287096
2254153	73.175	55.175	132.115631114466
2254154	73.225	55.175	132.134415833492
2254346	82.825	55.175	144.801796696924
2254347	82.875	55.175	144.800275946315
2254416	86.325	55.175	120.101005865604
2254417	86.375	55.175	131.293735237696
2254420	86.525	55.175	120.938634420449
2254421	86.575	55.175	131.435498177273
2254422	86.625	55.175	131.412702100547
2254504	90.725	55.175	144.003266966117
2254510	91.025	55.175	143.840065835302
2254511	91.075	55.175	143.85078730321
2254512	91.125	55.175	127.036395193344
2254527	91.875	55.175	137.679781537376
2254528	91.925	55.175	137.696305554404
2254529	91.975	55.175	137.700201557713
2254530	92.025	55.175	137.70241732669
2254531	92.075	55.175	137.709737563993
2254756	103.325	55.175	121.09482164095
2254794	105.225	55.175	141.490440329049
2254795	105.275	55.175	140.745008957368
2254796	105.325	55.175	140.752542086874
2254797	105.375	55.175	140.755601833414
2254798	105.425	55.175	140.788262738251
2255020	116.525	55.175	139.946070472606
2255021	116.575	55.175	144.357941705946
2255022	116.625	55.175	144.343584315259
2255086	119.825	55.175	147.161593004345
2256928	-114.075	55.125	143.954392899337
2256929	-114.025	55.125	131.553568873163
2256938	-113.575	55.125	142.468601774098
2256952	-112.875	55.125	142.155865059836
2256953	-112.825	55.125	142.160615323231
2260672	73.125	55.125	132.085885760804
2260673	73.175	55.125	132.106439143448
2260865	82.775	55.125	144.800520503446
2260866	82.825	55.125	110.328776821554
2260936	86.325	55.125	131.289683189912
2260937	86.375	55.125	119.488728960182
2260938	86.425	55.125	131.453795297841
2260939	86.475	55.125	131.435091790133
2260940	86.525	55.125	131.427893591489
2260942	86.625	55.125	131.4023249772
2260943	86.675	55.125	131.387971213596
2260944	86.725	55.125	131.402242896614
2260945	86.775	55.125	121.702164722237
2261007	89.875	55.125	125.34042732712
2261008	89.925	55.125	144.659118441254
2261009	89.975	55.125	144.659781743259
2261010	90.025	55.125	144.661531231102
2261011	90.075	55.125	144.657581390075
2261012	90.125	55.125	144.649476927176
2261013	90.175	55.125	129.995816698802
2261014	90.225	55.125	130.346750489409
2261020	90.525	55.125	131.119154479983
2261021	90.575	55.125	144.171043591348
2261022	90.625	55.125	144.00470305489
2261023	90.675	55.125	143.988317082239
2261024	90.725	55.125	144.014345224984
2261025	90.775	55.125	143.840778454087
2261026	90.825	55.125	143.84213115965
2261027	90.875	55.125	127.810091429482
2261028	90.925	55.125	143.828285583126
2261029	90.975	55.125	143.828182024202
2261030	91.025	55.125	143.833489973566
2261041	91.575	55.125	137.630401722509
2261042	91.625	55.125	137.638874612721
2261043	91.675	55.125	137.651330440535
2261044	91.725	55.125	137.663754086413
2261045	91.775	55.125	137.670678505135
2261046	91.825	55.125	137.674741931865
2261047	91.875	55.125	135.29009628541
2261276	103.325	55.125	121.104491470059
2261312	105.125	55.125	140.677785733716
2261313	105.175	55.125	140.712839928315
2261314	105.225	55.125	140.736183072109
2261542	116.625	55.125	144.319141569628
2261543	116.675	55.125	144.310788390967
2261544	116.725	55.125	144.304585154238
2261545	116.775	55.125	144.300376873783
2261604	119.725	55.125	147.164925541645
2261605	119.775	55.125	147.16727040456
2261606	119.825	55.125	147.140067972965
2263448	-114.075	55.075	143.944088947804
2263458	-113.575	55.075	142.476239670372
2263459	-113.525	55.075	142.47982546706
2263460	-113.475	55.075	142.485403362933
2263472	-112.875	55.075	142.152629043342
2263473	-112.825	55.075	132.622730507587
2267192	73.125	55.075	134.480358101185
2267193	73.175	55.075	132.029721751539
2267385	82.775	55.075	144.794024712147
2267386	82.825	55.075	144.785786518234
2267456	86.325	55.075	131.283156695541
2267457	86.375	55.075	131.255829934158
2267465	86.775	55.075	131.457633130559
2267466	86.825	55.075	131.386495656733
2267527	89.875	55.075	144.675776110614
2267532	90.125	55.075	129.807735800143
2267533	90.175	55.075	144.616294726961
2267534	90.225	55.075	144.59893311142
2267535	90.275	55.075	144.602867064499
2267536	90.325	55.075	144.60385225011
2267537	90.375	55.075	144.604093194208
2267538	90.425	55.075	144.413046549865
2267539	90.475	55.075	144.404016526788
2267540	90.525	55.075	144.385454536893
2267547	90.875	55.075	143.847793223257
2267552	91.125	55.075	137.570088183175
2267553	91.175	55.075	137.573464552239
2267554	91.225	55.075	137.579108560238
2267555	91.275	55.075	137.583439826797
2267556	91.325	55.075	137.583766173869
2267557	91.375	55.075	137.596658865997
2267558	91.425	55.075	137.601461421468
2267559	91.475	55.075	137.617579819119
2267560	91.525	55.075	103.111180636427
2267561	91.575	55.075	108.537686958851
2267795	103.275	55.075	121.118802255845
2267796	103.325	55.075	121.112261207495
2267831	105.075	55.075	140.645714295777
2267832	105.125	55.075	140.670996786091
2268065	116.775	55.075	143.702230939878
2268066	116.825	55.075	143.688701479258
2268123	119.675	55.075	147.146519387554
2268124	119.725	55.075	147.161393976939
2269966	-114.175	55.025	143.95065974906
2269967	-114.125	55.025	143.940830034024
2269968	-114.075	55.025	132.866910532829
2269980	-113.475	55.025	142.492980524852
2269993	-112.825	55.025	142.214828449017
2269994	-112.775	55.025	142.207132073207
2269995	-112.725	55.025	142.205995694831
2273713	73.175	55.025	132.002133172655
2273714	73.225	55.025	131.98004814973
2273715	73.275	55.025	131.977035348364
2273716	73.325	55.025	131.976603961786
2273906	82.825	55.025	144.784625142717
2273907	82.875	55.025	144.784134788827
2273908	82.925	55.025	144.796376649646
2273986	86.825	55.025	131.382768071253
2273987	86.875	55.025	131.416233289683
2273988	86.925	55.025	131.354886546497
2273989	86.975	55.025	131.360303418334
2273990	87.025	55.025	131.344256857022
2273991	87.075	55.025	131.335185112618
2274046	89.825	55.025	129.310625958723
2274047	89.875	55.025	144.674439492321
2274070	91.025	55.025	104.088718750876
2274071	91.075	55.025	137.563390036292
2274072	91.125	55.025	104.424853310251
2274314	103.225	55.025	121.376588529941
2274315	103.275	55.025	121.122046108622
2274351	105.075	55.025	140.219382123791
2274352	105.125	55.025	140.197481525003
2274586	116.825	55.025	143.688275022074
2274641	119.575	55.025	148.266575754489
2274642	119.625	55.025	147.18066844543
2274643	119.675	55.025	144.949566503538
2274644	119.725	55.025	144.934111248596
2276485	-114.225	54.975	135.054115429834
2276486	-114.175	54.975	143.94121115282
2276500	-113.475	54.975	142.495743400603
2276501	-113.425	54.975	142.50859219408
2276510	-112.975	54.975	134.063357819516
2276511	-112.925	54.975	142.53674281327
2276512	-112.875	54.975	142.540956373575
2276513	-112.825	54.975	142.545180502855
2276514	-112.775	54.975	142.547801032763
2276515	-112.725	54.975	142.554514436318
2280236	73.325	54.975	120.785541933725
2280237	73.375	54.975	131.976323440357
2280428	82.925	54.975	144.819894425151
2280429	82.975	54.975	144.83931473888
2280430	83.025	54.975	144.846292655635
2280511	87.075	54.975	131.414217854073
2280566	89.825	54.975	144.706880693599
2280589	90.975	54.975	137.544248102496
2280590	91.025	54.975	137.556824435568
2280832	103.125	54.975	126.489552243994
2280833	103.175	54.975	121.136768990711
2280834	103.225	54.975	121.129573565622
2280871	105.075	54.975	140.189673444154
2281106	116.825	54.975	143.68646216233
2281107	116.875	54.975	143.682528325594
2281160	119.525	54.975	146.528008830847
2281161	119.575	54.975	146.529414884755
2281162	119.625	54.975	146.546814977969
2283006	-114.175	54.925	143.926503896429
2283021	-113.425	54.925	142.510095926163
2283028	-113.075	54.925	142.521759388935
2283029	-113.025	54.925	142.524201222212
2283030	-112.975	54.925	142.530352161351
2286756	73.325	54.925	131.848028353614
2286757	73.375	54.925	131.863215059473
2286950	83.025	54.925	145.478360676889
2287031	87.075	54.925	119.892734334544
2287032	87.125	54.925	131.513822014413
2287086	89.825	54.925	144.301485757664
2287109	90.975	54.925	137.540783639859
2287351	103.075	54.925	121.152719008675
2287352	103.125	54.925	121.14432737605
2287390	105.025	54.925	140.145554449606
2287391	105.075	54.925	140.168786561967
2287627	116.875	54.925	143.687638363968
2287679	119.475	54.925	146.687197121885
2287680	119.525	54.925	146.530521758299
2289525	-114.225	54.875	143.912917027132
2289526	-114.175	54.875	143.916312393339
2289541	-113.425	54.875	142.505598978421
2289545	-113.225	54.875	142.505457828105
2289546	-113.175	54.875	142.508773803858
2289547	-113.125	54.875	142.519029133225
2289548	-113.075	54.875	133.893155560935
2293276	73.325	54.875	131.843918970594
2293470	83.025	54.875	145.486723134541
2293551	87.075	54.875	131.500474403476
2293605	89.775	54.875	144.371805869873
2293606	89.825	54.875	144.294663611875
2293628	90.925	54.875	95.7422725041558
2293629	90.975	54.875	137.535496042211
2293871	103.075	54.875	121.154438422768
2293910	105.025	54.875	140.138870501972
2293911	105.075	54.875	139.360155201702
2294147	116.875	54.875	143.704041026843
2294148	116.925	54.875	143.691307184161
2294195	119.275	54.875	146.697630997655
2294196	119.325	54.875	146.698237362808
2294197	119.375	54.875	146.711550133597
2294198	119.425	54.875	144.69958900638
2294199	119.475	54.875	144.098856967184
2296044	-114.275	54.825	143.912590311546
2296045	-114.225	54.825	134.318809553895
2296060	-113.475	54.825	142.514861519093
2296061	-113.425	54.825	142.512024437022
2296065	-113.225	54.825	142.502585249609
2299796	73.325	54.825	131.858502700263
2299797	73.375	54.825	131.846447836922
2299798	73.425	54.825	131.836207937673
2299799	73.475	54.825	131.827989665457
2299800	73.525	54.825	131.813656760153
2299801	73.575	54.825	116.065914357496
2299989	82.975	54.825	145.482985496554
2299990	83.025	54.825	123.792742226088
2300070	87.025	54.825	131.483080080783
2300071	87.075	54.825	131.470721897062
2300125	89.775	54.825	144.378393224782
2300148	90.925	54.825	137.515827448672
2300390	103.025	54.825	122.263998685232
2300391	103.075	54.825	121.161996885681
2300431	105.075	54.825	140.11243331336
2300432	105.125	54.825	140.076629271614
2300433	105.175	54.825	140.067700083785
2300434	105.225	54.825	140.061165795059
2300667	116.875	54.825	143.663985812915
2300668	116.925	54.825	143.685845807709
2300715	119.275	54.825	146.687501580756
2302564	-114.275	54.775	143.897543589586
2302580	-113.475	54.775	142.500738714981
2302581	-113.425	54.775	142.507081298939
2302582	-113.375	54.775	142.514241073614
2302584	-113.275	54.775	142.497759762188
2302585	-113.225	54.775	142.491006125195
2306321	73.575	54.775	131.80605132987
2306322	73.625	54.775	118.427785376464
2306507	82.875	54.775	113.674258443915
2306508	82.925	54.775	140.406911810336
2306509	82.975	54.775	140.443927327489
2306590	87.025	54.775	122.209084232417
2306591	87.075	54.775	131.45519383488
2306644	89.725	54.775	124.641163227057
2306645	89.775	54.775	124.830049644105
2306646	89.825	54.775	145.086476729843
2306647	89.875	54.775	128.516677922661
2306668	90.925	54.775	137.500251020982
2306910	103.025	54.775	120.651106955322
2306954	105.225	54.775	140.049600530042
2307186	116.825	54.775	143.751805890736
2307187	116.875	54.775	143.764975981911
2307188	116.925	54.775	140.692841284063
2307235	119.275	54.775	146.714716416397
2307236	119.325	54.775	146.710432310929
2309084	-114.275	54.725	143.881976914679
2309102	-113.375	54.725	134.805863140917
2309103	-113.325	54.725	142.520138042368
2309104	-113.275	54.725	142.489320944934
2312842	73.625	54.725	131.790869360255
2312843	73.675	54.725	131.793927437942
2313025	82.775	54.725	140.271465747087
2313026	82.825	54.725	140.305407860628
2313027	82.875	54.725	140.384952652697
2313110	87.025	54.725	131.435870116223
2313111	87.075	54.725	123.980020480335
2313166	89.825	54.725	145.376312104585
2313167	89.875	54.725	145.37675254154
2313188	90.925	54.725	137.488890330302
2313430	103.025	54.725	125.515456201033
2313431	103.075	54.725	121.177602813116
2313432	103.125	54.725	121.187715682264
2313474	105.225	54.725	139.482973296495
2313706	116.825	54.725	143.744168690096
2313707	116.875	54.725	143.747840405393
2313755	119.275	54.725	146.709620198643
2313756	119.325	54.725	145.733996479205
2315603	-114.325	54.675	144.462548258843
2315604	-114.275	54.675	133.09817590607
2319363	73.675	54.675	117.740141769627
2319364	73.725	54.675	131.790053015784
2319365	73.775	54.675	131.780773179398
2319366	73.825	54.675	131.774775634795
2319367	73.875	54.675	116.689474822159
2319543	82.675	54.675	111.826395425369
2319544	82.725	54.675	140.182313713791
2319545	82.775	54.675	140.231105394958
2319631	87.075	54.675	131.421519904735
2319632	87.125	54.675	131.382811332876
2319633	87.175	54.675	131.373555981631
2319634	87.225	54.675	131.40231712555
2319635	87.275	54.675	131.391000278623
2319636	87.325	54.675	131.385538467506
2319637	87.375	54.675	123.984891754796
2319685	89.775	54.675	145.419856245883
2319686	89.825	54.675	145.379767317959
2319708	90.925	54.675	137.473008887073
2319952	103.125	54.675	126.385291872498
2319953	103.175	54.675	121.192279692875
2319954	103.225	54.675	121.19823654443
2319994	105.225	54.675	139.459249227194
2320224	116.725	54.675	143.76255269571
2320225	116.775	54.675	143.758999608689
2320226	116.825	54.675	143.73932390838
2320273	119.175	54.675	146.783442806364
2320274	119.225	54.675	146.709990603185
2320275	119.275	54.675	146.282687655591
2322123	-114.325	54.625	144.446476397358
2325887	73.875	54.625	131.771164172447
2325888	73.925	54.625	131.759882244346
2325889	73.975	54.625	131.753891071499
2326060	82.525	54.625	111.373153391365
2326061	82.575	54.625	110.993650367879
2326062	82.625	54.625	110.742014972341
2326063	82.675	54.625	140.166461328558
2326157	87.375	54.625	131.392349609641
2326158	87.425	54.625	131.37822292576
2326159	87.475	54.625	131.379090784377
2326202	89.625	54.625	124.290533259147
2326203	89.675	54.625	145.651718976789
2326204	89.725	54.625	145.424845073927
2326205	89.775	54.625	125.41174316494
2326228	90.925	54.625	137.4380840329
2326229	90.975	54.625	137.426147033023
2326230	91.025	54.625	137.419762416652
2326231	91.075	54.625	107.785995552604
2326474	103.225	54.625	121.202923144963
2326514	105.225	54.625	139.436281644152
2326744	116.725	54.625	143.744999644647
2326745	116.775	54.625	143.758259862733
2326791	119.075	54.625	146.790266365085
2326792	119.125	54.625	146.773159504633
2326793	119.175	54.625	146.783272517149
2328643	-114.325	54.575	144.43936219266
2332409	73.975	54.575	112.082885967318
2332410	74.025	54.575	131.749515327067
2332411	74.075	54.575	131.740569223348
2332412	74.125	54.575	131.735624280461
2332413	74.175	54.575	131.730247874418
2332414	74.225	54.575	131.725428307546
2332415	74.275	54.575	109.932788340773
2332578	82.425	54.575	109.751807892043
2332579	82.475	54.575	140.03764819863
2332580	82.525	54.575	140.059526230563
2332679	87.475	54.575	131.375061709503
2332719	89.475	54.575	127.516929514814
2332720	89.525	54.575	145.675106723483
2332721	89.575	54.575	145.660756263944
2332722	89.625	54.575	145.636080005038
2332751	91.075	54.575	137.416813766447
2332752	91.125	54.575	137.408321901998
2332753	91.175	54.575	104.579135100401
2332994	103.225	54.575	121.212879743958
2333034	105.225	54.575	139.415550251578
2333263	116.675	54.575	143.718849822796
2333264	116.725	54.575	143.725161714304
2333265	116.775	54.575	143.744860951508
2333311	119.075	54.575	146.819832464562
2335162	-114.375	54.525	144.406179730415
2335163	-114.325	54.525	144.416829120876
2338935	74.275	54.525	131.717942828832
2338936	74.325	54.525	131.709238531518
2338937	74.375	54.525	108.250774000953
2339096	82.325	54.525	139.975858875403
2339097	82.375	54.525	139.980510124319
2339098	82.425	54.525	140.01076617898
2339199	87.475	54.525	131.29309227319
2339200	87.525	54.525	119.823763798534
2339238	89.425	54.525	145.741903260821
2339239	89.475	54.525	145.747330185237
2339273	91.175	54.525	137.407180218399
2339274	91.225	54.525	137.388853692003
2339275	91.275	54.525	106.518353382146
2339514	103.225	54.525	121.224109198038
2339554	105.225	54.525	139.374704810141
2339773	116.175	54.525	144.39628423676
2339775	116.275	54.525	144.390778654741
2339776	116.325	54.525	138.782933720259
2339777	116.375	54.525	144.409252769517
2339778	116.425	54.525	139.728155972723
2339780	116.525	54.525	143.696055094502
2339781	116.575	54.525	143.699911673571
2339782	116.625	54.525	143.696999850505
2339783	116.675	54.525	143.699359335609
2339784	116.725	54.525	143.717911380842
2339830	119.025	54.525	146.815345848303
2339831	119.075	54.525	146.825753224836
2341680	-114.475	54.475	135.319008350298
2341681	-114.425	54.475	144.395395920645
2341682	-114.375	54.475	144.405613144276
2345457	74.375	54.475	131.7026002429
2345615	82.275	54.475	139.96595271641
2345616	82.325	54.475	107.803908556145
2345720	87.525	54.475	131.26091405638
2345758	89.425	54.475	146.124032611997
2345759	89.475	54.475	132.497809671077
2345795	91.275	54.475	137.386055476002
2346034	103.225	54.475	121.234231062907
2346073	105.175	54.475	140.674355187983
2346074	105.225	54.475	139.350400172686
2346286	115.825	54.475	144.423707685936
2346287	115.875	54.475	144.42472287845
2346288	115.925	54.475	144.426476803959
2346289	115.975	54.475	144.430888431489
2346290	116.025	54.475	144.365948055301
2346291	116.075	54.475	144.365304272167
2346292	116.125	54.475	144.376528285137
2346293	116.175	54.475	138.627073678818
2346294	116.225	54.475	144.407978918832
2346295	116.275	54.475	138.028872795955
2346296	116.325	54.475	144.396286133781
2346298	116.425	54.475	144.40271045783
2346299	116.475	54.475	144.417410453142
2346300	116.525	54.475	143.685465992475
2346348	118.925	54.475	143.838704342993
2346349	118.975	54.475	146.840439674783
2346350	119.025	54.475	146.849425115571
2348199	-114.525	54.425	144.435695470285
2348200	-114.475	54.425	144.447071211306
2351977	74.375	54.425	131.691832401142
2351978	74.425	54.425	131.672385973175
2351979	74.475	54.425	107.714285611176
2352133	82.175	54.425	139.882449501883
2352134	82.225	54.425	139.915131744656
2352135	82.275	54.425	107.202524315574
2352240	87.525	54.425	131.284776961509
2352278	89.425	54.425	146.229959743396
2352279	89.475	54.425	146.197143635013
2352315	91.275	54.425	137.370452136149
2352554	103.225	54.425	121.243373279021
2352593	105.175	54.425	139.326666604778
2352801	115.575	54.425	138.631275077464
2352802	115.625	54.425	144.407321802618
2352803	115.675	54.425	144.416337203397
2352804	115.725	54.425	144.411881933254
2352805	115.775	54.425	144.412702825332
2352806	115.825	54.425	144.419189278143
2352867	118.875	54.425	144.452975546787
2352868	118.925	54.425	146.904556008996
2354718	-114.575	54.375	144.428700291283
2354719	-114.525	54.375	144.434779460871
2358499	74.475	54.375	131.668299464881
2358500	74.525	54.375	131.659999514584
2358501	74.575	54.375	131.652324700222
2358502	74.625	54.375	131.647168056574
2358651	82.075	54.375	139.849374094373
2358652	82.125	54.375	139.865642614667
2358653	82.175	54.375	109.724059292941
2358760	87.525	54.375	131.256495201571
2358799	89.475	54.375	146.465461559156
2358835	91.275	54.375	137.357339985174
2358836	91.325	54.375	137.320892513896
2359072	103.125	54.375	118.913070909876
2359073	103.175	54.375	121.282355393822
2359074	103.225	54.375	121.270827842943
2359113	105.175	54.375	139.295287445434
2359114	105.225	54.375	139.255795693807
2359115	105.275	54.375	139.646759176397
2359319	115.475	54.375	144.401333387931
2359320	115.525	54.375	144.406697083543
2359321	115.575	54.375	144.400534698778
2359381	118.575	54.375	147.005951059229
2359382	118.625	54.375	147.017269124566
2359383	118.675	54.375	146.991453012299
2359384	118.725	54.375	146.967497248865
2359385	118.775	54.375	146.963018455539
2359386	118.825	54.375	146.877434676341
2359387	118.875	54.375	146.951933315354
2361230	-114.975	54.325	144.719643042032
2361231	-114.925	54.325	144.72139421961
2361232	-114.875	54.325	144.725591215217
2361233	-114.825	54.325	144.446178106086
2361234	-114.775	54.325	144.450390849265
2361235	-114.725	54.325	144.410750837019
2361236	-114.675	54.325	144.414924366466
2361237	-114.625	54.325	144.417264524369
2361238	-114.575	54.325	144.425235424735
2365022	74.625	54.325	131.643919988482
2365166	81.825	54.325	139.78968300289
2365167	81.875	54.325	139.797776343316
2365168	81.925	54.325	139.80584293485
2365169	81.975	54.325	139.819958905366
2365170	82.025	54.325	113.10070490773
2365171	82.075	54.325	109.699708475941
2365278	87.425	54.325	121.598282777591
2365279	87.475	54.325	131.256783069835
2365280	87.525	54.325	121.785579297406
2365319	89.475	54.325	146.536558217235
2365320	89.525	54.325	146.591456695793
2365356	91.325	54.325	137.315503917294
2365357	91.375	54.325	137.328893416646
2365591	103.075	54.325	122.391166326714
2365592	103.125	54.325	121.298908259735
2365635	105.275	54.325	139.248242163334
2365636	105.325	54.325	139.216668025441
2365637	105.375	54.325	139.211145385362
2365775	112.275	54.325	153.555599921629
2365776	112.325	54.325	153.324455141577
2365777	112.375	54.325	153.311103773862
2365778	112.425	54.325	151.008444537694
2365839	115.475	54.325	144.371697284353
2365840	115.525	54.325	144.407479271887
2365897	118.375	54.325	147.184270511536
2365898	118.425	54.325	147.045137503203
2365899	118.475	54.325	147.019366927385
2365900	118.525	54.325	147.010913601861
2365901	118.575	54.325	147.004522618002
2365903	118.675	54.325	146.985910404293
2365904	118.725	54.325	146.985435725846
2367724	-116.275	54.275	130.031701584716
2367725	-116.225	54.275	146.89058716581
2367749	-115.025	54.275	133.676423133697
2367750	-114.975	54.275	144.743774716451
2367751	-114.925	54.275	144.749815517089
2371542	74.625	54.275	131.637574369397
2371543	74.675	54.275	131.622190878546
2371684	81.725	54.275	139.754800928399
2371685	81.775	54.275	139.779377779703
2371686	81.825	54.275	112.087912117926
2371798	87.425	54.275	131.352872940487
2371799	87.475	54.275	131.325806678414
2371840	89.525	54.275	146.806722416041
2371841	89.575	54.275	146.815691032583
2371877	91.375	54.275	102.428149820853
2371878	91.425	54.275	137.313765016254
2372110	103.025	54.275	120.903719202069
2372111	103.075	54.275	121.308030843528
2372157	105.375	54.275	139.204043046782
2372158	105.425	54.275	140.837045419437
2372203	107.675	54.275	148.961088142291
2372204	107.725	54.275	149.704412924261
2372205	107.775	54.275	149.975520135827
2372206	107.825	54.275	150.550456423132
2372207	107.875	54.275	146.097362148986
2372210	108.025	54.275	152.183014108418
2372288	111.925	54.275	151.78925396332
2372289	111.975	54.275	154.299235483588
2372290	112.025	54.275	154.260960778194
2372291	112.075	54.275	153.878365976405
2372292	112.125	54.275	153.830387975162
2372293	112.175	54.275	153.730893842902
2372294	112.225	54.275	153.739415719291
2372295	112.275	54.275	144.462119713227
2372298	112.425	54.275	150.923577668974
2372356	115.325	54.275	144.369332732797
2372357	115.375	54.275	144.356917549848
2372358	115.425	54.275	144.370470185707
2372359	115.475	54.275	139.418218746767
2372411	118.075	54.275	145.635130854357
2372412	118.125	54.275	147.401807176509
2372413	118.175	54.275	147.39314843229
2372414	118.225	54.275	147.22499179132
2372415	118.275	54.275	147.21910736771
2372416	118.325	54.275	147.227652211068
2372417	118.375	54.275	147.091796167279
2374240	-116.475	54.225	147.179632511545
2374241	-116.425	54.225	147.165344096558
2374242	-116.375	54.225	147.159692325065
2374243	-116.325	54.225	147.019629528867
2374244	-116.275	54.225	147.016166330647
2374245	-116.225	54.225	146.658621954138
2374246	-116.175	54.225	146.661188110159
2374247	-116.125	54.225	146.646487709495
2374248	-116.075	54.225	146.630996375805
2374249	-116.025	54.225	131.878657389361
2374267	-115.125	54.225	144.737537308864
2374268	-115.075	54.225	144.738881885994
2374269	-115.025	54.225	144.749013593595
2378063	74.675	54.225	131.618490581361
2378064	74.725	54.225	131.610120529436
2378203	81.675	54.225	139.749941113787
2378204	81.725	54.225	112.107372086229
2378319	87.475	54.225	120.920756963167
2378320	87.525	54.225	130.763057335556
2378360	89.525	54.225	147.403819424768
2378361	89.575	54.225	146.842180989536
2378398	91.425	54.225	96.707260585628
2378399	91.475	54.225	137.275163944642
2378629	102.975	54.225	119.566346824996
2378630	103.025	54.225	121.319811353473
2378678	105.425	54.225	139.183200755439
2378679	105.475	54.225	139.134696295784
2378721	107.575	54.225	148.076123503239
2378722	107.625	54.225	148.714664922895
2378723	107.675	54.225	141.959611787855
2378727	107.875	54.225	151.217022814948
2378728	107.925	54.225	151.691790613197
2378729	107.975	54.225	151.88157921961
2378730	108.025	54.225	152.060061926473
2378731	108.075	54.225	152.786410597429
2378806	111.825	54.225	155.377374345983
2378807	111.875	54.225	155.376144113316
2378808	111.925	54.225	155.052696157867
2378810	112.025	54.225	143.438127512187
2378811	112.075	54.225	143.676942115186
2378814	112.225	54.225	150.635875979655
2378815	112.275	54.225	150.641756934616
2378816	112.325	54.225	150.873659201133
2378817	112.375	54.225	150.872752875875
2378818	112.425	54.225	150.876657782767
2378873	115.175	54.225	138.646017602482
2378874	115.225	54.225	144.337760272563
2378875	115.275	54.225	144.333581560432
2378876	115.325	54.225	144.349346002944
2378930	118.025	54.225	147.494291245351
2378931	118.075	54.225	147.431507739281
2380757	-116.625	54.175	131.19880699498
2380758	-116.575	54.175	147.202898898385
2380759	-116.525	54.175	147.197774773155
2380760	-116.475	54.175	147.195516500548
2380769	-116.025	54.175	146.53936704341
2380770	-115.975	54.175	146.534342752009
2380771	-115.925	54.175	146.477188398984
2380772	-115.875	54.175	146.471673639995
2380773	-115.825	54.175	146.467076807055
2380774	-115.775	54.175	146.466481872794
2380775	-115.725	54.175	144.794949093655
2380776	-115.675	54.175	144.806343474586
2380777	-115.625	54.175	144.812424960174
2380778	-115.575	54.175	144.815186835351
2380779	-115.525	54.175	144.81407428716
2380780	-115.475	54.175	144.819106076422
2380781	-115.425	54.175	144.818170870153
2380782	-115.375	54.175	144.806547528132
2380783	-115.325	54.175	144.735600899215
2380784	-115.275	54.175	144.742017297664
2380785	-115.225	54.175	144.744700850327
2380786	-115.175	54.175	144.747269771364
2380787	-115.125	54.175	144.747080974955
2384584	74.725	54.175	131.60627932088
2384585	74.775	54.175	131.598698722238
2384722	81.625	54.175	139.688713228248
2384723	81.675	54.175	139.710766423056
2384839	87.475	54.175	121.103371895416
2384840	87.525	54.175	130.457735270751
2384880	89.525	54.175	147.441120578985
2384891	90.075	54.175	136.860295342547
2384892	90.125	54.175	136.358086813841
2384919	91.475	54.175	137.229972719727
2384920	91.525	54.175	94.8955616521177
2385148	102.925	54.175	121.185615701911
2385149	102.975	54.175	121.333712515493
2385199	105.475	54.175	139.120271310894
2385200	105.525	54.175	138.624375006307
2385239	107.475	54.175	146.225299583517
2385240	107.525	54.175	147.874696204012
2385241	107.575	54.175	147.985242754605
2385251	108.075	54.175	152.834137402954
2385252	108.125	54.175	151.757633825559
2385324	111.725	54.175	156.602235906725
2385325	111.775	54.175	156.176331581103
2385326	111.825	54.175	155.901521062023
2385333	112.175	54.175	150.601285987585
2385334	112.225	54.175	150.636584943417
2385335	112.275	54.175	144.329263984824
2385393	115.175	54.175	144.335923719444
2385394	115.225	54.175	144.349292329798
2385450	118.025	54.175	147.643317594935
2387274	-116.775	54.125	131.00985803639
2387275	-116.725	54.125	147.581668466342
2387276	-116.675	54.125	147.553799796147
2387277	-116.625	54.125	147.548403575575
2387294	-115.775	54.125	140.033610052294
2387295	-115.725	54.125	139.97750132218
2387300	-115.475	54.125	133.307644763687
2387301	-115.425	54.125	144.816028288371
2391105	74.775	54.125	112.831438709108
2391106	74.825	54.125	131.599980357979
2391107	74.875	54.125	131.589840173339
2391240	81.525	54.125	139.657762434971
2391241	81.575	54.125	139.66674900958
2391242	81.625	54.125	139.681519933828
2391359	87.475	54.125	130.460724063556
2391399	89.475	54.125	147.614298842379
2391400	89.525	54.125	145.060470804727
2391408	89.925	54.125	137.04732150361
2391409	89.975	54.125	136.940563251723
2391410	90.025	54.125	136.993865461863
2391411	90.075	54.125	137.427549250825
2391412	90.125	54.125	137.032341354721
2391440	91.525	54.125	137.187113850471
2391441	91.575	54.125	103.756606548153
2391668	102.925	54.125	120.952977953806
2391669	102.975	54.125	121.354214427105
2391720	105.525	54.125	139.101288490627
2391721	105.575	54.125	139.078803520727
2391759	107.475	54.125	140.494223127575
2391772	108.125	54.125	154.32509552524
2391773	108.175	54.125	155.067555327783
2391843	111.675	54.125	157.581941912688
2391844	111.725	54.125	156.821318969411
2391845	111.775	54.125	156.516754913166
2391851	112.075	54.125	150.577559133681
2391852	112.125	54.125	150.566390366016
2391853	112.175	54.125	144.033861121621
2391911	115.075	54.125	139.206740706112
2391912	115.125	54.125	144.344666083997
2391913	115.175	54.125	144.355161111284
2391968	117.925	54.125	148.262521941434
2391969	117.975	54.125	147.70337029817
2391970	118.025	54.125	146.122128236509
2393794	-116.775	54.075	147.587552222877
2397627	74.875	54.075	104.900265931439
2397628	74.925	54.075	131.586119330703
2397758	81.425	54.075	139.63341905323
2397759	81.475	54.075	139.651581230225
2397760	81.525	54.075	106.738736586305
2397878	87.425	54.075	130.434649427038
2397879	87.475	54.075	130.446144007467
2397920	89.525	54.075	145.274414094029
2397921	89.575	54.075	137.486835048568
2397925	89.775	54.075	137.013691684427
2397926	89.825	54.075	135.813056827229
2397927	89.875	54.075	137.091661043266
2397928	89.925	54.075	137.024477416718
2397961	91.575	54.075	137.136884777594
2398189	102.975	54.075	117.505131784832
2398190	103.025	54.075	121.369886129121
2398241	105.575	54.075	138.951452183931
2398278	107.425	54.075	145.309432835908
2398279	107.475	54.075	142.189765695379
2398291	108.075	54.075	152.142223158555
2398292	108.125	54.075	155.320227268117
2398293	108.175	54.075	155.245626532168
2398360	111.525	54.075	160.179643530417
2398361	111.575	54.075	158.988768223562
2398362	111.625	54.075	158.06123368079
2398363	111.675	54.075	157.9427113132
2398370	112.025	54.075	150.542699413624
2398371	112.075	54.075	150.523012234502
2398430	115.025	54.075	144.337857071589
2398431	115.075	54.075	144.347727453434
2398487	117.875	54.075	148.401231024393
2398488	117.925	54.075	148.372759967834
2400313	-116.825	54.025	147.655715518528
2400314	-116.775	54.025	147.64055899823
2404147	74.875	54.025	131.566732576513
2404148	74.925	54.025	131.576066424795
2404275	81.275	54.025	107.25192724552
2404276	81.325	54.025	139.575868452867
2404277	81.375	54.025	139.607414628008
2404278	81.425	54.025	105.67874628416
2404396	87.325	54.025	130.40126193886
2404397	87.375	54.025	130.419477172655
2404398	87.425	54.025	130.428595075829
2404441	89.575	54.025	139.121839635198
2404442	89.625	54.025	139.072313151084
2404443	89.675	54.025	137.977068485992
2404444	89.725	54.025	137.321204207818
2404445	89.775	54.025	137.083002164382
2404480	91.525	54.025	107.795466473397
2404481	91.575	54.025	137.113269191073
2404710	103.025	54.025	122.430514509276
2404711	103.075	54.025	121.382409858762
2404761	105.575	54.025	138.937415865221
2404762	105.625	54.025	138.921321328727
2404763	105.675	54.025	138.913718210116
2404764	105.725	54.025	137.587000648086
2404765	105.775	54.025	138.87822784298
2404795	107.275	54.025	145.18386064508
2404796	107.325	54.025	145.214188134285
2404797	107.375	54.025	145.264538020188
2404798	107.425	54.025	140.834149844798
2404808	107.925	54.025	153.057175558327
2404809	107.975	54.025	153.2735494945
2404810	108.025	54.025	154.246382258141
2404811	108.075	54.025	155.336025141848
2404877	111.375	54.025	162.360540218088
2404878	111.425	54.025	161.674503536994
2404879	111.475	54.025	160.402152780977
2404880	111.525	54.025	152.925905832908
2404889	111.975	54.025	150.480950792139
2404890	112.025	54.025	150.461821161337
2404949	114.975	54.025	144.411938597452
2404950	115.025	54.025	144.31948023008
2405006	117.825	54.025	148.611622882505
2405007	117.875	54.025	148.582066153956
2406830	-116.975	53.975	150.668510364659
2406831	-116.925	53.975	150.528124974665
2406832	-116.875	53.975	150.519295848963
2406833	-116.825	53.975	132.408457709922
2410667	74.875	53.975	108.612132543459
2410668	74.925	53.975	131.560717528997
2410669	74.975	53.975	131.534799453163
2410670	75.025	53.975	131.528810988552
2410671	75.075	53.975	109.560497534007
2410795	81.275	53.975	139.567267860935
2410915	87.275	53.975	130.399130780431
2410916	87.325	53.975	120.237750326575
2410999	91.475	53.975	107.443549709462
2411000	91.525	53.975	137.097561038065
2411231	103.075	53.975	116.536298924421
2411232	103.125	53.975	121.407223855452
2411284	105.725	53.975	138.906685770302
2411285	105.775	53.975	138.886806994971
2411286	105.825	53.975	138.862542479897
2411287	105.875	53.975	138.845600976627
2411313	107.175	53.975	145.042499221245
2411314	107.225	53.975	145.086163600952
2411315	107.275	53.975	137.320065510817
2411396	111.325	53.975	163.471715410169
2411397	111.375	53.975	163.000155889313
2411408	111.925	53.975	150.437359980122
2411409	111.975	53.975	150.458811246996
2411465	114.775	53.975	144.404665063589
2411466	114.825	53.975	144.442742024734
2411467	114.875	53.975	144.405786093572
2411468	114.925	53.975	144.418115809231
2411469	114.975	53.975	144.427929581892
2411525	117.775	53.975	148.847129189311
2411526	117.825	53.975	148.791215447942
2413348	-117.075	53.925	150.704443177643
2413349	-117.025	53.925	150.691365212837
2413350	-116.975	53.925	150.679079530447
2417190	75.025	53.925	110.136919438108
2417191	75.075	53.925	131.524485183965
2417315	81.275	53.925	139.53955649723
2417316	81.325	53.925	105.369601821768
2417434	87.225	53.925	130.649698025137
2417435	87.275	53.925	130.699889192946
2417518	91.425	53.925	99.2772175432547
2417519	91.475	53.925	133.42570905288
2417752	103.125	53.925	119.735181554028
2417753	103.175	53.925	118.920541338698
2417807	105.875	53.925	139.500626050696
2417808	105.925	53.925	139.501759091026
2417833	107.175	53.925	144.094780365937
2417915	111.275	53.925	164.172595169935
2417916	111.325	53.925	163.946210669913
2417928	111.925	53.925	150.398445424115
2417981	114.575	53.925	144.38599941205
2417982	114.625	53.925	144.383886520061
2417983	114.675	53.925	144.396826707811
2417984	114.725	53.925	144.402576192633
2417985	114.775	53.925	144.447093506916
2417986	114.825	53.925	138.374775174972
2417987	114.875	53.925	139.427243411879
2418040	117.525	53.925	149.389423124851
2418041	117.575	53.925	149.292839235811
2418042	117.625	53.925	149.369745335612
2418043	117.675	53.925	149.188784258222
2418044	117.725	53.925	149.08131485165
2418045	117.775	53.925	149.014674470056
2419867	-117.125	53.875	150.782423423792
2419868	-117.075	53.875	132.546626960808
2423710	75.025	53.875	131.499515623642
2423836	81.325	53.875	139.512385962038
2423952	87.125	53.875	130.637621295994
2423953	87.175	53.875	130.663353728595
2423954	87.225	53.875	116.927442029074
2424038	91.425	53.875	133.423515279347
2424273	103.175	53.875	122.734071324567
2424274	103.225	53.875	117.271763325748
2424328	105.925	53.875	139.538821408617
2424329	105.975	53.875	139.574048942412
2424330	106.025	53.875	141.377580007601
2424331	106.075	53.875	141.381586218559
2424333	106.175	53.875	141.382601234633
2424334	106.225	53.875	141.417078680799
2424335	106.275	53.875	141.421867589649
2424336	106.325	53.875	141.423997995834
2424337	106.375	53.875	130.593553941028
2424340	106.525	53.875	142.832024657255
2424341	106.575	53.875	142.834572831126
2424342	106.625	53.875	143.040704252854
2424343	106.675	53.875	143.054329478873
2424344	106.725	53.875	143.149477055428
2424345	106.775	53.875	143.184738884355
2424346	106.825	53.875	143.269117941455
2424347	106.875	53.875	143.511341707952
2424348	106.925	53.875	143.628408980424
2424349	106.975	53.875	143.748457487866
2424352	107.125	53.875	144.284362798299
2424353	107.175	53.875	144.289183263518
2424433	111.175	53.875	167.026806930771
2424434	111.225	53.875	165.801991922063
2424435	111.275	53.875	164.500946603706
2424447	111.875	53.875	150.317038882157
2424448	111.925	53.875	150.317412812218
2424500	114.525	53.875	144.405008004315
2424501	114.575	53.875	144.382144672198
2424557	117.375	53.875	149.668489417963
2424558	117.425	53.875	149.551654937005
2424559	117.475	53.875	149.482685452851
2424560	117.525	53.875	149.433599982735
2426386	-117.175	53.825	150.822822865956
2426387	-117.125	53.825	131.013815652265
2430230	75.025	53.825	131.486078137432
2430356	81.325	53.825	139.496197059219
2430357	81.375	53.825	106.866527185425
2430365	81.775	53.825	117.559602003655
2430366	81.825	53.825	139.383616916539
2430472	87.125	53.825	130.636032469844
2430477	87.375	53.825	118.125121505181
2430478	87.425	53.825	132.715464682602
2430479	87.475	53.825	132.693437288971
2430480	87.525	53.825	123.665870189605
2430481	87.575	53.825	120.840610125427
2430558	91.425	53.825	133.418075849256
2430794	103.225	53.825	119.202740920824
2430851	106.075	53.825	134.005950991324
2430852	106.125	53.825	129.755851179444
2430853	106.175	53.825	129.459240673804
2430857	106.375	53.825	141.585424231396
2430858	106.425	53.825	141.708305186923
2430859	106.475	53.825	142.399754705693
2430860	106.525	53.825	142.81876723578
2430866	106.825	53.825	133.574599062505
2430869	106.975	53.825	143.76729627189
2430870	107.025	53.825	143.881982636424
2430871	107.075	53.825	144.086158988001
2430872	107.125	53.825	140.964012580362
2430966	111.825	53.825	143.564182757774
2430967	111.875	53.825	150.290666550428
2431017	114.375	53.825	144.390690798613
2431018	114.425	53.825	144.384955415963
2431019	114.475	53.825	144.394999374454
2431020	114.525	53.825	144.411681739637
2431076	117.325	53.825	149.994947106252
2431077	117.375	53.825	149.694306211201
2432906	-117.175	53.775	150.882858722429
2436749	74.975	53.775	131.461938966069
2436750	75.025	53.775	131.473797435208
2436877	81.375	53.775	139.471302287141
2436878	81.425	53.775	139.445400094396
2436879	81.475	53.775	139.438945790286
2436880	81.525	53.775	139.430132432592
2436881	81.575	53.775	139.425104117999
2436882	81.625	53.775	139.414467859431
2436883	81.675	53.775	139.403483346734
2436884	81.725	53.775	139.396750198371
2436885	81.775	53.775	139.39677661412
2436886	81.825	53.775	139.373110142073
2436992	87.125	53.775	130.616644392532
2436993	87.175	53.775	130.733278497028
2436994	87.225	53.775	117.519621151023
2436996	87.325	53.775	132.720113006481
2436997	87.375	53.775	132.705089841554
2436999	87.475	53.775	116.906305583413
2437000	87.525	53.775	132.846732960664
2437001	87.575	53.775	132.838052936764
2437002	87.625	53.775	132.831523720018
2437003	87.675	53.775	132.872183815022
2437004	87.725	53.775	132.868096725629
2437005	87.775	53.775	132.896357773987
2437078	91.425	53.775	120.062639774226
2437079	91.475	53.775	133.434652039291
2437314	103.225	53.775	116.838687505873
2437315	103.275	53.775	121.50165906227
2437487	111.875	53.775	150.297147319595
2437532	114.125	53.775	144.304813422592
2437533	114.175	53.775	144.321304279919
2437534	114.225	53.775	144.345866084231
2437535	114.275	53.775	144.377283478403
2437536	114.325	53.775	144.37364973471
2437537	114.375	53.775	144.387469634467
2437596	117.325	53.775	150.303588648509
2439426	-117.175	53.725	150.959948173976
2443269	74.975	53.725	107.501906167641
2443270	75.025	53.725	131.448340324703
2443271	75.075	53.725	131.426799611279
2443406	81.825	53.725	110.469020606954
2443407	81.875	53.725	139.366320034757
2443408	81.925	53.725	139.346380765556
2443409	81.975	53.725	139.332742348739
2443410	82.025	53.725	139.32469599828
2443411	82.075	53.725	139.320443835979
2443412	82.125	53.725	139.309728532088
2443413	82.175	53.725	139.302664217336
2443514	87.225	53.725	132.742445052405
2443515	87.275	53.725	132.721300016679
2443516	87.325	53.725	132.727056022765
2443525	87.775	53.725	121.380676588073
2443526	87.825	53.725	128.55235504199
2443599	91.475	53.725	142.726215183907
2443600	91.525	53.725	133.43192896856
2443601	91.575	53.725	126.616299363072
2443835	103.275	53.725	109.302713585771
2443836	103.325	53.725	121.524967500149
2444007	111.875	53.725	150.245847590972
2444008	111.925	53.725	150.261027607989
2444048	113.925	53.725	139.619182368799
2444049	113.975	53.725	144.319197174205
2444050	114.025	53.725	144.327700341692
2444051	114.075	53.725	144.336772997
2444052	114.125	53.725	144.314983393868
2444053	114.175	53.725	144.341583168262
2444054	114.225	53.725	139.17382073648
2444055	114.275	53.725	144.359446572566
2445946	-117.175	53.675	151.538790864191
2449791	75.075	53.675	105.806289289939
2449792	75.125	53.675	131.422381018859
2449933	82.175	53.675	139.309593516123
2449934	82.225	53.675	139.29888228993
2450046	87.825	53.675	128.51527563707
2450120	91.525	53.675	118.872624605949
2450121	91.575	53.675	126.626825753074
2450356	103.325	53.675	119.650833526316
2450357	103.375	53.675	121.56384788069
2450528	111.925	53.675	150.248452380507
2450567	113.875	53.675	139.323984631991
2450568	113.925	53.675	138.704198377042
2450569	113.975	53.675	144.30344042758
2452464	-117.275	53.625	132.489970466585
2452465	-117.225	53.625	151.683917227256
2452466	-117.175	53.625	151.564328610055
2456312	75.125	53.625	131.397402434235
2456313	75.175	53.625	131.389726807837
2456454	82.225	53.625	139.303420007258
2456455	82.275	53.625	139.28738001804
2456456	82.325	53.625	139.266717372584
2456566	87.825	53.625	128.492095968323
2456640	91.525	53.625	126.632022213195
2456641	91.575	53.625	126.637006868267
2456642	91.625	53.625	126.63970102403
2456877	103.375	53.625	121.588480447568
2457048	111.925	53.625	149.683925699744
2457049	111.975	53.625	149.639638931964
2457085	113.775	53.625	140.658439503494
2457086	113.825	53.625	144.641674031014
2457087	113.875	53.625	144.64622679099
2457088	113.925	53.625	144.647275824046
2457089	113.975	53.625	144.286710473811
2458983	-117.325	53.575	151.89240824627
2458984	-117.275	53.575	151.889454712565
2462832	75.125	53.575	131.385406495553
2462833	75.175	53.575	131.374061229891
2462976	82.325	53.575	108.818705630777
2462977	82.375	53.575	139.260141828069
2463085	87.775	53.575	128.488155289532
2463086	87.825	53.575	128.497063605065
2463162	91.625	53.575	126.642314702074
2463397	103.375	53.575	115.489951268393
2463566	111.825	53.575	149.64501116158
2463567	111.875	53.575	149.637506180068
2463568	111.925	53.575	143.133386881929
2463604	113.725	53.575	144.649678681639
2463605	113.775	53.575	144.640684857832
2465501	-117.425	53.525	134.190450134747
2465502	-117.375	53.525	151.977184670993
2465503	-117.325	53.525	151.964813197201
2469353	75.175	53.525	131.366425797321
2469354	75.225	53.525	131.356368958206
2469355	75.275	53.525	131.352066943987
2469356	75.325	53.525	131.341653407297
2469357	75.375	53.525	131.336768944697
2469497	82.375	53.525	139.236365376273
2469498	82.425	53.525	114.685251767435
2469512	83.125	53.525	139.065340409905
2469513	83.175	53.525	139.026181658309
2469514	83.225	53.525	140.50936571347
2469605	87.775	53.525	128.513039599827
2469606	87.825	53.525	124.097421637176
2469682	91.625	53.525	101.807104399047
2469683	91.675	53.525	126.648619382507
2469684	91.725	53.525	126.655042509006
2469685	91.775	53.525	126.658561516826
2469917	103.375	53.525	121.635331280352
2470084	111.725	53.525	149.459211831807
2470085	111.775	53.525	149.450947539602
2470086	111.825	53.525	149.440813344537
2470119	113.475	53.525	140.916326572108
2470120	113.525	53.525	146.370227712437
2470121	113.575	53.525	144.640697567055
2470122	113.625	53.525	144.65132946137
2470123	113.675	53.525	144.658488740197
2470124	113.725	53.525	139.131718629339
2472019	-117.525	53.475	130.50843193282
2472020	-117.475	53.475	152.151328413967
2472021	-117.425	53.475	152.066081385584
2475877	75.375	53.475	131.331654016268
2475878	75.425	53.475	131.323246514177
2475879	75.475	53.475	105.269399750123
2476018	82.425	53.475	139.220050532852
2476019	82.475	53.475	139.186274302416
2476029	82.975	53.475	113.769171378611
2476030	83.025	53.475	139.092704999294
2476031	83.075	53.475	139.081698780952
2476032	83.125	53.475	139.070286431225
2476034	83.225	53.475	120.468962953423
2476035	83.275	53.475	140.496501733595
2476126	87.825	53.475	128.560167009428
2476127	87.875	53.475	123.977137543208
2476128	87.925	53.475	128.72109474097
2476129	87.975	53.475	128.676774393598
2476205	91.775	53.475	126.663568780111
2476206	91.825	53.475	126.666845764396
2476207	91.875	53.475	126.67305180462
2476208	91.925	53.475	111.279285575111
2476437	103.375	53.475	121.646676217043
2476604	111.725	53.475	148.319497237094
2476633	113.175	53.475	140.755410635214
2476634	113.225	53.475	146.305879660781
2476636	113.325	53.475	140.262978488299
2476637	113.375	53.475	146.336029739849
2476638	113.425	53.475	146.334524854163
2476639	113.475	53.475	146.359955462818
2476640	113.525	53.475	144.630929324166
2478537	-117.625	53.425	130.477558300145
2478538	-117.575	53.425	152.296589295989
2478539	-117.525	53.425	152.207407323547
2482399	75.475	53.425	131.318408763877
2482539	82.475	53.425	119.757053195341
2482540	82.525	53.425	139.168369166797
2482541	82.575	53.425	139.154642076006
2482542	82.625	53.425	139.14555795422
2482543	82.675	53.425	139.161226364375
2482544	82.725	53.425	139.145561212282
2482545	82.775	53.425	139.134609155938
2482546	82.825	53.425	139.121657337354
2482547	82.875	53.425	139.116658176681
2482548	82.925	53.425	139.109600204611
2482549	82.975	53.425	139.102473100538
2482555	83.275	53.425	120.400084250097
2482556	83.325	53.425	140.497534779336
2482557	83.375	53.425	140.486932868248
2482558	83.425	53.425	140.478798901821
2482559	83.475	53.425	140.47485904621
2482560	83.525	53.425	140.467800906009
2482561	83.575	53.425	140.463063654293
2482562	83.625	53.425	140.453621967332
2482563	83.675	53.425	140.477867812485
2482564	83.725	53.425	140.476883256241
2482565	83.775	53.425	140.466175091005
2482647	87.875	53.425	128.580725487029
2482648	87.925	53.425	128.581721278245
2482649	87.975	53.425	128.719028826643
2482650	88.025	53.425	125.597546101241
2482728	91.925	53.425	126.676468300247
2482729	91.975	53.425	132.223713914615
2482957	103.375	53.425	121.656747334751
2483122	111.625	53.425	148.297233907088
2483123	111.675	53.425	148.289428501398
2483124	111.725	53.425	141.083009754816
2483151	113.075	53.425	146.318556049943
2483152	113.125	53.425	146.322793667441
2483153	113.175	53.425	146.346282126309
2483154	113.225	53.425	139.828240278643
2483155	113.275	53.425	146.312112823859
2483156	113.325	53.425	146.326552178807
2483157	113.375	53.425	146.330974681563
2485054	-117.775	53.375	152.666280250516
2485055	-117.725	53.375	152.62737247865
2485056	-117.675	53.375	152.411603219643
2485057	-117.625	53.375	152.353779440635
2488919	75.475	53.375	131.302313843032
2488920	75.525	53.375	131.292073548817
2489085	83.775	53.375	117.179276689176
2489086	83.825	53.375	140.476851835419
2489170	88.025	53.375	128.718583051904
2489171	88.075	53.375	128.682028413953
2489172	88.125	53.375	128.677748074679
2489173	88.175	53.375	128.67525345637
2489174	88.225	53.375	128.657180479249
2489175	88.275	53.375	128.649300587428
2489176	88.325	53.375	128.642128580467
2489177	88.375	53.375	128.634707096726
2489248	91.925	53.375	126.446316452648
2489249	91.975	53.375	99.0737410087969
2489477	103.375	53.375	121.66655410899
2489642	111.625	53.375	148.299628111693
2489655	112.275	53.375	147.836351544124
2489656	112.325	53.375	147.846624341781
2489657	112.375	53.375	147.843415462968
2489658	112.425	53.375	147.681835094497
2489668	112.925	53.375	139.991324939026
2489669	112.975	53.375	146.334184921045
2489670	113.025	53.375	146.335166738267
2489671	113.075	53.375	146.3513247796
2491572	-117.875	53.325	128.754854692458
2491573	-117.825	53.325	152.686131992147
2491574	-117.775	53.325	129.356356093595
2495439	75.475	53.325	131.287281466873
2495440	75.525	53.325	131.277349908454
2495441	75.575	53.325	131.26672961193
2495605	83.775	53.325	140.498906758754
2495606	83.825	53.325	140.531652454045
2495697	88.375	53.325	128.474880453324
2495698	88.425	53.325	128.498160546993
2495766	91.825	53.325	105.679836722765
2495767	91.875	53.325	126.464412091402
2495768	91.925	53.325	126.455589115646
2495997	103.375	53.325	121.674543118852
2496161	111.575	53.325	148.193937629111
2496162	111.625	53.325	148.207043844213
2496175	112.275	53.325	147.796662214171
2496176	112.325	53.325	147.832461970721
2496178	112.425	53.325	147.69576238441
2496179	112.475	53.325	147.703940685684
2496180	112.525	53.325	147.719962093336
2496187	112.875	53.325	146.327322804031
2496188	112.925	53.325	146.301698519152
2496189	112.975	53.325	146.317119258987
2498092	-117.875	53.275	152.983667891537
2501961	75.575	53.275	131.262358889472
2501962	75.625	53.275	131.254638830767
2502125	83.775	53.275	140.612130435493
2502216	88.325	53.275	128.435752934016
2502217	88.375	53.275	128.459456200801
2502286	91.825	53.275	126.468656476281
2502517	103.375	53.275	121.681038242686
2502682	111.625	53.275	148.20177107636
2502683	111.675	53.275	142.936076659788
2502689	111.975	53.275	147.775301565433
2502690	112.025	53.275	147.774145543231
2502691	112.075	53.275	147.786966635844
2502692	112.125	53.275	147.792329228345
2502693	112.175	53.275	147.793593111708
2502694	112.225	53.275	147.794103392608
2502695	112.275	53.275	147.81582805222
2502700	112.525	53.275	147.727673978408
2502701	112.575	53.275	147.768369923765
2502702	112.625	53.275	147.800323436291
2502705	112.775	53.275	146.290343391136
2502706	112.825	53.275	146.326913251912
2502707	112.875	53.275	139.593594113469
2504610	-117.975	53.225	153.324225772989
2504611	-117.925	53.225	153.187559015629
2504612	-117.875	53.225	153.002593679233
2508482	75.625	53.225	104.504950527385
2508483	75.675	53.225	131.250282242175
2508645	83.775	53.225	140.601920294772
2508646	83.825	53.225	140.596763573121
2508736	88.325	53.225	128.426336198837
2508805	91.775	53.225	126.482377340754
2508806	91.825	53.225	100.239398822927
2509037	103.375	53.225	121.682106452143
2509203	111.675	53.225	148.202233750629
2509204	111.725	53.225	148.235873346949
2509205	111.775	53.225	147.763087646223
2509206	111.825	53.225	147.759838382992
2509207	111.875	53.225	147.766672327237
2509208	111.925	53.225	147.750737763006
2509209	111.975	53.225	147.771306836028
2509222	112.625	53.225	147.780214455935
2509223	112.675	53.225	147.790988807089
2509224	112.725	53.225	147.802754628436
2509225	112.775	53.225	146.534191267915
2509226	112.825	53.225	146.274574027668
2511130	-117.975	53.175	153.488005997808
2515003	75.675	53.175	107.808705218306
2515004	75.725	53.175	131.233957999721
2515005	75.775	53.175	131.219460937867
2515165	83.775	53.175	140.608025719902
2515166	83.825	53.175	123.005735354265
2515167	83.875	53.175	122.912612385231
2515256	88.325	53.175	127.75767031308
2515257	88.375	53.175	127.777937196055
2515319	91.475	53.175	118.128142794072
2515320	91.525	53.175	117.564029968085
2515321	91.575	53.175	111.7196187408
2515322	91.625	53.175	113.996233753005
2515323	91.675	53.175	126.506046312751
2515324	91.725	53.175	126.497834860128
2515325	91.775	53.175	114.885393507544
2515557	103.375	53.175	121.689980335359
2515724	111.725	53.175	147.736463634433
2515725	111.775	53.175	147.742161801204
2517649	-118.025	53.125	153.710500527077
2517650	-117.975	53.125	153.525883945846
2521525	75.775	53.125	131.213600633726
2521526	75.825	53.125	131.204391960443
2521685	83.775	53.125	140.589368298505
2521686	83.825	53.125	120.918958454577
2521776	88.325	53.125	127.78396648591
2521777	88.375	53.125	127.806608104155
2521838	91.425	53.125	126.527077104809
2521839	91.475	53.125	126.521253550481
2521841	91.575	53.125	126.514835938571
2521842	91.625	53.125	126.509897897359
2522077	103.375	53.125	121.69151844585
2524168	-118.075	53.075	153.883462962698
2524169	-118.025	53.075	153.780962597125
2528046	75.825	53.075	131.197804199494
2528047	75.875	53.075	131.182780628715
2528051	76.075	53.075	131.147984767239
2528052	76.125	53.075	131.135432326168
2528203	83.675	53.075	140.504712394764
2528204	83.725	53.075	140.548022905831
2528205	83.775	53.075	120.897193887529
2528206	83.825	53.075	120.896022098373
2528296	88.325	53.075	126.672224712864
2528297	88.375	53.075	127.806460015417
2528298	88.425	53.075	127.778293188506
2528358	91.425	53.075	126.53753545059
2528597	103.375	53.075	121.696369462875
2530688	-118.075	53.025	153.988013520687
2534567	75.875	53.025	131.176848932537
2534568	75.925	53.025	131.168355900707
2534569	75.975	53.025	131.160930429163
2534570	76.025	53.025	131.154357521287
2534571	76.075	53.025	103.797814124951
2534572	76.125	53.025	131.12969426443
2534573	76.175	53.025	131.121556536188
2534574	76.225	53.025	131.111752523166
2534722	83.625	53.025	140.486604925169
2534723	83.675	53.025	108.506220273463
2534817	88.375	53.025	127.791804698779
2534818	88.425	53.025	127.768191637157
2534878	91.425	53.025	124.660671232658
2534879	91.475	53.025	126.542600803183
2534880	91.525	53.025	129.243817815027
2535117	103.375	53.025	121.701729535316
2537208	-118.075	52.975	154.106684575051
2537209	-118.025	52.975	154.183908879994
2541094	76.225	52.975	131.109867783597
2541242	83.625	52.975	140.470712444663
2541337	88.375	52.975	127.593640465586
2541338	88.425	52.975	127.765082898808
2541399	91.475	52.975	126.542421693339
2541400	91.525	52.975	126.543670509451
2541637	103.375	52.975	126.306206775014
2541638	103.425	52.975	121.708015712807
2541639	103.475	52.975	121.714458586939
2541640	103.525	52.975	121.717312547613
2541641	103.575	52.975	121.720599382339
2543728	-118.075	52.925	154.042941595126
2543729	-118.025	52.925	154.237077642395
2547614	76.225	52.925	131.088460618638
2547615	76.275	52.925	131.07142611195
2547616	76.325	52.925	131.054411459257
2547617	76.375	52.925	131.037371597663
2547618	76.425	52.925	131.025361741679
2547762	83.625	52.925	140.450442635717
2547857	88.375	52.925	127.572431966846
2547858	88.425	52.925	127.591198381815
2547919	91.475	52.925	126.541171880382
2548161	103.575	52.925	117.712095795609
2548162	103.625	52.925	121.724194132335
2548163	103.675	52.925	121.726365156183
2550248	-118.075	52.875	154.195843452877
2554137	76.375	52.875	104.190442160242
2554138	76.425	52.875	131.014802688992
2554139	76.475	52.875	130.996301195819
2554282	83.625	52.875	140.453728038986
2554377	88.375	52.875	127.572536120019
2554378	88.425	52.875	127.569915342473
2554438	91.425	52.875	126.550106511508
2554439	91.475	52.875	126.549721328692
2554683	103.675	52.875	121.203139209747
2554684	103.725	52.875	121.206340442962
2556768	-118.075	52.825	154.860702640207
2556769	-118.025	52.825	154.923592935683
2560658	76.425	52.825	130.984204810396
2560659	76.475	52.825	130.958586817799
2560660	76.525	52.825	130.947981726561
2560661	76.575	52.825	130.93796270695
2560802	83.625	52.825	141.033923763578
2560803	83.675	52.825	141.009504034386
2560898	88.425	52.825	127.870837785007
2560899	88.475	52.825	127.670262274196
2560956	91.325	52.825	127.440954108704
2560957	91.375	52.825	126.553703063441
2560958	91.425	52.825	126.551292118465
2561204	103.725	52.825	121.207243996534
2563289	-118.025	52.775	154.972061690326
2563290	-117.975	52.775	154.863125672958
2567181	76.575	52.775	130.924795818332
2567182	76.625	52.775	130.909341226782
2567323	83.675	52.775	140.991447819185
2567419	88.475	52.775	128.013560453001
2567420	88.525	52.775	128.039190131477
2567421	88.575	52.775	128.059420092557
2567476	91.325	52.775	147.792202415387
2567724	103.725	52.775	121.210551005807
2569810	-117.975	52.725	155.118849485972
2569811	-117.925	52.725	155.315707017802
2569812	-117.875	52.725	155.530854235445
2573702	76.625	52.725	130.897238197617
2573703	76.675	52.725	130.874916129029
2573842	83.625	52.725	141.018264383953
2573843	83.675	52.725	140.949756712524
2573941	88.575	52.725	128.089015014238
2573942	88.625	52.725	128.096954950486
2573996	91.325	52.725	147.841499015257
2573997	91.375	52.725	148.000066781042
2574244	103.725	52.725	121.21409541123
2574245	103.775	52.725	121.216771325083
2576332	-117.875	52.675	155.653940830483
2580222	76.625	52.675	107.138990216055
2580223	76.675	52.675	130.870269538108
2580362	83.625	52.675	117.547511364103
2580363	83.675	52.675	141.013841825146
2580461	88.575	52.675	128.141247261616
2580462	88.625	52.675	128.292641748041
2580463	88.675	52.675	128.317092676678
2580517	91.375	52.675	147.997085802248
2580518	91.425	52.675	147.995547923153
2580519	91.475	52.675	127.858576356136
2580520	91.525	52.675	147.98842481136
2580521	91.575	52.675	147.990361430267
2580522	91.625	52.675	147.989819386387
2580523	91.675	52.675	147.995183230468
2580524	91.725	52.675	147.992385898878
2580525	91.775	52.675	132.73990642734
2580765	103.775	52.675	121.217669556334
2580766	103.825	52.675	121.220363489259
2580767	103.875	52.675	121.221952688745
2580768	103.925	52.675	129.774309994336
2582852	-117.875	52.625	155.833368595185
2582853	-117.825	52.625	156.185243261781
2586742	76.625	52.625	130.860215779307
2586743	76.675	52.625	130.832190606162
2586744	76.725	52.625	130.82342080296
2586882	83.625	52.625	140.995911727571
2586983	88.675	52.625	128.322942842828
2586984	88.725	52.625	128.467149625584
2586985	88.775	52.625	127.383737107189
2587038	91.425	52.625	123.376449903119
2587039	91.475	52.625	147.991340029195
2587044	91.725	52.625	148.028158761474
2587045	91.775	52.625	148.041177189272
2587048	91.925	52.625	148.076305269931
2587049	91.975	52.625	134.160892450227
2587053	92.175	52.625	148.09814000562
2587054	92.225	52.625	148.093586540336
2587055	92.275	52.625	140.133076141006
2587288	103.925	52.625	120.631492054276
2587289	103.975	52.625	129.584491430082
2589373	-117.825	52.575	156.269064917751
2589374	-117.775	52.575	156.170605327235
2589375	-117.725	52.575	156.42369834083
2593264	76.725	52.575	130.816835518895
2593265	76.775	52.575	130.795644040333
2593402	83.625	52.575	140.982017074996
2593504	88.725	52.575	128.54955676781
2593505	88.775	52.575	128.482026481854
2593564	91.725	52.575	148.086165108397
2593565	91.775	52.575	148.0756855819
2593566	91.825	52.575	148.074430359315
2593567	91.875	52.575	148.073282646142
2593568	91.925	52.575	136.912750564431
2593569	91.975	52.575	148.051954935364
2593570	92.025	52.575	148.042614271747
2593571	92.075	52.575	148.037542502347
2593572	92.125	52.575	148.092834237224
2593573	92.175	52.575	148.099407093568
2593575	92.275	52.575	148.090684221781
2593576	92.325	52.575	148.087410493353
2593809	103.975	52.575	120.634585338029
2595895	-117.725	52.525	150.332494885852
2595896	-117.675	52.525	156.749826728088
2595897	-117.625	52.525	157.963592337247
2595898	-117.575	52.525	158.42782514917
2595899	-117.525	52.525	157.190182726102
2599785	76.775	52.525	130.78931658052
2599922	83.625	52.525	140.961477476464
2599923	83.675	52.525	106.530319499654
2600024	88.725	52.525	128.717324248394
2600025	88.775	52.525	127.807337778493
2600095	92.275	52.525	148.192706129473
2600096	92.325	52.525	148.200340611167
2600329	103.975	52.525	120.638064273655
2602419	-117.525	52.475	158.620287941676
2602420	-117.475	52.475	158.729982805969
2606305	76.775	52.475	130.782137224724
2606306	76.825	52.475	112.859704573929
2606443	83.675	52.475	140.948711980926
2606473	85.175	52.475	141.861579212651
2606474	85.225	52.475	143.128500183124
2606475	85.275	52.475	143.113523993974
2606476	85.325	52.475	143.095017099791
2606477	85.375	52.475	143.082249387666
2606542	88.625	52.475	128.308102437571
2606543	88.675	52.475	129.047588900528
2606544	88.725	52.475	128.921278656827
2606615	92.275	52.475	148.188473518413
2606616	92.325	52.475	148.179321486362
2606849	103.975	52.475	120.642576719488
2606850	104.025	52.475	120.644721916183
2606851	104.075	52.475	120.646486967167
2608940	-117.475	52.425	155.376164612722
2608941	-117.425	52.425	159.054679778654
2608942	-117.375	52.425	159.081480040992
2612824	76.725	52.425	130.76302914453
2612825	76.775	52.425	130.738270185696
2612826	76.825	52.425	105.300275414282
2612963	83.675	52.425	140.931479211991
2612977	84.375	52.425	141.783862072584
2612978	84.425	52.425	141.765006572773
2612979	84.475	52.425	141.754410261363
2612980	84.525	52.425	141.739078726818
2612981	84.575	52.425	141.72832446893
2612982	84.625	52.425	141.714004861299
2612983	84.675	52.425	141.698338658294
2612984	84.725	52.425	141.689096816906
2612985	84.775	52.425	142.122743811153
2612986	84.825	52.425	142.10402740648
2612987	84.875	52.425	142.444769213757
2612988	84.925	52.425	142.509950837246
2612989	84.975	52.425	142.492239985467
2612990	85.025	52.425	142.477322334341
2612991	85.075	52.425	142.858379779973
2612992	85.125	52.425	142.834937508018
2612993	85.175	52.425	143.148635723582
2612997	85.375	52.425	120.170377719191
2612998	85.425	52.425	143.075276220056
2612999	85.475	52.425	143.062274843316
2613000	85.525	52.425	143.062941747161
2613001	85.575	52.425	143.078345087617
2613002	85.625	52.425	143.0738953853
2613003	85.675	52.425	143.064847656288
2613004	85.725	52.425	143.061481123128
2613061	88.575	52.425	129.173535542981
2613062	88.625	52.425	129.07854811792
2613063	88.675	52.425	129.172554143657
2613136	92.325	52.425	148.175039865011
2613137	92.375	52.425	148.174672320389
2613371	104.075	52.425	127.708548869537
2613372	104.125	52.425	120.649353306901
2613373	104.175	52.425	128.70911433942
2615462	-117.375	52.375	159.632896544596
2615463	-117.325	52.375	156.733117057028
2619344	76.725	52.375	115.686763584804
2619345	76.775	52.375	130.72852785503
2619346	76.825	52.375	130.711239912847
2619483	83.675	52.375	106.12101085208
2619484	83.725	52.375	140.92064782959
2619485	83.775	52.375	142.044824743164
2619486	83.825	52.375	110.202259894238
2619493	84.175	52.375	111.650350822507
2619494	84.225	52.375	141.855492541556
2619495	84.275	52.375	141.830343321514
2619496	84.325	52.375	141.817061360163
2619497	84.375	52.375	141.802879949689
2619524	85.725	52.375	143.059468622732
2619525	85.775	52.375	143.051809798639
2619580	88.525	52.375	128.854829161086
2619581	88.575	52.375	128.882693424048
2619657	92.375	52.375	129.963419230102
2619658	92.425	52.375	148.168925978548
2619659	92.475	52.375	148.152086437754
2619892	104.125	52.375	120.629303070014
2619893	104.175	52.375	120.629965591716
2619894	104.225	52.375	120.63149398296
2619895	104.275	52.375	120.631640652513
2621983	-117.325	52.325	160.480865813941
2625866	76.825	52.325	130.702800441519
2625867	76.875	52.325	130.687234737935
2625868	76.925	52.325	119.577948458717
2626006	83.825	52.325	142.016160919106
2626007	83.875	52.325	141.990769118483
2626008	83.925	52.325	141.961462234718
2626009	83.975	52.325	141.945542408384
2626010	84.025	52.325	141.925041913965
2626011	84.075	52.325	141.912124422874
2626012	84.125	52.325	141.897849915352
2626013	84.175	52.325	141.88113135287
2626045	85.775	52.325	121.30082113508
2626046	85.825	52.325	143.059567637129
2626100	88.525	52.325	126.647270979613
2626101	88.575	52.325	129.087842311016
2626178	92.425	52.325	116.266120157334
2626179	92.475	52.325	148.154789646364
2626415	104.275	52.325	120.632511944326
2628503	-117.325	52.275	160.763693243266
2628504	-117.275	52.275	161.759520692639
2632388	76.925	52.275	130.682702195847
2632566	85.825	52.275	143.054683257014
2632619	88.475	52.275	131.48134061169
2632620	88.525	52.275	130.377968554401
2632698	92.425	52.275	148.13834980503
2632935	104.275	52.275	120.627295478657
2632936	104.325	52.275	125.747025090774
2632969	105.975	52.275	138.356039086763
2632970	106.025	52.275	142.582332059417
2632971	106.075	52.275	142.536371718069
2632972	106.125	52.275	142.490303895094
2632973	106.175	52.275	142.444209206974
2632974	106.225	52.275	142.398047472482
2632975	106.275	52.275	142.35216749564
2635024	-117.275	52.225	162.424666549706
2635025	-117.225	52.225	162.719369523391
2638907	76.875	52.225	130.661560663753
2638908	76.925	52.225	130.648399096685
2639086	85.825	52.225	144.006001934286
2639087	85.875	52.225	126.6165523074
2639138	88.425	52.225	133.550822001794
2639139	88.475	52.225	129.210292106459
2639217	92.375	52.225	148.111482205697
2639218	92.425	52.225	118.733812979286
2639456	104.325	52.225	120.166860211772
2639457	104.375	52.225	120.17155762571
2639458	104.425	52.225	123.455505021343
2639488	105.925	52.225	126.711212491627
2639489	105.975	52.225	138.399982784539
2639495	106.275	52.225	129.290132385309
2639496	106.325	52.225	142.333160565056
2639497	106.375	52.225	142.308759449666
2639498	106.425	52.225	142.298500172778
2639499	106.475	52.225	142.280276901715
2641544	-117.275	52.175	165.935749721014
2645428	76.925	52.175	130.635446100982
2645429	76.975	52.175	130.619268310824
2645607	85.875	52.175	143.994793798445
2645658	88.425	52.175	137.288172081455
2645736	92.325	52.175	148.087723231867
2645737	92.375	52.175	148.096662035839
2645978	104.425	52.175	120.18096480347
2646006	105.825	52.175	128.64829347526
2646007	105.875	52.175	129.114730218637
2646008	105.925	52.175	138.475868217985
2646019	106.475	52.175	109.977303155447
2646020	106.525	52.175	142.260159911435
2646021	106.575	52.175	142.235399617142
2646037	107.375	52.175	117.285714285714
2646038	107.425	52.175	142.052176691519
2651948	76.925	52.125	130.590588097965
2651949	76.975	52.125	130.611529553731
2652127	85.875	52.125	143.982427025081
2652254	92.225	52.125	114.837386089592
2652255	92.275	52.125	148.081067116799
2652256	92.325	52.125	145.203636623087
2652498	104.425	52.125	123.664781323938
2652499	104.475	52.125	135.040983377522
2652500	104.525	52.125	123.315424441873
2652525	105.775	52.125	131.308189890317
2652526	105.825	52.125	131.356575111501
2652541	106.575	52.125	142.223871221957
2652542	106.625	52.125	142.195080843969
2652549	106.975	52.125	142.10866314019
2652550	107.025	52.125	142.09935716542
2652551	107.075	52.125	142.095073425781
2652552	107.125	52.125	142.085386422559
2652553	107.175	52.125	142.078800698823
2652554	107.225	52.125	142.071798611864
2652555	107.275	52.125	142.064966276056
2652556	107.325	52.125	142.062917059499
2652557	107.375	52.125	142.057609241555
2652558	107.425	52.125	111.124999939165
2652559	107.475	52.125	142.041088415848
2658469	76.975	52.075	130.581626096566
2658470	77.025	52.075	99.3248174392217
2658647	85.875	52.075	123.843255767263
2658648	85.925	52.075	143.975144783889
2658772	92.125	52.075	148.117501698435
2658773	92.175	52.075	148.121983763033
2658774	92.225	52.075	148.134859290968
2659020	104.525	52.075	135.063693688086
2659021	104.575	52.075	135.070254343739
2659044	105.725	52.075	129.321525571328
2659045	105.775	52.075	130.391761614442
2659062	106.625	52.075	142.182396348485
2659063	106.675	52.075	142.153313897605
2659067	106.875	52.075	142.131701599264
2659068	106.925	52.075	142.113492247621
2659069	106.975	52.075	121.441577328931
2659070	107.025	52.075	126.616014464851
2659079	107.475	52.075	142.114789192269
2659080	107.525	52.075	117.285714285714
2664990	77.025	52.025	130.552091341707
2664991	77.075	52.025	106.963691567266
2665167	85.875	52.025	144.189392531564
2665168	85.925	52.025	143.97946903355
2665290	92.025	52.025	148.095633921405
2665291	92.075	52.025	148.100770301738
2665292	92.125	52.025	148.113279312181
2665541	104.575	52.025	125.369298032389
2665542	104.625	52.025	135.075537626459
2665562	105.625	52.025	125.27432359843
2665563	105.675	52.025	126.884976263196
2665564	105.725	52.025	127.027649886179
2665583	106.675	52.025	123.123452376774
2665584	106.725	52.025	122.4594861456
2665585	106.775	52.025	142.152955841485
2665586	106.825	52.025	142.134963108695
2665587	106.875	52.025	122.151137767898
2665599	107.475	52.025	142.096308901743
2665600	107.525	52.025	142.106077015492
2671511	77.075	51.975	130.532842715849
2671512	77.125	51.975	130.509067142717
2671513	77.175	51.975	104.656378638882
2671686	85.825	51.975	144.178172837553
2671687	85.875	51.975	144.185177416504
2671809	91.975	51.975	148.092524574536
2671810	92.025	51.975	122.234022487639
2672062	104.625	51.975	135.085110440429
2672063	104.675	51.975	135.08708012126
2672064	104.725	51.975	130.287867337495
2672081	105.575	51.975	125.549889801816
2672082	105.625	51.975	125.461995724288
2672119	107.475	51.975	142.078188596817
2678032	77.125	51.925	105.940305672768
2678033	77.175	51.925	130.494755372349
2678034	77.225	51.925	130.470644306167
2678035	77.275	51.925	130.45831521441
2678036	77.325	51.925	130.450949854148
2678206	85.825	51.925	144.208661224776
2678207	85.875	51.925	144.20499964469
2678329	91.975	51.925	148.075807686942
2678584	104.725	51.925	135.089613152966
2678585	104.775	51.925	135.09215003667
2678586	104.825	51.925	135.938008153948
2678600	105.525	51.925	126.169191766019
2678601	105.575	51.925	125.918562599604
2678639	107.475	51.925	142.0697946179
2678640	107.525	51.925	123.943788976477
2684556	77.325	51.875	105.660052998473
2684557	77.375	51.875	130.445605064691
2684724	85.725	51.875	144.209540986576
2684725	85.775	51.875	144.211613938461
2684726	85.825	51.875	144.211390289405
2684727	85.875	51.875	144.20453331023
2684849	91.975	51.875	120.3278554052
2684850	92.025	51.875	148.067602303801
2684851	92.075	51.875	148.055891800422
2685106	104.825	51.875	135.093585743366
2685118	105.425	51.875	131.380171959927
2685119	105.475	51.875	129.833166565854
2685120	105.525	51.875	130.253405846279
2685159	107.475	51.875	113.627001728969
2685160	107.525	51.875	142.02826118587
2685161	107.575	51.875	123.44379569389
2691077	77.375	51.825	99.552447546746
2691078	77.425	51.825	130.419051533268
2691244	85.725	51.825	144.286955663751
2691245	85.775	51.825	144.275663921349
2691371	92.075	51.825	116.674698909197
2691372	92.125	51.825	148.052417444086
2691626	104.825	51.825	135.095731865376
2691627	104.875	51.825	130.865875372053
2691636	105.325	51.825	131.640104287294
2691637	105.375	51.825	130.998674540096
2691638	105.425	51.825	138.390351690034
2691681	107.575	51.825	142.036591447821
2697598	77.425	51.775	130.388831281034
2697599	77.475	51.775	130.404353042029
2697764	85.725	51.775	144.278440357902
2697892	92.125	51.775	148.047095016145
2697893	92.175	51.775	148.038462796115
2698147	104.875	51.775	128.506943356474
2698148	104.925	51.775	129.041506927909
2698154	105.225	51.775	131.990615328525
2698155	105.275	51.775	138.05043744406
2698156	105.325	51.775	138.05649676171
2698199	107.475	51.775	126.784420807481
2698200	107.525	51.775	142.184842152465
2698201	107.575	51.775	122.803482666795
2704118	77.425	51.725	130.381034725551
2704284	85.725	51.725	144.273113727393
2704285	85.775	51.725	144.268110585884
2704413	92.175	51.725	148.032557358943
2704414	92.225	51.725	147.830013618505
2704415	92.275	51.725	147.824220205621
2704416	92.325	51.725	147.819635894966
2704417	92.375	51.725	132.880434608306
2704456	94.325	51.725	108.75675651374
2704457	94.375	51.725	147.352302082197
2704458	94.425	51.725	147.342134368595
2704459	94.475	51.725	147.3466141334
2704460	94.525	51.725	148.040551690622
2704461	94.575	51.725	148.051480093725
2704462	94.625	51.725	148.044167203369
2704463	94.675	51.725	148.043817124627
2704464	94.725	51.725	148.03914853176
2704668	104.925	51.725	126.985364344442
2704669	104.975	51.725	127.665302530691
2704670	105.025	51.725	137.758102314043
2704671	105.075	51.725	137.803516842889
2704672	105.125	51.725	138.012405755984
2704673	105.175	51.725	138.020926490101
2704674	105.225	51.725	138.035336181403
2704718	107.425	51.725	127.094475074834
2704719	107.475	51.725	142.162334013173
2710638	77.425	51.675	130.361842893115
2710804	85.725	51.675	128.087400041241
2710805	85.775	51.675	144.306357501614
2710937	92.375	51.675	147.815488108935
2710938	92.425	51.675	119.675987674945
2710975	94.275	51.675	147.382613554682
2710976	94.325	51.675	147.36132134737
2710982	94.625	51.675	121.470036673907
2710984	94.725	51.675	148.031804973634
2710985	94.775	51.675	148.025743283095
2710986	94.825	51.675	148.018570938501
2711237	107.375	51.675	142.1207867226
2711238	107.425	51.675	142.140814675565
2717158	77.425	51.625	130.348811568181
2717324	85.725	51.625	133.471287394288
2717325	85.775	51.625	144.312706696021
2717326	85.825	51.625	126.398733334479
2717458	92.425	51.625	147.809204890738
2717459	92.475	51.625	147.784207028874
2717460	92.525	51.625	147.759666379968
2717461	92.575	51.625	120.15647139016
2717462	92.625	51.625	116.259735835859
2717492	94.125	51.625	117.866666666667
2717493	94.175	51.625	147.40776796244
2717494	94.225	51.625	147.390170269345
2717495	94.275	51.625	120.768432392278
2717506	94.825	51.625	126.7366699753
2717507	94.875	51.625	148.022615795494
2717508	94.925	51.625	148.084480793235
2717509	94.975	51.625	148.076714799882
2717510	95.025	51.625	148.064855093969
2717511	95.075	51.625	148.043924561683
2717512	95.125	51.625	126.815920152964
2717757	107.375	51.625	142.116145293103
2723678	77.425	51.575	130.333596756739
2723679	77.475	51.575	130.321388910083
2723680	77.525	51.575	103.146732490703
2723846	85.825	51.575	144.704788448737
2723847	85.875	51.575	144.708455116615
2723848	85.925	51.575	144.736765813095
2723982	92.625	51.575	147.683904558263
2723983	92.675	51.575	147.659502892669
2723984	92.725	51.575	147.645099121905
2723985	92.775	51.575	147.636255748852
2723986	92.825	51.575	147.626791689974
2723987	92.875	51.575	147.620251207534
2723988	92.925	51.575	147.614073582404
2723989	92.975	51.575	147.605768079016
2723990	93.025	51.575	147.596581347476
2723991	93.075	51.575	147.591168369962
2723992	93.125	51.575	147.58498881895
2723993	93.175	51.575	147.571997927871
2723994	93.225	51.575	147.565852924359
2723995	93.275	51.575	147.560209152992
2723996	93.325	51.575	147.554810406812
2723997	93.375	51.575	147.545585544649
2723998	93.425	51.575	147.537604595878
2723999	93.475	51.575	147.530078603713
2724000	93.525	51.575	147.517451605041
2724001	93.575	51.575	147.510461889481
2724002	93.625	51.575	147.500166686908
2724003	93.675	51.575	147.491224336255
2724004	93.725	51.575	147.483729187739
2724005	93.775	51.575	147.475053237953
2724006	93.825	51.575	147.466001644226
2724007	93.875	51.575	147.458635152048
2724008	93.925	51.575	147.445460183608
2724009	93.975	51.575	147.4390940766
2724010	94.025	51.575	147.4142964946
2724011	94.075	51.575	147.409186153175
2724012	94.125	51.575	147.413864072716
2724032	95.125	51.575	148.031364076064
2724033	95.175	51.575	148.031904288279
2724034	95.225	51.575	148.025726824477
2724035	95.275	51.575	123.286177177248
2724276	107.325	51.575	122.116071810945
2724277	107.375	51.575	142.107695382847
2730199	77.475	51.525	130.317346267068
2730200	77.525	51.525	130.308378172751
2730201	77.575	51.525	130.303709346526
2730202	77.625	51.525	130.292691791194
2730203	77.675	51.525	130.285165449774
2730368	85.925	51.525	144.737904426601
2730369	85.975	51.525	128.621299062315
2730555	95.275	51.525	148.060284110882
2730556	95.325	51.525	148.047814647888
2730557	95.375	51.525	148.040874886431
2730558	95.425	51.525	148.087133670289
2730559	95.475	51.525	148.091946377906
2730560	95.525	51.525	148.092560184986
2730606	97.825	51.525	152.128783129894
2730607	97.875	51.525	152.089193260541
2730608	97.925	51.525	152.09607431826
2730609	97.975	51.525	152.04235445932
2730610	98.025	51.525	152.055004367254
2730611	98.075	51.525	152.062707784917
2730793	107.175	51.525	142.049736095215
2730794	107.225	51.525	142.075211722444
2730795	107.275	51.525	142.078862745351
2730796	107.325	51.525	142.095262378207
2736723	77.675	51.475	130.277549067436
2736724	77.725	51.475	130.258021490243
2736725	77.775	51.475	130.251263449332
2736889	85.975	51.475	144.813339681716
2737080	95.525	51.475	148.113536638368
2737081	95.575	51.475	148.097130156158
2737082	95.625	51.475	125.40755006697
2737123	97.675	51.475	158.165241754255
2737124	97.725	51.475	152.114827605671
2737125	97.775	51.475	152.109169391066
2737126	97.825	51.475	139.757636346897
2737127	97.875	51.475	140.874963252629
2737129	97.975	51.475	134.790507310528
2737130	98.025	51.475	150.1582966411
2737131	98.075	51.475	150.84676124194
2737132	98.125	51.475	150.860077640677
2737133	98.175	51.475	150.87397883048
2737134	98.225	51.475	150.882799550994
2737135	98.275	51.475	155.815370695841
2737139	98.475	51.475	150.006331215826
2737140	98.525	51.475	149.974339196167
2737141	98.575	51.475	149.242294808275
2737142	98.625	51.475	148.725727779946
2737143	98.675	51.475	148.725521027194
2737144	98.725	51.475	148.68598322808
2737145	98.775	51.475	148.464742717803
2737146	98.825	51.475	148.466746907675
2737147	98.875	51.475	148.418093366132
2737148	98.925	51.475	148.433867347455
2737149	98.975	51.475	148.335536184456
2737150	99.025	51.475	148.291306384995
2737151	99.075	51.475	143.889586937397
2737311	107.075	51.475	142.038935460134
2737312	107.125	51.475	142.042624932472
2737313	107.175	51.475	117.398476946392
2743245	77.775	51.425	106.097561152732
2743246	77.825	51.425	130.244662778138
2743409	85.975	51.425	144.987694461258
2743602	95.625	51.425	148.095556344785
2743603	95.675	51.425	125.14202089671
2743640	97.525	51.425	139.82508399307
2743641	97.575	51.425	152.108827256925
2743642	97.625	51.425	152.1109634519
2743643	97.675	51.425	152.166180521494
2743655	98.275	51.425	150.825038935728
2743656	98.325	51.425	150.77872264674
2743657	98.375	51.425	150.687953167688
2743658	98.425	51.425	150.691990951581
2743659	98.475	51.425	150.017381726425
2743660	98.525	51.425	149.248654150458
2743661	98.575	51.425	147.45476584631
2743671	99.075	51.425	143.896281904686
2743672	99.125	51.425	143.892868336066
2743673	99.175	51.425	143.936050588266
2743674	99.225	51.425	143.970036750882
2743675	99.275	51.425	144.000185420888
2743676	99.325	51.425	144.015962048691
2743829	106.975	51.425	125.183886838355
2743830	107.025	51.425	142.032443190174
2743831	107.075	51.425	115.681034441039
2749766	77.825	51.375	106.156982831686
2749767	77.875	51.375	130.220338360828
2749929	85.975	51.375	145.021254293515
2749930	86.025	51.375	145.021003388907
2750123	95.675	51.375	148.192153902086
2750124	95.725	51.375	148.882914287977
2750130	96.025	51.375	149.051298633247
2750131	96.075	51.375	149.04082602889
2750132	96.125	51.375	149.06366913474
2750133	96.175	51.375	149.063703331736
2750134	96.225	51.375	129.286212622047
2750138	96.425	51.375	127.799411787545
2750139	96.475	51.375	128.995569935484
2750142	96.625	51.375	149.721543012423
2750143	96.675	51.375	149.737986050877
2750144	96.725	51.375	149.735256184419
2750145	96.775	51.375	149.771611637235
2750146	96.825	51.375	149.775968904177
2750147	96.875	51.375	134.591307878179
2750152	97.125	51.375	151.141927033681
2750153	97.175	51.375	151.836562571505
2750155	97.275	51.375	151.945836635692
2750156	97.325	51.375	151.965299551105
2750157	97.375	51.375	151.979398497468
2750158	97.425	51.375	151.931915251574
2750159	97.475	51.375	152.006463024507
2750160	97.525	51.375	152.030420275121
2750161	97.575	51.375	152.061086861814
2750196	99.325	51.375	144.165600625621
2750197	99.375	51.375	144.113766640362
2750349	106.975	51.375	142.013384496386
2756287	77.875	51.325	105.799509052608
2756288	77.925	51.325	130.207254875293
2756289	77.975	51.325	130.193294817317
2756450	86.025	51.325	145.166030444461
2756644	95.725	51.325	148.88154880685
2756646	95.825	51.325	126.759136979815
2756647	95.875	51.325	148.873108919868
2756648	95.925	51.325	148.863387502487
2756649	95.975	51.325	149.049837955679
2756650	96.025	51.325	149.047690084749
2756654	96.225	51.325	149.063265294312
2756655	96.275	51.325	149.572090728785
2756656	96.325	51.325	149.563702072786
2756657	96.375	51.325	149.561953238999
2756658	96.425	51.325	149.563817709785
2756659	96.475	51.325	149.622235996709
2756660	96.525	51.325	149.620028579356
2756661	96.575	51.325	149.711323994235
2756662	96.625	51.325	126.112953583289
2756667	96.875	51.325	149.788666735393
2756668	96.925	51.325	149.778121565357
2756669	96.975	51.325	149.786921337944
2756670	97.025	51.325	151.804113237383
2756671	97.075	51.325	151.825635670646
2756672	97.125	51.325	151.826750010308
2756673	97.175	51.325	151.838404495369
2756674	97.225	51.325	151.889381607765
2756675	97.275	51.325	151.908981457834
2756717	99.375	51.325	130.992106448197
2756718	99.425	51.325	142.730053783019
2756719	99.475	51.325	142.685460269912
2756869	106.975	51.325	142.000393679387
2762809	77.975	51.275	130.189164535497
2762810	78.025	51.275	130.181125911917
2762811	78.075	51.275	130.175794893808
2762970	86.025	51.275	145.220078078987
2762971	86.075	51.275	145.220115959028
2763164	95.725	51.275	125.144979304204
2763165	95.775	51.275	148.846942397249
2763166	95.825	51.275	148.836655972885
2763238	99.425	51.275	142.639090277122
2763239	99.475	51.275	142.682493221909
2763387	106.875	51.275	142.322871100545
2763388	106.925	51.275	142.342371179769
2763389	106.975	51.275	138.87345708262
2769330	78.025	51.225	130.167817456952
2769331	78.075	51.225	130.173183679865
2769491	86.075	51.225	145.262185370635
2769758	99.425	51.225	142.879451653835
2769905	106.775	51.225	142.303867733813
2769906	106.825	51.225	142.308553347856
2769907	106.875	51.225	142.317061282331
2775850	78.025	51.175	130.155644894596
2775851	78.075	51.175	130.141701143762
2775852	78.125	51.175	130.129220984418
2776011	86.075	51.175	145.289062074793
2776012	86.125	51.175	145.288124146622
2776013	86.175	51.175	145.290085935175
2776278	99.425	51.175	142.881093253065
2776279	99.475	51.175	142.970120293187
2776424	106.725	51.175	142.275710798812
2776425	106.775	51.175	142.290788099189
2782371	78.075	51.125	130.115740174305
2782532	86.125	51.125	132.357848091251
2782533	86.175	51.125	145.343907309393
2782799	99.475	51.125	140.197077471849
2782800	99.525	51.125	143.020071582802
2782943	106.675	51.125	142.252153378657
2782944	106.725	51.125	142.268602299562
2788891	78.075	51.075	130.096535434528
2788892	78.125	51.075	130.084852849127
2789052	86.125	51.075	130.674862768745
2789053	86.175	51.075	145.396841321368
2789054	86.225	51.075	126.708123389316
2789318	99.425	51.075	140.240811619555
2789319	99.475	51.075	140.167211604309
2789462	106.625	51.075	124.692075823076
2789463	106.675	51.075	142.24494671531
2795412	78.125	51.025	130.079599755169
2795413	78.175	51.025	130.068039777429
2795574	86.225	51.025	145.399938359171
2795838	99.425	51.025	140.362062352985
2795978	106.425	51.025	142.878208039547
2795979	106.475	51.025	142.887888980919
2795980	106.525	51.025	142.895743420797
2795981	106.575	51.025	142.903228305347
2795982	106.625	51.025	142.916277833184
2801933	78.175	50.975	130.06272943124
2801934	78.225	50.975	130.051814839323
2802094	86.225	50.975	134.470095227845
2802095	86.275	50.975	145.405734398498
2802358	99.425	50.975	140.434572130956
2802496	106.325	50.975	142.879004327707
2802497	106.375	50.975	142.897301135431
2802498	106.425	50.975	129.774194466646
2808454	78.225	50.925	130.045920700335
2808455	78.275	50.925	104.907357155396
2808615	86.275	50.925	145.430162143092
2808616	86.325	50.925	145.426648608796
2808877	99.375	50.925	140.637745979385
2808878	99.425	50.925	133.260749314849
2809015	106.275	50.925	142.868351771194
2809016	106.325	50.925	128.971429404733
2814975	78.275	50.875	130.033501183046
2814976	78.325	50.875	130.007756824384
2814977	78.375	50.875	130.149343662803
2815136	86.325	50.875	145.43330483957
2815137	86.375	50.875	145.433423550255
2815138	86.425	50.875	145.424540270095
2815397	99.375	50.875	141.45027227283
2815535	106.275	50.875	142.877536928234
2821497	78.375	50.825	104.464470441882
2821498	78.425	50.825	130.143073403524
2821499	78.475	50.825	130.123668613343
2821500	78.525	50.825	104.742655084612
2821658	86.425	50.825	145.428534315397
2821659	86.475	50.825	145.436867327462
2821916	99.325	50.825	142.099094357554
2821917	99.375	50.825	141.47820956692
2822055	106.275	50.825	142.863312210476
2828020	78.525	50.775	130.100367116974
2828021	78.575	50.775	130.134320795209
2828179	86.475	50.775	145.438377551777
2828180	86.525	50.775	145.903098552244
2828433	99.175	50.775	142.761274753755
2828434	99.225	50.775	142.682751329224
2828435	99.275	50.775	142.490927556567
2828436	99.325	50.775	138.091449489607
2828575	106.275	50.775	142.851812308813
2834541	78.575	50.725	103.068817329077
2834542	78.625	50.725	130.18000883281
2834543	78.675	50.725	130.162454430762
2834700	86.525	50.725	145.949594009914
2834943	98.675	50.725	151.675211067664
2834954	99.225	50.725	140.46007413505
2835095	106.275	50.725	142.840307765931
2835096	106.325	50.725	143.510151371274
2841063	78.675	50.675	102.928976678496
2841064	78.725	50.675	130.157380942297
2841065	78.775	50.675	130.133392090538
2841072	79.125	50.675	130.076850794641
2841073	79.175	50.675	130.060136157471
2841074	79.225	50.675	130.051147816031
2841076	79.325	50.675	130.679464241225
2841219	86.475	50.675	145.95321508679
2841220	86.525	50.675	145.950343346914
2841463	98.675	50.675	149.257404856565
2841464	98.725	50.675	148.162001425272
2841465	98.775	50.675	144.418136495716
2841474	99.225	50.675	140.700544643251
2841615	106.275	50.675	143.494024213742
2841616	106.325	50.675	143.503350059341
2847585	78.775	50.625	130.125228625158
2847586	78.825	50.625	130.132000022102
2847587	78.875	50.625	130.116613588312
2847588	78.925	50.625	130.112597564629
2847589	78.975	50.625	130.103437201528
2847590	79.025	50.625	130.101211163368
2847591	79.075	50.625	130.090339945303
2847592	79.125	50.625	130.082268694991
2847594	79.225	50.625	130.043274853623
2847595	79.275	50.625	130.033455108505
2847596	79.325	50.625	130.684920845244
2847597	79.375	50.625	130.672723028979
2847598	79.425	50.625	130.66355552704
2847599	79.475	50.625	130.659680885518
2847740	86.525	50.625	145.953084534319
2847985	98.775	50.625	146.890784256072
2847986	98.825	50.625	146.526355356183
2847992	99.125	50.625	141.388967934843
2847993	99.175	50.625	141.147816608401
2847994	99.225	50.625	140.945583552613
2848133	106.175	50.625	138.686180765811
2848134	106.225	50.625	143.488892056792
2848135	106.275	50.625	134.19230832876
2854119	79.475	50.575	98.5833536347201
2854120	79.525	50.575	130.654622241988
2854121	79.575	50.575	130.645620897814
2854260	86.525	50.575	145.984637904055
2854261	86.575	50.575	145.991465394105
2854506	98.825	50.575	145.554040246094
2854507	98.875	50.575	145.182486389526
2854508	98.925	50.575	144.504597978503
2854509	98.975	50.575	143.781048447421
2854510	99.025	50.575	139.221762079358
2854511	99.075	50.575	141.638727707722
2854512	99.125	50.575	138.345086506329
2854653	106.175	50.575	143.457810914935
2854654	106.225	50.575	143.443870101593
2854655	106.275	50.575	125.363770389748
2860641	79.575	50.525	100.755553123962
2860642	79.625	50.525	130.64759921888
2860643	79.675	50.525	130.639029653413
2860644	79.725	50.525	130.619054104323
2860651	80.075	50.525	130.593021452676
2860781	86.575	50.525	145.995932958076
2860782	86.625	50.525	146.001118249372
2861030	99.025	50.525	143.157788549413
2861031	99.075	50.525	141.948709367577
2861172	106.125	50.525	123.54430474076
2861173	106.175	50.525	143.410517677142
2861174	106.225	50.525	143.419963983728
2861175	106.275	50.525	143.434856319614
2867163	79.675	50.475	130.627931192399
2867164	79.725	50.475	130.611927255405
2867165	79.775	50.475	130.603818840486
2867166	79.825	50.475	130.597360015586
2867167	79.875	50.475	130.585628930439
2867168	79.925	50.475	130.582483732611
2867169	79.975	50.475	130.572354001172
2867170	80.025	50.475	130.564770065642
2867171	80.075	50.475	130.585440459441
2867172	80.125	50.475	130.583208893179
2867173	80.175	50.475	130.581739761299
2867174	80.225	50.475	106.504962726438
2867302	86.625	50.475	145.995666853571
2867691	106.075	50.475	118.111111226657
2867692	106.125	50.475	143.395003875973
2873694	80.225	50.425	130.6055505421
2873709	80.975	50.425	131.303649326069
2873710	81.025	50.425	103.170154607407
2873711	81.075	50.425	131.302144849341
2873822	86.625	50.425	146.011292452252
2873823	86.675	50.425	140.431798686111
2874211	106.075	50.425	143.371611935334
2880214	80.225	50.375	114.392868339075
2880215	80.275	50.375	130.607932057223
2880216	80.325	50.375	130.604694581168
2880217	80.375	50.375	130.596511601249
2880218	80.425	50.375	130.583130200898
2880219	80.475	50.375	130.580216526585
2880220	80.525	50.375	130.599290787343
2880221	80.575	50.375	130.595225064288
2880222	80.625	50.375	130.592616494368
2880223	80.675	50.375	130.592507515687
2880224	80.725	50.375	130.586915108855
2880225	80.775	50.375	98.5127361269091
2880226	80.825	50.375	130.572633707575
2880227	80.875	50.375	130.588738847646
2880228	80.925	50.375	131.307362947836
2880229	80.975	50.375	131.303230106599
2880230	81.025	50.375	131.308699894334
2880231	81.075	50.375	103.028515608426
2880232	81.125	50.375	131.296243844998
2880233	81.175	50.375	131.28861524279
2880343	86.675	50.375	146.007988474177
2880731	106.075	50.375	143.35063885401
2886744	80.725	50.325	99.9656754978848
2886745	80.775	50.325	130.577795131242
2886753	81.175	50.325	100.821434299162
2886754	81.225	50.325	131.332345556301
2886755	81.275	50.325	131.317212260636
2886756	81.325	50.325	131.287548883564
2886757	81.375	50.325	131.494888983269
2886758	81.425	50.325	131.483013614512
2886759	81.475	50.325	131.458244225343
2886760	81.525	50.325	131.445453681351
2886761	81.575	50.325	102.869836407311
2886863	86.675	50.325	145.622340687108
2886864	86.725	50.325	145.62151557911
2887251	106.075	50.325	143.34016045669
2887252	106.125	50.325	143.325416422318
2893281	81.575	50.275	131.439490286788
2893282	81.625	50.275	131.394878747106
2893284	81.725	50.275	131.95144468781
2893361	85.575	50.275	137.036604757402
2893362	85.625	50.275	142.182018194425
2893363	85.675	50.275	142.167901373773
2893364	85.725	50.275	142.048001896183
2893383	86.675	50.275	136.889799012608
2893384	86.725	50.275	145.629485277371
2893772	106.125	50.275	143.31805755023
2899802	81.625	50.225	103.355368728707
2899803	81.675	50.225	103.063980625852
2899804	81.725	50.225	104.058552804152
2899805	81.775	50.225	131.95788460774
2899807	81.875	50.225	132.00376065342
2899808	81.925	50.225	132.002518740817
2899809	81.975	50.225	132.002504992831
2899810	82.025	50.225	132.036313489862
2899811	82.075	50.225	108.768262119301
2899812	82.125	50.225	132.075421295603
2899813	82.175	50.225	132.098783889871
2899814	82.225	50.225	132.101204282391
2899815	82.275	50.225	132.198468514607
2899880	85.525	50.225	146.642280067712
2899881	85.575	50.225	146.588728111825
2899884	85.725	50.225	142.050603341824
2899885	85.775	50.225	141.90985726149
2899886	85.825	50.225	141.789580915459
2899887	85.875	50.225	141.924444933771
2899888	85.925	50.225	135.673424469576
2899903	86.675	50.225	145.641598712279
2900291	106.075	50.225	143.462080214118
2900292	106.125	50.225	143.477361502498
2906325	81.775	50.175	104.863323362426
2906326	81.825	50.175	131.952141232597
2906327	81.875	50.175	107.761073492479
2906330	82.025	50.175	108.326248767697
2906331	82.075	50.175	132.042793166007
2906335	82.275	50.175	132.205405084042
2906399	85.475	50.175	146.87714871637
2906400	85.525	50.175	120.662455123057
2906408	85.925	50.175	141.801384867073
2906409	85.975	50.175	141.884615550277
2906410	86.025	50.175	141.842826948752
2906415	86.275	50.175	122.352155964618
2906416	86.325	50.175	142.897422359948
2906417	86.375	50.175	142.89808521845
2906418	86.425	50.175	142.905825532818
2906420	86.525	50.175	143.061070198874
2906421	86.575	50.175	143.05418058115
2906422	86.625	50.175	143.067705782242
2906423	86.675	50.175	158.282654414482
2906809	105.975	50.175	143.440196977895
2906810	106.025	50.175	143.455311552863
2906811	106.075	50.175	118.010928930276
2912855	82.275	50.125	132.214729809438
2912856	82.325	50.125	132.216793206633
2912919	85.475	50.125	146.912768351432
2912930	86.025	50.125	141.879959966765
2912931	86.075	50.125	141.841779496757
2912932	86.125	50.125	141.824798662293
2912933	86.175	50.125	142.578647420316
2912934	86.225	50.125	142.557850538991
2912935	86.275	50.125	142.560799187265
2912937	86.375	50.125	142.898681729174
2912938	86.425	50.125	128.875257149139
2912939	86.475	50.125	142.894346595008
2912940	86.525	50.125	143.043772951902
2913326	105.825	50.125	143.397122521352
2913327	105.875	50.125	143.41319875352
2913328	105.925	50.125	143.42775675138
2913329	105.975	50.125	143.435193831596
2919376	82.325	50.075	132.303158533613
2919377	82.375	50.075	132.303473960718
2919378	82.425	50.075	107.489239366499
2919438	85.425	50.075	128.318682776022
2919439	85.475	50.075	147.827286629656
2919845	105.775	50.075	143.390780832188
2919846	105.825	50.075	111.442307367781
2925898	82.425	50.025	132.640904447082
2925899	82.475	50.025	132.631344605687
2925900	82.525	50.025	132.649831293137
2925958	85.425	50.025	147.941968184166
2926363	105.675	50.025	131.029411921409
2926364	105.725	50.025	143.351732438656
2926365	105.775	50.025	143.372175955872
2932420	82.525	49.975	132.667042049388
2932421	82.575	49.975	132.668613425296
2932478	85.425	49.975	148.142136122849
2932880	105.525	49.975	143.29894103568
2932881	105.575	49.975	143.323850681891
2932882	105.625	49.975	143.33100959191
2932883	105.675	49.975	143.34039544144
2938941	82.575	49.925	132.674964392476
2938942	82.625	49.925	132.839900172961
2938943	82.675	49.925	132.859769873129
2938944	82.725	49.925	133.224004248356
2938945	82.775	49.925	133.229732414404
2938998	85.425	49.925	148.377242656918
2938999	85.475	49.925	148.403357004295
2939398	105.425	49.925	143.272654907192
2939399	105.475	49.925	143.281419759136
2939400	105.525	49.925	143.293154031438
2945463	82.675	49.875	112.742324709446
2945464	82.725	49.875	132.869488347481
2945465	82.775	49.875	133.234819052758
2945466	82.825	49.875	133.245274350415
2945467	82.875	49.875	133.257562201427
2945519	85.475	49.875	148.279283437143
2945918	105.425	49.875	143.276687173135
2951987	82.875	49.825	133.306986074838
2951988	82.925	49.825	133.312284310005
2952039	85.475	49.825	147.651591371947
2952040	85.525	49.825	147.743113086157
2952433	105.175	49.825	143.217768215297
2952434	105.225	49.825	143.233201236438
2952435	105.275	49.825	143.241115316283
2952436	105.325	49.825	143.247651968968
2952437	105.375	49.825	143.259217860728
2952438	105.425	49.825	124.412500273733
2958508	82.925	49.775	133.36081986972
2958509	82.975	49.775	133.365532869549
2958560	85.525	49.775	147.784878389987
2958561	85.575	49.775	148.199606781278
2958580	86.525	49.775	169.847684730578
2958950	105.025	49.775	143.169055022783
2958951	105.075	49.775	143.191318558034
2958952	105.125	49.775	143.199044082377
2958953	105.175	49.775	143.210521880514
2965029	82.975	49.725	133.400460505294
2965030	83.025	49.725	133.409929510019
2965081	85.575	49.725	148.143501724526
2965082	85.625	49.725	144.921840826636
2965099	86.475	49.725	160.232627880655
2965100	86.525	49.725	164.377825306762
2965466	104.825	49.725	129.104484190562
2965467	104.875	49.725	143.123498001382
2965468	104.925	49.725	143.129421542724
2965469	104.975	49.725	143.149482929274
2965470	105.025	49.725	123.827084393532
2965471	105.075	49.725	143.184168627562
2971550	83.025	49.675	133.483967198417
2971551	83.075	49.675	133.710840323471
2971552	83.125	49.675	133.769981099952
2971553	83.175	49.675	133.775204855133
2971554	83.225	49.675	133.779414027182
2971555	83.275	49.675	133.824462956755
2971556	83.325	49.675	133.831224941022
2971557	83.375	49.675	133.884567355409
2971602	85.625	49.675	148.405824095616
2971603	85.675	49.675	151.923063330113
2971604	85.725	49.675	151.794435527555
2971618	86.425	49.675	162.915956405428
2971619	86.475	49.675	159.983533531651
2971981	104.575	49.675	137.775000603851
2971982	104.625	49.675	143.091016169109
2971983	104.675	49.675	143.097851602594
2971984	104.725	49.675	143.099307461317
2971985	104.775	49.675	143.107681064015
2971986	104.825	49.675	143.116861830783
2978076	83.325	49.625	113.477772418279
2978077	83.375	49.625	139.601559035279
2978078	83.425	49.625	139.590944343955
2978124	85.725	49.625	152.220593023116
2978127	85.875	49.625	153.742351436871
2978131	86.075	49.625	155.83066564373
2978132	86.125	49.625	154.730849896797
2978133	86.175	49.625	154.482711683095
2978134	86.225	49.625	155.269993450385
2978135	86.275	49.625	156.032604742126
2978136	86.325	49.625	155.689035114312
2978137	86.375	49.625	156.961121089144
2978138	86.425	49.625	158.15164713188
2978499	104.475	49.625	123.402343541749
2978500	104.525	49.625	143.066630610166
2978501	104.575	49.625	143.072299196008
2978502	104.625	49.625	143.086015566632
2984598	83.425	49.575	116.015995292031
2984599	83.475	49.575	139.594496401603
2984600	83.525	49.575	139.747538295332
2984601	83.575	49.575	139.753516744103
2984644	85.725	49.575	153.179967833841
2984645	85.775	49.575	153.343318341528
2984646	85.825	49.575	153.455471692326
2984647	85.875	49.575	153.672721218351
2984648	85.925	49.575	153.42804968844
2984649	85.975	49.575	153.520997539127
2984650	86.025	49.575	153.658753871341
2984651	86.075	49.575	153.837100619979
2985018	104.425	49.575	143.03325185206
2985019	104.475	49.575	143.051979976933
2991121	83.575	49.525	140.896494644999
2991122	83.625	49.525	140.888708894106
2991123	83.675	49.525	104.972206622592
2991536	104.325	49.525	143.015037855145
2991537	104.375	49.525	143.022082019353
2991538	104.425	49.525	131.421965534933
2997643	83.675	49.475	140.890799665653
2997644	83.725	49.475	141.044031856782
2997645	83.775	49.475	141.039825361471
2997646	83.825	49.475	141.042294926243
2997997	101.375	49.475	137.727912628911
2998046	103.825	49.475	142.943818189557
2998047	103.875	49.475	142.948993677773
2998048	103.925	49.475	142.954186153419
2998049	103.975	49.475	142.956501531941
2998050	104.025	49.475	142.965828004609
2998051	104.075	49.475	142.970776586911
2998052	104.125	49.475	142.968974811133
2998053	104.175	49.475	142.985408247511
2998054	104.225	49.475	142.997092897112
2998055	104.275	49.475	143.009551071537
2998056	104.325	49.475	143.005359406051
3004166	83.825	49.425	112.78809837711
3004167	83.875	49.425	141.050862679568
3004168	83.925	49.425	141.059938573191
3004512	101.125	49.425	138.030410532912
3004513	101.175	49.425	146.204294810635
3004514	101.225	49.425	146.218145268525
3004515	101.275	49.425	146.228910200461
3004516	101.325	49.425	146.252886987404
3004517	101.375	49.425	146.258595844616
3004518	101.425	49.425	146.256300520623
3004519	101.475	49.425	146.266860467459
3004520	101.525	49.425	146.27848343366
3004521	101.575	49.425	135.580616460433
3004525	101.775	49.425	146.250930412095
3004526	101.825	49.425	146.302738476209
3004527	101.875	49.425	146.333358289945
3004528	101.925	49.425	146.349129550319
3004529	101.975	49.425	146.212458527512
3004530	102.025	49.425	146.220963701485
3004563	103.675	49.425	142.920777799535
3004564	103.725	49.425	142.92701730136
3004565	103.775	49.425	142.940567873825
3004566	103.825	49.425	129.504244465591
3004574	104.225	49.425	142.746988693859
3004575	104.275	49.425	143.003637792865
3010688	83.925	49.375	109.779382307579
3010689	83.975	49.375	141.092752871004
3010690	84.025	49.375	141.209509926332
3011031	101.075	49.375	138.373378639476
3011032	101.125	49.375	146.194378875191
3011035	101.275	49.375	146.244655125385
3011040	101.525	49.375	146.290499835385
3011041	101.575	49.375	146.300279994188
3011042	101.625	49.375	146.311116866919
3011043	101.675	49.375	146.319164899887
3011044	101.725	49.375	146.228708455378
3011045	101.775	49.375	146.244666303274
3011046	101.825	49.375	146.324771863849
3011047	101.875	49.375	139.097142809373
3011048	101.925	49.375	132.481894208508
3011049	101.975	49.375	146.361110850782
3011050	102.025	49.375	146.231709714229
3011051	102.075	49.375	146.246375817719
3011052	102.125	49.375	146.260491888635
3011056	102.325	49.375	146.323447659478
3011057	102.375	49.375	146.335831640025
3011060	102.525	49.375	146.378964789914
3011061	102.575	49.375	145.825694781118
3011062	102.625	49.375	145.832120095224
3011063	102.675	49.375	145.862464868129
3011064	102.725	49.375	145.874144610595
3011065	102.775	49.375	145.888206288491
3011066	102.825	49.375	145.918703633877
3011067	102.875	49.375	145.943711364508
3011068	102.925	49.375	145.953506983489
3011069	102.975	49.375	145.909999793595
3011070	103.025	49.375	130.98142386429
3011079	103.475	49.375	133.287769747102
3011080	103.525	49.375	145.974256933849
3011081	103.575	49.375	145.983624043768
3011082	103.625	49.375	142.90179967187
3011083	103.675	49.375	142.915626173993
3017210	84.025	49.325	141.213210509491
3017211	84.075	49.325	141.228323586606
3017549	100.975	49.325	146.200931293208
3017550	101.025	49.325	146.222436520213
3017551	101.075	49.325	146.238631618539
3017572	102.125	49.325	146.266492337555
3017573	102.175	49.325	146.277723178717
3017574	102.225	49.325	146.288431431587
3017575	102.275	49.325	146.30230358853
3017576	102.325	49.325	146.315299120598
3017577	102.375	49.325	140.336256266328
3017578	102.425	49.325	140.3577523661
3017579	102.475	49.325	140.379816265155
3017580	102.525	49.325	140.415643149911
3017585	102.775	49.325	145.893415594039
3017586	102.825	49.325	145.907210341547
3017590	103.025	49.325	145.945622855419
3017591	103.075	49.325	145.861548188295
3017592	103.125	49.325	145.87316497649
3017593	103.175	49.325	145.885840968705
3017594	103.225	49.325	145.902871207139
3017595	103.275	49.325	145.913409813602
3017596	103.325	49.325	145.920561996801
3017597	103.375	49.325	145.933634515383
3017598	103.425	49.325	145.947660207478
3017599	103.475	49.325	145.965739859093
3023731	84.075	49.275	107.16967303211
3023732	84.125	49.275	141.233899844946
3023733	84.175	49.275	141.237363909399
3024063	100.675	49.275	146.120929110607
3024064	100.725	49.275	146.132125226633
3024065	100.775	49.275	146.142190970434
3024066	100.825	49.275	146.151488594438
3024067	100.875	49.275	146.163475659521
3024068	100.925	49.275	146.173385851395
3024069	100.975	49.275	146.189579489794
3030253	84.175	49.225	141.237999861342
3030254	84.225	49.225	141.252253932972
3030583	100.675	49.225	147.18998076623
3036774	84.225	49.175	141.233575793901
3037103	100.675	49.175	147.172639209563
3043292	84.125	49.125	107.933667457995
3043293	84.175	49.125	142.316886087152
3043294	84.225	49.125	142.445998593195
3043621	100.575	49.125	138.579160645019
3043622	100.625	49.125	146.469071958107
3043623	100.675	49.125	147.865436579344
3049808	83.925	49.075	105.824049110394
3049809	83.975	49.075	142.338352139036
3049810	84.025	49.075	142.341627424146
3049811	84.075	49.075	142.306570240391
3049812	84.125	49.075	142.310123648491
3050139	100.475	49.075	140.237120179343
3050140	100.525	49.075	146.423373590291
3050141	100.575	49.075	146.462479677838
3056324	83.725	49.025	101.497606940653
3056325	83.775	49.025	142.261393368158
3056326	83.825	49.025	142.323586387232
3056327	83.875	49.025	142.318785482041
3056328	83.925	49.025	142.312870259463
3056656	100.325	49.025	137.964129696065
3056657	100.375	49.025	146.432331129511
3056658	100.425	49.025	146.470451343089
3056659	100.475	49.025	146.416740659977
3062841	83.575	48.975	142.26801570053
3062842	83.625	48.975	142.120536111073
3062843	83.675	48.975	142.151106582546
3062844	83.725	48.975	142.233627815033
3063174	100.225	48.975	146.381105778462
3063175	100.275	48.975	146.395069567502
3063176	100.325	48.975	146.404170939693
3069360	83.525	48.925	142.22442705602
3069361	83.575	48.925	142.251009640724
3069690	100.025	48.925	146.348808441273
3069691	100.075	48.925	146.34425883941
3069692	100.125	48.925	146.345869798779
3069693	100.175	48.925	146.364756496042
3069694	100.225	48.925	146.369230845706
3075879	83.475	48.875	142.234360298018
3075880	83.525	48.875	98.8525282085726
3076208	99.925	48.875	146.310426178016
3076209	99.975	48.875	146.327429589502
3076210	100.025	48.875	146.368069722541
3082398	83.425	48.825	99.0993494157027
3082399	83.475	48.825	142.231639061826
3082725	99.775	48.825	146.681406046888
3082726	99.825	48.825	146.681828351896
3082727	99.875	48.825	146.374735184576
3082728	99.925	48.825	133.821842090632
3088918	83.425	48.775	142.569055542989
3089207	97.875	48.775	135.700944674284
3089208	97.925	48.775	148.321719044514
3089209	97.975	48.775	148.129723901852
3089210	98.025	48.775	129.727962832666
3089242	99.625	48.775	146.863443187857
3089243	99.675	48.775	146.884631115199
3089244	99.725	48.775	146.895204962581
3089245	99.775	48.775	146.909761860271
3095438	83.425	48.725	142.451179740816
3095724	97.725	48.725	148.607257514384
3095725	97.775	48.725	148.690015013705
3095726	97.825	48.725	148.71867514515
3095727	97.875	48.725	148.74753355858
3095730	98.025	48.725	147.790389882906
3095731	98.075	48.725	147.80278168879
3095732	98.125	48.725	147.779048406672
3095733	98.175	48.725	147.722142798629
3095734	98.225	48.725	147.754047498105
3095735	98.275	48.725	148.097326315161
3095736	98.325	48.725	148.106957823729
3095737	98.375	48.725	148.119053955587
3095738	98.425	48.725	148.09361864803
3095739	98.475	48.725	148.037355009282
3095740	98.525	48.725	148.073369443306
3095741	98.575	48.725	148.03440391731
3095742	98.625	48.725	148.064363034048
3095743	98.675	48.725	148.091867191343
3095744	98.725	48.725	148.173768939088
3095745	98.775	48.725	147.747154729065
3095746	98.825	48.725	147.783136373596
3095747	98.875	48.725	142.157001184557
3095760	99.525	48.725	146.88734580054
3095761	99.575	48.725	146.878075987507
3095762	99.625	48.725	146.851224627884
3101958	83.425	48.675	100.176455776838
3101959	83.475	48.675	142.348654184117
3102243	97.675	48.675	147.834964265129
3102244	97.725	48.675	148.53016497226
3102267	98.875	48.675	147.568746151747
3102268	98.925	48.675	147.569763375728
3102269	98.975	48.675	147.570240807669
3102270	99.025	48.675	147.582155483653
3102277	99.375	48.675	146.892823978709
3102278	99.425	48.675	146.844200175091
3102279	99.475	48.675	146.860396532464
3102280	99.525	48.675	146.882047846373
3108479	83.475	48.625	142.315547975658
3108761	97.575	48.625	147.86703544247
3108762	97.625	48.625	148.036839944331
3108763	97.675	48.625	123.364569983139
3108790	99.025	48.625	147.364653398308
3108791	99.075	48.625	147.381080731215
3108792	99.125	48.625	147.388773026256
3108793	99.175	48.625	147.225514807909
3108794	99.225	48.625	147.361091035567
3108796	99.325	48.625	136.221862396382
3108797	99.375	48.625	146.884697275432
3114999	83.475	48.575	142.663709685179
3115280	97.525	48.575	147.802391421457
3115281	97.575	48.575	147.847757977326
3115314	99.225	48.575	134.263721899005
3115315	99.275	48.575	147.348422056061
3115316	99.325	48.575	147.364954891856
3121519	83.475	48.525	143.607499748688
3121799	97.475	48.525	147.84953626837
3121800	97.525	48.525	147.837447417938
3128039	83.475	48.475	143.550234524083
3128040	83.525	48.475	143.465021911166
3128318	97.425	48.475	148.226045683674
3128319	97.475	48.475	148.16924367049
3134560	83.525	48.425	143.397956069893
3134561	83.575	48.425	143.308888690651
3134838	97.425	48.425	151.157705524654
3134839	97.475	48.425	134.44492257926
3141081	83.575	48.375	98.1320076457562
3141082	83.625	48.375	143.274173004529
3141359	97.475	48.375	151.258812414658
3147600	83.525	48.325	143.615605759585
3147601	83.575	48.325	143.725990935637
3147878	97.425	48.325	136.637025278585
3147879	97.475	48.325	151.877778405691
3154119	83.475	48.275	143.577371730653
3154120	83.525	48.275	99.1246928294079
3154398	97.425	48.275	152.79023062979
3160639	83.475	48.225	114.96991329794
3160917	97.375	48.225	153.238116964424
3160918	97.425	48.225	141.877785735522
3167159	83.475	48.175	114.914890602388
3167160	83.525	48.175	146.973331152496
3167437	97.375	48.175	153.680162911723
3167438	97.425	48.175	141.518518683326
3173680	83.525	48.125	100.44246223413
3173681	83.575	48.125	146.822653735777
3173682	83.625	48.125	146.636987923888
3173958	97.425	48.125	153.896135278491
3173959	97.475	48.125	153.699316143413
3173960	97.525	48.125	154.23781692271
3180202	83.625	48.075	96.7779360801544
3180203	83.675	48.075	99.3540909660002
3180204	83.725	48.075	146.268372168134
3180480	97.525	48.075	154.534005390241
3180481	97.575	48.075	154.641522282689
3180482	97.625	48.075	154.214603297186
3186724	83.725	48.025	128.001287800599
3186725	83.775	48.025	98.989361714327
3186726	83.825	48.025	99.0252771316693
3186727	83.875	48.025	146.975923361218
3186754	85.225	48.025	146.231436051655
3186755	85.275	48.025	97.3908412290307
3186756	85.325	48.025	146.173292596307
3186757	85.375	48.025	99.2158591067391
3186758	85.425	48.025	146.731911904093
3186759	85.475	48.025	146.797059431759
3186760	85.525	48.025	146.788925188867
3186761	85.575	48.025	146.768137649346
3186762	85.625	48.025	147.379259897462
3186763	85.675	48.025	147.335480863542
3187002	97.625	48.025	151.067497915375
3187003	97.675	48.025	155.060633933541
3187004	97.725	48.025	155.396879016724
3187005	97.775	48.025	155.402218222548
3187006	97.825	48.025	154.855955523985
3187007	97.875	48.025	155.381972667833
3193247	83.875	47.975	100.211995548105
3193248	83.925	47.975	100.028210935736
3193249	83.975	47.975	146.688891355454
3193270	85.025	47.975	144.88530721435
3193271	85.075	47.975	145.151761818771
3193272	85.125	47.975	145.12931093068
3193273	85.175	47.975	145.109878447588
3193274	85.225	47.975	95.7997342276271
3193275	85.275	47.975	146.194413682398
3193276	85.325	47.975	97.985435124958
3193277	85.375	47.975	146.263004103602
3193282	85.625	47.975	147.414406957459
3193283	85.675	47.975	147.321559467946
3193284	85.725	47.975	147.293601771596
3193285	85.775	47.975	148.006167346009
3193286	85.825	47.975	147.996814062488
3193287	85.875	47.975	148.098108111488
3193288	85.925	47.975	148.086073852112
3193289	85.975	47.975	148.097886321235
3193527	97.875	47.975	155.637142783951
3193528	97.925	47.975	155.635156422118
3193529	97.975	47.975	156.172692076783
3199769	83.975	47.925	103.828443067647
3199770	84.025	47.925	146.204577022802
3199771	84.075	47.925	146.015572593438
3199772	84.125	47.925	145.844849859939
3199788	84.925	47.925	144.93117811898
3199789	84.975	47.925	144.912490868799
3199790	85.025	47.925	95.3014611242492
3199807	85.875	47.925	148.082507026548
3199809	85.975	47.925	148.142478378911
3199810	86.025	47.925	148.120730807179
3199811	86.075	47.925	148.108268991722
3199812	86.125	47.925	148.093283593467
3200049	97.975	47.925	154.985683819835
3206292	84.125	47.875	101.19440638976
3206293	84.175	47.875	100.653548906505
3206294	84.225	47.875	101.196633278042
3206295	84.275	47.875	145.291357973397
3206303	84.675	47.875	145.04767102425
3206304	84.725	47.875	145.021222828173
3206305	84.775	47.875	145.000554376989
3206306	84.825	47.875	144.981590344554
3206307	84.875	47.875	144.95880011287
3206308	84.925	47.875	96.018225706059
3206331	86.075	47.875	96.9581111306019
3206332	86.125	47.875	148.083148030651
3206333	86.175	47.875	148.078993625847
3206334	86.225	47.875	149.856536027167
3206335	86.275	47.875	150.560165051213
3206336	86.325	47.875	150.545620668824
3206337	86.375	47.875	150.575062581389
3206338	86.425	47.875	150.555802541312
3206339	86.475	47.875	150.524376505592
3206340	86.525	47.875	150.515836963878
3206341	86.575	47.875	151.045626266473
3206342	86.625	47.875	95.5208699124075
3206411	90.075	47.875	165.922208912178
3212815	84.275	47.825	98.3996348933183
3212816	84.325	47.825	144.897079011376
3212817	84.375	47.825	145.420943691933
3212818	84.425	47.825	145.22283403806
3212819	84.475	47.825	145.184073113372
3212820	84.525	47.825	145.155220842506
3212821	84.575	47.825	145.128900530719
3212822	84.625	47.825	145.098664460115
3212823	84.675	47.825	145.070673195697
3212854	86.225	47.825	134.407906885896
3212855	86.275	47.825	150.568342936763
3212857	86.375	47.825	150.530945025874
3212861	86.575	47.825	151.031269938988
3212862	86.625	47.825	151.007479803607
3212863	86.675	47.825	151.012813924336
3212864	86.725	47.825	151.009588433075
3212929	89.975	47.825	165.460733802392
3212930	90.025	47.825	164.818316089799
3212931	90.075	47.825	166.625652579041
3219384	86.725	47.775	151.004548855141
3219385	86.775	47.775	150.994025039933
3219447	89.875	47.775	163.233173230441
3219448	89.925	47.775	162.685393375314
3219449	89.975	47.775	163.553934521749
3225905	86.775	47.725	150.980941119775
3225906	86.825	47.725	150.968328435639
3225964	89.725	47.725	161.921216739555
3225965	89.775	47.725	161.774397757347
3225966	89.825	47.725	162.664163947817
3225967	89.875	47.725	156.980224555884
3232426	86.825	47.675	98.234417448618
3232427	86.875	47.675	150.021290325664
3232428	86.925	47.675	150.011388326514
3232429	86.975	47.675	89.3831169070977
3232484	89.725	47.675	161.543669590919
3232485	89.775	47.675	161.031271212892
3238948	86.925	47.625	149.998980526871
3238949	86.975	47.625	149.989453712969
3238950	87.025	47.625	149.98038937743
3239004	89.725	47.625	160.809983339022
3239005	89.775	47.625	161.671942531895
3245470	87.025	47.575	149.966424257653
3245471	87.075	47.575	149.954720140299
3245472	87.125	47.575	149.947353721106
3245473	87.175	47.575	149.948885348972
3245474	87.225	47.575	149.914097690099
3245475	87.275	47.575	149.88763257616
3245476	87.325	47.575	151.696639767544
3245523	89.675	47.575	159.431790010193
3245524	89.725	47.575	160.537993308938
3251996	87.325	47.525	151.660130201468
3252042	89.625	47.525	150.657808770604
3252043	89.675	47.525	159.051936083863
3258516	87.325	47.475	151.627608584763
3258517	87.375	47.475	151.614915618684
3258518	87.425	47.475	151.607811117745
3258519	87.475	47.475	151.594531878178
3258520	87.525	47.475	151.572364186761
3258521	87.575	47.475	151.549956945286
3258562	89.625	47.475	157.859679886129
3265039	87.475	47.425	86.0602409566944
3265040	87.525	47.425	88.8823530480153
3265041	87.575	47.425	151.524173216098
3265042	87.625	47.425	151.467905543451
3265043	87.675	47.425	151.447367128661
3265044	87.725	47.425	151.426748687247
3265082	89.625	47.425	157.177485358152
3271564	87.725	47.375	151.3845757702
3271565	87.775	47.375	151.369066985821
3271566	87.825	47.375	151.37064194791
3271567	87.875	47.375	151.340462302008
3271568	87.925	47.375	86
3271602	89.625	47.375	137.776350828531
3271603	89.675	47.375	157.026646906026
3278088	87.925	47.325	151.324910900281
3278089	87.975	47.325	151.3031900211
3278090	88.025	47.325	151.28342595197
3278091	88.075	47.325	151.266816703928
3278092	88.125	47.325	151.247884740833
3278123	89.675	47.325	154.501957278743
3284612	88.125	47.275	84.6
3284613	88.175	47.275	151.235813641485
3284614	88.225	47.275	151.178765851829
3284615	88.275	47.275	151.1644500147
3284616	88.325	47.275	151.388654914715
3284617	88.375	47.275	151.368277580466
3284618	88.425	47.275	94.7277777493275
3284642	89.625	47.275	154.361245734431
3284643	89.675	47.275	154.268871945941
3291136	88.325	47.225	151.378494630088
3291137	88.375	47.225	85
3291138	88.425	47.225	151.347140163956
3291139	88.475	47.225	151.323880825746
3291140	88.525	47.225	151.303628597873
3291141	88.575	47.225	151.372003556238
3291142	88.625	47.225	151.338094848024
3291143	88.675	47.225	151.32794695725
3291144	88.725	47.225	102.805541418866
3291163	89.675	47.225	154.18482310444
3291164	89.725	47.225	155.756567605679
3297664	88.725	47.175	151.335046361559
3297665	88.775	47.175	151.281364765551
3297666	88.825	47.175	151.253335771718
3297683	89.675	47.175	155.350291461932
3297684	89.725	47.175	155.358741667644
3304186	88.825	47.125	151.25459386838
3304187	88.875	47.125	151.213920682469
3304188	88.925	47.125	151.178961375974
3304189	88.975	47.125	153.332033253403
3304202	89.625	47.125	155.234034099093
3304203	89.675	47.125	155.333643133318
3310709	88.975	47.075	153.311258211798
3310710	89.025	47.075	153.24990490064
3310711	89.075	47.075	153.209509517255
3310720	89.525	47.075	155.150842500295
3310721	89.575	47.075	155.147868945493
3310722	89.625	47.075	155.20368858321
3317231	89.075	47.025	95.4052164025829
3317232	89.125	47.025	153.166138385523
3317233	89.175	47.025	153.120604465641
3317234	89.225	47.025	153.553140447789
3317235	89.275	47.025	153.50754344343
3317236	89.325	47.025	153.509760219793
3317241	89.575	47.025	154.514473988146
