ID	lon	lat	centroid_day
5824	126.725	72.425	131.046491243662
5825	126.775	72.425	132.319185465901
5826	126.825	72.425	130.730893398093
5827	126.875	72.425	130.139450854833
5828	126.925	72.425	128.29541831253
5829	126.975	72.425	128.862130571358
5830	127.025	72.425	130.145439606526
5831	127.075	72.425	129.894682256014
5832	127.125	72.425	130.197550701897
5833	127.175	72.425	129.948266583963
5834	127.225	72.425	130.355605301372
5840	127.525	72.425	128.954176592435
5841	127.575	72.425	129.543621807152
5842	127.625	72.425	124.221961998374
5843	127.675	72.425	124.931763620229
12344	126.725	72.375	128.229604679734
12345	126.775	72.375	127.13370504421
12364	127.725	72.375	127.322856236144
12365	127.775	72.375	128.817666336798
12366	127.825	72.375	130.896674423334
18865	126.775	72.325	125.870568712871
18866	126.825	72.325	126.465176162032
18886	127.825	72.325	131.03010508953
18887	127.875	72.325	131.010414028295
18888	127.925	72.325	131.593692967561
25387	126.875	72.275	129.778808521861
25409	127.975	72.275	131.157976398693
25410	128.025	72.275	131.164416006779
25411	128.075	72.275	131.101160754613
31908	126.925	72.225	125.728146955045
31932	128.125	72.225	130.797367807881
31933	128.175	72.225	130.485239769024
31934	128.225	72.225	130.696883844552
31935	128.275	72.225	130.430947190441
38428	126.925	72.175	127.893479630335
38455	128.275	72.175	130.430947190441
38456	128.325	72.175	130.308792221841
38457	128.375	72.175	130.563657889215
44948	126.925	72.125	131.491269438771
44978	128.425	72.125	130.052539635287
44979	128.475	72.125	129.34749871329
51468	126.925	72.075	129.727832608399
51500	128.525	72.075	127.907782155563
57989	126.975	72.025	129.970470891908
57990	127.025	72.025	126.088706685822
57991	127.075	72.025	125.138905774567
58020	128.525	72.025	126.562001390763
58021	128.575	72.025	126.724438535564
64511	127.075	71.975	125.032897319691
64512	127.125	71.975	128.031663116499
64513	127.175	71.975	125.566137721677
64514	127.225	71.975	124.814840080261
71034	127.225	71.925	124.814840080261
71035	127.275	71.925	130.387311178264
77555	127.275	71.875	127.813050326973
84074	127.225	71.825	125.131195417271
97114	127.225	71.725	123.065521956804
103634	127.225	71.675	124.435139079467
110155	127.275	71.625	123.929654071179
116675	127.275	71.575	125.69467805502
116676	127.325	71.575	126.949595634351
123196	127.325	71.525	125.445927978702
129716	127.325	71.475	124.254374022372
136236	127.325	71.425	126.559761535628
142755	127.275	71.375	129.080668354762
142756	127.325	71.375	127.772847450125
149275	127.275	71.325	129.662169154253
162316	127.325	71.225	125.012430292006
168836	127.325	71.175	125.833946098341
175357	127.375	71.125	126.797746686741
175358	127.425	71.125	130.205386023465
181878	127.425	71.075	128.137279436319
181879	127.475	71.075	127.443527501604
181880	127.525	71.075	125.128138087517
188400	127.525	71.025	124.863513540793
194920	127.525	70.975	126.411233233203
194921	127.575	70.975	125.700061710281
201439	127.475	70.925	132.299483438161
201440	127.525	70.925	126.240982062982
207959	127.475	70.875	132.526241969685
207960	127.525	70.875	130.209830683735
214480	127.525	70.825	127.904513213827
214481	127.575	70.825	128.36253861643
214482	127.625	70.825	129.153360199729
221000	127.525	70.775	129.834822005975
221001	127.575	70.775	130.581287410178
221002	127.625	70.775	129.48133319598
227517	127.375	70.725	127.595503564499
227518	127.425	70.725	127.815255683273
227519	127.475	70.725	127.325306504158
227520	127.525	70.725	129.834822005975
234034	127.225	70.675	132.759072471046
234035	127.275	70.675	131.771021956032
234036	127.325	70.675	126.534577212266
234037	127.375	70.675	126.927837804266
240553	127.175	70.625	131.330227417099
240554	127.225	70.625	132.673169080114
247071	127.075	70.575	132.552518219979
247072	127.125	70.575	132.653289515313
253568	125.925	70.525	132.38573708086
253569	125.975	70.525	132.531837938497
253570	126.025	70.525	133.448300892899
253572	126.125	70.525	133.893104364148
253573	126.175	70.525	133.249928613853
253574	126.225	70.525	133.237742547537
253575	126.275	70.525	133.893982589087
253576	126.325	70.525	134.023766463227
253577	126.375	70.525	134.30943508347
253578	126.425	70.525	134.395204523289
253579	126.475	70.525	132.774303133076
253580	126.525	70.525	131.39281412008
253582	126.625	70.525	127.146847603537
253583	126.675	70.525	132.129781247592
253584	126.725	70.525	133.416855454448
253585	126.775	70.525	133.152190218826
253586	126.825	70.525	133.620119986887
253587	126.875	70.525	133.543100713729
253588	126.925	70.525	133.45195439184
253589	126.975	70.525	133.433682708247
253590	127.025	70.525	133.43951042173
253591	127.075	70.525	132.552518219979
260086	125.825	70.475	133.552143172903
260087	125.875	70.475	132.520674250129
260088	125.925	70.475	127.140406676222
266605	125.775	70.425	127.803244743836
266606	125.825	70.425	130.715848423411
273125	125.775	70.375	133.475766566399
273126	125.825	70.375	134.242241278228
279646	125.825	70.325	134.256460840455
279647	125.875	70.325	126.512244741333
279648	125.925	70.325	129.931696395044
279649	125.975	70.325	133.302885599641
286169	125.975	70.275	133.302885599641
286170	126.025	70.275	130.531963264424
286171	126.075	70.275	130.986350718036
292690	126.025	70.225	132.070844279382
292691	126.075	70.225	131.180493277581
299209	125.975	70.175	131.73526917924
299210	126.025	70.175	131.879371565565
305728	125.925	70.125	134.033676148014
305729	125.975	70.125	132.330089959941
312246	125.825	70.075	132.270981585263
312247	125.875	70.075	133.65051496479
318763	125.675	70.025	127.057780595883
318764	125.725	70.025	128.191930291601
318765	125.775	70.025	132.007599191239
318766	125.825	70.025	132.000440583305
325281	125.575	69.975	126.049632608116
325282	125.625	69.975	126.126022930794
325283	125.675	69.975	124.011219969405
331792	125.125	69.925	133.539702995017
331793	125.175	69.925	133.51280521308
331794	125.225	69.925	133.417650151331
331795	125.275	69.925	133.567428972685
331796	125.325	69.925	133.26404955855
331797	125.375	69.925	131.774203340997
331798	125.425	69.925	128.820983308583
331799	125.475	69.925	125.262099480536
331800	125.525	69.925	127.211210737324
331801	125.575	69.925	132.305125025129
338311	125.075	69.875	133.211837439124
338312	125.125	69.875	133.509413627585
344831	125.075	69.825	133.061624639813
350548	84.925	69.775	137.233513766441
350549	84.975	69.775	136.994406565697
350550	85.025	69.775	136.905834703523
350551	85.075	69.775	136.309476729546
350552	85.125	69.775	136.971248579048
350553	85.175	69.775	137.186078623756
350554	85.225	69.775	136.912604200444
350555	85.275	69.775	136.59460343731
350556	85.325	69.775	136.465881993859
350557	85.375	69.775	136.595517732948
350558	85.425	69.775	135.172813445036
350559	85.475	69.775	133.494109401701
350560	85.525	69.775	135.507088121575
351351	125.075	69.775	132.921434794508
357065	84.775	69.725	137.53050285482
357066	84.825	69.725	137.636305632976
357067	84.875	69.725	137.564377018793
357068	84.925	69.725	137.233513766441
357080	85.525	69.725	135.507088121575
357081	85.575	69.725	136.6511233264
357082	85.625	69.725	136.551038931801
357870	125.025	69.725	130.990634529196
357871	125.075	69.725	133.065369521545
363581	84.575	69.675	135.739447080577
363582	84.625	69.675	136.942326485125
363583	84.675	69.675	137.539297368721
363584	84.725	69.675	137.593933314665
363603	85.675	69.675	134.819476660421
363604	85.725	69.675	134.370075543174
364389	124.975	69.675	132.833841874111
364390	125.025	69.675	132.771883179679
370101	84.575	69.625	135.546786707989
370124	85.725	69.625	135.089648778725
370125	85.775	69.625	137.126506022698
370908	124.925	69.625	132.743075053642
370909	124.975	69.625	132.821808557076
376645	85.775	69.575	137.511447817976
376646	85.825	69.575	137.160861182116
377427	124.875	69.575	129.198451278219
377428	124.925	69.575	133.71359458396
383166	85.825	69.525	134.291794602445
383167	85.875	69.525	134.499294024223
383168	85.925	69.525	134.891648679977
383946	124.825	69.525	132.221463498332
383947	124.875	69.525	130.357295048168
389688	85.925	69.475	135.475573126212
389689	85.975	69.475	135.355339682924
389690	86.025	69.475	134.931570949089
389691	86.075	69.475	134.24007828067
390464	124.725	69.475	132.583634478825
390465	124.775	69.475	132.599297306296
390466	124.825	69.475	133.555290370754
396211	86.075	69.425	134.063392471016
396212	86.125	69.425	133.431301981236
396983	124.675	69.425	127.050336046894
396984	124.725	69.425	132.662324569189
402731	86.075	69.375	137.02280506669
402732	86.125	69.375	135.913103184038
403503	124.675	69.375	127.446387674055
409250	86.025	69.325	136.336863221723
409251	86.075	69.325	137.025421817558
410022	124.625	69.325	131.52241398741
410023	124.675	69.325	129.795185964163
415769	85.975	69.275	136.623897068174
416539	124.475	69.275	133.069695068487
416540	124.525	69.275	131.911958403027
416541	124.575	69.275	132.148278316585
417278	161.425	69.275	128.198389506999
417867	-135.125	69.225	125.443457735629
422287	85.875	69.225	136.435754203751
422288	85.925	69.225	137.60319989058
423057	124.375	69.225	133.039036027965
423058	124.425	69.225	133.46028490046
423059	124.475	69.225	133.082454474562
423798	161.425	69.225	127.490206369203
424387	-135.125	69.175	125.866306447673
424388	-135.075	69.175	126.00398167973
428807	85.875	69.175	133.211240826031
428808	85.925	69.175	136.152831521533
428809	85.975	69.175	132.757399598522
429574	124.225	69.175	132.871473143633
429575	124.275	69.175	129.769745884422
429576	124.325	69.175	128.322208158707
430318	161.425	69.175	127.936728053343
430319	161.475	69.175	129.371634361724
435329	85.975	69.125	132.757399598522
435330	86.025	69.125	134.411040615592
435331	86.075	69.125	135.652880277951
436092	124.125	69.125	133.598589377987
436093	124.175	69.125	133.111384063308
436094	124.225	69.125	132.871473143633
436839	161.475	69.125	128.385893974559
437428	-135.075	69.075	124.644747886834
437429	-135.025	69.075	125.039734825895
441851	86.075	69.075	136.282159727369
442612	124.125	69.075	133.522580556395
443359	161.475	69.075	128.666694091004
443949	-135.025	69.025	124.615690984537
443950	-134.975	69.025	124.352576847446
448370	86.025	69.025	135.776029593317
448371	86.075	69.025	135.747696443546
449130	124.025	69.025	130.683515674971
449131	124.075	69.025	130.958100398119
449880	161.525	69.025	127.719562901676
450472	-134.875	68.975	124.126384652112
450473	-134.825	68.975	123.982001604288
454889	85.975	68.975	137.358331021056
454890	86.025	68.975	136.123707031276
455650	124.025	68.975	128.400749794513
456994	-134.775	68.925	124.233725311046
456995	-134.725	68.925	124.277262714437
461408	85.925	68.925	134.193713555135
461409	85.975	68.925	136.308697175236
462170	124.025	68.925	130.905008899596
462920	161.525	68.925	127.321768662544
463515	-134.725	68.875	123.96021633335
463516	-134.675	68.875	123.954501623343
463517	-134.625	68.875	124.014812334839
467928	85.925	68.875	135.974544250119
468689	123.975	68.875	128.479219891689
468690	124.025	68.875	128.238304534188
469439	161.475	68.875	127.487653393942
469440	161.525	68.875	127.384639371768
470037	-134.625	68.825	124.658331686839
474448	85.925	68.825	135.948335383514
475209	123.975	68.825	131.480656739183
475957	161.375	68.825	127.142942548914
475958	161.425	68.825	127.578739972995
476557	-134.625	68.775	124.287705173725
476558	-134.575	68.775	124.139702261437
476559	-134.525	68.775	124.032622279025
480968	85.925	68.775	137.080519764154
480969	85.975	68.775	136.967861789303
480970	86.025	68.775	136.118100506383
481729	123.975	68.775	130.911117096408
482418	158.425	68.775	127.709829932349
482419	158.475	68.775	127.293401141864
482420	158.525	68.775	127.080320321495
482421	158.575	68.775	127.100991715857
482422	158.625	68.775	128.425417457461
482423	158.675	68.775	130.640446280787
482433	159.175	68.775	129.12987199762
482434	159.225	68.775	128.548372591292
482476	161.325	68.775	127.834362747844
483079	-134.525	68.725	124.183323242974
483080	-134.475	68.725	124.513315819698
487490	86.025	68.725	136.245800113444
487491	86.075	68.725	133.020073470325
487492	86.125	68.725	136.141732390128
487493	86.175	68.725	136.696617332703
488249	123.975	68.725	128.272573568423
488937	158.375	68.725	127.181800629307
488938	158.425	68.725	128.250986055053
488943	158.675	68.725	129.143248528459
488944	158.725	68.725	128.234732343019
488945	158.775	68.725	127.720793533893
488947	158.875	68.725	127.374948491842
488948	158.925	68.725	127.458279736185
488949	158.975	68.725	127.644774223568
488953	159.175	68.725	128.029936388981
488954	159.225	68.725	127.959380953812
488995	161.275	68.725	128.648071287111
489601	-134.425	68.675	124.308924638123
489602	-134.375	68.675	125.30030578868
489603	-134.325	68.675	124.530966321187
489604	-134.275	68.675	123.974082031166
489605	-134.225	68.675	124.012229177657
494013	86.175	68.675	136.303129591111
494014	86.225	68.675	136.415086737287
494015	86.275	68.675	136.910065654194
494769	123.975	68.675	130.41706341726
495455	158.275	68.675	127.401407941093
495456	158.325	68.675	127.014230492179
495457	158.375	68.675	127.137518765733
495473	159.175	68.675	128.378456763828
495515	161.275	68.675	127.213441536879
496125	-134.225	68.625	124.08194789443
496126	-134.175	68.625	123.970542244076
500535	86.275	68.625	136.868409332933
500536	86.325	68.625	135.860871732387
501288	123.925	68.625	131.258861271575
501289	123.975	68.625	131.25777685204
501970	158.025	68.625	127.105428503953
501971	158.075	68.625	127.18163826315
501972	158.125	68.625	127.509640619134
501973	158.175	68.625	127.619819469108
501974	158.225	68.625	127.579965222786
501975	158.275	68.625	128.268907072171
501993	159.175	68.625	128.295811646234
501994	159.225	68.625	126.99289789812
501995	159.275	68.625	126.968397044536
501996	159.325	68.625	127.243967340756
501997	159.375	68.625	127.213247728656
501998	159.425	68.625	128.835507490062
501999	159.475	68.625	127.094912993793
502034	161.225	68.625	128.509485764809
502035	161.275	68.625	128.065885919439
502645	-134.225	68.575	124.197690211809
502646	-134.175	68.575	124.11921858321
507057	86.375	68.575	137.645382518567
507808	123.925	68.575	130.383335978355
508489	157.975	68.575	130.250236276836
508519	159.475	68.575	127.094912993793
508520	159.525	68.575	127.199279661106
508521	159.575	68.575	127.30950893021
508522	159.625	68.575	127.240175139462
508523	159.675	68.575	127.06609424704
508524	159.725	68.575	127.139536113315
508525	159.775	68.575	127.297181388134
508527	159.875	68.575	126.585614082471
508528	159.925	68.575	126.622810326735
508529	159.975	68.575	126.93334672739
508553	161.175	68.575	127.464101291366
508554	161.225	68.575	129.903998398178
509165	-134.225	68.525	124.343577013902
509166	-134.175	68.525	124.280928137823
509167	-134.125	68.525	124.972337818226
513577	86.375	68.525	137.880283454246
514328	123.925	68.525	127.012914873202
515010	158.025	68.525	129.032277650554
515049	159.975	68.525	127.482763430344
515050	160.025	68.525	127.28920131603
515051	160.075	68.525	126.824824743326
515052	160.125	68.525	127.229805199151
515053	160.175	68.525	127.155850111843
515054	160.225	68.525	127.028105948631
515055	160.275	68.525	127.197158390396
515056	160.325	68.525	127.406707147868
515057	160.375	68.525	128.845174386682
515058	160.425	68.525	130.429099886919
515061	160.575	68.525	127.644437725058
515062	160.625	68.525	127.893209774102
515063	160.675	68.525	127.150802992651
515065	160.775	68.525	127.040925008047
515066	160.825	68.525	127.031081649116
515067	160.875	68.525	127.137119002839
515068	160.925	68.525	127.105368678769
515069	160.975	68.525	127.371648492702
515070	161.025	68.525	127.143590528414
515071	161.075	68.525	127.458396821595
515072	161.125	68.525	128.074663388252
515073	161.175	68.525	127.848346247405
515685	-134.225	68.475	124.365338292794
515686	-134.175	68.475	124.193257798122
515687	-134.125	68.475	124.511294938914
520096	86.325	68.475	138.079014948246
520097	86.375	68.475	138.139854195538
520232	93.125	68.475	129.473797523444
520233	93.175	68.475	127.860447338931
520234	93.225	68.475	128.965108158427
520235	93.275	68.475	125.335064774893
520236	93.325	68.475	126.489990087508
520848	123.925	68.475	131.477815730766
521529	157.975	68.475	129.337166262381
521578	160.425	68.475	128.439823420559
521579	160.475	68.475	127.319697666131
521580	160.525	68.475	127.211749973914
521581	160.575	68.475	127.736617683473
522206	-134.175	68.425	125.255836091942
522207	-134.125	68.425	124.29191846701
522208	-134.075	68.425	124.116593157137
526616	86.325	68.425	137.599926717764
526749	92.975	68.425	130.655358557385
526750	93.025	68.425	130.489500847945
526751	93.075	68.425	130.475994960659
526752	93.125	68.425	129.473797523444
526756	93.325	68.425	126.489990087508
526757	93.375	68.425	127.371692959911
526758	93.425	68.425	130.469027329346
526759	93.475	68.425	129.442558310561
526760	93.525	68.425	127.94234567232
526761	93.575	68.425	127.720638006407
526762	93.625	68.425	130.332913424584
526764	93.725	68.425	130.570633424406
526765	93.775	68.425	130.701912128368
527367	123.875	68.425	129.751281887778
528048	157.925	68.425	127.423223224943
528049	157.975	68.425	128.638330783306
528725	-134.225	68.375	124.827335278136
528726	-134.175	68.375	124.878354224058
528727	-134.125	68.375	125.163479330778
528728	-134.075	68.375	124.487796725782
533136	86.325	68.375	138.068905750332
533137	86.375	68.375	138.059612669884
533268	92.925	68.375	130.224583058941
533269	92.975	68.375	129.994048393994
533887	123.875	68.375	131.127232719072
534566	157.825	68.375	127.930860461734
534567	157.875	68.375	128.685255449806
534568	157.925	68.375	128.154351543489
535244	-134.275	68.325	124.394335487929
535245	-134.225	68.325	124.220538634418
539657	86.375	68.325	137.813056248796
539658	86.425	68.325	136.857226550192
539659	86.475	68.325	136.523204359044
539660	86.525	68.325	136.585669268301
539786	92.825	68.325	130.991719727745
539788	92.925	68.325	130.281337319819
540405	123.775	68.325	130.610515953605
540406	123.825	68.325	131.212215179466
540407	123.875	68.325	134.473404233604
541084	157.725	68.325	127.981348720586
541085	157.775	68.325	128.031009507135
541086	157.825	68.325	127.935723006791
541761	-134.425	68.275	124.256871151434
541762	-134.375	68.275	124.060453819274
546180	86.525	68.275	135.544514695215
546181	86.575	68.275	132.552043033745
546305	92.775	68.275	130.296758967097
546306	92.825	68.275	130.406874903972
546924	123.725	68.275	129.731578820161
546925	123.775	68.275	129.844792357679
547603	157.675	68.275	130.68731813499
547604	157.725	68.275	128.917368703345
548281	-134.425	68.225	124.455238519424
548282	-134.375	68.225	124.546329360669
552701	86.575	68.225	134.489511716502
552825	92.775	68.225	131.203792814334
553443	123.675	68.225	133.381723995336
553444	123.725	68.225	131.658894327499
554123	157.675	68.225	131.477684423725
554801	-134.425	68.175	124.44365218162
559220	86.525	68.175	138.8533261085
559221	86.575	68.175	137.967776789157
559343	92.675	68.175	131.185980563117
559344	92.725	68.175	131.477580405368
559345	92.775	68.175	129.992244903945
559960	123.525	68.175	139.620963982969
559961	123.575	68.175	134.20049950281
559962	123.625	68.175	137.488851972962
559963	123.675	68.175	133.335709984374
561320	-134.475	68.125	124.260246706791
561321	-134.425	68.125	124.20057571014
565739	86.475	68.125	137.549393060461
565740	86.525	68.125	137.457046781017
566477	123.375	68.125	133.457670425224
566478	123.425	68.125	133.221640421951
566479	123.475	68.125	132.439132643227
566480	123.525	68.125	130.875936564825
567840	-134.475	68.075	124.201884996425
572258	86.425	68.075	137.355869221889
572379	92.475	68.075	130.647406575742
572380	92.525	68.075	131.324604155831
572381	92.575	68.075	129.574412661848
572418	94.425	68.075	131.657659789246
572994	123.225	68.075	126.399686619882
572995	123.275	68.075	130.307425650867
572996	123.325	68.075	130.929524536026
572997	123.375	68.075	133.457670425224
573679	157.475	68.075	127.446034603561
573680	157.525	68.075	127.466581407673
573681	157.575	68.075	127.735930815615
574360	-134.475	68.025	123.964557159529
578778	86.425	68.025	137.284956217029
578939	94.475	68.025	129.633790301568
579513	123.175	68.025	131.47901297514
580190	157.025	68.025	128.611745314607
580191	157.075	68.025	127.325729528851
580192	157.125	68.025	127.404076693033
580193	157.175	68.025	126.883899297217
580194	157.225	68.025	126.909122000419
580195	157.275	68.025	127.534982622885
580196	157.325	68.025	127.447219184799
580197	157.375	68.025	127.39565935294
580198	157.425	68.025	127.242774254647
580199	157.475	68.025	128.855210457766
580880	-134.475	67.975	123.953699556568
580881	-134.425	67.975	124.11587215286
585298	86.425	67.975	136.556794718162
585460	94.525	67.975	130.500873922097
585461	94.575	67.975	131.228237951641
586032	123.125	67.975	132.683184302558
586033	123.175	67.975	132.484127141983
586694	156.225	67.975	127.462950548222
586695	156.275	67.975	127.476595458348
586696	156.325	67.975	127.51176090716
586697	156.375	67.975	127.376471955753
586698	156.425	67.975	126.980716107965
586699	156.475	67.975	127.126243259674
586700	156.525	67.975	128.60683075674
586706	156.825	67.975	127.55604439104
586707	156.875	67.975	127.737525083086
586708	156.925	67.975	127.542829065895
586709	156.975	67.975	127.474498716978
586710	157.025	67.975	128.611745314607
587401	-134.425	67.925	124.179002001114
587402	-134.375	67.925	124.038266057685
591818	86.425	67.925	133.991247522919
591819	86.475	67.925	133.543885810256
591820	86.525	67.925	132.58289951719
591981	94.575	67.925	131.2120337118
591982	94.625	67.925	131.510206430681
592552	123.125	67.925	128.937296546738
593213	156.175	67.925	127.642579405426
593214	156.225	67.925	127.462950548222
593222	156.625	67.925	127.267977114113
593223	156.675	67.925	127.624536410256
593224	156.725	67.925	126.982152911703
593225	156.775	67.925	127.722924797279
593226	156.825	67.925	127.526621823301
593923	-134.325	67.875	123.975968957257
593924	-134.275	67.875	124.015105878861
598340	86.525	67.875	133.054918586706
598341	86.575	67.875	135.539253019825
598450	92.025	67.875	129.853025813803
598502	94.625	67.875	131.352881460651
599072	123.125	67.875	130.357842262447
599733	156.175	67.875	127.889510905158
600445	-134.225	67.825	124.192650052647
604858	86.425	67.825	136.341120676273
604859	86.475	67.825	135.999604735467
604860	86.525	67.825	134.504031285249
604861	86.575	67.825	136.669846725004
604968	91.925	67.825	132.03338772504
605023	94.675	67.825	131.145720961081
605592	123.125	67.825	128.769031693979
606254	156.225	67.825	130.279686821449
606965	-134.225	67.775	124.106167770741
611377	86.375	67.775	136.76804141709
611487	91.875	67.775	129.758830778552
611544	94.725	67.775	131.0141189233
611545	94.775	67.775	130.938525037428
612112	123.125	67.775	127.965536875231
613485	-134.225	67.725	124.046711529799
613486	-134.175	67.725	124.069011600855
617896	86.325	67.725	136.991353685818
617897	86.375	67.725	137.318107878322
618006	91.825	67.725	130.533823621487
618065	94.775	67.725	130.938525037428
618066	94.825	67.725	131.582559667996
618067	94.875	67.725	132.985298184567
618632	123.125	67.725	128.627159004068
620006	-134.175	67.675	124.565844704114
620007	-134.125	67.675	126.834033494302
624415	86.275	67.675	137.045180191239
625151	123.075	67.675	131.261601259632
625152	123.125	67.675	128.450660667992
625814	156.225	67.675	127.677618453609
626527	-134.125	67.625	125.290576889581
626528	-134.075	67.625	125.31015310941
630935	86.275	67.625	137.032364727093
631042	91.625	67.625	131.261439889287
631043	91.675	67.625	131.262213669101
631044	91.725	67.625	131.065515799432
631109	94.975	67.625	132.223640177076
631671	123.075	67.625	132.243115202377
632311	155.075	67.625	127.748622812769
632312	155.125	67.625	127.606192999514
632313	155.175	67.625	127.853243329381
632314	155.225	67.625	127.924004445992
632315	155.275	67.625	127.930084765457
632316	155.325	67.625	127.687306544583
632317	155.375	67.625	127.701484230849
632318	155.425	67.625	127.74902991808
632319	155.475	67.625	127.388168579715
632320	155.525	67.625	127.093007643812
632321	155.575	67.625	129.069532989105
632322	155.625	67.625	131.544818292245
632328	155.925	67.625	130.553785922813
632329	155.975	67.625	127.306809030331
632330	156.025	67.625	128.797644929299
632331	156.075	67.625	130.443968072704
632332	156.125	67.625	130.047687839021
632333	156.175	67.625	127.668515113405
632334	156.225	67.625	127.14042986918
633048	-134.075	67.575	124.21947577236
633049	-134.025	67.575	124.690303108388
633050	-133.975	67.575	124.316203245563
633051	-133.925	67.575	125.540060542296
637455	86.275	67.575	137.403405425297
637456	86.325	67.575	134.478566274874
637561	91.575	67.575	131.566948020956
638190	123.025	67.575	133.623076027017
638191	123.075	67.575	133.621120345055
638827	154.875	67.575	128.074052178939
638828	154.925	67.575	131.155709064336
638829	154.975	67.575	128.773108990317
639572	-133.875	67.525	124.84283757152
639573	-133.825	67.525	125.76570109397
643976	86.325	67.525	135.286600957685
643977	86.375	67.525	137.147632067735
644710	123.025	67.525	133.606410637476
645330	154.025	67.525	128.014682242885
645331	154.075	67.525	128.006620758903
645332	154.125	67.525	127.746597494199
645333	154.175	67.525	127.569465817407
645334	154.225	67.525	127.431211298559
645335	154.275	67.525	128.088618665215
645336	154.325	67.525	127.77580764642
645337	154.375	67.525	127.828495184915
645338	154.425	67.525	127.617207960472
645339	154.475	67.525	127.121212346535
645340	154.525	67.525	127.47713990722
645341	154.575	67.525	127.726469990914
645342	154.625	67.525	127.486142826122
645343	154.675	67.525	128.017345819563
645344	154.725	67.525	129.469823637241
646093	-133.825	67.475	124.42018780489
646094	-133.775	67.475	124.55945574337
646095	-133.725	67.475	125.598420856992
646096	-133.675	67.475	126.241187112173
646097	-133.625	67.475	124.359411038109
646098	-133.575	67.475	125.06284359598
646138	-131.575	67.475	126.036851796647
646139	-131.525	67.475	125.55711746598
646140	-131.475	67.475	124.118697151009
646141	-131.425	67.475	124.418118075271
646142	-131.375	67.475	124.086146449391
646143	-131.325	67.475	124.50589302304
646144	-131.275	67.475	124.863218960819
646145	-131.225	67.475	124.717677983256
646146	-131.175	67.475	125.379510563148
646147	-131.125	67.475	125.732259974088
646148	-131.075	67.475	125.053447670431
646149	-131.025	67.475	124.488998262334
646150	-130.975	67.475	124.696413086022
646151	-130.925	67.475	124.383535712663
650497	86.375	67.475	136.704478391139
650498	86.425	67.475	137.524460550931
650590	91.025	67.475	130.815078530085
650591	91.075	67.475	130.112920915388
651230	123.025	67.475	132.958134744613
651231	123.075	67.475	131.961830623868
651847	153.875	67.475	127.623112778608
651848	153.925	67.475	128.057960609009
651849	153.975	67.475	129.493337639083
651850	154.025	67.475	130.386233796546
652619	-133.525	67.425	124.54429217603
652655	-131.725	67.425	124.071763492536
652656	-131.675	67.425	124.068674851843
652657	-131.625	67.425	124.538554540967
652658	-131.575	67.425	126.036851796647
652672	-130.875	67.425	124.366130554152
657018	86.425	67.425	137.233454426387
657019	86.475	67.425	137.586517925639
657020	86.525	67.425	137.087165779707
657021	86.575	67.425	136.104180418395
657102	90.625	67.425	130.250037979427
657104	90.725	67.425	130.21320230336
657107	90.875	67.425	130.593962159011
657751	123.075	67.425	131.276705650192
657752	123.125	67.425	131.264695732094
658363	153.675	67.425	127.588290325368
658364	153.725	67.425	127.50574708666
659139	-133.525	67.375	124.329194624046
659140	-133.475	67.375	124.06874682506
659141	-133.425	67.375	124.016427051827
659167	-132.125	67.375	124.991514299494
659168	-132.075	67.375	124.673294690284
659169	-132.025	67.375	124.067933123627
659170	-131.975	67.375	124.426632245455
659171	-131.925	67.375	124.093307019356
659172	-131.875	67.375	124.034773774253
659173	-131.825	67.375	123.151076760491
659174	-131.775	67.375	124.059883544091
659193	-130.825	67.375	124.608387216966
659194	-130.775	67.375	124.590227193464
663541	86.575	67.375	136.910565666621
663619	90.475	67.375	130.563974822385
663620	90.525	67.375	130.287457510065
663621	90.575	67.375	130.183086486944
664272	123.125	67.375	132.240003440681
664880	153.525	67.375	129.077974398179
664881	153.575	67.375	127.594622148049
664882	153.625	67.375	127.745589903789
665661	-133.425	67.325	124.016427051827
665662	-133.375	67.325	124.092088370473
665663	-133.325	67.325	123.932030759489
665664	-133.275	67.325	124.253059403614
665680	-132.475	67.325	123.994169830383
665681	-132.425	67.325	123.962079082218
665682	-132.375	67.325	124.004757594434
665683	-132.325	67.325	124.066939052975
665684	-132.275	67.325	124.086364760727
665685	-132.225	67.325	124.167862822379
665686	-132.175	67.325	125.681292859192
665687	-132.125	67.325	124.991514299494
665714	-130.775	67.325	124.585362469892
665715	-130.725	67.325	125.361493905997
665716	-130.675	67.325	124.868488452146
665717	-130.625	67.325	124.034173022523
665718	-130.575	67.325	124.042552382109
665719	-130.525	67.325	124.195827168164
665720	-130.475	67.325	124.037284812535
665721	-130.425	67.325	124.047390186268
670061	86.575	67.325	137.267141338388
670137	90.375	67.325	129.930460773856
670138	90.425	67.325	130.150891885506
670139	90.475	67.325	130.387299466153
670792	123.125	67.325	131.645761868128
670793	123.175	67.325	133.620104553124
671400	153.525	67.325	129.074048612361
671401	153.575	67.325	127.370476970346
672184	-133.275	67.275	124.253059403614
672185	-133.225	67.275	124.13432783885
672186	-133.175	67.275	124.011995981635
672187	-133.125	67.275	124.248165641769
672197	-132.625	67.275	124.178759251285
672198	-132.575	67.275	123.991104651591
672199	-132.525	67.275	124.193539165934
672200	-132.475	67.275	124.121937479787
672241	-130.425	67.275	124.229871121156
672242	-130.375	67.275	124.458666590475
676581	86.575	67.275	138.046134265633
676656	90.325	67.275	129.955155439116
676657	90.375	67.275	129.930460773856
677313	123.175	67.275	133.738281693983
677314	123.225	67.275	132.35533776013
677921	153.575	67.275	127.754273520259
677922	153.625	67.275	127.521087622755
678708	-133.075	67.225	124.17287527279
678709	-133.025	67.225	124.214744192391
678710	-132.975	67.225	124.123173593587
678711	-132.925	67.225	124.042752748468
678712	-132.875	67.225	123.77714815953
678713	-132.825	67.225	124.011887006592
678714	-132.775	67.225	124.053244311152
678715	-132.725	67.225	124.257911684045
678716	-132.675	67.225	124.639775333413
678717	-132.625	67.225	124.316773079554
678763	-130.325	67.225	124.025221666759
678764	-130.275	67.225	124.23631671078
683101	86.575	67.225	134.704489697645
683171	90.075	67.225	129.576590215661
683172	90.125	67.225	129.833617396487
683834	123.225	67.225	132.287265834728
683835	123.275	67.225	132.845711645094
684442	153.625	67.225	126.62456727689
684443	153.675	67.225	127.734089029062
685285	-130.225	67.175	124.059905672749
689621	86.575	67.175	136.422620412376
689687	89.875	67.175	128.455705188659
689688	89.925	67.175	128.827900148874
689689	89.975	67.175	129.143123516637
689690	90.025	67.175	131.228593616275
690355	123.275	67.175	129.05221489579
690958	153.425	67.175	127.512520925074
690959	153.475	67.175	127.313652363604
690960	153.525	67.175	127.857155702627
690961	153.575	67.175	127.993571414369
690962	153.625	67.175	127.387571510744
690963	153.675	67.175	127.914661396641
691805	-130.225	67.125	124.192257709209
696141	86.575	67.125	135.232399935521
696142	86.625	67.125	136.286311048275
696143	86.675	67.125	136.551748507179
696201	89.575	67.125	130.277816448251
696202	89.625	67.125	138.35319531734
696203	89.675	67.125	137.087326671901
696204	89.725	67.125	136.961342618094
696205	89.775	67.125	131.562032588517
696206	89.825	67.125	132.891545210168
696875	123.275	67.125	131.368811630879
696876	123.325	67.125	131.564281463181
697472	153.125	67.125	131.103224313653
697473	153.175	67.125	127.527861298452
697474	153.225	67.125	127.600030507162
697475	153.275	67.125	128.038984142544
697476	153.325	67.125	127.632559016708
697477	153.375	67.125	127.621482688713
697478	153.425	67.125	131.909467878847
698325	-130.225	67.075	124.213375813497
702663	86.675	67.075	136.802585023606
702719	89.475	67.075	128.904321501016
702720	89.525	67.075	129.615023266113
702721	89.575	67.075	130.540594330968
703396	123.325	67.075	132.261980388924
703990	153.025	67.075	129.296813362207
703991	153.075	67.075	127.677873493911
703992	153.125	67.075	128.967831774963
704845	-130.225	67.025	124.285500579591
709183	86.675	67.025	137.649168258528
709221	88.575	67.025	133.628009854314
709222	88.625	67.025	133.855964902063
709223	88.675	67.025	134.855289357704
709224	88.725	67.025	133.617421202224
709225	88.775	67.025	132.66383281265
709226	88.825	67.025	129.745167711858
709227	88.875	67.025	130.251361134755
709228	88.925	67.025	133.080387612914
709229	88.975	67.025	133.883714441299
709230	89.025	67.025	133.571919287445
709231	89.075	67.025	132.401148323851
709232	89.125	67.025	132.92857926154
709233	89.175	67.025	132.184141755773
709235	89.275	67.025	130.153684714102
709236	89.325	67.025	130.285689458195
709916	123.325	67.025	131.170178993734
709917	123.375	67.025	133.196794833881
710510	153.025	67.025	128.059692556947
711365	-130.225	66.975	124.58861003351
711366	-130.175	66.975	124.280045689433
715735	88.275	66.975	131.105811069797
715736	88.325	66.975	133.395502652536
715737	88.375	66.975	130.870481079447
715738	88.425	66.975	128.888510778887
715739	88.475	66.975	129.820808329463
716437	123.375	66.975	131.605473956541
716438	123.425	66.975	125.966333218819
717025	152.775	66.975	127.992230891785
717026	152.825	66.975	127.656606108221
717029	152.975	66.975	128.275217161676
717886	-130.175	66.925	124.143828143619
722223	86.675	66.925	137.24533465378
722255	88.275	66.925	130.837416908087
722958	123.425	66.925	130.495332235531
724406	-130.175	66.875	124.212286491282
724407	-130.125	66.875	124.209212724968
728743	86.675	66.875	134.136784565476
729478	123.425	66.875	133.884824662483
730927	-130.125	66.825	124.229919031973
730928	-130.075	66.825	124.19231749495
734911	69.075	66.825	127.132756383837
734912	69.125	66.825	127.181956795871
734913	69.175	66.825	127.353718784222
734914	69.225	66.825	127.485379162051
734915	69.275	66.825	126.466542478804
735264	86.725	66.825	134.917537672676
735998	123.425	66.825	131.981003141602
737448	-130.075	66.775	124.210205787323
737449	-130.025	66.775	124.295854918554
737450	-129.975	66.775	124.029446370772
737451	-129.925	66.775	124.117247484923
737452	-129.875	66.775	124.503743111888
741425	68.775	66.775	127.177694460706
741426	68.825	66.775	127.055566033964
741427	68.875	66.775	126.438604877336
741428	68.925	66.775	127.612425720992
741429	68.975	66.775	127.387505078905
741430	69.025	66.775	127.354276457371
741431	69.075	66.775	127.132756383837
741435	69.275	66.775	126.466542478804
741436	69.325	66.775	127.288936825578
741437	69.375	66.775	127.459393308996
741438	69.425	66.775	126.45977449661
741439	69.475	66.775	126.338875321369
741440	69.525	66.775	126.968354190354
741441	69.575	66.775	126.311585272699
741442	69.625	66.775	125.238118122494
741443	69.675	66.775	127.613471577748
741444	69.725	66.775	127.329391255143
741445	69.775	66.775	127.325544569096
741446	69.825	66.775	127.262709688176
741447	69.875	66.775	127.124151814822
741448	69.925	66.775	127.118497663681
741783	86.675	66.775	137.570148048254
742518	123.425	66.775	127.148637666904
743973	-129.825	66.725	124.083528593852
743974	-129.775	66.725	124.149011426343
743975	-129.725	66.725	124.508515665229
743976	-129.675	66.725	124.525896302764
743977	-129.625	66.725	124.199478407402
743978	-129.575	66.725	125.226306918333
743979	-129.525	66.725	125.186258263931
743980	-129.475	66.725	125.186005598907
747942	68.625	66.725	126.971821105566
747943	68.675	66.725	126.667840390329
747944	68.725	66.725	126.823570599316
748300	86.525	66.725	138.343842048925
748301	86.575	66.725	138.310119041346
748302	86.625	66.725	137.657112645579
748303	86.675	66.725	139.739615079545
749039	123.475	66.725	130.193862628837
749618	152.425	66.725	128.587667214446
749619	152.475	66.725	128.224788088645
750500	-129.475	66.675	125.210292931337
750501	-129.425	66.675	124.098168478865
754436	67.325	66.675	126.96377721297
754437	67.375	66.675	127.238277707808
754438	67.425	66.675	126.958386032073
754460	68.525	66.675	126.397261618986
754461	68.575	66.675	127.530830326735
754816	86.325	66.675	137.750902141691
754817	86.375	66.675	137.652313742871
754818	86.425	66.675	136.977926247382
754819	86.475	66.675	140.718182229317
754820	86.525	66.675	138.343842048925
755206	105.825	66.675	124.171422770101
755207	105.875	66.675	124.15821760306
755560	123.525	66.675	129.126039094635
756138	152.425	66.675	128.526720518543
757021	-129.425	66.625	123.996451049708
757022	-129.375	66.625	124.002267587175
757023	-129.325	66.625	124.09441923481
757024	-129.275	66.625	124.27655291019
760939	66.475	66.625	127.546610563855
760940	66.525	66.625	126.98444381155
760941	66.575	66.625	127.557893394105
760944	66.725	66.625	126.982421749356
760945	66.775	66.625	126.392251657738
760946	66.825	66.625	125.906006230133
760947	66.875	66.625	125.986716992976
760954	67.225	66.625	125.612421406637
760955	67.275	66.625	126.792410493759
760959	67.475	66.625	127.106990611941
760960	67.525	66.625	126.885793791228
760961	67.575	66.625	127.114984733412
760962	67.625	66.625	126.580874306353
760963	67.675	66.625	126.730301789624
760979	68.475	66.625	126.108260088845
760980	68.525	66.625	126.723961961614
761335	86.275	66.625	137.601509940502
761336	86.325	66.625	137.525288614537
761343	86.675	66.625	138.840242086099
761344	86.725	66.625	139.873122369873
761345	86.775	66.625	139.405095427651
761346	86.825	66.625	139.452366400368
761347	86.875	66.625	139.018299715293
761724	105.725	66.625	126.40769470719
762080	123.525	66.625	128.859014758937
762081	123.575	66.625	132.65041011334
762657	152.375	66.625	128.684402597452
762658	152.425	66.625	128.439784316656
763205	-146.225	66.575	136.753360000756
763206	-146.175	66.575	136.821218186346
763223	-145.325	66.575	136.216012268421
763224	-145.275	66.575	136.229324096086
763544	-129.275	66.575	124.27655291019
763545	-129.225	66.575	124.57523293112
763546	-129.175	66.575	124.833021280831
767459	66.475	66.575	127.195513783831
767467	66.875	66.575	126.46079295602
767468	66.925	66.575	126.321659679114
767469	66.975	66.575	126.956053596833
767470	67.025	66.575	126.350512707947
767471	67.075	66.575	124.847030557897
767472	67.125	66.575	126.059696628875
767473	67.175	66.575	126.011873579974
767474	67.225	66.575	125.224750991665
767483	67.675	66.575	126.730301789624
767484	67.725	66.575	126.633663006322
767486	67.825	66.575	126.063100125078
767487	67.875	66.575	124.696424695023
767496	68.325	66.575	126.124240047481
767497	68.375	66.575	126.554420765142
767498	68.425	66.575	127.333910962148
767499	68.475	66.575	127.176690692674
767855	86.275	66.575	137.752124099502
767856	86.325	66.575	138.070964022054
767861	86.575	66.575	138.03867947237
767862	86.625	66.575	138.208757472022
767863	86.675	66.575	138.840242086099
767867	86.875	66.575	139.018299715293
767868	86.925	66.575	138.14552943196
767869	86.975	66.575	138.110549850784
767870	87.025	66.575	135.111577629484
767878	87.425	66.575	133.715683591357
767879	87.475	66.575	134.281668532151
767880	87.525	66.575	133.6627587143
768244	105.725	66.575	125.829322062404
768245	105.775	66.575	124.064489664685
768601	123.575	66.575	133.552499728238
768602	123.625	66.575	133.642688044329
769173	152.175	66.575	130.427908941735
769175	152.275	66.575	130.003152866812
769176	152.325	66.575	130.833051785748
769177	152.375	66.575	127.580875031354
769715	-146.725	66.525	135.730453384547
769717	-146.625	66.525	135.52099475699
769718	-146.575	66.525	136.663235982078
769745	-145.225	66.525	134.248385420425
769746	-145.175	66.525	135.049899093993
770066	-129.175	66.525	124.833021280831
770067	-129.125	66.525	124.332480580226
770068	-129.075	66.525	124.04229614524
773978	66.425	66.525	127.098703448773
773979	66.475	66.525	127.248000625156
774007	67.875	66.525	124.696424695023
774008	67.925	66.525	125.003271086748
774009	67.975	66.525	125.483541772959
774010	68.025	66.525	125.891160218912
774011	68.075	66.525	126.761741794124
774012	68.125	66.525	127.333489644822
774013	68.175	66.525	127.774872470207
774014	68.225	66.525	126.952100270423
774015	68.275	66.525	125.654140908281
774016	68.325	66.525	126.124240047481
774376	86.325	66.525	138.694493179223
774390	87.025	66.525	135.111577629484
774391	87.075	66.525	136.346634428324
774392	87.125	66.525	137.101528717803
774397	87.375	66.525	131.26357745883
774398	87.425	66.525	133.851662450775
774400	87.525	66.525	133.051218888667
774401	87.575	66.525	132.166055334707
774402	87.625	66.525	133.882951372722
774403	87.675	66.525	133.973552720369
774758	105.425	66.525	124.399578668251
775122	123.625	66.525	133.669856074411
775123	123.675	66.525	133.638734577372
775688	151.925	66.525	129.670082368136
775689	151.975	66.525	128.465867807624
775691	152.075	66.525	127.421186994295
775693	152.175	66.525	130.427908941735
776228	-147.075	66.475	136.124959785978
776229	-147.025	66.475	136.642901143595
776268	-145.075	66.475	135.53065228222
776589	-129.025	66.475	124.472330157746
780497	66.375	66.475	126.720788644094
780498	66.425	66.475	126.84511782649
780913	87.175	66.475	138.19511148592
780914	87.225	66.475	138.188216082587
780915	87.275	66.475	132.333269364566
780916	87.325	66.475	132.345348661924
781644	123.725	66.475	132.360920941125
782207	151.875	66.475	128.577777552236
782208	151.925	66.475	128.385478518584
782747	-147.125	66.425	135.348708444491
782748	-147.075	66.425	136.124959785978
782789	-145.025	66.425	133.886728716996
782790	-144.975	66.425	134.176615093588
782791	-144.925	66.425	133.867036395869
782792	-144.875	66.425	135.433281062221
783110	-128.975	66.425	124.504055771747
787015	66.275	66.425	127.130411411101
787016	66.325	66.425	126.886845893288
787017	66.375	66.425	126.720788644094
787435	87.275	66.425	134.282843717848
787436	87.325	66.425	136.243026379233
787437	87.375	66.425	134.399435197928
787438	87.425	66.425	135.265640945873
788165	123.775	66.425	130.136892562945
788726	151.825	66.425	129.116036267673
789260	-147.475	66.375	136.555970222485
789261	-147.425	66.375	136.057114723142
789262	-147.375	66.375	134.952472037408
789265	-147.225	66.375	135.828590379376
789312	-144.875	66.375	134.230266174388
789313	-144.825	66.375	137.164352499278
789631	-128.925	66.375	124.255498721307
789632	-128.875	66.375	124.098721717618
789633	-128.825	66.375	124.32050281108
789635	-128.725	66.375	124.243340287974
793535	66.275	66.375	127.085407204571
793958	87.425	66.375	133.607365274186
793959	87.475	66.375	136.244807316072
793960	87.525	66.375	137.960793297522
794685	123.775	66.375	131.332398081515
795246	151.825	66.375	130.207669790068
795776	-147.675	66.325	137.318326825784
795777	-147.625	66.325	136.560099695502
795833	-144.825	66.325	137.12875998038
795834	-144.775	66.325	135.289102924765
796155	-128.725	66.325	124.252877612268
796156	-128.675	66.325	124.134389778184
800053	66.175	66.325	125.2233169033
800054	66.225	66.325	126.554641325275
800055	66.275	66.325	127.515024117299
800479	87.475	66.325	137.552314237877
800480	87.525	66.325	137.311422753737
801205	123.775	66.325	129.656034982903
801206	123.825	66.325	126.35301733932
801764	151.725	66.325	128.995489297247
801765	151.775	66.325	129.685570866488
801766	151.825	66.325	130.139926691374
802288	-148.075	66.275	136.655345874906
802289	-148.025	66.275	135.997663069883
802292	-147.875	66.275	135.577377410427
802296	-147.675	66.275	137.318326825784
802354	-144.775	66.275	134.451162848198
802676	-128.675	66.275	124.348749588488
802677	-128.625	66.275	124.297270825691
806570	66.025	66.275	126.810299356088
806571	66.075	66.275	126.734211504493
806572	66.125	66.275	126.866072923933
806995	87.275	66.275	137.832944593762
806996	87.325	66.275	136.552498978721
806997	87.375	66.275	136.692300702786
806998	87.425	66.275	136.396183778265
806999	87.475	66.275	138.666438602897
807726	123.825	66.275	126.917143887094
807727	123.875	66.275	130.98311120098
807728	123.925	66.275	131.334357455501
808283	151.675	66.275	129.231437782062
808284	151.725	66.275	129.018923987373
808799	-148.525	66.225	136.245043621042
808800	-148.475	66.225	136.136462292808
808801	-148.425	66.225	136.73287621666
808804	-148.275	66.225	136.656898246885
808805	-148.225	66.225	135.714394243102
808806	-148.175	66.225	135.859841212951
808807	-148.125	66.225	136.5652044847
808809	-148.025	66.225	135.72600445892
808810	-147.975	66.225	135.862060140466
808811	-147.925	66.225	136.139365366246
808812	-147.875	66.225	135.829800421814
808877	-144.625	66.225	133.78883035854
809192	-128.875	66.225	125.377691622454
809193	-128.825	66.225	124.331342441558
809194	-128.775	66.225	124.157613496406
809195	-128.725	66.225	124.059190637286
809196	-128.675	66.225	124.157986534996
813087	65.875	66.225	127.192469814973
813088	65.925	66.225	126.943038241201
813089	65.975	66.225	127.191350846515
813090	66.025	66.225	127.18007440298
813515	87.275	66.225	135.9676926149
814248	123.925	66.225	132.107807809995
814792	151.125	66.225	128.086511704869
814793	151.175	66.225	128.230975479392
814794	151.225	66.225	130.244319386321
814798	151.425	66.225	128.695755895623
814799	151.475	66.225	128.681473015167
814800	151.525	66.225	128.091778991347
814801	151.575	66.225	127.208975207591
814802	151.625	66.225	128.443463564392
814803	151.675	66.225	128.660595143862
814804	151.725	66.225	128.772184401421
815317	-148.625	66.175	135.666961306846
815319	-148.525	66.175	136.245043621042
815398	-144.575	66.175	133.442596909702
815709	-129.025	66.175	123.972399758309
815710	-128.975	66.175	123.967313782609
815711	-128.925	66.175	124.432765407334
815712	-128.875	66.175	125.377691622454
819605	65.775	66.175	125.961928274298
819606	65.825	66.175	126.994488581226
819607	65.875	66.175	127.192469814973
820035	87.275	66.175	136.736848016391
820768	123.925	66.175	131.961525951387
820769	123.975	66.175	130.392405942138
821311	151.075	66.175	128.530574439089
821314	151.225	66.175	129.356059007708
821315	151.275	66.175	127.206872980815
821316	151.325	66.175	127.41733903839
821317	151.375	66.175	128.055939522703
821318	151.425	66.175	128.695755895623
821322	151.625	66.175	129.45401725991
821323	151.675	66.175	129.080287775254
821836	-148.675	66.125	136.656353137005
821837	-148.625	66.125	136.221180335938
821919	-144.525	66.125	135.77669024918
822228	-129.075	66.125	124.0726445742
822229	-129.025	66.125	123.992190743393
826123	65.675	66.125	125.719327056046
826124	65.725	66.125	126.758202599346
826125	65.775	66.125	125.237542172251
826126	65.825	66.125	124.707371743393
826555	87.275	66.125	137.299604666711
826556	87.325	66.125	137.622452401763
826557	87.375	66.125	136.784754845946
826558	87.425	66.125	135.122932829776
827289	123.975	66.125	132.341443375379
827824	150.725	66.125	128.422261792076
827825	150.775	66.125	127.1721990337
827826	150.825	66.125	126.876682584829
827828	150.925	66.125	127.720330507913
827829	150.975	66.125	127.856653057137
827830	151.025	66.125	127.660754739293
827831	151.075	66.125	128.44802502992
828350	-148.975	66.075	136.257309479449
828352	-148.875	66.075	136.444022056391
828353	-148.825	66.075	135.681255436904
828354	-148.775	66.075	135.054912308931
828355	-148.725	66.075	136.067768911834
828442	-144.375	66.075	134.13359079659
828443	-144.325	66.075	133.790981567203
828748	-129.075	66.075	124.080279674826
832642	65.625	66.075	125.803852054766
832643	65.675	66.075	125.909878291234
832647	65.875	66.075	125.465324705708
833080	87.525	66.075	133.759349687168
833081	87.575	66.075	133.853316853626
833082	87.625	66.075	135.945489184576
833083	87.675	66.075	130.2981910767
833084	87.725	66.075	134.874476361992
833085	87.775	66.075	137.579361834421
833086	87.825	66.075	137.911579634079
833087	87.875	66.075	138.223241139454
833088	87.925	66.075	136.863248260584
833089	87.975	66.075	137.578538487113
833809	123.975	66.075	128.226333385893
833810	124.025	66.075	127.084946405564
833811	124.075	66.075	126.291133981265
834344	150.725	66.075	127.397247363927
834345	150.775	66.075	127.654618610114
834866	-149.175	66.025	135.572786956716
834867	-149.125	66.025	135.017636766082
834869	-149.025	66.025	136.271302864236
834870	-148.975	66.025	136.09454260151
834963	-144.325	66.025	133.814089652661
834964	-144.275	66.025	134.185432608808
834965	-144.225	66.025	134.37840873874
835268	-129.075	66.025	123.891705368594
839161	65.575	66.025	126.260909401236
839162	65.625	66.025	125.388750626507
839168	65.925	66.025	125.627702263603
839609	87.975	66.025	137.875834068548
840331	124.075	66.025	126.59513942673
840332	124.125	66.025	126.633612794647
840333	124.175	66.025	127.182027520418
840865	150.775	66.025	128.089652848026
840866	150.825	66.025	127.069014072632
841385	-149.225	65.975	136.513124736323
841386	-149.175	65.975	136.37213635772
841486	-144.175	65.975	134.425859071232
841487	-144.125	65.975	134.206239072521
841488	-144.075	65.975	134.237134766935
841788	-129.075	65.975	124.001083024575
845680	65.525	65.975	125.26794447288
845681	65.575	65.975	125.208448895121
845688	65.925	65.975	125.768409715031
846128	87.925	65.975	136.819762293039
846129	87.975	65.975	137.96129357908
846145	88.775	65.975	123.67519434187
846146	88.825	65.975	124.004957794573
846149	88.975	65.975	127.96421591276
846853	124.175	65.975	126.849928833214
846854	124.225	65.975	125.866485427223
847385	150.775	65.975	127.507720129494
847905	-149.225	65.925	136.010370120369
848008	-144.075	65.925	134.211834409037
848009	-144.025	65.925	134.420563441065
848308	-129.075	65.925	123.97182097842
848309	-129.025	65.925	124.004988721034
852199	65.475	65.925	126.477595478574
852207	65.875	65.925	126.367620089668
852647	87.875	65.925	137.858592258723
852648	87.925	65.925	137.081889167595
852659	88.475	65.925	129.0687345754
852660	88.525	65.925	130.660789261482
852669	88.975	65.925	127.96421591276
853374	124.225	65.925	126.333437157407
853905	150.775	65.925	127.12577995207
854412	-149.875	65.875	135.306373356923
854414	-149.775	65.875	136.442946795958
854415	-149.725	65.875	136.293695778491
854416	-149.675	65.875	136.711226437484
854417	-149.625	65.875	136.682101115574
854418	-149.575	65.875	136.833703533953
854419	-149.525	65.875	136.87440477607
854420	-149.475	65.875	136.385000405215
854421	-149.425	65.875	135.894756456308
854422	-149.375	65.875	135.022121096475
854424	-149.275	65.875	133.046052899798
854425	-149.225	65.875	134.239453388474
854529	-144.025	65.875	134.131905225047
854829	-129.025	65.875	123.949891339487
854830	-128.975	65.875	123.99119456539
858713	65.175	65.875	126.003215020468
858714	65.225	65.875	126.424223051371
858715	65.275	65.875	126.697818181644
858716	65.325	65.875	126.638237053571
858717	65.375	65.875	125.694642290956
858718	65.425	65.875	126.824932288378
858719	65.475	65.875	126.582149446497
858727	65.875	65.875	125.466445343006
859166	87.825	65.875	137.144775927454
859167	87.875	65.875	136.800896561255
859178	88.425	65.875	126.266676297093
859894	124.225	65.875	130.945935643426
860425	150.775	65.875	126.421928815234
860426	150.825	65.875	126.249443229188
860929	-150.025	65.825	134.720687848027
860930	-149.975	65.825	134.337378607311
861351	-128.925	65.825	123.878080249433
861352	-128.875	65.825	123.924851969284
865228	64.925	65.825	125.384913887241
865229	64.975	65.825	125.650410493239
865230	65.025	65.825	125.185015366867
865231	65.075	65.825	126.026716141846
865232	65.125	65.825	125.731343837905
865246	65.825	65.825	125.707672532135
865247	65.875	65.825	125.568279382242
865686	87.825	65.825	136.022947630087
865691	88.075	65.825	133.684370420518
865692	88.125	65.825	128.812154193147
865693	88.175	65.825	127.116420718596
865694	88.225	65.825	124.819863027973
865695	88.275	65.825	130.088740188935
865696	88.325	65.825	127.173087653941
865697	88.375	65.825	131.743979834144
865698	88.425	65.825	124.168378764123
866414	124.225	65.825	133.96118620043
866947	150.875	65.825	126.857015997184
867448	-150.075	65.775	134.734724865729
867450	-149.975	65.775	135.815541435704
867451	-149.925	65.775	136.607688041099
867452	-149.875	65.775	136.101788586405
867569	-144.025	65.775	135.56149468798
867873	-128.825	65.775	124.110561036906
871746	64.825	65.775	126.369771544255
871747	64.875	65.775	125.159743512237
871765	65.775	65.775	126.259950516863
871766	65.825	65.775	125.981796777122
872207	87.875	65.775	139.657094963975
872208	87.925	65.775	139.657914948625
872209	87.975	65.775	135.213830147
872210	88.025	65.775	135.316075885061
872211	88.075	65.775	133.684370420518
872935	124.275	65.775	132.313468338844
873467	150.875	65.775	126.581299077286
873468	150.925	65.775	126.313115750702
873973	-149.825	65.725	134.874589373106
874088	-144.075	65.725	136.324303465392
874393	-128.825	65.725	124.18422973513
878264	64.725	65.725	125.620668355196
878265	64.775	65.725	126.463689288838
878284	65.725	65.725	126.351577070849
878285	65.775	65.725	125.411623519437
878730	88.025	65.725	135.875581658988
879455	124.275	65.725	130.523917485794
879988	150.925	65.725	127.113872732134
880487	-150.125	65.675	136.825007467518
880488	-150.075	65.675	135.825470293879
880489	-150.025	65.675	135.082486835241
880490	-149.975	65.675	135.934327209016
880493	-149.825	65.675	135.332303373703
880608	-144.075	65.675	135.474300337824
880609	-144.025	65.675	135.644217485874
880913	-128.825	65.675	123.967906480907
880914	-128.775	65.675	124.107642945407
880915	-128.725	65.675	124.067928814436
880916	-128.675	65.675	124.048914496671
884782	64.625	65.675	125.735948326655
884783	64.675	65.675	125.93922079573
884784	64.725	65.675	125.457735803815
884804	65.725	65.675	125.277405287527
885250	88.025	65.675	136.173988446954
885975	124.275	65.675	130.90452347758
886510	151.025	65.675	127.891340384863
887006	-150.175	65.625	135.174423482361
887007	-150.125	65.625	136.365080250325
887010	-149.975	65.625	135.934327209016
887011	-149.925	65.625	135.467496866925
887012	-149.875	65.625	135.691042452992
887013	-149.825	65.625	135.292499600925
887129	-144.025	65.625	134.704962619753
887436	-128.675	65.625	124.552766067788
887437	-128.625	65.625	125.378160874764
887438	-128.575	65.625	125.638820647224
887439	-128.525	65.625	123.996596923467
887444	-128.275	65.625	125.511929074554
887445	-128.225	65.625	125.111877368595
887446	-128.175	65.625	125.27216286935
887447	-128.125	65.625	124.013363497677
887448	-128.075	65.625	123.723976521795
887449	-128.025	65.625	124.106980249099
891323	65.675	65.625	126.090471129184
891324	65.725	65.625	126.164883728693
891770	88.025	65.625	136.211219614507
892124	105.725	65.625	126.547604727911
892125	105.775	65.625	124.401301480678
892495	124.275	65.625	137.664164199759
893031	151.075	65.625	127.782384015903
893032	151.125	65.625	127.794125956162
893526	-150.175	65.575	135.253742943184
893527	-150.125	65.575	135.881953472341
893650	-143.975	65.575	133.699124396912
893651	-143.925	65.575	133.522862086933
893652	-143.875	65.575	133.868425854316
893653	-143.825	65.575	133.136323339963
893654	-143.775	65.575	134.157964393871
893655	-143.725	65.575	135.305503079526
893969	-128.025	65.575	124.098152397603
893970	-127.975	65.575	124.016329405455
893971	-127.925	65.575	124.104980924736
893972	-127.875	65.575	123.98220981605
893973	-127.825	65.575	124.022228611038
893974	-127.775	65.575	124.122112492801
897843	65.675	65.575	126.364777651183
898290	88.025	65.575	137.004903335183
899554	151.225	65.575	127.296644093101
900175	-143.725	65.525	135.396842161637
900176	-143.675	65.525	135.258652026984
900494	-127.775	65.525	124.122112492801
900495	-127.725	65.525	124.069367825212
900496	-127.675	65.525	123.857674572509
904343	64.675	65.525	125.17599578011
904809	87.975	65.525	137.794009710072
904810	88.025	65.525	137.740488714648
905535	124.275	65.525	128.396490164236
906074	151.225	65.525	127.272392863291
906075	151.275	65.525	128.924269547317
906556	-150.675	65.475	135.522141020578
906561	-150.425	65.475	136.441038004902
906696	-143.675	65.475	135.453206674595
907017	-127.625	65.475	124.035904405918
907018	-127.575	65.475	124.192384657596
910863	64.675	65.475	126.26024067208
910882	65.625	65.475	125.56284150852
911329	87.975	65.475	136.647862782996
911369	89.975	65.475	132.041883542156
912055	124.275	65.475	127.592217547852
912596	151.325	65.475	126.683602948725
912597	151.375	65.475	127.799475633776
913072	-150.875	65.425	134.028760304873
913074	-150.775	65.425	135.760760220666
913216	-143.675	65.425	133.107814124524
913217	-143.625	65.425	133.6796471703
913218	-143.575	65.425	134.155472828223
913219	-143.525	65.425	133.597846133703
913538	-127.575	65.425	123.918409217489
913539	-127.525	65.425	123.958876991807
913540	-127.475	65.425	123.965602371867
913541	-127.425	65.425	124.101668378132
917402	65.625	65.425	126.248086992573
917849	87.975	65.425	136.79702234767
917889	89.975	65.425	132.370701179367
918215	106.275	65.425	123.513704913404
918575	124.275	65.425	126.404139756213
918576	124.325	65.425	127.521512326437
919117	151.375	65.425	127.771956422716
919118	151.425	65.425	128.826115110629
919739	-143.525	65.375	133.769186078472
919740	-143.475	65.375	135.129260660956
919743	-143.325	65.375	135.160468548148
919744	-143.275	65.375	134.083884919952
919745	-143.225	65.375	134.097163989679
919747	-143.125	65.375	134.183411692516
919756	-142.675	65.375	133.899959441179
919757	-142.625	65.375	134.972744878814
919758	-142.575	65.375	133.496845061084
919759	-142.525	65.375	134.922557257872
919760	-142.475	65.375	135.879337101358
920061	-127.425	65.375	124.074467509536
920062	-127.375	65.375	123.959700788613
920063	-127.325	65.375	123.963883594185
923919	65.475	65.375	126.50698831859
923920	65.525	65.375	125.991147743833
923921	65.575	65.375	126.735971448231
924369	87.975	65.375	133.660424375317
924409	89.975	65.375	132.35643158413
925096	124.325	65.375	132.373137711801
925637	151.375	65.375	127.296430147614
925638	151.425	65.375	127.191609302898
926107	-151.125	65.325	134.909101298153
926109	-151.025	65.325	134.915700986001
926270	-142.975	65.325	134.380899890959
926271	-142.925	65.325	134.72278184099
926272	-142.875	65.325	134.488302900094
926273	-142.825	65.325	134.68151537295
926274	-142.775	65.325	135.332791421039
926275	-142.725	65.325	135.167735028685
926280	-142.475	65.325	133.91056583498
926281	-142.425	65.325	134.067836368308
926287	-142.125	65.325	133.617688132984
926288	-142.075	65.325	134.281912403998
926583	-127.325	65.325	123.976127409142
926584	-127.275	65.325	123.968965581517
926585	-127.225	65.325	123.97586608458
926586	-127.175	65.325	124.048157464018
926587	-127.125	65.325	124.858538533387
930438	65.425	65.325	126.749465608922
930439	65.475	65.325	125.619528976082
930888	87.925	65.325	135.336468307291
930889	87.975	65.325	135.245724097231
931617	124.375	65.325	130.302454548648
932159	151.475	65.325	126.937773702623
932160	151.525	65.325	127.547204194776
932622	-151.375	65.275	133.299149627317
932623	-151.325	65.275	133.048767826331
932624	-151.275	65.275	131.166669266855
932625	-151.225	65.275	130.347318034191
932626	-151.175	65.275	132.846859948886
932627	-151.125	65.275	134.230836954032
932810	-141.975	65.275	132.672846566711
932811	-141.925	65.275	132.969535263704
933110	-126.975	65.275	123.971691171106
933111	-126.925	65.275	124.226497610849
933112	-126.875	65.275	124.048405850916
933113	-126.825	65.275	123.985124418095
933114	-126.775	65.275	123.962682651596
933115	-126.725	65.275	123.962958563347
936944	64.725	65.275	125.258950895017
936945	64.775	65.275	125.29221696704
936957	65.375	65.275	125.436162667295
937408	87.925	65.275	137.167066350544
938138	124.425	65.275	127.665405596541
938680	151.525	65.275	127.583547894592
938681	151.575	65.275	127.806595077328
939132	-151.875	65.225	132.858402524045
939133	-151.825	65.225	132.70547347568
939134	-151.775	65.225	133.362468500514
939135	-151.725	65.225	135.517107656312
939140	-151.475	65.225	132.909899425799
939141	-151.425	65.225	132.722642783118
939331	-141.925	65.225	133.711570665047
939332	-141.875	65.225	132.636281649185
939333	-141.825	65.225	132.469138357729
939334	-141.775	65.225	132.582276832168
939335	-141.725	65.225	130.782178641226
939635	-126.725	65.225	123.729548770925
939636	-126.675	65.225	123.777801269118
939637	-126.625	65.225	124.023409335619
939638	-126.575	65.225	124.020262374307
939639	-126.525	65.225	124.039906855082
943465	64.775	65.225	125.481105292819
943466	64.825	65.225	124.913203571435
943475	65.275	65.225	126.09698489835
943476	65.325	65.225	125.160554901771
943927	87.875	65.225	137.486566350431
943928	87.925	65.225	137.23320918178
944659	124.475	65.225	133.037436538467
945201	151.575	65.225	128.793213858963
945202	151.625	65.225	128.042238159602
945626	-153.175	65.175	135.704996799258
945627	-153.125	65.175	135.679107398877
945628	-153.075	65.175	134.903496883302
945629	-153.025	65.175	136.278104709805
945630	-152.975	65.175	135.449140051078
945631	-152.925	65.175	135.189899086764
945632	-152.875	65.175	135.356301489214
945633	-152.825	65.175	134.990261459063
945634	-152.775	65.175	134.716305042551
945636	-152.675	65.175	135.266561654122
945642	-152.375	65.175	136.078106958253
945643	-152.325	65.175	135.630018711626
945644	-152.275	65.175	136.740617334266
945645	-152.225	65.175	136.218103723409
945646	-152.175	65.175	135.932501742074
945647	-152.125	65.175	135.662381510984
945648	-152.075	65.175	136.283861928279
945649	-152.025	65.175	134.863969264251
945650	-151.975	65.175	134.345768872574
945651	-151.925	65.175	135.005389518544
945652	-151.875	65.175	132.858402524045
945655	-151.725	65.175	135.517107656312
945656	-151.675	65.175	136.132415145212
945657	-151.625	65.175	134.888205398441
945658	-151.575	65.175	133.798539933518
945659	-151.525	65.175	132.941320992788
945660	-151.475	65.175	132.909899425799
945855	-141.725	65.175	130.842809477937
945856	-141.675	65.175	133.641955400002
946159	-126.525	65.175	124.039906855082
946160	-126.475	65.175	124.068954394589
946161	-126.425	65.175	123.998722993913
946162	-126.375	65.175	124.037158102438
949986	64.825	65.175	124.956359318019
949987	64.875	65.175	124.956043863864
949995	65.275	65.175	125.748503555891
950447	87.875	65.175	136.883632843554
950490	90.025	65.175	131.135600818322
950862	108.625	65.175	123.894340559396
950863	108.675	65.175	123.922750114496
951179	124.475	65.175	129.500582347477
952136	-153.675	65.125	136.420392511885
952137	-153.625	65.125	136.367529459254
952138	-153.575	65.125	135.818062465918
952139	-153.525	65.125	135.531048774005
952140	-153.475	65.125	135.475928887007
952141	-153.425	65.125	135.577986276972
952142	-153.375	65.125	136.165415705175
952143	-153.325	65.125	135.649670422653
952145	-153.225	65.125	136.412916726185
952146	-153.175	65.125	135.704996799258
952156	-152.675	65.125	135.266561654122
952159	-152.525	65.125	135.160364750769
952160	-152.475	65.125	135.732991845639
952161	-152.425	65.125	135.56100570084
952162	-152.375	65.125	136.078106958253
952376	-141.675	65.125	133.404861846361
952380	-141.475	65.125	131.343782363323
952381	-141.425	65.125	129.824143176459
952682	-126.375	65.125	124.029892412693
952683	-126.325	65.125	124.007021416148
952684	-126.275	65.125	124.007693879256
956506	64.825	65.125	125.013738836787
956507	64.875	65.125	124.808048593304
956514	65.225	65.125	124.376010725898
956515	65.275	65.125	125.313308653003
956967	87.875	65.125	135.133155561914
957009	89.975	65.125	131.731569679783
957700	124.525	65.125	132.207239606187
957701	124.575	65.125	131.628900615823
957702	124.625	65.125	131.989916230065
957703	124.675	65.125	136.037512161556
958246	151.825	65.125	130.117311239598
958247	151.875	65.125	130.680830415219
958650	-153.975	65.075	135.584222808693
958652	-153.875	65.075	135.981942427568
958653	-153.825	65.075	136.165075665984
958654	-153.775	65.075	135.754095257288
958655	-153.725	65.075	135.640920359392
958902	-141.375	65.075	134.758187185963
959205	-126.225	65.075	124.10865821516
959206	-126.175	65.075	124.207024352316
963027	64.875	65.075	124.95668354763
963028	64.925	65.075	124.794511179337
963034	65.225	65.075	125.737322776475
963487	87.875	65.075	136.281757191616
964223	124.675	65.075	132.671886086414
964224	124.725	65.075	129.988982585141
964225	124.775	65.075	132.918846620107
964767	151.875	65.075	131.150035332682
964768	151.925	65.075	130.112870436044
964769	151.975	65.075	129.239176633879
965167	-154.125	65.025	135.131070617629
965168	-154.075	65.025	135.073395285018
965169	-154.025	65.025	135.570743400852
965170	-153.975	65.025	135.584222808693
965422	-141.375	65.025	135.104054605302
965423	-141.325	65.025	135.086874212987
965726	-126.175	65.025	124.223710512473
965727	-126.125	65.025	124.196239116292
969548	64.925	65.025	124.876131151138
969549	64.975	65.025	124.58055715942
969550	65.025	65.025	124.642319987833
969555	65.275	65.025	125.515764002842
969556	65.325	65.025	124.906949699687
970006	87.825	65.025	136.670004702843
970745	124.775	65.025	129.471555017832
970746	124.825	65.025	129.669605626513
971289	151.975	65.025	129.210117351136
971290	152.025	65.025	128.035827331235
971681	-154.425	64.975	136.573525295287
971682	-154.375	64.975	136.667999093379
971683	-154.325	64.975	136.285166077641
971684	-154.275	64.975	135.496702488418
971685	-154.225	64.975	135.34803348514
971686	-154.175	64.975	135.647286446978
971945	-141.225	64.975	132.92331703543
971946	-141.175	64.975	133.759189139492
972248	-126.075	64.975	124.359273964668
972249	-126.025	64.975	124.022524699589
976069	64.975	64.975	124.882072227095
976077	65.375	64.975	125.037503541618
976078	65.425	64.975	124.689494612656
976079	65.475	64.975	124.727940725775
976083	65.675	64.975	125.047250371035
976526	87.825	64.975	137.329782625609
977267	124.875	64.975	131.895787627177
977810	152.025	64.975	128.664665811141
978194	-154.775	64.925	135.500959758913
978195	-154.725	64.925	134.011896132079
978196	-154.675	64.925	134.078277665588
978197	-154.625	64.925	133.574282512183
978198	-154.575	64.925	133.04940426302
978199	-154.525	64.925	136.587447788783
978200	-154.475	64.925	135.947335726607
978201	-154.425	64.925	135.366966111291
978463	-141.325	64.925	134.603387117321
978464	-141.275	64.925	135.202769744277
978465	-141.225	64.925	133.515323753253
978466	-141.175	64.925	133.759189139492
978769	-126.025	64.925	124.022524699589
978770	-125.975	64.925	124.012524586405
978771	-125.925	64.925	123.790988878746
978772	-125.875	64.925	124.063695968042
978773	-125.825	64.925	123.979118568488
978774	-125.775	64.925	123.88090482449
978775	-125.725	64.925	123.76205289328
982589	64.975	64.925	124.72669659079
982590	65.025	64.925	124.866519521705
982601	65.575	64.925	126.969010707453
982602	65.625	64.925	125.515392368492
982603	65.675	64.925	125.426885933379
983046	87.825	64.925	135.753135406095
983095	90.275	64.925	132.033809242896
983787	124.875	64.925	134.488649794485
983788	124.925	64.925	133.009428060993
984652	-157.875	64.875	135.649470018148
984653	-157.825	64.875	135.39754945312
984654	-157.775	64.875	135.81754414305
984655	-157.725	64.875	137.164983376493
984656	-157.675	64.875	137.246841936022
984657	-157.625	64.875	137.37558486645
984658	-157.575	64.875	136.146322935678
984705	-155.225	64.875	133.738918923072
984706	-155.175	64.875	135.260544318043
984707	-155.125	64.875	135.639043672444
984708	-155.075	64.875	135.705051089883
984709	-155.025	64.875	135.771456135624
984710	-154.975	64.875	136.005035023511
984711	-154.925	64.875	135.177919267517
984712	-154.875	64.875	135.445907437015
984713	-154.825	64.875	137.054861117545
984988	-141.075	64.875	134.506726722357
985295	-125.725	64.875	123.76205289328
985296	-125.675	64.875	123.792789405992
985298	-125.575	64.875	124.080439449525
985301	-125.425	64.875	124.028430302626
985302	-125.375	64.875	123.915839346095
985303	-125.325	64.875	124.000321646532
985304	-125.275	64.875	123.781353269833
985305	-125.225	64.875	124.232538938326
985306	-125.175	64.875	124.147842966666
985307	-125.125	64.875	124.127592903746
989110	65.025	64.875	124.999639280262
989114	65.225	64.875	124.602635097386
989115	65.275	64.875	124.757762535938
989120	65.525	64.875	126.803781656645
989121	65.575	64.875	126.935886853175
989566	87.825	64.875	135.943451716736
989616	90.325	64.875	131.618209448651
990310	125.025	64.875	127.366067564291
990311	125.075	64.875	127.387745880939
990855	152.275	64.875	129.357083984777
990856	152.325	64.875	129.380255634025
991170	-157.975	64.825	136.762347701892
991171	-157.925	64.825	136.49069356666
991179	-157.525	64.825	136.206369361755
991180	-157.475	64.825	136.034512414691
991223	-155.325	64.825	132.478725212165
991224	-155.275	64.825	135.120711667942
991225	-155.225	64.825	135.427108880125
991506	-141.175	64.825	134.296293076477
991507	-141.125	64.825	134.832568247568
991827	-125.125	64.825	124.200441773008
995634	65.225	64.825	125.453905883659
995640	65.525	64.825	125.87269957328
995641	65.575	64.825	125.60770126427
996085	87.775	64.825	136.60369355759
996086	87.825	64.825	136.499024309815
996831	125.075	64.825	125.38334880925
996832	125.125	64.825	124.928242414597
996833	125.175	64.825	131.586776380268
997379	152.475	64.825	127.472814574213
997380	152.525	64.825	127.54829148535
997388	152.925	64.825	126.624787764184
997689	-158.025	64.775	136.330832324469
997690	-157.975	64.775	136.616680888746
997705	-157.225	64.775	135.336836238018
997708	-157.075	64.775	135.439398836245
997709	-157.025	64.775	135.654673589794
997733	-155.825	64.775	134.861270569535
997734	-155.775	64.775	134.47284004008
997735	-155.725	64.775	134.356213997744
997736	-155.675	64.775	134.709183580625
997740	-155.475	64.775	135.537755332948
997741	-155.425	64.775	135.860261468343
998029	-141.025	64.775	133.623682738163
998347	-125.125	64.775	124.21007080052
998348	-125.075	64.775	124.21034241242
1002154	65.225	64.775	125.297997145379
1002160	65.525	64.775	125.484026767659
1002161	65.575	64.775	125.522188920685
1002604	87.725	64.775	137.565142915416
1002605	87.775	64.775	136.978974111319
1003353	125.175	64.775	131.586776380268
1003354	125.225	64.775	130.206255037459
1003355	125.275	64.775	130.033806104024
1003356	125.325	64.775	128.684079494482
1003357	125.375	64.775	124.807264979977
1003358	125.425	64.775	130.615029201234
1003908	152.925	64.775	126.624787764184
1004207	-158.125	64.725	136.897676117794
1004208	-158.075	64.725	136.948623068464
1004209	-158.025	64.725	136.461840924906
1004229	-157.025	64.725	136.332001924823
1004230	-156.975	64.725	135.760312515836
1004231	-156.925	64.725	134.448304356993
1004233	-156.825	64.725	134.495935831747
1004234	-156.775	64.725	134.178248465412
1004244	-156.275	64.725	134.952551243771
1004245	-156.225	64.725	135.037534233018
1004246	-156.175	64.725	132.756577361837
1004247	-156.125	64.725	133.327942353625
1004248	-156.075	64.725	132.711558893353
1004249	-156.025	64.725	134.323762475311
1004250	-155.975	64.725	134.834019216931
1004251	-155.925	64.725	133.22601067671
1004252	-155.875	64.725	133.588556994726
1004253	-155.825	64.725	134.682506498346
1004256	-155.675	64.725	134.709183580625
1004257	-155.625	64.725	135.420371737144
1004258	-155.575	64.725	135.638007400627
1004259	-155.525	64.725	136.238498151594
1004260	-155.475	64.725	135.537755332948
1004549	-141.025	64.725	131.542189678543
1004868	-125.075	64.725	124.213192381155
1004869	-125.025	64.725	123.991293855855
1004870	-124.975	64.725	123.991293855855
1008674	65.225	64.725	125.107818822492
1008680	65.525	64.725	124.804795964053
1009123	87.675	64.725	136.834503303682
1009124	87.725	64.725	137.380169719012
1009186	90.825	64.725	131.734834844376
1009878	125.425	64.725	126.671123772425
1009879	125.475	64.725	131.42788607487
1010431	153.075	64.725	129.462189679029
1010726	-158.175	64.675	137.071540914269
1010727	-158.125	64.675	137.23677137953
1010754	-156.775	64.675	136.163929252443
1010755	-156.725	64.675	135.961940066689
1010757	-156.625	64.675	135.709996027717
1010758	-156.575	64.675	135.488624974275
1010759	-156.525	64.675	135.056926040764
1010760	-156.475	64.675	135.322669951958
1010761	-156.425	64.675	134.999135696165
1010762	-156.375	64.675	136.104563698928
1010763	-156.325	64.675	135.806251354813
1010764	-156.275	64.675	132.748530599416
1011071	-140.925	64.675	131.53855759718
1011072	-140.875	64.675	133.883871521767
1011390	-124.975	64.675	124.269798639707
1011391	-124.925	64.675	124.378058297325
1011392	-124.875	64.675	124.648962679859
1015194	65.225	64.675	125.29450107248
1015200	65.525	64.675	124.736818158765
1015201	65.575	64.675	125.131157607692
1015202	65.625	64.675	125.655254140023
1015203	65.675	64.675	126.173680029231
1015641	87.575	64.675	135.562596797391
1015642	87.625	64.675	136.921822584986
1015706	90.825	64.675	132.347942273568
1015707	90.875	64.675	132.193068726518
1016399	125.475	64.675	129.889390881419
1016400	125.525	64.675	130.38912218814
1016960	153.525	64.675	129.645917183823
1016961	153.575	64.675	129.817335520128
1017244	-158.275	64.625	137.229149955614
1017275	-156.725	64.625	135.879866027792
1017276	-156.675	64.625	136.063108366888
1017277	-156.625	64.625	135.709996027717
1017592	-140.875	64.625	133.164999441472
1017594	-140.775	64.625	132.216832116089
1017595	-140.725	64.625	131.808570559654
1017911	-124.925	64.625	124.247966020544
1017912	-124.875	64.625	124.773914420595
1021714	65.225	64.625	124.982348286459
1021715	65.275	64.625	124.599721323245
1021723	65.675	64.625	126.173680029231
1021724	65.725	64.625	125.153360978194
1021725	65.775	64.625	125.805295558252
1022160	87.525	64.625	135.601032972543
1022161	87.575	64.625	135.775416546932
1022227	90.875	64.625	132.370783845752
1022228	90.925	64.625	132.372692672893
1022920	125.525	64.625	126.990957856878
1022921	125.575	64.625	125.940159326441
1023477	153.375	64.625	127.000894616217
1023490	154.025	64.625	129.705710676182
1023491	154.075	64.625	130.57339964722
1023762	-158.375	64.575	137.390102850331
1023763	-158.325	64.575	136.400846263704
1024117	-140.625	64.575	132.388374828908
1024118	-140.575	64.575	132.160035678456
1024431	-124.925	64.575	124.209176192568
1024432	-124.875	64.575	124.004173741553
1028235	65.275	64.575	124.496293021426
1028236	65.325	64.575	124.40156388348
1028237	65.375	64.575	124.570569404789
1028243	65.675	64.575	125.954136724693
1028244	65.725	64.575	126.210642826949
1028680	87.525	64.575	135.473787878387
1029442	125.625	64.575	133.761156806696
1029443	125.675	64.575	134.242216083587
1029444	125.725	64.575	131.709503181424
1030011	154.075	64.575	128.781867103381
1030281	-158.425	64.525	136.140419424218
1030282	-158.375	64.525	137.408203994882
1030638	-140.575	64.525	132.975126405545
1030641	-140.425	64.525	133.436699267992
1030951	-124.925	64.525	124.286590878693
1034758	65.425	64.525	124.528417870954
1034763	65.675	64.525	125.075185104009
1034764	65.725	64.525	125.406225123494
1034765	65.775	64.525	125.080635166762
1035199	87.475	64.525	135.68281313675
1035200	87.525	64.525	136.324357884279
1035273	91.175	64.525	131.669433980009
1035274	91.225	64.525	131.669433980009
1035275	91.275	64.525	131.548550837212
1035964	125.725	64.525	131.709503181424
1035965	125.775	64.525	128.858195994523
1035968	125.925	64.525	125.006776807026
1035969	125.975	64.525	128.091097337548
1036531	154.075	64.525	128.491484781168
1036800	-158.475	64.475	134.563594254231
1036801	-158.425	64.475	135.944821892639
1037160	-140.475	64.475	135.142238575912
1037161	-140.425	64.475	133.323685678029
1037472	-124.875	64.475	124.095220640397
1037473	-124.825	64.475	124.148709888907
1041277	65.375	64.475	124.815738637328
1041278	65.425	64.475	124.722254516356
1041285	65.775	64.475	125.081449829164
1041286	65.825	64.475	125.160348600155
1041719	87.475	64.475	133.72651552688
1041720	87.525	64.475	134.023486316328
1041796	91.325	64.475	132.096779341716
1041802	91.625	64.475	129.387226963869
1041803	91.675	64.475	128.344950609303
1041804	91.725	64.475	128.042937872868
1041805	91.775	64.475	130.746679231111
1042489	125.975	64.475	128.733622824823
1042490	126.025	64.475	131.346360228666
1042491	126.075	64.475	131.782142123846
1043317	-158.625	64.425	136.566240768408
1043679	-140.525	64.425	135.092118978065
1043680	-140.475	64.425	133.810867126335
1043994	-124.775	64.425	124.725345391232
1047797	65.375	64.425	124.568923583912
1047807	65.875	64.425	125.109500727317
1048240	87.525	64.425	136.148010564376
1048326	91.825	64.425	131.407109850745
1048327	91.875	64.425	132.392802887011
1048328	91.925	64.425	132.263500628427
1048329	91.975	64.425	132.7840354761
1048330	92.025	64.425	132.590889306703
1048339	92.475	64.425	127.117007061036
1048340	92.525	64.425	131.320375512913
1048348	92.925	64.425	132.312747593208
1048349	92.975	64.425	132.366059718589
1048350	93.025	64.425	132.577553721315
1048351	93.075	64.425	132.735444053599
1049011	126.075	64.425	129.380524106292
1049012	126.125	64.425	130.338530579197
1049013	126.175	64.425	133.174913918276
1049014	126.225	64.425	133.526802923661
1049015	126.275	64.425	132.149296724401
1049016	126.325	64.425	133.708015941683
1049017	126.375	64.425	133.558692102498
1049572	154.125	64.425	128.239375989817
1049836	-158.675	64.375	136.2840380725
1049837	-158.625	64.375	136.567480574646
1050200	-140.475	64.375	133.993067309745
1050201	-140.425	64.375	133.589701731042
1050204	-140.275	64.375	133.093622613687
1050514	-124.775	64.375	124.680802248821
1050515	-124.725	64.375	124.346150476381
1054317	65.375	64.375	124.419704800411
1054318	65.425	64.375	124.730676820089
1054327	65.875	64.375	124.967221043112
1054328	65.925	64.375	124.897214820943
1054760	87.525	64.375	135.273411423461
1054761	87.575	64.375	134.59077323838
1054850	92.025	64.375	132.376226452283
1054851	92.075	64.375	132.56938835853
1054852	92.125	64.375	132.17654834087
1054856	92.325	64.375	132.599420973614
1054863	92.675	64.375	132.716961800417
1054871	93.075	64.375	132.735444053599
1054872	93.125	64.375	132.178184429105
1054873	93.175	64.375	131.928945050476
1054874	93.225	64.375	130.074487528594
1055537	126.375	64.375	133.67589465869
1055538	126.425	64.375	132.398437251361
1055539	126.475	64.375	130.330352844017
1055540	126.525	64.375	125.717167443284
1056356	-158.675	64.325	136.696838416967
1056730	-139.975	64.325	133.394042968252
1056731	-139.925	64.325	132.974477558627
1056732	-139.875	64.325	132.51858030105
1057035	-124.725	64.325	124.26214037223
1057036	-124.675	64.325	124.151684074638
1057037	-124.625	64.325	123.80923027879
1057038	-124.575	64.325	124.279094266676
1060838	65.425	64.325	125.039219561014
1060839	65.475	64.325	125.092480617372
1060848	65.925	64.325	124.920359929227
1060849	65.975	64.325	124.65138289562
1061281	87.575	64.325	137.625162627888
1061374	92.225	64.325	132.520692784948
1061395	93.275	64.325	131.043621405187
1061396	93.325	64.325	131.964368154398
1061397	93.375	64.325	132.059656094547
1062058	126.425	64.325	126.229402446965
1062060	126.525	64.325	127.866503799713
1062061	126.575	64.325	133.620602432052
1062062	126.625	64.325	133.55604631889
1062876	-158.675	64.275	136.621316690747
1063251	-139.925	64.275	133.444640399257
1063252	-139.875	64.275	132.51858030105
1063253	-139.825	64.275	133.265895180363
1063255	-139.725	64.275	132.505943936227
1063558	-124.575	64.275	124.279094266676
1063559	-124.525	64.275	124.142427882037
1063560	-124.475	64.275	124.096597813106
1067359	65.475	64.275	125.27670863973
1067360	65.525	64.275	124.80014441631
1067368	65.925	64.275	124.75553813698
1067369	65.975	64.275	124.670821348157
1067801	87.575	64.275	138.184584790963
1067917	93.375	64.275	132.088086929491
1067918	93.425	64.275	131.557240523303
1067919	93.475	64.275	131.865597998816
1067920	93.525	64.275	130.682162277606
1067921	93.575	64.275	128.361264852263
1068578	126.425	64.275	127.142864304852
1068582	126.625	64.275	133.896257000811
1068583	126.675	64.275	132.113495732912
1068584	126.725	64.275	129.448041884985
1068585	126.775	64.275	128.837318348512
1069396	-158.675	64.225	135.344017424786
1069778	-139.575	64.225	131.739760786658
1070080	-124.475	64.225	124.088277970311
1070081	-124.425	64.225	124.504275801555
1073879	65.475	64.225	125.24505055381
1073888	65.925	64.225	125.492428515617
1073889	65.975	64.225	124.912059659951
1073890	66.025	64.225	124.746273112313
1074320	87.525	64.225	135.304281900918
1074321	87.575	64.225	135.317615015434
1074441	93.575	64.225	128.361264852263
1074442	93.625	64.225	127.91290585235
1074443	93.675	64.225	129.668126139877
1074444	93.725	64.225	131.572175861503
1074445	93.775	64.225	132.47023048967
1075097	126.375	64.225	126.542076205084
1075098	126.425	64.225	126.45346469389
1075105	126.775	64.225	128.837318348512
1075106	126.825	64.225	131.130035499594
1075107	126.875	64.225	126.216754425044
1075659	154.475	64.225	128.541154261309
1075916	-158.675	64.175	136.554724550303
1076601	-124.425	64.175	124.839191590532
1080398	65.425	64.175	124.914907962152
1080411	66.075	64.175	124.879999532659
1080840	87.525	64.175	137.228426002266
1080965	93.775	64.175	132.259441360698
1080966	93.825	64.175	131.210342202401
1080967	93.875	64.175	132.470340588933
1080968	93.925	64.175	132.482647232056
1080970	94.025	64.175	132.651889347063
1080971	94.075	64.175	130.212052083985
1080972	94.125	64.175	129.793424447497
1080973	94.175	64.175	131.882637448053
1080974	94.225	64.175	128.997330089757
1080976	94.325	64.175	129.770072072323
1080977	94.375	64.175	132.022170669489
1080979	94.475	64.175	131.39691461967
1080980	94.525	64.175	127.653948682478
1080984	94.725	64.175	128.563258178705
1081616	126.325	64.175	125.846516578942
1081617	126.375	64.175	127.156525972826
1081627	126.875	64.175	130.163147090305
1081628	126.925	64.175	131.166224806094
1082435	-158.725	64.125	136.786622310754
1082436	-158.675	64.125	136.80707519385
1082820	-139.475	64.125	133.041557210481
1082821	-139.425	64.125	132.896000245608
1083121	-124.425	64.125	124.166891921015
1086917	65.375	64.125	124.628996973676
1086918	65.425	64.125	124.779001894715
1086931	66.075	64.125	124.994251392999
1087360	87.525	64.125	136.482649094614
1087488	93.925	64.125	132.482647232056
1087489	93.975	64.125	132.834609111613
1087490	94.025	64.125	132.651889347063
1087505	94.775	64.125	131.523177095151
1087506	94.825	64.125	132.198381179709
1087507	94.875	64.125	132.304778859926
1087571	98.075	64.125	131.158367250568
1087572	98.125	64.125	130.665147275955
1087578	98.425	64.125	132.437109069539
1087583	98.675	64.125	132.759807444265
1087598	99.425	64.125	129.935621918845
1087606	99.825	64.125	131.537385902208
1087608	99.925	64.125	131.144015853112
1087609	99.975	64.125	131.133887302313
1088134	126.225	64.125	126.426252872668
1088135	126.275	64.125	125.945944789521
1088149	126.975	64.125	128.506224993595
1088150	127.025	64.125	130.078285513036
1088955	-158.725	64.075	137.003402243246
1089341	-139.425	64.075	132.964352839037
1089641	-124.425	64.075	124.225313255368
1093436	65.325	64.075	124.923647177516
1093437	65.375	64.075	124.726181611682
1093880	87.525	64.075	136.032880362834
1094027	94.875	64.075	131.949288860644
1094028	94.925	64.075	131.929312956302
1094029	94.975	64.075	132.255150588474
1094030	95.025	64.075	132.130567597762
1094091	98.075	64.075	130.964827478552
1094602	123.625	64.075	124.082311555633
1094603	123.675	64.075	123.72325756784
1094604	123.725	64.075	124.765296793074
1094605	123.775	64.075	127.103100345159
1094606	123.825	64.075	125.785094516935
1094607	123.875	64.075	124.672029054974
1094651	126.075	64.075	125.472198111898
1094652	126.125	64.075	128.133945863801
1094653	126.175	64.075	126.647497805859
1094654	126.225	64.075	127.37024918503
1094670	127.025	64.075	129.621823533351
1094671	127.075	64.075	132.111429465162
1094672	127.125	64.075	133.851392281823
1095472	-158.875	64.025	135.254945711154
1095473	-158.825	64.025	132.528487786648
1095474	-158.775	64.025	134.1806789952
1095858	-139.575	64.025	132.558612815334
1095859	-139.525	64.025	133.211386724956
1096161	-124.425	64.025	124.002532800223
1099955	65.275	64.025	124.874017087789
1099956	65.325	64.025	124.926696083968
1099968	65.925	64.025	124.780600194164
1100400	87.525	64.025	135.31623828488
1100401	87.575	64.025	133.869587607413
1100550	95.025	64.025	130.551623360303
1100551	95.075	64.025	132.245892991297
1100553	95.175	64.025	132.147260074903
1100554	95.225	64.025	131.960111922748
1100555	95.275	64.025	131.88193980526
1100556	95.325	64.025	132.605180109905
1100557	95.375	64.025	133.990248128821
1100558	95.425	64.025	132.647964827133
1100562	95.625	64.025	132.059261701198
1100613	98.175	64.025	132.202477777267
1100614	98.225	64.025	132.523582526084
1101119	123.475	64.025	125.814420751627
1101121	123.575	64.025	125.89855375192
1101122	123.625	64.025	125.294167555505
1101139	124.475	64.025	124.046362019484
1101141	124.575	64.025	125.599989658463
1101142	124.625	64.025	124.823191273107
1101171	126.075	64.025	125.290684562122
1101193	127.175	64.025	133.989361904297
1101736	154.325	64.025	127.9346264611
1101990	-158.975	63.975	134.692658220575
1101991	-158.925	63.975	135.576462907954
1101992	-158.875	63.975	135.254945711154
1102682	-124.375	63.975	124.401988126616
1102683	-124.325	63.975	124.128267445154
1102684	-124.275	63.975	124.96598811811
1102685	-124.225	63.975	124.124350707753
1106472	65.125	63.975	125.258469473508
1106473	65.175	63.975	124.855887874867
1106474	65.225	63.975	125.087223011313
1106475	65.275	63.975	125.226821529419
1106488	65.925	63.975	124.780600194164
1106921	87.575	63.975	135.830974026364
1107082	95.625	63.975	132.059261701198
1107083	95.675	63.975	130.6078313035
1107638	123.425	63.975	124.768232683655
1107662	124.625	63.975	127.321126464027
1107664	124.725	63.975	125.090459612124
1107666	124.825	63.975	124.304195649842
1107688	125.925	63.975	125.751340839246
1107689	125.975	63.975	124.699340593375
1107690	126.025	63.975	126.60548131672
1107714	127.225	63.975	133.390456393633
1107715	127.275	63.975	133.885246078437
1107716	127.325	63.975	132.750140229577
1108509	-159.025	63.925	135.529199187102
1108510	-158.975	63.925	136.895328062874
1109206	-124.175	63.925	124.032290712248
1109207	-124.125	63.925	124.217252470556
1112991	65.075	63.925	125.261489348321
1112992	65.125	63.925	125.13869202665
1113007	65.875	63.925	124.889503267525
1113440	87.525	63.925	137.465671679277
1113441	87.575	63.925	137.69953780102
1113604	95.725	63.925	132.782109312182
1113605	95.775	63.925	131.895225028204
1113606	95.825	63.925	131.315233381419
1113607	95.875	63.925	132.000791074918
1113648	97.925	63.925	133.247989892574
1114145	122.775	63.925	125.5114124082
1114146	122.825	63.925	127.143996181724
1114147	122.875	63.925	124.748824927051
1114148	122.925	63.925	124.969682114588
1114149	122.975	63.925	124.529626286177
1114151	123.075	63.925	127.044189378324
1114152	123.125	63.925	129.116073241598
1114153	123.175	63.925	125.515400823422
1114154	123.225	63.925	124.165465319158
1114187	124.875	63.925	123.712761255457
1114188	124.925	63.925	124.225675588899
1114189	124.975	63.925	125.208508531489
1114190	125.025	63.925	123.330445575889
1114200	125.525	63.925	127.28972887852
1114201	125.575	63.925	126.394717777309
1114202	125.625	63.925	125.584784158637
1114203	125.675	63.925	125.04833226593
1114204	125.725	63.925	124.297381234162
1114205	125.775	63.925	126.007440612631
1114206	125.825	63.925	127.716447084788
1114207	125.875	63.925	126.271948865654
1114237	127.375	63.925	129.859559805351
1114238	127.425	63.925	132.70933093086
1114239	127.475	63.925	126.51288242639
1115026	-159.175	63.875	137.011733859619
1115727	-124.125	63.875	124.217252470556
1115728	-124.075	63.875	124.603626520847
1115729	-124.025	63.875	124.908616544189
1119509	64.975	63.875	125.045109762566
1119510	65.025	63.875	125.140111953355
1119511	65.075	63.875	125.291686412026
1119528	65.925	63.875	124.976655277518
1119529	65.975	63.875	124.989257389112
1119959	87.475	63.875	134.781216289599
1119960	87.525	63.875	137.190972460713
1120127	95.875	63.875	132.000791074918
1120128	95.925	63.875	132.166732536996
1120130	96.025	63.875	130.503081615154
1120131	96.075	63.875	131.892224708014
1120132	96.125	63.875	132.207501270937
1120133	96.175	63.875	132.31475115269
1120134	96.225	63.875	132.18121563417
1120137	96.375	63.875	132.167085334844
1120166	97.825	63.875	129.309155556194
1120167	97.875	63.875	132.054263395136
1120168	97.925	63.875	132.987932677727
1120646	121.825	63.875	124.912184697909
1120651	122.075	63.875	128.171186853393
1120652	122.125	63.875	126.556513344794
1120654	122.225	63.875	125.939930185153
1120655	122.275	63.875	124.70407463339
1120657	122.375	63.875	126.593528152074
1120658	122.425	63.875	127.445802438033
1120660	122.525	63.875	123.800808708234
1120661	122.575	63.875	124.043673505049
1120662	122.625	63.875	126.285907715409
1120663	122.675	63.875	126.085647076383
1120664	122.725	63.875	129.354893773696
1120665	122.775	63.875	125.5114124082
1120712	125.125	63.875	124.458729924401
1120713	125.175	63.875	126.775352511533
1120714	125.225	63.875	127.185558053127
1120715	125.275	63.875	127.354952425073
1120716	125.325	63.875	124.572961550146
1120717	125.375	63.875	125.128582045932
1120719	125.475	63.875	126.484618793858
1120720	125.525	63.875	127.28972887852
1120759	127.475	63.875	127.174232768087
1120760	127.525	63.875	131.631838542294
1120761	127.575	63.875	133.418970954453
1120762	127.625	63.875	132.933316506195
1120763	127.675	63.875	131.077938352467
1120764	127.725	63.875	130.100324992197
1121284	153.725	63.875	126.549691325942
1121545	-159.225	63.825	135.26928035609
1121935	-139.725	63.825	133.603923826572
1122249	-124.025	63.825	124.468360262365
1122250	-123.975	63.825	124.035004194517
1126027	64.875	63.825	125.229580456673
1126028	64.925	63.825	125.201403773319
1126048	65.925	63.825	124.681407341058
1126478	87.425	63.825	135.419334269943
1126479	87.475	63.825	136.621607840805
1126657	96.375	63.825	132.106305245325
1126658	96.425	63.825	132.526338234461
1126666	96.825	63.825	133.167817745598
1126667	96.875	63.825	133.868992870307
1126668	96.925	63.825	133.037904426756
1126670	97.025	63.825	129.72797209222
1126673	97.175	63.825	130.486911267847
1126674	97.225	63.825	131.442902800893
1126676	97.325	63.825	131.644271735641
1126688	97.925	63.825	132.137508599256
1126689	97.975	63.825	132.417755576835
1126690	98.025	63.825	132.279437884869
1127164	121.725	63.825	123.941811245389
1127165	121.775	63.825	125.591513381015
1127284	127.725	63.825	135.028203479087
1127285	127.775	63.825	130.844133889965
1128063	-159.325	63.775	135.99108520515
1128064	-159.275	63.775	135.720269927949
1128065	-159.225	63.775	134.718911421894
1128770	-123.975	63.775	124.203614617816
1132546	64.825	63.775	125.23678493089
1132547	64.875	63.775	125.246182884811
1132565	65.775	63.775	124.381572686422
1132566	65.825	63.775	125.207810475046
1132567	65.875	63.775	124.888855159664
1132568	65.925	63.775	124.736824602544
1132997	87.375	63.775	135.149956190829
1132998	87.425	63.775	135.859748145813
1133178	96.425	63.775	132.394676706141
1133179	96.475	63.775	132.706170387724
1133180	96.525	63.775	132.128582454429
1133182	96.625	63.775	131.605682425939
1133183	96.675	63.775	131.383120323561
1133184	96.725	63.775	133.917336258246
1133185	96.775	63.775	132.699165947866
1133186	96.825	63.775	131.609287893932
1133196	97.325	63.775	131.644271735641
1133197	97.375	63.775	131.936871151161
1133198	97.425	63.775	132.051417174073
1133199	97.475	63.775	132.678106998106
1133202	97.625	63.775	132.487194350393
1133203	97.675	63.775	132.553978003925
1133204	97.725	63.775	132.115247122849
1133210	98.025	63.775	132.366573395418
1133674	121.225	63.775	126.519098582496
1133675	121.275	63.775	124.99703529236
1133676	121.325	63.775	127.32434125567
1133678	121.425	63.775	124.57398578178
1133679	121.475	63.775	124.549313514011
1133680	121.525	63.775	124.536339644847
1133681	121.575	63.775	125.239022277632
1133682	121.625	63.775	126.862578473266
1133683	121.675	63.775	126.069127502823
1133684	121.725	63.775	123.801334087861
1133806	127.825	63.775	130.558033533656
1133807	127.875	63.775	129.979944037365
1134583	-159.325	63.725	136.048394392584
1134976	-139.675	63.725	133.439174123862
1135290	-123.975	63.725	124.381534964058
1135291	-123.925	63.725	124.12347305021
1135292	-123.875	63.725	123.795423339152
1139065	64.775	63.725	125.382543142921
1139066	64.825	63.725	125.254287330755
1139085	65.775	63.725	124.573229929318
1139516	87.325	63.725	137.120152110428
1139724	97.725	63.725	132.115247122849
1139725	97.775	63.725	132.09312930311
1139729	97.975	63.725	132.229095856683
1139730	98.025	63.725	132.392721840602
1139955	109.275	63.725	124.48678637536
1139956	109.325	63.725	124.169726201173
1140187	120.875	63.725	125.994396409351
1140188	120.925	63.725	124.534213385933
1140189	120.975	63.725	125.368567358015
1140327	127.875	63.725	130.657394400038
1140328	127.925	63.725	133.493161395419
1140329	127.975	63.725	129.118889791591
1140330	128.025	63.725	129.213654106023
1141495	-139.725	63.675	131.875493857336
1141812	-123.875	63.675	124.722381930531
1141813	-123.825	63.675	124.839329694533
1145585	64.775	63.675	125.360587760862
1145605	65.775	63.675	124.942138480272
1146036	87.325	63.675	134.655036670198
1146706	120.825	63.675	126.842260190544
1146707	120.875	63.675	127.787702436272
1146850	128.025	63.675	130.574622692309
1146851	128.075	63.675	132.111825641001
1147622	-159.375	63.625	136.695777756995
1148015	-139.725	63.625	132.555584025917
1148333	-123.825	63.625	124.469802527547
1148334	-123.775	63.625	124.159866075276
1152051	62.075	63.625	125.464090944288
1152052	62.125	63.625	125.459035692651
1152125	65.775	63.625	125.078819930228
1152556	87.325	63.625	135.476941073816
1153219	120.475	63.625	126.93795323119
1153220	120.525	63.625	126.101015252278
1153223	120.675	63.625	129.064461194029
1153225	120.775	63.625	127.949886483698
1153372	128.125	63.625	128.066358789095
1154141	-159.425	63.575	137.192189064498
1154854	-123.775	63.575	124.53157904628
1158573	62.175	63.575	125.369447714035
1158574	62.225	63.575	125.52463315366
1158645	65.775	63.575	124.875281672429
1158646	65.825	63.575	124.659031651125
1159076	87.325	63.575	135.596759405769
1159725	119.775	63.575	128.182551167656
1159726	119.825	63.575	125.847462958948
1159727	119.875	63.575	124.552012889897
1159728	119.925	63.575	126.302861981231
1159729	119.975	63.575	124.857905397791
1159730	120.025	63.575	124.367297516749
1159731	120.075	63.575	124.31870366731
1159739	120.475	63.575	125.085877851145
1159892	128.125	63.575	128.036011723797
1159893	128.175	63.575	129.725446606718
1159894	128.225	63.575	127.848041849062
1159909	128.975	63.575	128.42270894619
1159910	129.025	63.575	124.756481677292
1159911	129.075	63.575	123.796031246883
1160660	-159.475	63.525	136.013934517896
1160661	-159.425	63.525	136.382405690373
1161374	-123.775	63.525	125.054729802026
1161375	-123.725	63.525	124.792408124584
1165094	62.225	63.525	125.086787010824
1165145	64.775	63.525	125.374800746173
1165146	64.825	63.525	125.383595879001
1165162	65.625	63.525	125.167590209521
1165163	65.675	63.525	124.737447814794
1165164	65.725	63.525	124.861094487009
1165165	65.775	63.525	124.921068845504
1165166	65.825	63.525	124.960204821944
1165596	87.325	63.525	135.196854027597
1166234	119.225	63.525	127.775239495463
1166235	119.275	63.525	124.47223705272
1166238	119.425	63.525	123.983995659558
1166239	119.475	63.525	125.854670019065
1166240	119.525	63.525	124.861836680658
1166241	119.575	63.525	126.81656777709
1166242	119.625	63.525	127.668248029697
1166243	119.675	63.525	129.28601749893
1166244	119.725	63.525	129.491919675139
1166252	120.125	63.525	124.374312875064
1166253	120.175	63.525	124.092213124832
1166254	120.225	63.525	126.877057390644
1166255	120.275	63.525	127.206160141214
1166259	120.475	63.525	124.693162166221
1166414	128.225	63.525	128.177208707826
1166415	128.275	63.525	131.03623825633
1166416	128.325	63.525	132.27308654821
1166417	128.375	63.525	126.165654587039
1166418	128.425	63.525	126.372238034327
1166419	128.475	63.525	129.542889649353
1166420	128.525	63.525	132.807749023145
1166421	128.575	63.525	132.86349888888
1166422	128.625	63.525	133.489483549497
1166423	128.675	63.525	133.886733986829
1166424	128.725	63.525	133.150533145882
1166425	128.775	63.525	132.74215560147
1166426	128.825	63.525	129.003200468711
1166427	128.875	63.525	131.455519963744
1166428	128.925	63.525	133.627149298271
1166432	129.125	63.525	124.851010439492
1166433	129.175	63.525	126.311789868005
1166434	129.225	63.525	125.776956238207
1166435	129.275	63.525	131.805071578985
1167180	-159.475	63.475	135.662731954778
1167575	-139.725	63.475	133.927531324557
1167895	-123.725	63.475	124.716422337396
1171615	62.275	63.475	125.708699254786
1171616	62.325	63.475	125.692741261653
1171617	62.375	63.475	125.133244989126
1171665	64.775	63.475	125.198324998278
1171679	65.475	63.475	125.127333930679
1171680	65.525	63.475	126.270350759197
1171681	65.575	63.475	126.036003006985
1171682	65.625	63.475	125.167590209521
1172115	87.275	63.475	137.675698243958
1172116	87.325	63.475	134.927532940179
1172470	105.025	63.475	131.34787259308
1172563	109.675	63.475	124.872869961458
1172564	109.725	63.475	125.164918217517
1172565	109.775	63.475	127.478269976136
1172566	109.825	63.475	124.853048969999
1172570	110.025	63.475	124.208892284937
1172573	110.175	63.475	125.290457107611
1172574	110.225	63.475	128.327996985973
1172747	118.875	63.475	125.43720963504
1172752	119.125	63.475	126.305199504198
1172753	119.175	63.475	125.91654643784
1172754	119.225	63.475	127.775239495463
1172775	120.275	63.475	126.487384044317
1172776	120.325	63.475	124.861712139724
1172777	120.375	63.475	126.130690698354
1172778	120.425	63.475	125.762098188631
1172779	120.475	63.475	125.703759255697
1172955	129.275	63.475	131.805071578985
1172956	129.325	63.475	135.187286002891
1172957	129.375	63.475	133.414694991403
1172958	129.425	63.475	131.447271596588
1172959	129.475	63.475	130.123090209255
1172960	129.525	63.475	133.528935542755
1173699	-159.525	63.425	136.728316163451
1173700	-159.475	63.425	136.742643343008
1174415	-123.725	63.425	124.742122803666
1174416	-123.675	63.425	124.780356370692
1178139	62.475	63.425	124.173701931784
1178140	62.525	63.425	124.624898162886
1178142	62.625	63.425	125.241469518583
1178183	64.675	63.425	125.651877205884
1178184	64.725	63.425	126.036255025934
1178185	64.775	63.425	124.903789650753
1178199	65.475	63.425	125.349214913332
1178200	65.525	63.425	124.486498154706
1178634	87.225	63.425	136.816331093346
1178635	87.275	63.425	137.493656522309
1179088	109.925	63.425	128.260980305939
1179089	109.975	63.425	125.670662146105
1179096	110.325	63.425	125.218709509167
1179478	129.425	63.425	132.348074265619
1179479	129.475	63.425	130.301900765489
1179481	129.575	63.425	137.058179791059
1179482	129.625	63.425	131.586328001373
1179483	129.675	63.425	128.380407401077
1179484	129.725	63.425	127.81148101472
1179485	129.775	63.425	133.116351600573
1179486	129.825	63.425	134.129767848215
1179487	129.875	63.425	131.356377280615
1179488	129.925	63.425	126.306063514575
1179489	129.975	63.425	128.403170637256
1179490	130.025	63.425	129.637196908829
1180218	-159.575	63.375	135.810230054604
1180219	-159.525	63.375	136.424130404161
1180618	-139.575	63.375	133.220192147213
1180619	-139.525	63.375	133.257334124948
1180936	-123.675	63.375	123.972013236298
1184662	62.625	63.375	125.241469518583
1184669	62.975	63.375	124.608883818649
1184670	63.025	63.375	124.454616604138
1184701	64.575	63.375	125.527860933275
1184702	64.625	63.375	125.218352390103
1184703	64.675	63.375	125.56432451049
1184720	65.525	63.375	125.141226282699
1184721	65.575	63.375	125.0607847126
1185154	87.225	63.375	137.332934877616
1185155	87.275	63.375	138.176884039588
1185156	87.325	63.375	137.962848442441
1185617	110.375	63.375	125.488120459244
1185788	118.925	63.375	125.414825164295
1186000	129.525	63.375	128.843902223666
1186010	130.025	63.375	129.637196908829
1186011	130.075	63.375	129.164515344424
1186012	130.125	63.375	129.297546793658
1186013	130.175	63.375	128.183772583235
1186014	130.225	63.375	128.459041178694
1186015	130.275	63.375	129.136653481302
1186034	131.225	63.375	129.793486544355
1186035	131.275	63.375	131.887887715182
1186036	131.325	63.375	137.323662994498
1186037	131.375	63.375	135.348888730259
1186038	131.425	63.375	128.117727093491
1186039	131.475	63.375	128.872640340292
1186040	131.525	63.375	126.961518966573
1186041	131.575	63.375	125.321348301791
1186042	131.625	63.375	127.051078772395
1186065	132.775	63.375	127.310090850275
1186066	132.825	63.375	127.952990796251
1186067	132.875	63.375	126.392478544388
1186068	132.925	63.375	127.529765266994
1186069	132.975	63.375	127.002064950991
1186070	133.025	63.375	126.392628128343
1186072	133.125	63.375	124.319758261112
1186073	133.175	63.375	126.933289109291
1186074	133.225	63.375	126.189699263381
1186737	-159.625	63.325	136.238453739244
1186738	-159.575	63.325	135.681733485619
1187456	-123.675	63.325	124.29665096126
1191191	63.075	63.325	125.027560359076
1191220	64.525	63.325	125.442508232072
1191221	64.575	63.325	125.511238957645
1191238	65.425	63.325	125.038094589352
1191239	65.475	63.325	125.243894787064
1191240	65.525	63.325	125.550327519945
1191676	87.325	63.325	137.962848442441
1191677	87.375	63.325	137.103883459144
1191678	87.425	63.325	135.705654995046
1191679	87.475	63.325	134.342559224223
1191680	87.525	63.325	136.701151107425
1192039	105.475	63.325	130.707452897872
1192138	110.425	63.325	125.839303862179
1192303	118.675	63.325	124.630343040961
1192304	118.725	63.325	126.010700437858
1192305	118.775	63.325	124.561439279378
1192520	129.525	63.325	130.007707316988
1192521	129.575	63.325	130.221016971815
1192535	130.275	63.325	129.151603992986
1192536	130.325	63.325	125.648829500706
1192537	130.375	63.325	124.665407059468
1192538	130.425	63.325	126.471284014345
1192539	130.475	63.325	129.629988955615
1192540	130.525	63.325	132.651095081346
1192541	130.575	63.325	132.847895692741
1192542	130.625	63.325	132.067219185868
1192543	130.675	63.325	131.092921451349
1192544	130.725	63.325	125.630133295349
1192545	130.775	63.325	124.634891516472
1192552	131.125	63.325	128.926946197942
1192553	131.175	63.325	127.553825028988
1192554	131.225	63.325	130.06426230476
1192562	131.625	63.325	127.051078772395
1192563	131.675	63.325	127.322122455801
1192564	131.725	63.325	125.57198711283
1192565	131.775	63.325	125.060431187724
1192566	131.825	63.325	127.783678658152
1192567	131.875	63.325	125.809853492911
1192568	131.925	63.325	126.20014442007
1192569	131.975	63.325	125.640252285602
1192577	132.375	63.325	126.205017054801
1192578	132.425	63.325	126.268592333288
1192579	132.475	63.325	125.86756400779
1192580	132.525	63.325	125.81654392251
1192581	132.575	63.325	124.402965239283
1192582	132.625	63.325	126.302072208972
1192583	132.675	63.325	127.507536703
1192584	132.725	63.325	127.683983742651
1192585	132.775	63.325	126.246721518427
1192594	133.225	63.325	125.483149637679
1192982	152.625	63.325	127.309651949106
1192983	152.675	63.325	127.47983012725
1193256	-159.675	63.275	136.486654925937
1193257	-159.625	63.275	137.610093848074
1193977	-123.625	63.275	124.151273100749
1193978	-123.575	63.275	124.155331331416
1197711	63.075	63.275	124.174190824625
1197712	63.125	63.275	124.950847110015
1197713	63.175	63.275	125.2396095229
1197739	64.475	63.275	125.71809181632
1197740	64.525	63.275	125.722952069131
1197755	65.275	63.275	124.967157248002
1197756	65.325	63.275	125.41232957263
1197757	65.375	63.275	125.836808036382
1198200	87.525	63.275	133.158633386038
1198201	87.575	63.275	133.682409735754
1198202	87.625	63.275	135.961682320674
1198203	87.675	63.275	136.769575025666
1198658	110.425	63.275	129.435231128218
1198815	118.275	63.275	124.175156623368
1198816	118.325	63.275	123.890127310328
1199041	129.575	63.275	127.325994618728
1199042	129.625	63.275	129.803593797985
1199065	130.775	63.275	130.298426886673
1199066	130.825	63.275	131.07691666221
1199067	130.875	63.275	132.681797327033
1199068	130.925	63.275	131.765665107658
1199069	130.975	63.275	128.010229049711
1199070	131.025	63.275	129.490170068854
1199071	131.075	63.275	126.515975210968
1199072	131.125	63.275	128.573853537638
1199089	131.975	63.275	124.720051027036
1199090	132.025	63.275	124.862091847927
1199091	132.075	63.275	124.752677634585
1199092	132.125	63.275	124.863746248668
1199093	132.175	63.275	127.278788601101
1199094	132.225	63.275	128.517445876914
1199095	132.275	63.275	128.304032168501
1199096	132.325	63.275	128.201699737758
1199097	132.375	63.275	126.964403011008
1199114	133.225	63.275	125.054019173723
1199775	-159.725	63.225	136.494380184047
1199776	-159.675	63.225	136.487325119215
1200498	-123.575	63.225	124.070620421841
1200499	-123.525	63.225	124.247895259789
1200500	-123.475	63.225	124.313267681327
1204233	63.175	63.225	125.24991060256
1204234	63.225	63.225	125.112251374189
1204235	63.275	63.225	124.961479824013
1204236	63.325	63.225	124.200695310628
1204237	63.375	63.225	124.186877740285
1204258	64.425	63.225	125.519502856481
1204259	64.475	63.225	125.680822468615
1204274	65.225	63.225	124.973929941412
1204275	65.275	63.225	124.955885313784
1204723	87.675	63.225	136.769575025666
1204724	87.725	63.225	136.407771071761
1204725	87.775	63.225	135.130240335461
1204726	87.825	63.225	130.695981458665
1205178	110.425	63.225	129.252179989596
1205203	111.675	63.225	128.702091937332
1205204	111.725	63.225	127.562536495555
1205205	111.775	63.225	126.866604132527
1205206	111.825	63.225	125.893051550014
1205207	111.875	63.225	127.249748117232
1205562	129.625	63.225	128.948784381774
1205634	133.225	63.225	125.665365332556
1206021	152.575	63.225	127.749520384256
1206295	-159.725	63.175	135.912711094444
1207021	-123.425	63.175	124.822382513369
1207022	-123.375	63.175	123.930859351075
1207023	-123.325	63.175	124.032113070861
1210758	63.425	63.175	125.035798547051
1210759	63.475	63.175	125.410713850124
1210760	63.525	63.175	125.210983248481
1210762	63.625	63.175	125.370851475505
1210763	63.675	63.175	125.587803696048
1210764	63.725	63.175	125.066046502836
1210765	63.775	63.175	124.685084707067
1210766	63.825	63.175	125.432380239774
1210776	64.325	63.175	125.235956996585
1210777	64.375	63.175	125.02215581899
1210794	65.225	63.175	124.664187437417
1211247	87.875	63.175	132.118516363199
1211248	87.925	63.175	136.695379017952
1211249	87.975	63.175	133.444414764052
1211698	110.425	63.175	127.634965510941
1211699	110.475	63.175	127.804462318936
1211722	111.625	63.175	125.33516693025
1211727	111.875	63.175	131.527087092716
1211728	111.925	63.175	127.774249581547
1211842	117.625	63.175	125.483233799941
1212082	129.625	63.175	125.1345023399
1212153	133.175	63.175	127.663967252133
1212540	152.525	63.175	126.969124977418
1212541	152.575	63.175	128.120656065822
1212815	-159.725	63.125	136.140402554058
1213543	-123.325	63.125	124.12892596771
1213544	-123.275	63.125	124.358243237038
1217286	63.825	63.125	125.39580196525
1217289	63.975	63.125	125.487862095055
1217290	64.025	63.125	125.433680495589
1217291	64.075	63.125	125.293769911892
1217292	64.125	63.125	125.474221505218
1217293	64.175	63.125	125.46622505236
1217296	64.325	63.125	125.235956996585
1217313	65.175	63.125	124.831528566925
1217314	65.225	63.125	124.857528030208
1217769	87.975	63.125	132.778578406643
1217770	88.025	63.125	129.666965889436
1218219	110.475	63.125	127.810957613883
1218220	110.525	63.125	128.936802218279
1218241	111.575	63.125	126.796829274241
1218242	111.625	63.125	128.211657719251
1218247	111.875	63.125	126.498735754752
1218361	117.575	63.125	126.029372233972
1218362	117.625	63.125	125.483233799941
1218602	129.625	63.125	129.67022403655
1218673	133.175	63.125	126.235455882012
1218682	133.625	63.125	126.460396662981
1218683	133.675	63.125	126.26750881533
1218684	133.725	63.125	125.691982882122
1218685	133.775	63.125	127.20262499708
1218686	133.825	63.125	127.383706076864
1218687	133.875	63.125	126.497349606354
1218688	133.925	63.125	124.688088511768
1218689	133.975	63.125	125.044136941364
1218690	134.025	63.125	125.553387184445
1219060	152.525	63.125	126.635266361074
1219334	-159.775	63.075	135.44541618652
1220064	-123.275	63.075	124.9790722552
1223807	63.875	63.075	125.452487992702
1223809	63.975	63.075	125.414713658041
1224290	88.025	63.075	129.985300626679
1224291	88.075	63.075	133.756932651734
1224740	110.525	63.075	129.477780603396
1224741	110.575	63.075	132.351930277265
1224755	111.275	63.075	132.160572678181
1224756	111.325	63.075	131.365821464382
1224758	111.425	63.075	126.157668107961
1224761	111.575	63.075	126.753690084262
1224767	111.875	63.075	127.771130552152
1224777	112.375	63.075	128.70044684573
1224778	112.425	63.075	128.332699221978
1224880	117.525	63.075	126.996738447297
1224881	117.575	63.075	125.663432960418
1225122	129.625	63.075	129.482545231606
1225194	133.225	63.075	125.031392197651
1225195	133.275	63.075	126.909240869587
1225196	133.325	63.075	127.061098155955
1225199	133.475	63.075	125.044496848728
1225200	133.525	63.075	125.440599941334
1225201	133.575	63.075	125.385280760726
1225202	133.625	63.075	126.460396662981
1225209	133.975	63.075	126.275780007646
1225210	134.025	63.075	125.714955394098
1225761	-164.425	63.025	136.24837629068
1225762	-164.375	63.025	136.013871443842
1225763	-164.325	63.025	136.435922118273
1225851	-159.925	63.025	134.555211774016
1225852	-159.875	63.025	135.624620065818
1226584	-123.275	63.025	124.536571004125
1230328	63.925	63.025	126.490386773366
1230350	65.025	63.025	126.709721599505
1230351	65.075	63.025	124.74478762401
1230811	88.075	63.025	136.108693154858
1230812	88.125	63.025	135.855499776903
1231261	110.575	63.025	127.620906977206
1231262	110.625	63.025	125.294910944661
1231263	110.675	63.025	130.849619035557
1231264	110.725	63.025	129.953772814294
1231265	110.775	63.025	126.824305992335
1231272	111.125	63.025	128.110552241697
1231273	111.175	63.025	128.241101697291
1231286	111.825	63.025	130.330904495097
1231287	111.875	63.025	132.733557900601
1231294	112.225	63.025	127.638438645699
1231295	112.275	63.025	127.979409525684
1231296	112.325	63.025	128.155468355048
1231297	112.375	63.025	128.294815910938
1231299	112.475	63.025	125.389554756681
1231400	117.525	63.025	124.697193806141
1231642	129.625	63.025	125.391179993282
1231643	129.675	63.025	129.203874343539
1231717	133.375	63.025	127.322015622989
1231718	133.425	63.025	126.000979078148
1231729	133.975	63.025	126.246494862612
1231730	134.025	63.025	126.956287886144
1232283	-164.325	62.975	136.661184377687
1232284	-164.275	62.975	136.767117144687
1232285	-164.225	62.975	136.727173039852
1232370	-159.975	62.975	135.92709886697
1232371	-159.925	62.975	135.608512356051
1232784	-139.275	62.975	135.276569193006
1233104	-123.275	62.975	125.863896238716
1233105	-123.225	62.975	125.436176354169
1236870	65.025	62.975	126.734835993131
1236871	65.075	62.975	124.643538667869
1237332	88.125	62.975	134.078310087835
1237333	88.175	62.975	133.13426703933
1237787	110.875	62.975	125.524459313621
1237788	110.925	62.975	126.889060043184
1237792	111.125	62.975	127.997283237666
1237806	111.825	62.975	129.998940240696
1237814	112.225	62.975	127.032668687364
1238163	129.675	62.975	130.969518865004
1238164	129.725	62.975	129.941761155191
1238249	133.975	62.975	127.853312096253
1238250	134.025	62.975	127.601990744589
1238251	134.075	62.975	132.04369657734
1238252	134.125	62.975	129.2661799305
1238253	134.175	62.975	125.916630278026
1238620	152.525	62.975	128.64094642141
1238806	-164.175	62.925	137.05072886345
1238807	-164.125	62.925	136.884229134982
1239625	-123.225	62.925	124.630302815932
1243391	65.075	62.925	124.268669434509
1243392	65.125	62.925	124.452890756737
1243393	65.175	62.925	124.964190198836
1243394	65.225	62.925	125.208156323014
1243853	88.175	62.925	134.211336220157
1243854	88.225	62.925	135.638036702873
1243855	88.275	62.925	135.396487801263
1244310	111.025	62.925	127.712178334741
1244326	111.825	62.925	136.107780762502
1244327	111.875	62.925	129.091508562799
1244440	117.525	62.925	124.744801680231
1244684	129.725	62.925	126.415262603566
1244773	134.175	62.925	126.721102969519
1245139	152.475	62.925	128.842761322502
1245140	152.525	62.925	127.261542650773
1245327	-164.125	62.875	136.805991613898
1246145	-123.225	62.875	124.187025566249
1249914	65.225	62.875	125.1264781343
1249915	65.275	62.875	125.96798069144
1249916	65.325	62.875	124.874203231619
1250375	88.275	62.875	134.48384573894
1250376	88.325	62.875	135.547618848903
1250377	88.375	62.875	134.132967123905
1250378	88.425	62.875	133.895415128404
1250847	111.875	62.875	126.722322900953
1250848	111.925	62.875	126.737869249005
1250851	112.075	62.875	127.658607798012
1250852	112.125	62.875	129.624536494894
1250959	117.475	62.875	124.761228540165
1251204	129.725	62.875	130.208908682684
1251293	134.175	62.875	125.958476768247
1251294	134.225	62.875	125.723523131142
1251848	-164.075	62.825	136.995886769901
1252665	-123.225	62.825	124.232182542316
1256436	65.325	62.825	125.110639382546
1256437	65.375	62.825	125.710227306462
1256898	88.425	62.825	133.895415128404
1256899	88.475	62.825	134.241850671457
1257725	129.775	62.825	127.553337659896
1257814	134.225	62.825	124.810384939406
1257815	134.275	62.825	124.896357795268
1258180	152.525	62.825	131.828055740719
1259185	-123.225	62.775	124.117980865538
1262957	65.375	62.775	125.267101753135
1262958	65.425	62.775	125.029667709092
1263419	88.475	62.775	134.31182542728
1264245	129.775	62.775	128.61599271703
1264336	134.325	62.775	124.595464317767
1264337	134.375	62.775	125.790192547569
1264338	134.425	62.775	126.627877340436
1264339	134.475	62.775	125.347460024166
1264340	134.525	62.775	126.698672937306
1265705	-123.225	62.725	124.665167662264
1269478	65.425	62.725	124.841480107318
1269479	65.475	62.725	124.839975102524
1269480	65.525	62.725	124.448502336924
1269939	88.475	62.725	131.606382237045
1269940	88.525	62.725	135.952875720705
1270765	129.775	62.725	127.209252669166
1270857	134.375	62.725	126.116206574891
1270858	134.425	62.725	126.627877340436
1270862	134.625	62.725	124.723749416308
1270863	134.675	62.725	124.997588114444
1272225	-123.225	62.675	124.171789798886
1276000	65.525	62.675	124.558217584235
1276001	65.575	62.675	124.922661372322
1276002	65.625	62.675	125.109276932238
1276460	88.525	62.675	135.678207660982
1276461	88.575	62.675	136.772623631727
1277038	117.425	62.675	124.587777519771
1277286	129.825	62.675	126.964057980219
1277287	129.875	62.675	129.593037985166
1277384	134.725	62.675	126.453025396236
1277385	134.775	62.675	126.12888549488
1277386	134.825	62.675	126.360115199692
1277391	135.075	62.675	124.7737680045
1277392	135.125	62.675	124.362913335245
1277393	135.175	62.675	124.881426632559
1277397	135.375	62.675	127.20434707742
1277400	135.525	62.675	123.868297135763
1278007	-160.125	62.625	135.403267505385
1278745	-123.225	62.625	124.489185865862
1282522	65.625	62.625	125.152124434258
1282523	65.675	62.625	124.703407958713
1282981	88.575	62.625	135.655708919204
1282982	88.625	62.625	131.88726319195
1283558	117.425	62.625	124.762879165842
1283807	129.875	62.625	129.39113526542
1283906	134.825	62.625	126.360115199692
1283907	134.875	62.625	127.704086199999
1283908	134.925	62.625	126.681479168995
1283909	134.975	62.625	124.69483570245
1283910	135.025	62.625	124.452368829575
1283911	135.075	62.625	124.7737680045
1283913	135.175	62.625	124.881426632559
1283915	135.275	62.625	125.131556583495
1283916	135.325	62.625	126.164475430302
1283917	135.375	62.625	127.221753861706
1283920	135.525	62.625	123.868297135763
1283921	135.575	62.625	124.357014117744
1284449	-164.025	62.575	135.283958128859
1284450	-163.975	62.575	135.548271639821
1284526	-160.175	62.575	135.869752171657
1285264	-123.275	62.575	123.755963132199
1289043	65.675	62.575	124.833607310621
1289044	65.725	62.575	125.33233462182
1289045	65.775	62.575	125.260197933246
1289502	88.625	62.575	131.88726319195
1289503	88.675	62.575	135.572588293861
1290327	129.875	62.575	126.589370124875
1290328	129.925	62.575	126.621088576409
1290441	135.575	62.575	124.299251809074
1290442	135.625	62.575	124.028085553586
1290970	-163.975	62.525	135.567129634611
1290971	-163.925	62.525	135.40300091385
1291046	-160.175	62.525	135.677214821986
1291047	-160.125	62.525	135.867227120702
1291784	-123.275	62.525	123.762366399604
1295565	65.775	62.525	124.766357525997
1295566	65.825	62.525	125.426359313845
1295567	65.875	62.525	124.746627053327
1296024	88.725	62.525	136.69248518072
1296025	88.775	62.525	135.961068431602
1296598	117.425	62.525	124.322585617817
1296849	129.975	62.525	126.456683601809
1296962	135.625	62.525	124.579853936034
1297287	151.875	62.525	129.345860853413
1297295	152.275	62.525	130.513282636779
1297296	152.325	62.525	130.526006510477
1297491	-163.925	62.475	135.417370740457
1297567	-160.125	62.475	135.816982132795
1297568	-160.075	62.475	135.223835480876
1298304	-123.275	62.475	123.935675405487
1302087	65.875	62.475	124.783625017414
1302088	65.925	62.475	125.493904978264
1302089	65.975	62.475	124.783531696052
1302545	88.775	62.475	136.464990913938
1302546	88.825	62.475	131.806130910375
1302547	88.875	62.475	133.644259361736
1302548	88.925	62.475	133.462492339933
1302549	88.975	62.475	134.144062065507
1303120	117.525	62.475	123.324759982135
1303370	130.025	62.475	128.658607154419
1303483	135.675	62.475	126.539265894582
1304012	-163.875	62.425	134.552981247712
1304088	-160.075	62.425	135.395385343694
1304823	-123.325	62.425	124.001517354517
1304824	-123.275	62.425	123.970154926369
1308609	65.975	62.425	124.783531696052
1308610	66.025	62.425	124.702942790807
1308612	66.125	62.425	124.688661456032
1308614	66.225	62.425	125.712317175859
1308615	66.275	62.425	125.529092857482
1308616	66.325	62.425	125.913398807884
1308617	66.375	62.425	125.459649011593
1309069	88.975	62.425	134.12381195555
1309070	89.025	62.425	134.766670967919
1309640	117.525	62.425	125.36936565461
1309890	130.025	62.425	124.909022410329
1309891	130.075	62.425	124.846586994605
1310003	135.675	62.425	127.086585011023
1310004	135.725	62.425	125.913577340219
1310609	-160.025	62.375	134.912833407075
1311343	-123.325	62.375	124.404076349608
1315137	66.375	62.375	126.010112240334
1315138	66.425	62.375	124.873159310677
1315590	89.025	62.375	135.629051277367
1315650	92.025	62.375	128.248497180953
1315651	92.075	62.375	127.087162197323
1316160	117.525	62.375	123.856417742733
1316411	130.075	62.375	129.681173569365
1316525	135.775	62.375	125.23299334402
1317052	-163.875	62.325	134.731808011472
1317129	-160.025	62.325	134.830633029977
1317130	-159.975	62.325	134.874597956621
1317862	-123.375	62.325	124.147787704339
1321659	66.475	62.325	125.112796508344
1322110	89.025	62.325	134.118490868181
1322167	91.875	62.325	128.988276032733
1322168	91.925	62.325	129.011751641392
1322169	91.975	62.325	129.705770180498
1322170	92.025	62.325	128.248497180953
1322171	92.075	62.325	127.033873409581
1322172	92.125	62.325	127.657109197864
1322930	130.025	62.325	124.993630829331
1322931	130.075	62.325	127.847624893604
1323046	135.825	62.325	125.211725197453
1323572	-163.875	62.275	134.980272577873
1323650	-159.975	62.275	135.156519567031
1324382	-123.375	62.275	123.790294552041
1324383	-123.325	62.275	123.885244920741
1328180	66.525	62.275	125.719868344622
1328181	66.575	62.275	125.318779341273
1328182	66.625	62.275	125.373663667051
1328183	66.675	62.275	125.114031500042
1328630	89.025	62.275	129.705954945397
1328686	91.825	62.275	126.622763502716
1328687	91.875	62.275	128.385669875657
1328692	92.125	62.275	127.880086351226
1329202	117.625	62.275	123.394379358735
1329449	129.975	62.275	125.827407011789
1329566	135.825	62.275	125.119942163534
1329567	135.875	62.275	124.693674555807
1330172	-159.875	62.225	134.282441188134
1330173	-159.825	62.225	135.296560422229
1330174	-159.775	62.225	135.186153232438
1330903	-123.325	62.225	123.870699921434
1330904	-123.275	62.225	123.800796658156
1330905	-123.225	62.225	123.942095946698
1330906	-123.175	62.225	123.684436006139
1334703	66.675	62.225	125.114031500042
1334704	66.725	62.225	125.858938440822
1334705	66.775	62.225	125.418938814606
1334706	66.825	62.225	125.584334852975
1334707	66.875	62.225	124.995507637486
1334708	66.925	62.225	126.598001201586
1334709	66.975	62.225	125.517696418769
1334710	67.025	62.225	125.316862959216
1334711	67.075	62.225	125.033846803083
1335150	89.025	62.225	134.869952603507
1335151	89.075	62.225	135.097520778535
1335212	92.125	62.225	127.94955659571
1335724	117.725	62.225	123.569054692813
1335968	129.925	62.225	127.471700257976
1335969	129.975	62.225	125.827407011789
1336086	135.825	62.225	125.845705942649
1336087	135.875	62.225	124.73337891786
1337426	-123.175	62.175	123.684436006139
1337427	-123.125	62.175	123.714714196076
1337428	-123.075	62.175	123.653507674595
1337429	-123.025	62.175	123.716350443403
1337430	-122.975	62.175	124.92672621003
1337435	-122.725	62.175	123.909988257261
1337436	-122.675	62.175	124.655497370707
1337437	-122.625	62.175	124.257801515856
1337438	-122.575	62.175	124.115559363108
1341231	67.075	62.175	125.011102664347
1341232	67.125	62.175	124.975110769522
1341233	67.175	62.175	125.137836944651
1341671	89.075	62.175	134.779612977222
1341672	89.125	62.175	132.833881577563
1341725	91.775	62.175	125.689511624548
1341732	92.125	62.175	128.277889027935
1341733	92.175	62.175	126.130405069879
1341734	92.225	62.175	124.275252714594
1342244	117.725	62.175	124.577604306829
1342487	129.875	62.175	125.593183006541
1342488	129.925	62.175	124.003897719739
1342603	135.675	62.175	126.537518204115
1342604	135.725	62.175	126.9569021588
1342605	135.775	62.175	127.52029106578
1342606	135.825	62.175	125.382086885063
1343133	-163.825	62.125	134.159679987124
1343213	-159.825	62.125	135.651825503684
1343214	-159.775	62.125	135.722239275866
1343951	-122.925	62.125	123.667210474197
1343952	-122.875	62.125	123.948048694933
1343953	-122.825	62.125	123.836415391136
1343954	-122.775	62.125	123.74132701481
1343955	-122.725	62.125	124.670504450342
1343958	-122.575	62.125	124.018585694579
1343959	-122.525	62.125	123.929991130741
1343960	-122.475	62.125	124.040298592417
1343961	-122.425	62.125	124.204297384981
1343962	-122.375	62.125	124.166050184863
1343963	-122.325	62.125	123.95154454024
1343964	-122.275	62.125	123.931422174514
1347753	67.175	62.125	124.429095828853
1347754	67.225	62.125	124.835061338001
1347755	67.275	62.125	124.930698833644
1348192	89.125	62.125	135.533892843824
1348240	91.525	62.125	129.516024616208
1348241	91.575	62.125	128.795682560607
1348242	91.625	62.125	130.66307359562
1348243	91.675	62.125	129.16938741743
1348244	91.725	62.125	130.336730235572
1348245	91.775	62.125	130.043493766261
1349007	129.875	62.125	127.138259449415
1349122	135.625	62.125	124.789847101093
1349123	135.675	62.125	125.506512820662
1349653	-163.825	62.075	134.732551202742
1349654	-163.775	62.075	135.256537243733
1349655	-163.725	62.075	134.858269764689
1349656	-163.675	62.075	134.598178932222
1349657	-163.625	62.075	134.431508257091
1349658	-163.575	62.075	134.090691498461
1349659	-163.525	62.075	135.020497617413
1349660	-163.475	62.075	135.047739365868
1349661	-163.425	62.075	134.826258430557
1349730	-159.975	62.075	135.363221495569
1349733	-159.825	62.075	135.651825503684
1350484	-122.275	62.075	123.991992325213
1350485	-122.225	62.075	124.028155715043
1350486	-122.175	62.075	123.935229136418
1350487	-122.125	62.075	123.869285269663
1350488	-122.075	62.075	123.85319132274
1350489	-122.025	62.075	123.962556453135
1350490	-121.975	62.075	123.88259437024
1354275	67.275	62.075	124.771229551266
1354276	67.325	62.075	124.861540376306
1354713	89.175	62.075	135.764306045615
1354759	91.475	62.075	129.284147359434
1354760	91.525	62.075	128.847937203355
1355527	129.875	62.075	130.614575641665
1355643	135.675	62.075	125.986568906197
1355644	135.725	62.075	126.376037902033
1355645	135.775	62.075	126.330463917751
1355931	150.075	62.075	126.308135095
1355932	150.125	62.075	126.399555404778
1355933	150.175	62.075	129.000412352566
1355934	150.225	62.075	130.235942694749
1355935	150.275	62.075	127.930339677547
1355936	150.325	62.075	127.231978957907
1355937	150.375	62.075	127.746828380705
1356182	-163.375	62.025	135.203499514682
1356183	-163.325	62.025	134.446759524794
1356184	-163.275	62.025	135.325994510808
1356185	-163.225	62.025	135.619921132646
1356197	-162.625	62.025	136.224988821394
1356198	-162.575	62.025	136.278098105115
1356199	-162.525	62.025	136.719280769588
1356200	-162.475	62.025	136.336610389244
1356249	-160.025	62.025	136.158192099608
1357010	-121.975	62.025	124.086786287351
1357011	-121.925	62.025	124.272839145746
1357012	-121.875	62.025	123.945523941631
1357013	-121.825	62.025	123.865501310606
1360797	67.375	62.025	125.069625965804
1361233	89.175	62.025	132.430844505953
1361234	89.225	62.025	135.879377505272
1361279	91.475	62.025	128.453520788771
1362046	129.825	62.025	126.807717703379
1362047	129.875	62.025	127.044459493082
1362163	135.675	62.025	127.565155532808
1362164	135.725	62.025	126.422237036699
1362165	135.775	62.025	125.255497588123
1362449	149.975	62.025	126.04942403517
1362450	150.025	62.025	126.203840071257
1362451	150.075	62.025	126.13228874992
1362705	-163.225	61.975	135.595840115694
1362716	-162.675	61.975	135.994138563933
1362717	-162.625	61.975	136.20750982753
1362720	-162.475	61.975	136.336610389244
1362721	-162.425	61.975	135.690872412277
1362723	-162.325	61.975	135.453165040981
1362724	-162.275	61.975	134.528963346552
1362725	-162.225	61.975	134.260347134622
1362752	-160.875	61.975	135.634438936883
1362753	-160.825	61.975	135.513278690726
1362754	-160.775	61.975	135.491384437717
1362755	-160.725	61.975	135.51013258615
1362756	-160.675	61.975	135.630130165477
1362757	-160.625	61.975	135.319864499102
1362758	-160.575	61.975	134.035162072944
1362759	-160.525	61.975	132.417229539124
1362760	-160.475	61.975	131.444997294061
1362761	-160.425	61.975	133.020826021309
1362762	-160.375	61.975	133.707865664801
1362763	-160.325	61.975	135.061950184999
1362764	-160.275	61.975	135.097424714992
1362768	-160.075	61.975	135.074749380208
1362769	-160.025	61.975	136.096632739378
1363533	-121.825	61.975	123.865501310606
1363534	-121.775	61.975	123.861805559292
1363535	-121.725	61.975	123.957754974041
1363536	-121.675	61.975	123.967532404316
1363537	-121.625	61.975	124.397069301529
1367317	67.375	61.975	124.950080418489
1367754	89.225	61.975	134.779187720379
1367799	91.475	61.975	129.225947715678
1368566	129.825	61.975	128.663709459862
1368680	135.525	61.975	124.45461447104
1368681	135.575	61.975	125.92025706986
1368682	135.625	61.975	127.055098100604
1368683	135.675	61.975	128.540298739115
1368966	149.825	61.975	126.202257715515
1368967	149.875	61.975	125.434527048871
1368968	149.925	61.975	125.852028369426
1368969	149.975	61.975	126.04942403517
1369226	-163.175	61.925	135.034992590318
1369232	-162.875	61.925	135.239927195723
1369233	-162.825	61.925	134.56430701326
1369234	-162.775	61.925	135.576477335217
1369236	-162.675	61.925	135.289965134675
1369246	-162.175	61.925	132.642244271569
1369267	-161.125	61.925	133.952910280058
1369268	-161.075	61.925	133.638270673464
1369269	-161.025	61.925	134.275631424752
1369270	-160.975	61.925	134.082054135078
1369272	-160.875	61.925	135.634438936883
1369899	-129.525	61.925	124.727452405404
1369900	-129.475	61.925	125.139742390651
1370057	-121.625	61.925	124.397069301529
1370058	-121.575	61.925	123.980421275766
1370059	-121.525	61.925	123.937558536304
1370060	-121.475	61.925	123.824389544867
1373837	67.375	61.925	124.741076309365
1373838	67.425	61.925	124.713246699952
1374274	89.225	61.925	134.784612460843
1374275	89.275	61.925	133.653766215703
1374318	91.425	61.925	126.446949209157
1374340	92.525	61.925	124.007919257178
1374341	92.575	61.925	124.041696558576
1374342	92.625	61.925	124.383017827488
1374343	92.675	61.925	125.518205734278
1375085	129.775	61.925	124.31194112286
1375086	129.825	61.925	128.333586662192
1375200	135.525	61.925	125.803532570163
1375485	149.775	61.925	126.004238190362
1375486	149.825	61.925	126.014996581247
1375747	-163.125	61.875	135.476880368996
1375748	-163.075	61.875	135.469272393772
1375749	-163.025	61.875	135.349465383027
1375750	-162.975	61.875	135.840887411897
1375751	-162.925	61.875	135.557539772129
1375767	-162.125	61.875	132.346315898514
1375784	-161.275	61.875	135.387610029441
1375785	-161.225	61.875	135.12836898295
1376418	-129.575	61.875	124.280575015736
1376581	-121.425	61.875	123.985829295758
1376582	-121.375	61.875	123.920452896528
1376583	-121.325	61.875	123.83300698605
1376584	-121.275	61.875	124.046287680631
1376585	-121.225	61.875	123.984116667892
1376586	-121.175	61.875	124.008506584858
1380358	67.425	61.875	125.286472044182
1380359	67.475	61.875	125.128356071234
1380795	89.275	61.875	129.835635205912
1380796	89.325	61.875	133.950465050465
1380797	89.375	61.875	132.021051234846
1380798	89.425	61.875	130.172993688566
1380838	91.425	61.875	129.536159140494
1380863	92.675	61.875	126.27663717536
1380864	92.725	61.875	126.452173085545
1380865	92.775	61.875	126.046704027302
1380895	94.275	61.875	128.124260864686
1381604	129.725	61.875	124.359589910059
1381720	135.525	61.875	125.05379300312
1382002	149.625	61.875	125.71437580956
1382003	149.675	61.875	125.486564859528
1382004	149.725	61.875	125.506423986215
1382288	-162.075	61.825	133.64168327912
1382303	-161.325	61.825	134.643308357416
1382304	-161.275	61.825	135.434595684053
1383104	-121.275	61.825	124.083252347374
1383106	-121.175	61.825	124.008506584858
1383107	-121.125	61.825	124.417971251668
1383108	-121.075	61.825	124.464709961205
1383109	-121.025	61.825	124.05611806659
1383110	-120.975	61.825	123.96075720257
1383111	-120.925	61.825	124.110062823227
1383112	-120.875	61.825	124.510552063661
1383113	-120.825	61.825	124.744092568049
1383114	-120.775	61.825	124.385747322722
1386879	67.475	61.825	124.93932312437
1386880	67.525	61.825	124.983338503459
1387318	89.425	61.825	130.368893701192
1387319	89.475	61.825	130.009924173403
1387358	91.425	61.825	127.932542934662
1387359	91.475	61.825	126.894544743512
1387385	92.775	61.825	126.945476401024
1387413	94.175	61.825	130.051702372656
1387414	94.225	61.825	129.250595074955
1387415	94.275	61.825	128.124260864686
1388123	129.675	61.825	125.520135532465
1388124	129.725	61.825	124.461624346945
1388240	135.525	61.825	125.729991177106
1388521	149.575	61.825	126.163403818844
1388522	149.625	61.825	126.257201339061
1388809	-162.025	61.775	133.839649860901
1388823	-161.325	61.775	135.997290647264
1389625	-121.225	61.775	124.556089594731
1389626	-121.175	61.775	124.795231399292
1389635	-120.725	61.775	124.215226635108
1393400	67.525	61.775	125.088169796808
1393840	89.525	61.775	130.705179063804
1393841	89.575	61.775	135.635757510284
1393842	89.625	61.775	134.274754564409
1393843	89.675	61.775	136.28119334559
1393844	89.725	61.775	135.938568040368
1393879	91.475	61.775	126.835888526329
1394643	129.675	61.775	127.850442328388
1394754	135.225	61.775	126.306416115179
1394755	135.275	61.775	127.325011342393
1394756	135.325	61.775	128.243861355406
1394757	135.375	61.775	124.53412433455
1394758	135.425	61.775	125.17040470894
1394759	135.475	61.775	126.705889176778
1394760	135.525	61.775	126.27146983294
1395041	149.575	61.775	126.172509742288
1395329	-162.025	61.725	133.530113103825
1395330	-161.975	61.725	134.178389814466
1395343	-161.325	61.725	135.277407454251
1396144	-121.275	61.725	124.852983953168
1396145	-121.225	61.725	124.355880283071
1396156	-120.675	61.725	124.610371931784
1399920	67.525	61.725	125.363336320092
1400364	89.725	61.725	136.123875242151
1400365	89.775	61.725	132.012440159304
1400382	90.625	61.725	125.300301862644
1400383	90.675	61.725	125.467713672144
1400384	90.725	61.725	129.853750747699
1400399	91.475	61.725	126.137438788548
1401162	129.625	61.725	128.46605303827
1401163	129.675	61.725	128.776706032913
1401273	135.175	61.725	126.067674891002
1401274	135.225	61.725	125.821874645604
1401560	149.525	61.725	126.715602434871
1401561	149.575	61.725	126.665715891635
1401850	-161.975	61.675	134.310500593539
1401851	-161.925	61.675	135.131737613501
1401863	-161.325	61.675	134.864785648694
1402660	-121.475	61.675	124.766593089082
1402661	-121.425	61.675	124.151185944059
1402662	-121.375	61.675	124.289280612985
1402663	-121.325	61.675	124.161957524691
1402664	-121.275	61.675	124.852983953168
1402675	-120.725	61.675	125.334474948172
1402676	-120.675	61.675	125.231009847696
1406440	67.525	61.675	124.822862828359
1406441	67.575	61.675	124.629257871109
1406885	89.775	61.675	134.180999653007
1406896	90.325	61.675	130.298605337143
1406897	90.375	61.675	127.078855884065
1406898	90.425	61.675	127.302602206208
1406899	90.475	61.675	124.64989988855
1406900	90.525	61.675	130.016193569513
1406901	90.575	61.675	127.282175666771
1406902	90.625	61.675	125.300301862644
1406904	90.725	61.675	128.27051974382
1406905	90.775	61.675	126.814907583796
1406906	90.825	61.675	131.978048931582
1406917	91.375	61.675	125.956027058358
1406918	91.425	61.675	124.998464804764
1406919	91.475	61.675	131.514886052601
1407681	129.575	61.675	126.41338845575
1407682	129.625	61.675	129.500990687407
1407794	135.225	61.675	124.85964386256
1407795	135.275	61.675	126.266742922727
1408067	148.875	61.675	128.57589597591
1408068	148.925	61.675	130.034862189301
1408069	148.975	61.675	130.046871848877
1408072	149.125	61.675	126.967871497936
1408073	149.175	61.675	128.477597152749
1408074	149.225	61.675	127.992281797586
1408075	149.275	61.675	130.687645731243
1408076	149.325	61.675	128.153015794394
1408077	149.375	61.675	129.597908362879
1408078	149.425	61.675	128.097086137063
1408080	149.525	61.675	126.917093333683
1408371	-161.925	61.625	134.525517752029
1408373	-161.825	61.625	134.720006564836
1408374	-161.775	61.625	134.338865219609
1408375	-161.725	61.625	134.152918893632
1408378	-161.575	61.625	131.596350297745
1409180	-121.475	61.625	124.95547881558
1409195	-120.725	61.625	125.318797498938
1412961	67.575	61.625	124.539988378859
1412962	67.625	61.625	125.460989506764
1412963	67.675	61.625	125.101588362721
1412964	67.725	61.625	126.359773328906
1412965	67.775	61.625	125.47306333587
1412966	67.825	61.625	124.956093653723
1412967	67.875	61.625	125.678019691515
1412968	67.925	61.625	125.740923698115
1413405	89.775	61.625	131.327443025907
1413408	89.925	61.625	131.162568690972
1413409	89.975	61.625	135.435873282688
1413410	90.025	61.625	134.132176008971
1413411	90.075	61.625	135.619000975174
1413413	90.175	61.625	125.876243836979
1413414	90.225	61.625	124.228160015329
1413427	90.875	61.625	126.211909233047
1413428	90.925	61.625	128.968547865967
1413429	90.975	61.625	127.766526631081
1413430	91.025	61.625	128.476384662311
1413433	91.175	61.625	126.600704787185
1413434	91.225	61.625	126.678634910718
1413435	91.275	61.625	128.565566265021
1413437	91.375	61.625	124.092521309785
1414198	129.425	61.625	130.893685639195
1414199	129.475	61.625	129.334308236597
1414200	129.525	61.625	131.351581500541
1414319	135.475	61.625	125.830679878811
1414320	135.525	61.625	126.26811085482
1414598	149.425	61.625	127.988508903874
1414599	149.475	61.625	126.693860115041
1414891	-161.925	61.575	133.890128482913
1414892	-161.875	61.575	134.178733069875
1414893	-161.825	61.575	134.776499708736
1415535	-129.725	61.575	125.524015503963
1415701	-121.425	61.575	124.821552157399
1415715	-120.725	61.575	124.893389403756
1415716	-120.675	61.575	124.935373332595
1419488	67.925	61.575	125.740923698115
1419489	67.975	61.575	125.18915858741
1419490	68.025	61.575	124.701234465476
1419491	68.075	61.575	124.608605602787
1419925	89.775	61.575	127.676405646072
1419926	89.825	61.575	133.666126852987
1419927	89.875	61.575	135.245321884814
1419928	89.925	61.575	130.559875664909
1419931	90.075	61.575	135.619000975174
1419932	90.125	61.575	133.075895344622
1419933	90.175	61.575	128.014501153792
1419934	90.225	61.575	132.844047432172
1419950	91.025	61.575	128.435473169384
1419951	91.075	61.575	127.815088370909
1419952	91.125	61.575	125.956014123009
1419953	91.175	61.575	126.600704787185
1420715	129.275	61.575	125.713226744339
1420716	129.325	61.575	125.372123525025
1420717	129.375	61.575	129.294933392023
1420718	129.425	61.575	131.719903711919
1420840	135.525	61.575	126.706726091938
1422055	-129.725	61.525	124.976694854348
1422056	-129.675	61.525	124.878085907731
1422220	-121.475	61.525	125.037390916263
1422221	-121.425	61.525	125.185473214277
1422237	-120.625	61.525	124.730404529869
1422238	-120.575	61.525	124.402468230993
1426011	68.075	61.525	124.674188517362
1426012	68.125	61.525	125.128492541082
1426013	68.175	61.525	124.844571242953
1426453	90.175	61.525	131.511491751316
1426454	90.225	61.525	133.250859408102
1427234	129.225	61.525	133.399083320001
1427235	129.275	61.525	126.443510662141
1427357	135.375	61.525	127.379868898818
1427358	135.425	61.525	127.671090270176
1427359	135.475	61.525	128.142079282151
1427360	135.525	61.525	129.757820692417
1428576	-129.675	61.475	124.939777120207
1428738	-121.575	61.475	124.172799460093
1428739	-121.525	61.475	124.128813474081
1428740	-121.475	61.475	124.72753379175
1428758	-120.575	61.475	125.26369594222
1428759	-120.525	61.475	125.220856310566
1428760	-120.475	61.475	125.245511643698
1428761	-120.425	61.475	124.432301298729
1428805	-118.225	61.475	125.308814057126
1428807	-118.125	61.475	124.714001239072
1428808	-118.075	61.475	124.563946636792
1428809	-118.025	61.475	124.228712672638
1432533	68.175	61.475	124.813955288453
1432534	68.225	61.475	124.787981773158
1432971	90.075	61.475	132.769918573447
1432972	90.125	61.475	134.276152700669
1432973	90.175	61.475	131.402039954425
1433752	129.125	61.475	127.401451718584
1433753	129.175	61.475	129.685993999991
1433754	129.225	61.475	134.709560848599
1433876	135.325	61.475	124.862191260131
1433877	135.375	61.475	127.381321504339
1435097	-129.625	61.425	124.898493249333
1435254	-121.775	61.425	124.645274229219
1435255	-121.725	61.425	124.568662165014
1435256	-121.675	61.425	124.871303238885
1435257	-121.625	61.425	124.512158495548
1435258	-121.575	61.425	124.258713441745
1435281	-120.425	61.425	124.432301298729
1435286	-120.175	61.425	125.035885561259
1435323	-118.325	61.425	124.109669449761
1435329	-118.025	61.425	124.228712672638
1435330	-117.975	61.425	124.158249470127
1435331	-117.925	61.425	124.205752996613
1435332	-117.875	61.425	124.555369105336
1439055	68.275	61.425	124.828107358777
1439484	89.725	61.425	138.039801236148
1439485	89.775	61.425	138.405420826174
1439486	89.825	61.425	137.448963282989
1439487	89.875	61.425	134.200727546692
1439488	89.925	61.425	129.166398511437
1439489	89.975	61.425	131.728552672893
1439490	90.025	61.425	129.187603505342
1439491	90.075	61.425	132.769918573447
1440270	129.025	61.425	129.576478833881
1440272	129.125	61.425	127.378203349374
1440396	135.325	61.425	126.034748656195
1440397	135.375	61.425	125.113292148045
1441617	-129.625	61.375	124.927161255126
1441618	-129.575	61.375	124.835377039283
1441773	-121.825	61.375	124.567252813306
1441807	-120.125	61.375	124.594830103594
1441808	-120.075	61.375	124.371700589002
1441809	-120.025	61.375	124.380695511159
1441841	-118.425	61.375	124.401519104343
1441842	-118.375	61.375	124.120788370342
1441853	-117.825	61.375	124.426931106961
1441854	-117.775	61.375	124.8773662847
1441855	-117.725	61.375	124.589599905183
1441856	-117.675	61.375	124.475552034975
1445576	68.325	61.375	124.718947284703
1446003	89.675	61.375	131.281302039463
1446004	89.725	61.375	137.476892256499
1446787	128.875	61.375	132.019209326571
1446788	128.925	61.375	130.911687010989
1446789	128.975	61.375	129.498789109387
1446790	129.025	61.375	127.865126842021
1446917	135.375	61.375	127.963774924473
1446918	135.425	61.375	126.364723232029
1446919	135.475	61.375	126.719149801148
1446920	135.525	61.375	124.842762395726
1448138	-129.575	61.325	124.995931694245
1448139	-129.525	61.325	124.720976330613
1448140	-129.475	61.325	124.966534029639
1448281	-122.425	61.325	124.058956633285
1448282	-122.375	61.325	124.71406183353
1448283	-122.325	61.325	124.862627033712
1448284	-122.275	61.325	125.141201304932
1448285	-122.225	61.325	125.074584575477
1448286	-122.175	61.325	124.961484984965
1448329	-120.025	61.325	125.195283114328
1448330	-119.975	61.325	124.282054940761
1448331	-119.925	61.325	123.981611993329
1448332	-119.875	61.325	124.245319777214
1448359	-118.525	61.325	124.24179554577
1448360	-118.475	61.325	124.39781236361
1448361	-118.425	61.325	124.177265259674
1448376	-117.675	61.325	124.399321674725
1448377	-117.625	61.325	124.846077668333
1448451	-113.925	61.325	124.137237879664
1448454	-113.775	61.325	123.66711099662
1448455	-113.725	61.325	123.723533380594
1448456	-113.675	61.325	124.73646099594
1452095	68.275	61.325	125.370764376213
1452096	68.325	61.325	125.299621495975
1452522	89.625	61.325	135.258403613478
1453304	128.725	61.325	127.136769161377
1453305	128.775	61.325	128.031004556373
1453306	128.825	61.325	130.323052618551
1453307	128.875	61.325	133.53381503018
1453439	135.475	61.325	126.931783774761
1453440	135.525	61.325	126.202857809673
1454660	-129.475	61.275	124.966534029639
1454661	-129.425	61.275	124.779748853366
1454662	-129.375	61.275	124.695161416683
1454663	-129.325	61.275	124.699144300908
1454799	-122.525	61.275	123.924341309235
1454800	-122.475	61.275	124.241648442042
1454801	-122.425	61.275	124.228231226532
1454857	-119.625	61.275	124.794934266326
1454858	-119.575	61.275	124.360245400347
1454873	-118.825	61.275	123.975496663249
1454874	-118.775	61.275	124.008482622989
1454879	-118.525	61.275	124.24179554577
1454897	-117.625	61.275	124.62151673738
1454898	-117.575	61.275	124.188291395182
1454899	-117.525	61.275	124.199867909857
1454900	-117.475	61.275	124.219880893568
1454976	-113.675	61.275	124.73646099594
1454979	-113.525	61.275	124.644509812228
1454980	-113.475	61.275	124.043088754036
1454981	-113.425	61.275	123.807373612099
1454982	-113.375	61.275	123.729039019908
1458614	68.225	61.275	125.573756240456
1458615	68.275	61.275	125.722231261899
1458638	69.425	61.275	124.969510183178
1458639	69.475	61.275	124.904602153102
1458640	69.525	61.275	125.685807098289
1458643	69.675	61.275	125.662310850442
1458644	69.725	61.275	125.418502025044
1458645	69.775	61.275	125.107469315113
1458646	69.825	61.275	125.132167793202
1458654	70.225	61.275	124.995069077077
1458655	70.275	61.275	124.49558335092
1458656	70.325	61.275	125.077709417496
1458657	70.375	61.275	125.467112840122
1458659	70.475	61.275	125.162699881956
1458660	70.525	61.275	124.84138009298
1458661	70.575	61.275	125.00976021275
1458662	70.625	61.275	124.992264887028
1458663	70.675	61.275	124.767582116786
1458664	70.725	61.275	125.180985951307
1458665	70.775	61.275	125.257755846129
1458666	70.825	61.275	125.034958721619
1458667	70.875	61.275	125.3310747428
1458668	70.925	61.275	124.873301498512
1458671	71.075	61.275	124.81916913584
1458672	71.125	61.275	124.757705410199
1458683	71.675	61.275	125.564791400208
1458684	71.725	61.275	125.32422718713
1458685	71.775	61.275	124.747734814766
1458686	71.825	61.275	125.336154131717
1458687	71.875	61.275	125.399738291776
1458688	71.925	61.275	125.054337843509
1458694	72.225	61.275	125.143710384945
1458695	72.275	61.275	125.329677315431
1458696	72.325	61.275	124.996354784637
1458697	72.375	61.275	124.955483403429
1458698	72.425	61.275	125.165008980144
1458699	72.475	61.275	125.433096364545
1458700	72.525	61.275	124.935333132425
1459042	89.625	61.275	133.623340561071
1459812	128.125	61.275	131.785757626148
1459813	128.175	61.275	131.97057177719
1459814	128.225	61.275	131.485254743712
1459815	128.275	61.275	131.018450093859
1459818	128.425	61.275	128.615798525574
1459819	128.475	61.275	128.296718007599
1459820	128.525	61.275	129.81727474001
1459822	128.625	61.275	131.985242222021
1459823	128.675	61.275	129.722684292266
1459824	128.725	61.275	127.136769161377
1459959	135.475	61.275	126.466878740457
1461184	-129.275	61.225	125.112483745418
1461314	-122.775	61.225	124.420103478175
1461315	-122.725	61.225	124.174551448808
1461316	-122.675	61.225	123.793764564983
1461317	-122.625	61.225	124.028219207419
1461318	-122.575	61.225	123.884418063739
1461378	-119.575	61.225	124.640343758381
1461379	-119.525	61.225	124.28340040405
1461380	-119.475	61.225	125.128753118488
1461381	-119.425	61.225	126.451367726992
1461383	-119.325	61.225	124.791555995326
1461384	-119.275	61.225	124.180825362889
1461385	-119.225	61.225	124.306294306039
1461386	-119.175	61.225	125.257686809474
1461387	-119.125	61.225	124.610236782547
1461388	-119.075	61.225	124.268473044583
1461389	-119.025	61.225	124.167285411648
1461391	-118.925	61.225	123.989126046653
1461392	-118.875	61.225	124.019926870139
1461420	-117.475	61.225	124.379787467087
1461421	-117.425	61.225	124.439698387725
1461422	-117.375	61.225	124.385220488776
1461482	-114.375	61.225	124.027926086175
1461483	-114.325	61.225	124.07784128026
1461502	-113.375	61.225	124.007264699328
1461504	-113.275	61.225	124.364659133062
1461505	-113.225	61.225	124.515776948822
1461506	-113.175	61.225	124.421186255171
1465134	68.225	61.225	125.298597581558
1465151	69.075	61.225	125.131786848258
1465152	69.125	61.225	125.125084365667
1465153	69.175	61.225	125.313734980256
1465155	69.275	61.225	124.971833252546
1465156	69.325	61.225	126.238495494304
1465157	69.375	61.225	125.215054020025
1465161	69.575	61.225	124.736157381545
1465162	69.625	61.225	124.905913993032
1465167	69.875	61.225	125.16251770252
1465168	69.925	61.225	125.412273596234
1465169	69.975	61.225	125.673085962503
1465170	70.025	61.225	124.875873697977
1465171	70.075	61.225	124.727306050352
1465172	70.125	61.225	124.954487412203
1465173	70.175	61.225	124.798973259598
1465174	70.225	61.225	124.576757344435
1465176	70.325	61.225	125.082772224019
1465194	71.225	61.225	124.857502227561
1465195	71.275	61.225	124.652911369911
1465196	71.325	61.225	125.090915825548
1465197	71.375	61.225	125.853522163195
1465198	71.425	61.225	124.700378348155
1465199	71.475	61.225	124.799207502367
1465200	71.525	61.225	125.188139359535
1465201	71.575	61.225	125.029416974502
1465202	71.625	61.225	125.032991257409
1465209	71.975	61.225	124.87493952598
1465210	72.025	61.225	125.750148147513
1465211	72.075	61.225	125.043342254447
1465212	72.125	61.225	124.787236427677
1465213	72.175	61.225	125.021826831841
1465220	72.525	61.225	124.735313189198
1465221	72.575	61.225	125.128482786123
1465222	72.625	61.225	125.568848557682
1465223	72.675	61.225	125.393191789038
1465224	72.725	61.225	125.49965139349
1465225	72.775	61.225	125.144973641924
1465226	72.825	61.225	124.734139234347
1465227	72.875	61.225	124.778486887073
1465228	72.925	61.225	124.967631923664
1465229	72.975	61.225	125.066620345035
1465231	73.075	61.225	124.618633303229
1465232	73.125	61.225	123.951970895185
1465233	73.175	61.225	124.45983307826
1465234	73.225	61.225	124.954183663463
1465235	73.275	61.225	124.932012321757
1465236	73.325	61.225	124.540113646765
1465237	73.375	61.225	124.88143149281
1465238	73.425	61.225	125.149404254804
1465239	73.475	61.225	123.931260867139
1465240	73.525	61.225	124.538529007566
1465241	73.575	61.225	124.928156800724
1465242	73.625	61.225	125.080529919827
1465243	73.675	61.225	124.806580989508
1465244	73.725	61.225	125.104763112104
1465246	73.825	61.225	124.938284651112
1465247	73.875	61.225	124.906864884586
1465248	73.925	61.225	124.775594117296
1465254	74.225	61.225	124.999704956485
1465255	74.275	61.225	125.139401245248
1465256	74.325	61.225	125.417943373962
1465258	74.425	61.225	125.132813788464
1465259	74.475	61.225	125.20957760397
1465260	74.525	61.225	125.031898437072
1465561	89.575	61.225	137.110201638309
1466325	127.775	61.225	124.26024244085
1466326	127.825	61.225	128.665350156713
1466327	127.875	61.225	128.474931339177
1466328	127.925	61.225	127.689813643275
1466329	127.975	61.225	124.240344116914
1466330	128.025	61.225	129.329558239834
1466331	128.075	61.225	131.579996230996
1466479	135.475	61.225	125.339596755855
1467833	-122.825	61.175	124.31456479579
1467834	-122.775	61.175	124.345131670433
1467942	-117.375	61.175	124.38520092684
1467943	-117.325	61.175	124.317391360641
1467944	-117.275	61.175	124.471425615642
1468001	-114.425	61.175	124.006216389893
1468002	-114.375	61.175	124.026054277288
1468026	-113.175	61.175	123.892926473451
1468027	-113.125	61.175	124.464411722914
1471654	68.225	61.175	125.635810755089
1471655	68.275	61.175	125.170517630953
1471656	68.325	61.175	124.860452398214
1471667	68.875	61.175	125.759058436754
1471668	68.925	61.175	125.699145644882
1471669	68.975	61.175	125.095649841639
1471670	69.025	61.175	125.219102724272
1471671	69.075	61.175	125.193052363144
1471673	69.175	61.175	125.159290425671
1471674	69.225	61.175	124.672284524502
1471675	69.275	61.175	124.919319562212
1471768	73.925	61.175	124.775594117296
1471769	73.975	61.175	124.913631399547
1471770	74.025	61.175	125.184971011057
1471771	74.075	61.175	125.752981022851
1471772	74.125	61.175	125.453524557349
1471773	74.175	61.175	125.187593298543
1471774	74.225	61.175	124.999704956485
1471776	74.325	61.175	125.417943373962
1471777	74.375	61.175	124.83355599539
1471778	74.425	61.175	124.799405877099
1471780	74.525	61.175	125.031898437072
1471781	74.575	61.175	125.788274253561
1471782	74.625	61.175	125.869339659851
1471783	74.675	61.175	125.066710786335
1471784	74.725	61.175	125.151644439402
1471785	74.775	61.175	124.844094633511
1471786	74.825	61.175	125.502104644056
1471787	74.875	61.175	125.492622275804
1472081	89.575	61.175	135.470238116863
1472082	89.625	61.175	135.603717269681
1472840	127.525	61.175	124.85512219229
1472841	127.575	61.175	124.864408711923
1472842	127.625	61.175	127.886392769369
1472843	127.675	61.175	125.594386682188
1474346	-123.175	61.125	123.978725861923
1474347	-123.125	61.125	123.850616185343
1474348	-123.075	61.125	124.105625832501
1474351	-122.925	61.125	124.570685043157
1474352	-122.875	61.125	124.649332561779
1474353	-122.825	61.125	123.90430932404
1474464	-117.275	61.125	124.470266814544
1474465	-117.225	61.125	124.546970728458
1474466	-117.175	61.125	124.479028219952
1474467	-117.125	61.125	124.491173591991
1474517	-114.625	61.125	123.952302544972
1474518	-114.575	61.125	123.962134715036
1474519	-114.525	61.125	124.007279362119
1474545	-113.225	61.125	124.801930720067
1474546	-113.175	61.125	124.752543219628
1478177	68.375	61.125	125.100255617883
1478178	68.425	61.125	125.226556190441
1478179	68.475	61.125	124.57162422301
1478186	68.825	61.125	125.684397748009
1478187	68.875	61.125	125.101649226921
1478309	74.975	61.125	125.035171286881
1478310	75.025	61.125	125.393002780676
1478311	75.075	61.125	125.13182487619
1478312	75.125	61.125	124.601346224293
1478313	75.175	61.125	125.460590212224
1478314	75.225	61.125	125.388012130145
1478315	75.275	61.125	125.000927941936
1478316	75.325	61.125	125.577005128805
1478317	75.375	61.125	125.113945311145
1478602	89.625	61.125	134.145780506531
1479341	126.575	61.125	124.83665833205
1479342	126.625	61.125	125.652988183473
1479343	126.675	61.125	128.027379920952
1479344	126.725	61.125	130.281597523671
1479345	126.775	61.125	131.577891976866
1479346	126.825	61.125	133.007520337595
1479347	126.875	61.125	133.476357498881
1479348	126.925	61.125	133.437021374282
1479349	126.975	61.125	135.515447673474
1479353	127.175	61.125	127.178503467314
1479354	127.225	61.125	135.040995541187
1479355	127.275	61.125	134.982304869522
1479356	127.325	61.125	132.479630536151
1479357	127.375	61.125	127.256671097116
1479358	127.425	61.125	124.532656602177
1479520	135.525	61.125	126.78351640492
1480864	-123.275	61.075	123.854583274778
1480865	-123.225	61.075	123.432462811701
1480866	-123.175	61.075	123.973797950655
1480867	-123.125	61.075	124.025216541009
1480869	-123.025	61.075	123.820322733026
1480870	-122.975	61.075	123.826915845214
1480871	-122.925	61.075	124.570685043157
1480987	-117.125	61.075	124.491173591991
1480988	-117.075	61.075	124.502299745374
1480989	-117.025	61.075	124.591499741354
1480990	-116.975	61.075	124.58706287768
1480991	-116.925	61.075	124.761120405103
1480992	-116.875	61.075	124.652035129101
1480993	-116.825	61.075	124.980970119205
1480994	-116.775	61.075	125.166144149624
1480995	-116.725	61.075	125.286727953334
1480996	-116.675	61.075	125.31640222747
1480997	-116.625	61.075	125.294848444255
1480998	-116.575	61.075	125.199161114921
1484699	68.475	61.075	124.57162422301
1484700	68.525	61.075	125.345543395276
1484701	68.575	61.075	125.404822787293
1484702	68.625	61.075	126.726436651605
1484703	68.675	61.075	126.218476753796
1484704	68.725	61.075	125.267315351385
1484705	68.775	61.075	125.801614492889
1484706	68.825	61.075	125.874648768149
1484707	68.875	61.075	124.780855543873
1484708	68.925	61.075	124.83645354959
1484837	75.375	61.075	125.113945311145
1484838	75.425	61.075	124.969017030496
1484839	75.475	61.075	125.2018015191
1484840	75.525	61.075	125.255413628087
1484845	75.775	61.075	124.941493742381
1484846	75.825	61.075	124.8958118261
1484847	75.875	61.075	124.959954413198
1485122	89.625	61.075	135.285183654429
1485853	126.175	61.075	127.699375485182
1485854	126.225	61.075	131.064863562517
1485855	126.275	61.075	132.095569990307
1485856	126.325	61.075	126.946768033993
1485857	126.375	61.075	128.317906478612
1485858	126.425	61.075	125.93848959148
1485859	126.475	61.075	129.421447495654
1485860	126.525	61.075	125.320023703374
1485861	126.575	61.075	124.83665833205
1485869	126.975	61.075	135.515447673474
1485870	127.025	61.075	134.115266939053
1485871	127.075	61.075	128.511050228103
1485872	127.125	61.075	125.102658644725
1485873	127.175	61.075	127.178503467314
1486039	135.475	61.075	126.743386803597
1487383	-123.325	61.025	124.368162620683
1487384	-123.275	61.025	125.278128419512
1487518	-116.575	61.025	125.199161114921
1487519	-116.525	61.025	125.014977456962
1487520	-116.475	61.025	124.774383804723
1487521	-116.425	61.025	124.648655157405
1487586	-113.175	61.025	124.802946146773
1487587	-113.125	61.025	124.013076118986
1491228	68.925	61.025	125.019208284157
1491229	68.975	61.025	124.198992412709
1491360	75.525	61.025	125.175068403811
1491361	75.575	61.025	124.993240648634
1491365	75.775	61.025	125.143984959723
1491367	75.875	61.025	125.237538670389
1491368	75.925	61.025	124.880540248303
1491369	75.975	61.025	124.337173308537
1491370	76.025	61.025	124.830424154739
1491371	76.075	61.025	125.072761481677
1491372	76.125	61.025	124.802800429584
1491642	89.625	61.025	135.832345465188
1491643	89.675	61.025	131.069311397944
1492371	126.075	61.025	131.233987815591
1492372	126.125	61.025	128.314812563912
1492373	126.175	61.025	127.872149678519
1492558	135.425	61.025	126.462127945034
1493903	-123.325	60.975	124.133875789132
1493904	-123.275	60.975	124.22013754941
1494042	-116.375	60.975	124.601316952937
1494043	-116.325	60.975	124.661763812323
1494044	-116.275	60.975	124.601112863061
1494045	-116.225	60.975	124.527238813657
1494046	-116.175	60.975	124.448550779051
1494050	-115.975	60.975	124.369434826856
1494051	-115.925	60.975	124.295274201373
1494053	-115.825	60.975	124.275550670182
1494054	-115.775	60.975	124.30674578254
1494059	-115.525	60.975	124.202347678776
1494063	-115.325	60.975	124.184343509463
1494065	-115.225	60.975	124.069835708497
1494104	-113.275	60.975	123.860852351796
1494105	-113.225	60.975	124.569261491408
1497749	68.975	60.975	124.069638619074
1497750	69.025	60.975	123.724227116544
1497751	69.075	60.975	124.154076837746
1497752	69.125	60.975	124.627807086982
1497753	69.175	60.975	124.710516323335
1497754	69.225	60.975	124.460207141504
1497755	69.275	60.975	124.596914424288
1497756	69.325	60.975	124.854808323629
1497882	75.625	60.975	126.274526486356
1497883	75.675	60.975	125.745642857036
1497884	75.725	60.975	126.028038944396
1498163	89.675	60.975	133.881973882331
1498888	125.925	60.975	131.378178384951
1498889	125.975	60.975	129.735600366128
1498890	126.025	60.975	129.686574226775
1498891	126.075	60.975	130.818068050535
1499077	135.375	60.975	127.331864124329
1499078	135.425	60.975	127.239683632604
1500419	-123.525	60.925	124.391923531432
1500420	-123.475	60.925	123.296959716872
1500423	-123.325	60.925	124.03704239662
1500624	-113.275	60.925	124.967771584012
1504276	69.325	60.925	124.854808323629
1504280	69.525	60.925	124.801575642268
1504415	76.275	60.925	125.400477339603
1504416	76.325	60.925	125.416860314305
1504420	76.525	60.925	124.144414481909
1504421	76.575	60.925	124.236162724286
1504683	89.675	60.925	133.920263516794
1504684	89.725	60.925	134.391910537021
1505405	125.775	60.925	136.98114775621
1505406	125.825	60.925	130.678852345824
1505407	125.875	60.925	127.934404955246
1505408	125.925	60.925	131.321708049844
1505596	135.325	60.925	126.002532676355
1505597	135.375	60.925	125.584903496933
1506938	-123.575	60.875	124.882859330081
1506939	-123.525	60.875	124.812068423177
1506940	-123.475	60.875	124.511480291547
1506941	-123.425	60.875	124.325256884224
1506942	-123.375	60.875	123.569038673499
1506943	-123.325	60.875	125.152339088032
1507144	-113.275	60.875	124.127208654076
1510799	69.475	60.875	124.631006094115
1510800	69.525	60.875	125.03675353553
1510936	76.325	60.875	125.032773637812
1510937	76.375	60.875	125.173024723664
1510938	76.425	60.875	125.417359255819
1510939	76.475	60.875	124.934963255247
1510940	76.525	60.875	124.704210870921
1510942	76.625	60.875	125.030622170624
1511204	89.725	60.875	134.325593011417
1511205	89.775	60.875	135.399043225336
1511921	125.575	60.875	129.850203893394
1511922	125.625	60.875	129.794527662861
1511923	125.675	60.875	130.448998652332
1511924	125.725	60.875	129.298604963815
1511925	125.775	60.875	134.256117720014
1512116	135.325	60.875	125.466818433169
1512117	135.375	60.875	126.408215697382
1513458	-123.575	60.825	124.22401526361
1513459	-123.525	60.825	123.931532014587
1513461	-123.425	60.825	124.298497504274
1513462	-123.375	60.825	123.732849639535
1513664	-113.275	60.825	124.930724400426
1513669	-113.025	60.825	124.359452910449
1513670	-112.975	60.825	125.002923814277
1513671	-112.925	60.825	124.82570989949
1517320	69.525	60.825	124.595438455248
1517321	69.575	60.825	124.43869238398
1517462	76.625	60.825	125.298169233867
1517463	76.675	60.825	125.049149023477
1517464	76.725	60.825	125.007348079874
1517725	89.775	60.825	135.447000901513
1517726	89.825	60.825	135.295929949253
1518438	125.425	60.825	131.681745280245
1518439	125.475	60.825	130.14266136843
1518440	125.525	60.825	130.110223764613
1518441	125.575	60.825	129.850203893394
1518632	135.125	60.825	125.056328989892
1518633	135.175	60.825	127.409865881143
1518634	135.225	60.825	128.684132456749
1518635	135.275	60.825	125.813648431655
1518636	135.325	60.825	127.218728591027
1519979	-123.525	60.775	123.982546224777
1519980	-123.475	60.775	123.87840235941
1519981	-123.425	60.775	124.298497504274
1519983	-123.325	60.775	124.275492441304
1520184	-113.275	60.775	124.976883699024
1520185	-113.225	60.775	124.288057848102
1520188	-113.075	60.775	125.41076752567
1520189	-113.025	60.775	123.66860116834
1520190	-112.975	60.775	124.643046428302
1520191	-112.925	60.775	124.82570989949
1523841	69.575	60.775	124.430989678859
1523985	76.775	60.775	125.436199377101
1523986	76.825	60.775	124.667318594639
1524246	89.825	60.775	135.295929949253
1524247	89.875	60.775	133.95171432008
1524248	89.925	60.775	131.440499769667
1524949	124.975	60.775	133.166396956197
1524950	125.025	60.775	131.083579992694
1524951	125.075	60.775	127.691522261142
1524952	125.125	60.775	129.607850103975
1524953	125.175	60.775	128.095846732508
1524954	125.225	60.775	126.483730409784
1524955	125.275	60.775	124.681087953704
1524956	125.325	60.775	125.557111104482
1524957	125.375	60.775	131.090063883343
1524958	125.425	60.775	131.681745280245
1525152	135.125	60.775	124.620267097637
1526499	-123.525	60.725	124.623745914718
1526500	-123.475	60.725	123.700429245802
1526501	-123.425	60.725	123.63806571476
1526502	-123.375	60.725	124.650759862598
1526503	-123.325	60.725	124.939579274179
1526706	-113.175	60.725	125.197767209227
1526707	-113.125	60.725	125.625337334126
1526710	-112.975	60.725	124.144841327432
1526712	-112.875	60.725	123.667301142211
1530363	69.675	60.725	124.297005019287
1530364	69.725	60.725	124.45601527893
1530506	76.825	60.725	125.131889483242
1530507	76.875	60.725	124.703421857432
1530508	76.925	60.725	124.784887073438
1530509	76.975	60.725	124.805994015583
1530510	77.025	60.725	125.328372280217
1530511	77.075	60.725	125.154355404132
1530512	77.125	60.725	125.025832350215
1530513	77.175	60.725	125.050568389583
1530768	89.925	60.725	133.789276940704
1530769	89.975	60.725	134.642081958564
1531267	114.875	60.725	125.558057131249
1531268	114.925	60.725	123.71718501208
1531269	114.975	60.725	126.161444701771
1531270	115.025	60.725	123.631967575273
1531271	115.075	60.725	123.870522445853
1531272	115.125	60.725	123.917624755109
1531273	115.175	60.725	125.414614245097
1531274	115.225	60.725	128.51494010797
1531275	115.275	60.725	126.466164143594
1531276	115.325	60.725	126.343628159652
1531277	115.375	60.725	127.843909508306
1531278	115.425	60.725	126.558849431461
1531279	115.475	60.725	127.693368730585
1531280	115.525	60.725	126.610390179069
1531281	115.575	60.725	129.340745158655
1531282	115.625	60.725	126.256082819786
1531283	115.675	60.725	124.94265555716
1531284	115.725	60.725	127.035375936935
1531285	115.775	60.725	125.657178629216
1531467	124.875	60.725	129.14092121478
1531468	124.925	60.725	130.407341132492
1531469	124.975	60.725	129.67962697515
1531668	134.925	60.725	125.818253316874
1531669	134.975	60.725	126.801757251186
1531670	135.025	60.725	128.809391553056
1531671	135.075	60.725	127.737232813701
1531672	135.125	60.725	127.041617467885
1533019	-123.525	60.675	124.176908032547
1533232	-112.875	60.675	124.216527810214
1536887	69.875	60.675	124.662450054314
1537030	77.025	60.675	125.328372280217
1537031	77.075	60.675	125.154355404132
1537033	77.175	60.675	125.050568389583
1537034	77.225	60.675	125.150502450022
1537035	77.275	60.675	124.963900201327
1537036	77.325	60.675	125.006841793175
1537039	77.475	60.675	125.084217099973
1537040	77.525	60.675	125.028219347544
1537041	77.575	60.675	125.018014398637
1537289	89.975	60.675	134.053827201015
1537785	114.775	60.675	125.788874185396
1537786	114.825	60.675	125.207935550094
1537787	114.875	60.675	125.558057131249
1537805	115.775	60.675	125.657178629216
1537806	115.825	60.675	124.130182529774
1537807	115.875	60.675	124.873735682582
1537977	124.375	60.675	124.637197951694
1537978	124.425	60.675	127.396598724178
1537979	124.475	60.675	130.493931836667
1537980	124.525	60.675	130.567886339325
1537981	124.575	60.675	126.020062432724
1537982	124.625	60.675	125.353854919431
1537983	124.675	60.675	125.146412385442
1537984	124.725	60.675	124.125057751623
1537985	124.775	60.675	127.995956022517
1537986	124.825	60.675	128.785711171494
1537987	124.875	60.675	129.14092121478
1538188	134.925	60.675	126.236021878163
1539539	-123.525	60.625	125.017905010874
1539752	-112.875	60.625	123.692000901002
1539753	-112.825	60.625	124.08899084176
1543406	69.825	60.625	124.414749018735
1543557	77.375	60.625	124.709850372885
1543558	77.425	60.625	124.901145507739
1543562	77.625	60.625	125.089740998461
1543563	77.675	60.625	125.720908396985
1543809	89.975	60.625	132.769553714034
1544301	114.575	60.625	124.695735942
1544302	114.625	60.625	125.528935580125
1544303	114.675	60.625	126.28713979322
1544304	114.725	60.625	125.729184660925
1544328	115.925	60.625	125.053132786474
1544432	121.125	60.625	129.791498359385
1544433	121.175	60.625	131.321705048533
1544434	121.225	60.625	130.590719113034
1544435	121.275	60.625	130.821211410859
1544436	121.325	60.625	128.297629358148
1544437	121.375	60.625	129.23948966841
1544438	121.425	60.625	127.304662886425
1544439	121.475	60.625	129.255302451139
1544440	121.525	60.625	129.568476198772
1544441	121.575	60.625	129.386668680727
1544442	121.625	60.625	129.460465206137
1544494	124.225	60.625	129.128959878717
1544495	124.275	60.625	125.895615182848
1544496	124.325	60.625	126.862640861208
1544708	134.925	60.625	125.935617033526
1546059	-123.525	60.575	124.083065621487
1546273	-112.825	60.575	124.337786564659
1546274	-112.775	60.575	124.53689302958
1549925	69.775	60.575	123.854650655849
1549926	69.825	60.575	124.394544755743
1550083	77.675	60.575	125.224493663939
1550084	77.725	60.575	125.229949535384
1550329	89.975	60.575	132.924932756894
1550330	90.025	60.575	127.230280988123
1550819	114.475	60.575	125.36419502409
1550820	114.525	60.575	125.988605848428
1550821	114.575	60.575	124.863180050505
1550848	115.925	60.575	125.146706141011
1550849	115.975	60.575	125.20730212441
1550850	116.025	60.575	124.930640725521
1550851	116.075	60.575	124.823148184074
1550852	116.125	60.575	125.318712748376
1550948	120.925	60.575	129.020268713326
1550949	120.975	60.575	129.651449415668
1550950	121.025	60.575	128.309240557396
1550951	121.075	60.575	126.964698842575
1550952	121.125	60.575	129.422974731279
1550962	121.625	60.575	129.460465206137
1550963	121.675	60.575	127.797093108483
1550964	121.725	60.575	124.964705392154
1550965	121.775	60.575	124.494131935875
1550966	121.825	60.575	124.500868582261
1550967	121.875	60.575	125.106305230617
1550968	121.925	60.575	127.579194770504
1550969	121.975	60.575	125.229612961463
1550970	122.025	60.575	125.442399160561
1550971	122.075	60.575	125.582562083776
1550972	122.125	60.575	125.473138243094
1550973	122.175	60.575	124.666760479698
1550974	122.225	60.575	129.037991152236
1550975	122.275	60.575	129.02498202676
1550976	122.325	60.575	129.241162666262
1550977	122.375	60.575	124.949608957776
1550982	122.625	60.575	132.451802146214
1550983	122.675	60.575	131.69893174743
1550984	122.725	60.575	132.054155659417
1550985	122.775	60.575	133.107446989762
1550986	122.825	60.575	130.868402972229
1550987	122.875	60.575	128.008669683449
1550988	122.925	60.575	132.135778347428
1550989	122.975	60.575	131.293597505442
1550990	123.025	60.575	128.714773330321
1550991	123.075	60.575	129.847290702087
1550992	123.125	60.575	132.726817635557
1550993	123.175	60.575	131.554167124027
1550994	123.225	60.575	131.980228162914
1550995	123.275	60.575	129.665959771413
1550996	123.325	60.575	126.730817792266
1550997	123.375	60.575	128.550967282115
1550998	123.425	60.575	130.615569176479
1550999	123.475	60.575	130.434078948199
1551000	123.525	60.575	133.315644369463
1551001	123.575	60.575	133.282018986225
1551002	123.625	60.575	132.700852708312
1551003	123.675	60.575	132.08459926541
1551004	123.725	60.575	129.044151107008
1551005	123.775	60.575	133.078946635872
1551006	123.825	60.575	132.323049075099
1551007	123.875	60.575	132.293002541258
1551010	124.025	60.575	130.518994810973
1551011	124.075	60.575	128.815488163846
1551012	124.125	60.575	130.330471583925
1551013	124.175	60.575	130.833540631524
1551014	124.225	60.575	129.510251515383
1551229	134.975	60.575	127.253035009828
1551230	135.025	60.575	128.77665099569
1552796	-112.675	60.525	123.976132253864
1552798	-112.575	60.525	124.408944714995
1552799	-112.525	60.525	124.07231847143
1556445	69.775	60.525	124.16323787299
1556603	77.675	60.525	125.07691776256
1556604	77.725	60.525	125.060693064915
1556850	90.025	60.525	134.465966584395
1557338	114.425	60.525	125.673790914944
1557339	114.475	60.525	125.527431449344
1557372	116.125	60.525	125.205422305938
1557373	116.175	60.525	124.273852957028
1557374	116.225	60.525	122.934162578271
1557375	116.275	60.525	125.614935687365
1557376	116.325	60.525	126.941915321947
1557377	116.375	60.525	128.644023726003
1557465	120.775	60.525	128.608538012076
1557466	120.825	60.525	127.299292427539
1557467	120.875	60.525	127.783691452996
1557468	120.925	60.525	128.842215052685
1557497	122.375	60.525	124.949608957776
1557498	122.425	60.525	123.701395173573
1557500	122.525	60.525	124.178274147486
1557501	122.575	60.525	126.674071133142
1557502	122.625	60.525	132.451802146214
1557750	135.025	60.525	128.230705508084
1557751	135.075	60.525	126.501862369017
1559319	-112.525	60.475	124.257113877912
1559320	-112.475	60.475	124.452642814042
1562965	69.775	60.475	124.518855901005
1562966	69.825	60.475	124.881669654353
1563124	77.725	60.475	125.285487038055
1563125	77.775	60.475	124.977054299201
1563126	77.825	60.475	125.237974681745
1563127	77.875	60.475	125.097398896017
1563370	90.025	60.475	132.781077959429
1563857	114.375	60.475	125.744622524247
1563858	114.425	60.475	125.801037725232
1563898	116.425	60.475	126.391295290416
1563899	116.475	60.475	126.50621643393
1563900	116.525	60.475	125.05129992606
1563901	116.575	60.475	126.422603167833
1563902	116.625	60.475	126.414770982379
1563984	120.725	60.475	126.185717794303
1563985	120.775	60.475	127.630890679921
1564262	134.625	60.475	129.770998223794
1564263	134.675	60.475	128.642506152087
1564264	134.725	60.475	129.819421723518
1564265	134.775	60.475	128.393469157076
1564271	135.075	60.475	125.03710801166
1564272	135.125	60.475	125.527599088047
1564273	135.175	60.475	125.002644328244
1565425	-133.225	60.425	138.313126095032
1565621	-123.425	60.425	124.043825846178
1565840	-112.475	60.425	124.723039542777
1565841	-112.425	60.425	125.145276931404
1569485	69.775	60.425	124.613527590491
1569486	69.825	60.425	124.899318127721
1569647	77.875	60.425	125.036124701004
1569648	77.925	60.425	124.829728753128
1569649	77.975	60.425	124.959330430988
1569650	78.025	60.425	125.134498067656
1569653	78.175	60.425	125.006388128681
1569654	78.225	60.425	125.666407999289
1569655	78.275	60.425	125.434180126783
1569656	78.325	60.425	125.15954476699
1569890	90.025	60.425	132.909963880467
1569891	90.075	60.425	130.396751573524
1569892	90.125	60.425	133.032748272379
1570376	114.325	60.425	125.059528658862
1570377	114.375	60.425	125.777052789451
1570422	116.625	60.425	126.414770982379
1570423	116.675	60.425	125.219757053711
1570424	116.725	60.425	124.900030739037
1570425	116.775	60.425	123.993731785632
1570426	116.825	60.425	125.135074069244
1570427	116.875	60.425	126.309547805491
1570503	120.675	60.425	126.100585999296
1570504	120.725	60.425	125.326865230009
1570780	134.525	60.425	128.325460607694
1570781	134.575	60.425	126.420146966484
1570782	134.625	60.425	129.770998223794
1570785	134.775	60.425	128.393469157076
1570786	134.825	60.425	126.696943375423
1570787	134.875	60.425	126.498727504124
1570793	135.175	60.425	125.367036271663
1571946	-133.175	60.375	138.965968455592
1571947	-133.125	60.375	139.08851032446
1572141	-123.425	60.375	123.839015595336
1572142	-123.375	60.375	124.895005902575
1572357	-112.625	60.375	125.394473384605
1572358	-112.575	60.375	124.264903412707
1572359	-112.525	60.375	123.932544966216
1572360	-112.475	60.375	124.18041718577
1576005	69.775	60.375	124.513552279372
1576171	78.075	60.375	125.462580130841
1576176	78.325	60.375	125.150949570841
1576177	78.375	60.375	125.129863300099
1576412	90.125	60.375	132.116843772255
1576413	90.175	60.375	131.567805470132
1576896	114.325	60.375	125.533196920369
1576948	116.925	60.375	125.328443745894
1576949	116.975	60.375	125.793819066693
1577015	120.275	60.375	131.381691401857
1577016	120.325	60.375	133.44411866438
1577017	120.375	60.375	129.454677686786
1577018	120.425	60.375	131.272579464431
1577019	120.475	60.375	130.459685043939
1577020	120.525	60.375	127.370156995191
1577022	120.625	60.375	127.807285851337
1577023	120.675	60.375	127.330754443812
1577298	134.425	60.375	126.253711946261
1577299	134.475	60.375	127.79310898419
1577301	134.575	60.375	125.078582643539
1577307	134.875	60.375	124.661345288942
1577308	134.925	60.375	125.554328841042
1577309	134.975	60.375	126.638467132321
1577312	135.125	60.375	126.4226761745
1577313	135.175	60.375	126.575090871552
1578467	-133.125	60.325	139.063206330358
1578468	-133.075	60.325	138.863800123006
1578469	-133.025	60.325	139.01647241251
1578662	-123.375	60.325	124.669773283079
1578663	-123.325	60.325	123.662338394448
1578876	-112.675	60.325	124.192438510411
1578877	-112.625	60.325	124.04096225864
1578878	-112.575	60.325	123.732765384953
1578879	-112.525	60.325	123.379452659813
1578880	-112.475	60.325	123.891846556836
1578881	-112.425	60.325	123.930276473235
1582527	69.875	60.325	124.557512518358
1582697	78.375	60.325	124.904733729429
1582698	78.425	60.325	124.905775514835
1582930	90.025	60.325	133.611712297652
1582931	90.075	60.325	134.045496547337
1582932	90.125	60.325	133.694987732511
1583415	114.275	60.325	126.05829365402
1583416	114.325	60.325	125.511517468394
1583469	116.975	60.325	125.557581406666
1583533	120.175	60.325	131.800619495264
1583534	120.225	60.325	132.043465344983
1583535	120.275	60.325	131.381691401857
1583543	120.675	60.325	125.011236429292
1583544	120.725	60.325	124.927457492357
1583548	120.925	60.325	124.129358868244
1583817	134.375	60.325	128.574116800659
1583818	134.425	60.325	129.293706252967
1583821	134.575	60.325	125.082018670752
1583822	134.625	60.325	124.84978238723
1583829	134.975	60.325	126.804380109619
1583830	135.025	60.325	126.32173126781
1583831	135.075	60.325	127.042024119762
1583832	135.125	60.325	125.568252600109
1584989	-133.025	60.275	139.034852253952
1584990	-132.975	60.275	139.02752460589
1585181	-123.425	60.275	124.473646654077
1585182	-123.375	60.275	123.790307391524
1585402	-112.375	60.275	124.185904977845
1589047	69.875	60.275	124.629462291167
1589048	69.925	60.275	124.479582611042
1589218	78.425	60.275	124.897400128369
1589219	78.475	60.275	124.932347270428
1589451	90.075	60.275	132.979175464511
1589452	90.125	60.275	132.831509175136
1589453	90.175	60.275	134.080432969653
1589454	90.225	60.275	134.957610841698
1589934	114.225	60.275	125.7672764215
1589935	114.275	60.275	126.048230455349
1589990	117.025	60.275	125.411390280692
1590052	120.125	60.275	127.919320638701
1590053	120.175	60.275	131.82055148812
1590063	120.675	60.275	124.558984186034
1590064	120.725	60.275	124.286084103196
1590065	120.775	60.275	125.31837272027
1590071	121.075	60.275	124.808986614369
1590072	121.125	60.275	125.001251624827
1590335	134.275	60.275	127.894012407506
1590336	134.325	60.275	128.221007449267
1590341	134.575	60.275	124.646839241717
1591510	-132.975	60.225	139.005910950408
1591511	-132.925	60.225	139.038878950095
1591512	-132.875	60.225	138.974285084427
1591699	-123.525	60.225	123.86365266401
1591700	-123.475	60.225	124.553894011044
1591923	-112.325	60.225	123.87031651706
1591924	-112.275	60.225	124.3205329981
1595566	69.825	60.225	124.649875595737
1595567	69.875	60.225	124.356809451674
1595739	78.475	60.225	124.940723642167
1595741	78.575	60.225	125.205032570591
1595742	78.625	60.225	125.033534284613
1595975	90.275	60.225	134.783712938491
1595976	90.325	60.225	133.781226736386
1595977	90.375	60.225	130.80160266784
1596449	113.975	60.225	125.507069178943
1596451	114.075	60.225	124.764446439701
1596452	114.125	60.225	125.34973438339
1596453	114.175	60.225	125.869302499172
1596454	114.225	60.225	125.410581158024
1596510	117.025	60.225	126.218622726968
1596511	117.075	60.225	125.534061098839
1596557	119.375	60.225	126.815271214926
1596558	119.425	60.225	128.605190438619
1596559	119.475	60.225	126.895618541327
1596560	119.525	60.225	127.169808134231
1596561	119.575	60.225	131.032574538459
1596562	119.625	60.225	127.538928427964
1596563	119.675	60.225	125.212936672715
1596564	119.725	60.225	127.400440637292
1596565	119.775	60.225	131.901181578264
1596567	119.875	60.225	127.915914427105
1596568	119.925	60.225	123.478536024825
1596569	119.975	60.225	124.965501702786
1596570	120.025	60.225	127.243662375681
1596571	120.075	60.225	125.216315975093
1596592	121.125	60.225	125.127229693521
1596593	121.175	60.225	124.498858548191
1596853	134.175	60.225	128.608160091984
1596854	134.225	60.225	129.711374352597
1596855	134.275	60.225	129.156291897222
1596862	134.625	60.225	124.893705507269
1598032	-132.875	60.175	138.98399497274
1598033	-132.825	60.175	138.919082259443
1598034	-132.775	60.175	138.948561895729
1598035	-132.725	60.175	138.968888904255
1598215	-123.725	60.175	124.81808011966
1598216	-123.675	60.175	124.976356438773
1598444	-112.275	60.175	124.052313293434
1598445	-112.225	60.175	125.178087088517
1602083	69.675	60.175	124.951313804972
1602084	69.725	60.175	124.823306000355
1602259	78.475	60.175	124.940723642167
1602262	78.625	60.175	125.033534284613
1602263	78.675	60.175	125.119568426674
1602264	78.725	60.175	125.080982285051
1602497	90.375	60.175	131.374973064447
1602498	90.425	60.175	135.114363339261
1602968	113.925	60.175	125.098447316799
1602969	113.975	60.175	125.507069178943
1603031	117.075	60.175	125.74764738542
1603075	119.275	60.175	126.049990117259
1603076	119.325	60.175	126.646014283008
1603077	119.375	60.175	126.312514369738
1603088	119.925	60.175	123.478536024825
1603089	119.975	60.175	124.965501702786
1603113	121.175	60.175	124.597822812115
1603371	134.075	60.175	128.411564537402
1603372	134.125	60.175	128.710349593422
1603373	134.175	60.175	128.442570974343
1603384	134.725	60.175	124.55509316384
1604555	-132.725	60.125	138.859647926078
1604556	-132.675	60.125	138.87532469895
1604734	-123.775	60.125	124.001031463025
1604965	-112.225	60.125	124.138748530834
1608605	69.775	60.125	124.417950252237
1608606	69.825	60.125	124.795024436139
1608784	78.725	60.125	125.395931436212
1608785	78.775	60.125	125.482961911025
1608786	78.825	60.125	125.979533750736
1608787	78.875	60.125	125.330618990316
1608788	78.925	60.125	125.055030314932
1609018	90.425	60.125	135.128821705356
1609019	90.475	60.125	133.72058288742
1609487	113.875	60.125	125.94975024682
1609488	113.925	60.125	125.834433458076
1609551	117.075	60.125	124.75287730944
1609552	117.125	60.125	125.665764452689
1609594	119.225	60.125	127.248702392764
1609595	119.275	60.125	125.540732887683
1609889	133.975	60.125	129.250226550163
1609890	134.025	60.125	129.275202949652
1609891	134.075	60.125	128.6240778632
1611077	-132.625	60.075	138.658336699853
1611078	-132.575	60.075	138.608113029494
1611079	-132.525	60.075	138.656895340458
1611254	-123.775	60.075	123.641678905006
1611485	-112.225	60.075	124.473780178904
1611486	-112.175	60.075	124.106561604189
1615124	69.725	60.075	123.690490260002
1615125	69.775	60.075	124.719107100186
1615126	69.825	60.075	124.409583797987
1615127	69.875	60.075	124.817555738405
1615306	78.825	60.075	125.047646893445
1615307	78.875	60.075	125.173447792447
1615308	78.925	60.075	125.072122318237
1615540	90.525	60.075	129.95363622977
1615541	90.575	60.075	130.521290961691
1616006	113.825	60.075	125.418220834632
1616007	113.875	60.075	126.342948201502
1616072	117.125	60.075	126.726884345265
1616073	117.175	60.075	125.333437396553
1616074	117.225	60.075	124.577196367941
1616075	117.275	60.075	126.19346854464
1616076	117.325	60.075	125.204236746424
1616113	119.175	60.075	125.329531999052
1616409	133.975	60.075	126.509546868908
1617599	-132.525	60.025	138.644908596675
1617600	-132.475	60.025	138.820859199705
1617601	-132.425	60.025	138.896423992263
1617773	-123.825	60.025	124.098231070169
1618006	-112.175	60.025	123.554130714235
1618007	-112.125	60.025	123.685485967905
1618008	-112.075	60.025	123.746929242134
1618009	-112.025	60.025	123.846806526398
1618010	-111.975	60.025	123.924584979368
1618011	-111.925	60.025	123.815932973915
1618012	-111.875	60.025	123.579459485169
1618013	-111.825	60.025	123.805241874477
1621828	78.925	60.025	125.074867569074
1621829	78.975	60.025	125.365241012329
1621830	79.025	60.025	125.286692707235
1621831	79.075	60.025	125.126501435715
1622061	90.575	60.025	132.325339774032
1622062	90.625	60.025	132.089991364731
1622523	113.675	60.025	126.924959640429
1622524	113.725	60.025	127.304143497709
1622525	113.775	60.025	126.643368476212
1622596	117.325	60.025	125.200443051276
1622597	117.375	60.025	125.100296739955
1622632	119.125	60.025	125.739932352032
1622926	133.825	60.025	129.000139656847
1622927	133.875	60.025	129.066949036743
1622928	133.925	60.025	129.444156262093
1622946	134.825	60.025	124.523212230109
1624121	-132.425	59.975	138.980963547937
1624122	-132.375	59.975	139.026562074686
1624293	-123.825	59.975	124.743005414286
1624294	-123.775	59.975	124.44286364654
1624534	-111.775	59.975	123.302282723813
1624535	-111.725	59.975	123.621404179635
1628349	78.975	59.975	125.349026665871
1628350	79.025	59.975	125.37928410897
1628582	90.625	59.975	131.529260933249
1628583	90.675	59.975	128.791958015062
1629042	113.625	59.975	125.728454842833
1629043	113.675	59.975	126.47650099273
1629117	117.375	59.975	124.437202490189
1629118	117.425	59.975	124.676300788977
1629119	117.475	59.975	124.634307795829
1629149	118.975	59.975	127.453182806349
1629150	119.025	59.975	127.345833590844
1629151	119.075	59.975	125.094018083978
1629445	133.775	59.975	128.456112410288
1629446	133.825	59.975	127.550469201796
1629465	134.775	59.975	124.678870188213
1629466	134.825	59.975	125.054502852986
1630642	-132.375	59.925	138.997235545982
1630643	-132.325	59.925	139.052091350406
1630723	-128.325	59.925	124.880694666432
1630730	-127.975	59.925	124.409794412432
1630813	-123.825	59.925	125.028925404841
1631055	-111.725	59.925	123.389294921921
1631056	-111.675	59.925	123.595273311694
1631057	-111.625	59.925	123.619698028491
1634686	69.825	59.925	124.739260877115
1634687	69.875	59.925	124.832199029468
1634869	78.975	59.925	125.309648279218
1635103	90.675	59.925	132.501969196089
1635104	90.725	59.925	134.899994739201
1635560	113.525	59.925	127.153247598524
1635561	113.575	59.925	126.115973590224
1635562	113.625	59.925	125.855181766751
1635640	117.525	59.925	125.224168489823
1635641	117.575	59.925	125.881864644893
1635642	117.625	59.925	124.125206612492
1635662	118.625	59.925	123.785849205279
1635663	118.675	59.925	126.783213402863
1635664	118.725	59.925	128.349551986762
1635665	118.775	59.925	125.981258212324
1635666	118.825	59.925	125.961907964021
1635667	118.875	59.925	128.681021309026
1635668	118.925	59.925	126.774702772169
1635669	118.975	59.925	126.782681302664
1635715	121.275	59.925	123.781103873384
1635716	121.325	59.925	125.020598581753
1635963	133.675	59.925	127.999617385968
1635964	133.725	59.925	128.456731268696
1635965	133.775	59.925	128.537260429702
1635985	134.775	59.925	124.161935952662
1637163	-132.325	59.875	139.00102236567
1637249	-128.025	59.875	124.665477709054
1637250	-127.975	59.875	124.416917236876
1637333	-123.825	59.875	124.571196569331
1637577	-111.625	59.875	123.435547640128
1637578	-111.575	59.875	123.94665084087
1641206	69.825	59.875	124.805352630945
1641207	69.875	59.875	124.695445873083
1641208	69.925	59.875	124.348819788932
1641389	78.975	59.875	125.350706440628
1641390	79.025	59.875	125.426695765016
1641624	90.725	59.875	133.599241578246
1641625	90.775	59.875	126.756170654701
1642079	113.475	59.875	126.127705583756
1642080	113.525	59.875	124.894055805879
1642162	117.625	59.875	124.125206612492
1642163	117.675	59.875	123.461826520443
1642164	117.725	59.875	124.039815927311
1642180	118.525	59.875	125.519088542581
1642181	118.575	59.875	125.780299654678
1642182	118.625	59.875	124.189256045933
1642236	121.325	59.875	125.327256699391
1642237	121.375	59.875	125.10067604283
1642482	133.625	59.875	128.135305033398
1642483	133.675	59.875	125.820702851144
1642505	134.775	59.875	123.930457668568
1643683	-132.325	59.825	138.978333674047
1643684	-132.275	59.825	139.072321728245
1643852	-123.875	59.825	123.782821922061
1643853	-123.825	59.825	124.619809338078
1644098	-111.575	59.825	124.286125046274
1647725	69.775	59.825	124.678614366521
1647726	69.825	59.825	124.714793015358
1647727	69.875	59.825	124.569688807937
1647728	69.925	59.825	124.603350383758
1647729	69.975	59.825	124.581178316388
1647910	79.025	59.825	125.448723413343
1647911	79.075	59.825	125.386905744315
1647912	79.125	59.825	125.409233889591
1648145	90.775	59.825	131.414271572598
1648597	113.375	59.825	125.58839647987
1648598	113.425	59.825	126.251169923116
1648599	113.475	59.825	125.656795190908
1648685	117.775	59.825	124.816652271315
1648686	117.825	59.825	124.659655889094
1648687	117.875	59.825	124.638885224454
1648688	117.925	59.825	124.886731128477
1648689	117.975	59.825	124.500513228934
1648699	118.475	59.825	124.871209618521
1648700	118.525	59.825	125.194471550707
1648757	121.375	59.825	124.819237812995
1648759	121.475	59.825	125.180925647827
1649001	133.575	59.825	126.429283054929
1649002	133.625	59.825	128.90526065799
1649025	134.775	59.825	124.027604301668
1649026	134.825	59.825	123.967586521326
1650204	-132.275	59.775	139.078845168293
1650205	-132.225	59.775	139.047392527075
1650372	-123.875	59.775	124.240192188415
1650373	-123.825	59.775	124.150777285977
1650619	-111.525	59.775	124.058939670702
1654241	69.575	59.775	124.858336013612
1654242	69.625	59.775	124.896357791422
1654243	69.675	59.775	124.976592552152
1654245	69.775	59.775	124.66849074288
1654246	69.825	59.775	124.661390664719
1654432	79.125	59.775	125.324294120032
1654433	79.175	59.775	125.454085229262
1654665	90.775	59.775	130.185888345144
1655114	113.225	59.775	127.698261130996
1655115	113.275	59.775	126.321671753916
1655116	113.325	59.775	127.299552523351
1655117	113.375	59.775	125.947892140472
1655209	117.975	59.775	124.665651475219
1655210	118.025	59.775	124.288098822258
1655219	118.475	59.775	125.289045254341
1655279	121.475	59.775	125.149425159093
1655280	121.525	59.775	125.042511396923
1655519	133.475	59.775	128.2512011217
1655520	133.525	59.775	127.276008189286
1655521	133.575	59.775	125.646800413459
1655546	134.825	59.775	124.398867152831
1655547	134.875	59.775	124.998641355263
1655548	134.925	59.775	124.656215143891
1656725	-132.225	59.725	139.024290809792
1656726	-132.175	59.725	138.944161716272
1656883	-124.325	59.725	123.870928005873
1656891	-123.925	59.725	124.084058144413
1656892	-123.875	59.725	124.107020638681
1657139	-111.525	59.725	124.376020774492
1660760	69.525	59.725	124.908682218565
1660952	79.125	59.725	125.262792346999
1660953	79.175	59.725	125.260969186467
1661186	90.825	59.725	128.348625050501
1661187	90.875	59.725	130.059752749058
1661631	113.075	59.725	126.253379091999
1661632	113.125	59.725	126.515770579499
1661633	113.175	59.725	126.125362000522
1661731	118.075	59.725	124.576600775693
1661732	118.125	59.725	124.852297802264
1661737	118.375	59.725	126.228605356687
1661738	118.425	59.725	127.131411520371
1661739	118.475	59.725	125.468235021945
1661799	121.475	59.725	124.48847993566
1662037	133.375	59.725	126.647457009161
1662038	133.425	59.725	127.445826903419
1662069	134.975	59.725	124.657595299541
1663246	-132.175	59.675	139.011581269854
1663247	-132.125	59.675	139.094995008522
1663403	-124.325	59.675	123.870928005873
1663410	-123.975	59.675	123.798911121363
1663411	-123.925	59.675	124.094115727127
1663660	-111.475	59.675	123.930541473004
1663661	-111.425	59.675	124.130211946468
1667277	69.375	59.675	124.09650726465
1667278	69.425	59.675	124.922387671827
1667279	69.475	59.675	125.157164455276
1667472	79.125	59.675	125.37804970727
1667473	79.175	59.675	125.254147833382
1667707	90.875	59.675	132.398891900696
1668145	112.775	59.675	124.117908178525
1668146	112.825	59.675	124.787634843906
1668147	112.875	59.675	125.443319987761
1668148	112.925	59.675	125.586234747695
1668149	112.975	59.675	124.981970562669
1668150	113.025	59.675	125.014605008622
1668151	113.075	59.675	126.253379091999
1668252	118.125	59.675	124.836802107057
1668253	118.175	59.675	125.224769209535
1668254	118.225	59.675	125.024501704513
1668255	118.275	59.675	126.965583665633
1668256	118.325	59.675	126.517415229442
1668257	118.375	59.675	126.228605356687
1668319	121.475	59.675	123.980778280393
1668555	133.275	59.675	127.649170695714
1668556	133.325	59.675	125.142888535576
1668557	133.375	59.675	126.47909827794
1668590	135.025	59.675	124.811093104651
1669872	-126.875	59.625	124.088439659687
1669929	-124.025	59.625	123.161741272515
1669930	-123.975	59.625	124.2382406299
1670181	-111.425	59.625	125.11717962767
1673795	69.275	59.625	124.958525661807
1673796	69.325	59.625	125.145393163365
1673993	79.175	59.625	125.257840098517
1673994	79.225	59.625	125.086506250202
1674227	90.875	59.625	130.506200122116
1674664	112.725	59.625	124.888918611619
1674665	112.775	59.625	124.674955073623
1674839	121.475	59.625	123.926924507714
1675072	133.125	59.625	126.221670002964
1675073	133.175	59.625	128.658377547461
1675074	133.225	59.625	128.66606407415
1675075	133.275	59.625	127.649170695714
1675110	135.025	59.625	124.838119750207
1676447	-124.125	59.575	123.786702992531
1676449	-124.025	59.575	124.03434273122
1676701	-111.425	59.575	124.059931998615
1680311	69.075	59.575	124.616958829907
1680314	69.225	59.575	124.574208287177
1680315	69.275	59.575	124.650213533159
1680316	69.325	59.575	124.309635015517
1680515	79.275	59.575	125.094463165611
1680747	90.875	59.575	129.238136787348
1681182	112.625	59.575	125.929849340289
1681183	112.675	59.575	126.645097146627
1681184	112.725	59.575	126.834681888911
1681630	135.025	59.575	124.998437395219
1681631	135.075	59.575	124.671567786565
1682833	-130.825	59.525	136.91535285153
1682834	-130.775	59.525	137.735381158069
1682967	-124.125	59.525	123.720783530294
1683220	-111.475	59.525	124.435747711743
1683221	-111.425	59.525	124.459460430395
1686831	69.075	59.525	124.693324409188
1687036	79.325	59.525	124.927605117137
1687037	79.375	59.525	124.598725396884
1687038	79.425	59.525	124.976915896519
1687039	79.475	59.525	125.308345831904
1687040	79.525	59.525	125.395126551061
1687041	79.575	59.525	125.127627114895
1687268	90.925	59.525	132.926530180628
1687269	90.975	59.525	128.539098689151
1687701	112.575	59.525	125.505977011665
1687702	112.625	59.525	124.567649018967
1688151	135.075	59.525	124.772103274028
1689352	-130.875	59.475	138.301091324413
1689740	-111.475	59.475	123.897742876753
1693347	68.875	59.475	124.727650979595
1693348	68.925	59.475	124.64799392508
1693349	68.975	59.475	124.485098970276
1693350	69.025	59.475	124.420232164612
1693351	69.075	59.475	124.650694172185
1693558	79.425	59.475	124.54621139733
1693561	79.575	59.475	125.147858550998
1693562	79.625	59.475	125.343813092768
1693563	79.675	59.475	125.757645841864
1693789	90.975	59.475	125.976170345506
1693790	91.025	59.475	131.192172181334
1693791	91.075	59.475	133.248803962691
1694221	112.575	59.475	124.806501004025
1694222	112.625	59.475	124.868636243965
1694223	112.675	59.475	124.778796521148
1694631	133.075	59.475	124.647374696607
1694671	135.075	59.475	124.781554601406
1695872	-130.875	59.425	138.112550159512
1695974	-125.775	59.425	122.940987740218
1696260	-111.475	59.425	124.247896831473
1699867	68.875	59.425	124.746635272935
1699868	68.925	59.425	124.524786237066
1699869	68.975	59.425	124.485098970276
1699870	69.025	59.425	124.258586423628
1700083	79.675	59.425	125.51317449014
1700084	79.725	59.425	125.337303597397
1700085	79.775	59.425	125.635008593202
1700086	79.825	59.425	125.321866245387
1700087	79.875	59.425	125.359071993083
1700088	79.925	59.425	125.213552651483
1700089	79.975	59.425	125.427801265118
1700090	80.025	59.425	125.362204816934
1700091	80.075	59.425	125.479798284546
1700311	91.075	59.425	130.210353624349
1700312	91.125	59.425	129.339046175919
1700741	112.575	59.425	123.860260998377
1700743	112.675	59.425	124.778796521148
1700744	112.725	59.425	124.846651870327
1700745	112.775	59.425	124.574627087092
1701150	133.025	59.425	126.496551887706
1701151	133.075	59.425	126.349795272489
1701191	135.075	59.425	124.567456028114
1702390	-130.975	59.375	138.320208411972
1702780	-111.475	59.375	124.253418007603
1702781	-111.425	59.375	124.19228810455
1706387	68.875	59.375	124.603224541292
1706388	68.925	59.375	124.241499936366
1706604	79.725	59.375	125.337303597397
1706608	79.925	59.375	125.170079207205
1706609	79.975	59.375	125.44828658078
1706611	80.075	59.375	125.474499686177
1706612	80.125	59.375	124.9907360945
1706613	80.175	59.375	125.356853104058
1706832	91.125	59.375	127.827011397078
1706833	91.175	59.375	130.186713111472
1707260	112.525	59.375	125.337990644059
1707261	112.575	59.375	124.817735255846
1707265	112.775	59.375	124.575553775656
1707266	112.825	59.375	124.555069085724
1707433	121.175	59.375	124.7945250364
1707663	132.675	59.375	125.95755999772
1707664	132.725	59.375	127.176353174282
1707665	132.775	59.375	127.898032996746
1707666	132.825	59.375	126.407987906417
1707667	132.875	59.375	127.675486338972
1707668	132.925	59.375	126.057438595819
1707669	132.975	59.375	127.018861851276
1707670	133.025	59.375	126.821489808555
1707711	135.075	59.375	124.864242216248
1709301	-111.425	59.325	123.933607873056
1712907	68.875	59.325	124.709730866592
1713132	80.125	59.325	125.202582261406
1713133	80.175	59.325	125.289473658033
1713136	80.325	59.325	125.324420649492
1713137	80.375	59.325	125.33349159009
1713138	80.425	59.325	125.539380748498
1713139	80.475	59.325	125.212811770524
1713140	80.525	59.325	125.60467042105
1713353	91.175	59.325	132.419899326759
1713354	91.225	59.325	133.244237927785
1713355	91.275	59.325	130.531885105765
1713779	112.475	59.325	125.382090254108
1713780	112.525	59.325	125.404257238889
1713786	112.825	59.325	124.95838857542
1714182	132.625	59.325	126.657693757018
1714183	132.675	59.325	125.501692090877
1714230	135.025	59.325	124.694767726595
1714231	135.075	59.325	124.91508288464
1715820	-111.475	59.275	124.514690630104
1715821	-111.425	59.275	124.333973683222
1719425	68.775	59.275	124.443008951954
1719426	68.825	59.275	124.654569173792
1719652	80.125	59.275	124.977734759389
1719653	80.175	59.275	124.924890254703
1719654	80.225	59.275	124.463932044257
1719655	80.275	59.275	125.333110047027
1719660	80.525	59.275	125.215308971328
1719876	91.325	59.275	130.689380660945
1720297	112.375	59.275	125.829610659826
1720298	112.425	59.275	126.306237054701
1720299	112.475	59.275	125.448176396789
1720305	112.775	59.275	124.871147134008
1720306	112.825	59.275	124.999951696954
1720474	121.225	59.275	125.068772627793
1720475	121.275	59.275	123.843012378348
1720479	121.475	59.275	125.434928561456
1720480	121.525	59.275	125.271563915128
1720481	121.575	59.275	124.69023156802
1720482	121.625	59.275	124.626441192136
1720698	132.425	59.275	125.556972506901
1720699	132.475	59.275	124.550294095423
1720700	132.525	59.275	125.218815318864
1720701	132.575	59.275	127.445625208486
1720750	135.025	59.275	124.891721068842
1722340	-111.475	59.225	124.030098574587
1722341	-111.425	59.225	123.743193460543
1722342	-111.375	59.225	123.585125346441
1725946	68.825	59.225	124.646090270228
1726179	80.475	59.225	125.319408130203
1726180	80.525	59.225	125.252354695389
1726181	80.575	59.225	125.235902950194
1726182	80.625	59.225	125.166118189989
1726396	91.325	59.225	129.103574781563
1726807	111.875	59.225	124.933599507253
1726808	111.925	59.225	124.749657689301
1726809	111.975	59.225	124.867189816162
1726813	112.175	59.225	125.989012719634
1726815	112.275	59.225	127.128635282804
1726816	112.325	59.225	126.649698249762
1726824	112.725	59.225	124.998990391456
1726825	112.775	59.225	125.002128517457
1727003	121.675	59.225	125.041054162233
1727214	132.225	59.225	126.098289521488
1727215	132.275	59.225	128.369991790589
1727216	132.325	59.225	126.58493394103
1727217	132.375	59.225	127.435937123551
1727270	135.025	59.225	124.649937620634
1727271	135.075	59.225	124.724684039679
1728836	-112.675	59.175	124.172364035731
1728837	-112.625	59.175	124.116325883081
1728838	-112.575	59.175	123.714972327466
1728839	-112.525	59.175	124.138889228797
1728861	-111.425	59.175	124.18618827975
1728862	-111.375	59.175	123.675422594995
1732465	68.775	59.175	124.651931468329
1732466	68.825	59.175	124.598935459312
1732467	68.875	59.175	124.319002109741
1732468	68.925	59.175	124.349478832997
1732702	80.625	59.175	125.285848051298
1732703	80.675	59.175	125.129266082471
1732916	91.325	59.175	129.18064709251
1732917	91.375	59.175	131.743021118844
1732918	91.425	59.175	128.075868574102
1733326	111.825	59.175	125.535902849469
1733327	111.875	59.175	125.222287212945
1733329	111.975	59.175	124.93449756662
1733330	112.025	59.175	124.537382953196
1733331	112.075	59.175	125.098937172911
1733332	112.125	59.175	126.74271956495
1733333	112.175	59.175	125.989012719634
1733343	112.675	59.175	124.749690695682
1733344	112.725	59.175	124.763305822344
1733596	125.325	59.175	124.522233161672
1733603	125.675	59.175	124.676857110676
1733728	131.925	59.175	125.115666577487
1733729	131.975	59.175	125.328039670908
1733730	132.025	59.175	124.557182499687
1733731	132.075	59.175	124.923105825594
1733733	132.175	59.175	125.717015949636
1733734	132.225	59.175	125.334818543325
1733791	135.075	59.175	124.761110423213
1733792	135.125	59.175	124.77081478738
1735353	-112.825	59.125	123.335844443288
1735354	-112.775	59.125	124.03518818847
1735355	-112.725	59.125	124.187514698436
1735356	-112.675	59.125	124.16162055566
1735359	-112.525	59.125	124.134714541503
1735360	-112.475	59.125	123.876377384801
1735361	-112.425	59.125	123.926775579693
1735362	-112.375	59.125	124.435220229016
1735363	-112.325	59.125	123.618990903076
1735365	-112.225	59.125	123.626782622358
1735369	-112.025	59.125	123.405386510848
1735370	-111.975	59.125	123.104991782337
1735371	-111.925	59.125	123.769455085519
1735381	-111.425	59.125	123.840793640586
1738986	68.825	59.125	124.717866965419
1738987	68.875	59.125	124.515337377808
1738988	68.925	59.125	124.503387988753
1739224	80.725	59.125	125.236733119395
1739225	80.775	59.125	125.098780653017
1739226	80.825	59.125	125.236615422583
1739231	81.075	59.125	125.108305664441
1739232	81.125	59.125	125.098914004833
1739233	81.175	59.125	124.827561536775
1739234	81.225	59.125	124.735423082755
1739439	91.475	59.125	127.981400559296
1739440	91.525	59.125	129.919152912683
1739844	111.725	59.125	125.341916616712
1739862	112.625	59.125	124.949145539065
1739863	112.675	59.125	124.834507680811
1740116	125.325	59.125	124.89409809021
1740248	131.925	59.125	124.9344973454
1740249	131.975	59.125	125.209746218837
1740251	132.075	59.125	125.003785250257
1740252	132.125	59.125	126.74277343648
1740253	132.175	59.125	125.937185390664
1741872	-112.875	59.075	124.199986593216
1741873	-112.825	59.075	123.469001568671
1741885	-112.225	59.075	123.541856572271
1741886	-112.175	59.075	123.897599121614
1741887	-112.125	59.075	123.568835679176
1741888	-112.075	59.075	124.145166518987
1741889	-112.025	59.075	124.10702983569
1741891	-111.925	59.075	123.794184112539
1741901	-111.425	59.075	124.070255228855
1745506	68.825	59.075	124.56871923054
1745746	80.825	59.075	125.11292963576
1745747	80.875	59.075	124.943522103404
1745748	80.925	59.075	125.531859069192
1745749	80.975	59.075	126.211998822741
1745750	81.025	59.075	125.376760836205
1745751	81.075	59.075	125.406434451401
1745754	81.225	59.075	124.824322726814
1745755	81.275	59.075	125.138889160056
1745756	81.325	59.075	125.192632855629
1745960	91.525	59.075	132.699488170241
1745961	91.575	59.075	131.283740433854
1745962	91.625	59.075	132.160214153938
1745963	91.675	59.075	130.914799640999
1746362	111.625	59.075	125.797797357486
1746363	111.675	59.075	125.439263371616
1746380	112.525	59.075	124.047979813332
1746381	112.575	59.075	124.275545732779
1746636	125.325	59.075	123.825737685323
1746766	131.825	59.075	125.459546233185
1746767	131.875	59.075	126.090701281135
1746768	131.925	59.075	127.118394494851
1748392	-112.875	59.025	124.448246844007
1748409	-112.025	59.025	124.539581782354
1748410	-111.975	59.025	124.334461950566
1748411	-111.925	59.025	123.899522949731
1748421	-111.425	59.025	123.935523525429
1752025	68.775	59.025	124.496407493187
1752026	68.825	59.025	124.404817855067
1752276	81.325	59.025	125.077147327718
1752277	81.375	59.025	124.931053932375
1752278	81.425	59.025	124.903164789804
1752483	91.675	59.025	130.768719903901
1752484	91.725	59.025	129.55411099805
1752879	111.475	59.025	124.775179674117
1752900	112.525	59.025	124.345078516314
1752901	112.575	59.025	124.348939619384
1753153	125.175	59.025	123.877390023056
1753284	131.725	59.025	127.316786041965
1753286	131.825	59.025	125.312443044829
1753355	135.275	59.025	124.995543523852
1753356	135.325	59.025	124.995115063029
1754911	-112.925	58.975	123.714941969422
1754912	-112.875	58.975	125.302519924896
1754928	-112.075	58.975	123.902715550468
1754933	-111.825	58.975	124.258676335907
1754939	-111.525	58.975	123.802072446494
1754940	-111.475	58.975	123.89189327437
1754941	-111.425	58.975	124.710175685788
1754942	-111.375	58.975	124.267515431929
1758545	68.775	58.975	124.608821875987
1758546	68.825	58.975	124.519365321229
1758798	81.425	58.975	125.148076288474
1759004	91.725	58.975	127.479220892694
1759399	111.475	58.975	125.169703681916
1759421	112.575	58.975	124.564757757833
1759422	112.625	58.975	124.632503738234
1759424	112.725	58.975	124.799824651591
1759425	112.775	58.975	124.903196174114
1759792	131.125	58.975	125.413505725697
1759795	131.275	58.975	125.67536909252
1759796	131.325	58.975	124.768359158408
1759797	131.375	58.975	124.765764082117
1759800	131.525	58.975	126.161566657115
1759801	131.575	58.975	126.848506302345
1759802	131.625	58.975	125.418371486427
1759803	131.675	58.975	125.553434341378
1759804	131.725	58.975	126.452740306947
1759875	135.275	58.975	124.84164139502
1761427	-113.125	58.925	124.688807597799
1761428	-113.075	58.925	124.332723987159
1761429	-113.025	58.925	124.676282068882
1761430	-112.975	58.925	124.817754916151
1761431	-112.925	58.925	124.713556163945
1761450	-111.975	58.925	123.244538707815
1761451	-111.925	58.925	123.325645776015
1761452	-111.875	58.925	123.00788582716
1761453	-111.825	58.925	123.957277159298
1761454	-111.775	58.925	123.404812136472
1761456	-111.675	58.925	124.295792760036
1761457	-111.625	58.925	123.510356958958
1761458	-111.575	58.925	124.589828031259
1765064	68.725	58.925	124.578121681825
1765065	68.775	58.925	124.458741287673
1765318	81.425	58.925	125.053242332305
1765320	81.525	58.925	124.788767468211
1765524	91.725	58.925	131.311304956582
1765709	100.975	58.925	132.570885428485
1765710	101.025	58.925	132.063463695935
1765711	101.075	58.925	131.504910069944
1765713	101.175	58.925	131.413454438735
1765714	101.225	58.925	132.781189560186
1765715	101.275	58.925	132.281767934672
1765716	101.325	58.925	132.099150341606
1765718	101.425	58.925	132.013059677627
1765722	101.625	58.925	132.425358690785
1765723	101.675	58.925	131.50259098499
1765725	101.775	58.925	132.158239527789
1765726	101.825	58.925	132.60299896001
1765727	101.875	58.925	132.001420851313
1765728	101.925	58.925	132.80255891015
1765729	101.975	58.925	132.507994117056
1765730	102.025	58.925	131.301570262527
1765731	102.075	58.925	126.994613178623
1765732	102.125	58.925	128.664039534697
1765733	102.175	58.925	131.221439888642
1765734	102.225	58.925	131.104167552454
1765735	102.275	58.925	132.061657985781
1765947	112.875	58.925	124.620938486274
1766193	125.175	58.925	124.660349629263
1766307	130.875	58.925	125.582350802301
1766309	130.975	58.925	128.286043457136
1766310	131.025	58.925	126.881432351394
1766311	131.075	58.925	124.94869974122
1766313	131.175	58.925	125.020555057561
1766314	131.225	58.925	124.986776828786
1766315	131.275	58.925	125.350886361829
1766316	131.325	58.925	125.78138666042
1766318	131.425	58.925	124.838956942865
1766319	131.475	58.925	124.951052381958
1766382	134.625	58.925	124.660175435288
1766385	134.775	58.925	125.209165179296
1767947	-113.125	58.875	124.248867736468
1767948	-113.075	58.875	124.230431707702
1767949	-113.025	58.875	124.677666189317
1771584	68.725	58.875	124.512938956554
1771840	81.525	58.875	124.834021895047
1772044	91.725	58.875	131.55600537778
1772045	91.775	58.875	130.788500293142
1772046	91.825	58.875	132.784110524805
1772047	91.875	58.875	130.462014680134
1772048	91.925	58.875	129.630283273362
1772049	91.975	58.875	128.884586263161
1772050	92.025	58.875	130.254992229803
1772228	100.925	58.875	133.016705968818
1772229	100.975	58.875	132.942046500153
1772255	102.275	58.875	132.061657985781
1772256	102.325	58.875	131.060207968353
1772257	102.375	58.875	130.122653799482
1772258	102.425	58.875	129.746457648289
1772467	112.875	58.875	124.221277248969
1772822	130.625	58.875	125.954798507053
1772823	130.675	58.875	125.576552979084
1772824	130.725	58.875	125.549760768672
1772825	130.775	58.875	125.811234150638
1772827	130.875	58.875	125.582350802301
1772834	131.225	58.875	125.289395390507
1772835	131.275	58.875	125.867163435587
1774465	-113.225	58.825	124.455363584164
1774466	-113.175	58.825	124.754469281317
1774467	-113.125	58.825	124.541025546736
1778103	68.675	58.825	124.691422440849
1778105	68.775	58.825	124.297717960392
1778360	81.525	58.825	124.839331609483
1778361	81.575	58.825	124.888415419005
1778362	81.625	58.825	124.955818319437
1778363	81.675	58.825	125.068239080094
1778570	92.025	58.825	129.684195997127
1778571	92.075	58.825	127.680666377423
1778748	100.925	58.825	132.950682163369
1778778	102.425	58.825	131.99383415338
1778779	102.475	58.825	128.326631356437
1778780	102.525	58.825	126.931700775403
1778781	102.575	58.825	131.337213296155
1778954	111.225	58.825	124.40957589152
1778987	112.875	58.825	124.693518190452
1778988	112.925	58.825	124.321975594685
1779293	128.175	58.825	123.953319670864
1779295	128.275	58.825	124.017926523388
1779297	128.375	58.825	124.449867959927
1779299	128.475	58.825	124.793000026691
1779300	128.525	58.825	124.769560989672
1779341	130.575	58.825	125.26179994002
1779342	130.625	58.825	125.2795880847
1779416	134.325	58.825	124.424534110293
1780981	-113.425	58.775	123.691134988664
1780982	-113.375	58.775	123.373345508664
1780983	-113.325	58.775	123.506051153955
1780984	-113.275	58.775	124.228429438417
1780985	-113.225	58.775	124.455363584164
1784621	68.575	58.775	124.792648382646
1784622	68.625	58.775	124.509133130757
1784624	68.725	58.775	124.529775081035
1784625	68.775	58.775	124.374097741414
1784880	81.525	58.775	124.630424797514
1784881	81.575	58.775	124.774210316397
1784882	81.625	58.775	124.821810983497
1784883	81.675	58.775	124.712283708525
1785089	91.975	58.775	131.214005972059
1785090	92.025	58.775	133.146304258851
1785091	92.075	58.775	130.603840513429
1785267	100.875	58.775	132.557732835139
1785268	100.925	58.775	133.165623569126
1785301	102.575	58.775	131.255419571217
1785302	102.625	58.775	129.992892391498
1785469	110.975	58.775	124.954759133483
1785474	111.225	58.775	124.898773814082
1785508	112.925	58.775	124.346456779496
1785509	112.975	58.775	125.180254585347
1785794	127.225	58.775	125.33077225532
1785815	128.275	58.775	123.718379443046
1785817	128.375	58.775	124.226767972386
1785820	128.525	58.775	124.760069436288
1785861	130.575	58.775	125.014302797834
1785862	130.625	58.775	125.155688374671
1785863	130.675	58.775	125.262096804704
1785934	134.225	58.775	125.024171372463
1787493	-113.825	58.725	123.69209804886
1787494	-113.775	58.725	124.272387149686
1787499	-113.525	58.725	123.940440417131
1787502	-113.375	58.725	123.997563277775
1787545	-111.225	58.725	124.202362228211
1791141	68.575	58.725	124.712515540371
1791142	68.625	58.725	124.341982426042
1791143	68.675	58.725	124.265161791173
1791144	68.725	58.725	124.392209848675
1791400	81.525	58.725	124.493272595549
1791401	81.575	58.725	124.631457000152
1791402	81.625	58.725	124.706514165783
1791403	81.675	58.725	124.822311770277
1791609	91.975	58.725	130.527270717765
1791610	92.025	58.725	130.953994178439
1791611	92.075	58.725	131.594856948892
1791749	98.975	58.725	128.640701011171
1791750	99.025	58.725	127.094428328293
1791751	99.075	58.725	125.491603999885
1791752	99.125	58.725	127.012023658478
1791784	100.725	58.725	133.315825892475
1791785	100.775	58.725	133.079085771605
1791786	100.825	58.725	133.632490452599
1791787	100.875	58.725	132.888433691793
1791822	102.625	58.725	129.680599007274
1791992	111.125	58.725	125.044784493368
1791993	111.175	58.725	126.254348548621
1791994	111.225	58.725	125.302375419601
1792029	112.975	58.725	124.978194584841
1792335	128.275	58.725	123.966192404876
1792340	128.525	58.725	124.440393580025
1792382	130.625	58.725	124.620799398834
1792383	130.675	58.725	125.260975447084
1792384	130.725	58.725	125.133458044096
1792454	134.225	58.725	124.717530074329
1794009	-114.025	58.675	123.842193393964
1794010	-113.975	58.675	123.771638319174
1794011	-113.925	58.675	123.434482167107
1794012	-113.875	58.675	123.590930923413
1794015	-113.725	58.675	124.924017106406
1794016	-113.675	58.675	124.050716411361
1794017	-113.625	58.675	123.631584108686
1794019	-113.525	58.675	124.42331529375
1794066	-111.175	58.675	123.915246131628
1794067	-111.125	58.675	123.821112308155
1794068	-111.075	58.675	124.029153538194
1794069	-111.025	58.675	123.871857996213
1794070	-110.975	58.675	123.823497499206
1794071	-110.925	58.675	123.862295776294
1794072	-110.875	58.675	123.944081377837
1794074	-110.775	58.675	124.106986536474
1797661	68.575	58.675	124.684031051211
1797923	81.675	58.675	124.807641761922
1797926	81.825	58.675	124.786467866333
1797927	81.875	58.675	124.921103983679
1798131	92.075	58.675	127.912199751662
1798266	98.825	58.675	127.360283825337
1798267	98.875	58.675	127.300147421335
1798268	98.925	58.675	125.967946026556
1798269	98.975	58.675	128.695717668911
1798274	99.225	58.675	125.732896472394
1798275	99.275	58.675	128.821991922735
1798276	99.325	58.675	131.049518108571
1798303	100.675	58.675	132.061743687935
1798304	100.725	58.675	132.478501860515
1798342	102.625	58.675	129.367349036398
1798343	102.675	58.675	130.150979788474
1798500	110.525	58.675	125.247399595452
1798503	110.675	58.675	125.906526275263
1798504	110.725	58.675	125.490298827945
1798505	110.775	58.675	125.43116986798
1798506	110.825	58.675	125.10152389009
1798508	110.925	58.675	125.917987546912
1798548	112.925	58.675	124.779822958513
1798861	128.575	58.675	124.589102513217
1798862	128.625	58.675	125.355998317082
1798902	130.625	58.675	124.859966023315
1798905	130.775	58.675	125.093236360376
1798973	134.175	58.675	124.472895874724
1798974	134.225	58.675	125.041115678365
1800524	-114.275	58.625	123.633165188107
1800525	-114.225	58.625	123.415176172148
1800526	-114.175	58.625	123.181186945346
1800527	-114.125	58.625	123.513844846499
1800528	-114.075	58.625	123.57851952232
1800529	-114.025	58.625	123.842193393964
1804181	68.575	58.625	123.904325353
1804182	68.625	58.625	124.167946127954
1804448	81.925	58.625	124.804343783736
1804651	92.075	58.625	127.184459291488
1804783	98.675	58.625	127.859534592929
1804784	98.725	58.625	128.452937495105
1804785	98.775	58.625	128.008180800763
1804786	98.825	58.625	127.360283825337
1804796	99.325	58.625	132.069434960478
1804797	99.375	58.625	133.668250267688
1804820	100.525	58.625	131.542734838074
1804821	100.575	58.625	131.5162096587
1804822	100.625	58.625	131.645549694855
1804823	100.675	58.625	131.84733701096
1804864	102.725	58.625	129.190458465347
1805010	110.025	58.625	124.822760009488
1805011	110.075	58.625	124.901653183024
1805014	110.225	58.625	126.453687468517
1805015	110.275	58.625	126.368639985663
1805016	110.325	58.625	125.330984111159
1805017	110.375	58.625	125.404131294473
1805020	110.525	58.625	125.247399595452
1805021	110.575	58.625	125.889138339414
1805026	110.825	58.625	125.10152389009
1805027	110.875	58.625	126.308455931293
1805068	112.925	58.625	124.89513533319
1805383	128.675	58.625	124.860602393328
1805384	128.725	58.625	124.866924342246
1805410	130.025	58.625	124.722798700615
1805411	130.075	58.625	124.9796242077
1805413	130.175	58.625	123.664338555581
1805414	130.225	58.625	125.239474424188
1805415	130.275	58.625	125.789197868167
1805416	130.325	58.625	125.314781566094
1805417	130.375	58.625	124.925330426283
1805418	130.425	58.625	125.007446729149
1805421	130.575	58.625	126.209810183695
1805422	130.625	58.625	125.353493083788
1805426	130.825	58.625	125.639202428371
1807040	-114.475	58.575	124.244907154988
1807042	-114.375	58.575	123.911638356014
1807043	-114.325	58.575	124.83761800308
1807044	-114.275	58.575	123.515124839291
1810701	68.575	58.575	124.601712916941
1810702	68.625	58.575	124.467839049547
1810968	81.925	58.575	124.864272272645
1810970	82.025	58.575	124.895213188005
1810971	82.075	58.575	124.929623085482
1810972	82.125	58.575	125.021995093452
1810973	82.175	58.575	124.978529176725
1810974	82.225	58.575	124.900928979094
1811171	92.075	58.575	131.337208441232
1811302	98.625	58.575	126.209347326368
1811303	98.675	58.575	126.745580564761
1811318	99.425	58.575	132.205980427482
1811319	99.475	58.575	132.615079624196
1811338	100.425	58.575	131.462119507847
1811339	100.475	58.575	131.180415008216
1811384	102.725	58.575	127.511402816717
1811385	102.775	58.575	126.516865736852
1811527	109.875	58.575	125.12106693944
1811533	110.175	58.575	127.803610918794
1811588	112.925	58.575	124.914598450604
1811760	121.525	58.575	124.718343404874
1811761	121.575	58.575	125.544727048894
1811904	128.725	58.575	124.886494200174
1811918	129.425	58.575	124.061621646034
1811929	129.975	58.575	124.991402464154
1811930	130.025	58.575	124.513893317665
1811939	130.475	58.575	125.98946787763
1811940	130.525	58.575	127.857245817296
1811941	130.575	58.575	126.371179586684
1811945	130.775	58.575	125.24148730867
1811946	130.825	58.575	124.697020597926
1811948	130.925	58.575	125.135304005037
1811949	130.975	58.575	126.18113963336
1811951	131.075	58.575	124.73827070725
1811952	131.125	58.575	124.905115829138
1811953	131.175	58.575	125.233878870972
1811954	131.225	58.575	125.349499229351
1813558	-114.575	58.525	123.153047115909
1813559	-114.525	58.525	123.571211228425
1813560	-114.475	58.525	124.244907154988
1813562	-114.375	58.525	123.911638356014
1813633	-110.825	58.525	124.739069896946
1817219	68.475	58.525	124.665706648157
1817220	68.525	58.525	124.608770359182
1817221	68.575	58.525	124.61711364874
1817222	68.625	58.525	124.137803061584
1817493	82.175	58.525	124.80363834162
1817494	82.225	58.525	124.867056954741
1817692	92.125	58.525	130.408189883545
1817762	95.625	58.525	134.056054414189
1817763	95.675	58.525	132.675046520824
1817764	95.725	58.525	130.6982101084
1817765	95.775	58.525	133.523687518351
1817766	95.825	58.525	131.581946044393
1817767	95.875	58.525	131.90348448119
1817768	95.925	58.525	128.225571033234
1817769	95.975	58.525	129.532545399662
1817770	96.025	58.525	132.547476389025
1817771	96.075	58.525	132.562410546093
1817772	96.125	58.525	132.07979116758
1817774	96.225	58.525	131.831694979964
1817775	96.275	58.525	133.027219978329
1817776	96.325	58.525	133.486910081124
1817777	96.375	58.525	133.642265249383
1817778	96.425	58.525	131.109442739142
1817779	96.475	58.525	131.275589364109
1817780	96.525	58.525	133.291634671067
1817781	96.575	58.525	129.978971402236
1817822	98.625	58.525	125.962881028726
1817823	98.675	58.525	125.965421571162
1817839	99.475	58.525	132.720074336769
1817840	99.525	58.525	132.952201604782
1817841	99.575	58.525	133.252528690105
1817842	99.625	58.525	134.023756081603
1817843	99.675	58.525	133.452350466107
1817844	99.725	58.525	133.353189332675
1817845	99.775	58.525	132.971290871068
1817846	99.825	58.525	131.906714053973
1817847	99.875	58.525	126.764849594449
1817858	100.425	58.525	131.215066816853
1817905	102.775	58.525	125.57736509818
1818045	109.775	58.525	124.950934279046
1818107	112.875	58.525	125.199880188772
1818281	121.575	58.525	125.628409437071
1818282	121.625	58.525	124.80268610564
1818424	128.725	58.525	124.898419652496
1818427	128.875	58.525	125.889130466713
1818428	128.925	58.525	125.022166509752
1818429	128.975	58.525	125.07822335567
1818430	129.025	58.525	124.993430951405
1818431	129.075	58.525	124.608183866056
1818432	129.125	58.525	125.083728090649
1818434	129.225	58.525	124.81315327209
1818435	129.275	58.525	123.731031042591
1818438	129.425	58.525	124.061621646034
1818439	129.475	58.525	125.472003414099
1818440	129.525	58.525	125.425726191839
1818441	129.575	58.525	125.189396992723
1818442	129.625	58.525	124.863769955037
1818447	129.875	58.525	125.837121537481
1818448	129.925	58.525	125.819723461424
1818449	129.975	58.525	126.215336732237
1818474	131.225	58.525	125.301953304767
1818475	131.275	58.525	125.340404973413
1818542	134.625	58.525	124.973687855704
1820051	-115.925	58.475	123.796234101231
1820052	-115.875	58.475	123.622589089491
1820053	-115.825	58.475	123.238518701003
1820078	-114.575	58.475	123.272077742916
1820153	-110.825	58.475	124.616326088705
1823737	68.375	58.475	124.448431184545
1823740	68.525	58.475	124.587004770891
1823741	68.575	58.475	124.61098081401
1823742	68.625	58.475	124.137803061584
1824014	82.225	58.475	124.861015582573
1824015	82.275	58.475	124.685990559812
1824212	92.125	58.475	130.297199253447
1824213	92.175	58.475	129.095762198634
1824214	92.225	58.475	130.517495666626
1824215	92.275	58.475	129.590892559478
1824281	95.575	58.475	134.756570966734
1824282	95.625	58.475	133.827816229941
1824292	96.125	58.475	132.07979116758
1824293	96.175	58.475	128.434232628315
1824294	96.225	58.475	131.831694979964
1824301	96.575	58.475	129.978971402236
1824302	96.625	58.475	129.837362424558
1824303	96.675	58.475	132.90036104555
1824304	96.725	58.475	129.169825596652
1824305	96.775	58.475	131.252068253715
1824306	96.825	58.475	130.940805137094
1824341	98.575	58.475	127.206842245314
1824342	98.625	58.475	128.054300153788
1824343	98.675	58.475	127.069753701252
1824367	99.875	58.475	126.556355945135
1824378	100.425	58.475	131.07156084899
1824379	100.475	58.475	128.673851976235
1824425	102.775	58.475	125.037823346081
1824426	102.825	58.475	123.553567371895
1824564	109.725	58.475	124.748691295524
1824565	109.775	58.475	124.400693065492
1824627	112.875	58.475	125.281900482868
1824952	129.125	58.475	125.070670213029
1824953	129.175	58.475	124.784034390137
1824954	129.225	58.475	124.7602521003
1824962	129.625	58.475	124.863769955037
1824963	129.675	58.475	124.874237906544
1824964	129.725	58.475	125.586260478054
1824965	129.775	58.475	126.486677020659
1824966	129.825	58.475	127.290865126937
1824967	129.875	58.475	125.86897539818
1824992	131.125	58.475	124.952327574421
1824993	131.175	58.475	124.762238525369
1824994	131.225	58.475	125.187449706202
1826570	-115.975	58.425	123.69190042159
1826573	-115.825	58.425	123.406127929432
1826574	-115.775	58.425	123.244659732612
1826575	-115.725	58.425	123.44690198032
1826577	-115.625	58.425	123.621874402372
1826578	-115.575	58.425	123.965611511074
1826579	-115.525	58.425	123.192396860697
1826580	-115.475	58.425	123.46695788034
1826594	-114.775	58.425	123.267283859558
1826595	-114.725	58.425	123.617441783897
1826596	-114.675	58.425	123.707238186401
1826597	-114.625	58.425	123.686450526378
1826664	-111.275	58.425	124.554291052457
1826669	-111.025	58.425	124.587634087932
1826670	-110.975	58.425	124.762699290569
1830256	68.325	58.425	124.569207126789
1830536	82.325	58.425	124.591741487621
1830537	82.375	58.425	124.669818588378
1830538	82.425	58.425	124.833276226819
1830735	92.275	58.425	130.432292123243
1830797	95.375	58.425	134.060330317813
1830798	95.425	58.425	132.634441477083
1830799	95.475	58.425	130.578517320059
1830800	95.525	58.425	133.74571872001
1830827	96.875	58.425	129.13729905433
1830828	96.925	58.425	131.056447299212
1830831	97.075	58.425	130.385531547039
1830832	97.125	58.425	131.801578571437
1830833	97.175	58.425	131.908559832276
1830834	97.225	58.425	132.788623393814
1830835	97.275	58.425	131.43998036026
1830836	97.325	58.425	128.504422187778
1830838	97.425	58.425	130.518187769257
1830839	97.475	58.425	128.958345890797
1830840	97.525	58.425	129.450559547466
1830845	97.775	58.425	129.664748164182
1830846	97.825	58.425	129.645269426699
1830847	97.875	58.425	129.49310134143
1830848	97.925	58.425	129.702497931322
1830849	97.975	58.425	130.407003008956
1830850	98.025	58.425	131.718511622024
1830851	98.075	58.425	132.181252546995
1830852	98.125	58.425	131.092116361304
1830853	98.175	58.425	128.534689184622
1830854	98.225	58.425	129.95072241189
1830855	98.275	58.425	127.097996825928
1830856	98.325	58.425	128.225357337542
1830857	98.375	58.425	129.800268712377
1830858	98.425	58.425	128.424246363495
1830859	98.475	58.425	126.771184554728
1830860	98.525	58.425	127.394078365069
1830888	99.925	58.425	126.593036631278
1830889	99.975	58.425	131.521337902769
1830899	100.475	58.425	130.155475403031
1830946	102.825	58.425	119.441912850163
1831084	109.725	58.425	125.496559371091
1831085	109.775	58.425	125.315516932722
1831146	112.825	58.425	125.150608287523
1831512	131.125	58.425	125.296334423743
1833085	-116.225	58.375	123.72884151048
1833086	-116.175	58.375	123.693096131786
1833088	-116.075	58.375	123.55401477052
1833095	-115.725	58.375	123.422793768164
1833097	-115.625	58.375	123.621874402372
1833101	-115.425	58.375	123.255721510479
1833102	-115.375	58.375	123.439049992808
1833103	-115.325	58.375	123.378556953159
1833104	-115.275	58.375	123.042371049798
1833105	-115.225	58.375	122.900595498486
1833106	-115.175	58.375	123.175619448445
1833107	-115.125	58.375	123.275931922855
1833108	-115.075	58.375	123.651995359957
1833109	-115.025	58.375	123.487294371776
1833110	-114.975	58.375	123.027621222997
1833111	-114.925	58.375	123.340026058128
1833112	-114.875	58.375	123.428787932324
1833113	-114.825	58.375	123.488234384128
1833179	-111.525	58.375	124.739168012372
1836776	68.325	58.375	124.241257910962
1836777	68.375	58.375	124.603829494752
1837058	82.425	58.375	124.779102745544
1837059	82.475	58.375	124.660128003374
1837060	82.525	58.375	124.656929087911
1837061	82.575	58.375	124.689968390298
1837064	82.725	58.375	124.754409032854
1837065	82.775	58.375	124.496755364319
1837256	92.325	58.375	130.159658740057
1837257	92.375	58.375	130.375552019371
1837258	92.425	58.375	129.049417353402
1837315	95.275	58.375	130.686596227743
1837316	95.325	58.375	134.165359266065
1837317	95.375	58.375	134.423611098184
1837348	96.925	58.375	131.961979155472
1837349	96.975	58.375	129.461856847109
1837350	97.025	58.375	126.386511439027
1837351	97.075	58.375	130.019937351055
1837356	97.325	58.375	128.504422187778
1837357	97.375	58.375	131.08017730612
1837358	97.425	58.375	130.518187769257
1837360	97.525	58.375	129.450559547466
1837361	97.575	58.375	129.358045159721
1837362	97.625	58.375	129.616279754385
1837363	97.675	58.375	129.559440063416
1837364	97.725	58.375	129.404813307751
1837365	97.775	58.375	129.664748164182
1837409	99.975	58.375	132.800130111298
1837410	100.025	58.375	129.466475681559
1837418	100.425	58.375	128.342156093853
1837419	100.475	58.375	125.416792441111
1837466	102.825	58.375	124.686619610167
1837603	109.675	58.375	124.746253010361
1837666	112.825	58.375	124.959824623751
1838033	131.175	58.375	125.07615439419
1839599	-116.525	58.325	123.990392846249
1839602	-116.375	58.325	123.848468959672
1839603	-116.325	58.325	123.966178559859
1839604	-116.275	58.325	124.088924558797
1839605	-116.225	58.325	124.359098766492
1839699	-111.525	58.325	124.541925723523
1843292	68.125	58.325	124.328544517792
1843293	68.175	58.325	124.568746390217
1843294	68.225	58.325	124.643580573296
1843295	68.275	58.325	124.680451471891
1843581	82.575	58.325	124.850329922241
1843582	82.625	58.325	124.83591620649
1843583	82.675	58.325	124.623453492075
1843586	82.825	58.325	124.586916859924
1843587	82.875	58.325	124.224618317661
1843588	82.925	58.325	123.545648835074
1843589	82.975	58.325	123.895583933182
1843778	92.425	58.325	128.714621525673
1843833	95.175	58.325	134.963115620503
1843834	95.225	58.325	132.770036415668
1843835	95.275	58.325	135.233997382257
1843930	100.025	58.325	132.37720734401
1843931	100.075	58.325	130.627879269759
1843932	100.125	58.325	134.649997382807
1843933	100.175	58.325	131.236973243556
1843934	100.225	58.325	128.992650857181
1843935	100.275	58.325	132.214014775863
1843936	100.325	58.325	134.370341359893
1843937	100.375	58.325	133.948529496821
1843938	100.425	58.325	133.622340721125
1843986	102.825	58.325	126.071828353061
1844122	109.625	58.325	124.64422114964
1844123	109.675	58.325	125.324604356143
1844187	112.875	58.325	124.679367028792
1844188	112.925	58.325	124.381361335702
1844553	131.175	58.325	125.826863591439
1844626	134.825	58.325	124.764556714722
1846118	-116.575	58.275	123.442955943997
1846119	-116.525	58.275	123.990392846249
1846120	-116.475	58.275	123.297143231068
1846121	-116.425	58.275	123.62356912624
1846122	-116.375	58.275	123.84836186293
1846219	-111.525	58.275	124.679196042183
1846220	-111.475	58.275	124.567360800692
1846221	-111.425	58.275	124.469190372466
1849814	68.225	58.275	123.885576463368
1850106	82.825	58.275	124.24456194415
1850107	82.875	58.275	124.207645900223
1850108	82.925	58.275	124.19325210019
1850109	82.975	58.275	124.47528688946
1850298	92.425	58.275	129.792516000542
1850299	92.475	58.275	129.33649445003
1850350	95.025	58.275	134.306314200766
1850351	95.075	58.275	134.072838205323
1850352	95.125	58.275	135.206413793326
1850353	95.175	58.275	135.238049742575
1850506	102.825	58.275	121.217995976017
1850507	102.875	58.275	121.221102165371
1850631	109.075	58.275	124.609274439881
1850633	109.175	58.275	124.505210698828
1850634	109.225	58.275	124.518753194909
1850641	109.575	58.275	125.405156077744
1850642	109.625	58.275	125.138741815203
1850708	112.925	58.275	124.381361335702
1851073	131.175	58.275	125.501305187698
1852636	-116.675	58.225	124.151508544368
1852637	-116.625	58.225	123.768006205571
1852638	-116.575	58.225	123.568639822617
1852640	-116.475	58.225	123.351996381765
1852641	-116.425	58.225	123.586389897274
1852740	-111.475	58.225	124.55135015693
1852741	-111.425	58.225	124.426005630643
1856334	68.225	58.225	123.801254337979
1856628	82.925	58.225	124.584718099528
1856819	92.475	58.225	129.318875760937
1856820	92.525	58.225	128.586390009637
1856869	94.975	58.225	134.10702472144
1856870	95.025	58.225	134.791559858267
1857026	102.825	58.225	121.113751321433
1857027	102.875	58.225	121.115732541275
1857150	109.025	58.225	125.735860121744
1857151	109.075	58.225	124.609274439881
1857154	109.225	58.225	124.588199555223
1857155	109.275	58.225	124.893710306893
1857156	109.325	58.225	125.873912888451
1857160	109.525	58.225	125.652470972586
1857161	109.575	58.225	125.405156077744
1857232	113.125	58.225	124.900386872544
1857233	113.175	58.225	124.719714207348
1857234	113.225	58.225	124.990382123884
1857236	113.325	58.225	124.776699170012
1859157	-116.625	58.175	124.097893889486
1859158	-116.575	58.175	123.877759052854
1859262	-111.375	58.175	125.204162260057
1862854	68.225	58.175	124.090568251466
1863148	82.925	58.175	124.338736408685
1863149	82.975	58.175	124.299037404603
1863150	83.025	58.175	124.271338373198
1863341	92.575	58.175	130.128283491779
1863342	92.625	58.175	130.358125878209
1863354	93.225	58.175	136.164205003643
1863355	93.275	58.175	136.385168721481
1863356	93.325	58.175	135.753399611859
1863357	93.375	58.175	133.270030239476
1863358	93.425	58.175	134.702706616975
1863359	93.475	58.175	135.357852531753
1863388	94.925	58.175	134.232873023369
1863389	94.975	58.175	133.89030080585
1863546	102.825	58.175	121.741178564304
1863668	108.925	58.175	124.842835597417
1863669	108.975	58.175	124.769033117182
1863757	113.375	58.175	125.22340005199
1864192	135.125	58.175	124.961436311062
1864193	135.175	58.175	124.820836609866
1865671	-116.925	58.125	123.615254449264
1865672	-116.875	58.125	123.273661755761
1865678	-116.575	58.125	123.465259297708
1865679	-116.525	58.125	123.782316640773
1869670	83.025	58.125	124.277612545328
1869671	83.075	58.125	124.432469838384
1869672	83.125	58.125	124.76340329642
1869862	92.625	58.125	131.153418985885
1869863	92.675	58.125	129.289702904253
1869864	92.725	58.125	129.842789120201
1869865	92.775	58.125	133.752682436729
1869866	92.825	58.125	133.372399666011
1869867	92.875	58.125	131.847296151157
1869868	92.925	58.125	127.970037958333
1869869	92.975	58.125	125.997811847826
1869873	93.175	58.125	133.259022321507
1869874	93.225	58.125	136.059288510208
1869879	93.475	58.125	135.357852531753
1869880	93.525	58.125	135.163482969543
1869881	93.575	58.125	134.278569353646
1869882	93.625	58.125	128.881287993418
1869883	93.675	58.125	130.945492954648
1869884	93.725	58.125	128.169036207957
1869885	93.775	58.125	132.910108161492
1869886	93.825	58.125	131.402458066437
1869887	93.875	58.125	129.034450761062
1869889	93.975	58.125	135.886918150244
1869890	94.025	58.125	136.261849492636
1869891	94.075	58.125	134.960843366154
1869892	94.125	58.125	134.183361182233
1869893	94.175	58.125	135.565255727732
1869894	94.225	58.125	136.219644093249
1869895	94.275	58.125	133.671158013086
1869896	94.325	58.125	134.053676829537
1869897	94.375	58.125	134.676367071389
1869898	94.425	58.125	134.026085539449
1869899	94.475	58.125	128.847844394345
1869900	94.525	58.125	133.509509388655
1869901	94.575	58.125	135.336144331663
1869902	94.625	58.125	134.158316292465
1869903	94.675	58.125	134.26326603012
1869904	94.725	58.125	136.027404685027
1869905	94.775	58.125	134.632590300378
1869906	94.825	58.125	132.447813750075
1869907	94.875	58.125	134.51090998305
1869908	94.925	58.125	134.094401563894
1870065	102.775	58.125	122.222469837633
1870185	108.775	58.125	124.833426003959
1870186	108.825	58.125	124.27367482606
1870187	108.875	58.125	124.543998855696
1870188	108.925	58.125	124.842835597417
1870275	113.275	58.125	125.544664442875
1870276	113.325	58.125	125.333140773948
1872188	-117.075	58.075	123.680404017988
1872189	-117.025	58.075	122.988555628033
1872190	-116.975	58.075	123.786607456106
1872191	-116.925	58.075	124.242613869438
1872193	-116.825	58.075	123.593423469375
1872194	-116.775	58.075	123.822793693907
1872195	-116.725	58.075	123.344220244612
1872196	-116.675	58.075	124.184992264724
1872198	-116.575	58.075	123.642902006512
1875903	68.675	58.075	124.220656726736
1876194	83.225	58.075	124.572088171271
1876389	92.975	58.075	128.171714963768
1876391	93.075	58.075	131.886243307662
1876392	93.125	58.075	131.967995499461
1876393	93.175	58.075	130.918665591415
1876584	102.725	58.075	122.552899561864
1876585	102.775	58.075	123.242085830006
1876702	108.625	58.075	124.457387544283
1876703	108.675	58.075	124.744009702284
1876704	108.725	58.075	124.726087392309
1876795	113.275	58.075	125.462884466627
1877236	135.325	58.075	124.675061339452
1878707	-117.125	58.025	124.146390293147
1878708	-117.075	58.025	123.680404017988
1878823	-111.325	58.025	124.789047104005
1882425	68.775	58.025	124.151356476029
1882427	68.875	58.025	124.06092309526
1882428	68.925	58.025	124.056257996796
1882432	69.125	58.025	124.090473475532
1882434	69.225	58.025	124.321265122209
1882448	69.925	58.025	124.161339984708
1882449	69.975	58.025	124.021936544276
1882714	83.225	58.025	124.50565612733
1882909	92.975	58.025	129.381707655533
1882910	93.025	58.025	126.077594196601
1882911	93.075	58.025	128.411362011851
1882912	93.125	58.025	129.423363123443
1882913	93.175	58.025	127.721925610447
1882914	93.225	58.025	127.418123687917
1883104	102.725	58.025	122.518744271213
1883221	108.575	58.025	124.544996772017
1883222	108.625	58.025	124.457387544283
1883317	113.375	58.025	125.159195126391
1883484	121.725	58.025	125.34886876705
1883756	135.325	58.025	125.142999795597
1885226	-117.175	57.975	123.587631568953
1885227	-117.125	57.975	123.283313046508
1885341	-111.425	57.975	124.460917627924
1885342	-111.375	57.975	125.028557258338
1888945	68.775	57.975	124.151356476029
1888948	68.925	57.975	124.305213638492
1888957	69.375	57.975	124.30089216175
1888968	69.925	57.975	124.161339984708
1888969	69.975	57.975	124.486004133511
1889235	83.275	57.975	124.480390851038
1889236	83.325	57.975	124.444481059689
1889433	93.175	57.975	127.033592361111
1889434	93.225	57.975	127.405535862231
1889623	102.675	57.975	130.166221211666
1889740	108.525	57.975	124.7147727934
1889741	108.575	57.975	124.266444546845
1889838	113.425	57.975	125.321763448879
1889839	113.475	57.975	125.275924811716
1890193	131.175	57.975	125.266861452783
1891746	-117.175	57.925	123.200680878058
1891747	-117.125	57.925	123.240773426635
1891861	-111.425	57.925	124.408940107485
1895755	83.275	57.925	124.500129165481
1895756	83.325	57.925	124.497139517053
1895953	93.175	57.925	126.479128474912
1895954	93.225	57.925	127.631315968228
1896143	102.675	57.925	133.742277056985
1896260	108.525	57.925	124.535667154961
1896362	113.625	57.925	125.232683827839
1898268	-117.075	57.875	122.808879357809
1898269	-117.025	57.875	122.856280701901
1898381	-111.425	57.875	124.543859025943
1898382	-111.375	57.875	125.118940301867
1902275	83.275	57.875	124.308369616368
1902305	84.775	57.875	124.294685558647
1902307	84.875	57.875	124.144217257911
1902474	93.225	57.875	127.772686255572
1902475	93.275	57.875	126.660114170361
1902662	102.625	57.875	127.396153038079
1902663	102.675	57.875	134.331165154046
1902778	108.425	57.875	124.502435698482
1902883	113.675	57.875	125.090169500605
1902895	114.275	57.875	124.870911801924
1902908	114.925	57.875	125.368336346478
1903232	131.125	57.875	125.430585505991
1904787	-117.125	57.825	123.608632576707
1904788	-117.075	57.825	123.675938657616
1904789	-117.025	57.825	123.795686432472
1904902	-111.375	57.825	124.961307908148
1908795	83.275	57.825	123.974031998351
1908796	83.325	57.825	124.061882538792
1908812	84.125	57.825	124.00898092509
1908813	84.175	57.825	124.082287777324
1908816	84.325	57.825	124.307467875508
1908817	84.375	57.825	124.169356099382
1908819	84.475	57.825	124.099661441553
1908820	84.525	57.825	124.546427090514
1908824	84.725	57.825	124.391231618907
1908825	84.775	57.825	124.234452425426
1908827	84.875	57.825	124.225815666886
1908828	84.925	57.825	124.231967558644
1908829	84.975	57.825	124.272929034629
1908831	85.075	57.825	124.08832103697
1908995	93.275	57.825	126.5445843105
1909182	102.625	57.825	132.96724714619
1909403	113.675	57.825	125.181857059437
1909406	113.825	57.825	124.965908275513
1909409	113.975	57.825	124.842376470609
1909428	114.925	57.825	123.333922561321
1911307	-117.125	57.775	123.278984236328
1911308	-117.075	57.775	122.94744369579
1911309	-117.025	57.775	123.38311603066
1911422	-111.375	57.775	124.944470711383
1915317	83.375	57.775	124.07395411399
1915318	83.425	57.775	124.000085801659
1915327	83.875	57.775	124.630201801423
1915330	84.025	57.775	124.33189002968
1915331	84.075	57.775	124.372282362388
1915332	84.125	57.775	123.967817397002
1915338	84.425	57.775	124.243752770736
1915339	84.475	57.775	124.140741477782
1915351	85.075	57.775	124.057772045678
1915352	85.125	57.775	124.294598077323
1915353	85.175	57.775	124.070194782846
1915355	85.275	57.775	124.033418406299
1915515	93.275	57.775	127.699337542584
1915702	102.625	57.775	130.599527536395
1915810	108.025	57.775	123.551766706254
1915811	108.075	57.775	123.165179567809
1915812	108.125	57.775	123.398210038247
1915814	108.225	57.775	124.444173487997
1915815	108.275	57.775	124.525714912772
1915816	108.325	57.775	124.540812608127
1915928	113.925	57.775	125.208412792109
1915943	114.675	57.775	125.678032370728
1915950	115.025	57.775	125.508859665146
1915951	115.075	57.775	125.03933681801
1917827	-117.125	57.725	122.87228408034
1917828	-117.075	57.725	122.780100101382
1917829	-117.025	57.725	123.413650928599
1917941	-111.425	57.725	125.023848887328
1917942	-111.375	57.725	124.851599993056
1921838	83.425	57.725	123.964802483349
1921839	83.475	57.725	123.95209190672
1921840	83.525	57.725	124.09842850695
1921845	83.775	57.725	124.307097042473
1921846	83.825	57.725	124.341620319812
1921847	83.875	57.725	124.629649624807
1921848	83.925	57.725	124.471780524653
1921849	83.975	57.725	124.308021110167
1922035	93.275	57.725	127.966462688816
1922036	93.325	57.725	128.636858214503
1922221	102.575	57.725	131.68992257013
1922222	102.625	57.725	129.130770468625
1922330	108.025	57.725	124.008050840967
1922490	116.025	57.725	125.555169967445
1924348	-117.075	57.675	122.960587554779
1924461	-111.425	57.675	124.84628378498
1928361	83.575	57.675	123.98223057825
1928362	83.625	57.675	123.864775634763
1928363	83.675	57.675	124.152980898178
1928364	83.725	57.675	124.071410409838
1928366	83.825	57.675	124.17091913851
1928367	83.875	57.675	124.208659498722
1928555	93.275	57.675	127.258571285653
1928556	93.325	57.675	127.255997997363
1928740	102.525	57.675	130.959025749413
1928741	102.575	57.675	133.400306169279
1928847	107.875	57.675	124.306863099823
1928848	107.925	57.675	124.155916355183
1928849	107.975	57.675	124.112021471911
1928850	108.025	57.675	124.350948793511
1929010	116.025	57.675	125.287049826609
1929018	116.425	57.675	125.650216143386
1930868	-117.075	57.625	122.980087747048
1930980	-111.475	57.625	124.558542288978
1930981	-111.425	57.625	124.683741605835
1934885	83.775	57.625	124.064386584345
1934886	83.825	57.625	124.224061113713
1934923	85.675	57.625	124.078444155794
1935075	93.275	57.625	126.896415618395
1935076	93.325	57.625	125.285364946923
1935259	102.475	57.625	133.212128978984
1935260	102.525	57.625	133.952733266423
1935363	107.675	57.625	124.701161322539
1935364	107.725	57.625	124.637618496094
1935538	116.425	57.625	125.694168319024
1935539	116.475	57.625	126.010416079007
1937388	-117.075	57.575	123.02012436403
1937499	-111.525	57.575	124.483988494914
1941177	72.375	57.575	124.146223084707
1941406	83.825	57.575	124.259851118739
1941444	85.725	57.575	123.896886459608
1941596	93.325	57.575	126.338548414397
1941778	102.425	57.575	131.003540404053
1941779	102.475	57.575	134.039560180644
1941883	107.675	57.575	124.823944461449
1941884	107.725	57.575	123.750046761735
1942035	115.275	57.575	125.244127216887
1942059	116.475	57.575	126.011335269185
1943908	-117.075	57.525	122.802040222129
1943910	-116.975	57.525	123.757256900065
1944019	-111.525	57.525	125.22443688556
1947697	72.375	57.525	124.060143370751
1947698	72.425	57.525	123.652342164819
1947927	83.875	57.525	124.250541301766
1948115	93.275	57.525	125.127381363587
1948116	93.325	57.525	125.826018439946
1948297	102.375	57.525	133.128763588976
1948298	102.425	57.525	126.84505349365
1948407	107.875	57.525	124.082364473468
1948555	115.275	57.525	125.029035983441
1948560	115.525	57.525	125.615163741091
1948561	115.575	57.525	126.065947840592
1948562	115.625	57.525	126.290422602518
1948563	115.675	57.525	126.0353050729
1948580	116.525	57.525	124.470599256269
1950537	-111.625	57.475	124.145037173775
1950538	-111.575	57.475	124.779012451948
1954447	83.875	57.475	124.281437766286
1954448	83.925	57.475	124.136361807917
1954635	93.275	57.475	125.050550761015
1954817	102.375	57.475	132.697967031207
1955076	115.325	57.475	125.477995964677
1955077	115.375	57.475	125.655339589284
1955099	116.475	57.475	125.541496288199
1955100	116.525	57.475	125.250240827972
1955384	130.725	57.475	124.538389482494
1955385	130.775	57.475	123.846622026192
1956948	-117.075	57.425	122.701790290172
1957056	-111.675	57.425	124.226188668334
1957057	-111.625	57.425	124.386087875378
1960969	83.975	57.425	124.346959601771
1961009	85.975	57.425	124.019582546833
1961155	93.275	57.425	124.936748586373
1961336	102.325	57.425	131.427612565652
1961337	102.375	57.425	131.598340964735
1961619	116.475	57.425	125.472877617581
1961905	130.775	57.425	125.16107082976
1961908	130.925	57.425	124.784989910494
1963467	-117.125	57.375	123.581530859389
1963576	-111.675	57.375	124.495735955125
1967489	83.975	57.375	124.341630143357
1967490	84.025	57.375	124.542538255664
1967491	84.075	57.375	124.618078683409
1967529	85.975	57.375	124.170504197623
1967675	93.275	57.375	124.531609517875
1967856	102.325	57.375	130.215292443578
1968431	131.075	57.375	124.305580088404
1968435	131.275	57.375	124.194719616731
1969987	-117.125	57.325	123.749076982649
1970096	-111.675	57.325	124.550044460358
1974011	84.075	57.325	124.667469397477
1974195	93.275	57.325	124.816929578743
1974196	93.325	57.325	124.412808653161
1974376	102.325	57.325	130.597631938123
1974953	131.175	57.325	123.236925911507
1974954	131.225	57.325	123.640583297004
1974955	131.275	57.325	123.757334283656
1976508	-117.075	57.275	123.235719355477
1976616	-111.675	57.275	124.21708941629
1980532	84.125	57.275	124.445011346632
1980533	84.175	57.275	124.510326199885
1980534	84.225	57.275	124.395673750689
1980535	84.275	57.275	124.276938351558
1980716	93.325	57.275	124.112369220998
1980717	93.375	57.275	124.908493832227
1980718	93.425	57.275	124.585466156653
1980896	102.325	57.275	129.879233425139
1981470	131.025	57.275	124.229298284882
1981471	131.075	57.275	124.317873858273
1981473	131.175	57.275	124.941547191615
1983137	-111.625	57.225	124.154882947135
1987055	84.275	57.225	124.276938351558
1987056	84.325	57.225	124.040620108066
1987057	84.375	57.225	124.407028863369
1987090	86.025	57.225	124.535078643685
1987238	93.425	57.225	124.191447982437
1987416	102.325	57.225	129.588865086703
1987698	116.425	57.225	126.197688306915
1987699	116.475	57.225	126.280074905865
1987989	130.975	57.225	123.976802157971
1987990	131.025	57.225	124.057127507909
1989657	-111.625	57.175	124.34111916845
1993577	84.375	57.175	124.033225338643
1993758	93.425	57.175	124.464459789377
1993759	93.475	57.175	124.414953442652
1993936	102.325	57.175	132.646005913824
1996065	-117.225	57.125	122.569758626958
1996066	-117.175	57.125	122.747654795206
1996177	-111.625	57.125	123.961559938397
1996178	-111.575	57.125	123.702658431808
2000097	84.375	57.125	124.333029034656
2000098	84.425	57.125	124.292900190215
2000099	84.475	57.125	124.046512906826
2000130	86.025	57.125	123.969993138678
2000131	86.075	57.125	124.048243572062
2000279	93.475	57.125	124.080367528206
2000456	102.325	57.125	131.642969499842
2002585	-117.225	57.075	123.341372584139
2002699	-111.525	57.075	123.861324099699
2006618	84.425	57.075	124.088546615012
2006619	84.475	57.075	123.920573742769
2006654	86.225	57.075	123.657882294106
2006798	93.425	57.075	124.382682876425
2006799	93.475	57.075	124.179257324083
2006976	102.325	57.075	128.628837783407
2008912	-126.875	57.025	124.813715139932
2009105	-117.225	57.025	122.651646335319
2009219	-111.525	57.025	123.97767807405
2009220	-111.475	57.025	123.262689573565
2013138	84.425	57.025	124.188099317362
2013174	86.225	57.025	124.16872354996
2013175	86.275	57.025	124.144328984361
2013317	93.375	57.025	123.640611130586
2013482	101.625	57.025	133.201455330757
2013483	101.675	57.025	129.431535903976
2013484	101.725	57.025	127.139493598468
2013496	102.325	57.025	132.649778784819
2013497	102.375	57.025	129.865525360967
2013871	121.075	57.025	124.241468512134
2015432	-126.875	56.975	124.603643519504
2015469	-125.025	56.975	124.153195328141
2015625	-117.225	56.975	122.96129469335
2015740	-111.475	56.975	123.355023772108
2015741	-111.425	56.975	123.457821680044
2019658	84.425	56.975	124.260886834939
2019695	86.275	56.975	124.251941758549
2019837	93.375	56.975	126.007645607204
2019997	101.375	56.975	129.611227446746
2019998	101.425	56.975	123.738933241849
2019999	101.475	56.975	130.323143597734
2020000	101.525	56.975	133.301358024794
2020001	101.575	56.975	131.394416644486
2020002	101.625	56.975	132.834576196572
2020004	101.725	56.975	127.139493598468
2020005	101.775	56.975	131.366415607934
2020006	101.825	56.975	131.3954897461
2020016	102.325	56.975	131.337858563148
2020284	115.725	56.975	124.447656180471
2020285	115.775	56.975	124.526807489324
2020391	121.075	56.975	124.241641236076
2020392	121.125	56.975	124.327124492666
2021951	-126.925	56.925	124.814147373512
2021952	-126.875	56.925	124.71194140256
2022144	-117.275	56.925	122.791681987442
2022145	-117.225	56.925	122.370509186745
2022261	-111.425	56.925	123.59648494916
2026178	84.425	56.925	124.184742113367
2026357	93.375	56.925	127.83142891651
2026358	93.425	56.925	125.625489910178
2026516	101.325	56.925	127.420312615415
2026517	101.375	56.925	128.901045487351
2026529	101.975	56.925	130.919091388492
2026536	102.325	56.925	127.947006301873
2026912	121.125	56.925	124.289395864943
2028468	-127.075	56.875	124.468250409402
2028469	-127.025	56.875	124.755654307167
2028470	-126.975	56.875	124.783835411502
2028471	-126.925	56.875	124.860369424514
2028510	-124.975	56.875	123.930141031358
2028511	-124.925	56.875	123.70977647302
2028663	-117.325	56.875	122.980720320927
2028664	-117.275	56.875	122.781737471812
2028665	-117.225	56.875	122.471744007068
2028781	-111.425	56.875	123.779942242603
2032698	84.425	56.875	124.178693720942
2032878	93.425	56.875	126.775533838074
2032879	93.475	56.875	124.933262936927
2033037	101.375	56.875	127.205616862612
2033049	101.975	56.875	130.919091388492
2033050	102.025	56.875	128.302311032298
2033051	102.075	56.875	128.936481331319
2033052	102.125	56.875	131.149763499902
2033053	102.175	56.875	128.467236559344
2033054	102.225	56.875	130.870645821543
2033055	102.275	56.875	131.881465511178
2033056	102.325	56.875	129.979732428165
2034985	-127.225	56.825	124.933557393543
2034986	-127.175	56.825	124.589429571296
2034987	-127.125	56.825	124.439796936833
2034988	-127.075	56.825	124.468605842247
2035031	-124.925	56.825	123.587576038785
2035032	-124.875	56.825	123.635891492024
2035184	-117.275	56.825	122.45797294572
2035301	-111.425	56.825	123.805448293418
2039218	84.425	56.825	124.112597696473
2039219	84.475	56.825	124.060882682852
2039220	84.525	56.825	123.820849704169
2039222	84.625	56.825	124.285542959478
2039399	93.475	56.825	127.852106276605
2039400	93.525	56.825	124.733323646013
2039556	101.325	56.825	126.059088293713
2039557	101.375	56.825	126.76004040031
2039558	101.425	56.825	126.946120664029
2039559	101.475	56.825	127.4441457014
2039560	101.525	56.825	125.459381561102
2039561	101.575	56.825	123.34287651019
2041505	-127.225	56.775	125.132442423914
2041552	-124.875	56.775	123.681389184338
2041553	-124.825	56.775	123.837801621976
2041704	-117.275	56.775	122.447790536955
2041821	-111.425	56.775	123.838981117668
2041822	-111.375	56.775	123.76093417791
2045738	84.425	56.775	124.043252880419
2045740	84.525	56.775	124.305774015014
2045741	84.575	56.775	124.478026196069
2045742	84.625	56.775	124.399149914321
2045743	84.675	56.775	124.464336094324
2045920	93.525	56.775	126.682165303392
2045921	93.575	56.775	124.357695670116
2045922	93.625	56.775	123.978150966737
2046082	101.625	56.775	123.317829720692
2046473	121.175	56.775	124.4375136199
2046474	121.225	56.775	123.8134467901
2048074	-124.775	56.725	124.080073401847
2048225	-117.225	56.725	122.098488397093
2052257	84.375	56.725	124.074593069081
2052263	84.675	56.725	124.215890406021
2052442	93.625	56.725	126.772553819544
2052603	101.675	56.725	124.179361218087
2052604	101.725	56.725	122.451026564426
2052994	121.225	56.725	124.011556372507
2052995	121.275	56.725	123.926055603554
2054594	-124.775	56.675	124.119135703945
2054595	-124.725	56.675	124.160115939217
2054745	-117.225	56.675	122.244504853095
2054859	-111.525	56.675	123.845191623774
2054860	-111.475	56.675	123.804789256066
2058775	84.275	56.675	124.088950954317
2058776	84.325	56.675	124.139757580477
2058783	84.675	56.675	124.34860298762
2058784	84.725	56.675	124.089226159687
2058962	93.625	56.675	128.233901587849
2058963	93.675	56.675	124.157941920985
2059124	101.725	56.675	123.015712949454
2059125	101.775	56.675	122.714281160907
2059126	101.825	56.675	121.71472985832
2059515	121.275	56.675	123.898074452129
2059517	121.375	56.675	124.21206039657
2061116	-124.675	56.625	124.332529042632
2061117	-124.625	56.625	124.546674838544
2061267	-117.125	56.625	122.442521681669
2061377	-111.625	56.625	123.778447219848
2065102	74.625	56.625	124.119349872015
2065294	84.225	56.625	124.084087845001
2065295	84.275	56.625	124.259264194578
2065304	84.725	56.625	123.797360284359
2065305	84.775	56.625	124.072166070001
2065484	93.725	56.625	126.011125188141
2065646	101.825	56.625	122.836586305651
2065918	115.425	56.625	124.748747789353
2066037	121.375	56.625	123.642827207136
2067637	-124.625	56.575	124.543620370695
2067638	-124.575	56.575	124.463145889083
2067787	-117.125	56.575	123.035708495295
2067788	-117.075	56.575	122.434934691181
2071813	84.175	56.575	123.953755000089
2071814	84.225	56.575	123.965271203282
2071825	84.775	56.575	124.022222847431
2071826	84.825	56.575	124.239466434149
2071828	84.925	56.575	123.185342021113
2072005	93.775	56.575	126.557599028001
2072166	101.825	56.575	122.876043611674
2072438	115.425	56.575	125.0338455959
2072440	115.525	56.575	124.889652299338
2072441	115.575	56.575	125.611791590903
2072442	115.625	56.575	125.864292883232
2072443	115.675	56.575	125.093377486392
2072560	121.525	56.575	123.982814520713
2074158	-124.575	56.525	124.533962871003
2074159	-124.525	56.525	124.504621077948
2074308	-117.075	56.525	122.494541227642
2078331	84.075	56.525	124.116743088001
2078332	84.125	56.525	123.720948431131
2078333	84.175	56.525	123.327085394226
2078348	84.925	56.525	123.111178168593
2078524	93.725	56.525	124.406133085146
2078525	93.775	56.525	124.781035668008
2078686	101.825	56.525	121.273351264949
2078963	115.675	56.525	124.332342042726
2080680	-124.475	56.475	124.590139244445
2084851	84.075	56.475	124.023405519058
2084868	84.925	56.475	123.404228504819
2085043	93.675	56.475	125.183340751662
2085044	93.725	56.475	124.507927016808
2085484	115.725	56.475	124.551971790028
2085485	115.775	56.475	124.702451198912
2087200	-124.475	56.425	124.602531421535
2087201	-124.425	56.425	124.558811498412
2087346	-117.175	56.425	122.226480439006
2087347	-117.125	56.425	121.946974776781
2091371	84.075	56.425	124.079381108888
2091389	84.975	56.425	124.237874060719
2091563	93.675	56.425	124.715300352249
2091726	101.825	56.425	123.343194774588
2091814	106.225	56.425	124.655848076607
2092003	115.675	56.425	124.899499392174
2092004	115.725	56.425	124.450740867919
2092005	115.775	56.425	124.192949112643
2092006	115.825	56.425	124.367878790247
2092121	121.575	56.425	123.834435409659
2093721	-124.425	56.375	124.517894670412
2093866	-117.175	56.375	122.067059497701
2097891	84.075	56.375	123.950449194057
2098081	93.575	56.375	123.46231898025
2098082	93.625	56.375	123.472619238026
2098083	93.675	56.375	123.553702223915
2098246	101.825	56.375	123.600398677336
2098523	115.675	56.375	125.11205164461
2100242	-124.375	56.325	124.364850911814
2100384	-117.275	56.325	122.245556610343
2104410	84.025	56.325	123.986938422721
2104411	84.075	56.325	124.116430592564
2104428	84.925	56.325	124.429161893111
2104599	93.475	56.325	123.881318174184
2104601	93.575	56.325	123.215682676818
2104766	101.825	56.325	124.698427440303
2105043	115.675	56.325	125.860667217751
2106763	-124.325	56.275	124.487679831572
2106764	-124.275	56.275	124.522521086801
2106870	-118.975	56.275	122.456580842082
2106904	-117.275	56.275	122.78127295844
2110929	83.975	56.275	123.754337617585
2110930	84.025	56.275	123.783543562403
2110948	84.925	56.275	124.049524163921
2111057	90.375	56.275	123.103768225701
2111058	90.425	56.275	123.081748823811
2111118	93.425	56.275	126.318659636525
2111285	101.775	56.275	128.065836243007
2113284	-124.275	56.225	124.456328950919
2113285	-124.225	56.225	124.404558660807
2113390	-118.975	56.225	121.916705368128
2113423	-117.325	56.225	122.82474853558
2113424	-117.275	56.225	122.824772329364
2117449	83.975	56.225	124.050301286282
2117450	84.025	56.225	124.048186244958
2117467	84.875	56.225	123.897514581221
2117468	84.925	56.225	124.358591923059
2117638	93.425	56.225	125.85935726077
2117805	101.775	56.225	129.644827173983
2118084	115.725	56.225	124.608610506903
2119805	-124.225	56.175	124.384945679399
2119806	-124.175	56.175	124.498243742221
2119942	-117.375	56.175	122.395463465359
2123969	83.975	56.175	123.890309819392
2123970	84.025	56.175	124.124538671658
2123987	84.875	56.175	123.935390320902
2123988	84.925	56.175	123.83703175828
2124153	93.175	56.175	124.557913779812
2124157	93.375	56.175	125.421481675452
2124325	101.775	56.175	128.956604992833
2124335	102.275	56.175	129.525281392466
2124336	102.325	56.175	130.084193161185
2124337	102.375	56.175	129.904348874076
2124338	102.425	56.175	129.806517986587
2124341	102.575	56.175	130.322786735519
2124342	102.625	56.175	129.471849907439
2124343	102.675	56.175	131.462074205776
2126326	-124.175	56.125	124.499209798467
2126327	-124.125	56.125	124.548475462386
2126328	-124.075	56.125	124.53467643604
2126356	-122.675	56.125	123.671770391952
2126357	-122.625	56.125	123.661993577482
2126358	-122.575	56.125	123.733956721655
2126359	-122.525	56.125	123.651976545989
2126360	-122.475	56.125	123.429873142161
2126361	-122.425	56.125	123.695743949738
2126362	-122.375	56.125	123.990880301415
2130488	83.925	56.125	124.251082382162
2130489	83.975	56.125	124.09090665491
2130508	84.925	56.125	124.5207735366
2130509	84.975	56.125	124.348671344973
2130672	93.125	56.125	124.295596849964
2130673	93.175	56.125	125.40104372986
2130674	93.225	56.125	124.557672295274
2130675	93.275	56.125	122.451402141981
2130845	101.775	56.125	128.46044874844
2130848	101.925	56.125	130.237179459145
2130849	101.975	56.125	130.619883704532
2130850	102.025	56.125	129.803264526172
2130852	102.125	56.125	129.005802905488
2130853	102.175	56.125	128.963618596947
2130865	102.775	56.125	128.075568594916
2130866	102.825	56.125	128.877400903647
2130867	102.875	56.125	129.819412138305
2130924	105.725	56.125	124.488039915393
2131339	126.475	56.125	124.925878774343
2132848	-124.075	56.075	124.548152325156
2132849	-124.025	56.075	124.533944065778
2132868	-123.075	56.075	124.907803639274
2132869	-123.025	56.075	124.200784595939
2132870	-122.975	56.075	124.035753904499
2132871	-122.925	56.075	124.020048983587
2132872	-122.875	56.075	124.085816475558
2132873	-122.825	56.075	123.840288052048
2132874	-122.775	56.075	123.722892765615
2132875	-122.725	56.075	123.762543347896
2132876	-122.675	56.075	123.645905769333
2132882	-122.375	56.075	123.990880301415
2132883	-122.325	56.075	123.897536050356
2132884	-122.275	56.075	123.869928236608
2132885	-122.225	56.075	123.933465090556
2132893	-121.825	56.075	121.803710416214
2132976	-117.675	56.075	123.014378038292
2132977	-117.625	56.075	122.186669040037
2136824	74.725	56.075	123.87523985079
2137007	83.875	56.075	124.345999797395
2137008	83.925	56.075	124.290759783836
2137027	84.875	56.075	124.4621182596
2137028	84.925	56.075	124.359203700524
2137135	90.275	56.075	123.434434818213
2137136	90.325	56.075	123.288700384063
2137190	93.025	56.075	122.924558869596
2137191	93.075	56.075	123.303062635774
2137192	93.125	56.075	125.145799873818
2137193	93.175	56.075	123.979266284676
2137387	102.875	56.075	130.217213208661
2137388	102.925	56.075	131.444543812944
2139369	-124.025	56.025	124.656422660789
2139370	-123.975	56.025	124.533893516584
2139372	-123.875	56.025	124.192717092032
2139373	-123.825	56.025	124.090798595205
2139374	-123.775	56.025	124.01790427487
2139375	-123.725	56.025	123.874988084497
2139376	-123.675	56.025	124.010793487778
2139377	-123.625	56.025	124.213378014409
2139378	-123.575	56.025	124.354234193254
2139379	-123.525	56.025	124.397266627876
2139380	-123.475	56.025	124.776717629059
2139381	-123.425	56.025	124.798038589122
2139382	-123.375	56.025	124.832717267467
2139383	-123.325	56.025	125.347272157813
2139387	-123.125	56.025	124.968482308945
2139388	-123.075	56.025	124.784574239773
2139405	-122.225	56.025	124.333374255438
2139406	-122.175	56.025	124.309047577271
2139473	-118.825	56.025	122.51112330557
2139496	-117.675	56.025	121.865167600467
2143344	74.725	56.025	123.841646672023
2143527	83.875	56.025	124.200001907398
2143547	84.875	56.025	124.17335933753
2143548	84.925	56.025	124.420585414511
2143707	92.875	56.025	122.54432705291
2143708	92.925	56.025	122.486436163763
2143908	102.925	56.025	126.150649674932
2143909	102.975	56.025	131.458312447095
2145903	-123.325	55.975	125.233385757823
2145904	-123.275	55.975	125.130755474351
2145905	-123.225	55.975	125.026683489243
2145906	-123.175	55.975	124.956755031067
2145907	-123.125	55.975	124.968482308945
2145927	-122.125	55.975	120.690830525591
2145929	-122.025	55.975	122.441497437237
2145930	-121.975	55.975	122.447306226818
2145993	-118.825	55.975	122.458699352283
2150046	83.825	55.975	124.272052412755
2150047	83.875	55.975	124.272103602281
2150068	84.925	55.975	124.522969917121
2150069	84.975	55.975	124.384999155817
2150216	92.325	55.975	123.494138047945
2150217	92.375	55.975	123.142711141146
2150218	92.425	55.975	123.074503349975
2150219	92.475	55.975	123.209853138024
2150220	92.525	55.975	122.77841108546
2150221	92.575	55.975	122.515416848091
2150222	92.625	55.975	121.888681793317
2150223	92.675	55.975	122.681249016422
2150224	92.725	55.975	122.131216587277
2150225	92.775	55.975	122.426558175824
2150226	92.825	55.975	122.566496121718
2150227	92.875	55.975	122.454222103016
2150429	102.975	55.975	132.229602092984
2152529	-118.025	55.925	122.32494456937
2152530	-117.975	55.925	122.726522680634
2156567	83.875	55.925	124.376398919242
2156589	84.975	55.925	124.333349592982
2156590	85.025	55.925	124.293797020316
2156735	92.275	55.925	129.658066258799
2156736	92.325	55.925	124.022882216262
2156949	102.975	55.925	126.11606729307
2156950	103.025	55.925	126.009611785438
2163086	83.825	55.875	123.910082395049
2163087	83.875	55.875	124.068944987924
2163109	84.975	55.875	124.392229927695
2163110	85.025	55.875	124.486802351458
2163254	92.225	55.875	128.649317739267
2163255	92.275	55.875	129.806825894844
2163470	103.025	55.875	126.65882450275
2169418	74.425	55.825	123.924764345807
2169605	83.775	55.825	124.062479231731
2169606	83.825	55.825	124.048641484493
2169628	84.925	55.825	124.260705920738
2169629	84.975	55.825	124.423575984562
2169774	92.225	55.825	128.143137565815
2169775	92.275	55.825	126.860337652189
2169990	103.025	55.825	128.616701540898
2169991	103.075	55.825	130.413693336489
2170246	115.825	55.825	123.823369703229
2175938	74.425	55.775	124.112292375861
2176124	83.725	55.775	123.972946710049
2176125	83.775	55.775	123.835662728025
2176148	84.925	55.775	123.791262378753
2176295	92.275	55.775	126.086043774136
2176296	92.325	55.775	128.621426423684
2176297	92.375	55.775	130.425025328837
2176298	92.425	55.775	130.886439213253
2176511	103.075	55.775	127.148880027808
2176512	103.125	55.775	131.31720787406
2176565	105.775	55.775	124.296654723628
2176766	115.825	55.775	123.524488243245
2182643	83.675	55.725	123.818188465682
2182668	84.925	55.725	123.466421847571
2182669	84.975	55.725	123.727443624614
2182818	92.425	55.725	130.886439213253
2182819	92.475	55.725	127.313098735437
2183033	103.175	55.725	132.229758759489
2183287	115.875	55.725	124.00334698864
2189162	83.625	55.675	124.137927513954
2189200	85.525	55.675	124.073414346314
2189339	92.475	55.675	128.742398238675
2189553	103.175	55.675	132.930254849329
2189807	115.875	55.675	124.011702378645
2195682	83.625	55.625	123.936595318982
2195683	83.675	55.625	123.981490321684
2195859	92.475	55.625	128.48405874729
2196073	103.175	55.625	131.348282022548
2202200	83.525	55.575	123.638567632405
2202201	83.575	55.575	123.55694877373
2202378	92.425	55.575	130.317085197958
2202593	103.175	55.575	129.322830240456
2208519	73.475	55.525	123.777686167687
2208719	83.475	55.525	123.637457843705
2208720	83.525	55.525	123.879094789238
2208898	92.425	55.525	131.615640353696
2209113	103.175	55.525	127.995612341849
2209367	115.875	55.525	124.168605105765
2215234	83.225	55.475	123.824747066508
2215235	83.275	55.475	123.641736618239
2215236	83.325	55.475	123.873810326881
2215237	83.375	55.475	123.940935233539
2215238	83.425	55.475	124.014773981675
2215417	92.375	55.475	131.040389670674
2215633	103.175	55.475	130.486877382845
2215981	120.575	55.475	123.814331892801
2215982	120.625	55.475	123.806665606192
2221746	82.825	55.425	123.980086228028
2221747	82.875	55.425	123.814718627205
2221748	82.925	55.425	123.8063873771
2221749	82.975	55.425	123.967650523594
2221750	83.025	55.425	124.142942731295
2221751	83.075	55.425	123.791563515813
2221752	83.125	55.425	123.611606617582
2221753	83.175	55.425	123.651670373474
2221754	83.225	55.425	123.721812786048
2221808	85.925	55.425	123.715376866825
2221809	85.975	55.425	123.88618840118
2221936	92.325	55.425	129.824952740317
2221937	92.375	55.425	130.218831941699
2222153	103.175	55.425	127.430103671801
2222154	103.225	55.425	130.225438457243
2228074	73.225	55.375	123.744777129674
2228266	82.825	55.375	123.661699790048
2228329	85.975	55.375	122.929948291248
2228332	86.125	55.375	123.151106970771
2228334	86.225	55.375	123.790280467181
2228455	92.275	55.375	129.629648965955
2228456	92.325	55.375	130.081277012257
2228675	103.275	55.375	131.679965280207
2228719	105.475	55.375	124.19295511251
2234590	73.025	55.325	123.628397928821
2234591	73.075	55.325	123.683291414363
2234786	82.825	55.325	123.640333660035
2234787	82.875	55.325	123.419188328534
2234854	86.225	55.325	123.87118107146
2234974	92.225	55.325	129.582085899726
2234975	92.275	55.325	129.523793188345
2235195	103.275	55.325	129.259666397222
2235196	103.325	55.325	131.943244685274
2241109	72.975	55.275	123.708370151886
2241110	73.025	55.275	123.664731611051
2241307	82.875	55.275	123.619404666154
2241374	86.225	55.275	124.261694610919
2241493	92.175	55.275	129.61331678719
2241494	92.225	55.275	129.558021357685
2241716	103.325	55.275	133.031357984276
2247827	82.875	55.225	122.929483892195
2247895	86.275	55.225	124.253332842566
2247896	86.325	55.225	124.442864070501
2248011	92.075	55.225	130.257684473387
2248012	92.125	55.225	129.572265042692
2248013	92.175	55.225	129.630903175098
2248236	103.325	55.225	128.348834455435
2248278	105.425	55.225	124.089109993752
2254153	73.175	55.175	123.413650076758
2254154	73.225	55.175	123.529804367901
2254346	82.825	55.175	122.750841274231
2254347	82.875	55.175	122.908343414065
2254417	86.375	55.175	124.207177841666
2254527	91.875	55.175	131.202746923731
2254528	91.925	55.175	130.833783340058
2254529	91.975	55.175	130.437546248741
2254530	92.025	55.175	130.73565511204
2254531	92.075	55.175	130.266830198508
2254756	103.325	55.175	129.993081404669
2260672	73.125	55.125	123.360014318883
2260673	73.175	55.125	123.464028883365
2260865	82.775	55.125	122.630406066667
2260866	82.825	55.125	122.721152322197
2260936	86.325	55.125	124.434910716696
2261043	91.675	55.125	128.081387836529
2261044	91.725	55.125	128.999452865899
2261045	91.775	55.125	129.257308215097
2261046	91.825	55.125	131.066929794786
2261276	103.325	55.125	130.657008452793
2267193	73.175	55.075	123.349903078206
2267385	82.775	55.075	122.340436382973
2267386	82.825	55.075	122.482309003403
2267552	91.125	55.075	130.663772215007
2267555	91.275	55.075	131.015074149831
2267556	91.325	55.075	130.783261833027
2267557	91.375	55.075	130.252802171473
2267558	91.425	55.075	129.32319451297
2267560	91.525	55.075	127.818793912808
2267795	103.275	55.075	127.200152406705
2267831	105.075	55.075	124.49986841197
2273906	82.825	55.025	122.44960351509
2273907	82.875	55.025	122.170554786587
2273908	82.925	55.025	122.22171508424
2273986	86.825	55.025	124.480575152306
2273991	87.075	55.025	123.618323894118
2274070	91.025	55.025	130.49248321679
2274071	91.075	55.025	130.458189534468
2274072	91.125	55.025	130.551217180814
2274314	103.225	55.025	128.49364101379
2274315	103.275	55.025	130.028922664467
2274351	105.075	55.025	124.450905744967
2280428	82.925	54.975	122.517367132974
2280429	82.975	54.975	122.44792640899
2280430	83.025	54.975	122.264563959308
2280589	90.975	54.975	131.394328941662
2280590	91.025	54.975	131.066922785627
2280832	103.125	54.975	129.535319963469
2280833	103.175	54.975	131.519476772072
2280834	103.225	54.975	130.796854068247
2283029	-113.025	54.925	122.875947862179
2286950	83.025	54.925	122.676008276043
2287109	90.975	54.925	131.219049964436
2287351	103.075	54.925	131.632909700817
2287352	103.125	54.925	130.390461038798
2293470	83.025	54.875	122.422790444032
2293629	90.975	54.875	131.337345400568
2293871	103.075	54.875	127.755620572913
2299989	82.975	54.825	124.753841227589
2300148	90.925	54.825	131.218205015528
2300390	103.025	54.825	130.550739514667
2300391	103.075	54.825	129.653129174861
2306507	82.875	54.775	124.644769064764
2306508	82.925	54.775	124.811979943111
2306509	82.975	54.775	125.117498574846
2306668	90.925	54.775	131.032527741985
2306910	103.025	54.775	129.73385560598
2309084	-114.275	54.725	123.100159168822
2312842	73.625	54.725	123.45047957711
2312843	73.675	54.725	123.465589696414
2313025	82.775	54.725	124.766221505608
2313026	82.825	54.725	124.733553147288
2313027	82.875	54.725	124.739362077348
2313111	87.075	54.725	123.776501127196
2313188	90.925	54.725	130.465404061759
2313430	103.025	54.725	126.121500137039
2313431	103.075	54.725	129.195094209947
2313432	103.125	54.725	133.192422187924
2319363	73.675	54.675	123.460873746755
2319364	73.725	54.675	123.468922033916
2319543	82.675	54.675	124.897206570946
2319544	82.725	54.675	124.854204090661
2319545	82.775	54.675	124.770908828308
2319631	87.075	54.675	123.776501127196
2319708	90.925	54.675	129.695706262786
2319952	103.125	54.675	132.210942234929
2319953	103.175	54.675	132.965734823947
2319954	103.225	54.675	128.742193487232
2325888	73.925	54.625	123.519910925595
2325889	73.975	54.625	123.492085107288
2326060	82.525	54.625	124.899780826694
2326061	82.575	54.625	124.88228253832
2326062	82.625	54.625	124.899928893798
2326063	82.675	54.625	124.923090509319
2326228	90.925	54.625	129.992390679462
2326229	90.975	54.625	130.217971310464
2326230	91.025	54.625	129.803582564315
2326231	91.075	54.625	130.265383361854
2326474	103.225	54.625	128.28229197159
2328643	-114.325	54.575	121.88303290408
2332410	74.025	54.575	123.449569903241
2332412	74.125	54.575	123.575637976262
2332578	82.425	54.575	124.904947083766
2332579	82.475	54.575	124.905917557451
2332580	82.525	54.575	124.894775505227
2332751	91.075	54.575	130.299571280935
2332752	91.125	54.575	131.390155472746
2332753	91.175	54.575	131.629233397256
2332994	103.225	54.575	130.773415818044
2338935	74.275	54.525	123.661010075379
2338936	74.325	54.525	123.670049769015
2339096	82.325	54.525	125.047103568959
2339097	82.375	54.525	124.931777056634
2339098	82.425	54.525	124.886910363527
2339273	91.175	54.525	131.916114544799
2339274	91.225	54.525	132.247526541688
2339514	103.225	54.525	127.981325216585
2345457	74.375	54.475	123.508557546841
2345615	82.275	54.475	124.228841533277
2345616	82.325	54.475	124.903837729793
2345795	91.275	54.475	131.742317194609
2346034	103.225	54.475	130.662545546222
2351977	74.375	54.425	123.559896417595
2352133	82.175	54.425	123.31402941491
2352134	82.225	54.425	123.309179966238
2352315	91.275	54.425	131.374072904061
2352554	103.225	54.425	128.874910665755
2358501	74.575	54.375	123.695394745236
2358502	74.625	54.375	123.465259169015
2358651	82.075	54.375	123.354890151468
2358652	82.125	54.375	123.239026955263
2358835	91.275	54.375	131.261939048565
2358836	91.325	54.375	131.192731180392
2359072	103.125	54.375	131.813664337201
2359073	103.175	54.375	131.504765791202
2359074	103.225	54.375	132.63953829995
2365022	74.625	54.325	123.593689672617
2365166	81.825	54.325	123.385052341629
2365167	81.875	54.325	123.248100213983
2365168	81.925	54.325	124.118191364895
2365169	81.975	54.325	123.956130408594
2365170	82.025	54.325	123.802066568206
2365356	91.325	54.325	130.745596893258
2365357	91.375	54.325	130.802288837276
2365591	103.075	54.325	131.734475348336
2365592	103.125	54.325	131.522728577942
2371542	74.625	54.275	123.554022601972
2371543	74.675	54.275	123.479259104719
2371684	81.725	54.275	123.553238897942
2371685	81.775	54.275	123.614621809374
2371686	81.825	54.275	123.385052341629
2371877	91.375	54.275	130.628914193212
2371878	91.425	54.275	130.417680012607
2372110	103.025	54.275	131.629636875062
2372111	103.075	54.275	132.21608803865
2378063	74.675	54.225	123.504402445578
2378064	74.725	54.225	123.552061193332
2378203	81.675	54.225	123.54796572038
2378204	81.725	54.225	123.42986710417
2378398	91.425	54.225	130.218885595869
2378399	91.475	54.225	129.682981645996
2378629	102.975	54.225	132.859308655285
2384722	81.625	54.175	123.720952417312
2384723	81.675	54.175	123.545813916707
2384919	91.475	54.175	129.224563919011
2384920	91.525	54.175	128.408203421175
2385148	102.925	54.175	131.354929724311
2385149	102.975	54.175	131.558443906274
2391241	81.575	54.125	123.568831771354
2391242	81.625	54.125	123.849321272205
2391440	91.525	54.125	127.488464467317
2391668	102.925	54.125	133.077125779374
2391669	102.975	54.125	132.697094639953
2397758	81.425	54.075	123.320324484276
2397759	81.475	54.075	123.519531786958
2397760	81.525	54.075	123.667351676157
2397961	91.575	54.075	126.97198061472
2398189	102.975	54.075	130.782379363261
2398190	103.025	54.075	129.596472998026
2404147	74.875	54.025	123.714337154212
2404148	74.925	54.025	123.715728791389
2404276	81.325	54.025	123.472277077908
2404277	81.375	54.025	123.424523021955
2404278	81.425	54.025	123.320324484276
2404480	91.525	54.025	127.401223983461
2404481	91.575	54.025	126.648128678732
2404710	103.025	54.025	130.813849718685
2404711	103.075	54.025	131.640236423508
2410668	74.925	53.975	123.567522298237
2410670	75.025	53.975	123.579964902426
2410671	75.075	53.975	123.653926044478
2410795	81.275	53.975	123.633957550866
2410999	91.475	53.975	127.218101930463
2411000	91.525	53.975	127.012653384606
2411231	103.075	53.975	131.131037291582
2411232	103.125	53.975	131.610685321774
2417190	75.025	53.925	123.615442132791
2417191	75.075	53.925	123.654941284764
2417315	81.275	53.925	123.63440150375
2417316	81.325	53.925	123.508811727575
2417434	87.225	53.925	123.218204660959
2417518	91.425	53.925	126.164186044068
2417519	91.475	53.925	126.671946733694
2417753	103.175	53.925	130.896649778449
2423710	75.025	53.875	123.771731996018
2423836	81.325	53.875	123.463629856626
2423952	87.125	53.875	123.121421034419
2424038	91.425	53.875	126.109012668356
2424273	103.175	53.875	130.197996898901
2424274	103.225	53.875	131.075463236666
2430230	75.025	53.825	123.728290938541
2430356	81.325	53.825	123.429782690437
2430365	81.775	53.825	123.391986561705
2430472	87.125	53.825	122.786806833456
2430558	91.425	53.825	126.308900876052
2430794	103.225	53.825	131.976279563014
2436749	74.975	53.775	123.568420492795
2436750	75.025	53.775	123.789841710545
2436877	81.375	53.775	123.482470731845
2436878	81.425	53.775	123.500693083578
2436879	81.475	53.775	123.513307064525
2436880	81.525	53.775	123.659051916461
2436881	81.575	53.775	123.825517910327
2436885	81.775	53.775	123.694377506721
2436886	81.825	53.775	123.578204389169
2436992	87.125	53.775	122.24074164512
2436993	87.175	53.775	122.624684550812
2436994	87.225	53.775	123.031973788888
2437079	91.475	53.775	125.857157410745
2437314	103.225	53.775	131.435954788299
2437315	103.275	53.775	131.203532418586
2443270	75.025	53.725	123.525580017008
2443407	81.875	53.725	124.135234225172
2443408	81.925	53.725	123.552503824124
2443411	82.075	53.725	123.387375912447
2443412	82.125	53.725	123.731315101618
2443413	82.175	53.725	123.598024303218
2443835	103.275	53.725	131.055605120205
2449792	75.125	53.675	123.431648234868
2449933	82.175	53.675	123.766713751648
2449934	82.225	53.675	123.891408680915
2450121	91.575	53.675	124.419817396413
2456312	75.125	53.625	123.517719173006
2456313	75.175	53.625	123.66843341245
2456454	82.225	53.625	123.888059290383
2456455	82.275	53.625	123.982094285002
2456456	82.325	53.625	123.755143164747
2456877	103.375	53.625	131.064265954116
2462832	75.125	53.575	123.648937170536
2462833	75.175	53.575	123.702293206818
2462976	82.325	53.575	123.508036163738
2462977	82.375	53.575	123.662449892761
2463397	103.375	53.575	132.161961827393
2469353	75.175	53.525	123.686368472732
2469355	75.275	53.525	123.29000972532
2469356	75.325	53.525	123.344714634658
2469357	75.375	53.525	123.562448767442
2469497	82.375	53.525	123.874588121773
2469498	82.425	53.525	123.825692048193
2469512	83.125	53.525	123.484368434973
2469513	83.175	53.525	123.844811704876
2469514	83.225	53.525	123.776474149731
2469684	91.725	53.525	123.728012053899
2469685	91.775	53.525	124.397150385592
2469917	103.375	53.525	132.08633974566
2475878	75.425	53.475	123.674039529406
2475879	75.475	53.475	123.325036583019
2476018	82.425	53.475	123.659634471437
2476019	82.475	53.475	123.366513520462
2476029	82.975	53.475	123.984473619324
2476030	83.025	53.475	123.225044162177
2476031	83.075	53.475	123.377237635167
2476032	83.125	53.475	123.503879791365
2476034	83.225	53.475	124.463793083628
2476035	83.275	53.475	123.538788145807
2476437	103.375	53.475	132.149014975459
2482399	75.475	53.425	123.375327467691
2482539	82.475	53.425	123.23541956983
2482540	82.525	53.425	123.385458001573
2482541	82.575	53.425	123.323798694999
2482542	82.625	53.425	123.325190545993
2482543	82.675	53.425	123.24807672687
2482544	82.725	53.425	123.345613543802
2482545	82.775	53.425	123.193952580511
2482546	82.825	53.425	123.179943356045
2482548	82.925	53.425	123.569664974894
2482549	82.975	53.425	123.454364427731
2482555	83.275	53.425	123.535231549439
2482556	83.325	53.425	123.472506248671
2482557	83.375	53.425	123.969526456329
2482558	83.425	53.425	123.523490589753
2482559	83.475	53.425	123.405786484261
2482560	83.525	53.425	123.396393897638
2482561	83.575	53.425	123.498465990931
2482562	83.625	53.425	123.687977761716
2482563	83.675	53.425	123.383538394013
2482564	83.725	53.425	123.29585876607
2482565	83.775	53.425	122.951688053924
2482957	103.375	53.425	131.74284952348
2488919	75.475	53.375	123.457113422307
2489085	83.775	53.375	122.951688053924
2489086	83.825	53.375	122.898094425465
2489477	103.375	53.375	131.134584361482
2491572	-117.875	53.325	121.252321245356
2491573	-117.825	53.325	121.288108072405
2495606	83.825	53.325	123.047238508933
2495997	103.375	53.325	129.933282555226
2498092	-117.875	53.275	121.42123562216
2501961	75.575	53.275	124.334765530107
2501962	75.625	53.275	124.296814798011
2502125	83.775	53.275	123.291722177942
2502517	103.375	53.275	129.599572237978
2508483	75.675	53.225	123.711437165082
2508645	83.775	53.225	123.463827881592
2508646	83.825	53.225	123.562974325559
2509037	103.375	53.225	130.109841661757
2515005	75.775	53.175	123.597026023659
2515166	83.825	53.175	123.435364192127
2515557	103.375	53.175	129.993083846392
2517649	-118.025	53.125	121.671808246923
2517650	-117.975	53.125	122.234800301295
2521525	75.775	53.125	123.929780209748
2521685	83.775	53.125	123.920227118115
2521686	83.825	53.125	123.59002176186
2521838	91.425	53.125	122.777632471888
2522077	103.375	53.125	128.87555789859
2524169	-118.025	53.075	122.038851503406
2528203	83.675	53.075	123.350955774831
2528204	83.725	53.075	123.431689071857
2528597	103.375	53.075	127.317939914809
2534570	76.025	53.025	124.079091056506
2534722	83.625	53.025	123.2720527079
2535117	103.375	53.025	128.67296198939
2541242	83.625	52.975	123.443730798781
2541399	91.475	52.975	122.51000487571
2541400	91.525	52.975	122.450748228597
2541637	103.375	52.975	128.980238910539
2541638	103.425	52.975	128.695754318591
2541639	103.475	52.975	129.515120723076
2541640	103.525	52.975	129.524693632034
2541641	103.575	52.975	129.229440359858
2547615	76.275	52.925	123.467080012063
2547618	76.425	52.925	123.550230496639
2547762	83.625	52.925	123.674154606064
2547919	91.475	52.925	121.979781700249
2548161	103.575	52.925	128.801291638673
2548162	103.625	52.925	128.690023168712
2548163	103.675	52.925	128.57967051633
2554137	76.375	52.875	123.589531227547
2554138	76.425	52.875	123.506504129134
2554139	76.475	52.875	123.420222464293
2554282	83.625	52.875	123.495563969349
2554683	103.675	52.875	128.085050583282
2554684	103.725	52.875	128.260627045974
2560660	76.525	52.825	123.700115446063
2560661	76.575	52.825	123.603851369512
2560802	83.625	52.825	123.36573636967
2560803	83.675	52.825	123.377513332136
2560956	91.325	52.825	126.373027899961
2560957	91.375	52.825	125.46182601538
2561204	103.725	52.825	127.325004735034
2567181	76.575	52.775	123.603851369512
2567182	76.625	52.775	123.067596900514
2567323	83.675	52.775	123.350198013379
2567476	91.325	52.775	126.23596202323
2567724	103.725	52.775	129.296153824815
2573702	76.625	52.725	123.197917469413
2573842	83.625	52.725	123.126806277023
2573843	83.675	52.725	123.152626389818
2573996	91.325	52.725	124.519971839015
2573997	91.375	52.725	123.646975651701
2574244	103.725	52.725	128.468812288721
2580223	76.675	52.675	123.147907186553
2580362	83.625	52.675	123.2815456629
2580363	83.675	52.675	123.123251309603
2580517	91.375	52.675	127.356222558454
2580518	91.425	52.675	127.541900699113
2580519	91.475	52.675	130.217042692072
2580520	91.525	52.675	127.382973352576
2580521	91.575	52.675	128.984646578406
2580522	91.625	52.675	128.814436405208
2580523	91.675	52.675	122.150867075486
2580524	91.725	52.675	125.085241241049
2580765	103.775	52.675	127.904471052798
2580766	103.825	52.675	127.817862162286
2580767	103.875	52.675	128.210741478471
2580768	103.925	52.675	127.474992776984
2586742	76.625	52.625	123.408777463664
2586882	83.625	52.625	123.192982622229
2587039	91.475	52.625	130.217042692072
2587044	91.725	52.625	129.830718387315
2587045	91.775	52.625	131.469101535792
2587048	91.925	52.625	126.787953919981
2587049	91.975	52.625	123.745805045405
2587053	92.175	52.625	125.769273997641
2587054	92.225	52.625	124.693683669834
2587288	103.925	52.625	127.474992776984
2593402	83.625	52.575	123.240174962236
2593564	91.725	52.575	127.271579894731
2593566	91.825	52.575	128.017596067551
2593567	91.875	52.575	126.741563385374
2593569	91.975	52.575	124.199642616328
2593570	92.025	52.575	125.263886996891
2593571	92.075	52.575	126.7687605948
2593572	92.125	52.575	125.51806820994
2593575	92.275	52.575	125.118846961365
2593576	92.325	52.575	125.332297339681
2593809	103.975	52.575	127.946164122054
2599785	76.775	52.525	123.109906776339
2599922	83.625	52.525	123.192594128616
2600095	92.275	52.525	126.564871096048
2600096	92.325	52.525	126.986464832705
2606443	83.675	52.475	123.24969018069
2606475	85.275	52.475	123.230314799206
2606476	85.325	52.475	123.140542655296
2606615	92.275	52.475	124.284568025081
2606616	92.325	52.475	123.452101893405
2606850	104.025	52.475	126.244734190217
2606851	104.075	52.475	127.166211110758
2612963	83.675	52.425	123.165115822567
2612977	84.375	52.425	123.306451034754
2612978	84.425	52.425	123.244365939507
2612979	84.475	52.425	123.354362169345
2612980	84.525	52.425	123.409101709872
2612981	84.575	52.425	123.321027860018
2612982	84.625	52.425	123.168461100032
2612983	84.675	52.425	123.20799380167
2612984	84.725	52.425	123.20831934192
2612985	84.775	52.425	123.314821185509
2612986	84.825	52.425	123.081506054321
2612987	84.875	52.425	123.115846250163
2612988	84.925	52.425	123.102280668354
2612989	84.975	52.425	122.873109681711
2612990	85.025	52.425	123.124100654081
2612999	85.475	52.425	123.261802725102
2613136	92.325	52.425	124.357296226019
2613137	92.375	52.425	124.869281199686
2613372	104.125	52.425	126.833908879471
2613373	104.175	52.425	126.453605509141
2619483	83.675	52.375	123.141357725739
2619484	83.725	52.375	123.225429701971
2619485	83.775	52.375	123.648959196705
2619486	83.825	52.375	123.519471234283
2619493	84.175	52.375	123.483465445139
2619494	84.225	52.375	123.154968542549
2619495	84.275	52.375	123.184248736208
2619496	84.325	52.375	123.176693429322
2619497	84.375	52.375	123.287986012445
2619657	92.375	52.375	124.325787370283
2619658	92.425	52.375	124.669780234042
2619659	92.475	52.375	124.447400489743
2619893	104.175	52.375	126.453605509141
2619894	104.225	52.375	125.226022620804
2619895	104.275	52.375	124.747706011046
2625867	76.875	52.325	122.942506111942
2625868	76.925	52.325	122.634624738872
2626007	83.875	52.325	123.235277954848
2626008	83.925	52.325	123.233099560242
2626009	83.975	52.325	123.232943549637
2626010	84.025	52.325	123.282962011006
2626011	84.075	52.325	123.297505874727
2626012	84.125	52.325	123.360027596728
2626013	84.175	52.325	123.261592779412
2626178	92.425	52.325	124.585920018837
2626179	92.475	52.325	123.982078712969
2632388	76.925	52.275	122.854761803491
2632698	92.425	52.275	124.231971355654
2632935	104.275	52.275	123.658255823045
2632936	104.325	52.275	123.909408921144
2632970	106.025	52.275	125.633170550579
2632971	106.075	52.275	126.78461684982
2632972	106.125	52.275	126.764201423954
2632973	106.175	52.275	128.797505989523
2632974	106.225	52.275	132.369201625342
2638908	76.925	52.225	123.025865935584
2639456	104.325	52.225	126.859441632442
2639457	104.375	52.225	130.010820713901
2639497	106.375	52.225	129.101610201106
2645428	76.925	52.175	122.987881791494
2645429	76.975	52.175	123.008621142836
2645736	92.325	52.175	128.076600215932
2645737	92.375	52.175	126.003909654946
2645978	104.425	52.175	130.580348804627
2646007	105.875	52.175	125.022275522927
2646008	105.925	52.175	124.928418516465
2651948	76.925	52.125	122.843640011727
2651949	76.975	52.125	122.981555479172
2652254	92.225	52.125	128.594530071042
2652255	92.275	52.125	130.049531990479
2652256	92.325	52.125	130.142717569744
2652499	104.475	52.125	130.289986254892
2652500	104.525	52.125	130.436745525072
2652542	106.625	52.125	129.238807282402
2652550	107.025	52.125	129.239087414206
2652559	107.475	52.125	127.758458383343
2658469	76.975	52.075	122.855757980154
2658772	92.125	52.075	126.659173576054
2658773	92.175	52.075	129.096445871892
2658774	92.225	52.075	130.282874854634
2659020	104.525	52.075	128.253798195305
2659021	104.575	52.075	129.860686033873
2659062	106.625	52.075	129.39197739907
2659067	106.875	52.075	129.187060709535
2659079	107.475	52.075	125.268177027574
2659080	107.525	52.075	124.897751667592
2664991	77.075	52.025	123.074796587347
2665290	92.025	52.025	124.692692625381
2665291	92.075	52.025	124.30872385104
2665292	92.125	52.025	127.951616146686
2665541	104.575	52.025	129.086209676893
2665542	104.625	52.025	127.518456595215
2665587	106.875	52.025	129.187060709535
2665599	107.475	52.025	123.952954769972
2671511	77.075	51.975	123.056991857549
2671512	77.125	51.975	123.059548387032
2671810	92.025	51.975	124.692692625381
2672062	104.625	51.975	128.043414918568
2672063	104.675	51.975	126.613056547557
2672064	104.725	51.975	127.038543823694
2678034	77.225	51.925	123.085907316257
2678035	77.275	51.925	123.103444568798
2678584	104.725	51.925	126.421409168557
2678585	104.775	51.925	123.877263805486
2678586	104.825	51.925	121.856222499084
2684557	77.375	51.875	123.199898075916
2685106	104.825	51.875	125.2597515947
2685160	107.525	51.875	123.632523299664
2691078	77.425	51.825	123.172305236832
2691626	104.825	51.825	128.107489151205
2697598	77.425	51.775	123.266567763117
2697599	77.475	51.775	123.19052695819
2698154	105.225	51.775	127.223153391584
2698200	107.525	51.775	126.568394710065
2698201	107.575	51.775	126.190236228547
2704118	77.425	51.725	123.185241818585
2704413	92.175	51.725	125.835455558005
2704671	105.075	51.725	127.378624682903
2704672	105.125	51.725	127.235419493865
2704673	105.175	51.725	127.252963373593
2704674	105.225	51.725	127.223153391584
2710638	77.425	51.675	123.194356495549
2710937	92.375	51.675	128.661391006398
2710938	92.425	51.675	133.848386746981
2717158	77.425	51.625	123.148087698587
2717458	92.425	51.625	134.069682813563
2717459	92.475	51.625	133.552444685312
2717462	92.625	51.625	130.864991354186
2717757	107.375	51.625	127.506425170559
2723679	77.475	51.575	123.220323441986
2723680	77.525	51.575	123.220323441986
2723982	92.625	51.575	130.697897526087
2723983	92.675	51.575	130.118066963586
2723984	92.725	51.575	129.052234198003
2723985	92.775	51.575	129.59083264575
2723987	92.875	51.575	129.388416488226
2723989	92.975	51.575	128.897180543359
2723990	93.025	51.575	128.013151598217
2723992	93.125	51.575	128.328266359305
2723993	93.175	51.575	128.66806150698
2723994	93.225	51.575	128.401894766062
2724276	107.325	51.575	127.033769308271
2724277	107.375	51.575	127.366982446317
2730199	77.475	51.525	123.295355233991
2730200	77.525	51.525	123.294610044668
2730201	77.575	51.525	123.230517185638
2736723	77.675	51.475	123.236804486133
2736724	77.725	51.475	123.256521997823
2743246	77.825	51.425	123.207858783544
2743673	99.175	51.425	128.92004812386
2743674	99.225	51.425	128.107259079303
2743675	99.275	51.425	129.092457174371
2743676	99.325	51.425	130.502015267287
2749766	77.825	51.375	123.243450166317
2749767	77.875	51.375	123.206289253669
2750196	99.325	51.375	130.392086220244
2750197	99.375	51.375	135.695932523027
2756287	77.875	51.325	123.208503845076
2756288	77.925	51.325	123.216869844522
2756717	99.375	51.325	135.695932523027
2762810	78.025	51.275	123.229877432452
2769758	99.425	51.225	128.186992329224
2775851	78.075	51.175	123.162421074966
2775852	78.125	51.175	123.176072671465
2782371	78.075	51.125	123.212689541527
2788892	78.125	51.075	123.214713751719
2795412	78.125	51.025	123.206410964533
2801933	78.175	50.975	123.122471696217
2801934	78.225	50.975	123.119661007578
2808454	78.225	50.925	123.129095138508
2808455	78.275	50.925	123.140085456784
2814975	78.275	50.875	123.139962407033
2814976	78.325	50.875	123.082683515881
2814977	78.375	50.875	123.099140622076
2821497	78.375	50.825	123.095016760531
2821498	78.425	50.825	123.111568399969
2821499	78.475	50.825	123.14149877301
2828020	78.525	50.775	123.039677402213
2828021	78.575	50.775	123.016159635015
2834541	78.575	50.725	123.015316023115
2834542	78.625	50.725	123.027504033429
2834543	78.675	50.725	123.154937401137
2841063	78.675	50.675	123.154538755595
2841064	78.725	50.675	123.133947002193
2841465	98.775	50.675	131.76263991307
2847585	78.775	50.625	123.08954861239
2847586	78.825	50.625	123.190883365005
2847587	78.875	50.625	123.041054248534
2847985	98.775	50.625	132.122708637724
2880215	80.275	50.375	122.69728954878
2880216	80.325	50.375	122.69728954878
2880231	81.075	50.375	123.159136369631
2880232	81.125	50.375	123.607605393118
2880233	81.175	50.375	123.798466688753
2886753	81.175	50.325	123.70461251744
2886754	81.225	50.325	125.496410020974
2886755	81.275	50.325	125.363307546284
2886756	81.325	50.325	125.207038651095
2886757	81.375	50.325	124.983072345452
2893281	81.575	50.275	123.764795886539
2893282	81.625	50.275	123.990392647305
2893284	81.725	50.275	123.876869934022
2899803	81.675	50.225	123.566562669485
2899804	81.725	50.225	123.261317544114
2899805	81.775	50.225	123.402892390154
2938944	82.725	49.925	123.236424011907
2938945	82.775	49.925	123.566278285964
2945464	82.725	49.875	122.873346863943
2945466	82.825	49.875	124.366453989276
2945467	82.875	49.875	124.153131177591
2951987	82.875	49.825	124.146614513096
2951988	82.925	49.825	123.783718669492
2958508	82.925	49.775	123.126560735872
2958509	82.975	49.775	123.143206731994
2965029	82.975	49.725	122.939270267245
2971554	83.225	49.675	122.034810577259
2971555	83.275	49.675	122.186102139892
2971556	83.325	49.675	122.646815018702
2978077	83.375	49.625	123.942284009273
2978078	83.425	49.625	124.461589822081
2984598	83.425	49.575	124.579738990031
2984599	83.475	49.575	125.338716612656
2984600	83.525	49.575	125.159743965773
2984601	83.575	49.575	124.721827735631
2991121	83.575	49.525	124.455570653711
2991122	83.625	49.525	124.593723516723
2997643	83.675	49.475	124.821572332976
2997644	83.725	49.475	125.016715114141
2997645	83.775	49.475	125.265879403335
2997646	83.825	49.475	125.186162259622
3004166	83.825	49.425	125.186162259622
3004167	83.875	49.425	124.633219883103
3004168	83.925	49.425	124.870775288157
3010688	83.925	49.375	124.925151737019
3010689	83.975	49.375	124.362990610702
3010690	84.025	49.375	123.916213409165
3017210	84.025	49.325	123.860830188748
3017211	84.075	49.325	124.374832847472
3023731	84.075	49.275	124.530502049632
3023732	84.125	49.275	125.42417657432
3023733	84.175	49.275	125.13131659194
3030253	84.175	49.225	126.120142660091
3030254	84.225	49.225	125.229411116435
3036774	84.225	49.175	125.098942837548
3043292	84.125	49.125	124.627428049542
3043293	84.175	49.125	124.439833553752
3043294	84.225	49.125	124.213540440114
3049808	83.925	49.075	125.262520288828
3049809	83.975	49.075	125.250950579801
3049810	84.025	49.075	125.345976309827
3049811	84.075	49.075	124.974850843483
3049812	84.125	49.075	124.627428049542
3056324	83.725	49.025	125.658985629471
3056325	83.775	49.025	125.436316335344
3056326	83.825	49.025	125.177220890021
3056327	83.875	49.025	124.977920104998
3056328	83.925	49.025	125.037822082755
3062841	83.575	48.975	125.954787723175
3062842	83.625	48.975	125.590999518952
3062843	83.675	48.975	125.504767182873
3062844	83.725	48.975	125.409653535701
3069360	83.525	48.925	125.607410392688
3069361	83.575	48.925	125.659478805403
3075879	83.475	48.875	125.90036994292
3075880	83.525	48.875	125.771997138846
3082398	83.425	48.825	125.832354626915
3082399	83.475	48.825	125.887492837367
3088918	83.425	48.775	124.6843401168
3095438	83.425	48.725	123.830819793692
3101958	83.425	48.675	123.732160596447
3101959	83.475	48.675	124.653871260719
3108479	83.475	48.625	125.547481304428
3114999	83.475	48.575	125.153663248136
3121519	83.475	48.525	124.600280962444
3128039	83.475	48.475	124.386029246147
3128040	83.525	48.475	124.670034195454
3134560	83.525	48.425	124.936108312935
3134561	83.575	48.425	124.56043745697
3141081	83.575	48.375	124.697545972914
3141082	83.625	48.375	124.742747602498
3147600	83.525	48.325	123.647325642628
3147601	83.575	48.325	124.400218717038
3154119	83.475	48.275	122.883425788128
3154120	83.525	48.275	123.046608088056
3160639	83.475	48.225	124.012367195697
3167160	83.525	48.175	124.042449438729
3173681	83.575	48.125	124.015288200541
3173682	83.625	48.125	124.042906093741
3180202	83.625	48.075	123.937831750647
3186762	85.625	48.025	122.765334778711
3193248	83.925	47.975	123.911792288732
3193249	83.975	47.975	123.866899259894
3193270	85.025	47.975	122.804028451293
3199770	84.025	47.925	123.945852886892
3199771	84.075	47.925	123.972002598846
3199790	85.025	47.925	122.864756223797
3212816	84.325	47.825	124.258143130442
3212820	84.525	47.825	123.762507361318
3297683	89.675	47.175	124.197666728928
3297684	89.725	47.175	124.153713435485
