date,year,month,day,Ob,Yenisey,Lena,Kolyma,Yukon,Mackenzie
2000/1/1,2000,1,1,,0.85104,0.273024,0.024624,,0.304992
2000/1/2,2000,1,2,,0.84672,0.27648,0.0251424,,0.31104
2000/1/3,2000,1,3,,0.84672,0.2808,0.0255744,,0.317088
2000/1/4,2000,1,4,,0.84672,0.284256,0.0252288,,0.321408
2000/1/5,2000,1,5,,0.84672,0.288576,0.0262656,,0.324864
2000/1/6,2000,1,6,,0.84672,0.292032,0.0268704,,0.329184
2000/1/7,2000,1,7,,0.84672,0.296352,0.026784,,0.333504
2000/1/8,2000,1,8,,0.84672,0.300672,0.0262656,,0.337824
2000/1/9,2000,1,9,,0.84672,0.304128,0.0258336,,0.342144
2000/1/10,2000,1,10,,0.84672,0.308448,0.0241056,,0.346464
2000/1/11,2000,1,11,,0.8424,0.311904,0.0241056,,0.349056
2000/1/12,2000,1,12,,0.8208,0.316224,0.02376,,0.351648
2000/1/13,2000,1,13,,0.8208,0.320544,0.0236736,,0.35424
2000/1/14,2000,1,14,,0.81216,0.324,0.0236736,,0.353376
2000/1/15,2000,1,15,,0.7992,0.32832,0.0222912,,0.352512
2000/1/16,2000,1,16,,0.78624,0.331776,0.0221184,,0.34992
2000/1/17,2000,1,17,,0.7776,0.336096,0.0221184,,0.347328
2000/1/18,2000,1,18,,0.77328,0.339552,0.0222912,,0.342144
2000/1/19,2000,1,19,,0.76896,0.343872,0.0223776,,0.337824
2000/1/20,2000,1,20,,0.76464,0.34128,0.0223776,,0.334368
2000/1/21,2000,1,21,,0.76464,0.339552,0.0209952,,0.330912
2000/1/22,2000,1,22,,0.76896,0.33696,0.0209952,,0.327456
2000/1/23,2000,1,23,,0.76896,0.334368,0.0209088,,0.325728
2000/1/24,2000,1,24,,0.76896,0.331776,0.0209088,,0.322272
2000/1/25,2000,1,25,,0.77328,0.330048,0.020736,,0.318816
2000/1/26,2000,1,26,,0.7776,0.327456,0.0204768,,0.317088
2000/1/27,2000,1,27,,0.78192,0.324864,0.0204768,,0.316224
2000/1/28,2000,1,28,,0.79488,0.322272,0.0204768,,0.314496
2000/1/29,2000,1,29,,0.7992,0.320544,0.0196128,,0.313632
2000/1/30,2000,1,30,,0.80352,0.317952,0.020304,,0.312768
2000/1/31,2000,1,31,,0.81216,0.31536,0.020304,,0.31104
2000/2/1,2000,2,1,,0.82944,0.320544,0.0200448,,0.310176
2000/2/2,2000,2,2,,0.82944,0.326592,0.020304,,0.309312
2000/2/3,2000,2,3,,0.83376,0.331776,0.0204768,,0.30672
2000/2/4,2000,2,4,,0.83808,0.337824,0.0195264,,0.304992
2000/2/5,2000,2,5,,0.84672,0.343008,0.019872,,0.301536
2000/2/6,2000,2,6,0.39312,0.84672,0.34128,0.0197856,,0.299808
2000/2/7,2000,2,7,0.3929472,0.85104,0.338688,0.01944,,0.298944
2000/2/8,2000,2,8,0.3914784,0.85104,0.33696,0.0197856,,0.296352
2000/2/9,2000,2,9,0.3912192,0.85104,0.334368,0.0199584,,0.29376
2000/2/10,2000,2,10,0.3910464,0.85104,0.33264,0.0184896,,0.291168
2000/2/11,2000,2,11,,0.85104,0.330048,0.0183168,,0.288576
2000/2/12,2000,2,12,,0.85104,0.32832,0.0186624,,0.286848
2000/2/13,2000,2,13,,0.84672,0.326592,0.0188352,,0.286848
2000/2/14,2000,2,14,,0.84672,0.324,0.0187488,,0.285984
2000/2/15,2000,2,15,,0.84672,0.322272,0.0187488,,0.283392
2000/2/16,2000,2,16,,0.84672,0.31968,0.01728,,0.281664
2000/2/17,2000,2,17,,0.8424,0.317952,0.01728,,0.2808
2000/2/18,2000,2,18,,0.83808,0.31536,0.01728,,0.2808
2000/2/19,2000,2,19,,0.83808,0.313632,0.01728,,0.279936
2000/2/20,2000,2,20,,0.8424,0.311904,0.01728,,0.277344
2000/2/21,2000,2,21,,0.8424,0.309312,0.0171936,,0.275616
2000/2/22,2000,2,22,,0.8424,0.307584,0.0171072,,0.274752
2000/2/23,2000,2,23,,0.8424,0.304992,0.0171072,,0.27216
2000/2/24,2000,2,24,,0.8424,0.303264,0.0152928,,0.270432
2000/2/25,2000,2,25,,0.83808,0.300672,0.0152064,,0.268704
2000/2/26,2000,2,26,,0.83376,0.298944,0.0150336,,0.26784
2000/2/27,2000,2,27,,0.82944,0.29808,0.0149472,,0.266976
2000/2/28,2000,2,28,,0.82512,0.297216,0.0148608,,0.266976
2000/2/29,2000,2,29,,0.8208,0.296352,0.014688,,0.266112
2000/3/1,2000,3,1,,0.83376,0.295488,0.014688,,0.266112
2000/3/2,2000,3,2,,0.80784,0.294624,0.0132192,,0.266112
2000/3/3,2000,3,3,,0.80352,0.292896,0.0131328,,0.266112
2000/3/4,2000,3,4,,0.7992,0.292032,0.0131328,,0.266976
2000/3/5,2000,3,5,,0.7992,0.291168,0.0131328,,0.268704
2000/3/6,2000,3,6,0.36288,0.79488,0.290304,0.0131328,,0.270432
2000/3/7,2000,3,7,0.3602016,0.79488,0.28944,0.0132192,,0.269568
2000/3/8,2000,3,8,0.3600288,0.79056,0.288576,0.013392,,0.270432
2000/3/9,2000,3,9,0.3597696,0.78624,0.287712,0.013392,,0.270432
2000/3/10,2000,3,10,0.3595968,0.78624,0.286848,0.013392,,0.271296
2000/3/11,2000,3,11,0.3592512,0.79056,0.285984,0.013392,,0.270432
2000/3/12,2000,3,12,0.3588192,0.79056,0.28512,0.0117504,,0.268704
2000/3/13,2000,3,13,0.3584736,0.79056,0.283392,0.0119232,,0.26784
2000/3/14,2000,3,14,0.3580416,0.79488,0.282528,0.0119232,,0.266976
2000/3/15,2000,3,15,0.357696,0.79488,0.281664,0.0119232,,0.266976
2000/3/16,2000,3,16,0.357264,0.79488,0.2808,0.0120096,,0.266112
2000/3/17,2000,3,17,0.35424,0.79488,0.279936,0.0121824,,0.265248
2000/3/18,2000,3,18,0.3539808,0.79488,0.279072,0.0122688,,0.265248
2000/3/19,2000,3,19,0.3513888,0.79056,0.278208,0.0122688,,0.26352
2000/3/20,2000,3,20,0.351216,0.78624,0.277344,0.0122688,,0.262656
2000/3/21,2000,3,21,0.3509568,0.78624,0.27648,0.0122688,,0.261792
2000/3/22,2000,3,22,0.35208,0.78192,0.275616,0.0108,,0.260928
2000/3/23,2000,3,23,0.3519072,0.7776,0.273888,0.0108,,0.260064
2000/3/24,2000,3,24,0.3504384,0.7776,0.273024,0.0108,,0.2592
2000/3/25,2000,3,25,0.3502656,0.77328,0.27216,0.0108,,0.258336
2000/3/26,2000,3,26,0.3500928,0.76896,0.271296,0.0107136,,0.2592
2000/3/27,2000,3,27,0.34992,0.76464,0.270432,0.0107136,,0.260928
2000/3/28,2000,3,28,0.3497472,0.76032,0.269568,0.0108,,0.262656
2000/3/29,2000,3,29,0.350784,0.76032,0.26784,0.0108,,0.266112
2000/3/30,2000,3,30,0.3481056,0.76032,0.265248,0.0108,,0.268704
2000/3/31,2000,3,31,0.3479328,0.756,0.26352,0.0108864,,0.27216
2000/4/1,2000,4,1,0.34776,0.756,0.261792,0.0108864,,0.274752
2000/4/2,2000,4,2,0.34776,0.756,0.2592,0.0109728,,0.279072
2000/4/3,2000,4,3,0.3476736,0.756,0.257472,0.0109728,,0.281664
2000/4/4,2000,4,4,0.3476736,0.75168,0.25488,0.0094176,,0.283392
2000/4/5,2000,4,5,0.3475872,0.75168,0.253152,0.0094176,,0.284256
2000/4/6,2000,4,6,0.3475872,0.75168,0.251424,0.0094176,,0.284256
2000/4/7,2000,4,7,0.3475008,0.75168,0.248832,0.0094176,,0.282528
2000/4/8,2000,4,8,0.3475008,0.75168,0.247104,0.0094176,,0.282528
2000/4/9,2000,4,9,0.3474144,0.75168,0.245376,0.0094176,,0.282528
2000/4/10,2000,4,10,0.3474144,0.75168,0.242784,0.0094176,,0.281664
2000/4/11,2000,4,11,0.3478464,0.74736,0.241056,0.009504,,0.281664
2000/4/12,2000,4,12,0.3483648,0.74736,0.238464,0.0095904,,0.282528
2000/4/13,2000,4,13,0.3487968,0.74736,0.236736,0.009504,,0.284256
2000/4/14,2000,4,14,0.3492288,0.74736,0.236736,0.009504,,0.286848
2000/4/15,2000,4,15,0.3497472,0.75168,0.235872,0.0094176,,0.28944
2000/4/16,2000,4,16,0.3501792,0.75168,0.235872,0.0094176,,0.292032
2000/4/17,2000,4,17,0.3506976,0.756,0.235872,0.009504,,0.294624
2000/4/18,2000,4,18,0.3511296,0.756,0.235008,0.009504,,0.297216
2000/4/19,2000,4,19,0.351648,0.756,0.235008,0.0095904,,0.298944
2000/4/20,2000,4,20,0.35208,0.76032,0.235008,0.0096768,,0.299808
2000/4/21,2000,4,21,0.381024,0.76032,0.235008,0.0095904,,0.299808
2000/4/22,2000,4,22,0.410832,0.775872,0.234144,0.009504,,0.298944
2000/4/23,2000,4,23,0.4413312,0.780192,0.234144,0.0094176,,0.29808
2000/4/24,2000,4,24,0.4726944,0.780192,0.234144,0.0078624,,0.296352
2000/4/25,2000,4,25,0.5047488,0.780192,0.23328,0.007776,,0.295488
2000/4/26,2000,4,26,0.5376672,0.800064,0.23328,0.0076896,,0.294624
2000/4/27,2000,4,27,0.5713632,0.804384,0.23328,0.0076896,,0.294624
2000/4/28,2000,4,28,0.6057504,0.804384,0.232416,0.0076896,,0.294624
2000/4/29,2000,4,29,0.6410016,0.819936,0.232416,0.0076032,,0.295488
2000/4/30,2000,4,30,0.6770304,0.828576,0.24192,0.0076032,,0.297216
2000/5/1,2000,5,1,0.72576,0.853632,0.251424,0.0075168,,0.299808
2000/5/2,2000,5,2,0.770688,0.858816,0.260928,0.0074304,,0.304128
2000/5/3,2000,5,3,0.8067168,0.88128,0.271296,0.0074304,,0.309312
2000/5/4,2000,5,4,0.8434368,0.88992,0.2808,0.0075168,,0.31968
2000/5/5,2000,5,5,0.880848,0.92448,0.290304,0.0075168,,0.333504
2000/5/6,2000,5,6,0.9215424,0.9504,0.299808,0.0075168,,0.403488
2000/5/7,2000,5,7,0.9630144,0.96768,0.304992,0.0075168,,0.489024
2000/5/8,2000,5,8,1.0132992,1.01088,0.310176,0.0075168,,0.584928
2000/5/9,2000,5,9,1.0591776,1.08,0.31536,0.0089856,,0.68256
2000/5/10,2000,5,10,1.1277792,1.14912,0.320544,0.0089856,,0.772416
2000/5/11,2000,5,11,1.1756448,1.18368,0.325728,0.0091584,,0.85536
2000/5/12,2000,5,12,1.23552,1.23552,0.330048,0.0093312,,0.93312
2000/5/13,2000,5,13,1.3042944,1.35648,0.335232,0.0094176,,1.0368
2000/5/14,2000,5,14,1.3748832,1.45152,0.340416,0.0109728,,1.10592
2000/5/15,2000,5,15,1.4504832,1.52928,0.3456,0.0109728,,1.18368
2000/5/16,2000,5,16,1.5971904,1.5984,0.350784,0.011232,,1.23552
2000/5/17,2000,5,17,1.7496,1.67616,0.409536,0.0141696,,1.27872
2000/5/18,2000,5,18,2.0004192,1.84032,0.467424,0.0160704,,1.31328
2000/5/19,2000,5,19,2.275344,2.04768,0.526176,0.0235872,,1.296
2000/5/20,2000,5,20,2.5125984,2.62656,0.584064,0.0295488,,1.24416
2000/5/21,2000,5,21,2.6017632,2.92032,1.14912,0.0422496,,1.18368
2000/5/22,2000,5,22,2.6411616,3.3264,2.30688,0.0636768,,1.15776
2000/5/23,2000,5,23,2.68704,3.57696,3.29184,0.106272,,1.17504
2000/5/24,2000,5,24,2.7093312,3.62016,4.30272,0.161568,,1.20096
2000/5/25,2000,5,25,2.7456192,3.91392,4.78656,0.311904,,1.22688
2000/5/26,2000,5,26,2.7808704,6.4368,7.09344,0.571968,,1.23552
2000/5/27,2000,5,27,2.8232064,7.92288,9.504,0.63504,,1.24416
2000/5/28,2000,5,28,2.8731456,8.8992,10.6272,0.733536,,1.22688
2000/5/29,2000,5,29,2.897424,10.8864,11.4048,0.861408,,1.19232
2000/5/30,2000,5,30,2.92032,11.4048,10.1088,1.01952,,1.22688
2000/5/31,2000,5,31,2.88576,9.8496,9.2448,1.33056,,1.24416
2000/6/1,2000,6,1,2.8512,9.6768,8.54496,1.63296,,1.27008
2000/6/2,2000,6,2,2.8512,9.7632,8.06976,1.728,,1.31328
2000/6/3,2000,6,3,2.79936,9.7632,7.63776,1.67616,,1.28736
2000/6/4,2000,6,4,2.77344,9.504,7.20576,1.73664,,1.2096
2000/6/5,2000,6,5,2.7648,9.1584,6.84288,1.61568,,1.15776
2000/6/6,2000,6,6,2.73024,8.8128,6.51456,1.512,,1.07136
2000/6/7,2000,6,7,2.69568,8.49312,6.264,1.4256,,1.06272
2000/6/8,2000,6,8,2.66112,8.17344,6.08256,1.27872,,1.08864
2000/6/9,2000,6,9,2.66112,7.91424,5.92704,1.19232,,1.13184
2000/6/10,2000,6,10,2.69568,7.62912,5.77152,1.10592,,1.17504
2000/6/11,2000,6,11,2.66112,7.28352,5.71104,1.0368,,1.18368
2000/6/12,2000,6,12,2.65248,6.92064,5.71104,0.95904,,1.2096
2000/6/13,2000,6,13,2.65248,6.58368,5.66784,0.89856,,1.23552
2000/6/14,2000,6,14,2.65248,6.23808,5.63328,0.847584,,1.26144
2000/6/15,2000,6,15,2.65248,5.8752,5.63328,0.800064,,1.27872
2000/6/16,2000,6,16,2.66112,5.58144,5.64192,0.76464,,1.31328
2000/6/17,2000,6,17,2.64384,5.16672,5.63328,0.722304,,1.37376
2000/6/18,2000,6,18,2.66112,4.7952,5.72832,0.703296,,1.43424
2000/6/19,2000,6,19,2.65248,4.51872,5.82336,0.687744,,1.512
2000/6/20,2000,6,20,2.66112,4.12992,5.84064,0.687744,,1.60704
2000/6/21,2000,6,21,2.66976,3.82752,5.69376,0.67392,,1.6848
2000/6/22,2000,6,22,2.64384,3.51648,5.59008,0.667008,,1.70208
2000/6/23,2000,6,23,2.61792,3.30048,5.47776,0.657504,,1.67616
2000/6/24,2000,6,24,2.61792,3.09312,5.39136,0.641952,,1.65024
2000/6/25,2000,6,25,2.60064,2.97216,5.23584,0.63072,,1.61568
2000/6/26,2000,6,26,2.57472,2.6784,5.07168,0.621216,,1.58112
2000/6/27,2000,6,27,2.55744,2.47104,4.93344,0.614304,,1.5552
2000/6/28,2000,6,28,2.5488,2.31552,4.85568,0.611712,,1.53792
2000/6/29,2000,6,29,2.5488,2.2464,4.82112,0.616896,,1.512
2000/6/30,2000,6,30,2.52288,2.17728,4.74336,0.625536,,1.4688
2000/7/1,2000,7,1,2.52288,2.09952,4.69152,0.628128,,1.43424
2000/7/2,2000,7,2,2.52288,2.03904,4.65696,0.632448,,1.40832
2000/7/3,2000,7,3,2.51424,1.97856,4.63968,0.623808,,1.41696
2000/7/4,2000,7,4,2.5056,1.88352,4.56192,0.594432,,1.39968
2000/7/5,2000,7,5,2.49696,1.79712,4.42368,0.553824,,1.40832
2000/7/6,2000,7,6,2.48832,1.70208,4.25088,0.52704,,1.44288
2000/7/7,2000,7,7,2.47104,1.65888,4.05216,0.560736,,1.4256
2000/7/8,2000,7,8,2.4624,1.5984,3.99168,0.580608,,1.4256
2000/7/9,2000,7,9,2.45376,1.54656,4.0176,0.598752,,1.4256
2000/7/10,2000,7,10,2.44512,1.49472,4.03488,0.611712,,1.45152
2000/7/11,2000,7,11,2.44512,1.48608,4.00032,0.63936,,1.43424
2000/7/12,2000,7,12,2.43648,1.45152,3.9744,0.6696,,1.39968
2000/7/13,2000,7,13,2.4192,1.3824,3.87072,0.667008,,1.3824
2000/7/14,2000,7,14,2.40192,1.52928,3.74112,0.646272,,1.35648
2000/7/15,2000,7,15,2.40192,1.62432,3.6288,0.614304,,1.34784
2000/7/16,2000,7,16,2.40192,1.63296,3.56832,0.584928,,1.34784
2000/7/17,2000,7,17,2.35872,1.66752,3.55104,0.553824,,1.33056
2000/7/18,2000,7,18,2.38464,1.78848,3.5856,0.521856,,1.33056
2000/7/19,2000,7,19,2.35872,1.944,3.64608,0.497664,,1.35648
2000/7/20,2000,7,20,2.35872,2.01312,3.7152,0.4752,,1.40832
2000/7/21,2000,7,21,2.35008,2.00448,3.78432,0.451008,,1.43424
2000/7/22,2000,7,22,2.3328,1.96992,3.83616,0.422496,,1.44288
2000/7/23,2000,7,23,2.31552,1.91808,3.7584,0.406944,,1.43424
2000/7/24,2000,7,24,2.31552,1.84896,3.63744,0.428544,,1.41696
2000/7/25,2000,7,25,2.28096,1.79712,3.51648,0.419904,,1.40832
2000/7/26,2000,7,26,2.28096,1.74528,3.37824,0.406944,,1.39968
2000/7/27,2000,7,27,2.2464,1.67616,3.24864,0.391392,,1.41696
2000/7/28,2000,7,28,2.26368,1.60704,3.1536,0.376704,,1.39104
2000/7/29,2000,7,29,2.25072,1.56384,3.1104,0.357696,,1.34784
2000/7/30,2000,7,30,2.23776,1.61568,3.08448,0.340416,,1.296
2000/7/31,2000,7,31,2.21184,1.67616,3.07584,0.317088,,1.28736
2000/8/1,2000,8,1,2.16,1.6848,3.04128,0.29808,,1.34784
2000/8/2,2000,8,2,2.1168,1.65024,2.98944,0.283392,,1.4256
2000/8/3,2000,8,3,2.0952,1.61568,2.95488,0.286848,,1.50336
2000/8/4,2000,8,4,2.0736,1.5552,2.94624,0.324864,,1.50336
2000/8/5,2000,8,5,2.04768,1.49472,2.95488,0.342144,,1.43424
2000/8/6,2000,8,6,2.02176,1.45152,2.9808,0.336096,,1.3824
2000/8/7,2000,8,7,1.95264,1.40832,3.04128,0.330912,,1.34784
2000/8/8,2000,8,8,1.89216,1.3824,3.16224,0.324864,,1.34784
2000/8/9,2000,8,9,1.84032,1.34784,3.17952,0.31968,,1.39104
2000/8/10,2000,8,10,1.77984,1.3392,3.21408,0.311904,,1.39104
2000/8/11,2000,8,11,1.71072,1.33056,3.26592,0.31968,,1.36512
2000/8/12,2000,8,12,1.65888,1.3392,3.29184,0.34992,,1.3392
2000/8/13,2000,8,13,1.61136,1.3392,3.29184,0.372384,,1.30464
2000/8/14,2000,8,14,1.56384,1.31328,3.29184,0.406944,,1.2528
2000/8/15,2000,8,15,1.50336,1.30464,3.25728,0.452736,,1.22688
2000/8/16,2000,8,16,1.4688,1.28736,3.20544,0.499392,,1.19232
2000/8/17,2000,8,17,1.4256,1.296,3.13632,0.52704,,1.19232
2000/8/18,2000,8,18,1.41696,1.33056,3.04128,0.54,,1.20096
2000/8/19,2000,8,19,1.41696,1.40832,2.9376,0.54432,,1.2096
2000/8/20,2000,8,20,1.3795488,1.48608,2.83392,0.558144,,1.21824
2000/8/21,2000,8,21,1.3420512,1.53792,2.69568,0.578016,,1.2096
2000/8/22,2000,8,22,1.30464,1.5552,2.52288,0.598752,,1.20096
2000/8/23,2000,8,23,1.296,1.54656,2.39328,0.616896,,1.18368
2000/8/24,2000,8,24,1.28304,1.52064,2.2896,0.621216,,1.1664
2000/8/25,2000,8,25,1.27008,1.48608,2.22048,0.618624,,1.1664
2000/8/26,2000,8,26,1.24416,1.45152,2.16864,0.614304,,1.1664
2000/8/27,2000,8,27,1.24416,1.4256,2.13408,0.609984,,1.14912
2000/8/28,2000,8,28,1.23552,1.39968,2.08224,0.618624,,1.1664
2000/8/29,2000,8,29,1.17504,1.37376,2.05632,0.657504,,1.1664
2000/8/30,2000,8,30,1.15776,1.35648,2.08224,0.701568,,1.1664
2000/8/31,2000,8,31,1.1232,1.3392,2.13408,0.73008,,1.15776
2000/9/1,2000,9,1,1.08864,1.34784,2.19456,0.742176,,1.14048
2000/9/2,2000,9,2,1.06272,1.3824,2.35008,0.742176,,1.13184
2000/9/3,2000,9,3,1.05408,1.3824,2.48832,0.739584,,1.14048
2000/9/4,2000,9,4,1.04544,1.39104,2.60064,0.742176,,1.14912
2000/9/5,2000,9,5,1.02816,1.39104,2.71296,0.739584,,1.14912
2000/9/6,2000,9,6,1.00224,1.39104,2.78208,0.724896,,1.14912
2000/9/7,2000,9,7,0.97632,1.4256,2.85984,0.696384,,1.15776
2000/9/8,2000,9,8,0.9504,1.44288,2.8944,0.655776,,1.14912
2000/9/9,2000,9,9,0.96768,1.46016,2.88576,0.603072,,1.14048
2000/9/10,2000,9,10,0.97632,1.48608,2.82528,0.560736,,1.11456
2000/9/11,2000,9,11,1.0368,1.47744,2.73888,0.53568,,1.11456
2000/9/12,2000,9,12,1.07136,1.47744,2.68704,0.497664,,1.10592
2000/9/13,2000,9,13,1.0368,1.49472,2.60928,0.438048,,1.09728
2000/9/14,2000,9,14,0.98496,1.512,2.48832,0.3888,,1.10592
2000/9/15,2000,9,15,0.94176,1.52928,2.39328,0.374112,,1.08864
2000/9/16,2000,9,16,0.93312,1.56384,2.3328,0.38016,,1.08
2000/9/17,2000,9,17,0.93312,1.5984,2.25504,0.38016,,1.08
2000/9/18,2000,9,18,0.91584,1.60704,2.16864,0.34992,,1.07136
2000/9/19,2000,9,19,0.91584,1.62432,2.13408,0.351648,,1.05408
2000/9/20,2000,9,20,0.91584,1.6416,2.12544,0.364608,,1.04544
2000/9/21,2000,9,21,0.93312,1.74528,2.14272,0.359424,,1.02816
2000/9/22,2000,9,22,0.9504,1.77984,2.22048,0.348192,,1.01952
2000/9/23,2000,9,23,0.95904,1.79712,2.28096,0.329184,,1.01952
2000/9/24,2000,9,24,0.97632,1.79712,2.376,0.317088,,1.01952
2000/9/25,2000,9,25,0.98496,1.74528,2.52288,0.307584,,1.00224
2000/9/26,2000,9,26,0.94176,1.70208,2.60064,0.311904,,1.00224
2000/9/27,2000,9,27,0.88992,1.67616,2.65248,0.329184,,1.00224
2000/9/28,2000,9,28,0.84672,1.6416,2.66112,0.3456,,1.00224
2000/9/29,2000,9,29,0.8478432,1.63296,2.6352,0.340416,,1.00224
2000/9/30,2000,9,30,0.8490528,1.62432,2.592,0.3456,,1.00224
2000/10/1,2000,10,1,0.850176,1.60704,2.54016,0.338688,,1.00224
2000/10/2,2000,10,2,0.853632,1.5984,2.48832,0.321408,,0.9936
2000/10/3,2000,10,3,0.860544,1.61568,2.45376,0.307584,,0.9936
2000/10/4,2000,10,4,0.87264,1.61568,2.41056,0.304128,,0.97632
2000/10/5,2000,10,5,0.89856,1.61568,2.376,0.313632,,0.96768
2000/10/6,2000,10,6,0.815616,1.5984,2.30688,0.307584,,0.96768
2000/10/7,2000,10,7,0.81216,1.58976,2.25504,0.291168,,0.95904
2000/10/8,2000,10,8,0.802656,1.58112,2.21184,0.27216,,0.93312
2000/10/9,2000,10,9,0.808704,1.54656,2.17728,0.262656,,0.91584
2000/10/10,2000,10,10,0.836352,1.52928,2.16,0.256608,,0.9072
2000/10/11,2000,10,11,0.839808,1.512,2.12544,0.199584,,0.88992
2000/10/12,2000,10,12,0.84672,1.47744,2.14272,0.175392,,0.88992
2000/10/13,2000,10,13,0.853632,1.46016,2.13408,0.16848,,0.88128
2000/10/14,2000,10,14,0.815616,1.45152,2.02176,0.160704,,0.88128
2000/10/15,2000,10,15,0.819072,1.43424,1.92672,0.154656,,0.88128
2000/10/16,2000,10,16,0.819072,1.41696,1.7712,0.141696,,0.87264
2000/10/17,2000,10,17,0.7992,1.32192,1.62432,0.127008,,0.864
2000/10/18,2000,10,18,0.832896,1.2096,1.52064,0.113184,,0.864
2000/10/19,2000,10,19,0.88128,1.14912,1.39968,0.101088,,0.85968
2000/10/20,2000,10,20,0.88128,1.06272,1.30464,0.089856,,0.862272
2000/10/21,2000,10,21,0.88128,0.9936,1.296,0.0795744,,0.85536
2000/10/22,2000,10,22,0.88128,0.94176,1.23552,0.0737856,,0.85104
2000/10/23,2000,10,23,0.88128,0.91584,1.14912,0.0584928,,0.84672
2000/10/24,2000,10,24,0.88128,0.9072,1.0368,0.0637632,,0.83808
2000/10/25,2000,10,25,0.88992,0.864,0.840672,0.0585792,,0.83376
2000/10/26,2000,10,26,0.8789472,0.88128,0.743904,0.0554688,,0.8208
2000/10/27,2000,10,27,0.8757504,0.92448,0.625536,0.0516672,,0.81216
2000/10/28,2000,10,28,0.8557056,1.00224,0.616896,0.0474336,,0.7992
2000/10/29,2000,10,29,0.8436096,1.1664,0.607392,0.0457056,,0.79488
2000/10/30,2000,10,30,0.823392,1.22688,0.598752,0.0435456,,0.77328
2000/10/31,2000,10,31,0.90072,1.27872,0.589248,0.041472,,0.76032
2000/11/1,2000,11,1,0.9072864,1.24416,0.573696,0.0430272,,0.74736
2000/11/2,2000,11,2,0.8767872,1.1664,0.559008,0.0443232,,0.72576
2000/11/3,2000,11,3,0.8465472,1.19232,0.543456,0.0425088,,0.7128
2000/11/4,2000,11,4,0.7965216,1.11456,0.528768,0.040608,,0.69984
2000/11/5,2000,11,5,0.7610976,1.09728,0.513216,0.0376704,,0.67392
2000/11/6,2000,11,6,0.7072704,1.07136,0.498528,0.0369792,,0.65664
2000/11/7,2000,11,7,0.6615648,1.04544,0.482976,0.0366336,,0.63936
2000/11/8,2000,11,8,0.6174144,1.0368,0.467424,0.0366336,,0.62208
2000/11/9,2000,11,9,0.5688576,1.01088,0.452736,0.035424,,0.59616
2000/11/10,2000,11,10,0.5256576,0.9936,0.437184,0.0335232,,0.57024
2000/11/11,2000,11,11,0.513648,1.01088,0.422496,0.0325728,,0.536544
2000/11/12,2000,11,12,0.5017248,1.01088,0.406944,0.0316224,,0.489024
2000/11/13,2000,11,13,0.4975776,1.00224,0.40176,0.0333504,,0.447552
2000/11/14,2000,11,14,0.4935168,0.9936,0.395712,0.0368064,,0.407808
2000/11/15,2000,11,15,0.4889376,0.96768,0.390528,0.0356832,,0.364608
2000/11/16,2000,11,16,0.4848768,0.96768,0.38448,0.0348192,,0.343872
2000/11/17,2000,11,17,0.4791744,0.9504,0.379296,0.0335232,,0.331776
2000/11/18,2000,11,18,0.47304,0.9504,0.374112,0.0330048,,0.324864
2000/11/19,2000,11,19,0.467424,0.93312,0.368064,0.0348192,,0.325728
2000/11/20,2000,11,20,0.4618944,0.92448,0.36288,0.0386208,,0.330048
2000/11/21,2000,11,21,0.4595616,0.92448,0.357696,0.0417312,,0.338688
2000/11/22,2000,11,22,0.4551552,0.89856,0.351648,0.0396576,,0.351648
2000/11/23,2000,11,23,0.4511808,0.88128,0.346464,0.0370656,,0.36288
2000/11/24,2000,11,24,0.4472928,0.860544,0.340416,0.0317952,,0.370656
2000/11/25,2000,11,25,0.4434912,0.85536,0.335232,0.0353376,,0.373248
2000/11/26,2000,11,26,0.4478976,0.845856,0.338688,0.0333504,,0.372384
2000/11/27,2000,11,27,0.4486752,0.8208,0.342144,0.0326592,,0.366336
2000/11/28,2000,11,28,0.4493664,0.81648,0.3456,0.0321408,,0.355968
2000/11/29,2000,11,29,0.450576,0.81216,0.34992,0.0300672,,0.34128
2000/11/30,2000,11,30,0.4512672,0.792288,0.353376,0.0300672,,0.324
2000/12/1,2000,12,1,0.4539456,0.787968,0.356832,0.0296352,,0.308448
2000/12/2,2000,12,2,0.4529952,0.782784,0.360288,0.028944,,0.292032
2000/12/3,2000,12,3,0.4525632,0.778464,0.363744,0.028512,,0.275616
2000/12/4,2000,12,4,0.450144,0.774144,0.3672,0.0283392,,0.265248
2000/12/5,2000,12,5,0.4476384,0.759456,0.37152,0.028944,,0.260928
2000/12/6,2000,12,6,0.4472064,0.755136,0.374976,0.0278208,,0.26352
2000/12/7,2000,12,7,0.4500576,0.759456,0.378432,0.027216,,0.269568
2000/12/8,2000,12,8,0.4495392,0.763776,0.381888,0.027216,,0.279072
2000/12/9,2000,12,9,0.4470336,0.763776,0.385344,0.0296352,,0.291168
2000/12/10,2000,12,10,0.4426272,0.753408,0.3888,0.0298944,,0.30672
2000/12/11,2000,12,11,0.4420224,0.762048,0.39312,0.0294624,,0.31968
2000/12/12,2000,12,12,0.441504,0.766368,0.396576,0.0285984,,0.331776
2000/12/13,2000,12,13,0.438912,0.766368,0.400032,0.0268704,,0.344736
2000/12/14,2000,12,14,0.4378752,0.771552,0.403488,0.0268704,,0.351648
2000/12/15,2000,12,15,0.4353696,0.780192,0.406944,0.0268704,,0.346464
2000/12/16,2000,12,16,0.432864,0.784512,0.4104,0.0268704,,0.333504
2000/12/17,2000,12,17,0.430272,0.784512,0.41472,0.0264384,,0.317088
2000/12/18,2000,12,18,0.426384,0.788832,0.418176,0.0277344,,0.298944
2000/12/19,2000,12,19,0.4238784,0.793152,0.421632,0.0281664,,0.279072
2000/12/20,2000,12,20,0.4213728,0.797472,0.425088,0.0283392,,0.261792
2000/12/21,2000,12,21,0.4170528,0.79056,0.424224,0.0265248,,0.247968
2000/12/22,2000,12,22,0.4128192,0.79488,0.424224,0.027216,,0.240192
2000/12/23,2000,12,23,0.4084992,0.80352,0.42336,0.0290304,,0.239328
2000/12/24,2000,12,24,0.4042656,0.80784,0.422496,0.0290304,,0.243648
2000/12/25,2000,12,25,0.400464,0.81216,0.421632,0.0271296,,0.252288
2000/12/26,2000,12,26,0.3980448,0.8208,0.421632,0.0269568,,0.26352
2000/12/27,2000,12,27,0.3920832,0.83808,0.420768,0.0266112,,0.278208
2000/12/28,2000,12,28,0.388368,0.8424,0.419904,0.0264384,,0.292896
2000/12/29,2000,12,29,0.3868992,0.8424,0.41904,0.0262656,,0.305856
2000/12/30,2000,12,30,0.384912,0.84672,0.41904,0.0244512,,0.316224
2000/12/31,2000,12,31,0.3821472,0.84672,0.418176,0.0239328,,0.32832
2001/1/1,2001,1,1,0.35856,0.84672,0.417312,0.0273024,,0.33696
2001/1/2,2001,1,2,0.356832,0.84672,0.417312,0.0265248,,0.346464
2001/1/3,2001,1,3,0.35424,0.85104,0.416448,0.0257472,,0.35424
2001/1/4,2001,1,4,0.352512,0.85968,0.415584,0.0249696,,0.36288
2001/1/5,2001,1,5,0.34992,0.864,0.41472,0.024192,,0.369792
2001/1/6,2001,1,6,0.348192,0.87264,0.41472,0.0234144,,0.377568
2001/1/7,2001,1,7,0.346464,0.87264,0.413856,0.0234144,,0.385344
2001/1/8,2001,1,8,0.3456,0.87264,0.412992,0.024192,,0.392256
2001/1/9,2001,1,9,0.343872,0.87264,0.412992,0.0249696,,0.39744
2001/1/10,2001,1,10,0.342144,0.864,0.412128,0.0257472,,0.40176
2001/1/11,2001,1,11,0.340416,0.85968,0.411264,0.0292032,,0.40608
2001/1/12,2001,1,12,0.338688,0.85536,0.4104,0.03024,,0.4104
2001/1/13,2001,1,13,0.337824,0.85536,0.4104,0.03024,,0.412992
2001/1/14,2001,1,14,0.336096,0.85536,0.409536,0.0297216,,0.415584
2001/1/15,2001,1,15,0.334368,0.85536,0.408672,0.0290304,,0.418176
2001/1/16,2001,1,16,0.33264,0.85104,0.407808,0.028512,,0.418176
2001/1/17,2001,1,17,0.331776,0.84672,0.407808,0.02808,,0.419904
2001/1/18,2001,1,18,0.330048,0.84672,0.406944,0.0275616,,0.419904
2001/1/19,2001,1,19,0.32832,0.84672,0.400032,0.0269568,,0.419904
2001/1/20,2001,1,20,0.326592,0.84672,0.39312,0.0262656,,0.419904
2001/1/21,2001,1,21,0.324864,0.83808,0.386208,0.0261792,,0.41904
2001/1/22,2001,1,22,0.324,0.83376,0.379296,0.0261792,,0.419904
2001/1/23,2001,1,23,0.322272,0.83376,0.372384,0.026352,,0.418176
2001/1/24,2001,1,24,0.320544,0.83376,0.365472,0.0264384,,0.417312
2001/1/25,2001,1,25,0.318816,0.83376,0.35856,0.0266112,,0.416448
2001/1/26,2001,1,26,0.317952,0.83376,0.351648,0.026784,,0.415584
2001/1/27,2001,1,27,0.316224,0.83808,0.344736,0.0265248,,0.41472
2001/1/28,2001,1,28,0.31536,0.83808,0.337824,0.0260064,,0.412992
2001/1/29,2001,1,29,0.313632,0.83808,0.330912,0.0255744,,0.412992
2001/1/30,2001,1,30,0.312768,0.8424,0.327456,0.0251424,,0.412128
2001/1/31,2001,1,31,0.31104,0.8424,0.324,0.025056,,0.409536
2001/2/1,2001,2,1,0.310176,0.84672,0.320544,0.0255744,,0.407808
2001/2/2,2001,2,2,0.308448,0.84672,0.317088,0.0251424,,0.40608
2001/2/3,2001,2,3,0.307584,0.84672,0.313632,0.0252288,,0.404352
2001/2/4,2001,2,4,0.305856,0.85104,0.310176,0.0251424,,0.40176
2001/2/5,2001,2,5,0.304992,0.85536,0.30672,0.0248832,,0.399168
2001/2/6,2001,2,6,0.303264,0.85536,0.3024,0.0247968,,0.395712
2001/2/7,2001,2,7,0.303264,0.85536,0.298944,0.0247104,,0.392256
2001/2/8,2001,2,8,0.303264,0.85968,0.295488,0.0248832,,0.389664
2001/2/9,2001,2,9,0.303264,0.864,0.292032,0.0254016,,0.387936
2001/2/10,2001,2,10,0.303264,0.864,0.288576,0.0253152,,0.385344
2001/2/11,2001,2,11,0.303264,0.85968,0.28512,0.0243648,,0.38448
2001/2/12,2001,2,12,0.303264,0.85968,0.281664,0.0235008,,0.383616
2001/2/13,2001,2,13,0.303264,0.85536,0.278208,0.0232416,,0.382752
2001/2/14,2001,2,14,0.303264,0.85104,0.273024,0.0228096,,0.381888
2001/2/15,2001,2,15,0.303264,0.85104,0.26784,0.0225504,,0.38016
2001/2/16,2001,2,16,0.303264,0.84672,0.262656,0.0226368,,0.38016
2001/2/17,2001,2,17,0.304128,0.8424,0.257472,0.0222912,,0.38016
2001/2/18,2001,2,18,0.304128,0.83808,0.252288,0.022032,,0.378432
2001/2/19,2001,2,19,0.304128,0.83808,0.247104,0.0216,,0.376704
2001/2/20,2001,2,20,0.304128,0.83376,0.24192,0.021168,,0.373248
2001/2/21,2001,2,21,0.304128,0.82944,0.2376,0.0209952,,0.373248
2001/2/22,2001,2,22,0.304128,0.82512,0.232416,0.0214272,,0.372384
2001/2/23,2001,2,23,0.304128,0.8208,0.227232,0.021168,,0.37152
2001/2/24,2001,2,24,0.304128,0.81648,0.222048,0.020736,,0.368928
2001/2/25,2001,2,25,0.304128,0.8208,0.216864,0.0203904,,0.368064
2001/2/26,2001,2,26,0.304128,0.8208,0.21168,0.0200448,,0.365472
2001/2/27,2001,2,27,0.304128,0.82512,0.206496,0.0196992,,0.36288
2001/2/28,2001,2,28,0.301536,0.82512,0.205632,0.0195264,,0.360288
2001/3/1,2001,3,1,0.298944,0.82512,0.203904,0.0192672,,0.35856
2001/3/2,2001,3,2,0.295488,0.82944,0.20304,0.0190944,,0.355968
2001/3/3,2001,3,3,0.292896,0.82944,0.201312,0.0190944,,0.352512
2001/3/4,2001,3,4,0.290304,0.82944,0.200448,0.0190944,,0.348192
2001/3/5,2001,3,5,0.287712,0.82944,0.19872,0.0190944,,0.3456
2001/3/6,2001,3,6,0.28512,0.82944,0.197856,0.0189216,,0.348192
2001/3/7,2001,3,7,0.282528,0.83376,0.196128,0.0189216,,0.356832
2001/3/8,2001,3,8,0.279072,0.83376,0.195264,0.0187488,,0.356832
2001/3/9,2001,3,9,0.27648,0.82944,0.193536,0.018576,,0.356832
2001/3/10,2001,3,10,0.273888,0.82944,0.192672,0.0187488,,0.356832
2001/3/11,2001,3,11,0.271296,0.83376,0.190944,0.0190944,,0.357696
2001/3/12,2001,3,12,0.271296,0.83376,0.19008,0.01944,,0.35856
2001/3/13,2001,3,13,0.271296,0.83376,0.188352,0.01944,,0.359424
2001/3/14,2001,3,14,0.271296,0.82944,0.187488,0.01944,,0.359424
2001/3/15,2001,3,15,0.27216,0.82944,0.18576,0.0192672,,0.35856
2001/3/16,2001,3,16,0.27216,0.82944,0.184896,0.0190944,,0.35856
2001/3/17,2001,3,17,0.27216,0.82512,0.183168,0.0189216,,0.356832
2001/3/18,2001,3,18,0.27216,0.8208,0.182304,0.0190944,,0.355104
2001/3/19,2001,3,19,0.27216,0.81648,0.180576,0.0192672,,0.35424
2001/3/20,2001,3,20,0.27216,0.81216,0.178848,0.01944,,0.353376
2001/3/21,2001,3,21,0.27216,0.80784,0.177984,0.0196992,,0.352512
2001/3/22,2001,3,22,0.27216,0.80352,0.176256,0.019872,,0.350784
2001/3/23,2001,3,23,0.273024,0.7992,0.174528,0.0200448,,0.34992
2001/3/24,2001,3,24,0.273024,0.79488,0.173664,0.0200448,,0.347328
2001/3/25,2001,3,25,0.273024,0.79488,0.171936,0.0200448,,0.346464
2001/3/26,2001,3,26,0.273024,0.79056,0.171072,0.0200448,,0.3456
2001/3/27,2001,3,27,0.270432,0.79056,0.169344,0.0202176,,0.344736
2001/3/28,2001,3,28,0.268704,0.79056,0.167616,0.0200448,,0.343872
2001/3/29,2001,3,29,0.266112,0.78624,0.166752,0.0200448,,0.343008
2001/3/30,2001,3,30,0.26352,0.78624,0.165024,0.0200448,,0.342144
2001/3/31,2001,3,31,0.260928,0.78624,0.165024,0.0200448,,0.34128
2001/4/1,2001,4,1,0.2592,0.79056,0.16416,0.0200448,0.1125792,0.340416
2001/4/2,2001,4,2,0.256608,0.79056,0.16416,0.0202176,0.1125792,0.339552
2001/4/3,2001,4,3,0.254016,0.79056,0.163296,0.0202176,0.1125792,0.338688
2001/4/4,2001,4,4,0.252288,0.79056,0.163296,0.0203904,0.1125792,0.337824
2001/4/5,2001,4,5,0.249696,0.79056,0.162432,0.0203904,0.1125792,0.337824
2001/4/6,2001,4,6,0.247104,0.78624,0.162432,0.0203904,0.1125792,0.33696
2001/4/7,2001,4,7,0.245376,0.78624,0.161568,0.0205632,0.1125792,0.33696
2001/4/8,2001,4,8,0.242784,0.78624,0.161568,0.020736,0.1125792,0.33696
2001/4/9,2001,4,9,0.240192,0.78192,0.160704,0.020736,0.1125792,0.33696
2001/4/10,2001,4,10,0.2376,0.78192,0.160704,0.020736,0.1125792,0.337824
2001/4/11,2001,4,11,0.235872,0.7776,0.15984,0.0209088,0.1125792,0.337824
2001/4/12,2001,4,12,0.23328,0.7776,0.15984,0.0209088,0.1125792,0.338688
2001/4/13,2001,4,13,0.2376,0.7776,0.163296,0.0209088,0.1125792,0.338688
2001/4/14,2001,4,14,0.242784,0.7776,0.167616,0.0209088,0.1125792,0.339552
2001/4/15,2001,4,15,0.247104,0.7776,0.171072,0.0209088,0.1125792,0.340416
2001/4/16,2001,4,16,0.251424,0.7776,0.175392,0.0210816,0.1125792,0.34128
2001/4/17,2001,4,17,0.256608,0.78192,0.178848,0.0209088,0.1125792,0.342144
2001/4/18,2001,4,18,0.260928,0.78192,0.183168,0.020736,0.1125792,0.343008
2001/4/19,2001,4,19,0.265248,0.7776,0.186624,0.0205632,0.1174176,0.343872
2001/4/20,2001,4,20,0.269568,0.7776,0.190944,0.0205632,0.1174176,0.344736
2001/4/21,2001,4,21,0.274752,0.78192,0.1944,0.0205632,0.1174176,0.3456
2001/4/22,2001,4,22,0.279072,0.78192,0.19872,0.0205632,0.1174176,0.347328
2001/4/23,2001,4,23,0.283392,0.78192,0.202176,0.020736,0.1174176,0.349056
2001/4/24,2001,4,24,0.288576,0.78624,0.205632,0.0205632,0.1174176,0.350784
2001/4/25,2001,4,25,0.292896,0.78624,0.209952,0.0205632,0.1223424,0.352512
2001/4/26,2001,4,26,0.312768,0.78624,0.213408,0.0203904,0.1223424,0.35424
2001/4/27,2001,4,27,0.322272,0.78624,0.217728,0.0203904,0.1223424,0.355104
2001/4/28,2001,4,28,0.343872,0.79056,0.221184,0.0202176,0.1223424,0.357696
2001/4/29,2001,4,29,0.359424,0.79056,0.225504,0.0202176,0.1345248,0.35856
2001/4/30,2001,4,30,0.382752,0.7992,0.22896,0.0202176,0.1345248,0.360288
2001/5/1,2001,5,1,0.413856,0.80784,0.23328,0.0202176,0.1345248,0.361152
2001/5/2,2001,5,2,0.4536,0.81216,0.236736,0.0202176,0.1467936,0.363744
2001/5/3,2001,5,3,0.497664,0.81648,0.241056,0.0202176,0.1467936,0.366336
2001/5/4,2001,5,4,0.57024,0.8208,0.244512,0.0202176,0.1590624,0.370656
2001/5/5,2001,5,5,0.637632,0.83376,0.24192,0.0202176,0.1590624,0.377568
2001/5/6,2001,5,6,0.703296,0.85104,0.239328,0.0202176,0.1712448,0.387072
2001/5/7,2001,5,7,0.787968,0.864,0.236736,0.0200448,0.1835136,0.40176
2001/5/8,2001,5,8,0.862272,0.88128,0.234144,0.019872,0.195696,0.420768
2001/5/9,2001,5,9,0.92448,0.89856,0.231552,0.0202176,0.2079648,0.44496
2001/5/10,2001,5,10,0.98496,0.9072,0.22896,0.0205632,0.2202336,0.477792
2001/5/11,2001,5,11,1.05408,0.92448,0.2376,0.0261792,0.232416,0.5184
2001/5/12,2001,5,12,1.13184,0.93312,0.24624,0.0330912,0.2446848,0.572832
2001/5/13,2001,5,13,1.21824,0.9504,0.25488,0.0428544,0.269136,0.645408
2001/5/14,2001,5,14,1.28736,0.96768,0.264384,0.0612576,0.2935872,0.732672
2001/5/15,2001,5,15,1.3824,0.98496,0.273024,0.0836352,0.3180384,0.821664
2001/5/16,2001,5,16,1.49472,0.98496,0.281664,0.1165536,0.3424896,0.89856
2001/5/17,2001,5,17,1.62432,1.00224,0.290304,0.1583712,0.3670272,0.95904
2001/5/18,2001,5,18,1.77984,1.01088,0.360288,0.2197152,0.3914784,1.00224
2001/5/19,2001,5,19,1.96992,1.0368,0.481248,0.3259008,0.4403808,1.04544
2001/5/20,2001,5,20,2.00448,1.06272,0.647136,0.4105728,0.4892832,1.08864
2001/5/21,2001,5,21,2.0736,1.13184,0.793152,0.5206464,0.5138208,1.1664
2001/5/22,2001,5,22,2.16864,1.50336,0.9504,0.703296,0.5627232,1.21824
2001/5/23,2001,5,23,2.23776,1.86624,1.1664,0.9051264,0.6116256,1.3392
2001/5/24,2001,5,24,2.39328,1.90944,1.48608,1.0717056,0.6850656,1.4688
2001/5/25,2001,5,25,2.70432,1.944,1.8576,1.2848544,0.7828704,1.46016
2001/5/26,2001,5,26,2.85984,2.42784,2.36736,1.5981408,0.8807616,1.45152
2001/5/27,2001,5,27,2.94624,2.75616,3.16224,2.343168,0.9786528,1.48608
2001/5/28,2001,5,28,3.024,4.08672,4.00032,2.1344256,1.0764576,1.53792
2001/5/29,2001,5,29,3.08448,6.45408,4.74336,1.9752768,1.2232512,1.62432
2001/5/30,2001,5,30,3.10176,8.19072,5.65056,1.8927648,1.4190336,1.60704
2001/5/31,2001,5,31,3.09312,10.4544,7.45632,1.9019232,1.663632,1.48608
2001/6/1,2001,6,1,3.09312,13.2192,10.1952,1.888272,1.8104256,1.43424
2001/6/2,2001,6,2,3.08448,14.3424,11.4048,1.8522432,1.8594144,1.54656
2001/6/3,2001,6,3,3.1104,13.2192,11.9232,1.7900352,1.9083168,1.65024
2001/6/4,2001,6,4,3.12768,12.3552,12.096,1.7159904,1.9572192,1.73664
2001/6/5,2001,6,5,3.08448,12.0096,12.3552,1.6268256,1.9083168,1.71936
2001/6/6,2001,6,6,3.07584,12.096,12.8736,1.5769728,1.8276192,1.92672
2001/6/7,2001,6,7,3.0672,12.096,10.8,1.5157152,1.8006624,1.92672
2001/6/8,2001,6,8,3.05856,11.1456,10.1952,1.408752,1.78848,1.90944
2001/6/9,2001,6,9,3.03264,10.6272,9.4176,1.2909888,1.766448,1.97856
2001/6/10,2001,6,10,3.01536,10.1952,8.7264,1.115856,1.7615232,2.06496
2001/6/11,2001,6,11,3.01536,9.8496,7.98336,0.973296,1.7615232,2.16
2001/6/12,2001,6,12,3.024,9.6768,7.20576,0.9229248,1.766448,2.2032
2001/6/13,2001,6,13,3.024,9.3312,6.79968,0.886032,1.7688672,2.22048
2001/6/14,2001,6,14,3.03264,8.21664,6.51456,0.87696,1.78848,2.21184
2001/6/15,2001,6,15,3.01536,7.68096,6.12576,0.870912,1.8300384,2.17728
2001/6/16,2001,6,16,3.024,7.17984,5.81472,0.8500032,1.8862848,2.13408
2001/6/17,2001,6,17,3.024,6.67872,5.60736,0.8176032,1.9548,2.12544
2001/6/18,2001,6,18,2.9808,6.33312,5.25312,0.7802784,1.9964448,2.13408
2001/6/19,2001,6,19,2.96352,5.8752,5.20128,0.763344,2.0404224,2.13408
2001/6/20,2001,6,20,2.97216,5.4,5.11488,0.7605792,2.0991744,2.13408
2001/6/21,2001,6,21,2.97216,5.10624,5.03712,0.7859808,2.1162816,2.16864
2001/6/22,2001,6,22,2.9808,4.76064,4.91616,0.8089632,2.0991744,2.12544
2001/6/23,2001,6,23,2.98944,4.4064,4.74336,0.826416,2.0894112,2.09952
2001/6/24,2001,6,24,2.98944,4.13856,4.6224,0.8381664,2.1162816,2.0736
2001/6/25,2001,6,25,2.99808,3.91392,4.46688,0.8559648,2.1358944,2.02176
2001/6/26,2001,6,26,2.99808,3.7152,4.29408,0.87696,2.1407328,1.95264
2001/6/27,2001,6,27,2.95488,3.57696,4.08672,0.89208,2.1358944,1.87488
2001/6/28,2001,6,28,2.92896,3.48192,3.8448,0.8982144,2.1309696,1.82304
2001/6/29,2001,6,29,2.92032,3.36096,3.6288,0.8982144,2.1333888,1.75392
2001/6/30,2001,6,30,2.91168,3.24,3.42144,0.89208,2.0747232,1.70208
2001/7/1,2001,7,1,2.91168,3.10176,3.20544,0.87696,1.9939392,1.65888
2001/7/2,2001,7,2,2.90304,2.91168,3.024,0.8500032,1.910736,1.62432
2001/7/3,2001,7,3,2.88576,2.83392,2.88576,0.7973856,1.8251136,1.58976
2001/7/4,2001,7,4,2.86848,2.74752,2.7648,0.7549632,1.7712864,1.58112
2001/7/5,2001,7,5,2.8512,2.69568,2.66112,0.70848,1.722384,1.58112
2001/7/6,2001,7,6,2.83392,2.62656,2.56608,0.663552,1.663632,1.54656
2001/7/7,2001,7,7,2.808,2.56608,2.48832,0.6252768,1.6049664,1.52928
2001/7/8,2001,7,8,2.79936,2.52288,2.42784,0.5955552,1.5437952,1.52064
2001/7/9,2001,7,9,2.79936,2.49696,2.35008,0.5713632,1.489968,1.52928
2001/7/10,2001,7,10,2.79936,2.49696,2.26368,0.5455296,1.43856,1.54656
2001/7/11,2001,7,11,2.79936,2.4624,2.2032,0.5112288,1.3872384,1.56384
2001/7/12,2001,7,12,2.79936,2.38464,2.16,0.4783104,1.3358304,1.58112
2001/7/13,2001,7,13,2.79072,2.30688,2.15136,0.4403808,1.2844224,1.5984
2001/7/14,2001,7,14,2.79072,2.22912,2.12544,0.4003776,1.2379392,1.61568
2001/7/15,2001,7,15,2.78208,2.2032,2.09952,0.3553632,1.1939616,1.60704
2001/7/16,2001,7,16,2.77344,2.16864,2.09952,0.3306528,1.1523168,1.57248
2001/7/17,2001,7,17,2.7648,2.15136,2.12544,0.3289248,1.1278656,1.52928
2001/7/18,2001,7,18,2.73024,2.0736,2.10816,0.3271968,1.1205216,1.48608
2001/7/19,2001,7,19,2.70432,1.97856,2.09088,0.3254688,1.1107584,1.44288
2001/7/20,2001,7,20,2.69568,1.87488,2.0736,0.3341088,1.1083392,1.40832
2001/7/21,2001,7,21,2.68704,1.83168,2.01312,0.3341088,1.1058336,1.41696
2001/7/22,2001,7,22,2.6784,1.8144,1.93536,0.3446496,1.1009952,1.45152
2001/7/23,2001,7,23,2.6784,1.80576,1.86624,0.3553632,1.0960704,1.49472
2001/7/24,2001,7,24,2.69568,1.80576,1.80576,0.3608064,1.0887264,1.53792
2001/7/25,2001,7,25,2.69568,1.79712,1.74528,0.3500064,1.0789632,1.5552
2001/7/26,2001,7,26,2.69568,1.78848,1.71936,0.3375648,1.0666944,1.58112
2001/7/27,2001,7,27,2.64384,1.75392,1.6848,0.3341088,1.0520064,1.63296
2001/7/28,2001,7,28,2.62656,1.73664,1.66752,0.3323808,1.039824,1.75392
2001/7/29,2001,7,29,2.6352,1.71072,1.6416,0.3289248,1.03248,1.88352
2001/7/30,2001,7,30,2.64384,1.65888,1.62432,0.3254688,1.025136,1.96128
2001/7/31,2001,7,31,2.592,1.62432,1.60704,0.3237408,1.0226304,1.93536
2001/8/1,2001,8,1,2.58336,1.6416,1.58976,0.3186432,1.017792,1.8576
2001/8/2,2001,8,2,2.58336,1.67616,1.58976,0.2971296,1.017792,1.77984
2001/8/3,2001,8,3,2.58336,1.70208,1.65888,0.2796768,1.0226304,1.728
2001/8/4,2001,8,4,2.61792,1.71072,1.7712,0.2629152,1.0348992,1.65888
2001/8/5,2001,8,5,2.60928,1.728,1.97856,0.2526336,1.047168,1.57248
2001/8/6,2001,8,6,2.592,1.71072,2.1168,0.2356128,1.0642752,1.50336
2001/8/7,2001,8,7,2.56608,1.6416,2.16864,0.2179872,1.0813824,1.4256
2001/8/8,2001,8,8,2.55744,1.5552,2.23776,0.2300832,1.0960704,1.36512
2001/8/9,2001,8,9,2.55744,1.512,2.2464,0.2153952,1.1107584,1.33056
2001/8/10,2001,8,10,2.55744,1.47744,2.23776,0.2219616,1.1205216,1.296
2001/8/11,2001,8,11,2.56608,1.47744,2.18592,0.2140992,1.1229408,1.27008
2001/8/12,2001,8,12,2.61792,1.52928,2.12544,0.2128032,1.1181024,1.24416
2001/8/13,2001,8,13,2.64384,1.54656,2.0736,0.2260224,1.1083392,1.2096
2001/8/14,2001,8,14,2.61792,1.5552,2.05632,0.232848,1.0960704,1.18368
2001/8/15,2001,8,15,2.60928,1.58112,2.0736,0.2369952,1.0911456,1.1664
2001/8/16,2001,8,16,2.6352,1.58112,2.1168,0.2614464,1.0863072,1.1664
2001/8/17,2001,8,17,2.6352,1.57248,2.15136,0.2614464,1.0764576,1.14912
2001/8/18,2001,8,18,2.64384,1.5552,2.16864,0.25704,1.0642752,1.14048
2001/8/19,2001,8,19,2.62656,1.54656,2.22048,0.245376,1.0520064,1.11456
2001/8/20,2001,8,20,2.61792,1.52928,2.2896,0.2369952,1.054512,1.09728
2001/8/21,2001,8,21,2.61792,1.71072,2.35872,0.2439936,1.0422432,1.08
2001/8/22,2001,8,22,2.62656,1.79712,2.40192,0.2599776,1.0348992,1.06272
2001/8/23,2001,8,23,2.57472,1.87488,2.44512,0.270432,1.039824,1.0368
2001/8/24,2001,8,24,2.5488,1.9008,2.43648,0.290736,1.054512,1.01952
2001/8/25,2001,8,25,2.52288,1.9008,2.41056,0.3102624,1.0691136,1.01088
2001/8/26,2001,8,26,2.49696,1.88352,2.35008,0.313632,1.0838016,1.01088
2001/8/27,2001,8,27,2.45376,1.84896,2.26368,0.311904,1.1034144,1.01088
2001/8/28,2001,8,28,2.39328,1.78848,2.15136,0.2971296,1.1155968,1.01088
2001/8/29,2001,8,29,2.376,1.73664,2.02176,0.2827872,1.1302848,1.01952
2001/8/30,2001,8,30,2.38464,1.67616,1.9008,0.2719872,1.1376288,1.0368
2001/8/31,2001,8,31,2.35872,1.61568,1.80576,0.2644704,1.1425536,1.06272
2001/9/1,2001,9,1,2.32416,1.62432,1.75392,0.2644704,1.1401344,1.08864
2001/9/2,2001,9,2,2.25504,1.6848,1.70208,0.2644704,1.1376288,1.11456
2001/9/3,2001,9,3,2.19456,1.73664,1.6848,0.2765664,1.1229408,1.1232
2001/9/4,2001,9,4,2.14272,1.75392,1.67616,0.311904,1.1058336,1.14048
2001/9/5,2001,9,5,2.03904,1.75392,1.6416,0.348192,1.0887264,1.17504
2001/9/6,2001,9,6,1.96128,1.74528,1.63296,0.3553632,1.0716192,1.20096
2001/9/7,2001,9,7,1.9008,1.728,1.61568,0.3553632,1.0495872,1.21824
2001/9/8,2001,9,8,1.78848,1.71936,1.63296,0.3535488,1.0202112,1.2096
2001/9/9,2001,9,9,1.71072,1.71072,1.63296,0.348192,0.9933408,1.18368
2001/9/10,2001,9,10,1.63296,1.71072,1.6416,0.3306528,0.9688032,1.18368
2001/9/11,2001,9,11,1.5552,1.71936,1.65024,0.303696,0.9468576,1.17504
2001/9/12,2001,9,12,1.48608,1.71072,1.65024,0.2891808,0.9272448,1.18368
2001/9/13,2001,9,13,1.44288,1.69344,1.65888,0.281232,0.9125568,1.2096
2001/9/14,2001,9,14,1.39104,1.65888,1.62432,0.2922912,0.8954496,1.21824
2001/9/15,2001,9,15,1.36512,1.63296,1.58112,0.3306528,0.8807616,1.2096
2001/9/16,2001,9,16,1.32192,1.56384,1.56384,0.3428352,0.8684928,1.17504
2001/9/17,2001,9,17,1.27872,1.5552,1.52928,0.3608064,0.8612352,1.13184
2001/9/18,2001,9,18,1.22688,1.52928,1.47744,0.3868992,0.8513856,1.09728
2001/9/19,2001,9,19,1.19232,1.4688,1.44288,0.422064,0.8392032,1.07136
2001/9/20,2001,9,20,1.18368,1.44288,1.39104,0.4869504,0.8342784,1.05408
2001/9/21,2001,9,21,1.14912,1.43424,1.37376,0.5157216,0.8318592,1.04544
2001/9/22,2001,9,22,1.13184,1.4256,1.3824,0.517968,0.8293536,1.02816
2001/9/23,2001,9,23,1.11456,1.41696,1.39968,0.5023296,0.8220096,1.01088
2001/9/24,2001,9,24,1.11456,1.41696,1.44288,0.4718304,0.8171712,1.00224
2001/9/25,2001,9,25,1.10592,1.41696,1.47744,0.4180896,0.8024832,0.9936
2001/9/26,2001,9,26,1.08864,1.40832,1.50336,0.3888,0.785376,0.9936
2001/9/27,2001,9,27,1.07136,1.39968,1.50336,0.3608064,0.7681824,0.9936
2001/9/28,2001,9,28,1.07136,1.39104,1.48608,0.3411072,0.756,0.98496
2001/9/29,2001,9,29,1.10592,1.3824,1.4688,0.3237408,0.7437312,0.98496
2001/9/30,2001,9,30,1.10592,1.3824,1.45152,0.3053376,0.7290432,0.9936
2001/10/1,2001,10,1,1.07136,1.37376,1.4256,0.281232,0.7095168,0.9936
2001/10/2,2001,10,2,1.0368,1.37376,1.35648,0.245376,0.6850656,1.01952
2001/10/3,2001,10,3,1.00224,1.37376,1.28736,0.2300832,0.6850656,1.02816
2001/10/4,2001,10,4,0.98496,1.39104,1.24416,0.2356128,0.7095168,1.0368
2001/10/5,2001,10,5,0.98496,1.4256,1.22688,0.2356128,0.6850656,1.0368
2001/10/6,2001,10,6,0.98496,1.43424,1.2096,0.2356128,0.6606144,1.04544
2001/10/7,2001,10,7,0.98496,1.44288,1.08864,0.2411424,0.6360768,1.04544
2001/10/8,2001,10,8,0.98496,1.46016,1.01088,0.2526336,0.6116256,1.0368
2001/10/9,2001,10,9,0.98496,1.53792,0.91584,0.243648,0.5871744,1.02816
2001/10/10,2001,10,10,0.9936,1.57248,0.844992,0.2137536,0.5627232,1.01088
2001/10/11,2001,10,11,1.01088,1.5984,0.79488,0.1889568,0.538272,1.00224
2001/10/12,2001,10,12,1.01088,1.5984,0.739584,0.1718496,0.5138208,0.9936
2001/10/13,2001,10,13,1.00224,1.5552,0.718848,0.1608768,0.5138208,0.98496
2001/10/14,2001,10,14,1.01088,1.53792,0.741312,0.1504224,0.4892832,0.96768
2001/10/15,2001,10,15,1.00224,1.52928,0.787104,0.139536,0.4892832,0.95904
2001/10/16,2001,10,16,1.00224,1.49472,0.844992,0.1234656,0.464832,0.95904
2001/10/17,2001,10,17,1.00224,1.45152,0.89856,0.1156032,0.464832,0.93312
2001/10/18,2001,10,18,1.01088,1.43424,0.94176,0.1061856,0.4403808,0.92448
2001/10/19,2001,10,19,1.00224,1.4256,0.95904,0.098064,0.4403808,0.92448
2001/10/20,2001,10,20,1.00224,1.40832,0.92448,0.0916704,0.4159296,0.92448
2001/10/21,2001,10,21,1.00224,1.39968,0.856224,0.0886464,0.4159296,0.88992
2001/10/22,2001,10,22,0.98496,1.3824,0.763776,0.0891648,0.3914784,0.88128
2001/10/23,2001,10,23,0.97632,1.30464,0.741312,0.0861408,0.3914784,0.87264
2001/10/24,2001,10,24,0.96768,1.24416,0.700704,0.0825984,0.3670272,0.854496
2001/10/25,2001,10,25,0.96768,1.2096,0.6696,0.0798336,0.3670272,0.835488
2001/10/26,2001,10,26,0.9504,1.14912,0.609984,0.0765504,0.3670272,0.8208
2001/10/27,2001,10,27,0.9504,1.11456,0.568512,0.0715392,0.3424896,0.80352
2001/10/28,2001,10,28,0.93312,1.08864,0.527904,0.0694656,0.3424896,0.7776
2001/10/29,2001,10,29,0.91584,1.06272,0.486432,0.0679104,0.3424896,0.75168
2001/10/30,2001,10,30,0.91584,1.0368,0.445824,0.0686016,0.3180384,0.7344
2001/10/31,2001,10,31,0.9072,1.04544,0.404352,0.0674784,0.3180384,0.70848
2001/11/1,2001,11,1,0.88992,1.0368,0.382752,0.0654912,0.3180384,0.6912
2001/11/2,2001,11,2,0.88992,1.04544,0.361152,0.0607392,0.2935872,0.6696
2001/11/3,2001,11,3,0.89856,1.05408,0.339552,0.06048,0.2935872,0.648
2001/11/4,2001,11,4,0.88992,1.08,0.317952,0.0642816,0.2935872,0.62208
2001/11/5,2001,11,5,0.88128,1.07136,0.296352,0.0603072,0.2935872,0.59616
2001/11/6,2001,11,6,0.88128,1.19232,0.273888,0.058752,0.269136,0.57888
2001/11/7,2001,11,7,0.857088,1.32192,0.252288,0.056592,0.269136,0.55296
2001/11/8,2001,11,8,0.837216,1.40832,0.230688,0.0533952,0.269136,0.53568
2001/11/9,2001,11,9,0.810432,1.47744,0.209088,0.050112,0.269136,0.5184
2001/11/10,2001,11,10,0.80352,1.512,0.187488,0.0476064,0.2446848,0.50544
2001/11/11,2001,11,11,0.78624,1.50336,0.186624,0.0455328,0.2446848,0.49248
2001/11/12,2001,11,12,0.769824,1.4688,0.186624,0.0451872,0.2446848,0.4752
2001/11/13,2001,11,13,0.76032,1.40832,0.18576,0.0447552,0.2446848,0.46224
2001/11/14,2001,11,14,0.750816,1.3392,0.18576,0.0425952,0.232416,0.451872
2001/11/15,2001,11,15,0.731808,1.33056,0.184896,0.0403488,0.232416,0.442368
2001/11/16,2001,11,16,0.729216,1.33056,0.184896,0.0385344,0.232416,0.432
2001/11/17,2001,11,17,0.72576,1.27872,0.184032,0.0376704,0.2202336,0.42336
2001/11/18,2001,11,18,0.722304,1.27008,0.184032,0.0392256,0.2202336,0.419904
2001/11/19,2001,11,19,0.718848,1.24416,0.183168,0.041904,0.2202336,0.41904
2001/11/20,2001,11,20,0.718848,1.2096,0.182304,0.0422496,0.2079648,0.41904
2001/11/21,2001,11,21,0.709344,1.2096,0.182304,0.0441504,0.2079648,0.421632
2001/11/22,2001,11,22,0.692928,1.19232,0.18144,0.043632,0.2079648,0.425952
2001/11/23,2001,11,23,0.677376,1.18368,0.18144,0.0431136,0.2079648,0.428544
2001/11/24,2001,11,24,0.667872,1.15776,0.180576,0.043632,0.2079648,0.432
2001/11/25,2001,11,25,0.661824,1.14912,0.180576,0.0442368,0.195696,0.432
2001/11/26,2001,11,26,0.65232,1.13184,0.179712,0.0448416,0.195696,0.428544
2001/11/27,2001,11,27,0.636768,1.10592,0.179712,0.046656,0.1835136,0.424224
2001/11/28,2001,11,28,0.636768,1.09728,0.178848,0.0460512,0.1835136,0.420768
2001/11/29,2001,11,29,0.621216,1.08864,0.180576,0.0463968,0.1835136,0.41904
2001/11/30,2001,11,30,0.621216,1.06272,0.18144,0.0461376,0.1712448,0.419904
2001/12/1,2001,12,1,0.606528,1.06272,0.183168,0.047088,0.1712448,0.417312
2001/12/2,2001,12,2,0.606528,1.06272,0.184032,0.0495936,0.1712448,0.406944
2001/12/3,2001,12,3,0.595296,1.05408,0.18576,0.0486432,0.1712448,0.386208
2001/12/4,2001,12,4,0.595296,1.04544,0.186624,0.047088,0.1590624,0.356832
2001/12/5,2001,12,5,0.59616,1.01088,0.188352,0.0450144,0.1590624,0.321408
2001/12/6,2001,12,6,0.603072,1.00224,0.189216,0.0444096,0.1590624,0.3024
2001/12/7,2001,12,7,0.609984,0.9936,0.190944,0.0435456,0.1590624,0.2808
2001/12/8,2001,12,8,0.616896,0.9936,0.191808,0.0432864,0.1590624,0.26352
2001/12/9,2001,12,9,0.622944,0.98496,0.193536,0.041904,0.1590624,0.25056
2001/12/10,2001,12,10,0.629856,0.98496,0.1944,0.0408672,0.1590624,0.240192
2001/12/11,2001,12,11,0.636768,0.96768,0.196128,0.0400896,0.1467936,0.23328
2001/12/12,2001,12,12,0.64368,0.94176,0.196992,0.039312,0.1467936,0.22896
2001/12/13,2001,12,13,0.650592,0.92448,0.19872,0.0385344,0.1467936,0.226368
2001/12/14,2001,12,14,0.657504,0.91584,0.199584,0.037584,0.1467936,0.22464
2001/12/15,2001,12,15,0.664416,0.93312,0.201312,0.0394848,0.1467936,0.22464
2001/12/16,2001,12,16,0.670464,0.92448,0.202176,0.0477792,0.1467936,0.226368
2001/12/17,2001,12,17,0.677376,0.9072,0.203904,0.0477792,0.1467936,0.22896
2001/12/18,2001,12,18,0.684288,0.89856,0.204768,0.0471744,0.1467936,0.23328
2001/12/19,2001,12,19,0.6912,0.88992,0.206496,0.0468288,0.1467936,0.24192
2001/12/20,2001,12,20,0.688608,0.88128,0.20736,0.0452736,0.1467936,0.25056
2001/12/21,2001,12,21,0.686016,0.87264,0.20736,0.0396576,0.1467936,0.257472
2001/12/22,2001,12,22,0.683424,0.87264,0.208224,0.0399168,0.1467936,0.26784
2001/12/23,2001,12,23,0.680832,0.864,0.208224,0.03888,0.1345248,0.27648
2001/12/24,2001,12,24,0.67824,0.85536,0.209088,0.037584,0.1345248,0.286848
2001/12/25,2001,12,25,0.675648,0.8424,0.209088,0.0373248,0.1345248,0.3024
2001/12/26,2001,12,26,0.673056,0.82944,0.209952,0.0373248,0.1345248,0.318816
2001/12/27,2001,12,27,0.670464,0.8208,0.210816,0.0365472,0.1345248,0.33696
2001/12/28,2001,12,28,0.667872,0.81648,0.210816,0.036288,0.1345248,0.353376
2001/12/29,2001,12,29,0.66528,0.81216,0.21168,0.0353376,0.1345248,0.370656
2001/12/30,2001,12,30,0.662688,0.81216,0.21168,0.0353376,0.1345248,0.387072
2001/12/31,2001,12,31,0.660096,0.80784,0.212544,0.0350784,0.1345248,0.400896
2002/1/1,2002,1,1,0.657504,0.80352,0.216864,0.0252288,0.1345248,0.412992
2002/1/2,2002,1,2,0.655776,0.80352,0.222048,0.025056,0.1345248,0.420768
2002/1/3,2002,1,3,0.653184,0.80352,0.226368,0.025056,0.1345248,0.426816
2002/1/4,2002,1,4,0.650592,0.80352,0.230688,0.0252288,0.1345248,0.431136
2002/1/5,2002,1,5,0.648,0.81216,0.235872,0.0252288,0.1345248,0.435456
2002/1/6,2002,1,6,0.645408,0.82944,0.240192,0.0254016,0.1345248,0.43632
2002/1/7,2002,1,7,0.642816,0.8424,0.244512,0.0260928,0.1345248,0.438912
2002/1/8,2002,1,8,0.640224,0.85536,0.249696,0.0300672,0.1345248,0.44064
2002/1/9,2002,1,9,0.637632,0.864,0.254016,0.0307584,0.1345248,0.443232
2002/1/10,2002,1,10,0.63504,0.87264,0.2592,0.031968,0.1345248,0.445824
2002/1/11,2002,1,11,0.632448,0.88992,0.26352,0.0317952,0.1345248,0.448416
2002/1/12,2002,1,12,0.629856,0.89856,0.26784,0.0297216,0.1223424,0.452736
2002/1/13,2002,1,13,0.627264,0.9072,0.273024,0.0271296,0.1223424,0.456192
2002/1/14,2002,1,14,0.624672,0.91584,0.277344,0.0262656,0.1223424,0.459648
2002/1/15,2002,1,15,0.62208,0.94176,0.281664,0.02592,0.1223424,0.461376
2002/1/16,2002,1,16,0.619488,0.9504,0.286848,0.02592,0.1223424,0.46224
2002/1/17,2002,1,17,0.614304,0.9504,0.291168,0.0273888,0.1223424,0.46224
2002/1/18,2002,1,18,0.608256,0.95904,0.287712,0.0273888,0.1223424,0.46224
2002/1/19,2002,1,19,0.603072,0.97632,0.283392,0.0262656,0.1223424,0.460512
2002/1/20,2002,1,20,0.597024,0.9936,0.279936,0.0251424,0.1223424,0.459648
2002/1/21,2002,1,21,0.59184,0.9936,0.275616,0.0251424,0.1223424,0.458784
2002/1/22,2002,1,22,0.585792,0.9936,0.27216,0.02376,0.1223424,0.459648
2002/1/23,2002,1,23,0.580608,1.00224,0.26784,0.022896,0.1223424,0.45792
2002/1/24,2002,1,24,0.57456,1.01088,0.266976,0.0223776,0.1223424,0.456192
2002/1/25,2002,1,25,0.569376,1.00224,0.266112,0.0221184,0.1223424,0.455328
2002/1/26,2002,1,26,0.563328,0.9936,0.264384,0.0221184,0.1223424,0.454464
2002/1/27,2002,1,27,0.558144,0.9936,0.26352,0.0217728,0.1223424,0.454464
2002/1/28,2002,1,28,0.552096,0.9936,0.262656,0.0213408,0.1174176,0.4536
2002/1/29,2002,1,29,0.546912,0.9936,0.261792,0.0213408,0.1174176,0.452736
2002/1/30,2002,1,30,0.540864,0.98496,0.260928,0.0213408,0.1174176,0.451872
2002/1/31,2002,1,31,0.53568,0.98496,0.260064,0.0213408,0.1174176,0.451008
2002/2/1,2002,2,1,0.529632,0.98496,0.258336,0.0213408,0.1174176,0.44928
2002/2/2,2002,2,2,0.524448,0.97632,0.257472,0.0213408,0.1174176,0.448416
2002/2/3,2002,2,3,0.5184,0.97632,0.256608,0.0214272,0.1174176,0.447552
2002/2/4,2002,2,4,0.513216,0.97632,0.255744,0.0214272,0.1174176,0.445824
2002/2/5,2002,2,5,0.507168,0.97632,0.25488,0.0213408,0.1174176,0.444096
2002/2/6,2002,2,6,0.501984,0.96768,0.253152,0.021168,0.1174176,0.443232
2002/2/7,2002,2,7,0.495936,0.96768,0.252288,0.021168,0.1174176,0.442368
2002/2/8,2002,2,8,0.49248,0.96768,0.251424,0.021168,0.1174176,0.44064
2002/2/9,2002,2,9,0.48816,0.96768,0.25056,0.0208224,0.1125792,0.438912
2002/2/10,2002,2,10,0.484704,0.96768,0.249696,0.0219456,0.1125792,0.437184
2002/2/11,2002,2,11,0.481248,0.96768,0.247968,0.0221184,0.1125792,0.43632
2002/2/12,2002,2,12,0.477792,0.96768,0.247104,0.0217728,0.1125792,0.435456
2002/2/13,2002,2,13,0.473472,0.96768,0.24624,0.0217728,0.1125792,0.434592
2002/2/14,2002,2,14,0.470016,0.96768,0.245376,0.0217728,0.1125792,0.433728
2002/2/15,2002,2,15,0.46656,0.96768,0.244512,0.0217728,0.1125792,0.431136
2002/2/16,2002,2,16,0.463104,0.96768,0.243648,0.0217728,0.1125792,0.428544
2002/2/17,2002,2,17,0.458784,0.95904,0.24192,0.0217728,0.1125792,0.426816
2002/2/18,2002,2,18,0.455328,0.95904,0.241056,0.0217728,0.1076544,0.42336
2002/2/19,2002,2,19,0.454464,0.95904,0.240192,0.0217728,0.1076544,0.420768
2002/2/20,2002,2,20,0.452736,0.95904,0.238464,0.0217728,0.1076544,0.418176
2002/2/21,2002,2,21,0.451872,0.9504,0.236736,0.0208224,0.1076544,0.415584
2002/2/22,2002,2,22,0.450144,0.9504,0.235008,0.0214272,0.1076544,0.412128
2002/2/23,2002,2,23,0.44928,0.9504,0.23328,0.0216,0.1076544,0.407808
2002/2/24,2002,2,24,0.447552,0.94176,0.230688,0.022032,0.1076544,0.403488
2002/2/25,2002,2,25,0.446688,0.94176,0.22896,0.022464,0.1076544,0.400032
2002/2/26,2002,2,26,0.44496,0.94176,0.227232,0.022464,0.1076544,0.39744
2002/2/27,2002,2,27,0.444096,0.93312,0.225504,0.022464,0.1076544,0.39312
2002/2/28,2002,2,28,0.442368,0.93312,0.223776,0.022464,0.1076544,0.389664
2002/3/1,2002,3,1,0.441504,0.93312,0.222912,0.0222048,0.1076544,0.386208
2002/3/2,2002,3,2,0.44064,0.93312,0.222048,0.0222048,0.1076544,0.385344
2002/3/3,2002,3,3,0.438912,0.93312,0.22032,0.0222048,0.1076544,0.38448
2002/3/4,2002,3,4,0.438048,0.93312,0.219456,0.0222048,0.1027296,0.382752
2002/3/5,2002,3,5,0.43632,0.94176,0.218592,0.0222048,0.1027296,0.381024
2002/3/6,2002,3,6,0.435456,0.9504,0.217728,0.0209088,0.1027296,0.379296
2002/3/7,2002,3,7,0.433728,0.9504,0.216864,0.0209088,0.1027296,0.377568
2002/3/8,2002,3,8,0.432864,0.9504,0.216,0.0209088,0.1027296,0.374976
2002/3/9,2002,3,9,0.431136,0.9504,0.214272,0.0209088,0.1027296,0.372384
2002/3/10,2002,3,10,0.430272,0.9504,0.213408,0.0209088,0.1027296,0.368928
2002/3/11,2002,3,11,0.429408,0.94176,0.212544,0.020736,0.1027296,0.366336
2002/3/12,2002,3,12,0.42768,0.94176,0.21168,0.020736,0.1027296,0.364608
2002/3/13,2002,3,13,0.426816,0.94176,0.210816,0.021168,0.0978912,0.362016
2002/3/14,2002,3,14,0.425088,0.93312,0.209952,0.021168,0.0978912,0.361152
2002/3/15,2002,3,15,0.424224,0.93312,0.208224,0.0216,0.0978912,0.35856
2002/3/16,2002,3,16,0.422496,0.94176,0.20736,0.0217728,0.0978912,0.356832
2002/3/17,2002,3,17,0.421632,0.94176,0.206496,0.0221184,0.0978912,0.355104
2002/3/18,2002,3,18,0.419904,0.94176,0.203904,0.0222912,0.0978912,0.352512
2002/3/19,2002,3,19,0.41904,0.94176,0.201312,0.0225504,0.0978912,0.34992
2002/3/20,2002,3,20,0.417312,0.94176,0.19872,0.0228096,0.0978912,0.348192
2002/3/21,2002,3,21,0.416448,0.94176,0.196128,0.0226368,0.0978912,0.348192
2002/3/22,2002,3,22,0.415584,0.94176,0.193536,0.0225504,0.0978912,0.347328
2002/3/23,2002,3,23,0.413856,0.94176,0.191808,0.0230688,0.0978912,0.346464
2002/3/24,2002,3,24,0.412992,0.94176,0.189216,0.0230688,0.0978912,0.3456
2002/3/25,2002,3,25,0.411264,0.9504,0.186624,0.0232416,0.0978912,0.3456
2002/3/26,2002,3,26,0.4104,0.9504,0.184032,0.0232416,0.0978912,0.3456
2002/3/27,2002,3,27,0.408672,0.9504,0.18144,0.0230688,0.0978912,0.344736
2002/3/28,2002,3,28,0.407808,0.9504,0.178848,0.0228096,0.0978912,0.343872
2002/3/29,2002,3,29,0.40608,0.9504,0.176256,0.0222912,0.0929664,0.343008
2002/3/30,2002,3,30,0.405216,0.9504,0.17712,0.0222912,0.0929664,0.343008
2002/3/31,2002,3,31,0.403488,0.9504,0.17712,0.0222912,0.0929664,0.343008
2002/4/1,2002,4,1,0.402624,0.9504,0.177984,0.0216864,0.0929664,0.343008
2002/4/2,2002,4,2,0.404352,0.9504,0.178848,0.0212544,0.0929664,0.343008
2002/4/3,2002,4,3,0.405216,0.9504,0.179712,0.021168,0.0929664,0.343008
2002/4/4,2002,4,4,0.406944,0.9504,0.179712,0.021168,0.0929664,0.343008
2002/4/5,2002,4,5,0.408672,0.9504,0.180576,0.021168,0.0929664,0.342144
2002/4/6,2002,4,6,0.409536,0.9504,0.184032,0.020736,0.0929664,0.343008
2002/4/7,2002,4,7,0.411264,0.9504,0.187488,0.021168,0.0929664,0.339552
2002/4/8,2002,4,8,0.412992,0.94176,0.19008,0.021168,0.0929664,0.339552
2002/4/9,2002,4,9,0.413856,0.94176,0.193536,0.020736,0.0929664,0.33696
2002/4/10,2002,4,10,0.415584,0.94176,0.196992,0.0205632,0.0929664,0.334368
2002/4/11,2002,4,11,0.417312,0.94176,0.200448,0.0205632,0.0929664,0.331776
2002/4/12,2002,4,12,0.418176,0.94176,0.20304,0.0205632,0.0929664,0.32832
2002/4/13,2002,4,13,0.419904,0.94176,0.206496,0.0205632,0.0929664,0.325728
2002/4/14,2002,4,14,0.421632,0.94176,0.209952,0.021168,0.0929664,0.324864
2002/4/15,2002,4,15,0.422496,0.94176,0.213408,0.0216,0.0929664,0.325728
2002/4/16,2002,4,16,0.424224,0.94176,0.216,0.0216,0.0929664,0.326592
2002/4/17,2002,4,17,0.43632,0.93312,0.219456,0.0216,0.0929664,0.327456
2002/4/18,2002,4,18,0.438912,0.93312,0.222912,0.0216,0.0929664,0.327456
2002/4/19,2002,4,19,0.44064,0.93312,0.226368,0.0216,0.0929664,0.329184
2002/4/20,2002,4,20,0.442368,0.93312,0.22896,0.0218592,0.0929664,0.330912
2002/4/21,2002,4,21,0.454464,0.94176,0.232416,0.0216864,0.0929664,0.33264
2002/4/22,2002,4,22,0.456192,0.9504,0.235872,0.0216864,0.0929664,0.333504
2002/4/23,2002,4,23,0.45792,0.9504,0.239328,0.0218592,0.0929664,0.330912
2002/4/24,2002,4,24,0.47088,0.9504,0.24192,0.0218592,0.0929664,0.327456
2002/4/25,2002,4,25,0.47088,0.9504,0.245376,0.0216864,0.0978912,0.324
2002/4/26,2002,4,26,0.484704,0.95904,0.243648,0.0216,0.0978912,0.31968
2002/4/27,2002,4,27,0.489888,0.95904,0.24192,0.021168,0.1027296,0.317088
2002/4/28,2002,4,28,0.502848,0.95904,0.240192,0.021168,0.1076544,0.316224
2002/4/29,2002,4,29,0.508032,0.95904,0.238464,0.0216,0.1125792,0.31536
2002/4/30,2002,4,30,0.532224,0.95904,0.236736,0.0216,0.1149984,0.314496
2002/5/1,2002,5,1,0.551232,0.95904,0.235008,0.0216,0.1174176,0.313632
2002/5/2,2002,5,2,0.571104,0.95904,0.23328,0.0216,0.1296864,0.31104
2002/5/3,2002,5,3,0.586656,0.95904,0.231552,0.0216,0.1394496,0.310176
2002/5/4,2002,5,4,0.62208,0.95904,0.229824,0.021168,0.1541376,0.310176
2002/5/5,2002,5,5,0.685152,0.95904,0.228096,0.0202176,0.1712448,0.309312
2002/5/6,2002,5,6,0.76032,0.96768,0.234144,0.0202176,0.1982016,0.309312
2002/5/7,2002,5,7,0.85968,0.97632,0.239328,0.0202176,0.2274912,0.309312
2002/5/8,2002,5,8,0.9936,0.98496,0.245376,0.020304,0.2568672,0.31104
2002/5/9,2002,5,9,1.07136,1.00224,0.25056,0.0205632,0.2862432,0.313632
2002/5/10,2002,5,10,1.13184,1.01088,0.256608,0.0209088,0.3327264,0.31968
2002/5/11,2002,5,11,1.20096,1.04544,0.261792,0.0216864,0.3694464,0.327456
2002/5/12,2002,5,12,1.27872,1.08864,0.26784,0.020736,0.4135104,0.338688
2002/5/13,2002,5,13,1.34784,1.09728,0.273024,0.020736,0.450144,0.350784
2002/5/14,2002,5,14,1.39968,1.13184,0.279072,0.0209088,0.538272,0.37584
2002/5/15,2002,5,15,1.47744,1.19232,0.284256,0.0204768,0.6116256,0.443232
2002/5/16,2002,5,16,1.5552,1.27008,0.291168,0.020736,0.7095168,0.525312
2002/5/17,2002,5,17,1.65024,1.32192,0.29808,0.0221184,0.807408,0.594432
2002/5/18,2002,5,18,1.75392,1.57248,0.304128,0.0226368,0.9052128,0.664416
2002/5/19,2002,5,19,1.84896,1.97856,0.31104,0.0228096,1.0520064,0.798336
2002/5/20,2002,5,20,1.9872,2.42784,0.317952,0.0228096,1.2257568,0.92448
2002/5/21,2002,5,21,2.15136,2.60928,0.325728,0.0230688,1.4116896,1.01952
2002/5/22,2002,5,22,2.36736,2.78208,0.334368,0.0236736,1.5829344,1.07136
2002/5/23,2002,5,23,2.60064,3.59424,0.342144,0.0262656,1.8226944,1.28736
2002/5/24,2002,5,24,2.87712,4.76928,0.34992,0.0400896,2.02824,1.728
2002/5/25,2002,5,25,3.24,7.56864,0.411264,0.092448,2.1285504,1.9872
2002/5/26,2002,5,26,3.26592,8.8992,0.59184,0.4536,2.1627648,2.2464
2002/5/27,2002,5,27,3.22272,10.8,1.27008,0.80352,2.1162816,2.5056
2002/5/28,2002,5,28,3.17952,11.232,2.51424,1.50336,2.0600352,2.5488
2002/5/29,2002,5,29,3.14496,12.0096,5.66784,1.65888,1.99152,2.4624
2002/5/30,2002,5,30,3.1104,12.8736,10.2816,1.944,1.9572192,2.38464
2002/5/31,2002,5,31,3.12768,12.2688,10.5408,2.16864,1.9132416,2.2464
2002/6/1,2002,6,1,3.1104,11.232,10.4544,2.30688,1.8618336,2.14272
2002/6/2,2002,6,2,3.08448,11.0592,10.1952,2.31552,1.8349632,2.05632
2002/6/3,2002,6,3,3.08448,11.0592,10.1088,2.30688,1.7982432,1.9872
2002/6/4,2002,6,4,3.05856,11.0592,10.0224,2.32416,1.7565984,1.93536
2002/6/5,2002,6,5,3.04128,10.8,9.6768,2.29824,1.71504,1.9008
2002/6/6,2002,6,6,3.04128,10.2816,9.2448,2.26368,1.6685568,1.86624
2002/6/7,2002,6,7,3.04992,10.0224,8.9856,2.21184,1.6220736,1.82304
2002/6/8,2002,6,8,3.03264,9.3312,8.7264,2.16,1.5658272,1.8144
2002/6/9,2002,6,9,3.024,8.9856,8.48448,2.1168,1.5144192,1.78848
2002/6/10,2002,6,10,3.01536,8.8128,8.30304,2.05632,1.4728608,1.77984
2002/6/11,2002,6,11,2.98944,8.57952,8.1216,2.00448,1.4337216,1.76256
2002/6/12,2002,6,12,2.96352,8.3376,7.84512,1.96128,1.3920768,1.74528
2002/6/13,2002,6,13,2.95488,8.10432,7.6464,1.89216,1.3455936,1.74528
2002/6/14,2002,6,14,2.9376,7.74144,7.29216,1.82304,1.301616,1.80576
2002/6/15,2002,6,15,2.92896,7.36992,6.9984,1.73664,1.2599712,1.88352
2002/6/16,2002,6,16,2.95488,6.912,6.71328,1.65888,1.2159072,1.90944
2002/6/17,2002,6,17,2.97216,6.264,6.48864,1.60704,1.176768,1.93536
2002/6/18,2002,6,18,2.97216,5.7024,6.16896,1.53792,1.1401344,1.944
2002/6/19,2002,6,19,2.9808,5.21856,5.8752,1.4688,1.1107584,1.89216
2002/6/20,2002,6,20,2.9808,4.68288,5.65056,1.39968,1.0936512,1.86624
2002/6/21,2002,6,21,2.98944,4.24224,5.46048,1.3392,1.0838016,1.86624
2002/6/22,2002,6,22,2.98944,3.8016,5.27904,1.27872,1.0789632,1.84896
2002/6/23,2002,6,23,2.98944,3.6288,5.08032,1.2096,1.0813824,1.8144
2002/6/24,2002,6,24,2.98944,3.52512,4.85568,1.14912,1.0838016,1.80576
2002/6/25,2002,6,25,2.9808,3.43008,4.67424,1.11456,1.0813824,1.7712
2002/6/26,2002,6,26,2.98944,3.2832,4.48416,1.05408,1.0716192,1.71936
2002/6/27,2002,6,27,2.9808,3.23136,4.25952,1.01088,1.0617696,1.66752
2002/6/28,2002,6,28,2.9808,3.024,4.11264,0.9936,1.0495872,1.62432
2002/6/29,2002,6,29,2.96352,2.73024,3.94848,0.9504,1.0348992,1.56384
2002/6/30,2002,6,30,2.97216,2.56608,3.86208,0.864,1.017792,1.49472
2002/7/1,2002,7,1,3.024,2.40192,3.68928,0.767232,0.99576,1.44288
2002/7/2,2002,7,2,3.024,2.27232,3.57696,0.703296,0.9688032,1.39968
2002/7/3,2002,7,3,3.024,2.22048,3.5424,0.671328,0.951696,1.3824
2002/7/4,2002,7,4,3.03264,2.16864,3.52512,0.63504,0.9345888,1.35648
2002/7/5,2002,7,5,3.05856,2.0736,3.47328,0.598752,0.9174816,1.33056
2002/7/6,2002,7,6,3.04992,2.0304,3.44736,0.560736,0.9003744,1.31328
2002/7/7,2002,7,7,3.03264,1.96128,3.42144,0.520128,0.8807616,1.31328
2002/7/8,2002,7,8,3.03264,1.88352,3.36096,0.47952,0.8660736,1.32192
2002/7/9,2002,7,9,3.024,1.79712,3.26592,0.452736,0.8612352,1.31328
2002/7/10,2002,7,10,3.01536,1.74528,3.10176,0.444096,0.8513856,1.33056
2002/7/11,2002,7,11,3.00672,1.71072,2.94624,0.438048,0.8465472,1.35648
2002/7/12,2002,7,12,3.01536,1.6848,2.82528,0.438048,0.8440416,1.3824
2002/7/13,2002,7,13,3.01536,1.65888,2.71296,0.432864,0.8416224,1.43424
2002/7/14,2002,7,14,3.01536,1.62432,2.64384,0.424224,0.8465472,1.57248
2002/7/15,2002,7,15,2.98944,1.5984,2.62656,0.432864,0.8440416,1.70208
2002/7/16,2002,7,16,2.99808,1.58112,2.60928,0.432864,0.8416224,1.73664
2002/7/17,2002,7,17,3.024,1.56384,2.592,0.442368,0.8392032,1.71072
2002/7/18,2002,7,18,3.07584,1.57248,2.60064,0.455328,0.8392032,1.65024
2002/7/19,2002,7,19,3.09312,1.5984,2.62656,0.452736,0.8318592,1.5984
2002/7/20,2002,7,20,3.1104,1.58976,2.64384,0.446688,0.8220096,1.5552
2002/7/21,2002,7,21,3.1104,1.58976,2.6784,0.46656,0.8098272,1.52064
2002/7/22,2002,7,22,3.08448,1.58112,2.69568,0.501984,0.8024832,1.512
2002/7/23,2002,7,23,3.08448,1.56384,2.6784,0.569376,0.79272,1.512
2002/7/24,2002,7,24,3.05856,1.52928,2.68704,0.614304,0.7877952,1.49472
2002/7/25,2002,7,25,3.04992,1.52064,2.71296,0.63504,0.785376,1.4688
2002/7/26,2002,7,26,3.0672,1.512,2.78208,0.73008,0.7804512,1.44288
2002/7/27,2002,7,27,3.10176,1.52064,2.8512,0.806976,0.7755264,1.4256
2002/7/28,2002,7,28,3.11904,1.52928,2.9808,0.789696,0.7657632,1.41696
2002/7/29,2002,7,29,3.11904,1.53792,3.05856,0.752544,0.7584192,1.43424
2002/7/30,2002,7,30,3.08448,1.54656,3.1104,0.727488,0.7535808,1.52928
2002/7/31,2002,7,31,3.07584,1.53792,3.05856,0.707616,0.756,1.61568
2002/8/1,2002,8,1,3.0672,1.52928,2.95488,0.680832,0.7535808,1.70208
2002/8/2,2002,8,2,3.05856,1.52064,2.82528,0.646272,0.7510752,1.77984
2002/8/3,2002,8,3,3.07584,1.50336,2.68704,0.609984,0.7510752,1.82304
2002/8/4,2002,8,4,3.1104,1.48608,2.52288,0.578016,0.7510752,1.82304
2002/8/5,2002,8,5,3.1104,1.4688,2.36736,0.573696,0.7510752,1.77984
2002/8/6,2002,8,6,3.1104,1.46016,2.21184,0.576288,0.7584192,1.71936
2002/8/7,2002,8,7,3.1104,1.44288,2.08224,0.59616,0.763344,1.6416
2002/8/8,2002,8,8,3.10176,1.4256,1.93536,0.607392,0.763344,1.58976
2002/8/9,2002,8,9,3.1104,1.40832,1.80576,0.614304,0.7609248,1.5552
2002/8/10,2002,8,10,3.1104,1.39968,1.71072,0.616896,0.770688,1.512
2002/8/11,2002,8,11,3.11904,1.39968,1.62432,0.616896,0.7804512,1.48608
2002/8/12,2002,8,12,3.1104,1.41696,1.53792,0.586656,0.7877952,1.47744
2002/8/13,2002,8,13,3.12768,1.41696,1.45152,0.558144,0.7951392,1.47744
2002/8/14,2002,8,14,3.1104,1.4256,1.43424,0.53136,0.800064,1.45152
2002/8/15,2002,8,15,3.1104,1.43424,1.41696,0.501984,0.7902144,1.40832
2002/8/16,2002,8,16,3.1104,1.4688,1.39968,0.473472,0.7828704,1.39968
2002/8/17,2002,8,17,3.11904,1.56384,1.3824,0.444096,0.7731072,1.39968
2002/8/18,2002,8,18,3.1104,1.62432,1.39104,0.411264,0.7584192,1.41696
2002/8/19,2002,8,19,3.1104,1.65024,1.41696,0.382752,0.7437312,1.43424
2002/8/20,2002,8,20,3.1104,1.65888,1.4256,0.351648,0.7290432,1.45152
2002/8/21,2002,8,21,3.1104,1.65888,1.44288,0.329184,0.7216992,1.45152
2002/8/22,2002,8,22,3.1104,1.65888,1.47744,0.307584,0.7144416,1.44288
2002/8/23,2002,8,23,3.1104,1.65024,1.49472,0.305856,0.7168608,1.4256
2002/8/24,2002,8,24,3.09312,1.6416,1.58112,0.304128,0.71928,1.40832
2002/8/25,2002,8,25,3.07584,1.62432,1.60704,0.300672,0.7290432,1.39968
2002/8/26,2002,8,26,3.05856,1.57248,1.62432,0.296352,0.748656,1.39104
2002/8/27,2002,8,27,3.0672,1.52928,1.62432,0.336096,0.7804512,1.3824
2002/8/28,2002,8,28,3.0672,1.47744,1.60704,0.336096,0.8220096,1.36512
2002/8/29,2002,8,29,3.04992,1.45152,1.5552,0.334368,0.8563104,1.3392
2002/8/30,2002,8,30,3.04992,1.43424,1.52928,0.33264,0.8807616,1.31328
2002/8/31,2002,8,31,3.04128,1.43424,1.48608,0.378432,0.9003744,1.27008
2002/9/1,2002,9,1,3.00672,1.45152,1.4688,0.395712,0.9174816,1.24416
2002/9/2,2002,9,2,2.98944,1.45152,1.4256,0.395712,0.929664,1.22688
2002/9/3,2002,9,3,2.97216,1.45152,1.39968,0.408672,0.9395136,1.20096
2002/9/4,2002,9,4,2.95488,1.45152,1.41696,0.439776,0.944352,1.19232
2002/9/5,2002,9,5,2.92896,1.45152,1.4256,0.448416,0.9468576,1.18368
2002/9/6,2002,9,6,2.90304,1.50336,1.43424,0.459648,0.951696,1.19232
2002/9/7,2002,9,7,2.90304,1.5984,1.43424,0.482112,0.9566208,1.19232
2002/9/8,2002,9,8,2.8512,1.6416,1.4256,0.513216,0.9566208,1.20096
2002/9/9,2002,9,9,2.85984,1.65024,1.50336,0.53136,0.951696,1.2096
2002/9/10,2002,9,10,2.83392,1.62432,1.62432,0.508896,0.9419328,1.21824
2002/9/11,2002,9,11,2.77344,1.5984,1.75392,0.506304,0.9321696,1.20096
2002/9/12,2002,9,12,2.78208,1.61568,1.87488,0.495072,0.9272448,1.18368
2002/9/13,2002,9,13,2.73888,1.75392,1.95264,0.47952,0.92232,1.1664
2002/9/14,2002,9,14,2.71296,1.91808,2.02176,0.463968,0.9174816,1.15776
2002/9/15,2002,9,15,2.65248,2.0304,2.06496,0.468288,0.9125568,1.14048
2002/9/16,2002,9,16,2.60064,2.0736,2.1168,0.4752,0.9077184,1.1232
2002/9/17,2002,9,17,2.5488,2.09952,2.16,0.47952,0.9125568,1.10592
2002/9/18,2002,9,18,2.48832,2.12544,2.2464,0.504576,0.914976,1.08864
2002/9/19,2002,9,19,2.4192,2.15136,2.41056,0.508896,0.9174816,1.07136
2002/9/20,2002,9,20,2.35872,2.16864,2.52288,0.497664,0.9174816,1.04544
2002/9/21,2002,9,21,2.26368,2.23776,2.60064,0.48384,0.9199008,1.02816
2002/9/22,2002,9,22,2.12544,2.27232,2.60064,0.46224,0.92232,1.0368
2002/9/23,2002,9,23,2.0736,2.26368,2.52288,0.424224,0.92232,1.07136
2002/9/24,2002,9,24,2.00448,2.22048,2.42784,0.382752,0.92232,1.08864
2002/9/25,2002,9,25,1.91808,2.15136,2.3328,0.370656,0.9199008,1.08864
2002/9/26,2002,9,26,1.84896,2.14272,2.21184,0.348192,0.9101376,1.07136
2002/9/27,2002,9,27,1.75392,2.13408,2.1168,0.330912,0.8954496,1.04544
2002/9/28,2002,9,28,1.6416,2.13408,2.0304,0.321408,0.8978688,1.02816
2002/9/29,2002,9,29,1.60704,2.12544,1.93536,0.307584,0.9003744,1.01952
2002/9/30,2002,9,30,1.57248,2.12544,1.8576,0.291168,0.9077184,0.9936
2002/10/1,2002,10,1,1.54656,2.13408,1.78848,0.2808,0.8807616,0.98496
2002/10/2,2002,10,2,1.50336,2.14272,1.728,0.274752,0.8612352,0.9936
2002/10/3,2002,10,3,1.4688,2.08224,1.6848,0.274752,0.8440416,0.98496
2002/10/4,2002,10,4,1.45152,2.00448,1.65024,0.274752,0.8269344,0.97632
2002/10/5,2002,10,5,1.4688,1.91808,1.62432,0.268704,0.8122464,0.97632
2002/10/6,2002,10,6,1.50336,1.84896,1.56384,0.255744,0.7975584,0.98496
2002/10/7,2002,10,7,1.512,1.82304,1.52064,0.264384,0.7902144,0.98496
2002/10/8,2002,10,8,1.4688,1.76256,1.4688,0.28512,0.7828704,0.98496
2002/10/9,2002,10,9,1.43424,1.66752,1.43424,0.261792,0.7681824,0.96768
2002/10/10,2002,10,10,1.41696,1.62432,1.40832,0.229824,0.7609248,0.98496
2002/10/11,2002,10,11,1.4256,1.5984,1.37376,0.214272,0.7510752,0.96768
2002/10/12,2002,10,12,1.41696,1.5552,1.35648,0.19872,0.7462368,0.95904
2002/10/13,2002,10,13,1.41696,1.52928,1.31328,0.19008,0.741312,0.94176
2002/10/14,2002,10,14,1.40832,1.47744,1.31328,0.158976,0.733968,0.91584
2002/10/15,2002,10,15,1.40832,1.4256,1.31328,0.148608,0.7242048,0.88992
2002/10/16,2002,10,16,1.39104,1.36512,1.31328,0.13824,0.7144416,0.860544
2002/10/17,2002,10,17,1.37376,1.30464,1.3392,0.13392,0.6948288,0.797472
2002/10/18,2002,10,18,1.36512,1.26144,1.30464,0.122688,0.675216,0.778464
2002/10/19,2002,10,19,1.33056,1.22688,1.36512,0.11664,0.6606144,0.776736
2002/10/20,2002,10,20,1.30464,1.1664,1.26144,0.107136,0.6581088,0.76032
2002/10/21,2002,10,21,1.296,1.13184,1.11456,0.101088,0.6507648,0.745632
2002/10/22,2002,10,22,1.27008,1.07136,1.07136,0.095904,0.6507648,0.745632
2002/10/23,2002,10,23,1.27008,1.02816,1.01088,0.09504,0.6507648,0.735264
2002/10/24,2002,10,24,1.24416,0.98496,0.92448,0.0835488,0.6483456,0.707616
2002/10/25,2002,10,25,1.24416,0.9504,0.837216,0.0775872,0.6459264,0.673056
2002/10/26,2002,10,26,1.24416,0.92448,0.66528,0.072144,0.6483456,0.65664
2002/10/27,2002,10,27,1.23552,0.88992,0.528768,0.0694656,0.6507648,0.654048
2002/10/28,2002,10,28,1.23552,0.852768,0.48816,0.0709344,0.6483456,0.641088
2002/10/29,2002,10,29,1.21824,0.828576,0.441504,0.072144,0.6459264,0.615168
2002/10/30,2002,10,30,1.2096,0.81648,0.402624,0.0694656,0.6410016,0.602208
2002/10/31,2002,10,31,1.19232,0.805248,0.36288,0.0686016,0.6385824,0.584064
2002/11/1,2002,11,1,1.18368,0.810432,0.351648,0.0707616,0.6385824,0.560736
2002/11/2,2002,11,2,1.17504,0.7992,0.34128,0.06912,0.6336576,0.554688
2002/11/3,2002,11,3,1.1664,0.798336,0.330048,0.0649728,0.6287328,0.5616
2002/11/4,2002,11,4,1.1664,0.78624,0.31968,0.062208,0.6263136,0.55728
2002/11/5,2002,11,5,1.14048,0.76896,0.308448,0.0542592,0.6213888,0.54
2002/11/6,2002,11,6,1.14048,0.767232,0.29808,0.0527904,0.6165504,0.52272
2002/11/7,2002,11,7,1.1232,0.766368,0.286848,0.0508032,0.6116256,0.50112
2002/11/8,2002,11,8,1.08864,0.775008,0.27648,0.0540864,0.6067872,0.48384
2002/11/9,2002,11,9,1.0368,0.806112,0.265248,0.055296,0.5994432,0.46656
2002/11/10,2002,11,10,1.01088,0.819072,0.262656,0.0532224,0.5871744,0.4536
2002/11/11,2002,11,11,0.97632,0.841536,0.260064,0.0452736,0.5749056,0.43632
2002/11/12,2002,11,12,0.95904,0.89856,0.257472,0.0407808,0.5627232,0.41472
2002/11/13,2002,11,13,0.94176,0.94176,0.25488,0.0363744,0.5504544,0.39744
2002/11/14,2002,11,14,0.92448,1.0368,0.253152,0.0363744,0.538272,0.38016
2002/11/15,2002,11,15,0.91584,1.0368,0.25056,0.039744,0.5260032,0.35856
2002/11/16,2002,11,16,0.9072,0.97632,0.256608,0.0439776,0.5138208,0.33696
2002/11/17,2002,11,17,0.89856,0.9504,0.245376,0.0428544,0.501552,0.324
2002/11/18,2002,11,18,0.87264,0.91584,0.242784,0.0428544,0.4892832,0.31104
2002/11/19,2002,11,19,0.853632,0.9072,0.242784,0.0411264,0.4771008,0.29808
2002/11/20,2002,11,20,0.834624,0.88128,0.243648,0.0385344,0.4745952,0.28944
2002/11/21,2002,11,21,0.82944,0.95904,0.243648,0.0357696,0.472176,0.28512
2002/11/22,2002,11,22,0.834624,0.814752,0.244512,0.035424,0.4673376,0.286848
2002/11/23,2002,11,23,0.787968,0.796608,0.244512,0.0360288,0.464832,0.28944
2002/11/24,2002,11,24,0.767232,0.796608,0.245376,0.0368928,0.4624128,0.29376
2002/11/25,2002,11,25,0.705024,0.749952,0.245376,0.0373248,0.4550688,0.299808
2002/11/26,2002,11,26,0.69984,0.749952,0.24624,0.0399168,0.4477248,0.31104
2002/11/27,2002,11,27,0.689472,0.745632,0.24624,0.0405216,0.4159296,0.323136
2002/11/28,2002,11,28,0.679104,0.731808,0.247104,0.0413856,0.3670272,0.330912
2002/11/29,2002,11,29,0.668736,0.731808,0.247104,0.0392256,0.3180384,0.336096
2002/11/30,2002,11,30,0.658368,0.740448,0.25056,0.0372384,0.2935872,0.335232
2002/12/1,2002,12,1,0.648,0.744768,0.254016,0.0350784,0.269136,0.330912
2002/12/2,2002,12,2,0.637632,0.749088,0.258336,0.0387072,0.2446848,0.326592
2002/12/3,2002,12,3,0.627264,0.74304,0.261792,0.0377568,0.2446848,0.325728
2002/12/4,2002,12,4,0.616896,0.74736,0.265248,0.0369792,0.232416,0.323136
2002/12/5,2002,12,5,0.606528,0.75168,0.268704,0.0364608,0.232416,0.31968
2002/12/6,2002,12,6,0.603072,0.756,0.27216,0.0337824,0.232416,0.313632
2002/12/7,2002,12,7,0.599616,0.756,0.27648,0.0352512,0.2202336,0.314496
2002/12/8,2002,12,8,0.597024,0.76032,0.279936,0.0365472,0.2202336,0.318816
2002/12/9,2002,12,9,0.593568,0.76032,0.283392,0.0361152,0.2202336,0.330912
2002/12/10,2002,12,10,0.590112,0.76464,0.286848,0.0350784,0.2079648,0.349056
2002/12/11,2002,12,11,0.586656,0.76896,0.290304,0.0348192,0.2079648,0.369792
2002/12/12,2002,12,12,0.5832,0.77328,0.294624,0.0343872,0.2079648,0.390528
2002/12/13,2002,12,13,0.579744,0.7776,0.29808,0.0343872,0.2079648,0.408672
2002/12/14,2002,12,14,0.577152,0.7776,0.301536,0.0330912,0.2079648,0.424224
2002/12/15,2002,12,15,0.573696,0.7776,0.304992,0.0340416,0.195696,0.42768
2002/12/16,2002,12,16,0.57024,0.7776,0.308448,0.033696,0.195696,0.432
2002/12/17,2002,12,17,0.566784,0.77328,0.311904,0.0339552,0.195696,0.430272
2002/12/18,2002,12,18,0.563328,0.77328,0.31536,0.032832,0.195696,0.42768
2002/12/19,2002,12,19,0.559872,0.77328,0.318816,0.0304992,0.195696,0.42336
2002/12/20,2002,12,20,0.55728,0.77328,0.322272,0.030672,0.195696,0.417312
2002/12/21,2002,12,21,0.553824,0.77328,0.325728,0.03024,0.195696,0.4104
2002/12/22,2002,12,22,0.550368,0.77328,0.329184,0.03024,0.1835136,0.404352
2002/12/23,2002,12,23,0.546912,0.77328,0.33264,0.0298944,0.1835136,0.39744
2002/12/24,2002,12,24,0.546048,0.7776,0.336096,0.03024,0.1835136,0.39312
2002/12/25,2002,12,25,0.54432,0.78624,0.339552,0.0304992,0.1835136,0.387072
2002/12/26,2002,12,26,0.543456,0.79056,0.343008,0.0294624,0.1835136,0.38016
2002/12/27,2002,12,27,0.541728,0.79488,0.346464,0.03024,0.1835136,0.373248
2002/12/28,2002,12,28,0.540864,0.7992,0.34992,0.031104,0.1835136,0.3672
2002/12/29,2002,12,29,0.539136,0.80352,0.353376,0.0317088,0.1835136,0.36288
2002/12/30,2002,12,30,0.538272,0.81216,0.356832,0.0299808,0.1835136,0.35856
2002/12/31,2002,12,31,0.536544,0.8208,0.360288,0.029808,0.1835136,0.355968
2003/1/1,2003,1,1,0.533952,0.83376,0.324,0.027216,0.1835136,0.353376
2003/1/2,2003,1,2,0.532224,0.84672,0.322272,0.0273888,0.1712448,0.352512
2003/1/3,2003,1,3,0.530496,0.84672,0.321408,0.0283392,0.1712448,0.350784
2003/1/4,2003,1,4,0.528768,0.85536,0.31968,0.0283392,0.1712448,0.349056
2003/1/5,2003,1,5,0.527904,0.87264,0.317952,0.028512,0.1712448,0.348192
2003/1/6,2003,1,6,0.526176,0.88992,0.316224,0.0277344,0.1712448,0.347328
2003/1/7,2003,1,7,0.524448,0.89856,0.31536,0.0257472,0.1712448,0.3456
2003/1/8,2003,1,8,0.521856,0.89856,0.313632,0.025056,0.1712448,0.343872
2003/1/9,2003,1,9,0.520128,0.9072,0.311904,0.0260928,0.1712448,0.342144
2003/1/10,2003,1,10,0.517536,0.9072,0.31104,0.0271296,0.1712448,0.34128
2003/1/11,2003,1,11,0.515808,0.89856,0.309312,0.0271296,0.1590624,0.339552
2003/1/12,2003,1,12,0.513216,0.89856,0.307584,0.027648,0.1590624,0.337824
2003/1/13,2003,1,13,0.511488,0.89856,0.305856,0.0273024,0.1590624,0.33696
2003/1/14,2003,1,14,0.50976,0.89856,0.304992,0.0271296,0.1590624,0.335232
2003/1/15,2003,1,15,0.507168,0.9072,0.303264,0.0251424,0.1590624,0.33264
2003/1/16,2003,1,16,0.50544,0.91584,0.301536,0.024624,0.1590624,0.330912
2003/1/17,2003,1,17,0.502848,0.9072,0.299808,0.024624,0.1590624,0.32832
2003/1/18,2003,1,18,0.50112,0.89856,0.298944,0.0241056,0.1467936,0.326592
2003/1/19,2003,1,19,0.498528,0.89856,0.297216,0.0239328,0.1467936,0.324864
2003/1/20,2003,1,20,0.4968,0.89856,0.29376,0.0238464,0.1467936,0.323136
2003/1/21,2003,1,21,0.494208,0.88992,0.291168,0.0236736,0.1467936,0.321408
2003/1/22,2003,1,22,0.49248,0.88992,0.287712,0.0238464,0.1467936,0.31968
2003/1/23,2003,1,23,0.489888,0.88992,0.284256,0.0244512,0.1467936,0.318816
2003/1/24,2003,1,24,0.486432,0.88992,0.281664,0.0238464,0.1467936,0.317088
2003/1/25,2003,1,25,0.48384,0.88128,0.278208,0.022464,0.1467936,0.31536
2003/1/26,2003,1,26,0.481248,0.88128,0.274752,0.022032,0.1467936,0.313632
2003/1/27,2003,1,27,0.477792,0.88128,0.271296,0.0208224,0.1467936,0.312768
2003/1/28,2003,1,28,0.4752,0.87264,0.268704,0.0208224,0.1467936,0.311904
2003/1/29,2003,1,29,0.472608,0.87264,0.265248,0.0208224,0.1467936,0.31104
2003/1/30,2003,1,30,0.469152,0.87264,0.264384,0.0208224,0.1467936,0.310176
2003/1/31,2003,1,31,0.46656,0.87264,0.26352,0.0208224,0.1467936,0.309312
2003/2/1,2003,2,1,0.463968,0.864,0.26352,0.0203904,0.1418688,0.309312
2003/2/2,2003,2,2,0.460512,0.864,0.262656,0.0202176,0.1418688,0.308448
2003/2/3,2003,2,3,0.45792,0.85968,0.261792,0.0202176,0.1418688,0.308448
2003/2/4,2003,2,4,0.454464,0.85536,0.260928,0.0202176,0.1418688,0.307584
2003/2/5,2003,2,5,0.451872,0.85104,0.260064,0.0208224,0.1418688,0.307584
2003/2/6,2003,2,6,0.44928,0.84672,0.2592,0.0201312,0.1418688,0.30672
2003/2/7,2003,2,7,0.445824,0.84672,0.2592,0.0199584,0.1418688,0.305856
2003/2/8,2003,2,8,0.443232,0.83808,0.258336,0.0201312,0.1418688,0.304992
2003/2/9,2003,2,9,0.44064,0.83808,0.257472,0.0201312,0.1370304,0.304128
2003/2/10,2003,2,10,0.437184,0.83376,0.255744,0.0199584,0.1370304,0.303264
2003/2/11,2003,2,11,0.434592,0.82944,0.254016,0.020304,0.1370304,0.3024
2003/2/12,2003,2,12,0.433728,0.82512,0.252288,0.0199584,0.1370304,0.301536
2003/2/13,2003,2,13,0.432864,0.82512,0.25056,0.0199584,0.1370304,0.300672
2003/2/14,2003,2,14,0.432,0.8208,0.248832,0.0196992,0.1370304,0.299808
2003/2/15,2003,2,15,0.431136,0.81648,0.247104,0.0199584,0.1370304,0.298944
2003/2/16,2003,2,16,0.430272,0.81648,0.244512,0.0199584,0.1370304,0.29808
2003/2/17,2003,2,17,0.428544,0.81216,0.242784,0.0195264,0.1370304,0.29808
2003/2/18,2003,2,18,0.42768,0.81216,0.241056,0.0195264,0.1321056,0.297216
2003/2/19,2003,2,19,0.426816,0.81216,0.239328,0.0195264,0.1321056,0.296352
2003/2/20,2003,2,20,0.425952,0.80784,0.2376,0.019872,0.1321056,0.295488
2003/2/21,2003,2,21,0.425088,0.80352,0.235872,0.0195264,0.1321056,0.294624
2003/2/22,2003,2,22,0.424224,0.7992,0.234144,0.0195264,0.1321056,0.294624
2003/2/23,2003,2,23,0.42336,0.7992,0.23328,0.019872,0.1321056,0.294624
2003/2/24,2003,2,24,0.422496,0.7992,0.232416,0.0193536,0.1321056,0.294624
2003/2/25,2003,2,25,0.421632,0.79488,0.231552,0.0193536,0.1321056,0.29376
2003/2/26,2003,2,26,0.420768,0.78624,0.230688,0.0188352,0.1321056,0.29376
2003/2/27,2003,2,27,0.41904,0.78624,0.229824,0.0190944,0.1321056,0.29376
2003/2/28,2003,2,28,0.418176,0.78624,0.22896,0.0193536,0.1321056,0.29376
2003/3/1,2003,3,1,0.417312,0.78192,0.228096,0.0195264,0.1271808,0.29376
2003/3/2,2003,3,2,0.416448,0.78192,0.227232,0.0195264,0.1271808,0.29376
2003/3/3,2003,3,3,0.415584,0.7776,0.226368,0.0196128,0.1271808,0.29376
2003/3/4,2003,3,4,0.41472,0.7776,0.226368,0.0200448,0.1271808,0.29376
2003/3/5,2003,3,5,0.413856,0.7776,0.225504,0.0195264,0.1271808,0.29376
2003/3/6,2003,3,6,0.412992,0.77328,0.22464,0.0196128,0.1271808,0.29376
2003/3/7,2003,3,7,0.412128,0.77328,0.223776,0.0200448,0.1271808,0.29376
2003/3/8,2003,3,8,0.411264,0.76896,0.222912,0.0202176,0.1271808,0.29376
2003/3/9,2003,3,9,0.4104,0.76464,0.222048,0.020304,0.1271808,0.29376
2003/3/10,2003,3,10,0.408672,0.76464,0.221184,0.020304,0.1271808,0.29376
2003/3/11,2003,3,11,0.407808,0.76464,0.22032,0.0202176,0.1271808,0.29376
2003/3/12,2003,3,12,0.406944,0.76032,0.219456,0.0200448,0.1271808,0.29376
2003/3/13,2003,3,13,0.40608,0.76032,0.218592,0.0202176,0.1271808,0.29376
2003/3/14,2003,3,14,0.405216,0.76032,0.217728,0.019872,0.1271808,0.29376
2003/3/15,2003,3,15,0.404352,0.76032,0.217728,0.019872,0.1271808,0.29376
2003/3/16,2003,3,16,0.403488,0.756,0.216864,0.020304,0.1223424,0.294624
2003/3/17,2003,3,17,0.402624,0.756,0.216864,0.01944,0.1223424,0.294624
2003/3/18,2003,3,18,0.40176,0.75168,0.216,0.0196128,0.1223424,0.294624
2003/3/19,2003,3,19,0.400896,0.75168,0.216,0.0193536,0.1223424,0.294624
2003/3/20,2003,3,20,0.399168,0.75168,0.215136,0.01944,0.1223424,0.295488
2003/3/21,2003,3,21,0.398304,0.74736,0.215136,0.019872,0.1223424,0.295488
2003/3/22,2003,3,22,0.39744,0.74736,0.214272,0.0199584,0.1223424,0.295488
2003/3/23,2003,3,23,0.396576,0.74736,0.214272,0.019872,0.1199232,0.296352
2003/3/24,2003,3,24,0.395712,0.74736,0.214272,0.019872,0.1199232,0.296352
2003/3/25,2003,3,25,0.394848,0.73872,0.213408,0.01944,0.1199232,0.296352
2003/3/26,2003,3,26,0.390528,0.73872,0.213408,0.0196128,0.1199232,0.297216
2003/3/27,2003,3,27,0.385344,0.73872,0.212544,0.01944,0.1199232,0.297216
2003/3/28,2003,3,28,0.381024,0.73872,0.212544,0.019872,0.1199232,0.29808
2003/3/29,2003,3,29,0.376704,0.7344,0.21168,0.0196128,0.1199232,0.29808
2003/3/30,2003,3,30,0.372384,0.73008,0.21168,0.0196128,0.1199232,0.29808
2003/3/31,2003,3,31,0.3672,0.73008,0.210816,0.01944,0.1199232,0.298944
2003/4/1,2003,4,1,0.36288,0.73008,0.210816,0.0196128,0.1174176,0.299808
2003/4/2,2003,4,2,0.35856,0.73008,0.209952,0.0193536,0.1174176,0.299808
2003/4/3,2003,4,3,0.353376,0.73008,0.209952,0.0190944,0.1174176,0.300672
2003/4/4,2003,4,4,0.349056,0.73008,0.209952,0.01944,0.1174176,0.300672
2003/4/5,2003,4,5,0.344736,0.73008,0.209088,0.0196128,0.1174176,0.300672
2003/4/6,2003,4,6,0.339552,0.7344,0.209088,0.0196128,0.1174176,0.301536
2003/4/7,2003,4,7,0.335232,0.7344,0.208224,0.01944,0.1174176,0.301536
2003/4/8,2003,4,8,0.330912,0.7344,0.208224,0.019872,0.1174176,0.3024
2003/4/9,2003,4,9,0.326592,0.73008,0.20736,0.0196128,0.1174176,0.3024
2003/4/10,2003,4,10,0.321408,0.73008,0.20736,0.01944,0.1174176,0.3024
2003/4/11,2003,4,11,0.317088,0.72576,0.206496,0.019872,0.1174176,0.303264
2003/4/12,2003,4,12,0.312768,0.72576,0.206496,0.0196128,0.1174176,0.304128
2003/4/13,2003,4,13,0.307584,0.72576,0.206496,0.019872,0.1174176,0.304992
2003/4/14,2003,4,14,0.303264,0.72144,0.205632,0.0199584,0.1174176,0.305856
2003/4/15,2003,4,15,0.307584,0.72144,0.205632,0.0203904,0.1174176,0.30672
2003/4/16,2003,4,16,0.312768,0.71712,0.204768,0.0209088,0.1174176,0.308448
2003/4/17,2003,4,17,0.317088,0.71712,0.204768,0.020736,0.1174176,0.309312
2003/4/18,2003,4,18,0.321408,0.7128,0.203904,0.020736,0.1174176,0.31104
2003/4/19,2003,4,19,0.326592,0.7128,0.203904,0.0202176,0.1174176,0.312768
2003/4/20,2003,4,20,0.330912,0.7128,0.20304,0.019872,0.1174176,0.313632
2003/4/21,2003,4,21,0.335232,0.7128,0.20304,0.019872,0.1174176,0.31536
2003/4/22,2003,4,22,0.339552,0.70848,0.202176,0.019872,0.1174176,0.317952
2003/4/23,2003,4,23,0.344736,0.7128,0.202176,0.0196128,0.1174176,0.320544
2003/4/24,2003,4,24,0.349056,0.7128,0.202176,0.0196128,0.1174176,0.322272
2003/4/25,2003,4,25,0.352512,0.71712,0.202176,0.01944,0.1174176,0.324864
2003/4/26,2003,4,26,0.352512,0.71712,0.202176,0.0190944,0.1174176,0.329184
2003/4/27,2003,4,27,0.355968,0.72144,0.202176,0.0193536,0.1223424,0.334368
2003/4/28,2003,4,28,0.355968,0.72144,0.202176,0.0193536,0.1223424,0.342144
2003/4/29,2003,4,29,0.359424,0.72144,0.202176,0.01944,0.1223424,0.353376
2003/4/30,2003,4,30,0.368064,0.71712,0.202176,0.0196128,0.1345248,0.36288
2003/5/1,2003,5,1,0.368064,0.71712,0.202176,0.019872,0.1345248,0.38016
2003/5/2,2003,5,2,0.377568,0.71712,0.202176,0.019872,0.1467936,0.454464
2003/5/3,2003,5,3,0.381024,0.70848,0.20304,0.019872,0.1712448,0.59184
2003/5/4,2003,5,4,0.390528,0.70848,0.203904,0.0196128,0.195696,0.719712
2003/5/5,2003,5,5,0.393984,0.70848,0.203904,0.01944,0.2202336,0.815616
2003/5/6,2003,5,6,0.406944,0.70848,0.204768,0.0196128,0.2446848,0.87264
2003/5/7,2003,5,7,0.424224,0.7128,0.205632,0.0199584,0.3180384,0.89856
2003/5/8,2003,5,8,0.495072,0.731808,0.206496,0.019872,0.3742848,0.9072
2003/5/9,2003,5,9,0.547776,0.740448,0.20736,0.0209088,0.4477248,0.91584
2003/5/10,2003,5,10,0.62208,0.749088,0.208224,0.0212544,0.5260032,0.93312
2003/5/11,2003,5,11,0.696384,0.753408,0.208224,0.021168,0.6360768,0.94176
2003/5/12,2003,5,12,0.784512,0.772416,0.209088,0.0204768,0.733968,0.9504
2003/5/13,2003,5,13,0.92448,0.796608,0.209952,0.020736,0.8318592,0.9504
2003/5/14,2003,5,14,1.08,0.8208,0.210816,0.020736,0.9542016,0.9936
2003/5/15,2003,5,15,1.21824,0.85536,0.21168,0.020736,1.0764576,1.04544
2003/5/16,2003,5,16,1.36512,0.89856,0.212544,0.0222912,1.2110688,1.08864
2003/5/17,2003,5,17,1.49472,0.95904,0.213408,0.0230688,1.2379392,1.14912
2003/5/18,2003,5,18,1.62432,1.05408,0.215136,0.0251424,1.2526272,1.23552
2003/5/19,2003,5,19,1.78848,1.2528,0.216,0.0256608,1.242864,1.31328
2003/5/20,2003,5,20,1.96992,1.65888,0.216864,0.0269568,1.2184128,1.37376
2003/5/21,2003,5,21,2.15136,2.35008,0.217728,0.0301536,1.1866176,1.47744
2003/5/22,2003,5,22,2.41056,3.23136,0.218592,0.0352512,1.1596608,1.5552
2003/5/23,2003,5,23,2.66112,3.38688,0.229824,0.0443232,1.1401344,1.6416
2003/5/24,2003,5,24,3.04992,3.60288,0.241056,0.0556416,1.1254464,1.728
2003/5/25,2003,5,25,3.2832,4.42368,0.252288,0.0715392,1.1107584,1.8144
2003/5/26,2003,5,26,3.3264,8.17344,0.271296,0.094176,1.0960704,1.9008
2003/5/27,2003,5,27,3.2832,9.6768,0.305856,0.176256,1.0984896,2.0736
2003/5/28,2003,5,28,3.26592,10.7136,0.360288,0.34992,1.0960704,2.16
2003/5/29,2003,5,29,3.24,11.0592,0.421632,0.528768,1.0887264,2.2032
2003/5/30,2003,5,30,3.21408,11.7504,0.497664,0.857088,1.0789632,2.2464
2003/5/31,2003,5,31,3.17952,11.8368,0.616896,1.2096,1.0691136,2.27232
2003/6/1,2003,6,1,3.14496,11.232,0.735264,1.36512,1.0569312,2.31552
2003/6/2,2003,6,2,3.09312,10.6272,0.85536,1.41696,1.047168,2.2896
2003/6/3,2003,6,3,3.0672,10.7136,1.0368,1.45152,1.0348992,2.22912
2003/6/4,2003,6,4,3.05856,10.1088,1.39968,1.36512,1.0275552,2.1168
2003/6/5,2003,6,5,3.03264,9.936,2.04768,1.23552,1.0226304,2.01312
2003/6/6,2003,6,6,3.00672,9.5904,2.32416,1.08864,1.0226304,1.97856
2003/6/7,2003,6,7,2.99808,9.3312,5.14944,1.00224,1.03248,1.87488
2003/6/8,2003,6,8,3.00672,9.072,6.98976,0.98496,1.0520064,1.90944
2003/6/9,2003,6,9,2.99808,8.7264,7.98336,0.9936,1.0789632,1.96992
2003/6/10,2003,6,10,2.97216,8.51904,8.26848,0.98496,1.1131776,2.00448
2003/6/11,2003,6,11,2.95488,8.19936,8.22528,1.00224,1.1548224,1.96992
2003/6/12,2003,6,12,2.95488,8.0784,8.19072,0.9936,1.1988,1.91808
2003/6/13,2003,6,13,2.95488,7.79328,8.11296,1.00224,1.2379392,1.8576
2003/6/14,2003,6,14,2.95488,7.344,8.00928,1.07136,1.2673152,1.79712
2003/6/15,2003,6,15,2.95488,6.92928,7.92288,1.11456,1.2893472,1.73664
2003/6/16,2003,6,16,2.9808,6.67008,7.71552,1.20096,1.301616,1.71072
2003/6/17,2003,6,17,2.96352,6.45408,7.33536,1.21824,1.3137984,1.69344
2003/6/18,2003,6,18,2.95488,6.1776,6.88608,1.22688,1.3235616,1.6848
2003/6/19,2003,6,19,2.91168,5.69376,6.48864,1.26144,1.3235616,1.69344
2003/6/20,2003,6,20,2.90304,5.34816,6.21216,1.26144,1.3187232,1.69344
2003/6/21,2003,6,21,2.91168,4.98528,5.9616,1.22688,1.3137984,1.6848
2003/6/22,2003,6,22,2.91168,4.61376,5.84928,1.20096,1.3040352,1.67616
2003/6/23,2003,6,23,2.92032,4.32864,5.62464,1.20096,1.2893472,1.66752
2003/6/24,2003,6,24,2.91168,4.0608,5.33088,1.2096,1.2697344,1.66752
2003/6/25,2003,6,25,2.91168,3.74976,5.03712,1.20096,1.2477888,1.65888
2003/6/26,2003,6,26,2.90304,3.47328,4.8384,1.19232,1.2232512,1.65888
2003/6/27,2003,6,27,2.87712,3.22272,4.63104,1.18368,1.1939616,1.65888
2003/6/28,2003,6,28,2.85984,3.04128,4.51008,1.20096,1.1572416,1.65024
2003/6/29,2003,6,29,2.8512,2.78208,4.33728,1.20096,1.1205216,1.65024
2003/6/30,2003,6,30,2.83392,2.60064,4.0608,1.2096,1.0838016,1.65024
2003/7/1,2003,7,1,2.82528,2.40192,3.8448,1.22688,1.0495872,1.6416
2003/7/2,2003,7,2,2.808,2.2032,3.69792,1.24416,1.0275552,1.60704
2003/7/3,2003,7,3,2.808,2.12544,3.57696,1.2528,1.003104,1.56384
2003/7/4,2003,7,4,2.79072,2.03904,3.46464,1.21824,0.981072,1.53792
2003/7/5,2003,7,5,2.78208,1.84896,3.3696,1.19232,0.9615456,1.48608
2003/7/6,2003,7,6,2.77344,1.728,3.30048,1.14912,0.944352,1.46016
2003/7/7,2003,7,7,2.7648,1.67616,3.24864,1.14048,0.9248256,1.48608
2003/7/8,2003,7,8,2.7648,1.60704,3.22272,1.11456,0.9052128,1.48608
2003/7/9,2003,7,9,2.73888,1.5552,3.18816,1.0368,0.8807616,1.512
2003/7/10,2003,7,10,2.73888,1.52928,3.17088,0.96768,0.8612352,1.57248
2003/7/11,2003,7,11,2.73888,1.48608,3.1968,0.93312,0.8465472,1.65024
2003/7/12,2003,7,12,2.73024,1.43424,3.1968,0.93312,0.8416224,1.71072
2003/7/13,2003,7,13,2.71296,1.39968,3.17088,0.87264,0.8392032,1.73664
2003/7/14,2003,7,14,2.69568,1.3824,3.1536,0.714528,0.8807616,1.73664
2003/7/15,2003,7,15,2.69568,1.4256,3.14496,0.651456,0.8930304,1.71936
2003/7/16,2003,7,16,2.69568,1.44288,3.14496,0.558144,0.9052128,1.69344
2003/7/17,2003,7,17,2.6784,1.45152,3.17088,0.501984,0.929664,1.65888
2003/7/18,2003,7,18,2.66976,1.45152,3.17952,0.45792,0.9248256,1.66752
2003/7/19,2003,7,19,2.65248,1.45152,3.29184,0.431136,0.9345888,1.65888
2003/7/20,2003,7,20,2.64384,1.46016,3.30048,0.38016,0.9468576,1.65888
2003/7/21,2003,7,21,2.62656,1.46016,3.27456,0.376704,0.9468576,1.65024
2003/7/22,2003,7,22,2.592,1.46016,3.29184,0.372384,0.9492768,1.62432
2003/7/23,2003,7,23,2.56608,1.4688,3.3264,0.378432,0.95904,1.58112
2003/7/24,2003,7,24,2.55744,1.49472,3.31776,0.361152,0.981072,1.5552
2003/7/25,2003,7,25,2.55744,1.54656,3.31776,0.329184,0.99576,1.52064
2003/7/26,2003,7,26,2.5488,1.57248,3.29184,0.28512,1.0152864,1.50336
2003/7/27,2003,7,27,2.53152,1.5984,3.18816,0.342144,1.0299744,1.47744
2003/7/28,2003,7,28,2.5056,1.5984,3.07584,0.357696,1.0348992,1.45152
2003/7/29,2003,7,29,2.48832,1.56384,2.92896,0.34992,1.039824,1.4256
2003/7/30,2003,7,30,2.4624,1.48608,2.78208,0.36288,1.0348992,1.40832
2003/7/31,2003,7,31,2.44512,1.44288,2.66976,0.338688,1.0348992,1.37376
2003/8/1,2003,8,1,2.4192,1.39104,2.592,0.311904,1.0299744,1.3392
2003/8/2,2003,8,2,2.40192,1.36512,2.54016,0.282528,1.0202112,1.32192
2003/8/3,2003,8,3,2.36736,1.35648,2.49696,0.268704,1.0128672,1.296
2003/8/4,2003,8,4,2.32416,1.35648,2.44512,0.255744,0.99576,1.28736
2003/8/5,2003,8,5,2.27232,1.3824,2.39328,0.264384,1.0055232,1.26144
2003/8/6,2003,8,6,2.19456,1.3824,2.35872,0.270432,1.0152864,1.2528
2003/8/7,2003,8,7,2.1168,1.36512,2.3328,0.2376,1.0152864,1.26144
2003/8/8,2003,8,8,2.04768,1.33056,2.2896,0.219456,1.025136,1.36512
2003/8/9,2003,8,9,1.9872,1.31328,2.22048,0.210816,1.0299744,1.28736
2003/8/10,2003,8,10,1.92672,1.296,2.13408,0.200448,1.0275552,1.2528
2003/8/11,2003,8,11,1.87488,1.27872,2.04768,0.205632,1.0128672,1.2096
2003/8/12,2003,8,12,1.77984,1.27872,1.92672,0.228096,1.0055232,1.17504
2003/8/13,2003,8,13,1.66752,1.26144,1.84032,0.216864,0.99576,1.15776
2003/8/14,2003,8,14,1.57248,1.28736,1.76256,0.206496,0.9834912,1.13184
2003/8/15,2003,8,15,1.52928,1.296,1.65888,0.200448,0.9688032,1.10592
2003/8/16,2003,8,16,1.50336,1.30464,1.63296,0.192672,0.9492768,1.10592
2003/8/17,2003,8,17,1.45152,1.31328,1.65888,0.199584,0.9272448,1.08
2003/8/18,2003,8,18,1.39104,1.32192,1.69344,0.193536,0.9101376,1.07136
2003/8/19,2003,8,19,1.32192,1.33056,1.76256,0.178848,0.8954496,1.07136
2003/8/20,2003,8,20,1.19232,1.3392,1.8144,0.1728,0.8831808,1.07136
2003/8/21,2003,8,21,1.1232,1.3392,1.8144,0.173664,0.8734176,1.07136
2003/8/22,2003,8,22,1.08864,1.34784,1.82304,0.180576,0.8636544,1.07136
2003/8/23,2003,8,23,1.07136,1.3392,1.8144,0.192672,0.8587296,1.08
2003/8/24,2003,8,24,1.06272,1.32192,1.78848,0.200448,0.8612352,1.07136
2003/8/25,2003,8,25,1.04544,1.30464,1.76256,0.200448,0.8709984,1.08864
2003/8/26,2003,8,26,1.02816,1.2528,1.74528,0.202176,0.8881056,1.08864
2003/8/27,2003,8,27,1.01952,1.20096,1.71072,0.196128,0.9101376,1.10592
2003/8/28,2003,8,28,1.00224,1.1664,1.70208,0.19008,0.9272448,1.09728
2003/8/29,2003,8,29,0.9936,1.15776,1.71936,0.186624,0.9419328,1.08864
2003/8/30,2003,8,30,0.97632,1.14048,1.70208,0.178848,0.9566208,1.08
2003/8/31,2003,8,31,0.95904,1.13184,1.728,0.188352,0.9639648,1.06272
2003/9/1,2003,9,1,0.93312,1.14912,1.74528,0.255744,0.9688032,1.05408
2003/9/2,2003,9,2,0.92448,1.1664,1.76256,0.26352,0.9713088,1.01952
2003/9/3,2003,9,3,0.89856,1.17504,1.77984,0.270432,0.973728,0.9936
2003/9/4,2003,9,4,0.88128,1.17504,1.76256,0.351648,0.9786528,0.97632
2003/9/5,2003,9,5,0.864,1.14912,1.7712,0.391392,0.9834912,0.96768
2003/9/6,2003,9,6,0.860544,1.14048,1.78848,0.378432,0.988416,0.95904
2003/9/7,2003,9,7,0.853632,1.13184,1.83168,0.376704,0.9981792,0.9504
2003/9/8,2003,9,8,0.84672,1.10592,2.0736,0.398304,1.0080288,0.9504
2003/9/9,2003,9,9,0.860544,1.10592,2.21184,0.431136,1.025136,0.92448
2003/9/10,2003,9,10,0.853632,1.09728,2.18592,0.463968,1.039824,0.9072
2003/9/11,2003,9,11,0.84672,1.09728,2.14272,0.446688,1.0569312,0.9072
2003/9/12,2003,9,12,0.836352,1.09728,2.10816,0.428544,1.0740384,0.91584
2003/9/13,2003,9,13,0.82944,1.09728,2.08224,0.409536,1.0936512,0.94176
2003/9/14,2003,9,14,0.822528,1.10592,2.0736,0.38448,1.1131776,0.96768
2003/9/15,2003,9,15,0.815616,1.1232,2.03904,0.36288,1.1229408,0.95904
2003/9/16,2003,9,16,0.808704,1.14048,1.96128,0.340416,1.1302848,0.97632
2003/9/17,2003,9,17,0.802656,1.1664,1.91808,0.3024,1.1302848,1.02816
2003/9/18,2003,9,18,0.792288,1.2096,1.90944,0.27648,1.1254464,1.01952
2003/9/19,2003,9,19,0.776736,1.27008,1.92672,0.26352,1.1181024,0.9936
2003/9/20,2003,9,20,0.788832,1.28736,1.97856,0.254016,1.1058336,0.98496
2003/9/21,2003,9,21,0.843264,1.28736,2.04768,0.228096,1.0911456,0.98496
2003/9/22,2003,9,22,0.81216,1.26144,2.0736,0.222912,1.0716192,0.98496
2003/9/23,2003,9,23,0.808704,1.21824,2.04768,0.222912,1.054512,0.95904
2003/9/24,2003,9,24,0.802656,1.2096,1.96992,0.216864,1.0348992,0.94176
2003/9/25,2003,9,25,0.7992,1.2096,1.92672,0.209952,1.0080288,0.93312
2003/9/26,2003,9,26,0.802656,1.20096,1.87488,0.206496,0.9786528,0.91584
2003/9/27,2003,9,27,0.795744,1.20096,1.80576,0.205632,0.9468576,0.9072
2003/9/28,2003,9,28,0.792288,1.2096,1.7712,0.200448,0.9199008,0.89856
2003/9/29,2003,9,29,0.788832,1.24416,1.76256,0.200448,0.8831808,0.88128
2003/9/30,2003,9,30,0.78624,1.27008,1.75392,0.206496,0.8538912,0.87264
2003/10/1,2003,10,1,0.770688,1.27872,1.76256,0.218592,0.8171712,0.87264
2003/10/2,2003,10,2,0.762912,1.27872,1.79712,0.219456,0.7975584,0.864
2003/10/3,2003,10,3,0.762912,1.28736,1.82304,0.218592,0.7804512,0.864
2003/10/4,2003,10,4,0.76032,1.296,1.80576,0.202176,0.7657632,0.87264
2003/10/5,2003,10,5,0.754272,1.296,1.80576,0.182304,0.7535808,0.89856
2003/10/6,2003,10,6,0.749088,1.27872,1.83168,0.19872,0.7363872,0.91584
2003/10/7,2003,10,7,0.746496,1.27008,1.8144,0.196128,0.7216992,0.9072
2003/10/8,2003,10,8,0.740448,1.26144,1.7712,0.190944,0.697248,0.9072
2003/10/9,2003,10,9,0.735264,1.24416,1.73664,0.192672,0.6777216,0.92448
2003/10/10,2003,10,10,0.729216,1.24416,1.70208,0.202176,0.6606144,0.92448
2003/10/11,2003,10,11,0.724032,1.23552,1.67616,0.202176,0.6410016,0.92448
2003/10/12,2003,10,12,0.718848,1.22688,1.61568,0.1944,0.6213888,0.92448
2003/10/13,2003,10,13,0.715392,1.17504,1.5552,0.192672,0.6042816,0.91584
2003/10/14,2003,10,14,0.710208,1.14912,1.47744,0.189216,0.5847552,0.91584
2003/10/15,2003,10,15,0.705024,1.11456,1.44288,0.160704,0.5651424,0.9072
2003/10/16,2003,10,16,0.701568,1.08864,1.44288,0.121824,0.55296,0.89856
2003/10/17,2003,10,17,0.698976,1.07136,1.44288,0.097632,0.5357664,0.88128
2003/10/18,2003,10,18,0.693792,1.05408,1.39968,0.087264,0.5210784,0.87264
2003/10/19,2003,10,19,0.688608,1.0368,1.43424,0.0841536,0.508896,0.85536
2003/10/20,2003,10,20,0.686016,1.0368,1.31328,0.0810432,0.4917888,0.841536
2003/10/21,2003,10,21,0.683424,0.98496,1.0368,0.078192,0.4771008,0.834624
2003/10/22,2003,10,22,0.67824,0.96768,0.94176,0.0740448,0.464832,0.825984
2003/10/23,2003,10,23,0.673056,0.94176,0.839808,0.068256,0.4526496,0.819072
2003/10/24,2003,10,24,0.667872,0.91584,0.74304,0.0660096,0.4403808,0.802656
2003/10/25,2003,10,25,0.670464,0.88992,0.637632,0.06264,0.4256928,0.794016
2003/10/26,2003,10,26,0.660096,0.864,0.608256,0.0609984,0.4135104,0.79056
2003/10/27,2003,10,27,0.650592,0.838944,0.57888,0.0597024,0.4012416,0.775008
2003/10/28,2003,10,28,0.645408,0.797472,0.549504,0.060912,0.3889728,0.76896
2003/10/29,2003,10,29,0.641088,0.757728,0.520128,0.060048,0.3767904,0.762048
2003/10/30,2003,10,30,0.614304,0.741312,0.490752,0.060048,0.3621024,0.756
2003/10/31,2003,10,31,0.60912,0.735264,0.461376,0.0584064,0.3449952,0.749088
2003/11/1,2003,11,1,0.590112,0.719712,0.45792,0.057024,0.3376512,0.7344
2003/11/2,2003,11,2,0.588384,0.69984,0.454464,0.0554688,0.3303072,0.72144
2003/11/3,2003,11,3,0.5832,0.696384,0.451008,0.0539136,0.320544,0.7128
2003/11/4,2003,11,4,0.581472,0.677376,0.447552,0.052272,0.3132,0.70416
2003/11/5,2003,11,5,0.57888,0.67392,0.444096,0.0499392,0.3082752,0.6912
2003/11/6,2003,11,6,0.56592,0.6696,0.44064,0.0476928,0.3033504,0.67392
2003/11/7,2003,11,7,0.549504,0.684288,0.437184,0.0476928,0.298512,0.66096
2003/11/8,2003,11,8,0.543456,0.781056,0.433728,0.0471744,0.2935872,0.648
2003/11/9,2003,11,9,0.534816,0.824256,0.430272,0.0464832,0.291168,0.63504
2003/11/10,2003,11,10,0.52704,0.818208,0.426816,0.0461376,0.2862432,0.61776
2003/11/11,2003,11,11,0.519264,0.827712,0.42336,0.0446688,0.2813184,0.6048
2003/11/12,2003,11,12,0.507168,0.840672,0.419904,0.0446688,0.2739744,0.58752
2003/11/13,2003,11,13,0.493344,0.853632,0.417312,0.0428544,0.269136,0.57024
2003/11/14,2003,11,14,0.481248,0.860544,0.413856,0.0425088,0.2642112,0.55296
2003/11/15,2003,11,15,0.469152,0.836352,0.4104,0.0404352,0.2593728,0.53568
2003/11/16,2003,11,16,0.463104,0.806976,0.406944,0.0394848,0.254448,0.5184
2003/11/17,2003,11,17,0.458784,0.801792,0.403488,0.0390528,0.2495232,0.50544
2003/11/18,2003,11,18,0.454464,0.748224,0.400032,0.0390528,0.2446848,0.48816
2003/11/19,2003,11,19,0.450144,0.667872,0.396576,0.0373248,0.2421792,0.47088
2003/11/20,2003,11,20,0.445824,0.658368,0.39312,0.0361152,0.23976,0.45792
2003/11/21,2003,11,21,0.439776,0.636768,0.389664,0.035856,0.2373408,0.44064
2003/11/22,2003,11,22,0.433728,0.627264,0.386208,0.0350784,0.232416,0.420768
2003/11/23,2003,11,23,0.42768,0.616032,0.382752,0.0359424,0.2274912,0.409536
2003/11/24,2003,11,24,0.417312,0.610848,0.379296,0.0340416,0.225072,0.394848
2003/11/25,2003,11,25,0.411264,0.590976,0.37584,0.0348192,0.2226528,0.377568
2003/11/26,2003,11,26,0.400896,0.595296,0.372384,0.0359424,0.2202336,0.357696
2003/11/27,2003,11,27,0.39744,0.584064,0.368928,0.0359424,0.217728,0.33696
2003/11/28,2003,11,28,0.392256,0.588384,0.365472,0.0340416,0.2153088,0.31536
2003/11/29,2003,11,29,0.386208,0.588384,0.362016,0.0340416,0.2128896,0.286848
2003/11/30,2003,11,30,0.381024,0.581472,0.35856,0.0334368,0.210384,0.2808
2003/12/1,2003,12,1,0.374976,0.590112,0.355104,0.0323136,0.2079648,0.27216
2003/12/2,2003,12,2,0.369792,0.595296,0.351648,0.032832,0.20304,0.26352
2003/12/3,2003,12,3,0.363744,0.59184,0.348192,0.032832,0.2006208,0.257472
2003/12/4,2003,12,4,0.35856,0.60048,0.344736,0.0333504,0.1982016,0.24624
2003/12/5,2003,12,5,0.352512,0.59616,0.34128,0.0324,0.195696,0.24192
2003/12/6,2003,12,6,0.347328,0.59184,0.337824,0.0321408,0.1932768,0.2376
2003/12/7,2003,12,7,0.34128,0.58752,0.334368,0.0321408,0.1908576,0.23328
2003/12/8,2003,12,8,0.336096,0.5832,0.331776,0.0329184,0.189648,0.22896
2003/12/9,2003,12,9,0.330048,0.5832,0.32832,0.0322272,0.188352,0.227232
2003/12/10,2003,12,10,0.334368,0.57456,0.324864,0.0322272,0.1859328,0.22464
2003/12/11,2003,12,11,0.339552,0.57024,0.321408,0.0326592,0.1847232,0.227232
2003/12/12,2003,12,12,0.343872,0.56592,0.317952,0.0317088,0.182304,0.23328
2003/12/13,2003,12,13,0.348192,0.56592,0.314496,0.0317088,0.181008,0.24192
2003/12/14,2003,12,14,0.352512,0.55728,0.31104,0.0314496,0.1785888,0.25056
2003/12/15,2003,12,15,0.357696,0.54432,0.307584,0.0317088,0.1773792,0.260928
2003/12/16,2003,12,16,0.362016,0.54432,0.304128,0.0304992,0.1761696,0.292032
2003/12/17,2003,12,17,0.366336,0.54432,0.300672,0.031104,0.173664,0.31968
2003/12/18,2003,12,18,0.37152,0.54432,0.297216,0.031104,0.1724544,0.34128
2003/12/19,2003,12,19,0.37584,0.54,0.29376,0.0298944,0.1712448,0.35856
2003/12/20,2003,12,20,0.38016,0.54,0.290304,0.03024,0.1700352,0.374112
2003/12/21,2003,12,21,0.38448,0.53568,0.29376,0.03024,0.1688256,0.387936
2003/12/22,2003,12,22,0.389664,0.53136,0.297216,0.0309312,0.167616,0.400896
2003/12/23,2003,12,23,0.393984,0.53136,0.300672,0.0309312,0.1664064,0.413856
2003/12/24,2003,12,24,0.39312,0.53568,0.304128,0.0288576,0.1651104,0.425952
2003/12/25,2003,12,25,0.39312,0.57024,0.307584,0.0288576,0.1639008,0.438048
2003/12/26,2003,12,26,0.392256,0.59616,0.311904,0.0278208,0.1626912,0.446688
2003/12/27,2003,12,27,0.391392,0.60912,0.31536,0.0270432,0.1626912,0.451008
2003/12/28,2003,12,28,0.391392,0.61776,0.318816,0.0258336,0.1614816,0.451872
2003/12/29,2003,12,29,0.390528,0.63072,0.322272,0.025488,0.160272,0.44928
2003/12/30,2003,12,30,0.389664,0.63936,0.325728,0.0242784,0.1590624,0.443232
2003/12/31,2003,12,31,0.389664,0.648,0.329184,0.0242784,0.1590624,0.437184
2004/1/1,2004,1,1,0.32832,0.65664,0.324864,0.0242784,0.1577664,0.432864
2004/1/2,2004,1,2,0.32616,0.66528,0.320544,0.0242784,0.1565568,0.431136
2004/1/3,2004,1,3,0.325296,0.6696,0.317088,0.0241056,0.1553472,0.432
2004/1/4,2004,1,4,0.323136,0.67392,0.312768,0.0235872,0.1541376,0.435456
2004/1/5,2004,1,5,0.320976,0.67392,0.308448,0.0241056,0.1541376,0.44064
2004/1/6,2004,1,6,0.3200256,0.67392,0.304128,0.02376,0.152928,0.44928
2004/1/7,2004,1,7,0.3200256,0.67392,0.300672,0.0226368,0.152928,0.456192
2004/1/8,2004,1,8,0.3200256,0.67392,0.296352,0.0219456,0.1517184,0.461376
2004/1/9,2004,1,9,0.3213216,0.67392,0.292032,0.0219456,0.1504224,0.463104
2004/1/10,2004,1,10,0.3213216,0.67392,0.287712,0.0217728,0.1492128,0.463968
2004/1/11,2004,1,11,0.3213216,0.6696,0.284256,0.0217728,0.1480032,0.464832
2004/1/12,2004,1,12,0.3213216,0.6696,0.279936,0.0217728,0.1467936,0.464832
2004/1/13,2004,1,13,0.3213216,0.65664,0.275616,0.0217728,0.145584,0.463968
2004/1/14,2004,1,14,0.3213216,0.65232,0.271296,0.0206496,0.145584,0.46224
2004/1/15,2004,1,15,0.3213216,0.65232,0.26784,0.0195264,0.1443744,0.460512
2004/1/16,2004,1,16,0.3213216,0.648,0.26352,0.0193536,0.1443744,0.455328
2004/1/17,2004,1,17,0.324432,0.648,0.2592,0.0193536,0.1431648,0.451008
2004/1/18,2004,1,18,0.322272,0.648,0.255744,0.0193536,0.1418688,0.446688
2004/1/19,2004,1,19,0.3200256,0.64368,0.252288,0.0189216,0.1418688,0.441504
2004/1/20,2004,1,20,0.3178656,0.64368,0.248832,0.0189216,0.1406592,0.438048
2004/1/21,2004,1,21,0.3157056,0.64368,0.245376,0.0189216,0.1406592,0.433728
2004/1/22,2004,1,22,0.3147552,0.64368,0.24192,0.0189216,0.1394496,0.429408
2004/1/23,2004,1,23,0.3203712,0.63936,0.238464,0.0191808,0.1394496,0.425952
2004/1/24,2004,1,24,0.3190752,0.63504,0.235008,0.0178848,0.13824,0.424224
2004/1/25,2004,1,25,0.3168288,0.63504,0.231552,0.0175392,0.1370304,0.42336
2004/1/26,2004,1,26,0.3256416,0.63072,0.228096,0.0175392,0.1370304,0.421632
2004/1/27,2004,1,27,0.3234816,0.63072,0.22464,0.0175392,0.1345248,0.420768
2004/1/28,2004,1,28,0.3212352,0.6264,0.221184,0.0175392,0.1345248,0.420768
2004/1/29,2004,1,29,0.3234816,0.6264,0.217728,0.017712,0.1333152,0.420768
2004/1/30,2004,1,30,0.3212352,0.6264,0.214272,0.01728,0.1321056,0.420768
2004/1/31,2004,1,31,0.3256416,0.6264,0.21168,0.0169344,0.1321056,0.420768
2004/2/1,2004,2,1,0.3226176,0.62208,0.209088,0.0167616,0.1321056,0.419904
2004/2/2,2004,2,2,0.3203712,0.62208,0.206496,0.0171072,0.130896,0.418176
2004/2/3,2004,2,3,0.3247776,0.62208,0.203904,0.017712,0.130896,0.416448
2004/2/4,2004,2,4,0.3226176,0.61776,0.201312,0.0173664,0.1296864,0.41472
2004/2/5,2004,2,5,0.3203712,0.61776,0.19872,0.0176256,0.1296864,0.412992
2004/2/6,2004,2,6,0.329184,0.61776,0.196128,0.0180576,0.1296864,0.411264
2004/2/7,2004,2,7,0.3226176,0.61776,0.193536,0.0190944,0.1284768,0.407808
2004/2/8,2004,2,8,0.3234816,0.61344,0.190944,0.0195264,0.1284768,0.40608
2004/2/9,2004,2,9,0.325728,0.60912,0.188352,0.0199584,0.1284768,0.402624
2004/2/10,2004,2,10,0.327888,0.6048,0.184896,0.0201312,0.1271808,0.39744
2004/2/11,2004,2,11,0.331344,0.6048,0.182304,0.020304,0.1271808,0.393984
2004/2/12,2004,2,12,0.33264,0.6048,0.179712,0.020736,0.1271808,0.391392
2004/2/13,2004,2,13,0.3361824,0.60048,0.17712,0.0205632,0.1259712,0.389664
2004/2/14,2004,2,14,0.335232,0.60048,0.174528,0.0205632,0.1259712,0.387072
2004/2/15,2004,2,15,0.3342816,0.60048,0.171936,0.020736,0.1247616,0.386208
2004/2/16,2004,2,16,0.3320352,0.6048,0.169344,0.0190944,0.1247616,0.385344
2004/2/17,2004,2,17,0.3320352,0.6048,0.166752,0.0193536,0.123552,0.38448
2004/2/18,2004,2,18,0.3297888,0.60912,0.16416,0.0189216,0.123552,0.383616
2004/2/19,2004,2,19,0.3297888,0.61776,0.161568,0.0189216,0.123552,0.382752
2004/2/20,2004,2,20,0.3320352,0.62208,0.15984,0.0188352,0.1223424,0.381888
2004/2/21,2004,2,21,0.3310848,0.62208,0.157248,0.0188352,0.1223424,0.38016
2004/2/22,2004,2,22,0.3333312,0.6264,0.15552,0.0184896,0.1223424,0.379296
2004/2/23,2004,2,23,0.3355776,0.63072,0.153792,0.0188352,0.1223424,0.377568
2004/2/24,2004,2,24,0.337824,0.6264,0.1512,0.0188352,0.1211328,0.37584
2004/2/25,2004,2,25,0.3402432,0.62208,0.149472,0.0184896,0.1211328,0.373248
2004/2/26,2004,2,26,0.3396384,0.62208,0.147744,0.0184896,0.1211328,0.37152
2004/2/27,2004,2,27,0.3390336,0.62208,0.145152,0.0184032,0.1199232,0.370656
2004/2/28,2004,2,28,0.3384288,0.62208,0.143424,0.018144,0.1199232,0.368064
2004/2/29,2004,2,29,0.33912,0.62208,0.140832,0.0184032,0.1199232,0.3672
2004/3/1,2004,3,1,0.3385152,0.62208,0.139104,0.0184896,0.1199232,0.364608
2004/3/2,2004,3,2,0.3379104,0.62208,0.137376,0.0184896,0.1199232,0.362016
2004/3/3,2004,3,3,0.3379104,0.62208,0.134784,0.0188352,0.1199232,0.360288
2004/3/4,2004,3,4,0.3373056,0.62208,0.133056,0.0184896,0.1186272,0.359424
2004/3/5,2004,3,5,0.3379104,0.62208,0.132192,0.0188352,0.1186272,0.357696
2004/3/6,2004,3,6,0.3360096,0.62208,0.132192,0.0188352,0.1186272,0.355968
2004/3/7,2004,3,7,0.3341088,0.62208,0.131328,0.0189216,0.1186272,0.355104
2004/3/8,2004,3,8,0.332208,0.6264,0.131328,0.0189216,0.1174176,0.353376
2004/3/9,2004,3,9,0.3303936,0.63072,0.130464,0.0190944,0.1174176,0.352512
2004/3/10,2004,3,10,0.3284928,0.63072,0.130464,0.0193536,0.1174176,0.352512
2004/3/11,2004,3,11,0.327888,0.63072,0.1296,0.0183168,0.1174176,0.352512
2004/3/12,2004,3,12,0.3284928,0.63072,0.1296,0.0183168,0.1174176,0.352512
2004/3/13,2004,3,13,0.329184,0.63072,0.128736,0.018144,0.116208,0.353376
2004/3/14,2004,3,14,0.3298752,0.63072,0.128736,0.0183168,0.116208,0.351648
2004/3/15,2004,3,15,0.3302208,0.63072,0.127872,0.0184032,0.116208,0.34992
2004/3/16,2004,3,16,0.329184,0.63072,0.127872,0.0186624,0.116208,0.346464
2004/3/17,2004,3,17,0.3280608,0.63072,0.127008,0.0188352,0.1149984,0.343008
2004/3/18,2004,3,18,0.327024,0.63504,0.12528,0.0190944,0.1149984,0.339552
2004/3/19,2004,3,19,0.3259008,0.63504,0.124416,0.0190944,0.1149984,0.336096
2004/3/20,2004,3,20,0.324864,0.63504,0.122688,0.0193536,0.1149984,0.331776
2004/3/21,2004,3,21,0.324,0.63936,0.12096,0.0193536,0.1149984,0.329184
2004/3/22,2004,3,22,0.3219264,0.63936,0.120096,0.0189216,0.1149984,0.32832
2004/3/23,2004,3,23,0.3211488,0.63936,0.118368,0.0190944,0.1137888,0.32832
2004/3/24,2004,3,24,0.3190752,0.64368,0.11664,0.0193536,0.1137888,0.326592
2004/3/25,2004,3,25,0.3182112,0.64368,0.115776,0.0193536,0.1137888,0.325728
2004/3/26,2004,3,26,0.3174336,0.64368,0.114048,0.01944,0.1137888,0.324864
2004/3/27,2004,3,27,0.316656,0.64368,0.11232,0.01944,0.1137888,0.324
2004/3/28,2004,3,28,0.31104,0.648,0.111456,0.0196128,0.1137888,0.324
2004/3/29,2004,3,29,0.3107808,0.648,0.109728,0.019872,0.1137888,0.324
2004/3/30,2004,3,30,0.310608,0.648,0.108,0.019872,0.1137888,0.325728
2004/3/31,2004,3,31,0.3092256,0.65232,0.105408,0.019872,0.1137888,0.327456
2004/4/1,2004,4,1,0.3150144,0.65232,0.10368,0.019872,0.1137888,0.326592
2004/4/2,2004,4,2,0.3129408,0.65664,0.101088,0.0190944,0.1137888,0.325728
2004/4/3,2004,4,3,0.3086208,0.66096,0.09936,0.0188352,0.1137888,0.324864
2004/4/4,2004,4,4,0.3083616,0.66096,0.096768,0.018144,0.1137888,0.324
2004/4/5,2004,4,5,0.3069792,0.66528,0.09504,0.0176256,0.1137888,0.321408
2004/4/6,2004,4,6,0.3068064,0.66528,0.092448,0.0176256,0.1137888,0.31968
2004/4/7,2004,4,7,0.3087936,0.66528,0.09072,0.0173664,0.1137888,0.317952
2004/4/8,2004,4,8,0.3109536,0.66528,0.088128,0.0170208,0.1137888,0.316224
2004/4/9,2004,4,9,0.3138912,0.66528,0.0864,0.0173664,0.1137888,0.317952
2004/4/10,2004,4,10,0.3182112,0.6696,0.088128,0.0177984,0.1137888,0.318816
2004/4/11,2004,4,11,0.3199392,0.6696,0.088992,0.0178848,0.1137888,0.317952
2004/4/12,2004,4,12,0.3200256,0.6696,0.09072,0.0176256,0.1137888,0.316224
2004/4/13,2004,4,13,0.3195936,0.6696,0.092448,0.0176256,0.1137888,0.314496
2004/4/14,2004,4,14,0.3194208,0.67392,0.094176,0.0176256,0.1137888,0.312768
2004/4/15,2004,4,15,0.3210624,0.67824,0.09504,0.0176256,0.1137888,0.31104
2004/4/16,2004,4,16,0.3206304,0.68256,0.096768,0.0176256,0.1137888,0.31104
2004/4/17,2004,4,17,0.3210624,0.68256,0.098496,0.0176256,0.1137888,0.314496
2004/4/18,2004,4,18,0.3220128,0.68688,0.09936,0.0183168,0.1149984,0.31536
2004/4/19,2004,4,19,0.32184,0.6912,0.101088,0.0184032,0.1149984,0.316224
2004/4/20,2004,4,20,0.322272,0.69552,0.098496,0.0184032,0.1149984,0.317088
2004/4/21,2004,4,21,0.3224448,0.69552,0.095904,0.0188352,0.116208,0.320544
2004/4/22,2004,4,22,0.3221856,0.69984,0.093312,0.0188352,0.1174176,0.326592
2004/4/23,2004,4,23,0.3238272,0.70848,0.09072,0.0188352,0.1186272,0.333504
2004/4/24,2004,4,24,0.3260736,0.70848,0.088128,0.0188352,0.1199232,0.340416
2004/4/25,2004,4,25,0.3260736,0.7128,0.0853632,0.0188352,0.1223424,0.346464
2004/4/26,2004,4,26,0.3260736,0.71712,0.0826848,0.0189216,0.1271808,0.352512
2004/4/27,2004,4,27,0.3320352,0.72144,0.0800928,0.0190944,0.1321056,0.356832
2004/4/28,2004,4,28,0.3367872,0.72144,0.0774144,0.01944,0.1394496,0.36288
2004/4/29,2004,4,29,0.3431808,0.72576,0.0748224,0.0196128,0.1541376,0.368064
2004/4/30,2004,4,30,0.3480192,0.73008,0.0748224,0.0196128,0.1712448,0.374112
2004/5/1,2004,5,1,0.3521664,0.73008,0.0749088,0.0203904,0.20304,0.381888
2004/5/2,2004,5,2,0.3564,0.7344,0.0749088,0.0209088,0.2568672,0.387072
2004/5/3,2004,5,3,0.3639168,0.7344,0.0749088,0.020736,0.3180384,0.39312
2004/5/4,2004,5,4,0.3697056,0.7344,0.0749088,0.0204768,0.4036608,0.402624
2004/5/5,2004,5,5,0.3742848,0.73872,0.0749952,0.0204768,0.464832,0.418176
2004/5/6,2004,5,6,0.38016,0.73872,0.0749952,0.0204768,0.5504544,0.438912
2004/5/7,2004,5,7,0.3947616,0.73872,0.0749952,0.0212544,0.6606144,0.46656
2004/5/8,2004,5,8,0.402624,0.753408,0.0763776,0.0214272,0.763344,0.498528
2004/5/9,2004,5,9,0.4101408,0.757728,0.0776736,0.0214272,0.8318592,0.532224
2004/5/10,2004,5,10,0.418176,0.757728,0.079056,0.0216864,0.8856864,0.547776
2004/5/11,2004,5,11,0.4320864,0.7776,0.0804384,0.0219456,0.929664,0.569376
2004/5/12,2004,5,12,0.4451328,0.7776,0.0817344,0.0222048,0.951696,0.599616
2004/5/13,2004,5,13,0.4578336,0.792288,0.0831168,0.022464,0.95904,0.632448
2004/5/14,2004,5,14,0.4997376,0.81216,0.0844128,0.023328,0.981072,0.660096
2004/5/15,2004,5,15,0.5186592,0.832032,0.0857952,0.0240192,1.0226304,0.675648
2004/5/16,2004,5,16,0.5616,0.851904,0.087264,0.0242784,1.0642752,0.679104
2004/5/17,2004,5,17,0.594864,0.87264,0.088128,0.0255744,1.1009952,0.687744
2004/5/18,2004,5,18,0.662688,0.91584,0.089856,0.0269568,1.1449728,0.740448
2004/5/19,2004,5,19,0.6945696,0.9504,0.091584,0.0282528,1.1939616,0.801792
2004/5/20,2004,5,20,0.7818336,0.97632,0.094176,0.029808,1.228176,0.87264
2004/5/21,2004,5,21,0.9510912,1.01088,0.095904,0.031104,1.2477888,0.95904
2004/5/22,2004,5,22,1.1316672,1.08,0.098496,0.0318816,1.2551328,1.1232
2004/5/23,2004,5,23,1.3304736,1.19232,0.100224,0.0336096,1.2623904,1.41696
2004/5/24,2004,5,24,1.4472,1.30464,0.118368,0.034992,1.2673152,1.5552
2004/5/25,2004,5,25,1.6062624,1.60704,0.140832,0.038448,1.2746592,1.66752
2004/5/26,2004,5,26,1.757376,3.03264,0.201312,0.0464832,1.2820032,1.9008
2004/5/27,2004,5,27,1.8743616,3.33504,0.261792,0.0545184,1.2991104,2.0736
2004/5/28,2004,5,28,2.0167488,4.25088,0.330912,0.081648,1.3260672,2.2464
2004/5/29,2004,5,29,2.2490784,4.37184,0.431136,0.14688,1.3505184,2.4192
2004/5/30,2004,5,30,2.6296704,7.16256,0.637632,0.274752,1.3773888,2.592
2004/5/31,2004,5,31,2.951424,9.072,0.839808,0.59616,1.4043456,2.5056
2004/6/1,2004,6,1,3.1309632,10.2816,1.17504,0.98496,1.4287968,2.15136
2004/6/2,2004,6,2,3.1646592,10.1952,2.08224,1.33056,1.453248,2.04768
2004/6/3,2004,6,3,3.132,10.8864,3.21408,1.86624,1.4728608,1.9872
2004/6/4,2004,6,4,3.1319136,10.9728,4.61376,2.47968,1.4875488,1.944
2004/6/5,2004,6,5,3.0976992,10.1088,8.17344,1.99584,1.5022368,1.9008
2004/6/6,2004,6,6,3.0795552,10.1088,10.1088,1.91808,1.5144192,1.8576
2004/6/7,2004,6,7,3.0950208,10.0224,9.504,1.89216,1.526688,1.8144
2004/6/8,2004,6,8,3.12768,9.5904,8.8128,1.84896,1.5388704,1.77984
2004/6/9,2004,6,9,3.0672,9.1584,8.8128,1.8144,1.5559776,1.75392
2004/6/10,2004,6,10,3.07584,8.9856,8.64,1.75392,1.5658272,1.728
2004/6/11,2004,6,11,3.05856,8.8128,8.53632,1.66752,1.5706656,1.71072
2004/6/12,2004,6,12,3.05856,8.62272,8.09568,1.60704,1.5780096,1.69344
2004/6/13,2004,6,13,3.04128,8.58816,7.56864,1.52928,1.5780096,1.66752
2004/6/14,2004,6,14,2.97216,8.48448,6.8256,1.45152,1.5706656,1.63296
2004/6/15,2004,6,15,2.9808,8.2944,6.3504,1.40832,1.5633216,1.60704
2004/6/16,2004,6,16,2.98944,8.15616,6.03072,1.34784,1.54872,1.58112
2004/6/17,2004,6,17,2.9808,7.97472,5.80608,1.32192,1.534032,1.58112
2004/6/18,2004,6,18,2.98944,7.74144,5.67648,1.28736,1.519344,1.58112
2004/6/19,2004,6,19,2.9808,7.344,5.62464,1.22688,1.504656,1.56384
2004/6/20,2004,6,20,2.98944,6.9984,5.60736,1.20096,1.4850432,1.54656
2004/6/21,2004,6,21,3.03264,6.5664,5.59008,1.11456,1.467936,1.52928
2004/6/22,2004,6,22,2.97216,6.19488,5.65056,1.08864,1.4484096,1.50336
2004/6/23,2004,6,23,2.91168,5.82336,5.68512,1.08,1.4263776,1.48608
2004/6/24,2004,6,24,2.90304,5.4,5.71104,1.08864,1.4043456,1.46016
2004/6/25,2004,6,25,2.88576,5.0112,5.832,1.08864,1.3773888,1.44288
2004/6/26,2004,6,26,2.88576,4.63104,5.97888,1.09728,1.3505184,1.40832
2004/6/27,2004,6,27,2.8512,4.33728,6.08256,1.11456,1.3211424,1.3824
2004/6/28,2004,6,28,2.82528,4.04352,6.16032,1.1232,1.2893472,1.36512
2004/6/29,2004,6,29,2.82528,3.7584,6.20352,1.14912,1.257552,1.34784
2004/6/30,2004,6,30,2.79936,3.37824,6.14304,1.13184,1.2257568,1.33056
2004/7/1,2004,7,1,2.74752,3.21408,6.08256,1.14048,1.1939616,1.31328
2004/7/2,2004,7,2,2.73024,3.04128,6.07392,1.1664,1.1645856,1.28736
2004/7/3,2004,7,3,2.71296,2.79072,6.0912,1.19232,1.1352096,1.27008
2004/7/4,2004,7,4,2.70432,2.56608,6.07392,1.20096,1.1107584,1.23552
2004/7/5,2004,7,5,2.66976,2.34144,6.03072,1.20096,1.0911456,1.23552
2004/7/6,2004,7,6,2.6352,2.26368,5.93568,1.19232,1.0716192,1.21824
2004/7/7,2004,7,7,2.60064,2.18592,5.78016,1.1664,1.0569312,1.18368
2004/7/8,2004,7,8,2.56608,2.08224,5.65056,1.13184,1.0446624,1.15776
2004/7/9,2004,7,9,2.55744,1.96992,5.49504,1.08,1.03248,1.11456
2004/7/10,2004,7,10,2.54016,1.9008,5.34816,1.0368,1.0152864,1.10592
2004/7/11,2004,7,11,2.53152,1.8576,5.08032,0.95904,0.9981792,1.08864
2004/7/12,2004,7,12,2.53152,1.82304,4.8384,0.89856,0.9786528,1.08
2004/7/13,2004,7,13,2.49696,1.79712,4.61376,0.864,0.9566208,1.08
2004/7/14,2004,7,14,2.47104,1.76256,4.35456,0.802656,0.9395136,1.09728
2004/7/15,2004,7,15,2.44512,1.71936,4.1472,0.694656,0.92232,1.10592
2004/7/16,2004,7,16,2.42784,1.71072,3.95712,0.622944,0.9077184,1.11456
2004/7/17,2004,7,17,2.40192,1.75392,3.73248,0.569376,0.9052128,1.11456
2004/7/18,2004,7,18,2.39328,1.79712,3.52512,0.54432,0.8831808,1.09728
2004/7/19,2004,7,19,2.376,1.8144,3.3264,0.542592,0.8684928,1.08
2004/7/20,2004,7,20,2.35872,1.80576,3.16224,0.54432,0.8587296,1.07136
2004/7/21,2004,7,21,2.34144,1.78848,3.05856,0.53568,0.8489664,1.06272
2004/7/22,2004,7,22,2.32416,1.77984,2.97216,0.52704,0.8489664,1.04544
2004/7/23,2004,7,23,2.32416,1.77984,2.88576,0.520128,0.8269344,1.01952
2004/7/24,2004,7,24,2.31552,1.78848,2.78208,0.508896,0.8098272,1.01088
2004/7/25,2004,7,25,2.29824,1.80576,2.6784,0.504576,0.7731072,1.00224
2004/7/26,2004,7,26,2.28096,1.83168,2.592,0.517536,0.7535808,0.98496
2004/7/27,2004,7,27,2.27232,1.84896,2.44512,0.513216,0.7462368,0.97632
2004/7/28,2004,7,28,2.2464,1.84032,2.2896,0.508896,0.7437312,0.97632
2004/7/29,2004,7,29,2.19456,1.77984,2.16,0.499392,0.741312,1.00224
2004/7/30,2004,7,30,2.17728,1.728,2.05632,0.497664,0.7437312,0.9936
2004/7/31,2004,7,31,2.15136,1.69344,1.93536,0.493344,0.7462368,0.9936
2004/8/1,2004,8,1,2.08224,1.65888,1.8576,0.504576,0.748656,1.02816
2004/8/2,2004,8,2,2.00448,1.58112,1.84896,0.521856,0.7510752,1.06272
2004/8/3,2004,8,3,1.95264,1.47744,1.88352,0.53568,0.7510752,1.08
2004/8/4,2004,8,4,1.9008,1.44288,1.944,0.538272,0.7510752,1.07136
2004/8/5,2004,8,5,1.74528,1.3824,2.01312,0.549504,0.7510752,1.04544
2004/8/6,2004,8,6,1.69344,1.35648,2.0736,0.542592,0.7510752,1.01088
2004/8/7,2004,8,7,1.62432,1.35648,2.13408,0.5184,0.7462368,0.98496
2004/8/8,2004,8,8,1.52064,1.35648,2.17728,0.520128,0.741312,0.96768
2004/8/9,2004,8,9,1.512,1.3392,2.22912,0.520128,0.7462368,0.95904
2004/8/10,2004,8,10,1.45152,1.33056,2.2896,0.515808,0.7510752,0.9504
2004/8/11,2004,8,11,1.37376,1.31328,2.35008,0.528768,0.7535808,0.94176
2004/8/12,2004,8,12,1.31328,1.30464,2.45376,0.565056,0.7535808,0.93312
2004/8/13,2004,8,13,1.20096,1.296,2.71296,0.629856,0.7657632,0.9072
2004/8/14,2004,8,14,1.15776,1.296,2.86848,0.705888,0.79272,0.91584
2004/8/15,2004,8,15,1.08864,1.28736,3.04128,0.780192,0.807408,0.91584
2004/8/16,2004,8,16,1.11456,1.26144,3.1104,0.827712,0.8171712,0.9072
2004/8/17,2004,8,17,1.10592,1.22688,3.12768,0.854496,0.8195904,0.88128
2004/8/18,2004,8,18,1.05408,1.21824,3.10176,0.857088,0.8171712,0.87264
2004/8/19,2004,8,19,1.01952,1.2096,3.05856,0.854496,0.8146656,0.85536
2004/8/20,2004,8,20,0.9504,1.28736,3.00672,0.830304,0.807408,0.839808
2004/8/21,2004,8,21,0.92448,1.41696,2.92032,0.797472,0.79272,0.81648
2004/8/22,2004,8,22,0.91584,1.52928,2.84256,0.749952,0.7804512,0.79056
2004/8/23,2004,8,23,0.91584,1.58112,2.7648,0.701568,0.7681824,0.776736
2004/8/24,2004,8,24,0.93312,1.61568,2.6784,0.660096,0.7584192,0.771552
2004/8/25,2004,8,25,0.93312,1.63296,2.592,0.629856,0.7510752,0.754272
2004/8/26,2004,8,26,0.91584,1.62432,2.54016,0.607392,0.748656,0.745632
2004/8/27,2004,8,27,0.89856,1.5552,2.54016,0.562464,0.7437312,0.73872
2004/8/28,2004,8,28,0.88128,1.54656,2.54016,0.520128,0.7388928,0.73008
2004/8/29,2004,8,29,0.87264,1.58112,2.55744,0.504576,0.7315488,0.729216
2004/8/30,2004,8,30,0.88128,1.5984,2.60928,0.486432,0.7290432,0.745632
2004/8/31,2004,8,31,0.88128,1.5984,2.6352,0.44928,0.7216992,0.746496
2004/9/1,2004,9,1,0.819072,1.60704,2.60064,0.422496,0.71928,0.748224
2004/9/2,2004,9,2,0.805248,1.61568,2.54016,0.395712,0.7095168,0.762048
2004/9/3,2004,9,3,0.795744,1.62432,2.4624,0.372384,0.697248,0.770688
2004/9/4,2004,9,4,0.7992,1.63296,2.376,0.351648,0.6850656,0.767232
2004/9/5,2004,9,5,0.825984,1.6416,2.28096,0.342144,0.6727968,0.766368
2004/9/6,2004,9,6,0.91584,1.63296,2.2032,0.330912,0.6606144,0.759456
2004/9/7,2004,9,7,0.92448,1.5984,2.09088,0.321408,0.6483456,0.753408
2004/9/8,2004,9,8,0.91584,1.58112,1.96992,0.340416,0.6312384,0.757728
2004/9/9,2004,9,9,0.88128,1.5552,1.87488,0.334368,0.6141312,0.76464
2004/9/10,2004,9,10,0.864,1.52064,1.7712,0.334368,0.5994432,0.771552
2004/9/11,2004,9,11,0.853632,1.49472,1.71936,0.33264,0.5847552,0.775008
2004/9/12,2004,9,12,0.819072,1.4688,1.65888,0.33264,0.5700672,0.772416
2004/9/13,2004,9,13,0.805248,1.43424,1.62432,0.338688,0.5577984,0.762912
2004/9/14,2004,9,14,0.7992,1.41696,1.60704,0.353376,0.545616,0.755136
2004/9/15,2004,9,15,0.819072,1.40832,1.60704,0.378432,0.5333472,0.74304
2004/9/16,2004,9,16,0.792288,1.39968,1.63296,0.400032,0.5210784,0.739584
2004/9/17,2004,9,17,0.805248,1.3824,1.75392,0.416448,0.5138208,0.731808
2004/9/18,2004,9,18,0.81216,1.39104,1.86624,0.439776,0.508896,0.729216
2004/9/19,2004,9,19,0.825984,1.4688,1.96992,0.47952,0.5039712,0.73008
2004/9/20,2004,9,20,0.84672,1.53792,2.04768,0.533088,0.4991328,0.735264
2004/9/21,2004,9,21,0.857088,1.62432,2.09952,0.576288,0.4966272,0.741312
2004/9/22,2004,9,22,0.87264,1.67616,2.1168,0.59616,0.494208,0.73872
2004/9/23,2004,9,23,0.88128,1.728,2.12544,0.60048,0.4892832,0.732672
2004/9/24,2004,9,24,0.89856,1.84032,2.1168,0.605664,0.4819392,0.722304
2004/9/25,2004,9,25,0.88992,1.9008,2.10816,0.609984,0.4745952,0.720576
2004/9/26,2004,9,26,0.87264,1.9008,2.09952,0.614304,0.464832,0.72576
2004/9/27,2004,9,27,0.850176,1.9008,2.06496,0.622944,0.4550688,0.723168
2004/9/28,2004,9,28,0.832896,1.88352,2.05632,0.632448,0.4453056,0.729216
2004/9/29,2004,9,29,0.808704,1.86624,2.0736,0.641088,0.435456,0.74736
2004/9/30,2004,9,30,0.792288,1.84896,2.08224,0.648864,0.428112,0.754272
2004/10/1,2004,10,1,0.782784,1.83168,2.08224,0.651456,0.4232736,0.749952
2004/10/2,2004,10,2,0.770688,1.8144,2.0736,0.657504,0.4159296,0.736128
2004/10/3,2004,10,3,0.762912,1.75392,2.06496,0.671328,0.4061664,0.723168
2004/10/4,2004,10,4,0.776736,1.71936,2.0736,0.692064,0.3988224,0.713664
2004/10/5,2004,10,5,0.78624,1.66752,2.08224,0.689472,0.3914784,0.723168
2004/10/6,2004,10,6,0.788832,1.62432,2.10816,0.675648,0.3865536,0.736128
2004/10/7,2004,10,7,0.808704,1.58976,2.14272,0.657504,0.3816288,0.737856
2004/10/8,2004,10,8,0.802656,1.56384,2.18592,0.61344,0.3718656,0.729216
2004/10/9,2004,10,9,0.768096,1.53792,2.22912,0.568512,0.3718656,0.724032
2004/10/10,2004,10,10,0.76032,1.512,2.25504,0.5184,0.3694464,0.72576
2004/10/11,2004,10,11,0.770688,1.52064,2.28096,0.480384,0.3694464,0.728352
2004/10/12,2004,10,12,0.782784,1.50336,2.29824,0.415584,0.3670272,0.722304
2004/10/13,2004,10,13,0.76032,1.49472,2.29824,0.37584,0.3621024,0.723168
2004/10/14,2004,10,14,0.82944,1.47744,2.27232,0.343872,0.3596832,0.716256
2004/10/15,2004,10,15,0.819072,1.46016,2.22912,0.334368,0.3596832,0.71712
2004/10/16,2004,10,16,0.795744,1.46016,1.91808,0.326592,0.3694464,0.710208
2004/10/17,2004,10,17,0.782784,1.45152,1.41696,0.312768,0.3694464,0.70416
2004/10/18,2004,10,18,0.91584,1.46016,1.09728,0.296352,0.3670272,0.698976
2004/10/19,2004,10,19,0.88992,1.43424,1.0368,0.284256,0.3670272,0.6912
2004/10/20,2004,10,20,0.89856,1.39968,1.01088,0.271296,0.3645216,0.668736
2004/10/21,2004,10,21,0.89856,1.36512,1.00224,0.255744,0.3621024,0.641952
2004/10/22,2004,10,22,0.89856,1.33056,1.0368,0.222912,0.3596832,0.615168
2004/10/23,2004,10,23,0.89856,1.296,1.08864,0.200448,0.3571776,0.612576
2004/10/24,2004,10,24,0.8832672,1.2528,1.15776,0.18576,0.3547584,0.59616
2004/10/25,2004,10,25,0.82944,1.21824,1.11456,0.171072,0.3523392,0.585792
2004/10/26,2004,10,26,0.7854624,1.19232,1.0368,0.156384,0.3498336,0.57456
2004/10/27,2004,10,27,0.7235136,1.14048,0.9936,0.140832,0.3474144,0.5616
2004/10/28,2004,10,28,0.686448,1.08864,0.91584,0.126144,0.3449952,0.55296
2004/10/29,2004,10,29,0.663552,1.0368,0.88992,0.114912,0.3424896,0.54
2004/10/30,2004,10,30,0.6532704,1.00224,0.862272,0.107136,0.3400704,0.52704
2004/10/31,2004,10,31,0.6506784,0.98496,0.834624,0.105408,0.3376512,0.50976
2004/11/1,2004,11,1,0.6117984,0.9504,0.80784,0.09936,0.3327264,0.49248
2004/11/2,2004,11,2,0.5897664,0.9072,0.781056,0.09936,0.3278016,0.4752
2004/11/3,2004,11,3,0.5832,0.864,0.754272,0.097632,0.3229632,0.44496
2004/11/4,2004,11,4,0.5724,0.81648,0.726624,0.093312,0.3180384,0.409536
2004/11/5,2004,11,5,0.5571072,0.81648,0.69984,0.089856,0.3132,0.40176
2004/11/6,2004,11,6,0.5463072,0.822528,0.673056,0.088992,0.305856,0.408672
2004/11/7,2004,11,7,0.5377536,0.857088,0.646272,0.0864,0.298512,0.408672
2004/11/8,2004,11,8,0.5292864,0.89856,0.618624,0.0864,0.2935872,0.402624
2004/11/9,2004,11,9,0.5334336,0.95904,0.59184,0.0843264,0.2886624,0.40176
2004/11/10,2004,11,10,0.5312736,1.04544,0.565056,0.0822528,0.283824,0.405216
2004/11/11,2004,11,11,0.5228064,1.11456,0.552096,0.0815616,0.2788992,0.411264
2004/11/12,2004,11,12,0.5206464,1.22688,0.54,0.081216,0.2739744,0.412992
2004/11/13,2004,11,13,0.5206464,1.33056,0.52704,0.0792288,0.269136,0.412992
2004/11/14,2004,11,14,0.510192,1.41696,0.514944,0.0788832,0.2642112,0.41472
2004/11/15,2004,11,15,0.5099328,1.4256,0.501984,0.0762048,0.2593728,0.38016
2004/11/16,2004,11,16,0.5059584,1.4256,0.489888,0.0758592,0.254448,0.381024
2004/11/17,2004,11,17,0.4914432,1.40832,0.476928,0.073872,0.2495232,0.381888
2004/11/18,2004,11,18,0.487296,1.37376,0.464832,0.0729216,0.2446848,0.37584
2004/11/19,2004,11,19,0.4892832,1.43424,0.451872,0.0705888,0.2446848,0.3672
2004/11/20,2004,11,20,0.4815936,1.37376,0.448416,0.0696384,0.2421792,0.35424
2004/11/21,2004,11,21,0.4832352,1.33056,0.445824,0.0696384,0.23976,0.33696
2004/11/22,2004,11,22,0.4832352,1.31328,0.442368,0.0693792,0.2373408,0.3024
2004/11/23,2004,11,23,0.481248,1.4256,0.437184,0.0674784,0.2348352,0.28944
2004/11/24,2004,11,24,0.481248,1.46016,0.43632,0.0674784,0.232416,0.2808
2004/11/25,2004,11,25,0.481248,1.4256,0.433728,0.0654912,0.2274912,0.27216
2004/11/26,2004,11,26,0.4791744,1.3824,0.430272,0.0654912,0.2226528,0.26784
2004/11/27,2004,11,27,0.4811616,1.36512,0.426816,0.0648864,0.217728,0.2592
2004/11/28,2004,11,28,0.4830624,1.35648,0.424224,0.0629856,0.2128896,0.25488
2004/11/29,2004,11,29,0.482976,1.32192,0.420768,0.0608256,0.2079648,0.25056
2004/11/30,2004,11,30,0.4828896,1.31328,0.418176,0.0608256,0.20304,0.247968
2004/12/1,2004,12,1,0.4847904,1.30464,0.41472,0.0608256,0.195696,0.244512
2004/12/2,2004,12,2,0.4866048,1.28736,0.412128,0.0608256,0.1908576,0.24192
2004/12/3,2004,12,3,0.4844448,1.26144,0.408672,0.059184,0.1859328,0.240192
2004/12/4,2004,12,4,0.484272,1.2528,0.4104,0.0572832,0.181008,0.2376
2004/12/5,2004,12,5,0.4840992,1.23552,0.412128,0.0603936,0.1761696,0.235872
2004/12/6,2004,12,6,0.4819392,1.22688,0.413856,0.0559008,0.1712448,0.2376
2004/12/7,2004,12,7,0.48168,1.22688,0.415584,0.0559008,0.1664064,0.24192
2004/12/8,2004,12,8,0.47952,1.2096,0.417312,0.0559008,0.1639008,0.244512
2004/12/9,2004,12,9,0.47736,1.20096,0.41904,0.0539136,0.1614816,0.24624
2004/12/10,2004,12,10,0.479952,1.20096,0.419904,0.0539136,0.1590624,0.25056
2004/12/11,2004,12,11,0.4817664,1.19232,0.421632,0.0520128,0.1565568,0.253152
2004/12/12,2004,12,12,0.4834944,1.19232,0.42336,0.0520128,0.1541376,0.255744
2004/12/13,2004,12,13,0.4852224,1.19232,0.425088,0.050112,0.1517184,0.2592
2004/12/14,2004,12,14,0.4821984,1.19232,0.426816,0.050112,0.1492128,0.265248
2004/12/15,2004,12,15,0.4792608,1.19232,0.428544,0.050112,0.1467936,0.271296
2004/12/16,2004,12,16,0.480816,1.17504,0.430272,0.0482112,0.1443744,0.277344
2004/12/17,2004,12,17,0.477792,1.15776,0.432,0.0482112,0.1443744,0.284256
2004/12/18,2004,12,18,0.4792608,1.13184,0.433728,0.0482112,0.1418688,0.290304
2004/12/19,2004,12,19,0.4762368,1.11456,0.435456,0.046224,0.1418688,0.296352
2004/12/20,2004,12,20,0.4732128,1.10592,0.437184,0.046224,0.1394496,0.3024
2004/12/21,2004,12,21,0.4701024,1.09728,0.438912,0.046224,0.1394496,0.31104
2004/12/22,2004,12,22,0.4670784,1.08,0.44064,0.0456192,0.1370304,0.32832
2004/12/23,2004,12,23,0.4683744,1.07136,0.442368,0.0431136,0.1370304,0.3456
2004/12/24,2004,12,24,0.4653504,1.07136,0.443232,0.0425088,0.1370304,0.37152
2004/12/25,2004,12,25,0.46656,1.06272,0.44496,0.0425088,0.1345248,0.38016
2004/12/26,2004,12,26,0.47088,1.05408,0.446688,0.041904,0.1345248,0.382752
2004/12/27,2004,12,27,0.4752,1.05408,0.448416,0.0395712,0.1345248,0.381888
2004/12/28,2004,12,28,0.4859136,1.05408,0.450144,0.0387936,0.1321056,0.381024
2004/12/29,2004,12,29,0.4827168,1.04544,0.451872,0.0381888,0.1321056,0.38016
2004/12/30,2004,12,30,0.47952,1.04544,0.4536,0.038016,0.1321056,0.378432
2004/12/31,2004,12,31,0.4763232,1.04544,0.455328,0.0374112,0.1296864,0.376704
2005/1/1,2005,1,1,0.4731264,1.04544,0.4536,0.0374112,0.1296864,0.37584
2005/1/2,2005,1,2,0.465696,1.04544,0.451872,0.0376704,0.1296864,0.374976
2005/1/3,2005,1,3,0.465696,1.04544,0.450144,0.038016,0.1271808,0.373248
2005/1/4,2005,1,4,0.465696,1.04544,0.447552,0.0386208,0.1271808,0.372384
2005/1/5,2005,1,5,0.4614624,1.05408,0.445824,0.0387936,0.1247616,0.370656
2005/1/6,2005,1,6,0.4614624,1.06272,0.444096,0.0395712,0.1247616,0.368928
2005/1/7,2005,1,7,0.4572288,1.07136,0.442368,0.039744,0.123552,0.3672
2005/1/8,2005,1,8,0.4572288,1.08,0.44064,0.0400896,0.123552,0.365472
2005/1/9,2005,1,9,0.4572288,1.08,0.438912,0.0405216,0.1223424,0.36288
2005/1/10,2005,1,10,0.4572288,1.09728,0.437184,0.0405216,0.1223424,0.362016
2005/1/11,2005,1,11,0.4487616,1.10592,0.434592,0.0395712,0.1211328,0.361152
2005/1/12,2005,1,12,0.444528,1.11456,0.432864,0.0395712,0.1211328,0.360288
2005/1/13,2005,1,13,0.446256,1.1232,0.431136,0.0402624,0.1199232,0.359424
2005/1/14,2005,1,14,0.4433184,1.1232,0.429408,0.039744,0.1199232,0.357696
2005/1/15,2005,1,15,0.4318272,1.14048,0.426816,0.0381888,0.1186272,0.355968
2005/1/16,2005,1,16,0.4288896,1.14912,0.424224,0.0372384,0.1186272,0.35424
2005/1/17,2005,1,17,0.4175712,1.15776,0.420768,0.0376704,0.1174176,0.352512
2005/1/18,2005,1,18,0.4130784,1.15776,0.418176,0.0399168,0.1174176,0.350784
2005/1/19,2005,1,19,0.4154112,1.1664,0.415584,0.0391392,0.116208,0.349056
2005/1/20,2005,1,20,0.4092768,1.17504,0.412992,0.039312,0.116208,0.347328
2005/1/21,2005,1,21,0.404784,1.17504,0.409536,0.040608,0.1149984,0.3456
2005/1/22,2005,1,22,0.416016,1.1664,0.406944,0.040608,0.1149984,0.344736
2005/1/23,2005,1,23,0.4115232,1.1664,0.404352,0.0408672,0.1137888,0.343872
2005/1/24,2005,1,24,0.408672,1.1664,0.40176,0.041472,0.1137888,0.343008
2005/1/25,2005,1,25,0.4097952,1.1664,0.398304,0.0417312,0.1125792,0.342144
2005/1/26,2005,1,26,0.4020192,1.1664,0.395712,0.041472,0.1125792,0.34128
2005/1/27,2005,1,27,0.4023648,1.1664,0.39312,0.041472,0.1112832,0.340416
2005/1/28,2005,1,28,0.3996864,1.1664,0.390528,0.041472,0.1112832,0.339552
2005/1/29,2005,1,29,0.3969216,1.1664,0.387072,0.041472,0.1100736,0.338688
2005/1/30,2005,1,30,0.4006368,1.1664,0.38448,0.0420768,0.1100736,0.337824
2005/1/31,2005,1,31,0.3979584,1.1664,0.381888,0.0420768,0.108864,0.33696
2005/2/1,2005,2,1,0.393552,1.1664,0.379296,0.0420768,0.108864,0.336096
2005/2/2,2005,2,2,0.402624,1.1664,0.376704,0.0420768,0.1076544,0.335232
2005/2/3,2005,2,3,0.3932928,1.1664,0.374112,0.0420768,0.1076544,0.334368
2005/2/4,2005,2,4,0.3926016,1.1664,0.370656,0.041472,0.1064448,0.333504
2005/2/5,2005,2,5,0.391824,1.1664,0.368064,0.04104,0.1064448,0.33264
2005/2/6,2005,2,6,0.396144,1.17504,0.365472,0.0408672,0.1064448,0.331776
2005/2/7,2005,2,7,0.396144,1.17504,0.36288,0.0400032,0.1064448,0.330912
2005/2/8,2005,2,8,0.396144,1.18368,0.360288,0.0395712,0.1064448,0.330048
2005/2/9,2005,2,9,0.397008,1.17504,0.357696,0.0402624,0.1052352,0.329184
2005/2/10,2005,2,10,0.394416,1.15776,0.355104,0.0402624,0.1052352,0.32832
2005/2/11,2005,2,11,0.390528,1.14048,0.352512,0.0395712,0.1052352,0.327456
2005/2/12,2005,2,12,0.38448,1.14048,0.34992,0.0387936,0.1052352,0.326592
2005/2/13,2005,2,13,0.383184,1.13184,0.346464,0.0381888,0.1052352,0.326592
2005/2/14,2005,2,14,0.379296,1.1232,0.343872,0.0374976,0.1052352,0.325728
2005/2/15,2005,2,15,0.3776544,1.1232,0.34128,0.0368928,0.1052352,0.325728
2005/2/16,2005,2,16,0.3789504,1.1232,0.338688,0.0361152,0.1052352,0.324864
2005/2/17,2005,2,17,0.3763584,1.1232,0.336096,0.0350784,0.1039392,0.324864
2005/2/18,2005,2,18,0.3776544,1.1232,0.33264,0.0348192,0.1039392,0.324
2005/2/19,2005,2,19,0.38016,1.11456,0.330048,0.0340416,0.1039392,0.324
2005/2/20,2005,2,20,0.382752,1.11456,0.326592,0.0327456,0.1039392,0.323136
2005/2/21,2005,2,21,0.3842208,1.11456,0.323136,0.0317088,0.1039392,0.323136
2005/2/22,2005,2,22,0.3835296,1.11456,0.320544,0.031104,0.1039392,0.322272
2005/2/23,2005,2,23,0.3815424,1.11456,0.317088,0.0312768,0.1039392,0.322272
2005/2/24,2005,2,24,0.3808512,1.11456,0.313632,0.0317088,0.1039392,0.321408
2005/2/25,2005,2,25,0.378432,1.11456,0.31104,0.031968,0.1039392,0.321408
2005/2/26,2005,2,26,0.3794688,1.11456,0.307584,0.0323136,0.1027296,0.320544
2005/2/27,2005,2,27,0.3800736,1.11456,0.309312,0.031968,0.1027296,0.320544
2005/2/28,2005,2,28,0.3806784,1.11456,0.31104,0.0312768,0.1027296,0.31968
2005/3/1,2005,3,1,0.3799872,1.11456,0.311904,0.0312768,0.1027296,0.31968
2005/3/2,2005,3,2,0.379296,1.1232,0.313632,0.0312768,0.1027296,0.318816
2005/3/3,2005,3,3,0.3786048,1.1232,0.31536,0.031104,0.1027296,0.318816
2005/3/4,2005,3,4,0.3779136,1.1232,0.317088,0.031104,0.1027296,0.318816
2005/3/5,2005,3,5,0.3772224,1.1232,0.317952,0.0304992,0.1027296,0.318816
2005/3/6,2005,3,6,0.3752352,1.1232,0.31968,0.03024,0.1027296,0.317952
2005/3/7,2005,3,7,0.373248,1.1232,0.317952,0.0309312,0.10152,0.317952
2005/3/8,2005,3,8,0.3725568,1.11456,0.31536,0.031104,0.10152,0.317952
2005/3/9,2005,3,9,0.3701376,1.11456,0.313632,0.0312768,0.10152,0.317952
2005/3/10,2005,3,10,0.3694464,1.11456,0.311904,0.031104,0.10152,0.317952
2005/3/11,2005,3,11,0.3685824,1.11456,0.310176,0.0312768,0.10152,0.317952
2005/3/12,2005,3,12,0.366336,1.10592,0.307584,0.0312768,0.10152,0.317952
2005/3/13,2005,3,13,0.3653856,1.10592,0.305856,0.0309312,0.10152,0.317952
2005/3/14,2005,3,14,0.3632256,1.10592,0.304128,0.0312768,0.10152,0.317952
2005/3/15,2005,3,15,0.3622752,1.10592,0.3024,0.031104,0.10152,0.317952
2005/3/16,2005,3,16,0.3614112,1.10592,0.299808,0.0304992,0.10152,0.317088
2005/3/17,2005,3,17,0.3604608,1.10592,0.29808,0.0304992,0.10152,0.317088
2005/3/18,2005,3,18,0.3595104,1.10592,0.296352,0.0309312,0.10152,0.317088
2005/3/19,2005,3,19,0.3586464,1.11456,0.294624,0.031104,0.10152,0.317088
2005/3/20,2005,3,20,0.357696,1.11456,0.292032,0.0312768,0.10152,0.317088
2005/3/21,2005,3,21,0.356832,1.11456,0.290304,0.0312768,0.10152,0.317088
2005/3/22,2005,3,22,0.3558816,1.11456,0.288576,0.031104,0.10152,0.317088
2005/3/23,2005,3,23,0.3549312,1.11456,0.286848,0.0312768,0.10152,0.317088
2005/3/24,2005,3,24,0.3487968,1.11456,0.284256,0.031104,0.10152,0.317088
2005/3/25,2005,3,25,0.348624,1.10592,0.282528,0.031104,0.1003104,0.317088
2005/3/26,2005,3,26,0.3483648,1.10592,0.2808,0.0312768,0.1003104,0.316224
2005/3/27,2005,3,27,0.3481056,1.10592,0.278208,0.031104,0.1003104,0.316224
2005/3/28,2005,3,28,0.354672,1.09728,0.27648,0.031104,0.1003104,0.316224
2005/3/29,2005,3,29,0.3537216,1.09728,0.274752,0.0312768,0.1003104,0.316224
2005/3/30,2005,3,30,0.3487968,1.09728,0.273024,0.0317088,0.1003104,0.316224
2005/3/31,2005,3,31,0.348624,1.09728,0.270432,0.0312768,0.1003104,0.316224
2005/4/1,2005,4,1,0.3483648,1.09728,0.268704,0.0312768,0.1003104,0.317088
2005/4/2,2005,4,2,0.3481056,1.08864,0.266976,0.031104,0.1003104,0.317952
2005/4/3,2005,4,3,0.3488832,1.08864,0.265248,0.0312768,0.1003104,0.318816
2005/4/4,2005,4,4,0.348624,1.08864,0.262656,0.031968,0.1003104,0.31968
2005/4/5,2005,4,5,0.3492288,1.08864,0.260928,0.031968,0.1003104,0.320544
2005/4/6,2005,4,6,0.3474144,1.08864,0.2592,0.031968,0.1003104,0.321408
2005/4/7,2005,4,7,0.3480192,1.08864,0.257472,0.031968,0.1003104,0.322272
2005/4/8,2005,4,8,0.3517344,1.08864,0.25488,0.0317088,0.1003104,0.323136
2005/4/9,2005,4,9,0.3513024,1.08864,0.253152,0.0312768,0.1003104,0.324
2005/4/10,2005,4,10,0.3510432,1.08864,0.25056,0.0312768,0.1003104,0.324864
2005/4/11,2005,4,11,0.351648,1.08864,0.247968,0.0312768,0.1003104,0.326592
2005/4/12,2005,4,12,0.3510432,1.08864,0.244512,0.0312768,0.1003104,0.32832
2005/4/13,2005,4,13,0.351648,1.08864,0.24192,0.031104,0.1003104,0.330048
2005/4/14,2005,4,14,0.3513024,1.08864,0.239328,0.031104,0.1003104,0.33264
2005/4/15,2005,4,15,0.3510432,1.08864,0.236736,0.0309312,0.1003104,0.334368
2005/4/16,2005,4,16,0.351648,1.08864,0.23328,0.0309312,0.1003104,0.33696
2005/4/17,2005,4,17,0.3517344,1.08,0.230688,0.0309312,0.1003104,0.338688
2005/4/18,2005,4,18,0.3479328,1.08864,0.228096,0.0304992,0.1003104,0.342144
2005/4/19,2005,4,19,0.3532896,1.08864,0.225504,0.0304992,0.1003104,0.344736
2005/4/20,2005,4,20,0.3557088,1.09728,0.222048,0.0304992,0.1003104,0.3456
2005/4/21,2005,4,21,0.3544992,1.09728,0.219456,0.0304992,0.1027296,0.348192
2005/4/22,2005,4,22,0.3557088,1.09728,0.216864,0.0304992,0.1174176,0.34992
2005/4/23,2005,4,23,0.3595104,1.08864,0.217728,0.0309312,0.1370304,0.352512
2005/4/24,2005,4,24,0.3649536,1.08,0.217728,0.0309312,0.1492128,0.35424
2005/4/25,2005,4,25,0.3700512,1.08,0.218592,0.031104,0.1639008,0.35856
2005/4/26,2005,4,26,0.3776544,1.07136,0.218592,0.0312768,0.1835136,0.361152
2005/4/27,2005,4,27,0.381456,1.06272,0.219456,0.0317088,0.2446848,0.3672
2005/4/28,2005,4,28,0.3996,1.05408,0.219456,0.033264,0.3180384,0.37152
2005/4/29,2005,4,29,0.4129056,1.05408,0.22032,0.033696,0.4036608,0.377568
2005/4/30,2005,4,30,0.4339872,1.05408,0.22032,0.0339552,0.501552,0.38016
2005/5/1,2005,5,1,0.4571424,1.06272,0.221184,0.0352512,0.6116256,0.386208
2005/5/2,2005,5,2,0.480816,1.08,0.221184,0.0359424,0.7095168,0.394848
2005/5/3,2005,5,3,0.5232384,1.09728,0.222048,0.0359424,0.7951392,0.4104
2005/5/4,2005,5,4,0.5480352,1.11456,0.222048,0.0359424,0.9786528,0.42336
2005/5/5,2005,5,5,0.5919264,1.1232,0.230688,0.0359424,1.1009952,0.44064
2005/5/6,2005,5,6,0.636768,1.14048,0.239328,0.0362016,1.2966912,0.46656
2005/5/7,2005,5,7,0.6901632,1.15776,0.247104,0.0359424,1.5168384,0.5184
2005/5/8,2005,5,8,0.755136,1.18368,0.255744,0.0352512,1.8349632,0.5616
2005/5/9,2005,5,9,0.81216,1.2096,0.264384,0.03456,2.006208,0.6264
2005/5/10,2005,5,10,0.850176,1.2528,0.273024,0.0343872,2.275344,1.36512
2005/5/11,2005,5,11,0.8996832,1.30464,0.283392,0.0339552,2.8135296,1.728
2005/5/12,2005,5,12,0.9396,1.36512,0.310176,0.033696,2.8379808,2.0736
2005/5/13,2005,5,13,1.035504,1.3824,0.351648,0.0339552,2.8379808,2.376
2005/5/14,2005,5,14,1.128816,1.40832,0.441504,0.03456,2.8625184,2.5056
2005/5/15,2005,5,15,1.2360384,1.4688,0.618624,0.0359424,2.8625184,2.5488
2005/5/16,2005,5,16,1.3666752,1.52928,0.797472,0.0374976,2.8869696,2.53152
2005/5/17,2005,5,17,1.490832,1.5984,0.96768,0.0403488,2.8869696,2.48832
2005/5/18,2005,5,18,1.6539552,1.6848,1.08,0.0452736,2.6422848,2.376
2005/5/19,2005,5,19,1.8808416,2.15136,1.17504,0.0486432,2.2801824,2.2464
2005/5/20,2005,5,20,2.1345984,2.16864,1.26144,0.052272,2.0330784,2.19456
2005/5/21,2005,5,21,2.461968,2.8944,1.34784,0.0623808,1.8862848,2.14272
2005/5/22,2005,5,22,2.87712,3.49056,1.48608,0.0780192,1.8129312,2.1168
2005/5/23,2005,5,23,2.9173824,4.19904,1.65024,0.09936,1.7712864,2.23776
2005/5/24,2005,5,24,2.902608,4.7088,1.95264,0.14256,1.7273088,2.39328
2005/5/25,2005,5,25,2.8950912,6.71328,2.3328,0.193536,1.6979328,2.47968
2005/5/26,2005,5,26,2.9191968,8.5536,2.7648,0.234144,1.7199648,2.49696
2005/5/27,2005,5,27,2.9109024,10.1088,3.8016,0.282528,1.7468352,2.376
2005/5/28,2005,5,28,2.9184192,10.8864,5.08032,0.355104,1.7541792,2.28096
2005/5/29,2005,5,29,2.9420928,10.4544,7.69824,0.432,1.7688672,2.2032
2005/5/30,2005,5,30,2.949264,10.8864,8.10432,0.52272,1.7688672,2.14272
2005/5/31,2005,5,31,2.9728512,10.9728,8.58816,0.658368,1.7639424,2.09952
2005/6/1,2005,6,1,2.9879712,10.7136,9.1584,0.82944,1.75176,2.06496
2005/6/2,2005,6,2,2.9775168,9.7632,9.3312,0.97632,1.737072,2.02176
2005/6/3,2005,6,3,2.9835648,9.936,8.39808,1.01952,1.7273088,1.99584
2005/6/4,2005,6,4,3.00672,9.7632,8.8128,1.0368,1.71504,1.99584
2005/6/5,2005,6,5,3.00672,9.072,9.072,1.06272,1.7101152,2.00448
2005/6/6,2005,6,6,3.00672,8.56224,8.9856,1.01952,1.71504,2.02176
2005/6/7,2005,6,7,2.97216,8.21664,8.0784,0.9936,1.7027712,2.04768
2005/6/8,2005,6,8,2.86848,7.9056,7.19712,0.93312,1.6905888,2.1168
2005/6/9,2005,6,9,2.86848,7.6032,6.3072,0.88992,1.6955136,2.23776
2005/6/10,2005,6,10,2.86848,7.18848,5.81472,0.84672,1.71504,2.25504
2005/6/11,2005,6,11,2.808,6.75648,5.43456,0.780192,1.729728,2.2896
2005/6/12,2005,6,12,2.79072,6.33312,5.07168,0.727488,1.7346528,2.2896
2005/6/13,2005,6,13,2.78208,6.03072,4.86432,0.653184,1.722384,2.2464
2005/6/14,2005,6,14,2.78208,5.68512,4.64832,0.622944,1.707696,2.17728
2005/6/15,2005,6,15,2.75616,5.16672,4.50144,0.573696,1.685664,2.12544
2005/6/16,2005,6,16,2.73888,4.68288,4.37184,0.546912,1.663632,2.0736
2005/6/17,2005,6,17,2.70432,4.33728,4.29408,0.520128,1.6367616,2.0304
2005/6/18,2005,6,18,2.68704,3.95712,4.21632,0.513216,1.5976224,1.96128
2005/6/19,2005,6,19,2.66976,3.57696,4.17312,0.508896,1.5805152,1.88352
2005/6/20,2005,6,20,2.65248,3.26592,4.24224,0.495072,1.5535584,1.82304
2005/6/21,2005,6,21,2.6352,3.12768,4.31136,0.495072,1.5315264,1.77984
2005/6/22,2005,6,22,2.6352,2.88576,4.4496,0.53568,1.512,1.75392
2005/6/23,2005,6,23,2.58336,2.69568,4.51008,0.594432,1.4923872,1.69344
2005/6/24,2005,6,24,2.60064,2.5488,4.57056,0.636768,1.4728608,1.6416
2005/6/25,2005,6,25,2.57472,2.47968,4.63104,0.646272,1.460592,1.58976
2005/6/26,2005,6,26,2.55744,2.47104,4.59648,0.632448,1.4434848,1.5552
2005/6/27,2005,6,27,2.55744,2.3328,4.52736,0.653184,1.4190336,1.512
2005/6/28,2005,6,28,2.52288,2.29824,4.43232,0.671328,1.3945824,1.47744
2005/6/29,2005,6,29,2.52288,2.26368,4.2768,0.680832,1.3700448,1.46016
2005/6/30,2005,6,30,2.5056,2.21184,4.09536,0.648864,1.3455936,1.45152
2005/7/1,2005,7,1,2.48832,2.18592,3.95712,0.607392,1.3162176,1.45152
2005/7/2,2005,7,2,2.4624,2.16,3.78432,0.605664,1.2770784,1.43424
2005/7/3,2005,7,3,2.4624,2.10816,3.62016,0.603072,1.2477888,1.4256
2005/7/4,2005,7,4,2.44512,2.04768,3.456,0.605664,1.213488,1.40832
2005/7/5,2005,7,5,2.4192,1.96992,3.30912,0.584928,1.1866176,1.3824
2005/7/6,2005,7,6,2.40192,1.9008,3.21408,0.578016,1.1548224,1.37376
2005/7/7,2005,7,7,2.39328,1.89216,3.14496,0.576288,1.1229408,1.40832
2005/7/8,2005,7,8,2.38464,1.88352,3.14496,0.571968,1.0936512,1.41696
2005/7/9,2005,7,9,2.36736,1.87488,3.21408,0.560736,1.0642752,1.41696
2005/7/10,2005,7,10,2.34144,1.86624,3.34368,0.549504,1.039824,1.39968
2005/7/11,2005,7,11,2.32416,1.86624,3.44736,0.533088,1.017792,1.39968
2005/7/12,2005,7,12,2.3328,1.88352,3.50784,0.520128,0.9981792,1.40832
2005/7/13,2005,7,13,2.31552,1.88352,3.49056,0.446688,0.9834912,1.41696
2005/7/14,2005,7,14,2.29824,1.86624,3.456,0.463968,0.9713088,1.39968
2005/7/15,2005,7,15,2.28096,1.84032,3.38688,0.438048,0.9639648,1.3824
2005/7/16,2005,7,16,2.26368,1.8144,3.29184,0.420768,0.9639648,1.37376
2005/7/17,2005,7,17,2.25504,1.7712,3.1968,0.406944,0.9713088,1.37376
2005/7/18,2005,7,18,2.22912,1.728,3.10176,0.395712,0.9786528,1.39104
2005/7/19,2005,7,19,2.22048,1.6848,3.00672,0.422496,0.981072,1.39104
2005/7/20,2005,7,20,2.17728,1.6416,2.9376,0.435456,0.9834912,1.39104
2005/7/21,2005,7,21,2.12544,1.62432,2.92896,0.4536,0.981072,1.37376
2005/7/22,2005,7,22,2.08224,1.62432,2.95488,0.459648,0.9786528,1.3824
2005/7/23,2005,7,23,2.03904,1.61568,2.9808,0.444096,0.9761472,1.37376
2005/7/24,2005,7,24,1.99584,1.5984,3.00672,0.432864,0.973728,1.37376
2005/7/25,2005,7,25,2.00448,1.57248,3.05856,0.416448,0.9713088,1.35648
2005/7/26,2005,7,26,1.92672,1.52064,3.09312,0.406944,0.9713088,1.3392
2005/7/27,2005,7,27,1.87488,1.48608,3.12768,0.409536,0.9688032,1.31328
2005/7/28,2005,7,28,1.83168,1.46016,3.17088,0.426816,0.966384,1.296
2005/7/29,2005,7,29,1.79712,1.4256,3.23136,0.438048,0.9639648,1.27872
2005/7/30,2005,7,30,1.71072,1.39968,3.30912,0.438048,0.95904,1.26144
2005/7/31,2005,7,31,1.6848,1.37376,3.39552,0.413856,0.9542016,1.24416
2005/8/1,2005,8,1,1.65888,1.36512,3.47328,0.398304,0.951696,1.22688
2005/8/2,2005,8,2,1.62432,1.3392,3.57696,0.400032,0.944352,1.2096
2005/8/3,2005,8,3,1.52928,1.31328,3.672,0.400032,0.9345888,1.20096
2005/8/4,2005,8,4,1.50336,1.31328,3.74112,0.409536,0.92232,1.20096
2005/8/5,2005,8,5,1.45152,1.31328,3.82752,0.422496,0.9077184,1.19232
2005/8/6,2005,8,6,1.39104,1.30464,3.94848,0.44928,0.8905248,1.19232
2005/8/7,2005,8,7,1.35648,1.30464,3.99168,0.4752,0.8734176,1.1664
2005/8/8,2005,8,8,1.33056,1.30464,3.96576,0.515808,0.8587296,1.15776
2005/8/9,2005,8,9,1.31328,1.30464,3.89664,0.53568,0.8416224,1.1664
2005/8/10,2005,8,10,1.27008,1.30464,3.81888,0.551232,0.8269344,1.21824
2005/8/11,2005,8,11,1.30464,1.296,3.72384,0.565056,0.8146656,1.23552
2005/8/12,2005,8,12,1.30464,1.296,3.53376,0.584928,0.8049024,1.2528
2005/8/13,2005,8,13,1.3392,1.28736,3.39552,0.589248,0.7975584,1.23552
2005/8/14,2005,8,14,1.26144,1.27872,3.23136,0.565056,0.7902144,1.22688
2005/8/15,2005,8,15,1.21824,1.26144,3.1104,0.54,0.7828704,1.2096
2005/8/16,2005,8,16,1.1664,1.24416,2.95488,0.560736,0.7755264,1.19232
2005/8/17,2005,8,17,1.1232,1.23552,2.81664,0.5832,0.7731072,1.18368
2005/8/18,2005,8,18,1.08864,1.22688,2.69568,0.607392,0.770688,1.17504
2005/8/19,2005,8,19,1.08,1.21824,2.57472,0.648864,0.7681824,1.14912
2005/8/20,2005,8,20,1.08864,1.21824,2.48832,0.68256,0.7609248,1.14912
2005/8/21,2005,8,21,1.08864,1.2096,2.43648,0.7128,0.7609248,1.14048
2005/8/22,2005,8,22,1.07136,1.20096,2.36736,0.731808,0.7584192,1.11456
2005/8/23,2005,8,23,1.05408,1.19232,2.35008,0.736992,0.763344,1.11456
2005/8/24,2005,8,24,1.05408,1.21824,2.36736,0.7344,0.7681824,1.09728
2005/8/25,2005,8,25,1.01952,1.28736,2.376,0.73008,0.7681824,1.08864
2005/8/26,2005,8,26,1.01952,1.32192,2.40192,0.736992,0.7681824,1.08864
2005/8/27,2005,8,27,0.9936,1.33056,2.44512,0.749952,0.7657632,1.08
2005/8/28,2005,8,28,0.96768,1.34784,2.79936,0.759456,0.7609248,1.06272
2005/8/29,2005,8,29,0.94176,1.36512,3.13632,0.755136,0.7657632,1.05408
2005/8/30,2005,8,30,0.91584,1.3824,3.48192,0.742176,0.7681824,1.06272
2005/8/31,2005,8,31,0.89856,1.39968,3.73248,0.727488,0.763344,1.08
2005/9/1,2005,9,1,0.88992,1.43424,3.99168,0.722304,0.7535808,1.08
2005/9/2,2005,9,2,0.87264,1.44288,4.07808,0.714528,0.741312,1.06272
2005/9/3,2005,9,3,0.857088,1.44288,4.1472,0.701568,0.7388928,1.05408
2005/9/4,2005,9,4,0.843264,1.44288,4.12128,0.675648,0.733968,1.05408
2005/9/5,2005,9,5,0.843264,1.43424,4.0608,0.63936,0.7290432,1.05408
2005/9/6,2005,9,6,0.836352,1.41696,3.94848,0.614304,0.726624,1.06272
2005/9/7,2005,9,7,0.836352,1.39968,3.8016,0.59616,0.7242048,1.05408
2005/9/8,2005,9,8,0.82944,1.37376,3.6288,0.578016,0.71928,1.06272
2005/9/9,2005,9,9,0.825984,1.34784,3.47328,0.558144,0.7168608,1.05408
2005/9/10,2005,9,10,0.802656,1.32192,3.33504,0.53568,0.71928,1.05408
2005/9/11,2005,9,11,0.78624,1.296,3.20544,0.517536,0.7242048,1.05408
2005/9/12,2005,9,12,0.805248,1.27008,3.04128,0.506304,0.7242048,1.05408
2005/9/13,2005,9,13,0.81216,1.24416,2.8944,0.499392,0.7462368,1.05408
2005/9/14,2005,9,14,0.832896,1.21824,2.78208,0.508896,0.756,1.06272
2005/9/15,2005,9,15,0.795744,1.2096,2.73024,0.501984,0.7609248,1.06272
2005/9/16,2005,9,16,0.779328,1.2096,2.73888,0.48384,0.7804512,1.06272
2005/9/17,2005,9,17,0.768096,1.23552,2.808,0.459648,0.807408,1.07136
2005/9/18,2005,9,18,0.756864,1.21824,2.88576,0.424224,0.8269344,1.07136
2005/9/19,2005,9,19,0.746496,1.2096,3.04128,0.400032,0.8465472,1.08
2005/9/20,2005,9,20,0.749088,1.2096,3.1104,0.382752,0.8538912,1.08
2005/9/21,2005,9,21,0.749088,1.21824,3.09312,0.382752,0.8538912,1.08864
2005/9/22,2005,9,22,0.765504,1.23552,3.04992,0.38016,0.8587296,1.08864
2005/9/23,2005,9,23,0.75168,1.26144,2.96352,0.393984,0.8709984,1.08864
2005/9/24,2005,9,24,0.75168,1.31328,2.90304,0.382752,0.8905248,1.10592
2005/9/25,2005,9,25,0.75168,1.36512,2.8512,0.364608,0.8978688,1.14048
2005/9/26,2005,9,26,0.768096,1.39104,2.81664,0.3456,0.9052128,1.14912
2005/9/27,2005,9,27,0.776736,1.39104,2.79936,0.311904,0.9174816,1.14912
2005/9/28,2005,9,28,0.735264,1.37376,2.79936,0.273024,0.9272448,1.1664
2005/9/29,2005,9,29,0.770688,1.36512,2.7648,0.254016,0.9345888,1.1664
2005/9/30,2005,9,30,0.788832,1.37376,2.73024,0.238464,0.944352,1.15776
2005/10/1,2005,10,1,0.802656,1.36512,2.69568,0.231552,0.95904,1.14048
2005/10/2,2005,10,2,0.770688,1.34784,2.64384,0.219456,0.966384,1.11456
2005/10/3,2005,10,3,0.825984,1.33056,2.58336,0.213408,0.973728,1.08864
2005/10/4,2005,10,4,0.864,1.33056,2.47104,0.221184,0.9834912,1.06272
2005/10/5,2005,10,5,0.7992,1.34784,2.35008,0.221184,0.9933408,1.04544
2005/10/6,2005,10,6,0.795744,1.37376,2.28096,0.209952,0.99576,1.04544
2005/10/7,2005,10,7,0.819072,1.39968,2.2032,0.202176,0.99576,1.0368
2005/10/8,2005,10,8,0.802656,1.40832,2.09952,0.196992,0.9933408,1.02816
2005/10/9,2005,10,9,0.808704,1.40832,2.01312,0.19008,0.9908352,1.01952
2005/10/10,2005,10,10,0.88128,1.41696,1.92672,0.183168,0.9834912,1.02816
2005/10/11,2005,10,11,0.857088,1.4256,1.82304,0.178848,0.9713088,1.01088
2005/10/12,2005,10,12,0.822528,1.43424,1.73664,0.1728,0.9566208,1.00224
2005/10/13,2005,10,13,0.795744,1.44288,1.60704,0.171072,0.9395136,0.98496
2005/10/14,2005,10,14,0.792288,1.4688,1.48608,0.192672,0.9199008,0.97632
2005/10/15,2005,10,15,0.853632,1.46016,1.39104,0.19008,0.8954496,0.97632
2005/10/16,2005,10,16,0.92448,1.45152,1.34784,0.182304,0.8684928,0.96768
2005/10/17,2005,10,17,1.00224,1.4688,1.2528,0.176256,0.8465472,0.95904
2005/10/18,2005,10,18,0.91584,1.47744,1.17504,0.1728,0.8269344,0.9504
2005/10/19,2005,10,19,0.89856,1.49472,1.09728,0.152064,0.800064,0.94176
2005/10/20,2005,10,20,0.819072,1.52064,1.00224,0.143424,0.7828704,0.93312
2005/10/21,2005,10,21,0.782784,1.52064,0.9504,0.135648,0.7609248,0.93312
2005/10/22,2005,10,22,0.754272,1.49472,0.89856,0.123552,0.741312,0.91584
2005/10/23,2005,10,23,0.746496,1.39104,0.850176,0.115776,0.733968,0.91584
2005/10/24,2005,10,24,0.756864,1.30464,0.830304,0.108864,0.71928,0.9072
2005/10/25,2005,10,25,0.746496,1.24416,0.778464,0.101952,0.6997536,0.88992
2005/10/26,2005,10,26,0.718848,1.17504,0.710208,0.096768,0.6727968,0.9072
2005/10/27,2005,10,27,0.707616,1.1232,0.614304,0.093312,0.6459264,0.9072
2005/10/28,2005,10,28,0.749088,1.07136,0.512352,0.088992,0.6483456,0.91584
2005/10/29,2005,10,29,0.729216,1.0368,0.485568,0.087264,0.6483456,0.89856
2005/10/30,2005,10,30,0.749088,0.9936,0.458784,0.084672,0.6360768,0.87264
2005/10/31,2005,10,31,0.76032,0.96768,0.432,0.0822528,0.6092064,0.861408
2005/11/1,2005,11,1,0.735264,0.94176,0.416448,0.0788832,0.5822496,0.85536
2005/11/2,2005,11,2,0.715392,0.93312,0.400896,0.076464,0.538272,0.84672
2005/11/3,2005,11,3,0.770688,0.9072,0.38448,0.0744768,0.508896,0.82944
2005/11/4,2005,11,4,0.808704,0.91584,0.368928,0.0693792,0.501552,0.81216
2005/11/5,2005,11,5,0.8541504,0.9072,0.353376,0.064368,0.4892832,0.788832
2005/11/6,2005,11,6,0.8214912,0.89856,0.337824,0.063936,0.4771008,0.736128
2005/11/7,2005,11,7,0.8005824,0.9072,0.321408,0.0622944,0.464832,0.64368
2005/11/8,2005,11,8,0.7077888,0.92448,0.305856,0.0610848,0.4526496,0.556416
2005/11/9,2005,11,9,0.7204032,0.94176,0.290304,0.0602208,0.4403808,0.4968
2005/11/10,2005,11,10,0.6765984,0.95904,0.292032,0.0602208,0.4306176,0.465696
2005/11/11,2005,11,11,0.6405696,1.00224,0.29376,0.0599616,0.4159296,0.459648
2005/11/12,2005,11,12,0.6131808,1.08,0.295488,0.0599616,0.4012416,0.457056
2005/11/13,2005,11,13,0.57024,1.14912,0.29808,0.059184,0.3865536,0.452736
2005/11/14,2005,11,14,0.5465664,1.09728,0.299808,0.06048,0.3694464,0.4536
2005/11/15,2005,11,15,0.5324832,1.05408,0.301536,0.06048,0.3596832,0.459648
2005/11/16,2005,11,16,0.5145984,1.01952,0.303264,0.0592704,0.3547584,0.470016
2005/11/17,2005,11,17,0.4975776,1.00224,0.304992,0.0584928,0.3474144,0.478656
2005/11/18,2005,11,18,0.4810752,1.01088,0.30672,0.0589248,0.3400704,0.484704
2005/11/19,2005,11,19,0.464832,0.98496,0.309312,0.0601344,0.3303072,0.49248
2005/11/20,2005,11,20,0.4504896,0.96768,0.31104,0.0601344,0.320544,0.50112
2005/11/21,2005,11,21,0.4577472,0.94176,0.312768,0.0592704,0.3132,0.508032
2005/11/22,2005,11,22,0.435456,0.94176,0.314496,0.06048,0.305856,0.511488
2005/11/23,2005,11,23,0.410832,0.92448,0.316224,0.059184,0.298512,0.50976
2005/11/24,2005,11,24,0.4092768,0.9072,0.317952,0.0608256,0.2886624,0.50112
2005/11/25,2005,11,25,0.4081536,0.9072,0.320544,0.0628128,0.2813184,0.486432
2005/11/26,2005,11,26,0.4042656,0.93312,0.322272,0.0628128,0.2739744,0.464832
2005/11/27,2005,11,27,0.4088448,0.93312,0.324,0.0614304,0.2667168,0.44064
2005/11/28,2005,11,28,0.4105728,0.94176,0.325728,0.0597024,0.261792,0.41904
2005/11/29,2005,11,29,0.4084992,0.93312,0.327456,0.0592704,0.2568672,0.400896
2005/11/30,2005,11,30,0.4116096,0.93312,0.337824,0.0597024,0.2520288,0.38448
2005/12/1,2005,12,1,0.4118688,0.92448,0.348192,0.0597024,0.247104,0.373248
2005/12/2,2005,12,2,0.4038336,0.92448,0.35856,0.0597024,0.2421792,0.36288
2005/12/3,2005,12,3,0.3975264,0.9072,0.368928,0.05832,0.23976,0.35424
2005/12/4,2005,12,4,0.3917376,0.9072,0.378432,0.056592,0.2373408,0.349056
2005/12/5,2005,12,5,0.3855168,0.89856,0.3888,0.0559008,0.2348352,0.351648
2005/12/6,2005,12,6,0.3838752,0.864,0.399168,0.0559008,0.232416,0.361152
2005/12/7,2005,12,7,0.3806784,0.849312,0.409536,0.0555552,0.2299968,0.378432
2005/12/8,2005,12,8,0.377568,0.826848,0.419904,0.0521856,0.2299968,0.398304
2005/12/9,2005,12,9,0.3744576,0.808704,0.418176,0.0521856,0.2299968,0.415584
2005/12/10,2005,12,10,0.3718656,0.78624,0.416448,0.0521856,0.2274912,0.42768
2005/12/11,2005,12,11,0.3687552,0.753408,0.41472,0.0521856,0.225072,0.433728
2005/12/12,2005,12,12,0.3671136,0.740448,0.413856,0.0519264,0.2226528,0.439776
2005/12/13,2005,12,13,0.3640896,0.731808,0.412128,0.0528768,0.2202336,0.444096
2005/12/14,2005,12,14,0.3614976,0.717984,0.4104,0.05184,0.217728,0.445824
2005/12/15,2005,12,15,0.3583872,0.713664,0.408672,0.0525312,0.2153088,0.447552
2005/12/16,2005,12,16,0.3592512,0.705024,0.406944,0.0534816,0.2128896,0.444096
2005/12/17,2005,12,17,0.3606336,0.68688,0.405216,0.0527904,0.210384,0.435456
2005/12/18,2005,12,18,0.3614112,0.68256,0.403488,0.0533952,0.2079648,0.419904
2005/12/19,2005,12,19,0.3627072,0.67392,0.40176,0.0537408,0.2055456,0.400896
2005/12/20,2005,12,20,0.3639168,0.6696,0.400896,0.052272,0.20304,0.378432
2005/12/21,2005,12,21,0.3675456,0.66528,0.399168,0.0532224,0.20304,0.355104
2005/12/22,2005,12,22,0.3716064,0.66096,0.39744,0.0534816,0.2006208,0.329184
2005/12/23,2005,12,23,0.3750624,0.65232,0.395712,0.0534816,0.2006208,0.304128
2005/12/24,2005,12,24,0.3798144,0.648,0.393984,0.0520128,0.1982016,0.283392
2005/12/25,2005,12,25,0.3835296,0.63936,0.392256,0.0517536,0.1982016,0.268704
2005/12/26,2005,12,26,0.3825792,0.63072,0.390528,0.050544,0.195696,0.260928
2005/12/27,2005,12,27,0.3815424,0.61776,0.3888,0.04968,0.195696,0.2592
2005/12/28,2005,12,28,0.381024,0.60912,0.387936,0.0493344,0.1932768,0.264384
2005/12/29,2005,12,29,0.3799872,0.6048,0.386208,0.0493344,0.1932768,0.27648
2005/12/30,2005,12,30,0.3789504,0.61344,0.38448,0.0476064,0.1932768,0.290304
2005/12/31,2005,12,31,0.3765312,0.61776,0.382752,0.0461376,0.1908576,0.305856
2006/1/1,2006,1,1,0.375408,0.63072,0.387072,0.0461376,0.1908576,0.320544
2006/1/2,2006,1,2,0.3773952,0.63936,0.391392,0.0461376,0.1908576,0.330912
2006/1/3,2006,1,3,0.3789504,0.648,0.394848,0.0464832,0.188352,0.337824
2006/1/4,2006,1,4,0.3795552,0.65664,0.399168,0.0461376,0.188352,0.343008
2006/1/5,2006,1,5,0.3796416,0.6696,0.403488,0.0456192,0.188352,0.3456
2006/1/6,2006,1,6,0.378432,0.68256,0.407808,0.04536,0.188352,0.347328
2006/1/7,2006,1,7,0.38016,0.6912,0.411264,0.0442368,0.1859328,0.349056
2006/1/8,2006,1,8,0.381456,0.69984,0.415584,0.0437184,0.1859328,0.350784
2006/1/9,2006,1,9,0.3878496,0.70848,0.419904,0.0437184,0.1859328,0.35424
2006/1/10,2006,1,10,0.38664,0.71712,0.424224,0.0433728,0.1835136,0.359424
2006/1/11,2006,1,11,0.384048,0.72576,0.42768,0.0433728,0.1835136,0.365472
2006/1/12,2006,1,12,0.382752,0.7344,0.432,0.0431136,0.1835136,0.370656
2006/1/13,2006,1,13,0.3802464,0.73872,0.43632,0.0431136,0.181008,0.37584
2006/1/14,2006,1,14,0.379296,0.74304,0.429408,0.0431136,0.181008,0.38016
2006/1/15,2006,1,15,0.379296,0.74736,0.422496,0.0433728,0.181008,0.385344
2006/1/16,2006,1,16,0.3786912,0.75168,0.415584,0.0433728,0.1785888,0.3888
2006/1/17,2006,1,17,0.378,0.75168,0.408672,0.0442368,0.1785888,0.391392
2006/1/18,2006,1,18,0.3773088,0.756,0.40176,0.044496,0.1761696,0.392256
2006/1/19,2006,1,19,0.3766176,0.76032,0.395712,0.04536,0.1761696,0.39312
2006/1/20,2006,1,20,0.3759264,0.76032,0.3888,0.04536,0.173664,0.39312
2006/1/21,2006,1,21,0.3752352,0.76032,0.381888,0.044496,0.1712448,0.393984
2006/1/22,2006,1,22,0.3746304,0.76032,0.374976,0.0442368,0.1688256,0.395712
2006/1/23,2006,1,23,0.3739392,0.76032,0.368064,0.0442368,0.1664064,0.394848
2006/1/24,2006,1,24,0.373248,0.76032,0.361152,0.0433728,0.1639008,0.393984
2006/1/25,2006,1,25,0.3776544,0.76032,0.35424,0.0433728,0.1614816,0.390528
2006/1/26,2006,1,26,0.3763584,0.756,0.353376,0.0433728,0.1590624,0.389664
2006/1/27,2006,1,27,0.3750624,0.756,0.352512,0.0425952,0.1565568,0.387936
2006/1/28,2006,1,28,0.3725568,0.756,0.351648,0.0425952,0.1541376,0.386208
2006/1/29,2006,1,29,0.3712608,0.75168,0.351648,0.0425952,0.1517184,0.38448
2006/1/30,2006,1,30,0.3686688,0.75168,0.350784,0.0425952,0.1492128,0.383616
2006/1/31,2006,1,31,0.3737664,0.74736,0.34992,0.042336,0.1467936,0.383616
2006/2/1,2006,2,1,0.3699648,0.74736,0.349056,0.042336,0.1443744,0.38448
2006/2/2,2006,2,2,0.3649536,0.74304,0.348192,0.043632,0.1418688,0.386208
2006/2/3,2006,2,3,0.3721248,0.73872,0.347328,0.0430272,0.1394496,0.387072
2006/2/4,2006,2,4,0.3683232,0.73872,0.346464,0.042768,0.1394496,0.387936
2006/2/5,2006,2,5,0.3645216,0.7344,0.3456,0.041904,0.1370304,0.387936
2006/2/6,2006,2,6,0.3658176,0.7344,0.3456,0.0416448,0.1370304,0.387072
2006/2/7,2006,2,7,0.361584,0.73008,0.344736,0.0416448,0.1345248,0.387936
2006/2/8,2006,2,8,0.3682368,0.72576,0.343872,0.0413856,0.1345248,0.387936
2006/2/9,2006,2,9,0.3670272,0.72576,0.343008,0.04104,0.1321056,0.389664
2006/2/10,2006,2,10,0.361584,0.72576,0.33696,0.0405216,0.1321056,0.393984
2006/2/11,2006,2,11,0.3652992,0.72144,0.331776,0.04104,0.1321056,0.396576
2006/2/12,2006,2,12,0.361584,0.72144,0.325728,0.0416448,0.1296864,0.398304
2006/2/13,2006,2,13,0.3578688,0.72144,0.320544,0.0416448,0.1296864,0.399168
2006/2/14,2006,2,14,0.367632,0.72144,0.314496,0.0413856,0.1296864,0.400896
2006/2/15,2006,2,15,0.358992,0.72144,0.309312,0.0413856,0.1296864,0.402624
2006/2/16,2006,2,16,0.3627072,0.719712,0.303264,0.0413856,0.1296864,0.404352
2006/2/17,2006,2,17,0.3665088,0.719712,0.29808,0.0405216,0.1271808,0.40608
2006/2/18,2006,2,18,0.368928,0.719712,0.292032,0.0399168,0.1271808,0.409536
2006/2/19,2006,2,19,0.370224,0.719712,0.286848,0.039312,0.1271808,0.411264
2006/2/20,2006,2,20,0.37152,0.7128,0.2808,0.0390528,0.1271808,0.413856
2006/2/21,2006,2,21,0.3740256,0.7128,0.27648,0.0387936,0.1271808,0.417312
2006/2/22,2006,2,22,0.370224,0.7128,0.271296,0.0381888,0.1247616,0.421632
2006/2/23,2006,2,23,0.3665088,0.7128,0.266976,0.0381888,0.1247616,0.42336
2006/2/24,2006,2,24,0.3627072,0.7128,0.262656,0.0379296,0.1247616,0.425952
2006/2/25,2006,2,25,0.3614112,0.7128,0.258336,0.0379296,0.1247616,0.42768
2006/2/26,2006,2,26,0.358992,0.70848,0.253152,0.0379296,0.1247616,0.429408
2006/2/27,2006,2,27,0.358992,0.70848,0.248832,0.0379296,0.1223424,0.431136
2006/2/28,2006,2,28,0.3614112,0.70848,0.244512,0.0379296,0.1223424,0.432
2006/3/1,2006,3,1,0.3573504,0.70848,0.240192,0.0379296,0.1223424,0.433728
2006/3/2,2006,3,2,0.3597696,0.7128,0.235008,0.0381888,0.1223424,0.434592
2006/3/3,2006,3,3,0.3621888,0.7128,0.230688,0.0387936,0.1223424,0.435456
2006/3/4,2006,3,4,0.366336,0.7128,0.229824,0.0387936,0.1199232,0.43632
2006/3/5,2006,3,5,0.3672864,0.7128,0.22896,0.0387936,0.1199232,0.438912
2006/3/6,2006,3,6,0.3683232,0.7128,0.228096,0.0387936,0.1199232,0.438912
2006/3/7,2006,3,7,0.365904,0.7128,0.226368,0.0390528,0.1199232,0.439776
2006/3/8,2006,3,8,0.3652992,0.7128,0.225504,0.0390528,0.1199232,0.44064
2006/3/9,2006,3,9,0.363312,0.70848,0.22464,0.0387936,0.1199232,0.44064
2006/3/10,2006,3,10,0.3626208,0.70848,0.223776,0.0387936,0.1199232,0.439776
2006/3/11,2006,3,11,0.36072,0.70416,0.222912,0.0381888,0.1199232,0.441504
2006/3/12,2006,3,12,0.3587328,0.70416,0.222048,0.0379296,0.1199232,0.44064
2006/3/13,2006,3,13,0.355104,0.70416,0.22032,0.0373248,0.1199232,0.439776
2006/3/14,2006,3,14,0.3532032,0.69984,0.219456,0.0368064,0.1199232,0.439776
2006/3/15,2006,3,15,0.352512,0.69984,0.218592,0.0362016,0.1174176,0.438048
2006/3/16,2006,3,16,0.3519072,0.69984,0.217728,0.0362016,0.1174176,0.43632
2006/3/17,2006,3,17,0.351216,0.69552,0.216864,0.0359424,0.1174176,0.435456
2006/3/18,2006,3,18,0.3518208,0.69552,0.216,0.0362016,0.1174176,0.434592
2006/3/19,2006,3,19,0.351216,0.69552,0.214272,0.0368064,0.1174176,0.432864
2006/3/20,2006,3,20,0.3505248,0.69552,0.213408,0.0370656,0.1174176,0.432864
2006/3/21,2006,3,21,0.34992,0.69552,0.212544,0.0368064,0.1174176,0.43632
2006/3/22,2006,3,22,0.3492288,0.69552,0.21168,0.0359424,0.1174176,0.43632
2006/3/23,2006,3,23,0.3483648,0.69984,0.21168,0.0359424,0.1174176,0.43632
2006/3/24,2006,3,24,0.3475008,0.69984,0.210816,0.0353376,0.1174176,0.435456
2006/3/25,2006,3,25,0.3465504,0.69552,0.210816,0.0350784,0.1174176,0.432864
2006/3/26,2006,3,26,0.3456864,0.69552,0.210816,0.0344736,0.1174176,0.430272
2006/3/27,2006,3,27,0.3448224,0.69552,0.209952,0.0339552,0.1174176,0.42768
2006/3/28,2006,3,28,0.3439584,0.6912,0.209952,0.0336096,0.1174176,0.424224
2006/3/29,2006,3,29,0.3430944,0.6912,0.209952,0.0336096,0.1174176,0.420768
2006/3/30,2006,3,30,0.342144,0.6912,0.209088,0.0333504,0.1174176,0.418176
2006/3/31,2006,3,31,0.34128,0.68688,0.209088,0.0337824,0.1174176,0.41472
2006/4/1,2006,4,1,0.340416,0.68688,0.209088,0.0343872,0.1174176,0.411264
2006/4/2,2006,4,2,0.339552,0.68688,0.208224,0.0346464,0.1174176,0.407808
2006/4/3,2006,4,3,0.338688,0.68688,0.208224,0.0346464,0.1174176,0.404352
2006/4/4,2006,4,4,0.337824,0.68688,0.20736,0.0346464,0.1100736,0.403488
2006/4/5,2006,4,5,0.3331584,0.68688,0.20736,0.0343872,0.1100736,0.402624
2006/4/6,2006,4,6,0.3345408,0.68688,0.20736,0.0337824,0.1100736,0.400896
2006/4/7,2006,4,7,0.3342816,0.68688,0.206496,0.0343872,0.1100736,0.400032
2006/4/8,2006,4,8,0.3341088,0.6912,0.206496,0.0337824,0.1100736,0.398304
2006/4/9,2006,4,9,0.3403296,0.6912,0.206496,0.0335232,0.1100736,0.39744
2006/4/10,2006,4,10,0.3406752,0.6912,0.205632,0.0337824,0.1100736,0.395712
2006/4/11,2006,4,11,0.3371328,0.6912,0.205632,0.0337824,0.1100736,0.392256
2006/4/12,2006,4,12,0.33696,0.69552,0.205632,0.0337824,0.1100736,0.3888
2006/4/13,2006,4,13,0.3367008,0.69552,0.204768,0.0337824,0.1100736,0.386208
2006/4/14,2006,4,14,0.336528,0.69552,0.204768,0.0335232,0.1100736,0.383616
2006/4/15,2006,4,15,0.3360096,0.69552,0.203904,0.0337824,0.1100736,0.381888
2006/4/16,2006,4,16,0.3358368,0.69552,0.20304,0.0335232,0.1100736,0.38016
2006/4/17,2006,4,17,0.3363552,0.69552,0.202176,0.0331776,0.1100736,0.378432
2006/4/18,2006,4,18,0.3358368,0.69552,0.201312,0.0335232,0.1100736,0.378432
2006/4/19,2006,4,19,0.3363552,0.69552,0.199584,0.0337824,0.1100736,0.379296
2006/4/20,2006,4,20,0.336528,0.69552,0.19872,0.0343872,0.1100736,0.379296
2006/4/21,2006,4,21,0.3360096,0.69552,0.197856,0.0343872,0.1100736,0.381024
2006/4/22,2006,4,22,0.3346272,0.69552,0.196992,0.0343872,0.1100736,0.383616
2006/4/23,2006,4,23,0.3351456,0.69552,0.196128,0.0346464,0.1100736,0.386208
2006/4/24,2006,4,24,0.338256,0.6912,0.195264,0.0346464,0.1100736,0.390528
2006/4/25,2006,4,25,0.3387744,0.6912,0.1944,0.034992,0.1100736,0.395712
2006/4/26,2006,4,26,0.3400704,0.69552,0.193536,0.034992,0.1125792,0.400896
2006/4/27,2006,4,27,0.3398112,0.69552,0.191808,0.0352512,0.1149984,0.408672
2006/4/28,2006,4,28,0.3403296,0.69552,0.190944,0.036288,0.1174176,0.416448
2006/4/29,2006,4,29,0.3405024,0.69552,0.19008,0.0372384,0.1223424,0.424224
2006/4/30,2006,4,30,0.3402432,0.69552,0.189216,0.0374976,0.1271808,0.432
2006/5/1,2006,5,1,0.3443904,0.69552,0.19008,0.0374976,0.1345248,0.44064
2006/5/2,2006,5,2,0.3480192,0.69552,0.190944,0.0372384,0.1467936,0.451008
2006/5/3,2006,5,3,0.3480192,0.69984,0.192672,0.0360288,0.1590624,0.464832
2006/5/4,2006,5,4,0.3492288,0.69984,0.193536,0.035424,0.1712448,0.482112
2006/5/5,2006,5,5,0.3545856,0.69984,0.1944,0.0348192,0.1835136,0.508032
2006/5/6,2006,5,6,0.351648,0.69984,0.195264,0.035424,0.195696,0.541728
2006/5/7,2006,5,7,0.3590784,0.69984,0.196128,0.0360288,0.2079648,0.590112
2006/5/8,2006,5,8,0.3683232,0.70416,0.197856,0.03672,0.2274912,0.648864
2006/5/9,2006,5,9,0.3746304,0.70848,0.19872,0.0369792,0.2495232,0.692928
2006/5/10,2006,5,10,0.381456,0.71712,0.199584,0.0369792,0.27648,0.772416
2006/5/11,2006,5,11,0.3888864,0.72576,0.201312,0.0369792,0.3106944,0.9072
2006/5/12,2006,5,12,0.3967488,0.7344,0.203904,0.03672,0.3474144,1.06272
2006/5/13,2006,5,13,0.4015872,0.74736,0.205632,0.0369792,0.3889728,1.18368
2006/5/14,2006,5,14,0.4372704,0.75168,0.20736,0.0369792,0.4183488,1.3392
2006/5/15,2006,5,15,0.4590432,0.76464,0.209088,0.0373248,0.5138208,1.3824
2006/5/16,2006,5,16,0.482976,0.77328,0.21168,0.0373248,0.6018624,1.4688
2006/5/17,2006,5,17,0.5215104,0.78624,0.214272,0.0387072,0.6850656,1.5984
2006/5/18,2006,5,18,0.594,0.810432,0.216,0.0387072,0.7584192,1.728
2006/5/19,2006,5,19,0.6657984,0.824256,0.222912,0.039312,0.8269344,1.8576
2006/5/20,2006,5,20,0.7601472,0.828576,0.235872,0.040608,0.9077184,2.16
2006/5/21,2006,5,21,0.8375616,0.857952,0.244512,0.0452736,0.9981792,2.376
2006/5/22,2006,5,22,0.922752,0.88128,0.26352,0.0515808,1.1131776,2.592
2006/5/23,2006,5,23,1.0213344,0.93312,0.285984,0.0641088,1.3211424,2.5056
2006/5/24,2006,5,24,1.1448,1.11456,0.326592,0.081648,1.4434848,2.4192
2006/5/25,2006,5,25,1.2502944,1.39104,0.400896,0.118368,1.6147296,2.3328
2006/5/26,2006,5,26,1.342224,1.5552,0.546048,0.177984,1.7859744,2.2464
2006/5/27,2006,5,27,1.5009408,1.82304,0.843264,0.249696,1.932768,2.16
2006/5/28,2006,5,28,1.6559424,2.5488,1.28736,0.376704,2.0918304,2.0736
2006/5/29,2006,5,29,1.8570816,3.25728,1.7712,0.54,2.201904,2.0304
2006/5/30,2006,5,30,2.115936,3.9312,2.42784,0.707616,2.2508064,1.9872
2006/5/31,2006,5,31,2.4102144,5.14944,4.94208,0.96768,2.23128,1.944
2006/6/1,2006,6,1,2.6122176,6.83424,6.96384,1.18368,2.1897216,1.91808
2006/6/2,2006,6,2,2.7096768,7.48224,8.34624,1.40832,2.1285504,1.8576
2006/6/3,2006,6,3,2.783808,8.0784,9.504,1.61568,2.0551104,1.84896
2006/6/4,2006,6,4,2.7919296,9.3312,10.1088,1.8144,1.969488,1.83168
2006/6/5,2006,6,5,2.8156032,9.936,10.9728,1.78848,1.8373824,1.79712
2006/6/6,2006,6,6,2.8312416,10.1952,9.6768,1.728,1.722384,1.77984
2006/6/7,2006,6,7,2.8467936,10.4544,8.8992,1.71936,1.6343424,1.77984
2006/6/8,2006,6,8,2.8703808,10.1088,8.7264,1.65888,1.5706656,1.77984
2006/6/9,2006,6,9,2.8856736,9.8496,8.47584,1.58112,1.5291072,1.78848
2006/6/10,2006,6,10,2.884464,9.1584,7.62048,1.49472,1.504656,1.8144
2006/6/11,2006,6,11,2.8994112,8.7264,7.20576,1.4688,1.4802048,1.84896
2006/6/12,2006,6,12,2.897424,8.7264,6.8688,1.4256,1.423872,1.90944
2006/6/13,2006,6,13,2.9120256,8.62272,6.64416,1.3824,1.3798944,1.96992
2006/6/14,2006,6,14,2.9519424,8.32032,6.51456,1.37376,1.3309056,2.0304
2006/6/15,2006,6,15,2.8893024,7.89696,6.4368,1.36512,1.301616,2.0736
2006/6/16,2006,6,16,2.88576,7.45632,6.41088,1.36512,1.2673152,2.1168
2006/6/17,2006,6,17,2.88576,7.09344,6.3936,1.35648,1.2257568,2.09088
2006/6/18,2006,6,18,2.87712,6.73056,6.37632,1.34784,1.1866176,2.0304
2006/6/19,2006,6,19,2.87712,6.31584,6.3504,1.32192,1.1523168,1.99584
2006/6/20,2006,6,20,2.86848,5.90976,6.29856,1.21824,1.1205216,1.9872
2006/6/21,2006,6,21,2.8512,5.59008,6.2208,1.07136,1.0960704,2.0304
2006/6/22,2006,6,22,2.8512,5.2272,6.1776,1.01952,1.0740384,2.12544
2006/6/23,2006,6,23,2.83392,4.87296,6.16032,0.94176,1.0593504,2.23776
2006/6/24,2006,6,24,2.82528,4.43232,6.11712,0.849312,1.0495872,2.38464
2006/6/25,2006,6,25,2.79072,4.12992,6.048,0.767232,1.0495872,2.51424
2006/6/26,2006,6,26,2.74752,3.888,5.98752,0.756864,1.0569312,2.55744
2006/6/27,2006,6,27,2.73024,3.66336,5.95296,0.756864,1.0716192,2.52288
2006/6/28,2006,6,28,2.7216,3.30048,5.89248,0.752544,1.0936512,2.38464
2006/6/29,2006,6,29,2.69568,3.05856,5.80608,0.749952,1.1278656,2.31552
2006/6/30,2006,6,30,2.69568,2.86848,5.71104,0.762048,1.1572416,2.22912
2006/7/1,2006,7,1,2.68704,2.70432,5.62464,0.787104,1.1866176,2.09088
2006/7/2,2006,7,2,2.58336,2.58336,5.5296,0.832032,1.2159072,1.9872
2006/7/3,2006,7,3,2.57472,2.44512,5.42592,0.864,1.2331008,1.89216
2006/7/4,2006,7,4,2.55744,2.3328,5.29632,0.88128,1.2673152,1.79712
2006/7/5,2006,7,5,2.48832,2.2464,5.23584,0.862272,1.2770784,1.728
2006/7/6,2006,7,6,2.52288,2.16864,5.14944,0.819936,1.286928,1.67616
2006/7/7,2006,7,7,2.49696,2.13408,4.98528,0.759456,1.2917664,1.63296
2006/7/8,2006,7,8,2.47968,2.09088,4.77792,0.710208,1.2917664,1.5984
2006/7/9,2006,7,9,2.47104,2.00448,4.59648,0.685152,1.286928,1.5552
2006/7/10,2006,7,10,2.4624,1.91808,4.3632,0.653184,1.2893472,1.512
2006/7/11,2006,7,11,2.45376,1.84032,4.18176,0.616896,1.2820032,1.47744
2006/7/12,2006,7,12,2.43648,1.7712,4.00032,0.580608,1.264896,1.44288
2006/7/13,2006,7,13,2.4192,1.71072,3.78432,0.542592,1.2623904,1.41696
2006/7/14,2006,7,14,2.38464,1.65888,3.57696,0.515808,1.257552,1.39968
2006/7/15,2006,7,15,2.39328,1.62432,3.40416,0.490752,1.250208,1.39968
2006/7/16,2006,7,16,2.376,1.61568,3.23136,0.476928,1.2452832,1.39968
2006/7/17,2006,7,17,2.35008,1.62432,3.07584,0.4536,1.250208,1.40832
2006/7/18,2006,7,18,2.35008,1.63296,2.98944,0.44928,1.2184128,1.41696
2006/7/19,2006,7,19,2.34144,1.61568,2.9376,0.431136,1.2085632,1.4256
2006/7/20,2006,7,20,2.31552,1.60704,2.92032,0.446688,1.1988,1.4256
2006/7/21,2006,7,21,2.3328,1.5984,2.86848,0.446688,1.191456,1.4256
2006/7/22,2006,7,22,2.31552,1.58976,2.8512,0.435456,1.184112,1.41696
2006/7/23,2006,7,23,2.30688,1.60704,2.88576,0.431136,1.184112,1.3824
2006/7/24,2006,7,24,2.34144,1.63296,2.95488,0.422496,1.1816928,1.35648
2006/7/25,2006,7,25,2.34144,1.67616,2.8944,0.420768,1.169424,1.33056
2006/7/26,2006,7,26,2.35008,1.73664,2.79936,0.431136,1.1645856,1.31328
2006/7/27,2006,7,27,2.30688,1.79712,2.69568,0.472608,1.16208,1.296
2006/7/28,2006,7,28,2.31552,1.84896,2.61792,0.528768,1.1498976,1.26144
2006/7/29,2006,7,29,2.29824,1.88352,2.5488,0.578016,1.1205216,1.21824
2006/7/30,2006,7,30,2.28096,1.9008,2.4624,0.605664,1.1083392,1.20096
2006/7/31,2006,7,31,2.26368,1.9008,2.35008,0.618624,1.0960704,1.18368
2006/8/1,2006,8,1,2.28096,1.88352,2.25504,0.611712,1.0789632,1.1664
2006/8/2,2006,8,2,2.29824,1.86624,2.19456,0.5832,1.0593504,1.14912
2006/8/3,2006,8,3,2.27232,1.84896,2.17728,0.542592,1.0446624,1.13184
2006/8/4,2006,8,4,2.2464,1.82304,2.22912,0.53568,1.0226304,1.11456
2006/8/5,2006,8,5,2.21184,1.79712,2.26368,0.53568,1.0055232,1.11456
2006/8/6,2006,8,6,2.14272,1.77984,2.25504,0.538272,0.9834912,1.11456
2006/8/7,2006,8,7,2.14272,1.75392,2.25504,0.528768,0.9639648,1.10592
2006/8/8,2006,8,8,2.09088,1.75392,2.19456,0.501984,0.9492768,1.09728
2006/8/9,2006,8,9,2.06496,1.75392,2.12544,0.48384,0.937008,1.09728
2006/8/10,2006,8,10,2.00448,1.75392,2.0304,0.47952,0.929664,1.08
2006/8/11,2006,8,11,1.9872,1.75392,1.944,0.472608,0.9248256,1.07136
2006/8/12,2006,8,12,1.9008,1.73664,1.84032,0.486432,0.9174816,1.09728
2006/8/13,2006,8,13,1.8576,1.71072,1.74528,0.53568,0.9125568,1.10592
2006/8/14,2006,8,14,1.77984,1.65888,1.66752,0.589248,0.914976,1.10592
2006/8/15,2006,8,15,1.73664,1.60704,1.62432,0.629856,0.9125568,1.09728
2006/8/16,2006,8,16,1.66752,1.54656,1.5984,0.671328,0.9077184,1.10592
2006/8/17,2006,8,17,1.58976,1.47744,1.58976,0.71712,0.8930304,1.10592
2006/8/18,2006,8,18,1.53792,1.44288,1.56384,0.7128,0.8930304,1.10592
2006/8/19,2006,8,19,1.50336,1.39968,1.54656,0.7128,0.8930304,1.10592
2006/8/20,2006,8,20,1.45152,1.35648,1.52928,0.703296,0.8930304,1.10592
2006/8/21,2006,8,21,1.4256,1.33056,1.49472,0.692064,0.8978688,1.10592
2006/8/22,2006,8,22,1.32192,1.32192,1.45152,0.697248,0.9077184,1.08864
2006/8/23,2006,8,23,1.27872,1.30464,1.43424,0.703296,0.9101376,1.08
2006/8/24,2006,8,24,1.24416,1.27008,1.4256,0.719712,0.9125568,1.07136
2006/8/25,2006,8,25,1.2096,1.23552,1.4688,0.755136,0.9199008,1.07136
2006/8/26,2006,8,26,1.17504,1.21824,1.58112,0.797472,0.9345888,1.05408
2006/8/27,2006,8,27,1.14048,1.20096,1.76256,0.837216,0.9542016,1.02816
2006/8/28,2006,8,28,1.14048,1.21824,1.96128,0.864,0.9713088,1.00224
2006/8/29,2006,8,29,1.1232,1.24416,2.21184,0.93312,1.003104,0.9936
2006/8/30,2006,8,30,1.07136,1.27008,2.39328,0.98496,1.0422432,1.01088
2006/8/31,2006,8,31,1.0368,1.28736,2.592,1.02816,1.0936512,1.02816
2006/9/1,2006,9,1,1.0368,1.28736,2.75616,1.06272,1.1401344,1.0368
2006/9/2,2006,9,2,1.00224,1.28736,2.92032,1.06272,1.1645856,1.05408
2006/9/3,2006,9,3,0.96768,1.27872,3.07584,1.06272,1.184112,1.07136
2006/9/4,2006,9,4,1.06272,1.26144,3.23136,1.05408,1.1866176,1.07136
2006/9/5,2006,9,5,1.05408,1.26144,3.35232,1.02816,1.1866176,1.06272
2006/9/6,2006,9,6,1.0368,1.27872,3.43008,1.01088,1.184112,1.06272
2006/9/7,2006,9,7,1.01952,1.31328,3.52512,0.9936,1.1816928,1.05408
2006/9/8,2006,9,8,0.9936,1.36512,3.61152,1.00224,1.169424,1.05408
2006/9/9,2006,9,9,0.93312,1.4256,3.66336,1.01088,1.1425536,1.04544
2006/9/10,2006,9,10,0.96768,1.44288,3.65472,1.01952,1.1058336,1.06272
2006/9/11,2006,9,11,0.96768,1.45152,3.68064,1.0368,1.0642752,1.08
2006/9/12,2006,9,12,0.98496,1.4688,3.70656,1.05408,1.03248,1.07136
2006/9/13,2006,9,13,0.95904,1.52064,3.72384,1.05408,1.003104,1.06272
2006/9/14,2006,9,14,0.89856,1.5984,3.76704,1.02816,0.9786528,1.0368
2006/9/15,2006,9,15,0.88128,1.6848,3.81888,0.98496,0.9542016,1.02816
2006/9/16,2006,9,16,0.87264,1.728,3.86208,0.94176,0.937008,1.01952
2006/9/17,2006,9,17,0.860544,1.71072,3.9312,0.89856,0.914976,1.01088
2006/9/18,2006,9,18,0.853632,1.71936,3.99168,0.832032,0.8978688,1.01088
2006/9/19,2006,9,19,0.89856,1.7712,3.98304,0.7776,0.8831808,0.9936
2006/9/20,2006,9,20,0.91584,1.83168,3.95712,0.7344,0.8660736,0.97632
2006/9/21,2006,9,21,0.92448,1.8576,3.90528,0.705888,0.8489664,0.95904
2006/9/22,2006,9,22,0.91584,1.8144,3.81888,0.646272,0.8318592,0.94176
2006/9/23,2006,9,23,0.88992,1.77984,3.73248,0.598752,0.8195904,0.93312
2006/9/24,2006,9,24,0.89856,1.76256,3.68928,0.565056,0.807408,0.93312
2006/9/25,2006,9,25,0.91584,1.73664,3.64608,0.524448,0.7975584,0.92448
2006/9/26,2006,9,26,0.88992,1.71072,3.63744,0.46656,0.7902144,0.9072
2006/9/27,2006,9,27,0.860544,1.69344,3.672,0.413856,0.785376,0.89856
2006/9/28,2006,9,28,0.88128,1.6848,3.7152,0.376704,0.7828704,0.88128
2006/9/29,2006,9,29,0.864,1.67616,3.7584,0.348192,0.7755264,0.87264
2006/9/30,2006,9,30,0.864,1.65024,3.76704,0.338688,0.7657632,0.864
2006/10/1,2006,10,1,0.87264,1.62432,3.73248,0.330912,0.756,0.851904
2006/10/2,2006,10,2,0.864,1.5984,3.66336,0.31536,0.7462368,0.8424
2006/10/3,2006,10,3,0.88128,1.56384,3.57696,0.305856,0.7363872,0.8424
2006/10/4,2006,10,4,0.9072,1.54656,3.47328,0.296352,0.726624,0.840672
2006/10/5,2006,10,5,0.92448,1.52928,3.3696,0.27648,0.71928,0.832896
2006/10/6,2006,10,6,0.91584,1.52064,3.2832,0.270432,0.7070976,0.826848
2006/10/7,2006,10,7,0.91584,1.50336,3.17088,0.260064,0.6948288,0.830304
2006/10/8,2006,10,8,0.9072,1.49472,3.024,0.257472,0.6874848,0.847584
2006/10/9,2006,10,9,0.87264,1.48608,2.92896,0.266112,0.689904,0.857088
2006/10/10,2006,10,10,0.857088,1.4688,2.7648,0.26352,0.6850656,0.847584
2006/10/11,2006,10,11,0.843264,1.4256,2.65248,0.26352,0.7070976,0.836352
2006/10/12,2006,10,12,0.82944,1.3824,2.52288,0.261792,0.726624,0.849312
2006/10/13,2006,10,13,0.825984,1.3392,2.43648,0.260064,0.7388928,0.85536
2006/10/14,2006,10,14,0.815616,1.296,2.34144,0.260064,0.7535808,0.840672
2006/10/15,2006,10,15,0.819072,1.2528,2.23776,0.258336,0.7657632,0.82512
2006/10/16,2006,10,16,0.853632,1.22688,2.17728,0.255744,0.7657632,0.811296
2006/10/17,2006,10,17,0.9072,1.14048,2.09952,0.252288,0.7731072,0.805248
2006/10/18,2006,10,18,0.93312,1.07136,1.97856,0.251424,0.7804512,0.795744
2006/10/19,2006,10,19,0.93312,1.01088,1.87488,0.216,0.7828704,0.785376
2006/10/20,2006,10,20,0.87264,0.96768,1.75392,0.187488,0.7828704,0.769824
2006/10/21,2006,10,21,0.88128,0.91584,1.60704,0.157248,0.785376,0.756864
2006/10/22,2006,10,22,0.91584,0.89856,1.3392,0.149472,0.7902144,0.736128
2006/10/23,2006,10,23,0.9347616,0.857088,1.2528,0.141696,0.7877952,0.720576
2006/10/24,2006,10,24,0.8773056,0.825984,1.21824,0.136512,0.7804512,0.713664
2006/10/25,2006,10,25,0.8157024,0.798336,1.15776,0.130464,0.7731072,0.693792
2006/10/26,2006,10,26,0.7593696,0.79488,0.96768,0.127008,0.756,0.686016
2006/10/27,2006,10,27,0.706752,0.791424,0.851904,0.127008,0.733968,0.658368
2006/10/28,2006,10,28,0.663552,0.7776,0.742176,0.124416,0.697248,0.632448
2006/10/29,2006,10,29,0.6469632,0.780192,0.648,0.122688,0.6727968,0.61344
2006/10/30,2006,10,30,0.6256224,0.788832,0.564192,0.119232,0.6483456,0.59616
2006/10/31,2006,10,31,0.594,0.808704,0.559008,0.117504,0.6141312,0.57888
2006/11/1,2006,11,1,0.5792256,0.858816,0.54432,0.115776,0.5994432,0.57024
2006/11/2,2006,11,2,0.571536,0.94176,0.529632,0.11232,0.5920992,0.55728
2006/11/3,2006,11,3,0.5540832,1.01952,0.514944,0.110592,0.5847552,0.54432
2006/11/4,2006,11,4,0.5413824,1.1664,0.500256,0.109728,0.5774112,0.52704
2006/11/5,2006,11,5,0.5038848,1.2528,0.484704,0.108,0.5700672,0.50976
2006/11/6,2006,11,6,0.5057856,1.24416,0.470016,0.106272,0.5553792,0.49248
2006/11/7,2006,11,7,0.510192,1.21824,0.455328,0.10368,0.530928,0.4752
2006/11/8,2006,11,8,0.5038848,1.18368,0.44064,0.10368,0.5064768,0.45792
2006/11/9,2006,11,9,0.5059584,1.1664,0.425952,0.101952,0.4771008,0.42336
2006/11/10,2006,11,10,0.5122656,1.17504,0.422496,0.101088,0.4526496,0.39744
2006/11/11,2006,11,11,0.5184,1.1664,0.41904,0.101088,0.428112,0.379296
2006/11/12,2006,11,12,0.521424,1.18368,0.415584,0.101088,0.4036608,0.361152
2006/11/13,2006,11,13,0.5243616,1.17504,0.411264,0.09936,0.3792096,0.336096
2006/11/14,2006,11,14,0.5222016,1.20096,0.407808,0.09936,0.3645216,0.31536
2006/11/15,2006,11,15,0.5250528,1.18368,0.404352,0.098496,0.3523392,0.29808
2006/11/16,2006,11,16,0.5228064,1.19232,0.400896,0.096768,0.3400704,0.28512
2006/11/17,2006,11,17,0.5256576,1.20096,0.39744,0.097632,0.3278016,0.269568
2006/11/18,2006,11,18,0.5184,1.21824,0.393984,0.100224,0.3180384,0.260064
2006/11/19,2006,11,19,0.5161536,1.2096,0.390528,0.097632,0.3033504,0.25488
2006/11/20,2006,11,20,0.5139072,1.22688,0.387072,0.096768,0.2935872,0.25056
2006/11/21,2006,11,21,0.5117472,1.22688,0.382752,0.095904,0.2813184,0.257472
2006/11/22,2006,11,22,0.504576,1.2096,0.379296,0.095904,0.269136,0.25488
2006/11/23,2006,11,23,0.5023296,1.20096,0.37584,0.095904,0.254448,0.256608
2006/11/24,2006,11,24,0.5001696,1.17504,0.372384,0.095904,0.23976,0.24624
2006/11/25,2006,11,25,0.4979232,1.17504,0.381888,0.09504,0.2274912,0.22896
2006/11/26,2006,11,26,0.4957632,1.1664,0.391392,0.094176,0.2153088,0.22032
2006/11/27,2006,11,27,0.4983552,1.14048,0.400896,0.094176,0.2006208,0.216
2006/11/28,2006,11,28,0.5009472,1.14048,0.409536,0.094176,0.1908576,0.212544
2006/11/29,2006,11,29,0.4987008,1.13184,0.41904,0.092448,0.181008,0.209088
2006/11/30,2006,11,30,0.4964544,1.10592,0.428544,0.091584,0.1688256,0.208224
2006/12/1,2006,12,1,0.49896,1.08,0.438048,0.09072,0.1614816,0.20736
2006/12/2,2006,12,2,0.5053536,1.05408,0.447552,0.09072,0.1565568,0.208224
2006/12/3,2006,12,3,0.5069952,1.0368,0.457056,0.091584,0.1541376,0.209952
2006/12/4,2006,12,4,0.513216,1.0368,0.465696,0.094176,0.1517184,0.212544
2006/12/5,2006,12,5,0.5146848,1.01952,0.4752,0.092448,0.1541376,0.22032
2006/12/6,2006,12,6,0.5160672,1.00224,0.484704,0.0864,0.1541376,0.22896
2006/12/7,2006,12,7,0.5128704,0.97632,0.494208,0.079488,0.1541376,0.25056
2006/12/8,2006,12,8,0.5096736,0.96768,0.4968,0.0744768,0.1565568,0.26352
2006/12/9,2006,12,9,0.5063904,0.9504,0.499392,0.0697248,0.1565568,0.325728
2006/12/10,2006,12,10,0.5076864,0.94176,0.502848,0.064368,0.1590624,0.3456
2006/12/11,2006,12,11,0.5044032,0.91584,0.50544,0.0610848,0.1590624,0.362016
2006/12/12,2006,12,12,0.5056128,0.9072,0.508032,0.0575424,0.1614816,0.374112
2006/12/13,2006,12,13,0.5023296,0.88992,0.510624,0.056592,0.1614816,0.382752
2006/12/14,2006,12,14,0.4990464,0.88128,0.513216,0.0556416,0.1639008,0.389664
2006/12/15,2006,12,15,0.4957632,0.88128,0.516672,0.0532224,0.1639008,0.394848
2006/12/16,2006,12,16,0.4968,0.88992,0.519264,0.0525312,0.1639008,0.400896
2006/12/17,2006,12,17,0.50112,0.91584,0.521856,0.052272,0.1614816,0.407808
2006/12/18,2006,12,18,0.50112,0.93312,0.524448,0.0519264,0.1590624,0.413856
2006/12/19,2006,12,19,0.5165856,0.93312,0.52704,0.0513216,0.1565568,0.41904
2006/12/20,2006,12,20,0.5088096,0.94176,0.530496,0.0495936,0.1517184,0.422496
2006/12/21,2006,12,21,0.50112,0.95904,0.533088,0.048384,0.1443744,0.424224
2006/12/22,2006,12,22,0.4935168,0.97632,0.53568,0.0463968,0.1394496,0.424224
2006/12/23,2006,12,23,0.4859136,0.97632,0.538272,0.0461376,0.1370304,0.424224
2006/12/24,2006,12,24,0.4826304,0.96768,0.541728,0.044928,0.1321056,0.425088
2006/12/25,2006,12,25,0.4826304,0.93312,0.54432,0.044064,0.1296864,0.426816
2006/12/26,2006,12,26,0.4763232,0.92448,0.546912,0.0416448,0.1271808,0.428544
2006/12/27,2006,12,27,0.4699296,0.9072,0.549504,0.0438912,0.1259712,0.430272
2006/12/28,2006,12,28,0.4636224,0.89856,0.552096,0.0467424,0.1247616,0.431136
2006/12/29,2006,12,29,0.4572288,0.88992,0.555552,0.0490752,0.123552,0.432
2006/12/30,2006,12,30,0.4509216,0.88128,0.558144,0.0489024,0.1223424,0.432
2006/12/31,2006,12,31,0.444528,0.88128,0.560736,0.0500256,0.1223424,0.430272
2007/1/1,2007,1,1,0.584928,0.88128,0.559872,0.0594432,0.1211328,0.42768
2007/1/2,2007,1,2,0.579744,0.88128,0.558144,0.0584064,0.1211328,0.425952
2007/1/3,2007,1,3,0.57456,0.88992,0.55728,0.0571104,0.1199232,0.42336
2007/1/4,2007,1,4,0.569376,0.89856,0.555552,0.0565056,0.1199232,0.419904
2007/1/5,2007,1,5,0.564192,0.91584,0.554688,0.0554688,0.1199232,0.417312
2007/1/6,2007,1,6,0.559008,0.92448,0.55296,0.0551232,0.1186272,0.412992
2007/1/7,2007,1,7,0.553824,0.93312,0.552096,0.0538272,0.1186272,0.408672
2007/1/8,2007,1,8,0.54864,0.94176,0.550368,0.0528768,0.1186272,0.404352
2007/1/9,2007,1,9,0.543456,0.94176,0.549504,0.050544,0.1174176,0.400896
2007/1/10,2007,1,10,0.542592,0.94176,0.543456,0.0495936,0.1174176,0.39744
2007/1/11,2007,1,11,0.542592,0.94176,0.536544,0.0495936,0.1174176,0.394848
2007/1/12,2007,1,12,0.541728,0.94176,0.530496,0.0512352,0.116208,0.391392
2007/1/13,2007,1,13,0.540864,0.94176,0.523584,0.0528768,0.116208,0.387936
2007/1/14,2007,1,14,0.540864,0.94176,0.517536,0.0515808,0.116208,0.38448
2007/1/15,2007,1,15,0.54,0.94176,0.511488,0.049248,0.1149984,0.381888
2007/1/16,2007,1,16,0.539136,0.94176,0.504576,0.0476064,0.1149984,0.379296
2007/1/17,2007,1,17,0.538272,0.94176,0.498528,0.046656,0.1149984,0.376704
2007/1/18,2007,1,18,0.538272,0.94176,0.49248,0.0463104,0.1137888,0.37152
2007/1/19,2007,1,19,0.537408,0.9504,0.485568,0.0450144,0.1137888,0.368064
2007/1/20,2007,1,20,0.536544,0.94176,0.47952,0.0446688,0.1137888,0.363744
2007/1/21,2007,1,21,0.536544,0.94176,0.472608,0.0439776,0.1125792,0.360288
2007/1/22,2007,1,22,0.53568,0.94176,0.46656,0.0446688,0.1125792,0.355104
2007/1/23,2007,1,23,0.53568,0.93312,0.460512,0.0446688,0.1125792,0.351648
2007/1/24,2007,1,24,0.53568,0.92448,0.4536,0.0452736,0.1112832,0.349056
2007/1/25,2007,1,25,0.533952,0.92448,0.447552,0.0459648,0.1112832,0.347328
2007/1/26,2007,1,26,0.533088,0.91584,0.441504,0.0463104,0.1112832,0.3456
2007/1/27,2007,1,27,0.532224,0.91584,0.434592,0.046656,0.1100736,0.342144
2007/1/28,2007,1,28,0.532224,0.91584,0.428544,0.0472608,0.1100736,0.337824
2007/1/29,2007,1,29,0.53136,0.91584,0.421632,0.0476064,0.1100736,0.33264
2007/1/30,2007,1,30,0.530496,0.91584,0.415584,0.047952,0.108864,0.327456
2007/1/31,2007,1,31,0.530496,0.91584,0.413856,0.0482976,0.108864,0.324864
2007/2/1,2007,2,1,0.525312,0.91584,0.412992,0.0482976,0.108864,0.322272
2007/2/2,2007,2,2,0.519264,0.9072,0.411264,0.0482976,0.1076544,0.321408
2007/2/3,2007,2,3,0.51408,0.9072,0.4104,0.047952,0.1076544,0.31968
2007/2/4,2007,2,4,0.508896,0.9072,0.408672,0.0476064,0.1076544,0.317952
2007/2/5,2007,2,5,0.503712,0.9072,0.406944,0.0476064,0.1064448,0.316224
2007/2/6,2007,2,6,0.497664,0.9072,0.40608,0.0463968,0.1064448,0.317088
2007/2/7,2007,2,7,0.49248,0.9072,0.404352,0.0476064,0.1064448,0.317952
2007/2/8,2007,2,8,0.487296,0.9072,0.403488,0.0498528,0.1064448,0.317088
2007/2/9,2007,2,9,0.482112,0.89856,0.40176,0.0511488,0.1052352,0.317088
2007/2/10,2007,2,10,0.476064,0.89856,0.400896,0.0514944,0.1052352,0.31536
2007/2/11,2007,2,11,0.47088,0.88992,0.400032,0.0526176,0.1052352,0.312768
2007/2/12,2007,2,12,0.465696,0.88992,0.399168,0.0524448,0.1052352,0.310176
2007/2/13,2007,2,13,0.459648,0.88992,0.398304,0.0520992,0.1039392,0.308448
2007/2/14,2007,2,14,0.454464,0.88992,0.398304,0.0514944,0.1039392,0.30672
2007/2/15,2007,2,15,0.44928,0.88128,0.39744,0.050544,0.1039392,0.304992
2007/2/16,2007,2,16,0.444096,0.88128,0.396576,0.0501984,0.1039392,0.303264
2007/2/17,2007,2,17,0.438048,0.88128,0.395712,0.049248,0.1039392,0.301536
2007/2/18,2007,2,18,0.432864,0.88128,0.394848,0.0498528,0.1027296,0.301536
2007/2/19,2007,2,19,0.42768,0.88128,0.393984,0.048816,0.1027296,0.301536
2007/2/20,2007,2,20,0.422496,0.88128,0.392256,0.048816,0.1027296,0.301536
2007/2/21,2007,2,21,0.416448,0.88128,0.391392,0.0485568,0.1027296,0.300672
2007/2/22,2007,2,22,0.411264,0.88128,0.389664,0.048816,0.10152,0.298944
2007/2/23,2007,2,23,0.41472,0.87264,0.3888,0.0491616,0.10152,0.296352
2007/2/24,2007,2,24,0.418176,0.87264,0.387072,0.0491616,0.10152,0.292896
2007/2/25,2007,2,25,0.421632,0.87264,0.386208,0.0485568,0.10152,0.288576
2007/2/26,2007,2,26,0.425088,0.88128,0.38448,0.0485568,0.1003104,0.28512
2007/2/27,2007,2,27,0.428544,0.88128,0.383616,0.0478656,0.1003104,0.284256
2007/2/28,2007,2,28,0.42336,0.88128,0.381888,0.0478656,0.1003104,0.282528
2007/3/1,2007,3,1,0.418176,0.88128,0.38016,0.0478656,0.1003104,0.279072
2007/3/2,2007,3,2,0.412992,0.88128,0.379296,0.0478656,0.1003104,0.27648
2007/3/3,2007,3,3,0.407808,0.88128,0.377568,0.0478656,0.0991008,0.273888
2007/3/4,2007,3,4,0.402624,0.88992,0.376704,0.0478656,0.0991008,0.27216
2007/3/5,2007,3,5,0.39744,0.88128,0.374976,0.0476064,0.0991008,0.27216
2007/3/6,2007,3,6,0.392256,0.88128,0.374112,0.0476064,0.0991008,0.273024
2007/3/7,2007,3,7,0.387936,0.88128,0.372384,0.0470016,0.0991008,0.273024
2007/3/8,2007,3,8,0.382752,0.87264,0.37152,0.046656,0.0978912,0.271296
2007/3/9,2007,3,9,0.377568,0.87264,0.369792,0.04536,0.0978912,0.270432
2007/3/10,2007,3,10,0.372384,0.87264,0.368928,0.04536,0.0978912,0.26784
2007/3/11,2007,3,11,0.3672,0.87264,0.3672,0.04536,0.0978912,0.264384
2007/3/12,2007,3,12,0.362016,0.87264,0.365472,0.04536,0.0978912,0.262656
2007/3/13,2007,3,13,0.356832,0.87264,0.364608,0.0457056,0.0966816,0.260928
2007/3/14,2007,3,14,0.352512,0.87264,0.36288,0.04536,0.0966816,0.2592
2007/3/15,2007,3,15,0.347328,0.864,0.362016,0.04536,0.0966816,0.258336
2007/3/16,2007,3,16,0.343008,0.87264,0.360288,0.04536,0.0966816,0.255744
2007/3/17,2007,3,17,0.338688,0.87264,0.359424,0.04536,0.0966816,0.25488
2007/3/18,2007,3,18,0.333504,0.87264,0.357696,0.04536,0.0953856,0.255744
2007/3/19,2007,3,19,0.329184,0.87264,0.356832,0.04536,0.0953856,0.25488
2007/3/20,2007,3,20,0.324864,0.87264,0.355104,0.0463104,0.0953856,0.255744
2007/3/21,2007,3,21,0.31968,0.88128,0.351648,0.048384,0.0953856,0.256608
2007/3/22,2007,3,22,0.31536,0.88128,0.348192,0.0493344,0.0953856,0.256608
2007/3/23,2007,3,23,0.316224,0.88128,0.344736,0.0478656,0.094176,0.256608
2007/3/24,2007,3,24,0.317088,0.88128,0.34128,0.0482112,0.094176,0.257472
2007/3/25,2007,3,25,0.317952,0.88128,0.338688,0.0484704,0.094176,0.257472
2007/3/26,2007,3,26,0.318816,0.88992,0.335232,0.0478656,0.094176,0.256608
2007/3/27,2007,3,27,0.31968,0.88992,0.331776,0.0470016,0.094176,0.255744
2007/3/28,2007,3,28,0.320544,0.88992,0.32832,0.0470016,0.0929664,0.254016
2007/3/29,2007,3,29,0.321408,0.89856,0.324864,0.0472608,0.0929664,0.25488
2007/3/30,2007,3,30,0.322272,0.89856,0.321408,0.0472608,0.0929664,0.256608
2007/3/31,2007,3,31,0.323136,0.89856,0.31968,0.0472608,0.0929664,0.260064
2007/4/1,2007,4,1,0.324864,0.89856,0.317952,0.0472608,0.0929664,0.264384
2007/4/2,2007,4,2,0.325728,0.9072,0.316224,0.0470016,0.0929664,0.266976
2007/4/3,2007,4,3,0.326592,0.9072,0.314496,0.0463968,0.0929664,0.271296
2007/4/4,2007,4,4,0.327456,0.9072,0.312768,0.045792,0.0929664,0.274752
2007/4/5,2007,4,5,0.32832,0.9072,0.311904,0.0452736,0.0929664,0.27648
2007/4/6,2007,4,6,0.329184,0.9072,0.310176,0.044928,0.0929664,0.279072
2007/4/7,2007,4,7,0.330048,0.91584,0.308448,0.0443232,0.0929664,0.282528
2007/4/8,2007,4,8,0.330912,0.91584,0.30672,0.044064,0.0929664,0.286848
2007/4/9,2007,4,9,0.331776,0.91584,0.304992,0.0438048,0.094176,0.292032
2007/4/10,2007,4,10,0.33264,0.92448,0.303264,0.0432,0.094176,0.297216
2007/4/11,2007,4,11,0.334368,0.92448,0.300672,0.0438048,0.094176,0.301536
2007/4/12,2007,4,12,0.336096,0.91584,0.29808,0.0438048,0.094176,0.304128
2007/4/13,2007,4,13,0.338688,0.91584,0.295488,0.0430272,0.094176,0.304128
2007/4/14,2007,4,14,0.340416,0.91584,0.292896,0.043632,0.0953856,0.304128
2007/4/15,2007,4,15,0.342144,0.91584,0.290304,0.0430272,0.0953856,0.3024
2007/4/16,2007,4,16,0.343872,0.92448,0.287712,0.0430272,0.0953856,0.301536
2007/4/17,2007,4,17,0.3456,0.92448,0.28512,0.0430272,0.0953856,0.300672
2007/4/18,2007,4,18,0.348192,0.93312,0.282528,0.0425088,0.0953856,0.301536
2007/4/19,2007,4,19,0.34992,0.93312,0.279936,0.0425088,0.0966816,0.304128
2007/4/20,2007,4,20,0.351648,0.93312,0.278208,0.041904,0.0978912,0.307584
2007/4/21,2007,4,21,0.365472,0.94176,0.275616,0.041904,0.1003104,0.312768
2007/4/22,2007,4,22,0.389664,0.94176,0.273024,0.0425088,0.1027296,0.31968
2007/4/23,2007,4,23,0.40608,0.94176,0.270432,0.0425088,0.1052352,0.329184
2007/4/24,2007,4,24,0.44064,0.9504,0.26784,0.041904,0.1076544,0.340416
2007/4/25,2007,4,25,0.476064,0.96768,0.265248,0.041904,0.1174176,0.353376
2007/4/26,2007,4,26,0.517536,0.97632,0.262656,0.041904,0.1271808,0.369792
2007/4/27,2007,4,27,0.559872,1.01088,0.260064,0.0416448,0.1394496,0.3888
2007/4/28,2007,4,28,0.619488,1.0368,0.257472,0.041904,0.1590624,0.409536
2007/4/29,2007,4,29,0.674784,1.05408,0.25488,0.0416448,0.181008,0.432
2007/4/30,2007,4,30,0.759456,1.08864,0.252288,0.0413856,0.2055456,0.458784
2007/5/1,2007,5,1,0.822528,1.13184,0.254016,0.0405216,0.232416,0.494208
2007/5/2,2007,5,2,0.87264,1.18368,0.256608,0.040176,0.2715552,0.537408
2007/5/3,2007,5,3,0.95904,1.23552,0.258336,0.040176,0.3792096,0.5832
2007/5/4,2007,5,4,0.98496,1.296,0.260928,0.0417312,0.4844448,0.63072
2007/5/5,2007,5,5,1.05408,1.37376,0.262656,0.042336,0.5994432,0.681696
2007/5/6,2007,5,6,1.13184,1.512,0.264384,0.0435456,0.7462368,0.744768
2007/5/7,2007,5,7,1.2096,1.5552,0.266976,0.0438912,0.8807616,0.84672
2007/5/8,2007,5,8,1.27008,1.58976,0.268704,0.0429408,1.0152864,1.04544
2007/5/9,2007,5,9,1.31328,1.58112,0.270432,0.0426816,1.1376288,1.27872
2007/5/10,2007,5,10,1.3824,1.6848,0.271296,0.0426816,1.2184128,1.44288
2007/5/11,2007,5,11,1.43424,1.79712,0.275616,0.0441504,1.2599712,1.53792
2007/5/12,2007,5,12,1.49472,1.91808,0.278208,0.0451008,1.2991104,1.62432
2007/5/13,2007,5,13,1.57248,2.0736,0.28944,0.0470016,1.2966912,1.73664
2007/5/14,2007,5,14,1.65888,2.48832,0.296352,0.0489024,1.2232512,1.84896
2007/5/15,2007,5,15,1.7712,2.79936,0.304128,0.049248,1.1498976,1.944
2007/5/16,2007,5,16,1.9008,2.81664,0.337824,0.0515808,1.0764576,2.01312
2007/5/17,2007,5,17,2.03904,3.14496,0.404352,0.0539136,0.99576,2.06496
2007/5/18,2007,5,18,2.19456,3.29184,0.487296,0.0566784,0.9419328,2.05632
2007/5/19,2007,5,19,2.40192,3.6288,0.609984,0.0623808,0.8930304,2.08224
2007/5/20,2007,5,20,2.6352,4.06944,0.78624,0.096768,0.8513856,2.09088
2007/5/21,2007,5,21,2.79936,5.4432,0.9936,0.415584,0.807408,2.09952
2007/5/22,2007,5,22,2.82528,7.50816,1.2096,0.825984,0.778032,2.10816
2007/5/23,2007,5,23,2.83392,8.1648,1.50336,1.15776,0.7510752,2.1168
2007/5/24,2007,5,24,2.8944,9.2448,1.87488,1.92672,0.7363872,2.12544
2007/5/25,2007,5,25,2.88576,9.1584,2.40192,2.7216,0.7168608,2.1168
2007/5/26,2007,5,26,2.85984,8.9856,3.0672,2.98944,0.6948288,2.0736
2007/5/27,2007,5,27,2.84256,8.8992,4.4496,2.36736,0.6801408,2.04768
2007/5/28,2007,5,28,2.82528,8.7264,6.49728,2.39328,0.6654528,1.9872
2007/5/29,2007,5,29,2.808,8.2944,7.27488,2.2896,0.6606144,1.9008
2007/5/30,2007,5,30,2.74752,8.1648,7.97472,2.2464,0.6630336,1.78848
2007/5/31,2007,5,31,2.7648,8.22528,8.424,2.19456,0.6654528,1.65888
2007/6/1,2007,6,1,2.74752,8.21664,9.072,2.10816,0.6727968,1.61568
2007/6/2,2007,6,2,2.73024,8.13024,9.1584,1.9872,0.689904,1.62432
2007/6/3,2007,6,3,2.7216,7.92288,9.1584,2.03904,0.7216992,1.65888
2007/6/4,2007,6,4,2.71296,7.70688,9.072,1.96992,0.7657632,1.69344
2007/6/5,2007,6,5,2.69568,7.6464,9.072,1.93536,0.8146656,1.75392
2007/6/6,2007,6,6,2.69568,7.58592,8.7264,1.90944,0.8587296,1.80576
2007/6/7,2007,6,7,2.69568,7.44768,7.96608,1.88352,0.9052128,1.84896
2007/6/8,2007,6,8,2.68704,7.31808,7.62912,1.84032,0.937008,1.89216
2007/6/9,2007,6,9,2.66976,6.9552,7.45632,1.78848,0.9688032,1.92672
2007/6/10,2007,6,10,2.66112,6.62688,7.33536,1.70208,0.99576,1.944
2007/6/11,2007,6,11,2.64384,6.1776,7.2144,1.61568,1.0226304,1.92672
2007/6/12,2007,6,12,2.66976,5.92704,7.128,1.53792,1.0422432,1.90944
2007/6/13,2007,6,13,2.6784,5.73696,7.0416,1.47744,1.047168,1.90944
2007/6/14,2007,6,14,2.69568,5.616,6.97248,1.45152,1.0569312,1.93536
2007/6/15,2007,6,15,2.69568,5.54688,6.912,1.43424,1.0617696,1.96128
2007/6/16,2007,6,16,2.70432,5.5728,6.85152,1.40832,1.0666944,1.96992
2007/6/17,2007,6,17,2.7216,5.42592,6.79104,1.37376,1.0764576,1.9872
2007/6/18,2007,6,18,2.74752,5.25312,6.74784,1.33056,1.0838016,1.97856
2007/6/19,2007,6,19,2.7648,5.0976,6.74784,1.296,1.0936512,1.944
2007/6/20,2007,6,20,2.77344,5.01984,6.73056,1.27008,1.1009952,1.87488
2007/6/21,2007,6,21,2.77344,4.95072,6.696,1.21824,1.1034144,1.80576
2007/6/22,2007,6,22,2.78208,4.84704,6.64416,1.19232,1.1009952,1.75392
2007/6/23,2007,6,23,2.78208,4.67424,6.57504,1.15776,1.0936512,1.71072
2007/6/24,2007,6,24,2.78208,4.4496,6.47136,1.09728,1.0813824,1.66752
2007/6/25,2007,6,25,2.79072,4.24224,6.31584,1.06272,1.0593504,1.62432
2007/6/26,2007,6,26,2.79072,4.05216,6.1344,1.02816,1.0373184,1.5984
2007/6/27,2007,6,27,2.79072,3.94848,5.90976,1.01088,1.0152864,1.57248
2007/6/28,2007,6,28,2.79936,3.87072,5.67648,0.98496,0.9981792,1.54656
2007/6/29,2007,6,29,2.79936,3.70656,5.45184,0.96768,0.9859968,1.53792
2007/6/30,2007,6,30,2.79936,3.55968,5.20128,0.94176,0.973728,1.53792
2007/7/1,2007,7,1,2.79072,3.38688,5.02848,0.91584,0.9615456,1.52064
2007/7/2,2007,7,2,2.79072,3.23136,4.82112,0.864,0.951696,1.49472
2007/7/3,2007,7,3,2.79072,3.01536,4.60512,0.8424,0.9395136,1.4688
2007/7/4,2007,7,4,2.78208,2.83392,4.43232,0.82512,0.92232,1.4688
2007/7/5,2007,7,5,2.77344,2.74752,4.31136,0.806976,0.9052128,1.512
2007/7/6,2007,7,6,2.75616,2.69568,4.20768,0.76896,0.8807616,1.58976
2007/7/7,2007,7,7,2.74752,2.7216,4.13856,0.74736,0.8636544,1.66752
2007/7/8,2007,7,8,2.73888,2.77344,4.0608,0.70848,0.8440416,1.75392
2007/7/9,2007,7,9,2.73024,2.75616,3.95712,0.664416,0.8293536,1.86624
2007/7/10,2007,7,10,2.7216,2.66976,3.87936,0.629856,0.8171712,1.9872
2007/7/11,2007,7,11,2.71296,2.54016,3.83616,0.651456,0.8098272,2.08224
2007/7/12,2007,7,12,2.70432,2.376,3.89664,0.67824,0.8098272,2.12544
2007/7/13,2007,7,13,2.69568,2.2896,3.99168,0.7128,0.8122464,2.10816
2007/7/14,2007,7,14,2.69568,2.22048,4.05216,0.767232,0.8195904,2.06496
2007/7/15,2007,7,15,2.68704,2.15136,4.08672,0.854496,0.8392032,1.99584
2007/7/16,2007,7,16,2.68704,2.06496,4.08672,0.92448,0.8612352,1.91808
2007/7/17,2007,7,17,2.66976,1.9872,4.09536,0.91584,0.8831808,1.84032
2007/7/18,2007,7,18,2.66112,1.90944,4.0176,0.851904,0.9052128,1.78848
2007/7/19,2007,7,19,2.65248,1.84896,3.89664,0.82512,0.92232,1.728
2007/7/20,2007,7,20,2.66112,1.79712,3.77568,0.802656,0.9321696,1.67616
2007/7/21,2007,7,21,2.66112,1.74528,3.68064,0.775008,0.937008,1.65024
2007/7/22,2007,7,22,2.66976,1.71072,3.60288,0.769824,0.9419328,1.6416
2007/7/23,2007,7,23,2.6784,1.65888,3.51648,0.756864,0.944352,1.6416
2007/7/24,2007,7,24,2.69568,1.60704,3.44736,0.731808,0.944352,1.63296
2007/7/25,2007,7,25,2.70432,1.56384,3.3696,0.70848,0.9419328,1.65888
2007/7/26,2007,7,26,2.7216,1.54656,3.2832,0.668736,0.9395136,1.728
2007/7/27,2007,7,27,2.73888,1.512,3.21408,0.609984,0.937008,1.80576
2007/7/28,2007,7,28,2.73888,1.47744,3.17952,0.553824,0.9321696,1.87488
2007/7/29,2007,7,29,2.73888,1.45152,3.14496,0.501984,0.9248256,1.92672
2007/7/30,2007,7,30,2.7216,1.44288,3.1536,0.46656,0.9174816,1.92672
2007/7/31,2007,7,31,2.71296,1.46016,3.1536,0.442368,0.914976,1.89216
2007/8/1,2007,8,1,2.70432,1.48608,3.21408,0.400032,0.9125568,1.84032
2007/8/2,2007,8,2,2.69568,1.52064,3.31776,0.364608,0.9125568,1.77984
2007/8/3,2007,8,3,2.69568,1.5552,3.48192,0.343872,0.9125568,1.71072
2007/8/4,2007,8,4,2.68704,1.58112,3.65472,0.310176,0.9174816,1.65888
2007/8/5,2007,8,5,2.66976,1.5984,3.73248,0.286848,0.92232,1.62432
2007/8/6,2007,8,6,2.6784,1.60704,3.7584,0.29808,0.9345888,1.61568
2007/8/7,2007,8,7,2.66112,1.5984,3.76704,0.292896,0.9419328,1.62432
2007/8/8,2007,8,8,2.64384,1.5984,3.74112,0.296352,0.9419328,1.6416
2007/8/9,2007,8,9,2.6352,1.58976,3.672,0.326592,0.944352,1.6848
2007/8/10,2007,8,10,2.65248,1.58976,3.55104,0.38448,0.9468576,1.70208
2007/8/11,2007,8,11,2.65248,1.58976,3.4128,0.45792,0.944352,1.69344
2007/8/12,2007,8,12,2.62656,1.58976,3.24,0.546912,0.9468576,1.65024
2007/8/13,2007,8,13,2.60928,1.63296,3.1104,0.622944,0.9566208,1.61568
2007/8/14,2007,8,14,2.60064,1.67616,3.024,0.685152,0.973728,1.58112
2007/8/15,2007,8,15,2.61792,1.71072,2.92032,0.71712,0.9908352,1.53792
2007/8/16,2007,8,16,2.60064,1.71936,2.83392,0.749952,1.0128672,1.48608
2007/8/17,2007,8,17,2.60928,1.71936,2.7648,0.78192,1.03248,1.44288
2007/8/18,2007,8,18,2.60928,1.69344,2.69568,0.787104,1.0520064,1.39968
2007/8/19,2007,8,19,2.62656,1.66752,2.64384,0.784512,1.0666944,1.34784
2007/8/20,2007,8,20,2.61792,1.6416,2.57472,0.775008,1.0740384,1.30464
2007/8/21,2007,8,21,2.60064,1.61568,2.54016,0.762048,1.0789632,1.27008
2007/8/22,2007,8,22,2.592,1.5984,2.53152,0.762048,1.0838016,1.23552
2007/8/23,2007,8,23,2.58336,1.61568,2.51424,0.767232,1.0863072,1.21824
2007/8/24,2007,8,24,2.56608,1.65888,2.4624,0.759456,1.0936512,1.2096
2007/8/25,2007,8,25,2.56608,1.73664,2.39328,0.767232,1.0984896,1.20096
2007/8/26,2007,8,26,2.57472,1.78848,2.34144,0.769824,1.0984896,1.19232
2007/8/27,2007,8,27,2.55744,1.79712,2.29824,0.744768,1.0936512,1.17504
2007/8/28,2007,8,28,2.54016,1.78848,2.28096,0.724896,1.0838016,1.15776
2007/8/29,2007,8,29,2.54016,1.76256,2.27232,0.714528,1.0691136,1.13184
2007/8/30,2007,8,30,2.53152,1.78848,2.29824,0.710208,1.054512,1.1232
2007/8/31,2007,8,31,2.53152,1.83168,2.35008,0.70848,1.0348992,1.11456
2007/9/1,2007,9,1,2.52288,1.9008,2.376,0.7128,1.017792,1.11456
2007/9/2,2007,9,2,2.51424,2.01312,2.40192,0.727488,1.003104,1.08864
2007/9/3,2007,9,3,2.48832,2.21184,2.42784,0.742176,0.9859968,1.07136
2007/9/4,2007,9,4,2.47104,2.32416,2.47104,0.752544,0.966384,1.06272
2007/9/5,2007,9,5,2.4624,2.36736,2.5488,0.755136,0.9468576,1.07136
2007/9/6,2007,9,6,2.43648,2.41056,2.60928,0.74736,0.9248256,1.08
2007/9/7,2007,9,7,2.40192,2.43648,2.73024,0.7344,0.9027936,1.08
2007/9/8,2007,9,8,2.376,2.47104,2.87712,0.73008,0.8831808,1.07136
2007/9/9,2007,9,9,2.34144,2.49696,2.90304,0.731808,0.8587296,1.05408
2007/9/10,2007,9,10,2.2896,2.53152,2.86848,0.739584,0.8416224,1.02816
2007/9/11,2007,9,11,2.25504,2.52288,2.81664,0.731808,0.8245152,1.01952
2007/9/12,2007,9,12,2.21184,2.4624,2.73888,0.71712,0.8098272,1.01952
2007/9/13,2007,9,13,2.16864,2.38464,2.6784,0.697248,0.79272,1.01088
2007/9/14,2007,9,14,2.08224,2.31552,2.592,0.675648,0.785376,1.01952
2007/9/15,2007,9,15,2.02176,2.2464,2.49696,0.660096,0.7755264,1.0368
2007/9/16,2007,9,16,1.97856,2.2032,2.44512,0.64368,0.763344,1.04544
2007/9/17,2007,9,17,1.9008,2.16,2.4192,0.621216,0.7535808,1.04544
2007/9/18,2007,9,18,1.79712,2.1168,2.44512,0.609984,0.7388928,1.04544
2007/9/19,2007,9,19,1.71936,2.02176,2.49696,0.565056,0.7363872,1.04544
2007/9/20,2007,9,20,1.63296,2.00448,2.57472,0.495072,0.748656,1.04544
2007/9/21,2007,9,21,1.53792,1.99584,2.60064,0.468288,0.7609248,1.06272
2007/9/22,2007,9,22,1.47744,1.99584,2.592,0.44928,0.7657632,1.07136
2007/9/23,2007,9,23,1.40832,1.9872,2.60064,0.431136,0.778032,1.06272
2007/9/24,2007,9,24,1.32192,1.9872,2.57472,0.428544,0.7902144,1.05408
2007/9/25,2007,9,25,1.24416,1.97856,2.54016,0.416448,0.807408,1.06272
2007/9/26,2007,9,26,1.19232,1.96992,2.49696,0.426816,0.8293536,1.06272
2007/9/27,2007,9,27,1.17504,1.96128,2.45376,0.435456,0.8465472,1.06272
2007/9/28,2007,9,28,1.1664,1.944,2.38464,0.438048,0.8636544,1.05408
2007/9/29,2007,9,29,1.15776,1.9008,2.35008,0.442368,0.8758368,1.05408
2007/9/30,2007,9,30,1.14912,1.84896,2.3328,0.438048,0.8856864,1.05408
2007/10/1,2007,10,1,1.1232,1.80576,2.30688,0.455328,0.8954496,1.05408
2007/10/2,2007,10,2,1.10592,1.7712,2.28096,0.493344,0.9027936,1.06272
2007/10/3,2007,10,3,1.09728,1.74528,2.2464,0.506304,0.9027936,1.06272
2007/10/4,2007,10,4,1.08864,1.728,2.18592,0.501984,0.8978688,1.05408
2007/10/5,2007,10,5,1.07136,1.71072,2.1168,0.493344,0.8905248,1.04544
2007/10/6,2007,10,6,1.06272,1.6848,2.06496,0.472608,0.8831808,1.06272
2007/10/7,2007,10,7,1.07136,1.67616,2.03904,0.446688,0.8709984,1.06272
2007/10/8,2007,10,8,1.08,1.65888,2.00448,0.431136,0.8513856,1.06272
2007/10/9,2007,10,9,1.07136,1.65024,1.9872,0.413856,0.8342784,1.04544
2007/10/10,2007,10,10,1.06272,1.65888,1.944,0.395712,0.8146656,1.04544
2007/10/11,2007,10,11,1.04544,1.67616,1.91808,0.370656,0.7951392,1.05408
2007/10/12,2007,10,12,1.01952,1.69344,1.84896,0.338688,0.7731072,1.02816
2007/10/13,2007,10,13,0.9936,1.69344,1.78848,0.299808,0.756,1.01952
2007/10/14,2007,10,14,0.97632,1.67616,1.77984,0.265248,0.726624,1.00224
2007/10/15,2007,10,15,0.96768,1.65888,1.71936,0.240192,0.697248,0.97632
2007/10/16,2007,10,16,0.97632,1.6416,1.65888,0.221184,0.667872,0.96768
2007/10/17,2007,10,17,0.97632,1.6416,1.62432,0.210816,0.6459264,0.93312
2007/10/18,2007,10,18,0.95904,1.6416,1.56384,0.191808,0.6263136,0.91584
2007/10/19,2007,10,19,0.94176,1.6416,1.512,0.17712,0.6018624,0.89856
2007/10/20,2007,10,20,0.9504,1.65888,1.45152,0.167616,0.5847552,0.88128
2007/10/21,2007,10,21,0.95904,1.62432,1.39968,0.153792,0.5651424,0.88128
2007/10/22,2007,10,22,0.98496,1.5984,1.37376,0.14688,0.5480352,0.87264
2007/10/23,2007,10,23,0.97632,1.57248,1.35648,0.14256,0.538272,0.864
2007/10/24,2007,10,24,0.95904,1.52928,1.32192,0.13392,0.5333472,0.85104
2007/10/25,2007,10,25,0.93312,1.4256,1.19232,0.1296,0.5260032,0.83808
2007/10/26,2007,10,26,0.88992,1.34784,1.0368,0.121824,0.5210784,0.82512
2007/10/27,2007,10,27,0.87264,1.28736,0.88992,0.115776,0.51624,0.81216
2007/10/28,2007,10,28,0.9072,1.21824,0.845856,0.11232,0.51624,0.7992
2007/10/29,2007,10,29,0.94176,1.1664,0.83808,0.108864,0.5186592,0.78624
2007/10/30,2007,10,30,0.91584,1.14048,0.7992,0.107136,0.5210784,0.77328
2007/10/31,2007,10,31,0.9072,1.11456,0.762912,0.10368,0.5186592,0.75168
2007/11/1,2007,11,1,0.9072,1.09728,0.735264,0.101952,0.5138208,0.74304
2007/11/2,2007,11,2,0.89856,1.08864,0.707616,0.100224,0.5064768,0.7344
2007/11/3,2007,11,3,0.9072,1.04544,0.674784,0.098496,0.4991328,0.709344
2007/11/4,2007,11,4,0.88128,1.0368,0.647136,0.096768,0.486864,0.7128
2007/11/5,2007,11,5,0.91584,1.01952,0.62208,0.095904,0.4745952,0.70416
2007/11/6,2007,11,6,0.9504,1.00224,0.597024,0.09936,0.4599936,0.69552
2007/11/7,2007,11,7,0.95904,0.9936,0.571968,0.100224,0.4453056,0.686016
2007/11/8,2007,11,8,1.00224,0.97632,0.5616,0.101952,0.428112,0.679104
2007/11/9,2007,11,9,1.02816,0.9504,0.54432,0.100224,0.4110048,0.675648
2007/11/10,2007,11,10,1.02816,0.93312,0.521856,0.098496,0.3963168,0.675648
2007/11/11,2007,11,11,0.98496,0.91584,0.501984,0.096768,0.3841344,0.666144
2007/11/12,2007,11,12,0.93312,0.89856,0.49248,0.096768,0.3718656,0.650592
2007/11/13,2007,11,13,0.88128,0.88992,0.478656,0.096768,0.3596832,0.632448
2007/11/14,2007,11,14,0.851904,0.88992,0.467424,0.094176,0.3498336,0.619488
2007/11/15,2007,11,15,0.826848,0.93312,0.455328,0.094176,0.3376512,0.61776
2007/11/16,2007,11,16,0.801792,1.01952,0.448416,0.089856,0.3253824,0.616896
2007/11/17,2007,11,17,0.785376,1.1232,0.44064,0.0827712,0.3132,0.602208
2007/11/18,2007,11,18,0.753408,1.15776,0.432864,0.076464,0.3009312,0.571968
2007/11/19,2007,11,19,0.73008,1.15776,0.426816,0.0679104,0.291168,0.53568
2007/11/20,2007,11,20,0.706752,1.08,0.425952,0.0637632,0.283824,0.50976
2007/11/21,2007,11,21,0.6912,1.0368,0.42336,0.0627264,0.27648,0.494208
2007/11/22,2007,11,22,0.675648,1.00224,0.425088,0.0641952,0.2739744,0.48384
2007/11/23,2007,11,23,0.660096,0.96768,0.426816,0.0647136,0.269136,0.4752
2007/11/24,2007,11,24,0.645408,0.94176,0.428544,0.065664,0.261792,0.46656
2007/11/25,2007,11,25,0.637632,0.91584,0.430272,0.0666144,0.254448,0.455328
2007/11/26,2007,11,26,0.629856,0.88992,0.432,0.0681696,0.2520288,0.439776
2007/11/27,2007,11,27,0.62208,0.88128,0.433728,0.0679968,0.2495232,0.420768
2007/11/28,2007,11,28,0.610848,0.857088,0.435456,0.0698976,0.247104,0.40608
2007/11/29,2007,11,29,0.611712,0.851904,0.437184,0.0714528,0.2446848,0.396576
2007/11/30,2007,11,30,0.61344,0.832032,0.438912,0.0711072,0.2421792,0.394848
2007/12/1,2007,12,1,0.614304,0.827712,0.44064,0.0711072,0.2373408,0.3888
2007/12/2,2007,12,2,0.616032,0.822528,0.442368,0.070848,0.2373408,0.387072
2007/12/3,2007,12,3,0.616896,0.80352,0.444096,0.069984,0.2348352,0.385344
2007/12/4,2007,12,4,0.61776,0.80352,0.445824,0.070416,0.232416,0.381888
2007/12/5,2007,12,5,0.619488,0.794016,0.447552,0.068688,0.232416,0.38016
2007/12/6,2007,12,6,0.620352,0.798336,0.44928,0.06912,0.2299968,0.356832
2007/12/7,2007,12,7,0.62208,0.788832,0.448416,0.0700704,0.2274912,0.339552
2007/12/8,2007,12,8,0.619488,0.797472,0.447552,0.0700704,0.225072,0.322272
2007/12/9,2007,12,9,0.616896,0.797472,0.446688,0.0692064,0.2226528,0.305856
2007/12/10,2007,12,10,0.614304,0.792288,0.445824,0.0692064,0.2202336,0.288576
2007/12/11,2007,12,11,0.612576,0.801792,0.445824,0.0687744,0.2153088,0.273888
2007/12/12,2007,12,12,0.609984,0.806112,0.44496,0.0692064,0.210384,0.260064
2007/12/13,2007,12,13,0.607392,0.810432,0.444096,0.0687744,0.2055456,0.247968
2007/12/14,2007,12,14,0.6048,0.808704,0.443232,0.0687744,0.20304,0.240192
2007/12/15,2007,12,15,0.602208,0.813024,0.442368,0.0687744,0.1982016,0.238464
2007/12/16,2007,12,16,0.599616,0.822528,0.441504,0.067392,0.1932768,0.244512
2007/12/17,2007,12,17,0.597024,0.826848,0.44064,0.067824,0.1908576,0.25056
2007/12/18,2007,12,18,0.595296,0.815616,0.439776,0.067824,0.1859328,0.257472
2007/12/19,2007,12,19,0.592704,0.824256,0.438912,0.067824,0.1835136,0.275616
2007/12/20,2007,12,20,0.590112,0.828576,0.438048,0.0668736,0.1835136,0.300672
2007/12/21,2007,12,21,0.58752,0.837216,0.438048,0.0668736,0.181008,0.32832
2007/12/22,2007,12,22,0.584928,0.841536,0.437184,0.0677376,0.1785888,0.357696
2007/12/23,2007,12,23,0.5832,0.845856,0.43632,0.0677376,0.1785888,0.387072
2007/12/24,2007,12,24,0.580608,0.83808,0.435456,0.0668736,0.1761696,0.413856
2007/12/25,2007,12,25,0.578016,0.83808,0.434592,0.0654912,0.173664,0.439776
2007/12/26,2007,12,26,0.576288,0.8424,0.429408,0.0654912,0.173664,0.46224
2007/12/27,2007,12,27,0.573696,0.84672,0.425088,0.0651456,0.173664,0.482112
2007/12/28,2007,12,28,0.571968,0.8424,0.419904,0.0647136,0.1712448,0.497664
2007/12/29,2007,12,29,0.569376,0.83376,0.41472,0.0651456,0.1712448,0.511488
2007/12/30,2007,12,30,0.566784,0.8208,0.4104,0.0651456,0.1712448,0.521856
2007/12/31,2007,12,31,0.565056,0.81216,0.405216,0.0654912,0.1688256,0.53136
2008/1/1,2008,1,1,0.562464,0.80352,0.409536,0.0641952,0.1688256,0.538272
2008/1/2,2008,1,2,0.559872,0.7992,0.413856,0.0649728,0.1664064,0.545184
2008/1/3,2008,1,3,0.558144,0.79056,0.418176,0.0649728,0.1664064,0.549504
2008/1/4,2008,1,4,0.555552,0.78624,0.422496,0.0648,0.1639008,0.552096
2008/1/5,2008,1,5,0.55296,0.78192,0.426816,0.0648,0.1639008,0.551232
2008/1/6,2008,1,6,0.551232,0.7776,0.431136,0.0648,0.1614816,0.550368
2008/1/7,2008,1,7,0.54864,0.7776,0.435456,0.0663552,0.1614816,0.547776
2008/1/8,2008,1,8,0.546048,0.7776,0.439776,0.0653184,0.1614816,0.545184
2008/1/9,2008,1,9,0.54432,0.7776,0.444096,0.0653184,0.1614816,0.540864
2008/1/10,2008,1,10,0.541728,0.78192,0.445824,0.0657504,0.1590624,0.538272
2008/1/11,2008,1,11,0.54,0.78192,0.446688,0.0657504,0.1590624,0.53568
2008/1/12,2008,1,12,0.537408,0.78624,0.448416,0.0649728,0.1590624,0.533952
2008/1/13,2008,1,13,0.534816,0.78624,0.44928,0.0654048,0.1577664,0.53136
2008/1/14,2008,1,14,0.533088,0.79056,0.451008,0.0649728,0.1565568,0.528768
2008/1/15,2008,1,15,0.530496,0.78624,0.452736,0.0649728,0.1565568,0.525312
2008/1/16,2008,1,16,0.53136,0.78192,0.4536,0.0638496,0.1553472,0.521856
2008/1/17,2008,1,17,0.533088,0.7776,0.455328,0.0623808,0.1553472,0.5184
2008/1/18,2008,1,18,0.533952,0.7776,0.456192,0.0623808,0.1541376,0.515808
2008/1/19,2008,1,19,0.534816,0.77328,0.45792,0.0620352,0.1541376,0.512352
2008/1/20,2008,1,20,0.53568,0.77328,0.459648,0.061344,0.1541376,0.507168
2008/1/21,2008,1,21,0.537408,0.76896,0.460512,0.0598752,0.1514592,0.503712
2008/1/22,2008,1,22,0.538272,0.76464,0.46224,0.0598752,0.1514592,0.500256
2008/1/23,2008,1,23,0.526176,0.76032,0.463104,0.0598752,0.1487808,0.494208
2008/1/24,2008,1,24,0.513216,0.756,0.464832,0.0577152,0.1487808,0.49248
2008/1/25,2008,1,25,0.50112,0.75168,0.45792,0.0584928,0.1461024,0.490752
2008/1/26,2008,1,26,0.489024,0.75168,0.451872,0.0595296,0.1461024,0.486432
2008/1/27,2008,1,27,0.476928,0.75168,0.44496,0.060912,0.1433376,0.48384
2008/1/28,2008,1,28,0.463968,0.756,0.438048,0.0612576,0.1433376,0.480384
2008/1/29,2008,1,29,0.451872,0.76032,0.431136,0.0608256,0.1433376,0.476928
2008/1/30,2008,1,30,0.439776,0.76032,0.425088,0.0608256,0.1406592,0.473472
2008/1/31,2008,1,31,0.426816,0.76464,0.418176,0.0611712,0.1406592,0.469152
2008/2/1,2008,2,1,0.41472,0.76896,0.411264,0.0611712,0.1406592,0.464832
2008/2/2,2008,2,2,0.402624,0.76896,0.405216,0.0615168,0.1379808,0.459648
2008/2/3,2008,2,3,0.390528,0.77328,0.398304,0.0599616,0.1379808,0.455328
2008/2/4,2008,2,4,0.377568,0.7776,0.391392,0.059616,0.1379808,0.451872
2008/2/5,2008,2,5,0.365472,0.7776,0.38448,0.0586656,0.1350432,0.44928
2008/2/6,2008,2,6,0.365472,0.78192,0.378432,0.0567648,0.1350432,0.446688
2008/2/7,2008,2,7,0.365472,0.78624,0.37152,0.0567648,0.1321056,0.444096
2008/2/8,2008,2,8,0.365472,0.79056,0.368928,0.055296,0.1321056,0.442368
2008/2/9,2008,2,9,0.366336,0.79488,0.366336,0.055296,0.1321056,0.44064
2008/2/10,2008,2,10,0.366336,0.7992,0.363744,0.055296,0.1294272,0.437184
2008/2/11,2008,2,11,0.366336,0.80352,0.361152,0.0534816,0.1294272,0.435456
2008/2/12,2008,2,12,0.366336,0.80352,0.35856,0.0511488,0.1294272,0.432
2008/2/13,2008,2,13,0.366336,0.80784,0.355968,0.0511488,0.1267488,0.429408
2008/2/14,2008,2,14,0.366336,0.81216,0.353376,0.04968,0.1267488,0.426816
2008/2/15,2008,2,15,0.366336,0.81648,0.350784,0.0484704,0.1267488,0.42336
2008/2/16,2008,2,16,0.366336,0.8208,0.348192,0.0482112,0.123552,0.41904
2008/2/17,2008,2,17,0.3672,0.82944,0.3456,0.0464832,0.123552,0.416448
2008/2/18,2008,2,18,0.3672,0.83376,0.343008,0.0456192,0.123552,0.412992
2008/2/19,2008,2,19,0.3672,0.83808,0.340416,0.0447552,0.123552,0.408672
2008/2/20,2008,2,20,0.3672,0.83808,0.337824,0.0431136,0.123552,0.405216
2008/2/21,2008,2,21,0.365472,0.8424,0.335232,0.0425952,0.1208736,0.400896
2008/2/22,2008,2,22,0.364608,0.84672,0.331776,0.0431136,0.1208736,0.395712
2008/2/23,2008,2,23,0.36288,0.85104,0.329184,0.0437184,0.1208736,0.390528
2008/2/24,2008,2,24,0.361152,0.85536,0.325728,0.0428544,0.1208736,0.386208
2008/2/25,2008,2,25,0.360288,0.85536,0.322272,0.0428544,0.1181952,0.381888
2008/2/26,2008,2,26,0.35856,0.85536,0.31968,0.0428544,0.1181952,0.379296
2008/2/27,2008,2,27,0.356832,0.85536,0.316224,0.043632,0.1181952,0.37584
2008/2/28,2008,2,28,0.355968,0.8424,0.312768,0.0422496,0.1155168,0.373248
2008/2/29,2008,2,29,0.35424,0.82944,0.309312,0.0425088,0.1155168,0.37152
2008/3/1,2008,3,1,0.352512,0.82512,0.30672,0.042768,0.1155168,0.369792
2008/3/2,2008,3,2,0.351648,0.8208,0.303264,0.0432864,0.112752,0.369792
2008/3/3,2008,3,3,0.34992,0.8208,0.299808,0.0435456,0.112752,0.368928
2008/3/4,2008,3,4,0.348192,0.81648,0.297216,0.0438048,0.112752,0.368928
2008/3/5,2008,3,5,0.347328,0.81648,0.29376,0.0428544,0.112752,0.368064
2008/3/6,2008,3,6,0.3456,0.81216,0.292032,0.0428544,0.1100736,0.368064
2008/3/7,2008,3,7,0.344736,0.81216,0.291168,0.0431136,0.1100736,0.368064
2008/3/8,2008,3,8,0.343008,0.80784,0.28944,0.043632,0.1100736,0.3672
2008/3/9,2008,3,9,0.34128,0.80784,0.288576,0.044064,0.1100736,0.365472
2008/3/10,2008,3,10,0.340416,0.80784,0.286848,0.044064,0.1100736,0.36288
2008/3/11,2008,3,11,0.338688,0.80352,0.285984,0.044064,0.1073952,0.360288
2008/3/12,2008,3,12,0.33696,0.80352,0.284256,0.0443232,0.1073952,0.357696
2008/3/13,2008,3,13,0.335232,0.7992,0.283392,0.0404352,0.1073952,0.35424
2008/3/14,2008,3,14,0.334368,0.7992,0.281664,0.0404352,0.1073952,0.350784
2008/3/15,2008,3,15,0.33264,0.7992,0.2808,0.0418176,0.1073952,0.348192
2008/3/16,2008,3,16,0.331776,0.79488,0.279072,0.0416448,0.1047168,0.344736
2008/3/17,2008,3,17,0.330048,0.79488,0.278208,0.0413856,0.1047168,0.34128
2008/3/18,2008,3,18,0.32832,0.79488,0.27648,0.0408672,0.1047168,0.338688
2008/3/19,2008,3,19,0.326592,0.79056,0.274752,0.040608,0.1047168,0.337824
2008/3/20,2008,3,20,0.324864,0.79056,0.273888,0.040608,0.1047168,0.33696
2008/3/21,2008,3,21,0.323136,0.78624,0.27216,0.0392256,0.1047168,0.336096
2008/3/22,2008,3,22,0.321408,0.78624,0.271296,0.0392256,0.1047168,0.336096
2008/3/23,2008,3,23,0.31968,0.78192,0.269568,0.0393984,0.1047168,0.33696
2008/3/24,2008,3,24,0.317952,0.78192,0.268704,0.0400896,0.1024704,0.337824
2008/3/25,2008,3,25,0.316224,0.7776,0.266976,0.0400896,0.1024704,0.338688
2008/3/26,2008,3,26,0.314496,0.7776,0.266112,0.0403488,0.1024704,0.33696
2008/3/27,2008,3,27,0.312768,0.7776,0.264384,0.040608,0.1024704,0.334368
2008/3/28,2008,3,28,0.313632,0.7776,0.26352,0.0390528,0.1024704,0.33264
2008/3/29,2008,3,29,0.31536,0.77328,0.261792,0.0390528,0.1024704,0.330048
2008/3/30,2008,3,30,0.316224,0.77328,0.260928,0.0395712,0.1024704,0.32832
2008/3/31,2008,3,31,0.317088,0.77328,0.2592,0.03888,0.1024704,0.325728
2008/4/1,2008,4,1,0.318816,0.76896,0.258336,0.03888,0.1024704,0.323136
2008/4/2,2008,4,2,0.31968,0.76464,0.257472,0.038448,0.1005696,0.322272
2008/4/3,2008,4,3,0.320544,0.76464,0.255744,0.0386208,0.1005696,0.321408
2008/4/4,2008,4,4,0.322272,0.76032,0.25488,0.038016,0.1005696,0.31968
2008/4/5,2008,4,5,0.323136,0.76032,0.254016,0.03888,0.1005696,0.318816
2008/4/6,2008,4,6,0.324,0.756,0.253152,0.0391392,0.1005696,0.317952
2008/4/7,2008,4,7,0.325728,0.76032,0.251424,0.039312,0.1005696,0.318816
2008/4/8,2008,4,8,0.326592,0.76032,0.25056,0.039744,0.1005696,0.31968
2008/4/9,2008,4,9,0.335232,0.76032,0.249696,0.040176,0.1005696,0.320544
2008/4/10,2008,4,10,0.343008,0.76464,0.248832,0.0404352,0.1005696,0.322272
2008/4/11,2008,4,11,0.351648,0.76464,0.247104,0.0393984,0.1005696,0.323136
2008/4/12,2008,4,12,0.360288,0.76464,0.24624,0.0393984,0.1005696,0.324864
2008/4/13,2008,4,13,0.368064,0.76464,0.245376,0.0395712,0.0991008,0.324
2008/4/14,2008,4,14,0.376704,0.76896,0.244512,0.0395712,0.0991008,0.324
2008/4/15,2008,4,15,0.38448,0.76896,0.242784,0.0395712,0.0991008,0.324
2008/4/16,2008,4,16,0.39312,0.77328,0.24192,0.0395712,0.0991008,0.323136
2008/4/17,2008,4,17,0.40176,0.77328,0.241056,0.0392256,0.0991008,0.323136
2008/4/18,2008,4,18,0.409536,0.77328,0.240192,0.0377568,0.0991008,0.324864
2008/4/19,2008,4,19,0.418176,0.77328,0.238464,0.0385344,0.0991008,0.326592
2008/4/20,2008,4,20,0.426816,0.7776,0.2376,0.0389664,0.0991008,0.32832
2008/4/21,2008,4,21,0.434592,0.7776,0.236736,0.0391392,0.0991008,0.330912
2008/4/22,2008,4,22,0.443232,0.7776,0.235872,0.039744,0.0991008,0.333504
2008/4/23,2008,4,23,0.451008,0.7776,0.234144,0.039744,0.0991008,0.336096
2008/4/24,2008,4,24,0.459648,0.7776,0.23328,0.0403488,0.0991008,0.337824
2008/4/25,2008,4,25,0.467424,0.7776,0.235008,0.0403488,0.0991008,0.339552
2008/4/26,2008,4,26,0.4752,0.77328,0.236736,0.0386208,0.0991008,0.34128
2008/4/27,2008,4,27,0.482112,0.77328,0.238464,0.038016,0.1003104,0.3456
2008/4/28,2008,4,28,0.489888,0.76896,0.240192,0.038016,0.1003104,0.351648
2008/4/29,2008,4,29,0.497664,0.76464,0.242784,0.0376704,0.10152,0.35856
2008/4/30,2008,4,30,0.50544,0.76464,0.244512,0.038016,0.1027296,0.3672
2008/5/1,2008,5,1,0.513216,0.76464,0.24624,0.0374112,0.1064448,0.37584
2008/5/2,2008,5,2,0.520128,0.76464,0.247968,0.0372384,0.1137888,0.38448
2008/5/3,2008,5,3,0.527904,0.76896,0.249696,0.0368928,0.1223424,0.390528
2008/5/4,2008,5,4,0.53568,0.77328,0.251424,0.03672,0.1333152,0.395712
2008/5/5,2008,5,5,0.55728,0.77328,0.253152,0.03672,0.1418688,0.402624
2008/5/6,2008,5,6,0.582336,0.793152,0.25488,0.036288,0.1541376,0.412128
2008/5/7,2008,5,7,0.608256,0.797472,0.257472,0.03672,0.1712448,0.426816
2008/5/8,2008,5,8,0.649728,0.801792,0.2592,0.0374112,0.195696,0.44928
2008/5/9,2008,5,9,0.683424,0.815616,0.260928,0.038016,0.2202336,0.467424
2008/5/10,2008,5,10,0.71712,0.849312,0.262656,0.0387936,0.269136,0.506304
2008/5/11,2008,5,11,0.75168,0.862272,0.264384,0.0395712,0.305856,0.571104
2008/5/12,2008,5,12,0.822528,0.89856,0.266976,0.039312,0.3670272,0.677376
2008/5/13,2008,5,13,0.9072,0.94176,0.269568,0.0387936,0.428112,0.88128
2008/5/14,2008,5,14,0.9936,0.98496,0.27216,0.0386208,0.501552,1.20096
2008/5/15,2008,5,15,1.02816,1.04544,0.275616,0.0386208,0.6116256,1.52064
2008/5/16,2008,5,16,1.08,1.09728,0.278208,0.0386208,0.7216992,1.75392
2008/5/17,2008,5,17,1.15776,1.14912,0.2808,0.0387936,0.8930304,1.87488
2008/5/18,2008,5,18,1.27872,1.41696,0.283392,0.041904,1.0520064,1.95264
2008/5/19,2008,5,19,1.3824,2.4192,0.303264,0.0469152,1.4190336,2.03904
2008/5/20,2008,5,20,1.52064,2.74752,0.323136,0.054432,1.5902784,2.05632
2008/5/21,2008,5,21,1.60704,3.93984,0.36288,0.06264,1.7493408,2.0736
2008/5/22,2008,5,22,1.728,4.82112,0.4104,0.0769824,1.8349632,2.08224
2008/5/23,2008,5,23,1.88352,5.5728,0.4968,0.184032,1.8838656,2.09088
2008/5/24,2008,5,24,2.01312,6.048,0.667008,0.352512,1.8961344,2.09952
2008/5/25,2008,5,25,2.18592,6.47136,0.9936,0.50976,1.8741024,2.10816
2008/5/26,2008,5,26,2.38464,6.76512,1.75392,1.01088,1.6465248,2.12544
2008/5/27,2008,5,27,2.61792,7.05024,2.98944,1.45152,1.534032,2.13408
2008/5/28,2008,5,28,2.82528,7.22304,5.88384,1.76256,1.504656,2.14272
2008/5/29,2008,5,29,3.04128,8.06112,7.31808,2.31552,1.5022368,2.15136
2008/5/30,2008,5,30,3.05856,9.072,9.1584,2.66976,1.4850432,2.16
2008/5/31,2008,5,31,3.03264,9.1584,10.4544,2.64384,1.4581728,2.14272
2008/6/1,2008,6,1,3.09312,9.3312,10.1952,2.53152,1.4410656,2.12544
2008/6/2,2008,6,2,3.1104,8.9856,10.0224,2.05632,1.4287968,2.15136
2008/6/3,2008,6,3,3.09312,8.49312,9.8496,1.82304,1.4141088,2.1168
2008/6/4,2008,6,4,3.05856,8.23392,9.504,1.69344,1.4019264,2.03904
2008/6/5,2008,6,5,3.024,8.1216,9.072,1.76256,1.4043456,2.00448
2008/6/6,2008,6,6,3.00672,8.11296,8.64,1.77984,1.4043456,1.96992
2008/6/7,2008,6,7,2.98944,7.992,8.32032,1.73664,1.3920768,1.91808
2008/6/8,2008,6,8,2.96352,7.95744,8.00928,1.69344,1.3700448,1.86624
2008/6/9,2008,6,9,2.94624,7.87104,7.71552,1.62432,1.3554432,1.83168
2008/6/10,2008,6,10,2.92032,7.81056,7.4304,1.65888,1.3382496,1.82304
2008/6/11,2008,6,11,2.90304,7.776,7.09344,1.63296,1.3162176,1.8144
2008/6/12,2008,6,12,2.88576,7.70688,6.81696,1.56384,1.294272,1.8144
2008/6/13,2008,6,13,2.8944,7.6032,6.6096,1.47744,1.2820032,1.84032
2008/6/14,2008,6,14,2.91168,7.13664,6.49728,1.39104,1.264896,1.86624
2008/6/15,2008,6,15,2.8944,6.71328,6.29856,1.31328,1.242864,1.87488
2008/6/16,2008,6,16,2.8944,6.33312,6.11712,1.26144,1.228176,1.84032
2008/6/17,2008,6,17,2.90304,5.95296,6.048,1.21824,1.206144,1.8144
2008/6/18,2008,6,18,2.90304,5.62464,5.97024,1.18368,1.1866176,1.78848
2008/6/19,2008,6,19,2.90304,5.34816,5.88384,1.10592,1.16208,1.74528
2008/6/20,2008,6,20,2.8944,5.13216,5.75424,1.06272,1.1523168,1.70208
2008/6/21,2008,6,21,2.90304,4.85568,5.62464,1.0368,1.1376288,1.65888
2008/6/22,2008,6,22,2.90304,4.57056,5.50368,0.98496,1.1498976,1.65024
2008/6/23,2008,6,23,2.92032,4.29408,5.37408,0.93312,1.16208,1.67616
2008/6/24,2008,6,24,2.92032,4.09536,5.26176,0.88128,1.1498976,1.73664
2008/6/25,2008,6,25,2.90304,3.96576,5.16672,0.832032,1.1254464,1.79712
2008/6/26,2008,6,26,2.8944,3.85344,5.03712,0.780192,1.0936512,1.83168
2008/6/27,2008,6,27,2.8944,3.68928,4.98528,0.722304,1.0863072,1.83168
2008/6/28,2008,6,28,2.88576,3.456,4.95072,0.71712,1.0789632,1.82304
2008/6/29,2008,6,29,2.87712,3.30912,4.89888,0.697248,1.0642752,1.8144
2008/6/30,2008,6,30,2.86848,3.1968,4.87296,0.675648,1.0226304,1.84896
2008/7/1,2008,7,1,2.86848,3.09312,4.8384,0.653184,1.017792,1.97856
2008/7/2,2008,7,2,2.86848,2.70432,4.71744,0.63504,1.0128672,2.16
2008/7/3,2008,7,3,2.8512,2.62656,4.45824,0.598752,1.0128672,2.22912
2008/7/4,2008,7,4,2.82528,2.58336,4.24224,0.589248,1.010448,2.17728
2008/7/5,2008,7,5,2.808,2.57472,4.03488,0.573696,1.017792,2.08224
2008/7/6,2008,7,6,2.79936,2.57472,3.85344,0.549504,1.0226304,1.99584
2008/7/7,2008,7,7,2.79072,2.57472,3.672,0.528768,1.0226304,1.90944
2008/7/8,2008,7,8,2.78208,2.58336,3.5424,0.53136,1.0128672,1.8144
2008/7/9,2008,7,9,2.77344,2.57472,3.40416,0.54,0.9981792,1.76256
2008/7/10,2008,7,10,2.7648,2.5488,3.27456,0.53136,0.9859968,1.73664
2008/7/11,2008,7,11,2.73888,2.45376,3.16224,0.517536,0.981072,1.728
2008/7/12,2008,7,12,2.71296,2.376,3.04128,0.510624,0.973728,1.79712
2008/7/13,2008,7,13,2.70432,2.2896,3.00672,0.53568,0.9713088,1.91808
2008/7/14,2008,7,14,2.70432,2.21184,2.8944,0.565056,0.9639648,1.96128
2008/7/15,2008,7,15,2.69568,2.16864,2.79936,0.60048,0.9566208,1.944
2008/7/16,2008,7,16,2.66976,2.12544,2.71296,0.629856,0.9566208,1.91808
2008/7/17,2008,7,17,2.64384,2.04768,2.66976,0.629856,0.9566208,1.86624
2008/7/18,2008,7,18,2.61792,1.9872,2.62656,0.607392,0.9639648,1.8144
2008/7/19,2008,7,19,2.61792,1.95264,2.55744,0.578016,0.973728,1.73664
2008/7/20,2008,7,20,2.61792,1.96128,2.48832,0.560736,0.9834912,1.65888
2008/7/21,2008,7,21,2.57472,2.00448,2.44512,0.542592,0.9981792,1.60704
2008/7/22,2008,7,22,2.52288,2.03904,2.41056,0.54,1.0080288,1.5552
2008/7/23,2008,7,23,2.49696,2.05632,2.39328,0.499392,1.0128672,1.52064
2008/7/24,2008,7,24,2.49696,2.04768,2.39328,0.495936,1.0128672,1.47744
2008/7/25,2008,7,25,2.47968,2.02176,2.38464,0.476928,1.0080288,1.44288
2008/7/26,2008,7,26,2.4624,1.9872,2.36736,0.46224,1.0080288,1.40832
2008/7/27,2008,7,27,2.4624,1.97856,2.36736,0.46656,1.010448,1.36512
2008/7/28,2008,7,28,2.43648,1.95264,2.36736,0.45792,1.010448,1.33056
2008/7/29,2008,7,29,2.40192,1.91808,2.39328,0.44928,1.0152864,1.28736
2008/7/30,2008,7,30,2.36736,1.86624,2.32416,0.439776,1.0275552,1.27008
2008/7/31,2008,7,31,2.29824,1.84896,2.27232,0.426816,1.039824,1.2528
2008/8/1,2008,8,1,2.22048,1.91808,2.29824,0.406944,1.0520064,1.24416
2008/8/2,2008,8,2,2.15136,2.00448,2.29824,0.391392,1.0691136,1.21824
2008/8/3,2008,8,3,2.0304,2.03904,2.27232,0.3888,1.0813824,1.2096
2008/8/4,2008,8,4,1.95264,2.02176,2.2464,0.387072,1.0911456,1.18368
2008/8/5,2008,8,5,1.8576,1.96992,2.22912,0.391392,1.0984896,1.15776
2008/8/6,2008,8,6,1.82304,1.91808,2.26368,0.391392,1.1083392,1.14912
2008/8/7,2008,8,7,1.73664,1.86624,2.34144,0.38016,1.1229408,1.13184
2008/8/8,2008,8,8,1.67616,1.84032,2.44512,0.376704,1.1401344,1.11456
2008/8/9,2008,8,9,1.66752,1.84896,2.54016,0.372384,1.1572416,1.10592
2008/8/10,2008,8,10,1.62432,1.91808,2.60928,0.368928,1.169424,1.09728
2008/8/11,2008,8,11,1.52064,2.10816,2.65248,0.382752,1.176768,1.09728
2008/8/12,2008,8,12,1.4688,2.32416,2.64384,0.398304,1.176768,1.10592
2008/8/13,2008,8,13,1.45152,2.40192,2.62656,0.406944,1.169424,1.10592
2008/8/14,2008,8,14,1.39968,2.40192,2.62656,0.3888,1.1596608,1.10592
2008/8/15,2008,8,15,1.3824,2.35872,2.6784,0.361152,1.1425536,1.09728
2008/8/16,2008,8,16,1.36512,2.2896,2.81664,0.326592,1.1278656,1.07136
2008/8/17,2008,8,17,1.36512,2.22912,3.00672,0.310176,1.1131776,1.05408
2008/8/18,2008,8,18,1.30464,2.15136,3.18816,0.307584,1.1009952,1.05408
2008/8/19,2008,8,19,1.27872,2.08224,3.38688,0.31536,1.0936512,1.04544
2008/8/20,2008,8,20,1.26144,2.02176,3.55104,0.334368,1.0838016,1.05408
2008/8/21,2008,8,21,1.2528,1.95264,3.66336,0.338688,1.0764576,1.08864
2008/8/22,2008,8,22,1.21824,1.9008,3.74112,0.334368,1.0666944,1.14048
2008/8/23,2008,8,23,1.21824,1.8576,3.8016,0.323136,1.0593504,1.20096
2008/8/24,2008,8,24,1.19232,1.82304,3.8016,0.321408,1.0520064,1.22688
2008/8/25,2008,8,25,1.14912,1.79712,3.76704,0.313632,1.0422432,1.21824
2008/8/26,2008,8,26,1.13184,1.77984,3.76704,0.310176,1.03248,1.19232
2008/8/27,2008,8,27,1.13184,1.7712,3.8016,0.3024,1.0226304,1.18368
2008/8/28,2008,8,28,1.10592,1.76256,3.8016,0.294624,1.010448,1.20096
2008/8/29,2008,8,29,1.08864,1.75392,3.78432,0.29808,0.9908352,1.24416
2008/8/30,2008,8,30,1.06272,1.75392,3.74976,0.300672,0.9713088,1.27872
2008/8/31,2008,8,31,1.06272,1.7712,3.69792,0.273024,0.9542016,1.28736
2008/9/1,2008,9,1,1.1232,1.79712,3.63744,0.255744,0.9395136,1.26144
2008/9/2,2008,9,2,1.17504,1.8144,3.55104,0.24192,0.92232,1.21824
2008/9/3,2008,9,3,1.14048,1.8144,3.44736,0.23328,0.9027936,1.18368
2008/9/4,2008,9,4,1.10592,1.8144,3.31776,0.223776,0.8856864,1.14912
2008/9/5,2008,9,5,1.08864,1.77984,3.21408,0.235872,0.8684928,1.1232
2008/9/6,2008,9,6,1.05408,1.74528,3.14496,0.24192,0.8587296,1.09728
2008/9/7,2008,9,7,1.0368,1.70208,3.12768,0.240192,0.8563104,1.07136
2008/9/8,2008,9,8,1.01088,1.67616,3.14496,0.243648,0.8612352,1.04544
2008/9/9,2008,9,9,1.00224,1.65024,3.17952,0.243648,0.8758368,1.01952
2008/9/10,2008,9,10,0.98496,1.6416,3.24864,0.24192,0.8881056,1.00224
2008/9/11,2008,9,11,0.98496,1.63296,3.38688,0.243648,0.8978688,0.98496
2008/9/12,2008,9,12,1.01952,1.62432,3.53376,0.27648,0.8978688,0.97632
2008/9/13,2008,9,13,1.04544,1.5984,3.672,0.300672,0.8930304,0.96768
2008/9/14,2008,9,14,1.04544,1.58112,3.83616,0.342144,0.8807616,0.95904
2008/9/15,2008,9,15,1.04544,1.5552,3.98304,0.376704,0.8636544,0.95904
2008/9/16,2008,9,16,1.07136,1.52928,4.1472,0.393984,0.8465472,0.9504
2008/9/17,2008,9,17,1.05408,1.50336,4.30272,0.422496,0.8269344,0.9504
2008/9/18,2008,9,18,1.01088,1.48608,4.46688,0.47088,0.8098272,0.9504
2008/9/19,2008,9,19,0.98496,1.46016,4.59648,0.510624,0.7902144,0.94176
2008/9/20,2008,9,20,0.97632,1.44288,4.65696,0.517536,0.7681824,0.94176
2008/9/21,2008,9,21,0.96768,1.4256,4.76064,0.533088,0.748656,0.94176
2008/9/22,2008,9,22,0.9504,1.4256,4.80384,0.54,0.733968,0.96768
2008/9/23,2008,9,23,0.93312,1.4256,4.82112,0.553824,0.7242048,0.9936
2008/9/24,2008,9,24,0.9072,1.44288,4.76928,0.560736,0.7168608,1.01952
2008/9/25,2008,9,25,0.92448,1.4688,4.67424,0.54,0.711936,1.01952
2008/9/26,2008,9,26,0.93312,1.50336,4.51008,0.510624,0.7095168,1.01088
2008/9/27,2008,9,27,0.88992,1.5552,4.2768,0.486432,0.7095168,0.9936
2008/9/28,2008,9,28,0.88128,1.62432,4.03488,0.47088,0.711936,0.9936
2008/9/29,2008,9,29,0.87264,1.66752,3.77568,0.46224,0.7144416,0.98496
2008/9/30,2008,9,30,0.9072,1.6848,3.55968,0.4536,0.7168608,0.9936
2008/10/1,2008,10,1,0.88992,1.6848,3.36096,0.451008,0.71928,0.95904
2008/10/2,2008,10,2,0.860544,1.67616,3.18816,0.451008,0.7216992,0.94176
2008/10/3,2008,10,3,0.839808,1.65024,3.04992,0.442368,0.71928,0.94176
2008/10/4,2008,10,4,0.853632,1.6416,2.92032,0.422496,0.7168608,0.9072
2008/10/5,2008,10,5,0.850176,1.63296,2.79936,0.400032,0.7144416,0.9072
2008/10/6,2008,10,6,0.843264,1.61568,2.71296,0.391392,0.711936,0.9072
2008/10/7,2008,10,7,0.850176,1.5984,2.6352,0.38016,0.7095168,0.91584
2008/10/8,2008,10,8,0.84672,1.58112,2.55744,0.376704,0.704592,0.92448
2008/10/9,2008,10,9,0.850176,1.57248,2.48832,0.368928,0.697248,0.91584
2008/10/10,2008,10,10,0.860544,1.57248,2.4192,0.36288,0.6850656,0.9072
2008/10/11,2008,10,11,0.853632,1.57248,2.35008,0.351648,0.6727968,0.89856
2008/10/12,2008,10,12,0.87264,1.56384,2.25504,0.343872,0.6606144,0.91584
2008/10/13,2008,10,13,0.860544,1.56384,2.15136,0.338688,0.6483456,0.92448
2008/10/14,2008,10,14,0.864,1.5552,2.06496,0.316224,0.6360768,0.92448
2008/10/15,2008,10,15,0.864,1.54656,1.97856,0.324,0.6141312,0.91584
2008/10/16,2008,10,16,0.88128,1.53792,1.89216,0.314496,0.5920992,0.89856
2008/10/17,2008,10,17,0.89856,1.52928,1.77984,0.300672,0.5724864,0.88128
2008/10/18,2008,10,18,0.89856,1.52928,1.65024,0.28512,0.5577984,0.87264
2008/10/19,2008,10,19,0.91584,1.52928,1.48608,0.273888,0.545616,0.864
2008/10/20,2008,10,20,0.92448,1.52064,1.3392,0.264384,0.5333472,0.849312
2008/10/21,2008,10,21,0.91584,1.4256,1.2096,0.252288,0.5210784,0.830304
2008/10/22,2008,10,22,0.88992,1.35648,1.0368,0.240192,0.5138208,0.81648
2008/10/23,2008,10,23,0.88128,1.296,0.9072,0.221184,0.5138208,0.80352
2008/10/24,2008,10,24,0.864,1.24416,0.836352,0.203904,0.5039712,0.787968
2008/10/25,2008,10,25,0.850176,1.2096,0.822528,0.188352,0.4844448,0.78192
2008/10/26,2008,10,26,0.843264,1.15776,0.88128,0.175392,0.4673376,0.7776
2008/10/27,2008,10,27,0.864,1.1232,0.93312,0.16848,0.4550688,0.76896
2008/10/28,2008,10,28,0.88128,1.08864,0.9936,0.165888,0.4428,0.756
2008/10/29,2008,10,29,0.88128,1.07136,0.9072,0.158976,0.4256928,0.74736
2008/10/30,2008,10,30,0.853632,1.0368,0.857088,0.152928,0.4110048,0.7344
2008/10/31,2008,10,31,0.864,1.01088,0.82944,0.150336,0.4036608,0.717984
2008/11/1,2008,11,1,0.87264,0.97632,0.78192,0.14688,0.3938976,0.701568
2008/11/2,2008,11,2,0.9072,0.95904,0.736128,0.141696,0.3841344,0.70848
2008/11/3,2008,11,3,0.93312,0.9504,0.711936,0.13824,0.3792096,0.69552
2008/11/4,2008,11,4,0.96768,0.93312,0.700704,0.132192,0.3742848,0.6912
2008/11/5,2008,11,5,0.98496,0.9072,0.6912,0.12528,0.3718656,0.68256
2008/11/6,2008,11,6,0.9936,0.89856,0.67824,0.124416,0.3694464,0.67392
2008/11/7,2008,11,7,0.96768,0.89856,0.66528,0.124416,0.3645216,0.675648
2008/11/8,2008,11,8,0.94176,0.9072,0.653184,0.12096,0.3571776,0.677376
2008/11/9,2008,11,9,0.91584,0.9072,0.640224,0.118368,0.3474144,0.679104
2008/11/10,2008,11,10,0.89856,0.94176,0.627264,0.115776,0.3400704,0.68256
2008/11/11,2008,11,11,0.89856,1.02816,0.614304,0.115776,0.3327264,0.658368
2008/11/12,2008,11,12,0.87264,1.11456,0.602208,0.114912,0.3253824,0.636768
2008/11/13,2008,11,13,0.853632,1.1664,0.589248,0.11232,0.320544,0.625536
2008/11/14,2008,11,14,0.844128,1.21824,0.576288,0.113184,0.3156192,0.625536
2008/11/15,2008,11,15,0.834624,1.27872,0.563328,0.113184,0.3106944,0.632448
2008/11/16,2008,11,16,0.793152,1.19232,0.550368,0.11232,0.305856,0.644544
2008/11/17,2008,11,17,0.76896,1.1232,0.538272,0.114048,0.3009312,0.655776
2008/11/18,2008,11,18,0.745632,1.08864,0.525312,0.111456,0.2935872,0.661824
2008/11/19,2008,11,19,0.73008,1.0368,0.512352,0.109728,0.2862432,0.661824
2008/11/20,2008,11,20,0.713664,1.01088,0.502848,0.109728,0.27648,0.661824
2008/11/21,2008,11,21,0.698112,0.9936,0.493344,0.111456,0.2667168,0.662688
2008/11/22,2008,11,22,0.68256,0.97632,0.484704,0.111456,0.2568672,0.661824
2008/11/23,2008,11,23,0.668736,0.9504,0.4752,0.113184,0.247104,0.657504
2008/11/24,2008,11,24,0.65232,0.94176,0.465696,0.11232,0.23976,0.649728
2008/11/25,2008,11,25,0.641088,0.92448,0.456192,0.11232,0.232416,0.635904
2008/11/26,2008,11,26,0.632448,0.91584,0.447552,0.113184,0.2274912,0.615168
2008/11/27,2008,11,27,0.621216,0.92448,0.438048,0.11232,0.225072,0.584928
2008/11/28,2008,11,28,0.61344,0.92448,0.428544,0.111456,0.2226528,0.547776
2008/11/29,2008,11,29,0.6048,0.9504,0.425952,0.111456,0.2214432,0.507168
2008/11/30,2008,11,30,0.598752,0.97632,0.42336,0.110592,0.2202336,0.463968
2008/12/1,2008,12,1,0.598752,0.98496,0.421632,0.106272,0.2189376,0.424224
2008/12/2,2008,12,2,0.584064,0.9936,0.41904,0.104544,0.217728,0.387936
2008/12/3,2008,12,3,0.5832,0.98496,0.416448,0.100224,0.217728,0.35856
2008/12/4,2008,12,4,0.577152,1.00224,0.413856,0.097632,0.217728,0.333504
2008/12/5,2008,12,5,0.577152,1.01088,0.412128,0.097632,0.2165184,0.312768
2008/12/6,2008,12,6,0.577152,0.98496,0.409536,0.09504,0.2153088,0.300672
2008/12/7,2008,12,7,0.577152,0.98496,0.406944,0.093312,0.2140992,0.29376
2008/12/8,2008,12,8,0.577152,0.98496,0.404352,0.091584,0.2128896,0.294624
2008/12/9,2008,12,9,0.577152,0.98496,0.40176,0.089856,0.210384,0.300672
2008/12/10,2008,12,10,0.577152,0.95904,0.400032,0.087264,0.2079648,0.30672
2008/12/11,2008,12,11,0.577152,0.95904,0.39744,0.0853632,0.2067552,0.321408
2008/12/12,2008,12,12,0.577152,0.95904,0.394848,0.0843264,0.2067552,0.33264
2008/12/13,2008,12,13,0.577152,0.95904,0.394848,0.0821664,0.2055456,0.342144
2008/12/14,2008,12,14,0.577152,0.95904,0.393984,0.0821664,0.2055456,0.347328
2008/12/15,2008,12,15,0.577152,0.94176,0.393984,0.0814752,0.2042496,0.348192
2008/12/16,2008,12,16,0.577152,0.94176,0.39312,0.0793152,0.2042496,0.347328
2008/12/17,2008,12,17,0.578016,0.94176,0.39312,0.0789696,0.20304,0.3456
2008/12/18,2008,12,18,0.57888,0.94176,0.39312,0.0779328,0.20304,0.346464
2008/12/19,2008,12,19,0.579744,0.93312,0.392256,0.0765504,0.2018304,0.347328
2008/12/20,2008,12,20,0.581472,0.91584,0.392256,0.074736,0.2006208,0.349056
2008/12/21,2008,12,21,0.582336,0.91584,0.391392,0.0736992,0.1994112,0.350784
2008/12/22,2008,12,22,0.5832,0.9072,0.391392,0.0733536,0.1982016,0.35424
2008/12/23,2008,12,23,0.584064,0.9072,0.40176,0.0740448,0.196992,0.35856
2008/12/24,2008,12,24,0.584928,0.9072,0.412128,0.0750816,0.195696,0.36288
2008/12/25,2008,12,25,0.585792,0.88992,0.422496,0.0754272,0.1944864,0.3672
2008/12/26,2008,12,26,0.586656,0.87264,0.432864,0.0736992,0.1920672,0.37152
2008/12/27,2008,12,27,0.588384,0.85536,0.444096,0.0722304,0.189648,0.37584
2008/12/28,2008,12,28,0.589248,0.85536,0.454464,0.0718848,0.1871424,0.381888
2008/12/29,2008,12,29,0.590112,0.85104,0.464832,0.0711936,0.1847232,0.387072
2008/12/30,2008,12,30,0.590976,0.85104,0.4752,0.0698112,0.1835136,0.39312
2008/12/31,2008,12,31,0.59184,0.84672,0.485568,0.0694656,0.182304,0.39744
2009/1/1,2009,1,1,0.592704,0.84672,0.495072,,0.182304,0.40176
2009/1/2,2009,1,2,0.593568,0.83808,0.504576,,0.181008,0.405216
2009/1/3,2009,1,3,0.595296,0.83808,0.514944,,0.181008,0.408672
2009/1/4,2009,1,4,0.59616,0.83376,0.524448,,0.1797984,0.412128
2009/1/5,2009,1,5,0.597024,0.82944,0.533952,,0.1797984,0.41472
2009/1/6,2009,1,6,0.597888,0.82944,0.543456,,0.1785888,0.417312
2009/1/7,2009,1,7,0.598752,0.83808,0.55296,,0.1785888,0.419904
2009/1/8,2009,1,8,0.599616,0.8424,0.563328,,0.1773792,0.421632
2009/1/9,2009,1,9,0.60048,0.85104,0.572832,,0.1773792,0.42336
2009/1/10,2009,1,10,0.602208,0.85968,0.568512,,0.1761696,0.422496
2009/1/11,2009,1,11,0.603072,0.87264,0.564192,,0.1761696,0.421632
2009/1/12,2009,1,12,0.603936,0.87264,0.559872,,0.1761696,0.419904
2009/1/13,2009,1,13,0.6048,0.88128,0.555552,,0.17496,0.418176
2009/1/14,2009,1,14,0.602208,0.88992,0.551232,,0.17496,0.416448
2009/1/15,2009,1,15,0.599616,0.88992,0.546048,,0.17496,0.415584
2009/1/16,2009,1,16,0.597024,0.88992,0.541728,,0.173664,0.41472
2009/1/17,2009,1,17,0.594432,0.88992,0.537408,,0.173664,0.41472
2009/1/18,2009,1,18,0.59184,0.89856,0.533088,,0.1700352,0.41472
2009/1/19,2009,1,19,0.589248,0.89856,0.528768,,0.1700352,0.41472
2009/1/20,2009,1,20,0.586656,0.89856,0.520992,,0.1688256,0.415584
2009/1/21,2009,1,21,0.584064,0.9072,0.512352,,0.1688256,0.412992
2009/1/22,2009,1,22,0.581472,0.9072,0.504576,,0.167616,0.407808
2009/1/23,2009,1,23,0.57888,0.9072,0.4968,,0.167616,0.404352
2009/1/24,2009,1,24,0.576288,0.9072,0.48816,,0.167616,0.400032
2009/1/25,2009,1,25,0.573696,0.9072,0.480384,,0.1664064,0.396576
2009/1/26,2009,1,26,0.571104,0.9072,0.471744,,0.1664064,0.394848
2009/1/27,2009,1,27,0.568512,0.9072,0.463968,,0.1639008,0.39312
2009/1/28,2009,1,28,0.56592,0.9072,0.456192,,0.1639008,0.3888
2009/1/29,2009,1,29,0.563328,0.9072,0.447552,,0.1614816,0.38448
2009/1/30,2009,1,30,0.5616,0.9072,0.439776,,0.1614816,0.379296
2009/1/31,2009,1,31,0.559008,0.9072,0.435456,,0.160272,0.37584
2009/2/1,2009,2,1,0.556416,0.9072,0.430272,,0.160272,0.373248
2009/2/2,2009,2,2,0.553824,0.9072,0.425952,,0.1577664,0.370656
2009/2/3,2009,2,3,0.551232,0.9072,0.421632,,0.1577664,0.368928
2009/2/4,2009,2,4,0.54864,0.9072,0.417312,,0.1553472,0.368064
2009/2/5,2009,2,5,0.546048,0.9072,0.412128,,0.1553472,0.365472
2009/2/6,2009,2,6,0.543456,0.9072,0.407808,,0.1541376,0.362016
2009/2/7,2009,2,7,0.540864,0.9072,0.403488,,0.1541376,0.357696
2009/2/8,2009,2,8,0.538272,0.9072,0.398304,,0.1541376,0.35424
2009/2/9,2009,2,9,0.53568,0.89856,0.393984,,0.1517184,0.353376
2009/2/10,2009,2,10,0.533088,0.89856,0.38448,,0.1517184,0.352512
2009/2/11,2009,2,11,0.530496,0.89856,0.374976,,0.1517184,0.350784
2009/2/12,2009,2,12,0.527904,0.88992,0.365472,,0.1504224,0.349056
2009/2/13,2009,2,13,0.525312,0.88992,0.355968,,0.1504224,0.347328
2009/2/14,2009,2,14,0.52272,0.88992,0.346464,,0.1504224,0.3456
2009/2/15,2009,2,15,0.520128,0.88128,0.33696,,0.1492128,0.343872
2009/2/16,2009,2,16,0.506304,0.88128,0.327456,,0.1492128,0.34128
2009/2/17,2009,2,17,0.493344,0.88128,0.317952,,0.1467936,0.339552
2009/2/18,2009,2,18,0.47952,0.88128,0.308448,,0.1467936,0.337824
2009/2/19,2009,2,19,0.46656,0.88128,0.298944,,0.1467936,0.33696
2009/2/20,2009,2,20,0.452736,0.88128,0.294624,,0.1443744,0.334368
2009/2/21,2009,2,21,0.439776,0.88128,0.290304,,0.1443744,0.335232
2009/2/22,2009,2,22,0.425952,0.88128,0.285984,,0.1443744,0.334368
2009/2/23,2009,2,23,0.412992,0.88128,0.281664,,0.1418688,0.333504
2009/2/24,2009,2,24,0.399168,0.88128,0.278208,,0.1418688,0.331776
2009/2/25,2009,2,25,0.398304,0.88128,0.273888,,0.1418688,0.329184
2009/2/26,2009,2,26,0.398304,0.88128,0.269568,,0.1418688,0.32832
2009/2/27,2009,2,27,0.39744,0.87264,0.265248,,0.1418688,0.326592
2009/2/28,2009,2,28,0.396576,0.87264,0.260928,,0.1394496,0.324864
2009/3/1,2009,3,1,0.396576,0.87264,0.255744,,0.1394496,0.322272
2009/3/2,2009,3,2,0.395712,0.87264,0.251424,,0.1394496,0.321408
2009/3/3,2009,3,3,0.394848,0.864,0.247104,,0.1370304,0.321408
2009/3/4,2009,3,4,0.393984,0.85968,0.242784,,0.1370304,0.320544
2009/3/5,2009,3,5,0.39312,0.85536,0.2376,,0.1370304,0.320544
2009/3/6,2009,3,6,0.391392,0.85536,0.23328,,0.1370304,0.320544
2009/3/7,2009,3,7,0.390528,0.85536,0.22896,,0.1370304,0.318816
2009/3/8,2009,3,8,0.389664,0.85104,0.223776,,0.1370304,0.317088
2009/3/9,2009,3,9,0.3888,0.85104,0.219456,,0.1345248,0.31536
2009/3/10,2009,3,10,0.387936,0.84672,0.218592,0.0148608,0.1345248,0.313632
2009/3/11,2009,3,11,0.387072,0.84672,0.216864,0.0140832,0.1345248,0.311904
2009/3/12,2009,3,12,0.386208,0.84672,0.216,0.0152064,0.1345248,0.31104
2009/3/13,2009,3,13,0.385344,0.8424,0.215136,0.0144288,0.1345248,0.31104
2009/3/14,2009,3,14,0.383616,0.83808,0.213408,0.0152064,0.1321056,0.309312
2009/3/15,2009,3,15,0.382752,0.8424,0.212544,0.0147744,0.1321056,0.308448
2009/3/16,2009,3,16,0.381888,0.84672,0.21168,0.0161568,0.1321056,0.307584
2009/3/17,2009,3,17,0.381024,0.85104,0.209952,0.0154656,0.1321056,0.307584
2009/3/18,2009,3,18,0.38016,0.85104,0.209088,0.0163296,0.1296864,0.307584
2009/3/19,2009,3,19,0.379296,0.85536,0.208224,0.0154656,0.1296864,0.30672
2009/3/20,2009,3,20,0.378432,0.85536,0.20736,0.0163296,0.1296864,0.305856
2009/3/21,2009,3,21,0.376704,0.85968,0.206496,0.0154656,0.1296864,0.304992
2009/3/22,2009,3,22,0.37584,0.85968,0.205632,0.0166752,0.1296864,0.304128
2009/3/23,2009,3,23,0.374976,0.85968,0.204768,0.015984,0.1296864,0.3024
2009/3/24,2009,3,24,0.374112,0.85968,0.203904,0.0166752,0.1296864,0.300672
2009/3/25,2009,3,25,0.370656,0.864,0.202176,0.0152928,0.1271808,0.298944
2009/3/26,2009,3,26,0.368064,0.85968,0.201312,0.0157248,0.1271808,0.29808
2009/3/27,2009,3,27,0.364608,0.85968,0.200448,0.015552,0.1271808,0.29808
2009/3/28,2009,3,28,0.361152,0.85536,0.199584,0.0144288,0.1271808,0.298944
2009/3/29,2009,3,29,0.35856,0.85536,0.19872,0.014688,0.1271808,0.298944
2009/3/30,2009,3,30,0.355104,0.85104,0.197856,0.0144288,0.1247616,0.298944
2009/3/31,2009,3,31,0.351648,0.85104,0.196992,0.0157248,0.1247616,0.298944
2009/4/1,2009,4,1,0.349056,0.84672,0.196128,0.0147744,0.1247616,0.29808
2009/4/2,2009,4,2,0.3456,0.84672,0.195264,0.015552,0.1247616,0.297216
2009/4/3,2009,4,3,0.3456,0.84672,0.1944,0.0146016,0.1247616,0.295488
2009/4/4,2009,4,4,0.3456,0.8424,0.193536,0.0153792,0.1247616,0.295488
2009/4/5,2009,4,5,0.3456,0.8424,0.192672,0.0146016,0.1247616,0.295488
2009/4/6,2009,4,6,0.3456,0.8424,0.191808,0.0153792,0.1223424,0.294624
2009/4/7,2009,4,7,0.3456,0.8424,0.190944,0.014256,0.1223424,0.29376
2009/4/8,2009,4,8,0.3456,0.8424,0.19008,0.0148608,0.1223424,0.292896
2009/4/9,2009,4,9,0.346464,0.83808,0.189216,0.0139104,0.1223424,0.292032
2009/4/10,2009,4,10,0.346464,0.8424,0.189216,0.0157248,0.1223424,0.292896
2009/4/11,2009,4,11,0.346464,0.84672,0.189216,,0.1223424,0.29376
2009/4/12,2009,4,12,0.346464,0.84672,0.188352,,0.1223424,0.292896
2009/4/13,2009,4,13,0.346464,0.84672,0.188352,,0.1199232,0.292032
2009/4/14,2009,4,14,0.346464,0.85104,0.188352,,0.1199232,0.292896
2009/4/15,2009,4,15,0.346464,0.85536,0.188352,,0.1199232,0.292896
2009/4/16,2009,4,16,0.346464,0.85536,0.187488,,0.1199232,0.29376
2009/4/17,2009,4,17,0.346464,0.864,0.187488,,0.1199232,0.294624
2009/4/18,2009,4,18,0.347328,0.87264,0.187488,,0.1199232,0.297216
2009/4/19,2009,4,19,0.347328,0.88128,0.187488,,0.1199232,0.298944
2009/4/20,2009,4,20,0.347328,0.88992,0.187488,,0.1174176,0.298944
2009/4/21,2009,4,21,0.347328,0.88992,0.186624,,0.1174176,0.300672
2009/4/22,2009,4,22,0.347328,0.89856,0.186624,,0.1186272,0.3024
2009/4/23,2009,4,23,0.347328,0.91584,0.186624,,0.1186272,0.304128
2009/4/24,2009,4,24,0.366336,0.92448,0.186624,,0.1199232,0.304992
2009/4/25,2009,4,25,0.385344,0.92448,0.18576,,0.1223424,0.309312
2009/4/26,2009,4,26,0.404352,0.93312,0.18576,,0.1223424,0.31536
2009/4/27,2009,4,27,0.42336,0.94176,0.18576,,0.123552,0.322272
2009/4/28,2009,4,28,0.442368,0.95904,0.18576,,0.1247616,0.329184
2009/4/29,2009,4,29,0.461376,0.96768,0.18576,,0.1271808,0.335232
2009/4/30,2009,4,30,0.47952,0.97632,0.186624,,0.1321056,0.344736
2009/5/1,2009,5,1,0.498528,0.96768,0.186624,,0.1443744,0.357696
2009/5/2,2009,5,2,0.517536,0.97632,0.186624,,0.1590624,0.37584
2009/5/3,2009,5,3,0.536544,0.98496,0.186624,,0.1761696,0.404352
2009/5/4,2009,5,4,0.555552,1.01088,0.187488,0.0171936,0.1932768,0.473472
2009/5/5,2009,5,5,0.57456,1.02816,0.187488,0.0175392,0.2128896,0.56592
2009/5/6,2009,5,6,0.620352,1.04544,0.187488,0.0171936,0.2446848,0.63072
2009/5/7,2009,5,7,0.666144,1.07136,0.19008,0.0171072,0.2813184,0.6912
2009/5/8,2009,5,8,0.703296,1.13184,0.191808,0.0171072,0.3229632,0.763776
2009/5/9,2009,5,9,0.758592,1.21824,0.1944,0.0170208,0.3914784,0.813024
2009/5/10,2009,5,10,0.80352,1.30464,0.196992,0.0170208,0.4892832,0.88128
2009/5/11,2009,5,11,0.87264,1.41696,0.199584,0.016848,0.5994432,0.94176
2009/5/12,2009,5,12,0.94176,1.56384,0.201312,0.0166752,0.7462368,0.9936
2009/5/13,2009,5,13,1.01088,1.58976,0.203904,0.0170208,0.9052128,1.06272
2009/5/14,2009,5,14,1.09728,1.60704,0.235872,0.016848,1.0226304,1.15776
2009/5/15,2009,5,15,1.19232,1.66752,0.299808,0.0182304,1.1596608,1.28736
2009/5/16,2009,5,16,1.27872,1.71072,0.3888,0.0191808,1.2110688,1.46016
2009/5/17,2009,5,17,1.37376,1.75392,0.484704,0.0218592,1.1474784,1.60704
2009/5/18,2009,5,18,1.43424,1.82304,0.57888,0.0232416,1.0691136,1.74528
2009/5/19,2009,5,19,1.52928,1.92672,0.6912,0.0248832,0.9052128,1.91808
2009/5/20,2009,5,20,1.5984,2.00448,0.863136,0.0244512,0.9395136,2.09088
2009/5/21,2009,5,21,1.6848,2.13408,1.05408,0.0275616,0.95904,2.2032
2009/5/22,2009,5,22,1.76256,2.31552,1.296,0.0368928,1.5902784,2.3328
2009/5/23,2009,5,23,1.8576,2.56608,1.5984,0.060048,2.3854176,2.4192
2009/5/24,2009,5,24,1.944,2.9808,2.03904,0.1007424,2.5689312,2.5056
2009/5/25,2009,5,25,2.04768,3.5856,2.55744,0.16848,2.4319008,2.55744
2009/5/26,2009,5,26,2.22912,3.7152,2.97216,0.2331072,2.3242464,2.58336
2009/5/27,2009,5,27,2.34144,4.24224,3.456,0.333072,2.006208,2.592
2009/5/28,2009,5,28,2.5056,4.89888,3.95712,0.5747328,1.781136,2.57472
2009/5/29,2009,5,29,2.7648,5.11488,4.50144,0.6404832,1.6196544,2.4624
2009/5/30,2009,5,30,2.95488,5.5296,5.34816,0.7869312,1.5878592,2.2896
2009/5/31,2009,5,31,2.98944,5.97888,6.49728,0.7177248,1.5853536,2.16
2009/6/1,2009,6,1,2.97216,7.6032,7.74144,1.20096,1.6123104,2.0736
2009/6/2,2009,6,2,2.9808,8.43264,8.8128,1.17504,1.6979328,2.03904
2009/6/3,2009,6,3,3.04128,8.32896,12.2688,1.1232,1.7835552,1.99584
2009/6/4,2009,6,4,3.09312,8.35488,13.3056,1.1232,1.8080064,1.97856
2009/6/5,2009,6,5,3.0672,8.36352,14.0832,1.10592,1.7541792,2.00448
2009/6/6,2009,6,6,3.08448,8.32896,13.9968,1.09728,1.700352,2.0304
2009/6/7,2009,6,7,3.07584,8.27712,10.6272,1.07136,1.759104,2.0736
2009/6/8,2009,6,8,3.07584,8.19072,9.5904,1.06272,1.8006624,2.09952
2009/6/9,2009,6,9,3.07584,8.14752,8.49312,1.02816,1.7908992,2.09952
2009/6/10,2009,6,10,3.07584,8.1216,7.66368,0.9936,1.7835552,2.10816
2009/6/11,2009,6,11,3.04992,8.09568,7.09344,0.98496,1.795824,2.09952
2009/6/12,2009,6,12,3.04128,8.05248,6.62688,0.95904,1.744416,2.09088
2009/6/13,2009,6,13,3.01536,8.01792,6.48,0.9072,1.7027712,2.0736
2009/6/14,2009,6,14,3.00672,7.97472,6.37632,0.857088,1.6538688,2.06496
2009/6/15,2009,6,15,2.99808,7.9056,6.28128,0.844992,1.5952032,2.06496
2009/6/16,2009,6,16,2.96352,7.65504,6.264,0.827712,1.5780096,2.06496
2009/6/17,2009,6,17,2.94624,7.37856,6.264,0.837216,1.5658272,2.0736
2009/6/18,2009,6,18,2.92896,6.96384,6.27264,0.847584,1.5511392,2.12544
2009/6/19,2009,6,19,2.91168,6.63552,6.28128,0.862272,1.5388704,2.16864
2009/6/20,2009,6,20,2.8944,6.25536,6.264,0.789696,1.5291072,2.23776
2009/6/21,2009,6,21,2.92896,5.80608,6.22944,0.714528,1.519344,2.28096
2009/6/22,2009,6,22,2.91168,5.45184,6.1776,0.6696,1.504656,2.28096
2009/6/23,2009,6,23,2.88576,5.0976,6.0912,0.614304,1.489968,2.22912
2009/6/24,2009,6,24,2.85984,4.73472,5.95296,0.637632,1.4728608,2.14272
2009/6/25,2009,6,25,2.8512,4.41504,5.82336,0.63504,1.460592,2.03904
2009/6/26,2009,6,26,2.8512,4.1904,5.7024,0.614304,1.4434848,1.96128
2009/6/27,2009,6,27,2.83392,3.93984,5.56416,0.598752,1.431216,1.91808
2009/6/28,2009,6,28,2.81664,3.66336,5.37408,0.59184,1.4214528,1.86624
2009/6/29,2009,6,29,2.79936,3.36096,5.20128,0.533088,1.4116896,1.83168
2009/6/30,2009,6,30,2.7648,3.1968,5.03712,0.501984,1.4019264,1.80576
2009/7/1,2009,7,1,2.73888,2.95488,4.82976,0.504576,1.3920768,1.82304
2009/7/2,2009,7,2,2.7216,2.79936,4.65696,0.513216,1.3847328,1.82304
2009/7/3,2009,7,3,2.7216,2.6784,4.47552,0.524448,1.3725504,1.77984
2009/7/4,2009,7,4,2.70432,2.592,4.32864,0.493344,1.3505184,1.74528
2009/7/5,2009,7,5,2.68704,2.52288,4.19904,0.477792,1.3382496,1.7712
2009/7/6,2009,7,6,2.6784,2.47104,4.12992,0.438048,1.3162176,1.9008
2009/7/7,2009,7,7,2.66976,2.43648,4.07808,0.411264,1.2966912,2.04768
2009/7/8,2009,7,8,2.70432,2.40192,3.98304,0.402624,1.2770784,2.12544
2009/7/9,2009,7,9,2.70432,2.38464,3.87072,0.39744,1.257552,2.1168
2009/7/10,2009,7,10,2.68704,2.35872,3.79296,0.463968,1.2379392,2.06496
2009/7/11,2009,7,11,2.66112,2.31552,3.68928,0.482112,1.2159072,1.9872
2009/7/12,2009,7,12,2.6352,2.2464,3.5424,0.504576,1.1866176,1.90944
2009/7/13,2009,7,13,2.57472,2.2032,3.49056,0.53136,1.1670048,1.84896
2009/7/14,2009,7,14,2.54016,2.16864,3.37824,0.546912,1.1327904,1.80576
2009/7/15,2009,7,15,2.57472,2.13408,3.24,0.521856,1.0960704,1.77984
2009/7/16,2009,7,16,2.58336,2.05632,3.11904,0.504576,1.0642752,1.74528
2009/7/17,2009,7,17,2.51424,1.96992,2.95488,0.504576,1.039824,1.78848
2009/7/18,2009,7,18,2.48832,1.91808,2.81664,0.490752,1.0055232,1.82304
2009/7/19,2009,7,19,2.45376,1.84032,2.73024,0.482112,0.981072,1.86624
2009/7/20,2009,7,20,2.4192,1.76256,2.68704,0.48384,0.951696,1.8576
2009/7/21,2009,7,21,2.376,1.69344,2.65248,0.490752,0.929664,1.8144
2009/7/22,2009,7,22,2.35872,1.61568,2.6784,0.473472,0.9101376,1.74528
2009/7/23,2009,7,23,2.35872,1.54656,2.75616,0.468288,0.8905248,1.66752
2009/7/24,2009,7,24,2.34144,1.52928,2.83392,0.468288,0.8856864,1.5984
2009/7/25,2009,7,25,2.30688,1.50336,2.90304,0.438048,0.8807616,1.52928
2009/7/26,2009,7,26,2.2896,1.4688,2.9808,0.39312,0.8734176,1.47744
2009/7/27,2009,7,27,2.2464,1.43424,3.04128,0.334368,0.8636544,1.4256
2009/7/28,2009,7,28,2.22048,1.40832,3.07584,0.313632,0.8513856,1.3824
2009/7/29,2009,7,29,2.17728,1.39104,3.04128,0.29808,0.8366976,1.3392
2009/7/30,2009,7,30,2.12544,1.3824,2.9376,0.3024,0.8220096,1.30464
2009/7/31,2009,7,31,2.09952,1.39104,2.8512,0.296352,0.807408,1.27008
2009/8/1,2009,8,1,2.12544,1.3824,2.74752,0.285984,0.79272,1.23552
2009/8/2,2009,8,2,2.09952,1.37376,2.64384,0.283392,0.778032,1.2096
2009/8/3,2009,8,3,2.0304,1.3824,2.54016,0.270432,0.763344,1.18368
2009/8/4,2009,8,4,1.96992,1.3824,2.44512,0.264384,0.748656,1.1664
2009/8/5,2009,8,5,1.92672,1.3824,2.34144,0.260928,0.733968,1.15776
2009/8/6,2009,8,6,1.88352,1.3824,2.22912,0.273024,0.7216992,1.17504
2009/8/7,2009,8,7,1.86624,1.37376,2.15136,0.277344,0.7095168,1.17504
2009/8/8,2009,8,8,1.84032,1.37376,2.09952,0.270432,0.697248,1.1664
2009/8/9,2009,8,9,1.75392,1.36512,2.00448,0.317088,0.6874848,1.15776
2009/8/10,2009,8,10,1.70208,1.34784,1.89216,0.323136,0.6801408,1.14912
2009/8/11,2009,8,11,1.66752,1.31328,1.83168,0.317088,0.675216,1.14048
2009/8/12,2009,8,12,1.58976,1.30464,1.83168,0.311904,0.6727968,1.11456
2009/8/13,2009,8,13,1.52928,1.296,1.84896,0.323136,0.6777216,1.09728
2009/8/14,2009,8,14,1.52064,1.31328,1.87488,0.338688,0.68256,1.09728
2009/8/15,2009,8,15,1.50336,1.32192,1.96128,0.29808,0.6850656,1.08864
2009/8/16,2009,8,16,1.47744,1.32192,2.04768,0.313632,0.6850656,1.10592
2009/8/17,2009,8,17,1.46016,1.32192,2.22048,0.342144,0.6801408,1.10592
2009/8/18,2009,8,18,1.43424,1.31328,2.36736,0.400032,0.6703776,1.10592
2009/8/19,2009,8,19,1.41696,1.31328,2.56608,0.426816,0.6630336,1.1232
2009/8/20,2009,8,20,1.34784,1.30464,2.71296,0.47088,0.6556896,1.13184
2009/8/21,2009,8,21,1.30464,1.30464,2.82528,0.448416,0.6459264,1.1232
2009/8/22,2009,8,22,1.27008,1.296,2.8944,0.438048,0.6410016,1.1232
2009/8/23,2009,8,23,1.2528,1.28736,2.86848,0.432864,0.6410016,1.1232
2009/8/24,2009,8,24,1.23552,1.27872,2.7648,0.448416,0.6336576,1.1232
2009/8/25,2009,8,25,1.23552,1.27872,2.71296,0.47952,0.6287328,1.10592
2009/8/26,2009,8,26,1.21824,1.27008,2.592,0.495072,0.6238944,1.11456
2009/8/27,2009,8,27,1.17504,1.26144,2.4624,0.490752,0.6238944,1.09728
2009/8/28,2009,8,28,1.14048,1.2528,2.35008,0.477792,0.6238944,1.1232
2009/8/29,2009,8,29,1.1232,1.24416,2.27232,0.446688,0.6213888,1.19232
2009/8/30,2009,8,30,1.10592,1.23552,2.23776,0.435456,0.6213888,1.26144
2009/8/31,2009,8,31,1.10592,1.22688,2.30688,0.424224,0.6213888,1.31328
2009/9/1,2009,9,1,1.10592,1.21824,2.41056,0.400032,0.6312384,1.32192
2009/9/2,2009,9,2,1.10592,1.2096,2.54016,0.378432,0.6336576,1.33056
2009/9/3,2009,9,3,1.09728,1.2096,2.60064,0.422496,0.6385824,1.3392
2009/9/4,2009,9,4,1.09728,1.23552,2.66112,0.446688,0.6410016,1.32192
2009/9/5,2009,9,5,1.09728,1.26144,2.66976,0.47088,0.6434208,1.27872
2009/9/6,2009,9,6,1.09728,1.27872,2.66976,0.501984,0.6434208,1.24416
2009/9/7,2009,9,7,1.08,1.27008,2.6784,0.533088,0.6459264,1.22688
2009/9/8,2009,9,8,1.07136,1.24416,2.6784,0.623808,0.6507648,1.19232
2009/9/9,2009,9,9,1.05408,1.23552,2.69568,0.724896,0.6532704,1.14912
2009/9/10,2009,9,10,1.05408,1.22688,2.6784,0.73008,0.6581088,1.10592
2009/9/11,2009,9,11,1.02816,1.22688,2.62656,0.759456,0.6703776,1.07136
2009/9/12,2009,9,12,0.97632,1.23552,2.592,0.73008,0.6850656,1.05408
2009/9/13,2009,9,13,0.97632,1.23552,2.5488,0.722304,0.7021728,1.07136
2009/9/14,2009,9,14,1.01952,1.24416,2.49696,0.705888,0.71928,1.11456
2009/9/15,2009,9,15,1.01952,1.23552,2.45376,0.703296,0.7290432,1.15776
2009/9/16,2009,9,16,0.98496,1.24416,2.38464,0.6696,0.7388928,1.23552
2009/9/17,2009,9,17,0.97632,1.26144,2.31552,0.623808,0.741312,1.31328
2009/9/18,2009,9,18,1.02816,1.296,2.25504,0.632448,0.7363872,1.3824
2009/9/19,2009,9,19,1.04544,1.31328,2.18592,0.625536,0.7315488,1.44288
2009/9/20,2009,9,20,1.02816,1.31328,2.13408,0.589248,0.7242048,1.44288
2009/9/21,2009,9,21,0.96768,1.31328,2.06496,0.524448,0.7095168,1.4256
2009/9/22,2009,9,22,0.93312,1.30464,2.04768,0.477792,0.6948288,1.3824
2009/9/23,2009,9,23,0.92448,1.31328,2.03904,0.490752,0.675216,1.3392
2009/9/24,2009,9,24,0.93312,1.3392,2.04768,0.490752,0.6581088,1.28736
2009/9/25,2009,9,25,0.92448,1.3392,2.09952,0.48816,0.6459264,1.26144
2009/9/26,2009,9,26,0.9072,1.3392,2.22912,0.482112,0.6336576,1.22688
2009/9/27,2009,9,27,0.89856,1.3392,2.38464,0.482112,0.6238944,1.19232
2009/9/28,2009,9,28,0.89856,1.3392,2.52288,0.459648,0.6092064,1.1664
2009/9/29,2009,9,29,0.88992,1.33056,2.60064,0.422496,0.6042816,1.14048
2009/9/30,2009,9,30,0.88992,1.32192,2.62656,0.400032,0.6116256,1.11456
2009/10/1,2009,10,1,0.88128,1.32192,2.61792,0.411264,0.6238944,1.09728
2009/10/2,2009,10,2,0.87264,1.33056,2.592,0.411264,0.6336576,1.08
2009/10/3,2009,10,3,0.87264,1.3392,2.52288,0.406944,0.6459264,1.06272
2009/10/4,2009,10,4,0.89856,1.34784,2.45376,0.391392,0.6606144,1.04544
2009/10/5,2009,10,5,0.89856,1.34784,2.45376,0.359424,0.6703776,1.05408
2009/10/6,2009,10,6,0.88992,1.34784,2.48832,0.342144,0.6727968,1.06272
2009/10/7,2009,10,7,0.87264,1.35648,2.52288,0.338688,0.6703776,1.05408
2009/10/8,2009,10,8,0.847584,1.37376,2.51424,0.33264,0.6703776,1.05408
2009/10/9,2009,10,9,0.860544,1.41696,2.48832,0.324864,0.6654528,1.04544
2009/10/10,2009,10,10,0.860544,1.4256,2.45376,0.31968,0.6606144,1.02816
2009/10/11,2009,10,11,0.856224,1.4256,2.42784,0.3024,0.6483456,1.01088
2009/10/12,2009,10,12,0.847584,1.4256,2.36736,0.3024,0.6459264,0.9936
2009/10/13,2009,10,13,0.806112,1.41696,2.32416,0.283392,0.6360768,0.98496
2009/10/14,2009,10,14,0.76896,1.43424,2.29824,0.273024,0.6238944,0.97632
2009/10/15,2009,10,15,0.756864,1.44288,2.25504,0.257472,0.6141312,0.96768
2009/10/16,2009,10,16,0.736128,1.44288,2.22048,0.2679264,0.6018624,0.96768
2009/10/17,2009,10,17,0.724032,1.44288,2.19456,0.2731104,0.5871744,0.96768
2009/10/18,2009,10,18,0.727488,1.43424,2.17728,0.2592,0.5749056,0.96768
2009/10/19,2009,10,19,0.76464,1.41696,2.09952,0.2391552,0.5627232,0.9504
2009/10/20,2009,10,20,0.819072,1.39968,2.06496,0.2219616,0.5553792,0.94176
2009/10/21,2009,10,21,0.88992,1.39104,1.99584,0.20736,0.5504544,0.94176
2009/10/22,2009,10,22,0.88992,1.3824,1.95264,0.2031264,0.5138208,0.94176
2009/10/23,2009,10,23,0.88128,1.36512,1.86624,0.2146176,0.472176,0.94176
2009/10/24,2009,10,24,0.88992,1.34784,1.75392,0.2208384,0.4550688,0.92448
2009/10/25,2009,10,25,0.89856,1.23552,1.65888,0.224208,0.4428,0.91584
2009/10/26,2009,10,26,0.91584,1.17504,1.5984,,0.4306176,0.89856
2009/10/27,2009,10,27,0.92448,1.13184,1.54656,,0.4183488,0.864
2009/10/28,2009,10,28,0.92448,1.08,1.512,,0.4036608,0.832032
2009/10/29,2009,10,29,0.9072,1.02816,1.35648,,0.3938976,0.818208
2009/10/30,2009,10,30,0.91584,0.97632,1.17504,,0.3816288,0.81648
2009/10/31,2009,10,31,0.92448,0.9504,0.862272,,0.3547584,0.784512
2009/11/1,2009,11,1,0.91584,0.92448,0.91584,,0.3424896,0.763776
2009/11/2,2009,11,2,0.91584,0.9072,0.819936,,0.3303072,0.74304
2009/11/3,2009,11,3,0.88992,0.93312,0.73872,,0.320544,0.71712
2009/11/4,2009,11,4,0.87264,1.0368,0.698112,,0.3106944,0.6912
2009/11/5,2009,11,5,0.804384,1.20096,0.6696,,0.3009312,0.6696
2009/11/6,2009,11,6,0.775008,1.23552,0.637632,,0.2935872,0.648
2009/11/7,2009,11,7,0.762048,1.30464,0.614304,,0.291168,0.6264
2009/11/8,2009,11,8,0.737856,1.28736,0.602208,,0.291168,0.6048
2009/11/9,2009,11,9,0.711936,1.24416,0.584064,,0.291168,0.58752
2009/11/10,2009,11,10,0.65232,1.21824,0.564192,,0.2886624,0.57456
2009/11/11,2009,11,11,0.598752,1.18368,0.55296,,0.2862432,0.5616
2009/11/12,2009,11,12,0.550368,1.14912,0.520992,,0.283824,0.54864
2009/11/13,2009,11,13,0.499392,1.14912,0.497664,,0.2788992,0.52704
2009/11/14,2009,11,14,0.463968,1.11456,0.476928,,0.2739744,0.51408
2009/11/15,2009,11,15,0.43632,1.07136,0.458784,,0.2667168,0.50112
2009/11/16,2009,11,16,0.412128,1.05408,0.446688,,0.2593728,0.48816
2009/11/17,2009,11,17,0.391392,1.02816,0.433728,0.1178496,0.2520288,0.472608
2009/11/18,2009,11,18,0.387072,1.01088,0.422496,0.112752,0.2446848,0.4536
2009/11/19,2009,11,19,0.3888,1.00224,0.41472,0.11664,0.23976,0.43632
2009/11/20,2009,11,20,0.390528,0.9936,0.400896,0.1204416,0.2373408,0.422496
2009/11/21,2009,11,21,0.392256,0.98496,0.3888,0.1241568,0.2348352,0.409536
2009/11/22,2009,11,22,0.393984,0.96768,0.38016,0.1253664,0.232416,0.400032
2009/11/23,2009,11,23,0.396576,0.97632,0.369792,0.1238112,0.2299968,0.398304
2009/11/24,2009,11,24,0.398304,0.95904,0.359424,0.12312,0.2274912,0.40176
2009/11/25,2009,11,25,0.400032,0.96768,0.343008,0.1178496,0.225072,0.404352
2009/11/26,2009,11,26,0.402624,0.96768,0.32832,0.120528,0.2226528,0.408672
2009/11/27,2009,11,27,0.403488,0.95904,0.311904,0.1091232,0.2202336,0.41472
2009/11/28,2009,11,28,0.405216,0.96768,0.304128,0.1061856,0.217728,0.42336
2009/11/29,2009,11,29,0.406944,0.95904,0.29808,0.106272,0.2153088,0.432
2009/11/30,2009,11,30,0.408672,0.97632,0.28944,0.1063584,0.2128896,0.434592
2009/12/1,2009,12,1,0.4104,0.96768,0.300672,0.1035936,0.210384,0.430272
2009/12/2,2009,12,2,0.412128,0.96768,0.311904,0.1009152,0.2079648,0.417312
2009/12/3,2009,12,3,0.41472,0.97632,0.324,0.0981504,0.2055456,0.399168
2009/12/4,2009,12,4,0.416448,0.96768,0.335232,0.0955584,0.2055456,0.381024
2009/12/5,2009,12,5,0.418176,0.97632,0.346464,0.09288,0.20304,0.36288
2009/12/6,2009,12,6,0.419904,0.97632,0.357696,0.090288,0.20304,0.349056
2009/12/7,2009,12,7,0.421632,0.95904,0.369792,0.087696,0.2006208,0.343872
2009/12/8,2009,12,8,0.41904,0.96768,0.381024,0.085104,0.2006208,0.344736
2009/12/9,2009,12,9,0.416448,0.96768,0.392256,0.0825984,0.1982016,0.353376
2009/12/10,2009,12,10,0.41472,0.9504,0.396576,0.0800928,0.1982016,0.3672
2009/12/11,2009,12,11,0.412128,0.9504,0.400032,0.0805248,0.195696,0.381024
2009/12/12,2009,12,12,0.409536,0.94176,0.404352,0.0806976,0.195696,0.387936
2009/12/13,2009,12,13,0.406944,0.92448,0.408672,0.0818208,0.1932768,0.387072
2009/12/14,2009,12,14,0.405216,0.9072,0.412128,0.0795744,0.1908576,0.379296
2009/12/15,2009,12,15,0.402624,0.9072,0.416448,0.07776,0.188352,0.366336
2009/12/16,2009,12,16,0.400032,0.9072,0.420768,0.0758592,0.1859328,0.350784
2009/12/17,2009,12,17,0.39744,0.9072,0.424224,0.0740448,0.1859328,0.336096
2009/12/18,2009,12,18,0.394848,0.88992,0.428544,0.0729216,0.1835136,0.326592
2009/12/19,2009,12,19,0.39312,0.88992,0.429408,0.0714528,0.1835136,0.324864
2009/12/20,2009,12,20,0.390528,0.88992,0.431136,0.0705888,0.181008,0.333504
2009/12/21,2009,12,21,0.387936,0.89856,0.432,0.0697248,0.181008,0.347328
2009/12/22,2009,12,22,0.387072,0.9072,0.433728,0.0688608,0.1785888,0.36288
2009/12/23,2009,12,23,0.386208,0.9072,0.434592,0.0679104,0.1785888,0.378432
2009/12/24,2009,12,24,0.385344,0.88992,0.43632,0.0670464,0.1785888,0.391392
2009/12/25,2009,12,25,0.38448,0.89856,0.437184,0.0661824,0.1761696,0.40176
2009/12/26,2009,12,26,0.383616,0.89856,0.438912,0.0653184,0.1761696,0.406944
2009/12/27,2009,12,27,0.382752,0.89856,0.439776,0.0644544,0.173664,0.4104
2009/12/28,2009,12,28,0.381888,0.89856,0.441504,0.0635904,0.173664,0.41472
2009/12/29,2009,12,29,0.381024,0.89856,0.442368,0.0627264,0.1712448,0.419904
2009/12/30,2009,12,30,0.38016,0.88992,0.444096,0.0618624,0.1712448,0.42336
2009/12/31,2009,12,31,0.379296,0.88992,0.44496,0.0609984,0.1688256,0.425952
2010/1/1,2010,1,1,0.378432,0.88128,0.447552,0.0593568,0.1688256,0.429408
2010/1/2,2010,1,2,0.377568,0.87264,0.450144,0.0578016,0.1664064,0.432864
2010/1/3,2010,1,3,0.376704,0.864,0.452736,0.05616,0.1651104,0.438912
2010/1/4,2010,1,4,0.37584,0.85104,0.455328,0.0555552,0.1651104,0.441504
2010/1/5,2010,1,5,0.374976,0.84672,0.45792,0.0533088,0.1651104,0.443232
2010/1/6,2010,1,6,0.374112,0.83808,0.460512,0.0521856,0.1651104,0.443232
2010/1/7,2010,1,7,0.374112,0.83376,0.463104,0.0502848,0.1639008,0.444096
2010/1/8,2010,1,8,0.373248,0.82944,0.465696,0.0489024,0.1639008,0.444096
2010/1/9,2010,1,9,0.372384,0.82512,0.468288,0.0477792,0.1639008,0.441504
2010/1/10,2010,1,10,0.37152,0.82512,0.45792,0.0478656,0.1626912,0.44064
2010/1/11,2010,1,11,0.370656,0.8208,0.448416,0.046224,0.1626912,0.438912
2010/1/12,2010,1,12,0.369792,0.8208,0.438048,0.0457056,0.1614816,0.43632
2010/1/13,2010,1,13,0.368928,0.8208,0.42768,0.044928,0.1614816,0.433728
2010/1/14,2010,1,14,0.368064,0.8208,0.418176,0.0451872,0.160272,0.431136
2010/1/15,2010,1,15,0.3672,0.8208,0.407808,0.0444096,0.160272,0.429408
2010/1/16,2010,1,16,0.366336,0.82512,0.40608,0.0438912,0.1590624,0.42768
2010/1/17,2010,1,17,0.365472,0.82512,0.405216,0.0428544,0.1590624,0.425952
2010/1/18,2010,1,18,0.364608,0.82944,0.403488,0.042336,0.1565568,0.424224
2010/1/19,2010,1,19,0.363744,0.82944,0.40176,0.041904,0.1565568,0.42336
2010/1/20,2010,1,20,0.36288,0.82944,0.400032,0.0416448,0.1541376,0.421632
2010/1/21,2010,1,21,0.362016,0.82944,0.399168,0.0413856,0.1541376,0.420768
2010/1/22,2010,1,22,0.361152,0.82944,0.39744,0.040608,0.1517184,0.419904
2010/1/23,2010,1,23,0.360288,0.82944,0.395712,0.0404352,0.1517184,0.418176
2010/1/24,2010,1,24,0.359424,0.82944,0.394848,0.0406944,0.1492128,0.416448
2010/1/25,2010,1,25,0.35856,0.82944,0.39312,0.0404352,0.1492128,0.415584
2010/1/26,2010,1,26,0.357696,0.82944,0.391392,0.0394848,0.1480032,0.41472
2010/1/27,2010,1,27,0.356832,0.83376,0.389664,0.0392256,0.1467936,0.413856
2010/1/28,2010,1,28,0.355968,0.83376,0.387936,0.0387936,0.145584,0.412992
2010/1/29,2010,1,29,0.355968,0.83808,0.387072,0.0385344,0.1443744,0.412128
2010/1/30,2010,1,30,0.355968,0.8424,0.381024,0.0382752,0.1431648,0.411264
2010/1/31,2010,1,31,0.355968,0.85104,0.37584,0.037584,0.1418688,0.4104
2010/2/1,2010,2,1,0.355104,0.85536,0.369792,0.0373248,0.1406592,0.409536
2010/2/2,2010,2,2,0.355104,0.864,0.363744,0.037584,0.1394496,0.408672
2010/2/3,2010,2,3,0.35424,0.87264,0.35856,0.0374112,0.13824,0.407808
2010/2/4,2010,2,4,0.355104,0.87264,0.352512,0.03672,0.13824,0.406944
2010/2/5,2010,2,5,0.352512,0.87264,0.346464,0.0362016,0.13824,0.40608
2010/2/6,2010,2,6,0.34992,0.864,0.340416,0.03672,0.1370304,0.405216
2010/2/7,2010,2,7,0.347328,0.864,0.335232,0.0364608,0.1370304,0.404352
2010/2/8,2010,2,8,0.3456,0.864,0.329184,0.0362016,0.1358208,0.403488
2010/2/9,2010,2,9,0.343008,0.864,0.324,0.0355104,0.1358208,0.402624
2010/2/10,2010,2,10,0.340416,0.864,0.31968,0.0350784,0.1345248,0.400896
2010/2/11,2010,2,11,0.337824,0.85968,0.314496,0.0347328,0.1345248,0.400032
2010/2/12,2010,2,12,0.335232,0.85968,0.309312,0.0343872,0.1345248,0.400032
2010/2/13,2010,2,13,0.33264,0.85536,0.304992,0.0339552,0.1333152,0.398304
2010/2/14,2010,2,14,0.330912,0.85536,0.299808,0.0336096,0.1333152,0.39744
2010/2/15,2010,2,15,0.32832,0.85536,0.294624,0.033264,0.1333152,0.39744
2010/2/16,2010,2,16,0.325728,0.85104,0.290304,0.0329184,0.1321056,0.39744
2010/2/17,2010,2,17,0.323136,0.85104,0.28512,0.0325728,0.130896,0.39744
2010/2/18,2010,2,18,0.320544,0.84672,0.282528,0.0322272,0.130896,0.395712
2010/2/19,2010,2,19,0.317952,0.84672,0.279936,0.0317952,0.1296864,0.394848
2010/2/20,2010,2,20,0.31536,0.84672,0.277344,0.0314496,0.1296864,0.393984
2010/2/21,2010,2,21,0.313632,0.8424,0.274752,0.031104,0.1284768,0.393984
2010/2/22,2010,2,22,0.31104,0.8424,0.27216,0.030672,0.1284768,0.393984
2010/2/23,2010,2,23,0.308448,0.83808,0.269568,0.0296352,0.1271808,0.39312
2010/2/24,2010,2,24,0.305856,0.83808,0.266976,0.0281664,0.1271808,0.392256
2010/2/25,2010,2,25,0.303264,0.83808,0.264384,0.0275616,0.1247616,0.391392
2010/2/26,2010,2,26,0.300672,0.83808,0.261792,0.0271296,0.123552,0.390528
2010/2/27,2010,2,27,0.29808,0.8424,0.2592,0.0271296,0.1223424,0.390528
2010/2/28,2010,2,28,0.296352,0.8424,0.25488,0.0271296,0.1199232,0.389664
2010/3/1,2010,3,1,0.29376,0.8424,0.25056,0.0271296,0.1186272,0.389664
2010/3/2,2010,3,2,0.291168,0.8424,0.24624,0.0271296,0.1186272,0.3888
2010/3/3,2010,3,3,0.288576,0.8424,0.24192,0.027216,0.1174176,0.387072
2010/3/4,2010,3,4,0.287712,0.8424,0.238464,0.027216,0.116208,0.38448
2010/3/5,2010,3,5,0.286848,0.8424,0.23328,0.0273024,0.116208,0.381888
2010/3/6,2010,3,6,0.285984,0.84672,0.229824,0.0273024,0.1149984,0.38016
2010/3/7,2010,3,7,0.28512,0.8424,0.22464,0.0273888,0.1149984,0.38016
2010/3/8,2010,3,8,0.284256,0.83808,0.221184,0.0273888,0.1137888,0.38016
2010/3/9,2010,3,9,0.283392,0.83808,0.216864,0.0274752,0.1137888,0.379296
2010/3/10,2010,3,10,0.282528,0.83808,0.215136,0.027648,0.1125792,0.379296
2010/3/11,2010,3,11,0.281664,0.83376,0.212544,0.0282528,0.1125792,0.379296
2010/3/12,2010,3,12,0.2808,0.83376,0.210816,0.0284256,0.1112832,0.379296
2010/3/13,2010,3,13,0.279936,0.82944,0.208224,0.0290304,0.1112832,0.38016
2010/3/14,2010,3,14,0.279072,0.82944,0.206496,0.029376,0.1100736,0.381024
2010/3/15,2010,3,15,0.278208,0.82944,0.204768,0.0297216,0.1100736,0.38016
2010/3/16,2010,3,16,0.277344,0.82512,0.202176,0.0301536,0.1100736,0.38016
2010/3/17,2010,3,17,0.27648,0.8208,0.200448,0.0300672,0.1100736,0.38016
2010/3/18,2010,3,18,0.275616,0.8208,0.197856,0.0304992,0.108864,0.379296
2010/3/19,2010,3,19,0.274752,0.81648,0.196128,0.0304128,0.108864,0.378432
2010/3/20,2010,3,20,0.273888,0.81216,0.193536,0.0310176,0.108864,0.377568
2010/3/21,2010,3,21,0.273024,0.81216,0.19008,0.0310176,0.108864,0.377568
2010/3/22,2010,3,22,0.271296,0.81216,0.187488,0.0309312,0.1076544,0.376704
2010/3/23,2010,3,23,0.270432,0.80784,0.184896,0.031104,0.1076544,0.377568
2010/3/24,2010,3,24,0.269568,0.80784,0.182304,0.0317088,0.1076544,0.377568
2010/3/25,2010,3,25,0.268704,0.80784,0.178848,0.0317088,0.1076544,0.378432
2010/3/26,2010,3,26,0.266976,0.80352,0.176256,0.0318816,0.1064448,0.377568
2010/3/27,2010,3,27,0.266112,0.80352,0.1728,0.0324,0.1064448,0.378432
2010/3/28,2010,3,28,0.265248,0.80352,0.171072,0.0322272,0.1064448,0.379296
2010/3/29,2010,3,29,0.264384,0.80784,0.167616,0.0330048,0.1064448,0.381024
2010/3/30,2010,3,30,0.26352,0.80784,0.165024,0.0330912,0.1064448,0.382752
2010/3/31,2010,3,31,0.261792,0.80352,0.163296,0.033696,0.1064448,0.382752
2010/4/1,2010,4,1,0.260928,0.80352,0.161568,,0.1052352,0.383616
2010/4/2,2010,4,2,0.266112,0.80352,0.15984,,0.1052352,0.38448
2010/4/3,2010,4,3,0.271296,0.80352,0.158112,,0.1052352,0.385344
2010/4/4,2010,4,4,0.27648,0.7992,0.157248,,0.1052352,0.385344
2010/4/5,2010,4,5,0.281664,0.7992,0.154656,,0.1052352,0.385344
2010/4/6,2010,4,6,0.286848,0.7992,0.153792,,0.1039392,0.385344
2010/4/7,2010,4,7,0.292032,0.7992,0.152064,,0.1039392,0.387072
2010/4/8,2010,4,8,0.297216,0.7992,0.150336,,0.1039392,0.387072
2010/4/9,2010,4,9,0.3024,0.79488,0.148608,,0.1039392,0.387936
2010/4/10,2010,4,10,0.307584,0.79488,0.147744,,0.1039392,0.3888
2010/4/11,2010,4,11,0.312768,0.79488,0.146016,,0.1039392,0.3888
2010/4/12,2010,4,12,0.317952,0.79056,0.145152,,0.1039392,0.3888
2010/4/13,2010,4,13,0.323136,0.79056,0.143424,,0.1027296,0.3888
2010/4/14,2010,4,14,0.32832,0.78624,0.14256,,0.1027296,0.386208
2010/4/15,2010,4,15,0.333504,0.78624,0.140832,,0.1027296,0.387072
2010/4/16,2010,4,16,0.338688,0.78624,0.139968,,0.1027296,0.386208
2010/4/17,2010,4,17,0.343872,0.78192,0.13824,,0.1039392,0.387072
2010/4/18,2010,4,18,0.349056,0.7776,0.137376,,0.1039392,0.3888
2010/4/19,2010,4,19,0.35424,0.7776,0.135648,,0.1039392,0.390528
2010/4/20,2010,4,20,0.359424,0.77328,0.134784,,0.1052352,0.392256
2010/4/21,2010,4,21,0.364608,0.77328,0.134784,,0.1052352,0.394848
2010/4/22,2010,4,22,0.369792,0.77328,0.13392,,0.1064448,0.394848
2010/4/23,2010,4,23,0.374976,0.7776,0.13392,,0.1064448,0.39744
2010/4/24,2010,4,24,0.38016,0.7776,0.133056,,0.1064448,0.406944
2010/4/25,2010,4,25,0.385344,0.7776,0.133056,,0.1076544,0.429408
2010/4/26,2010,4,26,0.390528,0.7776,0.132192,,0.1076544,0.47088
2010/4/27,2010,4,27,0.395712,0.7776,0.132192,,0.108864,0.54
2010/4/28,2010,4,28,0.419904,0.7776,0.131328,,0.1100736,0.636768
2010/4/29,2010,4,29,0.435456,0.78192,0.131328,0.0426816,0.1125792,0.755136
2010/4/30,2010,4,30,0.446688,0.78192,0.130464,0.0433728,0.1149984,0.9072
2010/5/1,2010,5,1,0.456192,0.78624,0.1296,0.0428544,0.1199232,1.02816
2010/5/2,2010,5,2,0.4752,0.78624,0.128736,0.0422496,0.1296864,1.13184
2010/5/3,2010,5,3,0.49248,0.78624,0.128736,0.0416448,0.1467936,1.20096
2010/5/4,2010,5,4,0.540864,0.79056,0.127872,0.04104,0.1688256,1.24416
2010/5/5,2010,5,5,0.579744,0.79488,0.127008,0.0405216,0.195696,1.27008
2010/5/6,2010,5,6,0.634176,0.80352,0.127008,0.0399168,0.2373408,1.31328
2010/5/7,2010,5,7,0.702432,0.832896,0.126144,0.039312,0.2886624,1.35648
2010/5/8,2010,5,8,0.794016,0.841536,0.12528,0.0387936,0.3449952,1.3824
2010/5/9,2010,5,9,0.857952,0.864,0.12528,0.0381888,0.3963168,1.39968
2010/5/10,2010,5,10,0.95904,0.88992,0.124416,0.0377568,0.4526496,1.4256
2010/5/11,2010,5,11,1.04544,0.91584,0.123552,0.034992,0.508896,1.45152
2010/5/12,2010,5,12,1.15776,0.97632,0.122688,0.0357696,0.5627232,1.48608
2010/5/13,2010,5,13,1.296,1.01952,0.122688,0.0370656,0.6238944,1.53792
2010/5/14,2010,5,14,1.41696,1.10592,0.121824,0.0370656,0.6850656,1.62432
2010/5/15,2010,5,15,1.53792,1.27008,0.143424,0.0377568,0.7462368,1.65888
2010/5/16,2010,5,16,1.71072,1.35648,0.171072,0.0431136,0.8195904,1.728
2010/5/17,2010,5,17,1.8576,1.4688,0.226368,0.04536,0.8636544,1.8576
2010/5/18,2010,5,18,2.01312,1.62432,0.337824,0.0525312,0.8660736,1.9872
2010/5/19,2010,5,19,2.27232,1.74528,0.508896,0.0612576,0.8684928,2.09088
2010/5/20,2010,5,20,2.43648,1.83168,0.745632,0.0793152,0.8318592,2.05632
2010/5/21,2010,5,21,2.74752,1.90944,1.01088,0.098496,1.6391808,2.01312
2010/5/22,2010,5,22,3.03264,2.08224,1.27008,0.1756512,1.6514496,1.9008
2010/5/23,2010,5,23,3.12768,2.27232,1.58976,0.1824768,1.6269984,1.8144
2010/5/24,2010,5,24,3.09312,2.49696,1.90944,0.3493152,1.54872,1.6416
2010/5/25,2010,5,25,3.01536,2.73888,2.10816,0.508896,1.3920768,1.49472
2010/5/26,2010,5,26,2.86848,2.97216,2.28096,0.665712,1.2404448,1.43424
2010/5/27,2010,5,27,2.82528,3.08448,2.5488,1.190592,1.1229408,1.40832
2010/5/28,2010,5,28,2.7648,3.31776,2.92896,1.2153024,1.0422432,1.3824
2010/5/29,2010,5,29,2.69568,3.77568,6.98112,1.3512096,0.9834912,1.35648
2010/5/30,2010,5,30,2.62656,3.91392,7.9488,1.52928,0.944352,1.3392
2010/5/31,2010,5,31,2.60064,4.104,10.4544,1.52064,0.9174816,1.32192
2010/6/1,2010,6,1,2.592,4.60512,11.7504,1.512,0.9003744,1.30464
2010/6/2,2010,6,2,2.57472,5.66784,11.8368,1.4688,0.8881056,1.296
2010/6/3,2010,6,3,2.56608,6.97248,9.3312,1.44288,0.8831808,1.28736
2010/6/4,2010,6,4,2.51424,7.43904,8.9856,1.31328,0.8758368,1.28736
2010/6/5,2010,6,5,2.5056,8.06112,8.7264,1.23552,0.8684928,1.27872
2010/6/6,2010,6,6,2.49696,9.1584,8.45856,1.20096,0.8612352,1.26144
2010/6/7,2010,6,7,2.48832,9.2448,8.13888,1.0368,0.8538912,1.2528
2010/6/8,2010,6,8,2.47968,8.9856,7.69824,0.93312,0.8465472,1.24416
2010/6/9,2010,6,9,2.4624,8.8992,6.90336,0.91584,0.8366976,1.22688
2010/6/10,2010,6,10,2.44512,8.7264,6.16032,0.85536,0.8293536,1.22688
2010/6/11,2010,6,11,2.4192,8.61408,5.65056,0.789696,0.8171712,1.23552
2010/6/12,2010,6,12,2.38464,8.1648,5.184,0.769824,0.807408,1.26144
2010/6/13,2010,6,13,2.2896,7.58592,4.7952,0.731808,0.7951392,1.34784
2010/6/14,2010,6,14,2.26368,7.05024,4.63104,0.650592,0.7828704,1.41696
2010/6/15,2010,6,15,2.23776,6.6528,4.4496,0.628128,0.7804512,1.4256
2010/6/16,2010,6,16,2.22912,6.25536,4.29408,0.569376,0.778032,1.40832
2010/6/17,2010,6,17,2.21184,5.84064,4.16448,0.551232,0.7755264,1.37376
2010/6/18,2010,6,18,2.21184,5.5728,4.07808,0.520128,0.778032,1.33056
2010/6/19,2010,6,19,2.2032,5.33952,4.05216,0.490752,0.7828704,1.296
2010/6/20,2010,6,20,2.18592,5.0976,4.03488,0.48816,0.7877952,1.27008
2010/6/21,2010,6,21,2.22048,4.86432,4.02624,0.499392,0.7975584,1.2528
2010/6/22,2010,6,22,2.16864,4.68288,4.03488,0.515808,0.8024832,1.21824
2010/6/23,2010,6,23,2.16,4.50144,4.03488,0.520128,0.807408,1.20096
2010/6/24,2010,6,24,2.16,4.37184,3.9744,0.473472,0.8146656,1.17504
2010/6/25,2010,6,25,2.15136,4.1472,3.87072,0.412992,0.8171712,1.15776
2010/6/26,2010,6,26,2.13408,3.92256,3.74976,0.39744,0.8122464,1.14048
2010/6/27,2010,6,27,2.13408,3.68928,3.64608,0.391392,0.807408,1.13184
2010/6/28,2010,6,28,2.12544,3.49056,3.55104,0.3672,0.7951392,1.1232
2010/6/29,2010,6,29,2.1168,3.42144,3.48192,0.326592,0.7804512,1.1232
2010/6/30,2010,6,30,2.10816,3.24,3.4128,0.307584,0.7657632,1.11456
2010/7/1,2010,7,1,2.10816,3.17088,3.38688,0.304128,0.7584192,1.14912
2010/7/2,2010,7,2,2.08224,3.09312,3.38688,0.305856,0.748656,1.20096
2010/7/3,2010,7,3,2.06496,2.92032,3.44736,0.313632,0.7462368,1.27008
2010/7/4,2010,7,4,2.0736,2.8512,3.49056,0.336096,0.7462368,1.34784
2010/7/5,2010,7,5,2.06496,2.78208,3.52512,0.361152,0.7462368,1.43424
2010/7/6,2010,7,6,2.06496,2.69568,3.52512,0.39744,0.748656,1.52928
2010/7/7,2010,7,7,2.06496,2.592,3.4992,0.426816,0.7510752,1.62432
2010/7/8,2010,7,8,2.09952,2.48832,3.43872,0.424224,0.763344,1.66752
2010/7/9,2010,7,9,2.09952,2.38464,3.29184,0.446688,0.770688,1.65888
2010/7/10,2010,7,10,2.1168,2.30688,3.1968,0.424224,0.7828704,1.61568
2010/7/11,2010,7,11,2.1168,2.22048,3.1104,0.402624,0.7975584,1.57248
2010/7/12,2010,7,12,2.1168,2.18592,3.04992,0.38448,0.8171712,1.52928
2010/7/13,2010,7,13,2.09952,2.15136,3.00672,0.374112,0.8416224,1.4688
2010/7/14,2010,7,14,2.09952,2.09952,2.94624,0.359424,0.8660736,1.4256
2010/7/15,2010,7,15,2.0736,2.06496,2.88576,0.342144,0.8831808,1.36512
2010/7/16,2010,7,16,2.06496,2.02176,2.91168,0.31752,0.8978688,1.30464
2010/7/17,2010,7,17,2.05632,1.9872,2.99808,0.292896,0.9077184,1.2528
2010/7/18,2010,7,18,2.05632,1.95264,3.18816,0.268272,0.9199008,1.23552
2010/7/19,2010,7,19,2.03904,1.93536,3.3264,0.243648,0.9272448,1.22688
2010/7/20,2010,7,20,2.0304,1.90944,3.456,0.231552,0.9272448,1.23552
2010/7/21,2010,7,21,2.02176,1.88352,3.59424,0.213408,0.9248256,1.24416
2010/7/22,2010,7,22,2.00448,1.86624,3.68064,0.201312,0.92232,1.24416
2010/7/23,2010,7,23,2.00448,1.84032,3.8016,0.209952,0.92232,1.24416
2010/7/24,2010,7,24,2.00448,1.82304,3.85344,0.213408,0.9272448,1.2528
2010/7/25,2010,7,25,1.99584,1.82304,3.78432,0.187488,0.9395136,1.24416
2010/7/26,2010,7,26,1.9872,1.8144,3.72384,0.193536,0.9492768,1.23552
2010/7/27,2010,7,27,1.93536,1.79712,3.65472,0.180576,0.951696,1.21824
2010/7/28,2010,7,28,1.89216,1.77984,3.47328,0.173664,0.9566208,1.23552
2010/7/29,2010,7,29,1.87488,1.7712,3.26592,0.182304,0.9639648,1.27872
2010/7/30,2010,7,30,1.89216,1.76256,3.07584,0.183168,0.966384,1.31328
2010/7/31,2010,7,31,1.88352,1.76256,2.90304,0.174528,0.9615456,1.31328
2010/8/1,2010,8,1,1.9008,1.77984,2.7648,0.171936,0.9566208,1.296
2010/8/2,2010,8,2,1.9008,1.79712,2.60928,0.169344,0.9542016,1.2528
2010/8/3,2010,8,3,1.9008,1.78848,2.47104,0.153792,0.95904,1.22688
2010/8/4,2010,8,4,1.89216,1.78848,2.376,0.204768,0.9688032,1.20096
2010/8/5,2010,8,5,1.88352,1.76256,2.27232,0.193536,0.9786528,1.15776
2010/8/6,2010,8,6,1.87488,1.728,2.16,0.150336,0.99576,1.1232
2010/8/7,2010,8,7,1.86624,1.6848,2.0736,0.141696,1.0152864,1.09728
2010/8/8,2010,8,8,1.86624,1.6416,2.00448,0.153792,1.03248,1.07136
2010/8/9,2010,8,9,1.8576,1.62432,1.93536,0.158976,1.047168,1.0368
2010/8/10,2010,8,10,1.83168,1.5984,1.86624,0.158976,1.0593504,1.00224
2010/8/11,2010,8,11,1.82304,1.5552,1.83168,0.145152,1.0691136,0.98496
2010/8/12,2010,8,12,1.80576,1.52064,1.84896,0.146016,1.0740384,0.96768
2010/8/13,2010,8,13,1.79712,1.50336,1.944,0.146016,1.0764576,0.96768
2010/8/14,2010,8,14,1.78848,1.48608,2.05632,0.152064,1.0789632,1.01952
2010/8/15,2010,8,15,1.77984,1.4688,2.16864,0.152928,1.0642752,1.11456
2010/8/16,2010,8,16,1.7712,1.45152,2.2896,0.196992,1.054512,1.15776
2010/8/17,2010,8,17,1.76256,1.45152,2.40192,0.216864,1.0617696,1.18368
2010/8/18,2010,8,18,1.74528,1.46016,2.48832,0.24624,1.0716192,1.20096
2010/8/19,2010,8,19,1.71936,1.52064,2.52288,0.266976,1.0936512,1.20096
2010/8/20,2010,8,20,1.63296,1.58976,2.57472,0.25056,1.1254464,1.1664
2010/8/21,2010,8,21,1.5984,1.62432,2.57472,0.255744,1.1596608,1.14912
2010/8/22,2010,8,22,1.5552,1.65888,2.55744,0.260928,1.1939616,1.13184
2010/8/23,2010,8,23,1.52064,1.65024,2.49696,0.266112,1.2085632,1.09728
2010/8/24,2010,8,24,1.45152,1.65888,2.376,0.254016,1.2110688,1.09728
2010/8/25,2010,8,25,1.37376,1.65888,2.30688,0.258336,1.2037248,1.09728
2010/8/26,2010,8,26,1.32192,1.66752,2.16,0.256608,1.1866176,1.08864
2010/8/27,2010,8,27,1.27008,1.6848,2.06496,0.216864,1.1670048,1.08
2010/8/28,2010,8,28,1.21824,1.69344,1.9872,0.254016,1.1449728,1.06272
2010/8/29,2010,8,29,1.13184,1.70208,1.92672,0.311904,1.1229408,1.06272
2010/8/30,2010,8,30,1.08864,1.728,1.84896,0.359424,1.1034144,1.06272
2010/8/31,2010,8,31,1.02816,1.77984,1.83168,0.3888,1.0936512,1.07136
2010/9/1,2010,9,1,0.97632,1.87488,1.89216,0.424224,1.0863072,1.08
2010/9/2,2010,9,2,0.94176,1.99584,1.944,0.53568,1.0813824,1.11456
2010/9/3,2010,9,3,0.92448,2.12544,1.95264,0.609984,1.0838016,1.14912
2010/9/4,2010,9,4,0.89856,2.2464,1.91808,0.67824,1.0863072,1.15776
2010/9/5,2010,9,5,0.88128,2.2464,1.88352,0.739584,1.0838016,1.15776
2010/9/6,2010,9,6,0.864,2.23776,1.90944,0.752544,1.0716192,1.14912
2010/9/7,2010,9,7,0.840672,2.2032,1.97856,0.767232,1.0642752,1.14048
2010/9/8,2010,9,8,0.836352,2.16864,2.08224,0.73008,1.0617696,1.1232
2010/9/9,2010,9,9,0.840672,2.14272,2.19456,0.671328,1.0569312,1.10592
2010/9/10,2010,9,10,0.79488,2.09088,2.28096,0.603072,1.0422432,1.10592
2010/9/11,2010,9,11,0.819936,2.03904,2.34144,0.566784,1.025136,1.1232
2010/9/12,2010,9,12,0.844992,2.00448,2.40192,0.546912,1.0080288,1.14048
2010/9/13,2010,9,13,0.89856,1.96992,2.45376,0.524448,0.9859968,1.17504
2010/9/14,2010,9,14,0.95904,1.944,2.48832,0.513216,0.9688032,1.19232
2010/9/15,2010,9,15,0.98496,1.93536,2.52288,0.513216,0.9542016,1.17504
2010/9/16,2010,9,16,0.95904,1.93536,2.48832,0.513216,0.9395136,1.14912
2010/9/17,2010,9,17,0.89856,1.92672,2.45376,0.508896,0.92232,1.1232
2010/9/18,2010,9,18,0.819936,1.95264,2.43648,0.533088,0.9077184,1.09728
2010/9/19,2010,9,19,0.789696,1.9872,2.42784,0.565056,0.8954496,1.05408
2010/9/20,2010,9,20,0.788832,2.01312,2.40192,0.648864,0.8856864,1.0368
2010/9/21,2010,9,21,0.78624,2.03904,2.35008,0.852768,0.8758368,1.0368
2010/9/22,2010,9,22,0.785376,2.02176,2.30688,0.88992,0.8660736,1.0368
2010/9/23,2010,9,23,0.782784,2.00448,2.27232,0.9072,0.8563104,1.02816
2010/9/24,2010,9,24,0.78192,1.96992,2.22912,0.98496,0.8513856,1.01088
2010/9/25,2010,9,25,0.779328,1.93536,2.18592,1.01088,0.8465472,0.98496
2010/9/26,2010,9,26,0.78624,1.86624,2.14272,0.9936,0.8318592,0.97632
2010/9/27,2010,9,27,0.781056,1.84896,2.09088,0.97632,0.8098272,0.95904
2010/9/28,2010,9,28,0.781056,1.82304,2.04768,0.94176,0.7951392,0.93312
2010/9/29,2010,9,29,0.779328,1.77984,1.9872,0.91584,0.778032,0.91584
2010/9/30,2010,9,30,0.7776,1.728,1.93536,0.88128,0.7584192,0.9072
2010/10/1,2010,10,1,0.776736,1.67616,1.86624,0.864,0.7315488,0.89856
2010/10/2,2010,10,2,0.776736,1.65024,1.80576,0.839808,0.6997536,0.88128
2010/10/3,2010,10,3,0.782784,1.62432,1.75392,0.814752,0.6727968,0.864
2010/10/4,2010,10,4,0.787968,1.61568,1.728,0.784512,0.6532704,0.856224
2010/10/5,2010,10,5,0.78624,1.60704,1.71936,0.714528,0.6312384,0.844128
2010/10/6,2010,10,6,0.785376,1.60704,1.71072,0.68256,0.6067872,0.845856
2010/10/7,2010,10,7,0.785376,1.62432,1.70208,0.644544,0.5822496,0.831168
2010/10/8,2010,10,8,0.783648,1.66752,1.66752,0.616896,0.560304,0.823392
2010/10/9,2010,10,9,0.782784,1.71072,1.60704,0.549504,0.5406912,0.823392
2010/10/10,2010,10,10,0.782784,1.73664,1.53792,0.495072,0.5260032,0.841536
2010/10/11,2010,10,11,0.78624,1.76256,1.47744,0.47088,0.5113152,0.854496
2010/10/12,2010,10,12,0.791424,1.77984,1.41696,0.438048,0.4917888,0.827712
2010/10/13,2010,10,13,0.791424,1.77984,1.35648,0.3894912,0.472176,0.792288
2010/10/14,2010,10,14,0.79056,1.73664,1.32192,0.352512,0.457488,0.770688
2010/10/15,2010,10,15,0.791424,1.70208,1.2528,0.3394656,0.4453056,0.767232
2010/10/16,2010,10,16,0.789696,1.65888,1.17504,0.3193344,0.4306176,0.759456
2010/10/17,2010,10,17,0.787968,1.6416,1.1664,0.3004992,0.4183488,0.759456
2010/10/18,2010,10,18,0.78624,1.62432,1.11456,0.2822688,0.4061664,0.767232
2010/10/19,2010,10,19,0.784512,1.58976,0.96768,0.2726784,0.3938976,0.767232
2010/10/20,2010,10,20,0.782784,1.5552,0.56592,0.2562624,0.3841344,0.76464
2010/10/21,2010,10,21,0.782784,1.53792,0.61344,0.2528064,0.3767904,0.76464
2010/10/22,2010,10,22,0.78192,1.52064,0.5832,0.2340576,0.3718656,0.762048
2010/10/23,2010,10,23,0.78192,1.50336,0.573696,,0.3645216,0.758592
2010/10/24,2010,10,24,0.783648,1.49472,0.589248,,0.3571776,0.754272
2010/10/25,2010,10,25,0.782784,1.4688,0.578016,,0.3449952,0.748224
2010/10/26,2010,10,26,0.782784,1.45152,0.556416,,0.3327264,0.7344
2010/10/27,2010,10,27,0.78192,1.44288,0.527904,,0.320544,0.72576
2010/10/28,2010,10,28,0.780192,1.43424,0.497664,,0.3180384,0.71712
2010/10/29,2010,10,29,0.778464,1.41696,0.482112,,0.320544,0.70848
2010/10/30,2010,10,30,0.776736,1.3824,0.461376,,0.3229632,0.69984
2010/10/31,2010,10,31,0.775872,1.34784,0.44064,,0.3180384,0.6912
2010/11/1,2010,11,1,0.775872,1.33056,0.426816,,0.3082752,0.68256
2010/11/2,2010,11,2,0.775872,1.28736,0.413856,,0.291168,0.67392
2010/11/3,2010,11,3,0.776736,1.2528,0.400032,,0.2739744,0.66528
2010/11/4,2010,11,4,0.776736,1.14912,0.386208,,0.254448,0.65664
2010/11/5,2010,11,5,0.775872,1.11456,0.373248,,0.2373408,0.648
2010/11/6,2010,11,6,0.775872,1.05408,0.359424,,0.225072,0.63936
2010/11/7,2010,11,7,0.775872,1.01952,0.3456,,0.2153088,0.634176
2010/11/8,2010,11,8,0.775872,0.9936,0.331776,,0.2055456,0.616032
2010/11/9,2010,11,9,0.776736,0.97632,0.318816,,0.2006208,0.590112
2010/11/10,2010,11,10,0.787968,0.9504,0.304992,,0.195696,0.575424
2010/11/11,2010,11,11,0.832896,0.93312,0.304128,,0.1932768,0.571968
2010/11/12,2010,11,12,0.837216,0.91584,0.303264,,0.1908576,0.575424
2010/11/13,2010,11,13,0.802656,0.89856,0.3024,,0.188352,0.569376
2010/11/14,2010,11,14,0.79488,0.89856,0.301536,,0.1859328,0.554688
2010/11/15,2010,11,15,0.811296,0.89856,0.299808,,0.1835136,0.53568
2010/11/16,2010,11,16,0.839808,0.89856,0.298944,,0.181008,0.52272
2010/11/17,2010,11,17,0.85968,0.88992,0.29808,,0.1785888,0.516672
2010/11/18,2010,11,18,0.89856,0.89856,0.297216,,0.1761696,0.508032
2010/11/19,2010,11,19,0.96768,0.92448,0.296352,,0.173664,0.489888
2010/11/20,2010,11,20,1.0368,0.94176,0.290304,,0.1712448,0.463104
2010/11/21,2010,11,21,0.91584,0.96768,0.28512,0.038448,0.1712448,0.424224
2010/11/22,2010,11,22,0.81648,1.01088,0.279072,0.0400896,0.1712448,0.382752
2010/11/23,2010,11,23,0.736992,1.07136,0.273024,,0.173664,0.353376
2010/11/24,2010,11,24,0.650592,1.08,0.26784,,0.1761696,0.337824
2010/11/25,2010,11,25,0.636768,1.04544,0.261792,,0.1785888,0.331776
2010/11/26,2010,11,26,0.628992,1.01952,0.255744,,0.1785888,0.327456
2010/11/27,2010,11,27,0.620352,0.9936,0.249696,,0.181008,0.323136
2010/11/28,2010,11,28,0.611712,0.96768,0.244512,,0.181008,0.314496
2010/11/29,2010,11,29,0.595296,0.9504,0.238464,,0.181008,0.300672
2010/11/30,2010,11,30,0.585792,0.92448,0.242784,,0.1785888,0.284256
2010/12/1,2010,12,1,0.582336,0.89856,0.256608,,0.173664,0.266112
2010/12/2,2010,12,2,0.573696,0.89856,0.266112,,0.1688256,0.249696
2010/12/3,2010,12,3,0.543456,0.87264,0.274752,,0.1639008,0.235872
2010/12/4,2010,12,4,0.523584,0.862272,0.284256,,0.1614816,0.228096
2010/12/5,2010,12,5,0.512352,0.832032,0.29376,,0.160272,0.22032
2010/12/6,2010,12,6,0.502848,0.827712,0.3024,,0.160272,0.216
2010/12/7,2010,12,7,0.493344,0.80352,0.311904,,0.1590624,0.20736
2010/12/8,2010,12,8,0.486432,0.793152,0.320544,,0.1590624,0.19872
2010/12/9,2010,12,9,0.481248,0.783648,0.330048,,0.1590624,0.196128
2010/12/10,2010,12,10,0.482976,0.76032,0.336096,,0.1577664,0.1944
2010/12/11,2010,12,11,0.48384,0.76032,0.342144,,0.1577664,0.196128
2010/12/12,2010,12,12,0.485568,0.756,0.349056,,0.1577664,0.200448
2010/12/13,2010,12,13,0.486432,0.736992,0.355104,,0.1565568,0.205632
2010/12/14,2010,12,14,0.48816,0.732672,0.361152,,0.1565568,0.216
2010/12/15,2010,12,15,0.489888,0.727488,0.3672,,0.1565568,0.232416
2010/12/16,2010,12,16,0.490752,0.714528,0.373248,,0.1553472,0.25488
2010/12/17,2010,12,17,0.49248,0.710208,0.379296,,0.1553472,0.278208
2010/12/18,2010,12,18,0.493344,0.705024,0.386208,,0.1553472,0.29808
2010/12/19,2010,12,19,0.495072,0.705024,0.392256,0.0324,0.1541376,0.316224
2010/12/20,2010,12,20,0.4968,0.700704,0.398304,0.0322272,0.1541376,0.327456
2010/12/21,2010,12,21,0.497664,0.687744,0.389664,0.0303264,0.1541376,0.335232
2010/12/22,2010,12,22,0.499392,0.687744,0.381024,0.0321408,0.1541376,0.338688
2010/12/23,2010,12,23,0.500256,0.692064,0.372384,0.0342144,0.152928,0.348192
2010/12/24,2010,12,24,0.501984,0.696384,0.363744,0.0298944,0.152928,0.357696
2010/12/25,2010,12,25,0.499392,0.700704,0.355104,0.029376,0.152928,0.363744
2010/12/26,2010,12,26,0.4968,0.696384,0.3456,0.0317952,0.1517184,0.365472
2010/12/27,2010,12,27,0.494208,0.705024,0.33696,0.0298944,0.1517184,0.366336
2010/12/28,2010,12,28,0.49248,0.713664,0.32832,0.0284256,0.1517184,0.365472
2010/12/29,2010,12,29,0.489888,0.713664,0.31968,0.02376,0.1504224,0.363744
2010/12/30,2010,12,30,0.487296,0.717984,0.31104,0.0252288,0.1504224,0.36288
2010/12/31,2010,12,31,0.484704,0.722304,0.3024,0.0235008,0.1504224,0.362016
2011/1/1,2011,1,1,0.482112,0.7128,0.298944,0.0249696,0.1492128,0.362016
2011/1/2,2011,1,2,0.47952,0.72144,0.295488,0.0193536,0.1492128,0.360288
2011/1/3,2011,1,3,0.477792,0.72576,0.292032,0.0192672,0.1492128,0.359424
2011/1/4,2011,1,4,0.4752,0.73008,0.288576,0.0184032,0.1467936,0.35856
2011/1/5,2011,1,5,0.472608,0.74304,0.285984,0.0204768,0.1467936,0.359424
2011/1/6,2011,1,6,0.470016,0.76896,0.282528,0.021168,0.1467936,0.360288
2011/1/7,2011,1,7,0.467424,0.7992,0.279072,0.0217728,0.145584,0.362016
2011/1/8,2011,1,8,0.464832,0.81216,0.275616,0.0210816,0.145584,0.36288
2011/1/9,2011,1,9,0.463104,0.82512,0.27216,0.0212544,0.145584,0.36288
2011/1/10,2011,1,10,0.460512,0.83376,0.273024,0.0244512,0.1443744,0.365472
2011/1/11,2011,1,11,0.45792,0.82944,0.273888,0.0268704,0.1443744,0.365472
2011/1/12,2011,1,12,0.455328,0.82944,0.274752,0.0288576,0.1443744,0.365472
2011/1/13,2011,1,13,0.457056,0.83808,0.275616,0.0297216,0.1431648,0.365472
2011/1/14,2011,1,14,0.458784,0.83808,0.277344,0.0284256,0.1431648,0.364608
2011/1/15,2011,1,15,0.461376,0.84672,0.278208,0.0292032,0.1431648,0.36288
2011/1/16,2011,1,16,0.463104,0.8424,0.279072,0.0279072,0.1418688,0.362016
2011/1/17,2011,1,17,0.464832,0.83808,0.279936,0.0262656,0.1418688,0.360288
2011/1/18,2011,1,18,0.46656,0.82944,0.2808,0.0249696,0.1418688,0.360288
2011/1/19,2011,1,19,0.469152,0.82944,0.281664,0.0240192,0.1406592,0.360288
2011/1/20,2011,1,20,0.47088,0.82944,0.282528,0.0238464,0.1406592,0.362016
2011/1/21,2011,1,21,0.472608,0.82944,0.283392,0.0235872,0.1406592,0.36288
2011/1/22,2011,1,22,0.474336,0.82512,0.284256,0.0232416,0.1394496,0.36288
2011/1/23,2011,1,23,0.476928,0.82512,0.28512,0.0242784,0.1394496,0.361152
2011/1/24,2011,1,24,0.478656,0.8208,0.285984,0.0251424,0.1394496,0.360288
2011/1/25,2011,1,25,0.480384,0.8208,0.285984,0.0252288,0.13824,0.35856
2011/1/26,2011,1,26,0.47952,0.81648,0.286848,0.0251424,0.13824,0.355968
2011/1/27,2011,1,27,0.477792,0.81648,0.287712,0.0252288,0.13824,0.353376
2011/1/28,2011,1,28,0.476928,0.81648,0.288576,0.0269568,0.1370304,0.34992
2011/1/29,2011,1,29,0.476064,0.81648,0.28944,0.0290304,0.1370304,0.3456
2011/1/30,2011,1,30,0.4752,0.81648,0.290304,0.0307584,0.1370304,0.34128
2011/1/31,2011,1,31,0.473472,0.81648,0.291168,0.0321408,0.1358208,0.337824
2011/2/1,2011,2,1,0.472608,0.8208,0.287712,0.0287712,0.1358208,0.333504
2011/2/2,2011,2,2,0.471744,0.81648,0.284256,0.0275616,0.1358208,0.334368
2011/2/3,2011,2,3,0.470016,0.81216,0.2808,0.021168,0.1345248,0.334368
2011/2/4,2011,2,4,0.469152,0.81216,0.277344,0.0193536,0.1345248,0.333504
2011/2/5,2011,2,5,0.468288,0.81216,0.274752,0.018576,0.1345248,0.331776
2011/2/6,2011,2,6,0.46656,0.81216,0.271296,0.0176256,0.1333152,0.330048
2011/2/7,2011,2,7,0.465696,0.80784,0.26784,0.0178848,0.1333152,0.330048
2011/2/8,2011,2,8,0.464832,0.80352,0.264384,0.0176256,0.1333152,0.330912
2011/2/9,2011,2,9,0.463104,0.7992,0.260928,0.0170208,0.1321056,0.330048
2011/2/10,2011,2,10,0.461376,0.7992,0.258336,0.018576,0.1321056,0.333504
2011/2/11,2011,2,11,0.459648,0.79488,0.256608,0.018576,0.1321056,0.335232
2011/2/12,2011,2,12,0.45792,0.79488,0.254016,0.0178848,0.130896,0.337824
2011/2/13,2011,2,13,0.456192,0.79056,0.252288,0.0188352,0.130896,0.337824
2011/2/14,2011,2,14,0.454464,0.79056,0.249696,0.0188352,0.130896,0.337824
2011/2/15,2011,2,15,0.452736,0.78624,0.247104,0.0196128,0.1296864,0.337824
2011/2/16,2011,2,16,0.451008,0.78624,0.245376,0.0188352,0.1296864,0.338688
2011/2/17,2011,2,17,0.44928,0.78192,0.242784,0.0178848,0.1296864,0.338688
2011/2/18,2011,2,18,0.448416,0.78192,0.241056,0.0171072,0.1284768,0.337824
2011/2/19,2011,2,19,0.446688,0.7776,0.238464,0.0173664,0.1284768,0.336096
2011/2/20,2011,2,20,0.44496,0.7776,0.235008,0.016848,0.1284768,0.336096
2011/2/21,2011,2,21,0.443232,0.7776,0.230688,0.0178848,0.1271808,0.334368
2011/2/22,2011,2,22,0.441504,0.77328,0.227232,0.018576,0.1271808,0.333504
2011/2/23,2011,2,23,0.439776,0.77328,0.223776,0.0196128,0.1271808,0.330912
2011/2/24,2011,2,24,0.438048,0.77328,0.219456,0.0188352,0.1259712,0.327456
2011/2/25,2011,2,25,0.43632,0.76464,0.216,0.0183168,0.1259712,0.327456
2011/2/26,2011,2,26,0.434592,0.76032,0.212544,0.0136512,0.1259712,0.333504
2011/2/27,2011,2,27,0.432864,0.756,0.208224,0.0147744,0.1247616,0.33696
2011/2/28,2011,2,28,0.431136,0.75168,0.204768,0.0157248,0.1247616,0.33696
2011/3/1,2011,3,1,0.421632,0.74736,0.20304,0.015984,0.1247616,0.336096
2011/3/2,2011,3,2,0.412992,0.74304,0.201312,0.0156384,0.123552,0.335232
2011/3/3,2011,3,3,0.403488,0.73872,0.199584,0.0147744,0.123552,0.334368
2011/3/4,2011,3,4,0.393984,0.73872,0.197856,0.0137376,0.123552,0.33264
2011/3/5,2011,3,5,0.392256,0.7344,0.195264,0.0135648,0.1223424,0.32832
2011/3/6,2011,3,6,0.390528,0.73008,0.193536,0.0139968,0.1223424,0.323136
2011/3/7,2011,3,7,0.387936,0.72576,0.191808,0.0128736,0.1223424,0.320544
2011/3/8,2011,3,8,0.386208,0.72144,0.19008,0.013392,0.1211328,0.317088
2011/3/9,2011,3,9,0.38448,0.72144,0.188352,0.0141696,0.1211328,0.314496
2011/3/10,2011,3,10,0.382752,0.71712,0.188352,0.0144288,0.1211328,0.312768
2011/3/11,2011,3,11,0.381024,0.7128,0.187488,0.0147744,0.1199232,0.309312
2011/3/12,2011,3,12,0.378432,0.70848,0.187488,0.015552,0.1199232,0.305856
2011/3/13,2011,3,13,0.376704,0.70416,0.186624,0.0165024,0.1199232,0.3024
2011/3/14,2011,3,14,0.374976,0.69984,0.186624,0.0152064,0.1186272,0.299808
2011/3/15,2011,3,15,0.373248,0.69984,0.186624,0.0146016,0.1186272,0.296352
2011/3/16,2011,3,16,0.370656,0.69984,0.18576,0.014688,0.1186272,0.295488
2011/3/17,2011,3,17,0.368928,0.69984,0.18576,0.0144288,0.1186272,0.296352
2011/3/18,2011,3,18,0.3672,0.69552,0.184896,0.014256,0.1186272,0.295488
2011/3/19,2011,3,19,0.365472,0.69552,0.184896,0.0139104,0.1174176,0.297216
2011/3/20,2011,3,20,0.363744,0.69552,0.18144,0.0132192,0.1174176,0.294624
2011/3/21,2011,3,21,0.361152,0.69552,0.178848,0.0127872,0.1174176,0.294624
2011/3/22,2011,3,22,0.359424,0.69552,0.175392,0.0137376,0.1174176,0.292032
2011/3/23,2011,3,23,0.357696,0.69552,0.171936,0.0152064,0.1174176,0.290304
2011/3/24,2011,3,24,0.359424,0.6912,0.16848,0.0156384,0.1174176,0.28944
2011/3/25,2011,3,25,0.360288,0.6912,0.165888,0.0170208,0.1174176,0.287712
2011/3/26,2011,3,26,0.362016,0.6912,0.162432,0.0177984,0.1174176,0.285984
2011/3/27,2011,3,27,0.363744,0.6912,0.158976,0.0177984,0.116208,0.28512
2011/3/28,2011,3,28,0.364608,0.6912,0.15552,0.0169344,0.116208,0.281664
2011/3/29,2011,3,29,0.366336,0.68688,0.152928,0.0145152,0.116208,0.279072
2011/3/30,2011,3,30,0.368064,0.68688,0.149472,0.0157248,0.116208,0.277344
2011/3/31,2011,3,31,0.368928,0.68688,0.149472,0.0143424,0.116208,0.275616
2011/4/1,2011,4,1,0.370656,0.68688,0.148608,0.0141696,0.116208,0.273024
2011/4/2,2011,4,2,0.372384,0.68688,0.148608,0.0141696,0.116208,0.271296
2011/4/3,2011,4,3,0.373248,0.68688,0.147744,0.0141696,0.116208,0.269568
2011/4/4,2011,4,4,0.374976,0.68688,0.147744,0.0141696,0.116208,0.268704
2011/4/5,2011,4,5,0.387936,0.68688,0.14688,0.0141696,0.116208,0.270432
2011/4/6,2011,4,6,0.40176,0.68688,0.14688,0.0141696,0.116208,0.271296
2011/4/7,2011,4,7,0.41472,0.68688,0.146016,0.0141696,0.116208,0.269568
2011/4/8,2011,4,8,0.428544,0.68688,0.146016,0.0141696,0.1149984,0.270432
2011/4/9,2011,4,9,0.441504,0.68688,0.145152,0.0141696,0.1149984,0.27216
2011/4/10,2011,4,10,0.455328,0.68256,0.144288,0.0141696,0.1149984,0.27216
2011/4/11,2011,4,11,0.468288,0.68256,0.143424,0.0141696,0.1149984,0.273888
2011/4/12,2011,4,12,0.482112,0.68256,0.14256,0.0141696,0.1149984,0.273888
2011/4/13,2011,4,13,0.495072,0.68256,0.141696,0.0141696,0.1149984,0.27648
2011/4/14,2011,4,14,0.508896,0.68256,0.141696,0.0141696,0.1149984,0.279072
2011/4/15,2011,4,15,0.521856,0.68256,0.140832,0.0141696,0.1149984,0.279936
2011/4/16,2011,4,16,0.53568,0.68256,0.139968,0.0141696,0.1149984,0.284256
2011/4/17,2011,4,17,0.54864,0.68256,0.139104,0.0141696,0.1149984,0.285984
2011/4/18,2011,4,18,0.562464,0.68256,0.13824,0.0141696,0.1149984,0.292032
2011/4/19,2011,4,19,0.575424,0.68688,0.137376,0.0140832,0.1149984,0.297216
2011/4/20,2011,4,20,0.589248,0.68688,0.136512,0.0140832,0.1149984,0.300672
2011/4/21,2011,4,21,0.602208,0.68688,0.134784,0.0140832,0.1149984,0.30672
2011/4/22,2011,4,22,0.6696,0.6912,0.13392,0.0140832,0.1149984,0.312768
2011/4/23,2011,4,23,0.726624,0.6912,0.132192,0.0140832,0.1149984,0.317952
2011/4/24,2011,4,24,0.819072,0.69552,0.131328,0.0140832,0.1149984,0.324
2011/4/25,2011,4,25,0.88992,0.70848,0.1296,0.0140832,0.116208,0.329184
2011/4/26,2011,4,26,0.97632,0.740448,0.128736,0.0140832,0.1186272,0.33264
2011/4/27,2011,4,27,1.0368,0.784512,0.127008,0.0140832,0.1223424,0.334368
2011/4/28,2011,4,28,1.11456,0.88128,0.126144,0.0140832,0.1321056,0.330912
2011/4/29,2011,4,29,1.1664,0.98496,0.124416,0.0140832,0.1467936,0.325728
2011/4/30,2011,4,30,1.23552,1.20096,0.127008,0.015552,0.1664064,0.318816
2011/5/1,2011,5,1,1.3392,1.47744,0.1296,0.014256,0.1785888,0.314496
2011/5/2,2011,5,2,1.41696,1.82304,0.133056,0.0145152,0.2006208,0.313632
2011/5/3,2011,5,3,1.49472,2.13408,0.135648,0.0132192,0.2274912,0.316224
2011/5/4,2011,5,4,1.58976,2.5488,0.13824,0.013392,0.2446848,0.321408
2011/5/5,2011,5,5,1.67616,3.70656,0.140832,0.0130464,0.269136,0.329184
2011/5/6,2011,5,6,1.76256,4.20768,0.143424,0.0143424,0.3009312,0.33696
2011/5/7,2011,5,7,1.89216,4.99392,0.146016,0.013392,0.3424896,0.346464
2011/5/8,2011,5,8,2.01312,5.73696,0.149472,0.0141696,0.3718656,0.355968
2011/5/9,2011,5,9,2.16864,6.67872,0.152064,0.0137376,0.4110048,0.366336
2011/5/10,2011,5,10,2.31552,7.49088,0.154656,0.0135648,0.4526496,0.38016
2011/5/11,2011,5,11,2.5056,8.01792,0.163296,0.0135648,0.501552,0.39744
2011/5/12,2011,5,12,2.69568,9.072,0.171936,0.0157248,0.5627232,0.402624
2011/5/13,2011,5,13,2.8944,10.1952,0.180576,0.015984,0.6360768,0.402624
2011/5/14,2011,5,14,3.10176,10.368,0.19008,0.0178848,0.697248,0.42336
2011/5/15,2011,5,15,3.20544,10.368,0.19872,0.0177984,0.7584192,0.470016
2011/5/16,2011,5,16,3.23136,10.4544,0.20736,0.0193536,0.8318592,0.54
2011/5/17,2011,5,17,3.2832,10.2816,0.249696,0.0200448,0.8930304,0.649728
2011/5/18,2011,5,18,3.30912,10.1952,0.291168,0.0234144,0.9786528,0.806976
2011/5/19,2011,5,19,3.31776,10.0224,0.333504,0.0247968,1.1009952,1.0368
2011/5/20,2011,5,20,3.24,9.936,0.374976,0.0286848,1.2232512,1.37376
2011/5/21,2011,5,21,3.25728,9.3312,0.485568,0.0342144,1.2697344,1.52064
2011/5/22,2011,5,22,3.23136,8.7264,0.732672,0.037584,1.294272,1.71072
2011/5/23,2011,5,23,3.1968,8.64,1.26144,0.0498528,1.301616,2.2032
2011/5/24,2011,5,24,3.16224,8.64,2.18592,0.063072,1.2991104,2.40192
2011/5/25,2011,5,25,3.12768,8.58816,4.1472,0.079056,1.286928,2.4624
2011/5/26,2011,5,26,3.1104,8.2944,6.2208,0.2359584,1.2697344,2.42784
2011/5/27,2011,5,27,3.08448,7.7328,9.3312,0.1185408,1.2477888,2.35008
2011/5/28,2011,5,28,3.04992,7.19712,8.64,0.1259712,1.23552,2.27232
2011/5/29,2011,5,29,3.04128,6.88608,8.36352,0.1639872,1.2477888,2.19456
2011/5/30,2011,5,30,3.024,6.77376,7.9056,0.1895616,1.2917664,2.14272
2011/5/31,2011,5,31,3.00672,6.67008,7.63776,0.2914272,1.3554432,2.09088
2011/6/1,2011,6,1,2.97216,6.34176,7.00704,0.4824576,1.4116896,2.05632
2011/6/2,2011,6,2,2.95488,6.03936,6.37632,0.7558272,1.4655168,2.00448
2011/6/3,2011,6,3,2.9376,5.63328,5.79744,0.962064,1.512,1.96128
2011/6/4,2011,6,4,2.90304,5.36544,5.16672,1.353024,1.5241824,1.90944
2011/6/5,2011,6,5,2.87712,4.95936,4.6656,1.47744,1.54872,1.86624
2011/6/6,2011,6,6,2.84256,4.63104,4.22496,1.6339968,1.5731712,1.84032
2011/6/7,2011,6,7,2.79072,4.33728,3.92256,2.04768,1.5952032,1.80576
2011/6/8,2011,6,8,2.7648,4.05216,3.74976,2.2032,1.6025472,1.77984
2011/6/9,2011,6,9,2.7648,3.72384,3.4992,1.92672,1.5952032,1.728
2011/6/10,2011,6,10,2.74752,3.46464,3.4128,1.89216,1.5805152,1.66752
2011/6/11,2011,6,11,2.73024,3.26592,3.39552,1.86624,1.5388704,1.6416
2011/6/12,2011,6,12,2.7216,3.04128,3.43872,1.8576,1.482624,1.60704
2011/6/13,2011,6,13,2.69568,2.92032,3.52512,1.86624,1.4508288,1.57248
2011/6/14,2011,6,14,2.6784,2.7216,3.63744,1.8576,1.409184,1.52928
2011/6/15,2011,6,15,2.68704,2.57472,3.76704,1.78848,1.3823136,1.47744
2011/6/16,2011,6,16,2.6784,2.41056,3.90528,1.76256,1.3480992,1.43424
2011/6/17,2011,6,17,2.66976,2.23776,4.05216,1.7712,1.3137984,1.39968
2011/6/18,2011,6,18,2.65248,2.16864,4.13856,1.75392,1.279584,1.37376
2011/6/19,2011,6,19,2.6352,2.09952,4.08672,1.83168,1.2477888,1.36512
2011/6/20,2011,6,20,2.61792,2.0304,3.96576,1.83168,1.2159072,1.3824
2011/6/21,2011,6,21,2.592,1.88352,3.9312,1.82304,1.1890368,1.39104
2011/6/22,2011,6,22,2.592,1.74528,3.91392,1.84032,1.1523168,1.37376
2011/6/23,2011,6,23,2.57472,1.65024,3.888,1.77984,1.1229408,1.36512
2011/6/24,2011,6,24,2.592,1.60704,3.86208,1.74528,1.0936512,1.36512
2011/6/25,2011,6,25,2.57472,1.57248,3.87072,1.71936,1.0764576,1.37376
2011/6/26,2011,6,26,2.55744,1.54656,3.87072,1.62432,1.0593504,1.3824
2011/6/27,2011,6,27,2.54016,1.53792,3.86208,1.60704,1.03248,1.44288
2011/6/28,2011,6,28,2.53152,1.53792,3.8448,1.512,1.017792,1.5552
2011/6/29,2011,6,29,2.51424,1.52064,3.8016,1.4688,1.0055232,1.70208
2011/6/30,2011,6,30,2.47968,1.49472,3.73248,1.39968,0.99576,1.83168
2011/7/1,2011,7,1,2.45376,1.45152,3.61152,1.3824,0.9908352,1.90944
2011/7/2,2011,7,2,2.40192,1.4256,3.47328,1.33056,0.9981792,1.92672
2011/7/3,2011,7,3,2.38464,1.41696,3.3264,1.30464,1.025136,1.89216
2011/7/4,2011,7,4,2.35008,1.41696,3.18816,1.21824,1.0569312,1.83168
2011/7/5,2011,7,5,2.35008,1.43424,3.03264,1.18368,1.0887264,1.77984
2011/7/6,2011,7,6,2.32416,1.44288,2.91168,1.08864,1.1155968,1.74528
2011/7/7,2011,7,7,2.28096,1.47744,2.77344,1.06272,1.1474784,1.73664
2011/7/8,2011,7,8,2.23776,1.49472,2.66976,1.01952,1.1719296,1.728
2011/7/9,2011,7,9,2.22912,1.49472,2.592,0.9936,1.1890368,1.70208
2011/7/10,2011,7,10,2.21184,1.512,2.52288,0.96768,1.1988,1.65888
2011/7/11,2011,7,11,2.19456,1.56384,2.47104,0.9504,1.2037248,1.60704
2011/7/12,2011,7,12,2.17728,1.67616,2.43648,0.9072,1.206144,1.5552
2011/7/13,2011,7,13,2.16864,1.77984,2.42784,0.819936,1.2085632,1.49472
2011/7/14,2011,7,14,2.12544,1.80576,2.4624,0.802656,1.2110688,1.43424
2011/7/15,2011,7,15,2.06496,1.77984,2.54016,0.76464,1.2110688,1.37376
2011/7/16,2011,7,16,2.00448,1.76256,2.66112,0.73008,1.206144,1.34784
2011/7/17,2011,7,17,1.95264,1.74528,2.7648,0.696384,1.1988,1.35648
2011/7/18,2011,7,18,1.89216,1.74528,2.81664,0.63504,1.1866176,1.36512
2011/7/19,2011,7,19,1.83168,1.80576,2.87712,0.578016,1.1719296,1.35648
2011/7/20,2011,7,20,1.77984,1.8576,2.8512,0.54,1.1572416,1.36512
2011/7/21,2011,7,21,1.71936,1.84896,2.808,0.524448,1.1425536,1.3824
2011/7/22,2011,7,22,1.66752,1.8144,2.7648,0.517536,1.1254464,1.39104
2011/7/23,2011,7,23,1.61568,1.7712,2.68704,0.515808,1.1058336,1.3824
2011/7/24,2011,7,24,1.5552,1.74528,2.66112,0.52704,1.0911456,1.40832
2011/7/25,2011,7,25,1.48608,1.728,2.44512,0.54,1.0764576,1.46016
2011/7/26,2011,7,26,1.44288,1.71072,2.31552,0.542592,1.0666944,1.49472
2011/7/27,2011,7,27,1.40832,1.66752,2.17728,0.53136,1.0666944,1.50336
2011/7/28,2011,7,28,1.40832,1.61568,2.09088,0.517536,1.0716192,1.47744
2011/7/29,2011,7,29,1.35648,1.56384,2.01312,0.463968,1.0764576,1.44288
2011/7/30,2011,7,30,1.3392,1.52064,1.944,0.446688,1.0838016,1.41696
2011/7/31,2011,7,31,1.32192,1.49472,1.93536,0.428544,1.0887264,1.41696
2011/8/1,2011,8,1,1.31328,1.512,1.91808,0.461376,1.0960704,1.41696
2011/8/2,2011,8,2,1.296,1.61568,1.90944,0.524448,1.0984896,1.43424
2011/8/3,2011,8,3,1.27872,1.77984,1.84896,0.446688,1.0936512,1.43424
2011/8/4,2011,8,4,1.26144,1.86624,1.77984,0.428544,1.0838016,1.41696
2011/8/5,2011,8,5,1.24416,1.87488,1.69344,0.424224,1.0813824,1.37376
2011/8/6,2011,8,6,1.23552,1.8576,1.65024,0.411264,1.0813824,1.3392
2011/8/7,2011,8,7,1.2096,1.83168,1.6416,0.374112,1.0838016,1.30464
2011/8/8,2011,8,8,1.17504,1.8144,1.6848,0.361152,1.0813824,1.27008
2011/8/9,2011,8,9,1.15776,1.79712,1.70208,0.323136,1.0911456,1.2528
2011/8/10,2011,8,10,1.1232,1.77984,1.728,0.31968,1.1009952,1.24416
2011/8/11,2011,8,11,1.08864,1.76256,1.74528,0.311904,1.1131776,1.24416
2011/8/12,2011,8,12,1.05408,1.74528,1.80576,0.28512,1.1401344,1.23552
2011/8/13,2011,8,13,1.02816,1.71072,1.944,0.277344,1.1670048,1.21824
2011/8/14,2011,8,14,1.01952,1.71072,2.0736,0.266976,1.191456,1.2096
2011/8/15,2011,8,15,0.9936,1.74528,2.2032,0.255744,1.2110688,1.2096
2011/8/16,2011,8,16,0.9936,2.06496,2.3328,0.247968,1.2232512,1.19232
2011/8/17,2011,8,17,0.9936,2.34144,2.41056,0.239328,1.220832,1.20096
2011/8/18,2011,8,18,0.9936,2.28096,2.4624,0.225504,1.2110688,1.27872
2011/8/19,2011,8,19,1.01088,2.16,2.52288,0.225504,1.2013056,1.3824
2011/8/20,2011,8,20,1.04544,2.09952,2.56608,0.247968,1.1890368,1.44288
2011/8/21,2011,8,21,1.09728,2.03904,2.61792,0.245376,1.169424,1.44288
2011/8/22,2011,8,22,1.19232,1.92672,2.64384,0.255744,1.1498976,1.4256
2011/8/23,2011,8,23,1.23552,1.84896,2.68704,0.304128,1.1278656,1.39104
2011/8/24,2011,8,24,1.17504,1.78848,2.73024,0.468288,1.1155968,1.35648
2011/8/25,2011,8,25,1.14048,1.74528,2.6784,0.5065632,1.0984896,1.32192
2011/8/26,2011,8,26,1.1232,1.728,2.592,0.5449248,1.0863072,1.296
2011/8/27,2011,8,27,1.09728,1.73664,2.54016,0.5832,1.0789632,1.27008
2011/8/28,2011,8,28,1.08864,1.7712,2.49696,0.589248,1.0716192,1.2528
2011/8/29,2011,8,29,1.07136,1.8144,2.45376,0.625536,1.0617696,1.22688
2011/8/30,2011,8,30,1.0368,1.88352,2.41056,0.621216,1.0569312,1.2096
2011/8/31,2011,8,31,1.00224,1.95264,2.34144,0.614304,1.0569312,1.18368
2011/9/1,2011,9,1,0.97632,2.01312,2.2896,0.603072,1.0520064,1.1664
2011/9/2,2011,9,2,0.94176,2.0304,2.25504,0.584928,1.054512,1.14912
2011/9/3,2011,9,3,0.94176,2.03904,2.22912,0.573696,1.054512,1.14912
2011/9/4,2011,9,4,0.95904,2.03904,2.21184,0.558144,1.0495872,1.14912
2011/9/5,2011,9,5,0.96768,2.03904,2.16864,0.553824,1.047168,1.14912
2011/9/6,2011,9,6,0.97632,2.03904,2.1168,0.551232,1.047168,1.14912
2011/9/7,2011,9,7,0.96768,2.03904,2.0304,0.551232,1.0373184,1.13184
2011/9/8,2011,9,8,0.94176,2.03904,1.89216,0.566784,1.0202112,1.1232
2011/9/9,2011,9,9,0.9072,2.03904,1.7712,0.623808,0.9981792,1.11456
2011/9/10,2011,9,10,0.87264,2.0304,1.6848,0.653184,0.9786528,1.09728
2011/9/11,2011,9,11,0.844128,2.02176,1.6416,0.694656,0.95904,1.07136
2011/9/12,2011,9,12,0.82512,2.00448,1.62432,0.797472,0.944352,1.04544
2011/9/13,2011,9,13,0.819072,1.9872,1.58976,0.85968,0.9321696,1.0368
2011/9/14,2011,9,14,0.806112,1.96992,1.57248,0.88128,0.914976,1.02816
2011/9/15,2011,9,15,0.813024,1.95264,1.5984,0.88992,0.9027936,1.01952
2011/9/16,2011,9,16,0.819072,1.944,1.67616,0.91584,0.8856864,1.01088
2011/9/17,2011,9,17,0.800064,1.92672,1.74528,0.93312,0.8684928,1.00224
2011/9/18,2011,9,18,0.787968,1.90944,1.75392,0.95904,0.8538912,1.00224
2011/9/19,2011,9,19,0.76896,1.88352,1.82304,0.96768,0.8366976,1.00224
2011/9/20,2011,9,20,0.76896,1.84896,1.944,0.97632,0.8318592,1.01088
2011/9/21,2011,9,21,0.781056,1.80576,2.03904,0.94176,0.8220096,1.01088
2011/9/22,2011,9,22,0.94176,1.76256,2.18592,0.91584,0.8098272,1.02816
2011/9/23,2011,9,23,1.05408,1.71072,2.29824,0.85536,0.800064,1.01952
2011/9/24,2011,9,24,1.0368,1.66752,2.36736,0.817344,0.79272,1.01088
2011/9/25,2011,9,25,1.01088,1.63296,2.4192,0.767232,0.7902144,0.9936
2011/9/26,2011,9,26,0.98496,1.5984,2.4192,0.7344,0.7877952,0.98496
2011/9/27,2011,9,27,0.96768,1.56384,2.42784,0.698976,0.7902144,0.96768
2011/9/28,2011,9,28,0.95904,1.52928,2.40192,0.692064,0.79272,0.95904
2011/9/29,2011,9,29,0.95904,1.49472,2.34144,0.671328,0.7902144,0.94176
2011/9/30,2011,9,30,0.95904,1.46016,2.28096,0.648864,0.7902144,0.94176
2011/10/1,2011,10,1,0.9504,1.43424,2.2464,0.628128,0.7902144,0.94176
2011/10/2,2011,10,2,0.94176,1.40832,2.21184,0.614304,0.7828704,0.94176
2011/10/3,2011,10,3,0.94176,1.3824,2.18592,0.59184,0.7755264,0.93312
2011/10/4,2011,10,4,0.94176,1.36512,2.14272,0.468288,0.7681824,0.94176
2011/10/5,2011,10,5,0.97632,1.34784,2.09952,0.304128,0.7584192,0.94176
2011/10/6,2011,10,6,0.97632,1.33056,2.06496,0.255744,0.748656,0.93312
2011/10/7,2011,10,7,0.98496,1.32192,2.0304,0.23328,0.7315488,0.92448
2011/10/8,2011,10,8,0.98496,1.31328,2.00448,0.216864,0.7168608,0.91584
2011/10/9,2011,10,9,0.9936,1.30464,1.96128,0.208224,0.7021728,0.9072
2011/10/10,2011,10,10,0.9936,1.296,1.9008,0.196128,0.6874848,0.89856
2011/10/11,2011,10,11,0.9936,1.30464,1.84896,0.184032,0.6727968,0.88992
2011/10/12,2011,10,12,0.9936,1.30464,1.80576,0.176256,0.6532704,0.88992
2011/10/13,2011,10,13,1.00224,1.30464,1.73664,0.1759968,0.6385824,0.87264
2011/10/14,2011,10,14,0.97632,1.296,1.65024,0.1748736,0.6410016,0.864
2011/10/15,2011,10,15,0.9504,1.32192,1.5984,0.1737504,0.6287328,0.864
2011/10/16,2011,10,16,0.93312,1.36512,1.54656,0.1717632,0.6165504,0.857952
2011/10/17,2011,10,17,0.92448,1.39104,1.4688,0.168912,0.6042816,0.850176
2011/10/18,2011,10,18,0.89856,1.4256,1.41696,0.1661472,0.5945184,0.845856
2011/10/19,2011,10,19,0.87264,1.4688,1.31328,0.1617408,0.5798304,0.84672
2011/10/20,2011,10,20,0.87264,1.512,1.2096,0.1492128,0.5675616,0.837216
2011/10/21,2011,10,21,0.862272,1.5552,1.1232,0.140832,0.55296,0.827712
2011/10/22,2011,10,22,0.862272,1.58976,1.04544,0.132624,0.538272,0.821664
2011/10/23,2011,10,23,0.856224,1.60704,0.98496,0.1316736,0.523584,0.815616
2011/10/24,2011,10,24,0.850176,1.60704,0.96768,0.1276128,0.508896,0.811296
2011/10/25,2011,10,25,0.87264,1.5984,0.88128,0.1263168,0.4917888,0.797472
2011/10/26,2011,10,26,0.92448,1.58112,0.813888,0.1250208,0.4697568,0.798336
2011/10/27,2011,10,27,0.94176,1.44288,0.830304,0.1238112,0.4453056,0.789696
2011/10/28,2011,10,28,0.87264,1.36512,0.763776,0.1225152,0.428112,0.763776
2011/10/29,2011,10,29,0.850176,1.28736,0.668736,0.1212192,0.4159296,0.733536
2011/10/30,2011,10,30,0.806112,1.21824,0.610848,0.1200096,0.4036608,0.705024
2011/10/31,2011,10,31,0.763776,1.14912,0.572832,0.1187136,0.3914784,0.677376
2011/11/1,2011,11,1,0.753408,1.08,0.53568,0.117504,0.3816288,0.649728
2011/11/2,2011,11,2,0.750816,1.02816,0.506304,0.1375488,0.3718656,0.623808
2011/11/3,2011,11,3,0.759456,0.96768,0.495072,0.1335744,0.3645216,0.598752
2011/11/4,2011,11,4,0.740448,0.91584,0.504576,0.1156896,0.3596832,0.573696
2011/11/5,2011,11,5,0.743904,0.864,0.513216,0.1001376,0.3547584,0.550368
2011/11/6,2011,11,6,0.76032,0.834624,0.52272,0.09072,0.3474144,0.52704
2011/11/7,2011,11,7,0.757728,0.810432,0.53136,0.0849312,0.3400704,0.482112
2011/11/8,2011,11,8,0.749952,0.8208,0.540864,0.078624,0.3327264,0.452736
2011/11/9,2011,11,9,0.724896,0.853632,0.549504,0.075168,0.3253824,0.438048
2011/11/10,2011,11,10,0.686016,0.92448,0.545184,0.0710208,0.3132,0.412128
2011/11/11,2011,11,11,0.668736,0.98496,0.540864,0.0698112,0.3033504,0.382752
2011/11/12,2011,11,12,0.66096,0.95904,0.536544,0.0685152,0.3009312,0.360288
2011/11/13,2011,11,13,0.649728,0.95904,0.532224,0.0673056,0.2935872,0.333504
2011/11/14,2011,11,14,0.641952,0.94176,0.528768,0.0667872,0.283824,0.304992
2011/11/15,2011,11,15,0.63072,0.94176,0.524448,0.0668736,0.2739744,0.285984
2011/11/16,2011,11,16,0.619488,0.92448,0.520128,0.0636768,0.2667168,0.273888
2011/11/17,2011,11,17,0.594432,0.9072,0.515808,0.0624672,0.261792,0.265248
2011/11/18,2011,11,18,0.57456,0.88128,0.511488,0.0606528,0.2568672,0.260064
2011/11/19,2011,11,19,0.554688,0.87264,0.501984,0.0601344,0.247104,0.25488
2011/11/20,2011,11,20,0.53568,0.85104,0.491616,0.0590112,0.2348352,0.249696
2011/11/21,2011,11,21,0.525312,0.825984,0.482112,0.0573696,0.2274912,0.244512
2011/11/22,2011,11,22,0.525312,0.81648,0.472608,0.0564192,0.2202336,0.238464
2011/11/23,2011,11,23,0.514944,0.792288,0.463104,0.0541728,0.2153088,0.232416
2011/11/24,2011,11,24,0.507168,0.778464,0.452736,0.0532224,0.210384,0.227232
2011/11/25,2011,11,25,0.493344,0.755136,0.443232,0.0510624,0.2079648,0.227232
2011/11/26,2011,11,26,0.493344,0.745632,0.433728,0.0513216,0.2055456,0.231552
2011/11/27,2011,11,27,0.487296,0.722304,0.424224,0.0469152,0.20304,0.235008
2011/11/28,2011,11,28,0.502848,0.713664,0.413856,0.046656,0.2006208,0.238464
2011/11/29,2011,11,29,0.499392,0.709344,0.404352,0.0451872,0.1982016,0.24192
2011/11/30,2011,11,30,0.4968,0.700704,0.407808,0.0437184,0.195696,0.245376
2011/12/1,2011,12,1,0.493344,0.67824,0.412128,0.0428544,0.195696,0.256608
2011/12/2,2011,12,2,0.489888,0.67392,0.415584,0.0425088,0.1932768,0.265248
2011/12/3,2011,12,3,0.486432,0.6696,0.41904,0.0431136,0.1932768,0.266976
2011/12/4,2011,12,4,0.48384,0.66528,0.42336,0.0417312,0.1908576,0.266976
2011/12/5,2011,12,5,0.480384,0.66096,0.426816,0.0418176,0.1908576,0.268704
2011/12/6,2011,12,6,0.482112,0.65664,0.430272,0.0404352,0.188352,0.274752
2011/12/7,2011,12,7,0.48384,0.65664,0.433728,0.0399168,0.188352,0.281664
2011/12/8,2011,12,8,0.485568,0.65664,0.438048,0.0399168,0.188352,0.292032
2011/12/9,2011,12,9,0.487296,0.65664,0.441504,0.0376704,0.1859328,0.301536
2011/12/10,2011,12,10,0.489024,0.65664,0.44496,0.039312,0.1859328,0.31104
2011/12/11,2011,12,11,0.490752,0.65664,0.447552,0.0391392,0.1835136,0.320544
2011/12/12,2011,12,12,0.493344,0.65664,0.451008,0.048816,0.1835136,0.331776
2011/12/13,2011,12,13,0.495072,0.65664,0.4536,0.0551232,0.1835136,0.342144
2011/12/14,2011,12,14,0.4968,0.66096,0.457056,0.0559872,0.181008,0.350784
2011/12/15,2011,12,15,0.498528,0.66528,0.460512,0.0417312,0.181008,0.361152
2011/12/16,2011,12,16,0.500256,0.66528,0.463104,0.0387072,0.181008,0.374976
2011/12/17,2011,12,17,0.501984,0.66528,0.46656,0.0365472,0.1785888,0.3888
2011/12/18,2011,12,18,0.503712,0.6696,0.469152,0.0355104,0.1785888,0.399168
2011/12/19,2011,12,19,0.502848,0.6696,0.472608,0.03456,0.1785888,0.411264
2011/12/20,2011,12,20,0.502848,0.6696,0.468288,0.0342144,0.1761696,0.420768
2011/12/21,2011,12,21,0.501984,0.67392,0.463104,0.0339552,0.1761696,0.430272
2011/12/22,2011,12,22,0.50112,0.67392,0.458784,0.0336096,0.1761696,0.437184
2011/12/23,2011,12,23,0.50112,0.67392,0.4536,0.0333504,0.173664,0.442368
2011/12/24,2011,12,24,0.500256,0.67392,0.44928,0.0330048,0.173664,0.443232
2011/12/25,2011,12,25,0.499392,0.67824,0.444096,0.0327456,0.1712448,0.443232
2011/12/26,2011,12,26,0.499392,0.67824,0.439776,0.0324,0.1712448,0.44496
2011/12/27,2011,12,27,0.498528,0.68256,0.434592,0.0321408,0.1688256,0.444096
2011/12/28,2011,12,28,0.497664,0.68256,0.430272,0.0317952,0.1688256,0.441504
2011/12/29,2011,12,29,0.497664,0.68256,0.425088,0.031536,0.1688256,0.439776
2011/12/30,2011,12,30,0.4968,0.68256,0.420768,0.0311904,0.1664064,0.438912
2011/12/31,2011,12,31,0.4968,0.68256,0.415584,0.07776,0.1664064,0.438048
2012/1/1,2012,1,1,0.495936,0.68256,0.3171744,0.0238464,0.1664064,0.437184
2012/1/2,2012,1,2,0.495072,0.68688,0.31752,0.0236736,0.1639008,0.437184
2012/1/3,2012,1,3,0.495072,0.68688,0.317952,0.0231552,0.1639008,0.435456
2012/1/4,2012,1,4,0.494208,0.6912,0.3182976,0.0236736,0.1639008,0.433728
2012/1/5,2012,1,5,0.493344,0.69552,0.3186432,0.0247968,0.1614816,0.430272
2012/1/6,2012,1,6,0.493344,0.69984,0.3189888,0.02592,0.1614816,0.429408
2012/1/7,2012,1,7,0.49248,0.69984,0.3193344,0.027648,0.1614816,0.428544
2012/1/8,2012,1,8,0.491616,0.69984,0.3197664,0.0286848,0.1614816,0.429408
2012/1/9,2012,1,9,0.491616,0.69984,0.320112,0.0297216,0.1590624,0.428544
2012/1/10,2012,1,10,0.490752,0.69984,0.3210624,0.0292032,0.1590624,0.426816
2012/1/11,2012,1,11,0.487296,0.69552,0.3246912,0.0288576,0.1590624,0.424224
2012/1/12,2012,1,12,0.482976,0.6912,0.3284064,0.0285984,0.1590624,0.420768
2012/1/13,2012,1,13,0.47952,0.68688,0.3321216,0.0283392,0.1565568,0.417312
2012/1/14,2012,1,14,0.4752,0.68256,0.3357504,0.02808,0.1565568,0.412128
2012/1/15,2012,1,15,0.471744,0.68256,0.339552,0.0278208,0.1565568,0.406944
2012/1/16,2012,1,16,0.467424,0.68256,0.3432672,0.0274752,0.1565568,0.402624
2012/1/17,2012,1,17,0.463968,0.68256,0.3469824,0.027216,0.1541376,0.399168
2012/1/18,2012,1,18,0.460512,0.68256,0.350784,0.0269568,0.1541376,0.395712
2012/1/19,2012,1,19,0.456192,0.68256,0.3545856,0.0266976,0.1541376,0.392256
2012/1/20,2012,1,20,0.452736,0.67824,0.3556224,0.0264384,0.1541376,0.3888
2012/1/21,2012,1,21,0.448416,0.67824,0.3564,0.0114912,0.1517184,0.386208
2012/1/22,2012,1,22,0.44496,0.67392,0.3571776,0.0136512,0.1517184,0.38448
2012/1/23,2012,1,23,0.44064,0.6696,0.3579552,0.0119232,0.1517184,0.382752
2012/1/24,2012,1,24,0.437184,0.66528,0.3587328,0.0107136,0.1517184,0.381024
2012/1/25,2012,1,25,0.437184,0.66528,0.359424,0.0187488,0.1492128,0.38016
2012/1/26,2012,1,26,0.437184,0.66528,0.3602016,0.0879552,0.1492128,0.381024
2012/1/27,2012,1,27,0.437184,0.66096,0.3609792,0.08208,0.1492128,0.381024
2012/1/28,2012,1,28,0.437184,0.66096,0.3617568,0.080784,0.1492128,0.381888
2012/1/29,2012,1,29,0.43632,0.65664,0.3625344,0.0791424,0.1467936,0.383616
2012/1/30,2012,1,30,0.43632,0.65664,0.3632256,0.076464,0.1467936,0.383616
2012/1/31,2012,1,31,0.43632,0.65664,0.3579552,0.0218592,0.1467936,0.381024
2012/2/1,2012,2,1,0.43632,0.65232,0.3526848,0.0728352,0.1443744,0.378432
2012/2/2,2012,2,2,0.43632,0.65232,0.3505248,0.0694656,0.1443744,0.377568
2012/2/3,2012,2,3,0.434592,0.65232,0.345168,0.0663552,0.1443744,0.377568
2012/2/4,2012,2,4,0.432864,0.648,0.3429216,0.0646272,0.1443744,0.374112
2012/2/5,2012,2,5,0.431136,0.63936,0.3374784,0.061344,0.1418688,0.370656
2012/2/6,2012,2,6,0.430272,0.63504,0.335232,0.0186624,0.1418688,0.3672
2012/2/7,2012,2,7,0.428544,0.63504,0.3329856,0.0197856,0.1418688,0.364608
2012/2/8,2012,2,8,0.426816,0.63504,0.3307392,0.0212544,0.1418688,0.36288
2012/2/9,2012,2,9,0.425088,0.63504,0.3284064,0.0205632,0.1394496,0.360288
2012/2/10,2012,2,10,0.42336,0.63936,0.3293568,0.0186624,0.1394496,0.35856
2012/2/11,2012,2,11,0.421632,0.63936,0.3284064,0.0200448,0.1394496,0.355104
2012/2/12,2012,2,12,0.420768,0.63936,0.3275424,0.0216864,0.1394496,0.35424
2012/2/13,2012,2,13,0.41904,0.63936,0.326592,0.0229824,0.1370304,0.352512
2012/2/14,2012,2,14,0.417312,0.64368,0.3256416,0.02376,0.1370304,0.352512
2012/2/15,2012,2,15,0.415584,0.64368,0.3246912,0.0238464,0.1370304,0.350784
2012/2/16,2012,2,16,0.413856,0.64368,0.3237408,0.0235008,0.1370304,0.34992
2012/2/17,2012,2,17,0.412128,0.64368,0.322704,0.0228096,0.1345248,0.349056
2012/2/18,2012,2,18,0.4104,0.64368,0.3217536,0.0223776,0.1345248,0.349056
2012/2/19,2012,2,19,0.409536,0.648,0.3207168,0.0217728,0.1345248,0.347328
2012/2/20,2012,2,20,0.407808,0.648,0.319248,0.0214272,0.1345248,0.3456
2012/2/21,2012,2,21,0.40608,0.648,0.3176064,0.020736,0.1321056,0.343872
2012/2/22,2012,2,22,0.404352,0.648,0.3159648,0.0208224,0.1321056,0.343008
2012/2/23,2012,2,23,0.40176,0.65232,0.3143232,0.0199584,0.1321056,0.343008
2012/2/24,2012,2,24,0.399168,0.65232,0.3126816,0.0193536,0.1321056,0.34128
2012/2/25,2012,2,25,0.396576,0.65232,0.3109536,0.019008,0.1296864,0.34128
2012/2/26,2012,2,26,0.393984,0.65664,0.3092256,0.0186624,0.1296864,0.34128
2012/2/27,2012,2,27,0.391392,0.65664,0.3074976,0.0183168,0.1296864,0.34128
2012/2/28,2012,2,28,0.3888,0.66096,0.3057696,0.018144,0.1296864,0.34128
2012/2/29,2012,2,29,0.386208,0.66096,0.3052512,0.0171072,0.1271808,0.340416
2012/3/1,2012,3,1,0.383616,0.66528,0.3040416,0.0165888,0.1271808,0.338688
2012/3/2,2012,3,2,0.381024,0.66528,0.3027456,0.0153792,0.1271808,0.337824
2012/3/3,2012,3,3,0.377568,0.66528,0.3025728,0.0146016,0.1271808,0.337824
2012/3/4,2012,3,4,0.374976,0.66528,0.3024,0.01512,0.1247616,0.337824
2012/3/5,2012,3,5,0.372384,0.66528,0.3022272,0.0158112,0.1247616,0.337824
2012/3/6,2012,3,6,0.369792,0.66528,0.301968,0.0165024,0.1247616,0.33696
2012/3/7,2012,3,7,0.3672,0.66096,0.3017088,0.0171936,0.1247616,0.336096
2012/3/8,2012,3,8,0.364608,0.66096,0.3014496,0.0184032,0.1223424,0.335232
2012/3/9,2012,3,9,0.362016,0.65664,0.3011904,0.019008,0.1223424,0.333504
2012/3/10,2012,3,10,0.359424,0.65232,0.3018816,0.019872,0.1223424,0.33264
2012/3/11,2012,3,11,0.356832,0.65232,0.3020544,0.019008,0.1223424,0.330912
2012/3/12,2012,3,12,0.35424,0.648,0.3021408,0.0175392,0.1199232,0.329184
2012/3/13,2012,3,13,0.353376,0.64368,0.3022272,0.0165024,0.1199232,0.32832
2012/3/14,2012,3,14,0.352512,0.63936,0.3023136,0.0156384,0.1199232,0.32832
2012/3/15,2012,3,15,0.351648,0.63936,0.3024,0.016416,0.1199232,0.327456
2012/3/16,2012,3,16,0.350784,0.63936,0.3024,0.0170208,0.1199232,0.327456
2012/3/17,2012,3,17,0.34992,0.63936,0.3024,0.0171936,0.1174176,0.324864
2012/3/18,2012,3,18,0.349056,0.64368,0.3024,0.0174528,0.1174176,0.324
2012/3/19,2012,3,19,0.349056,0.63936,0.3024,0.0170208,0.1174176,0.323136
2012/3/20,2012,3,20,0.348192,0.63936,0.3017952,0.0175392,0.1174176,0.323136
2012/3/21,2012,3,21,0.347328,0.63936,0.302832,0.0175392,0.1174176,0.324
2012/3/22,2012,3,22,0.346464,0.63504,0.3037824,0.0173664,0.1149984,0.324
2012/3/23,2012,3,23,0.3456,0.63072,0.3048192,0.0169344,0.1149984,0.324
2012/3/24,2012,3,24,0.344736,0.6264,0.3057696,0.0166752,0.1149984,0.323136
2012/3/25,2012,3,25,0.343872,0.6264,0.30672,0.016848,0.1149984,0.323136
2012/3/26,2012,3,26,0.343008,0.62208,0.3076704,0.0170208,0.1149984,0.323136
2012/3/27,2012,3,27,0.342144,0.62208,0.3086208,0.0171936,0.1125792,0.323136
2012/3/28,2012,3,28,0.34128,0.62208,0.3095712,0.0170208,0.1125792,0.321408
2012/3/29,2012,3,29,0.339552,0.61776,0.3105216,0.0165888,0.1125792,0.321408
2012/3/30,2012,3,30,0.338688,0.61344,0.311472,0.0163296,0.1125792,0.318816
2012/3/31,2012,3,31,0.337824,0.60912,0.312336,0.0165888,0.1125792,0.317088
2012/4/1,2012,4,1,0.33696,0.60912,0.312768,0.0165024,0.1125792,0.316224
2012/4/2,2012,4,2,0.336096,0.6048,0.3119904,0.0171072,0.1100736,0.316224
2012/4/3,2012,4,3,0.335232,0.6048,0.3102624,0.0171072,0.1100736,0.317088
2012/4/4,2012,4,4,0.333504,0.6048,0.3081888,0.01728,0.1100736,0.317088
2012/4/5,2012,4,5,0.33264,0.60048,0.3076704,0.0166752,0.1100736,0.317088
2012/4/6,2012,4,6,0.331776,0.60048,0.3068064,0.0170208,0.1100736,0.317952
2012/4/7,2012,4,7,0.330912,0.60048,0.304992,0.0170208,0.1100736,0.31968
2012/4/8,2012,4,8,0.330048,0.60048,0.3040416,0.0165888,0.1100736,0.322272
2012/4/9,2012,4,9,0.32832,0.60048,0.3034368,0.0161568,0.1100736,0.327456
2012/4/10,2012,4,10,0.327456,0.60048,0.3024,0.0163296,0.1076544,0.330912
2012/4/11,2012,4,11,0.326592,0.6048,0.3016224,0.0165024,0.1076544,0.333504
2012/4/12,2012,4,12,0.34128,0.6048,0.3007584,0.0163296,0.1076544,0.336096
2012/4/13,2012,4,13,0.356832,0.6048,0.2999808,0.0163296,0.1076544,0.33696
2012/4/14,2012,4,14,0.37152,0.60912,0.2991168,0.0165024,0.1076544,0.337824
2012/4/15,2012,4,15,0.386208,0.60912,0.2983392,0.016848,0.1076544,0.336096
2012/4/16,2012,4,16,0.40176,0.60912,0.2974752,0.016848,0.1076544,0.335232
2012/4/17,2012,4,17,0.416448,0.60912,0.2966976,0.0162432,0.1076544,0.335232
2012/4/18,2012,4,18,0.431136,0.60912,0.2958336,0.016416,0.1100736,0.335232
2012/4/19,2012,4,19,0.446688,0.61344,0.295056,0.0167616,0.1125792,0.336096
2012/4/20,2012,4,20,0.461376,0.61344,0.295056,0.0163296,0.1149984,0.337824
2012/4/21,2012,4,21,0.476064,0.61776,0.2942784,0.0163296,0.1174176,0.339552
2012/4/22,2012,4,22,0.491616,0.62208,0.2934144,0.0161568,0.1199232,0.343872
2012/4/23,2012,4,23,0.506304,0.63072,0.2926368,0.0157248,0.1223424,0.349056
2012/4/24,2012,4,24,0.520992,0.63936,0.2917728,0.0160704,0.1247616,0.35424
2012/4/25,2012,4,25,0.536544,0.64368,0.2909952,0.0162432,0.1296864,0.360288
2012/4/26,2012,4,26,0.551232,0.648,0.2901312,0.0156384,0.1345248,0.366336
2012/4/27,2012,4,27,0.60048,0.65664,0.2893536,0.0160704,0.1418688,0.373248
2012/4/28,2012,4,28,0.6696,0.66096,0.2884896,0.015984,0.1492128,0.381024
2012/4/29,2012,4,29,0.73008,0.6696,0.287712,0.0158112,0.1590624,0.392256
2012/4/30,2012,4,30,0.798336,0.67824,0.287712,0.016416,0.1761696,0.405216
2012/5/1,2012,5,1,0.857088,0.68688,0.285552,0.016416,0.195696,0.412128
2012/5/2,2012,5,2,0.93312,0.69984,0.285552,0.0165024,0.2153088,0.413856
2012/5/3,2012,5,3,1.01952,0.7128,0.284256,0.0165888,0.2373408,0.416448
2012/5/4,2012,5,4,1.10592,0.71712,0.281664,0.0166752,0.2593728,0.418176
2012/5/5,2012,5,5,1.19232,0.740448,0.2808,0.0166752,0.2862432,0.41904
2012/5/6,2012,5,6,1.26144,0.753408,0.279504,0.0167616,0.3132,0.421632
2012/5/7,2012,5,7,1.33056,0.766368,0.276912,0.016848,0.3424896,0.432864
2012/5/8,2012,5,8,1.40832,0.780192,0.275616,0.0169344,0.3792096,0.45792
2012/5/9,2012,5,9,1.48608,0.793152,0.278208,0.0169344,0.4159296,0.497664
2012/5/10,2012,5,10,1.54656,0.817344,0.289008,0.0167616,0.464832,0.54432
2012/5/11,2012,5,11,1.58976,0.822528,0.308448,0.015984,0.5260032,0.59616
2012/5/12,2012,5,12,1.65888,0.851904,0.340848,0.0163296,0.5871744,0.650592
2012/5/13,2012,5,13,1.73664,0.88992,0.361584,0.0171936,0.6483456,0.72576
2012/5/14,2012,5,14,1.83168,1.01088,0.379728,0.0180576,0.7095168,0.835488
2012/5/15,2012,5,15,1.92672,1.15776,0.406512,0.0184032,0.7828704,0.95904
2012/5/16,2012,5,16,2.0304,1.71072,0.47952,0.018576,0.9052128,1.08864
2012/5/17,2012,5,17,2.15136,1.9872,0.6264,0.0189216,1.039824,1.26144
2012/5/18,2012,5,18,2.30688,2.15136,0.88128,0.01944,1.1743488,1.4256
2012/5/19,2012,5,19,2.376,2.39328,1.32192,0.0255744,1.27224,1.512
2012/5/20,2012,5,20,2.35872,2.38464,1.74096,0.0335232,1.3211424,1.65888
2012/5/21,2012,5,21,2.34144,3.43008,2.1722688,0.0559008,1.3994208,1.79712
2012/5/22,2012,5,22,2.32416,3.49056,2.4948,0.20736,1.4556672,1.97856
2012/5/23,2012,5,23,2.29824,3.64608,3.40416,0.4984416,1.467936,2.09952
2012/5/24,2012,5,24,2.26368,3.78432,5.91192,0.6996672,1.4508288,2.2464
2012/5/25,2012,5,25,2.23776,4.0176,7.5168,0.9802944,1.4508288,2.376
2012/5/26,2012,5,26,2.22048,4.4064,9.0288,1.1614752,1.431216,2.4624
2012/5/27,2012,5,27,2.2032,4.81248,8.2799712,1.4258592,1.4141088,2.5056
2012/5/28,2012,5,28,2.18592,5.20992,8.0136,2.0663424,1.3970016,2.5056
2012/5/29,2012,5,29,2.16864,5.82336,8.2367712,2.0736,1.3676256,2.47104
2012/5/30,2012,5,30,2.15136,6.58368,8.3628288,1.97856,1.3652064,2.39328
2012/5/31,2012,5,31,2.13408,7.18848,8.40672,1.87488,1.3798944,2.2896
2012/6/1,2012,6,1,2.12544,7.22304,8.1216,1.8144,1.4043456,2.18592
2012/6/2,2012,6,2,2.10816,6.83424,7.71552,1.71936,1.4287968,2.09952
2012/6/3,2012,6,3,2.08224,6.4368,7.344,1.60704,1.453248,2.0304
2012/6/4,2012,6,4,2.06496,6.41952,7.09344,1.512,1.4850432,1.97856
2012/6/5,2012,6,5,2.05632,6.68736,6.7824,1.45152,1.5094944,1.96128
2012/6/6,2012,6,6,2.0304,6.6096,6.51456,1.2528,1.5291072,1.95264
2012/6/7,2012,6,7,2.02176,6.49728,6.32448,1.2096,1.54872,1.93536
2012/6/8,2012,6,8,2.00448,6.16032,6.048,1.08864,1.5658272,1.93536
2012/6/9,2012,6,9,1.9872,6.08256,5.8752,1.0368,1.5829344,1.90944
2012/6/10,2012,6,10,1.9872,5.9184,5.72832,0.95904,1.5878592,1.88352
2012/6/11,2012,6,11,1.97856,5.59008,5.616,0.79488,1.5952032,1.88352
2012/6/12,2012,6,12,1.95264,5.08032,5.43456,0.698976,1.6025472,1.95264
2012/6/13,2012,6,13,1.92672,4.752,5.14944,0.605664,1.6000416,2.09952
2012/6/14,2012,6,14,1.91808,4.38048,5.120928,0.553824,1.5976224,2.31552
2012/6/15,2012,6,15,1.90944,4.0176,5.08896,0.53136,1.5902784,2.5056
2012/6/16,2012,6,16,1.89216,3.81888,5.0544,0.520128,1.5805152,2.65248
2012/6/17,2012,6,17,1.86624,3.55104,5.02848,0.513216,1.5682464,2.73888
2012/6/18,2012,6,18,1.8576,3.3264,4.98528,0.501984,1.5559776,2.75616
2012/6/19,2012,6,19,1.84032,3.1968,4.89888,0.495072,1.5511392,2.6784
2012/6/20,2012,6,20,1.82304,3.00672,4.82112,0.490752,1.541376,2.60928
2012/6/21,2012,6,21,1.79712,2.52288,4.8384,0.48384,1.534032,2.52288
2012/6/22,2012,6,22,1.76256,2.2896,4.8816,0.468288,1.5315264,2.42784
2012/6/23,2012,6,23,1.71936,2.23776,4.968,0.438048,1.5241824,2.31552
2012/6/24,2012,6,24,1.6848,2.35872,5.02848,0.422496,1.5168384,2.19456
2012/6/25,2012,6,25,1.67616,2.45376,5.03712,0.404352,1.5094944,2.0736
2012/6/26,2012,6,26,1.67616,2.4192,4.95072,0.368928,1.4923872,1.99584
2012/6/27,2012,6,27,1.6848,2.3328,4.76064,0.370656,1.4802048,1.92672
2012/6/28,2012,6,28,1.67616,2.21184,4.57056,0.361152,1.4556672,1.8576
2012/6/29,2012,6,29,1.66752,2.15136,4.32,0.391392,1.431216,1.8144
2012/6/30,2012,6,30,1.6416,2.09088,4.1904,0.408672,1.4067648,1.79712
2012/7/1,2012,7,1,1.60704,1.96992,4.0176,0.53136,1.3773888,1.78848
2012/7/2,2012,7,2,1.57248,1.93536,3.83616,0.623808,1.3455936,1.78848
2012/7/3,2012,7,3,1.54656,1.87488,3.69792,0.614304,1.3162176,1.78848
2012/7/4,2012,7,4,1.52064,1.8144,3.57696,0.628128,1.2917664,1.79712
2012/7/5,2012,7,5,1.4688,1.7712,3.44736,0.621216,1.2697344,1.83168
2012/7/6,2012,7,6,1.40832,1.728,3.33504,0.614304,1.250208,1.84896
2012/7/7,2012,7,7,1.3392,1.61568,3.24864,0.5832,1.2305952,1.82304
2012/7/8,2012,7,8,1.27008,1.52064,3.1968,0.501984,1.213488,1.7712
2012/7/9,2012,7,9,1.2528,1.49472,3.20544,0.48384,1.1988,1.70208
2012/7/10,2012,7,10,1.28736,1.4688,3.25728,0.446688,1.1866176,1.65888
2012/7/11,2012,7,11,1.28736,1.43424,3.3696,0.391392,1.1816928,1.5984
2012/7/12,2012,7,12,1.27008,1.39104,3.391632,0.377136,1.1866176,1.56384
2012/7/13,2012,7,13,1.22688,1.34784,3.4135776,0.3629664,1.1939616,1.56384
2012/7/14,2012,7,14,1.20096,1.30464,3.4356096,0.3487104,1.2085632,1.52928
2012/7/15,2012,7,15,1.20096,1.26144,3.4575552,0.3345408,1.2331008,1.46016
2012/7/16,2012,7,16,1.17504,1.22688,3.4795872,0.3202848,1.2526272,1.39968
2012/7/17,2012,7,17,1.11456,1.20096,3.5015328,0.3061152,1.2673152,1.3392
2012/7/18,2012,7,18,1.08,1.19232,3.5235648,0.2918592,1.27224,1.28736
2012/7/19,2012,7,19,1.05408,1.18368,3.5455104,0.2776896,1.27224,1.26144
2012/7/20,2012,7,20,1.0368,1.15776,3.5675424,0.2634336,1.2673152,1.24416
2012/7/21,2012,7,21,1.01088,1.13184,3.589488,0.249264,1.2599712,1.2528
2012/7/22,2012,7,22,0.98496,1.10592,3.61152,0.235008,1.250208,1.27008
2012/7/23,2012,7,23,0.95904,1.08864,3.43008,0.225504,1.2331008,1.27008
2012/7/24,2012,7,24,0.93312,1.08864,3.18816,0.210816,1.2110688,1.2528
2012/7/25,2012,7,25,0.91584,1.08864,3.00672,0.210816,1.1890368,1.23552
2012/7/26,2012,7,26,0.9072,1.08864,2.84256,0.208224,1.1792736,1.2096
2012/7/27,2012,7,27,0.92448,1.08,2.74752,0.199584,1.1670048,1.19232
2012/7/28,2012,7,28,0.9072,1.07136,2.64384,0.201312,1.1548224,1.1664
2012/7/29,2012,7,29,0.88128,1.08,2.592,0.199584,1.1498976,1.14912
2012/7/30,2012,7,30,0.864,1.08864,2.61792,0.196128,1.1474784,1.13184
2012/7/31,2012,7,31,0.89856,1.09728,2.65248,0.249696,1.1401344,1.11456
2012/8/1,2012,8,1,0.88992,1.09728,2.70432,0.25488,1.1376288,1.10592
2012/8/2,2012,8,2,0.864,1.08,2.7648,0.273024,1.1401344,1.08864
2012/8/3,2012,8,3,0.860544,1.07136,2.86848,0.304128,1.1352096,1.08
2012/8/4,2012,8,4,0.88128,1.06272,2.92032,0.31536,1.1278656,1.08
2012/8/5,2012,8,5,0.841536,1.0368,3.05856,0.300672,1.1205216,1.08
2012/8/6,2012,8,6,0.85104,1.01952,3.18816,0.296352,1.1083392,1.07136
2012/8/7,2012,8,7,0.84672,1.01088,3.40416,0.288576,1.0984896,1.07136
2012/8/8,2012,8,8,0.832032,1.01088,3.57696,0.28512,1.0838016,1.07136
2012/8/9,2012,8,9,0.856224,1.00224,3.77568,0.256608,1.0666944,1.06272
2012/8/10,2012,8,10,0.860544,0.97632,3.888,0.24624,1.047168,1.05408
2012/8/11,2012,8,11,0.832032,0.96768,3.9744,0.247968,1.0275552,1.04544
2012/8/12,2012,8,12,0.832032,0.95904,3.9744,0.240192,1.010448,1.0368
2012/8/13,2012,8,13,0.827712,0.9504,3.92256,0.231552,0.9933408,1.01088
2012/8/14,2012,8,14,0.817344,0.9504,3.86208,0.210816,0.9761472,1.01952
2012/8/15,2012,8,15,0.80352,0.9504,3.49056,0.201312,0.95904,1.05408
2012/8/16,2012,8,16,0.775008,0.95904,3.49056,0.203904,0.937008,1.09728
2012/8/17,2012,8,17,0.750816,0.96768,3.31776,0.212544,0.9248256,1.11456
2012/8/18,2012,8,18,0.746496,0.95904,3.18816,0.235872,0.9125568,1.10592
2012/8/19,2012,8,19,0.756,0.9504,3.05856,0.279072,0.9101376,1.08864
2012/8/20,2012,8,20,0.756,0.9504,2.83392,0.28512,0.9101376,1.07136
2012/8/21,2012,8,21,0.736992,0.96768,2.64384,0.29808,0.8978688,1.05408
2012/8/22,2012,8,22,0.722304,0.96768,2.4624,0.451008,0.8905248,1.0368
2012/8/23,2012,8,23,0.722304,0.96768,2.34144,0.614304,0.8930304,1.01952
2012/8/24,2012,8,24,0.736992,0.95904,2.22048,0.6696,0.8930304,0.9936
2012/8/25,2012,8,25,0.722304,0.95904,2.14272,0.775008,0.9003744,0.97632
2012/8/26,2012,8,26,0.70848,0.9504,2.16864,0.7725024,0.9077184,0.95904
2012/8/27,2012,8,27,0.69984,0.9504,2.267136,0.7699968,0.9174816,0.9504
2012/8/28,2012,8,28,0.68688,0.97632,2.365632,0.7674912,0.914976,0.96768
2012/8/29,2012,8,29,0.663552,0.97632,2.464128,0.7649856,0.914976,0.94176
2012/8/30,2012,8,30,0.64368,0.96768,2.562624,0.76248,0.9321696,0.9504
2012/8/31,2012,8,31,0.676512,0.96768,2.66112,0.759888,0.9419328,1.00224
2012/9/1,2012,9,1,0.84672,0.96768,2.759616,0.7573824,0.944352,1.05408
2012/9/2,2012,9,2,0.9936,0.95904,2.858112,0.7548768,0.944352,1.08
2012/9/3,2012,9,3,0.93312,0.95904,2.956608,0.7523712,0.951696,1.09728
2012/9/4,2012,9,4,0.89856,0.9504,3.055104,0.7498656,0.9542016,1.09728
2012/9/5,2012,9,5,0.84672,0.9504,3.1536,0.74736,0.966384,1.08864
2012/9/6,2012,9,6,0.794016,0.9504,3.23136,0.698976,0.9786528,1.06272
2012/9/7,2012,9,7,0.736992,0.95904,3.27456,0.689472,0.9908352,1.05408
2012/9/8,2012,9,8,0.703296,0.96768,3.30048,0.6696,1.0055232,1.07136
2012/9/9,2012,9,9,0.679968,0.97632,3.33504,0.657504,1.017792,1.08
2012/9/10,2012,9,10,0.647136,0.98496,3.37824,0.648864,1.0275552,1.08
2012/9/11,2012,9,11,0.640224,0.98496,3.3696,0.646272,1.039824,1.04544
2012/9/12,2012,9,12,0.68688,0.98496,3.3264,0.625536,1.0495872,1.01952
2012/9/13,2012,9,13,0.696384,1.00224,3.3048,0.621216,1.0569312,1.01952
2012/9/14,2012,9,14,0.696384,1.01088,3.2832,0.605664,1.0569312,1.01952
2012/9/15,2012,9,15,0.676512,1.02816,3.27456,0.580608,1.0617696,1.0368
2012/9/16,2012,9,16,0.660096,1.04544,3.26592,0.571968,1.0716192,1.0368
2012/9/17,2012,9,17,0.676512,1.07136,3.24864,0.558144,1.0691136,1.02816
2012/9/18,2012,9,18,0.696384,1.08864,3.21408,0.54,1.0716192,1.01088
2012/9/19,2012,9,19,0.693792,1.09728,3.12768,0.528768,1.0716192,1.01952
2012/9/20,2012,9,20,0.693792,1.09728,3.00672,0.513216,1.0716192,1.04544
2012/9/21,2012,9,21,0.676512,1.09728,2.86848,0.482112,1.0691136,1.06272
2012/9/22,2012,9,22,0.667008,1.11456,2.73024,0.432864,1.0666944,1.08864
2012/9/23,2012,9,23,0.650592,1.1232,2.57472,0.391392,1.0617696,1.10592
2012/9/24,2012,9,24,0.657504,1.11456,2.47104,0.376704,1.0495872,1.1232
2012/9/25,2012,9,25,0.676512,1.10592,2.44512,0.29808,1.0446624,1.13184
2012/9/26,2012,9,26,0.746496,1.09728,2.42784,0.273024,1.039824,1.14048
2012/9/27,2012,9,27,0.9504,1.06272,2.4192,0.256608,1.0348992,1.11456
2012/9/28,2012,9,28,0.98496,1.01952,2.4192,0.254016,1.0299744,1.09728
2012/9/29,2012,9,29,0.9072,1.00224,2.42784,0.25056,1.0275552,1.08
2012/9/30,2012,9,30,0.9072,0.9936,2.45376,0.243648,1.0299744,1.05408
2012/10/1,2012,10,1,0.85104,0.9936,2.43648,0.235008,1.0348992,1.01952
2012/10/2,2012,10,2,0.87264,0.9936,2.43648,0.225504,1.047168,0.98496
2012/10/3,2012,10,3,0.860544,0.98496,2.44512,0.216864,1.0642752,0.96768
2012/10/4,2012,10,4,0.841536,0.98496,2.42784,0.212544,1.0691136,0.9504
2012/10/5,2012,10,5,0.85104,0.98496,2.35008,0.20304,1.054512,0.93312
2012/10/6,2012,10,6,0.856224,1.01952,2.27232,0.193536,1.0617696,0.91584
2012/10/7,2012,10,7,0.85104,1.05408,2.2032,0.19008,1.0691136,0.9072
2012/10/8,2012,10,8,0.798336,1.04544,2.1168,0.187488,1.0716192,0.89856
2012/10/9,2012,10,9,0.769824,1.0368,2.05632,0.18576,1.0642752,0.89856
2012/10/10,2012,10,10,0.80352,1.01952,1.9872,0.183168,1.0520064,0.9072
2012/10/11,2012,10,11,0.91584,1.00224,1.96128,0.165888,1.0373184,0.91584
2012/10/12,2012,10,12,0.91584,0.9936,1.90944,0.150336,1.0226304,0.9072
2012/10/13,2012,10,13,0.856224,0.98496,1.7873568,0.146016,1.0055232,0.89856
2012/10/14,2012,10,14,0.817344,0.9936,1.6136928,0.141696,0.9834912,0.87264
2012/10/15,2012,10,15,0.784512,1.01088,1.4637888,0.139968,0.95904,0.853632
2012/10/16,2012,10,16,0.788832,1.01088,1.3843872,0.1458432,0.9395136,0.838944
2012/10/17,2012,10,17,0.784512,1.00224,1.3691808,0.1402272,0.9199008,0.821664
2012/10/18,2012,10,18,0.779328,0.98496,1.3461984,0.1346976,0.8954496,0.813888
2012/10/19,2012,10,19,0.769824,0.9504,1.3153536,0.1292544,0.8587296,0.804384
2012/10/20,2012,10,20,0.76032,0.91584,1.2767328,0.123984,0.8195904,0.80352
2012/10/21,2012,10,21,0.769824,0.89856,1.2302496,0.1188,0.7951392,0.79056
2012/10/22,2012,10,22,0.822528,0.826848,1.1759904,0.1137024,0.7584192,0.772416
2012/10/23,2012,10,23,0.80352,0.782784,1.1138688,0.1086912,0.733968,0.76464
2012/10/24,2012,10,24,0.76032,0.7344,1.0438848,0.1037664,0.7095168,0.765504
2012/10/25,2012,10,25,0.76032,0.679968,0.9661248,0.098928,0.6850656,0.749088
2012/10/26,2012,10,26,0.775008,0.641952,0.8805888,0.0942624,0.6606144,0.696384
2012/10/27,2012,10,27,0.813024,0.625536,0.73872,0.0896832,0.6360768,0.644544
2012/10/28,2012,10,28,0.837216,0.63504,0.707184,0.0851904,0.6116256,0.602208
2012/10/29,2012,10,29,0.762048,0.668736,0.6805728,0.080784,0.5871744,0.567648
2012/10/30,2012,10,30,0.689472,0.680832,0.630288,0.076464,0.5627232,0.559872
2012/10/31,2012,10,31,0.632448,0.768096,0.584928,0.0722304,0.538272,0.542592
2012/11/1,2012,11,1,0.63504,0.793152,0.5703264,0.0681696,0.5138208,0.502848
2012/11/2,2012,11,2,0.647136,0.758592,0.555552,0.0649728,0.501552,0.461376
2012/11/3,2012,11,3,0.649728,0.741312,0.5407776,0.060912,0.4892832,0.430272
2012/11/4,2012,11,4,0.638496,0.735264,0.5258304,0.0588384,0.4771008,0.41904
2012/11/5,2012,11,5,0.615168,0.740448,0.5107968,0.0572832,0.464832,0.418176
2012/11/6,2012,11,6,0.592704,0.739584,0.4956768,0.055728,0.4526496,0.417312
2012/11/7,2012,11,7,0.582336,0.727488,0.4804704,0.0555552,0.4403808,0.402624
2012/11/8,2012,11,8,0.57456,0.710208,0.4651776,0.0597024,0.428112,0.387936
2012/11/9,2012,11,9,0.559872,0.692928,0.4497984,0.0567648,0.4036608,0.386208
2012/11/10,2012,11,10,0.53136,0.676512,0.4456512,0.051408,0.3792096,0.386208
2012/11/11,2012,11,11,0.506304,0.666144,0.4339872,0.044928,0.3621024,0.387072
2012/11/12,2012,11,12,0.476928,0.649728,0.4222368,0.0565056,0.3523392,0.392256
2012/11/13,2012,11,13,0.476064,0.634176,0.4104864,0.0485568,0.3424896,0.399168
2012/11/14,2012,11,14,0.4752,0.608256,0.3985632,0.0373248,0.3327264,0.40176
2012/11/15,2012,11,15,0.473472,0.603936,0.38664,0.0309312,0.3229632,0.400032
2012/11/16,2012,11,16,0.472608,0.5832,0.3746304,0.0257472,0.3132,0.396576
2012/11/17,2012,11,17,0.471744,0.569376,0.3625344,0.022896,0.305856,0.39744
2012/11/18,2012,11,18,0.47088,0.545184,0.350352,0.0174528,0.298512,0.398304
2012/11/19,2012,11,19,0.470016,0.53568,0.3380832,0.0098496,0.2935872,0.39312
2012/11/20,2012,11,20,0.468288,0.53136,0.3306528,0.0127872,0.283824,0.386208
2012/11/21,2012,11,21,0.467424,0.520992,0.3212352,0.0171936,0.2788992,0.383616
2012/11/22,2012,11,22,0.46656,0.508032,0.3118176,0.020736,0.2739744,0.381888
2012/11/23,2012,11,23,0.463968,0.497664,0.3022272,0.0235872,0.269136,0.381024
2012/11/24,2012,11,24,0.460512,0.497664,0.2926368,0.0223776,0.2642112,0.376704
2012/11/25,2012,11,25,0.45792,0.501984,0.2830464,0.0210816,0.2593728,0.369792
2012/11/26,2012,11,26,0.454464,0.507168,0.2732832,0.0216864,0.254448,0.361152
2012/11/27,2012,11,27,0.451872,0.50112,0.26352,0.0201312,0.2495232,0.350784
2012/11/28,2012,11,28,0.44928,0.50112,0.2537568,0.0192672,0.2446848,0.335232
2012/11/29,2012,11,29,0.445824,0.50544,0.2438208,0.017712,0.23976,0.318816
2012/11/30,2012,11,30,0.443232,0.50976,0.2399328,0.0183168,0.23976,0.304128
2012/12/1,2012,12,1,0.44064,0.51408,0.2447712,0.016848,0.2348352,0.292896
2012/12/2,2012,12,2,0.437184,0.51408,0.2495232,0.0132192,0.2299968,0.286848
2012/12/3,2012,12,3,0.434592,0.5184,0.2543616,0.0110592,0.2299968,0.287712
2012/12/4,2012,12,4,0.431136,0.52272,0.2592864,0.0144288,0.225072,0.294624
2012/12/5,2012,12,5,0.428544,0.53136,0.2641248,0.0150336,0.2202336,0.305856
2012/12/6,2012,12,6,0.431136,0.53568,0.2690496,0.0101952,0.2153088,0.31536
2012/12/7,2012,12,7,0.433728,0.54432,0.2739744,0.0094176,0.2153088,0.31968
2012/12/8,2012,12,8,0.437184,0.54864,0.2788992,0.0120096,0.210384,0.317952
2012/12/9,2012,12,9,0.439776,0.55296,0.2839104,0.0126144,0.2055456,0.310176
2012/12/10,2012,12,10,0.442368,0.55728,0.2866752,0.009936,0.2055456,0.300672
2012/12/11,2012,12,11,0.44496,0.54864,0.2845152,0.0144288,0.2006208,0.294624
2012/12/12,2012,12,12,0.447552,0.54432,0.2823552,0.0195264,0.2006208,0.294624
2012/12/13,2012,12,13,0.451008,0.54,0.2801952,0.0203904,0.195696,0.301536
2012/12/14,2012,12,14,0.4536,0.53136,0.2780352,0.0205632,0.195696,0.314496
2012/12/15,2012,12,15,0.456192,0.52272,0.2757888,0.0197856,0.1932768,0.329184
2012/12/16,2012,12,16,0.458784,0.51408,0.2735424,0.0212544,0.1908576,0.344736
2012/12/17,2012,12,17,0.461376,0.50976,0.271296,0.0226368,0.188352,0.359424
2012/12/18,2012,12,18,0.463968,0.50544,0.2690496,0.0243648,0.1859328,0.37152
2012/12/19,2012,12,19,0.467424,0.50112,0.2668032,0.024192,0.1835136,0.382752
2012/12/20,2012,12,20,0.470016,0.49248,0.2578176,0.0215136,0.181008,0.39312
2012/12/21,2012,12,21,0.472608,0.48816,0.2611872,0.0225504,0.1785888,0.400896
2012/12/22,2012,12,22,0.4752,0.48384,0.2644704,0.0235008,0.1761696,0.408672
2012/12/23,2012,12,23,0.477792,0.48384,0.2677536,0.0244512,0.173664,0.415584
2012/12/24,2012,12,24,0.481248,0.48384,0.2711232,0.0254016,0.1712448,0.421632
2012/12/25,2012,12,25,0.48384,0.48816,0.2744928,0.0240192,0.1712448,0.426816
2012/12/26,2012,12,26,0.486432,0.48816,0.2778624,0.0229824,0.1688256,0.432
2012/12/27,2012,12,27,0.480384,0.49248,0.281232,0.0216,0.1688256,0.43632
2012/12/28,2012,12,28,0.474336,0.4968,0.2846016,0.0205632,0.1664064,0.439776
2012/12/29,2012,12,29,0.469152,0.50544,0.2879712,0.0201312,0.1664064,0.444096
2012/12/30,2012,12,30,0.463104,0.50976,0.2914272,0.0196992,0.1639008,0.447552
2012/12/31,2012,12,31,0.457056,0.52272,0.2947968,0.0201312,0.1639008,0.448416
2013/1/1,2013,1,1,0.451008,0.52704,0.398304,0.01944,0.1639008,0.448416
2013/1/2,2013,1,2,0.44496,0.53136,0.403488,0.018576,0.1614816,0.448416
2013/1/3,2013,1,3,0.438912,0.53568,0.407808,0.018144,0.1614816,0.448416
2013/1/4,2013,1,4,0.432864,0.54432,0.412128,0.0175392,0.1590624,0.447552
2013/1/5,2013,1,5,0.426816,0.54432,0.412992,0.0160704,0.1590624,0.445824
2013/1/6,2013,1,6,0.420768,0.55296,0.41472,0.0165024,0.1565568,0.445824
2013/1/7,2013,1,7,0.41472,0.55296,0.415584,0.0169344,0.1565568,0.445824
2013/1/8,2013,1,8,0.408672,0.55296,0.416448,0.017712,0.1541376,0.443232
2013/1/9,2013,1,9,0.402624,0.55728,0.418176,0.0184032,0.1541376,0.442368
2013/1/10,2013,1,10,0.39744,0.5616,0.41904,0.0188352,0.1517184,0.441504
2013/1/11,2013,1,11,0.391392,0.5616,0.419904,0.0184896,0.1517184,0.438912
2013/1/12,2013,1,12,0.385344,0.56592,0.421632,0.0191808,0.1517184,0.437184
2013/1/13,2013,1,13,0.379296,0.56592,0.422496,0.0183168,0.1492128,0.434592
2013/1/14,2013,1,14,0.373248,0.56592,0.42336,0.0173664,0.1492128,0.431136
2013/1/15,2013,1,15,0.368064,0.56592,0.425088,0.0180576,0.1492128,0.42768
2013/1/16,2013,1,16,0.36288,0.57024,0.425952,0.0179712,0.1467936,0.424224
2013/1/17,2013,1,17,0.357696,0.57024,0.426816,0.018144,0.1467936,0.421632
2013/1/18,2013,1,18,0.352512,0.57024,0.428544,0.0183168,0.1467936,0.419904
2013/1/19,2013,1,19,0.346464,0.57024,0.429408,0.0179712,0.1443744,0.418176
2013/1/20,2013,1,20,0.34128,0.57024,0.430272,0.0183168,0.1443744,0.415584
2013/1/21,2013,1,21,0.336096,0.56592,0.432,0.0152064,0.1443744,0.413856
2013/1/22,2013,1,22,0.330912,0.56592,0.432864,0.0156384,0.1418688,0.411264
2013/1/23,2013,1,23,0.325728,0.56592,0.424224,0.0163296,0.1418688,0.411264
2013/1/24,2013,1,24,0.330912,0.5616,0.416448,0.0166752,0.1406592,0.408672
2013/1/25,2013,1,25,0.336096,0.5616,0.407808,0.0158112,0.1406592,0.405216
2013/1/26,2013,1,26,0.34128,0.55728,0.399168,0.015984,0.1406592,0.400896
2013/1/27,2013,1,27,0.3456,0.55296,0.391392,0.0152064,0.1406592,0.395712
2013/1/28,2013,1,28,0.350784,0.55296,0.382752,0.0121824,0.1394496,0.391392
2013/1/29,2013,1,29,0.355968,0.54864,0.374112,0.0111456,0.1394496,0.3888
2013/1/30,2013,1,30,0.361152,0.54864,0.366336,0.00864,0.1394496,0.386208
2013/1/31,2013,1,31,0.366336,0.54432,0.357696,0.0095904,0.1394496,0.385344
2013/2/1,2013,2,1,0.37152,0.54432,0.352512,0.0100224,0.13824,0.38448
2013/2/2,2013,2,2,0.376704,0.54432,0.347328,0.0118368,0.13824,0.383616
2013/2/3,2013,2,3,0.381024,0.54432,0.34128,0.0136512,0.13824,0.381024
2013/2/4,2013,2,4,0.386208,0.54432,0.336096,0.0144288,0.1370304,0.378432
2013/2/5,2013,2,5,0.391392,0.54432,0.330912,0.0134784,0.1370304,0.376704
2013/2/6,2013,2,6,0.396576,0.54,0.325728,0.0145152,0.1370304,0.374976
2013/2/7,2013,2,7,0.394848,0.54,0.31968,0.0137376,0.1358208,0.372384
2013/2/8,2013,2,8,0.393984,0.54,0.314496,0.0132192,0.1358208,0.369792
2013/2/9,2013,2,9,0.392256,0.53568,0.309312,0.0113184,0.1358208,0.3672
2013/2/10,2013,2,10,0.391392,0.53568,0.305856,0.0130464,0.1345248,0.366336
2013/2/11,2013,2,11,0.389664,0.53568,0.3024,0.0163296,0.1345248,0.365472
2013/2/12,2013,2,12,0.387936,0.53136,0.298944,0.015552,0.1345248,0.364608
2013/2/13,2013,2,13,0.387072,0.53136,0.295488,0.0163296,0.1333152,0.363744
2013/2/14,2013,2,14,0.385344,0.53136,0.292896,0.0161568,0.1333152,0.362016
2013/2/15,2013,2,15,0.383616,0.53136,0.28944,0.0167616,0.1333152,0.360288
2013/2/16,2013,2,16,0.382752,0.53136,0.285984,0.015984,0.1321056,0.359424
2013/2/17,2013,2,17,0.381024,0.53136,0.282528,0.0150336,0.1321056,0.359424
2013/2/18,2013,2,18,0.38016,0.53568,0.279072,0.014256,0.130896,0.359424
2013/2/19,2013,2,19,0.378432,0.53136,0.275616,0.0144288,0.130896,0.35856
2013/2/20,2013,2,20,0.374976,0.53136,0.27216,0.0139104,0.130896,0.35856
2013/2/21,2013,2,21,0.37152,0.53136,0.268704,0.0135648,0.130896,0.357696
2013/2/22,2013,2,22,0.368064,0.53136,0.265248,0.0139104,0.1296864,0.356832
2013/2/23,2013,2,23,0.364608,0.52704,0.262656,0.0140832,0.1296864,0.355104
2013/2/24,2013,2,24,0.361152,0.52704,0.2592,0.0139104,0.1296864,0.352512
2013/2/25,2013,2,25,0.357696,0.52704,0.255744,0.013824,0.1296864,0.350784
2013/2/26,2013,2,26,0.35424,0.52704,0.252288,0.014256,0.1284768,0.34992
2013/2/27,2013,2,27,0.350784,0.52704,0.248832,0.0139968,0.1284768,0.348192
2013/2/28,2013,2,28,0.347328,0.52704,0.248832,0.014256,0.1284768,0.346464
2013/3/1,2013,3,1,0.343872,0.52272,0.248832,0.0139968,0.1284768,0.3456
2013/3/2,2013,3,2,0.340416,0.52272,0.248832,0.0135648,0.1271808,0.344736
2013/3/3,2013,3,3,0.33696,0.52272,0.248832,0.0141696,0.1271808,0.344736
2013/3/4,2013,3,4,0.333504,0.52272,0.248832,0.0137376,0.1271808,0.343872
2013/3/5,2013,3,5,0.330048,0.52272,0.248832,0.0131328,0.1271808,0.344736
2013/3/6,2013,3,6,0.326592,0.52272,0.247968,0.0135648,0.1259712,0.343872
2013/3/7,2013,3,7,0.323136,0.5184,0.247968,0.0131328,0.1259712,0.343008
2013/3/8,2013,3,8,0.31968,0.5184,0.247968,0.0133056,0.1259712,0.34128
2013/3/9,2013,3,9,0.316224,0.5184,0.247968,0.0137376,0.1259712,0.339552
2013/3/10,2013,3,10,0.312768,0.5184,0.247968,0.0136512,0.1259712,0.338688
2013/3/11,2013,3,11,0.309312,0.51408,0.247968,0.0132192,0.1247616,0.337824
2013/3/12,2013,3,12,0.305856,0.51408,0.24624,0.0134784,0.1247616,0.337824
2013/3/13,2013,3,13,0.3024,0.51408,0.244512,0.0136512,0.1247616,0.340416
2013/3/14,2013,3,14,0.301536,0.51408,0.243648,0.0148608,0.1247616,0.340416
2013/3/15,2013,3,15,0.299808,0.51408,0.24192,0.013824,0.1247616,0.340416
2013/3/16,2013,3,16,0.298944,0.5184,0.240192,0.0135648,0.123552,0.339552
2013/3/17,2013,3,17,0.297216,0.5184,0.238464,0.013392,0.123552,0.339552
2013/3/18,2013,3,18,0.296352,0.5184,0.2376,0.01296,0.123552,0.339552
2013/3/19,2013,3,19,0.295488,0.5184,0.235872,0.01296,0.123552,0.338688
2013/3/20,2013,3,20,0.29376,0.5184,0.234144,0.012528,0.123552,0.33696
2013/3/21,2013,3,21,0.292896,0.52272,0.232416,0.0127008,0.123552,0.336096
2013/3/22,2013,3,22,0.292032,0.52272,0.231552,0.012528,0.123552,0.335232
2013/3/23,2013,3,23,0.290304,0.52272,0.229824,0.0122688,0.1223424,0.335232
2013/3/24,2013,3,24,0.28944,0.52704,0.228096,0.012528,0.1223424,0.334368
2013/3/25,2013,3,25,0.287712,0.52704,0.227232,0.0124416,0.1223424,0.336096
2013/3/26,2013,3,26,0.286848,0.52704,0.225504,0.0122688,0.1223424,0.336096
2013/3/27,2013,3,27,0.285984,0.52272,0.223776,0.012096,0.1223424,0.33696
2013/3/28,2013,3,28,0.284256,0.52272,0.222048,0.011232,0.1223424,0.33696
2013/3/29,2013,3,29,0.283392,0.52272,0.221184,0.0108,0.1211328,0.33696
2013/3/30,2013,3,30,0.282528,0.52272,0.219456,0.011232,0.1211328,0.336096
2013/3/31,2013,3,31,0.2808,0.5184,0.217728,0.0115776,0.1211328,0.336096
2013/4/1,2013,4,1,0.279936,0.5184,0.216,0.011232,0.1211328,0.33696
2013/4/2,2013,4,2,0.278208,0.5184,0.214272,0.0108,0.1211328,0.33696
2013/4/3,2013,4,3,0.277344,0.51408,0.212544,0.0120096,0.1211328,0.33696
2013/4/4,2013,4,4,0.27648,0.51408,0.210816,0.0121824,0.1199232,0.337824
2013/4/5,2013,4,5,0.274752,0.51408,0.209088,0.01296,0.1199232,0.337824
2013/4/6,2013,4,6,0.273888,0.50976,0.20736,0.01296,0.1199232,0.338688
2013/4/7,2013,4,7,0.273024,0.51408,0.205632,0.01296,0.1199232,0.337824
2013/4/8,2013,4,8,0.271296,0.51408,0.203904,0.0139104,0.1199232,0.337824
2013/4/9,2013,4,9,0.270432,0.51408,0.202176,0.0136512,0.1199232,0.33696
2013/4/10,2013,4,10,0.268704,0.51408,0.201312,0.0139104,0.1199232,0.335232
2013/4/11,2013,4,11,0.26784,0.51408,0.200448,0.0136512,0.1186272,0.334368
2013/4/12,2013,4,12,0.26784,0.51408,0.19872,0.013824,0.1186272,0.33264
2013/4/13,2013,4,13,0.268704,0.51408,0.197856,0.0139968,0.1186272,0.330912
2013/4/14,2013,4,14,0.268704,0.51408,0.196992,0.013824,0.1186272,0.330912
2013/4/15,2013,4,15,0.268704,0.51408,0.196128,0.013824,0.1186272,0.330048
2013/4/16,2013,4,16,0.268704,0.51408,0.195264,0.013824,0.1186272,0.330048
2013/4/17,2013,4,17,0.269568,0.51408,0.193536,0.0139968,0.1186272,0.330048
2013/4/18,2013,4,18,0.269568,0.51408,0.192672,0.0143424,0.1186272,0.329184
2013/4/19,2013,4,19,0.269568,0.51408,0.191808,0.0145152,0.1186272,0.327456
2013/4/20,2013,4,20,0.270432,0.51408,0.19008,0.0149472,0.1186272,0.326592
2013/4/21,2013,4,21,0.270432,0.51408,0.187488,0.014688,0.1186272,0.327456
2013/4/22,2013,4,22,0.270432,0.5184,0.18576,0.0150336,0.1186272,0.327456
2013/4/23,2013,4,23,0.270432,0.5184,0.183168,0.0152928,0.1186272,0.32832
2013/4/24,2013,4,24,0.271296,0.5184,0.18144,0.0156384,0.1186272,0.329184
2013/4/25,2013,4,25,0.271296,0.52272,0.179712,0.015984,0.1199232,0.330048
2013/4/26,2013,4,26,0.29376,0.52272,0.17712,0.016416,0.1199232,0.329184
2013/4/27,2013,4,27,0.31536,0.52704,0.175392,0.015552,0.1199232,0.331776
2013/4/28,2013,4,28,0.337824,0.53136,0.1728,0.0157248,0.1199232,0.33264
2013/4/29,2013,4,29,0.360288,0.53568,0.171072,0.015984,0.1211328,0.335232
2013/4/30,2013,4,30,0.382752,0.54432,0.171936,0.0161568,0.1211328,0.338688
2013/5/1,2013,5,1,0.404352,0.55296,0.1728,0.0158976,0.1211328,0.34128
2013/5/2,2013,5,2,0.426816,0.5616,0.173664,0.0152928,0.1211328,0.343872
2013/5/3,2013,5,3,0.471744,0.57024,0.174528,0.0143424,0.1223424,0.344736
2013/5/4,2013,5,4,0.515808,0.57888,0.175392,0.0148608,0.1223424,0.347328
2013/5/5,2013,5,5,0.560736,0.58752,0.176256,0.014256,0.1223424,0.34992
2013/5/6,2013,5,6,0.6048,0.60048,0.188352,0.014256,0.123552,0.352512
2013/5/7,2013,5,7,0.648,0.629856,0.200448,0.0148608,0.1247616,0.356832
2013/5/8,2013,5,8,0.703296,0.66096,0.212544,0.0153792,0.1247616,0.361152
2013/5/9,2013,5,9,0.769824,0.696384,0.22464,0.015552,0.1259712,0.36288
2013/5/10,2013,5,10,0.83808,0.768096,0.236736,0.022464,0.1271808,0.365472
2013/5/11,2013,5,11,0.94176,1.04544,0.248832,0.0497664,0.1284768,0.368064
2013/5/12,2013,5,12,1.02816,1.4256,0.260928,0.0951264,0.1296864,0.370656
2013/5/13,2013,5,13,1.11456,1.96128,0.273024,0.1288224,0.1296864,0.373248
2013/5/14,2013,5,14,1.18368,2.2032,0.338688,0.1554336,0.1296864,0.38016
2013/5/15,2013,5,15,1.27008,2.23776,0.432,0.1893888,0.130896,0.389664
2013/5/16,2013,5,16,1.35648,2.79072,0.576288,0.2312064,0.1321056,0.404352
2013/5/17,2013,5,17,1.44288,3.00672,0.715392,0.2519424,0.1333152,0.432
2013/5/18,2013,5,18,1.57248,3.13632,0.85104,0.253584,0.1333152,0.4968
2013/5/19,2013,5,19,1.70208,3.50784,1.00224,0.270432,0.1358208,0.615168
2013/5/20,2013,5,20,1.8576,4.25952,1.14048,0.2720736,0.13824,0.848448
2013/5/21,2013,5,21,1.9872,5.59872,1.27008,0.2585088,0.1418688,1.28736
2013/5/22,2013,5,22,2.13408,7.5168,1.52064,0.367632,0.1467936,1.62432
2013/5/23,2013,5,23,2.35008,9.8496,2.0736,0.4984416,0.1541376,1.84896
2013/5/24,2013,5,24,2.39328,10.7136,3.04992,0.6996672,0.1664064,2.05632
2013/5/25,2013,5,25,2.41056,10.6272,4.64832,0.9802944,0.1785888,2.45376
2013/5/26,2013,5,26,2.44512,10.5408,6.59232,1.1614752,0.2079648,2.592
2013/5/27,2013,5,27,2.39328,9.936,11.5776,1.4258592,0.269136,2.64384
2013/5/28,2013,5,28,2.3328,9.6768,12.3552,2.0663424,0.3670272,2.92032
2013/5/29,2013,5,29,2.35008,9.3312,12.7008,2.0736,0.5138208,3.024
2013/5/30,2013,5,30,2.34144,8.9856,13.0464,1.97856,0.7095168,2.99808
2013/5/31,2013,5,31,2.35008,8.28576,13.392,1.33056,0.9786528,2.96352
2013/6/1,2013,6,1,2.31552,7.5168,12.528,1.27872,1.7126208,2.8944
2013/6/2,2013,6,2,2.29824,6.87744,10.8,1.22688,1.9572192,2.81664
2013/6/3,2013,6,3,2.2896,6.40224,9.1584,1.19232,2.006208,2.73024
2013/6/4,2013,6,4,2.27232,6.03936,8.21664,1.17504,1.9572192,2.66112
2013/6/5,2013,6,5,2.27232,5.23584,6.94656,1.14048,1.9303488,2.57472
2013/6/6,2013,6,6,2.25504,4.80384,6.048,1.15776,1.8985536,2.54016
2013/6/7,2013,6,7,2.2464,4.70016,5.41728,1.14912,1.8251136,2.52288
2013/6/8,2013,6,8,2.22912,4.63104,5.07168,1.13184,1.7688672,2.48832
2013/6/9,2013,6,9,2.22048,4.63104,4.8384,1.14048,1.744416,2.45376
2013/6/10,2013,6,10,2.22048,4.61376,4.536,1.13184,1.7394912,2.41056
2013/6/11,2013,6,11,2.21184,4.58784,4.25952,1.1232,1.7346528,2.34144
2013/6/12,2013,6,12,2.21184,4.57056,4.12992,1.11456,1.7346528,2.25504
2013/6/13,2013,6,13,2.18592,4.52736,4.07808,1.11456,1.737072,2.18592
2013/6/14,2013,6,14,2.17728,4.45824,4.04352,1.10592,1.7394912,2.12544
2013/6/15,2013,6,15,2.16864,4.4064,4.0176,1.06272,1.7419968,2.04768
2013/6/16,2013,6,16,2.17728,4.30272,3.99168,1.0368,1.7541792,1.97856
2013/6/17,2013,6,17,2.17728,4.19904,3.99168,1.01952,1.7688672,1.91808
2013/6/18,2013,6,18,2.16864,4.06944,4.07808,0.9936,1.781136,1.83168
2013/6/19,2013,6,19,2.16864,3.9312,4.19904,0.95904,1.7835552,1.80576
2013/6/20,2013,6,20,2.16,3.74112,4.32864,0.93312,1.7712864,1.78848
2013/6/21,2013,6,21,2.16,3.57696,4.42368,0.9072,1.7541792,1.7712
2013/6/22,2013,6,22,2.15136,3.43872,4.51872,0.88992,1.729728,1.76256
2013/6/23,2013,6,23,2.15136,3.24,4.63104,0.88128,1.6979328,1.76256
2013/6/24,2013,6,24,2.14272,2.808,4.74336,0.857088,1.6612128,1.7712
2013/6/25,2013,6,25,2.13408,2.376,4.8384,0.844992,1.6343424,1.77984
2013/6/26,2013,6,26,2.1168,2.2464,4.82112,0.82512,1.6025472,1.76256
2013/6/27,2013,6,27,2.09088,2.19456,4.77792,0.81864,1.5682464,1.73664
2013/6/28,2013,6,28,2.03904,2.14272,4.67424,0.81216,1.5315264,1.70208
2013/6/29,2013,6,29,2.06496,2.04768,4.51872,0.806976,1.4923872,1.66752
2013/6/30,2013,6,30,2.0736,1.9872,4.33728,0.805248,1.4484096,1.63296
2013/7/1,2013,7,1,2.09088,1.944,4.12128,0.800064,1.416528,1.5984
2013/7/2,2013,7,2,2.09088,1.9008,3.888,0.792288,1.3847328,1.58976
2013/7/3,2013,7,3,2.09088,1.8576,3.672,0.767232,1.3529376,1.61568
2013/7/4,2013,7,4,2.08224,1.8144,3.48192,0.742176,1.3235616,1.66752
2013/7/5,2013,7,5,2.08224,1.77984,3.30912,0.692064,1.2991104,1.69344
2013/7/6,2013,7,6,2.08224,1.74528,3.12768,0.648864,1.279584,1.73664
2013/7/7,2013,7,7,2.06496,1.70208,2.98944,0.611712,1.2599712,1.7712
2013/7/8,2013,7,8,2.05632,1.65888,2.85984,0.562464,1.2379392,1.7712
2013/7/9,2013,7,9,2.05632,1.61568,2.7648,0.528768,1.2184128,1.73664
2013/7/10,2013,7,10,2.04768,1.5984,2.71296,0.508896,1.1963808,1.71072
2013/7/11,2013,7,11,2.04768,1.62432,2.68704,0.473472,1.1816928,1.66752
2013/7/12,2013,7,12,2.04768,1.65024,2.66976,0.455328,1.1645856,1.61568
2013/7/13,2013,7,13,2.05632,1.66752,2.70432,0.439776,1.1401344,1.56384
2013/7/14,2013,7,14,2.05632,1.65024,2.73024,0.432864,1.1155968,1.52064
2013/7/15,2013,7,15,2.05632,1.62432,2.73024,0.424224,1.0984896,1.49472
2013/7/16,2013,7,16,2.05632,1.5984,2.69568,0.415584,1.0838016,1.50336
2013/7/17,2013,7,17,2.03904,1.56384,2.60928,0.415584,1.0691136,1.52064
2013/7/18,2013,7,18,2.0304,1.54656,2.51424,0.406944,1.0593504,1.512
2013/7/19,2013,7,19,2.0304,1.52928,2.47968,0.400032,1.047168,1.46016
2013/7/20,2013,7,20,2.0304,1.52064,2.52288,0.39312,1.0422432,1.43424
2013/7/21,2013,7,21,2.0304,1.52064,2.64384,0.38448,1.0373184,1.39968
2013/7/22,2013,7,22,2.0304,1.52064,2.78208,0.376704,1.0348992,1.36512
2013/7/23,2013,7,23,2.01312,1.50336,2.9376,0.402624,1.0348992,1.35648
2013/7/24,2013,7,24,2.01312,1.4688,3.16224,0.402624,1.039824,1.37376
2013/7/25,2013,7,25,2.01312,1.43424,3.30912,0.408672,1.039824,1.36512
2013/7/26,2013,7,26,2.01312,1.4256,3.33504,0.431136,1.039824,1.33056
2013/7/27,2013,7,27,2.01312,1.39104,3.36096,0.459648,1.0299744,1.31328
2013/7/28,2013,7,28,2.01312,1.35648,3.43008,0.493344,1.0152864,1.296
2013/7/29,2013,7,29,2.00448,1.32192,3.49056,0.538272,0.9981792,1.296
2013/7/30,2013,7,30,1.99584,1.296,3.5424,0.549504,0.9834912,1.33056
2013/7/31,2013,7,31,1.97856,1.24416,3.59424,0.542592,0.9688032,1.36512
2013/8/1,2013,8,1,1.97856,1.20096,3.63744,0.551232,0.9566208,1.39104
2013/8/2,2013,8,2,1.97856,1.17504,3.70656,0.569376,0.944352,1.37376
2013/8/3,2013,8,3,1.9872,1.14912,3.8016,0.586656,0.9419328,1.35648
2013/8/4,2013,8,4,1.97856,1.1232,3.96576,0.594432,0.9395136,1.32192
2013/8/5,2013,8,5,1.96992,1.08864,4.1472,0.589248,0.9419328,1.30464
2013/8/6,2013,8,6,1.96128,1.07136,4.38912,0.59184,0.944352,1.28736
2013/8/7,2013,8,7,1.95264,1.06272,4.2984,0.5832,0.9468576,1.27872
2013/8/8,2013,8,8,1.944,1.0368,4.24224,0.573696,0.9468576,1.26144
2013/8/9,2013,8,9,1.944,1.01952,4.13856,0.565056,0.9492768,1.2528
2013/8/10,2013,8,10,1.93536,1.01088,4.0176,0.594432,0.9492768,1.2528
2013/8/11,2013,8,11,1.90944,1.01088,3.92256,0.614304,0.9492768,1.24416
2013/8/12,2013,8,12,1.90944,1.01952,3.8448,0.63072,0.944352,1.22688
2013/8/13,2013,8,13,1.90944,1.02816,3.78432,0.648864,0.937008,1.20096
2013/8/14,2013,8,14,1.89216,1.04544,3.81024,0.655776,0.9248256,1.17504
2013/8/15,2013,8,15,1.88352,1.04544,3.95712,0.667008,0.9125568,1.14912
2013/8/16,2013,8,16,1.86624,1.0368,4.11264,0.701568,0.8978688,1.1232
2013/8/17,2013,8,17,1.84032,1.02816,4.2768,0.727488,0.8831808,1.10592
2013/8/18,2013,8,18,1.80576,1.0368,4.43232,0.742176,0.8636544,1.08864
2013/8/19,2013,8,19,1.77984,1.04544,4.59648,0.7344,0.8465472,1.07136
2013/8/20,2013,8,20,1.73664,1.0368,4.72608,0.71712,0.8293536,1.06272
2013/8/21,2013,8,21,1.69344,1.02816,4.80384,0.701568,0.8146656,1.08
2013/8/22,2013,8,22,1.6416,1.0368,4.74336,0.675648,0.8049024,1.09728
2013/8/23,2013,8,23,1.58976,1.02816,4.63968,0.646272,0.800064,1.14048
2013/8/24,2013,8,24,1.54656,1.02816,4.48416,0.63936,0.7902144,1.19232
2013/8/25,2013,8,25,1.50336,1.02816,4.32864,0.648864,0.7755264,1.2096
2013/8/26,2013,8,26,1.43424,1.02816,4.17312,0.701568,0.770688,1.22688
2013/8/27,2013,8,27,1.36512,1.0368,4.0176,0.787104,0.7681824,1.2096
2013/8/28,2013,8,28,1.3392,1.04544,3.8448,0.91584,0.7657632,1.17504
2013/8/29,2013,8,29,1.31328,1.05408,3.69792,0.9936,0.7657632,1.14912
2013/8/30,2013,8,30,1.27872,1.06272,3.59424,1.11456,0.770688,1.14048
2013/8/31,2013,8,31,1.24416,1.08,3.56832,1.18368,0.7731072,1.14048
2013/9/1,2013,9,1,1.19232,1.08864,3.60288,1.28736,0.7877952,1.15776
2013/9/2,2013,9,2,1.15776,1.09728,3.64608,1.3392,0.8098272,1.1664
2013/9/3,2013,9,3,1.13184,1.1232,3.74976,1.37376,0.8366976,1.15776
2013/9/4,2013,9,4,1.1232,1.14048,3.68064,1.37376,0.8538912,1.14048
2013/9/5,2013,9,5,1.10592,1.1664,3.68928,1.35648,0.8684928,1.13184
2013/9/6,2013,9,6,1.08864,1.18368,3.73248,1.27872,0.8807616,1.1232
2013/9/7,2013,9,7,1.08,1.20096,3.70656,1.22688,0.8905248,1.11456
2013/9/8,2013,9,8,1.08,1.22688,3.63744,1.17504,0.9052128,1.11456
2013/9/9,2013,9,9,1.08864,1.26144,3.52512,1.10592,0.9101376,1.11456
2013/9/10,2013,9,10,1.07136,1.27872,3.40416,1.0368,0.914976,1.09728
2013/9/11,2013,9,11,1.07136,1.31328,3.24864,0.97632,0.9077184,1.08864
2013/9/12,2013,9,12,1.10592,1.35648,3.07584,0.89856,0.9027936,1.09728
2013/9/13,2013,9,13,1.13184,1.3824,2.90304,0.817344,0.9077184,1.09728
2013/9/14,2013,9,14,1.08864,1.39968,2.75616,0.752544,0.914976,1.08864
2013/9/15,2013,9,15,1.08,1.45152,2.62656,0.698976,0.9174816,1.08864
2013/9/16,2013,9,16,1.08864,1.512,2.52288,0.671328,0.9125568,1.08
2013/9/17,2013,9,17,1.10592,1.56384,2.4624,0.646272,0.9101376,1.06272
2013/9/18,2013,9,18,1.08864,1.58112,2.376,0.605664,0.9052128,1.0368
2013/9/19,2013,9,19,1.08,1.56384,2.2896,0.580608,0.9003744,1.01952
2013/9/20,2013,9,20,1.07136,1.54656,2.2464,0.571968,0.8954496,1.00224
2013/9/21,2013,9,21,1.05408,1.52928,2.22048,0.560736,0.8930304,0.98496
2013/9/22,2013,9,22,1.0368,1.53792,2.2032,0.555552,0.8978688,0.98496
2013/9/23,2013,9,23,1.05408,1.53792,2.19456,0.549504,0.8905248,0.98496
2013/9/24,2013,9,24,1.10592,1.52928,2.19456,0.538272,0.8831808,0.97632
2013/9/25,2013,9,25,1.13184,1.52064,2.19456,0.538272,0.8905248,0.97632
2013/9/26,2013,9,26,1.11456,1.50336,2.2032,0.504576,0.8978688,0.98496
2013/9/27,2013,9,27,1.09728,1.4688,2.2032,0.482112,0.9003744,1.01088
2013/9/28,2013,9,28,1.08864,1.43424,2.2032,0.47952,0.9003744,1.01088
2013/9/29,2013,9,29,1.07136,1.39104,2.18592,0.47088,0.8930304,1.02816
2013/9/30,2013,9,30,1.06272,1.36512,2.16,0.459648,0.8831808,1.0368
2013/10/1,2013,10,1,1.06272,1.35648,2.12544,0.438048,0.8734176,1.02816
2013/10/2,2013,10,2,1.08864,1.34784,2.10816,0.415584,0.8513856,1.01088
2013/10/3,2013,10,3,1.08864,1.35648,2.0736,0.395712,0.8342784,0.9936
2013/10/4,2013,10,4,1.05408,1.36512,1.9937664,0.374112,0.8146656,0.9936
2013/10/5,2013,10,5,1.01088,1.36512,2.02176,0.357696,0.7877952,1.00224
2013/10/6,2013,10,6,0.9936,1.35648,1.97856,0.326592,0.7681824,0.9936
2013/10/7,2013,10,7,0.9936,1.34784,1.91808,0.338688,0.7535808,0.98496
2013/10/8,2013,10,8,1.01088,1.3392,1.83168,0.343872,0.763344,0.9936
2013/10/9,2013,10,9,1.04544,1.31328,1.8144,0.3130272,0.7584192,0.9936
2013/10/10,2013,10,10,1.08,1.27872,1.80576,0.2405376,0.7681824,1.00224
2013/10/11,2013,10,11,1.08864,1.2528,1.7712,0.2451168,0.7584192,0.9936
2013/10/12,2013,10,12,1.07136,1.23552,1.71072,0.2283552,0.7657632,0.97632
2013/10/13,2013,10,13,1.01952,1.21824,1.65888,0.1989792,0.7681824,0.95904
2013/10/14,2013,10,14,0.9936,1.19232,1.62432,0.1895616,0.7657632,0.94176
2013/10/15,2013,10,15,0.9504,1.17504,1.58112,0.1809216,0.763344,0.93312
2013/10/16,2013,10,16,0.94176,1.15776,1.54656,0.1691712,0.7731072,0.92448
2013/10/17,2013,10,17,0.9936,1.14912,1.512,0.1617408,0.7804512,0.92448
2013/10/18,2013,10,18,1.01088,1.13184,1.47744,0.1538784,0.7902144,0.9072
2013/10/19,2013,10,19,1.01952,1.1232,1.43424,0.1294272,0.79272,0.9072
2013/10/20,2013,10,20,1.06272,1.07136,1.30464,0.1208736,0.8024832,0.89856
2013/10/21,2013,10,21,1.01088,1.01952,0.98496,0.1167264,0.8146656,0.88992
2013/10/22,2013,10,22,0.97632,0.95904,0.653184,0.1079136,0.8220096,0.88128
2013/10/23,2013,10,23,0.9504,0.91584,0.633312,0.103248,0.8440416,0.88128
2013/10/24,2013,10,24,0.9504,0.88992,0.658368,0.0985824,0.8636544,0.864
2013/10/25,2013,10,25,0.95904,0.85968,0.698976,0.0940896,0.8563104,0.851904
2013/10/26,2013,10,26,0.9504,0.832032,0.707616,0.0896832,0.8612352,0.826848
2013/10/27,2013,10,27,0.96768,0.79056,0.628992,0.0853632,0.8636544,0.806112
2013/10/28,2013,10,28,0.95904,0.762912,0.573696,0.0811296,0.8758368,0.787968
2013/10/29,2013,10,29,0.9504,0.742176,0.517536,0.0769824,0.8881056,0.766368
2013/10/30,2013,10,30,0.92448,0.731808,0.469152,0.0729216,0.8881056,0.742176
2013/10/31,2013,10,31,0.91584,0.711072,0.435456,0.0689472,0.8807616,0.717984
2013/11/1,2013,11,1,0.92448,0.717984,0.39744,0.0637632,0.8563104,0.69552
2013/11/2,2013,11,2,0.92448,0.73008,0.373248,0.0606528,0.8416224,0.673056
2013/11/3,2013,11,3,0.9072,0.741312,0.365472,0.0585792,0.807408,0.651456
2013/11/4,2013,11,4,0.88128,0.750816,0.35856,0.0517536,0.763344,0.63072
2013/11/5,2013,11,5,0.864,0.766368,0.350784,0.0484704,0.7216992,0.610848
2013/11/6,2013,11,6,0.857088,0.817344,0.343008,0.0480384,0.6703776,0.590976
2013/11/7,2013,11,7,0.84672,0.9072,0.335232,0.052704,0.6410016,0.571968
2013/11/8,2013,11,8,0.843264,0.97632,0.32832,0.0579744,0.6165504,0.553824
2013/11/9,2013,11,9,0.850176,1.01088,0.320544,0.0572832,0.5945184,0.53568
2013/11/10,2013,11,10,0.839808,0.9936,0.31968,0.065664,0.5774112,0.5184
2013/11/11,2013,11,11,0.84672,0.96768,0.317952,0.0694656,0.5627232,0.501984
2013/11/12,2013,11,12,0.8424,0.96768,0.317088,0.0647136,0.5504544,0.486432
2013/11/13,2013,11,13,0.844992,0.95904,0.31536,0.054,0.538272,0.47088
2013/11/14,2013,11,14,0.840672,0.94176,0.314496,0.0516672,0.5284224,0.455328
2013/11/15,2013,11,15,0.836352,0.9504,0.312768,0.0501984,0.51624,0.44064
2013/11/16,2013,11,16,0.831168,0.93312,0.311904,0.04752,0.5064768,0.426816
2013/11/17,2013,11,17,0.819936,0.9504,0.310176,0.0450144,0.494208,0.412992
2013/11/18,2013,11,18,0.814752,0.95904,0.309312,0.0420768,0.4819392,0.400032
2013/11/19,2013,11,19,0.809568,0.93312,0.307584,0.0432864,0.472176,0.387072
2013/11/20,2013,11,20,0.79488,0.92448,0.30672,0.0442368,0.4526496,0.374976
2013/11/21,2013,11,21,0.782784,0.88992,0.31536,0.0429408,0.4379616,0.36288
2013/11/22,2013,11,22,0.770688,0.88128,0.323136,0.0418176,0.428112,0.350784
2013/11/23,2013,11,23,0.758592,0.88128,0.331776,0.040608,0.4183488,0.340416
2013/11/24,2013,11,24,0.746496,0.87264,0.339552,0.0393984,0.4085856,0.33264
2013/11/25,2013,11,25,0.7344,0.854496,0.348192,0.0381888,0.3988224,0.32832
2013/11/26,2013,11,26,0.72144,0.845856,0.356832,0.0370656,0.3889728,0.325728
2013/11/27,2013,11,27,0.709344,0.845856,0.364608,0.0359424,0.3792096,0.31968
2013/11/28,2013,11,28,0.697248,0.841536,0.373248,0.0347328,0.3694464,0.30672
2013/11/29,2013,11,29,0.688608,0.82512,0.381024,0.0336096,0.3596832,0.285984
2013/11/30,2013,11,30,0.679968,0.82512,0.389664,0.0312768,0.3523392,0.261792
2013/12/1,2013,12,1,0.671328,0.82512,0.391392,0.0307584,0.3424896,0.242784
2013/12/2,2013,12,2,0.662688,0.8208,0.39312,0.0309312,0.3351456,0.228096
2013/12/3,2013,12,3,0.654048,0.81216,0.395712,0.032832,0.3303072,0.216
2013/12/4,2013,12,4,0.645408,0.81216,0.39744,0.0329184,0.3229632,0.206496
2013/12/5,2013,12,5,0.636768,0.7992,0.399168,0.0330912,0.3180384,0.199584
2013/12/6,2013,12,6,0.628128,0.78624,0.400896,0.0335232,0.3106944,0.196128
2013/12/7,2013,12,7,0.619488,0.77328,0.402624,0.0391392,0.305856,0.200448
2013/12/8,2013,12,8,0.610848,0.76464,0.405216,0.0402624,0.3009312,0.212544
2013/12/9,2013,12,9,0.602208,0.756,0.406944,0.0369792,0.2960064,0.22896
2013/12/10,2013,12,10,0.593568,0.74736,0.408672,0.0343872,0.291168,0.245376
2013/12/11,2013,12,11,0.584928,0.7344,0.4104,0.0331776,0.2886624,0.262656
2013/12/12,2013,12,12,0.576288,0.73008,0.411264,0.0303264,0.283824,0.283392
2013/12/13,2013,12,13,0.567648,0.72576,0.412992,0.0278208,0.2788992,0.304128
2013/12/14,2013,12,14,0.559008,0.72144,0.41472,0.0269568,0.27648,0.323136
2013/12/15,2013,12,15,0.550368,0.72144,0.416448,0.026784,0.2715552,0.347328
2013/12/16,2013,12,16,0.541728,0.72144,0.417312,0.0269568,0.269136,0.37584
2013/12/17,2013,12,17,0.541728,0.72144,0.41904,0.0270432,0.2667168,0.400032
2013/12/18,2013,12,18,0.541728,0.72576,0.420768,0.0268704,0.2642112,0.416448
2013/12/19,2013,12,19,0.541728,0.72576,0.421632,0.0285984,0.261792,0.429408
2013/12/20,2013,12,20,0.541728,0.72144,0.42336,0.0298944,0.2593728,0.43632
2013/12/21,2013,12,21,0.541728,0.72144,0.425952,0.0291168,0.254448,0.44064
2013/12/22,2013,12,22,0.541728,0.72576,0.428544,0.0282528,0.2520288,0.441504
2013/12/23,2013,12,23,0.541728,0.72576,0.431136,0.0274752,0.2495232,0.44064
2013/12/24,2013,12,24,0.541728,0.72576,0.433728,0.0266112,0.247104,0.439776
2013/12/25,2013,12,25,0.541728,0.73008,0.43632,0.0258336,0.2446848,0.437184
2013/12/26,2013,12,26,0.541728,0.73008,0.438912,0.021168,0.2409696,0.435456
2013/12/27,2013,12,27,0.542592,0.72144,0.441504,0.019872,0.2373408,0.435456
2013/12/28,2013,12,28,0.543456,0.70848,0.444096,0.0223776,0.2348352,0.434592
2013/12/29,2013,12,29,0.54432,0.6912,0.446688,0.0245376,0.232416,0.433728
2013/12/30,2013,12,30,0.545184,0.6696,0.44928,0.0214272,0.232416,0.432864
2013/12/31,2013,12,31,0.546048,0.65232,0.451872,0.0201312,0.2287872,0.430272
2014/1/1,2014,1,1,0.546912,0.63936,0.4536,0.0202176,0.225072,0.426816
2014/1/2,2014,1,2,0.547776,0.63072,0.455328,0.019872,0.225072,0.422496
2014/1/3,2014,1,3,0.547776,0.61776,0.456192,0.01944,0.225072,0.417312
2014/1/4,2014,1,4,0.54864,0.61344,0.45792,0.0199584,0.2202336,0.412992
2014/1/5,2014,1,5,0.549504,0.61344,0.459648,0.0201312,0.2153088,0.409536
2014/1/6,2014,1,6,0.550368,0.60912,0.461376,0.020304,0.2153088,0.408672
2014/1/7,2014,1,7,0.551232,0.60912,0.463104,0.0202176,0.210384,0.408672
2014/1/8,2014,1,8,0.552096,0.60912,0.463968,0.0201312,0.2079648,0.4104
2014/1/9,2014,1,9,0.55296,0.60912,0.465696,0.0196992,0.2079648,0.411264
2014/1/10,2014,1,10,0.54864,0.60912,0.467424,0.0188352,0.2079648,0.412128
2014/1/11,2014,1,11,0.545184,0.60912,0.463968,0.0197856,0.2055456,0.411264
2014/1/12,2014,1,12,0.540864,0.61344,0.459648,0.01944,0.2055456,0.412992
2014/1/13,2014,1,13,0.537408,0.61776,0.456192,0.0201312,0.2006208,0.41472
2014/1/14,2014,1,14,0.533088,0.62208,0.451872,0.0210816,0.2006208,0.415584
2014/1/15,2014,1,15,0.529632,0.62208,0.448416,0.0212544,0.195696,0.415584
2014/1/16,2014,1,16,0.525312,0.61776,0.444096,0.0227232,0.195696,0.416448
2014/1/17,2014,1,17,0.520992,0.61776,0.44064,0.0238464,0.195696,0.41472
2014/1/18,2014,1,18,0.517536,0.61344,0.437184,0.0240192,0.1908576,0.412992
2014/1/19,2014,1,19,0.513216,0.60912,0.432864,0.0228096,0.1908576,0.409536
2014/1/20,2014,1,20,0.50976,0.60912,0.429408,0.0216864,0.1859328,0.405216
2014/1/21,2014,1,21,0.50544,0.60048,0.425088,0.0208224,0.1859328,0.40176
2014/1/22,2014,1,22,0.503712,0.59616,0.421632,0.0196992,0.1835136,0.398304
2014/1/23,2014,1,23,0.502848,0.59184,0.417312,0.0188352,0.1835136,0.398304
2014/1/24,2014,1,24,0.50112,0.58752,0.413856,0.0179712,0.1835136,0.400032
2014/1/25,2014,1,25,0.500256,0.5832,0.409536,0.0171072,0.1835136,0.400896
2014/1/26,2014,1,26,0.498528,0.5832,0.405216,0.0152064,0.1785888,0.399168
2014/1/27,2014,1,27,0.4968,0.58752,0.40176,0.0128736,0.1785888,0.398304
2014/1/28,2014,1,28,0.495936,0.6048,0.39744,0.0108864,0.1761696,0.39744
2014/1/29,2014,1,29,0.494208,0.61344,0.39312,0.0113184,0.1761696,0.395712
2014/1/30,2014,1,30,0.49248,0.62208,0.389664,0.01512,0.173664,0.39312
2014/1/31,2014,1,31,0.491616,0.6264,0.385344,0.0167616,0.173664,0.39312
2014/2/1,2014,2,1,0.489888,0.63072,0.381888,0.016848,0.173664,0.393984
2014/2/2,2014,2,2,0.489024,0.63936,0.378432,0.015552,0.1712448,0.394848
2014/2/3,2014,2,3,0.487296,0.63504,0.374976,0.0152928,0.1712448,0.396576
2014/2/4,2014,2,4,0.485568,0.63504,0.37152,0.0153792,0.1688256,0.399168
2014/2/5,2014,2,5,0.484704,0.6264,0.368064,0.0158112,0.1688256,0.400032
2014/2/6,2014,2,6,0.482976,0.62208,0.364608,0.016848,0.1664064,0.400896
2014/2/7,2014,2,7,0.481248,0.61344,0.361152,0.0178848,0.1664064,0.403488
2014/2/8,2014,2,8,0.47952,0.6048,0.357696,0.01944,0.1639008,0.40176
2014/2/9,2014,2,9,0.477792,0.59616,0.35424,0.0174528,0.1639008,0.400032
2014/2/10,2014,2,10,0.476064,0.58752,0.350784,0.0166752,0.1639008,0.400032
2014/2/11,2014,2,11,0.473472,0.57456,0.348192,0.0150336,0.1639008,0.400032
2014/2/12,2014,2,12,0.471744,0.56592,0.3456,0.0139968,0.1614816,0.399168
2014/2/13,2014,2,13,0.470016,0.55728,0.343008,0.0141696,0.1614816,0.400032
2014/2/14,2014,2,14,0.468288,0.55296,0.340416,0.014688,0.1590624,0.398304
2014/2/15,2014,2,15,0.46656,0.54864,0.337824,0.015984,0.1590624,0.395712
2014/2/16,2014,2,16,0.464832,0.54864,0.335232,0.0167616,0.1590624,0.393984
2014/2/17,2014,2,17,0.463104,0.54864,0.33264,0.015552,0.1565568,0.392256
2014/2/18,2014,2,18,0.461376,0.54432,0.330048,0.0147744,0.1565568,0.391392
2014/2/19,2014,2,19,0.459648,0.54432,0.327456,0.0144288,0.1541376,0.392256
2014/2/20,2014,2,20,0.45792,0.54864,0.324864,0.0137376,0.1541376,0.392256
2014/2/21,2014,2,21,0.455328,0.55296,0.321408,0.0136512,0.1517184,0.392256
2014/2/22,2014,2,22,0.4536,0.55296,0.317952,0.0135648,0.1517184,0.392256
2014/2/23,2014,2,23,0.451872,0.55728,0.314496,0.0136512,0.1517184,0.391392
2014/2/24,2014,2,24,0.450144,0.5616,0.311904,0.0141696,0.1492128,0.391392
2014/2/25,2014,2,25,0.448416,0.56592,0.308448,0.0153792,0.1492128,0.391392
2014/2/26,2014,2,26,0.450144,0.56592,0.304992,0.0163296,0.1467936,0.391392
2014/2/27,2014,2,27,0.451872,0.56592,0.301536,0.0171936,0.1467936,0.392256
2014/2/28,2014,2,28,0.4536,0.57024,0.29808,0.0173664,0.1418688,0.392256
2014/3/1,2014,3,1,0.454464,0.56592,0.292896,0.0157248,0.1418688,0.391392
2014/3/2,2014,3,2,0.456192,0.56592,0.287712,0.0150336,0.1394496,0.390528
2014/3/3,2014,3,3,0.45792,0.56592,0.283392,0.0150336,0.1394496,0.390528
2014/3/4,2014,3,4,0.459648,0.5616,0.278208,0.0152064,0.1370304,0.391392
2014/3/5,2014,3,5,0.461376,0.5616,0.273024,0.0146016,0.1370304,0.3888
2014/3/6,2014,3,6,0.463104,0.55728,0.26784,0.0135648,0.1370304,0.38448
2014/3/7,2014,3,7,0.464832,0.55296,0.262656,0.0123552,0.1345248,0.379296
2014/3/8,2014,3,8,0.46656,0.54864,0.257472,0.0107136,0.1345248,0.37584
2014/3/9,2014,3,9,0.467424,0.54432,0.253152,0.0102816,0.1345248,0.372384
2014/3/10,2014,3,10,0.469152,0.54432,0.256608,0.0098496,0.1321056,0.368928
2014/3/11,2014,3,11,0.47088,0.54432,0.242784,0.0098496,0.1321056,0.365472
2014/3/12,2014,3,12,0.472608,0.54864,0.241056,0.0101952,0.1321056,0.36288
2014/3/13,2014,3,13,0.471744,0.54864,0.238464,0.0106272,0.1321056,0.360288
2014/3/14,2014,3,14,0.470016,0.54864,0.236736,0.0110592,0.1296864,0.357696
2014/3/15,2014,3,15,0.469152,0.54864,0.235008,0.0114048,0.1296864,0.355968
2014/3/16,2014,3,16,0.467424,0.54864,0.232416,0.0121824,0.1296864,0.353376
2014/3/17,2014,3,17,0.46656,0.54864,0.230688,0.0124416,0.1296864,0.351648
2014/3/18,2014,3,18,0.464832,0.54864,0.228096,0.0121824,0.1271808,0.350784
2014/3/19,2014,3,19,0.463968,0.54864,0.226368,0.013824,0.1271808,0.349056
2014/3/20,2014,3,20,0.46224,0.54864,0.225504,0.0141696,0.1247616,0.346464
2014/3/21,2014,3,21,0.461376,0.54864,0.22464,0.013824,0.1247616,0.343872
2014/3/22,2014,3,22,0.459648,0.54864,0.22464,0.0137376,0.1247616,0.339552
2014/3/23,2014,3,23,0.458784,0.54864,0.223776,0.0139968,0.1223424,0.33696
2014/3/24,2014,3,24,0.457056,0.54864,0.222912,0.0141696,0.1223424,0.333504
2014/3/25,2014,3,25,0.456192,0.54864,0.222048,0.0143424,0.1223424,0.331776
2014/3/26,2014,3,26,0.452736,0.54864,0.221184,0.0145152,0.1199232,0.330048
2014/3/27,2014,3,27,0.448416,0.54864,0.22032,0.0149472,0.1199232,0.32832
2014/3/28,2014,3,28,0.44496,0.54864,0.22032,0.01512,0.1199232,0.326592
2014/3/29,2014,3,29,0.44064,0.54864,0.219456,0.01512,0.1174176,0.326592
2014/3/30,2014,3,30,0.437184,0.55296,0.218592,0.0152928,0.1174176,0.324864
2014/3/31,2014,3,31,0.432864,0.55296,0.217728,0.0156384,0.1174176,0.323136
2014/4/1,2014,4,1,0.429408,0.55296,0.216864,0.0158112,0.1174176,0.321408
2014/4/2,2014,4,2,0.425088,0.55296,0.216864,0.0154656,0.1149984,0.317952
2014/4/3,2014,4,3,0.421632,0.55296,0.216,0.0150336,0.1149984,0.314496
2014/4/4,2014,4,4,0.417312,0.55296,0.216,0.0147744,0.1137888,0.311904
2014/4/5,2014,4,5,0.420768,0.55728,0.215136,0.0144288,0.1137888,0.310176
2014/4/6,2014,4,6,0.424224,0.5616,0.214272,0.0139968,0.1137888,0.308448
2014/4/7,2014,4,7,0.42768,0.5616,0.214272,0.0137376,0.1125792,0.307584
2014/4/8,2014,4,8,0.431136,0.56592,0.213408,0.0139104,0.1125792,0.307584
2014/4/9,2014,4,9,0.434592,0.56592,0.213408,0.0137376,0.1125792,0.307584
2014/4/10,2014,4,10,0.438048,0.57024,0.212544,0.0133056,0.1112832,0.30672
2014/4/11,2014,4,11,0.442368,0.57456,0.21168,0.0137376,0.1112832,0.305856
2014/4/12,2014,4,12,0.445824,0.57456,0.209952,0.0137376,0.1112832,0.304128
2014/4/13,2014,4,13,0.44928,0.5832,0.209088,0.0134784,0.1112832,0.303264
2014/4/14,2014,4,14,0.452736,0.58752,0.208224,0.0133056,0.1112832,0.3024
2014/4/15,2014,4,15,0.456192,0.59184,0.206496,0.0136512,0.1100736,0.301536
2014/4/16,2014,4,16,0.459648,0.60048,0.205632,0.0162432,0.1100736,0.301536
2014/4/17,2014,4,17,0.463104,0.60912,0.204768,0.0158112,0.1100736,0.3024
2014/4/18,2014,4,18,0.46656,0.61776,0.20304,0.0165888,0.1100736,0.303264
2014/4/19,2014,4,19,0.470016,0.63072,0.202176,0.0163296,0.1100736,0.304128
2014/4/20,2014,4,20,0.473472,0.64368,0.201312,0.0167616,0.1100736,0.304992
2014/4/21,2014,4,21,0.476928,0.65664,0.199584,0.015984,0.1112832,0.304992
2014/4/22,2014,4,22,0.480384,0.6696,0.19872,0.0165024,0.1112832,0.304992
2014/4/23,2014,4,23,0.484704,0.68256,0.197856,0.0178848,0.1112832,0.303264
2014/4/24,2014,4,24,0.48816,0.69552,0.196992,0.0165024,0.1125792,0.3024
2014/4/25,2014,4,25,0.491616,0.7128,0.195264,0.0158976,0.1125792,0.301536
2014/4/26,2014,4,26,0.495072,0.73008,0.1944,0.0154656,0.1149984,0.301536
2014/4/27,2014,4,27,0.498528,0.75168,0.193536,0.0140832,0.1199232,0.303264
2014/4/28,2014,4,28,0.501984,0.76896,0.192672,0.0136512,0.1271808,0.305856
2014/4/29,2014,4,29,0.50544,0.79488,0.190944,0.013824,0.1370304,0.308448
2014/4/30,2014,4,30,0.536544,0.8208,0.19008,0.013824,0.1565568,0.311904
2014/5/1,2014,5,1,0.567648,0.83376,0.189216,0.013824,0.1835136,0.317952
2014/5/2,2014,5,2,0.597888,0.85536,0.187488,0.013392,0.2202336,0.326592
2014/5/3,2014,5,3,0.628992,0.88128,0.186624,0.013392,0.2935872,0.337824
2014/5/4,2014,5,4,0.660096,0.92448,0.18576,0.013392,0.3914784,0.355104
2014/5/5,2014,5,5,0.6912,1.01088,0.184032,0.0132192,0.4892832,0.377568
2014/5/6,2014,5,6,0.72144,1.11456,0.183168,0.013392,0.5627232,0.411264
2014/5/7,2014,5,7,0.752544,1.17504,0.196992,0.0131328,0.6360768,0.480384
2014/5/8,2014,5,8,0.848448,1.2528,0.21168,0.0135648,0.7095168,0.579744
2014/5/9,2014,5,9,0.94176,1.27872,0.225504,0.014688,0.7584192,0.70848
2014/5/10,2014,5,10,1.01952,1.62432,0.239328,0.0137376,0.807408,0.782784
2014/5/11,2014,5,11,1.11456,1.71936,0.253152,0.014688,0.8563104,0.84672
2014/5/12,2014,5,12,1.21824,1.7712,0.26784,0.0136512,0.9052128,0.89856
2014/5/13,2014,5,13,1.33056,2.15136,0.281664,0.0133056,0.9834912,0.9504
2014/5/14,2014,5,14,1.4688,2.17728,0.294624,0.013824,1.0520064,1.07136
2014/5/15,2014,5,15,1.63296,2.41056,0.369792,0.0139968,1.1107584,1.2528
2014/5/16,2014,5,16,1.79712,3.8448,0.478656,0.013824,1.16208,1.4688
2014/5/17,2014,5,17,1.96128,4.2336,0.645408,0.0144288,1.2085632,1.58112
2014/5/18,2014,5,18,2.16,4.63968,0.9072,0.0141696,1.2452832,1.54656
2014/5/19,2014,5,19,2.35008,5.13216,1.23552,0.0147744,1.2746592,1.61568
2014/5/20,2014,5,20,2.4624,6.15168,1.944,0.01512,1.294272,1.73664
2014/5/21,2014,5,21,2.58336,7.18848,2.74752,0.0160704,1.3113792,1.95264
2014/5/22,2014,5,22,2.70432,8.53632,4.85568,0.0165888,1.3187232,1.71936
2014/5/23,2014,5,23,2.85984,9.3312,7.32672,0.0183168,1.3162176,1.50336
2014/5/24,2014,5,24,2.94624,9.8496,8.9856,0.0188352,1.3113792,1.54656
2014/5/25,2014,5,25,3.04992,10.1952,11.3184,0.0197856,1.2966912,2.00448
2014/5/26,2014,5,26,3.05856,9.7632,12.7008,0.0216864,1.2844224,2.06496
2014/5/27,2014,5,27,3.04128,9.504,13.7376,0.0392256,1.2746592,2.15136
2014/5/28,2014,5,28,3.00672,8.8992,14.4288,0.0658368,1.2599712,2.19456
2014/5/29,2014,5,29,3.00672,8.51904,14.9472,0.1340928,1.2477888,2.12544
2014/5/30,2014,5,30,2.98944,8.1648,11.3184,0.2415744,1.2379392,2.0304
2014/5/31,2014,5,31,2.97216,7.76736,9.6768,0.5324832,1.2305952,1.9872
2014/6/1,2014,6,1,2.95488,7.24896,8.7264,0.9904032,1.228176,1.96128
2014/6/2,2014,6,2,2.97216,6.84288,7.94016,1.36512,1.1866176,1.91808
2014/6/3,2014,6,3,2.96352,6.45408,7.24896,1.37376,1.16208,1.86624
2014/6/4,2014,6,4,2.90304,6.08256,6.71328,1.3824,1.1449728,1.79712
2014/6/5,2014,6,5,2.86848,5.84928,6.42816,1.97856,1.1254464,1.71936
2014/6/6,2014,6,6,2.8944,5.68512,6.02208,2.02176,1.1083392,1.66752
2014/6/7,2014,6,7,2.8944,5.58144,5.72832,2.06496,1.0960704,1.61568
2014/6/8,2014,6,8,2.8944,5.51232,5.54688,2.09952,1.0813824,1.58112
2014/6/9,2014,6,9,2.8944,5.39136,5.39136,2.12544,1.0716192,1.5552
2014/6/10,2014,6,10,2.90304,5.38272,5.24448,2.14272,1.0789632,1.53792
2014/6/11,2014,6,11,2.90304,5.43456,5.17536,2.16864,1.0936512,1.5552
2014/6/12,2014,6,12,2.90304,5.52096,5.15808,2.2032,1.1131776,1.58976
2014/6/13,2014,6,13,2.8944,5.64192,5.03712,2.18592,1.1352096,1.62432
2014/6/14,2014,6,14,2.8944,5.69376,4.94208,2.17728,1.1572416,1.65024
2014/6/15,2014,6,15,2.8944,5.71968,4.82112,2.2032,1.1792736,1.6416
2014/6/16,2014,6,16,2.8944,5.71104,4.67424,2.16,1.1939616,1.61568
2014/6/17,2014,6,17,2.92032,5.7456,4.58784,2.14272,1.2085632,1.58976
2014/6/18,2014,6,18,2.92032,5.88384,4.54464,2.09088,1.2159072,1.56384
2014/6/19,2014,6,19,2.92896,5.9184,4.44096,2.0304,1.2184128,1.56384
2014/6/20,2014,6,20,2.92896,5.9184,4.38048,1.9872,1.220832,1.58112
2014/6/21,2014,6,21,2.92896,5.832,4.31136,1.91808,1.220832,1.62432
2014/6/22,2014,6,22,2.94624,5.73696,4.25952,1.8576,1.2184128,1.63296
2014/6/23,2014,6,23,2.94624,5.64192,4.19904,1.8144,1.2184128,1.60704
2014/6/24,2014,6,24,2.94624,5.36544,4.13856,1.7712,1.2110688,1.58976
2014/6/25,2014,6,25,2.92896,5.184,4.08672,1.76256,1.2085632,1.58976
2014/6/26,2014,6,26,2.92896,5.02848,4.00032,1.74528,1.2085632,1.58976
2014/6/27,2014,6,27,2.9376,4.8384,3.90528,1.67616,1.206144,1.60704
2014/6/28,2014,6,28,2.95488,4.5792,3.8448,1.53792,1.2110688,1.61568
2014/6/29,2014,6,29,2.96352,4.41504,3.76704,1.3824,1.220832,1.58976
2014/6/30,2014,6,30,2.96352,4.22496,3.69792,1.28736,1.2305952,1.56384
2014/7/1,2014,7,1,2.95488,3.95712,3.64608,1.2096,1.2477888,1.52928
2014/7/2,2014,7,2,2.9376,3.73248,3.57696,1.1232,1.2551328,1.49472
2014/7/3,2014,7,3,2.92896,3.56832,3.51648,1.05408,1.264896,1.4688
2014/7/4,2014,7,4,2.92032,3.36096,3.43008,1.02816,1.286928,1.45152
2014/7/5,2014,7,5,2.91168,3.22272,3.3696,1.02816,1.3040352,1.4256
2014/7/6,2014,7,6,2.88576,3.17952,3.2832,1.06272,1.3260672,1.40832
2014/7/7,2014,7,7,2.84256,3.10176,3.21408,1.08864,1.3235616,1.40832
2014/7/8,2014,7,8,2.87712,2.7648,3.1104,1.14912,1.3358304,1.39968
2014/7/9,2014,7,9,2.87712,2.6352,3.00672,1.20096,1.3455936,1.37376
2014/7/10,2014,7,10,2.85984,2.48832,2.9376,1.23552,1.3455936,1.37376
2014/7/11,2014,7,11,2.84256,2.34144,2.84256,1.22688,1.3505184,1.40832
2014/7/12,2014,7,12,2.84256,2.19456,2.74752,1.13184,1.3529376,1.4688
2014/7/13,2014,7,13,2.82528,2.12544,2.68704,1.02816,1.3455936,1.54656
2014/7/14,2014,7,14,2.81664,2.06496,2.60928,1.00224,1.3358304,1.58112
2014/7/15,2014,7,15,2.808,1.944,2.57472,0.98496,1.3162176,1.58976
2014/7/16,2014,7,16,2.79936,1.84032,2.52288,0.95904,1.2966912,1.56384
2014/7/17,2014,7,17,2.7648,1.74528,2.52288,0.92448,1.2820032,1.52928
2014/7/18,2014,7,18,2.71296,1.69344,2.53152,0.89856,1.279584,1.48608
2014/7/19,2014,7,19,2.7648,1.63296,2.54016,0.850176,1.264896,1.45152
2014/7/20,2014,7,20,2.79072,1.5984,2.60064,0.787104,1.2623904,1.43424
2014/7/21,2014,7,21,2.79936,1.5552,2.70432,0.73008,1.2673152,1.39968
2014/7/22,2014,7,22,2.79072,1.52928,2.8512,0.707616,1.2770784,1.37376
2014/7/23,2014,7,23,2.77344,1.52064,2.96352,0.671328,1.286928,1.3392
2014/7/24,2014,7,24,2.7648,1.50336,3.1104,0.644544,1.3064544,1.31328
2014/7/25,2014,7,25,2.74752,1.47744,3.16224,0.618624,1.3235616,1.30464
2014/7/26,2014,7,26,2.75616,1.45152,3.1104,0.625536,1.3382496,1.296
2014/7/27,2014,7,27,2.7648,1.43424,3.00672,0.637632,1.3480992,1.26144
2014/7/28,2014,7,28,2.74752,1.39968,2.86848,0.705888,1.3505184,1.24416
2014/7/29,2014,7,29,2.73888,1.37376,2.73024,0.772416,1.3455936,1.21824
2014/7/30,2014,7,30,2.73024,1.34784,2.55744,0.857088,1.3431744,1.19232
2014/7/31,2014,7,31,2.73024,1.3392,2.41056,0.88128,1.3431744,1.17504
2014/8/1,2014,8,1,2.73024,1.35648,2.2896,0.93312,1.3407552,1.14912
2014/8/2,2014,8,2,2.73024,1.3824,2.16864,0.98496,1.3309056,1.14048
2014/8/3,2014,8,3,2.7216,1.39104,2.0736,1.02816,1.3211424,1.1664
2014/8/4,2014,8,4,2.70432,1.43424,2.03904,1.04544,1.3064544,1.17504
2014/8/5,2014,8,5,2.68704,1.57248,2.01312,1.05408,1.294272,1.18368
2014/8/6,2014,8,6,2.6784,1.65888,1.99584,1.02816,1.2820032,1.17504
2014/8/7,2014,8,7,2.66112,1.67616,2.0304,1.01952,1.2697344,1.15776
2014/8/8,2014,8,8,2.64384,1.6416,2.0736,0.9936,1.2599712,1.11456
2014/8/9,2014,8,9,2.6352,1.5984,2.14272,0.96768,1.2404448,1.07136
2014/8/10,2014,8,10,2.61792,1.58112,2.16864,0.95904,1.2257568,1.04544
2014/8/11,2014,8,11,2.592,1.58112,2.18592,0.94176,1.206144,1.01952
2014/8/12,2014,8,12,2.57472,1.5984,2.17728,0.92448,1.191456,1.01088
2014/8/13,2014,8,13,2.55744,1.60704,2.12544,0.89856,1.184112,1.02816
2014/8/14,2014,8,14,2.54016,1.5984,2.10816,0.88992,1.1670048,1.02816
2014/8/15,2014,8,15,2.51424,1.58112,2.09952,0.8424,1.1572416,1.01952
2014/8/16,2014,8,16,2.47104,1.5552,2.10816,0.81216,1.1449728,1.01088
2014/8/17,2014,8,17,2.44512,1.53792,2.16864,0.789696,1.1352096,1.00224
2014/8/18,2014,8,18,2.40192,1.512,2.28096,0.759456,1.1254464,0.9936
2014/8/19,2014,8,19,2.32416,1.47744,2.35008,0.705888,1.1155968,0.97632
2014/8/20,2014,8,20,2.2464,1.44288,2.48832,0.694656,1.1009952,0.95904
2014/8/21,2014,8,21,2.17728,1.43424,2.51424,0.680832,1.0838016,0.94176
2014/8/22,2014,8,22,2.09088,1.4256,2.57472,0.662688,1.054512,0.94176
2014/8/23,2014,8,23,2.00448,1.41696,2.5488,0.644544,1.03248,0.9504
2014/8/24,2014,8,24,1.93536,1.43424,2.49696,0.655776,1.017792,0.9504
2014/8/25,2014,8,25,1.86624,1.46016,2.45376,0.675648,1.0055232,0.9504
2014/8/26,2014,8,26,1.79712,1.4688,2.40192,0.696384,0.9908352,0.94176
2014/8/27,2014,8,27,1.71936,1.4688,2.376,0.637632,0.981072,0.92448
2014/8/28,2014,8,28,1.66752,1.4688,2.36736,0.520128,0.973728,0.9072
2014/8/29,2014,8,29,1.60704,1.4688,2.35872,0.524448,0.9713088,0.9072
2014/8/30,2014,8,30,1.5552,1.47744,2.36736,0.513216,0.9639648,0.93312
2014/8/31,2014,8,31,1.50336,1.52928,2.43648,0.495072,0.9566208,0.92448
2014/9/1,2014,9,1,1.45152,1.57248,2.48832,0.455328,0.944352,0.91584
2014/9/2,2014,9,2,1.4256,1.58976,2.52288,0.432864,0.9566208,0.92448
2014/9/3,2014,9,3,1.36512,1.58976,2.592,0.411264,0.95904,0.92448
2014/9/4,2014,9,4,1.34784,1.5984,2.66112,0.38016,0.95904,0.92448
2014/9/5,2014,9,5,1.3392,1.61568,2.66976,0.364608,0.9615456,0.93312
2014/9/6,2014,9,6,1.31328,1.67616,2.60928,0.336096,0.9639648,0.94176
2014/9/7,2014,9,7,1.27872,1.71072,2.53152,0.326592,0.9639648,0.91584
2014/9/8,2014,9,8,1.296,1.728,2.4624,0.294624,0.966384,0.88128
2014/9/9,2014,9,9,1.296,1.74528,2.34144,0.29808,0.973728,0.857952
2014/9/10,2014,9,10,1.2528,1.75392,2.25504,0.292896,0.9834912,0.85104
2014/9/11,2014,9,11,1.26144,1.79712,2.16864,0.274752,0.99576,0.837216
2014/9/12,2014,9,12,1.26144,1.92672,2.15136,0.260928,1.010448,0.818208
2014/9/13,2014,9,13,1.23552,1.9872,2.15136,0.235872,1.0202112,0.800928
2014/9/14,2014,9,14,1.18368,1.9872,2.17728,0.2376,1.0275552,0.79056
2014/9/15,2014,9,15,1.2096,1.96992,2.21184,0.245376,1.025136,0.775008
2014/9/16,2014,9,16,1.2528,1.92672,2.25504,0.243648,1.017792,0.759456
2014/9/17,2014,9,17,1.23552,1.87488,2.27232,0.240192,1.0080288,0.758592
2014/9/18,2014,9,18,1.2528,1.83168,2.2896,0.218592,0.99576,0.768096
2014/9/19,2014,9,19,1.27008,1.77984,2.29824,0.203904,0.981072,0.772416
2014/9/20,2014,9,20,1.23552,1.73664,2.2896,0.199584,0.9639648,0.76896
2014/9/21,2014,9,21,1.24416,1.71072,2.27232,0.196992,0.944352,0.765504
2014/9/22,2014,9,22,1.31328,1.71072,2.26368,0.192672,0.9272448,0.787104
2014/9/23,2014,9,23,1.32192,1.70208,2.19456,0.186624,0.9125568,0.774144
2014/9/24,2014,9,24,1.32192,1.70208,2.15136,0.186624,0.8954496,0.775872
2014/9/25,2014,9,25,1.33056,1.71072,2.1168,0.19008,0.8831808,0.776736
2014/9/26,2014,9,26,1.32192,1.71936,2.08224,0.196992,0.8758368,0.79056
2014/9/27,2014,9,27,1.28736,1.71936,2.0736,0.203904,0.8636544,0.792288
2014/9/28,2014,9,28,1.27008,1.71936,2.1168,0.206496,0.8489664,0.77328
2014/9/29,2014,9,29,1.2528,1.71072,2.17728,0.206496,0.8440416,0.756
2014/9/30,2014,9,30,1.23552,1.728,2.25504,0.221184,0.8342784,0.745632
2014/10/1,2014,10,1,1.2096,1.73664,2.35008,0.203904,0.8293536,0.739584
2014/10/2,2014,10,2,1.17504,1.71072,2.52288,0.199584,0.8269344,0.736128
2014/10/3,2014,10,3,1.17504,1.67616,2.592,0.200448,0.8293536,0.744768
2014/10/4,2014,10,4,1.20096,1.63296,2.64384,0.199584,0.8269344,0.750816
2014/10/5,2014,10,5,1.23552,1.5984,2.66976,0.196128,0.8146656,0.755136
2014/10/6,2014,10,6,1.2528,1.56384,2.64384,0.1944,0.8024832,0.781056
2014/10/7,2014,10,7,1.23552,1.53792,2.57472,0.206496,0.79272,0.817344
2014/10/8,2014,10,8,1.27008,1.52064,2.49696,0.225504,0.7804512,0.831168
2014/10/9,2014,10,9,1.27872,1.49472,2.4192,0.222912,0.7731072,0.802656
2014/10/10,2014,10,10,1.296,1.4688,2.28096,0.210816,0.7657632,0.779328
2014/10/11,2014,10,11,1.27008,1.45152,2.29824,0.20736,0.748656,0.772416
2014/10/12,2014,10,12,1.296,1.43424,2.29824,0.186624,0.7315488,0.763776
2014/10/13,2014,10,13,1.296,1.41696,2.29824,0.18576,0.7095168,0.753408
2014/10/14,2014,10,14,1.24416,1.39104,1.86624,0.184032,0.6874848,0.746496
2014/10/15,2014,10,15,1.21824,1.37376,1.74528,0.152064,0.6777216,0.7344
2014/10/16,2014,10,16,1.15776,1.35648,1.65024,0.139104,0.6703776,0.723168
2014/10/17,2014,10,17,1.09728,1.27008,1.58112,0.124416,0.6581088,0.716256
2014/10/18,2014,10,18,1.04544,1.20096,1.47744,0.0914976,0.6483456,0.713664
2014/10/19,2014,10,19,0.98496,1.14912,1.36512,0.0823392,0.6360768,0.715392
2014/10/20,2014,10,20,0.95904,1.10592,1.27008,0.0863136,0.6238944,0.713664
2014/10/21,2014,10,21,0.93312,1.06272,1.18368,0.0844992,0.6116256,0.705024
2014/10/22,2014,10,22,0.91584,1.01952,1.1664,0.0839808,0.5994432,0.692928
2014/10/23,2014,10,23,0.88992,0.96768,1.09728,0.0852768,0.5871744,0.68256
2014/10/24,2014,10,24,0.88128,0.89856,0.93312,0.0870912,0.5749056,0.658368
2014/10/25,2014,10,25,0.87264,0.862272,0.804384,0.0864864,0.5627232,0.59616
2014/10/26,2014,10,26,0.849312,0.832896,0.71712,0.0793152,0.5504544,0.541728
2014/10/27,2014,10,27,0.840672,0.840672,0.467424,0.0735264,0.538272,0.524448
2014/10/28,2014,10,28,0.828576,0.834624,0.471744,0.0724032,0.5260032,0.510624
2014/10/29,2014,10,29,0.819936,0.822528,0.439776,0.1185408,0.5138208,0.497664
2014/10/30,2014,10,30,0.80784,0.821664,0.411264,0.0972864,0.501552,0.484704
2014/10/31,2014,10,31,0.804384,0.85536,0.389664,0.0789696,0.4892832,0.471744
2014/11/1,2014,11,1,0.792288,0.93312,0.373248,0.0756,0.472176,0.459648
2014/11/2,2014,11,2,0.779328,0.9936,0.343872,0.0724032,0.4550688,0.447552
2014/11/3,2014,11,3,0.765504,0.9936,0.33264,0.0692064,0.4403808,0.43632
2014/11/4,2014,11,4,0.749088,0.97632,0.309312,0.066096,0.428112,0.424224
2014/11/5,2014,11,5,0.745632,0.94176,0.296352,0.063072,0.4183488,0.413856
2014/11/6,2014,11,6,0.73872,0.9072,0.292896,0.0601344,0.4110048,0.402624
2014/11/7,2014,11,7,0.717984,0.88128,0.290304,0.0571968,0.4036608,0.392256
2014/11/8,2014,11,8,0.70416,0.857088,0.286848,0.054432,0.3963168,0.381888
2014/11/9,2014,11,9,0.693792,0.851904,0.284256,0.0515808,0.3889728,0.372384
2014/11/10,2014,11,10,0.687744,0.832032,0.2808,0.0489024,0.3841344,0.36288
2014/11/11,2014,11,11,0.679968,0.817344,0.274752,0.0463104,0.3792096,0.353376
2014/11/12,2014,11,12,0.666144,0.827712,0.26784,0.0507168,0.3742848,0.343872
2014/11/13,2014,11,13,0.66096,0.822528,0.261792,0.0432,0.3718656,0.335232
2014/11/14,2014,11,14,0.662688,0.822528,0.25488,0.0381024,0.3694464,0.326592
2014/11/15,2014,11,15,0.659232,0.806976,0.248832,0.0368928,0.3670272,0.317952
2014/11/16,2014,11,16,0.662688,0.81216,0.242784,0.0349056,0.3645216,0.309312
2014/11/17,2014,11,17,0.6696,0.806112,0.235872,0.0322272,0.3621024,0.301536
2014/11/18,2014,11,18,0.664416,0.814752,0.229824,0.035424,0.3596832,0.292032
2014/11/19,2014,11,19,0.676512,0.804384,0.222912,0.0452736,0.3571776,0.279936
2014/11/20,2014,11,20,0.688608,0.813024,0.216864,0.0434592,0.3523392,0.268704
2014/11/21,2014,11,21,0.700704,0.817344,0.221184,0.0420768,0.3474144,0.2592
2014/11/22,2014,11,22,0.7128,0.806112,0.225504,0.0407808,0.3400704,0.251424
2014/11/23,2014,11,23,0.724896,0.806112,0.230688,0.0393984,0.3303072,0.243648
2014/11/24,2014,11,24,0.736128,0.801792,0.235008,0.0381024,0.320544,0.234144
2014/11/25,2014,11,25,0.748224,0.797472,0.239328,0.0368064,0.3106944,0.22464
2014/11/26,2014,11,26,0.76032,0.77328,0.243648,0.0355104,0.3009312,0.216864
2014/11/27,2014,11,27,0.772416,0.76896,0.247968,0.0342144,0.291168,0.213408
2014/11/28,2014,11,28,0.784512,0.76032,0.253152,0.0330048,0.2813184,0.21168
2014/11/29,2014,11,29,0.787968,0.75168,0.257472,0.0317088,0.2715552,0.210816
2014/11/30,2014,11,30,0.792288,0.74304,0.261792,0.0304992,0.261792,0.210816
2014/12/1,2014,12,1,0.795744,0.7344,0.266112,0.0321408,0.254448,0.210816
2014/12/2,2014,12,2,0.800064,0.72576,0.269568,0.0348192,0.2495232,0.210816
2014/12/3,2014,12,3,0.80352,0.72144,0.273888,0.03456,0.2446848,0.210816
2014/12/4,2014,12,4,0.80784,0.7128,0.278208,0.033264,0.2421792,0.209088
2014/12/5,2014,12,5,0.811296,0.70848,0.282528,0.0317088,0.23976,0.208224
2014/12/6,2014,12,6,0.815616,0.70416,0.285984,0.0307584,0.2373408,0.208224
2014/12/7,2014,12,7,0.819072,0.69984,0.290304,0.0305856,0.2348352,0.209952
2014/12/8,2014,12,8,0.823392,0.69984,0.294624,0.0297216,0.232416,0.216
2014/12/9,2014,12,9,0.826848,0.69552,0.29808,0.0292032,0.2299968,0.228096
2014/12/10,2014,12,10,0.830304,0.6912,0.3024,0.0286848,0.2274912,0.251424
2014/12/11,2014,12,11,0.834624,0.68688,0.3024,0.0288576,0.225072,0.273888
2014/12/12,2014,12,12,0.83808,0.68256,0.301536,0.0286848,0.2226528,0.295488
2014/12/13,2014,12,13,0.8424,0.67824,0.301536,0.0284256,0.2202336,0.314496
2014/12/14,2014,12,14,0.845856,0.6696,0.300672,0.028944,0.2202336,0.32832
2014/12/15,2014,12,15,0.850176,0.66528,0.300672,0.0291168,0.217728,0.335232
2014/12/16,2014,12,16,0.853632,0.66528,0.299808,0.0288576,0.217728,0.33696
2014/12/17,2014,12,17,0.857952,0.66096,0.299808,0.0297216,0.2153088,0.335232
2014/12/18,2014,12,18,0.861408,0.65664,0.298944,0.0294624,0.2153088,0.330912
2014/12/19,2014,12,19,0.853632,0.65664,0.298944,0.0286848,0.2128896,0.325728
2014/12/20,2014,12,20,0.845856,0.65232,0.29808,0.0281664,0.2128896,0.320544
2014/12/21,2014,12,21,0.83808,0.65664,0.29808,0.0275616,0.210384,0.31536
2014/12/22,2014,12,22,0.830304,0.65664,0.297216,0.0270432,0.210384,0.311904
2014/12/23,2014,12,23,0.822528,0.66096,0.297216,0.0265248,0.2079648,0.312768
2014/12/24,2014,12,24,0.815616,0.66528,0.297216,0.0260064,0.2079648,0.316224
2014/12/25,2014,12,25,0.80784,0.67392,0.296352,0.025488,0.2079648,0.322272
2014/12/26,2014,12,26,0.800064,0.67824,0.296352,0.0249696,0.2055456,0.327456
2014/12/27,2014,12,27,0.792288,0.68256,0.295488,0.0244512,0.2055456,0.333504
2014/12/28,2014,12,28,0.784512,0.6912,0.295488,0.0239328,0.2055456,0.337824
2014/12/29,2014,12,29,0.776736,0.70416,0.294624,0.0234144,0.20304,0.340416
2014/12/30,2014,12,30,0.76896,0.70848,0.294624,0.0229824,0.20304,0.343872
2014/12/31,2014,12,31,0.76032,0.70848,0.29376,0.0213408,0.20304,0.348192
2015/1/1,2015,1,1,0.752544,0.7128,0.329184,0.0281664,0.2006208,0.329184
2015/1/2,2015,1,2,0.744768,0.71712,0.3271104,0.0262656,0.195696,0.32832
2015/1/3,2015,1,3,0.736992,0.72144,0.3281472,0.0251424,0.1908576,0.327456
2015/1/4,2015,1,4,0.728352,0.72144,0.329184,0.0249696,0.1908576,0.327456
2015/1/5,2015,1,5,0.720576,0.72144,0.3301344,0.025056,0.188352,0.326592
2015/1/6,2015,1,6,0.7128,0.72144,0.3280608,0.0249696,0.188352,0.324864
2015/1/7,2015,1,7,0.70416,0.72144,0.3259872,0.0262656,0.188352,0.324
2015/1/8,2015,1,8,0.696384,0.72576,0.3239136,0.0275616,0.1859328,0.320544
2015/1/9,2015,1,9,0.688608,0.72576,0.3217536,0.0260064,0.1859328,0.317088
2015/1/10,2015,1,10,0.680832,0.72576,0.3195936,0.0247968,0.1859328,0.312768
2015/1/11,2015,1,11,0.672192,0.72144,0.320544,0.0248832,0.1835136,0.309312
2015/1/12,2015,1,12,0.664416,0.72144,0.3214944,0.0247968,0.1835136,0.308448
2015/1/13,2015,1,13,0.65664,0.72144,0.3225312,0.0243648,0.1835136,0.307584
2015/1/14,2015,1,14,0.648,0.72144,0.3234816,0.0240192,0.1835136,0.307584
2015/1/15,2015,1,15,0.640224,0.71712,0.3212352,0.0238464,0.181008,0.30672
2015/1/16,2015,1,16,0.632448,0.71712,0.3221856,0.0240192,0.181008,0.30672
2015/1/17,2015,1,17,0.624672,0.71712,0.323136,0.0235872,0.181008,0.305856
2015/1/18,2015,1,18,0.616032,0.7128,0.3208896,0.0227232,0.181008,0.304992
2015/1/19,2015,1,19,0.608256,0.70848,0.3212352,0.0231552,0.1785888,0.303264
2015/1/20,2015,1,20,0.603072,0.70416,0.3212352,0.0242784,0.1785888,0.301536
2015/1/21,2015,1,21,0.597888,0.69984,0.3208896,0.0236736,0.1761696,0.299808
2015/1/22,2015,1,22,0.59184,0.69552,0.3195072,0.0240192,0.1761696,0.297216
2015/1/23,2015,1,23,0.586656,0.6912,0.3168288,0.0234144,0.173664,0.296352
2015/1/24,2015,1,24,0.581472,0.68688,0.3155328,0.023328,0.173664,0.295488
2015/1/25,2015,1,25,0.576288,0.68256,0.3141504,0.0231552,0.1712448,0.294624
2015/1/26,2015,1,26,0.571104,0.68256,0.312768,0.0238464,0.1712448,0.292896
2015/1/27,2015,1,27,0.56592,0.68256,0.3100032,0.0223776,0.1688256,0.291168
2015/1/28,2015,1,28,0.559872,0.67824,0.3086208,0.0212544,0.1688256,0.290304
2015/1/29,2015,1,29,0.554688,0.68256,0.307152,0.0206496,0.1664064,0.28944
2015/1/30,2015,1,30,0.549504,0.68256,0.3047328,0.020304,0.1664064,0.28944
2015/1/31,2015,1,31,0.546912,0.68256,0.3025728,0.0196992,0.1664064,0.288576
2015/2/1,2015,2,1,0.54432,0.68256,0.301104,0.020304,0.1639008,0.287712
2015/2/2,2015,2,2,0.541728,0.68256,0.2999808,0.0199584,0.1639008,0.287712
2015/2/3,2015,2,3,0.539136,0.68256,0.299808,0.019872,0.1639008,0.286848
2015/2/4,2015,2,4,0.53568,0.68256,0.2992896,0.0204768,0.1614816,0.286848
2015/2/5,2015,2,5,0.533088,0.68256,0.3001536,0.0208224,0.1614816,0.286848
2015/2/6,2015,2,6,0.530496,0.68256,0.2999808,0.020736,0.1614816,0.286848
2015/2/7,2015,2,7,0.527904,0.68256,0.299808,0.0217728,0.1590624,0.286848
2015/2/8,2015,2,8,0.525312,0.67824,0.2996352,0.0228096,0.1590624,0.287712
2015/2/9,2015,2,9,0.52272,0.67824,0.299376,0.0238464,0.1590624,0.287712
2015/2/10,2015,2,10,0.520128,0.67392,0.2988576,0.02376,0.1565568,0.287712
2015/2/11,2015,2,11,0.517536,0.67392,0.2986848,0.0231552,0.1565568,0.287712
2015/2/12,2015,2,12,0.514944,0.6696,0.2984256,0.0204768,0.1565568,0.287712
2015/2/13,2015,2,13,0.512352,0.66528,0.2982528,0.0191808,0.1541376,0.287712
2015/2/14,2015,2,14,0.508896,0.66528,0.2953152,0.018576,0.1541376,0.287712
2015/2/15,2015,2,15,0.506304,0.66096,0.292032,0.015984,0.1541376,0.287712
2015/2/16,2015,2,16,0.503712,0.65664,0.2890944,0.018144,0.1517184,0.287712
2015/2/17,2015,2,17,0.50112,0.65664,0.2852064,0.0182304,0.1517184,0.288576
2015/2/18,2015,2,18,0.498528,0.65232,0.2809728,0.0184032,0.1517184,0.288576
2015/2/19,2015,2,19,0.4968,0.65232,0.2771712,0.0193536,0.1517184,0.288576
2015/2/20,2015,2,20,0.494208,0.65232,0.2732832,0.0205632,0.1517184,0.287712
2015/2/21,2015,2,21,0.49248,0.65232,0.2692224,0.0200448,0.1492128,0.287712
2015/2/22,2015,2,22,0.489888,0.65232,0.2654208,0.020736,0.1492128,0.287712
2015/2/23,2015,2,23,0.48816,0.65664,0.26136,0.0215136,0.1492128,0.287712
2015/2/24,2015,2,24,0.485568,0.65664,0.2576448,0.020736,0.1492128,0.287712
2015/2/25,2015,2,25,0.486432,0.65664,0.2539296,0.0199584,0.1467936,0.287712
2015/2/26,2015,2,26,0.487296,0.65664,0.2499552,0.0193536,0.1467936,0.287712
2015/2/27,2015,2,27,0.487296,0.65664,0.2463264,0.019008,0.1467936,0.286848
2015/2/28,2015,2,28,0.48816,0.65664,0.2424384,0.0183168,0.1467936,0.286848
2015/3/1,2015,3,1,0.489024,0.66096,0.23976,0.0179712,0.1467936,0.286848
2015/3/2,2015,3,2,0.489888,0.66096,0.2370816,0.0182304,0.1467936,0.285984
2015/3/3,2015,3,3,0.490752,0.66096,0.2344896,0.0182304,0.1467936,0.285984
2015/3/4,2015,3,4,0.490752,0.66528,0.2318976,0.0188352,0.145584,0.28512
2015/3/5,2015,3,5,0.491616,0.66528,0.2301696,0.019008,0.145584,0.28512
2015/3/6,2015,3,6,0.49248,0.66528,0.2279232,0.019008,0.145584,0.284256
2015/3/7,2015,3,7,0.493344,0.66528,0.2253312,0.01944,0.145584,0.284256
2015/3/8,2015,3,8,0.494208,0.66528,0.2218752,0.0191808,0.1443744,0.284256
2015/3/9,2015,3,9,0.494208,0.66096,0.2187648,0.018576,0.1443744,0.284256
2015/3/10,2015,3,10,0.495072,0.66096,0.2153088,0.018144,0.1443744,0.283392
2015/3/11,2015,3,11,0.495936,0.65664,0.2119392,0.0178848,0.1443744,0.282528
2015/3/12,2015,3,12,0.495936,0.65232,0.2080512,0.0180576,0.1431648,0.281664
2015/3/13,2015,3,13,0.495072,0.65232,0.204768,0.0176256,0.1431648,0.281664
2015/3/14,2015,3,14,0.495072,0.648,0.201744,0.0180576,0.1431648,0.2808
2015/3/15,2015,3,15,0.495072,0.648,0.1975968,0.0176256,0.1431648,0.2808
2015/3/16,2015,3,16,0.495072,0.648,0.1946592,0.0176256,0.1418688,0.279936
2015/3/17,2015,3,17,0.494208,0.64368,0.1923264,0.0173664,0.1418688,0.279936
2015/3/18,2015,3,18,0.494208,0.648,0.1899072,0.0171936,0.1418688,0.279936
2015/3/19,2015,3,19,0.491616,0.648,0.1875744,0.0171936,0.1418688,0.279072
2015/3/20,2015,3,20,0.489024,0.65232,0.1860192,0.0167616,0.1418688,0.279072
2015/3/21,2015,3,21,0.487296,0.65232,0.1839456,0.0166752,0.1418688,0.279072
2015/3/22,2015,3,22,0.484704,0.65664,0.1823904,0.0171072,0.1406592,0.279072
2015/3/23,2015,3,23,0.482112,0.66096,0.180144,0.01728,0.1406592,0.279072
2015/3/24,2015,3,24,0.47952,0.66096,0.1785888,0.0165024,0.1406592,0.278208
2015/3/25,2015,3,25,0.476928,0.66528,0.1793664,0.0156384,0.1406592,0.279072
2015/3/26,2015,3,26,0.4752,0.6696,0.1809216,0.0147744,0.1406592,0.279072
2015/3/27,2015,3,27,0.472608,0.6696,0.1816992,0.0152064,0.1406592,0.279072
2015/3/28,2015,3,28,0.470016,0.67392,0.1832544,0.0143424,0.1394496,0.279072
2015/3/29,2015,3,29,0.467424,0.67392,0.1839456,0.0143424,0.1394496,0.279072
2015/3/30,2015,3,30,0.464832,0.6696,0.1855008,0.0139104,0.1394496,0.279072
2015/3/31,2015,3,31,0.463104,0.6696,0.1865376,0.0137376,0.1394496,0.279072
2015/4/1,2015,4,1,0.460512,0.66528,0.1880928,0.0139104,0.1394496,0.279072
2015/4/2,2015,4,2,0.45792,0.66528,0.189648,0.0143424,0.1394496,0.279072
2015/4/3,2015,4,3,0.455328,0.66528,0.1917216,0.014688,0.13824,0.279072
2015/4/4,2015,4,4,0.452736,0.66096,0.1932768,0.0134784,0.13824,0.2808
2015/4/5,2015,4,5,0.451008,0.6696,0.195696,0.0128736,0.13824,0.2808
2015/4/6,2015,4,6,0.448416,0.67824,0.1963872,0.0134784,0.13824,0.282528
2015/4/7,2015,4,7,0.445824,0.68688,0.1979424,0.0136512,0.13824,0.283392
2015/4/8,2015,4,8,0.445824,0.6912,0.1988928,0.014256,0.1370304,0.283392
2015/4/9,2015,4,9,0.445824,0.6912,0.2009664,0.0147744,0.1370304,0.283392
2015/4/10,2015,4,10,0.445824,0.68688,0.2025216,0.013824,0.1370304,0.28512
2015/4/11,2015,4,11,0.445824,0.68688,0.2040768,0.0139968,0.1370304,0.28512
2015/4/12,2015,4,12,0.445824,0.6912,0.2050272,0.0143424,0.1370304,0.28512
2015/4/13,2015,4,13,0.445824,0.6912,0.2065824,0.01512,0.1358208,0.285984
2015/4/14,2015,4,14,0.44496,0.6912,0.2071872,0.015552,0.1358208,0.285984
2015/4/15,2015,4,15,0.44496,0.6912,0.207792,0.0158976,0.1358208,0.286848
2015/4/16,2015,4,16,0.44496,0.6912,0.2083968,0.01512,0.1358208,0.288576
2015/4/17,2015,4,17,0.44496,0.69552,0.2090016,0.0152928,0.1358208,0.291168
2015/4/18,2015,4,18,0.44496,0.69552,0.2098656,0.014688,0.1345248,0.292896
2015/4/19,2015,4,19,0.44496,0.69552,0.210384,0.0140832,0.1345248,0.296352
2015/4/20,2015,4,20,0.44496,0.69984,0.209952,0.0139104,0.1345248,0.299808
2015/4/21,2015,4,21,0.474336,0.69984,0.2104704,0.014256,0.1345248,0.304128
2015/4/22,2015,4,22,0.502848,0.70416,0.2120256,0.0148608,0.1345248,0.309312
2015/4/23,2015,4,23,0.532224,0.70848,0.2128032,0.0162432,0.1345248,0.312768
2015/4/24,2015,4,24,0.560736,0.7128,0.214272,0.0156384,0.1358208,0.316224
2015/4/25,2015,4,25,0.590112,0.7128,0.2157408,0.0149472,0.1358208,0.320544
2015/4/26,2015,4,26,0.619488,0.71712,0.2162592,0.0139968,0.1358208,0.324864
2015/4/27,2015,4,27,0.648,0.72576,0.217728,0.0132192,0.1370304,0.330912
2015/4/28,2015,4,28,0.677376,0.7344,0.21816,0.0135648,0.13824,0.338688
2015/4/29,2015,4,29,0.706752,0.73872,0.2196288,0.0137376,0.1394496,0.351648
2015/4/30,2015,4,30,0.735264,0.762048,0.2200608,0.0139104,0.1418688,0.368928
2015/5/1,2015,5,1,0.76464,0.775872,0.2215296,0.0145152,0.1443744,0.385344
2015/5/2,2015,5,2,0.793152,0.784512,0.2299104,0.014688,0.1492128,0.40176
2015/5/3,2015,5,3,0.822528,0.797472,0.2394144,0.0150336,0.15336,0.41904
2015/5/4,2015,5,4,0.851904,0.831168,0.2500416,0.0154656,0.160704,0.441504
2015/5/5,2015,5,5,0.88128,0.864,0.2582496,0.0162432,0.1747008,0.469152
2015/5/6,2015,5,6,0.9072,0.94176,0.2668896,0.0165888,0.1940544,0.50112
2015/5/7,2015,5,7,0.94176,1.1232,0.2737152,0.0171936,0.2255904,0.534816
2015/5/8,2015,5,8,0.96768,1.22688,0.281664,0.0171072,0.269136,0.569376
2015/5/9,2015,5,9,1.08,1.35648,0.2951424,0.017712,0.3180384,0.60912
2015/5/10,2015,5,10,1.19232,1.4256,0.3098304,0.0180576,0.3865536,0.675648
2015/5/11,2015,5,11,1.28736,1.50336,0.3278016,0.0186624,0.4917888,0.785376
2015/5/12,2015,5,12,1.40832,1.61568,0.352944,0.0186624,0.6213888,0.9504
2015/5/13,2015,5,13,1.53792,2.0736,0.3988224,0.0184032,0.7510752,1.21824
2015/5/14,2015,5,14,1.67616,2.18592,0.431568,0.020304,0.8954496,1.57248
2015/5/15,2015,5,15,1.78848,2.26368,0.4628448,0.0218592,1.0495872,1.87488
2015/5/16,2015,5,16,1.944,3.17952,0.4990464,0.0245376,1.1816928,2.06496
2015/5/17,2015,5,17,2.16864,3.96576,0.5418144,0.0268704,1.206144,2.30688
2015/5/18,2015,5,18,2.30688,3.93984,0.5901984,0.028512,1.2452832,2.39328
2015/5/19,2015,5,19,2.52288,4.4496,0.6183648,0.0294624,1.279584,2.35872
2015/5/20,2015,5,20,2.90304,5.616,0.658368,0.0310176,1.2917664,2.23776
2015/5/21,2015,5,21,3.00672,6.20352,0.7124544,0.0307584,1.3040352,2.06496
2015/5/22,2015,5,22,3.04128,6.5664,0.7945344,0.0301536,1.3113792,1.90944
2015/5/23,2015,5,23,3.08448,7.29216,0.7654176,0.029376,1.3187232,1.79712
2015/5/24,2015,5,24,3.09312,7.71552,1.4068512,0.0287712,1.3358304,1.70208
2015/5/25,2015,5,25,3.09312,7.8624,2.45376,0.028512,1.3627008,1.62432
2015/5/26,2015,5,26,3.08448,7.82784,3.5937216,0.0286848,1.3896576,1.57248
2015/5/27,2015,5,27,3.07584,9.072,7.2704736,0.0286848,1.4116896,1.54656
2015/5/28,2015,5,28,3.0672,8.9856,7.3805472,0.0290304,1.4337216,1.52064
2015/5/29,2015,5,29,3.07584,8.8992,9.275904,0.029376,1.453248,1.52064
2015/5/30,2015,5,30,3.0672,8.64,11.5494336,0.0298944,1.4703552,1.53792
2015/5/31,2015,5,31,3.03264,8.44128,12.2440896,0.0300672,1.4850432,1.53792
2015/6/1,2015,6,1,3.00672,8.27712,12.4736544,0.0311904,1.4997312,1.53792
2015/6/2,2015,6,2,2.99808,8.21664,12.7033056,0.0528768,1.5070752,1.512
2015/6/3,2015,6,3,2.99808,8.18208,12.9328704,0.2035584,1.5144192,1.50336
2015/6/4,2015,6,4,3.00672,8.1648,13.1624352,0.4630176,1.5144192,1.48608
2015/6/5,2015,6,5,3.01536,8.0784,11.8368,0.6992352,1.5022368,1.4688
2015/6/6,2015,6,6,3.01536,8.01792,8.64,0.9777888,1.4850432,1.46016
2015/6/7,2015,6,7,2.98944,7.9488,8.13888,1.410048,1.4655168,1.43424
2015/6/8,2015,6,8,2.9808,7.81056,7.5168,1.5354144,1.4484096,1.39968
2015/6/9,2015,6,9,2.92032,7.6464,6.76512,1.66752,1.4287968,1.36512
2015/6/10,2015,6,10,2.91168,7.4304,6.50592,1.6848,1.4116896,1.33056
2015/6/11,2015,6,11,2.9376,7.27488,6.23808,1.61568,1.3847328,1.296
2015/6/12,2015,6,12,2.95488,7.09344,5.98752,1.56384,1.3554432,1.27008
2015/6/13,2015,6,13,2.9376,6.89472,5.75424,1.54656,1.3187232,1.23552
2015/6/14,2015,6,14,2.91168,6.54048,5.54688,1.52928,1.2820032,1.20096
2015/6/15,2015,6,15,2.90304,6.28992,5.3568,1.512,1.2477888,1.18368
2015/6/16,2015,6,16,2.85984,5.89248,5.27904,1.47744,1.2085632,1.19232
2015/6/17,2015,6,17,2.8512,5.59872,5.20128,1.48608,1.169424,1.20096
2015/6/18,2015,6,18,2.8512,5.0544,5.19264,1.39104,1.1278656,1.2096
2015/6/19,2015,6,19,2.83392,4.59648,5.25312,1.33056,1.0887264,1.2096
2015/6/20,2015,6,20,2.82528,4.39776,5.3136,1.23552,1.0495872,1.19232
2015/6/21,2015,6,21,2.81664,4.00032,5.3568,1.1664,1.0152864,1.1664
2015/6/22,2015,6,22,2.79072,3.73248,5.40864,1.1664,0.9834912,1.13184
2015/6/23,2015,6,23,2.77344,3.50784,5.46048,1.14912,0.9566208,1.10592
2015/6/24,2015,6,24,2.74752,3.30912,5.50368,1.1232,0.9272448,1.08864
2015/6/25,2015,6,25,2.77344,3.0672,5.4864,1.08864,0.8954496,1.09728
2015/6/26,2015,6,26,2.77344,2.60064,5.40864,1.04544,0.8587296,1.08864
2015/6/27,2015,6,27,2.75616,2.44512,5.27904,0.92448,0.8293536,1.09728
2015/6/28,2015,6,28,2.74752,2.29824,5.23584,0.9072,0.8049024,1.10592
2015/6/29,2015,6,29,2.73888,2.17728,5.20128,0.95904,0.7828704,1.08864
2015/6/30,2015,6,30,2.69568,2.1168,5.0544,0.92448,0.7731072,1.08
2015/7/1,2015,7,1,2.6784,2.05632,4.97664,0.94176,0.7657632,1.08864
2015/7/2,2015,7,2,2.66112,1.95264,4.78656,0.9072,0.7584192,1.08864
2015/7/3,2015,7,3,2.60928,1.8576,4.68288,0.88128,0.7535808,1.09728
2015/7/4,2015,7,4,2.54016,1.7712,4.63104,0.822528,0.748656,1.08864
2015/7/5,2015,7,5,2.54016,1.728,4.56192,0.800064,0.7437312,1.09728
2015/7/6,2015,7,6,2.69568,1.77984,4.50144,0.744768,0.741312,1.11456
2015/7/7,2015,7,7,2.73888,1.82304,4.43232,0.685152,0.7363872,1.14912
2015/7/8,2015,7,8,2.74752,1.84032,4.31136,0.611712,0.733968,1.1664
2015/7/9,2015,7,9,2.75616,1.8144,4.19904,0.562464,0.7437312,1.14912
2015/7/10,2015,7,10,2.73024,1.8144,4.09536,0.468288,0.7609248,1.1232
2015/7/11,2015,7,11,2.74752,1.8144,3.94848,0.431136,0.778032,1.11456
2015/7/12,2015,7,12,2.75616,1.77984,3.73248,0.391392,0.7902144,1.09728
2015/7/13,2015,7,13,2.7648,1.728,3.56832,0.38016,0.7877952,1.07136
2015/7/14,2015,7,14,2.77344,1.6848,3.53376,0.370656,0.785376,1.05408
2015/7/15,2015,7,15,2.77344,1.66752,3.43872,0.36288,0.7877952,1.0368
2015/7/16,2015,7,16,2.77344,1.67616,3.35232,0.343872,0.7975584,1.01952
2015/7/17,2015,7,17,2.77344,1.65888,3.30912,0.336096,0.800064,0.9936
2015/7/18,2015,7,18,2.77344,1.62432,3.29184,0.33264,0.8049024,0.9936
2015/7/19,2015,7,19,2.7648,1.56384,3.27456,0.323136,0.807408,1.01088
2015/7/20,2015,7,20,2.75616,1.52928,3.25728,0.31536,0.807408,1.04544
2015/7/21,2015,7,21,2.7648,1.49472,3.20544,0.29808,0.807408,1.08864
2015/7/22,2015,7,22,2.77344,1.47744,3.16224,0.310176,0.8098272,1.13184
2015/7/23,2015,7,23,2.81664,1.4688,3.10176,0.31536,0.8171712,1.14048
2015/7/24,2015,7,24,2.84256,1.4688,3.00672,0.323136,0.8245152,1.13184
2015/7/25,2015,7,25,2.85984,1.47744,2.8944,0.338688,0.8342784,1.11456
2015/7/26,2015,7,26,2.85984,1.46016,2.77344,0.321408,0.8465472,1.09728
2015/7/27,2015,7,27,2.86848,1.45152,2.64384,0.305856,0.8513856,1.08864
2015/7/28,2015,7,28,2.8944,1.43424,2.48832,0.294624,0.8563104,1.07136
2015/7/29,2015,7,29,2.90304,1.4256,2.36736,0.304128,0.8538912,1.05408
2015/7/30,2015,7,30,2.91168,1.39968,2.30688,0.296352,0.8465472,1.04544
2015/7/31,2015,7,31,2.91168,1.37376,2.25504,0.313632,0.8392032,1.04544
2015/8/1,2015,8,1,2.92032,1.37376,2.2032,0.31536,0.8293536,1.07136
2015/8/2,2015,8,2,2.94624,1.35648,2.16,0.317088,0.8220096,1.1232
2015/8/3,2015,8,3,2.95488,1.35648,2.1168,0.38448,0.8122464,1.18368
2015/8/4,2015,8,4,2.97216,1.3392,2.09088,0.38016,0.807408,1.2528
2015/8/5,2015,8,5,2.97216,1.33056,2.05632,0.387072,0.800064,1.28736
2015/8/6,2015,8,6,2.9808,1.31328,2.02176,0.391392,0.7975584,1.27872
2015/8/7,2015,8,7,3.01536,1.31328,1.96992,0.395712,0.7951392,1.2096
2015/8/8,2015,8,8,3.03264,1.30464,1.944,0.412992,0.79272,1.14048
2015/8/9,2015,8,9,3.0672,1.31328,1.92672,0.468288,0.7951392,1.08864
2015/8/10,2015,8,10,3.09312,1.32192,1.90944,0.497664,0.7951392,1.06272
2015/8/11,2015,8,11,3.09312,1.35648,1.91808,0.4752,0.79272,1.04544
2015/8/12,2015,8,12,3.07584,1.39104,1.91808,0.455328,0.79272,1.02816
2015/8/13,2015,8,13,3.05856,1.4256,1.944,0.444096,0.79272,1.01088
2015/8/14,2015,8,14,3.0672,1.45152,2.01312,0.431136,0.7975584,1.02816
2015/8/15,2015,8,15,3.0672,1.47744,2.10816,0.424224,0.8024832,1.07136
2015/8/16,2015,8,16,3.04992,1.52928,2.16,0.419904,0.8098272,1.10592
2015/8/17,2015,8,17,3.05856,1.58112,2.17728,0.415584,0.8171712,1.1232
2015/8/18,2015,8,18,3.09312,1.63296,2.16864,0.412992,0.8245152,1.1232
2015/8/19,2015,8,19,3.09312,1.67616,2.12544,0.424224,0.8245152,1.1232
2015/8/20,2015,8,20,3.07584,1.67616,2.06496,0.439776,0.8220096,1.11456
2015/8/21,2015,8,21,3.05856,1.67616,2.0304,0.452736,0.8195904,1.13184
2015/8/22,2015,8,22,3.0672,1.67616,2.0304,0.455328,0.8195904,1.1232
2015/8/23,2015,8,23,3.0672,1.65888,2.06496,0.45792,0.8171712,1.11456
2015/8/24,2015,8,24,3.024,1.62432,2.22048,0.463968,0.8146656,1.09728
2015/8/25,2015,8,25,3.01536,1.61568,2.47104,0.47088,0.8146656,1.06272
2015/8/26,2015,8,26,3.00672,1.65024,2.66112,0.47088,0.8318592,1.02816
2015/8/27,2015,8,27,3.00672,1.67616,2.607552,0.4637952,0.8563104,1.01088
2015/8/28,2015,8,28,2.9808,1.6848,2.553984,0.4567104,0.8636544,1.00224
2015/8/29,2015,8,29,2.9376,1.69344,2.500416,0.4496256,0.8660736,0.96768
2015/8/30,2015,8,30,2.90304,1.69344,2.446848,0.4425408,0.8807616,0.96768
2015/8/31,2015,8,31,2.87712,1.74528,2.39328,0.435456,0.8954496,1.0368
2015/9/1,2015,9,1,2.8512,1.84896,2.32416,0.419904,0.914976,1.14912
2015/9/2,2015,9,2,2.86848,1.84896,2.22912,0.395712,0.9468576,1.18368
2015/9/3,2015,9,3,2.8944,1.83168,2.12544,0.359424,0.9859968,1.13184
2015/9/4,2015,9,4,2.83392,1.83168,2.04768,0.321408,1.0348992,1.11456
2015/9/5,2015,9,5,2.81664,1.82304,1.95264,0.313632,1.0740384,1.13184
2015/9/6,2015,9,6,2.74752,1.8144,1.86624,0.305856,1.1107584,1.14912
2015/9/7,2015,9,7,2.69568,1.8144,1.82304,0.29808,1.1425536,1.15776
2015/9/8,2015,9,8,2.65248,1.8144,1.75392,0.27648,1.169424,1.17504
2015/9/9,2015,9,9,2.592,1.8144,1.67616,0.256608,1.1939616,1.18368
2015/9/10,2015,9,10,2.5056,1.79712,1.6416,0.235008,1.2159072,1.18368
2015/9/11,2015,9,11,2.40192,1.77984,1.5984,0.209952,1.2232512,1.17504
2015/9/12,2015,9,12,2.31552,1.76256,1.54656,0.190512,1.2232512,1.14912
2015/9/13,2015,9,13,2.22912,1.76256,1.5984,0.1642464,1.2184128,1.1232
2015/9/14,2015,9,14,2.16,1.76256,1.60704,0.1642464,1.2257568,1.1232
2015/9/15,2015,9,15,2.09088,1.79712,1.5552,0.1626048,1.2257568,1.11456
2015/9/16,2015,9,16,2.0304,1.82304,1.49472,0.1575936,1.220832,1.11456
2015/9/17,2015,9,17,1.96128,1.86624,1.45152,0.1493856,1.2159072,1.09728
2015/9/18,2015,9,18,1.9008,1.9008,1.39968,0.174096,1.2085632,1.08864
2015/9/19,2015,9,19,1.79712,1.90944,1.37376,0.1847232,1.1963808,1.08864
2015/9/20,2015,9,20,1.70208,1.9008,1.36512,0.201744,1.1816928,1.06272
2015/9/21,2015,9,21,1.63296,1.88352,1.36512,0.180144,1.1719296,1.02816
2015/9/22,2015,9,22,1.5552,1.87488,1.35648,0.2058048,1.16208,1.00224
2015/9/23,2015,9,23,1.49472,1.84032,1.33056,0.1959552,1.1523168,0.98496
2015/9/24,2015,9,24,1.45152,1.8144,1.32192,0.1916352,1.1449728,0.98496
2015/9/25,2015,9,25,1.41696,1.77984,1.30464,0.1865376,1.1449728,0.97632
2015/9/26,2015,9,26,1.36512,1.728,1.28736,0.2040768,1.1425536,0.97632
2015/9/27,2015,9,27,1.34784,1.65888,1.27008,0.2026944,1.1425536,0.96768
2015/9/28,2015,9,28,1.296,1.61568,1.2528,0.1717632,1.1425536,0.94176
2015/9/29,2015,9,29,1.26144,1.58976,1.24416,0.1678752,1.1401344,0.94176
2015/9/30,2015,9,30,1.2528,1.56384,1.27872,0.189648,1.1327904,0.9504
2015/10/1,2015,10,1,1.24416,1.53792,1.34784,0.1790208,1.1181024,0.93312
2015/10/2,2015,10,2,1.21824,1.50336,1.3824,0.175392,1.1131776,0.93312
2015/10/3,2015,10,3,1.19232,1.49472,1.41696,0.1705536,1.1083392,0.93312
2015/10/4,2015,10,4,1.14912,1.512,1.4688,0.1603584,1.0984896,0.93312
2015/10/5,2015,10,5,1.1232,1.50336,1.52064,0.1636416,1.0863072,0.93312
2015/10/6,2015,10,6,1.1232,1.47744,1.5552,0.1614816,1.0764576,0.92448
2015/10/7,2015,10,7,1.11456,1.45152,1.58112,0.1524096,1.0740384,0.91584
2015/10/8,2015,10,8,1.10592,1.43424,1.5552,0.1514592,1.0740384,0.9072
2015/10/9,2015,10,9,1.10592,1.4256,1.53792,0.1286496,1.0642752,0.89856
2015/10/10,2015,10,10,1.14912,1.40832,1.48608,0.119232,1.0495872,0.88128
2015/10/11,2015,10,11,1.20096,1.39104,1.43424,0.1182816,1.0348992,0.85968
2015/10/12,2015,10,12,1.15776,1.36512,1.36512,0.1139616,1.0226304,0.845856
2015/10/13,2015,10,13,1.1232,1.34784,1.28736,0.1184544,1.010448,0.832896
2015/10/14,2015,10,14,1.08,1.35648,1.23552,0.1055808,0.9981792,0.823392
2015/10/15,2015,10,15,1.04544,1.35648,1.1913696,0.0952128,0.988416,0.819072
2015/10/16,2015,10,16,1.01088,1.27008,1.148688,0.0929664,0.9761472,0.814752
2015/10/17,2015,10,17,1.01952,1.2096,1.2607488,0.0828576,0.9615456,0.81648
2015/10/18,2015,10,18,1.02816,1.17504,1.247616,0.0844128,0.9395136,0.805248
2015/10/19,2015,10,19,1.02816,1.14912,1.2293856,0.0830304,0.914976,0.800928
2015/10/20,2015,10,20,1.19232,1.1232,1.4245632,0.0889056,0.8930304,0.805248
2015/10/21,2015,10,21,1.19232,1.11456,1.452816,0.0841536,0.8684928,0.801792
2015/10/22,2015,10,22,1.20096,1.07136,1.437696,0.089424,0.8465472,0.804384
2015/10/23,2015,10,23,1.2096,1.02816,1.14912,0.0957312,0.8245152,0.806112
2015/10/24,2015,10,24,1.24416,0.98496,0.96768,0.0839808,0.800064,0.79488
2015/10/25,2015,10,25,1.27872,0.94176,0.880416,0.0827712,0.7755264,0.783648
2015/10/26,2015,10,26,1.30464,0.92448,0.826848,0.0901152,0.7535808,0.775872
2015/10/27,2015,10,27,1.35648,0.88128,0.77328,0.1013472,0.733968,0.768096
2015/10/28,2015,10,28,1.35648,0.87264,0.677376,0.0966816,0.7144416,0.750816
2015/10/29,2015,10,29,1.296,0.8208,0.569376,0.0845856,0.6924096,0.732672
2015/10/30,2015,10,30,1.28736,0.819936,0.499392,0.088128,0.6556896,0.719712
2015/10/31,2015,10,31,1.27008,0.824256,0.469152,0.080352,0.6092064,0.709344
2015/11/1,2015,11,1,1.26144,0.821664,0.450144,0.0843264,0.560304,0.698112
2015/11/2,2015,11,2,1.27872,0.830304,0.42768,0.086832,0.5260032,0.689472
2015/11/3,2015,11,3,1.27008,0.832896,0.415584,0.074736,0.508896,0.679104
2015/11/4,2015,11,4,1.24416,0.824256,0.382752,0.0722304,0.494208,0.667008
2015/11/5,2015,11,5,1.2096,0.810432,0.373248,0.0775008,0.4745952,0.653184
2015/11/6,2015,11,6,1.19232,0.821664,0.363744,0.076464,0.4599936,0.641952
2015/11/7,2015,11,7,1.1664,0.841536,0.353376,0.0750816,0.450144,0.633312
2015/11/8,2015,11,8,1.14048,0.862272,0.3442176,0.0775872,0.4330368,0.627264
2015/11/9,2015,11,9,1.10592,0.91584,0.336096,0.0775872,0.4183488,0.618624
2015/11/10,2015,11,10,1.07136,0.97632,0.3361824,0.0729216,0.4061664,0.608256
2015/11/11,2015,11,11,1.04544,0.97632,0.331776,0.0732672,0.3938976,0.597888
2015/11/12,2015,11,12,1.02816,0.97632,0.3284928,0.0659232,0.3694464,0.584928
2015/11/13,2015,11,13,1.00224,1.01088,0.3239136,0.0668736,0.3571776,0.568512
2015/11/14,2015,11,14,0.96768,1.01952,0.3292704,0.0651456,0.3474144,0.550368
2015/11/15,2015,11,15,0.94176,1.04544,0.3251232,0.054864,0.3376512,0.532224
2015/11/16,2015,11,16,0.92448,1.0368,0.3212352,0.049248,0.3303072,0.510624
2015/11/17,2015,11,17,0.89856,0.9936,0.3250368,0.0467424,0.3180384,0.48816
2015/11/18,2015,11,18,0.88128,0.96768,0.3215808,0.039744,0.3106944,0.46656
2015/11/19,2015,11,19,0.848448,0.89856,0.3173472,0.0393984,0.305856,0.452736
2015/11/20,2015,11,20,0.83808,0.864,0.3151008,0.0362016,0.3009312,0.441504
2015/11/21,2015,11,21,0.826848,0.841536,0.3144096,0.0445824,0.298512,0.428544
2015/11/22,2015,11,22,0.81648,0.819936,0.3050784,0.0529632,0.298512,0.416448
2015/11/23,2015,11,23,0.805248,0.78192,0.3047328,0.0464832,0.2960064,0.412992
2015/11/24,2015,11,24,0.79488,0.76032,0.3037824,0.0470016,0.2960064,0.418176
2015/11/25,2015,11,25,0.784512,0.73872,0.2954016,0.0549504,0.2935872,0.425952
2015/11/26,2015,11,26,0.77328,0.72144,0.2943648,0.0581472,0.2935872,0.431136
2015/11/27,2015,11,27,0.762912,0.69984,0.2861568,0.0533088,0.291168,0.429408
2015/11/28,2015,11,28,0.752544,0.68256,0.2852064,0.0438912,0.291168,0.416448
2015/11/29,2015,11,29,0.741312,0.6696,0.2846016,0.0442368,0.2886624,0.39744
2015/11/30,2015,11,30,0.730944,0.65664,0.2888352,0.0363744,0.2862432,0.377568
2015/12/1,2015,12,1,0.719712,0.648,0.2901312,0.0362016,0.283824,0.35856
2015/12/2,2015,12,2,0.709344,0.648,0.2834784,0.0261792,0.2788992,0.339552
2015/12/3,2015,12,3,0.7128,0.65664,0.2843424,0.024624,0.269136,0.320544
2015/12/4,2015,12,4,0.716256,0.66528,0.2856384,0.0219456,0.261792,0.303264
2015/12/5,2015,12,5,0.718848,0.67392,0.2787264,0.0230688,0.2568672,0.288576
2015/12/6,2015,12,6,0.722304,0.67824,0.271728,0.0231552,0.2520288,0.271296
2015/12/7,2015,12,7,0.72576,0.68688,0.2723328,0.0217728,0.247104,0.251424
2015/12/8,2015,12,8,0.729216,0.6912,0.2735424,0.0200448,0.2441664,0.238464
2015/12/9,2015,12,9,0.731808,0.69984,0.2749248,0.0192672,0.2402784,0.23328
2015/12/10,2015,12,10,0.735264,0.70848,0.2738016,0.0206496,0.2392416,0.244512
2015/12/11,2015,12,11,0.73872,0.71712,0.2650752,0.0225504,0.2361312,0.261792
2015/12/12,2015,12,12,0.742176,0.72576,0.2646432,0.024624,0.2318976,0.2808
2015/12/13,2015,12,13,0.744768,0.7344,0.2642112,0.0235872,0.22896,0.29808
2015/12/14,2015,12,14,0.748224,0.74736,0.2553984,0.0231552,0.2268,0.313632
2015/12/15,2015,12,15,0.75168,0.756,0.2550528,0.0234144,0.2243808,0.325728
2015/12/16,2015,12,16,0.754272,0.77328,0.2547072,0.0257472,0.2226528,0.334368
2015/12/17,2015,12,17,0.756864,0.79056,0.2543616,0.0266112,0.221184,0.34128
2015/12/18,2015,12,18,0.76032,0.80352,0.2539296,0.0256608,0.2202336,0.3456
2015/12/19,2015,12,19,0.762912,0.8208,0.253584,0.0247104,0.2191968,0.349056
2015/12/20,2015,12,20,0.765504,0.83376,0.2617056,0.0255744,0.2174688,0.355104
2015/12/21,2015,12,21,0.768096,0.8424,0.270432,0.025488,0.2165184,0.363744
2015/12/22,2015,12,22,0.771552,0.84672,0.2791584,0.0249696,0.2145312,0.374112
2015/12/23,2015,12,23,0.774144,0.85104,0.2879712,0.0262656,0.2128896,0.383616
2015/12/24,2015,12,24,0.776736,0.85536,0.2883168,0.0270432,0.210384,0.391392
2015/12/25,2015,12,25,0.775008,0.85536,0.2962656,0.0288576,0.2079648,0.395712
2015/12/26,2015,12,26,0.77328,0.85536,0.2979936,0.0297216,0.2071872,0.396576
2015/12/27,2015,12,27,0.771552,0.85104,0.2996352,0.0290304,0.2052864,0.394848
2015/12/28,2015,12,28,0.769824,0.84672,0.3017088,0.0300672,0.2038176,0.391392
2015/12/29,2015,12,29,0.768096,0.84672,0.3033504,0.0314496,0.2042496,0.387936
2015/12/30,2015,12,30,0.765504,0.8424,0.3074976,0.0335232,0.2032992,0.38448
2015/12/31,2015,12,31,0.763776,0.83808,0.3138912,0.0331776,0.2032992,0.379296
2016/1/1,2016,1,1,0.763776,0.83376,0.3456,0.0348192,0.2011392,0.37152
2016/1/2,2016,1,2,0.763776,0.82944,0.347328,0.0348192,0.2011392,0.3672
2016/1/3,2016,1,3,0.763776,0.8208,0.34992,0.0275616,0.2011392,0.360288
2016/1/4,2016,1,4,0.763776,0.81648,0.351648,0.0270432,0.2015712,0.360288
2016/1/5,2016,1,5,0.76032,0.81216,0.353376,0.0287712,0.2011392,0.360288
2016/1/6,2016,1,6,0.76032,0.80784,0.355104,0.029808,0.2011392,0.360288
2016/1/7,2016,1,7,0.757728,0.7992,0.356832,0.0318816,0.2011392,0.362016
2016/1/8,2016,1,8,0.757728,0.79056,0.359424,0.0382752,0.2006208,0.361152
2016/1/9,2016,1,9,0.757728,0.7776,0.361152,0.0385344,0.2006208,0.359424
2016/1/10,2016,1,10,0.742176,0.77328,0.36288,0.044064,0.1982016,0.357696
2016/1/11,2016,1,11,0.742176,0.76464,0.360288,0.0343872,0.1982016,0.355968
2016/1/12,2016,1,12,0.739584,0.76032,0.356832,0.0303264,0.1982016,0.355968
2016/1/13,2016,1,13,0.736128,0.756,0.35424,0.0278208,0.195696,0.355104
2016/1/14,2016,1,14,0.736128,0.75168,0.351648,0.0265248,0.195696,0.35424
2016/1/15,2016,1,15,0.733536,0.74736,0.349056,0.0247104,0.195696,0.353376
2016/1/16,2016,1,16,0.730944,0.74736,0.3456,0.0229824,0.1932768,0.351648
2016/1/17,2016,1,17,0.739584,0.74736,0.343008,0.0209088,0.1932768,0.348192
2016/1/18,2016,1,18,0.736992,0.74304,0.340416,0.0180576,0.1908576,0.344736
2016/1/19,2016,1,19,0.733536,0.74304,0.33696,0.0163296,0.1908576,0.342144
2016/1/20,2016,1,20,0.730944,0.74304,0.334368,0.0188352,0.188352,0.340416
2016/1/21,2016,1,21,0.724896,0.73872,0.331776,0.0190944,0.188352,0.338688
2016/1/22,2016,1,22,0.718848,0.73872,0.329184,0.0180576,0.1859328,0.338688
2016/1/23,2016,1,23,0.716256,0.7344,0.325728,0.0176256,0.1859328,0.337824
2016/1/24,2016,1,24,0.7128,0.73008,0.323136,0.016848,0.1859328,0.336096
2016/1/25,2016,1,25,0.706752,0.72576,0.320544,0.0163296,0.1835136,0.335232
2016/1/26,2016,1,26,0.706752,0.72576,0.317952,0.0171072,0.1835136,0.334368
2016/1/27,2016,1,27,0.70416,0.72144,0.314496,0.0118368,0.1835136,0.33264
2016/1/28,2016,1,28,0.70416,0.71712,0.311904,0.0131328,0.181008,0.330912
2016/1/29,2016,1,29,0.701568,0.71712,0.309312,0.0145152,0.181008,0.330048
2016/1/30,2016,1,30,0.698112,0.71712,0.30672,0.015984,0.181008,0.330048
2016/1/31,2016,1,31,0.69552,0.71712,0.304992,0.0160704,0.181008,0.330912
2016/2/1,2016,2,1,0.692064,0.71712,0.3024,0.0149472,0.181008,0.331776
2016/2/2,2016,2,2,0.689472,0.71712,0.300672,0.013824,0.1785888,0.33264
2016/2/3,2016,2,3,0.686016,0.71712,0.29808,0.013392,0.1785888,0.33264
2016/2/4,2016,2,4,0.680832,0.71712,0.296352,0.013824,0.1785888,0.331776
2016/2/5,2016,2,5,0.677376,0.71712,0.29376,0.0132192,0.1785888,0.329184
2016/2/6,2016,2,6,0.672192,0.71712,0.291168,0.0135648,0.1785888,0.324864
2016/2/7,2016,2,7,0.676512,0.72144,0.28944,0.0139104,0.1761696,0.322272
2016/2/8,2016,2,8,0.67392,0.72144,0.286848,0.0140832,0.1761696,0.31968
2016/2/9,2016,2,9,0.671328,0.72144,0.28512,0.0139968,0.1761696,0.317952
2016/2/10,2016,2,10,0.667872,0.72144,0.282528,0.0141696,0.1761696,0.31536
2016/2/11,2016,2,11,0.661824,0.72576,0.2808,0.0137376,0.173664,0.31536
2016/2/12,2016,2,12,0.655776,0.72576,0.279072,0.0128736,0.173664,0.314496
2016/2/13,2016,2,13,0.653184,0.72576,0.277344,0.0123552,0.173664,0.31536
2016/2/14,2016,2,14,0.647136,0.73008,0.275616,0.01296,0.173664,0.317952
2016/2/15,2016,2,15,0.641088,0.73008,0.273024,0.013392,0.173664,0.317952
2016/2/16,2016,2,16,0.645408,0.73008,0.271296,0.012528,0.1712448,0.317952
2016/2/17,2016,2,17,0.642816,0.73008,0.269568,0.0121824,0.1712448,0.316224
2016/2/18,2016,2,18,0.640224,0.73008,0.26784,0.0128736,0.1712448,0.31536
2016/2/19,2016,2,19,0.636768,0.73008,0.266112,0.0135648,0.1712448,0.314496
2016/2/20,2016,2,20,0.634176,0.73008,0.262656,0.0145152,0.1712448,0.313632
2016/2/21,2016,2,21,0.63072,0.73008,0.2592,0.0140832,0.1688256,0.313632
2016/2/22,2016,2,22,0.628128,0.7344,0.255744,0.0148608,0.1688256,0.314496
2016/2/23,2016,2,23,0.63504,0.7344,0.252288,0.0157248,0.1688256,0.312768
2016/2/24,2016,2,24,0.631584,0.7344,0.249696,0.0148608,0.1688256,0.308448
2016/2/25,2016,2,25,0.628992,0.7344,0.24624,0.0145152,0.1688256,0.304992
2016/2/26,2016,2,26,0.628992,0.7344,0.242784,0.0140832,0.1664064,0.304992
2016/2/27,2016,2,27,0.625536,0.7344,0.239328,0.0141696,0.1664064,0.305856
2016/2/28,2016,2,28,0.622944,0.7344,0.235872,0.0137376,0.1664064,0.30672
2016/2/29,2016,2,29,0.622944,0.73872,0.232416,0.0135648,0.1664064,0.307584
2016/3/1,2016,3,1,0.616896,0.73872,0.229824,0.0139104,0.1639008,0.308448
2016/3/2,2016,3,2,0.61344,0.73872,0.227232,0.0130464,0.1639008,0.307584
2016/3/3,2016,3,3,0.608256,0.74304,0.22464,0.0123552,0.1639008,0.307584
2016/3/4,2016,3,4,0.6048,0.74304,0.222048,0.012096,0.1639008,0.307584
2016/3/5,2016,3,5,0.592704,0.74304,0.218592,0.0128736,0.1614816,0.30672
2016/3/6,2016,3,6,0.589248,0.73872,0.216,0.012096,0.1614816,0.305856
2016/3/7,2016,3,7,0.586656,0.73872,0.213408,0.0127008,0.1614816,0.304992
2016/3/8,2016,3,8,0.580608,0.7344,0.210816,0.012096,0.1590624,0.3024
2016/3/9,2016,3,9,0.578016,0.7344,0.208224,0.013392,0.1590624,0.301536
2016/3/10,2016,3,10,0.56592,0.7344,0.204768,0.0128736,0.1590624,0.300672
2016/3/11,2016,3,11,0.563328,0.7344,0.201312,0.0141696,0.1565568,0.301536
2016/3/12,2016,3,12,0.559872,0.7344,0.197856,0.0135648,0.1565568,0.301536
2016/3/13,2016,3,13,0.55728,0.7344,0.1944,0.0143424,0.1565568,0.301536
2016/3/14,2016,3,14,0.545184,0.7344,0.19008,0.0135648,0.1541376,0.300672
2016/3/15,2016,3,15,0.542592,0.7344,0.186624,0.014688,0.1541376,0.300672
2016/3/16,2016,3,16,0.542592,0.7344,0.183168,0.0135648,0.1541376,0.301536
2016/3/17,2016,3,17,0.53136,0.7344,0.179712,0.0139968,0.1541376,0.300672
2016/3/18,2016,3,18,0.53136,0.7344,0.176256,0.0132192,0.1517184,0.300672
2016/3/19,2016,3,19,0.527904,0.7344,0.176256,0.0141696,0.1517184,0.300672
2016/3/20,2016,3,20,0.527904,0.7344,0.176256,0.0135648,0.1517184,0.300672
2016/3/21,2016,3,21,0.519264,0.7344,0.175392,0.014256,0.1517184,0.299808
2016/3/22,2016,3,22,0.519264,0.7344,0.175392,0.0141696,0.1492128,0.29808
2016/3/23,2016,3,23,0.519264,0.7344,0.175392,0.013392,0.1492128,0.296352
2016/3/24,2016,3,24,0.521856,0.73008,0.175392,0.0140832,0.1492128,0.295488
2016/3/25,2016,3,25,0.513216,0.73008,0.175392,0.0133056,0.1492128,0.295488
2016/3/26,2016,3,26,0.513216,0.72576,0.175392,0.0139104,0.1467936,0.295488
2016/3/27,2016,3,27,0.510624,0.72576,0.174528,0.0131328,0.1467936,0.294624
2016/3/28,2016,3,28,0.499392,0.72144,0.174528,0.013824,0.1467936,0.295488
2016/3/29,2016,3,29,0.499392,0.71712,0.174528,0.0130464,0.1467936,0.297216
2016/3/30,2016,3,30,0.499392,0.71712,0.174528,0.0136512,0.1443744,0.296352
2016/3/31,2016,3,31,0.4968,0.7128,0.173664,0.0128736,0.1443744,0.295488
2016/4/1,2016,4,1,0.48816,0.7128,0.1728,0.0152064,0.1443744,0.29376
2016/4/2,2016,4,2,0.485568,0.7128,0.171936,0.0147744,0.1443744,0.292896
2016/4/3,2016,4,3,0.485568,0.7128,0.171072,0.0157248,0.1443744,0.291168
2016/4/4,2016,4,4,0.474336,0.71712,0.171072,0.0156384,0.1443744,0.290304
2016/4/5,2016,4,5,0.474336,0.72144,0.170208,0.0148608,0.1418688,0.290304
2016/4/6,2016,4,6,0.471744,0.72576,0.169344,0.014256,0.1418688,0.290304
2016/4/7,2016,4,7,0.476928,0.72576,0.16848,0.0153792,0.1418688,0.291168
2016/4/8,2016,4,8,0.468288,0.73008,0.167616,0.0149472,0.1418688,0.292896
2016/4/9,2016,4,9,0.468288,0.7344,0.166752,0.0148608,0.1418688,0.292896
2016/4/10,2016,4,10,0.476928,0.7344,0.165888,0.0139104,0.1418688,0.292032
2016/4/11,2016,4,11,0.476928,0.73872,0.165024,0.0150336,0.1443744,0.292032
2016/4/12,2016,4,12,0.474336,0.73872,0.16416,0.0137376,0.1443744,0.291168
2016/4/13,2016,4,13,0.474336,0.73872,0.163296,0.0145152,0.1443744,0.28944
2016/4/14,2016,4,14,0.476928,0.73872,0.162432,0.0137376,0.1443744,0.287712
2016/4/15,2016,4,15,0.481248,0.73872,0.160704,0.0143424,0.1467936,0.286848
2016/4/16,2016,4,16,0.48384,0.73872,0.15984,0.0132192,0.1467936,0.286848
2016/4/17,2016,4,17,0.489024,0.73872,0.158976,0.0139968,0.1467936,0.285984
2016/4/18,2016,4,18,0.494208,0.73872,0.158112,0.013824,0.1467936,0.287712
2016/4/19,2016,4,19,0.501984,0.74304,0.157248,0.0135648,0.1492128,0.28944
2016/4/20,2016,4,20,0.507168,0.74736,0.156384,0.0130464,0.1492128,0.290304
2016/4/21,2016,4,21,0.514944,0.74736,0.156384,0.0135648,0.1492128,0.29376
2016/4/22,2016,4,22,0.527904,0.756,0.157248,0.013824,0.1517184,0.295488
2016/4/23,2016,4,23,0.562464,0.76896,0.157248,0.0139968,0.1517184,0.29808
2016/4/24,2016,4,24,0.59184,0.77328,0.158112,0.013824,0.1541376,0.300672
2016/4/25,2016,4,25,0.65232,0.7776,0.158112,0.0135648,0.1565568,0.304128
2016/4/26,2016,4,26,0.706752,0.7776,0.158976,0.013824,0.1590624,0.308448
2016/4/27,2016,4,27,0.782784,0.78624,0.158976,0.013392,0.1712448,0.311904
2016/4/28,2016,4,28,0.89856,0.79056,0.15984,0.0139968,0.1835136,0.316224
2016/4/29,2016,4,29,0.9504,0.7992,0.15984,0.0139968,0.2079648,0.321408
2016/4/30,2016,4,30,1.07136,0.80784,0.162432,0.0145152,0.225072,0.327456
2016/5/1,2016,5,1,1.18368,0.81648,0.165024,0.0146016,0.2568672,0.33696
2016/5/2,2016,5,2,1.27872,0.82944,0.167616,0.0146016,0.2935872,0.350784
2016/5/3,2016,5,3,1.39104,0.83808,0.170208,0.014688,0.3670272,0.369792
2016/5/4,2016,5,4,1.45152,0.85536,0.1728,0.014688,0.464832,0.396576
2016/5/5,2016,5,5,1.54656,0.88128,0.175392,0.0148608,0.5871744,0.447552
2016/5/6,2016,5,6,1.63296,0.9504,0.177984,0.0150336,0.733968,0.550368
2016/5/7,2016,5,7,1.71072,1.06272,0.183168,0.0148608,0.8563104,0.688608
2016/5/8,2016,5,8,1.8144,1.17504,0.189216,0.0152064,0.937008,1.01088
2016/5/9,2016,5,9,1.95264,1.21824,0.1944,0.014688,1.0152864,1.27872
2016/5/10,2016,5,10,2.04768,1.2528,0.199584,0.014688,1.0691136,1.58976
2016/5/11,2016,5,11,2.16864,1.30464,0.204768,0.0139968,1.1058336,1.61568
2016/5/12,2016,5,12,2.3328,1.32192,0.210816,0.013824,1.1302848,1.70208
2016/5/13,2016,5,13,2.47104,1.35648,0.216,0.0143424,1.1474784,1.728
2016/5/14,2016,5,14,2.6352,1.37376,0.257472,0.0150336,1.1645856,1.79712
2016/5/15,2016,5,15,2.808,1.4256,0.298944,0.0141696,1.1743488,1.90944
2016/5/16,2016,5,16,3.024,1.47744,0.339552,0.0139968,1.184112,2.01312
2016/5/17,2016,5,17,3.26592,1.512,0.381024,0.0180576,1.2013056,2.09088
2016/5/18,2016,5,18,2.808,1.5984,0.469152,0.0193536,1.228176,2.12544
2016/5/19,2016,5,19,2.82528,1.69344,0.55728,0.0203904,1.257552,2.1168
2016/5/20,2016,5,20,2.82528,1.73664,0.645408,0.042336,1.2893472,2.06496
2016/5/21,2016,5,21,2.83392,1.78848,0.76032,0.0823392,1.3162176,1.99584
2016/5/22,2016,5,22,2.8512,1.87488,0.95904,0.637632,1.3480992,1.90944
2016/5/23,2016,5,23,2.86848,1.92672,1.20096,0.9504,1.3700448,1.80576
2016/5/24,2016,5,24,2.90304,2.03904,1.39968,1.14912,1.3945824,1.71072
2016/5/25,2016,5,25,2.91168,2.0304,1.6848,1.1664,1.4116896,1.67616
2016/5/26,2016,5,26,2.94624,2.30688,2.44512,1.22688,1.423872,1.66752
2016/5/27,2016,5,27,2.94624,2.7216,3.33504,1.27656,1.4287968,1.63296
2016/5/28,2016,5,28,2.9376,3.3696,4.65696,1.32624,1.423872,1.62432
2016/5/29,2016,5,29,2.9808,4.31136,8.19936,1.37592,1.4067648,1.61568
2016/5/30,2016,5,30,2.92896,5.0544,9.3312,1.4256,1.3798944,1.58112
2016/5/31,2016,5,31,2.9376,5.90976,11.0592,1.32192,1.3529376,1.52928
2016/6/1,2016,6,1,2.95488,5.97024,10.5408,1.18368,1.3260672,1.49472
2016/6/2,2016,6,2,2.96352,6.07392,12.0096,1.14048,1.3064544,1.46016
2016/6/3,2016,6,3,2.95488,6.14304,8.8128,1.10592,1.2893472,1.43424
2016/6/4,2016,6,4,2.94624,6.25536,7.6896,1.08864,1.279584,1.40832
2016/6/5,2016,6,5,2.94624,6.33312,7.27488,1.06272,1.2746592,1.40832
2016/6/6,2016,6,6,2.94624,6.42816,6.84288,1.01952,1.27224,1.46016
2016/6/7,2016,6,7,2.94624,6.5664,6.64416,0.98496,1.27224,1.48608
2016/6/8,2016,6,8,2.8944,6.61824,6.3936,0.94176,1.264896,1.52064
2016/6/9,2016,6,9,2.8944,6.67008,6.25536,0.88992,1.257552,1.52928
2016/6/10,2016,6,10,2.90304,6.6528,6.20352,0.837216,1.2452832,1.52928
2016/6/11,2016,6,11,2.90304,6.6528,6.1344,0.67824,1.228176,1.512
2016/6/12,2016,6,12,2.90304,6.50592,6.1344,0.653184,1.2110688,1.49472
2016/6/13,2016,6,13,2.8944,6.38496,6.09984,0.618624,1.1816928,1.48608
2016/6/14,2016,6,14,2.87712,6.0912,6.08256,0.520128,1.1548224,1.512
2016/6/15,2016,6,15,2.85984,5.84064,6.07392,0.4752,1.1278656,1.48608
2016/6/16,2016,6,16,2.85984,5.55552,6.06528,0.455328,1.1034144,1.49472
2016/6/17,2016,6,17,2.85984,5.28768,6.08256,0.439776,1.0740384,1.512
2016/6/18,2016,6,18,2.85984,5.16672,6.15168,0.424224,1.0569312,1.52064
2016/6/19,2016,6,19,2.84256,4.99392,6.20352,0.404352,1.047168,1.52064
2016/6/20,2016,6,20,2.84256,4.37184,6.23808,0.391392,1.0373184,1.50336
2016/6/21,2016,6,21,2.83392,3.74976,6.25536,0.376704,1.025136,1.48608
2016/6/22,2016,6,22,2.82528,3.44736,6.23808,0.3672,1.0152864,1.46016
2016/6/23,2016,6,23,2.81664,3.1968,6.19488,0.34992,1.010448,1.44288
2016/6/24,2016,6,24,2.81664,3.04992,6.12576,0.342144,1.0080288,1.4256
2016/6/25,2016,6,25,2.79936,2.82528,6.00264,0.351648,1.0080288,1.43424
2016/6/26,2016,6,26,2.79072,2.62656,5.87952,0.361152,1.003104,1.4688
2016/6/27,2016,6,27,2.77344,2.43648,5.7564,0.370656,0.9933408,1.49472
2016/6/28,2016,6,28,2.73024,2.28096,5.63328,0.38016,0.9834912,1.50336
2016/6/29,2016,6,29,2.68704,2.21184,5.3136,0.38016,0.9786528,1.48608
2016/6/30,2016,6,30,2.6784,2.14272,4.968,0.382752,0.9761472,1.4688
2016/7/1,2016,7,1,2.68704,2.01312,4.76064,0.391392,0.9761472,1.45152
2016/7/2,2016,7,2,2.7216,1.9008,4.58784,0.370656,0.973728,1.4256
2016/7/3,2016,7,3,2.73888,1.79712,4.25952,0.336096,0.9713088,1.44288
2016/7/4,2016,7,4,2.73888,1.70208,4.02624,0.353376,0.966384,1.45152
2016/7/5,2016,7,5,2.7216,1.63296,3.78432,0.343872,0.9615456,1.44288
2016/7/6,2016,7,6,2.70432,1.58112,3.70656,0.351648,0.9566208,1.44288
2016/7/7,2016,7,7,2.70432,1.52928,3.68064,0.348192,0.9542016,1.4256
2016/7/8,2016,7,8,2.70432,1.4688,3.68064,0.351648,0.951696,1.40832
2016/7/9,2016,7,9,2.70432,1.40832,3.7152,0.359424,0.951696,1.39968
2016/7/10,2016,7,10,2.69568,1.3824,3.74976,0.357696,0.9542016,1.37376
2016/7/11,2016,7,11,2.6784,1.35648,3.74976,0.364608,0.95904,1.37376
2016/7/12,2016,7,12,2.66976,1.31328,3.68064,0.370656,0.9639648,1.36512
2016/7/13,2016,7,13,2.66112,1.28736,3.56832,0.38016,0.9688032,1.3392
2016/7/14,2016,7,14,2.6352,1.26144,3.43872,0.444096,0.9713088,1.3392
2016/7/15,2016,7,15,2.6352,1.23552,3.29184,0.47952,0.973728,1.36512
2016/7/16,2016,7,16,2.6352,1.22688,3.1780512,0.4707072,0.9713088,1.41696
2016/7/17,2016,7,17,2.61792,1.22688,3.0643488,0.4619808,0.9761472,1.4256
2016/7/18,2016,7,18,2.60928,1.23552,2.95056,0.453168,0.9859968,1.43424
2016/7/19,2016,7,19,2.592,1.23552,2.8367712,0.4443552,1.0006848,1.41696
2016/7/20,2016,7,20,2.58336,1.21824,2.7230688,0.4356288,1.0152864,1.41696
2016/7/21,2016,7,21,2.56608,1.20096,2.60928,0.426816,1.03248,1.39104
2016/7/22,2016,7,22,2.55744,1.19232,2.64384,0.415584,1.0520064,1.3824
2016/7/23,2016,7,23,2.54016,1.1664,2.82528,0.435456,1.0691136,1.34784
2016/7/24,2016,7,24,2.54016,1.15776,2.96352,0.46224,1.0863072,1.31328
2016/7/25,2016,7,25,2.52288,1.14048,3.09312,0.486432,1.1034144,1.27872
2016/7/26,2016,7,26,2.52288,1.13184,3.23136,0.504576,1.1155968,1.22688
2016/7/27,2016,7,27,2.5056,1.1232,3.27456,0.513216,1.1254464,1.18368
2016/7/28,2016,7,28,2.49696,1.1232,3.3264,0.5832,1.1327904,1.1664
2016/7/29,2016,7,29,2.45376,1.13184,3.38688,0.611712,1.1401344,1.18368
2016/7/30,2016,7,30,2.43648,1.1232,3.43872,0.641952,1.1572416,1.20096
2016/7/31,2016,7,31,2.42784,1.10592,3.53376,0.648864,1.1816928,1.20096
2016/8/1,2016,8,1,2.42784,1.08864,3.5856,0.632448,1.2013056,1.19232
2016/8/2,2016,8,2,2.41056,1.08,3.63744,0.614304,1.2159072,1.17504
2016/8/3,2016,8,3,2.39328,1.07136,3.64608,0.605664,1.228176,1.18368
2016/8/4,2016,8,4,2.36736,1.06272,3.6288,0.594432,1.2404448,1.1664
2016/8/5,2016,8,5,2.36736,1.07136,3.66336,0.571968,1.2551328,1.14912
2016/8/6,2016,8,6,2.32416,1.08,3.7584,0.533088,1.2673152,1.1232
2016/8/7,2016,8,7,2.2896,1.08,3.9744,0.508896,1.2844224,1.10592
2016/8/8,2016,8,8,2.25504,1.09728,4.2768,0.486432,1.301616,1.08864
2016/8/9,2016,8,9,2.23776,1.10592,4.63104,0.46224,1.3187232,1.08
2016/8/10,2016,8,10,2.22048,1.10592,4.84704,0.448416,1.3284864,1.09728
2016/8/11,2016,8,11,2.17728,1.11456,5.00256,0.412992,1.3358304,1.10592
2016/8/12,2016,8,12,2.13408,1.11456,4.8384,0.39312,1.3407552,1.10592
2016/8/13,2016,8,13,2.09952,1.11456,4.93344,0.3456,1.3431744,1.1232
2016/8/14,2016,8,14,2.05632,1.11456,4.71744,0.334368,1.3455936,1.14048
2016/8/15,2016,8,15,1.96128,1.09728,4.54464,0.317088,1.3431744,1.13184
2016/8/16,2016,8,16,1.90944,1.08864,4.25952,0.338688,1.3382496,1.11456
2016/8/17,2016,8,17,1.87488,1.09728,4.00032,0.31968,1.3334112,1.09728
2016/8/18,2016,8,18,1.79712,1.10592,3.8016,0.326592,1.3284864,1.07136
2016/8/19,2016,8,19,1.71936,1.1232,3.64608,0.336096,1.3211424,1.05408
2016/8/20,2016,8,20,1.65888,1.17504,3.4992,0.348192,1.3137984,1.0368
2016/8/21,2016,8,21,1.5984,1.21824,3.34368,0.376704,1.3235616,1.02816
2016/8/22,2016,8,22,1.5552,1.22688,3.1752,0.376704,1.3334112,0.9936
2016/8/23,2016,8,23,1.47744,1.23552,3.00672,0.376704,1.3480992,0.98496
2016/8/24,2016,8,24,1.41696,1.21824,2.83392,0.351648,1.3652064,0.9504
2016/8/25,2016,8,25,1.35648,1.20096,2.71296,0.342144,1.3847328,0.92448
2016/8/26,2016,8,26,1.31328,1.17504,2.55744,0.408672,1.4067648,0.9072
2016/8/27,2016,8,27,1.3392,1.14912,2.45376,0.428544,1.4287968,0.88992
2016/8/28,2016,8,28,1.32192,1.14912,2.27232,0.555552,1.4484096,0.88128
2016/8/29,2016,8,29,1.27008,1.1664,2.19456,0.493344,1.4630112,0.88128
2016/8/30,2016,8,30,1.22688,1.20096,2.15136,0.468288,1.467936,0.9072
2016/8/31,2016,8,31,1.17504,1.24416,2.13408,0.528768,1.4728608,0.9072
2016/9/1,2016,9,1,1.14048,1.2528,2.14272,0.598752,1.4728608,0.91584
2016/9/2,2016,9,2,1.14912,1.23552,2.15136,0.6696,1.4703552,0.91584
2016/9/3,2016,9,3,1.15776,1.2096,2.2233312,0.716256,1.4655168,0.91584
2016/9/4,2016,9,4,1.14048,1.21824,2.2953888,0.762912,1.4581728,0.93312
2016/9/5,2016,9,5,1.1232,1.24416,2.36736,0.809568,1.4484096,0.92448
2016/9/6,2016,9,6,1.08864,1.28736,2.43648,0.81216,1.4410656,0.93312
2016/9/7,2016,9,7,1.07136,1.31328,2.48832,0.775008,1.431216,0.94176
2016/9/8,2016,9,8,1.05408,1.33056,2.52288,0.7344,1.4141088,0.98496
2016/9/9,2016,9,9,1.05408,1.3392,2.57472,0.703296,1.3945824,1.01952
2016/9/10,2016,9,10,1.08864,1.34784,2.62656,0.657504,1.3700448,1.08
2016/9/11,2016,9,11,1.04544,1.35648,2.592,0.628128,1.3455936,1.1664
2016/9/12,2016,9,12,1.02816,1.37376,2.62656,0.609984,1.3211424,1.23552
2016/9/13,2016,9,13,1.05408,1.39104,2.64384,0.578016,1.294272,1.27008
2016/9/14,2016,9,14,1.08864,1.3824,2.70432,0.555552,1.2673152,1.27008
2016/9/15,2016,9,15,1.08,1.36512,2.73888,0.54432,1.2404448,1.24416
2016/9/16,2016,9,16,1.08864,1.33056,2.74752,0.549504,1.213488,1.20096
2016/9/17,2016,9,17,1.10592,1.296,2.71296,0.538272,1.1939616,1.15776
2016/9/18,2016,9,18,1.09728,1.26144,2.66112,0.510624,1.1670048,1.13184
2016/9/19,2016,9,19,1.08864,1.22688,2.592,0.477792,1.1376288,1.11456
2016/9/20,2016,9,20,1.08,1.20096,2.52288,0.46224,1.1278656,1.10592
2016/9/21,2016,9,21,1.07136,1.17504,2.42784,0.439776,1.1229408,1.10592
2016/9/22,2016,9,22,1.05408,1.14912,2.30688,0.426816,1.1181024,1.09728
2016/9/23,2016,9,23,1.05408,1.13184,2.23776,0.442368,1.1131776,1.08864
2016/9/24,2016,9,24,1.0368,1.1232,2.14272,0.46224,1.1107584,1.08
2016/9/25,2016,9,25,1.02816,1.10592,2.06496,0.438048,1.1034144,1.07136
2016/9/26,2016,9,26,1.02816,1.08864,1.99584,0.426816,1.1009952,1.05408
2016/9/27,2016,9,27,0.9936,1.08,1.93536,0.402624,1.0984896,1.0368
2016/9/28,2016,9,28,0.97632,1.08,1.90944,0.387072,1.0960704,1.01952
2016/9/29,2016,9,29,0.98496,1.08,1.9008,0.38016,1.0984896,1.01088
2016/9/30,2016,9,30,0.98496,1.07136,1.91808,0.370656,1.0960704,1.00224
2016/10/1,2016,10,1,0.97632,1.07136,1.95264,0.36288,1.1034144,0.9936
2016/10/2,2016,10,2,0.96768,1.06272,1.99584,0.357696,1.1107584,0.98496
2016/10/3,2016,10,3,0.95904,1.06272,2.0304,0.348192,1.1205216,0.96768
2016/10/4,2016,10,4,0.92448,1.05408,2.08224,0.340416,1.1278656,0.94176
2016/10/5,2016,10,5,0.88992,1.05408,2.09088,0.326592,1.1278656,0.93312
2016/10/6,2016,10,6,0.87264,1.06272,2.0736,0.310176,1.1254464,0.92448
2016/10/7,2016,10,7,0.848448,1.05408,2.00448,0.286848,1.1205216,0.9072
2016/10/8,2016,10,8,0.82512,1.04544,1.97856,0.273024,1.1107584,0.88992
2016/10/9,2016,10,9,0.81216,1.05408,1.96128,0.294624,1.0936512,0.87264
2016/10/10,2016,10,10,0.789696,1.06272,1.93536,0.28512,1.0764576,0.864
2016/10/11,2016,10,11,0.784512,1.07136,1.84032,0.2808,1.054512,0.85968
2016/10/12,2016,10,12,0.794016,1.06272,1.69344,0.260064,1.0299744,0.851904
2016/10/13,2016,10,13,0.794016,1.04544,1.57248,0.252288,1.0055232,0.839808
2016/10/14,2016,10,14,0.775872,1.02816,1.512,0.239328,0.9786528,0.83376
2016/10/15,2016,10,15,0.744768,1.01952,1.47744,0.196992,0.951696,0.825984
2016/10/16,2016,10,16,0.722304,1.00224,1.4256,0.180576,0.9199008,0.82512
2016/10/17,2016,10,17,0.709344,0.9936,1.36512,0.171072,0.8905248,0.822528
2016/10/18,2016,10,18,0.67824,0.98496,1.28736,0.156384,0.8440416,0.806112
2016/10/19,2016,10,19,0.68256,0.97632,1.19232,0.1459296,0.7755264,0.787968
2016/10/20,2016,10,20,0.6912,0.96768,1.14048,0.1374624,0.7095168,0.775008
2016/10/21,2016,10,21,0.6912,0.95904,1.05408,0.1324512,0.6606144,0.774144
2016/10/22,2016,10,22,0.67824,0.9504,0.9504,0.1106784,0.6116256,0.76896
2016/10/23,2016,10,23,0.66528,0.94176,0.863136,0.1030752,0.5627232,0.740448
2016/10/24,2016,10,24,0.66528,0.92448,0.539136,0.0964224,0.5138208,0.684288
2016/10/25,2016,10,25,0.65664,0.92448,0.49248,0.0914976,0.4966272,0.657504
2016/10/26,2016,10,26,0.65232,0.841536,0.477792,0.0821664,0.4892832,0.632448
2016/10/27,2016,10,27,0.648,0.793152,0.469152,0.0884736,0.4892832,0.599616
2016/10/28,2016,10,28,0.64368,0.774144,0.44928,0.081648,0.4892832,0.575424
2016/10/29,2016,10,29,0.632448,0.798336,0.432,0.0770688,0.4966272,0.559008
2016/10/30,2016,10,30,0.628128,0.77328,0.41472,0.0733536,0.494208,0.547776
2016/10/31,2016,10,31,0.628128,0.73008,0.396576,0.0703296,0.4917888,0.539136
2016/11/1,2016,11,1,0.61344,0.703296,0.379296,0.067392,0.4892832,0.53136
2016/11/2,2016,11,2,0.60912,0.711936,0.362016,0.0644544,0.4771008,0.524448
2016/11/3,2016,11,3,0.615168,0.763776,0.344736,0.0616032,0.464832,0.517536
2016/11/4,2016,11,4,0.601344,0.818208,0.327456,0.0588384,0.4526496,0.511488
2016/11/5,2016,11,5,0.579744,0.864,0.310176,0.0566784,0.4403808,0.50544
2016/11/6,2016,11,6,0.549504,0.89856,0.292032,0.0546048,0.428112,0.499392
2016/11/7,2016,11,7,0.533088,0.848448,0.274752,0.053136,0.4159296,0.493344
2016/11/8,2016,11,8,0.499392,0.798336,0.257472,0.0511488,0.4036608,0.48816
2016/11/9,2016,11,9,0.482976,0.76464,0.256608,0.0502848,0.3914784,0.482112
2016/11/10,2016,11,10,0.46224,0.754272,0.255744,0.050544,0.3792096,0.476064
2016/11/11,2016,11,11,0.446688,0.736992,0.255744,0.0485568,0.3670272,0.470016
2016/11/12,2016,11,12,0.41904,0.724032,0.25488,0.0476928,0.3547584,0.463968
2016/11/13,2016,11,13,0.404352,0.718848,0.254016,0.0432,0.3449952,0.45792
2016/11/14,2016,11,14,0.3888,0.701568,0.253152,0.039744,0.3376512,0.451008
2016/11/15,2016,11,15,0.38448,0.689472,0.252288,0.0349056,0.3327264,0.44496
2016/11/16,2016,11,16,0.381024,0.689472,0.251424,0.0357696,0.3303072,0.439776
2016/11/17,2016,11,17,0.381024,0.680832,0.251424,0.0370656,0.3278016,0.431136
2016/11/18,2016,11,18,0.381024,0.680832,0.25056,0.0378432,0.320544,0.425088
2016/11/19,2016,11,19,0.38016,0.680832,0.249696,0.0394848,0.3180384,0.425952
2016/11/20,2016,11,20,0.394848,0.664416,0.25488,0.041472,0.3106944,0.426816
2016/11/21,2016,11,21,0.405216,0.664416,0.260064,0.0446688,0.3082752,0.42768
2016/11/22,2016,11,22,0.413856,0.659232,0.265248,0.0459648,0.3033504,0.42768
2016/11/23,2016,11,23,0.417312,0.647136,0.271296,0.042768,0.3009312,0.425952
2016/11/24,2016,11,24,0.417312,0.647136,0.27648,0.040608,0.298512,0.421632
2016/11/25,2016,11,25,0.421632,0.647136,0.281664,0.0355104,0.2935872,0.41472
2016/11/26,2016,11,26,0.432864,0.629856,0.301536,0.0326592,0.2886624,0.40608
2016/11/27,2016,11,27,0.457056,0.629856,0.320544,0.0274752,0.2813184,0.395712
2016/11/28,2016,11,28,0.471744,0.629856,0.340416,0.0209952,0.27648,0.383616
2016/11/29,2016,11,29,0.487296,0.629856,0.359424,0.0208224,0.2739744,0.37152
2016/11/30,2016,11,30,0.504576,0.629856,0.379296,0.0199584,0.269136,0.357696
2016/12/1,2016,12,1,0.516672,0.61776,0.387072,0.019872,0.2667168,0.344736
2016/12/2,2016,12,2,0.533952,0.61776,0.394848,0.0189216,0.261792,0.33264
2016/12/3,2016,12,3,0.541728,0.61344,0.402624,0.0196128,0.2568672,0.320544
2016/12/4,2016,12,4,0.550368,0.61344,0.4104,0.0186624,0.2520288,0.310176
2016/12/5,2016,12,5,0.564192,0.61344,0.418176,0.0222912,0.2495232,0.301536
2016/12/6,2016,12,6,0.571968,0.60912,0.425952,0.0232416,0.2446848,0.294624
2016/12/7,2016,12,7,0.582336,0.6048,0.433728,0.0249696,0.243648,0.290304
2016/12/8,2016,12,8,0.586656,0.6048,0.441504,0.0258336,0.2420064,0.288576
2016/12/9,2016,12,9,0.597024,0.60912,0.44928,0.0271296,0.23976,0.28944
2016/12/10,2016,12,10,0.601344,0.61344,0.451008,0.0266112,0.2392416,0.292032
2016/12/11,2016,12,11,0.6048,0.62208,0.452736,0.0231552,0.236304,0.296352
2016/12/12,2016,12,12,0.611712,0.63504,0.455328,0.0205632,0.2350944,0.3024
2016/12/13,2016,12,13,0.611712,0.648,0.457056,0.0209952,0.2326752,0.309312
2016/12/14,2016,12,14,0.61776,0.66096,0.458784,0.0215136,0.2314656,0.316224
2016/12/15,2016,12,15,0.61776,0.6696,0.460512,0.0219456,0.2287872,0.324864
2016/12/16,2016,12,16,0.61776,0.68256,0.46224,0.0223776,0.2248128,0.33264
2016/12/17,2016,12,17,0.61776,0.6912,0.464832,0.022896,0.222912,0.34128
2016/12/18,2016,12,18,0.62208,0.69552,0.46656,0.023328,0.2204064,0.349056
2016/12/19,2016,12,19,0.62208,0.6912,0.468288,0.02376,0.2197152,0.355968
2016/12/20,2016,12,20,0.62208,0.6912,0.463104,0.0241056,0.2189376,0.362016
2016/12/21,2016,12,21,0.62208,0.6912,0.457056,0.0245376,0.2174688,0.366336
2016/12/22,2016,12,22,0.62208,0.6912,0.451872,0.0249696,0.215568,0.369792
2016/12/23,2016,12,23,0.62208,0.68688,0.445824,0.0253152,0.2147904,0.370656
2016/12/24,2016,12,24,0.62208,0.68256,0.44064,0.0257472,0.2126304,0.370656
2016/12/25,2016,12,25,0.62208,0.68256,0.434592,0.0260928,0.2109024,0.368928
2016/12/26,2016,12,26,0.62208,0.67824,0.429408,0.0249696,0.2096928,0.366336
2016/12/27,2016,12,27,0.6264,0.67824,0.42336,0.025056,0.2077056,0.36288
2016/12/28,2016,12,28,0.628128,0.67824,0.418176,0.0277344,0.2059776,0.359424
2016/12/29,2016,12,29,0.6264,0.67392,0.412128,0.0290304,0.2052864,0.355104
2016/12/30,2016,12,30,0.63072,0.67824,0.4104,0.0340416,0.2040768,0.351648
2016/12/31,2016,12,31,0.628128,0.68256,0.409536,0.0387072,0.2023488,0.348192
2017/1/1,2017,1,1,0.696384,0.68256,0.407808,0.0219456,0.2011392,0.3456
2017/1/2,2017,1,2,0.68688,0.68688,0.40608,0.0205632,0.1983744,0.343872
2017/1/3,2017,1,3,0.677376,0.68688,0.404352,0.0203904,0.197424,0.34128
2017/1/4,2017,1,4,0.667872,0.68688,0.403488,0.0196128,0.1959552,0.339552
2017/1/5,2017,1,5,0.658368,0.68688,0.40176,0.0189216,0.195696,0.337824
2017/1/6,2017,1,6,0.648864,0.68256,0.400032,0.0184032,0.1932768,0.33696
2017/1/7,2017,1,7,0.638496,0.67824,0.398304,0.01944,0.191808,0.335232
2017/1/8,2017,1,8,0.628992,0.67392,0.39744,0.0192672,0.18792,0.334368
2017/1/9,2017,1,9,0.619488,0.6696,0.395712,0.0188352,0.184464,0.33264
2017/1/10,2017,1,10,0.609984,0.6696,0.393984,0.018144,0.1835136,0.331776
2017/1/11,2017,1,11,0.60048,0.66528,0.382752,0.0171936,0.1812672,0.330048
2017/1/12,2017,1,12,0.590976,0.66096,0.37152,0.016848,0.1785888,0.329184
2017/1/13,2017,1,13,0.581472,0.65664,0.360288,0.019008,0.1761696,0.32832
2017/1/14,2017,1,14,0.571968,0.65232,0.349056,0.0208224,0.173664,0.327456
2017/1/15,2017,1,15,0.562464,0.648,0.33696,0.019008,0.1720224,0.325728
2017/1/16,2017,1,16,0.55296,0.65232,0.325728,0.01728,0.1700352,0.324864
2017/1/17,2017,1,17,0.543456,0.65232,0.314496,0.0179712,0.1683072,0.323136
2017/1/18,2017,1,18,0.546912,0.65664,0.303264,0.0197856,0.1664064,0.322272
2017/1/19,2017,1,19,0.549504,0.65664,0.292032,0.0204768,0.1639008,0.321408
2017/1/20,2017,1,20,0.55296,0.66096,0.28944,0.019872,0.1621728,0.31968
2017/1/21,2017,1,21,0.555552,0.66528,0.286848,0.01944,0.1609632,0.318816
2017/1/22,2017,1,22,0.559008,0.66528,0.28512,0.017712,0.160272,0.317952
2017/1/23,2017,1,23,0.5616,0.6696,0.282528,0.0195264,0.1590624,0.316224
2017/1/24,2017,1,24,0.565056,0.6696,0.279936,0.01728,0.1577664,0.31536
2017/1/25,2017,1,25,0.567648,0.6696,0.277344,0.0169344,0.1573344,0.314496
2017/1/26,2017,1,26,0.571104,0.66528,0.274752,0.0163296,0.1553472,0.313632
2017/1/27,2017,1,27,0.573696,0.66528,0.27216,0.015984,0.155088,0.312768
2017/1/28,2017,1,28,0.577152,0.66096,0.270432,0.015552,0.1536192,0.311904
2017/1/29,2017,1,29,0.579744,0.65664,0.26784,0.014256,0.1518912,0.311904
2017/1/30,2017,1,30,0.5832,0.65664,0.265248,0.01512,0.1509408,0.31104
2017/1/31,2017,1,31,0.572832,0.65664,0.26352,0.0150336,0.1499904,0.310176
2017/2/1,2017,2,1,0.562464,0.65232,0.262656,0.0162432,0.149472,0.310176
2017/2/2,2017,2,2,0.552096,0.648,0.260928,0.0158976,0.1485216,0.310176
2017/2/3,2017,2,3,0.541728,0.648,0.2592,0.0150336,0.1485216,0.310176
2017/2/4,2017,2,4,0.53136,0.648,0.258336,0.0137376,0.1475712,0.310176
2017/2/5,2017,2,5,0.520992,0.648,0.256608,0.011664,0.1470528,0.310176
2017/2/6,2017,2,6,0.510624,0.64368,0.25488,0.0111456,0.1470528,0.310176
2017/2/7,2017,2,7,0.500256,0.64368,0.253152,0.0139104,0.1467936,0.309312
2017/2/8,2017,2,8,0.489888,0.64368,0.252288,0.0143424,0.1467936,0.309312
2017/2/9,2017,2,9,0.47952,0.648,0.25056,0.0127872,0.1467936,0.309312
2017/2/10,2017,2,10,0.469152,0.648,0.249696,0.0113184,0.1465344,0.309312
2017/2/11,2017,2,11,0.458784,0.648,0.248832,0.0154656,0.1465344,0.309312
2017/2/12,2017,2,12,0.448416,0.648,0.247968,0.0196992,0.1462752,0.309312
2017/2/13,2017,2,13,0.438048,0.648,0.247104,0.0251424,0.1461024,0.309312
2017/2/14,2017,2,14,0.43632,0.648,0.24624,0.029808,0.1458432,0.308448
2017/2/15,2017,2,15,0.433728,0.64368,0.245376,0.0227232,0.145584,0.308448
2017/2/16,2017,2,16,0.432,0.64368,0.244512,0.0219456,0.1453248,0.308448
2017/2/17,2017,2,17,0.430272,0.64368,0.243648,0.0240192,0.1446336,0.308448
2017/2/18,2017,2,18,0.428544,0.64368,0.242784,0.0218592,0.1443744,0.308448
2017/2/19,2017,2,19,0.425952,0.64368,0.24192,0.0232416,0.1441152,0.308448
2017/2/20,2017,2,20,0.424224,0.63936,0.241056,0.0223776,0.1433376,0.308448
2017/2/21,2017,2,21,0.432,0.63936,0.240192,0.0235872,0.1431648,0.308448
2017/2/22,2017,2,22,0.439776,0.63936,0.239328,0.0261792,0.1429056,0.308448
2017/2/23,2017,2,23,0.447552,0.63936,0.238464,0.0236736,0.1426464,0.308448
2017/2/24,2017,2,24,0.455328,0.64368,0.2376,0.0285984,0.1423872,0.308448
2017/2/25,2017,2,25,0.463104,0.64368,0.236736,0.0256608,0.141696,0.308448
2017/2/26,2017,2,26,0.47088,0.64368,0.235872,0.0216864,0.1414368,0.308448
2017/2/27,2017,2,27,0.478656,0.64368,0.235008,0.0238464,0.1411776,0.308448
2017/2/28,2017,2,28,0.486432,0.64368,0.234144,0.0247104,0.1409184,0.308448
2017/3/1,2017,3,1,0.494208,0.64368,0.232416,0.0228096,0.1406592,0.308448
2017/3/2,2017,3,2,0.501984,0.64368,0.231552,0.0215136,0.139968,0.308448
2017/3/3,2017,3,3,0.499392,0.63936,0.229824,0.019008,0.1391904,0.308448
2017/3/4,2017,3,4,0.497664,0.63936,0.228096,0.0140832,0.1387584,0.308448
2017/3/5,2017,3,5,0.495072,0.63504,0.227232,0.0139104,0.1379808,0.308448
2017/3/6,2017,3,6,0.49248,0.63072,0.225504,0.0139104,0.1370304,0.308448
2017/3/7,2017,3,7,0.489888,0.6264,0.223776,0.013824,0.1359936,0.308448
2017/3/8,2017,3,8,0.48816,0.6264,0.222912,0.013824,0.1353024,0.307584
2017/3/9,2017,3,9,0.485568,0.62208,0.221184,0.0137376,0.134352,0.307584
2017/3/10,2017,3,10,0.482976,0.62208,0.219456,0.0137376,0.1333152,0.307584
2017/3/11,2017,3,11,0.481248,0.6264,0.218592,0.0136512,0.1323648,0.307584
2017/3/12,2017,3,12,0.478656,0.63072,0.216864,0.0136512,0.1315872,0.307584
2017/3/13,2017,3,13,0.476064,0.63504,0.215136,0.0135648,0.1303776,0.307584
2017/3/14,2017,3,14,0.474336,0.63504,0.214272,0.0134784,0.129168,0.307584
2017/3/15,2017,3,15,0.471744,0.63504,0.212544,0.0134784,0.1284768,0.307584
2017/3/16,2017,3,16,0.469152,0.63936,0.210816,0.0137376,0.1276992,0.307584
2017/3/17,2017,3,17,0.46656,0.63936,0.209088,0.0139968,0.127008,0.307584
2017/3/18,2017,3,18,0.464832,0.64368,0.208224,0.0137376,0.1262304,0.307584
2017/3/19,2017,3,19,0.46224,0.64368,0.206496,0.0136512,0.125712,0.307584
2017/3/20,2017,3,20,0.459648,0.64368,0.205632,0.0135648,0.1250208,0.307584
2017/3/21,2017,3,21,0.45792,0.648,0.204768,0.0134784,0.1242432,0.307584
2017/3/22,2017,3,22,0.455328,0.648,0.20304,0.013392,0.123552,0.307584
2017/3/23,2017,3,23,0.452736,0.64368,0.202176,0.0133056,0.1228608,0.307584
2017/3/24,2017,3,24,0.451008,0.64368,0.201312,0.0132192,0.1220832,0.307584
2017/3/25,2017,3,25,0.448416,0.64368,0.200448,0.0131328,0.121392,0.308448
2017/3/26,2017,3,26,0.445824,0.64368,0.199584,0.0133056,0.1203552,0.308448
2017/3/27,2017,3,27,0.443232,0.64368,0.19872,0.0132192,0.119664,0.308448
2017/3/28,2017,3,28,0.441504,0.64368,0.196992,0.0132192,0.1188864,0.309312
2017/3/29,2017,3,29,0.438912,0.648,0.196128,0.0131328,0.1181952,0.309312
2017/3/30,2017,3,30,0.439776,0.648,0.195264,0.0130464,0.1171584,0.310176
2017/3/31,2017,3,31,0.44064,0.648,0.195264,0.0130464,0.1164672,0.310176
2017/4/1,2017,4,1,0.441504,0.648,0.195264,0.0130464,0.1156896,0.31104
2017/4/2,2017,4,2,0.441504,0.65232,0.1944,0.0130464,0.1149984,0.311904
2017/4/3,2017,4,3,0.442368,0.65232,0.1944,0.01296,0.1142208,0.312768
2017/4/4,2017,4,4,0.443232,0.65232,0.1944,0.01296,0.114048,0.313632
2017/4/5,2017,4,5,0.444096,0.65664,0.1944,0.01296,0.1142208,0.31536
2017/4/6,2017,4,6,0.44496,0.65664,0.193536,0.01296,0.1142208,0.316224
2017/4/7,2017,4,7,0.445824,0.66096,0.193536,0.01296,0.1142208,0.317952
2017/4/8,2017,4,8,0.445824,0.66528,0.193536,0.01296,0.1142208,0.318816
2017/4/9,2017,4,9,0.446688,0.66528,0.19008,0.0128736,0.1142208,0.320544
2017/4/10,2017,4,10,0.447552,0.6696,0.189216,0.0128736,0.1142208,0.322272
2017/4/11,2017,4,11,0.451872,0.67392,0.187488,0.0128736,0.11448,0.324
2017/4/12,2017,4,12,0.456192,0.67392,0.18576,0.0128736,0.11448,0.325728
2017/4/13,2017,4,13,0.459648,0.67824,0.184032,0.0128736,0.11448,0.32832
2017/4/14,2017,4,14,0.463968,0.68256,0.183168,0.0128736,0.1147392,0.330912
2017/4/15,2017,4,15,0.468288,0.68688,0.18144,0.0128736,0.1149984,0.333504
2017/4/16,2017,4,16,0.472608,0.6912,0.179712,0.0128736,0.1149984,0.33696
2017/4/17,2017,4,17,0.476928,0.69552,0.177984,0.0128736,0.1152576,0.340416
2017/4/18,2017,4,18,0.481248,0.69984,0.17712,0.0128736,0.1155168,0.343872
2017/4/19,2017,4,19,0.484704,0.69984,0.175392,0.0128736,0.1155168,0.348192
2017/4/20,2017,4,20,0.489024,0.70416,0.174528,0.0128736,0.1156896,0.352512
2017/4/21,2017,4,21,0.493344,0.70416,0.174528,0.0127872,0.1156896,0.357696
2017/4/22,2017,4,22,0.497664,0.69984,0.173664,0.0127872,0.1159488,0.36288
2017/4/23,2017,4,23,0.501984,0.69552,0.173664,0.0127872,0.1159488,0.368928
2017/4/24,2017,4,24,0.50544,0.6912,0.1728,0.0127872,0.116208,0.374976
2017/4/25,2017,4,25,0.50976,0.6912,0.1728,0.0127872,0.116208,0.382752
2017/4/26,2017,4,26,0.51408,0.6912,0.171936,0.0127872,0.1164672,0.389664
2017/4/27,2017,4,27,0.539136,0.69552,0.171936,0.0127872,0.1167264,0.396576
2017/4/28,2017,4,28,0.564192,0.69984,0.171072,0.0127872,0.1167264,0.403488
2017/4/29,2017,4,29,0.588384,0.70848,0.171072,0.0127872,0.1169856,0.411264
2017/4/30,2017,4,30,0.61344,0.71712,0.170208,0.0127872,0.1171584,0.418176
2017/5/1,2017,5,1,0.638496,0.72576,0.174528,0.0127872,0.1176768,0.425088
2017/5/2,2017,5,2,0.663552,0.7344,0.178848,0.01296,0.1188864,0.432
2017/5/3,2017,5,3,0.687744,0.74736,0.183168,0.013392,0.1228608,0.438912
2017/5/4,2017,5,4,0.7128,0.76032,0.186624,0.0137376,0.1282176,0.445824
2017/5/5,2017,5,5,0.737856,0.77328,0.190944,0.0144288,0.1315872,0.451872
2017/5/6,2017,5,6,0.78624,0.78624,0.195264,0.01512,0.136512,0.459648
2017/5/7,2017,5,7,0.8424,0.79488,0.199584,0.0153792,0.1448064,0.47088
2017/5/8,2017,5,8,0.89856,0.81648,0.202176,0.0156384,0.1881792,0.48384
2017/5/9,2017,5,9,0.98496,0.84672,0.205632,0.015984,0.243216,0.498528
2017/5/10,2017,5,10,1.08864,0.87264,0.208224,0.0163296,0.3009312,0.521856
2017/5/11,2017,5,11,1.18368,0.89856,0.210816,0.016848,0.3547584,0.558144
2017/5/12,2017,5,12,1.28736,0.95904,0.213408,0.0171936,0.4061664,0.623808
2017/5/13,2017,5,13,1.39104,1.01088,0.216864,0.017712,0.472176,0.7344
2017/5/14,2017,5,14,1.4688,1.11456,0.219456,0.018576,0.55296,0.89856
2017/5/15,2017,5,15,1.52928,1.17504,0.222048,0.019872,0.6385824,1.13184
2017/5/16,2017,5,16,1.5984,1.2528,0.230688,0.020736,0.726624,1.44288
2017/5/17,2017,5,17,1.66752,1.31328,0.239328,0.0216,0.7975584,1.71936
2017/5/18,2017,5,18,1.74528,1.40832,0.247104,0.022464,0.8783424,1.99584
2017/5/19,2017,5,19,1.84032,1.50336,0.25488,0.0249696,0.9688032,2.3328
2017/5/20,2017,5,20,1.9008,1.74528,0.26352,0.0327456,1.047168,2.55744
2017/5/21,2017,5,21,1.95264,1.96128,0.271296,0.108,1.1131776,2.5056
2017/5/22,2017,5,22,2.06496,2.18592,0.279936,0.2414016,1.1743488,2.43648
2017/5/23,2017,5,23,2.2032,2.34144,0.318816,0.625104,1.228176,2.376
2017/5/24,2017,5,24,2.2896,2.58336,0.357696,1.0283328,1.2599712,2.35008
2017/5/25,2017,5,25,2.40192,2.88576,0.418176,1.2615264,1.2893472,2.31552
2017/5/26,2017,5,26,2.58336,3.05856,0.620352,2.09952,1.3088736,2.23776
2017/5/27,2017,5,27,2.83392,3.42144,0.9072,2.05632,1.3284864,2.16864
2017/5/28,2017,5,28,2.95488,3.7584,1.44288,2.03904,1.3480992,2.0736
2017/5/29,2017,5,29,3.024,4.1904,2.52288,2.06496,1.3602816,1.9872
2017/5/30,2017,5,30,3.04128,4.82112,6.64416,2.03904,1.3676256,1.89216
2017/5/31,2017,5,31,3.024,5.75424,7.56864,2.02176,1.3700448,1.80576
2017/6/1,2017,6,1,2.99808,6.79104,10.2816,2.01312,1.3700448,1.73664
2017/6/2,2017,6,2,3.024,6.97248,10.9728,2.01312,1.3627008,1.71072
2017/6/3,2017,6,3,2.99808,7.16256,9.5904,1.99584,1.3505184,1.6848
2017/6/4,2017,6,4,2.96352,7.24896,10.8,1.91808,1.3358304,1.6416
2017/6/5,2017,6,5,2.9376,7.344,8.64,1.9008,1.3162176,1.60704
2017/6/6,2017,6,6,2.98944,7.55136,7.75008,1.82304,1.294272,1.58976
2017/6/7,2017,6,7,3.07584,7.67232,7.33536,1.7712,1.264896,1.58976
2017/6/8,2017,6,8,3.14496,7.75872,7.02432,1.76256,1.2331008,1.60704
2017/6/9,2017,6,9,3.16224,7.71552,6.7824,1.73664,1.191456,1.61568
2017/6/10,2017,6,10,3.12768,7.6032,6.63552,1.75392,1.1474784,1.63296
2017/6/11,2017,6,11,3.10176,7.50816,6.983712,1.75392,1.1058336,1.65024
2017/6/12,2017,6,12,3.08448,7.28352,7.164288,1.74528,1.0642752,1.6848
2017/6/13,2017,6,13,3.0672,7.05888,7.375104,1.73664,1.0226304,1.69344
2017/6/14,2017,6,14,3.04992,6.67008,7.682688,1.71936,0.9859968,1.66752
2017/6/15,2017,6,15,3.04992,6.4368,7.67232,1.69344,0.951696,1.63296
2017/6/16,2017,6,16,3.03264,6.264,7.869312,1.6848,0.9199008,1.58976
2017/6/17,2017,6,17,3.04128,6.05664,7.941888,1.73664,0.8930304,1.52928
2017/6/18,2017,6,18,3.04128,5.84064,7.921152,1.79712,0.8807616,1.48608
2017/6/19,2017,6,19,3.024,5.59008,7.869312,1.84032,0.8734176,1.4688
2017/6/20,2017,6,20,2.99808,5.20992,7.72416,1.84896,0.8734176,1.4688
2017/6/21,2017,6,21,3.01536,4.84704,7.423488,1.89216,0.8783424,1.48608
2017/6/22,2017,6,22,3.04128,4.64832,7.195392,1.9008,0.8856864,1.52928
2017/6/23,2017,6,23,3.03264,4.55328,6.936192,1.90944,0.8856864,1.58976
2017/6/24,2017,6,24,3.04992,4.33728,6.651936,1.9008,0.8807616,1.61568
2017/6/25,2017,6,25,3.04992,3.9744,6.382368,1.88352,0.8709984,1.5984
2017/6/26,2017,6,26,3.04128,3.79296,6.116256,1.89216,0.8612352,1.58112
2017/6/27,2017,6,27,3.00672,3.60288,5.873472,1.89216,0.8489664,1.52928
2017/6/28,2017,6,28,3.01536,3.43872,5.643648,1.87488,0.8440416,1.49472
2017/6/29,2017,6,29,3.03264,3.2832,5.387904,1.87488,0.8220096,1.4688
2017/6/30,2017,6,30,3.07584,3.05856,5.047488,1.89216,0.807408,1.4688
2017/7/1,2017,7,1,3.08448,2.70432,4.76064,1.82304,0.7902144,1.49472
2017/7/2,2017,7,2,3.07584,2.55744,4.497984,1.82304,0.7731072,1.512
2017/7/3,2017,7,3,3.05856,2.38464,4.295808,1.62432,0.7609248,1.512
2017/7/4,2017,7,4,3.04992,2.22912,4.124736,1.58112,0.7510752,1.49472
2017/7/5,2017,7,5,3.03264,2.16,3.946752,1.52928,0.7437312,1.4688
2017/7/6,2017,7,6,3.01536,2.08224,3.82752,1.4688,0.7290432,1.4688
2017/7/7,2017,7,7,3.01536,1.97856,3.691008,1.39968,0.726624,1.56384
2017/7/8,2017,7,8,2.98944,1.9008,3.574368,1.34784,0.7242048,1.74528
2017/7/9,2017,7,9,2.9808,1.8144,3.495744,1.30464,0.7242048,1.84032
2017/7/10,2017,7,10,2.96352,1.728,3.38688,1.27872,0.726624,1.79712
2017/7/11,2017,7,11,2.94624,1.74528,3.2832,1.26144,0.7242048,1.70208
2017/7/12,2017,7,12,2.94624,1.83168,3.17952,1.24416,0.7168608,1.60704
2017/7/13,2017,7,13,2.9376,1.87488,3.04128,1.22688,0.704592,1.53792
2017/7/14,2017,7,14,2.92032,1.91808,2.90304,1.21824,0.7070976,1.48608
2017/7/15,2017,7,15,2.90304,2.09088,2.73888,1.18368,0.704592,1.4688
2017/7/16,2017,7,16,2.87712,2.22912,2.57472,1.14912,0.7168608,1.46016
2017/7/17,2017,7,17,2.87712,2.2032,2.4192,1.11456,0.726624,1.43424
2017/7/18,2017,7,18,2.87712,2.16864,2.26368,1.0368,0.7363872,1.41696
2017/7/19,2017,7,19,2.87712,2.13408,2.15136,0.98496,0.748656,1.39968
2017/7/20,2017,7,20,2.8512,2.05632,2.04768,0.9504,0.7609248,1.39104
2017/7/21,2017,7,21,2.84256,1.9872,1.944,0.91584,0.7657632,1.40832
2017/7/22,2017,7,22,2.82528,1.92672,1.84896,0.864,0.770688,1.37376
2017/7/23,2017,7,23,2.79936,1.88352,1.75392,0.802656,0.7755264,1.36512
2017/7/24,2017,7,24,2.78208,1.84032,1.67616,0.744768,0.7828704,1.3392
2017/7/25,2017,7,25,2.75616,1.74528,1.60704,0.714528,0.7828704,1.34784
2017/7/26,2017,7,26,2.74752,1.67616,1.61568,0.67392,0.7877952,1.3392
2017/7/27,2017,7,27,2.73888,1.5984,1.65888,0.63504,0.7877952,1.33056
2017/7/28,2017,7,28,2.73024,1.5552,1.71072,0.60048,0.7877952,1.31328
2017/7/29,2017,7,29,2.73024,1.48608,1.83168,0.571968,0.7902144,1.30464
2017/7/30,2017,7,30,2.70432,1.43424,2.13408,0.53568,0.800064,1.32192
2017/7/31,2017,7,31,2.6784,1.39104,2.47968,0.569376,0.8049024,1.36512
2017/8/1,2017,8,1,2.6352,1.34784,2.61792,0.579744,0.8098272,1.43424
2017/8/2,2017,8,2,2.62656,1.30464,3.17952,0.589248,0.8220096,1.48608
2017/8/3,2017,8,3,2.60064,1.27008,3.47328,0.578016,0.8245152,1.47744
2017/8/4,2017,8,4,2.52288,1.24416,3.74976,0.566784,0.8318592,1.45152
2017/8/5,2017,8,5,2.48832,1.22688,3.95712,0.573696,0.8392032,1.39968
2017/8/6,2017,8,6,2.47104,1.21824,4.00032,0.560736,0.8489664,1.34784
2017/8/7,2017,8,7,2.4624,1.21824,3.90528,0.569376,0.8587296,1.30464
2017/8/8,2017,8,8,2.40192,1.24416,3.7584,0.580608,0.8684928,1.27008
2017/8/9,2017,8,9,2.39328,1.24416,3.55968,0.584928,0.8734176,1.23552
2017/8/10,2017,8,10,2.42784,1.23552,3.44736,0.5832,0.8831808,1.20096
2017/8/11,2017,8,11,2.4192,1.22688,3.27456,0.60048,0.8930304,1.1664
2017/8/12,2017,8,12,2.39328,1.22688,2.97216,0.571968,0.9003744,1.14048
2017/8/13,2017,8,13,2.35008,1.21824,2.66976,0.565056,0.9174816,1.1232
2017/8/14,2017,8,14,2.31552,1.21824,2.52288,0.558144,0.929664,1.10592
2017/8/15,2017,8,15,2.25504,1.21824,2.3328,0.555552,0.9419328,1.07136
2017/8/16,2017,8,16,2.17728,1.2096,2.2464,0.53568,0.9542016,1.04544
2017/8/17,2017,8,17,2.09952,1.20096,2.09088,0.53136,0.9566208,1.02816
2017/8/18,2017,8,18,2.03904,1.18368,1.95264,0.521856,0.95904,1.00224
2017/8/19,2017,8,19,1.96992,1.17504,1.86624,0.521856,0.95904,0.9936
2017/8/20,2017,8,20,1.87488,1.17504,1.78848,0.520128,0.9542016,0.98496
2017/8/21,2017,8,21,1.8144,1.19232,1.67616,0.524448,0.9468576,0.97632
2017/8/22,2017,8,22,1.71936,1.22688,1.5984,0.533088,0.937008,0.9504
2017/8/23,2017,8,23,1.6416,1.27008,1.52064,0.533088,0.9272448,0.94176
2017/8/24,2017,8,24,1.58976,1.31328,1.44288,0.53136,0.9248256,0.94176
2017/8/25,2017,8,25,1.58112,1.35648,1.36512,0.53136,0.929664,0.94176
2017/8/26,2017,8,26,1.54656,1.3824,1.33056,0.555552,0.9199008,0.93312
2017/8/27,2017,8,27,1.48608,1.3824,1.30464,0.584928,0.9125568,0.91584
2017/8/28,2017,8,28,1.44288,1.3824,1.296,0.607392,0.9027936,0.89856
2017/8/29,2017,8,29,1.40832,1.3824,1.28736,0.625536,0.9003744,0.89856
2017/8/30,2017,8,30,1.37376,1.37376,1.28736,0.644544,0.8930304,0.92448
2017/8/31,2017,8,31,1.35648,1.36512,1.30464,0.628128,0.8783424,0.93312
2017/9/1,2017,9,1,1.33056,1.3392,1.35648,0.611712,0.8660736,0.94176
2017/9/2,2017,9,2,1.30464,1.33056,1.44288,0.59616,0.8440416,0.9504
2017/9/3,2017,9,3,1.28736,1.33056,1.58112,0.586656,0.8342784,0.94176
2017/9/4,2017,9,4,1.28736,1.3392,1.728,0.549504,0.8245152,0.94176
2017/9/5,2017,9,5,1.28736,1.36512,1.83168,0.513216,0.8146656,0.95904
2017/9/6,2017,9,6,1.27008,1.39104,1.90944,0.493344,0.8024832,0.98496
2017/9/7,2017,9,7,1.27008,1.40832,1.96128,0.473472,0.7951392,0.97632
2017/9/8,2017,9,8,1.26144,1.46016,2.02176,0.459648,0.79272,0.96768
2017/9/9,2017,9,9,1.27008,1.52928,2.12544,0.446688,0.79272,0.94176
2017/9/10,2017,9,10,1.31328,1.61568,2.2896,0.424224,0.807408,0.93312
2017/9/11,2017,9,11,1.296,1.71072,2.38464,0.426816,0.8171712,0.91584
2017/9/12,2017,9,12,1.2528,1.79712,2.52288,0.418176,0.8269344,0.9072
2017/9/13,2017,9,13,1.20096,1.83168,2.62656,0.432864,0.8318592,0.88992
2017/9/14,2017,9,14,1.15776,1.87488,2.66112,0.444096,0.8465472,0.89856
2017/9/15,2017,9,15,1.13184,1.88352,2.68704,0.455328,0.8538912,0.89856
2017/9/16,2017,9,16,1.1232,1.87488,2.69568,0.455328,0.8660736,0.88992
2017/9/17,2017,9,17,1.11456,1.84896,2.74752,0.446688,0.8783424,0.88128
2017/9/18,2017,9,18,1.11456,1.8144,2.78208,0.432864,0.8930304,0.87264
2017/9/19,2017,9,19,1.08864,1.79712,2.79936,0.419904,0.9052128,0.857088
2017/9/20,2017,9,20,1.08,1.79712,2.7648,0.424224,0.9199008,0.85536
2017/9/21,2017,9,21,1.06272,1.8144,2.6784,0.422496,0.929664,0.862272
2017/9/22,2017,9,22,1.05408,1.82304,2.592,0.38448,0.9419328,0.85104
2017/9/23,2017,9,23,1.04544,1.83168,2.66112,0.374112,0.9492768,0.839808
2017/9/24,2017,9,24,1.04544,1.83168,2.69568,0.361152,0.9615456,0.83376
2017/9/25,2017,9,25,1.02816,1.82304,2.69568,0.36288,0.9688032,0.831168
2017/9/26,2017,9,26,1.00224,1.8144,2.74752,0.353376,0.9688032,0.836352
2017/9/27,2017,9,27,1.02816,1.8144,2.7648,0.361152,0.973728,0.827712
2017/9/28,2017,9,28,1.01088,1.79712,2.7216,0.364608,0.9713088,0.819072
2017/9/29,2017,9,29,1.01088,1.77984,2.60064,0.364608,0.9688032,0.825984
2017/9/30,2017,9,30,1.01952,1.728,2.47968,0.361152,0.9615456,0.827712
2017/10/1,2017,10,1,1.01952,1.69344,2.42784,0.38016,0.9492768,0.827712
2017/10/2,2017,10,2,1.01088,1.65888,2.38464,0.395712,0.937008,0.83808
2017/10/3,2017,10,3,0.9936,1.62432,2.35008,0.411264,0.92232,0.826848
2017/10/4,2017,10,4,1.05408,1.57248,2.32416,0.432864,0.9027936,0.811296
2017/10/5,2017,10,5,1.02816,1.53792,2.30688,0.444096,0.8807616,0.797472
2017/10/6,2017,10,6,0.9936,1.50336,2.28096,0.455328,0.8709984,0.7992
2017/10/7,2017,10,7,0.97632,1.48608,2.2464,0.438048,0.8587296,0.819072
2017/10/8,2017,10,8,0.9936,1.46016,2.19456,0.442368,0.8465472,0.818208
2017/10/9,2017,10,9,0.9936,1.44288,2.14272,0.442368,0.8366976,0.824256
2017/10/10,2017,10,10,0.91584,1.41696,2.09088,0.446688,0.8318592,0.824256
2017/10/11,2017,10,11,0.88992,1.39104,2.0304,0.446688,0.8245152,0.837216
2017/10/12,2017,10,12,0.88992,1.36512,1.97856,0.439776,0.8245152,0.844992
2017/10/13,2017,10,13,0.92448,1.3392,1.96128,0.425952,0.8342784,0.837216
2017/10/14,2017,10,14,0.94176,1.31328,1.96992,0.432864,0.8392032,0.83376
2017/10/15,2017,10,15,0.9504,1.296,2.02176,0.411264,0.8342784,0.824256
2017/10/16,2017,10,16,0.94176,1.28736,2.06496,0.394848,0.8416224,0.813024
2017/10/17,2017,10,17,0.97632,1.27872,2.10816,0.386208,0.8416224,0.805248
2017/10/18,2017,10,18,0.9936,1.27008,2.01312,0.38448,0.8538912,0.7992
2017/10/19,2017,10,19,0.9936,1.24416,1.71072,0.355968,0.8465472,0.78624
2017/10/20,2017,10,20,0.97632,1.22688,1.41696,0.361152,0.8513856,0.766368
2017/10/21,2017,10,21,0.96768,1.20096,1.21824,0.339552,0.8392032,0.748224
2017/10/22,2017,10,22,0.96768,1.1664,1.07136,0.337824,0.8245152,0.730944
2017/10/23,2017,10,23,0.97632,1.14048,0.96768,0.231552,0.8195904,0.706752
2017/10/24,2017,10,24,0.98496,1.09728,0.864,0.213408,0.807408,0.686016
2017/10/25,2017,10,25,0.9936,1.06272,0.9072,0.206496,0.7731072,0.654912
2017/10/26,2017,10,26,0.96768,1.04544,0.93312,0.182304,0.7388928,0.642816
2017/10/27,2017,10,27,0.95904,1.0368,0.9936,0.165024,0.7070976,0.653184
2017/10/28,2017,10,28,0.9504,0.96768,0.97632,0.163296,0.675216,0.654912
2017/10/29,2017,10,29,0.93312,0.91584,0.87264,0.170208,0.6360768,0.673056
2017/10/30,2017,10,30,0.9072,0.87264,0.810432,0.124416,0.5749056,0.679104
2017/10/31,2017,10,31,0.88992,0.845856,0.749952,0.127008,0.55296,0.690336
2017/11/1,2017,11,1,0.88992,0.832896,0.711072,0.127872,0.530928,0.667008
2017/11/2,2017,11,2,0.87264,0.805248,0.680832,0.106272,0.5039712,0.646272
2017/11/3,2017,11,3,0.841536,0.798336,0.659232,0.102816,0.4844448,0.635904
2017/11/4,2017,11,4,0.810432,0.767232,0.644544,0.110592,0.4673376,0.635904
2017/11/5,2017,11,5,0.78624,0.743904,0.628992,0.122688,0.4599936,0.625536
2017/11/6,2017,11,6,0.753408,0.742176,0.61344,0.11664,0.4428,0.61776
2017/11/7,2017,11,7,0.736992,0.762048,0.597024,0.101088,0.4306176,0.593568
2017/11/8,2017,11,8,0.711936,0.787104,0.581472,0.109728,0.4135104,0.564192
2017/11/9,2017,11,9,0.702432,0.7992,0.56592,0.106272,0.4036608,0.536544
2017/11/10,2017,11,10,0.693792,0.792288,0.550368,0.114912,0.3938976,0.510624
2017/11/11,2017,11,11,0.677376,0.79056,0.534816,0.12096,0.3865536,0.485568
2017/11/12,2017,11,12,0.662688,0.811296,0.519264,0.106272,0.3816288,0.461376
2017/11/13,2017,11,13,0.653184,0.840672,0.502848,0.101088,0.3742848,0.438912
2017/11/14,2017,11,14,0.63504,0.87264,0.487296,0.107136,0.3670272,0.417312
2017/11/15,2017,11,15,0.620352,0.89856,0.471744,0.108864,0.3621024,0.396576
2017/11/16,2017,11,16,0.610848,1.00224,0.456192,0.11232,0.3523392,0.377568
2017/11/17,2017,11,17,0.59616,0.96768,0.450144,0.120096,0.3474144,0.35856
2017/11/18,2017,11,18,0.58752,0.94176,0.444096,0.126144,0.3400704,0.34128
2017/11/19,2017,11,19,0.572832,0.92448,0.438048,0.119232,0.3351456,0.324
2017/11/20,2017,11,20,0.564192,0.88128,0.432864,0.12528,0.3303072,0.308448
2017/11/21,2017,11,21,0.555552,0.832032,0.426816,0.12096,0.3253824,0.295488
2017/11/22,2017,11,22,0.549504,0.80784,0.420768,0.124416,0.320544,0.28512
2017/11/23,2017,11,23,0.540864,0.783648,0.41472,0.128736,0.3180384,0.273888
2017/11/24,2017,11,24,0.52704,0.769824,0.408672,0.107136,0.3132,0.260928
2017/11/25,2017,11,25,0.52704,0.746496,0.402624,0.101952,0.3106944,0.247104
2017/11/26,2017,11,26,0.516672,0.736992,0.39744,0.107136,0.3033504,0.235008
2017/11/27,2017,11,27,0.508032,0.710208,0.391392,0.097632,0.3009312,0.227232
2017/11/28,2017,11,28,0.508032,0.700704,0.385344,0.100224,0.298512,0.227232
2017/11/29,2017,11,29,0.500256,0.692064,0.379296,0.093312,0.2935872,0.230688
2017/11/30,2017,11,30,0.493344,0.6696,0.38016,0.097632,0.291168,0.235008
2017/12/1,2017,12,1,0.493344,0.66096,0.38016,0.107136,0.2862432,0.2376
2017/12/2,2017,12,2,0.49248,0.65232,0.381024,0.097632,0.2813184,0.242784
2017/12/3,2017,12,3,0.49248,0.63936,0.381888,0.095904,0.2788992,0.25056
2017/12/4,2017,12,4,0.49248,0.63936,0.381888,0.107136,0.2739744,0.264384
2017/12/5,2017,12,5,0.49248,0.64368,0.382752,0.102816,0.269136,0.282528
2017/12/6,2017,12,6,0.491616,0.65232,0.383616,0.104544,0.2642112,0.304992
2017/12/7,2017,12,7,0.491616,0.66096,0.383616,0.088992,0.261792,0.322272
2017/12/8,2017,12,8,0.491616,0.6696,0.38448,0.098496,0.2593728,0.33696
2017/12/9,2017,12,9,0.491616,0.67392,0.400032,0.092448,0.254448,0.342144
2017/12/10,2017,12,10,0.490752,0.67824,0.41472,0.09504,0.254448,0.339552
2017/12/11,2017,12,11,0.490752,0.67824,0.430272,0.070848,0.2520288,0.343008
2017/12/12,2017,12,12,0.490752,0.67824,0.44496,0.067392,0.2495232,0.344736
2017/12/13,2017,12,13,0.490752,0.68256,0.460512,0.063072,0.247104,0.344736
2017/12/14,2017,12,14,0.489888,0.68256,0.4752,0.067392,0.2439072,0.343008
2017/12/15,2017,12,15,0.489888,0.68256,0.490752,0.071712,0.2409696,0.339552
2017/12/16,2017,12,16,0.489888,0.68256,0.50544,0.07776,0.2377728,0.33696
2017/12/17,2017,12,17,0.489888,0.68256,0.520992,0.081216,0.235872,0.338688
2017/12/18,2017,12,18,0.489024,0.6912,0.53568,0.084672,0.234144,0.34128
2017/12/19,2017,12,19,0.489024,0.69552,0.551232,0.091584,0.2312064,0.3456
2017/12/20,2017,12,20,0.494208,0.69552,0.54,0.102816,0.228528,0.34992
2017/12/21,2017,12,21,0.498528,0.69984,0.528768,0.082944,0.2258496,0.353376
2017/12/22,2017,12,22,0.503712,0.70416,0.516672,0.07776,0.2236032,0.356832
2017/12/23,2017,12,23,0.508032,0.70848,0.50544,0.076032,0.2214432,0.357696
2017/12/24,2017,12,24,0.513216,0.7128,0.494208,0.074304,0.2197152,0.355968
2017/12/25,2017,12,25,0.517536,0.71712,0.482976,0.072576,0.2179872,0.352512
2017/12/26,2017,12,26,0.52272,0.72144,0.47088,0.070848,0.2165184,0.34992
2017/12/27,2017,12,27,0.52704,0.72144,0.459648,0.06912,0.2153088,0.349056
2017/12/28,2017,12,28,0.52704,0.72144,0.448416,0.067392,0.2135808,0.351648
2017/12/29,2017,12,29,0.52704,0.72144,0.437184,0.065664,0.2126304,0.353376
2017/12/30,2017,12,30,0.52704,0.72144,0.425088,0.063936,0.2111616,0.355104
2017/12/31,2017,12,31,0.526176,0.72144,0.413856,0.061344,0.2094336,0.355968
2018/1/1,2018,1,1,0.526176,0.710208,0.398304,0.06048,0.2084832,0.35856
2018/1/2,2018,1,2,0.526176,0.709344,0.383616,0.057888,0.2084832,0.357696
2018/1/3,2018,1,3,0.526176,0.707616,0.368064,0.05616,0.2074464,0.356832
2018/1/4,2018,1,4,0.526176,0.706752,0.352512,0.055296,0.2062368,0.355968
2018/1/5,2018,1,5,0.526176,0.705888,0.33696,0.054,0.2052864,0.35424
2018/1/6,2018,1,6,0.526176,0.70416,0.322272,0.0529632,0.2040768,0.353376
2018/1/7,2018,1,7,0.525312,0.703296,0.30672,0.0519264,0.2027808,0.352512
2018/1/8,2018,1,8,0.525312,0.701568,0.291168,0.0508032,0.2015712,0.350784
2018/1/9,2018,1,9,0.525312,0.700704,0.288576,0.0497664,0.2003616,0.34992
2018/1/10,2018,1,10,0.525312,0.698976,0.28512,0.0486432,0.199152,0.349056
2018/1/11,2018,1,11,0.520128,0.69552,0.282528,0.0476064,0.1982016,0.348192
2018/1/12,2018,1,12,0.515808,0.692928,0.279936,0.0464832,0.196992,0.348192
2018/1/13,2018,1,13,0.510624,0.690336,0.27648,0.0454464,0.1959552,0.347328
2018/1/14,2018,1,14,0.506304,0.687744,0.273888,0.0443232,0.1950048,0.346464
2018/1/15,2018,1,15,0.50112,0.685152,0.271296,0.0432864,0.1937952,0.346464
2018/1/16,2018,1,16,0.495936,0.68256,0.26784,0.0435456,0.1925856,0.346464
2018/1/17,2018,1,17,0.491616,0.679968,0.265248,0.0435456,0.1912896,0.3456
2018/1/18,2018,1,18,0.486432,0.677376,0.261792,0.0424224,0.1903392,0.3456
2018/1/19,2018,1,19,0.482112,0.674784,0.2592,0.0464832,0.1893888,0.342144
2018/1/20,2018,1,20,0.476928,0.666144,0.256608,0.0451872,0.1881792,0.342144
2018/1/21,2018,1,21,0.471744,0.663552,0.253152,0.0417312,0.1874016,0.342144
2018/1/22,2018,1,22,0.467424,0.661824,0.25056,0.0413856,0.1867104,0.342144
2018/1/23,2018,1,23,0.46224,0.659232,0.247968,0.0409536,0.1856736,0.343872
2018/1/24,2018,1,24,0.45792,0.657504,0.244512,0.0400896,0.1847232,0.344736
2018/1/25,2018,1,25,0.452736,0.654912,0.24192,0.042768,0.1835136,0.3456
2018/1/26,2018,1,26,0.4536,0.65232,0.240192,0.0430272,0.182736,0.3456
2018/1/27,2018,1,27,0.454464,0.650592,0.2376,0.042768,0.1815264,0.344736
2018/1/28,2018,1,28,0.455328,0.648,0.235872,0.0413856,0.1803168,0.343872
2018/1/29,2018,1,29,0.456192,0.646272,0.234144,0.0413856,0.1791072,0.343008
2018/1/30,2018,1,30,0.457056,0.64368,0.232416,0.04104,0.1780704,0.343008
2018/1/31,2018,1,31,0.45792,0.642816,0.229824,0.04104,0.1768608,0.342144
2018/2/1,2018,2,1,0.458784,0.641952,0.228096,0.04104,0.1759104,0.343872
2018/2/2,2018,2,2,0.458784,0.641088,0.227232,0.0406944,0.17496,0.343872
2018/2/3,2018,2,3,0.459648,0.640224,0.225504,0.0400896,0.173664,0.344736
2018/2/4,2018,2,4,0.460512,0.63936,0.22464,0.0274752,0.1729728,0.346464
2018/2/5,2018,2,5,0.461376,0.638496,0.223776,0.0281664,0.1722816,0.344736
2018/2/6,2018,2,6,0.46224,0.637632,0.222048,0.0303264,0.1709856,0.343872
2018/2/7,2018,2,7,0.463104,0.636768,0.221184,0.0359424,0.1700352,0.342144
2018/2/8,2018,2,8,0.463968,0.635904,0.22032,0.0357696,0.1690848,0.340416
2018/2/9,2018,2,9,0.464832,0.63504,0.219456,0.033264,0.1678752,0.340416
2018/2/10,2018,2,10,0.465696,0.63504,0.217728,0.03024,0.1665792,0.339552
2018/2/11,2018,2,11,0.46656,0.635904,0.216864,0.0304128,0.1656288,0.337824
2018/2/12,2018,2,12,0.46656,0.636768,0.216,0.0330912,0.1649376,0.337824
2018/2/13,2018,2,13,0.467424,0.637632,0.214272,0.0314496,0.1639008,0.336096
2018/2/14,2018,2,14,0.468288,0.638496,0.213408,0.0324864,0.1629504,0.334368
2018/2/15,2018,2,15,0.469152,0.63936,0.213408,0.0339552,0.1614816,0.331776
2018/2/16,2018,2,16,0.469152,0.640224,0.214272,0.0343872,0.160272,0.330048
2018/2/17,2018,2,17,0.470016,0.641088,0.214272,0.0347328,0.1588032,0.32832
2018/2/18,2018,2,18,0.47088,0.641952,0.215136,0.0348192,0.1575936,0.32832
2018/2/19,2018,2,19,0.471744,0.642816,0.215136,0.0330912,0.1556064,0.325728
2018/2/20,2018,2,20,0.472608,0.648,0.215136,0.0343872,0.1543968,0.323136
2018/2/21,2018,2,21,0.472608,0.648864,0.216,0.0353376,0.15336,0.321408
2018/2/22,2018,2,22,0.473472,0.650592,0.216,0.0368064,0.1521504,0.320544
2018/2/23,2018,2,23,0.474336,0.651456,0.216,0.0333504,0.1506816,0.317952
2018/2/24,2018,2,24,0.4752,0.653184,0.216864,0.0330912,0.149472,0.316224
2018/2/25,2018,2,25,0.4752,0.654048,0.216864,0.0334368,0.1482624,0.316224
2018/2/26,2018,2,26,0.476064,0.655776,0.217728,0.0331776,0.147312,0.316224
2018/2/27,2018,2,27,0.476928,0.65664,0.217728,0.0331776,0.1461024,0.31536
2018/2/28,2018,2,28,0.476064,0.65664,0.217728,0.0338688,0.1450656,0.313632
2018/3/1,2018,3,1,0.474336,0.65664,0.216864,0.0385344,0.1443744,0.312768
2018/3/2,2018,3,2,0.473472,0.655776,0.216864,0.0396576,0.1431648,0.311904
2018/3/3,2018,3,3,0.471744,0.655776,0.216,0.039312,0.1418688,0.31104
2018/3/4,2018,3,4,0.47088,0.654912,0.216,0.0353376,0.1411776,0.310176
2018/3/5,2018,3,5,0.470016,0.654912,0.215136,0.035856,0.1406592,0.310176
2018/3/6,2018,3,6,0.468288,0.654048,0.215136,0.0316224,0.1402272,0.310176
2018/3/7,2018,3,7,0.467424,0.654048,0.214272,0.0316224,0.1394496,0.309312
2018/3/8,2018,3,8,0.465696,0.653184,0.213408,0.0313632,0.1389312,0.309312
2018/3/9,2018,3,9,0.464832,0.666144,0.212544,0.0303264,0.13824,0.308448
2018/3/10,2018,3,10,0.463968,0.664416,0.210816,0.0313632,0.1374624,0.308448
2018/3/11,2018,3,11,0.46224,0.663552,0.209952,0.0300672,0.136512,0.308448
2018/3/12,2018,3,12,0.461376,0.666144,0.209088,0.0296352,0.1350432,0.307584
2018/3/13,2018,3,13,0.459648,0.6696,0.208224,0.0292896,0.1340928,0.307584
2018/3/14,2018,3,14,0.458784,0.672192,0.20736,0.0305856,0.133056,0.30672
2018/3/15,2018,3,15,0.45792,0.675648,0.206496,0.0288576,0.1315872,0.30672
2018/3/16,2018,3,16,0.456192,0.67824,0.204768,0.031536,0.1306368,0.30672
2018/3/17,2018,3,17,0.455328,0.681696,0.203904,0.0269568,0.1294272,0.30672
2018/3/18,2018,3,18,0.4536,0.684288,0.20304,0.0297216,0.1284768,0.30672
2018/3/19,2018,3,19,0.452736,0.687744,0.202176,0.0279936,0.12744,0.30672
2018/3/20,2018,3,20,0.44928,0.6912,0.201312,0.0297216,0.1264896,0.305856
2018/3/21,2018,3,21,0.44496,0.69552,0.200448,0.0282528,0.1247616,0.304128
2018/3/22,2018,3,22,0.441504,0.70416,0.199584,0.029808,0.1232928,0.303264
2018/3/23,2018,3,23,0.438048,0.705024,0.19872,0.0284256,0.1223424,0.3024
2018/3/24,2018,3,24,0.434592,0.70848,0.197856,0.0299808,0.1208736,0.301536
2018/3/25,2018,3,25,0.430272,0.710208,0.196992,0.028512,0.1199232,0.300672
2018/3/26,2018,3,26,0.426816,0.711936,0.196128,0.0300672,0.1194048,0.299808
2018/3/27,2018,3,27,0.42336,0.713664,0.195264,0.0285984,0.1188864,0.298944
2018/3/28,2018,3,28,0.41904,0.715392,0.1944,0.03024,0.1184544,0.298944
2018/3/29,2018,3,29,0.415584,0.716256,0.193536,0.0287712,0.1176768,0.29808
2018/3/30,2018,3,30,0.413856,0.71712,0.192672,0.0303264,0.1176768,0.297216
2018/3/31,2018,3,31,0.412128,0.717984,0.190944,0.0304128,0.1176768,0.29808
2018/4/1,2018,4,1,0.409536,0.719712,0.19008,0.0288576,0.1174176,0.298944
2018/4/2,2018,4,2,0.407808,0.719712,0.188352,0.0309312,0.1174176,0.299808
2018/4/3,2018,4,3,0.40608,0.720576,0.187488,0.0292896,0.1174176,0.300672
2018/4/4,2018,4,4,0.404352,0.72144,0.18576,0.0313632,0.1174176,0.301536
2018/4/5,2018,4,5,0.40176,0.72144,0.184032,0.0294624,0.1174176,0.301536
2018/4/6,2018,4,6,0.400032,0.722304,0.183168,0.03024,0.1188864,0.3024
2018/4/7,2018,4,7,0.398304,0.723168,0.18144,0.0286848,0.120096,0.3024
2018/4/8,2018,4,8,0.396576,0.723168,0.180576,0.0304128,0.1206144,0.3024
2018/4/9,2018,4,9,0.393984,0.724032,0.178848,0.0295488,0.1208736,0.3024
2018/4/10,2018,4,10,0.392256,0.726624,0.177984,0.0305856,0.1211328,0.3024
2018/4/11,2018,4,11,0.390528,0.727488,0.17712,0.0290304,0.121392,0.301536
2018/4/12,2018,4,12,0.3888,0.728352,0.176256,0.0304128,0.1220832,0.300672
2018/4/13,2018,4,13,0.387072,0.73008,0.175392,0.0290304,0.1220832,0.300672
2018/4/14,2018,4,14,0.385344,0.730944,0.174528,0.0309312,0.1223424,0.299808
2018/4/15,2018,4,15,0.383616,0.731808,0.1728,0.0292896,0.1228608,0.29808
2018/4/16,2018,4,16,0.381888,0.733536,0.171936,0.0304128,0.1232928,0.29808
2018/4/17,2018,4,17,0.38016,0.7344,0.171072,0.0286848,0.1250208,0.29808
2018/4/18,2018,4,18,0.378432,0.7344,0.170208,0.0309312,0.125712,0.297216
2018/4/19,2018,4,19,0.37584,0.7344,0.169344,0.0292896,0.1267488,0.29808
2018/4/20,2018,4,20,0.374112,0.736128,0.16848,0.0305856,0.12744,0.29808
2018/4/21,2018,4,21,0.372384,0.739584,0.16848,0.0288576,0.1282176,0.298944
2018/4/22,2018,4,22,0.370656,0.744768,0.167616,0.0295488,0.1296864,0.300672
2018/4/23,2018,4,23,0.368928,0.750816,0.166752,0.0275616,0.1321056,0.3024
2018/4/24,2018,4,24,0.3672,0.759456,0.165888,0.0290304,0.1353024,0.303264
2018/4/25,2018,4,25,0.365472,0.769824,0.165888,0.0273024,0.1397088,0.304992
2018/4/26,2018,4,26,0.363744,0.783648,0.165024,0.0295488,0.145584,0.308448
2018/4/27,2018,4,27,0.363744,0.79488,0.16416,0.0298944,0.1514592,0.31104
2018/4/28,2018,4,28,0.37152,0.801792,0.163296,0.0299808,0.1582848,0.313632
2018/4/29,2018,4,29,0.374976,0.810432,0.163296,0.030672,0.1653696,0.317088
2018/4/30,2018,4,30,0.382752,0.825984,0.162432,0.0309312,0.1724544,0.321408
2018/5/1,2018,5,1,0.383616,0.8424,0.161568,0.0309312,0.1812672,0.330048
2018/5/2,2018,5,2,0.387072,0.861408,0.160704,0.0305856,0.1898208,0.33696
2018/5/3,2018,5,3,0.398304,0.882144,0.158976,0.0305856,0.1983744,0.3456
2018/5/4,2018,5,4,0.40176,0.902016,0.158112,0.0305856,0.209952,0.353376
2018/5/5,2018,5,5,0.411264,0.927936,0.157248,0.030672,0.2243808,0.364608
2018/5/6,2018,5,6,0.41472,0.955584,0.156384,0.0309312,0.2446848,0.381888
2018/5/7,2018,5,7,0.421632,0.981504,0.15552,0.0309312,0.2642112,0.381888
2018/5/8,2018,5,8,0.438912,1.013472,0.153792,0.0322272,0.2788992,0.409536
2018/5/9,2018,5,9,0.452736,1.054944,0.152928,0.0324864,0.2960064,0.442368
2018/5/10,2018,5,10,0.463968,1.11456,0.152064,0.0324864,0.3278016,0.50976
2018/5/11,2018,5,11,0.473472,1.40832,0.156384,0.0330912,0.3841344,0.607392
2018/5/12,2018,5,12,0.497664,1.58976,0.161568,0.0329184,0.4624128,0.723168
2018/5/13,2018,5,13,0.508896,1.74528,0.165888,0.0322272,0.5577984,0.864
2018/5/14,2018,5,14,0.529632,1.8144,0.171072,0.0329184,0.6556896,1.09728
2018/5/15,2018,5,15,0.553824,1.84896,0.175392,0.0329184,0.756,1.3392
2018/5/16,2018,5,16,0.580608,1.89216,0.18144,0.0330912,0.8587296,1.61568
2018/5/17,2018,5,17,0.609984,1.93536,0.188352,0.0337824,1.0006848,1.89216
2018/5/18,2018,5,18,0.641088,2.00448,0.1944,0.0352512,1.1548224,2.13408
2018/5/19,2018,5,19,0.67824,2.09952,0.200448,0.0372384,1.2991104,2.29824
2018/5/20,2018,5,20,0.718848,2.22048,0.20736,0.0382752,1.3872384,2.36736
2018/5/21,2018,5,21,0.767232,2.4624,0.209088,0.039312,1.4410656,2.3328
2018/5/22,2018,5,22,0.809568,2.88576,0.241056,0.0446688,1.4802048,2.25504
2018/5/23,2018,5,23,0.85536,3.35232,0.3024,0.0212544,1.504656,2.17728
2018/5/24,2018,5,24,0.9072,2.2032,0.399168,0.0253152,1.5291072,2.10816
2018/5/25,2018,5,25,0.95904,2.592,0.649728,0.0381024,1.5511392,2.06496
2018/5/26,2018,5,26,1.0368,2.71296,0.94176,0.0597888,1.5731712,1.95264
2018/5/27,2018,5,27,1.09728,2.83392,1.48608,0.0981504,1.5902784,1.86624
2018/5/28,2018,5,28,1.17504,3.13632,2.14272,0.300672,1.5976224,1.7712
2018/5/29,2018,5,29,1.27008,3.48192,2.98944,0.374112,1.6000416,1.69344
2018/5/30,2018,5,30,1.39104,3.74112,4.31136,0.597024,1.6000416,1.61568
2018/5/31,2018,5,31,1.49472,3.888,6.98976,0.890784,1.6000416,1.54656
2018/6/1,2018,6,1,1.61568,4.18176,9.8496,1.115424,1.6049664,1.50336
2018/6/2,2018,6,2,1.8144,4.55328,11.7504,1.43856,1.6098048,1.4688
2018/6/3,2018,6,3,2.00448,7.82784,13.2192,1.93968,1.6147296,1.44288
2018/6/4,2018,6,4,2.16864,7.97472,11.7504,1.842912,1.6171488,1.40832
2018/6/5,2018,6,5,2.35872,7.82784,10.2816,2.03904,1.6196544,1.39104
2018/6/6,2018,6,6,2.58336,7.83648,9.4176,2.109888,1.6244928,1.37376
2018/6/7,2018,6,7,2.79936,8.13024,8.64,2.301696,1.6269984,1.35648
2018/6/8,2018,6,8,3.13632,8.26848,7.76736,2.4192,1.6196544,1.3392
2018/6/9,2018,6,9,3.17088,9.27936,6.92064,2.41488,1.6073856,1.296
2018/6/10,2018,6,10,3.22272,9.40032,6.41088,2.49696,1.5926976,1.2528
2018/6/11,2018,6,11,3.25728,9.5472,5.691168,2.60496,1.5780096,1.21824
2018/6/12,2018,6,12,3.24864,9.87552,5.521824,2.733696,1.5584832,1.19232
2018/6/13,2018,6,13,3.24864,9.91872,5.265216,2.712096,1.5388704,1.17504
2018/6/14,2018,6,14,3.24864,9.52992,5.1408,2.629152,1.5217632,1.18368
2018/6/15,2018,6,15,3.22272,9.42624,5.065632,2.546208,1.504656,1.21824
2018/6/16,2018,6,16,3.18816,9.21888,5.115744,2.47968,1.489968,1.2528
2018/6/17,2018,6,17,3.18816,9.072,4.71744,2.38032,1.4802048,1.27008
2018/6/18,2018,6,18,3.23136,8.856,4.601664,2.338848,1.4630112,1.28736
2018/6/19,2018,6,19,3.24,8.17344,4.493664,2.264544,1.4508288,1.32192
2018/6/20,2018,6,20,3.24,7.45632,4.244832,2.1816,1.4434848,1.35648
2018/6/21,2018,6,21,3.1968,6.8688,3.988224,2.106432,1.431216,1.36512
2018/6/22,2018,6,22,3.1536,6.27264,3.838752,2.08224,1.4067648,1.36512
2018/6/23,2018,6,23,3.12768,5.67648,3.739392,2.032128,1.3798944,1.35648
2018/6/24,2018,6,24,3.16224,5.25312,3.606336,1.999296,1.3505184,1.34784
2018/6/25,2018,6,25,3.17952,4.81248,3.407616,1.899072,1.3187232,1.3392
2018/6/26,2018,6,26,3.17952,4.48416,3.316896,1.799712,1.286928,1.34784
2018/6/27,2018,6,27,3.1536,4.104,3.275424,1.733184,1.2526272,1.35648
2018/6/28,2018,6,28,3.14496,3.888,3.225312,1.642464,1.228176,1.36512
2018/6/29,2018,6,29,3.11904,3.52512,3.275424,1.55952,1.1963808,1.39104
2018/6/30,2018,6,30,3.10176,2.88576,3.299616,1.501632,1.176768,1.4688
2018/7/1,2018,7,1,3.10176,2.70432,3.416256,1.418688,1.1498976,1.58976
2018/7/2,2018,7,2,3.10176,2.56608,3.29184,1.34352,1.1352096,1.728
2018/7/3,2018,7,3,3.024,2.4192,3.208896,1.318464,1.1302848,1.84032
2018/7/4,2018,7,4,2.99808,2.28096,3.2832,1.302048,1.1302848,1.93536
2018/7/5,2018,7,5,2.9808,2.14272,3.250368,1.276992,1.1376288,1.99584
2018/7/6,2018,7,6,2.97216,2.03904,3.29184,1.2528,1.1449728,1.99584
2018/7/7,2018,7,7,2.94624,1.95264,3.233952,1.177632,1.1498976,1.944
2018/7/8,2018,7,8,2.9376,1.88352,3.266784,1.119744,1.1548224,1.86624
2018/7/9,2018,7,9,2.92032,1.82304,3.333312,1.053216,1.1645856,1.80576
2018/7/10,2018,7,10,2.86848,1.77984,3.241728,0.995328,1.1670048,1.74528
2018/7/11,2018,7,11,2.85984,1.74528,3.208896,0.970272,1.1645856,1.67616
2018/7/12,2018,7,12,2.85984,1.728,3.2832,0.9288,1.1596608,1.5984
2018/7/13,2018,7,13,2.84256,1.71072,3.349728,0.879552,1.1572416,1.512
2018/7/14,2018,7,14,2.83392,1.69344,3.416256,0.813888,1.1548224,1.44288
2018/7/15,2018,7,15,2.82528,1.66752,3.474144,0.76032,1.1498976,1.37376
2018/7/16,2018,7,16,2.808,1.63296,3.557088,0.698112,1.1498976,1.32192
2018/7/17,2018,7,17,2.79072,1.58112,3.647808,0.661824,1.1425536,1.28736
2018/7/18,2018,7,18,2.77344,1.52064,3.70656,0.664416,1.1327904,1.23552
2018/7/19,2018,7,19,2.7648,1.4688,3.789504,0.664416,1.1229408,1.19232
2018/7/20,2018,7,20,2.73888,1.43424,3.955392,0.667008,1.1107584,1.18368
2018/7/21,2018,7,21,2.73888,1.40832,4.021056,0.671328,1.0960704,1.17504
2018/7/22,2018,7,22,2.73024,1.3824,3.921696,0.667008,1.0764576,1.14048
2018/7/23,2018,7,23,2.71296,1.36512,4.038336,0.635904,1.0569312,1.1232
2018/7/24,2018,7,24,2.69568,1.34784,3.979584,0.576288,1.0348992,1.11456
2018/7/25,2018,7,25,2.6784,1.3392,4.11264,0.516672,1.0080288,1.09728
2018/7/26,2018,7,26,2.66976,1.33056,4.154112,0.495072,0.9786528,1.08
2018/7/27,2018,7,27,2.65248,1.31328,4.286304,0.5616,0.951696,1.07136
2018/7/28,2018,7,28,2.6352,1.31328,4.485888,0.59616,0.9272448,1.05408
2018/7/29,2018,7,29,2.60928,1.31328,4.668192,0.620352,0.9027936,1.04544
2018/7/30,2018,7,30,2.592,1.31328,4.891968,0.51408,0.8783424,1.02816
2018/7/31,2018,7,31,2.57472,1.31328,5.24448,0.646272,0.8563104,1.02816
2018/8/1,2018,8,1,2.55744,1.90944,5.29632,0.594432,0.8392032,1.02816
2018/8/2,2018,8,2,2.57472,2.91168,5.19264,0.580608,0.8342784,1.02816
2018/8/3,2018,8,3,2.55744,2.71296,5.08896,0.558144,0.8293536,1.01088
2018/8/4,2018,8,4,2.55744,1.71072,5.0544,0.506304,0.8171712,0.9936
2018/8/5,2018,8,5,2.55744,1.31328,4.89888,0.47088,0.8098272,0.98496
2018/8/6,2018,8,6,2.55744,1.31328,4.8384,0.562464,0.807408,0.98496
2018/8/7,2018,8,7,2.55744,1.31328,4.752,0.598752,0.8049024,0.97632
2018/8/8,2018,8,8,2.5488,1.31328,4.61376,0.707616,0.800064,0.9936
2018/8/9,2018,8,9,2.54016,1.32192,4.43232,0.827712,0.7951392,1.00224
2018/8/10,2018,8,10,2.54016,1.32192,4.32,0.864,0.7902144,1.05408
2018/8/11,2018,8,11,2.52288,1.3392,4.20768,0.864,0.785376,1.08864
2018/8/12,2018,8,12,2.5056,1.35648,4.1472,0.864,0.785376,1.1232
2018/8/13,2018,8,13,2.5056,1.3824,4.05216,0.852768,0.7902144,1.14048
2018/8/14,2018,8,14,2.49696,1.39104,4.02624,0.89856,0.800064,1.14048
2018/8/15,2018,8,15,2.47968,1.39968,3.89664,0.91584,0.8171712,1.11456
2018/8/16,2018,8,16,2.47104,1.41696,3.8016,0.92448,0.8392032,1.10592
2018/8/17,2018,8,17,2.45376,1.44288,3.74976,0.93312,0.8636544,1.10592
2018/8/18,2018,8,18,2.42784,1.47744,3.65472,0.94176,0.8905248,1.10592
2018/8/19,2018,8,19,2.41056,1.50336,3.60288,0.94176,0.9077184,1.08864
2018/8/20,2018,8,20,2.39328,1.52928,3.49056,0.94176,0.92232,1.08864
2018/8/21,2018,8,21,2.39328,1.53792,3.59424,0.98496,0.937008,1.08864
2018/8/22,2018,8,22,2.38464,1.53792,3.48192,0.98496,0.951696,1.08
2018/8/23,2018,8,23,2.35872,1.52064,3.61152,0.97632,0.9639648,1.04544
2018/8/24,2018,8,24,2.3328,1.49472,3.55968,0.96768,0.9786528,1.05408
2018/8/25,2018,8,25,2.27232,1.46016,3.50784,0.94176,0.9908352,1.08
2018/8/26,2018,8,26,2.2464,1.4256,3.43872,0.87264,0.99576,1.10592
2018/8/27,2018,8,27,2.19456,1.39968,3.38688,0.81216,1.0055232,1.11456
2018/8/28,2018,8,28,2.15136,1.39104,3.456,0.752544,1.0152864,1.11456
2018/8/29,2018,8,29,2.08224,1.39968,3.42144,0.73008,1.025136,1.09728
2018/8/30,2018,8,30,2.00448,1.41696,3.40416,0.628128,1.039824,1.07136
2018/8/31,2018,8,31,1.92672,1.44288,3.37824,0.508896,1.0617696,1.08
2018/9/1,2018,9,1,1.8576,1.47744,3.34368,0.464832,1.0911456,1.05408
2018/9/2,2018,9,2,1.75392,1.50336,3.30912,0.419904,1.1205216,1.05408
2018/9/3,2018,9,3,1.66752,1.50336,3.25728,0.402624,1.1498976,1.0368
2018/9/4,2018,9,4,1.56384,1.50336,3.21408,0.34992,1.1719296,1.04544
2018/9/5,2018,9,5,1.4688,1.50336,3.2832,0.361152,1.191456,1.02816
2018/9/6,2018,9,6,1.41696,1.512,3.20544,0.317088,1.206144,1.01952
2018/9/7,2018,9,7,1.36512,1.52928,3.3696,0.3024,1.220832,1.02816
2018/9/8,2018,9,8,1.32192,1.54656,3.46464,0.286848,1.2331008,0.9936
2018/9/9,2018,9,9,1.28736,1.54656,3.69792,0.2808,1.242864,0.98496
2018/9/10,2018,9,10,1.24416,1.53792,3.65472,0.268704,1.2452832,0.98496
2018/9/11,2018,9,11,1.2096,1.52064,3.81024,0.255744,1.2452832,0.96768
2018/9/12,2018,9,12,1.17504,1.52064,3.83616,0.249696,1.242864,0.94176
2018/9/13,2018,9,13,1.17504,1.52928,3.79296,0.24192,1.23552,0.92448
2018/9/14,2018,9,14,1.19232,1.52928,3.74976,0.235008,1.2257568,0.9072
2018/9/15,2018,9,15,1.1232,1.52064,3.68064,0.229824,1.220832,0.88128
2018/9/16,2018,9,16,1.08,1.512,3.59424,0.223776,1.2085632,0.861408
2018/9/17,2018,9,17,1.04544,1.50336,3.5424,0.212544,1.1939616,0.849312
2018/9/18,2018,9,18,1.06272,1.50336,3.48192,0.20736,1.1743488,0.83376
2018/9/19,2018,9,19,1.01952,1.512,3.4128,0.199584,1.1572416,0.81648
2018/9/20,2018,9,20,0.97632,1.512,3.46464,0.186624,1.1376288,0.794016
2018/9/21,2018,9,21,0.96768,1.512,3.57696,0.18576,1.1181024,0.776736
2018/9/22,2018,9,22,0.9504,1.52064,3.63744,0.235872,1.1009952,0.771552
2018/9/23,2018,9,23,0.9504,1.52064,3.72384,0.254016,1.0838016,0.768096
2018/9/24,2018,9,24,0.9504,1.52928,3.8016,0.270432,1.0716192,0.761184
2018/9/25,2018,9,25,0.93312,1.53792,3.87936,0.2808,1.0569312,0.750816
2018/9/26,2018,9,26,0.93312,1.5552,3.92256,0.283392,1.0422432,0.737856
2018/9/27,2018,9,27,0.92448,1.5552,3.96576,0.292896,1.0299744,0.724032
2018/9/28,2018,9,28,0.91584,1.54656,3.888,0.317088,1.0152864,0.726624
2018/9/29,2018,9,29,0.91584,1.52928,3.8016,0.288576,1.0055232,0.722304
2018/9/30,2018,9,30,0.91584,1.512,3.72384,0.32832,1.0006848,0.710208
2018/10/1,2018,10,1,0.9072,1.45152,3.62016,0.350784,0.9933408,0.696384
2018/10/2,2018,10,2,0.89856,1.44288,3.48192,0.376704,0.9859968,0.686016
2018/10/3,2018,10,3,0.88992,1.45152,3.30912,0.3456,0.9786528,0.675648
2018/10/4,2018,10,4,0.88128,1.46016,3.12768,0.324,0.9713088,0.661824
2018/10/5,2018,10,5,0.88128,1.46016,2.96352,0.303264,0.9615456,0.648
2018/10/6,2018,10,6,0.88992,1.46016,2.79936,0.292896,0.9542016,0.641952
2018/10/7,2018,10,7,0.88128,1.44288,2.64384,0.271296,0.9395136,0.63072
2018/10/8,2018,10,8,0.88128,1.45152,2.48832,0.260928,0.92232,0.62208
2018/10/9,2018,10,9,0.89856,1.46016,2.31552,0.25056,0.9052128,0.616896
2018/10/10,2018,10,10,0.9072,1.4688,2.26368,0.229824,0.8881056,0.620352
2018/10/11,2018,10,11,0.9072,1.44288,2.35008,0.216864,0.8684928,0.622944
2018/10/12,2018,10,12,0.87264,1.45152,2.28096,0.200448,0.8440416,0.616032
2018/10/13,2018,10,13,0.87264,1.41696,2.1168,0.188352,0.8171712,0.616896
2018/10/14,2018,10,14,0.88992,1.3824,2.02176,0.18144,0.7975584,0.618624
2018/10/15,2018,10,15,0.88992,1.39104,1.87488,0.175392,0.778032,0.619488
2018/10/16,2018,10,16,0.88992,1.41696,1.84896,0.160704,0.748656,0.619488
2018/10/17,2018,10,17,0.88992,1.45152,1.74528,0.152928,0.7216992,0.614304
2018/10/18,2018,10,18,0.87264,1.43424,1.62432,0.13824,0.697248,0.615168
2018/10/19,2018,10,19,0.88128,1.44288,1.4688,0.13392,0.6703776,0.60912
2018/10/20,2018,10,20,0.92448,1.43424,1.36512,0.113184,0.6459264,0.610848
2018/10/21,2018,10,21,0.93312,1.4256,1.27008,0.101088,0.6336576,0.621216
2018/10/22,2018,10,22,0.94176,1.40832,1.18368,0.096768,0.6238944,0.620352
2018/10/23,2018,10,23,0.96768,1.3824,1.1232,0.085536,0.6042816,0.611712
2018/10/24,2018,10,24,0.94176,1.35648,1.05408,0.088128,0.5895936,0.601344
2018/10/25,2018,10,25,0.91584,1.33056,1.00224,0.09072,0.5774112,0.580608
2018/10/26,2018,10,26,0.9072,1.31328,0.88128,0.095904,0.5700672,0.571968
2018/10/27,2018,10,27,0.89856,1.27872,0.864,0.093312,0.560304,0.564192
2018/10/28,2018,10,28,0.89856,1.24416,0.7776,0.098496,0.5504544,0.555552
2018/10/29,2018,10,29,0.91584,1.21824,0.653184,0.107136,0.538272,0.545184
2018/10/30,2018,10,30,0.94176,1.21824,0.603072,0.09504,0.5260032,0.530496
2018/10/31,2018,10,31,0.95904,1.23552,0.57456,0.09504,0.5113152,0.513216
2018/11/1,2018,11,1,0.95904,1.24416,0.62208,0.101952,0.4991328,0.49248
2018/11/2,2018,11,2,0.95904,1.2096,0.641088,0.11232,0.4892832,0.47088
2018/11/3,2018,11,3,0.94176,1.1664,0.68688,0.10368,0.47952,0.447552
2018/11/4,2018,11,4,0.93312,1.11456,0.633312,0.088992,0.4697568,0.424224
2018/11/5,2018,11,5,0.96768,1.08,0.603936,0.096768,0.4599936,0.400032
2018/11/6,2018,11,6,1.00224,0.634176,0.564192,0.092448,0.4453056,0.377568
2018/11/7,2018,11,7,1.02816,0.633312,0.551232,0.09936,0.4256928,0.356832
2018/11/8,2018,11,8,1.06272,0.633312,0.539136,0.104544,0.4110048,0.337824
2018/11/9,2018,11,9,1.08,0.632448,0.526176,0.09072,0.4012416,0.322272
2018/11/10,2018,11,10,1.04544,0.651456,0.513216,0.088128,0.3938976,0.309312
2018/11/11,2018,11,11,1.01952,0.655776,0.50112,0.09504,0.3865536,0.29808
2018/11/12,2018,11,12,0.9936,0.660096,0.48816,0.094176,0.3792096,0.287712
2018/11/13,2018,11,13,0.96768,0.664416,0.476064,0.098496,0.3767904,0.27648
2018/11/14,2018,11,14,0.95904,0.6696,0.46656,0.097632,0.3718656,0.26352
2018/11/15,2018,11,15,0.94176,0.67392,0.450144,0.097632,0.3645216,0.253152
2018/11/16,2018,11,16,0.92448,0.67824,0.438048,0.080352,0.3571776,0.24624
2018/11/17,2018,11,17,0.89856,0.68256,0.425088,0.07344,0.3498336,0.241056
2018/11/18,2018,11,18,0.88992,0.688608,0.412992,0.063072,0.3424896,0.235008
2018/11/19,2018,11,19,0.862272,0.694656,0.400032,0.058752,0.3376512,0.22896
2018/11/20,2018,11,20,0.845856,0.688608,0.387936,0.059616,0.3303072,0.22032
2018/11/21,2018,11,21,0.817344,0.690336,0.374976,0.05184,0.3253824,0.210816
2018/11/22,2018,11,22,0.801792,0.692928,0.36288,0.053568,0.3253824,0.20304
2018/11/23,2018,11,23,0.780192,0.69552,0.34992,0.059616,0.3229632,0.199584
2018/11/24,2018,11,24,0.758592,0.697248,0.337824,0.057888,0.3180384,0.200448
2018/11/25,2018,11,25,0.746496,0.69984,0.324864,0.057888,0.3132,0.20304
2018/11/26,2018,11,26,0.728352,0.702432,0.321408,0.055296,0.305856,0.20736
2018/11/27,2018,11,27,0.713664,0.70416,0.317952,0.05616,0.3033504,0.213408
2018/11/28,2018,11,28,0.706752,0.706752,0.314496,0.059616,0.3009312,0.22032
2018/11/29,2018,11,29,0.6912,0.709344,0.31104,0.050976,0.2960064,0.226368
2018/11/30,2018,11,30,0.675648,0.724032,0.308448,0.049248,0.2935872,0.234144
2018/12/1,2018,12,1,0.659232,0.724032,0.304992,0.053568,0.2886624,0.240192
2018/12/2,2018,12,2,0.654912,0.724032,0.301536,0.050976,0.283824,0.244512
2018/12/3,2018,12,3,0.641952,0.724896,0.29808,0.049248,0.2788992,0.249696
2018/12/4,2018,12,4,0.627264,0.724896,0.294624,0.041472,0.27648,0.256608
2018/12/5,2018,12,5,0.620352,0.724896,0.291168,0.044064,0.2739744,0.254016
2018/12/6,2018,12,6,0.620352,0.72576,0.29808,0.041472,0.2715552,0.248832
2018/12/7,2018,12,7,0.620352,0.72576,0.304992,0.044928,0.2667168,0.245376
2018/12/8,2018,12,8,0.619488,0.726624,0.311904,0.035424,0.2642112,0.239328
2018/12/9,2018,12,9,0.619488,0.726624,0.318816,0.035424,0.2642112,0.238464
2018/12/10,2018,12,10,0.619488,0.726624,0.325728,0.03456,0.261792,0.239328
2018/12/11,2018,12,11,0.619488,0.727488,0.33264,0.036288,0.261792,0.242784
2018/12/12,2018,12,12,0.618624,0.727488,0.340416,0.036288,0.2593728,0.25056
2018/12/13,2018,12,13,0.618624,0.728352,0.347328,0.03456,0.2568672,0.256608
2018/12/14,2018,12,14,0.618624,0.728352,0.35424,0.035424,0.2520288,0.26352
2018/12/15,2018,12,15,0.618624,0.728352,0.361152,0.036288,0.2495232,0.271296
2018/12/16,2018,12,16,0.618624,0.729216,0.368064,0.040608,0.2495232,0.273888
2018/12/17,2018,12,17,0.61776,0.729216,0.374976,0.044064,0.247104,0.278208
2018/12/18,2018,12,18,0.61776,0.73008,0.381024,0.045792,0.2429568,0.282528
2018/12/19,2018,12,19,0.61776,0.73008,0.386208,0.049248,0.2400192,0.285984
2018/12/20,2018,12,20,0.61776,0.724032,0.392256,0.048384,0.2370816,0.287712
2018/12/21,2018,12,21,0.616896,0.724032,0.398304,0.068256,0.2346624,0.290304
2018/12/22,2018,12,22,0.616896,0.724896,0.404352,0.0864,0.2329344,0.294624
2018/12/23,2018,12,23,0.616896,0.72576,0.409536,0.102816,0.2314656,0.29808
2018/12/24,2018,12,24,0.616896,0.726624,0.415584,0.098496,0.22896,0.301536
2018/12/25,2018,12,25,0.616032,0.727488,0.421632,0.096768,0.2273184,0.305856
2018/12/26,2018,12,26,0.616032,0.728352,0.426816,0.093312,0.2253312,0.309312
2018/12/27,2018,12,27,0.616032,0.729216,0.432864,0.089856,0.2253312,0.313632
2018/12/28,2018,12,28,0.614304,0.73008,0.435456,0.084672,0.2241216,0.317088
2018/12/29,2018,12,29,0.61344,0.730944,0.438912,0.09072,0.222912,0.320544
2018/12/30,2018,12,30,0.611712,0.731808,0.441504,0.09504,0.2221344,0.324864
2018/12/31,2018,12,31,0.610848,0.731808,0.444096,0.104544,0.2209248,0.32832
2019/1/1,2019,1,1,0.60912,0.732672,0.446688,0.0463968,0.219456,0.336096
2019/1/2,2019,1,2,0.608256,0.733536,0.450144,0.0452736,0.2167776,0.34128
2019/1/3,2019,1,3,0.606528,0.7344,0.452736,0.0459648,0.2153088,0.3456
2019/1/4,2019,1,4,0.605664,0.735264,0.455328,0.0463104,0.2143584,0.349056
2019/1/5,2019,1,5,0.603936,0.736128,0.458784,0.0463104,0.2101248,0.353376
2019/1/6,2019,1,6,0.602208,0.736992,0.461376,0.0452736,0.2070144,0.356832
2019/1/7,2019,1,7,0.601344,0.737856,0.464832,0.0390528,0.2038176,0.359424
2019/1/8,2019,1,8,0.599616,0.73872,0.467424,0.0378432,0.2018304,0.36288
2019/1/9,2019,1,9,0.598752,0.739584,0.470016,0.0331776,0.2011392,0.365472
2019/1/10,2019,1,10,0.597024,0.718848,0.473472,0.0333504,0.199152,0.368928
2019/1/11,2019,1,11,0.59616,0.714528,0.476064,0.0333504,0.197424,0.37152
2019/1/12,2019,1,12,0.594432,0.710208,0.472608,0.0338688,0.1971648,0.372384
2019/1/13,2019,1,13,0.593568,0.706752,0.468288,0.0331776,0.1959552,0.373248
2019/1/14,2019,1,14,0.59184,0.702432,0.464832,0.0338688,0.1940544,0.374112
2019/1/15,2019,1,15,0.588384,0.698112,0.460512,0.0304128,0.1920672,0.374112
2019/1/16,2019,1,16,0.584064,0.694656,0.457056,0.0355968,0.19008,0.374112
2019/1/17,2019,1,17,0.580608,0.690336,0.452736,0.0392256,0.188352,0.374112
2019/1/18,2019,1,18,0.576288,0.68688,0.44928,0.0458784,0.1871424,0.373248
2019/1/19,2019,1,19,0.572832,0.68256,0.44496,0.0489024,0.1868832,0.370656
2019/1/20,2019,1,20,0.568512,0.685152,0.441504,0.0512352,0.1868832,0.3672
2019/1/21,2019,1,21,0.565056,0.686016,0.437184,0.0520128,0.1859328,0.363744
2019/1/22,2019,1,22,0.560736,0.687744,0.434592,0.0530496,0.1832544,0.361152
2019/1/23,2019,1,23,0.55728,0.688608,0.431136,0.0520128,0.1824768,0.35856
2019/1/24,2019,1,24,0.55296,0.689472,0.428544,0.052272,0.180576,0.355968
2019/1/25,2019,1,25,0.549504,0.6912,0.425088,0.0514944,0.1785888,0.353376
2019/1/26,2019,1,26,0.545184,0.692064,0.422496,0.0514944,0.1764288,0.351648
2019/1/27,2019,1,27,0.541728,0.692928,0.41904,0.050976,0.1744416,0.350784
2019/1/28,2019,1,28,0.537408,0.694656,0.416448,0.050976,0.1739232,0.34992
2019/1/29,2019,1,29,0.533952,0.69552,0.412992,0.0504576,0.1734912,0.350784
2019/1/30,2019,1,30,0.530496,0.697248,0.4104,0.0504576,0.1729728,0.353376
2019/1/31,2019,1,31,0.52704,0.701568,0.406944,0.0504576,0.1720224,0.355104
2019/2/1,2019,2,1,0.52272,0.702432,0.404352,0.033696,0.1712448,0.357696
2019/2/2,2019,2,2,0.519264,0.703296,0.400896,0.0321408,0.1702944,0.359424
2019/2/3,2019,2,3,0.515808,0.70416,0.398304,0.0329184,0.169344,0.360288
2019/2/4,2019,2,4,0.512352,0.705024,0.394848,0.0324864,0.168048,0.361152
2019/2/5,2019,2,5,0.508032,0.705024,0.392256,0.031536,0.1668384,0.361152
2019/2/6,2019,2,6,0.504576,0.705888,0.3888,0.0298944,0.165888,0.360288
2019/2/7,2019,2,7,0.50112,0.706752,0.385344,0.0270432,0.1649376,0.360288
2019/2/8,2019,2,8,0.498528,0.707616,0.381024,0.0266976,0.1639008,0.357696
2019/2/9,2019,2,9,0.495936,0.70848,0.377568,0.0275616,0.162432,0.356832
2019/2/10,2019,2,10,0.494208,0.710208,0.374112,0.025488,0.1617408,0.356832
2019/2/11,2019,2,11,0.491616,0.70848,0.369792,0.0268704,0.1612224,0.355968
2019/2/12,2019,2,12,0.489024,0.706752,0.366336,0.0274752,0.160704,0.35424
2019/2/13,2019,2,13,0.486432,0.705024,0.36288,0.02808,0.1605312,0.35424
2019/2/14,2019,2,14,0.48384,0.703296,0.35856,0.0277344,0.1600128,0.35424
2019/2/15,2019,2,15,0.481248,0.701568,0.355104,0.0281664,0.1594944,0.353376
2019/2/16,2019,2,16,0.47952,0.69984,0.351648,0.0294624,0.1588032,0.352512
2019/2/17,2019,2,17,0.476928,0.698112,0.347328,0.0296352,0.1580256,0.352512
2019/2/18,2019,2,18,0.474336,0.696384,0.343872,0.0299808,0.1573344,0.353376
2019/2/19,2019,2,19,0.471744,0.694656,0.338688,0.0308448,0.1562976,0.355104
2019/2/20,2019,2,20,0.469152,0.68688,0.333504,0.0318816,0.1558656,0.355104
2019/2/21,2019,2,21,0.46656,0.686016,0.331776,0.0320544,0.155088,0.355104
2019/2/22,2019,2,22,0.464832,0.685152,0.324,0.0316224,0.1543968,0.35424
2019/2/23,2019,2,23,0.46224,0.683424,0.318816,0.031968,0.1536192,0.352512
2019/2/24,2019,2,24,0.459648,0.68256,0.313632,0.0310176,0.152928,0.34992
2019/2/25,2019,2,25,0.457056,0.681696,0.309312,0.031536,0.1524096,0.346464
2019/2/26,2019,2,26,0.455328,0.680832,0.304128,0.031104,0.1514592,0.343872
2019/2/27,2019,2,27,0.454464,0.679968,0.298944,0.0298944,0.1506816,0.342144
2019/2/28,2019,2,28,0.452736,0.684288,0.296352,0.0299808,0.1504224,0.339552
2019/3/1,2019,3,1,0.451872,0.686016,0.292896,0.03024,0.1502496,0.33696
2019/3/2,2019,3,2,0.450144,0.687744,0.290304,0.0301536,0.1499904,0.33264
2019/3/3,2019,3,3,0.448416,0.689472,0.286848,0.030672,0.1497312,0.330048
2019/3/4,2019,3,4,0.447552,0.6912,0.284256,0.0307584,0.1497312,0.32832
2019/3/5,2019,3,5,0.445824,0.692928,0.2808,0.0303264,0.149472,0.327456
2019/3/6,2019,3,6,0.444096,0.694656,0.278208,0.0292896,0.1492128,0.325728
2019/3/7,2019,3,7,0.442368,0.696384,0.274752,0.0295488,0.1492128,0.324864
2019/3/8,2019,3,8,0.44064,0.698112,0.27216,0.0281664,0.1492128,0.323136
2019/3/9,2019,3,9,0.438048,0.69984,0.268704,0.0277344,0.1489536,0.320544
2019/3/10,2019,3,10,0.43632,0.705024,0.266112,0.0273888,0.1489536,0.31968
2019/3/11,2019,3,11,0.434592,0.706752,0.262656,0.0288576,0.1489536,0.31968
2019/3/12,2019,3,12,0.432864,0.707616,0.260064,0.027216,0.1489536,0.317952
2019/3/13,2019,3,13,0.431136,0.709344,0.256608,0.0286848,0.1489536,0.316224
2019/3/14,2019,3,14,0.429408,0.710208,0.252288,0.0266976,0.1492128,0.313632
2019/3/15,2019,3,15,0.42768,0.72576,0.248832,0.0275616,0.1492128,0.311904
2019/3/16,2019,3,16,0.425952,0.727488,0.245376,0.0268704,0.1492128,0.309312
2019/3/17,2019,3,17,0.42336,0.728352,0.241056,0.0282528,0.1492128,0.307584
2019/3/18,2019,3,18,0.421632,0.7344,0.2376,0.0261792,0.1492128,0.304992
2019/3/19,2019,3,19,0.419904,0.740448,0.234144,0.0275616,0.1492128,0.304128
2019/3/20,2019,3,20,0.418176,0.745632,0.229824,0.0261792,0.149472,0.303264
2019/3/21,2019,3,21,0.416448,0.749088,0.226368,0.0279072,0.149472,0.303264
2019/3/22,2019,3,22,0.41472,0.752544,0.223776,0.0265248,0.1499904,0.303264
2019/3/23,2019,3,23,0.412992,0.756864,0.221184,0.0286848,0.1502496,0.303264
2019/3/24,2019,3,24,0.411264,0.76032,0.217728,0.0273888,0.1506816,0.3024
2019/3/25,2019,3,25,0.408672,0.763776,0.215136,0.0282528,0.1514592,0.303264
2019/3/26,2019,3,26,0.406944,0.767232,0.212544,0.0266976,0.1524096,0.303264
2019/3/27,2019,3,27,0.405216,0.770688,0.209952,0.02808,0.15336,0.303264
2019/3/28,2019,3,28,0.403488,0.778464,0.206496,0.0286848,0.1543968,0.303264
2019/3/29,2019,3,29,0.403488,0.78624,0.203904,0.0275616,0.1556064,0.303264
2019/3/30,2019,3,30,0.404352,0.785376,0.201312,0.029376,0.1573344,0.303264
2019/3/31,2019,3,31,0.404352,0.780192,0.200448,0.027216,0.1590624,0.303264
2019/4/1,2019,4,1,0.404352,0.780192,0.19872,0.0290304,0.160704,0.30672
2019/4/2,2019,4,2,0.404352,0.779328,0.197856,0.0286848,0.160704,0.307584
2019/4/3,2019,4,3,0.405216,0.779328,0.196992,0.0310176,0.160272,0.308448
2019/4/4,2019,4,4,0.405216,0.779328,0.196128,0.0279936,0.162,0.309312
2019/4/5,2019,4,5,0.405216,0.778464,0.1944,0.0288576,0.1656288,0.31104
2019/4/6,2019,4,6,0.40608,0.778464,0.193536,0.0278208,0.1665792,0.313632
2019/4/7,2019,4,7,0.40608,0.7776,0.192672,0.0297216,0.169776,0.31536
2019/4/8,2019,4,8,0.40608,0.7776,0.190944,0.0292032,0.1700352,0.317088
2019/4/9,2019,4,9,0.40608,0.7776,0.19008,0.0295488,0.1688256,0.317952
2019/4/10,2019,4,10,0.406944,0.778464,0.189216,0.0268704,0.1705536,0.318816
2019/4/11,2019,4,11,0.406944,0.781056,0.188352,0.0283392,0.1708128,0.320544
2019/4/12,2019,4,12,0.411264,0.782784,0.188352,0.0268704,0.1727136,0.324
2019/4/13,2019,4,13,0.415584,0.784512,0.187488,0.0283392,0.1751328,0.326592
2019/4/14,2019,4,14,0.419904,0.787104,0.186624,0.0269568,0.178848,0.330912
2019/4/15,2019,4,15,0.424224,0.787968,0.18576,0.0284256,0.180576,0.335232
2019/4/16,2019,4,16,0.428544,0.79056,0.184896,0.0269568,0.1842048,0.340416
2019/4/17,2019,4,17,0.432864,0.791424,0.184896,0.028512,0.1908576,0.346464
2019/4/18,2019,4,18,0.437184,0.793152,0.184032,0.0270432,0.1955232,0.35424
2019/4/19,2019,4,19,0.442368,0.795744,0.183168,0.028512,0.2020896,0.360288
2019/4/20,2019,4,20,0.446688,0.797472,0.18144,0.0271296,0.2084832,0.366336
2019/4/21,2019,4,21,0.451008,0.800064,0.179712,0.0285984,0.2135808,0.370656
2019/4/22,2019,4,22,0.455328,0.800928,0.178848,0.0271296,0.2165184,0.376704
2019/4/23,2019,4,23,0.459648,0.802656,0.17712,0.0285984,0.2204064,0.382752
2019/4/24,2019,4,24,0.463968,0.805248,0.175392,0.0286848,0.2241216,0.389664
2019/4/25,2019,4,25,0.468288,0.806112,0.173664,0.0286848,0.2274912,0.399168
2019/4/26,2019,4,26,0.472608,0.80784,0.171936,0.0286848,0.230256,0.41472
2019/4/27,2019,4,27,0.495072,0.809568,0.171072,0.0287712,0.2346624,0.443232
2019/4/28,2019,4,28,0.517536,0.810432,0.169344,0.0287712,0.2390688,0.468288
2019/4/29,2019,4,29,0.539136,0.810432,0.167616,0.0287712,0.2429568,0.474336
2019/4/30,2019,4,30,0.5616,0.810432,0.169344,0.0288576,0.2495232,0.46656
2019/5/1,2019,5,1,0.584064,0.810432,0.171072,0.0282528,0.254448,0.45792
2019/5/2,2019,5,2,0.606528,0.810432,0.171936,0.0275616,0.2642112,0.451872
2019/5/3,2019,5,3,0.628128,0.810432,0.173664,0.0275616,0.27648,0.446688
2019/5/4,2019,5,4,0.650592,0.810432,0.175392,0.02808,0.291168,0.444096
2019/5/5,2019,5,5,0.673056,0.810432,0.17712,0.0286848,0.3082752,0.441504
2019/5/6,2019,5,6,0.69552,0.81648,0.177984,0.0290304,0.3351456,0.438912
2019/5/7,2019,5,7,0.71712,0.832032,0.179712,0.0290304,0.3670272,0.438048
2019/5/8,2019,5,8,0.739584,0.85104,0.183168,0.0290304,0.4036608,0.437184
2019/5/9,2019,5,9,0.785376,0.87264,0.18576,0.0273888,0.450144,0.434592
2019/5/10,2019,5,10,0.840672,0.88128,0.189216,0.0268704,0.5039712,0.43632
2019/5/11,2019,5,11,0.91584,0.89856,0.191808,0.0279072,0.55296,0.448416
2019/5/12,2019,5,12,0.9936,0.91584,0.195264,0.0273888,0.6116256,0.4536
2019/5/13,2019,5,13,1.08,0.94176,0.197856,0.0282528,0.6801408,0.45792
2019/5/14,2019,5,14,1.1664,0.98496,0.201312,0.027216,0.7437312,0.473472
2019/5/15,2019,5,15,1.23552,1.04544,0.203904,0.0275616,0.8269344,0.611712
2019/5/16,2019,5,16,1.33056,1.10592,0.209088,0.0290304,0.9101376,0.9072
2019/5/17,2019,5,17,1.45152,1.17504,0.214272,0.0311904,0.9713088,1.36512
2019/5/18,2019,5,18,1.58976,1.26144,0.219456,0.0355104,1.0202112,1.5984
2019/5/19,2019,5,19,1.6848,1.35648,0.22464,0.044064,1.0593504,1.56384
2019/5/20,2019,5,20,1.89216,1.46016,0.229824,0.072576,1.0911456,1.49472
2019/5/21,2019,5,21,2.05632,1.56384,0.235008,0.102816,1.1131776,1.41696
2019/5/22,2019,5,22,2.32416,1.70208,0.240192,0.177984,1.1352096,1.34784
2019/5/23,2019,5,23,2.41056,1.90944,0.245376,0.317088,1.1548224,1.26144
2019/5/24,2019,5,24,2.39328,2.49696,0.292032,0.477792,1.1792736,1.19232
2019/5/25,2019,5,25,2.42784,1.75392,0.370656,0.501984,1.2159072,1.13184
2019/5/26,2019,5,26,2.4624,2.03904,0.461376,0.692928,1.2599712,1.08864
2019/5/27,2019,5,27,2.54016,2.34144,0.602208,0.93312,1.3137984,1.06272
2019/5/28,2019,5,28,2.57472,2.94624,1.01952,1.14912,1.3652064,1.0368
2019/5/29,2019,5,29,2.592,3.46464,1.9872,1.36512,1.4141088,1.02816
2019/5/30,2019,5,30,2.6352,4.00032,3.85344,2.23776,1.453248,1.01088
2019/5/31,2019,5,31,2.69568,4.38048,6.4368,2.39328,1.4850432,1.01952
2019/6/1,2019,6,1,2.77344,4.58784,8.23392,2.03904,1.5094944,1.01088
2019/6/2,2019,6,2,2.92032,5.20992,9.2448,1.77984,1.5315264,1.00224
2019/6/3,2019,6,3,3.07584,5.68512,8.8128,1.84032,1.54872,1.01088
2019/6/4,2019,6,4,3.04992,5.54688,7.98336,1.76256,1.5658272,1.0368
2019/6/5,2019,6,5,3.04128,8.8992,7.6032,1.728,1.5731712,1.05408
2019/6/6,2019,6,6,3.03264,8.8128,7.0416,1.67616,1.5780096,1.06272
2019/6/7,2019,6,7,3.024,8.8128,6.48864,1.62432,1.5755904,1.08
2019/6/8,2019,6,8,3.00672,8.7264,6.048,1.56384,1.5731712,1.10592
2019/6/9,2019,6,9,2.98944,8.61408,5.42592,1.52064,1.5658272,1.13184
2019/6/10,2019,6,10,2.9808,8.51904,5.00256,1.47744,1.5559776,1.13184
2019/6/11,2019,6,11,2.96352,8.36352,4.89888,1.45152,1.5437952,1.1232
2019/6/12,2019,6,12,2.96352,8.14752,4.8384,1.39968,1.5315264,1.10592
2019/6/13,2019,6,13,2.91168,7.83648,4.76928,1.35648,1.5168384,1.08864
2019/6/14,2019,6,14,2.85984,7.58592,4.71744,1.27872,1.4997312,1.08
2019/6/15,2019,6,15,2.83392,7.33536,4.6224,1.22688,1.4776992,1.06272
2019/6/16,2019,6,16,2.83392,7.01568,4.51872,1.14912,1.4556672,1.04544
2019/6/17,2019,6,17,2.82528,6.46272,4.45824,1.06272,1.4337216,1.04544
2019/6/18,2019,6,18,2.79936,6.23808,4.38912,0.9936,1.409184,1.0368
2019/6/19,2019,6,19,2.77344,5.8752,4.31136,0.9504,1.3798944,1.0368
2019/6/20,2019,6,20,2.74752,5.63328,4.25088,0.864,1.3455936,1.0368
2019/6/21,2019,6,21,2.71296,5.45184,4.19904,0.775008,1.3137984,1.0368
2019/6/22,2019,6,22,2.69568,5.20128,4.1472,0.727488,1.2820032,1.0368
2019/6/23,2019,6,23,2.6784,5.02848,4.104,0.687744,1.2477888,1.04544
2019/6/24,2019,6,24,2.69568,4.94208,4.07808,0.614304,1.2110688,1.08864
2019/6/25,2019,6,25,2.68704,4.82112,4.04352,0.515808,1.1719296,1.1664
2019/6/26,2019,6,26,2.66112,4.68288,4.0176,0.499392,1.1302848,1.21824
2019/6/27,2019,6,27,2.65248,4.4496,3.99168,0.493344,1.0936512,1.27008
2019/6/28,2019,6,28,2.65248,4.104,3.9744,0.508896,1.0617696,1.3392
2019/6/29,2019,6,29,2.64384,3.8016,3.96576,0.46224,1.03248,1.39104
2019/6/30,2019,6,30,2.64384,3.49056,3.96576,0.444096,1.003104,1.4256
2019/7/1,2019,7,1,2.64384,3.27456,3.95712,0.39744,0.9786528,1.41696
2019/7/2,2019,7,2,2.64384,3.14496,3.94848,0.368928,0.9566208,1.39104
2019/7/3,2019,7,3,2.64384,3.00672,3.9312,0.357696,0.9395136,1.36512
2019/7/4,2019,7,4,2.62656,2.47968,3.90528,0.340416,0.929664,1.33056
2019/7/5,2019,7,5,2.61792,2.32416,3.8448,0.311904,0.9174816,1.296
2019/7/6,2019,7,6,2.592,2.21184,3.7584,0.292896,0.9052128,1.27008
2019/7/7,2019,7,7,2.592,2.13408,3.64608,0.28512,0.8881056,1.23552
2019/7/8,2019,7,8,2.60064,2.09088,3.50784,0.279072,0.8709984,1.18368
2019/7/9,2019,7,9,2.64384,2.08224,3.34368,0.266976,0.8513856,1.14048
2019/7/10,2019,7,10,2.64384,2.08224,3.17088,0.266976,0.8366976,1.10592
2019/7/11,2019,7,11,2.64384,2.08224,3.00672,0.29808,0.8220096,1.07136
2019/7/12,2019,7,12,2.64384,2.09088,2.91168,0.311904,0.8049024,1.0368
2019/7/13,2019,7,13,2.64384,2.09952,2.81664,0.307584,0.7902144,1.00224
2019/7/14,2019,7,14,2.6352,2.09088,2.73024,0.3024,0.778032,0.97632
2019/7/15,2019,7,15,2.62656,2.08224,2.6784,0.317088,0.7681824,0.95904
2019/7/16,2019,7,16,2.60064,2.06496,2.64384,0.324864,0.7609248,0.94176
2019/7/17,2019,7,17,2.60064,2.03904,2.592,0.336096,0.756,0.91584
2019/7/18,2019,7,18,2.592,1.9872,2.51424,0.331776,0.7535808,0.9072
2019/7/19,2019,7,19,2.592,1.92672,2.44512,0.326592,0.748656,0.89856
2019/7/20,2019,7,20,2.58336,1.87488,2.36736,0.322272,0.7437312,0.88992
2019/7/21,2019,7,21,2.5488,1.82304,2.2896,0.317088,0.7388928,0.88992
2019/7/22,2019,7,22,2.48832,1.7712,2.22048,0.312768,0.733968,0.88992
2019/7/23,2019,7,23,2.45376,1.71072,2.14272,0.307584,0.7315488,0.88128
2019/7/24,2019,7,24,2.44512,1.65024,2.09952,0.288576,0.7216992,0.88128
2019/7/25,2019,7,25,2.41056,1.58976,2.0736,0.28512,0.7168608,0.88128
2019/7/26,2019,7,26,2.39328,1.52928,2.0304,0.283392,0.7144416,0.87264
2019/7/27,2019,7,27,2.39328,1.47744,1.99584,0.343872,0.7095168,0.864
2019/7/28,2019,7,28,2.38464,1.43424,1.944,0.3888,0.704592,0.861408
2019/7/29,2019,7,29,2.376,1.39104,1.89216,0.404352,0.6997536,0.87264
2019/7/30,2019,7,30,2.36736,1.35648,1.84896,0.418176,0.6924096,0.88128
2019/7/31,2019,7,31,2.38464,1.32192,1.84032,0.422496,0.6850656,0.88992
2019/8/1,2019,8,1,2.39328,1.30464,1.8576,0.439776,0.6801408,0.91584
2019/8/2,2019,8,2,2.34144,1.27872,1.92672,0.455328,0.6727968,0.9504
2019/8/3,2019,8,3,2.3328,1.27008,1.91808,0.504576,0.689904,0.96768
2019/8/4,2019,8,4,2.35008,1.2528,1.84896,0.538272,0.7070976,1.01088
2019/8/5,2019,8,5,2.376,1.24416,1.75392,0.555552,0.7144416,1.07136
2019/8/6,2019,8,6,2.35008,1.23552,1.728,0.486432,0.7290432,1.07136
2019/8/7,2019,8,7,2.2896,1.23552,1.69344,0.432864,0.7437312,1.05408
2019/8/8,2019,8,8,2.26368,1.22688,1.65888,0.415584,0.7584192,1.02816
2019/8/9,2019,8,9,2.21184,1.23552,1.6416,0.404352,0.7731072,1.00224
2019/8/10,2019,8,10,2.16864,1.24416,1.70208,0.368928,0.7877952,0.9936
2019/8/11,2019,8,11,2.10816,1.26144,1.728,0.359424,0.8049024,0.95904
2019/8/12,2019,8,12,2.0304,1.28736,1.73664,0.340416,0.8220096,0.95904
2019/8/13,2019,8,13,2.00448,1.30464,1.73664,0.361152,0.8538912,0.94176
2019/8/14,2019,8,14,2.00448,1.32192,1.71936,0.406944,0.8905248,0.94176
2019/8/15,2019,8,15,1.96992,1.33056,1.67616,0.46224,0.9272448,0.9504
2019/8/16,2019,8,16,1.92672,1.32192,1.61568,0.468288,0.9566208,0.96768
2019/8/17,2019,8,17,1.88352,1.31328,1.54656,0.521856,0.9786528,1.01088
2019/8/18,2019,8,18,1.8576,1.28736,1.48608,0.538272,0.99576,1.01952
2019/8/19,2019,8,19,1.77984,1.26144,1.44288,0.54432,1.0055232,1.01088
2019/8/20,2019,8,20,1.73664,1.24416,1.3824,0.551232,1.010448,1.01952
2019/8/21,2019,8,21,1.70208,1.21824,1.28736,0.566784,1.0152864,1.0368
2019/8/22,2019,8,22,1.65888,1.20096,1.2096,0.589248,1.017792,1.04544
2019/8/23,2019,8,23,1.61568,1.18368,1.13184,0.603072,1.0202112,1.01952
2019/8/24,2019,8,24,1.5552,1.15776,1.07136,0.54432,1.0275552,1.00224
2019/8/25,2019,8,25,1.54656,1.14912,1.01088,0.513216,1.0373184,0.97632
2019/8/26,2019,8,26,1.53792,1.13184,0.98496,0.506304,1.0520064,0.95904
2019/8/27,2019,8,27,1.512,1.13184,0.96768,0.448416,1.0666944,0.93312
2019/8/28,2019,8,28,1.44288,1.14048,0.9504,0.38448,1.0838016,0.94176
2019/8/29,2019,8,29,1.4256,1.14048,0.94176,0.357696,1.0936512,0.93312
2019/8/30,2019,8,30,1.39968,1.14048,0.92448,0.357696,1.1009952,0.94176
2019/8/31,2019,8,31,1.3824,1.13184,0.91584,0.368928,1.0984896,0.97632
2019/9/1,2019,9,1,1.36512,1.13184,0.9072,0.324864,1.0911456,1.02816
2019/9/2,2019,9,2,1.3824,1.13184,0.89856,0.3024,1.0716192,1.06272
2019/9/3,2019,9,3,1.3824,1.14048,0.89856,0.286848,1.047168,1.07136
2019/9/4,2019,9,4,1.34784,1.15776,0.88992,0.254016,1.0202112,1.06272
2019/9/5,2019,9,5,1.32192,1.1664,0.9504,0.240192,0.99576,1.04544
2019/9/6,2019,9,6,1.296,1.1664,1.07136,0.240192,0.973728,1.0368
2019/9/7,2019,9,7,1.27008,1.17504,1.14912,0.231552,0.951696,1.01952
2019/9/8,2019,9,8,1.23552,1.17504,1.23552,0.227232,0.9199008,1.01088
2019/9/9,2019,9,9,1.2096,1.17504,1.27872,0.24624,0.8954496,1.00224
2019/9/10,2019,9,10,1.18368,1.17504,1.39104,0.256608,0.8709984,1.00224
2019/9/11,2019,9,11,1.18368,1.18368,1.52064,0.268704,0.8440416,0.9936
2019/9/12,2019,9,12,1.26144,1.19232,1.57248,0.27648,0.8245152,0.98496
2019/9/13,2019,9,13,1.296,1.2096,1.57248,0.282528,0.8195904,0.96768
2019/9/14,2019,9,14,1.30464,1.22688,1.57248,0.282528,0.8122464,0.94176
2019/9/15,2019,9,15,1.296,1.22688,1.58112,0.28512,0.800064,0.89856
2019/9/16,2019,9,16,1.28736,1.2096,1.57248,0.268704,0.79272,0.87264
2019/9/17,2019,9,17,1.2528,1.18368,1.53792,0.256608,0.778032,0.85536
2019/9/18,2019,9,18,1.2096,1.15776,1.47744,0.25056,0.7681824,0.834624
2019/9/19,2019,9,19,1.17504,1.14048,1.43424,0.24624,0.756,0.82512
2019/9/20,2019,9,20,1.14048,1.13184,1.44288,0.240192,0.7462368,0.808704
2019/9/21,2019,9,21,1.10592,1.14048,1.44288,0.240192,0.7315488,0.7992
2019/9/22,2019,9,22,1.10592,1.15776,1.44288,0.24624,0.7168608,0.79056
2019/9/23,2019,9,23,1.1232,1.20096,1.41696,0.264384,0.7095168,0.78192
2019/9/24,2019,9,24,1.14912,1.24416,1.39968,0.2808,0.697248,0.774144
2019/9/25,2019,9,25,1.14048,1.28736,1.3824,0.283392,0.689904,0.770688
2019/9/26,2019,9,26,1.14048,1.32192,1.39968,0.283392,0.68256,0.78192
2019/9/27,2019,9,27,1.1232,1.35648,1.4256,0.27216,0.667872,0.796608
2019/9/28,2019,9,28,1.11456,1.39104,1.50336,0.270432,0.6630336,0.81216
2019/9/29,2019,9,29,1.10592,1.41696,1.60704,0.283392,0.667872,0.817344
2019/9/30,2019,9,30,1.1232,1.44288,1.71936,0.256608,0.6727968,0.813024
2019/10/1,2019,10,1,1.1232,1.46016,1.84032,0.24624,0.675216,0.813888
2019/10/2,2019,10,2,1.11456,1.46016,1.93536,0.223776,0.675216,0.81648
2019/10/3,2019,10,3,1.1232,1.45152,2.00448,0.212544,0.6777216,0.800064
2019/10/4,2019,10,4,1.1232,1.4256,2.05632,0.190944,0.6850656,0.792288
2019/10/5,2019,10,5,1.10592,1.40832,2.10816,0.17712,0.7095168,0.785376
2019/10/6,2019,10,6,1.1232,1.40832,2.09952,0.163296,0.7315488,0.787968
2019/10/7,2019,10,7,1.13184,1.41696,2.0304,0.153792,0.7242048,0.792288
2019/10/8,2019,10,8,1.1232,1.44288,1.96128,0.148608,0.7290432,0.791424
2019/10/9,2019,10,9,1.14048,1.46016,1.87488,0.141696,0.7437312,0.78624
2019/10/10,2019,10,10,1.14912,1.47744,1.79712,0.139968,0.7510752,0.780192
2019/10/11,2019,10,11,1.18368,1.47744,1.728,0.135648,0.7535808,0.787104
2019/10/12,2019,10,12,1.17504,1.4688,1.63296,0.0766368,0.7535808,0.789696
2019/10/13,2019,10,13,1.1664,1.45152,1.57248,0.0714528,0.7535808,0.7776
2019/10/14,2019,10,14,1.1664,1.41696,1.52928,0.067824,0.7462368,0.771552
2019/10/15,2019,10,15,1.15776,1.39104,1.46016,0.0598752,0.741312,0.76032
2019/10/16,2019,10,16,1.09728,1.36512,1.40832,0.0595296,0.741312,0.762048
2019/10/17,2019,10,17,1.0368,1.36512,1.32192,0.0602208,0.741312,0.762912
2019/10/18,2019,10,18,1.01952,1.37376,1.27008,0.064368,0.7363872,0.758592
2019/10/19,2019,10,19,0.9936,1.39104,1.10592,0.0628992,0.7242048,0.74736
2019/10/20,2019,10,20,0.95904,1.39968,0.93312,0.0689472,0.7021728,0.735264
2019/10/21,2019,10,21,0.9504,1.3824,0.8208,0.078192,0.6801408,0.722304
2019/10/22,2019,10,22,0.93312,1.36512,0.697248,0.0762912,0.6532704,0.71712
2019/10/23,2019,10,23,0.9072,1.34784,0.5616,0.0797472,0.6385824,0.722304
2019/10/24,2019,10,24,0.88992,1.3392,0.44064,0.088128,0.6116256,0.726624
2019/10/25,2019,10,25,0.87264,1.28736,0.481248,0.100224,0.5724864,0.723168
2019/10/26,2019,10,26,0.860544,1.23552,0.581472,0.09072,0.545616,0.71712
2019/10/27,2019,10,27,0.843264,1.19232,0.589248,0.0787104,0.538272,0.718848
2019/10/28,2019,10,28,0.825984,1.14048,0.55296,0.0788832,0.5357664,0.714528
2019/10/29,2019,10,29,0.815616,1.08864,0.54432,0.0754272,0.5406912,0.696384
2019/10/30,2019,10,30,0.798336,1.0368,0.524448,0.0802656,0.538272,0.675648
2019/10/31,2019,10,31,0.781056,0.9936,0.533088,0.082512,0.5284224,0.655776
2019/11/1,2019,11,1,0.781056,0.9504,0.506304,0.0729216,0.5138208,0.635904
2019/11/2,2019,11,2,0.771552,0.92448,0.487296,0.0732672,0.5113152,0.616896
2019/11/3,2019,11,3,0.748224,0.9504,0.468288,0.0674784,0.508896,0.598752
2019/11/4,2019,11,4,0.737856,0.9504,0.47088,0.0701568,0.508896,0.581472
2019/11/5,2019,11,5,0.72144,0.9504,0.46224,0.0750816,0.5064768,0.564192
2019/11/6,2019,11,6,0.705888,0.648,0.4536,0.0644544,0.5039712,0.547776
2019/11/7,2019,11,7,0.705888,0.67392,0.445824,0.0632448,0.501552,0.53136
2019/11/8,2019,11,8,0.698976,0.69984,0.437184,0.0676512,0.4991328,0.515808
2019/11/9,2019,11,9,0.689472,0.724896,0.429408,0.074304,0.4966272,0.500256
2019/11/10,2019,11,10,0.67392,0.802656,0.420768,0.0692064,0.494208,0.485568
2019/11/11,2019,11,11,0.67392,0.813888,0.412992,0.0625536,0.4917888,0.47088
2019/11/12,2019,11,12,0.658368,0.824256,0.404352,0.0676512,0.4917888,0.457056
2019/11/13,2019,11,13,0.658368,0.834624,0.390528,0.0659232,0.4892832,0.443232
2019/11/14,2019,11,14,0.642816,0.845856,0.376704,0.0701568,0.4892832,0.430272
2019/11/15,2019,11,15,0.642816,0.856224,0.36288,0.076464,0.486864,0.417312
2019/11/16,2019,11,16,0.627264,0.864,0.349056,0.0663552,0.486864,0.405216
2019/11/17,2019,11,17,0.621216,0.88128,0.336096,0.0635904,0.4844448,0.39312
2019/11/18,2019,11,18,0.606528,0.88992,0.322272,0.0676512,0.4819392,0.381024
2019/11/19,2019,11,19,0.602208,0.89856,0.308448,0.0667872,0.47952,0.368928
2019/11/20,2019,11,20,0.606528,0.88992,0.294624,0.0686016,0.47952,0.355968
2019/11/21,2019,11,21,0.610848,0.88992,0.2808,0.0750816,0.47952,0.343872
2019/11/22,2019,11,22,0.615168,0.88128,0.266976,0.0771552,0.4771008,0.33264
2019/11/23,2019,11,23,0.619488,0.87264,0.265248,0.0729216,0.4771008,0.321408
2019/11/24,2019,11,24,0.624672,0.864,0.264384,0.0728352,0.4745952,0.310176
2019/11/25,2019,11,25,0.628992,0.857952,0.262656,0.067824,0.4673376,0.299808
2019/11/26,2019,11,26,0.633312,0.85104,0.261792,0.0697248,0.4599936,0.28944
2019/11/27,2019,11,27,0.637632,0.844128,0.260064,0.0716256,0.450144,0.279936
2019/11/28,2019,11,28,0.641952,0.837216,0.2592,0.0609984,0.4428,0.270432
2019/11/29,2019,11,29,0.648864,0.830304,0.257472,0.0586656,0.428112,0.260928
2019/11/30,2019,11,30,0.654912,0.81216,0.256608,0.0664416,0.4135104,0.252288
2019/12/1,2019,12,1,0.661824,0.811296,0.25488,0.0648864,0.4012416,0.243648
2019/12/2,2019,12,2,0.667872,0.810432,0.260928,0.0679968,0.3889728,0.235872
2019/12/3,2019,12,3,0.674784,0.809568,0.266976,0.0648,0.3792096,0.232416
2019/12/4,2019,12,4,0.680832,0.808704,0.27216,0.0689472,0.3694464,0.2376
2019/12/5,2019,12,5,0.687744,0.80784,0.278208,0.0737856,0.3571776,0.248832
2019/12/6,2019,12,6,0.693792,0.806976,0.284256,0.0648,0.3498336,0.264384
2019/12/7,2019,12,7,0.700704,0.806112,0.290304,0.0620352,0.3424896,0.281664
2019/12/8,2019,12,8,0.707616,0.805248,0.296352,0.0664416,0.3351456,0.300672
2019/12/9,2019,12,9,0.713664,0.804384,0.301536,0.0603936,0.3253824,0.318816
2019/12/10,2019,12,10,0.720576,0.81648,0.307584,0.0566784,0.320544,0.335232
2019/12/11,2019,12,11,0.726624,0.8208,0.313632,0.0463104,0.3132,0.343008
2019/12/12,2019,12,12,0.733536,0.825984,0.31536,0.0482112,0.305856,0.343872
2019/12/13,2019,12,13,0.739584,0.831168,0.316224,0.0451008,0.298512,0.344736
2019/12/14,2019,12,14,0.746496,0.836352,0.317952,0.0485568,0.2886624,0.344736
2019/12/15,2019,12,15,0.752544,0.840672,0.318816,0.0386208,0.2813184,0.343008
2019/12/16,2019,12,16,0.759456,0.845856,0.320544,0.0373248,0.27648,0.343872
2019/12/17,2019,12,17,0.756,0.85104,0.321408,0.0346464,0.269136,0.344736
2019/12/18,2019,12,18,0.75168,0.856224,0.323136,0.0381024,0.2642112,0.343008
2019/12/19,2019,12,19,0.748224,0.861408,0.324,0.0396576,0.2593728,0.340416
2019/12/20,2019,12,20,0.744768,0.87264,0.325728,0.0409536,0.254448,0.33696
2019/12/21,2019,12,21,0.741312,0.87264,0.326592,0.0403488,0.2520288,0.334368
2019/12/22,2019,12,22,0.736992,0.88128,0.32832,0.0415584,0.2495232,0.331776
2019/12/23,2019,12,23,0.733536,0.88128,0.329184,0.044496,0.247104,0.330912
2019/12/24,2019,12,24,0.728352,0.88128,0.330912,0.048384,0.2446848,0.330048
2019/12/25,2019,12,25,0.723168,0.88992,0.331776,0.0512352,0.2426976,0.330912
2019/12/26,2019,12,26,0.717984,0.88992,0.33264,0.0533952,0.23976,0.331776
2019/12/27,2019,12,27,0.7128,0.88992,0.334368,0.052272,0.2382912,0.33264
2019/12/28,2019,12,28,0.707616,0.88992,0.335232,0.0543456,0.2356128,0.334368
2019/12/29,2019,12,29,0.703296,0.89856,0.336096,0.0546048,0.2317248,0.335232
2019/12/30,2019,12,30,0.698112,0.89856,0.337824,0.0539136,0.228528,0.335232
2019/12/31,2019,12,31,0.692928,0.89856,0.338688,0.0540864,0.2273184,0.335232
2020/1/1,2020,1,1,0.692064,0.88992,0.339552,0.0578016,0.2273184,0.3348864
2020/1/2,2020,1,2,0.68688,0.88992,0.34128,0.0584064,0.2273184,0.3345408
2020/1/3,2020,1,3,0.68256,0.88128,0.342144,0.05832,0.2253312,0.3334176
2020/1/4,2020,1,4,0.67824,0.88128,0.343008,0.05616,0.221184,0.3318624
2020/1/5,2020,1,5,0.673056,0.87264,0.343872,0.0584928,0.2191968,0.3301344
2020/1/6,2020,1,6,0.668736,0.87264,0.3456,0.0549504,0.2170368,0.3280608
2020/1/7,2020,1,7,0.664416,0.864,0.346464,0.0511488,0.2135808,0.3259008
2020/1/8,2020,1,8,0.659232,0.864,0.344736,0.0457056,0.2101248,0.3241728
2020/1/9,2020,1,9,0.654912,0.85968,0.343872,0.0404352,0.2074464,0.3237408
2020/1/10,2020,1,10,0.649728,0.8424,0.342144,0.038016,0.2055456,0.3239136
2020/1/11,2020,1,11,0.645408,0.838944,0.340416,0.032832,0.2032992,0.3245184
2020/1/12,2020,1,12,0.641088,0.835488,0.338688,0.0307584,0.20088,0.3242592
2020/1/13,2020,1,13,0.635904,0.832032,0.337824,0.031104,0.199152,0.322704
2020/1/14,2020,1,14,0.631584,0.828576,0.336096,0.0266112,0.1979424,0.3207168
2020/1/15,2020,1,15,0.628128,0.82512,0.334368,0.0254016,0.197424,0.3194208
2020/1/16,2020,1,16,0.625536,0.821664,0.33264,0.0206496,0.1967328,0.319248
2020/1/17,2020,1,17,0.62208,0.818208,0.331776,0.0203904,0.1955232,0.3189024
2020/1/18,2020,1,18,0.618624,0.814752,0.330048,0.021168,0.1944864,0.3185568
2020/1/19,2020,1,19,0.616032,0.811296,0.32832,0.0206496,0.1932768,0.318384
2020/1/20,2020,1,20,0.612576,0.814752,0.324864,0.0206496,0.1923264,0.317952
2020/1/21,2020,1,21,0.609984,0.815616,0.320544,0.0214272,0.1908576,0.3178656
2020/1/22,2020,1,22,0.606528,0.815616,0.317088,0.020736,0.1893888,0.3171744
2020/1/23,2020,1,23,0.603072,0.81648,0.312768,0.0228096,0.18792,0.3159648
2020/1/24,2020,1,24,0.60048,0.817344,0.309312,0.0227232,0.1868832,0.3157056
2020/1/25,2020,1,25,0.597024,0.818208,0.304992,0.0219456,0.1852416,0.316224
2020/1/26,2020,1,26,0.593568,0.818208,0.301536,0.019872,0.1835136,0.3138912
2020/1/27,2020,1,27,0.590976,0.819072,0.297216,0.0203904,0.1815264,0.3125952
2020/1/28,2020,1,28,0.58752,0.819936,0.29376,0.0219456,0.1797984,0.30888
2020/1/29,2020,1,29,0.584064,0.819936,0.28944,0.0216864,0.1791072,0.3055968
2020/1/30,2020,1,30,0.581472,0.8208,0.285984,0.0183168,0.178848,0.3022272
2020/1/31,2020,1,31,0.578016,0.822528,0.281664,0.0178848,0.1780704,0.2990304
2020/2/1,2020,2,1,0.575424,0.8208,0.278208,0.0158112,0.1768608,0.2969568
2020/2/2,2020,2,2,0.571968,0.819936,0.273888,0.0147744,0.1751328,0.2956608
2020/2/3,2020,2,3,0.568512,0.819072,0.270432,0.0178848,0.1729728,0.2957472
2020/2/4,2020,2,4,0.56592,0.817344,0.266112,0.0209088,0.1717632,0.2962656
2020/2/5,2020,2,5,0.562464,0.81648,0.262656,0.0203904,0.1700352,0.2975616
2020/2/6,2020,2,6,0.558144,0.815616,0.2592,0.0234144,0.168048,0.2983392
2020/2/7,2020,2,7,0.55296,0.814752,0.25488,0.0229824,0.1656288,0.2986848
2020/2/8,2020,2,8,0.54864,0.813024,0.251424,0.0244512,0.1629504,0.2990304
2020/2/9,2020,2,9,0.543456,0.81216,0.247104,0.0145152,0.1600128,0.2991168
2020/2/10,2020,2,10,0.539136,0.808704,0.243648,0.0139968,0.1575936,0.2995488
2020/2/11,2020,2,11,0.533952,0.80784,0.239328,0.0137376,0.1556064,0.2992896
2020/2/12,2020,2,12,0.529632,0.80784,0.235872,0.0135648,0.1541376,0.298944
2020/2/13,2020,2,13,0.526176,0.80784,0.231552,0.012096,0.1526688,0.2981664
2020/2/14,2020,2,14,0.52272,0.80784,0.227232,0.0104544,0.1506816,0.2970432
2020/2/15,2020,2,15,0.519264,0.80784,0.223776,0.0098496,0.149472,0.2968704
2020/2/16,2020,2,16,0.515808,0.80784,0.219456,0.0105408,0.1487808,0.2966112
2020/2/17,2020,2,17,0.512352,0.80784,0.215136,0.0110592,0.147744,0.2962656
2020/2/18,2020,2,18,0.508896,0.80784,0.21168,0.010368,0.1462752,0.296352
2020/2/19,2020,2,19,0.50544,0.80784,0.20736,0.0114912,0.1450656,0.296784
2020/2/20,2020,2,20,0.50112,0.81216,0.203904,0.0124416,0.1441152,0.2975616
2020/2/21,2020,2,21,0.497664,0.814752,0.200448,0.0136512,0.1435968,0.297648
2020/2/22,2020,2,22,0.494208,0.818208,0.196992,0.0139968,0.1431648,0.2965248
2020/2/23,2020,2,23,0.490752,0.821664,0.193536,0.0136512,0.1423872,0.2960064
2020/2/24,2020,2,24,0.487296,0.824256,0.190944,0.0137376,0.1411776,0.2953152
2020/2/25,2020,2,25,0.48384,0.827712,0.187488,0.0134784,0.139968,0.2947968
2020/2/26,2020,2,26,0.480384,0.831168,0.184032,0.0127008,0.1391904,0.294192
2020/2/27,2020,2,27,0.476928,0.83376,0.180576,0.012528,0.13824,0.2936736
2020/2/28,2020,2,28,0.473472,0.837216,0.17712,0.0126144,0.1370304,0.2928096
2020/2/29,2020,2,29,0.470016,0.845856,0.17712,0.0123552,0.1355616,0.2922048
2020/3/1,2020,3,1,0.46656,0.848448,0.176256,0.011664,0.134784,0.2927232
2020/3/2,2020,3,2,0.463968,0.851904,0.176256,0.0170208,0.1340928,0.2930688
2020/3/3,2020,3,3,0.460512,0.854496,0.176256,0.0178848,0.133056,0.2931552
2020/3/4,2020,3,4,0.457056,0.857952,0.176256,0.018576,0.1321056,0.292464
2020/3/5,2020,3,5,0.4536,0.860544,0.175392,0.0182304,0.1314144,0.2916864
2020/3/6,2020,3,6,0.450144,0.864,0.175392,0.0171072,0.1303776,0.2917728
2020/3/7,2020,3,7,0.446688,0.864,0.175392,0.016848,0.1289088,0.292032
2020/3/8,2020,3,8,0.443232,0.87264,0.175392,0.015552,0.1284768,0.2922048
2020/3/9,2020,3,9,0.44064,0.87264,0.174528,0.0149472,0.1282176,0.2927232
2020/3/10,2020,3,10,0.437184,0.88128,0.174528,0.0146016,0.1284768,0.2922912
2020/3/11,2020,3,11,0.433728,0.88128,0.171072,0.01512,0.1286496,0.290304
2020/3/12,2020,3,12,0.430272,0.88128,0.167616,0.0144288,0.1294272,0.2886624
2020/3/13,2020,3,13,0.426816,0.88128,0.16416,0.0141696,0.1299456,0.2861568
2020/3/14,2020,3,14,0.42336,0.88128,0.160704,0.0139104,0.1306368,0.2852928
2020/3/15,2020,3,15,0.419904,0.89856,0.157248,0.0135648,0.1314144,0.285552
2020/3/16,2020,3,16,0.417312,0.9072,0.153792,0.0132192,0.1323648,0.2857248
2020/3/17,2020,3,17,0.413856,0.9072,0.150336,0.0132192,0.1333152,0.2854656
2020/3/18,2020,3,18,0.4104,0.91584,0.14688,0.0135648,0.134352,0.285552
2020/3/19,2020,3,19,0.406944,0.91584,0.143424,0.0122688,0.1358208,0.2845152
2020/3/20,2020,3,20,0.409536,0.92448,0.14256,0.012528,0.1370304,0.2837376
2020/3/21,2020,3,21,0.412992,0.93312,0.141696,0.0119232,0.1384992,0.2850336
2020/3/22,2020,3,22,0.415584,0.93312,0.139968,0.0128736,0.13824,0.287712
2020/3/23,2020,3,23,0.418176,0.94176,0.139104,0.0128736,0.1379808,0.2877984
2020/3/24,2020,3,24,0.420768,0.94176,0.13824,0.013824,0.1379808,0.2883168
2020/3/25,2020,3,25,0.424224,0.9504,0.137376,0.0132192,0.1379808,0.2896992
2020/3/26,2020,3,26,0.426816,0.95904,0.136512,0.014688,0.1379808,0.2896128
2020/3/27,2020,3,27,0.429408,0.95904,0.135648,0.0154656,0.1379808,0.2884032
2020/3/28,2020,3,28,0.432,0.96768,0.13392,0.015552,0.1377216,0.2876256
2020/3/29,2020,3,29,0.435456,0.98496,0.133056,0.014256,0.1374624,0.2866752
2020/3/30,2020,3,30,0.438048,0.98496,0.132192,0.0148608,0.1374624,0.2856384
2020/3/31,2020,3,31,0.44064,0.98496,0.132192,0.0132192,0.1372896,0.2846016
2020/4/1,2020,4,1,0.443232,0.98496,0.131328,0.0130464,0.1379808,0.2846016
2020/4/2,2020,4,2,0.445824,0.98496,0.131328,0.012096,0.1384992,0.2854656
2020/4/3,2020,4,3,0.447552,0.98496,0.130464,0.0128736,0.1387584,0.2858112
2020/4/4,2020,4,4,0.450144,0.98496,0.130464,0.0148608,0.1389312,0.2863296
2020/4/5,2020,4,5,0.452736,0.98496,0.130464,0.0130464,0.1391904,0.2865888
2020/4/6,2020,4,6,0.455328,0.98496,0.1296,0.0132192,0.1397088,0.286416
2020/4/7,2020,4,7,0.457056,0.98496,0.1296,0.012096,0.1409184,0.2860704
2020/4/8,2020,4,8,0.459648,0.98496,0.128736,0.0120096,0.142128,0.2871072
2020/4/9,2020,4,9,0.46224,0.98496,0.128736,0.0108864,0.143856,0.2877984
2020/4/10,2020,4,10,0.464832,0.98496,0.127872,0.0123552,0.1453248,0.2877984
2020/4/11,2020,4,11,0.46656,0.98496,0.127872,0.0117504,0.1458432,0.2884896
2020/4/12,2020,4,12,0.469152,0.9936,0.127008,0.0127008,0.1465344,0.2888352
2020/4/13,2020,4,13,0.471744,0.9936,0.126144,0.0126144,0.1475712,0.2895264
2020/4/14,2020,4,14,0.474336,1.00224,0.126144,0.013824,0.149472,0.2899584
2020/4/15,2020,4,15,0.476064,1.01088,0.12528,0.0130464,0.1518912,0.290736
2020/4/16,2020,4,16,0.478656,1.01952,0.12528,0.013392,0.15336,0.292032
2020/4/17,2020,4,17,0.51408,1.0368,0.124416,0.012096,0.1556064,0.2928096
2020/4/18,2020,4,18,0.550368,1.05408,0.123552,0.0123552,0.1577664,0.2945376
2020/4/19,2020,4,19,0.585792,1.07136,0.123552,0.010368,0.160272,0.2961792
2020/4/20,2020,4,20,0.621216,1.08864,0.122688,0.0114912,0.162432,0.2987712
2020/4/21,2020,4,21,0.657504,1.10592,0.121824,0.0114048,0.1644192,0.30024
2020/4/22,2020,4,22,0.692928,1.11456,0.120096,0.0121824,0.1668384,0.3004992
2020/4/23,2020,4,23,0.728352,1.11456,0.119232,0.0126144,0.1673568,0.3017952
2020/4/24,2020,4,24,0.76464,1.1232,0.118368,0.0141696,0.1702944,0.302832
2020/4/25,2020,4,25,0.800064,1.14048,0.117504,0.0137376,0.1747008,0.3043008
2020/4/26,2020,4,26,0.835488,1.17504,0.115776,0.0150336,0.1812672,0.3055968
2020/4/27,2020,4,27,0.87264,1.27008,0.114912,0.0147744,0.1886112,0.3086208
2020/4/28,2020,4,28,0.9072,1.39968,0.114048,0.0158976,0.2042496,0.312768
2020/4/29,2020,4,29,0.9936,1.58976,0.11232,0.0154656,0.2202336,0.3178656
2020/4/30,2020,4,30,1.07136,1.944,0.111456,0.0161568,0.2326752,0.3233088
2020/5/1,2020,5,1,1.15776,2.62656,0.114048,0.0165024,0.254448,0.3289248
2020/5/2,2020,5,2,1.24416,3.24,0.115776,0.0165024,0.2862432,0.3351456
2020/5/3,2020,5,3,1.3392,1.77984,0.118368,0.0170208,0.3571776,0.3419712
2020/5/4,2020,5,4,1.41696,1.97856,0.120096,0.017712,0.4330368,0.3508704
2020/5/5,2020,5,5,1.49472,2.26368,0.122688,0.0180576,0.5138208,0.3638304
2020/5/6,2020,5,6,1.58976,2.54016,0.124416,0.0186624,0.6116256,0.3812832
2020/5/7,2020,5,7,1.67616,2.43648,0.127008,0.0188352,0.7095168,0.4038336
2020/5/8,2020,5,8,1.76256,2.48832,0.128736,0.019872,0.7951392,0.4321728
2020/5/9,2020,5,9,1.9008,2.81664,0.131328,0.0209088,0.8734176,0.4643136
2020/5/10,2020,5,10,2.1168,3.18816,0.133056,0.0223776,0.9492768,0.5010336
2020/5/11,2020,5,11,2.34144,3.96576,0.135648,0.024192,1.1131776,0.54864
2020/5/12,2020,5,12,2.60928,4.93344,0.140832,0.0265248,1.3309056,0.6187104
2020/5/13,2020,5,13,2.71296,5.08032,0.146016,0.0297216,1.47528,0.7364736
2020/5/14,2020,5,14,2.73024,5.06304,0.1512,0.0311904,1.5853536,0.9334656
2020/5/15,2020,5,15,2.78208,5.14944,0.15552,0.0325728,1.6612128,1.1974176
2020/5/16,2020,5,16,2.92896,5.16672,0.160704,0.0338688,1.693008,1.4220576
2020/5/17,2020,5,17,3.09312,6.63552,0.165888,0.0368928,1.7126208,1.6046208
2020/5/18,2020,5,18,3.17952,8.00064,0.171072,0.048384,1.6955136,1.7800128
2020/5/19,2020,5,19,3.24864,10.1952,0.281664,0.0569376,1.6685568,1.92024
2020/5/20,2020,5,20,3.14496,9.1584,0.387072,0.072576,1.6514496,2.0188224
2020/5/21,2020,5,21,3.21408,8.1648,0.50976,0.0864,1.6490304,2.08008
2020/5/22,2020,5,22,3.25728,7.11936,0.677376,0.13392,1.6514496,2.1636288
2020/5/23,2020,5,23,3.3264,6.98112,1.11456,0.3888,1.6538688,2.2371552
2020/5/24,2020,5,24,3.2832,6.94656,3.51648,0.533088,1.656288,2.2798368
2020/5/25,2020,5,25,3.26592,6.88608,6.89472,0.578016,1.6538688,2.3219136
2020/5/26,2020,5,26,3.25728,6.81696,9.7632,0.759456,1.6490304,2.367792
2020/5/27,2020,5,27,3.25728,6.696,9.5904,0.850176,1.6367616,2.4175584
2020/5/28,2020,5,28,3.24864,6.50592,11.4048,1.296,1.6269984,2.478816
2020/5/29,2020,5,29,3.24,6.28992,12.7008,1.2528,1.6123104,2.5497504
2020/5/30,2020,5,30,3.23136,6.02208,13.6512,1.2096,1.5976224,2.6456544
2020/5/31,2020,5,31,3.23136,5.65056,13.7376,1.19232,1.5755904,2.7188352
2020/6/1,2020,6,1,3.23136,5.20992,10.8864,1.1664,1.5559776,2.7282528
2020/6/2,2020,6,2,3.22272,4.91616,9.936,1.11456,1.5388704,2.6440128
2020/6/3,2020,6,3,3.1968,4.63104,9.1584,1.10592,1.534032,2.4108192
2020/6/4,2020,6,4,3.18816,4.34592,8.31168,1.09728,1.526688,2.1391776
2020/6/5,2020,6,5,3.17088,3.98304,7.69824,1.07136,1.526688,1.8696096
2020/6/6,2020,6,6,3.1536,3.82752,7.17984,1.05408,1.534032,1.7464032
2020/6/7,2020,6,7,3.14496,3.62016,6.97248,1.04544,1.5462144,1.698192
2020/6/8,2020,6,8,3.12768,3.42144,6.76512,1.00224,1.5633216,1.6835904
2020/6/9,2020,6,9,3.12768,3.1536,6.62688,0.9504,1.5755904,1.706832
2020/6/10,2020,6,10,3.12768,2.78208,6.48864,0.94176,1.5853536,1.7471808
2020/6/11,2020,6,11,3.11904,2.7216,6.36768,0.94176,1.5926976,1.7736192
2020/6/12,2020,6,12,3.10176,2.68704,6.35904,0.9072,1.5952032,1.7991072
2020/6/13,2020,6,13,3.04992,2.66112,6.33312,0.9072,1.6000416,1.800144
2020/6/14,2020,6,14,3.024,2.6352,6.29856,0.88128,1.6025472,1.8132768
2020/6/15,2020,6,15,3.01536,2.58336,6.20352,0.88992,1.6025472,1.8245088
2020/6/16,2020,6,16,3.01536,2.52288,6.15168,0.89856,1.5976224,1.8306432
2020/6/17,2020,6,17,3.00672,2.4624,6.05664,0.89856,1.5902784,1.8406656
2020/6/18,2020,6,18,2.9808,2.43648,5.90112,0.93312,1.5780096,1.8560448
2020/6/19,2020,6,19,2.96352,2.45376,5.73696,0.93312,1.5633216,1.8949248
2020/6/20,2020,6,20,2.96352,2.48832,5.4432,0.9504,1.5511392,1.9970496
2020/6/21,2020,6,21,2.96352,2.5056,5.13216,0.9504,1.534032,2.1411648
2020/6/22,2020,6,22,2.95488,2.48832,4.84704,0.94176,1.519344,2.2585824
2020/6/23,2020,6,23,2.95488,2.45376,4.58784,0.92448,1.504656,2.4080544
2020/6/24,2020,6,24,2.95488,2.40192,4.31136,0.91584,1.497312,2.551392
2020/6/25,2020,6,25,2.94624,2.3328,4.04352,0.89856,1.4875488,2.685312
2020/6/26,2020,6,26,2.94624,2.26368,3.89664,0.85968,1.4776992,2.7266112
2020/6/27,2020,6,27,2.92896,2.21184,3.86208,0.82944,1.467936,2.6902368
2020/6/28,2020,6,28,2.92032,2.15136,3.82752,0.7992,1.467936,2.6054784
2020/6/29,2020,6,29,2.91168,2.09088,3.79296,0.76896,1.4703552,2.5182144
2020/6/30,2020,6,30,2.8944,2.03904,3.74976,0.739584,1.4776992,2.423952
2020/7/1,2020,7,1,2.8944,1.97856,3.7152,0.709344,1.4875488,2.3603616
2020/7/2,2020,7,2,2.8944,1.91808,3.68064,0.679104,1.5070752,2.267136
2020/7/3,2020,7,3,2.8944,1.86624,3.64608,0.648864,1.5291072,2.194128
2020/7/4,2020,7,4,2.88576,1.80576,3.63744,0.621216,1.54872,2.1663072
2020/7/5,2020,7,5,2.87712,1.75392,3.61152,0.614304,1.5682464,2.1257856
2020/7/6,2020,7,6,2.86848,1.71072,3.59424,0.603072,1.5853536,2.063664
2020/7/7,2020,7,7,2.86848,1.66752,3.55968,0.54432,1.5952032,2.0250432
2020/7/8,2020,7,8,2.8512,1.6416,3.53376,0.486432,1.6025472,2.0173536
2020/7/9,2020,7,9,2.84256,1.63296,3.47328,0.438048,1.6049664,2.0371392
2020/7/10,2020,7,10,2.83392,1.63296,3.39552,0.3672,1.6025472,2.09088
2020/7/11,2020,7,11,2.808,1.63296,3.31776,0.326592,1.5926976,2.1669984
2020/7/12,2020,7,12,2.808,1.6416,3.23136,0.359424,1.5755904,2.2326624
2020/7/13,2020,7,13,2.79936,1.65024,3.09312,0.372384,1.5559776,2.2728384
2020/7/14,2020,7,14,2.78208,1.65024,2.90304,0.368928,1.5291072,2.3010912
2020/7/15,2020,7,15,2.78208,1.66752,2.7216,0.3888,1.4997312,2.3098176
2020/7/16,2020,7,16,2.77344,1.70208,2.55744,0.400032,1.4728608,2.3112
2020/7/17,2020,7,17,2.75616,1.74528,2.47104,0.416448,1.4410656,2.3000544
2020/7/18,2020,7,18,2.71296,1.78848,2.39328,0.433728,1.4067648,2.2820832
2020/7/19,2020,7,19,2.74752,1.83168,2.30688,0.450144,1.3700448,2.2539168
2020/7/20,2020,7,20,2.73888,1.87488,2.22048,0.46656,1.3382496,2.1933504
2020/7/21,2020,7,21,2.73024,1.90944,2.16,0.486432,1.3040352,2.1514464
2020/7/22,2020,7,22,2.7216,1.93536,2.08224,0.499392,1.27224,2.1188736
2020/7/23,2020,7,23,2.70432,1.95264,2.02176,0.501984,1.2404448,2.0689344
2020/7/24,2020,7,24,2.6784,1.91808,2.0304,0.520128,1.2110688,2.033856
2020/7/25,2020,7,25,2.66976,1.89216,2.03904,0.537408,1.1866176,2.02176
2020/7/26,2020,7,26,2.65248,1.8576,2.04768,0.555552,1.1670048,2.011392
2020/7/27,2020,7,27,2.6352,1.80576,2.05632,0.566784,1.1474784,1.9839168
2020/7/28,2020,7,28,2.60928,1.76256,2.01312,0.565056,1.1352096,1.9650816
2020/7/29,2020,7,29,2.58336,1.73664,1.93536,0.495072,1.1302848,1.9312992
2020/7/30,2020,7,30,2.56608,1.728,1.84896,0.489024,1.1302848,1.9158336
2020/7/31,2020,7,31,2.5488,1.728,1.7712,0.48384,1.1352096,1.92024
2020/8/1,2020,8,1,2.51424,1.71936,1.6848,0.477792,1.1401344,1.9282752
2020/8/2,2020,8,2,2.49696,1.73664,1.66752,0.47088,1.1474784,1.9109952
2020/8/3,2020,8,3,2.47968,1.76256,1.6416,0.442368,1.1523168,1.8827424
2020/8/4,2020,8,4,2.45376,1.78848,1.66752,0.424224,1.1572416,1.8504288
2020/8/5,2020,8,5,2.39328,1.74528,1.82304,0.426816,1.1596608,1.818288
2020/8/6,2020,8,6,2.35008,1.71072,1.97856,0.428544,1.1645856,1.778544
2020/8/7,2020,8,7,2.27232,1.66752,2.13408,0.431136,1.169424,1.7472672
2020/8/8,2020,8,8,2.18592,1.61568,2.2896,0.486432,1.1670048,1.7885664
2020/8/9,2020,8,9,2.1168,1.57248,2.49696,0.47088,1.1645856,2.0175264
2020/8/10,2020,8,10,2.05632,1.52928,2.7216,0.448416,1.169424,1.9665504
2020/8/11,2020,8,11,1.9872,1.49472,2.78208,0.430272,1.1792736,1.8673632
2020/8/12,2020,8,12,1.90944,1.45152,2.79936,0.412992,1.1890368,1.810944
2020/8/13,2020,8,13,1.80576,1.41696,2.808,0.394848,1.1963808,1.7750016
2020/8/14,2020,8,14,1.66752,1.3824,2.82528,0.376704,1.206144,1.7291232
2020/8/15,2020,8,15,1.57248,1.34784,2.83392,0.36288,1.2110688,1.7368992
2020/8/16,2020,8,16,1.49472,1.31328,2.79936,0.326592,1.2110688,1.7985888
2020/8/17,2020,8,17,1.4256,1.28736,2.79072,0.292896,1.206144,1.886112
2020/8/18,2020,8,18,1.37376,1.27872,2.808,0.281664,1.1963808,1.950912
2020/8/19,2020,8,19,1.32192,1.27872,2.81664,0.271296,1.1866176,1.954368
2020/8/20,2020,8,20,1.28736,1.27008,2.83392,0.260064,1.1719296,1.9223136
2020/8/21,2020,8,21,1.26144,1.26144,2.84256,0.248832,1.1572416,1.8805824
2020/8/22,2020,8,22,1.17504,1.2528,2.85984,0.238464,1.1425536,1.8466272
2020/8/23,2020,8,23,1.1232,1.24416,2.86848,0.227232,1.1278656,1.8163872
2020/8/24,2020,8,24,1.09728,1.23552,2.88576,0.223776,1.1131776,1.8036
2020/8/25,2020,8,25,1.05408,1.23552,2.81664,0.229824,1.1009952,1.8283968
2020/8/26,2020,8,26,1.0368,1.23552,2.73024,0.229824,1.0887264,1.8785952
2020/8/27,2020,8,27,1.01952,1.23552,2.64384,0.264384,1.0789632,1.9177344
2020/8/28,2020,8,28,0.98496,1.24416,2.55744,0.29808,1.0716192,1.9268928
2020/8/29,2020,8,29,0.96768,1.24416,2.47104,0.33264,1.0617696,1.91808
2020/8/30,2020,8,30,0.93312,1.24416,2.376,0.3672,1.0593504,1.925424
2020/8/31,2020,8,31,0.96768,1.2528,2.2896,0.400896,1.0569312,1.9433088
2020/9/1,2020,9,1,0.98496,1.2528,2.2032,0.435456,1.0520064,1.9653408
2020/9/2,2020,9,2,0.97632,1.26144,2.1168,0.54432,1.0446624,1.9744128
2020/9/3,2020,9,3,0.9504,1.27008,2.05632,0.618624,1.0373184,1.9672416
2020/9/4,2020,9,4,0.93312,1.27872,1.99584,0.650592,1.0299744,1.9631808
2020/9/5,2020,9,5,0.93312,1.30464,1.944,0.658368,1.025136,1.9662048
2020/9/6,2020,9,6,0.96768,1.32192,1.88352,0.666144,1.0226304,1.9646496
2020/9/7,2020,9,7,0.98496,1.34784,1.83168,0.67392,1.0226304,1.95264
2020/9/8,2020,9,8,0.95904,1.37376,1.77984,0.623808,1.025136,1.9433088
2020/9/9,2020,9,9,0.93312,1.4256,1.69344,0.60048,1.03248,1.9197216
2020/9/10,2020,9,10,0.91584,1.49472,1.60704,0.5832,1.0373184,1.8965664
2020/9/11,2020,9,11,0.9072,1.56384,1.58112,0.576288,1.0422432,1.852848
2020/9/12,2020,9,12,0.89856,1.62432,1.56384,0.439776,1.0446624,1.8396288
2020/9/13,2020,9,13,0.88992,1.65888,1.53792,0.408672,1.0446624,1.7924544
2020/9/14,2020,9,14,0.88128,1.67616,1.52064,0.3888,1.047168,1.7692992
2020/9/15,2020,9,15,0.88128,1.69344,1.512,0.370656,1.0520064,1.7412192
2020/9/16,2020,9,16,0.88128,1.69344,1.52064,0.359424,1.0593504,1.705104
2020/9/17,2020,9,17,0.87264,1.67616,1.50336,0.350784,1.0691136,1.6691616
2020/9/18,2020,9,18,0.864,1.65024,1.48608,0.34128,1.0764576,1.634256
2020/9/19,2020,9,19,0.87264,1.63296,1.4688,0.33264,1.0838016,1.5967584
2020/9/20,2020,9,20,0.88128,1.60704,1.45152,0.324,1.0887264,1.5723936
2020/9/21,2020,9,21,0.92448,1.58976,1.44288,0.314496,1.0960704,1.5480288
2020/9/22,2020,9,22,0.93312,1.56384,1.4256,0.305856,1.1034144,1.5165792
2020/9/23,2020,9,23,0.94176,1.54656,1.40832,0.297216,1.1083392,1.498608
2020/9/24,2020,9,24,0.92448,1.52064,1.39104,0.287712,1.1083392,1.4821056
2020/9/25,2020,9,25,0.91584,1.50336,1.37376,0.279072,1.1058336,1.459296
2020/9/26,2020,9,26,0.91584,1.48608,1.35648,0.277344,1.1034144,1.4358816
2020/9/27,2020,9,27,0.9072,1.49472,1.33056,0.27648,1.0960704,1.4064192
2020/9/28,2020,9,28,0.89856,1.49472,1.30464,0.279936,1.0887264,1.3908672
2020/9/29,2020,9,29,0.92448,1.50336,1.28736,0.284256,1.0740384,1.362528
2020/9/30,2020,9,30,0.94176,1.50336,1.26144,0.287712,1.0642752,1.346112
2020/10/1,2020,10,1,0.94176,1.512,1.24416,0.291168,1.0446624,1.325376
2020/10/2,2020,10,2,0.94176,1.512,1.21824,0.294624,1.0299744,1.3122432
2020/10/3,2020,10,3,0.92448,1.512,1.20096,0.298944,1.0152864,1.2991968
2020/10/4,2020,10,4,0.96768,1.52064,1.17504,0.3024,0.99576,1.28736
2020/10/5,2020,10,5,0.98496,1.52928,1.13184,0.260064,0.981072,1.2853728
2020/10/6,2020,10,6,0.9936,1.54656,1.1232,0.24624,0.9566208,1.2870144
2020/10/7,2020,10,7,1.01088,1.5552,1.13184,0.225504,0.9248256,1.2746592
2020/10/8,2020,10,8,1.01952,1.57248,1.14048,0.206496,0.9125568,1.2630816
2020/10/9,2020,10,9,1.08,1.57248,1.14912,0.199584,0.9003744,1.2499488
2020/10/10,2020,10,10,1.07136,1.57248,1.1664,0.169344,0.8831808,1.242864
2020/10/11,2020,10,11,1.02816,1.58112,1.17504,0.1728,0.8636544,1.2442464
2020/10/12,2020,10,12,0.97632,1.57248,1.18368,0.170208,0.8440416,1.2339648
2020/10/13,2020,10,13,0.94176,1.56384,1.18368,0.170208,0.8269344,1.2175488
2020/10/14,2020,10,14,0.92448,1.52928,1.13184,0.165888,0.807408,1.2001824
2020/10/15,2020,10,15,0.88992,1.50336,1.11456,0.16416,0.785376,1.1930112
2020/10/16,2020,10,16,0.88992,1.48608,1.08,0.15984,0.763344,1.1898144
2020/10/17,2020,10,17,0.9072,1.46016,0.97632,0.15984,0.7510752,1.176768
2020/10/18,2020,10,18,0.93312,1.43424,0.97632,0.14688,0.741312,1.1690784
2020/10/19,2020,10,19,0.93312,1.41696,0.94176,0.134784,0.726624,1.1597472
2020/10/20,2020,10,20,0.9072,1.39968,0.92448,0.11664,0.7070976,1.1598336
2020/10/21,2020,10,21,0.88128,1.39104,0.89856,0.114048,0.6801408,1.1392704
2020/10/22,2020,10,22,0.828576,1.3824,0.864,0.108864,0.6532704,1.108512
2020/10/23,2020,10,23,0.81648,1.3824,0.821664,0.108864,0.6263136,1.0924416
2020/10/24,2020,10,24,0.797472,1.3824,0.824256,0.107136,0.5994432,1.0652256
2020/10/25,2020,10,25,0.78192,1.3824,0.783648,0.104544,0.5798304,1.0462176
2020/10/26,2020,10,26,0.774144,1.3824,0.78192,0.100224,0.5627232,1.0279872
2020/10/27,2020,10,27,0.830304,1.3824,0.789696,0.101088,0.545616,1.0101888
2020/10/28,2020,10,28,0.796608,1.3824,0.580608,0.095904,0.5284224,0.9926496
2020/10/29,2020,10,29,0.774144,1.3824,0.564192,0.0618624,0.5138208,0.9753696
2020/10/30,2020,10,30,0.748224,1.3824,0.546912,0.0572832,0.4991328,0.9584352
2020/10/31,2020,10,31,0.727488,1.3824,0.530496,0.089856,0.4819392,0.94176
2020/11/1,2020,11,1,0.718848,1.34784,0.513216,0.0653184,0.472176,0.9254304
2020/11/2,2020,11,2,0.698976,1.32192,0.4968,0.0606528,0.464832,0.90936
2020/11/3,2020,11,3,0.67392,1.28736,0.47952,0.0571104,0.4550688,0.8935488
2020/11/4,2020,11,4,0.667872,1.26144,0.463104,0.05832,0.4477248,0.8780832
2020/11/5,2020,11,5,0.661824,1.22688,0.445824,0.0529632,0.4403808,0.8628768
2020/11/6,2020,11,6,0.653184,1.20096,0.429408,0.0555552,0.435456,0.8481024
2020/11/7,2020,11,7,0.647136,1.1664,0.412128,0.0581472,0.4330368,0.8335872
2020/11/8,2020,11,8,0.63072,1.14912,0.395712,0.0480384,0.4306176,0.8193312
2020/11/9,2020,11,9,0.619488,1.13184,0.378432,0.0458784,0.428112,0.8053344
2020/11/10,2020,11,10,0.602208,1.14912,0.37584,0.048384,0.4232736,0.7915968
2020/11/11,2020,11,11,0.584928,1.19232,0.373248,0.054,0.420768,0.7781184
2020/11/12,2020,11,12,0.567648,1.23552,0.370656,0.0501984,0.4183488,0.7648128
2020/11/13,2020,11,13,0.564192,1.27872,0.3672,0.0439776,0.4135104,0.7517664
2020/11/14,2020,11,14,0.564192,1.32192,0.364608,0.0442368,0.4110048,0.7389792
2020/11/15,2020,11,15,0.564192,1.37376,0.362016,0.0403488,0.4061664,0.7264512
2020/11/16,2020,11,16,0.569376,1.41696,0.359424,0.0409536,0.4036608,0.7140096
2020/11/17,2020,11,17,0.560736,1.4688,0.356832,0.0456192,0.3988224,0.7013088
2020/11/18,2020,11,18,0.560736,1.512,0.35424,0.0491616,0.3963168,0.6880896
2020/11/19,2020,11,19,0.560736,1.56384,0.350784,0.0560736,0.3938976,0.6767712
2020/11/20,2020,11,20,0.57024,1.27008,0.348192,0.064368,0.3938976,0.666144
2020/11/21,2020,11,21,0.56592,1.26144,0.3456,0.0716256,0.3914784,0.6556896
2020/11/22,2020,11,22,0.5616,1.24416,0.343008,0.0775008,0.3889728,0.645408
2020/11/23,2020,11,23,0.558144,1.23552,0.340416,0.0857952,0.3841344,0.6353856
2020/11/24,2020,11,24,0.553824,1.21824,0.337824,0.0755136,0.3816288,0.6252768
2020/11/25,2020,11,25,0.549504,1.2096,0.334368,0.0683424,0.3792096,0.614736
2020/11/26,2020,11,26,0.545184,1.19232,0.331776,0.0635904,0.3767904,0.6041952
2020/11/27,2020,11,27,0.540864,1.18368,0.329184,0.0632448,0.3742848,0.5936544
2020/11/28,2020,11,28,0.537408,1.1664,0.326592,0.0819072,0.3718656,0.5831136
2020/11/29,2020,11,29,0.533088,1.15776,0.329184,0.08208,0.3694464,0.573264
2020/11/30,2020,11,30,0.528768,1.14048,0.331776,0.0674784,0.3694464,0.5640192
2020/12/1,2020,12,1,0.524448,1.14048,0.334368,0.0602208,0.3670272,0.554688
2020/12/2,2020,12,2,0.520128,1.13184,0.33696,0.063936,0.3621024,0.5454432
2020/12/3,2020,12,3,0.515808,1.13184,0.339552,0.0575424,0.3596832,0.5361984
2020/12/4,2020,12,4,0.512352,1.1232,0.342144,0.0628128,0.3547584,0.5269536
2020/12/5,2020,12,5,0.508032,1.1232,0.344736,0.0597888,0.3523392,0.5177088
2020/12/6,2020,12,6,0.503712,1.1232,0.348192,0.0632448,0.3498336,0.508464
2020/12/7,2020,12,7,0.499392,1.11456,0.352512,0.0681696,0.3498336,0.4992192
2020/12/8,2020,12,8,0.495072,1.11456,0.355968,0.0579744,0.3474144,0.4900608
2020/12/9,2020,12,9,0.491616,1.11456,0.360288,0.0549504,0.3449952,0.480816
2020/12/10,2020,12,10,0.487296,1.10592,0.363744,0.0569376,0.3449952,0.4715712
2020/12/11,2020,12,11,0.482976,1.10592,0.368064,0.048816,0.3424896,0.4624128
2020/12/12,2020,12,12,0.48816,1.09728,0.37152,0.0455328,0.3400704,0.454896
2020/12/13,2020,12,13,0.493344,1.09728,0.37584,0.0413856,0.3351456,0.4513536
2020/12/14,2020,12,14,0.498528,1.09728,0.379296,0.0392256,0.3327264,0.4480704
2020/12/15,2020,12,15,0.503712,1.08864,0.383616,0.0376704,0.3327264,0.4466016
2020/12/16,2020,12,16,0.508896,1.08864,0.387072,0.040176,0.3303072,0.4517856
2020/12/17,2020,12,17,0.51408,1.08864,0.391392,0.028512,0.3303072,0.4589568
2020/12/18,2020,12,18,0.519264,1.08,0.394848,0.0279936,0.3278016,0.4764096
2020/12/19,2020,12,19,0.524448,1.08,0.399168,0.0266976,0.3253824,0.4961088
2020/12/20,2020,12,20,0.529632,1.07136,0.402624,0.0308448,0.3229632,0.515808
2020/12/21,2020,12,21,0.534816,1.06272,0.398304,0.0343008,0.320544,0.5344704
2020/12/22,2020,12,22,0.54,1.06272,0.394848,0.0327456,0.3180384,0.552528
2020/12/23,2020,12,23,0.545184,1.06272,0.390528,0.0352512,0.3156192,0.5697216
2020/12/24,2020,12,24,0.546048,1.06272,0.387072,0.0352512,0.3132,0.5793984
2020/12/25,2020,12,25,0.547776,1.05408,0.382752,0.0363744,0.3106944,0.5863104
2020/12/26,2020,12,26,0.54864,1.05408,0.379296,0.0419904,0.3082752,0.5864832
2020/12/27,2020,12,27,0.550368,1.05408,0.374976,0.0460512,0.305856,0.5856192
2020/12/28,2020,12,28,0.551232,1.05408,0.37152,0.0489024,0.3009312,0.5828544
2020/12/29,2020,12,29,0.552096,1.04544,0.3672,0.0503712,0.298512,0.57888
2020/12/30,2020,12,30,0.553824,1.04544,0.363744,0.0473472,0.2960064,0.574992
2020/12/31,2020,12,31,0.554688,1.04544,0.359424,0.0482976,0.2935872,0.5708448
2021/1/1,2021,1,1,0.555552,1.04544,0.355968,0.0558144,0.291168,0.5662656
2021/1/2,2021,1,2,0.55728,1.04544,0.351648,0.0471744,0.2886624,0.5617728
2021/1/3,2021,1,3,0.558144,1.04544,0.348192,0.0468288,0.2862432,0.5571936
2021/1/4,2021,1,4,0.559872,1.04544,0.343872,0.0463104,0.283824,0.5527008
2021/1/5,2021,1,5,0.560736,1.04544,0.340416,0.0463104,0.2813184,0.5481216
2021/1/6,2021,1,6,0.5616,1.0368,0.336096,0.0448416,0.2788992,0.5436288
2021/1/7,2021,1,7,0.563328,1.0368,0.33264,0.0429408,0.2788992,0.539136
2021/1/8,2021,1,8,0.564192,1.0368,0.32832,0.0441504,0.27648,0.5354208
2021/1/9,2021,1,9,0.565056,1.0368,0.324864,0.0432,0.2739744,0.5331744
2021/1/10,2021,1,10,0.566784,1.0368,0.320544,0.0441504,0.2715552,0.5310144
2021/1/11,2021,1,11,0.567648,1.02816,0.317088,0.0446688,0.269136,0.528768
2021/1/12,2021,1,12,0.569376,1.02816,0.312768,0.0435456,0.2667168,0.526608
2021/1/13,2021,1,13,0.57024,1.02816,0.317952,0.043632,0.2642112,0.524448
2021/1/14,2021,1,14,0.57024,1.02816,0.323136,0.043632,0.261792,0.522288
2021/1/15,2021,1,15,0.57024,1.01952,0.327456,0.0437184,0.2593728,0.520128
2021/1/16,2021,1,16,0.57024,1.01952,0.33264,0.0437184,0.2568672,0.517968
2021/1/17,2021,1,17,0.57024,1.01952,0.337824,0.0382752,0.254448,0.515808
2021/1/18,2021,1,18,0.57024,1.01952,0.343008,0.0382752,0.2520288,0.513648
2021/1/19,2021,1,19,0.57024,1.01952,0.348192,0.0323136,0.247104,0.5115744
2021/1/20,2021,1,20,0.57024,1.01088,0.352512,0.0323136,0.2446848,0.5094144
2021/1/21,2021,1,21,0.562464,1.01952,0.357696,0.0324,0.2421792,0.5075136
2021/1/22,2021,1,22,0.555552,1.01952,0.355104,0.0308448,0.2390688,0.5074272
2021/1/23,2021,1,23,0.547776,1.01952,0.352512,0.0300672,0.2368224,0.5076864
2021/1/24,2021,1,24,0.54,1.01952,0.349056,0.029808,0.2333664,0.5079456
2021/1/25,2021,1,25,0.533088,1.02816,0.346464,0.028512,0.2304288,0.5082048
2021/1/26,2021,1,26,0.525312,1.02816,0.343872,0.0316224,0.2273184,0.508464
2021/1/27,2021,1,27,0.517536,1.02816,0.34128,0.0308448,0.2248128,0.5087232
2021/1/28,2021,1,28,0.510624,1.02816,0.338688,0.0303264,0.2223936,0.5089824
2021/1/29,2021,1,29,0.502848,1.0368,0.335232,0.0303264,0.2204064,0.5092416
2021/1/30,2021,1,30,0.495072,1.04544,0.33264,0.0303264,0.2182464,0.5095008
2021/1/31,2021,1,31,0.48816,1.04544,0.330048,0.0308448,0.2158272,0.50976
2021/2/1,2021,2,1,0.480384,1.04544,0.327456,0.0303264,0.21384,0.5100192
2021/2/2,2021,2,2,0.472608,1.04544,0.324864,0.0290304,0.2126304,0.5102784
2021/2/3,2021,2,3,0.465696,1.05408,0.321408,0.0282528,0.2091744,0.5105376
2021/2/4,2021,2,4,0.45792,1.05408,0.318816,0.0287712,0.2042496,0.5107968
2021/2/5,2021,2,5,0.455328,1.05408,0.316224,0.02808,0.201312,0.511056
2021/2/6,2021,2,6,0.451872,1.05408,0.313632,0.026784,0.1994112,0.5113152
2021/2/7,2021,2,7,0.44928,1.05408,0.31104,0.0260064,0.1964736,0.5115744
2021/2/8,2021,2,8,0.446688,1.06272,0.307584,0.025488,0.1937952,0.5118336
2021/2/9,2021,2,9,0.444096,1.05408,0.304992,0.025488,0.1905984,0.5120928
2021/2/10,2021,2,10,0.44064,1.05408,0.3024,0.025488,0.18792,0.512352
2021/2/11,2021,2,11,0.438048,1.05408,0.301536,0.0174528,0.184464,0.5126112
2021/2/12,2021,2,12,0.435456,1.04544,0.300672,0.0183168,0.1815264,0.5128704
2021/2/13,2021,2,13,0.432864,1.04544,0.300672,0.019872,0.1791072,0.5131296
2021/2/14,2021,2,14,0.429408,1.04544,0.299808,0.021168,0.1756512,0.5133888
2021/2/15,2021,2,15,0.426816,1.04544,0.298944,0.0210816,0.1722816,0.513648
2021/2/16,2021,2,16,0.424224,1.0368,0.29808,0.0196128,0.1695168,0.5139072
2021/2/17,2021,2,17,0.421632,1.0368,0.297216,0.0182304,0.1678752,0.5141664
2021/2/18,2021,2,18,0.418176,1.0368,0.297216,0.0186624,0.1664064,0.5144256
2021/2/19,2021,2,19,0.415584,1.02816,0.296352,0.0190944,0.1649376,0.5146848
2021/2/20,2021,2,20,0.412992,1.02816,0.295488,0.0195264,0.1621728,0.514944
2021/2/21,2021,2,21,0.4104,1.02816,0.295488,0.0209088,0.158544,0.5152032
2021/2/22,2021,2,22,0.407808,1.02816,0.296352,0.0221184,0.1536192,0.5154624
2021/2/23,2021,2,23,0.405216,1.02816,0.296352,0.0229824,0.1504224,0.5157216
2021/2/24,2021,2,24,0.402624,1.02816,0.296352,0.0235872,0.1487808,0.5159808
2021/2/25,2021,2,25,0.400032,1.02816,0.296352,0.0243648,0.1475712,0.51624
2021/2/26,2021,2,26,0.398304,1.02816,0.297216,0.025056,0.1470528,0.5164992
2021/2/27,2021,2,27,0.395712,1.02816,0.297216,0.0249696,0.1458432,0.5167584
2021/2/28,2021,2,28,0.39312,1.0368,0.297216,0.025056,0.1448064,0.517104
2021/3/1,2021,3,1,0.390528,1.0368,0.297216,0.0258336,0.1435968,0.5173632
2021/3/2,2021,3,2,0.387936,1.0368,0.297216,0.0258336,0.141696,0.5176224
2021/3/3,2021,3,3,0.385344,1.0368,0.297216,0.0248832,0.1391904,0.5178816
2021/3/4,2021,3,4,0.382752,1.04544,0.29808,0.0247968,0.1372896,0.5181408
2021/3/5,2021,3,5,0.381888,1.04544,0.29808,0.024624,0.1358208,0.5184
2021/3/6,2021,3,6,0.381024,1.04544,0.29808,0.0242784,0.134352,0.5186592
2021/3/7,2021,3,7,0.38016,1.04544,0.29808,0.024624,0.1323648,0.5189184
2021/3/8,2021,3,8,0.379296,1.04544,0.29808,0.0256608,0.1318464,0.5191776
2021/3/9,2021,3,9,0.379296,1.04544,0.29808,0.0266976,0.130896,0.5194368
2021/3/10,2021,3,10,0.378432,1.05408,0.297216,0.0264384,0.1303776,0.519696
2021/3/11,2021,3,11,0.377568,1.05408,0.295488,0.0245376,0.1294272,0.5199552
2021/3/12,2021,3,12,0.376704,1.05408,0.294624,0.0242784,0.1279584,0.5202144
2021/3/13,2021,3,13,0.37584,1.05408,0.29376,0.0245376,0.1267488,0.5204736
2021/3/14,2021,3,14,0.374976,1.05408,0.292032,0.0244512,0.1259712,0.5207328
2021/3/15,2021,3,15,0.374112,1.05408,0.291168,0.0239328,0.12528,0.520992
2021/3/16,2021,3,16,0.373248,1.05408,0.28944,0.024192,0.1245024,0.5212512
2021/3/17,2021,3,17,0.373248,1.06272,0.288576,0.023328,0.1245024,0.5215968
2021/3/18,2021,3,18,0.372384,1.06272,0.286848,0.0230688,0.1245024,0.521856
2021/3/19,2021,3,19,0.37152,1.06272,0.28512,0.0232416,0.1247616,0.5221152
2021/3/20,2021,3,20,0.370656,1.06272,0.284256,0.0245376,0.1245024,0.5223744
2021/3/21,2021,3,21,0.369792,1.06272,0.282528,0.0227232,0.1245024,0.5226336
2021/3/22,2021,3,22,0.368928,1.06272,0.2808,0.0232416,0.1245024,0.5228928
2021/3/23,2021,3,23,0.368064,1.06272,0.279072,0.0216,0.1247616,0.523152
2021/3/24,2021,3,24,0.3672,1.06272,0.277344,0.022032,0.12528,0.5234112
2021/3/25,2021,3,25,0.3672,1.06272,0.275616,0.0214272,0.12528,0.5236704
2021/3/26,2021,3,26,0.366336,1.07136,0.274752,0.0232416,0.1250208,0.5239296
2021/3/27,2021,3,27,0.365472,1.07136,0.273024,0.0227232,0.1250208,0.5241888
2021/3/28,2021,3,28,0.364608,1.07136,0.271296,0.0238464,0.1250208,0.524448
2021/3/29,2021,3,29,0.363744,1.08864,0.270432,0.0221184,0.1247616,0.5247936
2021/3/30,2021,3,30,0.363744,1.08864,0.270432,0.0230688,0.1250208,0.5250528
2021/3/31,2021,3,31,0.36288,1.08864,0.269568,0.0216,0.12528,0.525312
2021/4/1,2021,4,1,0.36288,1.09728,0.269568,0.0234144,0.12528,0.5255712
2021/4/2,2021,4,2,0.36288,1.10592,0.268704,0.0219456,0.12528,0.5258304
2021/4/3,2021,4,3,0.36288,1.11456,0.268704,0.0230688,0.1250208,0.5260896
2021/4/4,2021,4,4,0.362016,1.11456,0.26784,0.0227232,0.1250208,0.5263488
2021/4/5,2021,4,5,0.362016,1.1232,0.26784,0.0240192,0.1250208,0.526608
2021/4/6,2021,4,6,0.362016,1.13184,0.266976,0.0234144,0.1250208,0.5268672
2021/4/7,2021,4,7,0.362016,1.14048,0.266976,0.0222912,0.1247616,0.5271264
2021/4/8,2021,4,8,0.361152,1.14048,0.266112,0.0232416,0.1250208,0.527472
2021/4/9,2021,4,9,0.361152,1.14912,0.264384,0.0219456,0.1250208,0.5277312
2021/4/10,2021,4,10,0.361152,1.15776,0.26352,0.0238464,0.1250208,0.5279904
2021/4/11,2021,4,11,0.360288,1.17504,0.261792,0.0226368,0.125712,0.5282496
2021/4/12,2021,4,12,0.360288,1.18368,0.260064,0.0238464,0.1262304,0.5285088
2021/4/13,2021,4,13,0.360288,1.18368,0.258336,0.0226368,0.1262304,0.5289408
2021/4/14,2021,4,14,0.360288,1.18368,0.257472,0.0238464,0.1264896,0.5301504
2021/4/15,2021,4,15,0.359424,1.18368,0.255744,0.0226368,0.127008,0.5314464
2021/4/16,2021,4,16,0.359424,1.17504,0.254016,0.0238464,0.1271808,0.5327424
2021/4/17,2021,4,17,0.390528,1.17504,0.253152,0.0226368,0.1284768,0.5340384
2021/4/18,2021,4,18,0.421632,1.17504,0.253152,0.0238464,0.1318464,0.5354208
2021/4/19,2021,4,19,0.452736,1.17504,0.252288,0.0226368,0.133056,0.5367168
2021/4/20,2021,4,20,0.48384,1.18368,0.251424,0.0238464,0.133056,0.5380128
2021/4/21,2021,4,21,0.514944,1.20096,0.251424,0.0226368,0.1335744,0.5393088
2021/4/22,2021,4,22,0.546048,1.2096,0.25056,0.0238464,0.136512,0.5406912
2021/4/23,2021,4,23,0.577152,1.21824,0.249696,0.0226368,0.1379808,0.5419872
2021/4/24,2021,4,24,0.608256,1.22688,0.248832,0.0238464,0.1389312,0.5433696
2021/4/25,2021,4,25,0.63936,1.23552,0.248832,0.0226368,0.1402272,0.5446656
2021/4/26,2021,4,26,0.670464,1.23552,0.247968,0.0238464,0.1435968,0.5459616
2021/4/27,2021,4,27,0.701568,1.23552,0.248832,0.0226368,0.1485216,0.5441472
2021/4/28,2021,4,28,0.756864,1.24416,0.249696,0.0238464,0.1577664,0.5431104
2021/4/29,2021,4,29,0.834624,1.24416,0.25056,0.0226368,0.1683072,0.543888
2021/4/30,2021,4,30,0.9072,1.24416,0.252288,0.0234144,0.1791072,0.5439744
2021/5/1,2021,5,1,0.96768,1.24416,0.253152,0.0222912,0.20088,0.5450112
2021/5/2,2021,5,2,1.02816,1.2528,0.254016,0.0240192,0.2309472,0.545616
2021/5/3,2021,5,3,1.08864,1.2528,0.25488,0.0245376,0.2593728,0.5475168
2021/5/4,2021,5,4,1.14048,1.26144,0.255744,0.0248832,0.2862432,0.5496768
2021/5/5,2021,5,5,1.18368,1.27008,0.255744,0.0254016,0.3132,0.5517504
2021/5/6,2021,5,6,1.22688,1.27872,0.256608,0.0245376,0.3424896,0.5541696
2021/5/7,2021,5,7,1.30464,1.28736,0.256608,0.0245376,0.3792096,0.5603904
2021/5/8,2021,5,8,1.40832,1.30464,0.257472,0.024192,0.4159296,0.5701536
2021/5/9,2021,5,9,1.49472,1.33056,0.257472,0.0248832,0.4526496,0.589248
2021/5/10,2021,5,10,1.57248,1.36512,0.258336,0.0254016,0.508896,0.6235488
2021/5/11,2021,5,11,1.66752,1.4256,0.258336,0.0266976,0.5969376,0.6659712
2021/5/12,2021,5,12,1.8144,1.512,0.2592,0.0268704,0.6997536,0.7344
2021/5/13,2021,5,13,1.97856,1.75392,0.2592,0.0279072,1.003104,0.8181216
2021/5/14,2021,5,14,2.12544,2.8944,0.277344,0.02808,1.184112,0.91368
2021/5/15,2021,5,15,2.3328,4.38048,0.295488,0.02808,1.2452832,1.022112
2021/5/16,2021,5,16,2.51424,1.9872,0.314496,0.02808,1.279584,1.1347776
2021/5/17,2021,5,17,2.7216,2.0304,0.33264,0.0288576,1.3162176,1.2431232
2021/5/18,2021,5,18,2.808,2.05632,0.350784,0.0286848,1.3431744,1.3853376
2021/5/19,2021,5,19,2.83392,2.15136,0.494208,0.0286848,1.3823136,1.5925248
2021/5/20,2021,5,20,2.8512,2.21184,0.768096,0.031536,1.4116896,1.7762976
2021/5/21,2021,5,21,2.808,2.71296,1.33056,0.0590976,1.4263776,1.866672
2021/5/22,2021,5,22,2.83392,3.43008,1.5984,0.127872,1.4337216,1.93752
2021/5/23,2021,5,23,2.8944,3.89664,1.9008,0.299808,1.43856,1.9769184
2021/5/24,2021,5,24,2.86848,5.76288,2.09952,0.442368,1.4337216,2.0419776
2021/5/25,2021,5,25,2.84256,6.75648,2.31552,0.552096,1.4214528,2.2990176
2021/5/26,2021,5,26,2.79072,7.09344,2.86848,0.649728,1.409184,2.4267168
2021/5/27,2021,5,27,2.75616,7.33536,5.0112,1.23552,1.4019264,2.325456
2021/5/28,2021,5,28,2.7216,7.42176,6.28992,2.09088,1.4019264,2.8233792
2021/5/29,2021,5,29,2.69568,6.96384,8.2944,1.8576,1.4067648,3.0411072
2021/5/30,2021,5,30,2.64384,6.44544,9.2448,1.71072,1.4043456,2.9677536
2021/5/31,2021,5,31,2.592,7.01568,8.8992,1.56384,1.4043456,2.7706752
2021/6/1,2021,6,1,2.56608,10.8864,8.26848,1.48608,1.409184,2.5221024
2021/6/2,2021,6,2,2.54016,10.368,7.4736,1.46016,1.4141088,2.3583744
2021/6/3,2021,6,3,2.5056,9.7632,6.60096,1.4688,1.416528,2.111184
2021/6/4,2021,6,4,2.48832,8.8992,6.21216,1.43424,1.416528,1.8620064
2021/6/5,2021,6,5,2.4624,8.8128,5.68512,1.31328,1.4141088,1.6508448
2021/6/6,2021,6,6,2.45376,8.5968,5.184,1.30464,1.4067648,1.6595712
2021/6/7,2021,6,7,2.44512,8.47584,4.80384,1.26144,1.3994208,1.6889472
2021/6/8,2021,6,8,2.42784,8.32032,4.58784,1.27872,1.3872384,1.6956
2021/6/9,2021,6,9,2.41056,7.84512,4.47552,1.27008,1.3725504,1.7009568
2021/6/10,2021,6,10,2.40192,7.32672,4.38048,1.2528,1.3529376,1.7224704
2021/6/11,2021,6,11,2.39328,6.912,4.33728,1.22688,1.3260672,1.7734464
2021/6/12,2021,6,12,2.38464,6.61824,4.30272,1.2096,1.301616,1.8572544
2021/6/13,2021,6,13,2.38464,6.18624,4.29408,1.1664,1.2844224,1.9598976
2021/6/14,2021,6,14,2.38464,6.06528,4.41504,1.14912,1.27224,2.1034944
2021/6/15,2021,6,15,2.38464,5.73696,4.5792,1.13184,1.27224,2.293056
2021/6/16,2021,6,16,2.36736,5.41728,4.71744,1.1232,1.279584,2.3745312
2021/6/17,2021,6,17,2.36736,5.21856,4.82112,1.10592,1.286928,2.350512
2021/6/18,2021,6,18,2.35872,5.1408,4.76064,1.04544,1.2917664,2.303424
2021/6/19,2021,6,19,2.32416,5.11488,4.73472,1.01952,1.2966912,2.249424
2021/6/20,2021,6,20,2.29824,4.97664,4.73472,0.97632,1.2991104,2.2184064
2021/6/21,2021,6,21,2.29824,4.82976,4.74336,0.94176,1.2991104,2.222208
2021/6/22,2021,6,22,2.29824,4.69152,4.73472,0.89856,1.2966912,2.2081248
2021/6/23,2021,6,23,2.2896,4.54464,4.70016,0.862272,1.2893472,2.2193568
2021/6/24,2021,6,24,2.2896,4.4064,4.63104,0.823392,1.2820032,2.2791456
2021/6/25,2021,6,25,2.2896,4.25952,4.536,0.783648,1.2746592,2.3367744
2021/6/26,2021,6,26,2.28096,4.12128,4.42368,0.744768,1.2673152,2.3854176
2021/6/27,2021,6,27,2.28096,4.05216,4.32864,0.727488,1.2599712,2.3690016
2021/6/28,2021,6,28,2.26368,3.92256,4.28544,0.687744,1.2551328,2.3352192
2021/6/29,2021,6,29,2.2464,3.7584,4.22496,0.667008,1.250208,2.2978944
2021/6/30,2021,6,30,2.23776,3.672,4.1472,0.657504,1.2452832,2.2746528
2021/7/1,2021,7,1,2.22048,3.66336,4.0608,0.650592,1.2404448,2.2514976
2021/7/2,2021,7,2,2.22048,3.52512,3.98304,0.646272,1.2331008,2.2353408
2021/7/3,2021,7,3,2.22048,3.30912,3.9312,0.650592,1.2232512,2.1916224
2021/7/4,2021,7,4,2.2032,3.17088,3.90528,0.648864,1.2184128,2.1605184
2021/7/5,2021,7,5,2.19456,3.08448,4.0176,0.644544,1.213488,2.1791808
2021/7/6,2021,7,6,2.18592,3.04992,4.104,0.60048,1.2085632,2.1865248
2021/7/7,2021,7,7,2.18592,3.17088,4.07808,0.5832,1.2037248,2.14056
2021/7/8,2021,7,8,2.17728,3.16224,3.9312,0.576288,1.1963808,2.0872512
2021/7/9,2021,7,9,2.17728,3.12768,3.7584,0.566784,1.1939616,2.0704896
2021/7/10,2021,7,10,2.16864,2.99808,3.57696,0.558144,1.1890368,2.1248352
2021/7/11,2021,7,11,2.16,2.9376,3.44736,0.560736,1.1792736,2.1750336
2021/7/12,2021,7,12,2.14272,2.87712,3.33504,0.566784,1.1645856,2.166048
2021/7/13,2021,7,13,2.13408,2.86848,3.29184,0.560736,1.1474784,2.1066912
2021/7/14,2021,7,14,2.13408,2.8512,3.24,0.562464,1.1278656,2.0179584
2021/7/15,2021,7,15,2.12544,2.8512,3.1968,0.553824,1.1058336,1.9287072
2021/7/16,2021,7,16,2.12544,2.8512,3.16224,0.533088,1.0936512,1.8461088
2021/7/17,2021,7,17,2.10816,2.81664,3.09312,0.477792,1.0813824,1.772064
2021/7/18,2021,7,18,2.10816,2.77344,2.99808,0.372384,1.0691136,1.7100288
2021/7/19,2021,7,19,2.10816,2.7216,2.86848,0.3024,1.0617696,1.6490304
2021/7/20,2021,7,20,2.10816,2.6784,2.71296,0.273024,1.0520064,1.6072992
2021/7/21,2021,7,21,2.09952,2.64384,2.56608,0.268704,1.0422432,1.5793056
2021/7/22,2021,7,22,2.08224,2.56608,2.41056,0.260928,1.0348992,1.5494976
2021/7/23,2021,7,23,2.05632,2.5056,2.26368,0.343872,1.03248,1.5054336
2021/7/24,2021,7,24,2.06496,2.43648,2.10816,0.3456,1.0299744,1.466208
2021/7/25,2021,7,25,2.06496,2.41056,2.00448,0.35424,1.025136,1.4503968
2021/7/26,2021,7,26,2.08224,2.32416,1.93536,0.305856,1.0202112,1.44288
2021/7/27,2021,7,27,2.08224,2.35872,1.87488,0.297216,1.010448,1.4357952
2021/7/28,2021,7,28,2.09088,2.39328,1.82304,0.326592,1.0006848,1.4223168
2021/7/29,2021,7,29,2.08224,2.35872,1.79712,0.340416,0.9933408,1.4098752
2021/7/30,2021,7,30,2.08224,2.32416,1.8144,0.391392,0.9834912,1.4053824
2021/7/31,2021,7,31,2.09952,2.32416,1.84896,0.407808,0.973728,1.4017536
2021/8/1,2021,8,1,2.08224,2.31552,1.93536,0.3888,0.9615456,1.4026176
2021/8/2,2021,8,2,2.08224,2.31552,2.08224,0.385344,0.9566208,1.4089248
2021/8/3,2021,8,3,2.06496,2.16,2.22912,0.476928,0.951696,1.41048
2021/8/4,2021,8,4,2.03904,2.0736,2.34144,0.500256,0.944352,1.3912992
2021/8/5,2021,8,5,2.02176,2.02176,2.39328,0.659232,0.937008,1.3769568
2021/8/6,2021,8,6,1.9872,1.97856,2.44512,0.677376,0.9321696,1.3704768
2021/8/7,2021,8,7,1.95264,1.96128,2.47104,0.6912,0.9272448,1.3529376
2021/8/8,2021,8,8,1.91808,1.9872,2.47968,0.69552,0.9272448,1.3328064
2021/8/9,2021,8,9,1.88352,2.01312,2.47968,0.688608,0.9345888,1.321056
2021/8/10,2021,8,10,1.84896,2.05632,2.47104,0.674784,0.9419328,1.29816
2021/8/11,2021,8,11,1.79712,2.0736,2.41056,0.65664,0.9468576,1.2870144
2021/8/12,2021,8,12,1.76256,2.0736,2.35872,0.649728,0.9566208,1.3022208
2021/8/13,2021,8,13,1.71936,2.18592,2.30688,0.632448,0.966384,1.3384224
2021/8/14,2021,8,14,1.66752,2.18592,2.22912,0.622944,0.9713088,1.3606272
2021/8/15,2021,8,15,1.60704,2.06496,2.15136,0.603072,0.9761472,1.3771296
2021/8/16,2021,8,16,1.52928,2.00448,2.05632,0.59616,0.981072,1.3948416
2021/8/17,2021,8,17,1.48608,1.9008,1.9872,0.547776,0.9834912,1.4357952
2021/8/18,2021,8,18,1.4256,1.89216,1.91808,0.524448,0.9834912,1.5289344
2021/8/19,2021,8,19,1.36512,1.86624,1.8576,0.486432,0.9834912,1.622592
2021/8/20,2021,8,20,1.3392,1.86624,1.8576,0.40176,0.9859968,1.6671744
2021/8/21,2021,8,21,1.3392,2.00448,1.82304,0.351648,0.9908352,1.6585344
2021/8/22,2021,8,22,1.296,1.9872,1.80576,0.335232,0.9933408,1.6263072
2021/8/23,2021,8,23,1.2528,1.9872,1.8576,0.330048,0.99576,1.6064352
2021/8/24,2021,8,24,1.22688,2.0304,1.8576,0.304128,1.0006848,1.5920928
2021/8/25,2021,8,25,1.2096,2.05632,1.8576,0.300672,1.0055232,1.5717024
2021/8/26,2021,8,26,1.18368,2.00448,1.8576,0.305856,1.0128672,1.5324768
2021/8/27,2021,8,27,1.18368,2.00448,1.89216,0.292032,1.025136,1.4976576
2021/8/28,2021,8,28,1.1664,1.96992,1.9872,0.283392,1.0422432,1.4713056
2021/8/29,2021,8,29,1.15776,1.96992,2.06496,0.273024,1.0617696,1.4272416
2021/8/30,2021,8,30,1.1232,1.96128,2.09952,0.489024,1.0764576,1.3930272
2021/8/31,2021,8,31,1.06272,1.96128,2.1168,0.304128,1.0863072,1.3712544
2021/9/1,2021,9,1,1.04544,1.96128,2.12544,0.31968,1.0911456,1.3512096
2021/9/2,2021,9,2,1.05408,1.92672,2.14272,0.340416,1.0911456,1.3417056
2021/9/3,2021,9,3,1.07136,1.89216,2.16864,0.457056,1.0911456,1.3446432
2021/9/4,2021,9,4,1.05408,1.87488,2.2032,0.482976,1.0911456,1.3712544
2021/9/5,2021,9,5,1.02816,1.79712,2.27232,0.500256,1.0911456,1.4162688
2021/9/6,2021,9,6,1.01088,1.78848,2.34144,0.52272,1.0911456,1.437696
2021/9/7,2021,9,7,0.98496,1.78848,2.40192,0.541728,1.0960704,1.420848
2021/9/8,2021,9,8,0.9504,1.76256,2.52288,0.551232,1.0984896,1.3969152
2021/9/9,2021,9,9,0.89856,1.76256,2.74752,0.555552,1.1034144,1.3633056
2021/9/10,2021,9,10,0.87264,1.944,2.91168,0.553824,1.1083392,1.344384
2021/9/11,2021,9,11,0.849312,1.96128,3.1104,0.549504,1.1107584,1.3242528
2021/9/12,2021,9,12,0.832032,1.96128,3.3696,0.526176,1.1155968,1.3044672
2021/9/13,2021,9,13,0.832032,1.96128,3.2832,0.482976,1.1205216,1.2820032
2021/9/14,2021,9,14,0.88128,1.97856,3.17088,0.458784,1.1352096,1.2583296
2021/9/15,2021,9,15,0.9072,1.96992,3.17088,0.458784,1.1449728,1.2384576
2021/9/16,2021,9,16,0.9072,2.01312,3.04992,0.4536,1.1449728,1.2240288
2021/9/17,2021,9,17,0.9072,2.02176,2.91168,0.443232,1.1449728,1.2172896
2021/9/18,2021,9,18,0.9072,1.99584,2.71296,0.438912,1.1278656,1.2172032
2021/9/19,2021,9,19,0.9072,1.96128,2.49696,0.437184,1.1107584,1.2116736
2021/9/20,2021,9,20,0.9072,2.01312,2.3328,0.407808,1.1155968,1.209168
2021/9/21,2021,9,21,0.9072,2.01312,2.21184,0.399168,1.0984896,1.218672
2021/9/22,2021,9,22,0.9072,2.01312,2.0736,0.391392,1.0936512,1.2032928
2021/9/23,2021,9,23,0.9072,2.2464,2.02176,0.391392,1.0813824,1.1854944
2021/9/24,2021,9,24,0.9072,2.27232,2.01312,0.426816,1.0740384,1.1788416
2021/9/25,2021,9,25,0.9072,2.2464,2.06496,0.422496,1.0495872,1.1824704
2021/9/26,2021,9,26,0.9072,2.2464,2.12544,0.443232,1.03248,1.1723616
2021/9/27,2021,9,27,0.9072,2.21184,2.25504,0.422496,1.010448,1.160352
2021/9/28,2021,9,28,0.9072,2.2032,2.35872,0.40176,0.988416,1.1618208
2021/9/29,2021,9,29,0.89856,2.15136,2.35008,0.39744,0.9639648,1.1515392
2021/9/30,2021,9,30,0.857952,2.10816,2.31552,0.391392,0.9419328,1.1496384
2021/10/1,2021,10,1,0.840672,2.09952,2.30688,0.385344,0.9199008,1.1337408
2021/10/2,2021,10,2,0.9072,2.09952,2.29824,0.381024,0.8905248,1.1231136
2021/10/3,2021,10,3,0.9936,2.09952,2.26368,0.364608,0.8587296,1.1311488
2021/10/4,2021,10,4,0.97632,2.14272,2.22912,0.340416,0.8245152,1.1124
2021/10/5,2021,10,5,0.92448,2.16864,2.15136,0.326592,0.7975584,1.085184
2021/10/6,2021,10,6,0.87264,2.16864,2.09952,0.314496,0.7657632,1.0733472
2021/10/7,2021,10,7,0.793152,2.13408,2.05632,0.305856,0.741312,1.0836288
2021/10/8,2021,10,8,0.784512,2.12544,2.04768,0.278208,0.7216992,1.09296
2021/10/9,2021,10,9,0.784512,2.12544,2.01312,0.273024,0.704592,1.0936512
2021/10/10,2021,10,10,0.780192,2.19456,1.96128,0.269568,0.6874848,1.081728
2021/10/11,2021,10,11,0.797472,2.21184,1.90944,0.260928,0.6727968,1.06488
2021/10/12,2021,10,12,0.864,2.22912,1.9008,0.25488,0.6630336,1.0548576
2021/10/13,2021,10,13,0.88992,2.22048,1.89216,0.247104,0.6532704,1.0449216
2021/10/14,2021,10,14,0.87264,2.2032,1.86624,0.239328,0.6410016,1.0309248
2021/10/15,2021,10,15,0.793152,2.10816,1.82304,0.231552,0.6312384,1.0235808
2021/10/16,2021,10,16,0.775872,2.01312,1.78848,0.223776,0.6189696,1.0063008
2021/10/17,2021,10,17,0.767232,2.09088,1.74528,0.216,0.6092064,0.9898848
2021/10/18,2021,10,18,0.767232,2.03904,1.71072,0.208224,0.5969376,0.9790848
2021/10/19,2021,10,19,0.758592,2.01312,1.66752,0.206496,0.5871744,0.9719136
2021/10/20,2021,10,20,0.758592,2.00448,1.63296,0.200448,0.5798304,0.9626688
2021/10/21,2021,10,21,0.762912,1.9872,1.58976,0.1944,0.5724864,0.9539424
2021/10/22,2021,10,22,0.780192,2.03904,1.5552,0.196128,0.5651424,0.9509184
2021/10/23,2021,10,23,0.793152,2.03904,1.52064,0.184032,0.5577984,0.9461664
2021/10/24,2021,10,24,0.749952,2.05632,1.47744,0.18576,0.545616,0.9459072
2021/10/25,2021,10,25,0.709344,2.0304,1.44288,0.173664,0.5406912,0.940896
2021/10/26,2021,10,26,0.68256,1.9872,1.39968,0.165888,0.5333472,0.9301824
2021/10/27,2021,10,27,0.650592,1.9872,1.36512,0.160704,0.5260032,0.9212832
2021/10/28,2021,10,28,0.670464,1.99584,1.33056,0.158112,0.523584,0.912384
2021/10/29,2021,10,29,0.655776,1.99584,1.28736,0.1512,0.5186592,0.906768
2021/10/30,2021,10,30,0.627264,1.99584,1.2528,0.147744,0.5138208,0.8975232
2021/10/31,2021,10,31,0.663552,1.32192,1.2096,0.145152,0.5064768,0.881712
2021/11/1,2021,11,1,0.70848,1.26144,1.17504,0.141696,0.4991328,0.8576928
2021/11/2,2021,11,2,0.713664,1.28736,1.13184,0.13824,0.4917888,0.8343648
2021/11/3,2021,11,3,0.703296,1.27008,1.09728,0.134784,0.486864,0.8116416
2021/11/4,2021,11,4,0.672192,1.2528,1.06272,0.131328,0.4819392,0.7895232
2021/11/5,2021,11,5,0.634176,1.23552,1.01952,0.128736,0.4771008,0.7680096
2021/11/6,2021,11,6,0.598752,1.21824,0.98496,0.12528,0.472176,0.7471008
2021/11/7,2021,11,7,0.590976,1.20096,0.94176,0.121824,0.4673376,0.7267968
2021/11/8,2021,11,8,0.59184,1.18368,0.9072,0.118368,0.4624128,0.7070112
2021/11/9,2021,11,9,0.577152,1.1664,0.864,0.114912,0.457488,0.687744
2021/11/10,2021,11,10,0.558144,1.14912,0.82944,0.11232,0.4550688,0.6689952
2021/11/11,2021,11,11,0.538272,1.14048,0.791424,0.110592,0.450144,0.6507648
2021/11/12,2021,11,12,0.510624,1.13184,0.753408,0.108864,0.4428,0.6330528
2021/11/13,2021,11,13,0.494208,1.1232,0.715392,0.108,0.4379616,0.6158592
2021/11/14,2021,11,14,0.476064,1.11456,0.676512,0.106272,0.4330368,0.5990112
2021/11/15,2021,11,15,0.450144,1.10592,0.638496,0.105408,0.4256928,0.582768
2021/11/16,2021,11,16,0.430272,1.09728,0.60048,0.10368,0.420768,0.5668704
2021/11/17,2021,11,17,0.398304,1.08,0.562464,0.101952,0.4183488,0.5514048
2021/11/18,2021,11,18,0.39312,1.07136,0.524448,0.101088,0.4135104,0.5363712
2021/11/19,2021,11,19,0.387072,1.06272,0.485568,0.09936,0.4085856,0.5217696
2021/11/20,2021,11,20,0.381888,1.05408,0.447552,0.098496,0.4036608,0.5076
2021/11/21,2021,11,21,0.37584,1.04544,0.409536,0.096768,0.3988224,0.493776
2021/11/22,2021,11,22,0.370656,1.0368,0.37152,0.095904,0.3938976,0.4802976
2021/11/23,2021,11,23,0.364608,1.0368,0.33264,0.094176,0.3914784,0.4672512
2021/11/24,2021,11,24,0.359424,1.02816,0.294624,0.092448,0.3889728,0.4545504
2021/11/25,2021,11,25,0.353376,1.01952,0.256608,0.091584,0.3841344,0.4421088
2021/11/26,2021,11,26,0.348192,1.01088,0.24624,0.089856,0.3792096,0.4300992
2021/11/27,2021,11,27,0.342144,1.00224,0.2376,0.088992,0.3767904,0.4183488
2021/11/28,2021,11,28,0.33696,1.00224,0.228096,0.087264,0.3742848,0.4070304
2021/11/29,2021,11,29,0.330912,0.9936,0.219456,0.0858816,0.3694464,0.3958848
2021/11/30,2021,11,30,0.325728,0.98496,0.209952,0.0845856,0.3621024,0.3850848
2021/12/1,2021,12,1,0.320544,0.97632,0.21168,0.0851904,0.3571776,0.3746304
2021/12/2,2021,12,2,0.314496,0.97632,0.214272,0.0857952,0.3523392,0.3644352
2021/12/3,2021,12,3,0.320544,0.96768,0.216,0.0864,0.3449952,0.3544992
2021/12/4,2021,12,4,0.326592,0.96768,0.217728,0.087264,0.3400704,0.3448224
2021/12/5,2021,12,5,0.33264,0.95904,0.22032,0.087264,0.3327264,0.3354912
2021/12/6,2021,12,6,0.338688,0.9504,0.222048,0.088128,0.3278016,0.3263328
2021/12/7,2021,12,7,0.344736,0.9504,0.223776,0.088992,0.3253824,0.3174336
2021/12/8,2021,12,8,0.350784,0.94176,0.225504,0.089856,0.320544,0.3087936
2021/12/9,2021,12,9,0.355968,0.94176,0.228096,0.089856,0.3180384,0.3004128
2021/12/10,2021,12,10,0.362016,0.93312,0.229824,0.09072,0.3156192,0.2922048
2021/12/11,2021,12,11,0.368064,0.93312,0.231552,0.091584,0.3106944,0.284256
2021/12/12,2021,12,12,0.374112,0.93312,0.234144,0.091584,0.305856,0.27648
2021/12/13,2021,12,13,0.38016,0.94176,0.235872,0.092448,0.3033504,0.2689632
2021/12/14,2021,12,14,0.386208,0.94176,0.2376,0.093312,0.3009312,0.2618784
2021/12/15,2021,12,15,0.392256,0.94176,0.240192,0.093312,0.298512,0.2585952
2021/12/16,2021,12,16,0.398304,0.94176,0.24192,0.094176,0.291168,0.2572992
2021/12/17,2021,12,17,0.404352,0.9504,0.243648,0.09504,0.283824,0.25704
2021/12/18,2021,12,18,0.4104,0.9504,0.24624,0.095904,0.2788992,0.2573856
2021/12/19,2021,12,19,0.416448,0.9504,0.247968,0.095904,0.2739744,0.2589408
2021/12/20,2021,12,20,0.422496,0.9504,0.249696,0.096768,0.269136,0.2616192
2021/12/21,2021,12,21,0.428544,0.9504,0.252288,0.093312,0.269136,0.2685312
2021/12/22,2021,12,22,0.434592,0.94176,0.254016,0.09072,0.2667168,0.2820096
2021/12/23,2021,12,23,0.439776,0.93312,0.255744,0.087264,0.261792,0.2991168
2021/12/24,2021,12,24,0.445824,0.92448,0.257472,0.0844992,0.2593728,0.317952
2021/12/25,2021,12,25,0.451872,0.92448,0.260064,0.0813888,0.2568672,0.3367008
2021/12/26,2021,12,26,0.45792,0.91584,0.261792,0.0782784,0.254448,0.3543264
2021/12/27,2021,12,27,0.463968,0.9072,0.26352,0.0752544,0.2520288,0.3708288
2021/12/28,2021,12,28,0.470016,0.89856,0.266112,0.072144,0.2495232,0.3842208
2021/12/29,2021,12,29,0.476064,0.89856,0.26784,0.06912,0.247104,0.3977856
2021/12/30,2021,12,30,0.4752,0.88992,0.268704,0.0660096,0.2446848,0.4093632
2021/12/31,2021,12,31,0.474336,0.88128,0.270432,0.0647136,0.2417472,0.4193856
2022/1/1,2022,1,1,0.40608,0.88128,0.368064,0.0633312,0.2382912,0.428112
2022/1/2,2022,1,2,0.400032,0.88128,0.373248,0.0620352,0.2353536,0.4355424
2022/1/3,2022,1,3,0.39744,0.88128,0.377568,0.0606528,0.232416,0.4417632
2022/1/4,2022,1,4,0.39744,0.88128,0.381888,0.0593568,0.228528,0.4470336
2022/1/5,2022,1,5,0.39312,0.88128,0.386208,0.0579744,0.2255904,0.451008
2022/1/6,2022,1,6,0.393984,0.88128,0.3888,0.0566784,0.2223936,0.4542912
2022/1/7,2022,1,7,0.39744,0.88128,0.392256,0.055296,0.2191968,0.4564512
2022/1/8,2022,1,8,0.394848,0.88128,0.394848,0.054,0.2167776,0.457056
2022/1/9,2022,1,9,0.395712,0.88128,0.39744,0.0526176,0.2145312,0.4561056
2022/1/10,2022,1,10,0.39744,0.88992,0.400032,0.0513216,0.2126304,0.4547232
2022/1/11,2022,1,11,0.39744,0.88128,0.411264,0.0520128,0.2106432,0.451872
2022/1/12,2022,1,12,0.399168,0.88128,0.422496,0.0527904,0.2084832,0.4494528
2022/1/13,2022,1,13,0.39744,0.88128,0.433728,0.0534816,0.206496,0.4478976
2022/1/14,2022,1,14,0.402624,0.88128,0.444096,0.0542592,0.2040768,0.4466016
2022/1/15,2022,1,15,0.404352,0.87264,0.455328,0.0550368,0.20088,0.4446144
2022/1/16,2022,1,16,0.40608,0.87264,0.457056,0.055728,0.1979424,0.4421952
2022/1/17,2022,1,17,0.400896,0.87264,0.458784,0.0565056,0.1955232,0.437616
2022/1/18,2022,1,18,0.400032,0.87264,0.460512,0.0572832,0.1930176,0.4294944
2022/1/19,2022,1,19,0.39744,0.864,0.461376,0.0579744,0.1905984,0.4314816
2022/1/20,2022,1,20,0.396576,0.864,0.463104,0.058752,0.1881792,0.4329504
2022/1/21,2022,1,21,0.396576,0.87264,0.463968,0.0667008,0.186192,0.4304448
2022/1/22,2022,1,22,0.39744,0.87264,0.464832,0.0746496,0.1847232,0.42768
2022/1/23,2022,1,23,0.394848,0.88128,0.46656,0.0825984,0.1835136,0.4248288
2022/1/24,2022,1,24,0.393984,0.88128,0.467424,0.09072,0.1817856,0.422064
2022/1/25,2022,1,25,0.39744,0.88992,0.468288,0.098496,0.1795392,0.4189536
2022/1/26,2022,1,26,0.39312,0.88992,0.465696,0.106272,0.17712,0.4251744
2022/1/27,2022,1,27,0.39312,0.89856,0.463968,0.114048,0.17496,0.4201632
2022/1/28,2022,1,28,0.3888,0.89856,0.461376,0.122688,0.1737504,0.4149792
2022/1/29,2022,1,29,0.39312,0.9072,0.458784,0.130464,0.1722816,0.4141152
2022/1/30,2022,1,30,0.39312,0.9072,0.457056,0.13824,0.1708128,0.4117824
2022/1/31,2022,1,31,0.3888,0.91584,0.454464,0.146016,0.169776,0.4096224
2022/2/1,2022,2,1,0.392256,0.9072,0.451872,0.135648,0.1678752,0.4096224
2022/2/2,2022,2,2,0.392256,0.9072,0.448416,0.12528,0.1665792,0.4090176
2022/2/3,2022,2,3,0.3888,0.9072,0.445824,0.114912,0.165888,0.4074624
2022/2/4,2022,2,4,0.391392,0.9072,0.442368,0.104544,0.1644192,0.4054752
2022/2/5,2022,2,5,0.390528,0.89856,0.439776,0.094176,0.1621728,0.4040064
2022/2/6,2022,2,6,0.3888,0.89856,0.437184,0.0834624,0.1605312,0.4035744
2022/2/7,2022,2,7,0.39312,0.89856,0.433728,0.073008,0.1597536,0.4028832
2022/2/8,2022,2,8,0.394848,0.89856,0.431136,0.0625536,0.1592352,0.402192
2022/2/9,2022,2,9,0.39744,0.88992,0.428544,0.0520992,0.1575936,0.40176
2022/2/10,2022,2,10,0.39744,0.88992,0.425952,0.0415584,0.155088,0.4014144
2022/2/11,2022,2,11,0.393984,0.88992,0.425088,0.0418176,0.1538784,0.401328
2022/2/12,2022,2,12,0.3888,0.88992,0.425088,0.0419904,0.152928,0.400464
2022/2/13,2022,2,13,0.3888,0.88128,0.425088,0.0421632,0.1524096,0.4005504
2022/2/14,2022,2,14,0.386208,0.88128,0.425088,0.042336,0.1514592,0.4001184
2022/2/15,2022,2,15,0.38016,0.88128,0.424224,0.0425088,0.1506816,0.3997728
2022/2/16,2022,2,16,0.38448,0.88128,0.42768,0.0426816,0.149472,0.3989088
2022/2/17,2022,2,17,0.385344,0.88128,0.430272,0.0429408,0.1487808,0.3969216
2022/2/18,2022,2,18,0.3888,0.87264,0.433728,0.0431136,0.147312,0.3958848
2022/2/19,2022,2,19,0.386208,0.87264,0.43632,0.0432864,0.1467936,0.395712
2022/2/20,2022,2,20,0.387072,0.87264,0.438912,0.0434592,0.145584,0.3945024
2022/2/21,2022,2,21,0.3888,0.88128,0.430272,0.043632,0.1446336,0.3932928
2022/2/22,2022,2,22,0.3888,0.88128,0.420768,0.0438048,0.1446336,0.3916512
2022/2/23,2022,2,23,0.389664,0.88992,0.411264,0.044064,0.1443744,0.3902688
2022/2/24,2022,2,24,0.3888,0.88992,0.402624,0.0442368,0.143856,0.3901824
2022/2/25,2022,2,25,0.392256,0.89856,0.39312,0.0444096,0.1431648,0.3894912
2022/2/26,2022,2,26,0.390528,0.89856,0.390528,0.0445824,0.142128,0.388368
2022/2/27,2022,2,27,0.3888,0.9072,0.3888,0.0447552,0.1414368,0.3871584
2022/2/28,2022,2,28,0.387936,0.91584,0.386208,0.044928,0.1404,0.3864672
2022/3/1,2022,3,1,0.3888,0.9072,0.379296,0.043632,0.1387584,0.3859488
2022/3/2,2022,3,2,0.3888,0.9072,0.373248,0.0422496,0.13824,0.3854304
2022/3/3,2022,3,3,0.391392,0.9072,0.3672,0.0408672,0.1372896,0.3845664
2022/3/4,2022,3,4,0.392256,0.9072,0.361152,0.0395712,0.1362528,0.3830976
2022/3/5,2022,3,5,0.3888,0.9072,0.355104,0.0381888,0.1353024,0.381456
2022/3/6,2022,3,6,0.392256,0.9072,0.352512,0.0368064,0.1345248,0.3815424
2022/3/7,2022,3,7,0.391392,0.89856,0.350784,0.035424,0.1338336,0.3807648
2022/3/8,2022,3,8,0.3888,0.89856,0.349056,0.034128,0.133056,0.3807648
2022/3/9,2022,3,9,0.389664,0.89856,0.347328,0.0327456,0.1323648,0.3818016
2022/3/10,2022,3,10,0.3888,0.89856,0.3456,0.0313632,0.1314144,0.3816288
2022/3/11,2022,3,11,0.3888,0.89856,0.340416,0.0314496,0.1306368,0.381024
2022/3/12,2022,3,12,0.387072,0.89856,0.335232,0.0314496,0.1301184,0.3812832
2022/3/13,2022,3,13,0.386208,0.89856,0.330048,0.0314496,0.1296864,0.3806784
2022/3/14,2022,3,14,0.3888,0.89856,0.324864,0.031536,0.1294272,0.3807648
2022/3/15,2022,3,15,0.38448,0.89856,0.320544,0.031536,0.129168,0.3811968
2022/3/16,2022,3,16,0.382752,0.89856,0.317088,0.0316224,0.1286496,0.3817152
2022/3/17,2022,3,17,0.38016,0.89856,0.314496,0.0316224,0.1282176,0.3821472
2022/3/18,2022,3,18,0.379296,0.89856,0.311904,0.0316224,0.1276992,0.3833568
2022/3/19,2022,3,19,0.377568,0.89856,0.308448,0.0317088,0.12744,0.3837024
2022/3/20,2022,3,20,0.38016,0.89856,0.305856,0.0317088,0.127008,0.384048
2022/3/21,2022,3,21,0.374976,0.89856,0.30672,0.0317088,0.1267488,0.3837024
2022/3/22,2022,3,22,0.374112,0.89856,0.308448,0.0317952,0.1264896,0.3835296
2022/3/23,2022,3,23,0.37152,0.89856,0.310176,0.0317952,0.1259712,0.3832704
2022/3/24,2022,3,24,0.37152,0.89856,0.31104,0.0318816,0.1255392,0.3817152
2022/3/25,2022,3,25,0.370656,0.89856,0.312768,0.0318816,0.1250208,0.3800736
2022/3/26,2022,3,26,0.37152,0.89856,0.309312,0.0318816,0.1245024,0.3794688
2022/3/27,2022,3,27,0.369792,0.89856,0.305856,0.031968,0.1243296,0.3794688
2022/3/28,2022,3,28,0.368928,0.89856,0.3024,0.031968,0.1238112,0.3811104
2022/3/29,2022,3,29,0.37152,0.89856,0.29808,0.031968,0.123552,0.3837888
2022/3/30,2022,3,30,0.368064,0.89856,0.294624,0.0320544,0.1230336,0.3862944
2022/3/31,2022,3,31,0.3672,0.89856,0.291168,0.0320544,0.1226016,0.388368
2022/4/1,2022,4,1,0.36288,0.89856,0.287712,0.0320544,0.121824,0.390528
2022/4/2,2022,4,2,0.36288,0.89856,0.283392,0.031968,0.1215648,0.3919968
2022/4/3,2022,4,3,0.363744,0.89856,0.279936,0.031968,0.1211328,0.3929472
2022/4/4,2022,4,4,0.362016,0.89856,0.27648,0.0318816,0.1211328,0.3926016
2022/4/5,2022,4,5,0.36288,0.9072,0.273024,0.0318816,0.1208736,0.3914784
2022/4/6,2022,4,6,0.36288,0.9072,0.273024,0.0318816,0.1208736,0.3900096
2022/4/7,2022,4,7,0.359424,0.9072,0.273024,0.0317952,0.1208736,0.3889728
2022/4/8,2022,4,8,0.359424,0.9072,0.27216,0.0317952,0.1208736,0.387072
2022/4/9,2022,4,9,0.36288,0.9072,0.27216,0.0317088,0.1208736,0.3920832
2022/4/10,2022,4,10,0.36288,0.91584,0.27216,0.0317088,0.1208736,0.389664
2022/4/11,2022,4,11,0.359424,0.91584,0.278208,0.0317088,0.1208736,0.3886272
2022/4/12,2022,4,12,0.359424,0.91584,0.284256,0.0316224,0.1208736,0.388368
2022/4/13,2022,4,13,0.36288,0.91584,0.290304,0.0316224,0.1208736,0.3893184
2022/4/14,2022,4,14,0.36288,0.91584,0.296352,0.031536,0.1211328,0.3897504
2022/4/15,2022,4,15,0.360288,0.92448,0.3024,0.031536,0.1211328,0.3898368
2022/4/16,2022,4,16,0.360288,0.92448,0.303264,0.031536,0.1211328,0.390528
2022/4/17,2022,4,17,0.35424,0.92448,0.304992,0.0314496,0.1211328,0.3902688
2022/4/18,2022,4,18,0.35424,0.94176,0.305856,0.0314496,0.1211328,0.3916512
2022/4/19,2022,4,19,0.356832,0.9504,0.307584,0.0313632,0.1211328,0.3926016
2022/4/20,2022,4,20,0.35856,0.9504,0.308448,0.0313632,0.121392,0.393984
2022/4/21,2022,4,21,0.36288,0.9504,0.310176,0.0312768,0.121392,0.3947616
2022/4/22,2022,4,22,0.36288,0.95904,0.311904,0.0312768,0.1215648,0.3964032
2022/4/23,2022,4,23,0.362016,0.96768,0.313632,0.0311904,0.121824,0.3963168
2022/4/24,2022,4,24,0.368928,0.97632,0.314496,0.0311904,0.121824,0.3958848
2022/4/25,2022,4,25,0.38016,0.98496,0.316224,0.031104,0.1220832,0.3960576
2022/4/26,2022,4,26,0.3888,0.9936,0.313632,0.0310176,0.1230336,0.3966624
2022/4/27,2022,4,27,0.394848,0.9936,0.31104,0.0310176,0.1245024,0.3976992
2022/4/28,2022,4,28,0.403488,1.00224,0.308448,0.0309312,0.1259712,0.3989088
2022/4/29,2022,4,29,0.41472,1.01088,0.305856,0.0309312,0.1279584,0.4003776
2022/4/30,2022,4,30,0.42336,1.01952,0.303264,0.0308448,0.1299456,0.40176
2022/5/1,2022,5,1,0.428544,1.0368,0.3024,0.0330912,0.1321056,0.4035744
2022/5/2,2022,5,2,0.44064,1.04544,0.301536,0.0322272,0.1353024,0.405648
2022/5/3,2022,5,3,0.45792,1.06272,0.298944,0.0314496,0.1389312,0.4103136
2022/5/4,2022,5,4,0.4752,1.07136,0.299808,0.0305856,0.1429056,0.4209408
2022/5/5,2022,5,5,0.506304,1.09728,0.300672,0.0324864,0.147744,0.4347648
2022/5/6,2022,5,6,0.530496,1.11456,0.307584,0.0305856,0.1592352,0.455328
2022/5/7,2022,5,7,0.5616,1.1232,0.310176,0.033696,0.1803168,0.4879872
2022/5/8,2022,5,8,0.61344,1.14048,0.316224,0.0324864,0.2165184,0.5372352
2022/5/9,2022,5,9,0.675648,1.15776,0.318816,0.0339552,0.2568672,0.6094656
2022/5/10,2022,5,10,0.75168,1.19232,0.321408,0.0324864,0.3033504,0.7066656
2022/5/11,2022,5,11,0.84672,1.21824,0.325728,0.0342144,0.3547584,0.8258976
2022/5/12,2022,5,12,0.9504,1.27008,0.31968,0.0324864,0.3988224,0.9574848
2022/5/13,2022,5,13,1.06272,1.31328,0.321408,0.0348192,0.435456,1.0952928
2022/5/14,2022,5,14,1.19232,1.48608,0.323136,0.033264,0.4819392,1.2242016
2022/5/15,2022,5,15,1.35648,1.58976,0.324864,0.0356832,0.5357664,1.3402368
2022/5/16,2022,5,16,1.56384,1.80576,0.334368,0.041472,0.5969376,1.4498784
2022/5/17,2022,5,17,1.80576,1.944,0.343008,0.0551232,0.6581088,1.6184448
2022/5/18,2022,5,18,2.05632,2.91168,0.330048,0.0578016,0.7070976,2.3488704
2022/5/19,2022,5,19,2.44512,2.97216,0.33264,0.06264,0.756,2.7942624
2022/5/20,2022,5,20,2.43648,5.38272,0.338688,0.09072,0.800064,2.6942112
2022/5/21,2022,5,21,2.53152,6.02208,0.334368,0.14256,0.8538912,2.5327296
2022/5/22,2022,5,22,2.6784,6.5232,0.349056,0.188352,1.0006848,2.4655968
2022/5/23,2022,5,23,2.84256,6.4368,0.369792,0.238464,1.3554432,2.454624
2022/5/24,2022,5,24,3.12768,6.47136,0.372384,0.316224,1.5364512,2.3961312
2022/5/25,2022,5,25,3.12768,7.35264,0.437184,0.378432,1.5658272,2.3288256
2022/5/26,2022,5,26,3.12768,7.00704,0.57888,0.514944,1.570752,2.3065344
2022/5/27,2022,5,27,3.13632,7.65504,0.679968,1.6416,1.5682464,2.3391072
2022/5/28,2022,5,28,3.14496,7.80192,0.9936,1.61568,1.563408,2.356128
2022/5/29,2022,5,29,3.17088,7.93152,1.82304,1.5984,1.5658272,2.3402304
2022/5/30,2022,5,30,3.1536,7.75872,2.802816,1.55952,1.570752,2.266272
2022/5/31,2022,5,31,3.14496,7.57728,3.783456,1.52064,1.5755904,2.202768
2022/6/1,2022,6,1,3.12768,7.40448,4.76064,1.48608,1.5853536,2.1558528
2022/6/2,2022,6,2,3.1104,7.22304,5.7456,1.45152,1.6000416,2.1231936
2022/6/3,2022,6,3,3.09312,7.05024,6.724512,1.41696,1.6123104,2.1108384
2022/6/4,2022,6,4,3.08448,6.8688,7.705152,1.3824,1.6244928,2.1096288
2022/6/5,2022,6,5,3.0672,6.696,8.6832,1.34784,1.6318368,2.1084192
2022/6/6,2022,6,6,3.08448,6.51456,10.2816,1.31328,1.6367616,2.107296
2022/6/7,2022,6,7,3.09312,6.0912,8.042976,1.289952,1.6416864,2.1114432
2022/6/8,2022,6,8,3.07584,5.49504,7.146144,1.27872,1.6441056,2.1436704
2022/6/9,2022,6,9,3.05856,5.04576,6.89472,1.27008,1.6514496,2.199312
2022/6/10,2022,6,10,3.05856,4.74336,6.07392,1.21824,1.6563744,2.2737024
2022/6/11,2022,6,11,3.04128,4.2336,6.696,1.185408,1.6587936,2.337552
2022/6/12,2022,6,12,3.024,4.0176,6.3072,1.1664,1.6637184,2.4361344
2022/6/13,2022,6,13,3.01536,3.888,6.20352,1.11456,1.6587936,2.552256
2022/6/14,2022,6,14,2.9808,3.86208,5.66784,1.08,1.6587936,2.7029376
2022/6/15,2022,6,15,2.97216,3.68928,5.30496,0.979776,1.6637184,2.8461888
2022/6/16,2022,6,16,2.95488,3.53376,5.43456,0.94176,1.6685568,2.8982016
2022/6/17,2022,6,17,2.95488,3.25728,5.184,0.92448,1.6685568,2.8806624
2022/6/18,2022,6,18,2.94624,3.04992,5.184,0.88128,1.6661376,2.865024
2022/6/19,2022,6,19,2.9376,3.00672,5.0544,0.828576,1.6612128,2.8318464
2022/6/20,2022,6,20,2.92896,2.99808,4.93344,0.797472,1.6538688,2.7724032
2022/6/21,2022,6,21,2.91168,2.84256,4.63104,0.7776,1.6416864,2.7088992
2022/6/22,2022,6,22,2.88576,2.62656,4.32864,0.74736,1.6318368,2.6480736
2022/6/23,2022,6,23,2.88576,2.64384,4.25088,0.732672,1.6220736,2.5917408
2022/6/24,2022,6,24,2.88576,2.55744,4.25088,0.688608,1.6147296,2.5392096
2022/6/25,2022,6,25,2.87712,2.49696,4.19904,0.649728,1.6049664,2.48184
2022/6/26,2022,6,26,2.8512,2.40192,4.3632,0.629856,1.5902784,2.4407136
2022/6/27,2022,6,27,2.92032,2.44512,4.52736,0.627264,1.5805152,2.4198912
2022/6/28,2022,6,28,2.85984,2.44512,4.52736,0.590112,1.570752,2.4074496
2022/6/29,2022,6,29,2.92032,2.48832,4.48416,0.57888,1.563408,2.4007968
2022/6/30,2022,6,30,2.92896,2.48832,4.30272,0.622944,1.556064,2.3960448
2022/7/1,2022,7,1,2.95488,2.43648,4.06944,0.663552,1.5462144,2.3956128
2022/7/2,2022,7,2,2.94624,2.41056,3.81024,0.674784,1.5388704,2.3864544
2022/7/3,2022,7,3,2.92032,2.40192,3.672,0.673056,1.5315264,2.368656
2022/7/4,2022,7,4,2.90304,2.31552,3.77568,0.68688,1.519344,2.3347872
2022/7/5,2022,7,5,2.90304,2.29824,3.64608,0.698112,1.5070752,2.2910688
2022/7/6,2022,7,6,2.86848,2.27232,3.51648,0.732672,1.4923872,2.238624
2022/7/7,2022,7,7,2.8512,2.22048,3.4128,0.7344,1.4776992,2.1822048
2022/7/8,2022,7,8,2.81664,2.14272,3.24864,0.72576,1.4581728,2.1296736
2022/7/9,2022,7,9,2.7648,2.10816,3.09312,0.754272,1.43856,2.08656
2022/7/10,2022,7,10,2.7216,2.06496,3.0672,0.7776,1.4166144,2.0438784
2022/7/11,2022,7,11,2.69568,2.28096,3.20544,0.79056,1.3920768,2.007072
2022/7/12,2022,7,12,2.65248,2.27232,3.20544,0.813888,1.3701312,1.971216
2022/7/13,2022,7,13,2.61792,2.21184,3.4128,0.741312,1.3455936,1.9231776
2022/7/14,2022,7,14,2.58336,2.19456,3.49056,0.707616,1.3211424,1.9043424
2022/7/15,2022,7,15,2.5488,2.16864,3.53376,0.679968,1.2991104,1.9096992
2022/7/16,2022,7,16,2.5056,2.10816,3.53376,0.65664,1.279584,1.9130688
2022/7/17,2022,7,17,2.47104,2.09952,3.43008,0.670464,1.2599712,1.9109088
2022/7/18,2022,7,18,2.4192,2.00448,3.33504,0.6912,1.2404448,1.9113408
2022/7/19,2022,7,19,2.38464,2.00448,3.21408,0.698112,1.2233376,1.9008
2022/7/20,2022,7,20,2.31552,1.99584,3.20544,0.677376,1.2086496,1.8802368
2022/7/21,2022,7,21,2.28096,1.96992,3.17952,0.673056,1.1988,1.85544
2022/7/22,2022,7,22,2.21184,1.944,3.16224,0.584928,1.1866176,1.8177696
2022/7/23,2022,7,23,2.14272,1.9008,3.12768,0.559008,1.1792736,1.7676576
2022/7/24,2022,7,24,2.0736,1.89216,3.53376,0.546048,1.1743488,1.714608
2022/7/25,2022,7,25,1.99584,1.86624,3.6288,0.532224,1.176768,1.651536
2022/7/26,2022,7,26,1.92672,1.71936,3.74976,0.524448,1.176768,1.588896
2022/7/27,2022,7,27,1.84896,1.71072,3.7584,0.5184,1.1792736,1.5381792
2022/7/28,2022,7,28,1.78848,1.70208,3.83616,0.506304,1.184112,1.4884128
2022/7/29,2022,7,29,1.71936,1.70208,3.87936,0.512352,1.1890368,1.438992
2022/7/30,2022,7,30,1.65888,1.95264,3.79296,0.495072,1.191456,1.3905216
2022/7/31,2022,7,31,1.5984,2.10816,3.68064,0.486432,1.1890368,1.344384
2022/8/1,2022,8,1,1.57248,2.34144,3.62016,0.484704,1.1890368,1.3054176
2022/8/2,2022,8,2,1.53792,2.35008,3.55104,0.463104,1.1866176,1.27656
2022/8/3,2022,8,3,1.50336,2.21184,3.47328,0.4536,1.176768,1.2550464
2022/8/4,2022,8,4,1.45152,2.0304,3.3264,0.44064,1.1645856,1.2383712
2022/8/5,2022,8,5,1.41696,1.9008,3.25728,0.391392,1.1548224,1.2253248
2022/8/6,2022,8,6,1.3824,1.84896,3.17088,0.355968,1.1474784,1.2158208
2022/8/7,2022,8,7,1.3392,1.82304,3.17088,0.331776,1.1352096,1.2127104
2022/8/8,2022,8,8,1.30464,1.79712,3.1536,0.31104,1.1254464,1.2157344
2022/8/9,2022,8,9,1.26144,1.96128,3.07584,0.286848,1.1181024,1.228176
2022/8/10,2022,8,10,1.20096,2.09952,3.04128,0.273024,1.1034144,1.247616
2022/8/11,2022,8,11,1.17504,2.10816,3.00672,0.245376,1.0887264,1.2712896
2022/8/12,2022,8,12,1.14048,2.21184,2.95488,0.240192,1.0764576,1.2983328
2022/8/13,2022,8,13,1.14048,2.16864,2.83392,0.226368,1.061856,1.3264128
2022/8/14,2022,8,14,1.08864,2.09952,2.73024,0.252288,1.054512,1.3450752
2022/8/15,2022,8,15,1.04544,1.96992,2.60064,0.269568,1.0446624,1.3269312
2022/8/16,2022,8,16,1.01088,2.0736,2.48832,0.286848,1.0422432,1.3071456
2022/8/17,2022,8,17,1.01088,2.13408,2.42784,0.300672,1.0446624,1.2825216
2022/8/18,2022,8,18,1.09728,2.16864,2.2032,0.305856,1.039824,1.2472704
2022/8/19,2022,8,19,1.17504,2.18592,2.35008,0.314496,1.0422432,1.2318048
2022/8/20,2022,8,20,1.10592,2.2032,2.34144,0.269568,1.047168,1.2013056
2022/8/21,2022,8,21,1.1232,2.2464,2.52288,0.256608,1.0495872,1.1723616
2022/8/22,2022,8,22,1.1232,2.34144,2.91168,0.256608,1.054512,1.1422944
2022/8/23,2022,8,23,1.06272,2.29824,3.33504,0.269568,1.0569312,1.1108448
2022/8/24,2022,8,24,0.98496,2.25504,3.55104,0.295488,1.0593504,1.0844064
2022/8/25,2022,8,25,0.95904,2.2032,3.888,0.297216,1.061856,1.0652256
2022/8/26,2022,8,26,0.93312,2.27232,4.29408,0.300672,1.0740384,1.0452672
2022/8/27,2022,8,27,0.93312,2.29824,4.48416,0.323136,1.0863072,1.0315296
2022/8/28,2022,8,28,0.93312,2.22048,4.54464,0.331776,1.0960704,1.0222848
2022/8/29,2022,8,29,0.94176,2.13408,4.56192,0.343872,1.1083392,1.0072512
2022/8/30,2022,8,30,0.94176,2.16,4.42368,0.35424,1.1131776,0.9928224
2022/8/31,2022,8,31,0.89856,2.12544,4.32,0.360288,1.1181024,0.9817632
2022/9/1,2022,9,1,0.9072,2.16864,4.19904,0.370656,1.1254464,0.9760608
2022/9/2,2022,9,2,0.9072,2.0736,4.04352,0.378432,1.1302848,0.968544
2022/9/3,2022,9,3,0.9504,2.05632,4.0176,0.395712,1.1327904,0.9671616
2022/9/4,2022,9,4,0.96768,2.04768,3.96576,0.407808,1.1327904,0.960768
2022/9/5,2022,9,5,0.95904,1.9872,3.89664,0.437184,1.1278656,0.9818496
2022/9/6,2022,9,6,0.93312,1.9872,3.8016,0.527904,1.1254464,0.958608
2022/9/7,2022,9,7,0.91584,2.08224,3.69792,0.57888,1.1230272,0.9332928
2022/9/8,2022,9,8,0.92448,2.12544,3.66336,0.637632,1.1254464,0.9129888
2022/9/9,2022,9,9,0.93312,2.16,3.65472,0.674784,1.1254464,0.908064
2022/9/10,2022,9,10,0.9072,2.22912,3.63744,0.654048,1.1205216,0.9045216
2022/9/11,2022,9,11,0.88128,2.19456,3.61152,0.647136,1.1131776,0.897696
2022/9/12,2022,9,12,0.864,2.16864,3.59424,0.637632,1.1107584,0.8885376
2022/9/13,2022,9,13,0.850176,2.19456,3.59424,0.627264,1.1131776,0.8826624
2022/9/14,2022,9,14,0.836352,2.12544,3.55104,0.590112,1.1083392,0.8759232
2022/9/15,2022,9,15,0.82944,2.09088,3.59424,0.55728,1.1058336,0.8613216
2022/9/16,2022,9,16,0.825984,2.03904,3.63744,0.543456,1.1083392,0.8500896
2022/9/17,2022,9,17,0.825984,2.05632,3.672,0.527904,1.1107584,0.8343648
2022/9/18,2022,9,18,0.825984,1.99584,3.69792,0.498528,1.1156832,0.8198496
2022/9/19,2022,9,19,0.819072,2.0304,3.7152,0.498528,1.1205216,0.8159616
2022/9/20,2022,9,20,0.81216,2.04768,3.74112,0.49248,1.1278656,0.8080992
2022/9/21,2022,9,21,0.850176,2.12544,3.77568,0.49248,1.1278656,0.8010144
2022/9/22,2022,9,22,0.864,2.16,3.77568,0.486432,1.1376288,0.8081856
2022/9/23,2022,9,23,0.740448,2.18592,3.34368,0.484704,1.1498976,0.8053344
2022/9/24,2022,9,24,0.740448,2.14272,3.65472,0.481248,1.1596608,0.7985088
2022/9/25,2022,9,25,0.749088,2.15136,3.62016,0.472608,1.1670048,0.7986816
2022/9/26,2022,9,26,0.792288,2.19456,3.59424,0.464832,1.1719296,0.806976
2022/9/27,2022,9,27,0.88128,2.12544,3.52512,0.443232,1.1719296,0.8168256
2022/9/28,2022,9,28,0.91584,2.1168,3.52512,0.443232,1.1743488,0.8081856
2022/9/29,2022,9,29,0.91584,2.10816,3.49056,0.443232,1.1719296,0.7933248
2022/9/30,2022,9,30,0.89856,2.23776,3.4128,0.428544,1.1645856,0.776736
2022/10/1,2022,10,1,0.864,2.29824,3.3696,0.418176,1.1523168,0.7826976
2022/10/2,2022,10,2,0.822528,2.31552,3.30912,0.416448,1.1449728,0.7774272
2022/10/3,2022,10,3,0.802656,2.27232,3.13632,0.416448,1.1352096,0.7677504
2022/10/4,2022,10,4,0.765504,2.22048,3.07584,0.412128,1.1230272,0.7539264
2022/10/5,2022,10,5,0.749088,2.25504,2.96352,0.409536,1.1058336,0.7534944
2022/10/6,2022,10,6,0.7776,2.23776,2.9376,0.400896,1.0887264,0.7579872
2022/10/7,2022,10,7,0.805248,2.21184,2.91168,0.391392,1.0716192,0.762048
2022/10/8,2022,10,8,0.78624,2.22912,2.88576,0.387072,1.0569312,0.7721568
2022/10/9,2022,10,9,0.76032,2.2032,2.83392,0.378432,1.039824,0.78192
2022/10/10,2022,10,10,0.74304,2.19456,2.45376,0.370656,1.0227168,0.826848
2022/10/11,2022,10,11,0.740448,2.19456,2.52288,0.366336,1.0055232,0.8081856
2022/10/12,2022,10,12,0.735264,2.2032,2.05632,0.362016,0.9908352,0.80136
2022/10/13,2022,10,13,0.735264,2.2464,1.90944,0.362016,0.981072,0.8110368
2022/10/14,2022,10,14,0.774144,2.19456,1.77984,0.360288,0.973728,0.8178624
2022/10/15,2022,10,15,0.770688,2.21184,1.71072,0.355968,0.9713088,0.8178624
2022/10/16,2022,10,16,0.76032,2.2032,1.57248,0.343008,0.966384,0.793584
2022/10/17,2022,10,17,0.756864,2.26368,1.4688,0.32832,0.9639648,0.7673184
2022/10/18,2022,10,18,0.756864,2.27232,1.37376,0.331776,0.9615456,0.7547904
2022/10/19,2022,10,19,0.762912,2.2896,1.26144,0.321408,0.9566208,0.7454592
2022/10/20,2022,10,20,0.746496,2.2464,1.09728,0.30672,0.951696,0.7355232
2022/10/21,2022,10,21,0.735264,2.18592,1.02816,0.300672,0.944352,0.7286976
2022/10/22,2022,10,22,0.724032,2.2032,0.9504,0.324864,0.9321696,0.7267968
2022/10/23,2022,10,23,0.705024,2.19456,0.864,0.321408,0.9125568,0.724896
2022/10/24,2022,10,24,0.715392,2.17728,0.801792,0.284256,0.8954496,0.7216992
2022/10/25,2022,10,25,0.724032,2.16,0.789696,0.243648,0.8685792,0.7170336
2022/10/26,2022,10,26,0.735264,2.16,0.765504,0.225504,0.8513856,0.7117632
2022/10/27,2022,10,27,0.647136,2.16,0.740448,0.20304,0.8366976,0.7099488
2022/10/28,2022,10,28,0.622944,2.17728,0.7344,0.200448,0.8195904,0.7051968
2022/10/29,2022,10,29,0.552096,2.2032,0.7128,0.191808,0.8098272,0.7038144
2022/10/30,2022,10,30,0.516672,2.00448,0.717984,0.196128,0.8024832,0.695088
2022/10/31,2022,10,31,0.499392,1.49472,0.71712,0.183168,0.7975584,0.6837696
2022/11/1,2022,11,1,0.498528,1.47744,0.716256,0.179712,0.7877952,0.6725376
2022/11/2,2022,11,2,0.455328,1.4688,0.71712,0.177984,0.7755264,0.6607872
2022/11/3,2022,11,3,0.454464,1.46016,0.680832,0.179712,0.7657632,0.646704
2022/11/4,2022,11,4,0.470016,1.4256,0.631584,0.175392,0.7462368,0.631584
2022/11/5,2022,11,5,0.463104,1.40832,0.597024,0.170208,0.7168608,0.6103296
2022/11/6,2022,11,6,0.454464,1.3824,0.497664,0.165888,0.6727968,0.5876064
2022/11/7,2022,11,7,0.454464,1.35648,0.485568,0.161568,0.6385824,0.5622912
2022/11/8,2022,11,8,0.456192,1.3392,0.472608,0.157248,0.6165504,0.536544
2022/11/9,2022,11,9,0.456192,1.33056,0.459648,0.148608,0.6018624,0.5102784
2022/11/10,2022,11,10,0.489024,1.296,0.447552,0.139968,0.5871744,0.4869504
2022/11/11,2022,11,11,0.503712,1.28736,0.438048,0.137376,0.5724864,0.4694976
2022/11/12,2022,11,12,0.487296,1.27008,0.429408,0.134784,0.5577984,0.4536
2022/11/13,2022,11,13,0.482976,1.26144,0.419904,0.132192,0.5480352,0.4383936
2022/11/14,2022,11,14,0.482976,1.24416,0.411264,0.1296,0.5333472,0.4232736
2022/11/15,2022,11,15,0.472608,1.23552,0.402624,0.127872,0.5186592,0.4083264
2022/11/16,2022,11,16,0.468288,1.21824,0.381888,0.126144,0.5039712,0.3934656
2022/11/17,2022,11,17,0.468288,1.2096,0.37584,0.123552,0.4892832,0.3787776
2022/11/18,2022,11,18,0.464832,1.20096,0.363744,0.121824,0.4745952,0.3640896
2022/11/19,2022,11,19,0.470016,1.18368,0.361152,0.120096,0.457488,0.3496608
2022/11/20,2022,11,20,0.471744,1.17504,0.348192,0.118368,0.4403808,0.3354912
2022/11/21,2022,11,21,0.471744,1.15776,0.336096,0.11664,0.428112,0.3226176
2022/11/22,2022,11,22,0.472608,1.14912,0.326592,0.114048,0.4183488,0.3099168
2022/11/23,2022,11,23,0.472608,1.14048,0.326592,0.11232,0.4135104,0.2973888
2022/11/24,2022,11,24,0.473472,1.13184,0.314496,0.110592,0.4085856,0.2849472
2022/11/25,2022,11,25,0.473472,1.1232,0.299808,0.108864,0.4061664,0.272592
2022/11/26,2022,11,26,0.46224,1.11456,0.29376,0.107136,0.4012416,0.2603232
2022/11/27,2022,11,27,0.450144,1.10592,0.285984,0.104544,0.3963168,0.2483136
2022/11/28,2022,11,28,0.438912,1.08864,0.278208,0.102816,0.3938976,0.2375136
2022/11/29,2022,11,29,0.426816,1.08,0.27216,0.101088,0.3889728,0.2275776
2022/11/30,2022,11,30,0.41472,1.07136,0.26784,0.09936,0.3841344,0.2231712
2022/12/1,2022,12,1,0.413856,1.07136,0.268704,0.098496,0.3792096,0.22032
2022/12/2,2022,12,2,0.412992,1.06272,0.269568,0.096768,0.3743712,0.2179008
2022/12/3,2022,12,3,0.412128,1.06272,0.270432,0.095904,0.3694464,0.2162592
2022/12/4,2022,12,4,0.411264,1.05408,0.270432,0.09504,0.3645216,0.214704
2022/12/5,2022,12,5,0.4104,1.05408,0.271296,0.093312,0.3596832,0.2134944
2022/12/6,2022,12,6,0.408672,1.04544,0.27216,0.092448,0.3547584,0.214704
2022/12/7,2022,12,7,0.40608,1.04544,0.273024,0.091584,0.3523392,0.2179008
2022/12/8,2022,12,8,0.404352,1.0368,0.273888,0.089856,0.3474144,0.2229984
2022/12/9,2022,12,9,0.40176,1.0368,0.274752,0.088992,0.3424896,0.2336256
2022/12/10,2022,12,10,0.400032,1.02816,0.275616,0.088128,0.3376512,0.2448576
2022/12/11,2022,12,11,0.398304,1.01952,0.273888,0.087264,0.3327264,0.2572128
2022/12/12,2022,12,12,0.396576,1.01952,0.27216,0.0857952,0.3303072,0.2724192
2022/12/13,2022,12,13,0.394848,1.01088,0.271296,0.084672,0.3278016,0.2879712
2022/12/14,2022,12,14,0.39312,1.00224,0.269568,0.0835488,0.3253824,0.3035232
2022/12/15,2022,12,15,0.391392,1.00224,0.26784,0.0824256,0.3229632,0.3163104
2022/12/16,2022,12,16,0.387936,0.9936,0.266112,0.0813024,0.3229632,0.3269376
2022/12/17,2022,12,17,0.38448,0.98496,0.265248,0.0800928,0.320544,0.3375648
2022/12/18,2022,12,18,0.381024,0.98496,0.26352,0.0789696,0.3180384,0.3474144
2022/12/19,2022,12,19,0.377568,0.97632,0.261792,0.0778464,0.3180384,0.3543264
2022/12/20,2022,12,20,0.374112,0.96768,0.260928,0.0767232,0.3132,0.3583008
2022/12/21,2022,12,21,0.374976,0.97632,0.2592,0.076032,0.3106944,0.3617568
2022/12/22,2022,12,22,0.37584,0.97632,0.257472,0.0753408,0.3082752,0.3634848
2022/12/23,2022,12,23,0.376704,0.97632,0.265248,0.0746496,0.305856,0.364608
2022/12/24,2022,12,24,0.377568,0.98496,0.27216,0.0739584,0.3033504,0.3632256
2022/12/25,2022,12,25,0.378432,0.98496,0.279936,0.0731808,0.3009312,0.3614112
2022/12/26,2022,12,26,0.376704,0.9936,0.279936,0.0724896,0.298512,0.35856
2022/12/27,2022,12,27,0.374976,0.9936,0.2808,0.0717984,0.2960064,0.3554496
2022/12/28,2022,12,28,0.373248,0.9936,0.2808,0.0711072,0.2935872,0.352512
2022/12/29,2022,12,29,0.37152,1.00224,0.281664,0.070416,0.291168,0.3495744
2022/12/30,2022,12,30,0.369792,1.00224,0.292032,0.0697248,0.2886624,0.3467232
2022/12/31,2022,12,31,0.368064,1.01088,0.3024,0.0689472,0.2862432,0.343872
2023/1/1,2023,1,1,0.441504,1.00224,0.305856,0.068256,0.283824,0.339552
2023/1/2,2023,1,2,0.514944,1.00224,0.309312,0.0675648,0.2813184,0.33696
2023/1/3,2023,1,3,0.588384,1.00224,0.312768,0.0668736,0.27648,0.335232
2023/1/4,2023,1,4,0.661824,1.00224,0.316224,0.0661824,0.2739744,0.33264
2023/1/5,2023,1,5,0.735264,1.00224,0.31968,0.0654912,0.2715552,0.330048
2023/1/6,2023,1,6,0.659232,1.00224,0.313632,0.0647136,0.269136,0.327456
2023/1/7,2023,1,7,0.5832,1.00224,0.307584,0.0640224,0.269136,0.325728
2023/1/8,2023,1,8,0.507168,1.00224,0.301536,0.0633312,0.2667168,0.323136
2023/1/9,2023,1,9,0.431136,1.00224,0.295488,0.06264,0.2667168,0.321408
2023/1/10,2023,1,10,0.355104,1.00224,0.28944,0.0619488,0.2642112,0.31968
2023/1/11,2023,1,11,0.355968,0.9936,0.29808,0.0622944,0.2642112,0.317088
2023/1/12,2023,1,12,0.356832,0.9936,0.307584,0.0627264,0.261792,0.316224
2023/1/13,2023,1,13,0.357696,0.98496,0.316224,0.063072,0.2593728,0.311904
2023/1/14,2023,1,14,0.35856,0.98496,0.325728,0.0634176,0.2568672,0.311904
2023/1/15,2023,1,15,0.359424,0.97632,0.334368,0.0638496,0.254448,0.31104
2023/1/16,2023,1,16,0.361152,0.96768,0.331776,0.0641952,0.2520288,0.31104
2023/1/17,2023,1,17,0.362016,0.96768,0.329184,0.0646272,0.247104,0.31104
2023/1/18,2023,1,18,0.363744,0.95904,0.326592,0.0649728,0.247104,0.31104
2023/1/19,2023,1,19,0.364608,0.95904,0.324864,0.0653184,0.2441664,0.31104
2023/1/20,2023,1,20,0.365472,0.9504,0.322272,0.0657504,0.2421792,0.31104
2023/1/21,2023,1,21,0.365472,0.9504,0.325728,0.0653184,0.2402784,0.31104
2023/1/22,2023,1,22,0.364608,0.9504,0.329184,0.0649728,0.238032,0.31104
2023/1/23,2023,1,23,0.364608,0.9504,0.33264,0.0645408,0.235872,0.310176
2023/1/24,2023,1,24,0.363744,0.9504,0.33696,0.0641088,0.2338848,0.310176
2023/1/25,2023,1,25,0.36288,0.9504,0.340416,0.0637632,0.2333664,0.309312
2023/1/26,2023,1,26,0.363744,0.95904,0.33696,0.0633312,0.232416,0.308448
2023/1/27,2023,1,27,0.364608,0.95904,0.333504,0.0629856,0.2314656,0.307584
2023/1/28,2023,1,28,0.365472,0.95904,0.330048,0.0625536,0.230688,0.30672
2023/1/29,2023,1,29,0.366336,0.95904,0.327456,0.062208,0.2299968,0.304992
2023/1/30,2023,1,30,0.3672,0.95904,0.324,0.061776,0.2282688,0.305856
2023/1/31,2023,1,31,0.368064,0.95904,0.320544,0.061344,0.2270592,0.304992
2023/2/1,2023,2,1,0.368928,0.95904,0.31968,0.0601344,0.2260224,0.304992
2023/2/2,2023,2,2,0.368928,0.9504,0.317952,0.0588384,0.2248128,0.304128
2023/2/3,2023,2,3,0.369792,0.9504,0.317088,0.0575424,0.2241216,0.304128
2023/2/4,2023,2,4,0.370656,0.94176,0.316224,0.0563328,0.223344,0.303264
2023/2/5,2023,2,5,0.370656,0.94176,0.314496,0.0550368,0.222912,0.303264
2023/2/6,2023,2,6,0.372384,0.94176,0.313632,0.0538272,0.2217024,0.303264
2023/2/7,2023,2,7,0.373248,0.93312,0.311904,0.0525312,0.2209248,0.303264
2023/2/8,2023,2,8,0.374976,0.93312,0.31104,0.0512352,0.219456,0.300672
2023/2/9,2023,2,9,0.37584,0.92448,0.310176,0.0500256,0.2179872,0.29808
2023/2/10,2023,2,10,0.376704,0.92448,0.308448,0.0487296,0.2162592,0.297216
2023/2/11,2023,2,11,0.374976,0.92448,0.308448,0.048384,0.2153088,0.294624
2023/2/12,2023,2,12,0.373248,0.92448,0.307584,0.0481248,0.2140992,0.292896
2023/2/13,2023,2,13,0.370656,0.92448,0.30672,0.0477792,0.2126304,0.291168
2023/2/14,2023,2,14,0.368928,0.92448,0.30672,0.0474336,0.2115936,0.28944
2023/2/15,2023,2,15,0.3672,0.93312,0.305856,0.0471744,0.2106432,0.288576
2023/2/16,2023,2,16,0.368064,0.93312,0.304992,0.0468288,0.209952,0.287712
2023/2/17,2023,2,17,0.368928,0.93312,0.304992,0.0464832,0.208224,0.285984
2023/2/18,2023,2,18,0.369792,0.93312,0.304128,0.046224,0.2067552,0.28512
2023/2/19,2023,2,19,0.370656,0.93312,0.303264,0.0458784,0.2052864,0.284256
2023/2/20,2023,2,20,0.372384,0.93312,0.303264,0.0455328,0.2038176,0.284256
2023/2/21,2023,2,21,0.447552,0.93312,0.29808,0.0465696,0.2023488,0.283392
2023/2/22,2023,2,22,0.52272,0.93312,0.292896,0.04752,0.2011392,0.282528
2023/2/23,2023,2,23,0.597888,0.93312,0.287712,0.0484704,0.1998432,0.279936
2023/2/24,2023,2,24,0.67392,0.93312,0.283392,0.0494208,0.1983744,0.278208
2023/2/25,2023,2,25,0.749088,0.93312,0.278208,0.0503712,0.1976832,0.275616
2023/2/26,2023,2,26,0.622944,0.93312,0.273024,0.0513216,0.1971648,0.2592
2023/2/27,2023,2,27,0.4968,0.93312,0.26784,0.052272,0.1967328,0.2592
2023/2/28,2023,2,28,0.369792,0.93312,0.26352,0.0532224,0.1955232,0.266976
2023/3/1,2023,3,1,0.370656,0.93312,0.260064,0.0512352,0.1944864,0.266112
2023/3/2,2023,3,2,0.370656,0.93312,0.257472,0.049248,0.1932768,0.268704
2023/3/3,2023,3,3,0.370656,0.93312,0.254016,0.0472608,0.1925856,0.27648
2023/3/4,2023,3,4,0.370656,0.93312,0.251424,0.0452736,0.1920672,0.2808
2023/3/5,2023,3,5,0.370656,0.93312,0.248832,0.0432864,0.1915488,0.279936
2023/3/6,2023,3,6,0.369792,0.93312,0.245376,0.0412992,0.1908576,0.282528
2023/3/7,2023,3,7,0.368928,0.94176,0.242784,0.039312,0.19008,0.28512
2023/3/8,2023,3,8,0.3672,0.94176,0.240192,0.0373248,0.1888704,0.287712
2023/3/9,2023,3,9,0.366336,0.94176,0.236736,0.0352512,0.1874016,0.282528
2023/3/10,2023,3,10,0.365472,0.94176,0.234144,0.033264,0.186192,0.285984
2023/3/11,2023,3,11,0.363744,0.94176,0.23328,0.033696,0.1852416,0.271296
2023/3/12,2023,3,12,0.36288,0.94176,0.231552,0.0340416,0.1842048,0.270432
2023/3/13,2023,3,13,0.361152,0.94176,0.230688,0.0343872,0.1832544,0.270432
2023/3/14,2023,3,14,0.360288,0.94176,0.229824,0.0347328,0.182304,0.269568
2023/3/15,2023,3,15,0.359424,0.94176,0.228096,0.0350784,0.1815264,0.270432
2023/3/16,2023,3,16,0.356832,0.93312,0.226368,0.035424,0.180576,0.268704
2023/3/17,2023,3,17,0.355104,0.93312,0.22464,0.0357696,0.1795392,0.26784
2023/3/18,2023,3,18,0.353376,0.93312,0.223776,0.0361152,0.1785888,0.266976
2023/3/19,2023,3,19,0.351648,0.93312,0.222048,0.0364608,0.1773792,0.265248
2023/3/20,2023,3,20,0.34992,0.93312,0.22032,0.0368928,0.1761696,0.264384
2023/3/21,2023,3,21,0.347328,0.93312,0.218592,0.0369792,0.17496,0.264384
2023/3/22,2023,3,22,0.3456,0.93312,0.216864,0.0370656,0.173664,0.26352
2023/3/23,2023,3,23,0.343872,0.93312,0.215136,0.037152,0.1724544,0.264384
2023/3/24,2023,3,24,0.34128,0.93312,0.213408,0.0372384,0.171504,0.264384
2023/3/25,2023,3,25,0.339552,0.93312,0.21168,0.0374112,0.1702944,0.265248
2023/3/26,2023,3,26,0.40608,0.92448,0.210816,0.0374976,0.1690848,0.264384
2023/3/27,2023,3,27,0.472608,0.92448,0.209088,0.037584,0.1678752,0.264384
2023/3/28,2023,3,28,0.539136,0.92448,0.20736,0.0376704,0.1665792,0.266112
2023/3/29,2023,3,29,0.6048,0.92448,0.205632,0.0377568,0.1651104,0.266976
2023/3/30,2023,3,30,0.671328,0.92448,0.203904,0.0378432,0.16416,0.269568
2023/3/31,2023,3,31,0.737856,0.92448,0.202176,0.038016,0.1632096,0.273888
2023/4/1,2023,4,1,0.737856,0.92448,0.199584,0.0379296,0.162432,0.273888
2023/4/2,2023,4,2,0.344736,0.92448,0.196128,0.0379296,0.1612224,0.271296
2023/4/3,2023,4,3,0.343872,0.92448,0.193536,0.0379296,0.1600128,0.271296
2023/4/4,2023,4,4,0.342144,0.93312,0.19008,0.0379296,0.1592352,0.271296
2023/4/5,2023,4,5,0.342144,0.93312,0.187488,0.0379296,0.1588032,0.27216
2023/4/6,2023,4,6,0.343008,0.93312,0.186624,0.0379296,0.1588032,0.273024
2023/4/7,2023,4,7,0.342144,0.93312,0.18576,0.0378432,0.1588032,0.273888
2023/4/8,2023,4,8,0.343008,0.93312,0.184896,0.0378432,0.1588032,0.273888
2023/4/9,2023,4,9,0.343872,0.93312,0.184896,0.0378432,0.1588032,0.273888
2023/4/10,2023,4,10,0.343872,0.94176,0.184032,0.0378432,0.1588032,0.273024
2023/4/11,2023,4,11,0.344736,0.94176,0.183168,0.0378432,0.1588032,0.273888
2023/4/12,2023,4,12,0.348192,0.94176,0.182304,0.0377568,0.1590624,0.274752
2023/4/13,2023,4,13,0.349056,0.94176,0.182304,0.0377568,0.1590624,0.275616
2023/4/14,2023,4,14,0.350784,0.94176,0.18144,0.0377568,0.1590624,0.27648
2023/4/15,2023,4,15,0.352512,0.94176,0.180576,0.0377568,0.1590624,0.278208
2023/4/16,2023,4,16,0.35424,0.94176,0.179712,0.0377568,0.1590624,0.279936
2023/4/17,2023,4,17,0.355968,0.94176,0.179712,0.0377568,0.1590624,0.2808
2023/4/18,2023,4,18,0.356832,0.95904,0.178848,0.0376704,0.1590624,0.282528
2023/4/19,2023,4,19,0.359424,0.95904,0.177984,0.0376704,0.1590624,0.283392
2023/4/20,2023,4,20,0.363744,0.95904,0.17712,0.0376704,0.1590624,0.28512
2023/4/21,2023,4,21,0.370656,0.96768,0.17712,0.038016,0.1592352,0.287712
2023/4/22,2023,4,22,0.37584,0.97632,0.176256,0.0383616,0.1592352,0.28944
2023/4/23,2023,4,23,0.378432,0.9936,0.176256,0.0386208,0.1592352,0.301536
2023/4/24,2023,4,24,0.387072,0.9936,0.175392,0.0389664,0.1594944,0.304128
2023/4/25,2023,4,25,0.391392,1.00224,0.175392,0.039312,0.1597536,0.308448
2023/4/26,2023,4,26,0.395712,1.01088,0.1728,0.0395712,0.1600128,0.314496
2023/4/27,2023,4,27,0.402624,1.01088,0.171072,0.0399168,0.160272,0.321408
2023/4/28,2023,4,28,0.412128,1.02816,0.169344,0.0402624,0.1605312,0.330912
2023/4/29,2023,4,29,0.419904,1.02816,0.166752,0.040608,0.160704,0.34128
2023/4/30,2023,4,30,0.428544,1.91808,0.165024,0.0408672,0.1612224,0.351648
2023/5/1,2023,5,1,0.443232,1.04544,0.165024,0.0398304,0.162,0.362016
2023/5/2,2023,5,2,0.46656,1.08,0.163296,0.0387072,0.1644192,0.373248
2023/5/3,2023,5,3,0.481248,1.09728,0.162432,0.0393984,0.1661472,0.386208
2023/5/4,2023,5,4,0.500256,1.10592,0.165024,0.0370656,0.1678752,0.400896
2023/5/5,2023,5,5,0.520128,1.1232,0.165024,0.0391392,0.1705536,0.420768
2023/5/6,2023,5,6,0.545184,1.13184,0.16848,0.0387072,0.1724544,0.451008
2023/5/7,2023,5,7,0.575424,1.14048,0.171072,0.0413856,0.175392,0.497664
2023/5/8,2023,5,8,0.62208,1.14912,0.176256,0.0403488,0.181008,0.581472
2023/5/9,2023,5,9,0.686016,1.1664,0.178848,0.0431136,0.189648,0.724896
2023/5/10,2023,5,10,0.75168,1.17504,0.18144,0.0395712,0.2071872,0.88992
2023/5/11,2023,5,11,0.819072,1.20096,0.177984,0.0425088,0.2248128,1.05408
2023/5/12,2023,5,12,0.883872,1.2096,0.1728,0.039312,0.2441664,1.2528
2023/5/13,2023,5,13,0.945216,1.22688,0.174528,0.0413856,0.2667168,1.46016
2023/5/14,2023,5,14,1.013472,1.2528,0.17712,0.038448,0.2960064,1.61568
2023/5/15,2023,5,15,1.089504,1.27872,0.18144,0.0413856,0.3351456,1.75392
2023/5/16,2023,5,16,1.20096,1.30464,0.192672,0.0403488,0.3742848,1.82304
2023/5/17,2023,5,17,1.323648,1.39968,0.199584,0.0439776,0.4135104,1.83168
2023/5/18,2023,5,18,1.452384,1.67616,0.201312,0.043632,0.464832,1.77984
2023/5/19,2023,5,19,1.600128,1.8144,0.22032,0.0474336,0.51624,1.73664
2023/5/20,2023,5,20,1.79712,1.8576,0.238464,0.0471744,0.5798304,1.71936
2023/5/21,2023,5,21,1.997568,1.9008,0.264384,0.0516672,0.6630336,1.69344
2023/5/22,2023,5,22,2.251584,2.04768,0.312768,0.0918432,0.7657632,1.6416
2023/5/23,2023,5,23,2.534976,2.18592,0.377568,0.158112,0.8734176,1.58112
2023/5/24,2023,5,24,2.744928,2.65248,0.442368,0.271296,1.0863072,1.512
2023/5/25,2023,5,25,2.831328,3.2832,0.573696,0.324864,1.670976,1.46016
2023/5/26,2023,5,26,2.727648,3.60288,0.662688,0.464832,2.5689312,1.40832
2023/5/27,2023,5,27,2.8944,5.08896,0.800928,0.571104,2.7890784,1.39104
2023/5/28,2023,5,28,2.83392,6.20352,1.10592,0.89856,2.6422848,1.39968
2023/5/29,2023,5,29,2.83392,8.32032,1.77984,2.02176,2.4954912,1.39968
2023/5/30,2023,5,30,2.83392,8.60544,2.92896,1.89216,2.4465888,1.40832
2023/5/31,2023,5,31,2.83392,8.53632,6.6528,1.82304,2.3365152,1.37376
2023/6/1,2023,6,1,2.79936,8.71776,8.99424,1.77984,2.2630752,1.34784
2023/6/2,2023,6,2,2.78208,9.36576,8.50176,1.728,2.2043232,1.33056
2023/6/3,2023,6,3,2.7648,10.368,8.71776,1.63296,2.1603456,1.32192
2023/6/4,2023,6,4,2.73888,9.1584,8.93376,1.57248,2.1383136,1.30464
2023/6/5,2023,6,5,2.73024,8.8992,8.83008,1.5552,2.1212064,1.28736
2023/6/6,2023,6,6,2.73888,8.64,8.39808,1.52064,2.0991744,1.30464
2023/6/7,2023,6,7,2.7216,8.64,8.34624,1.49472,2.0894112,1.34784
2023/6/8,2023,6,8,2.71296,8.61408,8.39808,1.41696,2.0820672,1.35648
2023/6/9,2023,6,9,2.6784,8.57088,8.44128,1.36512,2.0673792,1.3824
2023/6/10,2023,6,10,2.65248,8.30304,8.26848,1.31328,2.0624544,1.4256
2023/6/11,2023,6,11,2.64384,8.30304,8.23392,1.31328,2.0648736,1.4256
2023/6/12,2023,6,12,2.56608,8.28576,7.94016,1.296,2.0477664,1.3824
2023/6/13,2023,6,13,2.5488,7.29216,7.48224,1.28736,2.020896,1.31328
2023/6/14,2023,6,14,2.53152,7.07616,7.02432,1.27008,1.984176,1.27872
2023/6/15,2023,6,15,2.52288,6.5664,6.81696,1.23552,1.9597248,1.27008
2023/6/16,2023,6,16,2.48832,6.41952,6.72192,1.19232,1.9426176,1.24416
2023/6/17,2023,6,17,2.47104,5.616,6.696,1.15776,1.8912096,1.2096
2023/6/18,2023,6,18,2.43648,5.53824,6.5232,1.14048,1.8177696,1.17504
2023/6/19,2023,6,19,2.4192,4.94208,6.3936,1.11456,1.781136,1.14912
2023/6/20,2023,6,20,2.40192,4.12992,6.23808,1.08,1.759104,1.13184
2023/6/21,2023,6,21,2.35008,4.12992,6.10848,1.06272,1.729728,1.11456
2023/6/22,2023,6,22,2.35008,4.12992,5.97888,1.06272,1.700352,1.09728
2023/6/23,2023,6,23,2.34144,3.9312,5.84064,1.01952,1.6759008,1.07136
2023/6/24,2023,6,24,2.32416,3.7584,5.80608,1.00224,1.656288,1.06272
2023/6/25,2023,6,25,2.29824,3.44736,5.73696,0.97632,1.6441056,1.06272
2023/6/26,2023,6,26,2.28096,2.88576,5.66784,0.9504,1.6220736,1.04544
2023/6/27,2023,6,27,2.26368,2.88576,5.58144,0.92448,1.6025472,1.04544
2023/6/28,2023,6,28,2.2464,2.83392,5.4864,0.9072,1.5780096,1.0368
2023/6/29,2023,6,29,2.21184,2.73024,5.3136,0.87264,1.54872,1.04544
2023/6/30,2023,6,30,2.17728,2.73024,5.1408,0.843264,1.5217632,1.04544
2023/7/1,2023,7,1,2.16864,2.69568,5.10624,0.828576,1.4923872,1.04544
2023/7/2,2023,7,2,2.15136,2.7216,5.04576,0.7776,1.4630112,1.04544
2023/7/3,2023,7,3,2.13408,2.68704,4.98528,0.605664,1.431216,1.05408
2023/7/4,2023,7,4,2.1168,2.68704,4.8384,0.55728,1.3994208,1.10592
2023/7/5,2023,7,5,2.0736,2.68704,5.27904,0.526176,1.3749696,1.17504
2023/7/6,2023,7,6,2.03904,2.68704,4.58784,0.508896,1.3505184,1.2096
2023/7/7,2023,7,7,2.01312,2.6784,4.32864,0.500256,1.3334112,1.18368
2023/7/8,2023,7,8,1.97856,2.66112,4.25088,0.472608,1.3162176,1.15776
2023/7/9,2023,7,9,1.95264,2.62656,4.16448,0.451008,1.3162176,1.1232
2023/7/10,2023,7,10,1.92672,2.62656,4.08672,0.463104,1.3211424,1.08864
2023/7/11,2023,7,11,1.89216,2.61792,3.94848,0.467424,1.3187232,1.06272
2023/7/12,2023,7,12,1.8576,2.5056,3.81024,0.472608,1.3088736,1.01088
2023/7/13,2023,7,13,1.8144,2.48832,3.70656,0.447552,1.2966912,0.97632
2023/7/14,2023,7,14,1.77984,2.56608,3.60288,0.412128,1.2844224,0.9504
2023/7/15,2023,7,15,1.73664,2.60064,3.4992,0.331776,1.2770784,0.93312
2023/7/16,2023,7,16,1.71072,2.47104,3.3696,0.32832,1.2673152,0.93312
2023/7/17,2023,7,17,1.66752,2.42784,3.37824,0.338688,1.2599712,0.9072
2023/7/18,2023,7,18,1.62432,2.35008,3.38688,0.330048,1.2477888,0.88992
2023/7/19,2023,7,19,1.5552,2.22912,3.4128,0.355968,1.2379392,0.88992
2023/7/20,2023,7,20,1.52928,2.22912,3.43008,0.343872,1.2305952,0.87264
2023/7/21,2023,7,21,1.49472,2.2032,3.456,0.340416,1.2257568,0.864
2023/7/22,2023,7,22,1.4688,2.2032,3.456,0.333504,1.2159072,0.861408
2023/7/23,2023,7,23,1.44288,2.16,3.42144,0.391392,1.2037248,0.862272
2023/7/24,2023,7,24,1.4256,2.14272,3.38688,0.40176,1.191456,0.864
2023/7/25,2023,7,25,1.40832,2.13408,3.29184,0.403488,1.1792736,0.857088
2023/7/26,2023,7,26,1.39968,2.12544,3.1536,0.40176,1.1719296,0.838944
2023/7/27,2023,7,27,1.39968,2.0736,3.00672,0.39744,1.16208,0.839808
2023/7/28,2023,7,28,1.39104,2.05632,2.90304,0.387072,1.1645856,0.839808
2023/7/29,2023,7,29,1.36512,2.04768,2.808,0.370656,1.1645856,0.84672
2023/7/30,2023,7,30,1.35648,2.0304,2.71296,0.362016,1.1645856,0.852768
2023/7/31,2023,7,31,1.32192,2.0304,2.54016,0.340416,1.1596608,0.861408
2023/8/1,2023,8,1,1.31328,2.02176,2.39328,0.3024,1.1498976,0.87264
2023/8/2,2023,8,2,1.296,2.0736,2.2896,0.304128,1.1376288,0.88128
2023/8/3,2023,8,3,1.27872,2.0736,2.23776,0.316224,1.1254464,0.88992
2023/8/4,2023,8,4,1.24416,2.0736,2.18592,0.374976,1.1107584,0.88128
2023/8/5,2023,8,5,1.21824,1.96992,2.14272,0.457056,1.0887264,0.864
2023/8/6,2023,8,6,1.20096,1.95264,2.09952,0.572832,1.0716192,0.857952
2023/8/7,2023,8,7,1.1664,1.944,2.04768,0.644544,1.0617696,0.851904
2023/8/8,2023,8,8,1.14048,1.944,2.00448,0.716256,1.047168,0.848448
2023/8/9,2023,8,9,1.08864,1.944,1.9872,0.732672,1.039824,0.840672
2023/8/10,2023,8,10,1.08864,1.93536,1.96128,0.73008,1.0299744,0.828576
2023/8/11,2023,8,11,1.08864,2.14272,1.93536,0.741312,1.0202112,0.826848
2023/8/12,2023,8,12,1.24416,2.22912,1.9008,0.762912,1.0080288,0.818208
2023/8/13,2023,8,13,1.2528,2.22048,1.87488,0.693792,1.0006848,0.813888
2023/8/14,2023,8,14,1.2528,2.22048,1.80576,0.692064,0.988416,0.811296
2023/8/15,2023,8,15,1.10592,2.0736,1.74528,0.6912,0.9761472,0.804384
2023/8/16,2023,8,16,1.0368,2.03904,1.67616,0.61776,0.966384,0.796608
2023/8/17,2023,8,17,1.01088,2.09952,1.61568,0.532224,0.9542016,0.800064
2023/8/18,2023,8,18,0.9936,2.13408,1.54656,0.424224,0.9395136,0.800928
2023/8/19,2023,8,19,0.98496,2.12544,1.54656,0.3888,0.9248256,0.806976
2023/8/20,2023,8,20,0.9504,2.04768,1.53792,0.357696,0.9125568,0.81216
2023/8/21,2023,8,21,0.93312,2.04768,1.53792,0.333504,0.9077184,0.814752
2023/8/22,2023,8,22,0.92448,2.08224,1.53792,0.309312,0.9003744,0.813024
2023/8/23,2023,8,23,0.91584,2.08224,1.53792,0.286848,0.8831808,0.808704
2023/8/24,2023,8,24,0.91584,2.06496,1.53792,0.262656,0.8709984,0.796608
2023/8/25,2023,8,25,0.9072,2.03904,1.49472,0.234144,0.8612352,0.7776
2023/8/26,2023,8,26,0.89856,2.00448,1.45152,0.216,0.8563104,0.765504
2023/8/27,2023,8,27,0.88992,1.95264,1.40832,0.19008,0.8587296,0.77328
2023/8/28,2023,8,28,0.864,2.01312,1.37376,0.167616,0.8587296,0.762048
2023/8/29,2023,8,29,0.843264,1.99584,1.35648,0.15984,0.8684928,0.746496
2023/8/30,2023,8,30,0.832896,2.05632,1.30464,0.150336,0.8734176,0.7344
2023/8/31,2023,8,31,0.860544,2.04768,1.296,0.171072,0.8783424,0.737856
2023/9/1,2023,9,1,0.87264,2.09088,1.28736,0.191808,0.9027936,0.73872
2023/9/2,2023,9,2,0.87264,2.09952,1.39968,0.226368,0.9248256,0.719712
2023/9/3,2023,9,3,0.857088,2.09952,1.512,0.269568,0.9615456,0.714528
2023/9/4,2023,9,4,0.843264,2.14272,1.62432,0.32832,0.9908352,0.714528
2023/9/5,2023,9,5,0.836352,2.16864,1.73664,0.44064,1.0299744,0.726624
2023/9/6,2023,9,6,0.857088,2.16864,1.84896,0.520128,1.0813824,0.72576
2023/9/7,2023,9,7,0.853632,2.09952,1.96128,0.577152,1.1376288,0.719712
2023/9/8,2023,9,8,0.839808,2.0736,2.13408,0.622944,1.1866176,0.705024
2023/9/9,2023,9,9,0.825984,2.06496,2.29824,0.654048,1.2257568,0.692064
2023/9/10,2023,9,10,0.822528,2.09088,2.36736,0.649728,1.2526272,0.680832
2023/9/11,2023,9,11,0.822528,2.03904,2.42784,0.644544,1.2820032,0.67392
2023/9/12,2023,9,12,0.822528,2.0304,2.44512,0.644544,1.3064544,0.667008
2023/9/13,2023,9,13,0.832896,2.2032,2.43648,0.629856,1.3260672,0.655776
2023/9/14,2023,9,14,0.850176,2.2464,2.41056,0.61776,1.3358304,0.649728
2023/9/15,2023,9,15,0.843264,2.18592,2.36736,0.61776,1.3309056,0.647136
2023/9/16,2023,9,16,0.857088,2.18592,2.30688,0.63936,1.3284864,0.642816
2023/9/17,2023,9,17,0.88992,2.18592,2.16864,0.666144,1.3235616,0.63504
2023/9/18,2023,9,18,0.9072,2.16864,2.05632,0.677376,1.3187232,0.63072
2023/9/19,2023,9,19,0.91584,2.12544,1.96128,0.693792,1.3113792,0.625536
2023/9/20,2023,9,20,0.89856,2.05632,1.88352,0.73872,1.301616,0.624672
2023/9/21,2023,9,21,0.88128,1.91808,1.8144,0.745632,1.2893472,0.618624
2023/9/22,2023,9,22,0.860544,1.9008,1.7712,0.76464,1.2746592,0.615168
2023/9/23,2023,9,23,0.832896,1.91808,1.728,0.7776,1.2623904,0.60912
2023/9/24,2023,9,24,0.93312,1.91808,1.6848,0.767232,1.2452832,0.608256
2023/9/25,2023,9,25,0.93312,1.99584,1.65024,0.74736,1.2257568,0.603936
2023/9/26,2023,9,26,0.89856,2.09952,1.60704,0.7344,1.206144,0.605664
2023/9/27,2023,9,27,0.88128,2.12544,1.6416,0.714528,1.184112,0.603936
2023/9/28,2023,9,28,0.88992,2.14272,1.69344,0.667872,1.16208,0.60048
2023/9/29,2023,9,29,0.89856,2.17728,1.73664,0.649728,1.1425536,0.59616
2023/9/30,2023,9,30,0.93312,2.2032,1.7712,0.641952,1.1229408,0.60048
2023/10/1,2023,10,1,0.94176,2.2032,1.79712,0.644544,1.0960704,0.609984
2023/10/2,2023,10,2,0.93312,2.19456,1.86624,0.632448,1.0642752,0.616896
2023/10/3,2023,10,3,0.88992,2.15136,1.89216,0.61344,1.0348992,0.62208
2023/10/4,2023,10,4,0.853632,2.17728,1.91808,0.605664,1.0055232,0.624672
2023/10/5,2023,10,5,0.857088,2.19456,1.93536,0.59616,0.9908352,0.632448
2023/10/6,2023,10,6,0.843264,2.25504,1.93536,0.566784,0.9566208,0.649728
2023/10/7,2023,10,7,0.853632,2.2464,1.9008,0.543456,0.9248256,0.646272
2023/10/8,2023,10,8,0.853632,2.1168,1.84896,0.532224,0.8954496,0.633312
2023/10/9,2023,10,9,0.860544,2.06496,1.80576,0.512352,0.8587296,0.623808
2023/10/10,2023,10,10,0.88128,2.06496,1.7712,0.469152,0.8269344,0.616032
2023/10/11,2023,10,11,0.864,2.06496,1.69344,0.443232,0.7975584,0.6048
2023/10/12,2023,10,12,0.853632,2.08224,1.6416,0.412128,0.7731072,0.597888
2023/10/13,2023,10,13,0.864,2.16,1.26144,0.385344,0.7510752,0.593568
2023/10/14,2023,10,14,0.88992,2.22912,1.15776,0.330048,0.7242048,0.597024
2023/10/15,2023,10,15,0.860544,2.2464,1.07136,0.3024,0.697248,0.59616
2023/10/16,2023,10,16,0.853632,2.22912,0.96768,0.2808,0.6727968,0.603072
2023/10/17,2023,10,17,0.850176,2.22912,0.89856,0.261792,0.6483456,0.614304
2023/10/18,2023,10,18,0.843264,2.23776,0.831168,0.253152,0.6238944,0.618624
2023/10/19,2023,10,19,0.839808,2.1168,0.77328,0.244512,0.6042816,0.651456
2023/10/20,2023,10,20,0.825984,2.14272,0.698112,0.234144,0.5895936,0.693792
2023/10/21,2023,10,21,0.802656,2.16,0.209088,0.22464,0.5700672,0.693792
2023/10/22,2023,10,22,0.802656,2.21184,0.590976,0.235008,0.5431104,0.681696
2023/10/23,2023,10,23,0.762912,2.22048,0.580608,0.222048,0.5210784,0.66528
2023/10/24,2023,10,24,0.746496,2.22912,0.575424,0.205632,0.5113152,0.651456
2023/10/25,2023,10,25,0.748224,2.22912,0.638496,0.18576,0.5039712,0.629856
2023/10/26,2023,10,26,0.698976,2.2032,0.681696,0.179712,0.501552,0.628992
2023/10/27,2023,10,27,0.661824,2.2032,0.716256,0.171936,0.5064768,0.620352
2023/10/28,2023,10,28,0.641952,2.17728,0.720576,0.16416,0.5138208,0.597888
2023/10/29,2023,10,29,0.647136,2.16864,0.694656,0.156384,0.5138208,0.568512
2023/10/30,2023,10,30,0.63504,2.15136,0.650592,0.148608,0.5138208,0.52704
2023/10/31,2023,10,31,0.6264,1.44288,0.60912,0.141696,0.5113152,0.486432
2023/11/1,2023,11,1,0.608256,1.41696,0.568512,0.136512,0.5113152,0.465696
2023/11/2,2023,11,2,0.56592,1.3824,0.553824,0.132192,0.508896,0.445824
2023/11/3,2023,11,3,0.558144,1.36512,0.539136,0.127872,0.508896,0.457056
2023/11/4,2023,11,4,0.569376,1.34784,0.524448,0.122688,0.5064768,0.456192
2023/11/5,2023,11,5,0.553824,1.34784,0.50976,0.118368,0.5064768,0.482112
2023/11/6,2023,11,6,0.547776,1.33056,0.498528,0.114048,0.5039712,0.47952
2023/11/7,2023,11,7,0.564192,1.31328,0.48816,0.108864,0.5039712,0.428544
2023/11/8,2023,11,8,0.560736,1.296,0.476928,0.104544,0.501552,0.40176
2023/11/9,2023,11,9,0.562464,1.27872,0.465696,0.100224,0.501552,0.381888
2023/11/10,2023,11,10,0.571968,1.26144,0.455328,0.09504,0.501552,0.352512
2023/11/11,2023,11,11,0.571968,1.2528,0.451872,0.096768,0.4991328,0.333504
2023/11/12,2023,11,12,0.552096,1.24416,0.44928,0.097632,0.4991328,0.323136
2023/11/13,2023,11,13,0.546048,1.23552,0.446688,0.09936,0.4966272,0.31536
2023/11/14,2023,11,14,0.53568,1.21824,0.443232,0.100224,0.494208,0.317088
2023/11/15,2023,11,15,0.5184,1.2096,0.44064,0.101088,0.486864,0.320544
2023/11/16,2023,11,16,0.50544,1.20096,0.433728,0.095904,0.4771008,0.313632
2023/11/17,2023,11,17,0.501984,1.19232,0.426816,0.09072,0.464832,0.304128
2023/11/18,2023,11,18,0.499392,1.18368,0.420768,0.0858816,0.4550688,0.297216
2023/11/19,2023,11,19,0.497664,1.17504,0.413856,0.0806976,0.450144,0.29808
2023/11/20,2023,11,20,0.495936,1.15776,0.406944,0.0756,0.4403808,0.297216
2023/11/21,2023,11,21,0.495936,1.15776,0.400896,0.074736,0.428112,0.288576
2023/11/22,2023,11,22,0.495936,1.14912,0.393984,0.073872,0.420768,0.278208
2023/11/23,2023,11,23,0.4968,1.14048,0.387072,0.073008,0.4159296,0.26784
2023/11/24,2023,11,24,0.4968,1.14048,0.381024,0.074736,0.4085856,0.262656
2023/11/25,2023,11,25,0.497664,1.13184,0.374112,0.0745632,0.4036608,0.260064
2023/11/26,2023,11,26,0.490752,1.1232,0.368928,0.0743904,0.3988224,0.255744
2023/11/27,2023,11,27,0.484704,1.1232,0.36288,0.0742176,0.3938976,0.247104
2023/11/28,2023,11,28,0.477792,1.11456,0.356832,0.0740448,0.3889728,0.235872
2023/11/29,2023,11,29,0.471744,1.10592,0.351648,0.073872,0.3865536,0.222912
2023/11/30,2023,11,30,0.464832,1.10592,0.3456,0.0736992,0.3816288,0.209088
2023/12/1,2023,12,1,0.456192,1.09728,0.339552,0.0735264,0.3792096,0.196128
2023/12/2,2023,12,2,0.447552,1.08864,0.334368,0.0733536,0.3742848,0.18576
2023/12/3,2023,12,3,0.438912,1.08864,0.32832,0.0728352,0.3718656,0.177984
2023/12/4,2023,12,4,0.430272,1.08,0.323136,0.0724896,0.3670272,0.174528
2023/12/5,2023,12,5,0.421632,1.07136,0.317088,0.0719712,0.3621024,0.1728
2023/12/6,2023,12,6,0.418176,1.07136,0.318816,0.0714528,0.3571776,0.173664
2023/12/7,2023,12,7,0.413856,1.06272,0.31968,0.0709344,0.3523392,0.174528
2023/12/8,2023,12,8,0.4104,1.05408,0.321408,0.070416,0.3474144,0.175392
2023/12/9,2023,12,9,0.406944,1.04544,0.322272,0.0698976,0.3400704,0.17712
2023/12/10,2023,12,10,0.402624,1.04544,0.324,0.0693792,0.3303072,0.18144
2023/12/11,2023,12,11,0.404352,1.0368,0.323136,0.068688,0.3253824,0.186624
2023/12/12,2023,12,12,0.405216,1.0368,0.322272,0.0679968,0.3229632,0.192672
2023/12/13,2023,12,13,0.40608,1.02816,0.322272,0.0673056,0.320544,0.196992
2023/12/14,2023,12,14,0.406944,1.02816,0.321408,0.0666144,0.3180384,0.201312
2023/12/15,2023,12,15,0.407808,1.02816,0.321408,0.0659232,0.3156192,0.204768
2023/12/16,2023,12,16,0.411264,1.01952,0.320544,0.065232,0.3132,0.209952
2023/12/17,2023,12,17,0.413856,1.01952,0.31968,0.0645408,0.3106944,0.215136
2023/12/18,2023,12,18,0.416448,1.01088,0.31968,0.0638496,0.3082752,0.22032
2023/12/19,2023,12,19,0.41904,1.01088,0.318816,0.0631584,0.305856,0.226368
2023/12/20,2023,12,20,0.422496,1.00224,0.318816,0.0629856,0.3033504,0.22896
2023/12/21,2023,12,21,0.422496,1.00224,0.317952,0.0628128,0.3009312,0.226368
2023/12/22,2023,12,22,0.422496,1.00224,0.317088,0.06264,0.3009312,0.223776
2023/12/23,2023,12,23,0.422496,0.9936,0.317088,0.0624672,0.298512,0.216
2023/12/24,2023,12,24,0.422496,0.9936,0.316224,0.0622944,0.298512,0.212544
2023/12/25,2023,12,25,0.422496,0.9936,0.316224,0.0621216,0.2960064,0.215136
2023/12/26,2023,12,26,0.425088,0.98496,0.31536,0.0619488,0.2935872,0.218592
2023/12/27,2023,12,27,0.426816,0.98496,0.31536,0.061776,0.291168,0.222048
2023/12/28,2023,12,28,0.429408,0.98496,0.314496,0.0616032,0.2886624,0.227232
2023/12/29,2023,12,29,0.432,0.98496,0.313632,0.0614304,0.2862432,0.23328
2023/12/30,2023,12,30,0.433728,0.97632,0.313632,0.0612576,0.283824,0.2376
2023/12/31,2023,12,31,0.43632,0.97632,0.312768,0.060912,0.2813184,0.24192
2024/1/1,2024,1,1,0.422496,0.97632,0.312768,0.0605664,0.2788992,0.245376
2024/1/2,2024,1,2,0.407808,0.98496,0.311904,0.0602208,0.2739744,0.247968
2024/1/3,2024,1,3,0.393984,0.98496,0.31104,0.0598752,0.2715552,0.25056
2024/1/4,2024,1,4,0.38016,0.9936,0.31104,0.0595296,0.269136,0.253152
2024/1/5,2024,1,5,0.365472,0.9936,0.310176,0.059184,0.2667168,0.25488
2024/1/6,2024,1,6,0.363744,1.00224,0.316224,0.0588384,0.2642112,0.255744
2024/1/7,2024,1,7,0.362016,1.00224,0.322272,0.0584928,0.2642112,0.256608
2024/1/8,2024,1,8,0.360288,1.01088,0.32832,0.0581472,0.261792,0.257472
2024/1/9,2024,1,9,0.359424,1.01088,0.333504,0.0578016,0.261792,0.257472
2024/1/10,2024,1,10,0.357696,1.01952,0.339552,0.057456,0.2593728,0.258336
2024/1/11,2024,1,11,0.372384,1.01088,0.338688,0.0572832,0.2593728,0.260064
2024/1/12,2024,1,12,0.386208,1.00224,0.337824,0.0571104,0.2568672,0.260928
2024/1/13,2024,1,13,0.400896,0.9936,0.33696,0.0569376,0.254448,0.261792
2024/1/14,2024,1,14,0.415584,0.98496,0.33696,0.0567648,0.2520288,0.261792
2024/1/15,2024,1,15,0.430272,0.98496,0.336096,0.056592,0.2495232,0.261792
2024/1/16,2024,1,16,0.519264,0.97632,0.335232,0.0564192,0.247104,0.260928
2024/1/17,2024,1,17,0.607392,0.96768,0.334368,0.0562464,0.247104,0.260064
2024/1/18,2024,1,18,0.69552,0.95904,0.333504,0.0560736,0.2441664,0.260064
2024/1/19,2024,1,19,0.784512,0.9504,0.33264,0.0559008,0.2412288,0.258336
2024/1/20,2024,1,20,0.87264,0.9504,0.331776,0.055728,0.2385504,0.257472
2024/1/21,2024,1,21,0.865728,0.9504,0.330912,0.0555552,0.236304,0.255744
2024/1/22,2024,1,22,0.857952,0.9504,0.330048,0.0553824,0.2348352,0.25488
2024/1/23,2024,1,23,0.85104,0.9504,0.329184,0.0552096,0.2331936,0.254016
2024/1/24,2024,1,24,0.843264,0.9504,0.32832,0.0550368,0.230688,0.253152
2024/1/25,2024,1,25,0.836352,0.9504,0.32832,0.054864,0.2282688,0.253152
2024/1/26,2024,1,26,0.76464,0.9504,0.327456,0.0546912,0.2265408,0.251424
2024/1/27,2024,1,27,0.692928,0.9504,0.326592,0.0545184,0.2245536,0.25056
2024/1/28,2024,1,28,0.621216,0.9504,0.325728,0.0543456,0.222912,0.248832
2024/1/29,2024,1,29,0.549504,0.9504,0.324864,0.0541728,0.221184,0.247104
2024/1/30,2024,1,30,0.477792,0.9504,0.324,0.054,0.2189376,0.245376
2024/1/31,2024,1,31,0.40608,0.9504,0.323136,0.0538272,0.2165184,0.242784
2024/2/1,2024,2,1,0.403488,0.94176,0.322272,0.0536544,0.2145312,0.241056
2024/2/2,2024,2,2,0.400896,0.94176,0.321408,0.0534816,0.2126304,0.238464
2024/2/3,2024,2,3,0.39744,0.94176,0.320544,0.0533088,0.2106432,0.2376
2024/2/4,2024,2,4,0.394848,0.94176,0.320544,0.0532224,0.2089152,0.236736
2024/2/5,2024,2,5,0.392256,0.94176,0.31968,0.053136,0.2074464,0.235008
2024/2/6,2024,2,6,0.39312,0.94176,0.318816,0.0530496,0.2062368,0.234144
2024/2/7,2024,2,7,0.393984,0.93312,0.317952,0.0529632,0.2050272,0.23328
2024/2/8,2024,2,8,0.394848,0.93312,0.317088,0.0528768,0.2027808,0.23328
2024/2/9,2024,2,9,0.396576,0.93312,0.316224,0.0527904,0.2001024,0.234144
2024/2/10,2024,2,10,0.39744,0.93312,0.31536,0.052704,0.1982016,0.235872
2024/2/11,2024,2,11,0.393984,0.93312,0.314496,0.0526176,0.1959552,0.236736
2024/2/12,2024,2,12,0.391392,0.92448,0.313632,0.0525312,0.1932768,0.236736
2024/2/13,2024,2,13,0.3888,0.92448,0.312768,0.0524448,0.191808,0.2376
2024/2/14,2024,2,14,0.386208,0.92448,0.312768,0.0523584,0.1905984,0.2376
2024/2/15,2024,2,15,0.383616,0.92448,0.311904,0.052272,0.1893888,0.2376
2024/2/16,2024,2,16,0.385344,0.91584,0.31104,0.0521856,0.188352,0.2376
2024/2/17,2024,2,17,0.387936,0.91584,0.310176,0.0520992,0.1871424,0.235872
2024/2/18,2024,2,18,0.389664,0.91584,0.309312,0.0520128,0.1864512,0.235008
2024/2/19,2024,2,19,0.391392,0.9072,0.308448,0.0519264,0.1854144,0.234144
2024/2/20,2024,2,20,0.39312,0.9072,0.307584,0.05184,0.1847232,0.234144
2024/2/21,2024,2,21,0.394848,0.9072,0.30672,0.0517536,0.1835136,0.234144
2024/2/22,2024,2,22,0.396576,0.9072,0.305856,0.0516672,0.1824768,0.234144
2024/2/23,2024,2,23,0.39744,0.9072,0.304992,0.0515808,0.1815264,0.23328
2024/2/24,2024,2,24,0.399168,0.9072,0.304992,0.0514944,0.180576,0.234144
2024/2/25,2024,2,25,0.400032,0.91584,0.304128,0.051408,0.1795392,0.234144
2024/2/26,2024,2,26,0.399168,0.91584,0.303264,0.0513216,0.1783296,0.23328
2024/2/27,2024,2,27,0.398304,0.91584,0.3024,0.0512352,0.17712,0.232416
2024/2/28,2024,2,28,0.39744,0.91584,0.301536,0.0511488,0.1759104,0.231552
2024/2/29,2024,2,29,0.396576,0.91584,0.300672,0.0510624,0.17496,0.229824
2024/3/1,2024,3,1,0.395712,0.91584,0.299808,0.050976,0.1741824,0.22896
2024/3/2,2024,3,2,0.394848,0.91584,0.298944,0.0508896,0.173664,0.228096
2024/3/3,2024,3,3,0.393984,0.9072,0.29808,0.0508032,0.1729728,0.22896
2024/3/4,2024,3,4,0.39312,0.9072,0.297216,0.0507168,0.1722816,0.22896
2024/3/5,2024,3,5,0.39312,0.9072,0.296352,0.0506304,0.1717632,0.22896
2024/3/6,2024,3,6,0.39312,0.9072,0.294624,0.050544,0.1712448,0.22896
2024/3/7,2024,3,7,0.393984,0.89856,0.292032,0.0504576,0.1708128,0.228096
2024/3/8,2024,3,8,0.394848,0.89856,0.290304,0.0503712,0.169776,0.227232
2024/3/9,2024,3,9,0.394848,0.89856,0.287712,0.0502848,0.1688256,0.226368
2024/3/10,2024,3,10,0.395712,0.89856,0.285984,0.0501984,0.1678752,0.22464
2024/3/11,2024,3,11,0.392256,0.89856,0.284256,0.0500256,0.1668384,0.223776
2024/3/12,2024,3,12,0.3888,0.9072,0.281664,0.0498528,0.1661472,0.222912
2024/3/13,2024,3,13,0.385344,0.9072,0.279936,0.04968,0.1653696,0.222048
2024/3/14,2024,3,14,0.381888,0.9072,0.278208,0.0495072,0.1646784,0.22032
2024/3/15,2024,3,15,0.378432,0.9072,0.27648,0.049248,0.1636416,0.22032
2024/3/16,2024,3,16,0.378432,0.9072,0.274752,0.0489888,0.1626912,0.218592
2024/3/17,2024,3,17,0.378432,0.9072,0.273024,0.0487296,0.1617408,0.216864
2024/3/18,2024,3,18,0.378432,0.91584,0.270432,0.048384,0.1609632,0.216
2024/3/19,2024,3,19,0.378432,0.91584,0.268704,0.0387936,0.1597536,0.214272
2024/3/20,2024,3,20,0.377568,0.91584,0.266976,0.0292032,0.1588032,0.213408
2024/3/21,2024,3,21,0.37584,0.91584,0.264384,0.0336096,0.1580256,0.212544
2024/3/22,2024,3,22,0.373248,0.92448,0.261792,0.0381024,0.1570752,0.213408
2024/3/23,2024,3,23,0.370656,0.92448,0.258336,0.0425952,0.1562976,0.212544
2024/3/24,2024,3,24,0.368928,0.92448,0.255744,0.047088,0.1558656,0.212544
2024/3/25,2024,3,25,0.366336,0.92448,0.253152,0.0515808,0.1553472,0.21168
2024/3/26,2024,3,26,0.365472,0.93312,0.249696,0.0560736,0.154656,0.210816
2024/3/27,2024,3,27,0.365472,0.92448,0.24624,0.0605664,0.1541376,0.209952
2024/3/28,2024,3,28,0.364608,0.92448,0.242784,0.0650592,0.1543968,0.209088
2024/3/29,2024,3,29,0.363744,0.92448,0.240192,0.069552,0.1543968,0.209088
2024/3/30,2024,3,30,0.363744,0.92448,0.236736,0.0740448,0.1543968,0.208224
2024/3/31,2024,3,31,0.36288,0.92448,0.23328,0.0785376,0.154656,0.208224
2024/4/1,2024,4,1,0.361152,0.92448,0.23328,0.0830304,0.1548288,0.20736
2024/4/2,2024,4,2,0.361152,0.91584,0.23328,0.087264,0.155088,0.206496
2024/4/3,2024,4,3,0.362016,0.91584,0.23328,0.091584,0.1558656,0.20736
2024/4/4,2024,4,4,0.362016,0.91584,0.23328,0.096768,0.1562976,0.208224
2024/4/5,2024,4,5,0.361152,0.91584,0.23328,0.101088,0.1565568,0.209952
2024/4/6,2024,4,6,0.362016,0.91584,0.23328,0.105408,0.156816,0.210816
2024/4/7,2024,4,7,0.361152,0.91584,0.23328,0.109728,0.1573344,0.212544
2024/4/8,2024,4,8,0.362016,0.91584,0.23328,0.114048,0.1575936,0.213408
2024/4/9,2024,4,9,0.362016,0.91584,0.23328,0.119232,0.1580256,0.213408
2024/4/10,2024,4,10,0.360288,0.91584,0.23328,0.123552,0.158544,0.213408
2024/4/11,2024,4,11,0.360288,0.91584,0.23328,0.119232,0.158544,0.214272
2024/4/12,2024,4,12,0.359424,0.91584,0.23328,0.114048,0.1588032,0.215136
2024/4/13,2024,4,13,0.359424,0.92448,0.23328,0.109728,0.1592352,0.214272
2024/4/14,2024,4,14,0.359424,0.92448,0.232416,0.105408,0.1600128,0.214272
2024/4/15,2024,4,15,0.359424,0.92448,0.232416,0.101088,0.160272,0.221184
2024/4/16,2024,4,16,0.359424,0.92448,0.232416,0.095904,0.160272,0.229824
2024/4/17,2024,4,17,0.362016,0.92448,0.232416,0.091584,0.1609632,0.240192
2024/4/18,2024,4,18,0.363744,0.94176,0.232416,0.087264,0.1612224,0.25056
2024/4/19,2024,4,19,0.363744,0.94176,0.231552,0.0826848,0.1612224,0.261792
2024/4/20,2024,4,20,0.365472,0.9504,0.231552,0.0781056,0.1612224,0.273888
2024/4/21,2024,4,21,0.369792,0.9504,0.231552,0.0736128,0.1609632,0.287712
2024/4/22,2024,4,22,0.370656,0.95904,0.231552,0.06912,0.1609632,0.303264
2024/4/23,2024,4,23,0.372384,0.97632,0.231552,0.0645408,0.1609632,0.31968
2024/4/24,2024,4,24,0.376704,1.00224,0.230688,0.060048,0.1609632,0.337824
2024/4/25,2024,4,25,0.38016,1.01088,0.230688,0.0555552,0.1612224,0.355968
2024/4/26,2024,4,26,0.387936,1.01952,0.230688,0.050976,0.1612224,0.37584
2024/4/27,2024,4,27,0.396576,1.02816,0.230688,0.0464832,0.1614816,0.398304
2024/4/28,2024,4,28,0.405216,1.0368,0.229824,0.0419904,0.1617408,0.421632
2024/4/29,2024,4,29,0.412992,1.04544,0.229824,0.0374112,0.162,0.447552
2024/4/30,2024,4,30,0.421632,1.05408,0.229824,0.0329184,0.1626912,0.473472
2024/5/1,2024,5,1,0.435456,1.07136,0.229824,0.0283392,0.1639008,0.499392
2024/5/2,2024,5,2,0.452736,1.08,0.227232,0.0238464,0.1651104,0.526176
2024/5/3,2024,5,3,0.471744,1.10592,0.229824,0.0260064,0.1656288,0.553824
2024/5/4,2024,5,4,0.486432,1.1232,0.222912,0.02592,0.1664064,0.578016
2024/5/5,2024,5,5,0.510624,1.14912,0.222048,0.0283392,0.168048,0.607392
2024/5/6,2024,5,6,0.545184,1.15776,0.22896,0.028512,0.1705536,0.642816
2024/5/7,2024,5,7,0.57024,1.17504,0.236736,0.0324864,0.173232,0.684288
2024/5/8,2024,5,8,0.612576,1.18368,0.24624,0.0317088,0.1776384,0.750816
2024/5/9,2024,5,9,0.655776,1.20096,0.249696,0.0333504,0.1837728,0.852768
2024/5/10,2024,5,10,0.720576,1.21824,0.245376,0.031968,0.1912896,0.98496
2024/5/11,2024,5,11,0.7776,1.24416,0.245376,0.033696,0.2027808,1.11456
2024/5/12,2024,5,12,0.836352,1.27008,0.24624,0.0322272,0.216,1.19232
2024/5/13,2024,5,13,0.88992,1.28736,0.258336,0.0339552,0.2268,1.23552
2024/5/14,2024,5,14,0.9504,1.32192,0.277344,0.0327456,0.2667168,1.26144
2024/5/15,2024,5,15,1.00224,1.34784,0.301536,0.0353376,0.3596832,1.22688
2024/5/16,2024,5,16,1.09728,1.39104,0.330048,0.0338688,0.4771008,1.17504
2024/5/17,2024,5,17,1.2096,1.45152,0.364608,0.0387936,0.6018624,1.08
2024/5/18,2024,5,18,1.32192,1.49472,0.398304,0.0739584,0.7437312,0.98496
2024/5/19,2024,5,19,1.4688,1.2096,0.463968,0.108864,0.9248256,0.91584
2024/5/20,2024,5,20,1.58112,1.22688,0.537408,0.108864,1.0838016,0.87264
2024/5/21,2024,5,21,1.69344,1.24416,0.599616,0.183168,1.2623904,0.848448
2024/5/22,2024,5,22,1.80576,2.47104,0.687744,0.216,1.4728608,0.837216
2024/5/23,2024,5,23,1.93536,3.29184,0.98496,0.248832,1.6000416,0.828576
2024/5/24,2024,5,24,2.05632,3.63744,1.08864,0.312768,1.5682464,0.826848
2024/5/25,2024,5,25,2.16864,4.18176,1.78848,0.32832,1.4948928,0.826848
2024/5/26,2024,5,26,2.27232,5.00256,3.85344,0.406944,1.4410656,0.827712
2024/5/27,2024,5,27,2.47104,5.45184,5.76288,0.508032,1.4043456,0.830304
2024/5/28,2024,5,28,2.62656,5.90112,5.2272,1.43424,1.3896576,0.832896
2024/5/29,2024,5,29,2.79936,6.31584,6.64416,1.8576,1.3872384,0.841536
2024/5/30,2024,5,30,3.08448,8.52768,6.09984,1.65024,1.3945824,0.87264
2024/5/31,2024,5,31,3.16224,8.74368,6.28128,1.5552,1.4116896,0.92448
2024/6/1,2024,6,1,3.21408,10.22112,6.29856,1.39968,1.4263776,0.9504
2024/6/2,2024,6,2,3.17952,10.54944,7.2576,1.35648,1.445904,0.96768
2024/6/3,2024,6,3,3.16224,10.5408,8.18208,1.30464,1.4655168,0.98496
2024/6/4,2024,6,4,3.16224,10.0224,7.128,1.27008,1.4776992,0.98496
2024/6/5,2024,6,5,3.16224,9.4176,6.8688,1.18368,1.4802048,0.96768
2024/6/6,2024,6,6,3.1536,8.8128,6.31584,1.14048,1.4850432,0.96768
2024/6/7,2024,6,7,3.14496,8.64,6.63552,1.08,1.4850432,0.96768
2024/6/8,2024,6,8,3.14496,8.25984,6.49728,1.07136,1.4850432,0.9504
2024/6/9,2024,6,9,3.13632,7.87104,6.3504,1.0368,1.482624,0.93312
2024/6/10,2024,6,10,3.13632,7.70688,6.24672,0.9936,1.4850432,0.92448
2024/6/11,2024,6,11,3.12768,7.39584,6.15168,0.92448,1.4850432,0.91584
2024/6/12,2024,6,12,3.12768,7.11936,6.048,0.853632,1.4875488,0.92448
2024/6/13,2024,6,13,3.1536,6.912,5.95296,0.828576,1.4875488,0.93312
2024/6/14,2024,6,14,3.1536,6.54912,5.85792,0.797472,1.4850432,0.93312
2024/6/15,2024,6,15,3.1536,6.18624,5.76288,0.78192,1.4850432,0.94176
2024/6/16,2024,6,16,3.1536,5.81472,5.6592,0.767232,1.482624,0.93312
2024/6/17,2024,6,17,3.17952,5.45184,5.56416,0.72144,1.47528,0.92448
2024/6/18,2024,6,18,3.17088,5.08896,5.40864,0.663552,1.4655168,0.9072
2024/6/19,2024,6,19,3.1536,4.72608,5.24448,0.620352,1.4556672,0.89856
2024/6/20,2024,6,20,3.14496,4.35456,5.06304,0.601344,1.4410656,0.89856
2024/6/21,2024,6,21,3.12768,3.99168,4.91616,0.565056,1.4287968,0.9072
2024/6/22,2024,6,22,3.11904,3.6288,4.78656,0.577152,1.4116896,0.91584
2024/6/23,2024,6,23,3.10176,4.76928,4.70016,1.20096,1.3896576,0.94176
2024/6/24,2024,6,24,3.12768,5.19264,4.51872,1.30464,1.3652064,0.9504
2024/6/25,2024,6,25,3.14496,4.7952,4.30272,0.9936,1.3309056,0.9504
2024/6/26,2024,6,26,3.1536,4.38912,4.104,0.684288,1.2991104,0.9504
2024/6/27,2024,6,27,3.16224,3.99168,3.70656,0.709344,1.264896,0.96768
2024/6/28,2024,6,28,3.16224,3.5856,3.31776,0.72576,1.2305952,0.97632
2024/6/29,2024,6,29,3.1536,3.49056,2.92032,0.741312,1.2037248,0.97632
2024/6/30,2024,6,30,3.1536,3.08448,2.92032,0.730944,1.1719296,0.96768
2024/7/1,2024,7,1,3.13632,2.95488,2.92032,0.72144,1.1425536,0.95904
2024/7/2,2024,7,2,3.12768,2.92032,2.92032,0.72576,1.1083392,0.97632
2024/7/3,2024,7,3,3.11904,2.88576,2.8512,0.736992,1.0764576,0.9936
2024/7/4,2024,7,4,3.11904,2.85984,2.8512,0.754272,1.0520064,1.00224
2024/7/5,2024,7,5,3.11904,2.82528,2.82528,0.76032,1.03248,1.01088
2024/7/6,2024,7,6,3.1104,2.70432,2.79936,0.775872,1.0128672,1.02816
2024/7/7,2024,7,7,3.08448,2.68704,2.77344,0.771552,0.9981792,1.01952
2024/7/8,2024,7,8,3.07584,2.75616,2.74752,0.780192,0.981072,1.01088
2024/7/9,2024,7,9,3.04128,2.75616,2.7216,0.793152,0.9688032,1.00224
2024/7/10,2024,7,10,3.04128,2.70432,2.66112,0.797472,0.95904,0.98496
2024/7/11,2024,7,11,3.04128,2.69568,2.60064,0.81216,0.9542016,0.95904
2024/7/12,2024,7,12,3.024,2.66112,2.49696,0.826848,0.9542016,0.92448
2024/7/13,2024,7,13,2.98944,2.53152,2.4192,0.838944,0.95904,0.89856
2024/7/14,2024,7,14,2.98944,2.5056,2.34144,0.853632,0.9786528,0.88128
2024/7/15,2024,7,15,2.98944,2.42784,2.26368,0.85968,0.99576,0.864
2024/7/16,2024,7,16,2.98944,2.376,2.18592,0.913248,1.0152864,0.853632
2024/7/17,2024,7,17,2.9808,2.35008,2.09952,0.923616,1.0348992,0.84672
2024/7/18,2024,7,18,2.96352,2.18592,2.02176,0.91584,1.0593504,0.847584
2024/7/19,2024,7,19,2.95488,2.17728,1.93536,0.905472,1.0863072,0.851904
2024/7/20,2024,7,20,2.9376,2.16864,1.8576,0.892512,1.1107584,0.85104
2024/7/21,2024,7,21,2.92032,2.12544,1.7712,0.90288,1.1327904,0.839808
2024/7/22,2024,7,22,2.90304,2.06496,1.69344,0.871776,1.1449728,0.806112
2024/7/23,2024,7,23,2.8944,2.13408,1.67616,0.834624,1.1474784,0.779328
2024/7/24,2024,7,24,2.88576,2.16,1.58112,0.837216,1.1425536,0.752544
2024/7/25,2024,7,25,2.86848,2.13408,1.48608,0.849312,1.1327904,0.740448
2024/7/26,2024,7,26,2.86848,2.19456,1.39104,0.85968,1.1181024,0.726624
2024/7/27,2024,7,27,2.86848,2.16864,1.34784,0.862272,1.1009952,0.705024
2024/7/28,2024,7,28,2.85984,2.16864,1.30464,0.871776,1.0863072,0.692064
2024/7/29,2024,7,29,2.8512,2.0736,1.27872,0.884736,1.0666944,0.688608
2024/7/30,2024,7,30,2.8512,2.06496,1.2528,0.849312,1.0495872,0.698976
2024/7/31,2024,7,31,2.86848,2.0304,1.21824,0.85968,1.0275552,0.736128
2024/8/1,2024,8,1,2.87712,2.0304,1.21824,0.871776,1.0080288,0.783648
2024/8/2,2024,8,2,2.87712,1.96992,1.22688,0.87696,0.9908352,0.81648
2024/8/3,2024,8,3,2.85984,1.91808,1.26144,0.884736,0.9786528,0.848448
2024/8/4,2024,8,4,2.85984,1.91808,1.296,0.874368,0.9786528,0.857088
2024/8/5,2024,8,5,2.85984,1.89216,1.53792,0.853632,0.9859968,0.849312
2024/8/6,2024,8,6,2.86848,1.9872,1.71072,0.849312,0.99576,0.830304
2024/8/7,2024,8,7,,2.14272,1.95264,0.838944,1.0128672,0.808704
2024/8/8,2024,8,8,,2.16,2.06496,0.841536,1.03248,0.785376
2024/8/9,2024,8,9,,2.18592,2.14272,0.832896,1.0520064,0.756
2024/8/10,2024,8,10,,2.16864,2.18592,0.834624,1.0691136,0.737856
2024/8/11,2024,8,11,,2.12544,2.2032,0.838944,1.0984896,0.722304
2024/8/12,2024,8,12,,2.09952,2.2032,0.844992,1.1181024,0.705888
2024/8/13,2024,8,13,,2.09088,2.0304,0.849312,1.1327904,0.692928
2024/8/14,2024,8,14,,2.0736,1.9872,0.841536,1.1449728,0.683424
2024/8/15,2024,8,15,,1.9872,1.84032,0.834624,1.1572416,0.67824
2024/8/16,2024,8,16,,1.96992,1.80576,0.818208,1.1743488,0.677376
2024/8/17,2024,8,17,,1.96992,1.76256,0.81216,1.1939616,0.662688
2024/8/18,2024,8,18,,2.00448,1.6848,0.78624,1.2110688,0.667872
2024/8/19,2024,8,19,,1.9872,1.61568,0.7776,1.228176,0.661824
2024/8/20,2024,8,20,,1.97856,1.53792,0.76896,1.2379392,0.645408
2024/8/21,2024,8,21,,2.02176,1.45152,0.771552,1.2452832,0.670464
2024/8/22,2024,8,22,,2.05632,1.37376,0.754272,1.2599712,0.69552
2024/8/23,2024,8,23,,2.08224,1.35648,0.716256,1.2770784,0.70848
2024/8/24,2024,8,24,,2.10816,1.35648,0.649728,1.294272,0.707616
2024/8/25,2024,8,25,,2.09952,1.4256,0.622944,1.3137984,0.692928
2024/8/26,2024,8,26,,2.1168,1.52064,0.605664,1.3260672,0.681696
2024/8/27,2024,8,27,,2.09088,1.66752,0.590112,1.3455936,0.67824
2024/8/28,2024,8,28,,2.0736,1.76256,0.538272,1.3652064,0.684288
2024/8/29,2024,8,29,,2.06496,1.728,0.546048,1.3773888,0.679104
2024/8/30,2024,8,30,,2.10816,1.65024,0.551232,1.3847328,0.676512
2024/8/31,2024,8,31,,2.15136,1.58112,0.546048,1.3872384,0.6696
2024/9/1,2024,9,1,,2.29824,1.52928,0.55728,1.3847328,0.649728
2024/9/2,2024,9,2,,2.31552,1.50336,0.532224,1.3773888,0.655776
2024/9/3,2024,9,3,,2.21184,1.46016,0.52272,1.3676256,0.657504
2024/9/4,2024,9,4,,2.16864,1.43424,0.472608,1.3554432,0.655776
2024/9/5,2024,9,5,,2.18592,1.39104,0.443232,1.3455936,0.654048
2024/9/6,2024,9,6,,2.2032,1.35648,0.4536,1.3334112,0.649728
2024/9/7,2024,9,7,,2.16,1.30464,0.40176,1.3113792,0.640224
2024/9/8,2024,9,8,,2.15136,1.30464,0.387072,1.2917664,0.634176
2024/9/9,2024,9,9,,2.18592,1.296,0.391392,1.27224,0.629856
2024/9/10,2024,9,10,,2.30688,1.296,0.381024,1.2526272,0.629856
2024/9/11,2024,9,11,,2.66976,1.28736,0.39744,1.2305952,0.635904
2024/9/12,2024,9,12,,2.53152,1.34784,0.426816,1.2110688,0.63936
2024/9/13,2024,9,13,,2.47968,1.4256,0.472608,1.191456,0.634176
2024/9/14,2024,9,14,,2.47104,1.56384,0.502848,1.169424,0.628992
2024/9/15,2024,9,15,,2.45376,1.69344,0.520128,1.1498976,0.633312
2024/9/16,2024,9,16,,2.40192,1.83168,0.541728,1.1401344,0.634176
2024/9/17,2024,9,17,,2.32416,1.96992,0.586656,1.1302848,0.632448
2024/9/18,2024,9,18,,2.41056,2.0736,0.72576,1.1205216,0.618624
2024/9/19,2024,9,19,,2.43648,2.25504,0.81216,1.1083392,0.60912
2024/9/20,2024,9,20,,2.3328,2.4192,0.838944,1.0960704,0.615168
2024/9/21,2024,9,21,,2.35008,2.57472,0.85536,1.0863072,0.616032
2024/9/22,2024,9,22,,2.35008,2.6784,0.90288,1.0813824,0.628128
2024/9/23,2024,9,23,,2.27232,2.73024,0.935712,1.0813824,0.637632
2024/9/24,2024,9,24,,2.22912,2.7648,0.947808,1.0740384,0.632448
2024/9/25,2024,9,25,,2.2464,2.81664,0.927936,1.0691136,0.624672
2024/9/26,2024,9,26,,2.2464,2.86848,0.910656,1.0642752,0.618624
2024/9/27,2024,9,27,,2.26368,2.97216,0.923616,1.0593504,0.635904
2024/9/28,2024,9,28,,2.31552,3.04128,0.905472,1.054512,0.677376
2024/9/29,2024,9,29,,2.36736,3.04128,0.892512,1.0495872,0.65232
2024/9/30,2024,9,30,,2.376,3.05856,0.834624,1.0446624,0.618624
2024/10/1,2024,10,1,,2.376,3.01536,0.80784,1.039824,0.592704
2024/10/2,2024,10,2,,2.38464,2.92896,0.775872,1.0299744,0.589248
2024/10/3,2024,10,3,,2.4624,2.9376,0.673056,1.0152864,0.58752
2024/10/4,2024,10,4,,2.47104,2.84256,0.601344,1.003104,0.580608
2024/10/5,2024,10,5,,2.43648,2.73888,0.551232,1.0006848,0.585792
2024/10/6,2024,10,6,,2.42784,2.6352,0.565056,0.9908352,0.58752
2024/10/7,2024,10,7,,2.58336,2.54016,0.571104,0.981072,0.584064
2024/10/8,2024,10,8,,2.57472,2.47104,0.563328,0.9639648,0.571104
2024/10/9,2024,10,9,,2.54016,2.26368,0.551232,0.9468576,0.559872
2024/10/10,2024,10,10,,2.35872,2.10816,0.543456,0.9345888,0.555552
2024/10/11,2024,10,11,,2.36736,2.02176,0.54,0.9248256,0.547776
2024/10/12,2024,10,12,,2.35008,1.9872,0.526176,0.92232,0.54864
2024/10/13,2024,10,13,,2.38464,2.0736,0.502848,0.8930304,0.550368
2024/10/14,2024,10,14,,2.376,1.89216,0.495072,0.8612352,0.54
2024/10/15,2024,10,15,,2.35008,1.89216,0.482976,0.8342784,0.534816
2024/10/16,2024,10,16,,2.3328,1.65888,0.412128,0.8122464,0.55296
2024/10/17,2024,10,17,,2.32416,1.43424,0.364608,0.7902144,0.568512
2024/10/18,2024,10,18,,2.31552,1.20096,0.317088,0.770688,0.560736
2024/10/19,2024,10,19,,2.2464,0.97632,0.298944,0.7510752,0.546048
2024/10/20,2024,10,20,,2.22912,0.89856,0.279072,0.7290432,0.533088
2024/10/21,2024,10,21,,1.53792,0.836352,0.266112,0.7095168,0.525312
2024/10/22,2024,10,22,,1.50336,0.767232,0.268704,0.6948288,0.528768
2024/10/23,2024,10,23,,1.4688,0.70848,0.255744,0.68256,0.53136
2024/10/24,2024,10,24,,1.46016,0.683424,0.242784,0.6703776,0.551232
2024/10/25,2024,10,25,,1.4256,0.70848,0.222912,0.6556896,0.636768
2024/10/26,2024,10,26,,1.3824,0.749952,0.210816,0.6410016,0.729216
2024/10/27,2024,10,27,,1.34784,0.762912,0.20304,0.6287328,0.719712
2024/10/28,2024,10,28,,1.33056,0.752544,0.201312,0.6189696,0.679104
2024/10/29,2024,10,29,,1.30464,0.707616,0.195264,0.6092064,0.654912
2024/10/30,2024,10,30,,1.28736,0.461376,0.209088,0.6018624,0.648
2024/10/31,2024,10,31,,1.34784,0.482112,0.205632,0.5945184,0.637632
2024/11/1,2024,11,1,,1.3392,0.593568,0.201312,0.5895936,0.619488
2024/11/2,2024,11,2,,1.33056,0.70416,0.196992,0.5822496,0.590976
2024/11/3,2024,11,3,,1.32192,0.664416,0.192672,0.5774112,0.577152
2024/11/4,2024,11,4,,1.30464,0.624672,0.188352,0.5700672,0.565056
2024/11/5,2024,11,5,,1.296,0.628128,0.184032,0.5627232,0.546912
2024/11/6,2024,11,6,,1.28736,0.614304,0.179712,0.5577984,0.526176
2024/11/7,2024,11,7,,1.27872,0.601344,0.175392,0.55296,0.50544
2024/11/8,2024,11,8,,1.27008,0.588384,0.171072,0.5480352,0.495936
2024/11/9,2024,11,9,,1.26144,0.57456,0.166752,0.5431104,0.4968
2024/11/10,2024,11,10,,1.2528,0.5616,0.163296,0.538272,0.501984
2024/11/11,2024,11,11,,1.24416,0.547776,0.158976,0.5357664,0.503712
2024/11/12,2024,11,12,,1.22688,0.540864,0.154656,0.5333472,0.501984
2024/11/13,2024,11,13,,1.21824,0.533088,0.150336,0.5284224,0.502848
2024/11/14,2024,11,14,,1.20096,0.525312,0.146016,0.523584,0.508032
2024/11/15,2024,11,15,,1.19232,0.5184,0.141696,0.5210784,0.515808
2024/11/16,2024,11,16,,1.18368,0.510624,0.137376,0.51624,0.516672
2024/11/17,2024,11,17,,1.1664,0.503712,0.133056,0.51624,0.513216
2024/11/18,2024,11,18,,1.15776,0.495936,0.128736,0.5138208,0.50976
2024/11/19,2024,11,19,,1.14048,0.489024,0.124416,0.5113152,0.508896
2024/11/20,2024,11,20,,1.13184,0.486432,0.12096,0.508896,0.508896
2024/11/21,2024,11,21,,1.13184,0.48384,0.120096,0.5064768,0.507168
2024/11/22,2024,11,22,,1.13184,0.481248,0.119232,0.5039712,0.503712
2024/11/23,2024,11,23,,1.1232,0.478656,0.118368,0.501552,0.4968
2024/11/24,2024,11,24,,1.1232,0.476064,0.117504,0.4991328,0.482112
2024/11/25,2024,11,25,,1.1232,0.49248,0.11664,0.4966272,0.459648
2024/11/26,2024,11,26,,1.11456,0.508896,0.115776,0.494208,0.435456
2024/11/27,2024,11,27,,1.11456,0.525312,0.114912,0.494208,0.411264
2024/11/28,2024,11,28,,1.11456,0.541728,0.114048,0.4917888,0.389664
2024/11/29,2024,11,29,,1.11456,0.559008,0.113184,0.4892832,0.37152
2024/11/30,2024,11,30,,1.10592,0.577152,0.11232,0.486864,0.355968
2024/12/1,2024,12,1,,1.10592,0.595296,0.111456,0.4844448,0.343008
2024/12/2,2024,12,2,,1.10592,0.61344,0.110592,0.47952,0.333504
2024/12/3,2024,12,3,,1.10592,0.632448,0.109728,0.4745952,0.326592
2024/12/4,2024,12,4,,1.09728,0.650592,0.108864,0.4697568,0.324
2024/12/5,2024,12,5,,1.09728,0.654912,0.108,0.4673376,0.324864
2024/12/6,2024,12,6,,1.09728,0.660096,0.107136,0.464832,0.32832
2024/12/7,2024,12,7,,1.09728,0.664416,0.106272,0.4599936,0.329184
2024/12/8,2024,12,8,,1.08864,0.6696,0.105408,0.4550688,0.33264
2024/12/9,2024,12,9,,1.08864,0.674784,0.104544,0.4526496,0.337824
2024/12/10,2024,12,10,,1.08864,0.663552,0.10368,0.4477248,0.349056
2024/12/11,2024,12,11,,1.08864,0.65232,0.102816,0.4428,0.361152
2024/12/12,2024,12,12,,1.08,0.641088,0.101952,0.4403808,0.374112
2024/12/13,2024,12,13,,1.08,0.629856,0.101088,0.435456,0.387072
2024/12/14,2024,12,14,,1.08,0.618624,0.100224,0.4330368,0.400032
2024/12/15,2024,12,15,,1.08,0.609984,0.09936,0.4306176,0.411264
2024/12/16,2024,12,16,,1.07136,0.601344,0.098496,0.428112,0.421632
2024/12/17,2024,12,17,,1.07136,0.592704,0.097632,0.4232736,0.431136
2024/12/18,2024,12,18,,1.07136,0.5832,0.096768,0.420768,0.438912
2024/12/19,2024,12,19,,1.07136,0.57456,0.095904,0.4159296,0.446688
2024/12/20,2024,12,20,,1.06272,,0.09504,0.4135104,0.455328
2024/12/21,2024,12,21,,1.06272,,0.094176,0.4110048,0.463104
2024/12/22,2024,12,22,,1.06272,,0.093312,0.4085856,0.46656
2024/12/23,2024,12,23,,1.06272,,0.093312,0.4036608,0.470016
2024/12/24,2024,12,24,,1.05408,,0.092448,0.3988224,0.472608
2024/12/25,2024,12,25,,1.05408,,0.091584,0.3914784,0.4752
2024/12/26,2024,12,26,,1.05408,,0.091584,0.3865536,0.477792
2024/12/27,2024,12,27,,1.05408,,0.09072,0.3816288,0.47952
2024/12/28,2024,12,28,,1.04544,,,0.3767904,0.47952
2024/12/29,2024,12,29,,1.04544,,,0.3718656,0.480384
2024/12/30,2024,12,30,,1.04544,,,0.3670272,0.482112
2024/12/31,2024,12,31,,1.04544,,,0.3621024,0.482976
2025/1/1,2025,1,1,0.457056,1.04544,,0.0801792,0.3571776,0.279936
2025/1/2,2025,1,2,0.456192,1.04544,,0.0781056,0.3498336,0.2808
2025/1/3,2025,1,3,0.456192,1.04544,,0.076032,0.3449952,0.279936
2025/1/4,2025,1,4,0.455328,1.04544,,0.0739584,0.3400704,0.279072
2025/1/5,2025,1,5,0.454464,1.04544,,0.0718848,0.3376512,0.278208
2025/1/6,2025,1,6,0.454464,1.04544,,0.0698112,0.3351456,0.277344
2025/1/7,2025,1,7,0.4536,1.05408,,0.0676512,0.3303072,0.275616
2025/1/8,2025,1,8,0.452736,1.05408,,0.0655776,0.3229632,0.273888
2025/1/9,2025,1,9,0.452736,1.05408,,0.063504,0.3180384,0.273024
2025/1/10,2025,1,10,0.451872,1.05408,,0.0614304,0.3132,0.271296
2025/1/11,2025,1,11,0.451008,1.05408,,0.061344,0.3106944,0.269568
2025/1/12,2025,1,12,0.451008,1.05408,,0.061344,0.3082752,0.268704
2025/1/13,2025,1,13,0.450144,1.05408,,0.0612576,0.3033504,0.266976
2025/1/14,2025,1,14,0.44928,1.06272,,0.0611712,0.2960064,0.266112
2025/1/15,2025,1,15,0.44928,1.06272,,0.0611712,0.291168,0.265248
2025/1/16,2025,1,16,0.448416,1.06272,,0.0610848,0.2862432,0.265248
2025/1/17,2025,1,17,0.448416,1.06272,,0.0609984,0.2788992,0.26352
2025/1/18,2025,1,18,0.447552,1.06272,,0.0609984,0.2739744,0.261792
2025/1/19,2025,1,19,0.446688,1.06272,,0.060912,0.2667168,0.260928
2025/1/20,2025,1,20,0.446688,1.07136,,0.0608256,0.2642112,0.2592
2025/1/21,2025,1,21,0.445824,1.06272,,0.0601344,0.261792,0.258336
2025/1/22,2025,1,22,0.44496,1.06272,,0.0595296,0.2568672,0.258336
2025/1/23,2025,1,23,0.44496,1.06272,,0.0588384,0.254448,0.256608
2025/1/24,2025,1,24,0.444096,1.06272,,0.0581472,0.2520288,0.255744
2025/1/25,2025,1,25,0.443232,1.06272,,0.0575424,0.2495232,0.256608
2025/1/26,2025,1,26,0.443232,1.06272,,0.0568512,0.247104,0.258336
2025/1/27,2025,1,27,0.442368,1.06272,,0.05616,0.2434752,0.260928
2025/1/28,2025,1,28,0.441504,1.05408,,0.0554688,0.2402784,0.262656
2025/1/29,2025,1,29,0.441504,1.05408,,0.054864,0.2376,0.262656
2025/1/30,2025,1,30,0.44064,1.05408,,0.0541728,0.2333664,0.260928
2025/1/31,2025,1,31,0.439776,1.05408,,0.0534816,0.2280096,0.258336
2025/2/1,2025,2,1,0.439776,1.05408,,0.0517536,0.2236032,0.255744
2025/2/2,2025,2,2,0.438912,1.05408,,0.0500256,0.2197152,0.253152
2025/2/3,2025,2,3,0.438048,1.05408,,0.0482976,0.2147904,0.251424
2025/2/4,2025,2,4,0.438048,1.05408,,0.0465696,0.210384,0.249696
2025/2/5,2025,2,5,0.437184,1.06272,,0.0447552,0.2057184,0.249696
2025/2/6,2025,2,6,0.437184,1.06272,,0.0430272,0.2018304,0.249696
2025/2/7,2025,2,7,0.43632,1.06272,,0.0412992,0.199152,0.249696
2025/2/8,2025,2,8,0.435456,1.06272,,0.0395712,0.1971648,0.24624
2025/2/9,2025,2,9,0.435456,1.06272,,0.0378432,0.1955232,0.245376
2025/2/10,2025,2,10,0.434592,1.06272,,0.0361152,0.1950048,0.244512
2025/2/11,2025,2,11,0.433728,1.06272,,0.0368928,0.1940544,0.243648
2025/2/12,2025,2,12,0.433728,1.06272,,0.0377568,0.1927584,0.244512
2025/2/13,2025,2,13,0.432864,1.06272,,0.0385344,0.1893888,0.244512
2025/2/14,2025,2,14,0.432,1.06272,,0.0393984,0.1867104,0.242784
2025/2/15,2025,2,15,0.432,1.06272,,0.0402624,0.1842048,0.241056
2025/2/16,2025,2,16,0.431136,1.06272,,0.04104,0.1817856,0.241056
2025/2/17,2025,2,17,0.430272,1.06272,,0.041904,0.1797984,0.241056
2025/2/18,2025,2,18,0.430272,1.06272,,0.0426816,0.1780704,0.241056
2025/2/19,2025,2,19,0.429408,1.06272,,0.0435456,0.17712,0.241056
2025/2/20,2025,2,20,0.428544,1.07136,,0.0443232,0.1761696,0.239328
2025/2/21,2025,2,21,0.428544,1.07136,,0.0456192,0.175392,0.236736
2025/2/22,2025,2,22,0.42768,1.07136,,0.0470016,0.1741824,0.235008
2025/2/23,2025,2,23,0.426816,1.07136,,0.0482976,0.1741824,0.235872
2025/2/24,2025,2,24,0.426816,1.07136,,0.0495936,0.1741824,0.235872
2025/2/25,2025,2,25,0.425952,1.07136,,0.0508896,0.1739232,0.235872
2025/2/26,2025,2,26,0.425088,1.07136,,0.0521856,0.1739232,0.235872
2025/2/27,2025,2,27,0.425088,1.07136,,0.053568,0.1734912,0.235872
2025/2/28,2025,2,28,0.424224,1.08,,0.054864,0.1729728,0.235872
2025/3/1,2025,3,1,0.424224,1.07136,,0.0534816,0.1717632,0.236736
2025/3/2,2025,3,2,0.42336,1.07136,,0.0520992,0.1709856,0.236736
2025/3/3,2025,3,3,0.422496,1.07136,,0.0508032,0.1702944,0.236736
2025/3/4,2025,3,4,0.422496,1.07136,,0.0494208,0.169776,0.2376
2025/3/5,2025,3,5,0.421632,1.07136,,0.0480384,0.1695168,0.2376
2025/3/6,2025,3,6,0.420768,1.07136,,0.0467424,0.1690848,0.238464
2025/3/7,2025,3,7,0.420768,1.07136,,0.04536,0.1685664,0.238464
2025/3/8,2025,3,8,0.419904,1.07136,,0.0439776,0.168048,0.2376
2025/3/9,2025,3,9,0.41904,1.07136,,0.0426816,0.167616,0.235872
2025/3/10,2025,3,10,0.41904,1.07136,,0.0412992,0.1670976,0.235008
2025/3/11,2025,3,11,0.418176,1.06272,,0.0399168,0.1668384,0.235008
2025/3/12,2025,3,12,0.417312,1.06272,,0.0385344,0.1661472,0.235008
2025/3/13,2025,3,13,0.417312,1.06272,,0.0372384,0.1651104,0.235872
2025/3/14,2025,3,14,0.416448,1.06272,,0.035856,0.1646784,0.235872
2025/3/15,2025,3,15,0.415584,1.06272,,0.0344736,0.1639008,0.235008
2025/3/16,2025,3,16,0.415584,1.06272,,0.0331776,0.1626912,0.235008
2025/3/17,2025,3,17,0.41472,1.05408,,0.0317952,0.1614816,0.235008
2025/3/18,2025,3,18,0.413856,1.05408,,0.0304128,0.1609632,0.235008
2025/3/19,2025,3,19,0.413856,1.05408,,0.0291168,0.1605312,0.235872
2025/3/20,2025,3,20,0.412992,1.05408,,0.0277344,0.1600128,0.235872
2025/3/21,2025,3,21,0.412992,1.05408,,0.026352,0.1597536,0.236736
2025/3/22,2025,3,22,0.412128,1.06272,,0.025056,0.1597536,0.2376
2025/3/23,2025,3,23,0.411264,1.06272,,0.0236736,0.1594944,0.2376
2025/3/24,2025,3,24,0.411264,1.07136,,0.0222912,0.1590624,0.2376
2025/3/25,2025,3,25,0.4104,1.07136,,0.0209088,0.158544,0.2376
2025/3/26,2025,3,26,0.409536,1.07136,,0.0209952,0.1582848,0.238464
2025/3/27,2025,3,27,0.409536,1.08,,0.0209952,0.1580256,0.238464
2025/3/28,2025,3,28,0.408672,1.08,,0.0209952,0.1577664,0.238464
2025/3/29,2025,3,29,0.407808,1.08864,,0.0210816,0.1577664,0.239328
2025/3/30,2025,3,30,0.407808,1.08864,,0.0210816,0.1575936,0.239328
2025/3/31,2025,3,31,0.406944,1.09728,,0.0210816,0.1575936,0.239328
2025/4/1,2025,4,1,0.40608,1.09728,,0.0209088,0.1573344,0.240192
2025/4/2,2025,4,2,0.40608,1.09728,,0.0206496,0.1573344,0.24192
2025/4/3,2025,4,3,0.405216,1.09728,,0.0203904,0.1573344,0.242784
2025/4/4,2025,4,4,0.405216,1.09728,,0.0202176,0.1570752,0.245376
2025/4/5,2025,4,5,0.408672,1.09728,,0.0199584,0.156816,0.24624
2025/4/6,2025,4,6,0.409536,1.09728,,0.0197856,0.1565568,0.247104
2025/4/7,2025,4,7,0.408672,1.09728,,0.0195264,0.1562976,0.248832
2025/4/8,2025,4,8,0.409536,1.09728,,0.0193536,0.1561248,0.248832
2025/4/9,2025,4,9,0.409536,1.09728,,0.0190944,0.1558656,0.249696
2025/4/10,2025,4,10,0.408672,1.10592,,0.0189216,0.1556064,0.25056
2025/4/11,2025,4,11,0.408672,1.09728,,0.0192672,0.1553472,0.251424
2025/4/12,2025,4,12,0.412992,1.09728,,0.0196128,0.155088,0.251424
2025/4/13,2025,4,13,0.412992,1.09728,,0.0200448,0.1548288,0.252288
2025/4/14,2025,4,14,0.412992,1.09728,,0.0203904,0.154656,0.252288
2025/4/15,2025,4,15,0.412992,1.09728,,0.020736,0.1543968,0.252288
2025/4/16,2025,4,16,0.416448,1.08864,,0.021168,0.1543968,0.253152
2025/4/17,2025,4,17,0.417312,1.08864,,0.0215136,0.1543968,0.254016
2025/4/18,2025,4,18,0.417312,1.11456,,0.0218592,0.1543968,0.256608
2025/4/19,2025,4,19,0.417312,1.11456,,0.0222048,0.1543968,0.2592
2025/4/20,2025,4,20,0.42336,1.11456,,0.0226368,0.154656,0.260928
2025/4/21,2025,4,21,0.430272,1.1232,,0.0229824,0.155088,0.264384
2025/4/22,2025,4,22,0.438912,1.13184,,0.023328,0.1558656,0.268704
2025/4/23,2025,4,23,0.451008,1.14048,,0.0236736,0.1565568,0.275616
2025/4/24,2025,4,24,0.459648,1.14912,,0.0241056,0.1575936,0.28512
2025/4/25,2025,4,25,0.476928,1.15776,,0.0244512,0.1577664,0.296352
2025/4/26,2025,4,26,0.494208,1.17504,,0.0247968,0.1588032,0.309312
2025/4/27,2025,4,27,0.508032,1.19232,,0.0252288,0.1597536,0.31968
2025/4/28,2025,4,28,0.521856,1.20096,,0.0255744,0.1617408,0.33264
2025/4/29,2025,4,29,0.54432,1.2096,,0.02592,0.162432,0.343008
2025/4/30,2025,4,30,0.564192,1.23552,,0.0262656,0.1629504,0.350784
2025/5/1,2025,5,1,0.584928,1.2528,,0.0285984,0.16416,0.35856
2025/5/2,2025,5,2,0.618624,1.27008,,0.0281664,0.1664064,0.368064
2025/5/3,2025,5,3,0.653184,1.30464,,0.0303264,0.1688256,0.376704
2025/5/4,2025,5,4,0.692928,1.32192,,0.0297216,0.171504,0.38448
2025/5/5,2025,5,5,0.73872,1.35648,,0.0333504,0.1744416,0.393984
2025/5/6,2025,5,6,0.770688,1.37376,,0.0336096,0.1783296,0.40176
2025/5/7,2025,5,7,0.80784,1.39104,,0.0396576,0.1832544,0.4104
2025/5/8,2025,5,8,0.85536,1.41696,,0.0400896,0.1908576,0.419904
2025/5/9,2025,5,9,0.93312,1.45152,,0.0454464,0.2084832,0.438048
2025/5/10,2025,5,10,1.01952,1.48608,,0.046656,0.2667168,0.458784
2025/5/11,2025,5,11,1.09728,1.52928,,0.0516672,0.3914784,0.482112
2025/5/12,2025,5,12,1.35648,1.57248,,0.0498528,0.5822496,0.50976
2025/5/13,2025,5,13,1.27008,1.63296,,0.0559008,0.8049024,0.543456
2025/5/14,2025,5,14,1.35648,1.70208,,0.069552,1.0666944,0.584064
2025/5/15,2025,5,15,1.45152,1.75392,1.00224,0.0768096,1.3578624,0.632448
2025/5/16,2025,5,16,1.47744,1.8576,1.20096,0.0744768,1.467936,0.703296
2025/5/17,2025,5,17,1.5984,1.96992,1.4688,0.0781056,1.4337216,0.802656
2025/5/18,2025,5,18,1.71936,2.22048,2.6784,0.0817344,1.3749696,0.89856
2025/5/19,2025,5,19,2.28096,2.64384,2.91168,0.0853632,1.3309056,0.97632
2025/5/20,2025,5,20,2.60928,3.81024,2.9376,0.0822528,1.3040352,1.02816
2025/5/21,2025,5,21,2.71296,3.14496,3.12768,0.104544,1.2844224,1.06272
2025/5/22,2025,5,22,2.81664,3.72384,3.72384,0.209952,1.2673152,1.14912
2025/5/23,2025,5,23,2.86848,4.45824,4.48416,0.247104,1.2551328,1.63296
2025/5/24,2025,5,24,2.84256,5.79744,5.49504,0.312768,1.2477888,
2025/5/25,2025,5,25,2.83392,7.09344,8.32032,0.385344,1.2379392,
2025/5/26,2025,5,26,2.8512,8.08704,11.1456,0.632448,1.228176,
2025/5/27,2025,5,27,2.88576,7.15392,12.0096,0.759456,1.220832,
2025/5/28,2025,5,28,2.90304,8.62272,11.8368,1.08,1.213488,
2025/5/29,2025,5,29,2.92032,9.4176,12.1824,1.2528,1.213488,
2025/5/30,2025,5,30,2.94624,9.7632,10.7136,1.6416,1.2110688,
2025/5/31,2025,5,31,3.08448,9.4176,10.368,2.4624,1.2184128,
2025/6/1,2025,6,1,3.1104,9.4176,10.1088,2.16,1.2477888,
2025/6/2,2025,6,2,3.10176,8.8128,9.936,2.09952,1.2844224,
2025/6/3,2025,6,3,3.14496,8.8128,9.6768,2.01312,1.3382496,
2025/6/4,2025,6,4,3.18816,8.43264,9.4176,1.9872,1.3994208,
2025/6/5,2025,6,5,3.21408,8.36352,9.2448,1.9872,1.4484096,
2025/6/6,2025,6,6,3.21408,8.17344,8.9856,1.95264,1.4923872,
2025/6/7,2025,6,7,3.21408,7.65504,8.7264,1.88352,1.5291072,
2025/6/8,2025,6,8,3.25728,7.62912,8.51904,1.8144,1.5633216,
2025/6/9,2025,6,9,3.26592,7.58592,8.28576,1.73664,1.5805152,
2025/6/10,2025,6,10,3.27456,7.56864,8.06112,1.71072,1.5926976,
2025/6/11,2025,6,11,3.2832,7.54272,7.82784,1.61568,1.6000416,
2025/6/12,2025,6,12,3.30048,7.5168,7.59456,1.56384,1.6000416,
2025/6/13,2025,6,13,3.2832,7.46496,7.36128,1.49472,1.5952032,
2025/6/14,2025,6,14,3.30912,7.32672,7.13664,1.43424,1.5853536,
2025/6/15,2025,6,15,3.31776,7.11936,6.90336,1.39968,1.5755904,
2025/6/16,2025,6,16,3.3264,7.00704,6.67008,1.3392,1.5609024,
2025/6/17,2025,6,17,3.33504,6.98976,6.4368,1.296,1.5462144,
2025/6/18,2025,6,18,3.33504,6.71328,6.21216,1.2528,1.5291072,
2025/6/19,2025,6,19,2.9376,4.04352,5.97888,1.23552,1.519344,1.01952
2025/6/20,2025,6,20,3.23136,5.77152,5.7456,1.21824,1.5144192,1.02816
2025/6/21,2025,6,21,3.24,4.69152,5.51232,1.19232,1.5094944,1.02816
2025/6/22,2025,6,22,3.24,5.47776,5.28768,1.07136,1.512,1.0368
2025/6/23,2025,6,23,3.18816,6.46272,5.0544,1.19232,1.512,1.0368
2025/6/24,2025,6,24,3.24,4.63104,5.3136,0.9072,1.5144192,1.02816
2025/6/25,2025,6,25,3.25728,4.51008,5.08896,0.849312,1.5094944,1.01088
2025/6/26,2025,6,26,3.22272,4.33728,5.00256,0.828576,1.5094944,1.01952
2025/6/27,2025,6,27,3.22272,4.37184,5.04576,0.824256,1.5070752,1.02816
2025/6/28,2025,6,28,3.21408,4.29408,5.08032,0.818208,1.4997312,1.0368
2025/6/29,2025,6,29,3.21408,4.12992,5.12352,0.81216,1.4997312,1.04544
2025/6/30,2025,6,30,3.1968,4.0176,5.21856,0.797472,1.497312,1.06272
2025/7/1,2025,7,1,3.18816,4.09536,5.33088,0.793152,1.497312,1.06272
2025/7/2,2025,7,2,3.18816,4.06944,5.3136,0.7776,1.4948928,1.07136
2025/7/3,2025,7,3,3.18816,4.06944,5.08896,0.76896,1.4923872,1.07136
2025/7/4,2025,7,4,3.18816,3.92256,4.86432,0.78192,1.4850432,1.08
2025/7/5,2025,7,5,3.18816,3.66336,4.752,0.784512,1.4703552,1.07136
2025/7/6,2025,7,6,3.18816,3.5424,4.63104,0.79056,1.4630112,1.06272
2025/7/7,2025,7,7,3.18816,3.35232,4.93344,0.793152,1.453248,1.05408
2025/7/8,2025,7,8,3.17088,2.96352,4.74336,0.78192,1.43856,1.06272
2025/7/9,2025,7,9,3.17088,2.90304,4.71744,0.793152,1.4214528,1.0368
2025/7/10,2025,7,10,3.16224,2.81664,4.74336,0.80352,1.4067648,1.00224
2025/7/11,2025,7,11,3.16224,2.69568,4.71744,0.801792,1.3920768,0.97632
2025/7/12,2025,7,12,3.16224,2.592,4.59648,0.78192,1.3627008,0.98496
2025/7/13,2025,7,13,3.11904,2.48832,4.17312,0.754272,1.3407552,0.97632
2025/7/14,2025,7,14,3.1104,2.36736,3.74976,0.7344,1.3088736,0.96768
2025/7/15,2025,7,15,3.10176,2.35008,3.55104,0.72576,1.2770784,0.96768
2025/7/16,2025,7,16,3.10176,2.35008,3.52512,0.706752,1.2599712,0.95904
2025/7/17,2025,7,17,3.10176,2.35008,3.3264,0.68688,1.242864,0.94176
2025/7/18,2025,7,18,3.10176,2.35008,3.3264,0.667872,1.2184128,0.93312
2025/7/19,2025,7,19,3.10176,2.35008,3.57696,0.648,1.1988,0.91584
2025/7/20,2025,7,20,3.09312,2.34144,3.65472,0.628992,1.1792736,0.9072
2025/7/21,2025,7,21,3.09312,2.34144,3.73248,0.609984,1.1548224,0.89856
2025/7/22,2025,7,22,3.09312,2.34144,3.78432,0.590112,1.1425536,0.89856
2025/7/23,2025,7,23,3.09312,2.34144,4.02624,0.571104,1.1254464,0.9072
2025/7/24,2025,7,24,3.1104,2.5488,4.19904,0.533952,1.1083392,0.91584
2025/7/25,2025,7,25,3.10176,2.56608,4.31136,0.506304,1.0887264,0.9072
2025/7/26,2025,7,26,3.10176,2.56608,4.33728,0.4968,1.0691136,0.89856
2025/7/27,2025,7,27,3.09312,2.49696,4.38048,0.482976,1.047168,0.87264
2025/7/28,2025,7,28,3.08448,2.5056,4.42368,0.467424,1.025136,0.853632
2025/7/29,2025,7,29,3.08448,2.47104,4.11264,0.461376,1.0080288,0.843264
2025/7/30,2025,7,30,3.03264,2.55744,4.09536,0.486432,0.9908352,0.853632
2025/7/31,2025,7,31,3.04992,2.54016,3.9312,0.49248,0.973728,0.864
2025/8/1,2025,8,1,3.03264,2.47968,3.76704,0.495072,0.95904,0.854496
2025/8/2,2025,8,2,2.99808,2.64384,3.70656,0.512352,0.9468576,0.844128
2025/8/3,2025,8,3,2.99808,2.62656,3.48192,0.516672,0.937008,0.841536
2025/8/4,2025,8,4,2.99808,2.592,3.4128,0.5184,0.929664,0.851904
2025/8/5,2025,8,5,2.98944,2.592,3.2832,0.53568,0.9272448,0.864
2025/8/6,2025,8,6,2.98944,2.58336,3.14496,0.551232,0.9272448,0.856224
2025/8/7,2025,8,7,2.97216,2.2464,3.1536,0.549504,0.9272448,0.85536
2025/8/8,2025,8,8,2.95488,2.18592,3.14496,0.55728,0.929664,0.838944
2025/8/9,2025,8,9,2.92896,2.16864,3.24,0.546048,0.937008,0.830304
2025/8/10,2025,8,10,2.88576,2.16864,3.21408,0.541728,0.9395136,0.848448
2025/8/11,2025,8,11,2.85984,2.10816,3.1968,0.532224,0.9321696,0.9072
2025/8/12,2025,8,12,2.82528,2.0736,3.23136,0.530496,0.9272448,0.93312
2025/8/13,2025,8,13,2.77344,2.0736,3.26592,0.512352,0.9321696,0.92448
2025/8/14,2025,8,14,2.73888,2.06496,3.29184,0.504576,0.9395136,0.89856
2025/8/15,2025,8,15,2.69568,2.06496,3.33504,0.520128,0.937008,0.88128
2025/8/16,2025,8,16,2.66976,2.00448,3.37824,0.530496,0.9321696,0.87264
2025/8/17,2025,8,17,2.60928,1.99584,3.43008,0.547776,0.9248256,0.862272
2025/8/18,2025,8,18,2.5488,1.90944,3.37824,0.565056,0.9174816,0.854496
2025/8/19,2025,8,19,2.48832,1.88352,3.33504,0.571104,0.9125568,0.847584
2025/8/20,2025,8,20,2.40192,1.9008,3.22272,0.559008,0.9027936,0.831168
2025/8/21,2025,8,21,2.2896,1.92672,3.12768,0.532224,0.8930304,0.801792
2025/8/22,2025,8,22,2.16864,1.84896,3.1104,0.4968,0.8856864,0.785376
2025/8/23,2025,8,23,2.04768,1.8144,2.92896,0.482976,0.8783424,0.781056
2025/8/24,2025,8,24,1.96128,1.79712,2.74752,0.498528,0.8783424,0.79056
2025/8/25,2025,8,25,1.82304,1.78848,2.71296,0.516672,0.8758368,0.79056
2025/8/26,2025,8,26,1.71072,1.8144,2.66112,0.532224,0.8978688,0.779328
2025/8/27,2025,8,27,1.60704,1.78848,2.69568,0.565056,0.929664,0.784512
2025/8/28,2025,8,28,1.50336,1.79712,2.66112,0.637632,0.944352,0.772416
2025/8/29,2025,8,29,1.47744,1.80576,2.58336,0.698112,0.951696,0.75168
2025/8/30,2025,8,30,1.4688,1.86624,2.54016,0.756,0.9542016,0.739584
2025/8/31,2025,8,31,1.41696,1.9008,2.48832,0.801792,0.9639648,0.768096
2025/9/1,2025,9,1,1.34784,1.84896,2.43648,0.849312,0.9933408,0.739584
2025/9/2,2025,9,2,1.30464,1.84032,2.2464,1.038528,1.0299744,0.717984
2025/9/3,2025,9,3,1.26144,1.86624,,1.057536,1.0716192,0.711936
2025/9/4,2025,9,4,1.22688,1.87488,,1.07136,1.1254464,0.698112
2025/9/5,2025,9,5,,,,,1.1743488,0.690336
2025/9/6,2025,9,6,,,,,1.2257568,0.681696
2025/9/7,2025,9,7,,,,,1.279584,0.658368
2025/9/8,2025,9,8,,,,,1.3284864,0.641088
2025/9/9,2025,9,9,,,,,1.3700448,0.633312
2025/9/10,2025,9,10,,,,,1.4019264,0.634176
2025/9/11,2025,9,11,,,,,1.423872,0.628128
2025/9/12,2025,9,12,,,,,1.4361408,0.6264
2025/9/13,2025,9,13,,,,,1.4434848,0.62208
2025/9/14,2025,9,14,,,,,1.4484096,0.61344
2025/9/15,2025,9,15,,,,,1.4484096,0.603072
2025/9/16,2025,9,16,,,,,1.445904,0.598752
2025/9/17,2025,9,17,,,,,1.43856,0.59616
2025/9/18,2025,9,18,,,,,1.4287968,0.593568
2025/9/19,2025,9,19,,,,,1.4190336,0.605664
2025/9/20,2025,9,20,,,,,1.4116896,0.608256
2025/9/21,2025,9,21,,,,,1.4019264,0.60048
2025/9/22,2025,9,22,,,,,1.3896576,0.584928
2025/9/23,2025,9,23,,,,,1.3749696,0.571968
2025/9/24,2025,9,24,,,,,1.3652064,0.563328
2025/9/25,2025,9,25,,,,,1.3529376,0.57024
2025/9/26,2025,9,26,,,,,1.3334112,0.585792
2025/9/27,2025,9,27,,,,,1.3162176,0.606528
2025/9/28,2025,9,28,,,,,1.2966912,0.610848
2025/9/29,2025,9,29,,,,,1.2770784,0.605664
2025/9/30,2025,9,30,,,,,1.2526272,0.605664
2025/10/1,2025,10,1,,,,,1.2305952,0.59616
2025/10/2,2025,10,2,,,,,1.2085632,0.580608
2025/10/3,2025,10,3,,,,,1.184112,0.572832
2025/10/4,2025,10,4,,,,,1.1572416,0.571104
2025/10/5,2025,10,5,,,,,1.1449728,0.564192
2025/10/6,2025,10,6,,,,,1.1254464,0.554688
2025/10/7,2025,10,7,,,,,,0.552096
2025/10/8,2025,10,8,,,,,,0.550368
2025/10/9,2025,10,9,,,,,,0.555552
2025/10/10,2025,10,10,,,,,,0.565056
2025/10/11,2025,10,11,,,,,,0.58752
2025/10/12,2025,10,12,,,,,,0.590112
2025/10/13,2025,10,13,,,,,,0.571104
2025/10/14,2025,10,14,,,,,,0.571968
2025/10/15,2025,10,15,,,,,,0.563328
2025/10/16,2025,10,16,,,,,,0.559008
2025/10/17,2025,10,17,,,,,,0.559872
2025/10/18,2025,10,18,,,,,,0.55728
2025/10/19,2025,10,19,,,,,,0.553824
2025/10/20,2025,10,20,,,,,,0.551232
2025/10/21,2025,10,21,,,,,,0.549504
2025/10/22,2025,10,22,,,,,,0.546912
2025/10/23,2025,10,23,,,,,,0.539136
2025/10/24,2025,10,24,,,,,,0.533952
2025/10/25,2025,10,25,,,,,,0.528768
2025/10/26,2025,10,26,,,,,,0.514944
2025/10/27,2025,10,27,,,,,,0.502848
2025/10/28,2025,10,28,,,,,,0.497664
2025/10/29,2025,10,29,,,,,,0.498528
2025/10/30,2025,10,30,,,,,,0.499392
2025/10/31,2025,10,31,,,,,,0.507168
2025/11/1,2025,11,1,,,,,,0.512352
2025/11/2,2025,11,2,,,,,,0.515808
2025/11/3,2025,11,3,,,,,,0.516672
2025/11/4,2025,11,4,,,,,,0.506304
2025/11/5,2025,11,5,,,,,,0.500256
2025/11/6,2025,11,6,,,,,,0.527904
2025/11/7,2025,11,7,,,,,,0.53568
2025/11/8,2025,11,8,,,,,,0.554688
2025/11/9,2025,11,9,,,,,,0.599616
2025/11/10,2025,11,10,,,,,,0.66096
2025/11/11,2025,11,11,,,,,,0.733536
2025/11/12,2025,11,12,,,,,,
2025/11/13,2025,11,13,,,,,,0.89856
2025/11/14,2025,11,14,,,,,,
2025/11/15,2025,11,15,,,,,,
2025/11/16,2025,11,16,,,,,,0.735264
2025/11/17,2025,11,17,,,,,,0.689472
2025/11/18,2025,11,18,,,,,,0.67392
2025/11/19,2025,11,19,,,,,,0.655776
2025/11/20,2025,11,20,,,,,,0.624672
2025/11/21,2025,11,21,,,,,,0.594432
2025/11/22,2025,11,22,,,,,,0.575424
2025/11/23,2025,11,23,,,,,,0.569376
2025/11/24,2025,11,24,,,,,,0.576288
2025/11/25,2025,11,25,,,,,,0.590112
2025/11/26,2025,11,26,,,,,,0.603936
2025/11/27,2025,11,27,,,,,,0.612576
2025/11/28,2025,11,28,,,,,,
2025/11/29,2025,11,29,,,,,,
2025/11/30,2025,11,30,,,,,,0.603936
2025/12/1,2025,12,1,,,,,,0.589248
2025/12/2,2025,12,2,,,,,,0.571968
2025/12/3,2025,12,3,,,,,,0.554688
2025/12/4,2025,12,4,,,,,,0.537408
2025/12/5,2025,12,5,,,,,,0.520992
2025/12/6,2025,12,6,,,,,,0.50544
2025/12/7,2025,12,7,,,,,,
2025/12/8,2025,12,8,,,,,,
2025/12/9,2025,12,9,,,,,,
2025/12/10,2025,12,10,,,,,,
2025/12/11,2025,12,11,,,,,,
2025/12/12,2025,12,12,,,,,,
2025/12/13,2025,12,13,,,,,,
2025/12/14,2025,12,14,,,,,,
2025/12/15,2025,12,15,,,,,,
2025/12/16,2025,12,16,,,,,,
2025/12/17,2025,12,17,,,,,,
2025/12/18,2025,12,18,,,,,,
2025/12/19,2025,12,19,,,,,,
2025/12/20,2025,12,20,,,,,,
2025/12/21,2025,12,21,,,,,,
2025/12/22,2025,12,22,,,,,,
2025/12/23,2025,12,23,,,,,,
2025/12/24,2025,12,24,,,,,,
2025/12/25,2025,12,25,,,,,,
2025/12/26,2025,12,26,,,,,,
2025/12/27,2025,12,27,,,,,,
2025/12/28,2025,12,28,,,,,,
2025/12/29,2025,12,29,,,,,,
2025/12/30,2025,12,30,,,,,,
2025/12/31,2025,12,31,,,,,,
